시군구코드,시군구명,시간코드,외국인구분,남자0009수,남자1014수,남자1519수,남자2024수,남자2529수,남자3034수,남자3539수,남자4044수,남자4549수,남자5054수,남자5559수,남자6064수,남자6569수,여자0009수,여자1014수,여자1519수,여자2024수,여자2529수,여자3034수,여자3539수,여자4044수,여자4549수,여자5054수,여자5559수,여자6064수,여자6569수,연도_월_일
41590,화성시,12,외국인,9.38,92.88,1227.7,2549.38,2549.36,2551.66,1875.0,1227.97,1200.35,1092.36,687.48,344.12,76.71,9.63,31.68,487.51,783.48,1045.03,1076.71,933.9,783.88,789.01,509.98,374.15,176.4,56.01,20231218
41590,화성시,5,외국인,1.76,24.15,311.1,728.18,832.48,692.55,532.24,351.17,411.29,315.92,269.79,95.97,30.37,2.07,6.3,141.93,194.71,275.27,315.38,206.86,174.17,204.87,147.94,123.74,65.0,17.19,20231205
41590,화성시,13,외국인,9.16,56.02,959.36,1941.71,2007.93,2023.31,1466.63,1007.53,1230.62,973.52,678.83,289.16,57.56,15.51,18.86,388.9,588.01,810.32,880.73,759.97,673.43,604.92,457.34,337.72,133.68,61.08,20231204
41590,화성시,3,외국인,0.0,35.74,485.86,998.78,1052.58,804.14,505.6,239.37,263.35,204.38,119.23,62.76,26.8,4.08,24.22,178.74,268.3,310.42,327.96,206.56,223.09,193.14,162.86,114.12,77.59,17.51,20231230
41590,화성시,15,내국인,9379.46,7546.63,8079.7,10605.27,11962.79,11029.0,15380.25,15600.17,16247.33,14671.15,13257.05,8556.35,4302.74,9087.05,7040.71,6162.9,7396.36,9254.48,10604.39,14448.58,11908.84,11845.97,10185.37,9013.08,6691.21,3705.54,20231228
41590,화성시,16,외국인,5.54,83.26,1097.57,2070.23,2195.62,2130.23,1512.77,944.09,936.33,800.82,574.67,255.17,59.45,14.09,54.15,465.72,697.47,788.15,862.44,776.33,593.67,642.8,454.81,294.83,162.12,55.82,20231227
41590,화성시,9,외국인,1.69,53.07,610.78,1568.79,1666.09,1382.6,1039.0,571.16,569.12,503.37,350.53,127.28,71.43,5.71,14.45,235.26,462.32,498.62,482.23,433.65,343.23,365.19,288.99,195.99,148.09,43.76,20231210
41590,화성시,14,내국인,9930.3,7222.1,7242.62,11152.33,12440.85,11268.07,15276.14,15238.51,16767.27,15271.38,13822.76,8919.98,4560.08,9634.61,6959.74,5941.19,7198.24,8936.08,10110.64,14212.54,11826.14,12094.88,10205.19,9706.77,6951.5,3972.52,20231213
41590,화성시,11,외국인,9.38,66.32,935.88,1979.99,2202.69,2235.39,1754.64,1182.62,1340.69,1235.18,791.94,325.44,89.53,7.81,29.09,345.81,593.63,854.31,863.16,733.4,655.57,636.65,483.23,349.22,168.13,62.84,20231207
41590,화성시,3,외국인,3.45,33.9,342.56,825.13,850.89,686.07,419.41,232.81,263.34,166.05,108.47,50.72,10.17,8.23,16.61,180.59,253.39,286.45,317.09,193.16,185.05,182.94,131.65,86.09,37.05,18.48,20231202
41590,화성시,18,외국인,5.84,93.22,1233.07,2780.15,2870.59,2304.84,1190.96,575.58,615.62,452.98,284.99,141.64,46.86,15.2,49.74,384.59,630.54,758.98,818.31,543.9,429.66,447.15,345.08,243.51,132.57,57.74,20231209
41590,화성시,8,내국인,3917.64,3947.37,4473.54,7159.48,8056.82,8340.98,10848.9,10668.11,11267.28,9757.75,8197.69,5337.59,2498.83,3556.89,3627.12,4201.41,5319.26,6614.95,6729.62,8389.85,7633.59,7663.74,6523.79,5597.44,4228.0,2409.15,20231202
41590,화성시,11,외국인,3.84,85.14,1149.0,2241.85,2343.33,2281.2,1853.69,1178.87,1250.08,1096.71,854.72,404.36,77.7,10.31,49.22,422.67,701.04,893.33,941.89,784.0,662.18,614.69,452.22,362.98,211.97,62.89,20231227
41590,화성시,14,외국인,6.22,72.23,893.51,1783.27,1945.85,1925.06,1488.07,1046.21,1095.1,1035.39,642.31,290.62,79.85,8.02,27.83,371.78,607.87,768.57,848.94,705.64,561.69,599.83,466.65,274.85,157.64,74.03,20231206
41590,화성시,22,외국인,1.76,45.85,651.6,1395.7,1427.69,1194.46,732.62,400.07,403.39,289.22,197.86,75.71,33.95,8.15,25.35,258.94,423.72,524.53,438.97,329.08,239.76,265.46,226.03,122.57,66.84,25.11,20231212
41590,화성시,18,외국인,11.35,68.62,1091.24,2338.69,2477.56,2003.1,1254.08,754.41,763.51,529.2,369.18,179.58,57.45,8.01,54.8,512.06,659.33,756.81,863.05,684.48,627.16,552.32,393.42,219.48,131.47,40.12,20231222
41590,화성시,6,내국인,2796.65,2861.68,3453.95,6200.67,6989.4,7065.29,9577.65,9177.82,9653.34,8639.24,7429.79,4448.39,2000.51,2403.88,2477.68,2782.67,3621.56,4799.42,5103.21,6698.14,5749.93,5791.77,4822.21,4407.14,3027.29,1569.95,20231206
41590,화성시,2,내국인,2416.33,2565.51,3087.26,4565.2,4914.42,4893.41,6383.22,5490.66,4957.1,4124.66,3408.91,2106.12,1146.67,2358.6,2172.06,2658.84,3090.47,3767.41,4040.38,5568.96,4358.24,4046.49,3088.6,2769.74,2106.87,1211.82,20231205
41590,화성시,1,내국인,2991.08,3081.17,3320.35,5131.31,5500.95,5472.19,6729.24,5776.66,5143.02,4038.72,3445.12,2160.21,1283.1,2515.47,2747.55,3043.23,3723.66,4124.18,4463.35,5524.05,4949.75,4139.46,3340.98,2921.28,2078.27,1169.19,20231211
41590,화성시,6,외국인,1.86,15.94,442.97,1056.1,1139.33,1105.13,833.27,547.66,592.36,539.1,372.5,148.24,52.75,6.22,21.79,197.63,307.76,369.84,403.89,257.56,276.67,280.92,168.38,150.06,69.47,16.04,20231223
41590,화성시,16,외국인,5.52,73.54,987.94,2310.67,2339.3,1885.3,1210.17,763.12,741.56,593.48,392.63,168.15,44.74,8.01,38.63,405.54,521.96,706.36,854.95,547.08,466.08,451.71,365.45,249.84,133.68,46.6,20231202
41590,화성시,3,내국인,2724.69,2726.07,2961.72,4332.8,4599.09,4733.51,5820.23,5300.96,4853.79,3835.79,3181.97,2243.73,1210.94,2400.07,2180.84,2736.81,3242.11,3694.88,3887.68,5213.15,4172.85,4018.1,3080.85,2800.64,2063.7,1227.85,20231204
41590,화성시,4,외국인,1.76,20.28,303.36,643.21,713.68,573.45,427.24,203.54,222.3,151.11,145.9,51.23,10.15,6.15,4.08,102.26,180.22,270.0,250.02,173.61,160.04,181.98,132.14,73.3,57.61,13.98,20231204
41590,화성시,22,내국인,5356.57,6539.03,6906.15,9624.87,10447.98,9987.03,12547.12,10816.01,10036.76,7371.42,5662.5,3637.04,1767.23,5064.6,5790.61,5955.42,7032.97,8155.05,8138.21,10719.08,8598.23,7782.78,5706.73,4608.72,3325.35,1728.55,20231221
41590,화성시,12,외국인,5.14,44.2,1052.18,2515.95,2467.5,2044.05,1085.92,593.86,614.94,443.04,306.91,141.76,48.93,8.33,40.83,318.01,570.0,730.89,752.03,551.6,479.5,432.56,362.21,242.1,194.95,34.44,20231231
41590,화성시,15,내국인,9284.53,8522.55,6939.38,9232.98,10887.56,11061.08,14456.77,12888.39,13056.28,10451.44,9288.32,6161.29,3357.63,8237.72,7511.32,6798.56,8335.52,9637.07,10193.92,13633.77,11302.77,11218.74,9232.85,8168.16,5784.7,3197.3,20231203
41590,화성시,18,내국인,8802.98,9189.82,7681.42,10283.52,11373.83,11245.51,15663.7,13671.05,13144.67,10352.62,8282.72,5462.66,2852.32,8192.58,8277.61,7083.03,8749.8,10523.85,11000.05,14152.86,11405.7,10641.45,8523.11,7206.34,5019.31,2716.02,20231209
41590,화성시,21,외국인,3.71,45.02,835.99,1912.89,2088.18,1630.49,1023.19,525.56,533.49,345.33,243.95,147.46,51.01,12.23,47.23,436.6,558.57,635.79,684.42,464.82,401.05,348.65,268.86,205.32,121.21,17.05,20231222
41590,화성시,19,외국인,9.19,51.19,765.6,1820.89,1958.1,1657.18,1006.79,601.58,572.81,397.23,255.34,114.89,30.23,14.02,52.79,464.91,579.93,730.99,754.85,502.31,458.12,424.37,336.3,176.61,75.59,52.51,20231201
41590,화성시,8,외국인,1.7,49.44,756.09,1732.34,1747.21,1330.57,847.51,384.75,434.94,351.68,233.55,124.58,36.06,10.16,26.32,252.48,409.15,501.0,532.52,364.72,289.19,305.88,267.46,192.12,141.63,39.87,20231231
41590,화성시,12,내국인,8019.25,7642.45,6929.42,9578.77,10900.16,10896.18,15074.42,13739.4,14115.13,11390.11,10202.72,7206.64,3695.51,7124.85,6955.2,6635.95,8146.72,9840.87,10670.43,13972.15,11670.57,11784.29,9972.46,8946.14,6525.23,3822.97,20231203
41590,화성시,18,내국인,9750.9,8303.7,7197.16,10840.7,11851.65,11123.16,13892.27,13011.55,12833.73,10694.33,8558.45,5295.37,2719.12,9135.41,7581.38,6062.89,7939.05,9345.58,10042.56,13270.12,10832.04,10120.26,7802.77,6525.2,4569.33,2461.92,20231204
41590,화성시,5,내국인,3457.1,3701.93,4122.44,5596.68,5834.79,5638.25,7028.78,6503.42,6664.81,5276.32,4337.98,2888.26,1394.71,3157.71,3126.44,3730.02,4312.6,4742.55,4727.07,6252.9,4855.53,4797.18,3993.29,3455.03,2690.57,1412.96,20231223
41590,화성시,13,내국인,8247.56,7438.12,7262.07,10706.4,12594.57,11083.96,14530.45,14929.09,15381.13,14386.32,12596.87,8491.03,4358.21,7893.57,7034.67,6269.63,7123.2,8774.37,9960.36,13446.94,11968.34,11127.41,9564.26,8742.99,6381.44,3622.0,20231211
41590,화성시,9,내국인,7088.97,5643.32,5803.29,9543.61,10955.54,10156.86,13191.13,13750.35,14338.53,13631.66,12352.63,7826.73,3805.56,6835.87,5190.45,4999.74,5743.29,7353.57,8649.35,11762.11,10001.56,9804.26,8262.51,7740.47,5704.52,3197.17,20231205
41590,화성시,17,외국인,7.86,90.98,1196.72,2356.4,2581.37,2171.29,1483.52,945.16,921.22,606.59,476.34,153.8,65.36,14.06,49.24,470.1,689.04,839.31,853.58,715.59,638.05,633.38,431.73,255.65,148.36,32.62,20231228
41590,화성시,22,외국인,1.86,42.69,807.55,1964.38,1952.67,1462.34,900.62,421.36,331.61,269.64,235.29,109.87,38.19,14.38,41.36,308.13,456.2,585.55,600.94,415.49,299.26,296.16,256.5,146.09,92.73,29.22,20231224
41590,화성시,12,외국인,7.68,109.27,1244.16,2548.03,2605.35,2530.01,2002.14,1242.89,1377.75,1114.9,835.32,332.9,66.01,19.91,38.3,528.17,778.21,988.62,1071.04,874.11,790.47,752.79,483.84,362.5,193.77,63.16,20231226
41590,화성시,15,내국인,9759.02,6229.46,7077.4,10971.62,12245.9,11039.52,14850.46,15105.41,16149.57,14709.1,12813.73,8338.97,4211.49,8719.86,5604.54,5827.92,7114.09,8841.51,10517.36,13820.41,11420.06,11596.65,9828.83,8676.27,6567.31,3538.65,20231219
41590,화성시,22,외국인,2.07,64.59,737.05,1491.34,1504.78,1351.08,771.14,407.74,441.09,280.23,225.83,99.14,31.83,6.22,40.09,303.2,412.49,527.66,508.05,359.23,307.34,279.69,242.69,157.63,76.57,24.03,20231226
41590,화성시,11,내국인,8735.96,8171.21,7862.65,10889.79,12680.16,12188.49,15879.66,16729.69,18237.43,15912.79,14121.46,9664.24,4661.88,8188.06,7232.76,5946.16,7550.69,9271.49,10680.4,15159.34,12896.32,11890.94,10315.53,9366.63,7111.43,4186.48,20231229
41590,화성시,5,외국인,2.07,18.09,333.83,753.5,838.47,737.95,552.05,303.37,341.42,290.42,199.29,63.39,42.18,0.0,18.0,119.85,203.34,291.15,297.1,229.35,209.25,220.77,182.87,111.8,46.85,19.67,20231220
41590,화성시,1,외국인,2.07,22.07,356.41,738.93,819.16,726.87,459.71,224.02,205.28,183.67,124.64,46.48,17.87,4.08,13.58,141.27,205.16,283.49,270.03,230.42,157.41,178.4,119.23,89.81,51.71,20.36,20231215
41590,화성시,18,외국인,5.47,77.33,894.29,1899.39,2046.09,1829.08,1278.47,648.5,716.98,505.66,415.33,144.9,45.67,11.63,49.0,444.08,599.49,745.11,804.71,572.27,539.39,464.4,404.96,236.11,108.35,25.96,20231219
41590,화성시,1,외국인,3.93,14.06,357.6,692.65,856.73,741.35,478.76,220.65,244.02,198.75,142.49,64.7,24.08,4.15,11.35,118.47,225.55,326.47,253.51,209.44,183.87,177.99,134.24,92.7,42.16,18.24,20231219
41590,화성시,5,외국인,1.86,16.31,391.77,906.34,987.49,862.66,533.88,318.76,314.42,274.46,197.5,102.1,39.17,4.15,23.6,185.55,252.96,321.82,321.32,225.87,213.43,190.7,131.24,88.62,59.18,13.95,20231223
41590,화성시,13,외국인,11.35,50.02,917.23,2214.32,2279.56,2195.13,1454.88,989.3,1087.52,991.15,628.43,268.58,56.92,11.68,34.02,394.16,589.5,755.1,865.98,687.17,511.09,569.09,472.78,320.31,160.34,46.16,20231209
41590,화성시,2,내국인,3798.99,4513.92,5848.93,6419.8,6885.74,6286.92,7636.41,6886.89,6472.37,4892.2,4058.16,2811.26,1495.7,3547.61,3504.61,4680.5,5559.9,5768.14,5594.42,6950.89,5482.21,5340.0,4325.83,3822.84,2609.21,1502.89,20231231
41590,화성시,18,외국인,7.4,48.45,803.17,1769.87,1832.73,1732.92,1088.09,679.44,680.68,492.86,327.4,138.64,41.49,7.84,26.26,367.57,572.09,707.89,783.89,628.0,498.91,530.6,397.12,231.02,101.24,31.44,20231207
41590,화성시,4,내국인,2629.11,2472.72,3045.04,4584.56,4956.21,4868.02,6239.64,5828.84,5466.59,4512.61,3604.25,2486.98,1300.53,2209.93,2160.62,2555.45,3066.78,3766.61,3917.75,5408.8,4519.57,4215.69,3415.97,3013.85,2088.64,1192.47,20231214
41590,화성시,4,내국인,3752.48,4116.27,4966.35,5873.45,6183.84,5940.46,7242.95,6492.83,6060.71,4742.01,3866.92,2833.41,1409.98,3357.29,3293.07,4461.34,5674.53,5702.75,5273.82,6522.77,5095.25,4943.03,4101.45,3571.78,2662.74,1420.77,20231225
41590,화성시,3,내국인,2736.38,2575.58,2945.56,4439.76,4745.66,4892.43,6056.22,5459.95,4954.94,3957.36,3431.91,2180.7,1223.97,2452.45,2371.66,2866.05,3307.34,3854.3,4039.05,5097.96,4434.51,3806.78,3187.33,2742.46,2027.99,1145.04,20231211
41590,화성시,15,내국인,10281.49,7062.8,6980.38,10218.85,11585.88,10630.88,14217.93,14869.36,15544.93,14212.16,12825.47,8228.05,4203.41,9893.84,6844.49,6152.71,6773.8,8671.71,9865.79,13183.17,10979.07,11113.78,9769.73,8804.71,6341.97,3665.01,20231204
41590,화성시,20,외국인,3.93,57.14,977.68,1919.68,1964.29,1684.0,982.8,577.36,539.88,369.02,281.05,133.87,27.94,9.87,40.82,407.52,503.43,656.35,691.27,577.96,413.08,451.75,336.66,201.21,105.17,27.79,20231227
41590,화성시,5,내국인,3082.19,3014.11,3320.32,5185.1,5706.89,5618.66,7032.61,6661.07,6560.07,5448.83,4465.28,2977.17,1479.29,2617.66,2806.78,3000.56,3904.71,4373.22,4707.37,5586.51,4787.31,4472.54,3996.6,3530.3,2475.34,1458.26,20231209
41590,화성시,8,외국인,5.4,58.24,677.29,1606.2,1608.16,1557.45,1188.62,776.1,702.57,720.13,486.79,213.23,47.21,10.3,28.67,211.61,390.32,538.37,481.26,394.35,367.67,387.6,300.72,210.74,96.06,35.11,20231216
41590,화성시,23,내국인,4710.27,6093.83,6805.65,8077.14,8814.37,8990.32,10755.91,8846.12,8246.98,5982.53,5091.1,3214.99,1706.22,4600.11,4918.32,6085.97,8021.96,8120.43,7662.91,9734.91,7217.64,6816.12,5320.35,4507.46,3306.95,1816.99,20231224
41590,화성시,9,내국인,7514.06,6425.91,6512.71,9786.1,11172.61,10371.88,13742.02,13844.67,14770.94,13765.48,12060.35,7858.32,3978.52,7123.37,5662.77,5275.94,6248.24,7699.22,8835.71,11625.5,9936.15,9369.61,8270.22,7642.01,5574.99,3226.53,20231226
41590,화성시,8,외국인,5.54,74.87,795.05,1790.12,1841.33,1752.93,1593.44,984.99,1111.24,952.61,623.81,255.33,64.14,13.9,22.55,319.23,492.59,778.05,875.14,651.54,548.96,561.26,433.33,291.18,122.21,45.23,20231208
41590,화성시,21,내국인,5709.69,7110.82,6286.31,8880.42,9899.32,9985.65,12044.8,10443.71,9345.87,7214.23,5716.55,3625.37,1809.36,5078.76,6336.99,5663.29,7338.83,8222.64,8573.93,10483.66,8550.8,7538.31,5889.61,4912.89,3380.74,1825.43,20231210
41590,화성시,14,외국인,18.39,84.08,902.75,2253.14,2228.49,2009.2,1357.95,847.24,783.31,709.7,502.77,196.2,50.67,17.2,48.12,307.78,527.29,792.61,717.09,607.27,487.47,508.67,421.96,292.6,166.97,66.02,20231216
41590,화성시,17,외국인,9.24,85.5,1265.73,2731.57,2895.78,2305.07,1359.71,686.07,687.2,476.14,329.35,195.32,61.42,13.6,45.35,400.43,623.67,828.22,842.25,609.74,482.21,466.7,348.39,234.43,169.12,53.54,20231209
41590,화성시,0,외국인,2.07,16.52,317.0,595.34,722.33,677.69,409.23,229.11,211.64,160.89,111.41,62.9,16.35,4.15,15.5,101.45,215.32,291.2,239.89,218.08,158.52,171.63,122.01,68.61,37.63,15.87,20231219
41590,화성시,19,외국인,0.0,63.62,1227.13,2799.51,2792.38,2175.69,1211.22,578.0,595.17,369.37,293.15,124.03,38.86,17.95,49.37,438.22,603.71,760.33,772.75,543.62,422.23,396.69,330.66,222.69,137.11,30.12,20231230
41590,화성시,19,내국인,8728.29,8068.62,7761.55,11585.96,12977.54,12092.29,15043.16,14102.43,13453.77,10287.56,8168.43,4868.9,2466.88,8294.91,7007.15,6311.02,8522.47,9628.38,9860.67,13191.9,11198.04,10069.31,7882.21,6523.89,4092.42,2201.73,20231214
41590,화성시,0,외국인,0.0,25.72,260.93,610.61,647.99,640.19,399.93,216.85,246.78,144.07,90.47,39.39,29.55,4.08,10.04,115.78,171.98,289.14,281.42,215.52,135.06,159.16,122.23,71.62,37.32,18.4,20231207
41590,화성시,6,외국인,2.07,45.94,441.8,1006.04,1110.48,1117.55,908.0,641.25,810.82,762.74,484.22,165.33,57.32,0.0,12.22,189.96,284.16,379.85,389.99,329.92,298.28,326.06,243.11,163.17,53.75,36.1,20231208
41590,화성시,5,외국인,1.7,46.97,672.82,1478.95,1462.66,1105.56,612.59,311.09,292.22,202.2,155.94,85.46,34.3,9.99,28.51,194.17,364.51,367.03,394.39,256.89,192.94,188.74,159.58,133.56,93.79,20.24,20231231
41590,화성시,10,외국인,5.91,52.16,813.44,1719.0,1988.96,1801.58,1423.5,1033.8,1059.36,1002.79,782.46,275.81,63.0,11.97,28.83,316.48,583.76,765.37,782.59,681.31,578.97,526.47,394.98,310.14,150.81,72.57,20231201
41590,화성시,3,외국인,3.93,30.16,495.95,1177.96,1193.21,872.85,476.09,275.1,175.81,183.16,144.52,68.95,35.6,4.15,30.5,183.88,282.04,319.71,282.92,240.01,185.37,180.85,142.14,101.55,42.1,21.67,20231225
41590,화성시,9,외국인,3.54,50.77,659.86,1581.2,1695.05,1308.33,890.11,513.48,545.64,430.42,291.66,156.96,53.94,10.23,27.44,246.92,351.89,522.68,551.86,378.19,402.1,368.02,304.03,207.47,99.85,41.26,20231224
41590,화성시,13,내국인,8089.15,7616.45,7899.2,11863.39,13075.33,11645.84,15554.17,15934.63,16900.63,15713.33,14382.05,9374.29,4487.53,7679.29,7146.99,6725.68,7282.51,9218.17,10567.81,14020.67,12391.8,12028.48,10610.31,9562.18,6773.96,3949.15,20231212
41590,화성시,4,내국인,3272.95,3568.7,4053.38,5607.53,5840.16,5659.94,6889.08,6166.26,5972.21,4684.2,3980.48,2597.51,1410.14,3168.87,3123.46,3673.59,4678.39,5128.17,4916.2,6240.77,5087.29,4532.37,3788.92,3644.65,2519.71,1374.44,20231217
41590,화성시,8,내국인,7531.87,6311.56,6209.01,9225.68,10444.3,9806.33,12657.49,12959.32,13674.9,12212.23,10611.62,6882.72,3164.9,7207.49,5686.28,4974.41,5926.61,6989.05,7795.59,10202.54,8848.48,8507.9,7206.2,6628.73,4819.7,2629.27,20231226
41590,화성시,1,내국인,2524.32,2980.35,3365.96,5172.38,5405.53,5364.22,6835.45,5825.73,5227.97,4178.11,3458.18,2181.93,1242.53,2336.38,2497.38,2773.71,3338.57,4074.08,4368.06,5845.13,4700.11,4202.23,3285.41,2841.24,2150.25,1249.82,20231205
41590,화성시,8,내국인,8030.75,5896.57,5003.79,9471.09,10478.39,9623.87,12582.26,12596.86,13382.31,12431.97,10745.31,6725.33,3144.2,7470.93,5142.4,3629.77,5369.21,6610.01,7360.08,9905.91,8659.66,8188.79,7138.02,6380.16,4838.08,2593.07,20231214
41590,화성시,21,내국인,6597.44,7983.35,6754.92,10383.13,11542.35,10741.13,13416.51,12285.75,11003.39,8232.42,6197.61,3808.36,1786.88,6070.95,6880.93,5874.74,7587.33,8808.89,8825.03,11383.75,9475.12,8457.27,6194.55,5190.21,3473.22,1681.09,20231207
41590,화성시,13,외국인,7.4,75.82,975.58,2018.97,2012.95,2013.88,1477.63,1081.75,1172.39,1097.29,693.48,270.97,86.58,13.1,37.76,423.92,655.76,921.34,917.18,762.4,647.13,677.73,480.17,377.57,159.6,86.6,20231208
41590,화성시,11,내국인,7974.24,6451.48,6918.1,11568.04,13691.14,12260.23,16398.62,16157.53,17509.2,15929.13,13771.2,8668.17,4292.59,7542.73,5903.59,5252.35,7478.15,9271.18,10804.35,14026.25,11695.77,11625.49,9671.62,8897.18,6409.99,3430.12,20231221
41590,화성시,9,외국인,0.0,59.59,631.64,1693.46,1745.93,1509.24,1196.39,651.15,772.39,653.92,444.32,199.28,62.51,6.08,28.11,294.0,392.11,570.95,537.64,464.15,417.44,402.48,328.51,219.77,155.44,41.17,20231230
41590,화성시,2,내국인,3105.74,3829.42,3968.38,5883.65,6152.5,5740.25,7120.08,6178.38,5669.63,4534.9,3647.64,2374.55,1213.67,2775.43,3132.74,3482.78,4295.08,4691.93,4839.19,5769.62,4807.08,4326.32,3717.24,3254.5,2205.09,1294.34,20231209
41590,화성시,4,외국인,2.07,12.11,357.37,714.69,767.42,639.97,440.5,222.03,221.0,189.8,130.27,35.97,25.31,6.08,15.39,101.64,178.96,253.82,260.16,195.01,141.46,165.01,120.17,85.8,53.97,13.93,20231215
41590,화성시,0,내국인,3447.43,4165.59,5500.47,6849.03,7241.82,6659.16,7983.06,7205.73,6387.54,4832.88,3688.79,2538.84,1214.55,2851.31,3338.02,4446.31,5179.0,5623.17,5553.79,6888.72,5591.36,5060.46,4002.29,3319.01,2333.19,1294.34,20231230
41590,화성시,3,외국인,0.0,17.64,374.16,784.48,971.74,724.82,492.85,206.29,229.3,203.52,102.06,78.82,46.48,4.15,8.3,148.94,237.2,288.48,304.62,214.05,176.53,158.57,142.02,66.5,45.11,13.03,20231222
41590,화성시,17,내국인,10698.51,8196.99,7077.82,10474.22,11829.95,10448.01,14118.82,13550.52,13421.67,11522.34,9470.51,6251.89,3040.47,9604.23,7617.09,5641.24,7132.77,8986.5,10077.96,13178.29,10787.41,10209.63,8426.4,7053.32,4850.34,2534.55,20231211
41590,화성시,17,내국인,8445.75,8959.12,8659.18,10123.22,11656.37,11423.51,14802.24,13351.21,12612.69,10338.38,8666.26,6096.07,3213.04,7592.68,7528.7,8153.44,9619.86,11011.74,11197.0,13950.71,11344.3,11570.0,9364.25,8192.44,5640.28,3120.94,20231231
41590,화성시,2,외국인,7.86,6.22,320.93,714.22,825.92,718.89,474.95,198.65,225.32,181.4,139.06,52.69,29.92,2.07,11.65,112.07,206.47,351.44,227.34,217.85,178.06,160.82,126.29,80.97,33.85,16.53,20231219
41590,화성시,18,외국인,5.85,48.34,731.36,1745.79,1834.64,1580.01,1077.85,601.37,678.36,466.18,290.39,117.66,36.65,11.99,36.17,371.09,519.5,675.84,760.0,641.21,453.01,414.46,380.84,167.45,85.93,53.34,20231205
41590,화성시,12,내국인,7891.61,7342.04,7879.27,9744.55,11143.55,11567.98,14714.62,13410.99,13680.83,11371.32,10089.81,6630.33,3446.51,7293.3,6445.21,7249.75,9586.02,10509.68,10965.25,14013.35,11386.44,11280.96,9419.1,8289.18,6162.21,3353.26,20231225
41590,화성시,8,내국인,4817.24,4626.82,5716.94,7057.04,8277.19,8252.42,10271.08,9466.48,10034.1,7875.2,6848.63,4456.21,2343.98,4217.98,4216.36,5071.76,6335.36,7409.09,7192.82,9355.75,7696.66,7531.08,6573.36,5887.85,4294.32,2290.43,20231224
41590,화성시,3,내국인,3116.41,3605.22,3952.93,5343.7,5872.06,5380.57,6779.01,6243.44,5625.82,4286.76,3718.88,2534.51,1145.81,2751.37,3228.12,3511.77,4178.92,4583.21,4758.16,5860.96,4508.98,4135.2,3511.32,3195.73,2146.0,1219.8,20231216
41590,화성시,21,내국인,6950.9,8529.49,8376.62,10083.99,11344.53,11087.3,14170.17,11712.03,11219.95,8557.56,6918.05,4484.26,2198.18,6131.86,7499.76,7585.89,9131.21,10402.68,9933.74,12665.05,10052.13,9455.91,7405.93,6141.56,4169.95,2340.29,20231223
41590,화성시,2,내국인,3260.18,4295.06,4411.48,6159.43,6174.99,5882.11,7424.75,6315.37,5928.93,4580.84,3808.2,2437.01,1317.08,3302.9,3296.99,3872.48,4841.71,5398.56,5173.55,6067.23,5200.02,4578.01,3793.62,3374.06,2396.4,1381.29,20231203
41590,화성시,11,외국인,5.85,77.75,1125.16,2268.04,2521.11,2342.63,1711.24,1205.96,1259.99,1059.59,802.75,320.26,68.81,16.17,42.68,402.17,621.57,779.13,921.06,774.98,668.08,643.31,494.17,333.32,205.7,43.56,20231229
41590,화성시,5,외국인,2.07,20.37,342.01,701.73,820.91,743.24,468.8,318.33,372.71,335.51,247.25,77.41,37.77,4.01,10.13,97.62,196.12,304.59,263.25,238.6,189.14,201.67,166.11,115.07,55.56,15.41,20231213
41590,화성시,18,외국인,1.69,67.28,1131.66,2726.82,2866.88,2130.01,1219.57,626.01,531.44,419.65,286.06,143.37,45.09,19.95,36.7,421.01,644.36,738.64,801.79,547.01,468.7,445.02,359.75,197.36,164.9,35.49,20231223
41590,화성시,4,내국인,2719.07,2917.74,3468.97,4748.77,5186.14,5105.07,6556.02,6102.9,5703.1,4427.83,3689.57,2501.1,1365.74,2562.3,2576.12,3067.45,3302.29,3903.04,4073.61,5640.75,4589.52,4476.21,3521.08,3127.93,2242.27,1254.12,20231222
41590,화성시,12,외국인,3.93,66.72,1004.9,2519.4,2545.18,2277.18,1566.06,1044.48,1104.96,868.88,626.52,226.56,85.94,16.31,34.07,441.97,691.2,849.19,873.23,711.24,600.56,637.94,418.89,267.98,154.09,52.72,20231223
41590,화성시,9,내국인,5745.2,5600.87,6078.26,7579.4,9066.36,9409.74,11672.9,10972.54,10995.61,8619.95,7577.54,5237.26,2643.66,4811.41,4914.14,5693.5,7085.0,8342.21,8424.55,10896.4,9293.01,8565.71,7586.74,6733.69,5011.91,2699.23,20231224
41590,화성시,22,내국인,5875.07,7668.14,6710.59,9898.5,10587.29,9908.51,12760.0,10637.4,9929.47,7521.34,5452.99,3415.87,1644.7,5211.26,6761.31,6467.47,7572.29,8584.96,8340.03,10955.83,8788.08,7705.73,6083.16,4785.95,3579.3,1817.92,20231201
41590,화성시,4,외국인,0.0,13.49,368.9,742.02,904.3,702.91,466.22,229.62,228.59,205.63,102.63,82.69,41.67,5.85,8.3,155.29,217.52,284.28,278.0,225.38,192.03,165.69,143.63,78.06,47.24,13.82,20231222
41590,화성시,1,외국인,2.07,30.37,397.76,817.7,893.01,807.71,478.89,251.86,246.11,211.06,137.3,59.25,22.24,1.7,21.88,160.25,238.43,324.29,279.39,237.6,173.5,167.18,147.59,100.11,40.26,15.86,20231227
41590,화성시,8,외국인,13.4,59.46,959.9,1864.9,2052.58,1875.43,1521.87,984.05,1075.08,927.33,670.43,256.48,60.24,13.8,40.37,335.85,544.53,660.56,739.89,648.38,537.16,499.23,364.01,292.73,165.53,25.61,20231229
41590,화성시,3,내국인,2734.65,3055.0,3736.7,4847.18,5181.58,5207.4,6163.0,6009.82,5212.04,4178.16,3566.55,2466.26,1235.1,2489.46,2724.47,3165.95,3374.59,3955.72,4082.69,5722.88,4423.15,4277.23,3413.2,3016.6,2075.38,1177.7,20231222
41590,화성시,11,내국인,7279.61,6378.37,6276.13,9065.91,10948.98,11108.02,14848.41,13934.21,14737.04,12028.2,10504.77,6711.24,3157.15,6716.02,5840.21,5749.73,7575.68,9304.54,10485.15,13098.98,10347.55,10132.69,8743.61,7811.12,5297.37,3071.84,20231216
41590,화성시,13,외국인,9.02,73.37,943.04,2203.01,2188.63,1987.6,1412.28,933.87,792.37,690.86,532.1,206.9,45.51,11.6,50.29,303.33,548.4,823.79,765.52,608.56,527.62,547.9,454.04,261.21,131.69,50.35,20231216
41590,화성시,19,외국인,5.85,70.23,845.68,1827.83,1972.39,1631.37,1084.08,655.2,629.62,433.91,315.05,101.55,52.32,4.08,41.15,404.27,569.08,669.19,684.47,575.78,480.09,411.78,343.09,204.16,101.58,57.98,20231212
41590,화성시,10,내국인,6161.36,5743.56,5682.25,8136.65,9482.58,9643.75,12497.94,11401.09,11621.01,9318.3,8159.52,5599.67,2903.84,5082.15,5215.46,5415.87,6942.38,8648.28,8716.72,11689.65,9620.67,9428.17,8177.15,7456.02,5267.01,3079.36,20231217
41590,화성시,6,외국인,0.0,25.6,509.04,1017.64,1088.62,1164.82,965.38,694.23,786.31,805.36,502.95,178.63,63.1,0.0,16.34,213.37,306.2,362.28,390.88,335.33,312.3,311.96,225.47,172.68,81.11,22.56,20231201
41590,화성시,20,외국인,0.0,38.63,860.52,1876.13,2027.36,1545.7,858.54,503.56,412.44,304.52,236.09,100.37,29.43,12.09,30.97,319.12,419.91,574.46,554.37,439.57,339.42,339.47,292.57,166.34,136.8,33.65,20231217
41590,화성시,7,내국인,3539.74,3691.61,4354.42,7750.7,8900.11,8665.08,11453.44,11406.91,12172.26,10984.98,9383.69,5869.67,2612.61,3481.2,3300.1,3382.08,4726.75,5656.97,6339.03,8441.24,7370.4,7096.98,6004.81,5426.07,3773.88,1983.7,20231201
41590,화성시,11,외국인,7.38,60.22,853.64,2031.01,2140.94,1996.14,1477.73,919.02,892.8,876.98,589.86,250.71,78.93,13.63,41.82,278.96,535.6,800.16,646.54,601.9,545.63,582.8,415.96,262.9,150.7,50.43,20231216
41590,화성시,21,외국인,0.0,52.63,663.17,1414.0,1486.06,1319.98,815.72,439.22,433.52,330.24,221.57,66.87,23.26,8.08,39.92,311.8,405.04,550.6,533.12,408.39,292.45,327.91,235.62,146.96,91.07,29.62,20231211
41590,화성시,14,외국인,12.88,87.95,938.06,1871.72,1938.43,1958.08,1570.57,1015.15,1152.78,1013.83,665.15,261.28,85.9,13.53,36.82,397.54,643.46,839.76,904.83,730.63,594.52,649.36,478.42,302.57,152.74,73.29,20231208
41590,화성시,16,외국인,7.71,67.17,1105.21,2561.48,2885.1,2075.9,1190.04,608.59,611.32,439.53,324.08,150.12,53.28,20.6,38.06,332.57,583.04,762.0,806.49,541.86,468.39,468.85,355.87,233.9,153.56,35.51,20231224
41590,화성시,9,내국인,7195.69,5144.1,5811.76,9745.06,11224.44,10103.23,13289.55,13362.92,14631.22,13615.68,11923.21,7841.37,3823.61,6753.75,4669.55,4653.55,5588.48,7216.95,8697.1,11641.89,9751.95,9224.67,8227.64,7478.59,5603.05,3065.67,20231212
41590,화성시,7,외국인,4.0,39.63,769.32,1592.46,1737.31,1786.13,1454.19,966.93,985.56,831.75,618.21,231.97,67.24,2.07,25.51,291.36,453.8,579.43,558.72,523.32,510.98,448.2,335.09,238.48,108.0,38.65,20231220
41590,화성시,20,내국인,7368.6,8729.34,7453.91,10532.27,11489.07,11370.87,14888.81,12728.45,11940.74,9196.06,7018.72,4623.87,2320.61,6821.9,7810.65,7061.41,8886.44,10208.97,10184.93,13364.88,10830.05,9626.43,7466.44,6168.87,4370.05,2125.63,20231209
41590,화성시,20,외국인,0.0,36.42,701.33,1545.76,1799.29,1477.79,918.72,465.77,541.19,390.48,182.03,94.28,43.03,13.79,31.83,357.81,495.87,604.59,619.38,453.2,391.72,376.59,257.25,166.83,92.17,39.33,20231206
41590,화성시,1,외국인,1.76,30.04,292.03,710.11,761.93,648.71,436.45,209.29,233.71,164.81,112.22,48.47,29.36,0.0,12.19,157.54,224.8,322.82,347.6,224.32,181.42,158.8,139.19,90.92,36.38,18.0,20231208
41590,화성시,21,내국인,5655.06,7223.21,7987.14,9341.63,10325.26,10417.96,12581.88,10825.81,9524.38,7360.27,5893.6,3888.22,1959.54,5400.5,6236.28,6820.52,7938.69,9080.97,8880.17,10795.6,8894.09,8104.08,6241.77,5168.64,3686.66,1928.34,20231225
41590,화성시,15,외국인,7.92,62.11,1089.71,2327.8,2477.23,2223.24,1504.77,929.62,988.9,865.23,520.86,229.8,52.66,11.93,27.89,414.45,585.38,788.12,854.45,631.27,463.18,578.86,417.42,277.29,162.29,45.46,20231209
41590,화성시,15,외국인,7.4,63.91,1078.55,2317.08,2481.17,2205.27,1658.47,999.85,1135.92,910.55,661.87,293.29,53.81,16.29,40.1,454.24,684.74,848.09,910.87,688.95,649.61,655.59,544.66,292.55,178.6,61.29,20231229
41590,화성시,19,외국인,2.01,59.93,921.18,1934.52,2060.97,1773.45,1130.68,656.01,661.92,437.06,302.4,113.49,43.48,8.01,44.23,398.01,583.54,729.28,699.91,544.43,507.56,443.16,359.13,208.17,106.69,35.5,20231218
41590,화성시,12,외국인,7.61,80.15,1116.9,2436.33,2717.18,2504.65,1808.57,1272.16,1195.46,1126.45,737.7,304.22,92.81,13.75,35.81,456.97,776.24,1021.61,1132.46,948.58,738.55,688.76,537.02,357.55,162.88,52.82,20231221
41590,화성시,23,외국인,0.0,44.84,507.77,1034.17,1081.26,973.56,586.45,344.0,317.8,218.08,182.31,79.63,13.65,4.08,18.14,204.81,299.07,427.95,344.33,267.85,221.37,206.16,182.23,109.16,68.34,20.27,20231211
41590,화성시,4,외국인,0.0,36.36,486.44,943.34,1000.51,818.47,494.91,235.21,259.57,207.25,109.34,80.39,28.7,2.0,28.3,178.67,236.6,311.99,317.94,222.28,216.38,187.09,166.9,116.16,63.98,19.56,20231230
41590,화성시,19,내국인,8103.84,9229.11,8865.07,10329.82,11867.55,11746.52,14981.3,13164.0,12796.53,9873.01,8080.61,5265.07,2563.62,7334.9,8044.99,7999.15,9418.71,11273.88,11276.63,14715.0,11741.31,10900.54,8623.67,7264.12,5085.87,2486.48,20231223
41590,화성시,5,외국인,4.08,11.22,354.33,759.32,883.99,803.74,552.65,291.71,365.85,290.91,183.28,87.79,39.6,4.15,18.4,165.66,225.93,297.18,313.64,225.68,216.72,193.74,202.4,119.75,57.23,19.36,20231221
41590,화성시,7,내국인,3869.24,3896.17,4795.43,7611.33,8319.49,8527.46,10895.28,10680.48,11678.55,10176.15,8602.45,5252.74,2469.64,3652.73,3547.91,3807.34,4651.73,5859.87,6373.47,8621.61,7258.26,7189.21,5882.04,5276.7,3902.84,2022.1,20231222
41590,화성시,13,외국인,3.45,63.17,1031.46,2443.52,2755.98,2048.67,1468.72,714.06,796.83,606.14,443.59,173.72,73.15,11.32,30.2,324.31,655.29,837.78,820.3,570.64,488.01,536.42,340.18,305.04,163.52,47.34,20231210
41590,화성시,10,내국인,7237.46,5508.45,6374.34,10317.38,11622.57,10517.64,13888.66,14191.7,15552.29,14808.1,13000.4,8597.28,4378.06,6920.71,5376.19,5425.51,6223.0,8071.36,9513.56,12826.81,10761.0,10335.77,9032.34,8275.13,6000.91,3485.28,20231212
41590,화성시,19,외국인,9.53,61.18,1085.23,2340.16,2375.84,1942.88,1150.82,657.1,672.52,463.43,319.17,147.13,45.52,12.09,51.02,463.06,662.56,760.47,801.15,597.13,512.04,525.11,398.59,199.4,118.99,25.0,20231222
41590,화성시,6,외국인,0.0,33.65,501.75,951.2,1120.61,1057.67,1003.03,661.54,797.95,756.38,495.81,176.98,57.17,9.93,10.39,175.51,246.52,347.32,394.05,342.05,317.36,296.91,240.56,148.21,70.12,33.6,20231206
41590,화성시,18,외국인,3.62,54.43,964.98,2232.69,2487.24,2023.82,1221.04,775.78,735.63,506.53,346.2,161.29,61.05,15.85,43.22,436.86,616.31,796.26,769.65,622.46,562.48,505.62,383.77,236.09,114.27,40.55,20231215
41590,화성시,11,내국인,7582.01,6689.55,7704.4,11619.95,13225.9,12330.81,16453.36,16579.71,17861.91,16233.64,14819.52,9528.16,4878.53,6916.36,5987.86,6117.01,7676.29,9346.08,10923.93,13824.06,12051.83,11460.13,9922.22,8956.9,6839.94,4108.12,20231226
41590,화성시,5,외국인,2.07,18.24,281.84,644.81,705.85,655.54,466.36,279.25,302.72,259.1,184.61,51.12,38.4,2.07,11.98,114.53,198.18,263.35,268.33,217.27,197.37,156.82,126.34,89.98,73.82,12.54,20231211
41590,화성시,13,외국인,7.61,72.09,842.61,1909.62,2078.43,2047.32,1549.73,1091.22,1189.31,1144.22,692.92,295.48,82.53,13.67,28.2,343.59,583.96,878.0,884.87,799.18,661.35,687.89,476.85,346.59,169.17,69.26,20231207
41590,화성시,14,내국인,9031.73,8399.03,6833.05,9418.7,10477.07,11140.95,14397.41,13911.99,14394.64,12180.76,10506.57,7136.02,3608.78,8887.32,7197.25,6646.96,7801.41,9712.97,10297.87,13466.21,11625.4,11476.03,9855.76,8653.69,6254.51,3571.72,20231202
41590,화성시,18,내국인,8034.18,8545.21,7139.95,10132.11,11211.78,11250.27,14031.86,12657.14,12032.89,9342.79,7727.55,5014.47,2503.14,7230.12,8034.08,6800.97,8619.28,9935.06,10171.84,13150.9,10640.6,9634.78,7651.88,6588.44,4724.13,2435.76,20231210
41590,화성시,8,내국인,4520.64,4397.51,5393.38,7182.55,8215.26,8479.99,10971.83,10209.88,11157.37,9264.77,7820.57,5159.13,2530.01,3781.06,3901.45,4561.08,5777.9,6658.24,7087.65,8962.65,7502.78,7545.2,6411.28,5582.11,4386.96,2337.42,20231223
41590,화성시,14,외국인,15.22,66.42,864.12,1821.01,1848.37,1891.54,1554.13,1029.72,1133.07,1001.55,686.33,282.99,57.47,9.97,33.85,383.93,585.77,769.0,908.93,698.26,573.41,576.17,512.65,337.65,157.09,76.13,20231205
41590,화성시,6,내국인,2912.32,2887.08,3506.17,6113.98,6594.68,6830.38,9005.9,8615.84,8702.4,7873.83,6501.8,4112.16,1935.03,2511.07,2472.95,2959.74,3781.86,4774.56,4787.25,6665.02,5832.52,5395.73,4661.29,4160.68,2837.68,1482.99,20231215
41590,화성시,13,내국인,7637.81,7914.39,8202.64,9466.33,11134.79,11129.18,14131.67,12821.39,13090.7,10861.1,9442.39,6650.71,3576.28,6886.93,7024.64,7652.98,8877.27,10443.1,10574.04,14132.77,11529.65,11708.04,9965.21,9040.91,6590.36,3439.73,20231231
41590,화성시,18,내국인,9561.34,8840.25,7672.75,11231.59,12358.4,11438.7,14133.82,13551.73,13259.49,10982.13,8805.02,5512.88,2593.46,9344.23,7918.84,6189.35,8195.06,9580.7,10155.67,13663.41,10961.69,10160.92,8328.54,6569.83,4500.3,2457.07,20231218
41590,화성시,17,외국인,11.7,83.81,1115.61,2338.13,2356.63,2167.67,1398.03,894.53,883.3,603.43,459.41,209.71,81.05,11.99,39.91,479.4,665.0,857.15,923.69,759.62,673.61,614.49,479.79,218.77,142.9,49.24,20231221
41590,화성시,3,내국인,2567.97,2701.88,2778.13,4479.95,4800.36,4722.32,6147.71,5420.27,5042.89,4043.37,3294.08,2168.52,1176.4,2476.3,2271.07,2605.65,3117.89,3684.74,3848.09,5568.59,4268.86,3961.82,3139.54,2829.85,1996.43,1096.17,20231207
41590,화성시,7,외국인,1.69,36.72,512.14,1304.18,1306.61,1149.83,804.73,489.57,447.15,360.08,271.56,91.79,57.89,5.71,14.63,181.06,350.75,397.17,367.95,294.02,227.45,258.27,194.23,150.82,80.58,28.4,20231210
41590,화성시,19,내국인,8072.48,8878.01,9089.34,10478.38,11710.23,11879.69,14985.17,13158.16,11945.65,9254.32,7616.93,5038.25,2433.59,7668.42,7798.36,7944.21,9964.39,11472.51,11508.53,14475.83,11138.25,10440.99,8374.38,6903.79,4986.72,2714.22,20231224
41590,화성시,18,내국인,7669.74,8297.01,7421.62,10069.33,10840.67,11164.85,13985.69,12320.56,11485.24,8994.97,7262.9,4677.53,2477.53,6410.38,6972.42,6922.27,8268.81,9846.49,9902.75,12498.7,10196.84,9506.2,7342.95,6308.42,4268.22,2375.28,20231217
41590,화성시,21,외국인,0.0,44.65,905.67,2081.65,2178.1,1654.75,1057.32,466.2,352.73,314.36,234.13,116.62,37.79,18.6,38.97,346.56,543.94,656.81,696.06,442.68,359.78,317.16,272.47,168.81,110.82,31.32,20231224
41590,화성시,20,외국인,0.0,38.1,772.04,1849.32,1841.42,1516.37,939.07,420.78,464.52,337.8,239.17,104.55,35.69,9.93,28.09,306.32,532.74,628.73,623.77,441.62,351.34,309.63,257.18,173.59,131.25,30.14,20231210
41590,화성시,9,외국인,8.06,72.79,892.67,1925.27,2014.0,1960.0,1588.69,1045.07,1097.11,969.44,714.33,309.9,66.09,13.77,34.2,380.63,578.15,704.85,773.47,684.9,593.71,548.1,367.81,283.4,166.06,53.22,20231226
41590,화성시,6,외국인,2.07,35.19,520.66,984.17,1140.98,1162.08,924.6,602.51,726.94,762.47,507.79,213.41,44.75,6.22,10.49,145.59,303.95,381.61,416.85,368.16,303.01,304.44,239.34,191.74,72.35,33.42,20231214
41590,화성시,22,내국인,5187.09,6290.31,6263.39,9193.11,10214.48,10068.03,12087.1,10513.01,9665.22,7195.26,5556.59,3758.79,1803.19,5057.85,5244.3,5384.8,6876.1,7760.52,7967.69,10120.36,8260.22,7551.68,5663.14,4452.11,3275.12,1811.24,20231218
41590,화성시,23,내국인,3910.3,4772.33,5643.41,7593.94,8314.72,8180.62,9758.73,8731.73,8090.87,6123.19,4642.89,3075.47,1500.2,3885.16,4239.97,4518.7,5580.69,6462.67,6496.02,8457.01,6806.25,6177.17,4733.52,3908.3,2851.84,1461.74,20231221
41590,화성시,13,외국인,7.61,67.47,979.61,2057.1,2254.62,2052.12,1452.59,1016.97,1022.62,981.41,621.5,266.29,77.42,18.99,49.87,438.73,660.85,866.06,963.32,806.31,682.43,599.54,499.56,326.22,162.32,48.61,20231221
41590,화성시,19,내국인,9298.09,9188.1,7745.87,11131.04,12568.8,11966.18,15323.68,14252.34,13647.56,10385.55,8369.28,5143.56,2393.24,8231.44,7757.89,6851.92,8911.12,10141.59,10790.47,14727.37,11628.33,10529.22,8393.65,6782.77,4444.79,2346.83,20231215
41590,화성시,10,내국인,6876.12,6036.78,6539.6,9982.74,11276.97,10359.65,14167.85,14479.92,15528.48,14469.69,13381.0,8806.9,4303.45,6851.14,5644.94,5742.91,6235.81,7803.61,9386.42,13174.05,10956.67,10814.73,8942.16,8700.76,6171.35,3669.11,20231205
41590,화성시,18,외국인,9.92,56.32,994.79,2244.4,2380.58,1909.63,1097.63,530.72,520.01,357.63,241.76,129.49,25.58,17.95,36.01,342.12,578.02,744.1,722.15,486.86,371.27,387.42,320.1,197.39,135.37,37.09,20231217
41590,화성시,2,외국인,1.76,19.94,260.01,683.82,837.86,609.6,398.66,223.1,248.25,168.84,109.31,50.44,24.4,2.07,6.3,167.51,217.36,265.89,310.7,210.66,157.81,135.24,122.92,93.36,62.67,19.59,20231205
41590,화성시,0,외국인,0.0,15.25,279.88,637.36,713.37,681.61,469.74,206.06,212.98,165.51,106.92,65.82,21.81,4.15,13.85,142.61,174.64,276.27,313.02,199.52,184.69,155.46,117.04,86.81,43.21,9.98,20231221
41590,화성시,9,외국인,11.46,70.01,823.12,1780.19,2010.11,1898.06,1476.5,1006.33,1134.83,1010.22,683.1,315.51,89.09,11.97,26.29,341.63,601.35,781.62,754.56,666.47,597.31,572.13,393.0,325.02,146.69,55.81,20231213
41590,화성시,13,외국인,12.86,63.05,1038.51,2347.34,2503.03,2007.14,1209.75,703.29,692.77,494.57,396.11,171.76,58.26,14.48,25.86,355.81,615.46,727.74,825.07,593.96,480.72,445.77,425.95,287.95,165.38,44.2,20231224
41590,화성시,10,외국인,9.69,58.99,818.01,1979.94,1955.01,1812.33,1374.93,896.09,928.13,855.52,510.56,231.12,84.6,9.92,33.1,331.74,515.51,712.88,715.94,688.32,570.27,561.81,408.51,295.55,146.57,68.85,20231215
41590,화성시,7,내국인,3828.82,4157.18,5334.33,7611.23,8418.43,8497.54,10967.95,10909.33,11716.67,10561.28,8953.44,5912.24,2646.24,3800.18,3506.1,4068.27,4870.88,5891.98,6430.81,8648.71,7035.31,7060.53,6151.0,5238.75,3861.82,1989.94,20231229
41590,화성시,0,내국인,2414.34,3115.59,3259.06,4919.53,5552.44,5321.57,6758.82,5765.7,5301.63,4075.76,3152.39,1927.77,1060.07,2337.67,2643.89,2858.26,3499.03,3815.8,4212.59,5434.5,4262.2,4156.3,3145.95,2632.99,1798.01,929.52,20231207
41590,화성시,0,내국인,2386.21,3119.88,3374.27,4958.92,5397.74,5389.34,6864.41,6047.53,5438.69,4207.33,3087.88,2007.4,1010.69,2170.38,2629.85,2874.96,3424.24,4080.95,4180.74,5644.61,4378.39,4115.68,3036.59,2727.88,1851.52,987.66,20231208
41590,화성시,18,내국인,9908.05,9605.03,8716.76,10884.01,11978.88,11805.55,15044.67,14654.89,13832.23,11153.24,9246.11,6065.82,2932.38,9361.98,8781.46,7464.14,8616.42,10335.46,11121.99,13982.46,11893.25,11073.68,8947.33,7290.43,5197.5,2758.2,20231229
41590,화성시,18,내국인,7033.39,8693.45,7303.48,9811.8,11230.8,11016.9,13798.36,12377.19,11713.92,8998.45,7350.07,4712.61,2352.65,6859.23,7810.37,6855.99,8447.78,9592.77,10255.11,13096.47,10475.16,9748.45,7635.25,6538.6,4320.82,2241.0,20231203
41590,화성시,7,외국인,7.87,34.43,690.76,1605.57,1672.35,1778.68,1348.2,908.99,1029.38,1028.54,639.58,282.05,55.73,8.3,14.66,264.29,433.62,537.0,608.11,585.55,482.86,451.1,356.77,254.03,95.94,35.14,20231214
41590,화성시,18,내국인,9890.04,8559.23,7148.01,11467.05,12209.01,11305.33,14493.23,13333.6,13400.36,10850.09,8787.35,5432.51,2525.25,9288.62,7708.99,6273.03,7948.69,9480.87,10436.05,13298.84,10784.08,10255.65,7966.29,6454.69,4362.25,2262.59,20231206
41590,화성시,23,내국인,3767.08,4289.97,4465.42,6986.33,7808.96,7556.6,9468.33,8320.95,7378.21,5406.22,4346.99,2840.94,1249.53,3413.02,3832.34,3904.11,4877.87,5858.73,6203.96,7701.89,6490.66,5716.91,4382.1,3644.63,2582.02,1353.12,20231205
41590,화성시,2,내국인,2599.23,2818.54,3022.0,4805.63,5118.68,4906.07,6323.05,5633.35,5045.98,4047.61,3349.39,2098.44,1164.39,2514.25,2314.12,2752.17,3263.69,3785.02,4155.28,5601.19,4297.04,4008.44,3209.7,2954.7,1967.14,1109.63,20231207
41590,화성시,20,외국인,2.01,51.71,830.73,1823.29,1957.73,1627.4,1003.45,518.69,527.1,402.09,256.9,113.38,35.64,5.93,55.12,373.27,579.93,661.79,695.23,533.41,440.18,433.24,284.66,180.03,103.87,29.65,20231218
41590,화성시,6,내국인,2912.36,2680.64,3369.1,5941.05,7029.03,6992.83,9085.25,8970.44,9694.8,8535.42,7403.36,4505.15,1989.37,2573.27,2401.06,2872.99,3586.57,4684.48,4635.01,6505.46,5746.73,5663.33,4681.34,4246.9,2997.14,1467.65,20231207
41590,화성시,8,외국인,9.56,59.86,930.96,1827.46,2127.06,2067.73,1516.33,986.4,978.34,929.6,593.25,242.84,78.31,10.39,37.16,388.87,563.6,777.88,867.52,699.28,580.21,565.45,406.29,336.05,137.98,40.25,20231221
41590,화성시,10,외국인,5.62,66.68,806.91,1849.14,1929.21,1822.79,1316.07,810.37,852.36,747.28,512.78,246.15,70.32,17.68,32.57,272.74,509.58,709.22,622.66,547.28,540.83,512.19,395.83,263.75,156.88,60.1,20231216
41590,화성시,12,외국인,11.76,68.82,1097.99,2320.37,2491.63,2351.59,1811.19,1250.11,1325.67,1176.28,793.97,316.41,85.77,11.89,31.64,424.0,768.53,967.16,1118.68,874.35,724.88,717.64,541.31,359.7,148.25,56.41,20231206
41590,화성시,3,내국인,2720.7,2736.3,3060.74,4699.52,4860.03,4932.27,6296.44,5701.82,4859.11,3991.17,3352.06,2264.56,1251.51,2434.97,2310.97,2636.99,3213.48,3834.42,3932.65,5123.9,4350.0,3998.82,3109.61,3014.35,1917.36,1111.64,20231215
41590,화성시,21,내국인,7033.58,8376.72,7600.29,10679.34,11978.99,11121.47,14492.85,13024.62,12089.89,8615.55,6611.51,4281.05,2035.05,5979.6,6933.28,6638.47,8428.18,9715.52,9616.0,12916.17,10402.75,9065.99,7043.16,5407.86,3908.85,1920.68,20231215
41590,화성시,17,내국인,11160.81,8393.22,7223.34,11023.95,11570.05,10860.0,14117.57,13992.82,14253.19,12213.68,10464.4,6687.54,3221.32,10225.32,8007.02,5934.37,7275.03,9112.1,10714.03,13532.09,11158.35,10716.37,8971.68,7477.83,5296.22,2649.6,20231207
41590,화성시,20,내국인,5564.59,7913.19,6759.89,9244.5,10405.45,10214.3,12740.9,10761.08,10144.13,7253.77,5914.27,3806.7,1821.81,5548.56,6803.75,6387.68,7690.31,8649.1,8748.78,10938.6,9178.04,8210.53,6341.24,5265.19,3680.88,1738.34,20231203
41590,화성시,0,외국인,0.0,34.17,271.76,610.93,610.94,569.56,407.94,262.06,220.57,187.67,86.09,41.37,14.4,4.08,16.25,136.29,206.48,283.73,274.27,216.6,166.63,167.79,137.42,74.37,50.77,20.12,20231201
41590,화성시,15,외국인,7.61,71.03,987.88,2109.69,2182.58,2040.86,1501.73,1038.64,1033.6,880.3,567.39,257.99,91.2,21.99,39.56,437.43,656.4,793.1,1000.96,792.55,646.46,644.45,477.2,350.07,168.33,56.02,20231221
41590,화성시,1,내국인,3745.04,4517.18,5527.11,6679.68,6921.86,6336.06,7935.45,6828.73,6181.81,4763.48,3800.35,2461.74,1374.62,3380.39,3566.95,4536.15,5170.98,5560.74,5619.01,7113.06,5466.01,5141.01,4085.95,3255.13,2416.04,1386.58,20231223
41590,화성시,13,외국인,6.85,49.23,966.85,2392.94,2646.32,2053.86,1232.87,667.79,658.55,517.22,378.56,163.54,49.38,12.02,13.85,365.23,604.37,829.01,735.39,573.12,423.7,413.2,366.26,265.08,144.8,44.22,20231203
41590,화성시,9,내국인,5056.78,4774.05,5326.82,7363.16,8534.05,8993.24,11410.98,10497.42,10467.03,8416.52,7218.08,4956.2,2530.96,4334.05,4604.26,4916.84,6285.64,7665.94,7800.53,9999.04,8303.92,8041.42,7107.0,6394.96,4567.06,2508.73,20231217
41590,화성시,13,내국인,8309.91,7573.81,8246.27,11512.53,12779.15,11800.86,16200.21,16259.44,17247.19,15973.64,14551.83,9390.5,4753.71,8073.02,6676.0,6308.52,7771.19,9710.42,10896.8,14565.45,12469.29,12451.94,10685.28,9540.03,7065.41,4013.74,20231228
41590,화성시,21,내국인,7016.84,9046.77,7317.31,10704.8,11844.53,11461.81,14065.6,12585.91,11560.66,8530.57,6490.86,4061.14,1801.98,6526.4,7513.72,6564.41,8445.59,9587.63,9748.81,12549.28,10317.78,9256.31,7058.07,5709.77,3938.22,2126.94,20231208
41590,화성시,1,내국인,3577.44,4161.55,5083.57,6916.36,7033.38,6600.04,7994.13,6672.69,6618.71,4917.8,4088.11,2696.29,1374.06,3508.35,3393.28,4318.77,5503.51,6100.01,5706.06,7183.48,5797.32,4997.24,4119.48,3799.38,2580.06,1317.09,20231217
41590,화성시,11,내국인,6390.18,6856.37,7518.83,8726.72,10338.18,10202.98,13487.33,12106.83,12558.21,10045.81,8589.25,6349.51,3437.39,6029.2,6085.4,6733.52,8122.66,9465.07,9971.0,13277.89,10859.47,10794.02,9371.8,8531.16,6027.58,3584.63,20231231
41590,화성시,11,외국인,11.76,58.9,912.44,2052.69,2171.73,1999.95,1571.92,941.26,1086.39,925.25,611.72,218.6,74.46,9.64,28.5,358.57,639.18,792.85,830.82,717.51,602.2,647.82,406.46,317.34,155.55,47.48,20231211
41590,화성시,19,외국인,6.22,73.5,1081.6,2401.85,2436.51,2030.88,1275.18,735.53,662.22,444.25,306.94,104.29,38.05,16.16,60.34,474.57,593.37,814.18,809.56,567.68,537.11,442.0,395.45,221.87,145.75,20.13,20231229
41590,화성시,11,내국인,7668.02,7299.65,6636.29,11065.23,12819.93,11991.53,15453.06,15791.57,16663.98,14848.53,13460.33,8518.83,4099.55,6976.88,6303.09,5442.43,7106.38,8650.22,10202.83,14034.77,11341.32,11312.79,9492.37,8677.16,6323.38,3714.52,20231215
41590,화성시,1,외국인,0.0,17.36,312.69,679.9,852.69,634.08,424.78,226.84,245.04,148.85,100.61,52.32,30.17,7.86,7.96,121.46,219.28,329.0,312.54,188.73,176.23,153.32,117.36,94.75,49.55,17.53,20231206
41590,화성시,23,외국인,1.76,22.29,408.28,944.81,1011.28,835.89,548.96,284.84,294.77,202.2,159.93,73.39,6.06,6.15,23.21,213.98,232.37,342.71,284.13,242.74,205.47,209.16,169.11,100.13,64.3,19.65,20231203
41590,화성시,14,내국인,9057.62,7599.93,7285.05,10787.56,12191.27,10992.19,14832.95,14897.8,15544.04,13942.76,12794.05,7885.94,4186.05,8568.28,6859.6,5459.29,7159.81,9087.43,9846.05,13655.48,11444.1,11480.12,9600.44,8906.61,6537.04,3631.11,20231221
41590,화성시,17,내국인,11084.13,8842.56,7587.33,10928.81,12126.08,11221.44,14210.14,13835.14,14033.9,11872.41,9947.84,6369.81,3184.58,9595.57,7836.45,6006.44,7696.78,9570.67,10500.79,13879.57,11189.08,10626.26,8825.53,7119.46,5005.46,2606.06,20231220
41590,화성시,4,내국인,2484.65,2436.92,2707.46,4423.91,4672.92,4743.97,6240.28,5471.85,5288.46,4420.66,3653.79,2377.88,1155.67,2257.05,2044.73,2358.4,2954.95,3711.72,3734.38,5306.49,4418.77,4043.07,3265.24,2947.52,2250.68,1255.14,20231205
41590,화성시,14,내국인,8419.31,7022.21,7196.32,10943.3,11866.73,10696.96,15037.84,14937.96,15926.16,14465.15,13301.56,8874.23,4231.92,8281.84,6566.86,6385.48,6767.68,8593.2,9653.73,13284.24,11585.86,11547.54,9771.45,8952.44,6189.98,3818.39,20231206
41590,화성시,5,외국인,0.0,23.96,347.83,700.29,771.77,750.1,538.03,264.46,426.22,340.51,218.43,59.95,41.55,4.08,4.15,124.05,192.31,295.49,278.02,201.74,183.76,174.48,140.66,110.03,57.34,24.43,20231207
41590,화성시,14,외국인,3.78,55.96,942.65,2347.33,2395.24,1991.12,1252.7,722.85,734.14,507.21,388.0,169.75,54.81,17.58,43.39,380.8,540.6,772.97,687.8,594.28,493.31,483.65,375.98,232.29,151.52,56.61,20231230
41590,화성시,19,외국인,4.15,55.27,787.77,1771.58,1885.4,1507.95,1095.61,562.56,589.31,446.78,280.63,117.62,39.9,9.57,46.7,375.88,513.01,641.81,673.53,553.2,395.25,418.67,337.77,200.14,117.86,38.07,20231211
41590,화성시,23,외국인,0.0,32.05,563.41,1204.95,1153.29,987.67,641.29,322.03,351.8,227.23,193.23,72.4,37.88,4.15,21.49,220.65,303.72,429.94,392.28,280.86,232.95,219.17,191.8,137.35,71.36,27.08,20231213
41590,화성시,1,외국인,0.0,15.29,311.99,755.84,822.06,730.11,465.01,225.22,256.94,196.31,140.88,58.9,25.86,0.0,13.44,164.04,239.7,293.67,301.4,244.03,187.31,147.12,156.82,91.57,41.56,9.63,20231220
41590,화성시,1,내국인,2526.94,3132.22,3308.8,5283.4,5513.45,5461.1,6966.75,6186.52,5249.95,4138.72,3458.96,2264.73,1129.18,2365.55,2599.14,2969.54,3462.96,4083.27,4474.25,5620.94,4608.7,4240.53,3444.79,3041.0,2062.46,1127.99,20231206
41590,화성시,22,외국인,5.84,56.78,850.56,1982.7,2031.3,1572.09,883.54,415.05,411.17,305.88,203.03,90.6,37.81,9.99,40.97,348.25,498.24,601.87,547.67,403.78,276.73,285.76,256.95,162.63,108.04,27.85,20231216
41590,화성시,21,내국인,6233.92,8103.61,7359.12,9905.51,10639.69,10520.67,13053.17,11251.23,10658.76,7822.43,6389.11,3914.34,1949.28,5727.05,7666.0,6859.01,8365.53,9495.12,9073.47,11926.26,9423.61,8487.39,6708.67,5506.8,3783.22,1900.36,20231202
41590,화성시,9,외국인,9.69,51.3,769.67,1788.77,1830.56,1663.65,1292.52,851.31,872.2,799.92,523.11,237.04,58.13,2.07,30.71,308.42,440.34,657.96,709.76,660.97,524.87,505.49,393.97,303.48,142.19,52.36,20231215
41590,화성시,3,내국인,3761.21,4283.2,5415.75,6154.01,6534.51,5814.96,7432.49,6681.74,6104.95,4724.37,3999.15,2768.29,1554.71,3433.02,3312.71,4558.49,5307.37,5534.53,5291.76,6559.13,5286.97,5149.81,4277.63,3757.29,2606.94,1481.06,20231231
41590,화성시,16,내국인,9238.51,8464.84,8282.03,9732.7,11149.39,11252.67,14546.54,13108.38,12480.45,10176.71,8551.46,5750.1,3010.25,8221.69,7753.37,7270.3,9536.46,10702.23,11121.38,14327.45,11514.24,11013.57,9024.59,8080.08,5540.42,3135.58,20231224
41590,화성시,1,외국인,0.0,36.71,398.03,762.75,759.95,676.95,418.31,216.29,234.42,138.86,125.65,61.35,20.49,2.07,19.36,154.83,207.54,242.96,296.59,208.75,183.72,145.01,152.44,101.35,46.74,13.1,20231226
41590,화성시,12,외국인,5.54,101.65,1115.75,2470.1,2575.81,2437.16,1755.57,1223.18,1387.93,1247.4,779.5,327.58,86.72,11.52,30.66,457.91,783.56,998.26,1048.9,887.58,829.99,748.32,537.31,375.58,140.88,71.94,20231212
41590,화성시,5,외국인,0.0,32.65,468.62,801.45,875.66,848.14,581.09,286.3,353.04,332.2,276.36,93.45,39.32,6.15,23.93,123.35,228.32,278.87,304.63,249.84,220.91,180.87,175.15,108.19,40.42,15.45,20231227
41590,화성시,7,외국인,1.93,43.24,796.2,1632.64,1672.59,1760.59,1438.05,946.21,1013.77,935.78,633.34,271.87,42.42,4.15,25.85,300.58,438.44,508.09,575.73,558.53,474.19,423.65,319.07,239.75,98.84,29.21,20231226
41590,화성시,9,외국인,3.42,55.5,806.86,1812.61,1827.95,1539.44,899.3,441.91,451.24,387.42,272.05,124.05,34.2,8.15,24.56,270.39,474.5,523.33,591.93,381.97,330.09,352.96,331.48,212.42,140.53,48.5,20231231
41590,화성시,21,내국인,6559.56,7929.41,6328.02,10397.14,11333.68,10590.92,13278.31,11967.5,10847.93,7885.06,6014.71,3914.05,1813.21,5944.08,6850.78,5589.97,7532.83,8548.85,9024.57,11350.82,9269.2,8294.57,6276.06,5066.31,3471.51,1765.96,20231205
41590,화성시,17,외국인,16.33,55.2,943.55,1978.8,2227.77,1901.47,1251.57,716.27,850.4,636.65,371.24,159.34,49.3,15.91,45.62,418.23,662.5,865.78,885.05,700.59,592.67,533.09,413.67,233.75,114.03,43.49,20231201
41590,화성시,13,내국인,9309.24,7376.47,7136.53,11081.39,12925.19,11734.15,15830.02,15816.7,16747.58,15146.3,13605.23,8559.87,4271.59,8429.32,6448.08,5704.5,7490.76,9103.49,10427.36,14424.08,12033.17,11589.79,10103.82,9000.41,6513.99,3706.08,20231220
41590,화성시,12,외국인,9.47,75.58,1271.7,2502.76,2815.31,2550.82,1948.97,1283.9,1309.6,1213.8,883.88,334.69,80.06,17.82,36.33,507.14,857.19,970.35,1086.65,946.65,813.96,722.93,493.66,359.55,155.48,40.31,20231228
41590,화성시,7,외국인,1.93,41.44,755.6,1621.29,1681.14,1663.68,1324.05,965.85,901.16,874.97,523.84,208.05,86.13,6.22,12.38,330.71,444.01,586.02,542.32,528.13,478.28,486.29,323.13,215.92,105.33,22.21,20231222
41590,화성시,8,외국인,3.56,55.04,621.21,1612.23,1588.97,1525.04,1214.11,834.76,835.35,714.48,518.23,198.56,83.75,10.16,27.75,302.98,465.67,529.67,561.72,429.68,386.07,390.44,292.28,208.29,132.24,22.3,20231223
41590,화성시,9,외국인,9.62,69.3,944.25,1849.52,2102.55,2000.2,1499.67,1001.66,955.26,906.32,619.14,263.71,84.81,6.16,38.77,362.14,541.63,728.2,819.47,665.39,562.68,566.61,415.95,314.86,166.13,45.68,20231221
41590,화성시,2,내국인,2733.13,3277.57,4332.86,5140.9,5375.55,5357.26,6662.26,5859.38,5285.63,4185.19,3565.13,2339.17,1372.21,2668.12,2759.02,3432.7,3648.65,4296.3,4627.31,5642.53,4519.08,4414.17,3471.05,2927.86,2096.34,1271.07,20231227
41590,화성시,16,내국인,9247.21,8696.11,7259.82,9388.38,10125.52,10729.26,14118.91,12800.63,13175.86,10393.12,9240.04,5928.66,2978.57,8529.19,7540.48,6839.36,7979.65,9809.31,10084.32,13034.44,10968.86,10615.71,8960.79,7839.39,5503.18,3067.22,20231202
41590,화성시,3,내국인,3897.76,4573.14,4952.24,5972.08,6653.32,6128.86,7466.73,6493.36,6096.63,4834.41,4082.82,2720.21,1369.08,3706.97,3407.54,4398.52,5553.05,5909.28,5394.93,6824.84,5277.92,5219.59,4160.55,3741.2,2511.2,1597.52,20231224
41590,화성시,21,외국인,1.7,46.09,573.5,1342.6,1493.67,1280.37,854.4,397.78,430.24,310.63,155.71,76.07,41.55,12.02,31.39,326.67,448.42,550.05,544.0,412.0,284.26,296.27,215.88,150.92,86.5,31.5,20231206
41590,화성시,14,외국인,13.47,63.44,982.8,1912.12,2118.1,2103.8,1700.95,1094.72,1108.56,994.84,704.64,275.34,105.06,14.05,44.29,403.38,606.57,813.48,895.02,714.86,615.89,633.29,500.82,334.81,165.48,64.74,20231219
41590,화성시,16,외국인,10.76,88.94,944.7,1829.34,1854.41,1930.65,1417.55,927.33,1021.41,822.87,501.56,216.71,69.59,15.43,52.06,371.2,559.28,779.94,881.44,718.13,576.68,618.25,456.14,254.2,157.66,52.35,20231208
41590,화성시,22,내국인,6043.71,7684.79,7871.98,10122.41,10798.27,10692.94,13382.59,11332.73,10664.79,7801.83,6111.69,3855.47,1887.76,5665.48,6484.22,6808.05,7969.42,8870.47,8877.75,11670.1,9138.12,8532.51,6496.67,5283.25,3710.64,1983.4,20231222
41590,화성시,14,내국인,7877.26,8145.98,7923.46,9359.03,10940.31,10950.45,13976.39,13053.99,13001.51,10717.62,9104.34,6528.47,3159.2,7830.22,7004.4,7273.51,8052.58,9995.89,9946.53,13259.37,11037.13,10943.22,9047.09,8143.95,5559.14,3102.37,20231230
41590,화성시,6,내국인,3491.11,3747.3,4394.75,6107.78,6394.83,6266.29,7986.67,7576.99,7969.82,6780.58,5561.56,3654.34,1699.05,3262.81,3202.47,3773.2,4591.19,5015.37,5058.64,6623.34,5352.21,5417.88,4564.47,3846.11,2929.73,1612.86,20231223
41590,화성시,14,외국인,4.08,45.39,948.08,2216.83,2278.75,1865.06,1273.03,697.68,660.04,550.21,435.92,219.35,69.48,17.57,37.05,327.14,601.47,719.05,649.34,607.71,471.03,500.65,381.13,216.3,185.16,38.28,20231225
41590,화성시,21,내국인,6164.85,7381.1,7758.14,9896.38,10957.33,10343.72,13250.88,11465.92,10603.51,7963.67,6608.7,4070.66,2020.8,5795.5,6560.19,6915.31,8396.87,9807.61,9654.12,11916.58,9353.89,8585.48,6763.95,5696.13,3973.69,2057.24,20231216
41590,화성시,20,외국인,7.91,78.17,1044.54,2465.32,2365.25,1968.94,1125.9,585.53,504.95,338.56,227.01,118.21,44.68,13.44,49.13,410.28,632.43,720.42,656.4,488.83,393.92,402.4,369.68,190.52,124.94,43.61,20231216
41590,화성시,5,외국인,0.0,25.5,357.27,696.66,809.93,749.17,460.79,287.92,328.39,272.36,217.89,87.3,36.08,2.07,23.9,121.62,216.41,252.79,267.19,265.0,172.92,176.94,168.47,88.07,47.59,11.26,20231226
41590,화성시,22,내국인,5174.31,6240.56,6266.55,9575.04,10539.86,9961.89,12426.0,10812.2,9921.85,7409.81,5625.13,3460.82,1781.05,4893.47,5240.88,5259.87,6665.25,7853.44,7839.34,10150.68,8303.56,7522.5,5651.77,4627.77,3171.52,1692.86,20231213
41590,화성시,11,외국인,3.84,48.83,786.44,1933.33,2041.81,1799.26,1242.23,667.06,685.51,606.8,406.43,233.21,68.92,8.35,47.21,303.45,549.24,560.98,612.44,564.87,442.63,434.56,288.77,232.85,160.37,44.78,20231225
41590,화성시,2,외국인,2.07,18.24,306.44,584.75,731.69,594.26,376.16,218.92,226.89,165.72,98.52,34.56,27.4,2.07,11.63,117.42,206.09,285.65,251.42,178.15,148.74,149.76,101.37,73.62,63.52,20.65,20231211
41590,화성시,17,내국인,10526.93,8948.51,8733.47,11220.6,12214.72,11248.49,14788.43,14402.76,14420.14,12528.71,10660.11,7040.96,3500.75,9867.78,8400.61,6964.35,7959.02,9719.97,10620.97,14109.3,11845.61,11101.04,9256.1,7606.75,5601.55,2893.14,20231227
41590,화성시,2,외국인,3.77,21.71,294.5,653.24,744.78,609.69,423.56,215.19,182.49,144.18,126.69,48.04,21.75,8.15,13.96,114.07,202.3,239.53,238.62,172.28,141.7,169.47,101.14,77.34,61.84,19.67,20231204
41590,화성시,17,내국인,11272.44,8378.18,7445.77,11077.76,12362.47,10990.34,14496.71,13776.34,14335.69,12535.85,10670.0,6733.71,3396.87,10116.19,7412.4,6013.17,7370.59,9284.53,10786.93,14102.28,11123.62,10716.04,9301.08,7557.8,5236.16,2786.82,20231213
41590,화성시,14,내국인,8594.12,6790.52,7566.95,10863.06,11836.78,10790.22,15035.97,15024.76,16620.82,14994.37,13961.11,9089.55,4646.62,8377.66,6306.98,6558.85,6882.59,8720.13,10133.59,13603.51,11508.25,11731.56,10110.22,9166.77,6959.85,4063.31,20231205
41590,화성시,19,내국인,9152.37,8628.12,8180.93,11713.6,13146.57,12144.22,15357.47,13898.59,13232.89,10642.45,8249.06,5034.93,2490.68,8010.09,7898.6,6561.0,8738.62,10263.59,10291.97,13811.91,11266.32,10355.7,8097.47,6150.77,4396.92,2281.91,20231220
41590,화성시,9,내국인,5176.11,4800.91,5144.66,7979.95,9186.86,9352.05,12399.73,12341.69,12838.67,10974.45,9270.79,6118.6,2978.42,4692.97,4662.4,4773.26,5970.0,7636.62,8183.57,10295.11,8975.39,8705.18,7554.66,6913.23,4854.28,2809.36,20231202
41590,화성시,1,내국인,2962.65,3548.14,5014.87,5983.96,6363.07,6032.38,7494.46,6655.24,6138.9,4701.11,3786.95,2512.14,1332.65,2727.69,2735.93,3800.93,4020.8,4819.56,4998.43,6622.78,5240.53,4780.05,3748.14,3081.31,2232.91,1302.78,20231229
41590,화성시,12,외국인,7.55,88.53,1117.5,2373.39,2391.54,2366.99,1845.58,1263.64,1345.81,1221.7,812.66,310.93,92.56,13.33,34.63,456.24,785.7,1062.16,990.89,820.82,743.09,792.15,530.72,396.23,158.77,71.95,20231208
41590,화성시,15,외국인,13.75,59.24,1139.56,2749.17,2712.21,2198.1,1134.65,586.48,571.76,420.06,290.91,158.37,44.09,6.22,47.58,368.33,607.28,777.51,784.75,552.26,485.91,476.61,384.98,291.19,176.7,38.35,20231231
41590,화성시,16,내국인,11206.17,9073.1,7991.3,10535.51,11404.95,10650.6,14439.14,14095.6,14631.81,13082.47,12085.18,7817.3,3938.67,10411.66,7797.15,6284.63,7305.12,8997.31,10385.89,14037.53,11539.75,11289.66,9565.14,8184.78,6135.8,3317.99,20231226
41590,화성시,20,내국인,7767.99,7716.41,6904.89,10501.05,11767.08,10940.92,13958.25,12350.32,11852.81,8796.31,6925.6,4257.9,2053.45,7006.43,6988.95,5931.94,7773.59,9292.46,9374.11,11932.51,10179.3,9145.22,6796.33,5396.73,3872.92,1971.9,20231204
41590,화성시,11,내국인,7130.43,6848.43,6425.5,8895.02,10113.25,10351.78,14125.06,13071.14,13607.08,10679.48,9557.3,6746.23,3581.53,6262.38,6111.69,5941.99,7606.47,9395.02,9685.45,13093.74,11154.49,10831.09,9417.64,8395.01,6130.62,3510.64,20231203
41590,화성시,12,내국인,7886.82,7949.25,7729.82,11806.36,13748.32,12542.99,17101.54,16742.69,18169.69,15824.7,14007.03,8800.91,4675.18,7327.37,7472.02,6131.67,8342.16,9949.38,11261.95,15331.54,12816.5,12362.18,10380.86,9338.33,6785.35,3955.56,20231222
41590,화성시,23,외국인,1.76,34.71,454.21,945.87,1066.28,876.25,570.02,288.21,320.94,267.51,168.55,70.83,21.49,6.22,17.72,221.48,270.46,376.02,342.72,267.41,187.86,203.84,152.78,124.47,61.35,21.06,20231204
41590,화성시,19,내국인,9296.13,9221.51,9069.07,11640.03,13095.25,12497.51,15704.63,14516.42,13933.49,11040.56,8851.69,5215.94,2631.77,8512.03,8436.49,7294.96,8739.54,10355.07,10580.12,13893.67,11897.14,10898.62,8263.87,6782.37,4460.8,2342.11,20231228
41590,화성시,19,외국인,7.26,52.54,935.41,2278.43,2316.18,1965.52,1129.86,689.88,680.01,432.64,294.87,125.76,53.33,19.76,43.13,390.99,618.36,784.77,688.74,613.29,476.22,444.29,354.24,202.9,126.16,36.27,20231215
41590,화성시,22,외국인,2.01,58.22,773.88,1576.94,1542.43,1384.05,855.03,445.23,423.43,308.27,215.07,82.68,27.28,4.08,40.12,335.88,424.13,469.54,522.36,412.19,298.45,292.16,214.52,151.49,77.01,20.27,20231228
41590,화성시,0,내국인,2661.66,2944.48,3538.29,5137.19,5523.49,5463.21,7083.57,6094.09,5210.12,4092.71,3193.21,2020.18,1082.1,2305.77,2459.94,2985.6,3501.93,4173.07,4378.37,5755.14,4652.72,4082.54,3144.16,2771.09,1779.01,956.31,20231215
41590,화성시,6,외국인,0.0,36.02,519.45,1000.31,1109.63,1084.73,910.65,580.12,728.51,651.48,447.79,181.24,44.46,2.07,28.11,197.23,300.31,334.99,337.27,378.05,318.84,293.04,259.27,154.52,71.85,13.54,20231226
41590,화성시,23,내국인,3892.17,4425.4,5055.98,6748.34,7677.57,7452.28,8857.66,7849.87,7013.21,5255.76,4390.78,2890.78,1440.45,3371.49,3872.1,4388.51,5293.99,6116.76,6199.8,7866.4,6447.79,5639.08,4419.66,3884.86,2775.83,1542.72,20231217
41590,화성시,20,내국인,7649.07,9027.7,8315.61,10911.4,11994.96,11846.24,14932.86,13263.75,12474.17,9789.25,7607.71,4660.58,2462.56,6966.88,7949.7,6969.66,8527.66,9652.18,9791.01,12628.79,10629.22,9931.91,7383.59,5797.4,4129.14,2161.5,20231226
41590,화성시,22,외국인,3.45,52.9,618.32,1429.78,1370.39,1170.9,707.71,360.77,407.7,264.09,208.53,91.65,18.39,14.31,29.77,359.82,434.68,521.81,551.18,374.54,299.39,271.4,196.37,142.68,63.18,28.0,20231201
41590,화성시,6,내국인,2981.66,3247.36,4542.73,6519.54,7019.93,7206.5,9110.92,8970.39,9528.79,8583.33,7211.55,4531.32,2123.67,2873.47,2842.06,3497.63,4160.96,4953.27,5509.78,6954.98,5788.9,5822.79,5061.57,4233.48,3071.35,1656.54,20231229
41590,화성시,8,내국인,7882.23,5696.18,5034.38,9352.24,10669.0,9581.46,12704.0,12694.37,13563.58,12265.95,11105.24,6994.09,3220.45,7475.38,4940.3,3893.47,5247.72,6632.58,7468.62,9879.88,8465.92,8273.03,7197.53,6624.07,4639.34,2528.9,20231207
41590,화성시,17,내국인,10588.76,8385.02,7432.36,10814.21,12085.11,11090.65,14395.07,14163.66,13961.0,12287.93,10381.45,6595.36,3401.49,10066.94,7408.54,6063.72,7314.2,9196.85,10595.21,13897.15,11112.1,10975.95,9043.49,7605.02,5377.68,2868.55,20231212
41590,화성시,17,외국인,11.38,62.45,937.35,2047.25,1999.97,1890.87,1318.41,805.91,842.82,592.51,404.9,156.25,62.19,9.92,35.91,375.12,624.47,803.65,910.29,715.14,601.72,569.67,454.23,219.49,124.75,61.28,20231205
41590,화성시,15,내국인,10607.18,8970.24,8339.9,10745.53,12199.0,11311.12,15264.47,15396.8,16607.3,14929.06,13217.0,8573.95,4500.69,10266.44,7928.14,6380.49,7457.22,9384.77,10681.42,14383.03,11939.3,12153.62,10275.74,9185.56,6693.24,3804.79,20231227
41590,화성시,14,내국인,8193.42,8206.55,8427.19,9481.56,11030.28,11231.79,14157.07,12805.49,12679.42,10773.64,9541.41,6491.73,3568.32,7422.57,7456.72,7623.41,9224.53,10608.28,10558.1,14080.38,11509.73,11522.14,9693.7,8749.54,6386.25,3399.53,20231231
41590,화성시,3,내국인,2752.62,2780.34,3102.8,4498.61,4812.27,4889.92,6098.75,5486.03,5089.85,3981.1,3380.65,2239.24,1168.1,2377.03,2269.88,2440.07,2955.04,3833.92,3786.83,5223.37,4162.13,3949.53,3005.8,2743.62,1953.25,1097.02,20231213
41590,화성시,2,외국인,1.76,32.41,276.36,694.77,748.97,648.37,431.43,194.67,225.66,154.35,103.3,48.61,31.79,0.0,14.45,157.2,190.49,295.12,298.71,204.78,183.15,165.93,136.68,87.17,35.97,15.93,20231208
41590,화성시,19,내국인,7698.3,8897.22,7771.92,10091.44,11237.69,11320.75,14119.48,13205.37,12092.18,9465.87,7476.19,4760.98,2357.59,7011.68,7963.92,7192.93,8554.98,10387.57,10214.33,13409.7,11049.18,9889.96,7862.56,6587.01,4519.58,2243.69,20231202
41590,화성시,21,외국인,3.39,65.07,1003.91,2184.01,2434.05,1863.57,1019.5,478.4,472.82,337.67,200.81,92.69,33.48,10.16,41.41,370.47,602.41,705.39,624.24,490.21,321.75,374.52,270.15,195.4,112.04,26.26,20231209
41590,화성시,5,내국인,2848.07,2662.68,2724.1,4525.12,5441.18,5453.15,7101.26,6422.84,6565.1,5334.25,4731.59,2834.74,1570.19,2370.81,2153.84,2723.6,3293.56,4044.09,4154.26,5176.57,4795.34,4376.05,3731.15,3345.22,2346.57,1422.2,20231211
41590,화성시,1,외국인,0.0,46.04,544.44,1092.16,1125.64,908.92,532.19,282.0,279.35,210.7,128.21,58.92,25.0,2.0,29.99,204.54,281.72,315.56,387.44,267.22,234.29,193.27,156.7,125.68,61.41,23.73,20231230
41590,화성시,20,내국인,7393.62,8710.54,8844.71,10183.22,11691.49,11519.68,14251.74,12405.49,11191.35,8318.45,6928.67,4662.64,2313.91,6968.16,7830.38,8022.8,10032.84,11011.05,10832.18,13391.36,10725.74,9493.45,7576.93,6487.11,4547.51,2556.45,20231224
41590,화성시,17,내국인,8541.09,8638.9,7753.76,9727.68,10763.57,10715.16,14477.55,12943.51,12369.09,9943.94,8057.38,5497.19,2621.8,8319.41,7606.91,6891.38,8321.01,9885.56,10556.09,13698.15,11004.35,9873.0,7924.44,6865.33,4757.9,2431.89,20231216
41590,화성시,15,외국인,2.07,57.12,852.85,1895.05,1962.75,1803.77,1382.46,880.61,857.12,791.74,522.77,182.36,52.19,13.94,24.78,365.7,624.24,734.97,868.24,719.02,598.88,589.68,426.51,285.44,151.93,40.18,20231211
41590,화성시,10,내국인,7514.95,5589.19,6055.64,10673.19,11672.82,10563.44,13970.86,14341.24,15814.97,15020.38,13267.64,9074.57,4360.33,7126.93,5202.15,5087.61,6092.96,8339.28,10064.28,13246.42,11195.06,11034.3,9485.95,8904.52,6438.12,3709.0,20231213
41590,화성시,15,외국인,5.59,80.1,1071.43,2087.02,2299.13,2048.02,1544.49,997.13,1041.71,874.03,619.1,270.65,106.38,10.08,43.44,453.3,686.28,842.46,857.58,812.04,677.4,634.15,513.52,287.79,168.7,41.24,20231222
41590,화성시,20,외국인,5.85,38.83,688.39,1594.72,1639.73,1428.19,902.34,502.44,526.66,353.56,230.9,98.67,35.88,12.09,25.19,359.77,454.68,593.37,594.15,464.43,323.92,376.33,261.96,190.98,91.22,25.32,20231204
41590,화성시,17,외국인,7.29,72.34,919.01,1997.71,2075.4,1950.54,1238.07,788.51,872.51,623.23,347.78,143.27,68.23,15.75,33.69,410.03,618.48,899.43,823.82,663.13,516.37,564.09,418.65,218.52,122.49,38.35,20231206
41590,화성시,8,내국인,7621.45,6072.25,5043.99,8819.08,9937.9,9252.96,12437.67,12440.49,13017.36,11833.97,10624.98,6999.18,3158.6,7474.27,5343.06,3720.92,5399.89,6323.01,7295.62,10266.71,8487.61,8255.52,6923.38,6528.24,4621.66,2411.12,20231201
41590,화성시,11,내국인,6990.69,6316.9,7430.85,11882.64,13275.33,11907.74,16181.45,16568.95,17842.63,16377.59,15206.21,9997.45,4702.79,6808.09,6218.25,6414.21,7155.52,8827.97,10490.93,13976.05,11933.87,11690.46,9975.8,9471.29,6710.14,3939.09,20231205
41590,화성시,18,내국인,10182.91,8382.67,7542.63,11581.47,12738.65,11294.56,14605.51,14160.84,13356.56,11132.39,8870.12,5623.99,2656.32,9585.38,7502.85,6256.48,8109.01,9866.7,10471.43,13741.31,11465.38,10647.84,8469.47,6876.8,4820.45,2510.02,20231212
41590,화성시,20,내국인,7423.67,9287.94,8728.15,10492.28,11753.14,11528.18,14699.93,12591.73,12093.34,9218.38,7463.38,4773.76,2305.81,6975.95,7990.2,7788.18,9377.52,11114.26,10802.07,13703.59,11124.35,10250.35,8096.65,6637.68,4501.19,2360.54,20231223
41590,화성시,23,내국인,3957.05,4624.66,4971.86,7447.77,8326.22,8104.8,9697.37,8312.1,8037.13,5972.52,4537.28,2964.5,1446.88,3666.26,3861.0,4056.41,5104.03,6030.81,6252.56,8201.99,6765.56,5935.85,4634.4,3836.73,2761.06,1426.7,20231213
41590,화성시,9,내국인,4755.88,4976.22,5969.02,7854.19,9287.87,9356.15,12029.0,11594.58,11717.24,10030.15,8272.7,6085.69,2940.95,4197.9,4251.07,5184.73,6199.92,7666.53,7959.52,10008.71,8596.71,8656.62,7468.52,6762.35,5027.54,2857.67,20231230
41590,화성시,11,외국인,12.91,63.15,1004.36,2013.67,2126.99,2059.23,1696.36,1212.93,1350.37,1259.89,793.2,342.83,72.99,15.4,32.48,350.4,636.95,864.38,954.59,711.22,604.62,648.02,517.66,394.26,195.8,74.38,20231205
41590,화성시,1,외국인,0.0,34.19,288.06,695.06,707.14,682.51,409.33,251.81,232.59,190.24,87.11,39.31,16.1,6.08,14.48,169.78,212.94,299.87,301.61,238.23,191.59,181.12,123.53,81.06,47.45,16.28,20231201
41590,화성시,19,외국인,13.65,48.72,813.23,1756.83,1749.12,1698.65,1051.8,610.71,644.04,439.7,246.64,128.85,38.42,9.56,22.16,365.13,503.46,686.41,755.44,584.59,420.44,499.88,378.57,195.85,110.13,41.68,20231207
41590,화성시,21,내국인,6400.72,6861.77,6082.36,9556.76,10864.33,10388.46,13074.66,11227.06,10274.96,7735.26,6086.4,3816.35,1926.36,5960.97,5802.71,5498.3,7084.41,8482.42,8684.86,10841.9,9050.19,8270.76,6127.29,5132.0,3270.67,1864.81,20231211
41590,화성시,12,내국인,7177.33,6717.29,7690.11,12382.98,14334.15,12708.41,16835.05,17116.43,18643.35,16562.09,15347.63,9856.6,5035.13,7104.92,6259.76,6901.39,8223.31,9699.38,11091.52,14271.02,12656.5,12423.34,10734.72,9359.43,6754.72,3934.78,20231204
41590,화성시,20,내국인,7729.94,7747.56,7254.1,11313.72,12568.14,11655.28,15049.91,13471.3,12254.0,9335.26,7229.43,4585.28,2165.43,6881.68,6459.84,6150.68,8606.3,9347.91,9439.31,12431.35,10591.06,9255.69,7261.04,5661.1,3886.21,1924.29,20231214
41590,화성시,10,내국인,5662.01,5694.89,6553.93,8466.18,10238.43,10214.99,13253.81,12781.16,12965.25,10838.28,9233.53,6577.73,3149.15,5146.92,4973.78,5646.23,6841.12,8502.3,8913.23,11415.09,10101.33,9709.18,8262.03,7570.99,5580.44,3163.73,20231230
41590,화성시,2,내국인,2809.95,3421.64,4577.17,5462.96,5733.68,5585.45,6857.8,6036.34,5920.85,4430.37,3587.61,2435.17,1294.51,2667.93,2670.24,3627.07,3716.09,4350.4,4654.54,6106.4,4738.94,4551.5,3544.89,3007.95,2084.12,1292.16,20231229
41590,화성시,10,내국인,5985.56,5871.64,5695.55,8183.92,9316.18,9723.44,12895.48,11829.14,12392.26,9880.42,8684.13,6011.79,3338.13,5453.25,5459.39,5330.8,6825.13,8460.47,8656.79,11689.03,10441.83,9922.74,8626.78,7825.38,5719.89,3193.31,20231203
41590,화성시,6,내국인,2711.59,2682.36,3500.92,6122.87,7183.15,7118.39,9067.36,9264.09,9770.7,8800.16,7403.61,4490.87,2055.3,2427.59,2384.18,2932.77,3681.52,4914.78,4857.75,6682.51,5750.31,5786.41,4899.1,4294.03,2934.47,1593.58,20231214
41590,화성시,7,외국인,4.09,45.54,676.61,1557.25,1527.54,1479.25,1223.81,831.15,828.28,748.85,449.61,203.51,38.24,6.15,16.07,244.53,352.57,517.18,527.47,491.17,426.26,446.88,309.9,219.91,97.13,40.56,20231215
41590,화성시,5,내국인,2815.28,2884.76,3357.03,4827.73,5613.8,5745.38,7391.01,6802.59,6940.62,5669.1,4687.59,3033.29,1501.93,2435.48,2440.86,2808.42,3337.59,4069.22,4403.94,5912.04,5084.5,4935.81,4060.16,3529.22,2440.98,1375.08,20231221
41590,화성시,2,외국인,0.0,22.33,324.83,677.71,762.63,709.6,418.9,235.99,172.52,158.93,113.28,31.96,11.76,2.0,14.32,140.31,162.3,322.05,268.33,215.67,167.94,127.49,135.18,80.78,47.66,20.59,20231212
41590,화성시,19,내국인,7437.68,8530.8,7010.53,9755.75,10825.88,10806.2,13417.84,12122.81,11300.67,8510.78,7102.73,4494.55,2353.47,6338.67,7495.39,6624.99,8301.19,9573.3,9921.48,12731.24,10043.37,9175.07,6993.63,5961.04,4339.49,2257.43,20231210
41590,화성시,17,외국인,11.38,65.73,1010.55,2189.0,2238.63,1990.75,1414.14,850.49,872.94,649.26,459.56,153.43,69.64,8.15,37.36,460.33,675.09,855.47,907.82,774.38,594.38,563.42,433.62,247.87,121.75,55.66,20231212
41590,화성시,3,외국인,0.0,16.25,329.29,718.63,745.51,645.85,429.5,225.86,207.89,176.24,115.65,44.89,29.92,2.07,10.5,91.93,188.19,260.98,276.69,197.57,176.36,145.02,109.87,96.1,51.27,13.37,20231214
41590,화성시,19,외국인,7.6,59.5,864.06,1965.71,2158.71,1689.7,1094.27,575.71,613.72,421.09,295.33,148.33,35.98,11.53,47.2,432.4,634.89,720.69,795.61,566.44,495.37,462.34,364.49,211.76,111.05,62.79,20231208
41590,화성시,23,내국인,4549.3,5703.46,5570.27,8125.96,8888.81,8705.1,10354.58,8933.05,8121.85,6101.67,4686.11,3117.78,1471.11,4153.21,4786.59,5101.57,6339.52,6917.98,7100.01,8746.85,7177.11,6474.27,4982.26,4116.54,2903.73,1559.1,20231208
41590,화성시,23,내국인,4418.96,5800.37,5818.17,7795.02,8361.41,8038.82,10004.85,8519.97,8171.1,5884.52,4730.89,3014.98,1520.18,4084.87,5134.58,5251.26,6275.8,7329.12,6740.7,8486.7,7179.1,6377.9,4945.32,4138.39,2912.69,1560.7,20231202
41590,화성시,14,내국인,9923.29,8692.27,6977.24,9485.15,10899.58,11008.59,14691.94,14192.42,14659.56,12294.2,10952.53,7512.46,3898.42,8704.92,7640.05,6578.32,8060.8,9792.7,10649.08,14365.25,11749.59,11279.4,9754.74,8866.14,6142.29,3578.45,20231209
41590,화성시,16,외국인,9.63,77.77,1095.76,2151.29,2299.56,2011.86,1538.16,969.79,1005.36,854.3,582.4,232.88,59.49,18.21,48.07,465.49,672.57,796.35,882.18,771.83,656.67,626.97,458.61,292.43,159.21,52.61,20231228
41590,화성시,10,외국인,7.31,62.97,977.55,1942.02,2167.88,1955.22,1544.62,1032.99,987.91,892.66,620.22,238.34,96.38,17.9,30.46,438.68,676.97,763.08,882.57,760.29,598.63,548.15,476.46,315.37,169.61,37.8,20231222
41590,화성시,2,내국인,2797.0,2922.19,3451.38,4949.12,5100.61,5121.96,6415.4,5457.07,5102.31,4077.65,3465.8,2275.32,1126.1,2643.12,2483.26,2993.83,3453.0,4040.89,4264.69,5513.71,4368.61,4227.51,3310.16,2829.39,2080.97,1111.62,20231219
41590,화성시,8,외국인,5.85,62.75,983.16,1920.69,2104.27,2047.2,1535.24,1020.2,1123.58,977.97,720.25,312.67,59.17,8.31,44.83,378.86,636.2,733.79,785.79,710.33,602.31,575.16,383.62,290.92,144.96,39.49,20231227
41590,화성시,21,외국인,5.3,52.85,656.05,1591.2,1598.87,1344.15,802.57,436.37,431.35,315.26,197.85,98.22,26.27,16.16,37.39,398.57,495.78,615.65,610.35,378.73,340.17,357.77,238.96,153.76,71.68,24.14,20231201
41590,화성시,2,외국인,0.0,36.93,502.94,1019.14,1089.7,872.91,523.09,279.9,268.73,212.41,117.73,63.07,22.96,4.08,32.06,189.01,278.5,303.99,346.05,257.06,216.42,204.49,163.01,110.16,71.65,18.07,20231230
41590,화성시,6,외국인,1.76,23.43,471.05,951.72,1189.93,1093.09,968.29,696.81,858.92,753.66,518.71,185.38,43.65,2.07,10.45,195.17,286.39,395.93,429.32,309.31,321.18,315.06,237.59,192.05,89.58,25.27,20231205
41590,화성시,14,외국인,3.84,53.92,1102.54,2056.22,2184.22,2040.33,1647.08,1038.66,1137.23,1011.59,776.43,289.16,72.41,14.02,47.62,440.52,676.92,773.22,908.04,774.11,664.43,661.24,491.65,300.05,174.13,55.37,20231228
41590,화성시,10,외국인,7.31,58.41,851.66,1790.11,1937.68,1924.05,1519.33,1057.97,1178.16,1058.22,682.32,263.36,69.15,10.17,20.41,332.8,581.63,785.87,855.38,688.78,584.13,605.72,416.47,312.19,170.92,55.63,20231206
41590,화성시,17,내국인,8812.56,9298.94,8772.43,9828.67,11108.74,11293.49,14675.04,13070.66,13203.24,10424.27,8834.71,5828.57,2944.46,8315.75,7950.76,7511.32,9132.11,10844.3,11358.61,14302.76,11676.6,10958.12,8995.97,7729.76,5477.9,2893.18,20231223
41590,화성시,2,내국인,2685.51,2795.65,3110.76,4576.12,5043.15,4945.73,6256.24,5510.23,4988.91,3913.04,3226.08,2262.23,1201.43,2328.92,2257.34,2717.51,3079.79,3953.78,3981.48,5275.38,4296.52,3905.67,3152.06,2851.67,1994.9,1249.48,20231212
41590,화성시,21,외국인,4.02,64.0,909.45,1726.73,1694.61,1538.59,919.58,490.3,482.37,332.86,237.84,90.51,34.1,6.15,44.15,363.86,444.46,575.51,579.39,456.52,343.89,355.79,283.69,177.49,97.5,29.72,20231228
41590,화성시,15,내국인,10720.33,7650.08,7300.97,10550.32,11927.58,11066.2,14436.17,14581.0,15703.99,14093.83,12625.71,8006.57,4119.86,9702.0,6854.45,5794.4,7129.61,8863.05,9956.53,13708.68,11260.46,11309.04,9759.36,8466.83,6086.67,3428.72,20231218
41590,화성시,15,내국인,9253.18,8423.05,7081.53,9332.02,10181.95,10786.26,14258.06,13445.59,14188.2,11452.33,10240.19,6559.6,3387.97,8731.34,7351.78,6687.65,7836.63,9968.19,10237.02,13150.08,11766.45,11011.23,9474.7,8217.08,5916.7,3411.28,20231202
41590,화성시,3,내국인,2969.75,3249.55,4349.67,5041.02,5247.09,5368.74,6324.35,5828.98,5252.31,4220.08,3446.3,2535.07,1196.73,2606.43,2626.78,3417.92,3338.76,4083.14,4322.14,5728.67,4530.32,4206.81,3313.0,3086.99,2225.52,1256.48,20231228
41590,화성시,3,외국인,3.45,32.35,425.86,1183.04,1124.92,893.59,515.09,250.36,247.45,186.55,107.47,58.63,16.13,6.22,11.67,174.6,279.62,364.13,311.86,214.26,192.81,184.26,141.85,113.41,54.2,27.96,20231203
41590,화성시,9,외국인,7.24,78.62,794.4,1846.97,1847.44,1793.66,1472.02,967.93,1146.88,948.31,645.94,263.61,83.02,11.54,28.21,318.48,507.93,735.39,828.86,632.57,519.41,571.53,419.44,292.68,113.83,77.19,20231208
41590,화성시,21,내국인,6208.55,7721.2,7215.6,10372.37,11797.11,10748.2,13575.48,12009.13,11221.25,8423.95,6167.17,4003.98,1964.08,5811.1,6293.75,5743.01,7746.31,8774.09,8926.71,11295.34,9249.14,8609.25,6618.13,5064.55,3660.16,1938.22,20231219
41590,화성시,10,내국인,6918.59,6102.85,5486.63,8377.33,10345.51,10538.09,14178.66,13847.43,14275.57,11889.04,10377.59,7128.06,3891.99,6083.45,5097.1,5356.48,6645.53,8470.14,9627.6,12275.55,10383.2,9851.44,8567.01,7848.53,5649.07,3313.07,20231209
41590,화성시,12,내국인,7513.76,6635.88,7663.26,12165.93,14471.8,12538.9,16333.15,16727.47,17436.48,15797.88,13818.84,9015.36,4444.5,7301.88,6880.06,6283.86,8316.56,9572.34,10843.98,14383.58,12598.69,12010.22,10009.58,8866.23,6528.49,3635.67,20231211
41590,화성시,2,내국인,2783.05,3047.34,3666.65,4842.85,5327.55,5085.8,6411.28,5704.74,5419.58,4179.02,3403.09,2270.45,1198.32,2493.36,2332.72,2828.22,3410.2,4036.17,4157.2,5592.6,4277.76,4186.27,3222.22,2799.34,2058.19,1177.35,20231220
41590,화성시,12,내국인,8152.45,7528.21,7571.0,13764.87,15364.14,13211.35,17540.35,17990.44,19611.4,17461.89,15983.56,10303.16,5112.92,7539.78,6703.31,6431.42,8604.91,10399.62,11678.27,15952.51,13007.56,13362.03,11040.04,9952.06,7201.85,4129.23,20231213
41590,화성시,16,내국인,11253.21,7842.95,7073.88,10613.12,11647.33,10423.89,14247.14,13981.21,14558.12,13007.91,11464.73,7532.88,3641.57,10258.37,7103.18,5784.57,7012.47,8804.5,10553.64,13982.63,11232.84,11030.5,9326.13,8011.84,5930.25,3181.45,20231219
41590,화성시,4,내국인,2652.53,2563.97,2897.05,4339.81,4677.3,4684.8,5954.85,5403.88,5220.02,4161.07,3514.39,2507.48,1331.02,2240.97,2087.11,2620.91,3264.54,3661.8,3855.63,5359.2,4238.51,4103.85,3244.41,3021.14,2153.5,1292.18,20231204
41590,화성시,23,내국인,4436.13,5636.66,5750.08,8172.16,8785.33,8409.38,10704.6,9201.47,8504.96,6073.49,4838.52,3194.13,1509.04,3980.17,4558.52,5075.5,6404.68,7197.36,7087.64,9012.5,7320.01,6280.25,5009.4,4183.06,2949.38,1497.68,20231215
41590,화성시,4,외국인,0.0,28.09,375.7,715.21,776.75,628.26,408.55,191.41,236.58,158.01,146.27,63.36,26.87,2.07,19.94,126.94,214.73,251.93,269.43,214.64,157.72,160.02,167.1,79.95,50.41,11.29,20231226
41590,화성시,12,내국인,7954.63,8880.88,7449.09,12318.08,14111.15,12775.52,16638.22,16763.36,17538.96,15347.09,14028.34,8757.17,4202.61,7353.12,7675.06,5897.27,8134.57,9642.34,10855.1,14967.11,12742.35,12173.22,10213.44,9200.39,6312.21,3687.47,20231215
41590,화성시,16,외국인,5.54,52.82,875.67,1764.68,1880.68,1821.05,1294.82,875.51,935.83,758.72,441.57,198.83,64.15,16.47,29.46,346.65,576.25,752.7,858.62,686.89,564.64,566.32,421.93,266.5,125.21,37.28,20231206
41590,화성시,1,내국인,2888.61,3249.62,3939.47,5356.97,5780.51,5489.28,6943.89,6188.25,5659.55,4485.35,3591.3,2364.56,1271.36,2654.14,2474.15,3100.42,3714.43,4413.7,4575.6,6095.65,4526.17,4400.87,3400.23,2998.06,2121.41,1242.78,20231220
41590,화성시,9,내국인,7426.16,6049.05,5527.82,9348.49,10664.94,10203.28,13248.91,13704.66,14450.71,13137.85,11991.2,7794.64,3969.67,6834.94,5683.22,4649.74,5583.0,7184.86,8983.93,11794.96,9691.5,9523.04,7978.02,7718.14,5677.5,3201.73,20231208
41590,화성시,1,외국인,3.93,23.89,504.62,1261.73,1276.99,974.29,519.1,261.52,229.52,203.11,129.72,83.7,35.36,2.07,30.5,179.81,319.75,330.3,298.45,282.56,201.26,191.65,134.35,103.6,57.54,19.84,20231225
41590,화성시,12,내국인,7276.32,6724.3,7797.92,12976.98,15025.63,13528.1,17580.57,17726.61,19034.28,17330.34,15510.8,10187.41,4893.62,7125.06,6048.51,6849.24,8347.32,10117.68,11249.24,15006.95,12681.99,12585.2,10656.65,9489.11,6507.66,3849.07,20231206
41590,화성시,14,외국인,4.15,76.44,956.08,1981.79,2125.01,1995.42,1521.87,1063.76,1188.62,1038.87,725.21,301.8,110.05,9.81,33.29,420.04,614.89,816.41,874.49,762.13,630.11,598.94,484.96,335.46,165.84,81.91,20231213
41590,화성시,4,외국인,0.0,14.23,337.17,718.36,792.01,667.32,461.55,252.69,249.61,204.38,136.2,57.24,32.19,2.0,17.95,124.06,187.53,267.01,287.32,213.39,184.29,189.28,157.54,89.77,45.22,17.89,20231220
41590,화성시,11,내국인,7224.58,6556.78,7120.82,11420.34,12676.66,11526.6,15684.38,16073.37,17580.19,15985.64,14345.05,9287.62,4684.02,6843.74,5904.75,5762.32,6960.77,8709.27,10475.75,13815.11,11433.51,11176.61,9388.35,9060.35,6865.85,3822.42,20231201
41590,화성시,13,외국인,11.54,58.86,898.48,2005.08,2085.56,1915.9,1368.98,961.51,971.25,810.82,514.5,204.27,70.04,7.95,30.04,415.0,592.19,788.05,865.11,761.37,644.74,588.18,431.18,303.24,141.59,64.21,20231215
41590,화성시,0,내국인,2749.47,2814.45,3109.75,4742.06,5241.88,5261.09,6510.66,5533.88,4876.57,3808.02,3091.41,1996.88,1109.33,2368.07,2680.51,2806.22,3509.48,4001.79,4241.54,5446.5,4538.63,3845.54,2996.57,2591.34,1776.26,1011.15,20231211
41590,화성시,15,내국인,8779.98,6652.16,7445.68,10909.87,11597.82,10722.02,14920.52,14913.87,16209.42,14664.57,13304.03,8699.39,4271.22,8214.67,6198.67,6404.38,6821.86,8736.99,10104.9,13761.99,11596.21,11931.74,9795.33,8832.72,6430.34,3749.78,20231205
41590,화성시,1,외국인,1.7,34.94,737.47,1658.27,1644.0,1194.69,584.96,312.41,281.9,187.81,148.61,78.78,18.6,11.75,38.35,214.22,371.96,410.03,409.51,274.18,221.58,195.59,177.48,127.02,87.05,18.15,20231231
41590,화성시,20,내국인,7337.05,8270.25,7856.38,11441.33,12731.69,11773.07,14755.88,13365.01,12575.19,9474.73,7332.19,4600.23,2244.77,6802.87,7442.54,6454.11,8503.06,9882.75,9697.86,13344.8,10862.42,9744.65,7568.72,5931.28,4080.07,2134.97,20231220
41590,화성시,22,내국인,4961.52,6283.59,5410.36,8676.08,9541.73,9393.43,11461.36,9918.09,9086.61,6862.25,5190.52,3345.83,1599.77,4577.56,5274.88,4777.65,6228.18,7327.37,7597.63,9777.52,8364.76,7039.16,5302.08,4334.4,3018.17,1647.69,20231204
41590,화성시,6,내국인,2692.87,2927.68,3786.66,6127.63,7018.55,6887.8,9266.72,8912.69,9496.09,8237.22,6740.97,4209.82,1925.66,2833.3,2521.88,3180.31,3826.87,4740.83,4901.03,6722.52,5711.6,5840.41,4794.72,4123.72,2944.31,1704.96,20231220
41590,화성시,0,외국인,0.0,15.88,287.35,623.15,744.1,577.76,369.16,199.79,207.86,151.57,95.0,43.0,28.12,4.15,15.47,117.04,177.02,290.62,294.5,176.52,151.48,153.6,111.47,86.4,42.87,15.45,20231206
41590,화성시,3,외국인,2.07,20.4,336.48,693.83,767.3,682.77,419.63,248.62,193.21,164.88,116.77,37.89,12.06,2.0,16.63,117.99,174.22,337.51,291.47,196.79,163.69,135.36,145.18,81.01,57.13,18.51,20231212
41590,화성시,16,외국인,5.54,56.15,946.29,1942.79,2090.0,1942.04,1417.18,948.51,1041.97,798.71,617.05,256.08,86.11,18.25,44.6,409.63,608.73,787.77,935.6,702.09,594.21,549.45,495.02,279.59,124.74,66.78,20231213
41590,화성시,18,내국인,7978.65,9428.4,8998.42,10720.44,11976.81,11870.58,15133.77,13697.56,12638.7,10121.07,8311.48,5662.73,2964.55,7285.84,7755.51,8432.2,10008.89,11053.55,11519.56,14305.01,11546.72,11489.61,8987.56,7721.57,5288.38,3056.96,20231231
41590,화성시,20,내국인,6519.12,8689.51,8953.41,10264.9,11682.6,10911.03,13866.58,12267.66,11635.77,8932.05,7260.38,4802.67,2360.87,6320.75,7427.06,7788.7,9088.44,10319.31,9930.28,13158.09,10543.89,9957.26,7747.01,6559.42,4407.81,2312.59,20231230
41590,화성시,15,내국인,10855.42,9415.89,7475.16,9913.18,11420.18,10793.74,14484.72,14192.35,15240.99,13418.04,11785.56,7785.43,3845.57,9729.91,8669.32,6058.88,7349.75,8800.97,10361.0,13984.44,11511.75,11446.35,9522.78,8451.86,6266.23,3673.38,20231222
41590,화성시,4,외국인,2.07,12.01,279.01,613.39,716.63,611.55,385.06,223.6,228.14,166.36,98.36,44.08,32.39,2.07,9.87,112.51,180.49,277.23,247.94,178.35,159.83,138.33,103.78,90.16,63.47,14.6,20231211
41590,화성시,3,외국인,2.07,22.3,458.18,853.04,850.18,745.1,448.46,260.76,241.7,181.5,107.77,59.23,29.16,0.0,14.11,135.06,197.53,288.59,329.97,254.07,194.71,176.59,136.67,99.11,50.11,13.03,20231229
41590,화성시,7,내국인,4010.22,4205.32,5277.69,6232.11,7030.17,6862.95,8492.05,8244.21,7989.69,6420.82,5363.55,3964.95,2070.7,3635.23,3524.8,4656.61,5523.9,6025.88,6038.91,7729.03,6370.14,6352.27,5444.51,5095.65,3583.36,1901.37,20231231
41590,화성시,12,내국인,8251.26,7339.75,7601.28,9500.22,11238.99,11277.88,15117.9,14651.17,15529.73,12746.85,11011.37,7497.82,3640.92,7490.07,6891.19,6618.73,7993.11,10205.47,10833.38,13789.35,11884.01,11391.48,9662.95,8590.57,6126.65,3476.67,20231223
41590,화성시,5,외국인,0.0,12.44,303.8,728.48,768.38,695.52,455.35,261.91,292.72,275.27,208.17,86.52,34.01,5.78,17.61,107.11,221.35,293.25,257.33,222.64,183.96,189.94,134.3,140.55,74.08,18.65,20231218
41590,화성시,16,외국인,5.84,68.43,996.5,2454.44,2267.82,2027.52,1202.88,813.98,703.42,542.19,375.03,147.56,44.3,17.64,49.56,336.73,527.41,741.83,739.81,547.44,446.32,497.45,409.18,216.62,139.7,60.05,20231216
41590,화성시,21,내국인,6499.8,7788.06,6481.4,9986.15,11256.92,10530.57,13354.39,11599.65,10661.72,7764.97,6212.21,3884.8,1766.04,6188.42,6642.44,5865.24,7324.13,8494.79,8567.88,11406.05,9172.89,8306.88,6185.61,5103.31,3421.94,1734.02,20231206
41590,화성시,1,외국인,0.0,17.32,398.74,756.99,939.24,764.32,477.5,230.66,223.98,206.45,114.82,69.63,41.1,2.07,13.82,185.02,241.64,284.42,327.72,252.6,175.15,189.49,158.19,84.42,57.1,15.61,20231222
41590,화성시,18,외국인,3.78,53.97,1009.61,2118.74,2322.15,1934.15,1247.61,751.91,732.9,489.39,365.21,103.75,57.33,9.99,51.99,423.75,640.26,702.11,758.95,649.13,569.72,589.59,408.33,232.71,110.33,32.87,20231228
41590,화성시,14,내국인,9286.39,8627.11,7250.12,10084.11,11542.92,10775.37,14566.23,14079.0,14844.99,13326.16,12157.23,8043.69,4066.57,8654.84,7539.6,5643.97,6856.73,8887.0,9902.03,13557.42,11600.47,11469.42,9720.23,8703.57,6370.51,3570.71,20231215
41590,화성시,22,외국인,1.76,30.56,554.8,1252.3,1274.83,1078.73,717.48,329.73,395.21,272.6,184.26,80.81,28.0,9.93,21.54,262.9,342.72,436.66,420.56,305.59,254.75,243.03,199.6,159.01,70.23,24.68,20231204
41590,화성시,20,내국인,8141.11,9427.75,7717.6,10949.91,12275.34,11285.53,14876.77,13130.29,12424.24,9429.29,7227.37,4555.76,2016.48,7562.98,8614.94,6994.62,8838.37,9642.7,10211.6,13262.08,10626.88,9614.79,7474.41,5999.03,4185.94,1972.12,20231201
41590,화성시,14,내국인,9376.55,8494.26,8028.66,10366.32,11842.36,11210.52,14981.62,14762.91,15956.07,14272.58,12686.51,8533.32,4399.09,8997.69,7747.34,6475.84,7575.48,9410.26,10751.24,14186.63,12519.13,11734.97,10305.36,9175.04,7059.14,4077.46,20231229
41590,화성시,13,내국인,8425.88,6090.57,7122.36,11542.25,13265.97,11431.28,15731.09,16200.11,17377.29,15479.71,14140.14,9046.38,4547.25,8005.38,5622.68,5672.34,7331.19,9200.93,10908.43,14315.78,12152.38,11999.18,10321.36,9478.43,7065.03,3911.24,20231219
41590,화성시,13,외국인,5.63,77.29,992.52,2123.92,2313.4,2090.34,1551.58,1062.71,988.44,910.02,638.37,255.73,105.2,8.31,32.41,470.55,714.5,879.87,926.06,818.73,651.22,589.56,477.25,345.93,165.26,53.32,20231222
41590,화성시,23,내국인,3997.35,5150.26,6240.61,7671.24,8616.98,8484.19,9896.29,8775.89,8122.04,5959.78,4873.48,3225.68,1580.11,3690.96,4195.91,4871.36,5531.12,6436.61,6590.12,8711.53,7002.53,6185.05,4792.01,4151.71,2980.64,1611.4,20231227
41590,화성시,16,내국인,11048.69,9154.08,6972.54,9793.21,11186.72,10581.82,14405.84,13959.23,13903.85,11868.2,10624.19,6822.46,3594.86,9637.91,7899.33,5824.68,6928.34,8936.47,10233.76,13511.18,10808.74,10814.82,9326.75,7994.06,5596.16,3030.26,20231215
41590,화성시,4,외국인,0.0,14.52,307.08,746.17,778.91,621.15,363.96,192.37,180.2,168.56,122.87,67.07,25.61,5.78,11.39,110.46,208.86,269.33,229.49,195.91,175.39,155.64,120.72,118.15,60.26,11.91,20231218
41590,화성시,4,외국인,2.07,23.94,440.88,755.0,872.58,723.81,429.01,249.21,235.93,189.52,152.43,67.4,27.37,8.15,16.38,116.66,258.04,265.64,297.15,256.49,194.03,175.37,153.61,88.11,59.73,19.6,20231228
41590,화성시,20,외국인,7.53,68.01,908.71,2270.1,2308.31,1817.85,1034.31,546.75,484.42,362.61,188.43,103.52,22.57,16.52,37.2,390.93,600.91,711.04,685.6,527.51,423.28,366.87,293.68,181.47,108.28,30.98,20231202
41590,화성시,20,내국인,7132.18,8666.85,7714.57,10094.02,11068.28,10959.88,13723.98,12076.48,11568.38,8642.59,7010.23,4359.67,2094.27,6461.96,7827.18,7167.19,8760.6,10012.59,9716.01,12687.1,10384.58,9095.48,7334.73,5938.12,4043.44,2083.1,20231202
41590,화성시,15,내국인,10671.0,8360.01,7253.85,10813.26,12207.26,11192.45,14564.13,14796.24,15762.97,13952.56,12309.4,7701.96,3860.53,9907.83,7152.24,5579.47,7068.72,8826.47,10185.04,13700.74,11404.28,11212.94,9831.44,8409.84,6305.1,3308.37,20231220
41590,화성시,12,내국인,6998.94,6625.88,8202.99,13069.36,15061.66,13252.86,17434.83,17759.78,18890.86,17310.11,15872.56,10339.27,4815.73,6912.72,6314.99,7200.3,8320.14,9947.22,11491.18,14647.49,12761.85,12697.92,10724.03,9711.61,7087.36,4115.7,20231205
41590,화성시,5,외국인,0.0,22.53,314.31,695.19,747.95,739.33,525.43,334.79,370.12,337.94,207.42,98.29,35.03,4.01,12.41,155.53,228.49,310.02,292.06,226.57,209.45,220.96,145.42,107.09,64.83,16.43,20231201
41590,화성시,15,내국인,9451.84,8182.8,7025.19,9538.17,10956.85,11159.13,14597.85,13228.68,13583.97,10713.7,9188.88,6567.13,3646.93,8468.11,7868.57,6693.76,8497.71,9976.66,10830.09,13958.9,11424.27,11136.49,9313.51,8188.07,6078.56,3263.17,20231210
41590,화성시,17,내국인,10990.2,8429.7,7168.7,10262.09,11567.96,10675.41,14241.67,13401.25,13560.48,12095.24,10071.76,6638.78,3248.08,9649.29,7559.99,6007.28,7246.89,8829.2,10327.0,13466.89,10888.0,10451.14,8498.18,7323.57,5210.62,2736.45,20231204
41590,화성시,2,내국인,2682.47,2924.5,3099.92,4577.18,4935.67,5055.58,6168.22,5468.38,4876.33,3869.02,3297.77,2134.76,1240.86,2515.34,2444.76,2832.22,3492.2,3824.59,4241.34,5133.0,4562.47,3868.08,3163.17,2742.34,1995.39,1145.28,20231211
41590,화성시,14,외국인,11.08,66.89,872.66,1863.6,1930.92,1935.0,1499.68,1025.88,1138.93,1036.13,677.01,291.95,96.25,13.74,32.66,352.89,597.88,826.05,861.15,722.09,622.05,625.0,493.52,334.84,166.0,64.88,20231207
41590,화성시,3,내국인,3397.59,3945.85,4479.46,5704.44,5794.31,5439.4,6770.47,6099.03,5755.19,4446.63,3625.45,2477.99,1291.25,3257.79,3251.73,3888.91,4388.12,4819.34,4896.25,6226.2,4669.54,4570.91,3724.54,3152.3,2329.45,1365.11,20231223
41590,화성시,10,내국인,7522.99,5795.04,6126.82,10152.58,11481.03,10579.26,13988.42,14214.51,15274.68,14431.74,12731.41,8310.14,4097.1,7099.0,5378.3,5113.9,6103.4,8048.65,9745.97,13124.86,10999.42,10145.66,8973.42,8279.47,6224.77,3658.23,20231214
41590,화성시,5,내국인,3180.67,3460.55,3581.0,5187.2,5626.05,5551.75,7068.89,6481.09,6344.59,5170.35,4441.41,2847.34,1343.09,2699.41,2997.9,3405.52,4048.76,4587.84,4663.75,5975.66,4668.48,4586.68,3825.23,3397.02,2395.26,1259.17,20231216
41590,화성시,12,내국인,8459.32,7234.3,6590.87,9736.31,10956.0,11295.89,14999.78,15011.8,15743.58,13274.74,11552.83,7642.72,3952.75,7975.01,7134.94,6382.47,7634.31,9595.4,10450.82,13749.31,11823.11,11517.59,9758.28,8975.6,6217.35,3584.07,20231202
41590,화성시,1,내국인,2801.26,3253.66,3696.19,5364.74,5476.5,5677.25,7054.21,5974.15,5361.96,4334.17,3406.42,2150.79,1136.5,2602.73,2668.39,3055.81,3458.66,4182.36,4600.37,5983.16,4617.13,4391.95,3425.87,2968.56,2116.71,1253.06,20231201
41590,화성시,19,외국인,7.86,48.6,977.42,2009.14,2127.71,1784.33,1089.43,696.19,677.89,466.88,317.11,106.77,44.04,9.91,48.35,410.95,600.9,704.84,699.58,597.91,470.09,499.77,362.68,224.1,116.29,26.69,20231228
41590,화성시,21,외국인,11.16,48.24,713.92,1715.56,1819.23,1477.39,977.44,455.32,482.82,285.97,271.36,115.06,23.58,8.16,49.4,409.33,490.26,658.44,734.96,439.12,362.48,344.86,269.81,177.12,104.08,40.87,20231208
41590,화성시,18,내국인,9885.35,9152.67,8972.1,11974.83,13020.77,11723.87,15274.45,14403.23,13879.11,11638.53,9537.06,6109.5,3107.72,9197.63,8749.64,7273.01,8943.8,10090.47,10656.83,13923.94,11602.49,11299.87,8707.89,7042.34,5214.16,2557.74,20231227
41590,화성시,12,내국인,7882.98,7092.41,7708.1,13231.04,14779.87,13137.26,17001.3,16786.92,18390.74,16812.45,14985.02,9508.56,4614.67,7449.87,6518.56,6312.41,8282.44,10112.8,10927.54,15192.28,12793.63,12472.6,10666.48,9325.14,6592.58,3722.94,20231214
41590,화성시,22,외국인,3.69,64.63,838.1,1997.99,2119.0,1632.79,944.92,441.4,442.67,308.18,191.65,100.95,35.98,8.15,33.57,298.31,541.69,610.81,570.94,425.98,333.1,306.47,212.7,165.08,95.55,32.01,20231209
41590,화성시,3,외국인,3.71,14.25,433.3,885.93,984.7,762.06,510.24,236.07,220.41,181.23,120.21,72.04,31.89,6.28,25.05,185.15,235.86,313.54,312.29,232.39,178.07,171.37,108.66,83.83,64.24,13.79,20231223
41590,화성시,11,외국인,7.68,78.08,1163.74,2208.88,2440.57,2232.36,1806.08,1198.48,1290.53,1196.66,854.35,329.14,87.87,22.26,40.73,429.84,668.0,789.02,894.66,783.1,698.13,677.64,518.64,352.05,168.8,45.75,20231228
41590,화성시,2,외국인,1.69,29.95,341.37,815.41,931.5,760.62,491.43,266.19,212.99,179.92,108.22,55.55,23.32,4.08,18.09,161.16,276.19,305.48,329.06,221.34,168.37,179.92,136.72,93.51,47.84,17.84,20231216
41590,화성시,17,외국인,9.09,72.0,964.28,1997.03,2126.43,2033.88,1249.72,827.85,885.73,667.44,450.27,163.06,57.31,5.77,24.55,371.9,626.63,827.45,889.7,682.56,605.24,579.48,472.55,278.38,110.4,52.77,20231207
41590,화성시,0,외국인,3.69,42.94,471.63,1148.72,1232.78,991.06,555.53,255.02,251.2,174.9,117.84,44.75,33.63,0.0,19.88,168.58,349.47,378.99,349.31,275.89,169.86,188.35,96.08,82.83,54.72,14.18,20231210
41590,화성시,3,내국인,2539.67,2643.52,3041.47,4420.94,4811.04,4853.64,5968.62,5522.31,4984.46,4009.17,3243.36,2266.91,1109.98,2321.98,2299.71,2669.34,3159.86,3812.32,3948.99,5106.21,4211.43,3937.4,3116.87,2962.13,2035.22,1109.43,20231208
41590,화성시,16,외국인,7.24,78.36,1066.66,2331.97,2448.68,2171.49,1519.32,945.41,1033.95,731.46,530.15,235.93,56.16,14.2,51.47,476.72,652.56,860.01,899.11,675.1,656.93,563.19,489.37,268.48,177.19,57.4,20231229
41590,화성시,9,내국인,5062.84,5461.49,6274.68,7350.68,8772.56,8626.81,11221.91,10597.32,10786.98,8336.43,7243.01,5307.24,2903.58,4491.04,4656.93,5687.48,6698.71,7830.28,7779.25,10230.66,8815.94,8579.46,7420.49,6793.36,4940.56,2567.88,20231231
41590,화성시,13,내국인,8901.09,7903.65,6866.73,9568.35,10871.55,11073.01,14615.59,14178.1,15006.73,12503.62,10907.25,7327.8,3934.3,8765.7,7533.45,6613.79,7882.38,9729.16,10652.24,13766.26,11837.23,12003.85,9939.19,9075.41,6391.01,3649.24,20231202
41590,화성시,19,내국인,7675.96,8785.35,8092.2,10354.61,11511.81,11299.61,14552.28,12790.37,12446.59,9643.08,7793.47,4723.97,2296.61,6972.09,7572.71,6965.14,8766.91,10542.97,10640.09,13563.91,10697.15,9824.41,7670.27,6505.84,4359.59,2246.38,20231216
41590,화성시,0,내국인,2732.17,4152.52,4375.23,6197.86,6462.28,6082.1,7480.15,6608.87,6138.9,4640.57,3420.3,2006.63,1131.8,2818.65,3164.21,4028.73,4757.49,5263.34,5095.74,6406.77,5201.6,4767.28,3909.07,3109.6,2192.11,1300.73,20231202
41590,화성시,22,외국인,0.0,44.56,698.53,1410.85,1557.71,1223.0,768.06,395.14,390.62,287.61,180.7,92.85,31.67,6.28,27.21,289.64,393.53,485.3,516.52,376.39,231.46,261.39,209.87,140.64,92.23,23.8,20231214
41590,화성시,8,내국인,7557.62,5587.21,4995.44,9274.46,10460.8,9821.03,12952.86,12652.15,13590.73,12167.96,10983.17,7170.35,3014.17,7185.8,5090.8,3828.81,5490.2,6629.7,7524.91,10096.03,8618.15,8286.61,7228.64,6688.4,4583.84,2426.06,20231206
41590,화성시,7,내국인,3612.61,4045.75,5598.17,8039.6,9158.67,8680.37,11222.7,11037.88,11610.55,10539.66,9012.98,5767.68,2561.2,3494.82,3700.84,4357.28,5155.87,6190.35,6267.87,8286.83,7345.98,7094.15,6018.13,5435.37,3943.6,2126.78,20231226
41590,화성시,9,외국인,9.38,57.4,930.82,1870.68,2127.8,2015.23,1549.29,1077.29,987.88,944.34,663.39,283.42,87.72,9.96,35.75,365.78,545.08,784.65,869.01,696.29,557.68,550.52,417.97,307.25,156.89,50.69,20231220
41590,화성시,1,외국인,1.69,46.4,511.59,1199.29,1319.63,1097.29,564.17,248.45,236.66,195.31,97.48,46.64,35.22,2.0,22.03,178.57,365.43,382.99,409.04,285.94,200.93,214.58,140.85,100.61,59.35,14.2,20231210
41590,화성시,1,내국인,2770.82,3091.65,3555.42,5168.59,5546.54,5416.95,6924.8,6102.56,5430.94,4215.94,3354.08,2254.61,1171.73,2501.76,2839.7,3035.02,3616.46,4216.31,4426.51,5721.91,4646.45,4318.5,3367.14,2962.75,2017.12,1189.03,20231208
41590,화성시,19,내국인,9090.6,8905.9,8415.54,11836.1,12876.69,12111.78,15890.6,14141.75,13114.52,10505.44,8326.16,5293.4,2413.83,8779.74,8268.5,6668.94,8867.22,10019.31,10479.21,13920.62,11603.02,10854.61,7894.62,6313.58,4387.79,2295.64,20231221
41590,화성시,19,내국인,8956.8,9089.92,8570.04,11543.32,12230.46,11896.17,15571.05,14174.53,12998.41,10626.41,8589.58,5169.27,2713.42,8300.06,8301.82,7057.95,8745.47,9972.24,10347.73,13501.21,11168.71,10488.31,8038.05,6298.73,4660.71,2380.89,20231226
41590,화성시,11,내국인,7742.97,7437.81,6991.16,10991.88,12651.14,11815.84,15891.84,15913.19,17397.92,15392.44,13627.07,8604.48,4499.16,7203.36,6723.75,5494.17,7139.57,8908.03,10826.47,14316.35,12056.84,11407.86,9793.41,8984.41,6641.86,3960.41,20231222
41590,화성시,0,외국인,2.07,20.02,346.05,618.66,726.52,653.84,424.94,190.78,217.48,145.0,107.06,47.02,17.63,4.08,11.51,112.5,190.69,260.1,243.23,222.93,143.29,161.31,125.74,81.16,47.94,13.85,20231215
41590,화성시,18,내국인,8516.18,9492.04,8972.24,10208.58,11640.06,11709.04,15014.21,13367.03,13173.83,10247.82,8535.94,5529.41,2765.94,7853.03,7929.92,8053.82,9375.51,11053.88,11438.5,14802.66,11702.76,11174.05,8985.6,7503.64,5201.22,2605.81,20231223
41590,화성시,6,내국인,2816.08,2635.61,3611.27,6065.25,6875.31,6909.59,9311.82,9265.39,9696.88,8544.29,7555.45,4420.97,2070.94,2584.45,2518.72,2922.17,3637.2,4482.53,4894.49,6622.12,5792.5,5653.08,4719.36,4223.88,3008.62,1635.62,20231201
41590,화성시,17,내국인,10534.75,8437.15,7083.38,10979.09,11599.64,10722.72,14160.7,13309.74,13900.48,11836.56,10298.73,6293.28,2905.22,9670.67,7543.63,6187.44,7131.44,8953.0,10208.37,13105.37,10786.8,10134.88,8303.44,6862.44,4795.71,2512.26,20231206
41590,화성시,12,내국인,7424.61,6655.2,7853.48,12696.12,14213.41,12935.83,16720.03,17120.25,18185.15,16420.4,14957.34,9470.14,4734.36,7023.1,6264.8,6428.29,8156.33,9656.79,10991.33,14548.51,12639.11,12284.36,10343.56,9344.77,7063.92,3932.98,20231201
41590,화성시,20,내국인,7340.93,8943.82,8969.57,11657.63,12858.73,11868.31,15295.35,13555.99,12677.62,9812.72,7689.92,4721.6,2364.03,7051.94,7608.42,7249.18,8740.5,10002.17,10063.85,13143.9,11029.62,10282.1,7431.36,6204.94,4487.67,2351.67,20231227
41590,화성시,20,내국인,6961.63,9081.72,9282.68,10607.21,11803.58,11493.72,14510.95,12558.6,11585.12,8975.9,7225.54,5047.01,2470.36,6837.14,7878.42,8382.78,9823.04,10668.76,10819.97,13140.55,10773.42,10249.09,8201.2,6928.22,4896.81,2684.97,20231231
41590,화성시,6,내국인,3465.01,3794.48,4778.74,6175.06,6837.01,6471.85,7882.96,7683.44,7887.81,6507.16,5516.85,3769.08,1786.79,3010.27,3200.86,3988.3,4579.38,5137.47,5168.46,6683.54,5599.83,5274.22,4657.03,4203.51,3013.4,1769.72,20231230
41590,화성시,10,내국인,7327.4,6192.53,5997.37,9767.79,11546.24,10362.37,13857.1,14137.62,15235.42,13798.49,12583.09,7958.41,4028.48,7023.56,5724.44,5172.85,6243.12,8074.05,9513.48,12737.96,10410.35,10079.33,8906.4,8086.4,6059.34,3403.69,20231218
41590,화성시,13,내국인,7652.92,7782.79,7789.36,9368.9,10933.39,11173.79,14244.41,13466.97,13247.75,11223.9,9304.03,6652.58,3230.13,7516.55,6737.32,7000.51,8030.26,9698.32,10359.62,12793.18,10951.47,11036.74,9066.9,8116.04,5899.06,3117.92,20231230
41590,화성시,0,내국인,2669.7,3308.29,4456.35,5363.93,5648.9,5693.96,7147.69,6044.78,5548.5,4358.02,3540.72,2302.42,1234.55,2452.93,2889.21,3372.04,3700.67,4388.74,4770.91,5792.84,4536.89,4394.71,3488.99,2798.91,2119.58,1172.71,20231227
41590,화성시,1,내국인,2910.15,3051.9,3601.07,5229.92,5611.31,5350.51,6739.62,6146.38,5371.17,4240.21,3350.34,2174.96,1250.42,2487.63,2517.71,2955.8,3458.18,4093.49,4395.87,5601.76,4670.35,4196.59,3228.97,2893.74,2015.28,1089.03,20231213
41590,화성시,14,내국인,7925.96,6648.43,7068.56,10409.14,11716.79,10768.01,14239.52,14715.29,15674.03,14597.86,13381.38,8931.42,4522.48,8144.55,6054.15,6327.05,6791.13,8435.32,9718.6,13142.34,11063.63,11446.11,9878.52,9041.42,6750.09,3946.48,20231204
41590,화성시,13,외국인,12.56,71.91,845.4,2177.66,2202.74,1964.48,1317.14,983.08,1052.26,882.42,604.21,268.52,69.4,13.55,24.28,374.27,589.14,752.72,790.26,582.06,549.29,558.61,448.98,262.11,124.99,60.89,20231202
41590,화성시,13,내국인,8878.99,7442.98,8283.88,11387.22,13325.92,12024.77,16334.64,16348.73,17438.77,15837.14,14582.73,9678.61,4770.61,8473.92,7037.99,6385.99,8020.96,9749.72,10884.63,14858.85,12664.55,12248.17,10645.48,9795.72,7434.54,4198.2,20231227
41590,화성시,13,외국인,9.69,79.32,1056.03,2159.94,2329.27,2153.63,1678.51,1040.96,1198.62,987.47,750.97,318.26,70.68,20.04,43.26,453.49,739.47,813.82,964.94,819.42,671.59,724.08,473.2,313.01,179.93,68.52,20231227
41590,화성시,7,내국인,3368.38,3624.32,3923.12,6519.52,7114.25,7109.24,9336.63,9384.85,9759.32,8571.36,7227.52,4624.28,2112.74,2984.73,3068.12,3846.75,4537.47,5404.11,5568.98,7122.7,6336.68,6222.74,5406.44,4651.7,3673.01,2027.75,20231202
41590,화성시,16,외국인,10.94,66.93,1015.84,2075.36,2248.5,1983.62,1392.92,950.84,951.83,782.05,515.88,228.13,77.31,9.9,49.74,467.49,643.58,785.1,883.99,695.74,623.03,570.25,519.66,258.38,139.83,31.63,20231222
41590,화성시,20,내국인,8339.34,9666.73,8916.65,10877.32,12358.51,12244.05,15007.04,13742.53,12846.36,9977.63,7656.2,4933.63,2343.22,7508.7,8176.64,7491.05,8989.28,10131.14,10599.45,13582.57,11551.31,10264.82,7808.44,6446.58,4423.59,2327.11,20231229
41590,화성시,3,외국인,0.0,19.72,286.62,689.72,836.18,558.32,442.78,210.31,241.0,154.25,96.38,54.17,22.33,12.0,10.09,129.97,195.17,273.39,276.59,197.95,165.48,129.86,103.23,80.86,46.6,15.4,20231206
41590,화성시,22,외국인,0.0,49.86,698.81,1473.09,1405.05,1274.16,756.25,406.53,389.58,258.12,216.16,89.7,22.55,8.3,43.1,289.36,406.59,495.56,481.35,373.04,262.88,230.24,224.86,145.93,77.68,11.28,20231225
41590,화성시,5,내국인,2964.04,3217.02,4208.81,5156.31,5616.2,5649.66,7713.23,6807.68,6939.38,5804.54,4911.91,3172.34,1694.73,2711.32,2800.84,3277.56,3566.94,4331.82,4397.92,5904.7,4790.77,4948.59,4046.53,3577.28,2690.57,1492.98,20231227
41590,화성시,16,내국인,8352.71,8058.49,6895.29,9389.29,10697.46,11005.86,14108.96,12481.34,11667.61,9458.11,7791.74,5174.98,2936.02,7355.93,6822.68,6489.71,8089.06,9770.58,10135.02,12937.95,10215.01,10062.37,8000.13,6891.25,4936.53,2593.88,20231217
41590,화성시,13,내국인,8515.61,8004.94,6658.16,9736.47,11056.82,11696.79,14920.91,13858.27,14112.28,11385.91,10095.01,7245.41,3934.08,7768.52,7252.97,6610.08,8720.23,10020.84,11017.79,14674.32,11997.87,11736.27,10201.34,9124.21,6425.73,3691.56,20231210
41590,화성시,10,외국인,7.77,50.56,802.02,1872.1,2091.43,1916.43,1545.78,1044.24,1096.71,1080.57,684.09,316.48,84.04,9.87,24.97,378.83,578.57,726.61,901.08,772.01,629.3,605.98,455.44,358.19,176.13,62.28,20231214
41590,화성시,17,외국인,9.98,53.73,994.14,2469.84,2581.33,2061.18,1159.56,591.23,525.58,359.81,242.14,113.13,33.73,20.47,38.18,365.58,580.16,732.44,763.59,513.98,378.05,425.08,318.28,182.1,139.86,38.9,20231217
41590,화성시,23,내국인,5010.43,6282.93,6844.66,8159.83,9159.17,8813.38,11000.01,9174.14,8808.33,6480.65,5386.09,3559.44,1721.7,4483.6,5192.7,5976.2,7586.41,8276.07,7810.83,9758.58,7742.97,7285.86,5665.06,4808.71,3309.36,1907.14,20231223
41590,화성시,0,외국인,0.0,15.83,356.43,842.5,924.85,746.66,486.06,213.75,229.39,175.32,119.45,65.35,29.54,6.28,19.8,175.15,269.73,330.03,291.61,215.32,216.08,192.76,104.31,99.24,56.92,14.14,20231223
41590,화성시,16,내국인,10763.83,7843.85,6997.29,10754.73,11861.82,10715.8,14285.66,14098.45,14785.55,13456.33,12047.04,7813.38,4019.26,10375.41,7184.27,5579.8,6996.59,9048.74,10809.06,14265.98,11243.05,11017.44,9651.3,8555.51,5933.17,3246.44,20231213
41590,화성시,18,외국인,9.82,61.36,1060.8,2587.85,2591.42,1973.22,1120.29,548.55,487.46,353.03,252.97,137.24,40.55,12.3,33.17,359.75,590.16,731.75,838.25,495.54,408.41,461.69,356.07,214.34,128.35,43.8,20231224
41590,화성시,6,내국인,3268.46,3631.53,3764.86,5781.24,6058.44,5874.41,7550.59,7071.33,6999.68,5699.36,4701.96,3289.48,1667.01,3014.58,3082.5,3675.78,4511.55,5099.2,5097.97,6223.03,5309.88,5218.96,4441.33,4054.5,2779.02,1520.48,20231203
41590,화성시,16,외국인,11.08,72.17,877.56,1817.33,1944.91,1788.01,1351.93,932.99,987.81,807.9,545.06,214.03,58.77,20.16,32.26,350.5,578.92,801.44,935.5,695.03,607.92,567.96,446.79,297.0,142.26,69.72,20231207
41590,화성시,1,내국인,2763.86,3325.63,3988.06,5452.25,5806.79,5713.78,6909.3,6171.05,5652.6,4413.26,3682.85,2462.26,1185.41,2580.72,2625.35,3176.2,3668.68,4526.21,4452.09,6096.33,5033.17,4627.57,3675.35,2987.78,2045.25,1276.41,20231221
41590,화성시,14,내국인,9206.86,6494.93,7181.87,11170.9,12538.68,11165.27,14951.49,15404.03,16529.7,14967.07,13372.08,8614.42,4534.81,8641.01,5694.76,5768.62,7013.39,8923.7,10535.95,14132.38,11811.03,11721.32,10151.2,9185.89,6962.8,3868.45,20231219
41590,화성시,16,외국인,6.08,58.68,922.33,2269.5,2372.04,1768.2,1148.1,616.2,648.0,490.42,361.9,170.21,57.58,8.15,48.86,400.81,587.01,650.03,709.2,548.59,444.83,493.95,352.72,219.74,143.92,28.97,20231225
41590,화성시,14,내국인,9594.31,7139.07,7403.57,10924.12,12105.35,11011.69,14826.93,14624.14,15716.89,14187.02,12884.76,8297.6,4091.92,8814.69,7064.85,6094.3,6801.41,8726.24,9540.8,13434.29,11453.36,11311.93,9757.75,8848.99,6524.04,3553.13,20231214
41590,화성시,5,내국인,2712.21,2550.3,3116.84,4907.16,5506.99,5419.52,7344.15,6727.56,6573.12,5613.56,4802.72,3058.44,1592.99,2445.39,2304.37,2619.84,3123.47,3862.5,4158.62,5706.37,4774.48,4610.8,3782.95,3631.18,2496.32,1409.27,20231201
41590,화성시,3,내국인,2671.6,2903.54,3184.95,4528.6,4947.63,4912.88,6341.95,5498.46,5018.92,4061.1,3290.72,2151.49,1177.04,2367.52,2278.66,2715.07,2999.1,3747.59,4015.48,5280.7,4182.57,3892.91,3185.14,2876.69,1981.36,1231.32,20231201
41590,화성시,23,외국인,0.0,37.68,617.51,1206.79,1272.62,1095.9,655.92,331.99,347.11,272.38,191.19,102.85,41.8,2.07,25.82,271.76,347.35,416.15,444.41,295.62,256.95,260.51,196.29,100.83,92.25,13.27,20231221
41590,화성시,12,내국인,7721.25,7577.4,7911.63,9762.3,11217.93,11503.93,14777.4,13511.69,13708.73,11264.71,9802.75,6780.46,3633.88,7259.01,7285.3,7130.23,9255.26,10822.41,11150.44,14583.5,12081.81,11892.41,10480.67,9380.06,6782.53,3813.24,20231224
41590,화성시,4,내국인,3335.45,3323.76,3804.49,5415.06,6059.72,5543.99,6877.2,6104.5,5862.2,4842.36,3806.03,2569.39,1362.96,2906.45,2828.35,3463.42,4679.94,4762.98,4827.65,6113.88,4823.99,4664.59,3941.89,3500.88,2363.54,1467.31,20231210
41590,화성시,20,내국인,7758.43,9563.18,8720.29,11007.16,11992.65,11908.4,15302.98,13612.77,13236.13,10064.19,7642.36,4915.22,2343.06,7757.94,8018.78,7159.2,9048.99,10110.24,10813.31,14143.98,11344.09,10656.07,8039.9,6360.7,4483.82,2373.75,20231222
41590,화성시,12,내국인,7670.92,7375.66,8160.99,13367.53,15283.32,13221.47,17220.46,17907.42,18958.58,17446.98,15304.72,10056.44,4823.52,7286.06,6684.56,7017.28,8377.92,10238.91,11316.04,14931.06,13247.45,12729.66,10759.59,9394.6,6834.46,3898.14,20231212
41590,화성시,7,외국인,0.0,39.59,761.47,1549.62,1603.74,1627.37,1351.51,959.29,1098.83,1010.38,653.38,238.8,70.51,10.23,10.38,262.04,441.92,597.42,634.87,526.65,511.39,462.24,326.19,218.79,107.92,37.13,20231206
41590,화성시,12,외국인,7.77,78.99,1036.7,2316.06,2663.71,2398.1,1838.58,1217.43,1275.25,1134.59,772.55,300.04,109.48,19.89,34.79,434.07,728.1,967.53,1055.69,951.8,795.52,702.79,491.85,361.79,156.82,56.51,20231214
41590,화성시,14,외국인,10.06,75.31,1009.06,2510.7,2676.15,2052.27,1222.14,681.04,596.54,461.79,333.43,196.64,55.27,18.46,35.82,350.34,592.14,832.54,770.5,539.59,479.62,438.26,360.17,232.22,167.53,64.32,20231217
41590,화성시,1,외국인,3.45,48.02,459.0,1292.08,1203.21,965.28,551.07,312.47,241.34,205.52,113.51,54.94,27.18,8.22,14.0,193.31,298.08,393.17,354.51,277.51,184.74,174.99,154.39,112.72,59.96,30.78,20231203
41590,화성시,10,외국인,7.61,69.38,1024.2,1927.62,2274.28,2085.05,1552.33,1084.82,1147.46,956.24,737.4,274.74,64.08,10.01,32.44,357.19,610.13,757.66,841.48,738.81,595.62,585.75,442.92,350.15,176.95,41.63,20231229
41590,화성시,23,외국인,0.0,45.53,612.37,1233.18,1255.47,1112.38,670.11,340.51,355.65,220.86,185.09,99.62,21.51,12.38,27.93,265.3,336.33,396.9,455.1,338.22,236.92,245.09,222.89,127.6,63.58,13.53,20231227
41590,화성시,11,내국인,7840.04,6456.97,6853.82,12401.36,13827.03,12001.0,16158.84,16583.64,18361.62,17080.32,15066.91,10062.35,5015.41,7279.76,5761.51,5755.59,7305.97,9433.59,10977.4,14557.22,12155.93,12101.54,10310.77,9519.19,6946.9,4209.19,20231213
41590,화성시,6,외국인,3.76,28.88,437.96,997.09,1167.6,1074.39,892.92,614.98,729.94,654.99,445.1,157.17,62.28,6.08,22.08,191.16,282.59,349.02,342.34,310.01,301.29,331.89,248.04,162.85,81.33,34.24,20231209
41590,화성시,13,내국인,8367.08,7224.55,7412.4,11433.36,12645.56,11801.27,15480.97,15953.85,16965.98,15205.79,14132.54,9423.54,4623.14,8170.93,6666.31,6605.57,7212.64,9004.02,10328.38,13867.43,11895.9,11973.73,10285.81,9603.15,6468.67,3856.2,20231206
41590,화성시,6,외국인,0.0,24.02,517.84,1017.41,1157.15,1099.67,927.15,590.89,586.2,613.98,385.48,161.17,62.46,5.85,12.45,219.47,303.09,361.64,374.78,329.74,311.48,267.81,222.16,141.62,73.61,11.96,20231222
41590,화성시,0,내국인,2518.59,2928.29,2999.31,4570.6,5132.52,4973.76,6502.23,5930.94,5119.09,4036.17,3024.38,2061.87,1026.52,2176.78,2400.78,2679.79,3165.35,4071.09,4106.92,5107.15,4379.33,3967.86,2910.94,2714.87,1803.76,1045.25,20231212
41590,화성시,14,내국인,9269.15,7523.19,7083.63,9523.34,10746.61,10967.84,14709.99,13768.18,13400.58,11129.33,9514.94,6515.79,3135.89,8609.27,6942.74,6465.5,7982.58,9812.71,10489.62,13706.39,11089.86,10243.11,8918.17,7984.67,5325.62,3010.99,20231216
41590,화성시,0,내국인,2615.92,2964.09,3459.12,5161.69,5549.6,5343.04,6740.9,6036.32,5408.67,4315.65,3156.37,2024.87,1058.0,2345.84,2453.7,2794.12,3197.17,4026.18,4296.17,5348.11,4482.15,3989.1,3200.79,2694.01,1899.39,976.54,20231213
41590,화성시,13,내국인,8640.19,8953.37,7353.97,10882.43,12306.35,11327.18,15457.16,15177.97,16143.03,14528.72,12940.95,8323.11,4344.72,7942.89,8110.89,6082.04,7788.71,9274.92,10704.32,14697.17,12144.75,11994.99,10184.32,9185.3,6823.27,3989.78,20231222
41590,화성시,0,외국인,5.89,30.43,322.33,712.61,875.65,752.3,509.59,232.9,276.95,167.61,129.45,46.96,11.87,6.08,18.25,181.78,249.93,300.29,318.25,241.29,180.76,196.04,135.5,94.5,58.51,20.3,20231209
41590,화성시,23,내국인,4003.26,4537.98,5017.89,7196.36,8103.19,7716.22,9983.54,8529.81,7837.39,5801.34,4502.41,2927.97,1488.86,3703.21,3960.22,3972.29,5187.94,6051.25,6390.6,8196.5,6608.5,5853.09,4601.32,3797.2,2666.15,1398.69,20231214
41590,화성시,2,내국인,3873.7,4702.45,5751.35,6423.9,6829.63,6462.26,7773.08,6675.1,5980.11,4564.11,3794.2,2612.4,1278.38,3504.23,3616.08,4989.8,6230.07,6159.09,5683.91,7028.31,5417.52,4978.11,4102.26,3516.17,2551.97,1460.47,20231225
41590,화성시,2,외국인,0.0,14.18,345.96,716.82,788.89,649.36,452.52,234.19,213.91,145.38,107.21,42.38,29.5,2.07,10.5,90.16,195.18,260.95,274.65,227.72,177.86,142.81,110.86,104.24,60.19,17.23,20231214
41590,화성시,16,외국인,18.8,70.19,1015.42,2122.04,2101.14,1978.56,1423.68,859.55,871.73,808.73,491.04,232.92,62.89,10.12,40.5,381.94,631.31,788.0,829.13,733.21,640.12,580.58,454.07,273.55,140.45,36.44,20231218
41590,화성시,11,외국인,3.54,71.38,981.23,2109.72,2239.9,1809.17,1093.07,687.92,642.08,510.45,372.01,197.62,72.3,10.37,25.67,282.38,505.78,608.81,763.69,490.08,456.45,427.02,398.7,251.42,144.09,47.74,20231224
41590,화성시,11,외국인,9.62,77.1,1006.69,2036.41,2273.93,2211.06,1768.63,1258.95,1352.58,1264.81,843.82,354.89,104.2,7.81,30.2,417.46,676.07,884.23,890.73,769.79,676.15,630.12,478.5,407.55,165.69,58.92,20231213
41590,화성시,5,외국인,0.0,22.46,318.33,711.98,820.86,644.28,481.93,256.06,267.82,231.01,186.76,52.64,35.14,8.08,11.87,90.31,206.08,277.4,273.47,225.66,185.33,206.16,136.67,89.23,48.22,17.82,20231215
41590,화성시,9,외국인,11.45,45.87,825.9,1705.86,1826.06,1820.16,1427.69,1083.72,1185.43,969.15,632.99,283.18,68.83,13.69,23.05,305.69,533.23,727.8,713.74,641.53,553.6,595.39,397.08,300.12,162.76,58.13,20231205
41590,화성시,10,내국인,6383.55,5960.75,6813.33,8462.58,9643.88,10134.39,12955.13,12058.24,12256.45,10320.2,8585.27,5998.96,2968.92,5586.04,5288.45,6437.51,8285.1,9358.36,9423.14,12296.95,10086.53,9858.53,8292.19,7317.47,5441.08,3001.23,20231225
41590,화성시,21,내국인,6280.26,8385.02,8459.82,10688.98,11871.67,11473.01,14317.91,12495.63,11792.54,8854.19,6722.14,4250.27,2052.53,5994.07,7049.9,7010.93,7990.42,9033.03,9449.06,12224.42,9988.6,8959.19,6869.59,5479.11,3766.97,2014.25,20231228
41590,화성시,16,내국인,11026.5,8031.64,7032.2,10348.2,11321.85,10451.39,14011.34,14166.8,14559.99,12740.88,11592.02,7516.59,3733.25,10822.53,7433.67,5957.85,6816.1,8729.5,10676.13,13557.42,10968.39,10694.3,9206.55,7909.33,5610.89,3045.35,20231207
41590,화성시,20,외국인,4.09,72.84,950.17,1825.64,1803.29,1615.48,1009.81,559.47,571.75,386.22,265.1,135.54,40.02,16.38,54.83,369.97,509.2,608.34,670.51,486.33,400.53,386.36,324.37,201.36,87.14,33.34,20231226
41590,화성시,12,외국인,7.56,100.38,1216.57,2615.5,2821.67,2554.34,1899.89,1201.08,1299.87,1063.35,831.9,354.1,73.3,18.03,42.72,489.56,785.01,990.11,972.08,880.19,755.79,701.13,503.02,392.3,186.01,49.79,20231229
41590,화성시,18,외국인,5.15,50.48,912.28,2321.53,2348.36,1836.01,1069.74,536.43,503.74,322.4,289.14,121.36,17.26,19.5,39.63,366.79,524.46,724.51,672.05,447.11,404.85,382.8,297.28,196.17,115.1,34.33,20231203
41590,화성시,0,외국인,0.0,17.7,243.21,562.94,611.32,578.45,354.93,238.69,223.14,113.27,107.68,31.97,21.87,6.15,7.79,103.85,173.97,251.9,239.16,156.47,134.81,137.35,96.93,59.02,55.07,10.28,20231211
41590,화성시,14,내국인,8936.67,7489.43,7152.34,10414.23,11747.43,10576.38,14293.53,14614.68,15733.78,14280.66,13055.45,8471.04,4443.92,8732.88,6826.35,6266.22,6929.01,8709.19,10056.73,13553.58,11424.09,11396.04,9722.62,9210.0,6761.46,4080.74,20231208
41590,화성시,23,내국인,4593.36,5399.19,6300.08,7863.09,8767.49,8284.83,10417.84,8782.87,8415.1,6425.09,5120.13,3228.19,1577.5,4302.94,4538.44,5639.3,6717.44,7753.49,7323.53,9000.48,7240.93,6446.95,5151.33,4490.98,3104.35,1595.31,20231216
41590,화성시,12,내국인,7918.91,6966.32,7329.29,12630.51,14821.43,13233.2,17375.46,17648.43,18750.33,16718.78,14554.73,8930.83,4317.27,7101.68,6123.05,5780.85,8383.97,10051.23,11136.21,15268.51,12673.0,12407.69,10466.88,9190.18,6460.78,3654.35,20231220
41590,화성시,22,외국인,3.41,48.13,1080.52,2334.54,2340.02,1783.25,1004.08,471.87,428.05,281.15,206.53,90.14,35.35,11.82,53.86,345.13,534.24,610.78,616.13,432.31,281.35,303.12,254.05,178.16,104.1,22.17,20231230
41590,화성시,17,외국인,3.45,69.06,1099.63,2629.05,2830.34,2102.49,1262.71,724.54,663.1,470.76,336.02,171.17,57.31,20.31,43.02,407.85,612.78,789.17,736.52,581.7,479.04,463.72,342.18,221.42,177.63,47.13,20231223
41590,화성시,15,외국인,9.1,57.45,861.25,1919.69,2049.38,1929.13,1464.44,949.06,1016.11,907.2,604.96,237.48,67.49,16.18,32.45,373.14,636.51,739.62,871.24,758.27,697.19,602.92,468.61,317.26,166.51,64.96,20231214
41590,화성시,20,내국인,8304.08,8742.09,7382.93,11304.42,12528.32,11508.42,14604.94,13574.57,12505.85,9408.41,7146.37,4440.44,2107.49,7478.11,7693.91,6264.69,8343.15,9579.72,9764.51,12659.92,10529.09,9629.11,7015.56,5813.77,4100.5,1865.65,20231207
41590,화성시,22,외국인,1.72,51.43,1089.28,2412.57,2377.29,1824.16,1009.33,479.47,442.55,331.0,244.93,110.25,31.32,16.45,39.13,411.99,623.06,647.65,645.94,442.0,381.8,345.36,307.52,216.89,115.87,24.27,20231231
41590,화성시,1,내국인,3217.37,4331.72,4450.59,6350.47,6660.32,6520.49,7896.73,6988.77,6272.73,4770.65,3774.11,2478.62,1265.38,2859.71,3519.31,3934.29,4857.8,5153.43,5419.89,6653.07,5195.89,4780.52,3912.59,3346.6,2216.37,1258.11,20231209
41590,화성시,11,내국인,7676.65,6380.26,7059.61,12076.71,13394.73,12082.39,15850.76,16056.33,17985.55,16504.81,14451.62,9338.81,4559.95,7254.07,5813.99,5773.26,7088.34,9190.48,10368.94,14185.75,11997.42,11178.93,9818.01,8975.18,6597.16,3745.08,20231214
41590,화성시,17,내국인,8846.1,9046.79,7504.84,9650.4,10492.31,10954.71,14053.45,12982.48,12705.48,10248.62,8594.75,5324.42,2715.67,7917.45,7786.52,7105.62,8112.96,9882.46,10262.04,13452.79,10914.83,10297.86,8612.83,7306.31,4858.31,2689.48,20231202
41590,화성시,6,내국인,3159.36,3307.38,4780.99,6356.16,7203.74,7165.32,9563.99,9110.81,9803.54,8629.64,7325.25,4503.38,2128.19,2863.95,2956.66,3586.97,4037.91,5030.28,5019.67,6761.24,5888.54,5757.98,4951.36,4244.67,3090.56,1725.58,20231227
41590,화성시,7,내국인,3628.18,3454.54,4046.79,6151.79,7090.57,7064.64,8827.29,8053.17,8415.0,6970.55,5941.08,3961.74,2131.34,3290.12,3159.53,3628.98,4942.95,5776.52,5679.27,7128.49,5909.12,5956.03,5271.17,4832.21,3365.19,1736.92,20231210
41590,화성시,0,내국인,2431.55,2802.28,3291.56,4615.9,5082.96,5183.1,6360.79,5317.31,4828.16,3663.79,3023.6,1988.18,1033.9,2124.73,2527.95,3008.77,3617.15,3923.09,4179.5,5269.17,4391.47,3986.95,2947.84,2584.26,1853.4,972.76,20231204
41590,화성시,8,내국인,7618.18,6059.41,5407.67,9043.49,10759.48,9639.04,12843.68,12585.09,13426.02,11672.76,10143.02,6306.41,2877.15,7383.41,5288.44,3951.35,5629.02,6899.3,7492.16,10253.96,8479.66,8113.3,7004.96,6359.24,4690.82,2499.19,20231220
41590,화성시,8,외국인,9.38,77.25,814.3,1838.64,2114.54,1871.35,1461.47,1076.49,1110.07,1019.96,687.39,282.93,83.23,8.17,23.91,337.29,561.59,743.44,723.21,692.71,585.17,553.12,424.65,330.37,112.52,39.64,20231213
41590,화성시,14,내국인,8824.28,7304.78,7003.41,10300.69,11974.68,10729.75,14306.57,14371.6,15025.6,13518.46,11920.51,8189.93,4162.31,8725.4,7007.61,6217.58,6781.12,8536.31,9667.35,13340.11,11357.91,10995.36,9269.47,8627.18,6156.98,3470.76,20231211
41590,화성시,2,외국인,3.54,44.77,561.36,1285.28,1306.95,984.8,626.09,210.92,218.17,198.35,147.58,88.35,39.84,4.15,27.79,175.16,278.95,372.63,341.2,220.77,211.89,168.01,169.16,100.61,61.21,12.04,20231224
41590,화성시,5,내국인,2756.34,2426.57,2863.33,4813.56,5343.53,5389.46,7009.56,6668.7,6748.12,5627.65,4834.23,3131.96,1627.97,2412.81,2168.91,2534.09,3018.3,4007.62,4194.15,5474.62,4785.03,4537.89,3774.88,3501.79,2427.95,1328.05,20231213
41590,화성시,12,외국인,5.84,59.26,958.22,2280.48,2428.98,1968.95,1262.62,674.05,652.75,515.94,339.76,166.95,45.14,6.22,28.15,323.68,535.06,725.65,694.38,507.39,445.98,449.62,354.84,281.44,156.05,55.51,20231217
41590,화성시,0,내국인,3225.61,3803.94,4940.0,6403.46,6910.07,6405.49,7702.96,6738.36,6344.68,4956.49,3876.03,2424.97,1206.74,3027.52,3308.14,4217.7,5288.14,6015.22,5389.72,6853.32,5533.68,4765.86,3834.29,3517.7,2296.88,1174.54,20231217
41590,화성시,20,외국인,3.71,56.82,979.87,2236.71,2326.73,1885.92,1084.1,612.39,588.73,361.0,282.02,145.78,49.1,10.08,35.4,459.92,630.19,759.61,794.57,594.04,493.48,477.57,358.6,204.14,130.64,22.77,20231222
41590,화성시,21,외국인,1.86,47.38,748.22,1634.92,1726.07,1397.18,936.96,428.3,516.25,357.9,225.3,124.82,44.37,10.3,41.6,354.89,486.1,556.76,607.1,392.0,345.58,360.57,273.68,160.74,92.97,13.99,20231220
41590,화성시,2,외국인,0.0,34.26,418.61,727.84,775.17,653.68,407.67,196.76,218.23,144.08,116.95,63.39,28.36,2.07,21.43,122.94,212.6,236.21,270.69,214.76,159.91,155.28,157.33,85.49,48.61,13.07,20231226
41590,화성시,16,외국인,15.6,82.19,983.53,1983.55,2115.76,1963.0,1534.66,965.73,1015.13,836.06,587.73,242.14,75.42,9.99,39.95,441.79,614.09,858.98,937.14,691.37,598.05,588.05,449.99,265.83,157.87,30.55,20231219
41590,화성시,22,내국인,6396.67,7880.75,7967.11,9650.38,10933.31,10299.29,12869.16,11020.49,10341.71,7740.76,6329.21,4155.77,2100.32,5443.92,6470.04,7371.1,8820.75,9751.35,9309.6,11810.21,9147.04,8678.94,6706.81,5555.93,3894.7,2097.22,20231223
41590,화성시,23,외국인,7.75,38.09,530.88,1194.25,1259.13,1071.96,733.52,326.27,384.8,209.89,193.51,87.73,15.92,8.15,31.56,314.97,363.58,449.23,497.86,295.09,242.24,282.46,168.4,140.89,81.84,26.22,20231208
41590,화성시,2,내국인,2386.91,2822.3,2983.47,4708.01,4987.53,4985.35,6382.92,5702.97,4956.68,3920.02,3313.36,2281.44,1044.94,2338.07,2367.87,2713.27,3249.66,3733.91,4070.87,5232.14,4299.03,4034.08,3276.34,2989.99,2030.0,1136.94,20231206
41590,화성시,2,외국인,1.7,37.06,687.85,1600.95,1552.73,1144.87,585.7,311.41,260.18,180.49,138.37,85.8,20.57,11.99,36.19,211.83,351.52,371.13,386.02,277.39,206.17,181.85,158.01,115.18,91.82,16.29,20231231
41590,화성시,22,외국인,3.52,76.51,872.96,1852.42,1855.38,1540.39,897.08,490.3,445.96,330.97,196.05,93.83,24.91,4.08,44.17,384.7,495.44,575.46,590.82,477.5,368.09,307.37,281.83,181.19,119.03,19.95,20231229
41590,화성시,9,외국인,5.69,52.55,762.4,1766.95,2035.39,1908.32,1522.01,969.28,1074.89,1056.46,650.83,270.71,82.19,13.95,31.29,343.29,536.44,728.6,814.87,676.06,586.79,527.16,394.66,330.82,140.95,65.65,20231214
41590,화성시,10,내국인,6958.02,5987.66,6501.4,8492.3,10005.18,10496.06,13802.38,12938.26,13819.99,11160.35,9750.07,6582.66,3229.13,5516.55,5425.21,5901.78,7133.84,8532.22,9412.88,12193.81,10195.72,9799.76,8418.64,7279.52,5364.8,3071.39,20231223
41590,화성시,7,내국인,4137.55,4371.7,5345.24,6702.77,7370.69,7261.55,9276.58,8510.89,8716.39,7129.23,6093.78,4360.24,1982.42,3623.6,3616.87,4764.3,6201.02,6644.44,6225.05,7919.65,6554.06,6202.06,5420.86,4656.29,3492.53,1915.17,20231225
41590,화성시,21,외국인,4.02,42.57,743.14,1590.41,1653.92,1341.4,834.2,431.46,507.36,353.01,255.42,109.76,37.29,6.15,36.38,360.55,526.46,582.59,610.89,384.6,323.26,340.23,245.04,140.04,81.99,17.71,20231219
41590,화성시,6,외국인,0.0,37.59,491.66,969.64,1091.76,1162.34,911.72,640.32,783.36,788.0,499.49,175.03,58.54,4.08,8.03,157.27,265.79,363.98,390.34,306.53,331.79,308.17,206.94,178.72,67.0,31.1,20231207
41590,화성시,21,외국인,3.84,28.78,600.41,1405.53,1415.43,1197.02,784.81,417.9,474.27,291.44,212.8,92.04,28.1,13.94,25.53,301.86,400.88,509.4,517.89,341.94,278.24,250.87,232.66,145.45,92.0,23.49,20231204
41590,화성시,23,외국인,1.69,44.62,583.52,1316.36,1331.87,1164.81,745.15,357.72,342.64,250.47,164.97,61.42,25.2,7.98,32.9,267.58,358.14,461.95,426.4,352.38,238.53,236.39,182.68,123.17,73.95,22.3,20231215
41590,화성시,10,외국인,13.53,68.37,848.58,1734.7,1980.18,2004.13,1439.14,991.56,1185.0,1087.7,692.08,303.53,81.77,11.52,30.2,309.32,607.07,801.66,840.06,754.12,567.16,609.8,444.66,345.75,163.72,57.7,20231207
41590,화성시,17,내국인,10292.48,8887.09,7443.42,10838.94,11977.89,10870.56,13858.53,13602.41,13763.23,11866.64,9894.02,6217.81,3202.29,9820.34,8061.41,5955.62,7380.36,9118.77,10311.64,13607.49,11137.81,10448.01,8746.08,7168.18,5006.55,2716.31,20231218
41590,화성시,3,외국인,0.0,10.36,310.1,729.9,767.56,627.88,397.98,193.11,183.81,178.55,110.0,67.89,27.44,4.08,9.58,116.76,205.02,265.25,244.4,193.93,141.07,134.79,115.73,101.24,72.61,21.98,20231218
41590,화성시,7,내국인,3729.88,3729.94,4206.71,6007.61,6814.24,6824.64,8457.09,7666.64,7908.7,6631.92,5507.71,3809.77,1926.96,3188.94,3359.0,3833.63,4923.38,5868.96,5814.34,7172.82,6143.66,5782.77,4927.56,4707.88,3432.28,1771.05,20231217
41590,화성시,10,외국인,3.93,53.66,760.41,1857.19,2029.65,1829.95,1346.33,964.73,888.41,796.19,633.54,207.37,88.94,14.38,25.73,362.0,573.84,678.51,754.99,592.95,479.54,547.06,382.88,263.51,149.95,44.09,20231223
41590,화성시,21,내국인,6233.59,7747.16,7122.45,10508.89,11856.56,10997.65,13703.43,12186.54,11054.41,8342.88,6434.73,4148.66,1977.7,5603.6,6762.81,6030.89,7696.35,8815.84,9041.41,12349.5,9504.49,8721.24,6604.18,5225.3,3641.44,1916.87,20231220
41590,화성시,18,내국인,10204.21,8716.27,7847.52,11745.05,12541.24,11478.48,15157.04,13947.09,13635.37,11277.85,8715.92,5674.72,2675.43,9418.77,8177.31,6460.97,8360.36,9987.47,10590.0,14174.32,11399.11,10549.26,8346.74,6618.13,4768.84,2394.39,20231219
41590,화성시,21,내국인,6720.68,7318.68,6590.54,10433.12,11871.49,10868.33,13541.04,11885.2,11005.58,8186.57,6373.64,4040.35,1950.69,5839.48,5982.02,5792.78,7479.26,8812.73,8791.23,11333.12,9605.1,8626.77,6422.54,5046.57,3532.18,1842.62,20231212
41590,화성시,8,내국인,4049.93,4099.48,4541.68,6883.68,8019.93,8111.05,10355.75,9373.08,9808.23,8257.62,6938.35,4684.56,2485.39,3618.65,3677.65,4079.22,5564.09,6533.56,6745.39,8654.01,7450.84,7155.39,6295.82,5773.06,4168.68,2102.81,20231210
41590,화성시,4,외국인,2.07,20.42,353.1,640.29,772.66,627.46,448.33,207.45,230.81,157.22,132.69,44.07,29.63,4.01,12.21,93.76,190.11,248.56,277.65,205.83,153.77,173.84,143.27,98.6,45.55,15.41,20231213
41590,화성시,2,외국인,3.45,35.55,435.39,1235.12,1212.77,929.9,515.91,258.28,240.38,203.08,105.53,61.17,20.03,4.14,12.06,184.3,301.98,364.63,302.16,222.23,178.78,175.45,131.33,105.2,58.35,26.04,20231203
41590,화성시,6,내국인,2939.25,3370.0,4745.81,6504.64,7198.04,7177.03,9194.2,8816.32,9386.84,8238.33,7092.45,4560.76,2018.26,2797.46,2937.86,4012.59,4445.11,5242.33,5228.34,6897.84,5771.23,5767.03,4991.23,4520.4,3262.69,1847.01,20231226
41590,화성시,21,내국인,7130.24,9103.76,8752.36,10394.52,12020.88,11173.89,13946.13,12740.19,11885.37,8976.16,6683.64,4360.71,2104.75,6355.97,7654.22,7112.49,8586.65,9523.64,9938.92,12745.85,10506.65,9399.95,7115.77,5877.47,4129.36,2176.02,20231229
41590,화성시,4,내국인,3371.27,3839.23,4374.36,5487.39,5644.86,5477.34,6723.72,6190.96,6070.46,4675.51,3785.56,2566.45,1336.24,3113.88,3148.53,3756.71,4308.41,4706.3,4746.49,6117.2,4780.2,4588.78,3782.26,3228.17,2433.66,1337.89,20231223
41590,화성시,20,외국인,0.0,61.25,752.54,1648.43,1775.97,1458.56,956.51,532.23,492.42,379.42,241.0,99.98,35.23,2.0,36.47,369.1,466.43,613.79,629.22,486.36,382.39,410.8,285.45,192.05,115.58,33.07,20231211
41590,화성시,22,내국인,5384.11,7143.84,7748.92,9790.42,11014.41,10450.1,12826.66,11464.61,10230.2,7661.83,5808.58,3809.26,1886.36,5058.91,5961.97,6370.95,7071.73,8192.74,8271.78,10983.92,8904.55,7686.26,6096.29,4726.03,3420.97,1846.6,20231228
41590,화성시,17,외국인,7.3,65.96,1102.57,2345.46,2415.16,2187.11,1313.15,928.07,870.24,615.61,373.13,203.95,63.8,18.13,45.43,439.95,643.65,925.04,861.56,734.59,629.34,625.21,447.82,268.26,146.91,55.07,20231215
41590,화성시,1,외국인,0.0,28.04,342.06,701.24,771.88,672.06,431.17,210.46,246.16,167.45,84.6,43.5,25.46,4.08,6.28,115.47,202.83,296.26,285.61,190.71,144.21,156.62,124.79,81.89,51.54,20.47,20231207
41590,화성시,12,내국인,7678.5,7054.59,8405.94,12464.69,14306.25,13292.77,17433.31,17573.63,18399.2,16969.61,15329.83,9771.82,5027.52,7105.57,6181.02,6634.8,8701.29,10477.2,11390.86,14800.76,12940.33,12621.58,10853.42,9368.85,6859.15,4215.28,20231226
41590,화성시,10,외국인,3.54,54.67,829.52,1754.83,1900.93,1607.75,1025.21,594.22,615.82,423.42,356.28,182.78,56.05,10.36,23.54,259.96,439.66,624.19,671.48,419.54,426.84,405.52,354.45,255.25,126.49,49.96,20231224
41590,화성시,2,내국인,3498.6,4248.11,4944.37,6096.97,6174.39,5754.74,7085.72,6320.75,5857.34,4658.3,3685.15,2481.29,1313.91,3297.61,3402.46,4124.26,4690.65,5048.66,5051.97,6415.27,4886.82,4809.32,3922.35,3174.68,2378.49,1309.08,20231223
41590,화성시,18,내국인,9650.81,8055.63,7674.4,11428.16,13078.5,11857.83,14798.77,14200.38,13769.11,11323.45,9180.0,5556.01,2719.38,9180.97,7216.2,6256.98,8290.7,9582.51,10428.46,13346.11,11304.79,10536.03,8316.75,6923.83,4492.14,2361.71,20231214
41590,화성시,12,외국인,10.32,73.93,1067.58,2363.51,2483.38,2033.95,1275.63,732.96,686.47,514.95,389.7,200.56,66.15,8.3,22.08,325.83,572.18,662.69,771.43,536.68,472.13,446.69,404.69,273.22,142.2,44.31,20231224
41590,화성시,17,내국인,9177.63,8700.83,7156.42,9886.12,11033.77,11292.27,14275.28,12755.12,12464.5,9706.63,8202.12,5282.61,2845.81,8171.04,8451.47,6767.9,8463.41,9742.27,10301.11,13371.47,10849.12,9988.69,8140.92,6936.03,5127.78,2734.57,20231210
41590,화성시,18,외국인,1.7,58.65,1293.37,2792.01,2931.08,2206.65,1320.12,627.11,562.53,363.73,315.56,133.12,41.67,15.78,49.62,463.91,619.26,785.11,785.83,529.48,420.68,436.99,349.93,232.27,139.13,31.82,20231230
41590,화성시,9,외국인,7.31,52.36,805.19,1744.49,1914.47,1826.03,1498.09,1023.0,1115.12,1006.22,675.44,296.24,68.16,13.67,30.82,304.82,544.83,720.49,795.93,595.62,563.01,550.6,414.33,306.77,141.62,51.21,20231206
41590,화성시,11,내국인,7405.88,6504.27,6769.97,11089.34,13296.94,11840.33,15293.97,15687.2,16840.41,15217.22,13677.62,9014.43,4527.28,7131.66,6299.5,5861.94,7043.14,8778.97,10183.12,13506.1,11602.82,11034.11,9467.91,8903.71,6357.92,3563.6,20231211
41590,화성시,20,내국인,8294.17,8960.23,7798.78,11007.58,12463.23,11973.97,15014.97,13838.39,13122.87,9576.33,7514.29,4651.15,2330.82,7297.17,7615.38,7024.2,8985.64,10070.08,10194.82,13865.25,11061.66,10177.02,7903.21,6128.01,4072.67,2188.88,20231215
41590,화성시,16,내국인,11576.59,8234.27,7037.58,10064.65,11149.39,10172.52,13585.82,13863.07,14074.35,12288.4,11221.83,7206.03,3794.19,10381.53,7680.53,6049.1,6979.58,8934.52,10485.98,13775.6,11506.18,10889.43,9128.38,8102.96,5887.97,3304.57,20231208
41590,화성시,5,내국인,2597.78,2491.43,2939.91,4602.86,5300.13,5466.15,6981.98,6643.09,6433.93,5386.85,4557.72,3079.84,1529.3,2348.04,2347.68,2633.34,3133.23,3944.99,4153.1,5493.95,4647.78,4634.22,3682.54,3490.84,2432.78,1366.42,20231208
41590,화성시,10,내국인,5992.31,5802.7,5387.0,8283.09,9590.95,10018.43,12919.15,11561.11,12696.57,10304.76,8776.34,6508.88,3331.06,5417.12,5135.83,5467.46,6929.2,8546.16,8956.46,11394.91,9828.14,10040.08,8514.26,7840.04,5805.35,3385.31,20231210
41590,화성시,20,내국인,7393.46,8614.14,7407.22,11214.92,12281.21,11226.64,14325.6,12443.08,12271.15,9088.09,6952.03,4393.33,2131.77,7151.16,7107.5,6291.99,8053.95,9322.3,9592.72,12233.21,10354.09,9414.86,7079.81,5446.57,3887.42,2030.28,20231218
41590,화성시,12,내국인,7770.92,7177.42,8699.3,12629.33,14471.44,13301.55,17704.46,17698.98,18996.05,17367.25,15523.82,9902.35,4891.17,7478.43,6531.93,6228.11,8549.97,10678.22,11264.73,15587.51,13319.34,13129.58,10930.56,9706.7,7050.37,3973.21,20231228
41590,화성시,0,내국인,3517.6,4634.1,5721.57,6502.45,7150.01,6785.39,8286.26,6835.89,6322.23,4519.2,3734.9,2530.88,1271.96,3447.89,3545.72,4910.1,6543.58,6641.42,5944.63,7210.96,5734.44,5067.43,4003.19,3416.15,2399.02,1357.97,20231225
41590,화성시,8,외국인,5.23,49.83,813.08,1719.53,1868.39,1896.47,1500.64,993.5,1119.57,1014.09,626.51,290.81,72.26,14.32,20.82,304.64,525.6,748.87,799.68,589.05,583.43,523.58,382.42,275.14,145.15,49.26,20231206
41590,화성시,14,외국인,13.52,72.1,996.58,2016.86,2156.25,2009.17,1452.91,1085.91,1002.96,931.23,616.21,260.96,93.58,18.11,46.0,424.1,620.77,799.14,934.36,756.65,609.22,603.29,492.02,307.65,178.02,46.26,20231221
41590,화성시,4,외국인,6.01,14.19,329.27,662.17,817.87,710.12,462.4,225.61,264.12,191.17,148.47,64.74,33.35,2.07,11.65,107.0,219.63,317.43,238.28,205.92,166.61,176.57,117.76,82.41,39.25,18.6,20231219
41590,화성시,13,내국인,8383.93,7874.37,8017.25,9942.15,11250.68,11385.26,14857.07,13741.26,13530.54,10930.48,9879.36,6595.72,3354.5,7989.95,6658.82,7279.43,9507.15,10624.29,10871.33,14268.41,11712.9,11255.06,9362.01,8200.99,5943.3,3052.04,20231225
41590,화성시,10,외국인,9.69,69.26,967.33,2008.39,2243.83,2098.22,1659.38,1085.96,1078.22,939.83,636.5,298.54,100.29,16.04,36.38,400.39,599.02,863.39,908.62,774.63,592.86,593.96,441.66,346.49,153.31,69.95,20231220
41590,화성시,13,내국인,9949.93,7398.19,7356.57,12064.18,13246.6,11508.49,15641.6,16104.71,17255.14,15799.68,14500.9,9515.5,4937.16,9525.36,7041.87,6341.12,7586.97,9369.48,10662.76,14745.67,12185.97,12658.13,10655.27,9757.02,7080.82,4041.44,20231213
41590,화성시,0,외국인,1.76,23.41,340.74,582.79,653.61,604.62,385.09,206.92,253.06,129.48,109.95,52.57,21.89,2.0,11.58,118.11,167.11,264.07,278.47,219.1,128.74,174.68,118.61,72.76,33.63,15.41,20231213
41590,화성시,2,외국인,2.07,26.13,428.11,781.45,869.35,770.9,480.65,248.89,206.43,191.82,137.71,63.58,22.13,1.7,23.89,135.7,209.93,312.06,281.03,209.78,184.13,150.4,120.24,99.74,42.3,11.71,20231227
41590,화성시,14,외국인,11.77,86.63,964.77,2040.26,2108.59,2129.08,1606.0,1081.59,993.43,951.53,636.78,284.95,78.07,16.2,29.98,454.07,610.59,825.78,880.11,786.53,616.01,604.69,457.03,346.98,173.25,48.14,20231218
41590,화성시,18,내국인,8084.46,8739.64,8255.05,10449.39,11344.71,11858.96,14601.43,12807.78,11594.0,9627.21,7552.88,5046.64,2594.54,7360.56,6990.33,7657.66,9452.93,10819.94,10776.62,13586.59,10589.19,10077.24,7680.8,6347.44,4601.01,2479.86,20231225
41590,화성시,4,내국인,3101.02,3419.74,3801.37,5144.45,5631.01,5176.59,6750.99,6322.57,5808.91,4648.27,3785.03,2607.9,1205.62,2698.07,3075.42,3472.49,4078.99,4498.17,4601.12,5967.48,4702.88,4221.5,3625.43,3241.34,2179.75,1174.61,20231216
41590,화성시,8,외국인,5.91,67.67,959.96,1892.17,2028.59,2080.8,1541.04,1146.49,1138.94,922.19,599.35,252.47,74.07,8.31,27.15,343.22,554.57,792.56,817.11,702.46,594.43,570.43,425.21,281.94,138.55,45.78,20231219
41590,화성시,1,외국인,1.69,23.94,397.11,854.33,971.11,844.83,549.85,270.94,206.27,188.65,112.46,46.84,21.33,4.08,19.85,145.85,258.48,354.84,346.2,225.96,182.91,204.62,144.46,100.83,61.61,18.12,20231216
41590,화성시,0,내국인,3585.6,4540.24,6009.88,6819.17,7099.05,6644.54,8094.96,7149.52,6396.55,4920.54,3944.42,2625.93,1431.04,3352.94,3335.47,4627.12,5837.18,6017.26,5661.03,7286.79,5847.11,5383.45,4333.77,3791.36,2571.33,1350.05,20231231
41590,화성시,1,내국인,2990.15,3410.7,4731.5,5608.86,5869.02,5946.64,7287.0,6409.61,5550.86,4511.87,3840.67,2500.5,1400.7,2732.01,2936.38,3771.19,3930.44,4590.38,4951.83,6032.29,4870.66,4606.46,3711.01,2986.55,2204.67,1287.32,20231227
41590,화성시,2,외국인,1.69,28.48,522.06,1198.85,1261.2,835.68,518.44,241.08,221.85,208.61,125.98,56.38,19.91,4.15,19.86,193.66,291.26,370.06,323.41,227.64,159.2,180.82,175.48,109.77,69.47,30.48,20231217
41590,화성시,11,내국인,7271.33,6148.0,7420.96,11815.47,13391.75,12075.15,16110.72,16679.16,18303.86,16648.9,15082.7,9739.2,4935.26,7092.92,5886.66,6257.18,7191.49,9167.61,10654.58,14038.37,11900.92,11687.48,10238.89,9100.19,6656.21,3935.2,20231207
41590,화성시,11,내국인,7852.24,6751.28,6225.91,9062.06,10962.83,11328.87,14901.68,14854.72,15950.83,13360.29,11648.81,7882.76,4030.71,7116.81,6179.49,5856.87,7395.56,9118.31,10442.04,13508.26,11482.16,10956.36,9386.23,8652.38,6098.98,3582.55,20231209
41590,화성시,3,내국인,2973.18,3580.53,3718.43,5569.85,5505.15,5286.52,6661.74,6100.51,5501.82,4268.12,3447.82,2251.53,1200.85,2842.76,2932.65,3476.73,4076.37,4548.06,4664.85,5868.63,4673.87,4580.24,3639.17,3160.92,2358.35,1357.86,20231202
41590,화성시,16,내국인,11239.16,7794.88,7131.27,10469.62,10715.19,10205.73,13895.43,13714.9,14607.88,12763.89,11884.83,7803.64,3730.21,10662.79,7416.69,6007.9,6709.58,8785.3,10490.52,13619.68,11088.42,10960.52,9197.08,8008.79,5698.32,3149.14,20231205
41590,화성시,6,내국인,2798.64,2678.39,3330.16,5909.36,6878.26,7036.62,9048.12,8868.16,9034.45,8085.06,7114.33,4438.0,1933.52,2392.2,2477.49,3023.34,3791.87,4646.25,4976.87,6430.16,5717.96,5699.08,4702.48,4232.15,2984.99,1601.65,20231208
41590,화성시,18,외국인,5.4,36.74,973.65,2443.3,2574.3,1896.03,1131.33,493.97,523.93,332.29,295.68,126.32,45.92,12.38,44.85,360.97,601.17,713.27,733.28,505.87,399.96,337.49,324.0,203.85,147.6,28.36,20231210
41590,화성시,12,외국인,7.31,66.47,1060.29,2274.18,2506.9,2490.0,1782.66,1279.96,1352.38,1253.64,795.19,340.04,104.25,9.81,42.93,392.78,726.09,1000.81,1010.32,827.8,782.24,741.01,535.06,375.33,181.63,63.49,20231207
41590,화성시,5,내국인,2656.34,2675.01,3248.51,4859.91,5503.9,5333.96,7237.45,6583.13,6749.84,5595.42,4671.57,3005.21,1402.95,2651.25,2264.42,2671.35,3327.25,4009.57,4201.14,5682.19,4677.57,4823.24,3843.77,3546.68,2483.64,1415.16,20231220
41590,화성시,8,내국인,7932.93,5908.08,5536.03,9151.83,10454.84,9443.84,12600.53,12408.82,13408.87,11751.05,10192.74,6310.11,2761.32,7602.2,5428.27,4053.38,5689.15,6859.91,7669.77,10403.98,8666.4,8344.47,7022.9,6497.56,4871.19,2452.54,20231221
41590,화성시,17,외국인,0.0,75.66,1221.53,2723.59,2826.53,2088.33,1219.55,685.03,583.9,404.71,311.57,144.9,39.65,11.84,45.69,434.87,562.84,759.66,753.37,515.42,480.13,454.63,367.86,231.0,142.2,42.11,20231230
41590,화성시,6,내국인,3412.59,3520.59,4041.17,5627.92,6238.11,5939.86,7543.39,6745.17,6783.02,5614.45,4702.82,3176.18,1668.73,3115.58,3163.81,3603.22,4746.42,5332.86,5160.72,6426.18,5410.14,5049.12,4275.08,4074.94,2791.57,1529.87,20231217
41590,화성시,14,내국인,9487.07,7784.32,8299.66,10955.26,12450.68,11438.26,15911.43,15712.91,16673.85,15352.5,14042.46,9255.91,4842.72,8918.53,7074.16,6422.22,7558.04,9396.78,10518.61,14544.93,12256.84,12042.49,10362.76,9571.79,7108.47,4063.26,20231227
41590,화성시,14,내국인,9461.9,7525.53,7513.82,11224.24,12222.62,10977.21,14825.95,15363.15,16094.75,15184.24,13709.37,8927.35,4351.13,8943.24,7037.96,6652.04,7111.04,8749.89,10123.64,13459.73,11825.56,12111.8,10401.21,9314.36,6816.69,3854.35,20231212
41590,화성시,4,내국인,2532.76,2642.32,2798.24,4442.09,4824.24,4761.62,6316.54,5734.9,5542.14,4406.7,3631.91,2432.99,1248.68,2413.9,2155.57,2389.17,3061.86,3558.82,3859.33,5459.61,4183.79,4064.71,3366.52,3007.86,2125.77,1182.21,20231207
41590,화성시,5,외국인,0.0,30.4,347.31,738.48,749.87,722.06,555.28,320.21,310.22,350.63,216.44,70.76,23.83,2.0,8.41,120.96,164.61,318.82,296.02,253.89,201.18,191.04,152.29,98.28,46.72,14.63,20231212
41590,화성시,8,내국인,7727.25,6326.67,5558.03,8851.07,9953.37,9398.07,12666.93,12206.73,13207.51,11639.56,10091.25,6394.63,3006.9,7545.16,5842.52,4177.55,5341.03,6754.3,7721.55,10536.68,8450.64,8265.8,6862.19,6334.46,4708.49,2317.04,20231222
41590,화성시,12,외국인,3.45,53.51,965.24,2341.24,2617.74,2000.43,1453.14,751.27,777.79,580.68,438.62,166.92,81.69,6.22,18.29,296.57,634.58,782.4,796.51,595.83,498.25,525.68,356.43,317.96,144.73,55.93,20231210
41590,화성시,22,내국인,6208.71,7803.78,8184.23,9905.34,11218.85,10427.09,12953.72,11856.24,10581.99,8162.71,6011.82,4055.66,1935.68,5301.4,6552.94,6985.3,7973.82,8864.47,8959.3,11594.55,9245.64,8214.72,6569.16,5370.15,3640.72,1975.39,20231229
41590,화성시,5,외국인,0.0,23.77,334.06,700.96,749.95,747.09,533.63,307.8,349.08,320.0,225.58,91.65,39.62,4.15,10.49,71.77,206.75,299.22,281.65,236.56,183.86,164.73,151.84,127.88,50.51,15.93,20231214
41590,화성시,9,외국인,7.75,83.57,997.0,1893.08,2135.26,2079.54,1542.32,1091.88,1088.99,1049.14,764.34,305.71,65.25,16.02,42.27,404.47,619.08,704.99,773.27,719.87,608.67,598.12,427.35,271.06,163.7,52.05,20231228
41590,화성시,4,외국인,4.08,9.25,363.6,743.49,844.65,737.41,472.68,216.97,243.25,214.97,109.34,84.21,27.88,4.15,18.45,148.03,188.66,274.99,298.25,204.01,199.39,173.15,165.9,96.25,57.54,13.32,20231221
41590,화성시,12,내국인,8102.68,7015.11,8662.63,12998.66,14999.62,13398.65,17748.97,17936.64,19516.96,17430.27,15558.04,9865.49,4968.4,7372.7,6657.22,6655.72,8775.17,10564.91,11571.89,15799.86,13387.19,12898.95,11059.07,9802.91,7386.34,4087.03,20231227
41590,화성시,20,외국인,6.1,54.6,830.32,1733.43,1910.99,1580.16,1014.18,561.61,580.12,410.13,286.18,107.37,45.28,8.23,36.69,378.12,581.48,655.74,713.21,498.25,448.47,415.0,308.53,184.27,96.37,30.24,20231219
41590,화성시,2,내국인,2799.17,2833.98,3163.61,4562.28,4859.4,4853.18,5856.74,5272.45,4848.9,3834.03,3238.1,2174.88,1196.85,2400.92,2484.09,2876.56,3405.02,3746.24,4110.4,5337.34,4351.07,3980.83,3146.92,2791.54,2046.4,1189.96,20231204
41590,화성시,12,외국인,11.7,80.77,1095.84,2411.0,2650.89,2423.21,1925.81,1343.8,1453.22,1265.73,866.28,361.25,102.16,2.09,44.4,506.71,783.39,1033.2,1062.56,874.17,805.94,720.67,523.71,383.86,181.95,61.72,20231213
41590,화성시,10,외국인,5.6,75.43,1064.03,1955.05,2234.65,2122.33,1562.0,1100.46,1136.29,1100.42,801.79,297.4,76.95,16.09,38.31,417.87,660.54,728.12,856.96,789.45,677.83,611.45,468.98,335.39,162.6,46.42,20231228
41590,화성시,9,내국인,4999.22,4979.18,5304.4,7871.06,9398.21,9395.99,12649.43,11909.72,12526.44,10368.47,9283.48,5971.79,2694.27,4640.46,4452.03,4908.76,6087.88,7587.09,8340.46,10599.42,8997.66,8498.61,7360.46,6679.61,4654.26,2686.04,20231216
41590,화성시,18,외국인,6.09,48.7,878.28,2023.16,2220.06,1678.76,1047.31,513.99,546.89,342.74,313.33,136.58,36.3,14.16,50.13,395.54,537.35,694.58,676.04,536.1,380.51,398.4,377.32,172.79,112.05,29.18,20231225
41590,화성시,0,내국인,2534.79,3096.37,3598.28,5067.05,5480.09,5294.67,6789.29,5969.5,5232.79,4199.39,3107.98,1971.57,1025.33,2287.66,2463.95,2990.56,3247.43,3974.88,4396.07,5682.45,4530.3,4063.06,3114.77,2734.56,1825.46,1092.89,20231201
41590,화성시,4,외국인,0.0,17.99,313.9,658.72,712.76,632.99,454.14,199.75,252.77,162.4,106.72,44.68,31.15,4.08,4.15,121.18,198.44,286.61,288.17,170.75,143.15,122.28,111.58,87.4,64.13,18.39,20231207
41590,화성시,10,내국인,7446.63,6210.25,6201.14,9893.36,10824.85,10147.19,13848.85,14121.64,15452.97,13975.44,12410.55,8346.09,4218.94,7137.56,5795.62,5030.07,6024.42,7635.89,9531.88,12690.69,10688.6,10112.1,8684.93,8420.32,6443.79,3719.95,20231201
41590,화성시,18,외국인,3.83,82.53,1009.54,2002.36,2058.95,1731.05,1258.5,717.05,681.0,487.64,332.1,165.71,41.43,17.97,50.09,385.04,628.62,741.53,733.12,627.88,573.56,501.46,409.43,205.39,119.55,46.56,20231226
41590,화성시,6,내국인,3799.23,4092.98,5151.43,6244.14,6667.62,6567.65,8106.56,7501.78,7464.29,6251.04,5284.07,3662.52,1753.56,3485.82,3454.24,4512.64,5913.64,6075.55,5627.34,7155.53,5653.65,5586.13,4638.06,4073.63,3061.99,1791.1,20231225
41590,화성시,21,외국인,0.0,28.67,745.17,1541.82,1713.64,1390.7,871.5,471.8,453.21,328.13,241.08,105.48,42.17,6.15,38.82,342.21,533.88,593.75,581.27,432.6,367.07,327.09,264.54,172.3,91.96,27.95,20231218
41590,화성시,15,내국인,10371.38,7895.48,6911.67,10274.99,11542.25,10538.1,14064.05,14387.24,14808.57,13299.16,11404.0,7676.81,3923.24,10110.23,7404.17,5966.47,6851.8,8442.21,9730.97,13482.62,11018.29,10645.67,9217.83,8314.12,5842.94,3378.92,20231211
41590,화성시,2,외국인,0.0,19.44,313.48,696.47,808.1,567.92,409.23,216.28,220.1,143.84,94.02,60.75,26.45,12.0,5.96,108.12,203.89,263.83,262.07,200.37,167.4,159.66,103.21,85.32,44.35,13.32,20231206
41590,화성시,13,외국인,13.09,65.0,947.67,1995.11,2220.99,2043.78,1648.44,1091.31,1294.57,1067.18,731.83,293.67,99.44,7.66,37.24,441.15,635.95,888.73,964.97,799.78,671.51,657.8,461.69,371.7,175.47,55.66,20231213
41590,화성시,5,외국인,0.0,34.35,450.52,977.24,1017.96,840.68,575.24,282.05,309.8,257.19,157.62,76.12,42.31,2.0,30.06,192.93,254.27,355.0,308.69,256.75,240.87,202.7,176.84,122.25,65.04,22.0,20231230
41590,화성시,12,내국인,7801.66,6953.39,6828.48,9541.0,10807.83,11171.58,14673.89,12945.03,13107.64,10724.86,9421.76,6332.35,3283.72,6992.94,6170.87,6339.96,8076.13,10063.89,10508.08,13697.79,10804.64,10975.06,9392.27,8638.74,6124.72,3436.22,20231217
41590,화성시,15,내국인,8317.55,7840.29,6979.06,9455.94,10579.1,11134.2,14177.05,12755.21,12412.76,9762.29,8288.98,5532.53,3126.54,7528.78,6674.01,6516.56,8128.68,9911.91,10181.7,13557.16,10624.17,10483.49,8475.74,7424.73,5302.17,2822.47,20231217
41590,화성시,7,외국인,1.69,34.81,504.59,1267.75,1288.56,1001.47,737.12,433.83,377.6,321.81,195.97,83.8,34.9,6.22,18.05,166.91,280.97,379.21,344.75,255.18,227.48,203.27,208.11,148.07,82.71,39.09,20231217
41590,화성시,15,내국인,9159.49,7796.84,7388.55,10495.93,11912.42,10722.94,14604.48,14450.23,15333.41,13584.31,12242.53,7847.35,4068.84,8985.78,7084.6,5738.64,7200.69,9202.3,10004.07,13696.95,11168.6,11284.12,9578.07,8587.96,6279.07,3487.42,20231221
41590,화성시,23,외국인,0.0,23.63,507.41,1152.01,1182.04,976.54,672.02,333.76,387.48,278.78,212.5,91.67,25.83,2.07,26.01,223.71,337.98,458.04,444.46,290.25,262.27,243.46,196.96,122.53,65.08,12.05,20231219
41590,화성시,22,내국인,5500.4,6723.58,6633.71,9119.62,10569.78,9946.42,12210.65,10734.7,10103.3,7353.32,5660.13,3612.03,1789.39,4796.4,5245.96,5422.16,6838.58,7860.65,7920.52,10407.69,8376.81,7504.38,5804.34,4566.7,3314.89,1765.26,20231219
41590,화성시,20,외국인,3.78,49.07,790.31,1807.94,1854.86,1563.94,934.94,598.5,495.43,400.17,252.5,98.51,46.34,12.38,36.09,365.29,514.36,614.8,659.9,563.25,414.51,406.18,322.32,151.72,112.93,32.22,20231214
41590,화성시,6,외국인,2.07,34.34,508.81,1142.39,1165.68,1034.56,832.78,428.2,481.8,423.94,325.14,154.32,38.76,4.01,27.98,183.85,286.34,357.33,347.59,283.49,280.15,247.67,194.65,168.12,91.11,28.02,20231230
41590,화성시,17,외국인,12.98,62.28,992.08,1894.8,2092.04,1859.89,1199.53,809.81,831.06,574.17,418.38,157.04,64.63,20.08,38.32,415.17,616.53,775.09,866.91,701.56,572.27,548.35,383.86,245.83,99.89,42.54,20231204
41590,화성시,17,내국인,9266.85,8907.51,8832.89,10121.73,11595.64,11946.46,14867.86,13400.32,12450.67,10037.9,8262.09,5517.91,2945.33,8503.16,7816.72,7605.32,9841.6,11312.32,11280.72,14743.26,11708.96,10946.7,8851.25,7386.45,5382.55,2908.77,20231224
41590,화성시,23,외국인,3.69,57.39,703.24,1630.69,1775.73,1335.14,765.65,403.67,360.52,238.16,154.53,94.01,40.1,6.08,31.84,272.14,429.95,478.82,453.47,366.94,242.94,254.99,185.21,125.64,88.19,24.33,20231209
41590,화성시,18,내국인,8454.57,9004.35,9081.74,10099.82,11645.54,11972.18,15213.03,13520.0,12343.64,9877.18,8094.49,5460.18,2808.73,7963.61,7886.34,7805.63,9867.34,11487.28,11680.48,14969.56,11692.2,10856.97,8792.01,7336.68,5083.69,2860.76,20231224
41590,화성시,22,외국인,1.69,47.03,735.89,1706.7,1633.79,1450.92,898.1,447.82,427.66,300.77,202.93,79.27,40.8,9.99,40.4,336.85,483.09,567.29,542.84,444.62,294.89,297.63,219.82,160.21,94.62,32.27,20231215
41590,화성시,1,외국인,3.54,42.32,599.81,1334.42,1350.13,981.54,633.65,226.1,252.01,195.06,134.94,88.3,33.68,6.22,22.02,208.63,329.52,395.0,361.43,234.01,225.84,174.4,174.66,96.88,60.88,18.31,20231224
41590,화성시,18,외국인,5.79,59.34,716.62,1777.19,1887.91,1651.51,1077.88,606.02,609.63,471.37,318.65,100.53,37.95,9.29,38.71,384.24,547.05,686.32,727.84,615.26,447.09,454.94,365.45,184.99,101.1,48.24,20231211
41590,화성시,1,외국인,1.76,17.94,274.57,658.57,849.57,661.45,419.08,219.46,262.87,192.17,105.77,60.56,16.24,2.07,8.37,176.64,216.81,284.96,320.49,218.3,149.25,154.42,121.7,97.57,58.97,17.54,20231205
41590,화성시,22,외국인,0.0,42.57,616.25,1275.32,1290.33,1196.38,720.72,370.91,380.01,274.24,190.54,83.5,15.72,8.15,26.44,258.49,333.14,519.6,447.15,363.03,268.72,252.18,241.92,126.68,79.21,22.04,20231211
41590,화성시,23,외국인,2.07,38.38,582.07,1120.99,1243.64,1028.35,626.77,313.78,334.13,233.15,169.52,78.97,30.05,4.2,17.6,223.08,291.68,398.09,400.04,320.56,189.92,218.42,171.03,114.16,75.98,17.88,20231214
41590,화성시,2,외국인,0.0,12.43,299.71,744.18,758.6,586.54,390.13,202.63,184.64,152.82,104.31,56.24,25.68,6.15,9.63,116.87,225.71,280.02,263.13,194.24,149.57,146.55,121.08,100.95,62.06,20.21,20231218
41590,화성시,0,외국인,1.7,22.02,661.68,1575.44,1537.79,1144.81,591.11,273.95,281.17,159.98,142.7,70.45,21.93,11.75,30.0,199.27,357.13,396.08,382.33,249.2,196.79,212.17,167.89,113.77,73.68,12.14,20231231
41590,화성시,20,외국인,7.54,48.71,773.59,1895.89,2026.44,1619.27,1061.03,558.4,548.02,354.91,292.85,143.76,29.73,13.94,43.67,400.13,566.17,719.07,754.55,545.25,405.43,446.18,326.35,181.96,104.48,44.01,20231208
41590,화성시,8,외국인,3.84,81.38,826.85,1738.93,1880.87,1909.75,1507.21,1019.5,1126.32,1009.36,616.82,247.01,88.78,10.02,22.37,308.66,514.98,729.66,762.84,672.75,574.77,549.16,374.39,288.61,123.49,45.67,20231207
41590,화성시,20,내국인,7733.04,8821.27,8848.43,11496.53,12668.68,11943.36,15660.0,13840.26,13154.27,10137.99,7700.05,4696.72,2356.62,7182.17,8051.79,7172.59,8510.45,9966.46,10158.99,13451.29,10820.21,10257.0,7672.71,6176.48,4195.63,2138.92,20231228
41590,화성시,12,내국인,8142.94,6950.57,7657.38,12700.62,14661.89,13179.27,17407.41,17273.62,18323.16,16472.23,14422.03,9225.6,4420.61,7641.92,6215.77,5746.0,8322.47,10125.62,11457.6,15109.51,12670.45,12535.05,10395.85,9195.08,6619.86,3495.3,20231221
41590,화성시,14,내국인,9066.72,8329.61,6829.13,9458.61,10756.61,11082.7,14962.43,13041.86,13326.31,10974.99,9753.92,6808.88,3692.54,7963.07,7233.96,6865.53,8444.44,9816.71,10539.3,13973.05,11757.26,11386.06,9844.47,8597.4,6204.29,3491.19,20231203
41590,화성시,16,내국인,10902.38,8976.53,7667.89,9909.97,11316.57,10599.68,14451.58,13640.96,14127.25,12230.54,10855.68,7135.43,3442.38,10192.11,8524.78,6168.22,7311.59,9079.03,10516.71,13504.11,11309.63,11021.72,9291.83,8072.07,5840.7,3208.31,20231222
41590,화성시,13,내국인,9294.42,8236.85,6920.31,9720.21,11266.92,11223.21,15104.61,14578.06,15175.85,12885.75,11612.94,8008.35,4041.19,8827.36,7530.23,6546.21,8041.11,10058.3,10861.7,14188.9,12354.16,11346.57,10031.89,9034.61,6384.45,3770.43,20231209
41590,화성시,13,내국인,8226.74,7069.67,7523.59,11168.59,12964.2,11444.16,15368.81,15294.1,16393.81,15072.94,13776.82,8702.36,4421.04,7620.88,6354.95,5865.72,7522.56,8877.82,10459.06,13760.48,11954.1,11837.93,10332.45,9243.28,6517.78,3833.28,20231218
41590,화성시,22,외국인,0.0,39.95,590.16,1404.05,1413.08,1212.11,715.0,383.89,387.46,247.45,182.27,75.79,32.66,10.3,23.06,271.32,420.61,493.6,419.62,300.11,266.13,221.41,178.48,119.57,106.44,26.41,20231210
41590,화성시,8,내국인,7905.01,5615.66,5154.64,9206.06,10699.93,9469.63,12273.54,12365.33,13130.03,12204.46,10736.4,6812.4,3097.46,7475.98,5000.93,3797.5,5357.84,6627.49,7268.93,9962.37,8747.9,8100.8,7254.51,6515.16,4744.85,2510.71,20231212
41590,화성시,13,외국인,2.0,63.71,885.18,2071.21,2195.46,1815.8,1330.95,701.7,667.95,529.56,420.9,192.79,80.74,12.0,38.08,330.95,591.11,662.73,662.48,587.42,477.15,494.25,348.55,214.33,156.38,39.76,20231225
41590,화성시,5,외국인,5.84,18.03,323.99,782.77,839.31,790.83,572.92,294.44,405.84,304.68,257.36,84.58,31.17,2.07,16.22,141.45,238.47,327.76,276.52,242.63,194.64,218.56,174.44,134.2,63.34,20.01,20231209
41590,화성시,5,내국인,2766.27,3044.88,4237.49,5252.0,5463.25,5679.41,7212.88,6721.62,6644.86,5476.27,4635.73,3226.22,1548.14,2653.56,2659.83,3798.26,3880.86,4574.15,4659.96,5893.81,4843.84,4956.94,4078.1,3801.34,2657.66,1521.38,20231226
41590,화성시,18,외국인,3.78,86.85,1054.29,2426.01,2581.86,2163.61,1354.92,792.76,770.54,503.39,326.33,118.56,48.2,10.16,55.43,452.44,603.2,836.46,846.61,590.93,550.55,495.56,445.21,205.66,145.91,35.92,20231229
41590,화성시,0,외국인,1.69,28.13,466.25,1085.22,1096.76,885.85,496.91,232.63,227.98,186.02,108.56,52.57,29.3,2.07,15.97,170.89,283.39,355.24,285.45,237.7,142.47,179.14,151.13,84.73,59.94,19.97,20231217
41590,화성시,18,외국인,7.53,93.2,1082.63,2573.81,2659.5,2112.25,1159.4,581.82,549.71,403.3,258.4,123.09,30.63,8.15,31.68,403.34,637.8,805.12,729.96,564.58,404.6,414.66,334.3,154.69,122.24,43.34,20231202
41590,화성시,23,내국인,3893.16,5236.7,6237.55,7135.89,7893.12,7810.01,9357.72,8113.47,7261.11,5500.51,4426.44,2923.96,1554.8,3655.7,4140.56,5347.78,5810.92,6609.9,6552.5,7958.62,6515.83,6054.93,4637.04,4021.75,2940.97,1680.2,20231225
41590,화성시,13,외국인,5.48,69.22,1095.06,2415.66,2418.85,2336.19,1737.48,996.47,1181.84,961.85,716.93,288.99,52.76,16.1,42.42,465.25,638.79,839.12,938.98,778.71,653.18,658.46,462.19,342.48,186.78,61.48,20231229
41590,화성시,23,내국인,4667.06,5745.47,6749.3,8276.8,8973.55,8724.79,10778.8,9158.97,8687.16,6522.02,5128.71,3287.45,1631.38,4381.87,4659.37,5490.25,6482.97,7343.4,7160.1,9480.79,7362.64,6839.45,5183.19,4321.69,3079.74,1770.07,20231222
41590,화성시,8,내국인,8097.57,5871.73,4930.88,9808.34,10704.82,9742.85,12706.15,12746.61,13605.96,12485.82,11008.88,6943.63,3220.7,7845.34,5154.82,3688.73,5276.48,6631.63,7478.08,10089.81,8636.65,8599.46,6995.3,6449.22,4599.85,2542.31,20231213
41590,화성시,16,외국인,9.69,61.06,1054.39,2041.91,2104.14,1976.53,1431.51,976.42,882.21,735.2,486.28,237.35,70.7,26.38,33.22,428.85,614.21,803.83,925.56,750.64,624.03,566.8,460.89,291.38,155.0,42.79,20231221
41590,화성시,22,외국인,0.0,42.4,553.83,1296.36,1424.6,1191.37,720.87,405.89,415.53,294.08,141.12,87.67,35.6,11.57,21.85,297.95,344.9,491.2,469.18,368.89,228.47,282.85,195.37,140.24,63.0,22.69,20231207
41590,화성시,6,외국인,2.07,12.16,457.71,1062.82,1210.21,1207.09,954.82,612.15,633.09,608.69,420.67,156.81,66.39,4.15,20.6,226.15,303.63,402.24,386.33,312.72,351.35,259.44,243.32,171.23,79.3,27.37,20231221
41590,화성시,18,내국인,10027.22,9794.32,8689.26,10705.37,11952.17,11750.78,14998.78,14135.71,13863.8,11356.59,9217.49,5862.24,2725.16,9574.46,8679.08,6783.35,8540.65,10065.4,10801.26,14637.45,11746.54,11368.57,8736.69,7138.82,5062.73,2684.9,20231222
41590,화성시,13,외국인,5.69,70.69,1007.77,2280.76,2402.83,2113.0,1483.3,1006.75,941.34,804.53,536.49,218.59,79.44,14.31,39.85,434.02,648.64,762.8,792.3,605.37,592.31,573.35,401.46,271.82,205.02,41.77,20231223
41590,화성시,15,내국인,10533.71,9105.73,6995.28,9816.95,11463.04,10693.68,14636.53,14205.13,14790.48,12820.98,11698.3,7668.45,3950.76,9519.25,7699.19,5739.68,7005.77,8730.16,10185.24,13821.29,11150.3,11254.04,9819.62,8512.64,6097.38,3358.01,20231215
41590,화성시,6,외국인,1.69,36.96,477.39,1130.84,1133.74,956.75,657.76,380.62,401.36,307.26,226.97,88.99,64.45,5.71,20.89,161.32,321.69,370.98,361.59,270.74,191.42,185.87,150.46,109.52,78.49,18.25,20231210
41590,화성시,10,외국인,9.32,69.85,832.95,1903.78,2041.24,1909.41,1495.13,1034.86,1106.01,1085.46,697.66,302.03,82.34,7.88,20.5,360.22,582.77,776.2,797.76,768.53,639.95,603.26,438.04,354.4,151.73,63.81,20231212
41590,화성시,18,내국인,7418.84,8966.6,8733.42,9992.53,11845.95,11189.11,14478.08,13033.45,12672.08,9707.25,8078.75,5351.58,2688.72,7280.84,7763.44,7725.19,9052.87,10489.47,10541.44,13820.55,11301.61,10602.05,8796.47,7388.75,4977.03,2611.78,20231230
41590,화성시,17,외국인,11.23,79.49,1031.39,2271.66,2271.73,2064.79,1382.14,829.57,791.76,609.33,472.12,182.4,79.71,16.16,42.11,481.84,680.83,847.55,825.74,740.51,637.22,589.41,488.72,275.69,114.7,44.49,20231218
41590,화성시,19,외국인,6.01,70.67,1013.91,1978.8,2118.91,1777.0,1141.84,651.23,675.64,459.29,329.98,148.62,46.97,14.23,44.57,466.48,576.78,667.55,732.85,570.56,491.7,472.59,383.95,211.88,101.18,31.55,20231227
41590,화성시,11,내국인,7822.71,6126.67,6788.37,12099.31,13935.55,12091.94,16374.88,16846.64,18345.19,16329.0,14743.33,9427.13,4650.66,7074.07,5194.76,5317.76,7375.28,9231.7,10592.47,14454.87,11628.88,11580.52,9848.49,9121.54,6813.69,3628.35,20231219
41590,화성시,9,내국인,7464.66,5492.49,5577.27,9969.11,11000.92,10106.96,13307.27,13287.09,14557.16,13442.01,11947.82,7635.52,3764.39,6991.54,4711.52,4471.01,5724.88,7526.78,8622.35,11862.98,9792.47,9244.0,8190.72,7449.0,5726.38,3275.19,20231214
41590,화성시,23,내국인,4181.9,5160.79,6167.19,7830.69,8833.37,8477.88,10442.14,8995.38,8348.01,6371.55,4931.94,3147.51,1661.1,3730.5,4077.43,5177.59,5678.71,6591.7,6746.12,8671.22,7089.37,6337.91,4948.29,3963.74,2947.73,1630.92,20231228
41590,화성시,20,외국인,4.08,58.34,878.84,1905.12,1924.87,1675.15,921.21,514.45,578.75,459.66,292.45,155.21,56.68,8.23,31.64,408.99,542.38,670.42,690.36,556.53,413.76,450.75,374.46,199.86,115.09,21.38,20231221
41590,화성시,4,외국인,3.45,31.67,413.56,1061.07,1044.39,808.36,501.94,235.72,242.58,188.82,111.72,58.26,16.34,6.22,9.6,167.57,269.27,345.08,319.96,203.74,185.27,162.72,139.67,109.96,54.29,24.09,20231203
41590,화성시,22,내국인,5438.7,7054.24,7664.98,9712.95,10908.81,10312.04,12682.69,11065.6,10111.46,7394.52,5810.28,3753.71,1771.38,5004.88,5640.68,6273.43,7123.74,8105.26,8012.35,10860.2,8657.14,7603.63,5842.97,4838.67,3541.92,1837.6,20231227
41590,화성시,16,내국인,9536.35,8363.74,7018.29,9706.34,10839.01,10896.14,14176.96,12905.77,12884.7,10175.8,8653.22,5936.77,3114.18,8199.99,8008.47,6717.1,8370.23,10013.15,10439.99,13680.59,10978.42,10708.82,8846.18,7594.01,5431.39,2916.08,20231210
41590,화성시,5,내국인,3436.83,3254.44,3690.44,5404.08,6018.36,5766.64,7140.69,6360.43,5969.99,5050.68,4134.24,2798.89,1508.57,2985.77,2929.57,3399.48,4564.92,4950.24,5016.28,6021.79,4866.78,4830.05,4044.26,3715.69,2583.05,1354.71,20231210
41590,화성시,8,외국인,5.85,67.57,982.65,1886.76,2075.04,2047.3,1540.58,1066.73,1108.28,1068.43,741.25,277.43,52.87,8.24,41.07,385.55,596.25,720.53,779.26,714.21,627.89,571.22,415.24,238.19,132.08,34.55,20231228
41590,화성시,19,내국인,9238.61,8096.19,7514.37,11895.82,13092.87,11885.94,15043.72,14062.01,13334.39,10618.44,8006.89,5087.91,2475.93,8388.77,7249.59,6333.03,8657.71,9869.12,10157.43,13236.61,11081.59,10159.0,7912.43,6550.33,4389.46,2239.82,20231212
41590,화성시,3,외국인,0.0,24.15,294.08,677.05,730.32,649.67,409.62,233.83,229.85,178.46,87.44,46.09,23.29,6.08,16.26,135.85,201.2,275.27,262.51,209.09,191.46,160.41,114.08,92.97,45.33,14.22,20231201
41590,화성시,9,내국인,8082.95,7288.1,6505.32,9225.32,10660.41,10317.56,13243.25,13998.25,14876.03,13103.62,11675.6,7836.51,3875.52,7649.89,6569.04,5003.48,6132.22,7644.85,9018.0,12284.68,10047.1,9518.29,8229.39,7742.98,5664.06,3213.66,20231229
41590,화성시,14,내국인,8557.04,7927.74,7869.21,9827.09,11301.98,11313.23,14876.67,13387.09,13353.78,10750.55,9540.45,6364.78,3126.08,8286.6,6637.99,7300.41,9445.84,10688.37,10706.04,14063.76,11229.67,11113.61,8875.18,8012.02,5671.59,3072.29,20231225
41590,화성시,17,외국인,10.94,85.15,1162.0,2457.21,2528.63,2145.53,1361.46,903.53,908.25,619.68,438.32,203.8,81.34,17.91,51.66,495.1,729.72,901.43,1000.76,740.91,672.86,614.24,483.39,227.95,138.46,41.78,20231222
41590,화성시,19,외국인,3.39,63.55,1107.98,2597.7,2688.88,2057.56,1286.65,587.88,520.99,407.13,313.7,140.37,44.19,14.02,51.29,411.11,656.47,712.94,832.42,546.13,435.66,442.74,370.89,199.59,150.54,43.06,20231223
41590,화성시,0,내국인,2277.15,3022.43,3098.36,4962.51,5404.63,5324.05,6732.7,5943.87,5262.88,4113.56,3161.54,2108.04,1021.82,2142.9,2545.34,2753.48,3243.35,4041.09,4262.88,5566.38,4444.92,3965.84,3227.11,2836.44,1902.07,969.91,20231206
41590,화성시,5,내국인,3429.7,3587.6,4713.65,5702.34,6156.38,5862.66,7243.31,6798.75,6465.81,5325.27,4356.81,3154.82,1519.7,2957.32,3049.94,3861.77,4372.47,4845.3,4916.49,6190.43,5064.37,4793.92,3965.28,3688.08,2741.76,1585.49,20231230
41590,화성시,1,내국인,2787.59,3472.02,3947.33,5183.41,5574.65,5304.62,6505.75,6058.41,5195.49,3989.11,3378.36,2216.48,1179.29,2619.6,2628.87,3338.1,3974.75,4447.01,4497.67,6035.89,4964.26,4393.54,3346.69,3113.37,2147.41,1296.3,20231218
41590,화성시,2,외국인,4.08,9.31,328.9,747.3,858.57,732.17,450.08,220.03,255.72,190.42,111.99,75.15,29.86,4.15,16.01,150.77,228.26,287.49,302.61,242.18,196.89,146.77,137.69,89.76,51.65,15.67,20231221
41590,화성시,11,외국인,7.31,61.38,1038.42,2090.97,2320.28,2175.75,1635.04,1171.63,1123.43,1044.87,706.26,283.07,127.42,7.95,22.45,472.38,714.67,894.09,877.29,776.3,654.49,635.34,501.97,376.24,169.49,52.57,20231222
41590,화성시,0,외국인,1.76,20.48,316.86,582.27,717.01,556.07,398.51,203.38,208.64,166.13,100.74,52.37,14.23,2.07,12.21,121.11,185.77,269.31,309.91,192.52,151.21,143.28,116.06,89.33,47.59,17.54,20231205
41590,화성시,17,외국인,3.71,63.41,928.69,2120.05,2119.34,1828.65,1295.38,802.07,852.18,567.67,395.2,145.69,41.83,18.91,32.43,399.82,621.72,805.69,801.06,691.53,562.55,585.89,390.28,226.85,119.34,50.69,20231211
41590,화성시,7,외국인,0.0,49.5,683.91,1561.5,1569.2,1726.76,1334.46,923.61,1122.04,996.81,645.1,242.65,59.66,2.07,13.77,240.32,439.13,546.38,593.27,515.37,519.77,485.47,328.39,238.24,105.26,45.51,20231207
41590,화성시,14,내국인,8882.26,6914.1,7457.51,10549.37,12129.03,11186.64,14444.24,14511.4,15774.59,14316.42,13129.23,8379.47,4249.41,8246.05,6439.69,5829.19,7082.91,8577.54,9941.79,13456.03,11378.5,11209.71,10038.2,8707.72,6506.15,3759.71,20231218
41590,화성시,22,내국인,5861.37,7504.72,7111.76,9854.85,10936.32,10201.19,13278.51,11846.25,10774.63,7704.29,5902.46,3782.11,1767.24,5187.26,6212.34,6354.26,7755.73,8861.59,8873.82,11528.85,9270.16,7915.43,6311.32,5083.8,3504.97,1733.94,20231215
41590,화성시,9,내국인,7569.39,6917.53,5925.14,9147.74,10721.13,9986.75,13497.84,13478.45,14225.96,12507.72,11224.6,7252.49,3744.09,7420.85,6090.59,4665.66,5753.16,7573.58,8923.13,11906.77,9857.14,9319.94,8167.65,7471.91,5640.84,3151.36,20231222
41590,화성시,16,내국인,11016.06,8714.46,7324.83,10348.56,11619.68,10496.31,14183.7,13775.8,14253.62,12151.33,10947.11,7255.89,3602.19,10776.64,8205.41,5706.07,7134.03,9027.64,10338.08,13700.96,10929.31,10942.33,9033.13,7942.71,5619.77,3009.11,20231221
41590,화성시,8,내국인,4085.21,4151.68,4606.87,6803.38,7669.38,7664.52,10126.44,9379.84,9964.19,7938.82,7022.92,4596.33,2361.86,3622.87,3714.03,4281.69,5513.11,6575.61,6570.56,8569.42,7567.41,7310.24,6291.31,5760.23,4101.72,2225.04,20231203
41590,화성시,3,내국인,2695.43,2969.82,3324.53,4472.82,4943.03,4793.31,6006.25,5491.03,4921.38,3907.05,3233.01,2240.83,1163.09,2474.06,2494.59,2872.51,3406.8,3992.09,4089.87,5242.34,4376.99,4256.19,3220.73,2939.33,2061.36,1230.27,20231218
41590,화성시,19,외국인,5.84,84.36,986.8,1948.77,1981.7,1651.77,1147.72,680.89,660.97,414.05,302.11,129.72,39.62,14.14,52.75,418.21,567.95,651.25,703.29,513.77,494.14,451.61,359.81,212.39,95.63,44.06,20231226
41590,화성시,21,외국인,3.84,40.25,692.73,1482.63,1448.7,1204.39,719.44,354.33,393.18,233.14,202.64,85.22,19.04,14.14,36.87,298.58,407.46,477.51,455.39,332.11,264.82,279.46,245.51,146.09,85.4,31.68,20231203
41590,화성시,12,외국인,6.85,73.36,921.42,2207.81,2417.74,2177.2,1529.29,1063.4,1133.1,946.78,637.52,292.7,86.14,10.3,36.31,410.29,553.49,794.44,846.78,605.84,553.35,581.71,407.43,269.0,125.45,59.43,20231202
41590,화성시,0,내국인,2443.44,3083.16,4071.79,5268.6,5840.11,5575.57,6702.31,6068.5,5786.35,4494.37,3286.98,2176.9,1042.26,2468.3,2535.7,3384.34,3713.25,4395.59,4423.02,6110.22,4566.86,4346.89,3436.66,2825.49,2016.36,1048.1,20231222
41590,화성시,21,외국인,0.0,37.71,684.47,1639.98,1652.15,1305.28,738.14,380.64,426.15,295.29,217.72,90.39,41.34,12.0,26.96,306.59,471.14,510.39,472.99,393.33,318.59,247.94,204.12,151.14,110.72,32.67,20231210
41590,화성시,19,내국인,8678.41,8793.15,7623.29,11418.44,12665.51,11585.9,14397.98,13167.75,12866.8,10057.46,7854.76,4870.87,2391.92,8309.67,7861.03,6143.24,8332.3,9728.73,9821.18,12764.94,10857.49,9837.22,7635.08,6070.98,4141.94,2188.7,20231218
41590,화성시,8,외국인,5.49,56.71,947.84,1870.05,2018.16,1879.12,1500.81,986.9,1000.73,903.31,559.56,230.35,100.72,16.54,26.74,417.47,587.2,717.21,790.79,646.05,579.85,534.7,371.83,265.58,130.6,33.9,20231222
41590,화성시,10,외국인,9.07,48.3,912.2,1852.57,2011.09,1898.13,1469.35,1010.76,1209.89,975.51,711.9,274.19,63.05,11.96,16.32,313.87,569.48,738.11,819.25,641.38,600.58,584.43,421.4,314.06,145.68,70.58,20231204
41590,화성시,19,외국인,7.91,88.58,1124.16,2741.72,2591.47,2097.45,1189.17,593.77,555.05,359.39,280.14,115.54,47.47,15.76,52.61,412.13,637.96,754.23,663.1,512.9,430.08,386.83,340.51,190.46,155.78,53.39,20231216
41590,화성시,6,외국인,3.84,37.38,471.86,955.89,1075.42,1032.29,935.69,616.73,735.26,662.32,453.0,208.01,37.27,6.15,9.71,163.87,271.68,354.59,350.36,304.71,322.14,293.75,213.34,181.42,81.04,24.18,20231204
41590,화성시,4,내국인,2616.13,2721.9,2798.77,4443.47,4913.19,4797.73,6153.78,5500.59,5141.81,4322.36,3479.38,2424.88,1358.42,2367.81,2166.98,2528.75,2967.61,3711.48,3786.69,5098.2,4433.13,3906.79,3288.5,2927.13,2007.67,1213.24,20231212
41590,화성시,15,내국인,9080.8,8069.84,8080.16,9711.24,11136.42,11031.01,14756.7,13406.06,12958.1,10657.76,9438.08,6217.46,3171.1,8011.73,7489.18,7465.98,9446.7,10538.92,10896.25,14803.95,11858.76,11273.46,9678.05,8615.63,5962.8,3328.59,20231224
41590,화성시,7,외국인,3.76,37.2,595.51,1373.56,1454.65,1416.13,1123.72,809.47,923.67,849.96,567.17,240.65,67.33,8.08,16.49,230.51,332.37,420.86,446.74,386.42,346.17,386.94,286.59,185.37,83.13,42.16,20231209
41590,화성시,4,내국인,2389.68,2650.7,2628.66,4529.11,4951.74,4805.2,6434.43,5626.33,5350.39,4368.23,3587.72,2395.37,1177.51,2167.22,2270.56,2518.25,2981.37,3743.78,3859.37,5188.89,4176.02,4189.43,3455.72,2998.74,2107.75,1155.34,20231206
41590,화성시,5,외국인,1.76,25.9,335.93,653.68,751.25,654.13,507.0,275.28,318.83,284.1,270.76,76.96,11.4,6.15,3.71,124.04,194.2,283.22,228.35,200.51,171.99,174.47,139.3,104.57,67.83,9.77,20231204
41590,화성시,9,내국인,7885.39,6508.89,6703.61,9384.85,11095.08,10322.69,13856.25,13862.18,15109.13,13655.14,12062.24,8041.48,3892.51,7210.72,5616.87,4822.16,5902.37,7632.32,8661.07,11945.8,10033.0,9538.34,8346.19,7571.8,5665.08,3197.49,20231228
41590,화성시,2,내국인,2593.88,2879.48,3219.86,4602.33,5035.83,5007.33,6226.72,5616.91,5112.46,4002.62,3216.94,2198.48,1143.58,2374.19,2392.09,2841.66,3331.45,3998.02,3955.04,5260.91,4248.35,4069.73,3260.76,2919.95,2037.84,1044.8,20231208
41590,화성시,7,내국인,3794.96,4049.4,5581.75,8108.92,9296.15,9182.38,11599.59,11223.38,11970.26,10927.05,9438.15,5937.72,2691.12,3547.2,3896.17,4013.57,4956.99,6007.47,6133.76,8303.84,7257.16,7090.53,6129.46,5338.34,3876.44,2117.82,20231227
41590,화성시,10,내국인,7024.98,5978.83,6347.71,10161.99,11250.83,10529.9,14281.44,14394.68,15805.1,14308.06,13299.59,8618.52,4284.35,6709.31,5270.77,5345.14,5961.58,8077.45,9916.21,12733.91,10951.82,10447.18,9144.13,8462.48,6139.35,3593.46,20231206
41590,화성시,21,내국인,6313.41,7562.15,6919.83,10206.57,11241.19,10813.31,13450.51,11451.32,10698.65,7864.14,6238.91,4010.13,1938.84,5860.87,6537.97,5768.74,7571.55,8534.98,8608.8,11433.1,9288.72,8486.41,6356.41,4959.19,3535.05,1851.62,20231218
41590,화성시,23,외국인,1.7,30.0,438.97,1022.9,1084.3,941.74,588.49,280.65,367.86,230.6,145.23,48.5,33.31,9.86,19.93,238.88,305.44,376.41,367.12,313.36,194.73,213.33,150.5,101.43,64.92,17.81,20231206
41590,화성시,20,외국인,1.76,56.59,796.76,1679.5,1718.76,1409.02,887.45,425.46,411.03,273.32,246.57,101.9,11.51,16.29,33.41,302.12,432.87,523.41,522.6,341.57,373.34,345.76,262.14,147.67,94.68,43.38,20231203
41590,화성시,7,외국인,3.69,55.23,778.76,1480.98,1541.35,1596.14,1274.34,931.2,1073.19,888.94,651.72,258.59,49.18,6.15,10.26,253.2,428.74,537.98,546.58,465.43,474.3,458.08,313.42,262.13,108.2,43.56,20231204
41590,화성시,10,내국인,6549.83,5731.08,5691.04,8611.85,9862.89,10117.89,13459.39,13244.25,13756.88,11750.35,9978.74,6688.86,3398.49,6003.19,5730.22,5346.35,6485.3,8426.34,9426.43,11845.42,10154.75,10062.19,8351.41,7732.48,5591.04,3205.35,20231202
41590,화성시,19,외국인,0.0,38.68,948.07,2093.11,2197.98,1749.89,1011.98,495.82,424.0,333.24,219.71,99.31,33.78,12.16,31.76,318.48,488.37,638.33,639.38,478.43,379.34,367.89,323.48,176.34,136.6,35.43,20231217
41590,화성시,11,내국인,7205.89,6176.71,7445.13,11882.54,13621.98,12254.55,16004.06,16610.71,18235.73,16738.25,14859.93,9518.36,4700.72,6983.62,5818.31,6338.84,7237.98,9182.68,10303.69,13857.36,11979.36,11564.16,9830.65,8923.55,6546.16,3935.54,20231212
41590,화성시,0,외국인,2.07,40.7,507.65,982.28,983.26,848.21,505.81,281.02,259.18,177.44,117.65,58.16,21.42,2.0,32.08,205.77,265.47,329.73,344.6,231.78,224.34,199.24,160.57,111.05,72.24,18.05,20231230
41590,화성시,10,외국인,9.07,73.62,917.95,2006.97,2196.76,2055.42,1574.35,1033.08,1037.35,984.68,634.26,264.8,65.56,9.63,29.86,395.92,596.43,865.17,851.07,772.09,607.88,616.74,447.84,360.51,142.66,55.45,20231218
41590,화성시,5,외국인,5.62,26.27,509.79,1184.31,1179.16,878.74,609.43,256.52,259.66,185.05,147.37,91.3,39.24,8.35,28.04,173.08,259.54,348.14,296.91,209.75,205.11,174.07,155.19,130.51,62.31,10.12,20231224
41590,화성시,2,외국인,3.71,26.14,434.1,952.83,1018.67,817.53,504.36,256.79,232.52,177.4,123.35,67.53,35.46,4.15,33.46,197.78,261.27,351.32,327.91,213.39,195.78,170.66,102.88,87.87,72.73,13.46,20231223
41590,화성시,13,내국인,7683.95,7338.99,7591.79,11143.55,12149.55,11093.25,15059.42,15337.71,16555.11,14835.66,13555.23,8771.83,4469.19,7557.7,6932.67,6359.32,7193.47,8937.66,10191.4,13738.38,11969.48,11758.31,10147.94,9393.24,6955.46,3919.1,20231201
41590,화성시,2,내국인,2932.93,3305.25,4710.71,5456.39,5636.7,5532.0,6584.9,5942.17,5442.68,4294.31,3559.24,2495.87,1223.31,2658.31,2756.21,3616.33,3568.59,4194.91,4517.79,5913.59,4555.91,4239.95,3429.57,3073.21,2315.92,1202.0,20231228
41590,화성시,12,외국인,9.23,56.12,962.78,2360.35,2484.55,2480.79,1650.77,1157.28,1175.92,1108.6,663.11,275.76,78.81,16.21,29.97,418.92,622.1,763.58,904.9,713.83,574.23,573.47,484.48,305.0,148.6,65.76,20231209
41590,화성시,20,내국인,6689.1,7961.65,6783.92,9472.13,10422.99,10487.22,12775.81,11329.98,10325.0,7612.82,6335.75,4011.2,1962.09,5575.53,6839.04,6074.82,7794.44,9007.52,9192.21,11416.82,9321.57,8395.71,6373.36,5475.56,3758.63,2017.16,20231210
41590,화성시,10,내국인,5927.63,6228.95,7042.5,8001.46,9603.01,9537.17,12515.55,11175.75,11807.61,9285.92,8273.38,5947.4,3208.11,5393.43,5706.2,6224.11,7422.76,8714.99,8910.65,11761.37,10032.77,9969.99,8703.1,7790.21,5633.56,3319.34,20231231
41590,화성시,15,내국인,9643.87,7218.26,6934.57,10563.78,11899.87,10874.79,14668.72,14608.16,15513.6,13739.77,12428.71,7869.27,3897.66,9266.95,6520.95,5810.34,7050.54,8622.05,9719.43,13533.72,11325.91,11077.32,9368.63,8478.69,6091.35,3460.76,20231214
41590,화성시,8,외국인,1.86,40.17,664.92,1512.04,1600.83,1277.73,934.69,545.78,585.32,451.69,363.87,182.56,64.13,0.0,25.68,186.69,362.28,430.27,470.25,373.45,315.28,359.05,258.92,177.21,111.59,33.66,20231225
41590,화성시,7,외국인,2.07,48.48,602.87,1394.14,1484.08,1333.09,1021.65,570.58,655.74,575.61,404.65,172.28,43.47,4.01,23.84,205.52,296.0,448.59,403.03,336.67,316.67,284.13,259.19,204.25,103.08,30.08,20231230
41590,화성시,19,내국인,9424.16,8635.24,7206.95,11591.26,12472.56,11575.01,14929.23,13664.23,13074.9,10105.81,8055.36,4943.31,2271.31,8658.93,8061.79,6256.65,8471.86,9379.1,10253.95,13360.28,11208.68,10050.26,7751.61,6293.98,4121.97,2216.03,20231205
41590,화성시,13,외국인,5.91,58.42,862.96,1869.09,2032.37,1775.77,1408.68,874.78,946.16,800.26,517.71,170.99,64.78,6.13,38.97,405.58,599.43,774.47,919.52,686.53,657.52,612.18,407.58,318.47,153.99,63.94,20231211
41590,화성시,10,내국인,7691.62,6576.17,7238.73,10020.32,11622.41,10991.06,14349.56,14951.86,16235.87,14825.15,13248.06,8853.52,4606.04,6908.58,5667.84,5454.21,6748.84,8282.76,9965.49,13524.78,10866.46,10600.9,9300.44,8395.11,6450.7,3693.41,20231227
41590,화성시,22,내국인,5921.66,7555.05,8281.45,9605.42,10590.01,9845.67,12435.81,10737.66,10049.54,7615.68,6071.79,4064.97,2212.19,5144.79,6143.97,7284.77,8492.34,9016.54,8921.64,11232.94,9021.33,8555.28,6680.95,5511.33,3767.0,2064.83,20231230
41590,화성시,21,외국인,0.0,44.53,666.74,1380.87,1533.65,1287.16,810.12,378.89,453.26,294.46,165.61,86.09,47.14,15.38,31.96,342.39,393.98,543.26,489.36,360.22,279.14,334.35,232.08,133.45,85.02,27.02,20231205
41590,화성시,14,내국인,8544.21,7541.1,6888.01,9472.09,10626.9,11290.38,14358.82,12762.3,12830.61,10082.45,8877.74,5929.68,3229.06,7553.73,6666.81,6649.08,8115.62,9891.62,10479.36,13532.0,10991.16,10989.55,9049.63,7900.95,5767.85,2928.96,20231217
41590,화성시,19,내국인,8760.25,8009.52,7098.5,10656.62,12190.36,11248.63,14259.42,13016.43,12554.6,9849.63,7686.74,4749.46,2262.81,7901.52,7012.64,5984.7,8153.46,9376.84,9678.77,12599.14,10329.83,9721.32,7268.98,5875.52,4079.53,2083.94,20231211
41590,화성시,17,내국인,10805.01,8324.25,7463.7,11120.96,12248.07,10981.89,14369.77,13824.59,14265.09,12335.32,10151.74,6766.1,3144.62,10320.92,7945.23,6118.34,7343.02,9323.28,10747.17,13894.5,11341.2,10857.48,8878.85,7312.39,5351.11,2746.14,20231219
41590,화성시,6,내국인,3006.8,2735.46,3376.92,6047.62,7030.82,7010.64,8801.94,8644.63,9064.8,8144.58,6909.76,4143.82,1905.67,2538.7,2402.29,3061.94,3926.36,4828.29,4838.92,6256.35,5933.04,5501.74,4603.23,4093.7,2915.59,1691.46,20231211
41590,화성시,8,외국인,7.49,40.92,749.16,1716.67,1761.89,1633.55,1313.84,844.74,868.15,799.0,466.09,166.97,55.24,6.21,34.0,330.66,511.03,663.99,781.09,649.7,543.22,538.33,372.45,247.59,141.82,47.1,20231211
41590,화성시,10,외국인,3.45,61.74,669.14,1717.87,1824.73,1799.32,1320.66,981.43,978.55,817.48,623.82,278.5,75.62,16.38,26.0,347.64,521.54,638.74,700.47,515.41,465.88,514.81,353.95,261.14,125.67,59.11,20231202
41590,화성시,4,내국인,2689.68,2665.7,2943.35,4512.49,4895.65,4806.07,6145.67,5684.02,5499.62,4407.27,3606.97,2431.41,1258.31,2411.33,2162.46,2395.88,2984.6,3773.73,3887.96,5246.46,4346.49,4138.65,3247.8,2941.95,2101.79,1212.21,20231213
41590,화성시,19,외국인,13.61,83.6,1058.53,2485.33,2604.33,2120.65,1189.22,602.93,528.01,390.77,242.45,114.28,32.87,14.23,31.52,407.82,634.25,749.92,729.64,564.93,476.64,392.01,309.14,173.0,121.53,39.52,20231202
41590,화성시,2,외국인,2.07,32.31,411.8,799.5,894.6,742.95,439.63,269.02,237.6,165.07,138.86,68.05,21.98,6.15,18.53,141.85,238.38,252.46,288.66,253.87,209.39,157.27,143.89,81.82,56.82,19.59,20231228
41590,화성시,10,내국인,7873.86,6127.86,6287.05,9886.69,11851.96,10346.93,14291.17,14270.96,15192.09,13729.87,12216.28,7887.16,3795.03,7386.28,5618.8,4704.39,6332.28,8297.45,9798.37,13317.58,10808.51,10453.1,8849.33,8295.76,6016.15,3223.26,20231221
41590,화성시,3,내국인,2667.89,3368.63,4321.38,4933.8,5200.41,5109.35,6348.28,5622.44,5126.92,4006.74,3292.39,2364.28,1245.47,2720.46,2620.3,3806.23,3817.84,4266.52,4284.42,5702.78,4415.51,4372.52,3414.57,3005.24,2228.17,1360.37,20231226
41590,화성시,2,내국인,3416.11,3917.29,4375.8,6251.98,6546.98,6000.42,7657.26,6627.48,5900.47,4795.57,3769.43,2530.24,1227.99,3061.57,3170.51,3824.66,5007.57,5250.71,5233.17,6390.17,5144.96,4798.49,3823.27,3551.61,2337.0,1409.16,20231210
41590,화성시,11,내국인,7425.36,6579.63,6987.06,11431.18,13155.74,11971.64,15590.88,16587.55,17727.32,15855.51,14666.67,9622.51,4932.74,7143.02,6225.79,5925.05,7133.98,9028.0,10827.96,14431.04,11852.07,11580.3,9906.26,9219.02,6931.53,4043.6,20231208
41590,화성시,21,외국인,0.0,50.15,617.86,1479.05,1528.15,1310.22,787.05,419.42,446.05,322.89,172.13,99.8,37.33,11.87,28.4,355.03,413.84,536.41,501.14,440.61,276.53,312.53,239.54,139.78,70.6,28.53,20231207
41590,화성시,23,외국인,2.07,56.73,609.8,1251.3,1167.93,1113.65,671.55,354.91,365.19,254.37,196.3,93.96,25.89,8.3,40.76,255.52,335.09,469.76,416.81,297.13,232.52,216.16,238.63,153.77,73.11,13.7,20231226
41590,화성시,16,외국인,3.83,76.98,1013.89,2114.59,2084.05,2091.35,1503.2,934.47,987.2,765.61,539.96,260.81,67.23,12.13,35.69,443.2,638.25,740.56,854.02,722.16,642.47,553.34,451.85,278.48,165.71,62.62,20231226
41590,화성시,23,내국인,4513.41,5907.67,5572.85,8119.28,8745.72,8366.09,10494.45,8878.73,8420.81,6513.05,4924.89,3170.04,1588.8,3984.45,4980.39,5199.81,6676.13,7429.44,7282.82,9204.73,7352.99,6467.27,5193.17,4463.99,3106.19,1645.36,20231209
41590,화성시,17,내국인,11252.03,9341.12,7721.64,10413.86,11605.04,10739.51,14085.45,13824.6,13699.29,11606.18,10178.19,6414.93,3313.19,10329.86,8482.8,6479.24,7615.78,9719.28,10688.43,13909.32,11428.06,11065.99,9169.22,7805.52,5410.05,2966.56,20231208
41590,화성시,10,외국인,2.07,56.9,744.33,1860.58,1981.04,1731.59,1311.72,755.62,824.23,694.68,480.66,216.28,65.08,12.16,32.31,331.05,493.91,663.56,631.74,518.83,476.22,481.52,352.24,297.26,172.15,53.3,20231230
41590,화성시,17,외국인,11.22,89.43,1187.91,2311.08,2516.57,2218.5,1489.98,901.09,912.57,645.13,452.43,190.54,57.96,22.11,67.46,515.72,752.6,858.52,904.93,802.17,625.25,620.92,461.85,265.43,160.98,56.15,20231227
41590,화성시,21,외국인,4.09,58.97,833.25,1680.1,1579.72,1457.99,864.69,449.6,494.35,292.1,279.16,119.01,41.4,14.38,46.95,329.7,470.62,597.59,550.13,405.32,336.26,309.38,287.79,174.94,72.81,29.97,20231226
41590,화성시,11,외국인,11.33,70.22,1031.52,2110.46,2228.09,2192.87,1693.22,1196.96,1273.17,1225.7,745.67,340.76,62.46,11.52,22.36,390.99,628.21,810.63,885.38,802.82,702.53,604.93,499.78,366.95,133.03,55.62,20231212
41590,화성시,10,내국인,7529.66,6506.71,6032.93,9842.87,11737.28,10510.43,14387.54,14394.72,15444.29,14050.35,12291.09,7715.3,3956.73,7059.74,5375.12,4763.83,6436.94,7943.27,9681.94,12900.68,10777.93,10099.05,8712.54,8087.11,5863.39,3324.76,20231220
41590,화성시,12,내국인,7133.0,7251.79,7562.23,9590.19,11204.24,11008.42,14519.45,13504.15,14196.83,11668.33,10174.65,6868.83,3517.46,6854.24,6656.27,6780.95,8021.33,9558.41,10256.87,13266.77,11227.87,11099.94,9219.23,8272.58,6127.85,3259.28,20231230
41590,화성시,23,외국인,0.0,44.06,725.97,1513.34,1557.14,1270.48,701.15,423.92,398.31,281.38,183.04,94.61,23.14,4.08,42.32,316.92,400.6,457.23,500.82,361.41,281.2,267.03,244.64,131.96,105.23,17.82,20231229
41590,화성시,19,내국인,9364.61,8572.18,7943.44,12078.15,13180.44,12051.48,15392.63,14275.11,13491.59,10866.32,8497.26,5201.4,2552.95,8346.01,7340.95,6238.97,8586.64,9906.01,10249.55,13924.09,11454.49,10723.41,8163.92,6705.41,4589.05,2268.67,20231213
41590,화성시,17,외국인,8.91,79.47,1031.25,2185.59,2228.42,2069.71,1439.46,820.14,901.25,642.27,455.22,156.25,58.62,15.54,44.1,437.67,655.57,849.65,905.16,749.76,587.99,603.31,453.49,258.71,124.01,58.86,20231208
41590,화성시,3,외국인,2.07,16.29,368.6,669.79,791.76,632.76,451.7,197.91,237.33,146.57,126.35,32.17,33.79,4.01,12.21,101.58,201.78,288.0,264.55,221.6,133.35,161.8,122.48,98.55,39.41,23.47,20231213
41590,화성시,10,내국인,7543.5,5967.16,6056.6,10160.35,11763.94,10380.31,14316.65,14516.5,15890.24,14236.29,12768.21,8319.11,4329.71,7234.76,5157.37,4712.17,6393.65,8191.2,9820.21,13365.73,10593.06,10371.19,8973.94,8443.3,6408.66,3410.59,20231219
41590,화성시,22,내국인,5385.23,6503.82,6526.85,9539.25,10581.06,9977.37,12208.93,10853.23,9861.47,7360.53,5660.34,3728.3,1820.58,4885.47,5503.99,5543.67,6723.45,7970.01,8004.63,10904.8,8310.39,7725.31,5910.19,4510.79,3247.65,1760.73,20231220
41590,화성시,13,외국인,7.61,71.82,948.59,1891.66,2131.45,1948.99,1540.47,1035.01,1108.52,1149.68,696.93,309.03,75.73,8.17,32.27,445.98,635.72,918.76,946.46,776.07,689.59,647.48,508.92,342.19,150.04,69.57,20231212
41590,화성시,9,외국인,11.76,56.82,897.03,1868.5,2023.33,1965.37,1584.02,1099.92,1102.57,1004.8,650.04,281.85,92.32,13.96,26.68,391.76,526.23,767.56,816.32,693.97,614.35,569.5,460.54,297.86,154.25,45.97,20231219
41590,화성시,11,내국인,7238.09,6329.79,7272.65,11731.08,13344.13,12097.33,16271.0,16672.74,18028.8,16742.38,14944.37,9842.04,4568.44,6969.58,5629.03,6247.23,6905.18,9241.57,10622.8,13924.03,11886.66,11376.51,9947.81,9162.99,6615.42,3881.62,20231206
41590,화성시,13,내국인,9365.3,8384.05,8077.1,10842.6,12300.16,11438.89,15388.76,15676.4,16842.77,14907.11,13491.77,9086.77,4582.6,9207.79,7523.88,6661.66,8072.14,9824.35,10971.31,15192.13,12788.03,12238.49,10568.62,9472.3,7118.12,4301.65,20231229
41590,화성시,12,외국인,11.15,73.82,1116.71,2305.76,2442.47,2246.69,1884.39,1315.76,1357.68,1214.34,796.51,317.02,68.09,9.68,34.0,447.98,761.56,944.48,1073.33,840.56,716.4,755.62,545.01,384.02,174.88,79.33,20231205
41590,화성시,15,내국인,10927.36,7891.71,7064.2,11268.61,12312.05,11008.58,15207.01,15276.21,16581.93,14963.08,13462.84,8547.38,4355.95,10260.28,7122.56,5866.67,7147.2,9072.55,10267.3,14027.29,11965.9,11703.28,9994.08,9164.78,6595.87,3756.15,20231213
41590,화성시,21,외국인,3.84,64.52,974.83,2091.41,2037.47,1738.77,1012.54,537.84,516.04,346.58,221.92,96.17,26.24,12.01,54.18,433.05,538.64,680.83,708.67,483.08,405.62,364.49,303.71,182.47,131.47,23.78,20231229
41590,화성시,21,내국인,6802.02,8670.97,7333.16,10366.22,11559.02,10574.25,13985.25,11856.01,11019.55,8250.6,6188.96,3886.79,1767.54,6207.09,7887.22,6790.48,8046.34,9220.37,9232.18,12073.5,9747.71,8955.97,6749.27,5458.74,3821.64,2018.91,20231201
41590,화성시,1,외국인,2.01,24.08,489.37,894.45,813.09,804.51,481.85,264.9,250.77,209.74,108.67,57.59,24.93,0.0,13.8,177.99,235.37,288.61,312.85,257.55,210.58,200.19,169.04,107.85,49.74,13.62,20231229
41590,화성시,0,외국인,0.0,27.83,399.66,757.57,754.31,682.26,436.79,277.46,230.63,138.31,120.43,55.86,15.92,8.3,17.95,153.2,228.02,310.9,338.86,220.86,167.39,168.55,127.45,68.37,42.33,17.79,20231228
41590,화성시,13,외국인,7.48,60.35,937.6,2234.24,2338.03,2032.81,1292.04,764.51,748.2,580.54,444.31,183.17,65.44,25.88,41.16,376.83,524.95,780.97,700.93,601.34,521.15,491.09,401.85,264.01,159.73,52.8,20231230
41590,화성시,5,외국인,5.54,24.27,301.22,725.3,776.14,724.73,498.12,308.31,401.6,329.7,239.19,69.08,43.93,0.0,8.3,138.79,207.41,314.07,284.62,211.75,187.84,185.93,161.01,110.32,46.58,11.77,20231208
41590,화성시,8,외국인,7.55,45.63,806.86,1750.0,1834.14,1666.52,1345.07,886.35,819.81,762.03,521.67,208.53,53.99,4.15,34.76,307.64,441.16,722.84,717.14,628.82,524.11,499.01,378.9,255.8,124.49,55.33,20231215
41590,화성시,22,내국인,5982.67,7626.55,6800.9,9814.6,10658.19,9991.26,12701.56,11044.2,9896.49,7725.01,5863.73,3766.56,1914.95,5162.68,6673.55,6390.81,8265.81,8939.94,8739.05,11281.86,8916.01,7790.03,6215.33,5238.27,3499.34,1839.3,20231209
41590,화성시,15,외국인,2.0,55.5,914.25,2235.29,2281.26,1835.09,1220.21,649.61,648.94,500.8,391.56,190.43,55.3,20.01,34.92,355.01,586.03,695.26,678.72,604.53,499.93,449.48,356.24,213.74,176.64,30.0,20231225
41590,화성시,2,내국인,2669.42,3424.97,4688.45,5191.65,5233.98,5346.63,6550.32,5693.9,5182.06,4067.27,3261.16,2317.79,1197.07,2764.86,2735.82,4017.1,4017.72,4434.91,4473.66,5819.12,4505.82,4529.85,3452.81,3078.91,2242.87,1314.12,20231226
41590,화성시,10,외국인,5.6,72.68,958.08,2044.7,2143.15,2046.88,1641.69,1079.31,1124.76,995.24,760.28,332.71,70.41,10.03,28.78,412.94,637.42,757.17,814.55,773.82,612.07,555.28,415.23,334.11,181.92,61.57,20231226
41590,화성시,9,내국인,5688.46,5091.19,5973.95,7890.05,9222.28,9736.53,12482.61,11672.72,12608.07,10268.38,8919.46,5922.08,2940.32,4610.79,4679.36,5232.9,6427.97,7631.64,8284.43,10889.26,8928.13,8838.89,7550.22,6593.45,4817.88,2690.06,20231223
41590,화성시,23,외국인,1.86,18.23,617.64,1317.24,1517.84,1195.96,758.05,362.05,371.51,261.44,196.91,113.08,41.96,6.22,34.6,311.59,393.4,493.46,477.68,318.1,285.71,255.36,162.6,121.32,75.28,15.99,20231222
41590,화성시,9,외국인,1.86,46.27,685.59,1701.52,1743.86,1646.78,1314.92,861.23,809.48,733.83,594.91,203.05,78.88,10.16,25.36,316.73,534.26,595.4,663.64,524.64,412.01,452.84,329.88,228.53,148.84,35.78,20231223
41590,화성시,19,내국인,7363.57,9341.12,9191.65,10818.51,12018.68,11740.97,15046.31,13041.62,12244.87,9359.41,8000.47,5472.22,2734.1,6977.31,7743.24,8693.23,10053.72,10946.48,11232.2,14034.48,11171.43,10846.2,8590.37,7331.36,5227.93,2812.65,20231231
41590,화성시,23,내국인,3991.26,4484.17,4564.84,6527.08,7476.74,7487.9,8658.82,7749.09,6901.18,5297.1,4448.25,2770.18,1426.57,3399.27,4210.76,3992.65,5212.32,5953.6,6060.01,7449.41,6267.33,5398.76,4367.8,3543.81,2539.61,1405.12,20231210
41590,화성시,15,내국인,10448.37,7897.22,6976.98,10722.53,11601.7,10437.81,14548.27,14517.65,15679.6,14176.19,12748.51,8184.38,4000.81,9959.49,7269.84,5931.63,6845.9,8476.94,9882.75,13471.43,11385.51,11132.57,9276.27,8473.62,5876.67,3410.36,20231206
41590,화성시,19,외국인,2.01,64.01,888.08,1804.52,2010.3,1722.43,1203.22,628.25,633.17,440.09,371.58,122.78,41.9,9.92,45.36,405.16,600.03,704.66,759.89,542.03,479.85,462.52,368.14,196.2,105.33,33.73,20231219
41590,화성시,12,내국인,8584.82,7487.45,6855.04,9794.08,11352.68,11557.83,15423.88,15148.95,16067.32,13645.98,12191.44,8280.22,4016.14,7965.99,7048.45,6254.89,7881.09,9819.48,10637.26,13843.4,12130.63,11624.77,10187.5,9172.9,6504.78,3725.64,20231209
41590,화성시,18,내국인,9922.32,8902.54,8019.12,11247.61,12498.95,11550.44,15098.01,13598.13,12972.49,10521.47,8803.39,5549.75,2601.59,9310.89,8046.47,6397.2,8354.45,9648.9,10364.55,13628.45,11237.42,10686.11,8180.28,6505.95,4663.21,2320.04,20231221
41590,화성시,8,외국인,3.45,49.7,595.32,1436.39,1493.73,1402.9,1167.49,810.47,851.61,759.64,539.11,236.42,69.03,6.15,28.58,293.73,357.09,484.36,523.79,381.5,386.87,410.22,291.76,204.27,106.19,48.96,20231202
41590,화성시,8,외국인,7.3,41.54,804.92,1742.24,1874.45,1862.45,1430.79,1050.33,1222.02,936.88,655.63,276.49,65.16,9.89,29.24,283.24,521.18,723.17,800.92,594.94,554.54,565.15,377.79,275.34,144.36,50.38,20231205
41590,화성시,22,내국인,4872.45,6637.05,7494.12,8795.53,9588.62,9546.65,11672.56,9930.79,8740.83,6645.04,5329.7,3537.28,1835.92,4668.16,5762.38,6571.49,7200.51,8152.45,8111.17,9768.31,8111.69,7445.92,5475.75,4818.99,3281.51,1906.63,20231225
41590,화성시,1,내국인,2886.02,3176.09,3821.57,5419.82,5671.86,5335.73,7065.6,6071.72,5195.83,4095.68,3489.99,2218.85,1241.58,2586.9,2626.38,3152.18,3684.46,4294.05,4475.74,5819.11,4770.49,4336.63,3446.69,3053.89,2001.48,1101.59,20231215
41590,화성시,16,내국인,9240.86,8310.92,8026.93,9848.72,11329.39,11414.36,14526.56,12845.07,11939.34,9861.25,8311.98,5838.62,2945.01,8276.29,6930.65,7175.96,9353.03,10305.45,10611.72,14010.95,10813.58,10215.9,8314.14,7277.76,5211.84,2909.44,20231225
41590,화성시,6,내국인,2935.89,3428.43,3716.3,6059.51,6219.36,6315.3,7946.01,7925.94,7923.52,7066.93,5955.57,3699.71,1758.0,2702.3,2873.47,3458.02,4060.84,4738.82,4771.92,6301.28,5384.24,5164.35,4555.84,3934.66,3059.05,1662.81,20231202
41590,화성시,8,내국인,4174.14,4206.04,4618.08,6998.16,8356.9,8487.3,10853.3,10631.57,10978.88,9470.43,8118.27,5053.2,2352.28,3630.66,3682.46,4214.13,5241.99,6460.36,6750.38,8876.71,7342.69,7203.39,6331.84,5521.49,4151.86,2254.25,20231216
41590,화성시,23,외국인,1.72,57.04,902.63,2097.42,2049.35,1566.68,840.94,441.94,420.89,308.21,199.2,103.64,27.54,14.38,37.12,345.12,537.44,561.43,526.92,383.89,331.0,295.5,259.55,175.27,123.26,22.51,20231231
41590,화성시,13,내국인,8326.45,7767.38,6948.36,9687.47,11039.56,11234.01,14959.71,13478.14,13926.57,11261.12,10057.94,7122.77,3691.63,7857.97,7168.72,6808.02,8405.22,9928.03,10609.95,13810.34,11986.47,11643.73,9981.48,8810.21,6437.68,3651.02,20231203
41590,화성시,15,외국인,12.91,67.38,964.1,1784.42,1957.98,1869.11,1447.38,1032.24,1108.69,930.56,593.92,261.38,65.18,18.46,25.92,355.37,609.05,780.75,881.22,753.5,624.89,586.23,465.59,334.0,139.6,59.13,20231204
41590,화성시,20,외국인,7.4,50.72,960.3,2232.03,2294.16,1818.76,1046.17,499.35,378.47,322.8,228.68,125.72,41.18,18.53,29.09,355.83,534.12,670.02,695.55,507.56,402.8,415.2,285.28,191.16,109.51,36.78,20231224
41590,화성시,14,외국인,5.85,52.86,844.34,1906.89,1940.59,1832.91,1375.65,901.18,909.96,764.28,518.0,183.69,59.71,9.72,34.69,378.58,584.18,742.49,826.56,706.28,574.54,578.49,441.85,302.88,164.65,63.34,20231211
41590,화성시,10,외국인,11.39,46.92,844.43,1851.46,1952.67,1806.91,1403.59,838.12,998.34,856.16,517.69,213.36,71.33,5.92,25.87,312.02,581.62,762.14,804.82,708.83,613.71,579.0,453.38,320.79,154.27,55.32,20231211
41590,화성시,7,내국인,3806.94,4024.14,5508.6,8175.84,9071.93,8855.35,11447.5,11377.86,11936.23,11086.53,9402.27,5867.66,2780.95,3463.48,3383.15,4017.05,4711.16,6081.69,6330.91,8837.41,7300.86,7068.56,5870.4,5433.76,3954.79,2096.33,20231228
41590,화성시,18,내국인,9954.33,9041.84,8138.32,11504.86,12875.63,11833.99,15146.58,14027.15,13497.34,11259.59,9017.67,5618.91,2739.5,8864.8,8122.2,6307.5,8542.14,9903.94,10509.13,13925.34,11330.54,10751.09,8273.58,6448.71,4676.08,2430.45,20231220
41590,화성시,13,내국인,7411.41,6888.42,7719.66,11466.55,12813.81,11737.91,15695.32,15651.41,17201.2,15699.21,14685.94,9579.82,4891.84,7214.1,6590.49,6979.84,7237.82,9270.82,10472.88,13991.14,12262.89,12241.03,10559.26,9514.81,6895.0,3950.62,20231205
41590,화성시,0,내국인,2459.67,2897.06,3638.12,4977.05,5623.63,5451.86,6666.34,6087.87,5395.63,4335.82,3371.09,2047.93,1040.93,2430.03,2348.34,2864.32,3560.7,4197.86,4479.69,5770.22,4479.21,4127.71,3208.61,2760.55,1935.55,1113.28,20231220
41590,화성시,22,외국인,0.0,30.69,651.77,1388.82,1520.98,1235.46,775.09,385.36,404.83,308.25,236.59,99.71,39.83,4.08,25.16,311.95,478.96,554.27,444.61,353.2,270.56,256.97,223.24,144.99,80.5,18.03,20231218
41590,화성시,17,내국인,10751.93,9362.0,7651.94,10162.29,10961.24,10503.92,14083.14,13803.99,13509.54,11527.79,9863.21,6466.88,2986.66,10093.93,8462.55,6374.16,7455.2,9014.53,10117.14,13516.77,11056.85,10636.3,8937.82,7578.43,5356.62,2790.39,20231201
41590,화성시,15,내국인,9717.43,7564.71,7221.48,10934.49,12304.01,11031.26,14919.52,15138.96,15820.42,14725.48,13282.5,8353.77,4302.48,9038.91,6826.25,6249.56,7054.21,8731.16,10217.17,13646.62,11585.49,11503.21,10088.56,8966.32,6740.43,3686.24,20231212
41590,화성시,1,외국인,2.07,33.32,439.88,831.93,891.28,771.86,491.92,252.68,237.11,159.99,159.95,67.69,25.72,10.3,16.45,156.66,235.52,299.49,324.56,260.45,206.65,180.3,133.95,80.83,56.75,17.52,20231228
41590,화성시,0,내국인,2602.43,2972.03,3744.54,5145.89,5436.56,5442.76,6668.5,5747.69,5537.45,4225.4,3251.66,2061.48,1102.02,2389.35,2257.08,2960.16,3412.82,4131.14,4400.54,5627.63,4449.32,4084.24,3342.69,2701.95,1951.59,1061.93,20231219
41590,화성시,5,외국인,3.93,12.11,341.13,704.22,860.58,803.37,582.69,289.42,368.53,323.81,244.34,90.83,39.5,2.07,13.78,115.37,226.91,327.76,276.48,273.4,195.94,200.56,164.88,105.79,49.08,20.32,20231219
41590,화성시,17,내국인,10918.43,8218.03,7243.22,10694.08,11105.3,10573.35,14282.44,13911.11,14135.49,12040.69,10210.58,6552.59,3226.67,10341.14,8007.49,6007.64,7324.69,8946.01,10604.36,13179.75,10868.86,10546.09,9044.57,7350.58,5132.11,2652.91,20231205
41590,화성시,0,내국인,3960.01,4710.9,5626.44,6679.48,7272.48,6873.28,8392.28,7114.72,6536.71,4891.7,4060.33,2602.99,1251.16,3527.52,3623.69,4772.54,5986.87,6528.82,6048.95,7631.36,5878.14,5450.08,4315.58,3657.37,2364.95,1372.56,20231224
41590,화성시,12,외국인,9.37,64.31,1142.67,2311.12,2483.19,2457.03,1799.78,1201.45,1381.61,1182.84,798.26,329.55,75.23,12.03,14.63,449.74,695.09,918.9,1026.48,870.7,741.23,749.11,532.11,374.18,151.75,75.21,20231204
41590,화성시,16,외국인,11.13,67.15,981.61,2029.39,2004.26,1843.27,1349.74,915.57,904.82,700.48,491.02,240.52,65.37,22.1,50.95,382.12,576.35,799.11,872.26,678.62,575.15,607.29,434.62,299.66,145.52,65.11,20231215
41590,화성시,23,외국인,5.52,41.22,566.93,1526.66,1481.33,1195.37,653.5,333.8,311.79,234.02,154.42,68.5,22.76,6.22,23.08,306.59,392.62,429.63,463.7,304.7,263.62,210.01,161.49,129.95,80.83,32.2,20231202
41590,화성시,11,외국인,11.46,74.25,1107.78,2263.48,2358.75,2327.33,1716.62,1134.39,1170.18,1115.12,680.22,342.12,75.11,11.63,27.96,471.06,660.39,881.03,906.71,836.7,652.92,625.53,431.26,414.55,153.7,61.89,20231218
41590,화성시,5,내국인,2808.19,2995.92,4170.93,5496.27,5757.53,5869.95,7533.42,6880.27,6838.21,5750.23,4921.99,3220.15,1640.91,2710.72,2570.89,3257.21,3594.79,4301.57,4759.65,6107.14,4961.02,4965.99,4203.83,3558.16,2495.12,1521.95,20231229
41590,화성시,16,외국인,15.0,82.59,1004.3,2098.24,2113.71,1973.71,1485.86,945.48,938.48,822.41,543.26,249.8,83.4,11.63,50.54,447.19,642.92,808.21,947.81,726.96,564.15,608.65,469.38,297.88,141.18,50.75,20231220
41590,화성시,15,외국인,15.44,76.54,1100.52,2079.44,2178.66,2172.97,1643.65,1028.57,1021.79,947.45,569.79,266.98,65.67,12.2,30.54,428.04,649.7,837.46,899.38,818.25,700.81,605.84,482.43,334.5,153.15,38.64,20231218
41590,화성시,6,외국인,3.93,16.08,505.39,1071.26,1174.8,1170.2,991.15,671.65,737.76,728.5,519.98,191.16,67.49,2.07,17.51,177.18,333.48,439.65,379.81,371.36,337.19,305.5,247.06,138.77,53.71,32.13,20231219
41590,화성시,23,내국인,3565.74,4395.0,4509.26,6988.66,8009.86,7540.48,9448.47,8015.01,7500.21,5486.48,4408.0,2761.02,1346.39,3521.31,3811.08,3859.38,4910.0,5904.3,6051.64,7880.36,6364.12,5841.48,4392.18,3592.19,2615.63,1389.15,20231206
41590,화성시,6,내국인,3107.75,3012.71,3815.74,6208.31,7074.82,7137.15,9276.17,9045.8,9857.76,8767.68,7363.45,4473.67,2088.02,2883.96,2710.56,3108.42,3804.5,4925.5,4960.55,6732.37,5974.0,5789.54,4953.93,4289.59,2902.23,1643.58,20231219
41590,화성시,4,외국인,5.62,22.14,511.27,1286.62,1247.89,923.8,591.38,247.24,218.48,171.59,137.14,88.25,34.97,6.28,33.74,168.71,268.26,348.62,300.91,219.04,219.56,166.03,154.48,108.06,64.74,12.04,20231224
41590,화성시,21,외국인,3.84,43.6,719.16,1576.26,1578.03,1303.73,809.61,439.42,471.32,324.85,218.57,92.32,41.97,12.3,29.0,286.43,446.7,564.91,526.87,373.12,297.33,308.22,270.81,130.62,88.33,31.06,20231212
41590,화성시,3,외국인,3.83,28.41,285.96,713.88,732.18,678.44,420.14,201.22,213.37,170.99,115.91,44.5,22.0,0.0,8.3,141.01,175.08,282.12,302.09,190.33,168.83,154.31,120.89,88.17,44.56,15.93,20231208
41590,화성시,23,외국인,3.54,53.41,733.9,1730.68,1825.15,1308.11,815.36,342.21,342.72,274.09,212.21,108.69,35.28,6.22,30.75,318.81,422.23,493.8,477.68,342.11,256.72,287.92,221.17,126.33,80.98,15.89,20231223
41590,화성시,10,내국인,7412.61,5800.03,5897.65,9622.37,11496.49,10394.56,13210.12,14035.53,14799.39,13617.31,12427.29,8041.83,4316.45,7074.1,5673.82,5212.49,6085.47,7934.06,9613.41,12805.48,10670.09,10539.49,8990.06,8379.59,6158.06,3381.91,20231211
41590,화성시,15,내국인,9267.33,7583.94,8072.37,10648.37,11952.55,11066.12,14924.27,15337.66,16280.02,14641.34,13260.03,8546.7,4363.4,8818.0,6600.74,6300.55,7386.7,9018.97,10645.99,14323.89,12029.5,11623.37,10256.04,9110.19,6580.0,3669.91,20231226
41590,화성시,10,외국인,3.84,78.98,1024.12,2108.06,2215.88,2155.6,1670.7,1102.54,1171.05,1005.29,809.26,332.53,89.97,13.77,45.87,379.95,699.2,771.4,881.09,717.55,601.71,576.39,379.1,309.69,188.24,68.61,20231227
41590,화성시,8,내국인,4160.81,4183.47,4582.45,6728.78,7712.47,7879.47,9828.03,8983.53,9414.99,7595.47,6454.07,4392.2,2132.09,3706.52,3809.13,4277.59,5530.98,6770.5,6686.19,8542.74,7179.61,6945.85,6075.28,5628.38,4039.44,2078.32,20231217
41590,화성시,8,외국인,3.76,41.09,589.0,1593.75,1690.84,1591.42,1288.03,829.41,922.69,802.63,517.83,247.9,79.79,6.08,18.62,233.06,362.02,516.05,491.49,460.47,382.28,401.9,320.54,224.68,106.4,52.75,20231209
41590,화성시,1,외국인,0.0,15.97,309.59,739.0,786.89,630.97,419.52,245.6,196.24,144.14,116.02,63.03,24.04,4.08,11.39,133.82,246.37,249.69,286.81,200.16,147.0,134.1,147.27,91.29,63.96,16.34,20231218
41590,화성시,6,내국인,2900.66,2760.87,3415.19,6168.52,6987.97,7015.18,8877.19,9173.76,9568.68,8635.49,7436.35,4414.54,2148.9,2629.18,2456.34,2895.29,3489.28,4731.84,4749.96,6407.25,5785.09,5615.6,4809.86,4201.2,3061.36,1490.1,20231213
41590,화성시,8,내국인,7863.27,5930.45,4777.45,8764.89,9890.75,9168.81,12275.11,12014.32,12385.33,11096.62,9427.56,5969.44,2788.45,7391.69,5373.39,3756.69,5342.91,6435.26,7200.86,10161.26,7879.99,7872.26,6703.93,6150.76,4534.18,2332.53,20231215
41590,화성시,9,내국인,7477.1,5612.13,5785.09,9921.25,11342.09,9975.93,13534.31,13669.54,14765.57,13216.8,11943.23,7661.78,3751.35,7260.64,4771.34,4183.81,5976.34,7401.77,8917.3,11820.29,9680.35,9432.31,8083.82,7656.67,5882.48,2929.02,20231219
41590,화성시,16,외국인,2.0,77.95,1126.81,2556.24,2619.62,1996.72,1234.13,746.92,593.17,435.99,343.88,178.47,33.58,11.46,45.5,416.98,539.46,777.26,718.25,583.18,501.85,493.15,399.43,208.6,133.57,45.94,20231230
41590,화성시,9,외국인,9.69,67.53,968.16,1819.66,2080.34,1967.17,1535.88,1000.99,1091.97,895.93,690.38,269.45,54.08,13.87,41.59,339.62,556.38,672.49,752.65,663.22,526.17,518.85,409.81,298.32,155.62,28.31,20231229
41590,화성시,7,내국인,3904.94,4001.51,4705.45,6563.22,7278.64,7372.28,9400.27,8898.38,9625.27,7986.95,6871.73,4387.85,2104.19,3428.68,3429.13,4049.81,5008.68,5635.43,5850.41,7436.46,6406.89,6371.36,5398.29,4639.16,3542.86,1995.11,20231223
41590,화성시,3,외국인,1.76,17.66,306.0,649.91,740.17,605.63,412.55,188.67,204.18,148.38,145.88,53.97,11.96,8.15,6.19,107.17,184.58,260.03,233.08,164.75,155.8,161.1,112.42,76.11,60.2,19.39,20231204
41590,화성시,22,내국인,5290.13,6178.89,6131.09,9122.58,10401.22,9620.21,12469.3,10742.72,9665.91,7239.74,5505.9,3479.53,1848.09,4941.24,5198.18,5248.78,6846.76,7721.82,7800.99,10242.37,8417.25,7466.03,5689.85,4449.58,3072.67,1613.76,20231214
41590,화성시,0,외국인,0.0,22.91,335.53,678.81,795.17,712.7,462.53,203.75,196.85,187.51,112.81,67.74,35.25,2.07,14.19,165.11,204.12,251.75,338.62,220.0,170.7,186.35,139.54,82.4,58.11,9.68,20231222
41590,화성시,4,외국인,3.46,20.07,280.41,672.08,809.72,597.25,430.96,236.29,249.6,204.79,122.16,63.21,22.58,3.78,6.3,138.8,189.71,277.4,306.72,189.18,128.13,156.55,125.34,96.67,59.53,13.38,20231205
41590,화성시,19,외국인,5.14,65.9,1220.87,2855.97,2787.57,2099.35,1139.79,598.1,536.22,391.56,257.53,166.87,45.14,12.38,40.68,405.56,671.69,743.56,725.27,590.37,448.73,426.45,367.56,231.83,153.15,31.8,20231231
41590,화성시,0,내국인,3216.16,4245.19,4437.95,6490.02,6983.69,6585.45,8038.26,6916.52,6290.08,5075.7,3700.03,2471.16,1197.48,2940.62,3354.23,4126.61,5227.19,5721.43,5552.9,6979.1,5377.67,4899.22,3897.18,3334.77,2300.06,1254.35,20231210
41590,화성시,5,내국인,2430.03,2315.05,2674.95,4749.92,5295.14,5346.95,7187.93,6560.47,6403.21,5624.74,4853.75,2995.22,1487.47,2252.26,2153.22,2458.53,3134.99,3875.02,4007.45,5495.24,4619.89,4532.14,3709.82,3484.89,2511.91,1393.91,20231205
41590,화성시,16,내국인,8726.36,9079.5,8232.43,9387.1,10803.12,11147.01,14314.3,13489.91,13228.85,10354.11,9195.47,6323.49,3176.41,8332.34,7584.22,7287.7,8647.42,10302.92,10915.1,14034.22,11541.43,10955.13,9055.0,8041.39,5716.16,3215.15,20231223
41590,화성시,19,내국인,9354.54,9017.0,8031.07,11645.1,12973.68,12075.9,15442.22,13794.66,13177.77,10548.87,8207.07,5150.44,2434.57,8285.65,8098.82,6467.39,8834.13,9945.74,10350.91,13656.87,11419.86,10237.78,7906.21,6310.84,4359.36,2266.67,20231219
41590,화성시,17,외국인,5.53,82.06,1128.52,2269.43,2320.04,2130.49,1469.2,872.81,941.64,551.58,437.26,209.98,61.4,16.28,45.96,444.68,700.05,831.32,881.93,687.85,627.43,570.14,483.89,229.88,146.3,47.18,20231226
41590,화성시,20,외국인,4.15,64.86,1009.74,2240.33,2335.35,1947.16,1111.15,579.12,583.35,369.24,272.92,125.13,26.45,12.23,54.77,464.81,571.0,712.09,759.47,544.09,459.85,398.14,390.76,185.16,145.73,30.21,20231229
41590,화성시,2,내국인,2798.97,2934.09,3443.14,4874.18,5055.11,5071.51,6532.12,5872.16,5059.26,3804.11,3277.43,2187.5,1233.21,2470.23,2432.16,2882.79,3346.18,3856.88,4109.43,5433.96,4367.08,4096.14,3228.52,2983.12,1925.09,1095.97,20231215
41590,화성시,14,외국인,7.91,48.07,1037.84,2297.76,2279.8,2229.23,1498.05,994.84,1078.44,960.55,554.01,271.28,60.58,11.62,29.3,408.34,596.29,779.81,846.9,643.55,493.89,564.82,436.5,276.44,153.04,58.22,20231209
41590,화성시,4,내국인,2661.7,2783.92,3394.82,4610.04,5180.98,5211.27,6424.18,5791.92,5724.71,4697.02,3762.45,2511.26,1308.93,2479.01,2363.67,2736.58,3273.3,3914.81,4178.5,5632.92,4703.93,4491.26,3572.82,3081.44,2090.58,1224.95,20231221
41590,화성시,1,내국인,2820.15,3599.94,5223.3,5640.05,5797.64,5761.81,7012.54,6081.61,5460.18,4247.46,3423.61,2426.34,1247.79,2905.19,3013.62,4302.8,4253.22,4747.18,4872.44,6157.88,4652.21,4784.29,3710.9,3246.95,2274.04,1411.23,20231226
41590,화성시,1,내국인,3211.99,4284.36,4558.77,6552.75,6557.75,6117.23,7847.37,6650.05,6226.86,4740.13,3715.79,2268.27,1317.54,3017.02,3476.18,4237.62,4822.43,5258.95,5195.71,6700.39,5295.18,5021.81,4189.42,3372.18,2363.41,1537.29,20231202
41590,화성시,18,내국인,10682.35,8621.95,7873.33,11942.45,12747.8,11661.35,14947.88,14051.8,13980.59,11438.94,9416.53,5796.23,2842.81,9498.87,7564.85,6068.82,8293.13,9622.19,10762.23,13844.06,11288.83,10666.54,8593.73,6999.36,4659.32,2412.2,20231213
41590,화성시,16,외국인,7.38,50.37,1105.57,2592.75,2808.69,2097.14,1332.47,652.07,709.73,405.02,318.41,158.51,64.84,9.56,43.74,347.69,701.11,752.47,815.47,585.05,453.2,400.76,336.43,230.34,171.1,44.46,20231210
41590,화성시,21,내국인,5570.03,6937.99,6649.45,8959.58,10075.55,9996.82,12390.29,10281.13,9327.75,7028.9,5654.78,3783.67,1844.4,4998.87,5841.86,6132.62,7285.95,8268.25,8285.5,10235.7,8560.17,7613.59,5843.07,4711.7,3522.73,1908.06,20231217
41590,화성시,3,외국인,2.07,14.09,309.23,617.52,708.85,575.09,395.27,200.97,213.25,155.5,116.72,38.73,29.09,2.07,11.63,124.62,202.35,262.18,251.86,166.23,154.69,127.25,99.01,80.13,59.25,14.42,20231211
41590,화성시,14,외국인,11.55,71.55,1036.38,2467.5,2569.48,2130.97,1275.66,700.03,688.19,480.25,366.69,182.93,55.0,20.03,21.85,331.51,613.25,727.1,843.7,607.78,464.3,451.83,413.68,263.38,142.61,44.22,20231224
41590,화성시,9,외국인,5.15,34.28,561.45,1524.44,1502.98,1332.41,875.08,564.21,590.07,432.71,271.35,137.37,49.55,14.23,10.3,235.55,408.01,467.56,472.87,411.43,337.58,337.89,299.77,192.67,103.16,36.07,20231203
41590,화성시,13,내국인,8219.86,7166.19,6903.03,9628.61,10740.47,11343.37,14754.54,12856.07,12978.82,10418.64,9371.78,6378.85,3325.25,7488.03,6563.94,6521.98,8335.25,10020.35,10613.88,13690.25,11315.3,10969.66,9413.32,8345.93,5904.9,3110.36,20231217
41590,화성시,17,내국인,7970.84,8667.87,8546.6,9791.26,11372.16,10787.69,14132.35,12954.23,12708.22,9885.21,8234.61,5579.88,2891.06,7262.69,7651.89,7401.37,8710.9,10232.94,10107.18,13518.1,11104.77,10721.24,8459.74,7412.64,5085.93,2777.25,20231230
41590,화성시,10,외국인,9.69,75.76,885.01,1888.72,2123.89,2048.41,1543.53,1123.42,1180.02,1043.6,689.53,298.14,80.67,11.6,34.34,375.79,619.3,801.37,832.36,763.48,649.2,610.78,455.12,364.64,163.31,65.29,20231213
41590,화성시,11,외국인,0.0,50.25,863.75,2106.95,2229.43,2075.16,1550.41,1007.61,1059.68,905.4,651.65,244.02,83.42,18.6,31.61,370.64,647.58,766.47,794.81,636.55,508.48,590.49,409.7,290.97,146.12,55.3,20231223
41590,화성시,3,외국인,2.07,12.11,349.39,763.74,761.44,693.12,448.67,207.09,209.91,196.08,133.88,42.78,24.89,6.08,17.47,109.74,189.23,287.42,281.05,202.97,144.45,150.64,100.68,93.43,57.21,17.69,20231215
41590,화성시,15,외국인,10.82,72.11,954.4,1958.01,2160.21,1987.92,1548.69,1031.58,1097.37,1060.0,716.17,249.83,76.07,6.24,31.48,386.05,634.35,882.65,908.03,778.85,693.15,606.2,500.33,298.03,168.74,53.01,20231212
41590,화성시,16,내국인,10586.78,8745.39,8224.29,10217.35,11469.86,11037.57,14498.16,14184.84,14621.53,12428.59,11294.28,7390.84,3698.54,10124.62,8213.82,6891.43,7535.77,9692.13,10571.57,14186.98,11571.13,11312.18,9584.91,8220.35,6021.42,3543.83,20231229
41590,화성시,0,내국인,3067.87,4447.3,4647.52,6316.83,6558.62,6289.05,7741.19,6747.52,6067.86,4477.19,3752.1,2406.36,1220.45,2941.75,3447.06,4090.52,5199.8,5705.31,5265.21,6433.5,5624.07,4837.51,3862.79,3317.81,2221.35,1235.76,20231203
41590,화성시,8,외국인,3.84,49.8,784.1,1710.22,1819.25,1768.13,1447.3,999.3,1052.16,939.66,676.29,234.23,59.63,7.89,22.51,339.57,509.72,691.72,702.2,614.97,533.52,521.34,377.03,279.86,152.53,49.56,20231201
41590,화성시,20,외국인,3.93,68.11,825.19,1828.73,2049.26,1699.43,1092.16,539.64,595.85,404.86,255.37,120.05,56.23,10.01,45.55,389.24,563.86,652.99,644.21,511.63,451.4,392.75,354.58,193.54,94.93,21.82,20231220
41590,화성시,17,외국인,7.28,69.51,1116.89,2609.91,2557.74,2126.21,1196.59,664.94,673.74,483.23,315.37,127.98,41.01,13.61,51.02,366.41,576.96,801.12,755.65,577.6,484.48,463.59,355.9,217.7,135.12,49.64,20231216
41590,화성시,3,내국인,3195.77,3943.7,4065.21,5823.96,5749.72,5497.45,6926.37,6189.24,5736.24,4413.29,3743.08,2434.67,1334.84,3167.51,3189.52,3738.08,4596.58,5050.49,4728.13,5947.99,5009.72,4494.69,3657.58,3318.91,2372.44,1426.65,20231203
41590,화성시,19,내국인,6958.31,8212.84,7233.93,9839.99,10984.53,11033.24,14003.92,11766.0,10916.23,8467.01,6675.3,4338.74,2193.86,6172.19,6680.03,6599.67,8149.6,9534.34,9733.48,12244.62,9579.27,9082.18,6950.97,5760.43,4053.56,2171.72,20231217
41590,화성시,6,내국인,3001.41,3268.95,4619.45,6528.21,7174.33,7051.06,9391.49,8919.21,9617.73,8610.2,7250.49,4556.14,2041.06,2726.6,2722.62,3578.62,3965.81,5034.29,5285.68,7084.59,5756.01,5826.75,4991.3,4494.49,3260.53,1696.17,20231228
41590,화성시,13,외국인,7.91,66.92,1010.99,2403.71,2603.37,2076.73,1239.17,711.19,631.34,501.13,349.75,179.89,57.64,16.45,27.73,356.06,538.28,793.03,770.7,514.34,454.66,484.19,363.63,260.39,139.7,52.16,20231217
41590,화성시,8,내국인,4357.31,4584.42,5885.15,6770.76,7827.32,7744.66,9737.32,9335.03,9365.42,7433.31,6412.42,4640.44,2468.08,4002.24,4072.37,5035.73,6001.05,6773.29,6844.85,8744.75,7457.56,7440.79,6380.59,5948.05,4233.68,2272.22,20231231
41590,화성시,7,내국인,3451.79,3497.89,4317.89,8143.06,9275.2,9025.84,11789.38,11342.09,12260.09,10983.68,9587.76,5965.78,2604.14,3202.07,3236.15,3260.82,4907.55,5834.04,6280.96,8428.29,7207.73,7136.35,6065.43,5452.24,3783.78,1974.56,20231206
41590,화성시,16,내국인,8290.3,8835.4,8513.84,9574.73,11175.39,10958.47,14139.14,13007.77,12568.16,10215.12,8612.44,6207.48,3214.3,7555.65,7569.45,7685.38,9350.48,10685.43,10264.65,13695.38,11049.16,11163.65,9128.36,8227.07,5821.04,3071.86,20231231
41590,화성시,11,외국인,7.61,71.14,1059.1,2088.24,2310.55,2319.32,1827.1,1302.08,1284.36,1222.39,808.9,302.64,97.65,15.68,36.62,408.77,672.73,876.73,920.12,763.17,644.12,665.05,526.2,342.8,162.12,62.07,20231219
41590,화성시,14,외국인,7.93,72.84,1031.23,2130.66,2227.23,2029.44,1691.23,1051.04,1153.14,1005.72,768.41,322.04,88.73,13.81,36.05,436.02,690.48,800.41,865.1,791.76,634.21,674.45,453.13,340.66,188.42,77.56,20231227
41590,화성시,19,외국인,6.22,41.88,735.69,1624.4,1912.42,1482.53,1034.07,569.53,616.77,388.78,242.58,100.81,39.09,9.94,28.11,391.42,477.57,699.36,640.61,524.35,442.52,426.92,334.34,183.74,83.16,55.65,20231205
41590,화성시,4,내국인,2706.93,2462.15,2775.46,4284.74,4886.84,4816.2,6135.69,5614.02,5396.23,4313.87,3714.16,2321.97,1345.58,2355.58,2340.13,2681.04,3300.42,3800.3,3963.98,5113.94,4470.69,4103.61,3349.68,2905.95,2064.6,1263.5,20231211
41590,화성시,3,외국인,1.7,34.9,675.21,1540.63,1547.55,1127.97,570.32,290.27,264.21,170.11,138.59,68.77,18.56,7.91,34.72,194.07,346.24,362.15,360.87,273.7,200.3,166.69,143.68,119.08,86.53,16.29,20231231
41590,화성시,13,내국인,8101.8,7459.32,7365.68,10972.67,12245.51,11085.21,14962.44,15602.36,16981.61,15129.94,14117.14,8877.48,4564.15,7843.04,7056.9,6317.31,7368.5,9169.58,10544.49,14147.1,12008.05,12014.06,10290.05,9505.28,7009.82,4115.55,20231208
41590,화성시,13,내국인,8447.96,7439.0,7559.58,11313.29,12841.88,11471.42,15502.52,15611.55,16460.27,14760.12,13423.11,8573.1,4326.85,7803.82,6750.54,5641.71,7501.38,9443.26,10763.87,14173.68,12107.5,11877.96,10032.4,9315.59,6572.12,3702.29,20231221
41590,화성시,19,외국인,5.84,90.96,1207.31,2713.71,2780.97,2194.1,1191.37,552.85,564.44,388.63,267.55,137.6,49.14,18.07,41.56,380.59,657.4,699.13,802.25,565.69,401.95,433.27,339.93,199.69,141.99,60.93,20231209
41590,화성시,18,내국인,10134.07,9291.44,7606.94,11027.99,12264.76,11551.02,15088.04,14250.86,13913.87,10856.8,9087.95,5619.08,2734.96,9142.63,7885.83,6499.38,8415.24,9649.54,11042.25,14473.39,11390.85,10956.11,8754.54,7288.01,4894.43,2453.12,20231215
41590,화성시,23,내국인,3510.72,4476.68,4360.27,6332.12,7184.67,7062.15,8544.51,7309.23,6820.82,4961.93,4111.32,2720.29,1338.0,3124.56,3921.26,4061.61,4868.62,5511.95,5915.83,7350.09,6074.78,5379.41,4232.0,3485.34,2534.11,1353.01,20231203
41590,화성시,3,내국인,2678.65,2886.17,3351.3,4670.81,5080.96,4958.26,6300.68,5722.55,5353.66,4200.16,3342.35,2389.65,1256.91,2592.38,2300.88,2611.2,3256.94,3955.31,4000.35,5399.97,4198.82,4147.5,3227.82,2841.1,2084.42,1203.32,20231220
41590,화성시,11,외국인,1.69,57.31,846.67,2095.87,2302.07,1949.66,1349.15,742.8,725.77,608.11,455.06,147.05,83.88,7.86,16.18,295.34,551.22,694.19,701.84,528.67,435.94,462.5,334.53,311.31,149.18,59.9,20231210
41590,화성시,4,외국인,1.7,40.66,690.11,1504.5,1461.06,1080.77,569.31,285.29,265.46,188.03,136.26,70.91,18.24,9.99,30.6,195.72,334.11,366.44,376.75,257.67,176.21,177.57,140.94,121.82,86.72,20.18,20231231
41590,화성시,8,외국인,11.42,44.64,784.7,1891.03,1983.02,1886.23,1506.36,1014.03,1081.66,988.36,647.95,279.86,59.42,12.46,27.2,331.24,510.63,735.38,817.46,684.22,613.06,510.05,426.14,317.78,114.05,48.75,20231214
41590,화성시,14,내국인,9197.39,8410.15,7983.43,9579.98,10924.57,11030.94,14801.87,13982.05,14172.54,11493.44,10197.88,6933.48,3513.54,8402.19,7334.61,7240.66,8540.08,10030.53,10709.85,14040.6,11913.96,11233.43,9675.12,8643.39,6149.69,3390.59,20231223
41590,화성시,7,외국인,1.76,45.74,734.12,1505.33,1661.01,1756.36,1324.31,971.15,1165.82,938.03,644.02,227.19,55.54,2.07,24.84,269.49,459.28,552.54,611.76,515.38,502.8,494.32,336.84,217.02,129.27,53.02,20231205
41590,화성시,19,외국인,0.0,50.21,896.04,1944.63,2054.96,1656.75,1054.49,498.24,512.61,359.36,268.67,123.02,38.5,10.08,48.57,328.95,542.94,647.48,618.67,512.49,354.82,393.81,355.95,160.37,103.82,29.1,20231225
41590,화성시,12,외국인,5.85,94.85,1276.48,2547.57,2726.53,2478.09,1931.8,1281.86,1360.21,1135.4,837.27,337.65,71.54,12.03,50.14,537.66,851.33,948.41,1155.28,901.73,796.62,795.03,526.15,359.3,205.91,61.05,20231227
41590,화성시,22,내국인,5822.23,7857.01,6795.44,10043.95,11017.54,10304.08,12686.46,11272.29,10090.46,7375.2,5664.94,3705.48,1747.42,5289.42,6533.26,6375.56,7836.66,8600.83,8680.1,11118.35,9019.69,8027.14,6125.42,5022.88,3461.86,1888.22,20231208
41590,화성시,20,내국인,6830.61,8236.1,8059.12,10057.53,11330.73,11007.44,13980.17,12031.58,11482.96,8930.47,7253.19,4393.51,2168.9,6360.87,7262.44,7053.55,8624.79,10128.45,10187.84,12836.15,10306.51,9330.72,7260.06,6145.04,4041.65,2147.52,20231216
41590,화성시,9,외국인,7.55,41.09,741.46,1677.19,1823.44,1679.82,1289.47,806.4,922.69,817.46,524.65,189.11,57.25,3.84,29.81,307.56,502.52,695.62,746.39,667.69,522.57,567.28,412.22,282.68,132.83,53.51,20231211
41590,화성시,16,내국인,10085.85,8675.3,6999.17,9451.55,10696.5,10851.19,14633.84,13400.13,13699.0,10941.09,9339.61,6390.65,3290.68,8549.43,8471.54,6321.84,8003.51,9975.26,10522.78,13757.19,11444.67,10580.38,9082.95,8091.74,5639.38,3128.5,20231209
41590,화성시,4,외국인,1.69,41.02,460.79,1067.3,1184.33,915.35,501.67,224.61,227.43,190.97,104.42,58.28,37.23,3.71,18.47,156.72,305.26,358.71,333.24,217.04,180.71,185.92,129.65,86.18,62.44,16.4,20231210
41590,화성시,6,내국인,2962.58,3109.08,4037.65,6191.69,6630.97,6985.39,8817.77,8954.29,9520.51,8110.36,6731.67,4059.5,1960.08,2807.73,2907.18,3425.98,3772.05,4969.84,4908.91,6678.5,5755.81,5692.39,4647.7,4154.03,3055.48,1688.19,20231222
41590,화성시,6,외국인,0.0,32.37,614.85,1139.89,1192.56,1194.86,985.39,596.85,727.34,748.54,514.52,221.57,51.54,6.15,31.71,203.75,296.85,348.55,377.66,346.81,350.1,277.63,224.5,152.84,68.2,25.38,20231227
41590,화성시,16,내국인,9016.16,8589.17,6819.88,9255.71,10919.72,10965.4,14165.45,12522.46,12404.35,9848.22,8475.9,5496.86,2882.63,7947.93,7761.56,6655.75,8367.45,9647.41,10228.09,13309.74,10780.71,10529.27,8500.96,7352.96,5122.53,2772.99,20231203
41590,화성시,14,내국인,9229.56,8177.14,6881.61,9590.98,10767.9,11181.98,14611.28,13640.0,13774.93,10943.25,9614.25,6891.25,3806.85,8211.69,7648.51,6627.39,8702.42,9926.47,11090.99,14218.02,11868.63,11508.98,9786.43,8511.77,6434.77,3550.85,20231210
41590,화성시,21,내국인,6853.16,8225.74,8523.99,9976.71,11209.63,11061.38,13580.78,11683.81,10600.89,7891.09,6486.36,4248.28,2145.44,6463.83,7306.12,7751.29,10037.58,10432.83,10186.06,12774.37,10098.39,8932.85,7135.04,5995.17,4273.39,2348.63,20231224
41590,화성시,5,외국인,0.0,19.49,362.53,746.91,835.38,802.47,564.57,283.86,292.27,277.12,175.79,89.58,47.24,3.78,10.37,169.96,224.29,275.17,278.24,233.29,202.48,190.92,175.51,92.48,60.86,13.9,20231222
41590,화성시,7,내국인,3423.82,3836.47,3944.89,6348.73,7123.69,7381.58,9464.19,9064.67,9629.76,8311.74,7228.88,4326.42,1966.87,2998.51,3301.45,3666.44,4549.67,5527.61,5573.46,7459.75,6127.71,5914.6,5215.0,4646.79,3335.29,1808.65,20231216
41590,화성시,4,외국인,5.54,21.92,303.64,683.52,686.3,661.54,430.58,215.69,237.88,179.41,119.91,60.25,35.62,0.0,6.22,140.27,175.59,287.39,272.78,168.11,180.49,163.02,126.78,85.42,40.25,13.86,20231208
41590,화성시,3,외국인,0.0,12.08,319.95,759.75,802.24,695.74,455.23,225.94,259.62,200.18,134.45,60.67,26.26,2.0,13.8,134.83,197.7,269.61,283.59,221.93,176.78,162.31,137.82,93.92,42.77,11.98,20231220
41590,화성시,19,외국인,7.4,71.55,815.59,1930.29,1928.48,1646.1,1084.57,576.47,652.64,490.7,299.95,127.94,64.52,14.23,45.66,366.76,586.6,713.08,714.53,590.23,433.72,384.59,342.73,212.62,96.59,42.0,20231213
41590,화성시,23,내국인,4188.27,5476.81,5511.05,8000.01,8607.81,8132.57,10352.38,8800.31,8011.47,6053.1,4669.69,2816.93,1425.38,3950.2,4835.79,5193.44,6055.24,7034.43,6779.52,8715.48,6999.29,6303.03,4968.41,3975.95,2960.07,1641.69,20231201
41590,화성시,13,내국인,8728.67,9182.91,7536.64,10733.7,12233.57,11378.16,15077.08,14998.59,15983.45,14159.39,12921.95,8307.63,4134.97,8250.02,7881.78,5650.21,7343.55,9020.68,10540.89,14165.64,12137.42,11789.68,10036.26,9057.17,6484.17,3696.14,20231215
41590,화성시,15,내국인,9047.57,8097.45,7922.44,9744.53,11289.7,11299.07,14696.53,13015.56,12655.82,10445.37,8870.75,6237.71,3076.11,8198.05,6656.99,7396.68,9498.28,10419.94,10652.69,14038.88,11057.62,10577.37,8737.94,7548.71,5476.53,2908.44,20231225
41590,화성시,3,내국인,3284.77,3639.06,4094.02,5824.03,6116.12,5572.4,7162.79,6168.14,5727.41,4722.46,3688.02,2510.06,1270.0,3055.86,3089.45,3576.46,4801.47,4969.54,5047.84,6191.13,4965.87,4570.65,3797.53,3570.25,2282.76,1397.53,20231210
41590,화성시,22,외국인,0.0,44.11,645.07,1414.58,1490.81,1268.19,800.96,421.76,436.36,275.54,214.37,93.22,39.79,8.23,23.59,299.78,406.98,516.24,476.42,396.01,261.35,271.27,225.04,153.96,87.2,32.69,20231213
41590,화성시,17,외국인,16.86,87.98,1081.18,2338.85,2344.74,2160.28,1453.96,843.82,858.64,656.38,430.42,209.0,70.59,9.86,53.6,491.91,700.64,875.13,970.12,753.63,587.69,613.81,456.37,241.22,131.96,57.1,20231220
41590,화성시,19,외국인,1.76,69.04,940.3,1945.48,2138.29,1842.25,1221.63,568.25,618.15,470.62,278.14,145.02,54.38,12.16,55.35,417.9,569.21,674.82,731.46,571.27,465.41,426.89,390.34,196.46,104.23,32.0,20231220
41590,화성시,23,내국인,4821.24,5843.25,6888.05,8301.67,9433.43,8645.65,10689.54,9680.71,8675.52,6543.15,5049.33,3379.01,1619.17,4150.46,4778.18,5657.34,6599.12,7386.41,7255.0,9200.66,7607.38,6743.19,5358.28,4314.2,3185.17,1711.18,20231229
41590,화성시,15,외국인,2.07,71.78,1089.41,2346.38,2539.04,2127.8,1363.74,948.9,871.89,673.44,531.4,203.24,81.87,16.45,31.69,404.21,664.49,708.51,841.54,565.0,551.43,502.76,382.26,274.85,170.35,42.97,20231223
41590,화성시,22,내국인,5600.56,6346.91,6064.34,9522.0,10422.72,9812.6,11952.21,10627.04,9748.64,7257.24,5514.28,3497.53,1731.87,4994.27,5163.91,5222.54,6447.81,7903.43,7761.27,9994.46,8240.13,7414.85,5587.3,4488.11,3100.04,1658.96,20231212
41590,화성시,9,내국인,7189.96,5895.51,5825.52,9853.93,10884.42,10261.66,13563.06,13452.57,14726.51,13287.28,12205.93,7820.29,3772.73,6841.34,5041.34,4666.42,5635.08,7385.61,8825.94,11627.82,9712.85,9476.96,8189.15,7924.23,5489.32,3047.14,20231206
41590,화성시,17,외국인,4.08,50.54,938.23,2304.99,2337.26,1765.07,1096.66,481.46,624.32,424.34,304.52,144.45,41.82,10.23,62.02,411.77,596.64,656.25,729.07,552.95,430.26,424.39,319.03,188.43,125.93,34.93,20231225
41590,화성시,15,내국인,8146.4,8540.73,8139.95,9541.14,10919.22,10925.1,13978.26,12760.13,12748.17,10391.49,8973.45,6359.25,3511.96,7667.56,7319.02,7417.89,9329.4,10680.55,10281.68,13875.07,11054.86,11378.38,9344.21,8577.93,6124.21,3378.04,20231231
41590,화성시,16,내국인,11156.58,8311.49,7069.1,10377.41,11735.04,11010.58,14030.4,13960.76,14342.8,12669.46,11223.8,7126.87,3480.5,9884.69,7583.94,5528.89,7105.79,9150.44,10178.33,13592.68,11022.77,10613.77,9136.64,7681.24,5539.73,2903.76,20231220
41590,화성시,7,내국인,3701.13,3599.4,4216.72,7855.29,9411.19,8803.2,11089.59,11160.57,11724.41,10910.57,9206.85,5744.07,2515.15,3368.3,2959.8,3287.69,4603.1,5801.17,6013.34,8023.23,7422.78,7071.22,6004.23,5292.52,3817.8,1958.8,20231212
41590,화성시,1,내국인,2660.14,3073.55,3297.85,5314.39,5715.52,5353.97,6871.38,5859.99,5358.31,4184.72,3415.58,2171.62,1194.79,2514.57,2679.1,3080.65,3597.86,3975.68,4460.95,5717.83,4507.19,4361.44,3264.94,2962.57,2069.5,1184.21,20231207
41590,화성시,17,외국인,7.53,85.07,1067.95,2454.52,2505.72,2085.63,1191.79,586.98,648.17,453.2,290.43,114.15,30.46,9.71,31.54,407.81,611.99,803.41,826.56,557.01,416.16,443.63,335.84,211.52,117.22,40.82,20231202
41590,화성시,12,내국인,8040.04,6380.62,7553.44,13473.84,15557.62,13320.99,17719.41,17928.12,19131.73,17163.35,15455.48,9883.63,4748.49,7483.62,5632.66,5736.29,8529.61,10299.25,11409.59,15467.71,12643.57,12310.46,10738.92,9679.97,7006.75,3851.43,20231219
41590,화성시,11,외국인,0.0,63.3,839.79,2137.33,2246.51,1997.7,1443.36,852.69,873.83,757.12,492.75,240.32,65.26,12.16,48.01,353.58,526.85,724.65,756.9,605.99,548.53,479.67,394.44,292.07,171.29,66.6,20231230
41590,화성시,13,내국인,8744.8,7885.35,7900.26,9570.83,11199.05,11326.46,14623.5,14183.52,14846.06,12119.87,10493.87,7156.05,3668.61,8191.81,7278.27,7093.83,8364.49,10268.44,10867.46,13876.07,11825.87,11459.46,9810.17,8720.07,6176.29,3593.16,20231223
41590,화성시,20,외국인,0.0,48.16,694.01,1571.8,1827.3,1447.57,959.83,517.2,547.16,370.01,223.43,99.25,33.43,15.74,29.79,377.56,445.03,604.69,667.55,475.93,365.03,403.0,280.42,146.34,87.74,42.87,20231205
41590,화성시,17,외국인,3.46,81.85,1099.14,2524.97,2675.79,2302.03,1516.57,887.55,956.43,612.0,431.17,172.93,61.08,7.86,49.39,464.63,697.03,918.45,939.65,658.52,563.36,577.58,499.14,196.61,159.86,35.67,20231229
41590,화성시,18,외국인,5.84,86.36,1092.54,2756.68,2571.13,2100.93,1198.54,633.21,599.23,414.71,302.05,107.85,42.82,7.91,42.56,349.72,614.13,744.35,739.25,552.23,470.45,409.34,366.48,209.61,138.58,49.65,20231216
41590,화성시,5,외국인,1.69,32.9,427.28,1053.08,1136.86,893.96,542.8,267.01,283.16,211.02,109.35,63.12,43.3,3.71,18.78,151.27,276.96,361.81,338.25,236.76,184.04,176.45,124.88,104.79,68.52,16.41,20231210
41590,화성시,10,외국인,8.57,43.07,868.31,2069.71,2103.19,1717.42,987.53,489.94,522.78,406.66,312.38,127.75,38.15,6.15,22.49,274.28,490.63,580.16,655.62,437.3,384.81,374.32,322.6,228.21,174.55,48.74,20231231
41590,화성시,13,내국인,8745.22,7367.5,7134.25,9764.56,11140.3,11033.07,14771.85,13923.78,14212.82,11665.4,10186.4,6852.88,3256.04,8435.65,6881.94,6518.63,8206.41,10095.77,10710.71,13835.59,11262.62,10714.85,9342.53,8171.05,5570.23,3130.8,20231216
41590,화성시,2,외국인,0.0,22.26,479.6,885.93,828.22,770.9,440.55,257.98,247.63,194.86,112.14,62.63,28.86,0.0,14.11,160.07,206.99,268.83,306.24,244.16,188.77,171.28,157.6,96.78,52.1,15.44,20231229
41590,화성시,23,내국인,3885.09,4754.25,5296.64,7250.39,8049.5,8052.08,9707.17,8251.61,7854.88,5840.39,4684.2,3040.53,1474.17,3786.2,3676.24,4202.62,5395.61,6200.6,6403.85,7888.95,6569.8,5965.49,4569.86,3732.32,2767.98,1533.73,20231218
41590,화성시,5,외국인,0.0,20.2,316.79,720.16,800.82,656.03,536.85,302.15,368.13,298.13,214.22,86.35,42.43,9.93,6.28,127.08,191.36,287.81,262.65,207.23,205.7,184.26,138.29,96.09,50.31,23.48,20231206
41590,화성시,21,내국인,6366.18,8192.56,8348.25,10719.41,12007.04,11442.68,14178.88,12359.2,11528.6,8518.91,6628.87,4164.94,2110.23,6000.94,7048.34,6924.67,8041.0,8961.31,9163.31,12120.3,9927.03,8896.02,6728.31,5528.51,4046.29,2034.1,20231227
41590,화성시,20,외국인,5.84,56.51,1110.75,2477.31,2550.79,1966.3,1206.19,529.89,478.47,365.24,296.01,140.29,39.2,8.16,42.63,455.02,620.97,661.07,796.44,491.69,430.24,418.15,314.81,202.98,135.72,29.16,20231223
41590,화성시,23,내국인,3770.2,4488.01,4817.47,7109.76,8065.58,7656.95,9421.73,8475.63,7875.12,5699.15,4421.01,2829.22,1363.6,3454.34,3979.17,4019.44,4996.51,6061.98,6220.4,7936.55,6282.15,5647.12,4440.99,3784.53,2653.74,1413.37,20231207
41590,화성시,0,내국인,3085.1,4115.85,4106.23,6110.88,6621.21,6322.34,7843.21,6632.85,6103.02,4595.55,3494.89,2232.62,1096.69,2661.38,3319.55,3821.23,4882.6,5076.71,5390.47,6448.46,5025.06,4627.56,3714.67,2992.32,1985.33,1160.73,20231209
41590,화성시,8,외국인,7.18,48.35,817.88,1884.28,1947.99,1799.08,1482.39,991.52,1076.8,1023.65,641.33,248.93,53.7,10.31,22.52,349.31,559.41,752.97,756.24,688.83,564.07,538.98,388.39,272.02,141.87,49.43,20231212
41590,화성시,8,내국인,4166.95,3816.42,4412.67,7223.82,8275.26,8650.65,11355.81,11367.92,11658.4,10278.5,8772.12,5810.39,2737.6,3601.0,3466.26,3974.49,5334.7,6574.05,6975.26,8813.05,7615.16,7413.31,6709.11,5918.03,4216.75,2345.11,20231209
41590,화성시,6,외국인,4.15,33.1,624.89,1134.44,1150.61,1166.25,943.01,613.8,702.26,719.51,482.99,210.2,51.57,6.15,16.44,194.22,314.4,337.97,423.79,375.36,305.04,304.48,239.1,154.31,71.09,28.96,20231228
41590,화성시,1,내국인,3381.14,4812.72,4890.75,6669.41,6888.6,6469.16,8198.74,7039.04,6385.21,4713.13,4118.66,2608.36,1348.43,3415.32,3613.01,4294.38,5336.38,5906.08,5593.6,6671.62,5717.37,4917.15,4024.99,3630.31,2442.8,1391.83,20231203
41590,화성시,6,외국인,3.45,37.49,404.61,1192.02,1099.7,964.85,605.84,406.2,384.12,336.32,200.45,97.75,19.62,6.22,12.06,171.54,287.96,357.23,292.64,247.18,196.9,196.26,176.85,116.19,73.89,34.94,20231203
41590,화성시,18,외국인,1.86,59.62,922.23,2029.78,2069.8,1796.17,1224.25,644.65,660.53,475.33,365.05,119.78,49.39,6.01,43.95,441.32,610.21,793.45,769.7,620.99,580.11,473.42,415.65,205.51,108.69,41.85,20231218
41590,화성시,9,외국인,9.07,53.84,852.15,1700.35,1911.02,1803.67,1457.25,981.06,1165.73,954.18,647.55,274.03,47.17,18.54,10.15,303.76,527.55,716.85,716.67,625.57,579.64,521.7,419.63,314.53,136.54,63.82,20231204
41590,화성시,7,외국인,8.02,41.97,764.87,1649.85,1684.67,1707.75,1370.76,913.47,1017.99,1009.08,660.93,240.78,37.78,4.08,18.59,276.06,452.5,570.53,564.01,586.82,475.94,486.94,343.84,236.79,94.45,32.39,20231212
41590,화성시,12,내국인,7163.08,7585.31,7911.77,9264.21,10803.96,10781.75,13978.36,12706.88,13000.02,10952.95,9360.45,6672.32,3576.89,6726.48,6534.75,7405.93,8647.9,10087.54,10510.19,14027.53,11475.58,11736.31,10177.13,9245.39,6723.3,3838.22,20231231
41590,화성시,17,내국인,8802.54,8485.38,8262.07,10181.12,11408.05,11717.5,14540.46,13017.78,11968.8,9695.12,7846.65,5539.22,2723.63,8108.95,7032.38,7446.42,9582.93,10893.16,10880.45,14017.68,10729.46,10309.85,8067.56,7028.3,4758.5,2726.3,20231225
41590,화성시,6,내국인,2767.29,2822.4,3374.45,6039.32,6971.14,6857.74,8818.18,8718.01,9381.78,8311.04,7075.06,4469.03,1953.69,2516.2,2295.06,2946.53,3485.42,4690.35,4766.9,6543.86,5986.86,5494.16,4699.41,4246.27,2921.27,1539.74,20231212
41590,화성시,17,내국인,9402.1,9058.56,7420.4,9893.3,10918.63,10874.14,15189.75,13706.24,13394.6,10756.39,8853.76,5864.38,3096.24,8358.86,8315.2,6639.14,8227.62,10497.3,10615.25,14175.86,11691.76,10487.87,8997.26,7691.07,5370.51,2871.1,20231209
41590,화성시,4,외국인,3.71,12.44,408.67,842.83,986.11,795.4,456.52,258.7,249.81,196.02,113.66,82.8,35.56,6.28,27.44,179.87,251.91,326.6,321.45,215.47,181.74,190.17,116.14,75.18,64.66,11.66,20231223
41590,화성시,13,내국인,8666.65,7516.49,7428.63,11605.11,12911.2,11461.15,15212.09,15338.46,16440.09,14939.1,13719.02,8796.16,4305.0,8143.12,7008.67,5981.53,7150.46,9117.52,10166.79,14189.8,11993.62,12014.11,10012.35,9266.31,6493.05,3670.68,20231214
41590,화성시,15,내국인,9115.68,8790.12,8040.62,9462.84,10836.9,11035.01,14445.76,13673.84,13961.66,11017.93,9812.89,6842.69,3463.0,8407.99,7397.68,7175.85,8523.49,10236.69,10591.77,14134.77,11636.36,11095.3,9238.51,8323.88,6001.03,3362.63,20231223
41590,화성시,4,외국인,2.07,22.25,462.72,844.12,820.07,800.72,439.03,238.4,265.33,202.91,109.61,49.43,31.09,0.0,14.11,122.44,210.68,292.81,343.66,239.17,194.51,179.62,152.6,104.59,59.47,13.4,20231229
41590,화성시,15,내국인,10789.75,8701.01,8194.95,10125.42,11698.06,11103.04,14707.7,14786.46,15708.1,14103.38,12165.54,8113.74,4154.69,10301.63,8036.53,6645.99,7717.0,9570.5,10667.36,14222.63,12250.51,11837.15,10086.47,8817.4,6772.37,3847.36,20231229
41590,화성시,19,외국인,6.1,60.19,960.68,1972.19,2116.04,1811.71,1131.47,620.57,652.91,454.58,318.8,153.9,67.0,11.99,37.29,420.25,595.85,757.87,736.04,596.66,469.66,472.73,363.46,193.73,129.17,27.46,20231221
41590,화성시,22,외국인,7.75,54.13,633.24,1497.27,1570.44,1294.59,872.66,389.19,434.49,248.3,211.04,99.37,15.96,6.08,31.51,368.42,424.17,560.37,609.51,392.51,316.6,286.27,201.06,158.68,104.7,26.17,20231208
41590,화성시,7,외국인,3.54,55.02,620.7,1329.57,1440.09,1408.64,1114.2,763.05,748.24,713.6,521.16,181.7,49.25,8.23,20.09,209.16,323.58,467.02,444.88,330.24,324.7,358.57,274.66,204.37,70.67,37.29,20231216
41590,화성시,8,내국인,7597.65,5555.37,5060.18,8867.81,10337.91,9445.28,12263.21,12407.1,13332.95,12120.92,10789.37,6923.62,3115.61,7198.03,5028.07,4054.81,5453.9,6478.71,7232.38,9966.37,8719.7,8644.99,7221.2,6628.06,4927.05,2642.65,20231204
41590,화성시,18,외국인,10.03,53.38,820.81,1946.63,1999.1,1714.12,1142.84,701.76,732.72,500.48,341.48,132.65,51.59,7.91,34.67,419.67,611.58,747.01,754.82,616.43,505.35,500.75,445.3,217.56,131.66,46.76,20231214
41590,화성시,9,내국인,7098.65,5633.08,5539.0,9477.25,10726.11,10001.42,13131.39,13246.77,14399.62,13209.6,11668.39,7757.09,3958.16,6919.87,5319.62,5002.02,5703.31,7151.43,8715.32,11319.56,9605.98,9605.46,8264.17,7617.66,5685.98,3299.22,20231204
41590,화성시,21,내국인,6773.56,8799.76,8348.79,10809.53,11531.33,11231.83,14600.11,12538.96,12088.05,8921.38,6855.62,4352.95,2040.06,6446.34,7450.62,7028.55,8512.35,9732.39,9772.51,12836.63,10542.53,9520.37,7306.02,5849.16,4165.23,2137.53,20231222
41590,화성시,2,외국인,0.0,23.84,407.42,787.0,941.44,708.13,453.99,225.02,218.28,206.78,115.8,74.87,46.98,4.15,9.99,164.81,234.65,274.68,312.73,213.85,187.39,157.54,149.67,90.19,57.11,15.49,20231222
41590,화성시,8,내국인,3989.69,4379.59,5472.55,7224.05,8192.46,8432.7,10372.83,10462.15,10391.76,8884.59,7437.81,5257.77,2555.23,3628.51,3797.76,4664.0,5411.59,6673.28,6744.99,8677.97,7313.75,7307.62,6330.69,5670.28,4296.64,2311.98,20231230
41590,화성시,11,내국인,7298.13,7110.97,7388.34,9152.88,10344.62,11083.7,13792.52,12851.78,12884.59,10477.6,9311.15,6290.37,3440.54,6418.91,6321.62,6691.61,8509.48,10242.26,10187.63,13589.15,11446.75,10806.79,9281.33,8594.04,6141.33,3740.62,20231224
41590,화성시,9,내국인,7773.54,5901.46,5868.74,9630.05,11184.88,9961.38,13395.05,13483.94,14524.82,12778.35,11313.54,7221.89,3349.0,7188.79,5421.76,4489.96,6016.59,7616.4,8788.13,11811.3,9701.08,9260.63,8024.18,7608.32,5573.65,2926.67,20231221
41590,화성시,16,외국인,7.92,70.74,1141.26,2382.49,2562.88,2223.4,1374.59,813.48,770.6,640.44,396.61,185.6,51.5,8.08,43.49,362.34,571.73,784.74,877.47,607.66,473.87,480.7,344.37,264.75,174.27,47.86,20231209
41590,화성시,13,외국인,7.77,72.99,850.38,1970.64,2084.96,2046.15,1567.03,1001.39,1034.2,970.17,612.97,257.42,93.41,19.89,40.28,411.54,609.28,815.95,891.66,776.13,686.32,617.03,463.17,376.72,169.73,47.12,20231214
41590,화성시,10,외국인,1.76,39.28,729.23,1808.99,1858.95,1515.83,1100.96,586.03,655.32,509.86,408.73,215.78,69.96,4.2,38.3,246.98,440.88,524.07,564.36,514.27,404.04,376.7,277.35,222.05,154.65,32.71,20231225
41590,화성시,21,내국인,6418.16,8990.47,8892.66,10498.3,11497.04,11152.27,13915.97,12013.2,10957.96,8508.56,6918.42,4715.13,2297.34,6226.08,7568.49,8332.5,9501.16,10346.69,10241.74,12860.45,10162.04,9992.93,7764.62,6531.49,4717.27,2620.11,20231231
41590,화성시,4,내국인,3136.17,3718.56,3866.9,5520.25,5568.41,5292.73,6819.53,6144.44,5861.85,4613.06,3823.69,2517.09,1443.42,3049.75,2974.1,3555.01,4463.62,4937.44,4660.53,5894.06,5017.11,4559.37,3827.37,3357.39,2361.5,1409.71,20231203
41590,화성시,8,내국인,8019.15,5426.59,5315.75,9434.67,10804.49,9561.62,12806.77,12842.59,13630.79,12250.81,10726.44,6743.87,3040.15,7395.43,4894.32,4057.05,5546.8,6849.74,7534.52,10392.3,8663.74,8261.45,7249.53,6411.16,4942.63,2414.8,20231219
41590,화성시,2,내국인,3928.57,4630.56,5346.7,6265.35,6879.31,6626.26,7921.16,6645.35,6249.47,4907.2,4052.86,2760.52,1348.8,3594.08,3561.09,4744.59,5813.27,6211.21,5753.64,7279.32,5558.11,5374.17,4291.64,3737.02,2505.45,1572.18,20231224
41590,화성시,2,내국인,2718.54,3139.18,3657.25,4985.25,5325.14,5248.84,6488.01,5675.33,5449.63,4164.3,3579.05,2280.91,1209.45,2526.86,2618.74,3055.0,3418.3,4120.77,4215.77,5806.55,4742.81,4275.48,3494.4,2943.8,2015.76,1207.65,20231221
41590,화성시,13,내국인,7705.48,6535.67,7649.15,11430.9,12868.31,11395.8,15339.63,15702.92,17004.46,15281.26,14350.17,9299.3,4883.71,7517.12,6354.32,6683.12,7117.28,9058.15,10892.61,14227.37,11847.21,12153.66,10401.91,9274.05,6956.97,4011.73,20231207
41590,화성시,2,외국인,3.93,28.04,484.87,1226.57,1201.71,913.24,477.24,254.54,195.74,164.97,135.36,62.77,30.9,2.07,32.57,182.16,308.94,323.85,278.81,267.54,178.1,177.83,139.26,100.27,45.64,21.63,20231225
41590,화성시,14,외국인,10.29,53.59,1096.67,2648.11,2627.87,2073.64,1140.06,601.9,618.87,459.23,265.25,171.72,52.78,10.06,39.36,379.98,622.56,738.19,754.35,585.0,451.68,481.62,406.61,273.92,191.37,36.64,20231231
41590,화성시,22,내국인,5410.95,6912.78,7384.65,9224.42,10435.48,10229.52,12589.59,10864.49,9866.81,7506.12,5847.17,3677.33,2008.9,4986.19,6323.35,6131.34,7003.9,8177.9,8258.63,10294.77,8502.57,7747.43,5948.61,4632.37,3404.08,1857.32,20231226
41590,화성시,5,내국인,3765.69,3950.75,4973.56,6027.26,6149.96,6200.09,7394.0,6768.58,6535.62,5188.13,4329.77,3124.81,1572.34,3381.76,3395.43,4418.81,5803.04,5817.07,5312.13,6798.63,5247.7,5125.25,4199.73,3785.62,2807.9,1588.14,20231225
41590,화성시,3,외국인,0.0,17.96,296.64,679.84,744.67,635.44,441.88,199.41,257.38,155.87,83.02,45.24,31.26,4.08,4.15,138.19,203.26,304.45,271.41,181.14,148.74,118.53,111.09,88.07,43.96,14.24,20231207
41590,화성시,11,외국인,7.77,65.67,929.24,2113.53,2279.35,2167.2,1687.56,1185.36,1226.24,1209.04,793.2,353.39,115.21,13.66,29.12,394.48,584.28,836.15,937.03,877.52,684.0,610.43,475.44,399.91,157.85,64.48,20231214
41590,화성시,22,내국인,5018.2,5972.83,5662.2,8059.42,9196.8,9240.66,10747.63,9557.3,8633.35,6546.3,5255.11,3238.83,1631.37,4606.91,5699.81,5271.23,6620.79,7348.34,7601.93,9589.03,7863.87,6806.04,5281.57,4413.83,3129.67,1664.3,20231210
41590,화성시,13,외국인,9.38,79.42,974.06,2177.4,2154.12,2122.84,1610.5,1064.18,1062.88,985.3,608.17,300.99,76.55,11.98,42.15,436.7,624.35,969.92,957.83,824.1,651.78,668.67,464.94,357.24,168.18,46.1,20231218
41590,화성시,2,내국인,3360.03,4049.98,4689.79,6308.93,6481.94,6080.3,7344.47,6302.81,5937.73,4621.82,4003.19,2590.91,1367.56,3263.54,3295.62,4056.08,5072.61,5685.22,5299.07,6513.36,5292.42,4528.79,3855.29,3630.31,2481.49,1266.39,20231217
41590,화성시,6,외국인,5.4,20.74,470.04,979.8,1135.51,1063.3,812.97,535.49,600.78,574.26,390.98,140.61,47.2,4.08,14.02,158.13,260.2,386.11,364.93,282.8,242.71,267.68,202.9,170.23,65.4,25.6,20231216
41590,화성시,8,내국인,7957.2,6172.35,6228.08,9155.85,10387.53,9747.19,13004.88,12797.45,13694.63,12456.5,10987.78,7062.2,3294.91,7558.84,5352.02,4533.64,5450.5,6951.94,7503.93,10388.8,8653.98,8398.46,7281.56,6403.42,4988.39,2552.05,20231228
41590,화성시,5,내국인,3982.55,4083.73,4677.02,5757.45,6470.07,6129.61,7543.29,6625.17,6491.41,5285.13,4356.26,3041.84,1510.89,3485.76,3536.15,4223.81,5442.42,5865.87,5322.61,6986.0,5426.38,5180.1,4311.26,4081.61,2592.13,1603.9,20231224
41590,화성시,14,내국인,8600.04,7433.55,7344.68,10581.56,11375.43,10510.93,14549.37,14668.37,15840.27,14076.38,12899.44,8643.91,4330.26,8200.77,6831.09,6098.35,6688.75,8598.45,9873.62,13321.39,11538.61,11484.39,9709.8,9143.15,6810.45,3863.52,20231201
41590,화성시,2,내국인,3159.22,3952.04,4309.93,5786.63,6195.37,5624.42,7251.63,6513.27,5761.53,4333.07,3649.63,2375.03,1139.04,2760.97,3244.69,3740.55,4414.07,4857.23,4802.14,6136.31,4764.58,4362.56,3567.43,3171.26,2127.18,1149.43,20231216
41590,화성시,10,내국인,7565.73,6379.63,7041.09,10052.33,11454.93,10902.44,14272.65,14659.56,15635.84,14679.0,13159.73,8639.91,4471.71,7105.99,5637.25,5541.37,6653.35,8469.82,9588.97,12983.91,11015.48,10244.41,9202.47,8305.52,6287.97,3680.83,20231226
41590,화성시,12,외국인,5.48,66.09,969.41,2291.45,2398.54,2105.75,1446.88,854.77,825.41,667.43,516.69,190.23,59.97,17.95,36.08,396.55,524.49,756.08,771.86,647.74,571.03,498.28,394.84,303.58,169.66,63.1,20231230
41590,화성시,6,내국인,3300.38,3646.21,3830.03,5700.2,6266.94,6422.01,8192.11,7752.82,8206.59,6852.46,5973.98,3713.67,1660.93,2880.07,3114.32,3437.76,4220.98,4868.93,4931.21,6436.38,5263.62,5144.15,4489.32,3909.27,2867.41,1488.78,20231216
41590,화성시,10,외국인,1.69,47.13,743.69,1726.39,1943.86,1664.78,1158.05,620.19,627.62,528.86,402.29,146.68,83.46,9.79,14.56,252.87,487.73,578.54,562.7,510.2,381.96,389.32,313.44,238.97,171.26,58.49,20231210
41590,화성시,23,내국인,5482.8,7194.7,7507.03,8735.28,9368.49,9200.71,11103.23,9720.82,8832.91,6848.11,5669.74,3732.49,1999.01,5130.39,6464.98,7180.55,8140.51,8511.31,7830.75,10337.49,8462.11,7847.81,6445.89,5469.58,4025.34,2221.02,20231231
41590,화성시,5,내국인,2882.04,2723.57,3350.27,4815.63,5458.82,5469.64,7054.56,6687.63,6884.4,5775.45,4767.99,3117.56,1485.03,2674.74,2506.09,2742.42,3232.4,4154.86,4229.1,5822.41,4804.51,4761.89,3966.74,3504.64,2420.87,1394.33,20231219
41590,화성시,16,내국인,9025.51,8203.48,7226.73,9334.47,10380.02,10648.34,14303.34,12855.23,12576.56,9990.59,8304.14,5622.95,2635.35,8729.17,7196.63,6592.65,7892.93,9795.81,10404.98,13157.0,10501.97,10079.95,8181.87,6959.98,4829.86,2678.45,20231216
41590,화성시,3,내국인,2680.4,3274.51,4211.38,4914.1,5199.01,5322.63,6406.34,5741.47,5273.57,4225.32,3604.67,2350.97,1399.37,2744.39,2739.94,3323.49,3423.5,4221.85,4454.65,5585.11,4375.44,4383.6,3439.7,2936.8,2184.83,1289.19,20231227
41590,화성시,10,내국인,7546.62,6188.1,5705.11,9438.59,11085.63,10426.06,13753.64,14163.98,14377.79,13227.17,11950.27,7633.27,3722.36,6761.84,5393.99,4894.07,6035.95,7844.51,9579.05,12760.67,10320.18,9993.14,8552.27,7888.51,5779.89,3374.57,20231215
41590,화성시,4,내국인,2570.73,2547.06,2911.16,4453.15,4801.02,4800.58,6145.95,5727.32,5424.44,4401.63,3507.56,2438.52,1230.71,2320.4,2275.58,2581.13,3086.33,3745.31,3949.06,5167.67,4428.64,4034.33,3302.67,2999.7,2134.03,1193.47,20231208
41590,화성시,8,외국인,3.84,58.5,928.58,1882.69,1976.5,1972.11,1549.2,1089.07,1080.84,946.55,683.95,275.29,55.69,12.13,38.64,376.08,520.55,681.89,772.69,728.71,584.46,527.1,368.29,275.1,140.94,50.63,20231226
41590,화성시,14,내국인,8405.69,6612.63,7422.21,10874.0,12111.57,10721.28,14587.74,14952.91,16316.11,14755.57,13393.54,8901.38,4544.06,8387.41,6081.65,6379.92,6697.67,8890.92,10155.26,13658.69,11613.34,11538.62,10128.74,8998.03,6919.83,3963.2,20231207
41590,화성시,21,외국인,3.41,72.62,1109.24,2395.99,2483.37,1863.29,1019.55,448.55,502.4,321.08,242.02,107.55,29.36,13.63,43.46,359.05,594.32,634.66,660.07,443.7,346.88,346.92,290.73,190.42,135.77,26.24,20231230
41590,화성시,1,내국인,4186.47,5130.27,5830.47,6913.18,7592.85,7190.06,8584.84,7215.07,6680.22,5201.69,4285.19,2871.08,1370.07,3701.5,3858.19,5130.5,6241.63,6641.68,6202.02,7852.45,6186.59,5585.48,4489.73,3873.09,2536.34,1583.02,20231224
41590,화성시,22,내국인,5344.16,6508.45,5778.67,9263.32,10085.76,9432.31,11834.78,10695.72,9467.77,6945.8,5189.5,3372.24,1518.91,4675.55,5718.96,5053.98,6446.4,7603.31,7696.46,10045.73,8177.82,7150.5,5272.65,4501.0,3003.7,1565.91,20231205
41590,화성시,13,외국인,5.12,43.26,1127.19,2586.45,2563.11,2077.41,1117.98,618.47,589.16,494.92,269.36,146.03,52.3,6.22,33.54,341.99,575.4,747.51,744.65,563.22,496.3,452.12,395.79,266.87,200.36,34.65,20231231
41590,화성시,11,외국인,7.61,83.9,997.19,2075.72,2090.04,2160.97,1698.87,1151.14,1308.21,1246.38,819.64,345.18,111.11,9.54,28.3,361.77,643.48,866.48,898.54,773.82,600.16,703.5,484.82,353.73,160.63,73.55,20231208
41590,화성시,21,외국인,3.45,63.64,829.8,2090.39,2050.08,1701.84,943.16,489.13,430.75,335.97,179.96,101.14,28.74,16.52,25.35,363.89,514.82,667.03,600.28,413.49,361.49,325.41,250.79,172.74,95.44,33.5,20231202
41590,화성시,10,내국인,8401.73,7582.39,6964.56,9629.17,11208.94,10758.01,13983.07,15037.23,16251.12,14183.41,12655.73,8556.35,4292.15,8059.77,6785.65,5392.57,6685.18,8472.83,10035.67,14159.34,11735.79,10662.35,9365.25,8676.96,6419.98,3837.24,20231229
41590,화성시,21,내국인,6485.91,7805.27,7464.2,10746.89,11532.0,11094.9,14197.86,12289.8,11165.88,8395.71,6416.09,4092.68,1914.17,6039.65,6725.16,6433.99,7954.89,8987.56,9275.49,12122.7,9818.98,9122.57,6618.53,5106.28,3692.73,1923.81,20231221
41590,화성시,21,외국인,1.72,53.41,1137.01,2485.27,2493.14,1980.02,1048.84,470.08,474.1,359.26,254.64,121.22,32.92,10.37,41.11,403.07,650.21,667.68,657.73,488.96,388.58,399.34,331.91,231.48,151.67,29.88,20231231
41590,화성시,16,외국인,13.15,65.79,974.33,1957.65,2033.78,1891.78,1472.56,961.54,995.66,857.45,597.21,204.77,58.56,10.24,41.74,395.59,625.38,840.2,895.16,753.42,622.24,580.69,458.51,252.54,156.95,56.96,20231212
41590,화성시,16,외국인,12.99,58.0,890.23,1780.57,1895.25,1743.63,1357.13,909.22,1001.32,766.61,496.88,216.07,62.2,14.01,29.91,339.83,610.67,759.13,859.99,703.98,548.12,550.37,411.11,282.57,126.52,41.91,20231204
41590,화성시,17,내국인,10499.88,8907.24,7765.23,10992.6,11905.78,10962.43,14563.03,13642.51,14016.1,11642.25,9844.65,6629.55,3100.77,10404.34,8398.12,6108.0,7563.1,9108.61,10582.65,13873.59,11098.87,10950.54,8873.57,7243.89,5210.61,2707.39,20231221
41590,화성시,14,외국인,3.76,52.17,1080.34,2510.03,2686.68,2101.4,1456.24,749.08,685.5,606.79,427.87,171.21,79.5,9.63,28.15,348.71,676.02,834.42,757.55,548.34,505.8,535.29,360.55,303.27,173.07,37.43,20231210
41590,화성시,20,내국인,6023.14,7828.93,7104.82,9452.57,10566.07,10403.12,13226.65,11061.81,10292.4,7692.96,6112.3,4010.64,1982.55,5729.69,6391.37,6381.57,7655.43,9082.07,8880.97,11681.72,9364.97,8147.55,6238.84,5317.4,3721.47,1961.96,20231217
41590,화성시,0,외국인,1.69,40.33,548.2,1278.72,1217.71,886.35,585.86,221.71,236.27,195.87,130.39,78.07,29.41,4.15,15.77,189.2,296.89,374.59,340.27,240.57,204.52,182.15,159.33,91.08,66.34,16.19,20231224
41590,화성시,21,내국인,6397.87,7153.3,6723.72,10476.52,11607.16,10771.89,13743.46,12138.72,10862.39,8149.53,6294.35,3994.09,2048.97,5704.87,6128.41,5735.08,7723.02,8708.54,8411.26,11341.21,9579.37,8455.63,6405.78,5143.11,3448.38,1785.15,20231214
41590,화성시,6,내국인,2956.0,3167.15,3731.37,6155.31,6997.13,7009.93,8779.09,8795.87,9261.14,7972.29,6668.06,4216.09,1911.5,2715.5,2680.13,3178.84,4008.64,4739.3,5049.23,6689.33,5871.34,5569.46,4738.77,4298.23,3086.41,1771.22,20231218
41590,화성시,20,외국인,5.54,58.39,827.9,1807.2,1890.61,1506.69,960.63,534.59,566.8,369.14,264.99,96.61,44.05,10.23,34.41,356.68,507.77,637.75,644.21,528.36,419.4,399.85,306.87,174.13,90.85,49.44,20231212
41590,화성시,0,외국인,3.45,31.43,410.54,1190.98,1099.35,873.17,499.05,284.67,228.87,182.86,103.15,50.84,15.64,8.22,7.98,188.75,324.84,333.4,309.54,231.71,165.78,173.56,125.58,100.24,47.99,24.4,20231203
41590,화성시,4,외국인,1.69,24.22,357.47,771.68,916.12,683.73,494.72,249.83,197.05,156.67,122.84,56.35,25.42,4.08,20.22,142.72,233.97,295.61,306.73,232.61,175.57,174.09,120.93,106.3,60.5,9.96,20231216
41590,화성시,14,외국인,13.3,62.6,813.65,1841.76,1997.39,1942.11,1524.87,964.4,1011.48,955.03,630.01,255.57,102.38,13.96,34.38,370.18,578.22,696.02,803.68,770.87,632.52,561.34,491.37,351.06,158.54,61.36,20231214
41590,화성시,18,외국인,11.76,65.35,950.23,2106.25,2161.0,1921.72,1259.08,623.72,698.9,556.99,359.81,161.37,54.94,9.87,54.12,446.68,602.42,739.26,833.01,600.29,505.97,456.9,414.62,216.13,133.25,42.26,20231220
41590,화성시,6,내국인,4179.47,4147.56,4771.85,6029.84,6686.09,6468.4,8221.21,7385.88,7214.36,6049.48,5062.88,3393.5,1605.68,3657.46,3590.0,4376.63,5517.78,6042.89,5463.68,7134.14,5598.33,5456.02,4825.39,4370.87,2840.3,1597.97,20231224
41590,화성시,15,내국인,10225.87,8873.55,7106.66,9543.73,10773.72,10957.39,14628.8,14124.36,14372.11,11975.99,10495.62,7240.01,3740.31,8981.89,8004.71,6429.96,7971.76,9751.17,10311.19,14329.35,11741.08,11165.29,9452.37,8748.43,6045.21,3324.62,20231209
41590,화성시,9,외국인,1.69,44.75,545.88,1509.3,1500.93,1285.91,900.17,512.18,510.55,394.0,235.36,114.66,51.1,12.23,19.21,224.33,387.36,467.32,467.59,355.96,283.75,302.3,305.06,212.07,134.9,29.04,20231217
41590,화성시,22,외국인,5.15,49.55,737.81,1859.39,1807.98,1531.3,833.52,426.83,379.17,299.34,183.13,90.65,23.15,6.22,27.23,333.66,471.02,546.68,548.85,389.31,317.57,270.88,187.68,145.69,98.49,34.26,20231202
41590,화성시,12,외국인,3.84,74.5,1035.64,2316.1,2565.51,2212.65,1755.48,1077.06,1149.43,908.78,628.2,215.21,58.99,4.2,35.24,441.06,731.29,958.76,994.77,821.79,712.71,736.68,450.37,322.61,151.23,56.79,20231211
41590,화성시,9,내국인,5350.77,5178.37,6493.29,7585.53,8908.88,9282.12,11786.76,11128.06,11158.42,9410.38,7926.46,5432.08,2591.99,4616.64,4539.16,5557.11,7483.33,8437.65,8410.47,10563.9,8866.85,8355.18,7185.34,6418.07,4667.61,2611.03,20231225
41590,화성시,7,내국인,3729.72,3613.08,4202.91,8319.32,9395.37,8830.15,11355.29,11472.48,11969.64,11053.29,9484.51,5884.0,2718.09,3391.58,3073.0,3338.75,4594.59,5742.92,6150.24,8323.57,7450.22,7109.11,6052.3,5389.78,3781.84,1882.78,20231213
41590,화성시,13,외국인,9.84,55.48,891.0,1921.15,2093.76,1962.33,1514.44,1018.59,1093.63,979.99,736.32,286.0,79.83,13.69,26.26,414.83,673.83,840.61,938.16,757.08,637.82,549.87,473.37,322.83,206.79,74.22,20231201
41590,화성시,11,외국인,9.69,54.53,1016.28,2093.99,2111.27,2028.82,1617.64,1066.94,1040.99,933.32,664.51,284.44,62.94,5.79,34.99,382.22,596.55,799.87,806.74,796.67,605.01,584.72,423.05,328.13,147.6,62.95,20231215
41590,화성시,23,외국인,3.45,40.88,474.31,1121.99,1111.52,964.43,564.94,290.55,323.52,244.98,170.91,84.17,11.86,8.3,23.44,315.06,351.19,422.88,418.58,279.02,232.25,229.93,158.53,124.57,59.77,16.03,20231201
41590,화성시,17,외국인,9.78,63.28,1097.01,2591.04,2822.97,2032.87,1137.27,556.31,520.36,390.79,297.46,128.99,59.72,14.52,34.86,348.88,640.19,708.97,783.55,520.95,451.27,462.01,336.82,202.29,151.4,39.93,20231224
41590,화성시,20,외국인,7.86,57.8,727.5,1660.11,1736.68,1493.88,920.22,568.78,555.47,367.16,213.31,135.56,36.91,11.87,26.31,377.58,458.98,606.58,640.09,547.67,395.2,451.91,306.79,164.27,97.28,34.92,20231207
41590,화성시,17,내국인,10723.2,9303.78,7313.26,10468.08,11777.78,10848.43,14423.07,14032.77,14056.68,11542.17,9798.27,6315.54,3114.19,9990.64,7935.98,6279.11,7569.06,9412.74,10466.43,13804.44,11239.6,10908.19,8989.59,7675.61,5271.3,2649.1,20231215
41590,화성시,23,내국인,4762.53,6041.85,7087.33,8247.36,9134.69,8365.86,10273.75,8778.85,8406.57,6425.63,5184.01,3437.61,1896.45,4201.02,4679.43,5950.82,7111.57,7585.2,7286.56,9378.26,7401.35,6981.7,5477.31,4709.66,3245.76,1854.84,20231230
41590,화성시,0,외국인,6.01,26.01,486.52,1109.43,1131.8,891.36,488.15,255.95,203.03,157.32,115.41,70.44,29.8,4.08,26.61,177.13,283.52,283.08,301.72,274.12,181.58,170.3,132.02,98.05,50.0,19.88,20231225
41590,화성시,7,외국인,3.45,43.66,559.53,1251.29,1313.21,1292.02,1021.84,837.98,845.02,803.46,537.62,228.51,61.83,6.22,16.61,252.65,321.35,408.22,446.5,373.66,340.95,359.14,249.5,169.84,85.12,38.19,20231202
41590,화성시,0,내국인,3292.49,4276.36,5384.57,6458.43,6864.03,6219.47,8067.5,6708.28,6274.02,4911.62,3702.01,2307.64,1172.47,3166.67,3208.31,4048.56,5045.52,5490.11,5365.13,7034.25,5386.31,4850.09,3738.88,3085.35,2049.45,1208.2,20231223
41590,화성시,6,외국인,0.0,16.73,450.78,1001.73,1101.15,1167.42,861.01,595.01,622.61,639.77,434.49,165.74,49.22,6.15,17.92,164.51,297.55,368.13,370.4,324.2,304.96,288.01,219.77,192.0,109.35,24.59,20231218
41590,화성시,19,내국인,9699.56,9471.78,7858.36,11211.14,12432.48,11934.01,15197.46,14070.81,13442.84,10069.59,8045.85,5180.64,2444.5,8854.24,8651.02,6698.99,8904.33,10335.81,10717.01,14058.06,11712.62,10744.68,8395.31,6781.33,4531.22,2497.75,20231208
41590,화성시,5,외국인,1.69,30.57,447.02,1084.71,1070.99,766.56,543.05,258.48,254.04,214.54,114.57,64.44,29.84,4.15,19.51,149.28,257.16,370.7,295.63,233.23,174.86,167.75,172.17,107.77,68.81,26.38,20231217
41590,화성시,10,외국인,7.47,47.83,783.32,1788.53,1945.66,1991.8,1400.03,1044.01,1043.71,939.63,603.49,252.96,60.37,8.16,27.94,301.01,504.29,679.77,670.24,528.93,499.48,495.55,457.33,277.15,155.32,45.38,20231209
41590,화성시,3,외국인,1.69,23.92,334.08,808.87,953.05,770.02,492.26,275.18,192.72,156.07,103.83,52.15,23.37,4.08,15.75,164.61,246.98,317.29,303.82,227.99,194.6,173.36,136.51,98.15,58.04,15.79,20231216
41590,화성시,5,내국인,2683.03,2582.76,2879.42,4831.39,5247.09,5403.14,7193.14,6547.62,6112.57,5488.72,4596.1,2943.07,1548.18,2392.02,2170.4,2605.68,3239.44,3983.93,4144.88,5471.88,4754.74,4566.31,3687.81,3419.88,2409.45,1301.86,20231215
41590,화성시,0,외국인,0.0,20.12,332.77,637.91,663.15,617.77,385.71,210.66,250.59,114.94,112.72,43.08,27.03,2.07,12.26,103.84,192.5,268.89,256.0,220.4,166.09,133.16,130.27,96.04,51.05,19.04,20231214
41590,화성시,19,내국인,9079.53,10185.79,8861.56,10899.91,12079.12,11830.05,15556.84,14198.34,13762.76,10688.44,8655.71,5277.78,2447.99,8829.19,8261.47,7098.62,8941.67,10211.34,10997.0,14618.08,11769.68,11095.47,8423.2,6837.13,4702.77,2487.61,20231222
41590,화성시,19,외국인,3.84,64.04,876.68,1953.08,1953.0,1617.03,970.32,475.56,466.38,287.51,260.73,117.19,21.65,12.16,39.23,338.4,500.98,620.54,609.14,369.09,386.44,374.29,283.03,182.83,102.42,38.22,20231203
41590,화성시,9,내국인,7639.35,5616.17,5546.17,9400.57,11300.85,10113.11,12659.81,13136.75,13704.11,12549.54,11525.49,7338.82,3820.59,7055.67,5082.68,4614.75,5795.17,7438.04,8660.83,11890.93,9968.16,9407.43,7958.33,7652.32,5576.96,3191.4,20231211
41590,화성시,9,내국인,5262.31,4933.2,4982.05,8003.07,9499.21,9694.62,12802.27,12598.0,13048.8,11274.16,9708.83,6631.38,3374.98,4714.2,4240.46,4639.4,5938.65,7624.92,8310.0,10482.07,9213.02,8653.64,7682.65,6880.71,4818.03,2753.26,20231209
41590,화성시,22,외국인,1.7,35.66,525.61,1270.37,1383.09,1182.69,738.51,329.16,401.93,273.77,150.25,66.93,43.27,11.93,27.97,290.23,413.61,494.49,470.38,390.17,253.69,244.63,197.16,117.3,76.86,19.91,20231206
41590,화성시,3,내국인,2384.78,2669.02,2775.93,4601.02,4840.74,4768.55,6332.45,5365.37,5035.42,3944.3,3363.43,2298.85,1092.76,2142.7,2301.64,2615.93,3089.56,3658.51,3966.03,5062.35,4114.58,3898.02,3217.46,2905.24,1986.48,1115.62,20231206
41590,화성시,14,외국인,3.47,57.57,1093.51,2250.74,2337.97,2244.77,1646.73,1015.97,1095.37,905.81,713.32,276.08,54.75,20.11,43.37,451.6,616.08,801.37,878.31,710.55,611.64,646.14,477.06,328.14,179.22,66.78,20231229
41590,화성시,22,외국인,0.0,28.42,687.66,1459.34,1462.73,1232.98,837.04,406.57,456.69,344.55,224.61,101.22,31.49,6.15,34.72,319.23,455.5,567.54,488.55,344.56,302.86,262.38,223.09,122.36,73.09,19.83,20231219
41590,화성시,9,외국인,7.55,78.9,822.06,1885.01,1875.32,1868.2,1531.68,990.51,1120.18,1085.95,659.51,277.73,56.16,7.88,20.76,346.47,547.59,759.67,764.93,676.22,498.16,550.89,409.01,304.78,143.6,55.52,20231212
41590,화성시,7,외국인,3.93,32.26,613.22,1387.22,1418.27,1140.74,839.93,488.12,498.39,425.48,364.52,193.62,51.14,2.07,23.92,174.44,309.75,390.08,336.06,340.14,261.89,295.36,194.14,130.12,82.58,27.13,20231225
41590,화성시,1,내국인,2837.6,3035.54,3443.77,5003.73,5531.23,5369.73,6674.61,6146.82,5322.97,4117.57,3331.74,2331.67,1214.59,2434.7,2498.03,2939.61,3341.55,4231.63,4369.73,5479.68,4691.16,4289.3,3289.06,3054.79,2048.78,1195.33,20231212
41590,화성시,11,외국인,5.5,56.21,977.72,2279.97,2340.97,1922.45,1064.83,556.1,647.2,399.73,310.89,167.22,40.42,8.23,31.5,304.64,604.09,653.61,658.27,508.44,456.56,410.05,364.53,247.45,171.82,35.24,20231231
41590,화성시,16,내국인,11572.28,8469.49,6951.16,10536.46,11714.75,10536.77,14099.01,14105.45,14262.8,13073.36,11846.14,7492.64,3802.31,10786.94,7574.47,5932.86,6911.06,8884.84,10472.82,13914.95,11259.87,10897.32,9309.86,8201.58,5927.3,3297.57,20231212
41590,화성시,1,외국인,0.0,23.89,356.6,645.7,811.2,692.6,443.52,212.35,240.25,141.0,123.12,43.37,25.5,2.0,13.9,106.23,201.98,270.79,274.39,226.17,152.64,169.64,120.38,83.27,43.43,19.02,20231213
41590,화성시,4,외국인,3.45,36.82,347.64,773.63,805.56,714.35,413.42,261.79,269.97,176.46,111.92,68.54,21.32,8.23,12.5,180.47,219.47,298.39,315.85,204.34,176.08,180.42,127.8,98.86,35.05,20.81,20231202
41590,화성시,2,내국인,2659.93,3130.54,3354.55,4712.1,5162.24,5152.78,6297.62,5650.03,5107.99,4004.68,3285.91,2077.9,1116.63,2368.34,2458.1,2813.44,3234.52,3763.24,4046.39,5471.51,4312.03,4026.58,3276.36,2855.13,2100.01,1268.06,20231201
41590,화성시,15,외국인,3.78,80.81,1082.0,2157.76,2337.8,2116.71,1658.45,992.51,1130.74,960.81,745.41,326.68,76.22,18.16,45.32,473.13,722.39,821.51,926.17,827.83,682.02,704.89,475.28,340.49,201.08,76.29,20231227
41590,화성시,13,외국인,9.69,66.05,1044.21,2027.91,2164.7,2029.65,1606.71,1148.45,1111.48,988.0,656.09,265.36,107.98,12.39,37.96,445.42,684.01,873.36,979.97,855.17,708.22,664.74,527.07,327.87,177.79,62.5,20231220
41590,화성시,8,외국인,3.76,34.68,528.99,1422.98,1429.91,1128.35,804.04,487.83,436.71,358.06,218.18,101.82,34.92,10.23,17.81,196.43,319.91,463.2,421.53,309.88,274.48,247.95,294.21,189.79,93.73,42.53,20231217
41590,화성시,23,내국인,4261.6,4597.08,4756.01,7388.2,8071.49,7909.82,9554.49,8414.09,7621.37,5775.36,4478.74,2951.62,1473.61,3644.26,3696.85,4061.49,4947.87,6005.67,6115.22,7662.45,6520.06,5932.77,4537.53,3715.13,2716.23,1422.87,20231212
41590,화성시,11,내국인,7101.01,6864.89,7350.36,9175.67,10600.72,11052.0,14042.52,12742.9,12951.97,10813.93,9378.85,6236.56,3185.46,6298.19,5981.33,6800.23,8878.38,9996.96,10130.01,13390.87,10770.75,10480.25,8975.62,7803.54,5672.79,3113.01,20231225
41590,화성시,3,외국인,3.37,34.68,525.29,1153.11,1192.46,834.37,534.13,229.63,265.53,209.98,116.36,58.37,23.73,4.15,20.12,186.66,279.22,364.46,341.33,231.59,165.77,198.37,152.2,109.91,71.02,32.16,20231217
41590,화성시,4,내국인,2665.41,3219.42,4186.6,4850.59,5120.51,5126.35,6476.32,5865.05,5547.92,4416.43,3450.76,2620.31,1319.31,2667.7,2612.39,3683.03,3708.31,4257.45,4425.99,5749.6,4618.03,4560.67,3682.88,3272.91,2356.17,1394.32,20231226
41590,화성시,11,내국인,6839.14,6367.11,6159.15,8963.06,10092.97,10554.4,13495.81,12288.79,12443.58,10017.06,8643.81,5956.34,3159.06,5925.12,5400.1,5868.86,7476.16,9657.0,9693.33,12584.28,10449.05,10266.23,8683.63,8018.31,5593.77,3248.54,20231217
41590,화성시,1,내국인,3284.0,4277.32,4798.8,6520.58,6893.03,6311.6,8061.42,7017.66,6327.77,4693.81,3943.35,2560.6,1177.27,3021.46,3517.38,4050.45,4870.33,5471.09,5354.22,6711.17,5295.05,4650.31,3908.65,3332.66,2269.64,1260.29,20231216
41590,화성시,6,외국인,2.07,28.5,529.14,1092.69,1098.01,1137.67,987.28,684.14,732.03,766.96,484.9,183.86,25.85,2.07,14.41,167.39,273.86,435.31,401.71,376.8,342.53,293.63,243.69,156.24,75.32,22.22,20231212
41590,화성시,6,외국인,0.0,25.17,582.96,1080.1,1233.7,1272.4,921.99,627.46,693.55,660.98,449.93,185.35,56.89,4.01,20.19,186.97,274.93,375.78,420.7,341.99,302.53,315.33,251.79,162.37,73.0,23.41,20231229
41590,화성시,6,외국인,2.07,28.16,467.24,1041.52,1168.93,1148.61,935.86,642.38,660.72,617.0,420.84,140.88,71.83,0.0,25.52,164.08,305.64,358.29,411.95,332.65,341.52,284.36,248.73,188.13,59.81,30.34,20231220
41590,화성시,16,내국인,10374.45,7523.05,6897.96,10285.87,11508.03,10678.76,14197.79,13888.96,14095.87,12357.62,11281.6,7296.62,3398.84,10221.56,6992.05,5481.49,6890.88,8663.92,10044.7,13531.72,11030.96,10817.81,8827.88,8129.12,5541.8,2947.41,20231214
41590,화성시,10,외국인,7.61,63.11,941.43,1996.22,2147.89,2047.02,1651.43,1131.67,1124.87,1069.67,676.26,281.7,87.84,11.96,30.77,382.27,613.42,816.9,924.15,701.11,651.2,622.57,468.89,299.11,167.56,50.53,20231219
41590,화성시,23,외국인,0.0,29.41,549.99,1166.43,1276.07,1058.44,692.29,333.17,386.78,281.17,195.26,89.36,38.24,6.22,26.68,267.16,336.5,429.01,432.62,294.32,250.77,249.24,194.31,108.5,69.36,15.88,20231220
41590,화성시,22,내국인,5266.69,6402.7,5797.46,8928.94,10144.83,9553.32,12027.62,10130.06,9448.69,6868.11,5369.4,3429.02,1587.3,4971.92,5633.61,5186.11,6449.74,7505.44,7595.71,10309.57,8006.79,7310.72,5481.36,4489.33,2980.02,1611.68,20231206
41590,화성시,15,내국인,7880.24,8455.61,8113.56,9450.85,11108.26,10711.21,13803.03,12625.86,12895.27,10265.69,8808.2,6201.38,3154.61,7901.75,7092.41,7191.53,8254.45,9772.35,10127.9,12885.4,10774.16,10978.99,8609.41,8105.94,5483.47,2949.99,20231230
41590,화성시,15,외국인,5.48,61.99,1073.4,2164.73,2297.09,2086.72,1638.54,1032.85,1157.27,982.98,751.1,277.58,69.07,16.45,41.28,479.26,699.97,787.12,971.66,827.69,696.36,658.9,482.47,316.25,165.12,59.48,20231228
41590,화성시,23,외국인,6.81,40.68,921.91,1981.14,2028.19,1478.4,811.84,399.03,390.85,227.74,179.87,89.74,31.45,12.06,45.07,291.88,469.46,543.48,543.63,347.66,249.18,254.23,232.35,166.16,95.19,22.27,20231230
41590,화성시,11,외국인,5.84,67.02,798.21,2013.83,2107.1,1775.37,1181.52,575.98,549.24,441.94,332.26,154.08,42.43,6.22,27.39,306.75,486.66,590.61,600.99,465.68,393.7,379.45,363.63,232.52,133.4,42.12,20231217
41590,화성시,21,내국인,6691.48,8453.08,7208.77,10416.26,11240.24,10925.64,13687.56,12041.48,10980.99,8235.39,6377.26,4230.83,2061.31,6212.94,7575.96,6871.94,8790.62,9837.22,9582.71,12388.38,9905.83,8837.62,6682.24,5656.22,3985.45,2013.29,20231209
41590,화성시,0,외국인,0.0,19.8,242.84,637.85,673.47,584.89,368.89,218.6,181.45,127.35,108.11,50.24,22.26,4.08,13.1,119.02,197.58,232.91,228.61,168.64,132.93,141.38,124.03,82.57,66.38,16.34,20231218
41590,화성시,8,내국인,7534.84,6127.48,5280.61,8975.81,10556.92,9497.87,12689.45,12665.75,13299.36,11970.45,10503.65,6428.8,2903.56,7323.15,5527.85,4251.97,5735.32,6926.45,7401.77,10211.56,8741.6,8285.81,7171.82,6516.31,4642.29,2590.13,20231218
41590,화성시,12,외국인,5.54,79.9,1170.39,2496.62,2734.49,2449.26,1794.03,1253.31,1198.05,1018.91,697.27,276.87,116.04,9.67,26.78,494.38,806.76,985.63,1046.54,948.36,769.77,733.93,494.92,350.43,164.15,48.85,20231222
41590,화성시,0,외국인,0.0,25.53,352.11,725.05,723.28,738.68,420.35,233.41,192.23,172.37,132.86,62.62,24.03,0.0,29.92,135.81,221.26,303.82,270.87,227.79,163.06,153.33,146.19,89.97,32.78,17.56,20231227
41590,화성시,13,외국인,5.85,73.61,974.01,1964.73,2182.36,2060.39,1686.42,1141.35,1168.77,1029.2,713.47,258.31,94.84,14.39,40.32,421.54,665.23,899.75,982.3,820.7,683.59,691.34,470.14,324.57,166.67,63.29,20231219
41590,화성시,23,외국인,1.86,42.88,722.97,1616.72,1672.65,1299.85,723.52,352.24,285.59,238.65,219.92,102.48,34.31,8.23,32.17,274.04,402.94,455.66,468.14,362.08,240.35,241.4,172.11,129.88,72.88,17.73,20231224
41590,화성시,16,외국인,13.62,68.78,852.18,1951.14,1995.79,1822.0,1413.21,915.53,921.49,756.18,499.94,218.8,53.29,18.15,38.32,371.65,557.5,716.35,833.93,650.77,595.39,571.23,438.27,308.17,151.41,40.56,20231214
41590,화성시,7,외국인,0.0,45.21,721.88,1476.65,1633.94,1666.46,1369.57,931.83,1010.52,984.54,677.27,225.83,60.72,2.0,20.32,301.94,414.24,539.55,559.63,514.43,468.68,443.91,340.42,241.22,117.77,44.37,20231201
41590,화성시,9,내국인,7380.93,6268.7,5497.97,9370.17,10271.96,9783.66,12986.38,13287.17,14362.37,13012.83,11481.12,7684.73,3746.53,7189.47,5396.2,4265.78,5667.72,7234.49,8822.64,11780.42,9545.09,9142.57,7930.32,7495.08,5666.6,3151.53,20231201
41590,화성시,21,외국인,0.0,58.39,761.48,1647.38,1543.94,1432.57,809.53,416.27,414.16,272.36,254.63,101.65,29.82,4.08,38.49,329.75,476.56,558.7,510.89,394.03,285.0,303.41,279.8,157.51,96.47,21.41,20231225
41590,화성시,5,외국인,2.07,21.86,429.65,780.18,858.25,743.57,553.46,326.75,341.64,301.76,246.87,99.93,31.09,6.15,14.38,135.14,252.32,265.85,317.12,263.41,216.3,218.53,160.06,107.78,54.41,17.49,20231228
41590,화성시,8,내국인,4647.69,4665.28,5780.28,7069.17,8133.74,8439.3,10741.12,9531.39,9844.76,8157.95,7029.85,4946.53,2242.58,4061.12,4044.08,5053.2,6838.78,7567.29,7444.35,9216.15,7672.8,7212.96,6312.82,5655.22,4127.36,2245.34,20231225
41590,화성시,17,내국인,8092.34,8711.08,7030.51,9537.68,11024.76,10792.34,14069.02,12424.55,12122.31,9496.81,7934.82,5051.05,2610.65,8027.05,7914.35,6642.82,8403.69,9597.42,10320.82,13207.89,10567.58,10317.03,8006.82,6890.13,4703.46,2477.57,20231203
41590,화성시,16,외국인,14.44,41.48,895.65,1792.35,2024.65,1732.94,1351.51,872.81,906.81,774.39,531.46,192.76,50.94,16.13,41.49,372.48,609.6,763.58,822.07,706.71,590.26,522.58,445.18,277.09,151.25,47.38,20231201
41590,화성시,1,내국인,2788.32,3217.17,3831.35,5436.38,5645.28,5554.32,7040.62,5902.52,5441.47,4231.42,3557.32,2307.42,1228.78,2657.2,2592.23,3119.9,3619.03,4262.5,4696.64,5982.3,4699.53,4464.06,3526.17,3024.68,2141.62,1171.46,20231219
41590,화성시,12,외국인,7.32,60.75,959.96,2300.12,2458.6,2254.33,1500.02,1049.44,909.13,840.65,589.71,218.21,65.7,17.68,45.81,315.1,564.09,798.56,791.21,649.06,628.43,619.47,414.96,260.81,150.63,58.65,20231216
41590,화성시,22,내국인,4558.04,5890.9,5512.34,8059.87,9015.51,8843.83,10367.39,9089.61,8102.98,6067.54,4867.73,3246.73,1523.74,4243.78,5192.24,5306.18,6419.26,7179.71,7428.88,9269.16,7845.45,6747.17,5064.97,4196.91,2996.46,1517.69,20231203
41590,화성시,19,외국인,5.54,55.09,1045.3,2485.17,2481.14,1926.58,1147.31,560.78,429.02,328.59,280.09,129.19,43.39,18.46,31.13,351.14,546.69,724.66,790.75,489.71,472.45,398.85,315.39,201.99,122.14,45.09,20231224
41590,화성시,3,내국인,3459.22,3837.53,4402.3,5925.48,6058.98,5754.11,7012.96,6270.01,5684.86,4662.5,4013.78,2535.7,1356.28,3264.74,3145.12,3825.01,4822.15,5377.49,5026.5,6224.4,5014.0,4544.88,3792.1,3528.68,2431.33,1348.39,20231217
41590,화성시,16,외국인,11.38,50.73,1006.91,2581.54,2532.82,2050.56,1220.59,636.94,624.19,439.78,303.87,137.4,28.57,25.8,45.7,323.74,554.27,775.35,756.37,503.38,435.15,418.43,351.72,189.0,154.89,43.93,20231203
41590,화성시,11,내국인,7749.72,7111.36,7826.66,11449.37,13290.45,12307.84,16430.24,16581.57,18570.25,16809.39,15008.97,9784.12,4762.8,7357.85,6186.44,5823.06,7303.58,9565.12,10738.36,14587.94,12192.02,11870.87,10056.09,9035.29,6809.95,4031.47,20231228
41590,화성시,4,내국인,2933.51,3055.19,4124.04,4957.78,5270.15,5325.65,6533.87,5907.89,5551.26,4600.56,3797.28,2750.35,1252.05,2678.29,2644.19,3290.93,3353.84,4023.74,4294.59,5762.38,4525.41,4427.45,3492.33,3253.26,2347.63,1238.8,20231228
41590,화성시,15,외국인,5.15,63.59,901.51,2214.47,2323.99,1929.11,1263.0,859.97,913.83,791.47,509.46,223.57,50.83,17.68,39.5,372.72,552.21,701.2,779.14,550.78,520.38,500.01,366.64,257.17,138.3,54.6,20231202
41590,화성시,21,외국인,3.78,44.28,737.71,1542.32,1675.18,1420.9,842.52,460.15,443.05,307.45,185.24,88.17,33.87,12.43,33.24,343.37,481.47,537.45,586.8,432.67,318.75,321.6,244.95,164.94,99.85,27.57,20231214
41590,화성시,22,외국인,2.0,49.09,742.61,1527.32,1535.11,1394.71,842.01,463.46,416.77,269.22,218.52,111.68,33.1,12.38,41.41,337.55,427.09,494.65,531.0,390.28,292.67,296.63,238.89,136.7,64.69,25.39,20231227
41590,화성시,2,외국인,0.0,27.77,284.13,671.34,732.67,672.0,413.79,245.01,227.18,184.85,81.21,43.95,18.12,6.08,20.67,148.07,213.3,270.98,266.7,209.12,204.85,162.8,117.39,78.15,45.28,14.21,20231201
41590,화성시,8,외국인,10.94,53.74,890.15,1927.32,2153.77,1975.45,1494.84,1060.99,1021.44,905.87,639.49,240.18,67.41,12.0,43.8,388.35,562.99,779.27,828.29,679.6,598.32,530.25,397.98,280.52,136.83,45.18,20231220
41590,화성시,7,내국인,3606.32,3735.75,4527.19,8084.35,9266.64,8769.91,10900.47,10863.75,11601.51,10422.36,8899.85,5467.96,2439.12,3453.05,3275.01,3866.5,4962.57,5868.78,6185.56,8511.36,7393.3,7024.89,5910.13,5301.03,3897.56,2050.73,20231218
41590,화성시,7,내국인,3400.75,3481.64,4190.52,8144.97,9378.21,8910.08,11718.53,11507.11,11994.39,11191.63,9853.22,6017.14,2722.13,2991.88,3065.57,3389.29,4844.64,5825.94,6087.49,8514.84,7477.49,7051.51,5905.88,5355.79,3883.75,2030.17,20231205
41590,화성시,9,외국인,5.23,66.58,958.51,1824.09,2013.27,1883.09,1510.22,1018.85,940.45,882.15,597.56,264.89,111.67,20.26,24.58,408.47,596.57,725.86,810.02,676.86,565.85,488.77,408.43,295.21,155.56,35.89,20231222
41590,화성시,6,내국인,2853.5,2651.05,3465.94,5954.8,6712.88,6875.24,8660.33,8759.79,9289.61,8109.49,7172.83,4471.14,2033.17,2410.57,2500.38,3008.73,3835.16,4616.65,4762.14,6593.07,5714.97,5609.4,4684.91,4267.88,2998.52,1631.58,20231204
41590,화성시,4,내국인,2843.25,3203.34,4187.23,5090.56,5339.97,5488.0,6708.31,6080.58,5842.28,4748.19,3808.83,2671.34,1424.68,2643.07,2508.51,3279.85,3565.88,4246.34,4664.68,5936.31,4511.33,4430.24,3714.98,3144.47,2291.63,1333.27,20231229
41590,화성시,3,외국인,2.07,32.39,436.78,766.22,905.93,747.86,444.5,266.65,234.99,170.72,144.49,64.17,23.71,6.15,18.45,148.97,247.71,256.58,294.49,264.79,203.13,160.9,137.67,86.78,57.78,17.53,20231228
41590,화성시,5,내국인,3203.3,3580.41,3760.34,5501.45,5811.46,5512.09,6980.2,6375.76,5945.06,4853.42,4120.37,2781.7,1569.68,2978.41,2951.35,3570.13,4396.17,4932.57,4812.28,5940.73,5031.26,4761.99,4051.25,3632.05,2477.19,1403.04,20231203
41590,화성시,21,내국인,4914.49,6916.19,6134.04,8638.43,9591.83,9482.75,11440.55,9888.79,9111.0,6709.02,5309.52,3456.34,1619.0,4916.01,6094.77,5800.5,6943.84,7918.49,8032.53,10060.86,8362.66,7398.94,5657.3,4639.09,3329.0,1650.95,20231203
41590,화성시,17,외국인,5.48,58.65,943.78,2198.82,2207.26,1998.87,1419.81,805.99,872.04,655.38,506.67,191.78,91.9,14.31,35.3,457.76,636.49,866.06,892.65,721.52,597.6,546.65,465.8,230.84,124.69,53.54,20231213
41590,화성시,1,내국인,3856.56,4992.02,6329.31,7132.57,7527.78,6828.14,8458.3,7465.08,6781.33,5166.02,4219.3,2874.32,1567.9,3764.25,3575.31,5174.66,6047.12,6304.45,6027.78,7474.09,6017.97,5759.38,4641.15,4050.92,2734.24,1551.45,20231231
41590,화성시,18,내국인,10160.65,9194.9,9008.01,11585.85,12697.87,12179.23,15397.02,14535.7,14418.3,11577.67,9449.16,6181.28,2838.18,9705.4,8681.33,7043.79,8700.45,10118.62,10786.54,14260.15,12092.17,10975.6,8826.96,7213.1,4861.33,2614.92,20231228
41590,화성시,9,외국인,0.0,38.73,673.35,1658.21,1692.66,1396.84,1023.82,572.14,609.2,487.76,395.64,208.79,79.99,4.15,28.05,235.14,406.78,464.7,483.89,451.25,355.08,351.16,257.07,180.5,140.42,30.87,20231225
41590,화성시,1,외국인,1.69,28.2,504.57,1220.24,1267.94,905.31,541.67,257.86,227.24,216.08,132.5,60.24,31.04,6.15,20.08,227.97,308.71,387.53,314.3,271.7,160.13,197.69,173.55,100.11,72.03,26.34,20231217
41590,화성시,21,외국인,2.07,43.63,830.92,1730.99,1671.14,1436.17,840.85,445.64,428.3,359.42,232.34,131.82,54.96,6.22,30.38,356.13,510.1,540.01,597.31,400.38,366.64,356.2,308.1,168.54,120.84,15.43,20231221
41590,화성시,21,외국인,1.69,47.74,836.0,1804.1,1894.63,1578.19,972.55,548.73,464.94,296.21,244.48,84.8,44.89,11.94,43.68,361.46,518.99,647.54,585.31,458.3,316.93,312.95,273.38,186.06,119.11,26.43,20231215
41590,화성시,14,외국인,9.32,67.7,916.17,1766.96,1927.56,1864.54,1448.44,1016.53,1086.21,959.33,672.08,279.89,59.41,18.12,22.46,368.1,549.74,723.57,894.48,732.26,614.32,597.24,448.44,339.82,137.49,71.75,20231204
41590,화성시,5,내국인,2864.69,3283.02,3569.43,5415.88,5649.04,5587.68,6995.77,6581.78,6202.65,5256.06,4375.2,2774.85,1485.16,2715.39,2739.87,3397.17,3780.34,4521.0,4579.9,5854.18,4996.9,4645.54,3941.08,3556.66,2634.21,1511.6,20231202
41590,화성시,18,외국인,8.54,49.26,1115.42,2975.9,2842.85,2175.46,1179.25,676.2,505.93,425.72,266.59,173.22,54.54,16.45,40.89,410.53,701.03,777.65,701.04,581.43,451.25,444.76,376.55,257.04,168.46,35.96,20231231
41590,화성시,16,내국인,10660.04,7913.94,6905.32,10107.55,11134.17,10246.4,13757.91,13442.39,14172.28,12429.92,11312.68,6968.75,3587.33,9896.96,7562.9,5882.71,6610.07,8618.75,10007.39,13172.88,10850.14,10461.24,8740.47,7609.26,5295.42,2807.84,20231206
41590,화성시,15,외국인,9.06,74.18,973.85,2001.23,2243.19,1996.2,1550.76,1073.96,1160.23,984.81,677.39,303.55,108.17,12.1,44.18,433.03,630.04,816.5,941.18,747.01,664.21,614.12,511.52,292.09,169.45,83.09,20231213
41590,화성시,21,외국인,3.54,69.17,1012.22,2336.2,2405.65,1822.14,1057.0,494.05,426.74,337.47,242.22,143.51,44.32,10.23,37.09,416.12,580.25,644.49,653.18,458.21,359.02,377.26,312.19,171.76,127.11,23.44,20231223
41590,화성시,6,외국인,5.62,26.28,536.39,1232.97,1220.97,954.0,667.99,292.17,355.98,257.85,186.24,92.42,43.31,8.35,23.89,163.3,274.47,378.35,320.0,237.97,207.23,213.72,183.48,147.51,83.16,15.8,20231224
41590,화성시,0,외국인,1.76,21.78,238.29,537.16,594.36,516.7,376.23,207.03,190.97,139.15,119.18,39.67,8.13,8.23,13.3,113.11,171.03,217.69,209.29,137.91,130.16,142.27,113.83,80.67,52.07,17.88,20231204
41590,화성시,1,외국인,3.77,27.47,301.15,621.33,714.88,563.08,403.53,218.41,201.88,148.13,118.57,48.15,9.8,12.23,11.88,127.53,197.3,260.97,253.2,171.93,138.97,174.29,105.11,87.5,59.52,20.28,20231204
41590,화성시,6,외국인,1.7,38.81,693.36,1567.78,1546.09,1182.48,620.56,343.15,358.67,262.06,170.63,94.69,27.96,8.23,26.36,196.49,385.92,386.99,400.37,281.82,223.16,192.59,192.76,162.14,118.3,20.33,20231231
41590,화성시,2,내국인,3520.12,4076.17,5283.28,6335.23,6582.09,6097.08,7373.35,6555.28,5955.86,4758.32,3613.06,2673.0,1297.83,3229.02,3365.48,4242.56,4715.89,5069.17,5251.2,6446.16,5091.29,4821.29,3858.28,3373.6,2567.42,1420.55,20231230
41590,화성시,17,내국인,9922.06,7668.66,7331.06,10952.65,12177.55,11041.25,14335.08,14106.16,14047.83,11776.78,10245.89,6493.69,3123.38,9847.31,7156.55,5809.62,7442.26,9010.64,10047.25,13324.37,11076.51,10540.06,8596.31,7522.15,5104.01,2659.67,20231214
41590,화성시,23,내국인,3631.19,4438.67,4276.29,6712.96,7380.77,7445.12,9259.66,7812.71,7268.23,5489.18,4274.27,2754.53,1296.85,3525.51,3687.29,3737.19,4810.73,5647.42,5939.26,7469.99,6246.24,5474.72,4224.34,3519.11,2564.05,1412.77,20231204
41590,화성시,19,내국인,6893.29,8225.99,8448.86,10098.1,11342.2,11370.1,14195.68,12336.18,10941.46,8849.29,6861.95,4576.38,2332.28,6728.7,6736.59,7428.03,9310.46,10331.27,9988.28,13038.69,10150.61,9280.46,7152.55,6315.99,4343.51,2365.09,20231225
41590,화성시,18,내국인,10228.24,8390.26,7200.02,11273.61,12042.78,11350.27,14659.92,13905.08,13469.21,10850.28,8844.36,5614.03,2668.32,9698.84,8003.75,6216.79,8130.31,9408.04,10466.13,13436.56,10986.74,10263.32,8140.01,6710.67,4553.9,2415.03,20231205
41590,화성시,11,내국인,7165.48,6576.64,5959.76,9146.8,10389.51,10860.23,14060.51,12928.52,13738.69,11065.1,9502.82,6986.34,3693.27,6207.86,5953.8,5952.37,7752.09,9369.58,9940.61,13409.36,11171.14,10919.98,9200.31,8392.22,6267.99,3553.66,20231210
41590,화성시,1,외국인,3.76,21.86,336.68,823.9,934.01,717.71,568.38,246.68,298.34,162.86,133.23,65.77,17.91,4.08,23.89,170.71,253.14,325.88,349.8,240.55,178.41,189.33,133.52,103.4,60.96,18.21,20231209
41590,화성시,11,외국인,9.37,44.64,1034.5,2078.23,2234.75,2162.32,1699.02,1140.47,1375.29,1178.85,765.8,337.35,73.54,9.96,18.73,367.82,624.86,801.67,911.48,726.96,649.86,635.43,480.39,347.4,190.04,73.56,20231204
41590,화성시,3,외국인,3.93,8.27,321.23,712.25,854.29,705.79,475.45,191.36,246.34,193.78,144.03,60.56,27.46,2.07,13.73,120.66,210.66,330.67,256.65,210.29,196.71,162.06,130.38,86.91,41.21,20.68,20231219
41590,화성시,7,내국인,3559.98,3299.87,3805.84,6433.56,7283.93,7422.15,9763.81,9861.25,10359.51,8994.36,7719.18,4963.67,2368.79,2913.21,3024.95,3507.74,4579.17,5493.91,5915.93,7166.97,6068.91,6195.42,5507.51,4766.37,3443.01,1962.94,20231209
41590,화성시,7,내국인,4453.81,4225.38,4977.46,6422.26,7188.71,7189.54,9102.14,8186.24,8425.22,6983.97,5838.07,3794.72,1949.95,3719.12,3765.34,4509.18,5830.82,6457.82,6084.41,8024.48,6449.9,6258.21,5555.31,5026.85,3326.39,1880.9,20231224
41590,화성시,7,외국인,0.0,47.15,757.7,1596.55,1606.64,1786.28,1327.78,938.0,941.85,798.48,614.02,253.36,71.05,10.19,25.51,271.1,473.63,543.69,530.88,540.75,448.31,444.62,360.38,276.69,112.29,26.66,20231218
41590,화성시,14,내국인,8819.56,8162.85,8211.81,9828.55,11187.29,11054.34,14665.92,13581.51,13363.3,10821.89,9742.71,6500.68,3381.66,8103.08,7323.69,7358.9,9351.96,10736.51,11023.73,14435.17,12063.59,11537.05,9985.88,8992.2,6391.23,3473.82,20231224
41590,화성시,13,외국인,5.85,60.52,891.64,1872.6,2115.13,1986.56,1596.18,1032.26,1160.14,1062.7,655.3,314.91,81.89,13.34,26.02,388.49,634.18,850.77,926.26,775.74,653.8,651.03,465.83,304.62,166.44,57.33,20231206
41590,화성시,7,내국인,3719.25,3456.1,4301.65,7950.12,9275.15,8634.62,11337.91,11505.85,12237.71,10970.51,9767.88,6206.34,2561.45,3517.76,3169.44,3420.65,4603.95,5831.66,5965.32,8186.93,7348.59,7016.31,6057.73,5348.33,3830.74,1972.96,20231207
41590,화성시,16,외국인,11.99,81.91,1206.75,2799.02,2818.64,2255.69,1189.52,587.42,574.17,400.26,299.67,161.96,51.67,8.23,50.98,391.03,668.04,784.75,758.31,552.52,442.97,468.21,362.77,258.36,185.36,38.18,20231231
41590,화성시,22,외국인,3.54,55.44,876.42,2102.03,2155.44,1607.87,981.7,396.81,383.93,299.64,210.24,122.3,39.2,8.3,40.93,366.39,492.54,632.65,565.31,404.34,333.89,335.12,250.91,177.05,106.43,24.13,20231223
41590,화성시,9,외국인,9.69,73.81,816.4,1706.64,1887.92,1952.79,1432.68,1021.21,1111.71,1013.52,620.0,263.06,89.19,11.59,23.92,302.69,544.98,732.95,745.49,656.01,546.85,581.88,435.19,314.17,149.86,55.12,20231207
41590,화성시,12,내국인,8237.95,6800.49,6783.85,9632.05,11301.85,11359.9,15166.47,14086.56,14727.96,12286.83,10514.8,7048.31,3369.91,7741.65,6436.41,6059.01,8067.24,9945.33,10617.65,13599.44,11034.86,10663.06,9252.09,7951.82,5413.61,3074.4,20231216
41590,화성시,19,내국인,9392.22,9420.05,7881.31,10902.43,12250.18,11437.79,14982.31,13649.63,12858.2,10116.67,7940.55,5032.11,2310.25,8652.01,8665.07,6830.54,8855.17,9895.09,10279.46,13713.58,11248.27,9965.38,7845.41,6497.2,4428.48,2193.27,20231201
41590,화성시,12,외국인,3.76,56.99,907.41,2095.54,2214.15,1877.18,1311.51,752.41,753.63,587.85,465.6,196.94,80.8,12.5,31.29,320.6,595.39,640.64,639.8,597.43,463.52,512.02,339.23,224.99,147.1,43.46,20231225
41590,화성시,20,내국인,7706.47,7982.48,7465.51,11654.28,12671.99,11836.13,15214.13,13556.45,12708.71,9846.93,7395.1,4621.49,2278.2,7349.09,6819.58,6092.93,8563.8,9572.08,9565.67,12996.14,10912.48,9917.13,7449.86,6105.58,4201.6,2036.76,20231213
41590,화성시,9,내국인,4980.47,5071.39,5194.11,7461.15,8590.65,8555.05,11726.61,10702.94,11352.13,8912.74,7723.73,5337.0,2907.65,4449.44,4369.03,4916.91,6197.73,7620.64,7724.42,10123.3,9092.66,8476.63,7486.46,6641.96,4889.31,2553.6,20231203
41590,화성시,15,외국인,11.08,76.49,891.13,1805.75,2006.86,2024.51,1489.61,1050.1,1146.67,1019.4,654.5,292.36,85.74,10.17,24.59,390.0,580.86,803.6,880.67,748.11,655.87,642.92,520.4,315.58,165.37,76.73,20231207
41590,화성시,8,내국인,7366.28,5487.2,5132.86,9077.57,10541.22,9554.64,12882.21,12656.13,13311.52,12554.37,11034.11,6990.98,3236.41,7070.03,5234.74,3817.54,5538.72,6661.82,7451.42,10128.19,8749.1,8553.02,7140.98,6541.35,4863.31,2534.57,20231205
41590,화성시,1,내국인,3685.04,4315.44,5808.48,7051.27,7347.87,6694.58,8018.85,7318.21,6300.9,5034.94,3866.33,2796.23,1367.77,3138.06,3615.65,4735.02,5327.7,5662.25,5702.94,7138.81,5663.46,5338.98,4175.89,3541.11,2603.26,1426.13,20231230
41590,화성시,0,내국인,2495.0,2955.91,3680.22,5170.37,5669.81,5403.62,6702.82,6219.41,5509.35,4328.04,3191.25,2160.74,1072.19,2218.31,2521.48,2823.35,3234.05,4032.87,4361.68,5530.82,4657.56,4141.77,3195.63,2751.21,1950.94,914.56,20231214
41590,화성시,23,내국인,4062.13,5131.25,6062.59,7502.37,8216.83,8292.65,9818.99,8666.72,8075.09,6078.74,4840.09,3174.37,1774.52,3495.1,4575.7,4944.29,5417.04,6440.08,6781.77,8118.1,6705.18,6223.94,4822.21,3874.56,2902.7,1594.54,20231226
41590,화성시,19,내국인,9329.55,9899.02,9085.74,11019.82,12572.89,12417.73,15399.62,14354.16,13534.4,10920.24,8582.55,5531.76,2547.59,8471.34,8752.48,7534.92,9009.97,10470.52,11164.53,14219.71,11785.28,10758.58,8500.52,6871.07,4760.31,2529.7,20231229
41590,화성시,14,외국인,5.91,76.08,1014.26,2111.79,2119.89,2099.41,1651.45,1068.88,1127.77,1001.84,752.01,304.59,82.68,16.47,39.48,446.8,690.6,784.43,850.3,740.12,656.56,633.3,470.51,338.61,181.89,71.91,20231226
41590,화성시,20,외국인,1.7,67.18,824.42,1851.72,1863.36,1562.93,947.47,485.99,594.58,372.44,262.24,122.23,46.97,13.94,51.73,364.74,525.85,659.85,682.66,555.54,391.15,377.17,290.8,185.12,93.93,46.35,20231213
41590,화성시,10,외국인,7.23,34.07,645.11,1692.48,1793.19,1549.73,992.52,623.04,633.98,482.36,329.5,155.73,47.96,11.99,8.26,275.29,460.23,538.13,534.06,436.22,386.87,362.8,295.64,205.18,99.37,48.16,20231203
41590,화성시,11,외국인,9.69,56.42,968.39,1952.38,2130.41,2089.33,1637.75,1146.11,1299.68,1193.49,748.2,283.5,88.83,10.17,30.22,340.03,635.55,852.86,897.53,720.5,637.75,629.46,482.23,320.95,137.79,49.72,20231206
41590,화성시,11,외국인,5.6,57.58,951.82,1961.36,2170.55,1978.64,1614.23,1110.78,1230.17,1156.94,839.49,316.0,85.68,13.69,33.0,366.39,624.66,801.31,786.35,731.83,607.79,554.74,452.52,357.88,160.15,60.52,20231201
41590,화성시,12,내국인,9154.85,8138.3,8492.72,11742.16,13591.13,12717.52,16986.93,17155.15,18524.11,16255.48,14646.56,9705.72,4785.67,8876.38,7683.69,6643.46,8540.5,10274.52,11457.55,15905.47,13406.97,12693.35,10987.96,9725.48,7140.35,4227.54,20231229
41590,화성시,11,내국인,7650.75,6912.25,7083.21,9408.08,10654.95,10970.84,14781.28,13792.15,15031.72,12229.3,10663.11,7131.75,3478.57,6701.24,6187.74,6371.3,7534.13,9638.91,9874.33,13214.63,11148.86,10638.37,9062.15,7922.52,5851.23,3392.1,20231223
41590,화성시,20,내국인,6423.45,7871.92,8307.94,9872.9,10811.59,11160.19,13700.94,11693.16,10646.14,8015.12,6443.09,4202.48,2068.27,6263.7,6678.24,7192.16,8654.04,9900.92,9498.71,12078.41,9491.98,8807.8,6726.41,5722.95,3936.8,2141.22,20231225
41590,화성시,6,외국인,2.07,20.55,401.65,944.72,988.53,923.5,779.1,546.64,600.48,567.65,327.84,124.56,58.83,2.07,16.05,155.56,268.28,332.33,364.02,318.45,262.44,258.37,202.36,146.35,86.79,24.53,20231211
41590,화성시,14,내국인,9423.29,7317.04,7248.01,10632.14,12338.73,11105.64,14948.1,14846.53,16166.75,14342.85,12806.2,8174.02,4156.51,8554.98,6344.7,5612.45,7193.92,8814.88,10232.0,13895.14,11380.37,11202.92,9905.05,8906.0,6656.94,3549.48,20231220
41590,화성시,9,내국인,7538.88,6303.83,6700.43,9691.14,11206.64,10442.45,13766.61,14150.81,15132.9,13636.88,12325.29,8241.81,4095.67,6771.82,5591.16,4995.7,6211.16,7721.72,8810.23,11851.76,9963.62,9516.64,8328.47,7672.82,5642.55,3350.64,20231227
41590,화성시,7,외국인,4.09,48.77,815.12,1630.66,1765.94,1812.82,1396.0,957.35,1060.73,1024.52,722.99,279.21,53.42,10.23,22.62,285.15,502.87,520.34,614.96,560.11,473.35,469.07,341.53,209.92,99.68,31.36,20231228
41590,화성시,14,외국인,7.61,75.5,984.1,2029.19,2251.94,1989.63,1481.91,1013.32,925.85,864.3,645.48,257.4,111.02,10.08,32.32,438.98,686.27,752.71,875.12,785.83,599.44,565.3,494.05,283.59,158.69,49.69,20231222
41590,화성시,22,내국인,5540.13,6784.91,6173.01,9171.77,10340.36,9738.29,12428.3,10713.57,9695.57,7115.58,5412.41,3328.12,1611.8,4814.04,5805.31,5271.83,6502.73,7579.46,7960.06,10354.7,8204.88,7290.13,5418.38,4608.8,3184.04,1611.17,20231207
41590,화성시,13,내국인,8388.17,8014.51,8193.73,9785.39,11155.89,11192.42,14700.55,13664.2,13583.29,11010.73,9881.36,6724.0,3471.88,7650.84,7255.62,7465.78,9384.82,10915.75,10954.85,14595.44,11982.91,11558.97,10520.27,9191.39,6521.66,3643.81,20231224
41590,화성시,22,외국인,2.07,40.03,619.18,1254.66,1355.25,1137.7,719.47,329.9,408.57,244.27,162.85,69.91,37.28,9.93,19.46,312.08,335.99,472.7,489.82,323.16,246.82,257.69,184.39,104.77,65.45,15.47,20231205
41590,화성시,4,내국인,2747.62,3098.03,4082.4,4847.46,5185.38,5146.12,6705.14,5991.73,5701.84,4727.31,3867.75,2567.31,1390.81,2725.89,2721.57,3252.54,3484.64,4211.25,4402.78,5507.42,4422.34,4569.93,3583.08,3157.79,2240.46,1360.3,20231227
41590,화성시,3,내국인,2790.9,2738.08,3354.85,4727.94,5059.37,5035.59,6252.3,5400.66,5074.19,4119.59,3377.14,2259.15,1208.75,2606.15,2452.63,2899.96,3281.01,4005.88,4016.83,5151.03,4263.56,4086.69,3309.3,2858.91,2019.09,1101.88,20231219
41590,화성시,19,내국인,7195.04,9002.62,9041.02,10256.97,11759.95,11248.16,14462.01,12899.49,12267.41,9418.89,7744.08,5182.76,2602.7,6688.46,7798.3,7795.65,9338.92,10468.18,10656.89,13850.43,11037.73,10317.29,8463.93,7024.6,4742.48,2412.28,20231230
41590,화성시,3,내국인,2677.62,2868.96,3488.79,4748.01,5093.91,5135.19,6451.84,5674.46,5449.64,4186.89,3497.21,2403.58,1175.23,2499.3,2517.6,2876.17,3206.48,4052.17,4160.58,5614.48,4670.21,4284.57,3441.38,2943.3,1970.33,1203.42,20231221
41590,화성시,15,외국인,7.3,93.76,928.05,1873.98,1927.81,1981.96,1525.48,1051.36,1105.63,1015.81,689.43,262.42,87.8,17.42,54.45,389.66,614.92,839.98,977.2,769.27,587.48,630.77,484.21,300.11,155.51,59.53,20231208
41590,화성시,15,내국인,8780.91,6908.26,7468.59,10868.99,12009.05,10670.49,14682.16,14905.04,15968.92,14433.67,12961.46,8343.6,4277.6,8587.91,6049.72,6330.56,6722.54,8813.04,10160.77,13346.4,11437.92,11324.94,9857.22,8741.52,6339.54,3711.0,20231207
41590,화성시,18,외국인,10.7,58.7,827.14,1997.97,1944.83,1878.83,1174.05,640.78,696.15,574.79,397.9,155.59,53.7,8.3,48.58,436.49,610.68,776.33,777.1,628.41,509.57,429.68,404.39,210.71,109.89,36.39,20231213
41590,화성시,15,내국인,10843.05,8103.05,7192.33,10435.11,11311.25,10365.01,14276.16,14495.62,15484.88,14054.84,12293.09,8151.58,4078.52,10190.47,7520.89,6093.38,6803.21,8726.39,9606.29,13237.75,11414.92,11530.47,9772.47,8625.18,6319.2,3628.99,20231201
41590,화성시,0,외국인,0.0,11.82,271.44,647.47,680.58,657.84,427.67,210.35,247.16,157.8,127.07,62.87,25.37,2.07,9.6,137.02,211.72,267.59,315.68,214.07,186.99,136.95,133.71,96.81,39.92,7.82,20231220
41590,화성시,0,내국인,2525.71,2911.41,3830.41,5078.06,5685.86,5444.47,6901.63,5886.72,5707.37,4274.41,3321.34,2198.16,1025.05,2374.6,2392.18,2980.41,3476.52,4315.58,4433.39,5963.91,4501.55,4413.43,3421.18,2737.15,1804.96,1114.77,20231221
41590,화성시,9,내국인,5046.17,4839.87,4959.96,7495.56,8906.2,9215.57,11855.68,10898.02,11552.2,9026.54,7822.54,5469.49,2866.38,4408.75,4384.64,4775.53,6273.31,7702.38,7917.78,10116.21,8622.44,8577.17,7309.81,6671.31,4819.02,2548.73,20231210
41590,화성시,23,내국인,3884.84,4363.45,4375.4,6620.61,7616.72,7243.04,9275.24,8244.56,7401.27,5602.52,4297.98,2894.88,1411.08,3516.08,3643.51,3798.6,4636.27,5933.52,6061.96,7661.87,6558.52,5441.51,4322.04,3751.19,2568.24,1379.82,20231211
41590,화성시,1,내국인,2934.56,3662.47,5023.77,5931.19,6215.29,6134.82,7147.57,6384.56,5784.21,4475.49,3589.71,2579.55,1247.15,2735.49,2992.21,3837.89,3870.41,4528.12,4916.44,6443.65,4972.06,4501.48,3570.95,3142.21,2357.12,1322.68,20231228
41590,화성시,8,내국인,7624.79,5740.64,4990.1,8936.61,10244.04,9473.0,12403.61,12663.83,13243.59,11923.46,10787.68,6844.78,3210.73,7381.89,5624.93,3880.08,5488.29,6467.83,7480.39,10171.24,8559.97,8298.63,6921.99,6557.61,4868.18,2377.69,20231208
41590,화성시,8,외국인,3.45,30.46,504.27,1365.17,1333.46,1223.21,794.51,486.46,547.95,400.28,230.54,140.33,30.63,8.22,16.26,199.56,344.64,417.64,376.75,302.95,293.68,276.75,233.33,178.81,102.3,31.68,20231203
41590,화성시,11,내국인,6701.99,6609.97,7161.85,9070.16,10826.32,10931.91,14208.15,13637.68,13901.15,11445.59,9854.46,6950.38,3456.77,6275.37,5881.98,6321.57,7333.77,9295.92,9849.54,12840.66,11031.62,10606.55,8942.38,7991.65,6068.88,3307.84,20231230
41590,화성시,6,외국인,2.07,32.09,486.63,1004.8,1171.23,1136.73,926.6,716.59,799.13,777.89,535.73,193.06,59.82,6.01,8.05,151.49,257.96,407.99,379.24,394.59,318.17,287.53,244.05,188.57,72.52,29.22,20231213
41590,화성시,5,외국인,3.45,33.73,382.44,1087.9,1019.7,840.06,512.0,286.51,249.39,227.17,140.77,77.13,17.54,6.22,7.98,160.5,274.12,346.84,294.45,221.28,196.17,175.24,156.68,119.7,61.86,26.17,20231203
41590,화성시,7,외국인,2.01,36.98,819.64,1618.83,1805.36,1807.9,1358.08,892.82,1023.13,928.72,640.14,247.02,65.75,2.0,15.98,293.28,426.4,560.17,595.05,537.07,459.75,468.24,338.9,237.83,119.36,29.47,20231229
41590,화성시,18,외국인,7.61,66.97,841.88,1863.85,1992.18,1747.14,1183.05,682.3,709.91,526.97,355.35,123.45,67.53,6.08,29.4,440.01,573.4,744.63,728.61,651.67,553.66,447.17,397.97,228.53,113.77,50.03,20231212
41590,화성시,10,내국인,7153.43,5932.57,6158.65,9590.7,11117.33,10175.93,13813.2,14271.32,15404.65,14130.7,12715.17,8561.2,4403.73,7093.58,5480.7,5542.73,6044.85,7595.19,9594.41,12537.97,10666.6,10578.73,9036.3,8347.6,6296.67,3796.91,20231204
41590,화성시,2,외국인,0.0,24.3,304.56,691.88,758.38,690.16,469.29,189.25,256.58,150.9,80.89,51.13,23.81,4.08,4.15,126.59,208.72,304.24,270.42,177.25,137.46,135.57,114.61,86.49,47.55,18.39,20231207
41590,화성시,4,외국인,2.07,24.56,310.6,697.08,721.35,678.84,453.22,256.77,198.46,176.76,123.2,48.14,17.85,4.08,12.45,111.29,173.01,335.95,288.84,195.96,169.8,154.62,128.41,86.5,53.45,14.35,20231212
41590,화성시,19,내국인,8818.01,8969.8,9095.83,12054.98,13280.17,12091.17,15481.14,14595.7,13440.05,11008.73,8706.42,5424.7,2593.05,8412.12,8219.33,7383.27,8950.37,10293.32,10413.07,13715.18,11359.59,10872.9,8328.51,6747.56,4814.4,2359.36,20231227
41590,화성시,15,외국인,9.16,72.67,1062.82,2559.75,2744.95,2241.0,1282.86,669.27,650.39,463.99,371.58,189.17,68.99,11.77,31.84,367.18,576.65,768.85,820.67,565.78,442.98,465.08,383.58,269.93,155.59,38.29,20231224
41590,화성시,7,외국인,1.86,40.38,776.81,1648.74,1742.51,1798.72,1380.0,1027.63,1018.53,951.23,678.37,225.84,76.34,6.22,16.03,310.38,472.12,600.81,582.07,562.36,483.32,491.31,346.09,196.53,83.1,43.63,20231219
41590,화성시,3,내국인,2609.45,2663.95,2921.34,4380.22,4871.26,4796.13,6048.27,5307.21,4794.46,3819.3,3261.88,2248.05,1242.79,2347.43,2310.37,2641.91,2966.52,3794.9,3808.38,5364.29,4223.03,3771.26,3100.93,2781.75,1906.46,1259.9,20231212
41590,화성시,22,내국인,5267.85,6025.08,5479.75,8679.98,9664.79,9488.56,11665.89,10289.0,9239.84,6950.5,5324.94,3451.62,1737.28,4883.51,4820.52,4979.44,6306.83,7646.05,7958.16,9737.71,8212.91,6994.22,5440.08,4560.17,2950.12,1641.33,20231211
41590,화성시,23,내국인,4091.96,4801.85,5130.57,7191.12,8233.17,7962.31,9554.78,8531.86,7949.76,6051.16,4655.4,3051.48,1494.27,3673.57,3744.58,4221.59,5195.4,6369.66,6508.74,8133.41,6684.99,6054.54,4698.56,3809.57,2812.76,1475.21,20231219
41590,화성시,16,내국인,10769.89,7828.56,6967.86,9982.26,11136.51,10204.89,13818.85,13819.64,14098.08,13061.82,11675.56,7327.42,3785.32,9968.21,7257.02,6019.26,6732.2,8689.51,10473.19,13574.68,10972.31,10846.11,8976.98,8043.09,5773.52,3190.45,20231204
41590,화성시,17,내국인,10362.92,9463.63,8527.45,10573.45,11763.83,11443.99,14623.37,14158.1,14237.29,11956.58,10410.79,6803.99,3344.24,9653.61,8630.72,7380.21,7960.87,9894.54,10727.2,13951.67,11790.9,11049.56,9354.33,7772.5,5656.3,3090.14,20231229
41590,화성시,7,외국인,3.56,44.48,545.55,1335.06,1442.86,1417.82,1099.71,764.86,760.14,635.76,520.56,177.12,62.68,6.15,23.6,261.32,379.54,477.99,456.74,354.6,376.18,343.8,202.79,205.84,81.63,26.22,20231223
41590,화성시,2,외국인,0.0,22.16,392.88,635.31,799.16,650.73,452.81,203.7,225.88,148.68,109.22,31.76,30.19,4.01,11.82,112.22,191.53,289.65,262.2,205.05,142.48,182.46,134.05,82.98,37.71,21.08,20231213
41590,화성시,6,내국인,3517.57,3333.98,3774.99,5700.46,6338.31,6107.72,7683.55,7022.31,6805.35,5843.97,4875.75,3321.84,1662.48,3035.43,2937.26,3531.4,4599.27,5192.25,5143.46,6334.47,5247.75,5164.23,4482.1,4064.41,2848.62,1505.46,20231210
41590,화성시,2,외국인,0.0,9.75,333.68,776.09,817.64,727.17,451.72,201.61,277.65,207.91,141.57,60.6,34.22,2.0,13.8,145.41,201.87,264.34,314.09,236.0,190.14,162.47,152.06,89.81,37.43,11.98,20231220
41590,화성시,20,외국인,6.84,72.23,1199.63,2698.7,2631.13,2065.59,1132.75,555.39,517.97,376.22,268.29,146.39,41.07,12.45,52.79,400.27,647.25,692.05,710.4,549.53,444.32,439.48,347.94,254.11,165.87,27.17,20231231
41590,화성시,21,내국인,6232.79,8280.21,8505.92,9982.94,11310.19,10399.59,13308.84,11332.54,10704.09,8212.87,6695.55,4481.12,2308.99,5905.16,6840.61,7334.2,8910.81,9630.36,9554.92,11907.31,9741.65,9195.57,7176.64,6072.75,4121.48,2243.0,20231230
41590,화성시,7,외국인,3.76,31.68,571.23,1364.94,1378.84,1108.47,805.83,408.14,384.63,323.22,242.97,122.22,56.04,6.22,25.66,183.24,298.04,399.61,385.83,296.12,233.69,232.41,225.8,157.18,88.22,25.32,20231224
41590,화성시,18,내국인,8147.06,9043.61,7767.19,10117.23,10897.62,11321.53,14130.63,13240.45,12281.87,9840.11,8258.52,5164.8,2533.35,7349.87,8078.16,7319.05,8543.52,10348.76,10259.48,13498.98,11200.66,10053.27,8315.71,7021.28,4609.01,2490.64,20231202
41590,화성시,11,외국인,5.6,88.22,1090.57,2220.66,2372.06,2253.24,1861.16,1219.65,1298.62,1087.11,830.66,341.71,76.29,18.26,34.95,482.98,646.67,788.44,895.19,753.09,674.05,605.53,473.07,370.59,183.48,63.31,20231226
41590,화성시,12,외국인,7.61,69.34,1111.45,2397.27,2517.31,2246.79,1671.9,1139.53,1107.65,996.17,634.84,274.67,73.94,5.87,37.01,421.73,740.69,899.11,964.03,865.59,762.2,691.87,468.7,352.52,145.71,62.53,20231215
41590,화성시,19,외국인,5.85,66.65,753.81,1590.71,1799.27,1515.08,956.53,575.35,618.97,412.53,244.46,103.02,35.6,12.01,29.5,384.96,493.36,646.48,699.86,543.48,400.82,387.86,311.13,195.0,83.49,35.33,20231204
41590,화성시,8,내국인,7742.19,5676.01,4851.54,8823.37,10487.78,9391.08,12071.49,12071.03,12633.74,11263.62,10226.21,6457.04,3170.75,7444.06,5186.67,3852.0,5490.47,6835.49,7312.31,10167.49,8695.97,8255.29,6860.68,6433.4,4585.47,2608.99,20231211
41590,화성시,0,내국인,2566.22,3153.2,3617.71,4774.35,5311.15,5002.74,6177.91,5680.53,4906.13,3567.25,3124.22,1925.44,1037.85,2252.08,2380.66,3101.71,3612.06,4271.75,4432.47,5481.64,4721.97,4145.41,3233.27,2791.89,1978.98,1125.88,20231218
41590,화성시,4,외국인,1.69,40.79,491.76,1139.54,1122.14,824.43,492.36,225.88,236.45,198.39,110.58,63.69,21.45,4.15,18.02,175.95,274.96,348.9,317.31,232.51,174.34,148.92,171.87,112.26,59.79,26.38,20231217
41590,화성시,12,내국인,8069.83,7544.48,6344.34,9786.96,10956.97,11438.21,14655.15,13858.2,14355.34,11795.52,10332.82,7334.56,4070.24,7073.11,6723.68,6471.74,8419.35,10050.9,10577.85,14353.09,11941.98,11947.71,10124.13,9395.34,6886.08,3946.84,20231210
41590,화성시,17,내국인,8102.78,7983.78,7335.72,9653.88,10767.85,11227.87,13999.79,12605.4,11570.87,9445.47,7546.07,4990.0,2720.28,7022.14,6925.33,6720.21,8280.79,9704.8,10189.53,12784.14,10257.1,9866.39,7655.41,6700.95,4488.23,2454.98,20231217
41590,화성시,7,내국인,3579.31,3390.33,4275.55,7832.38,9038.19,8673.86,10858.45,10964.13,11713.66,10759.87,9379.38,5720.0,2531.99,3218.65,3237.28,3620.99,4831.85,5679.63,6054.78,8357.74,7497.89,7378.42,5945.82,5398.54,3868.2,1986.15,20231204
41590,화성시,18,외국인,5.67,60.34,824.81,2010.32,2164.69,1842.91,1157.95,604.49,714.95,469.89,361.58,134.57,36.32,13.72,41.53,436.14,600.25,700.1,811.57,637.64,542.49,513.18,397.24,234.38,121.22,56.84,20231208
41590,화성시,7,내국인,3626.01,3779.11,4178.89,7621.23,8582.06,8378.88,11063.77,10634.86,11047.84,9857.8,8305.84,5283.58,2348.0,3391.54,3168.25,3354.58,4680.81,5762.59,5963.65,8420.79,6966.52,6803.2,5721.36,5039.89,3484.87,1844.77,20231215
41590,화성시,8,내국인,7733.21,6028.11,6317.24,9310.91,10642.84,9721.78,12959.89,12807.75,13710.53,12489.1,10728.89,7122.54,3289.34,7393.89,5978.23,4415.97,5834.91,7014.55,7589.97,10336.74,8613.26,8502.13,7181.35,6517.39,4729.37,2589.26,20231227
41590,화성시,8,외국인,3.84,57.55,862.07,1935.89,1883.15,2040.35,1509.68,961.84,1021.42,898.07,572.85,292.65,69.45,9.56,34.11,347.83,578.58,739.72,742.21,709.46,583.49,546.25,409.95,329.2,160.73,40.01,20231218
41590,화성시,9,외국인,5.52,55.38,573.9,1575.31,1645.0,1538.92,1216.13,882.77,939.65,767.1,586.92,241.31,82.41,14.45,20.57,309.91,435.26,559.95,601.82,425.03,412.73,415.39,328.44,225.19,102.63,56.54,20231202
41590,화성시,12,내국인,7329.01,6272.37,8051.86,13201.41,15016.4,13142.49,17000.19,17876.65,19204.51,17026.21,15684.09,10126.78,5055.16,7341.75,6215.88,6774.92,8310.07,10011.42,11206.81,15182.2,12783.35,12795.1,10651.96,9410.11,6828.79,3892.12,20231207
41590,화성시,22,내국인,4966.45,6015.29,6196.32,8206.03,9349.33,9082.13,11015.07,9620.37,8672.94,6440.52,5169.23,3510.14,1705.64,4297.49,5120.86,5590.31,6606.57,7617.56,7793.62,9629.11,7978.08,6910.05,5402.75,4578.82,3273.93,1805.69,20231217
41590,화성시,2,내국인,2792.17,3120.85,4001.34,5172.05,5400.1,5439.98,6309.61,6159.06,5229.84,4165.13,3524.62,2437.88,1214.63,2574.96,2772.09,3354.67,3460.45,4028.3,4103.16,5844.82,4618.48,4449.49,3501.59,2917.68,2049.28,1170.24,20231222
41590,화성시,17,외국인,9.3,59.07,984.29,2628.7,2531.17,1964.99,1124.69,597.75,582.91,387.19,293.51,123.01,23.03,19.64,33.96,365.77,583.0,784.34,688.37,472.77,434.3,391.95,309.34,187.45,135.9,38.44,20231203
41590,화성시,3,외국인,3.46,19.64,272.21,675.59,838.24,616.92,401.5,216.89,254.81,174.89,127.12,53.0,28.51,2.07,6.3,147.94,200.69,272.75,309.52,186.62,140.96,162.31,127.13,101.62,54.89,19.35,20231205
41590,화성시,12,외국인,7.61,71.46,1138.88,2412.16,2590.71,2552.91,1922.44,1358.57,1388.48,1164.49,779.79,290.62,104.29,14.07,38.78,500.06,773.3,1033.73,1105.63,925.17,785.02,777.4,563.27,350.33,173.48,67.82,20231219
41590,화성시,4,내국인,2687.66,2662.39,2980.55,4445.89,4915.24,4993.44,6413.35,5713.46,5310.01,4539.14,3612.14,2349.01,1274.68,2404.03,2155.17,2530.15,2935.59,3565.72,3905.67,5408.31,4265.56,4099.91,3380.6,3050.82,2119.77,1364.5,20231201
41590,화성시,15,외국인,9.49,64.95,916.65,2036.93,2045.13,1851.73,1440.04,931.66,929.08,776.25,535.08,226.03,82.44,14.19,41.01,387.58,625.61,779.65,885.93,739.97,635.54,604.17,484.38,301.43,150.94,54.26,20231215
41590,화성시,15,외국인,9.98,80.65,1016.25,2539.84,2721.3,2116.09,1167.08,662.53,568.53,431.73,333.96,173.74,43.31,18.31,29.25,352.89,613.44,790.9,779.19,537.51,475.15,456.78,338.99,229.7,165.51,60.41,20231217
41590,화성시,3,외국인,0.0,28.09,384.66,733.47,782.73,674.26,396.51,199.84,214.99,145.1,113.84,71.04,22.68,2.07,19.58,108.7,204.16,245.89,279.01,230.16,151.94,150.5,166.09,62.8,46.78,11.56,20231226
41590,화성시,21,내국인,6448.83,8325.67,7963.27,10290.94,11346.57,10978.37,13994.92,12408.93,11207.54,8523.33,6621.09,4069.37,2196.46,5789.69,7223.74,6646.48,7797.24,8679.33,8882.71,11641.68,9660.59,8716.88,6659.27,5278.1,3760.8,2047.67,20231226
41590,화성시,16,외국인,9.62,54.7,854.35,1906.29,1957.12,1727.96,1310.74,846.17,864.82,689.45,450.87,146.51,42.7,16.16,40.11,348.52,570.56,783.25,755.37,641.88,568.92,553.78,392.54,251.89,125.46,50.17,20231211
41590,화성시,21,외국인,7.91,66.7,940.6,2138.0,2161.32,1722.74,962.74,488.56,441.92,317.61,218.33,96.21,38.74,9.99,45.23,379.73,562.05,655.44,602.93,434.15,331.87,341.38,324.28,182.16,108.67,32.25,20231216
41590,화성시,0,내국인,2735.23,3363.37,4682.7,5835.49,6356.52,5969.18,7474.29,6510.76,6130.12,4711.41,3634.83,2346.44,1272.83,2496.0,2817.79,3539.43,3949.28,4696.22,4713.26,6330.7,4930.16,4405.16,3549.79,2931.75,2102.1,1176.57,20231229
41590,화성시,5,내국인,2862.33,2757.48,3610.85,4971.21,5430.18,5671.75,7266.0,6891.38,6906.65,5596.29,4676.91,3010.19,1531.52,2699.51,2651.01,3014.97,3356.97,4268.0,4266.91,5833.49,4767.82,4750.27,3885.89,3411.91,2490.42,1442.85,20231222
41590,화성시,15,외국인,7.3,74.35,855.1,1835.33,1927.21,1890.88,1442.77,1039.65,1062.78,981.05,549.39,267.24,75.7,17.48,46.84,363.87,610.97,777.73,869.38,742.13,577.21,582.7,468.54,270.13,145.97,61.08,20231206
41590,화성시,19,내국인,6369.28,8558.3,7081.81,9570.98,10951.63,10657.03,13086.6,11584.85,10832.93,8188.76,6641.98,4240.82,2082.75,6122.02,7298.33,6613.97,8325.2,9214.54,9772.46,12114.24,9849.45,8846.88,6940.8,5878.48,4123.08,2003.76,20231203
41590,화성시,14,외국인,9.69,66.48,930.62,1952.21,2140.13,1877.11,1480.93,1027.9,1116.29,1128.9,722.24,297.82,81.96,8.09,27.79,410.62,576.74,830.73,926.68,740.58,615.61,616.9,507.22,300.0,163.41,53.56,20231212
41590,화성시,14,내국인,9014.0,7126.44,8088.3,10608.37,11941.11,11328.33,14869.93,15504.05,16482.5,15076.23,13705.79,8883.67,4736.81,8448.12,6360.34,6343.52,7464.96,9037.35,10350.77,14004.69,12124.99,11759.46,10531.58,9390.31,7018.47,4103.98,20231226
41590,화성시,10,내국인,6124.24,5827.8,5907.81,8630.77,10439.22,10578.88,14239.3,12777.5,13729.74,11693.84,10180.34,6340.42,3135.51,5885.45,5274.07,5515.02,7076.01,8781.59,9716.58,12242.58,9982.41,9539.17,8418.65,7382.18,5080.51,2985.21,20231216
41590,화성시,20,내국인,7654.1,8553.43,8037.78,11588.47,12729.63,11861.74,15499.96,13597.05,12276.7,9603.25,7271.69,4700.26,2187.15,7242.12,7711.9,6878.9,8765.24,9703.17,9989.98,13215.13,10674.47,10115.87,7401.83,5755.39,4050.73,2222.86,20231221
41590,화성시,23,외국인,1.69,56.82,726.05,1638.43,1635.84,1307.44,796.5,332.41,343.93,268.82,186.34,84.16,37.61,4.08,27.32,305.83,427.29,492.93,443.98,379.73,209.86,249.55,213.61,132.81,92.01,23.85,20231216
41590,화성시,10,내국인,6399.75,6419.37,6950.21,8390.51,9840.19,10092.19,12994.6,12203.24,11990.1,9759.59,8531.49,5758.91,3110.59,5654.58,5766.79,6197.11,7801.12,9205.88,9515.44,12223.32,10449.1,10039.04,8622.83,7936.46,5809.75,3341.0,20231224
41590,화성시,17,외국인,11.95,50.97,1152.82,3011.81,2928.69,2259.96,1143.96,643.23,525.56,412.71,257.71,157.04,50.63,16.45,53.31,397.31,648.27,808.24,707.78,546.73,470.14,462.01,353.68,247.31,177.37,38.22,20231231
41590,화성시,20,외국인,7.54,80.96,1105.23,2493.97,2543.43,2027.12,1102.75,546.46,537.21,396.28,230.74,114.72,41.18,16.19,49.03,372.66,664.27,712.51,713.8,538.27,378.86,392.09,315.82,197.12,134.02,41.16,20231209
41590,화성시,18,내국인,10678.6,8562.82,7342.52,11612.21,12359.74,11259.8,14730.41,13653.14,13445.01,11366.52,9092.99,5768.38,2725.7,10072.37,7942.82,6249.33,8148.02,9552.8,10590.43,13714.3,11301.94,10510.01,8502.94,6817.42,4776.79,2399.34,20231207
41590,화성시,23,외국인,0.0,34.82,541.29,1127.78,1222.91,1015.97,667.33,323.74,351.68,259.73,189.82,105.21,25.91,4.08,28.7,243.78,348.6,444.9,343.24,301.18,233.73,220.31,183.93,115.6,72.44,20.32,20231218
41590,화성시,11,내국인,7618.5,6403.01,6775.3,11506.89,13442.3,11738.93,15728.56,16028.86,17104.14,15733.44,14000.58,8756.9,4385.61,6963.92,5859.74,5556.2,7289.55,8942.88,10012.01,13931.22,11367.74,11150.52,9796.96,8837.8,6315.32,3651.3,20231218
41590,화성시,2,내국인,2649.62,3065.86,3502.83,4709.7,5179.5,4922.13,6162.9,5564.48,5068.21,3843.59,3237.73,2178.33,1143.23,2567.3,2567.98,3141.35,3554.99,4138.15,4296.07,5463.88,4631.1,4198.52,3300.63,2942.11,2056.15,1257.77,20231218
41590,화성시,4,내국인,3678.99,4162.95,5069.23,5912.58,6265.18,5766.37,7260.52,6689.96,6236.39,5005.88,4095.91,2850.87,1623.33,3445.68,3211.72,4267.74,5063.23,5339.41,5201.84,6631.73,5345.39,5213.21,4260.05,3934.42,2733.05,1549.64,20231231
41590,화성시,4,외국인,5.84,20.1,313.34,760.6,846.93,678.3,516.19,212.91,255.87,187.26,136.41,65.66,17.84,2.07,20.15,151.51,238.03,299.7,259.4,220.35,175.64,175.54,158.18,117.74,63.08,19.97,20231209
41590,화성시,10,내국인,7715.22,7193.7,6411.99,9741.8,11508.28,10691.29,14361.7,14155.63,15285.39,13605.39,12095.12,7962.98,4052.16,7270.99,6258.97,5079.78,6268.55,8241.44,10143.15,13455.49,11130.08,10413.19,9031.44,8376.45,6250.83,3755.06,20231222
41590,화성시,18,내국인,10331.69,9559.62,7599.0,10678.76,11657.64,11214.96,14476.11,13636.95,13158.5,10941.93,8755.66,5597.28,2548.71,9260.32,8653.14,6723.75,8185.45,9637.79,10263.87,13702.31,11185.05,10461.52,8446.53,7123.61,4820.87,2370.94,20231201
41590,화성시,0,내국인,3045.26,4098.83,4652.64,6308.43,6599.94,6135.84,7861.57,6846.1,6131.0,4557.87,3662.01,2303.85,1052.2,2783.61,3078.98,3753.01,4876.52,5431.67,5023.72,6612.76,5072.68,4397.4,3585.87,3031.28,2047.13,1064.4,20231216
41590,화성시,4,외국인,0.0,28.13,408.96,756.18,794.23,763.41,463.08,219.4,221.96,185.77,148.14,66.46,27.58,5.85,23.89,113.12,217.93,270.76,299.8,219.42,189.43,175.49,146.69,87.99,38.48,11.41,20231227
41590,화성시,23,내국인,3893.32,4876.37,5303.58,7510.0,8283.97,7995.21,9841.29,8458.08,8110.18,6211.83,4744.73,3083.02,1493.99,3640.28,3928.82,4283.48,5137.76,6339.74,6411.88,8246.37,6715.11,6330.35,4778.06,3741.17,2728.92,1530.16,20231220
41590,화성시,4,내국인,2840.43,3194.72,3413.92,5247.82,5389.88,5266.56,6569.02,6008.69,5856.59,4777.38,3735.83,2557.15,1286.76,2545.25,2878.33,3065.74,3824.61,4293.0,4536.99,5337.87,4568.65,4291.06,3732.6,3300.06,2232.54,1318.02,20231209
41590,화성시,19,내국인,9346.88,8546.27,7278.02,11671.41,12522.17,11810.41,14644.94,13260.51,13036.8,10025.08,8049.83,4946.75,2245.18,8367.59,7512.91,6490.15,8409.24,9617.32,10208.89,13038.3,10853.86,10131.83,7693.69,6165.95,4225.59,2203.58,20231206
41590,화성시,19,외국인,9.94,48.92,837.45,1802.93,2032.8,1599.25,1057.74,639.07,632.27,449.99,276.87,97.2,46.54,10.37,31.88,414.01,558.17,690.0,726.42,606.99,460.05,416.2,354.3,179.43,120.71,41.69,20231214
41590,화성시,16,외국인,17.3,66.71,896.54,1896.98,1871.51,1767.38,1444.11,885.05,951.48,754.3,511.43,191.03,52.12,15.84,44.27,357.98,583.56,789.04,867.35,735.42,612.93,554.81,470.5,239.28,143.89,47.05,20231205
41590,화성시,16,외국인,9.98,70.45,991.62,2488.06,2579.18,2076.55,1162.55,601.9,550.39,391.44,265.57,140.25,41.93,24.54,45.78,367.08,612.85,751.98,786.95,540.39,407.99,463.05,375.31,194.87,136.49,40.39,20231217
41590,화성시,16,내국인,8020.26,8391.21,8287.11,9431.23,10910.44,10495.38,13645.73,12477.89,12336.26,9806.45,8349.1,5760.31,2976.54,7480.75,7457.55,7161.62,8198.23,9733.77,10086.6,12957.42,10794.59,10734.63,8421.02,7767.67,5253.69,2891.61,20231230
41590,화성시,4,내국인,2914.66,3358.13,3405.84,5342.67,5322.58,5139.76,6546.91,5866.92,5514.97,4488.07,3554.88,2418.65,1252.92,2700.47,2800.34,3426.7,3916.38,4333.23,4450.1,5636.35,4695.08,4506.58,3633.67,3329.75,2399.73,1439.43,20231202
41590,화성시,18,내국인,10698.25,9374.53,7820.6,11051.31,12124.56,11637.52,14740.57,14080.76,13593.71,10886.89,9051.54,5781.54,2829.98,9762.1,8594.65,6580.99,8458.9,10138.53,10744.4,13832.88,11518.75,11166.98,8844.15,7147.4,4765.6,2666.22,20231208
41590,화성시,18,외국인,10.31,67.21,928.76,1965.98,2033.66,1867.37,1172.27,678.8,698.41,486.26,338.13,157.73,73.47,9.91,33.48,429.02,551.59,755.9,766.64,600.34,562.25,519.34,417.12,207.25,116.16,36.64,20231221
41590,화성시,15,외국인,3.83,73.31,1069.08,2212.51,2254.03,2122.51,1658.0,1041.22,1077.28,935.67,745.01,290.54,71.95,14.06,35.6,453.58,706.2,862.66,915.9,793.41,700.3,606.07,501.21,310.54,189.86,63.92,20231226
41590,화성시,18,외국인,1.7,69.36,754.74,1776.95,1875.69,1761.96,1065.87,601.64,678.98,528.85,267.27,107.23,42.03,11.77,32.03,418.26,531.25,662.28,749.56,568.27,453.02,414.68,357.87,181.7,93.87,40.09,20231206
41590,화성시,18,외국인,9.09,53.34,802.45,1733.73,1972.51,1674.77,1076.27,585.8,680.38,494.48,260.18,149.63,48.51,14.02,45.27,462.64,585.12,783.57,783.05,562.97,534.14,476.0,386.37,204.58,88.02,51.65,20231201
41590,화성시,17,내국인,10831.69,9380.8,8091.01,10354.41,11703.92,11226.75,14885.73,13717.71,13917.4,11943.34,10080.65,6473.37,3154.52,10069.04,8668.0,6497.41,7795.37,9559.98,10834.26,14160.29,11647.52,11099.75,9113.97,7518.45,5538.24,2894.68,20231222
41590,화성시,15,외국인,16.61,63.74,930.02,1874.57,1987.21,1844.23,1487.14,1071.16,1095.73,963.64,668.4,292.82,59.31,14.02,33.47,378.11,603.7,806.4,926.35,728.29,583.03,621.91,508.54,279.81,159.75,66.79,20231205
41590,화성시,22,내국인,6368.91,9010.62,8640.03,10092.99,11053.26,10680.36,13205.41,11518.05,10511.81,8004.13,6478.12,4352.47,2310.62,6031.65,7445.75,8236.4,9396.06,9857.7,9421.74,12230.95,9942.28,9391.91,7474.47,6335.45,4584.08,2536.44,20231231
41590,화성시,8,외국인,9.31,47.91,826.76,1719.89,1759.68,1816.64,1472.32,993.48,1136.09,976.03,609.4,274.35,57.04,14.46,18.2,314.55,518.52,650.2,684.69,611.9,557.33,533.53,373.7,294.11,130.57,45.9,20231204
41590,화성시,12,외국인,7.68,61.85,1081.94,2199.03,2582.29,2246.16,1729.93,1241.84,1329.48,1128.75,819.1,317.43,89.84,17.48,26.39,478.31,775.29,983.56,1011.52,880.18,701.62,657.82,511.22,351.11,191.7,68.71,20231201
41590,화성시,4,내국인,2745.25,2693.95,3251.68,4669.72,4949.87,4916.54,6343.25,5656.83,5479.22,4545.29,3547.13,2501.43,1270.66,2568.86,2479.8,2791.71,3232.25,3920.04,3959.04,5292.36,4433.92,4218.97,3518.07,2997.06,2105.83,1174.29,20231219
41590,화성시,9,외국인,3.84,44.19,748.39,1648.34,1797.34,1690.11,1416.13,983.88,1050.25,1006.3,704.58,226.75,53.38,5.89,20.64,356.42,520.52,748.48,717.21,622.43,519.73,519.3,384.5,289.75,135.39,53.1,20231201
41590,화성시,9,외국인,9.38,61.86,913.35,1967.08,2028.91,1965.53,1482.39,997.83,1010.06,917.25,595.54,273.05,63.42,9.64,37.69,320.72,559.32,771.6,772.74,694.68,570.63,548.06,413.05,349.22,131.76,59.93,20231218
41590,화성시,3,내국인,2890.73,3469.96,3604.0,5328.78,5597.65,5456.31,6746.29,5971.09,5594.42,4492.09,3627.01,2409.8,1245.01,2780.44,3053.25,3260.09,4047.35,4408.88,4614.44,5384.08,4440.14,4176.88,3681.57,3201.02,2265.96,1310.1,20231209
41590,화성시,9,내국인,7557.95,5562.23,5915.03,9719.26,10989.91,10057.7,13338.1,13515.05,14651.72,13466.11,12281.53,7744.04,3905.69,7238.03,5022.88,4854.2,5586.21,7484.41,8759.89,11415.97,9348.4,9332.21,8258.58,7726.53,5585.48,3104.58,20231207
41590,화성시,23,외국인,2.07,36.87,500.48,1192.01,1267.64,1021.3,575.98,334.02,316.86,226.01,173.16,70.57,26.46,6.15,28.12,242.9,309.57,389.1,375.66,247.07,198.72,198.6,205.82,132.82,97.1,34.41,20231217
41590,화성시,18,외국인,7.71,77.89,1060.06,2122.6,2167.03,1851.12,1277.27,695.29,712.95,498.87,379.03,136.55,55.46,16.11,58.85,452.4,664.59,731.2,778.57,679.41,534.46,531.63,394.96,259.51,134.56,35.16,20231227
41590,화성시,7,내국인,3722.08,3561.07,4256.42,7894.39,9268.96,8585.94,10803.94,10602.55,10828.46,10073.09,8843.68,5474.7,2522.09,3432.8,3195.0,3375.73,4850.02,5856.25,6033.56,8180.14,7329.35,6871.56,5777.43,5291.67,3713.64,2036.91,20231211
41590,화성시,22,외국인,1.76,33.98,537.28,1181.93,1293.69,1056.63,660.38,334.75,364.55,235.7,162.31,79.36,13.97,10.16,21.21,261.07,359.08,436.77,380.75,296.08,241.35,258.08,187.89,129.66,77.63,24.04,20231203
41590,화성시,3,내국인,2474.69,2402.54,2865.45,4379.6,4715.45,4707.22,6306.7,5442.19,4908.63,4114.55,3362.01,2227.41,1102.24,2293.61,2069.67,2510.74,2923.34,3662.27,3871.28,5329.7,4190.45,3797.24,3020.35,2820.27,2058.64,1183.02,20231205
41590,화성시,15,외국인,10.92,49.33,883.56,1794.08,2006.39,1836.67,1444.03,967.83,1002.07,937.49,726.43,263.5,63.78,17.83,47.72,396.94,656.73,833.92,918.84,759.13,617.27,568.48,459.03,285.06,169.99,69.81,20231201
41590,화성시,6,내국인,2673.13,2682.15,3300.38,6052.19,7043.95,6968.93,9207.51,9300.31,9487.33,8595.02,7557.42,4487.17,1925.93,2329.55,2371.67,2834.86,3705.78,4782.39,4764.5,6596.58,5768.12,5591.18,4748.28,4243.53,2906.29,1647.45,20231205
41590,화성시,7,내국인,3659.47,3950.04,4704.93,8017.1,8975.41,8745.75,11239.15,10900.87,11792.18,10310.5,8714.04,5499.79,2383.65,3487.44,3497.72,3651.5,4838.79,5983.25,6169.19,8590.2,7296.55,7052.95,6023.97,5198.41,3768.89,2011.84,20231221
41590,화성시,14,외국인,3.62,70.39,982.34,2316.13,2427.01,2102.52,1439.93,981.57,921.27,804.35,537.25,235.73,91.23,18.53,36.11,387.42,662.32,723.61,804.53,593.33,538.49,535.93,366.29,301.17,198.35,39.72,20231223
41590,화성시,19,내국인,7912.16,9274.33,7750.54,10407.37,11804.11,11495.7,15250.8,13394.71,12681.21,9878.74,7816.41,4981.4,2565.78,7846.93,8072.13,7002.28,8888.05,10533.26,10655.66,14148.51,11339.75,10262.46,8236.37,6962.41,4885.51,2354.34,20231209
41590,화성시,21,내국인,6488.44,7339.16,6856.33,10698.71,11888.03,10941.12,14045.23,12242.7,11166.23,8510.27,6475.71,4060.58,1965.78,6090.93,6089.47,5812.18,7737.94,8787.29,8859.06,11689.44,9640.78,8781.88,6584.75,5264.31,3659.26,1828.28,20231213
41590,화성시,2,외국인,3.76,23.95,319.25,837.66,889.93,723.91,558.34,237.8,272.21,172.17,118.5,63.44,21.78,2.07,22.35,165.99,237.23,328.35,315.49,216.78,171.3,172.44,141.87,107.52,67.4,19.96,20231209
41590,화성시,20,내국인,7653.36,8843.98,7716.08,11454.7,12781.12,12090.68,15004.65,13333.53,12234.03,9717.82,7357.76,4584.82,2179.22,6998.65,7314.37,6388.13,8647.65,9676.68,10014.11,12789.14,10478.1,9735.34,7385.13,5758.0,3982.16,2031.99,20231219
41590,화성시,5,내국인,2697.72,2590.27,2795.44,4645.33,5268.78,5397.14,7153.07,6656.48,6677.35,5563.17,4745.37,3053.33,1536.61,2454.04,2152.13,2481.43,3119.62,3865.15,4082.45,5614.29,4483.99,4620.94,3800.1,3442.96,2474.36,1218.31,20231207
41590,화성시,22,외국인,0.0,47.56,711.82,1447.51,1557.6,1262.06,821.8,404.28,448.23,313.55,206.27,103.33,39.98,6.15,39.6,336.47,446.18,507.42,513.1,355.32,333.4,295.25,233.27,127.34,92.86,19.39,20231220
41590,화성시,15,외국인,11.06,46.71,994.84,2560.04,2620.56,2178.68,1287.59,678.89,674.62,507.09,321.25,150.23,32.79,19.79,39.05,329.75,602.39,824.26,730.04,488.87,418.68,432.97,378.51,242.53,155.39,40.11,20231203
41590,화성시,7,내국인,3823.62,3972.85,4645.83,8164.48,9535.39,8703.09,11503.1,11289.97,12137.76,11122.24,9425.55,5652.18,2490.41,3640.43,3577.5,3693.32,4948.8,6029.23,6300.66,8452.51,7460.67,7194.56,6013.82,5399.02,3836.8,2061.07,20231219
41590,화성시,8,외국인,4.15,58.75,626.67,1512.84,1644.1,1468.63,1128.46,604.67,681.82,599.17,377.17,179.52,45.93,6.08,28.11,245.12,344.11,494.63,490.13,388.89,361.37,324.73,283.66,206.76,130.3,33.42,20231230
41590,화성시,15,외국인,15.03,66.26,937.15,2418.46,2291.49,1979.03,1329.79,844.1,746.47,623.8,421.6,183.45,52.71,13.92,50.06,339.64,544.37,749.59,698.52,586.25,488.57,499.35,423.45,254.92,173.32,50.43,20231216
41590,화성시,5,외국인,3.45,32.94,330.05,837.75,840.04,815.4,503.41,344.81,403.36,303.02,217.67,89.59,35.38,6.22,18.69,185.94,255.33,312.06,313.67,223.14,191.32,193.58,137.15,88.17,38.92,18.72,20231202
41590,화성시,20,내국인,7685.64,8169.14,7157.95,11075.26,12304.53,11426.38,14558.98,12452.43,12112.93,9052.49,7162.8,4440.87,2042.24,7099.83,7450.23,6425.5,7956.14,9262.65,9483.46,12554.29,10110.56,9578.54,7045.31,5736.39,3834.38,2005.06,20231206
41590,화성시,11,내국인,7503.21,6465.24,6331.53,9324.61,10480.56,10961.84,14351.9,14626.17,15170.77,13219.7,11228.9,7331.14,3894.06,7272.72,6472.6,5882.32,7159.6,9387.15,9971.61,13132.77,11022.17,10866.09,9110.31,8349.86,6013.46,3423.95,20231202
41590,화성시,12,내국인,7831.88,6718.62,7681.08,12482.84,14854.43,12935.92,16889.12,17020.89,17965.1,16516.37,14737.49,9219.07,4497.58,7261.13,6159.9,6262.32,8410.04,9911.05,10805.65,14714.62,12399.67,12277.3,10525.14,9067.62,6394.15,3733.92,20231218
41590,화성시,10,외국인,3.76,41.79,678.64,1684.47,1740.24,1523.92,1000.87,589.46,517.23,386.65,289.85,135.45,46.81,4.15,13.87,293.01,459.57,567.23,537.22,398.7,333.33,300.01,337.65,231.07,139.15,31.45,20231217
41590,화성시,2,외국인,2.07,18.19,341.0,755.35,788.27,685.29,422.42,206.41,202.42,158.75,131.29,48.88,21.25,4.08,15.39,134.87,191.46,254.59,258.38,215.31,166.26,148.33,105.84,90.86,53.45,18.01,20231215
41590,화성시,11,내국인,7452.99,6769.12,6753.5,11627.08,13836.81,12243.63,16009.61,16671.63,17688.01,15987.81,13958.76,8632.91,4186.7,6783.61,5610.11,5284.65,7413.67,9146.38,10315.82,14319.24,11726.35,11435.2,9652.59,8813.78,6218.06,3563.82,20231220
41590,화성시,14,외국인,13.31,52.67,892.78,1805.21,1976.7,1834.29,1418.78,983.07,1053.55,953.68,713.36,270.81,81.22,11.91,34.2,387.35,584.63,797.17,872.53,661.95,609.24,540.32,456.91,296.51,182.0,72.54,20231201
41590,화성시,3,내국인,2809.7,3239.41,4357.49,5199.83,5436.38,5505.27,6785.71,5980.29,5608.89,4382.28,3541.65,2473.84,1270.86,2640.66,2632.12,3316.07,3665.81,4250.51,4592.79,5784.9,4484.71,4389.36,3558.47,2999.68,2210.48,1308.84,20231229
41590,화성시,4,내국인,2651.87,2979.31,3262.33,4440.16,4819.32,4915.97,6077.96,5645.97,5379.08,4222.36,3433.1,2421.44,1246.75,2445.86,2404.37,2827.82,3432.42,3986.47,4045.41,5421.22,4476.01,4354.15,3337.27,3074.24,2169.28,1322.29,20231218
41590,화성시,5,외국인,1.69,20.38,356.98,769.11,913.28,755.27,515.96,304.6,269.95,273.81,224.92,61.71,33.14,6.08,16.09,132.9,213.72,329.83,280.61,241.26,211.22,214.3,159.53,114.03,53.82,12.03,20231216
41590,화성시,6,외국인,3.45,36.03,444.29,1040.03,1075.27,1067.07,825.14,674.3,700.17,675.75,397.51,175.64,54.17,6.22,20.39,230.48,286.29,367.61,403.32,324.08,265.07,306.77,181.66,127.86,63.38,36.39,20231202
41590,화성시,20,내국인,8490.0,9604.12,7777.03,11088.27,12342.82,11924.53,15083.4,13826.02,12788.55,9364.85,7305.91,4588.13,2091.85,7526.23,8159.57,6537.71,8983.6,10389.45,10573.61,13272.46,11722.64,10228.62,7787.88,6140.63,4160.36,2298.97,20231208
41590,화성시,11,외국인,3.45,70.65,837.85,1907.12,2178.36,1988.3,1452.29,1109.82,1121.11,1038.74,674.41,289.45,64.4,12.45,31.91,373.45,537.51,714.79,752.81,564.81,495.15,563.13,383.16,273.28,131.08,72.75,20231202
41590,화성시,20,외국인,5.69,65.41,772.0,1793.47,1847.07,1584.76,870.4,541.48,522.75,348.05,222.79,111.88,29.86,16.16,37.42,442.02,547.0,724.81,685.06,491.9,413.04,401.75,274.71,172.8,73.91,37.93,20231201
41590,화성시,6,외국인,4.15,20.28,456.66,1013.76,1055.41,958.04,795.37,532.43,552.65,561.68,350.34,141.7,46.49,6.08,13.94,144.88,268.76,347.14,365.1,327.23,290.27,316.21,196.42,161.29,62.03,33.2,20231215
41590,화성시,0,내국인,2681.22,3410.39,4723.15,5563.2,6057.24,5973.66,6989.83,6358.04,5770.85,4380.93,3427.42,2311.08,1117.36,2432.38,2748.11,3480.87,3756.1,4485.4,4648.82,6304.34,4701.46,4314.54,3399.78,2973.28,2112.6,1171.21,20231228
41590,화성시,9,외국인,3.84,70.43,957.8,1972.65,2172.24,2116.82,1550.59,1070.68,1130.37,1027.53,700.12,314.19,80.24,6.24,33.78,360.34,668.13,714.62,773.09,699.28,585.66,576.38,380.87,287.86,173.99,55.36,20231227
41590,화성시,3,외국인,2.01,28.13,392.66,770.3,854.72,756.75,467.79,246.94,227.64,196.38,137.07,65.05,27.93,3.78,25.96,137.7,213.09,285.69,273.28,232.06,176.71,163.63,124.72,103.97,44.84,11.55,20231227
41590,화성시,22,내국인,5629.06,7411.7,6933.9,9235.12,10151.81,9644.01,12211.53,10456.31,9673.69,7004.06,5787.05,3570.56,1746.12,5069.9,6752.39,6640.63,7846.93,8659.15,8276.2,10660.59,8599.34,7684.92,6063.24,5004.82,3373.17,1838.15,20231202
41590,화성시,5,내국인,3370.43,3514.67,4002.91,5459.26,5983.69,5705.06,7014.71,6378.0,6120.84,4922.92,4216.63,2817.45,1537.2,3175.14,3106.31,3522.4,4618.98,5243.33,5017.37,6179.76,5136.84,4630.07,3858.66,3749.27,2618.48,1392.07,20231217
41590,화성시,17,내국인,10657.89,8838.7,8431.62,10720.69,11731.45,11158.95,14731.12,14074.86,14217.88,12398.85,10748.47,6796.77,3449.95,9853.49,8340.25,6757.21,7867.91,9361.46,10831.15,13839.36,11459.32,11013.66,9142.9,7542.96,5532.72,2910.05,20231226
41590,화성시,2,내국인,2736.22,2902.81,3290.33,4790.4,5127.52,4917.16,6207.75,5675.0,5290.73,3960.92,3325.11,2155.8,1180.66,2417.38,2431.66,2633.62,3091.3,3827.52,4066.82,5280.21,4306.59,4042.7,3054.15,2761.24,1899.72,1116.11,20231213
41590,화성시,2,내국인,2687.58,2767.93,3308.02,4900.33,5135.35,5212.28,6314.45,5742.49,4988.13,4133.17,3307.38,2274.03,1147.5,2267.95,2357.22,2745.47,3211.86,3795.65,4112.61,5578.03,4423.42,4170.37,3238.09,2939.13,2022.74,1119.17,20231214
41590,화성시,16,내국인,10561.57,8883.29,8225.74,10549.7,11806.8,10885.58,14279.6,14571.1,14931.86,13183.23,11689.16,7766.87,3954.52,9972.15,8181.99,6622.2,7506.31,9497.83,10504.24,14467.58,11711.06,11290.43,9532.54,8297.32,6137.39,3359.95,20231227
41590,화성시,15,외국인,5.46,53.26,1106.96,2586.37,2785.21,2137.99,1392.83,641.72,784.13,516.43,341.24,149.09,72.77,11.63,34.57,343.88,668.55,831.54,783.33,601.25,513.45,457.62,370.85,250.37,173.98,35.85,20231210
41590,화성시,9,내국인,7286.87,5302.52,5658.23,9958.93,11419.34,10326.57,13341.42,13384.32,14683.06,13986.24,12265.68,7957.54,3834.64,7143.09,4688.53,4440.42,5594.63,7576.96,8895.65,11946.92,10064.07,9752.07,8249.98,7742.12,5637.15,3294.7,20231213
41590,화성시,7,외국인,3.94,62.85,835.23,1657.34,1725.65,1876.33,1477.01,963.44,1049.85,1011.99,689.46,300.53,58.14,8.15,28.12,285.59,477.12,498.49,555.26,573.03,519.83,454.85,315.17,236.76,97.74,31.59,20231227
41590,화성시,5,내국인,2683.85,2514.36,2787.71,4724.37,5343.32,5276.0,7026.05,6529.96,6629.62,5406.19,4635.19,3082.08,1515.26,2318.85,2171.71,2643.16,2964.48,3920.25,4075.74,5377.22,4863.86,4435.28,3665.25,3535.6,2354.48,1405.52,20231212
41590,화성시,11,외국인,9.62,61.69,1018.0,2135.87,2420.14,2241.43,1720.62,1208.93,1144.05,1127.84,742.81,305.52,95.08,12.03,42.42,409.82,613.64,817.1,994.03,821.58,617.02,674.94,468.94,347.31,159.4,57.31,20231221
41590,화성시,0,외국인,1.69,27.77,348.33,736.32,856.56,751.72,501.18,247.65,200.18,140.79,94.6,47.48,21.39,8.16,13.75,122.55,228.89,319.79,312.4,254.96,158.41,207.6,143.07,91.54,47.81,16.06,20231216
41590,화성시,7,내국인,3630.68,3503.06,4384.28,8131.67,9380.64,8947.77,11417.91,11465.38,11816.54,11212.74,9449.47,5723.25,2747.2,3375.48,3069.07,3352.53,4759.45,6023.66,6229.67,8201.91,7175.9,7171.92,6048.47,5313.36,3891.93,2001.28,20231214
41590,화성시,1,내국인,3959.67,5105.63,6230.19,6971.44,7292.19,7087.31,8658.99,7361.25,6630.09,4900.48,3999.57,2775.57,1319.29,3771.8,3792.45,5391.09,6650.82,6776.87,6224.14,7542.1,5835.97,5586.51,4288.0,3634.26,2683.18,1510.32,20231225
41590,화성시,10,내국인,7685.49,6772.82,7115.44,9852.35,11381.45,10840.29,14574.83,14774.44,16447.21,15182.34,13328.15,9027.26,4295.16,7160.8,6142.7,5236.02,6370.26,8549.34,9796.43,13532.94,11090.0,10535.15,9215.6,8386.66,6483.93,3668.37,20231228
41590,화성시,19,내국인,9944.77,9179.4,7471.03,11884.38,12800.65,11637.97,15325.64,13963.49,13253.54,10407.87,8301.86,5036.76,2460.42,9124.66,8039.61,6529.77,8514.87,9633.23,10133.55,13586.27,10988.09,10168.01,7861.78,6268.98,4426.07,2173.06,20231207
41590,화성시,11,외국인,9.69,79.8,1057.76,2176.95,2366.09,2333.19,1836.66,1245.6,1221.54,1020.33,802.16,334.84,100.04,10.31,38.79,419.14,653.07,861.93,881.52,808.71,637.69,577.5,473.6,360.77,167.88,63.58,20231220
41590,화성시,15,내국인,11304.52,8121.65,7371.77,10296.81,11311.46,10660.35,14060.28,14264.01,15003.55,13634.79,12312.1,7873.28,4268.3,10281.05,7559.21,6228.85,7013.72,8605.64,9944.54,13700.31,11640.54,11318.86,9516.62,9019.27,6478.99,3630.32,20231208
41590,화성시,10,내국인,7340.96,5686.76,6610.42,10093.95,11488.28,10409.97,13906.96,14765.19,16086.63,14687.82,13439.18,8674.53,4477.74,7252.8,5594.42,5601.78,6125.85,7977.1,9611.81,12720.57,10554.26,10538.63,9164.25,8518.95,6291.95,3669.42,20231207
41590,화성시,21,내국인,6370.59,7531.32,6262.38,9921.92,10953.05,10228.9,12689.43,11096.26,10527.25,7576.97,5871.63,3690.73,1752.67,5767.86,6367.37,5520.29,7003.0,8276.31,8586.52,10910.96,9193.47,8181.03,6044.61,4844.99,3573.11,1778.14,20231204
41590,화성시,14,내국인,8772.91,7511.02,8038.33,10834.4,12111.56,11146.92,15433.02,15512.55,16783.95,15373.69,13991.35,8953.78,4590.59,8642.25,6721.3,6089.61,7273.37,9315.7,10561.08,14048.1,12033.26,11873.08,10579.75,9558.87,7026.16,3794.98,20231228
41590,화성시,6,외국인,1.69,30.51,463.31,1091.84,1081.22,825.12,638.03,328.81,311.22,256.83,209.36,77.89,25.33,6.15,20.13,154.38,262.05,349.3,301.8,211.08,196.09,189.84,170.14,119.81,77.11,22.53,20231217
41590,화성시,3,외국인,3.54,23.95,518.47,1300.18,1259.28,900.81,604.13,230.96,224.07,179.7,146.78,88.68,41.34,6.28,21.84,177.23,276.13,352.52,334.52,221.77,207.47,183.98,160.88,101.91,65.18,9.96,20231224
41590,화성시,11,외국인,9.53,55.83,860.18,2076.85,2200.25,2192.47,1546.93,1107.76,1169.8,1108.05,696.01,318.23,74.39,6.15,35.05,378.53,578.4,678.04,795.37,658.7,571.81,533.68,508.24,271.89,162.44,62.73,20231209
41590,화성시,8,외국인,3.54,50.48,597.61,1463.87,1563.56,1198.26,831.56,457.59,479.8,348.27,278.49,147.35,43.79,7.97,23.61,219.51,306.93,446.14,448.57,345.99,314.96,312.07,281.93,183.45,95.98,30.1,20231224
41590,화성시,22,외국인,3.71,24.14,748.23,1733.77,1761.52,1402.14,926.01,466.73,425.39,295.67,241.16,134.35,41.93,8.3,38.99,390.97,515.57,569.1,583.01,402.52,322.19,300.08,214.26,127.51,108.83,17.82,20231222
41590,화성시,3,외국인,4.08,9.62,348.4,737.0,883.85,725.13,451.13,195.96,243.39,215.06,109.55,58.84,33.6,4.15,14.2,157.47,196.86,278.22,303.89,213.14,185.26,152.07,158.8,84.05,56.03,13.32,20231221
41590,화성시,20,외국인,1.69,51.96,960.89,2087.64,2166.13,1824.22,1073.24,572.6,554.52,376.04,275.69,106.66,47.33,17.85,43.35,370.68,564.51,741.65,641.1,546.54,426.51,411.8,307.44,189.18,117.72,28.1,20231215
41590,화성시,1,내국인,3525.54,4267.1,4712.74,6647.4,7249.47,6720.34,8381.18,7109.68,6305.79,5210.95,3910.94,2645.06,1327.9,3263.06,3460.39,4395.55,5550.86,5705.31,5675.49,7185.96,5605.47,5137.6,4018.75,3675.67,2417.28,1423.36,20231210
41590,화성시,6,외국인,3.93,26.79,509.1,1224.55,1213.14,987.79,683.04,332.13,388.41,349.42,244.66,135.77,48.82,4.15,22.16,143.31,296.12,322.67,274.48,285.64,234.18,207.39,188.94,111.42,54.47,27.41,20231225
41590,화성시,14,내국인,8960.21,8847.53,7470.79,10276.92,11675.13,10880.21,14788.82,14412.51,15242.02,13794.75,12288.9,8066.49,4058.6,8516.93,8198.36,5977.44,7241.02,8752.24,10452.97,14147.73,11873.09,11797.64,9735.43,8824.96,6584.75,3972.12,20231222
41590,화성시,13,내국인,8268.49,7169.72,8129.93,11160.02,12577.16,11826.37,15797.84,15890.33,16757.67,15492.14,14394.0,9217.79,4915.03,7954.17,6450.45,6504.06,7862.86,9610.82,10717.93,14625.33,12453.26,12183.55,10685.29,9319.89,6939.35,4068.19,20231226
41590,화성시,1,외국인,3.45,34.4,389.82,866.9,854.68,773.15,489.32,261.83,266.35,194.08,119.6,48.54,15.17,10.3,14.57,222.84,303.64,296.67,347.33,234.71,182.35,187.48,143.78,107.96,42.3,20.27,20231202
41590,화성시,7,내국인,3445.0,3850.83,4105.58,5987.77,6705.5,6662.31,8717.46,8002.24,8520.93,6803.67,5810.79,3905.97,1952.98,3171.96,3291.04,3779.57,4852.39,5650.39,5441.87,7098.46,6285.61,6010.3,5191.56,4764.73,3303.95,1817.96,20231203
41590,화성시,11,내국인,7184.33,6368.56,7083.53,11272.1,12881.99,11460.7,15744.15,16248.76,17762.21,16374.61,14729.37,9427.14,4870.08,6963.63,6029.45,6202.97,7051.99,8759.89,10396.25,13524.98,11593.05,11641.12,10101.84,8983.37,6766.35,4115.25,20231204
41590,화성시,4,외국인,0.0,22.33,330.51,658.35,736.92,653.98,427.5,226.41,232.92,174.4,127.97,48.27,25.64,2.07,12.57,78.66,168.67,273.86,273.78,200.69,167.25,132.02,108.85,98.24,50.82,9.84,20231214
41590,화성시,5,내국인,3820.71,3889.5,4919.47,5947.05,6188.11,5852.78,7365.48,6912.98,6421.63,5214.68,4315.7,2963.92,1698.84,3549.15,3381.05,4327.2,5117.77,5340.31,5370.11,6558.17,5374.34,5286.18,4405.19,4156.31,2841.19,1539.24,20231231
41590,화성시,22,내국인,6068.55,7340.22,7847.47,9350.28,10545.83,10652.57,12554.83,10754.07,9762.33,7235.81,6012.49,3887.45,1949.12,5707.45,6244.0,7266.88,9408.25,9832.16,9216.66,11514.88,9002.7,8196.25,6306.33,5372.54,3861.76,2070.54,20231224
41590,화성시,19,외국인,3.84,54.62,760.95,1706.26,1814.33,1591.9,962.05,542.45,636.22,467.43,236.41,107.31,39.78,13.64,37.28,381.93,534.33,660.19,677.85,506.2,380.03,407.03,309.56,185.09,87.93,33.56,20231206
41590,화성시,23,외국인,0.0,46.99,537.76,1201.78,1185.46,1044.02,652.76,314.61,316.79,208.93,184.32,96.09,22.19,6.22,21.16,240.83,352.02,398.83,414.63,293.4,205.05,202.14,186.82,112.96,68.44,7.43,20231225
41590,화성시,18,내국인,8138.27,9015.49,8072.54,10084.14,11226.94,11302.37,14777.06,13118.4,12545.92,10012.5,7959.06,5075.2,2524.17,7759.12,7630.82,7011.63,8637.18,10345.11,10747.39,13546.47,10944.03,9961.9,7864.44,6748.07,4528.56,2443.43,20231216
41590,화성시,8,내국인,8008.69,6477.9,6042.79,8792.77,9913.72,9458.89,12595.66,12623.65,13391.36,12009.48,10098.02,6877.98,3172.46,7613.19,5943.22,4453.98,5659.31,6824.54,7745.99,10511.27,8737.45,8456.93,7112.97,6588.17,4717.14,2569.43,20231229
41590,화성시,2,외국인,1.69,42.06,482.29,1133.01,1267.67,948.86,575.9,253.91,238.44,201.74,89.99,52.91,33.67,3.71,22.23,165.89,326.89,382.3,359.1,256.92,183.57,167.39,138.33,103.09,63.06,22.67,20231210
41590,화성시,19,내국인,8862.73,8194.38,7353.7,10988.34,12278.38,11045.93,14372.79,13200.33,12394.33,9942.02,7799.71,4871.77,2380.54,8226.15,7506.31,6090.2,8022.66,9523.57,9805.45,12810.63,10619.22,9721.16,7304.04,6066.36,4313.53,2217.5,20231204
41590,화성시,2,내국인,3040.28,3797.99,4140.37,6070.55,5836.24,5649.08,6972.23,6203.42,5547.43,4305.94,3483.05,2230.87,1191.44,2796.74,3149.48,3787.01,4408.16,4763.98,4865.97,6258.85,4881.05,4581.79,3761.33,3252.38,2362.56,1437.36,20231202
41590,화성시,7,외국인,5.95,51.0,710.63,1570.32,1799.77,1788.95,1358.51,960.79,924.79,871.82,599.37,214.88,80.84,4.15,28.78,310.98,434.29,578.54,606.93,538.64,485.69,451.38,320.92,265.15,116.82,32.0,20231221
41590,화성시,9,내국인,7375.23,6040.73,5721.28,9422.29,11294.68,9934.45,13518.74,13308.69,14133.42,13147.65,11627.87,7181.95,3466.06,7023.38,5630.93,4590.29,6040.75,7598.28,8605.78,11645.7,9703.84,9341.52,8147.82,7490.54,5399.28,3065.85,20231218
41590,화성시,20,내국인,7759.64,7733.03,7239.65,11522.96,12770.36,11801.61,14650.44,13190.17,12377.57,9617.17,7120.41,4507.57,2233.25,6759.32,6573.92,6308.65,8417.53,9425.75,9880.72,12383.9,10747.97,9622.77,7212.35,5792.6,3964.17,2075.72,20231212
41590,화성시,17,외국인,11.48,53.42,915.93,2110.21,2204.95,1917.53,1421.76,884.3,916.76,610.25,410.61,164.97,57.79,22.15,42.81,431.14,670.93,836.83,844.41,721.88,601.47,601.48,434.02,266.51,139.16,46.33,20231214
41590,화성시,9,외국인,5.62,41.23,682.29,1682.97,1767.96,1707.76,1337.36,932.87,966.36,867.29,531.39,252.35,70.35,8.16,21.74,265.31,418.19,572.14,547.63,500.3,413.81,475.16,334.99,267.45,138.56,58.51,20231209
41590,화성시,7,내국인,3627.44,3882.99,4995.31,6554.62,7436.99,7328.9,8864.73,8914.52,9222.26,7835.61,6581.71,4479.27,2208.3,3363.17,3414.71,4314.19,4963.15,5734.09,5712.06,7408.25,6357.56,6151.11,5269.94,4842.94,3534.6,2025.21,20231230
41590,화성시,18,외국인,5.53,52.25,787.95,1669.15,1832.84,1606.66,986.31,656.41,639.27,465.4,281.44,112.6,53.32,19.64,31.81,394.19,550.58,710.48,770.95,598.21,518.39,433.54,343.63,196.9,105.1,33.21,20231204
41590,화성시,6,내국인,3850.94,4136.24,4993.95,6012.9,6471.62,6207.29,7677.93,7464.17,7117.75,5913.95,4791.35,3439.81,1882.99,3627.46,3518.35,4418.61,5218.96,5538.82,5570.13,7017.09,5787.69,5705.05,4762.51,4436.91,3166.17,1625.69,20231231
41590,화성시,1,내국인,2809.75,2958.0,3515.86,4879.23,5253.03,5282.65,6524.04,5582.74,5076.6,3959.81,3289.12,2188.93,1227.74,2388.28,2691.01,3159.31,3736.47,4076.97,4343.66,5707.55,4586.47,4246.14,3341.44,2900.74,2048.31,1175.54,20231204
41590,화성시,1,외국인,2.01,21.44,299.4,762.57,895.18,727.86,475.41,235.93,259.39,189.64,114.01,75.06,31.67,4.15,16.17,170.89,209.12,280.3,337.13,238.69,197.68,177.54,111.08,96.19,57.49,15.8,20231221
41590,화성시,0,외국인,0.0,20.05,240.42,584.07,711.49,594.65,399.48,188.4,231.41,127.21,101.07,44.14,31.17,2.0,12.13,153.61,206.37,250.34,297.83,191.9,174.23,172.11,106.25,86.16,38.29,13.86,20231208
41590,화성시,7,외국인,3.45,38.13,443.99,1312.85,1196.01,1160.87,716.9,445.25,473.2,413.75,222.78,117.26,29.31,6.22,9.99,177.92,310.35,384.33,304.31,282.16,235.22,226.94,200.99,128.19,85.09,26.46,20231203
41590,화성시,20,내국인,7738.8,8590.83,6747.52,11302.33,12071.98,11413.94,14540.73,13006.66,12328.64,9100.72,7049.02,4467.53,1976.46,7217.24,7489.03,6211.13,8370.67,9351.39,9514.73,12383.75,10624.79,9342.7,7094.55,5743.87,3776.87,1953.95,20231205
41590,화성시,5,내국인,2684.35,2488.87,2922.45,4675.84,5180.11,5243.06,6895.08,6412.5,6409.52,5385.68,4551.89,3192.89,1599.13,2381.66,2307.39,2698.22,3291.57,3898.12,4162.69,5686.46,4510.33,4648.99,3811.34,3574.67,2424.06,1438.59,20231204
41590,화성시,12,내국인,7598.53,6701.68,8015.03,12583.41,14382.28,12896.6,16968.18,17493.85,18648.23,16655.55,15448.5,9812.88,4860.05,7348.85,6495.85,6425.71,8292.05,10126.35,11315.37,15068.94,12889.36,12491.15,10645.72,9430.31,6854.85,4080.55,20231208
41590,화성시,3,내국인,2714.94,2686.75,3164.39,4619.82,4904.26,4914.29,6154.9,5602.47,4976.44,4118.62,3372.02,2341.33,1144.73,2223.8,2165.98,2510.9,3095.04,3705.32,3947.55,5284.89,4313.19,4160.17,3188.72,2941.87,1974.34,1063.07,20231214
41590,화성시,5,내국인,2747.91,3006.08,3249.51,4839.84,5327.86,5484.43,7098.1,6545.65,6771.07,5272.01,4531.57,3001.11,1544.67,2533.31,2425.71,2877.88,3450.06,4143.28,4381.8,5614.55,4899.13,4693.82,3754.07,3611.8,2523.69,1468.29,20231218
41590,화성시,22,외국인,0.0,58.0,611.41,1453.71,1489.5,1168.13,682.42,419.5,367.05,249.32,200.92,84.83,28.08,4.08,30.32,302.43,391.24,496.88,442.77,328.98,224.51,256.38,225.6,141.36,110.13,38.16,20231217
41590,화성시,3,내국인,3742.49,4464.87,5357.0,6090.86,6445.82,6134.93,7338.29,6434.01,5920.18,4557.77,3747.74,2667.57,1286.29,3483.17,3378.84,4649.39,5893.33,5824.7,5433.43,6651.16,5130.63,4930.69,3947.97,3479.58,2559.46,1430.41,20231225
41590,화성시,1,외국인,0.0,26.55,329.26,685.64,784.05,732.22,440.09,252.88,209.65,148.55,114.23,37.11,15.01,4.08,16.36,154.97,197.02,340.34,276.87,238.85,189.9,152.52,118.87,88.83,44.02,14.32,20231212
41590,화성시,7,외국인,1.7,43.27,710.7,1600.23,1626.86,1227.27,751.02,382.37,387.47,278.95,205.82,114.28,29.94,6.15,20.17,206.47,378.56,428.38,432.28,305.58,243.62,238.32,226.07,183.79,120.66,27.97,20231231
41590,화성시,8,외국인,1.69,40.37,559.82,1406.32,1504.71,1291.13,899.85,514.44,536.48,431.61,326.56,113.06,56.28,3.71,16.6,195.05,375.8,450.23,410.41,331.19,287.42,308.51,257.66,163.28,120.87,36.52,20231210
41590,화성시,0,외국인,2.01,30.2,420.91,818.86,735.22,755.22,439.31,256.26,245.08,179.22,105.12,50.78,27.06,0.0,17.69,135.16,206.73,273.51,304.24,259.12,200.7,181.65,137.93,92.94,44.41,10.08,20231229
41590,화성시,13,내국인,7351.45,6751.89,7395.98,10976.33,12137.17,11250.09,14959.97,15433.72,16537.4,15178.9,14110.75,9296.11,4728.09,7261.05,6442.81,6734.3,7034.06,8486.84,10062.92,13389.01,11497.01,11735.4,10225.71,9406.96,6823.68,3932.54,20231204
41590,화성시,9,내국인,7555.52,5792.15,5087.95,9044.22,10517.92,10110.48,13153.01,12931.28,13469.72,11997.85,10814.68,6881.14,3349.88,6843.8,5006.54,4274.31,5752.25,7326.23,8664.67,11542.78,9208.76,8977.28,7793.7,7259.6,5363.0,2973.51,20231215
41590,화성시,13,외국인,11.14,66.44,939.97,1886.97,1961.95,1913.34,1612.65,1111.36,1152.96,1028.52,700.87,305.77,61.69,13.69,28.11,389.78,648.07,835.6,935.64,724.92,640.26,666.02,499.09,377.95,164.89,86.44,20231205
41590,화성시,23,외국인,0.0,30.08,443.83,1011.38,1080.87,955.91,564.13,324.64,334.08,235.46,149.82,68.33,32.05,2.0,15.65,251.55,282.89,358.64,408.67,286.74,197.58,216.44,164.27,110.67,49.09,15.31,20231207
41590,화성시,21,외국인,6.01,50.74,865.91,1725.52,1715.62,1419.84,908.69,554.83,437.84,314.93,238.5,117.51,24.08,9.87,44.47,353.58,462.03,583.06,584.98,489.36,352.44,376.17,264.66,198.89,92.23,32.96,20231227
41590,화성시,15,외국인,0.0,63.85,1003.48,2402.24,2423.57,1949.42,1250.76,742.5,661.46,480.15,332.69,199.01,46.9,17.15,37.47,403.98,505.66,779.73,716.66,606.76,499.67,469.19,408.5,232.6,152.2,57.13,20231230
41590,화성시,20,내국인,7831.68,7638.09,6735.52,10360.31,11580.0,11003.75,13985.34,12264.56,11613.62,8688.59,6964.62,4288.91,2097.53,7006.31,6457.94,5859.57,7900.43,9140.69,9331.91,12002.13,9949.42,9274.79,6857.1,5611.48,3719.96,2059.01,20231211
41590,화성시,3,외국인,3.76,23.74,339.35,777.56,873.22,667.61,546.44,214.29,255.73,174.94,128.4,67.14,17.88,2.07,15.87,174.96,249.58,319.07,291.68,216.78,157.08,159.88,132.88,99.75,66.93,22.03,20231209
41590,화성시,14,외국인,8.62,43.1,926.86,2593.15,2621.82,2134.88,1263.45,696.49,701.75,525.22,342.49,178.48,45.42,13.56,27.6,355.54,626.82,786.64,763.8,516.79,481.55,433.86,423.07,242.57,172.71,50.25,20231203
41590,화성시,16,내국인,10997.37,8133.94,7266.42,9958.26,10816.81,10162.3,13769.59,13858.45,14116.31,12526.97,11036.09,7195.55,3643.53,10134.61,7721.84,6037.26,6777.34,8856.25,9872.23,13652.99,10757.37,10939.45,9214.38,8122.7,5809.56,3208.5,20231201
41590,화성시,13,외국인,7.68,82.22,1014.37,2185.34,2220.92,2127.53,1666.91,1136.22,1134.37,1010.32,743.43,315.73,92.26,17.96,47.6,446.06,701.84,878.95,910.06,788.92,671.91,674.46,472.62,360.33,191.52,52.06,20231226
41590,화성시,0,외국인,2.07,36.71,356.96,607.47,637.14,579.66,387.22,180.23,212.17,130.81,112.84,58.98,16.16,2.07,25.44,147.76,216.59,239.82,275.42,185.16,162.98,127.62,140.01,100.05,29.28,9.5,20231226
41590,화성시,9,외국인,5.4,56.69,685.18,1623.75,1680.0,1674.79,1261.29,803.91,796.15,710.66,524.4,243.62,56.96,16.07,26.68,216.77,467.25,617.84,546.22,465.41,459.37,449.81,340.29,245.81,144.96,60.8,20231216
41590,화성시,14,외국인,6.22,70.03,1005.3,2016.1,2139.2,1994.71,1608.98,1079.21,1071.75,922.78,664.78,218.42,102.81,15.8,39.87,410.29,647.13,803.13,886.82,792.6,653.71,656.05,520.18,312.61,163.61,60.31,20231220
41590,화성시,5,외국인,2.07,22.15,454.94,845.48,881.22,871.41,539.56,329.32,376.74,314.97,211.63,75.43,40.9,0.0,18.05,115.68,209.33,301.54,346.75,276.4,216.39,207.94,169.31,112.74,55.68,13.35,20231229
41590,화성시,1,내국인,2788.09,3055.97,3606.41,5466.64,5716.15,5612.55,6824.51,6245.75,5456.49,4343.41,3410.16,2392.01,1209.18,2460.83,2542.6,2914.33,3364.67,4336.12,4499.62,5926.26,4737.13,4388.1,3366.0,3098.06,2093.56,1122.35,20231214
41590,화성시,4,내국인,3240.82,3704.35,4764.55,5575.32,6062.18,5683.59,6906.58,6418.49,5978.24,4777.35,3845.47,2798.61,1371.44,2984.46,3020.4,3827.03,4340.76,4864.0,4955.1,6140.25,4863.71,4682.31,3884.35,3422.7,2568.63,1377.37,20231230
41590,화성시,1,외국인,0.0,22.17,346.4,767.99,794.25,692.65,469.95,236.42,252.45,134.17,106.65,40.63,33.2,4.15,12.26,98.21,220.29,276.1,280.26,242.33,158.28,134.24,137.64,101.78,46.29,19.35,20231214
41590,화성시,18,내국인,9673.07,8136.93,7162.11,10953.74,12022.06,10974.98,13952.72,13214.65,12820.94,10486.68,8254.51,5273.36,2678.31,8899.62,7720.86,6010.68,7942.02,9326.06,10047.8,13093.71,10621.77,10310.72,7797.99,6508.2,4301.37,2287.23,20231211
41590,화성시,10,외국인,9.62,71.51,963.05,2004.67,2237.75,2076.28,1562.54,1013.92,1008.32,942.58,665.08,292.78,87.38,12.24,42.54,392.37,585.76,765.51,870.6,720.89,584.22,616.88,438.88,345.38,169.44,56.94,20231221
41590,화성시,22,외국인,0.0,38.06,777.11,1522.47,1551.41,1304.15,806.12,427.63,399.48,296.46,212.91,114.7,49.09,6.15,33.05,342.03,461.35,486.31,498.88,358.54,327.58,327.5,253.96,125.83,106.97,13.27,20231221
41590,화성시,12,외국인,7.31,84.65,1190.13,2425.78,2613.92,2558.8,1912.82,1354.35,1317.27,1136.57,783.82,357.31,110.33,8.24,48.39,477.27,775.57,997.85,1076.94,998.74,767.91,727.32,559.98,361.15,168.75,59.6,20231220
41590,화성시,2,외국인,3.45,31.98,333.77,806.23,861.52,708.79,438.78,246.47,253.9,158.03,116.7,46.64,11.93,8.23,16.69,201.99,281.78,295.48,315.57,207.37,177.56,193.88,141.44,100.27,42.81,16.4,20231202
41590,화성시,0,내국인,2286.2,2885.2,3093.24,4877.11,5100.27,5311.74,6567.96,5760.85,5136.84,3924.76,3011.03,2025.67,1022.38,2199.13,2336.32,2706.5,3092.73,3824.45,4211.15,5396.83,4330.07,3996.73,3051.16,2641.08,1902.56,1017.12,20231205
41590,화성시,4,외국인,0.0,20.0,295.53,652.4,718.23,613.56,435.87,244.27,250.99,198.07,84.04,61.55,25.41,4.01,12.15,139.44,203.51,277.55,291.53,192.74,196.46,164.88,127.89,105.11,43.6,18.22,20231201
41590,화성시,17,내국인,10371.23,8976.65,8702.47,10874.51,11892.69,11684.71,15132.41,14208.49,14636.74,12528.66,10577.81,6979.97,3361.17,10212.16,9131.38,6744.47,7839.49,9515.54,10563.06,13960.17,11737.5,11277.72,9231.02,7686.43,5502.13,2888.92,20231228
41590,화성시,20,외국인,5.11,75.1,1221.47,2616.33,2695.36,1994.33,1041.02,516.71,529.91,339.39,266.49,110.37,25.66,11.65,39.06,393.45,622.82,689.79,746.68,541.23,393.42,371.73,340.52,219.46,129.24,35.88,20231230
41590,화성시,3,내국인,3401.58,3744.74,4961.55,5897.4,6287.56,5687.05,6844.61,6360.3,5908.03,4566.29,3632.6,2686.05,1302.45,3039.07,3176.02,3991.61,4433.58,4850.57,5012.71,6189.83,4978.14,4694.78,3792.91,3349.35,2537.2,1388.43,20231230
41590,화성시,4,외국인,0.0,20.27,280.54,668.07,792.98,590.53,414.76,223.01,260.01,163.85,97.55,60.8,26.22,9.93,7.96,121.14,191.62,280.93,248.88,194.73,174.14,134.79,105.44,82.25,54.42,21.37,20231206
41590,화성시,0,내국인,2542.22,3601.85,4834.3,5236.21,5640.15,5469.13,6674.26,5700.87,5027.14,3973.18,3074.4,2120.61,1123.19,2467.47,2894.19,4021.84,4091.17,4652.43,4600.85,5904.93,4558.77,4439.55,3328.85,2944.96,2048.04,1179.14,20231226
41590,화성시,16,내국인,10641.81,7975.9,6721.57,10086.27,11208.55,10209.52,13551.25,13400.14,13532.13,11825.57,10300.44,6850.39,3429.22,9967.37,7595.87,5520.55,6611.25,8428.21,9693.2,13244.09,10664.08,10230.0,8763.03,7583.11,5345.22,2839.66,20231211
41590,화성시,4,외국인,6.01,21.86,486.19,1158.35,1170.4,812.01,527.7,233.61,197.14,187.42,149.13,78.57,27.75,4.15,26.31,173.29,277.14,296.85,258.62,240.33,191.72,181.9,162.54,97.49,49.91,25.08,20231225
41590,화성시,21,외국인,0.0,42.61,753.29,1664.28,1752.11,1351.89,739.78,466.64,382.64,289.75,192.34,88.18,31.85,14.45,36.81,303.06,422.72,562.17,512.62,378.39,286.44,304.75,289.37,163.81,122.66,36.0,20231217
41590,화성시,20,외국인,2.01,50.29,876.07,1795.13,1831.14,1590.36,882.23,480.31,460.67,348.88,275.13,119.69,23.91,4.08,30.32,373.99,510.68,585.45,544.63,487.13,337.65,322.95,293.42,156.73,94.68,24.8,20231225
41590,화성시,4,내국인,2616.55,2816.66,3243.74,4677.85,5121.13,4802.6,6400.94,5870.92,5555.75,4605.33,3658.62,2539.58,1316.23,2512.65,2322.44,2622.05,3386.62,3798.31,3895.84,5497.21,4375.91,4450.76,3369.55,2949.13,2217.34,1245.02,20231220
41590,화성시,19,외국인,2.07,34.35,843.67,2119.95,2185.2,1692.94,1061.45,477.53,496.31,354.54,274.94,111.54,29.49,16.08,35.32,361.18,566.93,708.31,656.68,497.63,359.88,370.93,318.22,178.25,148.37,36.05,20231210
41590,화성시,7,외국인,2.01,30.53,673.65,1486.1,1473.78,1501.3,1062.43,821.76,853.21,743.86,478.86,173.43,45.81,2.07,16.28,229.72,407.68,509.7,547.03,482.89,409.67,439.54,302.18,230.73,116.55,32.31,20231211
41590,화성시,16,외국인,1.76,67.81,1092.86,2431.7,2553.13,2088.13,1302.21,789.55,733.23,540.17,418.08,204.12,55.36,18.46,50.46,409.16,632.78,724.02,842.12,601.27,511.47,497.14,354.58,242.4,189.64,40.54,20231223
41590,화성시,6,내국인,3065.7,3117.29,3900.72,6075.62,7023.71,7090.74,9151.9,8860.48,9693.8,8241.19,6839.09,4159.51,1925.57,2552.23,2676.5,3070.24,3886.8,4797.49,5041.52,6747.31,6026.14,5848.82,4887.72,4187.26,3002.89,1605.01,20231221
41590,화성시,15,내국인,9449.01,8085.54,7272.04,9523.79,10378.18,10805.57,14703.23,13267.57,13393.37,11044.26,9029.5,6169.25,2930.9,8983.97,7151.04,6585.81,7951.54,9988.62,10338.51,13469.61,10872.13,10444.46,8690.95,7492.81,5029.81,2916.52,20231216
41590,화성시,0,외국인,0.0,16.22,299.89,645.16,638.16,624.12,367.26,201.05,190.92,143.93,88.47,50.94,13.16,4.08,12.19,134.42,170.57,276.97,240.48,206.99,159.44,151.36,156.35,63.73,53.56,12.59,20231212
41590,화성시,15,외국인,17.68,81.6,1066.94,2008.14,2180.17,2140.84,1674.68,1141.83,1118.11,988.51,718.67,284.5,101.9,15.63,29.96,388.42,625.44,865.79,926.22,739.94,647.17,675.76,504.67,302.12,172.06,50.01,20231219
41590,화성시,4,내국인,2723.25,2677.77,2947.16,4613.53,4779.21,4929.24,6277.75,5760.92,5115.32,4381.28,3537.69,2465.07,1331.57,2354.93,2284.05,2559.81,3133.04,3792.8,3883.92,5166.69,4502.48,4192.7,3310.27,3090.83,2047.16,1153.5,20231215
41590,화성시,13,외국인,9.16,67.41,1124.47,2104.17,2321.1,2104.99,1699.29,1108.66,1148.44,1020.93,815.7,275.32,84.72,20.25,38.23,461.86,690.49,824.22,939.58,848.63,669.51,694.82,433.61,323.36,163.26,52.55,20231228
41590,화성시,1,내국인,2943.0,3415.78,4346.95,5542.4,5980.43,5791.63,6990.36,6475.08,5994.97,4362.35,3600.38,2458.82,1185.76,2883.07,3004.23,3591.93,3821.08,4506.33,4559.99,6366.56,4804.68,4625.01,3659.91,3017.06,2222.29,1228.13,20231222
41590,화성시,21,외국인,0.0,44.97,673.57,1580.81,1608.6,1387.9,862.4,440.16,521.51,320.38,257.56,103.46,43.54,12.09,44.29,323.62,477.73,559.66,563.33,438.56,293.98,341.38,239.52,160.15,81.45,33.83,20231213
41590,화성시,7,외국인,0.0,56.04,683.76,1546.64,1547.05,1653.26,1353.11,904.27,1090.28,1003.98,645.5,240.25,64.22,0.0,12.5,265.5,402.47,573.65,631.08,540.58,453.73,479.82,362.57,232.79,108.27,36.1,20231208
41590,화성시,5,내국인,2878.83,2994.97,4199.59,5194.84,5773.05,5749.39,7479.21,6826.19,6865.77,5762.35,4848.44,3330.92,1529.1,2615.9,2652.41,3239.58,3391.63,4246.92,4515.81,6090.38,4816.6,4771.03,3908.13,3630.46,2684.8,1411.86,20231228
41590,화성시,15,외국인,5.54,72.75,1046.52,2097.83,2186.5,2091.79,1589.03,1036.01,1085.74,913.81,651.59,241.28,99.98,15.34,40.85,424.32,674.79,806.9,971.78,815.49,606.2,695.8,465.2,281.83,175.3,55.09,20231220
41590,화성시,23,외국인,0.0,39.81,461.51,1057.01,1117.28,951.17,573.16,319.44,314.99,202.34,167.18,55.77,23.51,8.23,17.5,220.8,340.48,357.39,365.12,244.86,191.96,191.65,158.56,103.54,97.34,24.01,20231210
41590,화성시,18,내국인,9950.32,9031.88,8759.16,11223.96,12053.32,11845.58,14939.38,14145.16,13542.0,11436.42,9443.9,5906.33,3032.99,9322.34,8359.92,7186.58,8643.71,9864.34,10573.98,13907.4,11492.77,10846.79,8469.01,6980.78,4996.58,2510.03,20231226
41590,화성시,12,외국인,10.78,56.95,830.85,2190.59,2529.2,2042.42,1252.57,729.28,713.24,609.35,415.27,165.42,47.47,10.23,10.23,345.08,602.42,755.07,692.39,491.86,519.97,438.52,341.98,258.28,151.26,52.43,20231203
41590,화성시,7,외국인,6.08,47.24,779.16,1607.66,1767.08,1639.58,1329.14,966.92,1113.0,1018.18,683.09,264.23,83.71,4.01,13.89,257.99,438.69,607.14,573.45,576.45,501.11,486.23,364.05,264.58,83.27,41.52,20231213
41590,화성시,7,내국인,3379.35,3822.08,4614.72,8005.45,9405.75,8753.5,11435.69,11024.83,11801.66,10479.37,8905.8,5326.08,2503.37,3637.6,3221.39,3716.02,4816.76,5933.34,6100.71,8507.57,7101.41,7040.64,6013.75,5347.75,3768.14,2091.8,20231220
41590,화성시,17,외국인,9.02,53.02,986.33,2570.06,2697.62,2074.72,1256.52,571.32,593.62,360.54,304.7,136.05,58.62,10.16,43.78,375.66,635.71,769.81,755.86,512.01,405.29,383.37,345.48,208.11,172.0,40.83,20231210
41590,화성시,17,외국인,11.07,92.21,1045.91,2244.75,2381.08,2140.73,1496.8,844.2,877.97,670.43,481.86,182.69,67.22,13.92,59.49,481.92,679.97,930.34,884.99,697.04,609.42,591.1,442.94,254.21,132.94,30.42,20231219
41590,화성시,9,내국인,7444.61,6354.92,5760.33,9486.15,11191.01,10192.91,13590.39,13405.82,14427.28,12878.07,11309.4,7132.69,3563.56,7032.89,5276.86,4368.92,5976.01,7489.79,8784.17,11926.67,9874.45,9269.1,7971.37,7411.04,5422.77,2987.26,20231220
41590,화성시,13,외국인,6.85,49.23,966.85,2392.94,2646.32,2053.86,1232.87,667.79,658.55,517.22,378.56,163.54,49.38,12.02,13.85,365.23,604.37,829.01,735.39,573.12,423.7,413.2,366.26,265.08,144.8,44.22,20240121
41590,화성시,9,내국인,5056.78,4774.05,5326.82,7363.16,8534.05,8993.24,11410.98,10497.42,10467.03,8416.52,7218.08,4956.2,2530.96,4334.05,4604.26,4916.84,6285.64,7665.94,7800.53,9999.04,8303.92,8041.42,7107.0,6394.96,4567.06,2508.73,20240114
41590,화성시,13,내국인,8309.91,7573.81,8246.27,11512.53,12779.15,11800.86,16200.21,16259.44,17247.19,15973.64,14551.83,9390.5,4753.71,8073.02,6676.0,6308.52,7771.19,9710.42,10896.8,14565.45,12469.29,12451.94,10685.28,9540.03,7065.41,4013.74,20240121
41590,화성시,21,내국인,7016.84,9046.77,7317.31,10704.8,11844.53,11461.81,14065.6,12585.91,11560.66,8530.57,6490.86,4061.14,1801.98,6526.4,7513.72,6564.41,8445.59,9587.63,9748.81,12549.28,10317.78,9256.31,7058.07,5709.77,3938.22,2126.94,20240101
41590,화성시,1,내국인,3577.44,4161.55,5083.57,6916.36,7033.38,6600.04,7994.13,6672.69,6618.71,4917.8,4088.11,2696.29,1374.06,3508.35,3393.28,4318.77,5503.51,6100.01,5706.06,7183.48,5797.32,4997.24,4119.48,3799.38,2580.06,1317.09,20240118
41590,화성시,11,내국인,6390.18,6856.37,7518.83,8726.72,10338.18,10202.98,13487.33,12106.83,12558.21,10045.81,8589.25,6349.51,3437.39,6029.2,6085.4,6733.52,8122.66,9465.07,9971.0,13277.89,10859.47,10794.02,9371.8,8531.16,6027.58,3584.63,20240110
41590,화성시,11,외국인,11.76,58.9,912.44,2052.69,2171.73,1999.95,1571.92,941.26,1086.39,925.25,611.72,218.6,74.46,9.64,28.5,358.57,639.18,792.85,830.82,717.51,602.2,647.82,406.46,317.34,155.55,47.48,20240129
41590,화성시,19,외국인,6.22,73.5,1081.6,2401.85,2436.51,2030.88,1275.18,735.53,662.22,444.25,306.94,104.29,38.05,16.16,60.34,474.57,593.37,814.18,809.56,567.68,537.11,442.0,395.45,221.87,145.75,20.13,20240101
41590,화성시,11,내국인,7668.02,7299.65,6636.29,11065.23,12819.93,11991.53,15453.06,15791.57,16663.98,14848.53,13460.33,8518.83,4099.55,6976.88,6303.09,5442.43,7106.38,8650.22,10202.83,14034.77,11341.32,11312.79,9492.37,8677.16,6323.38,3714.52,20240108
41590,화성시,1,외국인,0.0,17.36,312.69,679.9,852.69,634.08,424.78,226.84,245.04,148.85,100.61,52.32,30.17,7.86,7.96,121.46,219.28,329.0,312.54,188.73,176.23,153.32,117.36,94.75,49.55,17.53,20240107
41590,화성시,23,외국인,1.76,22.29,408.28,944.81,1011.28,835.89,548.96,284.84,294.77,202.2,159.93,73.39,6.06,6.15,23.21,213.98,232.37,342.71,284.13,242.74,205.47,209.16,169.11,100.13,64.3,19.65,20240110
41590,화성시,14,내국인,9057.62,7599.93,7285.05,10787.56,12191.27,10992.19,14832.95,14897.8,15544.04,13942.76,12794.05,7885.94,4186.05,8568.28,6859.6,5459.29,7159.81,9087.43,9846.05,13655.48,11444.1,11480.12,9600.44,8906.61,6537.04,3631.11,20240112
41590,화성시,17,내국인,11084.13,8842.56,7587.33,10928.81,12126.08,11221.44,14210.14,13835.14,14033.9,11872.41,9947.84,6369.81,3184.58,9595.57,7836.45,6006.44,7696.78,9570.67,10500.79,13879.57,11189.08,10626.26,8825.53,7119.46,5005.46,2606.06,20240120
41590,화성시,4,내국인,2484.65,2436.92,2707.46,4423.91,4672.92,4743.97,6240.28,5471.85,5288.46,4420.66,3653.79,2377.88,1155.67,2257.05,2044.73,2358.4,2954.95,3711.72,3734.38,5306.49,4418.77,4043.07,3265.24,2947.52,2250.68,1255.14,20240128
41590,화성시,14,내국인,8419.31,7022.21,7196.32,10943.3,11866.73,10696.96,15037.84,14937.96,15926.16,14465.15,13301.56,8874.23,4231.92,8281.84,6566.86,6385.48,6767.68,8593.2,9653.73,13284.24,11585.86,11547.54,9771.45,8952.44,6189.98,3818.39,20240106
41590,화성시,5,외국인,0.0,23.96,347.83,700.29,771.77,750.1,538.03,264.46,426.22,340.51,218.43,59.95,41.55,4.08,4.15,124.05,192.31,295.49,278.02,201.74,183.76,174.48,140.66,110.03,57.34,24.43,20240108
41590,화성시,14,외국인,3.78,55.96,942.65,2347.33,2395.24,1991.12,1252.7,722.85,734.14,507.21,388.0,169.75,54.81,17.58,43.39,380.8,540.6,772.97,687.8,594.28,493.31,483.65,375.98,232.29,151.52,56.61,20240124
41590,화성시,19,외국인,4.15,55.27,787.77,1771.58,1885.4,1507.95,1095.61,562.56,589.31,446.78,280.63,117.62,39.9,9.57,46.7,375.88,513.01,641.81,673.53,553.2,395.25,418.67,337.77,200.14,117.86,38.07,20240106
41590,화성시,23,외국인,0.0,32.05,563.41,1204.95,1153.29,987.67,641.29,322.03,351.8,227.23,193.23,72.4,37.88,4.15,21.49,220.65,303.72,429.94,392.28,280.86,232.95,219.17,191.8,137.35,71.36,27.08,20240109
41590,화성시,1,외국인,0.0,15.29,311.99,755.84,822.06,730.11,465.01,225.22,256.94,196.31,140.88,58.9,25.86,0.0,13.44,164.04,239.7,293.67,301.4,244.03,187.31,147.12,156.82,91.57,41.56,9.63,20240127
41590,화성시,1,내국인,2526.94,3132.22,3308.8,5283.4,5513.45,5461.1,6966.75,6186.52,5249.95,4138.72,3458.96,2264.73,1129.18,2365.55,2599.14,2969.54,3462.96,4083.27,4474.25,5620.94,4608.7,4240.53,3444.79,3041.0,2062.46,1127.99,20240111
41590,화성시,22,외국인,5.84,56.78,850.56,1982.7,2031.3,1572.09,883.54,415.05,411.17,305.88,203.03,90.6,37.81,9.99,40.97,348.25,498.24,601.87,547.67,403.78,276.73,285.76,256.95,162.63,108.04,27.85,20240121
41590,화성시,21,내국인,6233.92,8103.61,7359.12,9905.51,10639.69,10520.67,13053.17,11251.23,10658.76,7822.43,6389.11,3914.34,1949.28,5727.05,7666.0,6859.01,8365.53,9495.12,9073.47,11926.26,9423.61,8487.39,6708.67,5506.8,3783.22,1900.36,20240121
41590,화성시,9,외국인,9.69,51.3,769.67,1788.77,1830.56,1663.65,1292.52,851.31,872.2,799.92,523.11,237.04,58.13,2.07,30.71,308.42,440.34,657.96,709.76,660.97,524.87,505.49,393.97,303.48,142.19,52.36,20240123
41590,화성시,12,외국인,9.38,92.88,1227.7,2549.38,2549.36,2551.66,1875.0,1227.97,1200.35,1092.36,687.48,344.12,76.71,9.63,31.68,487.51,783.48,1045.03,1076.71,933.9,783.88,789.01,509.98,374.15,176.4,56.01,20240104
41590,화성시,5,외국인,1.76,24.15,311.1,728.18,832.48,692.55,532.24,351.17,411.29,315.92,269.79,95.97,30.37,2.07,6.3,141.93,194.71,275.27,315.38,206.86,174.17,204.87,147.94,123.74,65.0,17.19,20240124
41590,화성시,13,외국인,9.16,56.02,959.36,1941.71,2007.93,2023.31,1466.63,1007.53,1230.62,973.52,678.83,289.16,57.56,15.51,18.86,388.9,588.01,810.32,880.73,759.97,673.43,604.92,457.34,337.72,133.68,61.08,20240104
41590,화성시,3,외국인,0.0,35.74,485.86,998.78,1052.58,804.14,505.6,239.37,263.35,204.38,119.23,62.76,26.8,4.08,24.22,178.74,268.3,310.42,327.96,206.56,223.09,193.14,162.86,114.12,77.59,17.51,20240106
41590,화성시,15,내국인,9379.46,7546.63,8079.7,10605.27,11962.79,11029.0,15380.25,15600.17,16247.33,14671.15,13257.05,8556.35,4302.74,9087.05,7040.71,6162.9,7396.36,9254.48,10604.39,14448.58,11908.84,11845.97,10185.37,9013.08,6691.21,3705.54,20240113
41590,화성시,16,외국인,5.54,83.26,1097.57,2070.23,2195.62,2130.23,1512.77,944.09,936.33,800.82,574.67,255.17,59.45,14.09,54.15,465.72,697.47,788.15,862.44,776.33,593.67,642.8,454.81,294.83,162.12,55.82,20240109
41590,화성시,9,외국인,1.69,53.07,610.78,1568.79,1666.09,1382.6,1039.0,571.16,569.12,503.37,350.53,127.28,71.43,5.71,14.45,235.26,462.32,498.62,482.23,433.65,343.23,365.19,288.99,195.99,148.09,43.76,20240123
41590,화성시,14,내국인,9930.3,7222.1,7242.62,11152.33,12440.85,11268.07,15276.14,15238.51,16767.27,15271.38,13822.76,8919.98,4560.08,9634.61,6959.74,5941.19,7198.24,8936.08,10110.64,14212.54,11826.14,12094.88,10205.19,9706.77,6951.5,3972.52,20240101
41590,화성시,11,외국인,9.38,66.32,935.88,1979.99,2202.69,2235.39,1754.64,1182.62,1340.69,1235.18,791.94,325.44,89.53,7.81,29.09,345.81,593.63,854.31,863.16,733.4,655.57,636.65,483.23,349.22,168.13,62.84,20240127
41590,화성시,3,외국인,3.45,33.9,342.56,825.13,850.89,686.07,419.41,232.81,263.34,166.05,108.47,50.72,10.17,8.23,16.61,180.59,253.39,286.45,317.09,193.16,185.05,182.94,131.65,86.09,37.05,18.48,20240122
41590,화성시,18,외국인,5.84,93.22,1233.07,2780.15,2870.59,2304.84,1190.96,575.58,615.62,452.98,284.99,141.64,46.86,15.2,49.74,384.59,630.54,758.98,818.31,543.9,429.66,447.15,345.08,243.51,132.57,57.74,20240121
41590,화성시,8,내국인,3917.64,3947.37,4473.54,7159.48,8056.82,8340.98,10848.9,10668.11,11267.28,9757.75,8197.69,5337.59,2498.83,3556.89,3627.12,4201.41,5319.26,6614.95,6729.62,8389.85,7633.59,7663.74,6523.79,5597.44,4228.0,2409.15,20240116
41590,화성시,11,외국인,3.84,85.14,1149.0,2241.85,2343.33,2281.2,1853.69,1178.87,1250.08,1096.71,854.72,404.36,77.7,10.31,49.22,422.67,701.04,893.33,941.89,784.0,662.18,614.69,452.22,362.98,211.97,62.89,20240105
41590,화성시,14,외국인,6.22,72.23,893.51,1783.27,1945.85,1925.06,1488.07,1046.21,1095.1,1035.39,642.31,290.62,79.85,8.02,27.83,371.78,607.87,768.57,848.94,705.64,561.69,599.83,466.65,274.85,157.64,74.03,20240116
41590,화성시,22,외국인,1.76,45.85,651.6,1395.7,1427.69,1194.46,732.62,400.07,403.39,289.22,197.86,75.71,33.95,8.15,25.35,258.94,423.72,524.53,438.97,329.08,239.76,265.46,226.03,122.57,66.84,25.11,20240121
41590,화성시,18,외국인,11.35,68.62,1091.24,2338.69,2477.56,2003.1,1254.08,754.41,763.51,529.2,369.18,179.58,57.45,8.01,54.8,512.06,659.33,756.81,863.05,684.48,627.16,552.32,393.42,219.48,131.47,40.12,20240121
41590,화성시,6,내국인,2796.65,2861.68,3453.95,6200.67,6989.4,7065.29,9577.65,9177.82,9653.34,8639.24,7429.79,4448.39,2000.51,2403.88,2477.68,2782.67,3621.56,4799.42,5103.21,6698.14,5749.93,5791.77,4822.21,4407.14,3027.29,1569.95,20240105
41590,화성시,2,내국인,2416.33,2565.51,3087.26,4565.2,4914.42,4893.41,6383.22,5490.66,4957.1,4124.66,3408.91,2106.12,1146.67,2358.6,2172.06,2658.84,3090.47,3767.41,4040.38,5568.96,4358.24,4046.49,3088.6,2769.74,2106.87,1211.82,20240113
41590,화성시,1,내국인,2991.08,3081.17,3320.35,5131.31,5500.95,5472.19,6729.24,5776.66,5143.02,4038.72,3445.12,2160.21,1283.1,2515.47,2747.55,3043.23,3723.66,4124.18,4463.35,5524.05,4949.75,4139.46,3340.98,2921.28,2078.27,1169.19,20240128
41590,화성시,6,외국인,1.86,15.94,442.97,1056.1,1139.33,1105.13,833.27,547.66,592.36,539.1,372.5,148.24,52.75,6.22,21.79,197.63,307.76,369.84,403.89,257.56,276.67,280.92,168.38,150.06,69.47,16.04,20240128
41590,화성시,16,외국인,5.52,73.54,987.94,2310.67,2339.3,1885.3,1210.17,763.12,741.56,593.48,392.63,168.15,44.74,8.01,38.63,405.54,521.96,706.36,854.95,547.08,466.08,451.71,365.45,249.84,133.68,46.6,20240108
41590,화성시,3,내국인,2724.69,2726.07,2961.72,4332.8,4599.09,4733.51,5820.23,5300.96,4853.79,3835.79,3181.97,2243.73,1210.94,2400.07,2180.84,2736.81,3242.11,3694.88,3887.68,5213.15,4172.85,4018.1,3080.85,2800.64,2063.7,1227.85,20240116
41590,화성시,4,외국인,1.76,20.28,303.36,643.21,713.68,573.45,427.24,203.54,222.3,151.11,145.9,51.23,10.15,6.15,4.08,102.26,180.22,270.0,250.02,173.61,160.04,181.98,132.14,73.3,57.61,13.98,20240110
41590,화성시,22,내국인,5356.57,6539.03,6906.15,9624.87,10447.98,9987.03,12547.12,10816.01,10036.76,7371.42,5662.5,3637.04,1767.23,5064.6,5790.61,5955.42,7032.97,8155.05,8138.21,10719.08,8598.23,7782.78,5706.73,4608.72,3325.35,1728.55,20240126
41590,화성시,12,외국인,5.14,44.2,1052.18,2515.95,2467.5,2044.05,1085.92,593.86,614.94,443.04,306.91,141.76,48.93,8.33,40.83,318.01,570.0,730.89,752.03,551.6,479.5,432.56,362.21,242.1,194.95,34.44,20240124
41590,화성시,15,내국인,9284.53,8522.55,6939.38,9232.98,10887.56,11061.08,14456.77,12888.39,13056.28,10451.44,9288.32,6161.29,3357.63,8237.72,7511.32,6798.56,8335.52,9637.07,10193.92,13633.77,11302.77,11218.74,9232.85,8168.16,5784.7,3197.3,20240109
41590,화성시,18,내국인,8802.98,9189.82,7681.42,10283.52,11373.83,11245.51,15663.7,13671.05,13144.67,10352.62,8282.72,5462.66,2852.32,8192.58,8277.61,7083.03,8749.8,10523.85,11000.05,14152.86,11405.7,10641.45,8523.11,7206.34,5019.31,2716.02,20240104
41590,화성시,21,외국인,3.71,45.02,835.99,1912.89,2088.18,1630.49,1023.19,525.56,533.49,345.33,243.95,147.46,51.01,12.23,47.23,436.6,558.57,635.79,684.42,464.82,401.05,348.65,268.86,205.32,121.21,17.05,20240106
41590,화성시,19,외국인,9.19,51.19,765.6,1820.89,1958.1,1657.18,1006.79,601.58,572.81,397.23,255.34,114.89,30.23,14.02,52.79,464.91,579.93,730.99,754.85,502.31,458.12,424.37,336.3,176.61,75.59,52.51,20240114
41590,화성시,8,외국인,1.7,49.44,756.09,1732.34,1747.21,1330.57,847.51,384.75,434.94,351.68,233.55,124.58,36.06,10.16,26.32,252.48,409.15,501.0,532.52,364.72,289.19,305.88,267.46,192.12,141.63,39.87,20240127
41590,화성시,12,내국인,8019.25,7642.45,6929.42,9578.77,10900.16,10896.18,15074.42,13739.4,14115.13,11390.11,10202.72,7206.64,3695.51,7124.85,6955.2,6635.95,8146.72,9840.87,10670.43,13972.15,11670.57,11784.29,9972.46,8946.14,6525.23,3822.97,20240105
41590,화성시,18,내국인,9750.9,8303.7,7197.16,10840.7,11851.65,11123.16,13892.27,13011.55,12833.73,10694.33,8558.45,5295.37,2719.12,9135.41,7581.38,6062.89,7939.05,9345.58,10042.56,13270.12,10832.04,10120.26,7802.77,6525.2,4569.33,2461.92,20240107
41590,화성시,5,내국인,3457.1,3701.93,4122.44,5596.68,5834.79,5638.25,7028.78,6503.42,6664.81,5276.32,4337.98,2888.26,1394.71,3157.71,3126.44,3730.02,4312.6,4742.55,4727.07,6252.9,4855.53,4797.18,3993.29,3455.03,2690.57,1412.96,20240124
41590,화성시,13,내국인,8247.56,7438.12,7262.07,10706.4,12594.57,11083.96,14530.45,14929.09,15381.13,14386.32,12596.87,8491.03,4358.21,7893.57,7034.67,6269.63,7123.2,8774.37,9960.36,13446.94,11968.34,11127.41,9564.26,8742.99,6381.44,3622.0,20240104
41590,화성시,9,내국인,7088.97,5643.32,5803.29,9543.61,10955.54,10156.86,13191.13,13750.35,14338.53,13631.66,12352.63,7826.73,3805.56,6835.87,5190.45,4999.74,5743.29,7353.57,8649.35,11762.11,10001.56,9804.26,8262.51,7740.47,5704.52,3197.17,20240118
41590,화성시,17,외국인,7.86,90.98,1196.72,2356.4,2581.37,2171.29,1483.52,945.16,921.22,606.59,476.34,153.8,65.36,14.06,49.24,470.1,689.04,839.31,853.58,715.59,638.05,633.38,431.73,255.65,148.36,32.62,20240129
41590,화성시,22,외국인,1.86,42.69,807.55,1964.38,1952.67,1462.34,900.62,421.36,331.61,269.64,235.29,109.87,38.19,14.38,41.36,308.13,456.2,585.55,600.94,415.49,299.26,296.16,256.5,146.09,92.73,29.22,20240121
41590,화성시,12,외국인,7.68,109.27,1244.16,2548.03,2605.35,2530.01,2002.14,1242.89,1377.75,1114.9,835.32,332.9,66.01,19.91,38.3,528.17,778.21,988.62,1071.04,874.11,790.47,752.79,483.84,362.5,193.77,63.16,20240113
41590,화성시,15,내국인,9759.02,6229.46,7077.4,10971.62,12245.9,11039.52,14850.46,15105.41,16149.57,14709.1,12813.73,8338.97,4211.49,8719.86,5604.54,5827.92,7114.09,8841.51,10517.36,13820.41,11420.06,11596.65,9828.83,8676.27,6567.31,3538.65,20240122
41590,화성시,22,외국인,2.07,64.59,737.05,1491.34,1504.78,1351.08,771.14,407.74,441.09,280.23,225.83,99.14,31.83,6.22,40.09,303.2,412.49,527.66,508.05,359.23,307.34,279.69,242.69,157.63,76.57,24.03,20240102
41590,화성시,11,내국인,8735.96,8171.21,7862.65,10889.79,12680.16,12188.49,15879.66,16729.69,18237.43,15912.79,14121.46,9664.24,4661.88,8188.06,7232.76,5946.16,7550.69,9271.49,10680.4,15159.34,12896.32,11890.94,10315.53,9366.63,7111.43,4186.48,20240121
41590,화성시,5,외국인,2.07,18.09,333.83,753.5,838.47,737.95,552.05,303.37,341.42,290.42,199.29,63.39,42.18,0.0,18.0,119.85,203.34,291.15,297.1,229.35,209.25,220.77,182.87,111.8,46.85,19.67,20240113
41590,화성시,1,외국인,2.07,22.07,356.41,738.93,819.16,726.87,459.71,224.02,205.28,183.67,124.64,46.48,17.87,4.08,13.58,141.27,205.16,283.49,270.03,230.42,157.41,178.4,119.23,89.81,51.71,20.36,20240123
41590,화성시,18,외국인,5.47,77.33,894.29,1899.39,2046.09,1829.08,1278.47,648.5,716.98,505.66,415.33,144.9,45.67,11.63,49.0,444.08,599.49,745.11,804.71,572.27,539.39,464.4,404.96,236.11,108.35,25.96,20240101
41590,화성시,1,외국인,3.93,14.06,357.6,692.65,856.73,741.35,478.76,220.65,244.02,198.75,142.49,64.7,24.08,4.15,11.35,118.47,225.55,326.47,253.51,209.44,183.87,177.99,134.24,92.7,42.16,18.24,20240126
41590,화성시,5,외국인,1.86,16.31,391.77,906.34,987.49,862.66,533.88,318.76,314.42,274.46,197.5,102.1,39.17,4.15,23.6,185.55,252.96,321.82,321.32,225.87,213.43,190.7,131.24,88.62,59.18,13.95,20240127
41590,화성시,13,외국인,11.35,50.02,917.23,2214.32,2279.56,2195.13,1454.88,989.3,1087.52,991.15,628.43,268.58,56.92,11.68,34.02,394.16,589.5,755.1,865.98,687.17,511.09,569.09,472.78,320.31,160.34,46.16,20240127
41590,화성시,2,내국인,3798.99,4513.92,5848.93,6419.8,6885.74,6286.92,7636.41,6886.89,6472.37,4892.2,4058.16,2811.26,1495.7,3547.61,3504.61,4680.5,5559.9,5768.14,5594.42,6950.89,5482.21,5340.0,4325.83,3822.84,2609.21,1502.89,20240119
41590,화성시,18,외국인,7.4,48.45,803.17,1769.87,1832.73,1732.92,1088.09,679.44,680.68,492.86,327.4,138.64,41.49,7.84,26.26,367.57,572.09,707.89,783.89,628.0,498.91,530.6,397.12,231.02,101.24,31.44,20240111
41590,화성시,4,내국인,2629.11,2472.72,3045.04,4584.56,4956.21,4868.02,6239.64,5828.84,5466.59,4512.61,3604.25,2486.98,1300.53,2209.93,2160.62,2555.45,3066.78,3766.61,3917.75,5408.8,4519.57,4215.69,3415.97,3013.85,2088.64,1192.47,20240103
41590,화성시,4,내국인,3752.48,4116.27,4966.35,5873.45,6183.84,5940.46,7242.95,6492.83,6060.71,4742.01,3866.92,2833.41,1409.98,3357.29,3293.07,4461.34,5674.53,5702.75,5273.82,6522.77,5095.25,4943.03,4101.45,3571.78,2662.74,1420.77,20240106
41590,화성시,3,내국인,2736.38,2575.58,2945.56,4439.76,4745.66,4892.43,6056.22,5459.95,4954.94,3957.36,3431.91,2180.7,1223.97,2452.45,2371.66,2866.05,3307.34,3854.3,4039.05,5097.96,4434.51,3806.78,3187.33,2742.46,2027.99,1145.04,20240118
41590,화성시,15,내국인,10281.49,7062.8,6980.38,10218.85,11585.88,10630.88,14217.93,14869.36,15544.93,14212.16,12825.47,8228.05,4203.41,9893.84,6844.49,6152.71,6773.8,8671.71,9865.79,13183.17,10979.07,11113.78,9769.73,8804.71,6341.97,3665.01,20240118
41590,화성시,20,외국인,3.93,57.14,977.68,1919.68,1964.29,1684.0,982.8,577.36,539.88,369.02,281.05,133.87,27.94,9.87,40.82,407.52,503.43,656.35,691.27,577.96,413.08,451.75,336.66,201.21,105.17,27.79,20240119
41590,화성시,5,내국인,3082.19,3014.11,3320.32,5185.1,5706.89,5618.66,7032.61,6661.07,6560.07,5448.83,4465.28,2977.17,1479.29,2617.66,2806.78,3000.56,3904.71,4373.22,4707.37,5586.51,4787.31,4472.54,3996.6,3530.3,2475.34,1458.26,20240121
41590,화성시,8,외국인,5.4,58.24,677.29,1606.2,1608.16,1557.45,1188.62,776.1,702.57,720.13,486.79,213.23,47.21,10.3,28.67,211.61,390.32,538.37,481.26,394.35,367.67,387.6,300.72,210.74,96.06,35.11,20240124
41590,화성시,23,내국인,4710.27,6093.83,6805.65,8077.14,8814.37,8990.32,10755.91,8846.12,8246.98,5982.53,5091.1,3214.99,1706.22,4600.11,4918.32,6085.97,8021.96,8120.43,7662.91,9734.91,7217.64,6816.12,5320.35,4507.46,3306.95,1816.99,20240113
41590,화성시,9,내국인,7514.06,6425.91,6512.71,9786.1,11172.61,10371.88,13742.02,13844.67,14770.94,13765.48,12060.35,7858.32,3978.52,7123.37,5662.77,5275.94,6248.24,7699.22,8835.71,11625.5,9936.15,9369.61,8270.22,7642.01,5574.99,3226.53,20240127
41590,화성시,8,외국인,5.54,74.87,795.05,1790.12,1841.33,1752.93,1593.44,984.99,1111.24,952.61,623.81,255.33,64.14,13.9,22.55,319.23,492.59,778.05,875.14,651.54,548.96,561.26,433.33,291.18,122.21,45.23,20240125
41590,화성시,21,내국인,5709.69,7110.82,6286.31,8880.42,9899.32,9985.65,12044.8,10443.71,9345.87,7214.23,5716.55,3625.37,1809.36,5078.76,6336.99,5663.29,7338.83,8222.64,8573.93,10483.66,8550.8,7538.31,5889.61,4912.89,3380.74,1825.43,20240111
41590,화성시,14,외국인,18.39,84.08,902.75,2253.14,2228.49,2009.2,1357.95,847.24,783.31,709.7,502.77,196.2,50.67,17.2,48.12,307.78,527.29,792.61,717.09,607.27,487.47,508.67,421.96,292.6,166.97,66.02,20240110
41590,화성시,17,외국인,9.24,85.5,1265.73,2731.57,2895.78,2305.07,1359.71,686.07,687.2,476.14,329.35,195.32,61.42,13.6,45.35,400.43,623.67,828.22,842.25,609.74,482.21,466.7,348.39,234.43,169.12,53.54,20240112
41590,화성시,0,외국인,2.07,16.52,317.0,595.34,722.33,677.69,409.23,229.11,211.64,160.89,111.41,62.9,16.35,4.15,15.5,101.45,215.32,291.2,239.89,218.08,158.52,171.63,122.01,68.61,37.63,15.87,20240104
41590,화성시,19,외국인,0.0,63.62,1227.13,2799.51,2792.38,2175.69,1211.22,578.0,595.17,369.37,293.15,124.03,38.86,17.95,49.37,438.22,603.71,760.33,772.75,543.62,422.23,396.69,330.66,222.69,137.11,30.12,20240110
41590,화성시,19,내국인,8728.29,8068.62,7761.55,11585.96,12977.54,12092.29,15043.16,14102.43,13453.77,10287.56,8168.43,4868.9,2466.88,8294.91,7007.15,6311.02,8522.47,9628.38,9860.67,13191.9,11198.04,10069.31,7882.21,6523.89,4092.42,2201.73,20240103
41590,화성시,0,외국인,0.0,25.72,260.93,610.61,647.99,640.19,399.93,216.85,246.78,144.07,90.47,39.39,29.55,4.08,10.04,115.78,171.98,289.14,281.42,215.52,135.06,159.16,122.23,71.62,37.32,18.4,20240112
41590,화성시,6,외국인,2.07,45.94,441.8,1006.04,1110.48,1117.55,908.0,641.25,810.82,762.74,484.22,165.33,57.32,0.0,12.22,189.96,284.16,379.85,389.99,329.92,298.28,326.06,243.11,163.17,53.75,36.1,20240114
41590,화성시,5,외국인,1.7,46.97,672.82,1478.95,1462.66,1105.56,612.59,311.09,292.22,202.2,155.94,85.46,34.3,9.99,28.51,194.17,364.51,367.03,394.39,256.89,192.94,188.74,159.58,133.56,93.79,20.24,20240106
41590,화성시,10,외국인,5.91,52.16,813.44,1719.0,1988.96,1801.58,1423.5,1033.8,1059.36,1002.79,782.46,275.81,63.0,11.97,28.83,316.48,583.76,765.37,782.59,681.31,578.97,526.47,394.98,310.14,150.81,72.57,20240116
41590,화성시,3,외국인,3.93,30.16,495.95,1177.96,1193.21,872.85,476.09,275.1,175.81,183.16,144.52,68.95,35.6,4.15,30.5,183.88,282.04,319.71,282.92,240.01,185.37,180.85,142.14,101.55,42.1,21.67,20240111
41590,화성시,9,외국인,3.54,50.77,659.86,1581.2,1695.05,1308.33,890.11,513.48,545.64,430.42,291.66,156.96,53.94,10.23,27.44,246.92,351.89,522.68,551.86,378.19,402.1,368.02,304.03,207.47,99.85,41.26,20240110
41590,화성시,13,내국인,8089.15,7616.45,7899.2,11863.39,13075.33,11645.84,15554.17,15934.63,16900.63,15713.33,14382.05,9374.29,4487.53,7679.29,7146.99,6725.68,7282.51,9218.17,10567.81,14020.67,12391.8,12028.48,10610.31,9562.18,6773.96,3949.15,20240111
41590,화성시,4,내국인,3272.95,3568.7,4053.38,5607.53,5840.16,5659.94,6889.08,6166.26,5972.21,4684.2,3980.48,2597.51,1410.14,3168.87,3123.46,3673.59,4678.39,5128.17,4916.2,6240.77,5087.29,4532.37,3788.92,3644.65,2519.71,1374.44,20240116
41590,화성시,8,내국인,7531.87,6311.56,6209.01,9225.68,10444.3,9806.33,12657.49,12959.32,13674.9,12212.23,10611.62,6882.72,3164.9,7207.49,5686.28,4974.41,5926.61,6989.05,7795.59,10202.54,8848.48,8507.9,7206.2,6628.73,4819.7,2629.27,20240129
41590,화성시,1,내국인,2524.32,2980.35,3365.96,5172.38,5405.53,5364.22,6835.45,5825.73,5227.97,4178.11,3458.18,2181.93,1242.53,2336.38,2497.38,2773.71,3338.57,4074.08,4368.06,5845.13,4700.11,4202.23,3285.41,2841.24,2150.25,1249.82,20240127
41590,화성시,8,내국인,8030.75,5896.57,5003.79,9471.09,10478.39,9623.87,12582.26,12596.86,13382.31,12431.97,10745.31,6725.33,3144.2,7470.93,5142.4,3629.77,5369.21,6610.01,7360.08,9905.91,8659.66,8188.79,7138.02,6380.16,4838.08,2593.07,20240122
41590,화성시,21,내국인,6597.44,7983.35,6754.92,10383.13,11542.35,10741.13,13416.51,12285.75,11003.39,8232.42,6197.61,3808.36,1786.88,6070.95,6880.93,5874.74,7587.33,8808.89,8825.03,11383.75,9475.12,8457.27,6194.55,5190.21,3473.22,1681.09,20240112
41590,화성시,13,외국인,7.4,75.82,975.58,2018.97,2012.95,2013.88,1477.63,1081.75,1172.39,1097.29,693.48,270.97,86.58,13.1,37.76,423.92,655.76,921.34,917.18,762.4,647.13,677.73,480.17,377.57,159.6,86.6,20240117
41590,화성시,11,내국인,7974.24,6451.48,6918.1,11568.04,13691.14,12260.23,16398.62,16157.53,17509.2,15929.13,13771.2,8668.17,4292.59,7542.73,5903.59,5252.35,7478.15,9271.18,10804.35,14026.25,11695.77,11625.49,9671.62,8897.18,6409.99,3430.12,20240104
41590,화성시,9,외국인,0.0,59.59,631.64,1693.46,1745.93,1509.24,1196.39,651.15,772.39,653.92,444.32,199.28,62.51,6.08,28.11,294.0,392.11,570.95,537.64,464.15,417.44,402.48,328.51,219.77,155.44,41.17,20240123
41590,화성시,2,내국인,3105.74,3829.42,3968.38,5883.65,6152.5,5740.25,7120.08,6178.38,5669.63,4534.9,3647.64,2374.55,1213.67,2775.43,3132.74,3482.78,4295.08,4691.93,4839.19,5769.62,4807.08,4326.32,3717.24,3254.5,2205.09,1294.34,20240116
41590,화성시,4,외국인,2.07,12.11,357.37,714.69,767.42,639.97,440.5,222.03,221.0,189.8,130.27,35.97,25.31,6.08,15.39,101.64,178.96,253.82,260.16,195.01,141.46,165.01,120.17,85.8,53.97,13.93,20240124
41590,화성시,0,내국인,3447.43,4165.59,5500.47,6849.03,7241.82,6659.16,7983.06,7205.73,6387.54,4832.88,3688.79,2538.84,1214.55,2851.31,3338.02,4446.31,5179.0,5623.17,5553.79,6888.72,5591.36,5060.46,4002.29,3319.01,2333.19,1294.34,20240102
41590,화성시,3,외국인,0.0,17.64,374.16,784.48,971.74,724.82,492.85,206.29,229.3,203.52,102.06,78.82,46.48,4.15,8.3,148.94,237.2,288.48,304.62,214.05,176.53,158.57,142.02,66.5,45.11,13.03,20240126
41590,화성시,3,내국인,3761.21,4283.2,5415.75,6154.01,6534.51,5814.96,7432.49,6681.74,6104.95,4724.37,3999.15,2768.29,1554.71,3433.02,3312.71,4558.49,5307.37,5534.53,5291.76,6559.13,5286.97,5149.81,4277.63,3757.29,2606.94,1481.06,20240115
41590,화성시,16,내국인,9238.51,8464.84,8282.03,9732.7,11149.39,11252.67,14546.54,13108.38,12480.45,10176.71,8551.46,5750.1,3010.25,8221.69,7753.37,7270.3,9536.46,10702.23,11121.38,14327.45,11514.24,11013.57,9024.59,8080.08,5540.42,3135.58,20240122
41590,화성시,1,외국인,0.0,36.71,398.03,762.75,759.95,676.95,418.31,216.29,234.42,138.86,125.65,61.35,20.49,2.07,19.36,154.83,207.54,242.96,296.59,208.75,183.72,145.01,152.44,101.35,46.74,13.1,20240128
41590,화성시,12,외국인,5.54,101.65,1115.75,2470.1,2575.81,2437.16,1755.57,1223.18,1387.93,1247.4,779.5,327.58,86.72,11.52,30.66,457.91,783.56,998.26,1048.9,887.58,829.99,748.32,537.31,375.58,140.88,71.94,20240114
41590,화성시,5,외국인,0.0,32.65,468.62,801.45,875.66,848.14,581.09,286.3,353.04,332.2,276.36,93.45,39.32,6.15,23.93,123.35,228.32,278.87,304.63,249.84,220.91,180.87,175.15,108.19,40.42,15.45,20240112
41590,화성시,7,외국인,1.93,43.24,796.2,1632.64,1672.59,1760.59,1438.05,946.21,1013.77,935.78,633.34,271.87,42.42,4.15,25.85,300.58,438.44,508.09,575.73,558.53,474.19,423.65,319.07,239.75,98.84,29.21,20240121
41590,화성시,9,외국인,3.42,55.5,806.86,1812.61,1827.95,1539.44,899.3,441.91,451.24,387.42,272.05,124.05,34.2,8.15,24.56,270.39,474.5,523.33,591.93,381.97,330.09,352.96,331.48,212.42,140.53,48.5,20240122
41590,화성시,21,내국인,6559.56,7929.41,6328.02,10397.14,11333.68,10590.92,13278.31,11967.5,10847.93,7885.06,6014.71,3914.05,1813.21,5944.08,6850.78,5589.97,7532.83,8548.85,9024.57,11350.82,9269.2,8294.57,6276.06,5066.31,3471.51,1765.96,20240111
41590,화성시,17,외국인,16.33,55.2,943.55,1978.8,2227.77,1901.47,1251.57,716.27,850.4,636.65,371.24,159.34,49.3,15.91,45.62,418.23,662.5,865.78,885.05,700.59,592.67,533.09,413.67,233.75,114.03,43.49,20240126
41590,화성시,13,내국인,9309.24,7376.47,7136.53,11081.39,12925.19,11734.15,15830.02,15816.7,16747.58,15146.3,13605.23,8559.87,4271.59,8429.32,6448.08,5704.5,7490.76,9103.49,10427.36,14424.08,12033.17,11589.79,10103.82,9000.41,6513.99,3706.08,20240120
41590,화성시,12,외국인,9.47,75.58,1271.7,2502.76,2815.31,2550.82,1948.97,1283.9,1309.6,1213.8,883.88,334.69,80.06,17.82,36.33,507.14,857.19,970.35,1086.65,946.65,813.96,722.93,493.66,359.55,155.48,40.31,20240113
41590,화성시,7,외국인,1.93,41.44,755.6,1621.29,1681.14,1663.68,1324.05,965.85,901.16,874.97,523.84,208.05,86.13,6.22,12.38,330.71,444.01,586.02,542.32,528.13,478.28,486.29,323.13,215.92,105.33,22.21,20240129
41590,화성시,8,외국인,3.56,55.04,621.21,1612.23,1588.97,1525.04,1214.11,834.76,835.35,714.48,518.23,198.56,83.75,10.16,27.75,302.98,465.67,529.67,561.72,429.68,386.07,390.44,292.28,208.29,132.24,22.3,20240120
41590,화성시,9,외국인,9.62,69.3,944.25,1849.52,2102.55,2000.2,1499.67,1001.66,955.26,906.32,619.14,263.71,84.81,6.16,38.77,362.14,541.63,728.2,819.47,665.39,562.68,566.61,415.95,314.86,166.13,45.68,20240128
41590,화성시,2,내국인,2733.13,3277.57,4332.86,5140.9,5375.55,5357.26,6662.26,5859.38,5285.63,4185.19,3565.13,2339.17,1372.21,2668.12,2759.02,3432.7,3648.65,4296.3,4627.31,5642.53,4519.08,4414.17,3471.05,2927.86,2096.34,1271.07,20240112
41590,화성시,16,내국인,9247.21,8696.11,7259.82,9388.38,10125.52,10729.26,14118.91,12800.63,13175.86,10393.12,9240.04,5928.66,2978.57,8529.19,7540.48,6839.36,7979.65,9809.31,10084.32,13034.44,10968.86,10615.71,8960.79,7839.39,5503.18,3067.22,20240105
41590,화성시,3,내국인,3897.76,4573.14,4952.24,5972.08,6653.32,6128.86,7466.73,6493.36,6096.63,4834.41,4082.82,2720.21,1369.08,3706.97,3407.54,4398.52,5553.05,5909.28,5394.93,6824.84,5277.92,5219.59,4160.55,3741.2,2511.2,1597.52,20240119
41590,화성시,21,외국인,1.7,46.09,573.5,1342.6,1493.67,1280.37,854.4,397.78,430.24,310.63,155.71,76.07,41.55,12.02,31.39,326.67,448.42,550.05,544.0,412.0,284.26,296.27,215.88,150.92,86.5,31.5,20240129
41590,화성시,14,외국인,13.47,63.44,982.8,1912.12,2118.1,2103.8,1700.95,1094.72,1108.56,994.84,704.64,275.34,105.06,14.05,44.29,403.38,606.57,813.48,895.02,714.86,615.89,633.29,500.82,334.81,165.48,64.74,20240124
41590,화성시,16,외국인,10.76,88.94,944.7,1829.34,1854.41,1930.65,1417.55,927.33,1021.41,822.87,501.56,216.71,69.59,15.43,52.06,371.2,559.28,779.94,881.44,718.13,576.68,618.25,456.14,254.2,157.66,52.35,20240110
41590,화성시,22,내국인,6043.71,7684.79,7871.98,10122.41,10798.27,10692.94,13382.59,11332.73,10664.79,7801.83,6111.69,3855.47,1887.76,5665.48,6484.22,6808.05,7969.42,8870.47,8877.75,11670.1,9138.12,8532.51,6496.67,5283.25,3710.64,1983.4,20240127
41590,화성시,14,내국인,7877.26,8145.98,7923.46,9359.03,10940.31,10950.45,13976.39,13053.99,13001.51,10717.62,9104.34,6528.47,3159.2,7830.22,7004.4,7273.51,8052.58,9995.89,9946.53,13259.37,11037.13,10943.22,9047.09,8143.95,5559.14,3102.37,20240113
41590,화성시,6,내국인,3491.11,3747.3,4394.75,6107.78,6394.83,6266.29,7986.67,7576.99,7969.82,6780.58,5561.56,3654.34,1699.05,3262.81,3202.47,3773.2,4591.19,5015.37,5058.64,6623.34,5352.21,5417.88,4564.47,3846.11,2929.73,1612.86,20240123
41590,화성시,14,외국인,4.08,45.39,948.08,2216.83,2278.75,1865.06,1273.03,697.68,660.04,550.21,435.92,219.35,69.48,17.57,37.05,327.14,601.47,719.05,649.34,607.71,471.03,500.65,381.13,216.3,185.16,38.28,20240123
41590,화성시,21,내국인,6164.85,7381.1,7758.14,9896.38,10957.33,10343.72,13250.88,11465.92,10603.51,7963.67,6608.7,4070.66,2020.8,5795.5,6560.19,6915.31,8396.87,9807.61,9654.12,11916.58,9353.89,8585.48,6763.95,5696.13,3973.69,2057.24,20240125
41590,화성시,20,외국인,7.91,78.17,1044.54,2465.32,2365.25,1968.94,1125.9,585.53,504.95,338.56,227.01,118.21,44.68,13.44,49.13,410.28,632.43,720.42,656.4,488.83,393.92,402.4,369.68,190.52,124.94,43.61,20240113
41590,화성시,5,외국인,0.0,25.5,357.27,696.66,809.93,749.17,460.79,287.92,328.39,272.36,217.89,87.3,36.08,2.07,23.9,121.62,216.41,252.79,267.19,265.0,172.92,176.94,168.47,88.07,47.59,11.26,20240110
41590,화성시,22,내국인,5174.31,6240.56,6266.55,9575.04,10539.86,9961.89,12426.0,10812.2,9921.85,7409.81,5625.13,3460.82,1781.05,4893.47,5240.88,5259.87,6665.25,7853.44,7839.34,10150.68,8303.56,7522.5,5651.77,4627.77,3171.52,1692.86,20240104
41590,화성시,11,외국인,3.84,48.83,786.44,1933.33,2041.81,1799.26,1242.23,667.06,685.51,606.8,406.43,233.21,68.92,8.35,47.21,303.45,549.24,560.98,612.44,564.87,442.63,434.56,288.77,232.85,160.37,44.78,20240109
41590,화성시,2,외국인,2.07,18.24,306.44,584.75,731.69,594.26,376.16,218.92,226.89,165.72,98.52,34.56,27.4,2.07,11.63,117.42,206.09,285.65,251.42,178.15,148.74,149.76,101.37,73.62,63.52,20.65,20240103
41590,화성시,17,내국인,10526.93,8948.51,8733.47,11220.6,12214.72,11248.49,14788.43,14402.76,14420.14,12528.71,10660.11,7040.96,3500.75,9867.78,8400.61,6964.35,7959.02,9719.97,10620.97,14109.3,11845.61,11101.04,9256.1,7606.75,5601.55,2893.14,20240124
41590,화성시,2,외국인,3.77,21.71,294.5,653.24,744.78,609.69,423.56,215.19,182.49,144.18,126.69,48.04,21.75,8.15,13.96,114.07,202.3,239.53,238.62,172.28,141.7,169.47,101.14,77.34,61.84,19.67,20240106
41590,화성시,17,내국인,11272.44,8378.18,7445.77,11077.76,12362.47,10990.34,14496.71,13776.34,14335.69,12535.85,10670.0,6733.71,3396.87,10116.19,7412.4,6013.17,7370.59,9284.53,10786.93,14102.28,11123.62,10716.04,9301.08,7557.8,5236.16,2786.82,20240110
41590,화성시,14,내국인,8594.12,6790.52,7566.95,10863.06,11836.78,10790.22,15035.97,15024.76,16620.82,14994.37,13961.11,9089.55,4646.62,8377.66,6306.98,6558.85,6882.59,8720.13,10133.59,13603.51,11508.25,11731.56,10110.22,9166.77,6959.85,4063.31,20240119
41590,화성시,19,내국인,9152.37,8628.12,8180.93,11713.6,13146.57,12144.22,15357.47,13898.59,13232.89,10642.45,8249.06,5034.93,2490.68,8010.09,7898.6,6561.0,8738.62,10263.59,10291.97,13811.91,11266.32,10355.7,8097.47,6150.77,4396.92,2281.91,20240120
41590,화성시,9,내국인,5176.11,4800.91,5144.66,7979.95,9186.86,9352.05,12399.73,12341.69,12838.67,10974.45,9270.79,6118.6,2978.42,4692.97,4662.4,4773.26,5970.0,7636.62,8183.57,10295.11,8975.39,8705.18,7554.66,6913.23,4854.28,2809.36,20240107
41590,화성시,1,내국인,2962.65,3548.14,5014.87,5983.96,6363.07,6032.38,7494.46,6655.24,6138.9,4701.11,3786.95,2512.14,1332.65,2727.69,2735.93,3800.93,4020.8,4819.56,4998.43,6622.78,5240.53,4780.05,3748.14,3081.31,2232.91,1302.78,20240104
41590,화성시,12,외국인,7.55,88.53,1117.5,2373.39,2391.54,2366.99,1845.58,1263.64,1345.81,1221.7,812.66,310.93,92.56,13.33,34.63,456.24,785.7,1062.16,990.89,820.82,743.09,792.15,530.72,396.23,158.77,71.95,20240119
41590,화성시,15,외국인,13.75,59.24,1139.56,2749.17,2712.21,2198.1,1134.65,586.48,571.76,420.06,290.91,158.37,44.09,6.22,47.58,368.33,607.28,777.51,784.75,552.26,485.91,476.61,384.98,291.19,176.7,38.35,20240117
41590,화성시,16,내국인,11206.17,9073.1,7991.3,10535.51,11404.95,10650.6,14439.14,14095.6,14631.81,13082.47,12085.18,7817.3,3938.67,10411.66,7797.15,6284.63,7305.12,8997.31,10385.89,14037.53,11539.75,11289.66,9565.14,8184.78,6135.8,3317.99,20240124
41590,화성시,20,내국인,7767.99,7716.41,6904.89,10501.05,11767.08,10940.92,13958.25,12350.32,11852.81,8796.31,6925.6,4257.9,2053.45,7006.43,6988.95,5931.94,7773.59,9292.46,9374.11,11932.51,10179.3,9145.22,6796.33,5396.73,3872.92,1971.9,20240104
41590,화성시,11,내국인,7130.43,6848.43,6425.5,8895.02,10113.25,10351.78,14125.06,13071.14,13607.08,10679.48,9557.3,6746.23,3581.53,6262.38,6111.69,5941.99,7606.47,9395.02,9685.45,13093.74,11154.49,10831.09,9417.64,8395.01,6130.62,3510.64,20240111
41590,화성시,12,내국인,7886.82,7949.25,7729.82,11806.36,13748.32,12542.99,17101.54,16742.69,18169.69,15824.7,14007.03,8800.91,4675.18,7327.37,7472.02,6131.67,8342.16,9949.38,11261.95,15331.54,12816.5,12362.18,10380.86,9338.33,6785.35,3955.56,20240112
41590,화성시,23,외국인,1.76,34.71,454.21,945.87,1066.28,876.25,570.02,288.21,320.94,267.51,168.55,70.83,21.49,6.22,17.72,221.48,270.46,376.02,342.72,267.41,187.86,203.84,152.78,124.47,61.35,21.06,20240114
41590,화성시,19,내국인,9296.13,9221.51,9069.07,11640.03,13095.25,12497.51,15704.63,14516.42,13933.49,11040.56,8851.69,5215.94,2631.77,8512.03,8436.49,7294.96,8739.54,10355.07,10580.12,13893.67,11897.14,10898.62,8263.87,6782.37,4460.8,2342.11,20240110
41590,화성시,19,외국인,7.26,52.54,935.41,2278.43,2316.18,1965.52,1129.86,689.88,680.01,432.64,294.87,125.76,53.33,19.76,43.13,390.99,618.36,784.77,688.74,613.29,476.22,444.29,354.24,202.9,126.16,36.27,20240116
41590,화성시,22,외국인,2.01,58.22,773.88,1576.94,1542.43,1384.05,855.03,445.23,423.43,308.27,215.07,82.68,27.28,4.08,40.12,335.88,424.13,469.54,522.36,412.19,298.45,292.16,214.52,151.49,77.01,20.27,20240116
41590,화성시,0,내국인,2661.66,2944.48,3538.29,5137.19,5523.49,5463.21,7083.57,6094.09,5210.12,4092.71,3193.21,2020.18,1082.1,2305.77,2459.94,2985.6,3501.93,4173.07,4378.37,5755.14,4652.72,4082.54,3144.16,2771.09,1779.01,956.31,20240107
41590,화성시,6,외국인,0.0,36.02,519.45,1000.31,1109.63,1084.73,910.65,580.12,728.51,651.48,447.79,181.24,44.46,2.07,28.11,197.23,300.31,334.99,337.27,378.05,318.84,293.04,259.27,154.52,71.85,13.54,20240122
41590,화성시,23,내국인,3892.17,4425.4,5055.98,6748.34,7677.57,7452.28,8857.66,7849.87,7013.21,5255.76,4390.78,2890.78,1440.45,3371.49,3872.1,4388.51,5293.99,6116.76,6199.8,7866.4,6447.79,5639.08,4419.66,3884.86,2775.83,1542.72,20240113
41590,화성시,20,내국인,7649.07,9027.7,8315.61,10911.4,11994.96,11846.24,14932.86,13263.75,12474.17,9789.25,7607.71,4660.58,2462.56,6966.88,7949.7,6969.66,8527.66,9652.18,9791.01,12628.79,10629.22,9931.91,7383.59,5797.4,4129.14,2161.5,20240129
41590,화성시,22,외국인,3.45,52.9,618.32,1429.78,1370.39,1170.9,707.71,360.77,407.7,264.09,208.53,91.65,18.39,14.31,29.77,359.82,434.68,521.81,551.18,374.54,299.39,271.4,196.37,142.68,63.18,28.0,20240113
41590,화성시,6,내국인,2981.66,3247.36,4542.73,6519.54,7019.93,7206.5,9110.92,8970.39,9528.79,8583.33,7211.55,4531.32,2123.67,2873.47,2842.06,3497.63,4160.96,4953.27,5509.78,6954.98,5788.9,5822.79,5061.57,4233.48,3071.35,1656.54,20240123
41590,화성시,8,내국인,7882.23,5696.18,5034.38,9352.24,10669.0,9581.46,12704.0,12694.37,13563.58,12265.95,11105.24,6994.09,3220.45,7475.38,4940.3,3893.47,5247.72,6632.58,7468.62,9879.88,8465.92,8273.03,7197.53,6624.07,4639.34,2528.9,20240119
41590,화성시,17,내국인,10588.76,8385.02,7432.36,10814.21,12085.11,11090.65,14395.07,14163.66,13961.0,12287.93,10381.45,6595.36,3401.49,10066.94,7408.54,6063.72,7314.2,9196.85,10595.21,13897.15,11112.1,10975.95,9043.49,7605.02,5377.68,2868.55,20240120
41590,화성시,17,외국인,11.38,62.45,937.35,2047.25,1999.97,1890.87,1318.41,805.91,842.82,592.51,404.9,156.25,62.19,9.92,35.91,375.12,624.47,803.65,910.29,715.14,601.72,569.67,454.23,219.49,124.75,61.28,20240114
41590,화성시,15,내국인,10607.18,8970.24,8339.9,10745.53,12199.0,11311.12,15264.47,15396.8,16607.3,14929.06,13217.0,8573.95,4500.69,10266.44,7928.14,6380.49,7457.22,9384.77,10681.42,14383.03,11939.3,12153.62,10275.74,9185.56,6693.24,3804.79,20240104
41590,화성시,14,내국인,8193.42,8206.55,8427.19,9481.56,11030.28,11231.79,14157.07,12805.49,12679.42,10773.64,9541.41,6491.73,3568.32,7422.57,7456.72,7623.41,9224.53,10608.28,10558.1,14080.38,11509.73,11522.14,9693.7,8749.54,6386.25,3399.53,20240110
41590,화성시,3,내국인,2752.62,2780.34,3102.8,4498.61,4812.27,4889.92,6098.75,5486.03,5089.85,3981.1,3380.65,2239.24,1168.1,2377.03,2269.88,2440.07,2955.04,3833.92,3786.83,5223.37,4162.13,3949.53,3005.8,2743.62,1953.25,1097.02,20240114
41590,화성시,2,외국인,1.76,32.41,276.36,694.77,748.97,648.37,431.43,194.67,225.66,154.35,103.3,48.61,31.79,0.0,14.45,157.2,190.49,295.12,298.71,204.78,183.15,165.93,136.68,87.17,35.97,15.93,20240110
41590,화성시,19,내국인,7698.3,8897.22,7771.92,10091.44,11237.69,11320.75,14119.48,13205.37,12092.18,9465.87,7476.19,4760.98,2357.59,7011.68,7963.92,7192.93,8554.98,10387.57,10214.33,13409.7,11049.18,9889.96,7862.56,6587.01,4519.58,2243.69,20240106
41590,화성시,21,외국인,3.39,65.07,1003.91,2184.01,2434.05,1863.57,1019.5,478.4,472.82,337.67,200.81,92.69,33.48,10.16,41.41,370.47,602.41,705.39,624.24,490.21,321.75,374.52,270.15,195.4,112.04,26.26,20240108
41590,화성시,5,내국인,2848.07,2662.68,2724.1,4525.12,5441.18,5453.15,7101.26,6422.84,6565.1,5334.25,4731.59,2834.74,1570.19,2370.81,2153.84,2723.6,3293.56,4044.09,4154.26,5176.57,4795.34,4376.05,3731.15,3345.22,2346.57,1422.2,20240125
41590,화성시,1,외국인,0.0,46.04,544.44,1092.16,1125.64,908.92,532.19,282.0,279.35,210.7,128.21,58.92,25.0,2.0,29.99,204.54,281.72,315.56,387.44,267.22,234.29,193.27,156.7,125.68,61.41,23.73,20240110
41590,화성시,20,내국인,7393.62,8710.54,8844.71,10183.22,11691.49,11519.68,14251.74,12405.49,11191.35,8318.45,6928.67,4662.64,2313.91,6968.16,7830.38,8022.8,10032.84,11011.05,10832.18,13391.36,10725.74,9493.45,7576.93,6487.11,4547.51,2556.45,20240110
41590,화성시,17,내국인,8541.09,8638.9,7753.76,9727.68,10763.57,10715.16,14477.55,12943.51,12369.09,9943.94,8057.38,5497.19,2621.8,8319.41,7606.91,6891.38,8321.01,9885.56,10556.09,13698.15,11004.35,9873.0,7924.44,6865.33,4757.9,2431.89,20240108
41590,화성시,15,외국인,2.07,57.12,852.85,1895.05,1962.75,1803.77,1382.46,880.61,857.12,791.74,522.77,182.36,52.19,13.94,24.78,365.7,624.24,734.97,868.24,719.02,598.88,589.68,426.51,285.44,151.93,40.18,20240104
41590,화성시,10,내국인,7514.95,5589.19,6055.64,10673.19,11672.82,10563.44,13970.86,14341.24,15814.97,15020.38,13267.64,9074.57,4360.33,7126.93,5202.15,5087.61,6092.96,8339.28,10064.28,13246.42,11195.06,11034.3,9485.95,8904.52,6438.12,3709.0,20240121
41590,화성시,15,외국인,5.59,80.1,1071.43,2087.02,2299.13,2048.02,1544.49,997.13,1041.71,874.03,619.1,270.65,106.38,10.08,43.44,453.3,686.28,842.46,857.58,812.04,677.4,634.15,513.52,287.79,168.7,41.24,20240107
41590,화성시,20,외국인,5.85,38.83,688.39,1594.72,1639.73,1428.19,902.34,502.44,526.66,353.56,230.9,98.67,35.88,12.09,25.19,359.77,454.68,593.37,594.15,464.43,323.92,376.33,261.96,190.98,91.22,25.32,20240120
41590,화성시,17,외국인,7.29,72.34,919.01,1997.71,2075.4,1950.54,1238.07,788.51,872.51,623.23,347.78,143.27,68.23,15.75,33.69,410.03,618.48,899.43,823.82,663.13,516.37,564.09,418.65,218.52,122.49,38.35,20240102
41590,화성시,8,내국인,7621.45,6072.25,5043.99,8819.08,9937.9,9252.96,12437.67,12440.49,13017.36,11833.97,10624.98,6999.18,3158.6,7474.27,5343.06,3720.92,5399.89,6323.01,7295.62,10266.71,8487.61,8255.52,6923.38,6528.24,4621.66,2411.12,20240112
41590,화성시,11,내국인,6990.69,6316.9,7430.85,11882.64,13275.33,11907.74,16181.45,16568.95,17842.63,16377.59,15206.21,9997.45,4702.79,6808.09,6218.25,6414.21,7155.52,8827.97,10490.93,13976.05,11933.87,11690.46,9975.8,9471.29,6710.14,3939.09,20240128
41590,화성시,18,내국인,10182.91,8382.67,7542.63,11581.47,12738.65,11294.56,14605.51,14160.84,13356.56,11132.39,8870.12,5623.99,2656.32,9585.38,7502.85,6256.48,8109.01,9866.7,10471.43,13741.31,11465.38,10647.84,8469.47,6876.8,4820.45,2510.02,20240127
41590,화성시,20,내국인,7423.67,9287.94,8728.15,10492.28,11753.14,11528.18,14699.93,12591.73,12093.34,9218.38,7463.38,4773.76,2305.81,6975.95,7990.2,7788.18,9377.52,11114.26,10802.07,13703.59,11124.35,10250.35,8096.65,6637.68,4501.19,2360.54,20240125
41590,화성시,23,내국인,3957.05,4624.66,4971.86,7447.77,8326.22,8104.8,9697.37,8312.1,8037.13,5972.52,4537.28,2964.5,1446.88,3666.26,3861.0,4056.41,5104.03,6030.81,6252.56,8201.99,6765.56,5935.85,4634.4,3836.73,2761.06,1426.7,20240108
41590,화성시,9,내국인,4755.88,4976.22,5969.02,7854.19,9287.87,9356.15,12029.0,11594.58,11717.24,10030.15,8272.7,6085.69,2940.95,4197.9,4251.07,5184.73,6199.92,7666.53,7959.52,10008.71,8596.71,8656.62,7468.52,6762.35,5027.54,2857.67,20240106
41590,화성시,11,외국인,12.91,63.15,1004.36,2013.67,2126.99,2059.23,1696.36,1212.93,1350.37,1259.89,793.2,342.83,72.99,15.4,32.48,350.4,636.95,864.38,954.59,711.22,604.62,648.02,517.66,394.26,195.8,74.38,20240104
41590,화성시,1,외국인,0.0,34.19,288.06,695.06,707.14,682.51,409.33,251.81,232.59,190.24,87.11,39.31,16.1,6.08,14.48,169.78,212.94,299.87,301.61,238.23,191.59,181.12,123.53,81.06,47.45,16.28,20240113
41590,화성시,19,외국인,13.65,48.72,813.23,1756.83,1749.12,1698.65,1051.8,610.71,644.04,439.7,246.64,128.85,38.42,9.56,22.16,365.13,503.46,686.41,755.44,584.59,420.44,499.88,378.57,195.85,110.13,41.68,20240126
41590,화성시,21,내국인,6400.72,6861.77,6082.36,9556.76,10864.33,10388.46,13074.66,11227.06,10274.96,7735.26,6086.4,3816.35,1926.36,5960.97,5802.71,5498.3,7084.41,8482.42,8684.86,10841.9,9050.19,8270.76,6127.29,5132.0,3270.67,1864.81,20240115
41590,화성시,12,내국인,7177.33,6717.29,7690.11,12382.98,14334.15,12708.41,16835.05,17116.43,18643.35,16562.09,15347.63,9856.6,5035.13,7104.92,6259.76,6901.39,8223.31,9699.38,11091.52,14271.02,12656.5,12423.34,10734.72,9359.43,6754.72,3934.78,20240115
41590,화성시,20,내국인,7729.94,7747.56,7254.1,11313.72,12568.14,11655.28,15049.91,13471.3,12254.0,9335.26,7229.43,4585.28,2165.43,6881.68,6459.84,6150.68,8606.3,9347.91,9439.31,12431.35,10591.06,9255.69,7261.04,5661.1,3886.21,1924.29,20240109
41590,화성시,10,내국인,5662.01,5694.89,6553.93,8466.18,10238.43,10214.99,13253.81,12781.16,12965.25,10838.28,9233.53,6577.73,3149.15,5146.92,4973.78,5646.23,6841.12,8502.3,8913.23,11415.09,10101.33,9709.18,8262.03,7570.99,5580.44,3163.73,20240116
41590,화성시,2,내국인,2809.95,3421.64,4577.17,5462.96,5733.68,5585.45,6857.8,6036.34,5920.85,4430.37,3587.61,2435.17,1294.51,2667.93,2670.24,3627.07,3716.09,4350.4,4654.54,6106.4,4738.94,4551.5,3544.89,3007.95,2084.12,1292.16,20240109
41590,화성시,10,내국인,5985.56,5871.64,5695.55,8183.92,9316.18,9723.44,12895.48,11829.14,12392.26,9880.42,8684.13,6011.79,3338.13,5453.25,5459.39,5330.8,6825.13,8460.47,8656.79,11689.03,10441.83,9922.74,8626.78,7825.38,5719.89,3193.31,20240117
41590,화성시,6,내국인,2711.59,2682.36,3500.92,6122.87,7183.15,7118.39,9067.36,9264.09,9770.7,8800.16,7403.61,4490.87,2055.3,2427.59,2384.18,2932.77,3681.52,4914.78,4857.75,6682.51,5750.31,5786.41,4899.1,4294.03,2934.47,1593.58,20240105
41590,화성시,7,외국인,4.09,45.54,676.61,1557.25,1527.54,1479.25,1223.81,831.15,828.28,748.85,449.61,203.51,38.24,6.15,16.07,244.53,352.57,517.18,527.47,491.17,426.26,446.88,309.9,219.91,97.13,40.56,20240112
41590,화성시,5,내국인,2815.28,2884.76,3357.03,4827.73,5613.8,5745.38,7391.01,6802.59,6940.62,5669.1,4687.59,3033.29,1501.93,2435.48,2440.86,2808.42,3337.59,4069.22,4403.94,5912.04,5084.5,4935.81,4060.16,3529.22,2440.98,1375.08,20240114
41590,화성시,2,외국인,0.0,22.33,324.83,677.71,762.63,709.6,418.9,235.99,172.52,158.93,113.28,31.96,11.76,2.0,14.32,140.31,162.3,322.05,268.33,215.67,167.94,127.49,135.18,80.78,47.66,20.59,20240121
41590,화성시,19,내국인,7437.68,8530.8,7010.53,9755.75,10825.88,10806.2,13417.84,12122.81,11300.67,8510.78,7102.73,4494.55,2353.47,6338.67,7495.39,6624.99,8301.19,9573.3,9921.48,12731.24,10043.37,9175.07,6993.63,5961.04,4339.49,2257.43,20240125
41590,화성시,17,외국인,11.38,65.73,1010.55,2189.0,2238.63,1990.75,1414.14,850.49,872.94,649.26,459.56,153.43,69.64,8.15,37.36,460.33,675.09,855.47,907.82,774.38,594.38,563.42,433.62,247.87,121.75,55.66,20240124
41590,화성시,3,외국인,0.0,16.25,329.29,718.63,745.51,645.85,429.5,225.86,207.89,176.24,115.65,44.89,29.92,2.07,10.5,91.93,188.19,260.98,276.69,197.57,176.36,145.02,109.87,96.1,51.27,13.37,20240104
41590,화성시,19,외국인,7.6,59.5,864.06,1965.71,2158.71,1689.7,1094.27,575.71,613.72,421.09,295.33,148.33,35.98,11.53,47.2,432.4,634.89,720.69,795.61,566.44,495.37,462.34,364.49,211.76,111.05,62.79,20240126
41590,화성시,23,내국인,4549.3,5703.46,5570.27,8125.96,8888.81,8705.1,10354.58,8933.05,8121.85,6101.67,4686.11,3117.78,1471.11,4153.21,4786.59,5101.57,6339.52,6917.98,7100.01,8746.85,7177.11,6474.27,4982.26,4116.54,2903.73,1559.1,20240127
41590,화성시,23,내국인,4418.96,5800.37,5818.17,7795.02,8361.41,8038.82,10004.85,8519.97,8171.1,5884.52,4730.89,3014.98,1520.18,4084.87,5134.58,5251.26,6275.8,7329.12,6740.7,8486.7,7179.1,6377.9,4945.32,4138.39,2912.69,1560.7,20240102
41590,화성시,14,내국인,9923.29,8692.27,6977.24,9485.15,10899.58,11008.59,14691.94,14192.42,14659.56,12294.2,10952.53,7512.46,3898.42,8704.92,7640.05,6578.32,8060.8,9792.7,10649.08,14365.25,11749.59,11279.4,9754.74,8866.14,6142.29,3578.45,20240129
41590,화성시,16,외국인,9.63,77.77,1095.76,2151.29,2299.56,2011.86,1538.16,969.79,1005.36,854.3,582.4,232.88,59.49,18.21,48.07,465.49,672.57,796.35,882.18,771.83,656.67,626.97,458.61,292.43,159.21,52.61,20240125
41590,화성시,10,외국인,7.31,62.97,977.55,1942.02,2167.88,1955.22,1544.62,1032.99,987.91,892.66,620.22,238.34,96.38,17.9,30.46,438.68,676.97,763.08,882.57,760.29,598.63,548.15,476.46,315.37,169.61,37.8,20240103
41590,화성시,2,내국인,2797.0,2922.19,3451.38,4949.12,5100.61,5121.96,6415.4,5457.07,5102.31,4077.65,3465.8,2275.32,1126.1,2643.12,2483.26,2993.83,3453.0,4040.89,4264.69,5513.71,4368.61,4227.51,3310.16,2829.39,2080.97,1111.62,20240115
41590,화성시,8,외국인,5.85,62.75,983.16,1920.69,2104.27,2047.2,1535.24,1020.2,1123.58,977.97,720.25,312.67,59.17,8.31,44.83,378.86,636.2,733.79,785.79,710.33,602.31,575.16,383.62,290.92,144.96,39.49,20240124
41590,화성시,23,외국인,1.76,43.4,529.8,1124.09,1146.8,933.03,609.15,315.23,342.59,221.65,181.59,73.58,34.0,6.15,19.47,217.23,317.26,409.78,392.99,302.94,199.46,221.39,191.69,108.24,59.23,20.98,20231212
41590,화성시,10,외국인,7.61,78.35,847.12,1927.4,1910.52,1947.14,1541.74,996.03,1138.12,1050.01,747.18,275.01,99.93,9.54,18.07,322.92,580.44,792.73,828.84,685.95,574.21,579.63,384.43,318.32,163.54,60.39,20231208
41590,화성시,14,외국인,12.34,63.94,865.6,2169.29,2247.72,1939.63,1352.84,934.97,963.1,878.19,598.63,238.42,74.59,11.74,36.05,391.18,573.57,718.3,767.02,546.42,473.57,547.99,442.5,264.27,127.41,54.79,20231202
41590,화성시,23,외국인,0.0,27.94,498.49,1001.5,1068.79,900.72,587.96,261.36,328.53,216.31,142.6,74.81,33.4,12.3,15.64,208.85,274.49,391.77,378.37,259.12,207.5,198.34,160.74,102.96,61.85,19.46,20231205
41590,화성시,3,외국인,1.69,32.36,481.17,1108.67,1233.67,926.85,508.24,241.34,227.89,184.63,94.13,60.49,33.66,3.71,26.45,140.04,308.86,371.3,365.35,240.04,166.46,171.7,127.72,98.77,76.29,26.77,20231210
41590,화성시,22,내국인,5816.78,6732.53,7364.9,9321.93,10287.85,9828.68,12714.32,10504.89,9926.12,7419.24,6060.78,3749.68,1856.3,5377.09,5985.35,6632.95,7865.16,9219.61,8881.86,10927.37,8927.76,7761.41,6219.46,5233.11,3587.33,1872.46,20231216
41590,화성시,7,내국인,3685.39,3549.32,4334.52,7843.11,8853.7,8676.74,11209.46,11258.96,11694.62,10580.76,9465.26,5859.82,2631.79,3375.86,3416.43,3588.64,4783.48,5705.99,6166.66,8349.05,7380.25,7108.61,5865.18,5254.62,3955.98,2006.47,20231208
41590,화성시,5,내국인,2526.7,2567.47,2792.0,4767.74,5444.96,5390.35,7268.52,6598.37,6598.38,5557.43,4777.9,3024.13,1480.82,2211.91,2257.04,2509.94,3046.76,3894.18,4289.83,5536.0,4509.15,4624.67,3934.22,3588.49,2395.52,1327.1,20231206
41590,화성시,6,내국인,3247.06,3098.71,3558.37,5757.85,6374.38,6575.92,8215.37,8348.39,8489.8,7452.11,6192.09,3930.4,1900.52,2724.98,2821.19,3202.0,4092.39,4713.67,4954.25,6074.48,5262.1,5251.88,4699.71,3888.68,2900.02,1621.74,20231209
41590,화성시,1,외국인,0.0,25.89,309.75,636.32,760.1,648.66,384.28,226.4,222.85,158.59,108.53,36.51,21.75,4.15,7.79,123.77,222.21,302.26,250.41,177.45,155.12,136.89,101.35,82.98,55.34,12.35,20231211
41590,화성시,1,외국인,1.86,15.98,457.11,938.6,1021.74,834.96,543.24,251.98,256.85,185.79,131.96,63.18,31.84,6.28,27.13,212.82,293.04,388.55,326.41,228.04,215.93,186.73,106.12,95.6,65.17,14.15,20231223
41590,화성시,5,외국인,1.86,24.39,462.74,1122.28,1095.69,887.38,516.23,237.45,229.67,217.49,157.66,77.91,31.9,4.15,26.31,168.9,276.67,298.43,263.2,254.19,202.18,186.72,163.31,100.46,48.5,23.55,20231225
41590,화성시,14,외국인,13.46,76.52,910.49,1886.37,1999.16,1790.1,1420.95,904.07,980.79,841.13,568.53,213.58,78.04,9.61,40.13,375.25,521.73,695.82,854.61,710.12,614.69,564.36,468.79,290.83,148.44,62.54,20231215
41590,화성시,16,내국인,10917.77,7990.22,7238.1,10272.81,11677.1,10538.11,13798.35,13546.22,14233.6,12551.12,11135.87,7111.31,3731.3,9955.25,7280.38,5696.51,7126.09,8902.87,10397.88,13952.01,10941.05,10638.2,9091.61,7644.69,5503.75,3084.57,20231218
41590,화성시,11,내국인,7806.29,6834.28,7860.3,11874.14,13679.09,12178.87,16219.7,17112.78,18632.79,17017.57,14983.72,9669.49,4995.67,7068.48,6039.54,6041.17,7708.22,9388.45,10823.12,14767.4,12083.47,11702.5,10242.74,9128.67,7063.86,4116.5,20231227
41590,화성시,10,내국인,7272.21,6253.39,6178.86,9723.32,11384.43,10525.79,14001.49,14569.36,15613.08,13842.5,13084.69,8496.91,4527.02,6986.89,6029.17,5385.03,5987.22,7971.89,10109.71,13333.78,10891.6,10681.88,8883.13,8481.84,6433.58,3789.05,20231208
41590,화성시,23,외국인,0.0,48.58,632.31,1313.08,1278.3,1166.52,661.37,360.01,367.69,259.56,172.96,70.87,36.86,4.08,36.92,268.3,341.16,411.13,422.32,338.09,269.3,260.99,186.65,115.98,77.34,18.41,20231228
41590,화성시,10,외국인,13.22,65.91,838.55,1800.1,1868.08,1837.29,1480.87,1103.91,1214.53,1072.02,667.61,279.99,84.47,17.76,34.96,281.78,564.21,752.9,821.59,695.12,596.82,652.04,421.76,321.43,183.5,66.55,20231205
41590,화성시,11,외국인,5.26,39.79,732.21,1889.36,2166.5,1824.28,1150.82,716.54,751.36,576.5,386.74,167.47,51.88,9.84,9.99,313.01,537.49,655.1,636.76,448.1,460.6,410.64,347.56,222.09,134.9,54.03,20231203
41590,화성시,0,외국인,3.45,30.52,316.87,760.95,761.15,707.05,442.37,247.22,255.89,181.22,119.82,53.6,13.85,6.22,20.26,205.23,253.66,306.13,320.63,237.52,173.79,163.88,141.06,96.22,34.48,16.13,20231202
41590,화성시,5,내국인,2685.73,2472.85,2959.19,4863.33,5458.61,5452.76,7222.78,6679.15,6811.33,5637.47,4813.83,3147.33,1516.46,2278.92,2258.6,2531.81,3111.77,4082.63,4048.16,5658.2,4703.46,4737.71,3864.0,3561.82,2438.64,1279.31,20231214
41590,화성시,4,내국인,3870.43,4267.94,4749.01,5670.9,6414.56,6090.75,7125.55,6569.43,6251.79,4973.64,4103.08,2801.7,1480.75,3570.16,3464.21,4280.01,5426.56,5822.4,5290.76,6853.71,5496.24,5217.23,4135.8,3823.94,2516.7,1556.48,20231224
41590,화성시,16,내국인,10942.78,8855.38,8174.76,10320.74,11499.75,11068.61,14716.91,14495.23,14894.19,12948.05,11967.64,7758.44,3916.72,10597.95,8389.64,6166.21,7399.28,9129.67,10278.2,14029.62,11587.14,11207.34,9370.31,8329.06,6105.26,3358.67,20231228
41590,화성시,20,외국인,7.86,65.72,967.95,1953.17,2003.6,1684.28,1001.05,611.09,562.78,386.38,306.35,104.87,41.06,4.08,40.36,399.79,511.35,637.68,692.71,558.46,452.24,449.52,299.2,201.57,104.6,35.36,20231228
41590,화성시,17,내국인,10698.51,8196.99,7077.82,10474.22,11829.95,10448.01,14118.82,13550.52,13421.67,11522.34,9470.51,6251.89,3040.47,9604.23,7617.09,5641.24,7132.77,8986.5,10077.96,13178.29,10787.41,10209.63,8426.4,7053.32,4850.34,2534.55,20240117
41590,화성시,17,내국인,8445.75,8959.12,8659.18,10123.22,11656.37,11423.51,14802.24,13351.21,12612.69,10338.38,8666.26,6096.07,3213.04,7592.68,7528.7,8153.44,9619.86,11011.74,11197.0,13950.71,11344.3,11570.0,9364.25,8192.44,5640.28,3120.94,20240103
41590,화성시,2,외국인,7.86,6.22,320.93,714.22,825.92,718.89,474.95,198.65,225.32,181.4,139.06,52.69,29.92,2.07,11.65,112.07,206.47,351.44,227.34,217.85,178.06,160.82,126.29,80.97,33.85,16.53,20240113
41590,화성시,18,외국인,5.85,48.34,731.36,1745.79,1834.64,1580.01,1077.85,601.37,678.36,466.18,290.39,117.66,36.65,11.99,36.17,371.09,519.5,675.84,760.0,641.21,453.01,414.46,380.84,167.45,85.93,53.34,20240123
41590,화성시,12,내국인,7891.61,7342.04,7879.27,9744.55,11143.55,11567.98,14714.62,13410.99,13680.83,11371.32,10089.81,6630.33,3446.51,7293.3,6445.21,7249.75,9586.02,10509.68,10965.25,14013.35,11386.44,11280.96,9419.1,8289.18,6162.21,3353.26,20240104
41590,화성시,8,내국인,4817.24,4626.82,5716.94,7057.04,8277.19,8252.42,10271.08,9466.48,10034.1,7875.2,6848.63,4456.21,2343.98,4217.98,4216.36,5071.76,6335.36,7409.09,7192.82,9355.75,7696.66,7531.08,6573.36,5887.85,4294.32,2290.43,20240105
41590,화성시,3,내국인,3116.41,3605.22,3952.93,5343.7,5872.06,5380.57,6779.01,6243.44,5625.82,4286.76,3718.88,2534.51,1145.81,2751.37,3228.12,3511.77,4178.92,4583.21,4758.16,5860.96,4508.98,4135.2,3511.32,3195.73,2146.0,1219.8,20240115
41590,화성시,21,내국인,6950.9,8529.49,8376.62,10083.99,11344.53,11087.3,14170.17,11712.03,11219.95,8557.56,6918.05,4484.26,2198.18,6131.86,7499.76,7585.89,9131.21,10402.68,9933.74,12665.05,10052.13,9455.91,7405.93,6141.56,4169.95,2340.29,20240117
41590,화성시,2,내국인,3260.18,4295.06,4411.48,6159.43,6174.99,5882.11,7424.75,6315.37,5928.93,4580.84,3808.2,2437.01,1317.08,3302.9,3296.99,3872.48,4841.71,5398.56,5173.55,6067.23,5200.02,4578.01,3793.62,3374.06,2396.4,1381.29,20240113
41590,화성시,11,외국인,5.85,77.75,1125.16,2268.04,2521.11,2342.63,1711.24,1205.96,1259.99,1059.59,802.75,320.26,68.81,16.17,42.68,402.17,621.57,779.13,921.06,774.98,668.08,643.31,494.17,333.32,205.7,43.56,20240122
41590,화성시,5,외국인,2.07,20.37,342.01,701.73,820.91,743.24,468.8,318.33,372.71,335.51,247.25,77.41,37.77,4.01,10.13,97.62,196.12,304.59,263.25,238.6,189.14,201.67,166.11,115.07,55.56,15.41,20240126
41590,화성시,18,외국인,1.69,67.28,1131.66,2726.82,2866.88,2130.01,1219.57,626.01,531.44,419.65,286.06,143.37,45.09,19.95,36.7,421.01,644.36,738.64,801.79,547.01,468.7,445.02,359.75,197.36,164.9,35.49,20240101
41590,화성시,4,내국인,2719.07,2917.74,3468.97,4748.77,5186.14,5105.07,6556.02,6102.9,5703.1,4427.83,3689.57,2501.1,1365.74,2562.3,2576.12,3067.45,3302.29,3903.04,4073.61,5640.75,4589.52,4476.21,3521.08,3127.93,2242.27,1254.12,20240103
41590,화성시,12,외국인,3.93,66.72,1004.9,2519.4,2545.18,2277.18,1566.06,1044.48,1104.96,868.88,626.52,226.56,85.94,16.31,34.07,441.97,691.2,849.19,873.23,711.24,600.56,637.94,418.89,267.98,154.09,52.72,20240118
41590,화성시,9,내국인,5745.2,5600.87,6078.26,7579.4,9066.36,9409.74,11672.9,10972.54,10995.61,8619.95,7577.54,5237.26,2643.66,4811.41,4914.14,5693.5,7085.0,8342.21,8424.55,10896.4,9293.01,8565.71,7586.74,6733.69,5011.91,2699.23,20240127
41590,화성시,22,내국인,5875.07,7668.14,6710.59,9898.5,10587.29,9908.51,12760.0,10637.4,9929.47,7521.34,5452.99,3415.87,1644.7,5211.26,6761.31,6467.47,7572.29,8584.96,8340.03,10955.83,8788.08,7705.73,6083.16,4785.95,3579.3,1817.92,20240105
41590,화성시,4,외국인,0.0,13.49,368.9,742.02,904.3,702.91,466.22,229.62,228.59,205.63,102.63,82.69,41.67,5.85,8.3,155.29,217.52,284.28,278.0,225.38,192.03,165.69,143.63,78.06,47.24,13.82,20240106
41590,화성시,1,외국인,2.07,30.37,397.76,817.7,893.01,807.71,478.89,251.86,246.11,211.06,137.3,59.25,22.24,1.7,21.88,160.25,238.43,324.29,279.39,237.6,173.5,167.18,147.59,100.11,40.26,15.86,20240110
41590,화성시,8,외국인,13.4,59.46,959.9,1864.9,2052.58,1875.43,1521.87,984.05,1075.08,927.33,670.43,256.48,60.24,13.8,40.37,335.85,544.53,660.56,739.89,648.38,537.16,499.23,364.01,292.73,165.53,25.61,20240117
41590,화성시,3,내국인,2734.65,3055.0,3736.7,4847.18,5181.58,5207.4,6163.0,6009.82,5212.04,4178.16,3566.55,2466.26,1235.1,2489.46,2724.47,3165.95,3374.59,3955.72,4082.69,5722.88,4423.15,4277.23,3413.2,3016.6,2075.38,1177.7,20240116
41590,화성시,11,내국인,7279.61,6378.37,6276.13,9065.91,10948.98,11108.02,14848.41,13934.21,14737.04,12028.2,10504.77,6711.24,3157.15,6716.02,5840.21,5749.73,7575.68,9304.54,10485.15,13098.98,10347.55,10132.69,8743.61,7811.12,5297.37,3071.84,20240103
41590,화성시,13,외국인,9.02,73.37,943.04,2203.01,2188.63,1987.6,1412.28,933.87,792.37,690.86,532.1,206.9,45.51,11.6,50.29,303.33,548.4,823.79,765.52,608.56,527.62,547.9,454.04,261.21,131.69,50.35,20240108
41590,화성시,19,외국인,5.85,70.23,845.68,1827.83,1972.39,1631.37,1084.08,655.2,629.62,433.91,315.05,101.55,52.32,4.08,41.15,404.27,569.08,669.19,684.47,575.78,480.09,411.78,343.09,204.16,101.58,57.98,20240105
41590,화성시,10,내국인,6161.36,5743.56,5682.25,8136.65,9482.58,9643.75,12497.94,11401.09,11621.01,9318.3,8159.52,5599.67,2903.84,5082.15,5215.46,5415.87,6942.38,8648.28,8716.72,11689.65,9620.67,9428.17,8177.15,7456.02,5267.01,3079.36,20240101
41590,화성시,6,외국인,0.0,25.6,509.04,1017.64,1088.62,1164.82,965.38,694.23,786.31,805.36,502.95,178.63,63.1,0.0,16.34,213.37,306.2,362.28,390.88,335.33,312.3,311.96,225.47,172.68,81.11,22.56,20240108
41590,화성시,20,외국인,0.0,38.63,860.52,1876.13,2027.36,1545.7,858.54,503.56,412.44,304.52,236.09,100.37,29.43,12.09,30.97,319.12,419.91,574.46,554.37,439.57,339.42,339.47,292.57,166.34,136.8,33.65,20240109
41590,화성시,7,내국인,3539.74,3691.61,4354.42,7750.7,8900.11,8665.08,11453.44,11406.91,12172.26,10984.98,9383.69,5869.67,2612.61,3481.2,3300.1,3382.08,4726.75,5656.97,6339.03,8441.24,7370.4,7096.98,6004.81,5426.07,3773.88,1983.7,20240102
41590,화성시,11,외국인,7.38,60.22,853.64,2031.01,2140.94,1996.14,1477.73,919.02,892.8,876.98,589.86,250.71,78.93,13.63,41.82,278.96,535.6,800.16,646.54,601.9,545.63,582.8,415.96,262.9,150.7,50.43,20240108
41590,화성시,21,외국인,0.0,52.63,663.17,1414.0,1486.06,1319.98,815.72,439.22,433.52,330.24,221.57,66.87,23.26,8.08,39.92,311.8,405.04,550.6,533.12,408.39,292.45,327.91,235.62,146.96,91.07,29.62,20240116
41590,화성시,14,외국인,12.88,87.95,938.06,1871.72,1938.43,1958.08,1570.57,1015.15,1152.78,1013.83,665.15,261.28,85.9,13.53,36.82,397.54,643.46,839.76,904.83,730.63,594.52,649.36,478.42,302.57,152.74,73.29,20240120
41590,화성시,16,외국인,7.71,67.17,1105.21,2561.48,2885.1,2075.9,1190.04,608.59,611.32,439.53,324.08,150.12,53.28,20.6,38.06,332.57,583.04,762.0,806.49,541.86,468.39,468.85,355.87,233.9,153.56,35.51,20240108
41590,화성시,9,내국인,7195.69,5144.1,5811.76,9745.06,11224.44,10103.23,13289.55,13362.92,14631.22,13615.68,11923.21,7841.37,3823.61,6753.75,4669.55,4653.55,5588.48,7216.95,8697.1,11641.89,9751.95,9224.67,8227.64,7478.59,5603.05,3065.67,20240129
41590,화성시,7,외국인,4.0,39.63,769.32,1592.46,1737.31,1786.13,1454.19,966.93,985.56,831.75,618.21,231.97,67.24,2.07,25.51,291.36,453.8,579.43,558.72,523.32,510.98,448.2,335.09,238.48,108.0,38.65,20240108
41590,화성시,20,내국인,7368.6,8729.34,7453.91,10532.27,11489.07,11370.87,14888.81,12728.45,11940.74,9196.06,7018.72,4623.87,2320.61,6821.9,7810.65,7061.41,8886.44,10208.97,10184.93,13364.88,10830.05,9626.43,7466.44,6168.87,4370.05,2125.63,20240113
41590,화성시,20,외국인,0.0,36.42,701.33,1545.76,1799.29,1477.79,918.72,465.77,541.19,390.48,182.03,94.28,43.03,13.79,31.83,357.81,495.87,604.59,619.38,453.2,391.72,376.59,257.25,166.83,92.17,39.33,20240108
41590,화성시,1,외국인,1.76,30.04,292.03,710.11,761.93,648.71,436.45,209.29,233.71,164.81,112.22,48.47,29.36,0.0,12.19,157.54,224.8,322.82,347.6,224.32,181.42,158.8,139.19,90.92,36.38,18.0,20240126
41590,화성시,21,내국인,5655.06,7223.21,7987.14,9341.63,10325.26,10417.96,12581.88,10825.81,9524.38,7360.27,5893.6,3888.22,1959.54,5400.5,6236.28,6820.52,7938.69,9080.97,8880.17,10795.6,8894.09,8104.08,6241.77,5168.64,3686.66,1928.34,20240120
41590,화성시,15,외국인,7.92,62.11,1089.71,2327.8,2477.23,2223.24,1504.77,929.62,988.9,865.23,520.86,229.8,52.66,11.93,27.89,414.45,585.38,788.12,854.45,631.27,463.18,578.86,417.42,277.29,162.29,45.46,20240121
41590,화성시,15,외국인,7.4,63.91,1078.55,2317.08,2481.17,2205.27,1658.47,999.85,1135.92,910.55,661.87,293.29,53.81,16.29,40.1,454.24,684.74,848.09,910.87,688.95,649.61,655.59,544.66,292.55,178.6,61.29,20240118
41590,화성시,19,외국인,2.01,59.93,921.18,1934.52,2060.97,1773.45,1130.68,656.01,661.92,437.06,302.4,113.49,43.48,8.01,44.23,398.01,583.54,729.28,699.91,544.43,507.56,443.16,359.13,208.17,106.69,35.5,20240115
41590,화성시,12,외국인,7.61,80.15,1116.9,2436.33,2717.18,2504.65,1808.57,1272.16,1195.46,1126.45,737.7,304.22,92.81,13.75,35.81,456.97,776.24,1021.61,1132.46,948.58,738.55,688.76,537.02,357.55,162.88,52.82,20240106
41590,화성시,23,외국인,0.0,44.84,507.77,1034.17,1081.26,973.56,586.45,344.0,317.8,218.08,182.31,79.63,13.65,4.08,18.14,204.81,299.07,427.95,344.33,267.85,221.37,206.16,182.23,109.16,68.34,20.27,20240102
41590,화성시,4,외국인,0.0,36.36,486.44,943.34,1000.51,818.47,494.91,235.21,259.57,207.25,109.34,80.39,28.7,2.0,28.3,178.67,236.6,311.99,317.94,222.28,216.38,187.09,166.9,116.16,63.98,19.56,20240117
41590,화성시,19,내국인,8103.84,9229.11,8865.07,10329.82,11867.55,11746.52,14981.3,13164.0,12796.53,9873.01,8080.61,5265.07,2563.62,7334.9,8044.99,7999.15,9418.71,11273.88,11276.63,14715.0,11741.31,10900.54,8623.67,7264.12,5085.87,2486.48,20240116
41590,화성시,5,외국인,4.08,11.22,354.33,759.32,883.99,803.74,552.65,291.71,365.85,290.91,183.28,87.79,39.6,4.15,18.4,165.66,225.93,297.18,313.64,225.68,216.72,193.74,202.4,119.75,57.23,19.36,20240103
41590,화성시,7,내국인,3869.24,3896.17,4795.43,7611.33,8319.49,8527.46,10895.28,10680.48,11678.55,10176.15,8602.45,5252.74,2469.64,3652.73,3547.91,3807.34,4651.73,5859.87,6373.47,8621.61,7258.26,7189.21,5882.04,5276.7,3902.84,2022.1,20240107
41590,화성시,13,외국인,3.45,63.17,1031.46,2443.52,2755.98,2048.67,1468.72,714.06,796.83,606.14,443.59,173.72,73.15,11.32,30.2,324.31,655.29,837.78,820.3,570.64,488.01,536.42,340.18,305.04,163.52,47.34,20240119
41590,화성시,10,내국인,7237.46,5508.45,6374.34,10317.38,11622.57,10517.64,13888.66,14191.7,15552.29,14808.1,13000.4,8597.28,4378.06,6920.71,5376.19,5425.51,6223.0,8071.36,9513.56,12826.81,10761.0,10335.77,9032.34,8275.13,6000.91,3485.28,20240122
41590,화성시,19,외국인,9.53,61.18,1085.23,2340.16,2375.84,1942.88,1150.82,657.1,672.52,463.43,319.17,147.13,45.52,12.09,51.02,463.06,662.56,760.47,801.15,597.13,512.04,525.11,398.59,199.4,118.99,25.0,20240104
41590,화성시,6,외국인,0.0,33.65,501.75,951.2,1120.61,1057.67,1003.03,661.54,797.95,756.38,495.81,176.98,57.17,9.93,10.39,175.51,246.52,347.32,394.05,342.05,317.36,296.91,240.56,148.21,70.12,33.6,20240102
41590,화성시,18,외국인,3.62,54.43,964.98,2232.69,2487.24,2023.82,1221.04,775.78,735.63,506.53,346.2,161.29,61.05,15.85,43.22,436.86,616.31,796.26,769.65,622.46,562.48,505.62,383.77,236.09,114.27,40.55,20240107
41590,화성시,11,내국인,7582.01,6689.55,7704.4,11619.95,13225.9,12330.81,16453.36,16579.71,17861.91,16233.64,14819.52,9528.16,4878.53,6916.36,5987.86,6117.01,7676.29,9346.08,10923.93,13824.06,12051.83,11460.13,9922.22,8956.9,6839.94,4108.12,20240115
41590,화성시,5,외국인,2.07,18.24,281.84,644.81,705.85,655.54,466.36,279.25,302.72,259.1,184.61,51.12,38.4,2.07,11.98,114.53,198.18,263.35,268.33,217.27,197.37,156.82,126.34,89.98,73.82,12.54,20240129
41590,화성시,13,외국인,7.61,72.09,842.61,1909.62,2078.43,2047.32,1549.73,1091.22,1189.31,1144.22,692.92,295.48,82.53,13.67,28.2,343.59,583.96,878.0,884.87,799.18,661.35,687.89,476.85,346.59,169.17,69.26,20240102
41590,화성시,14,내국인,9031.73,8399.03,6833.05,9418.7,10477.07,11140.95,14397.41,13911.99,14394.64,12180.76,10506.57,7136.02,3608.78,8887.32,7197.25,6646.96,7801.41,9712.97,10297.87,13466.21,11625.4,11476.03,9855.76,8653.69,6254.51,3571.72,20240107
41590,화성시,18,내국인,8034.18,8545.21,7139.95,10132.11,11211.78,11250.27,14031.86,12657.14,12032.89,9342.79,7727.55,5014.47,2503.14,7230.12,8034.08,6800.97,8619.28,9935.06,10171.84,13150.9,10640.6,9634.78,7651.88,6588.44,4724.13,2435.76,20240121
41590,화성시,8,내국인,4520.64,4397.51,5393.38,7182.55,8215.26,8479.99,10971.83,10209.88,11157.37,9264.77,7820.57,5159.13,2530.01,3781.06,3901.45,4561.08,5777.9,6658.24,7087.65,8962.65,7502.78,7545.2,6411.28,5582.11,4386.96,2337.42,20240122
41590,화성시,14,외국인,15.22,66.42,864.12,1821.01,1848.37,1891.54,1554.13,1029.72,1133.07,1001.55,686.33,282.99,57.47,9.97,33.85,383.93,585.77,769.0,908.93,698.26,573.41,576.17,512.65,337.65,157.09,76.13,20240114
41590,화성시,6,내국인,2912.32,2887.08,3506.17,6113.98,6594.68,6830.38,9005.9,8615.84,8702.4,7873.83,6501.8,4112.16,1935.03,2511.07,2472.95,2959.74,3781.86,4774.56,4787.25,6665.02,5832.52,5395.73,4661.29,4160.68,2837.68,1482.99,20240113
41590,화성시,13,내국인,7637.81,7914.39,8202.64,9466.33,11134.79,11129.18,14131.67,12821.39,13090.7,10861.1,9442.39,6650.71,3576.28,6886.93,7024.64,7652.98,8877.27,10443.1,10574.04,14132.77,11529.65,11708.04,9965.21,9040.91,6590.36,3439.73,20240120
41590,화성시,18,내국인,9561.34,8840.25,7672.75,11231.59,12358.4,11438.7,14133.82,13551.73,13259.49,10982.13,8805.02,5512.88,2593.46,9344.23,7918.84,6189.35,8195.06,9580.7,10155.67,13663.41,10961.69,10160.92,8328.54,6569.83,4500.3,2457.07,20240108
41590,화성시,17,외국인,11.7,83.81,1115.61,2338.13,2356.63,2167.67,1398.03,894.53,883.3,603.43,459.41,209.71,81.05,11.99,39.91,479.4,665.0,857.15,923.69,759.62,673.61,614.49,479.79,218.77,142.9,49.24,20240112
41590,화성시,3,내국인,2567.97,2701.88,2778.13,4479.95,4800.36,4722.32,6147.71,5420.27,5042.89,4043.37,3294.08,2168.52,1176.4,2476.3,2271.07,2605.65,3117.89,3684.74,3848.09,5568.59,4268.86,3961.82,3139.54,2829.85,1996.43,1096.17,20240104
41590,화성시,7,외국인,1.69,36.72,512.14,1304.18,1306.61,1149.83,804.73,489.57,447.15,360.08,271.56,91.79,57.89,5.71,14.63,181.06,350.75,397.17,367.95,294.02,227.45,258.27,194.23,150.82,80.58,28.4,20240105
41590,화성시,19,내국인,8072.48,8878.01,9089.34,10478.38,11710.23,11879.69,14985.17,13158.16,11945.65,9254.32,7616.93,5038.25,2433.59,7668.42,7798.36,7944.21,9964.39,11472.51,11508.53,14475.83,11138.25,10440.99,8374.38,6903.79,4986.72,2714.22,20240101
41590,화성시,18,내국인,7669.74,8297.01,7421.62,10069.33,10840.67,11164.85,13985.69,12320.56,11485.24,8994.97,7262.9,4677.53,2477.53,6410.38,6972.42,6922.27,8268.81,9846.49,9902.75,12498.7,10196.84,9506.2,7342.95,6308.42,4268.22,2375.28,20240122
41590,화성시,21,외국인,0.0,44.65,905.67,2081.65,2178.1,1654.75,1057.32,466.2,352.73,314.36,234.13,116.62,37.79,18.6,38.97,346.56,543.94,656.81,696.06,442.68,359.78,317.16,272.47,168.81,110.82,31.32,20240104
41590,화성시,20,외국인,0.0,38.1,772.04,1849.32,1841.42,1516.37,939.07,420.78,464.52,337.8,239.17,104.55,35.69,9.93,28.09,306.32,532.74,628.73,623.77,441.62,351.34,309.63,257.18,173.59,131.25,30.14,20240111
41590,화성시,9,외국인,8.06,72.79,892.67,1925.27,2014.0,1960.0,1588.69,1045.07,1097.11,969.44,714.33,309.9,66.09,13.77,34.2,380.63,578.15,704.85,773.47,684.9,593.71,548.1,367.81,283.4,166.06,53.22,20240129
41590,화성시,6,외국인,2.07,35.19,520.66,984.17,1140.98,1162.08,924.6,602.51,726.94,762.47,507.79,213.41,44.75,6.22,10.49,145.59,303.95,381.61,416.85,368.16,303.01,304.44,239.34,191.74,72.35,33.42,20240123
41590,화성시,22,내국인,5187.09,6290.31,6263.39,9193.11,10214.48,10068.03,12087.1,10513.01,9665.22,7195.26,5556.59,3758.79,1803.19,5057.85,5244.3,5384.8,6876.1,7760.52,7967.69,10120.36,8260.22,7551.68,5663.14,4452.11,3275.12,1811.24,20240119
41590,화성시,23,내국인,3910.3,4772.33,5643.41,7593.94,8314.72,8180.62,9758.73,8731.73,8090.87,6123.19,4642.89,3075.47,1500.2,3885.16,4239.97,4518.7,5580.69,6462.67,6496.02,8457.01,6806.25,6177.17,4733.52,3908.3,2851.84,1461.74,20240115
41590,화성시,13,외국인,7.61,67.47,979.61,2057.1,2254.62,2052.12,1452.59,1016.97,1022.62,981.41,621.5,266.29,77.42,18.99,49.87,438.73,660.85,866.06,963.32,806.31,682.43,599.54,499.56,326.22,162.32,48.61,20240101
41590,화성시,19,내국인,9298.09,9188.1,7745.87,11131.04,12568.8,11966.18,15323.68,14252.34,13647.56,10385.55,8369.28,5143.56,2393.24,8231.44,7757.89,6851.92,8911.12,10141.59,10790.47,14727.37,11628.33,10529.22,8393.65,6782.77,4444.79,2346.83,20240101
41590,화성시,10,내국인,6876.12,6036.78,6539.6,9982.74,11276.97,10359.65,14167.85,14479.92,15528.48,14469.69,13381.0,8806.9,4303.45,6851.14,5644.94,5742.91,6235.81,7803.61,9386.42,13174.05,10956.67,10814.73,8942.16,8700.76,6171.35,3669.11,20240122
41590,화성시,18,외국인,9.92,56.32,994.79,2244.4,2380.58,1909.63,1097.63,530.72,520.01,357.63,241.76,129.49,25.58,17.95,36.01,342.12,578.02,744.1,722.15,486.86,371.27,387.42,320.1,197.39,135.37,37.09,20240119
41590,화성시,2,외국인,1.76,19.94,260.01,683.82,837.86,609.6,398.66,223.1,248.25,168.84,109.31,50.44,24.4,2.07,6.3,167.51,217.36,265.89,310.7,210.66,157.81,135.24,122.92,93.36,62.67,19.59,20240117
41590,화성시,0,외국인,0.0,15.25,279.88,637.36,713.37,681.61,469.74,206.06,212.98,165.51,106.92,65.82,21.81,4.15,13.85,142.61,174.64,276.27,313.02,199.52,184.69,155.46,117.04,86.81,43.21,9.98,20240128
41590,화성시,9,외국인,11.46,70.01,823.12,1780.19,2010.11,1898.06,1476.5,1006.33,1134.83,1010.22,683.1,315.51,89.09,11.97,26.29,341.63,601.35,781.62,754.56,666.47,597.31,572.13,393.0,325.02,146.69,55.81,20240111
41590,화성시,13,외국인,12.86,63.05,1038.51,2347.34,2503.03,2007.14,1209.75,703.29,692.77,494.57,396.11,171.76,58.26,14.48,25.86,355.81,615.46,727.74,825.07,593.96,480.72,445.77,425.95,287.95,165.38,44.2,20240114
41590,화성시,10,외국인,9.69,58.99,818.01,1979.94,1955.01,1812.33,1374.93,896.09,928.13,855.52,510.56,231.12,84.6,9.92,33.1,331.74,515.51,712.88,715.94,688.32,570.27,561.81,408.51,295.55,146.57,68.85,20240112
41590,화성시,7,내국인,3828.82,4157.18,5334.33,7611.23,8418.43,8497.54,10967.95,10909.33,11716.67,10561.28,8953.44,5912.24,2646.24,3800.18,3506.1,4068.27,4870.88,5891.98,6430.81,8648.71,7035.31,7060.53,6151.0,5238.75,3861.82,1989.94,20240125
41590,화성시,0,내국인,2414.34,3115.59,3259.06,4919.53,5552.44,5321.57,6758.82,5765.7,5301.63,4075.76,3152.39,1927.77,1060.07,2337.67,2643.89,2858.26,3499.03,3815.8,4212.59,5434.5,4262.2,4156.3,3145.95,2632.99,1798.01,929.52,20240107
41590,화성시,0,내국인,2386.21,3119.88,3374.27,4958.92,5397.74,5389.34,6864.41,6047.53,5438.69,4207.33,3087.88,2007.4,1010.69,2170.38,2629.85,2874.96,3424.24,4080.95,4180.74,5644.61,4378.39,4115.68,3036.59,2727.88,1851.52,987.66,20240108
41590,화성시,18,내국인,9908.05,9605.03,8716.76,10884.01,11978.88,11805.55,15044.67,14654.89,13832.23,11153.24,9246.11,6065.82,2932.38,9361.98,8781.46,7464.14,8616.42,10335.46,11121.99,13982.46,11893.25,11073.68,8947.33,7290.43,5197.5,2758.2,20240101
41590,화성시,18,내국인,7033.39,8693.45,7303.48,9811.8,11230.8,11016.9,13798.36,12377.19,11713.92,8998.45,7350.07,4712.61,2352.65,6859.23,7810.37,6855.99,8447.78,9592.77,10255.11,13096.47,10475.16,9748.45,7635.25,6538.6,4320.82,2241.0,20240117
41590,화성시,7,외국인,7.87,34.43,690.76,1605.57,1672.35,1778.68,1348.2,908.99,1029.38,1028.54,639.58,282.05,55.73,8.3,14.66,264.29,433.62,537.0,608.11,585.55,482.86,451.1,356.77,254.03,95.94,35.14,20240107
41590,화성시,18,내국인,9890.04,8559.23,7148.01,11467.05,12209.01,11305.33,14493.23,13333.6,13400.36,10850.09,8787.35,5432.51,2525.25,9288.62,7708.99,6273.03,7948.69,9480.87,10436.05,13298.84,10784.08,10255.65,7966.29,6454.69,4362.25,2262.59,20240107
41590,화성시,23,내국인,3767.08,4289.97,4465.42,6986.33,7808.96,7556.6,9468.33,8320.95,7378.21,5406.22,4346.99,2840.94,1249.53,3413.02,3832.34,3904.11,4877.87,5858.73,6203.96,7701.89,6490.66,5716.91,4382.1,3644.63,2582.02,1353.12,20240106
41590,화성시,2,내국인,2599.23,2818.54,3022.0,4805.63,5118.68,4906.07,6323.05,5633.35,5045.98,4047.61,3349.39,2098.44,1164.39,2514.25,2314.12,2752.17,3263.69,3785.02,4155.28,5601.19,4297.04,4008.44,3209.7,2954.7,1967.14,1109.63,20240125
41590,화성시,20,외국인,2.01,51.71,830.73,1823.29,1957.73,1627.4,1003.45,518.69,527.1,402.09,256.9,113.38,35.64,5.93,55.12,373.27,579.93,661.79,695.23,533.41,440.18,433.24,284.66,180.03,103.87,29.65,20240110
41590,화성시,6,내국인,2912.36,2680.64,3369.1,5941.05,7029.03,6992.83,9085.25,8970.44,9694.8,8535.42,7403.36,4505.15,1989.37,2573.27,2401.06,2872.99,3586.57,4684.48,4635.01,6505.46,5746.73,5663.33,4681.34,4246.9,2997.14,1467.65,20240105
41590,화성시,8,외국인,9.56,59.86,930.96,1827.46,2127.06,2067.73,1516.33,986.4,978.34,929.6,593.25,242.84,78.31,10.39,37.16,388.87,563.6,777.88,867.52,699.28,580.21,565.45,406.29,336.05,137.98,40.25,20240108
41590,화성시,10,외국인,5.62,66.68,806.91,1849.14,1929.21,1822.79,1316.07,810.37,852.36,747.28,512.78,246.15,70.32,17.68,32.57,272.74,509.58,709.22,622.66,547.28,540.83,512.19,395.83,263.75,156.88,60.1,20240126
41590,화성시,12,외국인,11.76,68.82,1097.99,2320.37,2491.63,2351.59,1811.19,1250.11,1325.67,1176.28,793.97,316.41,85.77,11.89,31.64,424.0,768.53,967.16,1118.68,874.35,724.88,717.64,541.31,359.7,148.25,56.41,20240122
41590,화성시,3,내국인,2720.7,2736.3,3060.74,4699.52,4860.03,4932.27,6296.44,5701.82,4859.11,3991.17,3352.06,2264.56,1251.51,2434.97,2310.97,2636.99,3213.48,3834.42,3932.65,5123.9,4350.0,3998.82,3109.61,3014.35,1917.36,1111.64,20240109
41590,화성시,21,내국인,7033.58,8376.72,7600.29,10679.34,11978.99,11121.47,14492.85,13024.62,12089.89,8615.55,6611.51,4281.05,2035.05,5979.6,6933.28,6638.47,8428.18,9715.52,9616.0,12916.17,10402.75,9065.99,7043.16,5407.86,3908.85,1920.68,20240115
41590,화성시,17,내국인,11160.81,8393.22,7223.34,11023.95,11570.05,10860.0,14117.57,13992.82,14253.19,12213.68,10464.4,6687.54,3221.32,10225.32,8007.02,5934.37,7275.03,9112.1,10714.03,13532.09,11158.35,10716.37,8971.68,7477.83,5296.22,2649.6,20240118
41590,화성시,20,내국인,5564.59,7913.19,6759.89,9244.5,10405.45,10214.3,12740.9,10761.08,10144.13,7253.77,5914.27,3806.7,1821.81,5548.56,6803.75,6387.68,7690.31,8649.1,8748.78,10938.6,9178.04,8210.53,6341.24,5265.19,3680.88,1738.34,20240110
41590,화성시,0,외국인,0.0,34.17,271.76,610.93,610.94,569.56,407.94,262.06,220.57,187.67,86.09,41.37,14.4,4.08,16.25,136.29,206.48,283.73,274.27,216.6,166.63,167.79,137.42,74.37,50.77,20.12,20240106
41590,화성시,15,외국인,7.61,71.03,987.88,2109.69,2182.58,2040.86,1501.73,1038.64,1033.6,880.3,567.39,257.99,91.2,21.99,39.56,437.43,656.4,793.1,1000.96,792.55,646.46,644.45,477.2,350.07,168.33,56.02,20240103
41590,화성시,1,내국인,3745.04,4517.18,5527.11,6679.68,6921.86,6336.06,7935.45,6828.73,6181.81,4763.48,3800.35,2461.74,1374.62,3380.39,3566.95,4536.15,5170.98,5560.74,5619.01,7113.06,5466.01,5141.01,4085.95,3255.13,2416.04,1386.58,20240112
41590,화성시,5,내국인,2964.04,3217.02,4208.81,5156.31,5616.2,5649.66,7713.23,6807.68,6939.38,5804.54,4911.91,3172.34,1694.73,2711.32,2800.84,3277.56,3566.94,4331.82,4397.92,5904.7,4790.77,4948.59,4046.53,3577.28,2690.57,1492.98,20240112
41590,화성시,16,내국인,8352.71,8058.49,6895.29,9389.29,10697.46,11005.86,14108.96,12481.34,11667.61,9458.11,7791.74,5174.98,2936.02,7355.93,6822.68,6489.71,8089.06,9770.58,10135.02,12937.95,10215.01,10062.37,8000.13,6891.25,4936.53,2593.88,20240111
41590,화성시,13,내국인,8515.61,8004.94,6658.16,9736.47,11056.82,11696.79,14920.91,13858.27,14112.28,11385.91,10095.01,7245.41,3934.08,7768.52,7252.97,6610.08,8720.23,10020.84,11017.79,14674.32,11997.87,11736.27,10201.34,9124.21,6425.73,3691.56,20240101
41590,화성시,10,외국인,7.77,50.56,802.02,1872.1,2091.43,1916.43,1545.78,1044.24,1096.71,1080.57,684.09,316.48,84.04,9.87,24.97,378.83,578.57,726.61,901.08,772.01,629.3,605.98,455.44,358.19,176.13,62.28,20240101
41590,화성시,17,외국인,9.98,53.73,994.14,2469.84,2581.33,2061.18,1159.56,591.23,525.58,359.81,242.14,113.13,33.73,20.47,38.18,365.58,580.16,732.44,763.59,513.98,378.05,425.08,318.28,182.1,139.86,38.9,20240121
41590,화성시,23,내국인,5010.43,6282.93,6844.66,8159.83,9159.17,8813.38,11000.01,9174.14,8808.33,6480.65,5386.09,3559.44,1721.7,4483.6,5192.7,5976.2,7586.41,8276.07,7810.83,9758.58,7742.97,7285.86,5665.06,4808.71,3309.36,1907.14,20240103
41590,화성시,0,외국인,0.0,15.83,356.43,842.5,924.85,746.66,486.06,213.75,229.39,175.32,119.45,65.35,29.54,6.28,19.8,175.15,269.73,330.03,291.61,215.32,216.08,192.76,104.31,99.24,56.92,14.14,20240109
41590,화성시,16,내국인,10763.83,7843.85,6997.29,10754.73,11861.82,10715.8,14285.66,14098.45,14785.55,13456.33,12047.04,7813.38,4019.26,10375.41,7184.27,5579.8,6996.59,9048.74,10809.06,14265.98,11243.05,11017.44,9651.3,8555.51,5933.17,3246.44,20240119
41590,화성시,18,외국인,9.82,61.36,1060.8,2587.85,2591.42,1973.22,1120.29,548.55,487.46,353.03,252.97,137.24,40.55,12.3,33.17,359.75,590.16,731.75,838.25,495.54,408.41,461.69,356.07,214.34,128.35,43.8,20240109
41590,화성시,6,내국인,3268.46,3631.53,3764.86,5781.24,6058.44,5874.41,7550.59,7071.33,6999.68,5699.36,4701.96,3289.48,1667.01,3014.58,3082.5,3675.78,4511.55,5099.2,5097.97,6223.03,5309.88,5218.96,4441.33,4054.5,2779.02,1520.48,20240109
41590,화성시,16,외국인,11.08,72.17,877.56,1817.33,1944.91,1788.01,1351.93,932.99,987.81,807.9,545.06,214.03,58.77,20.16,32.26,350.5,578.92,801.44,935.5,695.03,607.92,567.96,446.79,297.0,142.26,69.72,20240117
41590,화성시,1,내국인,2763.86,3325.63,3988.06,5452.25,5806.79,5713.78,6909.3,6171.05,5652.6,4413.26,3682.85,2462.26,1185.41,2580.72,2625.35,3176.2,3668.68,4526.21,4452.09,6096.33,5033.17,4627.57,3675.35,2987.78,2045.25,1276.41,20240116
41590,화성시,14,내국인,9206.86,6494.93,7181.87,11170.9,12538.68,11165.27,14951.49,15404.03,16529.7,14967.07,13372.08,8614.42,4534.81,8641.01,5694.76,5768.62,7013.39,8923.7,10535.95,14132.38,11811.03,11721.32,10151.2,9185.89,6962.8,3868.45,20240101
41590,화성시,16,외국인,6.08,58.68,922.33,2269.5,2372.04,1768.2,1148.1,616.2,648.0,490.42,361.9,170.21,57.58,8.15,48.86,400.81,587.01,650.03,709.2,548.59,444.83,493.95,352.72,219.74,143.92,28.97,20240117
41590,화성시,14,내국인,9594.31,7139.07,7403.57,10924.12,12105.35,11011.69,14826.93,14624.14,15716.89,14187.02,12884.76,8297.6,4091.92,8814.69,7064.85,6094.3,6801.41,8726.24,9540.8,13434.29,11453.36,11311.93,9757.75,8848.99,6524.04,3553.13,20240101
41590,화성시,5,내국인,2712.21,2550.3,3116.84,4907.16,5506.99,5419.52,7344.15,6727.56,6573.12,5613.56,4802.72,3058.44,1592.99,2445.39,2304.37,2619.84,3123.47,3862.5,4158.62,5706.37,4774.48,4610.8,3782.95,3631.18,2496.32,1409.27,20240118
41590,화성시,3,내국인,2671.6,2903.54,3184.95,4528.6,4947.63,4912.88,6341.95,5498.46,5018.92,4061.1,3290.72,2151.49,1177.04,2367.52,2278.66,2715.07,2999.1,3747.59,4015.48,5280.7,4182.57,3892.91,3185.14,2876.69,1981.36,1231.32,20240127
41590,화성시,23,외국인,0.0,37.68,617.51,1206.79,1272.62,1095.9,655.92,331.99,347.11,272.38,191.19,102.85,41.8,2.07,25.82,271.76,347.35,416.15,444.41,295.62,256.95,260.51,196.29,100.83,92.25,13.27,20240102
41590,화성시,12,내국인,7721.25,7577.4,7911.63,9762.3,11217.93,11503.93,14777.4,13511.69,13708.73,11264.71,9802.75,6780.46,3633.88,7259.01,7285.3,7130.23,9255.26,10822.41,11150.44,14583.5,12081.81,11892.41,10480.67,9380.06,6782.53,3813.24,20240127
41590,화성시,4,내국인,3335.45,3323.76,3804.49,5415.06,6059.72,5543.99,6877.2,6104.5,5862.2,4842.36,3806.03,2569.39,1362.96,2906.45,2828.35,3463.42,4679.94,4762.98,4827.65,6113.88,4823.99,4664.59,3941.89,3500.88,2363.54,1467.31,20240120
41590,화성시,20,내국인,7758.43,9563.18,8720.29,11007.16,11992.65,11908.4,15302.98,13612.77,13236.13,10064.19,7642.36,4915.22,2343.06,7757.94,8018.78,7159.2,9048.99,10110.24,10813.31,14143.98,11344.09,10656.07,8039.9,6360.7,4483.82,2373.75,20240115
41590,화성시,12,내국인,7670.92,7375.66,8160.99,13367.53,15283.32,13221.47,17220.46,17907.42,18958.58,17446.98,15304.72,10056.44,4823.52,7286.06,6684.56,7017.28,8377.92,10238.91,11316.04,14931.06,13247.45,12729.66,10759.59,9394.6,6834.46,3898.14,20240112
41590,화성시,7,외국인,0.0,39.59,761.47,1549.62,1603.74,1627.37,1351.51,959.29,1098.83,1010.38,653.38,238.8,70.51,10.23,10.38,262.04,441.92,597.42,634.87,526.65,511.39,462.24,326.19,218.79,107.92,37.13,20240114
41590,화성시,12,외국인,7.77,78.99,1036.7,2316.06,2663.71,2398.1,1838.58,1217.43,1275.25,1134.59,772.55,300.04,109.48,19.89,34.79,434.07,728.1,967.53,1055.69,951.8,795.52,702.79,491.85,361.79,156.82,56.51,20240125
41590,화성시,14,외국인,10.06,75.31,1009.06,2510.7,2676.15,2052.27,1222.14,681.04,596.54,461.79,333.43,196.64,55.27,18.46,35.82,350.34,592.14,832.54,770.5,539.59,479.62,438.26,360.17,232.22,167.53,64.32,20240117
41590,화성시,1,외국인,3.45,48.02,459.0,1292.08,1203.21,965.28,551.07,312.47,241.34,205.52,113.51,54.94,27.18,8.22,14.0,193.31,298.08,393.17,354.51,277.51,184.74,174.99,154.39,112.72,59.96,30.78,20240107
41590,화성시,10,외국인,7.61,69.38,1024.2,1927.62,2274.28,2085.05,1552.33,1084.82,1147.46,956.24,737.4,274.74,64.08,10.01,32.44,357.19,610.13,757.66,841.48,738.81,595.62,585.75,442.92,350.15,176.95,41.63,20240112
41590,화성시,23,외국인,0.0,45.53,612.37,1233.18,1255.47,1112.38,670.11,340.51,355.65,220.86,185.09,99.62,21.51,12.38,27.93,265.3,336.33,396.9,455.1,338.22,236.92,245.09,222.89,127.6,63.58,13.53,20240107
41590,화성시,11,내국인,7840.04,6456.97,6853.82,12401.36,13827.03,12001.0,16158.84,16583.64,18361.62,17080.32,15066.91,10062.35,5015.41,7279.76,5761.51,5755.59,7305.97,9433.59,10977.4,14557.22,12155.93,12101.54,10310.77,9519.19,6946.9,4209.19,20240121
41590,화성시,6,외국인,3.76,28.88,437.96,997.09,1167.6,1074.39,892.92,614.98,729.94,654.99,445.1,157.17,62.28,6.08,22.08,191.16,282.59,349.02,342.34,310.01,301.29,331.89,248.04,162.85,81.33,34.24,20240126
41590,화성시,13,내국인,8367.08,7224.55,7412.4,11433.36,12645.56,11801.27,15480.97,15953.85,16965.98,15205.79,14132.54,9423.54,4623.14,8170.93,6666.31,6605.57,7212.64,9004.02,10328.38,13867.43,11895.9,11973.73,10285.81,9603.15,6468.67,3856.2,20240109
41590,화성시,6,외국인,0.0,24.02,517.84,1017.41,1157.15,1099.67,927.15,590.89,586.2,613.98,385.48,161.17,62.46,5.85,12.45,219.47,303.09,361.64,374.78,329.74,311.48,267.81,222.16,141.62,73.61,11.96,20240112
41590,화성시,0,내국인,2518.59,2928.29,2999.31,4570.6,5132.52,4973.76,6502.23,5930.94,5119.09,4036.17,3024.38,2061.87,1026.52,2176.78,2400.78,2679.79,3165.35,4071.09,4106.92,5107.15,4379.33,3967.86,2910.94,2714.87,1803.76,1045.25,20240128
41590,화성시,14,내국인,9269.15,7523.19,7083.63,9523.34,10746.61,10967.84,14709.99,13768.18,13400.58,11129.33,9514.94,6515.79,3135.89,8609.27,6942.74,6465.5,7982.58,9812.71,10489.62,13706.39,11089.86,10243.11,8918.17,7984.67,5325.62,3010.99,20240129
41590,화성시,0,내국인,2615.92,2964.09,3459.12,5161.69,5549.6,5343.04,6740.9,6036.32,5408.67,4315.65,3156.37,2024.87,1058.0,2345.84,2453.7,2794.12,3197.17,4026.18,4296.17,5348.11,4482.15,3989.1,3200.79,2694.01,1899.39,976.54,20240129
41590,화성시,13,내국인,8640.19,8953.37,7353.97,10882.43,12306.35,11327.18,15457.16,15177.97,16143.03,14528.72,12940.95,8323.11,4344.72,7942.89,8110.89,6082.04,7788.71,9274.92,10704.32,14697.17,12144.75,11994.99,10184.32,9185.3,6823.27,3989.78,20240110
41590,화성시,0,외국인,5.89,30.43,322.33,712.61,875.65,752.3,509.59,232.9,276.95,167.61,129.45,46.96,11.87,6.08,18.25,181.78,249.93,300.29,318.25,241.29,180.76,196.04,135.5,94.5,58.51,20.3,20240123
41590,화성시,23,내국인,4003.26,4537.98,5017.89,7196.36,8103.19,7716.22,9983.54,8529.81,7837.39,5801.34,4502.41,2927.97,1488.86,3703.21,3960.22,3972.29,5187.94,6051.25,6390.6,8196.5,6608.5,5853.09,4601.32,3797.2,2666.15,1398.69,20240127
41590,화성시,2,내국인,3873.7,4702.45,5751.35,6423.9,6829.63,6462.26,7773.08,6675.1,5980.11,4564.11,3794.2,2612.4,1278.38,3504.23,3616.08,4989.8,6230.07,6159.09,5683.91,7028.31,5417.52,4978.11,4102.26,3516.17,2551.97,1460.47,20240112
41590,화성시,2,외국인,0.0,14.18,345.96,716.82,788.89,649.36,452.52,234.19,213.91,145.38,107.21,42.38,29.5,2.07,10.5,90.16,195.18,260.95,274.65,227.72,177.86,142.81,110.86,104.24,60.19,17.23,20240106
41590,화성시,16,외국인,18.8,70.19,1015.42,2122.04,2101.14,1978.56,1423.68,859.55,871.73,808.73,491.04,232.92,62.89,10.12,40.5,381.94,631.31,788.0,829.13,733.21,640.12,580.58,454.07,273.55,140.45,36.44,20240124
41590,화성시,11,외국인,3.54,71.38,981.23,2109.72,2239.9,1809.17,1093.07,687.92,642.08,510.45,372.01,197.62,72.3,10.37,25.67,282.38,505.78,608.81,763.69,490.08,456.45,427.02,398.7,251.42,144.09,47.74,20240117
41590,화성시,11,외국인,9.62,77.1,1006.69,2036.41,2273.93,2211.06,1768.63,1258.95,1352.58,1264.81,843.82,354.89,104.2,7.81,30.2,417.46,676.07,884.23,890.73,769.79,676.15,630.12,478.5,407.55,165.69,58.92,20240123
41590,화성시,5,외국인,0.0,22.46,318.33,711.98,820.86,644.28,481.93,256.06,267.82,231.01,186.76,52.64,35.14,8.08,11.87,90.31,206.08,277.4,273.47,225.66,185.33,206.16,136.67,89.23,48.22,17.82,20240105
41590,화성시,9,외국인,11.45,45.87,825.9,1705.86,1826.06,1820.16,1427.69,1083.72,1185.43,969.15,632.99,283.18,68.83,13.69,23.05,305.69,533.23,727.8,713.74,641.53,553.6,595.39,397.08,300.12,162.76,58.13,20240113
41590,화성시,10,내국인,6383.55,5960.75,6813.33,8462.58,9643.88,10134.39,12955.13,12058.24,12256.45,10320.2,8585.27,5998.96,2968.92,5586.04,5288.45,6437.51,8285.1,9358.36,9423.14,12296.95,10086.53,9858.53,8292.19,7317.47,5441.08,3001.23,20240119
41590,화성시,21,내국인,6280.26,8385.02,8459.82,10688.98,11871.67,11473.01,14317.91,12495.63,11792.54,8854.19,6722.14,4250.27,2052.53,5994.07,7049.9,7010.93,7990.42,9033.03,9449.06,12224.42,9988.6,8959.19,6869.59,5479.11,3766.97,2014.25,20240103
41590,화성시,16,내국인,11026.5,8031.64,7032.2,10348.2,11321.85,10451.39,14011.34,14166.8,14559.99,12740.88,11592.02,7516.59,3733.25,10822.53,7433.67,5957.85,6816.1,8729.5,10676.13,13557.42,10968.39,10694.3,9206.55,7909.33,5610.89,3045.35,20240128
41590,화성시,20,외국인,4.09,72.84,950.17,1825.64,1803.29,1615.48,1009.81,559.47,571.75,386.22,265.1,135.54,40.02,16.38,54.83,369.97,509.2,608.34,670.51,486.33,400.53,386.36,324.37,201.36,87.14,33.34,20240115
41590,화성시,12,외국인,7.56,100.38,1216.57,2615.5,2821.67,2554.34,1899.89,1201.08,1299.87,1063.35,831.9,354.1,73.3,18.03,42.72,489.56,785.01,990.11,972.08,880.19,755.79,701.13,503.02,392.3,186.01,49.79,20240121
41590,화성시,18,외국인,5.15,50.48,912.28,2321.53,2348.36,1836.01,1069.74,536.43,503.74,322.4,289.14,121.36,17.26,19.5,39.63,366.79,524.46,724.51,672.05,447.11,404.85,382.8,297.28,196.17,115.1,34.33,20240111
41590,화성시,0,외국인,0.0,17.7,243.21,562.94,611.32,578.45,354.93,238.69,223.14,113.27,107.68,31.97,21.87,6.15,7.79,103.85,173.97,251.9,239.16,156.47,134.81,137.35,96.93,59.02,55.07,10.28,20240109
41590,화성시,14,내국인,8936.67,7489.43,7152.34,10414.23,11747.43,10576.38,14293.53,14614.68,15733.78,14280.66,13055.45,8471.04,4443.92,8732.88,6826.35,6266.22,6929.01,8709.19,10056.73,13553.58,11424.09,11396.04,9722.62,9210.0,6761.46,4080.74,20240128
41590,화성시,23,내국인,4593.36,5399.19,6300.08,7863.09,8767.49,8284.83,10417.84,8782.87,8415.1,6425.09,5120.13,3228.19,1577.5,4302.94,4538.44,5639.3,6717.44,7753.49,7323.53,9000.48,7240.93,6446.95,5151.33,4490.98,3104.35,1595.31,20240120
41590,화성시,12,내국인,7918.91,6966.32,7329.29,12630.51,14821.43,13233.2,17375.46,17648.43,18750.33,16718.78,14554.73,8930.83,4317.27,7101.68,6123.05,5780.85,8383.97,10051.23,11136.21,15268.51,12673.0,12407.69,10466.88,9190.18,6460.78,3654.35,20240119
41590,화성시,22,외국인,3.41,48.13,1080.52,2334.54,2340.02,1783.25,1004.08,471.87,428.05,281.15,206.53,90.14,35.35,11.82,53.86,345.13,534.24,610.78,616.13,432.31,281.35,303.12,254.05,178.16,104.1,22.17,20240110
41590,화성시,17,외국인,3.45,69.06,1099.63,2629.05,2830.34,2102.49,1262.71,724.54,663.1,470.76,336.02,171.17,57.31,20.31,43.02,407.85,612.78,789.17,736.52,581.7,479.04,463.72,342.18,221.42,177.63,47.13,20240106
41590,화성시,15,외국인,9.1,57.45,861.25,1919.69,2049.38,1929.13,1464.44,949.06,1016.11,907.2,604.96,237.48,67.49,16.18,32.45,373.14,636.51,739.62,871.24,758.27,697.19,602.92,468.61,317.26,166.51,64.96,20240126
41590,화성시,20,내국인,8304.08,8742.09,7382.93,11304.42,12528.32,11508.42,14604.94,13574.57,12505.85,9408.41,7146.37,4440.44,2107.49,7478.11,7693.91,6264.69,8343.15,9579.72,9764.51,12659.92,10529.09,9629.11,7015.56,5813.77,4100.5,1865.65,20240129
41590,화성시,22,외국인,1.72,51.43,1089.28,2412.57,2377.29,1824.16,1009.33,479.47,442.55,331.0,244.93,110.25,31.32,16.45,39.13,411.99,623.06,647.65,645.94,442.0,381.8,345.36,307.52,216.89,115.87,24.27,20240103
41590,화성시,1,내국인,3217.37,4331.72,4450.59,6350.47,6660.32,6520.49,7896.73,6988.77,6272.73,4770.65,3774.11,2478.62,1265.38,2859.71,3519.31,3934.29,4857.8,5153.43,5419.89,6653.07,5195.89,4780.52,3912.59,3346.6,2216.37,1258.11,20240128
41590,화성시,11,내국인,7676.65,6380.26,7059.61,12076.71,13394.73,12082.39,15850.76,16056.33,17985.55,16504.81,14451.62,9338.81,4559.95,7254.07,5813.99,5773.26,7088.34,9190.48,10368.94,14185.75,11997.42,11178.93,9818.01,8975.18,6597.16,3745.08,20240107
41590,화성시,17,내국인,8846.1,9046.79,7504.84,9650.4,10492.31,10954.71,14053.45,12982.48,12705.48,10248.62,8594.75,5324.42,2715.67,7917.45,7786.52,7105.62,8112.96,9882.46,10262.04,13452.79,10914.83,10297.86,8612.83,7306.31,4858.31,2689.48,20240127
41590,화성시,6,내국인,3159.36,3307.38,4780.99,6356.16,7203.74,7165.32,9563.99,9110.81,9803.54,8629.64,7325.25,4503.38,2128.19,2863.95,2956.66,3586.97,4037.91,5030.28,5019.67,6761.24,5888.54,5757.98,4951.36,4244.67,3090.56,1725.58,20240105
41590,화성시,7,내국인,3628.18,3454.54,4046.79,6151.79,7090.57,7064.64,8827.29,8053.17,8415.0,6970.55,5941.08,3961.74,2131.34,3290.12,3159.53,3628.98,4942.95,5776.52,5679.27,7128.49,5909.12,5956.03,5271.17,4832.21,3365.19,1736.92,20240122
41590,화성시,0,내국인,2431.55,2802.28,3291.56,4615.9,5082.96,5183.1,6360.79,5317.31,4828.16,3663.79,3023.6,1988.18,1033.9,2124.73,2527.95,3008.77,3617.15,3923.09,4179.5,5269.17,4391.47,3986.95,2947.84,2584.26,1853.4,972.76,20240118
41590,화성시,8,내국인,7618.18,6059.41,5407.67,9043.49,10759.48,9639.04,12843.68,12585.09,13426.02,11672.76,10143.02,6306.41,2877.15,7383.41,5288.44,3951.35,5629.02,6899.3,7492.16,10253.96,8479.66,8113.3,7004.96,6359.24,4690.82,2499.19,20240114
41590,화성시,8,외국인,9.38,77.25,814.3,1838.64,2114.54,1871.35,1461.47,1076.49,1110.07,1019.96,687.39,282.93,83.23,8.17,23.91,337.29,561.59,743.44,723.21,692.71,585.17,553.12,424.65,330.37,112.52,39.64,20240125
41590,화성시,14,내국인,8824.28,7304.78,7003.41,10300.69,11974.68,10729.75,14306.57,14371.6,15025.6,13518.46,11920.51,8189.93,4162.31,8725.4,7007.61,6217.58,6781.12,8536.31,9667.35,13340.11,11357.91,10995.36,9269.47,8627.18,6156.98,3470.76,20240114
41590,화성시,2,외국인,3.54,44.77,561.36,1285.28,1306.95,984.8,626.09,210.92,218.17,198.35,147.58,88.35,39.84,4.15,27.79,175.16,278.95,372.63,341.2,220.77,211.89,168.01,169.16,100.61,61.21,12.04,20240129
41590,화성시,5,내국인,2756.34,2426.57,2863.33,4813.56,5343.53,5389.46,7009.56,6668.7,6748.12,5627.65,4834.23,3131.96,1627.97,2412.81,2168.91,2534.09,3018.3,4007.62,4194.15,5474.62,4785.03,4537.89,3774.88,3501.79,2427.95,1328.05,20240123
41590,화성시,12,외국인,5.84,59.26,958.22,2280.48,2428.98,1968.95,1262.62,674.05,652.75,515.94,339.76,166.95,45.14,6.22,28.15,323.68,535.06,725.65,694.38,507.39,445.98,449.62,354.84,281.44,156.05,55.51,20240126
41590,화성시,0,내국인,3225.61,3803.94,4940.0,6403.46,6910.07,6405.49,7702.96,6738.36,6344.68,4956.49,3876.03,2424.97,1206.74,3027.52,3308.14,4217.7,5288.14,6015.22,5389.72,6853.32,5533.68,4765.86,3834.29,3517.7,2296.88,1174.54,20240114
41590,화성시,20,외국인,3.71,56.82,979.87,2236.71,2326.73,1885.92,1084.1,612.39,588.73,361.0,282.02,145.78,49.1,10.08,35.4,459.92,630.19,759.61,794.57,594.04,493.48,477.57,358.6,204.14,130.64,22.77,20240120
41590,화성시,21,외국인,1.86,47.38,748.22,1634.92,1726.07,1397.18,936.96,428.3,516.25,357.9,225.3,124.82,44.37,10.3,41.6,354.89,486.1,556.76,607.1,392.0,345.58,360.57,273.68,160.74,92.97,13.99,20240115
41590,화성시,2,외국인,0.0,34.26,418.61,727.84,775.17,653.68,407.67,196.76,218.23,144.08,116.95,63.39,28.36,2.07,21.43,122.94,212.6,236.21,270.69,214.76,159.91,155.28,157.33,85.49,48.61,13.07,20240125
41590,화성시,16,외국인,15.6,82.19,983.53,1983.55,2115.76,1963.0,1534.66,965.73,1015.13,836.06,587.73,242.14,75.42,9.99,39.95,441.79,614.09,858.98,937.14,691.37,598.05,588.05,449.99,265.83,157.87,30.55,20240128
41590,화성시,22,내국인,6396.67,7880.75,7967.11,9650.38,10933.31,10299.29,12869.16,11020.49,10341.71,7740.76,6329.21,4155.77,2100.32,5443.92,6470.04,7371.1,8820.75,9751.35,9309.6,11810.21,9147.04,8678.94,6706.81,5555.93,3894.7,2097.22,20240106
41590,화성시,23,외국인,7.75,38.09,530.88,1194.25,1259.13,1071.96,733.52,326.27,384.8,209.89,193.51,87.73,15.92,8.15,31.56,314.97,363.58,449.23,497.86,295.09,242.24,282.46,168.4,140.89,81.84,26.22,20240112
41590,화성시,2,내국인,2386.91,2822.3,2983.47,4708.01,4987.53,4985.35,6382.92,5702.97,4956.68,3920.02,3313.36,2281.44,1044.94,2338.07,2367.87,2713.27,3249.66,3733.91,4070.87,5232.14,4299.03,4034.08,3276.34,2989.99,2030.0,1136.94,20240125
41590,화성시,2,외국인,1.7,37.06,687.85,1600.95,1552.73,1144.87,585.7,311.41,260.18,180.49,138.37,85.8,20.57,11.99,36.19,211.83,351.52,371.13,386.02,277.39,206.17,181.85,158.01,115.18,91.82,16.29,20240103
41590,화성시,22,외국인,3.52,76.51,872.96,1852.42,1855.38,1540.39,897.08,490.3,445.96,330.97,196.05,93.83,24.91,4.08,44.17,384.7,495.44,575.46,590.82,477.5,368.09,307.37,281.83,181.19,119.03,19.95,20240112
41590,화성시,9,외국인,5.69,52.55,762.4,1766.95,2035.39,1908.32,1522.01,969.28,1074.89,1056.46,650.83,270.71,82.19,13.95,31.29,343.29,536.44,728.6,814.87,676.06,586.79,527.16,394.66,330.82,140.95,65.65,20240115
41590,화성시,10,내국인,6958.02,5987.66,6501.4,8492.3,10005.18,10496.06,13802.38,12938.26,13819.99,11160.35,9750.07,6582.66,3229.13,5516.55,5425.21,5901.78,7133.84,8532.22,9412.88,12193.81,10195.72,9799.76,8418.64,7279.52,5364.8,3071.39,20240128
41590,화성시,7,내국인,4137.55,4371.7,5345.24,6702.77,7370.69,7261.55,9276.58,8510.89,8716.39,7129.23,6093.78,4360.24,1982.42,3623.6,3616.87,4764.3,6201.02,6644.44,6225.05,7919.65,6554.06,6202.06,5420.86,4656.29,3492.53,1915.17,20240124
41590,화성시,21,외국인,4.02,42.57,743.14,1590.41,1653.92,1341.4,834.2,431.46,507.36,353.01,255.42,109.76,37.29,6.15,36.38,360.55,526.46,582.59,610.89,384.6,323.26,340.23,245.04,140.04,81.99,17.71,20240112
41590,화성시,6,외국인,0.0,37.59,491.66,969.64,1091.76,1162.34,911.72,640.32,783.36,788.0,499.49,175.03,58.54,4.08,8.03,157.27,265.79,363.98,390.34,306.53,331.79,308.17,206.94,178.72,67.0,31.1,20240125
41590,화성시,21,외국인,3.84,28.78,600.41,1405.53,1415.43,1197.02,784.81,417.9,474.27,291.44,212.8,92.04,28.1,13.94,25.53,301.86,400.88,509.4,517.89,341.94,278.24,250.87,232.66,145.45,92.0,23.49,20240103
41590,화성시,23,외국인,1.69,44.62,583.52,1316.36,1331.87,1164.81,745.15,357.72,342.64,250.47,164.97,61.42,25.2,7.98,32.9,267.58,358.14,461.95,426.4,352.38,238.53,236.39,182.68,123.17,73.95,22.3,20240122
41590,화성시,10,외국인,13.53,68.37,848.58,1734.7,1980.18,2004.13,1439.14,991.56,1185.0,1087.7,692.08,303.53,81.77,11.52,30.2,309.32,607.07,801.66,840.06,754.12,567.16,609.8,444.66,345.75,163.72,57.7,20240125
41590,화성시,17,내국인,10292.48,8887.09,7443.42,10838.94,11977.89,10870.56,13858.53,13602.41,13763.23,11866.64,9894.02,6217.81,3202.29,9820.34,8061.41,5955.62,7380.36,9118.77,10311.64,13607.49,11137.81,10448.01,8746.08,7168.18,5006.55,2716.31,20240120
41590,화성시,3,외국인,0.0,10.36,310.1,729.9,767.56,627.88,397.98,193.11,183.81,178.55,110.0,67.89,27.44,4.08,9.58,116.76,205.02,265.25,244.4,193.93,141.07,134.79,115.73,101.24,72.61,21.98,20240112
41590,화성시,7,내국인,3729.88,3729.94,4206.71,6007.61,6814.24,6824.64,8457.09,7666.64,7908.7,6631.92,5507.71,3809.77,1926.96,3188.94,3359.0,3833.63,4923.38,5868.96,5814.34,7172.82,6143.66,5782.77,4927.56,4707.88,3432.28,1771.05,20240125
41590,화성시,10,외국인,3.93,53.66,760.41,1857.19,2029.65,1829.95,1346.33,964.73,888.41,796.19,633.54,207.37,88.94,14.38,25.73,362.0,573.84,678.51,754.99,592.95,479.54,547.06,382.88,263.51,149.95,44.09,20240112
41590,화성시,21,내국인,6233.59,7747.16,7122.45,10508.89,11856.56,10997.65,13703.43,12186.54,11054.41,8342.88,6434.73,4148.66,1977.7,5603.6,6762.81,6030.89,7696.35,8815.84,9041.41,12349.5,9504.49,8721.24,6604.18,5225.3,3641.44,1916.87,20240118
41590,화성시,18,내국인,10204.21,8716.27,7847.52,11745.05,12541.24,11478.48,15157.04,13947.09,13635.37,11277.85,8715.92,5674.72,2675.43,9418.77,8177.31,6460.97,8360.36,9987.47,10590.0,14174.32,11399.11,10549.26,8346.74,6618.13,4768.84,2394.39,20240109
41590,화성시,21,내국인,6720.68,7318.68,6590.54,10433.12,11871.49,10868.33,13541.04,11885.2,11005.58,8186.57,6373.64,4040.35,1950.69,5839.48,5982.02,5792.78,7479.26,8812.73,8791.23,11333.12,9605.1,8626.77,6422.54,5046.57,3532.18,1842.62,20240106
41590,화성시,8,내국인,4049.93,4099.48,4541.68,6883.68,8019.93,8111.05,10355.75,9373.08,9808.23,8257.62,6938.35,4684.56,2485.39,3618.65,3677.65,4079.22,5564.09,6533.56,6745.39,8654.01,7450.84,7155.39,6295.82,5773.06,4168.68,2102.81,20240104
41590,화성시,4,외국인,2.07,20.42,353.1,640.29,772.66,627.46,448.33,207.45,230.81,157.22,132.69,44.07,29.63,4.01,12.21,93.76,190.11,248.56,277.65,205.83,153.77,173.84,143.27,98.6,45.55,15.41,20240123
41590,화성시,2,외국인,3.45,35.55,435.39,1235.12,1212.77,929.9,515.91,258.28,240.38,203.08,105.53,61.17,20.03,4.14,12.06,184.3,301.98,364.63,302.16,222.23,178.78,175.45,131.33,105.2,58.35,26.04,20240101
41590,화성시,6,내국인,2939.25,3370.0,4745.81,6504.64,7198.04,7177.03,9194.2,8816.32,9386.84,8238.33,7092.45,4560.76,2018.26,2797.46,2937.86,4012.59,4445.11,5242.33,5228.34,6897.84,5771.23,5767.03,4991.23,4520.4,3262.69,1847.01,20240114
41590,화성시,21,내국인,7130.24,9103.76,8752.36,10394.52,12020.88,11173.89,13946.13,12740.19,11885.37,8976.16,6683.64,4360.71,2104.75,6355.97,7654.22,7112.49,8586.65,9523.64,9938.92,12745.85,10506.65,9399.95,7115.77,5877.47,4129.36,2176.02,20240110
41590,화성시,4,내국인,3371.27,3839.23,4374.36,5487.39,5644.86,5477.34,6723.72,6190.96,6070.46,4675.51,3785.56,2566.45,1336.24,3113.88,3148.53,3756.71,4308.41,4706.3,4746.49,6117.2,4780.2,4588.78,3782.26,3228.17,2433.66,1337.89,20240124
41590,화성시,20,외국인,0.0,61.25,752.54,1648.43,1775.97,1458.56,956.51,532.23,492.42,379.42,241.0,99.98,35.23,2.0,36.47,369.1,466.43,613.79,629.22,486.36,382.39,410.8,285.45,192.05,115.58,33.07,20240102
41590,화성시,22,내국인,5384.11,7143.84,7748.92,9790.42,11014.41,10450.1,12826.66,11464.61,10230.2,7661.83,5808.58,3809.26,1886.36,5058.91,5961.97,6370.95,7071.73,8192.74,8271.78,10983.92,8904.55,7686.26,6096.29,4726.03,3420.97,1846.6,20240114
41590,화성시,17,외국인,7.3,65.96,1102.57,2345.46,2415.16,2187.11,1313.15,928.07,870.24,615.61,373.13,203.95,63.8,18.13,45.43,439.95,643.65,925.04,861.56,734.59,629.34,625.21,447.82,268.26,146.91,55.07,20240116
41590,화성시,1,외국인,0.0,28.04,342.06,701.24,771.88,672.06,431.17,210.46,246.16,167.45,84.6,43.5,25.46,4.08,6.28,115.47,202.83,296.26,285.61,190.71,144.21,156.62,124.79,81.89,51.54,20.47,20240114
41590,화성시,12,내국인,7678.5,7054.59,8405.94,12464.69,14306.25,13292.77,17433.31,17573.63,18399.2,16969.61,15329.83,9771.82,5027.52,7105.57,6181.02,6634.8,8701.29,10477.2,11390.86,14800.76,12940.33,12621.58,10853.42,9368.85,6859.15,4215.28,20240104
41590,화성시,10,내국인,7024.98,5978.83,6347.71,10161.99,11250.83,10529.9,14281.44,14394.68,15805.1,14308.06,13299.59,8618.52,4284.35,6709.31,5270.77,5345.14,5961.58,8077.45,9916.21,12733.91,10951.82,10447.18,9144.13,8462.48,6139.35,3593.46,20240111
41590,화성시,21,내국인,6313.41,7562.15,6919.83,10206.57,11241.19,10813.31,13450.51,11451.32,10698.65,7864.14,6238.91,4010.13,1938.84,5860.87,6537.97,5768.74,7571.55,8534.98,8608.8,11433.1,9288.72,8486.41,6356.41,4959.19,3535.05,1851.62,20240111
41590,화성시,23,외국인,1.7,30.0,438.97,1022.9,1084.3,941.74,588.49,280.65,367.86,230.6,145.23,48.5,33.31,9.86,19.93,238.88,305.44,376.41,367.12,313.36,194.73,213.33,150.5,101.43,64.92,17.81,20240112
41590,화성시,20,외국인,1.76,56.59,796.76,1679.5,1718.76,1409.02,887.45,425.46,411.03,273.32,246.57,101.9,11.51,16.29,33.41,302.12,432.87,523.41,522.6,341.57,373.34,345.76,262.14,147.67,94.68,43.38,20240123
41590,화성시,7,외국인,3.69,55.23,778.76,1480.98,1541.35,1596.14,1274.34,931.2,1073.19,888.94,651.72,258.59,49.18,6.15,10.26,253.2,428.74,537.98,546.58,465.43,474.3,458.08,313.42,262.13,108.2,43.56,20240129
41590,화성시,10,내국인,6549.83,5731.08,5691.04,8611.85,9862.89,10117.89,13459.39,13244.25,13756.88,11750.35,9978.74,6688.86,3398.49,6003.19,5730.22,5346.35,6485.3,8426.34,9426.43,11845.42,10154.75,10062.19,8351.41,7732.48,5591.04,3205.35,20240124
41590,화성시,19,외국인,0.0,38.68,948.07,2093.11,2197.98,1749.89,1011.98,495.82,424.0,333.24,219.71,99.31,33.78,12.16,31.76,318.48,488.37,638.33,639.38,478.43,379.34,367.89,323.48,176.34,136.6,35.43,20240109
41590,화성시,11,내국인,7205.89,6176.71,7445.13,11882.54,13621.98,12254.55,16004.06,16610.71,18235.73,16738.25,14859.93,9518.36,4700.72,6983.62,5818.31,6338.84,7237.98,9182.68,10303.69,13857.36,11979.36,11564.16,9830.65,8923.55,6546.16,3935.54,20240110
41590,화성시,0,외국인,2.07,40.7,507.65,982.28,983.26,848.21,505.81,281.02,259.18,177.44,117.65,58.16,21.42,2.0,32.08,205.77,265.47,329.73,344.6,231.78,224.34,199.24,160.57,111.05,72.24,18.05,20240116
41590,화성시,10,외국인,9.07,73.62,917.95,2006.97,2196.76,2055.42,1574.35,1033.08,1037.35,984.68,634.26,264.8,65.56,9.63,29.86,395.92,596.43,865.17,851.07,772.09,607.88,616.74,447.84,360.51,142.66,55.45,20240123
41590,화성시,5,외국인,5.62,26.27,509.79,1184.31,1179.16,878.74,609.43,256.52,259.66,185.05,147.37,91.3,39.24,8.35,28.04,173.08,259.54,348.14,296.91,209.75,205.11,174.07,155.19,130.51,62.31,10.12,20240114
41590,화성시,2,외국인,3.71,26.14,434.1,952.83,1018.67,817.53,504.36,256.79,232.52,177.4,123.35,67.53,35.46,4.15,33.46,197.78,261.27,351.32,327.91,213.39,195.78,170.66,102.88,87.87,72.73,13.46,20240110
41590,화성시,13,내국인,7683.95,7338.99,7591.79,11143.55,12149.55,11093.25,15059.42,15337.71,16555.11,14835.66,13555.23,8771.83,4469.19,7557.7,6932.67,6359.32,7193.47,8937.66,10191.4,13738.38,11969.48,11758.31,10147.94,9393.24,6955.46,3919.1,20240124
41590,화성시,2,내국인,2932.93,3305.25,4710.71,5456.39,5636.7,5532.0,6584.9,5942.17,5442.68,4294.31,3559.24,2495.87,1223.31,2658.31,2756.21,3616.33,3568.59,4194.91,4517.79,5913.59,4555.91,4239.95,3429.57,3073.21,2315.92,1202.0,20240126
41590,화성시,12,외국인,9.23,56.12,962.78,2360.35,2484.55,2480.79,1650.77,1157.28,1175.92,1108.6,663.11,275.76,78.81,16.21,29.97,418.92,622.1,763.58,904.9,713.83,574.23,573.47,484.48,305.0,148.6,65.76,20240129
41590,화성시,20,내국인,6689.1,7961.65,6783.92,9472.13,10422.99,10487.22,12775.81,11329.98,10325.0,7612.82,6335.75,4011.2,1962.09,5575.53,6839.04,6074.82,7794.44,9007.52,9192.21,11416.82,9321.57,8395.71,6373.36,5475.56,3758.63,2017.16,20240110
41590,화성시,10,내국인,5927.63,6228.95,7042.5,8001.46,9603.01,9537.17,12515.55,11175.75,11807.61,9285.92,8273.38,5947.4,3208.11,5393.43,5706.2,6224.11,7422.76,8714.99,8910.65,11761.37,10032.77,9969.99,8703.1,7790.21,5633.56,3319.34,20240116
41590,화성시,15,내국인,9643.87,7218.26,6934.57,10563.78,11899.87,10874.79,14668.72,14608.16,15513.6,13739.77,12428.71,7869.27,3897.66,9266.95,6520.95,5810.34,7050.54,8622.05,9719.43,13533.72,11325.91,11077.32,9368.63,8478.69,6091.35,3460.76,20240112
41590,화성시,8,외국인,1.86,40.17,664.92,1512.04,1600.83,1277.73,934.69,545.78,585.32,451.69,363.87,182.56,64.13,0.0,25.68,186.69,362.28,430.27,470.25,373.45,315.28,359.05,258.92,177.21,111.59,33.66,20240110
41590,화성시,7,외국인,2.07,48.48,602.87,1394.14,1484.08,1333.09,1021.65,570.58,655.74,575.61,404.65,172.28,43.47,4.01,23.84,205.52,296.0,448.59,403.03,336.67,316.67,284.13,259.19,204.25,103.08,30.08,20240107
41590,화성시,19,내국인,9424.16,8635.24,7206.95,11591.26,12472.56,11575.01,14929.23,13664.23,13074.9,10105.81,8055.36,4943.31,2271.31,8658.93,8061.79,6256.65,8471.86,9379.1,10253.95,13360.28,11208.68,10050.26,7751.61,6293.98,4121.97,2216.03,20240118
41590,화성시,13,외국인,5.91,58.42,862.96,1869.09,2032.37,1775.77,1408.68,874.78,946.16,800.26,517.71,170.99,64.78,6.13,38.97,405.58,599.43,774.47,919.52,686.53,657.52,612.18,407.58,318.47,153.99,63.94,20240126
41590,화성시,10,내국인,7691.62,6576.17,7238.73,10020.32,11622.41,10991.06,14349.56,14951.86,16235.87,14825.15,13248.06,8853.52,4606.04,6908.58,5667.84,5454.21,6748.84,8282.76,9965.49,13524.78,10866.46,10600.9,9300.44,8395.11,6450.7,3693.41,20240116
41590,화성시,22,내국인,5921.66,7555.05,8281.45,9605.42,10590.01,9845.67,12435.81,10737.66,10049.54,7615.68,6071.79,4064.97,2212.19,5144.79,6143.97,7284.77,8492.34,9016.54,8921.64,11232.94,9021.33,8555.28,6680.95,5511.33,3767.0,2064.83,20240111
41590,화성시,21,외국인,0.0,44.53,666.74,1380.87,1533.65,1287.16,810.12,378.89,453.26,294.46,165.61,86.09,47.14,15.38,31.96,342.39,393.98,543.26,489.36,360.22,279.14,334.35,232.08,133.45,85.02,27.02,20240108
41590,화성시,14,내국인,8544.21,7541.1,6888.01,9472.09,10626.9,11290.38,14358.82,12762.3,12830.61,10082.45,8877.74,5929.68,3229.06,7553.73,6666.81,6649.08,8115.62,9891.62,10479.36,13532.0,10991.16,10989.55,9049.63,7900.95,5767.85,2928.96,20240122
41590,화성시,19,내국인,8760.25,8009.52,7098.5,10656.62,12190.36,11248.63,14259.42,13016.43,12554.6,9849.63,7686.74,4749.46,2262.81,7901.52,7012.64,5984.7,8153.46,9376.84,9678.77,12599.14,10329.83,9721.32,7268.98,5875.52,4079.53,2083.94,20240102
41590,화성시,17,내국인,10805.01,8324.25,7463.7,11120.96,12248.07,10981.89,14369.77,13824.59,14265.09,12335.32,10151.74,6766.1,3144.62,10320.92,7945.23,6118.34,7343.02,9323.28,10747.17,13894.5,11341.2,10857.48,8878.85,7312.39,5351.11,2746.14,20240124
41590,화성시,6,내국인,3006.8,2735.46,3376.92,6047.62,7030.82,7010.64,8801.94,8644.63,9064.8,8144.58,6909.76,4143.82,1905.67,2538.7,2402.29,3061.94,3926.36,4828.29,4838.92,6256.35,5933.04,5501.74,4603.23,4093.7,2915.59,1691.46,20240103
41590,화성시,8,외국인,7.49,40.92,749.16,1716.67,1761.89,1633.55,1313.84,844.74,868.15,799.0,466.09,166.97,55.24,6.21,34.0,330.66,511.03,663.99,781.09,649.7,543.22,538.33,372.45,247.59,141.82,47.1,20240104
41590,화성시,10,외국인,3.45,61.74,669.14,1717.87,1824.73,1799.32,1320.66,981.43,978.55,817.48,623.82,278.5,75.62,16.38,26.0,347.64,521.54,638.74,700.47,515.41,465.88,514.81,353.95,261.14,125.67,59.11,20240114
41590,화성시,4,내국인,2689.68,2665.7,2943.35,4512.49,4895.65,4806.07,6145.67,5684.02,5499.62,4407.27,3606.97,2431.41,1258.31,2411.33,2162.46,2395.88,2984.6,3773.73,3887.96,5246.46,4346.49,4138.65,3247.8,2941.95,2101.79,1212.21,20240101
41590,화성시,19,외국인,13.61,83.6,1058.53,2485.33,2604.33,2120.65,1189.22,602.93,528.01,390.77,242.45,114.28,32.87,14.23,31.52,407.82,634.25,749.92,729.64,564.93,476.64,392.01,309.14,173.0,121.53,39.52,20240124
41590,화성시,2,외국인,2.07,32.31,411.8,799.5,894.6,742.95,439.63,269.02,237.6,165.07,138.86,68.05,21.98,6.15,18.53,141.85,238.38,252.46,288.66,253.87,209.39,157.27,143.89,81.82,56.82,19.59,20240105
41590,화성시,10,내국인,7873.86,6127.86,6287.05,9886.69,11851.96,10346.93,14291.17,14270.96,15192.09,13729.87,12216.28,7887.16,3795.03,7386.28,5618.8,4704.39,6332.28,8297.45,9798.37,13317.58,10808.51,10453.1,8849.33,8295.76,6016.15,3223.26,20240125
41590,화성시,3,내국인,2667.89,3368.63,4321.38,4933.8,5200.41,5109.35,6348.28,5622.44,5126.92,4006.74,3292.39,2364.28,1245.47,2720.46,2620.3,3806.23,3817.84,4266.52,4284.42,5702.78,4415.51,4372.52,3414.57,3005.24,2228.17,1360.37,20240109
41590,화성시,2,내국인,3416.11,3917.29,4375.8,6251.98,6546.98,6000.42,7657.26,6627.48,5900.47,4795.57,3769.43,2530.24,1227.99,3061.57,3170.51,3824.66,5007.57,5250.71,5233.17,6390.17,5144.96,4798.49,3823.27,3551.61,2337.0,1409.16,20240126
41590,화성시,11,내국인,7425.36,6579.63,6987.06,11431.18,13155.74,11971.64,15590.88,16587.55,17727.32,15855.51,14666.67,9622.51,4932.74,7143.02,6225.79,5925.05,7133.98,9028.0,10827.96,14431.04,11852.07,11580.3,9906.26,9219.02,6931.53,4043.6,20240125
41590,화성시,21,외국인,0.0,50.15,617.86,1479.05,1528.15,1310.22,787.05,419.42,446.05,322.89,172.13,99.8,37.33,11.87,28.4,355.03,413.84,536.41,501.14,440.61,276.53,312.53,239.54,139.78,70.6,28.53,20240121
41590,화성시,23,외국인,2.07,56.73,609.8,1251.3,1167.93,1113.65,671.55,354.91,365.19,254.37,196.3,93.96,25.89,8.3,40.76,255.52,335.09,469.76,416.81,297.13,232.52,216.16,238.63,153.77,73.11,13.7,20240110
41590,화성시,16,외국인,3.83,76.98,1013.89,2114.59,2084.05,2091.35,1503.2,934.47,987.2,765.61,539.96,260.81,67.23,12.13,35.69,443.2,638.25,740.56,854.02,722.16,642.47,553.34,451.85,278.48,165.71,62.62,20240127
41590,화성시,23,내국인,4513.41,5907.67,5572.85,8119.28,8745.72,8366.09,10494.45,8878.73,8420.81,6513.05,4924.89,3170.04,1588.8,3984.45,4980.39,5199.81,6676.13,7429.44,7282.82,9204.73,7352.99,6467.27,5193.17,4463.99,3106.19,1645.36,20240107
41590,화성시,17,내국인,11252.03,9341.12,7721.64,10413.86,11605.04,10739.51,14085.45,13824.6,13699.29,11606.18,10178.19,6414.93,3313.19,10329.86,8482.8,6479.24,7615.78,9719.28,10688.43,13909.32,11428.06,11065.99,9169.22,7805.52,5410.05,2966.56,20240127
41590,화성시,10,외국인,2.07,56.9,744.33,1860.58,1981.04,1731.59,1311.72,755.62,824.23,694.68,480.66,216.28,65.08,12.16,32.31,331.05,493.91,663.56,631.74,518.83,476.22,481.52,352.24,297.26,172.15,53.3,20240125
41590,화성시,17,외국인,11.22,89.43,1187.91,2311.08,2516.57,2218.5,1489.98,901.09,912.57,645.13,452.43,190.54,57.96,22.11,67.46,515.72,752.6,858.52,904.93,802.17,625.25,620.92,461.85,265.43,160.98,56.15,20240118
41590,화성시,21,외국인,4.09,58.97,833.25,1680.1,1579.72,1457.99,864.69,449.6,494.35,292.1,279.16,119.01,41.4,14.38,46.95,329.7,470.62,597.59,550.13,405.32,336.26,309.38,287.79,174.94,72.81,29.97,20240105
41590,화성시,11,외국인,11.33,70.22,1031.52,2110.46,2228.09,2192.87,1693.22,1196.96,1273.17,1225.7,745.67,340.76,62.46,11.52,22.36,390.99,628.21,810.63,885.38,802.82,702.53,604.93,499.78,366.95,133.03,55.62,20240101
41590,화성시,10,내국인,7529.66,6506.71,6032.93,9842.87,11737.28,10510.43,14387.54,14394.72,15444.29,14050.35,12291.09,7715.3,3956.73,7059.74,5375.12,4763.83,6436.94,7943.27,9681.94,12900.68,10777.93,10099.05,8712.54,8087.11,5863.39,3324.76,20240107
41590,화성시,12,내국인,7133.0,7251.79,7562.23,9590.19,11204.24,11008.42,14519.45,13504.15,14196.83,11668.33,10174.65,6868.83,3517.46,6854.24,6656.27,6780.95,8021.33,9558.41,10256.87,13266.77,11227.87,11099.94,9219.23,8272.58,6127.85,3259.28,20240126
41590,화성시,23,외국인,0.0,44.06,725.97,1513.34,1557.14,1270.48,701.15,423.92,398.31,281.38,183.04,94.61,23.14,4.08,42.32,316.92,400.6,457.23,500.82,361.41,281.2,267.03,244.64,131.96,105.23,17.82,20240120
41590,화성시,19,내국인,9364.61,8572.18,7943.44,12078.15,13180.44,12051.48,15392.63,14275.11,13491.59,10866.32,8497.26,5201.4,2552.95,8346.01,7340.95,6238.97,8586.64,9906.01,10249.55,13924.09,11454.49,10723.41,8163.92,6705.41,4589.05,2268.67,20240127
41590,화성시,17,외국인,8.91,79.47,1031.25,2185.59,2228.42,2069.71,1439.46,820.14,901.25,642.27,455.22,156.25,58.62,15.54,44.1,437.67,655.57,849.65,905.16,749.76,587.99,603.31,453.49,258.71,124.01,58.86,20240105
41590,화성시,3,외국인,2.07,16.29,368.6,669.79,791.76,632.76,451.7,197.91,237.33,146.57,126.35,32.17,33.79,4.01,12.21,101.58,201.78,288.0,264.55,221.6,133.35,161.8,122.48,98.55,39.41,23.47,20240116
41590,화성시,10,내국인,7543.5,5967.16,6056.6,10160.35,11763.94,10380.31,14316.65,14516.5,15890.24,14236.29,12768.21,8319.11,4329.71,7234.76,5157.37,4712.17,6393.65,8191.2,9820.21,13365.73,10593.06,10371.19,8973.94,8443.3,6408.66,3410.59,20240102
41590,화성시,22,내국인,5385.23,6503.82,6526.85,9539.25,10581.06,9977.37,12208.93,10853.23,9861.47,7360.53,5660.34,3728.3,1820.58,4885.47,5503.99,5543.67,6723.45,7970.01,8004.63,10904.8,8310.39,7725.31,5910.19,4510.79,3247.65,1760.73,20240102
41590,화성시,13,외국인,7.61,71.82,948.59,1891.66,2131.45,1948.99,1540.47,1035.01,1108.52,1149.68,696.93,309.03,75.73,8.17,32.27,445.98,635.72,918.76,946.46,776.07,689.59,647.48,508.92,342.19,150.04,69.57,20240104
41590,화성시,9,외국인,11.76,56.82,897.03,1868.5,2023.33,1965.37,1584.02,1099.92,1102.57,1004.8,650.04,281.85,92.32,13.96,26.68,391.76,526.23,767.56,816.32,693.97,614.35,569.5,460.54,297.86,154.25,45.97,20240116
41590,화성시,11,내국인,7238.09,6329.79,7272.65,11731.08,13344.13,12097.33,16271.0,16672.74,18028.8,16742.38,14944.37,9842.04,4568.44,6969.58,5629.03,6247.23,6905.18,9241.57,10622.8,13924.03,11886.66,11376.51,9947.81,9162.99,6615.42,3881.62,20240122
41590,화성시,13,내국인,9365.3,8384.05,8077.1,10842.6,12300.16,11438.89,15388.76,15676.4,16842.77,14907.11,13491.77,9086.77,4582.6,9207.79,7523.88,6661.66,8072.14,9824.35,10971.31,15192.13,12788.03,12238.49,10568.62,9472.3,7118.12,4301.65,20240114
41590,화성시,12,외국인,11.15,73.82,1116.71,2305.76,2442.47,2246.69,1884.39,1315.76,1357.68,1214.34,796.51,317.02,68.09,9.68,34.0,447.98,761.56,944.48,1073.33,840.56,716.4,755.62,545.01,384.02,174.88,79.33,20240103
41590,화성시,21,외국인,5.3,52.85,656.05,1591.2,1598.87,1344.15,802.57,436.37,431.35,315.26,197.85,98.22,26.27,16.16,37.39,398.57,495.78,615.65,610.35,378.73,340.17,357.77,238.96,153.76,71.68,24.14,20240107
41590,화성시,2,외국인,0.0,36.93,502.94,1019.14,1089.7,872.91,523.09,279.9,268.73,212.41,117.73,63.07,22.96,4.08,32.06,189.01,278.5,303.99,346.05,257.06,216.42,204.49,163.01,110.16,71.65,18.07,20240117
41590,화성시,6,외국인,1.76,23.43,471.05,951.72,1189.93,1093.09,968.29,696.81,858.92,753.66,518.71,185.38,43.65,2.07,10.45,195.17,286.39,395.93,429.32,309.31,321.18,315.06,237.59,192.05,89.58,25.27,20240122
41590,화성시,14,외국인,3.84,53.92,1102.54,2056.22,2184.22,2040.33,1647.08,1038.66,1137.23,1011.59,776.43,289.16,72.41,14.02,47.62,440.52,676.92,773.22,908.04,774.11,664.43,661.24,491.65,300.05,174.13,55.37,20240105
41590,화성시,10,외국인,7.31,58.41,851.66,1790.11,1937.68,1924.05,1519.33,1057.97,1178.16,1058.22,682.32,263.36,69.15,10.17,20.41,332.8,581.63,785.87,855.38,688.78,584.13,605.72,416.47,312.19,170.92,55.63,20240127
41590,화성시,17,내국인,8812.56,9298.94,8772.43,9828.67,11108.74,11293.49,14675.04,13070.66,13203.24,10424.27,8834.71,5828.57,2944.46,8315.75,7950.76,7511.32,9132.11,10844.3,11358.61,14302.76,11676.6,10958.12,8995.97,7729.76,5477.9,2893.18,20240122
41590,화성시,2,내국인,2685.51,2795.65,3110.76,4576.12,5043.15,4945.73,6256.24,5510.23,4988.91,3913.04,3226.08,2262.23,1201.43,2328.92,2257.34,2717.51,3079.79,3953.78,3981.48,5275.38,4296.52,3905.67,3152.06,2851.67,1994.9,1249.48,20240115
41590,화성시,21,외국인,4.02,64.0,909.45,1726.73,1694.61,1538.59,919.58,490.3,482.37,332.86,237.84,90.51,34.1,6.15,44.15,363.86,444.46,575.51,579.39,456.52,343.89,355.79,283.69,177.49,97.5,29.72,20240122
41590,화성시,15,내국인,10720.33,7650.08,7300.97,10550.32,11927.58,11066.2,14436.17,14581.0,15703.99,14093.83,12625.71,8006.57,4119.86,9702.0,6854.45,5794.4,7129.61,8863.05,9956.53,13708.68,11260.46,11309.04,9759.36,8466.83,6086.67,3428.72,20240129
41590,화성시,15,내국인,9253.18,8423.05,7081.53,9332.02,10181.95,10786.26,14258.06,13445.59,14188.2,11452.33,10240.19,6559.6,3387.97,8731.34,7351.78,6687.65,7836.63,9968.19,10237.02,13150.08,11766.45,11011.23,9474.7,8217.08,5916.7,3411.28,20240107
41590,화성시,3,내국인,2969.75,3249.55,4349.67,5041.02,5247.09,5368.74,6324.35,5828.98,5252.31,4220.08,3446.3,2535.07,1196.73,2606.43,2626.78,3417.92,3338.76,4083.14,4322.14,5728.67,4530.32,4206.81,3313.0,3086.99,2225.52,1256.48,20240108
41590,화성시,3,외국인,3.45,32.35,425.86,1183.04,1124.92,893.59,515.09,250.36,247.45,186.55,107.47,58.63,16.13,6.22,11.67,174.6,279.62,364.13,311.86,214.26,192.81,184.26,141.85,113.41,54.2,27.96,20240123
41590,화성시,9,외국인,7.24,78.62,794.4,1846.97,1847.44,1793.66,1472.02,967.93,1146.88,948.31,645.94,263.61,83.02,11.54,28.21,318.48,507.93,735.39,828.86,632.57,519.41,571.53,419.44,292.68,113.83,77.19,20240103
41590,화성시,21,내국인,6208.55,7721.2,7215.6,10372.37,11797.11,10748.2,13575.48,12009.13,11221.25,8423.95,6167.17,4003.98,1964.08,5811.1,6293.75,5743.01,7746.31,8774.09,8926.71,11295.34,9249.14,8609.25,6618.13,5064.55,3660.16,1938.22,20240105
41590,화성시,10,내국인,6918.59,6102.85,5486.63,8377.33,10345.51,10538.09,14178.66,13847.43,14275.57,11889.04,10377.59,7128.06,3891.99,6083.45,5097.1,5356.48,6645.53,8470.14,9627.6,12275.55,10383.2,9851.44,8567.01,7848.53,5649.07,3313.07,20240124
41590,화성시,12,내국인,7513.76,6635.88,7663.26,12165.93,14471.8,12538.9,16333.15,16727.47,17436.48,15797.88,13818.84,9015.36,4444.5,7301.88,6880.06,6283.86,8316.56,9572.34,10843.98,14383.58,12598.69,12010.22,10009.58,8866.23,6528.49,3635.67,20240121
41590,화성시,2,내국인,2783.05,3047.34,3666.65,4842.85,5327.55,5085.8,6411.28,5704.74,5419.58,4179.02,3403.09,2270.45,1198.32,2493.36,2332.72,2828.22,3410.2,4036.17,4157.2,5592.6,4277.76,4186.27,3222.22,2799.34,2058.19,1177.35,20240128
41590,화성시,12,내국인,8152.45,7528.21,7571.0,13764.87,15364.14,13211.35,17540.35,17990.44,19611.4,17461.89,15983.56,10303.16,5112.92,7539.78,6703.31,6431.42,8604.91,10399.62,11678.27,15952.51,13007.56,13362.03,11040.04,9952.06,7201.85,4129.23,20240122
41590,화성시,16,내국인,11253.21,7842.95,7073.88,10613.12,11647.33,10423.89,14247.14,13981.21,14558.12,13007.91,11464.73,7532.88,3641.57,10258.37,7103.18,5784.57,7012.47,8804.5,10553.64,13982.63,11232.84,11030.5,9326.13,8011.84,5930.25,3181.45,20240121
41590,화성시,4,내국인,2652.53,2563.97,2897.05,4339.81,4677.3,4684.8,5954.85,5403.88,5220.02,4161.07,3514.39,2507.48,1331.02,2240.97,2087.11,2620.91,3264.54,3661.8,3855.63,5359.2,4238.51,4103.85,3244.41,3021.14,2153.5,1292.18,20240109
41590,화성시,23,내국인,4436.13,5636.66,5750.08,8172.16,8785.33,8409.38,10704.6,9201.47,8504.96,6073.49,4838.52,3194.13,1509.04,3980.17,4558.52,5075.5,6404.68,7197.36,7087.64,9012.5,7320.01,6280.25,5009.4,4183.06,2949.38,1497.68,20240106
41590,화성시,4,외국인,0.0,28.09,375.7,715.21,776.75,628.26,408.55,191.41,236.58,158.01,146.27,63.36,26.87,2.07,19.94,126.94,214.73,251.93,269.43,214.64,157.72,160.02,167.1,79.95,50.41,11.29,20240122
41590,화성시,12,내국인,7954.63,8880.88,7449.09,12318.08,14111.15,12775.52,16638.22,16763.36,17538.96,15347.09,14028.34,8757.17,4202.61,7353.12,7675.06,5897.27,8134.57,9642.34,10855.1,14967.11,12742.35,12173.22,10213.44,9200.39,6312.21,3687.47,20240125
41590,화성시,16,외국인,5.54,52.82,875.67,1764.68,1880.68,1821.05,1294.82,875.51,935.83,758.72,441.57,198.83,64.15,16.47,29.46,346.65,576.25,752.7,858.62,686.89,564.64,566.32,421.93,266.5,125.21,37.28,20240110
41590,화성시,1,내국인,2888.61,3249.62,3939.47,5356.97,5780.51,5489.28,6943.89,6188.25,5659.55,4485.35,3591.3,2364.56,1271.36,2654.14,2474.15,3100.42,3714.43,4413.7,4575.6,6095.65,4526.17,4400.87,3400.23,2998.06,2121.41,1242.78,20240124
41590,화성시,9,내국인,7426.16,6049.05,5527.82,9348.49,10664.94,10203.28,13248.91,13704.66,14450.71,13137.85,11991.2,7794.64,3969.67,6834.94,5683.22,4649.74,5583.0,7184.86,8983.93,11794.96,9691.5,9523.04,7978.02,7718.14,5677.5,3201.73,20240107
41590,화성시,1,외국인,3.93,23.89,504.62,1261.73,1276.99,974.29,519.1,261.52,229.52,203.11,129.72,83.7,35.36,2.07,30.5,179.81,319.75,330.3,298.45,282.56,201.26,191.65,134.35,103.6,57.54,19.84,20240125
41590,화성시,12,내국인,7276.32,6724.3,7797.92,12976.98,15025.63,13528.1,17580.57,17726.61,19034.28,17330.34,15510.8,10187.41,4893.62,7125.06,6048.51,6849.24,8347.32,10117.68,11249.24,15006.95,12681.99,12585.2,10656.65,9489.11,6507.66,3849.07,20240116
41590,화성시,14,외국인,4.15,76.44,956.08,1981.79,2125.01,1995.42,1521.87,1063.76,1188.62,1038.87,725.21,301.8,110.05,9.81,33.29,420.04,614.89,816.41,874.49,762.13,630.11,598.94,484.96,335.46,165.84,81.91,20240116
41590,화성시,4,외국인,0.0,14.23,337.17,718.36,792.01,667.32,461.55,252.69,249.61,204.38,136.2,57.24,32.19,2.0,17.95,124.06,187.53,267.01,287.32,213.39,184.29,189.28,157.54,89.77,45.22,17.89,20240124
41590,화성시,11,내국인,7224.58,6556.78,7120.82,11420.34,12676.66,11526.6,15684.38,16073.37,17580.19,15985.64,14345.05,9287.62,4684.02,6843.74,5904.75,5762.32,6960.77,8709.27,10475.75,13815.11,11433.51,11176.61,9388.35,9060.35,6865.85,3822.42,20240126
41590,화성시,13,외국인,11.54,58.86,898.48,2005.08,2085.56,1915.9,1368.98,961.51,971.25,810.82,514.5,204.27,70.04,7.95,30.04,415.0,592.19,788.05,865.11,761.37,644.74,588.18,431.18,303.24,141.59,64.21,20240110
41590,화성시,0,내국인,2749.47,2814.45,3109.75,4742.06,5241.88,5261.09,6510.66,5533.88,4876.57,3808.02,3091.41,1996.88,1109.33,2368.07,2680.51,2806.22,3509.48,4001.79,4241.54,5446.5,4538.63,3845.54,2996.57,2591.34,1776.26,1011.15,20240106
41590,화성시,15,내국인,8779.98,6652.16,7445.68,10909.87,11597.82,10722.02,14920.52,14913.87,16209.42,14664.57,13304.03,8699.39,4271.22,8214.67,6198.67,6404.38,6821.86,8736.99,10104.9,13761.99,11596.21,11931.74,9795.33,8832.72,6430.34,3749.78,20240115
41590,화성시,1,외국인,1.7,34.94,737.47,1658.27,1644.0,1194.69,584.96,312.41,281.9,187.81,148.61,78.78,18.6,11.75,38.35,214.22,371.96,410.03,409.51,274.18,221.58,195.59,177.48,127.02,87.05,18.15,20240102
41590,화성시,20,내국인,7337.05,8270.25,7856.38,11441.33,12731.69,11773.07,14755.88,13365.01,12575.19,9474.73,7332.19,4600.23,2244.77,6802.87,7442.54,6454.11,8503.06,9882.75,9697.86,13344.8,10862.42,9744.65,7568.72,5931.28,4080.07,2134.97,20240124
41590,화성시,22,내국인,4961.52,6283.59,5410.36,8676.08,9541.73,9393.43,11461.36,9918.09,9086.61,6862.25,5190.52,3345.83,1599.77,4577.56,5274.88,4777.65,6228.18,7327.37,7597.63,9777.52,8364.76,7039.16,5302.08,4334.4,3018.17,1647.69,20240119
41590,화성시,6,내국인,2692.87,2927.68,3786.66,6127.63,7018.55,6887.8,9266.72,8912.69,9496.09,8237.22,6740.97,4209.82,1925.66,2833.3,2521.88,3180.31,3826.87,4740.83,4901.03,6722.52,5711.6,5840.41,4794.72,4123.72,2944.31,1704.96,20240128
41590,화성시,0,외국인,0.0,15.88,287.35,623.15,744.1,577.76,369.16,199.79,207.86,151.57,95.0,43.0,28.12,4.15,15.47,117.04,177.02,290.62,294.5,176.52,151.48,153.6,111.47,86.4,42.87,15.45,20240128
41590,화성시,3,외국인,2.07,20.4,336.48,693.83,767.3,682.77,419.63,248.62,193.21,164.88,116.77,37.89,12.06,2.0,16.63,117.99,174.22,337.51,291.47,196.79,163.69,135.36,145.18,81.01,57.13,18.51,20240114
41590,화성시,16,외국인,5.54,56.15,946.29,1942.79,2090.0,1942.04,1417.18,948.51,1041.97,798.71,617.05,256.08,86.11,18.25,44.6,409.63,608.73,787.77,935.6,702.09,594.21,549.45,495.02,279.59,124.74,66.78,20240122
41590,화성시,18,내국인,7978.65,9428.4,8998.42,10720.44,11976.81,11870.58,15133.77,13697.56,12638.7,10121.07,8311.48,5662.73,2964.55,7285.84,7755.51,8432.2,10008.89,11053.55,11519.56,14305.01,11546.72,11489.61,8987.56,7721.57,5288.38,3056.96,20240114
41590,화성시,20,내국인,6519.12,8689.51,8953.41,10264.9,11682.6,10911.03,13866.58,12267.66,11635.77,8932.05,7260.38,4802.67,2360.87,6320.75,7427.06,7788.7,9088.44,10319.31,9930.28,13158.09,10543.89,9957.26,7747.01,6559.42,4407.81,2312.59,20240119
41590,화성시,15,내국인,10855.42,9415.89,7475.16,9913.18,11420.18,10793.74,14484.72,14192.35,15240.99,13418.04,11785.56,7785.43,3845.57,9729.91,8669.32,6058.88,7349.75,8800.97,10361.0,13984.44,11511.75,11446.35,9522.78,8451.86,6266.23,3673.38,20240103
41590,화성시,4,외국인,2.07,12.01,279.01,613.39,716.63,611.55,385.06,223.6,228.14,166.36,98.36,44.08,32.39,2.07,9.87,112.51,180.49,277.23,247.94,178.35,159.83,138.33,103.78,90.16,63.47,14.6,20240113
41590,화성시,3,외국인,2.07,22.3,458.18,853.04,850.18,745.1,448.46,260.76,241.7,181.5,107.77,59.23,29.16,0.0,14.11,135.06,197.53,288.59,329.97,254.07,194.71,176.59,136.67,99.11,50.11,13.03,20240107
41590,화성시,7,내국인,4010.22,4205.32,5277.69,6232.11,7030.17,6862.95,8492.05,8244.21,7989.69,6420.82,5363.55,3964.95,2070.7,3635.23,3524.8,4656.61,5523.9,6025.88,6038.91,7729.03,6370.14,6352.27,5444.51,5095.65,3583.36,1901.37,20240102
41590,화성시,12,내국인,8251.26,7339.75,7601.28,9500.22,11238.99,11277.88,15117.9,14651.17,15529.73,12746.85,11011.37,7497.82,3640.92,7490.07,6891.19,6618.73,7993.11,10205.47,10833.38,13789.35,11884.01,11391.48,9662.95,8590.57,6126.65,3476.67,20240106
41590,화성시,5,외국인,0.0,12.44,303.8,728.48,768.38,695.52,455.35,261.91,292.72,275.27,208.17,86.52,34.01,5.78,17.61,107.11,221.35,293.25,257.33,222.64,183.96,189.94,134.3,140.55,74.08,18.65,20240118
41590,화성시,16,외국인,5.84,68.43,996.5,2454.44,2267.82,2027.52,1202.88,813.98,703.42,542.19,375.03,147.56,44.3,17.64,49.56,336.73,527.41,741.83,739.81,547.44,446.32,497.45,409.18,216.62,139.7,60.05,20240120
41590,화성시,21,내국인,6499.8,7788.06,6481.4,9986.15,11256.92,10530.57,13354.39,11599.65,10661.72,7764.97,6212.21,3884.8,1766.04,6188.42,6642.44,5865.24,7324.13,8494.79,8567.88,11406.05,9172.89,8306.88,6185.61,5103.31,3421.94,1734.02,20240123
41590,화성시,1,외국인,0.0,17.32,398.74,756.99,939.24,764.32,477.5,230.66,223.98,206.45,114.82,69.63,41.1,2.07,13.82,185.02,241.64,284.42,327.72,252.6,175.15,189.49,158.19,84.42,57.1,15.61,20240117
41590,화성시,18,외국인,3.78,53.97,1009.61,2118.74,2322.15,1934.15,1247.61,751.91,732.9,489.39,365.21,103.75,57.33,9.99,51.99,423.75,640.26,702.11,758.95,649.13,569.72,589.59,408.33,232.71,110.33,32.87,20240120
41590,화성시,14,내국인,9286.39,8627.11,7250.12,10084.11,11542.92,10775.37,14566.23,14079.0,14844.99,13326.16,12157.23,8043.69,4066.57,8654.84,7539.6,5643.97,6856.73,8887.0,9902.03,13557.42,11600.47,11469.42,9720.23,8703.57,6370.51,3570.71,20240123
41590,화성시,22,외국인,1.76,30.56,554.8,1252.3,1274.83,1078.73,717.48,329.73,395.21,272.6,184.26,80.81,28.0,9.93,21.54,262.9,342.72,436.66,420.56,305.59,254.75,243.03,199.6,159.01,70.23,24.68,20240107
41590,화성시,20,내국인,8141.11,9427.75,7717.6,10949.91,12275.34,11285.53,14876.77,13130.29,12424.24,9429.29,7227.37,4555.76,2016.48,7562.98,8614.94,6994.62,8838.37,9642.7,10211.6,13262.08,10626.88,9614.79,7474.41,5999.03,4185.94,1972.12,20240121
41590,화성시,14,내국인,9376.55,8494.26,8028.66,10366.32,11842.36,11210.52,14981.62,14762.91,15956.07,14272.58,12686.51,8533.32,4399.09,8997.69,7747.34,6475.84,7575.48,9410.26,10751.24,14186.63,12519.13,11734.97,10305.36,9175.04,7059.14,4077.46,20240110
41590,화성시,13,내국인,8425.88,6090.57,7122.36,11542.25,13265.97,11431.28,15731.09,16200.11,17377.29,15479.71,14140.14,9046.38,4547.25,8005.38,5622.68,5672.34,7331.19,9200.93,10908.43,14315.78,12152.38,11999.18,10321.36,9478.43,7065.03,3911.24,20240128
41590,화성시,13,외국인,5.63,77.29,992.52,2123.92,2313.4,2090.34,1551.58,1062.71,988.44,910.02,638.37,255.73,105.2,8.31,32.41,470.55,714.5,879.87,926.06,818.73,651.22,589.56,477.25,345.93,165.26,53.32,20240115
41590,화성시,23,내국인,3997.35,5150.26,6240.61,7671.24,8616.98,8484.19,9896.29,8775.89,8122.04,5959.78,4873.48,3225.68,1580.11,3690.96,4195.91,4871.36,5531.12,6436.61,6590.12,8711.53,7002.53,6185.05,4792.01,4151.71,2980.64,1611.4,20240111
41590,화성시,16,내국인,11048.69,9154.08,6972.54,9793.21,11186.72,10581.82,14405.84,13959.23,13903.85,11868.2,10624.19,6822.46,3594.86,9637.91,7899.33,5824.68,6928.34,8936.47,10233.76,13511.18,10808.74,10814.82,9326.75,7994.06,5596.16,3030.26,20240128
41590,화성시,4,외국인,0.0,14.52,307.08,746.17,778.91,621.15,363.96,192.37,180.2,168.56,122.87,67.07,25.61,5.78,11.39,110.46,208.86,269.33,229.49,195.91,175.39,155.64,120.72,118.15,60.26,11.91,20240112
41590,화성시,4,외국인,2.07,23.94,440.88,755.0,872.58,723.81,429.01,249.21,235.93,189.52,152.43,67.4,27.37,8.15,16.38,116.66,258.04,265.64,297.15,256.49,194.03,175.37,153.61,88.11,59.73,19.6,20240114
41590,화성시,20,외국인,7.53,68.01,908.71,2270.1,2308.31,1817.85,1034.31,546.75,484.42,362.61,188.43,103.52,22.57,16.52,37.2,390.93,600.91,711.04,685.6,527.51,423.28,366.87,293.68,181.47,108.28,30.98,20240127
41590,화성시,20,내국인,7132.18,8666.85,7714.57,10094.02,11068.28,10959.88,13723.98,12076.48,11568.38,8642.59,7010.23,4359.67,2094.27,6461.96,7827.18,7167.19,8760.6,10012.59,9716.01,12687.1,10384.58,9095.48,7334.73,5938.12,4043.44,2083.1,20240114
41590,화성시,15,내국인,10671.0,8360.01,7253.85,10813.26,12207.26,11192.45,14564.13,14796.24,15762.97,13952.56,12309.4,7701.96,3860.53,9907.83,7152.24,5579.47,7068.72,8826.47,10185.04,13700.74,11404.28,11212.94,9831.44,8409.84,6305.1,3308.37,20240104
41590,화성시,12,내국인,6998.94,6625.88,8202.99,13069.36,15061.66,13252.86,17434.83,17759.78,18890.86,17310.11,15872.56,10339.27,4815.73,6912.72,6314.99,7200.3,8320.14,9947.22,11491.18,14647.49,12761.85,12697.92,10724.03,9711.61,7087.36,4115.7,20240109
41590,화성시,5,외국인,0.0,22.53,314.31,695.19,747.95,739.33,525.43,334.79,370.12,337.94,207.42,98.29,35.03,4.01,12.41,155.53,228.49,310.02,292.06,226.57,209.45,220.96,145.42,107.09,64.83,16.43,20240111
41590,화성시,15,내국인,9451.84,8182.8,7025.19,9538.17,10956.85,11159.13,14597.85,13228.68,13583.97,10713.7,9188.88,6567.13,3646.93,8468.11,7868.57,6693.76,8497.71,9976.66,10830.09,13958.9,11424.27,11136.49,9313.51,8188.07,6078.56,3263.17,20240106
41590,화성시,17,내국인,10990.2,8429.7,7168.7,10262.09,11567.96,10675.41,14241.67,13401.25,13560.48,12095.24,10071.76,6638.78,3248.08,9649.29,7559.99,6007.28,7246.89,8829.2,10327.0,13466.89,10888.0,10451.14,8498.18,7323.57,5210.62,2736.45,20240123
41590,화성시,2,내국인,2682.47,2924.5,3099.92,4577.18,4935.67,5055.58,6168.22,5468.38,4876.33,3869.02,3297.77,2134.76,1240.86,2515.34,2444.76,2832.22,3492.2,3824.59,4241.34,5133.0,4562.47,3868.08,3163.17,2742.34,1995.39,1145.28,20240106
41590,화성시,14,외국인,11.08,66.89,872.66,1863.6,1930.92,1935.0,1499.68,1025.88,1138.93,1036.13,677.01,291.95,96.25,13.74,32.66,352.89,597.88,826.05,861.15,722.09,622.05,625.0,493.52,334.84,166.0,64.88,20240115
41590,화성시,3,내국인,3397.59,3945.85,4479.46,5704.44,5794.31,5439.4,6770.47,6099.03,5755.19,4446.63,3625.45,2477.99,1291.25,3257.79,3251.73,3888.91,4388.12,4819.34,4896.25,6226.2,4669.54,4570.91,3724.54,3152.3,2329.45,1365.11,20240104
41590,화성시,10,내국인,7522.99,5795.04,6126.82,10152.58,11481.03,10579.26,13988.42,14214.51,15274.68,14431.74,12731.41,8310.14,4097.1,7099.0,5378.3,5113.9,6103.4,8048.65,9745.97,13124.86,10999.42,10145.66,8973.42,8279.47,6224.77,3658.23,20240124
41590,화성시,5,내국인,3180.67,3460.55,3581.0,5187.2,5626.05,5551.75,7068.89,6481.09,6344.59,5170.35,4441.41,2847.34,1343.09,2699.41,2997.9,3405.52,4048.76,4587.84,4663.75,5975.66,4668.48,4586.68,3825.23,3397.02,2395.26,1259.17,20240125
41590,화성시,12,내국인,8459.32,7234.3,6590.87,9736.31,10956.0,11295.89,14999.78,15011.8,15743.58,13274.74,11552.83,7642.72,3952.75,7975.01,7134.94,6382.47,7634.31,9595.4,10450.82,13749.31,11823.11,11517.59,9758.28,8975.6,6217.35,3584.07,20240115
41590,화성시,1,내국인,2801.26,3253.66,3696.19,5364.74,5476.5,5677.25,7054.21,5974.15,5361.96,4334.17,3406.42,2150.79,1136.5,2602.73,2668.39,3055.81,3458.66,4182.36,4600.37,5983.16,4617.13,4391.95,3425.87,2968.56,2116.71,1253.06,20240128
41590,화성시,19,외국인,7.86,48.6,977.42,2009.14,2127.71,1784.33,1089.43,696.19,677.89,466.88,317.11,106.77,44.04,9.91,48.35,410.95,600.9,704.84,699.58,597.91,470.09,499.77,362.68,224.1,116.29,26.69,20240115
41590,화성시,21,외국인,11.16,48.24,713.92,1715.56,1819.23,1477.39,977.44,455.32,482.82,285.97,271.36,115.06,23.58,8.16,49.4,409.33,490.26,658.44,734.96,439.12,362.48,344.86,269.81,177.12,104.08,40.87,20240101
41590,화성시,18,내국인,9885.35,9152.67,8972.1,11974.83,13020.77,11723.87,15274.45,14403.23,13879.11,11638.53,9537.06,6109.5,3107.72,9197.63,8749.64,7273.01,8943.8,10090.47,10656.83,13923.94,11602.49,11299.87,8707.89,7042.34,5214.16,2557.74,20240103
41590,화성시,12,내국인,7882.98,7092.41,7708.1,13231.04,14779.87,13137.26,17001.3,16786.92,18390.74,16812.45,14985.02,9508.56,4614.67,7449.87,6518.56,6312.41,8282.44,10112.8,10927.54,15192.28,12793.63,12472.6,10666.48,9325.14,6592.58,3722.94,20240125
41590,화성시,22,외국인,3.69,64.63,838.1,1997.99,2119.0,1632.79,944.92,441.4,442.67,308.18,191.65,100.95,35.98,8.15,33.57,298.31,541.69,610.81,570.94,425.98,333.1,306.47,212.7,165.08,95.55,32.01,20240124
41590,화성시,3,외국인,3.71,14.25,433.3,885.93,984.7,762.06,510.24,236.07,220.41,181.23,120.21,72.04,31.89,6.28,25.05,185.15,235.86,313.54,312.29,232.39,178.07,171.37,108.66,83.83,64.24,13.79,20240118
41590,화성시,11,외국인,7.68,78.08,1163.74,2208.88,2440.57,2232.36,1806.08,1198.48,1290.53,1196.66,854.35,329.14,87.87,22.26,40.73,429.84,668.0,789.02,894.66,783.1,698.13,677.64,518.64,352.05,168.8,45.75,20240119
41590,화성시,2,외국인,1.69,29.95,341.37,815.41,931.5,760.62,491.43,266.19,212.99,179.92,108.22,55.55,23.32,4.08,18.09,161.16,276.19,305.48,329.06,221.34,168.37,179.92,136.72,93.51,47.84,17.84,20240114
41590,화성시,17,외국인,9.09,72.0,964.28,1997.03,2126.43,2033.88,1249.72,827.85,885.73,667.44,450.27,163.06,57.31,5.77,24.55,371.9,626.63,827.45,889.7,682.56,605.24,579.48,472.55,278.38,110.4,52.77,20240125
41590,화성시,0,외국인,3.69,42.94,471.63,1148.72,1232.78,991.06,555.53,255.02,251.2,174.9,117.84,44.75,33.63,0.0,19.88,168.58,349.47,378.99,349.31,275.89,169.86,188.35,96.08,82.83,54.72,14.18,20240119
41590,화성시,3,내국인,2539.67,2643.52,3041.47,4420.94,4811.04,4853.64,5968.62,5522.31,4984.46,4009.17,3243.36,2266.91,1109.98,2321.98,2299.71,2669.34,3159.86,3812.32,3948.99,5106.21,4211.43,3937.4,3116.87,2962.13,2035.22,1109.43,20240124
41590,화성시,16,외국인,7.24,78.36,1066.66,2331.97,2448.68,2171.49,1519.32,945.41,1033.95,731.46,530.15,235.93,56.16,14.2,51.47,476.72,652.56,860.01,899.11,675.1,656.93,563.19,489.37,268.48,177.19,57.4,20240117
41590,화성시,9,내국인,5062.84,5461.49,6274.68,7350.68,8772.56,8626.81,11221.91,10597.32,10786.98,8336.43,7243.01,5307.24,2903.58,4491.04,4656.93,5687.48,6698.71,7830.28,7779.25,10230.66,8815.94,8579.46,7420.49,6793.36,4940.56,2567.88,20240119
41590,화성시,13,내국인,8901.09,7903.65,6866.73,9568.35,10871.55,11073.01,14615.59,14178.1,15006.73,12503.62,10907.25,7327.8,3934.3,8765.7,7533.45,6613.79,7882.38,9729.16,10652.24,13766.26,11837.23,12003.85,9939.19,9075.41,6391.01,3649.24,20240129
41590,화성시,19,내국인,7675.96,8785.35,8092.2,10354.61,11511.81,11299.61,14552.28,12790.37,12446.59,9643.08,7793.47,4723.97,2296.61,6972.09,7572.71,6965.14,8766.91,10542.97,10640.09,13563.91,10697.15,9824.41,7670.27,6505.84,4359.59,2246.38,20240116
41590,화성시,0,내국인,2732.17,4152.52,4375.23,6197.86,6462.28,6082.1,7480.15,6608.87,6138.9,4640.57,3420.3,2006.63,1131.8,2818.65,3164.21,4028.73,4757.49,5263.34,5095.74,6406.77,5201.6,4767.28,3909.07,3109.6,2192.11,1300.73,20240119
41590,화성시,22,외국인,0.0,44.56,698.53,1410.85,1557.71,1223.0,768.06,395.14,390.62,287.61,180.7,92.85,31.67,6.28,27.21,289.64,393.53,485.3,516.52,376.39,231.46,261.39,209.87,140.64,92.23,23.8,20240102
41590,화성시,8,내국인,7557.62,5587.21,4995.44,9274.46,10460.8,9821.03,12952.86,12652.15,13590.73,12167.96,10983.17,7170.35,3014.17,7185.8,5090.8,3828.81,5490.2,6629.7,7524.91,10096.03,8618.15,8286.61,7228.64,6688.4,4583.84,2426.06,20240120
41590,화성시,7,내국인,3612.61,4045.75,5598.17,8039.6,9158.67,8680.37,11222.7,11037.88,11610.55,10539.66,9012.98,5767.68,2561.2,3494.82,3700.84,4357.28,5155.87,6190.35,6267.87,8286.83,7345.98,7094.15,6018.13,5435.37,3943.6,2126.78,20240109
41590,화성시,9,외국인,9.38,57.4,930.82,1870.68,2127.8,2015.23,1549.29,1077.29,987.88,944.34,663.39,283.42,87.72,9.96,35.75,365.78,545.08,784.65,869.01,696.29,557.68,550.52,417.97,307.25,156.89,50.69,20240116
41590,화성시,1,외국인,1.69,46.4,511.59,1199.29,1319.63,1097.29,564.17,248.45,236.66,195.31,97.48,46.64,35.22,2.0,22.03,178.57,365.43,382.99,409.04,285.94,200.93,214.58,140.85,100.61,59.35,14.2,20240117
41590,화성시,1,내국인,2770.82,3091.65,3555.42,5168.59,5546.54,5416.95,6924.8,6102.56,5430.94,4215.94,3354.08,2254.61,1171.73,2501.76,2839.7,3035.02,3616.46,4216.31,4426.51,5721.91,4646.45,4318.5,3367.14,2962.75,2017.12,1189.03,20240112
41590,화성시,19,내국인,9090.6,8905.9,8415.54,11836.1,12876.69,12111.78,15890.6,14141.75,13114.52,10505.44,8326.16,5293.4,2413.83,8779.74,8268.5,6668.94,8867.22,10019.31,10479.21,13920.62,11603.02,10854.61,7894.62,6313.58,4387.79,2295.64,20240113
41590,화성시,19,내국인,8956.8,9089.92,8570.04,11543.32,12230.46,11896.17,15571.05,14174.53,12998.41,10626.41,8589.58,5169.27,2713.42,8300.06,8301.82,7057.95,8745.47,9972.24,10347.73,13501.21,11168.71,10488.31,8038.05,6298.73,4660.71,2380.89,20240103
41590,화성시,11,내국인,7742.97,7437.81,6991.16,10991.88,12651.14,11815.84,15891.84,15913.19,17397.92,15392.44,13627.07,8604.48,4499.16,7203.36,6723.75,5494.17,7139.57,8908.03,10826.47,14316.35,12056.84,11407.86,9793.41,8984.41,6641.86,3960.41,20240125
41590,화성시,0,외국인,2.07,20.02,346.05,618.66,726.52,653.84,424.94,190.78,217.48,145.0,107.06,47.02,17.63,4.08,11.51,112.5,190.69,260.1,243.23,222.93,143.29,161.31,125.74,81.16,47.94,13.85,20240125
41590,화성시,18,내국인,8516.18,9492.04,8972.24,10208.58,11640.06,11709.04,15014.21,13367.03,13173.83,10247.82,8535.94,5529.41,2765.94,7853.03,7929.92,8053.82,9375.51,11053.88,11438.5,14802.66,11702.76,11174.05,8985.6,7503.64,5201.22,2605.81,20240116
41590,화성시,6,내국인,2816.08,2635.61,3611.27,6065.25,6875.31,6909.59,9311.82,9265.39,9696.88,8544.29,7555.45,4420.97,2070.94,2584.45,2518.72,2922.17,3637.2,4482.53,4894.49,6622.12,5792.5,5653.08,4719.36,4223.88,3008.62,1635.62,20240118
41590,화성시,17,내국인,10534.75,8437.15,7083.38,10979.09,11599.64,10722.72,14160.7,13309.74,13900.48,11836.56,10298.73,6293.28,2905.22,9670.67,7543.63,6187.44,7131.44,8953.0,10208.37,13105.37,10786.8,10134.88,8303.44,6862.44,4795.71,2512.26,20240122
41590,화성시,12,내국인,7424.61,6655.2,7853.48,12696.12,14213.41,12935.83,16720.03,17120.25,18185.15,16420.4,14957.34,9470.14,4734.36,7023.1,6264.8,6428.29,8156.33,9656.79,10991.33,14548.51,12639.11,12284.36,10343.56,9344.77,7063.92,3932.98,20240107
41590,화성시,20,내국인,7340.93,8943.82,8969.57,11657.63,12858.73,11868.31,15295.35,13555.99,12677.62,9812.72,7689.92,4721.6,2364.03,7051.94,7608.42,7249.18,8740.5,10002.17,10063.85,13143.9,11029.62,10282.1,7431.36,6204.94,4487.67,2351.67,20240118
41590,화성시,20,내국인,6961.63,9081.72,9282.68,10607.21,11803.58,11493.72,14510.95,12558.6,11585.12,8975.9,7225.54,5047.01,2470.36,6837.14,7878.42,8382.78,9823.04,10668.76,10819.97,13140.55,10773.42,10249.09,8201.2,6928.22,4896.81,2684.97,20240120
41590,화성시,6,내국인,3465.01,3794.48,4778.74,6175.06,6837.01,6471.85,7882.96,7683.44,7887.81,6507.16,5516.85,3769.08,1786.79,3010.27,3200.86,3988.3,4579.38,5137.47,5168.46,6683.54,5599.83,5274.22,4657.03,4203.51,3013.4,1769.72,20240113
41590,화성시,10,내국인,7327.4,6192.53,5997.37,9767.79,11546.24,10362.37,13857.1,14137.62,15235.42,13798.49,12583.09,7958.41,4028.48,7023.56,5724.44,5172.85,6243.12,8074.05,9513.48,12737.96,10410.35,10079.33,8906.4,8086.4,6059.34,3403.69,20240125
41590,화성시,13,내국인,7652.92,7782.79,7789.36,9368.9,10933.39,11173.79,14244.41,13466.97,13247.75,11223.9,9304.03,6652.58,3230.13,7516.55,6737.32,7000.51,8030.26,9698.32,10359.62,12793.18,10951.47,11036.74,9066.9,8116.04,5899.06,3117.92,20240115
41590,화성시,0,내국인,2669.7,3308.29,4456.35,5363.93,5648.9,5693.96,7147.69,6044.78,5548.5,4358.02,3540.72,2302.42,1234.55,2452.93,2889.21,3372.04,3700.67,4388.74,4770.91,5792.84,4536.89,4394.71,3488.99,2798.91,2119.58,1172.71,20240116
41590,화성시,1,내국인,2910.15,3051.9,3601.07,5229.92,5611.31,5350.51,6739.62,6146.38,5371.17,4240.21,3350.34,2174.96,1250.42,2487.63,2517.71,2955.8,3458.18,4093.49,4395.87,5601.76,4670.35,4196.59,3228.97,2893.74,2015.28,1089.03,20240103
41590,화성시,14,내국인,7925.96,6648.43,7068.56,10409.14,11716.79,10768.01,14239.52,14715.29,15674.03,14597.86,13381.38,8931.42,4522.48,8144.55,6054.15,6327.05,6791.13,8435.32,9718.6,13142.34,11063.63,11446.11,9878.52,9041.42,6750.09,3946.48,20240106
41590,화성시,13,외국인,12.56,71.91,845.4,2177.66,2202.74,1964.48,1317.14,983.08,1052.26,882.42,604.21,268.52,69.4,13.55,24.28,374.27,589.14,752.72,790.26,582.06,549.29,558.61,448.98,262.11,124.99,60.89,20240110
41590,화성시,13,내국인,8878.99,7442.98,8283.88,11387.22,13325.92,12024.77,16334.64,16348.73,17438.77,15837.14,14582.73,9678.61,4770.61,8473.92,7037.99,6385.99,8020.96,9749.72,10884.63,14858.85,12664.55,12248.17,10645.48,9795.72,7434.54,4198.2,20240117
41590,화성시,13,외국인,9.69,79.32,1056.03,2159.94,2329.27,2153.63,1678.51,1040.96,1198.62,987.47,750.97,318.26,70.68,20.04,43.26,453.49,739.47,813.82,964.94,819.42,671.59,724.08,473.2,313.01,179.93,68.52,20240118
41590,화성시,7,내국인,3368.38,3624.32,3923.12,6519.52,7114.25,7109.24,9336.63,9384.85,9759.32,8571.36,7227.52,4624.28,2112.74,2984.73,3068.12,3846.75,4537.47,5404.11,5568.98,7122.7,6336.68,6222.74,5406.44,4651.7,3673.01,2027.75,20240129
41590,화성시,16,외국인,10.94,66.93,1015.84,2075.36,2248.5,1983.62,1392.92,950.84,951.83,782.05,515.88,228.13,77.31,9.9,49.74,467.49,643.58,785.1,883.99,695.74,623.03,570.25,519.66,258.38,139.83,31.63,20240103
41590,화성시,20,내국인,8339.34,9666.73,8916.65,10877.32,12358.51,12244.05,15007.04,13742.53,12846.36,9977.63,7656.2,4933.63,2343.22,7508.7,8176.64,7491.05,8989.28,10131.14,10599.45,13582.57,11551.31,10264.82,7808.44,6446.58,4423.59,2327.11,20240119
41590,화성시,3,외국인,0.0,19.72,286.62,689.72,836.18,558.32,442.78,210.31,241.0,154.25,96.38,54.17,22.33,12.0,10.09,129.97,195.17,273.39,276.59,197.95,165.48,129.86,103.23,80.86,46.6,15.4,20240128
41590,화성시,22,외국인,0.0,49.86,698.81,1473.09,1405.05,1274.16,756.25,406.53,389.58,258.12,216.16,89.7,22.55,8.3,43.1,289.36,406.59,495.56,481.35,373.04,262.88,230.24,224.86,145.93,77.68,11.28,20240103
41590,화성시,4,외국인,0.0,17.99,313.9,658.72,712.76,632.99,454.14,199.75,252.77,162.4,106.72,44.68,31.15,4.08,4.15,121.18,198.44,286.61,288.17,170.75,143.15,122.28,111.58,87.4,64.13,18.39,20240112
41590,화성시,10,내국인,7446.63,6210.25,6201.14,9893.36,10824.85,10147.19,13848.85,14121.64,15452.97,13975.44,12410.55,8346.09,4218.94,7137.56,5795.62,5030.07,6024.42,7635.89,9531.88,12690.69,10688.6,10112.1,8684.93,8420.32,6443.79,3719.95,20240104
41590,화성시,18,외국인,3.83,82.53,1009.54,2002.36,2058.95,1731.05,1258.5,717.05,681.0,487.64,332.1,165.71,41.43,17.97,50.09,385.04,628.62,741.53,733.12,627.88,573.56,501.46,409.43,205.39,119.55,46.56,20240127
41590,화성시,6,내국인,3799.23,4092.98,5151.43,6244.14,6667.62,6567.65,8106.56,7501.78,7464.29,6251.04,5284.07,3662.52,1753.56,3485.82,3454.24,4512.64,5913.64,6075.55,5627.34,7155.53,5653.65,5586.13,4638.06,4073.63,3061.99,1791.1,20240110
41590,화성시,21,외국인,0.0,28.67,745.17,1541.82,1713.64,1390.7,871.5,471.8,453.21,328.13,241.08,105.48,42.17,6.15,38.82,342.21,533.88,593.75,581.27,432.6,367.07,327.09,264.54,172.3,91.96,27.95,20240115
41590,화성시,15,내국인,10371.38,7895.48,6911.67,10274.99,11542.25,10538.1,14064.05,14387.24,14808.57,13299.16,11404.0,7676.81,3923.24,10110.23,7404.17,5966.47,6851.8,8442.21,9730.97,13482.62,11018.29,10645.67,9217.83,8314.12,5842.94,3378.92,20240113
41590,화성시,2,외국인,0.0,19.44,313.48,696.47,808.1,567.92,409.23,216.28,220.1,143.84,94.02,60.75,26.45,12.0,5.96,108.12,203.89,263.83,262.07,200.37,167.4,159.66,103.21,85.32,44.35,13.32,20240111
41590,화성시,13,외국인,13.09,65.0,947.67,1995.11,2220.99,2043.78,1648.44,1091.31,1294.57,1067.18,731.83,293.67,99.44,7.66,37.24,441.15,635.95,888.73,964.97,799.78,671.51,657.8,461.69,371.7,175.47,55.66,20240112
41590,화성시,5,외국인,0.0,34.35,450.52,977.24,1017.96,840.68,575.24,282.05,309.8,257.19,157.62,76.12,42.31,2.0,30.06,192.93,254.27,355.0,308.69,256.75,240.87,202.7,176.84,122.25,65.04,22.0,20240104
41590,화성시,12,내국인,7801.66,6953.39,6828.48,9541.0,10807.83,11171.58,14673.89,12945.03,13107.64,10724.86,9421.76,6332.35,3283.72,6992.94,6170.87,6339.96,8076.13,10063.89,10508.08,13697.79,10804.64,10975.06,9392.27,8638.74,6124.72,3436.22,20240103
41590,화성시,15,내국인,8317.55,7840.29,6979.06,9455.94,10579.1,11134.2,14177.05,12755.21,12412.76,9762.29,8288.98,5532.53,3126.54,7528.78,6674.01,6516.56,8128.68,9911.91,10181.7,13557.16,10624.17,10483.49,8475.74,7424.73,5302.17,2822.47,20240120
41590,화성시,7,외국인,1.69,34.81,504.59,1267.75,1288.56,1001.47,737.12,433.83,377.6,321.81,195.97,83.8,34.9,6.22,18.05,166.91,280.97,379.21,344.75,255.18,227.48,203.27,208.11,148.07,82.71,39.09,20240114
41590,화성시,15,내국인,9159.49,7796.84,7388.55,10495.93,11912.42,10722.94,14604.48,14450.23,15333.41,13584.31,12242.53,7847.35,4068.84,8985.78,7084.6,5738.64,7200.69,9202.3,10004.07,13696.95,11168.6,11284.12,9578.07,8587.96,6279.07,3487.42,20240117
41590,화성시,23,외국인,0.0,23.63,507.41,1152.01,1182.04,976.54,672.02,333.76,387.48,278.78,212.5,91.67,25.83,2.07,26.01,223.71,337.98,458.04,444.46,290.25,262.27,243.46,196.96,122.53,65.08,12.05,20240109
41590,화성시,22,내국인,5500.4,6723.58,6633.71,9119.62,10569.78,9946.42,12210.65,10734.7,10103.3,7353.32,5660.13,3612.03,1789.39,4796.4,5245.96,5422.16,6838.58,7860.65,7920.52,10407.69,8376.81,7504.38,5804.34,4566.7,3314.89,1765.26,20240128
41590,화성시,20,외국인,3.78,49.07,790.31,1807.94,1854.86,1563.94,934.94,598.5,495.43,400.17,252.5,98.51,46.34,12.38,36.09,365.29,514.36,614.8,659.9,563.25,414.51,406.18,322.32,151.72,112.93,32.22,20240106
41590,화성시,6,외국인,2.07,34.34,508.81,1142.39,1165.68,1034.56,832.78,428.2,481.8,423.94,325.14,154.32,38.76,4.01,27.98,183.85,286.34,357.33,347.59,283.49,280.15,247.67,194.65,168.12,91.11,28.02,20240129
41590,화성시,17,외국인,12.98,62.28,992.08,1894.8,2092.04,1859.89,1199.53,809.81,831.06,574.17,418.38,157.04,64.63,20.08,38.32,415.17,616.53,775.09,866.91,701.56,572.27,548.35,383.86,245.83,99.89,42.54,20240101
41590,화성시,17,내국인,9266.85,8907.51,8832.89,10121.73,11595.64,11946.46,14867.86,13400.32,12450.67,10037.9,8262.09,5517.91,2945.33,8503.16,7816.72,7605.32,9841.6,11312.32,11280.72,14743.26,11708.96,10946.7,8851.25,7386.45,5382.55,2908.77,20240124
41590,화성시,23,외국인,3.69,57.39,703.24,1630.69,1775.73,1335.14,765.65,403.67,360.52,238.16,154.53,94.01,40.1,6.08,31.84,272.14,429.95,478.82,453.47,366.94,242.94,254.99,185.21,125.64,88.19,24.33,20240102
41590,화성시,18,내국인,8454.57,9004.35,9081.74,10099.82,11645.54,11972.18,15213.03,13520.0,12343.64,9877.18,8094.49,5460.18,2808.73,7963.61,7886.34,7805.63,9867.34,11487.28,11680.48,14969.56,11692.2,10856.97,8792.01,7336.68,5083.69,2860.76,20240104
41590,화성시,22,외국인,1.69,47.03,735.89,1706.7,1633.79,1450.92,898.1,447.82,427.66,300.77,202.93,79.27,40.8,9.99,40.4,336.85,483.09,567.29,542.84,444.62,294.89,297.63,219.82,160.21,94.62,32.27,20240117
41590,화성시,1,외국인,3.54,42.32,599.81,1334.42,1350.13,981.54,633.65,226.1,252.01,195.06,134.94,88.3,33.68,6.22,22.02,208.63,329.52,395.0,361.43,234.01,225.84,174.4,174.66,96.88,60.88,18.31,20240122
41590,화성시,18,외국인,5.79,59.34,716.62,1777.19,1887.91,1651.51,1077.88,606.02,609.63,471.37,318.65,100.53,37.95,9.29,38.71,384.24,547.05,686.32,727.84,615.26,447.09,454.94,365.45,184.99,101.1,48.24,20240120
41590,화성시,1,외국인,1.76,17.94,274.57,658.57,849.57,661.45,419.08,219.46,262.87,192.17,105.77,60.56,16.24,2.07,8.37,176.64,216.81,284.96,320.49,218.3,149.25,154.42,121.7,97.57,58.97,17.54,20240125
41590,화성시,22,외국인,0.0,42.57,616.25,1275.32,1290.33,1196.38,720.72,370.91,380.01,274.24,190.54,83.5,15.72,8.15,26.44,258.49,333.14,519.6,447.15,363.03,268.72,252.18,241.92,126.68,79.21,22.04,20240127
41590,화성시,23,외국인,2.07,38.38,582.07,1120.99,1243.64,1028.35,626.77,313.78,334.13,233.15,169.52,78.97,30.05,4.2,17.6,223.08,291.68,398.09,400.04,320.56,189.92,218.42,171.03,114.16,75.98,17.88,20240111
41590,화성시,2,외국인,0.0,12.43,299.71,744.18,758.6,586.54,390.13,202.63,184.64,152.82,104.31,56.24,25.68,6.15,9.63,116.87,225.71,280.02,263.13,194.24,149.57,146.55,121.08,100.95,62.06,20.21,20240110
41590,화성시,0,외국인,1.7,22.02,661.68,1575.44,1537.79,1144.81,591.11,273.95,281.17,159.98,142.7,70.45,21.93,11.75,30.0,199.27,357.13,396.08,382.33,249.2,196.79,212.17,167.89,113.77,73.68,12.14,20240122
41590,화성시,20,외국인,7.54,48.71,773.59,1895.89,2026.44,1619.27,1061.03,558.4,548.02,354.91,292.85,143.76,29.73,13.94,43.67,400.13,566.17,719.07,754.55,545.25,405.43,446.18,326.35,181.96,104.48,44.01,20240113
41590,화성시,8,외국인,3.84,81.38,826.85,1738.93,1880.87,1909.75,1507.21,1019.5,1126.32,1009.36,616.82,247.01,88.78,10.02,22.37,308.66,514.98,729.66,762.84,672.75,574.77,549.16,374.39,288.61,123.49,45.67,20240104
41590,화성시,20,내국인,7733.04,8821.27,8848.43,11496.53,12668.68,11943.36,15660.0,13840.26,13154.27,10137.99,7700.05,4696.72,2356.62,7182.17,8051.79,7172.59,8510.45,9966.46,10158.99,13451.29,10820.21,10257.0,7672.71,6176.48,4195.63,2138.92,20240117
41590,화성시,12,내국인,8142.94,6950.57,7657.38,12700.62,14661.89,13179.27,17407.41,17273.62,18323.16,16472.23,14422.03,9225.6,4420.61,7641.92,6215.77,5746.0,8322.47,10125.62,11457.6,15109.51,12670.45,12535.05,10395.85,9195.08,6619.86,3495.3,20240116
41590,화성시,14,내국인,9066.72,8329.61,6829.13,9458.61,10756.61,11082.7,14962.43,13041.86,13326.31,10974.99,9753.92,6808.88,3692.54,7963.07,7233.96,6865.53,8444.44,9816.71,10539.3,13973.05,11757.26,11386.06,9844.47,8597.4,6204.29,3491.19,20240123
41590,화성시,16,내국인,10902.38,8976.53,7667.89,9909.97,11316.57,10599.68,14451.58,13640.96,14127.25,12230.54,10855.68,7135.43,3442.38,10192.11,8524.78,6168.22,7311.59,9079.03,10516.71,13504.11,11309.63,11021.72,9291.83,8072.07,5840.7,3208.31,20240105
41590,화성시,13,내국인,9294.42,8236.85,6920.31,9720.21,11266.92,11223.21,15104.61,14578.06,15175.85,12885.75,11612.94,8008.35,4041.19,8827.36,7530.23,6546.21,8041.11,10058.3,10861.7,14188.9,12354.16,11346.57,10031.89,9034.61,6384.45,3770.43,20240127
41590,화성시,13,내국인,8226.74,7069.67,7523.59,11168.59,12964.2,11444.16,15368.81,15294.1,16393.81,15072.94,13776.82,8702.36,4421.04,7620.88,6354.95,5865.72,7522.56,8877.82,10459.06,13760.48,11954.1,11837.93,10332.45,9243.28,6517.78,3833.28,20240118
41590,화성시,22,외국인,0.0,39.95,590.16,1404.05,1413.08,1212.11,715.0,383.89,387.46,247.45,182.27,75.79,32.66,10.3,23.06,271.32,420.61,493.6,419.62,300.11,266.13,221.41,178.48,119.57,106.44,26.41,20240110
41590,화성시,8,내국인,7905.01,5615.66,5154.64,9206.06,10699.93,9469.63,12273.54,12365.33,13130.03,12204.46,10736.4,6812.4,3097.46,7475.98,5000.93,3797.5,5357.84,6627.49,7268.93,9962.37,8747.9,8100.8,7254.51,6515.16,4744.85,2510.71,20240101
41590,화성시,13,외국인,2.0,63.71,885.18,2071.21,2195.46,1815.8,1330.95,701.7,667.95,529.56,420.9,192.79,80.74,12.0,38.08,330.95,591.11,662.73,662.48,587.42,477.15,494.25,348.55,214.33,156.38,39.76,20240122
41590,화성시,5,외국인,5.84,18.03,323.99,782.77,839.31,790.83,572.92,294.44,405.84,304.68,257.36,84.58,31.17,2.07,16.22,141.45,238.47,327.76,276.52,242.63,194.64,218.56,174.44,134.2,63.34,20.01,20240110
41590,화성시,5,내국인,2766.27,3044.88,4237.49,5252.0,5463.25,5679.41,7212.88,6721.62,6644.86,5476.27,4635.73,3226.22,1548.14,2653.56,2659.83,3798.26,3880.86,4574.15,4659.96,5893.81,4843.84,4956.94,4078.1,3801.34,2657.66,1521.38,20240116
41590,화성시,18,외국인,3.78,86.85,1054.29,2426.01,2581.86,2163.61,1354.92,792.76,770.54,503.39,326.33,118.56,48.2,10.16,55.43,452.44,603.2,836.46,846.61,590.93,550.55,495.56,445.21,205.66,145.91,35.92,20240105
41590,화성시,0,외국인,1.69,28.13,466.25,1085.22,1096.76,885.85,496.91,232.63,227.98,186.02,108.56,52.57,29.3,2.07,15.97,170.89,283.39,355.24,285.45,237.7,142.47,179.14,151.13,84.73,59.94,19.97,20240101
41590,화성시,18,외국인,7.53,93.2,1082.63,2573.81,2659.5,2112.25,1159.4,581.82,549.71,403.3,258.4,123.09,30.63,8.15,31.68,403.34,637.8,805.12,729.96,564.58,404.6,414.66,334.3,154.69,122.24,43.34,20240103
41590,화성시,23,내국인,3893.16,5236.7,6237.55,7135.89,7893.12,7810.01,9357.72,8113.47,7261.11,5500.51,4426.44,2923.96,1554.8,3655.7,4140.56,5347.78,5810.92,6609.9,6552.5,7958.62,6515.83,6054.93,4637.04,4021.75,2940.97,1680.2,20240121
41590,화성시,13,외국인,5.48,69.22,1095.06,2415.66,2418.85,2336.19,1737.48,996.47,1181.84,961.85,716.93,288.99,52.76,16.1,42.42,465.25,638.79,839.12,938.98,778.71,653.18,658.46,462.19,342.48,186.78,61.48,20240128
41590,화성시,23,내국인,4667.06,5745.47,6749.3,8276.8,8973.55,8724.79,10778.8,9158.97,8687.16,6522.02,5128.71,3287.45,1631.38,4381.87,4659.37,5490.25,6482.97,7343.4,7160.1,9480.79,7362.64,6839.45,5183.19,4321.69,3079.74,1770.07,20240129
41590,화성시,8,내국인,8097.57,5871.73,4930.88,9808.34,10704.82,9742.85,12706.15,12746.61,13605.96,12485.82,11008.88,6943.63,3220.7,7845.34,5154.82,3688.73,5276.48,6631.63,7478.08,10089.81,8636.65,8599.46,6995.3,6449.22,4599.85,2542.31,20240115
41590,화성시,16,외국인,9.69,61.06,1054.39,2041.91,2104.14,1976.53,1431.51,976.42,882.21,735.2,486.28,237.35,70.7,26.38,33.22,428.85,614.21,803.83,925.56,750.64,624.03,566.8,460.89,291.38,155.0,42.79,20240120
41590,화성시,22,외국인,0.0,42.4,553.83,1296.36,1424.6,1191.37,720.87,405.89,415.53,294.08,141.12,87.67,35.6,11.57,21.85,297.95,344.9,491.2,469.18,368.89,228.47,282.85,195.37,140.24,63.0,22.69,20240118
41590,화성시,6,외국인,2.07,12.16,457.71,1062.82,1210.21,1207.09,954.82,612.15,633.09,608.69,420.67,156.81,66.39,4.15,20.6,226.15,303.63,402.24,386.33,312.72,351.35,259.44,243.32,171.23,79.3,27.37,20240101
41590,화성시,18,내국인,10027.22,9794.32,8689.26,10705.37,11952.17,11750.78,14998.78,14135.71,13863.8,11356.59,9217.49,5862.24,2725.16,9574.46,8679.08,6783.35,8540.65,10065.4,10801.26,14637.45,11746.54,11368.57,8736.69,7138.82,5062.73,2684.9,20240127
41590,화성시,13,외국인,5.69,70.69,1007.77,2280.76,2402.83,2113.0,1483.3,1006.75,941.34,804.53,536.49,218.59,79.44,14.31,39.85,434.02,648.64,762.8,792.3,605.37,592.31,573.35,401.46,271.82,205.02,41.77,20240122
41590,화성시,15,내국인,10533.71,9105.73,6995.28,9816.95,11463.04,10693.68,14636.53,14205.13,14790.48,12820.98,11698.3,7668.45,3950.76,9519.25,7699.19,5739.68,7005.77,8730.16,10185.24,13821.29,11150.3,11254.04,9819.62,8512.64,6097.38,3358.01,20240101
41590,화성시,6,외국인,1.69,36.96,477.39,1130.84,1133.74,956.75,657.76,380.62,401.36,307.26,226.97,88.99,64.45,5.71,20.89,161.32,321.69,370.98,361.59,270.74,191.42,185.87,150.46,109.52,78.49,18.25,20240123
41590,화성시,10,외국인,9.32,69.85,832.95,1903.78,2041.24,1909.41,1495.13,1034.86,1106.01,1085.46,697.66,302.03,82.34,7.88,20.5,360.22,582.77,776.2,797.76,768.53,639.95,603.26,438.04,354.4,151.73,63.81,20240106
41590,화성시,18,내국인,7418.84,8966.6,8733.42,9992.53,11845.95,11189.11,14478.08,13033.45,12672.08,9707.25,8078.75,5351.58,2688.72,7280.84,7763.44,7725.19,9052.87,10489.47,10541.44,13820.55,11301.61,10602.05,8796.47,7388.75,4977.03,2611.78,20240118
41590,화성시,17,외국인,11.23,79.49,1031.39,2271.66,2271.73,2064.79,1382.14,829.57,791.76,609.33,472.12,182.4,79.71,16.16,42.11,481.84,680.83,847.55,825.74,740.51,637.22,589.41,488.72,275.69,114.7,44.49,20240105
41590,화성시,19,외국인,6.01,70.67,1013.91,1978.8,2118.91,1777.0,1141.84,651.23,675.64,459.29,329.98,148.62,46.97,14.23,44.57,466.48,576.78,667.55,732.85,570.56,491.7,472.59,383.95,211.88,101.18,31.55,20240128
41590,화성시,11,내국인,7822.71,6126.67,6788.37,12099.31,13935.55,12091.94,16374.88,16846.64,18345.19,16329.0,14743.33,9427.13,4650.66,7074.07,5194.76,5317.76,7375.28,9231.7,10592.47,14454.87,11628.88,11580.52,9848.49,9121.54,6813.69,3628.35,20240127
41590,화성시,9,내국인,7464.66,5492.49,5577.27,9969.11,11000.92,10106.96,13307.27,13287.09,14557.16,13442.01,11947.82,7635.52,3764.39,6991.54,4711.52,4471.01,5724.88,7526.78,8622.35,11862.98,9792.47,9244.0,8190.72,7449.0,5726.38,3275.19,20240108
41590,화성시,23,내국인,4181.9,5160.79,6167.19,7830.69,8833.37,8477.88,10442.14,8995.38,8348.01,6371.55,4931.94,3147.51,1661.1,3730.5,4077.43,5177.59,5678.71,6591.7,6746.12,8671.22,7089.37,6337.91,4948.29,3963.74,2947.73,1630.92,20240110
41590,화성시,20,외국인,4.08,58.34,878.84,1905.12,1924.87,1675.15,921.21,514.45,578.75,459.66,292.45,155.21,56.68,8.23,31.64,408.99,542.38,670.42,690.36,556.53,413.76,450.75,374.46,199.86,115.09,21.38,20240126
41590,화성시,4,외국인,3.45,31.67,413.56,1061.07,1044.39,808.36,501.94,235.72,242.58,188.82,111.72,58.26,16.34,6.22,9.6,167.57,269.27,345.08,319.96,203.74,185.27,162.72,139.67,109.96,54.29,24.09,20240122
41590,화성시,22,내국인,5438.7,7054.24,7664.98,9712.95,10908.81,10312.04,12682.69,11065.6,10111.46,7394.52,5810.28,3753.71,1771.38,5004.88,5640.68,6273.43,7123.74,8105.26,8012.35,10860.2,8657.14,7603.63,5842.97,4838.67,3541.92,1837.6,20240124
41590,화성시,16,내국인,9536.35,8363.74,7018.29,9706.34,10839.01,10896.14,14176.96,12905.77,12884.7,10175.8,8653.22,5936.77,3114.18,8199.99,8008.47,6717.1,8370.23,10013.15,10439.99,13680.59,10978.42,10708.82,8846.18,7594.01,5431.39,2916.08,20240107
41590,화성시,5,내국인,3436.83,3254.44,3690.44,5404.08,6018.36,5766.64,7140.69,6360.43,5969.99,5050.68,4134.24,2798.89,1508.57,2985.77,2929.57,3399.48,4564.92,4950.24,5016.28,6021.79,4866.78,4830.05,4044.26,3715.69,2583.05,1354.71,20240119
41590,화성시,8,외국인,5.85,67.57,982.65,1886.76,2075.04,2047.3,1540.58,1066.73,1108.28,1068.43,741.25,277.43,52.87,8.24,41.07,385.55,596.25,720.53,779.26,714.21,627.89,571.22,415.24,238.19,132.08,34.55,20240129
41590,화성시,19,내국인,9238.61,8096.19,7514.37,11895.82,13092.87,11885.94,15043.72,14062.01,13334.39,10618.44,8006.89,5087.91,2475.93,8388.77,7249.59,6333.03,8657.71,9869.12,10157.43,13236.61,11081.59,10159.0,7912.43,6550.33,4389.46,2239.82,20240105
41590,화성시,3,외국인,0.0,24.15,294.08,677.05,730.32,649.67,409.62,233.83,229.85,178.46,87.44,46.09,23.29,6.08,16.26,135.85,201.2,275.27,262.51,209.09,191.46,160.41,114.08,92.97,45.33,14.22,20240110
41590,화성시,9,내국인,8082.95,7288.1,6505.32,9225.32,10660.41,10317.56,13243.25,13998.25,14876.03,13103.62,11675.6,7836.51,3875.52,7649.89,6569.04,5003.48,6132.22,7644.85,9018.0,12284.68,10047.1,9518.29,8229.39,7742.98,5664.06,3213.66,20240116
41590,화성시,14,내국인,8557.04,7927.74,7869.21,9827.09,11301.98,11313.23,14876.67,13387.09,13353.78,10750.55,9540.45,6364.78,3126.08,8286.6,6637.99,7300.41,9445.84,10688.37,10706.04,14063.76,11229.67,11113.61,8875.18,8012.02,5671.59,3072.29,20240120
41590,화성시,17,외국인,10.94,85.15,1162.0,2457.21,2528.63,2145.53,1361.46,903.53,908.25,619.68,438.32,203.8,81.34,17.91,51.66,495.1,729.72,901.43,1000.76,740.91,672.86,614.24,483.39,227.95,138.46,41.78,20240117
41590,화성시,19,외국인,3.39,63.55,1107.98,2597.7,2688.88,2057.56,1286.65,587.88,520.99,407.13,313.7,140.37,44.19,14.02,51.29,411.11,656.47,712.94,832.42,546.13,435.66,442.74,370.89,199.59,150.54,43.06,20240111
41590,화성시,0,내국인,2277.15,3022.43,3098.36,4962.51,5404.63,5324.05,6732.7,5943.87,5262.88,4113.56,3161.54,2108.04,1021.82,2142.9,2545.34,2753.48,3243.35,4041.09,4262.88,5566.38,4444.92,3965.84,3227.11,2836.44,1902.07,969.91,20240115
41590,화성시,5,내국인,3429.7,3587.6,4713.65,5702.34,6156.38,5862.66,7243.31,6798.75,6465.81,5325.27,4356.81,3154.82,1519.7,2957.32,3049.94,3861.77,4372.47,4845.3,4916.49,6190.43,5064.37,4793.92,3965.28,3688.08,2741.76,1585.49,20240123
41590,화성시,1,내국인,2787.59,3472.02,3947.33,5183.41,5574.65,5304.62,6505.75,6058.41,5195.49,3989.11,3378.36,2216.48,1179.29,2619.6,2628.87,3338.1,3974.75,4447.01,4497.67,6035.89,4964.26,4393.54,3346.69,3113.37,2147.41,1296.3,20240126
41590,화성시,2,외국인,4.08,9.31,328.9,747.3,858.57,732.17,450.08,220.03,255.72,190.42,111.99,75.15,29.86,4.15,16.01,150.77,228.26,287.49,302.61,242.18,196.89,146.77,137.69,89.76,51.65,15.67,20240109
41590,화성시,11,외국인,7.31,61.38,1038.42,2090.97,2320.28,2175.75,1635.04,1171.63,1123.43,1044.87,706.26,283.07,127.42,7.95,22.45,472.38,714.67,894.09,877.29,776.3,654.49,635.34,501.97,376.24,169.49,52.57,20240126
41590,화성시,0,외국인,1.76,20.48,316.86,582.27,717.01,556.07,398.51,203.38,208.64,166.13,100.74,52.37,14.23,2.07,12.21,121.11,185.77,269.31,309.91,192.52,151.21,143.28,116.06,89.33,47.59,17.54,20240107
41590,화성시,17,외국인,3.71,63.41,928.69,2120.05,2119.34,1828.65,1295.38,802.07,852.18,567.67,395.2,145.69,41.83,18.91,32.43,399.82,621.72,805.69,801.06,691.53,562.55,585.89,390.28,226.85,119.34,50.69,20240124
41590,화성시,7,외국인,0.0,49.5,683.91,1561.5,1569.2,1726.76,1334.46,923.61,1122.04,996.81,645.1,242.65,59.66,2.07,13.77,240.32,439.13,546.38,593.27,515.37,519.77,485.47,328.39,238.24,105.26,45.51,20240112
41590,화성시,14,내국인,8882.26,6914.1,7457.51,10549.37,12129.03,11186.64,14444.24,14511.4,15774.59,14316.42,13129.23,8379.47,4249.41,8246.05,6439.69,5829.19,7082.91,8577.54,9941.79,13456.03,11378.5,11209.71,10038.2,8707.72,6506.15,3759.71,20240115
41590,화성시,22,내국인,5861.37,7504.72,7111.76,9854.85,10936.32,10201.19,13278.51,11846.25,10774.63,7704.29,5902.46,3782.11,1767.24,5187.26,6212.34,6354.26,7755.73,8861.59,8873.82,11528.85,9270.16,7915.43,6311.32,5083.8,3504.97,1733.94,20240104
41590,화성시,9,내국인,7569.39,6917.53,5925.14,9147.74,10721.13,9986.75,13497.84,13478.45,14225.96,12507.72,11224.6,7252.49,3744.09,7420.85,6090.59,4665.66,5753.16,7573.58,8923.13,11906.77,9857.14,9319.94,8167.65,7471.91,5640.84,3151.36,20240101
41590,화성시,16,내국인,11016.06,8714.46,7324.83,10348.56,11619.68,10496.31,14183.7,13775.8,14253.62,12151.33,10947.11,7255.89,3602.19,10776.64,8205.41,5706.07,7134.03,9027.64,10338.08,13700.96,10929.31,10942.33,9033.13,7942.71,5619.77,3009.11,20240116
41590,화성시,8,내국인,4085.21,4151.68,4606.87,6803.38,7669.38,7664.52,10126.44,9379.84,9964.19,7938.82,7022.92,4596.33,2361.86,3622.87,3714.03,4281.69,5513.11,6575.61,6570.56,8569.42,7567.41,7310.24,6291.31,5760.23,4101.72,2225.04,20240114
41590,화성시,3,내국인,2695.43,2969.82,3324.53,4472.82,4943.03,4793.31,6006.25,5491.03,4921.38,3907.05,3233.01,2240.83,1163.09,2474.06,2494.59,2872.51,3406.8,3992.09,4089.87,5242.34,4376.99,4256.19,3220.73,2939.33,2061.36,1230.27,20240128
41590,화성시,19,외국인,5.84,84.36,986.8,1948.77,1981.7,1651.77,1147.72,680.89,660.97,414.05,302.11,129.72,39.62,14.14,52.75,418.21,567.95,651.25,703.29,513.77,494.14,451.61,359.81,212.39,95.63,44.06,20240117
41590,화성시,21,외국인,3.84,40.25,692.73,1482.63,1448.7,1204.39,719.44,354.33,393.18,233.14,202.64,85.22,19.04,14.14,36.87,298.58,407.46,477.51,455.39,332.11,264.82,279.46,245.51,146.09,85.4,31.68,20240129
41590,화성시,12,외국인,6.85,73.36,921.42,2207.81,2417.74,2177.2,1529.29,1063.4,1133.1,946.78,637.52,292.7,86.14,10.3,36.31,410.29,553.49,794.44,846.78,605.84,553.35,581.71,407.43,269.0,125.45,59.43,20240118
41590,화성시,0,내국인,2443.44,3083.16,4071.79,5268.6,5840.11,5575.57,6702.31,6068.5,5786.35,4494.37,3286.98,2176.9,1042.26,2468.3,2535.7,3384.34,3713.25,4395.59,4423.02,6110.22,4566.86,4346.89,3436.66,2825.49,2016.36,1048.1,20240117
41590,화성시,21,외국인,0.0,37.71,684.47,1639.98,1652.15,1305.28,738.14,380.64,426.15,295.29,217.72,90.39,41.34,12.0,26.96,306.59,471.14,510.39,472.99,393.33,318.59,247.94,204.12,151.14,110.72,32.67,20240102
41590,화성시,19,내국인,8678.41,8793.15,7623.29,11418.44,12665.51,11585.9,14397.98,13167.75,12866.8,10057.46,7854.76,4870.87,2391.92,8309.67,7861.03,6143.24,8332.3,9728.73,9821.18,12764.94,10857.49,9837.22,7635.08,6070.98,4141.94,2188.7,20240118
41590,화성시,8,외국인,5.49,56.71,947.84,1870.05,2018.16,1879.12,1500.81,986.9,1000.73,903.31,559.56,230.35,100.72,16.54,26.74,417.47,587.2,717.21,790.79,646.05,579.85,534.7,371.83,265.58,130.6,33.9,20240104
41590,화성시,10,외국인,9.07,48.3,912.2,1852.57,2011.09,1898.13,1469.35,1010.76,1209.89,975.51,711.9,274.19,63.05,11.96,16.32,313.87,569.48,738.11,819.25,641.38,600.58,584.43,421.4,314.06,145.68,70.58,20240123
41590,화성시,19,외국인,7.91,88.58,1124.16,2741.72,2591.47,2097.45,1189.17,593.77,555.05,359.39,280.14,115.54,47.47,15.76,52.61,412.13,637.96,754.23,663.1,512.9,430.08,386.83,340.51,190.46,155.78,53.39,20240104
41590,화성시,6,외국인,3.84,37.38,471.86,955.89,1075.42,1032.29,935.69,616.73,735.26,662.32,453.0,208.01,37.27,6.15,9.71,163.87,271.68,354.59,350.36,304.71,322.14,293.75,213.34,181.42,81.04,24.18,20240129
41590,화성시,4,내국인,2616.13,2721.9,2798.77,4443.47,4913.19,4797.73,6153.78,5500.59,5141.81,4322.36,3479.38,2424.88,1358.42,2367.81,2166.98,2528.75,2967.61,3711.48,3786.69,5098.2,4433.13,3906.79,3288.5,2927.13,2007.67,1213.24,20240126
41590,화성시,15,내국인,9080.8,8069.84,8080.16,9711.24,11136.42,11031.01,14756.7,13406.06,12958.1,10657.76,9438.08,6217.46,3171.1,8011.73,7489.18,7465.98,9446.7,10538.92,10896.25,14803.95,11858.76,11273.46,9678.05,8615.63,5962.8,3328.59,20240117
41590,화성시,7,외국인,3.76,37.2,595.51,1373.56,1454.65,1416.13,1123.72,809.47,923.67,849.96,567.17,240.65,67.33,8.08,16.49,230.51,332.37,420.86,446.74,386.42,346.17,386.94,286.59,185.37,83.13,42.16,20240124
41590,화성시,4,내국인,2389.68,2650.7,2628.66,4529.11,4951.74,4805.2,6434.43,5626.33,5350.39,4368.23,3587.72,2395.37,1177.51,2167.22,2270.56,2518.25,2981.37,3743.78,3859.37,5188.89,4176.02,4189.43,3455.72,2998.74,2107.75,1155.34,20240125
41590,화성시,5,외국인,1.76,25.9,335.93,653.68,751.25,654.13,507.0,275.28,318.83,284.1,270.76,76.96,11.4,6.15,3.71,124.04,194.2,283.22,228.35,200.51,171.99,174.47,139.3,104.57,67.83,9.77,20240107
41590,화성시,9,내국인,7885.39,6508.89,6703.61,9384.85,11095.08,10322.69,13856.25,13862.18,15109.13,13655.14,12062.24,8041.48,3892.51,7210.72,5616.87,4822.16,5902.37,7632.32,8661.07,11945.8,10033.0,9538.34,8346.19,7571.8,5665.08,3197.49,20240114
41590,화성시,2,내국인,2593.88,2879.48,3219.86,4602.33,5035.83,5007.33,6226.72,5616.91,5112.46,4002.62,3216.94,2198.48,1143.58,2374.19,2392.09,2841.66,3331.45,3998.02,3955.04,5260.91,4248.35,4069.73,3260.76,2919.95,2037.84,1044.8,20240109
41590,화성시,7,내국인,3794.96,4049.4,5581.75,8108.92,9296.15,9182.38,11599.59,11223.38,11970.26,10927.05,9438.15,5937.72,2691.12,3547.2,3896.17,4013.57,4956.99,6007.47,6133.76,8303.84,7257.16,7090.53,6129.46,5338.34,3876.44,2117.82,20240115
41590,화성시,23,내국인,4762.53,6041.85,7087.33,8247.36,9134.69,8365.86,10273.75,8778.85,8406.57,6425.63,5184.01,3437.61,1896.45,4201.02,4679.43,5950.82,7111.57,7585.2,7286.56,9378.26,7401.35,6981.7,5477.31,4709.66,3245.76,1854.84,20240127
41590,화성시,0,외국인,6.01,26.01,486.52,1109.43,1131.8,891.36,488.15,255.95,203.03,157.32,115.41,70.44,29.8,4.08,26.61,177.13,283.52,283.08,301.72,274.12,181.58,170.3,132.02,98.05,50.0,19.88,20240116
41590,화성시,7,외국인,3.45,43.66,559.53,1251.29,1313.21,1292.02,1021.84,837.98,845.02,803.46,537.62,228.51,61.83,6.22,16.61,252.65,321.35,408.22,446.5,373.66,340.95,359.14,249.5,169.84,85.12,38.19,20240113
41590,화성시,0,내국인,3292.49,4276.36,5384.57,6458.43,6864.03,6219.47,8067.5,6708.28,6274.02,4911.62,3702.01,2307.64,1172.47,3166.67,3208.31,4048.56,5045.52,5490.11,5365.13,7034.25,5386.31,4850.09,3738.88,3085.35,2049.45,1208.2,20240113
41590,화성시,6,외국인,0.0,16.73,450.78,1001.73,1101.15,1167.42,861.01,595.01,622.61,639.77,434.49,165.74,49.22,6.15,17.92,164.51,297.55,368.13,370.4,324.2,304.96,288.01,219.77,192.0,109.35,24.59,20240101
41590,화성시,19,내국인,9699.56,9471.78,7858.36,11211.14,12432.48,11934.01,15197.46,14070.81,13442.84,10069.59,8045.85,5180.64,2444.5,8854.24,8651.02,6698.99,8904.33,10335.81,10717.01,14058.06,11712.62,10744.68,8395.31,6781.33,4531.22,2497.75,20240119
41590,화성시,5,외국인,1.69,30.57,447.02,1084.71,1070.99,766.56,543.05,258.48,254.04,214.54,114.57,64.44,29.84,4.15,19.51,149.28,257.16,370.7,295.63,233.23,174.86,167.75,172.17,107.77,68.81,26.38,20240128
41590,화성시,10,외국인,7.47,47.83,783.32,1788.53,1945.66,1991.8,1400.03,1044.01,1043.71,939.63,603.49,252.96,60.37,8.16,27.94,301.01,504.29,679.77,670.24,528.93,499.48,495.55,457.33,277.15,155.32,45.38,20240112
41590,화성시,3,외국인,1.69,23.92,334.08,808.87,953.05,770.02,492.26,275.18,192.72,156.07,103.83,52.15,23.37,4.08,15.75,164.61,246.98,317.29,303.82,227.99,194.6,173.36,136.51,98.15,58.04,15.79,20240121
41590,화성시,5,내국인,2683.03,2582.76,2879.42,4831.39,5247.09,5403.14,7193.14,6547.62,6112.57,5488.72,4596.1,2943.07,1548.18,2392.02,2170.4,2605.68,3239.44,3983.93,4144.88,5471.88,4754.74,4566.31,3687.81,3419.88,2409.45,1301.86,20240105
41590,화성시,0,외국인,0.0,20.12,332.77,637.91,663.15,617.77,385.71,210.66,250.59,114.94,112.72,43.08,27.03,2.07,12.26,103.84,192.5,268.89,256.0,220.4,166.09,133.16,130.27,96.04,51.05,19.04,20240112
41590,화성시,19,내국인,9079.53,10185.79,8861.56,10899.91,12079.12,11830.05,15556.84,14198.34,13762.76,10688.44,8655.71,5277.78,2447.99,8829.19,8261.47,7098.62,8941.67,10211.34,10997.0,14618.08,11769.68,11095.47,8423.2,6837.13,4702.77,2487.61,20240117
41590,화성시,19,외국인,3.84,64.04,876.68,1953.08,1953.0,1617.03,970.32,475.56,466.38,287.51,260.73,117.19,21.65,12.16,39.23,338.4,500.98,620.54,609.14,369.09,386.44,374.29,283.03,182.83,102.42,38.22,20240107
41590,화성시,9,내국인,7639.35,5616.17,5546.17,9400.57,11300.85,10113.11,12659.81,13136.75,13704.11,12549.54,11525.49,7338.82,3820.59,7055.67,5082.68,4614.75,5795.17,7438.04,8660.83,11890.93,9968.16,9407.43,7958.33,7652.32,5576.96,3191.4,20240127
41590,화성시,9,내국인,5262.31,4933.2,4982.05,8003.07,9499.21,9694.62,12802.27,12598.0,13048.8,11274.16,9708.83,6631.38,3374.98,4714.2,4240.46,4639.4,5938.65,7624.92,8310.0,10482.07,9213.02,8653.64,7682.65,6880.71,4818.03,2753.26,20240113
41590,화성시,22,외국인,1.7,35.66,525.61,1270.37,1383.09,1182.69,738.51,329.16,401.93,273.77,150.25,66.93,43.27,11.93,27.97,290.23,413.61,494.49,470.38,390.17,253.69,244.63,197.16,117.3,76.86,19.91,20240119
41590,화성시,3,내국인,2384.78,2669.02,2775.93,4601.02,4840.74,4768.55,6332.45,5365.37,5035.42,3944.3,3363.43,2298.85,1092.76,2142.7,2301.64,2615.93,3089.56,3658.51,3966.03,5062.35,4114.58,3898.02,3217.46,2905.24,1986.48,1115.62,20240108
41590,화성시,14,외국인,3.47,57.57,1093.51,2250.74,2337.97,2244.77,1646.73,1015.97,1095.37,905.81,713.32,276.08,54.75,20.11,43.37,451.6,616.08,801.37,878.31,710.55,611.64,646.14,477.06,328.14,179.22,66.78,20240122
41590,화성시,22,외국인,0.0,28.42,687.66,1459.34,1462.73,1232.98,837.04,406.57,456.69,344.55,224.61,101.22,31.49,6.15,34.72,319.23,455.5,567.54,488.55,344.56,302.86,262.38,223.09,122.36,73.09,19.83,20240110
41590,화성시,9,외국인,7.55,78.9,822.06,1885.01,1875.32,1868.2,1531.68,990.51,1120.18,1085.95,659.51,277.73,56.16,7.88,20.76,346.47,547.59,759.67,764.93,676.22,498.16,550.89,409.01,304.78,143.6,55.52,20240110
41590,화성시,7,외국인,3.93,32.26,613.22,1387.22,1418.27,1140.74,839.93,488.12,498.39,425.48,364.52,193.62,51.14,2.07,23.92,174.44,309.75,390.08,336.06,340.14,261.89,295.36,194.14,130.12,82.58,27.13,20240108
41590,화성시,1,내국인,2837.6,3035.54,3443.77,5003.73,5531.23,5369.73,6674.61,6146.82,5322.97,4117.57,3331.74,2331.67,1214.59,2434.7,2498.03,2939.61,3341.55,4231.63,4369.73,5479.68,4691.16,4289.3,3289.06,3054.79,2048.78,1195.33,20240117
41590,화성시,11,외국인,5.5,56.21,977.72,2279.97,2340.97,1922.45,1064.83,556.1,647.2,399.73,310.89,167.22,40.42,8.23,31.5,304.64,604.09,653.61,658.27,508.44,456.56,410.05,364.53,247.45,171.82,35.24,20240101
41590,화성시,16,내국인,11572.28,8469.49,6951.16,10536.46,11714.75,10536.77,14099.01,14105.45,14262.8,13073.36,11846.14,7492.64,3802.31,10786.94,7574.47,5932.86,6911.06,8884.84,10472.82,13914.95,11259.87,10897.32,9309.86,8201.58,5927.3,3297.57,20240114
41590,화성시,1,외국인,0.0,23.89,356.6,645.7,811.2,692.6,443.52,212.35,240.25,141.0,123.12,43.37,25.5,2.0,13.9,106.23,201.98,270.79,274.39,226.17,152.64,169.64,120.38,83.27,43.43,19.02,20240109
41590,화성시,4,외국인,3.45,36.82,347.64,773.63,805.56,714.35,413.42,261.79,269.97,176.46,111.92,68.54,21.32,8.23,12.5,180.47,219.47,298.39,315.85,204.34,176.08,180.42,127.8,98.86,35.05,20.81,20240126
41590,화성시,2,내국인,2659.93,3130.54,3354.55,4712.1,5162.24,5152.78,6297.62,5650.03,5107.99,4004.68,3285.91,2077.9,1116.63,2368.34,2458.1,2813.44,3234.52,3763.24,4046.39,5471.51,4312.03,4026.58,3276.36,2855.13,2100.01,1268.06,20240121
41590,화성시,15,외국인,3.78,80.81,1082.0,2157.76,2337.8,2116.71,1658.45,992.51,1130.74,960.81,745.41,326.68,76.22,18.16,45.32,473.13,722.39,821.51,926.17,827.83,682.02,704.89,475.28,340.49,201.08,76.29,20240104
41590,화성시,13,외국인,9.69,66.05,1044.21,2027.91,2164.7,2029.65,1606.71,1148.45,1111.48,988.0,656.09,265.36,107.98,12.39,37.96,445.42,684.01,873.36,979.97,855.17,708.22,664.74,527.07,327.87,177.79,62.5,20240119
41590,화성시,8,외국인,3.76,34.68,528.99,1422.98,1429.91,1128.35,804.04,487.83,436.71,358.06,218.18,101.82,34.92,10.23,17.81,196.43,319.91,463.2,421.53,309.88,274.48,247.95,294.21,189.79,93.73,42.53,20240101
41590,화성시,23,내국인,4261.6,4597.08,4756.01,7388.2,8071.49,7909.82,9554.49,8414.09,7621.37,5775.36,4478.74,2951.62,1473.61,3644.26,3696.85,4061.49,4947.87,6005.67,6115.22,7662.45,6520.06,5932.77,4537.53,3715.13,2716.23,1422.87,20240118
41590,화성시,11,내국인,7101.01,6864.89,7350.36,9175.67,10600.72,11052.0,14042.52,12742.9,12951.97,10813.93,9378.85,6236.56,3185.46,6298.19,5981.33,6800.23,8878.38,9996.96,10130.01,13390.87,10770.75,10480.25,8975.62,7803.54,5672.79,3113.01,20240107
41590,화성시,3,외국인,3.37,34.68,525.29,1153.11,1192.46,834.37,534.13,229.63,265.53,209.98,116.36,58.37,23.73,4.15,20.12,186.66,279.22,364.46,341.33,231.59,165.77,198.37,152.2,109.91,71.02,32.16,20240114
41590,화성시,4,내국인,2665.41,3219.42,4186.6,4850.59,5120.51,5126.35,6476.32,5865.05,5547.92,4416.43,3450.76,2620.31,1319.31,2667.7,2612.39,3683.03,3708.31,4257.45,4425.99,5749.6,4618.03,4560.67,3682.88,3272.91,2356.17,1394.32,20240126
41590,화성시,11,내국인,6839.14,6367.11,6159.15,8963.06,10092.97,10554.4,13495.81,12288.79,12443.58,10017.06,8643.81,5956.34,3159.06,5925.12,5400.1,5868.86,7476.16,9657.0,9693.33,12584.28,10449.05,10266.23,8683.63,8018.31,5593.77,3248.54,20240122
41590,화성시,1,내국인,3284.0,4277.32,4798.8,6520.58,6893.03,6311.6,8061.42,7017.66,6327.77,4693.81,3943.35,2560.6,1177.27,3021.46,3517.38,4050.45,4870.33,5471.09,5354.22,6711.17,5295.05,4650.31,3908.65,3332.66,2269.64,1260.29,20240121
41590,화성시,6,외국인,2.07,28.5,529.14,1092.69,1098.01,1137.67,987.28,684.14,732.03,766.96,484.9,183.86,25.85,2.07,14.41,167.39,273.86,435.31,401.71,376.8,342.53,293.63,243.69,156.24,75.32,22.22,20240117
41590,화성시,6,외국인,0.0,25.17,582.96,1080.1,1233.7,1272.4,921.99,627.46,693.55,660.98,449.93,185.35,56.89,4.01,20.19,186.97,274.93,375.78,420.7,341.99,302.53,315.33,251.79,162.37,73.0,23.41,20240109
41590,화성시,6,외국인,2.07,28.16,467.24,1041.52,1168.93,1148.61,935.86,642.38,660.72,617.0,420.84,140.88,71.83,0.0,25.52,164.08,305.64,358.29,411.95,332.65,341.52,284.36,248.73,188.13,59.81,30.34,20240129
41590,화성시,16,내국인,10374.45,7523.05,6897.96,10285.87,11508.03,10678.76,14197.79,13888.96,14095.87,12357.62,11281.6,7296.62,3398.84,10221.56,6992.05,5481.49,6890.88,8663.92,10044.7,13531.72,11030.96,10817.81,8827.88,8129.12,5541.8,2947.41,20240120
41590,화성시,10,외국인,7.61,63.11,941.43,1996.22,2147.89,2047.02,1651.43,1131.67,1124.87,1069.67,676.26,281.7,87.84,11.96,30.77,382.27,613.42,816.9,924.15,701.11,651.2,622.57,468.89,299.11,167.56,50.53,20240117
41590,화성시,23,외국인,0.0,29.41,549.99,1166.43,1276.07,1058.44,692.29,333.17,386.78,281.17,195.26,89.36,38.24,6.22,26.68,267.16,336.5,429.01,432.62,294.32,250.77,249.24,194.31,108.5,69.36,15.88,20240104
41590,화성시,22,내국인,5266.69,6402.7,5797.46,8928.94,10144.83,9553.32,12027.62,10130.06,9448.69,6868.11,5369.4,3429.02,1587.3,4971.92,5633.61,5186.11,6449.74,7505.44,7595.71,10309.57,8006.79,7310.72,5481.36,4489.33,2980.02,1611.68,20240106
41590,화성시,15,내국인,7880.24,8455.61,8113.56,9450.85,11108.26,10711.21,13803.03,12625.86,12895.27,10265.69,8808.2,6201.38,3154.61,7901.75,7092.41,7191.53,8254.45,9772.35,10127.9,12885.4,10774.16,10978.99,8609.41,8105.94,5483.47,2949.99,20240127
41590,화성시,15,외국인,5.48,61.99,1073.4,2164.73,2297.09,2086.72,1638.54,1032.85,1157.27,982.98,751.1,277.58,69.07,16.45,41.28,479.26,699.97,787.12,971.66,827.69,696.36,658.9,482.47,316.25,165.12,59.48,20240102
41590,화성시,23,외국인,6.81,40.68,921.91,1981.14,2028.19,1478.4,811.84,399.03,390.85,227.74,179.87,89.74,31.45,12.06,45.07,291.88,469.46,543.48,543.63,347.66,249.18,254.23,232.35,166.16,95.19,22.27,20240121
41590,화성시,11,외국인,5.84,67.02,798.21,2013.83,2107.1,1775.37,1181.52,575.98,549.24,441.94,332.26,154.08,42.43,6.22,27.39,306.75,486.66,590.61,600.99,465.68,393.7,379.45,363.63,232.52,133.4,42.12,20240108
41590,화성시,21,내국인,6691.48,8453.08,7208.77,10416.26,11240.24,10925.64,13687.56,12041.48,10980.99,8235.39,6377.26,4230.83,2061.31,6212.94,7575.96,6871.94,8790.62,9837.22,9582.71,12388.38,9905.83,8837.62,6682.24,5656.22,3985.45,2013.29,20240115
41590,화성시,0,외국인,0.0,19.8,242.84,637.85,673.47,584.89,368.89,218.6,181.45,127.35,108.11,50.24,22.26,4.08,13.1,119.02,197.58,232.91,228.61,168.64,132.93,141.38,124.03,82.57,66.38,16.34,20240124
41590,화성시,8,내국인,7534.84,6127.48,5280.61,8975.81,10556.92,9497.87,12689.45,12665.75,13299.36,11970.45,10503.65,6428.8,2903.56,7323.15,5527.85,4251.97,5735.32,6926.45,7401.77,10211.56,8741.6,8285.81,7171.82,6516.31,4642.29,2590.13,20240108
41590,화성시,12,외국인,5.54,79.9,1170.39,2496.62,2734.49,2449.26,1794.03,1253.31,1198.05,1018.91,697.27,276.87,116.04,9.67,26.78,494.38,806.76,985.63,1046.54,948.36,769.77,733.93,494.92,350.43,164.15,48.85,20240102
41590,화성시,0,외국인,0.0,25.53,352.11,725.05,723.28,738.68,420.35,233.41,192.23,172.37,132.86,62.62,24.03,0.0,29.92,135.81,221.26,303.82,270.87,227.79,163.06,153.33,146.19,89.97,32.78,17.56,20240116
41590,화성시,13,외국인,5.85,73.61,974.01,1964.73,2182.36,2060.39,1686.42,1141.35,1168.77,1029.2,713.47,258.31,94.84,14.39,40.32,421.54,665.23,899.75,982.3,820.7,683.59,691.34,470.14,324.57,166.67,63.29,20240118
41590,화성시,23,외국인,1.86,42.88,722.97,1616.72,1672.65,1299.85,723.52,352.24,285.59,238.65,219.92,102.48,34.31,8.23,32.17,274.04,402.94,455.66,468.14,362.08,240.35,241.4,172.11,129.88,72.88,17.73,20240112
41590,화성시,16,외국인,13.62,68.78,852.18,1951.14,1995.79,1822.0,1413.21,915.53,921.49,756.18,499.94,218.8,53.29,18.15,38.32,371.65,557.5,716.35,833.93,650.77,595.39,571.23,438.27,308.17,151.41,40.56,20240102
41590,화성시,7,외국인,0.0,45.21,721.88,1476.65,1633.94,1666.46,1369.57,931.83,1010.52,984.54,677.27,225.83,60.72,2.0,20.32,301.94,414.24,539.55,559.63,514.43,468.68,443.91,340.42,241.22,117.77,44.37,20240101
41590,화성시,9,내국인,7380.93,6268.7,5497.97,9370.17,10271.96,9783.66,12986.38,13287.17,14362.37,13012.83,11481.12,7684.73,3746.53,7189.47,5396.2,4265.78,5667.72,7234.49,8822.64,11780.42,9545.09,9142.57,7930.32,7495.08,5666.6,3151.53,20240110
41590,화성시,21,외국인,0.0,58.39,761.48,1647.38,1543.94,1432.57,809.53,416.27,414.16,272.36,254.63,101.65,29.82,4.08,38.49,329.75,476.56,558.7,510.89,394.03,285.0,303.41,279.8,157.51,96.47,21.41,20240122
41590,화성시,5,외국인,2.07,21.86,429.65,780.18,858.25,743.57,553.46,326.75,341.64,301.76,246.87,99.93,31.09,6.15,14.38,135.14,252.32,265.85,317.12,263.41,216.3,218.53,160.06,107.78,54.41,17.49,20240125
41590,화성시,8,내국인,4647.69,4665.28,5780.28,7069.17,8133.74,8439.3,10741.12,9531.39,9844.76,8157.95,7029.85,4946.53,2242.58,4061.12,4044.08,5053.2,6838.78,7567.29,7444.35,9216.15,7672.8,7212.96,6312.82,5655.22,4127.36,2245.34,20240123
41590,화성시,17,내국인,8092.34,8711.08,7030.51,9537.68,11024.76,10792.34,14069.02,12424.55,12122.31,9496.81,7934.82,5051.05,2610.65,8027.05,7914.35,6642.82,8403.69,9597.42,10320.82,13207.89,10567.58,10317.03,8006.82,6890.13,4703.46,2477.57,20240122
41590,화성시,16,외국인,14.44,41.48,895.65,1792.35,2024.65,1732.94,1351.51,872.81,906.81,774.39,531.46,192.76,50.94,16.13,41.49,372.48,609.6,763.58,822.07,706.71,590.26,522.58,445.18,277.09,151.25,47.38,20240111
41590,화성시,1,내국인,2788.32,3217.17,3831.35,5436.38,5645.28,5554.32,7040.62,5902.52,5441.47,4231.42,3557.32,2307.42,1228.78,2657.2,2592.23,3119.9,3619.03,4262.5,4696.64,5982.3,4699.53,4464.06,3526.17,3024.68,2141.62,1171.46,20240115
41590,화성시,12,외국인,7.32,60.75,959.96,2300.12,2458.6,2254.33,1500.02,1049.44,909.13,840.65,589.71,218.21,65.7,17.68,45.81,315.1,564.09,798.56,791.21,649.06,628.43,619.47,414.96,260.81,150.63,58.65,20240109
41590,화성시,22,내국인,4558.04,5890.9,5512.34,8059.87,9015.51,8843.83,10367.39,9089.61,8102.98,6067.54,4867.73,3246.73,1523.74,4243.78,5192.24,5306.18,6419.26,7179.71,7428.88,9269.16,7845.45,6747.17,5064.97,4196.91,2996.46,1517.69,20240113
41590,화성시,19,외국인,5.54,55.09,1045.3,2485.17,2481.14,1926.58,1147.31,560.78,429.02,328.59,280.09,129.19,43.39,18.46,31.13,351.14,546.69,724.66,790.75,489.71,472.45,398.85,315.39,201.99,122.14,45.09,20240105
41590,화성시,3,내국인,3459.22,3837.53,4402.3,5925.48,6058.98,5754.11,7012.96,6270.01,5684.86,4662.5,4013.78,2535.7,1356.28,3264.74,3145.12,3825.01,4822.15,5377.49,5026.5,6224.4,5014.0,4544.88,3792.1,3528.68,2431.33,1348.39,20240101
41590,화성시,16,외국인,11.38,50.73,1006.91,2581.54,2532.82,2050.56,1220.59,636.94,624.19,439.78,303.87,137.4,28.57,25.8,45.7,323.74,554.27,775.35,756.37,503.38,435.15,418.43,351.72,189.0,154.89,43.93,20240112
41590,화성시,11,내국인,7749.72,7111.36,7826.66,11449.37,13290.45,12307.84,16430.24,16581.57,18570.25,16809.39,15008.97,9784.12,4762.8,7357.85,6186.44,5823.06,7303.58,9565.12,10738.36,14587.94,12192.02,11870.87,10056.09,9035.29,6809.95,4031.47,20240126
41590,화성시,4,내국인,2933.51,3055.19,4124.04,4957.78,5270.15,5325.65,6533.87,5907.89,5551.26,4600.56,3797.28,2750.35,1252.05,2678.29,2644.19,3290.93,3353.84,4023.74,4294.59,5762.38,4525.41,4427.45,3492.33,3253.26,2347.63,1238.8,20240119
41590,화성시,15,외국인,5.15,63.59,901.51,2214.47,2323.99,1929.11,1263.0,859.97,913.83,791.47,509.46,223.57,50.83,17.68,39.5,372.72,552.21,701.2,779.14,550.78,520.38,500.01,366.64,257.17,138.3,54.6,20240109
41590,화성시,21,외국인,3.78,44.28,737.71,1542.32,1675.18,1420.9,842.52,460.15,443.05,307.45,185.24,88.17,33.87,12.43,33.24,343.37,481.47,537.45,586.8,432.67,318.75,321.6,244.95,164.94,99.85,27.57,20240115
41590,화성시,22,외국인,2.0,49.09,742.61,1527.32,1535.11,1394.71,842.01,463.46,416.77,269.22,218.52,111.68,33.1,12.38,41.41,337.55,427.09,494.65,531.0,390.28,292.67,296.63,238.89,136.7,64.69,25.39,20240124
41590,화성시,2,외국인,0.0,27.77,284.13,671.34,732.67,672.0,413.79,245.01,227.18,184.85,81.21,43.95,18.12,6.08,20.67,148.07,213.3,270.98,266.7,209.12,204.85,162.8,117.39,78.15,45.28,14.21,20240127
41590,화성시,8,외국인,10.94,53.74,890.15,1927.32,2153.77,1975.45,1494.84,1060.99,1021.44,905.87,639.49,240.18,67.41,12.0,43.8,388.35,562.99,779.27,828.29,679.6,598.32,530.25,397.98,280.52,136.83,45.18,20240110
41590,화성시,7,내국인,3606.32,3735.75,4527.19,8084.35,9266.64,8769.91,10900.47,10863.75,11601.51,10422.36,8899.85,5467.96,2439.12,3453.05,3275.01,3866.5,4962.57,5868.78,6185.56,8511.36,7393.3,7024.89,5910.13,5301.03,3897.56,2050.73,20240104
41590,화성시,7,내국인,3400.75,3481.64,4190.52,8144.97,9378.21,8910.08,11718.53,11507.11,11994.39,11191.63,9853.22,6017.14,2722.13,2991.88,3065.57,3389.29,4844.64,5825.94,6087.49,8514.84,7477.49,7051.51,5905.88,5355.79,3883.75,2030.17,20240103
41590,화성시,9,외국인,5.23,66.58,958.51,1824.09,2013.27,1883.09,1510.22,1018.85,940.45,882.15,597.56,264.89,111.67,20.26,24.58,408.47,596.57,725.86,810.02,676.86,565.85,488.77,408.43,295.21,155.56,35.89,20240121
41590,화성시,6,내국인,2853.5,2651.05,3465.94,5954.8,6712.88,6875.24,8660.33,8759.79,9289.61,8109.49,7172.83,4471.14,2033.17,2410.57,2500.38,3008.73,3835.16,4616.65,4762.14,6593.07,5714.97,5609.4,4684.91,4267.88,2998.52,1631.58,20240106
41590,화성시,4,내국인,2843.25,3203.34,4187.23,5090.56,5339.97,5488.0,6708.31,6080.58,5842.28,4748.19,3808.83,2671.34,1424.68,2643.07,2508.51,3279.85,3565.88,4246.34,4664.68,5936.31,4511.33,4430.24,3714.98,3144.47,2291.63,1333.27,20240107
41590,화성시,3,외국인,2.07,32.39,436.78,766.22,905.93,747.86,444.5,266.65,234.99,170.72,144.49,64.17,23.71,6.15,18.45,148.97,247.71,256.58,294.49,264.79,203.13,160.9,137.67,86.78,57.78,17.53,20240119
41590,화성시,5,내국인,3203.3,3580.41,3760.34,5501.45,5811.46,5512.09,6980.2,6375.76,5945.06,4853.42,4120.37,2781.7,1569.68,2978.41,2951.35,3570.13,4396.17,4932.57,4812.28,5940.73,5031.26,4761.99,4051.25,3632.05,2477.19,1403.04,20240102
41590,화성시,21,내국인,4914.49,6916.19,6134.04,8638.43,9591.83,9482.75,11440.55,9888.79,9111.0,6709.02,5309.52,3456.34,1619.0,4916.01,6094.77,5800.5,6943.84,7918.49,8032.53,10060.86,8362.66,7398.94,5657.3,4639.09,3329.0,1650.95,20240123
41590,화성시,17,외국인,5.48,58.65,943.78,2198.82,2207.26,1998.87,1419.81,805.99,872.04,655.38,506.67,191.78,91.9,14.31,35.3,457.76,636.49,866.06,892.65,721.52,597.6,546.65,465.8,230.84,124.69,53.54,20240110
41590,화성시,1,내국인,3856.56,4992.02,6329.31,7132.57,7527.78,6828.14,8458.3,7465.08,6781.33,5166.02,4219.3,2874.32,1567.9,3764.25,3575.31,5174.66,6047.12,6304.45,6027.78,7474.09,6017.97,5759.38,4641.15,4050.92,2734.24,1551.45,20240119
41590,화성시,18,내국인,10160.65,9194.9,9008.01,11585.85,12697.87,12179.23,15397.02,14535.7,14418.3,11577.67,9449.16,6181.28,2838.18,9705.4,8681.33,7043.79,8700.45,10118.62,10786.54,14260.15,12092.17,10975.6,8826.96,7213.1,4861.33,2614.92,20240123
41590,화성시,9,외국인,0.0,38.73,673.35,1658.21,1692.66,1396.84,1023.82,572.14,609.2,487.76,395.64,208.79,79.99,4.15,28.05,235.14,406.78,464.7,483.89,451.25,355.08,351.16,257.07,180.5,140.42,30.87,20240105
41590,화성시,1,외국인,1.69,28.2,504.57,1220.24,1267.94,905.31,541.67,257.86,227.24,216.08,132.5,60.24,31.04,6.15,20.08,227.97,308.71,387.53,314.3,271.7,160.13,197.69,173.55,100.11,72.03,26.34,20240129
41590,화성시,21,외국인,2.07,43.63,830.92,1730.99,1671.14,1436.17,840.85,445.64,428.3,359.42,232.34,131.82,54.96,6.22,30.38,356.13,510.1,540.01,597.31,400.38,366.64,356.2,308.1,168.54,120.84,15.43,20240101
41590,화성시,21,외국인,1.69,47.74,836.0,1804.1,1894.63,1578.19,972.55,548.73,464.94,296.21,244.48,84.8,44.89,11.94,43.68,361.46,518.99,647.54,585.31,458.3,316.93,312.95,273.38,186.06,119.11,26.43,20240113
41590,화성시,14,외국인,9.32,67.7,916.17,1766.96,1927.56,1864.54,1448.44,1016.53,1086.21,959.33,672.08,279.89,59.41,18.12,22.46,368.1,549.74,723.57,894.48,732.26,614.32,597.24,448.44,339.82,137.49,71.75,20240123
41590,화성시,5,내국인,2864.69,3283.02,3569.43,5415.88,5649.04,5587.68,6995.77,6581.78,6202.65,5256.06,4375.2,2774.85,1485.16,2715.39,2739.87,3397.17,3780.34,4521.0,4579.9,5854.18,4996.9,4645.54,3941.08,3556.66,2634.21,1511.6,20240103
41590,화성시,18,외국인,8.54,49.26,1115.42,2975.9,2842.85,2175.46,1179.25,676.2,505.93,425.72,266.59,173.22,54.54,16.45,40.89,410.53,701.03,777.65,701.04,581.43,451.25,444.76,376.55,257.04,168.46,35.96,20240123
41590,화성시,16,내국인,10660.04,7913.94,6905.32,10107.55,11134.17,10246.4,13757.91,13442.39,14172.28,12429.92,11312.68,6968.75,3587.33,9896.96,7562.9,5882.71,6610.07,8618.75,10007.39,13172.88,10850.14,10461.24,8740.47,7609.26,5295.42,2807.84,20240101
41590,화성시,15,외국인,9.06,74.18,973.85,2001.23,2243.19,1996.2,1550.76,1073.96,1160.23,984.81,677.39,303.55,108.17,12.1,44.18,433.03,630.04,816.5,941.18,747.01,664.21,614.12,511.52,292.09,169.45,83.09,20240120
41590,화성시,21,외국인,3.54,69.17,1012.22,2336.2,2405.65,1822.14,1057.0,494.05,426.74,337.47,242.22,143.51,44.32,10.23,37.09,416.12,580.25,644.49,653.18,458.21,359.02,377.26,312.19,171.76,127.11,23.44,20240102
41590,화성시,6,외국인,5.62,26.28,536.39,1232.97,1220.97,954.0,667.99,292.17,355.98,257.85,186.24,92.42,43.31,8.35,23.89,163.3,274.47,378.35,320.0,237.97,207.23,213.72,183.48,147.51,83.16,15.8,20240129
41590,화성시,0,외국인,1.76,21.78,238.29,537.16,594.36,516.7,376.23,207.03,190.97,139.15,119.18,39.67,8.13,8.23,13.3,113.11,171.03,217.69,209.29,137.91,130.16,142.27,113.83,80.67,52.07,17.88,20240117
41590,화성시,1,외국인,3.77,27.47,301.15,621.33,714.88,563.08,403.53,218.41,201.88,148.13,118.57,48.15,9.8,12.23,11.88,127.53,197.3,260.97,253.2,171.93,138.97,174.29,105.11,87.5,59.52,20.28,20240119
41590,화성시,6,외국인,1.7,38.81,693.36,1567.78,1546.09,1182.48,620.56,343.15,358.67,262.06,170.63,94.69,27.96,8.23,26.36,196.49,385.92,386.99,400.37,281.82,223.16,192.59,192.76,162.14,118.3,20.33,20240122
41590,화성시,2,내국인,3520.12,4076.17,5283.28,6335.23,6582.09,6097.08,7373.35,6555.28,5955.86,4758.32,3613.06,2673.0,1297.83,3229.02,3365.48,4242.56,4715.89,5069.17,5251.2,6446.16,5091.29,4821.29,3858.28,3373.6,2567.42,1420.55,20240113
41590,화성시,17,내국인,9922.06,7668.66,7331.06,10952.65,12177.55,11041.25,14335.08,14106.16,14047.83,11776.78,10245.89,6493.69,3123.38,9847.31,7156.55,5809.62,7442.26,9010.64,10047.25,13324.37,11076.51,10540.06,8596.31,7522.15,5104.01,2659.67,20240124
41590,화성시,23,내국인,3631.19,4438.67,4276.29,6712.96,7380.77,7445.12,9259.66,7812.71,7268.23,5489.18,4274.27,2754.53,1296.85,3525.51,3687.29,3737.19,4810.73,5647.42,5939.26,7469.99,6246.24,5474.72,4224.34,3519.11,2564.05,1412.77,20240103
41590,화성시,15,내국인,10927.36,7891.71,7064.2,11268.61,12312.05,11008.58,15207.01,15276.21,16581.93,14963.08,13462.84,8547.38,4355.95,10260.28,7122.56,5866.67,7147.2,9072.55,10267.3,14027.29,11965.9,11703.28,9994.08,9164.78,6595.87,3756.15,20240106
41590,화성시,21,외국인,3.84,64.52,974.83,2091.41,2037.47,1738.77,1012.54,537.84,516.04,346.58,221.92,96.17,26.24,12.01,54.18,433.05,538.64,680.83,708.67,483.08,405.62,364.49,303.71,182.47,131.47,23.78,20240127
41590,화성시,21,내국인,6802.02,8670.97,7333.16,10366.22,11559.02,10574.25,13985.25,11856.01,11019.55,8250.6,6188.96,3886.79,1767.54,6207.09,7887.22,6790.48,8046.34,9220.37,9232.18,12073.5,9747.71,8955.97,6749.27,5458.74,3821.64,2018.91,20240113
41590,화성시,1,외국인,2.01,24.08,489.37,894.45,813.09,804.51,481.85,264.9,250.77,209.74,108.67,57.59,24.93,0.0,13.8,177.99,235.37,288.61,312.85,257.55,210.58,200.19,169.04,107.85,49.74,13.62,20240129
41590,화성시,0,외국인,0.0,27.83,399.66,757.57,754.31,682.26,436.79,277.46,230.63,138.31,120.43,55.86,15.92,8.3,17.95,153.2,228.02,310.9,338.86,220.86,167.39,168.55,127.45,68.37,42.33,17.79,20240111
41590,화성시,13,외국인,7.48,60.35,937.6,2234.24,2338.03,2032.81,1292.04,764.51,748.2,580.54,444.31,183.17,65.44,25.88,41.16,376.83,524.95,780.97,700.93,601.34,521.15,491.09,401.85,264.01,159.73,52.8,20240123
41590,화성시,5,외국인,5.54,24.27,301.22,725.3,776.14,724.73,498.12,308.31,401.6,329.7,239.19,69.08,43.93,0.0,8.3,138.79,207.41,314.07,284.62,211.75,187.84,185.93,161.01,110.32,46.58,11.77,20240113
41590,화성시,8,외국인,7.55,45.63,806.86,1750.0,1834.14,1666.52,1345.07,886.35,819.81,762.03,521.67,208.53,53.99,4.15,34.76,307.64,441.16,722.84,717.14,628.82,524.11,499.01,378.9,255.8,124.49,55.33,20240125
41590,화성시,22,내국인,5982.67,7626.55,6800.9,9814.6,10658.19,9991.26,12701.56,11044.2,9896.49,7725.01,5863.73,3766.56,1914.95,5162.68,6673.55,6390.81,8265.81,8939.94,8739.05,11281.86,8916.01,7790.03,6215.33,5238.27,3499.34,1839.3,20240111
41590,화성시,15,외국인,2.0,55.5,914.25,2235.29,2281.26,1835.09,1220.21,649.61,648.94,500.8,391.56,190.43,55.3,20.01,34.92,355.01,586.03,695.26,678.72,604.53,499.93,449.48,356.24,213.74,176.64,30.0,20240116
41590,화성시,2,내국인,2669.42,3424.97,4688.45,5191.65,5233.98,5346.63,6550.32,5693.9,5182.06,4067.27,3261.16,2317.79,1197.07,2764.86,2735.82,4017.1,4017.72,4434.91,4473.66,5819.12,4505.82,4529.85,3452.81,3078.91,2242.87,1314.12,20240117
41590,화성시,10,외국인,5.6,72.68,958.08,2044.7,2143.15,2046.88,1641.69,1079.31,1124.76,995.24,760.28,332.71,70.41,10.03,28.78,412.94,637.42,757.17,814.55,773.82,612.07,555.28,415.23,334.11,181.92,61.57,20240119
41590,화성시,9,내국인,5688.46,5091.19,5973.95,7890.05,9222.28,9736.53,12482.61,11672.72,12608.07,10268.38,8919.46,5922.08,2940.32,4610.79,4679.36,5232.9,6427.97,7631.64,8284.43,10889.26,8928.13,8838.89,7550.22,6593.45,4817.88,2690.06,20240112
41590,화성시,23,외국인,1.86,18.23,617.64,1317.24,1517.84,1195.96,758.05,362.05,371.51,261.44,196.91,113.08,41.96,6.22,34.6,311.59,393.4,493.46,477.68,318.1,285.71,255.36,162.6,121.32,75.28,15.99,20240117
41590,화성시,9,외국인,1.86,46.27,685.59,1701.52,1743.86,1646.78,1314.92,861.23,809.48,733.83,594.91,203.05,78.88,10.16,25.36,316.73,534.26,595.4,663.64,524.64,412.01,452.84,329.88,228.53,148.84,35.78,20240113
41590,화성시,19,내국인,7363.57,9341.12,9191.65,10818.51,12018.68,11740.97,15046.31,13041.62,12244.87,9359.41,8000.47,5472.22,2734.1,6977.31,7743.24,8693.23,10053.72,10946.48,11232.2,14034.48,11171.43,10846.2,8590.37,7331.36,5227.93,2812.65,20240108
41590,화성시,23,내국인,3991.26,4484.17,4564.84,6527.08,7476.74,7487.9,8658.82,7749.09,6901.18,5297.1,4448.25,2770.18,1426.57,3399.27,4210.76,3992.65,5212.32,5953.6,6060.01,7449.41,6267.33,5398.76,4367.8,3543.81,2539.61,1405.12,20240111
41590,화성시,15,내국인,10448.37,7897.22,6976.98,10722.53,11601.7,10437.81,14548.27,14517.65,15679.6,14176.19,12748.51,8184.38,4000.81,9959.49,7269.84,5931.63,6845.9,8476.94,9882.75,13471.43,11385.51,11132.57,9276.27,8473.62,5876.67,3410.36,20240109
41590,화성시,19,외국인,2.01,64.01,888.08,1804.52,2010.3,1722.43,1203.22,628.25,633.17,440.09,371.58,122.78,41.9,9.92,45.36,405.16,600.03,704.66,759.89,542.03,479.85,462.52,368.14,196.2,105.33,33.73,20240110
41590,화성시,12,내국인,8584.82,7487.45,6855.04,9794.08,11352.68,11557.83,15423.88,15148.95,16067.32,13645.98,12191.44,8280.22,4016.14,7965.99,7048.45,6254.89,7881.09,9819.48,10637.26,13843.4,12130.63,11624.77,10187.5,9172.9,6504.78,3725.64,20240106
41590,화성시,18,내국인,9922.32,8902.54,8019.12,11247.61,12498.95,11550.44,15098.01,13598.13,12972.49,10521.47,8803.39,5549.75,2601.59,9310.89,8046.47,6397.2,8354.45,9648.9,10364.55,13628.45,11237.42,10686.11,8180.28,6505.95,4663.21,2320.04,20240122
41590,화성시,8,외국인,3.45,49.7,595.32,1436.39,1493.73,1402.9,1167.49,810.47,851.61,759.64,539.11,236.42,69.03,6.15,28.58,293.73,357.09,484.36,523.79,381.5,386.87,410.22,291.76,204.27,106.19,48.96,20240118
41590,화성시,8,외국인,7.3,41.54,804.92,1742.24,1874.45,1862.45,1430.79,1050.33,1222.02,936.88,655.63,276.49,65.16,9.89,29.24,283.24,521.18,723.17,800.92,594.94,554.54,565.15,377.79,275.34,144.36,50.38,20240101
41590,화성시,22,내국인,4872.45,6637.05,7494.12,8795.53,9588.62,9546.65,11672.56,9930.79,8740.83,6645.04,5329.7,3537.28,1835.92,4668.16,5762.38,6571.49,7200.51,8152.45,8111.17,9768.31,8111.69,7445.92,5475.75,4818.99,3281.51,1906.63,20240129
41590,화성시,1,내국인,2886.02,3176.09,3821.57,5419.82,5671.86,5335.73,7065.6,6071.72,5195.83,4095.68,3489.99,2218.85,1241.58,2586.9,2626.38,3152.18,3684.46,4294.05,4475.74,5819.11,4770.49,4336.63,3446.69,3053.89,2001.48,1101.59,20240124
41590,화성시,16,내국인,9240.86,8310.92,8026.93,9848.72,11329.39,11414.36,14526.56,12845.07,11939.34,9861.25,8311.98,5838.62,2945.01,8276.29,6930.65,7175.96,9353.03,10305.45,10611.72,14010.95,10813.58,10215.9,8314.14,7277.76,5211.84,2909.44,20240127
41590,화성시,6,내국인,2935.89,3428.43,3716.3,6059.51,6219.36,6315.3,7946.01,7925.94,7923.52,7066.93,5955.57,3699.71,1758.0,2702.3,2873.47,3458.02,4060.84,4738.82,4771.92,6301.28,5384.24,5164.35,4555.84,3934.66,3059.05,1662.81,20240116
41590,화성시,8,내국인,4174.14,4206.04,4618.08,6998.16,8356.9,8487.3,10853.3,10631.57,10978.88,9470.43,8118.27,5053.2,2352.28,3630.66,3682.46,4214.13,5241.99,6460.36,6750.38,8876.71,7342.69,7203.39,6331.84,5521.49,4151.86,2254.25,20240121
41590,화성시,23,외국인,1.72,57.04,902.63,2097.42,2049.35,1566.68,840.94,441.94,420.89,308.21,199.2,103.64,27.54,14.38,37.12,345.12,537.44,561.43,526.92,383.89,331.0,295.5,259.55,175.27,123.26,22.51,20240117
41590,화성시,13,내국인,8326.45,7767.38,6948.36,9687.47,11039.56,11234.01,14959.71,13478.14,13926.57,11261.12,10057.94,7122.77,3691.63,7857.97,7168.72,6808.02,8405.22,9928.03,10609.95,13810.34,11986.47,11643.73,9981.48,8810.21,6437.68,3651.02,20240115
41590,화성시,15,외국인,12.91,67.38,964.1,1784.42,1957.98,1869.11,1447.38,1032.24,1108.69,930.56,593.92,261.38,65.18,18.46,25.92,355.37,609.05,780.75,881.22,753.5,624.89,586.23,465.59,334.0,139.6,59.13,20240118
41590,화성시,20,외국인,7.4,50.72,960.3,2232.03,2294.16,1818.76,1046.17,499.35,378.47,322.8,228.68,125.72,41.18,18.53,29.09,355.83,534.12,670.02,695.55,507.56,402.8,415.2,285.28,191.16,109.51,36.78,20240109
41590,화성시,14,외국인,5.85,52.86,844.34,1906.89,1940.59,1832.91,1375.65,901.18,909.96,764.28,518.0,183.69,59.71,9.72,34.69,378.58,584.18,742.49,826.56,706.28,574.54,578.49,441.85,302.88,164.65,63.34,20240126
41590,화성시,10,외국인,11.39,46.92,844.43,1851.46,1952.67,1806.91,1403.59,838.12,998.34,856.16,517.69,213.36,71.33,5.92,25.87,312.02,581.62,762.14,804.82,708.83,613.71,579.0,453.38,320.79,154.27,55.32,20240114
41590,화성시,7,내국인,3806.94,4024.14,5508.6,8175.84,9071.93,8855.35,11447.5,11377.86,11936.23,11086.53,9402.27,5867.66,2780.95,3463.48,3383.15,4017.05,4711.16,6081.69,6330.91,8837.41,7300.86,7068.56,5870.4,5433.76,3954.79,2096.33,20240113
41590,화성시,18,내국인,9954.33,9041.84,8138.32,11504.86,12875.63,11833.99,15146.58,14027.15,13497.34,11259.59,9017.67,5618.91,2739.5,8864.8,8122.2,6307.5,8542.14,9903.94,10509.13,13925.34,11330.54,10751.09,8273.58,6448.71,4676.08,2430.45,20240104
41590,화성시,13,내국인,7411.41,6888.42,7719.66,11466.55,12813.81,11737.91,15695.32,15651.41,17201.2,15699.21,14685.94,9579.82,4891.84,7214.1,6590.49,6979.84,7237.82,9270.82,10472.88,13991.14,12262.89,12241.03,10559.26,9514.81,6895.0,3950.62,20240110
41590,화성시,0,내국인,2459.67,2897.06,3638.12,4977.05,5623.63,5451.86,6666.34,6087.87,5395.63,4335.82,3371.09,2047.93,1040.93,2430.03,2348.34,2864.32,3560.7,4197.86,4479.69,5770.22,4479.21,4127.71,3208.61,2760.55,1935.55,1113.28,20240114
41590,화성시,22,외국인,0.0,30.69,651.77,1388.82,1520.98,1235.46,775.09,385.36,404.83,308.25,236.59,99.71,39.83,4.08,25.16,311.95,478.96,554.27,444.61,353.2,270.56,256.97,223.24,144.99,80.5,18.03,20240122
41590,화성시,17,내국인,10751.93,9362.0,7651.94,10162.29,10961.24,10503.92,14083.14,13803.99,13509.54,11527.79,9863.21,6466.88,2986.66,10093.93,8462.55,6374.16,7455.2,9014.53,10117.14,13516.77,11056.85,10636.3,8937.82,7578.43,5356.62,2790.39,20240114
41590,화성시,15,내국인,9717.43,7564.71,7221.48,10934.49,12304.01,11031.26,14919.52,15138.96,15820.42,14725.48,13282.5,8353.77,4302.48,9038.91,6826.25,6249.56,7054.21,8731.16,10217.17,13646.62,11585.49,11503.21,10088.56,8966.32,6740.43,3686.24,20240108
41590,화성시,1,외국인,2.07,33.32,439.88,831.93,891.28,771.86,491.92,252.68,237.11,159.99,159.95,67.69,25.72,10.3,16.45,156.66,235.52,299.49,324.56,260.45,206.65,180.3,133.95,80.83,56.75,17.52,20240111
41590,화성시,0,내국인,2602.43,2972.03,3744.54,5145.89,5436.56,5442.76,6668.5,5747.69,5537.45,4225.4,3251.66,2061.48,1102.02,2389.35,2257.08,2960.16,3412.82,4131.14,4400.54,5627.63,4449.32,4084.24,3342.69,2701.95,1951.59,1061.93,20240101
41590,화성시,5,외국인,3.93,12.11,341.13,704.22,860.58,803.37,582.69,289.42,368.53,323.81,244.34,90.83,39.5,2.07,13.78,115.37,226.91,327.76,276.48,273.4,195.94,200.56,164.88,105.79,49.08,20.32,20240115
41590,화성시,17,내국인,10918.43,8218.03,7243.22,10694.08,11105.3,10573.35,14282.44,13911.11,14135.49,12040.69,10210.58,6552.59,3226.67,10341.14,8007.49,6007.64,7324.69,8946.01,10604.36,13179.75,10868.86,10546.09,9044.57,7350.58,5132.11,2652.91,20240116
41590,화성시,0,내국인,3960.01,4710.9,5626.44,6679.48,7272.48,6873.28,8392.28,7114.72,6536.71,4891.7,4060.33,2602.99,1251.16,3527.52,3623.69,4772.54,5986.87,6528.82,6048.95,7631.36,5878.14,5450.08,4315.58,3657.37,2364.95,1372.56,20240125
41590,화성시,12,외국인,9.37,64.31,1142.67,2311.12,2483.19,2457.03,1799.78,1201.45,1381.61,1182.84,798.26,329.55,75.23,12.03,14.63,449.74,695.09,918.9,1026.48,870.7,741.23,749.11,532.11,374.18,151.75,75.21,20240123
41590,화성시,16,외국인,11.13,67.15,981.61,2029.39,2004.26,1843.27,1349.74,915.57,904.82,700.48,491.02,240.52,65.37,22.1,50.95,382.12,576.35,799.11,872.26,678.62,575.15,607.29,434.62,299.66,145.52,65.11,20240114
41590,화성시,23,외국인,5.52,41.22,566.93,1526.66,1481.33,1195.37,653.5,333.8,311.79,234.02,154.42,68.5,22.76,6.22,23.08,306.59,392.62,429.63,463.7,304.7,263.62,210.01,161.49,129.95,80.83,32.2,20240117
41590,화성시,11,외국인,11.46,74.25,1107.78,2263.48,2358.75,2327.33,1716.62,1134.39,1170.18,1115.12,680.22,342.12,75.11,11.63,27.96,471.06,660.39,881.03,906.71,836.7,652.92,625.53,431.26,414.55,153.7,61.89,20240122
41590,화성시,5,내국인,2808.19,2995.92,4170.93,5496.27,5757.53,5869.95,7533.42,6880.27,6838.21,5750.23,4921.99,3220.15,1640.91,2710.72,2570.89,3257.21,3594.79,4301.57,4759.65,6107.14,4961.02,4965.99,4203.83,3558.16,2495.12,1521.95,20240108
41590,화성시,16,외국인,15.0,82.59,1004.3,2098.24,2113.71,1973.71,1485.86,945.48,938.48,822.41,543.26,249.8,83.4,11.63,50.54,447.19,642.92,808.21,947.81,726.96,564.15,608.65,469.38,297.88,141.18,50.75,20240115
41590,화성시,15,외국인,15.44,76.54,1100.52,2079.44,2178.66,2172.97,1643.65,1028.57,1021.79,947.45,569.79,266.98,65.67,12.2,30.54,428.04,649.7,837.46,899.38,818.25,700.81,605.84,482.43,334.5,153.15,38.64,20240115
41590,화성시,6,외국인,3.93,16.08,505.39,1071.26,1174.8,1170.2,991.15,671.65,737.76,728.5,519.98,191.16,67.49,2.07,17.51,177.18,333.48,439.65,379.81,371.36,337.19,305.5,247.06,138.77,53.71,32.13,20240125
41590,화성시,23,내국인,3565.74,4395.0,4509.26,6988.66,8009.86,7540.48,9448.47,8015.01,7500.21,5486.48,4408.0,2761.02,1346.39,3521.31,3811.08,3859.38,4910.0,5904.3,6051.64,7880.36,6364.12,5841.48,4392.18,3592.19,2615.63,1389.15,20240109
41590,화성시,6,내국인,3107.75,3012.71,3815.74,6208.31,7074.82,7137.15,9276.17,9045.8,9857.76,8767.68,7363.45,4473.67,2088.02,2883.96,2710.56,3108.42,3804.5,4925.5,4960.55,6732.37,5974.0,5789.54,4953.93,4289.59,2902.23,1643.58,20240119
41590,화성시,4,외국인,5.62,22.14,511.27,1286.62,1247.89,923.8,591.38,247.24,218.48,171.59,137.14,88.25,34.97,6.28,33.74,168.71,268.26,348.62,300.91,219.04,219.56,166.03,154.48,108.06,64.74,12.04,20240107
41590,화성시,21,외국인,3.84,43.6,719.16,1576.26,1578.03,1303.73,809.61,439.42,471.32,324.85,218.57,92.32,41.97,12.3,29.0,286.43,446.7,564.91,526.87,373.12,297.33,308.22,270.81,130.62,88.33,31.06,20240122
41590,화성시,3,외국인,3.83,28.41,285.96,713.88,732.18,678.44,420.14,201.22,213.37,170.99,115.91,44.5,22.0,0.0,8.3,141.01,175.08,282.12,302.09,190.33,168.83,154.31,120.89,88.17,44.56,15.93,20240113
41590,화성시,23,외국인,3.54,53.41,733.9,1730.68,1825.15,1308.11,815.36,342.21,342.72,274.09,212.21,108.69,35.28,6.22,30.75,318.81,422.23,493.8,477.68,342.11,256.72,287.92,221.17,126.33,80.98,15.89,20240106
41590,화성시,10,내국인,7412.61,5800.03,5897.65,9622.37,11496.49,10394.56,13210.12,14035.53,14799.39,13617.31,12427.29,8041.83,4316.45,7074.1,5673.82,5212.49,6085.47,7934.06,9613.41,12805.48,10670.09,10539.49,8990.06,8379.59,6158.06,3381.91,20240127
41590,화성시,15,내국인,9267.33,7583.94,8072.37,10648.37,11952.55,11066.12,14924.27,15337.66,16280.02,14641.34,13260.03,8546.7,4363.4,8818.0,6600.74,6300.55,7386.7,9018.97,10645.99,14323.89,12029.5,11623.37,10256.04,9110.19,6580.0,3669.91,20240112
41590,화성시,10,외국인,3.84,78.98,1024.12,2108.06,2215.88,2155.6,1670.7,1102.54,1171.05,1005.29,809.26,332.53,89.97,13.77,45.87,379.95,699.2,771.4,881.09,717.55,601.71,576.39,379.1,309.69,188.24,68.61,20240110
41590,화성시,8,내국인,4160.81,4183.47,4582.45,6728.78,7712.47,7879.47,9828.03,8983.53,9414.99,7595.47,6454.07,4392.2,2132.09,3706.52,3809.13,4277.59,5530.98,6770.5,6686.19,8542.74,7179.61,6945.85,6075.28,5628.38,4039.44,2078.32,20240123
41590,화성시,8,외국인,3.76,41.09,589.0,1593.75,1690.84,1591.42,1288.03,829.41,922.69,802.63,517.83,247.9,79.79,6.08,18.62,233.06,362.02,516.05,491.49,460.47,382.28,401.9,320.54,224.68,106.4,52.75,20240105
41590,화성시,1,외국인,0.0,15.97,309.59,739.0,786.89,630.97,419.52,245.6,196.24,144.14,116.02,63.03,24.04,4.08,11.39,133.82,246.37,249.69,286.81,200.16,147.0,134.1,147.27,91.29,63.96,16.34,20240124
41590,화성시,10,외국인,3.54,54.67,829.52,1754.83,1900.93,1607.75,1025.21,594.22,615.82,423.42,356.28,182.78,56.05,10.36,23.54,259.96,439.66,624.19,671.48,419.54,426.84,405.52,354.45,255.25,126.49,49.96,20240113
41590,화성시,2,내국인,3498.6,4248.11,4944.37,6096.97,6174.39,5754.74,7085.72,6320.75,5857.34,4658.3,3685.15,2481.29,1313.91,3297.61,3402.46,4124.26,4690.65,5048.66,5051.97,6415.27,4886.82,4809.32,3922.35,3174.68,2378.49,1309.08,20240103
41590,화성시,18,내국인,9650.81,8055.63,7674.4,11428.16,13078.5,11857.83,14798.77,14200.38,13769.11,11323.45,9180.0,5556.01,2719.38,9180.97,7216.2,6256.98,8290.7,9582.51,10428.46,13346.11,11304.79,10536.03,8316.75,6923.83,4492.14,2361.71,20240101
41590,화성시,12,외국인,10.32,73.93,1067.58,2363.51,2483.38,2033.95,1275.63,732.96,686.47,514.95,389.7,200.56,66.15,8.3,22.08,325.83,572.18,662.69,771.43,536.68,472.13,446.69,404.69,273.22,142.2,44.31,20240111
41590,화성시,17,내국인,9177.63,8700.83,7156.42,9886.12,11033.77,11292.27,14275.28,12755.12,12464.5,9706.63,8202.12,5282.61,2845.81,8171.04,8451.47,6767.9,8463.41,9742.27,10301.11,13371.47,10849.12,9988.69,8140.92,6936.03,5127.78,2734.57,20240123
41590,화성시,18,외국인,1.7,58.65,1293.37,2792.01,2931.08,2206.65,1320.12,627.11,562.53,363.73,315.56,133.12,41.67,15.78,49.62,463.91,619.26,785.11,785.83,529.48,420.68,436.99,349.93,232.27,139.13,31.82,20240109
41590,화성시,9,외국인,7.31,52.36,805.19,1744.49,1914.47,1826.03,1498.09,1023.0,1115.12,1006.22,675.44,296.24,68.16,13.67,30.82,304.82,544.83,720.49,795.93,595.62,563.01,550.6,414.33,306.77,141.62,51.21,20240125
41590,화성시,11,내국인,7405.88,6504.27,6769.97,11089.34,13296.94,11840.33,15293.97,15687.2,16840.41,15217.22,13677.62,9014.43,4527.28,7131.66,6299.5,5861.94,7043.14,8778.97,10183.12,13506.1,11602.82,11034.11,9467.91,8903.71,6357.92,3563.6,20240116
41590,화성시,20,내국인,8294.17,8960.23,7798.78,11007.58,12463.23,11973.97,15014.97,13838.39,13122.87,9576.33,7514.29,4651.15,2330.82,7297.17,7615.38,7024.2,8985.64,10070.08,10194.82,13865.25,11061.66,10177.02,7903.21,6128.01,4072.67,2188.88,20240111
41590,화성시,16,내국인,11576.59,8234.27,7037.58,10064.65,11149.39,10172.52,13585.82,13863.07,14074.35,12288.4,11221.83,7206.03,3794.19,10381.53,7680.53,6049.1,6979.58,8934.52,10485.98,13775.6,11506.18,10889.43,9128.38,8102.96,5887.97,3304.57,20240114
41590,화성시,5,내국인,2597.78,2491.43,2939.91,4602.86,5300.13,5466.15,6981.98,6643.09,6433.93,5386.85,4557.72,3079.84,1529.3,2348.04,2347.68,2633.34,3133.23,3944.99,4153.1,5493.95,4647.78,4634.22,3682.54,3490.84,2432.78,1366.42,20240128
41590,화성시,10,내국인,5992.31,5802.7,5387.0,8283.09,9590.95,10018.43,12919.15,11561.11,12696.57,10304.76,8776.34,6508.88,3331.06,5417.12,5135.83,5467.46,6929.2,8546.16,8956.46,11394.91,9828.14,10040.08,8514.26,7840.04,5805.35,3385.31,20240111
41590,화성시,20,내국인,7393.46,8614.14,7407.22,11214.92,12281.21,11226.64,14325.6,12443.08,12271.15,9088.09,6952.03,4393.33,2131.77,7151.16,7107.5,6291.99,8053.95,9322.3,9592.72,12233.21,10354.09,9414.86,7079.81,5446.57,3887.42,2030.28,20240101
41590,화성시,12,내국인,7770.92,7177.42,8699.3,12629.33,14471.44,13301.55,17704.46,17698.98,18996.05,17367.25,15523.82,9902.35,4891.17,7478.43,6531.93,6228.11,8549.97,10678.22,11264.73,15587.51,13319.34,13129.58,10930.56,9706.7,7050.37,3973.21,20240123
41590,화성시,0,내국인,3517.6,4634.1,5721.57,6502.45,7150.01,6785.39,8286.26,6835.89,6322.23,4519.2,3734.9,2530.88,1271.96,3447.89,3545.72,4910.1,6543.58,6641.42,5944.63,7210.96,5734.44,5067.43,4003.19,3416.15,2399.02,1357.97,20240108
41590,화성시,8,외국인,5.23,49.83,813.08,1719.53,1868.39,1896.47,1500.64,993.5,1119.57,1014.09,626.51,290.81,72.26,14.32,20.82,304.64,525.6,748.87,799.68,589.05,583.43,523.58,382.42,275.14,145.15,49.26,20240105
41590,화성시,14,외국인,13.52,72.1,996.58,2016.86,2156.25,2009.17,1452.91,1085.91,1002.96,931.23,616.21,260.96,93.58,18.11,46.0,424.1,620.77,799.14,934.36,756.65,609.22,603.29,492.02,307.65,178.02,46.26,20240106
41590,화성시,4,외국인,6.01,14.19,329.27,662.17,817.87,710.12,462.4,225.61,264.12,191.17,148.47,64.74,33.35,2.07,11.65,107.0,219.63,317.43,238.28,205.92,166.61,176.57,117.76,82.41,39.25,18.6,20240120
41590,화성시,13,내국인,8383.93,7874.37,8017.25,9942.15,11250.68,11385.26,14857.07,13741.26,13530.54,10930.48,9879.36,6595.72,3354.5,7989.95,6658.82,7279.43,9507.15,10624.29,10871.33,14268.41,11712.9,11255.06,9362.01,8200.99,5943.3,3052.04,20240111
41590,화성시,10,외국인,9.69,69.26,967.33,2008.39,2243.83,2098.22,1659.38,1085.96,1078.22,939.83,636.5,298.54,100.29,16.04,36.38,400.39,599.02,863.39,908.62,774.63,592.86,593.96,441.66,346.49,153.31,69.95,20240121
41590,화성시,13,내국인,9949.93,7398.19,7356.57,12064.18,13246.6,11508.49,15641.6,16104.71,17255.14,15799.68,14500.9,9515.5,4937.16,9525.36,7041.87,6341.12,7586.97,9369.48,10662.76,14745.67,12185.97,12658.13,10655.27,9757.02,7080.82,4041.44,20240107
41590,화성시,0,외국인,1.76,23.41,340.74,582.79,653.61,604.62,385.09,206.92,253.06,129.48,109.95,52.57,21.89,2.0,11.58,118.11,167.11,264.07,278.47,219.1,128.74,174.68,118.61,72.76,33.63,15.41,20240103
41590,화성시,2,외국인,2.07,26.13,428.11,781.45,869.35,770.9,480.65,248.89,206.43,191.82,137.71,63.58,22.13,1.7,23.89,135.7,209.93,312.06,281.03,209.78,184.13,150.4,120.24,99.74,42.3,11.71,20240108
41590,화성시,14,외국인,11.77,86.63,964.77,2040.26,2108.59,2129.08,1606.0,1081.59,993.43,951.53,636.78,284.95,78.07,16.2,29.98,454.07,610.59,825.78,880.11,786.53,616.01,604.69,457.03,346.98,173.25,48.14,20240129
41590,화성시,18,내국인,8084.46,8739.64,8255.05,10449.39,11344.71,11858.96,14601.43,12807.78,11594.0,9627.21,7552.88,5046.64,2594.54,7360.56,6990.33,7657.66,9452.93,10819.94,10776.62,13586.59,10589.19,10077.24,7680.8,6347.44,4601.01,2479.86,20240108
41590,화성시,4,내국인,3101.02,3419.74,3801.37,5144.45,5631.01,5176.59,6750.99,6322.57,5808.91,4648.27,3785.03,2607.9,1205.62,2698.07,3075.42,3472.49,4078.99,4498.17,4601.12,5967.48,4702.88,4221.5,3625.43,3241.34,2179.75,1174.61,20240110
41590,화성시,8,외국인,5.91,67.67,959.96,1892.17,2028.59,2080.8,1541.04,1146.49,1138.94,922.19,599.35,252.47,74.07,8.31,27.15,343.22,554.57,792.56,817.11,702.46,594.43,570.43,425.21,281.94,138.55,45.78,20240124
41590,화성시,1,외국인,1.69,23.94,397.11,854.33,971.11,844.83,549.85,270.94,206.27,188.65,112.46,46.84,21.33,4.08,19.85,145.85,258.48,354.84,346.2,225.96,182.91,204.62,144.46,100.83,61.61,18.12,20240128
41590,화성시,0,내국인,3585.6,4540.24,6009.88,6819.17,7099.05,6644.54,8094.96,7149.52,6396.55,4920.54,3944.42,2625.93,1431.04,3352.94,3335.47,4627.12,5837.18,6017.26,5661.03,7286.79,5847.11,5383.45,4333.77,3791.36,2571.33,1350.05,20240116
41590,화성시,1,내국인,2990.15,3410.7,4731.5,5608.86,5869.02,5946.64,7287.0,6409.61,5550.86,4511.87,3840.67,2500.5,1400.7,2732.01,2936.38,3771.19,3930.44,4590.38,4951.83,6032.29,4870.66,4606.46,3711.01,2986.55,2204.67,1287.32,20240122
41590,화성시,2,외국인,1.69,28.48,522.06,1198.85,1261.2,835.68,518.44,241.08,221.85,208.61,125.98,56.38,19.91,4.15,19.86,193.66,291.26,370.06,323.41,227.64,159.2,180.82,175.48,109.77,69.47,30.48,20240104
41590,화성시,11,내국인,7271.33,6148.0,7420.96,11815.47,13391.75,12075.15,16110.72,16679.16,18303.86,16648.9,15082.7,9739.2,4935.26,7092.92,5886.66,6257.18,7191.49,9167.61,10654.58,14038.37,11900.92,11687.48,10238.89,9100.19,6656.21,3935.2,20240101
41590,화성시,11,내국인,7852.24,6751.28,6225.91,9062.06,10962.83,11328.87,14901.68,14854.72,15950.83,13360.29,11648.81,7882.76,4030.71,7116.81,6179.49,5856.87,7395.56,9118.31,10442.04,13508.26,11482.16,10956.36,9386.23,8652.38,6098.98,3582.55,20240129
41590,화성시,3,내국인,2973.18,3580.53,3718.43,5569.85,5505.15,5286.52,6661.74,6100.51,5501.82,4268.12,3447.82,2251.53,1200.85,2842.76,2932.65,3476.73,4076.37,4548.06,4664.85,5868.63,4673.87,4580.24,3639.17,3160.92,2358.35,1357.86,20240107
41590,화성시,16,내국인,11239.16,7794.88,7131.27,10469.62,10715.19,10205.73,13895.43,13714.9,14607.88,12763.89,11884.83,7803.64,3730.21,10662.79,7416.69,6007.9,6709.58,8785.3,10490.52,13619.68,11088.42,10960.52,9197.08,8008.79,5698.32,3149.14,20240117
41590,화성시,6,내국인,2798.64,2678.39,3330.16,5909.36,6878.26,7036.62,9048.12,8868.16,9034.45,8085.06,7114.33,4438.0,1933.52,2392.2,2477.49,3023.34,3791.87,4646.25,4976.87,6430.16,5717.96,5699.08,4702.48,4232.15,2984.99,1601.65,20240121
41590,화성시,18,외국인,5.4,36.74,973.65,2443.3,2574.3,1896.03,1131.33,493.97,523.93,332.29,295.68,126.32,45.92,12.38,44.85,360.97,601.17,713.27,733.28,505.87,399.96,337.49,324.0,203.85,147.6,28.36,20240121
41590,화성시,12,외국인,7.31,66.47,1060.29,2274.18,2506.9,2490.0,1782.66,1279.96,1352.38,1253.64,795.19,340.04,104.25,9.81,42.93,392.78,726.09,1000.81,1010.32,827.8,782.24,741.01,535.06,375.33,181.63,63.49,20240125
41590,화성시,5,내국인,2656.34,2675.01,3248.51,4859.91,5503.9,5333.96,7237.45,6583.13,6749.84,5595.42,4671.57,3005.21,1402.95,2651.25,2264.42,2671.35,3327.25,4009.57,4201.14,5682.19,4677.57,4823.24,3843.77,3546.68,2483.64,1415.16,20240115
41590,화성시,8,내국인,7932.93,5908.08,5536.03,9151.83,10454.84,9443.84,12600.53,12408.82,13408.87,11751.05,10192.74,6310.11,2761.32,7602.2,5428.27,4053.38,5689.15,6859.91,7669.77,10403.98,8666.4,8344.47,7022.9,6497.56,4871.19,2452.54,20240109
41590,화성시,17,외국인,0.0,75.66,1221.53,2723.59,2826.53,2088.33,1219.55,685.03,583.9,404.71,311.57,144.9,39.65,11.84,45.69,434.87,562.84,759.66,753.37,515.42,480.13,454.63,367.86,231.0,142.2,42.11,20240116
41590,화성시,6,내국인,3412.59,3520.59,4041.17,5627.92,6238.11,5939.86,7543.39,6745.17,6783.02,5614.45,4702.82,3176.18,1668.73,3115.58,3163.81,3603.22,4746.42,5332.86,5160.72,6426.18,5410.14,5049.12,4275.08,4074.94,2791.57,1529.87,20240118
41590,화성시,14,내국인,9487.07,7784.32,8299.66,10955.26,12450.68,11438.26,15911.43,15712.91,16673.85,15352.5,14042.46,9255.91,4842.72,8918.53,7074.16,6422.22,7558.04,9396.78,10518.61,14544.93,12256.84,12042.49,10362.76,9571.79,7108.47,4063.26,20240114
41590,화성시,14,내국인,9461.9,7525.53,7513.82,11224.24,12222.62,10977.21,14825.95,15363.15,16094.75,15184.24,13709.37,8927.35,4351.13,8943.24,7037.96,6652.04,7111.04,8749.89,10123.64,13459.73,11825.56,12111.8,10401.21,9314.36,6816.69,3854.35,20240108
41590,화성시,4,내국인,2532.76,2642.32,2798.24,4442.09,4824.24,4761.62,6316.54,5734.9,5542.14,4406.7,3631.91,2432.99,1248.68,2413.9,2155.57,2389.17,3061.86,3558.82,3859.33,5459.61,4183.79,4064.71,3366.52,3007.86,2125.77,1182.21,20240112
41590,화성시,5,외국인,0.0,30.4,347.31,738.48,749.87,722.06,555.28,320.21,310.22,350.63,216.44,70.76,23.83,2.0,8.41,120.96,164.61,318.82,296.02,253.89,201.18,191.04,152.29,98.28,46.72,14.63,20240111
41590,화성시,8,내국인,7727.25,6326.67,5558.03,8851.07,9953.37,9398.07,12666.93,12206.73,13207.51,11639.56,10091.25,6394.63,3006.9,7545.16,5842.52,4177.55,5341.03,6754.3,7721.55,10536.68,8450.64,8265.8,6862.19,6334.46,4708.49,2317.04,20240128
41590,화성시,12,외국인,3.45,53.51,965.24,2341.24,2617.74,2000.43,1453.14,751.27,777.79,580.68,438.62,166.92,81.69,6.22,18.29,296.57,634.58,782.4,796.51,595.83,498.25,525.68,356.43,317.96,144.73,55.93,20240112
41590,화성시,22,내국인,6208.71,7803.78,8184.23,9905.34,11218.85,10427.09,12953.72,11856.24,10581.99,8162.71,6011.82,4055.66,1935.68,5301.4,6552.94,6985.3,7973.82,8864.47,8959.3,11594.55,9245.64,8214.72,6569.16,5370.15,3640.72,1975.39,20240121
41590,화성시,5,외국인,0.0,23.77,334.06,700.96,749.95,747.09,533.63,307.8,349.08,320.0,225.58,91.65,39.62,4.15,10.49,71.77,206.75,299.22,281.65,236.56,183.86,164.73,151.84,127.88,50.51,15.93,20240108
41590,화성시,9,외국인,7.75,83.57,997.0,1893.08,2135.26,2079.54,1542.32,1091.88,1088.99,1049.14,764.34,305.71,65.25,16.02,42.27,404.47,619.08,704.99,773.27,719.87,608.67,598.12,427.35,271.06,163.7,52.05,20240123
41590,화성시,4,외국인,4.08,9.25,363.6,743.49,844.65,737.41,472.68,216.97,243.25,214.97,109.34,84.21,27.88,4.15,18.45,148.03,188.66,274.99,298.25,204.01,199.39,173.15,165.9,96.25,57.54,13.32,20240120
41590,화성시,12,내국인,8102.68,7015.11,8662.63,12998.66,14999.62,13398.65,17748.97,17936.64,19516.96,17430.27,15558.04,9865.49,4968.4,7372.7,6657.22,6655.72,8775.17,10564.91,11571.89,15799.86,13387.19,12898.95,11059.07,9802.91,7386.34,4087.03,20240126
41590,화성시,20,외국인,6.1,54.6,830.32,1733.43,1910.99,1580.16,1014.18,561.61,580.12,410.13,286.18,107.37,45.28,8.23,36.69,378.12,581.48,655.74,713.21,498.25,448.47,415.0,308.53,184.27,96.37,30.24,20240124
41590,화성시,2,내국인,2799.17,2833.98,3163.61,4562.28,4859.4,4853.18,5856.74,5272.45,4848.9,3834.03,3238.1,2174.88,1196.85,2400.92,2484.09,2876.56,3405.02,3746.24,4110.4,5337.34,4351.07,3980.83,3146.92,2791.54,2046.4,1189.96,20240103
41590,화성시,12,외국인,11.7,80.77,1095.84,2411.0,2650.89,2423.21,1925.81,1343.8,1453.22,1265.73,866.28,361.25,102.16,2.09,44.4,506.71,783.39,1033.2,1062.56,874.17,805.94,720.67,523.71,383.86,181.95,61.72,20240121
41590,화성시,10,외국인,5.6,75.43,1064.03,1955.05,2234.65,2122.33,1562.0,1100.46,1136.29,1100.42,801.79,297.4,76.95,16.09,38.31,417.87,660.54,728.12,856.96,789.45,677.83,611.45,468.98,335.39,162.6,46.42,20240109
41590,화성시,9,내국인,4999.22,4979.18,5304.4,7871.06,9398.21,9395.99,12649.43,11909.72,12526.44,10368.47,9283.48,5971.79,2694.27,4640.46,4452.03,4908.76,6087.88,7587.09,8340.46,10599.42,8997.66,8498.61,7360.46,6679.61,4654.26,2686.04,20240126
41590,화성시,18,외국인,6.09,48.7,878.28,2023.16,2220.06,1678.76,1047.31,513.99,546.89,342.74,313.33,136.58,36.3,14.16,50.13,395.54,537.35,694.58,676.04,536.1,380.51,398.4,377.32,172.79,112.05,29.18,20240105
41590,화성시,0,내국인,2534.79,3096.37,3598.28,5067.05,5480.09,5294.67,6789.29,5969.5,5232.79,4199.39,3107.98,1971.57,1025.33,2287.66,2463.95,2990.56,3247.43,3974.88,4396.07,5682.45,4530.3,4063.06,3114.77,2734.56,1825.46,1092.89,20240121
41590,화성시,10,외국인,8.57,43.07,868.31,2069.71,2103.19,1717.42,987.53,489.94,522.78,406.66,312.38,127.75,38.15,6.15,22.49,274.28,490.63,580.16,655.62,437.3,384.81,374.32,322.6,228.21,174.55,48.74,20240125
41590,화성시,13,내국인,8745.22,7367.5,7134.25,9764.56,11140.3,11033.07,14771.85,13923.78,14212.82,11665.4,10186.4,6852.88,3256.04,8435.65,6881.94,6518.63,8206.41,10095.77,10710.71,13835.59,11262.62,10714.85,9342.53,8171.05,5570.23,3130.8,20240124
41590,화성시,2,외국인,0.0,22.26,479.6,885.93,828.22,770.9,440.55,257.98,247.63,194.86,112.14,62.63,28.86,0.0,14.11,160.07,206.99,268.83,306.24,244.16,188.77,171.28,157.6,96.78,52.1,15.44,20240125
41590,화성시,23,내국인,3885.09,4754.25,5296.64,7250.39,8049.5,8052.08,9707.17,8251.61,7854.88,5840.39,4684.2,3040.53,1474.17,3786.2,3676.24,4202.62,5395.61,6200.6,6403.85,7888.95,6569.8,5965.49,4569.86,3732.32,2767.98,1533.73,20240127
41590,화성시,5,외국인,0.0,20.2,316.79,720.16,800.82,656.03,536.85,302.15,368.13,298.13,214.22,86.35,42.43,9.93,6.28,127.08,191.36,287.81,262.65,207.23,205.7,184.26,138.29,96.09,50.31,23.48,20240124
41590,화성시,21,내국인,6366.18,8192.56,8348.25,10719.41,12007.04,11442.68,14178.88,12359.2,11528.6,8518.91,6628.87,4164.94,2110.23,6000.94,7048.34,6924.67,8041.0,8961.31,9163.31,12120.3,9927.03,8896.02,6728.31,5528.51,4046.29,2034.1,20240106
41590,화성시,20,외국인,5.84,56.51,1110.75,2477.31,2550.79,1966.3,1206.19,529.89,478.47,365.24,296.01,140.29,39.2,8.16,42.63,455.02,620.97,661.07,796.44,491.69,430.24,418.15,314.81,202.98,135.72,29.16,20240121
41590,화성시,23,내국인,3770.2,4488.01,4817.47,7109.76,8065.58,7656.95,9421.73,8475.63,7875.12,5699.15,4421.01,2829.22,1363.6,3454.34,3979.17,4019.44,4996.51,6061.98,6220.4,7936.55,6282.15,5647.12,4440.99,3784.53,2653.74,1413.37,20240115
41590,화성시,0,내국인,3085.1,4115.85,4106.23,6110.88,6621.21,6322.34,7843.21,6632.85,6103.02,4595.55,3494.89,2232.62,1096.69,2661.38,3319.55,3821.23,4882.6,5076.71,5390.47,6448.46,5025.06,4627.56,3714.67,2992.32,1985.33,1160.73,20240102
41590,화성시,8,외국인,7.18,48.35,817.88,1884.28,1947.99,1799.08,1482.39,991.52,1076.8,1023.65,641.33,248.93,53.7,10.31,22.52,349.31,559.41,752.97,756.24,688.83,564.07,538.98,388.39,272.02,141.87,49.43,20240123
41590,화성시,8,내국인,4166.95,3816.42,4412.67,7223.82,8275.26,8650.65,11355.81,11367.92,11658.4,10278.5,8772.12,5810.39,2737.6,3601.0,3466.26,3974.49,5334.7,6574.05,6975.26,8813.05,7615.16,7413.31,6709.11,5918.03,4216.75,2345.11,20240110
41590,화성시,6,외국인,4.15,33.1,624.89,1134.44,1150.61,1166.25,943.01,613.8,702.26,719.51,482.99,210.2,51.57,6.15,16.44,194.22,314.4,337.97,423.79,375.36,305.04,304.48,239.1,154.31,71.09,28.96,20240126
41590,화성시,1,내국인,3381.14,4812.72,4890.75,6669.41,6888.6,6469.16,8198.74,7039.04,6385.21,4713.13,4118.66,2608.36,1348.43,3415.32,3613.01,4294.38,5336.38,5906.08,5593.6,6671.62,5717.37,4917.15,4024.99,3630.31,2442.8,1391.83,20240107
41590,화성시,6,외국인,3.45,37.49,404.61,1192.02,1099.7,964.85,605.84,406.2,384.12,336.32,200.45,97.75,19.62,6.22,12.06,171.54,287.96,357.23,292.64,247.18,196.9,196.26,176.85,116.19,73.89,34.94,20240108
41590,화성시,18,외국인,1.86,59.62,922.23,2029.78,2069.8,1796.17,1224.25,644.65,660.53,475.33,365.05,119.78,49.39,6.01,43.95,441.32,610.21,793.45,769.7,620.99,580.11,473.42,415.65,205.51,108.69,41.85,20240127
41590,화성시,9,외국인,9.07,53.84,852.15,1700.35,1911.02,1803.67,1457.25,981.06,1165.73,954.18,647.55,274.03,47.17,18.54,10.15,303.76,527.55,716.85,716.67,625.57,579.64,521.7,419.63,314.53,136.54,63.82,20240129
41590,화성시,7,외국인,8.02,41.97,764.87,1649.85,1684.67,1707.75,1370.76,913.47,1017.99,1009.08,660.93,240.78,37.78,4.08,18.59,276.06,452.5,570.53,564.01,586.82,475.94,486.94,343.84,236.79,94.45,32.39,20240109
41590,화성시,12,내국인,7163.08,7585.31,7911.77,9264.21,10803.96,10781.75,13978.36,12706.88,13000.02,10952.95,9360.45,6672.32,3576.89,6726.48,6534.75,7405.93,8647.9,10087.54,10510.19,14027.53,11475.58,11736.31,10177.13,9245.39,6723.3,3838.22,20240116
41590,화성시,17,내국인,8802.54,8485.38,8262.07,10181.12,11408.05,11717.5,14540.46,13017.78,11968.8,9695.12,7846.65,5539.22,2723.63,8108.95,7032.38,7446.42,9582.93,10893.16,10880.45,14017.68,10729.46,10309.85,8067.56,7028.3,4758.5,2726.3,20240112
41590,화성시,6,내국인,2767.29,2822.4,3374.45,6039.32,6971.14,6857.74,8818.18,8718.01,9381.78,8311.04,7075.06,4469.03,1953.69,2516.2,2295.06,2946.53,3485.42,4690.35,4766.9,6543.86,5986.86,5494.16,4699.41,4246.27,2921.27,1539.74,20240114
41590,화성시,17,내국인,9402.1,9058.56,7420.4,9893.3,10918.63,10874.14,15189.75,13706.24,13394.6,10756.39,8853.76,5864.38,3096.24,8358.86,8315.2,6639.14,8227.62,10497.3,10615.25,14175.86,11691.76,10487.87,8997.26,7691.07,5370.51,2871.1,20240114
41590,화성시,4,외국인,3.71,12.44,408.67,842.83,986.11,795.4,456.52,258.7,249.81,196.02,113.66,82.8,35.56,6.28,27.44,179.87,251.91,326.6,321.45,215.47,181.74,190.17,116.14,75.18,64.66,11.66,20240108
41590,화성시,13,내국인,8666.65,7516.49,7428.63,11605.11,12911.2,11461.15,15212.09,15338.46,16440.09,14939.1,13719.02,8796.16,4305.0,8143.12,7008.67,5981.53,7150.46,9117.52,10166.79,14189.8,11993.62,12014.11,10012.35,9266.31,6493.05,3670.68,20240112
41590,화성시,15,내국인,9115.68,8790.12,8040.62,9462.84,10836.9,11035.01,14445.76,13673.84,13961.66,11017.93,9812.89,6842.69,3463.0,8407.99,7397.68,7175.85,8523.49,10236.69,10591.77,14134.77,11636.36,11095.3,9238.51,8323.88,6001.03,3362.63,20240122
41590,화성시,4,외국인,2.07,22.25,462.72,844.12,820.07,800.72,439.03,238.4,265.33,202.91,109.61,49.43,31.09,0.0,14.11,122.44,210.68,292.81,343.66,239.17,194.51,179.62,152.6,104.59,59.47,13.4,20240124
41590,화성시,15,내국인,10789.75,8701.01,8194.95,10125.42,11698.06,11103.04,14707.7,14786.46,15708.1,14103.38,12165.54,8113.74,4154.69,10301.63,8036.53,6645.99,7717.0,9570.5,10667.36,14222.63,12250.51,11837.15,10086.47,8817.4,6772.37,3847.36,20240115
41590,화성시,19,외국인,6.1,60.19,960.68,1972.19,2116.04,1811.71,1131.47,620.57,652.91,454.58,318.8,153.9,67.0,11.99,37.29,420.25,595.85,757.87,736.04,596.66,469.66,472.73,363.46,193.73,129.17,27.46,20240104
41590,화성시,22,외국인,7.75,54.13,633.24,1497.27,1570.44,1294.59,872.66,389.19,434.49,248.3,211.04,99.37,15.96,6.08,31.51,368.42,424.17,560.37,609.51,392.51,316.6,286.27,201.06,158.68,104.7,26.17,20240103
41590,화성시,7,외국인,3.54,55.02,620.7,1329.57,1440.09,1408.64,1114.2,763.05,748.24,713.6,521.16,181.7,49.25,8.23,20.09,209.16,323.58,467.02,444.88,330.24,324.7,358.57,274.66,204.37,70.67,37.29,20240119
41590,화성시,8,내국인,7597.65,5555.37,5060.18,8867.81,10337.91,9445.28,12263.21,12407.1,13332.95,12120.92,10789.37,6923.62,3115.61,7198.03,5028.07,4054.81,5453.9,6478.71,7232.38,9966.37,8719.7,8644.99,7221.2,6628.06,4927.05,2642.65,20240123
41590,화성시,18,외국인,10.03,53.38,820.81,1946.63,1999.1,1714.12,1142.84,701.76,732.72,500.48,341.48,132.65,51.59,7.91,34.67,419.67,611.58,747.01,754.82,616.43,505.35,500.75,445.3,217.56,131.66,46.76,20240116
41590,화성시,9,내국인,7098.65,5633.08,5539.0,9477.25,10726.11,10001.42,13131.39,13246.77,14399.62,13209.6,11668.39,7757.09,3958.16,6919.87,5319.62,5002.02,5703.31,7151.43,8715.32,11319.56,9605.98,9605.46,8264.17,7617.66,5685.98,3299.22,20240116
41590,화성시,21,내국인,6773.56,8799.76,8348.79,10809.53,11531.33,11231.83,14600.11,12538.96,12088.05,8921.38,6855.62,4352.95,2040.06,6446.34,7450.62,7028.55,8512.35,9732.39,9772.51,12836.63,10542.53,9520.37,7306.02,5849.16,4165.23,2137.53,20240110
41590,화성시,2,외국인,0.0,23.84,407.42,787.0,941.44,708.13,453.99,225.02,218.28,206.78,115.8,74.87,46.98,4.15,9.99,164.81,234.65,274.68,312.73,213.85,187.39,157.54,149.67,90.19,57.11,15.49,20240101
41590,화성시,8,내국인,3989.69,4379.59,5472.55,7224.05,8192.46,8432.7,10372.83,10462.15,10391.76,8884.59,7437.81,5257.77,2555.23,3628.51,3797.76,4664.0,5411.59,6673.28,6744.99,8677.97,7313.75,7307.62,6330.69,5670.28,4296.64,2311.98,20240111
41590,화성시,11,내국인,7298.13,7110.97,7388.34,9152.88,10344.62,11083.7,13792.52,12851.78,12884.59,10477.6,9311.15,6290.37,3440.54,6418.91,6321.62,6691.61,8509.48,10242.26,10187.63,13589.15,11446.75,10806.79,9281.33,8594.04,6141.33,3740.62,20240113
41590,화성시,9,내국인,7773.54,5901.46,5868.74,9630.05,11184.88,9961.38,13395.05,13483.94,14524.82,12778.35,11313.54,7221.89,3349.0,7188.79,5421.76,4489.96,6016.59,7616.4,8788.13,11811.3,9701.08,9260.63,8024.18,7608.32,5573.65,2926.67,20240127
41590,화성시,16,외국인,7.92,70.74,1141.26,2382.49,2562.88,2223.4,1374.59,813.48,770.6,640.44,396.61,185.6,51.5,8.08,43.49,362.34,571.73,784.74,877.47,607.66,473.87,480.7,344.37,264.75,174.27,47.86,20240112
41590,화성시,13,외국인,7.77,72.99,850.38,1970.64,2084.96,2046.15,1567.03,1001.39,1034.2,970.17,612.97,257.42,93.41,19.89,40.28,411.54,609.28,815.95,891.66,776.13,686.32,617.03,463.17,376.72,169.73,47.12,20240126
41590,화성시,10,외국인,1.76,39.28,729.23,1808.99,1858.95,1515.83,1100.96,586.03,655.32,509.86,408.73,215.78,69.96,4.2,38.3,246.98,440.88,524.07,564.36,514.27,404.04,376.7,277.35,222.05,154.65,32.71,20240113
41590,화성시,21,내국인,6418.16,8990.47,8892.66,10498.3,11497.04,11152.27,13915.97,12013.2,10957.96,8508.56,6918.42,4715.13,2297.34,6226.08,7568.49,8332.5,9501.16,10346.69,10241.74,12860.45,10162.04,9992.93,7764.62,6531.49,4717.27,2620.11,20240115
41590,화성시,4,내국인,3136.17,3718.56,3866.9,5520.25,5568.41,5292.73,6819.53,6144.44,5861.85,4613.06,3823.69,2517.09,1443.42,3049.75,2974.1,3555.01,4463.62,4937.44,4660.53,5894.06,5017.11,4559.37,3827.37,3357.39,2361.5,1409.71,20240120
41590,화성시,8,내국인,8019.15,5426.59,5315.75,9434.67,10804.49,9561.62,12806.77,12842.59,13630.79,12250.81,10726.44,6743.87,3040.15,7395.43,4894.32,4057.05,5546.8,6849.74,7534.52,10392.3,8663.74,8261.45,7249.53,6411.16,4942.63,2414.8,20240122
41590,화성시,2,내국인,3928.57,4630.56,5346.7,6265.35,6879.31,6626.26,7921.16,6645.35,6249.47,4907.2,4052.86,2760.52,1348.8,3594.08,3561.09,4744.59,5813.27,6211.21,5753.64,7279.32,5558.11,5374.17,4291.64,3737.02,2505.45,1572.18,20240101
41590,화성시,2,내국인,2718.54,3139.18,3657.25,4985.25,5325.14,5248.84,6488.01,5675.33,5449.63,4164.3,3579.05,2280.91,1209.45,2526.86,2618.74,3055.0,3418.3,4120.77,4215.77,5806.55,4742.81,4275.48,3494.4,2943.8,2015.76,1207.65,20240115
41590,화성시,13,내국인,7705.48,6535.67,7649.15,11430.9,12868.31,11395.8,15339.63,15702.92,17004.46,15281.26,14350.17,9299.3,4883.71,7517.12,6354.32,6683.12,7117.28,9058.15,10892.61,14227.37,11847.21,12153.66,10401.91,9274.05,6956.97,4011.73,20240116
41590,화성시,2,외국인,3.93,28.04,484.87,1226.57,1201.71,913.24,477.24,254.54,195.74,164.97,135.36,62.77,30.9,2.07,32.57,182.16,308.94,323.85,278.81,267.54,178.1,177.83,139.26,100.27,45.64,21.63,20240111
41590,화성시,14,외국인,10.29,53.59,1096.67,2648.11,2627.87,2073.64,1140.06,601.9,618.87,459.23,265.25,171.72,52.78,10.06,39.36,379.98,622.56,738.19,754.35,585.0,451.68,481.62,406.61,273.92,191.37,36.64,20240113
41590,화성시,22,내국인,5410.95,6912.78,7384.65,9224.42,10435.48,10229.52,12589.59,10864.49,9866.81,7506.12,5847.17,3677.33,2008.9,4986.19,6323.35,6131.34,7003.9,8177.9,8258.63,10294.77,8502.57,7747.43,5948.61,4632.37,3404.08,1857.32,20240110
41590,화성시,5,내국인,3765.69,3950.75,4973.56,6027.26,6149.96,6200.09,7394.0,6768.58,6535.62,5188.13,4329.77,3124.81,1572.34,3381.76,3395.43,4418.81,5803.04,5817.07,5312.13,6798.63,5247.7,5125.25,4199.73,3785.62,2807.9,1588.14,20240123
41590,화성시,3,외국인,0.0,17.96,296.64,679.84,744.67,635.44,441.88,199.41,257.38,155.87,83.02,45.24,31.26,4.08,4.15,138.19,203.26,304.45,271.41,181.14,148.74,118.53,111.09,88.07,43.96,14.24,20240116
41590,화성시,11,외국인,7.77,65.67,929.24,2113.53,2279.35,2167.2,1687.56,1185.36,1226.24,1209.04,793.2,353.39,115.21,13.66,29.12,394.48,584.28,836.15,937.03,877.52,684.0,610.43,475.44,399.91,157.85,64.48,20240114
41590,화성시,22,내국인,5018.2,5972.83,5662.2,8059.42,9196.8,9240.66,10747.63,9557.3,8633.35,6546.3,5255.11,3238.83,1631.37,4606.91,5699.81,5271.23,6620.79,7348.34,7601.93,9589.03,7863.87,6806.04,5281.57,4413.83,3129.67,1664.3,20240103
41590,화성시,13,외국인,9.38,79.42,974.06,2177.4,2154.12,2122.84,1610.5,1064.18,1062.88,985.3,608.17,300.99,76.55,11.98,42.15,436.7,624.35,969.92,957.83,824.1,651.78,668.67,464.94,357.24,168.18,46.1,20240125
41590,화성시,2,내국인,3360.03,4049.98,4689.79,6308.93,6481.94,6080.3,7344.47,6302.81,5937.73,4621.82,4003.19,2590.91,1367.56,3263.54,3295.62,4056.08,5072.61,5685.22,5299.07,6513.36,5292.42,4528.79,3855.29,3630.31,2481.49,1266.39,20240118
41590,화성시,6,외국인,5.4,20.74,470.04,979.8,1135.51,1063.3,812.97,535.49,600.78,574.26,390.98,140.61,47.2,4.08,14.02,158.13,260.2,386.11,364.93,282.8,242.71,267.68,202.9,170.23,65.4,25.6,20240105
41590,화성시,8,내국인,7957.2,6172.35,6228.08,9155.85,10387.53,9747.19,13004.88,12797.45,13694.63,12456.5,10987.78,7062.2,3294.91,7558.84,5352.02,4533.64,5450.5,6951.94,7503.93,10388.8,8653.98,8398.46,7281.56,6403.42,4988.39,2552.05,20240103
41590,화성시,5,내국인,3982.55,4083.73,4677.02,5757.45,6470.07,6129.61,7543.29,6625.17,6491.41,5285.13,4356.26,3041.84,1510.89,3485.76,3536.15,4223.81,5442.42,5865.87,5322.61,6986.0,5426.38,5180.1,4311.26,4081.61,2592.13,1603.9,20240124
41590,화성시,14,내국인,8600.04,7433.55,7344.68,10581.56,11375.43,10510.93,14549.37,14668.37,15840.27,14076.38,12899.44,8643.91,4330.26,8200.77,6831.09,6098.35,6688.75,8598.45,9873.62,13321.39,11538.61,11484.39,9709.8,9143.15,6810.45,3863.52,20240108
41590,화성시,2,내국인,3159.22,3952.04,4309.93,5786.63,6195.37,5624.42,7251.63,6513.27,5761.53,4333.07,3649.63,2375.03,1139.04,2760.97,3244.69,3740.55,4414.07,4857.23,4802.14,6136.31,4764.58,4362.56,3567.43,3171.26,2127.18,1149.43,20240113
41590,화성시,10,내국인,7565.73,6379.63,7041.09,10052.33,11454.93,10902.44,14272.65,14659.56,15635.84,14679.0,13159.73,8639.91,4471.71,7105.99,5637.25,5541.37,6653.35,8469.82,9588.97,12983.91,11015.48,10244.41,9202.47,8305.52,6287.97,3680.83,20240108
41590,화성시,12,외국인,5.48,66.09,969.41,2291.45,2398.54,2105.75,1446.88,854.77,825.41,667.43,516.69,190.23,59.97,17.95,36.08,396.55,524.49,756.08,771.86,647.74,571.03,498.28,394.84,303.58,169.66,63.1,20240108
41590,화성시,6,내국인,3300.38,3646.21,3830.03,5700.2,6266.94,6422.01,8192.11,7752.82,8206.59,6852.46,5973.98,3713.67,1660.93,2880.07,3114.32,3437.76,4220.98,4868.93,4931.21,6436.38,5263.62,5144.15,4489.32,3909.27,2867.41,1488.78,20240115
41590,화성시,10,외국인,1.69,47.13,743.69,1726.39,1943.86,1664.78,1158.05,620.19,627.62,528.86,402.29,146.68,83.46,9.79,14.56,252.87,487.73,578.54,562.7,510.2,381.96,389.32,313.44,238.97,171.26,58.49,20240128
41590,화성시,23,내국인,5482.8,7194.7,7507.03,8735.28,9368.49,9200.71,11103.23,9720.82,8832.91,6848.11,5669.74,3732.49,1999.01,5130.39,6464.98,7180.55,8140.51,8511.31,7830.75,10337.49,8462.11,7847.81,6445.89,5469.58,4025.34,2221.02,20240105
41590,화성시,5,내국인,2882.04,2723.57,3350.27,4815.63,5458.82,5469.64,7054.56,6687.63,6884.4,5775.45,4767.99,3117.56,1485.03,2674.74,2506.09,2742.42,3232.4,4154.86,4229.1,5822.41,4804.51,4761.89,3966.74,3504.64,2420.87,1394.33,20240120
41590,화성시,16,내국인,9025.51,8203.48,7226.73,9334.47,10380.02,10648.34,14303.34,12855.23,12576.56,9990.59,8304.14,5622.95,2635.35,8729.17,7196.63,6592.65,7892.93,9795.81,10404.98,13157.0,10501.97,10079.95,8181.87,6959.98,4829.86,2678.45,20240106
41590,화성시,3,내국인,2680.4,3274.51,4211.38,4914.1,5199.01,5322.63,6406.34,5741.47,5273.57,4225.32,3604.67,2350.97,1399.37,2744.39,2739.94,3323.49,3423.5,4221.85,4454.65,5585.11,4375.44,4383.6,3439.7,2936.8,2184.83,1289.19,20240105
41590,화성시,10,내국인,7546.62,6188.1,5705.11,9438.59,11085.63,10426.06,13753.64,14163.98,14377.79,13227.17,11950.27,7633.27,3722.36,6761.84,5393.99,4894.07,6035.95,7844.51,9579.05,12760.67,10320.18,9993.14,8552.27,7888.51,5779.89,3374.57,20240126
41590,화성시,4,내국인,2570.73,2547.06,2911.16,4453.15,4801.02,4800.58,6145.95,5727.32,5424.44,4401.63,3507.56,2438.52,1230.71,2320.4,2275.58,2581.13,3086.33,3745.31,3949.06,5167.67,4428.64,4034.33,3302.67,2999.7,2134.03,1193.47,20240126
41590,화성시,8,외국인,3.84,58.5,928.58,1882.69,1976.5,1972.11,1549.2,1089.07,1080.84,946.55,683.95,275.29,55.69,12.13,38.64,376.08,520.55,681.89,772.69,728.71,584.46,527.1,368.29,275.1,140.94,50.63,20240127
41590,화성시,14,내국인,8405.69,6612.63,7422.21,10874.0,12111.57,10721.28,14587.74,14952.91,16316.11,14755.57,13393.54,8901.38,4544.06,8387.41,6081.65,6379.92,6697.67,8890.92,10155.26,13658.69,11613.34,11538.62,10128.74,8998.03,6919.83,3963.2,20240108
41590,화성시,21,외국인,3.41,72.62,1109.24,2395.99,2483.37,1863.29,1019.55,448.55,502.4,321.08,242.02,107.55,29.36,13.63,43.46,359.05,594.32,634.66,660.07,443.7,346.88,346.92,290.73,190.42,135.77,26.24,20240102
41590,화성시,1,내국인,4186.47,5130.27,5830.47,6913.18,7592.85,7190.06,8584.84,7215.07,6680.22,5201.69,4285.19,2871.08,1370.07,3701.5,3858.19,5130.5,6241.63,6641.68,6202.02,7852.45,6186.59,5585.48,4489.73,3873.09,2536.34,1583.02,20240121
41590,화성시,22,내국인,5344.16,6508.45,5778.67,9263.32,10085.76,9432.31,11834.78,10695.72,9467.77,6945.8,5189.5,3372.24,1518.91,4675.55,5718.96,5053.98,6446.4,7603.31,7696.46,10045.73,8177.82,7150.5,5272.65,4501.0,3003.7,1565.91,20240109
41590,화성시,13,외국인,5.12,43.26,1127.19,2586.45,2563.11,2077.41,1117.98,618.47,589.16,494.92,269.36,146.03,52.3,6.22,33.54,341.99,575.4,747.51,744.65,563.22,496.3,452.12,395.79,266.87,200.36,34.65,20240122
41590,화성시,11,외국인,7.61,83.9,997.19,2075.72,2090.04,2160.97,1698.87,1151.14,1308.21,1246.38,819.64,345.18,111.11,9.54,28.3,361.77,643.48,866.48,898.54,773.82,600.16,703.5,484.82,353.73,160.63,73.55,20240103
41590,화성시,21,외국인,3.45,63.64,829.8,2090.39,2050.08,1701.84,943.16,489.13,430.75,335.97,179.96,101.14,28.74,16.52,25.35,363.89,514.82,667.03,600.28,413.49,361.49,325.41,250.79,172.74,95.44,33.5,20240103
41590,화성시,10,내국인,8401.73,7582.39,6964.56,9629.17,11208.94,10758.01,13983.07,15037.23,16251.12,14183.41,12655.73,8556.35,4292.15,8059.77,6785.65,5392.57,6685.18,8472.83,10035.67,14159.34,11735.79,10662.35,9365.25,8676.96,6419.98,3837.24,20240122
41590,화성시,21,내국인,6485.91,7805.27,7464.2,10746.89,11532.0,11094.9,14197.86,12289.8,11165.88,8395.71,6416.09,4092.68,1914.17,6039.65,6725.16,6433.99,7954.89,8987.56,9275.49,12122.7,9818.98,9122.57,6618.53,5106.28,3692.73,1923.81,20240102
41590,화성시,21,외국인,1.72,53.41,1137.01,2485.27,2493.14,1980.02,1048.84,470.08,474.1,359.26,254.64,121.22,32.92,10.37,41.11,403.07,650.21,667.68,657.73,488.96,388.58,399.34,331.91,231.48,151.67,29.88,20240115
41590,화성시,16,외국인,13.15,65.79,974.33,1957.65,2033.78,1891.78,1472.56,961.54,995.66,857.45,597.21,204.77,58.56,10.24,41.74,395.59,625.38,840.2,895.16,753.42,622.24,580.69,458.51,252.54,156.95,56.96,20240108
41590,화성시,16,외국인,12.99,58.0,890.23,1780.57,1895.25,1743.63,1357.13,909.22,1001.32,766.61,496.88,216.07,62.2,14.01,29.91,339.83,610.67,759.13,859.99,703.98,548.12,550.37,411.11,282.57,126.52,41.91,20240129
41590,화성시,17,내국인,10499.88,8907.24,7765.23,10992.6,11905.78,10962.43,14563.03,13642.51,14016.1,11642.25,9844.65,6629.55,3100.77,10404.34,8398.12,6108.0,7563.1,9108.61,10582.65,13873.59,11098.87,10950.54,8873.57,7243.89,5210.61,2707.39,20240114
41590,화성시,14,외국인,3.76,52.17,1080.34,2510.03,2686.68,2101.4,1456.24,749.08,685.5,606.79,427.87,171.21,79.5,9.63,28.15,348.71,676.02,834.42,757.55,548.34,505.8,535.29,360.55,303.27,173.07,37.43,20240112
41590,화성시,20,내국인,6023.14,7828.93,7104.82,9452.57,10566.07,10403.12,13226.65,11061.81,10292.4,7692.96,6112.3,4010.64,1982.55,5729.69,6391.37,6381.57,7655.43,9082.07,8880.97,11681.72,9364.97,8147.55,6238.84,5317.4,3721.47,1961.96,20240113
41590,화성시,0,외국인,1.69,40.33,548.2,1278.72,1217.71,886.35,585.86,221.71,236.27,195.87,130.39,78.07,29.41,4.15,15.77,189.2,296.89,374.59,340.27,240.57,204.52,182.15,159.33,91.08,66.34,16.19,20240107
41590,화성시,21,내국인,6397.87,7153.3,6723.72,10476.52,11607.16,10771.89,13743.46,12138.72,10862.39,8149.53,6294.35,3994.09,2048.97,5704.87,6128.41,5735.08,7723.02,8708.54,8411.26,11341.21,9579.37,8455.63,6405.78,5143.11,3448.38,1785.15,20240101
41590,화성시,6,내국인,2956.0,3167.15,3731.37,6155.31,6997.13,7009.93,8779.09,8795.87,9261.14,7972.29,6668.06,4216.09,1911.5,2715.5,2680.13,3178.84,4008.64,4739.3,5049.23,6689.33,5871.34,5569.46,4738.77,4298.23,3086.41,1771.22,20240119
41590,화성시,20,외국인,5.54,58.39,827.9,1807.2,1890.61,1506.69,960.63,534.59,566.8,369.14,264.99,96.61,44.05,10.23,34.41,356.68,507.77,637.75,644.21,528.36,419.4,399.85,306.87,174.13,90.85,49.44,20240113
41590,화성시,0,외국인,3.45,31.43,410.54,1190.98,1099.35,873.17,499.05,284.67,228.87,182.86,103.15,50.84,15.64,8.22,7.98,188.75,324.84,333.4,309.54,231.71,165.78,173.56,125.58,100.24,47.99,24.4,20240123
41590,화성시,4,외국인,1.69,24.22,357.47,771.68,916.12,683.73,494.72,249.83,197.05,156.67,122.84,56.35,25.42,4.08,20.22,142.72,233.97,295.61,306.73,232.61,175.57,174.09,120.93,106.3,60.5,9.96,20240126
41590,화성시,14,외국인,13.3,62.6,813.65,1841.76,1997.39,1942.11,1524.87,964.4,1011.48,955.03,630.01,255.57,102.38,13.96,34.38,370.18,578.22,696.02,803.68,770.87,632.52,561.34,491.37,351.06,158.54,61.36,20240104
41590,화성시,18,외국인,11.76,65.35,950.23,2106.25,2161.0,1921.72,1259.08,623.72,698.9,556.99,359.81,161.37,54.94,9.87,54.12,446.68,602.42,739.26,833.01,600.29,505.97,456.9,414.62,216.13,133.25,42.26,20240127
41590,화성시,6,내국인,4179.47,4147.56,4771.85,6029.84,6686.09,6468.4,8221.21,7385.88,7214.36,6049.48,5062.88,3393.5,1605.68,3657.46,3590.0,4376.63,5517.78,6042.89,5463.68,7134.14,5598.33,5456.02,4825.39,4370.87,2840.3,1597.97,20240103
41590,화성시,15,내국인,10225.87,8873.55,7106.66,9543.73,10773.72,10957.39,14628.8,14124.36,14372.11,11975.99,10495.62,7240.01,3740.31,8981.89,8004.71,6429.96,7971.76,9751.17,10311.19,14329.35,11741.08,11165.29,9452.37,8748.43,6045.21,3324.62,20240122
41590,화성시,9,외국인,1.69,44.75,545.88,1509.3,1500.93,1285.91,900.17,512.18,510.55,394.0,235.36,114.66,51.1,12.23,19.21,224.33,387.36,467.32,467.59,355.96,283.75,302.3,305.06,212.07,134.9,29.04,20240105
41590,화성시,22,외국인,5.15,49.55,737.81,1859.39,1807.98,1531.3,833.52,426.83,379.17,299.34,183.13,90.65,23.15,6.22,27.23,333.66,471.02,546.68,548.85,389.31,317.57,270.88,187.68,145.69,98.49,34.26,20240101
41590,화성시,12,외국인,3.84,74.5,1035.64,2316.1,2565.51,2212.65,1755.48,1077.06,1149.43,908.78,628.2,215.21,58.99,4.2,35.24,441.06,731.29,958.76,994.77,821.79,712.71,736.68,450.37,322.61,151.23,56.79,20240107
41590,화성시,9,내국인,5350.77,5178.37,6493.29,7585.53,8908.88,9282.12,11786.76,11128.06,11158.42,9410.38,7926.46,5432.08,2591.99,4616.64,4539.16,5557.11,7483.33,8437.65,8410.47,10563.9,8866.85,8355.18,7185.34,6418.07,4667.61,2611.03,20240102
41590,화성시,7,내국인,3729.72,3613.08,4202.91,8319.32,9395.37,8830.15,11355.29,11472.48,11969.64,11053.29,9484.51,5884.0,2718.09,3391.58,3073.0,3338.75,4594.59,5742.92,6150.24,8323.57,7450.22,7109.11,6052.3,5389.78,3781.84,1882.78,20240128
41590,화성시,13,외국인,9.84,55.48,891.0,1921.15,2093.76,1962.33,1514.44,1018.59,1093.63,979.99,736.32,286.0,79.83,13.69,26.26,414.83,673.83,840.61,938.16,757.08,637.82,549.87,473.37,322.83,206.79,74.22,20240107
41590,화성시,11,외국인,9.69,54.53,1016.28,2093.99,2111.27,2028.82,1617.64,1066.94,1040.99,933.32,664.51,284.44,62.94,5.79,34.99,382.22,596.55,799.87,806.74,796.67,605.01,584.72,423.05,328.13,147.6,62.95,20240126
41590,화성시,23,외국인,3.45,40.88,474.31,1121.99,1111.52,964.43,564.94,290.55,323.52,244.98,170.91,84.17,11.86,8.3,23.44,315.06,351.19,422.88,418.58,279.02,232.25,229.93,158.53,124.57,59.77,16.03,20240109
41590,화성시,17,외국인,9.78,63.28,1097.01,2591.04,2822.97,2032.87,1137.27,556.31,520.36,390.79,297.46,128.99,59.72,14.52,34.86,348.88,640.19,708.97,783.55,520.95,451.27,462.01,336.82,202.29,151.4,39.93,20240122
41590,화성시,20,외국인,7.86,57.8,727.5,1660.11,1736.68,1493.88,920.22,568.78,555.47,367.16,213.31,135.56,36.91,11.87,26.31,377.58,458.98,606.58,640.09,547.67,395.2,451.91,306.79,164.27,97.28,34.92,20240113
41590,화성시,17,내국인,10723.2,9303.78,7313.26,10468.08,11777.78,10848.43,14423.07,14032.77,14056.68,11542.17,9798.27,6315.54,3114.19,9990.64,7935.98,6279.11,7569.06,9412.74,10466.43,13804.44,11239.6,10908.19,8989.59,7675.61,5271.3,2649.1,20240104
41590,화성시,22,내국인,5629.06,7411.7,6933.9,9235.12,10151.81,9644.01,12211.53,10456.31,9673.69,7004.06,5787.05,3570.56,1746.12,5069.9,6752.39,6640.63,7846.93,8659.15,8276.2,10660.59,8599.34,7684.92,6063.24,5004.82,3373.17,1838.15,20240124
41590,화성시,5,내국인,3370.43,3514.67,4002.91,5459.26,5983.69,5705.06,7014.71,6378.0,6120.84,4922.92,4216.63,2817.45,1537.2,3175.14,3106.31,3522.4,4618.98,5243.33,5017.37,6179.76,5136.84,4630.07,3858.66,3749.27,2618.48,1392.07,20240109
41590,화성시,17,내국인,10657.89,8838.7,8431.62,10720.69,11731.45,11158.95,14731.12,14074.86,14217.88,12398.85,10748.47,6796.77,3449.95,9853.49,8340.25,6757.21,7867.91,9361.46,10831.15,13839.36,11459.32,11013.66,9142.9,7542.96,5532.72,2910.05,20240128
41590,화성시,2,내국인,2736.22,2902.81,3290.33,4790.4,5127.52,4917.16,6207.75,5675.0,5290.73,3960.92,3325.11,2155.8,1180.66,2417.38,2431.66,2633.62,3091.3,3827.52,4066.82,5280.21,4306.59,4042.7,3054.15,2761.24,1899.72,1116.11,20240118
41590,화성시,2,내국인,2687.58,2767.93,3308.02,4900.33,5135.35,5212.28,6314.45,5742.49,4988.13,4133.17,3307.38,2274.03,1147.5,2267.95,2357.22,2745.47,3211.86,3795.65,4112.61,5578.03,4423.42,4170.37,3238.09,2939.13,2022.74,1119.17,20240115
41590,화성시,16,내국인,10561.57,8883.29,8225.74,10549.7,11806.8,10885.58,14279.6,14571.1,14931.86,13183.23,11689.16,7766.87,3954.52,9972.15,8181.99,6622.2,7506.31,9497.83,10504.24,14467.58,11711.06,11290.43,9532.54,8297.32,6137.39,3359.95,20240118
41590,화성시,15,외국인,5.46,53.26,1106.96,2586.37,2785.21,2137.99,1392.83,641.72,784.13,516.43,341.24,149.09,72.77,11.63,34.57,343.88,668.55,831.54,783.33,601.25,513.45,457.62,370.85,250.37,173.98,35.85,20240113
41590,화성시,9,내국인,7286.87,5302.52,5658.23,9958.93,11419.34,10326.57,13341.42,13384.32,14683.06,13986.24,12265.68,7957.54,3834.64,7143.09,4688.53,4440.42,5594.63,7576.96,8895.65,11946.92,10064.07,9752.07,8249.98,7742.12,5637.15,3294.7,20240115
41590,화성시,7,외국인,3.94,62.85,835.23,1657.34,1725.65,1876.33,1477.01,963.44,1049.85,1011.99,689.46,300.53,58.14,8.15,28.12,285.59,477.12,498.49,555.26,573.03,519.83,454.85,315.17,236.76,97.74,31.59,20240106
41590,화성시,5,내국인,2683.85,2514.36,2787.71,4724.37,5343.32,5276.0,7026.05,6529.96,6629.62,5406.19,4635.19,3082.08,1515.26,2318.85,2171.71,2643.16,2964.48,3920.25,4075.74,5377.22,4863.86,4435.28,3665.25,3535.6,2354.48,1405.52,20240103
41590,화성시,11,외국인,9.62,61.69,1018.0,2135.87,2420.14,2241.43,1720.62,1208.93,1144.05,1127.84,742.81,305.52,95.08,12.03,42.42,409.82,613.64,817.1,994.03,821.58,617.02,674.94,468.94,347.31,159.4,57.31,20240128
41590,화성시,0,외국인,1.69,27.77,348.33,736.32,856.56,751.72,501.18,247.65,200.18,140.79,94.6,47.48,21.39,8.16,13.75,122.55,228.89,319.79,312.4,254.96,158.41,207.6,143.07,91.54,47.81,16.06,20240102
41590,화성시,7,내국인,3630.68,3503.06,4384.28,8131.67,9380.64,8947.77,11417.91,11465.38,11816.54,11212.74,9449.47,5723.25,2747.2,3375.48,3069.07,3352.53,4759.45,6023.66,6229.67,8201.91,7175.9,7171.92,6048.47,5313.36,3891.93,2001.28,20240106
41590,화성시,1,내국인,3959.67,5105.63,6230.19,6971.44,7292.19,7087.31,8658.99,7361.25,6630.09,4900.48,3999.57,2775.57,1319.29,3771.8,3792.45,5391.09,6650.82,6776.87,6224.14,7542.1,5835.97,5586.51,4288.0,3634.26,2683.18,1510.32,20240109
41590,화성시,10,내국인,7685.49,6772.82,7115.44,9852.35,11381.45,10840.29,14574.83,14774.44,16447.21,15182.34,13328.15,9027.26,4295.16,7160.8,6142.7,5236.02,6370.26,8549.34,9796.43,13532.94,11090.0,10535.15,9215.6,8386.66,6483.93,3668.37,20240120
41590,화성시,19,내국인,9944.77,9179.4,7471.03,11884.38,12800.65,11637.97,15325.64,13963.49,13253.54,10407.87,8301.86,5036.76,2460.42,9124.66,8039.61,6529.77,8514.87,9633.23,10133.55,13586.27,10988.09,10168.01,7861.78,6268.98,4426.07,2173.06,20240118
41590,화성시,11,외국인,9.69,79.8,1057.76,2176.95,2366.09,2333.19,1836.66,1245.6,1221.54,1020.33,802.16,334.84,100.04,10.31,38.79,419.14,653.07,861.93,881.52,808.71,637.69,577.5,473.6,360.77,167.88,63.58,20240118
41590,화성시,15,내국인,11304.52,8121.65,7371.77,10296.81,11311.46,10660.35,14060.28,14264.01,15003.55,13634.79,12312.1,7873.28,4268.3,10281.05,7559.21,6228.85,7013.72,8605.64,9944.54,13700.31,11640.54,11318.86,9516.62,9019.27,6478.99,3630.32,20240116
41590,화성시,10,내국인,7340.96,5686.76,6610.42,10093.95,11488.28,10409.97,13906.96,14765.19,16086.63,14687.82,13439.18,8674.53,4477.74,7252.8,5594.42,5601.78,6125.85,7977.1,9611.81,12720.57,10554.26,10538.63,9164.25,8518.95,6291.95,3669.42,20240116
41590,화성시,21,내국인,6370.59,7531.32,6262.38,9921.92,10953.05,10228.9,12689.43,11096.26,10527.25,7576.97,5871.63,3690.73,1752.67,5767.86,6367.37,5520.29,7003.0,8276.31,8586.52,10910.96,9193.47,8181.03,6044.61,4844.99,3573.11,1778.14,20240101
41590,화성시,14,내국인,8772.91,7511.02,8038.33,10834.4,12111.56,11146.92,15433.02,15512.55,16783.95,15373.69,13991.35,8953.78,4590.59,8642.25,6721.3,6089.61,7273.37,9315.7,10561.08,14048.1,12033.26,11873.08,10579.75,9558.87,7026.16,3794.98,20240117
41590,화성시,6,외국인,1.69,30.51,463.31,1091.84,1081.22,825.12,638.03,328.81,311.22,256.83,209.36,77.89,25.33,6.15,20.13,154.38,262.05,349.3,301.8,211.08,196.09,189.84,170.14,119.81,77.11,22.53,20240110
41590,화성시,3,외국인,3.54,23.95,518.47,1300.18,1259.28,900.81,604.13,230.96,224.07,179.7,146.78,88.68,41.34,6.28,21.84,177.23,276.13,352.52,334.52,221.77,207.47,183.98,160.88,101.91,65.18,9.96,20240128
41590,화성시,11,외국인,9.53,55.83,860.18,2076.85,2200.25,2192.47,1546.93,1107.76,1169.8,1108.05,696.01,318.23,74.39,6.15,35.05,378.53,578.4,678.04,795.37,658.7,571.81,533.68,508.24,271.89,162.44,62.73,20240129
41590,화성시,8,외국인,3.54,50.48,597.61,1463.87,1563.56,1198.26,831.56,457.59,479.8,348.27,278.49,147.35,43.79,7.97,23.61,219.51,306.93,446.14,448.57,345.99,314.96,312.07,281.93,183.45,95.98,30.1,20240118
41590,화성시,22,외국인,3.71,24.14,748.23,1733.77,1761.52,1402.14,926.01,466.73,425.39,295.67,241.16,134.35,41.93,8.3,38.99,390.97,515.57,569.1,583.01,402.52,322.19,300.08,214.26,127.51,108.83,17.82,20240108
41590,화성시,3,외국인,4.08,9.62,348.4,737.0,883.85,725.13,451.13,195.96,243.39,215.06,109.55,58.84,33.6,4.15,14.2,157.47,196.86,278.22,303.89,213.14,185.26,152.07,158.8,84.05,56.03,13.32,20240109
41590,화성시,20,외국인,1.69,51.96,960.89,2087.64,2166.13,1824.22,1073.24,572.6,554.52,376.04,275.69,106.66,47.33,17.85,43.35,370.68,564.51,741.65,641.1,546.54,426.51,411.8,307.44,189.18,117.72,28.1,20240101
41590,화성시,1,내국인,3525.54,4267.1,4712.74,6647.4,7249.47,6720.34,8381.18,7109.68,6305.79,5210.95,3910.94,2645.06,1327.9,3263.06,3460.39,4395.55,5550.86,5705.31,5675.49,7185.96,5605.47,5137.6,4018.75,3675.67,2417.28,1423.36,20240122
41590,화성시,6,외국인,3.93,26.79,509.1,1224.55,1213.14,987.79,683.04,332.13,388.41,349.42,244.66,135.77,48.82,4.15,22.16,143.31,296.12,322.67,274.48,285.64,234.18,207.39,188.94,111.42,54.47,27.41,20240123
41590,화성시,14,내국인,8960.21,8847.53,7470.79,10276.92,11675.13,10880.21,14788.82,14412.51,15242.02,13794.75,12288.9,8066.49,4058.6,8516.93,8198.36,5977.44,7241.02,8752.24,10452.97,14147.73,11873.09,11797.64,9735.43,8824.96,6584.75,3972.12,20240122
41590,화성시,13,내국인,8268.49,7169.72,8129.93,11160.02,12577.16,11826.37,15797.84,15890.33,16757.67,15492.14,14394.0,9217.79,4915.03,7954.17,6450.45,6504.06,7862.86,9610.82,10717.93,14625.33,12453.26,12183.55,10685.29,9319.89,6939.35,4068.19,20240126
41590,화성시,1,외국인,3.45,34.4,389.82,866.9,854.68,773.15,489.32,261.83,266.35,194.08,119.6,48.54,15.17,10.3,14.57,222.84,303.64,296.67,347.33,234.71,182.35,187.48,143.78,107.96,42.3,20.27,20240115
41590,화성시,7,내국인,3445.0,3850.83,4105.58,5987.77,6705.5,6662.31,8717.46,8002.24,8520.93,6803.67,5810.79,3905.97,1952.98,3171.96,3291.04,3779.57,4852.39,5650.39,5441.87,7098.46,6285.61,6010.3,5191.56,4764.73,3303.95,1817.96,20240123
41590,화성시,11,내국인,7184.33,6368.56,7083.53,11272.1,12881.99,11460.7,15744.15,16248.76,17762.21,16374.61,14729.37,9427.14,4870.08,6963.63,6029.45,6202.97,7051.99,8759.89,10396.25,13524.98,11593.05,11641.12,10101.84,8983.37,6766.35,4115.25,20240128
41590,화성시,4,외국인,0.0,22.33,330.51,658.35,736.92,653.98,427.5,226.41,232.92,174.4,127.97,48.27,25.64,2.07,12.57,78.66,168.67,273.86,273.78,200.69,167.25,132.02,108.85,98.24,50.82,9.84,20240120
41590,화성시,5,내국인,3820.71,3889.5,4919.47,5947.05,6188.11,5852.78,7365.48,6912.98,6421.63,5214.68,4315.7,2963.92,1698.84,3549.15,3381.05,4327.2,5117.77,5340.31,5370.11,6558.17,5374.34,5286.18,4405.19,4156.31,2841.19,1539.24,20240107
41590,화성시,22,내국인,6068.55,7340.22,7847.47,9350.28,10545.83,10652.57,12554.83,10754.07,9762.33,7235.81,6012.49,3887.45,1949.12,5707.45,6244.0,7266.88,9408.25,9832.16,9216.66,11514.88,9002.7,8196.25,6306.33,5372.54,3861.76,2070.54,20240115
41590,화성시,19,외국인,3.84,54.62,760.95,1706.26,1814.33,1591.9,962.05,542.45,636.22,467.43,236.41,107.31,39.78,13.64,37.28,381.93,534.33,660.19,677.85,506.2,380.03,407.03,309.56,185.09,87.93,33.56,20240109
41590,화성시,23,외국인,0.0,46.99,537.76,1201.78,1185.46,1044.02,652.76,314.61,316.79,208.93,184.32,96.09,22.19,6.22,21.16,240.83,352.02,398.83,414.63,293.4,205.05,202.14,186.82,112.96,68.44,7.43,20240102
41590,화성시,18,내국인,8138.27,9015.49,8072.54,10084.14,11226.94,11302.37,14777.06,13118.4,12545.92,10012.5,7959.06,5075.2,2524.17,7759.12,7630.82,7011.63,8637.18,10345.11,10747.39,13546.47,10944.03,9961.9,7864.44,6748.07,4528.56,2443.43,20240114
41590,화성시,8,내국인,8008.69,6477.9,6042.79,8792.77,9913.72,9458.89,12595.66,12623.65,13391.36,12009.48,10098.02,6877.98,3172.46,7613.19,5943.22,4453.98,5659.31,6824.54,7745.99,10511.27,8737.45,8456.93,7112.97,6588.17,4717.14,2569.43,20240102
41590,화성시,2,외국인,1.69,42.06,482.29,1133.01,1267.67,948.86,575.9,253.91,238.44,201.74,89.99,52.91,33.67,3.71,22.23,165.89,326.89,382.3,359.1,256.92,183.57,167.39,138.33,103.09,63.06,22.67,20240101
41590,화성시,19,내국인,8862.73,8194.38,7353.7,10988.34,12278.38,11045.93,14372.79,13200.33,12394.33,9942.02,7799.71,4871.77,2380.54,8226.15,7506.31,6090.2,8022.66,9523.57,9805.45,12810.63,10619.22,9721.16,7304.04,6066.36,4313.53,2217.5,20240124
41590,화성시,2,내국인,3040.28,3797.99,4140.37,6070.55,5836.24,5649.08,6972.23,6203.42,5547.43,4305.94,3483.05,2230.87,1191.44,2796.74,3149.48,3787.01,4408.16,4763.98,4865.97,6258.85,4881.05,4581.79,3761.33,3252.38,2362.56,1437.36,20240129
41590,화성시,7,외국인,5.95,51.0,710.63,1570.32,1799.77,1788.95,1358.51,960.79,924.79,871.82,599.37,214.88,80.84,4.15,28.78,310.98,434.29,578.54,606.93,538.64,485.69,451.38,320.92,265.15,116.82,32.0,20240108
41590,화성시,9,내국인,7375.23,6040.73,5721.28,9422.29,11294.68,9934.45,13518.74,13308.69,14133.42,13147.65,11627.87,7181.95,3466.06,7023.38,5630.93,4590.29,6040.75,7598.28,8605.78,11645.7,9703.84,9341.52,8147.82,7490.54,5399.28,3065.85,20240128
41590,화성시,20,내국인,7759.64,7733.03,7239.65,11522.96,12770.36,11801.61,14650.44,13190.17,12377.57,9617.17,7120.41,4507.57,2233.25,6759.32,6573.92,6308.65,8417.53,9425.75,9880.72,12383.9,10747.97,9622.77,7212.35,5792.6,3964.17,2075.72,20240128
41590,화성시,17,외국인,11.48,53.42,915.93,2110.21,2204.95,1917.53,1421.76,884.3,916.76,610.25,410.61,164.97,57.79,22.15,42.81,431.14,670.93,836.83,844.41,721.88,601.47,601.48,434.02,266.51,139.16,46.33,20240102
41590,화성시,9,외국인,5.62,41.23,682.29,1682.97,1767.96,1707.76,1337.36,932.87,966.36,867.29,531.39,252.35,70.35,8.16,21.74,265.31,418.19,572.14,547.63,500.3,413.81,475.16,334.99,267.45,138.56,58.51,20240119
41590,화성시,7,내국인,3627.44,3882.99,4995.31,6554.62,7436.99,7328.9,8864.73,8914.52,9222.26,7835.61,6581.71,4479.27,2208.3,3363.17,3414.71,4314.19,4963.15,5734.09,5712.06,7408.25,6357.56,6151.11,5269.94,4842.94,3534.6,2025.21,20240116
41590,화성시,18,외국인,5.53,52.25,787.95,1669.15,1832.84,1606.66,986.31,656.41,639.27,465.4,281.44,112.6,53.32,19.64,31.81,394.19,550.58,710.48,770.95,598.21,518.39,433.54,343.63,196.9,105.1,33.21,20240114
41590,화성시,6,내국인,3850.94,4136.24,4993.95,6012.9,6471.62,6207.29,7677.93,7464.17,7117.75,5913.95,4791.35,3439.81,1882.99,3627.46,3518.35,4418.61,5218.96,5538.82,5570.13,7017.09,5787.69,5705.05,4762.51,4436.91,3166.17,1625.69,20240114
41590,화성시,1,내국인,2809.75,2958.0,3515.86,4879.23,5253.03,5282.65,6524.04,5582.74,5076.6,3959.81,3289.12,2188.93,1227.74,2388.28,2691.01,3159.31,3736.47,4076.97,4343.66,5707.55,4586.47,4246.14,3341.44,2900.74,2048.31,1175.54,20240126
41590,화성시,1,외국인,2.01,21.44,299.4,762.57,895.18,727.86,475.41,235.93,259.39,189.64,114.01,75.06,31.67,4.15,16.17,170.89,209.12,280.3,337.13,238.69,197.68,177.54,111.08,96.19,57.49,15.8,20240110
41590,화성시,0,외국인,0.0,20.05,240.42,584.07,711.49,594.65,399.48,188.4,231.41,127.21,101.07,44.14,31.17,2.0,12.13,153.61,206.37,250.34,297.83,191.9,174.23,172.11,106.25,86.16,38.29,13.86,20240129
41590,화성시,7,외국인,3.45,38.13,443.99,1312.85,1196.01,1160.87,716.9,445.25,473.2,413.75,222.78,117.26,29.31,6.22,9.99,177.92,310.35,384.33,304.31,282.16,235.22,226.94,200.99,128.19,85.09,26.46,20240106
41590,화성시,20,내국인,7738.8,8590.83,6747.52,11302.33,12071.98,11413.94,14540.73,13006.66,12328.64,9100.72,7049.02,4467.53,1976.46,7217.24,7489.03,6211.13,8370.67,9351.39,9514.73,12383.75,10624.79,9342.7,7094.55,5743.87,3776.87,1953.95,20240116
41590,화성시,5,내국인,2684.35,2488.87,2922.45,4675.84,5180.11,5243.06,6895.08,6412.5,6409.52,5385.68,4551.89,3192.89,1599.13,2381.66,2307.39,2698.22,3291.57,3898.12,4162.69,5686.46,4510.33,4648.99,3811.34,3574.67,2424.06,1438.59,20240121
41590,화성시,12,내국인,7598.53,6701.68,8015.03,12583.41,14382.28,12896.6,16968.18,17493.85,18648.23,16655.55,15448.5,9812.88,4860.05,7348.85,6495.85,6425.71,8292.05,10126.35,11315.37,15068.94,12889.36,12491.15,10645.72,9430.31,6854.85,4080.55,20240122
41590,화성시,3,내국인,2714.94,2686.75,3164.39,4619.82,4904.26,4914.29,6154.9,5602.47,4976.44,4118.62,3372.02,2341.33,1144.73,2223.8,2165.98,2510.9,3095.04,3705.32,3947.55,5284.89,4313.19,4160.17,3188.72,2941.87,1974.34,1063.07,20240111
41590,화성시,19,내국인,6893.29,8225.99,8448.86,10098.1,11342.2,11370.1,14195.68,12336.18,10941.46,8849.29,6861.95,4576.38,2332.28,6728.7,6736.59,7428.03,9310.46,10331.27,9988.28,13038.69,10150.61,9280.46,7152.55,6315.99,4343.51,2365.09,20240106
41590,화성시,18,내국인,10228.24,8390.26,7200.02,11273.61,12042.78,11350.27,14659.92,13905.08,13469.21,10850.28,8844.36,5614.03,2668.32,9698.84,8003.75,6216.79,8130.31,9408.04,10466.13,13436.56,10986.74,10263.32,8140.01,6710.67,4553.9,2415.03,20240127
41590,화성시,11,내국인,7165.48,6576.64,5959.76,9146.8,10389.51,10860.23,14060.51,12928.52,13738.69,11065.1,9502.82,6986.34,3693.27,6207.86,5953.8,5952.37,7752.09,9369.58,9940.61,13409.36,11171.14,10919.98,9200.31,8392.22,6267.99,3553.66,20240119
41590,화성시,1,외국인,3.76,21.86,336.68,823.9,934.01,717.71,568.38,246.68,298.34,162.86,133.23,65.77,17.91,4.08,23.89,170.71,253.14,325.88,349.8,240.55,178.41,189.33,133.52,103.4,60.96,18.21,20240110
41590,화성시,11,외국인,9.37,44.64,1034.5,2078.23,2234.75,2162.32,1699.02,1140.47,1375.29,1178.85,765.8,337.35,73.54,9.96,18.73,367.82,624.86,801.67,911.48,726.96,649.86,635.43,480.39,347.4,190.04,73.56,20240121
41590,화성시,3,외국인,3.93,8.27,321.23,712.25,854.29,705.79,475.45,191.36,246.34,193.78,144.03,60.56,27.46,2.07,13.73,120.66,210.66,330.67,256.65,210.29,196.71,162.06,130.38,86.91,41.21,20.68,20240127
41590,화성시,7,내국인,3559.98,3299.87,3805.84,6433.56,7283.93,7422.15,9763.81,9861.25,10359.51,8994.36,7719.18,4963.67,2368.79,2913.21,3024.95,3507.74,4579.17,5493.91,5915.93,7166.97,6068.91,6195.42,5507.51,4766.37,3443.01,1962.94,20240111
41590,화성시,7,내국인,4453.81,4225.38,4977.46,6422.26,7188.71,7189.54,9102.14,8186.24,8425.22,6983.97,5838.07,3794.72,1949.95,3719.12,3765.34,4509.18,5830.82,6457.82,6084.41,8024.48,6449.9,6258.21,5555.31,5026.85,3326.39,1880.9,20240126
41590,화성시,7,외국인,0.0,47.15,757.7,1596.55,1606.64,1786.28,1327.78,938.0,941.85,798.48,614.02,253.36,71.05,10.19,25.51,271.1,473.63,543.69,530.88,540.75,448.31,444.62,360.38,276.69,112.29,26.66,20240106
41590,화성시,14,내국인,8819.56,8162.85,8211.81,9828.55,11187.29,11054.34,14665.92,13581.51,13363.3,10821.89,9742.71,6500.68,3381.66,8103.08,7323.69,7358.9,9351.96,10736.51,11023.73,14435.17,12063.59,11537.05,9985.88,8992.2,6391.23,3473.82,20240110
41590,화성시,13,외국인,5.85,60.52,891.64,1872.6,2115.13,1986.56,1596.18,1032.26,1160.14,1062.7,655.3,314.91,81.89,13.34,26.02,388.49,634.18,850.77,926.26,775.74,653.8,651.03,465.83,304.62,166.44,57.33,20240129
41590,화성시,7,내국인,3719.25,3456.1,4301.65,7950.12,9275.15,8634.62,11337.91,11505.85,12237.71,10970.51,9767.88,6206.34,2561.45,3517.76,3169.44,3420.65,4603.95,5831.66,5965.32,8186.93,7348.59,7016.31,6057.73,5348.33,3830.74,1972.96,20240121
41590,화성시,16,외국인,11.99,81.91,1206.75,2799.02,2818.64,2255.69,1189.52,587.42,574.17,400.26,299.67,161.96,51.67,8.23,50.98,391.03,668.04,784.75,758.31,552.52,442.97,468.21,362.77,258.36,185.36,38.18,20240105
41590,화성시,22,외국인,3.54,55.44,876.42,2102.03,2155.44,1607.87,981.7,396.81,383.93,299.64,210.24,122.3,39.2,8.3,40.93,366.39,492.54,632.65,565.31,404.34,333.89,335.12,250.91,177.05,106.43,24.13,20240103
41590,화성시,9,외국인,9.69,73.81,816.4,1706.64,1887.92,1952.79,1432.68,1021.21,1111.71,1013.52,620.0,263.06,89.19,11.59,23.92,302.69,544.98,732.95,745.49,656.01,546.85,581.88,435.19,314.17,149.86,55.12,20240101
41590,화성시,12,내국인,8237.95,6800.49,6783.85,9632.05,11301.85,11359.9,15166.47,14086.56,14727.96,12286.83,10514.8,7048.31,3369.91,7741.65,6436.41,6059.01,8067.24,9945.33,10617.65,13599.44,11034.86,10663.06,9252.09,7951.82,5413.61,3074.4,20240121
41590,화성시,19,내국인,9392.22,9420.05,7881.31,10902.43,12250.18,11437.79,14982.31,13649.63,12858.2,10116.67,7940.55,5032.11,2310.25,8652.01,8665.07,6830.54,8855.17,9895.09,10279.46,13713.58,11248.27,9965.38,7845.41,6497.2,4428.48,2193.27,20240112
41590,화성시,12,외국인,3.76,56.99,907.41,2095.54,2214.15,1877.18,1311.51,752.41,753.63,587.85,465.6,196.94,80.8,12.5,31.29,320.6,595.39,640.64,639.8,597.43,463.52,512.02,339.23,224.99,147.1,43.46,20240112
41590,화성시,20,내국인,7706.47,7982.48,7465.51,11654.28,12671.99,11836.13,15214.13,13556.45,12708.71,9846.93,7395.1,4621.49,2278.2,7349.09,6819.58,6092.93,8563.8,9572.08,9565.67,12996.14,10912.48,9917.13,7449.86,6105.58,4201.6,2036.76,20240129
41590,화성시,9,내국인,4980.47,5071.39,5194.11,7461.15,8590.65,8555.05,11726.61,10702.94,11352.13,8912.74,7723.73,5337.0,2907.65,4449.44,4369.03,4916.91,6197.73,7620.64,7724.42,10123.3,9092.66,8476.63,7486.46,6641.96,4889.31,2553.6,20240112
41590,화성시,15,외국인,11.08,76.49,891.13,1805.75,2006.86,2024.51,1489.61,1050.1,1146.67,1019.4,654.5,292.36,85.74,10.17,24.59,390.0,580.86,803.6,880.67,748.11,655.87,642.92,520.4,315.58,165.37,76.73,20240121
41590,화성시,8,내국인,7366.28,5487.2,5132.86,9077.57,10541.22,9554.64,12882.21,12656.13,13311.52,12554.37,11034.11,6990.98,3236.41,7070.03,5234.74,3817.54,5538.72,6661.82,7451.42,10128.19,8749.1,8553.02,7140.98,6541.35,4863.31,2534.57,20240120
41590,화성시,1,내국인,3685.04,4315.44,5808.48,7051.27,7347.87,6694.58,8018.85,7318.21,6300.9,5034.94,3866.33,2796.23,1367.77,3138.06,3615.65,4735.02,5327.7,5662.25,5702.94,7138.81,5663.46,5338.98,4175.89,3541.11,2603.26,1426.13,20240117
41590,화성시,6,내국인,2900.66,2760.87,3415.19,6168.52,6987.97,7015.18,8877.19,9173.76,9568.68,8635.49,7436.35,4414.54,2148.9,2629.18,2456.34,2895.29,3489.28,4731.84,4749.96,6407.25,5785.09,5615.6,4809.86,4201.2,3061.36,1490.1,20240117
41590,화성시,8,내국인,7863.27,5930.45,4777.45,8764.89,9890.75,9168.81,12275.11,12014.32,12385.33,11096.62,9427.56,5969.44,2788.45,7391.69,5373.39,3756.69,5342.91,6435.26,7200.86,10161.26,7879.99,7872.26,6703.93,6150.76,4534.18,2332.53,20240115
41590,화성시,9,내국인,7477.1,5612.13,5785.09,9921.25,11342.09,9975.93,13534.31,13669.54,14765.57,13216.8,11943.23,7661.78,3751.35,7260.64,4771.34,4183.81,5976.34,7401.77,8917.3,11820.29,9680.35,9432.31,8083.82,7656.67,5882.48,2929.02,20240114
41590,화성시,16,외국인,2.0,77.95,1126.81,2556.24,2619.62,1996.72,1234.13,746.92,593.17,435.99,343.88,178.47,33.58,11.46,45.5,416.98,539.46,777.26,718.25,583.18,501.85,493.15,399.43,208.6,133.57,45.94,20240113
41590,화성시,9,외국인,9.69,67.53,968.16,1819.66,2080.34,1967.17,1535.88,1000.99,1091.97,895.93,690.38,269.45,54.08,13.87,41.59,339.62,556.38,672.49,752.65,663.22,526.17,518.85,409.81,298.32,155.62,28.31,20240113
41590,화성시,7,내국인,3904.94,4001.51,4705.45,6563.22,7278.64,7372.28,9400.27,8898.38,9625.27,7986.95,6871.73,4387.85,2104.19,3428.68,3429.13,4049.81,5008.68,5635.43,5850.41,7436.46,6406.89,6371.36,5398.29,4639.16,3542.86,1995.11,20240117
41590,화성시,3,외국인,1.76,17.66,306.0,649.91,740.17,605.63,412.55,188.67,204.18,148.38,145.88,53.97,11.96,8.15,6.19,107.17,184.58,260.03,233.08,164.75,155.8,161.1,112.42,76.11,60.2,19.39,20240125
41590,화성시,22,내국인,5290.13,6178.89,6131.09,9122.58,10401.22,9620.21,12469.3,10742.72,9665.91,7239.74,5505.9,3479.53,1848.09,4941.24,5198.18,5248.78,6846.76,7721.82,7800.99,10242.37,8417.25,7466.03,5689.85,4449.58,3072.67,1613.76,20240111
41590,화성시,0,외국인,0.0,22.91,335.53,678.81,795.17,712.7,462.53,203.75,196.85,187.51,112.81,67.74,35.25,2.07,14.19,165.11,204.12,251.75,338.62,220.0,170.7,186.35,139.54,82.4,58.11,9.68,20240114
41590,화성시,4,외국인,3.46,20.07,280.41,672.08,809.72,597.25,430.96,236.29,249.6,204.79,122.16,63.21,22.58,3.78,6.3,138.8,189.71,277.4,306.72,189.18,128.13,156.55,125.34,96.67,59.53,13.38,20240103
41590,화성시,19,외국인,5.14,65.9,1220.87,2855.97,2787.57,2099.35,1139.79,598.1,536.22,391.56,257.53,166.87,45.14,12.38,40.68,405.56,671.69,743.56,725.27,590.37,448.73,426.45,367.56,231.83,153.15,31.8,20240123
41590,화성시,0,내국인,3216.16,4245.19,4437.95,6490.02,6983.69,6585.45,8038.26,6916.52,6290.08,5075.7,3700.03,2471.16,1197.48,2940.62,3354.23,4126.61,5227.19,5721.43,5552.9,6979.1,5377.67,4899.22,3897.18,3334.77,2300.06,1254.35,20240122
41590,화성시,5,내국인,2430.03,2315.05,2674.95,4749.92,5295.14,5346.95,7187.93,6560.47,6403.21,5624.74,4853.75,2995.22,1487.47,2252.26,2153.22,2458.53,3134.99,3875.02,4007.45,5495.24,4619.89,4532.14,3709.82,3484.89,2511.91,1393.91,20240129
41590,화성시,16,내국인,8726.36,9079.5,8232.43,9387.1,10803.12,11147.01,14314.3,13489.91,13228.85,10354.11,9195.47,6323.49,3176.41,8332.34,7584.22,7287.7,8647.42,10302.92,10915.1,14034.22,11541.43,10955.13,9055.0,8041.39,5716.16,3215.15,20240106
41590,화성시,19,내국인,9354.54,9017.0,8031.07,11645.1,12973.68,12075.9,15442.22,13794.66,13177.77,10548.87,8207.07,5150.44,2434.57,8285.65,8098.82,6467.39,8834.13,9945.74,10350.91,13656.87,11419.86,10237.78,7906.21,6310.84,4359.36,2266.67,20240116
41590,화성시,17,외국인,5.53,82.06,1128.52,2269.43,2320.04,2130.49,1469.2,872.81,941.64,551.58,437.26,209.98,61.4,16.28,45.96,444.68,700.05,831.32,881.93,687.85,627.43,570.14,483.89,229.88,146.3,47.18,20240115
41590,화성시,20,외국인,4.15,64.86,1009.74,2240.33,2335.35,1947.16,1111.15,579.12,583.35,369.24,272.92,125.13,26.45,12.23,54.77,464.81,571.0,712.09,759.47,544.09,459.85,398.14,390.76,185.16,145.73,30.21,20240112
41590,화성시,2,내국인,2798.97,2934.09,3443.14,4874.18,5055.11,5071.51,6532.12,5872.16,5059.26,3804.11,3277.43,2187.5,1233.21,2470.23,2432.16,2882.79,3346.18,3856.88,4109.43,5433.96,4367.08,4096.14,3228.52,2983.12,1925.09,1095.97,20240112
41590,화성시,14,외국인,7.91,48.07,1037.84,2297.76,2279.8,2229.23,1498.05,994.84,1078.44,960.55,554.01,271.28,60.58,11.62,29.3,408.34,596.29,779.81,846.9,643.55,493.89,564.82,436.5,276.44,153.04,58.22,20240127
41590,화성시,4,내국인,2661.7,2783.92,3394.82,4610.04,5180.98,5211.27,6424.18,5791.92,5724.71,4697.02,3762.45,2511.26,1308.93,2479.01,2363.67,2736.58,3273.3,3914.81,4178.5,5632.92,4703.93,4491.26,3572.82,3081.44,2090.58,1224.95,20240118
41590,화성시,1,내국인,2820.15,3599.94,5223.3,5640.05,5797.64,5761.81,7012.54,6081.61,5460.18,4247.46,3423.61,2426.34,1247.79,2905.19,3013.62,4302.8,4253.22,4747.18,4872.44,6157.88,4652.21,4784.29,3710.9,3246.95,2274.04,1411.23,20240128
41590,화성시,1,내국인,3211.99,4284.36,4558.77,6552.75,6557.75,6117.23,7847.37,6650.05,6226.86,4740.13,3715.79,2268.27,1317.54,3017.02,3476.18,4237.62,4822.43,5258.95,5195.71,6700.39,5295.18,5021.81,4189.42,3372.18,2363.41,1537.29,20240115
41590,화성시,18,내국인,10682.35,8621.95,7873.33,11942.45,12747.8,11661.35,14947.88,14051.8,13980.59,11438.94,9416.53,5796.23,2842.81,9498.87,7564.85,6068.82,8293.13,9622.19,10762.23,13844.06,11288.83,10666.54,8593.73,6999.36,4659.32,2412.2,20240128
41590,화성시,16,외국인,7.38,50.37,1105.57,2592.75,2808.69,2097.14,1332.47,652.07,709.73,405.02,318.41,158.51,64.84,9.56,43.74,347.69,701.11,752.47,815.47,585.05,453.2,400.76,336.43,230.34,171.1,44.46,20240119
41590,화성시,21,내국인,5570.03,6937.99,6649.45,8959.58,10075.55,9996.82,12390.29,10281.13,9327.75,7028.9,5654.78,3783.67,1844.4,4998.87,5841.86,6132.62,7285.95,8268.25,8285.5,10235.7,8560.17,7613.59,5843.07,4711.7,3522.73,1908.06,20240128
41590,화성시,3,외국인,2.07,14.09,309.23,617.52,708.85,575.09,395.27,200.97,213.25,155.5,116.72,38.73,29.09,2.07,11.63,124.62,202.35,262.18,251.86,166.23,154.69,127.25,99.01,80.13,59.25,14.42,20240102
41590,화성시,14,외국인,11.55,71.55,1036.38,2467.5,2569.48,2130.97,1275.66,700.03,688.19,480.25,366.69,182.93,55.0,20.03,21.85,331.51,613.25,727.1,843.7,607.78,464.3,451.83,413.68,263.38,142.61,44.22,20240110
41590,화성시,9,외국인,5.15,34.28,561.45,1524.44,1502.98,1332.41,875.08,564.21,590.07,432.71,271.35,137.37,49.55,14.23,10.3,235.55,408.01,467.56,472.87,411.43,337.58,337.89,299.77,192.67,103.16,36.07,20240129
41590,화성시,13,내국인,8219.86,7166.19,6903.03,9628.61,10740.47,11343.37,14754.54,12856.07,12978.82,10418.64,9371.78,6378.85,3325.25,7488.03,6563.94,6521.98,8335.25,10020.35,10613.88,13690.25,11315.3,10969.66,9413.32,8345.93,5904.9,3110.36,20240128
41590,화성시,17,내국인,7970.84,8667.87,8546.6,9791.26,11372.16,10787.69,14132.35,12954.23,12708.22,9885.21,8234.61,5579.88,2891.06,7262.69,7651.89,7401.37,8710.9,10232.94,10107.18,13518.1,11104.77,10721.24,8459.74,7412.64,5085.93,2777.25,20240119
41590,화성시,10,외국인,9.69,75.76,885.01,1888.72,2123.89,2048.41,1543.53,1123.42,1180.02,1043.6,689.53,298.14,80.67,11.6,34.34,375.79,619.3,801.37,832.36,763.48,649.2,610.78,455.12,364.64,163.31,65.29,20240118
41590,화성시,11,외국인,0.0,50.25,863.75,2106.95,2229.43,2075.16,1550.41,1007.61,1059.68,905.4,651.65,244.02,83.42,18.6,31.61,370.64,647.58,766.47,794.81,636.55,508.48,590.49,409.7,290.97,146.12,55.3,20240103
41590,화성시,3,외국인,2.07,12.11,349.39,763.74,761.44,693.12,448.67,207.09,209.91,196.08,133.88,42.78,24.89,6.08,17.47,109.74,189.23,287.42,281.05,202.97,144.45,150.64,100.68,93.43,57.21,17.69,20240118
41590,화성시,15,외국인,10.82,72.11,954.4,1958.01,2160.21,1987.92,1548.69,1031.58,1097.37,1060.0,716.17,249.83,76.07,6.24,31.48,386.05,634.35,882.65,908.03,778.85,693.15,606.2,500.33,298.03,168.74,53.01,20240111
41590,화성시,16,내국인,10586.78,8745.39,8224.29,10217.35,11469.86,11037.57,14498.16,14184.84,14621.53,12428.59,11294.28,7390.84,3698.54,10124.62,8213.82,6891.43,7535.77,9692.13,10571.57,14186.98,11571.13,11312.18,9584.91,8220.35,6021.42,3543.83,20240106
41590,화성시,0,내국인,3067.87,4447.3,4647.52,6316.83,6558.62,6289.05,7741.19,6747.52,6067.86,4477.19,3752.1,2406.36,1220.45,2941.75,3447.06,4090.52,5199.8,5705.31,5265.21,6433.5,5624.07,4837.51,3862.79,3317.81,2221.35,1235.76,20240105
41590,화성시,8,외국인,3.84,49.8,784.1,1710.22,1819.25,1768.13,1447.3,999.3,1052.16,939.66,676.29,234.23,59.63,7.89,22.51,339.57,509.72,691.72,702.2,614.97,533.52,521.34,377.03,279.86,152.53,49.56,20240112
41590,화성시,20,외국인,3.93,68.11,825.19,1828.73,2049.26,1699.43,1092.16,539.64,595.85,404.86,255.37,120.05,56.23,10.01,45.55,389.24,563.86,652.99,644.21,511.63,451.4,392.75,354.58,193.54,94.93,21.82,20240104
41590,화성시,17,외국인,7.28,69.51,1116.89,2609.91,2557.74,2126.21,1196.59,664.94,673.74,483.23,315.37,127.98,41.01,13.61,51.02,366.41,576.96,801.12,755.65,577.6,484.48,463.59,355.9,217.7,135.12,49.64,20240118
41590,화성시,3,내국인,3195.77,3943.7,4065.21,5823.96,5749.72,5497.45,6926.37,6189.24,5736.24,4413.29,3743.08,2434.67,1334.84,3167.51,3189.52,3738.08,4596.58,5050.49,4728.13,5947.99,5009.72,4494.69,3657.58,3318.91,2372.44,1426.65,20240107
41590,화성시,19,내국인,6958.31,8212.84,7233.93,9839.99,10984.53,11033.24,14003.92,11766.0,10916.23,8467.01,6675.3,4338.74,2193.86,6172.19,6680.03,6599.67,8149.6,9534.34,9733.48,12244.62,9579.27,9082.18,6950.97,5760.43,4053.56,2171.72,20240111
41590,화성시,6,내국인,3001.41,3268.95,4619.45,6528.21,7174.33,7051.06,9391.49,8919.21,9617.73,8610.2,7250.49,4556.14,2041.06,2726.6,2722.62,3578.62,3965.81,5034.29,5285.68,7084.59,5756.01,5826.75,4991.3,4494.49,3260.53,1696.17,20240107
41590,화성시,13,외국인,7.91,66.92,1010.99,2403.71,2603.37,2076.73,1239.17,711.19,631.34,501.13,349.75,179.89,57.64,16.45,27.73,356.06,538.28,793.03,770.7,514.34,454.66,484.19,363.63,260.39,139.7,52.16,20240126
41590,화성시,8,내국인,4357.31,4584.42,5885.15,6770.76,7827.32,7744.66,9737.32,9335.03,9365.42,7433.31,6412.42,4640.44,2468.08,4002.24,4072.37,5035.73,6001.05,6773.29,6844.85,8744.75,7457.56,7440.79,6380.59,5948.05,4233.68,2272.22,20240120
41590,화성시,7,내국인,3451.79,3497.89,4317.89,8143.06,9275.2,9025.84,11789.38,11342.09,12260.09,10983.68,9587.76,5965.78,2604.14,3202.07,3236.15,3260.82,4907.55,5834.04,6280.96,8428.29,7207.73,7136.35,6065.43,5452.24,3783.78,1974.56,20240127
41590,화성시,16,내국인,8290.3,8835.4,8513.84,9574.73,11175.39,10958.47,14139.14,13007.77,12568.16,10215.12,8612.44,6207.48,3214.3,7555.65,7569.45,7685.38,9350.48,10685.43,10264.65,13695.38,11049.16,11163.65,9128.36,8227.07,5821.04,3071.86,20240105
41590,화성시,11,외국인,7.61,71.14,1059.1,2088.24,2310.55,2319.32,1827.1,1302.08,1284.36,1222.39,808.9,302.64,97.65,15.68,36.62,408.77,672.73,876.73,920.12,763.17,644.12,665.05,526.2,342.8,162.12,62.07,20240118
41590,화성시,14,외국인,7.93,72.84,1031.23,2130.66,2227.23,2029.44,1691.23,1051.04,1153.14,1005.72,768.41,322.04,88.73,13.81,36.05,436.02,690.48,800.41,865.1,791.76,634.21,674.45,453.13,340.66,188.42,77.56,20240118
41590,화성시,19,외국인,6.22,41.88,735.69,1624.4,1912.42,1482.53,1034.07,569.53,616.77,388.78,242.58,100.81,39.09,9.94,28.11,391.42,477.57,699.36,640.61,524.35,442.52,426.92,334.34,183.74,83.16,55.65,20240122
41590,화성시,4,내국인,2706.93,2462.15,2775.46,4284.74,4886.84,4816.2,6135.69,5614.02,5396.23,4313.87,3714.16,2321.97,1345.58,2355.58,2340.13,2681.04,3300.42,3800.3,3963.98,5113.94,4470.69,4103.61,3349.68,2905.95,2064.6,1263.5,20240123
41590,화성시,3,외국인,1.7,34.9,675.21,1540.63,1547.55,1127.97,570.32,290.27,264.21,170.11,138.59,68.77,18.56,7.91,34.72,194.07,346.24,362.15,360.87,273.7,200.3,166.69,143.68,119.08,86.53,16.29,20240107
41590,화성시,13,내국인,8101.8,7459.32,7365.68,10972.67,12245.51,11085.21,14962.44,15602.36,16981.61,15129.94,14117.14,8877.48,4564.15,7843.04,7056.9,6317.31,7368.5,9169.58,10544.49,14147.1,12008.05,12014.06,10290.05,9505.28,7009.82,4115.55,20240113
41590,화성시,13,내국인,8447.96,7439.0,7559.58,11313.29,12841.88,11471.42,15502.52,15611.55,16460.27,14760.12,13423.11,8573.1,4326.85,7803.82,6750.54,5641.71,7501.38,9443.26,10763.87,14173.68,12107.5,11877.96,10032.4,9315.59,6572.12,3702.29,20240104
41590,화성시,19,외국인,5.84,90.96,1207.31,2713.71,2780.97,2194.1,1191.37,552.85,564.44,388.63,267.55,137.6,49.14,18.07,41.56,380.59,657.4,699.13,802.25,565.69,401.95,433.27,339.93,199.69,141.99,60.93,20240111
41590,화성시,18,내국인,10134.07,9291.44,7606.94,11027.99,12264.76,11551.02,15088.04,14250.86,13913.87,10856.8,9087.95,5619.08,2734.96,9142.63,7885.83,6499.38,8415.24,9649.54,11042.25,14473.39,11390.85,10956.11,8754.54,7288.01,4894.43,2453.12,20240102
41590,화성시,23,내국인,3510.72,4476.68,4360.27,6332.12,7184.67,7062.15,8544.51,7309.23,6820.82,4961.93,4111.32,2720.29,1338.0,3124.56,3921.26,4061.61,4868.62,5511.95,5915.83,7350.09,6074.78,5379.41,4232.0,3485.34,2534.11,1353.01,20240116
41590,화성시,3,내국인,2678.65,2886.17,3351.3,4670.81,5080.96,4958.26,6300.68,5722.55,5353.66,4200.16,3342.35,2389.65,1256.91,2592.38,2300.88,2611.2,3256.94,3955.31,4000.35,5399.97,4198.82,4147.5,3227.82,2841.1,2084.42,1203.32,20240122
41590,화성시,11,외국인,1.69,57.31,846.67,2095.87,2302.07,1949.66,1349.15,742.8,725.77,608.11,455.06,147.05,83.88,7.86,16.18,295.34,551.22,694.19,701.84,528.67,435.94,462.5,334.53,311.31,149.18,59.9,20240108
41590,화성시,4,외국인,1.7,40.66,690.11,1504.5,1461.06,1080.77,569.31,285.29,265.46,188.03,136.26,70.91,18.24,9.99,30.6,195.72,334.11,366.44,376.75,257.67,176.21,177.57,140.94,121.82,86.72,20.18,20240118
41590,화성시,8,외국인,11.42,44.64,784.7,1891.03,1983.02,1886.23,1506.36,1014.03,1081.66,988.36,647.95,279.86,59.42,12.46,27.2,331.24,510.63,735.38,817.46,684.22,613.06,510.05,426.14,317.78,114.05,48.75,20240113
41590,화성시,14,내국인,9197.39,8410.15,7983.43,9579.98,10924.57,11030.94,14801.87,13982.05,14172.54,11493.44,10197.88,6933.48,3513.54,8402.19,7334.61,7240.66,8540.08,10030.53,10709.85,14040.6,11913.96,11233.43,9675.12,8643.39,6149.69,3390.59,20240129
41590,화성시,7,외국인,1.76,45.74,734.12,1505.33,1661.01,1756.36,1324.31,971.15,1165.82,938.03,644.02,227.19,55.54,2.07,24.84,269.49,459.28,552.54,611.76,515.38,502.8,494.32,336.84,217.02,129.27,53.02,20240106
41590,화성시,19,외국인,0.0,50.21,896.04,1944.63,2054.96,1656.75,1054.49,498.24,512.61,359.36,268.67,123.02,38.5,10.08,48.57,328.95,542.94,647.48,618.67,512.49,354.82,393.81,355.95,160.37,103.82,29.1,20240102
41590,화성시,12,외국인,5.85,94.85,1276.48,2547.57,2726.53,2478.09,1931.8,1281.86,1360.21,1135.4,837.27,337.65,71.54,12.03,50.14,537.66,851.33,948.41,1155.28,901.73,796.62,795.03,526.15,359.3,205.91,61.05,20240114
41590,화성시,22,내국인,5822.23,7857.01,6795.44,10043.95,11017.54,10304.08,12686.46,11272.29,10090.46,7375.2,5664.94,3705.48,1747.42,5289.42,6533.26,6375.56,7836.66,8600.83,8680.1,11118.35,9019.69,8027.14,6125.42,5022.88,3461.86,1888.22,20240120
41590,화성시,20,내국인,6830.61,8236.1,8059.12,10057.53,11330.73,11007.44,13980.17,12031.58,11482.96,8930.47,7253.19,4393.51,2168.9,6360.87,7262.44,7053.55,8624.79,10128.45,10187.84,12836.15,10306.51,9330.72,7260.06,6145.04,4041.65,2147.52,20240120
41590,화성시,9,외국인,7.55,41.09,741.46,1677.19,1823.44,1679.82,1289.47,806.4,922.69,817.46,524.65,189.11,57.25,3.84,29.81,307.56,502.52,695.62,746.39,667.69,522.57,567.28,412.22,282.68,132.83,53.51,20240129
41590,화성시,16,내국인,10085.85,8675.3,6999.17,9451.55,10696.5,10851.19,14633.84,13400.13,13699.0,10941.09,9339.61,6390.65,3290.68,8549.43,8471.54,6321.84,8003.51,9975.26,10522.78,13757.19,11444.67,10580.38,9082.95,8091.74,5639.38,3128.5,20240106
41590,화성시,4,외국인,1.69,41.02,460.79,1067.3,1184.33,915.35,501.67,224.61,227.43,190.97,104.42,58.28,37.23,3.71,18.47,156.72,305.26,358.71,333.24,217.04,180.71,185.92,129.65,86.18,62.44,16.4,20240129
41590,화성시,6,내국인,2962.58,3109.08,4037.65,6191.69,6630.97,6985.39,8817.77,8954.29,9520.51,8110.36,6731.67,4059.5,1960.08,2807.73,2907.18,3425.98,3772.05,4969.84,4908.91,6678.5,5755.81,5692.39,4647.7,4154.03,3055.48,1688.19,20240112
41590,화성시,6,외국인,0.0,32.37,614.85,1139.89,1192.56,1194.86,985.39,596.85,727.34,748.54,514.52,221.57,51.54,6.15,31.71,203.75,296.85,348.55,377.66,346.81,350.1,277.63,224.5,152.84,68.2,25.38,20240121
41590,화성시,16,내국인,9016.16,8589.17,6819.88,9255.71,10919.72,10965.4,14165.45,12522.46,12404.35,9848.22,8475.9,5496.86,2882.63,7947.93,7761.56,6655.75,8367.45,9647.41,10228.09,13309.74,10780.71,10529.27,8500.96,7352.96,5122.53,2772.99,20240112
41590,화성시,14,내국인,9229.56,8177.14,6881.61,9590.98,10767.9,11181.98,14611.28,13640.0,13774.93,10943.25,9614.25,6891.25,3806.85,8211.69,7648.51,6627.39,8702.42,9926.47,11090.99,14218.02,11868.63,11508.98,9786.43,8511.77,6434.77,3550.85,20240119
41590,화성시,21,내국인,6853.16,8225.74,8523.99,9976.71,11209.63,11061.38,13580.78,11683.81,10600.89,7891.09,6486.36,4248.28,2145.44,6463.83,7306.12,7751.29,10037.58,10432.83,10186.06,12774.37,10098.39,8932.85,7135.04,5995.17,4273.39,2348.63,20240109
41590,화성시,5,외국인,0.0,19.49,362.53,746.91,835.38,802.47,564.57,283.86,292.27,277.12,175.79,89.58,47.24,3.78,10.37,169.96,224.29,275.17,278.24,233.29,202.48,190.92,175.51,92.48,60.86,13.9,20240120
41590,화성시,7,내국인,3423.82,3836.47,3944.89,6348.73,7123.69,7381.58,9464.19,9064.67,9629.76,8311.74,7228.88,4326.42,1966.87,2998.51,3301.45,3666.44,4549.67,5527.61,5573.46,7459.75,6127.71,5914.6,5215.0,4646.79,3335.29,1808.65,20240103
41590,화성시,4,외국인,5.54,21.92,303.64,683.52,686.3,661.54,430.58,215.69,237.88,179.41,119.91,60.25,35.62,0.0,6.22,140.27,175.59,287.39,272.78,168.11,180.49,163.02,126.78,85.42,40.25,13.86,20240123
41590,화성시,3,외국인,0.0,12.08,319.95,759.75,802.24,695.74,455.23,225.94,259.62,200.18,134.45,60.67,26.26,2.0,13.8,134.83,197.7,269.61,283.59,221.93,176.78,162.31,137.82,93.92,42.77,11.98,20240119
41590,화성시,19,외국인,7.4,71.55,815.59,1930.29,1928.48,1646.1,1084.57,576.47,652.64,490.7,299.95,127.94,64.52,14.23,45.66,366.76,586.6,713.08,714.53,590.23,433.72,384.59,342.73,212.62,96.59,42.0,20240106
41590,화성시,23,내국인,4188.27,5476.81,5511.05,8000.01,8607.81,8132.57,10352.38,8800.31,8011.47,6053.1,4669.69,2816.93,1425.38,3950.2,4835.79,5193.44,6055.24,7034.43,6779.52,8715.48,6999.29,6303.03,4968.41,3975.95,2960.07,1641.69,20240123
41590,화성시,13,내국인,8728.67,9182.91,7536.64,10733.7,12233.57,11378.16,15077.08,14998.59,15983.45,14159.39,12921.95,8307.63,4134.97,8250.02,7881.78,5650.21,7343.55,9020.68,10540.89,14165.64,12137.42,11789.68,10036.26,9057.17,6484.17,3696.14,20240122
41590,화성시,15,내국인,9047.57,8097.45,7922.44,9744.53,11289.7,11299.07,14696.53,13015.56,12655.82,10445.37,8870.75,6237.71,3076.11,8198.05,6656.99,7396.68,9498.28,10419.94,10652.69,14038.88,11057.62,10577.37,8737.94,7548.71,5476.53,2908.44,20240110
41590,화성시,3,내국인,3284.77,3639.06,4094.02,5824.03,6116.12,5572.4,7162.79,6168.14,5727.41,4722.46,3688.02,2510.06,1270.0,3055.86,3089.45,3576.46,4801.47,4969.54,5047.84,6191.13,4965.87,4570.65,3797.53,3570.25,2282.76,1397.53,20240124
41590,화성시,22,외국인,0.0,44.11,645.07,1414.58,1490.81,1268.19,800.96,421.76,436.36,275.54,214.37,93.22,39.79,8.23,23.59,299.78,406.98,516.24,476.42,396.01,261.35,271.27,225.04,153.96,87.2,32.69,20240128
41590,화성시,17,외국인,16.86,87.98,1081.18,2338.85,2344.74,2160.28,1453.96,843.82,858.64,656.38,430.42,209.0,70.59,9.86,53.6,491.91,700.64,875.13,970.12,753.63,587.69,613.81,456.37,241.22,131.96,57.1,20240108
41590,화성시,19,외국인,1.76,69.04,940.3,1945.48,2138.29,1842.25,1221.63,568.25,618.15,470.62,278.14,145.02,54.38,12.16,55.35,417.9,569.21,674.82,731.46,571.27,465.41,426.89,390.34,196.46,104.23,32.0,20240102
41590,화성시,23,내국인,4821.24,5843.25,6888.05,8301.67,9433.43,8645.65,10689.54,9680.71,8675.52,6543.15,5049.33,3379.01,1619.17,4150.46,4778.18,5657.34,6599.12,7386.41,7255.0,9200.66,7607.38,6743.19,5358.28,4314.2,3185.17,1711.18,20240106
41590,화성시,15,외국인,2.07,71.78,1089.41,2346.38,2539.04,2127.8,1363.74,948.9,871.89,673.44,531.4,203.24,81.87,16.45,31.69,404.21,664.49,708.51,841.54,565.0,551.43,502.76,382.26,274.85,170.35,42.97,20240122
41590,화성시,22,내국인,5600.56,6346.91,6064.34,9522.0,10422.72,9812.6,11952.21,10627.04,9748.64,7257.24,5514.28,3497.53,1731.87,4994.27,5163.91,5222.54,6447.81,7903.43,7761.27,9994.46,8240.13,7414.85,5587.3,4488.11,3100.04,1658.96,20240127
41590,화성시,9,내국인,7189.96,5895.51,5825.52,9853.93,10884.42,10261.66,13563.06,13452.57,14726.51,13287.28,12205.93,7820.29,3772.73,6841.34,5041.34,4666.42,5635.08,7385.61,8825.94,11627.82,9712.85,9476.96,8189.15,7924.23,5489.32,3047.14,20240116
41590,화성시,17,외국인,4.08,50.54,938.23,2304.99,2337.26,1765.07,1096.66,481.46,624.32,424.34,304.52,144.45,41.82,10.23,62.02,411.77,596.64,656.25,729.07,552.95,430.26,424.39,319.03,188.43,125.93,34.93,20240124
41590,화성시,15,내국인,8146.4,8540.73,8139.95,9541.14,10919.22,10925.1,13978.26,12760.13,12748.17,10391.49,8973.45,6359.25,3511.96,7667.56,7319.02,7417.89,9329.4,10680.55,10281.68,13875.07,11054.86,11378.38,9344.21,8577.93,6124.21,3378.04,20240105
41590,화성시,16,내국인,11156.58,8311.49,7069.1,10377.41,11735.04,11010.58,14030.4,13960.76,14342.8,12669.46,11223.8,7126.87,3480.5,9884.69,7583.94,5528.89,7105.79,9150.44,10178.33,13592.68,11022.77,10613.77,9136.64,7681.24,5539.73,2903.76,20240105
41590,화성시,7,내국인,3701.13,3599.4,4216.72,7855.29,9411.19,8803.2,11089.59,11160.57,11724.41,10910.57,9206.85,5744.07,2515.15,3368.3,2959.8,3287.69,4603.1,5801.17,6013.34,8023.23,7422.78,7071.22,6004.23,5292.52,3817.8,1958.8,20240117
41590,화성시,1,내국인,2660.14,3073.55,3297.85,5314.39,5715.52,5353.97,6871.38,5859.99,5358.31,4184.72,3415.58,2171.62,1194.79,2514.57,2679.1,3080.65,3597.86,3975.68,4460.95,5717.83,4507.19,4361.44,3264.94,2962.57,2069.5,1184.21,20240125
41590,화성시,17,외국인,7.53,85.07,1067.95,2454.52,2505.72,2085.63,1191.79,586.98,648.17,453.2,290.43,114.15,30.46,9.71,31.54,407.81,611.99,803.41,826.56,557.01,416.16,443.63,335.84,211.52,117.22,40.82,20240120
41590,화성시,12,내국인,8040.04,6380.62,7553.44,13473.84,15557.62,13320.99,17719.41,17928.12,19131.73,17163.35,15455.48,9883.63,4748.49,7483.62,5632.66,5736.29,8529.61,10299.25,11409.59,15467.71,12643.57,12310.46,10738.92,9679.97,7006.75,3851.43,20240102
41590,화성시,11,외국인,0.0,63.3,839.79,2137.33,2246.51,1997.7,1443.36,852.69,873.83,757.12,492.75,240.32,65.26,12.16,48.01,353.58,526.85,724.65,756.9,605.99,548.53,479.67,394.44,292.07,171.29,66.6,20240115
41590,화성시,13,내국인,8744.8,7885.35,7900.26,9570.83,11199.05,11326.46,14623.5,14183.52,14846.06,12119.87,10493.87,7156.05,3668.61,8191.81,7278.27,7093.83,8364.49,10268.44,10867.46,13876.07,11825.87,11459.46,9810.17,8720.07,6176.29,3593.16,20240106
41590,화성시,20,외국인,0.0,48.16,694.01,1571.8,1827.3,1447.57,959.83,517.2,547.16,370.01,223.43,99.25,33.43,15.74,29.79,377.56,445.03,604.69,667.55,475.93,365.03,403.0,280.42,146.34,87.74,42.87,20240127
41590,화성시,17,외국인,3.46,81.85,1099.14,2524.97,2675.79,2302.03,1516.57,887.55,956.43,612.0,431.17,172.93,61.08,7.86,49.39,464.63,697.03,918.45,939.65,658.52,563.36,577.58,499.14,196.61,159.86,35.67,20240103
41590,화성시,18,외국인,5.84,86.36,1092.54,2756.68,2571.13,2100.93,1198.54,633.21,599.23,414.71,302.05,107.85,42.82,7.91,42.56,349.72,614.13,744.35,739.25,552.23,470.45,409.34,366.48,209.61,138.58,49.65,20240112
41590,화성시,5,외국인,1.69,32.9,427.28,1053.08,1136.86,893.96,542.8,267.01,283.16,211.02,109.35,63.12,43.3,3.71,18.78,151.27,276.96,361.81,338.25,236.76,184.04,176.45,124.88,104.79,68.52,16.41,20240113
41590,화성시,4,외국인,1.69,40.79,491.76,1139.54,1122.14,824.43,492.36,225.88,236.45,198.39,110.58,63.69,21.45,4.15,18.02,175.95,274.96,348.9,317.31,232.51,174.34,148.92,171.87,112.26,59.79,26.38,20240106
41590,화성시,12,내국인,8069.83,7544.48,6344.34,9786.96,10956.97,11438.21,14655.15,13858.2,14355.34,11795.52,10332.82,7334.56,4070.24,7073.11,6723.68,6471.74,8419.35,10050.9,10577.85,14353.09,11941.98,11947.71,10124.13,9395.34,6886.08,3946.84,20240115
41590,화성시,17,내국인,8102.78,7983.78,7335.72,9653.88,10767.85,11227.87,13999.79,12605.4,11570.87,9445.47,7546.07,4990.0,2720.28,7022.14,6925.33,6720.21,8280.79,9704.8,10189.53,12784.14,10257.1,9866.39,7655.41,6700.95,4488.23,2454.98,20240104
41590,화성시,7,내국인,3579.31,3390.33,4275.55,7832.38,9038.19,8673.86,10858.45,10964.13,11713.66,10759.87,9379.38,5720.0,2531.99,3218.65,3237.28,3620.99,4831.85,5679.63,6054.78,8357.74,7497.89,7378.42,5945.82,5398.54,3868.2,1986.15,20240102
41590,화성시,18,외국인,5.67,60.34,824.81,2010.32,2164.69,1842.91,1157.95,604.49,714.95,469.89,361.58,134.57,36.32,13.72,41.53,436.14,600.25,700.1,811.57,637.64,542.49,513.18,397.24,234.38,121.22,56.84,20240118
41590,화성시,7,내국인,3626.01,3779.11,4178.89,7621.23,8582.06,8378.88,11063.77,10634.86,11047.84,9857.8,8305.84,5283.58,2348.0,3391.54,3168.25,3354.58,4680.81,5762.59,5963.65,8420.79,6966.52,6803.2,5721.36,5039.89,3484.87,1844.77,20240120
41590,화성시,8,내국인,7733.21,6028.11,6317.24,9310.91,10642.84,9721.78,12959.89,12807.75,13710.53,12489.1,10728.89,7122.54,3289.34,7393.89,5978.23,4415.97,5834.91,7014.55,7589.97,10336.74,8613.26,8502.13,7181.35,6517.39,4729.37,2589.26,20240119
41590,화성시,8,외국인,3.84,57.55,862.07,1935.89,1883.15,2040.35,1509.68,961.84,1021.42,898.07,572.85,292.65,69.45,9.56,34.11,347.83,578.58,739.72,742.21,709.46,583.49,546.25,409.95,329.2,160.73,40.01,20240110
41590,화성시,9,외국인,5.52,55.38,573.9,1575.31,1645.0,1538.92,1216.13,882.77,939.65,767.1,586.92,241.31,82.41,14.45,20.57,309.91,435.26,559.95,601.82,425.03,412.73,415.39,328.44,225.19,102.63,56.54,20240107
41590,화성시,12,내국인,7329.01,6272.37,8051.86,13201.41,15016.4,13142.49,17000.19,17876.65,19204.51,17026.21,15684.09,10126.78,5055.16,7341.75,6215.88,6774.92,8310.07,10011.42,11206.81,15182.2,12783.35,12795.1,10651.96,9410.11,6828.79,3892.12,20240108
41590,화성시,22,내국인,4966.45,6015.29,6196.32,8206.03,9349.33,9082.13,11015.07,9620.37,8672.94,6440.52,5169.23,3510.14,1705.64,4297.49,5120.86,5590.31,6606.57,7617.56,7793.62,9629.11,7978.08,6910.05,5402.75,4578.82,3273.93,1805.69,20240106
41590,화성시,2,내국인,2792.17,3120.85,4001.34,5172.05,5400.1,5439.98,6309.61,6159.06,5229.84,4165.13,3524.62,2437.88,1214.63,2574.96,2772.09,3354.67,3460.45,4028.3,4103.16,5844.82,4618.48,4449.49,3501.59,2917.68,2049.28,1170.24,20240106
41590,화성시,17,외국인,9.3,59.07,984.29,2628.7,2531.17,1964.99,1124.69,597.75,582.91,387.19,293.51,123.01,23.03,19.64,33.96,365.77,583.0,784.34,688.37,472.77,434.3,391.95,309.34,187.45,135.9,38.44,20240113
41590,화성시,3,외국인,3.46,19.64,272.21,675.59,838.24,616.92,401.5,216.89,254.81,174.89,127.12,53.0,28.51,2.07,6.3,147.94,200.69,272.75,309.52,186.62,140.96,162.31,127.13,101.62,54.89,19.35,20240107
41590,화성시,12,외국인,7.61,71.46,1138.88,2412.16,2590.71,2552.91,1922.44,1358.57,1388.48,1164.49,779.79,290.62,104.29,14.07,38.78,500.06,773.3,1033.73,1105.63,925.17,785.02,777.4,563.27,350.33,173.48,67.82,20240112
41590,화성시,4,내국인,2687.66,2662.39,2980.55,4445.89,4915.24,4993.44,6413.35,5713.46,5310.01,4539.14,3612.14,2349.01,1274.68,2404.03,2155.17,2530.15,2935.59,3565.72,3905.67,5408.31,4265.56,4099.91,3380.6,3050.82,2119.77,1364.5,20240120
41590,화성시,15,외국인,9.49,64.95,916.65,2036.93,2045.13,1851.73,1440.04,931.66,929.08,776.25,535.08,226.03,82.44,14.19,41.01,387.58,625.61,779.65,885.93,739.97,635.54,604.17,484.38,301.43,150.94,54.26,20240127
41590,화성시,15,외국인,9.98,80.65,1016.25,2539.84,2721.3,2116.09,1167.08,662.53,568.53,431.73,333.96,173.74,43.31,18.31,29.25,352.89,613.44,790.9,779.19,537.51,475.15,456.78,338.99,229.7,165.51,60.41,20240123
41590,화성시,3,외국인,0.0,28.09,384.66,733.47,782.73,674.26,396.51,199.84,214.99,145.1,113.84,71.04,22.68,2.07,19.58,108.7,204.16,245.89,279.01,230.16,151.94,150.5,166.09,62.8,46.78,11.56,20240125
41590,화성시,21,내국인,6448.83,8325.67,7963.27,10290.94,11346.57,10978.37,13994.92,12408.93,11207.54,8523.33,6621.09,4069.37,2196.46,5789.69,7223.74,6646.48,7797.24,8679.33,8882.71,11641.68,9660.59,8716.88,6659.27,5278.1,3760.8,2047.67,20240117
41590,화성시,16,외국인,9.62,54.7,854.35,1906.29,1957.12,1727.96,1310.74,846.17,864.82,689.45,450.87,146.51,42.7,16.16,40.11,348.52,570.56,783.25,755.37,641.88,568.92,553.78,392.54,251.89,125.46,50.17,20240125
41590,화성시,21,외국인,7.91,66.7,940.6,2138.0,2161.32,1722.74,962.74,488.56,441.92,317.61,218.33,96.21,38.74,9.99,45.23,379.73,562.05,655.44,602.93,434.15,331.87,341.38,324.28,182.16,108.67,32.25,20240101
41590,화성시,0,내국인,2735.23,3363.37,4682.7,5835.49,6356.52,5969.18,7474.29,6510.76,6130.12,4711.41,3634.83,2346.44,1272.83,2496.0,2817.79,3539.43,3949.28,4696.22,4713.26,6330.7,4930.16,4405.16,3549.79,2931.75,2102.1,1176.57,20240109
41590,화성시,5,내국인,2862.33,2757.48,3610.85,4971.21,5430.18,5671.75,7266.0,6891.38,6906.65,5596.29,4676.91,3010.19,1531.52,2699.51,2651.01,3014.97,3356.97,4268.0,4266.91,5833.49,4767.82,4750.27,3885.89,3411.91,2490.42,1442.85,20240110
41590,화성시,15,외국인,7.3,74.35,855.1,1835.33,1927.21,1890.88,1442.77,1039.65,1062.78,981.05,549.39,267.24,75.7,17.48,46.84,363.87,610.97,777.73,869.38,742.13,577.21,582.7,468.54,270.13,145.97,61.08,20240129
41590,화성시,19,내국인,6369.28,8558.3,7081.81,9570.98,10951.63,10657.03,13086.6,11584.85,10832.93,8188.76,6641.98,4240.82,2082.75,6122.02,7298.33,6613.97,8325.2,9214.54,9772.46,12114.24,9849.45,8846.88,6940.8,5878.48,4123.08,2003.76,20240114
41590,화성시,14,외국인,9.69,66.48,930.62,1952.21,2140.13,1877.11,1480.93,1027.9,1116.29,1128.9,722.24,297.82,81.96,8.09,27.79,410.62,576.74,830.73,926.68,740.58,615.61,616.9,507.22,300.0,163.41,53.56,20240107
41590,화성시,14,내국인,9014.0,7126.44,8088.3,10608.37,11941.11,11328.33,14869.93,15504.05,16482.5,15076.23,13705.79,8883.67,4736.81,8448.12,6360.34,6343.52,7464.96,9037.35,10350.77,14004.69,12124.99,11759.46,10531.58,9390.31,7018.47,4103.98,20240118
41590,화성시,10,내국인,6124.24,5827.8,5907.81,8630.77,10439.22,10578.88,14239.3,12777.5,13729.74,11693.84,10180.34,6340.42,3135.51,5885.45,5274.07,5515.02,7076.01,8781.59,9716.58,12242.58,9982.41,9539.17,8418.65,7382.18,5080.51,2985.21,20240125
41590,화성시,20,내국인,7654.1,8553.43,8037.78,11588.47,12729.63,11861.74,15499.96,13597.05,12276.7,9603.25,7271.69,4700.26,2187.15,7242.12,7711.9,6878.9,8765.24,9703.17,9989.98,13215.13,10674.47,10115.87,7401.83,5755.39,4050.73,2222.86,20240107
41590,화성시,23,외국인,1.69,56.82,726.05,1638.43,1635.84,1307.44,796.5,332.41,343.93,268.82,186.34,84.16,37.61,4.08,27.32,305.83,427.29,492.93,443.98,379.73,209.86,249.55,213.61,132.81,92.01,23.85,20240111
41590,화성시,10,내국인,6399.75,6419.37,6950.21,8390.51,9840.19,10092.19,12994.6,12203.24,11990.1,9759.59,8531.49,5758.91,3110.59,5654.58,5766.79,6197.11,7801.12,9205.88,9515.44,12223.32,10449.1,10039.04,8622.83,7936.46,5809.75,3341.0,20240119
41590,화성시,17,외국인,11.95,50.97,1152.82,3011.81,2928.69,2259.96,1143.96,643.23,525.56,412.71,257.71,157.04,50.63,16.45,53.31,397.31,648.27,808.24,707.78,546.73,470.14,462.01,353.68,247.31,177.37,38.22,20240104
41590,화성시,20,외국인,7.54,80.96,1105.23,2493.97,2543.43,2027.12,1102.75,546.46,537.21,396.28,230.74,114.72,41.18,16.19,49.03,372.66,664.27,712.51,713.8,538.27,378.86,392.09,315.82,197.12,134.02,41.16,20240127
41590,화성시,18,내국인,10678.6,8562.82,7342.52,11612.21,12359.74,11259.8,14730.41,13653.14,13445.01,11366.52,9092.99,5768.38,2725.7,10072.37,7942.82,6249.33,8148.02,9552.8,10590.43,13714.3,11301.94,10510.01,8502.94,6817.42,4776.79,2399.34,20240116
41590,화성시,23,외국인,0.0,34.82,541.29,1127.78,1222.91,1015.97,667.33,323.74,351.68,259.73,189.82,105.21,25.91,4.08,28.7,243.78,348.6,444.9,343.24,301.18,233.73,220.31,183.93,115.6,72.44,20.32,20240124
41590,화성시,11,내국인,7618.5,6403.01,6775.3,11506.89,13442.3,11738.93,15728.56,16028.86,17104.14,15733.44,14000.58,8756.9,4385.61,6963.92,5859.74,5556.2,7289.55,8942.88,10012.01,13931.22,11367.74,11150.52,9796.96,8837.8,6315.32,3651.3,20240126
41590,화성시,2,내국인,2649.62,3065.86,3502.83,4709.7,5179.5,4922.13,6162.9,5564.48,5068.21,3843.59,3237.73,2178.33,1143.23,2567.3,2567.98,3141.35,3554.99,4138.15,4296.07,5463.88,4631.1,4198.52,3300.63,2942.11,2056.15,1257.77,20240111
41590,화성시,4,내국인,3678.99,4162.95,5069.23,5912.58,6265.18,5766.37,7260.52,6689.96,6236.39,5005.88,4095.91,2850.87,1623.33,3445.68,3211.72,4267.74,5063.23,5339.41,5201.84,6631.73,5345.39,5213.21,4260.05,3934.42,2733.05,1549.64,20240129
41590,화성시,4,외국인,5.84,20.1,313.34,760.6,846.93,678.3,516.19,212.91,255.87,187.26,136.41,65.66,17.84,2.07,20.15,151.51,238.03,299.7,259.4,220.35,175.64,175.54,158.18,117.74,63.08,19.97,20240111
41590,화성시,10,내국인,7715.22,7193.7,6411.99,9741.8,11508.28,10691.29,14361.7,14155.63,15285.39,13605.39,12095.12,7962.98,4052.16,7270.99,6258.97,5079.78,6268.55,8241.44,10143.15,13455.49,11130.08,10413.19,9031.44,8376.45,6250.83,3755.06,20240128
41590,화성시,18,내국인,10331.69,9559.62,7599.0,10678.76,11657.64,11214.96,14476.11,13636.95,13158.5,10941.93,8755.66,5597.28,2548.71,9260.32,8653.14,6723.75,8185.45,9637.79,10263.87,13702.31,11185.05,10461.52,8446.53,7123.61,4820.87,2370.94,20240124
41590,화성시,0,내국인,3045.26,4098.83,4652.64,6308.43,6599.94,6135.84,7861.57,6846.1,6131.0,4557.87,3662.01,2303.85,1052.2,2783.61,3078.98,3753.01,4876.52,5431.67,5023.72,6612.76,5072.68,4397.4,3585.87,3031.28,2047.13,1064.4,20240101
41590,화성시,4,외국인,0.0,28.13,408.96,756.18,794.23,763.41,463.08,219.4,221.96,185.77,148.14,66.46,27.58,5.85,23.89,113.12,217.93,270.76,299.8,219.42,189.43,175.49,146.69,87.99,38.48,11.41,20240105
41590,화성시,23,내국인,3893.32,4876.37,5303.58,7510.0,8283.97,7995.21,9841.29,8458.08,8110.18,6211.83,4744.73,3083.02,1493.99,3640.28,3928.82,4283.48,5137.76,6339.74,6411.88,8246.37,6715.11,6330.35,4778.06,3741.17,2728.92,1530.16,20240119
41590,화성시,4,내국인,2840.43,3194.72,3413.92,5247.82,5389.88,5266.56,6569.02,6008.69,5856.59,4777.38,3735.83,2557.15,1286.76,2545.25,2878.33,3065.74,3824.61,4293.0,4536.99,5337.87,4568.65,4291.06,3732.6,3300.06,2232.54,1318.02,20240120
41590,화성시,19,내국인,9346.88,8546.27,7278.02,11671.41,12522.17,11810.41,14644.94,13260.51,13036.8,10025.08,8049.83,4946.75,2245.18,8367.59,7512.91,6490.15,8409.24,9617.32,10208.89,13038.3,10853.86,10131.83,7693.69,6165.95,4225.59,2203.58,20240117
41590,화성시,19,외국인,9.94,48.92,837.45,1802.93,2032.8,1599.25,1057.74,639.07,632.27,449.99,276.87,97.2,46.54,10.37,31.88,414.01,558.17,690.0,726.42,606.99,460.05,416.2,354.3,179.43,120.71,41.69,20240111
41590,화성시,16,외국인,17.3,66.71,896.54,1896.98,1871.51,1767.38,1444.11,885.05,951.48,754.3,511.43,191.03,52.12,15.84,44.27,357.98,583.56,789.04,867.35,735.42,612.93,554.81,470.5,239.28,143.89,47.05,20240122
41590,화성시,16,외국인,9.98,70.45,991.62,2488.06,2579.18,2076.55,1162.55,601.9,550.39,391.44,265.57,140.25,41.93,24.54,45.78,367.08,612.85,751.98,786.95,540.39,407.99,463.05,375.31,194.87,136.49,40.39,20240125
41590,화성시,16,내국인,8020.26,8391.21,8287.11,9431.23,10910.44,10495.38,13645.73,12477.89,12336.26,9806.45,8349.1,5760.31,2976.54,7480.75,7457.55,7161.62,8198.23,9733.77,10086.6,12957.42,10794.59,10734.63,8421.02,7767.67,5253.69,2891.61,20240102
41590,화성시,4,내국인,2914.66,3358.13,3405.84,5342.67,5322.58,5139.76,6546.91,5866.92,5514.97,4488.07,3554.88,2418.65,1252.92,2700.47,2800.34,3426.7,3916.38,4333.23,4450.1,5636.35,4695.08,4506.58,3633.67,3329.75,2399.73,1439.43,20240118
41590,화성시,18,내국인,10698.25,9374.53,7820.6,11051.31,12124.56,11637.52,14740.57,14080.76,13593.71,10886.89,9051.54,5781.54,2829.98,9762.1,8594.65,6580.99,8458.9,10138.53,10744.4,13832.88,11518.75,11166.98,8844.15,7147.4,4765.6,2666.22,20240112
41590,화성시,18,외국인,10.31,67.21,928.76,1965.98,2033.66,1867.37,1172.27,678.8,698.41,486.26,338.13,157.73,73.47,9.91,33.48,429.02,551.59,755.9,766.64,600.34,562.25,519.34,417.12,207.25,116.16,36.64,20240116
41590,화성시,15,외국인,3.83,73.31,1069.08,2212.51,2254.03,2122.51,1658.0,1041.22,1077.28,935.67,745.01,290.54,71.95,14.06,35.6,453.58,706.2,862.66,915.9,793.41,700.3,606.07,501.21,310.54,189.86,63.92,20240114
41590,화성시,18,외국인,1.7,69.36,754.74,1776.95,1875.69,1761.96,1065.87,601.64,678.98,528.85,267.27,107.23,42.03,11.77,32.03,418.26,531.25,662.28,749.56,568.27,453.02,414.68,357.87,181.7,93.87,40.09,20240107
41590,화성시,18,외국인,9.09,53.34,802.45,1733.73,1972.51,1674.77,1076.27,585.8,680.38,494.48,260.18,149.63,48.51,14.02,45.27,462.64,585.12,783.57,783.05,562.97,534.14,476.0,386.37,204.58,88.02,51.65,20240129
41590,화성시,17,내국인,10831.69,9380.8,8091.01,10354.41,11703.92,11226.75,14885.73,13717.71,13917.4,11943.34,10080.65,6473.37,3154.52,10069.04,8668.0,6497.41,7795.37,9559.98,10834.26,14160.29,11647.52,11099.75,9113.97,7518.45,5538.24,2894.68,20240119
41590,화성시,15,외국인,16.61,63.74,930.02,1874.57,1987.21,1844.23,1487.14,1071.16,1095.73,963.64,668.4,292.82,59.31,14.02,33.47,378.11,603.7,806.4,926.35,728.29,583.03,621.91,508.54,279.81,159.75,66.79,20240114
41590,화성시,22,내국인,6368.91,9010.62,8640.03,10092.99,11053.26,10680.36,13205.41,11518.05,10511.81,8004.13,6478.12,4352.47,2310.62,6031.65,7445.75,8236.4,9396.06,9857.7,9421.74,12230.95,9942.28,9391.91,7474.47,6335.45,4584.08,2536.44,20240118
41590,화성시,8,외국인,9.31,47.91,826.76,1719.89,1759.68,1816.64,1472.32,993.48,1136.09,976.03,609.4,274.35,57.04,14.46,18.2,314.55,518.52,650.2,684.69,611.9,557.33,533.53,373.7,294.11,130.57,45.9,20240116
41590,화성시,12,외국인,7.68,61.85,1081.94,2199.03,2582.29,2246.16,1729.93,1241.84,1329.48,1128.75,819.1,317.43,89.84,17.48,26.39,478.31,775.29,983.56,1011.52,880.18,701.62,657.82,511.22,351.11,191.7,68.71,20240119
41590,화성시,4,내국인,2745.25,2693.95,3251.68,4669.72,4949.87,4916.54,6343.25,5656.83,5479.22,4545.29,3547.13,2501.43,1270.66,2568.86,2479.8,2791.71,3232.25,3920.04,3959.04,5292.36,4433.92,4218.97,3518.07,2997.06,2105.83,1174.29,20240109
41590,화성시,9,외국인,3.84,44.19,748.39,1648.34,1797.34,1690.11,1416.13,983.88,1050.25,1006.3,704.58,226.75,53.38,5.89,20.64,356.42,520.52,748.48,717.21,622.43,519.73,519.3,384.5,289.75,135.39,53.1,20240107
41590,화성시,9,외국인,9.38,61.86,913.35,1967.08,2028.91,1965.53,1482.39,997.83,1010.06,917.25,595.54,273.05,63.42,9.64,37.69,320.72,559.32,771.6,772.74,694.68,570.63,548.06,413.05,349.22,131.76,59.93,20240118
41590,화성시,3,내국인,2890.73,3469.96,3604.0,5328.78,5597.65,5456.31,6746.29,5971.09,5594.42,4492.09,3627.01,2409.8,1245.01,2780.44,3053.25,3260.09,4047.35,4408.88,4614.44,5384.08,4440.14,4176.88,3681.57,3201.02,2265.96,1310.1,20240102
41590,화성시,9,내국인,7557.95,5562.23,5915.03,9719.26,10989.91,10057.7,13338.1,13515.05,14651.72,13466.11,12281.53,7744.04,3905.69,7238.03,5022.88,4854.2,5586.21,7484.41,8759.89,11415.97,9348.4,9332.21,8258.58,7726.53,5585.48,3104.58,20240120
41590,화성시,23,외국인,2.07,36.87,500.48,1192.01,1267.64,1021.3,575.98,334.02,316.86,226.01,173.16,70.57,26.46,6.15,28.12,242.9,309.57,389.1,375.66,247.07,198.72,198.6,205.82,132.82,97.1,34.41,20240107
41590,화성시,18,외국인,7.71,77.89,1060.06,2122.6,2167.03,1851.12,1277.27,695.29,712.95,498.87,379.03,136.55,55.46,16.11,58.85,452.4,664.59,731.2,778.57,679.41,534.46,531.63,394.96,259.51,134.56,35.16,20240114
41590,화성시,7,내국인,3722.08,3561.07,4256.42,7894.39,9268.96,8585.94,10803.94,10602.55,10828.46,10073.09,8843.68,5474.7,2522.09,3432.8,3195.0,3375.73,4850.02,5856.25,6033.56,8180.14,7329.35,6871.56,5777.43,5291.67,3713.64,2036.91,20240120
41590,화성시,22,외국인,1.76,33.98,537.28,1181.93,1293.69,1056.63,660.38,334.75,364.55,235.7,162.31,79.36,13.97,10.16,21.21,261.07,359.08,436.77,380.75,296.08,241.35,258.08,187.89,129.66,77.63,24.04,20240113
41590,화성시,3,내국인,2474.69,2402.54,2865.45,4379.6,4715.45,4707.22,6306.7,5442.19,4908.63,4114.55,3362.01,2227.41,1102.24,2293.61,2069.67,2510.74,2923.34,3662.27,3871.28,5329.7,4190.45,3797.24,3020.35,2820.27,2058.64,1183.02,20240103
41590,화성시,15,외국인,10.92,49.33,883.56,1794.08,2006.39,1836.67,1444.03,967.83,1002.07,937.49,726.43,263.5,63.78,17.83,47.72,396.94,656.73,833.92,918.84,759.13,617.27,568.48,459.03,285.06,169.99,69.81,20240124
41590,화성시,6,내국인,2673.13,2682.15,3300.38,6052.19,7043.95,6968.93,9207.51,9300.31,9487.33,8595.02,7557.42,4487.17,1925.93,2329.55,2371.67,2834.86,3705.78,4782.39,4764.5,6596.58,5768.12,5591.18,4748.28,4243.53,2906.29,1647.45,20240119
41590,화성시,7,내국인,3659.47,3950.04,4704.93,8017.1,8975.41,8745.75,11239.15,10900.87,11792.18,10310.5,8714.04,5499.79,2383.65,3487.44,3497.72,3651.5,4838.79,5983.25,6169.19,8590.2,7296.55,7052.95,6023.97,5198.41,3768.89,2011.84,20240121
41590,화성시,14,외국인,3.62,70.39,982.34,2316.13,2427.01,2102.52,1439.93,981.57,921.27,804.35,537.25,235.73,91.23,18.53,36.11,387.42,662.32,723.61,804.53,593.33,538.49,535.93,366.29,301.17,198.35,39.72,20240113
41590,화성시,19,내국인,7912.16,9274.33,7750.54,10407.37,11804.11,11495.7,15250.8,13394.71,12681.21,9878.74,7816.41,4981.4,2565.78,7846.93,8072.13,7002.28,8888.05,10533.26,10655.66,14148.51,11339.75,10262.46,8236.37,6962.41,4885.51,2354.34,20240114
41590,화성시,21,내국인,6488.44,7339.16,6856.33,10698.71,11888.03,10941.12,14045.23,12242.7,11166.23,8510.27,6475.71,4060.58,1965.78,6090.93,6089.47,5812.18,7737.94,8787.29,8859.06,11689.44,9640.78,8781.88,6584.75,5264.31,3659.26,1828.28,20240113
41590,화성시,2,외국인,3.76,23.95,319.25,837.66,889.93,723.91,558.34,237.8,272.21,172.17,118.5,63.44,21.78,2.07,22.35,165.99,237.23,328.35,315.49,216.78,171.3,172.44,141.87,107.52,67.4,19.96,20240104
41590,화성시,20,내국인,7653.36,8843.98,7716.08,11454.7,12781.12,12090.68,15004.65,13333.53,12234.03,9717.82,7357.76,4584.82,2179.22,6998.65,7314.37,6388.13,8647.65,9676.68,10014.11,12789.14,10478.1,9735.34,7385.13,5758.0,3982.16,2031.99,20240116
41590,화성시,5,내국인,2697.72,2590.27,2795.44,4645.33,5268.78,5397.14,7153.07,6656.48,6677.35,5563.17,4745.37,3053.33,1536.61,2454.04,2152.13,2481.43,3119.62,3865.15,4082.45,5614.29,4483.99,4620.94,3800.1,3442.96,2474.36,1218.31,20240126
41590,화성시,22,외국인,0.0,47.56,711.82,1447.51,1557.6,1262.06,821.8,404.28,448.23,313.55,206.27,103.33,39.98,6.15,39.6,336.47,446.18,507.42,513.1,355.32,333.4,295.25,233.27,127.34,92.86,19.39,20240101
41590,화성시,15,외국인,11.06,46.71,994.84,2560.04,2620.56,2178.68,1287.59,678.89,674.62,507.09,321.25,150.23,32.79,19.79,39.05,329.75,602.39,824.26,730.04,488.87,418.68,432.97,378.51,242.53,155.39,40.11,20240114
41590,화성시,7,내국인,3823.62,3972.85,4645.83,8164.48,9535.39,8703.09,11503.1,11289.97,12137.76,11122.24,9425.55,5652.18,2490.41,3640.43,3577.5,3693.32,4948.8,6029.23,6300.66,8452.51,7460.67,7194.56,6013.82,5399.02,3836.8,2061.07,20240118
41590,화성시,8,외국인,4.15,58.75,626.67,1512.84,1644.1,1468.63,1128.46,604.67,681.82,599.17,377.17,179.52,45.93,6.08,28.11,245.12,344.11,494.63,490.13,388.89,361.37,324.73,283.66,206.76,130.3,33.42,20240113
41590,화성시,15,외국인,15.03,66.26,937.15,2418.46,2291.49,1979.03,1329.79,844.1,746.47,623.8,421.6,183.45,52.71,13.92,50.06,339.64,544.37,749.59,698.52,586.25,488.57,499.35,423.45,254.92,173.32,50.43,20240111
41590,화성시,5,외국인,3.45,32.94,330.05,837.75,840.04,815.4,503.41,344.81,403.36,303.02,217.67,89.59,35.38,6.22,18.69,185.94,255.33,312.06,313.67,223.14,191.32,193.58,137.15,88.17,38.92,18.72,20240127
41590,화성시,20,내국인,7685.64,8169.14,7157.95,11075.26,12304.53,11426.38,14558.98,12452.43,12112.93,9052.49,7162.8,4440.87,2042.24,7099.83,7450.23,6425.5,7956.14,9262.65,9483.46,12554.29,10110.56,9578.54,7045.31,5736.39,3834.38,2005.06,20240109
41590,화성시,11,내국인,7503.21,6465.24,6331.53,9324.61,10480.56,10961.84,14351.9,14626.17,15170.77,13219.7,11228.9,7331.14,3894.06,7272.72,6472.6,5882.32,7159.6,9387.15,9971.61,13132.77,11022.17,10866.09,9110.31,8349.86,6013.46,3423.95,20240126
41590,화성시,12,내국인,7831.88,6718.62,7681.08,12482.84,14854.43,12935.92,16889.12,17020.89,17965.1,16516.37,14737.49,9219.07,4497.58,7261.13,6159.9,6262.32,8410.04,9911.05,10805.65,14714.62,12399.67,12277.3,10525.14,9067.62,6394.15,3733.92,20240109
41590,화성시,10,외국인,3.76,41.79,678.64,1684.47,1740.24,1523.92,1000.87,589.46,517.23,386.65,289.85,135.45,46.81,4.15,13.87,293.01,459.57,567.23,537.22,398.7,333.33,300.01,337.65,231.07,139.15,31.45,20240118
41590,화성시,2,외국인,2.07,18.19,341.0,755.35,788.27,685.29,422.42,206.41,202.42,158.75,131.29,48.88,21.25,4.08,15.39,134.87,191.46,254.59,258.38,215.31,166.26,148.33,105.84,90.86,53.45,18.01,20240123
41590,화성시,11,내국인,7452.99,6769.12,6753.5,11627.08,13836.81,12243.63,16009.61,16671.63,17688.01,15987.81,13958.76,8632.91,4186.7,6783.61,5610.11,5284.65,7413.67,9146.38,10315.82,14319.24,11726.35,11435.2,9652.59,8813.78,6218.06,3563.82,20240108
41590,화성시,14,외국인,13.31,52.67,892.78,1805.21,1976.7,1834.29,1418.78,983.07,1053.55,953.68,713.36,270.81,81.22,11.91,34.2,387.35,584.63,797.17,872.53,661.95,609.24,540.32,456.91,296.51,182.0,72.54,20240121
41590,화성시,3,내국인,2809.7,3239.41,4357.49,5199.83,5436.38,5505.27,6785.71,5980.29,5608.89,4382.28,3541.65,2473.84,1270.86,2640.66,2632.12,3316.07,3665.81,4250.51,4592.79,5784.9,4484.71,4389.36,3558.47,2999.68,2210.48,1308.84,20240116
41590,화성시,4,내국인,2651.87,2979.31,3262.33,4440.16,4819.32,4915.97,6077.96,5645.97,5379.08,4222.36,3433.1,2421.44,1246.75,2445.86,2404.37,2827.82,3432.42,3986.47,4045.41,5421.22,4476.01,4354.15,3337.27,3074.24,2169.28,1322.29,20240119
41590,화성시,5,외국인,1.69,20.38,356.98,769.11,913.28,755.27,515.96,304.6,269.95,273.81,224.92,61.71,33.14,6.08,16.09,132.9,213.72,329.83,280.61,241.26,211.22,214.3,159.53,114.03,53.82,12.03,20240110
41590,화성시,6,외국인,3.45,36.03,444.29,1040.03,1075.27,1067.07,825.14,674.3,700.17,675.75,397.51,175.64,54.17,6.22,20.39,230.48,286.29,367.61,403.32,324.08,265.07,306.77,181.66,127.86,63.38,36.39,20240127
41590,화성시,20,내국인,8490.0,9604.12,7777.03,11088.27,12342.82,11924.53,15083.4,13826.02,12788.55,9364.85,7305.91,4588.13,2091.85,7526.23,8159.57,6537.71,8983.6,10389.45,10573.61,13272.46,11722.64,10228.62,7787.88,6140.63,4160.36,2298.97,20240105
41590,화성시,11,외국인,3.45,70.65,837.85,1907.12,2178.36,1988.3,1452.29,1109.82,1121.11,1038.74,674.41,289.45,64.4,12.45,31.91,373.45,537.51,714.79,752.81,564.81,495.15,563.13,383.16,273.28,131.08,72.75,20240128
41590,화성시,20,외국인,5.69,65.41,772.0,1793.47,1847.07,1584.76,870.4,541.48,522.75,348.05,222.79,111.88,29.86,16.16,37.42,442.02,547.0,724.81,685.06,491.9,413.04,401.75,274.71,172.8,73.91,37.93,20240128
41590,화성시,6,외국인,4.15,20.28,456.66,1013.76,1055.41,958.04,795.37,532.43,552.65,561.68,350.34,141.7,46.49,6.08,13.94,144.88,268.76,347.14,365.1,327.23,290.27,316.21,196.42,161.29,62.03,33.2,20240111
41590,화성시,0,내국인,2681.22,3410.39,4723.15,5563.2,6057.24,5973.66,6989.83,6358.04,5770.85,4380.93,3427.42,2311.08,1117.36,2432.38,2748.11,3480.87,3756.1,4485.4,4648.82,6304.34,4701.46,4314.54,3399.78,2973.28,2112.6,1171.21,20240119
41590,화성시,9,외국인,3.84,70.43,957.8,1972.65,2172.24,2116.82,1550.59,1070.68,1130.37,1027.53,700.12,314.19,80.24,6.24,33.78,360.34,668.13,714.62,773.09,699.28,585.66,576.38,380.87,287.86,173.99,55.36,20240120
41590,화성시,3,외국인,2.01,28.13,392.66,770.3,854.72,756.75,467.79,246.94,227.64,196.38,137.07,65.05,27.93,3.78,25.96,137.7,213.09,285.69,273.28,232.06,176.71,163.63,124.72,103.97,44.84,11.55,20240109
41590,화성시,23,외국인,1.76,43.4,529.8,1124.09,1146.8,933.03,609.15,315.23,342.59,221.65,181.59,73.58,34.0,6.15,19.47,217.23,317.26,409.78,392.99,302.94,199.46,221.39,191.69,108.24,59.23,20.98,20240107
41590,화성시,10,외국인,7.61,78.35,847.12,1927.4,1910.52,1947.14,1541.74,996.03,1138.12,1050.01,747.18,275.01,99.93,9.54,18.07,322.92,580.44,792.73,828.84,685.95,574.21,579.63,384.43,318.32,163.54,60.39,20240104
41590,화성시,14,외국인,12.34,63.94,865.6,2169.29,2247.72,1939.63,1352.84,934.97,963.1,878.19,598.63,238.42,74.59,11.74,36.05,391.18,573.57,718.3,767.02,546.42,473.57,547.99,442.5,264.27,127.41,54.79,20240108
41590,화성시,23,외국인,0.0,27.94,498.49,1001.5,1068.79,900.72,587.96,261.36,328.53,216.31,142.6,74.81,33.4,12.3,15.64,208.85,274.49,391.77,378.37,259.12,207.5,198.34,160.74,102.96,61.85,19.46,20240113
41590,화성시,3,외국인,1.69,32.36,481.17,1108.67,1233.67,926.85,508.24,241.34,227.89,184.63,94.13,60.49,33.66,3.71,26.45,140.04,308.86,371.3,365.35,240.04,166.46,171.7,127.72,98.77,76.29,26.77,20240116
41590,화성시,22,내국인,5816.78,6732.53,7364.9,9321.93,10287.85,9828.68,12714.32,10504.89,9926.12,7419.24,6060.78,3749.68,1856.3,5377.09,5985.35,6632.95,7865.16,9219.61,8881.86,10927.37,8927.76,7761.41,6219.46,5233.11,3587.33,1872.46,20240104
41590,화성시,7,내국인,3685.39,3549.32,4334.52,7843.11,8853.7,8676.74,11209.46,11258.96,11694.62,10580.76,9465.26,5859.82,2631.79,3375.86,3416.43,3588.64,4783.48,5705.99,6166.66,8349.05,7380.25,7108.61,5865.18,5254.62,3955.98,2006.47,20240120
41590,화성시,5,내국인,2526.7,2567.47,2792.0,4767.74,5444.96,5390.35,7268.52,6598.37,6598.38,5557.43,4777.9,3024.13,1480.82,2211.91,2257.04,2509.94,3046.76,3894.18,4289.83,5536.0,4509.15,4624.67,3934.22,3588.49,2395.52,1327.1,20240120
41590,화성시,6,내국인,3247.06,3098.71,3558.37,5757.85,6374.38,6575.92,8215.37,8348.39,8489.8,7452.11,6192.09,3930.4,1900.52,2724.98,2821.19,3202.0,4092.39,4713.67,4954.25,6074.48,5262.1,5251.88,4699.71,3888.68,2900.02,1621.74,20240103
41590,화성시,1,외국인,0.0,25.89,309.75,636.32,760.1,648.66,384.28,226.4,222.85,158.59,108.53,36.51,21.75,4.15,7.79,123.77,222.21,302.26,250.41,177.45,155.12,136.89,101.35,82.98,55.34,12.35,20240117
41590,화성시,1,외국인,1.86,15.98,457.11,938.6,1021.74,834.96,543.24,251.98,256.85,185.79,131.96,63.18,31.84,6.28,27.13,212.82,293.04,388.55,326.41,228.04,215.93,186.73,106.12,95.6,65.17,14.15,20240122
41590,화성시,5,외국인,1.86,24.39,462.74,1122.28,1095.69,887.38,516.23,237.45,229.67,217.49,157.66,77.91,31.9,4.15,26.31,168.9,276.67,298.43,263.2,254.19,202.18,186.72,163.31,100.46,48.5,23.55,20240122
41590,화성시,14,외국인,13.46,76.52,910.49,1886.37,1999.16,1790.1,1420.95,904.07,980.79,841.13,568.53,213.58,78.04,9.61,40.13,375.25,521.73,695.82,854.61,710.12,614.69,564.36,468.79,290.83,148.44,62.54,20240122
41590,화성시,16,내국인,10917.77,7990.22,7238.1,10272.81,11677.1,10538.11,13798.35,13546.22,14233.6,12551.12,11135.87,7111.31,3731.3,9955.25,7280.38,5696.51,7126.09,8902.87,10397.88,13952.01,10941.05,10638.2,9091.61,7644.69,5503.75,3084.57,20240114
41590,화성시,11,내국인,7806.29,6834.28,7860.3,11874.14,13679.09,12178.87,16219.7,17112.78,18632.79,17017.57,14983.72,9669.49,4995.67,7068.48,6039.54,6041.17,7708.22,9388.45,10823.12,14767.4,12083.47,11702.5,10242.74,9128.67,7063.86,4116.5,20240107
41590,화성시,10,내국인,7272.21,6253.39,6178.86,9723.32,11384.43,10525.79,14001.49,14569.36,15613.08,13842.5,13084.69,8496.91,4527.02,6986.89,6029.17,5385.03,5987.22,7971.89,10109.71,13333.78,10891.6,10681.88,8883.13,8481.84,6433.58,3789.05,20240111
41590,화성시,23,외국인,0.0,48.58,632.31,1313.08,1278.3,1166.52,661.37,360.01,367.69,259.56,172.96,70.87,36.86,4.08,36.92,268.3,341.16,411.13,422.32,338.09,269.3,260.99,186.65,115.98,77.34,18.41,20240112
41590,화성시,10,외국인,13.22,65.91,838.55,1800.1,1868.08,1837.29,1480.87,1103.91,1214.53,1072.02,667.61,279.99,84.47,17.76,34.96,281.78,564.21,752.9,821.59,695.12,596.82,652.04,421.76,321.43,183.5,66.55,20240109
41590,화성시,11,외국인,5.26,39.79,732.21,1889.36,2166.5,1824.28,1150.82,716.54,751.36,576.5,386.74,167.47,51.88,9.84,9.99,313.01,537.49,655.1,636.76,448.1,460.6,410.64,347.56,222.09,134.9,54.03,20240128
41590,화성시,0,외국인,3.45,30.52,316.87,760.95,761.15,707.05,442.37,247.22,255.89,181.22,119.82,53.6,13.85,6.22,20.26,205.23,253.66,306.13,320.63,237.52,173.79,163.88,141.06,96.22,34.48,16.13,20240112
41590,화성시,5,내국인,2685.73,2472.85,2959.19,4863.33,5458.61,5452.76,7222.78,6679.15,6811.33,5637.47,4813.83,3147.33,1516.46,2278.92,2258.6,2531.81,3111.77,4082.63,4048.16,5658.2,4703.46,4737.71,3864.0,3561.82,2438.64,1279.31,20240121
41590,화성시,4,내국인,3870.43,4267.94,4749.01,5670.9,6414.56,6090.75,7125.55,6569.43,6251.79,4973.64,4103.08,2801.7,1480.75,3570.16,3464.21,4280.01,5426.56,5822.4,5290.76,6853.71,5496.24,5217.23,4135.8,3823.94,2516.7,1556.48,20240106
41590,화성시,16,내국인,10942.78,8855.38,8174.76,10320.74,11499.75,11068.61,14716.91,14495.23,14894.19,12948.05,11967.64,7758.44,3916.72,10597.95,8389.64,6166.21,7399.28,9129.67,10278.2,14029.62,11587.14,11207.34,9370.31,8329.06,6105.26,3358.67,20240129
41590,화성시,20,외국인,7.86,65.72,967.95,1953.17,2003.6,1684.28,1001.05,611.09,562.78,386.38,306.35,104.87,41.06,4.08,40.36,399.79,511.35,637.68,692.71,558.46,452.24,449.52,299.2,201.57,104.6,35.36,20240107
41590,화성시,5,내국인,2747.91,3006.08,3249.51,4839.84,5327.86,5484.43,7098.1,6545.65,6771.07,5272.01,4531.57,3001.11,1544.67,2533.31,2425.71,2877.88,3450.06,4143.28,4381.8,5614.55,4899.13,4693.82,3754.07,3611.8,2523.69,1468.29,20240103
41590,화성시,22,외국인,0.0,58.0,611.41,1453.71,1489.5,1168.13,682.42,419.5,367.05,249.32,200.92,84.83,28.08,4.08,30.32,302.43,391.24,496.88,442.77,328.98,224.51,256.38,225.6,141.36,110.13,38.16,20240102
41590,화성시,3,내국인,3742.49,4464.87,5357.0,6090.86,6445.82,6134.93,7338.29,6434.01,5920.18,4557.77,3747.74,2667.57,1286.29,3483.17,3378.84,4649.39,5893.33,5824.7,5433.43,6651.16,5130.63,4930.69,3947.97,3479.58,2559.46,1430.41,20240109
41590,화성시,1,외국인,0.0,26.55,329.26,685.64,784.05,732.22,440.09,252.88,209.65,148.55,114.23,37.11,15.01,4.08,16.36,154.97,197.02,340.34,276.87,238.85,189.9,152.52,118.87,88.83,44.02,14.32,20240117
41590,화성시,7,외국인,1.7,43.27,710.7,1600.23,1626.86,1227.27,751.02,382.37,387.47,278.95,205.82,114.28,29.94,6.15,20.17,206.47,378.56,428.38,432.28,305.58,243.62,238.32,226.07,183.79,120.66,27.97,20240122
41590,화성시,8,외국인,1.69,40.37,559.82,1406.32,1504.71,1291.13,899.85,514.44,536.48,431.61,326.56,113.06,56.28,3.71,16.6,195.05,375.8,450.23,410.41,331.19,287.42,308.51,257.66,163.28,120.87,36.52,20240127
41590,화성시,0,외국인,2.01,30.2,420.91,818.86,735.22,755.22,439.31,256.26,245.08,179.22,105.12,50.78,27.06,0.0,17.69,135.16,206.73,273.51,304.24,259.12,200.7,181.65,137.93,92.94,44.41,10.08,20240111
41590,화성시,13,내국인,7351.45,6751.89,7395.98,10976.33,12137.17,11250.09,14959.97,15433.72,16537.4,15178.9,14110.75,9296.11,4728.09,7261.05,6442.81,6734.3,7034.06,8486.84,10062.92,13389.01,11497.01,11735.4,10225.71,9406.96,6823.68,3932.54,20240111
41590,화성시,9,내국인,7555.52,5792.15,5087.95,9044.22,10517.92,10110.48,13153.01,12931.28,13469.72,11997.85,10814.68,6881.14,3349.88,6843.8,5006.54,4274.31,5752.25,7326.23,8664.67,11542.78,9208.76,8977.28,7793.7,7259.6,5363.0,2973.51,20240113
41590,화성시,13,외국인,11.14,66.44,939.97,1886.97,1961.95,1913.34,1612.65,1111.36,1152.96,1028.52,700.87,305.77,61.69,13.69,28.11,389.78,648.07,835.6,935.64,724.92,640.26,666.02,499.09,377.95,164.89,86.44,20240101
41590,화성시,23,외국인,0.0,30.08,443.83,1011.38,1080.87,955.91,564.13,324.64,334.08,235.46,149.82,68.33,32.05,2.0,15.65,251.55,282.89,358.64,408.67,286.74,197.58,216.44,164.27,110.67,49.09,15.31,20240114
41590,화성시,21,외국인,6.01,50.74,865.91,1725.52,1715.62,1419.84,908.69,554.83,437.84,314.93,238.5,117.51,24.08,9.87,44.47,353.58,462.03,583.06,584.98,489.36,352.44,376.17,264.66,198.89,92.23,32.96,20240122
41590,화성시,15,외국인,0.0,63.85,1003.48,2402.24,2423.57,1949.42,1250.76,742.5,661.46,480.15,332.69,199.01,46.9,17.15,37.47,403.98,505.66,779.73,716.66,606.76,499.67,469.19,408.5,232.6,152.2,57.13,20240117
41590,화성시,20,내국인,7831.68,7638.09,6735.52,10360.31,11580.0,11003.75,13985.34,12264.56,11613.62,8688.59,6964.62,4288.91,2097.53,7006.31,6457.94,5859.57,7900.43,9140.69,9331.91,12002.13,9949.42,9274.79,6857.1,5611.48,3719.96,2059.01,20240112
41590,화성시,3,외국인,3.76,23.74,339.35,777.56,873.22,667.61,546.44,214.29,255.73,174.94,128.4,67.14,17.88,2.07,15.87,174.96,249.58,319.07,291.68,216.78,157.08,159.88,132.88,99.75,66.93,22.03,20240129
41590,화성시,14,외국인,8.62,43.1,926.86,2593.15,2621.82,2134.88,1263.45,696.49,701.75,525.22,342.49,178.48,45.42,13.56,27.6,355.54,626.82,786.64,763.8,516.79,481.55,433.86,423.07,242.57,172.71,50.25,20240126
41590,화성시,16,내국인,10997.37,8133.94,7266.42,9958.26,10816.81,10162.3,13769.59,13858.45,14116.31,12526.97,11036.09,7195.55,3643.53,10134.61,7721.84,6037.26,6777.34,8856.25,9872.23,13652.99,10757.37,10939.45,9214.38,8122.7,5809.56,3208.5,20240112
41590,화성시,13,외국인,7.68,82.22,1014.37,2185.34,2220.92,2127.53,1666.91,1136.22,1134.37,1010.32,743.43,315.73,92.26,17.96,47.6,446.06,701.84,878.95,910.06,788.92,671.91,674.46,472.62,360.33,191.52,52.06,20240115
41590,화성시,0,외국인,2.07,36.71,356.96,607.47,637.14,579.66,387.22,180.23,212.17,130.81,112.84,58.98,16.16,2.07,25.44,147.76,216.59,239.82,275.42,185.16,162.98,127.62,140.01,100.05,29.28,9.5,20240123
41590,화성시,9,외국인,5.4,56.69,685.18,1623.75,1680.0,1674.79,1261.29,803.91,796.15,710.66,524.4,243.62,56.96,16.07,26.68,216.77,467.25,617.84,546.22,465.41,459.37,449.81,340.29,245.81,144.96,60.8,20240117
41590,화성시,14,외국인,6.22,70.03,1005.3,2016.1,2139.2,1994.71,1608.98,1079.21,1071.75,922.78,664.78,218.42,102.81,15.8,39.87,410.29,647.13,803.13,886.82,792.6,653.71,656.05,520.18,312.61,163.61,60.31,20240122
41590,화성시,5,외국인,2.07,22.15,454.94,845.48,881.22,871.41,539.56,329.32,376.74,314.97,211.63,75.43,40.9,0.0,18.05,115.68,209.33,301.54,346.75,276.4,216.39,207.94,169.31,112.74,55.68,13.35,20240115
41590,화성시,1,내국인,2788.09,3055.97,3606.41,5466.64,5716.15,5612.55,6824.51,6245.75,5456.49,4343.41,3410.16,2392.01,1209.18,2460.83,2542.6,2914.33,3364.67,4336.12,4499.62,5926.26,4737.13,4388.1,3366.0,3098.06,2093.56,1122.35,20240112
41590,화성시,4,내국인,3240.82,3704.35,4764.55,5575.32,6062.18,5683.59,6906.58,6418.49,5978.24,4777.35,3845.47,2798.61,1371.44,2984.46,3020.4,3827.03,4340.76,4864.0,4955.1,6140.25,4863.71,4682.31,3884.35,3422.7,2568.63,1377.37,20240102
41590,화성시,1,외국인,0.0,22.17,346.4,767.99,794.25,692.65,469.95,236.42,252.45,134.17,106.65,40.63,33.2,4.15,12.26,98.21,220.29,276.1,280.26,242.33,158.28,134.24,137.64,101.78,46.29,19.35,20240127
41590,화성시,18,내국인,9673.07,8136.93,7162.11,10953.74,12022.06,10974.98,13952.72,13214.65,12820.94,10486.68,8254.51,5273.36,2678.31,8899.62,7720.86,6010.68,7942.02,9326.06,10047.8,13093.71,10621.77,10310.72,7797.99,6508.2,4301.37,2287.23,20240117
41590,화성시,10,외국인,9.62,71.51,963.05,2004.67,2237.75,2076.28,1562.54,1013.92,1008.32,942.58,665.08,292.78,87.38,12.24,42.54,392.37,585.76,765.51,870.6,720.89,584.22,616.88,438.88,345.38,169.44,56.94,20240115
41590,화성시,22,외국인,0.0,38.06,777.11,1522.47,1551.41,1304.15,806.12,427.63,399.48,296.46,212.91,114.7,49.09,6.15,33.05,342.03,461.35,486.31,498.88,358.54,327.58,327.5,253.96,125.83,106.97,13.27,20240129
41590,화성시,12,외국인,7.31,84.65,1190.13,2425.78,2613.92,2558.8,1912.82,1354.35,1317.27,1136.57,783.82,357.31,110.33,8.24,48.39,477.27,775.57,997.85,1076.94,998.74,767.91,727.32,559.98,361.15,168.75,59.6,20240105
41590,화성시,2,외국인,3.45,31.98,333.77,806.23,861.52,708.79,438.78,246.47,253.9,158.03,116.7,46.64,11.93,8.23,16.69,201.99,281.78,295.48,315.57,207.37,177.56,193.88,141.44,100.27,42.81,16.4,20240112
41590,화성시,0,내국인,2286.2,2885.2,3093.24,4877.11,5100.27,5311.74,6567.96,5760.85,5136.84,3924.76,3011.03,2025.67,1022.38,2199.13,2336.32,2706.5,3092.73,3824.45,4211.15,5396.83,4330.07,3996.73,3051.16,2641.08,1902.56,1017.12,20240113
41590,화성시,4,외국인,0.0,20.0,295.53,652.4,718.23,613.56,435.87,244.27,250.99,198.07,84.04,61.55,25.41,4.01,12.15,139.44,203.51,277.55,291.53,192.74,196.46,164.88,127.89,105.11,43.6,18.22,20240103
41590,화성시,17,내국인,10371.23,8976.65,8702.47,10874.51,11892.69,11684.71,15132.41,14208.49,14636.74,12528.66,10577.81,6979.97,3361.17,10212.16,9131.38,6744.47,7839.49,9515.54,10563.06,13960.17,11737.5,11277.72,9231.02,7686.43,5502.13,2888.92,20240117
41590,화성시,20,외국인,5.11,75.1,1221.47,2616.33,2695.36,1994.33,1041.02,516.71,529.91,339.39,266.49,110.37,25.66,11.65,39.06,393.45,622.82,689.79,746.68,541.23,393.42,371.73,340.52,219.46,129.24,35.88,20240109
41590,화성시,3,내국인,3401.58,3744.74,4961.55,5897.4,6287.56,5687.05,6844.61,6360.3,5908.03,4566.29,3632.6,2686.05,1302.45,3039.07,3176.02,3991.61,4433.58,4850.57,5012.71,6189.83,4978.14,4694.78,3792.91,3349.35,2537.2,1388.43,20240118
41590,화성시,4,외국인,0.0,20.27,280.54,668.07,792.98,590.53,414.76,223.01,260.01,163.85,97.55,60.8,26.22,9.93,7.96,121.14,191.62,280.93,248.88,194.73,174.14,134.79,105.44,82.25,54.42,21.37,20240109
41590,화성시,0,내국인,2542.22,3601.85,4834.3,5236.21,5640.15,5469.13,6674.26,5700.87,5027.14,3973.18,3074.4,2120.61,1123.19,2467.47,2894.19,4021.84,4091.17,4652.43,4600.85,5904.93,4558.77,4439.55,3328.85,2944.96,2048.04,1179.14,20240125
41590,화성시,16,내국인,10641.81,7975.9,6721.57,10086.27,11208.55,10209.52,13551.25,13400.14,13532.13,11825.57,10300.44,6850.39,3429.22,9967.37,7595.87,5520.55,6611.25,8428.21,9693.2,13244.09,10664.08,10230.0,8763.03,7583.11,5345.22,2839.66,20240106
41590,화성시,4,외국인,6.01,21.86,486.19,1158.35,1170.4,812.01,527.7,233.61,197.14,187.42,149.13,78.57,27.75,4.15,26.31,173.29,277.14,296.85,258.62,240.33,191.72,181.9,162.54,97.49,49.91,25.08,20240103
41590,화성시,21,외국인,0.0,42.61,753.29,1664.28,1752.11,1351.89,739.78,466.64,382.64,289.75,192.34,88.18,31.85,14.45,36.81,303.06,422.72,562.17,512.62,378.39,286.44,304.75,289.37,163.81,122.66,36.0,20240115
41590,화성시,20,외국인,2.01,50.29,876.07,1795.13,1831.14,1590.36,882.23,480.31,460.67,348.88,275.13,119.69,23.91,4.08,30.32,373.99,510.68,585.45,544.63,487.13,337.65,322.95,293.42,156.73,94.68,24.8,20240102
41590,화성시,4,내국인,2616.55,2816.66,3243.74,4677.85,5121.13,4802.6,6400.94,5870.92,5555.75,4605.33,3658.62,2539.58,1316.23,2512.65,2322.44,2622.05,3386.62,3798.31,3895.84,5497.21,4375.91,4450.76,3369.55,2949.13,2217.34,1245.02,20240103
41590,화성시,19,외국인,2.07,34.35,843.67,2119.95,2185.2,1692.94,1061.45,477.53,496.31,354.54,274.94,111.54,29.49,16.08,35.32,361.18,566.93,708.31,656.68,497.63,359.88,370.93,318.22,178.25,148.37,36.05,20240113
41590,화성시,7,외국인,2.01,30.53,673.65,1486.1,1473.78,1501.3,1062.43,821.76,853.21,743.86,478.86,173.43,45.81,2.07,16.28,229.72,407.68,509.7,547.03,482.89,409.67,439.54,302.18,230.73,116.55,32.31,20240127
41590,화성시,16,외국인,1.76,67.81,1092.86,2431.7,2553.13,2088.13,1302.21,789.55,733.23,540.17,418.08,204.12,55.36,18.46,50.46,409.16,632.78,724.02,842.12,601.27,511.47,497.14,354.58,242.4,189.64,40.54,20240125
41590,화성시,6,내국인,3065.7,3117.29,3900.72,6075.62,7023.71,7090.74,9151.9,8860.48,9693.8,8241.19,6839.09,4159.51,1925.57,2552.23,2676.5,3070.24,3886.8,4797.49,5041.52,6747.31,6026.14,5848.82,4887.72,4187.26,3002.89,1605.01,20240102
41590,화성시,15,내국인,9449.01,8085.54,7272.04,9523.79,10378.18,10805.57,14703.23,13267.57,13393.37,11044.26,9029.5,6169.25,2930.9,8983.97,7151.04,6585.81,7951.54,9988.62,10338.51,13469.61,10872.13,10444.46,8690.95,7492.81,5029.81,2916.52,20240125
41590,화성시,0,외국인,0.0,16.22,299.89,645.16,638.16,624.12,367.26,201.05,190.92,143.93,88.47,50.94,13.16,4.08,12.19,134.42,170.57,276.97,240.48,206.99,159.44,151.36,156.35,63.73,53.56,12.59,20240121
41590,화성시,15,외국인,17.68,81.6,1066.94,2008.14,2180.17,2140.84,1674.68,1141.83,1118.11,988.51,718.67,284.5,101.9,15.63,29.96,388.42,625.44,865.79,926.22,739.94,647.17,675.76,504.67,302.12,172.06,50.01,20240124
41590,화성시,4,내국인,2723.25,2677.77,2947.16,4613.53,4779.21,4929.24,6277.75,5760.92,5115.32,4381.28,3537.69,2465.07,1331.57,2354.93,2284.05,2559.81,3133.04,3792.8,3883.92,5166.69,4502.48,4192.7,3310.27,3090.83,2047.16,1153.5,20240109
41590,화성시,13,외국인,9.16,67.41,1124.47,2104.17,2321.1,2104.99,1699.29,1108.66,1148.44,1020.93,815.7,275.32,84.72,20.25,38.23,461.86,690.49,824.22,939.58,848.63,669.51,694.82,433.61,323.36,163.26,52.55,20240118
41590,화성시,1,내국인,2943.0,3415.78,4346.95,5542.4,5980.43,5791.63,6990.36,6475.08,5994.97,4362.35,3600.38,2458.82,1185.76,2883.07,3004.23,3591.93,3821.08,4506.33,4559.99,6366.56,4804.68,4625.01,3659.91,3017.06,2222.29,1228.13,20240112
41590,화성시,21,외국인,0.0,44.97,673.57,1580.81,1608.6,1387.9,862.4,440.16,521.51,320.38,257.56,103.46,43.54,12.09,44.29,323.62,477.73,559.66,563.33,438.56,293.98,341.38,239.52,160.15,81.45,33.83,20240102
41590,화성시,7,외국인,0.0,56.04,683.76,1546.64,1547.05,1653.26,1353.11,904.27,1090.28,1003.98,645.5,240.25,64.22,0.0,12.5,265.5,402.47,573.65,631.08,540.58,453.73,479.82,362.57,232.79,108.27,36.1,20240114
41590,화성시,5,내국인,2878.83,2994.97,4199.59,5194.84,5773.05,5749.39,7479.21,6826.19,6865.77,5762.35,4848.44,3330.92,1529.1,2615.9,2652.41,3239.58,3391.63,4246.92,4515.81,6090.38,4816.6,4771.03,3908.13,3630.46,2684.8,1411.86,20240128
41590,화성시,15,외국인,5.54,72.75,1046.52,2097.83,2186.5,2091.79,1589.03,1036.01,1085.74,913.81,651.59,241.28,99.98,15.34,40.85,424.32,674.79,806.9,971.78,815.49,606.2,695.8,465.2,281.83,175.3,55.09,20240105
41590,화성시,23,외국인,0.0,39.81,461.51,1057.01,1117.28,951.17,573.16,319.44,314.99,202.34,167.18,55.77,23.51,8.23,17.5,220.8,340.48,357.39,365.12,244.86,191.96,191.65,158.56,103.54,97.34,24.01,20240113
41590,화성시,18,내국인,9950.32,9031.88,8759.16,11223.96,12053.32,11845.58,14939.38,14145.16,13542.0,11436.42,9443.9,5906.33,3032.99,9322.34,8359.92,7186.58,8643.71,9864.34,10573.98,13907.4,11492.77,10846.79,8469.01,6980.78,4996.58,2510.03,20240122
41590,화성시,12,외국인,10.78,56.95,830.85,2190.59,2529.2,2042.42,1252.57,729.28,713.24,609.35,415.27,165.42,47.47,10.23,10.23,345.08,602.42,755.07,692.39,491.86,519.97,438.52,341.98,258.28,151.26,52.43,20240129
41590,화성시,7,외국인,6.08,47.24,779.16,1607.66,1767.08,1639.58,1329.14,966.92,1113.0,1018.18,683.09,264.23,83.71,4.01,13.89,257.99,438.69,607.14,573.45,576.45,501.11,486.23,364.05,264.58,83.27,41.52,20240124
41590,화성시,7,내국인,3379.35,3822.08,4614.72,8005.45,9405.75,8753.5,11435.69,11024.83,11801.66,10479.37,8905.8,5326.08,2503.37,3637.6,3221.39,3716.02,4816.76,5933.34,6100.71,8507.57,7101.41,7040.64,6013.75,5347.75,3768.14,2091.8,20240126
41590,화성시,17,외국인,9.02,53.02,986.33,2570.06,2697.62,2074.72,1256.52,571.32,593.62,360.54,304.7,136.05,58.62,10.16,43.78,375.66,635.71,769.81,755.86,512.01,405.29,383.37,345.48,208.11,172.0,40.83,20240114
41590,화성시,17,외국인,11.07,92.21,1045.91,2244.75,2381.08,2140.73,1496.8,844.2,877.97,670.43,481.86,182.69,67.22,13.92,59.49,481.92,679.97,930.34,884.99,697.04,609.42,591.1,442.94,254.21,132.94,30.42,20240111
41590,화성시,9,내국인,7444.61,6354.92,5760.33,9486.15,11191.01,10192.91,13590.39,13405.82,14427.28,12878.07,11309.4,7132.69,3563.56,7032.89,5276.86,4368.92,5976.01,7489.79,8784.17,11926.67,9874.45,9269.1,7971.37,7411.04,5422.77,2987.26,20240102
41590,화성시,0,내국인,2495.0,2955.91,3680.22,5170.37,5669.81,5403.62,6702.82,6219.41,5509.35,4328.04,3191.25,2160.74,1072.19,2218.31,2521.48,2823.35,3234.05,4032.87,4361.68,5530.82,4657.56,4141.77,3195.63,2751.21,1950.94,914.56,20240101
41590,화성시,23,내국인,4062.13,5131.25,6062.59,7502.37,8216.83,8292.65,9818.99,8666.72,8075.09,6078.74,4840.09,3174.37,1774.52,3495.1,4575.7,4944.29,5417.04,6440.08,6781.77,8118.1,6705.18,6223.94,4822.21,3874.56,2902.7,1594.54,20240103
41590,화성시,19,내국인,9329.55,9899.02,9085.74,11019.82,12572.89,12417.73,15399.62,14354.16,13534.4,10920.24,8582.55,5531.76,2547.59,8471.34,8752.48,7534.92,9009.97,10470.52,11164.53,14219.71,11785.28,10758.58,8500.52,6871.07,4760.31,2529.7,20240101
41590,화성시,14,외국인,5.91,76.08,1014.26,2111.79,2119.89,2099.41,1651.45,1068.88,1127.77,1001.84,752.01,304.59,82.68,16.47,39.48,446.8,690.6,784.43,850.3,740.12,656.56,633.3,470.51,338.61,181.89,71.91,20240126
41590,화성시,20,외국인,1.7,67.18,824.42,1851.72,1863.36,1562.93,947.47,485.99,594.58,372.44,262.24,122.23,46.97,13.94,51.73,364.74,525.85,659.85,682.66,555.54,391.15,377.17,290.8,185.12,93.93,46.35,20240120
41590,화성시,10,외국인,7.23,34.07,645.11,1692.48,1793.19,1549.73,992.52,623.04,633.98,482.36,329.5,155.73,47.96,11.99,8.26,275.29,460.23,538.13,534.06,436.22,386.87,362.8,295.64,205.18,99.37,48.16,20240114
41590,화성시,11,외국인,9.69,56.42,968.39,1952.38,2130.41,2089.33,1637.75,1146.11,1299.68,1193.49,748.2,283.5,88.83,10.17,30.22,340.03,635.55,852.86,897.53,720.5,637.75,629.46,482.23,320.95,137.79,49.72,20240121
41590,화성시,11,외국인,5.6,57.58,951.82,1961.36,2170.55,1978.64,1614.23,1110.78,1230.17,1156.94,839.49,316.0,85.68,13.69,33.0,366.39,624.66,801.31,786.35,731.83,607.79,554.74,452.52,357.88,160.15,60.52,20240104
41590,화성시,12,내국인,9154.85,8138.3,8492.72,11742.16,13591.13,12717.52,16986.93,17155.15,18524.11,16255.48,14646.56,9705.72,4785.67,8876.38,7683.69,6643.46,8540.5,10274.52,11457.55,15905.47,13406.97,12693.35,10987.96,9725.48,7140.35,4227.54,20240114
41590,화성시,11,내국인,7650.75,6912.25,7083.21,9408.08,10654.95,10970.84,14781.28,13792.15,15031.72,12229.3,10663.11,7131.75,3478.57,6701.24,6187.74,6371.3,7534.13,9638.91,9874.33,13214.63,11148.86,10638.37,9062.15,7922.52,5851.23,3392.1,20240109
41590,화성시,20,내국인,6423.45,7871.92,8307.94,9872.9,10811.59,11160.19,13700.94,11693.16,10646.14,8015.12,6443.09,4202.48,2068.27,6263.7,6678.24,7192.16,8654.04,9900.92,9498.71,12078.41,9491.98,8807.8,6726.41,5722.95,3936.8,2141.22,20240112
41590,화성시,6,외국인,2.07,20.55,401.65,944.72,988.53,923.5,779.1,546.64,600.48,567.65,327.84,124.56,58.83,2.07,16.05,155.56,268.28,332.33,364.02,318.45,262.44,258.37,202.36,146.35,86.79,24.53,20240124
41590,화성시,14,내국인,9423.29,7317.04,7248.01,10632.14,12338.73,11105.64,14948.1,14846.53,16166.75,14342.85,12806.2,8174.02,4156.51,8554.98,6344.7,5612.45,7193.92,8814.88,10232.0,13895.14,11380.37,11202.92,9905.05,8906.0,6656.94,3549.48,20240128
41590,화성시,9,내국인,7538.88,6303.83,6700.43,9691.14,11206.64,10442.45,13766.61,14150.81,15132.9,13636.88,12325.29,8241.81,4095.67,6771.82,5591.16,4995.7,6211.16,7721.72,8810.23,11851.76,9963.62,9516.64,8328.47,7672.82,5642.55,3350.64,20240124
41590,화성시,7,외국인,4.09,48.77,815.12,1630.66,1765.94,1812.82,1396.0,957.35,1060.73,1024.52,722.99,279.21,53.42,10.23,22.62,285.15,502.87,520.34,614.96,560.11,473.35,469.07,341.53,209.92,99.68,31.36,20240112
41590,화성시,14,외국인,7.61,75.5,984.1,2029.19,2251.94,1989.63,1481.91,1013.32,925.85,864.3,645.48,257.4,111.02,10.08,32.32,438.98,686.27,752.71,875.12,785.83,599.44,565.3,494.05,283.59,158.69,49.69,20240129
41590,화성시,22,내국인,5540.13,6784.91,6173.01,9171.77,10340.36,9738.29,12428.3,10713.57,9695.57,7115.58,5412.41,3328.12,1611.8,4814.04,5805.31,5271.83,6502.73,7579.46,7960.06,10354.7,8204.88,7290.13,5418.38,4608.8,3184.04,1611.17,20240128
41590,화성시,13,내국인,8388.17,8014.51,8193.73,9785.39,11155.89,11192.42,14700.55,13664.2,13583.29,11010.73,9881.36,6724.0,3471.88,7650.84,7255.62,7465.78,9384.82,10915.75,10954.85,14595.44,11982.91,11558.97,10520.27,9191.39,6521.66,3643.81,20240109
41590,화성시,22,외국인,2.07,40.03,619.18,1254.66,1355.25,1137.7,719.47,329.9,408.57,244.27,162.85,69.91,37.28,9.93,19.46,312.08,335.99,472.7,489.82,323.16,246.82,257.69,184.39,104.77,65.45,15.47,20240115
41590,화성시,4,내국인,2747.62,3098.03,4082.4,4847.46,5185.38,5146.12,6705.14,5991.73,5701.84,4727.31,3867.75,2567.31,1390.81,2725.89,2721.57,3252.54,3484.64,4211.25,4402.78,5507.42,4422.34,4569.93,3583.08,3157.79,2240.46,1360.3,20240117
41590,화성시,3,내국인,2790.9,2738.08,3354.85,4727.94,5059.37,5035.59,6252.3,5400.66,5074.19,4119.59,3377.14,2259.15,1208.75,2606.15,2452.63,2899.96,3281.01,4005.88,4016.83,5151.03,4263.56,4086.69,3309.3,2858.91,2019.09,1101.88,20240125
41590,화성시,19,내국인,7195.04,9002.62,9041.02,10256.97,11759.95,11248.16,14462.01,12899.49,12267.41,9418.89,7744.08,5182.76,2602.7,6688.46,7798.3,7795.65,9338.92,10468.18,10656.89,13850.43,11037.73,10317.29,8463.93,7024.6,4742.48,2412.28,20240123
41590,화성시,3,내국인,2677.62,2868.96,3488.79,4748.01,5093.91,5135.19,6451.84,5674.46,5449.64,4186.89,3497.21,2403.58,1175.23,2499.3,2517.6,2876.17,3206.48,4052.17,4160.58,5614.48,4670.21,4284.57,3441.38,2943.3,1970.33,1203.42,20240114
41590,화성시,15,외국인,7.3,93.76,928.05,1873.98,1927.81,1981.96,1525.48,1051.36,1105.63,1015.81,689.43,262.42,87.8,17.42,54.45,389.66,614.92,839.98,977.2,769.27,587.48,630.77,484.21,300.11,155.51,59.53,20240122
41590,화성시,15,내국인,8780.91,6908.26,7468.59,10868.99,12009.05,10670.49,14682.16,14905.04,15968.92,14433.67,12961.46,8343.6,4277.6,8587.91,6049.72,6330.56,6722.54,8813.04,10160.77,13346.4,11437.92,11324.94,9857.22,8741.52,6339.54,3711.0,20240101
41590,화성시,18,외국인,10.7,58.7,827.14,1997.97,1944.83,1878.83,1174.05,640.78,696.15,574.79,397.9,155.59,53.7,8.3,48.58,436.49,610.68,776.33,777.1,628.41,509.57,429.68,404.39,210.71,109.89,36.39,20240108
41590,화성시,15,내국인,10843.05,8103.05,7192.33,10435.11,11311.25,10365.01,14276.16,14495.62,15484.88,14054.84,12293.09,8151.58,4078.52,10190.47,7520.89,6093.38,6803.21,8726.39,9606.29,13237.75,11414.92,11530.47,9772.47,8625.18,6319.2,3628.99,20240115
41590,화성시,0,외국인,0.0,11.82,271.44,647.47,680.58,657.84,427.67,210.35,247.16,157.8,127.07,62.87,25.37,2.07,9.6,137.02,211.72,267.59,315.68,214.07,186.99,136.95,133.71,96.81,39.92,7.82,20240112
41590,화성시,0,내국인,2525.71,2911.41,3830.41,5078.06,5685.86,5444.47,6901.63,5886.72,5707.37,4274.41,3321.34,2198.16,1025.05,2374.6,2392.18,2980.41,3476.52,4315.58,4433.39,5963.91,4501.55,4413.43,3421.18,2737.15,1804.96,1114.77,20240112
41590,화성시,9,내국인,5046.17,4839.87,4959.96,7495.56,8906.2,9215.57,11855.68,10898.02,11552.2,9026.54,7822.54,5469.49,2866.38,4408.75,4384.64,4775.53,6273.31,7702.38,7917.78,10116.21,8622.44,8577.17,7309.81,6671.31,4819.02,2548.73,20240111
41590,화성시,23,내국인,3884.84,4363.45,4375.4,6620.61,7616.72,7243.04,9275.24,8244.56,7401.27,5602.52,4297.98,2894.88,1411.08,3516.08,3643.51,3798.6,4636.27,5933.52,6061.96,7661.87,6558.52,5441.51,4322.04,3751.19,2568.24,1379.82,20240115
41590,화성시,1,내국인,2934.56,3662.47,5023.77,5931.19,6215.29,6134.82,7147.57,6384.56,5784.21,4475.49,3589.71,2579.55,1247.15,2735.49,2992.21,3837.89,3870.41,4528.12,4916.44,6443.65,4972.06,4501.48,3570.95,3142.21,2357.12,1322.68,20240106
41590,화성시,8,내국인,7624.79,5740.64,4990.1,8936.61,10244.04,9473.0,12403.61,12663.83,13243.59,11923.46,10787.68,6844.78,3210.73,7381.89,5624.93,3880.08,5488.29,6467.83,7480.39,10171.24,8559.97,8298.63,6921.99,6557.61,4868.18,2377.69,20240114
41590,화성시,8,외국인,3.45,30.46,504.27,1365.17,1333.46,1223.21,794.51,486.46,547.95,400.28,230.54,140.33,30.63,8.22,16.26,199.56,344.64,417.64,376.75,302.95,293.68,276.75,233.33,178.81,102.3,31.68,20240103
41590,화성시,11,내국인,6701.99,6609.97,7161.85,9070.16,10826.32,10931.91,14208.15,13637.68,13901.15,11445.59,9854.46,6950.38,3456.77,6275.37,5881.98,6321.57,7333.77,9295.92,9849.54,12840.66,11031.62,10606.55,8942.38,7991.65,6068.88,3307.84,20240108
41590,화성시,6,외국인,2.07,32.09,486.63,1004.8,1171.23,1136.73,926.6,716.59,799.13,777.89,535.73,193.06,59.82,6.01,8.05,151.49,257.96,407.99,379.24,394.59,318.17,287.53,244.05,188.57,72.52,29.22,20240111
41590,화성시,5,외국인,3.45,33.73,382.44,1087.9,1019.7,840.06,512.0,286.51,249.39,227.17,140.77,77.13,17.54,6.22,7.98,160.5,274.12,346.84,294.45,221.28,196.17,175.24,156.68,119.7,61.86,26.17,20240129
41590,화성시,7,외국인,2.01,36.98,819.64,1618.83,1805.36,1807.9,1358.08,892.82,1023.13,928.72,640.14,247.02,65.75,2.0,15.98,293.28,426.4,560.17,595.05,537.07,459.75,468.24,338.9,237.83,119.36,29.47,20240103
41590,화성시,18,외국인,7.61,66.97,841.88,1863.85,1992.18,1747.14,1183.05,682.3,709.91,526.97,355.35,123.45,67.53,6.08,29.4,440.01,573.4,744.63,728.61,651.67,553.66,447.17,397.97,228.53,113.77,50.03,20240106
41590,화성시,10,내국인,7153.43,5932.57,6158.65,9590.7,11117.33,10175.93,13813.2,14271.32,15404.65,14130.7,12715.17,8561.2,4403.73,7093.58,5480.7,5542.73,6044.85,7595.19,9594.41,12537.97,10666.6,10578.73,9036.3,8347.6,6296.67,3796.91,20240113
41590,화성시,2,외국인,0.0,24.3,304.56,691.88,758.38,690.16,469.29,189.25,256.58,150.9,80.89,51.13,23.81,4.08,4.15,126.59,208.72,304.24,270.42,177.25,137.46,135.57,114.61,86.49,47.55,18.39,20240128
41590,화성시,4,외국인,2.07,24.56,310.6,697.08,721.35,678.84,453.22,256.77,198.46,176.76,123.2,48.14,17.85,4.08,12.45,111.29,173.01,335.95,288.84,195.96,169.8,154.62,128.41,86.5,53.45,14.35,20240104
41590,화성시,19,내국인,8818.01,8969.8,9095.83,12054.98,13280.17,12091.17,15481.14,14595.7,13440.05,11008.73,8706.42,5424.7,2593.05,8412.12,8219.33,7383.27,8950.37,10293.32,10413.07,13715.18,11359.59,10872.9,8328.51,6747.56,4814.4,2359.36,20240123
41590,화성시,15,외국인,9.16,72.67,1062.82,2559.75,2744.95,2241.0,1282.86,669.27,650.39,463.99,371.58,189.17,68.99,11.77,31.84,367.18,576.65,768.85,820.67,565.78,442.98,465.08,383.58,269.93,155.59,38.29,20240125
41590,화성시,7,외국인,1.86,40.38,776.81,1648.74,1742.51,1798.72,1380.0,1027.63,1018.53,951.23,678.37,225.84,76.34,6.22,16.03,310.38,472.12,600.81,582.07,562.36,483.32,491.31,346.09,196.53,83.1,43.63,20240127
41590,화성시,3,내국인,2609.45,2663.95,2921.34,4380.22,4871.26,4796.13,6048.27,5307.21,4794.46,3819.3,3261.88,2248.05,1242.79,2347.43,2310.37,2641.91,2966.52,3794.9,3808.38,5364.29,4223.03,3771.26,3100.93,2781.75,1906.46,1259.9,20240108
41590,화성시,22,내국인,5267.85,6025.08,5479.75,8679.98,9664.79,9488.56,11665.89,10289.0,9239.84,6950.5,5324.94,3451.62,1737.28,4883.51,4820.52,4979.44,6306.83,7646.05,7958.16,9737.71,8212.91,6994.22,5440.08,4560.17,2950.12,1641.33,20240128
41590,화성시,23,내국인,4091.96,4801.85,5130.57,7191.12,8233.17,7962.31,9554.78,8531.86,7949.76,6051.16,4655.4,3051.48,1494.27,3673.57,3744.58,4221.59,5195.4,6369.66,6508.74,8133.41,6684.99,6054.54,4698.56,3809.57,2812.76,1475.21,20240112
41590,화성시,16,내국인,10769.89,7828.56,6967.86,9982.26,11136.51,10204.89,13818.85,13819.64,14098.08,13061.82,11675.56,7327.42,3785.32,9968.21,7257.02,6019.26,6732.2,8689.51,10473.19,13574.68,10972.31,10846.11,8976.98,8043.09,5773.52,3190.45,20240123
41590,화성시,17,내국인,10362.92,9463.63,8527.45,10573.45,11763.83,11443.99,14623.37,14158.1,14237.29,11956.58,10410.79,6803.99,3344.24,9653.61,8630.72,7380.21,7960.87,9894.54,10727.2,13951.67,11790.9,11049.56,9354.33,7772.5,5656.3,3090.14,20240105
41590,화성시,7,외국인,3.56,44.48,545.55,1335.06,1442.86,1417.82,1099.71,764.86,760.14,635.76,520.56,177.12,62.68,6.15,23.6,261.32,379.54,477.99,456.74,354.6,376.18,343.8,202.79,205.84,81.63,26.22,20240118
41590,화성시,2,외국인,0.0,22.16,392.88,635.31,799.16,650.73,452.81,203.7,225.88,148.68,109.22,31.76,30.19,4.01,11.82,112.22,191.53,289.65,262.2,205.05,142.48,182.46,134.05,82.98,37.71,21.08,20240125
41590,화성시,6,내국인,3517.57,3333.98,3774.99,5700.46,6338.31,6107.72,7683.55,7022.31,6805.35,5843.97,4875.75,3321.84,1662.48,3035.43,2937.26,3531.4,4599.27,5192.25,5143.46,6334.47,5247.75,5164.23,4482.1,4064.41,2848.62,1505.46,20240106
41590,화성시,2,외국인,0.0,9.75,333.68,776.09,817.64,727.17,451.72,201.61,277.65,207.91,141.57,60.6,34.22,2.0,13.8,145.41,201.87,264.34,314.09,236.0,190.14,162.47,152.06,89.81,37.43,11.98,20240121
41590,화성시,20,외국인,6.84,72.23,1199.63,2698.7,2631.13,2065.59,1132.75,555.39,517.97,376.22,268.29,146.39,41.07,12.45,52.79,400.27,647.25,692.05,710.4,549.53,444.32,439.48,347.94,254.11,165.87,27.17,20240114
41590,화성시,21,내국인,6232.79,8280.21,8505.92,9982.94,11310.19,10399.59,13308.84,11332.54,10704.09,8212.87,6695.55,4481.12,2308.99,5905.16,6840.61,7334.2,8910.81,9630.36,9554.92,11907.31,9741.65,9195.57,7176.64,6072.75,4121.48,2243.0,20240111
41590,화성시,7,외국인,3.76,31.68,571.23,1364.94,1378.84,1108.47,805.83,408.14,384.63,323.22,242.97,122.22,56.04,6.22,25.66,183.24,298.04,399.61,385.83,296.12,233.69,232.41,225.8,157.18,88.22,25.32,20240126
41590,화성시,18,내국인,8147.06,9043.61,7767.19,10117.23,10897.62,11321.53,14130.63,13240.45,12281.87,9840.11,8258.52,5164.8,2533.35,7349.87,8078.16,7319.05,8543.52,10348.76,10259.48,13498.98,11200.66,10053.27,8315.71,7021.28,4609.01,2490.64,20240121
41590,화성시,11,외국인,5.6,88.22,1090.57,2220.66,2372.06,2253.24,1861.16,1219.65,1298.62,1087.11,830.66,341.71,76.29,18.26,34.95,482.98,646.67,788.44,895.19,753.09,674.05,605.53,473.07,370.59,183.48,63.31,20240101
41590,화성시,12,외국인,7.61,69.34,1111.45,2397.27,2517.31,2246.79,1671.9,1139.53,1107.65,996.17,634.84,274.67,73.94,5.87,37.01,421.73,740.69,899.11,964.03,865.59,762.2,691.87,468.7,352.52,145.71,62.53,20240115
41590,화성시,19,외국인,5.85,66.65,753.81,1590.71,1799.27,1515.08,956.53,575.35,618.97,412.53,244.46,103.02,35.6,12.01,29.5,384.96,493.36,646.48,699.86,543.48,400.82,387.86,311.13,195.0,83.49,35.33,20240101
41590,화성시,8,내국인,7742.19,5676.01,4851.54,8823.37,10487.78,9391.08,12071.49,12071.03,12633.74,11263.62,10226.21,6457.04,3170.75,7444.06,5186.67,3852.0,5490.47,6835.49,7312.31,10167.49,8695.97,8255.29,6860.68,6433.4,4585.47,2608.99,20240107
41590,화성시,0,내국인,2566.22,3153.2,3617.71,4774.35,5311.15,5002.74,6177.91,5680.53,4906.13,3567.25,3124.22,1925.44,1037.85,2252.08,2380.66,3101.71,3612.06,4271.75,4432.47,5481.64,4721.97,4145.41,3233.27,2791.89,1978.98,1125.88,20240110
