grid_id,period,D,S,zD,zS,mi,quadrant,priority,bin_mi,bin_demand,bin_supply,coverage,freq,pop,workers,elderly_ratio,region,mi_raw,mi_naive,nf,bin_flow,action,region_code,region_kind,d_score,s_score,flow_trips_per_day,nearest_stop_id,nearest_stop_m,lon,lat
다바1595,am,0.0,0.011,-1.2337,-1.2193,-0.0,mid,0.0,3,0,0,0.05,0.0,0.0,0.0,0.0,우정읍,-0.0,-0.0144,0.0,0,DRT,31240130,읍,0.0,1.1,0.0,41590-60113,13496.1,126.54964,37.05427
다바3297,am,0.00076,0.04635,-1.2308,-1.0933,-0.0029,mid,0.0,3,0,1,0.05,0.309,0.0,0.0,0.0,우정읍,-0.0029,-0.1375,0.0,0,DRT,31240130,읍,0.08,4.64,0.0,41590-36991,664.2,126.74064,37.07367
다바3298,am,0.0,0.011,-1.2337,-1.2193,-0.0,mid,0.0,3,0,0,0.05,0.0,0.0,0.0,0.0,우정읍,-0.0,-0.0144,0.0,0,DRT,31240130,읍,0.0,1.1,0.0,41590-36991,1144.8,126.74055,37.08269
다바3299,am,0.0,0.011,-1.2337,-1.2193,-0.0,mid,0.0,3,0,0,0.05,0.0,0.0,0.0,0.0,우정읍,-0.0,-0.0144,0.0,0,DRT,31240130,읍,0.0,1.1,0.0,41590-36991,2044.1,126.74046,37.0917
다바3393,am,0.390544,0.528432,0.2457,0.625,-0.3792,mid,0.0,2,3,3,0.653,17.743,326.0,151.0,0.4387,우정읍,-0.3792,-0.3792,0.49107,3,ADD_FREQ,31240130,읍,39.05,52.84,81.5,41590-36589,208.2,126.75224,37.03769
다바3394,am,0.107043,0.227368,-0.8282,-0.4481,-0.1999,mid,0.0,3,0,1,0.05,4.197,13.0,3.0,0.3846,우정읍,-0.1999,-0.3801,0.11674,0,DRT,31240130,읍,10.7,22.74,3.2,41590-37476,629.7,126.75216,37.04671
다바3396,am,0.0,0.011,-1.2337,-1.2193,-0.0,mid,0.0,3,0,0,0.05,0.0,0.0,0.0,0.0,우정읍,-0.0,-0.0144,0.0,0,DRT,31240130,읍,0.0,1.1,0.0,41590-37518,1160.2,126.75198,37.06473
다바3397,am,0.0,0.011,-1.2337,-1.2193,-0.0,mid,0.0,3,0,0,0.05,0.0,0.0,0.0,0.0,우정읍,-0.0,-0.0144,0.0,0,DRT,31240130,읍,0.0,1.1,0.0,41590-36991,1662.2,126.75189,37.07375
다바3398,am,0.0,0.011,-1.2337,-1.2193,-0.0,mid,0.0,3,0,0,0.05,0.0,0.0,0.0,0.0,우정읍,-0.0,-0.0144,0.0,0,DRT,31240130,읍,0.0,1.1,0.0,41590-37448,1802.9,126.7518,37.08276
다바3399,am,0.0,0.011,-1.2337,-1.2193,-0.0,mid,0.0,3,0,0,0.05,0.0,0.0,0.0,0.0,우정읍,-0.0,-0.0144,0.0,0,DRT,31240130,읍,0.0,1.1,0.0,41590-37485,1856.6,126.75171,37.09177
다바3493,am,0.285096,0.302409,-0.1537,-0.1806,0.0268,mid,0.0,3,2,2,0.633,2.465,317.0,68.0,0.2744,우정읍,0.0268,0.0269,0.48309,3,ADD_FREQ,31240130,읍,28.51,30.24,79.2,41590-36583,220.2,126.76349,37.03776
다바3494,am,0.335944,0.602818,0.0389,0.8901,-0.8512,mid,0.0,1,3,4,0.8088,24.439,193.0,62.0,0.4145,우정읍,-0.8512,-0.8512,0.41506,2,ADD_FREQ,31240130,읍,33.59,60.28,48.2,41590-36830,114.7,126.7634,37.04678
다바3495,am,0.265091,0.308138,-0.2295,-0.1602,-0.0657,mid,0.0,3,2,2,0.508,3.463,233.0,491.0,0.2446,우정읍,-0.0657,-0.0693,0.44227,2,ADD_FREQ,31240130,읍,26.51,30.81,58.2,41590-37388,295.2,126.76331,37.05579
다바3496,am,0.0,0.011,-1.2337,-1.2193,-0.0,mid,0.0,3,0,0,0.05,0.0,0.0,0.0,0.0,우정읍,-0.0,-0.0144,0.0,0,DRT,31240130,읍,0.0,1.1,0.0,41590-37518,1182.8,126.76323,37.0648
다바3497,am,0.044672,0.020739,-1.0644,-1.1846,0.0358,mid,0.0,3,0,1,0.05,0.077,13.0,7.0,0.7692,우정읍,0.0358,0.1201,0.08766,0,DRT,31240130,읍,4.47,2.07,3.2,41590-37448,783.4,126.76314,37.07382
다바3498,am,0.024101,0.011,-1.1424,-1.2193,0.0153,mid,0.0,3,0,0,0.05,0.0,5.0,0.0,0.0,우정읍,0.0153,0.0769,0.0482,0,DRT,31240130,읍,2.41,1.1,1.2,41590-37485,900.0,126.76305,37.08283
다바3499,am,0.024101,0.011,-1.1424,-1.2193,0.0153,mid,0.0,3,0,0,0.05,0.0,5.0,3.0,0.0,우정읍,0.0153,0.0769,0.0482,0,DRT,31240130,읍,2.41,1.1,1.2,41590-37485,939.6,126.76297,37.09184
다바3593,am,0.335441,0.486758,0.037,0.4765,-0.4394,mid,0.0,2,3,3,0.8858,8.237,284.0,51.0,0.3521,우정읍,-0.4394,-0.4394,0.47029,3,ADD_FREQ,31240130,읍,33.54,48.68,71.0,41590-36582,68.5,126.77473,37.03783
다바3594,am,0.213776,0.31436,-0.4239,-0.138,-0.2356,mid,0.0,3,1,2,0.0953,8.344,63.0,20.0,0.4444,우정읍,-0.2356,-0.2858,0.28998,1,DRT,31240130,읍,21.38,31.44,15.8,41590-55142,542.8,126.77465,37.04684
다바3595,am,0.237787,0.317522,-0.3329,-0.1268,-0.1821,mid,0.0,3,2,2,0.2485,6.405,127.0,420.0,0.4882,우정읍,-0.1821,-0.2062,0.38141,2,NEW_STOP,31240130,읍,23.78,31.75,31.8,41590-36580,450.9,126.77456,37.05586
다바3596,am,0.20618,0.299581,-0.4526,-0.1907,-0.2109,mid,0.0,3,1,2,0.545,2.93,128.0,205.0,0.4609,우정읍,-0.2109,-0.2619,0.36759,2,ADD_FREQ,31240130,읍,20.62,29.96,32.0,41590-36941,273.0,126.77447,37.06487
다바3597,am,0.215688,0.161084,-0.4166,-0.6843,0.222,drt,0.0,3,1,1,0.1933,1.467,163.0,8.0,0.5215,우정읍,0.222,0.2677,0.40101,2,NEW_STOP,31240130,읍,21.57,16.11,40.8,41590-37448,484.0,126.77439,37.07389
다바3598,am,0.257091,0.517534,-0.2598,0.5861,-0.7862,mid,0.0,1,2,3,0.7408,13.889,143.0,27.0,0.4196,우정읍,-0.7862,-0.8459,0.37934,2,ADD_FREQ,31240130,읍,25.71,51.75,35.8,41590-36858,155.5,126.7743,37.0829
다바3599,am,0.205247,0.130564,-0.4562,-0.7931,0.2705,drt,0.0,4,1,1,0.0553,1.464,133.0,79.0,0.4887,우정읍,0.2705,0.337,0.3827,2,DRT,31240130,읍,20.52,13.06,33.2,41590-37485,566.8,126.77422,37.09191
다바3693,am,0.154903,0.085217,-0.6469,-0.9548,0.2058,mid,0.0,3,1,1,0.05,0.76,53.0,770.0,0.6792,우정읍,0.2058,0.3079,0.29058,1,DRT,31240130,읍,15.49,8.52,13.2,41590-36464,636.3,126.78598,37.0379
다바3694,am,0.218353,0.280846,-0.4065,-0.2575,-0.1246,mid,0.0,3,2,2,0.2645,4.452,133.0,33.0,0.2707,우정읍,-0.1246,-0.1491,0.38011,2,NEW_STOP,31240130,읍,21.84,28.08,33.2,41590-36953,441.3,126.78589,37.04691
다바3695,am,0.38374,0.470359,0.22,0.418,-0.198,mid,0.0,3,3,3,0.447,16.008,544.0,196.0,0.1562,우정읍,-0.198,-0.198,0.55867,3,NEW_STOP,31240130,읍,38.37,47.04,136.0,41590-37521,331.8,126.78581,37.05593
다바3696,am,0.317789,0.386208,-0.0299,0.1181,-0.1479,mid,0.0,3,3,2,0.2183,12.143,271.0,145.0,0.2841,우정읍,-0.1479,-0.1479,0.46205,3,NEW_STOP,31240130,읍,31.78,38.62,67.8,41590-37525,469.0,126.78572,37.06494
다바3697,am,0.181651,0.170854,-0.5456,-0.6495,0.0771,drt,0.0,3,1,1,0.0723,2.255,98.0,74.0,0.4592,우정읍,0.0771,0.104,0.34993,1,DRT,31240130,읍,18.17,17.09,24.5,41590-37392,556.6,126.78564,37.07395
다바3698,am,0.262556,0.179055,-0.2391,-0.6203,0.3591,mid,0.0,4,2,1,0.2278,1.67,198.0,159.0,0.2626,우정읍,0.3591,0.3812,0.42268,2,NEW_STOP,31240130,읍,26.26,17.91,49.5,41590-37452,463.3,126.78555,37.08297
다바3699,am,0.183223,0.272954,-0.5396,-0.2856,-0.1894,mid,0.0,3,1,2,0.4508,2.757,68.0,106.0,0.5294,우정읍,-0.1894,-0.254,0.31291,1,NEW_STOP,31240130,읍,18.32,27.3,17.0,41590-55159,329.5,126.78547,37.09198
다바3791,am,0.001096,0.015896,-1.2295,-1.2018,-0.0007,mid,0.0,3,0,1,0.05,0.038,0.0,0.0,0.0,우정읍,-0.0007,-0.0277,0.0,0,DRT,31240130,읍,0.11,1.59,0.0,41590-37498,793.5,126.79739,37.01994
다바3792,am,0.330134,0.358683,0.0169,0.02,-0.0031,mid,0.0,3,3,2,0.5428,5.187,283.0,297.0,0.2756,우정읍,-0.0031,-0.0031,0.46816,3,ADD_FREQ,31240130,읍,33.01,35.87,70.8,41590-37498,274.3,126.7973,37.02895
다바3793,am,0.333936,0.367133,0.0313,0.0501,-0.0188,mid,0.0,3,3,2,0.3813,7.649,304.0,407.0,0.2993,우정읍,-0.0188,-0.0188,0.47686,3,NEW_STOP,31240130,읍,33.39,36.71,76.0,41590-36461,371.2,126.79722,37.03797
다바3794,am,0.343888,0.427985,0.069,0.267,-0.198,mid,0.0,3,3,2,0.7135,6.88,299.0,1301.0,0.1672,우정읍,-0.198,-0.198,0.47298,3,ADD_FREQ,31240130,읍,34.39,42.8,74.8,41590-36829,171.9,126.79714,37.04698
다바3795,am,0.277726,0.493105,-0.1816,0.4991,-0.6652,mid,0.0,2,2,3,0.7852,10.476,178.0,521.0,0.264,장안면,-0.6652,-0.6807,0.40129,2,ADD_FREQ,31240390,면,27.77,49.31,44.5,41590-36950,128.9,126.79705,37.05599
다바3796,am,0.529597,0.659979,0.7725,1.0939,-0.3214,ok,0.0,2,4,4,0.7938,39.319,917.0,619.0,0.12,우정읍,-0.3214,-0.3214,0.63398,4,ADD_FREQ,31240130,읍,52.96,66.0,229.2,41590-36918,123.7,126.79697,37.06501
다바3797,am,0.193237,0.122668,-0.5017,-0.8213,0.2467,drt,0.0,3,1,1,0.05,1.341,138.0,447.0,0.1884,우정읍,0.2467,0.3196,0.37579,2,DRT,31240130,읍,19.32,12.27,34.5,41590-37391,604.7,126.79689,37.07402
다바3798,am,0.232111,0.390626,-0.3544,0.1338,-0.4246,mid,0.0,2,2,2,0.845,3.756,237.0,75.0,0.2278,우정읍,-0.4246,-0.4882,0.4417,2,ADD_FREQ,31240130,읍,23.21,39.06,59.2,41590-36837,93.0,126.7968,37.08303
다바3799,am,0.190674,0.322516,-0.5114,-0.109,-0.308,mid,0.0,2,1,2,0.3348,5.656,118.0,49.0,0.4322,우정읍,-0.308,-0.4024,0.36288,1,NEW_STOP,31240130,읍,19.07,32.25,29.5,41590-37395,399.1,126.79672,37.09205
다바3891,am,0.0,0.011,-1.2337,-1.2193,-0.0,mid,0.0,3,0,0,0.05,0.0,0.0,0.0,0.0,우정읍,-0.0,-0.0144,0.0,0,DRT,31240130,읍,0.0,1.1,0.0,41590-37498,1396.6,126.80863,37.02001
다바3892,am,0.137856,0.090481,-0.7115,-0.936,0.1392,mid,0.0,3,1,1,0.05,0.832,49.0,75.0,0.0,우정읍,0.1392,0.2245,0.23704,1,DRT,31240130,읍,13.79,9.05,12.2,41590-36826,683.8,126.80854,37.02902
다바3893,am,0.23316,0.219896,-0.3504,-0.4747,0.1084,drt,0.0,3,2,1,0.2095,2.758,218.0,278.0,0.0229,우정읍,0.1084,0.1243,0.43231,2,NEW_STOP,31240130,읍,23.32,21.99,54.5,41590-36827,474.3,126.80846,37.03803
다바3894,am,0.268736,0.388442,-0.2157,0.126,-0.3268,mid,0.0,2,2,2,0.6442,5.549,285.0,309.0,0.2807,우정읍,-0.3268,-0.3417,0.46477,3,ADD_FREQ,31240130,읍,26.87,38.84,71.2,41590-36913,213.5,126.80838,37.04705
다바3895,am,0.197235,0.251889,-0.4865,-0.3607,-0.0984,drt,0.0,3,1,2,0.3362,2.878,93.0,148.0,0.3333,장안면,-0.0984,-0.1258,0.3283,1,NEW_STOP,31240390,면,19.72,25.19,23.2,41590-36772,398.3,126.8083,37.05606
다바3896,am,0.372969,0.446498,0.1792,0.333,-0.1538,mid,0.0,3,3,3,0.2755,17.903,441.0,126.0,0.1859,장안면,-0.1538,-0.1538,0.52661,3,NEW_STOP,31240390,면,37.3,44.65,110.2,41590-37434,434.7,126.80822,37.06507
다바3897,am,0.537662,0.531921,0.803,0.6374,0.1656,ok,0.0,3,4,3,0.178,41.665,1212.0,210.0,0.1576,장안면,0.1656,0.1656,0.67319,4,NEW_STOP,31240390,면,53.77,53.19,303.0,41590-36617,493.2,126.80814,37.07409
다바3898,am,0.517178,0.441533,0.7254,0.3153,0.4102,ok,0.0,4,4,3,0.5088,11.311,1408.0,129.0,0.1669,우정읍,0.4102,0.4102,0.69445,4,ADD_FREQ,31240130,읍,51.72,44.15,352.0,41590-37397,294.7,126.80805,37.0831
다바3899,am,0.170914,0.38819,-0.5862,0.1251,-0.507,mid,0.0,2,1,2,0.7717,4.279,108.0,77.0,0.3426,우정읍,-0.507,-0.7114,0.3398,1,ADD_FREQ,31240130,읍,17.09,38.82,27.0,41590-36989,137.0,126.80797,37.09211
다바3991,am,0.0,0.011,-1.2337,-1.2193,-0.0,mid,0.0,3,0,0,0.05,0.0,0.0,3.0,0.0,장안면,-0.0,-0.0144,0.0,0,DRT,31240390,면,0.0,1.1,0.0,41590-36881,1573.9,126.81987,37.02007
다바3992,am,0.186651,0.069549,-0.5266,-1.0106,0.3653,mid,0.0,4,1,1,0.05,0.562,53.0,23.0,0.5849,장안면,0.3653,0.484,0.29917,1,DRT,31240390,면,18.67,6.95,13.2,41590-36881,575.2,126.81979,37.02908
다바3993,am,0.280326,0.342071,-0.1718,-0.0393,-0.1303,mid,0.0,3,2,2,0.5195,4.669,178.0,40.0,0.4663,장안면,-0.1303,-0.1325,0.40794,2,ADD_FREQ,31240390,면,28.03,34.21,44.5,41590-36716,288.3,126.81971,37.0381
다바3994,am,0.230908,0.114751,-0.359,-0.8495,0.4251,drt,0.0,4,2,1,0.05,1.204,208.0,5.0,0.3702,장안면,0.4251,0.4905,0.42836,2,DRT,31240390,면,23.09,11.48,52.0,41590-36769,669.9,126.81963,37.04711
다바3995,am,0.198221,0.131069,-0.4828,-0.7913,0.2421,drt,0.0,3,1,1,0.1013,1.29,108.0,238.0,0.2407,장안면,0.2421,0.3085,0.35377,1,DRT,31240390,면,19.82,13.11,27.0,41590-37430,539.2,126.81955,37.05613
다바3996,am,0.242235,0.292903,-0.3161,-0.2145,-0.0908,mid,0.0,3,2,2,0.3867,3.87,263.0,179.0,0.3612,장안면,-0.0908,-0.1016,0.45973,3,NEW_STOP,31240390,면,24.22,29.29,65.8,41590-36915,368.0,126.81947,37.06514
다바3997,am,0.661029,0.783432,1.2704,1.5339,-0.2635,ok,0.0,2,4,4,0.597,142.597,1675.0,277.0,0.1152,장안면,-0.2635,-0.2635,0.71801,4,ADD_FREQ,31240390,면,66.1,78.34,418.8,41590-37524,241.8,126.81938,37.07415
다바3998,am,0.8477,0.884001,1.9775,1.8923,0.0851,ok,0.0,3,4,4,0.9652,165.683,4856.0,1504.0,0.1606,우정읍,0.0851,0.0851,0.87332,4,ADD_FREQ,31240130,읍,84.77,88.4,1214.0,41590-36022,20.9,126.8193,37.08317
다바3999,am,0.682274,0.631274,1.3508,0.9916,0.3593,ok,0.0,4,4,4,0.5897,44.618,2653.0,379.0,0.1135,우정읍,0.3593,0.3593,0.78358,4,ADD_FREQ,31240130,읍,68.23,63.13,663.2,41590-36821,246.2,126.81922,37.09218
다바4091,am,0.064379,0.011,-0.9898,-1.2193,0.0867,mid,0.0,3,0,0,0.05,0.0,8.0,9.0,0.0,장안면,0.0867,0.2295,0.12876,0,DRT,31240390,면,6.44,1.1,2.0,41590-55148,1726.9,126.83111,37.02013
다바4092,am,0.067062,0.011,-0.9796,-1.2193,0.093,mid,0.0,3,0,0,0.05,0.0,13.0,33.0,0.0,장안면,0.093,0.2397,0.13412,0,DRT,31240390,면,6.71,1.1,3.2,41590-55148,950.8,126.83103,37.02915
다바4093,am,0.157049,0.085961,-0.6388,-0.9521,0.2114,mid,0.0,3,1,1,0.05,0.77,48.0,5.0,0.6458,장안면,0.2114,0.3134,0.27733,1,DRT,31240390,면,15.7,8.6,12.0,41590-37535,594.6,126.83095,37.03816
다바4094,am,0.140629,0.164172,-0.701,-0.6733,-0.0173,mid,0.0,3,1,1,0.4052,0.771,50.0,86.0,0.2,장안면,-0.0173,-0.0276,0.27057,1,NEW_STOP,31240390,면,14.06,16.42,12.5,41590-36776,356.9,126.83087,37.04718
다바4095,am,0.158416,0.175625,-0.6336,-0.6325,-0.0007,mid,0.0,3,1,1,0.1425,2.001,53.0,42.0,0.5849,장안면,-0.0007,-0.0011,0.29297,1,DRT,31240390,면,15.84,17.56,13.2,41590-36773,514.5,126.83079,37.05619
다바4096,am,0.178002,0.064755,-0.5594,-1.0277,0.3427,drt,0.0,4,1,1,0.05,0.506,107.0,210.0,0.1402,장안면,0.3427,0.4683,0.34279,1,DRT,31240390,면,17.8,6.48,26.8,41590-37514,768.5,126.83071,37.0652
다바4097,am,0.295884,0.416088,-0.1128,0.2246,-0.3374,mid,0.0,2,2,2,0.48,9.644,178.0,125.0,0.3933,장안면,-0.3374,-0.3374,0.40658,2,NEW_STOP,31240390,면,29.59,41.61,44.5,41590-37129,312.0,126.83063,37.07422
다바4098,am,0.533399,0.599772,0.7869,0.8793,-0.0924,ok,0.0,3,4,4,0.5822,35.34,866.0,556.0,0.1409,장안면,-0.0924,-0.0924,0.62185,4,ADD_FREQ,31240390,면,53.34,59.98,216.5,41590-37125,250.7,126.83055,37.08323
다바4099,am,0.493661,0.70061,0.6364,1.2387,-0.6023,ok,0.0,2,3,4,0.8387,49.967,474.0,172.0,0.211,장안면,-0.6023,-0.6023,0.53887,3,ADD_FREQ,31240390,면,49.37,70.06,118.5,41590-36835,96.8,126.83048,37.09224
다바4191,am,0.023573,0.011,-1.1444,-1.2193,0.0147,mid,0.0,3,0,0,0.05,0.0,5.0,3.0,0.0,장안면,0.0147,0.0749,0.04715,0,DRT,31240390,면,2.36,1.1,1.2,41590-55148,1553.1,126.84235,37.0202
다바4192,am,0.060781,0.19437,-1.0034,-0.5657,-0.1593,mid,0.0,3,0,1,0.05,3.042,8.0,10.0,1.25,장안면,-0.1593,-0.4377,0.1187,0,DRT,31240390,면,6.08,19.44,2.0,41590-55148,580.1,126.84227,37.02921
다바4193,am,0.375468,0.516613,0.1886,0.5829,-0.3942,mid,0.0,2,3,3,0.7247,14.191,378.0,103.0,0.4233,장안면,-0.3942,-0.3942,0.50962,3,ADD_FREQ,31240390,면,37.55,51.66,94.5,41590-36984,165.2,126.84219,37.03822
다바4194,am,0.11794,0.03938,-0.7869,-1.1181,0.1855,mid,0.0,3,0,1,0.179,0.0,38.0,14.0,0.3947,장안면,0.1855,0.3312,0.23588,1,NEW_STOP,31240390,면,11.79,3.94,9.5,41590-36776,492.6,126.84212,37.04724
다바4195,am,0.190952,0.278431,-0.5103,-0.2661,-0.1871,mid,0.0,3,1,2,0.5537,2.297,118.0,61.0,0.5424,장안면,-0.1871,-0.2442,0.36948,2,ADD_FREQ,31240390,면,19.1,27.84,29.5,41590-36942,267.8,126.84204,37.05625
다바4196,am,0.391952,0.469963,0.2511,0.4166,-0.1655,ok,0.0,3,3,3,0.5212,13.975,274.0,364.0,0.3102,장안면,-0.1655,-0.1655,0.46118,3,ADD_FREQ,31240390,면,39.2,47.0,68.5,41590-37132,287.3,126.84196,37.06527
다바4197,am,0.281804,0.19518,-0.1662,-0.5628,0.3913,mid,0.0,4,2,1,0.05,3.067,283.0,155.0,0.4276,장안면,0.3913,0.3966,0.4717,3,DRT,31240390,면,28.18,19.52,70.8,41590-36909,654.3,126.84188,37.07428
다바4198,am,0.163156,0.173783,-0.6156,-0.6391,0.0162,mid,0.0,3,1,1,0.1258,2.043,89.0,265.0,0.1685,장안면,0.0162,0.0235,0.32146,1,DRT,31240390,면,16.32,17.38,22.2,41590-55497,524.5,126.84181,37.08329
다바4199,am,0.292988,0.176775,-0.1238,-0.6284,0.5046,mid,0.0,4,2,1,0.05,2.535,303.0,235.0,0.2145,장안면,0.5046,0.5046,0.47915,3,DRT,31240390,면,29.3,17.68,75.8,41590-37453,751.0,126.84173,37.09231
다바4292,am,0.148052,0.011,-0.6728,-1.2193,0.3548,mid,0.0,4,1,0,0.05,0.0,58.0,18.0,0.2241,장안면,0.3548,0.5465,0.2961,1,DRT,31240390,면,14.81,1.1,14.5,41590-36982,1086.0,126.85351,37.02927
다바4293,am,0.335223,0.301279,0.0362,-0.1846,0.2208,mid,0.0,3,3,2,0.3565,4.46,358.0,170.0,0.3296,장안면,0.2208,0.2208,0.49975,3,NEW_STOP,31240390,면,33.52,30.13,89.5,41590-36714,386.1,126.85344,37.03829
다바4294,am,0.28609,0.386062,-0.1499,0.1175,-0.2665,mid,0.0,2,2,2,0.4912,7.311,126.0,288.0,0.2937,장안면,-0.2665,-0.2675,0.3703,2,NEW_STOP,31240390,면,28.61,38.61,31.5,41590-36798,305.3,126.85336,37.0473
다바4295,am,0.291232,0.479718,-0.1305,0.4514,-0.5818,mid,0.0,2,2,3,0.6448,12.111,153.0,201.0,0.3595,장안면,-0.5818,-0.5818,0.38796,2,ADD_FREQ,31240390,면,29.12,47.97,38.2,41590-37823,213.1,126.85329,37.05631
다바4296,am,0.360609,0.494426,0.1323,0.5038,-0.3714,mid,0.0,2,3,3,0.8808,8.875,252.0,980.0,0.1151,장안면,-0.3714,-0.3714,0.45005,3,ADD_FREQ,31240390,면,36.06,49.44,63.0,41590-37796,71.5,126.85321,37.06533
다바4297,am,0.435363,0.430732,0.4155,0.2768,0.1388,ok,0.0,3,3,2,0.5453,9.666,436.0,745.0,0.1904,장안면,0.1388,0.1388,0.52689,3,ADD_FREQ,31240390,면,43.54,43.07,109.0,41590-37142,272.8,126.85313,37.07434
다바4298,am,0.264706,0.234041,-0.2309,-0.4243,0.1831,mid,0.0,3,2,1,0.05,4.468,167.0,576.0,0.1557,장안면,0.1831,0.1934,0.3965,2,DRT,31240390,면,26.47,23.4,41.8,41590-37151,661.4,126.85306,37.08335
다바4299,am,0.220908,0.013985,-0.3968,-1.2086,0.6836,drt,0.0,4,2,1,0.05,0.023,232.0,891.0,0.0431,장안면,0.6836,0.8118,0.43829,2,DRT,31240390,면,22.09,1.4,58.0,41590-37158,794.0,126.85298,37.09237
다바4393,am,0.070494,0.011,-0.9666,-1.2193,0.1013,mid,0.0,3,0,0,0.05,0.0,18.0,3.0,0.0,장안면,0.1013,0.2527,0.14099,0,DRT,31240390,면,7.05,1.1,4.5,41590-36714,1175.4,126.86468,37.03835
다바4394,am,0.192688,0.25383,-0.5037,-0.3538,-0.1156,mid,0.0,3,1,2,0.4052,2.506,78.0,21.0,0.4615,장안면,-0.1156,-0.15,0.31135,1,NEW_STOP,31240390,면,19.27,25.38,19.5,41590-37820,356.9,126.86461,37.04736
다바4395,am,0.184039,0.228133,-0.5365,-0.4454,-0.0682,drt,0.0,3,1,1,0.3515,2.154,98.0,69.0,0.4796,장안면,-0.0682,-0.0912,0.34363,1,NEW_STOP,31240390,면,18.4,22.81,24.5,41590-37819,389.1,126.86453,37.05637
다바4396,am,0.197812,0.113353,-0.4843,-0.8545,0.2901,drt,0.0,4,1,1,0.1055,0.987,110.0,134.0,0.2818,장안면,0.2901,0.3701,0.36078,1,DRT,31240390,면,19.78,11.34,27.5,41590-36727,536.7,126.86446,37.06539
다바4397,am,0.357829,0.383662,0.1218,0.109,0.0128,mid,0.0,3,3,2,0.2615,10.991,461.0,1229.0,0.1345,장안면,0.0128,0.0128,0.53679,3,NEW_STOP,31240390,면,35.78,38.37,115.2,41590-37942,443.1,126.86438,37.0744
다바4398,am,0.38608,0.505922,0.2288,0.5448,-0.3159,mid,0.0,2,3,3,0.444,21.412,411.0,969.0,0.1582,장안면,-0.3159,-0.3159,0.51789,3,NEW_STOP,31240390,면,38.61,50.59,102.8,41590-37156,333.6,126.86431,37.08342
다바4399,am,0.435629,0.419971,0.4165,0.2384,0.1781,mid,0.0,3,3,2,0.6762,6.892,576.0,684.0,0.2066,장안면,0.1781,0.1781,0.56629,3,ADD_FREQ,31240390,면,43.56,42.0,144.0,41590-37840,194.3,126.86423,37.09243
다바4495,am,0.043548,0.081049,-1.0687,-0.9696,-0.029,mid,0.0,3,0,1,0.05,0.705,8.0,5.0,0.0,장안면,-0.029,-0.0991,0.0844,0,DRT,31240390,면,4.35,8.1,2.0,41590-37819,611.9,126.87578,37.05643
다바4496,am,0.155922,0.115632,-0.643,-0.8463,0.1365,mid,0.0,3,1,1,0.1117,1.001,43.0,26.0,0.2326,장안면,0.1365,0.2033,0.27645,1,DRT,31240390,면,15.59,11.56,10.8,41590-36727,533.0,126.8757,37.06545
다바4497,am,0.195452,0.282611,-0.4933,-0.2512,-0.1883,mid,0.0,3,1,2,0.312,4.103,38.0,346.0,0.1316,장안면,-0.1883,-0.2421,0.21787,0,NEW_STOP,31240390,면,19.55,28.26,9.5,41590-37613,412.8,126.87563,37.07446
다바4498,am,0.128814,0.057036,-0.7457,-1.0552,0.1835,mid,0.0,3,1,1,0.05,0.42,39.0,17.0,0.2564,장안면,0.1835,0.3095,0.23704,1,DRT,31240390,면,12.88,5.7,9.8,41590-37841,731.2,126.87556,37.08348
다바4499,am,0.158079,0.011,-0.6349,-1.2193,0.3959,mid,0.0,4,1,0,0.05,0.0,68.0,117.0,0.4853,장안면,0.3959,0.5844,0.31616,1,DRT,31240390,면,15.81,1.1,17.0,41590-37840,808.9,126.87548,37.09249
다바4597,am,0.235206,0.259579,-0.3427,-0.3333,-0.0083,mid,0.0,3,2,2,0.5285,1.979,108.0,163.0,0.3611,향남읍,-0.0083,-0.0094,0.34912,1,ADD_FREQ,31240140,읍,23.52,25.96,27.0,41590-37814,282.9,126.88688,37.07452
다바4598,am,0.132347,0.011,-0.7323,-1.2193,0.2939,mid,0.0,4,1,0,0.05,0.0,51.0,174.0,0.098,향남읍,0.2939,0.487,0.26469,1,DRT,31240140,읍,13.23,1.1,12.8,41590-37814,813.5,126.88681,37.08353
다바4599,am,0.24814,0.371692,-0.2937,0.0663,-0.327,mid,0.0,2,2,2,0.601,5.197,285.0,329.0,0.4982,향남읍,-0.327,-0.36,0.47965,3,ADD_FREQ,31240140,읍,24.81,37.17,71.2,41590-37875,239.4,126.88673,37.09255
다바4697,am,0.252594,0.370387,-0.2768,0.0617,-0.311,mid,0.0,2,2,2,0.5952,5.196,73.0,189.0,0.3836,향남읍,-0.311,-0.3385,0.32421,1,ADD_FREQ,31240140,읍,25.26,37.04,18.2,41590-36733,242.9,126.89813,37.07458
다바4698,am,0.559674,0.585211,0.8864,0.8274,0.0591,ok,0.0,3,4,3,0.736,24.134,769.0,3343.0,0.0507,향남읍,0.0591,0.0591,0.60511,4,ADD_FREQ,31240140,읍,55.97,58.52,192.2,41590-37759,158.4,126.89806,37.08359
다바4699,am,0.579581,0.546089,0.9618,0.6879,0.2739,ok,0.0,4,4,3,0.3587,34.112,1112.0,1830.0,0.1628,향남읍,0.2739,0.2739,0.65867,4,NEW_STOP,31240140,읍,57.96,54.61,278.0,41590-37876,384.8,126.89799,37.09261
다바4797,am,0.34193,0.533668,0.0616,0.6437,-0.5821,mid,0.0,2,3,3,0.8607,12.773,203.0,1295.0,0.2956,양감면,-0.5821,-0.5821,0.42422,2,ADD_FREQ,31240420,면,34.19,53.37,50.8,41590-37868,83.6,126.90938,37.07463
다바4798,am,0.710563,0.588379,1.458,0.8387,0.6193,ok,0.0,4,4,3,0.5162,36.216,3945.0,3493.0,0.0416,향남읍,0.6193,0.6193,0.8413,4,ADD_FREQ,31240140,읍,71.06,58.84,986.2,41590-55074,290.3,126.90931,37.08365
다바4799,am,0.425517,0.623944,0.3782,0.9654,-0.5872,ok,0.0,2,3,4,0.5155,47.85,68.0,4971.0,0.0,향남읍,-0.5872,-0.5872,0.27034,1,ADD_FREQ,31240140,읍,42.55,62.39,17.0,41590-37405,290.7,126.90924,37.09266
다바4896,am,0.317162,0.286465,-0.0322,-0.2374,0.2052,mid,0.0,3,3,2,0.2538,4.793,289.0,291.0,0.3356,양감면,0.2052,0.2052,0.46905,3,NEW_STOP,31240420,면,31.72,28.65,72.2,41590-37964,447.7,126.9207,37.06568
다바4897,am,0.280336,0.289023,-0.1717,-0.2283,0.0556,mid,0.0,3,2,2,0.67,1.941,187.0,315.0,0.2299,양감면,0.0556,0.0566,0.41601,2,ADD_FREQ,31240420,면,28.03,28.9,46.8,41590-55069,198.0,126.92063,37.07469
다바4898,am,0.278514,0.478182,-0.1786,0.4459,-0.6114,mid,0.0,2,2,3,0.7488,9.886,240.0,778.0,0.2042,향남읍,-0.6114,-0.6245,0.44662,3,ADD_FREQ,31240140,읍,27.85,47.82,60.0,41590-55367,150.7,126.92056,37.0837
다바4899,am,0.211992,0.28638,-0.4306,-0.2378,-0.1581,mid,0.0,3,1,2,0.151,5.878,93.0,736.0,0.2796,향남읍,-0.1581,-0.1929,0.32721,1,NEW_STOP,31240140,읍,21.2,28.64,23.2,41590-37344,509.4,126.92049,37.09272
다바4996,am,0.255705,0.363776,-0.265,0.0381,-0.2807,mid,0.0,2,2,2,0.5362,5.504,210.0,652.0,0.1,양감면,-0.2807,-0.3031,0.41871,2,ADD_FREQ,31240420,면,25.57,36.38,52.5,41590-60030,278.3,126.93194,37.06573
다바4997,am,0.193084,0.113313,-0.5022,-0.8546,0.2719,drt,0.0,4,1,1,0.05,1.18,133.0,486.0,0.2556,양감면,0.2719,0.3524,0.36604,1,DRT,31240420,면,19.31,11.33,33.2,41590-60032,670.3,126.93188,37.07474
다바4998,am,0.237132,0.353193,-0.3354,0.0004,-0.2961,mid,0.0,2,2,2,0.3707,6.918,157.0,532.0,0.3121,양감면,-0.2961,-0.3358,0.39795,2,NEW_STOP,31240420,면,23.71,35.32,39.2,41590-55408,377.6,126.93181,37.08376
다바4999,am,0.265596,0.352322,-0.2276,-0.0027,-0.2134,mid,0.0,3,2,2,0.2872,8.047,221.0,396.0,0.1674,양감면,-0.2134,-0.2249,0.4271,2,NEW_STOP,31240420,면,26.56,35.23,55.2,41590-55834,427.7,126.93174,37.09277
다바5096,am,0.230105,0.092402,-0.362,-0.9291,0.4904,drt,0.0,4,2,1,0.05,0.859,265.0,1123.0,0.0566,양감면,0.4904,0.5671,0.45372,3,DRT,31240420,면,23.01,9.24,66.2,41590-60029,658.8,126.94319,37.06578
다바5097,am,0.30725,0.446429,-0.0698,0.3327,-0.4025,mid,0.0,2,2,3,0.7043,8.209,398.0,976.0,0.1106,양감면,-0.4025,-0.4025,0.51384,3,ADD_FREQ,31240420,면,30.72,44.64,99.5,41590-37857,177.4,126.94313,37.0748
다바5098,am,0.513553,0.680791,0.7117,1.168,-0.4563,ok,0.0,2,4,4,0.8073,45.188,604.0,491.0,0.1788,양감면,-0.4563,-0.4563,0.57222,3,ADD_FREQ,31240420,면,51.36,68.08,151.0,41590-36778,115.6,126.94306,37.08381
다바5099,am,0.364692,0.477913,0.1478,0.4449,-0.2971,mid,0.0,2,3,3,0.5137,15.111,280.0,397.0,0.1571,양감면,-0.2971,-0.2971,0.46738,3,ADD_FREQ,31240420,면,36.47,47.79,70.0,41590-36106,291.8,126.943,37.09283
다바5197,am,0.311629,0.540803,-0.0532,0.6691,-0.7223,mid,0.0,1,3,3,0.4865,26.223,169.0,246.0,0.2012,양감면,-0.7223,-0.7223,0.41,2,NEW_STOP,31240420,면,31.16,54.08,42.2,41590-36133,308.1,126.95438,37.07485
다바5198,am,0.32497,0.478205,-0.0027,0.446,-0.4486,mid,0.0,2,3,3,0.2475,24.223,178.0,55.0,0.3652,양감면,-0.4486,-0.4486,0.40982,2,NEW_STOP,31240420,면,32.5,47.82,44.5,41590-36127,451.5,126.95431,37.08386
다바5199,am,0.287767,0.31095,-0.1436,-0.1502,0.0066,mid,0.0,3,2,2,0.5845,3.011,278.0,377.0,0.1583,양감면,0.0066,0.0066,0.46495,3,ADD_FREQ,31240420,면,28.78,31.09,69.5,41590-55462,249.3,126.95425,37.09288
다바5297,am,0.333842,0.627456,0.031,0.9779,-0.947,mid,0.0,1,3,4,0.7045,35.554,202.0,559.0,0.1782,양감면,-0.947,-0.947,0.42046,2,ADD_FREQ,31240420,면,33.38,62.75,50.5,41590-36150,177.3,126.96563,37.0749
다바5298,am,0.206301,0.206891,-0.4522,-0.5211,0.0555,drt,0.0,3,1,1,0.2075,2.415,89.0,405.0,0.4045,양감면,0.0555,0.0689,0.33836,1,NEW_STOP,31240420,면,20.63,20.69,22.2,41590-36791,475.5,126.96556,37.08392
다바5299,am,0.319593,0.284762,-0.023,-0.2435,0.2205,mid,0.0,3,3,2,0.1295,6.043,400.0,958.0,0.2125,양감면,0.2205,0.2205,0.51331,3,DRT,31240420,면,31.96,28.48,100.0,41590-36165,522.3,126.9655,37.09293
다바5397,am,0.300153,0.502459,-0.0967,0.5324,-0.6291,mid,0.0,2,2,3,0.617,15.335,184.0,319.0,0.2228,양감면,-0.6291,-0.6291,0.41438,2,ADD_FREQ,31240420,면,30.02,50.25,46.0,41590-36478,229.8,126.97688,37.07495
다바5398,am,0.294135,0.405063,-0.1195,0.1853,-0.3047,mid,0.0,2,2,2,0.4117,9.974,248.0,794.0,0.1573,양감면,-0.3047,-0.3047,0.44889,3,NEW_STOP,31240420,면,29.41,40.51,62.0,41590-36207,353.0,126.97681,37.08397
다바5399,am,0.287325,0.519067,-0.1453,0.5916,-0.7361,mid,0.0,1,2,3,0.658,16.307,139.0,435.0,0.1655,양감면,-0.7361,-0.7369,0.37432,2,ADD_FREQ,31240420,면,28.73,51.91,34.8,41590-55342,205.2,126.97675,37.09298
다바5497,am,0.262266,0.227393,-0.2402,-0.448,0.1957,mid,0.0,3,2,1,0.05,4.198,186.0,107.0,0.3763,양감면,0.1957,0.2078,0.4198,2,DRT,31240420,면,26.23,22.74,46.5,41590-36472,625.9,126.98813,37.075
다바5498,am,0.205879,0.402552,-0.4538,0.1763,-0.5069,mid,0.0,2,1,2,0.3933,10.102,38.0,126.0,0.2632,양감면,-0.5069,-0.6301,0.24356,1,NEW_STOP,31240420,면,20.59,40.26,9.5,41590-36473,364.0,126.98806,37.08401
다바5499,am,0.264166,0.362679,-0.233,0.0342,-0.2527,mid,0.0,2,2,2,0.5403,5.405,249.0,242.0,0.4056,양감면,-0.2527,-0.2672,0.44923,3,ADD_FREQ,31240420,면,26.42,36.27,62.2,41590-36251,275.8,126.988,37.09303
다사1401,am,0.071603,0.011,-0.9624,-1.2193,0.104,mid,0.0,3,0,0,0.05,0.0,13.0,0.0,0.7692,우정읍,0.104,0.2569,0.14321,0,DRT,31240130,읍,7.16,1.1,3.2,41590-60113,9432.9,126.53771,37.10826
다사2208,am,0.27436,0.142106,-0.1944,-0.752,0.5406,mid,0.0,4,2,1,0.64,0.01,183.0,153.0,0.4645,서신면,0.5406,0.5576,0.41846,2,ADD_FREQ,31240370,면,27.44,14.21,45.8,41590-60007,216.0,126.62702,37.17205
다사2302,am,0.0,0.011,-1.2337,-1.2193,-0.0,mid,0.0,3,0,0,0.05,0.0,0.0,0.0,0.0,서신면,-0.0,-0.0144,0.0,0,DRT,31240370,면,0.0,1.1,0.0,41590-37837,4003.1,126.63889,37.11805
다사2405,am,0.0,0.011,-1.2337,-1.2193,-0.0,mid,0.0,3,0,0,0.05,0.0,0.0,0.0,0.0,서신면,-0.0,-0.0144,0.0,0,DRT,31240370,면,0.0,1.1,0.0,41590-36947,2469.6,126.64985,37.14517
다사2416,am,0.177934,0.258738,-0.5596,-0.3363,-0.1634,mid,0.0,3,1,2,0.2992,3.347,93.0,10.0,0.4194,송산면,-0.1634,-0.2234,0.33319,1,NEW_STOP,31240360,면,17.79,25.87,23.2,41590-55867,420.5,126.64873,37.24431
다사2417,am,0.0,0.011,-1.2337,-1.2193,-0.0,mid,0.0,3,0,0,0.05,0.0,0.0,0.0,0.0,송산면,-0.0,-0.0144,0.0,0,DRT,31240360,면,0.0,1.1,0.0,41590-60130,908.5,126.64863,37.25333
다사2420,am,0.0,0.011,-1.2337,-1.2193,-0.0,mid,0.0,3,0,0,0.05,0.0,0.0,0.0,0.0,송산면,-0.0,-0.0144,0.0,0,DRT,31240360,면,0.0,1.1,0.0,41590-60130,3774.4,126.64833,37.28037
다사2508,am,0.408056,0.727136,0.3121,1.3332,-1.0211,ok,0.0,1,3,4,0.8037,65.147,208.0,150.0,0.4327,서신면,-1.0211,-1.0211,0.42341,2,ADD_FREQ,31240370,면,40.81,72.71,52.0,41590-55347,117.8,126.66081,37.17229
다사2511,am,0.188782,0.183126,-0.5185,-0.6058,0.0663,mid,0.0,3,1,1,0.0567,2.669,8.0,22.0,0.0,송산면,0.0663,0.0872,0.05338,0,DRT,31240360,면,18.88,18.31,2.0,41590-55063,566.0,126.66051,37.19933
다사2512,am,0.0,0.011,-1.2337,-1.2193,-0.0,mid,0.0,3,0,0,0.05,0.0,0.0,0.0,0.0,송산면,-0.0,-0.0144,0.0,0,DRT,31240360,면,0.0,1.1,0.0,41590-55063,1457.6,126.66041,37.20834
다사2514,am,0.0,0.011,-1.2337,-1.2193,-0.0,mid,0.0,3,0,0,0.05,0.0,0.0,0.0,0.0,송산면,-0.0,-0.0144,0.0,0,DRT,31240360,면,0.0,1.1,0.0,41590-55189,1365.4,126.66021,37.22637
다사2515,am,0.137241,0.272434,-0.7138,-0.2875,-0.2635,mid,0.0,2,1,2,0.276,4.016,33.0,3.0,0.4545,송산면,-0.2635,-0.4263,0.24412,1,NEW_STOP,31240360,면,13.72,27.24,8.2,41590-55189,434.4,126.66011,37.23538
다사2516,am,0.11398,0.243473,-0.8019,-0.3907,-0.2252,mid,0.0,3,0,1,0.1043,4.364,18.0,7.0,1.1111,송산면,-0.2252,-0.4112,0.18254,0,DRT,31240360,면,11.4,24.35,4.5,41590-60130,537.4,126.66001,37.2444
다사2517,am,0.0,0.011,-1.2337,-1.2193,-0.0,mid,0.0,3,0,0,0.05,0.0,0.0,0.0,0.0,송산면,-0.0,-0.0144,0.0,0,DRT,31240360,면,0.0,1.1,0.0,41590-60130,873.1,126.65991,37.25341
다사2518,am,0.0,0.011,-1.2337,-1.2193,-0.0,mid,0.0,3,0,0,0.05,0.0,0.0,0.0,0.0,송산면,-0.0,-0.0144,0.0,0,DRT,31240360,면,0.0,1.1,0.0,41590-60130,1798.4,126.65981,37.26242
다사2519,am,0.0,0.011,-1.2337,-1.2193,-0.0,mid,0.0,3,0,0,0.05,0.0,0.0,0.0,0.0,송산면,-0.0,-0.0144,0.0,0,DRT,31240360,면,0.0,1.1,0.0,41590-60130,2775.8,126.65971,37.27143
다사2520,am,0.0,0.011,-1.2337,-1.2193,-0.0,mid,0.0,3,0,0,0.05,0.0,0.0,0.0,0.0,송산면,-0.0,-0.0144,0.0,0,DRT,31240360,면,0.0,1.1,0.0,41590-60130,3766.0,126.65961,37.28045
다사2607,am,0.385841,0.73048,0.2279,1.3452,-1.1172,mid,0.0,1,3,4,0.8675,59.97,190.0,288.0,0.3105,서신면,-1.1172,-1.1172,0.42013,2,ADD_FREQ,31240370,면,38.58,73.05,47.5,41590-37866,79.5,126.67217,37.16336
다사2608,am,0.310474,0.344601,-0.0576,-0.0302,-0.0273,mid,0.0,3,3,2,0.05,11.693,294.0,91.0,0.5646,서신면,-0.0273,-0.0273,0.47854,3,DRT,31240370,면,31.05,34.46,73.5,41590-37926,671.1,126.67207,37.17237
다사2609,am,0.329956,0.336347,0.0162,-0.0597,0.0759,mid,0.0,3,3,2,0.2442,7.609,251.0,1185.0,0.0717,서신면,0.0759,0.0759,0.44397,2,NEW_STOP,31240370,면,33.0,33.63,62.8,41590-37258,453.5,126.67197,37.18138
다사2610,am,0.303023,0.283257,-0.0858,-0.2489,0.1631,mid,0.0,3,2,2,0.3945,3.466,180.0,1248.0,0.0278,서신면,0.1631,0.1631,0.40054,2,NEW_STOP,31240370,면,30.3,28.33,45.0,41590-37595,363.3,126.67187,37.1904
다사2611,am,0.026163,0.101473,-1.1346,-0.8968,-0.05,mid,0.0,3,0,1,0.05,0.992,5.0,14.0,0.0,송산면,-0.05,-0.2377,0.04715,0,DRT,31240360,면,2.62,10.15,1.2,41590-37893,596.1,126.67178,37.19941
다사2612,am,0.174526,0.122334,-0.5725,-0.8225,0.1806,mid,0.0,3,1,1,0.0528,1.324,73.0,71.0,0.5068,송산면,0.1806,0.2499,0.30493,1,DRT,31240360,면,17.45,12.23,18.2,41590-36346,568.3,126.67168,37.20842
다사2613,am,0.139904,0.022314,-0.7037,-1.179,0.2974,mid,0.0,4,1,1,0.05,0.09,33.0,25.0,0.9394,송산면,0.2974,0.4753,0.27645,1,DRT,31240360,면,13.99,2.23,8.2,41590-36346,784.2,126.67158,37.21744
다사2614,am,0.0,0.011,-1.2337,-1.2193,-0.0,mid,0.0,3,0,0,0.05,0.0,0.0,28.0,0.0,송산면,-0.0,-0.0144,0.0,0,DRT,31240360,면,0.0,1.1,0.0,41590-55195,1315.1,126.67148,37.22645
다사2615,am,0.265202,0.21835,-0.2291,-0.4802,0.2382,mid,0.0,3,2,1,0.05,3.852,224.0,93.0,0.5045,송산면,0.2382,0.2512,0.43585,2,DRT,31240360,면,26.52,21.83,56.0,41590-55190,628.3,126.67138,37.23546
다사2616,am,0.263784,0.340829,-0.2344,-0.0437,-0.1803,mid,0.0,3,2,2,0.2913,7.231,138.0,5.0,0.3623,송산면,-0.1803,-0.1908,0.36889,2,NEW_STOP,31240360,면,26.38,34.08,34.5,41590-55190,425.2,126.67128,37.24447
다사2617,am,0.0,0.011,-1.2337,-1.2193,-0.0,mid,0.0,3,0,0,0.05,0.0,0.0,0.0,0.0,송산면,-0.0,-0.0144,0.0,0,DRT,31240360,면,0.0,1.1,0.0,41590-55190,1403.0,126.67118,37.25349
다사2618,am,0.0,0.011,-1.2337,-1.2193,-0.0,mid,0.0,3,0,0,0.05,0.0,0.0,0.0,0.0,송산면,-0.0,-0.0144,0.0,0,DRT,31240360,면,0.0,1.1,0.0,41590-60062,2155.7,126.67108,37.2625
다사2619,am,0.0,0.011,-1.2337,-1.2193,-0.0,mid,0.0,3,0,0,0.05,0.0,0.0,0.0,0.0,송산면,-0.0,-0.0144,0.0,0,DRT,31240360,면,0.0,1.1,0.0,41590-60062,2785.2,126.67099,37.27151
다사2620,am,0.0,0.011,-1.2337,-1.2193,-0.0,mid,0.0,3,0,0,0.05,0.0,0.0,0.0,0.0,송산면,-0.0,-0.0144,0.0,0,DRT,31240360,면,0.0,1.1,0.0,41590-60062,3588.4,126.67089,37.28053
다사2703,am,0.21695,0.35186,-0.4118,-0.0044,-0.3391,mid,0.0,2,2,2,0.8738,2.373,143.0,15.0,0.3916,서신면,-0.3391,-0.4075,0.38173,2,ADD_FREQ,31240370,면,21.7,35.19,35.8,41590-36489,75.7,126.68382,37.12738
다사2704,am,0.173544,0.011,-0.5763,-1.2193,0.4629,drt,0.0,4,1,0,0.05,0.0,98.0,16.0,0.4796,서신면,0.4629,0.643,0.34709,1,DRT,31240370,면,17.35,1.1,24.5,41590-37029,765.5,126.68372,37.13639
다사2705,am,0.161541,0.130643,-0.6217,-0.7928,0.1176,mid,0.0,3,1,1,0.5938,0.0,73.0,19.0,0.4247,서신면,0.1176,0.1711,0.32308,1,ADD_FREQ,31240370,면,16.15,13.06,18.2,41590-36840,243.7,126.68362,37.14541
다사2707,am,0.197958,0.197389,-0.4838,-0.5549,0.0558,mid,0.0,3,1,1,0.05,3.136,93.0,241.0,0.0538,서신면,0.0558,0.0712,0.32211,1,DRT,31240370,면,19.8,19.74,23.2,41590-37017,709.8,126.68343,37.16343
다사2708,am,0.416477,0.649359,0.344,1.056,-0.712,ok,0.0,1,3,4,0.5282,57.039,268.0,365.0,0.2201,서신면,-0.712,-0.712,0.46068,3,ADD_FREQ,31240370,면,41.65,64.94,67.0,41590-37784,283.1,126.68333,37.17245
다사2709,am,0.186148,0.22709,-0.5285,-0.4491,-0.0599,drt,0.0,3,1,1,0.0515,4.173,118.0,145.0,0.2373,서신면,-0.0599,-0.0794,0.36386,1,DRT,31240370,면,18.61,22.71,29.5,41590-36491,569.1,126.68324,37.18146
다사2710,am,0.210213,0.263788,-0.4374,-0.3183,-0.0971,mid,0.0,3,1,2,0.7532,1.111,118.0,597.0,0.2797,서신면,-0.0971,-0.1191,0.36628,1,ADD_FREQ,31240370,면,21.02,26.38,29.5,41590-37511,148.1,126.68314,37.19047
다사2711,am,0.12024,0.011,-0.7782,-1.2193,0.2501,mid,0.0,4,0,0,0.05,0.0,38.0,41.0,0.2632,서신면,0.2501,0.4411,0.24048,1,DRT,31240370,면,12.02,1.1,9.5,41590-37511,1135.6,126.68304,37.19949
다사2712,am,0.12746,0.088459,-0.7508,-0.9432,0.1133,mid,0.0,3,1,1,0.05,0.804,33.0,141.0,0.4545,송산면,0.1133,0.1924,0.22684,0,DRT,31240360,면,12.75,8.85,8.2,41590-36346,621.0,126.68295,37.2085
다사2713,am,0.174084,0.469994,-0.5742,0.4167,-0.7148,over,0.0,1,1,3,0.8748,7.281,73.0,240.0,0.3151,송산면,-0.7148,-0.9909,0.31222,1,ADD_FREQ,31240360,면,17.41,47.0,18.2,41590-36490,75.1,126.68285,37.21751
다사2714,am,0.189402,0.064494,-0.5162,-1.0286,0.3904,drt,0.0,4,1,1,0.05,0.503,109.0,274.0,0.3303,송산면,0.3904,0.5124,0.36202,1,DRT,31240360,면,18.94,6.45,27.2,41590-55193,756.0,126.68275,37.22653
다사2715,am,0.28445,0.575041,-0.1561,0.7911,-0.9402,mid,0.0,1,2,3,0.8472,18.307,184.0,242.0,0.3207,송산면,-0.9402,-0.9473,0.40857,2,ADD_FREQ,31240360,면,28.45,57.5,46.0,41590-55194,91.7,126.68265,37.23554
다사2716,am,0.16065,0.011,-0.6251,-1.2193,0.4068,mid,0.0,4,1,0,0.05,0.0,78.0,12.0,0.6667,송산면,0.4068,0.5942,0.3213,1,DRT,31240360,면,16.07,1.1,19.5,41590-55864,913.1,126.68256,37.24455
다사2717,am,0.081616,0.011,-0.9245,-1.2193,0.13,mid,0.0,3,0,0,0.05,0.0,13.0,0.0,0.0,송산면,0.13,0.2948,0.16323,0,DRT,31240360,면,8.16,1.1,3.2,41590-60062,880.0,126.68246,37.25357
다사2718,am,0.0,0.011,-1.2337,-1.2193,-0.0,mid,0.0,3,0,0,0.05,0.0,0.0,0.0,0.0,송산면,-0.0,-0.0144,0.0,0,DRT,31240360,면,0.0,1.1,0.0,41590-60062,1374.7,126.68236,37.26258
다사2720,am,0.0,0.011,-1.2337,-1.2193,-0.0,mid,0.0,3,0,0,0.05,0.0,0.0,3.0,0.0,송산면,-0.0,-0.0144,0.0,0,DRT,31240360,면,0.0,1.1,0.0,41590-60062,3181.4,126.68217,37.28061
다사2802,am,0.390408,0.299939,0.2452,-0.1894,0.4347,mid,0.0,4,3,2,0.209,5.92,149.0,148.0,0.1879,서신면,0.4347,0.4347,0.38098,2,NEW_STOP,31240370,면,39.04,29.99,37.2,41590-37220,474.6,126.69517,37.11844
다사2803,am,0.351529,0.483982,0.098,0.4666,-0.3686,mid,0.0,2,3,3,0.5772,14.17,240.0,52.0,0.3,서신면,-0.3686,-0.3686,0.45032,3,ADD_FREQ,31240370,면,35.15,48.4,60.0,41590-37670,253.7,126.69507,37.12746
다사2804,am,0.322234,0.433082,-0.013,0.2851,-0.2982,mid,0.0,2,3,3,0.4378,12.002,323.0,129.0,0.2693,서신면,-0.2982,-0.2982,0.48566,3,NEW_STOP,31240370,면,32.22,43.31,80.8,41590-37482,337.3,126.69498,37.13647
다사2805,am,0.202533,0.20514,-0.4665,-0.5273,0.0484,drt,0.0,3,1,1,0.0682,3.256,93.0,18.0,0.4516,서신면,0.0484,0.0609,0.3475,1,DRT,31240370,면,20.25,20.51,23.2,41590-36840,559.1,126.69488,37.14548
다사2806,am,0.187568,0.194592,-0.5231,-0.5649,0.0316,mid,0.0,3,1,1,0.1848,2.23,69.0,552.0,0.2609,서신면,0.0316,0.0418,0.3031,1,NEW_STOP,31240370,면,18.76,19.46,17.2,41590-55209,489.1,126.69479,37.1545
다사2807,am,0.220501,0.111311,-0.3984,-0.8617,0.3897,drt,0.0,4,2,1,0.05,1.147,223.0,89.0,0.4036,서신면,0.3897,0.4634,0.44083,2,DRT,31240370,면,22.05,11.13,55.8,41590-60102,570.7,126.69469,37.16351
다사2808,am,0.423969,0.749268,0.3724,1.4121,-1.0398,ok,0.0,1,3,4,0.9102,64.496,340.0,449.0,0.2647,서신면,-1.0398,-1.0398,0.48891,3,ADD_FREQ,31240370,면,42.4,74.93,85.0,41590-37031,53.9,126.6946,37.17252
다사2809,am,0.232624,0.348378,-0.3525,-0.0168,-0.2923,mid,0.0,2,2,2,0.288,7.767,183.0,85.0,0.3825,서신면,-0.2923,-0.3357,0.40901,2,NEW_STOP,31240370,면,23.26,34.84,45.8,41590-36491,427.2,126.6945,37.18154
다사2810,am,0.252371,0.29293,-0.2777,-0.2144,-0.0581,mid,0.0,3,2,2,0.6368,2.203,143.0,106.0,0.4895,서신면,-0.0581,-0.0633,0.3863,2,ADD_FREQ,31240370,면,25.24,29.29,35.8,41590-37371,217.9,126.69441,37.19055
다사2811,am,0.215897,0.185427,-0.4158,-0.5976,0.1508,drt,0.0,3,2,1,0.4242,1.017,120.0,149.0,0.3,서신면,0.1508,0.1817,0.37099,2,NEW_STOP,31240370,면,21.59,18.54,30.0,41590-37923,345.5,126.69431,37.19956
다사2812,am,0.099421,0.011,-0.8571,-1.2193,0.1815,mid,0.0,3,0,0,0.05,0.0,33.0,262.0,0.0,송산면,0.1815,0.3622,0.19884,0,DRT,31240360,면,9.94,1.1,8.2,41590-37362,1121.4,126.69421,37.20858
다사2813,am,0.303158,0.285106,-0.0853,-0.2423,0.157,mid,0.0,3,2,2,0.2392,4.876,392.0,1359.0,0.0918,송산면,0.157,0.157,0.51441,3,NEW_STOP,31240360,면,30.32,28.51,98.0,41590-36496,456.5,126.69412,37.21759
다사2814,am,0.309398,0.414708,-0.0616,0.2196,-0.2813,mid,0.0,2,3,2,0.2108,15.536,191.0,376.0,0.3403,송산면,-0.2813,-0.2813,0.42104,2,NEW_STOP,31240360,면,30.94,41.47,47.8,41590-55197,473.5,126.69402,37.2266
다사2815,am,0.224314,0.276842,-0.3839,-0.2717,-0.0954,mid,0.0,3,2,2,0.0847,6.148,118.0,123.0,0.4576,송산면,-0.0954,-0.1122,0.36616,1,DRT,31240360,면,22.43,27.68,29.5,41590-55862,549.2,126.69393,37.23562
다사2816,am,0.191121,0.279162,-0.5097,-0.2635,-0.1887,mid,0.0,3,1,2,0.1657,5.352,73.0,11.0,0.5068,송산면,-0.1887,-0.2462,0.308,1,NEW_STOP,31240360,면,19.11,27.92,18.2,41590-60065,500.6,126.69383,37.24463
다사2817,am,0.333711,0.535891,0.0305,0.6516,-0.6211,mid,0.0,2,3,3,0.7765,15.13,317.0,28.0,0.3407,송산면,-0.6211,-0.6211,0.48206,3,ADD_FREQ,31240360,면,33.37,53.59,79.2,41590-60062,134.1,126.69373,37.25364
다사2818,am,0.0,0.011,-1.2337,-1.2193,-0.0,mid,0.0,3,0,0,0.05,0.0,0.0,0.0,0.0,송산면,-0.0,-0.0144,0.0,0,DRT,31240360,면,0.0,1.1,0.0,41590-60062,1064.8,126.69364,37.26266
다사2819,am,0.0,0.011,-1.2337,-1.2193,-0.0,mid,0.0,3,0,0,0.05,0.0,0.0,0.0,0.0,송산면,-0.0,-0.0144,0.0,0,DRT,31240360,면,0.0,1.1,0.0,41590-60062,2061.0,126.69354,37.27167
다사2903,am,0.044628,0.011,-1.0646,-1.2193,0.0461,mid,0.0,3,0,0,0.05,0.0,5.0,0.0,1.0,서신면,0.0461,0.1547,0.08926,0,DRT,31240370,면,4.46,1.1,1.2,41590-55216,1054.4,126.70633,37.12753
다사2904,am,0.266513,0.366006,-0.2241,0.0461,-0.257,mid,0.0,2,2,2,0.2742,9.262,158.0,38.0,0.443,서신면,-0.257,-0.2702,0.39911,2,NEW_STOP,31240370,면,26.65,36.6,39.5,41590-36765,435.5,126.70624,37.13655
다사2905,am,0.248546,0.413683,-0.2922,0.216,-0.462,mid,0.0,2,2,2,0.6105,7.398,173.0,32.0,0.4162,서신면,-0.462,-0.5081,0.40548,2,ADD_FREQ,31240370,면,24.85,41.37,43.2,41590-55138,233.7,126.70614,37.14556
다사2906,am,0.243573,0.465036,-0.311,0.399,-0.6371,over,0.0,2,2,3,0.5998,11.642,118.0,77.0,0.4407,서신면,-0.6371,-0.71,0.35712,1,ADD_FREQ,31240370,면,24.36,46.5,29.5,41590-55222,240.1,126.70605,37.15457
다사2907,am,0.506857,0.64541,0.6863,1.0419,-0.3556,ok,0.0,2,4,4,0.7335,38.923,461.0,460.0,0.2668,서신면,-0.3556,-0.3556,0.53285,3,ADD_FREQ,31240370,면,50.69,64.54,115.2,41590-55214,159.9,126.70595,37.16359
다사2908,am,0.608561,0.766425,1.0716,1.4733,-0.4017,ok,0.0,2,4,4,0.8543,80.961,945.0,270.0,0.2392,서신면,-0.4017,-0.4017,0.63731,4,ADD_FREQ,31240370,면,60.86,76.64,236.2,41590-36495,87.4,126.70586,37.1726
다사2909,am,0.422353,0.714124,0.3662,1.2869,-0.9206,ok,0.0,1,3,4,0.7902,60.276,200.0,174.0,0.325,서신면,-0.9206,-0.9206,0.41541,2,ADD_FREQ,31240370,면,42.24,71.41,50.0,41590-37048,125.9,126.70577,37.18161
다사2910,am,0.218754,0.282497,-0.405,-0.2516,-0.1284,mid,0.0,3,2,2,0.05,6.909,104.0,138.0,0.375,서신면,-0.1284,-0.1534,0.34208,1,DRT,31240370,면,21.88,28.25,26.0,41590-37061,699.3,126.70567,37.19063
다사2911,am,0.212367,0.429641,-0.4292,0.2729,-0.5763,mid,0.0,2,1,2,0.751,6.494,118.0,85.0,0.5508,송산면,-0.5763,-0.7021,0.35903,1,ADD_FREQ,31240360,면,21.24,42.96,29.5,41590-37455,149.4,126.70558,37.19964
다사2912,am,0.15553,0.01437,-0.6445,-1.2073,0.3773,mid,0.0,4,1,1,0.05,0.026,68.0,147.0,0.4559,송산면,0.3773,0.5628,0.30853,1,DRT,31240360,면,15.55,1.44,17.0,41590-37364,775.8,126.70548,37.20865
다사2913,am,0.199872,0.100813,-0.4765,-0.8992,0.3335,drt,0.0,4,1,1,0.05,0.982,148.0,131.0,0.3514,송산면,0.3335,0.4226,0.38173,2,DRT,31240360,면,19.99,10.08,37.0,41590-55203,702.7,126.70539,37.21767
다사2914,am,0.308403,0.505507,-0.0654,0.5433,-0.6087,mid,0.0,2,2,3,0.523,18.571,223.0,184.0,0.2466,송산면,-0.6087,-0.6087,0.43345,2,ADD_FREQ,31240360,면,30.84,50.55,55.8,41590-37046,286.2,126.70529,37.22668
다사2915,am,0.191654,0.378193,-0.5077,0.0895,-0.4585,mid,0.0,2,1,2,0.4983,6.734,78.0,32.0,0.5641,송산면,-0.4585,-0.5972,0.31205,1,NEW_STOP,31240360,면,19.17,37.82,19.5,41590-60003,301.0,126.7052,37.23569
다사2916,am,0.231047,0.326064,-0.3584,-0.0963,-0.2273,mid,0.0,3,2,2,0.2525,6.85,118.0,19.0,0.4407,송산면,-0.2273,-0.2621,0.3604,1,NEW_STOP,31240360,면,23.1,32.61,29.5,41590-60005,448.5,126.7051,37.24471
다사2917,am,0.174898,0.011,-0.5711,-1.2193,0.4689,drt,0.0,4,1,0,0.05,0.0,113.0,3.0,0.3717,송산면,0.4689,0.6481,0.3498,1,DRT,31240360,면,17.49,1.1,28.2,41590-60077,924.9,126.70501,37.25372
다사2918,am,0.026178,0.011,-1.1345,-1.2193,0.0178,mid,0.0,3,0,0,0.05,0.0,5.0,0.0,0.0,송산면,0.0178,0.0848,0.05236,0,DRT,31240360,면,2.62,1.1,1.2,41590-60061,1530.2,126.70491,37.26273
다사2919,am,0.0,0.011,-1.2337,-1.2193,-0.0,mid,0.0,3,0,0,0.05,0.0,0.0,0.0,0.0,송산면,-0.0,-0.0144,0.0,0,DRT,31240360,면,0.0,1.1,0.0,41590-60062,2343.7,126.70482,37.27175
다사3003,am,0.0,0.011,-1.2337,-1.2193,-0.0,mid,0.0,3,0,0,0.05,0.0,0.0,0.0,0.0,서신면,-0.0,-0.0144,0.0,0,DRT,31240370,면,0.0,1.1,0.0,41590-55218,1821.3,126.71759,37.12761
다사3004,am,0.072424,0.011,-0.9593,-1.2193,0.106,mid,0.0,3,0,0,0.05,0.0,18.0,3.0,0.5556,서신면,0.106,0.26,0.14485,0,DRT,31240370,면,7.24,1.1,4.5,41590-36765,1172.7,126.7175,37.13662
다사3005,am,0.154887,0.024583,-0.6469,-1.1709,0.3503,mid,0.0,4,1,1,0.05,0.109,73.0,61.0,0.5068,서신면,0.3503,0.5239,0.30977,1,DRT,31240370,면,15.49,2.46,18.2,41590-37577,598.8,126.7174,37.14564
다사3006,am,0.156868,0.339789,-0.6394,-0.0474,-0.3991,mid,0.0,2,1,2,0.641,3.545,73.0,14.0,0.6027,서신면,-0.3991,-0.5921,0.3053,1,ADD_FREQ,31240370,면,15.69,33.98,18.2,41590-37577,215.4,126.71731,37.15465
다사3007,am,0.202556,0.04653,-0.4664,-1.0926,0.4985,drt,0.0,4,1,1,0.2115,0.0,186.0,348.0,0.2204,서신면,0.4985,0.6263,0.40511,2,NEW_STOP,31240370,면,20.26,4.65,46.5,41590-37931,473.1,126.71722,37.16366
다사3008,am,0.181746,0.011,-0.5452,-1.2193,0.5,drt,0.0,4,1,0,0.05,0.0,123.0,11.0,0.3821,서신면,0.5,0.6741,0.36349,1,DRT,31240370,면,18.17,1.1,30.8,41590-37398,754.5,126.71712,37.17268
다사3009,am,0.257773,0.209566,-0.2572,-0.5115,0.2368,mid,0.0,3,2,1,0.05,3.538,175.0,344.0,0.28,마도면,0.2368,0.2543,0.40603,2,DRT,31240350,면,25.78,20.96,43.8,41590-55360,574.8,126.71703,37.18169
다사3010,am,0.303336,0.612358,-0.0846,0.9241,-1.0087,mid,0.0,1,2,4,0.5765,39.378,103.0,200.0,0.4272,서신면,-1.0087,-1.0087,0.363,1,ADD_FREQ,31240370,면,30.33,61.24,25.8,41590-36767,254.1,126.71694,37.1907
다사3011,am,0.372154,0.462541,0.1761,0.3901,-0.2141,mid,0.0,3,3,3,0.2557,21.082,173.0,60.0,0.4624,송산면,-0.2141,-0.2141,0.40776,2,NEW_STOP,31240360,면,37.22,46.25,43.2,41590-36357,446.6,126.71684,37.19972
다사3012,am,0.229586,0.3008,-0.364,-0.1864,-0.1534,mid,0.0,3,2,2,0.5788,2.748,226.0,247.0,0.3319,송산면,-0.1534,-0.1776,0.43844,2,ADD_FREQ,31240360,면,22.96,30.08,56.5,41590-37366,252.7,126.71675,37.20873
다사3013,am,0.224116,0.492936,-0.3847,0.4985,-0.7507,over,0.0,1,2,3,0.9005,8.447,170.0,548.0,0.1824,송산면,-0.7507,-0.8832,0.40139,2,ADD_FREQ,31240360,면,22.41,49.29,42.5,41590-55204,59.7,126.71666,37.21774
다사3014,am,0.206413,0.283496,-0.4518,-0.248,-0.1642,mid,0.0,3,1,2,0.61,2.118,173.0,193.0,0.3468,송산면,-0.1642,-0.2037,0.3993,2,ADD_FREQ,31240360,면,20.64,28.35,43.2,41590-60002,234.0,126.71657,37.22676
다사3015,am,0.144887,0.011,-0.6848,-1.2193,0.3421,mid,0.0,4,1,0,0.05,0.0,58.0,5.0,0.5345,송산면,0.3421,0.5345,0.28977,1,DRT,31240360,면,14.49,1.1,14.5,41590-37608,803.2,126.71647,37.23577
다사3016,am,0.184914,0.011,-0.5332,-1.2193,0.5147,drt,0.0,4,1,0,0.05,0.0,128.0,5.0,0.4688,송산면,0.5147,0.6861,0.36983,2,DRT,31240360,면,18.49,1.1,32.0,41590-60005,1325.9,126.71638,37.24478
다사3017,am,0.172443,0.011,-0.5804,-1.2193,0.458,drt,0.0,4,1,0,0.05,0.0,98.0,5.0,0.5306,송산면,0.458,0.6388,0.34489,1,DRT,31240360,면,17.24,1.1,24.5,41590-60060,1731.4,126.71629,37.25379
다사3018,am,0.0,0.011,-1.2337,-1.2193,-0.0,mid,0.0,3,0,0,0.05,0.0,0.0,0.0,0.0,송산면,-0.0,-0.0144,0.0,0,DRT,31240360,면,0.0,1.1,0.0,41590-60061,2301.3,126.71619,37.26281
다사3019,am,0.0,0.011,-1.2337,-1.2193,-0.0,mid,0.0,3,0,0,0.05,0.0,0.0,0.0,0.0,송산면,-0.0,-0.0144,0.0,0,DRT,31240360,면,0.0,1.1,0.0,41590-60061,2941.7,126.7161,37.27182
다사3100,am,0.0,0.011131,-1.2337,-1.2188,-0.0,mid,0.0,3,0,1,0.05,0.001,0.0,0.0,0.0,우정읍,-0.0,-0.0148,0.0,0,DRT,31240130,읍,0.0,1.11,0.0,41590-36991,1914.5,126.72912,37.10064
다사3101,am,0.0,0.011,-1.2337,-1.2193,-0.0,mid,0.0,3,0,0,0.05,0.0,0.0,0.0,0.0,우정읍,-0.0,-0.0144,0.0,0,DRT,31240130,읍,0.0,1.1,0.0,41590-37220,2751.6,126.72903,37.10966
다사3102,am,0.0,0.011,-1.2337,-1.2193,-0.0,mid,0.0,3,0,0,0.05,0.0,0.0,0.0,0.0,우정읍,-0.0,-0.0144,0.0,0,DRT,31240130,읍,0.0,1.1,0.0,41590-55218,3230.3,126.72894,37.11867
다사3104,am,0.128782,0.011,-0.7458,-1.2193,0.2807,mid,0.0,4,1,0,0.05,0.0,38.0,5.0,0.5263,서신면,0.2807,0.4735,0.25756,1,DRT,31240370,면,12.88,1.1,9.5,41590-37577,1998.6,126.72875,37.1367
다사3105,am,0.07105,0.011,-0.9645,-1.2193,0.1026,mid,0.0,3,0,0,0.05,0.0,13.0,0.0,0.3846,서신면,0.1026,0.2548,0.1421,0,DRT,31240370,면,7.11,1.1,3.2,41590-60009,1210.0,126.72866,37.14571
다사3106,am,0.23693,0.32001,-0.3362,-0.1179,-0.1924,mid,0.0,3,2,2,0.4033,4.822,234.0,84.0,0.5684,서신면,-0.1924,-0.2183,0.44766,3,NEW_STOP,31240370,면,23.69,32.0,58.5,41590-60079,358.0,126.72857,37.15472
다사3107,am,0.178849,0.358615,-0.5562,0.0197,-0.4227,mid,0.0,2,1,2,0.4925,5.728,108.0,43.0,0.4537,서신면,-0.4227,-0.5759,0.34926,1,NEW_STOP,31240370,면,17.88,35.86,27.0,41590-37635,304.5,126.72848,37.16374
다사3108,am,0.16384,0.011,-0.613,-1.2193,0.4204,drt,0.0,4,1,0,0.05,0.0,88.0,8.0,0.3864,서신면,0.4204,0.6063,0.32768,1,DRT,31240370,면,16.38,1.1,22.0,41590-37824,928.3,126.72839,37.17275
다사3109,am,0.173339,0.011,-0.577,-1.2193,0.462,drt,0.0,4,1,0,0.05,0.0,97.0,214.0,0.1856,마도면,0.462,0.6422,0.34668,1,DRT,31240350,면,17.33,1.1,24.2,41590-55360,1518.1,126.7283,37.18176
다사3110,am,0.188343,0.011,-0.5202,-1.2193,0.5307,drt,0.0,4,1,0,0.05,0.0,123.0,65.0,0.374,마도면,0.5307,0.6991,0.37669,2,DRT,31240350,면,18.83,1.1,30.8,41590-36357,969.4,126.7282,37.19078
다사3111,am,0.483458,0.476754,0.5977,0.4408,0.1569,ok,0.0,3,3,3,0.2238,24.955,778.0,204.0,0.1594,마도면,0.1569,0.1569,0.60725,4,NEW_STOP,31240350,면,48.35,47.68,194.5,41590-37069,465.7,126.72811,37.19979
다사3112,am,0.583026,0.776603,0.9749,1.5095,-0.5347,ok,0.0,2,4,4,0.8807,83.744,443.0,558.0,0.2257,송산면,-0.5347,-0.5347,0.52804,3,ADD_FREQ,31240360,면,58.3,77.66,110.8,41590-37370,71.6,126.72802,37.2088
다사3113,am,0.598501,0.459521,1.0335,0.3794,0.6541,ok,0.0,4,4,3,0.423,15.303,1377.0,526.0,0.2012,송산면,0.6541,0.6541,0.68982,4,NEW_STOP,31240360,면,59.85,45.95,344.2,41590-55206,346.2,126.72793,37.21782
다사3114,am,0.231764,0.566856,-0.3557,0.7619,-0.971,over,0.0,1,2,3,0.9545,14.154,219.0,642.0,0.2237,송산면,-0.971,-1.1177,0.44011,2,ADD_FREQ,31240360,면,23.18,56.69,54.8,41590-60074,27.3,126.72784,37.22683
다사3115,am,0.283905,0.493768,-0.1582,0.5014,-0.6539,mid,0.0,2,2,3,0.5953,14.854,244.0,90.0,0.3279,송산면,-0.6539,-0.6597,0.44495,3,ADD_FREQ,31240360,면,28.39,49.38,61.0,41590-37079,242.8,126.72774,37.23584
다사3116,am,0.026688,0.011,-1.1326,-1.2193,0.0185,mid,0.0,3,0,0,0.05,0.0,5.0,0.0,0.0,송산면,0.0185,0.0867,0.05338,0,DRT,31240360,면,2.67,1.1,1.2,41590-37401,1121.6,126.72765,37.24486
다사3117,am,0.057373,0.011,-1.0163,-1.2193,0.0712,mid,0.0,3,0,0,0.05,0.0,8.0,0.0,0.625,송산면,0.0712,0.203,0.11475,0,DRT,31240360,면,5.74,1.1,2.0,41590-37401,1604.0,126.72756,37.25387
다사3118,am,0.0,0.011,-1.2337,-1.2193,-0.0,mid,0.0,3,0,0,0.05,0.0,0.0,0.0,0.0,송산면,-0.0,-0.0144,0.0,0,DRT,31240360,면,0.0,1.1,0.0,41590-37096,2274.6,126.72747,37.26288
다사3119,am,0.0,0.011,-1.2337,-1.2193,-0.0,mid,0.0,3,0,0,0.05,0.0,0.0,0.0,0.0,송산면,-0.0,-0.0144,0.0,0,DRT,31240360,면,0.0,1.1,0.0,41590-37096,3062.5,126.72738,37.2719
다사3121,am,0.0,0.011,-1.2337,-1.2193,-0.0,mid,0.0,3,0,0,0.05,0.0,0.0,0.0,0.0,송산면,-0.0,-0.0144,0.0,0,DRT,31240360,면,0.0,1.1,0.0,41590-37096,4876.6,126.72719,37.28992
다사3200,am,0.0,0.011,-1.2337,-1.2193,-0.0,mid,0.0,3,0,0,0.05,0.0,0.0,0.0,0.0,우정읍,-0.0,-0.0144,0.0,0,DRT,31240130,읍,0.0,1.1,0.0,41590-36991,2598.5,126.74037,37.10071
다사3201,am,0.0,0.011,-1.2337,-1.2193,-0.0,mid,0.0,3,0,0,0.05,0.0,0.0,0.0,0.0,우정읍,-0.0,-0.0144,0.0,0,DRT,31240130,읍,0.0,1.1,0.0,41590-36866,2943.3,126.74028,37.10973
다사3202,am,0.0,0.011,-1.2337,-1.2193,-0.0,mid,0.0,3,0,0,0.05,0.0,0.0,0.0,0.0,우정읍,-0.0,-0.0144,0.0,0,DRT,31240130,읍,0.0,1.1,0.0,41590-36866,2837.2,126.74019,37.11874
다사3203,am,0.0,0.011,-1.2337,-1.2193,-0.0,mid,0.0,3,0,0,0.05,0.0,0.0,0.0,0.0,우정읍,-0.0,-0.0144,0.0,0,DRT,31240130,읍,0.0,1.1,0.0,41590-36866,3072.0,126.7401,37.12776
다사3206,am,0.107937,0.011,-0.8248,-1.2193,0.2086,mid,0.0,3,0,0,0.05,0.0,38.0,11.0,0.2105,서신면,0.2086,0.3945,0.21587,0,DRT,31240370,면,10.79,1.1,9.5,41590-60079,1089.7,126.73983,37.1548
다사3207,am,0.172858,0.106957,-0.5789,-0.8773,0.2142,drt,0.0,3,1,1,0.4862,0.0,113.0,325.0,0.3274,서신면,0.2142,0.2984,0.34572,1,NEW_STOP,31240370,면,17.29,10.7,28.2,41590-37635,308.3,126.73974,37.16381
다사3208,am,0.185671,0.011,-0.5303,-1.2193,0.5182,drt,0.0,4,1,0,0.05,0.0,133.0,77.0,0.3534,마도면,0.5182,0.689,0.37134,2,DRT,31240350,면,18.57,1.1,33.2,41590-37635,608.2,126.73965,37.17282
다사3209,am,0.169542,0.011,-0.5914,-1.2193,0.4452,drt,0.0,4,1,0,0.05,0.0,103.0,40.0,0.4078,마도면,0.4452,0.6279,0.33908,1,DRT,31240350,면,16.95,1.1,25.8,41590-55456,895.0,126.73956,37.18184
다사3210,am,0.245357,0.426307,-0.3042,0.261,-0.5096,mid,0.0,2,2,2,0.5255,9.661,234.0,417.0,0.2735,마도면,-0.5096,-0.5652,0.44516,3,ADD_FREQ,31240350,면,24.54,42.63,58.5,41590-55456,284.7,126.73947,37.19085
다사3211,am,0.180704,0.341577,-0.5491,-0.041,-0.3755,mid,0.0,2,1,2,0.05,11.404,113.0,56.0,0.5044,마도면,-0.3755,-0.5081,0.34447,1,DRT,31240350,면,18.07,34.16,28.2,41590-55458,591.9,126.73938,37.19986
다사3212,am,0.632142,0.543272,1.1609,0.6779,0.483,ok,0.0,4,4,3,0.2868,37.763,555.0,626.0,0.2216,송산면,0.483,0.483,0.56273,3,NEW_STOP,31240360,면,63.21,54.33,138.8,41590-37088,427.9,126.73929,37.20888
다사3213,am,0.711486,0.481397,1.4615,0.4573,1.0042,need,1.61508,5,4,3,0.2635,24.16,2788.0,651.0,0.2156,송산면,1.0042,1.0042,0.79325,4,NEW_STOP,31240360,면,71.15,48.14,697.0,41590-37089,441.9,126.7392,37.21789
다사3214,am,0.153152,0.099615,-0.6535,-0.9034,0.1659,mid,0.0,3,1,1,0.05,0.964,68.0,89.0,0.3382,송산면,0.1659,0.2499,0.3003,1,DRT,31240360,면,15.32,9.96,17.0,41590-36746,631.3,126.73911,37.2269
다사3215,am,0.278733,0.434461,-0.1778,0.2901,-0.4583,mid,0.0,2,2,3,0.5727,9.482,249.0,226.0,0.3614,송산면,-0.4583,-0.4679,0.45173,3,ADD_FREQ,31240360,면,27.87,43.45,62.2,41590-60052,256.4,126.73902,37.23592
다사3216,am,0.230788,0.414245,-0.3594,0.218,-0.5003,mid,0.0,2,2,2,0.6797,6.511,133.0,16.0,0.4511,송산면,-0.5003,-0.5774,0.37713,2,ADD_FREQ,31240360,면,23.08,41.42,33.2,41590-37401,192.2,126.73893,37.24493
다사3217,am,0.0,0.011,-1.2337,-1.2193,-0.0,mid,0.0,3,0,0,0.05,0.0,0.0,0.0,0.0,송산면,-0.0,-0.0144,0.0,0,DRT,31240360,면,0.0,1.1,0.0,41590-37096,860.3,126.73884,37.25394
다사3218,am,0.0,0.011,-1.2337,-1.2193,-0.0,mid,0.0,3,0,0,0.05,0.0,0.0,0.0,0.0,송산면,-0.0,-0.0144,0.0,0,DRT,31240360,면,0.0,1.1,0.0,41590-37096,1716.0,126.73875,37.26296
다사3219,am,0.0,0.011,-1.2337,-1.2193,-0.0,mid,0.0,3,0,0,0.05,0.0,0.0,0.0,0.0,송산면,-0.0,-0.0144,0.0,0,DRT,31240360,면,0.0,1.1,0.0,41590-37096,2673.5,126.73865,37.27197
다사3220,am,0.035759,0.011,-1.0982,-1.2193,0.0312,mid,0.0,3,0,0,0.05,0.0,8.0,3.0,0.0,송산면,0.0312,0.1211,0.07152,0,DRT,31240360,면,3.58,1.1,2.0,41590-37096,3653.4,126.73856,37.28098
다사3221,am,0.0,0.011,-1.2337,-1.2193,-0.0,mid,0.0,3,0,0,0.05,0.0,0.0,0.0,0.0,송산면,-0.0,-0.0144,0.0,0,DRT,31240360,면,0.0,1.1,0.0,41590-37096,4641.8,126.73847,37.28999
다사3300,am,0.0,0.011,-1.2337,-1.2193,-0.0,mid,0.0,3,0,0,0.05,0.0,0.0,0.0,0.0,우정읍,-0.0,-0.0144,0.0,0,DRT,31240130,읍,0.0,1.1,0.0,41590-36967,2308.2,126.75162,37.10079
다사3301,am,0.0,0.011,-1.2337,-1.2193,-0.0,mid,0.0,3,0,0,0.05,0.0,0.0,0.0,0.0,우정읍,-0.0,-0.0144,0.0,0,DRT,31240130,읍,0.0,1.1,0.0,41590-36866,2000.0,126.75154,37.1098
다사3302,am,0.0,0.011,-1.2337,-1.2193,-0.0,mid,0.0,3,0,0,0.05,0.0,0.0,0.0,0.0,우정읍,-0.0,-0.0144,0.0,0,DRT,31240130,읍,0.0,1.1,0.0,41590-36866,1840.3,126.75145,37.11881
다사3303,am,0.0,0.011,-1.2337,-1.2193,-0.0,mid,0.0,3,0,0,0.05,0.0,0.0,0.0,0.0,우정읍,-0.0,-0.0144,0.0,0,DRT,31240130,읍,0.0,1.1,0.0,41590-36866,2185.1,126.75136,37.12783
다사3304,am,0.0,0.011,-1.2337,-1.2193,-0.0,mid,0.0,3,0,0,0.05,0.0,0.0,0.0,0.0,우정읍,-0.0,-0.0144,0.0,0,DRT,31240130,읍,0.0,1.1,0.0,41590-36866,2856.7,126.75127,37.13684
다사3305,am,0.0,0.011,-1.2337,-1.2193,-0.0,mid,0.0,3,0,0,0.05,0.0,0.0,0.0,0.0,남양읍,-0.0,-0.0144,0.0,0,DRT,31240150,읍,0.0,1.1,0.0,41590-60079,2441.6,126.75118,37.14585
다사3308,am,0.174089,0.076303,-0.5742,-0.9865,0.2974,drt,0.0,4,1,1,0.3468,0.0,116.0,261.0,0.319,마도면,0.2974,0.4123,0.34818,1,NEW_STOP,31240350,면,17.41,7.63,29.0,41590-60025,391.9,126.75091,37.17289
다사3309,am,0.194521,0.342346,-0.4968,-0.0383,-0.3555,mid,0.0,2,1,2,0.4298,5.602,118.0,28.0,0.3559,마도면,-0.3555,-0.4585,0.35558,1,NEW_STOP,31240350,면,19.45,34.23,29.5,41590-36972,342.1,126.75083,37.18191
다사3310,am,0.218836,0.256645,-0.4047,-0.3437,-0.051,mid,0.0,3,2,2,0.7287,1.083,223.0,624.0,0.1749,마도면,-0.051,-0.061,0.432,2,ADD_FREQ,31240350,면,21.88,25.66,55.8,41590-55456,162.8,126.75074,37.19092
다사3311,am,0.221197,0.445715,-0.3958,0.3302,-0.6118,over,0.0,2,2,3,0.2682,18.023,193.0,185.0,0.2694,마도면,-0.6118,-0.7259,0.42046,2,NEW_STOP,31240350,면,22.12,44.57,48.2,41590-55457,439.1,126.75065,37.19993
다사3312,am,0.339608,0.484298,0.0528,0.4677,-0.4149,mid,0.0,2,3,3,0.352,21.177,163.0,228.0,0.2577,마도면,-0.4149,-0.4149,0.39374,2,NEW_STOP,31240350,면,33.96,48.43,40.8,41590-37098,388.8,126.75056,37.20895
다사3313,am,0.21587,0.189853,-0.4159,-0.5818,0.1376,drt,0.0,3,1,1,0.5345,0.734,180.0,12.0,0.4611,송산면,0.1376,0.1659,0.41071,2,ADD_FREQ,31240360,면,21.59,18.99,45.0,41590-37095,279.3,126.75047,37.21796
다사3314,am,0.161724,0.280901,-0.621,-0.2573,-0.2501,mid,0.0,2,1,2,0.1235,5.908,58.0,11.0,0.4483,송산면,-0.2501,-0.3638,0.29494,1,DRT,31240360,면,16.17,28.09,14.5,41590-36743,525.9,126.75038,37.22697
다사3315,am,0.174371,0.284175,-0.5731,-0.2456,-0.2365,mid,0.0,3,1,2,0.1733,5.515,89.0,27.0,0.4157,송산면,-0.2365,-0.3275,0.32846,1,NEW_STOP,31240360,면,17.44,28.42,22.2,41590-37093,496.0,126.75029,37.23599
다사3316,am,0.241841,0.220661,-0.3176,-0.472,0.1379,mid,0.0,3,2,1,0.1633,3.084,198.0,11.0,0.4293,송산면,0.1379,0.1544,0.41489,2,NEW_STOP,31240360,면,24.18,22.07,49.5,41590-37090,502.0,126.7502,37.245
다사3317,am,0.135082,0.063881,-0.722,-1.0308,0.1889,mid,0.0,3,1,1,0.05,0.496,33.0,0.0,0.697,송산면,0.1889,0.3088,0.25477,1,DRT,31240360,면,13.51,6.39,8.2,41590-37096,713.1,126.75011,37.25401
다사3318,am,0.0,0.011,-1.2337,-1.2193,-0.0,mid,0.0,3,0,0,0.05,0.0,0.0,0.0,0.0,송산면,-0.0,-0.0144,0.0,0,DRT,31240360,면,0.0,1.1,0.0,41590-37096,1647.0,126.75002,37.26303
다사3319,am,0.0,0.011,-1.2337,-1.2193,-0.0,mid,0.0,3,0,0,0.05,0.0,0.0,0.0,0.0,송산면,-0.0,-0.0144,0.0,0,DRT,31240360,면,0.0,1.1,0.0,41590-37096,2629.4,126.74993,37.27204
다사3320,am,0.0,0.011,-1.2337,-1.2193,-0.0,mid,0.0,3,0,0,0.05,0.0,0.0,0.0,0.0,송산면,-0.0,-0.0144,0.0,0,DRT,31240360,면,0.0,1.1,0.0,41590-37096,3621.3,126.74984,37.28105
다사3400,am,0.0,0.011,-1.2337,-1.2193,-0.0,mid,0.0,3,0,0,0.05,0.0,0.0,3.0,0.0,우정읍,-0.0,-0.0144,0.0,0,DRT,31240130,읍,0.0,1.1,0.0,41590-36967,1353.2,126.76288,37.10086
다사3401,am,0.069651,0.011,-0.9698,-1.2193,0.0992,mid,0.0,3,0,0,0.05,0.0,13.0,12.0,0.0,우정읍,0.0992,0.2495,0.1393,0,DRT,31240130,읍,6.97,1.1,3.2,41590-36866,1157.9,126.76279,37.10987
다사3402,am,0.118085,0.011,-0.7863,-1.2193,0.2426,mid,0.0,3,0,0,0.05,0.0,48.0,3.0,0.2708,우정읍,0.2426,0.4329,0.23617,1,DRT,31240130,읍,11.81,1.1,12.0,41590-36866,852.8,126.7627,37.11888
다사3403,am,0.0,0.011,-1.2337,-1.2193,-0.0,mid,0.0,3,0,0,0.05,0.0,0.0,0.0,0.0,우정읍,-0.0,-0.0144,0.0,0,DRT,31240130,읍,0.0,1.1,0.0,41590-36866,1453.8,126.76262,37.1279
다사3404,am,0.0,0.011,-1.2337,-1.2193,-0.0,mid,0.0,3,0,0,0.05,0.0,0.0,0.0,0.0,우정읍,-0.0,-0.0144,0.0,0,DRT,31240130,읍,0.0,1.1,0.0,41590-36865,2276.9,126.76253,37.13691
다사3405,am,0.0,0.011,-1.2337,-1.2193,-0.0,mid,0.0,3,0,0,0.05,0.0,0.0,0.0,0.0,남양읍,-0.0,-0.0144,0.0,0,DRT,31240150,읍,0.0,1.1,0.0,41590-60023,2953.7,126.76244,37.14592
다사3407,am,0.080162,0.011,-0.93,-1.2193,0.126,mid,0.0,3,0,0,0.05,0.0,29.0,441.0,0.0,마도면,0.126,0.2893,0.16032,0,DRT,31240350,면,8.02,1.1,7.2,41590-60023,979.0,126.76227,37.16395
다사3408,am,0.431343,0.540227,0.4003,0.667,-0.2667,ok,0.0,2,3,3,0.5385,23.842,320.0,1310.0,0.1125,마도면,-0.2667,-0.2667,0.48454,3,ADD_FREQ,31240350,면,43.13,54.02,80.0,41590-60023,276.9,126.76218,37.17296
다사3409,am,0.312708,0.658043,-0.0491,1.087,-1.1361,mid,0.0,1,3,4,0.4615,68.337,430.0,636.0,0.2279,마도면,-1.1361,-1.1361,0.5241,3,NEW_STOP,31240350,면,31.27,65.8,107.5,41590-55377,323.1,126.76209,37.18198
다사3410,am,0.307921,0.606361,-0.0672,0.9028,-0.97,mid,0.0,1,2,4,0.669,32.036,457.0,907.0,0.2232,마도면,-0.97,-0.97,0.53285,3,ADD_FREQ,31240350,면,30.79,60.64,114.2,41590-55371,198.6,126.762,37.19099
다사3411,am,0.174831,0.011,-0.5714,-1.2193,0.4686,drt,0.0,4,1,0,0.05,0.0,98.0,101.0,0.3469,마도면,0.4686,0.6479,0.34966,1,DRT,31240350,면,17.48,1.1,24.5,41590-60109,746.1,126.76191,37.2
다사3412,am,0.40199,0.772332,0.2891,1.4943,-1.2052,ok,0.0,0,3,4,0.8338,87.729,159.0,400.0,0.3019,마도면,-1.2052,-1.2052,0.39224,2,ADD_FREQ,31240350,면,40.2,77.23,39.8,41590-55096,99.7,126.76183,37.20902
다사3413,am,0.164397,0.092972,-0.6109,-0.9271,0.2197,drt,0.0,3,1,1,0.38,0.074,91.0,257.0,0.4945,송산면,0.2197,0.3162,0.32627,1,NEW_STOP,31240360,면,16.44,9.3,22.8,41590-37099,372.0,126.76174,37.21803
다사3414,am,0.161582,0.223628,-0.6216,-0.4614,-0.1101,mid,0.0,3,1,1,0.317,2.229,63.0,162.0,0.5714,송산면,-0.1101,-0.1602,0.28463,1,NEW_STOP,31240360,면,16.16,22.36,15.8,41590-37560,409.8,126.76165,37.22704
다사3415,am,0.143344,0.01753,-0.6907,-1.196,0.3213,mid,0.0,4,1,1,0.05,0.051,48.0,78.0,0.6875,송산면,0.3213,0.5053,0.28567,1,DRT,31240360,면,14.33,1.75,12.0,41590-37560,791.0,126.76156,37.23606
다사3416,am,0.046202,0.011,-1.0586,-1.2193,0.0489,mid,0.0,3,0,0,0.05,0.0,13.0,3.0,0.0,송산면,0.0489,0.1606,0.0924,0,DRT,31240360,면,4.62,1.1,3.2,41590-37096,1404.4,126.76148,37.24507
다사3417,am,0.0,0.011,-1.2337,-1.2193,-0.0,mid,0.0,3,0,0,0.05,0.0,0.0,0.0,0.0,송산면,-0.0,-0.0144,0.0,0,DRT,31240360,면,0.0,1.1,0.0,41590-37096,1506.7,126.76139,37.25408
다사3418,am,0.0,0.011,-1.2337,-1.2193,-0.0,mid,0.0,3,0,0,0.05,0.0,0.0,0.0,0.0,송산면,-0.0,-0.0144,0.0,0,DRT,31240360,면,0.0,1.1,0.0,41590-37096,2116.9,126.7613,37.2631
다사3419,am,0.0,0.011,-1.2337,-1.2193,-0.0,mid,0.0,3,0,0,0.05,0.0,0.0,0.0,0.0,송산면,-0.0,-0.0144,0.0,0,DRT,31240360,면,0.0,1.1,0.0,41590-37096,2946.5,126.76121,37.27211
다사3420,am,0.0,0.011,-1.2337,-1.2193,-0.0,mid,0.0,3,0,0,0.05,0.0,0.0,0.0,0.0,송산면,-0.0,-0.0144,0.0,0,DRT,31240360,면,0.0,1.1,0.0,41590-37096,3857.6,126.76112,37.28112
다사3500,am,0.234923,0.249805,-0.3438,-0.3681,0.0213,mid,0.0,3,2,1,0.1642,4.092,223.0,29.0,0.2691,우정읍,0.0213,0.0244,0.44091,2,NEW_STOP,31240130,읍,23.49,24.98,55.8,41590-36966,501.5,126.77413,37.10093
다사3501,am,0.157873,0.147637,-0.6356,-0.7323,0.0654,mid,0.0,3,1,1,0.1085,1.567,58.0,3.0,0.3621,우정읍,0.0654,0.0966,0.28145,1,DRT,31240130,읍,15.79,14.76,14.5,41590-36967,534.9,126.77404,37.10994
다사3502,am,0.334505,0.560508,0.0335,0.7393,-0.7059,mid,0.0,1,3,3,0.8952,14.948,408.0,29.0,0.3554,우정읍,-0.7059,-0.7059,0.51845,3,ADD_FREQ,31240130,읍,33.45,56.05,102.0,41590-36865,62.9,126.77396,37.11895
다사3503,am,0.196071,0.011,-0.4909,-1.2193,0.5676,drt,0.0,4,1,0,0.05,0.0,165.0,528.0,0.0606,우정읍,0.5676,0.7284,0.39214,2,DRT,31240130,읍,19.61,1.1,41.2,41590-36865,953.3,126.77387,37.12797
다사3504,am,0.0,0.011,-1.2337,-1.2193,-0.0,mid,0.0,3,0,0,0.05,0.0,0.0,0.0,0.0,우정읍,-0.0,-0.0144,0.0,0,DRT,31240130,읍,0.0,1.1,0.0,41590-36865,1941.0,126.77379,37.13698
다사3506,am,0.0,0.011,-1.2337,-1.2193,-0.0,mid,0.0,3,0,0,0.05,0.0,0.0,0.0,0.0,남양읍,-0.0,-0.0144,0.0,0,DRT,31240150,읍,0.0,1.1,0.0,41590-37668,1896.2,126.77361,37.15501
다사3507,am,0.1585,0.011,-0.6333,-1.2193,0.3977,mid,0.0,4,1,0,0.05,0.0,103.0,886.0,0.0,마도면,0.3977,0.586,0.317,1,DRT,31240350,면,15.85,1.1,25.8,41590-37668,897.0,126.77353,37.16402
다사3508,am,0.484995,0.613245,0.6035,0.9273,-0.3238,ok,0.0,2,3,4,0.8575,24.385,528.0,2260.0,0.0492,마도면,-0.3238,-0.3238,0.55069,3,ADD_FREQ,31240350,면,48.5,61.32,132.0,41590-55426,85.5,126.77344,37.17303
다사3509,am,0.229707,0.378688,-0.3635,0.0913,-0.3928,mid,0.0,2,2,2,0.05,15.456,209.0,597.0,0.1722,마도면,-0.3928,-0.4548,0.42891,2,DRT,31240350,면,22.97,37.87,52.2,41590-55264,597.7,126.77336,37.18205
다사3510,am,0.223933,0.011,-0.3854,-1.2193,0.7085,drt,0.0,5,2,0,0.05,0.0,239.0,884.0,0.1088,마도면,0.7085,0.8339,0.44787,3,DRT,31240350,면,22.39,1.1,59.8,41590-55265,849.1,126.77327,37.19106
다사3511,am,0.428808,0.6282,0.3907,0.9806,-0.5899,ok,0.0,2,3,4,0.9323,24.095,794.0,248.0,0.2103,마도면,-0.5899,-0.5899,0.61314,4,ADD_FREQ,31240350,면,42.88,62.82,198.5,41590-60066,40.6,126.77318,37.20007
다사3512,am,0.679858,0.704454,1.3417,1.2524,0.0893,ok,0.0,3,4,4,0.5782,80.206,1207.0,683.0,0.1558,마도면,0.0893,0.0893,0.67047,4,ADD_FREQ,31240350,면,67.99,70.45,301.8,41590-37105,253.1,126.7731,37.20909
다사3513,am,0.136203,0.011,-0.7177,-1.2193,0.3084,mid,0.0,4,1,0,0.05,0.0,58.0,313.0,0.0,송산면,0.3084,0.5016,0.27241,1,DRT,31240360,면,13.62,1.1,14.5,41590-36609,676.0,126.77301,37.2181
다사3514,am,0.0,0.011,-1.2337,-1.2193,-0.0,mid,0.0,3,0,0,0.05,0.0,0.0,339.0,0.0,송산면,-0.0,-0.0144,0.0,0,DRT,31240360,면,0.0,1.1,0.0,41590-37560,1075.8,126.77292,37.22711
다사3515,am,0.0,0.011,-1.2337,-1.2193,-0.0,mid,0.0,3,0,0,0.05,0.0,0.0,0.0,0.0,송산면,-0.0,-0.0144,0.0,0,DRT,31240360,면,0.0,1.1,0.0,41590-37560,1496.9,126.77284,37.23613
다사3516,am,0.0,0.011,-1.2337,-1.2193,-0.0,mid,0.0,3,0,0,0.05,0.0,0.0,0.0,0.0,송산면,-0.0,-0.0144,0.0,0,DRT,31240360,면,0.0,1.1,0.0,41590-60095,1364.6,126.77275,37.24514
다사3517,am,0.0,0.011,-1.2337,-1.2193,-0.0,mid,0.0,3,0,0,0.05,0.0,0.0,0.0,0.0,송산면,-0.0,-0.0144,0.0,0,DRT,31240360,면,0.0,1.1,0.0,41590-60095,1491.9,126.77266,37.25415
다사3518,am,0.0,0.011,-1.2337,-1.2193,-0.0,mid,0.0,3,0,0,0.05,0.0,0.0,0.0,0.0,송산면,-0.0,-0.0144,0.0,0,DRT,31240360,면,0.0,1.1,0.0,41590-60095,2142.3,126.77258,37.26317
다사3519,am,0.0,0.011,-1.2337,-1.2193,-0.0,mid,0.0,3,0,0,0.05,0.0,0.0,0.0,0.0,송산면,-0.0,-0.0144,0.0,0,DRT,31240360,면,0.0,1.1,0.0,41590-36538,2924.5,126.77249,37.27218
다사3600,am,0.349813,0.55035,0.0915,0.7031,-0.6117,mid,0.0,2,3,3,0.8577,14.718,384.0,28.0,0.3594,우정읍,-0.6117,-0.6117,0.51523,3,ADD_FREQ,31240130,읍,34.98,55.04,96.0,41590-36889,85.4,126.78538,37.10099
다사3601,am,0.291874,0.251332,-0.128,-0.3627,0.2346,mid,0.0,3,2,1,0.1023,4.714,288.0,24.0,0.2951,우정읍,0.2346,0.2346,0.47459,3,DRT,31240130,읍,29.19,25.13,72.0,41590-37829,538.6,126.7853,37.11001
다사3602,am,0.345828,0.546888,0.0764,0.6908,-0.6144,mid,0.0,2,3,3,0.8383,14.813,418.0,88.0,0.299,우정읍,-0.6144,-0.6144,0.52435,3,ADD_FREQ,31240130,읍,34.58,54.69,104.5,41590-37451,97.0,126.78521,37.11902
다사3603,am,0.175166,0.011,-0.5701,-1.2193,0.4701,drt,0.0,4,1,0,0.05,0.0,113.0,141.0,0.3451,우정읍,0.4701,0.6492,0.35033,1,DRT,31240130,읍,17.52,1.1,28.2,41590-36817,915.1,126.78513,37.12804
다사3604,am,0.043828,0.011,-1.0676,-1.2193,0.0446,mid,0.0,3,0,0,0.05,0.0,8.0,43.0,0.0,우정읍,0.0446,0.1516,0.08766,0,DRT,31240130,읍,4.38,1.1,2.0,41590-36862,1405.0,126.78504,37.13705
다사3606,am,0.172304,0.011,-0.581,-1.2193,0.4574,drt,0.0,4,1,0,0.05,0.0,98.0,9.0,0.449,남양읍,0.4574,0.6383,0.34461,1,DRT,31240150,읍,17.23,1.1,24.5,41590-60017,933.3,126.78488,37.15508
다사3608,am,0.302006,0.365975,-0.0896,0.0459,-0.1356,mid,0.0,3,2,2,0.217,10.291,248.0,854.0,0.1048,마도면,-0.1356,-0.1356,0.4446,3,NEW_STOP,31240350,면,30.2,36.6,62.0,41590-37552,469.8,126.78471,37.1731
다사3609,am,0.54072,0.508947,0.8146,0.5555,0.2591,ok,0.0,4,4,3,0.7588,12.532,834.0,1839.0,0.0923,마도면,0.2591,0.2591,0.61771,4,ADD_FREQ,31240350,면,54.07,50.89,208.5,41590-37752,144.7,126.78462,37.18212
다사3610,am,0.307086,0.295299,-0.0704,-0.206,0.1356,mid,0.0,3,2,2,0.083,7.25,323.0,723.0,0.1703,마도면,0.1356,0.1356,0.48629,3,DRT,31240350,면,30.71,29.53,80.8,41590-37118,550.2,126.78454,37.19113
다사3611,am,0.443687,0.480067,0.4471,0.4526,-0.0055,ok,0.0,3,3,3,0.2653,23.83,379.0,679.0,0.3351,마도면,-0.0055,-0.0055,0.50917,3,NEW_STOP,31240350,면,44.37,48.01,94.8,41590-37114,440.8,126.78445,37.20014
다사3612,am,0.584992,0.5551,0.9823,0.72,0.2623,ok,0.0,4,4,3,0.3062,40.065,825.0,429.0,0.2,마도면,0.2623,0.2623,0.61689,4,NEW_STOP,31240350,면,58.5,55.51,206.2,41590-37109,416.3,126.78437,37.20916
다사3613,am,0.297381,0.586617,-0.1072,0.8324,-0.9395,mid,0.0,1,2,3,0.597,31.068,284.0,359.0,0.2993,마도면,-0.9395,-0.9395,0.46317,3,ADD_FREQ,31240350,면,29.74,58.66,71.0,41590-36567,241.8,126.78428,37.21817
다사3614,am,0.14294,0.011,-0.6922,-1.2193,0.3345,mid,0.0,4,1,0,0.05,0.0,53.0,33.0,0.434,마도면,0.3345,0.5271,0.28588,1,DRT,31240350,면,14.29,1.1,13.2,41590-36564,859.0,126.78419,37.22718
다사3615,am,0.023573,0.011,-1.1444,-1.2193,0.0147,mid,0.0,3,0,0,0.05,0.0,5.0,0.0,0.0,남양읍,0.0147,0.0749,0.04715,0,DRT,31240150,읍,2.36,1.1,1.2,41590-60095,1357.7,126.78411,37.2362
다사3616,am,0.060111,0.222882,-1.006,-0.4641,-0.1958,mid,0.0,3,0,1,0.2392,2.658,8.0,0.0,1.25,남양읍,-0.1958,-0.5419,0.1187,0,NEW_STOP,31240150,읍,6.01,22.29,2.0,41590-60095,456.5,126.78402,37.24521
다사3617,am,8.5e-05,0.049619,-1.2333,-1.0816,-0.0008,mid,0.0,3,0,1,0.05,0.342,0.0,0.0,0.0,송산면,-0.0008,-0.1517,0.0,0,DRT,31240360,면,0.01,4.96,0.0,41590-60095,755.8,126.78394,37.25422
다사3618,am,0.0,0.011,-1.2337,-1.2193,-0.0,mid,0.0,3,0,0,0.05,0.0,0.0,0.0,0.0,송산면,-0.0,-0.0144,0.0,0,DRT,31240360,면,0.0,1.1,0.0,41590-36540,1634.9,126.78385,37.26324
다사3619,am,0.0,0.011,-1.2337,-1.2193,-0.0,mid,0.0,3,0,0,0.05,0.0,0.0,0.0,0.0,송산면,-0.0,-0.0144,0.0,0,DRT,31240360,면,0.0,1.1,0.0,41590-36538,2021.5,126.78377,37.27225
다사3620,am,0.0,0.011,-1.2337,-1.2193,-0.0,mid,0.0,3,0,0,0.05,0.0,0.0,0.0,0.0,송산면,-0.0,-0.0144,0.0,0,DRT,31240360,면,0.0,1.1,0.0,41590-55547,2187.3,126.78368,37.28126
다사3700,am,0.205163,0.466006,-0.4565,0.4025,-0.6894,over,0.0,2,1,3,0.845,7.445,133.0,138.0,0.3308,우정읍,-0.6894,-0.859,0.36924,2,ADD_FREQ,31240130,읍,20.52,46.6,33.2,41590-36718,93.0,126.79664,37.10106
다사3701,am,0.334029,0.605222,0.0317,0.8987,-0.867,mid,0.0,1,3,4,0.7222,28.959,310.0,376.0,0.2774,우정읍,-0.867,-0.867,0.47837,3,ADD_FREQ,31240130,읍,33.4,60.52,77.5,41590-37826,166.7,126.79655,37.11008
다사3702,am,0.361192,0.461072,0.1346,0.3849,-0.2503,mid,0.0,2,3,3,0.5938,11.39,356.0,213.0,0.2725,우정읍,-0.2503,-0.2503,0.49801,3,ADD_FREQ,31240130,읍,36.12,46.11,89.0,41590-36861,243.7,126.79647,37.11909
다사3703,am,0.380812,0.495632,0.2089,0.5081,-0.2992,mid,0.0,2,3,3,0.9825,7.405,413.0,415.0,0.2397,우정읍,-0.2992,-0.2992,0.52084,3,ADD_FREQ,31240130,읍,38.08,49.56,103.2,41590-36862,10.5,126.79639,37.1281
다사3704,am,0.157656,0.011,-0.6365,-1.2193,0.3942,mid,0.0,4,1,0,0.05,0.0,85.0,306.0,0.0588,우정읍,0.3942,0.5828,0.31531,1,DRT,31240130,읍,15.77,1.1,21.2,41590-36862,991.5,126.7963,37.13712
다사3705,am,0.0,0.011,-1.2337,-1.2193,-0.0,mid,0.0,3,0,0,0.05,0.0,0.0,0.0,0.0,우정읍,-0.0,-0.0144,0.0,0,DRT,31240130,읍,0.0,1.1,0.0,41590-60017,864.2,126.79622,37.14613
다사3706,am,0.179714,0.46179,-0.5529,0.3875,-0.6925,over,0.0,2,1,3,0.7353,8.828,98.0,325.0,0.3469,남양읍,-0.6925,-0.9404,0.3369,1,ADD_FREQ,31240150,읍,17.97,46.18,24.5,41590-60017,158.8,126.79614,37.15514
다사3707,am,0.128743,0.126754,-0.746,-0.8067,0.036,mid,0.0,3,1,1,0.05,1.415,43.0,126.0,0.2326,남양읍,0.036,0.0607,0.24522,1,DRT,31240150,읍,12.87,12.68,10.8,41590-37948,617.2,126.79605,37.16416
다사3708,am,0.282061,0.506345,-0.1652,0.5463,-0.7023,mid,0.0,1,2,3,0.5795,16.917,259.0,476.0,0.1892,남양읍,-0.7023,-0.7115,0.45398,3,ADD_FREQ,31240150,읍,28.21,50.63,64.8,41590-60094,252.3,126.79597,37.17317
다사3709,am,0.350268,0.29375,0.0932,-0.2115,0.3047,mid,0.0,4,3,2,0.3982,3.808,266.0,1625.0,0.0301,남양읍,0.3047,0.3047,0.45233,3,NEW_STOP,31240150,읍,35.03,29.38,66.5,41590-60100,361.1,126.79589,37.18218
다사3710,am,0.321015,0.571148,-0.0176,0.7772,-0.7949,mid,0.0,1,3,3,0.606,27.077,195.0,586.0,0.1897,마도면,-0.7949,-0.7949,0.41635,2,ADD_FREQ,31240350,면,32.1,57.11,48.8,41590-37753,236.4,126.7958,37.1912
다사3711,am,0.450939,0.528193,0.4745,0.6241,-0.1496,ok,0.0,3,3,3,0.5792,20.173,367.0,448.0,0.1608,남양읍,-0.1496,-0.1496,0.50109,3,ADD_FREQ,31240150,읍,45.09,52.82,91.8,41590-55179,252.5,126.79572,37.20021
다사3712,am,0.418955,0.204764,0.3534,-0.5287,0.882,need,1.25134,5,3,1,0.05,3.375,742.0,248.0,0.2156,마도면,0.882,0.882,0.60095,4,DRT,31240350,면,41.9,20.48,185.5,41590-60037,628.2,126.79563,37.20922
다사3713,am,0.247048,0.340455,-0.2978,-0.045,-0.2289,mid,0.0,3,2,2,0.0685,10.923,211.0,698.0,0.1469,마도면,-0.2289,-0.2528,0.42162,2,DRT,31240350,면,24.7,34.05,52.8,41590-36565,558.9,126.79555,37.21824
다사3714,am,0.1901,0.363828,-0.5136,0.0383,-0.4215,mid,0.0,2,1,2,0.4325,6.741,93.0,154.0,0.4194,남양읍,-0.4215,-0.5518,0.3418,1,NEW_STOP,31240150,읍,19.01,36.38,23.2,41590-36562,340.5,126.79547,37.22725
다사3715,am,0.167092,0.119891,-0.6007,-0.8312,0.1619,drt,0.0,3,1,1,0.05,1.292,88.0,0.0,0.5568,남양읍,0.1619,0.2305,0.32737,1,DRT,31240150,읍,16.71,11.99,22.0,41590-36550,706.4,126.79538,37.23626
다사3716,am,0.172226,0.313045,-0.5813,-0.1427,-0.3141,mid,0.0,2,1,2,0.2122,6.606,88.0,5.0,0.4773,남양읍,-0.3141,-0.4385,0.32705,1,NEW_STOP,31240150,읍,17.22,31.3,22.0,41590-36544,472.7,126.7953,37.24528
다사3717,am,0.117139,0.41632,-0.7899,0.2254,-0.5661,mid,0.0,2,0,2,0.5395,8.651,23.0,5.0,0.4348,남양읍,-0.5661,-1.0153,0.22746,0,ADD_FREQ,31240150,읍,11.71,41.63,5.8,41590-36542,276.3,126.79521,37.25429
다사3718,am,0.114785,0.170421,-0.7988,-0.6511,-0.0813,mid,0.0,3,0,1,0.05,2.368,23.0,3.0,0.6522,남양읍,-0.0813,-0.1478,0.2221,0,DRT,31240150,읍,11.48,17.04,5.8,41590-36540,700.8,126.79513,37.2633
다사3719,am,0.0,0.011,-1.2337,-1.2193,-0.0,mid,0.0,3,0,0,0.05,0.0,0.0,0.0,0.0,송산면,-0.0,-0.0144,0.0,0,DRT,31240360,면,0.0,1.1,0.0,41590-36538,1273.2,126.79505,37.27232
다사3720,am,0.0,0.011,-1.2337,-1.2193,-0.0,mid,0.0,3,0,0,0.05,0.0,0.0,0.0,0.0,송산면,-0.0,-0.0144,0.0,0,DRT,31240360,면,0.0,1.1,0.0,41590-55547,1280.1,126.79496,37.28133
다사3721,am,0.0,0.011,-1.2337,-1.2193,-0.0,mid,0.0,3,0,0,0.05,0.0,0.0,97.0,0.0,송산면,-0.0,-0.0144,0.0,0,DRT,31240360,면,0.0,1.1,0.0,41590-55547,1113.6,126.79488,37.29034
다사3800,am,0.18744,0.341432,-0.5236,-0.0415,-0.3649,mid,0.0,2,1,2,0.1198,10.022,98.0,16.0,0.3673,우정읍,-0.3649,-0.4821,0.32985,1,DRT,31240130,읍,18.74,34.14,24.5,41590-36923,528.1,126.80789,37.10113
다사3801,am,0.30237,0.473683,-0.0883,0.4299,-0.5181,mid,0.0,2,2,3,0.4118,17.503,223.0,558.0,0.4619,우정읍,-0.5181,-0.5181,0.43953,2,NEW_STOP,31240130,읍,30.24,47.37,55.8,41590-37414,352.9,126.80781,37.11014
다사3802,am,0.243354,0.18585,-0.3118,-0.5961,0.2549,mid,0.0,4,2,1,0.05,2.788,188.0,760.0,0.2234,우정읍,0.2549,0.2842,0.41489,2,DRT,31240130,읍,24.34,18.58,47.0,41590-37537,616.8,126.80773,37.11916
다사3803,am,0.173301,0.117404,-0.5772,-0.84,0.189,drt,0.0,3,1,1,0.05,1.249,91.0,419.0,0.1978,우정읍,0.189,0.2628,0.32768,1,DRT,31240130,읍,17.33,11.74,22.8,41590-36857,701.6,126.80764,37.12817
다사3804,am,0.203381,0.197906,-0.4632,-0.5531,0.0717,drt,0.0,3,1,1,0.138,2.583,123.0,510.0,0.1057,우정읍,0.0717,0.0899,0.35298,1,DRT,31240130,읍,20.34,19.79,30.8,41590-36856,517.2,126.80756,37.13718
다사3805,am,0.043828,0.011,-1.0676,-1.2193,0.0446,mid,0.0,3,0,0,0.05,0.0,8.0,10.0,1.25,장안면,0.0446,0.1516,0.08766,0,DRT,31240390,면,4.38,1.1,2.0,41590-55660,862.7,126.80748,37.1462
다사3806,am,0.197352,0.329916,-0.4861,-0.0826,-0.3158,mid,0.0,2,1,2,0.4912,4.419,78.0,316.0,0.2949,남양읍,-0.3158,-0.4035,0.3185,1,NEW_STOP,31240150,읍,19.74,32.99,19.5,41590-60017,305.3,126.8074,37.15521
다사3807,am,0.296164,0.410095,-0.1118,0.2032,-0.315,mid,0.0,2,2,2,0.7472,5.499,289.0,218.0,0.2699,남양읍,-0.315,-0.315,0.47499,3,ADD_FREQ,31240150,읍,29.62,41.01,72.2,41590-60012,151.7,126.80731,37.16422
다사3808,am,0.318756,0.487981,-0.0262,0.4808,-0.507,mid,0.0,2,3,3,0.7008,11.712,280.0,817.0,0.1857,남양읍,-0.507,-0.507,0.46738,3,ADD_FREQ,31240150,읍,31.88,48.8,70.0,41590-55473,179.5,126.80723,37.17324
다사3809,am,0.248861,0.143521,-0.291,-0.7469,0.4149,mid,0.0,4,2,1,0.05,1.744,223.0,87.0,0.3587,남양읍,0.4149,0.456,0.42591,2,DRT,31240150,읍,24.89,14.35,55.8,41590-55693,574.6,126.80715,37.18225
다사3810,am,0.139104,0.011,-0.7067,-1.2193,0.3195,mid,0.0,4,1,0,0.05,0.0,63.0,76.0,0.4127,남양읍,0.3195,0.5126,0.27821,1,DRT,31240150,읍,13.91,1.1,15.8,41590-55693,919.3,126.80707,37.19126
다사3811,am,0.66588,0.414373,1.2887,0.2185,1.0703,need,1.6161,5,4,2,0.05,20.596,1969.0,112.0,0.1894,남양읍,1.0703,1.0703,0.74169,4,DRT,31240150,읍,66.59,41.44,492.2,41590-36009,586.1,126.80699,37.20028
다사3812,am,0.728844,0.67272,1.5273,1.1393,0.388,ok,0.0,4,4,4,0.592,61.308,2379.0,761.0,0.2404,남양읍,0.388,0.388,0.76961,4,ADD_FREQ,31240150,읍,72.88,67.27,594.8,41590-60035,244.8,126.8069,37.20929
다사3813,am,0.222039,0.148635,-0.3926,-0.7287,0.284,drt,0.0,4,2,1,0.05,1.853,209.0,25.0,0.2584,남양읍,0.284,0.3361,0.42349,2,DRT,31240150,읍,22.2,14.86,52.2,41590-36558,672.7,126.80682,37.2183
다사3814,am,0.210607,0.528601,-0.4359,0.6256,-0.8665,over,0.0,1,1,3,0.6922,16.575,128.0,5.0,0.4062,남양읍,-0.8665,-1.0615,0.38,2,ADD_FREQ,31240150,읍,21.06,52.86,32.0,41590-36556,184.7,126.80674,37.22732
다사3815,am,0.193479,0.456152,-0.5008,0.3674,-0.6707,over,0.0,2,1,3,0.5025,12.908,93.0,11.0,0.5484,남양읍,-0.6707,-0.8681,0.33244,1,ADD_FREQ,31240150,읍,19.35,45.62,23.2,41590-36551,298.5,126.80666,37.23633
다사3816,am,0.182607,0.345743,-0.5419,-0.0262,-0.3838,mid,0.0,2,1,2,0.1662,9.539,98.0,11.0,0.3469,남양읍,-0.3838,-0.5158,0.33513,1,NEW_STOP,31240150,읍,18.26,34.57,24.5,41590-36547,500.3,126.80657,37.24534
다사3817,am,0.024525,0.143951,-1.1408,-0.7454,-0.0798,mid,0.0,3,0,1,0.05,1.753,5.0,0.0,0.0,남양읍,-0.0798,-0.3954,0.0482,0,DRT,31240150,읍,2.45,14.4,1.2,41590-36541,656.0,126.80649,37.25436
다사3818,am,0.199963,0.599012,-0.4762,0.8766,-1.0677,over,0.0,1,1,3,0.7575,25.932,68.0,0.0,0.6618,남양읍,-1.0677,-1.3528,0.3103,1,ADD_FREQ,31240150,읍,20.0,59.9,17.0,41590-36536,145.5,126.80641,37.26337
다사3819,am,0.187375,0.367292,-0.5239,0.0506,-0.4347,mid,0.0,2,1,2,0.206,10.617,68.0,8.0,0.5294,송산면,-0.4347,-0.5745,0.33168,1,NEW_STOP,31240360,면,18.74,36.73,17.0,41590-36533,476.4,126.80633,37.27238
다사3820,am,0.140469,0.108217,-0.7016,-0.8728,0.1074,mid,0.0,3,1,1,0.05,1.097,48.0,5.0,0.4167,남양읍,0.1074,0.1712,0.27057,1,DRT,31240150,읍,14.05,10.82,12.0,41590-55547,702.2,126.80624,37.2814
다사3821,am,0.334626,0.40994,0.0339,0.2027,-0.1687,mid,0.0,3,3,2,0.4838,9.092,128.0,8.0,0.1016,새솔동,-0.1687,-0.1687,0.36663,1,NEW_STOP,31240670,동,33.46,40.99,32.0,41590-55547,309.7,126.80616,37.29041
다사3900,am,0.232684,0.458191,-0.3522,0.3746,-0.6331,over,0.0,2,2,3,0.618,10.64,181.0,57.0,0.5801,우정읍,-0.6331,-0.7269,0.41159,2,ADD_FREQ,31240130,읍,23.27,45.82,45.2,41590-37845,229.2,126.81914,37.10119
다사3901,am,0.235165,0.256502,-0.3428,-0.3442,0.0012,mid,0.0,3,2,2,0.264,3.533,143.0,50.0,0.4336,장안면,0.0012,0.0014,0.38302,2,NEW_STOP,31240390,면,23.52,25.65,35.8,41590-37844,441.6,126.81906,37.11021
다사3902,am,0.349568,0.543247,0.0905,0.6778,-0.5873,mid,0.0,2,3,3,0.8505,14.07,241.0,834.0,0.1618,우정읍,-0.5873,-0.5873,0.44347,2,ADD_FREQ,31240130,읍,34.96,54.32,60.2,41590-36962,89.7,126.81898,37.11922
다사3903,am,0.2399,0.413396,-0.3249,0.215,-0.4797,mid,0.0,2,2,2,0.4948,9.172,118.0,112.0,0.4407,우정읍,-0.4797,-0.5399,0.35571,1,NEW_STOP,31240130,읍,23.99,41.34,29.5,41590-37580,303.1,126.8189,37.12823
다사3904,am,0.273072,0.44105,-0.1992,0.3135,-0.4956,mid,0.0,2,2,3,0.6098,9.356,179.0,449.0,0.1844,장안면,-0.4956,-0.5128,0.41176,2,ADD_FREQ,31240390,면,27.31,44.1,44.8,41590-37420,234.1,126.81882,37.13725
다사3905,am,0.320923,0.500662,-0.018,0.526,-0.544,mid,0.0,2,3,3,0.9247,8.622,269.0,945.0,0.0,장안면,-0.544,-0.544,0.44697,3,ADD_FREQ,31240390,면,32.09,50.07,67.2,41590-55616,45.2,126.81874,37.14626
다사3906,am,0.113933,0.147804,-0.8021,-0.7317,-0.0386,mid,0.0,3,0,1,0.05,1.835,0.0,37.0,0.0,남양읍,-0.0386,-0.0704,0.0,0,DRT,31240150,읍,11.39,14.78,0.0,41590-37973,658.8,126.81866,37.15527
다사3907,am,0.403601,0.400333,0.2952,0.1684,0.1268,mid,0.0,3,3,2,0.4268,9.32,198.0,15749.0,0.1667,남양읍,0.1268,0.1268,0.41412,2,NEW_STOP,31240150,읍,40.36,40.03,49.5,41590-37973,343.9,126.81858,37.16429
다사3908,am,0.427113,0.579848,0.3843,0.8083,-0.424,ok,0.0,2,3,3,0.6668,26.093,411.0,945.0,0.18,남양읍,-0.424,-0.424,0.51777,3,ADD_FREQ,31240150,읍,42.71,57.98,102.8,41590-60107,199.9,126.8185,37.1733
다사3909,am,0.393366,0.61244,0.2564,0.9244,-0.668,ok,0.0,2,3,4,0.8975,22.594,297.0,803.0,0.1919,남양읍,-0.668,-0.668,0.47407,3,ADD_FREQ,31240150,읍,39.34,61.24,74.2,41590-55809,61.5,126.81842,37.18232
다사3910,am,0.905004,0.668533,2.1946,1.1244,1.0702,need,1.60694,5,4,4,0.7513,45.21,7182.0,1059.0,0.0987,남양읍,1.0702,1.0702,0.92857,4,ADD_FREQ,31240150,읍,90.5,66.85,1795.5,41590-60040,149.2,126.81833,37.19133
다사3911,am,0.864063,0.68614,2.0395,1.1871,0.8524,need,1.25314,5,4,4,0.5537,72.593,8841.0,760.0,0.0717,남양읍,0.8524,0.8524,0.95669,4,ADD_FREQ,31240150,읍,86.41,68.61,2210.2,41590-36157,267.8,126.81825,37.20034
다사3912,am,0.94175,0.895327,2.3338,1.9327,0.401,ok,0.0,4,4,4,0.8698,212.176,5807.0,2611.0,0.144,남양읍,0.401,0.401,0.8984,4,ADD_FREQ,31240150,읍,94.18,89.53,1451.8,41590-36021,78.1,126.81817,37.20936
다사3913,am,0.284312,0.508375,-0.1567,0.5535,-0.7046,mid,0.0,1,2,3,0.6767,14.462,359.0,431.0,0.2646,남양읍,-0.7046,-0.7102,0.50454,3,ADD_FREQ,31240150,읍,28.43,50.84,89.8,41590-36559,194.0,126.81809,37.21837
다사3914,am,0.140298,0.011,-0.7022,-1.2193,0.3242,mid,0.0,4,1,0,0.05,0.0,43.0,0.0,0.5814,남양읍,0.3242,0.5171,0.2806,1,DRT,31240150,읍,14.03,1.1,10.8,41590-36557,666.6,126.81801,37.22738
다사3915,am,0.120883,0.285833,-0.7758,-0.2397,-0.305,mid,0.0,2,0,2,0.2225,5.076,18.0,3.0,1.2778,남양읍,-0.305,-0.536,0.22777,0,NEW_STOP,31240150,읍,12.09,28.58,4.5,41590-36365,466.5,126.81793,37.2364
다사3916,am,0.100104,0.416474,-0.8545,0.2259,-0.5439,mid,0.0,2,0,2,0.4943,9.422,23.0,3.0,0.2174,남양읍,-0.5439,-1.0804,0.19618,0,NEW_STOP,31240150,읍,10.01,41.65,5.8,41590-36517,303.4,126.81785,37.24541
다사3917,am,0.213632,0.57425,-0.4244,0.7883,-0.9992,over,0.0,1,1,3,0.7448,21.781,173.0,11.0,0.4913,남양읍,-0.9992,-1.2127,0.41342,2,ADD_FREQ,31240150,읍,21.36,57.42,43.2,41590-36520,153.1,126.81777,37.25442
다사3918,am,0.178893,0.59116,-0.556,0.8486,-1.0312,over,0.0,1,1,3,0.896,19.114,98.0,11.0,0.3163,남양읍,-1.0312,-1.4046,0.34023,1,ADD_FREQ,31240150,읍,17.89,59.12,24.5,41590-36524,62.4,126.81769,37.26344
다사3919,am,0.373604,0.535873,0.1816,0.6515,-0.4699,mid,0.0,2,3,3,0.4343,27.615,203.0,132.0,0.3202,남양읍,-0.4699,-0.4699,0.42773,2,NEW_STOP,31240150,읍,37.36,53.59,50.8,41590-36527,339.4,126.8176,37.27245
다사3920,am,0.955421,0.855139,2.3855,1.7895,0.5961,ok,0.0,4,4,4,0.6852,212.89,8559.0,2566.0,0.0574,새솔동,0.5961,0.5961,0.95203,4,ADD_FREQ,31240670,동,95.54,85.51,2139.8,41590-55770,188.9,126.81752,37.28146
다사3921,am,0.945578,0.767892,2.3483,1.4785,0.8698,need,1.30981,5,4,4,0.754,97.057,12155.0,821.0,0.0722,새솔동,0.8698,0.8698,1.0,4,ADD_FREQ,31240670,동,94.56,76.79,3038.8,41590-55598,147.6,126.81744,37.29048
다사4000,am,0.280463,0.219669,-0.1713,-0.4755,0.2992,mid,0.0,4,2,1,0.05,3.901,185.0,607.0,0.0703,우정읍,0.2992,0.3043,0.41141,2,DRT,31240130,읍,28.05,21.97,46.2,41590-36427,676.0,126.8304,37.10126
다사4001,am,0.157605,0.084993,-0.6366,-0.9556,0.2156,mid,0.0,3,1,1,0.05,0.757,73.0,575.0,0.2877,장안면,0.2156,0.3189,0.3031,1,DRT,31240390,면,15.76,8.5,18.2,41590-37636,694.0,126.83032,37.11027
다사4002,am,0.327552,0.440577,0.0071,0.3119,-0.3047,mid,0.0,2,3,3,0.7352,7.364,286.0,1012.0,0.1818,장안면,-0.3047,-0.3047,0.46726,3,ADD_FREQ,31240390,면,32.76,44.06,71.5,41590-36886,158.9,126.83024,37.11928
다사4003,am,0.236376,0.19746,-0.3383,-0.5547,0.1905,mid,0.0,3,2,1,0.2008,2.214,193.0,222.0,0.3212,장안면,0.1905,0.2164,0.42021,2,NEW_STOP,31240390,면,23.64,19.75,48.2,41590-37542,479.5,126.83016,37.1283
다사4004,am,0.2761,0.228824,-0.1878,-0.4429,0.2483,mid,0.0,3,2,1,0.2238,2.927,289.0,1009.0,0.1696,장안면,0.2483,0.2551,0.4655,3,NEW_STOP,31240390,면,27.61,22.88,72.2,41590-37416,465.7,126.83008,37.13731
다사4005,am,0.264737,0.209414,-0.2308,-0.5121,0.2664,mid,0.0,4,2,1,0.3585,1.703,254.0,895.0,0.0591,장안면,0.2664,0.2813,0.44732,3,NEW_STOP,31240390,면,26.47,20.94,63.5,41590-37422,384.9,126.83,37.14633
다사4006,am,0.081135,0.011,-0.9263,-1.2193,0.1287,mid,0.0,3,0,0,0.05,0.0,13.0,0.0,0.7692,남양읍,0.1287,0.293,0.16227,0,DRT,31240150,읍,8.11,1.1,3.2,41590-37973,1222.0,126.82992,37.15534
다사4007,am,0.171764,0.152534,-0.583,-0.7148,0.0942,drt,0.0,3,1,1,0.05,1.939,83.0,22.0,0.3373,남양읍,0.0942,0.1318,0.33,1,DRT,31240150,읍,17.18,15.25,20.8,41590-60058,585.3,126.82984,37.16435
다사4008,am,0.307621,0.493228,-0.0684,0.4995,-0.5679,mid,0.0,2,2,3,0.5987,14.701,308.0,57.0,0.2922,남양읍,-0.5679,-0.5679,0.47624,3,ADD_FREQ,31240150,읍,30.76,49.32,77.0,41590-60104,240.8,126.82976,37.17337
다사4009,am,0.249912,0.256717,-0.287,-0.3435,0.0515,mid,0.0,3,2,2,0.3032,3.252,313.0,71.0,0.1725,남양읍,0.0515,0.0565,0.48075,3,NEW_STOP,31240150,읍,24.99,25.67,78.2,41590-60103,418.1,126.82968,37.18238
다사4010,am,0.789785,0.510904,1.7581,0.5625,1.1956,need,1.76998,5,4,3,0.4523,21.956,5743.0,302.0,0.1019,남양읍,1.1956,1.1956,0.89651,4,NEW_STOP,31240150,읍,78.98,51.09,1435.8,41590-36039,328.6,126.8296,37.19139
다사4011,am,0.886648,0.837311,2.125,1.7259,0.3991,ok,0.0,4,4,4,0.8987,129.567,4858.0,4671.0,0.0597,남양읍,0.3991,0.3991,0.87023,4,ADD_FREQ,31240150,읍,88.66,83.73,1214.5,41590-36510,60.8,126.82952,37.20041
다사4012,am,0.914228,0.879317,2.2295,1.8756,0.3539,ok,0.0,4,4,4,0.8438,196.105,9504.0,1465.0,0.1257,남양읍,0.3539,0.3539,0.96953,4,ADD_FREQ,31240150,읍,91.42,87.93,2376.0,41590-55436,93.7,126.82944,37.20942
다사4013,am,0.71011,0.765834,1.4563,1.4712,-0.0149,ok,0.0,3,4,4,0.625,118.826,1694.0,754.0,0.1181,남양읍,-0.0149,-0.0149,0.71762,4,ADD_FREQ,31240150,읍,71.01,76.58,423.5,41590-37776,225.0,126.82936,37.21843
다사4014,am,0.117058,0.011,-0.7902,-1.2193,0.2391,mid,0.0,3,0,0,0.05,0.0,28.0,89.0,0.7143,남양읍,0.2391,0.429,0.23412,0,DRT,31240150,읍,11.71,1.1,7.0,41590-36035,675.9,126.82928,37.22745
다사4015,am,0.02936,0.159324,-1.1224,-0.6906,-0.0979,mid,0.0,3,0,1,0.05,2.095,5.0,3.0,0.0,비봉면,-0.0979,-0.4318,0.05338,0,DRT,31240330,면,2.94,15.93,1.2,41590-36363,652.9,126.8292,37.23646
다사4016,am,0.263082,0.195242,-0.2371,-0.5626,0.3071,mid,0.0,4,2,1,0.6055,0.604,118.0,28.0,0.4831,비봉면,0.3071,0.3255,0.36543,1,ADD_FREQ,31240330,면,26.31,19.52,29.5,41590-37128,236.7,126.82912,37.24547
다사4017,am,0.023573,0.011,-1.1444,-1.2193,0.0147,mid,0.0,3,0,0,0.05,0.0,5.0,3.0,0.0,남양읍,0.0147,0.0749,0.04715,0,DRT,31240150,읍,2.36,1.1,1.2,41590-36522,1049.5,126.82904,37.25449
다사4018,am,0.164359,0.14376,-0.6111,-0.7461,0.0938,drt,0.0,3,1,1,0.05,1.749,73.0,13.0,0.5753,남양읍,0.0938,0.135,0.32737,1,DRT,31240150,읍,16.44,14.38,18.2,41590-36526,574.0,126.82896,37.2635
다사4019,am,0.835766,0.792388,1.9323,1.5658,0.3665,ok,0.0,4,4,4,0.6425,141.449,4176.0,407.0,0.0462,새솔동,0.3665,0.3665,0.84647,4,ADD_FREQ,31240670,동,83.58,79.24,1044.0,41590-55540,214.5,126.82888,37.27251
다사4100,am,0.552146,0.63594,0.8579,1.0082,-0.1503,ok,0.0,3,4,4,0.6382,42.579,714.0,1138.0,0.0686,장안면,-0.1503,-0.1503,0.59624,4,ADD_FREQ,31240390,면,55.21,63.59,178.5,41590-37454,217.1,126.84165,37.10132
다사4101,am,0.144957,0.455202,-0.6846,0.364,-0.6714,over,0.0,2,1,3,0.692,9.051,48.0,2345.0,0.1042,장안면,-0.6714,-1.0485,0.23963,1,ADD_FREQ,31240390,면,14.5,45.52,12.0,41590-37634,184.8,126.84157,37.11033
다사4102,am,0.170443,0.080431,-0.588,-0.9718,0.2731,drt,0.0,4,1,1,0.05,0.697,107.0,252.0,0.0935,장안면,0.2731,0.3838,0.33836,1,DRT,31240390,면,17.04,8.04,26.8,41590-37637,614.2,126.84149,37.11935
다사4103,am,0.45693,0.463334,0.4972,0.393,0.1043,ok,0.0,3,3,3,0.638,10.706,486.0,683.0,0.1749,장안면,0.1043,0.1043,0.54251,3,ADD_FREQ,31240390,면,45.69,46.33,121.5,41590-37442,217.2,126.84142,37.12836
다사4104,am,0.42449,0.396696,0.3743,0.1554,0.2189,mid,0.0,3,3,2,0.4702,8.335,777.0,1986.0,0.0862,장안면,0.2189,0.2189,0.6073,4,NEW_STOP,31240390,면,42.45,39.67,194.2,41590-37424,317.9,126.84134,37.13738
다사4105,am,0.311554,0.485062,-0.0535,0.4704,-0.5239,mid,0.0,2,3,3,0.791,9.689,198.0,256.0,0.2525,팔탄면,-0.5239,-0.5239,0.42615,2,ADD_FREQ,31240380,면,31.16,48.51,49.5,41590-37445,125.4,126.84126,37.14639
다사4106,am,0.182288,0.153684,-0.5431,-0.7107,0.1245,mid,0.0,3,1,1,0.1078,1.691,43.0,185.0,0.1163,남양읍,0.1245,0.1676,0.2498,1,DRT,31240150,읍,18.23,15.37,10.8,41590-55655,535.3,126.84118,37.1554
다사4107,am,0.424994,0.508229,0.3762,0.553,-0.1767,ok,0.0,3,3,3,0.4792,20.504,182.0,1324.0,0.0989,남양읍,-0.1767,-0.1767,0.41255,2,NEW_STOP,31240150,읍,42.5,50.82,45.5,41590-55872,312.5,126.8411,37.16442
다사4108,am,0.292714,0.419345,-0.1248,0.2362,-0.361,mid,0.0,2,2,2,0.3637,12.26,183.0,371.0,0.3388,남양읍,-0.361,-0.361,0.41203,2,NEW_STOP,31240150,읍,29.27,41.93,45.8,41590-55112,381.8,126.84102,37.17343
다사4109,am,0.39956,0.535673,0.2799,0.6508,-0.3709,ok,0.0,2,3,3,0.6068,20.399,306.0,587.0,0.2516,남양읍,-0.3709,-0.3709,0.47731,3,ADD_FREQ,31240150,읍,39.96,53.57,76.5,41590-60026,235.9,126.84095,37.18244
다사4110,am,0.654017,0.605829,1.2438,0.9009,0.3429,ok,0.0,4,4,4,0.7942,25.677,2343.0,533.0,0.1263,남양읍,0.3429,0.3429,0.76635,4,ADD_FREQ,31240150,읍,65.4,60.58,585.8,41590-36441,123.5,126.84087,37.19146
다사4111,am,0.641985,0.567061,1.1982,0.7627,0.4355,ok,0.0,4,4,3,0.4735,32.983,2024.0,328.0,0.1329,남양읍,0.4355,0.4355,0.74356,4,NEW_STOP,31240150,읍,64.2,56.71,506.0,41590-55681,315.9,126.84079,37.20047
다사4112,am,0.672971,0.487559,1.3156,0.4793,0.8363,need,1.16315,5,4,3,0.1998,28.338,2840.0,898.0,0.1007,남양읍,0.8363,0.8363,0.79152,4,NEW_STOP,31240150,읍,67.3,48.76,710.0,41590-55929,480.1,126.84071,37.20948
다사4113,am,0.493496,0.7254,0.6357,1.327,-0.6913,ok,0.0,2,3,4,0.8415,60.268,329.0,1784.0,0.0942,남양읍,-0.6913,-0.6913,0.48708,3,ADD_FREQ,31240150,읍,49.35,72.54,82.2,41590-55255,95.1,126.84063,37.2185
다사4114,am,0.276771,0.424535,-0.1852,0.2547,-0.4289,mid,0.0,2,2,2,0.05,22.334,33.0,63.0,0.303,남양읍,-0.4289,-0.4399,0.22146,0,DRT,31240150,읍,27.68,42.45,8.2,41590-36043,605.4,126.84055,37.22751
다사4115,am,0.060321,0.011,-1.0052,-1.2193,0.0775,mid,0.0,3,0,0,0.05,0.0,13.0,3.0,0.3846,비봉면,0.0775,0.2141,0.12064,0,DRT,31240330,면,6.03,1.1,3.2,41590-55363,1078.3,126.84048,37.23652
다사4116,am,0.198967,0.257887,-0.48,-0.3393,-0.1107,mid,0.0,3,1,2,0.8328,0.766,118.0,50.0,0.4407,비봉면,-0.1107,-0.1407,0.36616,1,ADD_FREQ,31240330,면,19.9,25.79,29.5,41590-55363,100.3,126.8404,37.24554
다사4117,am,0.134853,0.237729,-0.7228,-0.4112,-0.1904,mid,0.0,3,1,1,0.5967,1.25,43.0,17.0,0.5349,비봉면,-0.1904,-0.3117,0.24927,1,ADD_FREQ,31240330,면,13.49,23.77,10.8,41590-37610,242.0,126.84032,37.25455
다사4118,am,0.287482,0.320377,-0.1447,-0.1166,-0.0281,mid,0.0,3,2,2,0.419,4.687,113.0,17.0,0.5221,비봉면,-0.0281,-0.0281,0.3561,1,NEW_STOP,31240330,면,28.75,32.04,28.2,41590-55461,348.6,126.84024,37.26356
다사4200,am,0.431176,0.574257,0.3997,0.7883,-0.3887,ok,0.0,2,3,3,0.6623,25.16,399.0,465.0,0.213,장안면,-0.3887,-0.3887,0.51397,3,ADD_FREQ,31240390,면,43.12,57.43,99.8,41590-36871,202.6,126.8529,37.10138
다사4201,am,0.15062,0.011,-0.6631,-1.2193,0.3651,mid,0.0,4,1,0,0.05,0.0,59.0,301.0,0.4237,장안면,0.3651,0.5562,0.30124,1,DRT,31240390,면,15.06,1.1,14.8,41590-36846,807.9,126.85283,37.1104
다사4202,am,0.224138,0.011,-0.3846,-1.2193,0.7095,drt,0.0,5,2,0,0.05,0.0,253.0,619.0,0.0,팔탄면,0.7095,0.8347,0.44828,3,DRT,31240380,면,22.41,1.1,63.2,41590-37443,858.6,126.85275,37.11941
다사4203,am,0.387983,0.514762,0.236,0.5763,-0.3402,mid,0.0,2,3,3,0.8145,11.885,370.0,1431.0,0.0838,팔탄면,-0.3402,-0.3402,0.49903,3,ADD_FREQ,31240380,면,38.8,51.48,92.5,41590-36897,111.3,126.85267,37.12842
다사4204,am,0.191565,0.011,-0.508,-1.2193,0.546,drt,0.0,4,1,0,0.05,0.0,157.0,857.0,0.0828,팔탄면,0.546,0.7113,0.38313,2,DRT,31240380,면,19.16,1.1,39.2,41590-55008,935.2,126.8526,37.13744
다사4205,am,0.0,0.011,-1.2337,-1.2193,-0.0,mid,0.0,3,0,0,0.05,0.0,0.0,0.0,0.0,팔탄면,-0.0,-0.0144,0.0,0,DRT,31240380,면,0.0,1.1,0.0,41590-37356,990.0,126.85252,37.14645
다사4206,am,0.361945,0.306953,0.1374,-0.1644,0.3018,mid,0.0,4,3,2,0.7157,2.123,335.0,762.0,0.1313,팔탄면,0.3018,0.3018,0.48613,3,ADD_FREQ,31240380,면,36.19,30.7,83.8,41590-37547,170.6,126.85244,37.15546
다사4207,am,0.295189,0.464499,-0.1155,0.3971,-0.5126,mid,0.0,2,2,3,0.5142,13.534,100.0,473.0,0.25,남양읍,-0.5126,-0.5126,0.34237,1,ADD_FREQ,31240150,읍,29.52,46.45,25.0,41590-55889,291.5,126.85236,37.16448
다사4208,am,0.290168,0.179533,-0.1345,-0.6186,0.4841,mid,0.0,4,2,1,0.0587,2.558,312.0,843.0,0.1186,남양읍,0.4841,0.4841,0.47442,3,DRT,31240150,읍,29.02,17.95,78.0,41590-55653,564.8,126.85229,37.17349
다사4209,am,0.504795,0.406687,0.6785,0.1911,0.4875,mid,0.0,4,3,2,0.551,7.797,648.0,1383.0,0.2037,남양읍,0.4875,0.4875,0.58172,4,ADD_FREQ,31240150,읍,50.48,40.67,162.0,41590-36050,269.4,126.85221,37.18251
다사4210,am,0.37231,0.302074,0.1767,-0.1818,0.3585,mid,0.0,4,3,2,0.1228,7.126,436.0,746.0,0.1239,남양읍,0.3585,0.3585,0.52693,3,DRT,31240150,읍,37.23,30.21,109.0,41590-55152,526.3,126.85213,37.19152
다사4211,am,0.178217,0.434452,-0.5586,0.29,-0.6215,mid,0.0,2,1,3,0.5133,10.577,71.0,279.0,0.2113,남양읍,-0.6215,-0.8486,0.30402,1,ADD_FREQ,31240150,읍,17.82,43.45,17.8,41590-55155,292.0,126.85206,37.20053
다사4212,am,0.418781,0.464061,0.3527,0.3956,-0.0428,ok,0.0,3,3,3,0.4155,16.09,402.0,1662.0,0.4254,남양읍,-0.0428,-0.0428,0.51631,3,NEW_STOP,31240150,읍,41.88,46.41,100.5,41590-36052,350.7,126.85198,37.20955
다사4213,am,0.412451,0.379712,0.3287,0.0949,0.2338,mid,0.0,3,3,2,0.441,7.613,380.0,2522.0,0.0132,남양읍,0.2338,0.2338,0.50584,3,NEW_STOP,31240150,읍,41.25,37.97,95.0,41590-55345,335.4,126.8519,37.21856
다사4214,am,0.400944,0.504119,0.2851,0.5383,-0.2532,ok,0.0,2,3,3,0.117,37.238,163.0,552.0,0.2577,비봉면,-0.2532,-0.2532,0.40195,2,DRT,31240330,면,40.09,50.41,40.8,41590-55393,529.8,126.85183,37.22757
다사4215,am,0.180256,0.093806,-0.5508,-0.9241,0.2754,drt,0.0,4,1,1,0.05,0.879,108.0,27.0,0.5093,비봉면,0.2754,0.3733,0.35047,1,DRT,31240330,면,18.03,9.38,27.0,41590-55829,687.6,126.85175,37.23659
다사4216,am,0.223215,0.394449,-0.3881,0.1474,-0.454,mid,0.0,2,2,2,0.5407,7.154,138.0,45.0,0.5435,비봉면,-0.454,-0.5355,0.38971,2,ADD_FREQ,31240330,면,22.32,39.44,34.5,41590-55828,275.6,126.85167,37.2456
다사4217,am,0.227361,0.527936,-0.3724,0.6232,-0.8543,over,0.0,1,2,3,0.6632,17.357,123.0,51.0,0.3577,비봉면,-0.8543,-0.9956,0.3641,1,ADD_FREQ,31240330,면,22.74,52.79,30.8,41590-55871,202.1,126.85159,37.25461
다사4218,am,0.057429,0.140472,-1.0161,-0.7578,-0.0906,mid,0.0,3,0,1,0.05,1.681,0.0,15.0,0.0,비봉면,-0.0906,-0.2583,0.0,0,DRT,31240330,면,5.74,14.05,0.0,41590-55833,631.4,126.85152,37.26363
다사4300,am,0.416602,0.593429,0.3445,0.8567,-0.5122,ok,0.0,2,3,3,0.8055,22.816,278.0,970.0,0.1403,장안면,-0.5122,-0.5122,0.46112,3,ADD_FREQ,31240390,면,41.66,59.34,69.5,41590-36706,116.7,126.86416,37.10144
다사4301,am,0.204503,0.098271,-0.459,-0.9082,0.3598,drt,0.0,4,1,1,0.05,0.944,155.0,1232.0,0.0645,팔탄면,0.3598,0.4492,0.38693,2,DRT,31240380,면,20.45,9.83,38.8,41590-36845,766.6,126.86408,37.11046
다사4302,am,0.283325,0.419877,-0.1604,0.2381,-0.3945,mid,0.0,2,2,2,0.5557,8.651,128.0,396.0,0.2422,팔탄면,-0.3945,-0.3985,0.37802,2,ADD_FREQ,31240380,면,28.33,41.99,32.0,41590-36899,266.6,126.864,37.11947
다사4303,am,0.367801,0.405408,0.1596,0.1865,-0.0269,mid,0.0,3,3,2,0.5762,7.352,351.0,1155.0,0.0456,팔탄면,-0.0269,-0.0269,0.48953,3,ADD_FREQ,31240380,면,36.78,40.54,87.8,41590-55650,254.3,126.86393,37.12848
다사4304,am,0.400849,0.433011,0.2848,0.2849,-0.0001,ok,0.0,3,3,3,0.8347,5.683,403.0,924.0,0.2605,팔탄면,-0.0001,-0.0001,0.51541,3,ADD_FREQ,31240380,면,40.08,43.3,100.8,41590-55649,99.2,126.86385,37.1375
다사4305,am,0.171549,0.013728,-0.5838,-1.2096,0.4471,drt,0.0,4,1,1,0.05,0.021,103.0,196.0,0.2233,팔탄면,0.4471,0.6257,0.34208,1,DRT,31240380,면,17.15,1.37,25.8,41590-55846,740.9,126.86378,37.14651
다사4306,am,0.365006,0.11858,0.149,-0.8358,0.9848,mid,0.0,5,3,1,0.539,0.0,355.0,923.0,0.2394,팔탄면,0.9848,0.9848,0.49864,3,ADD_FREQ,31240380,면,36.5,11.86,88.8,41590-36930,276.6,126.8637,37.15553
다사4307,am,0.25811,0.011,-0.2559,-1.2193,0.8976,mid,0.0,5,2,0,0.05,0.0,187.0,600.0,0.1658,팔탄면,0.8976,0.9634,0.41669,2,DRT,31240380,면,25.81,1.1,46.8,41590-55644,573.5,126.86363,37.16454
다사4308,am,0.185732,0.190836,-0.5301,-0.5783,0.0363,drt,0.0,3,1,1,0.7463,0.225,123.0,139.0,0.4634,남양읍,0.0363,0.0482,0.36877,2,ADD_FREQ,31240150,읍,18.57,19.08,30.8,41590-37173,152.2,126.86355,37.17355
다사4309,am,0.422973,0.375146,0.3686,0.0786,0.29,mid,0.0,4,3,2,0.5788,5.603,296.0,2064.0,0.1588,팔탄면,0.29,0.29,0.47117,3,ADD_FREQ,31240380,면,42.3,37.51,74.0,41590-37164,252.7,126.86348,37.18257
다사4310,am,0.245607,0.125057,-0.3033,-0.8128,0.4596,mid,0.0,4,2,1,0.05,1.384,240.0,398.0,0.1708,팔탄면,0.4596,0.5095,0.4422,2,DRT,31240380,면,24.56,12.51,60.0,41590-60085,671.9,126.8634,37.19158
다사4311,am,0.198475,0.398166,-0.4818,0.1607,-0.5047,mid,0.0,2,1,2,0.5328,7.499,84.0,464.0,0.0595,비봉면,-0.5047,-0.6425,0.31817,1,ADD_FREQ,31240330,면,19.85,39.82,21.0,41590-37648,280.3,126.86332,37.20059
다사4312,am,0.294757,0.396051,-0.1171,0.1532,-0.2703,mid,0.0,2,2,2,0.4128,9.226,186.0,678.0,0.1667,남양읍,-0.2703,-0.2703,0.41088,2,NEW_STOP,31240150,읍,29.48,39.61,46.5,41590-37035,352.3,126.86325,37.20961
다사4313,am,0.298448,0.30853,-0.1031,-0.1588,0.0557,mid,0.0,3,2,2,0.2152,6.312,210.0,1179.0,0.0619,비봉면,0.0557,0.0557,0.42071,2,NEW_STOP,31240330,면,29.84,30.85,52.5,41590-55842,470.9,126.86317,37.21862
다사4314,am,0.438065,0.704879,0.4258,1.2539,-0.8281,ok,0.0,1,3,4,0.4987,92.079,163.0,145.0,0.2822,비봉면,-0.8281,-0.8281,0.40382,2,NEW_STOP,31240330,면,43.81,70.49,40.8,41590-55087,300.8,126.8631,37.22763
다사4315,am,0.672698,0.860892,1.3146,1.81,-0.4954,ok,0.0,2,4,4,0.8975,155.564,1253.0,521.0,0.2338,비봉면,-0.4954,-0.4954,0.67678,4,ADD_FREQ,31240330,면,67.27,86.09,313.2,41590-37161,61.5,126.86302,37.23665
다사4316,am,0.50749,0.381289,0.6887,0.1005,0.5882,mid,0.0,4,4,2,0.4127,8.141,550.0,30.0,0.1927,비봉면,0.5882,0.5882,0.55659,3,NEW_STOP,31240330,면,50.75,38.13,137.5,41590-60124,352.4,126.86295,37.24566
다사4317,am,0.341089,0.191812,0.0584,-0.5748,0.6332,mid,0.0,4,3,1,0.05,2.964,93.0,8.0,0.5269,비봉면,0.6332,0.6332,0.31565,1,DRT,31240330,면,34.11,19.18,23.2,41590-60123,651.7,126.86287,37.25467
다사4318,am,0.009916,0.09881,-1.1961,-0.9063,-0.0325,mid,0.0,3,0,1,0.05,0.952,0.0,3.0,0.0,비봉면,-0.0325,-0.2898,0.0,0,DRT,31240330,면,0.99,9.88,0.0,41590-37187,635.0,126.86279,37.26369
다사4400,am,0.210697,0.076026,-0.4355,-0.9875,0.4507,drt,0.0,4,1,1,0.05,0.641,153.0,398.0,0.2353,장안면,0.4507,0.552,0.37978,2,DRT,31240390,면,21.07,7.6,38.2,41590-37179,777.8,126.87541,37.1015
다사4401,am,0.400054,0.606771,0.2818,0.9042,-0.6224,ok,0.0,2,3,4,0.4695,45.295,174.0,515.0,0.1667,팔탄면,-0.6224,-0.6224,0.3893,2,NEW_STOP,31240380,면,40.01,60.68,43.5,41590-36898,318.3,126.87533,37.11052
다사4402,am,0.289107,0.362652,-0.1385,0.0341,-0.1726,mid,0.0,3,2,2,0.3692,7.531,252.0,236.0,0.3333,팔탄면,-0.1726,-0.1726,0.45372,3,NEW_STOP,31240380,면,28.91,36.27,63.0,41590-37437,378.5,126.87526,37.11953
다사4403,am,0.098918,0.036134,-0.859,-1.1297,0.1352,mid,0.0,3,0,1,0.05,0.211,28.0,105.0,0.1786,팔탄면,0.1352,0.2707,0.19464,0,DRT,31240380,면,9.89,3.61,7.0,41590-36735,761.2,126.87519,37.12854
다사4404,am,0.210633,0.081357,-0.4358,-0.9685,0.4349,drt,0.0,4,1,1,0.05,0.709,150.0,402.0,0.1533,팔탄면,0.4349,0.5327,0.38206,2,DRT,31240380,면,21.06,8.14,37.5,41590-55942,630.0,126.87511,37.13756
다사4405,am,0.251279,0.266287,-0.2818,-0.3094,0.0252,mid,0.0,3,2,2,0.5677,1.936,233.0,407.0,0.279,팔탄면,0.0252,0.0276,0.44523,3,ADD_FREQ,31240380,면,25.13,26.63,58.2,41590-55846,259.4,126.87504,37.14657
다사4406,am,0.283778,0.239856,-0.1587,-0.4036,0.2427,mid,0.0,3,2,1,0.2182,3.312,239.0,299.0,0.1967,팔탄면,0.2427,0.2449,0.45005,3,NEW_STOP,31240380,면,28.38,23.99,59.8,41590-37052,469.1,126.87496,37.15559
다사4407,am,0.397168,0.265722,0.2708,-0.3114,0.5822,mid,0.0,4,3,2,0.7827,1.039,281.0,1075.0,0.0641,팔탄면,0.5822,0.5822,0.46011,3,ADD_FREQ,31240380,면,39.72,26.57,70.2,41590-55642,130.4,126.87489,37.1646
다사4408,am,0.413259,0.472888,0.3318,0.427,-0.0952,ok,0.0,3,3,3,0.7083,10.19,364.0,1167.0,0.1346,팔탄면,-0.0952,-0.0952,0.50086,3,ADD_FREQ,31240380,면,41.33,47.29,91.0,41590-37182,175.0,126.87482,37.17361
다사4409,am,0.221337,0.070136,-0.3952,-1.0085,0.5171,drt,0.0,4,2,1,0.05,0.569,199.0,915.0,0.1809,팔탄면,0.5171,0.6133,0.4203,2,DRT,31240380,면,22.13,7.01,49.8,41590-60042,741.2,126.87474,37.18263
다사4410,am,0.279775,0.442899,-0.1739,0.3201,-0.485,mid,0.0,2,2,3,0.6548,8.74,134.0,420.0,0.2687,팔탄면,-0.485,-0.494,0.38098,2,ADD_FREQ,31240380,면,27.98,44.29,33.5,41590-36973,207.1,126.87467,37.19164
다사4411,am,0.396763,0.507945,0.2693,0.552,-0.2827,ok,0.0,2,3,3,0.5735,17.32,280.0,693.0,0.2679,비봉면,-0.2827,-0.2827,0.46532,3,ADD_FREQ,31240330,면,39.68,50.79,70.0,41590-37713,255.9,126.87459,37.20065
다사4412,am,0.224581,0.237171,-0.3829,-0.4131,0.0257,drt,0.0,3,2,1,0.3118,2.611,121.0,194.0,0.3388,비봉면,0.0257,0.0302,0.3641,1,NEW_STOP,31240330,면,22.46,23.72,30.2,41590-55823,412.9,126.87452,37.20967
다사4413,am,0.122974,0.395603,-0.7678,0.1516,-0.5291,mid,0.0,2,0,2,0.4923,7.92,13.0,154.0,0.3846,비봉면,-0.5291,-0.9194,0.12064,0,NEW_STOP,31240330,면,12.3,39.56,3.2,41590-37755,304.6,126.87444,37.21868
다사4414,am,0.205495,0.438498,-0.4552,0.3044,-0.6103,over,0.0,2,1,3,0.4117,13.157,133.0,114.0,0.3308,비봉면,-0.6103,-0.7597,0.38119,2,NEW_STOP,31240330,면,20.55,43.85,33.2,41590-55380,353.0,126.87437,37.22769
다사4415,am,0.701187,0.842268,1.4225,1.7436,-0.3211,ok,0.0,2,4,4,0.9342,126.761,1105.0,955.0,0.181,비봉면,-0.3211,-0.3211,0.65747,4,ADD_FREQ,31240330,면,70.12,84.23,276.2,41590-37186,39.5,126.8743,37.23671
다사4416,am,0.739709,0.6853,1.5684,1.1841,0.3843,ok,0.0,4,4,4,0.8035,47.11,2017.0,304.0,0.2593,비봉면,0.3843,0.3843,0.74643,4,ADD_FREQ,31240330,면,73.97,68.53,504.2,41590-60020,117.9,126.87422,37.24572
다사4417,am,0.398101,0.54997,0.2744,0.7018,-0.4274,ok,0.0,2,3,3,0.6063,22.881,78.0,66.0,0.5641,비봉면,-0.4274,-0.4274,0.33183,1,ADD_FREQ,31240330,면,39.81,55.0,19.5,41590-37729,236.2,126.87415,37.25473
다사4418,am,0.434461,0.563422,0.4121,0.7497,-0.3376,ok,0.0,2,3,3,0.4403,33.943,395.0,177.0,0.4025,매송면,-0.3376,-0.3376,0.51959,3,NEW_STOP,31240310,면,43.45,56.34,98.8,41590-37599,335.8,126.87407,37.26375
다사4419,am,0.139758,0.011,-0.7043,-1.2193,0.3221,mid,0.0,4,1,0,0.05,0.0,48.0,3.0,0.6458,매송면,0.3221,0.515,0.27952,1,DRT,31240310,면,13.98,1.1,12.0,41590-37187,658.7,126.874,37.27276
다사4500,am,0.195719,0.15433,-0.4923,-0.7084,0.1682,drt,0.0,3,1,1,0.7015,0.0,138.0,195.0,0.2246,팔탄면,0.1682,0.2161,0.39144,2,ADD_FREQ,31240380,면,19.57,15.43,34.5,41590-55480,179.1,126.88666,37.10156
다사4501,am,0.380779,0.441185,0.2088,0.314,-0.1053,mid,0.0,3,3,3,0.1828,20.203,188.0,149.0,0.2872,팔탄면,-0.1053,-0.1053,0.41429,2,NEW_STOP,31240380,면,38.08,44.12,47.0,41590-37206,490.3,126.88659,37.11058
다사4502,am,0.369839,0.6087,0.1673,0.9111,-0.7438,mid,0.0,1,3,4,0.6578,33.265,326.0,315.0,0.2301,팔탄면,-0.7438,-0.7438,0.4856,3,ADD_FREQ,31240380,면,36.98,60.87,81.5,41590-37216,205.3,126.88652,37.11959
다사4503,am,0.381179,0.504013,0.2103,0.538,-0.3277,mid,0.0,2,3,3,0.7165,12.991,604.0,526.0,0.1871,팔탄면,-0.3277,-0.3277,0.57063,3,ADD_FREQ,31240380,면,38.12,50.4,151.0,41590-37360,170.1,126.88644,37.1286
다사4504,am,0.276229,0.315859,-0.1873,-0.1327,-0.0532,mid,0.0,3,2,2,0.6707,2.604,203.0,1050.0,0.0493,팔탄면,-0.0532,-0.0546,0.41846,2,ADD_FREQ,31240380,면,27.62,31.59,50.8,41590-37413,197.6,126.88637,37.13762
다사4505,am,0.272477,0.150507,-0.2015,-0.722,0.5024,mid,0.0,4,2,1,0.3498,0.751,305.0,723.0,0.2131,팔탄면,0.5024,0.5205,0.4747,3,NEW_STOP,31240380,면,27.25,15.05,76.2,41590-36451,390.1,126.8863,37.14663
다사4506,am,0.292675,0.41149,-0.125,0.2082,-0.3332,mid,0.0,2,2,2,0.7665,5.359,240.0,636.0,0.2167,팔탄면,-0.3332,-0.3332,0.44397,2,ADD_FREQ,31240380,면,29.27,41.15,60.0,41590-37402,140.1,126.88623,37.15564
다사4507,am,0.422727,0.123619,0.3677,-0.8179,1.1855,need,1.48534,5,3,1,0.1745,0.914,266.0,2253.0,0.203,팔탄면,1.1855,1.1855,0.46268,3,NEW_STOP,31240380,면,42.27,12.36,66.5,41590-55911,495.3,126.88615,37.16466
다사4508,am,0.464665,0.436648,0.5265,0.2978,0.2287,ok,0.0,3,3,3,0.2975,15.902,645.0,2525.0,0.0636,팔탄면,0.2287,0.2287,0.58127,4,NEW_STOP,31240380,면,46.47,43.66,161.2,41590-55004,421.5,126.88608,37.17367
다사4509,am,0.372297,0.640492,0.1766,1.0244,-0.8478,mid,0.0,1,3,4,0.7427,36.869,188.0,1200.0,0.1809,팔탄면,-0.8478,-0.8478,0.41938,2,ADD_FREQ,31240380,면,37.23,64.05,47.0,41590-55006,154.4,126.88601,37.18269
다사4510,am,0.427631,0.567066,0.3862,0.7627,-0.3765,ok,0.0,2,3,3,0.4937,31.855,321.0,1293.0,0.1371,팔탄면,-0.3765,-0.3765,0.48287,3,NEW_STOP,31240380,면,42.76,56.71,80.2,41590-37209,303.8,126.88593,37.1917
다사4511,am,0.330659,0.580194,0.0189,0.8095,-0.7906,mid,0.0,1,3,3,0.9675,15.413,111.0,755.0,0.3243,비봉면,-0.7906,-0.7906,0.3561,1,ADD_FREQ,31240330,면,33.07,58.02,27.8,41590-37213,19.5,126.88586,37.20071
다사4512,am,0.139974,0.011,-0.7034,-1.2193,0.3229,mid,0.0,4,1,0,0.05,0.0,63.0,8.0,0.4127,비봉면,0.3229,0.5159,0.27995,1,DRT,31240330,면,14.0,1.1,15.8,41590-36712,956.6,126.88579,37.20973
다사4513,am,0.108769,0.011,-0.8216,-1.2193,0.2113,mid,0.0,3,0,0,0.05,0.0,36.0,0.0,0.0,비봉면,0.2113,0.3976,0.21754,0,DRT,31240330,면,10.88,1.1,9.0,41590-37755,1009.1,126.88571,37.21874
다사4514,am,0.0,0.222949,-1.2337,-0.4638,-0.0,mid,0.0,3,0,1,0.05,4.025,0.0,0.0,0.0,비봉면,-0.0,-0.7698,0.0,0,DRT,31240330,면,0.0,22.29,0.0,41590-37188,664.5,126.88564,37.22775
다사4515,am,0.152558,0.470281,-0.6558,0.4177,-0.7106,over,0.0,1,1,3,0.2057,24.47,13.0,14.0,1.1538,비봉면,-0.7106,-1.0735,0.14321,0,NEW_STOP,31240330,면,15.26,47.03,3.2,41590-37207,476.6,126.88557,37.23677
다사4516,am,0.276015,0.41842,-0.1881,0.2329,-0.4097,mid,0.0,2,2,2,0.3822,11.765,93.0,160.0,0.5806,비봉면,-0.4097,-0.421,0.34804,1,NEW_STOP,31240330,면,27.6,41.84,23.2,41590-37612,370.7,126.8855,37.24578
다사4517,am,0.067736,0.110882,-0.9771,-0.8633,-0.0444,mid,0.0,3,0,1,0.05,1.14,8.0,3.0,0.625,비봉면,-0.0444,-0.1138,0.09005,0,DRT,31240330,면,6.77,11.09,2.0,41590-37218,641.1,126.88542,37.25479
다사4518,am,0.551841,0.656452,0.8568,1.0813,-0.2245,ok,0.0,3,4,4,0.6235,51.216,846.0,172.0,0.2801,매송면,-0.2245,-0.2245,0.62199,4,ADD_FREQ,31240310,면,55.18,65.65,211.5,41590-37614,225.9,126.88535,37.26381
다사4519,am,0.372494,0.524705,0.1774,0.6117,-0.4343,mid,0.0,2,3,3,0.5547,20.482,123.0,256.0,0.3171,매송면,-0.4343,-0.4343,0.37657,2,ADD_FREQ,31240310,면,37.25,52.47,30.8,41590-37215,267.2,126.88528,37.27282
다사4520,am,0.29008,0.469272,-0.1348,0.4141,-0.549,mid,0.0,2,2,3,0.776,8.719,190.0,703.0,0.3947,매송면,-0.549,-0.549,0.41159,2,ADD_FREQ,31240310,면,29.01,46.93,47.5,41590-37210,134.4,126.8852,37.28183
다사4600,am,0.880992,0.774724,2.1036,1.5029,0.6007,ok,0.0,4,4,4,0.5748,138.467,8452.0,738.0,0.0745,향남읍,0.6007,0.6007,0.95129,4,ADD_FREQ,31240140,읍,88.1,77.47,2113.0,41590-55483,255.1,126.89792,37.10162
다사4601,am,0.675867,0.615689,1.3266,0.936,0.3906,ok,0.0,4,4,4,0.5798,40.185,2852.0,384.0,0.0624,향남읍,0.3906,0.3906,0.79252,4,ADD_FREQ,31240140,읍,67.59,61.57,713.0,41590-36762,252.1,126.89784,37.11063
다사4602,am,0.462835,0.535523,0.5196,0.6503,-0.1307,ok,0.0,3,3,3,0.2963,34.964,1428.0,57.0,0.0357,향남읍,-0.1307,-0.1307,0.68795,4,NEW_STOP,31240140,읍,46.28,53.55,357.0,41590-37225,422.2,126.89777,37.11965
다사4603,am,0.806193,0.671374,1.8203,1.1345,0.6858,ok,0.0,4,4,4,0.5385,66.457,5910.0,721.0,0.1291,향남읍,0.6858,0.6858,0.9015,4,ADD_FREQ,31240140,읍,80.62,67.14,1477.5,41590-36908,276.9,126.8977,37.12866
다사4604,am,0.361192,0.574581,0.1346,0.7895,-0.6549,mid,0.0,2,3,3,0.6782,24.538,216.0,714.0,0.5509,향남읍,-0.6549,-0.6549,0.43231,2,ADD_FREQ,31240140,읍,36.12,57.46,54.0,41590-55114,193.1,126.89763,37.13767
다사4605,am,0.343964,0.655807,0.0693,1.079,-1.0097,mid,0.0,1,3,4,0.6912,45.39,153.0,436.0,0.1895,팔탄면,-1.0097,-1.0097,0.38827,2,ADD_FREQ,31240380,면,34.4,65.58,38.2,41590-37234,185.3,126.89756,37.14669
다사4606,am,0.365429,0.697215,0.1506,1.2266,-1.076,mid,0.0,1,3,4,0.773,54.443,135.0,581.0,0.1333,팔탄면,-1.076,-1.076,0.36349,1,ADD_FREQ,31240380,면,36.54,69.72,33.8,41590-36803,136.2,126.89749,37.1557
다사4607,am,0.584036,0.568208,0.9787,0.7668,0.2119,ok,0.0,3,4,3,0.528,30.289,739.0,2845.0,0.161,팔탄면,0.2119,0.2119,0.60179,4,ADD_FREQ,31240380,면,58.4,56.82,184.8,41590-55387,283.2,126.89742,37.16472
다사4608,am,0.445708,0.416533,0.4547,0.2262,0.2286,mid,0.0,3,3,2,0.2502,14.698,318.0,1387.0,0.1069,팔탄면,0.2286,0.2286,0.48135,3,NEW_STOP,31240380,면,44.57,41.65,79.5,41590-55876,449.9,126.89734,37.17373
다사4609,am,0.186477,0.011,-0.5273,-1.2193,0.522,drt,0.0,4,1,0,0.05,0.0,133.0,103.0,0.2331,팔탄면,0.522,0.692,0.37295,2,DRT,31240380,면,18.65,1.1,33.2,41590-37766,852.4,126.89727,37.18274
다사4610,am,0.20694,0.188073,-0.4498,-0.5881,0.1117,drt,0.0,3,1,1,0.3445,1.352,134.0,593.0,0.2687,팔탄면,0.1117,0.1384,0.37227,2,NEW_STOP,31240380,면,20.69,18.81,33.5,41590-37249,393.3,126.8972,37.19176
다사4611,am,0.332006,0.469403,0.024,0.4146,-0.3906,mid,0.0,2,3,3,0.77,8.827,193.0,289.0,0.5078,비봉면,-0.3906,-0.3906,0.42054,2,ADD_FREQ,31240330,면,33.2,46.94,48.2,41590-37233,138.0,126.89713,37.20077
다사4612,am,0.14868,0.034936,-0.6705,-1.134,0.3018,mid,0.0,4,1,1,0.05,0.2,58.0,30.0,0.5862,비봉면,0.3018,0.4635,0.28588,1,DRT,31240330,면,14.87,3.49,14.5,41590-37226,753.7,126.89706,37.20978
다사4613,am,0.044628,0.011,-1.0646,-1.2193,0.0461,mid,0.0,3,0,0,0.05,0.0,8.0,0.0,0.625,비봉면,0.0461,0.1547,0.08926,0,DRT,31240330,면,4.46,1.1,2.0,41590-37226,1665.6,126.89699,37.2188
다사4614,am,0.123154,0.011,-0.7671,-1.2193,0.2604,mid,0.0,4,0,0,0.05,0.0,28.0,3.0,0.8214,비봉면,0.2604,0.4521,0.24631,1,DRT,31240330,면,12.32,1.1,7.0,41590-37246,852.0,126.89691,37.22781
다사4615,am,0.226253,0.220631,-0.3766,-0.4721,0.0817,drt,0.0,3,2,1,0.4233,1.641,218.0,120.0,0.4587,비봉면,0.0817,0.0955,0.43851,2,NEW_STOP,31240330,면,22.63,22.06,54.5,41590-37246,346.0,126.89684,37.23682
다사4616,am,0.377013,0.656446,0.1945,1.0813,-0.8868,mid,0.0,1,3,4,0.5388,59.173,196.0,127.0,0.4235,비봉면,-0.8868,-0.8868,0.41829,2,ADD_FREQ,31240330,면,37.7,65.64,49.0,41590-37237,276.7,126.89677,37.24584
다사4617,am,0.216943,0.620182,-0.4119,0.952,-1.1351,over,0.0,1,2,4,0.9125,23.406,113.0,67.0,0.4425,매송면,-1.1351,-1.3639,0.36806,2,ADD_FREQ,31240310,면,21.69,62.02,28.2,41590-37180,52.5,126.8967,37.25485
다사4618,am,0.118666,0.011,-0.7841,-1.2193,0.2447,mid,0.0,3,0,0,0.05,0.0,28.0,72.0,0.5357,매송면,0.2447,0.4351,0.23733,1,DRT,31240310,면,11.87,1.1,7.0,41590-37178,819.1,126.89663,37.26387
다사4619,am,0.163134,0.011,-0.6157,-1.2193,0.4174,drt,0.0,4,1,0,0.05,0.0,68.0,54.0,0.4559,매송면,0.4174,0.6036,0.32627,1,DRT,31240310,면,16.31,1.1,17.0,41590-37215,893.0,126.89655,37.27288
다사4620,am,0.088701,0.13915,-0.8977,-0.7625,-0.0629,mid,0.0,3,0,1,0.6325,0.0,23.0,50.0,0.6522,매송면,-0.0629,-0.1351,0.1774,0,ADD_FREQ,31240310,면,8.87,13.92,5.8,41590-55421,220.5,126.89648,37.28189
다사4700,am,0.658436,0.613047,1.2605,0.9266,0.334,ok,0.0,4,4,4,0.7945,27.169,3003.0,192.0,0.0982,향남읍,0.334,0.334,0.79995,4,ADD_FREQ,31240140,읍,65.84,61.3,750.8,41590-60091,123.3,126.90917,37.10168
다사4701,am,0.882767,0.833921,2.1103,1.7138,0.3965,ok,0.0,4,4,4,0.7415,164.578,6976.0,1413.0,0.0626,향남읍,0.3965,0.3965,0.92163,4,ADD_FREQ,31240140,읍,88.28,83.39,1744.0,41590-55323,155.1,126.9091,37.11069
다사4702,am,0.890686,0.703801,2.1403,1.2501,0.8903,need,1.32227,5,4,4,0.5973,77.249,7845.0,1928.0,0.0857,향남읍,0.8903,0.8903,0.94013,4,ADD_FREQ,31240140,읍,89.07,70.38,1961.2,41590-55288,241.6,126.90903,37.1197
다사4703,am,0.92099,0.913312,2.2551,1.9968,0.2583,ok,0.0,4,4,4,0.849,252.159,6447.0,3058.0,0.1053,향남읍,0.2583,0.2583,0.91377,4,ADD_FREQ,31240140,읍,92.1,91.33,1611.8,41590-37265,90.6,126.90896,37.12872
다사4704,am,0.870123,0.858446,2.0624,1.8013,0.2612,ok,0.0,4,4,4,0.7952,181.421,4724.0,839.0,0.1397,향남읍,0.2612,0.2612,0.86927,4,ADD_FREQ,31240140,읍,87.01,85.84,1181.0,41590-36626,122.9,126.90889,37.13773
다사4705,am,0.128022,0.011,-0.7487,-1.2193,0.278,mid,0.0,4,1,0,0.05,0.0,53.0,27.0,0.0943,향남읍,0.278,0.4706,0.25604,1,DRT,31240140,읍,12.8,1.1,13.2,41590-37240,865.4,126.90882,37.14674
다사4706,am,0.288882,0.300286,-0.1394,-0.1882,0.0488,mid,0.0,3,2,2,0.0758,7.673,93.0,313.0,0.3011,팔탄면,0.0488,0.0488,0.33498,1,DRT,31240380,면,28.89,30.03,23.2,41590-37257,554.5,126.90875,37.15576
다사4707,am,0.613076,0.44512,1.0887,0.328,0.7607,need,1.11593,5,4,3,0.252,18.457,1369.0,485.0,0.1936,팔탄면,0.7607,0.7607,0.69129,4,NEW_STOP,31240380,면,61.31,44.51,342.2,41590-55713,448.8,126.90868,37.16477
다사4708,am,0.330194,0.473022,0.0171,0.4275,-0.4104,mid,0.0,2,3,3,0.6728,10.888,326.0,453.0,0.2515,팔탄면,-0.4104,-0.4104,0.48384,3,ADD_FREQ,31240380,면,33.02,47.3,81.5,41590-55878,196.3,126.90861,37.17379
다사4709,am,0.335443,0.451326,0.037,0.3502,-0.3131,mid,0.0,2,3,3,0.7063,8.527,338.0,52.0,0.2811,팔탄면,-0.3131,-0.3131,0.49285,3,ADD_FREQ,31240380,면,33.54,45.13,84.5,41590-55702,176.2,126.90854,37.1828
다사4710,am,0.344616,0.465457,0.0718,0.4005,-0.3288,mid,0.0,2,3,3,0.8463,7.391,261.0,101.0,0.2989,팔탄면,-0.3288,-0.3288,0.4596,3,ADD_FREQ,31240380,면,34.46,46.55,65.2,41590-55765,92.2,126.90847,37.19181
다사4711,am,0.131006,0.237821,-0.7374,-0.4108,-0.1958,mid,0.0,3,1,1,0.398,2.141,33.0,12.0,0.697,봉담읍,-0.1958,-0.3266,0.22869,0,NEW_STOP,31240120,읍,13.1,23.78,8.2,41590-36055,361.2,126.9084,37.20083
다사4712,am,0.025147,0.011,-1.1384,-1.2193,0.0166,mid,0.0,3,0,0,0.05,0.0,5.0,0.0,1.0,봉담읍,0.0166,0.0809,0.05029,0,DRT,31240120,읍,2.51,1.1,1.2,41590-36055,1316.8,126.90833,37.20984
다사4713,am,0.0,0.011,-1.2337,-1.2193,-0.0,mid,0.0,3,0,0,0.05,0.0,0.0,0.0,0.0,봉담읍,-0.0,-0.0144,0.0,0,DRT,31240120,읍,0.0,1.1,0.0,41590-36596,1541.0,126.90826,37.21885
다사4714,am,0.0,0.251569,-1.2337,-0.3618,-0.0,mid,0.0,3,0,1,0.05,5.249,0.0,0.0,0.0,비봉면,-0.0,-0.8718,0.0,0,DRT,31240330,면,0.0,25.16,0.0,41590-37246,620.1,126.90819,37.22787
다사4715,am,0.082413,0.297798,-0.9215,-0.1971,-0.3214,mid,0.0,2,0,2,0.06,7.739,28.0,8.0,0.3571,비봉면,-0.3214,-0.7244,0.1613,0,DRT,31240330,면,8.24,29.78,7.0,41590-37246,564.0,126.90812,37.23688
다사4716,am,0.483347,0.568552,0.5973,0.768,-0.1707,ok,0.0,3,3,3,0.4123,37.081,113.0,90.0,0.4336,매송면,-0.1707,-0.1707,0.36794,2,NEW_STOP,31240310,면,48.33,56.86,28.2,41590-37565,352.6,126.90804,37.2459
다사4717,am,0.468021,0.61743,0.5392,0.9422,-0.403,ok,0.0,2,3,4,0.5033,46.443,283.0,169.0,0.4064,매송면,-0.403,-0.403,0.47378,3,ADD_FREQ,31240310,면,46.8,61.74,70.8,41590-37263,298.0,126.90797,37.25491
다사4718,am,0.265117,0.5715,-0.2294,0.7785,-0.9556,mid,0.0,1,2,3,0.4718,34.25,104.0,72.0,0.5096,매송면,-0.9556,-1.0079,0.3506,1,NEW_STOP,31240310,면,26.51,57.15,26.0,41590-60112,316.9,126.9079,37.26392
다사4719,am,0.122678,0.422576,-0.769,0.2477,-0.5841,mid,0.0,2,0,2,0.8522,4.994,0.0,90.0,0.0,매송면,-0.5841,-1.0166,0.0,0,ADD_FREQ,31240310,면,12.27,42.26,0.0,41590-60038,88.7,126.90783,37.27294
다사4720,am,0.199051,0.562072,-0.4796,0.7449,-0.9637,over,0.0,1,1,3,0.9187,14.516,93.0,46.0,0.5054,매송면,-0.9637,-1.2245,0.33274,1,ADD_FREQ,31240310,면,19.91,56.21,23.2,41590-55421,48.8,126.90776,37.28195
다사4800,am,0.201071,0.331674,-0.472,-0.0763,-0.3134,mid,0.0,2,1,2,0.1512,8.709,113.0,130.0,0.3894,향남읍,-0.3134,-0.3957,0.35351,1,NEW_STOP,31240140,읍,20.11,33.17,28.2,41590-60048,509.3,126.92042,37.10173
다사4801,am,0.75651,0.710595,1.6321,1.2743,0.3578,ok,0.0,4,4,4,0.8968,48.887,6782.0,427.0,0.0653,향남읍,0.3578,0.3578,0.91779,4,ADD_FREQ,31240140,읍,75.65,71.06,1695.5,41590-55332,61.9,126.92035,37.11075
다사4802,am,0.792762,0.804786,1.7694,1.61,0.1594,ok,0.0,3,4,4,0.7558,128.476,4646.0,729.0,0.1408,향남읍,0.1594,0.1594,0.86576,4,ADD_FREQ,31240140,읍,79.28,80.48,1161.5,41590-37281,146.5,126.92028,37.11976
다사4803,am,1.0,0.96106,2.5544,2.167,0.3874,ok,0.0,4,4,4,0.823,557.945,17194.0,4345.0,0.0803,향남읍,0.3874,0.3874,1.0,4,ADD_FREQ,31240140,읍,100.0,96.11,4298.5,41590-55084,106.2,126.92022,37.12877
다사4804,am,0.715551,0.829808,1.4769,1.6992,-0.2223,ok,0.0,3,4,4,0.6785,177.338,1412.0,1673.0,0.2486,향남읍,-0.2223,-0.2223,0.69348,4,ADD_FREQ,31240140,읍,71.56,82.98,353.0,41590-55368,192.9,126.92015,37.13779
다사4805,am,0.488696,0.778585,0.6176,1.5166,-0.8991,ok,0.0,1,3,4,0.7257,110.55,548.0,219.0,0.323,팔탄면,-0.8991,-0.8991,0.55854,3,ADD_FREQ,31240380,면,48.87,77.86,137.0,41590-36764,164.6,126.92008,37.1468
다사4806,am,0.431574,0.491837,0.4012,0.4946,-0.0934,ok,0.0,3,3,3,0.242,27.242,543.0,1787.0,0.1087,봉담읍,-0.0934,-0.0934,0.55399,3,NEW_STOP,31240120,읍,43.16,49.18,135.8,41590-36620,454.8,126.92001,37.15581
다사4807,am,0.251494,0.400468,-0.281,0.1689,-0.4122,mid,0.0,2,2,2,0.8335,4.226,140.0,442.0,0.2071,봉담읍,-0.4122,-0.4499,0.37455,2,ADD_FREQ,31240120,읍,25.15,40.05,35.0,41590-55729,99.9,126.91994,37.16483
다사4808,am,0.024165,0.011,-1.1421,-1.2193,0.0154,mid,0.0,3,0,0,0.05,0.0,5.0,5.0,0.0,봉담읍,0.0154,0.0772,0.04715,0,DRT,31240120,읍,2.42,1.1,1.2,41590-55788,606.3,126.91987,37.17384
다사4809,am,0.145089,0.011,-0.6841,-1.2193,0.3429,mid,0.0,4,1,0,0.05,0.0,56.0,57.0,0.4643,팔탄면,0.3429,0.5352,0.29018,1,DRT,31240380,면,14.51,1.1,14.0,41590-55881,1097.3,126.9198,37.18286
다사4810,am,0.124195,0.049325,-0.7632,-1.0827,0.185,mid,0.0,3,0,1,0.05,0.339,38.0,41.0,0.4737,봉담읍,0.185,0.3195,0.23471,1,DRT,31240120,읍,12.42,4.93,9.5,41590-55851,750.6,126.91973,37.19187
다사4811,am,0.297544,0.508117,-0.1065,0.5526,-0.6591,mid,0.0,2,2,3,0.7338,13.022,148.0,192.0,0.2973,봉담읍,-0.6591,-0.6591,0.38216,2,ADD_FREQ,31240120,읍,29.75,50.81,37.0,41590-36060,159.7,126.91967,37.20088
다사4812,am,0.161782,0.011,-0.6208,-1.2193,0.4116,mid,0.0,4,1,0,0.05,0.0,73.0,5.0,0.5753,봉담읍,0.4116,0.5985,0.32356,1,DRT,31240120,읍,16.18,1.1,18.2,41590-36067,1054.9,126.9196,37.2099
다사4813,am,0.58144,0.210718,0.9689,-0.5074,1.4763,need,1.85375,6,4,1,0.05,3.578,1828.0,31.0,0.0569,봉담읍,1.4763,1.4763,0.7274,4,DRT,31240120,읍,58.14,21.07,457.0,41590-36596,688.7,126.91953,37.21891
다사4814,am,0.689361,0.306877,1.3777,-0.1647,1.5424,need,1.9889,6,4,2,0.05,8.523,2827.0,149.0,0.0481,봉담읍,1.5424,1.5424,0.78954,4,DRT,31240120,읍,68.94,30.69,706.8,41590-36596,656.8,126.91946,37.22792
다사4815,am,0.209247,0.374095,-0.441,0.0749,-0.4194,mid,0.0,2,1,2,0.2592,10.192,113.0,5.0,0.4867,봉담읍,-0.4194,-0.5159,0.36447,1,NEW_STOP,31240120,읍,20.92,37.41,28.2,41590-55779,444.5,126.91939,37.23694
다사4816,am,0.439949,0.57793,0.4329,0.8014,-0.3685,ok,0.0,2,3,3,0.2813,49.941,173.0,169.0,0.3295,매송면,-0.3685,-0.3685,0.40776,2,NEW_STOP,31240310,면,43.99,57.79,43.2,41590-37290,431.2,126.91932,37.24595
다사4817,am,0.393818,0.605735,0.2581,0.9005,-0.6424,ok,0.0,2,3,4,0.2772,62.399,175.0,119.0,0.3257,매송면,-0.6424,-0.6424,0.41044,2,NEW_STOP,31240310,면,39.38,60.57,43.8,41590-60114,433.7,126.91925,37.25496
다사4818,am,0.097229,0.362898,-0.8654,0.035,-0.4447,mid,0.0,2,0,2,0.074,13.016,18.0,17.0,0.7222,매송면,-0.4447,-0.9003,0.17387,0,DRT,31240310,면,9.72,36.29,4.5,41590-60083,555.6,126.91918,37.26398
다사4819,am,0.104683,0.011,-0.8371,-1.2193,0.1981,mid,0.0,3,0,0,0.05,0.0,18.0,9.0,0.8333,매송면,0.1981,0.3822,0.20937,0,DRT,31240310,면,10.47,1.1,4.5,41590-60038,829.6,126.91911,37.27299
다사4820,am,0.0,0.011,-1.2337,-1.2193,-0.0,mid,0.0,3,0,0,0.05,0.0,0.0,0.0,0.0,매송면,-0.0,-0.0144,0.0,0,DRT,31240310,면,0.0,1.1,0.0,41590-55453,900.4,126.91904,37.28201
다사4900,am,0.253641,0.202978,-0.2729,-0.535,0.2415,mid,0.0,3,2,1,0.1347,2.745,231.0,425.0,0.2251,양감면,0.2415,0.2622,0.4377,2,DRT,31240420,면,25.36,20.3,57.8,41590-36087,519.2,126.93168,37.10179
다사4901,am,0.368688,0.605379,0.163,0.8993,-0.7363,mid,0.0,1,3,4,0.8812,21.979,421.0,418.0,0.285,향남읍,-0.7363,-0.7363,0.51777,3,ADD_FREQ,31240140,읍,36.87,60.54,105.2,41590-37307,71.3,126.93161,37.1108
다사4902,am,0.237978,0.038817,-0.3322,-1.1201,0.6964,mid,0.0,4,2,1,0.05,0.236,301.0,385.0,0.103,향남읍,0.6964,0.788,0.46947,3,DRT,31240140,읍,23.8,3.88,75.2,41590-37980,747.8,126.93154,37.11981
다사4903,am,0.79845,0.771604,1.7909,1.4917,0.2992,ok,0.0,4,4,4,0.7022,109.022,8265.0,1262.0,0.0651,향남읍,0.2992,0.2992,0.94706,4,ADD_FREQ,31240140,읍,79.85,77.16,2066.2,41590-37023,178.7,126.93147,37.12883
다사4904,am,0.301176,0.132508,-0.0928,-0.7862,0.6934,mid,0.0,4,2,1,0.498,0.191,686.0,29.0,0.1924,향남읍,0.6934,0.6934,0.59024,4,NEW_STOP,31240140,읍,30.12,13.25,171.5,41590-55045,301.2,126.93141,37.13784
다사4905,am,0.263637,0.193075,-0.235,-0.5703,0.3168,mid,0.0,4,2,1,0.319,1.55,216.0,561.0,0.2546,봉담읍,0.3168,0.3353,0.43069,2,NEW_STOP,31240120,읍,26.36,19.31,54.0,41590-37009,408.6,126.93134,37.14686
다사4906,am,0.546973,0.653696,0.8383,1.0715,-0.2332,ok,0.0,3,4,4,0.5068,61.172,740.0,1516.0,0.1284,팔탄면,-0.2332,-0.2332,0.60003,4,ADD_FREQ,31240380,면,54.7,65.37,185.0,41590-37302,295.9,126.93127,37.15587
다사4907,am,0.63732,0.847353,1.1805,1.7617,-0.5812,ok,0.0,2,4,4,0.8682,147.338,1082.0,540.0,0.2052,봉담읍,-0.5812,-0.5812,0.65615,4,ADD_FREQ,31240120,읍,63.73,84.74,270.5,41590-36073,79.1,126.9312,37.16488
다사4908,am,0.635516,0.65888,1.1737,1.0899,0.0838,ok,0.0,3,4,4,0.6397,50.769,1524.0,845.0,0.2966,봉담읍,0.0838,0.0838,0.70541,4,ADD_FREQ,31240120,읍,63.55,65.89,381.0,41590-55707,216.2,126.93114,37.1739
다사4909,am,0.532629,0.452298,0.784,0.3536,0.4303,ok,0.0,4,4,3,0.05,27.829,596.0,1302.0,0.2819,봉담읍,0.4303,0.4303,0.57066,3,DRT,31240120,읍,53.26,45.23,149.0,41590-36083,664.3,126.93107,37.18291
다사4910,am,0.418384,0.345682,0.3512,-0.0264,0.3776,mid,0.0,4,3,2,0.05,11.798,661.0,900.0,0.2254,봉담읍,0.3776,0.3776,0.58387,4,DRT,31240120,읍,41.84,34.57,165.2,41590-36090,701.1,126.931,37.19192
다사4911,am,0.299582,0.511758,-0.0988,0.5656,-0.6644,mid,0.0,2,2,3,0.613,16.652,133.0,363.0,0.3158,봉담읍,-0.6644,-0.6644,0.38152,2,ADD_FREQ,31240120,읍,29.96,51.18,33.2,41590-36072,232.2,126.93093,37.20094
다사4912,am,0.070243,0.05185,-0.9676,-1.0737,0.0424,mid,0.0,3,0,1,0.05,0.365,8.0,3.0,1.25,봉담읍,0.0424,0.1061,0.1393,0,DRT,31240120,읍,7.02,5.18,2.0,41590-36069,754.4,126.93087,37.20995
다사4913,am,0.313056,0.25412,-0.0478,-0.3527,0.3049,mid,0.0,4,3,2,0.3292,2.991,58.0,5.0,0.2759,봉담읍,0.3049,0.3049,0.26276,1,NEW_STOP,31240120,읍,31.31,25.41,14.5,41590-36080,402.5,126.9308,37.21896
다사4914,am,0.759465,0.639865,1.6432,1.0222,0.6211,ok,0.0,4,4,4,0.764,35.365,3560.0,133.0,0.0413,봉담읍,0.6211,0.6211,0.82348,4,ADD_FREQ,31240120,읍,75.95,63.99,890.0,41590-36070,141.6,126.93073,37.22798
다사4915,am,0.20481,0.353682,-0.4578,0.0021,-0.3687,mid,0.0,2,1,2,0.1352,10.793,123.0,18.0,0.4065,봉담읍,-0.3687,-0.46,0.36854,2,DRT,31240120,읍,20.48,35.37,30.8,41590-55324,518.9,126.93066,37.23699
다사4916,am,0.638217,0.791699,1.184,1.5634,-0.3794,ok,0.0,2,4,4,0.9492,83.761,872.0,258.0,0.3028,매송면,-0.3794,-0.3794,0.62751,4,ADD_FREQ,31240310,면,63.82,79.17,218.0,41590-37304,30.5,126.93059,37.24601
다사4917,am,0.470311,0.224042,0.5479,-0.4599,1.0078,need,1.47587,5,3,1,0.05,4.067,918.0,123.0,0.2244,매송면,1.0078,1.0078,0.63212,4,DRT,31240310,면,47.03,22.4,229.5,41590-37298,739.8,126.93053,37.25502
다사5000,am,0.238384,0.454338,-0.3306,0.3609,-0.6119,over,0.0,2,2,3,0.6183,10.297,73.0,460.0,0.4247,양감면,-0.6119,-0.6915,0.30889,1,ADD_FREQ,31240420,면,23.84,45.43,18.2,41590-36115,229.0,126.94293,37.10184
다사5001,am,0.223528,0.2404,-0.3869,-0.4016,0.0125,drt,0.0,3,2,1,0.124,4.07,130.0,424.0,0.2,향남읍,0.0125,0.0147,0.35763,1,DRT,31240140,읍,22.35,24.04,32.5,41590-37546,525.6,126.94286,37.11085
다사5002,am,0.350225,0.55728,0.093,0.7278,-0.6348,mid,0.0,2,3,3,0.7813,17.831,219.0,778.0,0.3333,향남읍,-0.6348,-0.6348,0.43924,2,ADD_FREQ,31240140,읍,35.02,55.73,54.8,41590-36800,131.2,126.9428,37.11987
다사5003,am,0.377556,0.476034,0.1965,0.4382,-0.2417,mid,0.0,3,3,3,0.266,23.052,296.0,631.0,0.3074,향남읍,-0.2417,-0.2417,0.4735,3,NEW_STOP,31240140,읍,37.76,47.6,74.0,41590-37617,440.4,126.94273,37.12888
다사5004,am,0.324133,0.519575,-0.0058,0.5934,-0.5993,mid,0.0,2,3,3,0.6992,15.216,198.0,370.0,0.0758,향남읍,-0.5993,-0.5993,0.42398,2,ADD_FREQ,31240140,읍,32.41,51.96,49.5,41590-36633,180.5,126.94266,37.13789
다사5005,am,0.291286,0.135557,-0.1303,-0.7753,0.6451,mid,0.0,4,2,1,0.172,1.105,282.0,389.0,0.2766,봉담읍,0.6451,0.6451,0.46162,3,NEW_STOP,31240120,읍,29.13,13.56,70.5,41590-55923,496.8,126.9426,37.14691
다사5006,am,0.147319,0.025055,-0.6756,-1.1692,0.3194,mid,0.0,4,1,1,0.05,0.113,60.0,3.0,0.0833,봉담읍,0.3194,0.4936,0.26541,1,DRT,31240120,읍,14.73,2.51,15.0,41590-55923,725.8,126.94253,37.15592
다사5007,am,0.267876,0.207907,-0.2189,-0.5175,0.2849,mid,0.0,4,2,1,0.05,3.481,314.0,52.0,0.1146,봉담읍,0.2849,0.2985,0.47578,3,DRT,31240120,읍,26.79,20.79,78.5,41590-36078,743.2,126.94247,37.16494
다사5008,am,0.458848,0.596581,0.5045,0.8679,-0.3634,ok,0.0,2,3,3,0.4938,40.126,192.0,833.0,0.1875,봉담읍,-0.3634,-0.3634,0.41635,2,NEW_STOP,31240120,읍,45.88,59.66,48.0,41590-37639,303.7,126.9424,37.17395
다사5009,am,0.552111,0.585233,0.8578,0.8274,0.0303,ok,0.0,3,4,3,0.2895,52.123,505.0,1110.0,0.2535,봉담읍,0.0303,0.0303,0.54746,3,NEW_STOP,31240120,읍,55.21,58.52,126.2,41590-36091,426.3,126.94233,37.18296
다사5010,am,0.64181,0.724852,1.1976,1.3251,-0.1275,ok,0.0,3,4,4,0.5335,101.229,981.0,1398.0,0.2365,봉담읍,-0.1275,-0.1275,0.64165,4,ADD_FREQ,31240120,읍,64.18,72.49,245.2,41590-36097,279.9,126.94227,37.19198
다사5011,am,0.544476,0.791655,0.8289,1.5632,-0.7343,ok,0.0,1,4,4,0.7307,121.199,325.0,1247.0,0.2769,봉담읍,-0.7343,-0.7343,0.48854,3,ADD_FREQ,31240120,읍,54.45,79.17,81.2,41590-36729,161.6,126.9422,37.20099
다사5012,am,0.559603,0.716606,0.8862,1.2957,-0.4095,ok,0.0,2,4,4,0.4458,110.198,357.0,80.0,0.014,봉담읍,-0.4095,-0.4095,0.48271,3,NEW_STOP,31240120,읍,55.96,71.66,89.2,41590-36111,332.5,126.94214,37.21
다사5013,am,0.901607,0.841461,2.1817,1.7407,0.441,ok,0.0,4,4,4,0.436,291.603,6160.0,1131.0,0.1468,봉담읍,0.441,0.441,0.90738,4,NEW_STOP,31240120,읍,90.16,84.15,1540.0,41590-36119,338.4,126.94207,37.21902
다사5014,am,0.924763,0.862096,2.2694,1.8143,0.4551,ok,0.0,4,4,4,0.922,150.65,8391.0,1888.0,0.0392,봉담읍,0.4551,0.4551,0.94772,4,ADD_FREQ,31240120,읍,92.48,86.21,2097.8,41590-55385,46.8,126.942,37.22803
다사5015,am,0.666997,0.768279,1.293,1.4799,-0.1869,ok,0.0,3,4,4,0.9235,73.029,2062.0,81.0,0.0456,봉담읍,-0.1869,-0.1869,0.74398,4,ADD_FREQ,31240120,읍,66.7,76.83,515.5,41590-55789,45.9,126.94194,37.23705
다사5016,am,0.61499,0.754409,1.096,1.4304,-0.3345,ok,0.0,2,4,4,0.7315,90.886,1192.0,631.0,0.2945,매송면,-0.3345,-0.3345,0.67124,4,ADD_FREQ,31240310,면,61.5,75.44,298.0,41590-37313,161.1,126.94187,37.24606
다사5017,am,0.123697,0.011,-0.7651,-1.2193,0.2624,mid,0.0,4,0,0,0.05,0.0,43.0,5.0,0.2326,매송면,0.2624,0.4542,0.24739,1,DRT,31240310,면,12.37,1.1,10.8,41590-37313,1155.3,126.9418,37.25507
다사5100,am,0.216271,0.252687,-0.4144,-0.3578,-0.047,drt,0.0,3,2,2,0.1815,4.056,161.0,55.0,0.3043,양감면,-0.047,-0.0566,0.39591,2,NEW_STOP,31240420,면,21.63,25.27,40.2,41590-37507,491.1,126.95418,37.10189
다사5101,am,0.208722,0.506184,-0.443,0.5457,-0.8024,over,0.0,1,1,3,0.6482,14.95,131.0,415.0,0.2366,향남읍,-0.8024,-0.9887,0.35915,1,ADD_FREQ,31240140,읍,20.87,50.62,32.8,41590-36631,211.1,126.95412,37.11091
다사5102,am,0.361482,0.53099,0.1357,0.6341,-0.4985,mid,0.0,2,3,3,0.7547,15.118,389.0,1728.0,0.1671,향남읍,-0.4985,-0.4985,0.50917,3,ADD_FREQ,31240140,읍,36.15,53.1,97.2,41590-37517,147.2,126.95405,37.11992
다사5103,am,0.469378,0.553165,0.5444,0.7131,-0.1688,ok,0.0,3,3,3,0.4555,30.506,262.0,1605.0,0.0496,향남읍,-0.1688,-0.1688,0.44862,3,NEW_STOP,31240140,읍,46.94,55.32,65.5,41590-37323,326.7,126.95399,37.12893
다사5104,am,0.405908,0.455564,0.3039,0.3653,-0.0613,ok,0.0,3,3,3,0.6695,9.466,362.0,1326.0,0.221,향남읍,-0.0613,-0.0613,0.50285,3,ADD_FREQ,31240140,읍,40.59,45.56,90.5,41590-37955,198.3,126.95392,37.13795
다사5105,am,0.279896,0.166705,-0.1734,-0.6643,0.4821,mid,0.0,4,2,1,0.05,2.274,123.0,413.0,0.1057,정남면,0.4821,0.4909,0.36214,1,DRT,31240430,면,27.99,16.67,30.8,41590-37652,583.0,126.95386,37.14696
다사5106,am,0.17463,0.011,-0.5722,-1.2193,0.4677,drt,0.0,4,1,0,0.05,0.0,109.0,344.0,0.4679,정남면,0.4677,0.6471,0.34926,1,DRT,31240430,면,17.46,1.1,27.2,41590-36739,918.3,126.95379,37.15597
다사5107,am,0.321468,0.396357,-0.0159,0.1542,-0.1702,mid,0.0,3,3,2,0.4902,8.004,274.0,423.0,0.354,정남면,-0.1702,-0.1702,0.47193,3,NEW_STOP,31240430,면,32.15,39.64,68.5,41590-37643,305.9,126.95373,37.16499
다사5108,am,0.289285,0.264936,-0.1378,-0.3142,0.1764,mid,0.0,3,2,2,0.3135,3.449,164.0,680.0,0.122,정남면,0.1764,0.1764,0.39718,2,NEW_STOP,31240430,면,28.93,26.49,41.0,41590-37642,411.9,126.95366,37.174
다사5109,am,0.160487,0.011,-0.6257,-1.2193,0.4061,mid,0.0,4,1,0,0.05,0.0,88.0,200.0,0.4091,정남면,0.4061,0.5936,0.32097,1,DRT,31240430,면,16.05,1.1,22.0,41590-37640,1079.9,126.9536,37.18302
다사5110,am,0.127255,0.050307,-0.7516,-1.0792,0.1927,mid,0.0,3,1,1,0.2287,0.0,39.0,24.0,1.0,정남면,0.1927,0.3276,0.25451,1,NEW_STOP,31240430,면,12.73,5.03,9.8,41590-36097,462.8,126.95353,37.19203
다사5111,am,0.24073,0.011,-0.3218,-1.2193,0.7992,mid,0.0,5,2,0,0.05,0.0,302.0,171.0,0.4934,봉담읍,0.7992,0.8975,0.48146,3,DRT,31240120,읍,24.07,1.1,75.5,41590-36752,661.3,126.95347,37.20104
다사5112,am,0.574894,0.636829,0.9441,1.0114,-0.0673,ok,0.0,3,4,4,0.5807,47.313,803.0,1407.0,0.1793,봉담읍,-0.0673,-0.0673,0.60804,4,ADD_FREQ,31240120,읍,57.49,63.68,200.8,41590-36011,251.6,126.9534,37.21006
다사5113,am,1.0,0.979797,2.5544,2.2338,0.3206,ok,0.0,4,4,4,0.9082,694.653,16292.0,4655.0,0.1226,봉담읍,0.3206,0.3206,1.0,4,ADD_FREQ,31240120,읍,100.0,97.98,4073.0,41590-37883,55.1,126.95334,37.21907
다사5114,am,0.961274,0.90227,2.4077,1.9575,0.4503,ok,0.0,4,4,4,0.7177,289.033,10332.0,1155.0,0.1165,봉담읍,0.4503,0.4503,0.98058,4,ADD_FREQ,31240120,읍,96.13,90.23,2583.0,41590-55338,169.4,126.95327,37.22808
다사5115,am,0.918681,0.849336,2.2464,1.7688,0.4776,ok,0.0,4,4,4,0.8975,142.372,6338.0,680.0,0.1346,봉담읍,0.4776,0.4776,0.91076,4,ADD_FREQ,31240120,읍,91.87,84.93,1584.5,41590-37911,61.5,126.95321,37.2371
다사5116,am,0.680162,0.760681,1.3428,1.4528,-0.11,ok,0.0,3,4,4,0.6213,114.924,1461.0,614.0,0.2053,매송면,-0.11,-0.11,0.69985,4,ADD_FREQ,31240310,면,68.02,76.07,365.2,41590-37325,227.2,126.95314,37.24611
다사5200,am,0.251186,0.388873,-0.2822,0.1276,-0.3751,mid,0.0,2,2,2,0.5645,6.509,228.0,467.0,0.1711,양감면,-0.3751,-0.4097,0.44565,3,ADD_FREQ,31240420,면,25.12,38.89,57.0,41590-36429,261.3,126.96544,37.10194
다사5201,am,0.288017,0.506878,-0.1426,0.5482,-0.6908,mid,0.0,2,2,3,0.896,9.585,174.0,280.0,0.3161,향남읍,-0.6908,-0.6908,0.3964,2,ADD_FREQ,31240140,읍,28.8,50.69,43.5,41590-36467,62.4,126.96537,37.11096
다사5202,am,0.30623,0.365805,-0.0736,0.0453,-0.119,mid,0.0,3,2,2,0.4383,6.782,243.0,543.0,0.1852,향남읍,-0.119,-0.119,0.44439,3,NEW_STOP,31240140,읍,30.62,36.58,60.8,41590-37376,337.0,126.96531,37.11997
다사5203,am,0.451237,0.622444,0.4757,0.9601,-0.4844,ok,0.0,2,3,4,0.7177,33.417,348.0,779.0,0.2356,향남읍,-0.4844,-0.4844,0.49634,3,ADD_FREQ,31240140,읍,45.12,62.24,87.0,41590-37330,169.4,126.96525,37.12898
다사5204,am,0.277006,0.112043,-0.1843,-0.8591,0.6583,mid,0.0,4,2,1,0.05,1.159,245.0,1174.0,0.0939,향남읍,0.6583,0.6748,0.44467,3,DRT,31240140,읍,27.7,11.2,61.2,41590-37266,757.8,126.96518,37.138
다사5205,am,0.296803,0.287381,-0.1094,-0.2342,0.1248,mid,0.0,3,2,2,0.359,3.891,143.0,754.0,0.2098,정남면,0.1248,0.1248,0.37967,2,NEW_STOP,31240430,면,29.68,28.74,35.8,41590-37653,384.6,126.96512,37.14701
다사5206,am,0.468808,0.525621,0.5422,0.615,-0.0728,ok,0.0,3,3,3,0.7892,13.603,525.0,1278.0,0.28,정남면,-0.0728,-0.0728,0.55312,3,ADD_FREQ,31240430,면,46.88,52.56,131.2,41590-36790,126.5,126.96506,37.15603
다사5207,am,0.334603,0.345181,0.0338,-0.0282,0.062,mid,0.0,3,3,2,0.4612,5.401,248.0,844.0,0.1573,정남면,0.062,0.062,0.45133,3,NEW_STOP,31240430,면,33.46,34.52,62.0,41590-37647,323.3,126.96499,37.16504
다사5208,am,0.197267,0.011,-0.4864,-1.2193,0.5734,drt,0.0,4,1,0,0.05,0.0,166.0,346.0,0.2349,정남면,0.5734,0.7329,0.39453,2,DRT,31240430,면,19.73,1.1,41.5,41590-37646,887.2,126.96493,37.17405
다사5209,am,0.225897,0.02013,-0.3779,-1.1867,0.691,drt,0.0,4,2,1,0.0915,0.0,245.0,346.0,0.3143,정남면,0.691,0.8088,0.45179,3,DRT,31240430,면,22.59,2.01,61.2,41590-55365,545.1,126.96487,37.18307
다사5210,am,0.201538,0.011,-0.4702,-1.2193,0.5943,drt,0.0,4,1,0,0.05,0.0,173.0,366.0,0.3584,정남면,0.5943,0.7491,0.40308,2,DRT,31240430,면,20.15,1.1,43.2,41590-36156,825.2,126.9648,37.19208
다사5211,am,0.301405,0.629307,-0.0919,0.9845,-1.0765,mid,0.0,1,2,4,0.6375,40.478,148.0,649.0,0.25,봉담읍,-1.0765,-1.0765,0.38195,2,ADD_FREQ,31240120,읍,30.14,62.93,37.0,41590-36751,217.5,126.96474,37.20109
다사5212,am,0.916316,0.723734,2.2374,1.3211,0.9163,need,1.42722,5,4,4,0.2668,157.47,11350.0,1923.0,0.0985,봉담읍,0.9163,0.9163,0.99357,4,NEW_STOP,31240120,읍,91.63,72.37,2837.5,41590-37972,439.9,126.96467,37.21011
다사5213,am,0.967266,0.877239,2.4304,1.8682,0.5622,ok,0.0,4,4,4,0.5705,305.724,9762.0,2273.0,0.1347,봉담읍,0.5622,0.5622,0.97258,4,ADD_FREQ,31240120,읍,96.73,87.72,2440.5,41590-55916,257.7,126.96461,37.21912
다사5214,am,0.625023,0.714965,1.134,1.2899,-0.1559,ok,0.0,3,4,4,0.1237,187.422,943.0,353.0,0.1697,봉담읍,-0.1559,-0.1559,0.63705,4,DRT,31240120,읍,62.5,71.5,235.8,41590-36159,525.8,126.96455,37.22814
다사5300,am,0.263894,0.281456,-0.234,-0.2553,0.0201,mid,0.0,3,2,2,0.3517,3.733,238.0,1753.0,0.042,양감면,0.0201,0.0213,0.43917,2,NEW_STOP,31240420,면,26.39,28.15,59.5,41590-36181,389.0,126.97669,37.10199
다사5301,am,0.318773,0.43135,-0.0261,0.279,-0.3051,mid,0.0,2,3,3,0.5682,9.314,263.0,1444.0,0.1179,양감면,-0.3051,-0.3051,0.45998,3,ADD_FREQ,31240420,면,31.88,43.13,65.8,41590-36780,259.1,126.97663,37.11101
다사5302,am,0.314631,0.415999,-0.0418,0.2242,-0.2661,mid,0.0,2,3,2,0.1142,18.636,129.0,937.0,0.155,향남읍,-0.2661,-0.2661,0.36948,2,DRT,31240140,읍,31.46,41.6,32.2,41590-37334,531.5,126.97657,37.12002
다사5303,am,0.407171,0.496366,0.3087,0.5107,-0.202,ok,0.0,3,3,3,0.2272,28.969,375.0,1345.0,0.1333,향남읍,-0.202,-0.202,0.50412,3,NEW_STOP,31240140,읍,40.72,49.64,93.8,41590-37335,463.7,126.9765,37.12903
다사5304,am,0.339993,0.567182,0.0543,0.7631,-0.7089,mid,0.0,1,3,3,0.844,17.282,270.0,1563.0,0.1815,향남읍,-0.7089,-0.7089,0.45359,3,ADD_FREQ,31240140,읍,34.0,56.72,67.5,41590-37336,93.6,126.97644,37.13805
다사5305,am,0.282629,0.275797,-0.163,-0.2755,0.1111,mid,0.0,3,2,2,0.1228,5.652,138.0,657.0,0.3188,정남면,0.1111,0.1124,0.37735,2,DRT,31240430,면,28.26,27.58,34.5,41590-55068,526.3,126.97638,37.14706
다사5306,am,0.558335,0.468013,0.8813,0.4096,0.4717,ok,0.0,4,4,3,0.2073,23.964,760.0,424.0,0.2303,정남면,0.4717,0.4717,0.60693,4,NEW_STOP,31240430,면,55.83,46.8,190.0,41590-55068,475.6,126.97632,37.15608
다사5307,am,0.576624,0.545158,0.9506,0.6846,0.266,ok,0.0,4,4,3,0.6358,20.911,780.0,1623.0,0.2795,정남면,0.266,0.266,0.60932,4,ADD_FREQ,31240430,면,57.66,54.52,195.0,41590-36367,218.5,126.97626,37.16509
다사5308,am,0.311385,0.376211,-0.0541,0.0824,-0.1365,mid,0.0,3,3,2,0.3193,9.283,218.0,264.0,0.2844,정남면,-0.1365,-0.1365,0.42984,2,NEW_STOP,31240430,면,31.14,37.62,54.5,41590-37572,408.4,126.97619,37.1741
다사5309,am,0.276114,0.348064,-0.1877,-0.0179,-0.1653,mid,0.0,3,2,2,0.6797,3.537,163.0,783.0,0.3497,정남면,-0.1653,-0.1698,0.3963,2,ADD_FREQ,31240430,면,27.61,34.81,40.8,41590-55365,192.2,126.97613,37.18312
다사5310,am,0.654552,0.420559,1.2458,0.2405,1.0053,need,1.32367,5,4,2,0.4542,10.5,1066.0,556.0,0.1276,정남면,1.0053,1.0053,0.6538,4,NEW_STOP,31240430,면,65.46,42.06,266.5,41590-36622,327.5,126.97607,37.19213
다사5311,am,0.579914,0.68221,0.9631,1.1731,-0.21,ok,0.0,3,4,4,0.5378,72.343,1092.0,971.0,0.2161,봉담읍,-0.21,-0.21,0.65961,4,ADD_FREQ,31240120,읍,57.99,68.22,273.0,41590-36197,277.3,126.97601,37.20115
다사5312,am,0.980529,0.847777,2.4807,1.7632,0.7174,ok,0.0,5,4,4,0.4015,324.297,9062.0,3314.0,0.0976,봉담읍,0.7174,0.7174,0.96106,4,NEW_STOP,31240120,읍,98.05,84.78,2265.5,41590-55773,359.1,126.97594,37.21016
다사5313,am,1.0,0.969163,2.5544,2.1959,0.3585,ok,0.0,4,4,4,0.8598,799.079,14905.0,3828.0,0.104,봉담읍,0.3585,0.3585,1.0,4,ADD_FREQ,31240120,읍,100.0,96.92,3726.2,41590-36195,84.1,126.97588,37.21917
다사5314,am,0.920382,0.85623,2.2528,1.7934,0.4595,ok,0.0,4,4,4,0.3465,474.337,7251.0,1931.0,0.1878,기배동,0.4595,0.4595,0.93118,4,NEW_STOP,31240560,동,92.04,85.62,1812.8,41590-36172,392.1,126.97582,37.22819
다사5400,am,0.333661,0.357119,0.0303,0.0144,0.0159,mid,0.0,3,3,2,0.4168,6.551,328.0,1112.0,0.1738,양감면,0.0159,0.0159,0.48958,3,NEW_STOP,31240420,면,33.37,35.71,82.0,41590-36241,349.9,126.98794,37.10204
다사5401,am,0.309887,0.439645,-0.0598,0.3085,-0.3683,mid,0.0,2,3,3,0.5898,9.595,274.0,914.0,0.1898,양감면,-0.3683,-0.3683,0.46143,3,ADD_FREQ,31240420,면,30.99,43.96,68.5,41590-36268,246.1,126.98788,37.11106
다사5402,am,0.435904,0.535018,0.4176,0.6485,-0.2309,ok,0.0,3,3,3,0.5392,22.849,324.0,885.0,0.2623,양감면,-0.2309,-0.2309,0.48818,3,ADD_FREQ,31240420,면,43.59,53.5,81.0,41590-37345,276.5,126.98782,37.12007
다사5403,am,0.395631,0.367217,0.265,0.0504,0.2146,mid,0.0,3,3,2,0.1377,12.019,206.0,1338.0,0.2184,향남읍,0.2146,0.2146,0.42867,2,DRT,31240140,읍,39.56,36.72,51.5,41590-37343,517.4,126.98776,37.12908
다사5404,am,0.295292,0.387524,-0.1151,0.1228,-0.2378,mid,0.0,3,2,2,0.6953,4.969,392.0,1756.0,0.1531,정남면,-0.2378,-0.2378,0.50926,3,ADD_FREQ,31240430,면,29.53,38.75,98.0,41590-37483,182.8,126.9877,37.1381
다사5405,am,0.232186,0.379502,-0.3541,0.0942,-0.3899,mid,0.0,2,2,2,0.535,6.346,164.0,655.0,0.1402,정남면,-0.3899,-0.4483,0.38817,2,ADD_FREQ,31240430,면,23.22,37.95,41.0,41590-37528,279.0,126.98764,37.14711
다사5406,am,0.489241,0.425596,0.6196,0.2585,0.3612,ok,0.0,4,3,2,0.1547,18.739,357.0,771.0,0.3081,정남면,0.3612,0.3612,0.50157,3,NEW_STOP,31240430,면,48.92,42.56,89.2,41590-36225,507.2,126.98758,37.15613
다사5407,am,0.696837,0.572293,1.406,0.7813,0.6247,ok,0.0,4,4,3,0.348,42.642,2359.0,659.0,0.1162,정남면,0.6247,0.6247,0.76876,4,NEW_STOP,31240430,면,69.68,57.23,589.8,41590-36236,391.2,126.98752,37.16514
다사5408,am,0.521996,0.65861,0.7437,1.089,-0.3453,ok,0.0,2,4,4,0.586,55.524,491.0,692.0,0.2709,정남면,-0.3453,-0.3453,0.54034,3,ADD_FREQ,31240430,면,52.2,65.86,122.8,41590-36259,248.4,126.98746,37.17415
다사5409,am,0.464868,0.523511,0.5273,0.6075,-0.0802,ok,0.0,3,3,3,0.4065,26.287,333.0,1128.0,0.2012,정남면,-0.0802,-0.0802,0.49133,3,NEW_STOP,31240430,면,46.49,52.35,83.2,41590-36260,356.1,126.9874,37.18317
다사5410,am,0.559934,0.525095,0.8874,0.6131,0.2743,ok,0.0,4,4,3,0.1527,41.26,763.0,1048.0,0.228,정남면,0.2743,0.2743,0.60389,4,NEW_STOP,31240430,면,55.99,52.51,190.8,41590-55454,508.4,126.98734,37.19218
다사5411,am,0.690501,0.805058,1.382,1.611,-0.229,ok,0.0,3,4,4,0.4277,223.863,898.0,4382.0,0.2773,화산동,-0.229,-0.229,0.63008,4,NEW_STOP,31240570,동,69.05,80.51,224.5,41590-55164,343.4,126.98727,37.20119
다사5412,am,0.653482,0.86234,1.2418,1.8151,-0.5734,ok,0.0,2,4,4,0.5767,270.002,657.0,1304.0,0.137,화산동,-0.5734,-0.5734,0.58161,4,ADD_FREQ,31240570,동,65.35,86.23,164.2,41590-55344,254.0,126.98721,37.21021
다사5413,am,0.775548,0.97492,1.7042,2.2164,-0.5122,ok,0.0,2,4,4,0.886,691.612,3720.0,838.0,0.1317,기배동,-0.5122,-0.5122,0.83262,4,ADD_FREQ,31240560,동,77.55,97.49,930.0,41590-55794,68.4,126.98715,37.21922
다사5414,am,0.550723,0.964397,0.8525,2.1789,-1.3264,ok,0.0,0,4,4,0.8382,525.971,615.0,1580.0,0.4033,기배동,-1.3264,-1.3264,0.57542,3,ADD_FREQ,31240560,동,55.07,96.44,153.8,41590-55820,97.1,126.98709,37.22824
다사5501,am,0.025147,0.011,-1.1384,-1.2193,0.0166,mid,0.0,3,0,0,0.05,0.0,5.0,3.0,1.0,양감면,0.0166,0.0809,0.05029,0,DRT,31240420,면,2.51,1.1,1.2,41590-36271,805.6,126.99914,37.1111
다사5502,am,0.3659,0.501496,0.1524,0.529,-0.3766,mid,0.0,2,3,3,0.4023,22.236,132.0,434.0,0.1591,양감면,-0.3766,-0.3766,0.37238,2,NEW_STOP,31240420,면,36.59,50.15,33.0,41590-36278,358.6,126.99908,37.12012
다사5503,am,0.186245,0.320497,-0.5282,-0.1161,-0.3105,mid,0.0,2,1,2,0.7655,2.185,58.0,421.0,0.2586,정남면,-0.3105,-0.412,0.27467,1,ADD_FREQ,31240430,면,18.62,32.05,14.5,41590-37351,140.7,126.99902,37.12913
다사5504,am,0.142628,0.011,-0.6934,-1.2193,0.3332,mid,0.0,4,1,0,0.05,0.0,63.0,538.0,0.0794,정남면,0.3332,0.5259,0.28526,1,DRT,31240430,면,14.26,1.1,15.8,41590-37483,832.1,126.99896,37.13815
다사5505,am,0.089782,0.011,-0.8936,-1.2193,0.1528,mid,0.0,3,0,0,0.05,0.0,13.0,8.0,0.3846,정남면,0.1528,0.3257,0.17956,0,DRT,31240430,면,8.98,1.1,3.2,41590-36486,871.1,126.9989,37.14716
다사5506,am,0.121016,0.102393,-0.7752,-0.8935,0.0674,mid,0.0,3,0,1,0.05,1.006,23.0,11.0,0.2174,정남면,0.0674,0.1183,0.20108,0,DRT,31240430,면,12.1,10.24,5.8,41590-36286,678.3,126.99884,37.15617
다사5507,am,0.292972,0.451954,-0.1239,0.3524,-0.4763,mid,0.0,2,2,3,0.5553,11.329,94.0,604.0,0.3298,정남면,-0.4763,-0.4763,0.33259,1,ADD_FREQ,31240430,면,29.3,45.2,23.5,41590-36485,266.8,126.99878,37.16519
다사5509,am,0.455097,0.695901,0.4903,1.2219,-0.7316,ok,0.0,1,3,4,0.7813,53.13,313.0,802.0,0.2396,정남면,-0.7316,-0.7316,0.47675,3,ADD_FREQ,31240430,면,45.51,69.59,78.2,41590-36277,131.2,126.99866,37.18322
다사5510,am,0.488268,0.50653,0.6159,0.5469,0.069,ok,0.0,3,3,3,0.317,26.856,303.0,2282.0,0.2937,화산동,0.069,0.069,0.47764,3,NEW_STOP,31240570,동,48.83,50.65,75.8,41590-55169,409.8,126.9986,37.19223
다사5511,am,0.769459,0.724451,1.6811,1.3237,0.3574,ok,0.0,4,4,4,0.4405,118.105,2501.0,1415.0,0.1383,화산동,0.3574,0.3574,0.77657,4,NEW_STOP,31240570,동,76.95,72.45,625.2,41590-36999,335.7,126.99854,37.20124
다사5512,am,0.764966,0.675438,1.6641,1.149,0.5151,ok,0.0,4,4,4,0.4812,75.594,2671.0,753.0,0.0464,화산동,0.5151,0.5151,0.78138,4,NEW_STOP,31240570,동,76.5,67.54,667.8,41590-36281,311.3,126.99848,37.21026
다사5513,am,0.221026,0.011,-0.3964,-1.2193,0.6932,drt,0.0,4,2,0,0.05,0.0,213.0,1351.0,0.3615,기배동,0.6932,0.8229,0.44205,2,DRT,31240560,동,22.1,1.1,53.2,41590-55795,813.0,126.99842,37.21927
다사5603,am,0.240566,0.46048,-0.3224,0.3828,-0.6277,over,0.0,2,2,3,0.6313,10.583,307.0,595.0,0.3257,정남면,-0.6277,-0.7052,0.48113,3,ADD_FREQ,31240430,면,24.06,46.05,76.8,41590-37917,221.2,127.01028,37.12918
다사5604,am,0.323127,0.148635,-0.0096,-0.7287,0.7191,mid,0.0,5,3,1,0.05,1.853,212.0,363.0,0.2547,정남면,0.7191,0.7191,0.42875,2,DRT,31240430,면,32.31,14.86,53.0,41590-36310,600.0,127.01022,37.13819
다사5605,am,0.422517,0.469421,0.3669,0.4147,-0.0478,ok,0.0,3,3,3,0.6593,10.831,300.0,737.0,0.2067,정남면,-0.0478,-0.0478,0.47909,3,ADD_FREQ,31240430,면,42.25,46.94,75.0,41590-36306,204.4,127.01016,37.14721
다사5606,am,0.286543,0.243264,-0.1482,-0.3914,0.2425,mid,0.0,3,2,1,0.225,3.375,244.0,724.0,0.2951,정남면,0.2425,0.2432,0.44425,3,NEW_STOP,31240430,면,28.65,24.33,61.0,41590-36297,465.0,127.0101,37.15622
다사5607,am,0.356402,0.447794,0.1164,0.3376,-0.2212,mid,0.0,3,3,3,0.628,9.575,370.0,978.0,0.2838,정남면,-0.2212,-0.2212,0.51061,3,ADD_FREQ,31240430,면,35.64,44.78,92.5,41590-36299,223.2,127.01004,37.16523
다사5611,am,0.908931,0.852621,2.2094,1.7805,0.4289,ok,0.0,4,4,4,0.8007,171.903,5822.0,952.0,0.1371,화산동,0.4289,0.4289,0.89869,4,ADD_FREQ,31240570,동,90.89,85.26,1455.5,41590-36305,119.6,127.00981,37.20129
다사5612,am,0.890874,0.848109,2.141,1.7644,0.3766,ok,0.0,4,4,4,0.8847,144.126,6872.0,1330.0,0.1509,화산동,0.3766,0.3766,0.92309,4,ADD_FREQ,31240570,동,89.09,84.81,1718.0,41590-36301,69.2,127.00975,37.2103
다사5613,am,0.267023,0.34656,-0.2222,-0.0233,-0.1895,mid,0.0,3,2,2,0.113,10.593,138.0,144.0,0.3986,화산동,-0.1895,-0.1989,0.37934,2,DRT,31240570,동,26.7,34.66,34.5,41590-36323,532.2,127.00969,37.21932
다사5704,am,0.450249,0.49853,0.4719,0.5184,-0.0465,ok,0.0,3,3,3,0.6363,14.348,704.0,1772.0,0.206,정남면,-0.0465,-0.0465,0.59385,4,ADD_FREQ,31240430,면,45.02,49.85,176.0,41590-36329,218.2,127.02148,37.13824
다사5705,am,0.201701,0.044227,-0.4696,-1.1009,0.5011,drt,0.0,4,1,1,0.05,0.288,145.0,1423.0,0.2828,정남면,0.5011,0.6312,0.38493,2,DRT,31240430,면,20.17,4.42,36.2,41590-36334,760.6,127.02142,37.14725
다사5706,am,0.300339,0.216497,-0.096,-0.4868,0.3909,mid,0.0,4,2,1,0.05,3.784,360.0,933.0,0.2778,정남면,0.3909,0.3909,0.50171,3,DRT,31240430,면,30.03,21.65,90.0,41590-36331,628.2,127.02136,37.15627
다사5707,am,0.491004,0.412349,0.6263,0.2112,0.4151,mid,0.0,4,3,2,0.391,11.009,2739.0,691.0,0.0796,정남면,0.4151,0.4151,0.7867,4,NEW_STOP,31240430,면,49.1,41.23,684.8,41590-36270,365.4,127.02131,37.16528
다사5711,am,0.90133,0.813977,2.1806,1.6428,0.5379,ok,0.0,4,4,4,0.637,168.464,5946.0,360.0,0.1189,화산동,0.5379,0.5379,0.90114,4,ADD_FREQ,31240570,동,90.13,81.4,1486.5,41590-55415,217.8,127.02108,37.20134
다사5712,am,0.781293,0.599098,1.7259,0.8769,0.8491,need,1.35782,5,4,4,0.1087,78.938,2769.0,605.0,0.2113,화산동,0.8491,0.8491,0.7923,4,DRT,31240570,동,78.13,59.91,692.2,41590-36328,534.8,127.02102,37.21035
다사5713,am,0.410773,0.783028,0.3224,1.5324,-1.2101,ok,0.0,0,3,4,0.7123,116.997,364.0,1128.0,0.3984,화산동,-1.2101,-1.2101,0.50365,3,ADD_FREQ,31240570,동,41.08,78.3,91.0,41590-36322,172.6,127.02097,37.21936
다사5804,am,0.604987,0.474121,1.0581,0.4314,0.6267,ok,0.0,4,4,3,0.7477,9.575,1037.0,2529.0,0.1389,정남면,0.6267,0.6267,0.648,4,ADD_FREQ,31240430,면,60.5,47.41,259.2,41590-36481,151.4,127.03274,37.13828
다사5811,am,0.988085,0.955205,2.5093,2.1461,0.3631,ok,0.0,4,4,4,0.8148,367.845,10073.0,2725.0,0.0753,병점1동,0.3631,0.3631,0.97617,4,ADD_FREQ,31240530,동,98.81,95.52,2518.2,41590-36679,111.1,127.03235,37.20138
다사5812,am,0.977028,0.989917,2.4674,2.2699,0.1975,ok,0.0,3,4,4,0.9542,717.384,8524.0,6429.0,0.1273,진안동,0.1975,0.1975,0.95406,4,ADD_FREQ,31240520,동,97.7,98.99,2131.0,41590-36340,27.5,127.03229,37.21039
다사5813,am,0.71568,0.799403,1.4774,1.5908,-0.1134,ok,0.0,3,4,4,0.48,196.3,4633.0,976.0,0.0814,진안동,-0.1134,-0.1134,0.86475,4,NEW_STOP,31240520,동,71.57,79.94,1158.2,41590-55573,312.0,127.03224,37.21941
다사5814,am,0.464033,0.752001,0.5241,1.4219,-0.8977,ok,0.0,1,3,4,0.6938,95.094,482.0,1183.0,0.3527,진안동,-0.8977,-0.8977,0.54026,3,ADD_FREQ,31240520,동,46.4,75.2,120.5,41590-55029,183.7,127.03218,37.22842
다사5911,am,1.0,0.97338,2.5544,2.2109,0.3435,ok,0.0,4,4,4,0.879,543.122,19592.0,2064.0,0.1282,진안동,0.3435,0.3435,1.0,4,ADD_FREQ,31240520,동,100.0,97.34,4898.0,41590-55295,72.6,127.04362,37.20143
다사5912,am,1.0,0.969237,2.5544,2.1961,0.3583,ok,0.0,4,4,4,0.8602,569.336,25931.0,8904.0,0.1164,병점2동,0.3583,0.3583,1.0,4,ADD_FREQ,31240540,동,100.0,96.92,6482.8,41590-55234,83.9,127.04356,37.21044
다사5913,am,0.986143,0.835967,2.5019,1.7211,0.7808,need,1.27279,5,4,4,0.4468,274.562,12437.0,3544.0,0.1297,진안동,0.7808,0.7808,1.0,4,NEW_STOP,31240520,동,98.61,83.6,3109.2,41590-37983,331.9,127.04351,37.21945
다사5914,am,0.82114,0.779452,1.8769,1.5197,0.3572,ok,0.0,4,4,4,0.6068,136.032,4040.0,1522.0,0.1069,진안동,0.3572,0.3572,0.84488,4,ADD_FREQ,31240520,동,82.11,77.95,1010.0,41590-36754,235.9,127.04345,37.22847
다사5915,am,0.5,0.787558,0.6604,1.5486,-0.8882,ok,0.0,1,3,4,0.8132,102.151,15890.0,2177.0,0.0437,진안동,-0.8882,-0.8882,1.0,4,ADD_FREQ,31240520,동,50.0,78.76,3972.5,41590-36418,112.1,127.0434,37.23748
다사6011,am,1.0,0.906233,2.5544,1.9716,0.5828,ok,0.0,4,4,4,0.9235,210.719,19045.0,3136.0,0.0705,동탄3동,0.5828,0.5828,1.0,4,ADD_FREQ,31240620,동,100.0,90.62,4761.2,41590-37720,45.9,127.05488,37.20147
다사6012,am,1.0,0.952627,2.5544,2.1369,0.4175,ok,0.0,4,4,4,0.7847,447.324,19701.0,3205.0,0.0994,동탄3동,0.4175,0.4175,1.0,4,ADD_FREQ,31240620,동,100.0,95.26,4925.2,41590-55020,129.2,127.05483,37.21048
다사6013,am,1.0,0.918673,2.5544,2.0159,0.5385,ok,0.0,4,4,4,0.6303,660.021,20162.0,4099.0,0.0617,진안동,0.5385,0.5385,1.0,4,ADD_FREQ,31240520,동,100.0,91.87,5040.5,41590-37574,221.8,127.05478,37.2195
다사6014,am,0.826505,0.85542,1.8972,1.7905,0.1067,ok,0.0,3,4,4,0.5705,258.758,7221.0,3865.0,0.0836,반월동,0.1067,0.1067,0.92711,4,ADD_FREQ,31240550,동,82.65,85.54,1805.2,41590-36484,257.7,127.05473,37.22851
다사6110,am,0.978538,0.96238,2.4731,2.1717,0.3014,ok,0.0,4,4,4,0.829,402.536,14415.0,1939.0,0.1314,동탄2동,0.3014,0.3014,1.0,4,ADD_FREQ,31240600,동,97.85,96.24,3603.8,41590-37699,102.6,127.0662,37.1925
다사6111,am,1.0,0.949657,2.5544,2.1264,0.4281,ok,0.0,4,4,4,0.7712,912.407,21450.0,4476.0,0.0625,동탄1동,0.4281,0.4281,1.0,4,ADD_FREQ,31240610,동,100.0,94.97,5362.5,41590-37588,137.3,127.06615,37.20151
다사6112,am,1.0,0.938363,2.5544,2.0861,0.4683,ok,0.0,4,4,4,0.7198,765.472,11836.0,3878.0,0.0967,동탄1동,0.4683,0.4683,1.0,4,ADD_FREQ,31240610,동,100.0,93.84,2959.0,41590-36960,168.1,127.0661,37.21052
다사6113,am,0.721071,0.695926,1.4978,1.222,0.2758,ok,0.0,4,4,4,0.1163,164.0,721.0,5390.0,0.2039,반월동,0.2758,0.2758,0.59413,4,DRT,31240550,동,72.11,69.59,180.2,41590-55442,530.2,127.06605,37.21954
다사6114,am,0.993338,0.96018,2.5292,2.1639,0.3653,ok,0.0,4,4,4,0.819,803.911,10797.0,59383.0,0.0807,반월동,0.3653,0.3653,0.98668,4,ADD_FREQ,31240550,동,99.33,96.02,2699.2,41590-37592,108.6,127.066,37.22855
다사6115,am,1.0,0.951966,2.5544,2.1346,0.4198,ok,0.0,4,4,4,0.8433,342.074,22934.0,3896.0,0.1128,반월동,0.4198,0.4198,1.0,4,ADD_FREQ,31240550,동,100.0,95.2,5733.5,41590-36615,94.0,127.06595,37.23757
다사6207,am,0.517507,0.45763,0.7267,0.3726,0.3541,ok,0.0,4,4,3,0.716,8.835,2074.0,761.0,0.1398,동탄6동,0.3541,0.3541,0.74885,4,ADD_FREQ,31240700,동,51.75,45.76,518.5,41590-55459,170.4,127.07762,37.16549
다사6208,am,0.325948,0.425422,0.001,0.2578,-0.2568,mid,0.0,2,3,2,0.6315,7.866,228.0,697.0,0.3509,동탄6동,-0.2568,-0.2568,0.43888,2,ADD_FREQ,31240700,동,32.59,42.54,57.0,41590-36424,221.1,127.07757,37.17451
다사6209,am,0.61995,0.882071,1.1148,1.8855,-0.7707,ok,0.0,1,4,4,0.922,175.572,1508.0,2891.0,0.0995,동탄6동,-0.7707,-0.7707,0.69786,4,ADD_FREQ,31240700,동,62.0,88.21,377.0,41590-36412,46.8,127.07752,37.18352
다사6210,am,1.0,0.972317,2.5544,2.2071,0.3473,ok,0.0,4,4,4,0.8742,669.284,16916.0,4792.0,0.0632,동탄2동,0.3473,0.3473,1.0,4,ADD_FREQ,31240600,동,100.0,97.23,4229.0,41590-37669,75.5,127.07747,37.19254
다사6211,am,0.928689,0.733565,2.2843,1.3561,0.9281,need,1.33512,5,4,4,0.4602,122.528,7429.0,8499.0,0.0664,동탄1동,0.9281,0.9281,0.93195,4,NEW_STOP,31240610,동,92.87,73.36,1857.2,41590-55724,323.9,127.07742,37.20155
다사6212,am,1.0,0.991017,2.5544,2.2738,0.2806,ok,0.0,4,4,4,0.9592,897.142,13931.0,4049.0,0.0576,동탄1동,0.2806,0.2806,1.0,4,ADD_FREQ,31240610,동,100.0,99.1,3482.8,41590-37758,24.5,127.07737,37.21056
다사6213,am,0.838704,0.840648,1.9434,1.7378,0.2056,ok,0.0,3,4,4,0.5767,228.729,1825.0,9918.0,0.0312,동탄1동,0.2056,0.2056,0.72772,4,ADD_FREQ,31240610,동,83.87,84.06,456.2,41590-36414,254.0,127.07732,37.21958
다사6307,am,0.744583,0.61349,1.5869,0.9282,0.6587,ok,0.0,4,4,4,0.8263,25.796,2005.0,6769.0,0.0758,동탄6동,0.6587,0.6587,0.74134,4,ADD_FREQ,31240700,동,74.46,61.35,501.2,41590-55092,104.2,127.08889,37.16553
다사6308,am,0.566922,0.52832,0.9139,0.6246,0.2893,ok,0.0,4,4,3,0.6837,16.789,182.0,6467.0,0.0275,동탄6동,0.2893,0.2893,0.40875,2,ADD_FREQ,31240700,동,56.69,52.83,45.5,41590-55103,189.8,127.08884,37.17455
다사6309,am,0.840268,0.647417,1.9493,1.0491,0.9002,need,1.22989,5,4,4,0.3842,71.794,5050.0,2978.0,0.0531,동탄6동,0.9002,0.9002,0.87484,4,NEW_STOP,31240700,동,84.03,64.74,1262.5,41590-36704,369.5,127.08879,37.18356
다사6310,am,0.873463,0.762474,2.0751,1.4592,0.6159,ok,0.0,4,4,4,0.7702,90.578,9365.0,1250.0,0.0479,동탄6동,0.6159,0.6159,0.96441,4,ADD_FREQ,31240700,동,87.35,76.25,2341.2,41590-55761,137.9,127.08874,37.19258
다사6311,am,0.904753,0.654393,2.1936,1.074,1.1197,need,1.57125,5,4,4,0.4317,69.893,8976.0,3032.0,0.0392,동탄6동,1.1197,1.1197,0.95878,4,NEW_STOP,31240700,동,90.48,65.44,2244.0,41590-37134,341.0,127.08869,37.20159
다사6312,am,0.91558,0.916485,2.2346,2.0081,0.2265,ok,0.0,3,4,4,0.7172,322.472,4060.0,13906.0,0.0438,동탄5동,0.2265,0.2265,0.84224,4,ADD_FREQ,31240650,동,91.56,91.65,1015.0,41590-55937,169.7,127.08864,37.2106
다사6406,am,0.748824,0.945147,1.6029,2.1103,-0.5073,ok,0.0,2,4,4,0.7507,379.425,1151.0,1668.0,0.1025,동탄8동,-0.5073,-0.5073,0.65849,4,ADD_FREQ,31240710,동,74.88,94.51,287.8,41590-55519,149.6,127.1002,37.15656
다사6407,am,0.995384,0.921155,2.5369,2.0248,0.5122,ok,0.0,4,4,4,0.8108,285.495,12808.0,2484.0,0.041,동탄7동,0.5122,0.5122,1.0,4,ADD_FREQ,31240691,동,99.54,92.12,3202.0,41590-55592,113.5,127.10015,37.16557
다사6408,am,0.937257,0.801532,2.3167,1.5984,0.7183,ok,0.0,5,4,4,0.5965,163.962,9072.0,1936.0,0.0592,동탄7동,0.7183,0.7183,0.95986,4,ADD_FREQ,31240691,동,93.73,80.15,2268.0,41590-55475,242.1,127.1001,37.17459
다사6409,am,0.779665,0.883119,1.7198,1.8892,-0.1694,ok,0.0,3,4,4,0.5507,330.614,2132.0,628.0,0.0905,동탄6동,-0.1694,-0.1694,0.75022,4,ADD_FREQ,31240700,동,77.97,88.31,533.0,41590-36487,269.6,127.10005,37.1836
다사6410,am,0.966918,0.955817,2.4291,2.1483,0.2808,ok,0.0,4,4,4,0.7992,564.21,7519.0,1837.0,0.0464,동탄4동,0.2808,0.2808,0.93384,4,ADD_FREQ,31240640,동,96.69,95.58,1879.8,41590-36384,120.5,127.10001,37.19261
다사6411,am,1.0,0.92388,2.5544,2.0345,0.5199,ok,0.0,4,4,4,0.654,595.876,20510.0,6414.0,0.0348,동탄4동,0.5199,0.5199,1.0,4,ADD_FREQ,31240640,동,100.0,92.39,5127.5,41590-36447,207.6,127.09996,37.20163
다사6412,am,0.977832,0.963517,2.4704,2.1758,0.2947,ok,0.0,4,4,4,0.8342,493.154,8765.0,19251.0,0.0609,동탄5동,0.2947,0.2947,0.95566,4,ADD_FREQ,31240650,동,97.78,96.35,2191.2,41590-55852,99.5,127.09991,37.21064
다사6505,am,0.026688,0.011,-1.1326,-1.2193,0.0185,mid,0.0,3,0,0,0.05,0.0,8.0,0.0,0.0,동탄8동,0.0185,0.0867,0.05338,0,DRT,31240710,동,2.67,1.1,2.0,41590-36944,936.4,127.1115,37.14758
다사6506,am,0.881465,0.990063,2.1054,2.2704,-0.165,ok,0.0,3,4,4,0.9548,454.907,7097.0,1431.0,0.0666,동탄8동,-0.165,-0.165,0.924,4,ADD_FREQ,31240710,동,88.15,99.01,1774.2,41590-55684,27.1,127.11146,37.1566
다사6507,am,1.0,0.930113,2.5544,2.0567,0.4977,ok,0.0,4,4,4,0.6823,675.417,18345.0,3588.0,0.0524,동탄8동,0.4977,0.4977,1.0,4,ADD_FREQ,31240710,동,100.0,93.01,4586.2,41590-55505,190.6,127.11141,37.16561
다사6508,am,1.0,0.840374,2.5544,1.7368,0.8176,need,1.19466,5,4,4,0.5553,236.593,16539.0,2998.0,0.0515,동탄7동,0.8176,0.8176,1.0,4,ADD_FREQ,31240691,동,100.0,84.04,4134.8,41590-55569,266.8,127.11137,37.17462
다사6509,am,0.806672,0.629319,1.8221,0.9846,0.8375,need,1.21982,5,4,4,0.8922,26.072,7770.0,865.0,0.0725,동탄6동,0.8375,0.8375,0.9375,4,ADD_FREQ,31240700,동,80.67,62.93,1942.5,41590-55510,64.7,127.11132,37.18364
다사6510,am,0.814994,0.583544,1.8536,0.8214,1.0322,need,1.46933,5,4,3,0.2167,58.252,6898.0,570.0,0.0634,동탄4동,1.0322,1.0322,0.92075,4,NEW_STOP,31240640,동,81.5,58.35,1724.5,41590-55297,470.0,127.11127,37.19265
다사6511,am,1.0,0.937263,2.5544,2.0822,0.4722,ok,0.0,4,4,4,0.7148,497.057,19594.0,4060.0,0.0341,동탄4동,0.4722,0.4722,1.0,4,ADD_FREQ,31240640,동,100.0,93.73,4898.5,41590-36811,171.1,127.11123,37.20167
다사6512,am,1.0,0.932186,2.5544,2.0641,0.4903,ok,0.0,4,4,4,0.8685,281.905,13038.0,3667.0,0.0756,동탄5동,0.4903,0.4903,1.0,4,ADD_FREQ,31240650,동,100.0,93.22,3259.5,41590-55607,78.9,127.11118,37.21068
다사6605,am,0.17459,0.326248,-0.5723,-0.0957,-0.3445,mid,0.0,2,1,2,0.05,10.037,28.0,551.0,0.8214,동탄8동,-0.3445,-0.4767,0.22146,0,DRT,31240710,동,17.46,32.62,7.0,41590-36945,579.6,127.12276,37.14762
다사6606,am,0.69176,0.695611,1.3868,1.2209,0.1659,ok,0.0,3,4,4,0.429,96.475,1931.0,569.0,0.1243,동탄8동,0.1659,0.1659,0.73788,4,NEW_STOP,31240710,동,69.18,69.56,482.8,41590-37403,342.6,127.12272,37.15663
다사6607,am,0.963866,0.849652,2.4175,1.7699,0.6476,ok,0.0,4,4,4,0.711,195.443,10649.0,1294.0,0.0867,동탄7동,0.6476,0.6476,0.98469,4,ADD_FREQ,31240691,동,96.39,84.97,2662.2,41590-55730,173.4,127.12267,37.16565
다사6608,am,0.945796,0.832551,2.3491,1.709,0.6401,ok,0.0,4,4,4,0.7812,152.321,8562.0,4542.0,0.0638,동탄7동,0.6401,0.6401,0.95145,4,ADD_FREQ,31240691,동,94.58,83.26,2140.5,41590-55800,131.3,127.12263,37.17466
다사6609,am,1.0,0.953067,2.5544,2.1385,0.4159,ok,0.0,4,4,4,0.7867,423.532,18068.0,3111.0,0.0589,동탄9동,0.4159,0.4159,1.0,4,ADD_FREQ,31240720,동,100.0,95.31,4517.0,41590-55490,128.0,127.12259,37.18367
다사6610,am,0.992376,0.855461,2.5255,1.7906,0.7349,ok,0.0,5,4,4,0.6247,236.292,13095.0,1041.0,0.0578,동탄9동,0.7349,0.7349,1.0,4,ADD_FREQ,31240720,동,99.24,85.55,3273.8,41590-36693,225.2,127.12254,37.19269
다사6611,am,0.958395,0.868164,2.3968,1.8359,0.5609,ok,0.0,4,4,4,0.8463,179.295,10119.0,894.0,0.0838,동탄4동,0.5609,0.5609,0.97617,4,ADD_FREQ,31240640,동,95.84,86.82,2529.8,41590-55301,92.2,127.1225,37.2017
다사6612,am,0.71171,0.663962,1.4623,1.1081,0.3543,ok,0.0,4,4,4,0.4673,70.829,5512.0,265.0,0.1069,동탄5동,0.3543,0.3543,0.88771,4,NEW_STOP,31240650,동,71.17,66.4,1378.0,41590-55584,319.6,127.12245,37.21072
다사6707,am,0.712361,0.253218,1.4648,-0.3559,1.8208,need,2.59935,6,4,2,0.05,5.328,6021.0,417.0,0.0732,동탄7동,1.8208,1.8208,0.90006,4,DRT,31240691,동,71.24,25.32,1505.2,41590-55750,588.1,127.13394,37.16568
다사6708,am,0.812292,0.592774,1.8434,0.8543,0.989,need,1.33273,5,4,3,0.712,26.717,6700.0,968.0,0.0282,동탄9동,0.989,0.989,0.91413,4,ADD_FREQ,31240720,동,81.23,59.28,1675.0,41590-55816,172.8,127.13389,37.1747
다사6709,am,0.614361,0.559197,1.0936,0.7346,0.3589,ok,0.0,4,4,3,0.8653,15.599,594.0,72.0,0.0875,동탄9동,0.3589,0.3589,0.56528,3,ADD_FREQ,31240720,동,61.44,55.92,148.5,41590-55914,80.8,127.13385,37.18371
다사6710,am,0.637017,0.254826,1.1794,-0.3502,1.5296,need,1.96317,6,4,2,0.05,5.406,2891.0,319.0,0.0436,동탄9동,1.5296,1.5296,0.79135,4,DRT,31240720,동,63.7,25.48,722.8,41590-55555,714.4,127.13381,37.19272
다사6711,am,0.307469,0.530986,-0.069,0.6341,-0.703,mid,0.0,1,2,3,0.7375,15.588,164.0,192.0,0.2073,동탄5동,-0.703,-0.703,0.39394,2,ADD_FREQ,31240650,동,30.75,53.1,41.0,41590-36504,157.5,127.13376,37.20174
다사6712,am,0.086392,0.197484,-0.9064,-0.5546,-0.1609,mid,0.0,3,0,1,0.05,3.139,13.0,3.0,0.7692,동탄5동,-0.1609,-0.3518,0.14485,0,DRT,31240650,동,8.64,19.75,3.2,41590-55902,634.8,127.13372,37.21075
다사6808,am,0.644479,0.470264,1.2077,0.4177,0.79,need,0.94351,5,4,3,0.6997,10.129,822.0,41.0,0.0754,동탄9동,0.79,0.79,0.61236,4,ADD_FREQ,31240720,동,64.45,47.03,205.5,41590-55934,180.2,127.14516,37.17473
다사6809,am,0.596038,0.275497,1.0242,-0.2765,1.3007,need,1.78635,6,4,2,0.3827,3.294,2127.0,94.0,0.1105,동탄9동,1.3007,1.3007,0.74997,4,NEW_STOP,31240720,동,59.6,27.55,531.8,41590-55817,370.4,127.14512,37.18374
다사6810,am,0.41656,0.210375,0.3443,-0.5087,0.8529,need,0.93154,5,3,1,0.422,1.448,284.0,225.0,0.0915,동탄9동,0.8529,0.8529,0.46544,3,NEW_STOP,31240720,동,41.66,21.04,71.0,41590-36505,346.8,127.14507,37.19276
다사6811,am,0.2235,0.138349,-0.387,-0.7654,0.321,mid,0.0,4,2,1,0.05,1.638,78.0,58.0,0.3333,동탄5동,0.321,0.3783,0.3234,1,DRT,31240650,동,22.35,13.83,19.5,41590-36505,665.1,127.14503,37.20177
다사6812,am,0.104332,0.011,-0.8384,-1.2193,0.1969,mid,0.0,3,0,0,0.05,0.0,23.0,12.0,0.2174,동탄5동,0.1969,0.3808,0.20866,0,DRT,31240650,동,10.43,1.1,5.8,41590-36505,860.8,127.14499,37.21079
다사6909,am,0.0,0.011,-1.2337,-1.2193,-0.0,mid,0.0,3,0,0,0.05,0.0,0.0,0.0,0.0,동탄9동,-0.0,-0.0144,0.0,0,DRT,31240720,동,0.0,1.1,0.0,41590-55934,1239.6,127.15638,37.18378
다사6910,am,0.0,0.011,-1.2337,-1.2193,-0.0,mid,0.0,3,0,0,0.05,0.0,0.0,0.0,0.0,동탄9동,-0.0,-0.0144,0.0,0,DRT,31240720,동,0.0,1.1,0.0,41590-55934,1312.7,127.15634,37.19279
다바1595,day,0.0,0.011,-1.4814,-1.3331,-0.0,mid,0.0,3,0,0,0.05,0.0,0.0,0.0,0.0,우정읍,-0.0,-0.1483,0.0,0,DRT,31240130,읍,0.0,1.1,0.0,41590-60113,13496.1,126.54964,37.05427
다바3297,day,0.001647,0.081667,-1.4751,-1.0891,-0.0113,mid,0.0,3,0,1,0.05,0.823,0.0,0.0,0.0,우정읍,-0.0113,-0.3859,0.0,0,DRT,31240130,읍,0.16,8.17,0.0,41590-36991,664.2,126.74064,37.07367
다바3298,day,0.0,0.011,-1.4814,-1.3331,-0.0,mid,0.0,3,0,0,0.05,0.0,0.0,0.0,0.0,우정읍,-0.0,-0.1483,0.0,0,DRT,31240130,읍,0.0,1.1,0.0,41590-36991,1144.8,126.74055,37.08269
다바3299,day,0.0,0.011,-1.4814,-1.3331,-0.0,mid,0.0,3,0,0,0.05,0.0,0.0,0.0,0.0,우정읍,-0.0,-0.1483,0.0,0,DRT,31240130,읍,0.0,1.1,0.0,41590-36991,2044.1,126.74046,37.0917
다바3393,day,0.47798,0.578495,0.3581,0.626,-0.268,ok,0.0,2,3,3,0.653,39.244,326.0,151.0,0.4387,우정읍,-0.268,-0.268,0.59455,3,ADD_FREQ,31240130,읍,47.8,57.85,81.5,41590-36589,208.2,126.75224,37.03769
다바3394,day,0.199214,0.289033,-0.7148,-0.3733,-0.2262,mid,0.0,3,1,1,0.05,9.618,13.0,3.0,0.3846,우정읍,-0.2262,-0.3415,0.24394,0,DRT,31240130,읍,19.92,28.9,3.2,41590-37476,629.7,126.75216,37.04671
다바3396,day,0.0,0.011,-1.4814,-1.3331,-0.0,mid,0.0,3,0,0,0.05,0.0,0.0,0.0,0.0,우정읍,-0.0,-0.1483,0.0,0,DRT,31240130,읍,0.0,1.1,0.0,41590-37518,1160.2,126.75198,37.06473
다바3397,day,0.0,0.011,-1.4814,-1.3331,-0.0,mid,0.0,3,0,0,0.05,0.0,0.0,0.0,0.0,우정읍,-0.0,-0.1483,0.0,0,DRT,31240130,읍,0.0,1.1,0.0,41590-36991,1662.2,126.75189,37.07375
다바3398,day,0.0,0.011,-1.4814,-1.3331,-0.0,mid,0.0,3,0,0,0.05,0.0,0.0,0.0,0.0,우정읍,-0.0,-0.1483,0.0,0,DRT,31240130,읍,0.0,1.1,0.0,41590-37448,1802.9,126.7518,37.08276
다바3399,day,0.0,0.011,-1.4814,-1.3331,-0.0,mid,0.0,3,0,0,0.05,0.0,0.0,0.0,0.0,우정읍,-0.0,-0.1483,0.0,0,DRT,31240130,읍,0.0,1.1,0.0,41590-37485,1856.6,126.75171,37.09177
다바3493,day,0.363196,0.389521,-0.0837,-0.0263,-0.0561,mid,0.0,3,2,2,0.633,7.386,317.0,68.0,0.2744,우정읍,-0.0561,-0.0573,0.58538,3,ADD_FREQ,31240130,읍,36.32,38.95,79.2,41590-36583,220.2,126.76349,37.03776
다바3494,day,0.430132,0.651614,0.1739,0.8785,-0.7045,mid,0.0,1,3,3,0.8088,54.978,193.0,62.0,0.4145,우정읍,-0.7045,-0.7045,0.53103,2,ADD_FREQ,31240130,읍,43.01,65.16,48.2,41590-36830,114.7,126.7634,37.04678
다바3495,day,0.346814,0.38283,-0.1467,-0.0494,-0.0924,mid,0.0,3,2,2,0.508,9.008,233.0,491.0,0.2446,우정읍,-0.0924,-0.0973,0.55147,3,ADD_FREQ,31240130,읍,34.68,38.28,58.2,41590-37388,295.2,126.76331,37.05579
다바3496,day,0.0,0.011,-1.4814,-1.3331,-0.0,mid,0.0,3,0,0,0.05,0.0,0.0,0.0,0.0,우정읍,-0.0,-0.1483,0.0,0,DRT,31240130,읍,0.0,1.1,0.0,41590-37518,1182.8,126.76323,37.0648
다바3497,day,0.106834,0.037166,-1.0703,-1.2428,0.0762,mid,0.0,3,0,1,0.05,0.249,13.0,7.0,0.7692,우정읍,0.0762,0.1725,0.21009,0,DRT,31240130,읍,10.68,3.72,3.2,41590-37448,783.4,126.76314,37.07382
다바3498,day,0.068304,0.011,-1.2186,-1.3331,0.0378,mid,0.0,3,0,0,0.05,0.0,5.0,0.0,0.0,우정읍,0.0378,0.1145,0.13661,0,DRT,31240130,읍,6.83,1.1,1.2,41590-37485,900.0,126.76305,37.08283
다바3499,day,0.068304,0.011,-1.2186,-1.3331,0.0378,mid,0.0,3,0,0,0.05,0.0,5.0,3.0,0.0,우정읍,0.0378,0.1145,0.13661,0,DRT,31240130,읍,6.83,1.1,1.2,41590-37485,939.6,126.76297,37.09184
다바3593,day,0.424091,0.584148,0.1507,0.6456,-0.4949,mid,0.0,2,3,3,0.8858,26.323,284.0,51.0,0.3521,우정읍,-0.4949,-0.4949,0.57576,3,ADD_FREQ,31240130,읍,42.41,58.41,71.0,41590-36582,68.5,126.77473,37.03783
다바3594,day,0.312789,0.39159,-0.2777,-0.0192,-0.2295,mid,0.0,3,2,2,0.0953,22.319,63.0,20.0,0.4444,우정읍,-0.2295,-0.2585,0.42224,1,DRT,31240130,읍,31.28,39.16,15.8,41590-55142,542.8,126.77465,37.04684
다바3595,day,0.326428,0.369786,-0.2252,-0.0945,-0.1193,mid,0.0,3,2,2,0.2485,13.551,127.0,420.0,0.4882,우정읍,-0.1193,-0.1307,0.50257,2,NEW_STOP,31240130,읍,32.64,36.98,31.8,41590-36580,450.9,126.77456,37.05586
다바3596,day,0.285697,0.388378,-0.3819,-0.0303,-0.2944,mid,0.0,2,1,2,0.545,8.79,128.0,205.0,0.4609,우정읍,-0.2944,-0.3516,0.49107,2,ADD_FREQ,31240130,읍,28.57,38.84,32.0,41590-36941,273.0,126.77447,37.06487
다바3597,day,0.288767,0.24816,-0.3701,-0.5144,0.1216,drt,0.0,3,2,1,0.1933,4.739,163.0,8.0,0.5215,우정읍,0.1216,0.1443,0.52064,2,NEW_STOP,31240130,읍,28.88,24.82,40.8,41590-37448,484.0,126.77439,37.07389
다바3598,day,0.35031,0.614254,-0.1333,0.7495,-0.8439,mid,0.0,1,2,3,0.7408,45.276,143.0,27.0,0.4196,우정읍,-0.8439,-0.8828,0.50041,2,ADD_FREQ,31240130,읍,35.03,61.43,35.8,41590-36858,155.5,126.7743,37.0829
다바3599,day,0.278153,0.221692,-0.411,-0.6057,0.1603,drt,0.0,3,1,1,0.0553,4.932,133.0,79.0,0.4887,우정읍,0.1603,0.1948,0.50368,2,DRT,31240130,읍,27.82,22.17,33.2,41590-37485,566.8,126.77422,37.09191
다바3693,day,0.230274,0.156906,-0.5952,-0.8294,0.1704,mid,0.0,3,1,1,0.05,2.455,53.0,770.0,0.6792,우정읍,0.1704,0.2342,0.42321,1,DRT,31240130,읍,23.03,15.69,13.2,41590-36464,636.3,126.78598,37.0379
다바3694,day,0.299206,0.379842,-0.3299,-0.0598,-0.2331,mid,0.0,3,2,2,0.2645,14.382,133.0,33.0,0.2707,우정읍,-0.2331,-0.2702,0.49989,2,NEW_STOP,31240130,읍,29.92,37.98,33.2,41590-36953,441.3,126.78589,37.04691
다바3695,day,0.463587,0.544492,0.3027,0.5087,-0.206,ok,0.0,3,3,3,0.447,43.306,544.0,196.0,0.1562,우정읍,-0.206,-0.206,0.64623,3,NEW_STOP,31240130,읍,46.36,54.45,136.0,41590-37521,331.8,126.78581,37.05593
다바3696,day,0.406169,0.458306,0.0817,0.2111,-0.1294,mid,0.0,3,3,2,0.2183,31.663,271.0,145.0,0.2841,우정읍,-0.1294,-0.1294,0.56871,3,NEW_STOP,31240130,읍,40.62,45.83,67.8,41590-37525,469.0,126.78572,37.06494
다바3697,day,0.251069,0.264763,-0.5152,-0.457,-0.0448,drt,0.0,3,1,1,0.0723,7.286,98.0,74.0,0.4592,우정읍,-0.0448,-0.0581,0.47549,1,DRT,31240130,읍,25.11,26.48,24.5,41590-37392,556.6,126.78564,37.07395
다바3698,day,0.347986,0.280262,-0.1422,-0.4035,0.2487,mid,0.0,3,2,1,0.2278,6.068,198.0,159.0,0.2626,우정읍,0.2487,0.2613,0.535,2,NEW_STOP,31240130,읍,34.8,28.03,49.5,41590-37452,463.3,126.78555,37.08297
다바3699,day,0.268327,0.385362,-0.4488,-0.0407,-0.328,mid,0.0,2,1,2,0.4508,10.379,68.0,106.0,0.5294,우정읍,-0.328,-0.4081,0.44276,1,NEW_STOP,31240130,읍,26.83,38.54,17.0,41590-55159,329.5,126.78547,37.09198
다바3791,day,0.002282,0.027652,-1.4726,-1.2756,-0.0071,mid,0.0,3,0,1,0.05,0.152,0.0,0.0,0.0,우정읍,-0.0071,-0.197,0.0,0,DRT,31240130,읍,0.23,2.77,0.0,41590-37498,793.5,126.79739,37.01994
다바3792,day,0.418329,0.481821,0.1285,0.2923,-0.1638,mid,0.0,3,3,2,0.5428,20.746,283.0,297.0,0.2756,우정읍,-0.1638,-0.1638,0.57314,3,ADD_FREQ,31240130,읍,41.83,48.18,70.8,41590-37498,274.3,126.7973,37.02895
다바3793,day,0.42193,0.490261,0.1424,0.3214,-0.1791,mid,0.0,3,3,2,0.3813,30.597,304.0,407.0,0.2993,우정읍,-0.1791,-0.1791,0.5815,3,NEW_STOP,31240130,읍,42.19,49.03,76.0,41590-36461,371.2,126.79722,37.03797
다바3794,day,0.43092,0.551099,0.177,0.5315,-0.3545,mid,0.0,2,3,3,0.7135,27.476,299.0,1301.0,0.1672,우정읍,-0.3545,-0.3545,0.57472,3,ADD_FREQ,31240130,읍,43.09,55.11,74.8,41590-36829,171.9,126.79714,37.04698
다바3795,day,0.36938,0.613686,-0.0599,0.7475,-0.7989,mid,0.0,1,2,3,0.7852,41.39,178.0,521.0,0.264,장안면,-0.7989,-0.8074,0.51646,2,ADD_FREQ,31240390,면,36.94,61.37,44.5,41590-36950,128.9,126.79705,37.05599
다바3796,day,0.595963,0.730176,0.8121,1.1497,-0.3376,ok,0.0,2,4,4,0.7938,111.233,917.0,619.0,0.12,우정읍,-0.3376,-0.3376,0.70583,4,ADD_FREQ,31240130,읍,59.6,73.02,229.2,41590-36918,123.7,126.79697,37.06501
다바3797,day,0.257754,0.20797,-0.4895,-0.6531,0.1282,drt,0.0,3,1,1,0.05,4.332,138.0,447.0,0.1884,우정읍,0.1282,0.1636,0.49426,2,DRT,31240130,읍,25.78,20.8,34.5,41590-37391,604.7,126.79689,37.07402
다바3798,day,0.297207,0.505693,-0.3376,0.3747,-0.612,mid,0.0,2,2,3,0.845,14.141,237.0,75.0,0.2278,우정읍,-0.612,-0.7123,0.55115,3,ADD_FREQ,31240130,읍,29.72,50.57,59.2,41590-36837,93.0,126.7968,37.08303
다바3799,day,0.261108,0.42186,-0.4766,0.0853,-0.4437,mid,0.0,2,1,2,0.3348,18.274,118.0,49.0,0.4322,우정읍,-0.4437,-0.5619,0.48612,1,NEW_STOP,31240130,읍,26.11,42.19,29.5,41590-37395,399.1,126.79672,37.09205
다바3891,day,0.0,0.011,-1.4814,-1.3331,-0.0,mid,0.0,3,0,0,0.05,0.0,0.0,0.0,0.0,우정읍,-0.0,-0.1483,0.0,0,DRT,31240130,읍,0.0,1.1,0.0,41590-37498,1396.6,126.80863,37.02001
다바3892,day,0.218585,0.183418,-0.6402,-0.7379,0.0687,mid,0.0,3,1,1,0.05,3.328,49.0,75.0,0.0,우정읍,0.0687,0.0977,0.36639,0,DRT,31240130,읍,21.86,18.34,12.2,41590-36826,683.8,126.80854,37.02902
다바3893,day,0.300622,0.338845,-0.3245,-0.2013,-0.1066,mid,0.0,3,2,2,0.2095,11.033,218.0,278.0,0.0229,우정읍,-0.1066,-0.1232,0.53822,2,NEW_STOP,31240130,읍,30.06,33.88,54.5,41590-36827,474.3,126.80846,37.03803
다바3894,day,0.34598,0.500565,-0.1499,0.357,-0.4807,mid,0.0,2,2,3,0.6442,20.1,285.0,309.0,0.2807,우정읍,-0.4807,-0.5069,0.57042,3,ADD_FREQ,31240130,읍,34.6,50.06,71.2,41590-36913,213.5,126.80838,37.04705
다바3895,day,0.283757,0.371315,-0.3894,-0.0892,-0.2503,mid,0.0,2,1,2,0.3362,11.513,93.0,148.0,0.3333,장안면,-0.2503,-0.3002,0.45521,1,NEW_STOP,31240390,면,28.38,37.13,23.2,41590-36772,398.3,126.8083,37.05606
다바3896,day,0.456347,0.52365,0.2748,0.4367,-0.1619,ok,0.0,3,3,3,0.2755,50.143,441.0,126.0,0.1859,장안면,-0.1619,-0.1619,0.62094,3,NEW_STOP,31240390,면,45.63,52.36,110.2,41590-37434,434.7,126.80822,37.06507
다바3897,day,0.601742,0.6087,0.8344,0.7303,0.104,ok,0.0,3,4,3,0.178,125.419,1212.0,210.0,0.1576,장안면,0.104,0.104,0.73815,4,NEW_STOP,31240390,면,60.17,60.87,303.0,41590-36617,493.2,126.80814,37.07409
다바3898,day,0.582186,0.539144,0.7591,0.4902,0.2689,ok,0.0,4,4,3,0.5088,36.716,1408.0,129.0,0.1669,우정읍,0.2689,0.2689,0.75601,4,ADD_FREQ,31240130,읍,58.22,53.91,352.0,41590-37397,294.7,126.80805,37.0831
다바3899,day,0.234508,0.483924,-0.5789,0.2996,-0.647,mid,0.0,2,1,2,0.7717,13.433,108.0,77.0,0.3426,우정읍,-0.647,-0.8785,0.46473,1,ADD_FREQ,31240130,읍,23.45,48.39,27.0,41590-36989,137.0,126.80797,37.09211
다바3991,day,0.0,0.011,-1.4814,-1.3331,-0.0,mid,0.0,3,0,0,0.05,0.0,0.0,3.0,0.0,장안면,-0.0,-0.1483,0.0,0,DRT,31240390,면,0.0,1.1,0.0,41590-36881,1573.9,126.81987,37.02007
다바3992,day,0.277218,0.149636,-0.4146,-0.8545,0.3612,mid,0.0,4,1,1,0.05,2.248,53.0,23.0,0.5849,장안면,0.3612,0.4399,0.43091,1,DRT,31240390,면,27.72,14.96,13.2,41590-36881,575.2,126.81979,37.02908
다바3993,day,0.372981,0.46491,-0.046,0.2339,-0.2788,mid,0.0,2,2,2,0.5195,18.675,178.0,40.0,0.4663,장안면,-0.2788,-0.2799,0.52527,2,ADD_FREQ,31240390,면,37.3,46.49,44.5,41590-36716,288.3,126.81971,37.0381
다바3994,day,0.302006,0.218215,-0.3192,-0.6177,0.2592,mid,0.0,4,2,1,0.05,4.817,208.0,5.0,0.3702,장안면,0.2592,0.2986,0.54184,2,DRT,31240390,면,30.2,21.82,52.0,41590-36769,669.9,126.81963,37.04711
다바3995,day,0.27668,0.23627,-0.4166,-0.5554,0.1138,drt,0.0,3,1,1,0.1013,5.161,108.0,238.0,0.2407,장안면,0.1138,0.1388,0.47632,1,DRT,31240390,면,27.67,23.63,27.0,41590-37430,539.2,126.81955,37.05613
다바3996,day,0.307552,0.41484,-0.2978,0.0611,-0.3153,mid,0.0,2,2,2,0.3867,15.481,263.0,179.0,0.3612,장안면,-0.3153,-0.3589,0.56782,3,NEW_STOP,31240390,면,30.76,41.48,65.8,41590-36915,368.0,126.81947,37.06514
다바3997,day,0.708862,0.85178,1.2466,1.5695,-0.3229,ok,0.0,2,4,4,0.597,454.708,1675.0,277.0,0.1152,장안면,-0.3229,-0.3229,0.7742,4,ADD_FREQ,31240390,면,70.89,85.18,418.8,41590-37524,241.8,126.81938,37.07415
다바3998,day,0.865335,0.944911,1.8488,1.891,-0.0422,ok,0.0,3,4,4,0.9652,504.204,4856.0,1504.0,0.1606,우정읍,-0.0422,-0.0422,0.89918,4,ADD_FREQ,31240130,읍,86.53,94.49,1214.0,41590-36022,20.9,126.8193,37.08317
다바3999,day,0.725346,0.708964,1.31,1.0765,0.2336,ok,0.0,3,4,4,0.5897,136.277,2653.0,379.0,0.1135,우정읍,0.2336,0.2336,0.82723,4,ADD_FREQ,31240130,읍,72.53,70.9,663.2,41590-36821,246.2,126.81922,37.09218
다바4091,day,0.126158,0.011,-0.9959,-1.3331,0.166,mid,0.0,3,0,0,0.05,0.0,8.0,9.0,0.0,장안면,0.166,0.3372,0.25232,0,DRT,31240390,면,12.62,1.1,2.0,41590-55148,1726.9,126.83111,37.02013
다바4092,day,0.130942,0.011,-0.9775,-1.3331,0.1793,mid,0.0,3,0,0,0.05,0.0,13.0,33.0,0.0,장안면,0.1793,0.3556,0.26188,0,DRT,31240390,면,13.09,1.1,3.2,41590-55148,950.8,126.83103,37.02915
다바4093,day,0.239878,0.157247,-0.5583,-0.8282,0.2018,mid,0.0,3,1,1,0.05,2.465,48.0,5.0,0.6458,장안면,0.2018,0.27,0.41212,1,DRT,31240390,면,23.99,15.72,12.0,41590-37535,594.6,126.83095,37.03816
다바4094,day,0.211072,0.235417,-0.6691,-0.5584,-0.0762,mid,0.0,3,1,1,0.4052,2.466,50.0,86.0,0.2,장안면,-0.0762,-0.1108,0.40052,1,NEW_STOP,31240390,면,21.11,23.54,12.5,41590-36776,356.9,126.83087,37.04718
다바4095,day,0.235871,0.266938,-0.5737,-0.4495,-0.0918,mid,0.0,3,1,1,0.1425,6.403,53.0,42.0,0.5849,장안면,-0.0918,-0.1241,0.42614,1,DRT,31240390,면,23.59,26.69,13.2,41590-36773,514.5,126.83079,37.05619
다바4096,day,0.245112,0.126354,-0.5381,-0.9349,0.3007,drt,0.0,4,1,1,0.05,1.665,107.0,210.0,0.1402,장안면,0.3007,0.3968,0.46405,1,DRT,31240390,면,24.51,12.64,26.8,41590-37514,768.5,126.83071,37.0652
다바4097,day,0.389666,0.516157,0.0182,0.4108,-0.3926,mid,0.0,2,2,3,0.48,31.742,178.0,125.0,0.3933,장안면,-0.3926,-0.3926,0.52314,2,NEW_STOP,31240390,면,38.97,51.62,44.5,41590-37129,312.0,126.83063,37.07422
다바4098,day,0.60019,0.680154,0.8284,0.977,-0.1486,ok,0.0,3,4,4,0.5822,107.985,866.0,556.0,0.1409,장안면,-0.1486,-0.1486,0.69661,4,ADD_FREQ,31240390,면,60.02,68.02,216.5,41590-37125,250.7,126.83055,37.08323
다바4099,day,0.568697,0.779266,0.7072,1.3192,-0.612,ok,0.0,2,3,4,0.8387,155.632,474.0,172.0,0.211,장안면,-0.612,-0.612,0.63051,3,ADD_FREQ,31240390,면,56.87,77.93,118.5,41590-36835,96.8,126.83048,37.09224
다바4191,day,0.064944,0.011,-1.2315,-1.3331,0.0325,mid,0.0,3,0,0,0.05,0.0,5.0,3.0,0.0,장안면,0.0325,0.1016,0.12989,0,DRT,31240390,면,6.49,1.1,1.2,41590-55148,1553.1,126.84235,37.0202
다바4192,day,0.128119,0.290311,-0.9884,-0.3688,-0.308,mid,0.0,2,0,1,0.05,9.734,8.0,10.0,1.25,장안면,-0.308,-0.6195,0.25028,0,DRT,31240390,면,12.81,29.03,2.0,41590-55148,580.1,126.84227,37.02921
다바4193,day,0.461554,0.611043,0.2948,0.7384,-0.4436,ok,0.0,2,3,3,0.7247,45.412,378.0,103.0,0.4233,장안면,-0.4436,-0.4436,0.60922,3,ADD_FREQ,31240390,면,46.16,61.1,94.5,41590-36984,165.2,126.84219,37.03822
다바4194,day,0.185728,0.03938,-0.7667,-1.2351,0.2965,mid,0.0,4,0,1,0.179,0.0,38.0,14.0,0.3947,장안면,0.2965,0.4685,0.37146,1,NEW_STOP,31240390,면,18.57,3.94,9.5,41590-36776,492.6,126.84212,37.04724
다바4195,day,0.258948,0.37159,-0.4849,-0.0883,-0.3115,mid,0.0,2,1,2,0.5537,7.352,118.0,61.0,0.5424,장안면,-0.3115,-0.3966,0.49306,2,ADD_FREQ,31240390,면,25.89,37.16,29.5,41590-36942,267.8,126.84204,37.05625
다바4196,day,0.479889,0.56775,0.3654,0.5889,-0.2235,ok,0.0,3,3,3,0.5212,45.998,274.0,364.0,0.3102,장안면,-0.2235,-0.2235,0.56744,3,ADD_FREQ,31240390,면,47.99,56.77,68.5,41590-37132,287.3,126.84196,37.06527
다바4197,day,0.362685,0.294215,-0.0856,-0.3554,0.2637,mid,0.0,4,2,1,0.05,10.096,283.0,155.0,0.4276,장안면,0.2637,0.2697,0.57798,3,DRT,31240390,면,36.27,29.42,70.8,41590-36909,654.3,126.84188,37.07428
다바4198,day,0.228222,0.239111,-0.6031,-0.5456,-0.0416,mid,0.0,3,1,1,0.1258,5.029,89.0,265.0,0.1685,장안면,-0.0416,-0.0575,0.44637,1,DRT,31240390,면,22.82,23.91,22.2,41590-55497,524.5,126.84181,37.08329
다바4199,day,0.37404,0.257148,-0.0419,-0.4833,0.4403,mid,0.0,4,2,1,0.05,7.098,303.0,235.0,0.2145,장안면,0.4403,0.4414,0.58159,3,DRT,31240390,면,37.4,25.71,75.8,41590-37453,751.0,126.84173,37.09231
다바4292,day,0.212518,0.011,-0.6636,-1.3331,0.4625,mid,0.0,4,1,0,0.05,0.0,58.0,18.0,0.2241,장안면,0.4625,0.6695,0.42504,1,DRT,31240390,면,21.25,1.1,14.5,41590-36982,1086.0,126.85351,37.02927
다바4293,day,0.420011,0.399245,0.135,0.0072,0.1278,mid,0.0,3,3,2,0.3565,14.273,358.0,170.0,0.3296,장안면,0.1278,0.1278,0.59944,3,NEW_STOP,31240390,면,42.0,39.92,89.5,41590-36714,386.1,126.85344,37.03829
다바4294,day,0.381911,0.483982,-0.0117,0.2998,-0.3114,mid,0.0,2,2,2,0.4912,23.395,126.0,288.0,0.2937,장안면,-0.3114,-0.3114,0.49005,2,NEW_STOP,31240390,면,38.19,48.4,31.5,41590-36798,305.3,126.85336,37.0473
다바4295,day,0.386504,0.57526,0.006,0.6149,-0.6089,mid,0.0,2,2,3,0.6448,38.755,153.0,201.0,0.3595,장안면,-0.6089,-0.6089,0.50697,2,ADD_FREQ,31240390,면,38.65,57.53,38.2,41590-37823,213.1,126.85329,37.05631
다바4296,day,0.448857,0.593379,0.246,0.6774,-0.4314,mid,0.0,2,3,3,0.8808,28.83,252.0,980.0,0.1151,장안면,-0.4314,-0.4314,0.55447,3,ADD_FREQ,31240390,면,44.89,59.34,63.0,41590-37796,71.5,126.85321,37.06533
다바4297,day,0.515591,0.534029,0.5028,0.4725,0.0303,ok,0.0,3,3,3,0.5453,32.73,436.0,745.0,0.1904,장안면,0.0303,0.0303,0.61916,3,ADD_FREQ,31240390,면,51.56,53.4,109.0,41590-37142,272.8,126.85313,37.07434
다바4298,day,0.354318,0.315572,-0.1178,-0.2816,0.1578,mid,0.0,3,2,1,0.05,12.304,167.0,576.0,0.1557,장안면,0.1578,0.1638,0.51074,2,DRT,31240390,면,35.43,31.56,41.8,41590-37151,661.4,126.85306,37.08335
다바4299,day,0.275021,0.019839,-0.423,-1.3026,0.7185,drt,0.0,5,1,1,0.05,0.078,232.0,891.0,0.0431,장안면,0.7185,0.8796,0.54297,2,DRT,31240390,면,27.5,1.98,58.0,41590-37158,794.0,126.85298,37.09237
다바4393,day,0.133907,0.011,-0.9661,-1.3331,0.1878,mid,0.0,3,0,0,0.05,0.0,18.0,3.0,0.0,장안면,0.1878,0.367,0.26781,0,DRT,31240390,면,13.39,1.1,4.5,41590-36714,1175.4,126.86468,37.03835
다바4394,day,0.282214,0.347961,-0.3953,-0.1698,-0.1873,mid,0.0,3,1,2,0.4052,8.019,78.0,21.0,0.4615,장안면,-0.1873,-0.2255,0.44108,1,NEW_STOP,31240390,면,28.22,34.8,19.5,41590-37820,356.9,126.86461,37.04736
다바4395,day,0.258587,0.320446,-0.4863,-0.2648,-0.1738,mid,0.0,3,1,1,0.3515,6.892,98.0,69.0,0.4796,장안면,-0.1738,-0.2215,0.47051,1,NEW_STOP,31240390,면,25.86,32.04,24.5,41590-37819,389.1,126.86453,37.05637
다바4396,day,0.273455,0.190941,-0.429,-0.7119,0.2302,drt,0.0,3,1,1,0.1055,3.159,110.0,134.0,0.2818,장안면,0.2302,0.2829,0.4824,1,DRT,31240390,면,27.35,19.09,27.5,41590-36727,536.7,126.86446,37.06539
다바4397,day,0.437841,0.463749,0.2036,0.2299,-0.0263,mid,0.0,3,3,2,0.2615,30.557,461.0,1229.0,0.1345,장안면,-0.0263,-0.0263,0.62629,3,NEW_STOP,31240390,면,43.78,46.37,115.2,41590-37942,443.1,126.86438,37.0744
다바4398,day,0.469209,0.577482,0.3243,0.6225,-0.2982,ok,0.0,2,3,3,0.444,57.972,411.0,969.0,0.1582,장안면,-0.2982,-0.2982,0.6117,3,NEW_STOP,31240390,면,46.92,57.75,102.8,41590-37156,333.6,126.86431,37.08342
다바4399,day,0.513746,0.523299,0.4957,0.4355,0.0602,ok,0.0,3,3,3,0.6762,23.11,576.0,684.0,0.2066,장안면,0.0602,0.0602,0.65185,3,ADD_FREQ,31240390,면,51.37,52.33,144.0,41590-37840,194.3,126.86423,37.09243
다바4495,day,0.100072,0.149997,-1.0963,-0.8532,-0.1029,mid,0.0,3,0,1,0.05,2.258,8.0,5.0,0.0,장안면,-0.1029,-0.2431,0.1946,0,DRT,31240390,면,10.01,15.0,2.0,41590-37819,611.9,126.87578,37.05643
다바4496,day,0.236146,0.193564,-0.5726,-0.7028,0.0963,mid,0.0,3,1,1,0.1117,3.204,43.0,26.0,0.2326,장안면,0.0963,0.1302,0.40704,1,DRT,31240390,면,23.61,19.36,10.8,41590-36727,533.0,126.8757,37.06545
다바4497,day,0.296555,0.377784,-0.3401,-0.0669,-0.2344,mid,0.0,3,2,2,0.312,12.831,38.0,346.0,0.1316,장안면,-0.2344,-0.2733,0.35002,0,NEW_STOP,31240390,면,29.66,37.78,9.5,41590-37613,412.8,126.87563,37.07446
다바4498,day,0.204613,0.113043,-0.694,-0.9808,0.1933,mid,0.0,3,1,1,0.05,1.38,39.0,17.0,0.2564,장안면,0.1933,0.2868,0.36945,1,DRT,31240390,면,20.46,11.3,9.8,41590-37841,731.2,126.87556,37.08348
다바4499,day,0.222878,0.011,-0.6237,-1.3331,0.5055,mid,0.0,4,1,0,0.05,0.0,68.0,117.0,0.4853,장안면,0.5055,0.7094,0.44576,1,DRT,31240390,면,22.29,1.1,17.0,41590-37840,808.9,126.87548,37.09249
다바4597,day,0.329306,0.367454,-0.2141,-0.1025,-0.1025,mid,0.0,3,2,2,0.5285,7.452,108.0,163.0,0.3611,향남읍,-0.1025,-0.1116,0.47442,1,ADD_FREQ,31240140,읍,32.93,36.75,27.0,41590-37814,282.9,126.88688,37.07452
다바4598,day,0.196805,0.011,-0.724,-1.3331,0.4003,mid,0.0,4,0,0,0.05,0.0,51.0,174.0,0.098,향남읍,0.4003,0.6091,0.39361,1,DRT,31240140,읍,19.68,1.1,12.8,41590-37814,813.5,126.88681,37.08353
다바4599,day,0.308338,0.457228,-0.2948,0.2074,-0.4419,mid,0.0,2,2,2,0.601,14.827,285.0,329.0,0.4982,향남읍,-0.4419,-0.5022,0.58505,3,ADD_FREQ,31240140,읍,30.83,45.72,71.2,41590-37875,239.4,126.88673,37.09255
다바4697,day,0.351602,0.486189,-0.1283,0.3074,-0.4175,mid,0.0,2,2,2,0.5952,19.465,73.0,189.0,0.3836,향남읍,-0.4175,-0.4357,0.4515,1,ADD_FREQ,31240140,읍,35.16,48.62,18.2,41590-36733,242.9,126.89813,37.07458
다바4698,day,0.622185,0.657144,0.913,0.8976,0.0155,ok,0.0,3,4,4,0.736,66.229,769.0,3343.0,0.0507,향남읍,0.0155,0.0155,0.68004,4,ADD_FREQ,31240140,읍,62.22,65.71,192.2,41590-37759,158.4,126.89806,37.08359
다바4699,day,0.630868,0.556041,0.9464,0.5485,0.3979,ok,0.0,4,4,3,0.3587,56.65,1112.0,1830.0,0.1628,향남읍,0.3979,0.3979,0.72656,4,NEW_STOP,31240140,읍,63.09,55.6,278.0,41590-37876,384.8,126.89799,37.09261
다바4797,day,0.434376,0.60963,0.1903,0.7335,-0.5433,mid,0.0,2,3,3,0.8607,34.563,203.0,1295.0,0.2956,양감면,-0.5433,-0.5433,0.53674,2,ADD_FREQ,31240420,면,43.44,60.96,50.8,41590-37868,83.6,126.90938,37.07463
다바4798,day,0.745577,0.673194,1.3879,0.953,0.4349,ok,0.0,4,4,4,0.5162,115.216,3945.0,3493.0,0.0416,향남읍,0.4349,0.4349,0.87047,4,ADD_FREQ,31240140,읍,74.56,67.32,986.2,41590-55074,290.3,126.90931,37.08365
다바4799,day,0.507832,0.684837,0.4729,0.9932,-0.5202,ok,0.0,2,3,4,0.5155,127.462,68.0,4971.0,0.0,향남읍,-0.5202,-0.5202,0.39667,1,ADD_FREQ,31240140,읍,50.78,68.48,17.0,41590-37405,290.7,126.90924,37.09266
다바4896,day,0.404347,0.410831,0.0747,0.0472,0.0275,mid,0.0,3,3,2,0.2538,19.419,289.0,291.0,0.3356,양감면,0.0275,0.0275,0.57407,3,NEW_STOP,31240420,면,40.43,41.08,72.2,41590-37964,447.7,126.9207,37.06568
다바4897,day,0.36985,0.404185,-0.0581,0.0243,-0.0815,mid,0.0,3,2,2,0.67,7.864,187.0,315.0,0.2299,양감면,-0.0815,-0.0823,0.52816,2,ADD_FREQ,31240420,면,36.99,40.42,46.8,41590-55069,198.0,126.92063,37.07469
다바4898,day,0.360496,0.571843,-0.0941,0.6031,-0.679,mid,0.0,2,2,3,0.7488,30.794,240.0,778.0,0.2042,향남읍,-0.679,-0.6971,0.55349,3,ADD_FREQ,31240140,읍,36.05,57.18,60.0,41590-55367,150.7,126.92056,37.0837
다바4899,day,0.301808,0.336868,-0.3199,-0.2081,-0.097,mid,0.0,3,2,2,0.151,12.2,93.0,736.0,0.2796,향남읍,-0.097,-0.1118,0.45333,1,NEW_STOP,31240140,읍,30.18,33.69,23.2,41590-37344,509.4,126.92049,37.09272
다바4996,day,0.3387,0.368133,-0.1779,-0.1002,-0.0727,mid,0.0,3,2,2,0.5362,7.38,210.0,652.0,0.1,양감면,-0.0727,-0.0778,0.52902,2,ADD_FREQ,31240420,면,33.87,36.81,52.5,41590-60030,278.3,126.93194,37.06573
다바4997,day,0.262361,0.12263,-0.4717,-0.9477,0.3771,drt,0.0,4,1,1,0.05,1.582,133.0,486.0,0.2556,양감면,0.3771,0.476,0.4856,1,DRT,31240420,면,26.24,12.26,33.2,41590-60032,670.3,126.93188,37.07474
다바4998,day,0.32044,0.337036,-0.2482,-0.2075,-0.0367,mid,0.0,3,2,2,0.3707,7.767,157.0,532.0,0.3121,양감면,-0.0367,-0.0407,0.51429,2,NEW_STOP,31240420,면,32.04,33.7,39.2,41590-55408,377.6,126.93181,37.08376
다바4999,day,0.349748,0.336587,-0.1354,-0.2091,0.0703,mid,0.0,3,2,2,0.2872,9.209,221.0,396.0,0.1674,양감면,0.0703,0.0737,0.53653,2,NEW_STOP,31240420,면,34.97,33.66,55.2,41590-55834,427.7,126.93174,37.09277
다바5096,day,0.284765,0.101192,-0.3855,-1.0217,0.5316,drt,0.0,4,1,1,0.05,1.152,265.0,1123.0,0.0566,양감면,0.5316,0.6362,0.55612,3,DRT,31240420,면,28.48,10.12,66.2,41590-60029,658.8,126.94319,37.06578
다바5097,day,0.382876,0.450711,-0.0079,0.1849,-0.1928,mid,0.0,3,2,2,0.7043,11.344,398.0,976.0,0.1106,양감면,-0.1928,-0.1928,0.60708,3,ADD_FREQ,31240420,면,38.29,45.07,99.5,41590-37857,177.4,126.94313,37.0748
다바5098,day,0.58465,0.680495,0.7686,0.9782,-0.2096,ok,0.0,3,4,4,0.8073,70.749,604.0,491.0,0.1788,양감면,-0.2096,-0.2096,0.65668,3,ADD_FREQ,31240420,면,58.46,68.05,151.0,41590-36778,115.6,126.94306,37.08381
다바5099,day,0.452351,0.518011,0.2594,0.4172,-0.1578,ok,0.0,3,3,3,0.5137,30.233,280.0,397.0,0.1571,양감면,-0.1578,-0.1578,0.57038,3,ADD_FREQ,31240420,면,45.24,51.8,70.0,41590-36106,291.8,126.943,37.09283
다바5197,day,0.404448,0.54853,0.0751,0.5226,-0.4475,mid,0.0,2,3,3,0.4865,41.589,169.0,246.0,0.2012,양감면,-0.4475,-0.4475,0.52336,2,NEW_STOP,31240420,면,40.44,54.85,42.2,41590-36133,308.1,126.95438,37.07485
다바5198,day,0.419106,0.48697,0.1315,0.3101,-0.1786,mid,0.0,3,3,2,0.2475,38.46,178.0,55.0,0.3652,양감면,-0.1786,-0.1786,0.52549,2,NEW_STOP,31240420,면,41.91,48.7,44.5,41590-36127,451.5,126.95431,37.08386
다바5199,day,0.369708,0.318838,-0.0586,-0.2704,0.2096,mid,0.0,3,2,1,0.5845,4.036,278.0,377.0,0.1583,양감면,0.2096,0.2117,0.56836,3,ADD_FREQ,31240420,면,36.97,31.88,69.5,41590-55462,249.3,126.95425,37.09288
다바5297,day,0.425418,0.633808,0.1558,0.817,-0.6612,mid,0.0,2,3,3,0.7045,57.481,202.0,559.0,0.1782,양감면,-0.6612,-0.6612,0.53106,2,ADD_FREQ,31240420,면,42.54,63.38,50.5,41590-36150,177.3,126.96563,37.0749
다바5298,day,0.294083,0.264674,-0.3497,-0.4574,0.0919,mid,0.0,3,2,1,0.2075,5.431,89.0,405.0,0.4045,양감면,0.0919,0.1077,0.46451,1,NEW_STOP,31240420,면,29.41,26.47,22.2,41590-36791,475.5,126.96556,37.08392
다바5299,day,0.399246,0.328701,0.0551,-0.2363,0.2914,mid,0.0,4,3,2,0.1295,11.82,400.0,958.0,0.2125,양감면,0.2914,0.2914,0.60888,3,DRT,31240420,면,39.92,32.87,100.0,41590-36165,522.3,126.9655,37.09293
다바5397,day,0.391984,0.505658,0.0271,0.3746,-0.3475,mid,0.0,2,2,3,0.617,22.181,184.0,319.0,0.2228,양감면,-0.3475,-0.3475,0.52696,2,ADD_FREQ,31240420,면,39.2,50.57,46.0,41590-36478,229.8,126.97688,37.07495
다바5398,day,0.379982,0.440346,-0.0191,0.1491,-0.1682,mid,0.0,3,2,2,0.4117,18.535,248.0,794.0,0.1573,양감면,-0.1682,-0.1682,0.55454,3,NEW_STOP,31240420,면,38.0,44.03,62.0,41590-36207,353.0,126.97681,37.08397
다바5399,day,0.38237,0.564698,-0.0099,0.5784,-0.5883,mid,0.0,2,2,3,0.658,34.459,139.0,435.0,0.1655,양감면,-0.5883,-0.5883,0.49258,2,ADD_FREQ,31240420,면,38.24,56.47,34.8,41590-55342,205.2,126.97675,37.09298
다바5497,day,0.349,0.235215,-0.1383,-0.5591,0.4013,mid,0.0,4,2,1,0.05,5.721,186.0,107.0,0.3763,양감면,0.4013,0.4207,0.53424,2,DRT,31240420,면,34.9,23.52,46.5,41590-36472,625.9,126.98813,37.075
다바5498,day,0.306822,0.409282,-0.3006,0.0419,-0.3004,mid,0.0,2,2,2,0.3933,14.526,38.0,126.0,0.2632,양감면,-0.3004,-0.3425,0.37584,1,NEW_STOP,31240420,면,30.68,40.93,9.5,41590-36473,364.0,126.98806,37.08401
다바5499,day,0.344718,0.422138,-0.1548,0.0863,-0.228,mid,0.0,3,2,2,0.5403,12.157,249.0,242.0,0.4056,양감면,-0.228,-0.241,0.55903,3,ADD_FREQ,31240420,면,34.47,42.21,62.2,41590-36251,275.8,126.988,37.09303
다사1401,day,0.138282,0.011,-0.9492,-1.3331,0.2006,mid,0.0,3,0,0,0.05,0.0,13.0,0.0,0.7692,우정읍,0.2006,0.3839,0.27656,0,DRT,31240130,읍,13.83,1.1,3.2,41590-60113,9432.9,126.53771,37.10826
다사2208,day,0.364593,0.144279,-0.0783,-0.873,0.7797,mid,0.0,5,2,1,0.64,0.03,183.0,153.0,0.4645,서신면,0.7797,0.7947,0.53435,2,ADD_FREQ,31240370,면,36.46,14.43,45.8,41590-60007,216.0,126.62702,37.17205
다사2302,day,0.0,0.011,-1.4814,-1.3331,-0.0,mid,0.0,3,0,0,0.05,0.0,0.0,0.0,0.0,서신면,-0.0,-0.1483,0.0,0,DRT,31240370,면,0.0,1.1,0.0,41590-37837,4003.1,126.63889,37.11805
다사2405,day,0.0,0.011,-1.4814,-1.3331,-0.0,mid,0.0,3,0,0,0.05,0.0,0.0,0.0,0.0,서신면,-0.0,-0.1483,0.0,0,DRT,31240370,면,0.0,1.1,0.0,41590-36947,2469.6,126.64985,37.14517
다사2416,day,0.251701,0.361049,-0.5128,-0.1246,-0.2993,mid,0.0,2,1,2,0.2992,11.289,93.0,10.0,0.4194,송산면,-0.2993,-0.3881,0.45982,1,NEW_STOP,31240360,면,25.17,36.1,23.2,41590-55867,420.5,126.64873,37.24431
다사2417,day,0.0,0.011,-1.4814,-1.3331,-0.0,mid,0.0,3,0,0,0.05,0.0,0.0,0.0,0.0,송산면,-0.0,-0.1483,0.0,0,DRT,31240360,면,0.0,1.1,0.0,41590-60130,908.5,126.64863,37.25333
다사2420,day,0.0,0.011,-1.4814,-1.3331,-0.0,mid,0.0,3,0,0,0.05,0.0,0.0,0.0,0.0,송산면,-0.0,-0.1483,0.0,0,DRT,31240360,면,0.0,1.1,0.0,41590-60130,3774.4,126.64833,37.28037
다사2508,day,0.497827,0.787981,0.4344,1.3492,-0.9148,ok,0.0,1,3,4,0.8037,179.077,208.0,150.0,0.4327,서신면,-0.9148,-0.9148,0.53887,2,ADD_FREQ,31240370,면,49.78,78.8,52.0,41590-55347,117.8,126.66081,37.17229
다사2511,day,0.269698,0.283501,-0.4435,-0.3924,-0.0413,mid,0.0,3,1,1,0.0567,9.005,8.0,22.0,0.0,송산면,-0.0413,-0.0511,0.14568,0,DRT,31240360,면,26.97,28.35,2.0,41590-55063,566.0,126.66051,37.19933
다사2512,day,0.0,0.011,-1.4814,-1.3331,-0.0,mid,0.0,3,0,0,0.05,0.0,0.0,0.0,0.0,송산면,-0.0,-0.1483,0.0,0,DRT,31240360,면,0.0,1.1,0.0,41590-55063,1457.6,126.66041,37.20834
다사2514,day,0.0,0.011,-1.4814,-1.3331,-0.0,mid,0.0,3,0,0,0.05,0.0,0.0,0.0,0.0,송산면,-0.0,-0.1483,0.0,0,DRT,31240360,면,0.0,1.1,0.0,41590-55189,1365.4,126.66021,37.22637
다사2515,day,0.218194,0.375812,-0.6417,-0.0737,-0.3992,mid,0.0,2,1,2,0.276,13.548,33.0,3.0,0.4545,송산면,-0.3992,-0.568,0.3793,1,NEW_STOP,31240360,면,21.82,37.58,8.2,41590-55189,434.4,126.66011,37.23538
다사2516,day,0.201987,0.347156,-0.7041,-0.1726,-0.3552,mid,0.0,2,1,2,0.1043,14.719,18.0,7.0,1.1111,송산면,-0.3552,-0.5315,0.32257,0,DRT,31240360,면,20.2,34.72,4.5,41590-60130,537.4,126.66001,37.2444
다사2517,day,0.0,0.011,-1.4814,-1.3331,-0.0,mid,0.0,3,0,0,0.05,0.0,0.0,0.0,0.0,송산면,-0.0,-0.1483,0.0,0,DRT,31240360,면,0.0,1.1,0.0,41590-60130,873.1,126.65991,37.25341
다사2518,day,0.0,0.011,-1.4814,-1.3331,-0.0,mid,0.0,3,0,0,0.05,0.0,0.0,0.0,0.0,송산면,-0.0,-0.1483,0.0,0,DRT,31240360,면,0.0,1.1,0.0,41590-60130,1798.4,126.65981,37.26242
다사2519,day,0.0,0.011,-1.4814,-1.3331,-0.0,mid,0.0,3,0,0,0.05,0.0,0.0,0.0,0.0,송산면,-0.0,-0.1483,0.0,0,DRT,31240360,면,0.0,1.1,0.0,41590-60130,2775.8,126.65971,37.27143
다사2520,day,0.0,0.011,-1.4814,-1.3331,-0.0,mid,0.0,3,0,0,0.05,0.0,0.0,0.0,0.0,송산면,-0.0,-0.1483,0.0,0,DRT,31240360,면,0.0,1.1,0.0,41590-60130,3766.0,126.65961,37.28045
다사2607,day,0.476176,0.791662,0.3511,1.362,-1.0108,ok,0.0,1,3,4,0.8675,163.899,190.0,288.0,0.3105,서신면,-1.0108,-1.0108,0.53321,2,ADD_FREQ,31240370,면,47.62,79.17,47.5,41590-37866,79.5,126.67217,37.16336
다사2608,day,0.39733,0.422088,0.0477,0.0861,-0.0384,mid,0.0,3,2,2,0.05,31.89,294.0,91.0,0.5646,서신면,-0.0384,-0.0384,0.58573,3,DRT,31240370,면,39.73,42.21,73.5,41590-37926,671.1,126.67207,37.17237
다사2609,day,0.418323,0.420746,0.1285,0.0814,0.047,mid,0.0,3,3,2,0.2442,21.619,251.0,1185.0,0.0717,서신면,0.047,0.047,0.54833,2,NEW_STOP,31240370,면,41.83,42.07,62.8,41590-37258,453.5,126.67197,37.18138
다사2610,day,0.394433,0.370956,0.0365,-0.0904,0.127,mid,0.0,3,2,2,0.3945,10.186,180.0,1248.0,0.0278,서신면,0.127,0.127,0.51134,2,NEW_STOP,31240370,면,39.44,37.1,45.0,41590-37595,363.3,126.67187,37.1904
다사2611,day,0.07025,0.185867,-1.2111,-0.7294,-0.162,mid,0.0,3,0,1,0.05,3.419,5.0,14.0,0.0,송산면,-0.162,-0.4817,0.12989,0,DRT,31240360,면,7.02,18.59,1.2,41590-37893,596.1,126.67178,37.19941
다사2612,day,0.257531,0.211535,-0.4903,-0.6408,0.1178,mid,0.0,3,1,1,0.0528,4.467,73.0,71.0,0.5068,송산면,0.1178,0.1505,0.43574,1,DRT,31240360,면,25.75,21.15,18.2,41590-36346,568.3,126.67168,37.20842
다사2613,day,0.20913,0.042237,-0.6766,-1.2253,0.3751,mid,0.0,4,1,1,0.05,0.304,33.0,25.0,0.9394,송산면,0.3751,0.5487,0.41133,1,DRT,31240360,면,20.91,4.22,8.2,41590-36346,784.2,126.67158,37.21744
다사2614,day,0.0,0.011,-1.4814,-1.3331,-0.0,mid,0.0,3,0,0,0.05,0.0,0.0,28.0,0.0,송산면,-0.0,-0.1483,0.0,0,DRT,31240360,면,0.0,1.1,0.0,41590-55195,1315.1,126.67148,37.22645
다사2615,day,0.349931,0.321506,-0.1347,-0.2612,0.1208,mid,0.0,3,2,1,0.05,12.992,224.0,93.0,0.5045,송산면,0.1208,0.1264,0.54906,2,DRT,31240360,면,34.99,32.15,56.0,41590-55190,628.3,126.67138,37.23546
다사2616,day,0.359635,0.444728,-0.0974,0.1642,-0.2544,mid,0.0,2,2,2,0.2913,24.391,138.0,5.0,0.3623,송산면,-0.2544,-0.2616,0.49194,2,NEW_STOP,31240360,면,35.96,44.47,34.5,41590-55190,425.2,126.67128,37.24447
다사2617,day,0.0,0.011,-1.4814,-1.3331,-0.0,mid,0.0,3,0,0,0.05,0.0,0.0,0.0,0.0,송산면,-0.0,-0.1483,0.0,0,DRT,31240360,면,0.0,1.1,0.0,41590-55190,1403.0,126.67118,37.25349
다사2618,day,0.0,0.011,-1.4814,-1.3331,-0.0,mid,0.0,3,0,0,0.05,0.0,0.0,0.0,0.0,송산면,-0.0,-0.1483,0.0,0,DRT,31240360,면,0.0,1.1,0.0,41590-60062,2155.7,126.67108,37.2625
다사2619,day,0.0,0.011,-1.4814,-1.3331,-0.0,mid,0.0,3,0,0,0.05,0.0,0.0,0.0,0.0,송산면,-0.0,-0.1483,0.0,0,DRT,31240360,면,0.0,1.1,0.0,41590-60062,2785.2,126.67099,37.27151
다사2620,day,0.0,0.011,-1.4814,-1.3331,-0.0,mid,0.0,3,0,0,0.05,0.0,0.0,0.0,0.0,송산면,-0.0,-0.1483,0.0,0,DRT,31240360,면,0.0,1.1,0.0,41590-60062,3588.4,126.67089,37.28053
다사2703,day,0.296805,0.438697,-0.3392,0.1434,-0.4142,mid,0.0,2,2,2,0.8738,7.119,143.0,15.0,0.3916,서신면,-0.4142,-0.4826,0.50185,2,ADD_FREQ,31240370,면,29.68,43.87,35.8,41590-36489,75.7,126.68382,37.12738
다사2704,day,0.236676,0.011,-0.5706,-1.3331,0.565,drt,0.0,4,1,0,0.05,0.0,98.0,16.0,0.4796,서신면,0.565,0.7625,0.47335,1,DRT,31240370,면,23.67,1.1,24.5,41590-37029,765.5,126.68372,37.13639
다사2705,day,0.224962,0.130643,-0.6157,-0.9201,0.2182,mid,0.0,3,1,1,0.5938,0.0,73.0,19.0,0.4247,서신면,0.2182,0.3044,0.44992,1,ADD_FREQ,31240370,면,22.5,13.06,18.2,41590-36840,243.7,126.68362,37.14541
다사2707,day,0.283771,0.276372,-0.3893,-0.417,0.023,mid,0.0,3,1,1,0.05,8.535,93.0,241.0,0.0538,서신면,0.023,0.0276,0.44438,1,DRT,31240370,면,28.38,27.64,23.2,41590-37017,709.8,126.68343,37.16343
다사2708,day,0.501997,0.710916,0.4505,1.0832,-0.6327,ok,0.0,2,3,4,0.5282,155.579,268.0,365.0,0.2201,서신면,-0.6327,-0.6327,0.56582,3,ADD_FREQ,31240370,면,50.2,71.09,67.0,41590-37784,283.1,126.68333,37.17245
다사2709,day,0.250533,0.31778,-0.5173,-0.274,-0.187,mid,0.0,3,1,1,0.0515,12.518,118.0,145.0,0.2373,서신면,-0.187,-0.2432,0.484,1,DRT,31240370,면,25.05,31.78,29.5,41590-36491,569.1,126.68324,37.18146
다사2710,day,0.29024,0.356481,-0.3644,-0.1404,-0.1895,mid,0.0,3,2,2,0.7532,4.059,118.0,597.0,0.2797,서신면,-0.1895,-0.224,0.48568,1,ADD_FREQ,31240370,면,29.02,35.65,29.5,41590-37511,148.1,126.68314,37.19047
다사2711,day,0.186452,0.011,-0.7639,-1.3331,0.3612,mid,0.0,4,0,0,0.05,0.0,38.0,41.0,0.2632,서신면,0.3612,0.5692,0.3729,1,DRT,31240370,면,18.65,1.1,9.5,41590-37511,1135.6,126.68304,37.19949
다사2712,day,0.207614,0.16535,-0.6824,-0.8002,0.0802,mid,0.0,3,1,1,0.05,2.712,33.0,141.0,0.4545,송산면,0.0802,0.1178,0.3621,0,DRT,31240360,면,20.76,16.53,8.2,41590-36346,621.0,126.68295,37.2085
다사2713,day,0.253266,0.573883,-0.5067,0.6101,-0.8647,over,0.0,1,1,3,0.8748,24.561,73.0,240.0,0.3151,송산면,-0.8647,-1.1169,0.44036,1,ADD_FREQ,31240360,면,25.33,57.39,18.2,41590-36490,75.1,126.68285,37.21751
다사2714,day,0.258027,0.127671,-0.4884,-0.9303,0.3463,drt,0.0,4,1,1,0.05,1.695,109.0,274.0,0.3303,송산면,0.3463,0.4419,0.48303,1,DRT,31240360,면,25.8,12.77,27.2,41590-55193,756.0,126.68275,37.22653
다사2715,day,0.376636,0.673492,-0.032,0.954,-0.9859,mid,0.0,1,2,4,0.8472,61.753,184.0,242.0,0.3207,송산면,-0.9859,-0.9859,0.52411,2,ADD_FREQ,31240360,면,37.66,67.35,46.0,41590-55194,91.7,126.68265,37.23554
다사2716,day,0.226178,0.011,-0.611,-1.3331,0.5195,drt,0.0,4,1,0,0.05,0.0,78.0,12.0,0.6667,송산면,0.5195,0.7221,0.45236,1,DRT,31240360,면,22.62,1.1,19.5,41590-55864,913.1,126.68256,37.24455
다사2717,day,0.146205,0.011,-0.9188,-1.3331,0.2245,mid,0.0,3,0,0,0.05,0.0,13.0,0.0,0.0,송산면,0.2245,0.4143,0.29241,0,DRT,31240360,면,14.62,1.1,3.2,41590-60062,880.0,126.68246,37.25357
다사2718,day,0.0,0.011,-1.4814,-1.3331,-0.0,mid,0.0,3,0,0,0.05,0.0,0.0,0.0,0.0,송산면,-0.0,-0.1483,0.0,0,DRT,31240360,면,0.0,1.1,0.0,41590-60062,1374.7,126.68236,37.26258
다사2720,day,0.0,0.011,-1.4814,-1.3331,-0.0,mid,0.0,3,0,0,0.05,0.0,0.0,3.0,0.0,송산면,-0.0,-0.1483,0.0,0,DRT,31240360,면,0.0,1.1,0.0,41590-60062,3181.4,126.68217,37.28061
다사2802,day,0.480528,0.390995,0.3679,-0.0213,0.3891,mid,0.0,4,3,2,0.209,17.76,149.0,148.0,0.1879,서신면,0.3891,0.3891,0.49782,2,NEW_STOP,31240370,면,48.05,39.1,37.2,41590-37220,474.6,126.69517,37.11844
다사2803,day,0.442091,0.570992,0.2199,0.6001,-0.3802,mid,0.0,2,3,3,0.5772,42.509,240.0,52.0,0.3,서신면,-0.3802,-0.3802,0.55896,3,ADD_FREQ,31240370,면,44.21,57.1,60.0,41590-37670,253.7,126.69507,37.12746
다사2804,day,0.407148,0.521287,0.0855,0.4285,-0.3431,mid,0.0,2,3,3,0.4378,36.006,323.0,129.0,0.2693,서신면,-0.3431,-0.3431,0.58681,3,NEW_STOP,31240370,면,40.71,52.13,80.8,41590-37482,337.3,126.69498,37.13647
다사2805,day,0.286362,0.294691,-0.3794,-0.3537,-0.0215,drt,0.0,3,1,1,0.0682,9.769,93.0,18.0,0.4516,서신면,-0.0215,-0.0256,0.47296,1,DRT,31240370,면,28.64,29.47,23.2,41590-36840,559.1,126.69488,37.14548
다사2806,day,0.275684,0.280743,-0.4205,-0.4019,-0.0152,mid,0.0,3,1,1,0.1848,6.691,69.0,552.0,0.2609,서신면,-0.0152,-0.0186,0.43064,1,NEW_STOP,31240370,면,27.57,28.07,17.2,41590-55209,489.1,126.69479,37.1545
다사2807,day,0.27653,0.186425,-0.4172,-0.7275,0.2544,drt,0.0,4,1,1,0.05,3.44,223.0,89.0,0.4036,서신면,0.2544,0.3103,0.55248,3,DRT,31240370,면,27.65,18.64,55.8,41590-60102,570.7,126.69469,37.16351
다사2808,day,0.507933,0.808172,0.4733,1.4189,-0.9456,ok,0.0,1,3,4,0.9102,174.188,340.0,449.0,0.2647,서신면,-0.9456,-0.9456,0.58982,3,ADD_FREQ,31240370,면,50.79,80.82,85.0,41590-37031,53.9,126.6946,37.17252
다사2809,day,0.311678,0.440059,-0.2819,0.1481,-0.3811,mid,0.0,2,2,2,0.288,23.556,183.0,85.0,0.3825,서신면,-0.3811,-0.4301,0.5255,2,NEW_STOP,31240370,면,31.17,44.01,45.8,41590-36491,427.2,126.6945,37.18154
다사2810,day,0.343986,0.39885,-0.1576,0.0059,-0.1544,mid,0.0,3,2,2,0.6368,8.013,143.0,106.0,0.4895,서신면,-0.1544,-0.1635,0.50728,2,ADD_FREQ,31240370,면,34.4,39.88,35.8,41590-37371,217.9,126.69441,37.19055
다사2811,day,0.298127,0.275814,-0.3341,-0.4189,0.073,mid,0.0,3,2,1,0.4242,3.715,120.0,149.0,0.3,서신면,0.073,0.0848,0.4917,2,NEW_STOP,31240370,면,29.81,27.58,30.0,41590-37923,345.5,126.69431,37.19956
다사2812,day,0.164484,0.011,-0.8484,-1.3331,0.2835,mid,0.0,4,0,0,0.05,0.0,33.0,262.0,0.0,송산면,0.2835,0.4847,0.32897,0,DRT,31240360,면,16.45,1.1,8.2,41590-37362,1121.4,126.69421,37.20858
다사2813,day,0.377067,0.3891,-0.0303,-0.0278,-0.0025,mid,0.0,3,2,2,0.2392,16.448,392.0,1359.0,0.0918,송산면,-0.0025,-0.0025,0.6067,3,NEW_STOP,31240360,면,37.71,38.91,98.0,41590-36496,456.5,126.69412,37.21759
다사2814,day,0.401895,0.514521,0.0653,0.4052,-0.3399,mid,0.0,2,3,3,0.2108,52.407,191.0,376.0,0.3403,송산면,-0.3399,-0.3399,0.53431,2,NEW_STOP,31240360,면,40.19,51.45,47.8,41590-55197,473.5,126.69402,37.2266
다사2815,day,0.312692,0.380975,-0.278,-0.0559,-0.1973,mid,0.0,3,2,2,0.0847,20.737,118.0,123.0,0.4576,송산면,-0.1973,-0.2222,0.49046,2,DRT,31240360,면,31.27,38.1,29.5,41590-55862,549.2,126.69393,37.23562
다사2816,day,0.281512,0.383292,-0.398,-0.0479,-0.2904,mid,0.0,2,1,2,0.1657,18.054,73.0,11.0,0.5068,송산면,-0.2904,-0.3502,0.43925,1,NEW_STOP,31240360,면,28.15,38.33,18.2,41590-60065,500.6,126.69383,37.24463
다사2817,day,0.421058,0.635907,0.139,0.8242,-0.6852,mid,0.0,2,3,3,0.7765,51.036,317.0,28.0,0.3407,송산면,-0.6852,-0.6852,0.58575,3,ADD_FREQ,31240360,면,42.11,63.59,79.2,41590-60062,134.1,126.69373,37.25364
다사2818,day,0.0,0.011,-1.4814,-1.3331,-0.0,mid,0.0,3,0,0,0.05,0.0,0.0,0.0,0.0,송산면,-0.0,-0.1483,0.0,0,DRT,31240360,면,0.0,1.1,0.0,41590-60062,1064.8,126.69364,37.26266
다사2819,day,0.0,0.011,-1.4814,-1.3331,-0.0,mid,0.0,3,0,0,0.05,0.0,0.0,0.0,0.0,송산면,-0.0,-0.1483,0.0,0,DRT,31240360,면,0.0,1.1,0.0,41590-60062,2061.0,126.69354,37.27167
다사2903,day,0.104657,0.011,-1.0787,-1.3331,0.1109,mid,0.0,3,0,0,0.05,0.0,5.0,0.0,1.0,서신면,0.1109,0.2544,0.20931,0,DRT,31240370,면,10.47,1.1,1.2,41590-55216,1054.4,126.70633,37.12753
다사2904,day,0.358796,0.455715,-0.1006,0.2022,-0.294,mid,0.0,2,2,2,0.2742,27.785,158.0,38.0,0.443,서신면,-0.294,-0.3028,0.51844,2,NEW_STOP,31240370,면,35.88,45.57,39.5,41590-36765,435.5,126.70624,37.13655
다사2905,day,0.334886,0.504294,-0.1926,0.3699,-0.5222,mid,0.0,2,2,3,0.6105,22.194,173.0,32.0,0.4162,서신면,-0.5222,-0.5625,0.52275,2,ADD_FREQ,31240370,면,33.49,50.43,43.2,41590-55138,233.7,126.70614,37.14556
다사2906,day,0.337881,0.553438,-0.1811,0.5395,-0.6729,mid,0.0,2,2,3,0.5998,34.925,118.0,77.0,0.4407,서신면,-0.6729,-0.7206,0.48126,1,ADD_FREQ,31240370,면,33.79,55.34,29.5,41590-55222,240.1,126.70605,37.15457
다사2907,day,0.580956,0.719571,0.7544,1.1131,-0.3587,ok,0.0,2,4,4,0.7335,113.806,461.0,460.0,0.2668,서신면,-0.3587,-0.3587,0.62624,3,ADD_FREQ,31240370,면,58.1,71.96,115.2,41590-55214,159.9,126.70595,37.16359
다사2908,day,0.666599,0.822593,1.084,1.4687,-0.3848,ok,0.0,2,4,4,0.8543,218.813,945.0,270.0,0.2392,서신면,-0.3848,-0.3848,0.71075,4,ADD_FREQ,31240370,면,66.66,82.26,236.2,41590-36495,87.4,126.70586,37.1726
다사2909,day,0.509993,0.777334,0.4813,1.3125,-0.8312,ok,0.0,1,3,4,0.7902,167.704,200.0,174.0,0.325,서신면,-0.8312,-0.8312,0.53021,2,ADD_FREQ,31240370,면,51.0,77.73,50.0,41590-37048,125.9,126.70577,37.18161
다사2910,day,0.309369,0.365809,-0.2908,-0.1082,-0.161,mid,0.0,3,2,2,0.05,19.388,104.0,138.0,0.375,서신면,-0.161,-0.1826,0.46681,1,DRT,31240370,면,30.94,36.58,26.0,41590-37061,699.3,126.70567,37.19063
다사2911,day,0.297914,0.535998,-0.3349,0.4793,-0.7006,over,0.0,1,2,3,0.751,22.351,118.0,85.0,0.5508,송산면,-0.7006,-0.8142,0.48413,1,ADD_FREQ,31240360,면,29.79,53.6,29.5,41590-37455,149.4,126.70558,37.19964
다사2912,day,0.221737,0.021788,-0.6281,-1.2959,0.4742,mid,0.0,4,1,1,0.05,0.096,68.0,147.0,0.4559,송산면,0.4742,0.6678,0.43821,1,DRT,31240360,면,22.17,2.18,17.0,41590-37364,775.8,126.70548,37.20865
다사2913,day,0.268619,0.183037,-0.4477,-0.7392,0.2345,drt,0.0,3,1,1,0.05,3.314,148.0,131.0,0.3514,송산면,0.2345,0.2915,0.50204,2,DRT,31240360,면,26.86,18.3,37.0,41590-55203,702.7,126.70539,37.21767
다사2914,day,0.39938,0.603835,0.0556,0.7135,-0.6579,mid,0.0,2,3,3,0.523,62.644,223.0,184.0,0.2466,송산면,-0.6579,-0.6579,0.54453,2,ADD_FREQ,31240360,면,39.94,60.38,55.8,41590-37046,286.2,126.70529,37.22668
다사2915,day,0.281535,0.482226,-0.3979,0.2937,-0.5736,mid,0.0,2,1,2,0.4983,22.714,78.0,32.0,0.5641,송산면,-0.5736,-0.6916,0.44355,1,NEW_STOP,31240360,면,28.15,48.22,19.5,41590-60003,301.0,126.7052,37.23569
다사2916,day,0.32231,0.430077,-0.241,0.1137,-0.3212,mid,0.0,2,2,2,0.2525,23.107,118.0,19.0,0.4407,송산면,-0.3212,-0.3547,0.48465,1,NEW_STOP,31240360,면,32.23,43.01,29.5,41590-60005,448.5,126.7051,37.24471
다사2917,day,0.237583,0.011,-0.5671,-1.3331,0.569,drt,0.0,4,1,0,0.05,0.0,113.0,3.0,0.3717,송산면,0.569,0.766,0.47517,1,DRT,31240360,면,23.76,1.1,28.2,41590-60077,924.9,126.70501,37.25372
다사2918,day,0.07079,0.011,-1.209,-1.3331,0.042,mid,0.0,3,0,0,0.05,0.0,5.0,0.0,0.0,송산면,0.042,0.1241,0.14158,0,DRT,31240360,면,7.08,1.1,1.2,41590-60061,1530.2,126.70491,37.26273
다사2919,day,0.0,0.011,-1.4814,-1.3331,-0.0,mid,0.0,3,0,0,0.05,0.0,0.0,0.0,0.0,송산면,-0.0,-0.1483,0.0,0,DRT,31240360,면,0.0,1.1,0.0,41590-60062,2343.7,126.70482,37.27175
다사3003,day,0.0,0.011,-1.4814,-1.3331,-0.0,mid,0.0,3,0,0,0.05,0.0,0.0,0.0,0.0,서신면,-0.0,-0.1483,0.0,0,DRT,31240370,면,0.0,1.1,0.0,41590-55218,1821.3,126.71759,37.12761
다사3004,day,0.139902,0.011,-0.943,-1.3331,0.2054,mid,0.0,3,0,0,0.05,0.0,18.0,3.0,0.5556,서신면,0.2054,0.3901,0.2798,0,DRT,31240370,면,13.99,1.1,4.5,41590-36765,1172.7,126.7175,37.13662
다사3005,day,0.220058,0.044206,-0.6345,-1.2185,0.4126,mid,0.0,4,1,1,0.05,0.326,73.0,61.0,0.5068,서신면,0.4126,0.5839,0.44012,1,DRT,31240370,면,22.01,4.42,18.2,41590-37577,598.8,126.7174,37.14564
다사3006,day,0.227177,0.429807,-0.6071,0.1127,-0.5193,mid,0.0,2,1,2,0.641,10.634,73.0,14.0,0.6027,서신면,-0.5193,-0.7199,0.43716,1,ADD_FREQ,31240370,면,22.72,42.98,18.2,41590-37577,215.4,126.71731,37.15465
다사3007,day,0.259572,0.04653,-0.4825,-1.2104,0.5727,drt,0.0,4,1,1,0.2115,0.0,186.0,348.0,0.2204,서신면,0.5727,0.728,0.51914,2,NEW_STOP,31240370,면,25.96,4.65,46.5,41590-37931,473.1,126.71722,37.16366
다사3008,day,0.243385,0.011,-0.5448,-1.3331,0.5948,drt,0.0,4,1,0,0.05,0.0,123.0,11.0,0.3821,서신면,0.5948,0.7883,0.48677,1,DRT,31240370,면,24.34,1.1,30.8,41590-37398,754.5,126.71712,37.17268
다사3009,day,0.345032,0.289982,-0.1536,-0.37,0.2048,mid,0.0,3,2,1,0.05,9.704,175.0,344.0,0.28,마도면,0.2048,0.2164,0.52035,2,DRT,31240350,면,34.5,29.0,43.8,41590-55360,574.8,126.71703,37.18169
다사3010,day,0.400906,0.681354,0.0614,0.9811,-0.9197,mid,0.0,1,3,4,0.5765,110.275,103.0,200.0,0.4272,서신면,-0.9197,-0.9197,0.48557,1,ADD_FREQ,31240370,면,40.09,68.14,25.8,41590-36767,254.1,126.71694,37.1907
다사3011,day,0.465143,0.537579,0.3087,0.4848,-0.1761,ok,0.0,3,3,3,0.2557,58.744,173.0,60.0,0.4624,송산면,-0.1761,-0.1761,0.52502,2,NEW_STOP,31240360,면,46.51,53.76,43.2,41590-36357,446.6,126.71684,37.19972
다사3012,day,0.294942,0.398543,-0.3464,0.0048,-0.3002,mid,0.0,2,2,2,0.5788,9.019,226.0,247.0,0.3319,송산면,-0.3002,-0.3511,0.54988,2,ADD_FREQ,31240360,면,29.49,39.85,56.5,41590-37366,252.7,126.71675,37.20873
다사3013,day,0.299204,0.596376,-0.3299,0.6878,-0.8782,over,0.0,1,2,3,0.9005,28.495,170.0,548.0,0.1824,송산면,-0.8782,-1.0177,0.51479,2,ADD_FREQ,31240360,면,29.92,59.64,42.5,41590-55204,59.7,126.71666,37.21774
다사3014,day,0.271991,0.381015,-0.4347,-0.0557,-0.3073,mid,0.0,2,1,2,0.61,7.144,173.0,193.0,0.3468,송산면,-0.3073,-0.379,0.51697,2,ADD_FREQ,31240360,면,27.2,38.1,43.2,41590-60002,234.0,126.71657,37.22676
다사3015,day,0.211323,0.011,-0.6682,-1.3331,0.4577,mid,0.0,4,1,0,0.05,0.0,58.0,5.0,0.5345,송산면,0.4577,0.6649,0.42265,1,DRT,31240360,면,21.13,1.1,14.5,41590-37608,803.2,126.71647,37.23577
다사3016,day,0.246685,0.011,-0.5321,-1.3331,0.6097,drt,0.0,4,1,0,0.05,0.0,128.0,5.0,0.4688,송산면,0.6097,0.801,0.49337,2,DRT,31240360,면,24.67,1.1,32.0,41590-60005,1325.9,126.71638,37.24478
다사3017,day,0.236032,0.011,-0.5731,-1.3331,0.5621,drt,0.0,4,1,0,0.05,0.0,98.0,5.0,0.5306,송산면,0.5621,0.76,0.47206,1,DRT,31240360,면,23.6,1.1,24.5,41590-60060,1731.4,126.71629,37.25379
다사3018,day,0.0,0.011,-1.4814,-1.3331,-0.0,mid,0.0,3,0,0,0.05,0.0,0.0,0.0,0.0,송산면,-0.0,-0.1483,0.0,0,DRT,31240360,면,0.0,1.1,0.0,41590-60061,2301.3,126.71619,37.26281
다사3019,day,0.0,0.011,-1.4814,-1.3331,-0.0,mid,0.0,3,0,0,0.05,0.0,0.0,0.0,0.0,송산면,-0.0,-0.1483,0.0,0,DRT,31240360,면,0.0,1.1,0.0,41590-60061,2941.7,126.7161,37.27182
다사3100,day,0.0,0.011353,-1.4814,-1.3319,-0.0,mid,0.0,3,0,1,0.05,0.003,0.0,0.0,0.0,우정읍,-0.0,-0.1495,0.0,0,DRT,31240130,읍,0.0,1.14,0.0,41590-36991,1914.5,126.72912,37.10064
다사3101,day,0.0,0.011,-1.4814,-1.3331,-0.0,mid,0.0,3,0,0,0.05,0.0,0.0,0.0,0.0,우정읍,-0.0,-0.1483,0.0,0,DRT,31240130,읍,0.0,1.1,0.0,41590-37220,2751.6,126.72903,37.10966
다사3102,day,0.0,0.011,-1.4814,-1.3331,-0.0,mid,0.0,3,0,0,0.05,0.0,0.0,0.0,0.0,우정읍,-0.0,-0.1483,0.0,0,DRT,31240130,읍,0.0,1.1,0.0,41590-55218,3230.3,126.72894,37.11867
다사3104,day,0.195996,0.011,-0.7271,-1.3331,0.3972,mid,0.0,4,0,0,0.05,0.0,38.0,5.0,0.5263,서신면,0.3972,0.606,0.39199,1,DRT,31240370,면,19.6,1.1,9.5,41590-37577,1998.6,126.72875,37.1367
다사3105,day,0.135766,0.011,-0.9589,-1.3331,0.1932,mid,0.0,3,0,0,0.05,0.0,13.0,0.0,0.3846,서신면,0.1932,0.3742,0.27153,0,DRT,31240370,면,13.58,1.1,3.2,41590-60009,1210.0,126.72866,37.14571
다사3106,day,0.304732,0.411034,-0.3087,0.0479,-0.3114,mid,0.0,2,2,2,0.4033,14.467,234.0,84.0,0.5684,서신면,-0.3114,-0.3566,0.55959,3,NEW_STOP,31240370,면,30.47,41.1,58.5,41590-60079,358.0,126.72857,37.15472
다사3107,day,0.245904,0.449695,-0.5351,0.1814,-0.5442,mid,0.0,2,1,2,0.4925,17.184,108.0,43.0,0.4537,서신면,-0.5442,-0.7165,0.47474,1,NEW_STOP,31240370,면,24.59,44.97,27.0,41590-37635,304.5,126.72848,37.16374
다사3108,day,0.228021,0.011,-0.6039,-1.3331,0.5274,drt,0.0,4,1,0,0.05,0.0,88.0,8.0,0.3864,서신면,0.5274,0.7292,0.45604,1,DRT,31240370,면,22.8,1.1,22.0,41590-37824,928.3,126.72839,37.17275
다사3109,day,0.234429,0.011,-0.5792,-1.3331,0.5551,drt,0.0,4,1,0,0.05,0.0,97.0,214.0,0.1856,마도면,0.5551,0.7539,0.46886,1,DRT,31240350,면,23.44,1.1,24.2,41590-55360,1518.1,126.7283,37.18176
다사3110,day,0.248951,0.011,-0.5233,-1.3331,0.62,drt,0.0,4,1,0,0.05,0.0,123.0,65.0,0.374,마도면,0.62,0.8098,0.4979,2,DRT,31240350,면,24.9,1.1,30.8,41590-36357,969.4,126.7282,37.19078
다사3111,day,0.556182,0.550353,0.659,0.5289,0.1301,ok,0.0,3,3,3,0.2238,69.677,778.0,204.0,0.1594,마도면,0.1301,0.1301,0.68575,4,NEW_STOP,31240350,면,55.62,55.04,194.5,41590-37069,465.7,126.72811,37.19979
다사3112,day,0.647455,0.83772,1.0103,1.521,-0.5107,ok,0.0,2,4,4,0.8807,236.956,443.0,558.0,0.2257,송산면,-0.5107,-0.5107,0.62193,3,ADD_FREQ,31240360,면,64.75,83.77,110.8,41590-37370,71.6,126.72802,37.2088
다사3113,day,0.655706,0.547789,1.042,0.52,0.522,ok,0.0,4,4,3,0.423,46.656,1377.0,526.0,0.2012,송산면,0.522,0.522,0.75252,4,NEW_STOP,31240360,면,65.57,54.78,344.2,41590-55206,346.2,126.72793,37.21782
다사3114,day,0.296743,0.667376,-0.3394,0.9329,-1.0919,over,0.0,1,2,4,0.9545,47.744,219.0,642.0,0.2237,송산면,-1.0919,-1.2723,0.54852,2,ADD_FREQ,31240360,면,29.67,66.74,54.8,41590-60074,27.3,126.72784,37.22683
다사3115,day,0.370429,0.593923,-0.0558,0.6793,-0.7288,mid,0.0,1,2,3,0.5953,50.104,244.0,90.0,0.3279,송산면,-0.7288,-0.7351,0.55485,3,ADD_FREQ,31240360,면,37.04,59.39,61.0,41590-37079,242.8,126.72774,37.23584
다사3116,day,0.072839,0.011,-1.2011,-1.3331,0.0455,mid,0.0,3,0,0,0.05,0.0,5.0,0.0,0.0,송산면,0.0455,0.132,0.14568,0,DRT,31240360,면,7.28,1.1,1.2,41590-37401,1121.6,126.72765,37.24486
다사3117,day,0.119531,0.011,-1.0214,-1.3331,0.1481,mid,0.0,3,0,0,0.05,0.0,8.0,0.0,0.625,송산면,0.1481,0.3117,0.23906,0,DRT,31240360,면,11.95,1.1,2.0,41590-37401,1604.0,126.72756,37.25387
다사3118,day,0.0,0.011,-1.4814,-1.3331,-0.0,mid,0.0,3,0,0,0.05,0.0,0.0,0.0,0.0,송산면,-0.0,-0.1483,0.0,0,DRT,31240360,면,0.0,1.1,0.0,41590-37096,2274.6,126.72747,37.26288
다사3119,day,0.0,0.011,-1.4814,-1.3331,-0.0,mid,0.0,3,0,0,0.05,0.0,0.0,0.0,0.0,송산면,-0.0,-0.1483,0.0,0,DRT,31240360,면,0.0,1.1,0.0,41590-37096,3062.5,126.72738,37.2719
다사3121,day,0.0,0.011,-1.4814,-1.3331,-0.0,mid,0.0,3,0,0,0.05,0.0,0.0,0.0,0.0,송산면,-0.0,-0.1483,0.0,0,DRT,31240360,면,0.0,1.1,0.0,41590-37096,4876.6,126.72719,37.28992
다사3200,day,0.0,0.011,-1.4814,-1.3331,-0.0,mid,0.0,3,0,0,0.05,0.0,0.0,0.0,0.0,우정읍,-0.0,-0.1483,0.0,0,DRT,31240130,읍,0.0,1.1,0.0,41590-36991,2598.5,126.74037,37.10071
다사3201,day,0.0,0.011,-1.4814,-1.3331,-0.0,mid,0.0,3,0,0,0.05,0.0,0.0,0.0,0.0,우정읍,-0.0,-0.1483,0.0,0,DRT,31240130,읍,0.0,1.1,0.0,41590-36866,2943.3,126.74028,37.10973
다사3202,day,0.0,0.011,-1.4814,-1.3331,-0.0,mid,0.0,3,0,0,0.05,0.0,0.0,0.0,0.0,우정읍,-0.0,-0.1483,0.0,0,DRT,31240130,읍,0.0,1.1,0.0,41590-36866,2837.2,126.74019,37.11874
다사3203,day,0.0,0.011,-1.4814,-1.3331,-0.0,mid,0.0,3,0,0,0.05,0.0,0.0,0.0,0.0,우정읍,-0.0,-0.1483,0.0,0,DRT,31240130,읍,0.0,1.1,0.0,41590-36866,3072.0,126.7401,37.12776
다사3206,day,0.174923,0.011,-0.8082,-1.3331,0.3195,mid,0.0,4,0,0,0.05,0.0,38.0,11.0,0.2105,서신면,0.3195,0.5249,0.34985,0,DRT,31240370,면,17.49,1.1,9.5,41590-60079,1089.7,126.73983,37.1548
다사3207,day,0.234902,0.106957,-0.5774,-1.0018,0.3129,drt,0.0,4,1,1,0.4862,0.0,113.0,325.0,0.3274,서신면,0.3129,0.4244,0.4698,1,NEW_STOP,31240370,면,23.49,10.7,28.2,41590-37635,308.3,126.73974,37.16381
다사3208,day,0.246411,0.011,-0.5331,-1.3331,0.6084,drt,0.0,4,1,0,0.05,0.0,133.0,77.0,0.3534,마도면,0.6084,0.8,0.49282,2,DRT,31240350,면,24.64,1.1,33.2,41590-37635,608.2,126.73965,37.17282
다사3209,day,0.232997,0.011,-0.5847,-1.3331,0.5488,drt,0.0,4,1,0,0.05,0.0,103.0,40.0,0.4078,마도면,0.5488,0.7484,0.46599,1,DRT,31240350,면,23.3,1.1,25.8,41590-55456,895.0,126.73956,37.18184
다사3210,day,0.317859,0.508229,-0.2582,0.3835,-0.5758,mid,0.0,2,2,3,0.5255,27.113,234.0,417.0,0.2735,마도면,-0.5758,-0.6416,0.55415,3,ADD_FREQ,31240350,면,31.79,50.82,58.5,41590-55456,284.7,126.73947,37.19085
다사3211,day,0.2526,0.422495,-0.5093,0.0875,-0.4613,mid,0.0,2,1,2,0.05,32.004,113.0,56.0,0.5044,마도면,-0.4613,-0.5968,0.47206,1,DRT,31240350,면,25.26,42.25,28.2,41590-55458,591.9,126.73938,37.19986
다사3212,day,0.689026,0.613316,1.1703,0.7463,0.424,ok,0.0,4,4,3,0.2868,106.272,555.0,626.0,0.2216,송산면,0.424,0.424,0.65018,3,NEW_STOP,31240360,면,68.9,61.33,138.8,41590-37088,427.9,126.73929,37.20888
다사3213,day,0.75087,0.556059,1.4083,0.5486,0.8597,need,1.38271,5,4,3,0.2635,67.886,2788.0,651.0,0.2156,송산면,0.8597,0.8597,0.83594,4,NEW_STOP,31240360,면,75.09,55.61,697.0,41590-37089,441.9,126.7392,37.21789
다사3214,day,0.221869,0.181306,-0.6276,-0.7452,0.0835,mid,0.0,3,1,1,0.05,3.251,68.0,89.0,0.3382,송산면,0.0835,0.1176,0.43152,1,DRT,31240360,면,22.19,18.13,17.0,41590-36746,631.3,126.73911,37.2269
다사3215,day,0.362611,0.53741,-0.0859,0.4842,-0.5574,mid,0.0,2,2,3,0.5727,31.984,249.0,226.0,0.3614,송산면,-0.5574,-0.5701,0.56011,3,ADD_FREQ,31240360,면,36.26,53.74,62.2,41590-60052,256.4,126.73902,37.23592
다사3216,day,0.318361,0.518327,-0.2562,0.4183,-0.606,mid,0.0,2,2,3,0.6797,21.962,133.0,16.0,0.4511,송산면,-0.606,-0.6745,0.4992,2,ADD_FREQ,31240360,면,31.84,51.83,33.2,41590-37401,192.2,126.73893,37.24493
다사3217,day,0.0,0.011,-1.4814,-1.3331,-0.0,mid,0.0,3,0,0,0.05,0.0,0.0,0.0,0.0,송산면,-0.0,-0.1483,0.0,0,DRT,31240360,면,0.0,1.1,0.0,41590-37096,860.3,126.73884,37.25394
다사3218,day,0.0,0.011,-1.4814,-1.3331,-0.0,mid,0.0,3,0,0,0.05,0.0,0.0,0.0,0.0,송산면,-0.0,-0.1483,0.0,0,DRT,31240360,면,0.0,1.1,0.0,41590-37096,1716.0,126.73875,37.26296
다사3219,day,0.0,0.011,-1.4814,-1.3331,-0.0,mid,0.0,3,0,0,0.05,0.0,0.0,0.0,0.0,송산면,-0.0,-0.1483,0.0,0,DRT,31240360,면,0.0,1.1,0.0,41590-37096,2673.5,126.73865,37.27197
다사3220,day,0.088499,0.011,-1.1408,-1.3331,0.0752,mid,0.0,3,0,0,0.05,0.0,8.0,3.0,0.0,송산면,0.0752,0.1923,0.177,0,DRT,31240360,면,8.85,1.1,2.0,41590-37096,3653.4,126.73856,37.28098
다사3221,day,0.0,0.011,-1.4814,-1.3331,-0.0,mid,0.0,3,0,0,0.05,0.0,0.0,0.0,0.0,송산면,-0.0,-0.1483,0.0,0,DRT,31240360,면,0.0,1.1,0.0,41590-37096,4641.8,126.73847,37.28999
다사3300,day,0.0,0.011,-1.4814,-1.3331,-0.0,mid,0.0,3,0,0,0.05,0.0,0.0,0.0,0.0,우정읍,-0.0,-0.1483,0.0,0,DRT,31240130,읍,0.0,1.1,0.0,41590-36967,2308.2,126.75162,37.10079
다사3301,day,0.0,0.011,-1.4814,-1.3331,-0.0,mid,0.0,3,0,0,0.05,0.0,0.0,0.0,0.0,우정읍,-0.0,-0.1483,0.0,0,DRT,31240130,읍,0.0,1.1,0.0,41590-36866,2000.0,126.75154,37.1098
다사3302,day,0.0,0.011,-1.4814,-1.3331,-0.0,mid,0.0,3,0,0,0.05,0.0,0.0,0.0,0.0,우정읍,-0.0,-0.1483,0.0,0,DRT,31240130,읍,0.0,1.1,0.0,41590-36866,1840.3,126.75145,37.11881
다사3303,day,0.0,0.011,-1.4814,-1.3331,-0.0,mid,0.0,3,0,0,0.05,0.0,0.0,0.0,0.0,우정읍,-0.0,-0.1483,0.0,0,DRT,31240130,읍,0.0,1.1,0.0,41590-36866,2185.1,126.75136,37.12783
다사3304,day,0.0,0.011,-1.4814,-1.3331,-0.0,mid,0.0,3,0,0,0.05,0.0,0.0,0.0,0.0,우정읍,-0.0,-0.1483,0.0,0,DRT,31240130,읍,0.0,1.1,0.0,41590-36866,2856.7,126.75127,37.13684
다사3305,day,0.0,0.011,-1.4814,-1.3331,-0.0,mid,0.0,3,0,0,0.05,0.0,0.0,0.0,0.0,남양읍,-0.0,-0.1483,0.0,0,DRT,31240150,읍,0.0,1.1,0.0,41590-60079,2441.6,126.75118,37.14585
다사3308,day,0.235796,0.076303,-0.574,-1.1077,0.3945,drt,0.0,4,1,1,0.3468,0.0,116.0,261.0,0.319,마도면,0.3945,0.5337,0.47159,1,NEW_STOP,31240350,면,23.58,7.63,29.0,41590-60025,391.9,126.75091,37.17289
다사3309,day,0.270802,0.426045,-0.4393,0.0997,-0.4359,mid,0.0,2,1,2,0.4298,15.722,118.0,28.0,0.3559,마도면,-0.4359,-0.539,0.47962,1,NEW_STOP,31240350,면,27.08,42.6,29.5,41590-36972,342.1,126.75083,37.18191
다사3310,day,0.276131,0.324592,-0.4187,-0.2505,-0.1378,mid,0.0,3,1,2,0.7287,3.039,223.0,624.0,0.1749,마도면,-0.1378,-0.1682,0.54058,2,ADD_FREQ,31240350,면,27.61,32.46,55.8,41590-55456,162.8,126.75074,37.19092
다사3311,day,0.288029,0.523035,-0.373,0.4346,-0.6798,over,0.0,2,1,3,0.2682,50.579,193.0,185.0,0.2694,마도면,-0.6798,-0.8075,0.53388,2,NEW_STOP,31240350,면,28.8,52.3,48.2,41590-55457,439.1,126.75065,37.19993
다사3312,day,0.433969,0.561372,0.1887,0.5669,-0.3782,mid,0.0,2,3,3,0.352,60.078,163.0,228.0,0.2577,마도면,-0.3782,-0.3782,0.5109,2,NEW_STOP,31240350,면,43.4,56.14,40.8,41590-37098,388.8,126.75056,37.20895
다사3313,day,0.284222,0.250052,-0.3876,-0.5078,0.1003,drt,0.0,3,1,1,0.5345,2.082,180.0,12.0,0.4611,송산면,0.1003,0.1202,0.52768,2,ADD_FREQ,31240360,면,28.42,25.01,45.0,41590-37095,279.3,126.75047,37.21796
다사3314,day,0.240012,0.385055,-0.5577,-0.0418,-0.3858,mid,0.0,2,1,2,0.1235,19.928,58.0,11.0,0.4483,송산면,-0.3858,-0.516,0.4262,1,DRT,31240360,면,24.0,38.51,14.5,41590-36743,525.9,126.75038,37.22697
다사3315,day,0.247785,0.388334,-0.5278,-0.0304,-0.3797,mid,0.0,2,1,2,0.1733,18.605,89.0,27.0,0.4157,송산면,-0.3797,-0.4974,0.45623,1,NEW_STOP,31240360,면,24.78,38.83,22.2,41590-37093,496.0,126.75029,37.23599
다사3316,day,0.323651,0.32235,-0.2359,-0.2582,0.0203,mid,0.0,3,2,2,0.1633,10.402,198.0,11.0,0.4293,송산면,0.0203,0.0224,0.53118,2,NEW_STOP,31240360,면,32.37,32.23,49.5,41590-37090,502.0,126.7502,37.245
다사3317,day,0.210139,0.12675,-0.6727,-0.9335,0.1788,mid,0.0,3,1,1,0.05,1.674,33.0,0.0,0.697,송산면,0.1788,0.2608,0.38994,1,DRT,31240360,면,21.01,12.68,8.2,41590-37096,713.1,126.75011,37.25401
다사3318,day,0.0,0.011,-1.4814,-1.3331,-0.0,mid,0.0,3,0,0,0.05,0.0,0.0,0.0,0.0,송산면,-0.0,-0.1483,0.0,0,DRT,31240360,면,0.0,1.1,0.0,41590-37096,1647.0,126.75002,37.26303
다사3319,day,0.0,0.011,-1.4814,-1.3331,-0.0,mid,0.0,3,0,0,0.05,0.0,0.0,0.0,0.0,송산면,-0.0,-0.1483,0.0,0,DRT,31240360,면,0.0,1.1,0.0,41590-37096,2629.4,126.74993,37.27204
다사3320,day,0.0,0.011,-1.4814,-1.3331,-0.0,mid,0.0,3,0,0,0.05,0.0,0.0,0.0,0.0,송산면,-0.0,-0.1483,0.0,0,DRT,31240360,면,0.0,1.1,0.0,41590-37096,3621.3,126.74984,37.28105
다사3400,day,0.0,0.011,-1.4814,-1.3331,-0.0,mid,0.0,3,0,0,0.05,0.0,0.0,3.0,0.0,우정읍,-0.0,-0.1483,0.0,0,DRT,31240130,읍,0.0,1.1,0.0,41590-36967,1353.2,126.76288,37.10086
다사3401,day,0.133612,0.011,-0.9672,-1.3331,0.1869,mid,0.0,3,0,0,0.05,0.0,13.0,12.0,0.0,우정읍,0.1869,0.3659,0.26722,0,DRT,31240130,읍,13.36,1.1,3.2,41590-36866,1157.9,126.76279,37.10987
다사3402,day,0.185582,0.011,-0.7672,-1.3331,0.358,mid,0.0,4,0,0,0.05,0.0,48.0,3.0,0.2708,우정읍,0.358,0.5659,0.37116,1,DRT,31240130,읍,18.56,1.1,12.0,41590-36866,852.8,126.7627,37.11888
다사3403,day,0.0,0.011,-1.4814,-1.3331,-0.0,mid,0.0,3,0,0,0.05,0.0,0.0,0.0,0.0,우정읍,-0.0,-0.1483,0.0,0,DRT,31240130,읍,0.0,1.1,0.0,41590-36866,1453.8,126.76262,37.1279
다사3404,day,0.0,0.011,-1.4814,-1.3331,-0.0,mid,0.0,3,0,0,0.05,0.0,0.0,0.0,0.0,우정읍,-0.0,-0.1483,0.0,0,DRT,31240130,읍,0.0,1.1,0.0,41590-36865,2276.9,126.76253,37.13691
다사3405,day,0.0,0.011,-1.4814,-1.3331,-0.0,mid,0.0,3,0,0,0.05,0.0,0.0,0.0,0.0,남양읍,-0.0,-0.1483,0.0,0,DRT,31240150,읍,0.0,1.1,0.0,41590-60023,2953.7,126.76244,37.14592
다사3407,day,0.143765,0.011,-0.9281,-1.3331,0.217,mid,0.0,3,0,0,0.05,0.0,29.0,441.0,0.0,마도면,0.217,0.405,0.28753,0,DRT,31240350,면,14.38,1.1,7.2,41590-60023,979.0,126.76227,37.16395
다사3408,day,0.514271,0.596168,0.4977,0.6871,-0.1893,ok,0.0,3,3,3,0.5385,56.927,320.0,1310.0,0.1125,마도면,-0.1893,-0.1893,0.58286,3,ADD_FREQ,31240350,면,51.43,59.62,80.0,41590-60023,276.9,126.76218,37.17296
다사3409,day,0.389188,0.720725,0.0164,1.1171,-1.1007,mid,0.0,1,2,4,0.4615,191.777,430.0,636.0,0.2279,마도면,-1.1007,-1.1007,0.61817,3,NEW_STOP,31240350,면,38.92,72.07,107.5,41590-55377,323.1,126.76209,37.18198
다사3410,day,0.380888,0.677909,-0.0156,0.9692,-0.9848,mid,0.0,1,2,4,0.669,89.904,457.0,907.0,0.2232,마도면,-0.9848,-0.9848,0.62487,3,ADD_FREQ,31240350,면,38.09,67.79,114.2,41590-55371,198.6,126.762,37.19099
다사3411,day,0.237212,0.011,-0.5685,-1.3331,0.5673,drt,0.0,4,1,0,0.05,0.0,98.0,101.0,0.3469,마도면,0.5673,0.7646,0.47442,1,DRT,31240350,면,23.72,1.1,24.5,41590-60109,746.1,126.76191,37.2
다사3412,day,0.491944,0.832984,0.4118,1.5046,-1.0928,ok,0.0,1,3,4,0.8338,248.484,159.0,400.0,0.3019,마도면,-1.0928,-1.0928,0.50989,2,ADD_FREQ,31240350,면,49.19,83.3,39.8,41590-55096,99.7,126.76183,37.20902
다사3413,day,0.23011,0.105936,-0.5959,-1.0054,0.2979,drt,0.0,4,1,1,0.38,0.209,91.0,257.0,0.4945,송산면,0.2979,0.4095,0.4551,1,NEW_STOP,31240360,면,23.01,10.59,22.8,41590-37099,372.0,126.76174,37.21803
다사3414,day,0.244716,0.321867,-0.5396,-0.2599,-0.2118,mid,0.0,3,1,2,0.317,7.52,63.0,162.0,0.5714,송산면,-0.2118,-0.2797,0.41892,1,NEW_STOP,31240360,면,24.47,32.19,15.8,41590-37560,409.8,126.76165,37.22704
다사3415,day,0.210668,0.029878,-0.6707,-1.2679,0.4103,mid,0.0,4,1,1,0.05,0.174,48.0,78.0,0.6875,송산면,0.4103,0.5973,0.41918,1,DRT,31240360,면,21.07,2.99,12.0,41590-37560,791.0,126.76156,37.23606
다사3416,day,0.103972,0.011,-1.0813,-1.3331,0.1093,mid,0.0,3,0,0,0.05,0.0,13.0,3.0,0.0,송산면,0.1093,0.2518,0.20794,0,DRT,31240360,면,10.4,1.1,3.2,41590-37096,1404.4,126.76148,37.24507
다사3417,day,0.0,0.011,-1.4814,-1.3331,-0.0,mid,0.0,3,0,0,0.05,0.0,0.0,0.0,0.0,송산면,-0.0,-0.1483,0.0,0,DRT,31240360,면,0.0,1.1,0.0,41590-37096,1506.7,126.76139,37.25408
다사3418,day,0.0,0.011,-1.4814,-1.3331,-0.0,mid,0.0,3,0,0,0.05,0.0,0.0,0.0,0.0,송산면,-0.0,-0.1483,0.0,0,DRT,31240360,면,0.0,1.1,0.0,41590-37096,2116.9,126.7613,37.2631
다사3419,day,0.0,0.011,-1.4814,-1.3331,-0.0,mid,0.0,3,0,0,0.05,0.0,0.0,0.0,0.0,송산면,-0.0,-0.1483,0.0,0,DRT,31240360,면,0.0,1.1,0.0,41590-37096,2946.5,126.76121,37.27211
다사3420,day,0.0,0.011,-1.4814,-1.3331,-0.0,mid,0.0,3,0,0,0.05,0.0,0.0,0.0,0.0,송산면,-0.0,-0.1483,0.0,0,DRT,31240360,면,0.0,1.1,0.0,41590-37096,3857.6,126.76112,37.28112
다사3500,day,0.302536,0.365332,-0.3171,-0.1099,-0.1801,mid,0.0,3,2,2,0.1642,15.403,223.0,29.0,0.2691,우정읍,-0.1801,-0.2073,0.55055,2,NEW_STOP,31240130,읍,30.25,36.53,55.8,41590-36966,501.5,126.77413,37.10093
다사3501,day,0.23822,0.251144,-0.5646,-0.5041,-0.0451,mid,0.0,3,1,1,0.1085,5.898,58.0,3.0,0.3621,우정읍,-0.0451,-0.0606,0.41305,1,DRT,31240130,읍,23.82,25.11,14.5,41590-36967,534.9,126.77404,37.10994
다사3502,day,0.416914,0.662497,0.1231,0.916,-0.793,mid,0.0,1,3,4,0.8952,51.25,408.0,29.0,0.3554,우정읍,-0.793,-0.793,0.61562,3,ADD_FREQ,31240130,읍,41.69,66.25,102.0,41590-36865,62.9,126.77396,37.11895
다사3503,day,0.252426,0.011,-0.51,-1.3331,0.6359,drt,0.0,4,1,0,0.05,0.0,165.0,528.0,0.0606,우정읍,0.6359,0.8231,0.50485,2,DRT,31240130,읍,25.24,1.1,41.2,41590-36865,953.3,126.77387,37.12797
다사3504,day,0.0,0.011,-1.4814,-1.3331,-0.0,mid,0.0,3,0,0,0.05,0.0,0.0,0.0,0.0,우정읍,-0.0,-0.1483,0.0,0,DRT,31240130,읍,0.0,1.1,0.0,41590-36865,1941.0,126.77379,37.13698
다사3506,day,0.0,0.011,-1.4814,-1.3331,-0.0,mid,0.0,3,0,0,0.05,0.0,0.0,0.0,0.0,남양읍,-0.0,-0.1483,0.0,0,DRT,31240150,읍,0.0,1.1,0.0,41590-37668,1896.2,126.77361,37.15501
다사3507,day,0.219229,0.011,-0.6377,-1.3331,0.4902,mid,0.0,4,1,0,0.05,0.0,103.0,886.0,0.0,마도면,0.4902,0.6954,0.43846,1,DRT,31240350,면,21.92,1.1,25.8,41590-37668,897.0,126.77353,37.16402
다사3508,day,0.559229,0.643414,0.6707,0.8502,-0.1794,ok,0.0,3,3,3,0.8575,46.67,528.0,2260.0,0.0492,마도면,-0.1794,-0.1794,0.6355,3,ADD_FREQ,31240350,면,55.92,64.34,132.0,41590-55426,85.5,126.77344,37.17303
다사3509,day,0.297961,0.457332,-0.3347,0.2078,-0.4668,mid,0.0,2,2,2,0.05,43.374,209.0,597.0,0.1722,마도면,-0.4668,-0.5425,0.53815,2,DRT,31240350,면,29.8,45.73,52.2,41590-55264,597.7,126.77336,37.18205
다사3510,day,0.276452,0.011,-0.4175,-1.3331,0.7504,drt,0.0,5,1,0,0.05,0.0,239.0,884.0,0.1088,마도면,0.7504,0.9156,0.5529,3,DRT,31240350,면,27.65,1.1,59.8,41590-55265,849.1,126.77327,37.19106
다사3511,day,0.503951,0.702802,0.458,1.0552,-0.5972,ok,0.0,2,3,4,0.9323,67.652,794.0,248.0,0.2103,마도면,-0.5972,-0.5972,0.69086,4,ADD_FREQ,31240350,면,50.4,70.28,198.5,41590-60066,40.6,126.77318,37.20007
다사3512,day,0.726658,0.765653,1.3151,1.2722,0.0429,ok,0.0,3,4,4,0.5782,226.059,1207.0,683.0,0.1558,마도면,0.0429,0.0429,0.73606,4,ADD_FREQ,31240350,면,72.67,76.57,301.8,41590-37105,253.1,126.7731,37.20909
다사3513,day,0.199592,0.011,-0.7133,-1.3331,0.4111,mid,0.0,4,1,0,0.05,0.0,58.0,313.0,0.0,송산면,0.4111,0.6198,0.39918,1,DRT,31240360,면,19.96,1.1,14.5,41590-36609,676.0,126.77301,37.2181
다사3514,day,0.0,0.011,-1.4814,-1.3331,-0.0,mid,0.0,3,0,0,0.05,0.0,0.0,339.0,0.0,송산면,-0.0,-0.1483,0.0,0,DRT,31240360,면,0.0,1.1,0.0,41590-37560,1075.8,126.77292,37.22711
다사3515,day,0.0,0.011,-1.4814,-1.3331,-0.0,mid,0.0,3,0,0,0.05,0.0,0.0,0.0,0.0,송산면,-0.0,-0.1483,0.0,0,DRT,31240360,면,0.0,1.1,0.0,41590-37560,1496.9,126.77284,37.23613
다사3516,day,0.0,0.011,-1.4814,-1.3331,-0.0,mid,0.0,3,0,0,0.05,0.0,0.0,0.0,0.0,송산면,-0.0,-0.1483,0.0,0,DRT,31240360,면,0.0,1.1,0.0,41590-60095,1364.6,126.77275,37.24514
다사3517,day,0.0,0.011,-1.4814,-1.3331,-0.0,mid,0.0,3,0,0,0.05,0.0,0.0,0.0,0.0,송산면,-0.0,-0.1483,0.0,0,DRT,31240360,면,0.0,1.1,0.0,41590-60095,1491.9,126.77266,37.25415
다사3518,day,0.0,0.011,-1.4814,-1.3331,-0.0,mid,0.0,3,0,0,0.05,0.0,0.0,0.0,0.0,송산면,-0.0,-0.1483,0.0,0,DRT,31240360,면,0.0,1.1,0.0,41590-60095,2142.3,126.77258,37.26317
다사3519,day,0.0,0.011,-1.4814,-1.3331,-0.0,mid,0.0,3,0,0,0.05,0.0,0.0,0.0,0.0,송산면,-0.0,-0.1483,0.0,0,DRT,31240360,면,0.0,1.1,0.0,41590-36538,2924.5,126.77249,37.27218
다사3600,day,0.434137,0.662022,0.1893,0.9144,-0.7251,mid,0.0,1,3,4,0.8577,54.819,384.0,28.0,0.3594,우정읍,-0.7251,-0.7251,0.61295,3,ADD_FREQ,31240130,읍,43.41,66.2,96.0,41590-36889,85.4,126.78538,37.10099
다사3601,day,0.374039,0.350488,-0.0419,-0.1611,0.1189,mid,0.0,3,2,2,0.1023,15.231,288.0,24.0,0.2951,우정읍,0.1189,0.1192,0.57872,3,DRT,31240130,읍,37.4,35.05,72.0,41590-37829,538.6,126.7853,37.11001
다사3602,day,0.428124,0.648315,0.1662,0.8671,-0.7009,mid,0.0,1,3,3,0.8383,50.51,418.0,88.0,0.299,우정읍,-0.7009,-0.7009,0.61938,3,ADD_FREQ,31240130,읍,42.81,64.83,104.5,41590-37451,97.0,126.78521,37.11902
다사3603,day,0.237523,0.011,-0.5673,-1.3331,0.5687,drt,0.0,4,1,0,0.05,0.0,113.0,141.0,0.3451,우정읍,0.5687,0.7658,0.47505,1,DRT,31240130,읍,23.75,1.1,28.2,41590-36817,915.1,126.78513,37.12804
다사3604,day,0.099892,0.011,-1.097,-1.3331,0.0999,mid,0.0,3,0,0,0.05,0.0,8.0,43.0,0.0,우정읍,0.0999,0.2361,0.19978,0,DRT,31240130,읍,9.99,1.1,2.0,41590-36862,1405.0,126.78504,37.13705
다사3606,day,0.235444,0.011,-0.5753,-1.3331,0.5595,drt,0.0,4,1,0,0.05,0.0,98.0,9.0,0.449,남양읍,0.5595,0.7578,0.47089,1,DRT,31240150,읍,23.54,1.1,24.5,41590-60017,933.3,126.78488,37.15508
다사3608,day,0.389571,0.427205,0.0178,0.1037,-0.0859,mid,0.0,3,2,2,0.217,24.14,248.0,854.0,0.1048,마도면,-0.0859,-0.0859,0.54927,2,NEW_STOP,31240350,면,38.96,42.72,62.0,41590-37552,469.8,126.78471,37.1731
다사3609,day,0.605963,0.518344,0.8506,0.4184,0.4322,ok,0.0,4,4,3,0.7588,18.806,834.0,1839.0,0.0923,마도면,0.4322,0.4322,0.69144,4,ADD_FREQ,31240350,면,60.6,51.83,208.5,41590-37752,144.7,126.78462,37.18212
다사3610,day,0.389026,0.362267,0.0157,-0.1204,0.1362,mid,0.0,3,2,2,0.083,17.6,323.0,723.0,0.1703,마도면,0.1362,0.1362,0.58604,3,DRT,31240350,면,38.9,36.23,80.8,41590-37118,550.2,126.78454,37.19113
다사3611,day,0.525348,0.555942,0.5404,0.5482,-0.0078,ok,0.0,3,3,3,0.2653,67.582,379.0,679.0,0.3351,마도면,-0.0078,-0.0078,0.6071,3,NEW_STOP,31240350,면,52.53,55.59,94.8,41590-37114,440.8,126.78445,37.20014
다사3612,day,0.646323,0.624638,1.0059,0.7853,0.2206,ok,0.0,3,4,3,0.3062,112.913,825.0,429.0,0.2,마도면,0.2206,0.2206,0.6935,4,NEW_STOP,31240350,면,64.63,62.46,206.2,41590-37109,416.3,126.78437,37.20916
다사3613,day,0.382542,0.6585,-0.0092,0.9022,-0.9115,mid,0.0,1,2,4,0.597,87.189,284.0,359.0,0.2993,마도면,-0.9115,-0.9115,0.56874,3,ADD_FREQ,31240350,면,38.25,65.85,71.0,41590-36567,241.8,126.78428,37.21817
다사3614,day,0.208514,0.011,-0.679,-1.3331,0.4463,mid,0.0,4,1,0,0.05,0.0,53.0,33.0,0.434,마도면,0.4463,0.6541,0.41703,1,DRT,31240350,면,20.85,1.1,13.2,41590-36564,859.0,126.78419,37.22718
다사3615,day,0.064944,0.011,-1.2315,-1.3331,0.0325,mid,0.0,3,0,0,0.05,0.0,5.0,0.0,0.0,남양읍,0.0325,0.1016,0.12989,0,DRT,31240150,읍,6.49,1.1,1.2,41590-60095,1357.7,126.78411,37.2362
다사3616,day,0.126644,0.282722,-0.994,-0.395,-0.2956,mid,0.0,2,0,1,0.2392,6.066,8.0,0.0,1.25,남양읍,-0.2956,-0.599,0.25028,0,NEW_STOP,31240150,읍,12.66,28.27,2.0,41590-60095,456.5,126.78402,37.24521
다사3617,day,0.000217,0.078924,-1.4806,-1.0986,-0.003,mid,0.0,3,0,1,0.05,0.781,0.0,0.0,0.0,송산면,-0.003,-0.382,0.0,0,DRT,31240360,면,0.02,7.89,0.0,41590-60095,755.8,126.78394,37.25422
다사3618,day,0.0,0.011,-1.4814,-1.3331,-0.0,mid,0.0,3,0,0,0.05,0.0,0.0,0.0,0.0,송산면,-0.0,-0.1483,0.0,0,DRT,31240360,면,0.0,1.1,0.0,41590-36540,1634.9,126.78385,37.26324
다사3619,day,0.0,0.011,-1.4814,-1.3331,-0.0,mid,0.0,3,0,0,0.05,0.0,0.0,0.0,0.0,송산면,-0.0,-0.1483,0.0,0,DRT,31240360,면,0.0,1.1,0.0,41590-36538,2021.5,126.78377,37.27225
다사3620,day,0.0,0.011,-1.4814,-1.3331,-0.0,mid,0.0,3,0,0,0.05,0.0,0.0,0.0,0.0,송산면,-0.0,-0.1483,0.0,0,DRT,31240360,면,0.0,1.1,0.0,41590-55547,2187.3,126.78368,37.28126
다사3700,day,0.282523,0.575332,-0.3941,0.6151,-0.839,over,0.0,1,1,3,0.845,26.362,133.0,138.0,0.3308,우정읍,-0.839,-1.0093,0.49049,2,ADD_FREQ,31240130,읍,28.25,57.53,33.2,41590-36718,93.0,126.79664,37.10106
다사3701,day,0.421405,0.694776,0.1403,1.0275,-0.8871,mid,0.0,1,3,4,0.7222,93.987,310.0,376.0,0.2774,우정읍,-0.8871,-0.8871,0.58187,3,ADD_FREQ,31240130,읍,42.14,69.48,77.5,41590-37826,166.7,126.79655,37.11008
다사3702,day,0.447343,0.564919,0.2402,0.5792,-0.339,mid,0.0,2,3,3,0.5938,39.053,356.0,213.0,0.2725,우정읍,-0.339,-0.339,0.5978,3,ADD_FREQ,31240130,읍,44.73,56.49,89.0,41590-36861,243.7,126.79647,37.11909
다사3703,day,0.464487,0.601312,0.3061,0.7048,-0.3987,ok,0.0,2,3,3,0.9825,25.387,413.0,415.0,0.2397,우정읍,-0.3987,-0.3987,0.6156,3,ADD_FREQ,31240130,읍,46.45,60.13,103.2,41590-36862,10.5,126.79639,37.1281
다사3704,day,0.219023,0.011,-0.6385,-1.3331,0.4893,mid,0.0,4,1,0,0.05,0.0,85.0,306.0,0.0588,우정읍,0.4893,0.6946,0.43805,1,DRT,31240130,읍,21.9,1.1,21.2,41590-36862,991.5,126.7963,37.13712
다사3705,day,0.0,0.011,-1.4814,-1.3331,-0.0,mid,0.0,3,0,0,0.05,0.0,0.0,0.0,0.0,우정읍,-0.0,-0.1483,0.0,0,DRT,31240130,읍,0.0,1.1,0.0,41590-60017,864.2,126.79622,37.14613
다사3706,day,0.253534,0.528156,-0.5057,0.4523,-0.7422,over,0.0,1,1,3,0.7353,21.495,98.0,325.0,0.3469,남양읍,-0.7422,-0.958,0.4637,1,ADD_FREQ,31240150,읍,25.35,52.82,24.5,41590-60017,158.8,126.79614,37.15514
다사3707,day,0.200992,0.180667,-0.7079,-0.7474,0.0263,mid,0.0,3,1,1,0.05,3.228,43.0,126.0,0.2326,남양읍,0.0263,0.0395,0.37752,1,DRT,31240150,읍,20.1,18.07,10.8,41590-37948,617.2,126.79605,37.16416
다사3708,day,0.356194,0.560436,-0.1106,0.5637,-0.6517,mid,0.0,2,2,3,0.5795,38.603,259.0,476.0,0.1892,남양읍,-0.6517,-0.6743,0.56036,3,ADD_FREQ,31240150,읍,35.62,56.04,64.8,41590-60094,252.3,126.79597,37.17317
다사3709,day,0.437636,0.331708,0.2028,-0.2259,0.4287,mid,0.0,4,3,2,0.3982,6.959,266.0,1625.0,0.0301,남양읍,0.4287,0.4287,0.55545,3,NEW_STOP,31240150,읍,43.76,33.17,66.5,41590-60100,361.1,126.79589,37.18218
다사3710,day,0.414493,0.612015,0.1137,0.7418,-0.628,mid,0.0,2,3,3,0.606,57.42,195.0,586.0,0.1897,마도면,-0.628,-0.628,0.52773,2,ADD_FREQ,31240350,면,41.45,61.2,48.8,41590-37753,236.4,126.7958,37.1912
다사3711,day,0.545106,0.57437,0.6164,0.6118,0.0046,ok,0.0,3,3,3,0.5792,43.609,367.0,448.0,0.1608,남양읍,0.0046,0.0046,0.59923,3,ADD_FREQ,31240150,읍,54.51,57.44,91.8,41590-55179,252.5,126.79572,37.20021
다사3712,day,0.510548,0.270527,0.4834,-0.4371,0.9205,need,1.30599,5,3,1,0.05,8.073,742.0,248.0,0.2156,마도면,0.9205,0.9205,0.68115,4,DRT,31240350,면,51.05,27.05,185.5,41590-60037,628.2,126.79563,37.20922
다사3713,day,0.326342,0.41661,-0.2255,0.0672,-0.2672,mid,0.0,2,2,2,0.0685,29.327,211.0,698.0,0.1469,마도면,-0.2672,-0.2927,0.53133,2,DRT,31240350,면,32.63,41.66,52.8,41590-36565,558.9,126.79555,37.21824
다사3714,day,0.268626,0.424214,-0.4476,0.0934,-0.4353,mid,0.0,2,1,2,0.4325,15.382,93.0,154.0,0.4194,남양읍,-0.4353,-0.541,0.46701,1,NEW_STOP,31240150,읍,26.86,42.42,23.2,41590-36562,340.5,126.79547,37.22725
다사3715,day,0.235705,0.172604,-0.5743,-0.7752,0.1484,drt,0.0,3,1,1,0.05,2.948,88.0,0.0,0.5568,남양읍,0.1484,0.2009,0.45747,1,DRT,31240150,읍,23.57,17.26,22.0,41590-36550,706.4,126.79538,37.23626
다사3716,day,0.244399,0.373507,-0.5409,-0.0816,-0.3474,mid,0.0,2,1,2,0.2122,15.074,88.0,5.0,0.4773,남양읍,-0.3474,-0.4592,0.45486,1,NEW_STOP,31240150,읍,24.44,37.35,22.0,41590-36544,472.7,126.7953,37.24528
다사3717,day,0.188335,0.475513,-0.7566,0.2705,-0.656,mid,0.0,2,0,2,0.5395,19.74,23.0,5.0,0.4348,남양읍,-0.656,-1.0271,0.36273,0,ADD_FREQ,31240150,읍,18.83,47.55,5.8,41590-36542,276.3,126.79521,37.25429
다사3718,day,0.186765,0.22951,-0.7627,-0.5787,-0.1168,mid,0.0,3,0,1,0.05,5.403,23.0,3.0,0.6522,남양읍,-0.1168,-0.1839,0.35841,0,DRT,31240150,읍,18.68,22.95,5.8,41590-36540,700.8,126.79513,37.2633
다사3719,day,0.0,0.011,-1.4814,-1.3331,-0.0,mid,0.0,3,0,0,0.05,0.0,0.0,0.0,0.0,송산면,-0.0,-0.1483,0.0,0,DRT,31240360,면,0.0,1.1,0.0,41590-36538,1273.2,126.79505,37.27232
다사3720,day,0.0,0.011,-1.4814,-1.3331,-0.0,mid,0.0,3,0,0,0.05,0.0,0.0,0.0,0.0,송산면,-0.0,-0.1483,0.0,0,DRT,31240360,면,0.0,1.1,0.0,41590-55547,1280.1,126.79496,37.28133
다사3721,day,0.0,0.011,-1.4814,-1.3331,-0.0,mid,0.0,3,0,0,0.05,0.0,0.0,97.0,0.0,송산면,-0.0,-0.1483,0.0,0,DRT,31240360,면,0.0,1.1,0.0,41590-55547,1113.6,126.79488,37.29034
다사3800,day,0.268906,0.431126,-0.4465,0.1173,-0.4539,mid,0.0,2,1,2,0.1198,30.169,98.0,16.0,0.3673,우정읍,-0.4539,-0.5638,0.45707,1,DRT,31240130,읍,26.89,43.11,24.5,41590-36923,528.1,126.80789,37.10113
다사3801,day,0.393136,0.560221,0.0315,0.563,-0.5314,mid,0.0,2,2,3,0.4118,53.083,223.0,558.0,0.4619,우정읍,-0.5314,-0.5314,0.55171,3,NEW_STOP,31240130,읍,39.31,56.02,55.8,41590-37414,352.9,126.80781,37.11014
다사3802,day,0.32396,0.274418,-0.2347,-0.4237,0.1718,mid,0.0,3,2,1,0.05,8.378,188.0,760.0,0.2234,우정읍,0.1718,0.189,0.52757,2,DRT,31240130,읍,32.4,27.44,47.0,41590-37537,616.8,126.80773,37.11916
다사3803,day,0.244396,0.179801,-0.5409,-0.7504,0.1585,mid,0.0,3,1,1,0.05,3.197,91.0,419.0,0.1978,우정읍,0.1585,0.2095,0.45202,1,DRT,31240130,읍,24.44,17.98,22.8,41590-36857,701.6,126.80764,37.12817
다사3804,day,0.283302,0.269225,-0.3911,-0.4416,0.0421,drt,0.0,3,1,1,0.138,6.612,123.0,510.0,0.1057,우정읍,0.0421,0.0505,0.47233,1,DRT,31240130,읍,28.33,26.92,30.8,41590-36856,517.2,126.80756,37.13718
다사3805,day,0.105045,0.011,-1.0772,-1.3331,0.1118,mid,0.0,3,0,0,0.05,0.0,8.0,10.0,1.25,장안면,0.1118,0.2559,0.21009,0,DRT,31240390,면,10.5,1.1,2.0,41590-55660,862.7,126.80748,37.1462
다사3806,day,0.286002,0.398111,-0.3808,0.0033,-0.3218,mid,0.0,2,1,2,0.4912,10.76,78.0,316.0,0.2949,남양읍,-0.3218,-0.3841,0.4456,1,NEW_STOP,31240150,읍,28.6,39.81,19.5,41590-60017,305.3,126.8074,37.15521
다사3807,day,0.378825,0.47788,-0.0235,0.2787,-0.3022,mid,0.0,2,2,2,0.7472,13.353,289.0,218.0,0.2699,남양읍,-0.3022,-0.3022,0.57859,3,ADD_FREQ,31240150,읍,37.88,47.79,72.2,41590-60012,151.7,126.80731,37.16422
다사3808,day,0.399792,0.548002,0.0572,0.5208,-0.4636,mid,0.0,2,3,3,0.7008,27.401,280.0,817.0,0.1857,남양읍,-0.4636,-0.4636,0.56995,3,ADD_FREQ,31240150,읍,39.98,54.8,70.0,41590-55473,179.5,126.80723,37.17324
다사3809,day,0.320572,0.199932,-0.2477,-0.6809,0.3909,mid,0.0,4,2,1,0.05,3.98,223.0,87.0,0.3587,남양읍,0.3909,0.4331,0.53994,2,DRT,31240150,읍,32.06,19.99,55.8,41590-55693,574.6,126.80715,37.18225
다사3810,day,0.206096,0.011,-0.6883,-1.3331,0.4367,mid,0.0,4,1,0,0.05,0.0,63.0,76.0,0.4127,남양읍,0.4367,0.6448,0.41219,1,DRT,31240150,읍,20.61,1.1,15.8,41590-55693,919.3,126.80707,37.19126
다사3811,day,0.729618,0.478021,1.3265,0.2792,1.0473,need,1.5814,5,4,2,0.05,51.903,1969.0,112.0,0.1894,남양읍,1.0473,1.0473,0.79425,4,DRT,31240150,읍,72.96,47.8,492.2,41590-36009,586.1,126.80699,37.20028
다사3812,day,0.783686,0.720987,1.5346,1.118,0.4166,ok,0.0,4,4,4,0.592,150.381,2379.0,761.0,0.2404,남양읍,0.4166,0.4166,0.81735,4,ADD_FREQ,31240150,읍,78.37,72.1,594.8,41590-60035,244.8,126.8069,37.20929
다사3813,day,0.288122,0.205674,-0.3726,-0.661,0.2429,drt,0.0,3,1,1,0.05,4.229,209.0,25.0,0.2584,남양읍,0.2429,0.2884,0.53635,2,DRT,31240150,읍,28.81,20.57,52.2,41590-36558,672.7,126.80682,37.2183
다사3814,day,0.287816,0.582878,-0.3738,0.6412,-0.8539,over,0.0,1,1,3,0.6922,37.822,128.0,5.0,0.4062,남양읍,-0.8539,-1.0149,0.50091,2,ADD_FREQ,31240150,읍,28.78,58.29,32.0,41590-36556,184.7,126.80674,37.22732
다사3815,day,0.277926,0.512582,-0.4118,0.3985,-0.6665,over,0.0,2,1,3,0.5025,29.454,93.0,11.0,0.5484,남양읍,-0.6665,-0.8103,0.46053,1,ADD_FREQ,31240150,읍,27.79,51.26,23.2,41590-36551,298.5,126.80666,37.23633
다사3816,day,0.258987,0.404349,-0.4847,0.0248,-0.4003,mid,0.0,2,1,2,0.1662,21.766,98.0,11.0,0.3469,남양읍,-0.4003,-0.5096,0.46147,1,NEW_STOP,31240150,읍,25.9,40.43,24.5,41590-36547,500.3,126.80657,37.24534
다사3817,day,0.069168,0.200404,-1.2152,-0.6792,-0.1785,mid,0.0,3,0,1,0.05,4.0,5.0,0.0,0.0,남양읍,-0.1785,-0.536,0.13661,0,DRT,31240150,읍,6.92,20.04,1.2,41590-36541,656.0,126.80649,37.25436
다사3818,day,0.293021,0.648823,-0.3537,0.8688,-1.0407,over,0.0,1,2,3,0.7575,59.172,68.0,0.0,0.6618,남양읍,-1.0407,-1.2226,0.44167,1,ADD_FREQ,31240150,읍,29.3,64.88,17.0,41590-36536,145.5,126.80641,37.26337
다사3819,day,0.268541,0.449739,-0.448,0.1815,-0.5063,mid,0.0,2,1,2,0.206,30.078,68.0,8.0,0.5294,송산면,-0.5063,-0.6295,0.45936,1,NEW_STOP,31240360,면,26.85,44.97,17.0,41590-36533,476.4,126.80633,37.27238
다사3820,day,0.210828,0.155467,-0.6701,-0.8344,0.1129,mid,0.0,3,1,1,0.05,2.413,48.0,5.0,0.4167,남양읍,0.1129,0.1643,0.40472,1,DRT,31240150,읍,21.08,15.55,12.0,41590-55547,702.2,126.80624,37.2814
다사3821,day,0.402759,0.458714,0.0686,0.2125,-0.1439,mid,0.0,3,3,2,0.4838,18.953,128.0,8.0,0.1016,새솔동,-0.1439,-0.1439,0.487,1,NEW_STOP,31240670,동,40.28,45.87,32.0,41590-55547,309.7,126.80616,37.29041
다사3900,day,0.311861,0.54961,-0.2812,0.5263,-0.7158,mid,0.0,1,2,3,0.618,32.614,181.0,57.0,0.5801,우정읍,-0.7158,-0.8076,0.52953,2,ADD_FREQ,31240130,읍,31.19,54.96,45.2,41590-37845,229.2,126.81914,37.10119
다사3901,day,0.322729,0.349062,-0.2394,-0.166,-0.0665,mid,0.0,3,2,2,0.264,10.853,143.0,50.0,0.4336,장안면,-0.0665,-0.0734,0.50406,2,NEW_STOP,31240390,면,32.27,34.91,35.8,41590-37844,441.6,126.81906,37.11021
다사3902,day,0.438764,0.629494,0.2071,0.8021,-0.595,mid,0.0,2,3,3,0.8505,41.91,241.0,834.0,0.1618,우정읍,-0.595,-0.595,0.54941,2,ADD_FREQ,31240130,읍,43.88,62.95,60.2,41590-36962,89.7,126.81898,37.11922
다사3903,day,0.333839,0.485178,-0.1967,0.3039,-0.4638,mid,0.0,2,2,2,0.4948,23.476,118.0,112.0,0.4407,우정읍,-0.4638,-0.5005,0.4802,1,NEW_STOP,31240130,읍,33.38,48.52,29.5,41590-37580,303.1,126.8189,37.12823
다사3904,day,0.362158,0.520705,-0.0877,0.4265,-0.5023,mid,0.0,2,2,3,0.6098,25.698,179.0,449.0,0.1844,장안면,-0.5023,-0.5142,0.52465,2,ADD_FREQ,31240390,면,36.22,52.07,44.8,41590-37420,234.1,126.81882,37.13725
다사3905,day,0.407908,0.567559,0.0884,0.5883,-0.4999,mid,0.0,2,3,3,0.9247,21.069,269.0,945.0,0.0,장안면,-0.4999,-0.4999,0.54937,2,ADD_FREQ,31240390,면,40.79,56.76,67.2,41590-55616,45.2,126.81874,37.14626
다사3906,day,0.150212,0.220717,-0.9033,-0.6091,-0.1622,mid,0.0,3,0,1,0.05,4.942,0.0,37.0,0.0,남양읍,-0.1622,-0.2942,0.0,0,DRT,31240150,읍,15.02,22.07,0.0,41590-37973,658.8,126.81866,37.15527
다사3907,day,0.49177,0.474764,0.4111,0.2679,0.1432,ok,0.0,3,3,2,0.4268,24.44,198.0,15749.0,0.1667,남양읍,0.1432,0.1432,0.52641,2,NEW_STOP,31240150,읍,49.18,47.48,49.5,41590-37973,343.9,126.81858,37.16429
다사3908,day,0.503883,0.631464,0.4578,0.8089,-0.3512,ok,0.0,2,3,3,0.6668,60.51,411.0,945.0,0.18,남양읍,-0.3512,-0.3512,0.6121,3,ADD_FREQ,31240150,읍,50.39,63.15,102.8,41590-60107,199.9,126.8185,37.1733
다사3909,day,0.463854,0.651652,0.3037,0.8786,-0.5749,ok,0.0,2,3,3,0.8975,46.443,297.0,803.0,0.1919,남양읍,-0.5749,-0.5749,0.57637,3,ADD_FREQ,31240150,읍,46.39,65.17,74.2,41590-55809,61.5,126.81842,37.18232
다사3910,day,0.895093,0.722819,1.9633,1.1243,0.839,need,1.25981,5,4,4,0.7513,113.149,7182.0,1059.0,0.0987,남양읍,0.839,0.839,0.94353,4,ADD_FREQ,31240150,읍,89.51,72.28,1795.5,41590-60040,149.2,126.81833,37.19133
다사3911,day,0.889579,0.72188,1.9421,1.121,0.821,need,1.20709,5,4,4,0.5537,162.867,8841.0,760.0,0.0717,남양읍,0.821,0.821,0.96604,4,ADD_FREQ,31240150,읍,88.96,72.19,2210.2,41590-36157,267.8,126.81825,37.20034
다사3912,day,0.959774,0.935508,2.2122,1.8585,0.3537,ok,0.0,4,4,4,0.8698,556.4,5807.0,2611.0,0.144,남양읍,0.3537,0.3537,0.91955,4,ADD_FREQ,31240150,읍,95.98,93.55,1451.8,41590-36021,78.1,126.81817,37.20936
다사3913,day,0.356587,0.563857,-0.1091,0.5755,-0.6621,mid,0.0,2,2,3,0.6767,32.999,359.0,431.0,0.2646,남양읍,-0.6621,-0.6846,0.60282,3,ADD_FREQ,31240150,읍,35.66,56.39,89.8,41590-36559,194.0,126.81809,37.21837
다사3914,day,0.206523,0.011,-0.6866,-1.3331,0.4384,mid,0.0,4,1,0,0.05,0.0,43.0,0.0,0.5814,남양읍,0.4384,0.6465,0.41305,1,DRT,31240150,읍,20.65,1.1,10.8,41590-36557,666.6,126.81801,37.22738
다사3915,day,0.196253,0.346965,-0.7262,-0.1733,-0.3627,mid,0.0,2,0,2,0.2225,11.583,18.0,3.0,1.2778,남양읍,-0.3627,-0.5529,0.36465,0,NEW_STOP,31240150,읍,19.63,34.7,4.5,41590-36365,466.5,126.81793,37.2364
다사3916,day,0.169572,0.475157,-0.8288,0.2693,-0.6551,mid,0.0,2,0,2,0.4943,21.499,23.0,3.0,0.2174,남양읍,-0.6551,-1.0981,0.33084,0,NEW_STOP,31240150,읍,16.96,47.52,5.8,41590-36517,303.4,126.81785,37.24541
다사3917,day,0.278983,0.625882,-0.4078,0.7896,-0.9873,over,0.0,1,1,3,0.7448,49.701,173.0,11.0,0.4913,남양읍,-0.9873,-1.1974,0.53035,2,ADD_FREQ,31240150,읍,27.9,62.59,43.2,41590-36520,153.1,126.81777,37.25442
다사3918,day,0.249879,0.644089,-0.5198,0.8525,-1.0532,over,0.0,1,1,3,0.896,43.615,98.0,11.0,0.3163,남양읍,-1.0532,-1.3723,0.46547,1,ADD_FREQ,31240150,읍,24.99,64.41,24.5,41590-36524,62.4,126.81769,37.26344
다사3919,day,0.436924,0.589697,0.2001,0.6647,-0.4647,mid,0.0,2,3,3,0.4343,65.615,203.0,132.0,0.3202,남양읍,-0.4647,-0.4647,0.5407,2,NEW_STOP,31240150,읍,43.69,58.97,50.8,41590-36527,339.4,126.8176,37.27245
다사3920,day,0.922317,0.855041,2.0681,1.5807,0.4873,ok,0.0,4,4,4,0.6852,396.32,8559.0,2566.0,0.0574,새솔동,0.4873,0.4873,0.96244,4,ADD_FREQ,31240670,동,92.23,85.5,2139.8,41590-55770,188.9,126.81752,37.28146
다사3921,day,0.912169,0.809803,2.029,1.4246,0.6044,ok,0.0,4,4,4,0.754,236.855,12155.0,821.0,0.0722,새솔동,0.6044,0.6044,1.0,4,ADD_FREQ,31240670,동,91.22,80.98,3038.8,41590-55598,147.6,126.81744,37.29048
다사4000,day,0.369175,0.301024,-0.0607,-0.3319,0.2683,mid,0.0,4,2,1,0.05,10.757,185.0,607.0,0.0703,우정읍,0.2683,0.2712,0.52133,2,DRT,31240130,읍,36.92,30.1,46.2,41590-36427,676.0,126.8304,37.10126
다사4001,day,0.227565,0.155914,-0.6056,-0.8328,0.1641,mid,0.0,3,1,1,0.05,2.426,73.0,575.0,0.2877,장안면,0.1641,0.2272,0.43091,1,DRT,31240390,면,22.76,15.59,18.2,41590-37636,694.0,126.83032,37.11027
다사4002,day,0.41463,0.556882,0.1143,0.5514,-0.4372,mid,0.0,2,3,3,0.7352,27.723,286.0,1012.0,0.1818,장안면,-0.4372,-0.4372,0.57025,3,ADD_FREQ,31240390,면,41.46,55.69,71.5,41590-36886,158.9,126.83024,37.11928
다사4003,day,0.312928,0.303996,-0.2771,-0.3216,0.0395,mid,0.0,3,2,1,0.2008,8.095,193.0,222.0,0.3212,장안면,0.0395,0.0445,0.53356,2,NEW_STOP,31240390,면,31.29,30.4,48.2,41590-37542,479.5,126.83016,37.1283
다사4004,day,0.35436,0.320794,-0.1177,-0.2636,0.1406,mid,0.0,3,2,1,0.2238,9.049,289.0,1009.0,0.1696,장안면,0.1406,0.1459,0.56809,3,NEW_STOP,31240390,면,35.44,32.08,72.2,41590-37416,465.7,126.83008,37.13731
다사4005,day,0.342774,0.280343,-0.1623,-0.4033,0.2272,mid,0.0,3,2,1,0.3585,4.54,254.0,895.0,0.0591,장안면,0.2272,0.241,0.55108,2,NEW_STOP,31240390,면,34.28,28.03,63.5,41590-37422,384.9,126.83,37.14633
다사4006,day,0.148593,0.011,-0.9096,-1.3331,0.2319,mid,0.0,3,0,0,0.05,0.0,13.0,0.0,0.7692,남양읍,0.2319,0.4235,0.29719,0,DRT,31240150,읍,14.86,1.1,3.2,41590-37973,1222.0,126.82992,37.15534
다사4007,day,0.241973,0.210005,-0.5502,-0.6461,0.0721,drt,0.0,3,1,1,0.05,4.425,83.0,22.0,0.3373,남양읍,0.0721,0.0959,0.45705,1,DRT,31240150,읍,24.2,21.0,20.8,41590-60058,585.3,126.82984,37.16435
다사4008,day,0.393049,0.548575,0.0312,0.5227,-0.4915,mid,0.0,2,2,3,0.5987,33.546,308.0,57.0,0.2922,남양읍,-0.4915,-0.4915,0.58109,3,ADD_FREQ,31240150,읍,39.3,54.86,77.0,41590-60104,240.8,126.82976,37.17337
다사4009,day,0.310184,0.317448,-0.2877,-0.2752,-0.0111,mid,0.0,3,2,1,0.3032,7.421,313.0,71.0,0.1725,남양읍,-0.0111,-0.0125,0.58325,3,NEW_STOP,31240150,읍,31.02,31.74,78.2,41590-60103,418.1,126.82968,37.18238
다사4010,day,0.827571,0.555248,1.7034,0.5458,1.1577,need,1.71385,5,4,3,0.4523,47.065,5743.0,302.0,0.1019,남양읍,1.1577,1.1577,0.91747,4,NEW_STOP,31240150,읍,82.76,55.52,1435.8,41590-36039,328.6,126.8296,37.19139
다사4011,day,0.914509,0.853551,2.038,1.5756,0.4624,ok,0.0,4,4,4,0.8987,262.213,4858.0,4671.0,0.0597,남양읍,0.4624,0.4624,0.89421,4,ADD_FREQ,31240150,읍,91.45,85.36,1214.5,41590-36510,60.8,126.82952,37.20041
다사4012,day,0.935767,0.906581,2.1198,1.7587,0.3612,ok,0.0,4,4,4,0.8438,456.641,9504.0,1465.0,0.1257,남양읍,0.3612,0.3612,0.97605,4,ADD_FREQ,31240150,읍,93.58,90.66,2376.0,41590-55436,93.7,126.82944,37.20942
다사4013,day,0.754319,0.800478,1.4215,1.3924,0.0292,ok,0.0,3,4,4,0.625,278.66,1694.0,754.0,0.1181,남양읍,0.0292,0.0292,0.77479,4,ADD_FREQ,31240150,읍,75.43,80.05,423.5,41590-37776,225.0,126.82936,37.21843
다사4014,day,0.185068,0.011,-0.7692,-1.3331,0.3561,mid,0.0,4,0,0,0.05,0.0,28.0,89.0,0.7143,남양읍,0.3561,0.5639,0.37014,1,DRT,31240150,읍,18.51,1.1,7.0,41590-36035,675.9,126.82928,37.22745
다사4015,day,0.078347,0.217484,-1.1799,-0.6203,-0.2021,mid,0.0,3,0,1,0.05,4.781,5.0,3.0,0.0,비봉면,-0.2021,-0.5596,0.14568,0,DRT,31240330,면,7.83,21.75,1.2,41590-36363,652.9,126.8292,37.23646
다사4016,day,0.359441,0.262027,-0.0981,-0.4665,0.3581,mid,0.0,4,2,1,0.6055,1.988,118.0,28.0,0.4831,비봉면,0.3581,0.3684,0.48928,1,ADD_FREQ,31240330,면,35.94,26.2,29.5,41590-37128,236.7,126.82912,37.24547
다사4017,day,0.06417,0.011,-1.2345,-1.3331,0.0313,mid,0.0,3,0,0,0.05,0.0,5.0,3.0,0.0,남양읍,0.0313,0.0986,0.12834,0,DRT,31240150,읍,6.42,1.1,1.2,41590-36522,1049.5,126.82904,37.25449
다사4018,day,0.229479,0.200168,-0.5983,-0.68,0.0594,drt,0.0,3,1,1,0.05,3.99,73.0,13.0,0.5753,남양읍,0.0594,0.0818,0.45609,1,DRT,31240150,읍,22.95,20.02,18.2,41590-36526,574.0,126.82896,37.2635
다사4019,day,0.822899,0.802586,1.6855,1.3997,0.2858,ok,0.0,4,4,4,0.6425,274.551,4176.0,407.0,0.0462,새솔동,0.2858,0.2858,0.87803,4,ADD_FREQ,31240670,동,82.29,80.26,1044.0,41590-55540,214.5,126.82888,37.27251
다사4100,day,0.616894,0.713233,0.8927,1.0912,-0.1985,ok,0.0,3,4,4,0.6382,129.01,714.0,1138.0,0.0686,장안면,-0.1985,-0.1985,0.67413,4,ADD_FREQ,31240390,면,61.69,71.32,178.5,41590-37454,217.1,126.84165,37.10132
다사4101,day,0.229619,0.552359,-0.5977,0.5358,-0.8235,over,0.0,1,1,3,0.692,28.963,48.0,2345.0,0.1042,장안면,-0.8235,-1.1336,0.37043,1,ADD_FREQ,31240390,면,22.96,55.24,12.0,41590-37634,184.8,126.84157,37.11033
다사4102,day,0.232358,0.148982,-0.5872,-0.8568,0.1973,drt,0.0,3,1,1,0.05,2.23,107.0,252.0,0.0935,장안면,0.1973,0.2696,0.45959,1,DRT,31240390,면,23.24,14.9,26.8,41590-37637,614.2,126.84149,37.11935
다사4103,day,0.534848,0.567192,0.5769,0.587,-0.0101,ok,0.0,3,3,3,0.638,36.598,486.0,683.0,0.1749,장안면,-0.0101,-0.0101,0.63236,3,ADD_FREQ,31240390,면,53.48,56.72,121.5,41590-37442,217.2,126.84142,37.12836
다사4104,day,0.498509,0.486638,0.4371,0.3089,0.1281,ok,0.0,3,3,2,0.4702,24.951,777.0,1986.0,0.0862,장안면,0.1281,0.1281,0.68273,4,NEW_STOP,31240390,면,49.85,48.66,194.2,41590-37424,317.9,126.84134,37.13738
다사4105,day,0.403007,0.571425,0.0695,0.6016,-0.5321,mid,0.0,2,3,3,0.791,28.28,198.0,256.0,0.2525,팔탄면,-0.5321,-0.5321,0.53742,2,ADD_FREQ,31240380,면,40.3,57.14,49.5,41590-37445,125.4,126.84126,37.14639
다사4106,day,0.278212,0.229779,-0.4107,-0.5778,0.1375,mid,0.0,3,1,1,0.1078,4.76,43.0,185.0,0.1163,남양읍,0.1375,0.1671,0.38025,1,DRT,31240150,읍,27.82,22.98,10.8,41590-55655,535.3,126.84118,37.1554
다사4107,day,0.510251,0.568925,0.4823,0.593,-0.1107,ok,0.0,3,3,3,0.4792,50.347,182.0,1324.0,0.0989,남양읍,-0.1107,-0.1107,0.52346,2,NEW_STOP,31240150,읍,51.03,56.89,45.5,41590-55872,312.5,126.8411,37.16442
다사4108,day,0.385362,0.490012,0.0016,0.3206,-0.3189,mid,0.0,2,2,2,0.3637,31.589,183.0,371.0,0.3388,남양읍,-0.3189,-0.3189,0.52726,2,NEW_STOP,31240150,읍,38.54,49.0,45.8,41590-55112,381.8,126.84102,37.17343
다사4109,day,0.485576,0.599005,0.3873,0.6968,-0.3095,ok,0.0,2,3,3,0.6068,51.224,306.0,587.0,0.2516,남양읍,-0.3095,-0.3095,0.57967,3,ADD_FREQ,31240150,읍,48.56,59.9,76.5,41590-60026,235.9,126.84095,37.18244
다사4110,day,0.713991,0.664221,1.2663,0.922,0.3444,ok,0.0,4,4,4,0.7942,63.04,2343.0,533.0,0.1263,남양읍,0.3444,0.3444,0.81342,4,ADD_FREQ,31240150,읍,71.4,66.42,585.8,41590-36441,123.5,126.84087,37.19146
다사4111,day,0.707542,0.592754,1.2415,0.6753,0.5663,ok,0.0,4,4,3,0.4735,62.541,2024.0,328.0,0.1329,남양읍,0.5663,0.5663,0.79355,4,NEW_STOP,31240150,읍,70.75,59.28,506.0,41590-55681,315.9,126.84079,37.20047
다사4112,day,0.733599,0.512433,1.3418,0.398,0.9438,need,1.31271,5,4,3,0.1998,52.558,2840.0,898.0,0.1007,남양읍,0.9438,0.9438,0.83337,4,NEW_STOP,31240150,읍,73.36,51.24,710.0,41590-55929,480.1,126.84071,37.20948
다사4113,day,0.56896,0.761427,0.7082,1.2576,-0.5494,ok,0.0,2,3,4,0.8415,132.89,329.0,1784.0,0.0942,남양읍,-0.5494,-0.5494,0.58543,3,ADD_FREQ,31240150,읍,56.9,76.14,82.2,41590-55255,95.1,126.84063,37.2185
다사4114,day,0.378493,0.48155,-0.0248,0.2914,-0.3162,mid,0.0,2,2,2,0.05,53.513,33.0,63.0,0.303,남양읍,-0.3162,-0.3162,0.35588,0,DRT,31240150,읍,37.85,48.15,8.2,41590-36043,605.4,126.84055,37.22751
다사4115,day,0.124657,0.011,-1.0017,-1.3331,0.1619,mid,0.0,3,0,0,0.05,0.0,13.0,3.0,0.3846,비봉면,0.1619,0.3314,0.24931,0,DRT,31240330,면,12.47,1.1,3.2,41590-55363,1078.3,126.84048,37.23652
다사4116,day,0.274132,0.33149,-0.4264,-0.2267,-0.1628,mid,0.0,3,1,2,0.8328,2.525,118.0,50.0,0.4407,비봉면,-0.1628,-0.1998,0.48885,1,ADD_FREQ,31240330,면,27.41,33.15,29.5,41590-55363,100.3,126.8404,37.24554
다사4117,day,0.210777,0.304579,-0.6703,-0.3196,-0.241,mid,0.0,3,1,1,0.5967,3.361,43.0,17.0,0.5349,비봉면,-0.241,-0.3507,0.38545,1,ADD_FREQ,31240330,면,21.08,30.46,10.8,41590-37610,242.0,126.84032,37.25455
다사4118,day,0.359408,0.357971,-0.0983,-0.1353,0.036,mid,0.0,3,2,2,0.419,8.569,113.0,17.0,0.5221,비봉면,0.036,0.037,0.48211,1,NEW_STOP,31240330,면,35.94,35.8,28.2,41590-55461,348.6,126.84024,37.26356
다사4200,day,0.513029,0.663016,0.4929,0.9178,-0.4249,ok,0.0,2,3,4,0.6623,80.103,399.0,465.0,0.213,장안면,-0.4249,-0.4249,0.60985,3,ADD_FREQ,31240390,면,51.3,66.3,99.8,41590-36871,202.6,126.8529,37.10138
다사4201,day,0.215102,0.011,-0.6536,-1.3331,0.4731,mid,0.0,4,1,0,0.05,0.0,59.0,301.0,0.4237,장안면,0.4731,0.6795,0.4302,1,DRT,31240390,면,21.51,1.1,14.8,41590-36846,807.9,126.85283,37.1104
다사4202,day,0.275127,0.011,-0.4226,-1.3331,0.7439,drt,0.0,5,1,0,0.05,0.0,253.0,619.0,0.0,팔탄면,0.7439,0.9105,0.55025,2,DRT,31240380,면,27.51,1.1,63.2,41590-37443,858.6,126.85275,37.11941
다사4203,day,0.471626,0.61046,0.3336,0.7364,-0.4028,ok,0.0,2,3,3,0.8145,38.043,370.0,1431.0,0.0838,팔탄면,-0.4028,-0.4028,0.59444,3,ADD_FREQ,31240380,면,47.16,61.05,92.5,41590-36897,111.3,126.85267,37.12842
다사4204,day,0.248951,0.011,-0.5233,-1.3331,0.62,drt,0.0,4,1,0,0.05,0.0,157.0,857.0,0.0828,팔탄면,0.62,0.8098,0.4979,2,DRT,31240380,면,24.9,1.1,39.2,41590-55008,935.2,126.8526,37.13744
다사4205,day,0.0,0.011,-1.4814,-1.3331,-0.0,mid,0.0,3,0,0,0.05,0.0,0.0,0.0,0.0,팔탄면,-0.0,-0.1483,0.0,0,DRT,31240380,면,0.0,1.1,0.0,41590-37356,990.0,126.85252,37.14645
다사4206,day,0.447271,0.404132,0.2399,0.0241,0.2158,mid,0.0,3,3,2,0.7157,7.135,335.0,762.0,0.1313,팔탄면,0.2158,0.2158,0.58418,3,ADD_FREQ,31240380,면,44.73,40.41,83.8,41590-37547,170.6,126.85244,37.15546
다사4207,day,0.392549,0.531461,0.0293,0.4637,-0.4344,mid,0.0,2,2,3,0.5142,33.982,100.0,473.0,0.25,남양읍,-0.4344,-0.4344,0.46456,1,ADD_FREQ,31240150,읍,39.25,53.15,25.0,41590-55889,291.5,126.85236,37.16448
다사4208,day,0.36975,0.266638,-0.0585,-0.4506,0.3883,mid,0.0,4,2,1,0.0587,7.637,312.0,843.0,0.1186,남양읍,0.3883,0.3921,0.57425,3,DRT,31240150,읍,36.98,26.66,78.0,41590-55653,564.8,126.85229,37.17349
다사4209,day,0.57664,0.456864,0.7377,0.2061,0.5316,mid,0.0,4,3,2,0.551,16.324,648.0,1383.0,0.2037,남양읍,0.5316,0.5316,0.66479,4,ADD_FREQ,31240150,읍,57.66,45.69,162.0,41590-36050,269.4,126.85221,37.18251
다사4210,day,0.454735,0.360715,0.2686,-0.1258,0.3944,mid,0.0,4,3,2,0.1228,16.039,436.0,746.0,0.1239,남양읍,0.3944,0.3944,0.61941,3,DRT,31240150,읍,45.47,36.07,109.0,41590-55152,526.3,126.85213,37.19152
다사4211,day,0.261607,0.49237,-0.4746,0.3287,-0.6352,over,0.0,2,1,2,0.5133,24.134,71.0,279.0,0.2113,남양읍,-0.6352,-0.8034,0.43099,1,ADD_FREQ,31240150,읍,26.16,49.24,17.8,41590-55155,292.0,126.85206,37.20053
다사4212,day,0.502321,0.501441,0.4517,0.36,0.0917,ok,0.0,3,3,3,0.4155,31.596,402.0,1662.0,0.4254,남양읍,0.0917,0.0917,0.61368,3,NEW_STOP,31240150,읍,50.23,50.14,100.5,41590-36052,350.7,126.85198,37.20955
다사4213,day,0.493632,0.380817,0.4183,-0.0564,0.4747,mid,0.0,4,3,2,0.441,10.151,380.0,2522.0,0.0132,남양읍,0.4747,0.4747,0.59836,3,NEW_STOP,31240150,읍,49.36,38.08,95.0,41590-55345,335.4,126.8519,37.21856
다사4214,day,0.489937,0.554123,0.4041,0.5419,-0.1378,ok,0.0,3,3,3,0.117,88.11,163.0,552.0,0.2577,비봉면,-0.1378,-0.1378,0.51655,2,DRT,31240330,면,48.99,55.41,40.8,41590-55393,529.8,126.85183,37.22757
다사4215,day,0.248425,0.119863,-0.5254,-0.9573,0.3302,drt,0.0,4,1,1,0.05,1.522,108.0,27.0,0.5093,비봉면,0.3302,0.4319,0.47648,1,DRT,31240330,면,24.84,11.99,27.0,41590-55829,687.6,126.85175,37.23659
다사4216,day,0.304626,0.424978,-0.3091,0.0961,-0.3537,mid,0.0,2,2,2,0.5407,12.47,138.0,45.0,0.5435,비봉면,-0.3537,-0.4051,0.51059,2,ADD_FREQ,31240330,면,30.46,42.5,34.5,41590-55828,275.6,126.85167,37.2456
다사4217,day,0.316062,0.552063,-0.2651,0.5348,-0.7152,mid,0.0,1,2,3,0.6632,30.543,123.0,51.0,0.3577,비봉면,-0.7152,-0.7999,0.48637,1,ADD_FREQ,31240330,면,31.61,55.21,30.8,41590-55871,202.1,126.85159,37.25461
다사4218,day,0.066457,0.171496,-1.2257,-0.779,-0.1449,mid,0.0,3,0,1,0.05,2.911,0.0,15.0,0.0,비봉면,-0.1449,-0.4466,0.0,0,DRT,31240330,면,6.65,17.15,0.0,41590-55833,631.4,126.85152,37.26363
다사4300,day,0.501139,0.684358,0.4472,0.9915,-0.5443,ok,0.0,2,3,4,0.8055,73.398,278.0,970.0,0.1403,장안면,-0.5443,-0.5443,0.56427,3,ADD_FREQ,31240390,면,50.11,68.44,69.5,41590-36706,116.7,126.86416,37.10144
다사4301,day,0.271763,0.170407,-0.4356,-0.7828,0.2815,drt,0.0,4,1,1,0.05,2.875,155.0,1232.0,0.0645,팔탄면,0.2815,0.3472,0.50102,2,DRT,31240380,면,27.18,17.04,38.8,41590-36845,766.6,126.86408,37.11046
다사4302,day,0.378631,0.514995,-0.0243,0.4068,-0.4311,mid,0.0,2,2,3,0.5557,27.144,128.0,396.0,0.2422,팔탄면,-0.4311,-0.4311,0.49741,2,ADD_FREQ,31240380,면,37.86,51.5,32.0,41590-36899,266.6,126.864,37.11947
다사4303,day,0.45226,0.506726,0.2591,0.3783,-0.1192,ok,0.0,3,3,3,0.5762,24.248,351.0,1155.0,0.0456,팔탄면,-0.1192,-0.1192,0.5859,3,ADD_FREQ,31240380,면,45.23,50.67,87.8,41590-55650,254.3,126.86393,37.12848
다사4304,day,0.484582,0.536732,0.3835,0.4819,-0.0984,ok,0.0,3,3,3,0.8347,19.095,403.0,924.0,0.2605,팔탄면,-0.0984,-0.0984,0.61132,3,ADD_FREQ,31240380,면,48.46,53.67,100.8,41590-55649,99.2,126.86385,37.1375
다사4305,day,0.234151,0.019072,-0.5803,-1.3052,0.5334,drt,0.0,4,1,1,0.05,0.071,103.0,196.0,0.2233,팔탄면,0.5334,0.7249,0.46615,1,DRT,31240380,면,23.42,1.91,25.8,41590-55846,740.9,126.86378,37.14651
다사4306,day,0.450628,0.11858,0.2528,-0.9617,1.2145,need,1.64006,6,3,1,0.539,0.0,355.0,923.0,0.2394,팔탄면,1.2145,1.2145,0.59733,3,ADD_FREQ,31240380,면,45.06,11.86,88.8,41590-36930,276.6,126.8637,37.15553
다사4307,day,0.342384,0.011,-0.1638,-1.3331,1.1014,mid,0.0,5,2,0,0.05,0.0,187.0,600.0,0.1658,팔탄면,1.1014,1.1693,0.52751,2,DRT,31240380,면,34.24,1.1,46.8,41590-55644,573.5,126.86363,37.16454
다사4308,day,0.248464,0.200379,-0.5252,-0.6793,0.1178,drt,0.0,3,1,1,0.7463,0.36,123.0,139.0,0.4634,남양읍,0.1178,0.1541,0.49139,2,ADD_FREQ,31240150,읍,24.85,20.04,30.8,41590-37173,152.2,126.86355,37.17355
다사4309,day,0.506774,0.405232,0.4689,0.0279,0.441,mid,0.0,4,3,2,0.5788,9.605,296.0,2064.0,0.1588,팔탄면,0.441,0.441,0.57309,3,ADD_FREQ,31240380,면,50.68,40.52,74.0,41590-37164,252.7,126.86348,37.18257
다사4310,day,0.317891,0.15104,-0.258,-0.8496,0.531,mid,0.0,4,2,1,0.05,2.287,240.0,398.0,0.1708,팔탄면,0.531,0.5916,0.54879,2,DRT,31240380,면,31.79,15.1,60.0,41590-60085,671.9,126.8634,37.19158
다사4311,day,0.285697,0.427712,-0.3819,0.1055,-0.4081,mid,0.0,2,1,2,0.5328,12.99,84.0,464.0,0.0595,비봉면,-0.4081,-0.4874,0.4414,1,ADD_FREQ,31240330,면,28.57,42.77,21.0,41590-37648,280.3,126.86332,37.20059
다사4312,day,0.386033,0.44481,0.0042,0.1645,-0.1603,mid,0.0,3,2,2,0.4128,19.246,186.0,678.0,0.1667,남양읍,-0.1603,-0.1603,0.52288,2,NEW_STOP,31240150,읍,38.6,44.48,46.5,41590-37035,352.3,126.86325,37.20961
다사4313,day,0.387785,0.311231,0.011,-0.2966,0.3076,mid,0.0,4,2,1,0.2152,8.416,210.0,1179.0,0.0619,비봉면,0.3076,0.3076,0.52908,2,NEW_STOP,31240330,면,38.78,31.12,52.5,41590-55842,470.9,126.86317,37.21862
다사4314,day,0.523488,0.742264,0.5332,1.1914,-0.6582,ok,0.0,2,3,4,0.4987,214.958,163.0,145.0,0.2822,비봉면,-0.6582,-0.6582,0.51888,2,NEW_STOP,31240330,면,52.35,74.23,40.8,41590-55087,300.8,126.8631,37.22763
다사4315,day,0.721055,0.884659,1.2935,1.683,-0.3895,ok,0.0,2,4,4,0.8975,342.599,1253.0,521.0,0.2338,비봉면,-0.3895,-0.3895,0.74266,4,ADD_FREQ,31240330,면,72.11,88.47,313.2,41590-37161,61.5,126.86302,37.23665
다사4316,day,0.579679,0.396739,0.7494,-0.0014,0.7509,need,1.00494,5,4,2,0.4127,12.461,550.0,30.0,0.1927,비봉면,0.7509,0.7509,0.64362,3,NEW_STOP,31240330,면,57.97,39.67,137.5,41590-60124,352.4,126.86295,37.24566
다사4317,day,0.439751,0.224957,0.2109,-0.5945,0.8054,need,1.2386,5,3,1,0.05,5.16,93.0,8.0,0.5269,비봉면,0.8054,0.8054,0.44658,1,DRT,31240330,면,43.98,22.5,23.2,41590-60123,651.7,126.86287,37.25467
다사4318,day,0.019226,0.125645,-1.4074,-0.9373,-0.0681,mid,0.0,3,0,1,0.05,1.649,0.0,3.0,0.0,비봉면,-0.0681,-0.4701,0.0,0,DRT,31240330,면,1.92,12.56,0.0,41590-37187,635.0,126.86279,37.26369
다사4400,day,0.286683,0.13839,-0.3781,-0.8933,0.4324,drt,0.0,4,1,1,0.05,1.952,153.0,398.0,0.2353,장안면,0.4324,0.5152,0.49795,2,DRT,31240390,면,28.67,13.84,38.2,41590-37179,777.8,126.87541,37.1015
다사4401,day,0.489489,0.686339,0.4024,0.9983,-0.596,ok,0.0,2,3,4,0.4695,140.796,174.0,515.0,0.1667,팔탄면,-0.596,-0.596,0.50583,2,NEW_STOP,31240380,면,48.95,68.63,43.5,41590-36898,318.3,126.87533,37.11052
다사4402,day,0.375198,0.458256,-0.0375,0.2109,-0.2483,mid,0.0,3,2,2,0.3692,23.627,252.0,236.0,0.3333,팔탄면,-0.2483,-0.2484,0.5624,3,NEW_STOP,31240380,면,37.52,45.83,63.0,41590-37437,378.5,126.87526,37.11953
다사4403,day,0.166932,0.045179,-0.839,-1.2151,0.2221,mid,0.0,3,0,1,0.05,0.337,28.0,105.0,0.1786,팔탄면,0.2221,0.3761,0.32735,0,DRT,31240380,면,16.69,4.52,7.0,41590-36735,761.2,126.87519,37.12854
다사4404,day,0.284857,0.118124,-0.3852,-0.9633,0.4832,drt,0.0,4,1,1,0.05,1.485,150.0,402.0,0.1533,팔탄면,0.4832,0.5781,0.49805,2,DRT,31240380,면,28.49,11.81,37.5,41590-55942,630.0,126.87511,37.13756
다사4405,day,0.326919,0.307059,-0.2233,-0.311,0.0802,mid,0.0,3,2,1,0.5677,3.702,233.0,407.0,0.279,팔탄면,0.0802,0.0877,0.55422,3,ADD_FREQ,31240380,면,32.69,30.71,58.2,41590-55846,259.4,126.87504,37.14657
다사4406,day,0.368332,0.26458,-0.0639,-0.4577,0.3889,mid,0.0,4,2,1,0.2182,5.299,239.0,299.0,0.1967,팔탄면,0.3889,0.3938,0.55706,3,NEW_STOP,31240380,면,36.83,26.46,59.8,41590-37052,469.1,126.87496,37.15559
다사4407,day,0.482628,0.287408,0.376,-0.3789,0.7548,need,0.79191,5,3,1,0.7827,1.662,281.0,1075.0,0.0641,팔탄면,0.7548,0.7548,0.56216,3,ADD_FREQ,31240380,면,48.26,28.74,70.2,41590-55642,130.4,126.87489,37.1646
다사4408,day,0.496216,0.491341,0.4282,0.3252,0.1031,ok,0.0,3,3,2,0.7083,16.304,364.0,1167.0,0.1346,팔탄면,0.1031,0.1031,0.59733,3,ADD_FREQ,31240380,면,49.62,49.13,91.0,41590-37182,175.0,126.87482,37.17361
다사4409,day,0.286941,0.089592,-0.3771,-1.0618,0.5749,drt,0.0,4,1,1,0.05,0.95,199.0,915.0,0.1809,팔탄면,0.5749,0.6846,0.53084,2,DRT,31240380,면,28.69,8.96,49.8,41590-60042,741.2,126.87474,37.18263
다사4410,day,0.373835,0.473879,-0.0427,0.2649,-0.3068,mid,0.0,2,2,2,0.6548,15.487,134.0,420.0,0.2687,팔탄면,-0.3068,-0.3076,0.49859,2,ADD_FREQ,31240380,면,37.38,47.39,33.5,41590-36973,207.1,126.87467,37.19164
다사4411,day,0.483819,0.549288,0.3805,0.5252,-0.1447,ok,0.0,3,3,3,0.5735,35.43,280.0,693.0,0.2679,비봉면,-0.1447,-0.1447,0.57016,3,ADD_FREQ,31240330,면,48.38,54.93,70.0,41590-37713,255.9,126.87459,37.20065
다사4412,day,0.312049,0.33241,-0.2805,-0.2235,-0.0505,mid,0.0,3,2,2,0.3118,8.409,121.0,194.0,0.3388,비봉면,-0.0505,-0.057,0.48573,1,NEW_STOP,31240330,면,31.2,33.24,30.2,41590-55823,412.9,126.87452,37.20967
다사4413,day,0.219129,0.449917,-0.6381,0.1822,-0.5781,mid,0.0,2,1,2,0.4923,17.224,13.0,154.0,0.3846,비봉면,-0.5781,-0.8203,0.24931,0,NEW_STOP,31240330,면,21.91,44.99,3.2,41590-37755,304.6,126.87444,37.21868
다사4414,day,0.278744,0.493077,-0.4087,0.3312,-0.6097,over,0.0,2,1,2,0.4117,29.578,133.0,114.0,0.3308,비봉면,-0.6097,-0.7398,0.50168,2,NEW_STOP,31240330,면,27.87,49.31,33.2,41590-55380,353.0,126.87437,37.22769
다사4415,day,0.745974,0.87122,1.3894,1.6366,-0.2472,ok,0.0,3,4,4,0.9342,285.214,1105.0,955.0,0.181,비봉면,-0.2472,-0.2472,0.72675,4,ADD_FREQ,31240330,면,74.6,87.12,276.2,41590-37186,39.5,126.8743,37.23671
다사4416,day,0.776669,0.705776,1.5076,1.0654,0.4421,ok,0.0,4,4,4,0.8035,88.583,2017.0,304.0,0.2593,비봉면,0.4421,0.4421,0.79839,4,ADD_FREQ,31240330,면,77.67,70.58,504.2,41590-60020,117.9,126.87422,37.24572
다사4417,day,0.490785,0.580368,0.4073,0.6325,-0.2252,ok,0.0,3,3,3,0.6063,43.617,78.0,66.0,0.5641,비봉면,-0.2252,-0.2252,0.46053,1,ADD_FREQ,31240330,면,49.08,58.04,19.5,41590-37729,236.2,126.87415,37.25473
다사4418,day,0.517195,0.604915,0.509,0.7172,-0.2083,ok,0.0,3,3,3,0.4403,73.965,395.0,177.0,0.4025,매송면,-0.2083,-0.2083,0.61729,3,NEW_STOP,31240310,면,51.72,60.49,98.8,41590-37599,335.8,126.87407,37.26375
다사4419,day,0.206659,0.011,-0.6861,-1.3331,0.4389,mid,0.0,4,1,0,0.05,0.0,48.0,3.0,0.6458,매송면,0.4389,0.647,0.41332,1,DRT,31240310,면,20.67,1.1,12.0,41590-37187,658.7,126.874,37.27276
다사4500,day,0.254236,0.15433,-0.503,-0.8383,0.2602,drt,0.0,4,1,1,0.7015,0.0,138.0,195.0,0.2246,팔탄면,0.2602,0.3353,0.50847,2,ADD_FREQ,31240380,면,25.42,15.43,34.5,41590-55480,179.1,126.88666,37.10156
다사4501,day,0.471808,0.528362,0.3343,0.453,-0.1187,ok,0.0,3,3,3,0.1828,62.301,188.0,149.0,0.2872,팔탄면,-0.1187,-0.1187,0.52843,2,NEW_STOP,31240380,면,47.18,52.84,47.0,41590-37206,490.3,126.88659,37.11058
다사4502,day,0.456873,0.694018,0.2768,1.0249,-0.748,ok,0.0,1,3,4,0.6578,105.438,326.0,315.0,0.2301,팔탄면,-0.748,-0.748,0.58721,3,ADD_FREQ,31240380,면,45.69,69.4,81.5,41590-37216,205.3,126.88652,37.11959
다사4503,day,0.459374,0.520244,0.2865,0.4249,-0.1385,ok,0.0,3,3,3,0.7165,20.786,604.0,526.0,0.1871,팔탄면,-0.1385,-0.1385,0.65563,3,ADD_FREQ,31240380,면,45.94,52.02,151.0,41590-37360,170.1,126.88644,37.1286
다사4504,day,0.363003,0.371059,-0.0844,-0.0901,0.0055,mid,0.0,3,2,2,0.6707,5.681,203.0,1050.0,0.0493,팔탄면,0.0055,0.0057,0.52678,2,ADD_FREQ,31240380,면,36.3,37.11,50.8,41590-37413,197.6,126.88637,37.13762
다사4505,day,0.347864,0.218956,-0.1427,-0.6152,0.4497,mid,0.0,4,2,1,0.3498,2.342,305.0,723.0,0.2131,팔탄면,0.4497,0.4725,0.57761,3,NEW_STOP,31240380,면,34.79,21.9,76.2,41590-36451,390.1,126.8863,37.14663
다사4506,day,0.379751,0.434483,-0.02,0.1289,-0.1488,mid,0.0,3,2,2,0.7665,8.574,240.0,636.0,0.2167,팔탄면,-0.1488,-0.1488,0.55178,3,ADD_FREQ,31240380,면,37.98,43.45,60.0,41590-37402,140.1,126.88623,37.15564
다사4507,day,0.507193,0.14442,0.4705,-0.8725,1.343,need,1.68262,6,3,1,0.1745,1.462,266.0,2253.0,0.203,팔탄면,1.343,1.343,0.56662,3,NEW_STOP,31240380,면,50.72,14.44,66.5,41590-55911,495.3,126.88615,37.16466
다사4508,day,0.538607,0.470435,0.5914,0.253,0.3384,ok,0.0,4,3,2,0.2975,30.228,645.0,2525.0,0.0636,팔탄면,0.3384,0.3384,0.66129,3,NEW_STOP,31240380,면,53.86,47.04,161.2,41590-55004,421.5,126.88608,37.17367
다사4509,day,0.462744,0.666105,0.2994,0.9285,-0.6291,ok,0.0,2,3,4,0.7427,70.65,188.0,1200.0,0.1809,팔탄면,-0.6291,-0.6291,0.5308,2,ADD_FREQ,31240380,면,46.27,66.61,47.0,41590-55006,154.4,126.88601,37.18269
다사4510,day,0.510243,0.594381,0.4822,0.6809,-0.1987,ok,0.0,3,3,3,0.4937,61.042,321.0,1293.0,0.1371,팔탄면,-0.1987,-0.1987,0.5822,3,NEW_STOP,31240380,면,51.02,59.44,80.2,41590-37209,303.8,126.88593,37.1917
다사4511,day,0.427032,0.627615,0.162,0.7956,-0.6336,mid,0.0,2,3,3,0.9675,32.934,111.0,755.0,0.3243,비봉면,-0.6336,-0.6336,0.47819,1,ADD_FREQ,31240330,면,42.7,62.76,27.8,41590-37213,19.5,126.88586,37.20071
다사4512,day,0.206472,0.011,-0.6868,-1.3331,0.4382,mid,0.0,4,1,0,0.05,0.0,63.0,8.0,0.4127,비봉면,0.4382,0.6463,0.41294,1,DRT,31240330,면,20.65,1.1,15.8,41590-36712,956.6,126.88579,37.20973
다사4513,day,0.173473,0.011,-0.8138,-1.3331,0.3144,mid,0.0,4,0,0,0.05,0.0,36.0,0.0,0.0,비봉면,0.3144,0.5193,0.34695,0,DRT,31240330,면,17.35,1.1,9.0,41590-37755,1009.1,126.88571,37.21874
다사4514,day,0.0,0.292204,-1.4814,-0.3623,-0.0,mid,0.0,3,0,1,0.05,9.908,0.0,0.0,0.0,비봉면,-0.0,-1.1191,0.0,0,DRT,31240330,면,0.0,29.22,0.0,41590-37188,664.5,126.88564,37.22775
다사4515,day,0.255741,0.526957,-0.4972,0.4481,-0.7366,over,0.0,1,1,3,0.2057,58.936,13.0,14.0,1.1538,비봉면,-0.7366,-0.9453,0.28055,0,NEW_STOP,31240330,면,25.57,52.7,3.2,41590-37207,476.6,126.88557,37.23677
다사4516,day,0.37506,0.48674,-0.038,0.3093,-0.3471,mid,0.0,2,2,2,0.3822,29.618,93.0,160.0,0.5806,비봉면,-0.3471,-0.3473,0.47418,1,NEW_STOP,31240330,면,37.51,48.67,23.2,41590-37612,370.7,126.8855,37.24578
다사4517,day,0.145121,0.116358,-0.9229,-0.9694,0.025,mid,0.0,3,0,1,0.05,1.448,8.0,3.0,0.625,비봉면,0.025,0.0464,0.20892,0,DRT,31240330,면,14.51,11.64,2.0,41590-37218,641.1,126.88542,37.25479
다사4518,day,0.617879,0.698165,0.8965,1.0392,-0.1427,ok,0.0,3,4,4,0.6235,116.565,846.0,172.0,0.2801,매송면,-0.1427,-0.1427,0.69936,4,ADD_FREQ,31240310,면,61.79,69.82,211.5,41590-37614,225.9,126.88535,37.26381
다사4519,day,0.465988,0.56351,0.3119,0.5743,-0.2624,ok,0.0,2,3,3,0.5547,41.583,123.0,256.0,0.3171,매송면,-0.2624,-0.2624,0.49732,2,ADD_FREQ,31240310,면,46.6,56.35,30.8,41590-37215,267.2,126.88528,37.27282
다사4520,day,0.382867,0.515371,-0.008,0.4081,-0.4161,mid,0.0,2,2,3,0.776,17.702,190.0,703.0,0.3947,매송면,-0.4161,-0.4161,0.52749,2,ADD_FREQ,31240310,면,38.29,51.54,47.5,41590-37210,134.4,126.8852,37.28183
다사4600,day,0.881654,0.791008,1.9116,1.3597,0.5519,ok,0.0,4,4,4,0.5748,282.408,8452.0,738.0,0.0745,향남읍,0.5519,0.5519,0.96044,4,ADD_FREQ,31240140,읍,88.17,79.1,2113.0,41590-55483,255.1,126.89792,37.10162
다사4601,day,0.709734,0.682962,1.25,0.9867,0.2633,ok,0.0,4,4,4,0.5798,111.105,2852.0,384.0,0.0624,향남읍,0.2633,0.2633,0.83241,4,ADD_FREQ,31240140,읍,70.97,68.3,713.0,41590-36762,252.1,126.89784,37.11063
다사4602,day,0.530796,0.618558,0.5613,0.7643,-0.203,ok,0.0,3,3,3,0.2963,109.184,1428.0,57.0,0.0357,향남읍,-0.203,-0.203,0.75171,4,NEW_STOP,31240140,읍,53.08,61.86,357.0,41590-37225,422.2,126.89777,37.11965
다사4603,day,0.82878,0.734239,1.7081,1.1637,0.5444,ok,0.0,4,4,4,0.5385,186.246,5910.0,721.0,0.1291,향남읍,0.5444,0.5444,0.92165,4,ADD_FREQ,31240140,읍,82.88,73.42,1477.5,41590-36908,276.9,126.8977,37.12866
다사4604,day,0.453942,0.611498,0.2656,0.74,-0.4744,ok,0.0,2,3,3,0.6782,49.823,216.0,714.0,0.5509,향남읍,-0.4744,-0.4744,0.54642,2,ADD_FREQ,31240140,읍,45.39,61.15,54.0,41590-55114,193.1,126.89763,37.13767
다사4605,day,0.437283,0.683404,0.2014,0.9882,-0.7868,mid,0.0,1,3,4,0.6912,90.383,153.0,436.0,0.1895,팔탄면,-0.7868,-0.7868,0.50396,2,ADD_FREQ,31240380,면,43.73,68.34,38.2,41590-37234,185.3,126.89756,37.14669
다사4606,day,0.457993,0.720827,0.2811,1.1174,-0.8363,ok,0.0,1,3,4,0.773,106.778,135.0,581.0,0.1333,팔탄면,-0.8363,-0.8363,0.4823,1,ADD_FREQ,31240380,면,45.8,72.08,33.8,41590-36803,136.2,126.89749,37.1557
다사4607,day,0.64542,0.596337,1.0024,0.6876,0.3148,ok,0.0,4,4,3,0.528,58.16,739.0,2845.0,0.161,팔탄면,0.3148,0.3148,0.68018,4,ADD_FREQ,31240380,면,64.54,59.63,184.8,41590-55387,283.2,126.89742,37.16472
다사4608,day,0.526433,0.450636,0.5445,0.1846,0.3599,mid,0.0,4,3,2,0.2502,27.834,318.0,1387.0,0.1069,팔탄면,0.3599,0.3599,0.58039,3,NEW_STOP,31240380,면,52.64,45.06,79.5,41590-55876,449.9,126.89734,37.17373
다사4609,day,0.246574,0.011,-0.5325,-1.3331,0.6092,drt,0.0,4,1,0,0.05,0.0,133.0,103.0,0.2331,팔탄면,0.6092,0.8006,0.49315,2,DRT,31240380,면,24.66,1.1,33.2,41590-37766,852.4,126.89727,37.18274
다사4610,day,0.283443,0.216935,-0.3906,-0.6222,0.1929,drt,0.0,3,1,1,0.3445,2.318,134.0,593.0,0.2687,팔탄면,0.1929,0.2316,0.49147,2,NEW_STOP,31240380,면,28.34,21.69,33.5,41590-37249,393.3,126.8972,37.19176
다사4611,day,0.426296,0.52719,0.1592,0.4489,-0.2898,mid,0.0,2,3,3,0.77,19.911,193.0,289.0,0.5078,비봉면,-0.2898,-0.2898,0.53654,2,ADD_FREQ,31240330,면,42.63,52.72,48.2,41590-37233,138.0,126.89713,37.20077
다사4612,day,0.221762,0.054808,-0.628,-1.1819,0.3934,mid,0.0,4,1,1,0.05,0.451,58.0,30.0,0.5862,비봉면,0.3934,0.5539,0.42065,1,DRT,31240330,면,22.18,5.48,14.5,41590-37226,753.7,126.89706,37.20978
다사4613,day,0.104657,0.011,-1.0787,-1.3331,0.1109,mid,0.0,3,0,0,0.05,0.0,8.0,0.0,0.625,비봉면,0.1109,0.2544,0.20931,0,DRT,31240330,면,10.47,1.1,2.0,41590-37226,1665.6,126.89699,37.2188
다사4614,day,0.191131,0.011,-0.7459,-1.3331,0.3787,mid,0.0,4,0,0,0.05,0.0,28.0,3.0,0.8214,비봉면,0.3787,0.5872,0.38226,1,DRT,31240330,면,19.11,1.1,7.0,41590-37246,852.0,126.89691,37.22781
다사4615,day,0.289347,0.31223,-0.3679,-0.2932,-0.0631,mid,0.0,3,2,1,0.4233,5.435,218.0,120.0,0.4587,비봉면,-0.0631,-0.0747,0.55084,2,NEW_STOP,31240330,면,28.93,31.22,54.5,41590-37246,346.0,126.89684,37.23682
다사4616,day,0.468887,0.710416,0.3231,1.0815,-0.7584,ok,0.0,1,3,4,0.5388,151.837,196.0,127.0,0.4235,비봉면,-0.7584,-0.7584,0.53327,2,ADD_FREQ,31240330,면,46.89,71.04,49.0,41590-37237,276.7,126.89677,37.24584
다사4617,day,0.301066,0.628799,-0.3228,0.7997,-0.9725,over,0.0,1,2,3,0.9125,36.989,113.0,67.0,0.4425,매송면,-0.9725,-1.1225,0.4903,2,ADD_FREQ,31240310,면,30.11,62.88,28.2,41590-37180,52.5,126.8967,37.25485
다사4618,day,0.186115,0.011,-0.7652,-1.3331,0.3599,mid,0.0,4,0,0,0.05,0.0,28.0,72.0,0.5357,매송면,0.3599,0.5679,0.37223,1,DRT,31240310,면,18.61,1.1,7.0,41590-37178,819.1,126.89663,37.26387
다사4619,day,0.226699,0.011,-0.609,-1.3331,0.5217,drt,0.0,4,1,0,0.05,0.0,68.0,54.0,0.4559,매송면,0.5217,0.7241,0.4534,1,DRT,31240310,면,22.67,1.1,17.0,41590-37215,893.0,126.89655,37.27288
다사4620,day,0.158061,0.13915,-0.8731,-0.8907,0.01,mid,0.0,3,0,1,0.6325,0.0,23.0,50.0,0.6522,매송면,0.01,0.0176,0.31612,0,ADD_FREQ,31240310,면,15.81,13.92,5.8,41590-55421,220.5,126.89648,37.28189
다사4700,day,0.694129,0.677371,1.1899,0.9674,0.2225,ok,0.0,3,4,4,0.7945,70.566,3003.0,192.0,0.0982,향남읍,0.2225,0.2225,0.83919,4,ADD_FREQ,31240140,읍,69.41,67.74,750.8,41590-60091,123.3,126.90917,37.10168
다사4701,day,0.891292,0.825149,1.9487,1.4776,0.4711,ok,0.0,4,4,4,0.7415,276.391,6976.0,1413.0,0.0626,향남읍,0.4711,0.4711,0.938,4,ADD_FREQ,31240140,읍,89.13,82.51,1744.0,41590-55323,155.1,126.9091,37.11069
다사4702,day,0.897734,0.734312,1.9735,1.164,0.8095,need,1.20232,5,4,4,0.5973,166.848,7845.0,1928.0,0.0857,향남읍,0.8095,0.8095,0.95258,4,ADD_FREQ,31240140,읍,89.77,73.43,1961.2,41590-55288,241.6,126.90903,37.1197
다사4703,day,0.931274,0.959687,2.1025,1.942,0.1605,ok,0.0,3,4,4,0.849,710.723,6447.0,3058.0,0.1053,향남읍,0.1605,0.1605,0.93081,4,ADD_FREQ,31240140,읍,93.13,95.97,1611.8,41590-37265,90.6,126.90896,37.12872
다사4704,day,0.884631,0.911162,1.923,1.7745,0.1485,ok,0.0,3,4,4,0.7952,520.125,4724.0,839.0,0.1397,향남읍,0.1485,0.1485,0.89579,4,ADD_FREQ,31240140,읍,88.46,91.12,1181.0,41590-36626,122.9,126.90889,37.13773
다사4705,day,0.193476,0.011,-0.7368,-1.3331,0.3875,mid,0.0,4,0,0,0.05,0.0,53.0,27.0,0.0943,향남읍,0.3875,0.5963,0.38695,1,DRT,31240140,읍,19.35,1.1,13.2,41590-37240,865.4,126.90882,37.14674
다사4706,day,0.387735,0.349682,0.0108,-0.1639,0.1746,mid,0.0,3,2,2,0.0758,15.939,93.0,313.0,0.3011,팔탄면,0.1746,0.1746,0.46009,1,DRT,31240380,면,38.77,34.97,23.2,41590-37257,554.5,126.90875,37.15576
다사4707,day,0.668276,0.482939,1.0904,0.2962,0.7943,need,1.16519,5,4,2,0.252,36.812,1369.0,485.0,0.1936,팔탄면,0.7943,0.7943,0.75335,4,NEW_STOP,31240380,면,66.83,48.29,342.2,41590-55713,448.8,126.90868,37.16477
다사4708,day,0.416373,0.474068,0.121,0.2655,-0.1446,mid,0.0,3,3,2,0.6728,14.967,326.0,453.0,0.2515,팔탄면,-0.1446,-0.1446,0.58587,3,ADD_FREQ,31240380,면,41.64,47.41,81.5,41590-55878,196.3,126.90861,37.17379
다사4709,day,0.421376,0.452977,0.1402,0.1927,-0.0525,mid,0.0,3,3,2,0.7063,11.537,338.0,52.0,0.2811,팔탄면,-0.0525,-0.0525,0.59422,3,ADD_FREQ,31240380,면,42.14,45.3,84.5,41590-55702,176.2,126.90854,37.1828
다사4710,day,0.43442,0.469185,0.1904,0.2487,-0.0583,mid,0.0,3,3,2,0.8463,10.075,261.0,101.0,0.2989,팔탄면,-0.0583,-0.0583,0.56664,3,ADD_FREQ,31240380,면,43.44,46.92,65.2,41590-55765,92.2,126.90847,37.19181
다사4711,day,0.215025,0.264303,-0.6539,-0.4586,-0.1359,mid,0.0,3,1,1,0.398,3.49,33.0,12.0,0.697,봉담읍,-0.1359,-0.1953,0.36825,0,NEW_STOP,31240120,읍,21.5,26.43,8.2,41590-36055,361.2,126.9084,37.20083
다사4712,day,0.073507,0.011,-1.1985,-1.3331,0.0466,mid,0.0,3,0,0,0.05,0.0,5.0,0.0,1.0,봉담읍,0.0466,0.1346,0.14701,0,DRT,31240120,읍,7.35,1.1,1.2,41590-36055,1316.8,126.90833,37.20984
다사4713,day,0.0,0.011,-1.4814,-1.3331,-0.0,mid,0.0,3,0,0,0.05,0.0,0.0,0.0,0.0,봉담읍,-0.0,-0.1483,0.0,0,DRT,31240120,읍,0.0,1.1,0.0,41590-36596,1541.0,126.90826,37.21885
다사4714,day,0.0,0.320907,-1.4814,-0.2632,-0.0,mid,0.0,3,0,1,0.05,12.921,0.0,0.0,0.0,비봉면,-0.0,-1.2182,0.0,0,DRT,31240330,면,0.0,32.09,0.0,41590-37246,620.1,126.90819,37.22787
다사4715,day,0.15155,0.36772,-0.8982,-0.1016,-0.4417,mid,0.0,2,0,2,0.06,19.338,28.0,8.0,0.3571,비봉면,-0.4417,-0.7966,0.29589,0,DRT,31240330,면,15.16,36.77,7.0,41590-37246,564.0,126.90812,37.23688
다사4716,day,0.564824,0.62016,0.6923,0.7699,-0.0776,ok,0.0,3,3,3,0.4123,88.919,113.0,90.0,0.4336,매송면,-0.0776,-0.0776,0.49072,2,NEW_STOP,31240310,면,56.48,62.02,28.2,41590-37565,352.6,126.90804,37.2459
다사4717,day,0.549525,0.657731,0.6334,0.8996,-0.2662,ok,0.0,2,3,4,0.5033,103.381,283.0,169.0,0.4064,매송면,-0.2662,-0.2662,0.57988,3,ADD_FREQ,31240310,면,54.95,65.77,70.8,41590-37263,298.0,126.90797,37.25491
다사4718,day,0.363139,0.627053,-0.0839,0.7937,-0.8588,mid,0.0,1,2,3,0.4718,84.307,104.0,72.0,0.5096,매송면,-0.8588,-0.8776,0.47606,1,NEW_STOP,31240310,면,36.31,62.71,26.0,41590-60112,316.9,126.9079,37.26392
다사4719,day,0.15895,0.491942,-0.8697,0.3272,-0.6846,mid,0.0,2,0,2,0.8522,12.292,0.0,90.0,0.0,매송면,-0.6846,-1.1969,0.0,0,ADD_FREQ,31240310,면,15.9,49.19,0.0,41590-60038,88.7,126.90783,37.27294
다사4720,day,0.286058,0.585009,-0.3805,0.6485,-0.8624,over,0.0,1,1,3,0.9187,24.885,93.0,46.0,0.5054,매송면,-0.8624,-1.0291,0.46102,1,ADD_FREQ,31240310,면,28.61,58.5,23.2,41590-55421,48.8,126.90776,37.28195
다사4800,day,0.280947,0.423614,-0.4002,0.0914,-0.4071,mid,0.0,2,1,2,0.1512,26.578,113.0,130.0,0.3894,향남읍,-0.4071,-0.4916,0.47787,1,NEW_STOP,31240140,읍,28.09,42.36,28.2,41590-60048,509.3,126.92042,37.10173
다사4801,day,0.782887,0.767045,1.5315,1.277,0.2545,ok,0.0,4,4,4,0.8968,125.635,6782.0,427.0,0.0653,향남읍,0.2545,0.2545,0.93506,4,ADD_FREQ,31240140,읍,78.29,76.7,1695.5,41590-55332,61.9,126.92035,37.11075
다사4802,day,0.822813,0.815232,1.6851,1.4433,0.2418,ok,0.0,3,4,4,0.7558,247.233,4646.0,729.0,0.1408,향남읍,0.2418,0.2418,0.89289,4,ADD_FREQ,31240140,읍,82.28,81.52,1161.5,41590-37281,146.5,126.92028,37.11976
다사4803,day,1.0,0.96106,2.367,1.9468,0.4203,ok,0.0,4,4,4,0.823,1346.791,17194.0,4345.0,0.0803,향남읍,0.4203,0.4203,1.0,4,ADD_FREQ,31240140,읍,100.0,96.11,4298.5,41590-55084,106.2,126.92022,37.12877
다사4804,day,0.76933,0.863945,1.4793,1.6115,-0.1322,ok,0.0,3,4,4,0.6785,432.921,1412.0,1673.0,0.2486,향남읍,-0.1322,-0.1322,0.7564,4,ADD_FREQ,31240140,읍,76.93,86.39,353.0,41590-55368,192.9,126.92015,37.13779
다사4805,day,0.564121,0.825073,0.6896,1.4773,-0.7877,ok,0.0,1,3,4,0.7257,284.54,548.0,219.0,0.323,팔탄면,-0.7877,-0.7877,0.64784,3,ADD_FREQ,31240380,면,56.41,82.51,137.0,41590-36764,164.6,126.92008,37.1468
다사4806,day,0.509627,0.570785,0.4799,0.5994,-0.1196,ok,0.0,3,3,3,0.242,80.27,543.0,1787.0,0.1087,봉담읍,-0.1196,-0.1196,0.63966,3,NEW_STOP,31240120,읍,50.96,57.08,135.8,41590-36620,454.8,126.92001,37.15581
다사4807,day,0.342763,0.467082,-0.1623,0.2414,-0.3805,mid,0.0,2,2,2,0.8335,10.143,140.0,442.0,0.2071,봉담읍,-0.3805,-0.4037,0.49286,2,ADD_FREQ,31240120,읍,34.28,46.71,35.0,41590-55729,99.9,126.91994,37.16483
다사4808,day,0.066738,0.011,-1.2246,-1.3331,0.0353,mid,0.0,3,0,0,0.05,0.0,5.0,5.0,0.0,봉담읍,0.0353,0.1085,0.13103,0,DRT,31240120,읍,6.67,1.1,1.2,41590-55788,606.3,126.91987,37.17384
다사4809,day,0.210804,0.011,-0.6702,-1.3331,0.4556,mid,0.0,4,1,0,0.05,0.0,56.0,57.0,0.4643,팔탄면,0.4556,0.6629,0.42161,1,DRT,31240380,면,21.08,1.1,14.0,41590-55881,1097.3,126.9198,37.18286
다사4810,day,0.198832,0.057692,-0.7162,-1.1719,0.3015,mid,0.0,4,0,1,0.05,0.487,38.0,41.0,0.4737,봉담읍,0.3015,0.4557,0.37053,1,DRT,31240120,읍,19.88,5.77,9.5,41590-55851,750.6,126.91973,37.19187
다사4811,day,0.393252,0.514999,0.032,0.4068,-0.3748,mid,0.0,2,2,3,0.7338,19.172,148.0,192.0,0.2973,봉담읍,-0.3748,-0.3748,0.50129,2,ADD_FREQ,31240120,읍,39.33,51.5,37.0,41590-36060,159.7,126.91967,37.20088
다사4812,day,0.226215,0.011,-0.6108,-1.3331,0.5196,drt,0.0,4,1,0,0.05,0.0,73.0,5.0,0.5753,봉담읍,0.5196,0.7223,0.45243,1,DRT,31240120,읍,22.62,1.1,18.2,41590-36067,1054.9,126.9196,37.2099
다사4813,day,0.638495,0.24177,0.9758,-0.5364,1.5122,need,1.89885,6,4,1,0.05,6.106,1828.0,31.0,0.0569,봉담읍,1.5122,1.5122,0.78168,4,DRT,31240120,읍,63.85,24.18,457.0,41590-36596,688.7,126.91953,37.21891
다사4814,day,0.731233,0.315811,1.3327,-0.2808,1.6135,need,2.08063,6,4,1,0.05,12.331,2827.0,149.0,0.0481,봉담읍,1.6135,1.6135,0.83185,4,DRT,31240120,읍,73.12,31.58,706.8,41590-36596,656.8,126.91946,37.22792
다사4815,day,0.291498,0.3775,-0.3596,-0.0678,-0.2475,mid,0.0,3,2,2,0.2592,14.23,113.0,5.0,0.4867,봉담읍,-0.2475,-0.2918,0.4885,1,NEW_STOP,31240120,읍,29.15,37.75,28.2,41590-55779,444.5,126.91939,37.23694
다사4816,day,0.525813,0.619866,0.5421,0.7689,-0.2267,ok,0.0,3,3,3,0.2813,113.584,173.0,169.0,0.3295,매송면,-0.2267,-0.2267,0.52368,2,NEW_STOP,31240310,면,52.58,61.99,43.2,41590-37290,431.2,126.91932,37.24595
다사4817,day,0.484227,0.646324,0.3821,0.8602,-0.4781,ok,0.0,2,3,3,0.2772,143.592,175.0,119.0,0.3257,매송면,-0.4781,-0.4781,0.52579,2,NEW_STOP,31240310,면,48.42,64.63,43.8,41590-60114,433.7,126.91925,37.25496
다사4818,day,0.175127,0.4279,-0.8075,0.1061,-0.5565,mid,0.0,2,0,2,0.074,32.039,18.0,17.0,0.7222,매송면,-0.5565,-0.9136,0.31036,0,DRT,31240310,면,17.51,42.79,4.5,41590-60083,555.6,126.91918,37.26398
다사4819,day,0.173202,0.011,-0.8149,-1.3331,0.3134,mid,0.0,4,0,0,0.05,0.0,18.0,9.0,0.8333,매송면,0.3134,0.5182,0.3464,0,DRT,31240310,면,17.32,1.1,4.5,41590-60038,829.6,126.91911,37.27299
다사4820,day,0.0,0.011,-1.4814,-1.3331,-0.0,mid,0.0,3,0,0,0.05,0.0,0.0,0.0,0.0,매송면,-0.0,-0.1483,0.0,0,DRT,31240310,면,0.0,1.1,0.0,41590-55453,900.4,126.91904,37.28201
다사4900,day,0.33211,0.256559,-0.2033,-0.4854,0.2605,mid,0.0,4,2,1,0.1347,5.878,231.0,425.0,0.2251,양감면,0.2605,0.2821,0.547,2,DRT,31240420,면,33.21,25.66,57.8,41590-36087,519.2,126.93168,37.10179
다사4901,day,0.452174,0.674055,0.2587,0.9559,-0.6972,ok,0.0,2,3,4,0.8812,58.171,421.0,418.0,0.285,향남읍,-0.6972,-0.6972,0.6144,3,ADD_FREQ,31240140,읍,45.22,67.41,105.2,41590-37307,71.3,126.93161,37.1108
다사4902,day,0.292731,0.072752,-0.3549,-1.1199,0.6508,drt,0.0,4,2,1,0.05,0.69,301.0,385.0,0.103,향남읍,0.6508,0.7651,0.57232,3,DRT,31240140,읍,29.27,7.28,75.2,41590-37980,747.8,126.93154,37.11981
다사4903,day,0.836594,0.829198,1.7382,1.4915,0.2466,ok,0.0,3,4,4,0.7022,308.008,8265.0,1262.0,0.0651,향남읍,0.2466,0.2466,0.95795,4,ADD_FREQ,31240140,읍,83.66,82.92,2066.2,41590-37023,178.7,126.93147,37.12883
다사4904,day,0.35091,0.154015,-0.131,-0.8394,0.678,mid,0.0,4,2,1,0.498,0.459,686.0,29.0,0.1924,향남읍,0.678,0.7084,0.6723,4,NEW_STOP,31240140,읍,35.09,15.4,171.5,41590-55045,301.2,126.93141,37.13784
다사4905,day,0.347437,0.269898,-0.1443,-0.4393,0.2805,mid,0.0,4,2,1,0.319,4.458,216.0,561.0,0.2546,봉담읍,0.2805,0.295,0.54139,2,NEW_STOP,31240120,읍,34.74,26.99,54.0,41590-37009,408.6,126.93134,37.14686
다사4906,day,0.61279,0.722547,0.8769,1.1233,-0.2465,ok,0.0,3,4,4,0.5068,178.877,740.0,1516.0,0.1284,팔탄면,-0.2465,-0.2465,0.67838,4,ADD_FREQ,31240380,면,61.28,72.25,185.0,41590-37302,295.9,126.93127,37.15587
다사4907,day,0.69057,0.897501,1.1762,1.7273,-0.5511,ok,0.0,2,4,4,0.8682,403.817,1082.0,540.0,0.2052,봉담읍,-0.5511,-0.5511,0.72508,4,ADD_FREQ,31240120,읍,69.06,89.75,270.5,41590-36073,79.1,126.9312,37.16488
다사4908,day,0.688373,0.7277,1.1678,1.1411,0.0266,ok,0.0,3,4,4,0.6397,145.604,1524.0,845.0,0.2966,봉담읍,0.0266,0.0266,0.76666,4,ADD_FREQ,31240120,읍,68.84,72.77,381.0,41590-55707,216.2,126.93114,37.1739
다사4909,day,0.602329,0.516101,0.8366,0.4106,0.426,ok,0.0,4,4,3,0.05,72.115,596.0,1302.0,0.2819,봉담읍,0.426,0.426,0.65686,3,DRT,31240120,읍,60.23,51.61,149.0,41590-36083,664.3,126.93107,37.18291
다사4910,day,0.496126,0.42322,0.4279,0.09,0.3379,mid,0.0,4,3,2,0.05,32.208,661.0,900.0,0.2254,봉담읍,0.3379,0.3379,0.66687,4,DRT,31240120,읍,49.61,42.32,165.2,41590-36090,701.1,126.931,37.19192
다사4911,day,0.395533,0.515851,0.0408,0.4098,-0.369,mid,0.0,2,2,3,0.613,24.468,133.0,363.0,0.3158,봉담읍,-0.369,-0.369,0.50102,2,ADD_FREQ,31240120,읍,39.55,51.59,33.2,41590-36072,232.2,126.93093,37.20094
다사4912,day,0.137909,0.061584,-0.9507,-1.1585,0.1084,mid,0.0,3,0,1,0.05,0.537,8.0,3.0,1.25,봉담읍,0.1084,0.2078,0.27323,0,DRT,31240120,읍,13.79,6.16,2.0,41590-36069,754.4,126.93087,37.20995
다사4913,day,0.414815,0.281816,0.115,-0.3982,0.5132,mid,0.0,4,3,1,0.3292,4.926,58.0,5.0,0.2759,봉담읍,0.5132,0.5132,0.39811,1,NEW_STOP,31240120,읍,41.48,28.18,14.5,41590-36080,402.5,126.9308,37.21896
다사4914,day,0.791095,0.611319,1.5631,0.7394,0.8237,need,1.07303,5,4,3,0.764,42.223,3560.0,133.0,0.0413,봉담읍,0.8237,0.8237,0.85906,4,ADD_FREQ,31240120,읍,79.11,61.13,890.0,41590-36070,141.6,126.93073,37.22798
다사4915,day,0.282759,0.350721,-0.3932,-0.1603,-0.1937,mid,0.0,3,1,2,0.1352,14.295,123.0,18.0,0.4065,봉담읍,-0.1937,-0.2329,0.49097,2,DRT,31240120,읍,28.28,35.07,30.8,41590-55324,518.9,126.93066,37.23699
다사4916,day,0.692942,0.838422,1.1853,1.5234,-0.338,ok,0.0,2,4,4,0.9492,209.607,872.0,258.0,0.3028,매송면,-0.338,-0.338,0.70346,4,ADD_FREQ,31240310,면,69.29,83.84,218.0,41590-37304,30.5,126.93059,37.24601
다사4917,day,0.542744,0.293769,0.6073,-0.3569,0.9642,need,1.41198,5,3,1,0.05,10.054,918.0,123.0,0.2244,매송면,0.9642,0.9642,0.70653,4,DRT,31240310,면,54.27,29.38,229.5,41590-37298,739.8,126.93053,37.25502
다사5000,day,0.337893,0.509349,-0.1811,0.3873,-0.5308,mid,0.0,2,2,3,0.6183,22.86,73.0,460.0,0.4247,양감면,-0.5308,-0.5684,0.43827,1,ADD_FREQ,31240420,면,33.79,50.93,18.2,41590-36115,229.0,126.94293,37.10184
다사5001,day,0.311276,0.332329,-0.2835,-0.2238,-0.0529,mid,0.0,3,2,2,0.124,12.358,130.0,424.0,0.2,향남읍,-0.0529,-0.0597,0.47834,1,DRT,31240140,읍,31.13,33.23,32.5,41590-37546,525.6,126.94286,37.11085
다사5002,day,0.441355,0.643026,0.2171,0.8488,-0.6317,mid,0.0,2,3,3,0.7813,53.784,219.0,778.0,0.3333,향남읍,-0.6317,-0.6317,0.54919,2,ADD_FREQ,31240140,읍,44.14,64.3,54.8,41590-36800,131.2,126.9428,37.11987
다사5003,day,0.466887,0.555464,0.3154,0.5465,-0.2312,ok,0.0,3,3,3,0.266,67.219,296.0,631.0,0.3074,향남읍,-0.2312,-0.2312,0.57796,3,NEW_STOP,31240140,읍,46.69,55.55,74.0,41590-37617,440.4,126.94273,37.12888
다사5004,day,0.415475,0.601714,0.1175,0.7062,-0.5887,mid,0.0,2,3,3,0.6992,43.968,198.0,370.0,0.0758,향남읍,-0.5887,-0.5887,0.53418,2,ADD_FREQ,31240140,읍,41.55,60.17,49.5,41590-36633,180.5,126.94266,37.13789
다사5005,day,0.376074,0.206107,-0.0341,-0.6595,0.6254,mid,0.0,4,2,1,0.172,3.178,282.0,389.0,0.2766,봉담읍,0.6254,0.6254,0.56845,3,NEW_STOP,31240120,읍,37.61,20.61,70.5,41590-55923,496.8,126.9426,37.14691
다사5006,day,0.225499,0.044029,-0.6136,-1.2191,0.4347,mid,0.0,4,1,1,0.05,0.324,60.0,3.0,0.0833,봉담읍,0.4347,0.6055,0.39608,1,DRT,31240120,읍,22.55,4.4,15.0,41590-55923,725.8,126.94253,37.15592
다사5007,day,0.340635,0.297664,-0.1705,-0.3435,0.1624,mid,0.0,3,2,1,0.05,10.426,314.0,52.0,0.1146,봉담읍,0.1624,0.173,0.57792,3,DRT,31240120,읍,34.06,29.77,78.5,41590-36078,743.2,126.94247,37.16494
다사5008,day,0.541452,0.669863,0.6023,0.9415,-0.3391,ok,0.0,2,3,4,0.4938,116.789,192.0,833.0,0.1875,봉담읍,-0.3391,-0.3391,0.52915,2,NEW_STOP,31240120,읍,54.15,66.99,48.0,41590-37639,303.7,126.9424,37.17395
다사5009,day,0.620055,0.637831,0.9048,0.8309,0.074,ok,0.0,3,4,3,0.2895,130.459,505.0,1110.0,0.2535,봉담읍,0.074,0.074,0.63776,3,NEW_STOP,31240120,읍,62.01,63.78,126.2,41590-36091,426.3,126.94233,37.18296
다사5010,day,0.69527,0.773752,1.1943,1.3001,-0.1058,ok,0.0,3,4,4,0.5335,263.417,981.0,1398.0,0.2365,봉담읍,-0.1058,-0.1058,0.71414,4,ADD_FREQ,31240120,읍,69.53,77.38,245.2,41590-36097,279.9,126.94227,37.19198
다사5011,day,0.614899,0.835509,0.885,1.5133,-0.6283,ok,0.0,2,4,4,0.7307,308.114,325.0,1247.0,0.2769,봉담읍,-0.6283,-0.6283,0.58943,3,ADD_FREQ,31240120,읍,61.49,83.55,81.2,41590-36729,161.6,126.9422,37.20099
다사5012,day,0.660758,0.753814,1.0615,1.2313,-0.1698,ok,0.0,3,4,4,0.4458,261.957,357.0,80.0,0.014,봉담읍,-0.1698,-0.1698,0.57988,3,NEW_STOP,31240120,읍,66.08,75.38,89.2,41590-36111,332.5,126.94214,37.21
다사5013,day,0.946724,0.872758,2.162,1.6419,0.5201,ok,0.0,4,4,4,0.436,734.895,6160.0,1131.0,0.1468,봉담읍,0.5201,0.5201,0.92619,4,NEW_STOP,31240120,읍,94.67,87.28,1540.0,41590-36119,338.4,126.94207,37.21902
다사5014,day,0.95162,0.91271,2.1808,1.7798,0.401,ok,0.0,4,4,4,0.922,415.564,8391.0,1888.0,0.0392,봉담읍,0.401,0.401,0.95863,4,ADD_FREQ,31240120,읍,95.16,91.27,2097.8,41590-55385,46.8,126.942,37.22803
다사5015,day,0.72865,0.814296,1.3228,1.4401,-0.1173,ok,0.0,3,4,4,0.9235,179.003,2062.0,81.0,0.0456,봉담읍,-0.1173,-0.1173,0.79603,4,ADD_FREQ,31240120,읍,72.86,81.43,515.5,41590-55789,45.9,126.94194,37.23705
다사5016,day,0.67135,0.802074,1.1022,1.3979,-0.2957,ok,0.0,2,4,4,0.7315,231.304,1192.0,631.0,0.2945,매송면,-0.2957,-0.2957,0.73873,4,ADD_FREQ,31240310,면,67.14,80.21,298.0,41590-37313,161.1,126.94187,37.24606
다사5017,day,0.190486,0.011,-0.7483,-1.3331,0.3762,mid,0.0,4,0,0,0.05,0.0,43.0,5.0,0.2326,매송면,0.3762,0.5848,0.38097,1,DRT,31240310,면,19.05,1.1,10.8,41590-37313,1155.3,126.9418,37.25507
다사5100,day,0.290208,0.281091,-0.3646,-0.4007,0.0305,drt,0.0,3,2,1,0.1815,6.762,161.0,55.0,0.3043,양감면,0.0305,0.0361,0.51314,2,NEW_STOP,31240420,면,29.02,28.11,40.2,41590-37507,491.1,126.95418,37.10189
다사5101,day,0.290536,0.587321,-0.3633,0.6565,-0.8633,over,0.0,1,2,3,0.6482,42.772,131.0,415.0,0.2366,향남읍,-0.8633,-1.0198,0.48008,1,ADD_FREQ,31240140,읍,29.05,58.73,32.8,41590-36631,211.1,126.95412,37.11091
다사5102,day,0.4453,0.614454,0.2323,0.7502,-0.5179,mid,0.0,2,3,3,0.7547,44.171,389.0,1728.0,0.1671,향남읍,-0.5179,-0.5179,0.6045,3,ADD_FREQ,31240140,읍,44.53,61.45,97.2,41590-37517,147.2,126.95405,37.11992
다사5103,day,0.548722,0.631124,0.6303,0.8077,-0.1774,ok,0.0,3,3,3,0.4555,90.047,262.0,1605.0,0.0496,향남읍,-0.1774,-0.1774,0.55358,3,NEW_STOP,31240140,읍,54.87,63.11,65.5,41590-37323,326.7,126.95399,37.12893
다사5104,day,0.489793,0.560023,0.4035,0.5623,-0.1587,ok,0.0,3,3,3,0.6695,32.353,362.0,1326.0,0.221,향남읍,-0.1587,-0.1587,0.60017,3,ADD_FREQ,31240140,읍,48.98,56.0,90.5,41590-37955,198.3,126.95392,37.13795
다사5105,day,0.375419,0.266892,-0.0366,-0.4497,0.4131,mid,0.0,4,2,1,0.05,7.797,123.0,413.0,0.1057,정남면,0.4131,0.4131,0.48147,1,DRT,31240430,면,37.54,26.69,30.8,41590-37652,583.0,126.95386,37.14696
다사5106,day,0.237151,0.011,-0.5688,-1.3331,0.567,drt,0.0,4,1,0,0.05,0.0,109.0,344.0,0.4679,정남면,0.567,0.7643,0.4743,1,DRT,31240430,면,23.72,1.1,27.2,41590-36739,918.3,126.95379,37.15597
다사5107,day,0.409197,0.490666,0.0934,0.3228,-0.2295,mid,0.0,3,3,2,0.4902,24.869,274.0,423.0,0.354,정남면,-0.2295,-0.2295,0.57748,3,NEW_STOP,31240430,면,40.92,49.07,68.5,41590-37643,305.9,126.95373,37.16499
다사5108,day,0.381428,0.358603,-0.0135,-0.1331,0.1196,mid,0.0,3,2,2,0.3135,10.718,164.0,680.0,0.122,정남면,0.1196,0.1196,0.51072,2,NEW_STOP,31240430,면,38.14,35.86,41.0,41590-37642,411.9,126.95366,37.174
다사5109,day,0.2249,0.011,-0.6159,-1.3331,0.514,mid,0.0,4,1,0,0.05,0.0,88.0,200.0,0.4091,정남면,0.514,0.7172,0.4498,1,DRT,31240430,면,22.49,1.1,22.0,41590-37640,1079.9,126.9536,37.18302
다사5110,day,0.196483,0.050307,-0.7253,-1.1974,0.31,mid,0.0,4,0,1,0.2287,0.0,39.0,24.0,1.0,정남면,0.31,0.4721,0.39297,1,NEW_STOP,31240430,면,19.65,5.03,9.8,41590-36097,462.8,126.95353,37.19203
다사5111,day,0.293611,0.011,-0.3515,-1.3331,0.8367,drt,0.0,5,2,0,0.05,0.0,302.0,171.0,0.4934,봉담읍,0.8367,0.9816,0.58722,3,DRT,31240120,읍,29.36,1.1,75.5,41590-36752,661.3,126.95347,37.20104
다사5112,day,0.668701,0.681481,1.092,0.9816,0.1105,ok,0.0,3,4,4,0.5807,109.531,803.0,1407.0,0.1793,봉담읍,0.1105,0.1105,0.68563,4,ADD_FREQ,31240120,읍,66.87,68.15,200.8,41590-36011,251.6,126.9534,37.21006
다사5113,day,1.0,0.979797,2.367,2.0114,0.3556,ok,0.0,4,4,4,0.9082,1755.295,16292.0,4655.0,0.1226,봉담읍,0.3556,0.3556,1.0,4,ADD_FREQ,31240120,읍,100.0,97.98,4073.0,41590-37883,55.1,126.95334,37.21907
다사5114,day,0.949924,0.934113,2.1743,1.8537,0.3206,ok,0.0,4,4,4,0.7177,731.082,10332.0,1155.0,0.1165,봉담읍,0.3206,0.3206,0.98525,4,ADD_FREQ,31240120,읍,94.99,93.41,2583.0,41590-55338,169.4,126.95327,37.22808
다사5115,day,0.900817,0.893126,1.9853,1.7122,0.2731,ok,0.0,4,4,4,0.8975,368.232,6338.0,680.0,0.1346,봉담읍,0.2731,0.2731,0.92952,4,ADD_FREQ,31240120,읍,90.08,89.31,1584.5,41590-37911,61.5,126.95321,37.2371
다사5116,day,0.72122,0.790711,1.2942,1.3587,-0.0645,ok,0.0,3,4,4,0.6213,258.158,1461.0,614.0,0.2053,매송면,-0.0645,-0.0645,0.76075,4,ADD_FREQ,31240310,면,72.12,79.07,365.2,41590-37325,227.2,126.95314,37.24611
다사5200,day,0.325122,0.400436,-0.2302,0.0113,-0.22,mid,0.0,3,2,2,0.5645,9.458,228.0,467.0,0.1711,양감면,-0.22,-0.2415,0.55173,3,ADD_FREQ,31240420,면,32.51,40.04,57.0,41590-36429,261.3,126.96544,37.10194
다사5201,day,0.382096,0.565046,-0.0109,0.5796,-0.5906,mid,0.0,2,2,3,0.896,21.792,174.0,280.0,0.3161,향남읍,-0.5906,-0.5906,0.51395,2,ADD_FREQ,31240140,읍,38.21,56.5,43.5,41590-36467,62.4,126.96537,37.11096
다사5202,day,0.394399,0.453721,0.0364,0.1953,-0.1589,mid,0.0,3,2,2,0.4383,19.822,243.0,543.0,0.1852,향남읍,-0.1589,-0.1589,0.55108,2,NEW_STOP,31240140,읍,39.44,45.37,60.8,41590-37376,337.0,126.96531,37.11997
다사5203,day,0.532128,0.695618,0.5664,1.0304,-0.4639,ok,0.0,2,3,4,0.7177,95.477,348.0,779.0,0.2356,향남읍,-0.4639,-0.4639,0.59533,3,ADD_FREQ,31240140,읍,53.21,69.56,87.0,41590-37330,169.4,126.96525,37.12898
다사5204,day,0.3595,0.187165,-0.0979,-0.7249,0.6096,mid,0.0,4,2,1,0.05,3.468,245.0,1174.0,0.0939,향남읍,0.6096,0.627,0.54946,2,DRT,31240140,읍,35.95,18.72,61.2,41590-37266,757.8,126.96518,37.138
다사5205,day,0.391937,0.391834,0.0269,-0.0184,0.0453,mid,0.0,3,2,2,0.359,13.274,143.0,754.0,0.2098,정남면,0.0453,0.0453,0.49765,2,NEW_STOP,31240430,면,39.19,39.18,35.8,41590-37653,384.6,126.96512,37.14701
다사5206,day,0.545927,0.624046,0.6196,0.7833,-0.1637,ok,0.0,3,3,3,0.7892,44.946,525.0,1278.0,0.28,정남면,-0.1637,-0.1637,0.64254,3,ADD_FREQ,31240430,면,54.59,62.4,131.2,41590-36790,126.5,126.96506,37.15603
다사5207,day,0.423334,0.442763,0.1478,0.1575,-0.0097,mid,0.0,3,3,2,0.4612,17.178,248.0,844.0,0.1573,정남면,-0.0097,-0.0097,0.55643,3,NEW_STOP,31240430,면,42.33,44.28,62.0,41590-37647,323.3,126.96499,37.16504
다사5208,day,0.255412,0.011,-0.4985,-1.3331,0.6498,drt,0.0,4,1,0,0.05,0.0,166.0,346.0,0.2349,정남면,0.6498,0.8346,0.51082,2,DRT,31240430,면,25.54,1.1,41.5,41590-37646,887.2,126.96493,37.17405
다사5209,day,0.27976,0.02013,-0.4048,-1.3016,0.7408,drt,0.0,5,1,1,0.0915,0.0,245.0,346.0,0.3143,정남면,0.7408,0.8968,0.55952,3,DRT,31240430,면,27.98,2.01,61.2,41590-55365,545.1,126.96487,37.18307
다사5210,day,0.260261,0.011,-0.4798,-1.3331,0.6725,drt,0.0,4,1,0,0.05,0.0,173.0,366.0,0.3584,정남면,0.6725,0.8533,0.52052,2,DRT,31240430,면,26.03,1.1,43.2,41590-36156,825.2,126.9648,37.19208
다사5211,day,0.396989,0.656166,0.0464,0.8942,-0.8478,mid,0.0,1,2,3,0.6375,79.153,148.0,649.0,0.25,봉담읍,-0.8478,-0.8478,0.50068,2,ADD_FREQ,31240120,읍,39.7,65.62,37.0,41590-36751,217.5,126.96474,37.20109
다사5212,day,0.930366,0.75843,2.0991,1.2472,0.8518,need,1.3268,5,4,4,0.2668,381.161,11350.0,1923.0,0.0985,봉담읍,0.8518,0.8518,0.99577,4,NEW_STOP,31240120,읍,93.04,75.84,2837.5,41590-37972,439.9,126.96467,37.21011
다사5213,day,0.976249,0.905284,2.2756,1.7542,0.5214,ok,0.0,4,4,4,0.5705,753.488,9762.0,2273.0,0.1347,봉담읍,0.5214,0.5214,0.97918,4,ADD_FREQ,31240120,읍,97.62,90.53,2440.5,41590-55916,257.7,126.96461,37.21912
다사5214,day,0.678665,0.676788,1.1304,0.9654,0.165,ok,0.0,3,4,4,0.1237,248.57,943.0,353.0,0.1697,봉담읍,0.165,0.165,0.70983,4,DRT,31240120,읍,67.87,67.68,235.8,41590-36159,525.8,126.96455,37.22814
다사5300,day,0.343523,0.337425,-0.1594,-0.2062,0.0442,mid,0.0,3,2,2,0.3517,8.114,238.0,1753.0,0.042,양감면,0.0442,0.0468,0.54391,2,NEW_STOP,31240420,면,34.35,33.74,59.5,41590-36181,389.0,126.97669,37.10199
다사5301,day,0.405378,0.490407,0.0787,0.3219,-0.2433,mid,0.0,3,3,2,0.5682,21.31,263.0,1444.0,0.1179,양감면,-0.2433,-0.2433,0.56272,3,ADD_FREQ,31240420,면,40.54,49.04,65.8,41590-36780,259.1,126.97663,37.11101
다사5302,day,0.409545,0.490343,0.0947,0.3217,-0.227,mid,0.0,3,3,2,0.1142,51.102,129.0,937.0,0.155,향남읍,-0.227,-0.227,0.48695,1,DRT,31240140,읍,40.95,49.03,32.2,41590-37334,531.5,126.97657,37.12002
다사5303,day,0.490017,0.571839,0.4044,0.6031,-0.1987,ok,0.0,3,3,3,0.2272,83.307,375.0,1345.0,0.1333,향남읍,-0.1987,-0.1987,0.59944,3,NEW_STOP,31240140,읍,49.0,57.18,93.8,41590-37335,463.7,126.9765,37.12903
다사5304,day,0.428866,0.654544,0.169,0.8886,-0.7195,mid,0.0,1,3,3,0.844,52.738,270.0,1563.0,0.1815,향남읍,-0.7195,-0.7195,0.55883,3,ADD_FREQ,31240140,읍,42.89,65.45,67.5,41590-37336,93.6,126.97644,37.13805
다사5305,day,0.378253,0.368834,-0.0257,-0.0978,0.072,mid,0.0,3,2,2,0.1228,17.256,138.0,657.0,0.3188,정남면,0.072,0.072,0.49742,2,DRT,31240430,면,37.83,36.88,34.5,41590-55068,526.3,126.97638,37.14706
다사5306,day,0.623405,0.509814,0.9177,0.3889,0.5288,ok,0.0,4,4,3,0.2073,50.65,760.0,424.0,0.2303,정남면,0.5288,0.5288,0.68567,4,NEW_STOP,31240430,면,62.34,50.98,190.0,41590-55068,475.6,126.97632,37.15608
다사5307,day,0.639707,0.618216,0.9805,0.7632,0.2173,ok,0.0,3,4,3,0.6358,57.24,780.0,1623.0,0.2795,정남면,0.2173,0.2173,0.68828,4,ADD_FREQ,31240430,면,63.97,61.82,195.0,41590-36367,218.5,126.97626,37.16509
다사5308,day,0.40297,0.438818,0.0694,0.1438,-0.0744,mid,0.0,3,3,2,0.3193,21.916,218.0,264.0,0.2844,정남면,-0.0744,-0.0744,0.54156,2,NEW_STOP,31240430,면,40.3,43.88,54.5,41590-37572,408.4,126.97619,37.1741
다사5309,day,0.369157,0.438091,-0.0607,0.1413,-0.1999,mid,0.0,3,2,2,0.6797,10.612,163.0,783.0,0.3497,정남면,-0.1999,-0.2021,0.51409,2,ADD_FREQ,31240430,면,36.92,43.81,40.8,41590-55365,192.2,126.97613,37.18312
다사5310,day,0.704692,0.496738,1.2306,0.3438,0.8868,need,1.16757,5,4,3,0.4542,28.135,1066.0,556.0,0.1276,정남면,0.8868,0.8868,0.72144,4,NEW_STOP,31240430,면,70.47,49.67,266.5,41590-36622,327.5,126.97607,37.19213
다사5311,day,0.640297,0.70445,0.9827,1.0609,-0.0781,ok,0.0,3,4,4,0.5378,144.553,1092.0,971.0,0.2161,봉담읍,-0.0781,-0.0781,0.72784,4,ADD_FREQ,31240120,읍,64.03,70.44,273.0,41590-36197,277.3,126.97601,37.20115
다사5312,day,0.984136,0.851588,2.306,1.5688,0.7372,ok,0.0,5,4,4,0.4015,654.696,9062.0,3314.0,0.0976,봉담읍,0.7372,0.7372,0.96827,4,NEW_STOP,31240120,읍,98.41,85.16,2265.5,41590-55773,359.1,126.97594,37.21016
다사5313,day,1.0,0.969163,2.367,1.9747,0.3923,ok,0.0,4,4,4,0.8598,1268.815,14905.0,3828.0,0.104,봉담읍,0.3923,0.3923,1.0,4,ADD_FREQ,31240120,읍,100.0,96.92,3726.2,41590-36195,84.1,126.97588,37.21917
다사5314,day,0.924068,0.835805,2.0748,1.5143,0.5605,ok,0.0,4,4,4,0.3465,634.49,7251.0,1931.0,0.1878,기배동,0.5605,0.5605,0.94601,4,NEW_STOP,31240560,동,92.41,83.58,1812.8,41590-36172,392.1,126.97582,37.22819
다사5400,day,0.418425,0.416018,0.1289,0.0651,0.0637,mid,0.0,3,3,2,0.4168,14.734,328.0,1112.0,0.1738,양감면,0.0637,0.0637,0.58863,3,NEW_STOP,31240420,면,41.84,41.6,82.0,41590-36241,349.9,126.98794,37.10204
다사5401,day,0.396342,0.482028,0.0439,0.293,-0.2491,mid,0.0,3,2,2,0.5898,18.952,274.0,914.0,0.1898,양감면,-0.2491,-0.2491,0.56572,3,ADD_FREQ,31240420,면,39.63,48.2,68.5,41590-36268,246.1,126.98788,37.11106
다사5402,day,0.518689,0.600372,0.5147,0.7016,-0.1868,ok,0.0,3,3,3,0.5392,58.959,324.0,885.0,0.2623,양감면,-0.1868,-0.1868,0.58884,3,ADD_FREQ,31240420,면,51.87,60.04,81.0,41590-37345,276.5,126.98782,37.12007
다사5403,day,0.484028,0.451404,0.3813,0.1873,0.1941,mid,0.0,3,3,2,0.1377,34.816,206.0,1338.0,0.2184,향남읍,0.1941,0.1941,0.53876,2,DRT,31240140,읍,48.4,45.14,51.5,41590-37343,517.4,126.98776,37.12908
다사5404,day,0.368899,0.47728,-0.0617,0.2766,-0.3345,mid,0.0,2,2,2,0.6953,14.733,392.0,1756.0,0.1531,정남면,-0.3345,-0.3384,0.60442,3,ADD_FREQ,31240430,면,36.89,47.73,98.0,41590-37483,182.8,126.9877,37.1381
다사5405,day,0.314737,0.469947,-0.2702,0.2513,-0.465,mid,0.0,2,2,2,0.535,18.949,164.0,655.0,0.1402,정남면,-0.465,-0.5215,0.50307,2,ADD_FREQ,31240430,면,31.47,46.99,41.0,41590-37528,279.0,126.98764,37.14711
다사5406,day,0.566537,0.450006,0.6989,0.1825,0.5164,mid,0.0,4,3,2,0.1547,33.286,357.0,771.0,0.3081,정남면,0.5164,0.5164,0.6009,3,NEW_STOP,31240430,면,56.65,45.0,89.2,41590-36225,507.2,126.98758,37.15613
다사5407,day,0.738171,0.600365,1.3594,0.7015,0.6579,ok,0.0,4,4,3,0.348,84.71,2359.0,659.0,0.1162,정남면,0.6579,0.6579,0.81471,4,NEW_STOP,31240430,면,73.82,60.04,589.8,41590-36236,391.2,126.98752,37.16514
다사5408,day,0.59402,0.673046,0.8046,0.9525,-0.1478,ok,0.0,3,4,4,0.586,100.865,491.0,692.0,0.2709,정남면,-0.1478,-0.1478,0.63225,3,ADD_FREQ,31240430,면,59.4,67.3,122.8,41590-36259,248.4,126.98746,37.17415
다사5409,day,0.544219,0.541646,0.613,0.4988,0.1142,ok,0.0,3,3,3,0.4065,45.649,333.0,1128.0,0.2012,정남면,0.1142,0.1142,0.59051,3,NEW_STOP,31240430,면,54.42,54.16,83.2,41590-36260,356.1,126.9874,37.18317
다사5410,day,0.619237,0.563965,0.9017,0.5759,0.3258,ok,0.0,4,4,3,0.1527,89.634,763.0,1048.0,0.228,정남면,0.3258,0.3258,0.68378,4,NEW_STOP,31240430,면,61.92,56.4,190.8,41590-55454,508.4,126.98734,37.19218
다사5411,day,0.731123,0.818713,1.3323,1.4553,-0.1231,ok,0.0,3,4,4,0.4277,471.213,898.0,4382.0,0.2773,화산동,-0.1231,-0.1231,0.70454,4,NEW_STOP,31240570,동,73.11,81.87,224.5,41590-55164,343.4,126.98727,37.20119
다사5412,day,0.688991,0.855566,1.1701,1.5826,-0.4124,ok,0.0,2,4,4,0.5767,487.842,657.0,1304.0,0.137,화산동,-0.4124,-0.4124,0.66312,4,ADD_FREQ,31240570,동,68.9,85.56,164.2,41590-55344,254.0,126.98721,37.21021
다사5413,day,0.793925,0.97492,1.574,1.9946,-0.4206,ok,0.0,2,4,4,0.886,920.559,3720.0,838.0,0.1317,기배동,-0.4206,-0.4206,0.86698,4,ADD_FREQ,31240560,동,79.39,97.49,930.0,41590-55794,68.4,126.98715,37.21922
다사5414,day,0.607972,0.955532,0.8583,1.9277,-1.0693,ok,0.0,1,4,4,0.8382,700.086,615.0,1580.0,0.4033,기배동,-1.0693,-1.0693,0.66253,4,ADD_FREQ,31240560,동,60.8,95.55,153.8,41590-55820,97.1,126.98709,37.22824
다사5501,day,0.073507,0.011,-1.1985,-1.3331,0.0466,mid,0.0,3,0,0,0.05,0.0,5.0,3.0,1.0,양감면,0.0466,0.1346,0.14701,0,DRT,31240420,면,7.35,1.1,1.2,41590-36271,805.6,126.99914,37.1111
다사5502,day,0.458305,0.566625,0.2823,0.5851,-0.3027,ok,0.0,2,3,3,0.4023,57.131,132.0,434.0,0.1591,양감면,-0.3027,-0.3027,0.49021,2,NEW_STOP,31240420,면,45.83,56.66,33.0,41590-36278,358.6,126.99908,37.12012
다사5503,day,0.280142,0.393618,-0.4033,-0.0122,-0.3233,mid,0.0,2,1,2,0.7655,5.778,58.0,421.0,0.2586,정남면,-0.3233,-0.3911,0.4052,1,ADD_FREQ,31240430,면,28.01,39.36,14.5,41590-37351,140.7,126.99902,37.12913
다사5504,day,0.206027,0.011,-0.6885,-1.3331,0.4364,mid,0.0,4,1,0,0.05,0.0,63.0,538.0,0.0794,정남면,0.4364,0.6446,0.41205,1,DRT,31240430,면,20.6,1.1,15.8,41590-37483,832.1,126.99896,37.13815
다사5505,day,0.157354,0.011,-0.8759,-1.3331,0.2598,mid,0.0,4,0,0,0.05,0.0,13.0,8.0,0.3846,정남면,0.2598,0.4573,0.31471,0,DRT,31240430,면,15.74,1.1,3.2,41590-36486,871.1,126.9989,37.14716
다사5506,day,0.204437,0.177736,-0.6947,-0.7575,0.0423,mid,0.0,3,1,1,0.05,3.124,23.0,11.0,0.2174,정남면,0.0423,0.0628,0.3345,0,DRT,31240430,면,20.44,17.77,5.8,41590-36286,678.3,126.99884,37.15617
다사5507,day,0.391709,0.510669,0.0261,0.3919,-0.3658,mid,0.0,2,2,3,0.5553,26.145,94.0,604.0,0.3298,정남면,-0.3658,-0.3658,0.45759,1,ADD_FREQ,31240430,면,39.17,51.07,23.5,41590-36485,266.8,126.99878,37.16519
다사5509,day,0.536782,0.705636,0.5844,1.065,-0.4806,ok,0.0,2,3,4,0.7813,92.262,313.0,802.0,0.2396,정남면,-0.4806,-0.4806,0.58008,3,ADD_FREQ,31240430,면,53.68,70.56,78.2,41590-36277,131.2,126.99866,37.18322
다사5510,day,0.546516,0.544394,0.6218,0.5083,0.1135,ok,0.0,3,3,3,0.317,55.448,303.0,2282.0,0.2937,화산동,0.1135,0.1135,0.58088,3,NEW_STOP,31240570,동,54.65,54.44,75.8,41590-55169,409.8,126.9986,37.19223
다사5511,day,0.780397,0.747133,1.5219,1.2082,0.3137,ok,0.0,4,4,4,0.4405,249.935,2501.0,1415.0,0.1383,화산동,0.3137,0.3137,0.82092,4,NEW_STOP,31240570,동,78.04,74.71,625.2,41590-36999,335.7,126.99854,37.20124
다사5512,day,0.780372,0.673436,1.5218,0.9538,0.568,ok,0.0,4,4,4,0.4812,123.33,2671.0,753.0,0.0464,화산동,0.568,0.568,0.82564,4,NEW_STOP,31240570,동,78.04,67.34,667.8,41590-36281,311.3,126.99848,37.21026
다사5513,day,0.2762,0.011,-0.4185,-1.3331,0.7492,drt,0.0,5,1,0,0.05,0.0,213.0,1351.0,0.3615,기배동,0.7492,0.9146,0.5524,3,DRT,31240560,동,27.62,1.1,53.2,41590-55795,813.0,126.99842,37.21927
다사5603,day,0.292309,0.534186,-0.3565,0.4731,-0.705,over,0.0,1,2,3,0.6313,27.759,307.0,595.0,0.3257,정남면,-0.705,-0.8296,0.58462,3,ADD_FREQ,31240430,면,29.23,53.42,76.8,41590-37917,221.2,127.01028,37.12918
다사5604,day,0.414825,0.235878,0.115,-0.5568,0.6718,mid,0.0,4,3,1,0.05,5.759,212.0,363.0,0.2547,정남면,0.6718,0.6718,0.53976,2,DRT,31240430,면,41.48,23.59,53.0,41590-36310,600.0,127.01022,37.13819
다사5605,day,0.506293,0.562289,0.467,0.5701,-0.1031,ok,0.0,3,3,3,0.6593,33.654,300.0,737.0,0.2067,정남면,-0.1031,-0.1031,0.5802,3,ADD_FREQ,31240430,면,50.63,56.23,75.0,41590-36306,204.4,127.01016,37.14721
다사5606,day,0.373094,0.33678,-0.0456,-0.2084,0.1622,mid,0.0,3,2,2,0.225,10.486,244.0,724.0,0.2951,정남면,0.1622,0.1628,0.55306,3,NEW_STOP,31240430,면,37.31,33.68,61.0,41590-36297,465.0,127.0101,37.15622
다사5607,day,0.440979,0.486631,0.2157,0.3089,-0.0932,mid,0.0,3,3,2,0.628,18.319,370.0,978.0,0.2838,정남면,-0.0932,-0.0932,0.60786,3,ADD_FREQ,31240430,면,44.1,48.66,92.5,41590-36299,223.2,127.01004,37.16523
다사5611,day,0.898861,0.864824,1.9778,1.6145,0.3633,ok,0.0,4,4,4,0.8007,346.913,5822.0,952.0,0.1371,화산동,0.3633,0.3633,0.91982,4,ADD_FREQ,31240570,동,89.89,86.48,1455.5,41590-36305,119.6,127.00981,37.20129
다사5612,day,0.89733,0.828152,1.9719,1.4879,0.484,ok,0.0,4,4,4,0.8847,216.741,6872.0,1330.0,0.1509,화산동,0.484,0.484,0.93915,4,ADD_FREQ,31240570,동,89.73,82.82,1718.0,41590-36301,69.2,127.00975,37.2103
다사5613,day,0.361423,0.377066,-0.0905,-0.0693,-0.0206,mid,0.0,3,2,2,0.113,18.942,138.0,144.0,0.3986,화산동,-0.0206,-0.0212,0.49993,2,DRT,31240570,동,36.14,37.71,34.5,41590-36323,532.2,127.00969,37.21932
다사5704,day,0.525717,0.580093,0.5418,0.6316,-0.0898,ok,0.0,3,3,3,0.6363,41.085,704.0,1772.0,0.206,정남면,-0.0898,-0.0898,0.67421,4,ADD_FREQ,31240430,면,52.57,58.01,176.0,41590-36329,218.2,127.02148,37.13824
다사5705,day,0.26934,0.086225,-0.4449,-1.0734,0.5065,drt,0.0,4,1,1,0.05,0.895,145.0,1423.0,0.2828,정남면,0.5065,0.6285,0.50269,2,DRT,31240430,면,26.93,8.62,36.2,41590-36334,760.6,127.02142,37.14725
다사5706,day,0.378455,0.241239,-0.025,-0.5383,0.5133,mid,0.0,4,2,1,0.05,6.074,360.0,933.0,0.2778,정남면,0.5133,0.5133,0.60044,3,DRT,31240430,면,37.85,24.12,90.0,41590-36331,628.2,127.02136,37.15627
다사5707,day,0.548402,0.432791,0.6291,0.123,0.506,mid,0.0,4,3,2,0.391,18.042,2739.0,691.0,0.0796,정남면,0.506,0.506,0.82994,4,NEW_STOP,31240430,면,54.84,43.28,684.8,41590-36270,365.4,127.02131,37.16528
다사5711,day,0.894185,0.815177,1.9598,1.4431,0.5167,ok,0.0,4,4,4,0.637,308.837,5946.0,360.0,0.1189,화산동,0.5167,0.5167,0.92146,4,ADD_FREQ,31240570,동,89.42,81.52,1486.5,41590-55415,217.8,127.02108,37.20134
다사5712,day,0.793608,0.610623,1.5727,0.737,0.8358,need,1.33659,5,4,3,0.1087,145.284,2769.0,605.0,0.2113,화산동,0.8358,0.8358,0.83472,4,DRT,31240570,동,79.36,61.06,692.2,41590-36328,534.8,127.02102,37.21035
다사5713,day,0.495859,0.804359,0.4269,1.4058,-0.9789,ok,0.0,1,3,4,0.7123,244.499,364.0,1128.0,0.3984,화산동,-0.9789,-0.9789,0.60385,3,ADD_FREQ,31240570,동,49.59,80.44,91.0,41590-36322,172.6,127.02097,37.21936
다사5804,day,0.662208,0.55338,1.0671,0.5393,0.5277,ok,0.0,4,4,3,0.7477,26.237,1037.0,2529.0,0.1389,정남면,0.5277,0.5277,0.71752,4,ADD_FREQ,31240430,면,66.22,55.34,259.2,41590-36481,151.4,127.03274,37.13828
다사5811,day,0.990352,0.959263,2.3299,1.9406,0.3894,ok,0.0,4,4,4,0.8148,764.626,10073.0,2725.0,0.0753,병점1동,0.3894,0.3894,0.9807,4,ADD_FREQ,31240530,동,99.04,95.93,2518.2,41590-36679,111.1,127.03235,37.20138
다사5812,day,0.980919,0.989917,2.2936,2.0464,0.2472,ok,0.0,3,4,4,0.9542,1619.533,8524.0,6429.0,0.1273,진안동,0.2472,0.2472,0.96184,4,ADD_FREQ,31240520,동,98.09,98.99,2131.0,41590-36340,27.5,127.03229,37.21039
다사5813,day,0.765846,0.82786,1.4659,1.4869,-0.021,ok,0.0,3,4,4,0.48,461.813,4633.0,976.0,0.0814,진안동,-0.021,-0.021,0.89065,4,NEW_STOP,31240520,동,76.58,82.79,1158.2,41590-55573,312.0,127.03224,37.21941
다사5814,day,0.542974,0.788342,0.6082,1.3505,-0.7423,ok,0.0,1,3,4,0.6938,220.799,482.0,1183.0,0.3527,진안동,-0.7423,-0.7423,0.63361,3,ADD_FREQ,31240520,동,54.3,78.83,120.5,41590-55029,183.7,127.03218,37.22842
다사5911,day,1.0,0.97338,2.367,1.9893,0.3777,ok,0.0,4,4,4,0.879,1191.142,19592.0,2064.0,0.1282,진안동,0.3777,0.3777,1.0,4,ADD_FREQ,31240520,동,100.0,97.34,4898.0,41590-55295,72.6,127.04362,37.20143
다사5912,day,1.0,0.969237,2.367,1.975,0.3921,ok,0.0,4,4,4,0.8602,1143.749,25931.0,8904.0,0.1164,병점2동,0.3921,0.3921,1.0,4,ADD_FREQ,31240540,동,100.0,96.92,6482.8,41590-55234,83.9,127.04356,37.21044
다사5913,day,0.983582,0.848411,2.3038,1.5579,0.746,ok,0.0,5,4,4,0.4468,585.372,12437.0,3544.0,0.1297,진안동,0.746,0.746,1.0,4,NEW_STOP,31240520,동,98.36,84.84,3109.2,41590-37983,331.9,127.04351,37.21945
다사5914,day,0.839214,0.815557,1.7483,1.4444,0.3038,ok,0.0,4,4,4,0.6068,327.873,4040.0,1522.0,0.1069,진안동,0.3038,0.3038,0.87628,4,ADD_FREQ,31240520,동,83.92,81.56,1010.0,41590-36754,235.9,127.04345,37.22847
다사5915,day,0.5,0.844385,0.4428,1.544,-1.1012,ok,0.0,1,3,4,0.8132,284.691,15890.0,2177.0,0.0437,진안동,-1.1012,-1.1012,1.0,4,ADD_FREQ,31240520,동,50.0,84.44,3972.5,41590-36418,112.1,127.0434,37.23748
다사6011,day,0.994767,0.930088,2.3469,1.8398,0.5071,ok,0.0,4,4,4,0.9235,480.497,19045.0,3136.0,0.0705,동탄3동,0.5071,0.5071,1.0,4,ADD_FREQ,31240620,동,99.48,93.01,4761.2,41590-37720,45.9,127.05488,37.20147
다사6012,day,1.0,0.952627,2.367,1.9176,0.4494,ok,0.0,4,4,4,0.7847,1039.782,19701.0,3205.0,0.0994,동탄3동,0.4494,0.4494,1.0,4,ADD_FREQ,31240620,동,100.0,95.26,4925.2,41590-55020,129.2,127.05483,37.21048
다사6013,day,1.0,0.918673,2.367,1.8004,0.5666,ok,0.0,4,4,4,0.6303,1494.137,20162.0,4099.0,0.0617,진안동,0.5666,0.5666,1.0,4,ADD_FREQ,31240520,동,100.0,91.87,5040.5,41590-37574,221.8,127.05478,37.2195
다사6014,day,0.837833,0.897395,1.7429,1.727,0.016,ok,0.0,3,4,4,0.5705,704.565,7221.0,3865.0,0.0836,반월동,0.016,0.016,0.94242,4,ADD_FREQ,31240550,동,83.78,89.74,1805.2,41590-36484,257.7,127.05473,37.22851
다사6110,day,0.976172,0.96238,2.2753,1.9513,0.324,ok,0.0,4,4,4,0.829,786.858,14415.0,1939.0,0.1314,동탄2동,0.324,0.324,1.0,4,ADD_FREQ,31240600,동,97.62,96.24,3603.8,41590-37699,102.6,127.0662,37.1925
다사6111,day,1.0,0.949657,2.367,1.9074,0.4596,ok,0.0,4,4,4,0.7712,1727.857,21450.0,4476.0,0.0625,동탄1동,0.4596,0.4596,1.0,4,ADD_FREQ,31240610,동,100.0,94.97,5362.5,41590-37588,137.3,127.06615,37.20151
다사6112,day,1.0,0.938363,2.367,1.8684,0.4986,ok,0.0,4,4,4,0.7198,1731.914,11836.0,3878.0,0.0967,동탄1동,0.4986,0.4986,1.0,4,ADD_FREQ,31240610,동,100.0,93.84,2959.0,41590-36960,168.1,127.0661,37.21052
다사6113,day,0.754321,0.732753,1.4215,1.1586,0.263,ok,0.0,4,4,4,0.1163,406.079,721.0,5390.0,0.2039,반월동,0.263,0.263,0.67585,4,DRT,31240550,동,75.43,73.28,180.2,41590-55442,530.2,127.06605,37.21954
다사6114,day,0.994836,0.96018,2.3472,1.9437,0.4034,ok,0.0,4,4,4,0.819,2094.759,10797.0,59383.0,0.0807,반월동,0.4034,0.4034,0.98967,4,ADD_FREQ,31240550,동,99.48,96.02,2699.2,41590-37592,108.6,127.066,37.22855
다사6115,day,0.995101,0.965533,2.3482,1.9622,0.386,ok,0.0,4,4,4,0.8433,879.076,22934.0,3896.0,0.1128,반월동,0.386,0.386,1.0,4,ADD_FREQ,31240550,동,99.51,96.55,5733.5,41590-36615,94.0,127.06595,37.23757
다사6207,day,0.578636,0.522365,0.7454,0.4323,0.3132,ok,0.0,4,4,3,0.716,21.203,2074.0,761.0,0.1398,동탄6동,0.3132,0.3132,0.79956,4,ADD_FREQ,31240700,동,57.86,52.24,518.5,41590-55459,170.4,127.07762,37.16549
다사6208,day,0.417509,0.490764,0.1253,0.3232,-0.1978,mid,0.0,3,3,2,0.6315,18.879,228.0,697.0,0.3509,동탄6동,-0.1978,-0.1978,0.54973,2,ADD_FREQ,31240700,동,41.75,49.08,57.0,41590-36424,221.1,127.07757,37.17451
다사6209,day,0.67656,0.939934,1.1223,1.8738,-0.7515,ok,0.0,1,4,4,0.922,523.986,1508.0,2891.0,0.0995,동탄6동,-0.7515,-0.7515,0.75911,4,ADD_FREQ,31240700,동,67.66,93.99,377.0,41590-36412,46.8,127.07752,37.18352
다사6210,day,1.0,0.972317,2.367,1.9856,0.3814,ok,0.0,4,4,4,0.8742,1495.918,16916.0,4792.0,0.0632,동탄2동,0.3814,0.3814,1.0,4,ADD_FREQ,31240600,동,100.0,97.23,4229.0,41590-37669,75.5,127.07747,37.19254
다사6211,day,0.935788,0.783059,2.1199,1.3323,0.7877,need,1.13305,5,4,4,0.4602,327.228,7429.0,8499.0,0.0664,동탄1동,0.7877,0.7877,0.9449,4,NEW_STOP,31240610,동,93.58,78.31,1857.2,41590-55724,323.9,127.07742,37.20155
다사6212,day,1.0,0.991017,2.367,2.0502,0.3169,ok,0.0,4,4,4,0.9592,1966.095,13931.0,4049.0,0.0576,동탄1동,0.3169,0.3169,1.0,4,ADD_FREQ,31240610,동,100.0,99.1,3482.8,41590-37758,24.5,127.07737,37.21056
다사6213,day,0.889114,0.867022,1.9403,1.6221,0.3182,ok,0.0,4,4,4,0.5767,537.821,1825.0,9918.0,0.0312,동탄1동,0.3182,0.3182,0.77823,4,ADD_FREQ,31240610,동,88.91,86.7,456.2,41590-36414,254.0,127.07732,37.21958
다사6307,day,0.775113,0.661182,1.5016,0.9115,0.5901,ok,0.0,4,4,4,0.8263,57.765,2005.0,6769.0,0.0758,동탄6동,0.5901,0.5901,0.79245,4,ADD_FREQ,31240700,동,77.51,66.12,501.2,41590-55092,104.2,127.08889,37.16553
다사6308,day,0.633298,0.563005,0.9558,0.5726,0.3832,ok,0.0,4,4,3,0.6837,32.315,182.0,6467.0,0.0275,동탄6동,0.3832,0.3832,0.51844,2,ADD_FREQ,31240700,동,63.33,56.3,45.5,41590-55103,189.8,127.08884,37.17455
다사6309,day,0.864793,0.646995,1.8467,0.8625,0.9842,need,1.34456,5,4,3,0.3842,118.056,5050.0,2978.0,0.0531,동탄6동,0.9842,0.9842,0.89933,4,NEW_STOP,31240700,동,86.48,64.7,1262.5,41590-36704,369.5,127.08879,37.18356
다사6310,day,0.891487,0.763819,1.9494,1.2658,0.6836,ok,0.0,4,4,4,0.7702,155.131,9365.0,1250.0,0.0479,동탄6동,0.6836,0.6836,0.97211,4,ADD_FREQ,31240700,동,89.15,76.38,2341.2,41590-55761,137.9,127.08874,37.19258
다사6311,day,0.917882,0.646629,2.051,0.8613,1.1897,need,1.66962,5,4,3,0.4317,107.602,8976.0,3032.0,0.0392,동탄6동,1.1897,1.1897,0.96637,4,NEW_STOP,31240700,동,91.79,64.66,2244.0,41590-37134,341.0,127.08869,37.20159
다사6312,day,0.936793,0.921954,2.1238,1.8118,0.312,ok,0.0,4,4,4,0.7172,659.836,4060.0,13906.0,0.0438,동탄5동,0.312,0.312,0.87359,4,ADD_FREQ,31240650,동,93.68,92.2,1015.0,41590-55937,169.7,127.08864,37.2106
다사6406,day,0.774481,0.945147,1.4991,1.8918,-0.3927,ok,0.0,2,4,4,0.7507,759.847,1151.0,1668.0,0.1025,동탄8동,-0.3927,-0.3927,0.72641,4,ADD_FREQ,31240710,동,77.45,94.51,287.8,41590-55519,149.6,127.1002,37.15656
다사6407,day,0.982872,0.927556,2.3011,1.8311,0.47,ok,0.0,4,4,4,0.8108,580.728,12808.0,2484.0,0.041,동탄7동,0.47,0.47,1.0,4,ADD_FREQ,31240691,동,98.29,92.76,3202.0,41590-55592,113.5,127.10015,37.16557
다사6408,day,0.941339,0.809832,2.1413,1.4247,0.7166,ok,0.0,5,4,4,0.5965,318.366,9072.0,1936.0,0.0592,동탄7동,0.7166,0.7166,0.96857,4,ADD_FREQ,31240691,동,94.13,80.98,2268.0,41590-55475,242.1,127.1001,37.17459
다사6409,day,0.818056,0.87602,1.6668,1.6532,0.0137,ok,0.0,3,4,4,0.5507,609.601,2132.0,628.0,0.0905,동탄6동,0.0137,0.0137,0.80044,4,ADD_FREQ,31240700,동,81.81,87.6,533.0,41590-36487,269.6,127.10005,37.1836
다사6410,day,0.956759,0.955817,2.2006,1.9287,0.272,ok,0.0,4,4,4,0.7992,1118.051,7519.0,1837.0,0.0464,동탄4동,0.272,0.272,0.94692,4,ADD_FREQ,31240640,동,95.68,95.58,1879.8,41590-36384,120.5,127.10001,37.19261
다사6411,day,1.0,0.92388,2.367,1.8184,0.5486,ok,0.0,4,4,4,0.654,1108.54,20510.0,6414.0,0.0348,동탄4동,0.5486,0.5486,1.0,4,ADD_FREQ,31240640,동,100.0,92.39,5127.5,41590-36447,207.6,127.09996,37.20163
다사6412,day,0.981965,0.963517,2.2976,1.9552,0.3424,ok,0.0,4,4,4,0.8342,853.06,8765.0,19251.0,0.0609,동탄5동,0.3424,0.3424,0.96393,4,ADD_FREQ,31240650,동,98.2,96.35,2191.2,41590-55852,99.5,127.09991,37.21064
다사6505,day,0.072839,0.011,-1.2011,-1.3331,0.0455,mid,0.0,3,0,0,0.05,0.0,8.0,0.0,0.0,동탄8동,0.0455,0.132,0.14568,0,DRT,31240710,동,7.28,1.1,2.0,41590-36944,936.4,127.1115,37.14758
다사6506,day,0.883107,0.990063,1.9172,2.0469,-0.1297,ok,0.0,3,4,4,0.9548,1015.611,7097.0,1431.0,0.0666,동탄8동,-0.1297,-0.1297,0.94003,4,ADD_FREQ,31240710,동,88.31,99.01,1774.2,41590-55684,27.1,127.11146,37.1566
다사6507,day,1.0,0.930113,2.367,1.8399,0.5271,ok,0.0,4,4,4,0.6823,1288.003,18345.0,3588.0,0.0524,동탄8동,0.5271,0.5271,1.0,4,ADD_FREQ,31240710,동,100.0,93.01,4586.2,41590-55505,190.6,127.11141,37.16561
다사6508,day,1.0,0.855719,2.367,1.5831,0.7839,need,1.14553,5,4,4,0.5553,508.392,16539.0,2998.0,0.0515,동탄7동,0.7839,0.7839,1.0,4,ADD_FREQ,31240691,동,100.0,85.57,4134.8,41590-55569,266.8,127.11137,37.17462
다사6509,day,0.835201,0.676908,1.7328,0.9658,0.767,need,1.11719,5,4,4,0.8922,58.389,7770.0,865.0,0.0725,동탄6동,0.767,0.767,0.95082,4,ADD_FREQ,31240700,동,83.52,67.69,1942.5,41590-55510,64.7,127.11132,37.18364
다사6510,day,0.804088,0.604823,1.6131,0.7169,0.8961,need,1.2757,5,4,3,0.2167,112.792,6898.0,570.0,0.0634,동탄4동,0.8961,0.8961,0.93722,4,NEW_STOP,31240640,동,80.41,60.48,1724.5,41590-55297,470.0,127.11127,37.19265
다사6511,day,1.0,0.937263,2.367,1.8646,0.5024,ok,0.0,4,4,4,0.7148,955.137,19594.0,4060.0,0.0341,동탄4동,0.5024,0.5024,1.0,4,ADD_FREQ,31240640,동,100.0,93.73,4898.5,41590-36811,171.1,127.11123,37.20167
다사6512,day,1.0,0.933024,2.367,1.85,0.5171,ok,0.0,4,4,4,0.8685,546.118,13038.0,3667.0,0.0756,동탄5동,0.5171,0.5171,1.0,4,ADD_FREQ,31240650,동,100.0,93.3,3259.5,41590-55607,78.9,127.11118,37.21068
다사6605,day,0.266963,0.413448,-0.454,0.0563,-0.4089,mid,0.0,2,1,2,0.05,29.562,28.0,551.0,0.8214,동탄8동,-0.4089,-0.5103,0.35944,0,DRT,31240710,동,26.7,41.34,7.0,41590-36945,579.6,127.12276,37.14762
다사6606,day,0.732435,0.733408,1.3373,1.1608,0.1765,ok,0.0,3,4,4,0.429,227.164,1931.0,569.0,0.1243,동탄8동,0.1765,0.1765,0.79143,4,NEW_STOP,31240710,동,73.24,73.34,482.8,41590-37403,342.6,127.12272,37.15663
다사6607,day,0.963423,0.852467,2.2263,1.5719,0.6544,ok,0.0,4,4,4,0.711,369.397,10649.0,1294.0,0.0867,동탄7동,0.6544,0.6544,0.98754,4,ADD_FREQ,31240691,동,96.34,85.25,2662.2,41590-55730,173.4,127.12267,37.16565
다사6608,day,0.948943,0.855993,2.1705,1.584,0.5865,ok,0.0,4,4,4,0.7812,333.746,8562.0,4542.0,0.0638,동탄7동,0.5865,0.5865,0.96085,4,ADD_FREQ,31240691,동,94.89,85.6,2140.5,41590-55800,131.3,127.12263,37.17466
다사6609,day,1.0,0.953067,2.367,1.9192,0.4479,ok,0.0,4,4,4,0.7867,754.937,18068.0,3111.0,0.0589,동탄9동,0.4479,0.4479,1.0,4,ADD_FREQ,31240720,동,100.0,95.31,4517.0,41590-55490,128.0,127.12259,37.18367
다사6610,day,0.969821,0.864233,2.2509,1.6125,0.6384,ok,0.0,4,4,4,0.6247,480.041,13095.0,1041.0,0.0578,동탄9동,0.6384,0.6384,1.0,4,ADD_FREQ,31240720,동,96.98,86.42,3273.8,41590-36693,225.2,127.12254,37.19269
다사6611,day,0.931896,0.863678,2.1049,1.6106,0.4944,ok,0.0,4,4,4,0.8463,315.349,10119.0,894.0,0.0838,동탄4동,0.4944,0.4944,0.98166,4,ADD_FREQ,31240640,동,93.19,86.37,2529.8,41590-55301,92.2,127.1225,37.2017
다사6612,day,0.760585,0.675247,1.4457,0.9601,0.4856,ok,0.0,4,4,4,0.4673,128.566,5512.0,265.0,0.1069,동탄5동,0.4856,0.4856,0.91109,4,NEW_STOP,31240650,동,76.06,67.52,1378.0,41590-55584,319.6,127.12245,37.21072
다사6707,day,0.750518,0.30501,1.4069,-0.3181,1.725,need,2.46266,6,4,1,0.05,11.162,6021.0,417.0,0.0732,동탄7동,1.725,1.725,0.92125,4,DRT,31240691,동,75.05,30.5,1505.2,41590-55750,588.1,127.13394,37.16568
다사6708,day,0.833818,0.666803,1.7275,0.9309,0.7966,need,1.07341,5,4,4,0.712,75.329,6700.0,968.0,0.0282,동탄9동,0.7966,0.7966,0.9321,4,ADD_FREQ,31240720,동,83.38,66.68,1675.0,41590-55816,172.8,127.13389,37.1747
다사6709,day,0.671603,0.633064,1.1032,0.8144,0.2888,ok,0.0,4,4,3,0.8653,42.022,594.0,72.0,0.0875,동탄9동,0.2888,0.2888,0.65209,3,ADD_FREQ,31240720,동,67.16,63.31,148.5,41590-55914,80.8,127.13385,37.18371
다사6710,day,0.680006,0.334775,1.1356,-0.2153,1.3509,need,1.73379,6,4,2,0.05,14.662,2891.0,319.0,0.0436,동탄9동,1.3509,1.3509,0.83413,4,DRT,31240720,동,68.0,33.48,722.8,41590-55555,714.4,127.13381,37.19272
다사6711,day,0.404469,0.572339,0.0752,0.6048,-0.5296,mid,0.0,2,3,3,0.7375,31.612,164.0,192.0,0.2073,동탄5동,-0.5296,-0.5296,0.51007,2,ADD_FREQ,31240650,동,40.45,57.23,41.0,41590-36504,157.5,127.13376,37.20174
다사6712,day,0.166314,0.25108,-0.8414,-0.5043,-0.1986,mid,0.0,3,0,1,0.05,6.691,13.0,3.0,0.7692,동탄5동,-0.1986,-0.3371,0.2798,0,DRT,31240650,동,16.63,25.11,3.2,41590-55902,634.8,127.13372,37.21075
다사6808,day,0.696939,0.542664,1.2007,0.5023,0.6984,ok,0.0,4,4,3,0.6997,26.201,822.0,41.0,0.0754,동탄9동,0.6984,0.6984,0.68754,4,ADD_FREQ,31240720,동,69.69,54.27,205.5,41590-55934,180.2,127.14516,37.17473
다사6809,day,0.649857,0.358584,1.0195,-0.1332,1.1527,need,1.58304,5,4,2,0.3827,9.295,2127.0,94.0,0.1105,동탄9동,1.1527,1.1527,0.79849,4,NEW_STOP,31240720,동,64.99,35.86,531.8,41590-55817,370.4,127.14512,37.18374
다사6810,day,0.500608,0.290074,0.4451,-0.3697,0.8148,need,0.8899,5,3,1,0.422,4.344,284.0,225.0,0.0915,동탄9동,0.8148,0.8148,0.56724,3,NEW_STOP,31240720,동,50.06,29.01,71.0,41590-36505,346.8,127.14507,37.19276
다사6811,day,0.318779,0.184231,-0.2546,-0.7351,0.432,mid,0.0,4,2,1,0.05,3.358,78.0,58.0,0.3333,동탄5동,0.432,0.4804,0.45059,1,DRT,31240650,동,31.88,18.42,19.5,41590-36505,665.1,127.14503,37.20177
다사6812,day,0.170805,0.011,-0.8241,-1.3331,0.3051,mid,0.0,4,0,0,0.05,0.0,23.0,12.0,0.2174,동탄5동,0.3051,0.509,0.34161,0,DRT,31240650,동,17.08,1.1,5.8,41590-36505,860.8,127.14499,37.21079
다사6909,day,0.0,0.011,-1.4814,-1.3331,-0.0,mid,0.0,3,0,0,0.05,0.0,0.0,0.0,0.0,동탄9동,-0.0,-0.1483,0.0,0,DRT,31240720,동,0.0,1.1,0.0,41590-55934,1239.6,127.15638,37.18378
다사6910,day,0.0,0.011,-1.4814,-1.3331,-0.0,mid,0.0,3,0,0,0.05,0.0,0.0,0.0,0.0,동탄9동,-0.0,-0.1483,0.0,0,DRT,31240720,동,0.0,1.1,0.0,41590-55934,1312.7,127.15634,37.19279
다바1595,pm,0.0,0.011,-1.2442,-1.2235,-0.0,mid,0.0,3,0,0,0.05,0.0,0.0,0.0,0.0,우정읍,-0.0,-0.0208,0.0,0,DRT,31240130,읍,0.0,1.1,0.0,41590-60113,13496.1,126.54964,37.05427
다바3297,pm,0.000692,0.04635,-1.2416,-1.0975,-0.0029,mid,0.0,3,0,1,0.05,0.309,0.0,0.0,0.0,우정읍,-0.0029,-0.1441,0.0,0,DRT,31240130,읍,0.07,4.64,0.0,41590-36991,664.2,126.74064,37.07367
다바3298,pm,0.0,0.011,-1.2442,-1.2235,-0.0,mid,0.0,3,0,0,0.05,0.0,0.0,0.0,0.0,우정읍,-0.0,-0.0208,0.0,0,DRT,31240130,읍,0.0,1.1,0.0,41590-36991,1144.8,126.74055,37.08269
다바3299,pm,0.0,0.011,-1.2442,-1.2235,-0.0,mid,0.0,3,0,0,0.05,0.0,0.0,0.0,0.0,우정읍,-0.0,-0.0208,0.0,0,DRT,31240130,읍,0.0,1.1,0.0,41590-36991,2044.1,126.74046,37.0917
다바3393,pm,0.382669,0.528435,0.2215,0.6207,-0.3992,mid,0.0,2,3,3,0.653,17.743,326.0,151.0,0.4387,우정읍,-0.3992,-0.3992,0.49432,3,ADD_FREQ,31240130,읍,38.27,52.84,81.5,41590-36589,208.2,126.75224,37.03769
다바3394,pm,0.106357,0.22737,-0.8369,-0.4523,-0.2021,mid,0.0,3,0,1,0.05,4.197,13.0,3.0,0.3846,우정읍,-0.2021,-0.3845,0.12628,0,DRT,31240130,읍,10.64,22.74,3.2,41590-37476,629.7,126.75216,37.04671
다바3396,pm,0.0,0.011,-1.2442,-1.2235,-0.0,mid,0.0,3,0,0,0.05,0.0,0.0,0.0,0.0,우정읍,-0.0,-0.0208,0.0,0,DRT,31240130,읍,0.0,1.1,0.0,41590-37518,1160.2,126.75198,37.06473
다바3397,pm,0.0,0.011,-1.2442,-1.2235,-0.0,mid,0.0,3,0,0,0.05,0.0,0.0,0.0,0.0,우정읍,-0.0,-0.0208,0.0,0,DRT,31240130,읍,0.0,1.1,0.0,41590-36991,1662.2,126.75189,37.07375
다바3398,pm,0.0,0.011,-1.2442,-1.2235,-0.0,mid,0.0,3,0,0,0.05,0.0,0.0,0.0,0.0,우정읍,-0.0,-0.0208,0.0,0,DRT,31240130,읍,0.0,1.1,0.0,41590-37448,1802.9,126.7518,37.08276
다바3399,pm,0.0,0.011,-1.2442,-1.2235,-0.0,mid,0.0,3,0,0,0.05,0.0,0.0,0.0,0.0,우정읍,-0.0,-0.0208,0.0,0,DRT,31240130,읍,0.0,1.1,0.0,41590-37485,1856.6,126.75171,37.09177
다바3493,pm,0.284202,0.30241,-0.1557,-0.1849,0.0291,mid,0.0,3,2,2,0.633,2.465,317.0,68.0,0.2744,우정읍,0.0291,0.0292,0.49152,3,ADD_FREQ,31240130,읍,28.42,30.24,79.2,41590-36583,220.2,126.76349,37.03776
다바3494,pm,0.32956,0.602821,0.018,0.8858,-0.8677,mid,0.0,1,3,4,0.8088,24.439,193.0,62.0,0.4145,우정읍,-0.8677,-0.8677,0.42074,2,ADD_FREQ,31240130,읍,32.96,60.28,48.2,41590-36830,114.7,126.7634,37.04678
다바3495,pm,0.263734,0.30814,-0.2341,-0.1645,-0.066,mid,0.0,3,2,2,0.508,3.463,233.0,491.0,0.2446,우정읍,-0.066,-0.0696,0.44969,2,ADD_FREQ,31240130,읍,26.37,30.81,58.2,41590-37388,295.2,126.76331,37.05579
다바3496,pm,0.0,0.011,-1.2442,-1.2235,-0.0,mid,0.0,3,0,0,0.05,0.0,0.0,0.0,0.0,우정읍,-0.0,-0.0208,0.0,0,DRT,31240130,읍,0.0,1.1,0.0,41590-37518,1182.8,126.76323,37.0648
다바3497,pm,0.046533,0.020739,-1.066,-1.1888,0.0377,mid,0.0,3,0,1,0.05,0.077,13.0,7.0,0.7692,우정읍,0.0377,0.1228,0.09151,0,DRT,31240130,읍,4.65,2.07,3.2,41590-37448,783.4,126.76314,37.07382
다바3498,pm,0.029829,0.011,-1.13,-1.2235,0.0215,mid,0.0,3,0,0,0.05,0.0,5.0,0.0,0.0,우정읍,0.0215,0.0935,0.05966,0,DRT,31240130,읍,2.98,1.1,1.2,41590-37485,900.0,126.76305,37.08283
다바3499,pm,0.029829,0.011,-1.13,-1.2235,0.0215,mid,0.0,3,0,0,0.05,0.0,5.0,3.0,0.0,우정읍,0.0215,0.0935,0.05966,0,DRT,31240130,읍,2.98,1.1,1.2,41590-37485,939.6,126.76297,37.09184
다바3593,pm,0.330013,0.48676,0.0198,0.4721,-0.4524,mid,0.0,2,3,3,0.8858,8.237,284.0,51.0,0.3521,우정읍,-0.4524,-0.4524,0.47633,3,ADD_FREQ,31240130,읍,33.0,48.68,71.0,41590-36582,68.5,126.77473,37.03783
다바3594,pm,0.212708,0.314362,-0.4295,-0.1423,-0.2368,mid,0.0,3,1,2,0.0953,8.344,63.0,20.0,0.4444,우정읍,-0.2368,-0.2872,0.30169,1,DRT,31240130,읍,21.27,31.44,15.8,41590-55142,542.8,126.77465,37.04684
다바3595,pm,0.238189,0.317524,-0.3319,-0.131,-0.1783,mid,0.0,3,2,2,0.2485,6.405,127.0,420.0,0.4882,우정읍,-0.1783,-0.2009,0.39292,2,NEW_STOP,31240130,읍,23.82,31.75,31.8,41590-36580,450.9,126.77456,37.05586
다바3596,pm,0.207061,0.299583,-0.4512,-0.195,-0.2076,mid,0.0,3,1,2,0.545,2.93,128.0,205.0,0.4609,우정읍,-0.2076,-0.2562,0.37523,1,ADD_FREQ,31240130,읍,20.71,29.96,32.0,41590-36941,273.0,126.77447,37.06487
다바3597,pm,0.216467,0.161085,-0.4151,-0.6886,0.2281,drt,0.0,3,2,1,0.1933,1.467,163.0,8.0,0.5215,우정읍,0.2281,0.2734,0.40671,2,NEW_STOP,31240130,읍,21.65,16.11,40.8,41590-37448,484.0,126.77439,37.07389
다바3598,pm,0.253362,0.517537,-0.2738,0.5818,-0.7905,mid,0.0,1,2,3,0.7408,13.889,143.0,27.0,0.4196,우정읍,-0.7905,-0.8556,0.38557,2,ADD_FREQ,31240130,읍,25.34,51.75,35.8,41590-36858,155.5,126.7743,37.0829
다바3599,pm,0.207372,0.130565,-0.45,-0.7974,0.2818,drt,0.0,4,1,1,0.0553,1.464,133.0,79.0,0.4887,우정읍,0.2818,0.3474,0.39078,2,DRT,31240130,읍,20.74,13.06,33.2,41590-37485,566.8,126.77422,37.09191
다바3693,pm,0.157969,0.085218,-0.6392,-0.959,0.2173,mid,0.0,3,1,1,0.05,0.76,53.0,770.0,0.6792,우정읍,0.2173,0.3198,0.29939,1,DRT,31240130,읍,15.8,8.52,13.2,41590-36464,636.3,126.78598,37.0379
다바3694,pm,0.219607,0.280848,-0.4031,-0.2617,-0.119,mid,0.0,3,2,2,0.2645,4.452,133.0,33.0,0.2707,우정읍,-0.119,-0.1414,0.38982,2,NEW_STOP,31240130,읍,21.96,28.08,33.2,41590-36953,441.3,126.78589,37.04691
다바3695,pm,0.379261,0.470362,0.2084,0.4137,-0.2053,mid,0.0,3,3,3,0.447,16.008,544.0,196.0,0.1562,우정읍,-0.2053,-0.2053,0.56687,3,NEW_STOP,31240130,읍,37.93,47.04,136.0,41590-37521,331.8,126.78581,37.05593
다바3696,pm,0.31346,0.386211,-0.0436,0.1138,-0.1574,mid,0.0,3,3,2,0.2183,12.143,271.0,145.0,0.2841,우정읍,-0.1574,-0.1574,0.46919,3,NEW_STOP,31240130,읍,31.35,38.62,67.8,41590-37525,469.0,126.78572,37.06494
다바3697,pm,0.186426,0.170856,-0.5302,-0.6538,0.0935,drt,0.0,3,1,1,0.0723,2.255,98.0,74.0,0.4592,우정읍,0.0935,0.1236,0.36143,1,DRT,31240130,읍,18.64,17.09,24.5,41590-37392,556.6,126.78564,37.07395
다바3698,pm,0.263458,0.179056,-0.2351,-0.6245,0.369,mid,0.0,4,2,1,0.2278,1.67,198.0,159.0,0.2626,우정읍,0.369,0.3894,0.4359,2,NEW_STOP,31240130,읍,26.35,17.91,49.5,41590-37452,463.3,126.78555,37.08297
다바3699,pm,0.186206,0.272956,-0.531,-0.2899,-0.1824,mid,0.0,3,1,2,0.4508,2.757,68.0,106.0,0.5294,우정읍,-0.1824,-0.2412,0.32565,1,NEW_STOP,31240130,읍,18.62,27.3,17.0,41590-55159,329.5,126.78547,37.09198
다바3791,pm,0.00095,0.015896,-1.2406,-1.206,-0.0008,mid,0.0,3,0,1,0.05,0.038,0.0,0.0,0.0,우정읍,-0.0008,-0.0346,0.0,0,DRT,31240130,읍,0.09,1.59,0.0,41590-37498,793.5,126.79739,37.01994
다바3792,pm,0.327405,0.358685,0.0098,0.0157,-0.0059,mid,0.0,3,3,2,0.5428,5.187,283.0,297.0,0.2756,우정읍,-0.0059,-0.0059,0.47926,3,ADD_FREQ,31240130,읍,32.74,35.87,70.8,41590-37498,274.3,126.7973,37.02895
다바3793,pm,0.329386,0.367135,0.0174,0.0458,-0.0284,mid,0.0,3,3,2,0.3813,7.649,304.0,407.0,0.2993,우정읍,-0.0284,-0.0284,0.48424,3,NEW_STOP,31240130,읍,32.94,36.71,76.0,41590-36461,371.2,126.79722,37.03797
다바3794,pm,0.341761,0.427987,0.0648,0.2627,-0.1979,mid,0.0,3,3,2,0.7135,6.88,299.0,1301.0,0.1672,우정읍,-0.1979,-0.1979,0.4861,3,ADD_FREQ,31240130,읍,34.18,42.8,74.8,41590-36829,171.9,126.79714,37.04698
다바3795,pm,0.276276,0.493108,-0.186,0.4948,-0.6654,mid,0.0,2,2,3,0.7852,10.476,178.0,521.0,0.264,장안면,-0.6654,-0.6808,0.4132,2,ADD_FREQ,31240390,면,27.63,49.31,44.5,41590-36950,128.9,126.79705,37.05599
다바3796,pm,0.523348,0.659983,0.7603,1.0895,-0.3292,ok,0.0,2,4,4,0.7938,39.319,917.0,619.0,0.12,우정읍,-0.3292,-0.3292,0.64069,4,ADD_FREQ,31240130,읍,52.33,66.0,229.2,41590-36918,123.7,126.79697,37.06501
다바3797,pm,0.19829,0.122669,-0.4848,-0.8255,0.2684,drt,0.0,4,1,1,0.05,1.341,138.0,447.0,0.1884,우정읍,0.2684,0.3407,0.38745,2,DRT,31240130,읍,19.83,12.27,34.5,41590-37391,604.7,126.79689,37.07402
다바3798,pm,0.236464,0.390628,-0.3385,0.1295,-0.4134,mid,0.0,2,2,2,0.845,3.756,237.0,75.0,0.2278,우정읍,-0.4134,-0.468,0.45356,2,ADD_FREQ,31240130,읍,23.65,39.06,59.2,41590-36837,93.0,126.7968,37.08303
다바3799,pm,0.193116,0.322518,-0.5046,-0.1132,-0.303,mid,0.0,2,1,2,0.3348,5.656,118.0,49.0,0.4322,우정읍,-0.303,-0.3913,0.37031,1,NEW_STOP,31240130,읍,19.31,32.25,29.5,41590-37395,399.1,126.79672,37.09205
다바3891,pm,0.0,0.011,-1.2442,-1.2235,-0.0,mid,0.0,3,0,0,0.05,0.0,0.0,0.0,0.0,우정읍,-0.0,-0.0208,0.0,0,DRT,31240130,읍,0.0,1.1,0.0,41590-37498,1396.6,126.80863,37.02001
다바3892,pm,0.147079,0.090481,-0.6809,-0.9402,0.1682,mid,0.0,3,1,1,0.05,0.832,49.0,75.0,0.0,우정읍,0.1682,0.2593,0.26063,1,DRT,31240130,읍,14.71,9.05,12.2,41590-36826,683.8,126.80854,37.02902
다바3893,pm,0.240217,0.219897,-0.3242,-0.479,0.1381,mid,0.0,3,2,1,0.2095,2.758,218.0,278.0,0.0229,우정읍,0.1381,0.1548,0.4511,2,NEW_STOP,31240130,읍,24.02,21.99,54.5,41590-36827,474.3,126.80846,37.03803
다바3894,pm,0.269253,0.388444,-0.2129,0.1217,-0.3217,mid,0.0,2,2,2,0.6442,5.549,285.0,309.0,0.2807,우정읍,-0.3217,-0.3347,0.47458,3,ADD_FREQ,31240130,읍,26.93,38.84,71.2,41590-36913,213.5,126.80838,37.04705
다바3895,pm,0.200944,0.251891,-0.4746,-0.3649,-0.0871,drt,0.0,3,1,2,0.3362,2.878,93.0,148.0,0.3333,장안면,-0.0871,-0.1096,0.34395,1,NEW_STOP,31240390,면,20.09,25.19,23.2,41590-36772,398.3,126.8083,37.05606
다바3896,pm,0.370369,0.446501,0.1743,0.3286,-0.1543,mid,0.0,3,3,3,0.2755,17.903,441.0,126.0,0.1859,장안면,-0.1543,-0.1543,0.53891,3,NEW_STOP,31240390,면,37.04,44.65,110.2,41590-37434,434.7,126.80822,37.06507
다바3897,pm,0.530448,0.531925,0.7875,0.6331,0.1544,ok,0.0,3,4,3,0.178,41.665,1212.0,210.0,0.1576,장안면,0.1544,0.1544,0.6781,4,NEW_STOP,31240390,면,53.04,53.19,303.0,41590-36617,493.2,126.80814,37.07409
다바3898,pm,0.50908,0.441535,0.7056,0.3109,0.3947,ok,0.0,4,4,3,0.5088,11.311,1408.0,129.0,0.1669,우정읍,0.3947,0.3947,0.69766,4,ADD_FREQ,31240130,읍,50.91,44.15,352.0,41590-37397,294.7,126.80805,37.0831
다바3899,pm,0.175799,0.388192,-0.5709,0.1208,-0.5039,mid,0.0,2,1,2,0.7717,4.279,108.0,77.0,0.3426,우정읍,-0.5039,-0.6917,0.34987,1,ADD_FREQ,31240130,읍,17.58,38.82,27.0,41590-36989,137.0,126.80797,37.09211
다바3991,pm,0.0,0.011,-1.2442,-1.2235,-0.0,mid,0.0,3,0,0,0.05,0.0,0.0,3.0,0.0,장안면,-0.0,-0.0208,0.0,0,DRT,31240390,면,0.0,1.1,0.0,41590-36881,1573.9,126.81987,37.02007
다바3992,pm,0.189128,0.069549,-0.5198,-1.0148,0.3781,mid,0.0,4,1,1,0.05,0.562,53.0,23.0,0.5849,장안면,0.3781,0.495,0.31313,1,DRT,31240390,면,18.91,6.95,13.2,41590-36881,575.2,126.81979,37.02908
다바3993,pm,0.27609,0.342072,-0.1868,-0.0435,-0.1399,mid,0.0,3,2,2,0.5195,4.669,178.0,40.0,0.4663,장안면,-0.1399,-0.1432,0.41416,2,ADD_FREQ,31240390,면,27.61,34.21,44.5,41590-36716,288.3,126.81971,37.0381
다바3994,pm,0.233204,0.114752,-0.351,-0.8537,0.44,drt,0.0,4,2,1,0.05,1.204,208.0,5.0,0.3702,장안면,0.44,0.5027,0.43752,2,DRT,31240390,면,23.32,11.48,52.0,41590-36769,669.9,126.81963,37.04711
다바3995,pm,0.20299,0.13107,-0.4667,-0.7956,0.263,drt,0.0,4,1,1,0.1013,1.29,108.0,238.0,0.2407,장안면,0.263,0.3288,0.36891,1,DRT,31240390,면,20.3,13.11,27.0,41590-37430,539.2,126.81955,37.05613
다바3996,pm,0.244462,0.292904,-0.3079,-0.2188,-0.0804,mid,0.0,3,2,2,0.3867,3.87,263.0,179.0,0.3612,장안면,-0.0804,-0.0891,0.4677,3,NEW_STOP,31240390,면,24.45,29.29,65.8,41590-36915,368.0,126.81947,37.06514
다바3997,pm,0.655353,0.783438,1.2659,1.5295,-0.2636,ok,0.0,2,4,4,0.597,142.597,1675.0,277.0,0.1152,장안면,-0.2636,-0.2636,0.7235,4,ADD_FREQ,31240390,면,65.54,78.34,418.8,41590-37524,241.8,126.81938,37.07415
다바3998,pm,0.840073,0.884007,1.9734,1.8879,0.0855,ok,0.0,3,4,4,0.9652,165.683,4856.0,1504.0,0.1606,우정읍,0.0855,0.0855,0.87048,4,ADD_FREQ,31240130,읍,84.01,88.4,1214.0,41590-36022,20.9,126.8193,37.08317
다바3999,pm,0.675843,0.631278,1.3444,0.9872,0.3572,ok,0.0,4,4,4,0.5897,44.618,2653.0,379.0,0.1135,우정읍,0.3572,0.3572,0.78796,4,ADD_FREQ,31240130,읍,67.58,63.13,663.2,41590-36821,246.2,126.81922,37.09218
다바4091,pm,0.073951,0.011,-0.961,-1.2235,0.1089,mid,0.0,3,0,0,0.05,0.0,8.0,9.0,0.0,장안면,0.1089,0.2625,0.1479,0,DRT,31240390,면,7.4,1.1,2.0,41590-55148,1726.9,126.83111,37.02013
다바4092,pm,0.082456,0.011,-0.9284,-1.2235,0.1314,mid,0.0,3,0,0,0.05,0.0,13.0,33.0,0.0,장안면,0.1314,0.2951,0.16491,0,DRT,31240390,면,8.25,1.1,3.2,41590-55148,950.8,126.83103,37.02915
다바4093,pm,0.159802,0.085961,-0.6322,-0.9563,0.2219,mid,0.0,3,1,1,0.05,0.77,48.0,5.0,0.6458,장안면,0.2219,0.3242,0.2878,1,DRT,31240390,면,15.98,8.6,12.0,41590-37535,594.6,126.83095,37.03816
다바4094,pm,0.146824,0.164172,-0.6819,-0.6776,-0.0028,mid,0.0,3,1,1,0.4052,0.771,50.0,86.0,0.2,장안면,-0.0028,-0.0043,0.28451,1,NEW_STOP,31240390,면,14.68,16.42,12.5,41590-36776,356.9,126.83087,37.04718
다바4095,pm,0.168209,0.175626,-0.6,-0.6368,0.026,mid,0.0,3,1,1,0.1425,2.001,53.0,42.0,0.5849,장안면,0.026,0.0368,0.31596,1,DRT,31240390,면,16.82,17.56,13.2,41590-36773,514.5,126.83079,37.05619
다바4096,pm,0.185378,0.064756,-0.5342,-1.0319,0.3753,drt,0.0,4,1,1,0.05,0.506,107.0,210.0,0.1402,장안면,0.3753,0.4977,0.35949,1,DRT,31240390,면,18.54,6.48,26.8,41590-37514,768.5,126.83071,37.0652
다바4097,pm,0.290872,0.41609,-0.1301,0.2203,-0.3504,mid,0.0,2,2,2,0.48,9.644,178.0,125.0,0.3933,장안면,-0.3504,-0.3504,0.41283,2,NEW_STOP,31240390,면,29.09,41.61,44.5,41590-37129,312.0,126.83063,37.07422
다바4098,pm,0.527174,0.599776,0.7749,0.8749,-0.1,ok,0.0,3,4,4,0.5822,35.34,866.0,556.0,0.1409,장안면,-0.1,-0.1,0.62844,4,ADD_FREQ,31240390,면,52.72,59.98,216.5,41590-37125,250.7,126.83055,37.08323
다바4099,pm,0.488318,0.700614,0.6261,1.2343,-0.6082,ok,0.0,2,3,4,0.8387,49.967,474.0,172.0,0.211,장안면,-0.6082,-0.6082,0.54721,3,ADD_FREQ,31240390,면,48.83,70.06,118.5,41590-36835,96.8,126.83048,37.09224
다바4191,pm,0.029829,0.011,-1.13,-1.2235,0.0215,mid,0.0,3,0,0,0.05,0.0,5.0,3.0,0.0,장안면,0.0215,0.0935,0.05966,0,DRT,31240390,면,2.98,1.1,1.2,41590-55148,1553.1,126.84235,37.0202
다바4192,pm,0.062321,0.194372,-1.0055,-0.5699,-0.1617,mid,0.0,3,0,1,0.05,3.042,8.0,10.0,1.25,장안면,-0.1617,-0.4356,0.12223,0,DRT,31240390,면,6.23,19.44,2.0,41590-55148,580.1,126.84227,37.02921
다바4193,pm,0.367505,0.516616,0.1634,0.5785,-0.4152,mid,0.0,2,3,3,0.7247,14.191,378.0,103.0,0.4233,장안면,-0.4152,-0.4152,0.5118,3,ADD_FREQ,31240390,면,36.75,51.66,94.5,41590-36984,165.2,126.84219,37.03822
다바4194,pm,0.126605,0.03938,-0.7593,-1.1223,0.2136,mid,0.0,3,0,1,0.179,0.0,38.0,14.0,0.3947,장안면,0.2136,0.363,0.25321,1,NEW_STOP,31240390,면,12.66,3.94,9.5,41590-36776,492.6,126.84212,37.04724
다바4195,pm,0.194829,0.278432,-0.498,-0.2704,-0.1773,mid,0.0,3,1,2,0.5537,2.297,118.0,61.0,0.5424,장안면,-0.1773,-0.2277,0.37905,2,ADD_FREQ,31240390,면,19.48,27.84,29.5,41590-36942,267.8,126.84204,37.05625
다바4196,pm,0.387367,0.469966,0.2395,0.4123,-0.1728,mid,0.0,3,3,3,0.5212,13.975,274.0,364.0,0.3102,장안면,-0.1728,-0.1728,0.47131,3,ADD_FREQ,31240390,면,38.74,47.0,68.5,41590-37132,287.3,126.84196,37.06527
다바4197,pm,0.277562,0.195182,-0.1811,-0.5671,0.3783,mid,0.0,4,2,1,0.05,3.067,283.0,155.0,0.4276,장안면,0.3783,0.3859,0.47372,3,DRT,31240390,면,27.76,19.52,70.8,41590-36909,654.3,126.84188,37.07428
다바4198,pm,0.1722,0.173784,-0.5847,-0.6433,0.0421,drt,0.0,3,1,1,0.1258,2.043,89.0,265.0,0.1685,장안면,0.0421,0.0586,0.34028,1,DRT,31240390,면,17.22,17.38,22.2,41590-55497,524.5,126.84181,37.08329
다바4199,pm,0.291462,0.176776,-0.1279,-0.6327,0.5048,mid,0.0,4,2,1,0.05,2.535,303.0,235.0,0.2145,장안면,0.5048,0.5048,0.48784,3,DRT,31240390,면,29.15,17.68,75.8,41590-37453,751.0,126.84173,37.09231
다바4292,pm,0.156942,0.011,-0.6431,-1.2235,0.3927,mid,0.0,4,1,0,0.05,0.0,58.0,18.0,0.2241,장안면,0.3927,0.5804,0.31388,1,DRT,31240390,면,15.69,1.1,14.5,41590-36982,1086.0,126.85351,37.02927
다바4293,pm,0.331342,0.301281,0.0249,-0.1889,0.2138,mid,0.0,3,3,2,0.3565,4.46,358.0,170.0,0.3296,장안면,0.2138,0.2138,0.50757,3,NEW_STOP,31240390,면,33.13,30.13,89.5,41590-36714,386.1,126.85344,37.03829
다바4294,pm,0.28326,0.386065,-0.1593,0.1132,-0.2707,mid,0.0,2,2,2,0.4912,7.311,126.0,288.0,0.2937,장안면,-0.2707,-0.2725,0.38157,2,NEW_STOP,31240390,면,28.33,38.61,31.5,41590-36798,305.3,126.85336,37.0473
다바4295,pm,0.289452,0.479721,-0.1356,0.447,-0.5826,mid,0.0,2,2,3,0.6448,12.111,153.0,201.0,0.3595,장안면,-0.5826,-0.5826,0.40104,2,ADD_FREQ,31240390,면,28.95,47.97,38.2,41590-37823,213.1,126.85329,37.05631
다바4296,pm,0.358584,0.494429,0.1292,0.4995,-0.3703,mid,0.0,2,3,3,0.8808,8.875,252.0,980.0,0.1151,장안면,-0.3703,-0.3703,0.46472,3,ADD_FREQ,31240390,면,35.86,49.44,63.0,41590-37796,71.5,126.85321,37.06533
다바4297,pm,0.431493,0.430735,0.4085,0.2725,0.136,ok,0.0,3,3,2,0.5453,9.666,436.0,745.0,0.1904,장안면,0.136,0.136,0.53855,3,ADD_FREQ,31240390,면,43.15,43.07,109.0,41590-37142,272.8,126.85313,37.07434
다바4298,pm,0.266484,0.234043,-0.2236,-0.4286,0.1957,mid,0.0,3,2,1,0.05,4.468,167.0,576.0,0.1557,장안면,0.1957,0.205,0.41364,2,DRT,31240390,면,26.65,23.4,41.8,41590-37151,661.4,126.85306,37.08335
다바4299,pm,0.230421,0.013985,-0.3617,-1.2128,0.7393,drt,0.0,5,2,1,0.05,0.023,232.0,891.0,0.0431,장안면,0.7393,0.8512,0.45792,3,DRT,31240390,면,23.04,1.4,58.0,41590-37158,794.0,126.85298,37.09237
다바4393,pm,0.077756,0.011,-0.9464,-1.2235,0.1188,mid,0.0,3,0,0,0.05,0.0,18.0,3.0,0.0,장안면,0.1188,0.2771,0.15551,0,DRT,31240390,면,7.78,1.1,4.5,41590-36714,1175.4,126.86468,37.03835
다바4394,pm,0.191944,0.253831,-0.5091,-0.358,-0.1165,mid,0.0,3,1,2,0.4052,2.506,78.0,21.0,0.4615,장안면,-0.1165,-0.151,0.31888,1,NEW_STOP,31240390,면,19.19,25.38,19.5,41590-37820,356.9,126.86461,37.04736
다바4395,pm,0.188196,0.228134,-0.5234,-0.4496,-0.0562,drt,0.0,3,1,1,0.3515,2.154,98.0,69.0,0.4796,장안면,-0.0562,-0.0738,0.35532,1,NEW_STOP,31240390,면,18.82,22.81,24.5,41590-37819,389.1,126.86453,37.05637
다바4396,pm,0.200511,0.113354,-0.4762,-0.8587,0.3035,drt,0.0,4,1,1,0.1055,0.987,110.0,134.0,0.2818,장안면,0.3035,0.3824,0.37081,1,DRT,31240390,면,20.05,11.34,27.5,41590-36727,536.7,126.86446,37.06539
다바4397,pm,0.356104,0.383664,0.1197,0.1047,0.015,mid,0.0,3,3,2,0.2615,10.991,461.0,1229.0,0.1345,장안면,0.015,0.015,0.54938,3,NEW_STOP,31240390,면,35.61,38.37,115.2,41590-37942,443.1,126.86438,37.0744
다바4398,pm,0.382327,0.505926,0.2201,0.5404,-0.3203,mid,0.0,2,3,3,0.444,21.412,411.0,969.0,0.1582,장안면,-0.3203,-0.3203,0.5288,3,NEW_STOP,31240390,면,38.23,50.59,102.8,41590-37156,333.6,126.86431,37.08342
다바4399,pm,0.430566,0.419973,0.4049,0.2341,0.1708,mid,0.0,3,3,2,0.6762,6.892,576.0,684.0,0.2066,장안면,0.1708,0.1708,0.5753,3,ADD_FREQ,31240390,면,43.06,42.0,144.0,41590-37840,194.3,126.86423,37.09243
다바4495,pm,0.051129,0.081049,-1.0484,-0.9738,-0.0243,mid,0.0,3,0,1,0.05,0.705,8.0,5.0,0.0,장안면,-0.0243,-0.0746,0.10001,0,DRT,31240390,면,5.11,8.1,2.0,41590-37819,611.9,126.87578,37.05643
다바4496,pm,0.161265,0.115633,-0.6266,-0.8506,0.1543,mid,0.0,3,1,1,0.1117,1.001,43.0,26.0,0.2326,장안면,0.1543,0.224,0.29188,1,DRT,31240390,면,16.13,11.56,10.8,41590-36727,533.0,126.8757,37.06545
다바4497,pm,0.196417,0.282613,-0.4919,-0.2555,-0.1851,mid,0.0,3,1,2,0.312,4.103,38.0,346.0,0.1316,장안면,-0.1851,-0.2365,0.23553,0,NEW_STOP,31240390,면,19.64,28.26,9.5,41590-37613,412.8,126.87563,37.07446
다바4498,pm,0.136235,0.057036,-0.7224,-1.0594,0.208,mid,0.0,3,1,1,0.05,0.42,39.0,17.0,0.2564,장안면,0.208,0.337,0.25482,1,DRT,31240390,면,13.62,5.7,9.8,41590-37841,731.2,126.87556,37.08348
다바4499,pm,0.164459,0.011,-0.6143,-1.2235,0.4249,mid,0.0,4,1,0,0.05,0.0,68.0,117.0,0.4853,장안면,0.4249,0.6092,0.32892,1,DRT,31240390,면,16.45,1.1,17.0,41590-37840,808.9,126.87548,37.09249
다바4597,pm,0.235024,0.25958,-0.3441,-0.3375,-0.0057,mid,0.0,3,2,2,0.5285,1.979,108.0,163.0,0.3611,향남읍,-0.0057,-0.0065,0.36153,1,ADD_FREQ,31240140,읍,23.5,25.96,27.0,41590-37814,282.9,126.88688,37.07452
다바4598,pm,0.141515,0.011,-0.7022,-1.2235,0.3298,mid,0.0,4,1,0,0.05,0.0,51.0,174.0,0.098,향남읍,0.3298,0.5213,0.28303,1,DRT,31240140,읍,14.15,1.1,12.8,41590-37814,813.5,126.88681,37.08353
다바4599,pm,0.25048,0.372349,-0.2849,0.0644,-0.3202,mid,0.0,2,2,2,0.601,5.228,285.0,329.0,0.4982,향남읍,-0.3202,-0.3492,0.48727,3,ADD_FREQ,31240140,읍,25.05,37.23,71.2,41590-37875,239.4,126.88673,37.09255
다바4697,pm,0.25091,0.370389,-0.2832,0.0574,-0.3127,mid,0.0,2,2,2,0.5952,5.196,73.0,189.0,0.3836,향남읍,-0.3127,-0.3406,0.33689,1,ADD_FREQ,31240140,읍,25.09,37.04,18.2,41590-36733,242.9,126.89813,37.07458
다바4698,pm,0.557641,0.585881,0.8916,0.8254,0.0662,ok,0.0,3,4,3,0.736,24.262,769.0,3343.0,0.0507,향남읍,0.0662,0.0662,0.62022,4,ADD_FREQ,31240140,읍,55.76,58.59,192.2,41590-37759,158.4,126.89806,37.08359
다바4699,pm,0.562438,0.546156,0.91,0.6838,0.2262,ok,0.0,3,4,3,0.3587,34.129,1112.0,1830.0,0.1628,향남읍,0.2262,0.2262,0.66389,4,NEW_STOP,31240140,읍,56.24,54.62,278.0,41590-37876,384.8,126.89799,37.09261
다바4797,pm,0.339263,0.53445,0.0552,0.6421,-0.5869,mid,0.0,2,3,3,0.8607,12.855,203.0,1295.0,0.2956,양감면,-0.5869,-0.5869,0.43739,2,ADD_FREQ,31240420,면,33.93,53.45,50.8,41590-37868,83.6,126.90938,37.07463
다바4798,pm,0.702539,0.58929,1.4466,0.8375,0.6091,ok,0.0,4,4,3,0.5162,36.474,3945.0,3493.0,0.0416,향남읍,0.6091,0.6091,0.84399,4,ADD_FREQ,31240140,읍,70.25,58.93,986.2,41590-55074,290.3,126.90931,37.08365
다바4799,pm,0.427252,0.624554,0.3922,0.9632,-0.571,ok,0.0,2,3,4,0.5155,48.076,68.0,4971.0,0.0,향남읍,-0.571,-0.571,0.29552,1,ADD_FREQ,31240140,읍,42.73,62.46,17.0,41590-37405,290.7,126.90924,37.09266
다바4896,pm,0.31282,0.287864,-0.0461,-0.2367,0.1907,mid,0.0,3,3,2,0.2538,4.855,289.0,291.0,0.3356,양감면,0.1907,0.1907,0.47572,3,NEW_STOP,31240420,면,31.28,28.79,72.2,41590-37964,447.7,126.9207,37.06568
다바4897,pm,0.279514,0.290136,-0.1736,-0.2286,0.0542,mid,0.0,3,2,2,0.67,1.966,187.0,315.0,0.2299,양감면,0.0542,0.055,0.42862,2,ADD_FREQ,31240420,면,27.95,29.01,46.8,41590-55069,198.0,126.92063,37.07469
다바4898,pm,0.27842,0.479254,-0.1778,0.4454,-0.6122,mid,0.0,2,2,3,0.7488,9.975,240.0,778.0,0.2042,향남읍,-0.6122,-0.6232,0.46026,3,ADD_FREQ,31240140,읍,27.84,47.93,60.0,41590-55367,150.7,126.92056,37.0837
다바4899,pm,0.213298,0.286896,-0.4273,-0.2402,-0.1545,mid,0.0,3,1,2,0.151,5.905,93.0,736.0,0.2796,향남읍,-0.1545,-0.1871,0.3425,1,NEW_STOP,31240140,읍,21.33,28.69,23.2,41590-37344,509.4,126.92049,37.09272
다바4996,pm,0.25726,0.363778,-0.2589,0.0338,-0.2731,mid,0.0,2,2,2,0.5362,5.504,210.0,652.0,0.1,양감면,-0.2731,-0.2927,0.43247,2,ADD_FREQ,31240420,면,25.73,36.38,52.5,41590-60030,278.3,126.93194,37.06573
다바4997,pm,0.198756,0.113314,-0.483,-0.8588,0.2966,drt,0.0,4,1,1,0.05,1.18,133.0,486.0,0.2556,양감면,0.2966,0.3759,0.38017,2,DRT,31240420,면,19.88,11.33,33.2,41590-60032,670.3,126.93188,37.07474
다바4998,pm,0.239652,0.353195,-0.3263,-0.0039,-0.2873,mid,0.0,2,2,2,0.3707,6.918,157.0,532.0,0.3121,양감면,-0.2873,-0.3224,0.41216,2,NEW_STOP,31240420,면,23.97,35.32,39.2,41590-55408,377.6,126.93181,37.08376
다바4999,pm,0.266358,0.352325,-0.224,-0.007,-0.2071,mid,0.0,3,2,2,0.2872,8.047,221.0,396.0,0.1674,양감면,-0.2071,-0.217,0.44016,2,NEW_STOP,31240420,면,26.64,35.23,55.2,41590-55834,427.7,126.93174,37.09277
다바5096,pm,0.239006,0.092402,-0.3288,-0.9334,0.5377,mid,0.0,4,2,1,0.05,0.859,265.0,1123.0,0.0566,양감면,0.5377,0.6046,0.47237,3,DRT,31240420,면,23.9,9.24,66.2,41590-60029,658.8,126.94319,37.06578
다바5097,pm,0.308516,0.446431,-0.0626,0.3284,-0.391,mid,0.0,2,3,3,0.7043,8.209,398.0,976.0,0.1106,양감면,-0.391,-0.391,0.52766,3,ADD_FREQ,31240420,면,30.85,44.64,99.5,41590-37857,177.4,126.94313,37.0748
다바5098,pm,0.507884,0.680795,0.7011,1.1637,-0.4626,ok,0.0,2,4,4,0.8073,45.188,604.0,491.0,0.1788,양감면,-0.4626,-0.4626,0.57985,3,ADD_FREQ,31240420,면,50.79,68.08,151.0,41590-36778,115.6,126.94306,37.08381
다바5099,pm,0.361359,0.477916,0.1398,0.4406,-0.3008,mid,0.0,2,3,3,0.5137,15.111,280.0,397.0,0.1571,양감면,-0.3008,-0.3008,0.47926,3,ADD_FREQ,31240420,면,36.14,47.79,70.0,41590-36106,291.8,126.943,37.09283
다바5197,pm,0.309396,0.540806,-0.0592,0.6647,-0.7239,mid,0.0,1,3,3,0.4865,26.223,169.0,246.0,0.2012,양감면,-0.7239,-0.7239,0.42282,2,NEW_STOP,31240420,면,30.94,54.08,42.2,41590-36133,308.1,126.95438,37.07485
다바5198,pm,0.321503,0.478208,-0.0128,0.4416,-0.4545,mid,0.0,2,3,3,0.2475,24.223,178.0,55.0,0.3652,양감면,-0.4545,-0.4545,0.42095,2,NEW_STOP,31240420,면,32.15,47.82,44.5,41590-36127,451.5,126.95431,37.08386
다바5199,pm,0.287777,0.310951,-0.142,-0.1545,0.0125,mid,0.0,3,2,2,0.5845,3.011,278.0,377.0,0.1583,양감면,0.0125,0.0125,0.47699,3,ADD_FREQ,31240420,면,28.78,31.1,69.5,41590-55462,249.3,126.95425,37.09288
다바5297,pm,0.331964,0.62746,0.0272,0.9736,-0.9463,mid,0.0,1,3,4,0.7045,35.554,202.0,559.0,0.1782,양감면,-0.9463,-0.9463,0.43495,2,ADD_FREQ,31240420,면,33.2,62.75,50.5,41590-36150,177.3,126.96563,37.0749
다바5298,pm,0.209779,0.206892,-0.4407,-0.5253,0.0691,drt,0.0,3,1,1,0.2075,2.415,89.0,405.0,0.4045,양감면,0.0691,0.0846,0.35432,1,NEW_STOP,31240420,면,20.98,20.69,22.2,41590-36791,475.5,126.96556,37.08392
다바5299,pm,0.319083,0.284764,-0.0221,-0.2478,0.2257,mid,0.0,3,3,2,0.1295,6.043,400.0,958.0,0.2125,양감면,0.2257,0.2257,0.52543,3,DRT,31240420,면,31.91,28.48,100.0,41590-36165,522.3,126.9655,37.09293
다바5397,pm,0.300014,0.502462,-0.0951,0.5281,-0.6232,mid,0.0,2,2,3,0.617,15.335,184.0,319.0,0.2228,양감면,-0.6232,-0.6232,0.43039,2,ADD_FREQ,31240420,면,30.0,50.25,46.0,41590-36478,229.8,126.97688,37.07495
다바5398,pm,0.295957,0.405065,-0.1107,0.181,-0.2916,mid,0.0,2,2,2,0.4117,9.974,248.0,794.0,0.1573,양감면,-0.2916,-0.2916,0.4665,3,NEW_STOP,31240420,면,29.6,40.51,62.0,41590-36207,353.0,126.97681,37.08397
다바5399,pm,0.286199,0.51907,-0.148,0.5873,-0.7353,mid,0.0,1,2,3,0.658,16.307,139.0,435.0,0.1655,양감면,-0.7353,-0.7353,0.38895,2,ADD_FREQ,31240420,면,28.62,51.91,34.8,41590-55342,205.2,126.97675,37.09298
다바5497,pm,0.26043,0.227395,-0.2467,-0.4523,0.1933,mid,0.0,3,2,1,0.05,4.198,186.0,107.0,0.3763,양감면,0.1933,0.2055,0.42769,2,DRT,31240420,면,26.04,22.74,46.5,41590-36472,625.9,126.98813,37.075
다바5498,pm,0.205328,0.402555,-0.4578,0.172,-0.5075,mid,0.0,2,1,2,0.3933,10.102,38.0,126.0,0.2632,양감면,-0.5075,-0.6298,0.25797,1,NEW_STOP,31240420,면,20.53,40.26,9.5,41590-36473,364.0,126.98806,37.08401
다바5499,pm,0.262735,0.362681,-0.2379,0.0299,-0.2533,mid,0.0,2,2,2,0.5403,5.405,249.0,242.0,0.4056,양감면,-0.2533,-0.2678,0.45575,2,ADD_FREQ,31240420,면,26.27,36.27,62.2,41590-36251,275.8,126.988,37.09303
다사1401,pm,0.075162,0.011,-0.9564,-1.2235,0.112,mid,0.0,3,0,0,0.05,0.0,13.0,0.0,0.7692,우정읍,0.112,0.2671,0.15032,0,DRT,31240130,읍,7.52,1.1,3.2,41590-60113,9432.9,126.53771,37.10826
다사2208,pm,0.270731,0.142106,-0.2073,-0.7562,0.5295,mid,0.0,4,2,1,0.64,0.01,183.0,153.0,0.4645,서신면,0.5295,0.5489,0.4246,2,ADD_FREQ,31240370,면,27.07,14.21,45.8,41590-60007,216.0,126.62702,37.17205
다사2302,pm,0.0,0.011,-1.2442,-1.2235,-0.0,mid,0.0,3,0,0,0.05,0.0,0.0,0.0,0.0,서신면,-0.0,-0.0208,0.0,0,DRT,31240370,면,0.0,1.1,0.0,41590-37837,4003.1,126.63889,37.11805
다사2405,pm,0.0,0.011,-1.2442,-1.2235,-0.0,mid,0.0,3,0,0,0.05,0.0,0.0,0.0,0.0,서신면,-0.0,-0.0208,0.0,0,DRT,31240370,면,0.0,1.1,0.0,41590-36947,2469.6,126.64985,37.14517
다사2416,pm,0.180582,0.269352,-0.5526,-0.3027,-0.1852,mid,0.0,3,1,2,0.2992,3.713,93.0,10.0,0.4194,송산면,-0.1852,-0.2499,0.34164,1,NEW_STOP,31240360,면,18.06,26.94,23.2,41590-55867,420.5,126.64873,37.24431
다사2417,pm,0.0,0.011,-1.2442,-1.2235,-0.0,mid,0.0,3,0,0,0.05,0.0,0.0,0.0,0.0,송산면,-0.0,-0.0208,0.0,0,DRT,31240360,면,0.0,1.1,0.0,41590-60130,908.5,126.64863,37.25333
다사2420,pm,0.0,0.011,-1.2442,-1.2235,-0.0,mid,0.0,3,0,0,0.05,0.0,0.0,0.0,0.0,송산면,-0.0,-0.0208,0.0,0,DRT,31240360,면,0.0,1.1,0.0,41590-60130,3774.4,126.64833,37.28037
다사2508,pm,0.401369,0.727141,0.2931,1.3288,-1.0358,ok,0.0,1,3,4,0.8037,65.147,208.0,150.0,0.4327,서신면,-1.0358,-1.0358,0.42941,2,ADD_FREQ,31240370,면,40.14,72.71,52.0,41590-55347,117.8,126.66081,37.17229
다사2511,pm,0.179461,0.193181,-0.5569,-0.5742,0.0128,mid,0.0,3,1,1,0.0567,2.961,8.0,22.0,0.0,송산면,0.0128,0.0173,0.05405,0,DRT,31240360,면,17.95,19.32,2.0,41590-55063,566.0,126.66051,37.19933
다사2512,pm,0.0,0.011,-1.2442,-1.2235,-0.0,mid,0.0,3,0,0,0.05,0.0,0.0,0.0,0.0,송산면,-0.0,-0.0208,0.0,0,DRT,31240360,면,0.0,1.1,0.0,41590-55063,1457.6,126.66041,37.20834
다사2514,pm,0.0,0.011,-1.2442,-1.2235,-0.0,mid,0.0,3,0,0,0.05,0.0,0.0,0.0,0.0,송산면,-0.0,-0.0208,0.0,0,DRT,31240360,면,0.0,1.1,0.0,41590-55189,1365.4,126.66021,37.22637
다사2515,pm,0.142654,0.283475,-0.6979,-0.2524,-0.2833,mid,0.0,2,1,2,0.276,4.456,33.0,3.0,0.4545,송산면,-0.2833,-0.4455,0.25909,1,NEW_STOP,31240360,면,14.27,28.35,8.2,41590-55189,434.4,126.66011,37.23538
다사2516,pm,0.113545,0.25466,-0.8093,-0.3551,-0.2491,mid,0.0,3,0,2,0.1043,4.841,18.0,7.0,1.1111,송산면,-0.2491,-0.4543,0.18765,0,DRT,31240360,면,11.35,25.47,4.5,41590-60130,537.4,126.66001,37.2444
다사2517,pm,0.0,0.011,-1.2442,-1.2235,-0.0,mid,0.0,3,0,0,0.05,0.0,0.0,0.0,0.0,송산면,-0.0,-0.0208,0.0,0,DRT,31240360,면,0.0,1.1,0.0,41590-60130,873.1,126.65991,37.25341
다사2518,pm,0.0,0.011,-1.2442,-1.2235,-0.0,mid,0.0,3,0,0,0.05,0.0,0.0,0.0,0.0,송산면,-0.0,-0.0208,0.0,0,DRT,31240360,면,0.0,1.1,0.0,41590-60130,1798.4,126.65981,37.26242
다사2519,pm,0.0,0.011,-1.2442,-1.2235,-0.0,mid,0.0,3,0,0,0.05,0.0,0.0,0.0,0.0,송산면,-0.0,-0.0208,0.0,0,DRT,31240360,면,0.0,1.1,0.0,41590-60130,2775.8,126.65971,37.27143
다사2520,pm,0.0,0.011,-1.2442,-1.2235,-0.0,mid,0.0,3,0,0,0.05,0.0,0.0,0.0,0.0,송산면,-0.0,-0.0208,0.0,0,DRT,31240360,면,0.0,1.1,0.0,41590-60130,3766.0,126.65961,37.28045
다사2607,pm,0.380569,0.730485,0.2134,1.3408,-1.1273,mid,0.0,1,3,4,0.8675,59.97,190.0,288.0,0.3105,서신면,-1.1273,-1.1273,0.42902,2,ADD_FREQ,31240370,면,38.06,73.05,47.5,41590-37866,79.5,126.67217,37.16336
다사2608,pm,0.30538,0.344604,-0.0746,-0.0345,-0.0401,mid,0.0,3,2,2,0.05,11.693,294.0,91.0,0.5646,서신면,-0.0401,-0.0401,0.4825,3,DRT,31240370,면,30.54,34.46,73.5,41590-37926,671.1,126.67207,37.17237
다사2609,pm,0.330704,0.33635,0.0224,-0.0639,0.0864,mid,0.0,3,3,2,0.2442,7.609,251.0,1185.0,0.0717,서신면,0.0864,0.0864,0.46282,3,NEW_STOP,31240370,면,33.07,33.63,62.8,41590-37258,453.5,126.67197,37.18138
다사2610,pm,0.30442,0.283258,-0.0783,-0.2532,0.1749,mid,0.0,3,2,2,0.3945,3.466,180.0,1248.0,0.0278,서신면,0.1749,0.1749,0.42039,2,NEW_STOP,31240370,면,30.44,28.33,45.0,41590-37595,363.3,126.67187,37.1904
다사2611,pm,0.032058,0.106644,-1.1215,-0.8826,-0.0576,mid,0.0,3,0,1,0.05,1.072,5.0,14.0,0.0,송산면,-0.0576,-0.2388,0.05966,0,DRT,31240360,면,3.21,10.66,1.2,41590-37893,596.1,126.67178,37.19941
다사2612,pm,0.175734,0.130281,-0.5711,-0.7984,0.1655,mid,0.0,3,1,1,0.0528,1.469,73.0,71.0,0.5068,송산면,0.1655,0.2272,0.31313,1,DRT,31240360,면,17.57,13.03,18.2,41590-36346,568.3,126.67168,37.20842
다사2613,pm,0.144089,0.023513,-0.6924,-1.1789,0.3115,mid,0.0,4,1,1,0.05,0.1,33.0,25.0,0.9394,송산면,0.3115,0.4865,0.28525,1,DRT,31240360,면,14.41,2.35,8.2,41590-36346,784.2,126.67158,37.21744
다사2614,pm,0.0,0.011,-1.2442,-1.2235,-0.0,mid,0.0,3,0,0,0.05,0.0,0.0,28.0,0.0,송산면,-0.0,-0.0208,0.0,0,DRT,31240360,면,0.0,1.1,0.0,41590-55195,1315.1,126.67148,37.22645
다사2615,pm,0.262906,0.229276,-0.2373,-0.4455,0.1971,mid,0.0,3,2,1,0.05,4.273,224.0,93.0,0.5045,송산면,0.1971,0.2083,0.44203,2,DRT,31240360,면,26.29,22.93,56.0,41590-55190,628.3,126.67138,37.23546
다사2616,pm,0.260691,0.352878,-0.2457,-0.005,-0.2265,mid,0.0,3,2,2,0.2913,8.022,138.0,5.0,0.3623,송산면,-0.2265,-0.2407,0.37772,1,NEW_STOP,31240360,면,26.07,35.29,34.5,41590-55190,425.2,126.67128,37.24447
다사2617,pm,0.0,0.011,-1.2442,-1.2235,-0.0,mid,0.0,3,0,0,0.05,0.0,0.0,0.0,0.0,송산면,-0.0,-0.0208,0.0,0,DRT,31240360,면,0.0,1.1,0.0,41590-55190,1403.0,126.67118,37.25349
다사2618,pm,0.0,0.011,-1.2442,-1.2235,-0.0,mid,0.0,3,0,0,0.05,0.0,0.0,0.0,0.0,송산면,-0.0,-0.0208,0.0,0,DRT,31240360,면,0.0,1.1,0.0,41590-60062,2155.7,126.67108,37.2625
다사2619,pm,0.0,0.011,-1.2442,-1.2235,-0.0,mid,0.0,3,0,0,0.05,0.0,0.0,0.0,0.0,송산면,-0.0,-0.0208,0.0,0,DRT,31240360,면,0.0,1.1,0.0,41590-60062,2785.2,126.67099,37.27151
다사2620,pm,0.0,0.011,-1.2442,-1.2235,-0.0,mid,0.0,3,0,0,0.05,0.0,0.0,0.0,0.0,송산면,-0.0,-0.0208,0.0,0,DRT,31240360,면,0.0,1.1,0.0,41590-60062,3588.4,126.67089,37.28053
다사2703,pm,0.215725,0.351861,-0.418,-0.0087,-0.3406,mid,0.0,2,1,2,0.8738,2.373,143.0,15.0,0.3916,서신면,-0.3406,-0.4093,0.38602,2,ADD_FREQ,31240370,면,21.57,35.19,35.8,41590-36489,75.7,126.68382,37.12738
다사2704,pm,0.177605,0.011,-0.564,-1.2235,0.4836,drt,0.0,4,1,0,0.05,0.0,98.0,16.0,0.4796,서신면,0.4836,0.6595,0.35521,1,DRT,31240370,면,17.76,1.1,24.5,41590-37029,765.5,126.68372,37.13639
다사2705,pm,0.166383,0.130643,-0.607,-0.7971,0.1336,mid,0.0,3,1,1,0.5938,0.0,73.0,19.0,0.4247,서신면,0.1336,0.1901,0.33277,1,ADD_FREQ,31240370,면,16.64,13.06,18.2,41590-36840,243.7,126.68362,37.14541
다사2707,pm,0.203751,0.19739,-0.4638,-0.5592,0.0765,drt,0.0,3,1,1,0.05,3.136,93.0,241.0,0.0538,서신면,0.0765,0.0954,0.34262,1,DRT,31240370,면,20.38,19.74,23.2,41590-37017,709.8,126.68343,37.16343
다사2708,pm,0.411805,0.649363,0.3331,1.0516,-0.7186,ok,0.0,1,3,4,0.5282,57.039,268.0,365.0,0.2201,서신면,-0.7186,-0.7186,0.47077,3,ADD_FREQ,31240370,면,41.18,64.94,67.0,41590-37784,283.1,126.68333,37.17245
다사2709,pm,0.19417,0.227092,-0.5005,-0.4533,-0.0367,drt,0.0,3,1,1,0.0515,4.173,118.0,145.0,0.2373,서신면,-0.0367,-0.0472,0.3812,2,DRT,31240370,면,19.42,22.71,29.5,41590-36491,569.1,126.68324,37.18146
다사2710,pm,0.214381,0.263788,-0.4231,-0.3225,-0.0834,mid,0.0,3,1,2,0.7532,1.111,118.0,597.0,0.2797,서신면,-0.0834,-0.1006,0.38147,2,ADD_FREQ,31240370,면,21.44,26.38,29.5,41590-37511,148.1,126.68314,37.19047
다사2711,pm,0.128315,0.011,-0.7528,-1.2235,0.2794,mid,0.0,4,0,0,0.05,0.0,38.0,41.0,0.2632,서신면,0.2794,0.4707,0.25663,1,DRT,31240370,면,12.83,1.1,9.5,41590-37511,1135.6,126.68304,37.19949
다사2712,pm,0.130161,0.094712,-0.7457,-0.9251,0.1075,mid,0.0,3,1,1,0.05,0.892,33.0,141.0,0.4545,송산면,0.1075,0.1794,0.23605,0,DRT,31240360,면,13.02,9.47,8.2,41590-36346,621.0,126.68295,37.2085
다사2713,pm,0.179325,0.482061,-0.5574,0.4554,-0.7474,over,0.0,1,1,3,0.8748,8.078,73.0,240.0,0.3151,송산면,-0.7474,-1.0128,0.32757,1,ADD_FREQ,31240360,면,17.93,48.21,18.2,41590-36490,75.1,126.68285,37.21751
다사2714,pm,0.196343,0.069212,-0.4922,-1.016,0.41,drt,0.0,4,1,1,0.05,0.558,109.0,274.0,0.3303,송산면,0.41,0.5238,0.3782,1,DRT,31240360,면,19.63,6.92,27.2,41590-55193,756.0,126.68275,37.22653
다사2715,pm,0.281328,0.587997,-0.1667,0.8329,-0.9885,mid,0.0,1,2,3,0.8472,20.309,184.0,242.0,0.3207,송산면,-0.9885,-0.9996,0.41749,2,ADD_FREQ,31240360,면,28.13,58.8,46.0,41590-55194,91.7,126.68265,37.23554
다사2716,pm,0.164661,0.011,-0.6136,-1.2235,0.4258,mid,0.0,4,1,0,0.05,0.0,78.0,12.0,0.6667,송산면,0.4258,0.6099,0.32932,1,DRT,31240360,면,16.47,1.1,19.5,41590-55864,913.1,126.68256,37.24455
다사2717,pm,0.088469,0.011,-0.9054,-1.2235,0.1483,mid,0.0,3,0,0,0.05,0.0,13.0,0.0,0.0,송산면,0.1483,0.3181,0.17694,0,DRT,31240360,면,8.85,1.1,3.2,41590-60062,880.0,126.68246,37.25357
다사2718,pm,0.0,0.011,-1.2442,-1.2235,-0.0,mid,0.0,3,0,0,0.05,0.0,0.0,0.0,0.0,송산면,-0.0,-0.0208,0.0,0,DRT,31240360,면,0.0,1.1,0.0,41590-60062,1374.7,126.68236,37.26258
다사2720,pm,0.0,0.011,-1.2442,-1.2235,-0.0,mid,0.0,3,0,0,0.05,0.0,0.0,3.0,0.0,송산면,-0.0,-0.0208,0.0,0,DRT,31240360,면,0.0,1.1,0.0,41590-60062,3181.4,126.68217,37.28061
다사2802,pm,0.387507,0.299941,0.24,-0.1937,0.4337,mid,0.0,4,3,2,0.209,5.92,149.0,148.0,0.1879,서신면,0.4337,0.4337,0.39453,2,NEW_STOP,31240370,면,38.75,29.99,37.2,41590-37220,474.6,126.69517,37.11844
다사2803,pm,0.347446,0.483985,0.0865,0.4622,-0.3757,mid,0.0,2,3,3,0.5772,14.17,240.0,52.0,0.3,서신면,-0.3757,-0.3757,0.46052,3,ADD_FREQ,31240370,면,34.74,48.4,60.0,41590-37670,253.7,126.69507,37.12746
다사2804,pm,0.318334,0.433085,-0.025,0.2808,-0.3058,mid,0.0,2,3,2,0.4378,12.002,323.0,129.0,0.2693,서신면,-0.3058,-0.3058,0.49286,3,NEW_STOP,31240370,면,31.83,43.31,80.8,41590-37482,337.3,126.69498,37.13647
다사2805,pm,0.203248,0.205142,-0.4658,-0.5316,0.0527,drt,0.0,3,1,1,0.0682,3.256,93.0,18.0,0.4516,서신면,0.0527,0.0658,0.35632,1,DRT,31240370,면,20.32,20.51,23.2,41590-36840,559.1,126.69488,37.14548
다사2806,pm,0.19132,0.194594,-0.5114,-0.5692,0.0444,mid,0.0,3,1,1,0.1848,2.23,69.0,552.0,0.2609,서신면,0.0444,0.0577,0.31932,1,NEW_STOP,31240370,면,19.13,19.46,17.2,41590-55209,489.1,126.69479,37.1545
다사2807,pm,0.223813,0.111312,-0.387,-0.866,0.4082,drt,0.0,4,2,1,0.05,1.147,223.0,89.0,0.4036,서신면,0.4082,0.479,0.44745,2,DRT,31240370,면,22.38,11.13,55.8,41590-60102,570.7,126.69469,37.16351
다사2808,pm,0.417115,0.749272,0.3534,1.4077,-1.0543,ok,0.0,1,3,4,0.9102,64.496,340.0,449.0,0.2647,서신면,-1.0543,-1.0543,0.4946,3,ADD_FREQ,31240370,면,41.71,74.93,85.0,41590-37031,53.9,126.6946,37.17252
다사2809,pm,0.233309,0.348381,-0.3506,-0.0211,-0.2886,mid,0.0,2,2,2,0.288,7.767,183.0,85.0,0.3825,서신면,-0.2886,-0.3296,0.41749,2,NEW_STOP,31240370,면,23.33,34.84,45.8,41590-36491,427.2,126.6945,37.18154
다사2810,pm,0.250043,0.292931,-0.2865,-0.2187,-0.0621,mid,0.0,3,2,2,0.6368,2.203,143.0,106.0,0.4895,서신면,-0.0621,-0.0679,0.3942,2,ADD_FREQ,31240370,면,25.0,29.29,35.8,41590-37371,217.9,126.69441,37.19055
다사2811,pm,0.218862,0.185428,-0.406,-0.6018,0.1645,drt,0.0,3,2,1,0.4242,1.017,120.0,149.0,0.3,서신면,0.1645,0.1959,0.38458,2,NEW_STOP,31240370,면,21.89,18.54,30.0,41590-37923,345.5,126.69431,37.19956
다사2812,pm,0.110752,0.011,-0.82,-1.2235,0.2177,mid,0.0,3,0,0,0.05,0.0,33.0,262.0,0.0,송산면,0.2177,0.4034,0.2215,0,DRT,31240360,면,11.08,1.1,8.2,41590-37362,1121.4,126.69421,37.20858
다사2813,pm,0.306969,0.296527,-0.0685,-0.2059,0.1374,mid,0.0,3,2,2,0.2392,5.41,392.0,1359.0,0.0918,송산면,0.1374,0.1374,0.53254,3,NEW_STOP,31240360,면,30.7,29.65,98.0,41590-36496,456.5,126.69412,37.21759
다사2814,pm,0.306,0.427558,-0.0722,0.2611,-0.3333,mid,0.0,2,2,2,0.2108,17.236,191.0,376.0,0.3403,송산면,-0.3333,-0.3333,0.43098,2,NEW_STOP,31240360,면,30.6,42.76,47.8,41590-55197,473.5,126.69402,37.2266
다사2815,pm,0.226918,0.28864,-0.3751,-0.234,-0.1214,mid,0.0,3,2,2,0.0847,6.82,118.0,123.0,0.4576,송산면,-0.1214,-0.1411,0.38101,2,DRT,31240360,면,22.69,28.86,29.5,41590-55862,549.2,126.69393,37.23562
다사2816,pm,0.191031,0.290749,-0.5126,-0.2265,-0.22,mid,0.0,3,1,2,0.1657,5.938,73.0,11.0,0.5068,송산면,-0.22,-0.2861,0.3167,1,NEW_STOP,31240360,면,19.1,29.07,18.2,41590-60065,500.6,126.69383,37.24463
다사2817,pm,0.328539,0.548717,0.0141,0.6929,-0.6788,mid,0.0,2,3,3,0.7765,16.785,317.0,28.0,0.3407,송산면,-0.6788,-0.6788,0.48797,3,ADD_FREQ,31240360,면,32.85,54.87,79.2,41590-60062,134.1,126.69373,37.25364
다사2818,pm,0.0,0.011,-1.2442,-1.2235,-0.0,mid,0.0,3,0,0,0.05,0.0,0.0,0.0,0.0,송산면,-0.0,-0.0208,0.0,0,DRT,31240360,면,0.0,1.1,0.0,41590-60062,1064.8,126.69364,37.26266
다사2819,pm,0.0,0.011,-1.2442,-1.2235,-0.0,mid,0.0,3,0,0,0.05,0.0,0.0,0.0,0.0,송산면,-0.0,-0.0208,0.0,0,DRT,31240360,면,0.0,1.1,0.0,41590-60062,2061.0,126.69354,37.27167
다사2903,pm,0.046119,0.011,-1.0676,-1.2235,0.0476,mid,0.0,3,0,0,0.05,0.0,5.0,0.0,1.0,서신면,0.0476,0.1559,0.09224,0,DRT,31240370,면,4.61,1.1,1.2,41590-55216,1054.4,126.70633,37.12753
다사2904,pm,0.264576,0.366009,-0.2309,0.0418,-0.2591,mid,0.0,2,2,2,0.2742,9.262,158.0,38.0,0.443,서신면,-0.2591,-0.2726,0.40878,2,NEW_STOP,31240370,면,26.46,36.6,39.5,41590-36765,435.5,126.70624,37.13655
다사2905,pm,0.246248,0.413685,-0.3011,0.2117,-0.465,mid,0.0,2,2,2,0.6105,7.398,173.0,32.0,0.4162,서신면,-0.465,-0.5128,0.41142,2,ADD_FREQ,31240370,면,24.62,41.37,43.2,41590-55138,233.7,126.70614,37.14556
다사2906,pm,0.240333,0.465038,-0.3237,0.3947,-0.6413,over,0.0,2,2,3,0.5998,11.642,118.0,77.0,0.4407,서신면,-0.6413,-0.7184,0.36407,1,ADD_FREQ,31240370,면,24.03,46.5,29.5,41590-55222,240.1,126.70605,37.15457
다사2907,pm,0.500681,0.645414,0.6735,1.0376,-0.3641,ok,0.0,2,4,4,0.7335,38.923,461.0,460.0,0.2668,서신면,-0.3641,-0.3641,0.53918,3,ADD_FREQ,31240370,면,50.07,64.54,115.2,41590-55214,159.9,126.70595,37.16359
다사2908,pm,0.60149,0.76643,1.0596,1.4689,-0.4093,ok,0.0,2,4,4,0.8543,80.961,945.0,270.0,0.2392,서신면,-0.4093,-0.4093,0.64043,4,ADD_FREQ,31240370,면,60.15,76.64,236.2,41590-36495,87.4,126.70586,37.1726
다사2909,pm,0.417703,0.714128,0.3556,1.2825,-0.9268,ok,0.0,1,3,4,0.7902,60.276,200.0,174.0,0.325,서신면,-0.9268,-0.9268,0.42528,2,ADD_FREQ,31240370,면,41.77,71.41,50.0,41590-37048,125.9,126.70577,37.18161
다사2910,pm,0.219027,0.282499,-0.4053,-0.2559,-0.1256,mid,0.0,3,2,2,0.05,6.909,104.0,138.0,0.375,서신면,-0.1256,-0.1495,0.35353,1,DRT,31240370,면,21.9,28.25,26.0,41590-37061,699.3,126.70567,37.19063
다사2911,pm,0.211336,0.438729,-0.4348,0.3009,-0.6041,over,0.0,2,1,3,0.751,7.031,118.0,85.0,0.5508,송산면,-0.6041,-0.7357,0.36511,1,ADD_FREQ,31240360,면,21.13,43.87,29.5,41590-37455,149.4,126.70558,37.19964
다사2912,pm,0.159325,0.01437,-0.634,-1.2115,0.3946,mid,0.0,4,1,1,0.05,0.026,68.0,147.0,0.4559,송산면,0.3946,0.5775,0.31641,1,DRT,31240360,면,15.93,1.44,17.0,41590-37364,775.8,126.70548,37.20865
다사2913,pm,0.20448,0.107779,-0.461,-0.8786,0.3356,drt,0.0,4,1,1,0.05,1.09,148.0,131.0,0.3514,송산면,0.3356,0.4175,0.39352,2,DRT,31240360,면,20.45,10.78,37.0,41590-55203,702.7,126.70539,37.21767
다사2914,pm,0.304372,0.518473,-0.0784,0.5852,-0.6636,mid,0.0,2,2,3,0.523,20.602,223.0,184.0,0.2466,송산면,-0.6636,-0.6636,0.44161,2,ADD_FREQ,31240360,면,30.44,51.85,55.8,41590-37046,286.2,126.70529,37.22668
다사2915,pm,0.193155,0.390129,-0.5044,0.1277,-0.4896,mid,0.0,2,1,2,0.4983,7.47,78.0,32.0,0.5641,송산면,-0.4896,-0.6322,0.32371,1,NEW_STOP,31240360,면,19.32,39.01,19.5,41590-60003,301.0,126.7052,37.23569
다사2916,pm,0.229703,0.33803,-0.3644,-0.0579,-0.2657,mid,0.0,2,2,2,0.2525,7.599,118.0,19.0,0.4407,송산면,-0.2657,-0.3065,0.36911,1,NEW_STOP,31240360,면,22.97,33.8,29.5,41590-60005,448.5,126.7051,37.24471
다사2917,pm,0.179909,0.011,-0.5552,-1.2235,0.4942,drt,0.0,4,1,0,0.05,0.0,113.0,3.0,0.3717,송산면,0.4942,0.6683,0.35982,1,DRT,31240360,면,17.99,1.1,28.2,41590-60077,924.9,126.70501,37.25372
다사2918,pm,0.02844,0.011,-1.1353,-1.2235,0.0197,mid,0.0,3,0,0,0.05,0.0,5.0,0.0,0.0,송산면,0.0197,0.0882,0.05688,0,DRT,31240360,면,2.84,1.1,1.2,41590-60061,1530.2,126.70491,37.26273
다사2919,pm,0.0,0.011,-1.2442,-1.2235,-0.0,mid,0.0,3,0,0,0.05,0.0,0.0,0.0,0.0,송산면,-0.0,-0.0208,0.0,0,DRT,31240360,면,0.0,1.1,0.0,41590-60062,2343.7,126.70482,37.27175
다사3003,pm,0.0,0.011,-1.2442,-1.2235,-0.0,mid,0.0,3,0,0,0.05,0.0,0.0,0.0,0.0,서신면,-0.0,-0.0208,0.0,0,DRT,31240370,면,0.0,1.1,0.0,41590-55218,1821.3,126.71759,37.12761
다사3004,pm,0.073706,0.011,-0.9619,-1.2235,0.1083,mid,0.0,3,0,0,0.05,0.0,18.0,3.0,0.5556,서신면,0.1083,0.2615,0.14741,0,DRT,31240370,면,7.37,1.1,4.5,41590-36765,1172.7,126.7175,37.13662
다사3005,pm,0.15857,0.024583,-0.6369,-1.1751,0.3666,mid,0.0,4,1,1,0.05,0.109,73.0,61.0,0.5068,서신면,0.3666,0.5382,0.31714,1,DRT,31240370,면,15.86,2.46,18.2,41590-37577,598.8,126.7174,37.14564
다사3006,pm,0.159618,0.33979,-0.6329,-0.0517,-0.3976,mid,0.0,2,1,2,0.641,3.545,73.0,14.0,0.6027,서신면,-0.3976,-0.5812,0.31192,1,ADD_FREQ,31240370,면,15.96,33.98,18.2,41590-37577,215.4,126.71731,37.15465
다사3007,pm,0.208564,0.04653,-0.4454,-1.0969,0.5303,drt,0.0,4,1,1,0.2115,0.0,186.0,348.0,0.2204,서신면,0.5303,0.6515,0.41713,2,NEW_STOP,31240370,면,20.86,4.65,46.5,41590-37931,473.1,126.71722,37.16366
다사3008,pm,0.185357,0.011,-0.5343,-1.2235,0.5197,drt,0.0,4,1,0,0.05,0.0,123.0,11.0,0.3821,서신면,0.5197,0.6892,0.37071,1,DRT,31240370,면,18.54,1.1,30.8,41590-37398,754.5,126.71712,37.17268
다사3009,pm,0.258067,0.209568,-0.2558,-0.5158,0.2431,mid,0.0,3,2,1,0.05,3.538,175.0,344.0,0.28,마도면,0.2431,0.26,0.41856,2,DRT,31240350,면,25.81,20.96,43.8,41590-55360,574.8,126.71703,37.18169
다사3010,pm,0.300514,0.612362,-0.0932,0.9198,-1.013,mid,0.0,1,2,4,0.5765,39.378,103.0,200.0,0.4272,서신면,-1.013,-1.013,0.37552,1,ADD_FREQ,31240370,면,30.05,61.24,25.8,41590-36767,254.1,126.71694,37.1907
다사3011,pm,0.365192,0.463197,0.1545,0.3881,-0.2336,mid,0.0,3,3,3,0.2557,21.192,173.0,60.0,0.4624,송산면,-0.2336,-0.2336,0.4132,2,NEW_STOP,31240360,면,36.52,46.32,43.2,41590-36357,446.6,126.71684,37.19972
다사3012,pm,0.232805,0.300801,-0.3526,-0.1906,-0.1416,mid,0.0,3,2,2,0.5788,2.748,226.0,247.0,0.3319,송산면,-0.1416,-0.1619,0.4478,2,ADD_FREQ,31240360,면,23.28,30.08,56.5,41590-37366,252.7,126.71675,37.20873
다사3013,pm,0.22815,0.505189,-0.3704,0.5378,-0.7838,over,0.0,1,2,3,0.9005,9.371,170.0,548.0,0.1824,송산면,-0.7838,-0.9082,0.41561,2,ADD_FREQ,31240360,면,22.81,50.52,42.5,41590-55204,59.7,126.71666,37.21774
다사3014,pm,0.210639,0.292919,-0.4375,-0.2187,-0.1792,mid,0.0,3,1,2,0.61,2.35,173.0,193.0,0.3468,송산면,-0.1792,-0.2187,0.40969,2,ADD_FREQ,31240360,면,21.06,29.29,43.2,41590-60002,234.0,126.71657,37.22676
다사3015,pm,0.1506,0.011,-0.6674,-1.2235,0.3663,mid,0.0,4,1,0,0.05,0.0,58.0,5.0,0.5345,송산면,0.3663,0.5561,0.3012,1,DRT,31240360,면,15.06,1.1,14.5,41590-37608,803.2,126.71647,37.23577
다사3016,pm,0.189853,0.011,-0.5171,-1.2235,0.541,drt,0.0,4,1,0,0.05,0.0,128.0,5.0,0.4688,송산면,0.541,0.7064,0.37971,2,DRT,31240360,면,18.99,1.1,32.0,41590-60005,1325.9,126.71638,37.24478
다사3017,pm,0.175339,0.011,-0.5727,-1.2235,0.4733,drt,0.0,4,1,0,0.05,0.0,98.0,5.0,0.5306,송산면,0.4733,0.6508,0.35068,1,DRT,31240360,면,17.53,1.1,24.5,41590-60060,1731.4,126.71629,37.25379
다사3018,pm,0.0,0.011,-1.2442,-1.2235,-0.0,mid,0.0,3,0,0,0.05,0.0,0.0,0.0,0.0,송산면,-0.0,-0.0208,0.0,0,DRT,31240360,면,0.0,1.1,0.0,41590-60061,2301.3,126.71619,37.26281
다사3019,pm,0.0,0.011,-1.2442,-1.2235,-0.0,mid,0.0,3,0,0,0.05,0.0,0.0,0.0,0.0,송산면,-0.0,-0.0208,0.0,0,DRT,31240360,면,0.0,1.1,0.0,41590-60061,2941.7,126.7161,37.27182
다사3100,pm,0.0,0.011131,-1.2442,-1.223,-0.0,mid,0.0,3,0,1,0.05,0.001,0.0,0.0,0.0,우정읍,-0.0,-0.0212,0.0,0,DRT,31240130,읍,0.0,1.11,0.0,41590-36991,1914.5,126.72912,37.10064
다사3101,pm,0.0,0.011,-1.2442,-1.2235,-0.0,mid,0.0,3,0,0,0.05,0.0,0.0,0.0,0.0,우정읍,-0.0,-0.0208,0.0,0,DRT,31240130,읍,0.0,1.1,0.0,41590-37220,2751.6,126.72903,37.10966
다사3102,pm,0.0,0.011,-1.2442,-1.2235,-0.0,mid,0.0,3,0,0,0.05,0.0,0.0,0.0,0.0,우정읍,-0.0,-0.0208,0.0,0,DRT,31240130,읍,0.0,1.1,0.0,41590-55218,3230.3,126.72894,37.11867
다사3104,pm,0.136388,0.011,-0.7218,-1.2235,0.3099,mid,0.0,4,1,0,0.05,0.0,38.0,5.0,0.5263,서신면,0.3099,0.5016,0.27278,1,DRT,31240370,면,13.64,1.1,9.5,41590-37577,1998.6,126.72875,37.1367
다사3105,pm,0.076824,0.011,-0.95,-1.2235,0.1163,mid,0.0,3,0,0,0.05,0.0,13.0,0.0,0.3846,서신면,0.1163,0.2735,0.15365,0,DRT,31240370,면,7.68,1.1,3.2,41590-60009,1210.0,126.72866,37.14571
다사3106,pm,0.237301,0.320012,-0.3353,-0.1222,-0.1887,mid,0.0,3,2,2,0.4033,4.822,234.0,84.0,0.5684,서신면,-0.1887,-0.2132,0.452,2,NEW_STOP,31240370,면,23.73,32.0,58.5,41590-60079,358.0,126.72857,37.15472
다사3107,pm,0.181954,0.358617,-0.5473,0.0154,-0.4192,mid,0.0,2,1,2,0.4925,5.728,108.0,43.0,0.4537,서신면,-0.4192,-0.5627,0.35676,1,NEW_STOP,31240370,면,18.2,35.86,27.0,41590-37635,304.5,126.72848,37.16374
다사3108,pm,0.170697,0.011,-0.5904,-1.2235,0.4524,drt,0.0,4,1,0,0.05,0.0,88.0,8.0,0.3864,서신면,0.4524,0.633,0.34139,1,DRT,31240370,면,17.07,1.1,22.0,41590-37824,928.3,126.72839,37.17275
다사3109,pm,0.181982,0.011,-0.5472,-1.2235,0.5039,drt,0.0,4,1,0,0.05,0.0,97.0,214.0,0.1856,마도면,0.5039,0.6763,0.36396,1,DRT,31240350,면,18.2,1.1,24.2,41590-55360,1518.1,126.7283,37.18176
다사3110,pm,0.195171,0.011,-0.4967,-1.2235,0.5667,drt,0.0,4,1,0,0.05,0.0,123.0,65.0,0.374,마도면,0.5667,0.7268,0.39034,2,DRT,31240350,면,19.52,1.1,30.8,41590-36357,969.4,126.7282,37.19078
다사3111,pm,0.477155,0.476758,0.5834,0.4365,0.1469,ok,0.0,3,3,3,0.2238,24.955,778.0,204.0,0.1594,마도면,0.1469,0.1469,0.61407,4,NEW_STOP,31240350,면,47.72,47.68,194.5,41590-37069,465.7,126.72811,37.19979
다사3112,pm,0.577961,0.776755,0.9695,1.5057,-0.5362,ok,0.0,2,4,4,0.8807,83.839,443.0,558.0,0.2257,송산면,-0.5362,-0.5362,0.53413,3,ADD_FREQ,31240360,면,57.8,77.68,110.8,41590-37370,71.6,126.72802,37.2088
다사3113,pm,0.59113,0.464943,1.0199,0.3944,0.6255,ok,0.0,4,4,3,0.423,15.99,1377.0,526.0,0.2012,송산면,0.6255,0.6255,0.69345,4,NEW_STOP,31240360,면,59.11,46.49,344.2,41590-55206,346.2,126.72793,37.21782
다사3114,pm,0.237758,0.579629,-0.3336,0.8031,-1.0076,over,0.0,1,2,3,0.9545,15.702,219.0,642.0,0.2237,송산면,-1.0076,-1.1367,0.45537,2,ADD_FREQ,31240360,면,23.78,57.96,54.8,41590-60074,27.3,126.72784,37.22683
다사3115,pm,0.283316,0.506574,-0.1591,0.5427,-0.6972,mid,0.0,2,2,3,0.5953,16.478,244.0,90.0,0.3279,송산면,-0.6972,-0.7018,0.45673,3,ADD_FREQ,31240360,면,28.33,50.66,61.0,41590-37079,242.8,126.72774,37.23584
다사3116,pm,0.027023,0.011,-1.1407,-1.2235,0.0178,mid,0.0,3,0,0,0.05,0.0,5.0,0.0,0.0,송산면,0.0178,0.0827,0.05405,0,DRT,31240360,면,2.7,1.1,1.2,41590-37401,1121.6,126.72765,37.24486
다사3117,pm,0.06427,0.011,-0.9981,-1.2235,0.0854,mid,0.0,3,0,0,0.05,0.0,8.0,0.0,0.625,송산면,0.0854,0.2254,0.12854,0,DRT,31240360,면,6.43,1.1,2.0,41590-37401,1604.0,126.72756,37.25387
다사3118,pm,0.0,0.011,-1.2442,-1.2235,-0.0,mid,0.0,3,0,0,0.05,0.0,0.0,0.0,0.0,송산면,-0.0,-0.0208,0.0,0,DRT,31240360,면,0.0,1.1,0.0,41590-37096,2274.6,126.72747,37.26288
다사3119,pm,0.0,0.011,-1.2442,-1.2235,-0.0,mid,0.0,3,0,0,0.05,0.0,0.0,0.0,0.0,송산면,-0.0,-0.0208,0.0,0,DRT,31240360,면,0.0,1.1,0.0,41590-37096,3062.5,126.72738,37.2719
다사3121,pm,0.0,0.011,-1.2442,-1.2235,-0.0,mid,0.0,3,0,0,0.05,0.0,0.0,0.0,0.0,송산면,-0.0,-0.0208,0.0,0,DRT,31240360,면,0.0,1.1,0.0,41590-37096,4876.6,126.72719,37.28992
다사3200,pm,0.0,0.011,-1.2442,-1.2235,-0.0,mid,0.0,3,0,0,0.05,0.0,0.0,0.0,0.0,우정읍,-0.0,-0.0208,0.0,0,DRT,31240130,읍,0.0,1.1,0.0,41590-36991,2598.5,126.74037,37.10071
다사3201,pm,0.0,0.011,-1.2442,-1.2235,-0.0,mid,0.0,3,0,0,0.05,0.0,0.0,0.0,0.0,우정읍,-0.0,-0.0208,0.0,0,DRT,31240130,읍,0.0,1.1,0.0,41590-36866,2943.3,126.74028,37.10973
다사3202,pm,0.0,0.011,-1.2442,-1.2235,-0.0,mid,0.0,3,0,0,0.05,0.0,0.0,0.0,0.0,우정읍,-0.0,-0.0208,0.0,0,DRT,31240130,읍,0.0,1.1,0.0,41590-36866,2837.2,126.74019,37.11874
다사3203,pm,0.0,0.011,-1.2442,-1.2235,-0.0,mid,0.0,3,0,0,0.05,0.0,0.0,0.0,0.0,우정읍,-0.0,-0.0208,0.0,0,DRT,31240130,읍,0.0,1.1,0.0,41590-36866,3072.0,126.7401,37.12776
다사3206,pm,0.113447,0.011,-0.8097,-1.2235,0.2267,mid,0.0,3,0,0,0.05,0.0,38.0,11.0,0.2105,서신면,0.2267,0.4138,0.22689,0,DRT,31240370,면,11.34,1.1,9.5,41590-60079,1089.7,126.73983,37.1548
다사3207,pm,0.17755,0.106957,-0.5642,-0.8815,0.2326,drt,0.0,3,1,1,0.4862,0.0,113.0,325.0,0.3274,서신면,0.2326,0.3173,0.3551,1,NEW_STOP,31240370,면,17.75,10.7,28.2,41590-37635,308.3,126.73974,37.16381
다사3208,pm,0.190505,0.011,-0.5146,-1.2235,0.5441,drt,0.0,4,1,0,0.05,0.0,133.0,77.0,0.3534,마도면,0.5441,0.7089,0.38101,2,DRT,31240350,면,19.05,1.1,33.2,41590-37635,608.2,126.73965,37.17282
다사3209,pm,0.174295,0.011,-0.5767,-1.2235,0.4686,drt,0.0,4,1,0,0.05,0.0,103.0,40.0,0.4078,마도면,0.4686,0.6468,0.34859,1,DRT,31240350,면,17.43,1.1,25.8,41590-55456,895.0,126.73956,37.18184
다사3210,pm,0.247777,0.42631,-0.2952,0.2567,-0.5025,mid,0.0,2,2,2,0.5255,9.661,234.0,417.0,0.2735,마도면,-0.5025,-0.5519,0.45597,3,ADD_FREQ,31240350,면,24.78,42.63,58.5,41590-55456,284.7,126.73947,37.19085
다사3211,pm,0.182062,0.34158,-0.5469,-0.0453,-0.3738,mid,0.0,2,1,2,0.05,11.404,113.0,56.0,0.5044,마도면,-0.3738,-0.5016,0.34964,1,DRT,31240350,면,18.21,34.16,28.2,41590-55458,591.9,126.73938,37.19986
다사3212,pm,0.627547,0.543277,1.1594,0.6736,0.4858,ok,0.0,4,4,3,0.2868,37.763,555.0,626.0,0.2216,송산면,0.4858,0.4858,0.56852,3,NEW_STOP,31240360,면,62.75,54.33,138.8,41590-37088,427.9,126.73929,37.20888
다사3213,pm,0.70268,0.4814,1.4472,0.453,0.9941,need,1.59898,5,4,3,0.2635,24.16,2788.0,651.0,0.2156,송산면,0.9941,0.9941,0.79201,4,NEW_STOP,31240360,면,70.27,48.14,697.0,41590-37089,441.9,126.7392,37.21789
다사3214,pm,0.161428,0.106453,-0.6259,-0.8833,0.1774,mid,0.0,3,1,1,0.05,1.069,68.0,89.0,0.3382,송산면,0.1774,0.2573,0.31772,1,DRT,31240360,면,16.14,10.65,17.0,41590-36746,631.3,126.73911,37.2269
다사3215,pm,0.276557,0.446849,-0.185,0.3299,-0.5035,mid,0.0,2,2,3,0.5727,10.519,249.0,226.0,0.3614,송산면,-0.5035,-0.5149,0.45904,3,ADD_FREQ,31240360,면,27.66,44.68,62.2,41590-60052,256.4,126.73902,37.23592
다사3216,pm,0.230812,0.426137,-0.3602,0.2561,-0.5359,mid,0.0,2,2,2,0.6797,7.223,133.0,16.0,0.4511,송산면,-0.5359,-0.6163,0.38709,2,ADD_FREQ,31240360,면,23.08,42.61,33.2,41590-37401,192.2,126.73893,37.24493
다사3217,pm,0.0,0.011,-1.2442,-1.2235,-0.0,mid,0.0,3,0,0,0.05,0.0,0.0,0.0,0.0,송산면,-0.0,-0.0208,0.0,0,DRT,31240360,면,0.0,1.1,0.0,41590-37096,860.3,126.73884,37.25394
다사3218,pm,0.0,0.011,-1.2442,-1.2235,-0.0,mid,0.0,3,0,0,0.05,0.0,0.0,0.0,0.0,송산면,-0.0,-0.0208,0.0,0,DRT,31240360,면,0.0,1.1,0.0,41590-37096,1716.0,126.73875,37.26296
다사3219,pm,0.0,0.011,-1.2442,-1.2235,-0.0,mid,0.0,3,0,0,0.05,0.0,0.0,0.0,0.0,송산면,-0.0,-0.0208,0.0,0,DRT,31240360,면,0.0,1.1,0.0,41590-37096,2673.5,126.73865,37.27197
다사3220,pm,0.04277,0.011,-1.0804,-1.2235,0.0416,mid,0.0,3,0,0,0.05,0.0,8.0,3.0,0.0,송산면,0.0416,0.1431,0.08554,0,DRT,31240360,면,4.28,1.1,2.0,41590-37096,3653.4,126.73856,37.28098
다사3221,pm,0.0,0.011,-1.2442,-1.2235,-0.0,mid,0.0,3,0,0,0.05,0.0,0.0,0.0,0.0,송산면,-0.0,-0.0208,0.0,0,DRT,31240360,면,0.0,1.1,0.0,41590-37096,4641.8,126.73847,37.28999
다사3300,pm,0.0,0.011,-1.2442,-1.2235,-0.0,mid,0.0,3,0,0,0.05,0.0,0.0,0.0,0.0,우정읍,-0.0,-0.0208,0.0,0,DRT,31240130,읍,0.0,1.1,0.0,41590-36967,2308.2,126.75162,37.10079
다사3301,pm,0.0,0.011,-1.2442,-1.2235,-0.0,mid,0.0,3,0,0,0.05,0.0,0.0,0.0,0.0,우정읍,-0.0,-0.0208,0.0,0,DRT,31240130,읍,0.0,1.1,0.0,41590-36866,2000.0,126.75154,37.1098
다사3302,pm,0.0,0.011,-1.2442,-1.2235,-0.0,mid,0.0,3,0,0,0.05,0.0,0.0,0.0,0.0,우정읍,-0.0,-0.0208,0.0,0,DRT,31240130,읍,0.0,1.1,0.0,41590-36866,1840.3,126.75145,37.11881
다사3303,pm,0.0,0.011,-1.2442,-1.2235,-0.0,mid,0.0,3,0,0,0.05,0.0,0.0,0.0,0.0,우정읍,-0.0,-0.0208,0.0,0,DRT,31240130,읍,0.0,1.1,0.0,41590-36866,2185.1,126.75136,37.12783
다사3304,pm,0.0,0.011,-1.2442,-1.2235,-0.0,mid,0.0,3,0,0,0.05,0.0,0.0,0.0,0.0,우정읍,-0.0,-0.0208,0.0,0,DRT,31240130,읍,0.0,1.1,0.0,41590-36866,2856.7,126.75127,37.13684
다사3305,pm,0.0,0.011,-1.2442,-1.2235,-0.0,mid,0.0,3,0,0,0.05,0.0,0.0,0.0,0.0,남양읍,-0.0,-0.0208,0.0,0,DRT,31240150,읍,0.0,1.1,0.0,41590-60079,2441.6,126.75118,37.14585
다사3308,pm,0.179585,0.076303,-0.5564,-0.9907,0.3208,drt,0.0,4,1,1,0.3468,0.0,116.0,261.0,0.319,마도면,0.3208,0.4343,0.35917,1,NEW_STOP,31240350,면,17.96,7.63,29.0,41590-60025,391.9,126.75091,37.17289
다사3309,pm,0.198339,0.342348,-0.4846,-0.0426,-0.3483,mid,0.0,2,1,2,0.4298,5.602,118.0,28.0,0.3559,마도면,-0.3483,-0.442,0.36779,1,NEW_STOP,31240350,면,19.83,34.23,29.5,41590-36972,342.1,126.75083,37.18191
다사3310,pm,0.224542,0.256645,-0.3842,-0.348,-0.0309,mid,0.0,3,2,2,0.7287,1.083,223.0,624.0,0.1749,마도면,-0.0309,-0.0362,0.44412,2,ADD_FREQ,31240350,면,22.45,25.66,55.8,41590-55456,162.8,126.75074,37.19092
다사3311,pm,0.224994,0.445718,-0.3825,0.3259,-0.6058,over,0.0,2,2,3,0.2682,18.023,193.0,185.0,0.2694,마도면,-0.6058,-0.7083,0.43124,2,NEW_STOP,31240350,면,22.5,44.57,48.2,41590-55457,439.1,126.75065,37.19993
다사3312,pm,0.335541,0.484302,0.0409,0.4634,-0.4224,mid,0.0,2,3,3,0.352,21.177,163.0,228.0,0.2577,마도면,-0.4224,-0.4224,0.40453,2,NEW_STOP,31240350,면,33.55,48.43,40.8,41590-37098,388.8,126.75056,37.20895
다사3313,pm,0.217554,0.189854,-0.411,-0.586,0.1465,drt,0.0,3,2,1,0.5345,0.734,180.0,12.0,0.4611,송산면,0.1465,0.1751,0.41699,2,ADD_FREQ,31240360,면,21.76,18.99,45.0,41590-37095,279.3,126.75047,37.21796
다사3314,pm,0.16554,0.29264,-0.6102,-0.2197,-0.2736,mid,0.0,2,1,2,0.1235,6.554,58.0,11.0,0.4483,송산면,-0.2736,-0.3905,0.30651,1,DRT,31240360,면,16.55,29.26,14.5,41590-36743,525.9,126.75038,37.22697
다사3315,pm,0.179813,0.295817,-0.5555,-0.2084,-0.2566,mid,0.0,2,1,2,0.1733,6.119,89.0,27.0,0.4157,송산면,-0.2566,-0.3471,0.34213,1,NEW_STOP,31240360,면,17.98,29.58,22.2,41590-37093,496.0,126.75029,37.23599
다사3316,pm,0.241509,0.231072,-0.3192,-0.4391,0.1074,mid,0.0,3,2,1,0.1633,3.421,198.0,11.0,0.4293,송산면,0.1074,0.1199,0.42261,2,NEW_STOP,31240360,면,24.15,23.11,49.5,41590-37090,502.0,126.7502,37.245
다사3317,pm,0.139493,0.068621,-0.71,-1.0181,0.1932,mid,0.0,3,1,1,0.05,0.551,33.0,0.0,0.697,송산면,0.1932,0.3082,0.26578,1,DRT,31240360,면,13.95,6.86,8.2,41590-37096,713.1,126.75011,37.25401
다사3318,pm,0.0,0.011,-1.2442,-1.2235,-0.0,mid,0.0,3,0,0,0.05,0.0,0.0,0.0,0.0,송산면,-0.0,-0.0208,0.0,0,DRT,31240360,면,0.0,1.1,0.0,41590-37096,1647.0,126.75002,37.26303
다사3319,pm,0.0,0.011,-1.2442,-1.2235,-0.0,mid,0.0,3,0,0,0.05,0.0,0.0,0.0,0.0,송산면,-0.0,-0.0208,0.0,0,DRT,31240360,면,0.0,1.1,0.0,41590-37096,2629.4,126.74993,37.27204
다사3320,pm,0.0,0.011,-1.2442,-1.2235,-0.0,mid,0.0,3,0,0,0.05,0.0,0.0,0.0,0.0,송산면,-0.0,-0.0208,0.0,0,DRT,31240360,면,0.0,1.1,0.0,41590-37096,3621.3,126.74984,37.28105
다사3400,pm,0.0,0.011,-1.2442,-1.2235,-0.0,mid,0.0,3,0,0,0.05,0.0,0.0,3.0,0.0,우정읍,-0.0,-0.0208,0.0,0,DRT,31240130,읍,0.0,1.1,0.0,41590-36967,1353.2,126.76288,37.10086
다사3401,pm,0.077756,0.011,-0.9464,-1.2235,0.1188,mid,0.0,3,0,0,0.05,0.0,13.0,12.0,0.0,우정읍,0.1188,0.2771,0.15551,0,DRT,31240130,읍,7.78,1.1,3.2,41590-36866,1157.9,126.76279,37.10987
다사3402,pm,0.123177,0.011,-0.7724,-1.2235,0.2607,mid,0.0,4,0,0,0.05,0.0,48.0,3.0,0.2708,우정읍,0.2607,0.451,0.24635,1,DRT,31240130,읍,12.32,1.1,12.0,41590-36866,852.8,126.7627,37.11888
다사3403,pm,0.0,0.011,-1.2442,-1.2235,-0.0,mid,0.0,3,0,0,0.05,0.0,0.0,0.0,0.0,우정읍,-0.0,-0.0208,0.0,0,DRT,31240130,읍,0.0,1.1,0.0,41590-36866,1453.8,126.76262,37.1279
다사3404,pm,0.0,0.011,-1.2442,-1.2235,-0.0,mid,0.0,3,0,0,0.05,0.0,0.0,0.0,0.0,우정읍,-0.0,-0.0208,0.0,0,DRT,31240130,읍,0.0,1.1,0.0,41590-36865,2276.9,126.76253,37.13691
다사3405,pm,0.0,0.011,-1.2442,-1.2235,-0.0,mid,0.0,3,0,0,0.05,0.0,0.0,0.0,0.0,남양읍,-0.0,-0.0208,0.0,0,DRT,31240150,읍,0.0,1.1,0.0,41590-60023,2953.7,126.76244,37.14592
다사3407,pm,0.092522,0.011,-0.8899,-1.2235,0.1601,mid,0.0,3,0,0,0.05,0.0,29.0,441.0,0.0,마도면,0.1601,0.3336,0.18504,0,DRT,31240350,면,9.25,1.1,7.2,41590-60023,979.0,126.76227,37.16395
다사3408,pm,0.43632,0.54023,0.427,0.6627,-0.2357,ok,0.0,3,3,3,0.5385,23.842,320.0,1310.0,0.1125,마도면,-0.2357,-0.2357,0.50035,3,ADD_FREQ,31240350,면,43.63,54.02,80.0,41590-60023,276.9,126.76218,37.17296
다사3409,pm,0.312985,0.658047,-0.0454,1.0826,-1.128,mid,0.0,1,3,4,0.4615,68.337,430.0,636.0,0.2279,마도면,-1.128,-1.128,0.53301,3,NEW_STOP,31240350,면,31.3,65.8,107.5,41590-55377,323.1,126.76209,37.18198
다사3410,pm,0.310998,0.606365,-0.0531,0.8984,-0.9515,mid,0.0,1,3,4,0.669,32.036,457.0,907.0,0.2232,마도면,-0.9515,-0.9515,0.54344,3,ADD_FREQ,31240350,면,31.1,60.64,114.2,41590-55371,198.6,126.762,37.19099
다사3411,pm,0.179855,0.011,-0.5554,-1.2235,0.494,drt,0.0,4,1,0,0.05,0.0,98.0,101.0,0.3469,마도면,0.494,0.6681,0.35971,1,DRT,31240350,면,17.99,1.1,24.5,41590-60109,746.1,126.76191,37.2
다사3412,pm,0.396902,0.772337,0.276,1.4899,-1.214,ok,0.0,0,3,4,0.8338,87.729,159.0,400.0,0.3019,마도면,-1.214,-1.214,0.40136,2,ADD_FREQ,31240350,면,39.69,77.23,39.8,41590-55096,99.7,126.76183,37.20902
다사3413,pm,0.168522,0.092972,-0.5988,-0.9313,0.2357,mid,0.0,3,1,1,0.38,0.074,91.0,257.0,0.4945,송산면,0.2357,0.3326,0.33497,1,NEW_STOP,31240360,면,16.85,9.3,22.8,41590-37099,372.0,126.76174,37.21803
다사3414,pm,0.160953,0.233193,-0.6278,-0.4316,-0.1349,mid,0.0,3,1,1,0.317,2.473,63.0,162.0,0.5714,송산면,-0.1349,-0.1962,0.28852,1,NEW_STOP,31240360,면,16.1,23.32,15.8,41590-37560,409.8,126.76165,37.22704
다사3415,pm,0.147591,0.018278,-0.6789,-1.1975,0.3372,mid,0.0,4,1,1,0.05,0.057,48.0,78.0,0.6875,송산면,0.3372,0.5186,0.29432,1,DRT,31240360,면,14.76,1.83,12.0,41590-37560,791.0,126.76156,37.23606
다사3416,pm,0.046842,0.011,-1.0648,-1.2235,0.0489,mid,0.0,3,0,0,0.05,0.0,13.0,3.0,0.0,송산면,0.0489,0.1587,0.09368,0,DRT,31240360,면,4.68,1.1,3.2,41590-37096,1404.4,126.76148,37.24507
다사3417,pm,0.0,0.011,-1.2442,-1.2235,-0.0,mid,0.0,3,0,0,0.05,0.0,0.0,0.0,0.0,송산면,-0.0,-0.0208,0.0,0,DRT,31240360,면,0.0,1.1,0.0,41590-37096,1506.7,126.76139,37.25408
다사3418,pm,0.0,0.011,-1.2442,-1.2235,-0.0,mid,0.0,3,0,0,0.05,0.0,0.0,0.0,0.0,송산면,-0.0,-0.0208,0.0,0,DRT,31240360,면,0.0,1.1,0.0,41590-37096,2116.9,126.7613,37.2631
다사3419,pm,0.0,0.011,-1.2442,-1.2235,-0.0,mid,0.0,3,0,0,0.05,0.0,0.0,0.0,0.0,송산면,-0.0,-0.0208,0.0,0,DRT,31240360,면,0.0,1.1,0.0,41590-37096,2946.5,126.76121,37.27211
다사3420,pm,0.0,0.011,-1.2442,-1.2235,-0.0,mid,0.0,3,0,0,0.05,0.0,0.0,0.0,0.0,송산면,-0.0,-0.0208,0.0,0,DRT,31240360,면,0.0,1.1,0.0,41590-37096,3857.6,126.76112,37.28112
다사3500,pm,0.237071,0.249807,-0.3362,-0.3724,0.032,mid,0.0,3,2,1,0.1642,4.092,223.0,29.0,0.2691,우정읍,0.032,0.0362,0.44912,2,NEW_STOP,31240130,읍,23.71,24.98,55.8,41590-36966,501.5,126.77413,37.10093
다사3501,pm,0.162825,0.147638,-0.6206,-0.7365,0.0803,mid,0.0,3,1,1,0.1085,1.567,58.0,3.0,0.3621,우정읍,0.0803,0.1159,0.29603,1,DRT,31240130,읍,16.28,14.76,14.5,41590-36967,534.9,126.77404,37.10994
다사3502,pm,0.328649,0.560511,0.0145,0.735,-0.7204,mid,0.0,1,3,3,0.8952,14.948,408.0,29.0,0.3554,우정읍,-0.7204,-0.7204,0.52133,3,ADD_FREQ,31240130,읍,32.86,56.05,102.0,41590-36865,62.9,126.77396,37.11895
다사3503,pm,0.205934,0.011,-0.4555,-1.2235,0.6201,drt,0.0,4,1,0,0.05,0.0,165.0,528.0,0.0606,우정읍,0.6201,0.768,0.41187,2,DRT,31240130,읍,20.59,1.1,41.2,41590-36865,953.3,126.77387,37.12797
다사3504,pm,0.0,0.011,-1.2442,-1.2235,-0.0,mid,0.0,3,0,0,0.05,0.0,0.0,0.0,0.0,우정읍,-0.0,-0.0208,0.0,0,DRT,31240130,읍,0.0,1.1,0.0,41590-36865,1941.0,126.77379,37.13698
다사3506,pm,0.0,0.011,-1.2442,-1.2235,-0.0,mid,0.0,3,0,0,0.05,0.0,0.0,0.0,0.0,남양읍,-0.0,-0.0208,0.0,0,DRT,31240150,읍,0.0,1.1,0.0,41590-37668,1896.2,126.77361,37.15501
다사3507,pm,0.171126,0.011,-0.5888,-1.2235,0.4543,drt,0.0,4,1,0,0.05,0.0,103.0,886.0,0.0,마도면,0.4543,0.6347,0.34225,1,DRT,31240350,면,17.11,1.1,25.8,41590-37668,897.0,126.77353,37.16402
다사3508,pm,0.49027,0.613249,0.6336,0.9229,-0.2893,ok,0.0,2,3,4,0.8575,24.385,528.0,2260.0,0.0492,마도면,-0.2893,-0.2893,0.56653,3,ADD_FREQ,31240350,면,49.03,61.32,132.0,41590-55426,85.5,126.77344,37.17303
다사3509,pm,0.236314,0.378691,-0.3391,0.087,-0.3762,mid,0.0,2,2,2,0.05,15.456,209.0,597.0,0.1722,마도면,-0.3762,-0.4261,0.44477,2,DRT,31240350,면,23.63,37.87,52.2,41590-55264,597.7,126.77336,37.18205
다사3510,pm,0.233071,0.011,-0.3515,-1.2235,0.763,drt,0.0,5,2,0,0.05,0.0,239.0,884.0,0.1088,마도면,0.763,0.8719,0.46614,3,DRT,31240350,면,23.31,1.1,59.8,41590-55265,849.1,126.77327,37.19106
다사3511,pm,0.421568,0.628026,0.3704,0.9756,-0.6051,ok,0.0,2,3,4,0.9323,24.061,794.0,248.0,0.2103,마도면,-0.6051,-0.6051,0.61683,4,ADD_FREQ,31240350,면,42.16,62.8,198.5,41590-60066,40.6,126.77318,37.20007
다사3512,pm,0.674209,0.702991,1.3381,1.2428,0.0953,ok,0.0,3,4,4,0.5782,79.303,1207.0,683.0,0.1558,마도면,0.0953,0.0953,0.67439,4,ADD_FREQ,31240350,면,67.42,70.3,301.8,41590-37105,253.1,126.7731,37.20909
다사3513,pm,0.147072,0.011,-0.6809,-1.2235,0.352,mid,0.0,4,1,0,0.05,0.0,58.0,313.0,0.0,송산면,0.352,0.5426,0.29414,1,DRT,31240360,면,14.71,1.1,14.5,41590-36609,676.0,126.77301,37.2181
다사3514,pm,0.0,0.011,-1.2442,-1.2235,-0.0,mid,0.0,3,0,0,0.05,0.0,0.0,339.0,0.0,송산면,-0.0,-0.0208,0.0,0,DRT,31240360,면,0.0,1.1,0.0,41590-37560,1075.8,126.77292,37.22711
다사3515,pm,0.0,0.011,-1.2442,-1.2235,-0.0,mid,0.0,3,0,0,0.05,0.0,0.0,0.0,0.0,송산면,-0.0,-0.0208,0.0,0,DRT,31240360,면,0.0,1.1,0.0,41590-37560,1496.9,126.77284,37.23613
다사3516,pm,0.0,0.011,-1.2442,-1.2235,-0.0,mid,0.0,3,0,0,0.05,0.0,0.0,0.0,0.0,송산면,-0.0,-0.0208,0.0,0,DRT,31240360,면,0.0,1.1,0.0,41590-60095,1364.6,126.77275,37.24514
다사3517,pm,0.0,0.011,-1.2442,-1.2235,-0.0,mid,0.0,3,0,0,0.05,0.0,0.0,0.0,0.0,송산면,-0.0,-0.0208,0.0,0,DRT,31240360,면,0.0,1.1,0.0,41590-60095,1491.9,126.77266,37.25415
다사3518,pm,0.0,0.011,-1.2442,-1.2235,-0.0,mid,0.0,3,0,0,0.05,0.0,0.0,0.0,0.0,송산면,-0.0,-0.0208,0.0,0,DRT,31240360,면,0.0,1.1,0.0,41590-60095,2142.3,126.77258,37.26317
다사3519,pm,0.0,0.011,-1.2442,-1.2235,-0.0,mid,0.0,3,0,0,0.05,0.0,0.0,0.0,0.0,송산면,-0.0,-0.0208,0.0,0,DRT,31240360,면,0.0,1.1,0.0,41590-36538,2924.5,126.77249,37.27218
다사3600,pm,0.342769,0.550353,0.0686,0.6988,-0.6301,mid,0.0,2,3,3,0.8577,14.718,384.0,28.0,0.3594,우정읍,-0.6301,-0.6301,0.51742,3,ADD_FREQ,31240130,읍,34.28,55.04,96.0,41590-36889,85.4,126.78538,37.10099
다사3601,pm,0.289482,0.251334,-0.1355,-0.3669,0.2315,mid,0.0,3,2,1,0.1023,4.714,288.0,24.0,0.2951,우정읍,0.2315,0.2315,0.48168,3,DRT,31240130,읍,28.95,25.13,72.0,41590-37829,538.6,126.7853,37.11001
다사3602,pm,0.340791,0.546891,0.0611,0.6864,-0.6254,mid,0.0,2,3,3,0.8383,14.813,418.0,88.0,0.299,우정읍,-0.6254,-0.6254,0.52977,3,ADD_FREQ,31240130,읍,34.08,54.69,104.5,41590-37451,97.0,126.78521,37.11902
다사3603,pm,0.180178,0.011,-0.5541,-1.2235,0.4955,drt,0.0,4,1,0,0.05,0.0,113.0,141.0,0.3451,우정읍,0.4955,0.6694,0.36036,1,DRT,31240130,읍,18.02,1.1,28.2,41590-36817,915.1,126.78513,37.12804
다사3604,pm,0.048618,0.011,-1.058,-1.2235,0.0523,mid,0.0,3,0,0,0.05,0.0,8.0,43.0,0.0,우정읍,0.0523,0.1655,0.09724,0,DRT,31240130,읍,4.86,1.1,2.0,41590-36862,1405.0,126.78504,37.13705
다사3606,pm,0.176198,0.011,-0.5694,-1.2235,0.4772,drt,0.0,4,1,0,0.05,0.0,98.0,9.0,0.449,남양읍,0.4772,0.6541,0.3524,1,DRT,31240150,읍,17.62,1.1,24.5,41590-60017,933.3,126.78488,37.15508
다사3608,pm,0.307689,0.365977,-0.0657,0.0417,-0.1074,mid,0.0,3,2,2,0.217,10.291,248.0,854.0,0.1048,마도면,-0.1074,-0.1074,0.46219,3,NEW_STOP,31240350,면,30.77,36.6,62.0,41590-37552,469.8,126.78471,37.1731
다사3609,pm,0.535868,0.50895,0.8082,0.5512,0.257,ok,0.0,4,4,3,0.7588,12.532,834.0,1839.0,0.0923,마도면,0.257,0.257,0.62688,4,ADD_FREQ,31240350,면,53.59,50.9,208.5,41590-37752,144.7,126.78462,37.18212
다사3610,pm,0.307728,0.295301,-0.0656,-0.2102,0.1447,mid,0.0,3,2,2,0.083,7.25,323.0,723.0,0.1703,마도면,0.1447,0.1447,0.50082,3,DRT,31240350,면,30.77,29.53,80.8,41590-37118,550.2,126.78454,37.19113
다사3611,pm,0.4377,0.48007,0.4322,0.4483,-0.016,ok,0.0,3,3,3,0.2653,23.83,379.0,679.0,0.3351,마도면,-0.016,-0.016,0.51661,3,NEW_STOP,31240350,면,43.77,48.01,94.8,41590-37114,440.8,126.78445,37.20014
다사3612,pm,0.578565,0.555104,0.9718,0.7157,0.2561,ok,0.0,4,4,3,0.3062,40.065,825.0,429.0,0.2,마도면,0.2561,0.2561,0.62173,4,NEW_STOP,31240350,면,57.86,55.51,206.2,41590-37109,416.3,126.78437,37.20916
다사3613,pm,0.295622,0.58662,-0.112,0.828,-0.94,mid,0.0,1,2,3,0.597,31.068,284.0,359.0,0.2993,마도면,-0.94,-0.94,0.47315,3,ADD_FREQ,31240350,면,29.56,58.66,71.0,41590-36567,241.8,126.78428,37.21817
다사3614,pm,0.147928,0.011,-0.6776,-1.2235,0.3554,mid,0.0,4,1,0,0.05,0.0,53.0,33.0,0.434,마도면,0.3554,0.5458,0.29586,1,DRT,31240350,면,14.79,1.1,13.2,41590-36564,859.0,126.78419,37.22718
다사3615,pm,0.029829,0.011,-1.13,-1.2235,0.0215,mid,0.0,3,0,0,0.05,0.0,5.0,0.0,0.0,남양읍,0.0215,0.0935,0.05966,0,DRT,31240150,읍,2.98,1.1,1.2,41590-60095,1357.7,126.78411,37.2362
다사3616,pm,0.061719,0.226074,-1.0078,-0.457,-0.2032,mid,0.0,3,0,1,0.2392,2.748,8.0,0.0,1.25,남양읍,-0.2032,-0.5509,0.12223,0,NEW_STOP,31240150,읍,6.17,22.61,2.0,41590-60095,456.5,126.78402,37.24521
다사3617,pm,8.7e-05,0.050788,-1.2439,-1.0817,-0.0008,mid,0.0,3,0,1,0.05,0.354,0.0,0.0,0.0,송산면,-0.0008,-0.1622,0.0,0,DRT,31240360,면,0.01,5.08,0.0,41590-60095,755.8,126.78394,37.25422
다사3618,pm,0.0,0.011,-1.2442,-1.2235,-0.0,mid,0.0,3,0,0,0.05,0.0,0.0,0.0,0.0,송산면,-0.0,-0.0208,0.0,0,DRT,31240360,면,0.0,1.1,0.0,41590-36540,1634.9,126.78385,37.26324
다사3619,pm,0.0,0.011,-1.2442,-1.2235,-0.0,mid,0.0,3,0,0,0.05,0.0,0.0,0.0,0.0,송산면,-0.0,-0.0208,0.0,0,DRT,31240360,면,0.0,1.1,0.0,41590-36538,2021.5,126.78377,37.27225
다사3620,pm,0.0,0.011,-1.2442,-1.2235,-0.0,mid,0.0,3,0,0,0.05,0.0,0.0,0.0,0.0,송산면,-0.0,-0.0208,0.0,0,DRT,31240360,면,0.0,1.1,0.0,41590-55547,2187.3,126.78368,37.28126
다사3700,pm,0.206933,0.466008,-0.4516,0.3982,-0.6883,over,0.0,2,1,3,0.845,7.445,133.0,138.0,0.3308,우정읍,-0.6883,-0.8498,0.3782,1,ADD_FREQ,31240130,읍,20.69,46.6,33.2,41590-36718,93.0,126.79664,37.10106
다사3701,pm,0.329468,0.605226,0.0177,0.8943,-0.8767,mid,0.0,1,3,4,0.7222,28.959,310.0,376.0,0.2774,우정읍,-0.8767,-0.8767,0.48574,3,ADD_FREQ,31240130,읍,32.95,60.52,77.5,41590-37826,166.7,126.79655,37.11008
다사3702,pm,0.357048,0.461075,0.1233,0.3806,-0.2573,mid,0.0,2,3,3,0.5938,11.39,356.0,213.0,0.2725,우정읍,-0.2573,-0.2573,0.50734,3,ADD_FREQ,31240130,읍,35.7,46.11,89.0,41590-36861,243.7,126.79647,37.11909
다사3703,pm,0.375305,0.495635,0.1933,0.5038,-0.3105,mid,0.0,2,3,3,0.9825,7.405,413.0,415.0,0.2397,우정읍,-0.3105,-0.3105,0.52792,3,ADD_FREQ,31240130,읍,37.53,49.56,103.2,41590-36862,10.5,126.79639,37.1281
다사3704,pm,0.168255,0.011,-0.5998,-1.2235,0.4416,mid,0.0,4,1,0,0.05,0.0,85.0,306.0,0.0588,우정읍,0.4416,0.6237,0.33651,1,DRT,31240130,읍,16.83,1.1,21.2,41590-36862,991.5,126.7963,37.13712
다사3705,pm,0.0,0.011,-1.2442,-1.2235,-0.0,mid,0.0,3,0,0,0.05,0.0,0.0,0.0,0.0,우정읍,-0.0,-0.0208,0.0,0,DRT,31240130,읍,0.0,1.1,0.0,41590-60017,864.2,126.79622,37.14613
다사3706,pm,0.185369,0.461792,-0.5342,0.3831,-0.6917,over,0.0,2,1,3,0.7353,8.828,98.0,325.0,0.3469,남양읍,-0.6917,-0.9174,0.35137,1,ADD_FREQ,31240150,읍,18.54,46.18,24.5,41590-60017,158.8,126.79614,37.15514
다사3707,pm,0.135536,0.129338,-0.7251,-0.8017,0.0471,mid,0.0,3,1,1,0.05,1.463,43.0,126.0,0.2326,남양읍,0.0471,0.0766,0.26063,1,DRT,31240150,읍,13.55,12.93,10.8,41590-37948,617.2,126.79605,37.16416
다사3708,pm,0.272128,0.510481,-0.2019,0.5567,-0.7341,mid,0.0,1,2,3,0.5795,17.49,259.0,476.0,0.1892,남양읍,-0.7341,-0.7586,0.46815,3,ADD_FREQ,31240150,읍,27.21,51.05,64.8,41590-60094,252.3,126.79597,37.17317
다사3709,pm,0.350104,0.295569,0.0967,-0.2093,0.306,mid,0.0,4,3,2,0.3982,3.875,266.0,1625.0,0.0301,남양읍,0.306,0.306,0.47174,3,NEW_STOP,31240150,읍,35.01,29.56,66.5,41590-60100,361.1,126.79589,37.18218
다사3710,pm,0.318314,0.571151,-0.025,0.7729,-0.7979,mid,0.0,1,3,3,0.606,27.077,195.0,586.0,0.1897,마도면,-0.7979,-0.7979,0.42783,2,ADD_FREQ,31240350,면,31.83,57.12,48.8,41590-37753,236.4,126.7958,37.1912
다사3711,pm,0.450569,0.528196,0.4815,0.6198,-0.1383,ok,0.0,3,3,3,0.5792,20.173,367.0,448.0,0.1608,남양읍,-0.1383,-0.1383,0.51077,3,ADD_FREQ,31240150,읍,45.06,52.82,91.8,41590-55179,252.5,126.79572,37.20021
다사3712,pm,0.417905,0.206643,0.3564,-0.5262,0.8826,need,1.25221,5,3,1,0.05,3.438,742.0,248.0,0.2156,마도면,0.8826,0.8826,0.60786,4,DRT,31240350,면,41.79,20.66,185.5,41590-60037,628.2,126.79563,37.20922
다사3713,pm,0.249791,0.34139,-0.2875,-0.046,-0.2211,mid,0.0,3,2,2,0.0685,11.008,211.0,698.0,0.1469,마도면,-0.2211,-0.2415,0.4359,2,DRT,31240350,면,24.98,34.14,52.8,41590-36565,558.9,126.79555,37.21824
다사3714,pm,0.191558,0.367641,-0.5105,0.0476,-0.4299,mid,0.0,2,1,2,0.4325,6.969,93.0,154.0,0.4194,남양읍,-0.4299,-0.5581,0.34987,1,NEW_STOP,31240150,읍,19.16,36.76,23.2,41590-36562,340.5,126.79547,37.22725
다사3715,pm,0.171031,0.122388,-0.5892,-0.8265,0.1698,mid,0.0,3,1,1,0.05,1.336,88.0,0.0,0.5568,남양읍,0.1698,0.2373,0.33626,1,DRT,31240150,읍,17.1,12.24,22.0,41590-36550,706.4,126.79538,37.23626
다사3716,pm,0.174954,0.316858,-0.5741,-0.1334,-0.3201,mid,0.0,2,1,2,0.2122,6.83,88.0,5.0,0.4773,남양읍,-0.3201,-0.4407,0.3351,1,NEW_STOP,31240150,읍,17.5,31.69,22.0,41590-36544,472.7,126.7953,37.24528
다사3717,pm,0.124735,0.420249,-0.7665,0.2351,-0.5838,mid,0.0,2,0,2,0.5395,8.944,23.0,5.0,0.4348,남양읍,-0.5838,-1.0016,0.24366,1,ADD_FREQ,31240150,읍,12.47,42.02,5.8,41590-36542,276.3,126.79521,37.25429
다사3718,pm,0.118252,0.173505,-0.7913,-0.6443,-0.0828,mid,0.0,3,0,1,0.05,2.448,23.0,3.0,0.6522,남양읍,-0.0828,-0.147,0.23019,0,DRT,31240150,읍,11.83,17.35,5.8,41590-36540,700.8,126.79513,37.2633
다사3719,pm,0.0,0.011,-1.2442,-1.2235,-0.0,mid,0.0,3,0,0,0.05,0.0,0.0,0.0,0.0,송산면,-0.0,-0.0208,0.0,0,DRT,31240360,면,0.0,1.1,0.0,41590-36538,1273.2,126.79505,37.27232
다사3720,pm,0.0,0.011,-1.2442,-1.2235,-0.0,mid,0.0,3,0,0,0.05,0.0,0.0,0.0,0.0,송산면,-0.0,-0.0208,0.0,0,DRT,31240360,면,0.0,1.1,0.0,41590-55547,1280.1,126.79496,37.28133
다사3721,pm,0.0,0.011,-1.2442,-1.2235,-0.0,mid,0.0,3,0,0,0.05,0.0,0.0,97.0,0.0,송산면,-0.0,-0.0208,0.0,0,DRT,31240360,면,0.0,1.1,0.0,41590-55547,1113.6,126.79488,37.29034
다사3800,pm,0.190885,0.341435,-0.5131,-0.0458,-0.3591,mid,0.0,2,1,2,0.1198,10.022,98.0,16.0,0.3673,우정읍,-0.3591,-0.4673,0.34274,1,DRT,31240130,읍,19.09,34.14,24.5,41590-36923,528.1,126.80789,37.10113
다사3801,pm,0.29991,0.473686,-0.0955,0.4255,-0.5211,mid,0.0,2,2,3,0.4118,17.503,223.0,558.0,0.4619,우정읍,-0.5211,-0.5211,0.44997,2,NEW_STOP,31240130,읍,29.99,47.37,55.8,41590-37414,352.9,126.80781,37.11014
다사3802,pm,0.246444,0.185851,-0.3003,-0.6003,0.2722,mid,0.0,4,2,1,0.05,2.788,188.0,760.0,0.2234,우정읍,0.2722,0.3,0.42981,2,DRT,31240130,읍,24.64,18.59,47.0,41590-37537,616.8,126.80773,37.11916
다사3803,pm,0.178876,0.117405,-0.5591,-0.8443,0.2101,drt,0.0,3,1,1,0.05,1.249,91.0,419.0,0.1978,우정읍,0.2101,0.2851,0.34152,1,DRT,31240130,읍,17.89,11.74,22.8,41590-36857,701.6,126.80764,37.12817
다사3804,pm,0.209597,0.197907,-0.4414,-0.5573,0.0947,drt,0.0,3,1,1,0.138,2.583,123.0,510.0,0.1057,우정읍,0.0947,0.1159,0.3723,1,DRT,31240130,읍,20.96,19.79,30.8,41590-36856,517.2,126.80756,37.13718
다사3805,pm,0.045755,0.011,-1.069,-1.2235,0.0469,mid,0.0,3,0,0,0.05,0.0,8.0,10.0,1.25,장안면,0.0469,0.1545,0.09151,0,DRT,31240390,면,4.58,1.1,2.0,41590-55660,862.7,126.80748,37.1462
다사3806,pm,0.202274,0.329918,-0.4695,-0.0869,-0.3054,mid,0.0,2,1,2,0.4912,4.419,78.0,316.0,0.2949,남양읍,-0.3054,-0.3826,0.33753,1,NEW_STOP,31240150,읍,20.23,32.99,19.5,41590-60017,305.3,126.8074,37.15521
다사3807,pm,0.294996,0.410259,-0.1143,0.1995,-0.3138,mid,0.0,2,2,2,0.7472,5.507,289.0,218.0,0.2699,남양읍,-0.3138,-0.3138,0.48552,3,ADD_FREQ,31240150,읍,29.5,41.03,72.2,41590-60012,151.7,126.80731,37.16422
다사3808,pm,0.311087,0.489462,-0.0527,0.4818,-0.5345,mid,0.0,2,3,3,0.7008,11.856,280.0,817.0,0.1857,남양읍,-0.5345,-0.5345,0.48205,3,ADD_FREQ,31240150,읍,31.11,48.95,70.0,41590-55473,179.5,126.80723,37.17324
다사3809,pm,0.239344,0.146315,-0.3275,-0.7412,0.3683,mid,0.0,4,2,1,0.05,1.803,223.0,87.0,0.3587,남양읍,0.3683,0.4137,0.43514,2,DRT,31240150,읍,23.93,14.63,55.8,41590-55693,574.6,126.80715,37.18225
다사3810,pm,0.144795,0.011,-0.6897,-1.2235,0.3428,mid,0.0,4,1,0,0.05,0.0,63.0,76.0,0.4127,남양읍,0.3428,0.5338,0.28959,1,DRT,31240150,읍,14.48,1.1,15.8,41590-55693,919.3,126.80707,37.19126
다사3811,pm,0.664044,0.414717,1.2992,0.2154,1.0838,need,1.63654,5,4,2,0.05,20.652,1969.0,112.0,0.1894,남양읍,1.0838,1.0838,0.74317,4,DRT,31240150,읍,66.4,41.47,492.2,41590-36009,586.1,126.80699,37.20028
다사3812,pm,0.72756,0.674245,1.5425,1.1403,0.4021,ok,0.0,4,4,4,0.592,62.034,2379.0,761.0,0.2404,남양읍,0.4021,0.4021,0.77017,4,ADD_FREQ,31240150,읍,72.76,67.42,594.8,41590-60035,244.8,126.8069,37.20929
다사3813,pm,0.225445,0.151504,-0.3807,-0.7227,0.2929,drt,0.0,4,2,1,0.05,1.916,209.0,25.0,0.2584,남양읍,0.2929,0.342,0.43324,2,DRT,31240150,읍,22.54,15.15,52.2,41590-36558,672.7,126.80682,37.2183
다사3814,pm,0.213005,0.532729,-0.4284,0.636,-0.8784,over,0.0,1,1,3,0.6922,17.136,128.0,5.0,0.4062,남양읍,-0.8784,-1.0644,0.39034,2,ADD_FREQ,31240150,읍,21.3,53.27,32.0,41590-36556,184.7,126.80674,37.22732
다사3815,pm,0.193232,0.460217,-0.5041,0.3775,-0.683,over,0.0,2,1,3,0.5025,13.345,93.0,11.0,0.5484,남양읍,-0.683,-0.8817,0.33891,1,ADD_FREQ,31240150,읍,19.32,46.02,23.2,41590-36551,298.5,126.80666,37.23633
다사3816,pm,0.186078,0.349709,-0.5315,-0.0163,-0.3894,mid,0.0,2,1,2,0.1662,9.862,98.0,11.0,0.3469,남양읍,-0.3894,-0.5152,0.34623,1,NEW_STOP,31240150,읍,18.61,34.97,24.5,41590-36547,500.3,126.80657,37.24534
다사3817,pm,0.030175,0.146736,-1.1287,-0.7397,-0.0901,mid,0.0,3,0,1,0.05,1.812,5.0,0.0,0.0,남양읍,-0.0901,-0.3889,0.05966,0,DRT,31240150,읍,3.02,14.67,1.2,41590-36541,656.0,126.80649,37.25436
다사3818,pm,0.19759,0.603227,-0.4874,0.8872,-1.0805,over,0.0,1,1,4,0.7575,26.81,68.0,0.0,0.6618,남양읍,-1.0805,-1.3746,0.31596,1,ADD_FREQ,31240150,읍,19.76,60.32,17.0,41590-36536,145.5,126.80641,37.26337
다사3819,pm,0.19209,0.375656,-0.5085,0.0762,-0.4512,mid,0.0,2,1,2,0.206,11.381,68.0,8.0,0.5294,송산면,-0.4512,-0.5847,0.34682,1,NEW_STOP,31240360,면,19.21,37.57,17.0,41590-36533,476.4,126.80633,37.27238
다사3820,pm,0.145403,0.10965,-0.6873,-0.8719,0.1189,mid,0.0,3,1,1,0.05,1.12,48.0,5.0,0.4167,남양읍,0.1189,0.1846,0.28433,1,DRT,31240150,읍,14.54,10.97,12.0,41590-55547,702.2,126.80624,37.2814
다사3821,pm,0.293291,0.409942,-0.1209,0.1983,-0.3192,mid,0.0,2,2,2,0.4838,9.092,128.0,8.0,0.1016,새솔동,-0.3192,-0.3192,0.38815,2,NEW_STOP,31240670,동,29.33,40.99,32.0,41590-55547,309.7,126.80616,37.29041
다사3900,pm,0.230817,0.458194,-0.3602,0.3703,-0.6352,over,0.0,2,2,3,0.618,10.64,181.0,57.0,0.5801,우정읍,-0.6352,-0.7305,0.41474,2,ADD_FREQ,31240130,읍,23.08,45.82,45.2,41590-37845,229.2,126.81914,37.10119
다사3901,pm,0.233522,0.256503,-0.3498,-0.3485,-0.0011,mid,0.0,3,2,2,0.264,3.533,143.0,50.0,0.4336,장안면,-0.0011,-0.0013,0.38982,2,NEW_STOP,31240390,면,23.35,25.65,35.8,41590-37844,441.6,126.81906,37.11021
다사3902,pm,0.348023,0.54325,0.0888,0.6735,-0.5847,mid,0.0,2,3,3,0.8505,14.07,241.0,834.0,0.1618,우정읍,-0.5847,-0.5847,0.45877,3,ADD_FREQ,31240130,읍,34.8,54.32,60.2,41590-36962,89.7,126.81898,37.11922
다사3903,pm,0.23711,0.413399,-0.3361,0.2107,-0.4838,mid,0.0,2,2,2,0.4948,9.172,118.0,112.0,0.4407,우정읍,-0.4838,-0.5467,0.36312,1,NEW_STOP,31240130,읍,23.71,41.34,29.5,41590-37580,303.1,126.8189,37.12823
다사3904,pm,0.275719,0.441052,-0.1882,0.3092,-0.4855,mid,0.0,2,2,3,0.6098,9.356,179.0,449.0,0.1844,장안면,-0.4855,-0.4974,0.43072,2,ADD_FREQ,31240390,면,27.57,44.11,44.8,41590-37420,234.1,126.81882,37.13725
다사3905,pm,0.323096,0.500664,-0.0067,0.5217,-0.5284,mid,0.0,2,3,3,0.9247,8.622,269.0,945.0,0.0,장안면,-0.5284,-0.5284,0.46795,3,ADD_FREQ,31240390,면,32.31,50.07,67.2,41590-55616,45.2,126.81874,37.14626
다사3906,pm,0.10505,0.147805,-0.8419,-0.7359,-0.0552,mid,0.0,3,0,1,0.05,1.835,0.0,37.0,0.0,남양읍,-0.0552,-0.106,0.0,0,DRT,31240150,읍,10.51,14.78,0.0,41590-37973,658.8,126.81866,37.15527
다사3907,pm,0.401561,0.400335,0.2938,0.1641,0.1297,mid,0.0,3,3,2,0.4268,9.32,198.0,15749.0,0.1667,남양읍,0.1297,0.1297,0.42941,2,NEW_STOP,31240150,읍,40.16,40.03,49.5,41590-37973,343.9,126.81858,37.16429
다사3908,pm,0.415291,0.581675,0.3464,0.8104,-0.464,ok,0.0,2,3,3,0.6668,26.472,411.0,945.0,0.18,남양읍,-0.464,-0.464,0.52993,3,ADD_FREQ,31240150,읍,41.53,58.17,102.8,41590-60107,199.9,126.8185,37.1733
다사3909,pm,0.36193,0.61322,0.142,0.9228,-0.7808,mid,0.0,1,3,4,0.8975,22.734,297.0,803.0,0.1919,남양읍,-0.7808,-0.7808,0.48588,3,ADD_FREQ,31240150,읍,36.19,61.32,74.2,41590-55809,61.5,126.81842,37.18232
다사3910,pm,0.863565,0.66898,2.0634,1.1216,0.9418,need,1.41418,5,4,4,0.7513,45.366,7182.0,1059.0,0.0987,남양읍,0.9418,0.9418,0.93053,4,ADD_FREQ,31240150,읍,86.36,66.9,1795.5,41590-60040,149.2,126.81833,37.19133
다사3911,pm,0.860764,0.687298,2.0527,1.1868,0.8658,need,1.27293,5,4,4,0.5537,73.242,8841.0,760.0,0.0717,남양읍,0.8658,0.8658,0.96142,4,ADD_FREQ,31240150,읍,86.08,68.73,2210.2,41590-36157,267.8,126.81825,37.20034
다사3912,pm,0.943114,0.894948,2.3681,1.9269,0.4412,ok,0.0,4,4,4,0.8698,211.552,5807.0,2611.0,0.144,남양읍,0.4412,0.4412,0.89754,4,ADD_FREQ,31240150,읍,94.31,89.49,1451.8,41590-36021,78.1,126.81817,37.20936
다사3913,pm,0.283484,0.512465,-0.1584,0.5637,-0.7177,mid,0.0,1,2,3,0.6767,14.951,359.0,431.0,0.2646,남양읍,-0.7177,-0.7222,0.51066,3,ADD_FREQ,31240150,읍,28.35,51.25,89.8,41590-36559,194.0,126.81809,37.21837
다사3914,pm,0.14515,0.011,-0.6883,-1.2235,0.3442,mid,0.0,4,1,0,0.05,0.0,43.0,0.0,0.5814,남양읍,0.3442,0.5352,0.2903,1,DRT,31240150,읍,14.51,1.1,10.8,41590-36557,666.6,126.81801,37.22738
다사3915,pm,0.12497,0.2895,-0.7656,-0.2309,-0.312,mid,0.0,2,0,2,0.2225,5.248,18.0,3.0,1.2778,남양읍,-0.312,-0.5347,0.23787,0,NEW_STOP,31240150,읍,12.5,28.95,4.5,41590-36365,466.5,126.81793,37.2364
다사3916,pm,0.109366,0.420435,-0.8253,0.2357,-0.5678,mid,0.0,2,0,2,0.4943,9.741,23.0,3.0,0.2174,남양읍,-0.5678,-1.0611,0.21529,0,NEW_STOP,31240150,읍,10.94,42.04,5.8,41590-36517,303.4,126.81785,37.24541
다사3917,pm,0.215658,0.578433,-0.4182,0.7988,-1.0126,over,0.0,1,1,3,0.7448,22.518,173.0,11.0,0.4913,남양읍,-1.0126,-1.2171,0.41941,2,ADD_FREQ,31240150,읍,21.57,57.84,43.2,41590-36520,153.1,126.81777,37.25442
다사3918,pm,0.183509,0.59532,-0.5414,0.859,-1.049,over,0.0,1,1,3,0.896,19.761,98.0,11.0,0.3163,남양읍,-1.049,-1.4004,0.35205,1,ADD_FREQ,31240150,읍,18.35,59.53,24.5,41590-36524,62.4,126.81769,37.26344
다사3919,pm,0.324697,0.54,-0.0006,0.6619,-0.6625,mid,0.0,2,3,3,0.4343,28.528,203.0,132.0,0.3202,남양읍,-0.6625,-0.6625,0.43795,2,NEW_STOP,31240150,읍,32.47,54.0,50.8,41590-36527,339.4,126.8176,37.27245
다사3920,pm,0.890283,0.855145,2.1657,1.7851,0.3807,ok,0.0,4,4,4,0.6852,212.89,8559.0,2566.0,0.0574,새솔동,0.3807,0.3807,0.95759,4,ADD_FREQ,31240670,동,89.03,85.51,2139.8,41590-55770,188.9,126.81752,37.28146
다사3921,pm,0.877086,0.767897,2.1152,1.4741,0.6411,ok,0.0,4,4,4,0.754,97.057,12155.0,821.0,0.0722,새솔동,0.6411,0.6411,1.0,4,ADD_FREQ,31240670,동,87.71,76.79,3038.8,41590-55598,147.6,126.81744,37.29048
다사4000,pm,0.283056,0.219671,-0.1601,-0.4798,0.3174,mid,0.0,4,2,1,0.05,3.901,185.0,607.0,0.0703,우정읍,0.3174,0.3197,0.43118,2,DRT,31240130,읍,28.31,21.97,46.2,41590-36427,676.0,126.8304,37.10126
다사4001,pm,0.163647,0.084994,-0.6174,-0.9598,0.238,mid,0.0,3,1,1,0.05,0.757,73.0,575.0,0.2877,장안면,0.238,0.3423,0.31685,1,DRT,31240390,면,16.36,8.5,18.2,41590-37636,694.0,126.83032,37.11027
다사4002,pm,0.326092,0.440579,0.0048,0.3075,-0.3028,mid,0.0,2,3,3,0.7352,7.364,286.0,1012.0,0.1818,장안면,-0.3028,-0.3028,0.48073,3,ADD_FREQ,31240390,면,32.61,44.06,71.5,41590-36886,158.9,126.83024,37.11928
다사4003,pm,0.238372,0.197462,-0.3312,-0.5589,0.2022,mid,0.0,3,2,1,0.2008,2.214,193.0,222.0,0.3212,장안면,0.2022,0.2277,0.43092,2,NEW_STOP,31240390,면,23.84,19.75,48.2,41590-37542,479.5,126.83016,37.1283
다사4004,pm,0.278401,0.228826,-0.1779,-0.4472,0.2644,mid,0.0,4,2,1,0.2238,2.927,289.0,1009.0,0.1696,장안면,0.2644,0.2692,0.48014,3,NEW_STOP,31240390,면,27.84,22.88,72.2,41590-37416,465.7,126.83008,37.13731
다사4005,pm,0.268932,0.209416,-0.2142,-0.5163,0.2902,mid,0.0,4,2,1,0.3585,1.703,254.0,895.0,0.0591,장안면,0.2902,0.3022,0.46538,3,NEW_STOP,31240390,면,26.89,20.94,63.5,41590-37422,384.9,126.83,37.14633
다사4006,pm,0.086453,0.011,-0.9131,-1.2235,0.1425,mid,0.0,3,0,0,0.05,0.0,13.0,0.0,0.7692,남양읍,0.1425,0.3104,0.17291,0,DRT,31240150,읍,8.65,1.1,3.2,41590-37973,1222.0,126.82992,37.15534
다사4007,pm,0.178192,0.155451,-0.5617,-0.7087,0.108,drt,0.0,3,1,1,0.05,2.005,83.0,22.0,0.3373,남양읍,0.108,0.1469,0.3448,1,DRT,31240150,읍,17.82,15.55,20.8,41590-60058,585.3,126.82984,37.16435
다사4008,pm,0.304394,0.497331,-0.0784,0.5098,-0.5882,mid,0.0,2,2,3,0.5987,15.199,308.0,57.0,0.2922,남양읍,-0.5882,-0.5882,0.48371,3,ADD_FREQ,31240150,읍,30.44,49.73,77.0,41590-60104,240.8,126.82976,37.17337
다사4009,pm,0.254794,0.260071,-0.2683,-0.3358,0.0626,mid,0.0,3,2,2,0.3032,3.362,313.0,71.0,0.1725,남양읍,0.0626,0.0675,0.49319,3,NEW_STOP,31240150,읍,25.48,26.01,78.2,41590-60103,418.1,126.82968,37.18238
다사4010,pm,0.783722,0.518145,1.7576,0.584,1.1736,need,1.73743,5,4,3,0.4523,23.257,5743.0,302.0,0.1019,남양읍,1.1736,1.1736,0.89736,4,NEW_STOP,31240150,읍,78.37,51.81,1435.8,41590-36039,328.6,126.8296,37.19139
다사4011,pm,0.889447,0.840217,2.1625,1.7318,0.4307,ok,0.0,4,4,4,0.8987,132.484,4858.0,4671.0,0.0597,남양읍,0.4307,0.4307,0.87415,4,ADD_FREQ,31240150,읍,88.94,84.02,1214.5,41590-36510,60.8,126.82952,37.20041
다사4012,pm,0.913436,0.880133,2.2544,1.8741,0.3803,ok,0.0,4,4,4,0.8438,197.326,9504.0,1465.0,0.1257,남양읍,0.3803,0.3803,0.96786,4,ADD_FREQ,31240150,읍,91.34,88.01,2376.0,41590-55436,93.7,126.82944,37.20942
다사4013,pm,0.709006,0.765839,1.4714,1.4668,0.0046,ok,0.0,3,4,4,0.625,118.826,1694.0,754.0,0.1181,남양읍,0.0046,0.0046,0.72867,4,ADD_FREQ,31240150,읍,70.9,76.58,423.5,41590-37776,225.0,126.82936,37.21843
다사4014,pm,0.121585,0.011,-0.7786,-1.2235,0.2551,mid,0.0,4,0,0,0.05,0.0,28.0,89.0,0.7143,남양읍,0.2551,0.4449,0.24317,0,DRT,31240150,읍,12.16,1.1,7.0,41590-36035,675.9,126.82928,37.22745
다사4015,pm,0.029336,0.162303,-1.1319,-0.6842,-0.1018,mid,0.0,3,0,1,0.05,2.166,5.0,3.0,0.0,비봉면,-0.1018,-0.4476,0.05405,0,DRT,31240330,면,2.93,16.23,1.2,41590-36363,652.9,126.8292,37.23646
다사4016,pm,0.2596,0.195243,-0.2499,-0.5668,0.2974,mid,0.0,4,2,1,0.6055,0.604,118.0,28.0,0.4831,비봉면,0.2974,0.3169,0.37358,1,ADD_FREQ,31240330,면,25.96,19.52,29.5,41590-37128,236.7,126.82912,37.24547
다사4017,pm,0.029829,0.011,-1.13,-1.2235,0.0215,mid,0.0,3,0,0,0.05,0.0,5.0,3.0,0.0,남양읍,0.0215,0.0935,0.05966,0,DRT,31240150,읍,2.98,1.1,1.2,41590-36522,1049.5,126.82904,37.25449
다사4018,pm,0.170311,0.146549,-0.5919,-0.7404,0.106,drt,0.0,3,1,1,0.05,1.808,73.0,13.0,0.5753,남양읍,0.106,0.1485,0.33941,1,DRT,31240150,읍,17.03,14.65,18.2,41590-36526,574.0,126.82896,37.2635
다사4019,pm,0.772255,0.792394,1.7137,1.5614,0.1522,ok,0.0,3,4,4,0.6425,141.449,4176.0,407.0,0.0462,새솔동,0.1522,0.1522,0.85735,4,ADD_FREQ,31240670,동,77.23,79.24,1044.0,41590-55540,214.5,126.82888,37.27251
다사4100,pm,0.548385,0.635945,0.8562,1.0038,-0.1476,ok,0.0,3,4,4,0.6382,42.579,714.0,1138.0,0.0686,장안면,-0.1476,-0.1476,0.60706,4,ADD_FREQ,31240390,면,54.84,63.59,178.5,41590-37454,217.1,126.84165,37.10132
다사4101,pm,0.150939,0.455204,-0.6661,0.3597,-0.6768,over,0.0,2,1,3,0.692,9.051,48.0,2345.0,0.1042,장안면,-0.6768,-1.0258,0.2582,1,ADD_FREQ,31240390,면,15.09,45.52,12.0,41590-37634,184.8,126.84157,37.11033
다사4102,pm,0.179583,0.080432,-0.5564,-0.976,0.31,drt,0.0,4,1,1,0.05,0.697,107.0,252.0,0.0935,장안면,0.31,0.4196,0.35709,1,DRT,31240390,면,17.96,8.04,26.8,41590-37637,614.2,126.84149,37.11935
다사4103,pm,0.451376,0.475312,0.4846,0.4313,0.0533,ok,0.0,3,3,3,0.638,11.824,486.0,683.0,0.1749,장안면,0.0533,0.0533,0.55082,3,ADD_FREQ,31240390,면,45.14,47.53,121.5,41590-37442,217.2,126.84142,37.12836
다사4104,pm,0.420644,0.419174,0.3669,0.2312,0.1357,mid,0.0,3,3,2,0.4702,10.078,777.0,1986.0,0.0862,장안면,0.1357,0.1357,0.61769,4,NEW_STOP,31240390,면,42.06,41.92,194.2,41590-37424,317.9,126.84134,37.13738
다사4105,pm,0.30958,0.514062,-0.0585,0.5694,-0.6279,mid,0.0,2,3,3,0.791,12.331,198.0,256.0,0.2525,팔탄면,-0.6279,-0.6279,0.43894,2,ADD_FREQ,31240380,면,30.96,51.41,49.5,41590-37445,125.4,126.84126,37.14639
다사4106,pm,0.184178,0.182482,-0.5388,-0.6123,0.0552,mid,0.0,3,1,1,0.1078,2.351,43.0,185.0,0.1163,남양읍,0.0552,0.0735,0.26599,1,DRT,31240150,읍,18.42,18.25,10.8,41590-55655,535.3,126.84118,37.1554
다사4107,pm,0.424092,0.524059,0.3801,0.6051,-0.2249,ok,0.0,3,3,3,0.4792,23.259,182.0,1324.0,0.0989,남양읍,-0.2249,-0.2249,0.42987,2,NEW_STOP,31240150,읍,42.41,52.41,45.5,41590-55872,312.5,126.8411,37.16442
다사4108,pm,0.2901,0.435228,-0.1331,0.2885,-0.4216,mid,0.0,2,2,2,0.3637,13.965,183.0,371.0,0.3388,남양읍,-0.4216,-0.4216,0.42261,2,NEW_STOP,31240150,읍,29.01,43.52,45.8,41590-55112,381.8,126.84102,37.17343
다사4109,pm,0.393734,0.55107,0.2638,0.7013,-0.4375,ok,0.0,2,3,3,0.6068,23.061,306.0,587.0,0.2516,남양읍,-0.4375,-0.4375,0.48495,3,ADD_FREQ,31240150,읍,39.37,55.11,76.5,41590-60026,235.9,126.84095,37.18244
다사4110,pm,0.651699,0.621891,1.2519,0.9537,0.2982,ok,0.0,4,4,4,0.7942,29.148,2343.0,533.0,0.1263,남양읍,0.2982,0.2982,0.77082,4,ADD_FREQ,31240150,읍,65.17,62.19,585.8,41590-36441,123.5,126.84087,37.19146
다사4111,pm,0.642034,0.582419,1.2149,0.8131,0.4018,ok,0.0,4,4,3,0.4735,37.199,2024.0,328.0,0.1329,남양읍,0.4018,0.4018,0.74977,4,NEW_STOP,31240150,읍,64.2,58.24,506.0,41590-55681,315.9,126.84079,37.20047
다사4112,pm,0.674593,0.495156,1.3396,0.5021,0.8375,need,1.16488,5,4,3,0.1998,30.085,2840.0,898.0,0.1007,남양읍,0.8375,0.8375,0.80061,4,NEW_STOP,31240150,읍,67.46,49.52,710.0,41590-55929,480.1,126.84071,37.20948
다사4113,pm,0.49179,0.725405,0.6394,1.3227,-0.6832,ok,0.0,2,3,4,0.8415,60.268,329.0,1784.0,0.0942,남양읍,-0.6832,-0.6832,0.50212,3,ADD_FREQ,31240150,읍,49.18,72.54,82.2,41590-55255,95.1,126.84063,37.2185
다사4114,pm,0.272277,0.424538,-0.2014,0.2504,-0.4373,mid,0.0,2,2,2,0.05,22.334,33.0,63.0,0.303,남양읍,-0.4373,-0.4517,0.23182,0,DRT,31240150,읍,27.23,42.45,8.2,41590-36043,605.4,126.84055,37.22751
다사4115,pm,0.061407,0.011,-1.009,-1.2235,0.0789,mid,0.0,3,0,0,0.05,0.0,13.0,3.0,0.3846,비봉면,0.0789,0.2144,0.12281,0,DRT,31240330,면,6.14,1.1,3.2,41590-55363,1078.3,126.84048,37.23652
다사4116,pm,0.200375,0.257888,-0.4768,-0.3436,-0.1056,mid,0.0,3,1,2,0.8328,0.766,118.0,50.0,0.4407,비봉면,-0.1056,-0.1332,0.37319,1,ADD_FREQ,31240330,면,20.04,25.79,29.5,41590-55363,100.3,126.8404,37.24554
다사4117,pm,0.135164,0.238254,-0.7265,-0.4135,-0.1922,mid,0.0,3,1,1,0.5967,1.259,43.0,17.0,0.5349,비봉면,-0.1922,-0.313,0.25504,1,ADD_FREQ,31240330,면,13.52,23.83,10.8,41590-37610,242.0,126.84032,37.25455
다사4118,pm,0.245207,0.321482,-0.3051,-0.1169,-0.1701,mid,0.0,3,2,2,0.419,4.735,113.0,17.0,0.5221,비봉면,-0.1701,-0.1881,0.36407,1,NEW_STOP,31240330,면,24.52,32.15,28.2,41590-55461,348.6,126.84024,37.26356
다사4200,pm,0.426076,0.57426,0.3877,0.784,-0.3963,ok,0.0,2,3,3,0.6623,25.16,399.0,465.0,0.213,장안면,-0.3963,-0.3963,0.52319,3,ADD_FREQ,31240390,면,42.61,57.43,99.8,41590-36871,202.6,126.8529,37.10138
다사4201,pm,0.15739,0.011,-0.6414,-1.2235,0.3946,mid,0.0,4,1,0,0.05,0.0,59.0,301.0,0.4237,장안면,0.3946,0.5821,0.31478,1,DRT,31240390,면,15.74,1.1,14.8,41590-36846,807.9,126.85283,37.1104
다사4202,pm,0.234868,0.011,-0.3447,-1.2235,0.7729,mid,0.0,5,2,0,0.05,0.0,253.0,619.0,0.0,팔탄면,0.7729,0.8788,0.46974,3,DRT,31240380,면,23.49,1.1,63.2,41590-37443,858.6,126.85275,37.11941
다사4203,pm,0.38572,0.538463,0.2331,0.6564,-0.4233,mid,0.0,2,3,3,0.8145,14.434,370.0,1431.0,0.0838,팔탄면,-0.4233,-0.4233,0.51332,3,ADD_FREQ,31240380,면,38.57,53.85,92.5,41590-36897,111.3,126.85267,37.12842
다사4204,pm,0.200719,0.011,-0.4755,-1.2235,0.594,drt,0.0,4,1,0,0.05,0.0,157.0,857.0,0.0828,팔탄면,0.594,0.748,0.40144,2,DRT,31240380,면,20.07,1.1,39.2,41590-55008,935.2,126.8526,37.13744
다사4205,pm,0.0,0.011,-1.2442,-1.2235,-0.0,mid,0.0,3,0,0,0.05,0.0,0.0,0.0,0.0,팔탄면,-0.0,-0.0208,0.0,0,DRT,31240380,면,0.0,1.1,0.0,41590-37356,990.0,126.85252,37.14645
다사4206,pm,0.361101,0.361066,0.1388,0.0242,0.1147,mid,0.0,3,3,2,0.7157,3.716,335.0,762.0,0.1313,팔탄면,0.1147,0.1147,0.50243,3,ADD_FREQ,31240380,면,36.11,36.11,83.8,41590-37547,170.6,126.85244,37.15546
다사4207,pm,0.294172,0.481848,-0.1175,0.4546,-0.5721,mid,0.0,2,2,3,0.5142,15.587,100.0,473.0,0.25,남양읍,-0.5721,-0.5721,0.35863,1,ADD_FREQ,31240150,읍,29.42,48.18,25.0,41590-55889,291.5,126.85236,37.16448
다사4208,pm,0.292517,0.208608,-0.1238,-0.5192,0.3954,mid,0.0,4,2,1,0.0587,3.44,312.0,843.0,0.1186,남양읍,0.3954,0.3954,0.49075,3,DRT,31240150,읍,29.25,20.86,78.0,41590-55653,564.8,126.85229,37.17349
다사4209,pm,0.499085,0.416284,0.6674,0.221,0.4464,mid,0.0,4,3,2,0.551,8.464,648.0,1383.0,0.2037,남양읍,0.4464,0.4464,0.58949,4,ADD_FREQ,31240150,읍,49.91,41.63,162.0,41590-36050,269.4,126.85221,37.18251
다사4210,pm,0.369124,0.306913,0.1696,-0.1688,0.3384,mid,0.0,4,3,2,0.1228,7.431,436.0,746.0,0.1239,남양읍,0.3384,0.3384,0.538,3,DRT,31240150,읍,36.91,30.69,109.0,41590-55152,526.3,126.85213,37.19152
다사4211,pm,0.183649,0.438453,-0.5408,0.3,-0.6302,mid,0.0,2,1,3,0.5133,10.935,71.0,279.0,0.2113,남양읍,-0.6302,-0.8408,0.3216,1,ADD_FREQ,31240150,읍,18.36,43.85,17.8,41590-55155,292.0,126.85206,37.20053
다사4212,pm,0.4135,0.466816,0.3395,0.401,-0.0615,ok,0.0,3,3,3,0.4155,16.452,402.0,1662.0,0.4254,남양읍,-0.0615,-0.0615,0.52503,3,NEW_STOP,31240150,읍,41.35,46.68,100.5,41590-36052,350.7,126.85198,37.20955
다사4213,pm,0.411977,0.379714,0.3337,0.0906,0.2431,mid,0.0,3,3,2,0.441,7.613,380.0,2522.0,0.0132,남양읍,0.2431,0.2431,0.52416,3,NEW_STOP,31240150,읍,41.2,37.97,95.0,41590-55345,335.4,126.8519,37.21856
다사4214,pm,0.398853,0.504123,0.2834,0.534,-0.2506,ok,0.0,2,3,3,0.117,37.238,163.0,552.0,0.2577,비봉면,-0.2506,-0.2506,0.41713,2,DRT,31240330,면,39.89,50.41,40.8,41590-55393,529.8,126.85183,37.22757
다사4215,pm,0.183305,0.094851,-0.5421,-0.9246,0.2863,drt,0.0,4,1,1,0.05,0.894,108.0,27.0,0.5093,비봉면,0.2863,0.3825,0.35797,1,DRT,31240330,면,18.33,9.49,27.0,41590-55829,687.6,126.85175,37.23659
다사4216,pm,0.224226,0.39648,-0.3854,0.1504,-0.4572,mid,0.0,2,2,2,0.5407,7.281,138.0,45.0,0.5435,비봉면,-0.4572,-0.5358,0.39893,2,ADD_FREQ,31240330,면,22.42,39.65,34.5,41590-55828,275.6,126.85167,37.2456
다사4217,pm,0.225259,0.530096,-0.3815,0.6266,-0.8627,over,0.0,1,2,3,0.6632,17.661,123.0,51.0,0.3577,비봉면,-0.8627,-1.008,0.37031,1,ADD_FREQ,31240330,면,22.53,53.01,30.8,41590-55871,202.1,126.85159,37.25461
다사4218,pm,0.028405,0.141934,-1.1354,-0.7568,-0.0843,mid,0.0,3,0,1,0.05,1.711,0.0,15.0,0.0,비봉면,-0.0843,-0.3786,0.0,0,DRT,31240330,면,2.84,14.19,0.0,41590-55833,631.4,126.85152,37.26363
다사4300,pm,0.414024,0.593433,0.3416,0.8523,-0.5108,ok,0.0,2,3,3,0.8055,22.816,278.0,970.0,0.1403,장안면,-0.5108,-0.5108,0.47539,3,ADD_FREQ,31240390,면,41.4,59.34,69.5,41590-36706,116.7,126.86416,37.10144
다사4301,pm,0.212961,0.098272,-0.4286,-0.9124,0.3993,drt,0.0,4,1,1,0.05,0.944,155.0,1232.0,0.0645,팔탄면,0.3993,0.4839,0.40702,2,DRT,31240380,면,21.3,9.83,38.8,41590-36845,766.6,126.86408,37.11046
다사4302,pm,0.283254,0.420029,-0.1593,0.2343,-0.391,mid,0.0,2,2,2,0.5557,8.662,128.0,396.0,0.2422,팔탄면,-0.391,-0.3936,0.39428,2,ADD_FREQ,31240380,면,28.33,42.0,32.0,41590-36899,266.6,126.864,37.11947
다사4303,pm,0.367203,0.456583,0.1622,0.3646,-0.2024,mid,0.0,3,3,3,0.5762,11.333,351.0,1155.0,0.0456,팔탄면,-0.2024,-0.2024,0.50655,3,ADD_FREQ,31240380,면,36.72,45.66,87.8,41590-55650,254.3,126.86393,37.12848
다사4304,pm,0.396235,0.497778,0.2734,0.5114,-0.238,ok,0.0,3,3,3,0.8347,9.945,403.0,924.0,0.2605,팔탄면,-0.238,-0.238,0.5251,3,ADD_FREQ,31240380,면,39.62,49.78,100.8,41590-55649,99.2,126.86385,37.1375
다사4305,pm,0.179255,0.01577,-0.5577,-1.2065,0.4787,drt,0.0,4,1,1,0.05,0.037,103.0,196.0,0.2233,팔탄면,0.4787,0.6488,0.35764,1,DRT,31240380,면,17.93,1.58,25.8,41590-55846,740.9,126.86378,37.14651
다사4306,pm,0.360396,0.11858,0.1361,-0.8401,0.9762,mid,0.0,5,3,1,0.539,0.0,355.0,923.0,0.2394,팔탄면,0.9762,0.9762,0.50731,3,ADD_FREQ,31240380,면,36.04,11.86,88.8,41590-36930,276.6,126.8637,37.15553
다사4307,pm,0.259835,0.011,-0.249,-1.2235,0.9151,mid,0.0,5,2,0,0.05,0.0,187.0,600.0,0.1658,팔탄면,0.9151,0.9745,0.43124,2,DRT,31240380,면,25.98,1.1,46.8,41590-55644,573.5,126.86363,37.16454
다사4308,pm,0.189028,0.190837,-0.5202,-0.5825,0.0476,drt,0.0,3,1,1,0.7463,0.225,123.0,139.0,0.4634,남양읍,0.0476,0.0623,0.37581,1,ADD_FREQ,31240150,읍,18.9,19.08,30.8,41590-37173,152.2,126.86355,37.17355
다사4309,pm,0.419929,0.375148,0.3642,0.0743,0.2898,mid,0.0,4,3,2,0.5788,5.603,296.0,2064.0,0.1588,팔탄면,0.2898,0.2898,0.48451,3,ADD_FREQ,31240380,면,41.99,37.51,74.0,41590-37164,252.7,126.86348,37.18257
다사4310,pm,0.250029,0.125058,-0.2866,-0.817,0.4858,mid,0.0,4,2,1,0.05,1.384,240.0,398.0,0.1708,팔탄면,0.4858,0.5304,0.45732,3,DRT,31240380,면,25.0,12.51,60.0,41590-60085,671.9,126.8634,37.19158
다사4311,pm,0.204072,0.400222,-0.4626,0.1637,-0.5027,mid,0.0,2,1,2,0.5328,7.633,84.0,464.0,0.0595,비봉면,-0.5027,-0.6263,0.33866,1,ADD_FREQ,31240330,면,20.41,40.02,21.0,41590-37648,280.3,126.86332,37.20059
다사4312,pm,0.295823,0.399225,-0.1112,0.1602,-0.2713,mid,0.0,2,2,2,0.4128,9.476,186.0,678.0,0.1667,남양읍,-0.2713,-0.2713,0.42902,2,NEW_STOP,31240150,읍,29.58,39.92,46.5,41590-37035,352.3,126.86325,37.20961
다사4313,pm,0.29931,0.308532,-0.0978,-0.1631,0.0653,mid,0.0,3,2,2,0.2152,6.312,210.0,1179.0,0.0619,비봉면,0.0653,0.0653,0.43832,2,NEW_STOP,31240330,면,29.93,30.85,52.5,41590-55842,470.9,126.86317,37.21862
다사4314,pm,0.434243,0.704884,0.419,1.2495,-0.8305,ok,0.0,1,3,4,0.4987,92.079,163.0,145.0,0.2822,비봉면,-0.8305,-0.8305,0.41496,2,NEW_STOP,31240330,면,43.42,70.49,40.8,41590-55087,300.8,126.8631,37.22763
다사4315,pm,0.666153,0.860898,1.3073,1.8056,-0.4983,ok,0.0,2,4,4,0.8975,155.564,1253.0,521.0,0.2338,비봉면,-0.4983,-0.4983,0.67932,4,ADD_FREQ,31240330,면,66.62,86.09,313.2,41590-37161,61.5,126.86302,37.23665
다사4316,pm,0.503816,0.383372,0.6855,0.1037,0.5818,mid,0.0,4,4,2,0.4127,8.287,550.0,30.0,0.1927,비봉면,0.5818,0.5818,0.56818,3,NEW_STOP,31240330,면,50.38,38.34,137.5,41590-60124,352.4,126.86295,37.24566
다사4317,pm,0.334282,0.192968,0.0361,-0.5749,0.6111,mid,0.0,4,3,1,0.05,2.999,93.0,8.0,0.5269,비봉면,0.6111,0.6111,0.32146,1,DRT,31240330,면,33.43,19.3,23.2,41590-60123,651.7,126.86287,37.25467
다사4318,pm,0.008512,0.099949,-1.2116,-0.9065,-0.0311,mid,0.0,3,0,1,0.05,0.969,0.0,3.0,0.0,비봉면,-0.0311,-0.3052,0.0,0,DRT,31240330,면,0.85,9.99,0.0,41590-37187,635.0,126.86279,37.26369
다사4400,pm,0.214931,0.076027,-0.421,-0.9917,0.4738,drt,0.0,4,1,1,0.05,0.641,153.0,398.0,0.2353,장안면,0.4738,0.5707,0.39377,2,DRT,31240390,면,21.49,7.6,38.2,41590-37179,777.8,126.87541,37.1015
다사4401,pm,0.396277,0.606775,0.2736,0.8999,-0.6263,ok,0.0,2,3,4,0.4695,45.295,174.0,515.0,0.1667,팔탄면,-0.6263,-0.6263,0.40104,2,NEW_STOP,31240380,면,39.63,60.68,43.5,41590-36898,318.3,126.87533,37.11052
다사4402,pm,0.287191,0.362655,-0.1442,0.0298,-0.1741,mid,0.0,3,2,2,0.3692,7.531,252.0,236.0,0.3333,팔탄면,-0.1741,-0.1741,0.46292,3,NEW_STOP,31240380,면,28.72,36.27,63.0,41590-37437,378.5,126.87526,37.11953
다사4403,pm,0.107497,0.036134,-0.8325,-1.1339,0.1595,mid,0.0,3,0,1,0.05,0.211,28.0,105.0,0.1786,팔탄면,0.1595,0.3014,0.21224,0,DRT,31240380,면,10.75,3.61,7.0,41590-36735,761.2,126.87519,37.12854
다사4404,pm,0.216394,0.092402,-0.4154,-0.9334,0.4319,drt,0.0,4,1,1,0.05,0.859,150.0,402.0,0.1533,팔탄면,0.4319,0.518,0.39868,2,DRT,31240380,면,21.64,9.24,37.5,41590-55942,630.0,126.87511,37.13756
다사4405,pm,0.251867,0.277304,-0.2795,-0.2744,-0.0048,mid,0.0,3,2,2,0.5677,2.193,233.0,407.0,0.279,팔탄면,-0.0048,-0.0052,0.45356,2,ADD_FREQ,31240380,면,25.19,27.73,58.2,41590-55846,259.4,126.87504,37.14657
다사4406,pm,0.284186,0.239858,-0.1558,-0.4078,0.2509,mid,0.0,4,2,1,0.2182,3.312,239.0,299.0,0.1967,팔탄면,0.2509,0.2521,0.46333,3,NEW_STOP,31240380,면,28.42,23.99,59.8,41590-37052,469.1,126.87496,37.15559
다사4407,pm,0.395533,0.265722,0.2707,-0.3157,0.5864,mid,0.0,4,3,2,0.7827,1.039,281.0,1075.0,0.0641,팔탄면,0.5864,0.5864,0.47619,3,ADD_FREQ,31240380,면,39.55,26.57,70.2,41590-55642,130.4,126.87489,37.1646
다사4408,pm,0.410008,0.472891,0.3262,0.4227,-0.0965,ok,0.0,3,3,3,0.7083,10.19,364.0,1167.0,0.1346,팔탄면,-0.0965,-0.0965,0.51365,3,ADD_FREQ,31240380,면,41.0,47.29,91.0,41590-37182,175.0,126.87482,37.17361
다사4409,pm,0.2279,0.070136,-0.3713,-1.0127,0.5531,drt,0.0,4,2,1,0.05,0.569,199.0,915.0,0.1809,팔탄면,0.5531,0.6414,0.43659,2,DRT,31240380,면,22.79,7.01,49.8,41590-60042,741.2,126.87474,37.18263
다사4410,pm,0.278335,0.443305,-0.1782,0.3173,-0.4865,mid,0.0,2,2,3,0.6548,8.77,134.0,420.0,0.2687,팔탄면,-0.4865,-0.4954,0.39411,2,ADD_FREQ,31240380,면,27.83,44.33,33.5,41590-36973,207.1,126.87467,37.19164
다사4411,pm,0.391109,0.509848,0.2538,0.5544,-0.3006,ok,0.0,2,3,3,0.5735,17.587,280.0,693.0,0.2679,비봉면,-0.3006,-0.3006,0.47334,3,ADD_FREQ,31240330,면,39.11,50.98,70.0,41590-37713,255.9,126.87459,37.20065
다사4412,pm,0.225598,0.240759,-0.3802,-0.4046,0.021,drt,0.0,3,2,1,0.3118,2.711,121.0,194.0,0.3388,비봉면,0.021,0.0245,0.3761,1,NEW_STOP,31240330,면,22.56,24.08,30.2,41590-55823,412.9,126.87452,37.20967
다사4413,pm,0.117548,0.396792,-0.794,0.1515,-0.5302,mid,0.0,2,0,2,0.4923,8.001,13.0,154.0,0.3846,비봉면,-0.5302,-0.9455,0.12281,0,NEW_STOP,31240330,면,11.75,39.68,3.2,41590-37755,304.6,126.87444,37.21868
다사4414,pm,0.20991,0.439177,-0.4402,0.3025,-0.6072,over,0.0,2,1,3,0.4117,13.23,133.0,114.0,0.3308,비봉면,-0.6072,-0.7428,0.3942,2,NEW_STOP,31240330,면,20.99,43.92,33.2,41590-55380,353.0,126.87437,37.22769
다사4415,pm,0.697544,0.84249,1.4275,1.74,-0.3125,ok,0.0,2,4,4,0.9342,126.972,1105.0,955.0,0.181,비봉면,-0.3125,-0.3125,0.66426,4,ADD_FREQ,31240330,면,69.75,84.25,276.2,41590-37186,39.5,126.8743,37.23671
다사4416,pm,0.731756,0.68599,1.5585,1.1822,0.3764,ok,0.0,4,4,4,0.8035,47.362,2017.0,304.0,0.2593,비봉면,0.3764,0.3764,0.74485,4,ADD_FREQ,31240330,면,73.18,68.6,504.2,41590-60020,117.9,126.87422,37.24572
다사4417,pm,0.395629,0.550528,0.2711,0.6994,-0.4283,ok,0.0,2,3,3,0.6063,22.982,78.0,66.0,0.5641,비봉면,-0.4283,-0.4283,0.34576,1,ADD_FREQ,31240330,면,39.56,55.05,19.5,41590-37729,236.2,126.87415,37.25473
다사4418,pm,0.426051,0.563824,0.3876,0.7468,-0.3592,ok,0.0,2,3,3,0.4403,34.049,395.0,177.0,0.4025,매송면,-0.3592,-0.3592,0.52218,3,NEW_STOP,31240310,면,42.61,56.38,98.8,41590-37599,335.8,126.87407,37.26375
다사4419,pm,0.144973,0.011,-0.689,-1.2235,0.3435,mid,0.0,4,1,0,0.05,0.0,48.0,3.0,0.6458,매송면,0.3435,0.5345,0.28995,1,DRT,31240310,면,14.5,1.1,12.0,41590-37187,658.7,126.874,37.27276
다사4500,pm,0.203084,0.15433,-0.4664,-0.7127,0.197,drt,0.0,3,1,1,0.7015,0.0,138.0,195.0,0.2246,팔탄면,0.197,0.2463,0.40617,2,ADD_FREQ,31240380,면,20.31,15.43,34.5,41590-55480,179.1,126.88666,37.10156
다사4501,pm,0.375134,0.441189,0.1926,0.3097,-0.1171,mid,0.0,3,3,3,0.1828,20.203,188.0,149.0,0.2872,팔탄면,-0.1171,-0.1171,0.42241,2,NEW_STOP,31240380,면,37.51,44.12,47.0,41590-37206,490.3,126.88659,37.11058
다사4502,pm,0.363659,0.608872,0.1486,0.9073,-0.7587,mid,0.0,1,3,4,0.6578,33.309,326.0,315.0,0.2301,팔탄면,-0.7587,-0.7587,0.49164,3,ADD_FREQ,31240380,면,36.37,60.89,81.5,41590-37216,205.3,126.88652,37.11959
다사4503,pm,0.377021,0.504016,0.1998,0.5336,-0.3338,mid,0.0,2,3,3,0.7165,12.991,604.0,526.0,0.1871,팔탄면,-0.3338,-0.3338,0.57887,3,ADD_FREQ,31240380,면,37.7,50.4,151.0,41590-37360,170.1,126.88644,37.1286
다사4504,pm,0.279593,0.337476,-0.1733,-0.0599,-0.1117,mid,0.0,3,2,2,0.6707,3.249,203.0,1050.0,0.0493,팔탄면,-0.1117,-0.1134,0.43881,2,ADD_FREQ,31240380,면,27.96,33.75,50.8,41590-37413,197.6,126.88637,37.13762
다사4505,pm,0.273948,0.155582,-0.195,-0.7082,0.4988,mid,0.0,4,2,1,0.3498,0.82,305.0,723.0,0.2131,팔탄면,0.4988,0.5132,0.48627,3,NEW_STOP,31240380,면,27.39,15.56,76.2,41590-36451,390.1,126.8863,37.14663
다사4506,pm,0.291127,0.411492,-0.1292,0.2039,-0.333,mid,0.0,2,2,2,0.7665,5.359,240.0,636.0,0.2167,팔탄면,-0.333,-0.333,0.45499,2,ADD_FREQ,31240380,면,29.11,41.15,60.0,41590-37402,140.1,126.88623,37.15564
다사4507,pm,0.417462,0.12362,0.3547,-0.8221,1.1768,need,1.47443,5,3,1,0.1745,0.914,266.0,2253.0,0.203,팔탄면,1.1768,1.1768,0.47155,3,NEW_STOP,31240380,면,41.75,12.36,66.5,41590-55911,495.3,126.88615,37.16466
다사4508,pm,0.461351,0.437495,0.5228,0.2965,0.2263,ok,0.0,3,3,3,0.2975,16.011,645.0,2525.0,0.0636,팔탄면,0.2263,0.2263,0.59405,4,NEW_STOP,31240380,면,46.14,43.75,161.2,41590-55004,421.5,126.88608,37.17367
다사4509,pm,0.371051,0.641419,0.177,1.0233,-0.8464,mid,0.0,1,3,4,0.7427,37.136,188.0,1200.0,0.1809,팔탄면,-0.8464,-0.8464,0.43621,2,ADD_FREQ,31240380,면,37.11,64.14,47.0,41590-55006,154.4,126.88601,37.18269
다사4510,pm,0.424927,0.567986,0.3833,0.7616,-0.3783,ok,0.0,2,3,3,0.4937,32.085,321.0,1293.0,0.1371,팔탄면,-0.3783,-0.3783,0.4969,3,NEW_STOP,31240380,면,42.49,56.8,80.2,41590-37209,303.8,126.88593,37.1917
다사4511,pm,0.32794,0.580676,0.0118,0.8068,-0.795,mid,0.0,1,3,3,0.9675,15.473,111.0,755.0,0.3243,비봉면,-0.795,-0.795,0.36981,1,ADD_FREQ,31240330,면,32.79,58.07,27.8,41590-37213,19.5,126.88586,37.20071
다사4512,pm,0.143809,0.011,-0.6934,-1.2235,0.3389,mid,0.0,4,1,0,0.05,0.0,63.0,8.0,0.4127,비봉면,0.3389,0.5301,0.28762,1,DRT,31240330,면,14.38,1.1,15.8,41590-36712,956.6,126.88579,37.20973
다사4513,pm,0.118675,0.011,-0.7897,-1.2235,0.2448,mid,0.0,3,0,0,0.05,0.0,36.0,0.0,0.0,비봉면,0.2448,0.4338,0.23735,0,DRT,31240330,면,11.87,1.1,9.0,41590-37755,1009.1,126.88571,37.21874
다사4514,pm,0.0,0.222951,-1.2442,-0.4681,-0.0,mid,0.0,3,0,1,0.05,4.025,0.0,0.0,0.0,비봉면,-0.0,-0.7762,0.0,0,DRT,31240330,면,0.0,22.3,0.0,41590-37188,664.5,126.88564,37.22775
다사4515,pm,0.146831,0.470284,-0.6819,0.4134,-0.7098,over,0.0,1,1,3,0.2057,24.47,13.0,14.0,1.1538,비봉면,-0.7098,-1.0953,0.14692,0,NEW_STOP,31240330,면,14.68,47.03,3.2,41590-37207,476.6,126.88557,37.23677
다사4516,pm,0.270253,0.418423,-0.2091,0.2286,-0.4217,mid,0.0,2,2,2,0.3822,11.765,93.0,160.0,0.5806,비봉면,-0.4217,-0.4377,0.35353,1,NEW_STOP,31240330,면,27.03,41.84,23.2,41590-37612,370.7,126.8855,37.24578
다사4517,pm,0.065841,0.111189,-0.9921,-0.8664,-0.0483,mid,0.0,3,0,1,0.05,1.145,8.0,3.0,0.625,비봉면,-0.0483,-0.1257,0.09224,0,DRT,31240330,면,6.58,11.12,2.0,41590-37218,641.1,126.88542,37.25479
다사4518,pm,0.544722,0.656765,0.8422,1.078,-0.2359,ok,0.0,3,4,4,0.6235,51.339,846.0,172.0,0.2801,매송면,-0.2359,-0.2359,0.62644,4,ADD_FREQ,31240310,면,54.47,65.68,211.5,41590-37614,225.9,126.88535,37.26381
다사4519,pm,0.36809,0.524708,0.1656,0.6074,-0.4418,mid,0.0,2,3,3,0.5547,20.482,123.0,256.0,0.3171,매송면,-0.4418,-0.4418,0.38718,2,ADD_FREQ,31240310,면,36.81,52.47,30.8,41590-37215,267.2,126.88528,37.27282
다사4520,pm,0.286259,0.469275,-0.1478,0.4098,-0.5576,mid,0.0,2,2,3,0.776,8.719,190.0,703.0,0.3947,매송면,-0.5576,-0.5576,0.41948,2,ADD_FREQ,31240310,면,28.63,46.93,47.5,41590-37210,134.4,126.8852,37.28183
다사4600,pm,0.863884,0.774938,2.0646,1.4992,0.5654,ok,0.0,4,4,4,0.5748,138.688,8452.0,738.0,0.0745,향남읍,0.5654,0.5654,0.95287,4,ADD_FREQ,31240140,읍,86.39,77.49,2113.0,41590-55483,255.1,126.89792,37.10162
다사4601,pm,0.660594,0.61625,1.286,0.9336,0.3523,ok,0.0,4,4,4,0.5798,40.36,2852.0,384.0,0.0624,향남읍,0.3523,0.3523,0.80027,4,ADD_FREQ,31240140,읍,66.06,61.63,713.0,41590-36762,252.1,126.89784,37.11063
다사4602,pm,0.465123,0.535728,0.5373,0.6466,-0.1094,ok,0.0,3,3,3,0.2963,35.019,1428.0,57.0,0.0357,향남읍,-0.1094,-0.1094,0.71087,4,NEW_STOP,31240140,읍,46.51,53.57,357.0,41590-37225,422.2,126.89777,37.11965
다사4603,pm,0.797973,0.67565,1.8122,1.1453,0.6668,ok,0.0,4,4,4,0.5385,68.688,5910.0,721.0,0.1291,향남읍,0.6668,0.6668,0.89985,4,ADD_FREQ,31240140,읍,79.8,67.57,1477.5,41590-36908,276.9,126.8977,37.12866
다사4604,pm,0.354182,0.575741,0.1123,0.7893,-0.6769,mid,0.0,2,3,3,0.6782,24.764,216.0,714.0,0.5509,향남읍,-0.6769,-0.6769,0.43727,2,ADD_FREQ,31240140,읍,35.42,57.57,54.0,41590-55114,193.1,126.89763,37.13767
다사4605,pm,0.34243,0.656421,0.0673,1.0768,-1.0095,mid,0.0,1,3,4,0.6912,45.606,153.0,436.0,0.1895,팔탄면,-1.0095,-1.0095,0.4043,2,ADD_FREQ,31240380,면,34.24,65.64,38.2,41590-37234,185.3,126.89756,37.14669
다사4606,pm,0.363733,0.697734,0.1489,1.224,-1.0751,mid,0.0,1,3,4,0.773,54.661,135.0,581.0,0.1333,팔탄면,-1.0751,-1.0751,0.37952,2,ADD_FREQ,31240380,면,36.37,69.77,33.8,41590-36803,136.2,126.89749,37.1557
다사4607,pm,0.579015,0.569065,0.9735,0.7655,0.208,ok,0.0,3,4,3,0.528,30.493,739.0,2845.0,0.161,팔탄면,0.208,0.208,0.60923,4,ADD_FREQ,31240380,면,57.9,56.91,184.8,41590-55387,283.2,126.89742,37.16472
다사4608,pm,0.441618,0.417362,0.4472,0.2248,0.2225,mid,0.0,3,3,2,0.2502,14.797,318.0,1387.0,0.1069,팔탄면,0.2225,0.2225,0.49248,3,NEW_STOP,31240380,면,44.16,41.74,79.5,41590-55876,449.9,126.89734,37.17373
다사4609,pm,0.192652,0.011,-0.5063,-1.2235,0.5545,drt,0.0,4,1,0,0.05,0.0,133.0,103.0,0.2331,팔탄면,0.5545,0.7171,0.3853,2,DRT,31240380,면,19.27,1.1,33.2,41590-37766,852.4,126.89727,37.18274
다사4610,pm,0.210563,0.188074,-0.4377,-0.5924,0.1267,drt,0.0,3,1,1,0.3445,1.352,134.0,593.0,0.2687,팔탄면,0.1267,0.1546,0.38503,2,NEW_STOP,31240380,면,21.06,18.81,33.5,41590-37249,393.3,126.8972,37.19176
다사4611,pm,0.325263,0.469405,0.0016,0.4103,-0.4087,mid,0.0,2,3,3,0.77,8.827,193.0,289.0,0.5078,비봉면,-0.4087,-0.4087,0.42521,2,ADD_FREQ,31240330,면,32.53,46.94,48.2,41590-37233,138.0,126.89713,37.20077
다사4612,pm,0.154755,0.034936,-0.6515,-1.1382,0.3263,mid,0.0,4,1,1,0.05,0.2,58.0,30.0,0.5862,비봉면,0.3263,0.4867,0.29972,1,DRT,31240330,면,15.48,3.49,14.5,41590-37226,753.7,126.89706,37.20978
다사4613,pm,0.046119,0.011,-1.0676,-1.2235,0.0476,mid,0.0,3,0,0,0.05,0.0,8.0,0.0,0.625,비봉면,0.0476,0.1559,0.09224,0,DRT,31240330,면,4.61,1.1,2.0,41590-37226,1665.6,126.89699,37.2188
다사4614,pm,0.126836,0.011,-0.7584,-1.2235,0.274,mid,0.0,4,0,0,0.05,0.0,28.0,3.0,0.8214,비봉면,0.274,0.465,0.25367,1,DRT,31240330,면,12.68,1.1,7.0,41590-37246,852.0,126.89691,37.22781
다사4615,pm,0.226934,0.220632,-0.375,-0.4764,0.0871,drt,0.0,3,2,1,0.4233,1.641,218.0,120.0,0.4587,비봉면,0.0871,0.1013,0.44179,2,NEW_STOP,31240330,면,22.69,22.06,54.5,41590-37246,346.0,126.89684,37.23682
다사4616,pm,0.369423,0.65645,0.1707,1.0769,-0.9062,mid,0.0,1,3,4,0.5388,59.173,196.0,127.0,0.4235,비봉면,-0.9062,-0.9062,0.42248,2,ADD_FREQ,31240330,면,36.94,65.65,49.0,41590-37237,276.7,126.89677,37.24584
다사4617,pm,0.214895,0.620186,-0.4212,0.9477,-1.1362,over,0.0,1,1,4,0.9125,23.406,113.0,67.0,0.4425,매송면,-1.1362,-1.3688,0.37211,1,ADD_FREQ,31240310,면,21.49,62.02,28.2,41590-37180,52.5,126.8967,37.25485
다사4618,pm,0.122691,0.011,-0.7743,-1.2235,0.259,mid,0.0,4,0,0,0.05,0.0,28.0,72.0,0.5357,매송면,0.259,0.4492,0.24538,1,DRT,31240310,면,12.27,1.1,7.0,41590-37178,819.1,126.89663,37.26387
다사4619,pm,0.169705,0.011,-0.5942,-1.2235,0.448,drt,0.0,4,1,0,0.05,0.0,68.0,54.0,0.4559,매송면,0.448,0.6292,0.33941,1,DRT,31240310,면,16.97,1.1,17.0,41590-37215,893.0,126.89655,37.27288
다사4620,pm,0.090041,0.13915,-0.8994,-0.7668,-0.0625,mid,0.0,3,0,1,0.6325,0.0,23.0,50.0,0.6522,매송면,-0.0625,-0.1326,0.18008,0,ADD_FREQ,31240310,면,9.0,13.92,5.8,41590-55421,220.5,126.89648,37.28189
다사4700,pm,0.642014,0.613423,1.2148,0.9236,0.2912,ok,0.0,4,4,4,0.7945,27.249,3003.0,192.0,0.0982,향남읍,0.2912,0.2912,0.80713,4,ADD_FREQ,31240140,읍,64.2,61.34,750.8,41590-60091,123.3,126.90917,37.10168
다사4701,pm,0.877744,0.834158,2.1177,1.7103,0.4074,ok,0.0,4,4,4,0.7415,164.87,6976.0,1413.0,0.0626,향남읍,0.4074,0.4074,0.92849,4,ADD_FREQ,31240140,읍,87.77,83.42,1744.0,41590-55323,155.1,126.9091,37.11069
다사4702,pm,0.88425,0.703821,2.1426,1.2457,0.8969,need,1.3321,5,4,4,0.5973,77.258,7845.0,1928.0,0.0857,향남읍,0.8969,0.8969,0.94352,4,ADD_FREQ,31240140,읍,88.42,70.38,1961.2,41590-55288,241.6,126.90903,37.1197
다사4703,pm,0.927148,0.914138,2.3069,1.9953,0.3116,ok,0.0,4,4,4,0.849,253.745,6447.0,3058.0,0.1053,향남읍,0.3116,0.3116,0.91236,4,ADD_FREQ,31240140,읍,92.71,91.41,1611.8,41590-37265,90.6,126.90896,37.12872
다사4704,pm,0.863401,0.860461,2.0628,1.804,0.2588,ok,0.0,4,4,4,0.7952,184.234,4724.0,839.0,0.1397,향남읍,0.2588,0.2588,0.86701,4,ADD_FREQ,31240140,읍,86.34,86.05,1181.0,41590-36626,122.9,126.90889,37.13773
다사4705,pm,0.135885,0.011,-0.7238,-1.2235,0.3079,mid,0.0,4,1,0,0.05,0.0,53.0,27.0,0.0943,향남읍,0.3079,0.4997,0.27177,1,DRT,31240140,읍,13.59,1.1,13.2,41590-37240,865.4,126.90882,37.14674
다사4706,pm,0.286969,0.300667,-0.1451,-0.1911,0.046,mid,0.0,3,2,2,0.0758,7.698,93.0,313.0,0.3011,팔탄면,0.046,0.046,0.34929,1,DRT,31240380,면,28.7,30.07,23.2,41590-37257,554.5,126.90875,37.15576
다사4707,pm,0.604793,0.445601,1.0722,0.3254,0.7468,ok,0.0,5,4,3,0.252,18.528,1369.0,485.0,0.1936,팔탄면,0.7468,0.7468,0.69269,4,NEW_STOP,31240380,면,60.48,44.56,342.2,41590-55713,448.8,126.90868,37.16477
다사4708,pm,0.327685,0.473025,0.0109,0.4232,-0.4123,mid,0.0,2,3,3,0.6728,10.888,326.0,453.0,0.2515,팔탄면,-0.4123,-0.4123,0.49473,3,ADD_FREQ,31240380,면,32.77,47.3,81.5,41590-55878,196.3,126.90861,37.17379
다사4709,pm,0.330937,0.451328,0.0233,0.3458,-0.3225,mid,0.0,2,3,3,0.7063,8.527,338.0,52.0,0.2811,팔탄면,-0.3225,-0.3225,0.49979,3,ADD_FREQ,31240380,면,33.09,45.13,84.5,41590-55702,176.2,126.90854,37.1828
다사4710,pm,0.338896,0.465459,0.0538,0.3962,-0.3424,mid,0.0,2,3,3,0.8463,7.391,261.0,101.0,0.2989,팔탄면,-0.3424,-0.3424,0.46599,3,ADD_FREQ,31240380,면,33.89,46.55,65.2,41590-55765,92.2,126.90847,37.19181
다사4711,pm,0.134072,0.237822,-0.7307,-0.4151,-0.1928,mid,0.0,3,1,1,0.398,2.141,33.0,12.0,0.697,봉담읍,-0.1928,-0.3156,0.2394,0,NEW_STOP,31240120,읍,13.41,23.78,8.2,41590-36055,361.2,126.9084,37.20083
다사4712,pm,0.026544,0.011,-1.1426,-1.2235,0.0172,mid,0.0,3,0,0,0.05,0.0,5.0,0.0,1.0,봉담읍,0.0172,0.0809,0.05309,0,DRT,31240120,읍,2.65,1.1,1.2,41590-36055,1316.8,126.90833,37.20984
다사4713,pm,0.0,0.011,-1.2442,-1.2235,-0.0,mid,0.0,3,0,0,0.05,0.0,0.0,0.0,0.0,봉담읍,-0.0,-0.0208,0.0,0,DRT,31240120,읍,0.0,1.1,0.0,41590-36596,1541.0,126.90826,37.21885
다사4714,pm,0.0,0.251571,-1.2442,-0.3661,-0.0,mid,0.0,3,0,1,0.05,5.249,0.0,0.0,0.0,비봉면,-0.0,-0.8782,0.0,0,DRT,31240330,면,0.0,25.16,0.0,41590-37246,620.1,126.90819,37.22787
다사4715,pm,0.088325,0.297801,-0.9059,-0.2013,-0.3282,mid,0.0,2,0,2,0.06,7.739,28.0,8.0,0.3571,비봉면,-0.3282,-0.7046,0.17372,0,DRT,31240330,면,8.83,29.78,7.0,41590-37246,564.0,126.90812,37.23688
다사4716,pm,0.479102,0.568556,0.5908,0.7636,-0.1728,ok,0.0,3,3,3,0.4123,37.081,113.0,90.0,0.4336,매송면,-0.1728,-0.1728,0.37639,1,NEW_STOP,31240310,면,47.91,56.86,28.2,41590-37565,352.6,126.90804,37.2459
다사4717,pm,0.461338,0.617434,0.5228,0.9379,-0.4151,ok,0.0,2,3,4,0.5033,46.443,283.0,169.0,0.4064,매송면,-0.4151,-0.4151,0.47931,3,ADD_FREQ,31240310,면,46.13,61.74,70.8,41590-37263,298.0,126.90797,37.25491
다사4718,pm,0.260611,0.571504,-0.2461,0.7742,-0.96,mid,0.0,1,2,3,0.4718,34.25,104.0,72.0,0.5096,매송면,-0.96,-1.0202,0.35764,1,NEW_STOP,31240310,면,26.06,57.15,26.0,41590-60112,316.9,126.9079,37.26392
다사4719,pm,0.113577,0.422578,-0.8092,0.2434,-0.5773,mid,0.0,2,0,2,0.8522,4.994,0.0,90.0,0.0,매송면,-0.5773,-1.0526,0.0,0,ADD_FREQ,31240310,면,11.36,42.26,0.0,41590-60038,88.7,126.90783,37.27294
다사4720,pm,0.19892,0.562075,-0.4823,0.7406,-0.9654,over,0.0,1,1,3,0.9187,14.516,93.0,46.0,0.5054,매송면,-0.9654,-1.2229,0.34065,1,ADD_FREQ,31240310,면,19.89,56.21,23.2,41590-55421,48.8,126.90776,37.28195
다사4800,pm,0.203604,0.33274,-0.4644,-0.0768,-0.3106,mid,0.0,2,1,2,0.1512,8.788,113.0,130.0,0.3894,향남읍,-0.3106,-0.3876,0.36584,1,NEW_STOP,31240140,읍,20.36,33.27,28.2,41590-60048,509.3,126.92042,37.10173
다사4801,pm,0.749369,0.717069,1.626,1.2929,0.333,ok,0.0,4,4,4,0.8968,51.407,6782.0,427.0,0.0653,향남읍,0.333,0.333,0.92478,4,ADD_FREQ,31240140,읍,74.94,71.71,1695.5,41590-55332,61.9,126.92035,37.11075
다사4802,pm,0.79906,0.807733,1.8163,1.6161,0.2002,ok,0.0,3,4,4,0.7558,131.41,4646.0,729.0,0.1408,향남읍,0.2002,0.2002,0.86613,4,ADD_FREQ,31240140,읍,79.91,80.77,1161.5,41590-37281,146.5,126.92028,37.11976
다사4803,pm,1.0,0.96106,2.586,2.1625,0.4234,ok,0.0,4,4,4,0.823,561.321,17194.0,4345.0,0.0803,향남읍,0.4234,0.4234,1.0,4,ADD_FREQ,31240140,읍,100.0,96.11,4298.5,41590-55084,106.2,126.92022,37.12877
다사4804,pm,0.737849,0.828522,1.5819,1.6902,-0.1083,ok,0.0,3,4,4,0.6785,175.593,1412.0,1673.0,0.2486,향남읍,-0.1083,-0.1083,0.69593,4,ADD_FREQ,31240140,읍,73.78,82.85,353.0,41590-55368,192.9,126.92015,37.13779
다사4805,pm,0.481502,0.776673,0.6,1.5054,-0.9054,ok,0.0,1,3,4,0.7257,108.933,548.0,219.0,0.323,팔탄면,-0.9054,-0.9054,0.5634,3,ADD_FREQ,31240380,면,48.15,77.67,137.0,41590-36764,164.6,126.92008,37.1468
다사4806,pm,0.429183,0.491636,0.3996,0.4895,-0.0899,ok,0.0,3,3,3,0.242,27.198,543.0,1787.0,0.1087,봉담읍,-0.0899,-0.0899,0.5684,3,NEW_STOP,31240120,읍,42.92,49.16,135.8,41590-36620,454.8,126.92001,37.15581
다사4807,pm,0.251087,0.40047,-0.2825,0.1646,-0.4107,mid,0.0,2,2,2,0.8335,4.226,140.0,442.0,0.2071,봉담읍,-0.4107,-0.4471,0.387,2,ADD_FREQ,31240120,읍,25.11,40.05,35.0,41590-55729,99.9,126.91994,37.16483
다사4808,pm,0.030348,0.011,-1.128,-1.2235,0.0222,mid,0.0,3,0,0,0.05,0.0,5.0,5.0,0.0,봉담읍,0.0222,0.0955,0.05966,0,DRT,31240120,읍,3.03,1.1,1.2,41590-55788,606.3,126.91987,37.17384
다사4809,pm,0.150272,0.011,-0.6687,-1.2235,0.365,mid,0.0,4,1,0,0.05,0.0,56.0,57.0,0.4643,팔탄면,0.365,0.5548,0.30054,1,DRT,31240380,면,15.03,1.1,14.0,41590-55881,1097.3,126.9198,37.18286
다사4810,pm,0.127211,0.049325,-0.757,-1.0869,0.1948,mid,0.0,3,0,1,0.05,0.339,38.0,41.0,0.4737,봉담읍,0.1948,0.3299,0.24267,0,DRT,31240120,읍,12.72,4.93,9.5,41590-55851,750.6,126.91973,37.19187
다사4811,pm,0.293593,0.50812,-0.1197,0.5483,-0.668,mid,0.0,2,2,3,0.7338,13.022,148.0,192.0,0.2973,봉담읍,-0.668,-0.668,0.39155,2,ADD_FREQ,31240120,읍,29.36,50.81,37.0,41590-36060,159.7,126.91967,37.20088
다사4812,pm,0.167872,0.011,-0.6013,-1.2235,0.4399,mid,0.0,4,1,0,0.05,0.0,73.0,5.0,0.5753,봉담읍,0.4399,0.6222,0.33574,1,DRT,31240120,읍,16.79,1.1,18.2,41590-36067,1054.9,126.9196,37.2099
다사4813,pm,0.579002,0.202465,0.9735,-0.5411,1.5146,need,1.90177,6,4,1,0.05,3.299,1828.0,31.0,0.0569,봉담읍,1.5146,1.5146,0.74165,4,DRT,31240120,읍,57.9,20.25,457.0,41590-36596,688.7,126.91953,37.21891
다사4814,pm,0.687394,0.301849,1.3886,-0.1869,1.5755,need,2.03163,6,4,2,0.05,8.165,2827.0,149.0,0.0481,봉담읍,1.5755,1.5755,0.8027,4,DRT,31240120,읍,68.74,30.18,706.8,41590-36596,656.8,126.91946,37.22792
다사4815,pm,0.212375,0.374098,-0.4308,0.0706,-0.413,mid,0.0,2,1,2,0.2592,10.192,113.0,5.0,0.4867,봉담읍,-0.413,-0.5014,0.37772,1,NEW_STOP,31240120,읍,21.24,37.41,28.2,41590-55779,444.5,126.91939,37.23694
다사4816,pm,0.436312,0.577934,0.4269,0.7971,-0.3701,ok,0.0,2,3,3,0.2813,49.941,173.0,169.0,0.3295,매송면,-0.3701,-0.3701,0.41926,2,NEW_STOP,31240310,면,43.63,57.79,43.2,41590-37290,431.2,126.91932,37.24595
다사4817,pm,0.390369,0.60574,0.2509,0.8962,-0.6452,ok,0.0,2,3,4,0.2772,62.399,175.0,119.0,0.3257,매송면,-0.6452,-0.6452,0.42296,2,NEW_STOP,31240310,면,39.04,60.57,43.8,41590-60114,433.7,126.91925,37.25496
다사4818,pm,0.100595,0.362901,-0.8589,0.0307,-0.4509,mid,0.0,2,0,2,0.074,13.016,18.0,17.0,0.7222,매송면,-0.4509,-0.8896,0.18354,0,DRT,31240310,면,10.06,36.29,4.5,41590-60083,555.6,126.91918,37.26398
다사4819,pm,0.107496,0.011,-0.8325,-1.2235,0.2069,mid,0.0,3,0,0,0.05,0.0,18.0,9.0,0.8333,매송면,0.2069,0.391,0.21499,0,DRT,31240310,면,10.75,1.1,4.5,41590-60038,829.6,126.91911,37.27299
다사4820,pm,0.0,0.011,-1.2442,-1.2235,-0.0,mid,0.0,3,0,0,0.05,0.0,0.0,0.0,0.0,매송면,-0.0,-0.0208,0.0,0,DRT,31240310,면,0.0,1.1,0.0,41590-55453,900.4,126.91904,37.28201
다사4900,pm,0.256374,0.202979,-0.2623,-0.5393,0.2579,mid,0.0,4,2,1,0.1347,2.745,231.0,425.0,0.2251,양감면,0.2579,0.277,0.45161,2,DRT,31240420,면,25.64,20.3,57.8,41590-36087,519.2,126.93168,37.10179
다사4901,pm,0.364238,0.605382,0.1509,0.8949,-0.744,mid,0.0,1,3,4,0.8812,21.979,421.0,418.0,0.285,향남읍,-0.744,-0.744,0.52779,3,ADD_FREQ,31240140,읍,36.42,60.54,105.2,41590-37307,71.3,126.93161,37.1108
다사4902,pm,0.246111,0.038817,-0.3016,-1.1243,0.7459,mid,0.0,5,2,1,0.05,0.236,301.0,385.0,0.103,향남읍,0.7459,0.8228,0.48675,3,DRT,31240140,읍,24.61,3.88,75.2,41590-37980,747.8,126.93154,37.11981
다사4903,pm,0.829769,0.771751,1.9339,1.4878,0.4461,ok,0.0,4,4,4,0.7022,109.141,8265.0,1262.0,0.0651,향남읍,0.4461,0.4461,0.95079,4,ADD_FREQ,31240140,읍,82.98,77.18,2066.2,41590-37023,178.7,126.93147,37.12883
다사4904,pm,0.306275,0.132508,-0.0711,-0.7904,0.7193,mid,0.0,5,2,1,0.498,0.191,686.0,29.0,0.1924,향남읍,0.7193,0.7193,0.59679,4,NEW_STOP,31240140,읍,30.63,13.25,171.5,41590-55045,301.2,126.93141,37.13784
다사4905,pm,0.263413,0.193076,-0.2353,-0.5746,0.3214,mid,0.0,4,2,1,0.319,1.55,216.0,561.0,0.2546,봉담읍,0.3214,0.3392,0.44113,2,NEW_STOP,31240120,읍,26.34,19.31,54.0,41590-37009,408.6,126.93134,37.14686
다사4906,pm,0.540695,0.653701,0.8267,1.0671,-0.2404,ok,0.0,3,4,4,0.5068,61.172,740.0,1516.0,0.1284,팔탄면,-0.2404,-0.2404,0.60601,4,ADD_FREQ,31240380,면,54.07,65.37,185.0,41590-37302,295.9,126.93127,37.15587
다사4907,pm,0.630443,0.845915,1.1705,1.7522,-0.5817,ok,0.0,2,4,4,0.8682,145.716,1082.0,540.0,0.2052,봉담읍,-0.5817,-0.5817,0.65897,4,ADD_FREQ,31240120,읍,63.04,84.59,270.5,41590-36073,79.1,126.9312,37.16488
다사4908,pm,0.627146,0.65783,1.1579,1.0818,0.076,ok,0.0,3,4,4,0.6397,50.355,1524.0,845.0,0.2966,봉담읍,0.076,0.076,0.70616,4,ADD_FREQ,31240120,읍,62.71,65.78,381.0,41590-55707,216.2,126.93114,37.1739
다사4909,pm,0.526007,0.451754,0.7705,0.3474,0.4231,ok,0.0,4,4,3,0.05,27.709,596.0,1302.0,0.2819,봉담읍,0.4231,0.4231,0.57595,3,DRT,31240120,읍,52.6,45.18,149.0,41590-36083,664.3,126.93107,37.18291
다사4910,pm,0.41222,0.344335,0.3346,-0.0355,0.3701,mid,0.0,4,3,2,0.05,11.667,661.0,900.0,0.2254,봉담읍,0.3701,0.3701,0.58989,4,DRT,31240120,읍,41.22,34.43,165.2,41590-36090,701.1,126.931,37.19192
다사4911,pm,0.297235,0.511762,-0.1058,0.5612,-0.667,mid,0.0,2,2,3,0.613,16.652,133.0,363.0,0.3158,봉담읍,-0.667,-0.667,0.39428,2,ADD_FREQ,31240120,읍,29.72,51.18,33.2,41590-36072,232.2,126.93093,37.20094
다사4912,pm,0.076399,0.05185,-0.9516,-1.0779,0.0535,mid,0.0,3,0,1,0.05,0.365,8.0,3.0,1.25,봉담읍,0.0535,0.1263,0.15176,0,DRT,31240120,읍,7.64,5.19,2.0,41590-36069,754.4,126.93087,37.20995
다사4913,pm,0.312194,0.250621,-0.0485,-0.3695,0.321,mid,0.0,4,3,1,0.3292,2.886,58.0,5.0,0.2759,봉담읍,0.321,0.321,0.27944,1,NEW_STOP,31240120,읍,31.22,25.06,14.5,41590-36080,402.5,126.9308,37.21896
다사4914,pm,0.758472,0.639225,1.6609,1.0155,0.6453,ok,0.0,4,4,4,0.764,35.187,3560.0,133.0,0.0413,봉담읍,0.6453,0.6453,0.83621,4,ADD_FREQ,31240120,읍,75.85,63.92,890.0,41590-36070,141.6,126.93073,37.22798
다사4915,pm,0.207075,0.353685,-0.4511,-0.0022,-0.3638,mid,0.0,2,1,2,0.1352,10.793,123.0,18.0,0.4065,봉담읍,-0.3638,-0.449,0.37848,1,DRT,31240120,읍,20.71,35.37,30.8,41590-55324,518.9,126.93066,37.23699
다사4916,pm,0.630748,0.791704,1.1717,1.5589,-0.3873,ok,0.0,2,4,4,0.9492,83.761,872.0,258.0,0.3028,매송면,-0.3873,-0.3873,0.62859,4,ADD_FREQ,31240310,면,63.07,79.17,218.0,41590-37304,30.5,126.93059,37.24601
다사4917,pm,0.462209,0.224044,0.5261,-0.4642,0.9903,need,1.45018,5,3,1,0.05,4.067,918.0,123.0,0.2244,매송면,0.9903,0.9903,0.6351,4,DRT,31240310,면,46.22,22.4,229.5,41590-37298,739.8,126.93053,37.25502
다사5000,pm,0.235567,0.454341,-0.342,0.3566,-0.6155,over,0.0,2,2,3,0.6183,10.297,73.0,460.0,0.4247,양감면,-0.6155,-0.6986,0.31874,1,ADD_FREQ,31240420,면,23.56,45.43,18.2,41590-36115,229.0,126.94293,37.10184
다사5001,pm,0.224509,0.240402,-0.3843,-0.4059,0.0184,drt,0.0,3,2,1,0.124,4.07,130.0,424.0,0.2,향남읍,0.0184,0.0216,0.36991,1,DRT,31240140,읍,22.45,24.04,32.5,41590-37546,525.6,126.94286,37.11085
다사5002,pm,0.344866,0.557617,0.0767,0.7247,-0.648,mid,0.0,2,3,3,0.7813,17.879,219.0,778.0,0.3333,향남읍,-0.648,-0.648,0.44705,2,ADD_FREQ,31240140,읍,34.49,55.76,54.8,41590-36800,131.2,126.9428,37.11987
다사5003,pm,0.374652,0.476283,0.1908,0.4348,-0.244,mid,0.0,3,3,3,0.266,23.097,296.0,631.0,0.3074,향남읍,-0.244,-0.244,0.481,3,NEW_STOP,31240140,읍,37.47,47.63,74.0,41590-37617,440.4,126.94273,37.12888
다사5004,pm,0.323134,0.519579,-0.0066,0.5891,-0.5957,mid,0.0,2,3,3,0.6992,15.216,198.0,370.0,0.0758,향남읍,-0.5957,-0.5957,0.43967,2,ADD_FREQ,31240140,읍,32.31,51.96,49.5,41590-36633,180.5,126.94266,37.13789
다사5005,pm,0.289307,0.135558,-0.1361,-0.7796,0.6434,mid,0.0,4,2,1,0.172,1.105,282.0,389.0,0.2766,봉담읍,0.6434,0.6434,0.47047,3,NEW_STOP,31240120,읍,28.93,13.56,70.5,41590-55923,496.8,126.9426,37.14691
다사5006,pm,0.157025,0.025055,-0.6428,-1.1734,0.3592,mid,0.0,4,1,1,0.05,0.113,60.0,3.0,0.0833,봉담읍,0.3592,0.5306,0.28888,1,DRT,31240120,읍,15.7,2.51,15.0,41590-55923,725.8,126.94253,37.15592
다사5007,pm,0.273818,0.207908,-0.1955,-0.5217,0.317,mid,0.0,4,2,1,0.05,3.481,314.0,52.0,0.1146,봉담읍,0.317,0.3262,0.49526,3,DRT,31240120,읍,27.38,20.79,78.5,41590-36078,743.2,126.94247,37.16494
다사5008,pm,0.456749,0.595675,0.5052,0.8603,-0.3551,ok,0.0,2,3,3,0.4938,39.842,192.0,833.0,0.1875,봉담읍,-0.3551,-0.3551,0.43059,2,NEW_STOP,31240120,읍,45.67,59.57,48.0,41590-37639,303.7,126.9424,37.17395
다사5009,pm,0.546655,0.585207,0.8496,0.823,0.0266,ok,0.0,3,4,3,0.2895,52.111,505.0,1110.0,0.2535,봉담읍,0.0266,0.0266,0.55418,3,NEW_STOP,31240120,읍,54.67,58.52,126.2,41590-36091,426.3,126.94233,37.18296
다사5010,pm,0.635142,0.723177,1.1885,1.3147,-0.1262,ok,0.0,3,4,4,0.5335,99.929,981.0,1398.0,0.2365,봉담읍,-0.1262,-0.1262,0.64446,4,ADD_FREQ,31240120,읍,63.51,72.32,245.2,41590-36097,279.9,126.94227,37.19198
다사5011,pm,0.539996,0.79166,0.8241,1.5588,-0.7347,ok,0.0,1,4,4,0.7307,121.199,325.0,1247.0,0.2769,봉담읍,-0.7347,-0.7347,0.49649,3,ADD_FREQ,31240120,읍,54.0,79.17,81.2,41590-36729,161.6,126.9422,37.20099
다사5012,pm,0.594166,0.715624,1.0315,1.2878,-0.2563,ok,0.0,2,4,4,0.4458,109.365,357.0,80.0,0.014,봉담읍,-0.2563,-0.2563,0.5126,3,NEW_STOP,31240120,읍,59.42,71.56,89.2,41590-36111,332.5,126.94214,37.21
다사5013,pm,0.924178,0.841094,2.2955,1.735,0.5606,ok,0.0,4,4,4,0.436,290.772,6160.0,1131.0,0.1468,봉담읍,0.5606,0.5606,0.90511,4,NEW_STOP,31240120,읍,92.42,84.11,1540.0,41590-36119,338.4,126.94207,37.21902
다사5014,pm,0.937193,0.859575,2.3454,1.8008,0.5446,ok,0.0,4,4,4,0.922,147.76,8391.0,1888.0,0.0392,봉담읍,0.5446,0.5446,0.95711,4,ADD_FREQ,31240120,읍,93.72,85.96,2097.8,41590-55385,46.8,126.942,37.22803
다사5015,pm,0.671801,0.76148,1.3289,1.4512,-0.1223,ok,0.0,3,4,4,0.9235,69.29,2062.0,81.0,0.0456,봉담읍,-0.1223,-0.1223,0.76147,4,ADD_FREQ,31240120,읍,67.18,76.15,515.5,41590-55789,45.9,126.94194,37.23705
다사5016,pm,0.605491,0.754316,1.0749,1.4257,-0.3508,ok,0.0,2,4,4,0.7315,90.818,1192.0,631.0,0.2945,매송면,-0.3508,-0.3508,0.67,4,ADD_FREQ,31240310,면,60.55,75.43,298.0,41590-37313,161.1,126.94187,37.24606
다사5017,pm,0.12921,0.011,-0.7493,-1.2235,0.2828,mid,0.0,4,0,0,0.05,0.0,43.0,5.0,0.2326,매송면,0.2828,0.4741,0.25842,1,DRT,31240310,면,12.92,1.1,10.8,41590-37313,1155.3,126.9418,37.25507
다사5100,pm,0.220259,0.252688,-0.4006,-0.3621,-0.0325,drt,0.0,3,2,2,0.1815,4.056,161.0,55.0,0.3043,양감면,-0.0325,-0.0385,0.40886,2,NEW_STOP,31240420,면,22.03,25.27,40.2,41590-37507,491.1,126.95418,37.10189
다사5101,pm,0.212071,0.507155,-0.432,0.5448,-0.8039,over,0.0,1,1,3,0.6482,15.068,131.0,415.0,0.2366,향남읍,-0.8039,-0.9768,0.37319,1,ADD_FREQ,31240140,읍,21.21,50.72,32.8,41590-36631,211.1,126.95412,37.11091
다사5102,pm,0.360253,0.531732,0.1356,0.6324,-0.4968,mid,0.0,2,3,3,0.7547,15.209,389.0,1728.0,0.1671,향남읍,-0.4968,-0.4968,0.52403,3,ADD_FREQ,31240140,읍,36.03,53.17,97.2,41590-37517,147.2,126.95405,37.11992
다사5103,pm,0.469677,0.553277,0.5547,0.7092,-0.1545,ok,0.0,3,3,3,0.4555,30.532,262.0,1605.0,0.0496,향남읍,-0.1545,-0.1545,0.4678,3,NEW_STOP,31240140,읍,46.97,55.33,65.5,41590-37323,326.7,126.95399,37.12893
다사5104,pm,0.40257,0.455566,0.2977,0.361,-0.0633,ok,0.0,3,3,3,0.6695,9.466,362.0,1326.0,0.221,향남읍,-0.0633,-0.0633,0.51537,3,ADD_FREQ,31240140,읍,40.26,45.56,90.5,41590-37955,198.3,126.95392,37.13795
다사5105,pm,0.281046,0.166707,-0.1678,-0.6685,0.4949,mid,0.0,4,2,1,0.05,2.274,123.0,413.0,0.1057,정남면,0.4949,0.5008,0.3812,2,DRT,31240430,면,28.1,16.67,30.8,41590-37652,583.0,126.95386,37.14696
다사5106,pm,0.179422,0.011,-0.557,-1.2235,0.492,drt,0.0,4,1,0,0.05,0.0,109.0,344.0,0.4679,정남면,0.492,0.6665,0.35884,1,DRT,31240430,면,17.94,1.1,27.2,41590-36739,918.3,126.95379,37.15597
다사5107,pm,0.317424,0.396359,-0.0284,0.1499,-0.1784,mid,0.0,3,3,2,0.4902,8.004,274.0,423.0,0.354,정남면,-0.1784,-0.1784,0.47945,3,NEW_STOP,31240430,면,31.74,39.64,68.5,41590-37643,305.9,126.95373,37.16499
다사5108,pm,0.290111,0.264938,-0.1331,-0.3184,0.1854,mid,0.0,3,2,2,0.3135,3.449,164.0,680.0,0.122,정남면,0.1854,0.1854,0.41496,2,NEW_STOP,31240430,면,29.01,26.49,41.0,41590-37642,411.9,126.95366,37.174
다사5109,pm,0.165792,0.011,-0.6092,-1.2235,0.4308,mid,0.0,4,1,0,0.05,0.0,88.0,200.0,0.4091,정남면,0.4308,0.6143,0.33158,1,DRT,31240430,면,16.58,1.1,22.0,41590-37640,1079.9,126.9536,37.18302
다사5110,pm,0.129874,0.050307,-0.7468,-1.0834,0.2014,mid,0.0,3,1,1,0.2287,0.0,39.0,24.0,1.0,정남면,0.2014,0.3366,0.25975,1,NEW_STOP,31240430,면,12.99,5.03,9.8,41590-36097,462.8,126.95353,37.19203
다사5111,pm,0.242519,0.011,-0.3153,-1.2235,0.8155,mid,0.0,5,2,0,0.05,0.0,302.0,171.0,0.4934,봉담읍,0.8155,0.9081,0.48504,3,DRT,31240120,읍,24.25,1.1,75.5,41590-36752,661.3,126.95347,37.20104
다사5112,pm,0.59629,0.632998,1.0397,0.9933,0.0464,ok,0.0,3,4,4,0.5807,45.922,803.0,1407.0,0.1793,봉담읍,0.0464,0.0464,0.62021,4,ADD_FREQ,31240120,읍,59.63,63.3,200.8,41590-36011,251.6,126.9534,37.21006
다사5113,pm,1.0,0.979797,2.586,2.2293,0.3567,ok,0.0,4,4,4,0.9082,682.405,16292.0,4655.0,0.1226,봉담읍,0.3567,0.3567,1.0,4,ADD_FREQ,31240120,읍,100.0,97.98,4073.0,41590-37883,55.1,126.95334,37.21907
다사5114,pm,0.932641,0.90125,2.328,1.9494,0.3786,ok,0.0,4,4,4,0.7177,286.776,10332.0,1155.0,0.1165,봉담읍,0.3786,0.3786,0.98146,4,ADD_FREQ,31240120,읍,93.26,90.13,2583.0,41590-55338,169.4,126.95327,37.22808
다사5115,pm,0.874447,0.845995,2.1051,1.7524,0.3526,ok,0.0,4,4,4,0.8975,138.763,6338.0,680.0,0.1346,봉담읍,0.3526,0.3526,0.91098,4,ADD_FREQ,31240120,읍,87.44,84.6,1584.5,41590-37911,61.5,126.95321,37.2371
다사5116,pm,0.664673,0.757608,1.3016,1.4374,-0.1358,ok,0.0,3,4,4,0.6213,112.238,1461.0,614.0,0.2053,매송면,-0.1358,-0.1358,0.70093,4,ADD_FREQ,31240310,면,66.47,75.76,365.2,41590-37325,227.2,126.95314,37.24611
다사5200,pm,0.254254,0.388875,-0.2704,0.1233,-0.3645,mid,0.0,2,2,2,0.5645,6.509,228.0,467.0,0.1711,양감면,-0.3645,-0.3937,0.45898,3,ADD_FREQ,31240420,면,25.43,38.89,57.0,41590-36429,261.3,126.96544,37.10194
다사5201,pm,0.284718,0.506881,-0.1537,0.5438,-0.6952,mid,0.0,2,2,3,0.896,9.585,174.0,280.0,0.3161,향남읍,-0.6952,-0.6976,0.40586,2,ADD_FREQ,31240140,읍,28.47,50.69,43.5,41590-36467,62.4,126.96537,37.11096
다사5202,pm,0.306089,0.366598,-0.0719,0.0439,-0.1157,mid,0.0,3,2,2,0.4383,6.829,243.0,543.0,0.1852,향남읍,-0.1157,-0.1157,0.45957,3,NEW_STOP,31240140,읍,30.61,36.66,60.8,41590-37376,337.0,126.96531,37.11997
다사5203,pm,0.446223,0.622448,0.4649,0.9557,-0.4908,ok,0.0,2,3,4,0.7177,33.417,348.0,779.0,0.2356,향남읍,-0.4908,-0.4908,0.50564,3,ADD_FREQ,31240140,읍,44.62,62.24,87.0,41590-37330,169.4,126.96525,37.12898
다사5204,pm,0.279343,0.112043,-0.1743,-0.8634,0.6783,mid,0.0,4,2,1,0.05,1.159,245.0,1174.0,0.0939,향남읍,0.6783,0.6891,0.46131,3,DRT,31240140,읍,27.93,11.2,61.2,41590-37266,757.8,126.96518,37.138
다사5205,pm,0.295392,0.287383,-0.1128,-0.2385,0.1256,mid,0.0,3,2,2,0.359,3.891,143.0,754.0,0.2098,정남면,0.1256,0.1256,0.3942,2,NEW_STOP,31240430,면,29.54,28.74,35.8,41590-37653,384.6,126.96512,37.14701
다사5206,pm,0.462112,0.525624,0.5257,0.6106,-0.0849,ok,0.0,3,3,3,0.7892,13.603,525.0,1278.0,0.28,정남면,-0.0849,-0.0849,0.55914,3,ADD_FREQ,31240430,면,46.21,52.56,131.2,41590-36790,126.5,126.96506,37.15603
다사5207,pm,0.33264,0.345183,0.0298,-0.0325,0.0623,mid,0.0,3,3,2,0.4612,5.401,248.0,844.0,0.1573,정남면,0.0623,0.0623,0.46487,3,NEW_STOP,31240430,면,33.26,34.52,62.0,41590-37647,323.3,126.96499,37.16504
다사5208,pm,0.202812,0.011,-0.4674,-1.2235,0.6044,drt,0.0,4,1,0,0.05,0.0,166.0,346.0,0.2349,정남면,0.6044,0.7561,0.40562,2,DRT,31240430,면,20.28,1.1,41.5,41590-37646,887.2,126.96493,37.17405
다사5209,pm,0.22877,0.02013,-0.368,-1.1909,0.7114,drt,0.0,5,2,1,0.0915,0.0,245.0,346.0,0.3143,정남면,0.7114,0.8229,0.45754,3,DRT,31240430,면,22.88,2.01,61.2,41590-55365,545.1,126.96487,37.18307
다사5210,pm,0.207188,0.011,-0.4507,-1.2235,0.6264,drt,0.0,4,1,0,0.05,0.0,173.0,366.0,0.3584,정남면,0.6264,0.7728,0.41438,2,DRT,31240430,면,20.72,1.1,43.2,41590-36156,825.2,126.9648,37.19208
다사5211,pm,0.299246,0.614344,-0.0981,0.9268,-1.0249,mid,0.0,1,2,4,0.6375,36.009,148.0,649.0,0.25,봉담읍,-1.0249,-1.0249,0.3952,2,ADD_FREQ,31240120,읍,29.92,61.43,37.0,41590-36751,217.5,126.96474,37.20109
다사5212,pm,0.911367,0.719777,2.2465,1.3026,0.9439,need,1.47018,5,4,4,0.2668,152.758,11350.0,1923.0,0.0985,봉담읍,0.9439,0.9439,0.99532,4,NEW_STOP,31240120,읍,91.14,71.98,2837.5,41590-37972,439.9,126.96467,37.21011
다사5213,pm,0.960386,0.873315,2.4342,1.8498,0.5844,ok,0.0,4,4,4,0.5705,296.678,9762.0,2273.0,0.1347,봉담읍,0.5844,0.5844,0.97246,4,ADD_FREQ,31240120,읍,96.04,87.33,2440.5,41590-55916,257.7,126.96461,37.21912
다사5214,pm,0.607791,0.714678,1.0837,1.2844,-0.2007,ok,0.0,3,4,4,0.1237,187.002,943.0,353.0,0.1697,봉담읍,-0.2007,-0.2007,0.64494,4,DRT,31240120,읍,60.78,71.47,235.8,41590-36159,525.8,126.96455,37.22814
다사5300,pm,0.268393,0.281458,-0.2162,-0.2596,0.0416,mid,0.0,3,2,2,0.3517,3.733,238.0,1753.0,0.042,양감면,0.0416,0.0433,0.45834,3,NEW_STOP,31240420,면,26.84,28.15,59.5,41590-36181,389.0,126.97669,37.10199
다사5301,pm,0.318638,0.431352,-0.0238,0.2747,-0.2984,mid,0.0,2,3,2,0.5682,9.314,263.0,1444.0,0.1179,양감면,-0.2984,-0.2984,0.47567,3,ADD_FREQ,31240420,면,31.86,43.14,65.8,41590-36780,259.1,126.97663,37.11101
다사5302,pm,0.313999,0.416002,-0.0416,0.2199,-0.2615,mid,0.0,2,3,2,0.1142,18.636,129.0,937.0,0.155,향남읍,-0.2615,-0.2615,0.38674,2,DRT,31240140,읍,31.4,41.6,32.2,41590-37334,531.5,126.97657,37.12002
다사5303,pm,0.404669,0.496479,0.3057,0.5068,-0.201,ok,0.0,3,3,3,0.2272,28.994,375.0,1345.0,0.1333,향남읍,-0.201,-0.201,0.51833,3,NEW_STOP,31240140,읍,40.47,49.65,93.8,41590-37335,463.7,126.9765,37.12903
다사5304,pm,0.339067,0.568294,0.0545,0.7627,-0.7083,mid,0.0,1,3,3,0.844,17.437,270.0,1563.0,0.1815,향남읍,-0.7083,-0.7083,0.46949,3,ADD_FREQ,31240140,읍,33.91,56.83,67.5,41590-37336,93.6,126.97644,37.13805
다사5305,pm,0.280057,0.275799,-0.1716,-0.2797,0.1067,mid,0.0,3,2,2,0.1228,5.652,138.0,657.0,0.3188,정남면,0.1067,0.1082,0.3886,2,DRT,31240430,면,28.01,27.58,34.5,41590-55068,526.3,126.97638,37.14706
다사5306,pm,0.55077,0.468017,0.8653,0.4053,0.46,ok,0.0,4,4,3,0.2073,23.964,760.0,424.0,0.2303,정남면,0.46,0.46,0.61012,4,NEW_STOP,31240430,면,55.08,46.8,190.0,41590-55068,475.6,126.97632,37.15608
다사5307,pm,0.568935,0.545161,0.9349,0.6803,0.2546,ok,0.0,4,4,3,0.6358,20.911,780.0,1623.0,0.2795,정남면,0.2546,0.2546,0.61178,4,ADD_FREQ,31240430,면,56.89,54.52,195.0,41590-36367,218.5,126.97626,37.16509
다사5308,pm,0.308718,0.376214,-0.0618,0.0781,-0.1399,mid,0.0,3,3,2,0.3193,9.283,218.0,264.0,0.2844,정남면,-0.1399,-0.1399,0.44107,2,NEW_STOP,31240430,면,30.87,37.62,54.5,41590-37572,408.4,126.97619,37.1741
다사5309,pm,0.271807,0.348066,-0.2032,-0.0222,-0.175,mid,0.0,3,2,2,0.6797,3.537,163.0,783.0,0.3497,정남면,-0.175,-0.181,0.40264,2,ADD_FREQ,31240430,면,27.18,34.81,40.8,41590-55365,192.2,126.97613,37.18312
다사5310,pm,0.650252,0.416434,1.2464,0.2215,1.0249,need,1.34941,5,4,2,0.4542,10.144,1066.0,556.0,0.1276,정남면,1.0249,1.0249,0.66108,4,NEW_STOP,31240430,면,65.03,41.64,266.5,41590-36622,327.5,126.97607,37.19213
다사5311,pm,0.57129,0.670018,0.9439,1.1253,-0.1813,ok,0.0,3,4,4,0.5378,65.836,1092.0,971.0,0.2161,봉담읍,-0.1813,-0.1813,0.66082,4,ADD_FREQ,31240120,읍,57.13,67.0,273.0,41590-36197,277.3,126.97601,37.20115
다사5312,pm,0.980582,0.843863,2.5116,1.7448,0.7667,need,1.17151,5,4,4,0.4015,314.726,9062.0,3314.0,0.0976,봉담읍,0.7667,0.7667,0.96116,4,NEW_STOP,31240120,읍,98.06,84.39,2265.5,41590-55773,359.1,126.97594,37.21016
다사5313,pm,1.0,0.969163,2.586,2.1914,0.3946,ok,0.0,4,4,4,0.8598,787.191,14905.0,3828.0,0.104,봉담읍,0.3946,0.3946,1.0,4,ADD_FREQ,31240120,읍,100.0,96.92,3726.2,41590-36195,84.1,126.97588,37.21917
다사5314,pm,0.901608,0.85623,2.2091,1.7889,0.4202,ok,0.0,4,4,4,0.3465,472.868,7251.0,1931.0,0.1878,기배동,0.4202,0.4202,0.92732,4,NEW_STOP,31240560,동,90.16,85.62,1812.8,41590-36172,392.1,126.97582,37.22819
다사5400,pm,0.332471,0.357121,0.0292,0.0101,0.0191,mid,0.0,3,3,2,0.4168,6.551,328.0,1112.0,0.1738,양감면,0.0191,0.0191,0.50313,3,NEW_STOP,31240420,면,33.25,35.71,82.0,41590-36241,349.9,126.98794,37.10204
다사5401,pm,0.308273,0.439648,-0.0635,0.3042,-0.3677,mid,0.0,2,3,3,0.5898,9.595,274.0,914.0,0.1898,양감면,-0.3677,-0.3677,0.47319,3,ADD_FREQ,31240420,면,30.83,43.96,68.5,41590-36268,246.1,126.98788,37.11106
다사5402,pm,0.4312,0.535021,0.4073,0.6441,-0.2368,ok,0.0,3,3,3,0.5392,22.849,324.0,885.0,0.2623,양감면,-0.2368,-0.2368,0.49819,3,ADD_FREQ,31240420,면,43.12,53.5,81.0,41590-37345,276.5,126.98782,37.12007
다사5403,pm,0.391625,0.367441,0.2558,0.0469,0.2089,mid,0.0,3,3,2,0.1377,12.041,206.0,1338.0,0.2184,향남읍,0.2089,0.2089,0.4401,2,DRT,31240140,읍,39.16,36.74,51.5,41590-37343,517.4,126.98776,37.12908
다사5404,pm,0.296776,0.387789,-0.1075,0.1194,-0.2269,mid,0.0,3,2,2,0.6953,4.981,392.0,1756.0,0.1531,정남면,-0.2269,-0.2269,0.52187,3,ADD_FREQ,31240430,면,29.68,38.78,98.0,41590-37483,182.8,126.9877,37.1381
다사5405,pm,0.235698,0.379504,-0.3415,0.0899,-0.3802,mid,0.0,2,2,2,0.535,6.346,164.0,655.0,0.1402,정남면,-0.3802,-0.4313,0.40437,2,ADD_FREQ,31240430,면,23.57,37.95,41.0,41590-37528,279.0,126.98764,37.14711
다사5406,pm,0.483772,0.425599,0.6087,0.2541,0.3546,ok,0.0,4,3,2,0.1547,18.739,357.0,771.0,0.3081,정남면,0.3546,0.3546,0.50936,3,NEW_STOP,31240430,면,48.38,42.56,89.2,41590-36225,507.2,126.98758,37.15613
다사5407,pm,0.689627,0.572298,1.3972,0.777,0.6202,ok,0.0,4,4,3,0.348,42.642,2359.0,659.0,0.1162,정남면,0.6202,0.6202,0.77081,4,NEW_STOP,31240430,면,68.96,57.23,589.8,41590-36236,391.2,126.98752,37.16514
다사5408,pm,0.51671,0.658614,0.7349,1.0846,-0.3498,ok,0.0,2,4,4,0.586,55.524,491.0,692.0,0.2709,정남면,-0.3498,-0.3498,0.54817,3,ADD_FREQ,31240430,면,51.67,65.86,122.8,41590-36259,248.4,126.98746,37.17415
다사5409,pm,0.460026,0.523515,0.5178,0.6031,-0.0854,ok,0.0,3,3,3,0.4065,26.287,333.0,1128.0,0.2012,정남면,-0.0854,-0.0854,0.50074,3,NEW_STOP,31240430,면,46.0,52.35,83.2,41590-36260,356.1,126.9874,37.18317
다사5410,pm,0.546663,0.5251,0.8496,0.6088,0.2408,ok,0.0,3,4,3,0.1527,41.26,763.0,1048.0,0.228,정남면,0.2408,0.2408,0.60963,4,NEW_STOP,31240430,면,54.67,52.51,190.8,41590-55454,508.4,126.98734,37.19218
다사5411,pm,0.67694,0.804433,1.3486,1.6043,-0.2557,ok,0.0,2,4,4,0.4277,222.785,898.0,4382.0,0.2773,화산동,-0.2557,-0.2557,0.63227,4,NEW_STOP,31240570,동,67.69,80.44,224.5,41590-55164,343.4,126.98727,37.20119
다사5412,pm,0.6299,0.860751,1.1684,1.805,-0.6366,ok,0.0,2,4,4,0.5767,266.729,657.0,1304.0,0.137,화산동,-0.6366,-0.6366,0.5912,4,ADD_FREQ,31240570,동,62.99,86.08,164.2,41590-55344,254.0,126.98721,37.21021
다사5413,pm,0.752394,0.97492,1.6376,2.2119,-0.5743,ok,0.0,2,4,4,0.886,691.612,3720.0,838.0,0.1317,기배동,-0.5743,-0.5743,0.83668,4,ADD_FREQ,31240560,동,75.24,97.49,930.0,41590-55794,68.4,126.98715,37.21922
다사5414,pm,0.524944,0.964397,0.7664,2.1744,-1.408,ok,0.0,0,4,4,0.8382,525.971,615.0,1580.0,0.4033,기배동,-1.408,-1.408,0.57751,3,ADD_FREQ,31240560,동,52.49,96.44,153.8,41590-55820,97.1,126.98709,37.22824
다사5501,pm,0.026544,0.011,-1.1426,-1.2235,0.0172,mid,0.0,3,0,0,0.05,0.0,5.0,3.0,1.0,양감면,0.0172,0.0809,0.05309,0,DRT,31240420,면,2.65,1.1,1.2,41590-36271,805.6,126.99914,37.1111
다사5502,pm,0.365471,0.501499,0.1556,0.5247,-0.3691,mid,0.0,2,3,3,0.4023,22.236,132.0,434.0,0.1591,양감면,-0.3691,-0.3691,0.39095,2,NEW_STOP,31240420,면,36.55,50.15,33.0,41590-36278,358.6,126.99908,37.12012
다사5503,pm,0.18849,0.320498,-0.5223,-0.1204,-0.3063,mid,0.0,2,1,2,0.7655,2.185,58.0,421.0,0.2586,정남면,-0.3063,-0.4019,0.29012,1,ADD_FREQ,31240430,면,18.85,32.05,14.5,41590-37351,140.7,126.99902,37.12913
다사5504,pm,0.153647,0.011,-0.6557,-1.2235,0.3789,mid,0.0,4,1,0,0.05,0.0,63.0,538.0,0.0794,정남면,0.3789,0.5677,0.30729,1,DRT,31240430,면,15.36,1.1,15.8,41590-37483,832.1,126.99896,37.13815
다사5505,pm,0.099139,0.011,-0.8645,-1.2235,0.1802,mid,0.0,3,0,0,0.05,0.0,13.0,8.0,0.3846,정남면,0.1802,0.359,0.19828,0,DRT,31240430,면,9.91,1.1,3.2,41590-36486,871.1,126.9989,37.14716
다사5506,pm,0.124343,0.102394,-0.768,-0.8978,0.0755,mid,0.0,3,0,1,0.05,1.006,23.0,11.0,0.2174,정남면,0.0755,0.1298,0.21316,0,DRT,31240430,면,12.43,10.24,5.8,41590-36286,678.3,126.99884,37.15617
다사5507,pm,0.290118,0.451957,-0.133,0.3481,-0.4811,mid,0.0,2,2,3,0.5553,11.329,94.0,604.0,0.3298,정남면,-0.4811,-0.4811,0.34528,1,ADD_FREQ,31240430,면,29.01,45.2,23.5,41590-36485,266.8,126.99878,37.16519
다사5509,pm,0.453224,0.695906,0.4917,1.2175,-0.7258,ok,0.0,1,3,4,0.7813,53.13,313.0,802.0,0.2396,정남면,-0.7258,-0.7258,0.49215,3,ADD_FREQ,31240430,면,45.32,69.59,78.2,41590-36277,131.2,126.99866,37.18322
다사5510,pm,0.459014,0.506534,0.5139,0.5426,-0.0287,ok,0.0,3,3,3,0.317,26.856,303.0,2282.0,0.2937,화산동,-0.0287,-0.0287,0.48371,3,NEW_STOP,31240570,동,45.9,50.65,75.8,41590-55169,409.8,126.9986,37.19223
다사5511,pm,0.739312,0.722711,1.5875,1.3131,0.2744,ok,0.0,4,4,4,0.4405,116.532,2501.0,1415.0,0.1383,화산동,0.2744,0.2744,0.77898,4,NEW_STOP,31240570,동,73.93,72.27,625.2,41590-36999,335.7,126.99854,37.20124
다사5512,pm,0.745198,0.674898,1.61,1.1427,0.4674,ok,0.0,4,4,4,0.4812,75.277,2671.0,753.0,0.0464,화산동,0.4674,0.4674,0.79618,4,NEW_STOP,31240570,동,74.52,67.49,667.8,41590-36281,311.3,126.99848,37.21026
다사5513,pm,0.226196,0.011,-0.3779,-1.2235,0.7257,drt,0.0,5,2,0,0.05,0.0,213.0,1351.0,0.3615,기배동,0.7257,0.8456,0.45239,2,DRT,31240560,동,22.62,1.1,53.2,41590-55795,813.0,126.99842,37.21927
다사5603,pm,0.243376,0.460483,-0.3121,0.3785,-0.6215,over,0.0,2,2,3,0.6313,10.583,307.0,595.0,0.3257,정남면,-0.6215,-0.6905,0.48675,3,ADD_FREQ,31240430,면,24.34,46.05,76.8,41590-37917,221.2,127.01028,37.12918
다사5604,pm,0.321566,0.148636,-0.0126,-0.7329,0.7204,mid,0.0,5,3,1,0.05,1.853,212.0,363.0,0.2547,정남면,0.7204,0.7204,0.44305,2,DRT,31240430,면,32.16,14.86,53.0,41590-36310,600.0,127.01022,37.13819
다사5605,pm,0.41778,0.469424,0.3559,0.4103,-0.0544,ok,0.0,3,3,3,0.6593,10.831,300.0,737.0,0.2067,정남면,-0.0544,-0.0544,0.48905,3,ADD_FREQ,31240430,면,41.78,46.94,75.0,41590-36306,204.4,127.01016,37.14721
다사5606,pm,0.285586,0.243265,-0.1504,-0.3957,0.245,mid,0.0,3,2,1,0.225,3.375,244.0,724.0,0.2951,정남면,0.245,0.2453,0.45564,2,NEW_STOP,31240430,면,28.56,24.33,61.0,41590-36297,465.0,127.0101,37.15622
다사5607,pm,0.351405,0.447796,0.1017,0.3333,-0.2316,mid,0.0,3,3,3,0.628,9.575,370.0,978.0,0.2838,정남면,-0.2316,-0.2316,0.51756,3,ADD_FREQ,31240430,면,35.14,44.78,92.5,41590-36299,223.2,127.01004,37.16523
다사5611,pm,0.881453,0.85184,2.1319,1.7733,0.3586,ok,0.0,4,4,4,0.8007,170.87,5822.0,952.0,0.1371,화산동,0.3586,0.3586,0.89894,4,ADD_FREQ,31240570,동,88.15,85.18,1455.5,41590-36305,119.6,127.00981,37.20129
다사5612,pm,0.879387,0.848115,2.124,1.76,0.364,ok,0.0,4,4,4,0.8847,144.126,6872.0,1330.0,0.1509,화산동,0.364,0.364,0.92067,4,ADD_FREQ,31240570,동,87.94,84.81,1718.0,41590-36301,69.2,127.00975,37.2103
다사5613,pm,0.262239,0.346563,-0.2398,-0.0275,-0.2006,mid,0.0,3,2,2,0.113,10.593,138.0,144.0,0.3986,화산동,-0.2006,-0.2123,0.38458,2,DRT,31240570,동,26.22,34.66,34.5,41590-36323,532.2,127.00969,37.21932
다사5704,pm,0.443539,0.498533,0.4546,0.5141,-0.0595,ok,0.0,3,3,3,0.6363,14.348,704.0,1772.0,0.206,정남면,-0.0595,-0.0595,0.59961,4,ADD_FREQ,31240430,면,44.35,49.85,176.0,41590-36329,218.2,127.02148,37.13824
다사5705,pm,0.207994,0.044227,-0.4476,-1.1051,0.5343,drt,0.0,4,1,1,0.05,0.288,145.0,1423.0,0.2828,정남면,0.5343,0.6575,0.40023,2,DRT,31240430,면,20.8,4.42,36.2,41590-36334,760.6,127.02142,37.14725
다사5706,pm,0.298862,0.216499,-0.0995,-0.4911,0.3915,mid,0.0,4,2,1,0.05,3.784,360.0,933.0,0.2778,정남면,0.3915,0.3915,0.50992,3,DRT,31240430,면,29.89,21.65,90.0,41590-36331,628.2,127.02136,37.15627
다사5707,pm,0.487655,0.412351,0.6236,0.2069,0.4166,mid,0.0,4,3,2,0.391,11.009,2739.0,691.0,0.0796,정남면,0.4166,0.4166,0.7967,4,NEW_STOP,31240430,면,48.77,41.24,684.8,41590-36270,365.4,127.02131,37.16528
다사5711,pm,0.87375,0.813876,2.1024,1.638,0.4644,ok,0.0,4,4,4,0.637,168.327,5946.0,360.0,0.1189,화산동,0.4644,0.4644,0.90222,4,ADD_FREQ,31240570,동,87.37,81.39,1486.5,41590-55415,217.8,127.02108,37.20134
다사5712,pm,0.752175,0.5989,1.6367,0.8718,0.7649,need,1.2233,5,4,3,0.1087,78.815,2769.0,605.0,0.2113,화산동,0.7649,0.7649,0.78976,4,DRT,31240570,동,75.22,59.89,692.2,41590-36328,534.8,127.02102,37.21035
다사5713,pm,0.402952,0.783033,0.2991,1.528,-1.2289,ok,0.0,0,3,4,0.7123,116.997,364.0,1128.0,0.3984,화산동,-1.2289,-1.2289,0.50723,3,ADD_FREQ,31240570,동,40.3,78.3,91.0,41590-36322,172.6,127.02097,37.21936
다사5804,pm,0.600001,0.474123,1.0539,0.4271,0.6268,ok,0.0,4,4,3,0.7477,9.575,1037.0,2529.0,0.1389,정남면,0.6268,0.6268,0.65558,4,ADD_FREQ,31240430,면,60.0,47.41,259.2,41590-36481,151.4,127.03274,37.13828
다사5811,pm,0.989222,0.955212,2.5447,2.1417,0.403,ok,0.0,4,4,4,0.8148,367.845,10073.0,2725.0,0.0753,병점1동,0.403,0.403,0.97844,4,ADD_FREQ,31240530,동,98.92,95.52,2518.2,41590-36679,111.1,127.03235,37.20138
다사5812,pm,0.974978,0.989917,2.4901,2.2654,0.2247,ok,0.0,3,4,4,0.9542,717.084,8524.0,6429.0,0.1273,진안동,0.2247,0.2247,0.94996,4,ADD_FREQ,31240520,동,97.5,98.99,2131.0,41590-36340,27.5,127.03229,37.21039
다사5813,pm,0.722252,0.799409,1.5221,1.5864,-0.0643,ok,0.0,3,4,4,0.48,196.3,4633.0,976.0,0.0814,진안동,-0.0643,-0.0643,0.86634,4,NEW_STOP,31240520,동,72.23,79.94,1158.2,41590-55573,312.0,127.03224,37.21941
다사5814,pm,0.456902,0.752006,0.5058,1.4175,-0.9117,ok,0.0,1,3,4,0.6938,95.094,482.0,1183.0,0.3527,진안동,-0.9117,-0.9117,0.54538,3,ADD_FREQ,31240520,동,45.69,75.2,120.5,41590-55029,183.7,127.03218,37.22842
다사5911,pm,1.0,0.97338,2.586,2.2064,0.3795,ok,0.0,4,4,4,0.879,543.122,19592.0,2064.0,0.1282,진안동,0.3795,0.3795,1.0,4,ADD_FREQ,31240520,동,100.0,97.34,4898.0,41590-55295,72.6,127.04362,37.20143
다사5912,pm,1.0,0.969237,2.586,2.1917,0.3943,ok,0.0,4,4,4,0.8602,568.301,25931.0,8904.0,0.1164,병점2동,0.3943,0.3943,1.0,4,ADD_FREQ,31240540,동,100.0,96.92,6482.8,41590-55234,83.9,127.04356,37.21044
다사5913,pm,0.979575,0.835872,2.5077,1.7164,0.7914,need,1.29005,5,4,4,0.4468,274.349,12437.0,3544.0,0.1297,진안동,0.7914,0.7914,1.0,4,NEW_STOP,31240520,동,97.96,83.59,3109.2,41590-37983,331.9,127.04351,37.21945
다사5914,pm,0.818242,0.779457,1.8898,1.5153,0.3745,ok,0.0,4,4,4,0.6068,136.032,4040.0,1522.0,0.1069,진안동,0.3745,0.3745,0.84824,4,ADD_FREQ,31240520,동,81.82,77.95,1010.0,41590-36754,235.9,127.04345,37.22847
다사5915,pm,0.5,0.787563,0.6709,1.5442,-0.8733,ok,0.0,1,3,4,0.8132,102.151,15890.0,2177.0,0.0437,진안동,-0.8733,-0.8733,1.0,4,ADD_FREQ,31240520,동,50.0,78.76,3972.5,41590-36418,112.1,127.0434,37.23748
다사6011,pm,0.971375,0.906071,2.4763,1.9666,0.5098,ok,0.0,4,4,4,0.9235,210.447,19045.0,3136.0,0.0705,동탄3동,0.5098,0.5098,1.0,4,ADD_FREQ,31240620,동,97.14,90.61,4761.2,41590-37720,45.9,127.05488,37.20147
다사6012,pm,1.0,0.952627,2.586,2.1325,0.4535,ok,0.0,4,4,4,0.7847,446.624,19701.0,3205.0,0.0994,동탄3동,0.4535,0.4535,1.0,4,ADD_FREQ,31240620,동,100.0,95.26,4925.2,41590-55020,129.2,127.05483,37.21048
다사6013,pm,1.0,0.918673,2.586,2.0115,0.5745,ok,0.0,4,4,4,0.6303,660.021,20162.0,4099.0,0.0617,진안동,0.5745,0.5745,1.0,4,ADD_FREQ,31240520,동,100.0,91.87,5040.5,41590-37574,221.8,127.05478,37.2195
다사6014,pm,0.825229,0.855426,1.9166,1.7861,0.1305,ok,0.0,3,4,4,0.5705,258.758,7221.0,3865.0,0.0836,반월동,0.1305,0.1305,0.93205,4,ADD_FREQ,31240550,동,82.52,85.54,1805.2,41590-36484,257.7,127.05473,37.22851
다사6110,pm,0.99281,0.96238,2.5584,2.1672,0.3912,ok,0.0,4,4,4,0.829,402.63,14415.0,1939.0,0.1314,동탄2동,0.3912,0.3912,1.0,4,ADD_FREQ,31240600,동,99.28,96.24,3603.8,41590-37699,102.6,127.0662,37.1925
다사6111,pm,1.0,0.949657,2.586,2.1219,0.4641,ok,0.0,4,4,4,0.7712,910.969,21450.0,4476.0,0.0625,동탄1동,0.4641,0.4641,1.0,4,ADD_FREQ,31240610,동,100.0,94.97,5362.5,41590-37588,137.3,127.06615,37.20151
다사6112,pm,1.0,0.938363,2.586,2.0816,0.5043,ok,0.0,4,4,4,0.7198,764.941,11836.0,3878.0,0.0967,동탄1동,0.5043,0.5043,1.0,4,ADD_FREQ,31240610,동,100.0,93.84,2959.0,41590-36960,168.1,127.0661,37.21052
다사6113,pm,0.715909,0.695931,1.4978,1.2176,0.2802,ok,0.0,4,4,4,0.1163,164.0,721.0,5390.0,0.2039,반월동,0.2802,0.2802,0.60318,4,DRT,31240550,동,71.59,69.59,180.2,41590-55442,530.2,127.06605,37.21954
다사6114,pm,0.994132,0.96018,2.5635,2.1594,0.4041,ok,0.0,4,4,4,0.819,803.911,10797.0,59383.0,0.0807,반월동,0.4041,0.4041,0.98826,4,ADD_FREQ,31240550,동,99.41,96.02,2699.2,41590-37592,108.6,127.066,37.22855
다사6115,pm,1.0,0.951972,2.586,2.1301,0.4558,ok,0.0,4,4,4,0.8433,342.074,22934.0,3896.0,0.1128,반월동,0.4558,0.4558,1.0,4,ADD_FREQ,31240550,동,100.0,95.2,5733.5,41590-36615,94.0,127.06595,37.23757
다사6207,pm,0.510606,0.457632,0.7115,0.3683,0.3432,ok,0.0,4,4,3,0.716,8.835,2074.0,761.0,0.1398,동탄6동,0.3432,0.3432,0.75399,4,ADD_FREQ,31240700,동,51.06,45.76,518.5,41590-55459,170.4,127.07762,37.16549
다사6208,pm,0.319369,0.425425,-0.021,0.2535,-0.2745,mid,0.0,2,3,2,0.6315,7.866,228.0,697.0,0.3509,동탄6동,-0.2745,-0.2745,0.44299,2,ADD_FREQ,31240700,동,31.94,42.54,57.0,41590-36424,221.1,127.07757,37.17451
다사6209,pm,0.633957,0.882077,1.1839,1.881,-0.6971,ok,0.0,2,4,4,0.922,175.572,1508.0,2891.0,0.0995,동탄6동,-0.6971,-0.6971,0.71153,4,ADD_FREQ,31240700,동,63.4,88.21,377.0,41590-36412,46.8,127.07752,37.18352
다사6210,pm,1.0,0.972317,2.586,2.2027,0.3833,ok,0.0,4,4,4,0.8742,669.162,16916.0,4792.0,0.0632,동탄2동,0.3833,0.3833,1.0,4,ADD_FREQ,31240600,동,100.0,97.23,4229.0,41590-37669,75.5,127.07747,37.19254
다사6211,pm,0.944594,0.733444,2.3737,1.3513,1.0224,need,1.47077,5,4,4,0.4602,122.409,7429.0,8499.0,0.0664,동탄1동,1.0224,1.0224,0.93478,4,NEW_STOP,31240610,동,94.46,73.34,1857.2,41590-55724,323.9,127.07742,37.20155
다사6212,pm,1.0,0.991017,2.586,2.2693,0.3167,ok,0.0,4,4,4,0.9592,896.785,13931.0,4049.0,0.0576,동탄1동,0.3167,0.3167,1.0,4,ADD_FREQ,31240610,동,100.0,99.1,3482.8,41590-37758,24.5,127.07737,37.21056
다사6213,pm,0.86853,0.840654,2.0824,1.7334,0.349,ok,0.0,4,4,4,0.5767,228.729,1825.0,9918.0,0.0312,동탄1동,0.349,0.349,0.73706,4,ADD_FREQ,31240610,동,86.85,84.07,456.2,41590-36414,254.0,127.07732,37.21958
다사6307,pm,0.731901,0.613494,1.5591,0.9238,0.6353,ok,0.0,4,4,4,0.8263,25.796,2005.0,6769.0,0.0758,동탄6동,0.6353,0.6353,0.75254,4,ADD_FREQ,31240700,동,73.19,61.35,501.2,41590-55092,104.2,127.08889,37.16553
다사6308,pm,0.569316,0.528323,0.9364,0.6203,0.3161,ok,0.0,4,4,3,0.6837,16.789,182.0,6467.0,0.0275,동탄6동,0.3161,0.3161,0.42803,2,ADD_FREQ,31240700,동,56.93,52.83,45.5,41590-55103,189.8,127.08884,37.17455
다사6309,pm,0.862227,0.647422,2.0583,1.0447,1.0135,need,1.38468,5,4,4,0.3842,71.794,5050.0,2978.0,0.0531,동탄6동,1.0135,1.0135,0.88215,4,NEW_STOP,31240700,동,86.22,64.74,1262.5,41590-36704,369.5,127.08879,37.18356
다사6310,pm,0.895635,0.762479,2.1862,1.4548,0.7314,ok,0.0,5,4,4,0.7702,90.578,9365.0,1250.0,0.0479,동탄6동,0.7314,0.7314,0.97064,4,ADD_FREQ,31240700,동,89.56,76.25,2341.2,41590-55761,137.9,127.08874,37.19258
다사6311,pm,0.9266,0.65411,2.3048,1.0686,1.2363,need,1.73489,6,4,4,0.4317,69.738,8976.0,3032.0,0.0392,동탄6동,1.2363,1.2363,0.96313,4,NEW_STOP,31240700,동,92.66,65.41,2244.0,41590-37134,341.0,127.08869,37.20159
다사6312,pm,0.926591,0.91645,2.3048,2.0035,0.3012,ok,0.0,4,4,4,0.7172,322.369,4060.0,13906.0,0.0438,동탄5동,0.3012,0.3012,0.85318,4,ADD_FREQ,31240650,동,92.66,91.64,1015.0,41590-55937,169.7,127.08864,37.2106
다사6406,pm,0.721287,0.945147,1.5184,2.1058,-0.5874,ok,0.0,2,4,4,0.7507,379.406,1151.0,1668.0,0.1025,동탄8동,-0.5874,-0.5874,0.67179,4,ADD_FREQ,31240710,동,72.13,94.51,287.8,41590-55519,149.6,127.1002,37.15656
다사6407,pm,0.976816,0.921216,2.4972,2.0205,0.4766,ok,0.0,4,4,4,0.8108,285.615,12808.0,2484.0,0.041,동탄7동,0.4766,0.4766,1.0,4,ADD_FREQ,31240691,동,97.68,92.12,3202.0,41590-55592,113.5,127.10015,37.16557
다사6408,pm,0.935176,0.801498,2.3377,1.5939,0.7438,ok,0.0,5,4,4,0.5965,163.912,9072.0,1936.0,0.0592,동탄7동,0.7438,0.7438,0.96577,4,ADD_FREQ,31240691,동,93.52,80.15,2268.0,41590-55475,242.1,127.1001,37.17459
다사6409,pm,0.807679,0.883125,1.8493,1.8848,-0.0354,ok,0.0,3,4,4,0.5507,330.614,2132.0,628.0,0.0905,동탄6동,-0.0354,-0.0354,0.76098,4,ADD_FREQ,31240700,동,80.77,88.31,533.0,41590-36487,269.6,127.10005,37.1836
다사6410,pm,0.967695,0.955817,2.4622,2.1438,0.3184,ok,0.0,4,4,4,0.7992,564.21,7519.0,1837.0,0.0464,동탄4동,0.3184,0.3184,0.93767,4,ADD_FREQ,31240640,동,96.77,95.58,1879.8,41590-36384,120.5,127.10001,37.19261
다사6411,pm,1.0,0.92388,2.586,2.03,0.5559,ok,0.0,4,4,4,0.654,594.142,20510.0,6414.0,0.0348,동탄4동,0.5559,0.5559,1.0,4,ADD_FREQ,31240640,동,100.0,92.39,5127.5,41590-36447,207.6,127.09996,37.20163
다사6412,pm,0.979431,0.963517,2.5072,2.1713,0.3359,ok,0.0,4,4,4,0.8342,491.879,8765.0,19251.0,0.0609,동탄5동,0.3359,0.3359,0.95886,4,ADD_FREQ,31240650,동,97.94,96.35,2191.2,41590-55852,99.5,127.09991,37.21064
다사6505,pm,0.027023,0.011,-1.1407,-1.2235,0.0178,mid,0.0,3,0,0,0.05,0.0,8.0,0.0,0.0,동탄8동,0.0178,0.0827,0.05405,0,DRT,31240710,동,2.7,1.1,2.0,41590-36944,936.4,127.1115,37.14758
다사6506,pm,0.855861,0.990063,2.0339,2.2659,-0.232,ok,0.0,3,4,4,0.9548,454.855,7097.0,1431.0,0.0666,동탄8동,-0.232,-0.232,0.93139,4,ADD_FREQ,31240710,동,85.59,99.01,1774.2,41590-55684,27.1,127.11146,37.1566
다사6507,pm,1.0,0.930113,2.586,2.0522,0.5337,ok,0.0,4,4,4,0.6823,675.462,18345.0,3588.0,0.0524,동탄8동,0.5337,0.5337,1.0,4,ADD_FREQ,31240710,동,100.0,93.01,4586.2,41590-55505,190.6,127.11141,37.16561
다사6508,pm,1.0,0.840343,2.586,1.7323,0.8537,need,1.24741,5,4,4,0.5553,236.527,16539.0,2998.0,0.0515,동탄7동,0.8537,0.8537,1.0,4,ADD_FREQ,31240691,동,100.0,84.03,4134.8,41590-55569,266.8,127.11137,37.17462
다사6509,pm,0.827784,0.629323,1.9263,0.9802,0.9461,need,1.37805,5,4,4,0.8922,26.072,7770.0,865.0,0.0725,동탄6동,0.9461,0.9461,0.94318,4,ADD_FREQ,31240700,동,82.78,62.93,1942.5,41590-55510,64.7,127.11132,37.18364
다사6510,pm,0.773067,0.583659,1.7168,0.8175,0.8993,need,1.28017,5,4,3,0.2167,58.302,6898.0,570.0,0.0634,동탄4동,0.8993,0.8993,0.92601,4,NEW_STOP,31240640,동,77.31,58.37,1724.5,41590-55297,470.0,127.11127,37.19265
다사6511,pm,1.0,0.937263,2.586,2.0777,0.5082,ok,0.0,4,4,4,0.7148,496.925,19594.0,4060.0,0.0341,동탄4동,0.5082,0.5082,1.0,4,ADD_FREQ,31240640,동,100.0,93.73,4898.5,41590-36811,171.1,127.11123,37.20167
다사6512,pm,1.0,0.931869,2.586,2.0585,0.5275,ok,0.0,4,4,4,0.8685,281.208,13038.0,3667.0,0.0756,동탄5동,0.5275,0.5275,1.0,4,ADD_FREQ,31240650,동,100.0,93.19,3259.5,41590-55607,78.9,127.11118,37.21068
다사6605,pm,0.158838,0.32625,-0.6359,-0.0999,-0.3655,mid,0.0,2,1,2,0.05,10.037,28.0,551.0,0.8214,동탄8동,-0.3655,-0.5359,0.22883,0,DRT,31240710,동,15.88,32.63,7.0,41590-36945,579.6,127.12276,37.14762
다사6606,pm,0.681357,0.695616,1.3655,1.2165,0.149,ok,0.0,3,4,4,0.429,96.475,1931.0,569.0,0.1243,동탄8동,0.149,0.149,0.7468,4,NEW_STOP,31240710,동,68.14,69.56,482.8,41590-37403,342.6,127.12272,37.15663
다사6607,pm,0.957473,0.849567,2.4231,1.7652,0.6579,ok,0.0,4,4,4,0.711,195.308,10649.0,1294.0,0.0867,동탄7동,0.6579,0.6579,0.98506,4,ADD_FREQ,31240691,동,95.75,84.96,2662.2,41590-55730,173.4,127.12267,37.16565
다사6608,pm,0.941714,0.832505,2.3627,1.7044,0.6584,ok,0.0,4,4,4,0.7812,152.261,8562.0,4542.0,0.0638,동탄7동,0.6584,0.6584,0.95644,4,ADD_FREQ,31240691,동,94.17,83.25,2140.5,41590-55800,131.3,127.12263,37.17466
다사6609,pm,1.0,0.953067,2.586,2.134,0.4519,ok,0.0,4,4,4,0.7867,424.007,18068.0,3111.0,0.0589,동탄9동,0.4519,0.4519,1.0,4,ADD_FREQ,31240720,동,100.0,95.31,4517.0,41590-55490,128.0,127.12259,37.18367
다사6610,pm,0.96317,0.85538,2.4449,1.7859,0.659,ok,0.0,4,4,4,0.6247,236.135,13095.0,1041.0,0.0578,동탄9동,0.659,0.659,1.0,4,ADD_FREQ,31240720,동,96.32,85.54,3273.8,41590-36693,225.2,127.12254,37.19269
다사6611,pm,0.931323,0.868133,2.3229,1.8313,0.4916,ok,0.0,4,4,4,0.8463,179.245,10119.0,894.0,0.0838,동탄4동,0.4916,0.4916,0.98013,4,ADD_FREQ,31240640,동,93.13,86.81,2529.8,41590-55301,92.2,127.1225,37.2017
다사6612,pm,0.747952,0.663966,1.6206,1.1037,0.5169,ok,0.0,4,4,4,0.4673,70.829,5512.0,265.0,0.1069,동탄5동,0.5169,0.5169,0.89318,4,NEW_STOP,31240650,동,74.8,66.4,1378.0,41590-55584,319.6,127.12245,37.21072
다사6707,pm,0.706428,0.25322,1.4615,-0.3602,1.8217,need,2.60074,6,4,2,0.05,5.328,6021.0,417.0,0.0732,동탄7동,1.8217,1.8217,0.90854,4,DRT,31240691,동,70.64,25.32,1505.2,41590-55750,588.1,127.13394,37.16568
다사6708,pm,0.810823,0.592777,1.8614,0.85,1.0114,need,1.36288,5,4,3,0.712,26.717,6700.0,968.0,0.0282,동탄9동,1.0114,1.0114,0.92599,4,ADD_FREQ,31240720,동,81.08,59.28,1675.0,41590-55816,172.8,127.13389,37.1747
다사6709,pm,0.611319,0.5592,1.0972,0.7303,0.3669,ok,0.0,4,4,3,0.8653,15.599,594.0,72.0,0.0875,동탄9동,0.3669,0.3669,0.58508,3,ADD_FREQ,31240720,동,61.13,55.92,148.5,41590-55914,80.8,127.13385,37.18371
다사6710,pm,0.620492,0.254828,1.1324,-0.3545,1.4868,need,1.90827,6,4,2,0.05,5.406,2891.0,319.0,0.0436,동탄9동,1.4868,1.4868,0.80692,4,DRT,31240720,동,62.05,25.48,722.8,41590-55555,714.4,127.13381,37.19272
다사6711,pm,0.314412,0.53099,-0.04,0.6298,-0.6697,mid,0.0,2,3,3,0.7375,15.588,164.0,192.0,0.2073,동탄5동,-0.6697,-0.6697,0.40886,2,ADD_FREQ,31240650,동,31.44,53.1,41.0,41590-36504,157.5,127.13376,37.20174
다사6712,pm,0.085766,0.197485,-0.9157,-0.5588,-0.1631,mid,0.0,3,0,1,0.05,3.139,13.0,3.0,0.7692,동탄5동,-0.1631,-0.3569,0.14741,0,DRT,31240650,동,8.58,19.75,3.2,41590-55902,634.8,127.13372,37.21075
다사6808,pm,0.645218,0.470267,1.2271,0.4133,0.8137,need,0.97185,5,4,3,0.6997,10.129,822.0,41.0,0.0754,동탄9동,0.8137,0.8137,0.62931,4,ADD_FREQ,31240720,동,64.52,47.03,205.5,41590-55934,180.2,127.14516,37.17473
다사6809,pm,0.590679,0.275499,1.0182,-0.2808,1.299,need,1.78398,6,4,2,0.3827,3.294,2127.0,94.0,0.1105,동탄9동,1.299,1.299,0.75833,4,NEW_STOP,31240720,동,59.07,27.55,531.8,41590-55817,370.4,127.14512,37.18374
다사6810,pm,0.416843,0.210376,0.3524,-0.5129,0.8653,need,0.94499,5,3,1,0.422,1.448,284.0,225.0,0.0915,동탄9동,0.8653,0.8653,0.48544,3,NEW_STOP,31240720,동,41.68,21.04,71.0,41590-36505,346.8,127.14507,37.19276
다사6811,pm,0.224065,0.13835,-0.386,-0.7696,0.3272,mid,0.0,4,2,1,0.05,1.638,78.0,58.0,0.3333,동탄5동,0.3272,0.3836,0.3374,1,DRT,31240650,동,22.41,13.83,19.5,41590-36505,665.1,127.14503,37.20177
다사6812,pm,0.10929,0.011,-0.8256,-1.2235,0.2128,mid,0.0,3,0,0,0.05,0.0,23.0,12.0,0.2174,동탄5동,0.2128,0.3978,0.21858,0,DRT,31240650,동,10.93,1.1,5.8,41590-36505,860.8,127.14499,37.21079
다사6909,pm,0.0,0.011,-1.2442,-1.2235,-0.0,mid,0.0,3,0,0,0.05,0.0,0.0,0.0,0.0,동탄9동,-0.0,-0.0208,0.0,0,DRT,31240720,동,0.0,1.1,0.0,41590-55934,1239.6,127.15638,37.18378
다사6910,pm,0.0,0.011,-1.2442,-1.2235,-0.0,mid,0.0,3,0,0,0.05,0.0,0.0,0.0,0.0,동탄9동,-0.0,-0.0208,0.0,0,DRT,31240720,동,0.0,1.1,0.0,41590-55934,1312.7,127.15634,37.19279
다바1595,night,0.0,0.011,-1.1253,-0.8174,-0.0,mid,0.0,3,0,0,0.05,0.0,0.0,0.0,0.0,우정읍,-0.0,-0.3079,0.0,0,DRT,31240130,읍,0.0,1.1,0.0,41590-60113,13496.1,126.54964,37.05427
다바3297,night,0.000226,0.011,-1.1244,-0.8174,-0.0034,mid,0.0,3,0,0,0.05,0.0,0.0,0.0,0.0,우정읍,-0.0034,-0.307,0.0,0,DRT,31240130,읍,0.02,1.1,0.0,41590-36991,664.2,126.74064,37.07367
다바3298,night,0.0,0.011,-1.1253,-0.8174,-0.0,mid,0.0,3,0,0,0.05,0.0,0.0,0.0,0.0,우정읍,-0.0,-0.3079,0.0,0,DRT,31240130,읍,0.0,1.1,0.0,41590-36991,1144.8,126.74055,37.08269
다바3299,night,0.0,0.011,-1.1253,-0.8174,-0.0,mid,0.0,3,0,0,0.05,0.0,0.0,0.0,0.0,우정읍,-0.0,-0.3079,0.0,0,DRT,31240130,읍,0.0,1.1,0.0,41590-36991,2044.1,126.74046,37.0917
다바3393,night,0.301625,0.280231,0.0701,0.2234,-0.1533,mid,0.0,3,3,3,0.653,1.002,326.0,151.0,0.4387,우정읍,-0.1533,-0.1533,0.45234,3,ADD_FREQ,31240130,읍,30.16,28.02,81.5,41590-36589,208.2,126.75224,37.03769
다바3394,night,0.064445,0.046871,-0.8699,-0.6787,-0.0834,mid,0.0,3,0,1,0.05,0.2,13.0,3.0,0.3846,우정읍,-0.0834,-0.1912,0.09491,0,DRT,31240130,읍,6.44,4.69,3.2,41590-37476,629.7,126.75216,37.04671
다바3396,night,0.0,0.011,-1.1253,-0.8174,-0.0,mid,0.0,3,0,0,0.05,0.0,0.0,0.0,0.0,우정읍,-0.0,-0.3079,0.0,0,DRT,31240130,읍,0.0,1.1,0.0,41590-37518,1160.2,126.75198,37.06473
다바3397,night,0.0,0.011,-1.1253,-0.8174,-0.0,mid,0.0,3,0,0,0.05,0.0,0.0,0.0,0.0,우정읍,-0.0,-0.3079,0.0,0,DRT,31240130,읍,0.0,1.1,0.0,41590-36991,1662.2,126.75189,37.07375
다바3398,night,0.0,0.011,-1.1253,-0.8174,-0.0,mid,0.0,3,0,0,0.05,0.0,0.0,0.0,0.0,우정읍,-0.0,-0.3079,0.0,0,DRT,31240130,읍,0.0,1.1,0.0,41590-37448,1802.9,126.7518,37.08276
다바3399,night,0.0,0.011,-1.1253,-0.8174,-0.0,mid,0.0,3,0,0,0.05,0.0,0.0,0.0,0.0,우정읍,-0.0,-0.3079,0.0,0,DRT,31240130,읍,0.0,1.1,0.0,41590-37485,1856.6,126.75171,37.09177
다바3493,night,0.242286,0.140828,-0.165,-0.3155,0.1505,mid,0.0,3,2,2,0.633,0.008,317.0,68.0,0.2744,우정읍,0.1505,0.1505,0.45492,3,ADD_FREQ,31240130,읍,24.23,14.08,79.2,41590-36583,220.2,126.76349,37.03776
다바3494,night,0.251156,0.33405,-0.1299,0.4314,-0.5613,mid,0.0,2,3,3,0.8088,1.211,193.0,62.0,0.4145,우정읍,-0.5613,-0.5613,0.3767,2,ADD_FREQ,31240130,읍,25.12,33.41,48.2,41590-36830,114.7,126.7634,37.04678
다바3495,night,0.21999,0.117384,-0.2534,-0.4061,0.1479,mid,0.0,3,2,2,0.508,0.029,233.0,491.0,0.2446,우정읍,0.1479,0.1527,0.40993,2,ADD_FREQ,31240130,읍,22.0,11.74,58.2,41590-37388,295.2,126.76331,37.05579
다바3496,night,0.0,0.011,-1.1253,-0.8174,-0.0,mid,0.0,3,0,0,0.05,0.0,0.0,0.0,0.0,우정읍,-0.0,-0.3079,0.0,0,DRT,31240130,읍,0.0,1.1,0.0,41590-37518,1182.8,126.76323,37.0648
다바3497,night,0.031702,0.011,-0.9996,-0.8174,-0.0501,mid,0.0,3,0,0,0.05,0.0,13.0,7.0,0.7692,우정읍,-0.0501,-0.1823,0.06295,0,DRT,31240130,읍,3.17,1.1,3.2,41590-37448,783.4,126.76314,37.07382
다바3498,night,0.020871,0.011,-1.0426,-0.8174,-0.0472,mid,0.0,3,0,0,0.05,0.0,5.0,0.0,0.0,우정읍,-0.0472,-0.2252,0.04174,0,DRT,31240130,읍,2.09,1.1,1.2,41590-37485,900.0,126.76305,37.08283
다바3499,night,0.020871,0.011,-1.0426,-0.8174,-0.0472,mid,0.0,3,0,0,0.05,0.0,5.0,3.0,0.0,우정읍,-0.0472,-0.2252,0.04174,0,DRT,31240130,읍,2.09,1.1,1.2,41590-37485,939.6,126.76297,37.09184
다바3593,night,0.262631,0.194883,-0.0844,-0.1065,0.0221,mid,0.0,3,3,3,0.8858,0.0,284.0,51.0,0.3521,우정읍,0.0221,0.0221,0.43746,3,ADD_FREQ,31240130,읍,26.26,19.49,71.0,41590-36582,68.5,126.77473,37.03783
다바3594,night,0.155029,0.065818,-0.5109,-0.6055,0.073,mid,0.0,3,1,1,0.0953,0.256,63.0,20.0,0.4444,우정읍,0.073,0.0946,0.25739,1,DRT,31240130,읍,15.5,6.58,15.8,41590-55142,542.8,126.77465,37.04684
다바3595,night,0.191622,0.12366,-0.3658,-0.3819,0.0142,drt,0.0,3,2,2,0.2485,0.42,127.0,420.0,0.4882,우정읍,0.0142,0.016,0.35063,2,NEW_STOP,31240130,읍,19.16,12.37,31.8,41590-36580,450.9,126.77456,37.05586
다바3596,night,0.172421,0.1199,-0.4419,-0.3964,-0.0377,drt,0.0,3,1,2,0.545,0.0,128.0,205.0,0.4609,우정읍,-0.0377,-0.0455,0.33101,1,ADD_FREQ,31240130,읍,17.24,11.99,32.0,41590-36941,273.0,126.77447,37.06487
다바3597,night,0.184188,0.042533,-0.3953,-0.6955,0.2591,drt,0.0,4,2,1,0.1933,0.0,163.0,8.0,0.5215,우정읍,0.2591,0.3002,0.35928,2,NEW_STOP,31240130,읍,18.42,4.25,40.8,41590-37448,484.0,126.77439,37.07389
다바3598,night,0.196957,0.162983,-0.3447,-0.2298,-0.1035,mid,0.0,3,2,2,0.7408,0.0,143.0,27.0,0.4196,우정읍,-0.1035,-0.1148,0.34269,2,ADD_FREQ,31240130,읍,19.7,16.3,35.8,41590-36858,155.5,126.7743,37.0829
다바3599,night,0.178251,0.012173,-0.4188,-0.8128,0.3329,drt,0.0,4,1,1,0.0553,0.0,133.0,79.0,0.4887,우정읍,0.3329,0.394,0.34828,2,DRT,31240130,읍,17.83,1.22,33.2,41590-37485,566.8,126.77422,37.09191
다바3693,night,0.130673,0.011,-0.6074,-0.8174,0.145,mid,0.0,3,1,0,0.05,0.0,53.0,770.0,0.6792,우정읍,0.145,0.21,0.25576,1,DRT,31240130,읍,13.07,1.1,13.2,41590-36464,636.3,126.78598,37.0379
다바3694,night,0.181664,0.05819,-0.4053,-0.6349,0.1965,drt,0.0,3,1,1,0.2645,0.0,133.0,33.0,0.2707,우정읍,0.1965,0.2296,0.34528,2,NEW_STOP,31240130,읍,18.17,5.82,33.2,41590-36953,441.3,126.78589,37.04691
다바3695,night,0.3129,0.166079,0.1148,-0.2179,0.3327,mid,0.0,4,3,2,0.447,0.411,544.0,196.0,0.1562,우정읍,0.3327,0.3327,0.53298,3,NEW_STOP,31240130,읍,31.29,16.61,136.0,41590-37521,331.8,126.78581,37.05593
다바3696,night,0.250213,0.112964,-0.1336,-0.4232,0.2896,mid,0.0,4,3,2,0.2183,0.391,271.0,145.0,0.2841,우정읍,0.2896,0.2896,0.42868,3,NEW_STOP,31240130,읍,25.02,11.3,67.8,41590-37525,469.0,126.78572,37.06494
다바3697,night,0.158789,0.015913,-0.496,-0.7984,0.237,drt,0.0,3,1,1,0.0723,0.0,98.0,74.0,0.4592,우정읍,0.237,0.3024,0.31376,1,DRT,31240130,읍,15.88,1.59,24.5,41590-37392,556.6,126.78564,37.07395
다바3698,night,0.217765,0.050123,-0.2622,-0.6661,0.3887,mid,0.0,4,2,1,0.2278,0.0,198.0,159.0,0.2626,우정읍,0.3887,0.4039,0.39923,2,NEW_STOP,31240130,읍,21.78,5.01,49.5,41590-37452,463.3,126.78555,37.08297
다바3699,night,0.150357,0.099183,-0.5294,-0.4765,-0.04,mid,0.0,3,1,2,0.4508,0.0,68.0,106.0,0.5294,우정읍,-0.04,-0.0529,0.28372,1,NEW_STOP,31240130,읍,15.04,9.92,17.0,41590-55159,329.5,126.78547,37.09198
다바3791,night,0.000339,0.011,-1.1239,-0.8174,-0.0044,mid,0.0,3,0,0,0.05,0.0,0.0,0.0,0.0,우정읍,-0.0044,-0.3066,0.0,0,DRT,31240130,읍,0.03,1.1,0.0,41590-37498,793.5,126.79739,37.01994
다바3792,night,0.262962,0.119423,-0.0831,-0.3982,0.3151,mid,0.0,4,3,2,0.5428,0.0,283.0,297.0,0.2756,우정읍,0.3151,0.3151,0.4434,3,ADD_FREQ,31240130,읍,26.3,11.94,70.8,41590-37498,274.3,126.7973,37.02895
다바3793,night,0.262133,0.083893,-0.0864,-0.5356,0.4492,mid,0.0,4,3,2,0.3813,0.0,304.0,407.0,0.2993,우정읍,0.4492,0.4492,0.44237,3,NEW_STOP,31240130,읍,26.21,8.39,76.0,41590-36461,371.2,126.79722,37.03797
다바3794,night,0.277069,0.15697,-0.0272,-0.2531,0.2259,mid,0.0,3,3,2,0.7135,0.0,299.0,1301.0,0.1672,우정읍,0.2259,0.2259,0.45745,3,ADD_FREQ,31240130,읍,27.71,15.7,74.8,41590-36829,171.9,126.79714,37.04698
다바3795,night,0.21982,0.172737,-0.2541,-0.1921,-0.06,mid,0.0,3,2,2,0.7852,0.0,178.0,521.0,0.264,장안면,-0.06,-0.0619,0.37853,2,ADD_FREQ,31240390,면,21.98,17.27,44.5,41590-36950,128.9,126.79705,37.05599
다바3796,night,0.444738,0.32743,0.6373,0.4058,0.2315,mid,0.0,3,4,3,0.7938,1.174,917.0,619.0,0.12,우정읍,0.2315,0.2315,0.6154,4,ADD_FREQ,31240130,읍,44.47,32.74,229.2,41590-36918,123.7,126.79697,37.06501
다바3797,night,0.175341,0.011,-0.4304,-0.8174,0.3235,drt,0.0,4,1,0,0.05,0.0,138.0,447.0,0.1884,우정읍,0.3235,0.387,0.34754,2,DRT,31240130,읍,17.53,1.1,34.5,41590-37391,604.7,126.79689,37.07402
다바3798,night,0.210012,0.1859,-0.2929,-0.1413,-0.1426,mid,0.0,3,2,3,0.845,0.0,237.0,75.0,0.2278,우정읍,-0.1426,-0.1517,0.41333,2,ADD_FREQ,31240130,읍,21.0,18.59,59.2,41590-36837,93.0,126.7968,37.08303
다바3799,night,0.166679,0.073663,-0.4647,-0.5751,0.0893,drt,0.0,3,1,1,0.3348,0.0,118.0,49.0,0.4322,우정읍,0.0893,0.1104,0.32799,1,NEW_STOP,31240130,읍,16.67,7.37,29.5,41590-37395,399.1,126.79672,37.09205
다바3891,night,0.0,0.011,-1.1253,-0.8174,-0.0,mid,0.0,3,0,0,0.05,0.0,0.0,0.0,0.0,우정읍,-0.0,-0.3079,0.0,0,DRT,31240130,읍,0.0,1.1,0.0,41590-37498,1396.6,126.80863,37.02001
다바3892,night,0.121806,0.011,-0.6425,-0.8174,0.1153,mid,0.0,3,1,0,0.05,0.0,49.0,75.0,0.0,우정읍,0.1153,0.1748,0.23171,1,DRT,31240130,읍,12.18,1.1,12.2,41590-36826,683.8,126.80854,37.02902
다바3893,night,0.217674,0.04609,-0.2626,-0.6817,0.4033,mid,0.0,4,2,1,0.2095,0.0,218.0,278.0,0.0229,우정읍,0.4033,0.4191,0.42517,3,NEW_STOP,31240130,읍,21.77,4.61,54.5,41590-36827,474.3,126.80846,37.03803
다바3894,night,0.23119,0.141717,-0.209,-0.3121,0.103,mid,0.0,3,2,2,0.6442,0.0,285.0,309.0,0.2807,우정읍,0.103,0.103,0.43835,3,ADD_FREQ,31240130,읍,23.12,14.17,71.2,41590-36913,213.5,126.80838,37.04705
다바3895,night,0.163643,0.073957,-0.4767,-0.574,0.0778,drt,0.0,3,1,1,0.3362,0.0,93.0,148.0,0.3333,장안면,0.0778,0.0973,0.30572,1,NEW_STOP,31240390,면,16.36,7.4,23.2,41590-36772,398.3,126.8083,37.05606
다바3896,night,0.301186,0.152958,0.0684,-0.2686,0.337,mid,0.0,4,3,2,0.2755,0.599,441.0,126.0,0.1859,장안면,0.337,0.337,0.50275,3,NEW_STOP,31240390,면,30.12,15.3,110.2,41590-37434,434.7,126.80822,37.06507
다바3897,night,0.453066,0.315756,0.6703,0.3607,0.3096,mid,0.0,4,4,3,0.178,3.079,1212.0,210.0,0.1576,장안면,0.3096,0.3096,0.65518,4,NEW_STOP,31240390,면,45.31,31.58,303.0,41590-36617,493.2,126.80814,37.07409
다바3898,night,0.432958,0.220692,0.5906,-0.0068,0.5974,mid,0.0,4,4,3,0.5088,0.738,1408.0,129.0,0.1669,우정읍,0.5974,0.5974,0.67323,4,ADD_FREQ,31240130,읍,43.3,22.07,352.0,41590-37397,294.7,126.80805,37.0831
다바3899,night,0.154948,0.195028,-0.5112,-0.106,-0.3126,mid,0.0,2,1,3,0.7717,0.137,108.0,77.0,0.3426,우정읍,-0.3126,-0.4052,0.30922,1,ADD_FREQ,31240130,읍,15.49,19.5,27.0,41590-36989,137.0,126.80797,37.09211
다바3991,night,0.0,0.011,-1.1253,-0.8174,-0.0,mid,0.0,3,0,0,0.05,0.0,0.0,3.0,0.0,장안면,-0.0,-0.3079,0.0,0,DRT,31240390,면,0.0,1.1,0.0,41590-36881,1573.9,126.81987,37.02007
다바3992,night,0.147883,0.011,-0.5392,-0.8174,0.2082,mid,0.0,3,1,0,0.05,0.0,53.0,23.0,0.5849,장안면,0.2082,0.2782,0.27113,1,DRT,31240390,면,14.79,1.1,13.2,41590-36881,575.2,126.81979,37.02908
다바3993,night,0.215937,0.11429,-0.2695,-0.4181,0.1422,mid,0.0,3,2,2,0.5195,0.0,178.0,40.0,0.4663,장안면,0.1422,0.1486,0.37145,2,ADD_FREQ,31240390,면,21.59,11.43,44.5,41590-36716,288.3,126.81971,37.0381
다바3994,night,0.202341,0.011,-0.3233,-0.8174,0.4533,mid,0.0,4,2,0,0.05,0.0,208.0,5.0,0.3702,장안면,0.4533,0.494,0.3945,2,DRT,31240390,면,20.23,1.1,52.0,41590-36769,669.9,126.81963,37.04711
다바3995,night,0.170249,0.022293,-0.4505,-0.7737,0.265,drt,0.0,4,1,1,0.1013,0.0,108.0,238.0,0.2407,장안면,0.265,0.3232,0.32731,1,DRT,31240390,면,17.02,2.23,27.0,41590-37430,539.2,126.81955,37.05613
다바3996,night,0.216878,0.085067,-0.2657,-0.531,0.2547,mid,0.0,4,2,2,0.3867,0.0,263.0,179.0,0.3612,장안면,0.2547,0.2653,0.42641,3,NEW_STOP,31240390,면,21.69,8.51,65.8,41590-36915,368.0,126.81947,37.06514
다바3997,night,0.589288,0.647633,1.2102,1.6436,-0.4334,ok,0.0,2,4,4,0.597,12.793,1675.0,277.0,0.1152,장안면,-0.4334,-0.4334,0.7036,4,ADD_FREQ,31240390,면,58.93,64.76,418.8,41590-37524,241.8,126.81938,37.07415
다바3998,night,0.804196,0.807379,2.0619,2.2612,-0.1992,ok,0.0,3,4,4,0.9652,19.582,4856.0,1504.0,0.1606,우정읍,-0.1992,-0.1992,0.85901,4,ADD_FREQ,31240130,읍,80.42,80.74,1214.0,41590-36022,20.9,126.8193,37.08317
다바3999,night,0.609593,0.448996,1.2907,0.8758,0.4149,ok,0.0,4,4,4,0.5897,4.067,2653.0,379.0,0.1135,우정읍,0.4149,0.4149,0.77183,4,ADD_FREQ,31240130,읍,60.96,44.9,663.2,41590-36821,246.2,126.81922,37.09218
다바4091,night,0.060961,0.011,-0.8837,-0.8174,-0.0279,mid,0.0,3,0,0,0.05,0.0,8.0,9.0,0.0,장안면,-0.0279,-0.0663,0.12192,0,DRT,31240390,면,6.1,1.1,2.0,41590-55148,1726.9,126.83111,37.02013
다바4092,night,0.065812,0.011,-0.8644,-0.8174,-0.0208,mid,0.0,3,0,0,0.05,0.0,13.0,33.0,0.0,장안면,-0.0208,-0.0471,0.13162,0,DRT,31240390,면,6.58,1.1,3.2,41590-55148,950.8,126.83103,37.02915
다바4093,night,0.124636,0.011,-0.6313,-0.8174,0.1246,mid,0.0,3,1,0,0.05,0.0,48.0,5.0,0.6458,장안면,0.1246,0.1861,0.23801,1,DRT,31240390,면,12.46,1.1,12.0,41590-37535,594.6,126.83095,37.03816
다바4094,night,0.125074,0.089137,-0.6296,-0.5153,-0.0767,mid,0.0,3,1,2,0.4052,0.0,50.0,86.0,0.2,장안면,-0.0767,-0.1143,0.247,1,NEW_STOP,31240390,면,12.51,8.91,12.5,41590-36776,356.9,126.83087,37.04718
다바4095,night,0.13913,0.03135,-0.5739,-0.7387,0.1186,mid,0.0,3,1,1,0.1425,0.0,53.0,42.0,0.5849,장안면,0.1186,0.1648,0.27113,1,DRT,31240390,면,13.91,3.13,13.2,41590-36773,514.5,126.83079,37.05619
다바4096,night,0.165135,0.011,-0.4708,-0.8174,0.2786,drt,0.0,4,1,0,0.05,0.0,107.0,210.0,0.1402,장안면,0.2786,0.3466,0.32646,1,DRT,31240390,면,16.51,1.1,26.8,41590-37514,768.5,126.83071,37.0652
다바4097,night,0.223775,0.1056,-0.2384,-0.4517,0.2089,mid,0.0,3,2,2,0.48,0.0,178.0,125.0,0.3933,장안면,0.2089,0.2133,0.36915,2,NEW_STOP,31240390,면,22.38,10.56,44.5,41590-37129,312.0,126.83063,37.07422
다바4098,night,0.448618,0.473419,0.6527,0.9702,-0.3175,ok,0.0,2,4,4,0.5822,4.785,866.0,556.0,0.1409,장안면,-0.3175,-0.3175,0.60274,4,ADD_FREQ,31240390,면,44.86,47.34,216.5,41590-37125,250.7,126.83055,37.08323
다바4099,night,0.405907,0.753765,0.4834,2.0539,-1.5705,ok,0.0,0,3,4,0.8387,17.054,474.0,172.0,0.211,장안면,-1.5705,-1.5705,0.51365,3,ADD_FREQ,31240390,면,40.59,75.38,118.5,41590-36835,96.8,126.83048,37.09224
다바4191,night,0.024212,0.011,-1.0293,-0.8174,-0.0489,mid,0.0,3,0,0,0.05,0.0,5.0,3.0,0.0,장안면,-0.0489,-0.2119,0.04842,0,DRT,31240390,면,2.42,1.1,1.2,41590-55148,1553.1,126.84235,37.0202
다바4192,night,0.043798,0.011,-0.9517,-0.8174,-0.0456,mid,0.0,3,0,0,0.05,0.0,8.0,10.0,1.25,장안면,-0.0456,-0.1343,0.08669,0,DRT,31240390,면,4.38,1.1,2.0,41590-55148,580.1,126.84227,37.02921
다바4193,night,0.293413,0.159427,0.0376,-0.2436,0.2812,mid,0.0,4,3,2,0.7247,0.0,378.0,103.0,0.4233,장안면,0.2812,0.2812,0.47226,3,ADD_FREQ,31240390,면,29.34,15.94,94.5,41590-36984,165.2,126.84219,37.03822
다바4194,night,0.104775,0.03938,-0.71,-0.7077,-0.0014,mid,0.0,3,1,1,0.179,0.0,38.0,14.0,0.3947,장안면,-0.0014,-0.0024,0.20955,1,NEW_STOP,31240390,면,10.48,3.94,9.5,41590-36776,492.6,126.84212,37.04724
다바4195,night,0.169354,0.121807,-0.4541,-0.389,-0.0532,drt,0.0,3,1,2,0.5537,0.0,118.0,61.0,0.5424,장안면,-0.0532,-0.0651,0.33512,1,ADD_FREQ,31240390,면,16.94,12.18,29.5,41590-36942,267.8,126.84204,37.05625
다바4196,night,0.306524,0.114657,0.0895,-0.4167,0.5062,mid,0.0,4,3,2,0.5212,0.0,274.0,364.0,0.3102,장안면,0.5062,0.5062,0.43523,3,ADD_FREQ,31240390,면,30.65,11.47,68.5,41590-37132,287.3,126.84196,37.06527
다바4197,night,0.232058,0.011,-0.2056,-0.8174,0.6118,mid,0.0,4,2,0,0.05,0.0,283.0,155.0,0.4276,장안면,0.6118,0.6118,0.43229,3,DRT,31240390,면,23.21,1.1,70.8,41590-36909,654.3,126.84188,37.07428
다바4198,night,0.153535,0.027683,-0.5168,-0.7529,0.181,drt,0.0,3,1,1,0.1258,0.0,89.0,265.0,0.1685,장안면,0.181,0.2361,0.30572,1,DRT,31240390,면,15.35,2.77,22.2,41590-55497,524.5,126.84181,37.08329
다바4199,night,0.2442,0.096079,-0.1575,-0.4885,0.331,mid,0.0,4,2,2,0.05,0.541,303.0,235.0,0.2145,장안면,0.331,0.331,0.45018,3,DRT,31240390,면,24.42,9.61,75.8,41590-37453,751.0,126.84173,37.09231
다바4292,night,0.13655,0.011,-0.5841,-0.8174,0.1658,mid,0.0,3,1,0,0.05,0.0,58.0,18.0,0.2241,장안면,0.1658,0.2333,0.2731,1,DRT,31240390,면,13.65,1.1,14.5,41590-36982,1086.0,126.85351,37.02927
다바4293,night,0.272495,0.07843,-0.0453,-0.5567,0.5114,mid,0.0,4,3,1,0.3565,0.0,358.0,170.0,0.3296,장안면,0.5114,0.5114,0.4749,3,NEW_STOP,31240390,면,27.25,7.84,89.5,41590-36714,386.1,126.85344,37.03829
다바4294,night,0.216548,0.108057,-0.267,-0.4422,0.1679,mid,0.0,3,2,2,0.4912,0.0,126.0,288.0,0.2937,장안면,0.1679,0.1751,0.34453,2,NEW_STOP,31240390,면,21.65,10.81,31.5,41590-36798,305.3,126.85336,37.0473
다바4295,night,0.223591,0.141863,-0.2391,-0.3115,0.0708,mid,0.0,3,2,2,0.6448,0.0,153.0,201.0,0.3595,장안면,0.0708,0.0724,0.36309,2,ADD_FREQ,31240390,면,22.36,14.19,38.2,41590-37823,213.1,126.85329,37.05631
다바4296,night,0.286617,0.193783,0.0107,-0.1108,0.1214,mid,0.0,3,3,3,0.8808,0.0,252.0,980.0,0.1151,장안면,0.1214,0.1214,0.43696,3,ADD_FREQ,31240390,면,28.66,19.38,63.0,41590-37796,71.5,126.85321,37.06533
다바4297,night,0.354124,0.119973,0.2782,-0.3961,0.6743,mid,0.0,4,3,2,0.5453,0.0,436.0,745.0,0.1904,장안면,0.6743,0.6743,0.51201,3,ADD_FREQ,31240390,면,35.41,12.0,109.0,41590-37142,272.8,126.85313,37.07434
다바4298,night,0.215806,0.011,-0.27,-0.8174,0.5237,mid,0.0,4,2,0,0.05,0.0,167.0,576.0,0.1557,장안면,0.5237,0.5474,0.38129,2,DRT,31240390,면,21.58,1.1,41.8,41590-37151,661.4,126.85306,37.08335
다바4299,night,0.217774,0.011,-0.2622,-0.8174,0.5343,mid,0.0,4,2,0,0.05,0.0,232.0,891.0,0.0431,장안면,0.5343,0.5552,0.43464,3,DRT,31240390,면,21.78,1.1,58.0,41590-37158,794.0,126.85298,37.09237
다바4393,night,0.062285,0.011,-0.8784,-0.8174,-0.026,mid,0.0,3,0,0,0.05,0.0,18.0,3.0,0.0,장안면,-0.026,-0.0611,0.12457,0,DRT,31240390,면,6.23,1.1,4.5,41590-36714,1175.4,126.86468,37.03835
다바4394,night,0.149617,0.089137,-0.5323,-0.5153,-0.0128,mid,0.0,3,1,2,0.4052,0.0,78.0,21.0,0.4615,장안면,-0.0128,-0.017,0.2748,1,NEW_STOP,31240390,면,14.96,8.91,19.5,41590-37820,356.9,126.86461,37.04736
다바4395,night,0.158269,0.07733,-0.498,-0.561,0.0492,drt,0.0,3,1,1,0.3515,0.0,98.0,69.0,0.4796,장안면,0.0492,0.0629,0.30941,1,NEW_STOP,31240390,면,15.83,7.73,24.5,41590-37819,389.1,126.86453,37.05637
다바4396,night,0.170228,0.02321,-0.4506,-0.7702,0.262,drt,0.0,4,1,1,0.1055,0.0,110.0,134.0,0.2818,장안면,0.262,0.3195,0.32985,1,DRT,31240390,면,17.02,2.32,27.5,41590-36727,536.7,126.86446,37.06539
다바4397,night,0.300145,0.05753,0.0643,-0.6375,0.7018,mid,0.0,5,3,1,0.2615,0.0,461.0,1229.0,0.1345,장안면,0.7018,0.7018,0.5256,3,NEW_STOP,31240390,면,30.01,5.75,115.2,41590-37942,443.1,126.86438,37.0744
다바4398,night,0.312092,0.09768,0.1116,-0.4823,0.5939,mid,0.0,4,3,2,0.444,0.0,411.0,969.0,0.1582,장안면,0.5939,0.5939,0.5004,3,NEW_STOP,31240390,면,31.21,9.77,102.8,41590-37156,333.6,126.86431,37.08342
다바4399,night,0.355668,0.148757,0.2843,-0.2848,0.5692,mid,0.0,4,3,2,0.6762,0.0,576.0,684.0,0.2066,장안면,0.5692,0.5692,0.54844,3,ADD_FREQ,31240390,면,35.57,14.88,144.0,41590-37840,194.3,126.86423,37.09243
다바4495,night,0.039785,0.011,-0.9676,-0.8174,-0.0479,mid,0.0,3,0,0,0.05,0.0,8.0,5.0,0.0,장안면,-0.0479,-0.1502,0.07889,0,DRT,31240390,면,3.98,1.1,2.0,41590-37819,611.9,126.87578,37.05643
다바4496,night,0.129494,0.024567,-0.6121,-0.7649,0.1049,mid,0.0,3,1,1,0.1117,0.0,43.0,26.0,0.2326,장안면,0.1049,0.1529,0.24816,1,DRT,31240390,면,12.95,2.46,10.8,41590-36727,533.0,126.8757,37.06545
다바4497,night,0.136654,0.06864,-0.5837,-0.5945,0.0077,mid,0.0,3,1,1,0.312,0.0,38.0,346.0,0.1316,장안면,0.0077,0.0109,0.2019,0,NEW_STOP,31240390,면,13.67,6.86,9.5,41590-37613,412.8,126.87563,37.07446
다바4498,night,0.11336,0.011,-0.676,-0.8174,0.089,mid,0.0,3,1,0,0.05,0.0,39.0,17.0,0.2564,장안면,0.089,0.1414,0.22069,1,DRT,31240390,면,11.34,1.1,9.8,41590-37841,731.2,126.87556,37.08348
다바4499,night,0.142199,0.011,-0.5617,-0.8174,0.1865,mid,0.0,3,1,0,0.05,0.0,68.0,117.0,0.4853,장안면,0.1865,0.2557,0.2844,1,DRT,31240390,면,14.22,1.1,17.0,41590-37840,808.9,126.87548,37.09249
다바4597,night,0.180676,0.11627,-0.4092,-0.4104,0.001,drt,0.0,3,1,2,0.5285,0.0,108.0,163.0,0.3611,향남읍,0.001,0.0012,0.31653,1,ADD_FREQ,31240140,읍,18.07,11.63,27.0,41590-37814,282.9,126.88688,37.07452
다바4598,night,0.124941,0.011,-0.6301,-0.8174,0.1256,mid,0.0,3,1,0,0.05,0.0,51.0,174.0,0.098,향남읍,0.1256,0.1873,0.24988,1,DRT,31240140,읍,12.49,1.1,12.8,41590-37814,813.5,126.88681,37.08353
다바4599,night,0.226534,0.162436,-0.2275,-0.232,0.0044,mid,0.0,3,2,2,0.601,0.166,285.0,329.0,0.4982,향남읍,0.0044,0.0045,0.44859,3,ADD_FREQ,31240140,읍,22.65,16.24,71.2,41590-37875,239.4,126.88673,37.09255
다바4697,night,0.185553,0.130937,-0.3899,-0.3537,-0.0314,mid,0.0,3,2,2,0.5952,0.0,73.0,189.0,0.3836,향남읍,-0.0314,-0.0362,0.29512,1,ADD_FREQ,31240140,읍,18.56,13.09,18.2,41590-36733,242.9,126.89813,37.07458
다바4698,night,0.486633,0.309944,0.8034,0.3383,0.4651,mid,0.0,4,4,3,0.736,1.122,769.0,3343.0,0.0507,향남읍,0.4651,0.4651,0.60579,4,ADD_FREQ,31240140,읍,48.66,30.99,192.2,41590-37759,158.4,126.89806,37.08359
다바4699,night,0.466612,0.303965,0.724,0.3151,0.4089,mid,0.0,4,4,3,0.3587,2.139,1112.0,1830.0,0.1628,향남읍,0.4089,0.4089,0.63971,4,NEW_STOP,31240140,읍,46.66,30.4,278.0,41590-37876,384.8,126.89799,37.09261
다바4797,night,0.264398,0.39346,-0.0774,0.6611,-0.7385,mid,0.0,1,3,4,0.8607,1.822,203.0,1295.0,0.2956,양감면,-0.7385,-0.7385,0.40112,2,ADD_FREQ,31240420,면,26.44,39.35,50.8,41590-37868,83.6,126.90938,37.07463
다바4798,night,0.64695,0.470872,1.4387,0.9603,0.4784,ok,0.0,4,4,4,0.5162,5.148,3945.0,3493.0,0.0416,향남읍,0.4784,0.4784,0.83884,4,ADD_FREQ,31240140,읍,64.69,47.09,986.2,41590-55074,290.3,126.90931,37.08365
다바4799,night,0.357682,0.480617,0.2923,0.998,-0.7057,ok,0.0,1,3,4,0.5155,5.465,68.0,4971.0,0.0,향남읍,-0.7057,-0.7057,0.26863,1,ADD_FREQ,31240140,읍,35.77,48.06,17.0,41590-37405,290.7,126.90924,37.09266
다바4896,night,0.253768,0.225697,-0.1195,0.0126,-0.1321,mid,0.0,3,3,3,0.2538,1.371,289.0,291.0,0.3356,양감면,-0.1321,-0.1321,0.44046,3,NEW_STOP,31240420,면,25.38,22.57,72.2,41590-37964,447.7,126.9207,37.06568
다바4897,night,0.226014,0.234259,-0.2295,0.0457,-0.2713,mid,0.0,2,2,3,0.67,0.555,187.0,315.0,0.2299,양감면,-0.2713,-0.2752,0.39581,2,ADD_FREQ,31240420,면,22.6,23.43,46.8,41590-55069,198.0,126.92063,37.07469
다바4898,night,0.236428,0.289362,-0.1883,0.2587,-0.4469,mid,0.0,2,2,3,0.7488,0.884,240.0,778.0,0.2042,향남읍,-0.4469,-0.4469,0.4286,3,ADD_FREQ,31240140,읍,23.64,28.94,60.0,41590-55367,150.7,126.92056,37.0837
다바4899,night,0.169881,0.080246,-0.452,-0.5497,0.08,drt,0.0,3,1,2,0.151,0.27,93.0,736.0,0.2796,향남읍,0.08,0.0977,0.30173,1,NEW_STOP,31240140,읍,16.99,8.02,23.2,41590-37344,509.4,126.92049,37.09272
다바4996,night,0.215307,0.117957,-0.272,-0.4039,0.1261,mid,0.0,3,2,2,0.5362,0.0,210.0,652.0,0.1,양감면,0.1261,0.1319,0.39859,2,ADD_FREQ,31240420,면,21.53,11.8,52.5,41590-60030,278.3,126.93194,37.06573
다바4997,night,0.175848,0.011,-0.4283,-0.8174,0.3258,drt,0.0,4,1,0,0.05,0.0,133.0,486.0,0.2556,양감면,0.3258,0.389,0.34589,2,DRT,31240420,면,17.58,1.1,33.2,41590-60032,670.3,126.93188,37.07474
다바4998,night,0.199523,0.120831,-0.3345,-0.3928,0.053,mid,0.0,3,2,2,0.3707,0.221,157.0,532.0,0.3121,양감면,0.053,0.0583,0.3736,2,NEW_STOP,31240420,면,19.95,12.08,39.2,41590-55408,377.6,126.93181,37.08376
다바4999,night,0.222912,0.115702,-0.2418,-0.4126,0.1669,mid,0.0,3,2,2,0.2872,0.306,221.0,396.0,0.1674,양감면,0.1669,0.1708,0.40894,2,NEW_STOP,31240420,면,22.29,11.57,55.2,41590-55834,427.7,126.93174,37.09277
다바5096,night,0.225536,0.011,-0.2314,-0.8174,0.5769,mid,0.0,4,2,0,0.05,0.0,265.0,1123.0,0.0566,양감면,0.5769,0.5859,0.44927,3,DRT,31240420,면,22.55,1.1,66.2,41590-60029,658.8,126.94319,37.06578
다바5097,night,0.269723,0.157495,-0.0563,-0.2511,0.1948,mid,0.0,3,3,2,0.7043,0.013,398.0,976.0,0.1106,양감면,0.1948,0.1948,0.50391,3,ADD_FREQ,31240420,면,26.97,15.75,99.5,41590-37857,177.4,126.94313,37.0748
다바5098,night,0.428235,0.311213,0.5719,0.3432,0.2288,mid,0.0,3,4,3,0.8073,0.972,604.0,491.0,0.1788,양감면,0.2288,0.2288,0.5515,3,ADD_FREQ,31240420,면,42.82,31.12,151.0,41590-36778,115.6,126.94306,37.08381
다바5099,night,0.287817,0.133893,0.0154,-0.3423,0.3577,mid,0.0,4,3,2,0.5137,0.112,280.0,397.0,0.1571,양감면,0.3577,0.3577,0.44629,3,ADD_FREQ,31240420,면,28.78,13.39,70.0,41590-36106,291.8,126.943,37.09283
다바5197,night,0.240601,0.17323,-0.1717,-0.1902,0.0185,mid,0.0,3,2,2,0.4865,0.4,169.0,246.0,0.2012,양감면,0.0185,0.0185,0.3854,2,NEW_STOP,31240420,면,24.06,17.32,42.2,41590-36133,308.1,126.95438,37.07485
다바5198,night,0.247459,0.116675,-0.1445,-0.4089,0.2643,mid,0.0,4,2,2,0.2475,0.372,178.0,55.0,0.3652,양감면,0.2643,0.2643,0.38117,2,NEW_STOP,31240420,면,24.75,11.67,44.5,41590-36127,451.5,126.95431,37.08386
다바5199,night,0.241888,0.12859,-0.1666,-0.3628,0.1962,mid,0.0,3,2,2,0.5845,0.0,278.0,377.0,0.1583,양감면,0.1962,0.1962,0.44403,3,ADD_FREQ,31240420,면,24.19,12.86,69.5,41590-55462,249.3,126.95425,37.09288
다바5297,night,0.261586,0.248931,-0.0886,0.1024,-0.191,mid,0.0,3,3,3,0.7045,0.612,202.0,559.0,0.1782,양감면,-0.191,-0.191,0.40442,2,ADD_FREQ,31240420,면,26.16,24.89,50.5,41590-36150,177.3,126.96563,37.0749
다바5298,night,0.168637,0.04565,-0.4569,-0.6834,0.1846,drt,0.0,3,1,1,0.2075,0.0,89.0,405.0,0.4045,양감면,0.1846,0.2265,0.31264,1,NEW_STOP,31240420,면,16.86,4.57,22.2,41590-36791,475.5,126.96556,37.08392
다바5299,night,0.271408,0.02849,-0.0496,-0.7498,0.7001,mid,0.0,5,3,1,0.1295,0.0,400.0,958.0,0.2125,양감면,0.7001,0.7001,0.49597,3,DRT,31240420,면,27.14,2.85,100.0,41590-36165,522.3,126.9655,37.09293
다바5397,night,0.237289,0.194201,-0.1848,-0.1092,-0.0757,mid,0.0,3,2,3,0.617,0.346,184.0,319.0,0.2228,양감면,-0.0757,-0.0757,0.3957,2,ADD_FREQ,31240420,면,23.73,19.42,46.0,41590-36478,229.8,126.97688,37.07495
다바5398,night,0.246038,0.112688,-0.1502,-0.4243,0.2741,mid,0.0,4,2,2,0.4117,0.119,248.0,794.0,0.1573,양감면,0.2741,0.2741,0.43852,3,NEW_STOP,31240420,면,24.6,11.27,62.0,41590-36207,353.0,126.97681,37.08397
다바5399,night,0.219288,0.14476,-0.2562,-0.3003,0.0426,mid,0.0,3,2,2,0.658,0.0,139.0,435.0,0.1655,양감면,0.0426,0.0441,0.35092,2,ADD_FREQ,31240420,면,21.93,14.48,34.8,41590-55342,205.2,126.97675,37.09298
다바5497,night,0.211392,0.036088,-0.2875,-0.7204,0.4087,mid,0.0,4,2,1,0.05,0.136,186.0,107.0,0.3763,양감면,0.4087,0.4329,0.38552,2,DRT,31240420,면,21.14,3.61,46.5,41590-36472,625.9,126.98813,37.075
다바5498,night,0.144896,0.13785,-0.551,-0.327,-0.1654,mid,0.0,3,1,2,0.3933,0.298,38.0,126.0,0.2632,양감면,-0.1654,-0.224,0.22104,1,NEW_STOP,31240420,면,14.49,13.78,9.5,41590-36473,364.0,126.98806,37.08401
다바5499,night,0.221465,0.118873,-0.2476,-0.4004,0.1487,mid,0.0,3,2,2,0.5403,0.0,249.0,242.0,0.4056,양감면,0.1487,0.1528,0.41648,2,ADD_FREQ,31240420,면,22.15,11.89,62.2,41590-36251,275.8,126.988,37.09303
다사1401,night,0.055774,0.011,-0.9042,-0.8174,-0.0345,mid,0.0,3,0,0,0.05,0.0,13.0,0.0,0.7692,우정읍,-0.0345,-0.0869,0.11155,0,DRT,31240130,읍,5.58,1.1,3.2,41590-60113,9432.9,126.53771,37.10826
다사2208,night,0.214031,0.1408,-0.277,-0.3156,0.0367,mid,0.0,3,2,2,0.64,0.0,183.0,153.0,0.4645,서신면,0.0367,0.0386,0.37901,2,ADD_FREQ,31240370,면,21.4,14.08,45.8,41590-60007,216.0,126.62702,37.17205
다사2302,night,0.0,0.011,-1.1253,-0.8174,-0.0,mid,0.0,3,0,0,0.05,0.0,0.0,0.0,0.0,서신면,-0.0,-0.3079,0.0,0,DRT,31240370,면,0.0,1.1,0.0,41590-37837,4003.1,126.63889,37.11805
다사2405,night,0.0,0.011,-1.1253,-0.8174,-0.0,mid,0.0,3,0,0,0.05,0.0,0.0,0.0,0.0,서신면,-0.0,-0.3079,0.0,0,DRT,31240370,면,0.0,1.1,0.0,41590-36947,2469.6,126.64985,37.14517
다사2416,night,0.152987,0.065817,-0.519,-0.6055,0.0662,drt,0.0,3,1,1,0.2992,0.0,93.0,10.0,0.4194,송산면,0.0662,0.0865,0.29928,1,NEW_STOP,31240360,면,15.3,6.58,23.2,41590-55867,420.5,126.64873,37.24431
다사2417,night,0.0,0.011,-1.1253,-0.8174,-0.0,mid,0.0,3,0,0,0.05,0.0,0.0,0.0,0.0,송산면,-0.0,-0.3079,0.0,0,DRT,31240360,면,0.0,1.1,0.0,41590-60130,908.5,126.64863,37.25333
다사2420,night,0.0,0.011,-1.1253,-0.8174,-0.0,mid,0.0,3,0,0,0.05,0.0,0.0,0.0,0.0,송산면,-0.0,-0.3079,0.0,0,DRT,31240360,면,0.0,1.1,0.0,41590-60130,3774.4,126.64833,37.28037
다사2508,night,0.311812,0.176807,0.1105,-0.1764,0.2869,mid,0.0,4,3,2,0.8037,0.0,208.0,150.0,0.4327,서신면,0.2869,0.2869,0.38189,2,ADD_FREQ,31240370,면,31.18,17.68,52.0,41590-55347,117.8,126.66081,37.17229
다사2511,night,0.106901,0.012467,-0.7016,-0.8117,0.0667,mid,0.0,3,1,1,0.0567,0.0,8.0,22.0,0.0,송산면,0.0667,0.1101,0.03475,0,DRT,31240360,면,10.69,1.25,2.0,41590-55063,566.0,126.66051,37.19933
다사2512,night,0.0,0.011,-1.1253,-0.8174,-0.0,mid,0.0,3,0,0,0.05,0.0,0.0,0.0,0.0,송산면,-0.0,-0.3079,0.0,0,DRT,31240360,면,0.0,1.1,0.0,41590-55063,1457.6,126.66041,37.20834
다사2514,night,0.0,0.011,-1.1253,-0.8174,-0.0,mid,0.0,3,0,0,0.05,0.0,0.0,0.0,0.0,송산면,-0.0,-0.3079,0.0,0,DRT,31240360,면,0.0,1.1,0.0,41590-55189,1365.4,126.66021,37.22637
다사2515,night,0.111164,0.06072,-0.6847,-0.6252,-0.037,mid,0.0,3,1,1,0.276,0.0,33.0,3.0,0.4545,송산면,-0.037,-0.0595,0.21323,1,NEW_STOP,31240360,면,11.12,6.07,8.2,41590-55189,434.4,126.66011,37.23538
다사2516,night,0.078849,0.022953,-0.8128,-0.7712,-0.0207,mid,0.0,3,0,1,0.1043,0.0,18.0,7.0,1.1111,송산면,-0.0207,-0.0416,0.14366,0,DRT,31240360,면,7.88,2.3,4.5,41590-60130,537.4,126.66001,37.2444
다사2517,night,0.0,0.011,-1.1253,-0.8174,-0.0,mid,0.0,3,0,0,0.05,0.0,0.0,0.0,0.0,송산면,-0.0,-0.3079,0.0,0,DRT,31240360,면,0.0,1.1,0.0,41590-60130,873.1,126.65991,37.25341
다사2518,night,0.0,0.011,-1.1253,-0.8174,-0.0,mid,0.0,3,0,0,0.05,0.0,0.0,0.0,0.0,송산면,-0.0,-0.3079,0.0,0,DRT,31240360,면,0.0,1.1,0.0,41590-60130,1798.4,126.65981,37.26242
다사2519,night,0.0,0.011,-1.1253,-0.8174,-0.0,mid,0.0,3,0,0,0.05,0.0,0.0,0.0,0.0,송산면,-0.0,-0.3079,0.0,0,DRT,31240360,면,0.0,1.1,0.0,41590-60130,2775.8,126.65971,37.27143
다사2520,night,0.0,0.011,-1.1253,-0.8174,-0.0,mid,0.0,3,0,0,0.05,0.0,0.0,0.0,0.0,송산면,-0.0,-0.3079,0.0,0,DRT,31240360,면,0.0,1.1,0.0,41590-60130,3766.0,126.65961,37.28045
다사2607,night,0.296464,0.19085,0.0497,-0.1221,0.1718,mid,0.0,3,3,3,0.8675,0.0,190.0,288.0,0.3105,서신면,0.1718,0.1718,0.38985,2,ADD_FREQ,31240370,면,29.65,19.08,47.5,41590-37866,79.5,126.67217,37.16336
다사2608,night,0.246872,0.011,-0.1469,-0.8174,0.6705,mid,0.0,4,2,0,0.05,0.0,294.0,91.0,0.5646,서신면,0.6705,0.6705,0.43876,3,DRT,31240370,면,24.69,1.1,73.5,41590-37926,671.1,126.67207,37.17237
다사2609,night,0.268336,0.053717,-0.0618,-0.6522,0.5904,mid,0.0,4,3,1,0.2442,0.0,251.0,1185.0,0.0717,서신면,0.5904,0.5904,0.43925,3,NEW_STOP,31240370,면,26.83,5.37,62.8,41590-37258,453.5,126.67197,37.18138
다사2610,night,0.242734,0.08679,-0.1633,-0.5244,0.3611,mid,0.0,4,2,2,0.3945,0.0,180.0,1248.0,0.0278,서신면,0.3611,0.3611,0.39461,2,NEW_STOP,31240370,면,24.27,8.68,45.0,41590-37595,363.3,126.67187,37.1904
다사2611,night,0.024889,0.011,-1.0266,-0.8174,-0.0492,mid,0.0,3,0,0,0.05,0.0,5.0,14.0,0.0,송산면,-0.0492,-0.2093,0.04842,0,DRT,31240360,면,2.49,1.1,1.2,41590-37893,596.1,126.67178,37.19941
다사2612,night,0.141625,0.011623,-0.564,-0.815,0.1826,mid,0.0,3,1,1,0.0528,0.0,73.0,71.0,0.5068,송산면,0.1826,0.251,0.26964,1,DRT,31240360,면,14.16,1.16,18.2,41590-36346,568.3,126.67168,37.20842
다사2613,night,0.121289,0.011,-0.6446,-0.8174,0.1137,mid,0.0,3,1,0,0.05,0.0,33.0,25.0,0.9394,송산면,0.1137,0.1728,0.24167,1,DRT,31240360,면,12.13,1.1,8.2,41590-36346,784.2,126.67158,37.21744
다사2614,night,0.0,0.011,-1.1253,-0.8174,-0.0,mid,0.0,3,0,0,0.05,0.0,0.0,28.0,0.0,송산면,-0.0,-0.3079,0.0,0,DRT,31240360,면,0.0,1.1,0.0,41590-55195,1315.1,126.67148,37.22645
다사2615,night,0.216753,0.011,-0.2662,-0.8174,0.5288,mid,0.0,4,2,0,0.05,0.0,224.0,93.0,0.5045,송산면,0.5288,0.5511,0.4007,2,DRT,31240360,면,21.68,1.1,56.0,41590-55190,628.3,126.67138,37.23546
다사2616,night,0.197265,0.064093,-0.3435,-0.6121,0.2425,mid,0.0,3,2,1,0.2913,0.0,138.0,5.0,0.3623,송산면,0.2425,0.2687,0.33101,1,NEW_STOP,31240360,면,19.73,6.41,34.5,41590-55190,425.2,126.67128,37.24447
다사2617,night,0.0,0.011,-1.1253,-0.8174,-0.0,mid,0.0,3,0,0,0.05,0.0,0.0,0.0,0.0,송산면,-0.0,-0.3079,0.0,0,DRT,31240360,면,0.0,1.1,0.0,41590-55190,1403.0,126.67118,37.25349
다사2618,night,0.0,0.011,-1.1253,-0.8174,-0.0,mid,0.0,3,0,0,0.05,0.0,0.0,0.0,0.0,송산면,-0.0,-0.3079,0.0,0,DRT,31240360,면,0.0,1.1,0.0,41590-60062,2155.7,126.67108,37.2625
다사2619,night,0.0,0.011,-1.1253,-0.8174,-0.0,mid,0.0,3,0,0,0.05,0.0,0.0,0.0,0.0,송산면,-0.0,-0.3079,0.0,0,DRT,31240360,면,0.0,1.1,0.0,41590-60062,2785.2,126.67099,37.27151
다사2620,night,0.0,0.011,-1.1253,-0.8174,-0.0,mid,0.0,3,0,0,0.05,0.0,0.0,0.0,0.0,송산면,-0.0,-0.3079,0.0,0,DRT,31240360,면,0.0,1.1,0.0,41590-60062,3588.4,126.67089,37.28053
다사2703,night,0.17891,0.216289,-0.4162,-0.0238,-0.3324,mid,0.0,2,1,3,0.8738,0.13,143.0,15.0,0.3916,서신면,-0.3324,-0.3924,0.34145,2,ADD_FREQ,31240370,면,17.89,21.63,35.8,41590-36489,75.7,126.68382,37.12738
다사2704,night,0.155088,0.011,-0.5106,-0.8174,0.2368,drt,0.0,3,1,0,0.05,0.0,98.0,16.0,0.4796,서신면,0.2368,0.3067,0.31018,1,DRT,31240370,면,15.51,1.1,24.5,41590-37029,765.5,126.68372,37.13639
다사2705,night,0.145526,0.130643,-0.5485,-0.3549,-0.1434,mid,0.0,3,1,2,0.5938,0.0,73.0,19.0,0.4247,서신면,-0.1434,-0.1937,0.29105,1,ADD_FREQ,31240370,면,14.55,13.06,18.2,41590-36840,243.7,126.68362,37.14541
다사2707,night,0.16863,0.011,-0.457,-0.8174,0.2937,drt,0.0,4,1,0,0.05,0.0,93.0,241.0,0.0538,서신면,0.2937,0.3604,0.31283,1,DRT,31240370,면,16.86,1.1,23.2,41590-37017,709.8,126.68343,37.16343
다사2708,night,0.328825,0.116197,0.1779,-0.4107,0.5886,mid,0.0,4,3,2,0.5282,0.0,268.0,365.0,0.2201,서신면,0.5886,0.5886,0.43548,3,ADD_FREQ,31240370,면,32.88,11.62,67.0,41590-37784,283.1,126.68333,37.17245
다사2709,night,0.174257,0.01133,-0.4347,-0.8161,0.3176,drt,0.0,4,1,1,0.0515,0.0,118.0,145.0,0.2373,서신면,0.3176,0.3814,0.34604,2,DRT,31240370,면,17.43,1.13,29.5,41590-36491,569.1,126.68324,37.18146
다사2710,night,0.182965,0.165697,-0.4001,-0.2194,-0.1554,mid,0.0,3,1,2,0.7532,0.0,118.0,597.0,0.2797,서신면,-0.1554,-0.1808,0.34872,2,ADD_FREQ,31240370,면,18.3,16.57,29.5,41590-37511,148.1,126.68314,37.19047
다사2711,night,0.110346,0.011,-0.6879,-0.8174,0.0801,mid,0.0,3,1,0,0.05,0.0,38.0,41.0,0.2632,서신면,0.0801,0.1294,0.22069,1,DRT,31240370,면,11.03,1.1,9.5,41590-37511,1135.6,126.68304,37.19949
다사2712,night,0.101137,0.011,-0.7244,-0.8174,0.0543,mid,0.0,3,0,0,0.05,0.0,33.0,141.0,0.4545,송산면,0.0543,0.0929,0.19383,0,DRT,31240360,면,10.11,1.1,8.2,41590-36346,621.0,126.68295,37.2085
다사2713,night,0.149516,0.192463,-0.5327,-0.1159,-0.3142,mid,0.0,2,1,3,0.8748,0.0,73.0,240.0,0.3151,송산면,-0.3142,-0.4168,0.2882,1,ADD_FREQ,31240360,면,14.95,19.25,18.2,41590-36490,75.1,126.68285,37.21751
다사2714,night,0.174038,0.011,-0.4355,-0.8174,0.3177,drt,0.0,4,1,0,0.05,0.0,109.0,274.0,0.3303,송산면,0.3177,0.3818,0.34315,2,DRT,31240360,면,17.4,1.1,27.2,41590-55193,756.0,126.68275,37.22653
다사2715,night,0.221389,0.186377,-0.2479,-0.1394,-0.1055,mid,0.0,3,2,3,0.8472,0.0,184.0,242.0,0.3207,송산면,-0.1055,-0.1084,0.37841,2,ADD_FREQ,31240360,면,22.14,18.64,46.0,41590-55194,91.7,126.68265,37.23554
다사2716,night,0.141172,0.011,-0.5658,-0.8174,0.1827,mid,0.0,3,1,0,0.05,0.0,78.0,12.0,0.6667,송산면,0.1827,0.2516,0.28234,1,DRT,31240360,면,14.12,1.1,19.5,41590-55864,913.1,126.68256,37.24455
다사2717,night,0.07154,0.011,-0.8417,-0.8174,-0.0114,mid,0.0,3,0,0,0.05,0.0,13.0,0.0,0.0,송산면,-0.0114,-0.0244,0.14308,0,DRT,31240360,면,7.15,1.1,3.2,41590-60062,880.0,126.68246,37.25357
다사2718,night,0.0,0.011,-1.1253,-0.8174,-0.0,mid,0.0,3,0,0,0.05,0.0,0.0,0.0,0.0,송산면,-0.0,-0.3079,0.0,0,DRT,31240360,면,0.0,1.1,0.0,41590-60062,1374.7,126.68236,37.26258
다사2720,night,0.0,0.011,-1.1253,-0.8174,-0.0,mid,0.0,3,0,0,0.05,0.0,0.0,3.0,0.0,송산면,-0.0,-0.3079,0.0,0,DRT,31240360,면,0.0,1.1,0.0,41590-60062,3181.4,126.68217,37.28061
다사2802,night,0.304953,0.27599,0.0833,0.207,-0.1237,mid,0.0,3,3,3,0.209,2.219,149.0,148.0,0.1879,서신면,-0.1237,-0.1237,0.3612,2,NEW_STOP,31240370,면,30.5,27.6,37.2,41590-37220,474.6,126.69517,37.11844
다사2803,night,0.271493,0.45225,-0.0493,0.8884,-0.9376,mid,0.0,1,3,4,0.5772,4.224,240.0,52.0,0.3,서신면,-0.9376,-0.9376,0.42038,2,ADD_FREQ,31240370,면,27.15,45.22,60.0,41590-37670,253.7,126.69507,37.12746
다사2804,night,0.261743,0.431762,-0.0879,0.8092,-0.8971,mid,0.0,1,3,4,0.4378,4.501,323.0,129.0,0.2693,서신면,-0.8971,-0.8971,0.4598,3,NEW_STOP,31240370,면,26.17,43.18,80.8,41590-37482,337.3,126.69498,37.13647
다사2805,night,0.164215,0.171992,-0.4744,-0.195,-0.2238,mid,0.0,3,1,2,0.0682,1.221,93.0,18.0,0.4516,서신면,-0.2238,-0.2794,0.31018,1,DRT,31240370,면,16.42,17.2,23.2,41590-36840,559.1,126.69488,37.14548
다사2806,night,0.15411,0.160204,-0.5145,-0.2406,-0.2106,mid,0.0,3,1,2,0.1848,0.836,69.0,552.0,0.2609,서신면,-0.2106,-0.2739,0.2844,1,NEW_STOP,31240370,면,15.41,16.02,17.2,41590-55209,489.1,126.69479,37.1545
다사2807,night,0.202005,0.011,-0.3247,-0.8174,0.4516,mid,0.0,4,2,0,0.05,0.0,223.0,89.0,0.4036,서신면,0.4516,0.4927,0.40401,2,DRT,31240370,면,20.2,1.1,55.8,41590-60102,570.7,126.69469,37.16351
다사2808,night,0.334322,0.200237,0.1997,-0.0858,0.2856,mid,0.0,4,3,3,0.9102,0.0,340.0,449.0,0.2647,서신면,0.2856,0.2856,0.45866,3,ADD_FREQ,31240370,면,33.43,20.02,85.0,41590-37031,53.9,126.6946,37.17252
다사2809,night,0.19628,0.06336,-0.3474,-0.615,0.2407,mid,0.0,3,2,1,0.288,0.0,183.0,85.0,0.3825,서신면,0.2407,0.2676,0.37472,2,NEW_STOP,31240370,면,19.63,6.34,45.8,41590-36491,427.2,126.6945,37.18154
다사2810,night,0.196614,0.140103,-0.346,-0.3183,-0.025,mid,0.0,3,2,2,0.6368,0.0,143.0,106.0,0.4895,서신면,-0.025,-0.0278,0.3499,2,ADD_FREQ,31240370,면,19.66,14.01,35.8,41590-37371,217.9,126.69441,37.19055
다사2811,night,0.18102,0.093317,-0.4078,-0.4992,0.0779,drt,0.0,3,1,2,0.4242,0.0,120.0,149.0,0.3,서신면,0.0779,0.0913,0.34254,2,NEW_STOP,31240370,면,18.1,9.33,30.0,41590-37923,345.5,126.69431,37.19956
다사2812,night,0.096084,0.011,-0.7445,-0.8174,0.0412,mid,0.0,3,0,0,0.05,0.0,33.0,262.0,0.0,송산면,0.0412,0.0729,0.19217,0,DRT,31240360,면,9.61,1.1,8.2,41590-37362,1121.4,126.69421,37.20858
다사2813,night,0.272516,0.052617,-0.0452,-0.6565,0.6113,mid,0.0,4,3,1,0.2392,0.0,392.0,1359.0,0.0918,송산면,0.6113,0.6113,0.51321,3,NEW_STOP,31240360,면,27.25,5.26,98.0,41590-36496,456.5,126.69412,37.21759
다사2814,night,0.239792,0.046383,-0.1749,-0.6806,0.5057,mid,0.0,4,2,1,0.2108,0.0,191.0,376.0,0.3403,송산면,0.5057,0.5057,0.39363,2,NEW_STOP,31240360,면,23.98,4.64,47.8,41590-55197,473.5,126.69402,37.2266
다사2815,night,0.181001,0.018627,-0.4079,-0.7879,0.3243,drt,0.0,4,1,1,0.0847,0.0,118.0,123.0,0.4576,송산면,0.3243,0.38,0.33414,1,DRT,31240360,면,18.1,1.86,29.5,41590-55862,549.2,126.69393,37.23562
다사2816,night,0.147386,0.036447,-0.5411,-0.719,0.1328,mid,0.0,3,1,1,0.1657,0.0,73.0,11.0,0.5068,송산면,0.1328,0.1778,0.27014,1,NEW_STOP,31240360,면,14.74,3.64,18.2,41590-60065,500.6,126.69383,37.24463
다사2817,night,0.263877,0.17083,-0.0795,-0.1995,0.12,mid,0.0,3,3,2,0.7765,0.0,317.0,28.0,0.3407,송산면,0.12,0.12,0.44919,3,ADD_FREQ,31240360,면,26.39,17.08,79.2,41590-60062,134.1,126.69373,37.25364
다사2818,night,0.0,0.011,-1.1253,-0.8174,-0.0,mid,0.0,3,0,0,0.05,0.0,0.0,0.0,0.0,송산면,-0.0,-0.3079,0.0,0,DRT,31240360,면,0.0,1.1,0.0,41590-60062,1064.8,126.69364,37.26266
다사2819,night,0.0,0.011,-1.1253,-0.8174,-0.0,mid,0.0,3,0,0,0.05,0.0,0.0,0.0,0.0,송산면,-0.0,-0.3079,0.0,0,DRT,31240360,면,0.0,1.1,0.0,41590-60062,2061.0,126.69354,37.27167
다사2903,night,0.031476,0.011,-1.0005,-0.8174,-0.0501,mid,0.0,3,0,0,0.05,0.0,5.0,0.0,1.0,서신면,-0.0501,-0.1832,0.06295,0,DRT,31240370,면,3.15,1.1,1.2,41590-55216,1054.4,126.70633,37.12753
다사2904,night,0.206303,0.355054,-0.3076,0.5126,-0.7622,mid,0.0,1,2,3,0.2742,3.473,158.0,38.0,0.443,서신면,-0.7622,-0.8203,0.36174,2,NEW_STOP,31240370,면,20.63,35.51,39.5,41590-36765,435.5,126.70624,37.13655
다사2905,night,0.199937,0.395615,-0.3329,0.6694,-0.9125,mid,0.0,1,2,4,0.6105,2.774,173.0,32.0,0.4162,서신면,-0.9125,-1.0023,0.36824,2,ADD_FREQ,31240370,면,19.99,39.56,43.2,41590-55138,233.7,126.70614,37.14556
다사2906,night,0.184866,0.462513,-0.3926,0.928,-1.1426,over,0.0,1,2,4,0.5998,4.366,118.0,77.0,0.4407,서신면,-1.1426,-1.3206,0.32087,1,ADD_FREQ,31240370,면,18.49,46.25,29.5,41590-55222,240.1,126.70605,37.15457
다사2907,night,0.419311,0.629627,0.5365,1.574,-1.0375,ok,0.0,1,3,4,0.7335,9.805,461.0,460.0,0.2668,서신면,-1.0375,-1.0375,0.50569,3,ADD_FREQ,31240370,면,41.93,62.96,115.2,41590-55214,159.9,126.70595,37.16359
다사2908,night,0.528874,0.594998,0.9708,1.4402,-0.4694,ok,0.0,2,4,4,0.8543,6.916,945.0,270.0,0.2392,서신면,-0.4694,-0.4694,0.61174,4,ADD_FREQ,31240370,면,52.89,59.5,236.2,41590-36495,87.4,126.70586,37.1726
다사2909,night,0.331553,0.554226,0.1887,1.2826,-1.0938,mid,0.0,1,3,4,0.7902,5.913,200.0,174.0,0.325,서신면,-1.0938,-1.0938,0.38482,2,ADD_FREQ,31240370,면,33.16,55.42,50.0,41590-37048,125.9,126.70577,37.18161
다사2910,night,0.174131,0.114355,-0.4352,-0.4178,-0.0144,drt,0.0,3,1,2,0.05,0.691,104.0,138.0,0.375,서신면,-0.0144,-0.0173,0.31506,1,DRT,31240370,면,17.41,11.44,26.0,41590-37061,699.3,126.70567,37.19063
다사2911,night,0.171027,0.16522,-0.4475,-0.2212,-0.1861,mid,0.0,3,1,2,0.751,0.0,118.0,85.0,0.5508,송산면,-0.1861,-0.2263,0.32069,1,ADD_FREQ,31240360,면,17.1,16.52,29.5,41590-37455,149.4,126.70558,37.19964
다사2912,night,0.136521,0.011,-0.5842,-0.8174,0.1657,mid,0.0,3,1,0,0.05,0.0,68.0,147.0,0.4559,송산면,0.1657,0.2332,0.27236,1,DRT,31240360,면,13.65,1.1,17.0,41590-37364,775.8,126.70548,37.20865
다사2913,night,0.178253,0.011,-0.4188,-0.8174,0.3368,drt,0.0,4,1,0,0.05,0.0,148.0,131.0,0.3514,송산면,0.3368,0.3986,0.35136,2,DRT,31240360,면,17.83,1.1,37.0,41590-55203,702.7,126.70539,37.21767
다사2914,night,0.239381,0.11506,-0.1766,-0.4151,0.2386,mid,0.0,3,2,2,0.523,0.0,223.0,184.0,0.2466,송산면,0.2386,0.2386,0.40132,2,ADD_FREQ,31240360,면,23.94,11.51,55.8,41590-37046,286.2,126.70529,37.22668
다사2915,night,0.150425,0.109633,-0.5291,-0.4361,-0.0704,mid,0.0,3,1,2,0.4983,0.0,78.0,32.0,0.5641,송산면,-0.0704,-0.093,0.27744,1,NEW_STOP,31240360,면,15.04,10.96,19.5,41590-60003,301.0,126.7052,37.23569
다사2916,night,0.180585,0.05555,-0.4096,-0.6451,0.2007,drt,0.0,3,1,1,0.2525,0.0,118.0,19.0,0.4407,송산면,0.2007,0.2356,0.32525,1,NEW_STOP,31240360,면,18.06,5.55,29.5,41590-60005,448.5,126.7051,37.24471
다사2917,night,0.157716,0.011,-0.5002,-0.8174,0.2475,drt,0.0,3,1,0,0.05,0.0,113.0,3.0,0.3717,송산면,0.2475,0.3172,0.31543,1,DRT,31240360,면,15.77,1.1,28.2,41590-60077,924.9,126.70501,37.25372
다사2918,night,0.018557,0.011,-1.0517,-0.8174,-0.0455,mid,0.0,3,0,0,0.05,0.0,5.0,0.0,0.0,송산면,-0.0455,-0.2344,0.03711,0,DRT,31240360,면,1.86,1.1,1.2,41590-60061,1530.2,126.70491,37.26273
다사2919,night,0.0,0.011,-1.1253,-0.8174,-0.0,mid,0.0,3,0,0,0.05,0.0,0.0,0.0,0.0,송산면,-0.0,-0.3079,0.0,0,DRT,31240360,면,0.0,1.1,0.0,41590-60062,2343.7,126.70482,37.27175
다사3003,night,0.0,0.011,-1.1253,-0.8174,-0.0,mid,0.0,3,0,0,0.05,0.0,0.0,0.0,0.0,서신면,-0.0,-0.3079,0.0,0,DRT,31240370,면,0.0,1.1,0.0,41590-55218,1821.3,126.71759,37.12761
다사3004,night,0.053595,0.011,-0.9129,-0.8174,-0.0369,mid,0.0,3,0,0,0.05,0.0,18.0,3.0,0.5556,서신면,-0.0369,-0.0955,0.10719,0,DRT,31240370,면,5.36,1.1,4.5,41590-36765,1172.7,126.7175,37.13662
다사3005,night,0.136427,0.011,-0.5846,-0.8174,0.1653,mid,0.0,3,1,0,0.05,0.0,73.0,61.0,0.5068,서신면,0.1653,0.2328,0.27285,1,DRT,31240370,면,13.64,1.1,18.2,41590-37577,598.8,126.7174,37.14564
다사3006,night,0.134668,0.14102,-0.5916,-0.3148,-0.1949,mid,0.0,3,1,2,0.641,0.0,73.0,14.0,0.6027,서신면,-0.1949,-0.2768,0.26686,1,ADD_FREQ,31240370,면,13.47,14.1,18.2,41590-37577,215.4,126.71731,37.15465
다사3007,night,0.191534,0.04653,-0.3662,-0.68,0.2779,drt,0.0,4,2,1,0.2115,0.0,186.0,348.0,0.2204,서신면,0.2779,0.3138,0.38307,2,NEW_STOP,31240370,면,19.15,4.65,46.5,41590-37931,473.1,126.71722,37.16366
다사3008,night,0.163142,0.011,-0.4787,-0.8174,0.2701,drt,0.0,4,1,0,0.05,0.0,123.0,11.0,0.3821,서신면,0.2701,0.3387,0.32628,1,DRT,31240370,면,16.31,1.1,30.8,41590-37398,754.5,126.71712,37.17268
다사3009,night,0.212095,0.04572,-0.2847,-0.6831,0.377,mid,0.0,4,2,1,0.05,0.193,175.0,344.0,0.28,마도면,0.377,0.3985,0.38482,2,DRT,31240350,면,21.21,4.57,43.8,41590-55360,574.8,126.71703,37.18169
다사3010,night,0.225331,0.442494,-0.2322,0.8506,-1.0656,mid,0.0,1,2,4,0.5765,3.975,103.0,200.0,0.4272,서신면,-1.0656,-1.0829,0.33447,1,ADD_FREQ,31240370,면,22.53,44.25,25.8,41590-36767,254.1,126.71694,37.1907
다사3011,night,0.279784,0.266672,-0.0164,0.171,-0.1874,mid,0.0,3,3,3,0.2557,1.914,173.0,60.0,0.4624,송산면,-0.1874,-0.1874,0.36979,2,NEW_STOP,31240360,면,27.98,26.67,43.2,41590-36357,446.6,126.71684,37.19972
다사3012,night,0.206439,0.145558,-0.3071,-0.2972,-0.0092,mid,0.0,3,2,2,0.5788,0.097,226.0,247.0,0.3319,송산면,-0.0092,-0.0099,0.40685,2,ADD_FREQ,31240360,면,20.64,14.56,56.5,41590-37366,252.7,126.71675,37.20873
다사3013,night,0.199283,0.19811,-0.3355,-0.0941,-0.2193,mid,0.0,3,2,3,0.9005,0.0,170.0,548.0,0.1824,송산면,-0.2193,-0.2414,0.38389,2,ADD_FREQ,31240360,면,19.93,19.81,42.5,41590-55204,59.7,126.71666,37.21774
다사3014,night,0.185834,0.1342,-0.3888,-0.3411,-0.0414,mid,0.0,3,2,2,0.61,0.0,173.0,193.0,0.3468,송산면,-0.0414,-0.0477,0.36785,2,ADD_FREQ,31240360,면,18.58,13.42,43.2,41590-60002,234.0,126.71657,37.22676
다사3015,night,0.128289,0.011,-0.6168,-0.8174,0.1368,mid,0.0,3,1,0,0.05,0.0,58.0,5.0,0.5345,송산면,0.1368,0.2005,0.25658,1,DRT,31240360,면,12.83,1.1,14.5,41590-37608,803.2,126.71647,37.23577
다사3016,night,0.166826,0.011,-0.4641,-0.8174,0.2859,drt,0.0,4,1,0,0.05,0.0,128.0,5.0,0.4688,송산면,0.2859,0.3533,0.33365,1,DRT,31240360,면,16.68,1.1,32.0,41590-60005,1325.9,126.71638,37.24478
다사3017,night,0.151368,0.011,-0.5254,-0.8174,0.2219,drt,0.0,3,1,0,0.05,0.0,98.0,5.0,0.5306,송산면,0.2219,0.292,0.30274,1,DRT,31240360,면,15.14,1.1,24.5,41590-60060,1731.4,126.71629,37.25379
다사3018,night,0.0,0.011,-1.1253,-0.8174,-0.0,mid,0.0,3,0,0,0.05,0.0,0.0,0.0,0.0,송산면,-0.0,-0.3079,0.0,0,DRT,31240360,면,0.0,1.1,0.0,41590-60061,2301.3,126.71619,37.26281
다사3019,night,0.0,0.011,-1.1253,-0.8174,-0.0,mid,0.0,3,0,0,0.05,0.0,0.0,0.0,0.0,송산면,-0.0,-0.3079,0.0,0,DRT,31240360,면,0.0,1.1,0.0,41590-60061,2941.7,126.7161,37.27182
다사3100,night,0.0,0.011,-1.1253,-0.8174,-0.0,mid,0.0,3,0,0,0.05,0.0,0.0,0.0,0.0,우정읍,-0.0,-0.3079,0.0,0,DRT,31240130,읍,0.0,1.1,0.0,41590-36991,1914.5,126.72912,37.10064
다사3101,night,0.0,0.011,-1.1253,-0.8174,-0.0,mid,0.0,3,0,0,0.05,0.0,0.0,0.0,0.0,우정읍,-0.0,-0.3079,0.0,0,DRT,31240130,읍,0.0,1.1,0.0,41590-37220,2751.6,126.72903,37.10966
다사3102,night,0.0,0.011,-1.1253,-0.8174,-0.0,mid,0.0,3,0,0,0.05,0.0,0.0,0.0,0.0,우정읍,-0.0,-0.3079,0.0,0,DRT,31240130,읍,0.0,1.1,0.0,41590-55218,3230.3,126.72894,37.11867
다사3104,night,0.115855,0.011,-0.6661,-0.8174,0.0966,mid,0.0,3,1,0,0.05,0.0,38.0,5.0,0.5263,서신면,0.0966,0.1513,0.23171,1,DRT,31240370,면,11.59,1.1,9.5,41590-37577,1998.6,126.72875,37.1367
다사3105,night,0.059612,0.011,-0.889,-0.8174,-0.0297,mid,0.0,3,0,0,0.05,0.0,13.0,0.0,0.3846,서신면,-0.0297,-0.0716,0.11922,0,DRT,31240370,면,5.96,1.1,3.2,41590-60009,1210.0,126.72866,37.14571
다사3106,night,0.20925,0.088733,-0.296,-0.5169,0.2072,mid,0.0,3,2,2,0.4033,0.0,234.0,84.0,0.5684,서신면,0.2072,0.2209,0.41071,2,NEW_STOP,31240370,면,20.93,8.87,58.5,41590-60079,358.0,126.72857,37.15472
다사3107,night,0.158119,0.10835,-0.4986,-0.441,-0.045,drt,0.0,3,1,2,0.4925,0.0,108.0,43.0,0.4537,서신면,-0.045,-0.0576,0.31376,1,NEW_STOP,31240370,면,15.81,10.84,27.0,41590-37635,304.5,126.72848,37.16374
다사3108,night,0.14798,0.011,-0.5388,-0.8174,0.2086,mid,0.0,3,1,0,0.05,0.0,88.0,8.0,0.3864,서신면,0.2086,0.2786,0.29596,1,DRT,31240370,면,14.8,1.1,22.0,41590-37824,928.3,126.72839,37.17275
다사3109,night,0.164587,0.011,-0.473,-0.8174,0.2763,drt,0.0,4,1,0,0.05,0.0,97.0,214.0,0.1856,마도면,0.2763,0.3444,0.32917,1,DRT,31240350,면,16.46,1.1,24.2,41590-55360,1518.1,126.7283,37.18176
다사3110,night,0.173768,0.011,-0.4366,-0.8174,0.3165,drt,0.0,4,1,0,0.05,0.0,123.0,65.0,0.374,마도면,0.3165,0.3808,0.34754,2,DRT,31240350,면,17.38,1.1,30.8,41590-36357,969.4,126.7282,37.19078
다사3111,night,0.397282,0.283247,0.4492,0.2351,0.2142,mid,0.0,3,3,3,0.2238,2.285,778.0,204.0,0.1594,마도면,0.2142,0.2142,0.58405,4,NEW_STOP,31240350,면,39.73,28.32,194.5,41590-37069,465.7,126.72811,37.19979
다사3112,night,0.507335,0.614193,0.8854,1.5144,-0.629,ok,0.0,2,4,4,0.8807,7.474,443.0,558.0,0.2257,송산면,-0.629,-0.629,0.49839,3,ADD_FREQ,31240360,면,50.73,61.42,110.8,41590-37370,71.6,126.72802,37.2088
다사3113,night,0.51627,0.207938,0.9208,-0.0561,0.9769,need,1.44723,5,4,3,0.423,0.793,1377.0,526.0,0.2012,송산면,0.9769,0.9769,0.67049,4,NEW_STOP,31240360,면,51.63,20.79,344.2,41590-55206,346.2,126.72793,37.21782
다사3114,night,0.214285,0.20999,-0.276,-0.0481,-0.217,mid,0.0,3,2,3,0.9545,0.0,219.0,642.0,0.2237,송산면,-0.217,-0.2279,0.42166,3,ADD_FREQ,31240360,면,21.43,21.0,54.8,41590-60074,27.3,126.72784,37.22683
다사3115,night,0.232325,0.130973,-0.2045,-0.3536,0.1491,mid,0.0,3,2,2,0.5953,0.0,244.0,90.0,0.3279,송산면,0.1491,0.1491,0.41928,2,ADD_FREQ,31240360,면,23.23,13.1,61.0,41590-37079,242.8,126.72774,37.23584
다사3116,night,0.017374,0.011,-1.0564,-0.8174,-0.0445,mid,0.0,3,0,0,0.05,0.0,5.0,0.0,0.0,송산면,-0.0445,-0.239,0.03475,0,DRT,31240360,면,1.74,1.1,1.2,41590-37401,1121.6,126.72765,37.24486
다사3117,night,0.05097,0.011,-0.9233,-0.8174,-0.0397,mid,0.0,3,0,0,0.05,0.0,8.0,0.0,0.625,송산면,-0.0397,-0.1059,0.10194,0,DRT,31240360,면,5.1,1.1,2.0,41590-37401,1604.0,126.72756,37.25387
다사3118,night,0.0,0.011,-1.1253,-0.8174,-0.0,mid,0.0,3,0,0,0.05,0.0,0.0,0.0,0.0,송산면,-0.0,-0.3079,0.0,0,DRT,31240360,면,0.0,1.1,0.0,41590-37096,2274.6,126.72747,37.26288
다사3119,night,0.0,0.011,-1.1253,-0.8174,-0.0,mid,0.0,3,0,0,0.05,0.0,0.0,0.0,0.0,송산면,-0.0,-0.3079,0.0,0,DRT,31240360,면,0.0,1.1,0.0,41590-37096,3062.5,126.72738,37.2719
다사3121,night,0.0,0.011,-1.1253,-0.8174,-0.0,mid,0.0,3,0,0,0.05,0.0,0.0,0.0,0.0,송산면,-0.0,-0.3079,0.0,0,DRT,31240360,면,0.0,1.1,0.0,41590-37096,4876.6,126.72719,37.28992
다사3200,night,0.0,0.011,-1.1253,-0.8174,-0.0,mid,0.0,3,0,0,0.05,0.0,0.0,0.0,0.0,우정읍,-0.0,-0.3079,0.0,0,DRT,31240130,읍,0.0,1.1,0.0,41590-36991,2598.5,126.74037,37.10071
다사3201,night,0.0,0.011,-1.1253,-0.8174,-0.0,mid,0.0,3,0,0,0.05,0.0,0.0,0.0,0.0,우정읍,-0.0,-0.3079,0.0,0,DRT,31240130,읍,0.0,1.1,0.0,41590-36866,2943.3,126.74028,37.10973
다사3202,night,0.0,0.011,-1.1253,-0.8174,-0.0,mid,0.0,3,0,0,0.05,0.0,0.0,0.0,0.0,우정읍,-0.0,-0.3079,0.0,0,DRT,31240130,읍,0.0,1.1,0.0,41590-36866,2837.2,126.74019,37.11874
다사3203,night,0.0,0.011,-1.1253,-0.8174,-0.0,mid,0.0,3,0,0,0.05,0.0,0.0,0.0,0.0,우정읍,-0.0,-0.3079,0.0,0,DRT,31240130,읍,0.0,1.1,0.0,41590-36866,3072.0,126.7401,37.12776
다사3206,night,0.093528,0.011,-0.7546,-0.8174,0.0349,mid,0.0,3,0,0,0.05,0.0,38.0,11.0,0.2105,서신면,0.0349,0.0628,0.18706,0,DRT,31240370,면,9.35,1.1,9.5,41590-60079,1089.7,126.73983,37.1548
다사3207,night,0.157346,0.106957,-0.5017,-0.4464,-0.043,drt,0.0,3,1,2,0.4862,0.0,113.0,325.0,0.3274,서신면,-0.043,-0.0552,0.31469,1,NEW_STOP,31240370,면,15.73,10.7,28.2,41590-37635,308.3,126.73974,37.16381
다사3208,night,0.168762,0.011,-0.4564,-0.8174,0.2943,drt,0.0,4,1,0,0.05,0.0,133.0,77.0,0.3534,마도면,0.2943,0.3609,0.33752,1,DRT,31240350,면,16.88,1.1,33.2,41590-37635,608.2,126.73965,37.17282
다사3209,night,0.151267,0.011,-0.5258,-0.8174,0.2215,drt,0.0,3,1,0,0.05,0.0,103.0,40.0,0.4078,마도면,0.2215,0.2916,0.30253,1,DRT,31240350,면,15.13,1.1,25.8,41590-55456,895.0,126.73956,37.18184
다사3210,night,0.216519,0.248611,-0.2672,0.1012,-0.3532,mid,0.0,2,2,3,0.5255,0.966,234.0,417.0,0.2735,마도면,-0.3532,-0.3683,0.419,2,ADD_FREQ,31240350,면,21.65,24.86,58.5,41590-55456,284.7,126.73947,37.19085
다사3211,night,0.154031,0.160686,-0.5148,-0.2387,-0.2122,mid,0.0,3,1,2,0.05,1.14,113.0,56.0,0.5044,마도면,-0.2122,-0.2761,0.30314,1,DRT,31240350,면,15.4,16.07,28.2,41590-55458,591.9,126.73938,37.19986
다사3212,night,0.565112,0.344794,1.1144,0.473,0.6414,mid,0.0,4,4,3,0.2868,3.186,555.0,626.0,0.2216,송산면,0.6414,0.6414,0.53497,3,NEW_STOP,31240360,면,56.51,34.48,138.8,41590-37088,427.9,126.73929,37.20888
다사3213,night,0.639943,0.270878,1.411,0.1872,1.2237,need,1.96823,6,4,3,0.2635,1.951,2788.0,651.0,0.2156,송산면,1.2237,1.2237,0.77375,4,NEW_STOP,31240360,면,63.99,27.09,697.0,41590-37089,441.9,126.7392,37.21789
다사3214,night,0.137451,0.011,-0.5805,-0.8174,0.169,mid,0.0,3,1,0,0.05,0.0,68.0,89.0,0.3382,송산면,0.169,0.2368,0.2731,1,DRT,31240360,면,13.75,1.1,17.0,41590-36746,631.3,126.73911,37.2269
다사3215,night,0.229792,0.125987,-0.2146,-0.3729,0.1578,mid,0.0,3,2,2,0.5727,0.0,249.0,226.0,0.3614,송산면,0.1578,0.1583,0.42193,3,ADD_FREQ,31240360,면,22.98,12.6,62.2,41590-60052,256.4,126.73902,37.23592
다사3216,night,0.185443,0.149527,-0.3903,-0.2819,-0.094,mid,0.0,3,2,2,0.6797,0.0,133.0,16.0,0.4511,송산면,-0.094,-0.1085,0.34223,2,ADD_FREQ,31240360,면,18.54,14.95,33.2,41590-37401,192.2,126.73893,37.24493
다사3217,night,0.0,0.011,-1.1253,-0.8174,-0.0,mid,0.0,3,0,0,0.05,0.0,0.0,0.0,0.0,송산면,-0.0,-0.3079,0.0,0,DRT,31240360,면,0.0,1.1,0.0,41590-37096,860.3,126.73884,37.25394
다사3218,night,0.0,0.011,-1.1253,-0.8174,-0.0,mid,0.0,3,0,0,0.05,0.0,0.0,0.0,0.0,송산면,-0.0,-0.3079,0.0,0,DRT,31240360,면,0.0,1.1,0.0,41590-37096,1716.0,126.73875,37.26296
다사3219,night,0.0,0.011,-1.1253,-0.8174,-0.0,mid,0.0,3,0,0,0.05,0.0,0.0,0.0,0.0,송산면,-0.0,-0.3079,0.0,0,DRT,31240360,면,0.0,1.1,0.0,41590-37096,2673.5,126.73865,37.27197
다사3220,night,0.031476,0.011,-1.0005,-0.8174,-0.0501,mid,0.0,3,0,0,0.05,0.0,8.0,3.0,0.0,송산면,-0.0501,-0.1832,0.06295,0,DRT,31240360,면,3.15,1.1,2.0,41590-37096,3653.4,126.73856,37.28098
다사3221,night,0.0,0.011,-1.1253,-0.8174,-0.0,mid,0.0,3,0,0,0.05,0.0,0.0,0.0,0.0,송산면,-0.0,-0.3079,0.0,0,DRT,31240360,면,0.0,1.1,0.0,41590-37096,4641.8,126.73847,37.28999
다사3300,night,0.0,0.011,-1.1253,-0.8174,-0.0,mid,0.0,3,0,0,0.05,0.0,0.0,0.0,0.0,우정읍,-0.0,-0.3079,0.0,0,DRT,31240130,읍,0.0,1.1,0.0,41590-36967,2308.2,126.75162,37.10079
다사3301,night,0.0,0.011,-1.1253,-0.8174,-0.0,mid,0.0,3,0,0,0.05,0.0,0.0,0.0,0.0,우정읍,-0.0,-0.3079,0.0,0,DRT,31240130,읍,0.0,1.1,0.0,41590-36866,2000.0,126.75154,37.1098
다사3302,night,0.0,0.011,-1.1253,-0.8174,-0.0,mid,0.0,3,0,0,0.05,0.0,0.0,0.0,0.0,우정읍,-0.0,-0.3079,0.0,0,DRT,31240130,읍,0.0,1.1,0.0,41590-36866,1840.3,126.75145,37.11881
다사3303,night,0.0,0.011,-1.1253,-0.8174,-0.0,mid,0.0,3,0,0,0.05,0.0,0.0,0.0,0.0,우정읍,-0.0,-0.3079,0.0,0,DRT,31240130,읍,0.0,1.1,0.0,41590-36866,2185.1,126.75136,37.12783
다사3304,night,0.0,0.011,-1.1253,-0.8174,-0.0,mid,0.0,3,0,0,0.05,0.0,0.0,0.0,0.0,우정읍,-0.0,-0.3079,0.0,0,DRT,31240130,읍,0.0,1.1,0.0,41590-36866,2856.7,126.75127,37.13684
다사3305,night,0.0,0.011,-1.1253,-0.8174,-0.0,mid,0.0,3,0,0,0.05,0.0,0.0,0.0,0.0,남양읍,-0.0,-0.3079,0.0,0,DRT,31240150,읍,0.0,1.1,0.0,41590-60079,2441.6,126.75118,37.14585
다사3308,night,0.160255,0.076303,-0.4901,-0.5649,0.059,drt,0.0,3,1,1,0.3468,0.0,116.0,261.0,0.319,마도면,0.059,0.0748,0.32051,1,NEW_STOP,31240350,면,16.03,7.63,29.0,41590-60025,391.9,126.75091,37.17289
다사3309,night,0.16702,0.182054,-0.4633,-0.1561,-0.2488,mid,0.0,3,1,2,0.4298,0.56,118.0,28.0,0.3559,마도면,-0.2488,-0.3072,0.32386,1,NEW_STOP,31240350,면,16.7,18.21,29.5,41590-36972,342.1,126.75083,37.18191
다사3310,night,0.206974,0.180484,-0.305,-0.1622,-0.133,mid,0.0,3,2,2,0.7287,0.108,223.0,624.0,0.1749,마도면,-0.133,-0.1428,0.41237,2,ADD_FREQ,31240350,면,20.7,18.05,55.8,41590-55456,162.8,126.75074,37.19092
다사3311,night,0.198105,0.261711,-0.3401,0.1518,-0.4452,mid,0.0,2,2,3,0.2682,1.802,193.0,185.0,0.2694,마도면,-0.4452,-0.4919,0.38974,2,NEW_STOP,31240350,면,19.81,26.17,48.2,41590-55457,439.1,126.75065,37.19993
다사3312,night,0.254915,0.296258,-0.115,0.2853,-0.4003,mid,0.0,2,3,3,0.352,2.041,163.0,228.0,0.2577,마도면,-0.4003,-0.4003,0.36255,2,NEW_STOP,31240350,면,25.49,29.63,40.8,41590-37098,388.8,126.75056,37.20895
다사3313,night,0.190424,0.131085,-0.3706,-0.3532,-0.0154,drt,0.0,3,2,2,0.5345,0.071,180.0,12.0,0.4611,송산면,-0.0154,-0.0174,0.3746,2,ADD_FREQ,31240360,면,19.04,13.11,45.0,41590-37095,279.3,126.75047,37.21796
다사3314,night,0.135714,0.02717,-0.5874,-0.7549,0.1185,mid,0.0,3,1,1,0.1235,0.0,58.0,11.0,0.4483,송산면,0.1185,0.1675,0.26299,1,DRT,31240360,면,13.57,2.72,14.5,41590-36743,525.9,126.75038,37.22697
다사3315,night,0.152862,0.038133,-0.5194,-0.7125,0.1476,drt,0.0,3,1,1,0.1733,0.0,89.0,27.0,0.4157,송산면,0.1476,0.193,0.29969,1,NEW_STOP,31240360,면,15.29,3.81,22.2,41590-37093,496.0,126.75029,37.23599
다사3316,night,0.201826,0.035933,-0.3254,-0.721,0.3624,mid,0.0,4,2,1,0.1633,0.0,198.0,11.0,0.4293,송산면,0.3624,0.3956,0.38105,2,NEW_STOP,31240360,면,20.18,3.59,49.5,41590-37090,502.0,126.7502,37.245
다사3317,night,0.114468,0.011,-0.6716,-0.8174,0.0924,mid,0.0,3,1,0,0.05,0.0,33.0,0.0,0.697,송산면,0.0924,0.1458,0.22445,1,DRT,31240360,면,11.45,1.1,8.2,41590-37096,713.1,126.75011,37.25401
다사3318,night,0.0,0.011,-1.1253,-0.8174,-0.0,mid,0.0,3,0,0,0.05,0.0,0.0,0.0,0.0,송산면,-0.0,-0.3079,0.0,0,DRT,31240360,면,0.0,1.1,0.0,41590-37096,1647.0,126.75002,37.26303
다사3319,night,0.0,0.011,-1.1253,-0.8174,-0.0,mid,0.0,3,0,0,0.05,0.0,0.0,0.0,0.0,송산면,-0.0,-0.3079,0.0,0,DRT,31240360,면,0.0,1.1,0.0,41590-37096,2629.4,126.74993,37.27204
다사3320,night,0.0,0.011,-1.1253,-0.8174,-0.0,mid,0.0,3,0,0,0.05,0.0,0.0,0.0,0.0,송산면,-0.0,-0.3079,0.0,0,DRT,31240360,면,0.0,1.1,0.0,41590-37096,3621.3,126.74984,37.28105
다사3400,night,0.0,0.011,-1.1253,-0.8174,-0.0,mid,0.0,3,0,0,0.05,0.0,0.0,3.0,0.0,우정읍,-0.0,-0.3079,0.0,0,DRT,31240130,읍,0.0,1.1,0.0,41590-36967,1353.2,126.76288,37.10086
다사3401,night,0.062939,0.011,-0.8758,-0.8174,-0.0251,mid,0.0,3,0,0,0.05,0.0,13.0,12.0,0.0,우정읍,-0.0251,-0.0585,0.12588,0,DRT,31240130,읍,6.29,1.1,3.2,41590-36866,1157.9,126.76279,37.10987
다사3402,night,0.102117,0.011,-0.7206,-0.8174,0.0569,mid,0.0,3,0,0,0.05,0.0,48.0,3.0,0.2708,우정읍,0.0569,0.0968,0.20423,1,DRT,31240130,읍,10.21,1.1,12.0,41590-36866,852.8,126.7627,37.11888
다사3403,night,0.0,0.011,-1.1253,-0.8174,-0.0,mid,0.0,3,0,0,0.05,0.0,0.0,0.0,0.0,우정읍,-0.0,-0.3079,0.0,0,DRT,31240130,읍,0.0,1.1,0.0,41590-36866,1453.8,126.76262,37.1279
다사3404,night,0.0,0.011,-1.1253,-0.8174,-0.0,mid,0.0,3,0,0,0.05,0.0,0.0,0.0,0.0,우정읍,-0.0,-0.3079,0.0,0,DRT,31240130,읍,0.0,1.1,0.0,41590-36865,2276.9,126.76253,37.13691
다사3405,night,0.0,0.011,-1.1253,-0.8174,-0.0,mid,0.0,3,0,0,0.05,0.0,0.0,0.0,0.0,남양읍,-0.0,-0.3079,0.0,0,DRT,31240150,읍,0.0,1.1,0.0,41590-60023,2953.7,126.76244,37.14592
다사3407,night,0.080297,0.011,-0.807,-0.8174,0.0052,mid,0.0,3,0,0,0.05,0.0,29.0,441.0,0.0,마도면,0.0052,0.0103,0.16059,0,DRT,31240350,면,8.03,1.1,7.2,41590-60023,979.0,126.76227,37.16395
다사3408,night,0.349879,0.362628,0.2614,0.5419,-0.2805,mid,0.0,2,3,3,0.5385,2.459,320.0,1310.0,0.1125,마도면,-0.2805,-0.2805,0.47522,3,ADD_FREQ,31240350,면,34.99,36.26,80.0,41590-60023,276.9,126.76218,37.17296
다사3409,night,0.268806,0.506526,-0.0599,1.0982,-1.1581,mid,0.0,1,3,4,0.4615,6.834,430.0,636.0,0.2279,마도면,-1.1581,-1.1581,0.50227,3,NEW_STOP,31240350,면,26.88,50.65,107.5,41590-55377,323.1,126.76209,37.18198
다사3410,night,0.271365,0.429714,-0.0498,0.8012,-0.851,mid,0.0,1,3,4,0.669,3.204,457.0,907.0,0.2232,마도면,-0.851,-0.851,0.51527,3,ADD_FREQ,31240350,면,27.14,42.97,114.2,41590-55371,198.6,126.762,37.19099
다사3411,night,0.156601,0.011,-0.5046,-0.8174,0.2429,drt,0.0,3,1,0,0.05,0.0,98.0,101.0,0.3469,마도면,0.2429,0.3127,0.3132,1,DRT,31240350,면,15.66,1.1,24.5,41590-60109,746.1,126.76191,37.2
다사3412,night,0.310594,0.620148,0.1057,1.5374,-1.4317,mid,0.0,0,3,4,0.8338,8.204,159.0,400.0,0.3019,마도면,-1.4317,-1.4317,0.36065,2,ADD_FREQ,31240350,면,31.06,62.01,39.8,41590-55096,99.7,126.76183,37.20902
다사3413,night,0.14619,0.084972,-0.5459,-0.5314,-0.0108,mid,0.0,3,1,2,0.38,0.007,91.0,257.0,0.4945,송산면,-0.0108,-0.0145,0.2917,1,NEW_STOP,31240360,면,14.62,8.5,22.8,41590-37099,372.0,126.76174,37.21803
다사3414,night,0.125924,0.06974,-0.6262,-0.5903,-0.0242,mid,0.0,3,1,1,0.317,0.0,63.0,162.0,0.5714,송산면,-0.0242,-0.0359,0.24016,1,NEW_STOP,31240360,면,12.59,6.97,15.8,41590-37560,409.8,126.76165,37.22704
다사3415,night,0.125054,0.011,-0.6297,-0.8174,0.126,mid,0.0,3,1,0,0.05,0.0,48.0,78.0,0.6875,송산면,0.126,0.1877,0.24988,1,DRT,31240360,면,12.51,1.1,12.0,41590-37560,791.0,126.76156,37.23606
다사3416,night,0.031476,0.011,-1.0005,-0.8174,-0.0501,mid,0.0,3,0,0,0.05,0.0,13.0,3.0,0.0,송산면,-0.0501,-0.1832,0.06295,0,DRT,31240360,면,3.15,1.1,3.2,41590-37096,1404.4,126.76148,37.24507
다사3417,night,0.0,0.011,-1.1253,-0.8174,-0.0,mid,0.0,3,0,0,0.05,0.0,0.0,0.0,0.0,송산면,-0.0,-0.3079,0.0,0,DRT,31240360,면,0.0,1.1,0.0,41590-37096,1506.7,126.76139,37.25408
다사3418,night,0.0,0.011,-1.1253,-0.8174,-0.0,mid,0.0,3,0,0,0.05,0.0,0.0,0.0,0.0,송산면,-0.0,-0.3079,0.0,0,DRT,31240360,면,0.0,1.1,0.0,41590-37096,2116.9,126.7613,37.2631
다사3419,night,0.0,0.011,-1.1253,-0.8174,-0.0,mid,0.0,3,0,0,0.05,0.0,0.0,0.0,0.0,송산면,-0.0,-0.3079,0.0,0,DRT,31240360,면,0.0,1.1,0.0,41590-37096,2946.5,126.76121,37.27211
다사3420,night,0.0,0.011,-1.1253,-0.8174,-0.0,mid,0.0,3,0,0,0.05,0.0,0.0,0.0,0.0,송산면,-0.0,-0.3079,0.0,0,DRT,31240360,면,0.0,1.1,0.0,41590-37096,3857.6,126.76112,37.28112
다사3500,night,0.208403,0.036117,-0.2993,-0.7203,0.3937,mid,0.0,4,2,1,0.1642,0.0,223.0,29.0,0.2691,우정읍,0.3937,0.4209,0.40815,2,NEW_STOP,31240130,읍,20.84,3.61,55.8,41590-36966,501.5,126.77413,37.10093
다사3501,night,0.13403,0.02387,-0.5941,-0.7676,0.1218,mid,0.0,3,1,1,0.1085,0.0,58.0,3.0,0.3621,우정읍,0.1218,0.1735,0.25767,1,DRT,31240130,읍,13.4,2.39,14.5,41590-36967,534.9,126.77404,37.10994
다사3502,night,0.271275,0.196937,-0.0501,-0.0986,0.0484,mid,0.0,3,3,3,0.8952,0.0,408.0,29.0,0.3554,우정읍,0.0484,0.0484,0.48335,3,ADD_FREQ,31240130,읍,27.13,19.69,102.0,41590-36865,62.9,126.77396,37.11895
다사3503,night,0.192411,0.011,-0.3627,-0.8174,0.4037,drt,0.0,4,2,0,0.05,0.0,165.0,528.0,0.0606,우정읍,0.4037,0.4547,0.38482,2,DRT,31240130,읍,19.24,1.1,41.2,41590-36865,953.3,126.77387,37.12797
다사3504,night,0.0,0.011,-1.1253,-0.8174,-0.0,mid,0.0,3,0,0,0.05,0.0,0.0,0.0,0.0,우정읍,-0.0,-0.3079,0.0,0,DRT,31240130,읍,0.0,1.1,0.0,41590-36865,1941.0,126.77379,37.13698
다사3506,night,0.0,0.011,-1.1253,-0.8174,-0.0,mid,0.0,3,0,0,0.05,0.0,0.0,0.0,0.0,남양읍,-0.0,-0.3079,0.0,0,DRT,31240150,읍,0.0,1.1,0.0,41590-37668,1896.2,126.77361,37.15501
다사3507,night,0.158542,0.011,-0.4969,-0.8174,0.2509,drt,0.0,4,1,0,0.05,0.0,103.0,886.0,0.0,마도면,0.2509,0.3204,0.31708,1,DRT,31240350,면,15.85,1.1,25.8,41590-37668,897.0,126.77353,37.16402
다사3508,night,0.406742,0.440833,0.4867,0.8442,-0.3575,mid,0.0,2,3,4,0.8575,2.603,528.0,2260.0,0.0492,마도면,-0.3575,-0.3575,0.54891,3,ADD_FREQ,31240350,면,40.67,44.08,132.0,41590-55426,85.5,126.77344,37.17303
다사3509,night,0.211502,0.194864,-0.287,-0.1066,-0.1704,mid,0.0,3,2,3,0.05,1.546,209.0,597.0,0.1722,마도면,-0.1704,-0.1804,0.41391,2,DRT,31240350,면,21.15,19.49,52.2,41590-55264,597.7,126.77336,37.18205
다사3510,night,0.219259,0.011,-0.2563,-0.8174,0.5424,mid,0.0,4,2,0,0.05,0.0,239.0,884.0,0.1088,마도면,0.5424,0.5611,0.43852,3,DRT,31240350,면,21.93,1.1,59.8,41590-55265,849.1,126.77327,37.19106
다사3511,night,0.351527,0.445191,0.2679,0.8611,-0.5932,mid,0.0,2,3,4,0.9323,2.388,794.0,248.0,0.2103,마도면,-0.5932,-0.5932,0.58632,4,ADD_FREQ,31240350,면,35.15,44.52,198.5,41590-60066,40.6,126.77318,37.20007
다사3512,night,0.615053,0.540215,1.3123,1.2284,0.0839,ok,0.0,3,4,4,0.5782,7.16,1207.0,683.0,0.1558,마도면,0.0839,0.0839,0.6503,4,ADD_FREQ,31240350,면,61.51,54.02,301.8,41590-37105,253.1,126.7731,37.20909
다사3513,night,0.132015,0.011,-0.6021,-0.8174,0.1497,mid,0.0,3,1,0,0.05,0.0,58.0,313.0,0.0,송산면,0.1497,0.2153,0.26403,1,DRT,31240360,면,13.2,1.1,14.5,41590-36609,676.0,126.77301,37.2181
다사3514,night,0.0,0.011,-1.1253,-0.8174,-0.0,mid,0.0,3,0,0,0.05,0.0,0.0,339.0,0.0,송산면,-0.0,-0.3079,0.0,0,DRT,31240360,면,0.0,1.1,0.0,41590-37560,1075.8,126.77292,37.22711
다사3515,night,0.0,0.011,-1.1253,-0.8174,-0.0,mid,0.0,3,0,0,0.05,0.0,0.0,0.0,0.0,송산면,-0.0,-0.3079,0.0,0,DRT,31240360,면,0.0,1.1,0.0,41590-37560,1496.9,126.77284,37.23613
다사3516,night,0.0,0.011,-1.1253,-0.8174,-0.0,mid,0.0,3,0,0,0.05,0.0,0.0,0.0,0.0,송산면,-0.0,-0.3079,0.0,0,DRT,31240360,면,0.0,1.1,0.0,41590-60095,1364.6,126.77275,37.24514
다사3517,night,0.0,0.011,-1.1253,-0.8174,-0.0,mid,0.0,3,0,0,0.05,0.0,0.0,0.0,0.0,송산면,-0.0,-0.3079,0.0,0,DRT,31240360,면,0.0,1.1,0.0,41590-60095,1491.9,126.77266,37.25415
다사3518,night,0.0,0.011,-1.1253,-0.8174,-0.0,mid,0.0,3,0,0,0.05,0.0,0.0,0.0,0.0,송산면,-0.0,-0.3079,0.0,0,DRT,31240360,면,0.0,1.1,0.0,41590-60095,2142.3,126.77258,37.26317
다사3519,night,0.0,0.011,-1.1253,-0.8174,-0.0,mid,0.0,3,0,0,0.05,0.0,0.0,0.0,0.0,송산면,-0.0,-0.3079,0.0,0,DRT,31240360,면,0.0,1.1,0.0,41590-36538,2924.5,126.77249,37.27218
다사3600,night,0.277898,0.188687,-0.0239,-0.1305,0.1066,mid,0.0,3,3,3,0.8577,0.0,384.0,28.0,0.3594,우정읍,0.1066,0.1066,0.47788,3,ADD_FREQ,31240130,읍,27.79,18.87,96.0,41590-36889,85.4,126.78538,37.10099
다사3601,night,0.240775,0.022513,-0.171,-0.7729,0.6018,mid,0.0,4,2,1,0.1023,0.0,288.0,24.0,0.2951,우정읍,0.6018,0.6018,0.44237,3,DRT,31240130,읍,24.08,2.25,72.0,41590-37829,538.6,126.7853,37.11001
다사3602,night,0.281272,0.184433,-0.0105,-0.1469,0.1364,mid,0.0,3,3,3,0.8383,0.0,418.0,88.0,0.299,우정읍,0.1364,0.1364,0.49429,3,ADD_FREQ,31240130,읍,28.13,18.44,104.5,41590-37451,97.0,126.78521,37.11902
다사3603,night,0.157531,0.011,-0.5009,-0.8174,0.2467,drt,0.0,3,1,0,0.05,0.0,113.0,141.0,0.3451,우정읍,0.2467,0.3164,0.31506,1,DRT,31240130,읍,15.75,1.1,28.2,41590-36817,915.1,126.78513,37.12804
다사3604,night,0.036728,0.011,-0.9797,-0.8174,-0.0491,mid,0.0,3,0,0,0.05,0.0,8.0,43.0,0.0,우정읍,-0.0491,-0.1623,0.07346,0,DRT,31240130,읍,3.67,1.1,2.0,41590-36862,1405.0,126.78504,37.13705
다사3606,night,0.152464,0.011,-0.521,-0.8174,0.2262,drt,0.0,3,1,0,0.05,0.0,98.0,9.0,0.449,남양읍,0.2262,0.2963,0.30493,1,DRT,31240150,읍,15.25,1.1,24.5,41590-60017,933.3,126.78488,37.15508
다사3608,night,0.250058,0.190407,-0.1342,-0.1238,-0.0104,mid,0.0,3,3,3,0.217,1.065,248.0,854.0,0.1048,마도면,-0.0104,-0.0104,0.43746,3,NEW_STOP,31240350,면,25.01,19.04,62.0,41590-37552,469.8,126.78471,37.1731
다사3609,night,0.460703,0.337294,0.7006,0.444,0.2566,mid,0.0,4,4,3,0.7588,1.377,834.0,1839.0,0.0923,마도면,0.2566,0.2566,0.60699,4,ADD_FREQ,31240350,면,46.07,33.73,208.5,41590-37752,144.7,126.78462,37.18212
다사3610,night,0.259944,0.127912,-0.0951,-0.3654,0.2704,mid,0.0,4,3,2,0.083,0.746,323.0,723.0,0.1703,마도면,0.2704,0.2704,0.47194,3,DRT,31240350,면,25.99,12.79,80.8,41590-37118,550.2,126.78454,37.19113
다사3611,night,0.356047,0.291897,0.2858,0.2685,0.0173,mid,0.0,3,3,3,0.2653,2.277,379.0,679.0,0.3351,마도면,0.0173,0.0173,0.48431,3,NEW_STOP,31240350,면,35.6,29.19,94.8,41590-37114,440.8,126.78445,37.20014
다사3612,night,0.504178,0.370278,0.8729,0.5715,0.3014,mid,0.0,4,4,3,0.3062,3.663,825.0,429.0,0.2,마도면,0.3014,0.3014,0.5938,4,NEW_STOP,31240350,면,50.42,37.03,206.2,41590-37109,416.3,126.78437,37.20916
다사3613,night,0.244744,0.409282,-0.1553,0.7223,-0.8776,mid,0.0,1,2,4,0.597,3.107,284.0,359.0,0.2993,마도면,-0.8776,-0.8776,0.43989,3,ADD_FREQ,31240350,면,24.47,40.93,71.0,41590-36567,241.8,126.78428,37.21817
다사3614,night,0.126912,0.011,-0.6223,-0.8174,0.1322,mid,0.0,3,1,0,0.05,0.0,53.0,33.0,0.434,마도면,0.1322,0.1951,0.25382,1,DRT,31240350,면,12.69,1.1,13.2,41590-36564,859.0,126.78419,37.22718
다사3615,night,0.024212,0.011,-1.0293,-0.8174,-0.0489,mid,0.0,3,0,0,0.05,0.0,5.0,0.0,0.0,남양읍,-0.0489,-0.2119,0.04842,0,DRT,31240150,읍,2.42,1.1,1.2,41590-60095,1357.7,126.78411,37.2362
다사3616,night,0.043572,0.092384,-0.9526,-0.5028,-0.1521,mid,0.0,3,0,2,0.2392,0.224,8.0,0.0,1.25,남양읍,-0.1521,-0.4498,0.08669,0,NEW_STOP,31240150,읍,4.36,9.24,2.0,41590-60095,456.5,126.78402,37.24521
다사3617,night,0.0,0.016624,-1.1253,-0.7956,-0.0,mid,0.0,3,0,1,0.05,0.029,0.0,0.0,0.0,송산면,-0.0,-0.3296,0.0,0,DRT,31240360,면,0.0,1.66,0.0,41590-60095,755.8,126.78394,37.25422
다사3618,night,0.0,0.011,-1.1253,-0.8174,-0.0,mid,0.0,3,0,0,0.05,0.0,0.0,0.0,0.0,송산면,-0.0,-0.3079,0.0,0,DRT,31240360,면,0.0,1.1,0.0,41590-36540,1634.9,126.78385,37.26324
다사3619,night,0.0,0.011,-1.1253,-0.8174,-0.0,mid,0.0,3,0,0,0.05,0.0,0.0,0.0,0.0,송산면,-0.0,-0.3079,0.0,0,DRT,31240360,면,0.0,1.1,0.0,41590-36538,2021.5,126.78377,37.27225
다사3620,night,0.0,0.011,-1.1253,-0.8174,-0.0,mid,0.0,3,0,0,0.05,0.0,0.0,0.0,0.0,송산면,-0.0,-0.3079,0.0,0,DRT,31240360,면,0.0,1.1,0.0,41590-55547,2187.3,126.78368,37.28126
다사3700,night,0.175194,0.1859,-0.4309,-0.1413,-0.242,mid,0.0,3,1,3,0.845,0.0,133.0,138.0,0.3308,우정읍,-0.242,-0.2897,0.33784,2,ADD_FREQ,31240130,읍,17.52,18.59,33.2,41590-36718,93.0,126.79664,37.10106
다사3701,night,0.264234,0.248998,-0.0781,0.1027,-0.1807,mid,0.0,3,3,3,0.7222,0.581,310.0,376.0,0.2774,우정읍,-0.1807,-0.1807,0.44736,3,ADD_FREQ,31240130,읍,26.42,24.9,77.5,41590-37826,166.7,126.79655,37.11008
다사3702,night,0.287507,0.130643,0.0142,-0.3549,0.369,mid,0.0,4,3,2,0.5938,0.0,356.0,213.0,0.2725,우정읍,0.369,0.369,0.47207,3,ADD_FREQ,31240130,읍,28.75,13.06,89.0,41590-36861,243.7,126.79647,37.11909
다사3703,night,0.304865,0.21615,0.083,-0.0243,0.1073,mid,0.0,3,3,3,0.9825,0.0,413.0,415.0,0.2397,우정읍,0.1073,0.1073,0.49558,3,ADD_FREQ,31240130,읍,30.49,21.62,103.2,41590-36862,10.5,126.79639,37.1281
다사3704,night,0.153739,0.011,-0.516,-0.8174,0.2313,drt,0.0,3,1,0,0.05,0.0,85.0,306.0,0.0588,우정읍,0.2313,0.3014,0.30748,1,DRT,31240130,읍,15.37,1.1,21.2,41590-36862,991.5,126.7963,37.13712
다사3705,night,0.0,0.011,-1.1253,-0.8174,-0.0,mid,0.0,3,0,0,0.05,0.0,0.0,0.0,0.0,우정읍,-0.0,-0.3079,0.0,0,DRT,31240130,읍,0.0,1.1,0.0,41590-60017,864.2,126.79622,37.14613
다사3706,night,0.157083,0.329289,-0.5027,0.413,-0.7127,mid,0.0,1,1,3,0.7353,1.343,98.0,325.0,0.3469,남양읍,-0.7127,-0.9157,0.30748,1,ADD_FREQ,31240150,읍,15.71,32.93,24.5,41590-60017,158.8,126.79614,37.15514
다사3707,night,0.113854,0.033121,-0.674,-0.7319,0.0365,mid,0.0,3,1,1,0.05,0.119,43.0,126.0,0.2326,남양읍,0.0365,0.0578,0.22412,1,DRT,31240150,읍,11.39,3.31,10.8,41590-37948,617.2,126.79605,37.16416
다사3708,night,0.228648,0.301855,-0.2191,0.307,-0.5226,mid,0.0,2,2,3,0.5795,1.426,259.0,476.0,0.1892,남양읍,-0.5226,-0.5261,0.43246,3,ADD_FREQ,31240150,읍,22.86,30.19,64.8,41590-60094,252.3,126.79597,37.17317
다사3709,night,0.282001,0.149534,-0.0076,-0.2818,0.2742,mid,0.0,4,3,2,0.3982,0.37,266.0,1625.0,0.0301,남양읍,0.2742,0.2742,0.44605,3,NEW_STOP,31240150,읍,28.2,14.95,66.5,41590-60100,361.1,126.79589,37.18218
다사3710,night,0.248384,0.398446,-0.1409,0.6804,-0.8212,mid,0.0,1,3,4,0.606,2.848,195.0,586.0,0.1897,마도면,-0.8212,-0.8212,0.39439,2,ADD_FREQ,31240350,면,24.84,39.84,48.8,41590-37753,236.4,126.7958,37.1912
다사3711,night,0.350199,0.34855,0.2626,0.4875,-0.2249,mid,0.0,3,3,3,0.5792,2.077,367.0,448.0,0.1608,남양읍,-0.2249,-0.2249,0.47478,3,ADD_FREQ,31240150,읍,35.02,34.86,91.8,41590-55179,252.5,126.79572,37.20021
다사3712,night,0.336234,0.063676,0.2073,-0.6137,0.821,need,1.16482,5,3,1,0.05,0.307,742.0,248.0,0.2156,마도면,0.821,0.821,0.57816,4,DRT,31240350,면,33.62,6.37,185.5,41590-60037,628.2,126.79563,37.20922
다사3713,night,0.214781,0.15659,-0.274,-0.2546,-0.0186,mid,0.0,3,2,2,0.0685,1.053,211.0,698.0,0.1469,마도면,-0.0186,-0.0195,0.40554,2,DRT,31240350,면,21.48,15.66,52.8,41590-36565,558.9,126.79555,37.21824
다사3714,night,0.15968,0.183647,-0.4924,-0.15,-0.2694,mid,0.0,2,1,3,0.4325,0.568,93.0,154.0,0.4194,남양읍,-0.2694,-0.3425,0.30767,1,NEW_STOP,31240150,읍,15.97,18.36,23.2,41590-36562,340.5,126.79547,37.22725
다사3715,night,0.145996,0.031355,-0.5467,-0.7387,0.1425,mid,0.0,3,1,1,0.05,0.109,88.0,0.0,0.5568,남양읍,0.1425,0.192,0.28996,1,DRT,31240150,읍,14.6,3.14,22.0,41590-36550,706.4,126.79538,37.23626
다사3716,night,0.148532,0.133788,-0.5366,-0.3427,-0.1455,mid,0.0,3,1,2,0.2122,0.557,88.0,5.0,0.4773,남양읍,-0.1455,-0.1939,0.29192,1,NEW_STOP,31240150,읍,14.85,13.38,22.0,41590-36544,472.7,126.7953,37.24528
다사3717,night,0.100175,0.226417,-0.7283,0.0154,-0.432,mid,0.0,2,0,3,0.5395,0.729,23.0,5.0,0.4348,남양읍,-0.432,-0.7436,0.19832,0,ADD_FREQ,31240150,읍,10.02,22.64,5.8,41590-36542,276.3,126.79521,37.25429
다사3718,night,0.094107,0.046871,-0.7523,-0.6787,-0.0411,mid,0.0,3,0,1,0.05,0.2,23.0,3.0,0.6522,남양읍,-0.0411,-0.0736,0.18619,0,DRT,31240150,읍,9.41,4.69,5.8,41590-36540,700.8,126.79513,37.2633
다사3719,night,0.0,0.011,-1.1253,-0.8174,-0.0,mid,0.0,3,0,0,0.05,0.0,0.0,0.0,0.0,송산면,-0.0,-0.3079,0.0,0,DRT,31240360,면,0.0,1.1,0.0,41590-36538,1273.2,126.79505,37.27232
다사3720,night,0.0,0.011,-1.1253,-0.8174,-0.0,mid,0.0,3,0,0,0.05,0.0,0.0,0.0,0.0,송산면,-0.0,-0.3079,0.0,0,DRT,31240360,면,0.0,1.1,0.0,41590-55547,1280.1,126.79496,37.28133
다사3721,night,0.0,0.011,-1.1253,-0.8174,-0.0,mid,0.0,3,0,0,0.05,0.0,0.0,97.0,0.0,송산면,-0.0,-0.3079,0.0,0,DRT,31240360,면,0.0,1.1,0.0,41590-55547,1113.6,126.79488,37.29034
다사3800,night,0.157884,0.138923,-0.4995,-0.3229,-0.138,mid,0.0,3,1,2,0.1198,0.772,98.0,16.0,0.3673,우정읍,-0.138,-0.1767,0.30173,1,DRT,31240130,읍,15.79,13.89,24.5,41590-36923,528.1,126.80789,37.10113
다사3801,night,0.238602,0.258455,-0.1796,0.1392,-0.3189,mid,0.0,2,2,3,0.4118,1.347,223.0,558.0,0.4619,우정읍,-0.3189,-0.3189,0.41013,2,NEW_STOP,31240130,읍,23.86,25.85,55.8,41590-37414,352.9,126.80781,37.11014
다사3802,night,0.209061,0.050284,-0.2967,-0.6655,0.3456,mid,0.0,4,2,1,0.05,0.221,188.0,760.0,0.2234,우정읍,0.3456,0.3688,0.3945,2,DRT,31240130,읍,20.91,5.03,47.0,41590-37537,616.8,126.80773,37.11916
다사3803,night,0.155258,0.046871,-0.5099,-0.6787,0.1303,drt,0.0,3,1,1,0.05,0.2,91.0,419.0,0.1978,우정읍,0.1303,0.1687,0.30493,1,DRT,31240130,읍,15.53,4.69,22.8,41590-36857,701.6,126.80764,37.12817
다사3804,night,0.17969,0.098378,-0.4131,-0.4796,0.0565,drt,0.0,3,1,2,0.138,0.413,123.0,510.0,0.1057,우정읍,0.0565,0.0665,0.34238,2,DRT,31240130,읍,17.97,9.84,30.8,41590-36856,517.2,126.80756,37.13718
다사3805,night,0.031476,0.011,-1.0005,-0.8174,-0.0501,mid,0.0,3,0,0,0.05,0.0,8.0,10.0,1.25,장안면,-0.0501,-0.1832,0.06295,0,DRT,31240390,면,3.15,1.1,2.0,41590-55660,862.7,126.80748,37.1462
다사3806,night,0.162672,0.209188,-0.4806,-0.0512,-0.3418,mid,0.0,2,1,3,0.4912,0.672,78.0,316.0,0.2949,남양읍,-0.3418,-0.4293,0.2999,1,NEW_STOP,31240150,읍,16.27,20.92,19.5,41590-60017,305.3,126.8074,37.15521
다사3807,night,0.246282,0.282303,-0.1492,0.2314,-0.3806,mid,0.0,2,2,3,0.7472,0.821,289.0,218.0,0.2699,남양읍,-0.3806,-0.3806,0.4498,3,ADD_FREQ,31240150,읍,24.63,28.23,72.2,41590-60012,151.7,126.80731,37.16422
다사3808,night,0.256449,0.278069,-0.1089,0.215,-0.3239,mid,0.0,2,3,3,0.7008,0.877,280.0,817.0,0.1857,남양읍,-0.3239,-0.3239,0.45492,3,ADD_FREQ,31240150,읍,25.64,27.81,70.0,41590-55473,179.5,126.80723,37.17324
다사3809,night,0.203145,0.037984,-0.3202,-0.7131,0.3614,mid,0.0,4,2,1,0.05,0.147,223.0,87.0,0.3587,남양읍,0.3614,0.3929,0.39396,2,DRT,31240150,읍,20.31,3.8,55.8,41590-55693,574.6,126.80715,37.18225
다사3810,night,0.122033,0.011,-0.6416,-0.8174,0.1161,mid,0.0,3,1,0,0.05,0.0,63.0,76.0,0.4127,남양읍,0.1161,0.1757,0.24407,1,DRT,31240150,읍,12.2,1.1,15.8,41590-55693,919.3,126.80707,37.19126
다사3811,night,0.569785,0.218226,1.1329,-0.0163,1.1492,need,1.73526,5,4,3,0.05,1.867,1969.0,112.0,0.1894,남양읍,1.1492,1.1492,0.72163,4,DRT,31240150,읍,56.98,21.82,492.2,41590-36009,586.1,126.80699,37.20028
다사3812,night,0.642592,0.490919,1.4215,1.0378,0.3836,ok,0.0,4,4,4,0.592,5.254,2379.0,761.0,0.2404,남양읍,0.3836,0.3836,0.74989,4,ADD_FREQ,31240150,읍,64.26,49.09,594.8,41590-60035,244.8,126.8069,37.20929
다사3813,night,0.198947,0.039521,-0.3368,-0.7071,0.3361,mid,0.0,4,2,1,0.05,0.156,209.0,25.0,0.2584,남양읍,0.3361,0.3703,0.39186,2,DRT,31240150,읍,19.89,3.95,52.2,41590-36558,672.7,126.80682,37.2183
다사3814,night,0.179324,0.324276,-0.4146,0.3937,-0.6856,mid,0.0,2,1,3,0.6922,1.397,128.0,5.0,0.4062,남양읍,-0.6856,-0.8082,0.34589,2,ADD_FREQ,31240150,읍,17.93,32.43,32.0,41590-36556,184.7,126.80674,37.22732
다사3815,night,0.155633,0.255396,-0.5085,0.1274,-0.4919,mid,0.0,2,1,3,0.5025,1.088,93.0,11.0,0.5484,남양읍,-0.4919,-0.6358,0.29406,1,ADD_FREQ,31240150,읍,15.56,25.54,23.2,41590-36551,298.5,126.80666,37.23633
다사3816,night,0.155512,0.152638,-0.5089,-0.2698,-0.1849,mid,0.0,3,1,2,0.1662,0.804,98.0,11.0,0.3469,남양읍,-0.1849,-0.2391,0.30193,1,NEW_STOP,31240150,읍,15.55,15.26,24.5,41590-36547,500.3,126.80657,37.24534
다사3817,night,0.020984,0.038155,-1.0421,-0.7124,-0.0693,mid,0.0,3,0,1,0.05,0.148,5.0,0.0,0.0,남양읍,-0.0693,-0.3297,0.04174,0,DRT,31240150,읍,2.1,3.82,1.2,41590-36541,656.0,126.80649,37.25436
다사3818,night,0.150114,0.394633,-0.5303,0.6656,-0.9038,mid,0.0,1,1,4,0.7575,2.186,68.0,0.0,0.6618,남양읍,-0.9038,-1.196,0.26939,1,ADD_FREQ,31240150,읍,15.01,39.46,17.0,41590-36536,145.5,126.80641,37.26337
다사3819,night,0.158268,0.117472,-0.498,-0.4058,-0.0721,drt,0.0,3,1,2,0.206,0.443,68.0,8.0,0.5294,송산면,-0.0721,-0.0922,0.30314,1,NEW_STOP,31240360,면,15.83,11.75,17.0,41590-36533,476.4,126.80633,37.27238
다사3820,night,0.119979,0.034173,-0.6498,-0.7278,0.051,mid,0.0,3,1,1,0.05,0.125,48.0,5.0,0.4167,남양읍,0.051,0.078,0.23771,1,DRT,31240150,읍,12.0,3.42,12.0,41590-55547,702.2,126.80624,37.2814
다사3821,night,0.224058,0.242916,-0.2373,0.0791,-0.3102,mid,0.0,2,2,3,0.4838,1.001,128.0,8.0,0.1016,새솔동,-0.3102,-0.3164,0.34589,2,NEW_STOP,31240670,동,22.41,24.29,32.0,41590-55547,309.7,126.80616,37.29041
다사3900,night,0.193652,0.230267,-0.3578,0.0303,-0.346,mid,0.0,2,2,3,0.618,0.615,181.0,57.0,0.5801,우정읍,-0.346,-0.388,0.37031,2,ADD_FREQ,31240130,읍,19.37,23.03,45.2,41590-37845,229.2,126.81914,37.10119
다사3901,night,0.18696,0.098809,-0.3843,-0.4779,0.0816,drt,0.0,3,2,2,0.264,0.23,143.0,50.0,0.4336,장안면,0.0816,0.0936,0.34407,2,NEW_STOP,31240390,면,18.7,9.88,35.8,41590-37844,441.6,126.81906,37.11021
다사3902,night,0.278092,0.366914,-0.0231,0.5585,-0.5816,mid,0.0,2,3,3,0.8505,1.494,241.0,834.0,0.1618,우정읍,-0.5816,-0.5816,0.43135,3,ADD_FREQ,31240130,읍,27.81,36.69,60.2,41590-36962,89.7,126.81898,37.11922
다사3903,night,0.183223,0.286526,-0.3991,0.2477,-0.5564,mid,0.0,2,2,3,0.4948,1.467,118.0,112.0,0.4407,우정읍,-0.5564,-0.6468,0.32033,1,NEW_STOP,31240130,읍,18.32,28.65,29.5,41590-37580,303.1,126.8189,37.12823
다사3904,night,0.223748,0.274626,-0.2385,0.2017,-0.4312,mid,0.0,2,2,3,0.6098,1.042,179.0,449.0,0.1844,장안면,-0.4312,-0.4402,0.39645,2,ADD_FREQ,31240390,면,22.37,27.46,44.8,41590-37420,234.1,126.81882,37.13725
다사3905,night,0.265728,0.368747,-0.0721,0.5656,-0.6377,mid,0.0,2,3,3,0.9247,1.317,269.0,945.0,0.0,장안면,-0.6377,-0.6377,0.44721,3,ADD_FREQ,31240390,면,26.57,36.87,67.2,41590-55616,45.2,126.81874,37.14626
다사3906,night,0.052688,0.011,-0.9165,-0.8174,-0.0379,mid,0.0,3,0,0,0.05,0.0,0.0,37.0,0.0,남양읍,-0.0379,-0.0991,0.0,0,DRT,31240150,읍,5.27,1.1,0.0,41590-37973,658.8,126.81866,37.15527
다사3907,night,0.318478,0.093903,0.1369,-0.4969,0.6338,mid,0.0,4,3,2,0.4268,0.0,198.0,15749.0,0.1667,남양읍,0.6338,0.6338,0.39483,2,NEW_STOP,31240150,읍,31.85,9.39,49.5,41590-37973,343.9,126.81858,37.16429
다사3908,night,0.335309,0.33249,0.2036,0.4254,-0.2218,mid,0.0,3,3,3,0.6668,1.571,411.0,945.0,0.18,남양읍,-0.2218,-0.2218,0.50142,3,ADD_FREQ,31240150,읍,33.53,33.25,102.8,41590-60107,199.9,126.8185,37.1733
다사3909,night,0.278665,0.377569,-0.0209,0.5997,-0.6205,mid,0.0,2,3,3,0.8975,1.498,297.0,803.0,0.1919,남양읍,-0.6205,-0.6205,0.45338,3,ADD_FREQ,31240150,읍,27.87,37.76,74.2,41590-55809,61.5,126.81842,37.18232
다사3910,night,0.799511,0.421047,2.0434,0.7677,1.2756,need,1.91536,6,4,4,0.7513,2.669,7182.0,1059.0,0.0987,남양읍,1.2756,1.2756,0.92109,4,ADD_FREQ,31240150,읍,79.95,42.1,1795.5,41590-60040,149.2,126.81833,37.19133
다사3911,night,0.792175,0.497531,2.0143,1.0634,0.9509,need,1.39798,5,4,4,0.5537,5.751,8841.0,760.0,0.0717,남양읍,0.9509,0.9509,0.95506,4,ADD_FREQ,31240150,읍,79.22,49.75,2210.2,41590-36157,267.8,126.81825,37.20034
다사3912,night,0.901548,0.85642,2.4477,2.4507,-0.003,ok,0.0,3,4,4,0.8698,28.379,5807.0,2611.0,0.144,남양읍,-0.003,-0.003,0.88667,4,ADD_FREQ,31240150,읍,90.15,85.64,1451.8,41590-36021,78.1,126.81817,37.20936
다사3913,night,0.247785,0.305684,-0.1432,0.3218,-0.465,mid,0.0,2,2,3,0.6767,1.219,359.0,431.0,0.2646,남양읍,-0.465,-0.465,0.47503,3,ADD_FREQ,31240150,읍,24.78,30.57,89.8,41590-36559,194.0,126.81809,37.21837
다사3914,night,0.123791,0.011,-0.6347,-0.8174,0.1218,mid,0.0,3,1,0,0.05,0.0,43.0,0.0,0.5814,남양읍,0.1218,0.1827,0.24758,1,DRT,31240150,읍,12.38,1.1,10.8,41590-36557,666.6,126.81801,37.22738
다사3915,night,0.100574,0.119046,-0.7267,-0.3997,-0.1905,mid,0.0,3,0,2,0.2225,0.428,18.0,3.0,1.2778,남양읍,-0.1905,-0.327,0.19711,0,NEW_STOP,31240150,읍,10.06,11.9,4.5,41590-36365,466.5,126.81793,37.2364
다사3916,night,0.08634,0.223741,-0.7831,0.005,-0.4157,mid,0.0,2,0,3,0.4943,0.794,23.0,3.0,0.2174,남양읍,-0.4157,-0.7881,0.17155,0,NEW_STOP,31240150,읍,8.63,22.37,5.8,41590-36517,303.4,126.81785,37.24541
다사3917,night,0.189131,0.36895,-0.3757,0.5664,-0.8273,mid,0.0,1,2,3,0.7448,1.836,173.0,11.0,0.4913,남양읍,-0.8273,-0.9421,0.37423,2,ADD_FREQ,31240150,읍,18.91,36.9,43.2,41590-36520,153.1,126.81777,37.25442
다사3918,night,0.157947,0.385944,-0.4993,0.632,-0.8837,mid,0.0,1,1,3,0.896,1.611,98.0,11.0,0.3163,남양읍,-0.8837,-1.1313,0.31075,1,ADD_FREQ,31240150,읍,15.79,38.59,24.5,41590-36524,62.4,126.81769,37.26344
다사3919,night,0.253295,0.391737,-0.1214,0.6544,-0.7758,mid,0.0,1,3,3,0.4343,3.506,203.0,132.0,0.3202,남양읍,-0.7758,-0.7758,0.39505,2,NEW_STOP,31240150,읍,25.33,39.17,50.8,41590-36527,339.4,126.8176,37.27245
다사3920,night,0.865627,0.930737,2.3054,2.738,-0.4326,ok,0.0,2,4,4,0.6852,53.907,8559.0,2566.0,0.0574,새솔동,-0.4326,-0.4326,0.94962,4,ADD_FREQ,31240670,동,86.56,93.07,2139.8,41590-55770,188.9,126.81752,37.28146
다사3921,night,0.84725,0.713382,2.2326,1.8978,0.3347,ok,0.0,4,4,4,0.754,15.164,12155.0,821.0,0.0722,새솔동,0.3347,0.3347,1.0,4,ADD_FREQ,31240670,동,84.72,71.34,3038.8,41590-55598,147.6,126.81744,37.29048
다사4000,night,0.230985,0.144001,-0.2098,-0.3032,0.0934,mid,0.0,3,2,2,0.05,0.966,185.0,607.0,0.0703,우정읍,0.0934,0.0934,0.40329,2,DRT,31240130,읍,23.1,14.4,46.2,41590-36427,676.0,126.8304,37.10126
다사4001,night,0.141459,0.011,-0.5646,-0.8174,0.1838,mid,0.0,3,1,0,0.05,0.0,73.0,575.0,0.2877,장안면,0.1838,0.2527,0.27932,1,DRT,31240390,면,14.15,1.1,18.2,41590-37636,694.0,126.83032,37.11027
다사4002,night,0.26576,0.161737,-0.072,-0.2347,0.1627,mid,0.0,3,3,2,0.7352,0.0,286.0,1012.0,0.1818,장안면,0.1627,0.1627,0.45152,3,ADD_FREQ,31240390,면,26.58,16.17,71.5,41590-36886,158.9,126.83024,37.11928
다사4003,night,0.204884,0.044183,-0.3133,-0.6891,0.3476,mid,0.0,4,2,1,0.2008,0.0,193.0,222.0,0.3212,장안면,0.3476,0.3758,0.39319,2,NEW_STOP,31240390,면,20.49,4.42,48.2,41590-37542,479.5,126.83016,37.1283
다사4004,night,0.241663,0.067816,-0.1675,-0.5977,0.4302,mid,0.0,4,2,1,0.2238,0.099,289.0,1009.0,0.1696,장안면,0.4302,0.4302,0.45367,3,NEW_STOP,31240390,면,24.17,6.78,72.2,41590-37416,465.7,126.83008,37.13731
다사4005,night,0.234259,0.128053,-0.1969,-0.3649,0.168,mid,0.0,3,2,2,0.3585,0.284,254.0,895.0,0.0591,장안면,0.168,0.168,0.44086,3,NEW_STOP,31240390,면,23.43,12.81,63.5,41590-37422,384.9,126.83,37.14633
다사4006,night,0.068277,0.011,-0.8547,-0.8174,-0.0169,mid,0.0,3,0,0,0.05,0.0,13.0,0.0,0.7692,남양읍,-0.0169,-0.0373,0.13655,0,DRT,31240150,읍,6.83,1.1,3.2,41590-37973,1222.0,126.82992,37.15534
다사4007,night,0.152163,0.040709,-0.5222,-0.7025,0.1375,drt,0.0,3,1,1,0.05,0.163,83.0,22.0,0.3373,남양읍,0.1375,0.1803,0.30051,1,DRT,31240150,읍,15.22,4.07,20.8,41590-60058,585.3,126.82984,37.16435
다사4008,night,0.247717,0.29029,-0.1435,0.2623,-0.4058,mid,0.0,2,2,3,0.5987,1.239,308.0,57.0,0.2922,남양읍,-0.4058,-0.4058,0.44206,3,ADD_FREQ,31240150,읍,24.77,29.03,77.0,41590-60104,240.8,126.82976,37.17337
다사4009,night,0.23029,0.114341,-0.2126,-0.4179,0.2049,mid,0.0,3,2,2,0.3032,0.274,313.0,71.0,0.1725,남양읍,0.2049,0.2053,0.45499,3,NEW_STOP,31240150,읍,23.03,11.43,78.2,41590-60103,418.1,126.82968,37.18238
다사4010,night,0.702347,0.303836,1.6583,0.3146,1.3436,need,1.98917,6,4,3,0.4523,1.825,5743.0,302.0,0.1019,남양읍,1.3436,1.3436,0.8868,4,NEW_STOP,31240150,읍,70.23,30.38,1435.8,41590-36039,328.6,126.8296,37.19139
다사4011,night,0.840159,0.648475,2.2045,1.6469,0.5575,ok,0.0,4,4,4,0.8987,8.886,4858.0,4671.0,0.0597,남양읍,0.5575,0.5575,0.87123,4,ADD_FREQ,31240150,읍,84.02,64.85,1214.5,41590-36510,60.8,126.82952,37.20041
다사4012,night,0.858961,0.801192,2.279,2.2373,0.0417,ok,0.0,3,4,4,0.8438,21.843,9504.0,1465.0,0.1257,남양읍,0.0417,0.0417,0.96369,4,ADD_FREQ,31240150,읍,85.9,80.12,2376.0,41590-55436,93.7,126.82944,37.20942
다사4013,night,0.648534,0.578099,1.445,1.3749,0.0702,ok,0.0,3,4,4,0.625,8.388,1694.0,754.0,0.1181,남양읍,0.0702,0.0702,0.70593,4,ADD_FREQ,31240150,읍,64.85,57.81,423.5,41590-37776,225.0,126.82936,37.21843
다사4014,night,0.099562,0.011,-0.7307,-0.8174,0.0502,mid,0.0,3,0,0,0.05,0.0,28.0,89.0,0.7143,남양읍,0.0502,0.0867,0.19912,0,DRT,31240150,읍,9.96,1.1,7.0,41590-36035,675.9,126.82928,37.22745
다사4015,night,0.018163,0.043063,-1.0533,-0.6934,-0.0689,mid,0.0,3,0,1,0.05,0.177,5.0,3.0,0.0,비봉면,-0.0689,-0.3599,0.03475,0,DRT,31240330,면,1.82,4.31,1.2,41590-36363,652.9,126.8292,37.23646
다사4016,night,0.19711,0.13321,-0.3441,-0.3449,0.0008,mid,0.0,3,2,2,0.6055,0.0,118.0,28.0,0.4831,비봉면,0.0008,0.0009,0.32951,1,ADD_FREQ,31240330,면,19.71,13.32,29.5,41590-37128,236.7,126.82912,37.24547
다사4017,night,0.024212,0.011,-1.0293,-0.8174,-0.0489,mid,0.0,3,0,0,0.05,0.0,5.0,3.0,0.0,남양읍,-0.0489,-0.2119,0.04842,0,DRT,31240150,읍,2.42,1.1,1.2,41590-36522,1049.5,126.82904,37.25449
다사4018,night,0.148625,0.037984,-0.5362,-0.7131,0.1328,mid,0.0,3,1,1,0.05,0.147,73.0,13.0,0.5753,남양읍,0.1328,0.1768,0.2968,1,DRT,31240150,읍,14.86,3.8,18.2,41590-36526,574.0,126.82896,37.2635
다사4019,night,0.726753,0.892137,1.755,2.5888,-0.8338,ok,0.0,1,4,4,0.6425,44.423,4176.0,407.0,0.0462,새솔동,-0.8338,-0.8338,0.84276,4,ADD_FREQ,31240670,동,72.68,89.21,1044.0,41590-55540,214.5,126.82888,37.27251
다사4100,night,0.473685,0.648847,0.752,1.6483,-0.8963,ok,0.0,1,4,4,0.6382,12.254,714.0,1138.0,0.0686,장안면,-0.8963,-0.8963,0.58436,4,ADD_FREQ,31240390,면,47.37,64.88,178.5,41590-37454,217.1,126.84165,37.10132
다사4101,night,0.120095,0.15224,-0.6493,-0.2714,-0.247,mid,0.0,3,1,2,0.692,0.0,48.0,2345.0,0.1042,장안면,-0.247,-0.3779,0.22445,1,ADD_FREQ,31240390,면,12.01,15.22,12.0,41590-37634,184.8,126.84157,37.11033
다사4102,night,0.163309,0.011,-0.478,-0.8174,0.2709,drt,0.0,4,1,0,0.05,0.0,107.0,252.0,0.0935,장안면,0.2709,0.3393,0.32594,1,DRT,31240390,면,16.33,1.1,26.8,41590-37637,614.2,126.84149,37.11935
다사4103,night,0.37103,0.211418,0.3452,-0.0426,0.3878,mid,0.0,4,3,3,0.638,0.435,486.0,683.0,0.1749,장안면,0.3878,0.3878,0.52074,3,ADD_FREQ,31240390,면,37.1,21.14,121.5,41590-37442,217.2,126.84142,37.12836
다사4104,night,0.356992,0.205273,0.2896,-0.0664,0.3559,mid,0.0,4,3,3,0.4702,0.678,777.0,1986.0,0.0862,장안면,0.3559,0.3559,0.59915,4,NEW_STOP,31240390,면,35.7,20.53,194.2,41590-37424,317.9,126.84134,37.13738
다사4105,night,0.244288,0.313129,-0.1571,0.3506,-0.5077,mid,0.0,2,2,3,0.791,1.028,198.0,256.0,0.2525,팔탄면,-0.5077,-0.5077,0.40309,2,ADD_FREQ,31240380,면,24.43,31.31,49.5,41590-37445,125.4,126.84126,37.14639
다사4106,night,0.135865,0.047421,-0.5868,-0.6766,0.0636,mid,0.0,3,1,1,0.1078,0.128,43.0,185.0,0.1163,남양읍,0.0636,0.0898,0.23009,1,DRT,31240150,읍,13.59,4.74,10.8,41590-55655,535.3,126.84118,37.1554
다사4107,night,0.342892,0.360956,0.2337,0.5354,-0.3018,mid,0.0,2,3,3,0.4792,2.665,182.0,1324.0,0.0989,남양읍,-0.3018,-0.3018,0.39912,2,NEW_STOP,31240150,읍,34.29,36.1,45.5,41590-55872,312.5,126.8411,37.16442
다사4108,night,0.226196,0.251841,-0.2288,0.1136,-0.3378,mid,0.0,2,2,3,0.3637,1.395,183.0,371.0,0.3388,남양읍,-0.3378,-0.3425,0.38082,2,NEW_STOP,31240150,읍,22.62,25.18,45.8,41590-55112,381.8,126.84102,37.17343
다사4109,night,0.314371,0.362656,0.1206,0.542,-0.4214,mid,0.0,2,3,3,0.6068,2.205,306.0,587.0,0.2516,남양읍,-0.4214,-0.4214,0.45175,3,ADD_FREQ,31240150,읍,31.44,36.27,76.5,41590-60026,235.9,126.84095,37.18244
다사4110,night,0.562945,0.432975,1.1058,0.8139,0.2919,mid,0.0,4,4,4,0.7942,2.716,2343.0,533.0,0.1263,남양읍,0.2919,0.2919,0.75221,4,ADD_FREQ,31240150,읍,56.29,43.3,585.8,41590-36441,123.5,126.84087,37.19146
다사4111,night,0.550509,0.325304,1.0565,0.3976,0.6589,mid,0.0,4,4,3,0.4735,2.077,2024.0,328.0,0.1329,남양읍,0.6589,0.6589,0.73947,4,NEW_STOP,31240150,읍,55.05,32.53,506.0,41590-55681,315.9,126.84079,37.20047
다사4112,night,0.581137,0.243421,1.1779,0.0811,1.0968,need,1.52547,5,4,3,0.1998,1.756,2840.0,898.0,0.1007,남양읍,1.0968,1.0968,0.78506,4,NEW_STOP,31240150,읍,58.11,24.34,710.0,41590-55929,480.1,126.84071,37.20948
다사4113,night,0.413951,0.520961,0.5153,1.154,-0.6387,ok,0.0,2,3,4,0.8415,4.512,329.0,1784.0,0.0942,남양읍,-0.6387,-0.6387,0.47394,3,ADD_FREQ,31240150,읍,41.4,52.1,82.2,41590-55255,95.1,126.84063,37.2185
다사4114,night,0.188366,0.191198,-0.3787,-0.1208,-0.2259,mid,0.0,3,2,3,0.05,1.499,33.0,63.0,0.303,남양읍,-0.2259,-0.258,0.19091,0,DRT,31240150,읍,18.84,19.12,8.2,41590-36043,605.4,126.84055,37.22751
다사4115,night,0.043346,0.011,-0.9535,-0.8174,-0.0459,mid,0.0,3,0,0,0.05,0.0,13.0,3.0,0.3846,비봉면,-0.0459,-0.1361,0.08669,0,DRT,31240330,면,4.33,1.1,3.2,41590-55363,1078.3,126.84048,37.23652
다사4116,night,0.169938,0.183223,-0.4518,-0.1516,-0.2459,mid,0.0,3,1,2,0.8328,0.0,118.0,50.0,0.4407,비봉면,-0.2459,-0.3002,0.33035,1,ADD_FREQ,31240330,면,16.99,18.32,29.5,41590-55363,100.3,126.8404,37.24554
다사4117,night,0.106786,0.1367,-0.7021,-0.3315,-0.2244,mid,0.0,3,1,2,0.5967,0.028,43.0,17.0,0.5349,비봉면,-0.2244,-0.3706,0.20843,1,ADD_FREQ,31240330,면,10.68,13.67,10.8,41590-37610,242.0,126.84032,37.25455
다사4118,night,0.188267,0.166366,-0.3791,-0.2168,-0.1421,mid,0.0,3,2,2,0.419,0.458,113.0,17.0,0.5221,비봉면,-0.1421,-0.1624,0.31926,1,NEW_STOP,31240330,면,18.83,16.64,28.2,41590-55461,348.6,126.84024,37.26356
다사4200,night,0.345414,0.616575,0.2437,1.5236,-1.2799,mid,0.0,0,3,4,0.6623,9.949,399.0,465.0,0.213,장안면,-1.2799,-1.2799,0.49054,3,ADD_FREQ,31240390,면,34.54,61.66,99.8,41590-36871,202.6,126.8529,37.10138
다사4201,night,0.138599,0.011,-0.576,-0.8174,0.1732,mid,0.0,3,1,0,0.05,0.0,59.0,301.0,0.4237,장안면,0.1732,0.2414,0.2772,1,DRT,31240390,면,13.86,1.1,14.8,41590-36846,807.9,126.85283,37.1104
다사4202,night,0.224786,0.011,-0.2344,-0.8174,0.5728,mid,0.0,4,2,0,0.05,0.0,253.0,619.0,0.0,팔탄면,0.5728,0.583,0.44957,3,DRT,31240380,면,22.48,1.1,63.2,41590-37443,858.6,126.85275,37.11941
다사4203,night,0.315181,0.295707,0.1239,0.2832,-0.1594,mid,0.0,3,3,3,0.8145,0.808,370.0,1431.0,0.0838,팔탄면,-0.1594,-0.1594,0.48967,3,ADD_FREQ,31240380,면,31.52,29.57,92.5,41590-36897,111.3,126.85267,37.12842
다사4204,night,0.186108,0.011,-0.3877,-0.8174,0.3734,drt,0.0,4,2,0,0.05,0.0,157.0,857.0,0.0828,팔탄면,0.3734,0.4297,0.37222,2,DRT,31240380,면,18.61,1.1,39.2,41590-55008,935.2,126.8526,37.13744
다사4205,night,0.0,0.011,-1.1253,-0.8174,-0.0,mid,0.0,3,0,0,0.05,0.0,0.0,0.0,0.0,팔탄면,-0.0,-0.3079,0.0,0,DRT,31240380,면,0.0,1.1,0.0,41590-37356,990.0,126.85252,37.14645
다사4206,night,0.295949,0.157447,0.0476,-0.2513,0.2989,mid,0.0,4,3,2,0.7157,0.0,335.0,762.0,0.1313,팔탄면,0.2989,0.2989,0.4798,3,ADD_FREQ,31240380,면,29.59,15.74,83.8,41590-37547,170.6,126.85244,37.15546
다사4207,night,0.222614,0.276217,-0.243,0.2079,-0.4402,mid,0.0,2,2,3,0.5142,1.291,100.0,473.0,0.25,남양읍,-0.4402,-0.4509,0.32594,1,ADD_FREQ,31240150,읍,22.26,27.62,25.0,41590-55889,291.5,126.85236,37.16448
다사4208,night,0.252545,0.065582,-0.1244,-0.6064,0.482,mid,0.0,4,3,1,0.0587,0.307,312.0,843.0,0.1186,남양읍,0.482,0.482,0.46744,3,DRT,31240150,읍,25.25,6.56,78.0,41590-55653,564.8,126.85229,37.17349
다사4209,night,0.41901,0.180119,0.5354,-0.1636,0.699,mid,0.0,4,3,2,0.551,0.349,648.0,1383.0,0.2037,남양읍,0.699,0.699,0.5612,4,ADD_FREQ,31240150,읍,41.9,18.01,162.0,41590-36050,269.4,126.85221,37.18251
다사4210,night,0.302068,0.114892,0.0719,-0.4158,0.4876,mid,0.0,4,3,2,0.1228,0.563,436.0,746.0,0.1239,남양읍,0.4876,0.4876,0.50554,3,DRT,31240150,읍,30.21,11.49,109.0,41590-55152,526.3,126.85213,37.19152
다사4211,night,0.152059,0.238281,-0.5226,0.0612,-0.4449,mid,0.0,2,1,3,0.5133,0.891,71.0,279.0,0.2113,남양읍,-0.4449,-0.5839,0.28754,1,ADD_FREQ,31240150,읍,15.21,23.83,17.8,41590-55155,292.0,126.85206,37.20053
다사4212,night,0.336026,0.271765,0.2065,0.1907,0.0158,mid,0.0,3,3,3,0.4155,1.501,402.0,1662.0,0.4254,남양읍,0.0158,0.0158,0.49558,3,NEW_STOP,31240150,읍,33.6,27.18,100.5,41590-36052,350.7,126.85198,37.20955
다사4213,night,0.340043,0.217629,0.2224,-0.0186,0.241,mid,0.0,3,3,3,0.441,0.846,380.0,2522.0,0.0132,남양읍,0.241,0.241,0.50538,3,NEW_STOP,31240150,읍,34.0,21.76,95.0,41590-55345,335.4,126.8519,37.21856
다사4214,night,0.316686,0.274674,0.1298,0.2019,-0.0721,mid,0.0,3,3,3,0.117,2.544,163.0,552.0,0.2577,비봉면,-0.0721,-0.0721,0.38459,2,DRT,31240330,면,31.67,27.47,40.8,41590-55393,529.8,126.85183,37.22757
다사4215,night,0.157875,0.020599,-0.4996,-0.7803,0.2192,drt,0.0,3,1,1,0.05,0.05,108.0,27.0,0.5093,비봉면,0.2192,0.2807,0.31283,1,DRT,31240330,면,15.79,2.06,27.0,41590-55829,687.6,126.85175,37.23659
다사4216,night,0.186426,0.186267,-0.3864,-0.1398,-0.2145,mid,0.0,3,2,3,0.5407,0.408,138.0,45.0,0.5435,비봉면,-0.2145,-0.2466,0.35481,2,ADD_FREQ,31240330,면,18.64,18.63,34.5,41590-55828,275.6,126.85167,37.2456
다사4217,night,0.179017,0.280194,-0.4158,0.2232,-0.5415,mid,0.0,2,1,3,0.6632,0.979,123.0,51.0,0.3577,비봉면,-0.5415,-0.639,0.3268,1,ADD_FREQ,31240330,면,17.9,28.02,30.8,41590-55871,202.1,126.85159,37.25461
다사4218,night,0.011298,0.029035,-1.0805,-0.7476,-0.0468,mid,0.0,3,0,1,0.05,0.096,0.0,15.0,0.0,비봉면,-0.0468,-0.3328,0.0,0,DRT,31240330,면,1.13,2.9,0.0,41590-55833,631.4,126.85152,37.26363
다사4300,night,0.334106,0.604994,0.1989,1.4788,-1.28,mid,0.0,0,3,4,0.8055,7.796,278.0,970.0,0.1403,장안면,-1.28,-1.28,0.44621,3,ADD_FREQ,31240390,면,33.41,60.5,69.5,41590-36706,116.7,126.86416,37.10144
다사4301,night,0.191646,0.049315,-0.3657,-0.6693,0.2688,drt,0.0,4,2,1,0.05,0.215,155.0,1232.0,0.0645,팔탄면,0.2688,0.3035,0.37682,2,DRT,31240380,면,19.16,4.93,38.8,41590-36845,766.6,126.86408,37.11046
다사4302,night,0.216854,0.240281,-0.2658,0.069,-0.3213,mid,0.0,2,2,3,0.5557,0.822,128.0,396.0,0.2422,팔탄면,-0.3213,-0.3348,0.35324,2,ADD_FREQ,31240380,면,21.69,24.03,32.0,41590-36899,266.6,126.864,37.11947
다사4303,night,0.301339,0.161806,0.069,-0.2344,0.3034,mid,0.0,4,3,2,0.5762,0.195,351.0,1155.0,0.0456,팔탄면,0.3034,0.3034,0.48473,3,ADD_FREQ,31240380,면,30.13,16.18,87.8,41590-55650,254.3,126.86393,37.12848
다사4304,night,0.320828,0.183627,0.1462,-0.15,0.2963,mid,0.0,4,3,3,0.8347,0.0,403.0,924.0,0.2605,팔탄면,0.2963,0.2963,0.49367,3,ADD_FREQ,31240380,면,32.08,18.36,100.8,41590-55649,99.2,126.86385,37.1375
다사4305,night,0.159562,0.011,-0.4929,-0.8174,0.2551,drt,0.0,4,1,0,0.05,0.0,103.0,196.0,0.2233,팔탄면,0.2551,0.3245,0.3189,1,DRT,31240380,면,15.96,1.1,25.8,41590-55846,740.9,126.86378,37.14651
다사4306,night,0.291047,0.11858,0.0282,-0.4015,0.4297,mid,0.0,4,3,2,0.539,0.0,355.0,923.0,0.2394,팔탄면,0.4297,0.4297,0.47446,3,ADD_FREQ,31240380,면,29.1,11.86,88.8,41590-36930,276.6,126.8637,37.15553
다사4307,night,0.217825,0.011,-0.262,-0.8174,0.5346,mid,0.0,4,2,0,0.05,0.0,187.0,600.0,0.1658,팔탄면,0.5346,0.5554,0.4007,2,DRT,31240380,면,21.78,1.1,46.8,41590-55644,573.5,126.86363,37.16454
다사4308,night,0.167083,0.166735,-0.4631,-0.2153,-0.2007,mid,0.0,3,1,2,0.7463,0.013,123.0,139.0,0.4634,남양읍,-0.2007,-0.2477,0.33349,1,ADD_FREQ,31240150,읍,16.71,16.67,30.8,41590-37173,152.2,126.86355,37.17355
다사4309,night,0.340091,0.127343,0.2226,-0.3676,0.5902,mid,0.0,4,3,2,0.5788,0.0,296.0,2064.0,0.1588,팔탄면,0.5902,0.5902,0.45565,3,ADD_FREQ,31240380,면,34.01,12.73,74.0,41590-37164,252.7,126.86348,37.18257
다사4310,night,0.222474,0.018906,-0.2436,-0.7868,0.5302,mid,0.0,4,2,1,0.05,0.041,240.0,398.0,0.1708,팔탄면,0.5302,0.5432,0.42964,3,DRT,31240380,면,22.25,1.89,60.0,41590-60085,671.9,126.8634,37.19158
다사4311,night,0.167354,0.187594,-0.462,-0.1347,-0.2654,mid,0.0,2,1,3,0.5328,0.43,84.0,464.0,0.0595,비봉면,-0.2654,-0.3273,0.30825,1,ADD_FREQ,31240330,면,16.74,18.76,21.0,41590-37648,280.3,126.86332,37.20059
다사4312,night,0.236746,0.206905,-0.187,-0.0601,-0.1269,mid,0.0,3,2,3,0.4128,0.804,186.0,678.0,0.1667,남양읍,-0.1269,-0.1269,0.3988,2,NEW_STOP,31240150,읍,23.67,20.69,46.5,41590-37035,352.3,126.86325,37.20961
다사4313,night,0.242455,0.151851,-0.1644,-0.2729,0.1085,mid,0.0,3,2,2,0.2152,0.701,210.0,1179.0,0.0619,비봉면,0.1085,0.1085,0.41169,2,NEW_STOP,31240330,면,24.25,15.19,52.5,41590-55842,470.9,126.86317,37.21862
다사4314,night,0.350234,0.503144,0.2628,1.0851,-0.8223,ok,0.0,1,3,4,0.4987,6.387,163.0,145.0,0.2822,비봉면,-0.8223,-0.8223,0.37682,2,NEW_STOP,31240330,면,35.02,50.31,40.8,41590-55087,300.8,126.8631,37.22763
다사4315,night,0.603956,0.70312,1.2683,1.8581,-0.5898,ok,0.0,2,4,4,0.8975,12.068,1253.0,521.0,0.2338,비봉면,-0.5898,-0.5898,0.65384,4,ADD_FREQ,31240330,면,60.4,70.31,313.2,41590-37161,61.5,126.86302,37.23665
다사4316,night,0.426223,0.166184,0.5639,-0.2175,0.7814,need,1.04582,5,3,2,0.4127,0.467,550.0,30.0,0.1927,비봉면,0.7814,0.7814,0.54374,3,NEW_STOP,31240330,면,42.62,16.62,137.5,41590-60124,352.4,126.86295,37.24566
다사4317,night,0.246069,0.03224,-0.15,-0.7353,0.5852,mid,0.0,4,2,1,0.05,0.114,93.0,8.0,0.5269,비봉면,0.5852,0.5852,0.27528,1,DRT,31240330,면,24.61,3.22,23.2,41590-60123,651.7,126.86287,37.25467
다사4318,night,0.002904,0.021534,-1.1138,-0.7766,-0.0196,mid,0.0,3,0,1,0.05,0.055,0.0,3.0,0.0,비봉면,-0.0196,-0.3371,0.0,0,DRT,31240330,면,0.29,2.15,0.0,41590-37187,635.0,126.86279,37.26369
다사4400,night,0.185537,0.037812,-0.3899,-0.7137,0.2808,drt,0.0,4,2,1,0.05,0.146,153.0,398.0,0.2353,장안면,0.2808,0.3238,0.35832,2,DRT,31240390,면,18.55,3.78,38.2,41590-37179,777.8,126.87541,37.1015
다사4401,night,0.310943,0.596323,0.1071,1.4453,-1.3382,mid,0.0,0,3,4,0.4695,11.255,174.0,515.0,0.1667,팔탄면,-1.3382,-1.3382,0.36228,2,NEW_STOP,31240380,면,31.09,59.63,43.5,41590-36898,318.3,126.87533,37.11052
다사4402,night,0.234161,0.187573,-0.1972,-0.1348,-0.0624,mid,0.0,3,2,3,0.3692,0.717,252.0,236.0,0.3333,팔탄면,-0.0624,-0.0624,0.42202,3,NEW_STOP,31240380,면,23.42,18.76,63.0,41590-37437,378.5,126.87526,37.11953
다사4403,night,0.090203,0.013347,-0.7678,-0.8083,0.022,mid,0.0,3,0,1,0.05,0.012,28.0,105.0,0.1786,팔탄면,0.022,0.0405,0.1795,0,DRT,31240380,면,9.02,1.33,7.0,41590-36735,761.2,126.87519,37.12854
다사4404,night,0.189855,0.016433,-0.3728,-0.7964,0.3728,drt,0.0,4,2,1,0.05,0.028,150.0,402.0,0.1533,팔탄면,0.3728,0.4235,0.36759,2,DRT,31240380,면,18.99,1.64,37.5,41590-55942,630.0,126.87511,37.13756
다사4405,night,0.215746,0.14148,-0.2702,-0.313,0.0409,mid,0.0,3,2,2,0.5677,0.088,233.0,407.0,0.279,팔탄면,0.0409,0.0427,0.41324,2,ADD_FREQ,31240380,면,21.57,14.15,58.2,41590-55846,259.4,126.87504,37.14657
다사4406,night,0.235339,0.081227,-0.1926,-0.5459,0.3533,mid,0.0,4,2,2,0.2182,0.184,239.0,299.0,0.1967,팔탄면,0.3533,0.3533,0.42773,3,NEW_STOP,31240380,면,23.53,8.12,59.8,41590-37052,469.1,126.87496,37.15559
다사4407,night,0.319131,0.183279,0.1395,-0.1514,0.2909,mid,0.0,4,3,2,0.7827,0.058,281.0,1075.0,0.0641,팔탄면,0.2909,0.2909,0.45055,3,ADD_FREQ,31240380,면,31.91,18.33,70.2,41590-55642,130.4,126.87489,37.1646
다사4408,night,0.332686,0.244079,0.1932,0.0836,0.1096,mid,0.0,3,3,3,0.7083,0.566,364.0,1167.0,0.1346,팔탄면,0.1096,0.1096,0.48509,3,ADD_FREQ,31240380,면,33.27,24.41,91.0,41590-37182,175.0,126.87482,37.17361
다사4409,night,0.206719,0.013347,-0.306,-0.8083,0.4673,mid,0.0,4,2,1,0.05,0.012,199.0,915.0,0.1809,팔탄면,0.4673,0.5023,0.40675,2,DRT,31240380,면,20.67,1.33,49.8,41590-60042,741.2,126.87474,37.18263
다사4410,night,0.216973,0.187177,-0.2654,-0.1363,-0.1239,mid,0.0,3,2,3,0.6548,0.245,134.0,420.0,0.2687,팔탄면,-0.1239,-0.129,0.35942,2,ADD_FREQ,31240380,면,21.7,18.72,33.5,41590-36973,207.1,126.87467,37.19164
다사4411,night,0.309986,0.221328,0.1033,-0.0043,0.1076,mid,0.0,3,3,3,0.5735,0.622,280.0,693.0,0.2679,비봉면,0.1076,0.1076,0.43746,3,ADD_FREQ,31240330,면,31.0,22.13,70.0,41590-37713,255.9,126.87459,37.20065
다사4412,night,0.183191,0.068603,-0.3992,-0.5947,0.1681,drt,0.0,3,1,1,0.3118,0.0,121.0,194.0,0.3388,비봉면,0.1681,0.1954,0.33752,1,NEW_STOP,31240330,면,18.32,6.86,30.2,41590-55823,412.9,126.87452,37.20967
다사4413,night,0.066679,0.159022,-0.861,-0.2452,-0.2746,mid,0.0,2,0,2,0.4923,0.294,13.0,154.0,0.3846,비봉면,-0.2746,-0.6158,0.08669,0,NEW_STOP,31240330,면,6.67,15.9,3.2,41590-37755,304.6,126.87444,37.21868
다사4414,night,0.178873,0.183774,-0.4164,-0.1495,-0.226,mid,0.0,3,1,3,0.4117,0.606,133.0,114.0,0.3308,비봉면,-0.226,-0.2669,0.34887,2,NEW_STOP,31240330,면,17.89,18.38,33.2,41590-55380,353.0,126.87437,37.22769
다사4415,night,0.644316,0.674682,1.4283,1.7482,-0.3199,ok,0.0,2,4,4,0.9342,9.855,1105.0,955.0,0.181,비봉면,-0.3199,-0.3199,0.63847,4,ADD_FREQ,31240330,면,64.43,67.47,276.2,41590-37186,39.5,126.8743,37.23671
다사4416,night,0.679835,0.293613,1.5691,0.2751,1.2939,need,2.12619,6,4,3,0.8035,0.811,2017.0,304.0,0.2593,비봉면,1.2939,1.2939,0.72467,4,ADD_FREQ,31240330,면,67.98,29.36,504.2,41590-60020,117.9,126.87422,37.24572
다사4417,night,0.308004,0.188909,0.0954,-0.1296,0.225,mid,0.0,3,3,3,0.6063,0.326,78.0,66.0,0.5641,비봉면,0.225,0.225,0.30092,1,ADD_FREQ,31240330,면,30.8,18.89,19.5,41590-37729,236.2,126.87415,37.25473
다사4418,night,0.341693,0.265478,0.2289,0.1664,0.0626,mid,0.0,3,3,3,0.4403,1.356,395.0,177.0,0.4025,매송면,0.0626,0.0626,0.48226,3,NEW_STOP,31240310,면,34.17,26.55,98.8,41590-37599,335.8,126.87407,37.26375
다사4419,night,0.123646,0.011,-0.6352,-0.8174,0.1213,mid,0.0,3,1,0,0.05,0.0,48.0,3.0,0.6458,매송면,0.1213,0.1821,0.24729,1,DRT,31240310,면,12.36,1.1,12.0,41590-37187,658.7,126.874,37.27276
다사4500,night,0.182614,0.15433,-0.4015,-0.2633,-0.1187,mid,0.0,3,1,2,0.7015,0.0,138.0,195.0,0.2246,팔탄면,-0.1187,-0.1382,0.36523,2,ADD_FREQ,31240380,면,18.26,15.43,34.5,41590-55480,179.1,126.88666,37.10156
다사4501,night,0.290987,0.376233,0.028,0.5945,-0.5665,mid,0.0,2,3,3,0.1828,4.517,188.0,149.0,0.2872,팔탄면,-0.5665,-0.5665,0.38271,2,NEW_STOP,31240380,면,29.1,37.62,47.0,41590-37206,490.3,126.88659,37.11058
다사4502,night,0.288184,0.581599,0.0169,1.3884,-1.3715,mid,0.0,0,3,4,0.6578,8.212,326.0,315.0,0.2301,팔탄면,-1.3715,-1.3715,0.45271,3,ADD_FREQ,31240380,면,28.82,58.16,81.5,41590-37216,205.3,126.88652,37.11959
다사4503,night,0.316491,0.264559,0.129,0.1628,-0.0338,mid,0.0,3,3,3,0.7165,0.722,604.0,526.0,0.1871,팔탄면,-0.0338,-0.0338,0.55062,3,ADD_FREQ,31240380,면,31.65,26.46,151.0,41590-37360,170.1,126.88644,37.1286
다사4504,night,0.232673,0.165761,-0.2031,-0.2191,0.016,mid,0.0,3,2,2,0.6707,0.097,203.0,1050.0,0.0493,팔탄면,0.016,0.016,0.41448,2,ADD_FREQ,31240380,면,23.27,16.58,50.8,41590-37413,197.6,126.88637,37.13762
다사4505,night,0.237526,0.076963,-0.1839,-0.5624,0.3785,mid,0.0,4,2,1,0.3498,0.0,305.0,723.0,0.2131,팔탄면,0.3785,0.3785,0.45205,3,NEW_STOP,31240380,면,23.75,7.7,76.2,41590-36451,390.1,126.8863,37.14663
다사4506,night,0.237873,0.219946,-0.1825,-0.0096,-0.1729,mid,0.0,3,2,3,0.7665,0.298,240.0,636.0,0.2167,팔탄면,-0.1729,-0.1729,0.4213,3,ADD_FREQ,31240380,면,23.79,21.99,60.0,41590-37402,140.1,126.88623,37.15564
다사4507,night,0.335159,0.048177,0.203,-0.6737,0.8767,need,1.09839,5,3,1,0.1745,0.051,266.0,2253.0,0.203,팔탄면,0.8767,0.8767,0.43819,3,NEW_STOP,31240380,면,33.52,4.82,66.5,41590-55911,495.3,126.88615,37.16466
다사4508,night,0.38731,0.175215,0.4097,-0.1826,0.5923,mid,0.0,4,3,2,0.2975,0.747,645.0,2525.0,0.0636,팔탄면,0.5923,0.5923,0.57461,4,NEW_STOP,31240380,면,38.73,17.52,161.2,41590-55004,421.5,126.88608,37.17367
다사4509,night,0.291222,0.359895,0.0289,0.5313,-0.5024,mid,0.0,2,3,3,0.7427,1.715,188.0,1200.0,0.1809,팔탄면,-0.5024,-0.5024,0.40257,2,ADD_FREQ,31240380,면,29.12,35.99,47.0,41590-55006,154.4,126.88601,37.18269
다사4510,night,0.345958,0.287462,0.2458,0.2513,-0.0055,mid,0.0,3,3,3,0.4937,1.482,321.0,1293.0,0.1371,팔탄면,-0.0055,-0.0055,0.46957,3,NEW_STOP,31240380,면,34.6,28.75,80.2,41590-37209,303.8,126.88593,37.1917
다사4511,night,0.248385,0.261265,-0.1409,0.1501,-0.2909,mid,0.0,2,3,3,0.9675,0.279,111.0,755.0,0.3243,비봉면,-0.2909,-0.2909,0.33365,1,ADD_FREQ,31240330,면,24.84,26.13,27.8,41590-37213,19.5,126.88586,37.20071
다사4512,night,0.121138,0.011,-0.6452,-0.8174,0.1132,mid,0.0,3,1,0,0.05,0.0,63.0,8.0,0.4127,비봉면,0.1132,0.1722,0.24228,1,DRT,31240330,면,12.11,1.1,15.8,41590-36712,956.6,126.88579,37.20973
다사4513,night,0.103267,0.011,-0.716,-0.8174,0.0601,mid,0.0,3,0,0,0.05,0.0,36.0,0.0,0.0,비봉면,0.0601,0.1014,0.20653,1,DRT,31240330,면,10.33,1.1,9.0,41590-37755,1009.1,126.88571,37.21874
다사4514,night,0.0,0.052049,-1.1253,-0.6587,-0.0,mid,0.0,3,0,1,0.05,0.232,0.0,0.0,0.0,비봉면,-0.0,-0.4666,0.0,0,DRT,31240330,면,0.0,5.2,0.0,41590-37188,664.5,126.88564,37.22775
다사4515,night,0.085836,0.270931,-0.7851,0.1874,-0.511,mid,0.0,2,0,3,0.2057,2.149,13.0,14.0,1.1538,비봉면,-0.511,-0.9725,0.10645,0,NEW_STOP,31240330,면,8.58,27.09,3.2,41590-37207,476.6,126.88557,37.23677
다사4516,night,0.19912,0.225692,-0.3361,0.0126,-0.3166,mid,0.0,2,2,3,0.3822,1.054,93.0,160.0,0.5806,비봉면,-0.3166,-0.3487,0.30845,1,NEW_STOP,31240330,면,19.91,22.57,23.2,41590-37612,370.7,126.8855,37.24578
다사4517,night,0.038496,0.025595,-0.9727,-0.7609,-0.0661,mid,0.0,3,0,1,0.05,0.077,8.0,3.0,0.625,비봉면,-0.0661,-0.2118,0.06295,0,DRT,31240330,면,3.85,2.56,2.0,41590-37218,641.1,126.88542,37.25479
다사4518,night,0.464698,0.385437,0.7164,0.6301,0.0863,mid,0.0,3,4,3,0.6235,2.532,846.0,172.0,0.2801,매송면,0.0863,0.0863,0.59559,4,ADD_FREQ,31240310,면,46.47,38.54,211.5,41590-37614,225.9,126.88535,37.26381
다사4519,night,0.279317,0.122027,-0.0183,-0.3882,0.3699,mid,0.0,4,3,2,0.5547,0.0,123.0,256.0,0.3171,매송면,0.3699,0.3699,0.34005,2,ADD_FREQ,31240310,면,27.93,12.2,30.8,41590-37215,267.2,126.88528,37.27282
다사4520,night,0.224088,0.17072,-0.2372,-0.1999,-0.0365,mid,0.0,3,2,2,0.776,0.0,190.0,703.0,0.3947,매송면,-0.0365,-0.0372,0.37926,2,ADD_FREQ,31240310,면,22.41,17.07,47.5,41590-37210,134.4,126.8852,37.28183
다사4600,night,0.802306,0.616715,2.0544,1.5241,0.5303,ok,0.0,4,4,4,0.5748,11.083,8452.0,738.0,0.0745,향남읍,0.5303,0.5303,0.9498,4,ADD_FREQ,31240140,읍,80.23,61.67,2113.0,41590-55483,255.1,126.89792,37.10162
다사4601,night,0.576677,0.478868,1.1602,0.9913,0.169,ok,0.0,3,4,4,0.5798,4.963,2852.0,384.0,0.0624,향남읍,0.169,0.169,0.7908,4,ADD_FREQ,31240140,읍,57.67,47.89,713.0,41590-36762,252.1,126.89784,37.11063
다사4602,night,0.398576,0.475614,0.4544,0.9787,-0.5243,ok,0.0,2,3,4,0.2963,7.053,1428.0,57.0,0.0357,향남읍,-0.5243,-0.5243,0.68409,4,NEW_STOP,31240140,읍,39.86,47.56,357.0,41590-37225,422.2,126.89777,37.11965
다사4603,night,0.74847,0.546366,1.8411,1.2522,0.5889,ok,0.0,4,4,4,0.5385,7.801,5910.0,721.0,0.1291,향남읍,0.5889,0.5889,0.88992,4,ADD_FREQ,31240140,읍,74.85,54.64,1477.5,41590-36908,276.9,126.8977,37.12866
다사4604,night,0.27368,0.329079,-0.0406,0.4122,-0.4528,mid,0.0,2,3,3,0.6782,1.495,216.0,714.0,0.5509,향남읍,-0.4528,-0.4528,0.39645,2,ADD_FREQ,31240140,읍,27.37,32.91,54.0,41590-55114,193.1,126.89763,37.13767
다사4605,night,0.264944,0.403418,-0.0752,0.6996,-0.7748,mid,0.0,1,3,4,0.6912,2.588,153.0,436.0,0.1895,팔탄면,-0.7748,-0.7748,0.37133,2,ADD_FREQ,31240380,면,26.49,40.34,38.2,41590-37234,185.3,126.89756,37.14669
다사4606,night,0.28251,0.448432,-0.0056,0.8736,-0.8792,mid,0.0,1,3,4,0.773,3.116,135.0,581.0,0.1333,팔탄면,-0.8792,-0.8792,0.34739,2,ADD_FREQ,31240380,면,28.25,44.84,33.8,41590-36803,136.2,126.89749,37.1557
다사4607,night,0.506962,0.297926,0.8839,0.2918,0.5921,mid,0.0,4,4,3,0.528,1.519,739.0,2845.0,0.161,팔탄면,0.5921,0.5921,0.58392,4,ADD_FREQ,31240380,면,50.7,29.79,184.8,41590-55387,283.2,126.89742,37.16472
다사4608,night,0.361187,0.158624,0.3062,-0.2467,0.5529,mid,0.0,4,3,2,0.2502,0.693,318.0,1387.0,0.1069,팔탄면,0.5529,0.5529,0.46356,3,NEW_STOP,31240380,면,36.12,15.86,79.5,41590-55876,449.9,126.89734,37.17373
다사4609,night,0.170727,0.011,-0.4486,-0.8174,0.3029,drt,0.0,4,1,0,0.05,0.0,133.0,103.0,0.2331,팔탄면,0.3029,0.3687,0.34145,2,DRT,31240380,면,17.07,1.1,33.2,41590-37766,852.4,126.89727,37.18274
다사4610,night,0.181036,0.07579,-0.4078,-0.5669,0.1358,drt,0.0,3,1,1,0.3445,0.0,134.0,593.0,0.2687,팔탄면,0.1358,0.1591,0.34931,2,NEW_STOP,31240380,면,18.1,7.58,33.5,41590-37249,393.3,126.8972,37.19176
다사4611,night,0.248138,0.1694,-0.1418,-0.205,0.0632,mid,0.0,3,3,2,0.77,0.0,193.0,289.0,0.5078,비봉면,0.0632,0.0632,0.38022,2,ADD_FREQ,31240330,면,24.81,16.94,48.2,41590-37233,138.0,126.89713,37.20077
다사4612,night,0.127053,0.011,-0.6217,-0.8174,0.1326,mid,0.0,3,1,0,0.05,0.0,58.0,30.0,0.5862,비봉면,0.1326,0.1956,0.25074,1,DRT,31240330,면,12.71,1.1,14.5,41590-37226,753.7,126.89706,37.20978
다사4613,night,0.031476,0.011,-1.0005,-0.8174,-0.0501,mid,0.0,3,0,0,0.05,0.0,8.0,0.0,0.625,비봉면,-0.0501,-0.1832,0.06295,0,DRT,31240330,면,3.15,1.1,2.0,41590-37226,1665.6,126.89699,37.2188
다사4614,night,0.104213,0.011,-0.7122,-0.8174,0.0627,mid,0.0,3,0,0,0.05,0.0,28.0,3.0,0.8214,비봉면,0.0627,0.1051,0.20843,1,DRT,31240330,면,10.42,1.1,7.0,41590-37246,852.0,126.89691,37.22781
다사4615,night,0.200835,0.095286,-0.3293,-0.4915,0.1481,mid,0.0,3,2,2,0.4233,0.011,218.0,120.0,0.4587,비봉면,0.1481,0.1622,0.39763,2,NEW_STOP,31240330,면,20.08,9.53,54.5,41590-37246,346.0,126.89684,37.23682
다사4616,night,0.284473,0.484008,0.0022,1.0111,-1.009,mid,0.0,1,3,4,0.5388,5.408,196.0,127.0,0.4235,비봉면,-1.009,-1.009,0.37986,2,ADD_FREQ,31240330,면,28.45,48.4,49.0,41590-37237,276.7,126.89677,37.24584
다사4617,night,0.17391,0.380948,-0.436,0.6127,-0.8721,mid,0.0,1,1,3,0.9125,1.499,113.0,67.0,0.4425,매송면,-0.8721,-1.0488,0.32646,1,ADD_FREQ,31240310,면,17.39,38.09,28.2,41590-37180,52.5,126.8967,37.25485
다사4618,night,0.100948,0.011,-0.7252,-0.8174,0.0538,mid,0.0,3,0,0,0.05,0.0,28.0,72.0,0.5357,매송면,0.0538,0.0922,0.2019,0,DRT,31240310,면,10.09,1.1,7.0,41590-37178,819.1,126.89663,37.26387
다사4619,night,0.14923,0.011,-0.5338,-0.8174,0.2134,drt,0.0,3,1,0,0.05,0.0,68.0,54.0,0.4559,매송면,0.2134,0.2835,0.29846,1,DRT,31240310,면,14.92,1.1,17.0,41590-37215,893.0,126.89655,37.27288
다사4620,night,0.067362,0.13915,-0.8583,-0.322,-0.2407,mid,0.0,3,0,2,0.6325,0.0,23.0,50.0,0.6522,매송면,-0.2407,-0.5363,0.13472,0,ADD_FREQ,31240310,면,6.74,13.92,5.8,41590-55421,220.5,126.89648,37.28189
다사4700,night,0.552545,0.401782,1.0646,0.6933,0.3713,mid,0.0,4,4,4,0.7945,2.17,3003.0,192.0,0.0982,향남읍,0.3713,0.3713,0.79621,4,ADD_FREQ,31240140,읍,55.25,40.18,750.8,41590-60091,123.3,126.90917,37.10168
다사4701,night,0.861493,0.604044,2.289,1.4751,0.8139,need,1.15829,5,4,4,0.7415,8.403,6976.0,1413.0,0.0626,향남읍,0.8139,0.8139,0.92025,4,ADD_FREQ,31240140,읍,86.15,60.4,1744.0,41590-55323,155.1,126.9091,37.11069
다사4702,night,0.868819,0.351006,2.318,0.497,1.821,need,2.70472,6,4,3,0.5973,2.053,7845.0,1928.0,0.0857,향남읍,1.821,1.821,0.93634,4,ADD_FREQ,31240140,읍,86.88,35.1,1961.2,41590-55288,241.6,126.90903,37.1197
다사4703,night,0.895345,0.934977,2.4232,2.7544,-0.3313,ok,0.0,2,4,4,0.849,43.829,6447.0,3058.0,0.1053,향남읍,-0.3313,-0.3313,0.90491,4,ADD_FREQ,31240140,읍,89.53,93.5,1611.8,41590-37265,90.6,126.90896,37.12872
다사4704,night,0.834605,0.869641,2.1824,2.5019,-0.3194,ok,0.0,2,4,4,0.7952,33.157,4724.0,839.0,0.1397,향남읍,-0.3194,-0.3194,0.85626,4,ADD_FREQ,31240140,읍,83.46,86.96,1181.0,41590-36626,122.9,126.90889,37.13773
다사4705,night,0.117605,0.011,-0.6592,-0.8174,0.102,mid,0.0,3,1,0,0.05,0.0,53.0,27.0,0.0943,향남읍,0.102,0.1582,0.23521,1,DRT,31240140,읍,11.76,1.1,13.2,41590-37240,865.4,126.90882,37.14674
다사4706,night,0.211953,0.074558,-0.2853,-0.5717,0.2708,mid,0.0,4,2,1,0.0758,0.342,93.0,313.0,0.3011,팔탄면,0.2708,0.2864,0.30825,1,DRT,31240380,면,21.2,7.46,23.2,41590-37257,554.5,126.90875,37.15576
다사4707,night,0.530877,0.183475,0.9787,-0.1506,1.1293,need,1.65678,5,4,2,0.252,0.917,1369.0,485.0,0.1936,팔탄면,1.1293,1.1293,0.66826,4,NEW_STOP,31240380,면,53.09,18.35,342.2,41590-55713,448.8,126.90868,37.16477
다사4708,night,0.266838,0.241109,-0.0677,0.0722,-0.1399,mid,0.0,3,3,3,0.6728,0.605,326.0,453.0,0.2515,팔탄면,-0.1399,-0.1399,0.46029,3,ADD_FREQ,31240380,면,26.68,24.11,81.5,41590-55878,196.3,126.90861,37.17379
다사4709,night,0.267081,0.231727,-0.0668,0.0359,-0.1027,mid,0.0,3,3,3,0.7063,0.474,338.0,52.0,0.2811,팔탄면,-0.1027,-0.1027,0.4598,3,ADD_FREQ,31240380,면,26.71,23.17,84.5,41590-55702,176.2,126.90854,37.1828
다사4710,night,0.266415,0.249419,-0.0694,0.1043,-0.1737,mid,0.0,3,3,3,0.8463,0.379,261.0,101.0,0.2989,팔탄면,-0.1737,-0.1737,0.42632,3,ADD_FREQ,31240380,면,26.64,24.94,65.2,41590-55765,92.2,126.90847,37.19181
다사4711,night,0.098941,0.09261,-0.7331,-0.5019,-0.1333,mid,0.0,3,0,2,0.398,0.026,33.0,12.0,0.697,봉담읍,-0.1333,-0.2313,0.18792,0,NEW_STOP,31240120,읍,9.89,9.26,8.2,41590-36055,361.2,126.9084,37.20083
다사4712,night,0.017374,0.011,-1.0564,-0.8174,-0.0445,mid,0.0,3,0,0,0.05,0.0,5.0,0.0,1.0,봉담읍,-0.0445,-0.239,0.03475,0,DRT,31240120,읍,1.74,1.1,1.2,41590-36055,1316.8,126.90833,37.20984
다사4713,night,0.0,0.011,-1.1253,-0.8174,-0.0,mid,0.0,3,0,0,0.05,0.0,0.0,0.0,0.0,봉담읍,-0.0,-0.3079,0.0,0,DRT,31240120,읍,0.0,1.1,0.0,41590-36596,1541.0,126.90826,37.21885
다사4714,night,0.0,0.063073,-1.1253,-0.6161,-0.0,mid,0.0,3,0,1,0.05,0.303,0.0,0.0,0.0,비봉면,-0.0,-0.5092,0.0,0,DRT,31240330,면,0.0,6.31,0.0,41590-37246,620.1,126.90819,37.22787
다사4715,night,0.069932,0.083433,-0.8481,-0.5374,-0.1429,mid,0.0,3,0,2,0.06,0.429,28.0,8.0,0.3571,비봉면,-0.1429,-0.3108,0.13896,0,DRT,31240330,면,6.99,8.34,7.0,41590-37246,564.0,126.90812,37.23688
다사4716,night,0.399899,0.395148,0.4596,0.6676,-0.208,mid,0.0,3,3,4,0.4123,3.699,113.0,90.0,0.4336,매송면,-0.208,-0.208,0.33118,1,NEW_STOP,31240310,면,39.99,39.51,28.2,41590-37565,352.6,126.90804,37.2459
다사4717,night,0.37502,0.415461,0.361,0.7461,-0.3851,mid,0.0,2,3,4,0.5033,3.706,283.0,169.0,0.4064,매송면,-0.3851,-0.3851,0.43721,3,ADD_FREQ,31240310,면,37.5,41.55,70.8,41590-37263,298.0,126.90797,37.25491
다사4718,night,0.194469,0.318371,-0.3545,0.3708,-0.6486,mid,0.0,2,2,3,0.4718,1.976,104.0,72.0,0.5096,매송면,-0.6486,-0.7254,0.31376,1,NEW_STOP,31240310,면,19.45,31.84,26.0,41590-60112,316.9,126.9079,37.26392
다사4719,night,0.058705,0.237271,-0.8926,0.0573,-0.3899,mid,0.0,2,0,3,0.8522,0.288,0.0,90.0,0.0,매송면,-0.3899,-0.9499,0.0,0,ADD_FREQ,31240310,면,5.87,23.73,0.0,41590-60038,88.7,126.90783,37.27294
다사4720,night,0.159083,0.315332,-0.4948,0.3591,-0.6701,mid,0.0,2,1,3,0.9187,0.778,93.0,46.0,0.5054,매송면,-0.6701,-0.8539,0.29701,1,ADD_FREQ,31240310,면,15.91,31.53,23.2,41590-55421,48.8,126.90776,37.28195
다사4800,night,0.171316,0.102247,-0.4463,-0.4646,0.0151,drt,0.0,3,1,2,0.1512,0.42,113.0,130.0,0.3894,향남읍,0.0151,0.0183,0.32542,1,NEW_STOP,31240140,읍,17.13,10.22,28.2,41590-60048,509.3,126.92042,37.10173
다사4801,night,0.702603,0.389637,1.6593,0.6463,1.013,need,1.44396,5,4,3,0.8968,1.658,6782.0,427.0,0.0653,향남읍,1.013,1.013,0.91559,4,ADD_FREQ,31240140,읍,70.26,38.96,1695.5,41590-55332,61.9,126.92035,37.11075
다사4802,night,0.742151,0.579398,1.816,1.3799,0.4362,ok,0.0,4,4,4,0.7558,7.164,4646.0,729.0,0.1408,향남읍,0.4362,0.4362,0.85587,4,ADD_FREQ,31240140,읍,74.22,57.94,1161.5,41590-37281,146.5,126.92028,37.11976
다사4803,night,1.0,0.96106,2.8379,2.8553,-0.0173,ok,0.0,3,4,4,0.823,77.605,17194.0,4345.0,0.0803,향남읍,-0.0173,-0.0173,1.0,4,ADD_FREQ,31240140,읍,100.0,96.11,4298.5,41590-55084,106.2,126.92022,37.12877
다사4804,night,0.652873,0.803429,1.4622,2.2459,-0.7837,ok,0.0,1,4,4,0.6785,26.796,1412.0,1673.0,0.2486,향남읍,-0.7837,-0.7837,0.67029,4,ADD_FREQ,31240140,읍,65.29,80.34,353.0,41590-55368,192.9,126.92015,37.13779
다사4805,night,0.39876,0.757922,0.4551,2.07,-1.6149,ok,0.0,0,3,4,0.7257,19.923,548.0,219.0,0.323,팔탄면,-1.6149,-1.6149,0.52987,3,ADD_FREQ,31240380,면,39.88,75.79,137.0,41590-36764,164.6,126.92008,37.1468
다사4806,night,0.357398,0.439296,0.2912,0.8383,-0.5471,ok,0.0,2,3,4,0.242,6.115,543.0,1787.0,0.1087,봉담읍,-0.5471,-0.5471,0.5484,3,NEW_STOP,31240120,읍,35.74,43.93,135.8,41590-36620,454.8,126.92001,37.15581
다사4807,night,0.199747,0.18337,-0.3336,-0.151,-0.1661,mid,0.0,3,2,2,0.8335,0.0,140.0,442.0,0.2071,봉담읍,-0.1661,-0.1826,0.35136,2,ADD_FREQ,31240120,읍,19.97,18.34,35.0,41590-55729,99.9,126.91994,37.16483
다사4808,night,0.023779,0.011,-1.031,-0.8174,-0.0487,mid,0.0,3,0,0,0.05,0.0,5.0,5.0,0.0,봉담읍,-0.0487,-0.2137,0.04733,0,DRT,31240120,읍,2.38,1.1,1.2,41590-55788,606.3,126.91987,37.17384
다사4809,night,0.129641,0.011,-0.6115,-0.8174,0.1414,mid,0.0,3,1,0,0.05,0.0,56.0,57.0,0.4643,팔탄면,0.1414,0.2059,0.25928,1,DRT,31240380,면,12.96,1.1,14.0,41590-55881,1097.3,126.9198,37.18286
다사4810,night,0.101179,0.013735,-0.7243,-0.8068,0.0483,mid,0.0,3,0,1,0.05,0.014,38.0,41.0,0.4737,봉담읍,0.0483,0.0825,0.19832,0,DRT,31240120,읍,10.12,1.37,9.5,41590-55851,750.6,126.91973,37.19187
다사4811,night,0.223068,0.235899,-0.2412,0.052,-0.2867,mid,0.0,2,2,3,0.7338,0.46,148.0,192.0,0.2973,봉담읍,-0.2867,-0.2932,0.35063,2,ADD_FREQ,31240120,읍,22.31,23.59,37.0,41590-36060,159.7,126.91967,37.20088
다사4812,night,0.146923,0.011,-0.543,-0.8174,0.2045,mid,0.0,3,1,0,0.05,0.0,73.0,5.0,0.5753,봉담읍,0.2045,0.2744,0.29385,1,DRT,31240120,읍,14.69,1.1,18.2,41590-36067,1054.9,126.9196,37.2099
다사4813,night,0.503501,0.08451,0.8702,-0.5332,1.4034,need,1.76221,6,4,2,0.05,0.453,1828.0,31.0,0.0569,봉담읍,1.4034,1.4034,0.72232,4,DRT,31240120,읍,50.35,8.45,457.0,41590-36596,688.7,126.91953,37.21891
다사4814,night,0.62152,0.117242,1.3379,-0.4067,1.7446,need,2.24968,6,4,2,0.05,0.716,2827.0,149.0,0.0481,봉담읍,1.7446,1.7446,0.7859,4,DRT,31240120,읍,62.15,11.72,706.8,41590-36596,656.8,126.91946,37.22792
다사4815,night,0.175243,0.117368,-0.4307,-0.4062,-0.0205,drt,0.0,3,1,2,0.2592,0.359,113.0,5.0,0.4867,봉담읍,-0.0205,-0.0246,0.33349,1,NEW_STOP,31240120,읍,17.52,11.74,28.2,41590-55779,444.5,126.91939,37.23694
다사4816,night,0.351188,0.421025,0.2666,0.7677,-0.5011,ok,0.0,2,3,4,0.2813,5.205,173.0,169.0,0.3295,매송면,-0.5011,-0.5011,0.37889,2,NEW_STOP,31240310,면,35.12,42.1,43.2,41590-37290,431.2,126.91932,37.24595
다사4817,night,0.304498,0.442586,0.0815,0.851,-0.7695,mid,0.0,1,3,4,0.2772,5.956,175.0,119.0,0.3257,매송면,-0.7695,-0.7695,0.38212,2,NEW_STOP,31240310,면,30.45,44.26,43.8,41590-60114,433.7,126.91925,37.25496
다사4818,night,0.075992,0.126495,-0.8241,-0.3709,-0.22,mid,0.0,3,0,2,0.074,0.751,18.0,17.0,0.7222,매송면,-0.22,-0.4532,0.14595,0,DRT,31240310,면,7.6,12.65,4.5,41590-60083,555.6,126.91918,37.26398
다사4819,night,0.084809,0.011,-0.7892,-0.8174,0.0147,mid,0.0,3,0,0,0.05,0.0,18.0,9.0,0.8333,매송면,0.0147,0.0282,0.16962,0,DRT,31240310,면,8.48,1.1,4.5,41590-60038,829.6,126.91911,37.27299
다사4820,night,0.0,0.011,-1.1253,-0.8174,-0.0,mid,0.0,3,0,0,0.05,0.0,0.0,0.0,0.0,매송면,-0.0,-0.3079,0.0,0,DRT,31240310,면,0.0,1.1,0.0,41590-55453,900.4,126.91904,37.28201
다사4900,night,0.219686,0.029627,-0.2546,-0.7454,0.475,mid,0.0,4,2,1,0.1347,0.0,231.0,425.0,0.2251,양감면,0.475,0.4908,0.41657,2,DRT,31240420,면,21.97,2.96,57.8,41590-36087,519.2,126.93168,37.10179
다사4901,night,0.298972,0.193857,0.0596,-0.1105,0.1701,mid,0.0,3,3,3,0.8812,0.0,421.0,418.0,0.285,향남읍,0.1701,0.1701,0.49299,3,ADD_FREQ,31240140,읍,29.9,19.39,105.2,41590-37307,71.3,126.93161,37.1108
다사4902,night,0.227628,0.011,-0.2231,-0.8174,0.5886,mid,0.0,4,2,0,0.05,0.0,301.0,385.0,0.103,향남읍,0.5886,0.5942,0.45345,3,DRT,31240140,읍,22.76,1.1,75.2,41590-37980,747.8,126.93154,37.11981
다사4903,night,0.734595,0.747684,1.7861,2.0304,-0.2443,ok,0.0,3,4,4,0.7022,19.391,8265.0,1262.0,0.0651,향남읍,-0.2443,-0.2443,0.94581,4,ADD_FREQ,31240140,읍,73.46,74.77,2066.2,41590-37023,178.7,126.93147,37.12883
다사4904,night,0.284568,0.10956,0.0025,-0.4364,0.4389,mid,0.0,4,3,2,0.498,0.0,686.0,29.0,0.1924,향남읍,0.4389,0.4389,0.56577,4,NEW_STOP,31240140,읍,28.46,10.96,171.5,41590-55045,301.2,126.93141,37.13784
다사4905,night,0.219559,0.07018,-0.2551,-0.5886,0.3227,mid,0.0,4,2,1,0.319,0.0,216.0,561.0,0.2546,봉담읍,0.3227,0.3335,0.40533,2,NEW_STOP,31240120,읍,21.96,7.02,54.0,41590-37009,408.6,126.93134,37.14686
다사4906,night,0.463325,0.642417,0.711,1.6235,-0.9125,ok,0.0,1,4,4,0.5068,13.857,740.0,1516.0,0.1284,팔탄면,-0.9125,-0.9125,0.57937,4,ADD_FREQ,31240380,면,46.33,64.24,185.0,41590-37302,295.9,126.93127,37.15587
다사4907,night,0.563227,0.862464,1.1069,2.4741,-1.3672,ok,0.0,0,4,4,0.8682,29.352,1082.0,540.0,0.2052,봉담읍,-1.3672,-1.3672,0.63399,4,ADD_FREQ,31240120,읍,56.32,86.25,270.5,41590-36073,79.1,126.9312,37.16488
다사4908,night,0.554685,0.628998,1.0731,1.5716,-0.4986,ok,0.0,2,4,4,0.6397,10.962,1524.0,845.0,0.2966,봉담읍,-0.4986,-0.4986,0.68015,4,ADD_FREQ,31240120,읍,55.47,62.9,381.0,41590-55707,216.2,126.93114,37.1739
다사4909,night,0.4467,0.377872,0.6451,0.6008,0.0443,ok,0.0,3,4,3,0.05,5.454,596.0,1302.0,0.2819,봉담읍,0.0443,0.0443,0.54539,3,DRT,31240120,읍,44.67,37.79,149.0,41590-36083,664.3,126.93107,37.18291
다사4910,night,0.342307,0.250903,0.2314,0.11,0.1213,mid,0.0,3,3,3,0.05,2.385,661.0,900.0,0.2254,봉담읍,0.1213,0.1213,0.56188,4,DRT,31240120,읍,34.23,25.09,165.2,41590-36090,701.1,126.931,37.19192
다사4911,night,0.226133,0.226716,-0.2291,0.0165,-0.2422,mid,0.0,3,2,3,0.613,0.595,133.0,363.0,0.3158,봉담읍,-0.2422,-0.2456,0.35367,2,ADD_FREQ,31240120,읍,22.61,22.67,33.2,41590-36072,232.2,126.93093,37.20094
다사4912,night,0.059155,0.013541,-0.8908,-0.8075,-0.0344,mid,0.0,3,0,1,0.05,0.013,8.0,3.0,1.25,봉담읍,-0.0344,-0.0833,0.11786,0,DRT,31240120,읍,5.92,1.35,2.0,41590-36069,754.4,126.93087,37.20995
다사4913,night,0.221564,0.105314,-0.2472,-0.4528,0.2001,mid,0.0,3,2,2,0.3292,0.182,58.0,5.0,0.2759,봉담읍,0.2001,0.2056,0.22846,1,NEW_STOP,31240120,읍,22.16,10.53,14.5,41590-36080,402.5,126.9308,37.21896
다사4914,night,0.704493,0.333909,1.6668,0.4309,1.2359,need,1.60995,6,4,3,0.764,1.323,3560.0,133.0,0.0413,봉담읍,1.2359,1.2359,0.82102,4,ADD_FREQ,31240120,읍,70.45,33.39,890.0,41590-36070,141.6,126.93073,37.22798
다사4915,night,0.174796,0.091387,-0.4325,-0.5066,0.0618,drt,0.0,3,1,2,0.1352,0.368,123.0,18.0,0.4065,봉담읍,0.0618,0.0741,0.33705,1,DRT,31240120,읍,17.48,9.14,30.8,41590-55324,518.9,126.93066,37.23699
다사4916,night,0.563694,0.668762,1.1088,1.7253,-0.6166,ok,0.0,2,4,4,0.9492,9.358,872.0,258.0,0.3028,매송면,-0.6166,-0.6166,0.59769,4,ADD_FREQ,31240310,면,56.37,66.88,218.0,41590-37304,30.5,126.93059,37.24601
다사4917,night,0.385796,0.086129,0.4037,-0.5269,0.9307,need,1.36284,5,3,2,0.05,0.465,918.0,123.0,0.2244,매송면,0.9307,0.9307,0.60574,4,DRT,31240310,면,38.58,8.61,229.5,41590-37298,739.8,126.93053,37.25502
다사5000,night,0.172655,0.136033,-0.441,-0.334,-0.0885,mid,0.0,3,1,2,0.6183,0.0,73.0,460.0,0.4247,양감면,-0.0885,-0.107,0.27672,1,ADD_FREQ,31240420,면,17.27,13.6,18.2,41590-36115,229.0,126.94293,37.10184
다사5001,night,0.181738,0.02728,-0.405,-0.7544,0.299,drt,0.0,4,1,1,0.124,0.0,130.0,424.0,0.2,향남읍,0.299,0.3494,0.33283,1,DRT,31240140,읍,18.17,2.73,32.5,41590-37546,525.6,126.94286,37.11085
다사5002,night,0.269922,0.216738,-0.0555,-0.022,-0.0335,mid,0.0,3,3,3,0.7813,0.256,219.0,778.0,0.3333,향남읍,-0.0335,-0.0335,0.41101,2,ADD_FREQ,31240140,읍,26.99,21.67,54.8,41590-36800,131.2,126.9428,37.11987
다사5003,night,0.293555,0.334585,0.0382,0.4335,-0.3954,mid,0.0,2,3,3,0.266,3.068,296.0,631.0,0.3074,향남읍,-0.3954,-0.3954,0.44316,3,NEW_STOP,31240140,읍,29.36,33.46,74.0,41590-37617,440.4,126.94273,37.12888
다사5004,night,0.252084,0.36505,-0.1262,0.5513,-0.6775,mid,0.0,2,3,3,0.6992,1.926,198.0,370.0,0.0758,향남읍,-0.6775,-0.6775,0.40122,2,ADD_FREQ,31240140,읍,25.21,36.51,49.5,41590-36633,180.5,126.94266,37.13789
다사5005,night,0.237736,0.03784,-0.1831,-0.7136,0.5305,mid,0.0,4,2,1,0.172,0.0,282.0,389.0,0.2766,봉담읍,0.5305,0.5305,0.43084,3,NEW_STOP,31240120,읍,23.77,3.78,70.5,41590-55923,496.8,126.9426,37.14691
다사5006,night,0.128554,0.011,-0.6158,-0.8174,0.1377,mid,0.0,3,1,0,0.05,0.0,60.0,3.0,0.0833,봉담읍,0.1377,0.2016,0.24845,1,DRT,31240120,읍,12.86,1.1,15.0,41590-55923,725.8,126.94253,37.15592
다사5007,night,0.240425,0.124667,-0.1724,-0.378,0.2055,mid,0.0,3,2,2,0.05,0.782,314.0,52.0,0.1146,봉담읍,0.2055,0.2055,0.46155,3,DRT,31240120,읍,24.04,12.47,78.5,41590-36078,743.2,126.94247,37.16494
다사5008,night,0.373968,0.523366,0.3568,1.1633,-0.8064,ok,0.0,1,3,4,0.4938,7.231,192.0,833.0,0.1875,봉담읍,-0.8064,-0.8064,0.39242,2,NEW_STOP,31240120,읍,37.4,52.34,48.0,41590-37639,303.7,126.9424,37.17395
다사5009,night,0.470223,0.520726,0.7383,1.1531,-0.4147,ok,0.0,2,4,4,0.2895,9.206,505.0,1110.0,0.2535,봉담읍,-0.4147,-0.4147,0.52158,3,NEW_STOP,31240120,읍,47.02,52.07,126.2,41590-36091,426.3,126.94233,37.18296
다사5010,night,0.568577,0.707132,1.1281,1.8737,-0.7455,ok,0.0,1,4,4,0.5335,19.037,981.0,1398.0,0.2365,봉담읍,-0.7455,-0.7455,0.61603,4,ADD_FREQ,31240120,읍,56.86,70.71,245.2,41590-36097,279.9,126.94227,37.19198
다사5011,night,0.466324,0.772811,0.7229,2.1275,-1.4047,ok,0.0,0,4,4,0.7307,21.442,325.0,1247.0,0.2769,봉담읍,-1.4047,-1.4047,0.46204,3,ADD_FREQ,31240120,읍,46.63,77.28,81.2,41590-36729,161.6,126.9422,37.20099
다사5012,night,0.535805,0.684148,0.9982,1.7848,-0.7866,ok,0.0,1,4,4,0.4458,18.664,357.0,80.0,0.014,봉담읍,-0.7866,-0.7866,0.50136,3,NEW_STOP,31240120,읍,53.58,68.41,89.2,41590-36111,332.5,126.94214,37.21
다사5013,night,0.902056,0.87592,2.4498,2.5261,-0.0764,ok,0.0,3,4,4,0.436,58.28,6160.0,1131.0,0.1468,봉담읍,-0.0764,-0.0764,0.89705,4,NEW_STOP,31240120,읍,90.21,87.59,1540.0,41590-36119,338.4,126.94207,37.21902
다사5014,night,0.908705,0.918101,2.4761,2.6892,-0.2131,ok,0.0,3,4,4,0.922,36.919,8391.0,1888.0,0.0392,봉담읍,-0.2131,-0.2131,0.95034,4,ADD_FREQ,31240120,읍,90.87,91.81,2097.8,41590-55385,46.8,126.942,37.22803
다사5015,night,0.593642,0.755517,1.2275,2.0607,-0.8332,ok,0.0,1,4,4,0.9235,15.567,2062.0,81.0,0.0456,봉담읍,-0.8332,-0.8332,0.73927,4,ADD_FREQ,31240120,읍,59.36,75.55,515.5,41590-55789,45.9,126.94194,37.23705
다사5016,night,0.53147,0.630982,0.9811,1.5793,-0.5982,ok,0.0,2,4,4,0.7315,9.904,1192.0,631.0,0.2945,매송면,-0.5982,-0.5982,0.64202,4,ADD_FREQ,31240310,면,53.15,63.1,298.0,41590-37313,161.1,126.94187,37.24606
다사5017,night,0.10877,0.011,-0.6942,-0.8174,0.0755,mid,0.0,3,1,0,0.05,0.0,43.0,5.0,0.2326,매송면,0.0755,0.1232,0.21754,1,DRT,31240310,면,10.88,1.1,10.8,41590-37313,1155.3,126.9418,37.25507
다사5100,night,0.190353,0.03993,-0.3709,-0.7055,0.2951,drt,0.0,4,2,1,0.1815,0.0,161.0,55.0,0.3043,양감면,0.2951,0.3347,0.36966,2,NEW_STOP,31240420,면,19.04,3.99,40.2,41590-37507,491.1,126.95418,37.10189
다사5101,night,0.178574,0.238602,-0.4175,0.0625,-0.4061,mid,0.0,2,1,3,0.6482,0.629,131.0,415.0,0.2366,향남읍,-0.4061,-0.48,0.33848,2,ADD_FREQ,31240140,읍,17.86,23.86,32.8,41590-36631,211.1,126.95412,37.11091
다사5102,night,0.296887,0.243558,0.0514,0.0816,-0.0303,mid,0.0,3,3,3,0.7547,0.483,389.0,1728.0,0.1671,향남읍,-0.0303,-0.0303,0.49768,3,ADD_FREQ,31240140,읍,29.69,24.36,97.2,41590-37517,147.2,126.95405,37.11992
다사5103,night,0.39052,0.430172,0.4224,0.803,-0.3806,ok,0.0,2,3,4,0.4555,4.35,262.0,1605.0,0.0496,향남읍,-0.3806,-0.3806,0.43795,3,NEW_STOP,31240140,읍,39.05,43.02,65.5,41590-37323,326.7,126.95399,37.12893
다사5104,night,0.326583,0.153487,0.169,-0.2666,0.4356,mid,0.0,4,3,2,0.6695,0.032,362.0,1326.0,0.221,향남읍,0.4356,0.4356,0.48699,3,ADD_FREQ,31240140,읍,32.66,15.35,90.5,41590-37955,198.3,126.95392,37.13795
다사5105,night,0.215468,0.011,-0.2713,-0.8174,0.5219,mid,0.0,4,2,0,0.05,0.0,123.0,413.0,0.1057,정남면,0.5219,0.546,0.34498,2,DRT,31240430,면,21.55,1.1,30.8,41590-37652,583.0,126.95386,37.14696
다사5106,night,0.158996,0.011,-0.4951,-0.8174,0.2528,drt,0.0,4,1,0,0.05,0.0,109.0,344.0,0.4679,정남면,0.2528,0.3222,0.31799,1,DRT,31240430,면,15.9,1.1,27.2,41590-36739,918.3,126.95379,37.15597
다사5107,night,0.255275,0.107837,-0.1136,-0.443,0.3295,mid,0.0,4,3,2,0.4902,0.0,274.0,423.0,0.354,정남면,0.3295,0.3295,0.4403,3,NEW_STOP,31240430,면,25.53,10.78,68.5,41590-37643,305.9,126.95373,37.16499
다사5108,night,0.229807,0.06897,-0.2145,-0.5933,0.3775,mid,0.0,4,2,1,0.3135,0.0,164.0,680.0,0.122,정남면,0.3775,0.3788,0.3833,2,NEW_STOP,31240430,면,22.98,6.9,41.0,41590-37642,411.9,126.95366,37.174
다사5109,night,0.143881,0.011,-0.555,-0.8174,0.1928,mid,0.0,3,1,0,0.05,0.0,88.0,200.0,0.4091,정남면,0.1928,0.2623,0.28776,1,DRT,31240430,면,14.39,1.1,22.0,41590-37640,1079.9,126.9536,37.18302
다사5110,night,0.106069,0.050307,-0.7049,-0.6654,-0.0238,mid,0.0,3,1,1,0.2287,0.0,39.0,24.0,1.0,정남면,-0.0238,-0.0395,0.21214,1,NEW_STOP,31240430,면,10.61,5.03,9.8,41590-36097,462.8,126.95353,37.19203
다사5111,night,0.2217,0.011,-0.2466,-0.8174,0.5557,mid,0.0,4,2,0,0.05,0.0,302.0,171.0,0.4934,봉담읍,0.5557,0.5707,0.4434,3,DRT,31240120,읍,22.17,1.1,75.5,41590-36752,661.3,126.95347,37.20104
다사5112,night,0.523833,0.592161,0.9508,1.4292,-0.4784,ok,0.0,2,4,4,0.5807,9.596,803.0,1407.0,0.1793,봉담읍,-0.4784,-0.4784,0.60015,4,ADD_FREQ,31240120,읍,52.38,59.22,200.8,41590-36011,251.6,126.9534,37.21006
다사5113,night,1.0,0.979797,2.8379,2.9277,-0.0897,ok,0.0,3,4,4,0.9082,149.98,16292.0,4655.0,0.1226,봉담읍,-0.0897,-0.0897,1.0,4,ADD_FREQ,31240120,읍,100.0,97.98,4073.0,41590-37883,55.1,126.95334,37.21907
다사5114,night,0.888413,0.937887,2.3957,2.7657,-0.37,ok,0.0,2,4,4,0.7177,60.919,10332.0,1155.0,0.1165,봉담읍,-0.37,-0.37,0.97685,4,ADD_FREQ,31240120,읍,88.84,93.79,2583.0,41590-55338,169.4,126.95327,37.22808
다사5115,night,0.816871,0.882721,2.1122,2.5524,-0.4403,ok,0.0,2,4,4,0.8975,31.558,6338.0,680.0,0.1346,봉담읍,-0.4403,-0.4403,0.90128,4,ADD_FREQ,31240120,읍,81.69,88.27,1584.5,41590-37911,61.5,126.95321,37.2371
다사5116,night,0.596174,0.672808,1.2375,1.741,-0.5035,ok,0.0,2,4,4,0.6213,14.255,1461.0,614.0,0.2053,매송면,-0.5035,-0.5035,0.67588,4,ADD_FREQ,31240310,면,59.62,67.28,365.2,41590-37325,227.2,126.95314,37.24611
다사5200,night,0.223711,0.12419,-0.2387,-0.3798,0.1382,mid,0.0,3,2,2,0.5645,0.0,228.0,467.0,0.1711,양감면,0.1382,0.1412,0.42938,3,ADD_FREQ,31240420,면,22.37,12.42,57.0,41590-36429,261.3,126.96544,37.10194
다사5201,night,0.220598,0.19712,-0.251,-0.0979,-0.1486,mid,0.0,3,2,3,0.896,0.0,174.0,280.0,0.3161,향남읍,-0.1486,-0.1531,0.36602,2,ADD_FREQ,31240140,읍,22.06,19.71,43.5,41590-36467,62.4,126.96537,37.11096
다사5202,night,0.249883,0.140021,-0.1349,-0.3186,0.1837,mid,0.0,3,3,2,0.4383,0.248,243.0,543.0,0.1852,향남읍,0.1837,0.1837,0.43101,3,NEW_STOP,31240140,읍,24.99,14.0,60.8,41590-37376,337.0,126.96531,37.11997
다사5203,night,0.364154,0.539807,0.3179,1.2268,-0.9089,ok,0.0,1,3,4,0.7177,5.967,348.0,779.0,0.2356,향남읍,-0.9089,-0.9089,0.47343,3,ADD_FREQ,31240140,읍,36.42,53.98,87.0,41590-37330,169.4,126.96525,37.12898
다사5204,night,0.23741,0.039862,-0.1844,-0.7058,0.5214,mid,0.0,4,2,1,0.05,0.158,245.0,1174.0,0.0939,향남읍,0.5214,0.5214,0.43564,3,DRT,31240140,읍,23.74,3.99,61.2,41590-37266,757.8,126.96518,37.138
다사5205,night,0.227413,0.07898,-0.224,-0.5546,0.3273,mid,0.0,4,2,1,0.359,0.0,143.0,754.0,0.2098,정남면,0.3273,0.3306,0.35873,2,NEW_STOP,31240430,면,22.74,7.9,35.8,41590-37653,384.6,126.96512,37.14701
다사5206,night,0.380753,0.173617,0.3837,-0.1887,0.5725,mid,0.0,4,3,2,0.7892,0.0,525.0,1278.0,0.28,정남면,0.5725,0.5725,0.52768,3,ADD_FREQ,31240430,면,38.08,17.36,131.2,41590-36790,126.5,126.96506,37.15603
다사5207,night,0.266444,0.101457,-0.0693,-0.4677,0.3984,mid,0.0,4,3,2,0.4612,0.0,248.0,844.0,0.1573,정남면,0.3984,0.3984,0.43414,3,NEW_STOP,31240430,면,26.64,10.15,62.0,41590-37647,323.3,126.96499,37.16504
다사5208,night,0.184122,0.011,-0.3956,-0.8174,0.364,drt,0.0,4,2,0,0.05,0.0,166.0,346.0,0.2349,정남면,0.364,0.4218,0.36824,2,DRT,31240430,면,18.41,1.1,41.5,41590-37646,887.2,126.96493,37.17405
다사5209,night,0.209915,0.02013,-0.2933,-0.7821,0.4593,mid,0.0,4,2,1,0.0915,0.0,245.0,346.0,0.3143,정남면,0.4593,0.4887,0.41983,2,DRT,31240430,면,20.99,2.01,61.2,41590-55365,545.1,126.96487,37.18307
다사5210,night,0.185153,0.011,-0.3915,-0.8174,0.3689,drt,0.0,4,2,0,0.05,0.0,173.0,366.0,0.3584,정남면,0.3689,0.4259,0.37031,2,DRT,31240430,면,18.52,1.1,43.2,41590-36156,825.2,126.9648,37.19208
다사5211,night,0.227224,0.541903,-0.2247,1.2349,-1.4442,mid,0.0,0,2,4,0.6375,6.702,148.0,649.0,0.25,봉담읍,-1.4442,-1.4597,0.35381,2,ADD_FREQ,31240120,읍,22.72,54.19,37.0,41590-36751,217.5,126.96474,37.20109
다사5212,night,0.861498,0.756141,2.289,2.0631,0.2259,ok,0.0,3,4,4,0.2668,33.635,11350.0,1923.0,0.0985,봉담읍,0.2259,0.2259,0.99132,4,NEW_STOP,31240120,읍,86.15,75.61,2837.5,41590-37972,439.9,126.96467,37.21011
다사5213,night,0.925844,0.90551,2.544,2.6405,-0.0965,ok,0.0,3,4,4,0.5705,65.418,9762.0,2273.0,0.1347,봉담읍,-0.0965,-0.0965,0.96725,4,ADD_FREQ,31240120,읍,92.58,90.55,2440.5,41590-55916,257.7,126.96461,37.21912
다사5214,night,0.520657,0.64388,0.9382,1.6291,-0.6909,ok,0.0,2,4,4,0.1237,21.974,943.0,353.0,0.1697,봉담읍,-0.6909,-0.6909,0.61826,4,DRT,31240120,읍,52.07,64.39,235.8,41590-36159,525.8,126.96455,37.22814
다사5300,night,0.232462,0.077367,-0.204,-0.5608,0.3568,mid,0.0,4,2,1,0.3517,0.0,238.0,1753.0,0.042,양감면,0.3568,0.3568,0.43448,3,NEW_STOP,31240420,면,23.25,7.74,59.5,41590-36181,389.0,126.97669,37.10199
다사5301,night,0.261842,0.124997,-0.0875,-0.3767,0.2892,mid,0.0,4,3,2,0.5682,0.0,263.0,1444.0,0.1179,양감면,0.2892,0.2892,0.44965,3,ADD_FREQ,31240420,면,26.18,12.5,65.8,41590-36780,259.1,126.97663,37.11101
다사5302,night,0.241944,0.279795,-0.1664,0.2217,-0.3881,mid,0.0,2,2,3,0.1142,2.649,129.0,937.0,0.155,향남읍,-0.3881,-0.3881,0.35608,2,DRT,31240140,읍,24.19,27.98,32.2,41590-37334,531.5,126.97657,37.12002
다사5303,night,0.33044,0.396269,0.1843,0.672,-0.4876,mid,0.0,2,3,4,0.2272,4.813,375.0,1345.0,0.1333,향남읍,-0.4876,-0.4876,0.49362,3,NEW_STOP,31240140,읍,33.04,39.63,93.8,41590-37335,463.7,126.9765,37.12903
다사5304,night,0.271895,0.305006,-0.0477,0.3192,-0.3669,mid,0.0,2,3,3,0.844,0.834,270.0,1563.0,0.1815,향남읍,-0.3669,-0.3669,0.43941,3,ADD_FREQ,31240140,읍,27.19,30.5,67.5,41590-37336,93.6,126.97644,37.13805
다사5305,night,0.214654,0.027023,-0.2746,-0.7554,0.4585,mid,0.0,4,2,1,0.1228,0.0,138.0,657.0,0.3188,정남면,0.4585,0.4809,0.34931,2,DRT,31240430,면,21.47,2.7,34.5,41590-55068,526.3,126.97638,37.14706
다사5306,night,0.472747,0.209827,0.7483,-0.0488,0.7971,need,1.15341,5,4,3,0.2073,1.304,760.0,424.0,0.2303,정남면,0.7971,0.7971,0.58058,4,NEW_STOP,31240430,면,47.27,20.98,190.0,41590-55068,475.6,126.97632,37.15608
다사5307,night,0.492827,0.237093,0.8279,0.0566,0.7713,need,1.18333,5,4,3,0.6358,0.639,780.0,1623.0,0.2795,정남면,0.7713,0.7713,0.58174,4,ADD_FREQ,31240430,면,49.28,23.71,195.0,41590-36367,218.5,126.97626,37.16509
다사5308,night,0.242989,0.131616,-0.1623,-0.3511,0.1888,mid,0.0,3,2,2,0.3193,0.366,218.0,264.0,0.2844,정남면,0.1888,0.1888,0.40298,2,NEW_STOP,31240430,면,24.3,13.16,54.5,41590-37572,408.4,126.97619,37.1741
다사5309,night,0.21145,0.149527,-0.2872,-0.2819,-0.0051,mid,0.0,3,2,2,0.6797,0.0,163.0,783.0,0.3497,정남면,-0.0051,-0.0054,0.36093,2,ADD_FREQ,31240430,면,21.15,14.95,40.8,41590-55365,192.2,126.97613,37.18312
다사5310,night,0.590199,0.183972,1.2138,-0.1487,1.3625,need,1.79398,6,4,3,0.4542,0.533,1066.0,556.0,0.1276,정남면,1.3625,1.3625,0.64282,4,NEW_STOP,31240430,면,59.02,18.4,266.5,41590-36622,327.5,126.97607,37.19213
다사5311,night,0.494728,0.625299,0.8354,1.5573,-0.7219,ok,0.0,1,4,4,0.5378,12.155,1092.0,971.0,0.2161,봉담읍,-0.7219,-0.7219,0.63517,4,ADD_FREQ,31240120,읍,49.47,62.53,273.0,41590-36197,277.3,126.97601,37.20115
다사5312,night,0.956029,0.86833,2.6637,2.4968,0.1669,ok,0.0,3,4,4,0.4015,59.801,9062.0,3314.0,0.0976,봉담읍,0.1669,0.1669,0.96135,4,NEW_STOP,31240120,읍,95.6,86.83,2265.5,41590-55773,359.1,126.97594,37.21016
다사5313,night,1.0,0.969163,2.8379,2.8866,-0.0486,ok,0.0,3,4,4,0.8598,105.105,14905.0,3828.0,0.104,봉담읍,-0.0486,-0.0486,1.0,4,ADD_FREQ,31240120,읍,100.0,96.92,3726.2,41590-36195,84.1,126.97588,37.21917
다사5314,night,0.858276,0.85623,2.2763,2.45,-0.1738,ok,0.0,3,4,4,0.3465,59.867,7251.0,1931.0,0.1878,기배동,-0.1738,-0.1738,0.91969,4,NEW_STOP,31240560,동,85.83,85.62,1812.8,41590-36172,392.1,126.97582,37.22819
다사5400,night,0.274328,0.091703,-0.0381,-0.5054,0.4673,mid,0.0,4,3,2,0.4168,0.0,328.0,1112.0,0.1738,양감면,0.4673,0.4673,0.47446,3,NEW_STOP,31240420,면,27.43,9.17,82.0,41590-36241,349.9,126.98794,37.10204
다사5401,night,0.25274,0.129763,-0.1236,-0.3583,0.2347,mid,0.0,3,3,2,0.5898,0.0,274.0,914.0,0.1898,양감면,0.2347,0.2347,0.44213,3,ADD_FREQ,31240420,면,25.27,12.98,68.5,41590-36268,246.1,126.98788,37.11106
다사5402,night,0.349514,0.342859,0.2599,0.4655,-0.2056,mid,0.0,3,3,3,0.5392,2.126,324.0,885.0,0.2623,양감면,-0.2056,-0.2056,0.46609,3,ADD_FREQ,31240420,면,34.95,34.29,81.0,41590-37345,276.5,126.98782,37.12007
다사5403,night,0.309459,0.234748,0.1012,0.0476,0.0536,mid,0.0,3,3,3,0.1377,1.827,206.0,1338.0,0.2184,향남읍,0.0536,0.0536,0.40574,2,DRT,31240140,읍,30.95,23.47,51.5,41590-37343,517.4,126.98776,37.12908
다사5404,night,0.261239,0.165179,-0.0899,-0.2214,0.1314,mid,0.0,3,3,2,0.6953,0.064,392.0,1756.0,0.1531,정남면,0.1314,0.1314,0.49502,3,ADD_FREQ,31240430,면,26.12,16.52,98.0,41590-37483,182.8,126.9877,37.1381
다사5405,night,0.199397,0.1177,-0.335,-0.4049,0.0635,mid,0.0,3,2,2,0.535,0.0,164.0,655.0,0.1402,정남면,0.0635,0.0699,0.37335,2,ADD_FREQ,31240430,면,19.94,11.77,41.0,41590-37528,279.0,126.98764,37.14711
다사5406,night,0.40138,0.202882,0.4655,-0.0756,0.5411,mid,0.0,4,3,3,0.1547,1.359,357.0,771.0,0.3081,정남면,0.5411,0.5411,0.47414,3,NEW_STOP,31240430,면,40.14,20.29,89.2,41590-36225,507.2,126.98758,37.15613
다사5407,night,0.626803,0.33317,1.3589,0.428,0.9308,need,1.30047,5,4,3,0.348,2.685,2359.0,659.0,0.1162,정남면,0.9308,0.9308,0.75335,4,NEW_STOP,31240430,면,62.68,33.32,589.8,41590-36236,391.2,126.98752,37.16514
다사5408,night,0.437263,0.447995,0.6077,0.8719,-0.2642,ok,0.0,2,4,4,0.586,4.062,491.0,692.0,0.2709,정남면,-0.2642,-0.2642,0.51639,3,ADD_FREQ,31240430,면,43.73,44.8,122.8,41590-36259,248.4,126.98746,37.17415
다사5409,night,0.378462,0.308701,0.3747,0.3334,0.0412,mid,0.0,3,3,3,0.4065,2.048,333.0,1128.0,0.2012,정남면,0.0412,0.0412,0.46924,3,NEW_STOP,31240430,면,37.85,30.87,83.2,41590-36260,356.1,126.9874,37.18317
다사5410,night,0.457763,0.45408,0.6889,0.8954,-0.2065,ok,0.0,3,4,4,0.1527,7.476,763.0,1048.0,0.228,정남면,-0.2065,-0.2065,0.57924,4,NEW_STOP,31240430,면,45.78,45.41,190.8,41590-55454,508.4,126.98734,37.19218
다사5411,night,0.60983,0.823861,1.2916,2.3249,-1.0333,ok,0.0,1,4,4,0.4277,39.822,898.0,4382.0,0.2773,화산동,-1.0333,-1.0333,0.60622,4,NEW_STOP,31240570,동,60.98,82.39,224.5,41590-55164,343.4,126.98727,37.20119
다사5412,night,0.52433,0.821749,0.9528,2.3167,-1.364,ok,0.0,0,4,4,0.5767,33.188,657.0,1304.0,0.137,화산동,-1.364,-1.364,0.56761,4,ADD_FREQ,31240570,동,52.43,82.17,164.2,41590-55344,254.0,126.98721,37.21021
다사5413,night,0.682972,0.97492,1.5815,2.9088,-1.3273,ok,0.0,0,4,4,0.886,87.044,3720.0,838.0,0.1317,기배동,-1.3273,-1.3273,0.82253,4,ADD_FREQ,31240560,동,68.3,97.49,930.0,41590-55794,68.4,126.98715,37.21922
다사5414,night,0.431274,0.964397,0.584,2.8681,-2.2842,ok,0.0,0,4,4,0.8382,66.197,615.0,1580.0,0.4033,기배동,-2.2842,-2.2842,0.54411,3,ADD_FREQ,31240560,동,43.13,96.44,153.8,41590-55820,97.1,126.98709,37.22824
다사5501,night,0.017374,0.011,-1.0564,-0.8174,-0.0445,mid,0.0,3,0,0,0.05,0.0,5.0,3.0,1.0,양감면,-0.0445,-0.239,0.03475,0,DRT,31240420,면,1.74,1.1,1.2,41590-36271,805.6,126.99914,37.1111
다사5502,night,0.284765,0.304595,0.0033,0.3176,-0.3143,mid,0.0,2,3,3,0.4023,1.999,132.0,434.0,0.1591,양감면,-0.3143,-0.3143,0.35928,2,NEW_STOP,31240420,면,28.48,30.46,33.0,41590-36278,358.6,126.99908,37.12012
다사5503,night,0.14386,0.21184,-0.5551,-0.041,-0.3779,mid,0.0,2,1,3,0.7655,0.247,58.0,421.0,0.2586,정남면,-0.3779,-0.5141,0.25355,1,ADD_FREQ,31240430,면,14.39,21.18,14.5,41590-37351,140.7,126.99902,37.12913
다사5504,night,0.138599,0.011,-0.576,-0.8174,0.1732,mid,0.0,3,1,0,0.05,0.0,63.0,538.0,0.0794,정남면,0.1732,0.2414,0.2772,1,DRT,31240430,면,13.86,1.1,15.8,41590-37483,832.1,126.99896,37.13815
다사5505,night,0.077668,0.011,-0.8175,-0.8174,-0.0,mid,0.0,3,0,0,0.05,0.0,13.0,8.0,0.3846,정남면,-0.0,-0.0001,0.15534,0,DRT,31240430,면,7.77,1.1,3.2,41590-36486,871.1,126.9989,37.14716
다사5506,night,0.093946,0.011,-0.7529,-0.8174,0.0359,mid,0.0,3,0,0,0.05,0.0,23.0,11.0,0.2174,정남면,0.0359,0.0644,0.17535,0,DRT,31240430,면,9.39,1.1,5.8,41590-36286,678.3,126.99884,37.15617
다사5507,night,0.215401,0.122173,-0.2716,-0.3876,0.1109,mid,0.0,3,2,2,0.5553,0.0,94.0,604.0,0.3298,정남면,0.1109,0.116,0.30767,1,ADD_FREQ,31240430,면,21.54,12.22,23.5,41590-36485,266.8,126.99878,37.16519
다사5509,night,0.370177,0.493977,0.3418,1.0497,-0.7078,ok,0.0,1,3,4,0.7813,4.14,313.0,802.0,0.2396,정남면,-0.7078,-0.7078,0.45781,3,ADD_FREQ,31240430,면,37.02,49.4,78.2,41590-36277,131.2,126.99866,37.18322
다사5510,night,0.3364,0.348542,0.208,0.4875,-0.2795,mid,0.0,2,3,3,0.317,3.125,303.0,2282.0,0.2937,화산동,-0.2795,-0.2795,0.44759,3,NEW_STOP,31240570,동,33.64,34.85,75.8,41590-55169,409.8,126.9986,37.19223
다사5511,night,0.63541,0.611628,1.393,1.5045,-0.1115,ok,0.0,3,4,4,0.4405,12.683,2501.0,1415.0,0.1383,화산동,-0.1115,-0.1115,0.76384,4,NEW_STOP,31240570,동,63.54,61.16,625.2,41590-36999,335.7,126.99854,37.20124
다사5512,night,0.65112,0.379537,1.4553,0.6073,0.848,need,1.08519,5,4,3,0.4812,3.019,2671.0,753.0,0.0464,화산동,0.848,0.848,0.77699,4,NEW_STOP,31240570,동,65.11,37.95,667.8,41590-36281,311.3,126.99848,37.21026
다사5513,night,0.206475,0.011,-0.307,-0.8174,0.4745,mid,0.0,4,2,0,0.05,0.0,213.0,1351.0,0.3615,기배동,0.4745,0.5104,0.41295,2,DRT,31240560,동,20.65,1.1,53.2,41590-55795,813.0,126.99842,37.21927
다사5603,night,0.223874,0.31751,-0.238,0.3675,-0.5933,mid,0.0,2,2,3,0.6313,1.479,307.0,595.0,0.3257,정남면,-0.5933,-0.6055,0.44775,3,ADD_FREQ,31240430,면,22.39,31.75,76.8,41590-37917,221.2,127.01028,37.12918
다사5604,night,0.253697,0.011,-0.1198,-0.8174,0.6975,mid,0.0,4,3,0,0.05,0.0,212.0,363.0,0.2547,정남면,0.6975,0.6975,0.40894,2,DRT,31240430,면,25.37,1.1,53.0,41590-36310,600.0,127.01022,37.13819
다사5605,night,0.337178,0.145053,0.211,-0.2992,0.5102,mid,0.0,4,3,2,0.6593,0.0,300.0,737.0,0.2067,정남면,0.5102,0.5102,0.45802,3,ADD_FREQ,31240430,면,33.72,14.51,75.0,41590-36306,204.4,127.01016,37.14721
다사5606,night,0.235216,0.0495,-0.1931,-0.6685,0.4755,mid,0.0,4,2,1,0.225,0.0,244.0,724.0,0.2951,정남면,0.4755,0.4755,0.42212,3,NEW_STOP,31240430,면,23.52,4.95,61.0,41590-36297,465.0,127.0101,37.15622
다사5607,night,0.285825,0.13816,0.0075,-0.3258,0.3333,mid,0.0,4,3,2,0.628,0.0,370.0,978.0,0.2838,정남면,0.3333,0.3333,0.48292,3,ADD_FREQ,31240430,면,28.58,13.82,92.5,41590-36299,223.2,127.01004,37.16523
다사5611,night,0.805258,0.744947,2.0661,2.0198,0.0463,ok,0.0,3,4,4,0.8007,17.012,5822.0,952.0,0.1371,화산동,0.0463,0.0463,0.88806,4,ADD_FREQ,31240570,동,80.53,74.49,1455.5,41590-36305,119.6,127.00981,37.20129
다사5612,night,0.841901,0.602614,2.2114,1.4696,0.7417,ok,0.0,5,4,4,0.8847,6.954,6872.0,1330.0,0.1509,화산동,0.7417,0.7417,0.91271,4,ADD_FREQ,31240570,동,84.19,60.26,1718.0,41590-36301,69.2,127.00975,37.2103
다사5613,night,0.201066,0.106071,-0.3284,-0.4499,0.111,mid,0.0,3,2,2,0.113,0.511,138.0,144.0,0.3986,화산동,0.111,0.1214,0.34068,2,DRT,31240570,동,20.11,10.61,34.5,41590-36323,532.2,127.00969,37.21932
다사5704,night,0.368973,0.277251,0.337,0.2119,0.1252,mid,0.0,3,3,3,0.6363,1.009,704.0,1772.0,0.206,정남면,0.1252,0.1252,0.57362,4,ADD_FREQ,31240430,면,36.9,27.73,176.0,41590-36329,218.2,127.02148,37.13824
다사5705,night,0.185165,0.011,-0.3914,-0.8174,0.3689,drt,0.0,4,2,0,0.05,0.0,145.0,1423.0,0.2828,정남면,0.3689,0.4259,0.36496,2,DRT,31240430,면,18.52,1.1,36.2,41590-36334,760.6,127.02142,37.14725
다사5706,night,0.255624,0.011,-0.1122,-0.8174,0.7052,mid,0.0,5,3,0,0.05,0.0,360.0,933.0,0.2778,정남면,0.7052,0.7052,0.47649,3,DRT,31240430,면,25.56,1.1,90.0,41590-36331,628.2,127.02136,37.15627
다사5707,night,0.431568,0.08602,0.5851,-0.5274,1.1125,need,1.49746,5,4,2,0.391,0.0,2739.0,691.0,0.0796,정남면,1.1125,1.1125,0.77858,4,NEW_STOP,31240430,면,43.16,8.6,684.8,41590-36270,365.4,127.02131,37.16528
다사5711,night,0.8006,0.639554,2.0477,1.6124,0.4353,ok,0.0,4,4,4,0.637,11.659,5946.0,360.0,0.1189,화산동,0.4353,0.4353,0.892,4,ADD_FREQ,31240570,동,80.06,63.96,1486.5,41590-55415,217.8,127.02108,37.20134
다사5712,night,0.658092,0.412927,1.4829,0.7364,0.7465,ok,0.0,5,4,4,0.1087,6.223,2769.0,605.0,0.2113,화산동,0.7465,0.7465,0.77236,4,DRT,31240570,동,65.81,41.29,692.2,41590-36328,534.8,127.02102,37.21035
다사5713,night,0.321832,0.53438,0.1502,1.2058,-1.0556,mid,0.0,1,3,4,0.7123,5.818,364.0,1128.0,0.3984,화산동,-1.0556,-1.0556,0.4699,3,ADD_FREQ,31240570,동,32.18,53.44,91.0,41590-36322,172.6,127.02097,37.21936
다사5804,night,0.529242,0.302233,0.9722,0.3084,0.6638,mid,0.0,4,4,3,0.7477,1.014,1037.0,2529.0,0.1389,정남면,0.6638,0.6638,0.63355,4,ADD_FREQ,31240430,면,52.92,30.22,259.2,41590-36481,151.4,127.03274,37.13828
다사5811,night,0.979482,0.848645,2.7566,2.4207,0.3359,ok,0.0,4,4,4,0.8148,29.032,10073.0,2725.0,0.0753,병점1동,0.3359,0.3359,0.97619,4,ADD_FREQ,31240530,동,97.95,84.86,2518.2,41590-36679,111.1,127.03235,37.20138
다사5812,night,0.975875,0.989917,2.7423,2.9668,-0.2245,ok,0.0,3,4,4,0.9542,51.694,8524.0,6429.0,0.1273,진안동,-0.2245,-0.2245,0.95175,4,ADD_FREQ,31240520,동,97.59,98.99,2131.0,41590-36340,27.5,127.03229,37.21039
다사5813,night,0.667313,0.611556,1.5194,1.5042,0.0152,ok,0.0,3,4,4,0.48,12.087,4633.0,976.0,0.0814,진안동,0.0152,0.0152,0.85929,4,NEW_STOP,31240520,동,66.73,61.16,1158.2,41590-55573,312.0,127.03224,37.21941
다사5814,night,0.373361,0.514827,0.3544,1.1303,-0.7758,ok,0.0,1,3,4,0.6938,5.302,482.0,1183.0,0.3527,진안동,-0.7758,-0.7758,0.5097,3,ADD_FREQ,31240520,동,37.34,51.48,120.5,41590-55029,183.7,127.03218,37.22842
다사5911,night,0.997098,0.97004,2.8264,2.89,-0.0635,ok,0.0,3,4,4,0.879,50.807,19592.0,2064.0,0.1282,진안동,-0.0635,-0.0635,1.0,4,ADD_FREQ,31240520,동,99.71,97.0,4898.0,41590-55295,72.6,127.04362,37.20143
다사5912,night,1.0,0.969237,2.8379,2.8869,-0.0489,ok,0.0,3,4,4,0.8602,64.943,25931.0,8904.0,0.1164,병점2동,-0.0489,-0.0489,1.0,4,ADD_FREQ,31240540,동,100.0,96.92,6482.8,41590-55234,83.9,127.04356,37.21044
다사5913,night,0.965924,0.730895,2.7029,1.9655,0.7374,ok,0.0,5,4,4,0.4468,23.91,12437.0,3544.0,0.1297,진안동,0.7374,0.7374,1.0,4,NEW_STOP,31240520,동,96.59,73.09,3109.2,41590-37983,331.9,127.04351,37.21945
다사5914,night,0.781361,0.165901,1.9714,-0.2186,2.19,need,3.16829,6,4,2,0.6068,0.179,4040.0,1522.0,0.1069,진안동,2.19,2.19,0.83462,4,ADD_FREQ,31240520,동,78.14,16.59,1010.0,41590-36754,235.9,127.04345,37.22847
다사5915,night,0.5,0.197111,0.8563,-0.0979,0.9543,need,1.37831,5,4,3,0.8132,0.097,15890.0,2177.0,0.0437,진안동,0.9543,0.9543,1.0,4,ADD_FREQ,31240520,동,50.0,19.71,3972.5,41590-36418,112.1,127.0434,37.23748
다사6011,night,0.9509,0.838553,2.6433,2.3817,0.2617,ok,0.0,4,4,4,0.9235,24.266,19045.0,3136.0,0.0705,동탄3동,0.2617,0.2617,1.0,4,ADD_FREQ,31240620,동,95.09,83.86,4761.2,41590-37720,45.9,127.05488,37.20147
다사6012,night,1.0,0.929247,2.8379,2.7323,0.1057,ok,0.0,3,4,4,0.7847,45.79,19701.0,3205.0,0.0994,동탄3동,0.1057,0.1057,1.0,4,ADD_FREQ,31240620,동,100.0,92.92,4925.2,41590-55020,129.2,127.05483,37.21048
다사6013,night,1.0,0.918673,2.8379,2.6914,0.1465,ok,0.0,3,4,4,0.6303,84.877,20162.0,4099.0,0.0617,진안동,0.1465,0.1465,1.0,4,ADD_FREQ,31240520,동,100.0,91.87,5040.5,41590-37574,221.8,127.05478,37.2195
다사6014,night,0.784862,0.776091,1.9853,2.1402,-0.1549,ok,0.0,3,4,4,0.5705,26.295,7221.0,3865.0,0.0836,반월동,-0.1549,-0.1549,0.92469,4,ADD_FREQ,31240550,동,78.49,77.61,1805.2,41590-36484,257.7,127.05473,37.22851
다사6110,night,1.0,0.939097,2.8379,2.7703,0.0676,ok,0.0,3,4,4,0.829,45.813,14415.0,1939.0,0.1314,동탄2동,0.0676,0.0676,1.0,4,ADD_FREQ,31240600,동,100.0,93.91,3603.8,41590-37699,102.6,127.0662,37.1925
다사6111,night,1.0,0.949657,2.8379,2.8112,0.0268,ok,0.0,3,4,4,0.7712,121.894,21450.0,4476.0,0.0625,동탄1동,0.0268,0.0268,1.0,4,ADD_FREQ,31240610,동,100.0,94.97,5362.5,41590-37588,137.3,127.06615,37.20151
다사6112,night,1.0,0.938363,2.8379,2.7675,0.0704,ok,0.0,3,4,4,0.7198,101.231,11836.0,3878.0,0.0967,동탄1동,0.0704,0.0704,1.0,4,ADD_FREQ,31240610,동,100.0,93.84,2959.0,41590-36960,168.1,127.0661,37.21052
다사6113,night,0.677219,0.708622,1.5587,1.8794,-0.3207,ok,0.0,2,4,4,0.1163,31.189,721.0,5390.0,0.2039,반월동,-0.3207,-0.3207,0.57306,4,DRT,31240550,동,67.72,70.86,180.2,41590-55442,530.2,127.06605,37.21954
다사6114,night,0.992469,0.96018,2.8081,2.8518,-0.0438,ok,0.0,3,4,4,0.819,119.134,10797.0,59383.0,0.0807,반월동,-0.0438,-0.0438,0.98494,4,ADD_FREQ,31240550,동,99.25,96.02,2699.2,41590-37592,108.6,127.066,37.22855
다사6115,night,1.0,0.965533,2.8379,2.8725,-0.0346,ok,0.0,3,4,4,0.8433,53.503,22934.0,3896.0,0.1128,반월동,-0.0346,-0.0346,1.0,4,ADD_FREQ,31240550,동,100.0,96.55,5733.5,41590-36615,94.0,127.06595,37.23757
다사6207,night,0.441236,0.15752,0.6234,-0.251,0.8744,need,1.24584,5,4,2,0.716,0.0,2074.0,761.0,0.1398,동탄6동,0.8744,0.8744,0.73461,4,ADD_FREQ,31240700,동,44.12,15.75,518.5,41590-55459,170.4,127.07762,37.16549
다사6208,night,0.248904,0.13893,-0.1388,-0.3228,0.184,mid,0.0,3,3,2,0.6315,0.0,228.0,697.0,0.3509,동탄6동,0.184,0.184,0.40216,2,ADD_FREQ,31240700,동,24.89,13.89,57.0,41590-36424,221.1,127.07757,37.17451
다사6209,night,0.61718,0.873372,1.3207,2.5163,-1.1955,ok,0.0,1,4,4,0.922,29.208,1508.0,2891.0,0.0995,동탄6동,-1.1955,-1.1955,0.69247,4,ADD_FREQ,31240700,동,61.72,87.34,377.0,41590-36412,46.8,127.07752,37.18352
다사6210,night,1.0,0.972317,2.8379,2.8988,-0.0608,ok,0.0,3,4,4,0.8742,85.633,16916.0,4792.0,0.0632,동탄2동,-0.0608,-0.0608,1.0,4,ADD_FREQ,31240600,동,100.0,97.23,4229.0,41590-37669,75.5,127.07747,37.19254
다사6211,night,0.966133,0.648508,2.7037,1.647,1.0567,need,1.52003,5,4,4,0.4602,15.145,7429.0,8499.0,0.0664,동탄1동,1.0567,1.0567,0.93227,4,NEW_STOP,31240610,동,96.61,64.85,1857.2,41590-55724,323.9,127.07742,37.20155
다사6212,night,1.0,0.991017,2.8379,2.9711,-0.1331,ok,0.0,3,4,4,0.9592,121.304,13931.0,4049.0,0.0576,동탄1동,-0.1331,-0.1331,1.0,4,ADD_FREQ,31240610,동,100.0,99.1,3482.8,41590-37758,24.5,127.07737,37.21056
다사6213,night,0.865342,0.802592,2.3043,2.2427,0.0616,ok,0.0,3,4,4,0.5767,30.016,1825.0,9918.0,0.0312,동탄1동,0.0616,0.0616,0.73068,4,ADD_FREQ,31240610,동,86.53,80.26,456.2,41590-36414,254.0,127.07732,37.21958
다사6307,night,0.677822,0.43321,1.5611,0.8148,0.7463,mid,0.0,5,4,4,0.8263,2.589,2005.0,6769.0,0.0758,동탄6동,0.7463,0.7463,0.7356,4,ADD_FREQ,31240700,동,67.78,43.32,501.2,41590-55092,104.2,127.08889,37.16553
다사6308,night,0.513363,0.372306,0.9093,0.5793,0.33,mid,0.0,4,4,3,0.6837,2.089,182.0,6467.0,0.0275,동탄6동,0.33,0.33,0.40174,2,ADD_FREQ,31240700,동,51.34,37.23,45.5,41590-55103,189.8,127.08884,37.17455
다사6309,night,0.824551,0.411365,2.1426,0.7303,1.4123,need,1.92942,6,4,4,0.3842,4.266,5050.0,2978.0,0.0531,동탄6동,1.4123,1.4123,0.87462,4,NEW_STOP,31240700,동,82.46,41.14,1262.5,41590-36704,369.5,127.08879,37.18356
다사6310,night,0.857106,0.534932,2.2716,1.208,1.0636,need,1.51736,5,4,4,0.7702,5.409,9365.0,1250.0,0.0479,동탄6동,1.0636,1.0636,0.96475,4,ADD_FREQ,31240700,동,85.71,53.49,2341.2,41590-55761,137.9,127.08874,37.19258
다사6311,night,0.897582,0.456587,2.432,0.9051,1.5269,need,2.14275,6,4,4,0.4317,5.284,8976.0,3032.0,0.0392,동탄6동,1.5269,1.5269,0.96099,4,NEW_STOP,31240700,동,89.76,45.66,2244.0,41590-37134,341.0,127.08869,37.20159
다사6312,night,0.921019,0.8752,2.5249,2.5233,0.0016,ok,0.0,3,4,4,0.7172,37.338,4060.0,13906.0,0.0438,동탄5동,0.0016,0.0016,0.84204,4,ADD_FREQ,31240650,동,92.1,87.52,1015.0,41590-55937,169.7,127.08864,37.2106
다사6406,night,0.666282,0.924141,1.5153,2.7125,-1.1972,ok,0.0,1,4,4,0.7507,46.358,1151.0,1668.0,0.1025,동탄8동,-1.1972,-1.1972,0.64882,4,ADD_FREQ,31240710,동,66.63,92.41,287.8,41590-55519,149.6,127.1002,37.15656
다사6407,night,0.974441,0.865644,2.7366,2.4864,0.2502,ok,0.0,4,4,4,0.8108,31.889,12808.0,2484.0,0.041,동탄7동,0.2502,0.2502,1.0,4,ADD_FREQ,31240691,동,97.44,86.56,3202.0,41590-55592,113.5,127.10015,37.16557
다사6408,night,0.931133,0.716714,2.565,1.9107,0.6543,ok,0.0,4,4,4,0.5965,18.606,9072.0,1936.0,0.0592,동탄7동,0.6543,0.6543,0.96008,4,ADD_FREQ,31240691,동,93.11,71.67,2268.0,41590-55475,242.1,127.1001,37.17459
다사6409,night,0.764709,0.843446,1.9054,2.4006,-0.4952,ok,0.0,2,4,4,0.5507,38.3,2132.0,628.0,0.0905,동탄6동,-0.4952,-0.4952,0.74208,4,ADD_FREQ,31240700,동,76.47,84.34,533.0,41590-36487,269.6,127.10005,37.1836
다사6410,night,0.965904,0.955817,2.7028,2.835,-0.1322,ok,0.0,3,4,4,0.7992,56.205,7519.0,1837.0,0.0464,동탄4동,-0.1322,-0.1322,0.93181,4,ADD_FREQ,31240640,동,96.59,95.58,1879.8,41590-36384,120.5,127.10001,37.19261
다사6411,night,1.0,0.92388,2.8379,2.7115,0.1264,ok,0.0,3,4,4,0.654,57.699,20510.0,6414.0,0.0348,동탄4동,0.1264,0.1264,1.0,4,ADD_FREQ,31240640,동,100.0,92.39,5127.5,41590-36447,207.6,127.09996,37.20163
다사6412,night,0.978509,0.963517,2.7528,2.8647,-0.112,ok,0.0,3,4,4,0.8342,54.938,8765.0,19251.0,0.0609,동탄5동,-0.112,-0.112,0.95702,4,ADD_FREQ,31240650,동,97.85,96.35,2191.2,41590-55852,99.5,127.09991,37.21064
다사6505,night,0.017374,0.011,-1.0564,-0.8174,-0.0445,mid,0.0,3,0,0,0.05,0.0,8.0,0.0,0.0,동탄8동,-0.0445,-0.239,0.03475,0,DRT,31240710,동,1.74,1.1,2.0,41590-36944,936.4,127.1115,37.14758
다사6506,night,0.811056,0.825508,2.0891,2.3313,-0.2421,ok,0.0,3,4,4,0.9548,21.831,7097.0,1431.0,0.0666,동탄8동,-0.2421,-0.2421,0.92301,4,ADD_FREQ,31240710,동,81.11,82.55,1774.2,41590-55684,27.1,127.11146,37.1566
다사6507,night,1.0,0.930113,2.8379,2.7356,0.1023,ok,0.0,3,4,4,0.6823,71.882,18345.0,3588.0,0.0524,동탄8동,0.1023,0.1023,1.0,4,ADD_FREQ,31240710,동,100.0,93.01,4586.2,41590-55505,190.6,127.11141,37.16561
다사6508,night,1.0,0.765829,2.8379,2.1006,0.7374,ok,0.0,5,4,4,0.5553,25.351,16539.0,2998.0,0.0515,동탄7동,0.7374,0.7374,1.0,4,ADD_FREQ,31240691,동,100.0,76.58,4134.8,41590-55569,266.8,127.11137,37.17462
다사6509,night,0.775337,0.414447,1.9475,0.7422,1.2053,need,1.75558,6,4,4,0.8922,2.031,7770.0,865.0,0.0725,동탄6동,1.2053,1.2053,0.93519,4,ADD_FREQ,31240700,동,77.53,41.44,1942.5,41590-55510,64.7,127.11132,37.18364
다사6510,night,0.752003,0.407684,1.8551,0.7161,1.139,need,1.6214,5,4,4,0.2167,5.233,6898.0,570.0,0.0634,동탄4동,1.139,1.139,0.91773,4,NEW_STOP,31240640,동,75.2,40.77,1724.5,41590-55297,470.0,127.11127,37.19265
다사6511,night,1.0,0.937263,2.8379,2.7633,0.0747,ok,0.0,3,4,4,0.7148,59.513,19594.0,4060.0,0.0341,동탄4동,0.0747,0.0747,1.0,4,ADD_FREQ,31240640,동,100.0,93.73,4898.5,41590-36811,171.1,127.11123,37.20167
다사6512,night,1.0,0.874477,2.8379,2.5206,0.3174,ok,0.0,4,4,4,0.8685,31.251,13038.0,3667.0,0.0756,동탄5동,0.3174,0.3174,1.0,4,ADD_FREQ,31240650,동,100.0,87.45,3259.5,41590-55607,78.9,127.11118,37.21068
다사6605,night,0.108841,0.031,-0.6939,-0.7401,0.0283,mid,0.0,3,1,1,0.05,0.107,28.0,551.0,0.8214,동탄8동,0.0283,0.0461,0.18487,0,DRT,31240710,동,10.88,3.1,7.0,41590-36945,579.6,127.12276,37.14762
다사6606,night,0.6149,0.390389,1.3117,0.6492,0.6625,mid,0.0,4,4,3,0.429,3.502,1931.0,569.0,0.1243,동탄8동,0.6625,0.6625,0.72385,4,NEW_STOP,31240710,동,61.49,39.04,482.8,41590-37403,342.6,127.12272,37.15663
다사6607,night,0.969391,0.697577,2.7166,1.8367,0.8799,need,1.34137,5,4,4,0.711,14.651,10649.0,1294.0,0.0867,동탄7동,0.8799,0.8799,0.98422,4,ADD_FREQ,31240691,동,96.94,69.76,2662.2,41590-55730,173.4,127.12267,37.16565
다사6608,night,0.953805,0.723287,2.6549,1.9361,0.7187,ok,0.0,5,4,4,0.7812,15.49,8562.0,4542.0,0.0638,동탄7동,0.7187,0.7187,0.95374,4,ADD_FREQ,31240691,동,95.38,72.33,2140.5,41590-55800,131.3,127.12263,37.17466
다사6609,night,1.0,0.934862,2.8379,2.754,0.084,ok,0.0,3,4,4,0.7867,47.037,18068.0,3111.0,0.0589,동탄9동,0.084,0.084,1.0,4,ADD_FREQ,31240720,동,100.0,93.49,4517.0,41590-55490,128.0,127.12259,37.18367
다사6610,night,0.982925,0.794139,2.7703,2.21,0.5603,ok,0.0,4,4,4,0.6247,27.159,13095.0,1041.0,0.0578,동탄9동,0.5603,0.5603,1.0,4,ADD_FREQ,31240720,동,98.29,79.41,3273.8,41590-36693,225.2,127.12254,37.19269
다사6611,night,0.934279,0.764524,2.5775,2.0955,0.482,ok,0.0,4,4,4,0.8463,17.906,10119.0,894.0,0.0838,동탄4동,0.482,0.482,0.97605,4,ADD_FREQ,31240640,동,93.43,76.45,2529.8,41590-55301,92.2,127.1225,37.2017
다사6612,night,0.657848,0.52621,1.4819,1.1743,0.3077,ok,0.0,4,4,4,0.4673,7.602,5512.0,265.0,0.1069,동탄5동,0.3077,0.3077,0.88257,4,NEW_STOP,31240650,동,65.78,52.62,1378.0,41590-55584,319.6,127.12245,37.21072
다사6707,night,0.663123,0.048504,1.5028,-0.6724,2.1752,need,3.10537,6,4,1,0.05,0.21,6021.0,417.0,0.0732,동탄7동,2.1752,2.1752,0.89669,4,DRT,31240691,동,66.31,4.85,1505.2,41590-55750,588.1,127.13394,37.16568
다사6708,night,0.761005,0.231769,1.8907,0.0361,1.8547,need,2.49922,6,4,3,0.712,0.465,6700.0,968.0,0.0282,동탄9동,1.8547,1.8547,0.91555,4,ADD_FREQ,31240720,동,76.1,23.18,1675.0,41590-55816,172.8,127.13389,37.1747
다사6709,night,0.553244,0.323474,1.0673,0.3906,0.6768,mid,0.0,4,4,3,0.8653,0.967,594.0,72.0,0.0875,동탄9동,0.6768,0.6768,0.5531,3,ADD_FREQ,31240720,동,55.32,32.35,148.5,41590-55914,80.8,127.13385,37.18371
다사6710,night,0.569204,0.123893,1.1306,-0.381,1.5116,need,1.93999,6,4,2,0.05,0.775,2891.0,319.0,0.0436,동탄9동,1.5116,1.5116,0.78948,4,DRT,31240720,동,56.92,12.39,722.8,41590-55555,714.4,127.13381,37.19272
다사6711,night,0.238123,0.400753,-0.1815,0.6893,-0.8708,mid,0.0,1,2,4,0.7375,2.361,164.0,192.0,0.2073,동탄5동,-0.8708,-0.8708,0.37158,2,ADD_FREQ,31240650,동,23.81,40.08,41.0,41590-36504,157.5,127.13376,37.20174
다사6712,night,0.057815,0.089061,-0.8961,-0.5156,-0.1547,mid,0.0,3,0,2,0.05,0.487,13.0,3.0,0.7692,동탄5동,-0.1547,-0.3805,0.10719,0,DRT,31240650,동,5.78,8.91,3.2,41590-55902,634.8,127.13372,37.21075
다사6808,night,0.58715,0.226078,1.2017,0.0141,1.1877,need,1.41845,5,4,3,0.6997,0.443,822.0,41.0,0.0754,동탄9동,1.1877,1.1877,0.6103,4,ADD_FREQ,31240720,동,58.71,22.61,205.5,41590-55934,180.2,127.14516,37.17473
다사6809,night,0.51959,0.096392,0.934,-0.4873,1.4212,need,1.95188,6,4,2,0.3827,0.064,2127.0,94.0,0.1105,동탄9동,1.4212,1.4212,0.74766,4,NEW_STOP,31240720,동,51.96,9.64,531.8,41590-55817,370.4,127.14512,37.18374
다사6810,night,0.338952,0.09284,0.2181,-0.501,0.7191,mid,0.0,5,3,2,0.422,0.0,284.0,225.0,0.0915,동탄9동,0.7191,0.7191,0.46001,3,NEW_STOP,31240720,동,33.9,9.28,71.0,41590-36505,346.8,127.14507,37.19276
다사6811,night,0.171572,0.055374,-0.4453,-0.6458,0.1653,drt,0.0,3,1,1,0.05,0.253,78.0,58.0,0.3333,동탄5동,0.1653,0.2005,0.29722,1,DRT,31240650,동,17.16,5.54,19.5,41590-36505,665.1,127.14503,37.20177
다사6812,night,0.089065,0.011,-0.7723,-0.8174,0.0243,mid,0.0,3,0,0,0.05,0.0,23.0,12.0,0.2174,동탄5동,0.0243,0.0451,0.17813,0,DRT,31240650,동,8.91,1.1,5.8,41590-36505,860.8,127.14499,37.21079
다사6909,night,0.0,0.011,-1.1253,-0.8174,-0.0,mid,0.0,3,0,0,0.05,0.0,0.0,0.0,0.0,동탄9동,-0.0,-0.3079,0.0,0,DRT,31240720,동,0.0,1.1,0.0,41590-55934,1239.6,127.15638,37.18378
다사6910,night,0.0,0.011,-1.1253,-0.8174,-0.0,mid,0.0,3,0,0,0.05,0.0,0.0,0.0,0.0,동탄9동,-0.0,-0.3079,0.0,0,DRT,31240720,동,0.0,1.1,0.0,41590-55934,1312.7,127.15634,37.19279
