grid_id,period,D,S,zD,zS,mi,quadrant,priority,bin_mi,bin_demand,bin_supply,coverage,freq,pop,workers,elderly_ratio,region,mi_raw,mi_naive,nf,bin_flow,action,region_code,region_kind,d_score,s_score,flow_trips_per_day,nearest_stop_id,nearest_stop_m,lon,lat
다바1595,am,0.0,0.011,-1.2137,-1.214,0.0,mid,0.0,3,0,0,0.05,0.0,0.0,0.0,0.0,우정읍,0.0,0.0003,0.0,0,DRT,31240130,읍,0.0,1.1,0.0,41590-60113,13496.1,126.54964,37.05427
다바3297,am,0.006021,0.054074,-1.1902,-1.065,-0.0105,mid,0.0,3,0,1,0.05,0.309,0.0,0.0,0.0,우정읍,-0.0105,-0.1252,0.0,0,DRT,31240130,읍,0.6,5.41,0.0,41590-36991,664.2,126.74064,37.07367
다바3298,am,0.0,0.011,-1.2137,-1.214,0.0,mid,0.0,3,0,0,0.05,0.0,0.0,0.0,0.0,우정읍,0.0,0.0003,0.0,0,DRT,31240130,읍,0.0,1.1,0.0,41590-36991,1144.8,126.74055,37.08269
다바3299,am,0.0,0.011,-1.2137,-1.214,0.0,mid,0.0,3,0,0,0.05,0.0,0.0,0.0,0.0,우정읍,0.0,0.0003,0.0,0,DRT,31240130,읍,0.0,1.1,0.0,41590-36991,2044.1,126.74046,37.0917
다바3393,am,0.331459,0.612507,0.0785,0.866,-0.7875,mid,0.0,1,3,3,0.653,17.743,326.0,151.0,0.4387,우정읍,-0.7875,-0.7875,0.49114,3,ADD_FREQ,31240130,읍,33.15,61.25,81.5,41590-36589,208.2,126.75224,37.03769
다바3394,am,0.091283,0.274646,-0.8578,-0.3023,-0.2732,mid,0.0,2,0,2,0.05,4.197,13.0,3.0,0.3846,우정읍,-0.2732,-0.5555,0.11609,0,DRT,31240130,읍,9.13,27.46,3.2,41590-37476,629.7,126.75216,37.04671
다바3396,am,0.0,0.011,-1.2137,-1.214,0.0,mid,0.0,3,0,0,0.05,0.0,0.0,0.0,0.0,우정읍,0.0,0.0003,0.0,0,DRT,31240130,읍,0.0,1.1,0.0,41590-37518,1160.2,126.75198,37.06473
다바3397,am,0.0,0.011,-1.2137,-1.214,0.0,mid,0.0,3,0,0,0.05,0.0,0.0,0.0,0.0,우정읍,0.0,0.0003,0.0,0,DRT,31240130,읍,0.0,1.1,0.0,41590-36991,1662.2,126.75189,37.07375
다바3398,am,0.0,0.011,-1.2137,-1.214,0.0,mid,0.0,3,0,0,0.05,0.0,0.0,0.0,0.0,우정읍,0.0,0.0003,0.0,0,DRT,31240130,읍,0.0,1.1,0.0,41590-37448,1802.9,126.7518,37.08276
다바3399,am,0.0,0.011,-1.2137,-1.214,0.0,mid,0.0,3,0,0,0.05,0.0,0.0,0.0,0.0,우정읍,0.0,0.0003,0.0,0,DRT,31240130,읍,0.0,1.1,0.0,41590-37485,1856.6,126.75171,37.09177
다바3493,am,0.277146,0.338058,-0.1332,-0.083,-0.0502,mid,0.0,3,2,2,0.633,2.465,317.0,68.0,0.2744,우정읍,-0.0502,-0.0502,0.48229,3,ADD_FREQ,31240130,읍,27.71,33.81,79.2,41590-36583,220.2,126.76349,37.03776
다바3494,am,0.309583,0.695656,-0.0067,1.1535,-1.1603,mid,0.0,1,3,4,0.8088,24.439,193.0,62.0,0.4145,우정읍,-1.1603,-1.1603,0.41479,2,ADD_FREQ,31240130,읍,30.96,69.57,48.2,41590-36830,114.7,126.7634,37.04678
다바3495,am,0.264726,0.351048,-0.1816,-0.0381,-0.141,mid,0.0,3,2,2,0.508,3.463,233.0,491.0,0.2446,우정읍,-0.141,-0.1435,0.44137,2,ADD_FREQ,31240130,읍,26.47,35.1,58.2,41590-37388,295.2,126.76331,37.05579
다바3496,am,0.0,0.011,-1.2137,-1.214,0.0,mid,0.0,3,0,0,0.05,0.0,0.0,0.0,0.0,우정읍,0.0,0.0003,0.0,0,DRT,31240130,읍,0.0,1.1,0.0,41590-37518,1182.8,126.76323,37.0648
다바3497,am,0.043896,0.022867,-1.0426,-1.173,0.0398,mid,0.0,3,0,1,0.05,0.077,13.0,7.0,0.7692,우정읍,0.0398,0.1304,0.08736,0,DRT,31240130,읍,4.39,2.29,3.2,41590-37448,783.4,126.76314,37.07382
다바3498,am,0.023711,0.011,-1.1213,-1.214,0.019,mid,0.0,3,0,0,0.05,0.0,5.0,0.0,0.0,우정읍,0.019,0.0927,0.04742,0,DRT,31240130,읍,2.37,1.1,1.2,41590-37485,900.0,126.76305,37.08283
다바3499,am,0.023711,0.011,-1.1213,-1.214,0.019,mid,0.0,3,0,0,0.05,0.0,5.0,3.0,0.0,우정읍,0.019,0.0927,0.04742,0,DRT,31240130,읍,2.37,1.1,1.2,41590-37485,939.6,126.76297,37.09184
다바3593,am,0.291057,0.550534,-0.079,0.6517,-0.7307,mid,0.0,1,3,3,0.8858,8.237,284.0,51.0,0.3521,우정읍,-0.7307,-0.7307,0.46993,3,ADD_FREQ,31240130,읍,29.11,55.05,71.0,41590-36582,68.5,126.77473,37.03783
다바3594,am,0.189698,0.378467,-0.4741,0.0567,-0.4199,mid,0.0,2,1,2,0.0953,8.344,63.0,20.0,0.4444,우정읍,-0.4199,-0.5308,0.28901,1,DRT,31240130,읍,18.97,37.85,15.8,41590-55142,542.8,126.77465,37.04684
다바3595,am,0.206666,0.374957,-0.408,0.0446,-0.3785,mid,0.0,2,2,2,0.2485,6.405,127.0,420.0,0.4882,우정읍,-0.3785,-0.4526,0.38034,2,NEW_STOP,31240130,읍,20.67,37.5,31.8,41590-36580,450.9,126.77456,37.05586
다바3596,am,0.192526,0.338843,-0.4631,-0.0803,-0.3057,mid,0.0,2,1,2,0.545,2.93,128.0,205.0,0.4609,우정읍,-0.3057,-0.3828,0.36733,2,ADD_FREQ,31240130,읍,19.25,33.88,32.0,41590-36941,273.0,126.77447,37.06487
다바3597,am,0.205316,0.186988,-0.4133,-0.6054,0.16,drt,0.0,3,2,1,0.1933,1.467,163.0,8.0,0.5215,우정읍,0.16,0.1922,0.40086,2,NEW_STOP,31240130,읍,20.53,18.7,40.8,41590-37448,484.0,126.77439,37.07389
다바3598,am,0.234664,0.595005,-0.2988,0.8055,-1.0031,mid,0.0,1,2,3,0.7408,13.889,143.0,27.0,0.4196,우정읍,-1.0031,-1.1043,0.37923,2,ADD_FREQ,31240130,읍,23.47,59.5,35.8,41590-36858,155.5,126.7743,37.0829
다바3599,am,0.201857,0.156433,-0.4267,-0.7111,0.2342,drt,0.0,3,1,1,0.0553,1.464,133.0,79.0,0.4887,우정읍,0.2342,0.2843,0.38222,2,DRT,31240130,읍,20.19,15.64,33.2,41590-37485,566.8,126.77422,37.09191
다바3693,am,0.146957,0.101434,-0.6408,-0.9013,0.1745,mid,0.0,3,1,1,0.05,0.76,53.0,770.0,0.6792,우정읍,0.1745,0.2605,0.29004,1,DRT,31240130,읍,14.7,10.14,13.2,41590-36464,636.3,126.78598,37.0379
다바3694,am,0.196951,0.329498,-0.4459,-0.1126,-0.2701,mid,0.0,2,1,2,0.2645,4.452,133.0,33.0,0.2707,우정읍,-0.2701,-0.3332,0.379,2,NEW_STOP,31240130,읍,19.7,32.95,33.2,41590-36953,441.3,126.78589,37.04691
다바3695,am,0.346172,0.551648,0.1359,0.6556,-0.5197,mid,0.0,2,3,3,0.447,16.008,544.0,196.0,0.1562,우정읍,-0.5197,-0.5197,0.55776,3,NEW_STOP,31240130,읍,34.62,55.16,136.0,41590-37521,331.8,126.78581,37.05593
다바3696,am,0.288622,0.460102,-0.0885,0.339,-0.4275,mid,0.0,2,2,3,0.2183,12.143,271.0,145.0,0.2841,우정읍,-0.4275,-0.4275,0.46133,3,NEW_STOP,31240130,읍,28.86,46.01,67.8,41590-37525,469.0,126.78572,37.06494
다바3697,am,0.17558,0.20471,-0.5292,-0.5441,0.0112,drt,0.0,3,1,1,0.0723,2.255,98.0,74.0,0.4592,우정읍,0.0112,0.015,0.34857,1,DRT,31240130,읍,17.56,20.47,24.5,41590-37392,556.6,126.78564,37.07395
다바3698,am,0.258548,0.207228,-0.2057,-0.5354,0.319,mid,0.0,4,2,1,0.2278,1.67,198.0,159.0,0.2626,우정읍,0.319,0.3297,0.42133,2,NEW_STOP,31240130,읍,25.85,20.72,49.5,41590-37452,463.3,126.78555,37.08297
다바3699,am,0.186038,0.310925,-0.4884,-0.1769,-0.2433,mid,0.0,3,1,2,0.4508,2.757,68.0,106.0,0.5294,우정읍,-0.2433,-0.3116,0.31176,1,NEW_STOP,31240130,읍,18.6,31.09,17.0,41590-55159,329.5,126.78547,37.09198
다바3791,am,0.00065,0.016966,-1.2112,-1.1934,-0.0004,mid,0.0,3,0,1,0.05,0.038,0.0,0.0,0.0,우정읍,-0.0004,-0.0178,0.0,0,DRT,31240130,읍,0.06,1.7,0.0,41590-37498,793.5,126.79739,37.01994
다바3792,am,0.339437,0.410963,0.1097,0.1691,-0.0594,mid,0.0,3,3,2,0.5428,5.187,283.0,297.0,0.2756,우정읍,-0.0594,-0.0594,0.467,3,ADD_FREQ,31240130,읍,33.94,41.1,70.8,41590-37498,274.3,126.7973,37.02895
다바3793,am,0.32104,0.429022,0.0379,0.2315,-0.1936,mid,0.0,3,3,2,0.3813,7.649,304.0,407.0,0.2993,우정읍,-0.1936,-0.1936,0.47609,3,NEW_STOP,31240130,읍,32.1,42.9,76.0,41590-36461,371.2,126.79722,37.03797
다바3794,am,0.376946,0.487203,0.2559,0.4327,-0.1768,ok,0.0,3,3,3,0.7135,6.88,299.0,1301.0,0.1672,우정읍,-0.1768,-0.1768,0.47167,3,ADD_FREQ,31240130,읍,37.69,48.72,74.8,41590-36829,171.9,126.79714,37.04698
다바3795,am,0.252407,0.563108,-0.2297,0.6952,-0.8808,mid,0.0,1,2,3,0.7852,10.476,178.0,521.0,0.264,장안면,-0.8808,-0.9249,0.40028,2,ADD_FREQ,31240390,면,25.24,56.31,44.5,41590-36950,128.9,126.79705,37.05599
다바3796,am,0.490031,0.766029,0.6968,1.3969,-0.7001,ok,0.0,1,4,4,0.7938,39.319,917.0,619.0,0.12,우정읍,-0.7001,-0.7001,0.63327,4,ADD_FREQ,31240130,읍,49.0,76.6,229.2,41590-36918,123.7,126.79697,37.06501
다바3797,am,0.188186,0.147068,-0.48,-0.7435,0.2073,drt,0.0,3,1,1,0.05,1.341,138.0,447.0,0.1884,우정읍,0.2073,0.2634,0.37421,2,DRT,31240130,읍,18.82,14.71,34.5,41590-37391,604.7,126.79689,37.07402
다바3798,am,0.235784,0.43536,-0.2945,0.2534,-0.4992,mid,0.0,2,2,2,0.845,3.756,237.0,75.0,0.2278,우정읍,-0.4992,-0.5479,0.44026,2,ADD_FREQ,31240130,읍,23.58,43.54,59.2,41590-36837,93.0,126.7968,37.08303
다바3799,am,0.183726,0.376892,-0.4974,0.0513,-0.4251,mid,0.0,2,1,2,0.3348,5.656,118.0,49.0,0.4322,우정읍,-0.4251,-0.5487,0.36251,1,NEW_STOP,31240130,읍,18.37,37.69,29.5,41590-37395,399.1,126.79672,37.09205
다바3891,am,0.0,0.011,-1.2137,-1.214,0.0,mid,0.0,3,0,0,0.05,0.0,0.0,0.0,0.0,우정읍,0.0,0.0003,0.0,0,DRT,31240130,읍,0.0,1.1,0.0,41590-37498,1396.6,126.80863,37.02001
다바3892,am,0.169076,0.107848,-0.5545,-0.8791,0.2382,mid,0.0,3,1,1,0.05,0.832,49.0,75.0,0.0,우정읍,0.2382,0.3245,0.23429,1,DRT,31240130,읍,16.91,10.78,12.2,41590-36826,683.8,126.80854,37.02902
다바3893,am,0.239108,0.257874,-0.2815,-0.3603,0.0724,mid,0.0,3,2,2,0.2095,2.758,218.0,278.0,0.0229,우정읍,0.0724,0.0788,0.42991,2,NEW_STOP,31240130,읍,23.91,25.79,54.5,41590-36827,474.3,126.80846,37.03803
다바3894,am,0.262568,0.442353,-0.19,0.2776,-0.457,mid,0.0,2,2,2,0.6442,5.549,285.0,309.0,0.2807,우정읍,-0.457,-0.4677,0.464,3,ADD_FREQ,31240130,읍,26.26,44.24,71.2,41590-36913,213.5,126.80838,37.04705
다바3895,am,0.204185,0.290769,-0.4177,-0.2465,-0.142,mid,0.0,3,1,2,0.3362,2.878,93.0,148.0,0.3333,장안면,-0.142,-0.1711,0.3269,1,NEW_STOP,31240390,면,20.42,29.08,23.2,41590-36772,398.3,126.8083,37.05606
다바3896,am,0.35141,0.530817,0.1563,0.5835,-0.4272,mid,0.0,2,3,3,0.2755,17.903,441.0,126.0,0.1859,장안면,-0.4272,-0.4272,0.52502,3,NEW_STOP,31240390,면,35.14,53.08,110.2,41590-37434,434.7,126.80822,37.06507
다바3897,am,0.520278,0.62025,0.8147,0.8928,-0.0781,ok,0.0,3,4,4,0.178,36.806,1212.0,210.0,0.1576,장안면,-0.0781,-0.0781,0.67272,4,NEW_STOP,31240390,면,52.03,62.03,303.0,41590-36617,493.2,126.80814,37.07409
다바3898,am,0.484466,0.497575,0.6751,0.4686,0.2065,ok,0.0,3,4,3,0.5088,10.141,1408.0,129.0,0.1669,우정읍,0.2065,0.2065,0.69425,4,ADD_FREQ,31240130,읍,48.45,49.76,352.0,41590-37397,294.7,126.80805,37.0831
다바3899,am,0.170052,0.435917,-0.5507,0.2554,-0.5939,mid,0.0,2,1,2,0.7717,4.279,108.0,77.0,0.3426,우정읍,-0.5939,-0.8061,0.33902,1,ADD_FREQ,31240130,읍,17.01,43.59,27.0,41590-36989,137.0,126.80797,37.09211
다바3991,am,0.0,0.011,-1.2137,-1.214,0.0,mid,0.0,3,0,0,0.05,0.0,0.0,3.0,0.0,장안면,0.0,0.0003,0.0,0,DRT,31240390,면,0.0,1.1,0.0,41590-36881,1573.9,126.81987,37.02007
다바3992,am,0.162579,0.082342,-0.5799,-0.9673,0.2772,mid,0.0,4,1,1,0.05,0.562,53.0,23.0,0.5849,장안면,0.2772,0.3874,0.29803,1,DRT,31240390,면,16.26,8.23,13.2,41590-36881,575.2,126.81979,37.02908
다바3993,am,0.257262,0.391842,-0.2107,0.103,-0.3025,mid,0.0,2,2,2,0.5195,4.669,178.0,40.0,0.4663,장안면,-0.3025,-0.3137,0.40785,2,ADD_FREQ,31240390,면,25.73,39.18,44.5,41590-36716,288.3,126.81971,37.0381
다바3994,am,0.222617,0.137421,-0.3458,-0.7768,0.3783,mid,0.0,4,2,1,0.05,1.204,208.0,5.0,0.3702,장안면,0.3783,0.431,0.42751,2,DRT,31240390,면,22.26,13.74,52.0,41590-36769,669.9,126.81963,37.04711
다바3995,am,0.186342,0.154838,-0.4872,-0.7166,0.1793,drt,0.0,3,1,1,0.1013,1.29,108.0,238.0,0.2407,장안면,0.1793,0.2294,0.35198,1,DRT,31240390,면,18.63,15.48,27.0,41590-37430,539.2,126.81955,37.05613
다바3996,am,0.236509,0.338316,-0.2916,-0.0821,-0.1913,mid,0.0,3,2,2,0.3867,3.87,263.0,179.0,0.3612,장안면,-0.1913,-0.2095,0.45913,3,NEW_STOP,31240390,면,23.65,33.83,65.8,41590-36915,368.0,126.81947,37.06514
다바3997,am,0.648871,0.895508,1.3161,1.8446,-0.5286,ok,0.0,2,4,4,0.597,117.737,1675.0,277.0,0.1152,장안면,-0.5286,-0.5286,0.71744,4,ADD_FREQ,31240390,면,64.89,89.55,418.8,41590-37524,241.8,126.81938,37.07415
다바3998,am,0.872817,0.991524,2.1892,2.1767,0.0125,ok,0.0,3,4,4,0.9652,129.425,4856.0,1504.0,0.1606,우정읍,0.0125,0.0125,0.87396,4,ADD_FREQ,31240130,읍,87.28,99.15,1214.0,41590-36022,20.9,126.8193,37.08317
다바3999,am,0.646931,0.72507,1.3085,1.2553,0.0532,ok,0.0,3,4,4,0.5897,40.329,2653.0,379.0,0.1135,우정읍,0.0532,0.0532,0.78321,4,ADD_FREQ,31240130,읍,64.69,72.51,663.2,41590-36821,246.2,126.81922,37.09218
다바4091,am,0.063212,0.011,-0.9673,-1.214,0.0955,mid,0.0,3,0,0,0.05,0.0,8.0,9.0,0.0,장안면,0.0955,0.2467,0.12642,0,DRT,31240390,면,6.32,1.1,2.0,41590-55148,1726.9,126.83111,37.02013
다바4092,am,0.064756,0.011,-0.9613,-1.214,0.0994,mid,0.0,3,0,0,0.05,0.0,13.0,33.0,0.0,장안면,0.0994,0.2527,0.12951,0,DRT,31240390,면,6.48,1.1,3.2,41590-55148,950.8,126.83103,37.02915
다바4093,am,0.142605,0.10234,-0.6577,-0.8981,0.158,mid,0.0,3,1,1,0.05,0.77,48.0,5.0,0.6458,장안면,0.158,0.2404,0.27627,1,DRT,31240390,면,14.26,10.23,12.0,41590-37535,594.6,126.83095,37.03816
다바4094,am,0.136268,0.180567,-0.6825,-0.6276,-0.035,mid,0.0,3,1,1,0.4052,0.771,50.0,86.0,0.2,장안면,-0.035,-0.0548,0.26887,1,NEW_STOP,31240390,면,13.63,18.06,12.5,41590-36776,356.9,126.83087,37.04718
다바4095,am,0.149175,0.20715,-0.6321,-0.5357,-0.0652,mid,0.0,3,1,1,0.1425,2.001,53.0,42.0,0.5849,장안면,-0.0652,-0.0964,0.29004,1,DRT,31240390,면,14.92,20.71,13.2,41590-36773,514.5,126.83079,37.05619
다바4096,am,0.180219,0.076501,-0.5111,-0.9875,0.3645,drt,0.0,4,1,1,0.05,0.506,107.0,210.0,0.1402,장안면,0.3645,0.4764,0.34092,1,DRT,31240390,면,18.02,7.65,26.8,41590-37514,768.5,126.83071,37.0652
다바4097,am,0.255311,0.483931,-0.2183,0.4214,-0.6138,mid,0.0,2,2,3,0.48,9.644,178.0,125.0,0.3933,장안면,-0.6138,-0.6397,0.40609,2,NEW_STOP,31240390,면,25.53,48.39,44.5,41590-37129,312.0,126.83063,37.07422
다바4098,am,0.51355,0.65209,0.7885,1.0029,-0.2144,ok,0.0,3,4,4,0.5822,25.461,866.0,556.0,0.1409,장안면,-0.2144,-0.2144,0.62117,4,ADD_FREQ,31240390,면,51.35,65.21,216.5,41590-37125,250.7,126.83055,37.08323
다바4099,am,0.486918,0.625603,0.6846,0.9113,-0.2267,ok,0.0,3,4,4,0.8387,14.758,474.0,172.0,0.211,장안면,-0.2267,-0.2267,0.53804,3,ADD_FREQ,31240390,면,48.69,62.56,118.5,41590-36835,96.8,126.83048,37.09224
다바4191,am,0.022636,0.011,-1.1255,-1.214,0.0176,mid,0.0,3,0,0,0.05,0.0,5.0,3.0,0.0,장안면,0.0176,0.0885,0.04527,0,DRT,31240390,면,2.26,1.1,1.2,41590-55148,1553.1,126.84235,37.0202
다바4192,am,0.059804,0.234438,-0.9806,-0.4413,-0.2014,mid,0.0,3,0,1,0.05,3.042,8.0,10.0,1.25,장안면,-0.2014,-0.5392,0.11874,0,DRT,31240390,면,5.98,23.44,2.0,41590-55148,580.1,126.84227,37.02921
다바4193,am,0.318701,0.594661,0.0288,0.8043,-0.7755,mid,0.0,1,3,3,0.7247,14.191,378.0,103.0,0.4233,장안면,-0.7755,-0.7755,0.50995,3,ADD_FREQ,31240390,면,31.87,59.47,94.5,41590-36984,165.2,126.84219,37.03822
다바4194,am,0.116802,0.03938,-0.7583,-1.1159,0.2063,mid,0.0,3,0,1,0.179,0.0,38.0,14.0,0.3947,장안면,0.2063,0.3575,0.23339,0,NEW_STOP,31240390,면,11.68,3.94,9.5,41590-36776,492.6,126.84212,37.04724
다바4195,am,0.190881,0.312654,-0.4695,-0.1709,-0.2372,mid,0.0,3,1,2,0.5537,2.297,118.0,61.0,0.5424,장안면,-0.2372,-0.2987,0.3689,2,ADD_FREQ,31240390,면,19.09,31.27,29.5,41590-36942,267.8,126.84204,37.05625
다바4196,am,0.360132,0.5476,0.1903,0.6416,-0.4512,mid,0.0,2,3,3,0.5212,13.975,274.0,364.0,0.3102,장안면,-0.4512,-0.4512,0.46024,3,ADD_FREQ,31240390,면,36.01,54.76,68.5,41590-37132,287.3,126.84196,37.06527
다바4197,am,0.28835,0.235425,-0.0895,-0.4379,0.3484,mid,0.0,4,2,1,0.05,3.067,283.0,155.0,0.4276,장안면,0.3484,0.3484,0.47203,3,DRT,31240390,면,28.84,23.54,70.8,41590-36909,654.3,126.84188,37.07428
다바4198,am,0.160891,0.205706,-0.5865,-0.5407,-0.0325,mid,0.0,3,1,1,0.1258,2.043,89.0,265.0,0.1685,장안면,-0.0325,-0.0458,0.31919,1,DRT,31240390,면,16.09,20.57,22.2,41590-55497,524.5,126.84181,37.08329
다바4199,am,0.288591,0.156231,-0.0886,-0.7118,0.6232,mid,0.0,4,2,1,0.05,1.479,303.0,235.0,0.2145,장안면,0.6232,0.6232,0.47822,3,DRT,31240390,면,28.86,15.62,75.8,41590-37453,751.0,126.84173,37.09231
다바4292,am,0.147044,0.011,-0.6404,-1.214,0.3845,mid,0.0,4,1,0,0.05,0.0,58.0,18.0,0.2241,장안면,0.3845,0.5736,0.29409,1,DRT,31240390,면,14.7,1.1,14.5,41590-36982,1086.0,126.85351,37.02927
다바4293,am,0.306023,0.349973,-0.0206,-0.0418,0.0212,mid,0.0,3,3,2,0.3565,4.46,358.0,170.0,0.3296,장안면,0.0212,0.0212,0.49934,3,NEW_STOP,31240390,면,30.6,35.0,89.5,41590-36714,386.1,126.85344,37.03829
다바4294,am,0.256387,0.446809,-0.2141,0.293,-0.488,mid,0.0,2,2,2,0.4912,7.311,126.0,288.0,0.2937,장안면,-0.488,-0.5072,0.36926,2,NEW_STOP,31240390,면,25.64,44.68,31.5,41590-36798,305.3,126.85336,37.0473
다바4295,am,0.286241,0.553542,-0.0977,0.6621,-0.7599,mid,0.0,1,2,3,0.6448,12.111,153.0,201.0,0.3595,장안면,-0.7599,-0.7599,0.38687,2,ADD_FREQ,31240390,면,28.62,55.35,38.2,41590-37823,213.1,126.85329,37.05631
다바4296,am,0.342513,0.560118,0.1216,0.6849,-0.5632,mid,0.0,2,3,3,0.8808,8.875,252.0,980.0,0.1151,장안면,-0.5632,-0.5632,0.4484,3,ADD_FREQ,31240390,면,34.25,56.01,63.0,41590-37796,71.5,126.85321,37.06533
다바4297,am,0.457282,0.498635,0.5691,0.4723,0.0968,ok,0.0,3,3,3,0.5453,9.666,436.0,745.0,0.1904,장안면,0.0968,0.0968,0.52568,3,ADD_FREQ,31240390,면,45.73,49.86,109.0,41590-37142,272.8,126.85313,37.07434
다바4298,am,0.276349,0.282777,-0.1363,-0.2742,0.1379,mid,0.0,3,2,2,0.05,4.468,167.0,576.0,0.1557,장안면,0.1379,0.1379,0.39444,2,DRT,31240390,면,27.63,28.28,41.8,41590-37151,661.4,126.85306,37.08335
다바4299,am,0.220491,0.014638,-0.3541,-1.2014,0.7391,drt,0.0,5,2,1,0.05,0.023,232.0,891.0,0.0431,장안면,0.7391,0.8473,0.43583,2,DRT,31240390,면,22.05,1.46,58.0,41590-37158,794.0,126.85298,37.09237
다바4393,am,0.069774,0.011,-0.9417,-1.214,0.1124,mid,0.0,3,0,0,0.05,0.0,18.0,3.0,0.0,장안면,0.1124,0.2723,0.13955,0,DRT,31240390,면,6.98,1.1,4.5,41590-36714,1175.4,126.86468,37.03835
다바4394,am,0.165592,0.289817,-0.5681,-0.2498,-0.2305,mid,0.0,3,1,2,0.4052,2.506,78.0,21.0,0.4615,장안면,-0.2305,-0.3183,0.31087,1,NEW_STOP,31240390,면,16.56,28.98,19.5,41590-37820,356.9,126.86461,37.04736
다바4395,am,0.179313,0.261084,-0.5146,-0.3492,-0.1262,mid,0.0,3,1,2,0.3515,2.154,98.0,69.0,0.4796,장안면,-0.1262,-0.1654,0.34251,1,NEW_STOP,31240390,면,17.93,26.11,24.5,41590-37819,389.1,126.86453,37.05637
다바4396,am,0.185059,0.13305,-0.4922,-0.7919,0.2333,drt,0.0,3,1,1,0.1055,0.987,110.0,134.0,0.2818,장안면,0.2333,0.2997,0.35973,1,DRT,31240390,면,18.51,13.31,27.5,41590-36727,536.7,126.86446,37.06539
다바4397,am,0.403383,0.454924,0.359,0.3211,0.0379,ok,0.0,3,3,3,0.2615,10.991,461.0,1229.0,0.1345,장안면,0.0379,0.0379,0.53542,3,NEW_STOP,31240390,면,40.34,45.49,115.2,41590-37942,443.1,126.86438,37.0744
다바4398,am,0.41785,0.595126,0.4154,0.8059,-0.3905,ok,0.0,2,3,3,0.444,21.412,411.0,969.0,0.1582,장안면,-0.3905,-0.3905,0.51667,3,NEW_STOP,31240390,면,41.79,59.51,102.8,41590-37156,333.6,126.86431,37.08342
다바4399,am,0.483529,0.479233,0.6714,0.4052,0.2663,ok,0.0,4,4,3,0.6762,6.892,576.0,684.0,0.2066,장안면,0.2663,0.2663,0.56539,3,ADD_FREQ,31240390,면,48.35,47.92,144.0,41590-37840,194.3,126.86423,37.09243
다바4495,am,0.044299,0.096355,-1.041,-0.9188,-0.0376,mid,0.0,3,0,1,0.05,0.705,8.0,5.0,0.0,장안면,-0.0376,-0.1222,0.08323,0,DRT,31240390,면,4.43,9.64,2.0,41590-37819,611.9,126.87578,37.05643
다바4496,am,0.14231,0.13553,-0.6589,-0.7834,0.0817,mid,0.0,3,1,1,0.1117,1.001,43.0,26.0,0.2326,장안면,0.0817,0.1245,0.27423,1,DRT,31240390,면,14.23,13.55,10.8,41590-36727,533.0,126.8757,37.06545
다바4497,am,0.226678,0.329366,-0.33,-0.1131,-0.1926,mid,0.0,3,2,2,0.312,4.103,38.0,346.0,0.1316,장안면,-0.1926,-0.2169,0.21578,0,NEW_STOP,31240390,면,22.67,32.94,9.5,41590-37613,412.8,126.87563,37.07446
다바4498,am,0.126005,0.067095,-0.7225,-1.02,0.1804,mid,0.0,3,1,1,0.05,0.42,39.0,17.0,0.2564,장안면,0.1804,0.2975,0.23489,1,DRT,31240390,면,12.6,6.71,9.8,41590-37841,731.2,126.87556,37.08348
다바4499,am,0.157372,0.011,-0.6002,-1.214,0.43,mid,0.0,4,1,0,0.05,0.0,68.0,117.0,0.4853,장안면,0.43,0.6138,0.31474,1,DRT,31240390,면,15.74,1.1,17.0,41590-37840,808.9,126.87548,37.09249
다바4597,am,0.219633,0.290893,-0.3574,-0.2461,-0.0968,mid,0.0,3,2,2,0.5285,1.979,108.0,163.0,0.3611,향남읍,-0.0968,-0.1113,0.34788,1,ADD_FREQ,31240140,읍,21.96,29.09,27.0,41590-37814,282.9,126.88688,37.07452
다바4598,am,0.131164,0.011,-0.7023,-1.214,0.3184,mid,0.0,4,1,0,0.05,0.0,51.0,174.0,0.098,향남읍,0.3184,0.5116,0.26233,1,DRT,31240140,읍,13.12,1.1,12.8,41590-37814,813.5,126.88681,37.08353
다바4599,am,0.24655,0.352743,-0.2525,-0.0322,-0.2066,mid,0.0,3,2,2,0.601,2.969,285.0,329.0,0.4982,향남읍,-0.2066,-0.2202,0.47942,3,ADD_FREQ,31240140,읍,24.66,35.27,71.2,41590-37875,239.4,126.88673,37.09255
다바4697,am,0.2472,0.421906,-0.25,0.2069,-0.4293,mid,0.0,2,2,2,0.5952,5.165,73.0,189.0,0.3836,향남읍,-0.4293,-0.4569,0.32302,1,ADD_FREQ,31240140,읍,24.72,42.19,18.2,41590-36733,242.9,126.89813,37.07458
다바4698,am,0.544826,0.580896,0.9104,0.7567,0.1537,ok,0.0,3,4,3,0.736,12.723,769.0,3343.0,0.0507,향남읍,0.1537,0.1537,0.60332,4,ADD_FREQ,31240140,읍,54.48,58.09,192.2,41590-37759,158.4,126.89806,37.08359
다바4699,am,0.521995,0.583813,0.8214,0.7668,0.0546,ok,0.0,3,4,3,0.3587,22.482,1112.0,1830.0,0.1628,향남읍,0.0546,0.0546,0.65818,4,NEW_STOP,31240140,읍,52.2,58.38,278.0,41590-37876,384.8,126.89799,37.09261
다바4797,am,0.322873,0.377256,0.0451,0.0525,-0.0074,mid,0.0,3,3,2,0.8607,2.237,203.0,1295.0,0.2956,양감면,-0.0074,-0.0074,0.423,2,ADD_FREQ,31240420,면,32.29,37.73,50.8,41590-37868,83.6,126.90938,37.07463
다바4798,am,0.736015,0.570289,1.6558,0.72,0.9358,need,1.23049,5,4,3,0.5162,16.376,3945.0,3493.0,0.0416,향남읍,0.9358,0.9358,0.8411,4,ADD_FREQ,31240140,읍,73.6,57.03,986.2,41590-55074,290.3,126.90931,37.08365
다바4799,am,0.388398,0.664418,0.3005,1.0455,-0.745,ok,0.0,1,3,4,0.5155,30.325,68.0,4971.0,0.0,향남읍,-0.745,-0.745,0.2672,1,ADD_FREQ,31240140,읍,38.84,66.44,17.0,41590-37405,290.7,126.90924,37.09266
다바4896,am,0.329285,0.055843,0.0701,-1.0589,1.129,mid,0.0,5,3,1,0.2538,0.0,289.0,291.0,0.3356,양감면,1.129,1.129,0.46884,3,NEW_STOP,31240420,면,32.93,5.58,72.2,41590-37964,447.7,126.9207,37.06568
다바4897,am,0.258311,0.1474,-0.2066,-0.7423,0.5179,mid,0.0,4,2,1,0.67,0.0,187.0,315.0,0.2299,양감면,0.5179,0.5357,0.41479,2,ADD_FREQ,31240420,면,25.83,14.74,46.8,41590-55069,198.0,126.92063,37.07469
다바4898,am,0.268372,0.400113,-0.1674,0.1316,-0.2963,mid,0.0,2,2,2,0.7488,3.355,240.0,778.0,0.2042,향남읍,-0.2963,-0.299,0.44521,3,ADD_FREQ,31240140,읍,26.84,40.01,60.0,41590-55367,150.7,126.92056,37.0837
다바4899,am,0.178944,0.288299,-0.5161,-0.2551,-0.1988,mid,0.0,3,1,2,0.151,3.926,93.0,736.0,0.2796,향남읍,-0.1988,-0.261,0.32546,1,NEW_STOP,31240140,읍,17.89,28.83,23.2,41590-37344,509.4,126.92049,37.09272
다바4996,am,0.261423,0.2427,-0.1945,-0.4128,0.2127,mid,0.0,3,2,1,0.5362,1.181,210.0,652.0,0.1,양감면,0.2127,0.2183,0.41697,2,ADD_FREQ,31240420,면,26.14,24.27,52.5,41590-60030,278.3,126.93194,37.06573
다바4997,am,0.191577,0.04708,-0.4668,-1.0892,0.4955,drt,0.0,4,1,1,0.05,0.253,133.0,486.0,0.2556,양감면,0.4955,0.6224,0.36463,1,DRT,31240420,면,19.16,4.71,33.2,41590-60032,670.3,126.93188,37.07474
다바4998,am,0.242236,0.380192,-0.2693,0.0627,-0.3078,mid,0.0,2,2,2,0.3707,5.468,157.0,532.0,0.3121,양감면,-0.3078,-0.332,0.39624,2,NEW_STOP,31240420,면,24.22,38.02,39.2,41590-55408,377.6,126.93181,37.08376
다바4999,am,0.27713,0.402351,-0.1333,0.1393,-0.2726,mid,0.0,2,2,2,0.2872,7.333,221.0,396.0,0.1674,양감면,-0.2726,-0.2726,0.42573,2,NEW_STOP,31240420,면,27.71,40.24,55.2,41590-55834,427.7,126.93174,37.09277
다바5096,am,0.228829,0.038019,-0.3216,-1.1206,0.7139,mid,0.0,5,2,1,0.05,0.184,265.0,1123.0,0.0566,양감면,0.7139,0.799,0.45145,3,DRT,31240420,면,22.88,3.8,66.2,41590-60029,658.8,126.94319,37.06578
다바5097,am,0.313162,0.37098,0.0072,0.0308,-0.0236,mid,0.0,3,3,2,0.7043,2.859,398.0,976.0,0.1106,양감면,-0.0236,-0.0236,0.51233,3,ADD_FREQ,31240420,면,31.32,37.1,99.5,41590-37857,177.4,126.94313,37.0748
다바5098,am,0.523215,0.74173,0.8262,1.3129,-0.4867,ok,0.0,2,4,4,0.8073,33.0,604.0,491.0,0.1788,양감면,-0.4867,-0.4867,0.57153,3,ADD_FREQ,31240420,면,52.32,74.17,151.0,41590-36778,115.6,126.94306,37.08381
다바5099,am,0.343142,0.447408,0.1241,0.2951,-0.171,mid,0.0,3,3,3,0.5137,7.088,280.0,397.0,0.1571,양감면,-0.171,-0.171,0.46613,3,ADD_FREQ,31240420,면,34.31,44.74,70.0,41590-36106,291.8,126.943,37.09283
다바5197,am,0.282756,0.586748,-0.1113,0.7769,-0.8883,mid,0.0,1,2,3,0.4865,19.061,169.0,246.0,0.2012,양감면,-0.8883,-0.8883,0.4084,2,NEW_STOP,31240420,면,28.28,58.67,42.2,41590-36133,308.1,126.95438,37.07485
다바5198,am,0.276647,0.522912,-0.1352,0.5562,-0.6914,mid,0.0,2,2,3,0.2475,17.698,178.0,55.0,0.3652,양감면,-0.6914,-0.6914,0.40877,2,NEW_STOP,31240420,면,27.66,52.29,44.5,41590-36127,451.5,126.95431,37.08386
다바5199,am,0.330373,0.208311,0.0743,-0.5317,0.606,mid,0.0,4,3,1,0.5845,0.646,278.0,377.0,0.1583,양감면,0.606,0.606,0.46343,3,ADD_FREQ,31240420,면,33.04,20.83,69.5,41590-55462,249.3,126.95425,37.09288
다바5297,am,0.322434,0.680902,0.0434,1.1025,-1.0592,mid,0.0,1,3,4,0.7045,25.777,202.0,559.0,0.1782,양감면,-1.0592,-1.0592,0.41895,2,ADD_FREQ,31240420,면,32.24,68.09,50.5,41590-36150,177.3,126.96563,37.0749
다바5298,am,0.189297,0.145697,-0.4757,-0.7482,0.2153,drt,0.0,3,1,1,0.2075,0.869,89.0,405.0,0.4045,양감면,0.2153,0.2725,0.33664,1,NEW_STOP,31240420,면,18.93,14.57,22.2,41590-36791,475.5,126.96556,37.08392
다바5299,am,0.32918,0.193997,0.0697,-0.5812,0.6508,mid,0.0,4,3,1,0.1295,1.814,400.0,958.0,0.2125,양감면,0.6508,0.6508,0.51206,3,DRT,31240420,면,32.92,19.4,100.0,41590-36165,522.3,126.9655,37.09293
다바5397,am,0.31588,0.522986,0.0178,0.5565,-0.5386,mid,0.0,2,3,3,0.617,10.254,184.0,319.0,0.2228,양감면,-0.5386,-0.5386,0.41239,2,ADD_FREQ,31240420,면,31.59,52.3,46.0,41590-36478,229.8,126.97688,37.07495
다바5398,am,0.303548,0.385964,-0.0303,0.0826,-0.1129,mid,0.0,3,3,2,0.4117,5.338,248.0,794.0,0.1573,양감면,-0.1129,-0.1129,0.44685,3,NEW_STOP,31240420,면,30.35,38.6,62.0,41590-36207,353.0,126.97681,37.08397
다바5399,am,0.300413,0.439093,-0.0425,0.2664,-0.3088,mid,0.0,2,3,2,0.658,5.296,139.0,435.0,0.1655,양감면,-0.3088,-0.3088,0.3727,2,ADD_FREQ,31240420,면,30.04,43.91,34.8,41590-55342,205.2,126.97675,37.09298
다바5497,am,0.236631,0.259007,-0.2912,-0.3564,0.0596,mid,0.0,3,2,2,0.05,3.713,186.0,107.0,0.3763,양감면,0.0596,0.0652,0.41912,2,DRT,31240420,면,23.66,25.9,46.5,41590-36472,625.9,126.98813,37.075
다바5498,am,0.169106,0.447414,-0.5544,0.2951,-0.6236,mid,0.0,2,1,3,0.3933,8.544,38.0,126.0,0.2632,양감면,-0.6236,-0.8496,0.24189,1,NEW_STOP,31240420,면,16.91,44.74,9.5,41590-36473,364.0,126.98806,37.08401
다바5499,am,0.295526,0.291714,-0.0615,-0.2433,0.1817,mid,0.0,3,3,2,0.5403,1.946,249.0,242.0,0.4056,양감면,0.1817,0.1817,0.44889,3,ADD_FREQ,31240420,면,29.55,29.17,62.2,41590-36251,275.8,126.988,37.09303
다사1401,am,0.071466,0.011,-0.9351,-1.214,0.117,mid,0.0,3,0,0,0.05,0.0,13.0,0.0,0.7692,우정읍,0.117,0.2789,0.14293,0,DRT,31240130,읍,7.15,1.1,3.2,41590-60113,9432.9,126.53771,37.10826
다사2208,am,0.270921,0.142392,-0.1575,-0.7596,0.6005,mid,0.0,4,2,1,0.64,0.01,183.0,153.0,0.4645,서신면,0.6005,0.6022,0.41792,2,ADD_FREQ,31240370,면,27.09,14.24,45.8,41590-60007,216.0,126.62702,37.17205
다사2302,am,0.0,0.011,-1.2137,-1.214,0.0,mid,0.0,3,0,0,0.05,0.0,0.0,0.0,0.0,서신면,0.0,0.0003,0.0,0,DRT,31240370,면,0.0,1.1,0.0,41590-37837,4003.1,126.63889,37.11805
다사2405,am,0.0,0.011,-1.2137,-1.214,0.0,mid,0.0,3,0,0,0.05,0.0,0.0,0.0,0.0,서신면,0.0,0.0003,0.0,0,DRT,31240370,면,0.0,1.1,0.0,41590-36947,2469.6,126.64985,37.14517
다사2416,am,0.167754,0.271394,-0.5597,-0.3135,-0.1798,mid,0.0,3,1,2,0.2992,2.615,93.0,10.0,0.4194,송산면,-0.1798,-0.2461,0.3327,1,NEW_STOP,31240360,면,16.78,27.14,23.2,41590-55867,420.5,126.64873,37.24431
다사2417,am,0.0,0.011,-1.2137,-1.214,0.0,mid,0.0,3,0,0,0.05,0.0,0.0,0.0,0.0,송산면,0.0,0.0003,0.0,0,DRT,31240360,면,0.0,1.1,0.0,41590-60130,908.5,126.64863,37.25333
다사2420,am,0.0,0.011,-1.2137,-1.214,0.0,mid,0.0,3,0,0,0.05,0.0,0.0,0.0,0.0,송산면,0.0,0.0003,0.0,0,DRT,31240360,면,0.0,1.1,0.0,41590-60130,3774.4,126.64833,37.28037
다사2508,am,0.401732,0.839279,0.3525,1.6502,-1.2977,ok,0.0,0,3,4,0.8037,61.878,208.0,150.0,0.4327,서신면,-1.2977,-1.2977,0.42309,2,ADD_FREQ,31240370,면,40.17,83.93,52.0,41590-55347,117.8,126.66081,37.17229
다사2511,am,0.164831,0.192734,-0.5711,-0.5856,0.0104,mid,0.0,3,1,1,0.0567,2.086,8.0,22.0,0.0,송산면,0.0104,0.0145,0.05266,0,DRT,31240360,면,16.48,19.27,2.0,41590-55063,566.0,126.66051,37.19933
다사2512,am,0.0,0.011,-1.2137,-1.214,0.0,mid,0.0,3,0,0,0.05,0.0,0.0,0.0,0.0,송산면,0.0,0.0003,0.0,0,DRT,31240360,면,0.0,1.1,0.0,41590-55063,1457.6,126.66041,37.20834
다사2514,am,0.0,0.011,-1.2137,-1.214,0.0,mid,0.0,3,0,0,0.05,0.0,0.0,0.0,0.0,송산면,0.0,0.0003,0.0,0,DRT,31240360,면,0.0,1.1,0.0,41590-55189,1365.4,126.66021,37.22637
다사2515,am,0.12645,0.287913,-0.7207,-0.2564,-0.2822,mid,0.0,2,1,2,0.276,3.138,33.0,3.0,0.4545,송산면,-0.2822,-0.4643,0.24189,1,NEW_STOP,31240360,면,12.64,28.79,8.2,41590-55189,434.4,126.66011,37.23538
다사2516,am,0.09616,0.260294,-0.8388,-0.3519,-0.2476,mid,0.0,3,0,2,0.1043,3.409,18.0,7.0,1.1111,송산면,-0.2476,-0.4869,0.18276,0,DRT,31240360,면,9.62,26.03,4.5,41590-60130,537.4,126.66001,37.2444
다사2517,am,0.0,0.011,-1.2137,-1.214,0.0,mid,0.0,3,0,0,0.05,0.0,0.0,0.0,0.0,송산면,0.0,0.0003,0.0,0,DRT,31240360,면,0.0,1.1,0.0,41590-60130,873.1,126.65991,37.25341
다사2518,am,0.0,0.011,-1.2137,-1.214,0.0,mid,0.0,3,0,0,0.05,0.0,0.0,0.0,0.0,송산면,0.0,0.0003,0.0,0,DRT,31240360,면,0.0,1.1,0.0,41590-60130,1798.4,126.65981,37.26242
다사2519,am,0.0,0.011,-1.2137,-1.214,0.0,mid,0.0,3,0,0,0.05,0.0,0.0,0.0,0.0,송산면,0.0,0.0003,0.0,0,DRT,31240360,면,0.0,1.1,0.0,41590-60130,2775.8,126.65971,37.27143
다사2520,am,0.0,0.011,-1.2137,-1.214,0.0,mid,0.0,3,0,0,0.05,0.0,0.0,0.0,0.0,송산면,0.0,0.0003,0.0,0,DRT,31240360,면,0.0,1.1,0.0,41590-60130,3766.0,126.65961,37.28045
다사2607,am,0.383901,0.838988,0.283,1.6492,-1.3662,ok,0.0,0,3,4,0.8675,56.489,190.0,288.0,0.3105,서신면,-1.3662,-1.3662,0.41921,2,ADD_FREQ,31240370,면,38.39,83.9,47.5,41590-37866,79.5,126.67217,37.16336
다사2608,am,0.300802,0.409497,-0.041,0.164,-0.205,mid,0.0,3,3,2,0.05,11.074,294.0,91.0,0.5646,서신면,-0.205,-0.205,0.47879,3,DRT,31240370,면,30.08,40.95,73.5,41590-37926,671.1,126.67207,37.17237
다사2609,am,0.338595,0.395292,0.1064,0.1149,-0.0085,mid,0.0,3,3,2,0.2442,7.459,251.0,1185.0,0.0717,서신면,-0.0085,-0.0085,0.44166,2,NEW_STOP,31240370,면,33.86,39.53,62.8,41590-37258,453.5,126.67197,37.18138
다사2610,am,0.310181,0.326186,-0.0044,-0.1241,0.1197,mid,0.0,3,3,2,0.3945,3.466,180.0,1248.0,0.0278,서신면,0.1197,0.1197,0.39793,2,NEW_STOP,31240370,면,31.02,32.62,45.0,41590-37595,363.3,126.67187,37.1904
다사2611,am,0.027001,0.107848,-1.1085,-0.8791,-0.0511,mid,0.0,3,0,1,0.05,0.832,5.0,14.0,0.0,송산면,-0.0511,-0.2294,0.04527,0,DRT,31240360,면,2.7,10.78,1.2,41590-37893,596.1,126.67178,37.19941
다사2612,am,0.157756,0.125282,-0.5987,-0.8188,0.1545,mid,0.0,3,1,1,0.0528,1.035,73.0,71.0,0.5068,송산면,0.1545,0.2201,0.3045,1,DRT,31240360,면,15.78,12.53,18.2,41590-36346,568.3,126.67168,37.20842
다사2613,am,0.138344,0.021823,-0.6744,-1.1766,0.3236,mid,0.0,4,1,1,0.05,0.07,33.0,25.0,0.9394,송산면,0.3236,0.5022,0.27582,1,DRT,31240360,면,13.83,2.18,8.2,41590-36346,784.2,126.67158,37.21744
다사2614,am,0.0,0.011,-1.2137,-1.214,0.0,mid,0.0,3,0,0,0.05,0.0,0.0,28.0,0.0,송산면,0.0,0.0003,0.0,0,DRT,31240360,면,0.0,1.1,0.0,41590-55195,1315.1,126.67148,37.22645
다사2615,am,0.229603,0.233127,-0.3186,-0.4459,0.114,mid,0.0,3,2,1,0.05,3.009,224.0,93.0,0.5045,송산면,0.114,0.1273,0.43575,2,DRT,31240360,면,22.96,23.31,56.0,41590-55190,628.3,126.67138,37.23546
다사2616,am,0.206954,0.367153,-0.4069,0.0176,-0.3553,mid,0.0,2,2,2,0.2913,5.649,138.0,5.0,0.3623,송산면,-0.3553,-0.4245,0.36806,2,NEW_STOP,31240360,면,20.7,36.72,34.5,41590-55190,425.2,126.67128,37.24447
다사2617,am,0.0,0.011,-1.2137,-1.214,0.0,mid,0.0,3,0,0,0.05,0.0,0.0,0.0,0.0,송산면,0.0,0.0003,0.0,0,DRT,31240360,면,0.0,1.1,0.0,41590-55190,1403.0,126.67118,37.25349
다사2618,am,0.0,0.011,-1.2137,-1.214,0.0,mid,0.0,3,0,0,0.05,0.0,0.0,0.0,0.0,송산면,0.0,0.0003,0.0,0,DRT,31240360,면,0.0,1.1,0.0,41590-60062,2155.7,126.67108,37.2625
다사2619,am,0.0,0.011,-1.2137,-1.214,0.0,mid,0.0,3,0,0,0.05,0.0,0.0,0.0,0.0,송산면,0.0,0.0003,0.0,0,DRT,31240360,면,0.0,1.1,0.0,41590-60062,2785.2,126.67099,37.27151
다사2620,am,0.0,0.011,-1.2137,-1.214,0.0,mid,0.0,3,0,0,0.05,0.0,0.0,0.0,0.0,송산면,0.0,0.0003,0.0,0,DRT,31240360,면,0.0,1.1,0.0,41590-60062,3588.4,126.67089,37.28053
다사2703,am,0.198837,0.386737,-0.4385,0.0853,-0.4272,mid,0.0,2,1,2,0.8738,2.373,143.0,15.0,0.3916,서신면,-0.4272,-0.5238,0.38156,2,ADD_FREQ,31240370,면,19.88,38.67,35.8,41590-36489,75.7,126.68382,37.12738
다사2704,am,0.173312,0.011,-0.538,-1.214,0.5042,drt,0.0,4,1,0,0.05,0.0,98.0,16.0,0.4796,서신면,0.5042,0.676,0.34662,1,DRT,31240370,면,17.33,1.1,24.5,41590-37029,765.5,126.68372,37.13639
다사2705,am,0.161096,0.130643,-0.5857,-0.8003,0.1527,mid,0.0,3,1,1,0.5938,0.0,73.0,19.0,0.4247,서신면,0.1527,0.2146,0.32219,1,ADD_FREQ,31240370,면,16.11,13.06,18.2,41590-36840,243.7,126.68362,37.14541
다사2707,am,0.186832,0.232206,-0.4853,-0.4491,-0.0284,mid,0.0,3,1,1,0.05,2.986,93.0,241.0,0.0538,서신면,-0.0284,-0.0363,0.31953,1,DRT,31240370,면,18.68,23.22,23.2,41590-37017,709.8,126.68343,37.16343
다사2708,am,0.413434,0.757252,0.3981,1.3665,-0.9684,ok,0.0,1,3,4,0.5282,53.999,268.0,365.0,0.2201,서신면,-0.9684,-0.9684,0.45959,3,ADD_FREQ,31240370,면,41.34,75.73,67.0,41590-37784,283.1,126.68333,37.17245
다사2709,am,0.181051,0.274235,-0.5079,-0.3037,-0.1566,mid,0.0,3,1,2,0.0515,4.173,118.0,145.0,0.2373,서신면,-0.1566,-0.2041,0.36188,1,DRT,31240370,면,18.11,27.42,29.5,41590-36491,569.1,126.68324,37.18146
다사2710,am,0.209553,0.285221,-0.3967,-0.2657,-0.1105,mid,0.0,3,2,2,0.7532,1.111,118.0,597.0,0.2797,서신면,-0.1105,-0.131,0.36463,1,ADD_FREQ,31240370,면,20.96,28.52,29.5,41590-37511,148.1,126.68314,37.19047
다사2711,am,0.119215,0.011,-0.7489,-1.214,0.272,mid,0.0,4,0,0,0.05,0.0,38.0,41.0,0.2632,서신면,0.272,0.4651,0.23843,1,DRT,31240370,면,11.92,1.1,9.5,41590-37511,1135.6,126.68304,37.19949
다사2712,am,0.116403,0.088962,-0.7599,-0.9444,0.1062,mid,0.0,3,0,1,0.05,0.628,33.0,141.0,0.4545,송산면,0.1062,0.1845,0.22596,0,DRT,31240360,면,11.64,8.9,8.2,41590-36346,621.0,126.68295,37.2085
다사2713,am,0.168342,0.496459,-0.5574,0.4647,-0.7481,over,0.0,1,1,3,0.8748,5.688,73.0,240.0,0.3151,송산면,-0.7481,-1.0221,0.31052,1,ADD_FREQ,31240360,면,16.83,49.65,18.2,41590-36490,75.1,126.68285,37.21751
다사2714,am,0.189742,0.064024,-0.474,-1.0306,0.4404,drt,0.0,4,1,1,0.05,0.393,109.0,274.0,0.3303,송산면,0.4404,0.5567,0.36036,1,DRT,31240360,면,18.97,6.4,27.2,41590-55193,756.0,126.68275,37.22653
다사2715,am,0.280672,0.622776,-0.1195,0.9015,-1.021,mid,0.0,1,2,4,0.8472,14.302,184.0,242.0,0.3207,송산면,-1.021,-1.021,0.40785,2,ADD_FREQ,31240360,면,28.07,62.28,46.0,41590-55194,91.7,126.68265,37.23554
다사2716,am,0.160516,0.011,-0.5879,-1.214,0.4443,mid,0.0,4,1,0,0.05,0.0,78.0,12.0,0.6667,송산면,0.4443,0.6261,0.32103,1,DRT,31240360,면,16.05,1.1,19.5,41590-55864,913.1,126.68256,37.24455
다사2717,am,0.080631,0.011,-0.8994,-1.214,0.1427,mid,0.0,3,0,0,0.05,0.0,13.0,0.0,0.0,송산면,0.1427,0.3146,0.16126,0,DRT,31240360,면,8.06,1.1,3.2,41590-60062,880.0,126.68246,37.25357
다사2718,am,0.0,0.011,-1.2137,-1.214,0.0,mid,0.0,3,0,0,0.05,0.0,0.0,0.0,0.0,송산면,0.0,0.0003,0.0,0,DRT,31240360,면,0.0,1.1,0.0,41590-60062,1374.7,126.68236,37.26258
다사2720,am,0.0,0.011,-1.2137,-1.214,0.0,mid,0.0,3,0,0,0.05,0.0,0.0,3.0,0.0,송산면,0.0,0.0003,0.0,0,DRT,31240360,면,0.0,1.1,0.0,41590-60062,3181.4,126.68217,37.28061
다사2802,am,0.412076,0.355431,0.3929,-0.0229,0.4158,mid,0.0,4,3,2,0.209,5.92,149.0,148.0,0.1879,서신면,0.4158,0.4158,0.37945,2,NEW_STOP,31240370,면,41.21,35.54,37.2,41590-37220,474.6,126.69517,37.11844
다사2803,am,0.304741,0.56199,-0.0256,0.6913,-0.7169,mid,0.0,1,3,3,0.5772,14.17,240.0,52.0,0.3,서신면,-0.7169,-0.7169,0.44924,3,ADD_FREQ,31240370,면,30.47,56.2,60.0,41590-37670,253.7,126.69507,37.12746
다사2804,am,0.308244,0.506666,-0.012,0.5,-0.512,mid,0.0,2,3,3,0.4378,12.002,323.0,129.0,0.2693,서신면,-0.512,-0.512,0.48521,3,NEW_STOP,31240370,면,30.82,50.67,80.8,41590-37482,337.3,126.69498,37.13647
다사2805,am,0.186971,0.246688,-0.4848,-0.399,-0.0672,drt,0.0,3,1,1,0.0682,3.256,93.0,18.0,0.4516,서신면,-0.0672,-0.0858,0.34662,1,DRT,31240370,면,18.7,24.67,23.2,41590-36840,559.1,126.69488,37.14548
다사2806,am,0.171086,0.228227,-0.5467,-0.4628,-0.062,mid,0.0,3,1,1,0.1848,2.23,69.0,552.0,0.2609,서신면,-0.062,-0.0839,0.3013,1,NEW_STOP,31240370,면,17.11,22.82,17.2,41590-55209,489.1,126.69479,37.1545
다사2807,am,0.221608,0.133229,-0.3497,-0.7913,0.3865,mid,0.0,4,2,1,0.05,1.147,223.0,89.0,0.4036,서신면,0.3865,0.4416,0.44041,2,DRT,31240370,면,22.16,13.32,55.8,41590-60102,570.7,126.69469,37.16351
다사2808,am,0.412899,0.85918,0.3961,1.719,-1.323,ok,0.0,0,3,4,0.9102,60.506,340.0,449.0,0.2647,서신면,-1.323,-1.323,0.4885,3,ADD_FREQ,31240370,면,41.29,85.92,85.0,41590-37031,53.9,126.6946,37.17252
다사2809,am,0.214903,0.410657,-0.3759,0.168,-0.4666,mid,0.0,2,2,2,0.288,7.767,183.0,85.0,0.3825,서신면,-0.4666,-0.5439,0.40831,2,NEW_STOP,31240370,면,21.49,41.07,45.8,41590-36491,427.2,126.6945,37.18154
다사2810,am,0.228801,0.326324,-0.3217,-0.1236,-0.177,mid,0.0,3,2,2,0.6368,2.203,143.0,106.0,0.4895,서신면,-0.177,-0.1981,0.38591,2,ADD_FREQ,31240370,면,22.88,32.63,35.8,41590-37371,217.9,126.69441,37.19055
다사2811,am,0.201125,0.205554,-0.4296,-0.5412,0.0917,drt,0.0,3,1,1,0.4242,1.017,120.0,149.0,0.3,서신면,0.0917,0.1116,0.36926,2,NEW_STOP,31240370,면,20.11,20.56,30.0,41590-37923,345.5,126.69431,37.19956
다사2812,am,0.098085,0.011,-0.8313,-1.214,0.1972,mid,0.0,3,0,0,0.05,0.0,33.0,262.0,0.0,송산면,0.1972,0.3827,0.19617,0,DRT,31240360,면,9.81,1.1,8.2,41590-37362,1121.4,126.69421,37.20858
다사2813,am,0.2956,0.303883,-0.0613,-0.2012,0.1399,mid,0.0,3,3,2,0.2392,3.81,392.0,1359.0,0.0918,송산면,0.1399,0.1399,0.51229,3,NEW_STOP,31240360,면,29.56,30.39,98.0,41590-36496,456.5,126.69412,37.21759
다사2814,am,0.273562,0.458391,-0.1472,0.3331,-0.4803,mid,0.0,2,2,3,0.2108,12.138,191.0,376.0,0.3403,송산면,-0.4803,-0.4803,0.4204,2,NEW_STOP,31240360,면,27.36,45.84,47.8,41590-55197,473.5,126.69402,37.2266
다사2815,am,0.201331,0.299916,-0.4288,-0.2149,-0.1758,mid,0.0,3,1,2,0.0847,4.803,118.0,123.0,0.4576,송산면,-0.1758,-0.2139,0.36451,1,DRT,31240360,면,20.13,29.99,29.5,41590-55862,549.2,126.69393,37.23562
다사2816,am,0.166807,0.299599,-0.5634,-0.216,-0.2527,mid,0.0,2,1,2,0.1657,4.181,73.0,11.0,0.5068,송산면,-0.2527,-0.3474,0.30745,1,NEW_STOP,31240360,면,16.68,29.96,18.2,41590-60065,500.6,126.69383,37.24463
다사2817,am,0.268664,0.578918,-0.1663,0.7499,-0.9086,mid,0.0,1,2,3,0.7765,11.82,317.0,28.0,0.3407,송산면,-0.9086,-0.9161,0.48167,3,ADD_FREQ,31240360,면,26.87,57.89,79.2,41590-60062,134.1,126.69373,37.25364
다사2818,am,0.0,0.011,-1.2137,-1.214,0.0,mid,0.0,3,0,0,0.05,0.0,0.0,0.0,0.0,송산면,0.0,0.0003,0.0,0,DRT,31240360,면,0.0,1.1,0.0,41590-60062,1064.8,126.69364,37.26266
다사2819,am,0.0,0.011,-1.2137,-1.214,0.0,mid,0.0,3,0,0,0.05,0.0,0.0,0.0,0.0,송산면,0.0,0.0003,0.0,0,DRT,31240360,면,0.0,1.1,0.0,41590-60062,2061.0,126.69354,37.27167
다사2903,am,0.044488,0.011,-1.0403,-1.214,0.0535,mid,0.0,3,0,0,0.05,0.0,5.0,0.0,1.0,서신면,0.0535,0.1737,0.08898,0,DRT,31240370,면,4.45,1.1,1.2,41590-55216,1054.4,126.70633,37.12753
다사2904,am,0.237076,0.432801,-0.2894,0.2446,-0.4883,mid,0.0,2,2,2,0.2742,9.262,158.0,38.0,0.443,서신면,-0.4883,-0.534,0.39813,2,NEW_STOP,31240370,면,23.71,43.28,39.5,41590-36765,435.5,126.70624,37.13655
다사2905,am,0.224536,0.474728,-0.3383,0.3896,-0.6425,over,0.0,2,2,3,0.6105,7.398,173.0,32.0,0.4162,서신면,-0.6425,-0.7279,0.40534,2,ADD_FREQ,31240370,면,22.45,47.47,43.2,41590-55138,233.7,126.70614,37.14556
다사2906,am,0.216377,0.537814,-0.3701,0.6077,-0.8426,over,0.0,1,2,3,0.5998,11.642,118.0,77.0,0.4407,서신면,-0.8426,-0.9779,0.35688,1,ADD_FREQ,31240370,면,21.64,53.78,29.5,41590-55222,240.1,126.70605,37.15457
다사2907,am,0.476508,0.748778,0.6441,1.3372,-0.6932,ok,0.0,2,3,4,0.7335,38.329,461.0,460.0,0.2668,서신면,-0.6932,-0.6932,0.53241,3,ADD_FREQ,31240370,면,47.65,74.88,115.2,41590-55214,159.9,126.70595,37.16359
다사2908,am,0.593063,0.884349,1.0985,1.806,-0.7076,ok,0.0,1,4,4,0.8543,76.731,945.0,270.0,0.2392,서신면,-0.7076,-0.7076,0.63723,4,ADD_FREQ,31240370,면,59.31,88.43,236.2,41590-36495,87.4,126.70586,37.1726
다사2909,am,0.35787,0.825168,0.1815,1.6014,-1.4199,mid,0.0,0,3,4,0.7902,57.648,200.0,174.0,0.325,서신면,-1.4199,-1.4199,0.41452,2,ADD_FREQ,31240370,면,35.79,82.52,50.0,41590-37048,125.9,126.70577,37.18161
다사2910,am,0.204728,0.335487,-0.4155,-0.0919,-0.269,mid,0.0,2,2,2,0.05,6.602,104.0,138.0,0.375,서신면,-0.269,-0.3236,0.34107,1,DRT,31240370,면,20.47,33.55,26.0,41590-37061,699.3,126.70567,37.19063
다사2911,am,0.19078,0.462723,-0.4699,0.3481,-0.6494,over,0.0,2,1,3,0.751,5.422,118.0,85.0,0.5508,송산면,-0.6494,-0.818,0.35908,1,ADD_FREQ,31240360,면,19.08,46.27,29.5,41590-37455,149.4,126.70558,37.19964
다사2912,am,0.154214,0.015106,-0.6125,-1.1998,0.4061,mid,0.0,4,1,1,0.05,0.026,68.0,147.0,0.4559,송산면,0.4061,0.5873,0.30799,1,DRT,31240360,면,15.42,1.51,17.0,41590-37364,775.8,126.70548,37.20865
다사2913,am,0.193282,0.102069,-0.4602,-0.8991,0.3514,drt,0.0,4,1,1,0.05,0.767,148.0,131.0,0.3514,송산면,0.3514,0.4389,0.38056,2,DRT,31240360,면,19.33,10.21,37.0,41590-55203,702.7,126.70539,37.21767
다사2914,am,0.265429,0.553608,-0.1789,0.6623,-0.8278,mid,0.0,1,2,3,0.523,14.509,223.0,184.0,0.2466,송산면,-0.8278,-0.8412,0.43259,2,ADD_FREQ,31240360,면,26.54,55.36,55.8,41590-37046,286.2,126.70529,37.22668
다사2915,am,0.164587,0.403075,-0.572,0.1418,-0.5149,mid,0.0,2,1,2,0.4983,5.261,78.0,32.0,0.5641,송산면,-0.5149,-0.7138,0.31105,1,NEW_STOP,31240360,면,16.46,40.31,19.5,41590-60003,301.0,126.7052,37.23569
다사2916,am,0.193745,0.3513,-0.4584,-0.0372,-0.3377,mid,0.0,2,1,2,0.2525,5.352,118.0,19.0,0.4407,송산면,-0.3377,-0.4211,0.35998,1,NEW_STOP,31240360,면,19.37,35.13,29.5,41590-60005,448.5,126.7051,37.24471
다사2917,am,0.174491,0.011,-0.5334,-1.214,0.5099,drt,0.0,4,1,0,0.05,0.0,113.0,3.0,0.3717,송산면,0.5099,0.6806,0.34898,1,DRT,31240360,면,17.45,1.1,28.2,41590-60077,924.9,126.70501,37.25372
다사2918,am,0.026331,0.011,-1.1111,-1.214,0.0226,mid,0.0,3,0,0,0.05,0.0,5.0,0.0,0.0,송산면,0.0226,0.1029,0.05266,0,DRT,31240360,면,2.63,1.1,1.2,41590-60061,1530.2,126.70491,37.26273
다사2919,am,0.0,0.011,-1.2137,-1.214,0.0,mid,0.0,3,0,0,0.05,0.0,0.0,0.0,0.0,송산면,0.0,0.0003,0.0,0,DRT,31240360,면,0.0,1.1,0.0,41590-60062,2343.7,126.70482,37.27175
다사3003,am,0.0,0.011,-1.2137,-1.214,0.0,mid,0.0,3,0,0,0.05,0.0,0.0,0.0,0.0,서신면,0.0,0.0003,0.0,0,DRT,31240370,면,0.0,1.1,0.0,41590-55218,1821.3,126.71759,37.12761
다사3004,am,0.072298,0.011,-0.9319,-1.214,0.1192,mid,0.0,3,0,0,0.05,0.0,18.0,3.0,0.5556,서신면,0.1192,0.2821,0.1446,0,DRT,31240370,면,7.23,1.1,4.5,41590-36765,1172.7,126.7175,37.13662
다사3005,am,0.154631,0.02755,-0.6109,-1.1568,0.3781,mid,0.0,4,1,1,0.05,0.109,73.0,61.0,0.5068,서신면,0.3781,0.5459,0.30926,1,DRT,31240370,면,15.46,2.76,18.2,41590-37577,598.8,126.7174,37.14564
다사3006,am,0.152962,0.383221,-0.6174,0.0731,-0.4749,mid,0.0,2,1,2,0.641,3.545,73.0,14.0,0.6027,서신면,-0.4749,-0.6905,0.30506,1,ADD_FREQ,31240370,면,15.3,38.32,18.2,41590-37577,215.4,126.71731,37.15465
다사3007,am,0.201963,0.04653,-0.4263,-1.0911,0.5477,drt,0.0,4,1,1,0.2115,0.0,186.0,348.0,0.2204,서신면,0.5477,0.6648,0.40393,2,NEW_STOP,31240370,면,20.2,4.65,46.5,41590-37931,473.1,126.71722,37.16366
다사3008,am,0.181444,0.011,-0.5063,-1.214,0.5438,drt,0.0,4,1,0,0.05,0.0,123.0,11.0,0.3821,서신면,0.5438,0.7077,0.36289,1,DRT,31240370,면,18.14,1.1,30.8,41590-37398,754.5,126.71712,37.17268
다사3009,am,0.220552,0.24993,-0.3538,-0.3878,0.0296,drt,0.0,3,2,2,0.05,3.453,175.0,344.0,0.28,마도면,0.0296,0.0339,0.40496,2,DRT,31240350,면,22.06,24.99,43.8,41590-55360,574.8,126.71703,37.18169
다사3010,am,0.279991,0.711291,-0.1221,1.2076,-1.3297,mid,0.0,0,2,4,0.5765,37.611,103.0,200.0,0.4272,서신면,-1.3297,-1.3297,0.36188,1,ADD_FREQ,31240370,면,28.0,71.13,25.8,41590-36767,254.1,126.71694,37.1907
다사3011,am,0.328189,0.543366,0.0658,0.6269,-0.5611,mid,0.0,2,3,3,0.2557,20.011,173.0,60.0,0.4624,송산면,-0.5611,-0.5611,0.40767,2,NEW_STOP,31240360,면,32.82,54.34,43.2,41590-36357,446.6,126.71684,37.19972
다사3012,am,0.224114,0.336812,-0.34,-0.0873,-0.2227,mid,0.0,3,2,2,0.5788,2.704,226.0,247.0,0.3319,송산면,-0.2227,-0.2526,0.43742,2,ADD_FREQ,31240360,면,22.41,33.68,56.5,41590-37366,252.7,126.71675,37.20873
다사3013,am,0.226711,0.522555,-0.3298,0.555,-0.7859,over,0.0,1,2,3,0.9005,6.6,170.0,548.0,0.1824,송산면,-0.7859,-0.8848,0.39979,2,ADD_FREQ,31240360,면,22.67,52.26,42.5,41590-55204,59.7,126.71666,37.21774
다사3014,am,0.2011,0.290403,-0.4297,-0.2478,-0.1494,mid,0.0,3,1,2,0.61,1.655,173.0,193.0,0.3468,송산면,-0.1494,-0.1819,0.39832,2,ADD_FREQ,31240360,면,20.11,29.04,43.2,41590-60002,234.0,126.71657,37.22676
다사3015,am,0.1444,0.011,-0.6507,-1.214,0.3731,mid,0.0,4,1,0,0.05,0.0,58.0,5.0,0.5345,송산면,0.3731,0.5632,0.2888,1,DRT,31240360,면,14.44,1.1,14.5,41590-37608,803.2,126.71647,37.23577
다사3016,am,0.18451,0.011,-0.4944,-1.214,0.5591,drt,0.0,4,1,0,0.05,0.0,128.0,5.0,0.4688,송산면,0.5591,0.7196,0.36902,2,DRT,31240360,면,18.45,1.1,32.0,41590-60005,1325.9,126.71638,37.24478
다사3017,am,0.172326,0.011,-0.5419,-1.214,0.4995,drt,0.0,4,1,0,0.05,0.0,98.0,5.0,0.5306,송산면,0.4995,0.6721,0.34465,1,DRT,31240360,면,17.23,1.1,24.5,41590-60060,1731.4,126.71629,37.25379
다사3018,am,0.0,0.011,-1.2137,-1.214,0.0,mid,0.0,3,0,0,0.05,0.0,0.0,0.0,0.0,송산면,0.0,0.0003,0.0,0,DRT,31240360,면,0.0,1.1,0.0,41590-60061,2301.3,126.71619,37.26281
다사3019,am,0.0,0.011,-1.2137,-1.214,0.0,mid,0.0,3,0,0,0.05,0.0,0.0,0.0,0.0,송산면,0.0,0.0003,0.0,0,DRT,31240360,면,0.0,1.1,0.0,41590-60061,2941.7,126.7161,37.27182
다사3100,am,0.0,0.01116,-1.2137,-1.2134,-0.0,mid,0.0,3,0,1,0.05,0.001,0.0,0.0,0.0,우정읍,-0.0,-0.0003,0.0,0,DRT,31240130,읍,0.0,1.12,0.0,41590-36991,1914.5,126.72912,37.10064
다사3101,am,0.0,0.011,-1.2137,-1.214,0.0,mid,0.0,3,0,0,0.05,0.0,0.0,0.0,0.0,우정읍,0.0,0.0003,0.0,0,DRT,31240130,읍,0.0,1.1,0.0,41590-37220,2751.6,126.72903,37.10966
다사3102,am,0.0,0.011,-1.2137,-1.214,0.0,mid,0.0,3,0,0,0.05,0.0,0.0,0.0,0.0,우정읍,0.0,0.0003,0.0,0,DRT,31240130,읍,0.0,1.1,0.0,41590-55218,3230.3,126.72894,37.11867
다사3104,am,0.127999,0.011,-0.7147,-1.214,0.3058,mid,0.0,4,1,0,0.05,0.0,38.0,5.0,0.5263,서신면,0.3058,0.4993,0.256,1,DRT,31240370,면,12.8,1.1,9.5,41590-37577,1998.6,126.72875,37.1367
다사3105,am,0.070625,0.011,-0.9384,-1.214,0.1147,mid,0.0,3,0,0,0.05,0.0,13.0,0.0,0.3846,서신면,0.1147,0.2756,0.14125,0,DRT,31240370,면,7.06,1.1,3.2,41590-60009,1210.0,126.72866,37.14571
다사3106,am,0.225499,0.370546,-0.3346,0.0293,-0.3221,mid,0.0,2,2,2,0.4033,4.822,234.0,84.0,0.5684,서신면,-0.3221,-0.3639,0.44798,3,NEW_STOP,31240370,면,22.55,37.05,58.5,41590-60079,358.0,126.72857,37.15472
다사3107,am,0.174816,0.4133,-0.5322,0.1772,-0.5321,mid,0.0,2,1,2,0.4925,5.728,108.0,43.0,0.4537,서신면,-0.5321,-0.7093,0.34898,1,NEW_STOP,31240370,면,17.48,41.33,27.0,41590-37635,304.5,126.72848,37.16374
다사3108,am,0.163051,0.011,-0.578,-1.214,0.4559,drt,0.0,4,1,0,0.05,0.0,88.0,8.0,0.3864,서신면,0.4559,0.636,0.3261,1,DRT,31240370,면,16.31,1.1,22.0,41590-37824,928.3,126.72839,37.17275
다사3109,am,0.172397,0.011,-0.5416,-1.214,0.4998,drt,0.0,4,1,0,0.05,0.0,97.0,214.0,0.1856,마도면,0.4998,0.6724,0.34479,1,DRT,31240350,면,17.24,1.1,24.2,41590-55360,1518.1,126.7283,37.18176
다사3110,am,0.187625,0.011,-0.4822,-1.214,0.5747,drt,0.0,4,1,0,0.05,0.0,123.0,65.0,0.374,마도면,0.5747,0.7318,0.37525,2,DRT,31240350,면,18.76,1.1,30.8,41590-36357,969.4,126.7282,37.19078
다사3111,am,0.444169,0.56378,0.518,0.6975,-0.1795,ok,0.0,3,3,3,0.2238,23.939,778.0,204.0,0.1594,마도면,-0.1795,-0.1795,0.60654,4,NEW_STOP,31240350,면,44.42,56.38,194.5,41590-37069,465.7,126.72811,37.19979
다사3112,am,0.582977,0.89719,1.0592,1.8504,-0.7913,ok,0.0,1,4,4,0.8807,80.232,443.0,558.0,0.2257,송산면,-0.7913,-0.7913,0.52741,3,ADD_FREQ,31240360,면,58.3,89.72,110.8,41590-37370,71.6,126.72802,37.2088
다사3113,am,0.583067,0.521672,1.0595,0.5519,0.5076,ok,0.0,4,4,3,0.423,13.575,1377.0,526.0,0.2012,송산면,0.5076,0.5076,0.68963,4,NEW_STOP,31240360,면,58.31,52.17,344.2,41590-55206,346.2,126.72793,37.21782
다사3114,am,0.224321,0.608275,-0.3392,0.8514,-1.0502,over,0.0,1,2,3,0.9545,11.058,219.0,642.0,0.2237,송산면,-1.0502,-1.1905,0.43825,2,ADD_FREQ,31240360,면,22.43,60.83,54.8,41590-60074,27.3,126.72784,37.22683
다사3115,am,0.228083,0.536343,-0.3245,0.6026,-0.8267,over,0.0,1,2,3,0.5953,11.604,244.0,90.0,0.3279,송산면,-0.8267,-0.9271,0.44392,3,ADD_FREQ,31240360,면,22.81,53.63,61.0,41590-37079,242.8,126.72774,37.23584
다사3116,am,0.026331,0.011,-1.1111,-1.214,0.0226,mid,0.0,3,0,0,0.05,0.0,5.0,0.0,0.0,송산면,0.0226,0.1029,0.05266,0,DRT,31240360,면,2.63,1.1,1.2,41590-37401,1121.6,126.72765,37.24486
다사3117,am,0.056693,0.011,-0.9927,-1.214,0.0798,mid,0.0,3,0,0,0.05,0.0,8.0,0.0,0.625,송산면,0.0798,0.2213,0.11339,0,DRT,31240360,면,5.67,1.1,2.0,41590-37401,1604.0,126.72756,37.25387
다사3118,am,0.0,0.011,-1.2137,-1.214,0.0,mid,0.0,3,0,0,0.05,0.0,0.0,0.0,0.0,송산면,0.0,0.0003,0.0,0,DRT,31240360,면,0.0,1.1,0.0,41590-37096,2274.6,126.72747,37.26288
다사3119,am,0.0,0.011,-1.2137,-1.214,0.0,mid,0.0,3,0,0,0.05,0.0,0.0,0.0,0.0,송산면,0.0,0.0003,0.0,0,DRT,31240360,면,0.0,1.1,0.0,41590-37096,3062.5,126.72738,37.2719
다사3121,am,0.0,0.011,-1.2137,-1.214,0.0,mid,0.0,3,0,0,0.05,0.0,0.0,0.0,0.0,송산면,0.0,0.0003,0.0,0,DRT,31240360,면,0.0,1.1,0.0,41590-37096,4876.6,126.72719,37.28992
다사3200,am,0.0,0.011,-1.2137,-1.214,0.0,mid,0.0,3,0,0,0.05,0.0,0.0,0.0,0.0,우정읍,0.0,0.0003,0.0,0,DRT,31240130,읍,0.0,1.1,0.0,41590-36991,2598.5,126.74037,37.10071
다사3201,am,0.0,0.011,-1.2137,-1.214,0.0,mid,0.0,3,0,0,0.05,0.0,0.0,0.0,0.0,우정읍,0.0,0.0003,0.0,0,DRT,31240130,읍,0.0,1.1,0.0,41590-36866,2943.3,126.74028,37.10973
다사3202,am,0.0,0.011,-1.2137,-1.214,0.0,mid,0.0,3,0,0,0.05,0.0,0.0,0.0,0.0,우정읍,0.0,0.0003,0.0,0,DRT,31240130,읍,0.0,1.1,0.0,41590-36866,2837.2,126.74019,37.11874
다사3203,am,0.0,0.011,-1.2137,-1.214,0.0,mid,0.0,3,0,0,0.05,0.0,0.0,0.0,0.0,우정읍,0.0,0.0003,0.0,0,DRT,31240130,읍,0.0,1.1,0.0,41590-36866,3072.0,126.7401,37.12776
다사3206,am,0.107208,0.011,-0.7957,-1.214,0.2283,mid,0.0,3,0,0,0.05,0.0,38.0,11.0,0.2105,서신면,0.2283,0.4182,0.21442,0,DRT,31240370,면,10.72,1.1,9.5,41590-60079,1089.7,126.73983,37.1548
다사3207,am,0.172468,0.106957,-0.5413,-0.8822,0.2534,drt,0.0,4,1,1,0.4862,0.0,113.0,325.0,0.3274,서신면,0.2534,0.3409,0.34494,1,NEW_STOP,31240370,면,17.25,10.7,28.2,41590-37635,308.3,126.73974,37.16381
다사3208,am,0.185227,0.011,-0.4916,-1.214,0.5627,drt,0.0,4,1,0,0.05,0.0,133.0,77.0,0.3534,마도면,0.5627,0.7224,0.37045,2,DRT,31240350,면,18.52,1.1,33.2,41590-37635,608.2,126.73965,37.17282
다사3209,am,0.169067,0.011,-0.5546,-1.214,0.484,drt,0.0,4,1,0,0.05,0.0,103.0,40.0,0.4078,마도면,0.484,0.6594,0.33813,1,DRT,31240350,면,16.91,1.1,25.8,41590-55456,895.0,126.73956,37.18184
다사3210,am,0.223791,0.487626,-0.3412,0.4342,-0.6829,over,0.0,2,2,3,0.5255,9.232,234.0,417.0,0.2735,마도면,-0.6829,-0.7754,0.44413,3,ADD_FREQ,31240350,면,22.38,48.76,58.5,41590-55456,284.7,126.73947,37.19085
다사3211,am,0.174264,0.407135,-0.5343,0.1558,-0.5166,mid,0.0,2,1,2,0.05,10.897,113.0,56.0,0.5044,마도면,-0.5166,-0.6902,0.34465,1,DRT,31240350,면,17.43,40.71,28.2,41590-55458,591.9,126.73938,37.19986
다사3212,am,0.624564,0.64224,1.2213,0.9688,0.2525,ok,0.0,4,4,4,0.2868,36.347,555.0,626.0,0.2216,송산면,0.2525,0.2525,0.56216,3,NEW_STOP,31240360,면,62.46,64.22,138.8,41590-37088,427.9,126.73929,37.20888
다사3213,am,0.687943,0.568308,1.4684,0.7132,0.7552,need,1.21467,5,4,3,0.2635,23.293,2788.0,651.0,0.2156,송산면,0.7552,0.7552,0.79372,4,NEW_STOP,31240360,면,68.79,56.83,697.0,41590-37089,441.9,126.7392,37.21789
다사3214,am,0.149643,0.100796,-0.6303,-0.9035,0.1852,mid,0.0,3,1,1,0.05,0.753,68.0,89.0,0.3382,송산면,0.1852,0.2732,0.29842,1,DRT,31240360,면,14.96,10.08,17.0,41590-36746,631.3,126.73911,37.2269
다사3215,am,0.231368,0.466595,-0.3117,0.3615,-0.6058,over,0.0,2,2,3,0.5727,7.408,249.0,226.0,0.3614,송산면,-0.6058,-0.6731,0.45131,3,ADD_FREQ,31240360,면,23.14,46.66,62.2,41590-60052,256.4,126.73902,37.23592
다사3216,am,0.19261,0.438433,-0.4628,0.2641,-0.5807,mid,0.0,2,1,2,0.6797,5.086,133.0,16.0,0.4511,송산면,-0.5807,-0.7269,0.37628,2,ADD_FREQ,31240360,면,19.26,43.84,33.2,41590-37401,192.2,126.73893,37.24493
다사3217,am,0.0,0.011,-1.2137,-1.214,0.0,mid,0.0,3,0,0,0.05,0.0,0.0,0.0,0.0,송산면,0.0,0.0003,0.0,0,DRT,31240360,면,0.0,1.1,0.0,41590-37096,860.3,126.73884,37.25394
다사3218,am,0.0,0.011,-1.2137,-1.214,0.0,mid,0.0,3,0,0,0.05,0.0,0.0,0.0,0.0,송산면,0.0,0.0003,0.0,0,DRT,31240360,면,0.0,1.1,0.0,41590-37096,1716.0,126.73875,37.26296
다사3219,am,0.0,0.011,-1.2137,-1.214,0.0,mid,0.0,3,0,0,0.05,0.0,0.0,0.0,0.0,송산면,0.0,0.0003,0.0,0,DRT,31240360,면,0.0,1.1,0.0,41590-37096,2673.5,126.73865,37.27197
다사3220,am,0.0346,0.011,-1.0788,-1.214,0.0354,mid,0.0,3,0,0,0.05,0.0,8.0,3.0,0.0,송산면,0.0354,0.1352,0.0692,0,DRT,31240360,면,3.46,1.1,2.0,41590-37096,3653.4,126.73856,37.28098
다사3221,am,0.0,0.011,-1.2137,-1.214,0.0,mid,0.0,3,0,0,0.05,0.0,0.0,0.0,0.0,송산면,0.0,0.0003,0.0,0,DRT,31240360,면,0.0,1.1,0.0,41590-37096,4641.8,126.73847,37.28999
다사3300,am,0.0,0.011,-1.2137,-1.214,0.0,mid,0.0,3,0,0,0.05,0.0,0.0,0.0,0.0,우정읍,0.0,0.0003,0.0,0,DRT,31240130,읍,0.0,1.1,0.0,41590-36967,2308.2,126.75162,37.10079
다사3301,am,0.0,0.011,-1.2137,-1.214,0.0,mid,0.0,3,0,0,0.05,0.0,0.0,0.0,0.0,우정읍,0.0,0.0003,0.0,0,DRT,31240130,읍,0.0,1.1,0.0,41590-36866,2000.0,126.75154,37.1098
다사3302,am,0.0,0.011,-1.2137,-1.214,0.0,mid,0.0,3,0,0,0.05,0.0,0.0,0.0,0.0,우정읍,0.0,0.0003,0.0,0,DRT,31240130,읍,0.0,1.1,0.0,41590-36866,1840.3,126.75145,37.11881
다사3303,am,0.0,0.011,-1.2137,-1.214,0.0,mid,0.0,3,0,0,0.05,0.0,0.0,0.0,0.0,우정읍,0.0,0.0003,0.0,0,DRT,31240130,읍,0.0,1.1,0.0,41590-36866,2185.1,126.75136,37.12783
다사3304,am,0.0,0.011,-1.2137,-1.214,0.0,mid,0.0,3,0,0,0.05,0.0,0.0,0.0,0.0,우정읍,0.0,0.0003,0.0,0,DRT,31240130,읍,0.0,1.1,0.0,41590-36866,2856.7,126.75127,37.13684
다사3305,am,0.0,0.011,-1.2137,-1.214,0.0,mid,0.0,3,0,0,0.05,0.0,0.0,0.0,0.0,남양읍,0.0,0.0003,0.0,0,DRT,31240150,읍,0.0,1.1,0.0,41590-60079,2441.6,126.75118,37.14585
다사3308,am,0.173591,0.076303,-0.5369,-0.9882,0.3369,drt,0.0,4,1,1,0.3468,0.0,116.0,261.0,0.319,마도면,0.3369,0.4512,0.34718,1,NEW_STOP,31240350,면,17.36,7.63,29.0,41590-60025,391.9,126.75091,37.17289
다사3309,am,0.181595,0.390338,-0.5057,0.0978,-0.464,mid,0.0,2,1,2,0.4298,5.353,118.0,28.0,0.3559,마도면,-0.464,-0.6035,0.35425,1,NEW_STOP,31240350,면,18.16,39.03,29.5,41590-36972,342.1,126.75083,37.18191
다사3310,am,0.21557,0.273966,-0.3733,-0.3047,-0.059,mid,0.0,3,2,2,0.7287,1.035,223.0,624.0,0.1749,마도면,-0.059,-0.0686,0.43071,2,ADD_FREQ,31240350,면,21.56,27.4,55.8,41590-55456,162.8,126.75074,37.19092
다사3311,am,0.211607,0.523334,-0.3887,0.5577,-0.8037,over,0.0,1,2,3,0.2682,17.222,193.0,185.0,0.2694,마도면,-0.8037,-0.9464,0.41912,2,NEW_STOP,31240350,면,21.16,52.33,48.2,41590-55457,439.1,126.75065,37.19993
다사3312,am,0.287522,0.56652,-0.0927,0.707,-0.7997,mid,0.0,1,2,3,0.352,20.27,163.0,228.0,0.2577,마도면,-0.7997,-0.7997,0.3925,2,NEW_STOP,31240350,면,28.75,56.65,40.8,41590-37098,388.8,126.75056,37.20895
다사3313,am,0.209138,0.202663,-0.3983,-0.5512,0.1288,drt,0.0,3,2,1,0.5345,0.702,180.0,12.0,0.4611,송산면,0.1288,0.1529,0.41059,2,ADD_FREQ,31240360,면,20.91,20.27,45.0,41590-37095,279.3,126.75047,37.21796
다사3314,am,0.148995,0.30322,-0.6328,-0.2035,-0.2903,mid,0.0,2,1,2,0.1235,4.616,58.0,11.0,0.4483,송산면,-0.2903,-0.4293,0.29369,1,DRT,31240360,면,14.9,30.32,14.5,41590-36743,525.9,126.75038,37.22697
다사3315,am,0.165149,0.30519,-0.5699,-0.1967,-0.2698,mid,0.0,2,1,2,0.1733,4.309,89.0,27.0,0.4157,송산면,-0.2698,-0.3732,0.32706,1,NEW_STOP,31240360,면,16.51,30.52,22.2,41590-37093,496.0,126.75029,37.23599
다사3316,am,0.213431,0.232125,-0.3816,-0.4493,0.0578,drt,0.0,3,2,1,0.1633,2.409,198.0,11.0,0.4293,송산면,0.0578,0.0677,0.41461,2,NEW_STOP,31240360,면,21.34,23.21,49.5,41590-37090,502.0,126.7502,37.245
다사3317,am,0.128894,0.063449,-0.7112,-1.0326,0.1978,mid,0.0,3,1,1,0.05,0.388,33.0,0.0,0.697,송산면,0.1978,0.3214,0.25391,1,DRT,31240360,면,12.89,6.34,8.2,41590-37096,713.1,126.75011,37.25401
다사3318,am,0.0,0.011,-1.2137,-1.214,0.0,mid,0.0,3,0,0,0.05,0.0,0.0,0.0,0.0,송산면,0.0,0.0003,0.0,0,DRT,31240360,면,0.0,1.1,0.0,41590-37096,1647.0,126.75002,37.26303
다사3319,am,0.0,0.011,-1.2137,-1.214,0.0,mid,0.0,3,0,0,0.05,0.0,0.0,0.0,0.0,송산면,0.0,0.0003,0.0,0,DRT,31240360,면,0.0,1.1,0.0,41590-37096,2629.4,126.74993,37.27204
다사3320,am,0.0,0.011,-1.2137,-1.214,0.0,mid,0.0,3,0,0,0.05,0.0,0.0,0.0,0.0,송산면,0.0,0.0003,0.0,0,DRT,31240360,면,0.0,1.1,0.0,41590-37096,3621.3,126.74984,37.28105
다사3400,am,0.0,0.011,-1.2137,-1.214,0.0,mid,0.0,3,0,0,0.05,0.0,0.0,3.0,0.0,우정읍,0.0,0.0003,0.0,0,DRT,31240130,읍,0.0,1.1,0.0,41590-36967,1353.2,126.76288,37.10086
다사3401,am,0.068623,0.011,-0.9462,-1.214,0.1094,mid,0.0,3,0,0,0.05,0.0,13.0,12.0,0.0,우정읍,0.1094,0.2678,0.13725,0,DRT,31240130,읍,6.86,1.1,3.2,41590-36866,1157.9,126.76279,37.10987
다사3402,am,0.117593,0.011,-0.7553,-1.214,0.2659,mid,0.0,4,0,0,0.05,0.0,48.0,3.0,0.2708,우정읍,0.2659,0.4587,0.23519,1,DRT,31240130,읍,11.76,1.1,12.0,41590-36866,852.8,126.7627,37.11888
다사3403,am,0.0,0.011,-1.2137,-1.214,0.0,mid,0.0,3,0,0,0.05,0.0,0.0,0.0,0.0,우정읍,0.0,0.0003,0.0,0,DRT,31240130,읍,0.0,1.1,0.0,41590-36866,1453.8,126.76262,37.1279
다사3404,am,0.0,0.011,-1.2137,-1.214,0.0,mid,0.0,3,0,0,0.05,0.0,0.0,0.0,0.0,우정읍,0.0,0.0003,0.0,0,DRT,31240130,읍,0.0,1.1,0.0,41590-36865,2276.9,126.76253,37.13691
다사3405,am,0.0,0.011,-1.2137,-1.214,0.0,mid,0.0,3,0,0,0.05,0.0,0.0,0.0,0.0,남양읍,0.0,0.0003,0.0,0,DRT,31240150,읍,0.0,1.1,0.0,41590-60023,2953.7,126.76244,37.14592
다사3407,am,0.078634,0.011,-0.9071,-1.214,0.1369,mid,0.0,3,0,0,0.05,0.0,29.0,441.0,0.0,마도면,0.1369,0.3068,0.15727,0,DRT,31240350,면,7.86,1.1,7.2,41590-60023,979.0,126.76227,37.16395
다사3408,am,0.44447,0.627419,0.5191,0.9176,-0.3984,ok,0.0,2,3,4,0.5385,23.083,320.0,1310.0,0.1125,마도면,-0.3984,-0.3984,0.48267,3,ADD_FREQ,31240350,면,44.45,62.74,80.0,41590-60023,276.9,126.76218,37.17296
다사3409,am,0.270691,0.77248,-0.1584,1.4192,-1.5723,mid,0.0,0,2,4,0.4615,65.3,430.0,636.0,0.2279,마도면,-1.5723,-1.5776,0.52326,3,NEW_STOP,31240350,면,27.07,77.25,107.5,41590-55377,323.1,126.76209,37.18198
다사3410,am,0.284251,0.699647,-0.1055,1.1673,-1.2729,mid,0.0,0,2,4,0.669,30.612,457.0,907.0,0.2232,마도면,-1.2729,-1.2729,0.53181,3,ADD_FREQ,31240350,면,28.43,69.96,114.2,41590-55371,198.6,126.762,37.19099
다사3411,am,0.174146,0.011,-0.5348,-1.214,0.5082,drt,0.0,4,1,0,0.05,0.0,98.0,101.0,0.3469,마도면,0.5082,0.6792,0.34829,1,DRT,31240350,면,17.41,1.1,24.5,41590-60109,746.1,126.76191,37.2
다사3412,am,0.329131,0.894296,0.0695,1.8404,-1.771,mid,0.0,0,3,4,0.8338,84.083,159.0,400.0,0.3019,마도면,-1.771,-1.771,0.39158,2,ADD_FREQ,31240350,면,32.91,89.43,39.8,41590-55096,99.7,126.76183,37.20902
다사3413,am,0.163512,0.094573,-0.5762,-0.925,0.2505,drt,0.0,4,1,1,0.38,0.071,91.0,257.0,0.4945,송산면,0.2505,0.3488,0.32594,1,NEW_STOP,31240360,면,16.35,9.46,22.8,41590-37099,372.0,126.76174,37.21803
다사3414,am,0.143488,0.231101,-0.6543,-0.4529,-0.1329,mid,0.0,3,1,1,0.317,1.742,63.0,162.0,0.5714,송산면,-0.1329,-0.2014,0.2846,1,NEW_STOP,31240360,면,14.35,23.11,15.8,41590-37560,409.8,126.76165,37.22704
다사3415,am,0.142725,0.017274,-0.6573,-1.1923,0.3518,mid,0.0,4,1,1,0.05,0.04,48.0,78.0,0.6875,송산면,0.3518,0.535,0.28545,1,DRT,31240360,면,14.27,1.73,12.0,41590-37560,791.0,126.76156,37.23606
다사3416,am,0.045685,0.011,-1.0356,-1.214,0.0559,mid,0.0,3,0,0,0.05,0.0,13.0,3.0,0.0,송산면,0.0559,0.1784,0.09137,0,DRT,31240360,면,4.57,1.1,3.2,41590-37096,1404.4,126.76148,37.24507
다사3417,am,0.0,0.011,-1.2137,-1.214,0.0,mid,0.0,3,0,0,0.05,0.0,0.0,0.0,0.0,송산면,0.0,0.0003,0.0,0,DRT,31240360,면,0.0,1.1,0.0,41590-37096,1506.7,126.76139,37.25408
다사3418,am,0.0,0.011,-1.2137,-1.214,0.0,mid,0.0,3,0,0,0.05,0.0,0.0,0.0,0.0,송산면,0.0,0.0003,0.0,0,DRT,31240360,면,0.0,1.1,0.0,41590-37096,2116.9,126.7613,37.2631
다사3419,am,0.0,0.011,-1.2137,-1.214,0.0,mid,0.0,3,0,0,0.05,0.0,0.0,0.0,0.0,송산면,0.0,0.0003,0.0,0,DRT,31240360,면,0.0,1.1,0.0,41590-37096,2946.5,126.76121,37.27211
다사3420,am,0.0,0.011,-1.2137,-1.214,0.0,mid,0.0,3,0,0,0.05,0.0,0.0,0.0,0.0,송산면,0.0,0.0003,0.0,0,DRT,31240360,면,0.0,1.1,0.0,41590-37096,3857.6,126.76112,37.28112
다사3500,am,0.222278,0.296497,-0.3471,-0.2267,-0.1056,mid,0.0,3,2,2,0.1642,4.092,223.0,29.0,0.2691,우정읍,-0.1056,-0.1204,0.44004,2,NEW_STOP,31240130,읍,22.23,29.65,55.8,41590-36966,501.5,126.77413,37.10093
다사3501,am,0.14282,0.174681,-0.6569,-0.648,-0.0059,mid,0.0,3,1,1,0.1085,1.567,58.0,3.0,0.3621,우정읍,-0.0059,-0.0089,0.28028,1,DRT,31240130,읍,14.28,17.47,14.5,41590-36967,534.9,126.77404,37.10994
다사3502,am,0.328442,0.63995,0.0668,0.9609,-0.8941,mid,0.0,1,3,4,0.8952,14.948,408.0,29.0,0.3554,우정읍,-0.8941,-0.8941,0.51859,3,ADD_FREQ,31240130,읍,32.84,64.0,102.0,41590-36865,62.9,126.77396,37.11895
다사3503,am,0.194908,0.011,-0.4538,-1.214,0.612,drt,0.0,4,1,0,0.05,0.0,165.0,528.0,0.0606,우정읍,0.612,0.7602,0.38982,2,DRT,31240130,읍,19.49,1.1,41.2,41590-36865,953.3,126.77387,37.12797
다사3504,am,0.0,0.011,-1.2137,-1.214,0.0,mid,0.0,3,0,0,0.05,0.0,0.0,0.0,0.0,우정읍,0.0,0.0003,0.0,0,DRT,31240130,읍,0.0,1.1,0.0,41590-36865,1941.0,126.77379,37.13698
다사3506,am,0.0,0.011,-1.2137,-1.214,0.0,mid,0.0,3,0,0,0.05,0.0,0.0,0.0,0.0,남양읍,0.0,0.0003,0.0,0,DRT,31240150,읍,0.0,1.1,0.0,41590-37668,1896.2,126.77361,37.15501
다사3507,am,0.156849,0.011,-0.6022,-1.214,0.4277,mid,0.0,4,1,0,0.05,0.0,103.0,886.0,0.0,마도면,0.4277,0.6118,0.3137,1,DRT,31240350,면,15.68,1.1,25.8,41590-37668,897.0,126.77353,37.16402
다사3508,am,0.532917,0.703309,0.864,1.18,-0.316,ok,0.0,2,4,4,0.8575,23.958,528.0,2260.0,0.0492,마도면,-0.316,-0.316,0.5488,3,ADD_FREQ,31240350,면,53.29,70.33,132.0,41590-55426,85.5,126.77344,37.17303
다사3509,am,0.214312,0.452208,-0.3782,0.3117,-0.5907,over,0.0,2,2,3,0.05,14.769,209.0,597.0,0.1722,마도면,-0.5907,-0.6899,0.42711,2,DRT,31240350,면,21.43,45.22,52.2,41590-55264,597.7,126.77336,37.18205
다사3510,am,0.22282,0.011,-0.345,-1.214,0.7632,mid,0.0,5,2,0,0.05,0.0,239.0,884.0,0.1088,마도면,0.7632,0.869,0.44564,3,DRT,31240350,면,22.28,1.1,59.8,41590-55265,849.1,126.77327,37.19106
다사3511,am,0.388571,0.713511,0.3012,1.2153,-0.9141,ok,0.0,1,3,4,0.9323,23.0,794.0,248.0,0.2103,마도면,-0.9141,-0.9141,0.61288,4,ADD_FREQ,31240350,면,38.86,71.35,198.5,41590-60066,40.6,126.77318,37.20007
다사3512,am,0.670204,0.822332,1.3992,1.5916,-0.1924,ok,0.0,3,4,4,0.5782,76.121,1207.0,683.0,0.1558,마도면,-0.1924,-0.1924,0.67011,4,ADD_FREQ,31240350,면,67.02,82.23,301.8,41590-37105,253.1,126.7731,37.20909
다사3513,am,0.134792,0.011,-0.6882,-1.214,0.3331,mid,0.0,4,1,0,0.05,0.0,58.0,313.0,0.0,송산면,0.3331,0.5258,0.26958,1,DRT,31240360,면,13.48,1.1,14.5,41590-36609,676.0,126.77301,37.2181
다사3514,am,0.0,0.011,-1.2137,-1.214,0.0,mid,0.0,3,0,0,0.05,0.0,0.0,339.0,0.0,송산면,0.0,0.0003,0.0,0,DRT,31240360,면,0.0,1.1,0.0,41590-37560,1075.8,126.77292,37.22711
다사3515,am,0.0,0.011,-1.2137,-1.214,0.0,mid,0.0,3,0,0,0.05,0.0,0.0,0.0,0.0,송산면,0.0,0.0003,0.0,0,DRT,31240360,면,0.0,1.1,0.0,41590-37560,1496.9,126.77284,37.23613
다사3516,am,0.0,0.011,-1.2137,-1.214,0.0,mid,0.0,3,0,0,0.05,0.0,0.0,0.0,0.0,송산면,0.0,0.0003,0.0,0,DRT,31240360,면,0.0,1.1,0.0,41590-60095,1364.6,126.77275,37.24514
다사3517,am,0.0,0.011,-1.2137,-1.214,0.0,mid,0.0,3,0,0,0.05,0.0,0.0,0.0,0.0,송산면,0.0,0.0003,0.0,0,DRT,31240360,면,0.0,1.1,0.0,41590-60095,1491.9,126.77266,37.25415
다사3518,am,0.0,0.011,-1.2137,-1.214,0.0,mid,0.0,3,0,0,0.05,0.0,0.0,0.0,0.0,송산면,0.0,0.0003,0.0,0,DRT,31240360,면,0.0,1.1,0.0,41590-60095,2142.3,126.77258,37.26317
다사3519,am,0.0,0.011,-1.2137,-1.214,0.0,mid,0.0,3,0,0,0.05,0.0,0.0,0.0,0.0,송산면,0.0,0.0003,0.0,0,DRT,31240360,면,0.0,1.1,0.0,41590-36538,2924.5,126.77249,37.27218
다사3600,am,0.308744,0.629376,-0.01,0.9244,-0.9344,mid,0.0,1,3,4,0.8577,14.718,384.0,28.0,0.3594,우정읍,-0.9344,-0.9344,0.51538,3,ADD_FREQ,31240130,읍,30.87,62.94,96.0,41590-36889,85.4,126.78538,37.10099
다사3601,am,0.25346,0.30133,-0.2256,-0.21,-0.0148,mid,0.0,3,2,2,0.1023,4.714,288.0,24.0,0.2951,우정읍,-0.0148,-0.0155,0.47393,3,DRT,31240130,읍,25.35,30.13,72.0,41590-37829,538.6,126.7853,37.11001
다사3602,am,0.332218,0.626087,0.0815,0.913,-0.8315,mid,0.0,1,3,4,0.8383,14.813,418.0,88.0,0.299,우정읍,-0.8315,-0.8315,0.52397,3,ADD_FREQ,31240130,읍,33.22,62.61,104.5,41590-37451,97.0,126.78521,37.11902
다사3603,am,0.174697,0.011,-0.5326,-1.214,0.5109,drt,0.0,4,1,0,0.05,0.0,113.0,141.0,0.3451,우정읍,0.5109,0.6814,0.34939,1,DRT,31240130,읍,17.47,1.1,28.2,41590-36817,915.1,126.78513,37.12804
다사3604,am,0.043271,0.011,-1.045,-1.214,0.0511,mid,0.0,3,0,0,0.05,0.0,8.0,43.0,0.0,우정읍,0.0511,0.169,0.08654,0,DRT,31240130,읍,4.33,1.1,2.0,41590-36862,1405.0,126.78504,37.13705
다사3606,am,0.1719,0.011,-0.5435,-1.214,0.4974,drt,0.0,4,1,0,0.05,0.0,98.0,9.0,0.449,남양읍,0.4974,0.6705,0.3438,1,DRT,31240150,읍,17.19,1.1,24.5,41590-60017,933.3,126.78488,37.15508
다사3608,am,0.308724,0.430985,-0.0101,0.2383,-0.2484,mid,0.0,3,3,2,0.217,9.976,248.0,854.0,0.1048,마도면,-0.2484,-0.2484,0.44254,3,NEW_STOP,31240350,면,30.87,43.1,62.0,41590-37552,469.8,126.78471,37.1731
다사3609,am,0.559553,0.582931,0.9678,0.7637,0.2041,ok,0.0,3,4,3,0.7588,12.469,834.0,1839.0,0.0923,마도면,0.2041,0.2041,0.61675,4,ADD_FREQ,31240350,면,55.96,58.29,208.5,41590-37752,144.7,126.78462,37.18212
다사3610,am,0.313608,0.351131,0.009,-0.0378,0.0468,mid,0.0,3,3,2,0.083,7.011,323.0,723.0,0.1703,마도면,0.0468,0.0468,0.48471,3,DRT,31240350,면,31.36,35.11,80.8,41590-37118,550.2,126.78454,37.19113
다사3611,am,0.4203,0.565553,0.4249,0.7037,-0.2787,ok,0.0,2,3,3,0.2653,22.818,379.0,679.0,0.3351,마도면,-0.2787,-0.2787,0.50889,3,NEW_STOP,31240350,면,42.03,56.56,94.8,41590-37114,440.8,126.78445,37.20014
다사3612,am,0.545308,0.655204,0.9123,1.0137,-0.1014,ok,0.0,3,4,4,0.3062,38.437,825.0,429.0,0.2,마도면,-0.1014,-0.1014,0.61657,4,NEW_STOP,31240350,면,54.53,65.52,206.2,41590-37109,416.3,126.78437,37.20916
다사3613,am,0.272081,0.679061,-0.153,1.0962,-1.2491,mid,0.0,0,2,4,0.597,29.688,284.0,359.0,0.2993,마도면,-1.2491,-1.2491,0.46255,3,ADD_FREQ,31240350,면,27.21,67.91,71.0,41590-36567,241.8,126.78428,37.21817
다사3614,am,0.142512,0.011,-0.6581,-1.214,0.3651,mid,0.0,4,1,0,0.05,0.0,53.0,33.0,0.434,마도면,0.3651,0.5559,0.28502,1,DRT,31240350,면,14.25,1.1,13.2,41590-36564,859.0,126.78419,37.22718
다사3615,am,0.022636,0.011,-1.1255,-1.214,0.0176,mid,0.0,3,0,0,0.05,0.0,5.0,0.0,0.0,남양읍,0.0176,0.0885,0.04527,0,DRT,31240150,읍,2.26,1.1,1.2,41590-60095,1357.7,126.78411,37.2362
다사3616,am,0.059587,0.248621,-0.9814,-0.3923,-0.2195,mid,0.0,3,0,2,0.2392,2.405,8.0,0.0,1.25,남양읍,-0.2195,-0.5891,0.11874,0,NEW_STOP,31240150,읍,5.96,24.86,2.0,41590-60095,456.5,126.78402,37.24521
다사3617,am,0.0,0.054074,-1.2137,-1.065,-0.0,mid,0.0,3,0,1,0.05,0.309,0.0,0.0,0.0,송산면,-0.0,-0.1487,0.0,0,DRT,31240360,면,0.0,5.41,0.0,41590-60095,755.8,126.78394,37.25422
다사3618,am,0.0,0.011,-1.2137,-1.214,0.0,mid,0.0,3,0,0,0.05,0.0,0.0,0.0,0.0,송산면,0.0,0.0003,0.0,0,DRT,31240360,면,0.0,1.1,0.0,41590-36540,1634.9,126.78385,37.26324
다사3619,am,0.0,0.011,-1.2137,-1.214,0.0,mid,0.0,3,0,0,0.05,0.0,0.0,0.0,0.0,송산면,0.0,0.0003,0.0,0,DRT,31240360,면,0.0,1.1,0.0,41590-36538,2021.5,126.78377,37.27225
다사3620,am,0.0,0.011,-1.2137,-1.214,0.0,mid,0.0,3,0,0,0.05,0.0,0.0,0.0,0.0,송산면,0.0,0.0003,0.0,0,DRT,31240360,면,0.0,1.1,0.0,41590-55547,2187.3,126.78368,37.28126
다사3700,am,0.211989,0.527211,-0.3872,0.5711,-0.8148,over,0.0,1,2,3,0.845,7.445,133.0,138.0,0.3308,우정읍,-0.8148,-0.9583,0.36866,2,ADD_FREQ,31240130,읍,21.2,52.72,33.2,41590-36718,93.0,126.79664,37.10106
다사3701,am,0.312613,0.702752,0.0051,1.1781,-1.173,mid,0.0,1,3,4,0.7222,28.959,310.0,376.0,0.2774,우정읍,-1.173,-1.173,0.47771,3,ADD_FREQ,31240130,읍,31.26,70.28,77.5,41590-37826,166.7,126.79655,37.11008
다사3702,am,0.356797,0.533273,0.1773,0.592,-0.4147,mid,0.0,2,3,3,0.5938,11.39,356.0,213.0,0.2725,우정읍,-0.4147,-0.4147,0.4971,3,ADD_FREQ,31240130,읍,35.68,53.33,89.0,41590-36861,243.7,126.79647,37.11909
다사3703,am,0.411327,0.556701,0.3899,0.673,-0.2831,ok,0.0,2,3,3,0.9825,7.405,413.0,415.0,0.2397,우정읍,-0.2831,-0.2831,0.52019,3,ADD_FREQ,31240130,읍,41.13,55.67,103.2,41590-36862,10.5,126.79639,37.1281
다사3704,am,0.156323,0.011,-0.6043,-1.214,0.4253,mid,0.0,4,1,0,0.05,0.0,85.0,306.0,0.0588,우정읍,0.4253,0.6097,0.31265,1,DRT,31240130,읍,15.63,1.1,21.2,41590-36862,991.5,126.7963,37.13712
다사3705,am,0.0,0.011,-1.2137,-1.214,0.0,mid,0.0,3,0,0,0.05,0.0,0.0,0.0,0.0,우정읍,0.0,0.0003,0.0,0,DRT,31240130,읍,0.0,1.1,0.0,41590-60017,864.2,126.79622,37.14613
다사3706,am,0.175804,0.527345,-0.5283,0.5715,-0.828,over,0.0,1,1,3,0.7353,8.828,98.0,325.0,0.3469,남양읍,-0.828,-1.0998,0.33529,1,ADD_FREQ,31240150,읍,17.58,52.73,24.5,41590-60017,158.8,126.79614,37.15514
다사3707,am,0.121793,0.142844,-0.7389,-0.7581,0.0114,mid,0.0,3,1,1,0.05,1.28,43.0,126.0,0.2326,남양읍,0.0114,0.0192,0.24359,1,DRT,31240150,읍,12.18,14.28,10.8,41590-37948,617.2,126.79605,37.16416
다사3708,am,0.254432,0.574035,-0.2218,0.733,-0.914,mid,0.0,1,2,3,0.5795,15.304,259.0,476.0,0.1892,남양읍,-0.914,-0.9547,0.4522,3,ADD_FREQ,31240150,읍,25.44,57.4,64.8,41590-60094,252.3,126.79597,37.17317
다사3709,am,0.353323,0.332347,0.1638,-0.1028,0.2666,mid,0.0,4,3,2,0.3982,3.618,266.0,1625.0,0.0301,남양읍,0.2666,0.2666,0.44979,3,NEW_STOP,31240150,읍,35.33,33.23,66.5,41590-60100,361.1,126.79589,37.18218
다사3710,am,0.32675,0.663104,0.0602,1.041,-0.9808,mid,0.0,1,3,4,0.606,26.433,195.0,586.0,0.1897,마도면,-0.9808,-0.9808,0.41505,2,ADD_FREQ,31240350,면,32.67,66.31,48.8,41590-37753,236.4,126.7958,37.1912
다사3711,am,0.42073,0.612128,0.4266,0.8647,-0.4381,ok,0.0,2,3,3,0.5792,19.697,367.0,448.0,0.1608,남양읍,-0.4381,-0.4381,0.49979,3,ADD_FREQ,31240150,읍,42.07,61.21,91.8,41590-55179,252.5,126.79572,37.20021
다사3712,am,0.359299,0.238464,0.1871,-0.4274,0.6145,mid,0.0,4,3,1,0.05,3.145,742.0,248.0,0.2156,마도면,0.6145,0.6145,0.60028,4,DRT,31240350,면,35.93,23.85,185.5,41590-60037,628.2,126.79563,37.20922
다사3713,am,0.239195,0.403082,-0.2812,0.1418,-0.389,mid,0.0,2,2,2,0.0685,10.308,211.0,698.0,0.1469,마도면,-0.389,-0.423,0.42006,2,DRT,31240350,면,23.92,40.31,52.8,41590-36565,558.9,126.79555,37.21824
다사3714,am,0.194757,0.408664,-0.4544,0.1611,-0.4953,mid,0.0,2,1,2,0.4325,6.098,93.0,154.0,0.4194,남양읍,-0.4953,-0.6155,0.34121,1,NEW_STOP,31240150,읍,19.48,40.87,23.2,41590-36562,340.5,126.79547,37.22725
다사3715,am,0.165041,0.13486,-0.5703,-0.7857,0.1556,drt,0.0,3,1,1,0.05,1.169,88.0,0.0,0.5568,남양읍,0.1556,0.2154,0.32706,1,DRT,31240150,읍,16.5,13.49,22.0,41590-36550,706.4,126.79538,37.23626
다사3716,am,0.164694,0.357417,-0.5716,-0.0161,-0.4009,mid,0.0,2,1,2,0.2122,5.976,88.0,5.0,0.4773,남양읍,-0.4009,-0.5555,0.32658,1,NEW_STOP,31240150,읍,16.47,35.74,22.0,41590-36544,472.7,126.7953,37.24528
다사3717,am,0.113585,0.46706,-0.7709,0.3631,-0.6427,over,0.0,2,0,3,0.5395,7.826,23.0,5.0,0.4348,남양읍,-0.6427,-1.134,0.22501,0,ADD_FREQ,31240150,읍,11.36,46.71,5.8,41590-36542,276.3,126.79521,37.25429
다사3718,am,0.111484,0.194145,-0.7791,-0.5807,-0.1111,mid,0.0,3,0,1,0.05,2.142,23.0,3.0,0.6522,남양읍,-0.1111,-0.1984,0.22145,0,DRT,31240150,읍,11.15,19.41,5.8,41590-36540,700.8,126.79513,37.2633
다사3719,am,0.0,0.011,-1.2137,-1.214,0.0,mid,0.0,3,0,0,0.05,0.0,0.0,0.0,0.0,송산면,0.0,0.0003,0.0,0,DRT,31240360,면,0.0,1.1,0.0,41590-36538,1273.2,126.79505,37.27232
다사3720,am,0.0,0.011,-1.2137,-1.214,0.0,mid,0.0,3,0,0,0.05,0.0,0.0,0.0,0.0,송산면,0.0,0.0003,0.0,0,DRT,31240360,면,0.0,1.1,0.0,41590-55547,1280.1,126.79496,37.28133
다사3721,am,0.0,0.011,-1.2137,-1.214,0.0,mid,0.0,3,0,0,0.05,0.0,0.0,97.0,0.0,송산면,0.0,0.0003,0.0,0,DRT,31240360,면,0.0,1.1,0.0,41590-55547,1113.6,126.79488,37.29034
다사3800,am,0.174875,0.410277,-0.5319,0.1667,-0.5242,mid,0.0,2,1,2,0.1198,10.022,98.0,16.0,0.3673,우정읍,-0.5242,-0.6986,0.32865,1,DRT,31240130,읍,17.49,41.03,24.5,41590-36923,528.1,126.80789,37.10113
다사3801,am,0.275804,0.557389,-0.1384,0.6754,-0.8139,mid,0.0,1,2,3,0.4118,17.503,223.0,558.0,0.4619,우정읍,-0.8139,-0.8139,0.43877,2,NEW_STOP,31240130,읍,27.58,55.74,55.8,41590-37414,352.9,126.80781,37.11014
다사3802,am,0.230267,0.224056,-0.316,-0.4772,0.1447,mid,0.0,3,2,1,0.05,2.788,188.0,760.0,0.2234,우정읍,0.1447,0.1613,0.41293,2,DRT,31240130,읍,23.03,22.41,47.0,41590-37537,616.8,126.80773,37.11916
다사3803,am,0.182673,0.140654,-0.5015,-0.7656,0.2039,drt,0.0,3,1,1,0.05,1.249,91.0,419.0,0.1978,우정읍,0.2039,0.2641,0.3261,1,DRT,31240130,읍,18.27,14.07,22.8,41590-36857,701.6,126.80764,37.12817
다사3804,am,0.232953,0.234515,-0.3055,-0.4411,0.1226,mid,0.0,3,2,1,0.138,2.583,123.0,510.0,0.1057,우정읍,0.1226,0.1356,0.35076,1,DRT,31240130,읍,23.3,23.45,30.8,41590-36856,517.2,126.80756,37.13718
다사3805,am,0.043679,0.011,-1.0434,-1.214,0.0519,mid,0.0,3,0,0,0.05,0.0,8.0,10.0,1.25,장안면,0.0519,0.1706,0.08736,0,DRT,31240390,면,4.37,1.1,2.0,41590-55660,862.7,126.80748,37.1462
다사3806,am,0.190586,0.378394,-0.4707,0.0565,-0.4182,mid,0.0,2,1,2,0.4912,4.419,78.0,316.0,0.2949,남양읍,-0.4182,-0.5271,0.3163,1,NEW_STOP,31240150,읍,19.06,37.84,19.5,41590-60017,305.3,126.8074,37.15521
다사3807,am,0.290338,0.463244,-0.0818,0.3499,-0.4316,mid,0.0,2,2,3,0.7472,5.477,289.0,218.0,0.2699,남양읍,-0.4316,-0.4316,0.47387,3,ADD_FREQ,31240150,읍,29.03,46.32,72.2,41590-60012,151.7,126.80731,37.16422
다사3808,am,0.313291,0.550493,0.0077,0.6516,-0.6439,mid,0.0,2,3,3,0.7008,10.91,280.0,817.0,0.1857,남양읍,-0.6439,-0.6439,0.46582,3,ADD_FREQ,31240150,읍,31.33,55.05,70.0,41590-55473,179.5,126.80723,37.17324
다사3809,am,0.219865,0.162495,-0.3565,-0.6901,0.2904,drt,0.0,4,2,1,0.05,1.578,223.0,87.0,0.3587,남양읍,0.2904,0.3336,0.42523,2,DRT,31240150,읍,21.99,16.25,55.8,41590-55693,574.6,126.80715,37.18225
다사3810,am,0.138697,0.011,-0.673,-1.214,0.3491,mid,0.0,4,1,0,0.05,0.0,63.0,76.0,0.4127,남양읍,0.3491,0.541,0.27739,1,DRT,31240150,읍,13.87,1.1,15.8,41590-55693,919.3,126.80707,37.19126
다사3811,am,0.623279,0.496843,1.2163,0.4661,0.7502,need,1.13281,5,4,3,0.05,19.844,1969.0,112.0,0.1894,남양읍,0.7502,0.7502,0.7417,4,DRT,31240150,읍,62.33,49.68,492.2,41590-36009,586.1,126.80699,37.20028
다사3812,am,0.696667,0.782621,1.5024,1.4543,0.0481,ok,0.0,3,4,4,0.592,58.034,2379.0,761.0,0.2404,남양읍,0.0481,0.0481,0.76985,4,ADD_FREQ,31240150,읍,69.67,78.26,594.8,41590-60035,244.8,126.8069,37.20929
다사3813,am,0.212398,0.168463,-0.3856,-0.6695,0.2416,drt,0.0,3,2,1,0.05,1.676,209.0,25.0,0.2584,남양읍,0.2416,0.2838,0.42242,2,DRT,31240150,읍,21.24,16.85,52.2,41590-36558,672.7,126.80682,37.2183
다사3814,am,0.193817,0.595751,-0.4581,0.8081,-1.0156,over,0.0,1,1,3,0.6922,14.994,128.0,5.0,0.4062,남양읍,-1.0156,-1.2662,0.37911,2,ADD_FREQ,31240150,읍,19.38,59.58,32.0,41590-36556,184.7,126.80674,37.22732
다사3815,am,0.175281,0.516843,-0.5303,0.5352,-0.8007,over,0.0,1,1,3,0.5025,11.677,93.0,11.0,0.5484,남양읍,-0.8007,-1.0656,0.33224,1,ADD_FREQ,31240150,읍,17.53,51.68,23.2,41590-36551,298.5,126.80666,37.23633
다사3816,am,0.169751,0.398856,-0.5519,0.1272,-0.4998,mid,0.0,2,1,2,0.1662,8.629,98.0,11.0,0.3469,남양읍,-0.4998,-0.6791,0.33393,1,NEW_STOP,31240150,읍,16.98,39.89,24.5,41590-36547,500.3,126.80657,37.24534
다사3817,am,0.024036,0.162991,-1.12,-0.6884,-0.0891,mid,0.0,3,0,1,0.05,1.586,5.0,0.0,0.0,남양읍,-0.0891,-0.4316,0.04742,0,DRT,31240150,읍,2.4,16.3,1.2,41590-36541,656.0,126.80649,37.25436
다사3818,am,0.161818,0.678071,-0.5828,1.0927,-1.1953,over,0.0,1,1,4,0.7575,23.458,68.0,0.0,0.6618,남양읍,-1.1953,-1.6756,0.31016,1,ADD_FREQ,31240150,읍,16.18,67.81,17.0,41590-36536,145.5,126.80641,37.26337
다사3819,am,0.167475,0.412753,-0.5608,0.1753,-0.5369,mid,0.0,2,1,2,0.206,8.943,68.0,8.0,0.5294,송산면,-0.5369,-0.7361,0.33022,1,NEW_STOP,31240360,면,16.75,41.28,17.0,41590-36533,476.4,126.80633,37.27238
다사3820,am,0.135851,0.065396,-0.6841,-1.0259,0.2176,mid,0.0,3,1,1,0.05,0.405,48.0,5.0,0.4167,남양읍,0.2176,0.3418,0.26911,1,DRT,31240150,읍,13.59,6.54,12.0,41590-55547,702.2,126.80624,37.2814
다사3821,am,0.232616,0.279501,-0.3068,-0.2855,-0.0192,mid,0.0,3,2,2,0.4838,1.95,128.0,8.0,0.1016,새솔동,-0.0192,-0.0213,0.36326,1,NEW_STOP,31240670,동,23.26,27.95,32.0,41590-55547,309.7,126.80616,37.29041
다사3900,am,0.217789,0.528601,-0.3646,0.5759,-0.8138,over,0.0,1,2,3,0.618,10.64,181.0,57.0,0.5801,우정읍,-0.8138,-0.9405,0.41212,2,ADD_FREQ,31240130,읍,21.78,52.86,45.2,41590-37845,229.2,126.81914,37.10119
다사3901,am,0.245658,0.299858,-0.256,-0.2151,-0.0382,mid,0.0,3,2,2,0.264,3.533,143.0,50.0,0.4336,장안면,-0.0382,-0.0408,0.38266,2,NEW_STOP,31240390,면,24.57,29.99,35.8,41590-37844,441.6,126.81906,37.11021
다사3902,am,0.382942,0.621065,0.2793,0.8956,-0.6163,ok,0.0,2,3,4,0.8505,14.07,241.0,834.0,0.1618,우정읍,-0.6163,-0.6163,0.44181,2,ADD_FREQ,31240130,읍,38.29,62.11,60.2,41590-36962,89.7,126.81898,37.11922
다사3903,am,0.248916,0.479939,-0.2433,0.4076,-0.6143,mid,0.0,2,2,3,0.4948,9.172,118.0,112.0,0.4407,우정읍,-0.6143,-0.6509,0.35544,1,NEW_STOP,31240130,읍,24.89,47.99,29.5,41590-37580,303.1,126.8189,37.12823
다사3904,am,0.338016,0.508107,0.1041,0.505,-0.4009,mid,0.0,2,3,3,0.6098,9.356,179.0,449.0,0.1844,장안면,-0.4009,-0.4009,0.40941,2,ADD_FREQ,31240390,면,33.8,50.81,44.8,41590-37420,234.1,126.81882,37.13725
다사3905,am,0.38253,0.56561,0.2777,0.7038,-0.4262,ok,0.0,2,3,3,0.9247,8.622,269.0,945.0,0.0,장안면,-0.4262,-0.4262,0.44413,3,ADD_FREQ,31240390,면,38.25,56.56,67.2,41590-55616,45.2,126.81874,37.14626
다사3906,am,0.045194,0.160936,-1.0375,-0.6955,-0.1065,mid,0.0,3,0,1,0.05,1.553,0.0,37.0,0.0,남양읍,-0.1065,-0.342,0.0,0,DRT,31240150,읍,4.52,16.09,0.0,41590-37973,658.8,126.81866,37.15527
다사3907,am,0.312745,0.445111,0.0056,0.2872,-0.2816,mid,0.0,2,3,2,0.4268,7.984,198.0,15749.0,0.1667,남양읍,-0.2816,-0.2816,0.4123,2,NEW_STOP,31240150,읍,31.27,44.51,49.5,41590-37973,343.9,126.81858,37.16429
다사3908,am,0.425346,0.661503,0.4446,1.0354,-0.5909,ok,0.0,2,3,4,0.6668,23.98,411.0,945.0,0.18,남양읍,-0.5909,-0.5909,0.51645,3,ADD_FREQ,31240150,읍,42.53,66.15,102.8,41590-60107,199.9,126.8185,37.1733
다사3909,am,0.382971,0.699968,0.2794,1.1685,-0.8891,ok,0.0,1,3,4,0.8975,22.134,297.0,803.0,0.1919,남양읍,-0.8891,-0.8891,0.47275,3,ADD_FREQ,31240150,읍,38.3,70.0,74.2,41590-55809,61.5,126.81842,37.18232
다사3910,am,0.837119,0.765249,2.05,1.3942,0.6558,ok,0.0,4,4,4,0.7513,41.538,7182.0,1059.0,0.0987,남양읍,0.6558,0.6558,0.928,4,ADD_FREQ,31240150,읍,83.71,76.52,1795.5,41590-60040,149.2,126.81833,37.19133
다사3911,am,0.849143,0.792824,2.0969,1.4896,0.6073,ok,0.0,4,4,4,0.5537,65.328,8841.0,760.0,0.0717,남양읍,0.6073,0.6073,0.95564,4,ADD_FREQ,31240150,읍,84.91,79.28,2210.2,41590-36157,267.8,126.81825,37.20034
다사3912,am,0.949246,0.971363,2.4871,2.1069,0.3802,ok,0.0,4,4,4,0.8698,194.181,5807.0,2611.0,0.144,남양읍,0.3802,0.3802,0.89849,4,ADD_FREQ,31240150,읍,94.92,97.14,1451.8,41590-36021,78.1,126.81817,37.20936
다사3913,am,0.256922,0.571974,-0.2121,0.7259,-0.9036,mid,0.0,1,2,3,0.6767,13.082,359.0,431.0,0.2646,남양읍,-0.9036,-0.9379,0.50407,3,ADD_FREQ,31240150,읍,25.69,57.2,89.8,41590-36559,194.0,126.81809,37.21837
다사3914,am,0.139918,0.011,-0.6682,-1.214,0.3542,mid,0.0,4,1,0,0.05,0.0,43.0,0.0,0.5814,남양읍,0.3542,0.5458,0.27984,1,DRT,31240150,읍,13.99,1.1,10.8,41590-36557,666.6,126.81801,37.22738
다사3915,am,0.113997,0.324314,-0.7693,-0.1305,-0.3629,mid,0.0,2,0,2,0.2225,4.592,18.0,3.0,1.2778,남양읍,-0.3629,-0.6387,0.22691,0,NEW_STOP,31240150,읍,11.4,32.43,4.5,41590-36365,466.5,126.81793,37.2364
다사3916,am,0.097686,0.469282,-0.8329,0.3707,-0.6185,over,0.0,2,0,3,0.4943,8.523,23.0,3.0,0.2174,남양읍,-0.6185,-1.2036,0.19343,0,NEW_STOP,31240150,읍,9.77,46.93,5.8,41590-36517,303.4,126.81785,37.24541
다사3917,am,0.207849,0.648628,-0.4034,0.9909,-1.1704,over,0.0,1,2,4,0.7448,19.704,173.0,11.0,0.4913,남양읍,-1.1704,-1.3943,0.41311,2,ADD_FREQ,31240150,읍,20.78,64.86,43.2,41590-36520,153.1,126.81777,37.25442
다사3918,am,0.171767,0.662062,-0.544,1.0374,-1.1728,over,0.0,1,1,4,0.896,17.291,98.0,11.0,0.3163,남양읍,-1.1728,-1.5814,0.33902,1,ADD_FREQ,31240150,읍,17.18,66.21,24.5,41590-36524,62.4,126.81769,37.26344
다사3919,am,0.278017,0.564826,-0.1298,0.7011,-0.8309,mid,0.0,1,2,3,0.4343,17.793,203.0,132.0,0.3202,남양읍,-0.8309,-0.8309,0.42654,2,NEW_STOP,31240150,읍,27.8,56.48,50.8,41590-36527,339.4,126.8176,37.27245
다사3920,am,0.901393,0.6151,2.3006,0.875,1.4256,need,2.0475,6,4,3,0.6852,17.225,8559.0,2566.0,0.0574,새솔동,1.4256,1.4256,0.95077,4,ADD_FREQ,31240670,동,90.14,61.51,2139.8,41590-55770,188.9,126.81752,37.28146
다사3921,am,0.877366,0.547675,2.2069,0.6418,1.5651,need,2.35692,6,4,3,0.754,9.877,12155.0,821.0,0.0722,새솔동,1.5651,1.5651,1.0,4,ADD_FREQ,31240670,동,87.74,54.77,3038.8,41590-55598,147.6,126.81744,37.29048
다사4000,am,0.274947,0.191734,-0.1418,-0.589,0.4472,mid,0.0,4,2,1,0.05,2.095,185.0,607.0,0.0703,우정읍,0.4472,0.4472,0.40886,2,DRT,31240130,읍,27.49,19.17,46.2,41590-36427,676.0,126.8304,37.10126
다사4001,am,0.152671,0.101161,-0.6185,-0.9022,0.1949,mid,0.0,3,1,1,0.05,0.757,73.0,575.0,0.2877,장안면,0.1949,0.2837,0.30168,1,DRT,31240390,면,15.27,10.12,18.2,41590-37636,694.0,126.83032,37.11027
다사4002,am,0.348789,0.501505,0.1461,0.4822,-0.3361,mid,0.0,2,3,3,0.7352,7.364,286.0,1012.0,0.1818,장안면,-0.3361,-0.3361,0.46576,3,ADD_FREQ,31240390,면,34.88,50.15,71.5,41590-36886,158.9,126.83024,37.11928
다사4003,am,0.245729,0.230952,-0.2557,-0.4534,0.185,mid,0.0,3,2,1,0.2008,2.214,193.0,222.0,0.3212,장안면,0.185,0.1977,0.4193,2,NEW_STOP,31240390,면,24.57,23.1,48.2,41590-37542,479.5,126.83016,37.1283
다사4004,am,0.309602,0.268064,-0.0067,-0.3251,0.3184,mid,0.0,4,3,2,0.2238,2.927,289.0,1009.0,0.1696,장안면,0.3184,0.3184,0.464,3,NEW_STOP,31240390,면,30.96,26.81,72.2,41590-37416,465.7,126.83008,37.13731
다사4005,am,0.290886,0.237939,-0.0796,-0.4292,0.3496,mid,0.0,4,2,1,0.3585,1.703,254.0,895.0,0.0591,장안면,0.3496,0.3496,0.44521,3,NEW_STOP,31240390,면,29.09,23.79,63.5,41590-37422,384.9,126.83,37.14633
다사4006,am,0.080631,0.011,-0.8994,-1.214,0.1427,mid,0.0,3,0,0,0.05,0.0,13.0,0.0,0.7692,남양읍,0.1427,0.3146,0.16126,0,DRT,31240150,읍,8.06,1.1,3.2,41590-37973,1222.0,126.82992,37.15534
다사4007,am,0.169156,0.17306,-0.5542,-0.6536,0.073,drt,0.0,3,1,1,0.05,1.754,83.0,22.0,0.3373,남양읍,0.073,0.0994,0.32833,1,DRT,31240150,읍,16.92,17.31,20.8,41590-60058,585.3,126.82984,37.16435
다사4008,am,0.269759,0.55726,-0.162,0.675,-0.8323,mid,0.0,1,2,3,0.5987,13.299,308.0,57.0,0.2922,남양읍,-0.8323,-0.837,0.47545,3,ADD_FREQ,31240150,읍,26.98,55.73,77.0,41590-60104,240.8,126.82976,37.17337
다사4009,am,0.245897,0.286127,-0.255,-0.2626,0.0071,mid,0.0,3,2,2,0.3032,2.942,313.0,71.0,0.1725,남양읍,0.0071,0.0076,0.47914,3,NEW_STOP,31240150,읍,24.59,28.61,78.2,41590-60103,418.1,126.82968,37.18238
다사4010,am,0.746664,0.577878,1.6973,0.7463,0.9511,need,1.40797,5,4,3,0.4523,18.892,5743.0,302.0,0.1019,남양읍,0.9511,0.9511,0.89623,4,NEW_STOP,31240150,읍,74.67,57.79,1435.8,41590-36039,328.6,126.8296,37.19139
다사4011,am,0.877591,0.962272,2.2078,2.0755,0.1323,ok,0.0,3,4,4,0.8987,118.032,4858.0,4671.0,0.0597,남양읍,0.1323,0.1323,0.86972,4,ADD_FREQ,31240150,읍,87.76,96.23,1214.5,41590-36510,60.8,126.82952,37.20041
다사4012,am,0.908452,0.965643,2.3281,2.0872,0.2409,ok,0.0,3,4,4,0.8438,185.181,9504.0,1465.0,0.1257,남양읍,0.2409,0.2409,0.96981,4,ADD_FREQ,31240150,읍,90.85,96.56,2376.0,41590-55436,93.7,126.82944,37.20942
다사4013,am,0.673108,0.888155,1.4105,1.8192,-0.4087,ok,0.0,2,4,4,0.625,108.119,1694.0,754.0,0.1181,남양읍,-0.4087,-0.4087,0.7159,4,ADD_FREQ,31240150,읍,67.31,88.82,423.5,41590-37776,225.0,126.82936,37.21843
다사4014,am,0.116694,0.011,-0.7588,-1.214,0.2626,mid,0.0,4,0,0,0.05,0.0,28.0,89.0,0.7143,남양읍,0.2626,0.4552,0.23339,0,DRT,31240150,읍,11.67,1.1,7.0,41590-36035,675.9,126.82928,37.22745
다사4015,am,0.026548,0.181102,-1.1102,-0.6258,-0.1067,mid,0.0,3,0,1,0.05,1.896,5.0,3.0,0.0,비봉면,-0.1067,-0.4844,0.05266,0,DRT,31240330,면,2.65,18.11,1.2,41590-36363,652.9,126.8292,37.23646
다사4016,am,0.219745,0.208796,-0.357,-0.53,0.1506,drt,0.0,3,2,1,0.6055,0.604,118.0,28.0,0.4831,비봉면,0.1506,0.173,0.365,1,ADD_FREQ,31240330,면,21.97,20.88,29.5,41590-37128,236.7,126.82912,37.24547
다사4017,am,0.022636,0.011,-1.1255,-1.214,0.0176,mid,0.0,3,0,0,0.05,0.0,5.0,3.0,0.0,남양읍,0.0176,0.0885,0.04527,0,DRT,31240150,읍,2.26,1.1,1.2,41590-36522,1049.5,126.82904,37.25449
다사4018,am,0.163508,0.162743,-0.5762,-0.6893,0.0812,drt,0.0,3,1,1,0.05,1.582,73.0,13.0,0.5753,남양읍,0.0812,0.113,0.32658,1,DRT,31240150,읍,16.35,16.27,18.2,41590-36526,574.0,126.82896,37.2635
다사4019,am,0.746095,0.613257,1.6951,0.8686,0.8265,need,1.09967,5,4,3,0.6425,18.105,4176.0,407.0,0.0462,새솔동,0.8265,0.8265,0.84448,4,ADD_FREQ,31240670,동,74.61,61.33,1044.0,41590-55540,214.5,126.82888,37.27251
다사4100,am,0.586951,0.608439,1.0746,0.852,0.2227,ok,0.0,3,4,3,0.6382,17.649,714.0,1138.0,0.0686,장안면,0.2227,0.2227,0.59486,4,ADD_FREQ,31240390,면,58.7,60.84,178.5,41590-37454,217.1,126.84165,37.10132
다사4101,am,0.12167,0.521401,-0.7394,0.551,-0.7648,over,0.0,1,1,3,0.692,9.051,48.0,2345.0,0.1042,장안면,-0.7648,-1.2903,0.23755,1,ADD_FREQ,31240390,면,12.17,52.14,12.0,41590-37634,184.8,126.84157,37.11033
다사4102,am,0.168131,0.095603,-0.5582,-0.9214,0.2656,drt,0.0,4,1,1,0.05,0.697,107.0,252.0,0.0935,장안면,0.2656,0.3632,0.33604,1,DRT,31240390,면,16.81,9.56,26.8,41590-37637,614.2,126.84149,37.11935
다사4103,am,0.471484,0.533905,0.6245,0.5942,0.0303,ok,0.0,3,3,3,0.638,10.706,486.0,683.0,0.1749,장안면,0.0303,0.0303,0.54161,3,ADD_FREQ,31240390,면,47.15,53.39,121.5,41590-37442,217.2,126.84142,37.12836
다사4104,am,0.475702,0.460776,0.6409,0.3413,0.2996,ok,0.0,4,3,3,0.4702,8.335,777.0,1986.0,0.0862,장안면,0.2996,0.2996,0.6062,4,NEW_STOP,31240390,면,47.57,46.08,194.2,41590-37424,317.9,126.84134,37.13738
다사4105,am,0.334773,0.553026,0.0915,0.6603,-0.5689,mid,0.0,2,3,3,0.791,9.689,198.0,256.0,0.2525,팔탄면,-0.5689,-0.5689,0.42474,2,ADD_FREQ,31240380,면,33.48,55.3,49.5,41590-37445,125.4,126.84126,37.14639
다사4106,am,0.177613,0.182081,-0.5213,-0.6224,0.0766,mid,0.0,3,1,1,0.1078,1.691,43.0,185.0,0.1163,남양읍,0.0766,0.1011,0.24802,1,DRT,31240150,읍,17.76,18.21,10.8,41590-55655,535.3,126.84118,37.1554
다사4107,am,0.366681,0.595479,0.2159,0.8071,-0.5913,mid,0.0,2,3,3,0.4792,20.401,182.0,1324.0,0.0989,남양읍,-0.5913,-0.5913,0.41041,2,NEW_STOP,31240150,읍,36.67,59.55,45.5,41590-55872,312.5,126.8411,37.16442
다사4108,am,0.286171,0.485908,-0.098,0.4282,-0.5263,mid,0.0,2,2,3,0.3637,11.646,183.0,371.0,0.3388,남양읍,-0.5263,-0.5263,0.41096,2,NEW_STOP,31240150,읍,28.62,48.59,45.8,41590-55112,381.8,126.84102,37.17343
다사4109,am,0.38485,0.618261,0.2867,0.8859,-0.5992,ok,0.0,2,3,3,0.6068,19.703,306.0,587.0,0.2516,남양읍,-0.5992,-0.5992,0.47679,3,ADD_FREQ,31240150,읍,38.49,61.83,76.5,41590-60026,235.9,126.84095,37.18244
다사4110,am,0.616384,0.69498,1.1894,1.1512,0.0382,ok,0.0,3,4,4,0.7942,24.848,2343.0,533.0,0.1263,남양읍,0.0382,0.0382,0.76575,4,ADD_FREQ,31240150,읍,61.64,69.5,585.8,41590-36441,123.5,126.84087,37.19146
다사4111,am,0.569052,0.668206,1.0049,1.0586,-0.0538,ok,0.0,3,4,4,0.4735,32.983,2024.0,328.0,0.1329,남양읍,-0.0538,-0.0538,0.74314,4,NEW_STOP,31240150,읍,56.91,66.82,506.0,41590-55681,315.9,126.84079,37.20047
다사4112,am,0.615284,0.581377,1.1851,0.7584,0.4267,ok,0.0,4,4,3,0.1998,27.773,2840.0,898.0,0.1007,남양읍,0.4267,0.4267,0.79003,4,NEW_STOP,31240150,읍,61.53,58.14,710.0,41590-55929,480.1,126.84071,37.20948
다사4113,am,0.48452,0.83101,0.6753,1.6216,-0.9463,ok,0.0,1,4,4,0.8415,55.683,329.0,1784.0,0.0942,남양읍,-0.9463,-0.9463,0.48515,3,ADD_FREQ,31240150,읍,48.45,83.1,82.2,41590-55255,95.1,126.84063,37.2185
다사4114,am,0.240115,0.50008,-0.2776,0.4772,-0.6959,mid,0.0,2,2,3,0.05,20.27,33.0,63.0,0.303,남양읍,-0.6959,-0.7548,0.22014,0,DRT,31240150,읍,24.01,50.01,8.2,41590-36043,605.4,126.84055,37.22751
다사4115,am,0.06035,0.011,-0.9784,-1.214,0.0885,mid,0.0,3,0,0,0.05,0.0,13.0,3.0,0.3846,비봉면,0.0885,0.2356,0.1207,0,DRT,31240330,면,6.03,1.1,3.2,41590-55363,1078.3,126.84048,37.23652
다사4116,am,0.192093,0.274202,-0.4648,-0.3038,-0.1284,mid,0.0,3,1,2,0.8328,0.766,118.0,50.0,0.4407,비봉면,-0.1284,-0.161,0.36586,1,ADD_FREQ,31240330,면,19.21,27.42,29.5,41590-55363,100.3,126.8404,37.24554
다사4117,am,0.128082,0.260992,-0.7144,-0.3495,-0.2236,mid,0.0,3,1,2,0.5967,1.25,43.0,17.0,0.5349,비봉면,-0.2236,-0.3648,0.24911,1,ADD_FREQ,31240330,면,12.81,26.1,10.8,41590-37610,242.0,126.84032,37.25455
다사4118,am,0.218212,0.370239,-0.363,0.0283,-0.339,mid,0.0,2,2,2,0.419,4.687,113.0,17.0,0.5221,비봉면,-0.339,-0.3912,0.35571,1,NEW_STOP,31240330,면,21.82,37.02,28.2,41590-55461,348.6,126.84024,37.26356
다사4200,am,0.434685,0.421905,0.481,0.2069,0.2741,mid,0.0,4,3,2,0.6623,4.621,399.0,465.0,0.213,장안면,0.2741,0.2741,0.5131,3,ADD_FREQ,31240390,면,43.47,42.19,99.8,41590-36871,202.6,126.8529,37.10138
다사4201,am,0.149981,0.011,-0.629,-1.214,0.3972,mid,0.0,4,1,0,0.05,0.0,59.0,301.0,0.4237,장안면,0.3972,0.585,0.29996,1,DRT,31240390,면,15.0,1.1,14.8,41590-36846,807.9,126.85283,37.1104
다사4202,am,0.222713,0.011,-0.3454,-1.214,0.7626,mid,0.0,5,2,0,0.05,0.0,253.0,619.0,0.0,팔탄면,0.7626,0.8686,0.44543,3,DRT,31240380,면,22.27,1.1,63.2,41590-37443,858.6,126.85275,37.11941
다사4203,am,0.45666,0.588087,0.5667,0.7816,-0.2149,ok,0.0,3,3,3,0.8145,11.885,370.0,1431.0,0.0838,팔탄면,-0.2149,-0.2149,0.4974,3,ADD_FREQ,31240380,면,45.67,58.81,92.5,41590-36897,111.3,126.85267,37.12842
다사4204,am,0.190504,0.011,-0.471,-1.214,0.5893,drt,0.0,4,1,0,0.05,0.0,157.0,857.0,0.0828,팔탄면,0.5893,0.743,0.38101,2,DRT,31240380,면,19.05,1.1,39.2,41590-55008,935.2,126.8526,37.13744
다사4205,am,0.0,0.011,-1.2137,-1.214,0.0,mid,0.0,3,0,0,0.05,0.0,0.0,0.0,0.0,팔탄면,0.0,0.0003,0.0,0,DRT,31240380,면,0.0,1.1,0.0,41590-37356,990.0,126.85252,37.14645
다사4206,am,0.399047,0.339621,0.3421,-0.0776,0.4197,mid,0.0,4,3,2,0.7157,2.123,335.0,762.0,0.1313,팔탄면,0.4197,0.4197,0.48428,3,ADD_FREQ,31240380,면,39.9,33.96,83.8,41590-37547,170.6,126.85244,37.15546
다사4207,am,0.295767,0.532872,-0.0606,0.5906,-0.6512,mid,0.0,2,3,3,0.5142,12.79,100.0,473.0,0.25,남양읍,-0.6512,-0.6512,0.34048,1,ADD_FREQ,31240150,읍,29.58,53.29,25.0,41590-55889,291.5,126.85236,37.16448
다사4208,am,0.284527,0.215942,-0.1044,-0.5053,0.4009,mid,0.0,4,2,1,0.0587,2.558,312.0,843.0,0.1186,남양읍,0.4009,0.4009,0.47245,3,DRT,31240150,읍,28.45,21.59,78.0,41590-55653,564.8,126.85229,37.17349
다사4209,am,0.47585,0.469063,0.6415,0.37,0.2715,ok,0.0,4,3,3,0.551,7.797,648.0,1383.0,0.2037,남양읍,0.2715,0.2715,0.58096,4,ADD_FREQ,31240150,읍,47.58,46.91,162.0,41590-36050,269.4,126.85221,37.18251
다사4210,am,0.325735,0.351258,0.0562,-0.0374,0.0936,mid,0.0,3,3,2,0.1228,6.59,436.0,746.0,0.1239,남양읍,0.0936,0.0936,0.52547,3,DRT,31240150,읍,32.57,35.13,109.0,41590-55152,526.3,126.85213,37.19152
다사4211,am,0.155915,0.490118,-0.6059,0.4428,-0.7302,over,0.0,1,1,3,0.5133,9.568,71.0,279.0,0.2113,남양읍,-0.7302,-1.0487,0.30206,1,ADD_FREQ,31240150,읍,15.59,49.01,17.8,41590-55155,292.0,126.85206,37.20053
다사4212,am,0.430826,0.535643,0.466,0.6002,-0.1343,ok,0.0,3,3,3,0.4155,15.07,402.0,1662.0,0.4254,남양읍,-0.1343,-0.1343,0.51605,3,NEW_STOP,31240150,읍,43.08,53.56,100.5,41590-36052,350.7,126.85198,37.20955
다사4213,am,0.437518,0.441482,0.492,0.2746,0.2174,ok,0.0,3,3,2,0.441,7.613,380.0,2522.0,0.0132,남양읍,0.2174,0.2174,0.50359,3,NEW_STOP,31240150,읍,43.75,44.15,95.0,41590-55345,335.4,126.8519,37.21856
다사4214,am,0.367987,0.593747,0.221,0.8011,-0.5802,mid,0.0,2,3,3,0.117,33.837,163.0,552.0,0.2577,비봉면,-0.5802,-0.5802,0.40047,2,DRT,31240330,면,36.8,59.37,40.8,41590-55393,529.8,126.85183,37.22757
다사4215,am,0.176335,0.1119,-0.5262,-0.8651,0.2556,drt,0.0,4,1,1,0.05,0.879,108.0,27.0,0.5093,비봉면,0.2556,0.3388,0.35008,1,DRT,31240330,면,17.63,11.19,27.0,41590-55829,687.6,126.85175,37.23659
다사4216,am,0.203002,0.454648,-0.4223,0.3201,-0.6137,over,0.0,2,1,3,0.5407,7.154,138.0,45.0,0.5435,비봉면,-0.6137,-0.7424,0.38908,2,ADD_FREQ,31240330,면,20.3,45.46,34.5,41590-55828,275.6,126.85167,37.2456
다사4217,am,0.202435,0.611415,-0.4245,0.8622,-1.0617,over,0.0,1,1,3,0.6632,17.357,123.0,51.0,0.3577,비봉면,-1.0617,-1.2867,0.36364,1,ADD_FREQ,31240330,면,20.24,61.14,30.8,41590-55871,202.1,126.85159,37.25461
다사4218,am,0.018162,0.168762,-1.1429,-0.6684,-0.0817,mid,0.0,3,0,1,0.05,1.681,0.0,15.0,0.0,비봉면,-0.0817,-0.4745,0.0,0,DRT,31240330,면,1.82,16.88,0.0,41590-55833,631.4,126.85152,37.26363
다사4300,am,0.429479,0.504203,0.4607,0.4915,-0.0308,ok,0.0,3,3,3,0.8055,6.722,278.0,970.0,0.1403,장안면,-0.0308,-0.0308,0.45946,3,ADD_FREQ,31240390,면,42.95,50.42,69.5,41590-36706,116.7,126.86416,37.10144
다사4301,am,0.20166,0.075863,-0.4275,-0.9897,0.4627,drt,0.0,4,1,1,0.05,0.5,155.0,1232.0,0.0645,팔탄면,0.4627,0.5622,0.3844,2,DRT,31240380,면,20.17,7.59,38.8,41590-36845,766.6,126.86408,37.11046
다사4302,am,0.274938,0.484911,-0.1418,0.4248,-0.5666,mid,0.0,2,2,3,0.5557,8.651,128.0,396.0,0.2422,팔탄면,-0.5666,-0.5666,0.37594,2,ADD_FREQ,31240380,면,27.49,48.49,32.0,41590-36899,266.6,126.864,37.11947
다사4303,am,0.41878,0.466296,0.419,0.3604,0.0586,ok,0.0,3,3,3,0.5762,7.352,351.0,1155.0,0.0456,팔탄면,0.0586,0.0586,0.48753,3,ADD_FREQ,31240380,면,41.88,46.63,87.8,41590-55650,254.3,126.86393,37.12848
다사4304,am,0.429025,0.487503,0.4589,0.4338,0.0252,ok,0.0,3,3,3,0.8347,5.683,403.0,924.0,0.2605,팔탄면,0.0252,0.0252,0.51449,3,ADD_FREQ,31240380,면,42.9,48.75,100.8,41590-55649,99.2,126.86385,37.1375
다사4305,am,0.170495,0.014325,-0.549,-1.2025,0.4823,drt,0.0,4,1,1,0.05,0.021,103.0,196.0,0.2233,팔탄면,0.4823,0.6535,0.34034,1,DRT,31240380,면,17.05,1.43,25.8,41590-55846,740.9,126.86378,37.14651
다사4306,am,0.374028,0.11858,0.2445,-0.842,1.0865,need,1.46719,5,3,1,0.539,0.0,355.0,923.0,0.2394,팔탄면,1.0865,1.0865,0.4979,3,ADD_FREQ,31240380,면,37.4,11.86,88.8,41590-36930,276.6,126.8637,37.15553
다사4307,am,0.271657,0.011,-0.1546,-1.214,1.0583,mid,0.0,5,2,0,0.05,0.0,187.0,600.0,0.1658,팔탄면,1.0583,1.0594,0.41514,2,DRT,31240380,면,27.17,1.1,46.8,41590-55644,573.5,126.86363,37.16454
다사4308,am,0.185719,0.196658,-0.4897,-0.572,0.0642,drt,0.0,3,1,1,0.7463,0.225,123.0,139.0,0.4634,남양읍,0.0642,0.0823,0.36842,2,ADD_FREQ,31240150,읍,18.57,19.67,30.8,41590-37173,152.2,126.86355,37.17355
다사4309,am,0.414638,0.429293,0.4028,0.2325,0.1704,mid,0.0,3,3,2,0.5788,5.603,296.0,2064.0,0.1588,팔탄면,0.1704,0.1704,0.46987,3,ADD_FREQ,31240380,면,41.46,42.93,74.0,41590-37164,252.7,126.86348,37.18257
다사4310,am,0.240083,0.14998,-0.2777,-0.7334,0.4201,mid,0.0,4,2,1,0.05,1.384,240.0,398.0,0.1708,팔탄면,0.4201,0.4557,0.44056,2,DRT,31240380,면,24.01,15.0,60.0,41590-60085,671.9,126.8634,37.19158
다사4311,am,0.196209,0.459554,-0.4488,0.3371,-0.6354,over,0.0,2,1,3,0.5328,7.499,84.0,464.0,0.0595,비봉면,-0.6354,-0.7859,0.31578,1,ADD_FREQ,31240330,면,19.62,45.96,21.0,41590-37648,280.3,126.86332,37.20059
다사4312,am,0.287985,0.451822,-0.0909,0.3104,-0.4013,mid,0.0,2,2,3,0.4128,8.551,186.0,678.0,0.1667,남양읍,-0.4013,-0.4013,0.40877,2,NEW_STOP,31240150,읍,28.8,45.18,46.5,41590-37035,352.3,126.86325,37.20961
다사4313,am,0.279892,0.365602,-0.1225,0.0122,-0.1347,mid,0.0,3,2,2,0.2152,6.312,210.0,1179.0,0.0619,비봉면,-0.1347,-0.1347,0.41853,2,NEW_STOP,31240330,면,27.99,36.56,52.5,41590-55842,470.9,126.86317,37.21862
다사4314,am,0.407856,0.82019,0.3764,1.5842,-1.2078,ok,0.0,0,3,4,0.4987,83.887,163.0,145.0,0.2822,비봉면,-1.2078,-1.2078,0.40259,2,NEW_STOP,31240330,면,40.79,82.02,40.8,41590-55087,300.8,126.8631,37.22763
다사4315,am,0.624017,0.97745,1.2192,2.128,-0.9088,ok,0.0,1,4,4,0.8975,140.698,1253.0,521.0,0.2338,비봉면,-0.9088,-0.9088,0.67681,4,ADD_FREQ,31240330,면,62.4,97.74,313.2,41590-37161,61.5,126.86302,37.23665
다사4316,am,0.42145,0.444766,0.4294,0.286,0.1434,ok,0.0,3,3,2,0.4127,8.141,550.0,30.0,0.1927,비봉면,0.1434,0.1434,0.55541,3,NEW_STOP,31240330,면,42.14,44.48,137.5,41590-60124,352.4,126.86295,37.24566
다사4317,am,0.257246,0.221673,-0.2108,-0.4855,0.2649,mid,0.0,4,2,1,0.05,2.732,93.0,8.0,0.5269,비봉면,0.2649,0.2747,0.31561,1,DRT,31240330,면,25.72,22.17,23.2,41590-60123,651.7,126.86287,37.25467
다사4318,am,0.001188,0.117997,-1.2091,-0.844,-0.0107,mid,0.0,3,0,1,0.05,0.952,0.0,3.0,0.0,비봉면,-0.0107,-0.3651,0.0,0,DRT,31240330,면,0.12,11.8,0.0,41590-37187,635.0,126.86279,37.26369
다사4400,am,0.210048,0.057699,-0.3948,-1.0525,0.5559,drt,0.0,4,2,1,0.05,0.339,153.0,398.0,0.2353,장안면,0.5559,0.6577,0.37833,2,DRT,31240390,면,21.0,5.77,38.2,41590-37179,777.8,126.87541,37.1015
다사4401,am,0.408322,0.610899,0.3782,0.8605,-0.4822,ok,0.0,2,3,3,0.4695,22.882,174.0,515.0,0.1667,팔탄면,-0.4822,-0.4822,0.38782,2,NEW_STOP,31240380,면,40.83,61.09,43.5,41590-36898,318.3,126.87533,37.11052
다사4402,am,0.266207,0.424148,-0.1759,0.2147,-0.385,mid,0.0,2,2,2,0.3692,7.531,252.0,236.0,0.3333,팔탄면,-0.385,-0.3905,0.45275,3,NEW_STOP,31240380,면,26.62,42.41,63.0,41590-37437,378.5,126.87526,37.11953
다사4403,am,0.097504,0.041626,-0.8336,-1.1081,0.1409,mid,0.0,3,0,1,0.05,0.211,28.0,105.0,0.1786,팔탄면,0.1409,0.2745,0.19263,0,DRT,31240380,면,9.75,4.16,7.0,41590-36735,761.2,126.87519,37.12854
다사4404,am,0.205729,0.09673,-0.4116,-0.9175,0.4218,drt,0.0,4,2,1,0.05,0.709,150.0,402.0,0.1533,팔탄면,0.4218,0.5059,0.38034,2,DRT,31240380,면,20.57,9.67,37.5,41590-55942,630.0,126.87511,37.13756
다사4405,am,0.246832,0.297183,-0.2514,-0.2244,-0.0254,mid,0.0,3,2,2,0.5677,1.936,233.0,407.0,0.279,팔탄면,-0.0254,-0.027,0.44449,3,ADD_FREQ,31240380,면,24.68,29.72,58.2,41590-55846,259.4,126.87504,37.14657
다사4406,am,0.295012,0.281779,-0.0635,-0.2776,0.2141,mid,0.0,3,3,2,0.2182,3.312,239.0,299.0,0.1967,팔탄면,0.2141,0.2141,0.44854,3,NEW_STOP,31240380,면,29.5,28.18,59.8,41590-37052,469.1,126.87496,37.15559
다사4407,am,0.406005,0.28616,0.3692,-0.2625,0.6317,mid,0.0,4,3,2,0.7827,1.039,281.0,1075.0,0.0641,팔탄면,0.6317,0.6317,0.45829,3,ADD_FREQ,31240380,면,40.6,28.62,70.2,41590-55642,130.4,126.87489,37.1646
다사4408,am,0.421161,0.542167,0.4283,0.6228,-0.1945,ok,0.0,3,3,3,0.7083,10.19,364.0,1167.0,0.1346,팔탄면,-0.1945,-0.1945,0.49939,3,ADD_FREQ,31240380,면,42.12,54.22,91.0,41590-37182,175.0,126.87482,37.17361
다사4409,am,0.218224,0.083057,-0.3629,-0.9648,0.5215,drt,0.0,4,2,1,0.05,0.569,199.0,915.0,0.1809,팔탄면,0.5215,0.6019,0.41853,2,DRT,31240380,면,21.82,8.31,49.8,41590-60042,741.2,126.87474,37.18263
다사4410,am,0.278113,0.508196,-0.1294,0.5053,-0.6347,mid,0.0,2,2,3,0.6548,8.74,134.0,420.0,0.2687,팔탄면,-0.6347,-0.6347,0.37967,2,ADD_FREQ,31240380,면,27.81,50.82,33.5,41590-36973,207.1,126.87467,37.19164
다사4411,am,0.380058,0.591365,0.268,0.7929,-0.5249,ok,0.0,2,3,3,0.5735,17.32,280.0,693.0,0.2679,비봉면,-0.5249,-0.5249,0.46457,3,ADD_FREQ,31240330,면,38.01,59.14,70.0,41590-37713,255.9,126.87459,37.20065
다사4412,am,0.21938,0.274004,-0.3584,-0.3045,-0.0469,mid,0.0,3,2,2,0.3118,2.611,121.0,194.0,0.3388,비봉면,-0.0469,-0.0539,0.36289,1,NEW_STOP,31240330,면,21.94,27.4,30.2,41590-55823,412.9,126.87452,37.20967
다사4413,am,0.080244,0.458378,-0.9009,0.333,-0.558,over,0.0,2,0,3,0.4923,7.92,13.0,154.0,0.3846,비봉면,-0.558,-1.2339,0.1207,0,NEW_STOP,31240330,면,8.02,45.84,3.2,41590-37755,304.6,126.87444,37.21868
다사4414,am,0.193936,0.511051,-0.4576,0.5152,-0.7806,over,0.0,1,1,3,0.4117,12.853,133.0,114.0,0.3308,비봉면,-0.7806,-0.9728,0.37956,2,NEW_STOP,31240330,면,19.39,51.11,33.2,41590-55380,353.0,126.87437,37.22769
다사4415,am,0.627613,0.966895,1.2332,2.0915,-0.8583,ok,0.0,1,4,4,0.9342,115.684,1105.0,955.0,0.181,비봉면,-0.8583,-0.8583,0.65675,4,ADD_FREQ,31240330,면,62.76,96.69,276.2,41590-37186,39.5,126.8743,37.23671
다사4416,am,0.694986,0.764544,1.4958,1.3918,0.1041,ok,0.0,3,4,4,0.8035,38.419,2017.0,304.0,0.2593,비봉면,0.1041,0.1041,0.74708,4,ADD_FREQ,31240330,면,69.5,76.45,504.2,41590-60020,117.9,126.87422,37.24572
다사4417,am,0.332203,0.607306,0.0814,0.848,-0.7666,mid,0.0,1,3,3,0.6063,18.346,78.0,66.0,0.5641,비봉면,-0.7666,-0.7666,0.33053,1,ADD_FREQ,31240330,면,33.22,60.73,19.5,41590-37729,236.2,126.87415,37.25473
다사4418,am,0.36394,0.64718,0.2052,0.9859,-0.7807,mid,0.0,1,3,4,0.4403,30.188,395.0,177.0,0.4025,매송면,-0.7807,-0.7807,0.51972,3,NEW_STOP,31240310,면,36.39,64.72,98.8,41590-37599,335.8,126.87407,37.26375
다사4419,am,0.139476,0.011,-0.6699,-1.214,0.3524,mid,0.0,4,1,0,0.05,0.0,48.0,3.0,0.6458,매송면,0.3524,0.544,0.27895,1,DRT,31240310,면,13.95,1.1,12.0,41590-37187,658.7,126.874,37.27276
다사4500,am,0.194752,0.15433,-0.4544,-0.7184,0.2124,drt,0.0,3,1,1,0.7015,0.0,138.0,195.0,0.2246,팔탄면,0.2124,0.2639,0.3895,2,ADD_FREQ,31240380,면,19.48,15.43,34.5,41590-55480,179.1,126.88666,37.10156
다사4501,am,0.357969,0.443716,0.1819,0.2823,-0.1004,mid,0.0,3,3,2,0.1828,11.457,188.0,149.0,0.2872,팔탄면,-0.1004,-0.1004,0.41364,2,NEW_STOP,31240380,면,35.8,44.37,47.0,41590-37206,490.3,126.88659,37.11058
다사4502,am,0.343349,0.586711,0.1249,0.7768,-0.6519,mid,0.0,2,3,3,0.6578,14.846,326.0,315.0,0.2301,팔탄면,-0.6519,-0.6519,0.48488,3,ADD_FREQ,31240380,면,34.33,58.67,81.5,41590-37216,205.3,126.88652,37.11959
다사4503,am,0.323228,0.5797,0.0465,0.7526,-0.7061,mid,0.0,1,3,3,0.7165,12.991,604.0,526.0,0.1871,팔탄면,-0.7061,-0.7061,0.56982,3,ADD_FREQ,31240380,면,32.32,57.97,151.0,41590-37360,170.1,126.88644,37.1286
다사4504,am,0.293848,0.352637,-0.0681,-0.0326,-0.0355,mid,0.0,3,3,2,0.6707,2.604,203.0,1050.0,0.0493,팔탄면,-0.0355,-0.0355,0.41602,2,ADD_FREQ,31240380,면,29.38,35.26,50.8,41590-37413,197.6,126.88637,37.13762
다사4505,am,0.250041,0.166577,-0.2389,-0.676,0.4138,mid,0.0,4,2,1,0.3498,0.751,305.0,723.0,0.2131,팔탄면,0.4138,0.4371,0.47334,3,NEW_STOP,31240380,면,25.0,16.66,76.2,41590-36451,390.1,126.8863,37.14663
다사4506,am,0.311676,0.464556,0.0014,0.3544,-0.353,mid,0.0,2,3,3,0.7665,5.359,240.0,636.0,0.2167,팔탄면,-0.353,-0.353,0.44298,3,ADD_FREQ,31240380,면,31.17,46.46,60.0,41590-37402,140.1,126.88623,37.15564
다사4507,am,0.422006,0.142243,0.4316,-0.7602,1.1917,need,1.49309,5,3,1,0.1745,0.914,266.0,2253.0,0.203,팔탄면,1.1917,1.1917,0.46191,3,NEW_STOP,31240380,면,42.2,14.22,66.5,41590-55911,495.3,126.88615,37.16466
다사4508,am,0.448757,0.517758,0.5359,0.5384,-0.0025,ok,0.0,3,3,3,0.2975,15.902,645.0,2525.0,0.0636,팔탄면,-0.0025,-0.0025,0.57973,4,NEW_STOP,31240380,면,44.88,51.78,161.2,41590-55004,421.5,126.88608,37.17367
다사4509,am,0.368101,0.744743,0.2214,1.3233,-1.1019,mid,0.0,1,3,4,0.7427,36.869,188.0,1200.0,0.1809,팔탄면,-1.1019,-1.1019,0.41732,2,ADD_FREQ,31240380,면,36.81,74.47,47.0,41590-55006,154.4,126.88601,37.18269
다사4510,am,0.434609,0.667243,0.4807,1.0553,-0.5746,ok,0.0,2,3,4,0.4937,31.855,321.0,1293.0,0.1371,팔탄면,-0.5746,-0.5746,0.48128,3,NEW_STOP,31240380,면,43.46,66.72,80.2,41590-37209,303.8,126.88593,37.1917
다사4511,am,0.313812,0.660461,0.0097,1.0318,-1.0221,mid,0.0,1,3,4,0.9675,15.413,111.0,755.0,0.3243,비봉면,-1.0221,-1.0221,0.35491,1,ADD_FREQ,31240330,면,31.38,66.05,27.8,41590-37213,19.5,126.88586,37.20071
다사4512,am,0.139808,0.011,-0.6687,-1.214,0.3538,mid,0.0,4,1,0,0.05,0.0,63.0,8.0,0.4127,비봉면,0.3538,0.5453,0.27962,1,DRT,31240330,면,13.98,1.1,15.8,41590-36712,956.6,126.88579,37.20973
다사4513,am,0.107379,0.011,-0.7951,-1.214,0.2289,mid,0.0,3,0,0,0.05,0.0,36.0,0.0,0.0,비봉면,0.2289,0.4189,0.21476,0,DRT,31240330,면,10.74,1.1,9.0,41590-37755,1009.1,126.88571,37.21874
다사4514,am,0.0,0.261165,-1.2137,-0.3489,-0.0,mid,0.0,3,0,2,0.05,3.777,0.0,0.0,0.0,비봉면,-0.0,-0.8648,0.0,0,DRT,31240330,면,0.0,26.12,0.0,41590-37188,664.5,126.88564,37.22775
다사4515,am,0.125545,0.556301,-0.7243,0.6717,-0.8444,over,0.0,1,1,3,0.2057,23.402,13.0,14.0,1.1538,비봉면,-0.8444,-1.3959,0.14349,0,NEW_STOP,31240330,면,12.55,55.63,3.2,41590-37207,476.6,126.88557,37.23677
다사4516,am,0.216302,0.485761,-0.3704,0.4277,-0.6876,over,0.0,2,2,3,0.3822,11.317,93.0,160.0,0.5806,비봉면,-0.6876,-0.7982,0.34788,1,NEW_STOP,31240330,면,21.63,48.58,23.2,41590-37612,370.7,126.8855,37.24578
다사4517,am,0.053047,0.132557,-1.0069,-0.7936,-0.0737,mid,0.0,3,0,1,0.05,1.138,8.0,3.0,0.625,비봉면,-0.0737,-0.2133,0.08978,0,DRT,31240330,면,5.3,13.26,2.0,41590-37218,641.1,126.88542,37.25479
다사4518,am,0.484932,0.756551,0.6769,1.3641,-0.6872,ok,0.0,2,4,4,0.6235,47.03,846.0,172.0,0.2801,매송면,-0.6872,-0.6872,0.6218,4,ADD_FREQ,31240310,면,48.49,75.66,211.5,41590-37614,225.9,126.88535,37.26381
다사4519,am,0.299658,0.566409,-0.0454,0.7066,-0.752,mid,0.0,1,3,3,0.5547,15.085,123.0,256.0,0.3171,매송면,-0.752,-0.752,0.37502,2,ADD_FREQ,31240310,면,29.97,56.64,30.8,41590-37215,267.2,126.88528,37.27282
다사4520,am,0.243886,0.491374,-0.2629,0.4471,-0.6613,mid,0.0,2,2,3,0.776,6.422,190.0,703.0,0.3947,매송면,-0.6613,-0.71,0.41114,2,ADD_FREQ,31240310,면,24.39,49.14,47.5,41590-37210,134.4,126.8852,37.28183
다사4600,am,0.865476,0.843313,2.1605,1.6641,0.4964,ok,0.0,4,4,4,0.5748,87.333,8452.0,738.0,0.0745,향남읍,0.4964,0.4964,0.95096,4,ADD_FREQ,31240140,읍,86.55,84.33,2113.0,41590-55483,255.1,126.89792,37.10162
다사4601,am,0.636118,0.622143,1.2663,0.8993,0.367,ok,0.0,4,4,4,0.5798,21.014,2852.0,384.0,0.0624,향남읍,0.367,0.367,0.79151,4,ADD_FREQ,31240140,읍,63.61,62.21,713.0,41590-36762,252.1,126.89784,37.11063
다사4602,am,0.423275,0.537092,0.4365,0.6052,-0.1687,ok,0.0,3,3,3,0.2963,18.104,1428.0,57.0,0.0357,향남읍,-0.1687,-0.1687,0.68393,4,NEW_STOP,31240140,읍,42.33,53.71,357.0,41590-37225,422.2,126.89777,37.11965
다사4603,am,0.788641,0.753735,1.861,1.3544,0.5066,ok,0.0,4,4,4,0.5385,52.044,5910.0,721.0,0.1291,향남읍,0.5066,0.5066,0.90187,4,ADD_FREQ,31240140,읍,78.86,75.37,1477.5,41590-36908,276.9,126.8977,37.12866
다사4604,am,0.297902,0.663605,-0.0523,1.0427,-1.095,mid,0.0,1,3,4,0.6782,23.919,216.0,714.0,0.5509,향남읍,-1.095,-1.095,0.43267,2,ADD_FREQ,31240140,읍,29.79,66.36,54.0,41590-55114,193.1,126.89763,37.13767
다사4605,am,0.305368,0.76588,-0.0232,1.3964,-1.4196,mid,0.0,0,3,4,0.6912,45.39,153.0,436.0,0.1895,팔탄면,-1.4196,-1.4196,0.38644,2,ADD_FREQ,31240380,면,30.54,76.59,38.2,41590-37234,185.3,126.89756,37.14669
다사4606,am,0.390823,0.812401,0.31,1.5573,-1.2473,ok,0.0,0,3,4,0.773,54.443,135.0,581.0,0.1333,팔탄면,-1.2473,-1.2473,0.36163,1,ADD_FREQ,31240380,면,39.08,81.24,33.8,41590-36803,136.2,126.89749,37.1557
다사4607,am,0.566521,0.666984,0.995,1.0544,-0.0594,ok,0.0,3,4,4,0.528,30.289,739.0,2845.0,0.161,팔탄면,-0.0594,-0.0594,0.60105,4,ADD_FREQ,31240380,면,56.65,66.7,184.8,41590-55387,283.2,126.89742,37.16472
다사4608,am,0.42845,0.495523,0.4567,0.4615,-0.0048,ok,0.0,3,3,3,0.2502,14.698,318.0,1387.0,0.1069,팔탄면,-0.0048,-0.0048,0.4801,3,NEW_STOP,31240380,면,42.85,49.55,79.5,41590-55876,449.9,126.89734,37.17373
다사4609,am,0.185642,0.011,-0.49,-1.214,0.5647,drt,0.0,4,1,0,0.05,0.0,133.0,103.0,0.2331,팔탄면,0.5647,0.724,0.37128,2,DRT,31240380,면,18.56,1.1,33.2,41590-37766,852.4,126.89727,37.18274
다사4610,am,0.218421,0.212608,-0.3622,-0.5168,0.1341,drt,0.0,3,2,1,0.3445,1.352,134.0,593.0,0.2687,팔탄면,0.1341,0.1547,0.37117,2,NEW_STOP,31240380,면,21.84,21.26,33.5,41590-37249,393.3,126.8972,37.19176
다사4611,am,0.26741,0.534956,-0.1712,0.5978,-0.7604,mid,0.0,1,2,3,0.77,8.827,193.0,289.0,0.5078,비봉면,-0.7604,-0.769,0.42057,2,ADD_FREQ,31240330,면,26.74,53.5,48.2,41590-37233,138.0,126.89713,37.20077
다사4612,am,0.143167,0.040166,-0.6556,-1.1131,0.3014,mid,0.0,4,1,1,0.05,0.2,58.0,30.0,0.5862,비봉면,0.3014,0.4576,0.28417,1,DRT,31240330,면,14.32,4.02,14.5,41590-37226,753.7,126.89706,37.20978
다사4613,am,0.044488,0.011,-1.0403,-1.214,0.0535,mid,0.0,3,0,0,0.05,0.0,8.0,0.0,0.625,비봉면,0.0535,0.1737,0.08898,0,DRT,31240330,면,4.45,1.1,2.0,41590-37226,1665.6,126.89699,37.2188
다사4614,am,0.122911,0.011,-0.7345,-1.214,0.286,mid,0.0,4,1,0,0.05,0.0,28.0,3.0,0.8214,비봉면,0.286,0.4795,0.24582,1,DRT,31240330,면,12.29,1.1,7.0,41590-37246,852.0,126.89691,37.22781
다사4615,am,0.222275,0.247762,-0.3471,-0.3953,0.0422,mid,0.0,3,2,2,0.4233,1.629,218.0,120.0,0.4587,비봉면,0.0422,0.0481,0.43855,2,NEW_STOP,31240330,면,22.23,24.78,54.5,41590-37246,346.0,126.89684,37.23682
다사4616,am,0.3221,0.767805,0.0421,1.403,-1.361,mid,0.0,0,3,4,0.5388,56.894,196.0,127.0,0.4235,비봉면,-1.361,-1.361,0.41844,2,ADD_FREQ,31240330,면,32.21,76.78,49.0,41590-37237,276.7,126.89677,37.24584
다사4617,am,0.192728,0.711246,-0.4623,1.2075,-1.3345,over,0.0,0,1,4,0.9125,23.317,113.0,67.0,0.4425,매송면,-1.3345,-1.6698,0.36793,2,ADD_FREQ,31240310,면,19.27,71.12,28.2,41590-37180,52.5,126.8967,37.25485
다사4618,am,0.118335,0.011,-0.7524,-1.214,0.2687,mid,0.0,4,0,0,0.05,0.0,28.0,72.0,0.5357,매송면,0.2687,0.4616,0.23667,1,DRT,31240310,면,11.83,1.1,7.0,41590-37178,819.1,126.89663,37.26387
다사4619,am,0.162486,0.011,-0.5802,-1.214,0.4533,drt,0.0,4,1,0,0.05,0.0,68.0,54.0,0.4559,매송면,0.4533,0.6338,0.32497,1,DRT,31240310,면,16.25,1.1,17.0,41590-37215,893.0,126.89655,37.27288
다사4620,am,0.08878,0.13915,-0.8676,-0.7708,-0.0467,mid,0.0,3,0,1,0.6325,0.0,23.0,50.0,0.6522,매송면,-0.0467,-0.0967,0.17756,0,ADD_FREQ,31240310,면,8.88,13.92,5.8,41590-55421,220.5,126.89648,37.28189
다사4700,am,0.600922,0.646496,1.1291,0.9836,0.1456,ok,0.0,3,4,4,0.7945,18.081,3003.0,192.0,0.0982,향남읍,0.1456,0.1456,0.79895,4,ADD_FREQ,31240140,읍,60.09,64.65,750.8,41590-60091,123.3,126.90917,37.10168
다사4701,am,0.860065,0.923671,2.1394,1.942,0.1974,ok,0.0,3,4,4,0.7415,115.075,6976.0,1413.0,0.0626,향남읍,0.1974,0.1974,0.92042,4,ADD_FREQ,31240140,읍,86.01,92.37,1744.0,41590-55323,155.1,126.9091,37.11069
다사4702,am,0.889618,0.792141,2.2547,1.4872,0.7675,need,1.13989,5,4,4,0.5973,61.196,7845.0,1928.0,0.0857,향남읍,0.7675,0.7675,0.93941,4,ADD_FREQ,31240140,읍,88.96,79.21,1961.2,41590-55288,241.6,126.90903,37.1197
다사4703,am,0.957022,0.94345,2.5175,2.0104,0.507,ok,0.0,4,4,4,0.849,112.3,6447.0,3058.0,0.1053,향남읍,0.507,0.507,0.91404,4,ADD_FREQ,31240140,읍,95.7,94.35,1611.8,41590-37265,90.6,126.90896,37.12872
다사4704,am,0.934914,0.8608,2.4313,1.7246,0.7067,ok,0.0,5,4,4,0.7952,71.778,4724.0,839.0,0.1397,향남읍,0.7067,0.7067,0.86983,4,ADD_FREQ,31240140,읍,93.49,86.08,1181.0,41590-36626,122.9,126.90889,37.13773
다사4705,am,0.127088,0.011,-0.7182,-1.214,0.3023,mid,0.0,4,1,0,0.05,0.0,53.0,27.0,0.0943,향남읍,0.3023,0.4957,0.25418,1,DRT,31240140,읍,12.71,1.1,13.2,41590-37240,865.4,126.90882,37.14674
다사4706,am,0.25849,0.362256,-0.2059,0.0007,-0.1998,mid,0.0,3,2,2,0.0758,7.673,93.0,313.0,0.3011,팔탄면,-0.1998,-0.2066,0.33332,1,DRT,31240380,면,25.85,36.23,23.2,41590-37257,554.5,126.90875,37.15576
다사4707,am,0.581395,0.530268,1.053,0.5816,0.4713,ok,0.0,4,4,3,0.252,18.457,1369.0,485.0,0.1936,팔탄면,0.4713,0.4713,0.69133,4,NEW_STOP,31240380,면,58.14,53.03,342.2,41590-55713,448.8,126.90868,37.16477
다사4708,am,0.286084,0.544037,-0.0984,0.6292,-0.7276,mid,0.0,1,2,3,0.6728,10.888,326.0,453.0,0.2515,팔탄면,-0.7276,-0.7276,0.48279,3,ADD_FREQ,31240380,면,28.61,54.4,81.5,41590-55878,196.3,126.90861,37.17379
다사4709,am,0.29083,0.515989,-0.0799,0.5323,-0.6121,mid,0.0,2,2,3,0.7063,8.527,338.0,52.0,0.2811,팔탄면,-0.6121,-0.6121,0.49213,3,ADD_FREQ,31240380,면,29.08,51.6,84.5,41590-55702,176.2,126.90854,37.1828
다사4710,am,0.273286,0.526478,-0.1483,0.5685,-0.7168,mid,0.0,1,2,3,0.8463,7.391,261.0,101.0,0.2989,팔탄면,-0.7168,-0.7168,0.45907,3,ADD_FREQ,31240380,면,27.33,52.65,65.2,41590-55765,92.2,126.90847,37.19181
다사4711,am,0.1201,0.270654,-0.7455,-0.3161,-0.2523,mid,0.0,2,0,2,0.398,2.141,33.0,12.0,0.697,봉담읍,-0.2523,-0.4294,0.22754,0,NEW_STOP,31240120,읍,12.01,27.07,8.2,41590-36055,361.2,126.9084,37.20083
다사4712,am,0.025294,0.011,-1.1151,-1.214,0.0211,mid,0.0,3,0,0,0.05,0.0,5.0,0.0,1.0,봉담읍,0.0211,0.0989,0.05059,0,DRT,31240120,읍,2.53,1.1,1.2,41590-36055,1316.8,126.90833,37.20984
다사4713,am,0.0,0.011,-1.2137,-1.214,0.0,mid,0.0,3,0,0,0.05,0.0,0.0,0.0,0.0,봉담읍,0.0,0.0003,0.0,0,DRT,31240120,읍,0.0,1.1,0.0,41590-36596,1541.0,126.90826,37.21885
다사4714,am,0.0,0.295645,-1.2137,-0.2297,-0.0,mid,0.0,3,0,2,0.05,4.926,0.0,0.0,0.0,비봉면,-0.0,-0.984,0.0,0,DRT,31240330,면,0.0,29.56,0.0,41590-37246,620.1,126.90819,37.22787
다사4715,am,0.080787,0.351373,-0.8988,-0.037,-0.3914,mid,0.0,2,0,2,0.06,7.281,28.0,8.0,0.3571,비봉면,-0.3914,-0.8618,0.16027,0,DRT,31240330,면,8.08,35.14,7.0,41590-37246,564.0,126.90812,37.23688
다사4716,am,0.458599,0.665085,0.5742,1.0478,-0.4736,ok,0.0,2,3,4,0.4123,35.251,113.0,90.0,0.4336,매송면,-0.4736,-0.4736,0.36721,2,NEW_STOP,31240310,면,45.86,66.51,28.2,41590-37565,352.6,126.90804,37.2459
다사4717,am,0.428656,0.720732,0.4575,1.2403,-0.7828,ok,0.0,1,3,4,0.5033,44.294,283.0,169.0,0.4064,매송면,-0.7828,-0.7828,0.47346,3,ADD_FREQ,31240310,면,42.87,72.07,70.8,41590-37263,298.0,126.90797,37.25491
다사4718,am,0.224448,0.663831,-0.3387,1.0435,-1.2196,over,0.0,0,2,4,0.4718,32.142,104.0,72.0,0.5096,매송면,-1.2196,-1.3822,0.35035,1,NEW_STOP,31240310,면,22.44,66.38,26.0,41590-60112,316.9,126.9079,37.26392
다사4719,am,0.079446,0.465536,-0.904,0.3578,-0.5669,over,0.0,2,0,3,0.8522,4.687,0.0,90.0,0.0,매송면,-0.5669,-1.2618,0.0,0,ADD_FREQ,31240310,면,7.94,46.55,0.0,41590-60038,88.7,126.90783,37.27294
다사4720,am,0.182302,0.640727,-0.503,0.9636,-1.1305,over,0.0,1,1,4,0.9187,14.516,93.0,46.0,0.5054,매송면,-1.1305,-1.4666,0.33255,1,ADD_FREQ,31240310,면,18.23,64.07,23.2,41590-55421,48.8,126.90776,37.28195
다사4800,am,0.191977,0.25827,-0.4653,-0.3589,-0.0848,drt,0.0,3,1,2,0.1512,3.082,113.0,130.0,0.3894,향남읍,-0.0848,-0.1063,0.35265,1,NEW_STOP,31240140,읍,19.2,25.83,28.2,41590-60048,509.3,126.92042,37.10173
다사4801,am,0.689776,0.731777,1.4755,1.2785,0.1971,ok,0.0,3,4,4,0.8968,27.249,6782.0,427.0,0.0653,향남읍,0.1971,0.1971,0.91646,4,ADD_FREQ,31240140,읍,68.98,73.18,1695.5,41590-55332,61.9,126.92035,37.11075
다사4802,am,0.777391,0.855917,1.8171,1.7077,0.1094,ok,0.0,3,4,4,0.7558,73.514,4646.0,729.0,0.1408,향남읍,0.1094,0.1094,0.86589,4,ADD_FREQ,31240140,읍,77.74,85.59,1161.5,41590-37281,146.5,126.92028,37.11976
다사4803,am,1.0,0.96106,2.685,2.0713,0.6137,ok,0.0,4,4,4,0.823,254.571,17194.0,4345.0,0.0803,향남읍,0.6137,0.6137,1.0,4,ADD_FREQ,31240140,읍,100.0,96.11,4298.5,41590-55084,106.2,126.92022,37.12877
다사4804,am,0.718611,0.848345,1.588,1.6815,-0.0936,ok,0.0,3,4,4,0.6785,78.044,1412.0,1673.0,0.2486,향남읍,-0.0936,-0.0936,0.69354,4,ADD_FREQ,31240140,읍,71.86,84.83,353.0,41590-55368,192.9,126.92015,37.13779
다사4805,am,0.426525,0.70168,0.4492,1.1744,-0.7252,ok,0.0,1,3,4,0.7257,28.616,548.0,219.0,0.323,팔탄면,-0.7252,-0.7252,0.5584,3,ADD_FREQ,31240380,면,42.65,70.17,137.0,41590-36764,164.6,126.92008,37.1468
다사4806,am,0.398972,0.274366,0.3418,-0.3033,0.645,mid,0.0,4,3,2,0.242,2.984,543.0,1787.0,0.1087,봉담읍,0.645,0.645,0.55237,3,NEW_STOP,31240120,읍,39.9,27.44,135.8,41590-36620,454.8,126.92001,37.15581
다사4807,am,0.244851,0.447906,-0.2591,0.2968,-0.5191,mid,0.0,2,2,3,0.8335,4.226,140.0,442.0,0.2071,봉담읍,-0.5191,-0.5559,0.37328,2,ADD_FREQ,31240120,읍,24.49,44.79,35.0,41590-55729,99.9,126.91994,37.16483
다사4808,am,0.024149,0.011,-1.1196,-1.214,0.0196,mid,0.0,3,0,0,0.05,0.0,5.0,5.0,0.0,봉담읍,0.0196,0.0944,0.04635,0,DRT,31240120,읍,2.41,1.1,1.2,41590-55788,606.3,126.91987,37.17384
다사4809,am,0.14471,0.011,-0.6495,-1.214,0.3745,mid,0.0,4,1,0,0.05,0.0,56.0,57.0,0.4643,팔탄면,0.3745,0.5645,0.28942,1,DRT,31240380,면,14.47,1.1,14.0,41590-55881,1097.3,126.9198,37.18286
다사4810,am,0.119083,0.057699,-0.7495,-1.0525,0.1771,mid,0.0,3,0,1,0.05,0.339,38.0,41.0,0.4737,봉담읍,0.1771,0.3031,0.23429,1,DRT,31240120,읍,11.91,5.77,9.5,41590-55851,750.6,126.91973,37.19187
다사4811,am,0.257554,0.583868,-0.2096,0.767,-0.9424,mid,0.0,1,2,3,0.7338,13.022,148.0,192.0,0.2973,봉담읍,-0.9424,-0.9766,0.38123,2,ADD_FREQ,31240120,읍,25.76,58.39,37.0,41590-36060,159.7,126.91967,37.20088
다사4812,am,0.161343,0.011,-0.5847,-1.214,0.4481,mid,0.0,4,1,0,0.05,0.0,73.0,5.0,0.5753,봉담읍,0.4481,0.6293,0.32269,1,DRT,31240120,읍,16.13,1.1,18.2,41590-36067,1054.9,126.9196,37.2099
다사4813,am,0.513698,0.168881,0.7891,-0.668,1.4571,need,1.82961,6,4,1,0.05,1.683,1828.0,31.0,0.0569,봉담읍,1.4571,1.4571,0.72499,4,DRT,31240120,읍,51.37,16.89,457.0,41590-36596,688.7,126.91953,37.21891
다사4814,am,0.626958,0.324243,1.2306,-0.1308,1.3614,need,1.75555,6,4,2,0.05,6.086,2827.0,149.0,0.0481,봉담읍,1.3614,1.3614,0.78712,4,DRT,31240120,읍,62.7,32.42,706.8,41590-36596,656.8,126.91946,37.22792
다사4815,am,0.190856,0.443379,-0.4696,0.2812,-0.5963,mid,0.0,2,1,2,0.2592,10.192,113.0,5.0,0.4867,봉담읍,-0.5963,-0.7508,0.36339,1,NEW_STOP,31240120,읍,19.09,44.34,28.2,41590-55779,444.5,126.91939,37.23694
다사4816,am,0.39049,0.683985,0.3087,1.1132,-0.8045,ok,0.0,1,3,4,0.2813,47.851,173.0,169.0,0.3295,매송면,-0.8045,-0.8045,0.40665,2,NEW_STOP,31240310,면,39.05,68.4,43.2,41590-37290,431.2,126.91932,37.24595
다사4817,am,0.350198,0.717533,0.1516,1.2292,-1.0776,mid,0.0,1,3,4,0.2772,59.595,175.0,119.0,0.3257,매송면,-1.0776,-1.0776,0.40895,2,NEW_STOP,31240310,면,35.02,71.75,43.8,41590-60114,433.7,126.91925,37.25496
다사4818,am,0.090384,0.429222,-0.8613,0.2322,-0.5343,mid,0.0,2,0,2,0.074,12.215,18.0,17.0,0.7222,매송면,-0.5343,-1.0936,0.17308,0,DRT,31240310,면,9.04,42.92,4.5,41590-60083,555.6,126.91918,37.26398
다사4819,am,0.10441,0.011,-0.8067,-1.214,0.2186,mid,0.0,3,0,0,0.05,0.0,18.0,9.0,0.8333,매송면,0.2186,0.4073,0.20882,0,DRT,31240310,면,10.44,1.1,4.5,41590-60038,829.6,126.91911,37.27299
다사4820,am,0.0,0.011,-1.2137,-1.214,0.0,mid,0.0,3,0,0,0.05,0.0,0.0,0.0,0.0,매송면,0.0,0.0003,0.0,0,DRT,31240310,면,0.0,1.1,0.0,41590-55453,900.4,126.91904,37.28201
다사4900,am,0.262292,0.139548,-0.1911,-0.7695,0.5647,mid,0.0,4,2,1,0.1347,0.988,231.0,425.0,0.2251,양감면,0.5647,0.5784,0.43621,2,DRT,31240420,면,26.23,13.95,57.8,41590-36087,519.2,126.93168,37.10179
다사4901,am,0.350881,0.583081,0.1543,0.7643,-0.61,mid,0.0,2,3,3,0.8812,10.394,421.0,418.0,0.285,향남읍,-0.61,-0.61,0.51689,3,ADD_FREQ,31240140,읍,35.09,58.31,105.2,41590-37307,71.3,126.93161,37.1108
다사4902,am,0.236272,0.040299,-0.2926,-1.1127,0.7482,mid,0.0,5,2,1,0.05,0.201,301.0,385.0,0.103,향남읍,0.7482,0.8201,0.46718,3,DRT,31240140,읍,23.63,4.03,75.2,41590-37980,747.8,126.93154,37.11981
다사4903,am,0.761837,0.699172,1.7565,1.1657,0.5908,ok,0.0,4,4,4,0.7022,29.113,8265.0,1262.0,0.0651,향남읍,0.5908,0.5908,0.94652,4,ADD_FREQ,31240140,읍,76.18,69.92,2066.2,41590-37023,178.7,126.93147,37.12883
다사4904,am,0.296825,0.137522,-0.0565,-0.7765,0.72,mid,0.0,5,3,1,0.498,0.191,686.0,29.0,0.1924,향남읍,0.72,0.72,0.58956,4,NEW_STOP,31240140,읍,29.68,13.75,171.5,41590-55045,301.2,126.93141,37.13784
다사4905,am,0.230475,0.219928,-0.3152,-0.4915,0.1583,mid,0.0,3,2,1,0.319,1.55,216.0,561.0,0.2546,봉담읍,0.1583,0.1764,0.42983,2,NEW_STOP,31240120,읍,23.05,21.99,54.0,41590-37009,408.6,126.93134,37.14686
다사4906,am,0.525353,0.41338,0.8345,0.1774,0.657,mid,0.0,4,4,2,0.5068,5.6,740.0,1516.0,0.1284,팔탄면,0.657,0.657,0.59943,4,ADD_FREQ,31240380,면,52.54,41.34,185.0,41590-37302,295.9,126.93127,37.15587
다사4907,am,0.618439,0.74118,1.1974,1.311,-0.1136,ok,0.0,3,4,4,0.8682,30.164,1082.0,540.0,0.2052,봉담읍,-0.1136,-0.1136,0.65612,4,ADD_FREQ,31240120,읍,61.84,74.12,270.5,41590-36073,79.1,126.9312,37.16488
다사4908,am,0.591352,0.498305,1.0918,0.4711,0.6207,ok,0.0,4,4,3,0.6397,8.349,1524.0,845.0,0.2966,봉담읍,0.6207,0.6207,0.70571,4,ADD_FREQ,31240120,읍,59.14,49.83,381.0,41590-55707,216.2,126.93114,37.1739
다사4909,am,0.488551,0.331697,0.691,-0.105,0.796,need,1.19147,5,4,2,0.05,6.424,596.0,1302.0,0.2819,봉담읍,0.796,0.796,0.5704,3,DRT,31240120,읍,48.86,33.17,149.0,41590-36083,664.3,126.93107,37.18291
다사4910,am,0.36855,0.212454,0.2232,-0.5174,0.7405,mid,0.0,5,3,1,0.05,2.523,661.0,900.0,0.2254,봉담읍,0.7405,0.7405,0.58339,4,DRT,31240120,읍,36.85,21.25,165.2,41590-36090,701.1,126.931,37.19192
다사4911,am,0.23222,0.594113,-0.3084,0.8024,-1.0021,over,0.0,1,2,3,0.613,16.652,133.0,363.0,0.3158,봉담읍,-1.0021,-1.1108,0.38001,2,ADD_FREQ,31240120,읍,23.22,59.41,33.2,41590-36072,232.2,126.93093,37.20094
다사4912,am,0.069742,0.060776,-0.9418,-1.0419,0.0413,mid,0.0,3,0,1,0.05,0.365,8.0,3.0,1.25,봉담읍,0.0413,0.1,0.1384,0,DRT,31240120,읍,6.97,6.08,2.0,41590-36069,754.4,126.93087,37.20995
다사4913,am,0.243419,0.262291,-0.2647,-0.345,0.0747,mid,0.0,3,2,2,0.3292,2.277,58.0,5.0,0.2759,봉담읍,0.0747,0.0803,0.26008,1,NEW_STOP,31240120,읍,24.34,26.23,14.5,41590-36080,402.5,126.9308,37.21896
다사4914,am,0.704892,0.737549,1.5345,1.2984,0.236,ok,0.0,3,4,4,0.764,34.157,3560.0,133.0,0.0413,봉담읍,0.236,0.236,0.82105,4,ADD_FREQ,31240120,읍,70.49,73.75,890.0,41590-36070,141.6,126.93073,37.22798
다사4915,am,0.192467,0.424467,-0.4633,0.2158,-0.5423,mid,0.0,2,1,2,0.1352,10.793,123.0,18.0,0.4065,봉담읍,-0.5423,-0.6791,0.36781,2,DRT,31240120,읍,19.25,42.45,30.8,41590-55324,518.9,126.93066,37.23699
다사4916,am,0.602251,0.911078,1.1343,1.8985,-0.7642,ok,0.0,1,4,4,0.9492,79.634,872.0,258.0,0.3028,매송면,-0.7642,-0.7642,0.6277,4,ADD_FREQ,31240310,면,60.23,91.11,218.0,41590-37304,30.5,126.93059,37.24601
다사4917,am,0.416074,0.264381,0.4084,-0.3378,0.7462,mid,0.0,5,3,2,0.05,3.874,918.0,123.0,0.2244,매송면,0.7462,0.7462,0.63196,4,DRT,31240310,면,41.61,26.44,229.5,41590-37298,739.8,126.93053,37.25502
다사5000,am,0.230297,0.383837,-0.3159,0.0753,-0.351,mid,0.0,2,2,2,0.6183,3.707,73.0,460.0,0.4247,양감면,-0.351,-0.3911,0.30818,1,ADD_FREQ,31240420,면,23.03,38.38,18.2,41590-36115,229.0,126.94293,37.10184
다사5001,am,0.222367,0.222105,-0.3468,-0.484,0.1204,mid,0.0,3,2,1,0.124,2.38,130.0,424.0,0.2,향남읍,0.1204,0.1372,0.35636,1,DRT,31240140,읍,22.24,22.21,32.5,41590-37546,525.6,126.94286,37.11085
다사5002,am,0.347476,0.584484,0.141,0.7691,-0.6281,mid,0.0,2,3,3,0.7813,12.186,219.0,778.0,0.3333,향남읍,-0.6281,-0.6281,0.4387,2,ADD_FREQ,31240140,읍,34.75,58.45,54.8,41590-36800,131.2,126.9428,37.11987
다사5003,am,0.336842,0.31515,0.0995,-0.1622,0.2618,mid,0.0,4,3,2,0.266,3.974,296.0,631.0,0.3074,향남읍,0.2618,0.2618,0.47298,3,NEW_STOP,31240140,읍,33.68,31.51,74.0,41590-37617,440.4,126.94273,37.12888
다사5004,am,0.280567,0.424537,-0.1199,0.216,-0.3359,mid,0.0,2,2,2,0.6992,4.432,198.0,370.0,0.0758,향남읍,-0.3359,-0.3359,0.42158,2,ADD_FREQ,31240140,읍,28.06,42.45,49.5,41590-36633,180.5,126.94266,37.13789
다사5005,am,0.249876,0.156909,-0.2395,-0.7094,0.4446,mid,0.0,4,2,1,0.172,1.105,282.0,389.0,0.2766,봉담읍,0.4446,0.4699,0.46069,3,NEW_STOP,31240120,읍,24.99,15.69,70.5,41590-55923,496.8,126.9426,37.14691
다사5006,am,0.134777,0.028126,-0.6883,-1.1548,0.2955,mid,0.0,4,1,1,0.05,0.113,60.0,3.0,0.0833,봉담읍,0.2955,0.4665,0.26208,1,DRT,31240120,읍,13.48,2.81,15.0,41590-55923,725.8,126.94253,37.15592
다사5007,am,0.250217,0.064254,-0.2382,-1.0298,0.7497,mid,0.0,5,2,1,0.05,0.395,314.0,52.0,0.1146,봉담읍,0.7497,0.7916,0.47292,3,DRT,31240120,읍,25.02,6.43,78.5,41590-36078,743.2,126.94247,37.16494
다사5008,am,0.408793,0.50359,0.3801,0.4894,-0.1093,ok,0.0,3,3,3,0.4938,10.809,192.0,833.0,0.1875,봉담읍,-0.1093,-0.1093,0.41452,2,NEW_STOP,31240120,읍,40.88,50.36,48.0,41590-37639,303.7,126.9424,37.17395
다사5009,am,0.515,0.491035,0.7941,0.446,0.3482,ok,0.0,4,4,3,0.2895,13.46,505.0,1110.0,0.2535,봉담읍,0.3482,0.3482,0.54691,3,NEW_STOP,31240120,읍,51.5,49.1,126.2,41590-36091,426.3,126.94233,37.18296
다사5010,am,0.612008,0.63785,1.1723,0.9537,0.2187,ok,0.0,3,4,4,0.5335,24.883,981.0,1398.0,0.2365,봉담읍,0.2187,0.2187,0.64151,4,ADD_FREQ,31240120,읍,61.2,63.79,245.2,41590-36097,279.9,126.94227,37.19198
다사5011,am,0.531094,0.732367,0.8569,1.2805,-0.4236,ok,0.0,2,4,4,0.7307,34.633,325.0,1247.0,0.2769,봉담읍,-0.4236,-0.4236,0.48785,3,ADD_FREQ,31240120,읍,53.11,73.24,81.2,41590-36729,161.6,126.9422,37.20099
다사5012,am,0.446935,0.657865,0.5288,1.0229,-0.4941,ok,0.0,2,3,4,0.4458,32.091,357.0,80.0,0.014,봉담읍,-0.4941,-0.4941,0.47914,3,NEW_STOP,31240120,읍,44.69,65.79,89.2,41590-36111,332.5,126.94214,37.21
다사5013,am,0.899695,0.799562,2.294,1.5129,0.7811,need,1.23501,5,4,4,0.436,80.333,6160.0,1131.0,0.1468,봉담읍,0.7811,0.7811,0.90785,4,NEW_STOP,31240120,읍,89.97,79.96,1540.0,41590-36119,338.4,126.94207,37.21902
다사5014,am,0.902955,0.840598,2.3067,1.6548,0.6519,ok,0.0,4,4,4,0.922,52.877,8391.0,1888.0,0.0392,봉담읍,0.6519,0.6519,0.94567,4,ADD_FREQ,31240120,읍,90.3,84.06,2097.8,41590-55385,46.8,126.942,37.22803
다사5015,am,0.596535,0.697488,1.112,1.1599,-0.0479,ok,0.0,3,4,4,0.9235,20.978,2062.0,81.0,0.0456,봉담읍,-0.0479,-0.0479,0.74079,4,ADD_FREQ,31240120,읍,59.65,69.75,515.5,41590-55789,45.9,126.94194,37.23705
다사5016,am,0.570037,0.874179,1.0087,1.7709,-0.7622,ok,0.0,1,4,4,0.7315,85.367,1192.0,631.0,0.2945,매송면,-0.7622,-0.7622,0.67189,4,ADD_FREQ,31240310,면,57.0,87.42,298.0,41590-37313,161.1,126.94187,37.24606
다사5017,am,0.123049,0.011,-0.734,-1.214,0.2866,mid,0.0,4,1,0,0.05,0.0,43.0,5.0,0.2326,매송면,0.2866,0.48,0.2461,1,DRT,31240310,면,12.3,1.1,10.8,41590-37313,1155.3,126.9418,37.25507
다사5100,am,0.20836,0.157242,-0.4014,-0.7083,0.258,drt,0.0,4,2,1,0.1815,1.082,161.0,55.0,0.3043,양감면,0.258,0.3069,0.39464,2,NEW_STOP,31240420,면,20.84,15.72,40.2,41590-37507,491.1,126.95418,37.10189
다사5101,am,0.204431,0.437235,-0.4167,0.2599,-0.5619,mid,0.0,2,1,2,0.6482,5.308,131.0,415.0,0.2366,향남읍,-0.5619,-0.6766,0.35779,1,ADD_FREQ,31240140,읍,20.44,43.72,32.8,41590-36631,211.1,126.95412,37.11091
다사5102,am,0.381914,0.523964,0.2753,0.5598,-0.2846,ok,0.0,2,3,3,0.7547,8.37,389.0,1728.0,0.1671,향남읍,-0.2846,-0.2846,0.50744,3,ADD_FREQ,31240140,읍,38.19,52.4,97.2,41590-37517,147.2,126.95405,37.11992
다사5103,am,0.478044,0.367748,0.65,0.0196,0.6304,mid,0.0,4,4,2,0.4555,4.325,262.0,1605.0,0.0496,향남읍,0.6304,0.6304,0.446,3,NEW_STOP,31240140,읍,47.8,36.77,65.5,41590-37323,326.7,126.95399,37.12893
다사5104,am,0.418877,0.4793,0.4194,0.4054,0.014,ok,0.0,3,3,3,0.6695,6.968,362.0,1326.0,0.221,향남읍,0.014,0.014,0.5016,3,ADD_FREQ,31240140,읍,41.89,47.93,90.5,41590-37955,198.3,126.95392,37.13795
다사5105,am,0.277196,0.170188,-0.133,-0.6635,0.5305,mid,0.0,4,2,1,0.05,1.705,123.0,413.0,0.1057,정남면,0.5305,0.5305,0.35973,1,DRT,31240430,면,27.72,17.02,30.8,41590-37652,583.0,126.95386,37.14696
다사5106,am,0.174353,0.011,-0.534,-1.214,0.5092,drt,0.0,4,1,0,0.05,0.0,109.0,344.0,0.4679,정남면,0.5092,0.68,0.34871,1,DRT,31240430,면,17.44,1.1,27.2,41590-36739,918.3,126.95379,37.15597
다사5107,am,0.302889,0.430227,-0.0328,0.2357,-0.2685,mid,0.0,2,3,2,0.4902,6.503,274.0,423.0,0.354,정남면,-0.2685,-0.2685,0.47131,3,NEW_STOP,31240430,면,30.29,43.02,68.5,41590-37643,305.9,126.95373,37.16499
다사5108,am,0.290835,0.282658,-0.0798,-0.2746,0.1948,mid,0.0,3,2,2,0.3135,2.803,164.0,680.0,0.122,정남면,0.1948,0.1948,0.39504,2,NEW_STOP,31240430,면,29.08,28.27,41.0,41590-37642,411.9,126.95366,37.174
다사5109,am,0.160015,0.011,-0.5899,-1.214,0.442,mid,0.0,4,1,0,0.05,0.0,88.0,200.0,0.4091,정남면,0.442,0.6241,0.32003,1,DRT,31240430,면,16.0,1.1,22.0,41590-37640,1079.9,126.9536,37.18302
다사5110,am,0.127349,0.050307,-0.7172,-1.0781,0.2203,mid,0.0,3,1,1,0.2287,0.0,39.0,24.0,1.0,정남면,0.2203,0.3608,0.2547,1,NEW_STOP,31240430,면,12.73,5.03,9.8,41590-36097,462.8,126.95353,37.19203
다사5111,am,0.240836,0.011,-0.2748,-1.214,0.8676,mid,0.0,5,2,0,0.05,0.0,302.0,171.0,0.4934,봉담읍,0.8676,0.9392,0.48167,3,DRT,31240120,읍,24.08,1.1,75.5,41590-36752,661.3,126.95347,37.20104
다사5112,am,0.460498,0.578428,0.5816,0.7482,-0.1665,ok,0.0,3,3,3,0.5807,15.731,803.0,1407.0,0.1793,봉담읍,-0.1665,-0.1665,0.60687,4,ADD_FREQ,31240120,읍,46.05,57.84,200.8,41590-36011,251.6,126.9534,37.21006
다사5113,am,1.0,0.979797,2.685,2.1361,0.5489,ok,0.0,4,4,4,0.9082,175.805,16292.0,4655.0,0.1226,봉담읍,0.5489,0.5489,1.0,4,ADD_FREQ,31240120,읍,100.0,97.98,4073.0,41590-37883,55.1,126.95334,37.21907
다사5114,am,0.936871,0.846141,2.4389,1.6739,0.765,need,1.21206,5,4,4,0.7177,72.874,10332.0,1155.0,0.1165,봉담읍,0.765,0.765,0.98027,4,ADD_FREQ,31240120,읍,93.69,84.61,2583.0,41590-55338,169.4,126.95327,37.22808
다사5115,am,0.862568,0.81727,2.1492,1.5741,0.5751,ok,0.0,4,4,4,0.8975,47.162,6338.0,680.0,0.1346,봉담읍,0.5751,0.5751,0.91074,4,ADD_FREQ,31240120,읍,86.26,81.73,1584.5,41590-37911,61.5,126.95321,37.2371
다사5116,am,0.630324,0.855924,1.2437,1.7078,-0.464,ok,0.0,2,4,4,0.6213,88.658,1461.0,614.0,0.2053,매송면,-0.464,-0.464,0.6999,4,ADD_FREQ,31240310,면,63.03,85.59,365.2,41590-37325,227.2,126.95314,37.24611
다사5200,am,0.243917,0.273687,-0.2628,-0.3056,0.0399,mid,0.0,3,2,2,0.5645,1.546,228.0,467.0,0.1711,양감면,0.0399,0.0429,0.44428,3,ADD_FREQ,31240420,면,24.39,27.37,57.0,41590-36429,261.3,126.96544,37.10194
다사5201,am,0.292558,0.547561,-0.0731,0.6414,-0.7146,mid,0.0,1,3,3,0.896,7.941,174.0,280.0,0.3161,향남읍,-0.7146,-0.7146,0.39574,2,ADD_FREQ,31240140,읍,29.26,54.76,43.5,41590-36467,62.4,126.96537,37.11096
다사5202,am,0.318934,0.335686,0.0297,-0.0912,0.1209,mid,0.0,3,3,2,0.4383,3.462,243.0,543.0,0.1852,향남읍,0.1209,0.1209,0.44276,3,NEW_STOP,31240140,읍,31.89,33.57,60.8,41590-37376,337.0,126.96531,37.11997
다사5203,am,0.475291,0.157887,0.6393,-0.7061,1.3454,need,1.80486,6,3,1,0.7177,0.0,348.0,779.0,0.2356,향남읍,1.3454,1.3454,0.49553,3,ADD_FREQ,31240140,읍,47.53,15.79,87.0,41590-37330,169.4,126.96525,37.12898
다사5204,am,0.282438,0.041097,-0.1126,-1.1099,0.9973,mid,0.0,5,2,1,0.05,0.207,245.0,1174.0,0.0939,향남읍,0.9973,0.9973,0.44269,3,DRT,31240140,읍,28.24,4.11,61.2,41590-37266,757.8,126.96518,37.138
다사5205,am,0.266225,0.297679,-0.1758,-0.2227,0.0462,mid,0.0,3,2,2,0.359,2.924,143.0,754.0,0.2098,정남면,0.0462,0.0469,0.3781,2,NEW_STOP,31240430,면,26.62,29.77,35.8,41590-37653,384.6,126.96512,37.14701
다사5206,am,0.445265,0.560307,0.5222,0.6855,-0.1633,ok,0.0,3,3,3,0.7892,10.215,525.0,1278.0,0.28,정남면,-0.1633,-0.1633,0.55282,3,ADD_FREQ,31240430,면,44.53,56.03,131.2,41590-36790,126.5,126.96506,37.15603
다사5207,am,0.291036,0.373614,-0.0791,0.0399,-0.119,mid,0.0,3,2,2,0.4612,4.481,248.0,844.0,0.1573,정남면,-0.119,-0.119,0.44972,3,NEW_STOP,31240430,면,29.1,37.36,62.0,41590-37647,323.3,126.96499,37.16504
다사5208,am,0.19666,0.011,-0.447,-1.214,0.6211,drt,0.0,4,1,0,0.05,0.0,166.0,346.0,0.2349,정남면,0.6211,0.767,0.39332,2,DRT,31240430,면,19.67,1.1,41.5,41590-37646,887.2,126.96493,37.17405
다사5209,am,0.225759,0.02013,-0.3336,-1.1824,0.7519,mid,0.0,5,2,1,0.0915,0.0,245.0,346.0,0.3143,정남면,0.7519,0.8489,0.45152,3,DRT,31240430,면,22.58,2.01,61.2,41590-55365,545.1,126.96487,37.18307
다사5210,am,0.200961,0.011,-0.4302,-1.214,0.6437,drt,0.0,4,1,0,0.05,0.0,173.0,366.0,0.3584,정남면,0.6437,0.7838,0.40192,2,DRT,31240430,면,20.1,1.1,43.2,41590-36156,825.2,126.9648,37.19208
다사5211,am,0.256112,0.524628,-0.2152,0.5621,-0.7474,mid,0.0,1,2,3,0.6375,10.054,148.0,649.0,0.25,봉담읍,-0.7474,-0.7773,0.38023,2,ADD_FREQ,31240120,읍,25.61,52.46,37.0,41590-36751,217.5,126.96474,37.20109
다사5212,am,0.908321,0.676672,2.3276,1.0879,1.2397,need,1.93091,6,4,4,0.2668,46.608,11350.0,1923.0,0.0985,봉담읍,1.2397,1.2397,0.99319,4,NEW_STOP,31240120,읍,90.83,67.67,2837.5,41590-37972,439.9,126.96467,37.21011
다사5213,am,0.973571,0.835954,2.582,1.6387,0.9433,need,1.52432,5,4,4,0.5705,83.866,9762.0,2273.0,0.1347,봉담읍,0.9433,0.9433,0.97263,4,ADD_FREQ,31240120,읍,97.36,83.6,2440.5,41590-55916,257.7,126.96461,37.21912
다사5214,am,0.565185,0.559536,0.9898,0.6828,0.3069,ok,0.0,4,4,3,0.1237,26.873,943.0,353.0,0.1697,봉담읍,0.3069,0.3069,0.63621,4,DRT,31240120,읍,56.52,55.95,235.8,41590-36159,525.8,126.96455,37.22814
다사5300,am,0.273786,0.218148,-0.1463,-0.4977,0.3514,mid,0.0,4,2,1,0.3517,1.411,238.0,1753.0,0.042,양감면,0.3514,0.3514,0.43682,2,NEW_STOP,31240420,면,27.38,21.81,59.5,41590-36181,389.0,126.97669,37.10199
다사5301,am,0.354393,0.428489,0.168,0.2297,-0.0617,mid,0.0,3,3,2,0.5682,5.667,263.0,1444.0,0.1179,양감면,-0.0617,-0.0617,0.45829,3,ADD_FREQ,31240420,면,35.44,42.85,65.8,41590-36780,259.1,126.97663,37.11101
다사5302,am,0.326746,0.218659,0.0602,-0.4959,0.5561,mid,0.0,4,3,1,0.1142,2.353,129.0,937.0,0.155,향남읍,0.5561,0.5561,0.36757,2,DRT,31240140,읍,32.67,21.87,32.2,41590-37334,531.5,126.97657,37.12002
다사5303,am,0.417872,0.159091,0.4154,-0.7019,1.1173,need,1.33154,5,3,1,0.2272,0.978,375.0,1345.0,0.1333,향남읍,1.1173,1.1173,0.50248,3,NEW_STOP,31240140,읍,41.79,15.91,93.8,41590-37335,463.7,126.9765,37.12903
다사5304,am,0.344942,0.499599,0.1311,0.4756,-0.3445,mid,0.0,2,3,3,0.844,6.116,270.0,1563.0,0.1815,향남읍,-0.3445,-0.3445,0.45165,3,ADD_FREQ,31240140,읍,34.49,49.96,67.5,41590-37336,93.6,126.97644,37.13805
다사5305,am,0.26827,0.29159,-0.1678,-0.2437,0.0752,mid,0.0,3,2,2,0.1228,4.227,138.0,657.0,0.3188,정남면,0.0752,0.0759,0.3764,2,DRT,31240430,면,26.83,29.16,34.5,41590-55068,526.3,126.97638,37.14706
다사5306,am,0.510743,0.390149,0.7775,0.0971,0.6804,mid,0.0,4,4,2,0.2073,7.617,760.0,424.0,0.2303,정남면,0.6804,0.6804,0.60675,4,NEW_STOP,31240430,면,51.07,39.01,190.0,41590-55068,475.6,126.97632,37.15608
다사5307,am,0.548734,0.529177,0.9256,0.5779,0.3478,ok,0.0,4,4,3,0.6358,10.399,780.0,1623.0,0.2795,정남면,0.3478,0.3478,0.6094,4,ADD_FREQ,31240430,면,54.87,52.92,195.0,41590-36367,218.5,126.97626,37.16509
다사5308,am,0.275538,0.324093,-0.1395,-0.1313,-0.0082,mid,0.0,3,2,2,0.3193,3.888,218.0,264.0,0.2844,정남면,-0.0082,-0.0082,0.42864,2,NEW_STOP,31240430,면,27.55,32.41,54.5,41590-37572,408.4,126.97619,37.1741
다사5309,am,0.239351,0.356777,-0.2806,-0.0183,-0.2413,mid,0.0,3,2,2,0.6797,2.653,163.0,783.0,0.3497,정남면,-0.2413,-0.2623,0.39604,2,ADD_FREQ,31240430,면,23.94,35.68,40.8,41590-55365,192.2,126.97613,37.18312
다사5310,am,0.588388,0.417018,1.0802,0.19,0.8902,need,1.17213,5,4,2,0.4542,6.259,1066.0,556.0,0.1276,정남면,0.8902,0.8902,0.65322,4,NEW_STOP,31240430,면,58.84,41.7,266.5,41590-36622,327.5,126.97607,37.19213
다사5311,am,0.528984,0.58309,0.8486,0.7643,0.0844,ok,0.0,3,4,3,0.5378,17.271,1092.0,971.0,0.2161,봉담읍,0.0844,0.0844,0.65975,4,ADD_FREQ,31240120,읍,52.9,58.31,273.0,41590-36197,277.3,126.97601,37.20115
다사5312,am,0.975082,0.778168,2.5879,1.4389,1.149,need,1.75555,5,4,4,0.4015,73.609,9062.0,3314.0,0.0976,봉담읍,1.149,1.149,0.96119,4,NEW_STOP,31240120,읍,97.51,77.82,2265.5,41590-55773,359.1,126.97594,37.21016
다사5313,am,1.0,0.969163,2.685,2.0993,0.5857,ok,0.0,4,4,4,0.8598,166.157,14905.0,3828.0,0.104,봉담읍,0.5857,0.5857,1.0,4,ADD_FREQ,31240120,읍,100.0,96.92,3726.2,41590-36195,84.1,126.97588,37.21917
다사5314,am,0.905672,0.749418,2.3173,1.3395,0.9778,need,1.65024,5,4,4,0.3465,66.234,7251.0,1931.0,0.1878,기배동,0.9778,0.9778,0.93195,4,NEW_STOP,31240560,동,90.57,74.94,1812.8,41590-36172,392.1,126.97582,37.22819
다사5400,am,0.350368,0.285484,0.1523,-0.2648,0.4171,mid,0.0,4,3,2,0.4168,2.358,328.0,1112.0,0.1738,양감면,0.4171,0.4171,0.48812,3,NEW_STOP,31240420,면,35.04,28.55,82.0,41590-36241,349.9,126.98794,37.10204
다사5401,am,0.305658,0.342481,-0.022,-0.0677,0.0457,mid,0.0,3,3,2,0.5898,2.78,274.0,914.0,0.1898,양감면,0.0457,0.0457,0.4603,3,ADD_FREQ,31240420,면,30.57,34.25,68.5,41590-36268,246.1,126.98788,37.11106
다사5402,am,0.420212,0.430272,0.4246,0.2359,0.1887,mid,0.0,3,3,2,0.5392,6.016,324.0,885.0,0.2623,양감면,0.1887,0.1887,0.48721,3,ADD_FREQ,31240420,면,42.02,43.03,81.0,41590-37345,276.5,126.98782,37.12007
다사5403,am,0.37616,0.130076,0.2528,-0.8022,1.055,need,1.30781,5,3,1,0.1377,0.866,206.0,1338.0,0.2184,향남읍,1.055,1.055,0.42751,2,DRT,31240140,읍,37.62,13.01,51.5,41590-37343,517.4,126.98776,37.12908
다사5404,am,0.299006,0.413887,-0.048,0.1792,-0.2272,mid,0.0,3,3,2,0.6953,4.109,392.0,1756.0,0.1531,정남면,-0.2272,-0.2272,0.50791,3,ADD_FREQ,31240430,면,29.9,41.39,98.0,41590-37483,182.8,126.9877,37.1381
다사5405,am,0.234624,0.417258,-0.299,0.1908,-0.4449,mid,0.0,2,2,2,0.535,5.505,164.0,655.0,0.1402,정남면,-0.4449,-0.4898,0.38644,2,ADD_FREQ,31240430,면,23.46,41.73,41.0,41590-37528,279.0,126.98764,37.14711
다사5406,am,0.433405,0.257623,0.476,-0.3612,0.8372,need,1.22111,5,3,2,0.1547,3.046,357.0,771.0,0.3081,정남면,0.8372,0.8372,0.50102,3,NEW_STOP,31240430,면,43.34,25.76,89.2,41590-36225,507.2,126.98758,37.15613
다사5407,am,0.682675,0.446499,1.4478,0.292,1.1559,need,1.61488,5,4,2,0.348,9.1,2359.0,659.0,0.1162,정남면,1.1559,1.1559,0.7686,4,NEW_STOP,31240430,면,68.27,44.65,589.8,41590-36236,391.2,126.98752,37.16514
다사5408,am,0.490203,0.466958,0.6975,0.3627,0.3347,ok,0.0,4,4,3,0.586,7.274,491.0,692.0,0.2709,정남면,0.3347,0.3347,0.53967,3,ADD_FREQ,31240430,면,49.02,46.7,122.8,41590-36259,248.4,126.98746,37.17415
다사5409,am,0.421333,0.290019,0.4289,-0.2491,0.6781,mid,0.0,4,3,2,0.4065,2.504,333.0,1128.0,0.2012,정남면,0.6781,0.6781,0.49035,3,NEW_STOP,31240430,면,42.13,29.0,83.2,41590-36260,356.1,126.9874,37.18317
다사5410,am,0.48035,0.381193,0.659,0.0661,0.5929,mid,0.0,4,4,2,0.1527,7.784,763.0,1048.0,0.228,정남면,0.5929,0.5929,0.60346,4,NEW_STOP,31240430,면,48.04,38.12,190.8,41590-55454,508.4,126.98734,37.19218
다사5411,am,0.65824,0.695249,1.3526,1.1521,0.2004,ok,0.0,3,4,4,0.4277,41.86,898.0,4382.0,0.2773,화산동,0.2004,0.2004,0.63024,4,NEW_STOP,31240570,동,65.82,69.52,224.5,41590-55164,343.4,126.98727,37.20119
다사5412,am,0.624679,0.805929,1.2217,1.5349,-0.3131,ok,0.0,2,4,4,0.5767,68.749,657.0,1304.0,0.137,화산동,-0.3131,-0.3131,0.58048,4,ADD_FREQ,31240570,동,62.47,80.59,164.2,41590-55344,254.0,126.98721,37.21021
다사5413,am,0.715827,0.926189,1.5771,1.9507,-0.3736,ok,0.0,2,4,4,0.886,95.665,3720.0,838.0,0.1317,기배동,-0.3736,-0.3736,0.83216,4,ADD_FREQ,31240560,동,71.58,92.62,930.0,41590-55794,68.4,126.98715,37.21922
다사5414,am,0.493649,0.872388,0.7109,1.7647,-1.0538,ok,0.0,1,4,4,0.8382,72.753,615.0,1580.0,0.4033,기배동,-1.0538,-1.0538,0.57581,3,ADD_FREQ,31240560,동,49.36,87.24,153.8,41590-55820,97.1,126.98709,37.22824
다사5501,am,0.025294,0.011,-1.1151,-1.214,0.0211,mid,0.0,3,0,0,0.05,0.0,5.0,3.0,1.0,양감면,0.0211,0.0989,0.05059,0,DRT,31240420,면,2.53,1.1,1.2,41590-36271,805.6,126.99914,37.1111
다사5502,am,0.362604,0.394695,0.2,0.1128,0.0871,mid,0.0,3,3,2,0.4023,5.78,132.0,434.0,0.1591,양감면,0.0871,0.0871,0.37033,2,NEW_STOP,31240420,면,36.26,39.47,33.0,41590-36278,358.6,126.99908,37.12012
다사5503,am,0.177049,0.224392,-0.5235,-0.4761,-0.0358,mid,0.0,3,1,1,0.7655,0.419,58.0,421.0,0.2586,정남면,-0.0358,-0.0474,0.27308,1,ADD_FREQ,31240430,면,17.7,22.44,14.5,41590-37351,140.7,126.99902,37.12913
다사5504,am,0.141335,0.011,-0.6627,-1.214,0.3602,mid,0.0,4,1,0,0.05,0.0,63.0,538.0,0.0794,정남면,0.3602,0.5513,0.28267,1,DRT,31240430,면,14.13,1.1,15.8,41590-37483,832.1,126.99896,37.13815
다사5505,am,0.088116,0.011,-0.8702,-1.214,0.1652,mid,0.0,3,0,0,0.05,0.0,13.0,8.0,0.3846,정남면,0.1652,0.3438,0.17623,0,DRT,31240430,면,8.81,1.1,3.2,41590-36486,871.1,126.9989,37.14716
다사5506,am,0.115465,0.082751,-0.7636,-0.9659,0.1159,mid,0.0,3,0,1,0.05,0.566,23.0,11.0,0.2174,정남면,0.1159,0.2023,0.19963,0,DRT,31240430,면,11.55,8.28,5.8,41590-36286,678.3,126.99884,37.15617
다사5507,am,0.257907,0.360058,-0.2082,-0.0069,-0.1944,mid,0.0,3,2,2,0.5553,3.424,94.0,604.0,0.3298,정남면,-0.1944,-0.2013,0.33131,1,ADD_FREQ,31240430,면,25.79,36.01,23.5,41590-36485,266.8,126.99878,37.16519
다사5509,am,0.395625,0.460115,0.3287,0.339,-0.0103,ok,0.0,3,3,3,0.7813,5.06,313.0,802.0,0.2396,정남면,-0.0103,-0.0103,0.47499,3,ADD_FREQ,31240430,면,39.56,46.01,78.2,41590-36277,131.2,126.99866,37.18322
다사5510,am,0.417627,0.371374,0.4145,0.0322,0.3823,mid,0.0,4,3,2,0.317,5.59,303.0,2282.0,0.2937,화산동,0.3823,0.3823,0.47731,3,NEW_STOP,31240570,동,41.76,37.14,75.8,41590-55169,409.8,126.9986,37.19223
다사5511,am,0.713998,0.706898,1.57,1.1924,0.3775,ok,0.0,4,4,4,0.4405,44.291,2501.0,1415.0,0.1383,화산동,0.3775,0.3775,0.7764,4,NEW_STOP,31240570,동,71.4,70.69,625.2,41590-36999,335.7,126.99854,37.20124
다사5512,am,0.702169,0.573401,1.5239,0.7308,0.7931,need,1.01492,5,4,3,0.4812,17.591,2671.0,753.0,0.0464,화산동,0.7931,0.7931,0.77858,4,NEW_STOP,31240570,동,70.22,57.34,667.8,41590-36281,311.3,126.99848,37.21026
다사5513,am,0.220537,0.011,-0.3539,-1.214,0.7503,drt,0.0,5,2,0,0.05,0.0,213.0,1351.0,0.3615,기배동,0.7503,0.8601,0.44107,2,DRT,31240560,동,22.05,1.1,53.2,41590-55795,813.0,126.99842,37.21927
다사5603,am,0.240332,0.138893,-0.2767,-0.7717,0.4566,mid,0.0,4,2,1,0.6313,0.0,307.0,595.0,0.3257,정남면,0.4566,0.495,0.48066,3,ADD_FREQ,31240430,면,24.03,13.89,76.8,41590-37917,221.2,127.01028,37.12918
다사5604,am,0.284999,0.125287,-0.1026,-0.8188,0.7162,mid,0.0,5,2,1,0.05,1.043,212.0,363.0,0.2547,정남면,0.7162,0.7162,0.42727,2,DRT,31240430,면,28.5,12.53,53.0,41590-36310,600.0,127.01022,37.13819
다사5605,am,0.434825,0.458454,0.4815,0.3333,0.1482,ok,0.0,3,3,3,0.6593,6.093,300.0,737.0,0.2067,정남면,0.1482,0.1482,0.47828,3,ADD_FREQ,31240430,면,43.48,45.85,75.0,41590-36306,204.4,127.01016,37.14721
다사5606,am,0.273839,0.219713,-0.1461,-0.4923,0.3462,mid,0.0,4,2,1,0.225,1.898,244.0,724.0,0.2951,정남면,0.3462,0.3462,0.44341,3,NEW_STOP,31240430,면,27.38,21.97,61.0,41590-36297,465.0,127.0101,37.15622
다사5607,am,0.318422,0.294964,0.0277,-0.232,0.2598,mid,0.0,4,3,2,0.628,1.665,370.0,978.0,0.2838,정남면,0.2598,0.2598,0.51,3,ADD_FREQ,31240430,면,31.84,29.5,92.5,41590-36299,223.2,127.01004,37.16523
다사5611,am,0.88198,0.833988,2.2249,1.6319,0.593,ok,0.0,4,4,4,0.8007,60.084,5822.0,952.0,0.1371,화산동,0.593,0.593,0.89862,4,ADD_FREQ,31240570,동,88.2,83.4,1455.5,41590-36305,119.6,127.00981,37.20129
다사5612,am,0.858795,0.69084,2.1345,1.1369,0.9976,need,1.60014,5,4,4,0.8847,21.24,6872.0,1330.0,0.1509,화산동,0.9976,0.9976,0.92358,4,ADD_FREQ,31240570,동,85.88,69.08,1718.0,41590-36301,69.2,127.00975,37.2103
다사5613,am,0.223195,0.199751,-0.3435,-0.5613,0.1914,mid,0.0,3,2,1,0.113,1.984,138.0,144.0,0.3986,화산동,0.1914,0.2177,0.37911,2,DRT,31240570,동,22.32,19.98,34.5,41590-36323,532.2,127.00969,37.21932
다사5704,am,0.382667,0.397713,0.2782,0.1233,0.1549,mid,0.0,3,3,2,0.6363,4.008,704.0,1772.0,0.206,정남면,0.1549,0.1549,0.59346,4,ADD_FREQ,31240430,면,38.27,39.77,176.0,41590-36329,218.2,127.02148,37.13824
다사5705,am,0.19322,0.035019,-0.4604,-1.1309,0.5368,drt,0.0,4,1,1,0.05,0.162,145.0,1423.0,0.2828,정남면,0.5368,0.6705,0.38321,2,DRT,31240430,면,19.32,3.5,36.2,41590-36334,760.6,127.02142,37.14725
다사5706,am,0.277178,0.05024,-0.1331,-1.0783,0.9452,mid,0.0,5,2,1,0.05,0.278,360.0,933.0,0.2778,정남면,0.9452,0.9452,0.50107,3,DRT,31240430,면,27.72,5.02,90.0,41590-36331,628.2,127.02136,37.15627
다사5707,am,0.457477,0.191204,0.5699,-0.5908,1.1607,need,1.56236,5,3,1,0.391,0.93,2739.0,691.0,0.0796,정남면,1.1607,1.1607,0.78498,4,NEW_STOP,31240430,면,45.75,19.12,684.8,41590-36270,365.4,127.02131,37.16528
다사5711,am,0.871853,0.75894,2.1854,1.3724,0.813,need,1.23536,5,4,4,0.637,46.856,5946.0,360.0,0.1189,화산동,0.813,0.813,0.90088,4,ADD_FREQ,31240570,동,87.19,75.89,1486.5,41590-55415,217.8,127.02108,37.20134
다사5712,am,0.736515,0.543879,1.6578,0.6287,1.0291,need,1.64566,5,4,3,0.1087,24.801,2769.0,605.0,0.2113,화산동,1.0291,1.0291,0.793,4,DRT,31240570,동,73.65,54.39,692.2,41590-36328,534.8,127.02102,37.21035
다사5713,am,0.346284,0.5873,0.1363,0.7789,-0.6425,mid,0.0,2,3,3,0.7123,13.756,364.0,1128.0,0.3984,화산동,-0.6425,-0.6425,0.50383,3,ADD_FREQ,31240570,동,34.63,58.73,91.0,41590-36322,172.6,127.02097,37.21936
다사5804,am,0.59126,0.298006,1.0914,-0.2215,1.313,need,1.74997,6,4,2,0.7477,1.304,1037.0,2529.0,0.1389,정남면,1.313,1.313,0.64723,4,ADD_FREQ,31240430,면,59.13,29.8,259.2,41590-36481,151.4,127.03274,37.13828
다사5811,am,0.987794,0.921262,2.6374,1.9337,0.7037,ok,0.0,5,4,4,0.8148,102.371,10073.0,2725.0,0.0753,병점1동,0.7037,0.7037,0.97559,4,ADD_FREQ,31240530,동,98.78,92.13,2518.2,41590-36679,111.1,127.03235,37.20138
다사5812,am,0.977441,0.937653,2.5971,1.9904,0.6067,ok,0.0,4,4,4,0.9542,93.554,8524.0,6429.0,0.1273,진안동,0.6067,0.6067,0.95488,4,ADD_FREQ,31240520,동,97.74,93.77,2131.0,41590-36340,27.5,127.03229,37.21039
다사5813,am,0.679327,0.563406,1.4348,0.6962,0.7386,ok,0.0,5,4,3,0.48,16.493,4633.0,976.0,0.0814,진안동,0.7386,0.7386,0.86465,4,NEW_STOP,31240520,동,67.93,56.34,1158.2,41590-55573,312.0,127.03224,37.21941
다사5814,am,0.393806,0.51481,0.3216,0.5282,-0.2066,ok,0.0,3,3,3,0.6938,8.621,482.0,1183.0,0.3527,진안동,-0.2066,-0.2066,0.54008,3,ADD_FREQ,31240520,동,39.38,51.48,120.5,41590-55029,183.7,127.03218,37.22842
다사5911,am,1.0,0.97338,2.685,2.1139,0.5711,ok,0.0,4,4,4,0.879,150.655,19592.0,2064.0,0.1282,진안동,0.5711,0.5711,1.0,4,ADD_FREQ,31240520,동,100.0,97.34,4898.0,41590-55295,72.6,127.04362,37.20143
다사5912,am,1.0,0.969237,2.685,2.0996,0.5854,ok,0.0,4,4,4,0.8602,130.089,25931.0,8904.0,0.1164,병점2동,0.5854,0.5854,1.0,4,ADD_FREQ,31240540,동,100.0,96.92,6482.8,41590-55234,83.9,127.04356,37.21044
다사5913,am,1.0,0.654679,2.685,1.0118,1.6732,need,2.72752,6,4,4,0.4468,31.394,12437.0,3544.0,0.1297,진안동,1.6732,1.6732,1.0,4,NEW_STOP,31240520,동,100.0,65.47,3109.2,41590-37983,331.9,127.04351,37.21945
다사5914,am,0.781436,0.607482,1.8329,0.8486,0.9842,need,1.42393,5,4,3,0.6068,18.354,4040.0,1522.0,0.1069,진안동,0.9842,0.9842,0.8443,4,ADD_FREQ,31240520,동,78.14,60.75,1010.0,41590-36754,235.9,127.04345,37.22847
다사5915,am,0.5,0.591778,0.7356,0.7943,-0.0587,ok,0.0,3,4,3,0.8132,12.21,15890.0,2177.0,0.0437,진안동,-0.0587,-0.0587,1.0,4,ADD_FREQ,31240520,동,50.0,59.18,3972.5,41590-36418,112.1,127.0434,37.23748
다사6011,am,1.0,0.979494,2.685,2.1351,0.55,ok,0.0,4,4,4,0.9235,127.111,19045.0,3136.0,0.0705,동탄3동,0.55,0.55,1.0,4,ADD_FREQ,31240620,동,100.0,97.95,4761.2,41590-37720,45.9,127.05488,37.20147
다사6012,am,1.0,0.952627,2.685,2.0422,0.6429,ok,0.0,4,4,4,0.7847,177.608,19701.0,3205.0,0.0994,동탄3동,0.6429,0.6429,1.0,4,ADD_FREQ,31240620,동,100.0,95.26,4925.2,41590-55020,129.2,127.05483,37.21048
다사6013,am,1.0,0.783213,2.685,1.4563,1.2287,need,1.82249,6,4,4,0.6303,55.21,20162.0,4099.0,0.0617,진안동,1.2287,1.2287,1.0,4,ADD_FREQ,31240520,동,100.0,78.32,5040.5,41590-37574,221.8,127.05478,37.2195
다사6014,am,0.76345,0.606182,1.7628,0.8441,0.9186,need,1.35115,5,4,3,0.5705,19.181,7221.0,3865.0,0.0836,반월동,0.9186,0.9186,0.92624,4,ADD_FREQ,31240550,동,76.34,60.62,1805.2,41590-36484,257.7,127.05473,37.22851
다사6110,am,0.960705,0.915951,2.5318,1.9153,0.6165,ok,0.0,4,4,4,0.829,97.066,14415.0,1939.0,0.1314,동탄2동,0.6165,0.6165,1.0,4,ADD_FREQ,31240600,동,96.07,91.6,3603.8,41590-37699,102.6,127.0662,37.1925
다사6111,am,1.0,0.949657,2.685,2.0319,0.6531,ok,0.0,4,4,4,0.7712,302.071,21450.0,4476.0,0.0625,동탄1동,0.6531,0.6531,1.0,4,ADD_FREQ,31240610,동,100.0,94.97,5362.5,41590-37588,137.3,127.06615,37.20151
다사6112,am,1.0,0.938363,2.685,1.9928,0.6922,ok,0.0,4,4,4,0.7198,235.903,11836.0,3878.0,0.0967,동탄1동,0.6922,0.6922,1.0,4,ADD_FREQ,31240610,동,100.0,93.84,2959.0,41590-36960,168.1,127.0661,37.21052
다사6113,am,0.690044,0.195031,1.4766,-0.5776,2.0542,need,2.86542,6,4,1,0.1163,1.884,721.0,5390.0,0.2039,반월동,2.0542,2.0542,0.59319,4,DRT,31240550,동,69.0,19.5,180.2,41590-55442,530.2,127.06605,37.21954
다사6114,am,0.993097,0.892377,2.6581,1.8338,0.8243,need,1.24737,5,4,4,0.819,84.801,10797.0,59383.0,0.0807,반월동,0.8243,0.8243,0.98619,4,ADD_FREQ,31240550,동,99.31,89.24,2699.2,41590-37592,108.6,127.066,37.22855
다사6115,am,1.0,0.806429,2.685,1.5366,1.1484,need,1.83017,5,4,4,0.8433,47.487,22934.0,3896.0,0.1128,반월동,1.1484,1.1484,1.0,4,ADD_FREQ,31240550,동,100.0,80.64,5733.5,41590-36615,94.0,127.06595,37.23757
다사6207,am,0.464127,0.15752,0.5958,-0.7073,1.3031,need,1.85665,6,3,1,0.716,0.0,2074.0,761.0,0.1398,동탄6동,1.3031,1.3031,0.74826,4,ADD_FREQ,31240700,동,46.41,15.75,518.5,41590-55459,170.4,127.07762,37.16549
다사6208,am,0.278143,0.13893,-0.1293,-0.7716,0.6423,mid,0.0,4,2,1,0.6315,0.0,228.0,697.0,0.3509,동탄6동,0.6423,0.6423,0.43885,2,ADD_FREQ,31240700,동,27.81,13.89,57.0,41590-36424,221.1,127.07757,37.17451
다사6209,am,0.52405,0.540142,0.8294,0.6158,0.2136,ok,0.0,3,4,3,0.922,7.236,1508.0,2891.0,0.0995,동탄6동,0.2136,0.2136,0.69635,4,ADD_FREQ,31240700,동,52.41,54.01,377.0,41590-36412,46.8,127.07752,37.18352
다사6210,am,0.997858,0.972317,2.6767,2.1102,0.5664,ok,0.0,4,4,4,0.8742,160.924,16916.0,4792.0,0.0632,동탄2동,0.5664,0.5664,1.0,4,ADD_FREQ,31240600,동,99.79,97.23,4229.0,41590-37669,75.5,127.07747,37.19254
다사6211,am,0.910528,0.683944,2.3362,1.113,1.2231,need,1.75948,6,4,4,0.4602,37.19,7429.0,8499.0,0.0664,동탄1동,1.2231,1.2231,0.93162,4,NEW_STOP,31240610,동,91.05,68.39,1857.2,41590-55724,323.9,127.07742,37.20155
다사6212,am,1.0,0.991017,2.685,2.1749,0.5101,ok,0.0,4,4,4,0.9592,325.048,13931.0,4049.0,0.0576,동탄1동,0.5101,0.5101,1.0,4,ADD_FREQ,31240610,동,100.0,99.1,3482.8,41590-37758,24.5,127.07737,37.21056
다사6213,am,0.818513,0.835273,1.9774,1.6363,0.3411,ok,0.0,4,4,4,0.5767,82.792,1825.0,9918.0,0.0312,동탄1동,0.3411,0.3411,0.7266,4,ADD_FREQ,31240610,동,81.85,83.53,456.2,41590-36414,254.0,127.07732,37.21958
다사6307,am,0.650782,0.656275,1.3235,1.0174,0.3061,ok,0.0,4,4,4,0.8263,18.415,2005.0,6769.0,0.0758,동탄6동,0.3061,0.3061,0.73959,4,ADD_FREQ,31240700,동,65.08,65.63,501.2,41590-55092,104.2,127.08889,37.16553
다사6308,am,0.410953,0.558019,0.3885,0.6776,-0.2891,ok,0.0,2,3,3,0.6837,11.782,182.0,6467.0,0.0275,동탄6동,-0.2891,-0.2891,0.40637,2,ADD_FREQ,31240700,동,41.1,55.8,45.5,41590-55103,189.8,127.08884,37.17455
다사6309,am,0.775432,0.696243,1.8095,1.1556,0.6539,ok,0.0,4,4,4,0.3842,44.786,5050.0,2978.0,0.0531,동탄6동,0.6539,0.6539,0.87366,4,NEW_STOP,31240700,동,77.54,69.62,1262.5,41590-36704,369.5,127.08879,37.18356
다사6310,am,0.801881,0.814666,1.9126,1.5651,0.3475,ok,0.0,4,4,4,0.7702,55.453,9365.0,1250.0,0.0479,동탄6동,0.3475,0.3475,0.96313,4,ADD_FREQ,31240700,동,80.19,81.47,2341.2,41590-55761,137.9,127.08874,37.19258
다사6311,am,0.88261,0.633516,2.2273,0.9387,1.2887,need,1.80845,6,4,4,0.4317,27.978,8976.0,3032.0,0.0392,동탄6동,1.2887,1.2887,0.95793,4,NEW_STOP,31240700,동,88.26,63.35,2244.0,41590-37134,341.0,127.08869,37.20159
다사6312,am,0.856361,0.937777,2.125,1.9908,0.1342,ok,0.0,3,4,4,0.7172,164.046,4060.0,13906.0,0.0438,동탄5동,0.1342,0.1342,0.84033,4,ADD_FREQ,31240650,동,85.64,93.78,1015.0,41590-55937,169.7,127.08864,37.2106
다사6406,am,0.698658,0.945147,1.5102,2.0163,-0.5061,ok,0.0,2,4,4,0.7507,195.725,1151.0,1668.0,0.1025,동탄8동,-0.5061,-0.5061,0.65662,4,ADD_FREQ,31240710,동,69.87,94.51,287.8,41590-55519,149.6,127.1002,37.15656
다사6407,am,0.981818,0.958383,2.6141,2.0621,0.5521,ok,0.0,4,4,4,0.8108,141.403,12808.0,2484.0,0.041,동탄7동,0.5521,0.5521,1.0,4,ADD_FREQ,31240691,동,98.18,95.84,3202.0,41590-55592,113.5,127.10015,37.16557
다사6408,am,0.910779,0.817007,2.3372,1.5732,0.764,need,1.10536,5,4,4,0.5965,71.739,9072.0,1936.0,0.0592,동탄7동,0.764,0.764,0.95872,4,ADD_FREQ,31240691,동,91.08,81.7,2268.0,41590-55475,242.1,127.1001,37.17459
다사6409,am,0.728818,0.901147,1.6277,1.8641,-0.2364,ok,0.0,3,4,4,0.5507,139.287,2132.0,628.0,0.0905,동탄6동,-0.2364,-0.2364,0.74849,4,ADD_FREQ,31240700,동,72.88,90.11,533.0,41590-36487,269.6,127.10005,37.1836
다사6410,am,0.946948,0.955817,2.4782,2.0532,0.425,ok,0.0,4,4,4,0.7992,284.433,7519.0,1837.0,0.0464,동탄4동,0.425,0.425,0.93316,4,ADD_FREQ,31240640,동,94.69,95.58,1879.8,41590-36384,120.5,127.10001,37.19261
다사6411,am,1.0,0.92388,2.685,1.9427,0.7423,ok,0.0,5,4,4,0.654,260.807,20510.0,6414.0,0.0348,동탄4동,0.7423,0.7423,1.0,4,ADD_FREQ,31240640,동,100.0,92.39,5127.5,41590-36447,207.6,127.09996,37.20163
다사6412,am,0.977561,0.963517,2.5975,2.0798,0.5177,ok,0.0,4,4,4,0.8342,223.585,8765.0,19251.0,0.0609,동탄5동,0.5177,0.5177,0.95512,4,ADD_FREQ,31240650,동,97.76,96.35,2191.2,41590-55852,99.5,127.09991,37.21064
다사6505,am,0.026331,0.011,-1.1111,-1.214,0.0226,mid,0.0,3,0,0,0.05,0.0,8.0,0.0,0.0,동탄8동,0.0226,0.1029,0.05266,0,DRT,31240710,동,2.63,1.1,2.0,41590-36944,936.4,127.1115,37.14758
다사6506,am,0.836611,0.990063,2.048,2.1716,-0.1236,ok,0.0,3,4,4,0.9548,207.304,7097.0,1431.0,0.0666,동탄8동,-0.1236,-0.1236,0.92261,4,ADD_FREQ,31240710,동,83.66,99.01,1774.2,41590-55684,27.1,127.11146,37.1566
다사6507,am,1.0,0.930113,2.685,1.9643,0.7207,ok,0.0,5,4,4,0.6823,321.714,18345.0,3588.0,0.0524,동탄8동,0.7207,0.7207,1.0,4,ADD_FREQ,31240710,동,100.0,93.01,4586.2,41590-55505,190.6,127.11141,37.16561
다사6508,am,0.998928,0.886915,2.6808,1.8149,0.8659,need,1.26531,5,4,4,0.5553,118.163,16539.0,2998.0,0.0515,동탄7동,0.8659,0.8659,1.0,4,ADD_FREQ,31240691,동,99.89,88.69,4134.8,41590-55569,266.8,127.11137,37.17462
다사6509,am,0.718762,0.667773,1.5885,1.0571,0.5314,ok,0.0,4,4,4,0.8922,18.056,7770.0,865.0,0.0725,동탄6동,0.5314,0.5314,0.93638,4,ADD_FREQ,31240700,동,71.88,66.78,1942.5,41590-55510,64.7,127.11132,37.18364
다사6510,am,0.735632,0.611246,1.6543,0.8617,0.7927,need,1.12838,5,4,3,0.2167,32.886,6898.0,570.0,0.0634,동탄4동,0.7927,0.7927,0.91984,4,NEW_STOP,31240640,동,73.56,61.12,1724.5,41590-55297,470.0,127.11127,37.19265
다사6511,am,1.0,0.937263,2.685,1.989,0.696,ok,0.0,4,4,4,0.7148,278.864,19594.0,4060.0,0.0341,동탄4동,0.696,0.696,1.0,4,ADD_FREQ,31240640,동,100.0,93.73,4898.5,41590-36811,171.1,127.11123,37.20167
다사6512,am,1.0,0.97107,2.685,2.1059,0.5791,ok,0.0,4,4,4,0.8685,155.189,13038.0,3667.0,0.0756,동탄5동,0.5791,0.5791,1.0,4,ADD_FREQ,31240650,동,100.0,97.11,3259.5,41590-55607,78.9,127.11118,37.21068
다사6605,am,0.145074,0.011,-0.6481,-1.214,0.376,mid,0.0,4,1,0,0.05,0.0,28.0,551.0,0.8214,동탄8동,0.376,0.5659,0.22112,0,DRT,31240710,동,14.51,1.1,7.0,41590-36945,579.6,127.12276,37.14762
다사6606,am,0.646454,0.693631,1.3066,1.1465,0.1601,ok,0.0,3,4,4,0.429,41.351,1931.0,569.0,0.1243,동탄8동,0.1601,0.1601,0.73647,4,NEW_STOP,31240710,동,64.65,69.36,482.8,41590-37403,342.6,127.12272,37.15663
다사6607,am,0.943289,0.916757,2.4639,1.9181,0.5458,ok,0.0,4,4,4,0.711,114.927,10649.0,1294.0,0.0867,동탄7동,0.5458,0.5458,0.98464,4,ADD_FREQ,31240691,동,94.33,91.68,2662.2,41590-55730,173.4,127.12267,37.16565
다사6608,am,0.923826,0.892116,2.388,1.8329,0.5551,ok,0.0,4,4,4,0.7812,89.236,8562.0,4542.0,0.0638,동탄7동,0.5551,0.5551,0.95048,4,ADD_FREQ,31240691,동,92.38,89.21,2140.5,41590-55800,131.3,127.12263,37.17466
다사6609,am,1.0,0.953067,2.685,2.0437,0.6413,ok,0.0,4,4,4,0.7867,199.451,18068.0,3111.0,0.0589,동탄9동,0.6413,0.6413,1.0,4,ADD_FREQ,31240720,동,100.0,95.31,4517.0,41590-55490,128.0,127.12259,37.18367
다사6610,am,0.967872,0.915848,2.5598,1.915,0.6448,ok,0.0,4,4,4,0.6247,128.802,13095.0,1041.0,0.0578,동탄9동,0.6448,0.6448,1.0,4,ADD_FREQ,31240720,동,96.79,91.58,3273.8,41590-36693,225.2,127.12254,37.19269
다사6611,am,0.922319,0.929637,2.3822,1.9627,0.4195,ok,0.0,4,4,4,0.8463,103.309,10119.0,894.0,0.0838,동탄4동,0.4195,0.4195,0.97544,4,ADD_FREQ,31240640,동,92.23,92.96,2529.8,41590-55301,92.2,127.1225,37.2017
다사6612,am,0.641721,0.72173,1.2882,1.2437,0.0445,ok,0.0,3,4,4,0.4673,46.891,5512.0,265.0,0.1069,동탄5동,0.0445,0.0445,0.88687,4,NEW_STOP,31240650,동,64.17,72.17,1378.0,41590-55584,319.6,127.12245,37.21072
다사6707,am,0.630752,0.281897,1.2454,-0.2772,1.5226,need,2.17375,6,4,2,0.05,4.438,6021.0,417.0,0.0732,동탄7동,1.5226,1.5226,0.89839,4,DRT,31240691,동,63.08,28.19,1505.2,41590-55750,588.1,127.13394,37.16568
다사6708,am,0.745848,0.643394,1.6941,0.9728,0.7213,ok,0.0,5,4,4,0.712,19.963,6700.0,968.0,0.0282,동탄9동,0.7213,0.7213,0.91159,4,ADD_FREQ,31240720,동,74.58,64.34,1675.0,41590-55816,172.8,127.13389,37.1747
다사6709,am,0.554747,0.598723,0.9491,0.8184,0.1307,ok,0.0,3,4,3,0.8653,11.841,594.0,72.0,0.0875,동탄9동,0.1307,0.1307,0.56239,3,ADD_FREQ,31240720,동,55.47,59.87,148.5,41590-55914,80.8,127.13385,37.18371
다사6710,am,0.564508,0.276968,0.9871,-0.2943,1.2814,need,1.64461,6,4,2,0.05,4.273,2891.0,319.0,0.0436,동탄9동,1.2814,1.2814,0.78879,4,DRT,31240720,동,56.45,27.7,722.8,41590-55555,714.4,127.13381,37.19272
다사6711,am,0.274967,0.576698,-0.1417,0.7422,-0.8839,mid,0.0,1,2,3,0.7375,12.34,164.0,192.0,0.2073,동탄5동,-0.8839,-0.8839,0.3922,2,ADD_FREQ,31240650,동,27.5,57.67,41.0,41590-36504,157.5,127.13376,37.20174
다사6712,am,0.080557,0.162122,-0.8997,-0.6914,-0.0944,mid,0.0,3,0,1,0.05,1.572,13.0,3.0,0.7692,동탄5동,-0.0944,-0.2082,0.1446,0,DRT,31240650,동,8.06,16.21,3.2,41590-55902,634.8,127.13372,37.21075
다사6808,am,0.581099,0.497644,1.0518,0.4688,0.583,ok,0.0,4,4,3,0.6997,7.573,822.0,41.0,0.0754,동탄9동,0.583,0.583,0.61006,4,ADD_FREQ,31240720,동,58.11,49.76,205.5,41590-55934,180.2,127.14516,37.17473
다사6809,am,0.532252,0.28317,0.8614,-0.2728,1.1342,need,1.55769,5,4,2,0.3827,2.469,2127.0,94.0,0.1105,동탄9동,1.1342,1.1342,0.74895,4,NEW_STOP,31240720,동,53.23,28.32,531.8,41590-55817,370.4,127.14512,37.18374
다사6810,am,0.35011,0.210459,0.1513,-0.5243,0.6755,mid,0.0,4,3,1,0.422,1.086,284.0,225.0,0.0915,동탄9동,0.6755,0.6755,0.46286,3,NEW_STOP,31240720,동,35.01,21.05,71.0,41590-36505,346.8,127.14507,37.19276
다사6811,am,0.19818,0.144311,-0.4411,-0.753,0.2539,mid,0.0,4,1,1,0.05,1.301,78.0,58.0,0.3333,동탄5동,0.2539,0.3119,0.32203,1,DRT,31240650,동,19.82,14.43,19.5,41590-36505,665.1,127.14503,37.20177
다사6812,am,0.103513,0.011,-0.8102,-1.214,0.2155,mid,0.0,3,0,0,0.05,0.0,23.0,12.0,0.2174,동탄5동,0.2155,0.4038,0.20703,0,DRT,31240650,동,10.35,1.1,5.8,41590-36505,860.8,127.14499,37.21079
다사6909,am,0.0,0.011,-1.2137,-1.214,0.0,mid,0.0,3,0,0,0.05,0.0,0.0,0.0,0.0,동탄9동,0.0,0.0003,0.0,0,DRT,31240720,동,0.0,1.1,0.0,41590-55934,1239.6,127.15638,37.18378
다사6910,am,0.0,0.011,-1.2137,-1.214,0.0,mid,0.0,3,0,0,0.05,0.0,0.0,0.0,0.0,동탄9동,0.0,0.0003,0.0,0,DRT,31240720,동,0.0,1.1,0.0,41590-55934,1312.7,127.15634,37.19279
다바1595,day,0.0,0.011,-1.5041,-1.321,-0.0,mid,0.0,3,0,0,0.05,0.0,0.0,0.0,0.0,우정읍,-0.0,-0.183,0.0,0,DRT,31240130,읍,0.0,1.1,0.0,41590-60113,13496.1,126.54964,37.05427
다바3297,day,0.026404,0.091041,-1.4037,-1.047,-0.0604,mid,0.0,3,0,1,0.05,0.823,0.0,0.0,0.0,우정읍,-0.0604,-0.3567,0.0,0,DRT,31240130,읍,2.64,9.1,0.0,41590-36991,664.2,126.74064,37.07367
다바3298,day,0.0,0.011,-1.5041,-1.321,-0.0,mid,0.0,3,0,0,0.05,0.0,0.0,0.0,0.0,우정읍,-0.0,-0.183,0.0,0,DRT,31240130,읍,0.0,1.1,0.0,41590-36991,1144.8,126.74055,37.08269
다바3299,day,0.0,0.011,-1.5041,-1.321,-0.0,mid,0.0,3,0,0,0.05,0.0,0.0,0.0,0.0,우정읍,-0.0,-0.183,0.0,0,DRT,31240130,읍,0.0,1.1,0.0,41590-36991,2044.1,126.74046,37.0917
다바3393,day,0.469171,0.636179,0.2796,0.8197,-0.5401,ok,0.0,2,3,3,0.653,39.244,326.0,151.0,0.4387,우정읍,-0.5401,-0.5401,0.59275,3,ADD_FREQ,31240130,읍,46.92,63.62,81.5,41590-36589,208.2,126.75224,37.03769
다바3394,day,0.218471,0.325916,-0.6735,-0.2427,-0.2881,mid,0.0,2,1,2,0.05,9.618,13.0,3.0,0.3846,우정읍,-0.2881,-0.4308,0.24228,0,DRT,31240130,읍,21.85,32.59,3.2,41590-37476,629.7,126.75216,37.04671
다바3396,day,0.0,0.011,-1.5041,-1.321,-0.0,mid,0.0,3,0,0,0.05,0.0,0.0,0.0,0.0,우정읍,-0.0,-0.183,0.0,0,DRT,31240130,읍,0.0,1.1,0.0,41590-37518,1160.2,126.75198,37.06473
다바3397,day,0.0,0.011,-1.5041,-1.321,-0.0,mid,0.0,3,0,0,0.05,0.0,0.0,0.0,0.0,우정읍,-0.0,-0.183,0.0,0,DRT,31240130,읍,0.0,1.1,0.0,41590-36991,1662.2,126.75189,37.07375
다바3398,day,0.0,0.011,-1.5041,-1.321,-0.0,mid,0.0,3,0,0,0.05,0.0,0.0,0.0,0.0,우정읍,-0.0,-0.183,0.0,0,DRT,31240130,읍,0.0,1.1,0.0,41590-37448,1802.9,126.7518,37.08276
다바3399,day,0.0,0.011,-1.5041,-1.321,-0.0,mid,0.0,3,0,0,0.05,0.0,0.0,0.0,0.0,우정읍,-0.0,-0.183,0.0,0,DRT,31240130,읍,0.0,1.1,0.0,41590-37485,1856.6,126.75171,37.09177
다바3493,day,0.394401,0.42272,-0.0046,0.0888,-0.0917,mid,0.0,3,2,2,0.633,7.386,317.0,68.0,0.2744,우정읍,-0.0917,-0.0934,0.584,3,ADD_FREQ,31240130,읍,39.44,42.27,79.2,41590-36583,220.2,126.76349,37.03776
다바3494,day,0.455255,0.714449,0.2267,1.0877,-0.861,mid,0.0,1,3,4,0.8088,54.978,193.0,62.0,0.4145,우정읍,-0.861,-0.861,0.52918,2,ADD_FREQ,31240130,읍,45.53,71.44,48.2,41590-36830,114.7,126.7634,37.04678
다바3495,day,0.391279,0.418789,-0.0165,0.0753,-0.0897,mid,0.0,3,2,2,0.508,9.008,233.0,491.0,0.2446,우정읍,-0.0897,-0.0918,0.54993,3,ADD_FREQ,31240130,읍,39.13,41.88,58.2,41590-37388,295.2,126.76331,37.05579
다바3496,day,0.0,0.011,-1.5041,-1.321,-0.0,mid,0.0,3,0,0,0.05,0.0,0.0,0.0,0.0,우정읍,-0.0,-0.183,0.0,0,DRT,31240130,읍,0.0,1.1,0.0,41590-37518,1182.8,126.76323,37.0648
다바3497,day,0.105127,0.040637,-1.1044,-1.2196,0.0479,mid,0.0,3,0,1,0.05,0.249,13.0,7.0,0.7692,우정읍,0.0479,0.1152,0.20755,0,DRT,31240130,읍,10.51,4.06,3.2,41590-37448,783.4,126.76314,37.07382
다바3498,day,0.068006,0.011,-1.2455,-1.321,0.0237,mid,0.0,3,0,0,0.05,0.0,5.0,0.0,0.0,우정읍,0.0237,0.0755,0.13601,0,DRT,31240130,읍,6.8,1.1,1.2,41590-37485,900.0,126.76305,37.08283
다바3499,day,0.068006,0.011,-1.2455,-1.321,0.0237,mid,0.0,3,0,0,0.05,0.0,5.0,3.0,0.0,우정읍,0.0237,0.0755,0.13601,0,DRT,31240130,읍,6.8,1.1,1.2,41590-37485,939.6,126.76297,37.09184
다바3593,day,0.421835,0.635786,0.0997,0.8183,-0.7187,mid,0.0,1,2,3,0.8858,26.323,284.0,51.0,0.3521,우정읍,-0.7187,-0.7187,0.57407,3,ADD_FREQ,31240130,읍,42.18,63.58,71.0,41590-36582,68.5,126.77473,37.03783
다바3594,day,0.328554,0.440754,-0.255,0.1505,-0.3536,mid,0.0,2,2,2,0.0953,22.319,63.0,20.0,0.4444,우정읍,-0.3536,-0.4055,0.42058,1,DRT,31240130,읍,32.86,44.08,15.8,41590-55142,542.8,126.77465,37.04684
다바3595,day,0.310091,0.411588,-0.3252,0.0506,-0.3156,mid,0.0,2,2,2,0.2485,13.551,127.0,420.0,0.4882,우정읍,-0.3156,-0.3758,0.50093,2,NEW_STOP,31240130,읍,31.01,41.16,31.8,41590-36580,450.9,126.77456,37.05586
다바3596,day,0.281196,0.423994,-0.435,0.0931,-0.4163,mid,0.0,2,1,2,0.545,8.79,128.0,205.0,0.4609,우정읍,-0.4163,-0.5281,0.48911,2,ADD_FREQ,31240130,읍,28.12,42.4,32.0,41590-36941,273.0,126.77447,37.06487
다바3597,day,0.281356,0.275437,-0.4344,-0.4156,-0.0149,drt,0.0,3,1,1,0.1933,4.739,163.0,8.0,0.5215,우정읍,-0.0149,-0.0188,0.51871,2,NEW_STOP,31240130,읍,28.14,27.54,40.8,41590-37448,484.0,126.77439,37.07389
다바3598,day,0.367249,0.674119,-0.1079,0.9496,-0.9914,mid,0.0,1,2,4,0.7408,45.276,143.0,27.0,0.4196,우정읍,-0.9914,-1.0575,0.49848,2,ADD_FREQ,31240130,읍,36.72,67.41,35.8,41590-36858,155.5,126.7743,37.0829
다바3599,day,0.293645,0.249486,-0.3877,-0.5044,0.0946,drt,0.0,3,2,1,0.0553,4.932,133.0,79.0,0.4887,우정읍,0.0946,0.1167,0.50181,2,DRT,31240130,읍,29.36,24.95,33.2,41590-37485,566.8,126.77422,37.09191
다바3693,day,0.220121,0.176262,-0.6672,-0.7552,0.0591,mid,0.0,3,1,1,0.05,2.455,53.0,770.0,0.6792,우정읍,0.0591,0.088,0.42119,1,DRT,31240130,읍,22.01,17.63,13.2,41590-36464,636.3,126.78598,37.0379
다바3694,day,0.280787,0.422511,-0.4366,0.0881,-0.4131,mid,0.0,2,1,2,0.2645,14.382,133.0,33.0,0.2707,우정읍,-0.4131,-0.5246,0.49843,2,NEW_STOP,31240130,읍,28.08,42.25,33.2,41590-36953,441.3,126.78589,37.04691
다바3695,day,0.472699,0.603677,0.293,0.7084,-0.4154,ok,0.0,2,3,3,0.447,43.306,544.0,196.0,0.1562,우정읍,-0.4154,-0.4154,0.64516,3,NEW_STOP,31240130,읍,47.27,60.37,136.0,41590-37521,331.8,126.78581,37.05593
다바3696,day,0.420992,0.512731,0.0965,0.397,-0.3005,mid,0.0,2,2,3,0.2183,31.663,271.0,145.0,0.2841,우정읍,-0.3005,-0.3005,0.56706,3,NEW_STOP,31240130,읍,42.1,51.27,67.8,41590-37525,469.0,126.78572,37.06494
다바3697,day,0.243306,0.297774,-0.5791,-0.3391,-0.1722,mid,0.0,3,1,1,0.0723,7.286,98.0,74.0,0.4592,우정읍,-0.1722,-0.24,0.47397,1,DRT,31240130,읍,24.33,29.78,24.5,41590-37392,556.6,126.78564,37.07395
다바3698,day,0.389353,0.310792,-0.0238,-0.2945,0.2636,mid,0.0,4,2,2,0.2278,6.068,198.0,159.0,0.2626,우정읍,0.2636,0.2707,0.53374,2,NEW_STOP,31240130,읍,38.94,31.08,49.5,41590-37452,463.3,126.78555,37.08297
다바3699,day,0.311792,0.423326,-0.3187,0.0908,-0.3452,mid,0.0,2,2,2,0.4508,10.379,68.0,106.0,0.5294,우정읍,-0.3452,-0.4095,0.44113,1,NEW_STOP,31240130,읍,31.18,42.33,17.0,41590-55159,329.5,126.78547,37.09198
다바3791,day,0.003044,0.029861,-1.4925,-1.2565,-0.0098,mid,0.0,3,0,1,0.05,0.152,0.0,0.0,0.0,우정읍,-0.0098,-0.236,0.0,0,DRT,31240130,읍,0.3,2.99,0.0,41590-37498,793.5,126.79739,37.01994
다바3792,day,0.480604,0.529895,0.3231,0.4558,-0.1327,ok,0.0,3,3,3,0.5428,20.746,283.0,297.0,0.2756,우정읍,-0.1327,-0.1327,0.57201,3,ADD_FREQ,31240130,읍,48.06,52.99,70.8,41590-37498,274.3,126.7973,37.02895
다바3793,day,0.459452,0.544169,0.2427,0.5046,-0.262,mid,0.0,2,3,3,0.3813,30.597,304.0,407.0,0.2993,우정읍,-0.262,-0.262,0.58002,3,NEW_STOP,31240130,읍,45.95,54.42,76.0,41590-36461,371.2,126.79722,37.03797
다바3794,day,0.515468,0.603383,0.4556,0.7074,-0.2518,ok,0.0,2,3,3,0.7135,27.476,299.0,1301.0,0.1672,우정읍,-0.2518,-0.2518,0.57374,3,ADD_FREQ,31240130,읍,51.55,60.34,74.8,41590-36829,171.9,126.79714,37.04698
다바3795,day,0.386769,0.672181,-0.0336,0.943,-0.9469,mid,0.0,1,2,4,0.7852,41.39,178.0,521.0,0.264,장안면,-0.9469,-0.9766,0.51514,2,ADD_FREQ,31240390,면,38.68,67.22,44.5,41590-36950,128.9,126.79705,37.05599
다바3796,day,0.609352,0.803872,0.8126,1.3939,-0.5813,ok,0.0,2,4,4,0.7938,111.233,917.0,619.0,0.12,우정읍,-0.5813,-0.5813,0.70493,4,ADD_FREQ,31240130,읍,60.94,80.39,229.2,41590-36918,123.7,126.79697,37.06501
다바3797,day,0.251585,0.234099,-0.5476,-0.5571,0.007,drt,0.0,3,1,1,0.05,4.332,138.0,447.0,0.1884,우정읍,0.007,0.0095,0.49292,2,DRT,31240130,읍,25.16,23.41,34.5,41590-37391,604.7,126.79689,37.07402
다바3798,day,0.332275,0.548116,-0.2408,0.5181,-0.6667,mid,0.0,2,2,3,0.845,14.141,237.0,75.0,0.2278,우정읍,-0.6667,-0.759,0.54984,2,ADD_FREQ,31240130,읍,33.23,54.81,59.2,41590-36837,93.0,126.7968,37.08303
다바3799,day,0.254009,0.46805,-0.5384,0.244,-0.5772,mid,0.0,2,1,2,0.3348,18.274,118.0,49.0,0.4322,우정읍,-0.5772,-0.7824,0.48423,1,NEW_STOP,31240130,읍,25.4,46.81,29.5,41590-37395,399.1,126.79672,37.09205
다바3891,day,0.0,0.011,-1.5041,-1.321,-0.0,mid,0.0,3,0,0,0.05,0.0,0.0,0.0,0.0,우정읍,-0.0,-0.183,0.0,0,DRT,31240130,읍,0.0,1.1,0.0,41590-37498,1396.6,126.80863,37.02001
다바3892,day,0.311776,0.206291,-0.3188,-0.6523,0.2812,mid,0.0,4,2,1,0.05,3.328,49.0,75.0,0.0,우정읍,0.2812,0.3336,0.36603,0,DRT,31240130,읍,31.18,20.63,12.2,41590-36826,683.8,126.80854,37.02902
다바3893,day,0.347247,0.377681,-0.1839,-0.0655,-0.1071,mid,0.0,3,2,2,0.2095,11.033,218.0,278.0,0.0229,우정읍,-0.1071,-0.1184,0.53763,2,NEW_STOP,31240130,읍,34.72,37.77,54.5,41590-36827,474.3,126.80846,37.03803
다바3894,day,0.376604,0.548169,-0.0723,0.5183,-0.5628,mid,0.0,2,2,3,0.6442,20.1,285.0,309.0,0.2807,우정읍,-0.5628,-0.5906,0.56909,3,ADD_FREQ,31240130,읍,37.66,54.82,71.2,41590-36913,213.5,126.80838,37.04705
다바3895,day,0.337794,0.410762,-0.2198,0.0478,-0.2377,mid,0.0,3,2,2,0.3362,11.513,93.0,148.0,0.3333,장안면,-0.2377,-0.2677,0.45388,1,NEW_STOP,31240390,면,33.78,41.08,23.2,41590-36772,398.3,126.8083,37.05606
다바3896,day,0.486319,0.585075,0.3448,0.6447,-0.2999,ok,0.0,2,3,3,0.2755,50.143,441.0,126.0,0.1859,장안면,-0.2999,-0.2999,0.62016,3,NEW_STOP,31240390,면,48.63,58.51,110.2,41590-37434,434.7,126.80822,37.06507
다바3897,day,0.634342,0.664402,0.9076,0.9163,-0.0088,ok,0.0,3,4,4,0.178,107.926,1212.0,210.0,0.1576,장안면,-0.0088,-0.0088,0.7373,4,NEW_STOP,31240390,면,63.43,66.44,303.0,41590-36617,493.2,126.80814,37.07409
다바3898,day,0.602666,0.580022,0.7871,0.6274,0.1597,ok,0.0,3,4,3,0.5088,32.502,1408.0,129.0,0.1669,우정읍,0.1597,0.1597,0.75507,4,ADD_FREQ,31240130,읍,60.27,58.0,352.0,41590-37397,294.7,126.80805,37.0831
다바3899,day,0.234401,0.525599,-0.6129,0.441,-0.738,mid,0.0,1,1,3,0.7717,13.433,108.0,77.0,0.3426,우정읍,-0.738,-1.054,0.46315,1,ADD_FREQ,31240130,읍,23.44,52.56,27.0,41590-36989,137.0,126.80797,37.09211
다바3991,day,0.0,0.011,-1.5041,-1.321,-0.0,mid,0.0,3,0,0,0.05,0.0,0.0,3.0,0.0,장안면,-0.0,-0.183,0.0,0,DRT,31240390,면,0.0,1.1,0.0,41590-36881,1573.9,126.81987,37.02007
다바3992,day,0.26614,0.168027,-0.4922,-0.7834,0.2214,mid,0.0,3,1,1,0.05,2.248,53.0,23.0,0.5849,장안면,0.2214,0.2911,0.42932,1,DRT,31240390,면,26.61,16.8,13.2,41590-36881,575.2,126.81979,37.02908
다바3993,day,0.392464,0.511422,-0.012,0.3925,-0.3959,mid,0.0,2,2,3,0.5195,18.675,178.0,40.0,0.4663,장안면,-0.3959,-0.4045,0.52334,2,ADD_FREQ,31240390,면,39.25,51.14,44.5,41590-36716,288.3,126.81971,37.0381
다바3994,day,0.306677,0.245703,-0.3381,-0.5174,0.1495,mid,0.0,3,2,1,0.05,4.817,208.0,5.0,0.3702,장안면,0.1495,0.1792,0.54035,2,DRT,31240390,면,30.67,24.57,52.0,41590-36769,669.9,126.81963,37.04711
다바3995,day,0.279163,0.264655,-0.4427,-0.4525,0.0076,drt,0.0,3,1,1,0.1013,5.161,108.0,238.0,0.2407,장안면,0.0076,0.0097,0.4751,1,DRT,31240390,면,27.92,26.47,27.0,41590-37430,539.2,126.81955,37.05613
다바3996,day,0.313008,0.458586,-0.3141,0.2116,-0.4442,mid,0.0,2,2,2,0.3867,15.481,263.0,179.0,0.3612,장안면,-0.4442,-0.5256,0.56631,3,NEW_STOP,31240390,면,31.3,45.86,65.8,41590-36915,368.0,126.81947,37.06514
다바3997,day,0.734964,0.91134,1.2901,1.7619,-0.4718,ok,0.0,2,4,4,0.597,365.212,1675.0,277.0,0.1152,장안면,-0.4718,-0.4718,0.77349,4,ADD_FREQ,31240390,면,73.5,91.13,418.8,41590-37524,241.8,126.81938,37.07415
다바3998,day,0.902539,0.992337,1.9272,2.0392,-0.1121,ok,0.0,3,4,4,0.9652,373.675,4856.0,1504.0,0.1606,우정읍,-0.1121,-0.1121,0.89849,4,ADD_FREQ,31240130,읍,90.25,99.23,1214.0,41590-36022,20.9,126.8193,37.08317
다바3999,day,0.735394,0.7699,1.2917,1.2776,0.0142,ok,0.0,3,4,4,0.5897,120.837,2653.0,379.0,0.1135,우정읍,0.0142,0.0142,0.82661,4,ADD_FREQ,31240130,읍,73.54,76.99,663.2,41590-36821,246.2,126.81922,37.09218
다바4091,day,0.126213,0.011,-1.0242,-1.321,0.139,mid,0.0,3,0,0,0.05,0.0,8.0,9.0,0.0,장안면,0.139,0.2968,0.25243,0,DRT,31240390,면,12.62,1.1,2.0,41590-55148,1726.9,126.83111,37.02013
다바4092,day,0.131131,0.011,-1.0055,-1.321,0.1515,mid,0.0,3,0,0,0.05,0.0,13.0,33.0,0.0,장안면,0.1515,0.3155,0.26226,0,DRT,31240390,면,13.11,1.1,3.2,41590-55148,950.8,126.83103,37.02915
다바4093,day,0.225532,0.176647,-0.6466,-0.7538,0.0732,mid,0.0,3,1,1,0.05,2.465,48.0,5.0,0.6458,장안면,0.0732,0.1072,0.41027,1,DRT,31240390,면,22.55,17.66,12.0,41590-37535,594.6,126.83095,37.03816
다바4094,day,0.208169,0.254822,-0.7126,-0.4861,-0.1468,mid,0.0,3,1,1,0.4052,2.466,50.0,86.0,0.2,장안면,-0.1468,-0.2265,0.39903,1,NEW_STOP,31240390,면,20.82,25.48,12.5,41590-36776,356.9,126.83087,37.04718
다바4095,day,0.231882,0.298191,-0.6225,-0.3376,-0.1981,mid,0.0,3,1,1,0.1425,6.403,53.0,42.0,0.5849,장안면,-0.1981,-0.2848,0.42542,1,DRT,31240390,면,23.19,29.82,13.2,41590-36773,514.5,126.83079,37.05619
다바4096,day,0.27107,0.141656,-0.4735,-0.8737,0.3079,drt,0.0,4,1,1,0.05,1.665,107.0,210.0,0.1402,장안면,0.3079,0.4001,0.46308,1,DRT,31240390,면,27.11,14.17,26.8,41590-37514,768.5,126.83071,37.0652
다바4097,day,0.389891,0.57062,-0.0218,0.5952,-0.6014,mid,0.0,2,2,3,0.48,31.742,178.0,125.0,0.3933,장안면,-0.6014,-0.617,0.52132,2,NEW_STOP,31240390,면,38.99,57.06,44.5,41590-37129,312.0,126.83063,37.07422
다바4098,day,0.629099,0.700737,0.8876,1.0408,-0.1531,ok,0.0,3,4,4,0.5822,72.42,866.0,556.0,0.1409,장안면,-0.1531,-0.1531,0.6957,4,ADD_FREQ,31240390,면,62.91,70.07,216.5,41590-37125,250.7,126.83055,37.08323
다바4099,day,0.607847,0.637334,0.8068,0.8236,-0.0168,ok,0.0,3,4,3,0.8387,28.88,474.0,172.0,0.211,장안면,-0.0168,-0.0168,0.62941,3,ADD_FREQ,31240390,면,60.78,63.73,118.5,41590-36835,96.8,126.83048,37.09224
다바4191,day,0.064621,0.011,-1.2584,-1.321,0.019,mid,0.0,3,0,0,0.05,0.0,5.0,3.0,0.0,장안면,0.019,0.0627,0.12924,0,DRT,31240390,면,6.46,1.1,1.2,41590-55148,1553.1,126.84235,37.0202
다바4192,day,0.126257,0.327364,-1.0241,-0.2378,-0.3683,mid,0.0,2,0,2,0.05,9.734,8.0,10.0,1.25,장안면,-0.3683,-0.7863,0.24774,0,DRT,31240390,면,12.63,32.74,2.0,41590-55148,580.1,126.84227,37.02921
다바4193,day,0.449097,0.670953,0.2033,0.9388,-0.7355,mid,0.0,1,3,4,0.7247,45.412,378.0,103.0,0.4233,장안면,-0.7355,-0.7355,0.6074,3,ADD_FREQ,31240390,면,44.91,67.1,94.5,41590-36984,165.2,126.84219,37.03822
다바4194,day,0.185703,0.03938,-0.7981,-1.2239,0.2563,mid,0.0,4,0,1,0.179,0.0,38.0,14.0,0.3947,장안면,0.2563,0.4258,0.3702,1,NEW_STOP,31240390,면,18.57,3.94,9.5,41590-36776,492.6,126.84212,37.04724
다바4195,day,0.27352,0.404725,-0.4642,0.0271,-0.3803,mid,0.0,2,1,2,0.5537,7.352,118.0,61.0,0.5424,장안면,-0.3803,-0.4913,0.49137,2,ADD_FREQ,31240390,면,27.35,40.47,29.5,41590-36942,267.8,126.84204,37.05625
다바4196,day,0.501393,0.627856,0.4021,0.7912,-0.3891,ok,0.0,2,3,3,0.5212,45.998,274.0,364.0,0.3102,장안면,-0.3891,-0.3891,0.5662,3,ADD_FREQ,31240390,면,50.14,62.79,68.5,41590-37132,287.3,126.84196,37.06527
다바4197,day,0.417313,0.331785,0.0825,-0.2226,0.3051,mid,0.0,4,2,2,0.05,10.096,283.0,155.0,0.4276,장안면,0.3051,0.3051,0.57606,3,DRT,31240390,면,41.73,33.18,70.8,41590-36909,654.3,126.84188,37.07428
다바4198,day,0.228969,0.267158,-0.6336,-0.4439,-0.1308,mid,0.0,3,1,1,0.1258,5.029,89.0,265.0,0.1685,장안면,-0.1308,-0.1897,0.44544,1,DRT,31240390,면,22.9,26.72,22.2,41590-55497,524.5,126.84181,37.08329
다바4199,day,0.41515,0.205395,0.0743,-0.6554,0.7297,mid,0.0,5,2,1,0.05,3.299,303.0,235.0,0.2145,장안면,0.7297,0.7297,0.58027,3,DRT,31240390,면,41.52,20.54,75.8,41590-37453,751.0,126.84173,37.09231
다바4292,day,0.211997,0.011,-0.6981,-1.321,0.4086,mid,0.0,4,1,0,0.05,0.0,58.0,18.0,0.2241,장안면,0.4086,0.623,0.42399,1,DRT,31240390,면,21.2,1.1,14.5,41590-36982,1086.0,126.85351,37.02927
다바4293,day,0.434251,0.441803,0.1469,0.1541,-0.0072,mid,0.0,3,3,2,0.3565,14.273,358.0,170.0,0.3296,장안면,-0.0072,-0.0072,0.59806,3,NEW_STOP,31240390,면,43.43,44.18,89.5,41590-36714,386.1,126.85344,37.03829
다바4294,day,0.400133,0.533851,0.0172,0.4693,-0.4482,mid,0.0,2,2,3,0.4912,23.395,126.0,288.0,0.2937,장안면,-0.4482,-0.4521,0.48859,2,NEW_STOP,31240390,면,40.01,53.39,31.5,41590-36798,305.3,126.85336,37.0473
다바4295,day,0.433393,0.632753,0.1436,0.808,-0.6644,mid,0.0,2,3,3,0.6448,38.755,153.0,201.0,0.3595,장안면,-0.6644,-0.6644,0.50564,2,ADD_FREQ,31240390,면,43.34,63.28,38.2,41590-37823,213.1,126.85329,37.05631
다바4296,day,0.483809,0.646388,0.3353,0.8546,-0.5194,ok,0.0,2,3,3,0.8808,28.83,252.0,980.0,0.1151,장안면,-0.5194,-0.5194,0.55351,3,ADD_FREQ,31240390,면,48.38,64.64,63.0,41590-37796,71.5,126.85321,37.06533
다바4297,day,0.583451,0.588956,0.7141,0.658,0.0561,ok,0.0,3,3,3,0.5453,32.73,436.0,745.0,0.1904,장안면,0.0561,0.0561,0.61823,3,ADD_FREQ,31240390,면,58.35,58.9,109.0,41590-37142,272.8,126.85313,37.07434
다바4298,day,0.419794,0.355976,0.0919,-0.1398,0.2317,mid,0.0,3,2,2,0.05,12.304,167.0,576.0,0.1557,장안면,0.2317,0.2317,0.50977,2,DRT,31240390,면,41.98,35.6,41.8,41590-37151,661.4,126.85306,37.08335
다바4299,day,0.283444,0.021011,-0.4265,-1.2868,0.6816,drt,0.0,4,1,1,0.05,0.078,232.0,891.0,0.0431,장안면,0.6816,0.8603,0.54245,2,DRT,31240390,면,28.34,2.1,58.0,41590-37158,794.0,126.85298,37.09237
다바4393,day,0.133503,0.011,-0.9965,-1.321,0.1576,mid,0.0,3,0,0,0.05,0.0,18.0,3.0,0.0,장안면,0.1576,0.3245,0.26701,0,DRT,31240390,면,13.35,1.1,4.5,41590-36714,1175.4,126.86468,37.03835
다바4394,day,0.26021,0.382296,-0.5148,-0.0497,-0.3486,mid,0.0,2,1,2,0.4052,8.019,78.0,21.0,0.4615,장안면,-0.3486,-0.4651,0.43905,1,NEW_STOP,31240390,면,26.02,38.23,19.5,41590-37820,356.9,126.86461,37.04736
다바4395,day,0.268331,0.352697,-0.4839,-0.151,-0.2545,mid,0.0,2,1,2,0.3515,6.892,98.0,69.0,0.4796,장안면,-0.2545,-0.3329,0.46899,1,NEW_STOP,31240390,면,26.83,35.27,24.5,41590-37819,389.1,126.86453,37.05637
다바4396,day,0.263383,0.213192,-0.5027,-0.6287,0.0951,drt,0.0,3,1,1,0.1055,3.159,110.0,134.0,0.2818,장안면,0.0951,0.126,0.48074,1,DRT,31240390,면,26.34,21.32,27.5,41590-36727,536.7,126.86446,37.06539
다바4397,day,0.536355,0.517636,0.535,0.4138,0.1213,ok,0.0,3,3,3,0.2615,30.557,461.0,1229.0,0.1345,장안면,0.1213,0.1213,0.62552,3,NEW_STOP,31240390,면,53.64,51.76,115.2,41590-37942,443.1,126.86438,37.0744
다바4398,day,0.550336,0.641131,0.5882,0.8367,-0.2485,ok,0.0,3,3,3,0.444,57.972,411.0,969.0,0.1582,장안면,-0.2485,-0.2485,0.61071,3,NEW_STOP,31240390,면,55.03,64.11,102.8,41590-37156,333.6,126.86431,37.08342
다바4399,day,0.604923,0.572984,0.7957,0.6033,0.1924,ok,0.0,3,4,3,0.6762,23.11,576.0,684.0,0.2066,장안면,0.1924,0.1924,0.65079,3,ADD_FREQ,31240390,면,60.49,57.3,144.0,41590-37840,194.3,126.86423,37.09243
다바4495,day,0.110143,0.168436,-1.0853,-0.782,-0.13,mid,0.0,3,0,1,0.05,2.258,8.0,5.0,0.0,장안면,-0.13,-0.3034,0.19457,0,DRT,31240390,면,11.01,16.84,2.0,41590-37819,611.9,126.87578,37.05643
다바4496,day,0.226198,0.215983,-0.6441,-0.6191,-0.0171,mid,0.0,3,1,1,0.1117,3.204,43.0,26.0,0.2326,장안면,-0.0171,-0.025,0.40581,1,DRT,31240390,면,22.62,21.6,10.8,41590-36727,533.0,126.8757,37.06545
다바4497,day,0.381999,0.418794,-0.0518,0.0753,-0.1222,mid,0.0,3,2,2,0.312,12.831,38.0,346.0,0.1316,장안면,-0.1222,-0.1271,0.34895,0,NEW_STOP,31240390,면,38.2,41.88,9.5,41590-37613,412.8,126.87563,37.07446
다바4498,day,0.219666,0.12658,-0.6689,-0.9253,0.1721,mid,0.0,3,1,1,0.05,1.38,39.0,17.0,0.2564,장안면,0.1721,0.2563,0.36831,1,DRT,31240390,면,21.97,12.66,9.8,41590-37841,731.2,126.87556,37.08348
다바4499,day,0.222093,0.011,-0.6597,-1.321,0.4471,mid,0.0,4,1,0,0.05,0.0,68.0,117.0,0.4853,장안면,0.4471,0.6613,0.44419,1,DRT,31240390,면,22.21,1.1,17.0,41590-37840,808.9,126.87548,37.09249
다바4597,day,0.355572,0.400775,-0.1523,0.0136,-0.1523,mid,0.0,3,2,2,0.5285,7.452,108.0,163.0,0.3611,향남읍,-0.1523,-0.1659,0.47297,1,ADD_FREQ,31240140,읍,35.56,40.08,27.0,41590-37814,282.9,126.88688,37.07452
다바4598,day,0.196267,0.011,-0.7579,-1.321,0.3513,mid,0.0,4,1,0,0.05,0.0,51.0,174.0,0.098,향남읍,0.3513,0.5632,0.39253,1,DRT,31240140,읍,19.63,1.1,12.8,41590-37814,813.5,126.88681,37.08353
다바4599,day,0.321055,0.412234,-0.2835,0.0529,-0.2889,mid,0.0,2,2,2,0.601,7.172,285.0,329.0,0.4982,향남읍,-0.2889,-0.3363,0.58353,3,ADD_FREQ,31240140,읍,32.11,41.22,71.2,41590-37875,239.4,126.88673,37.09255
다바4697,day,0.397562,0.533146,0.0074,0.4669,-0.4536,mid,0.0,2,2,3,0.5952,19.439,73.0,189.0,0.3836,향남읍,-0.4536,-0.4595,0.44996,1,ADD_FREQ,31240140,읍,39.76,53.31,18.2,41590-36733,242.9,126.89813,37.07458
다바4698,day,0.652704,0.639143,0.9774,0.8298,0.1475,ok,0.0,3,4,3,0.736,34.881,769.0,3343.0,0.0507,향남읍,0.1475,0.1475,0.67984,4,ADD_FREQ,31240140,읍,65.27,63.91,192.2,41590-37759,158.4,126.89806,37.08359
다바4699,day,0.635194,0.602278,0.9108,0.7036,0.2072,ok,0.0,3,4,3,0.3587,49.725,1112.0,1830.0,0.1628,향남읍,0.2072,0.2072,0.72576,4,NEW_STOP,31240140,읍,63.52,60.23,278.0,41590-37876,384.8,126.89799,37.09261
다바4797,day,0.46793,0.434492,0.2749,0.1291,0.1458,mid,0.0,3,3,2,0.8607,5.291,203.0,1295.0,0.2956,양감면,0.1458,0.1458,0.53559,2,ADD_FREQ,31240420,면,46.79,43.45,50.8,41590-37868,83.6,126.90938,37.07463
다바4798,day,0.805242,0.597149,1.5573,0.686,0.8712,need,1.14563,5,4,3,0.5162,36.637,3945.0,3493.0,0.0416,향남읍,0.8712,0.8712,0.87031,4,ADD_FREQ,31240140,읍,80.52,59.71,986.2,41590-55074,290.3,126.90931,37.08365
다바4799,day,0.524538,0.654584,0.4901,0.8827,-0.3926,ok,0.0,2,3,3,0.5155,56.973,68.0,4971.0,0.0,향남읍,-0.3926,-0.3926,0.3963,1,ADD_FREQ,31240140,읍,52.45,65.46,17.0,41590-37405,290.7,126.90924,37.09266
다바4896,day,0.469132,0.055843,0.2795,-1.1675,1.447,need,2.12282,6,3,1,0.2538,0.0,289.0,291.0,0.3356,양감면,1.447,1.447,0.57257,3,NEW_STOP,31240420,면,46.91,5.58,72.2,41590-37964,447.7,126.9207,37.06568
다바4897,day,0.390631,0.1474,-0.019,-0.854,0.8149,mid,0.0,5,2,1,0.67,0.0,187.0,315.0,0.2299,양감면,0.8149,0.835,0.5269,2,ADD_FREQ,31240420,면,39.06,14.74,46.8,41590-55069,198.0,126.92063,37.07469
다바4898,day,0.401761,0.445213,0.0234,0.1658,-0.1416,mid,0.0,3,2,2,0.7488,7.2,240.0,778.0,0.2042,향남읍,-0.1416,-0.1424,0.55251,3,ADD_FREQ,31240140,읍,40.18,44.52,60.0,41590-55367,150.7,126.92056,37.0837
다바4899,day,0.289544,0.282578,-0.4033,-0.3911,-0.0098,drt,0.0,3,1,1,0.151,5.493,93.0,736.0,0.2796,향남읍,-0.0098,-0.0122,0.45223,1,NEW_STOP,31240140,읍,28.95,28.26,23.2,41590-37344,509.4,126.92049,37.09272
다바4996,day,0.394216,0.326488,-0.0053,-0.2407,0.2311,mid,0.0,3,2,2,0.5362,3.78,210.0,652.0,0.1,양감면,0.2311,0.2354,0.52806,2,ADD_FREQ,31240420,면,39.42,32.65,52.5,41590-60030,278.3,126.93194,37.06573
다바4997,day,0.280171,0.090087,-0.4389,-1.0502,0.4807,drt,0.0,4,1,1,0.05,0.81,133.0,486.0,0.2556,양감면,0.4807,0.6113,0.48428,1,DRT,31240420,면,28.02,9.01,33.2,41590-60032,670.3,126.93188,37.07474
다바4998,day,0.373056,0.351185,-0.0858,-0.1562,0.0667,mid,0.0,3,2,2,0.3707,6.56,157.0,532.0,0.3121,양감면,0.0667,0.0704,0.51306,2,NEW_STOP,31240420,면,37.31,35.12,39.2,41590-55408,377.6,126.93181,37.08376
다바4999,day,0.413831,0.359751,0.0692,-0.1269,0.1961,mid,0.0,3,2,2,0.2872,8.253,221.0,396.0,0.1674,양감면,0.1961,0.1961,0.53541,2,NEW_STOP,31240420,면,41.38,35.98,55.2,41590-55834,427.7,126.93174,37.09277
다바5096,day,0.292446,0.072813,-0.3922,-1.1094,0.5798,drt,0.0,4,1,1,0.05,0.59,265.0,1123.0,0.0566,양감면,0.5798,0.7171,0.55551,3,DRT,31240420,면,29.24,7.28,66.2,41590-60029,658.8,126.94319,37.06578
다바5097,day,0.439354,0.427159,0.1663,0.104,0.0623,mid,0.0,3,3,2,0.7043,6.707,398.0,976.0,0.1106,양감면,0.0623,0.0623,0.60638,3,ADD_FREQ,31240420,면,43.94,42.72,99.5,41590-37857,177.4,126.94313,37.0748
다바5098,day,0.636246,0.699332,0.9148,1.0359,-0.1211,ok,0.0,3,4,4,0.8073,49.1,604.0,491.0,0.1788,양감면,-0.1211,-0.1211,0.6557,3,ADD_FREQ,31240420,면,63.62,69.93,151.0,41590-36778,115.6,126.94306,37.08381
다바5099,day,0.48354,0.49044,0.3343,0.3207,0.0136,mid,0.0,3,3,2,0.5137,15.972,280.0,397.0,0.1571,양감면,0.0136,0.0136,0.56943,3,ADD_FREQ,31240420,면,48.35,49.04,70.0,41590-36106,291.8,126.943,37.09283
다바5197,day,0.425228,0.563965,0.1126,0.5724,-0.4598,mid,0.0,2,2,3,0.4865,29.815,169.0,246.0,0.2012,양감면,-0.4598,-0.4598,0.52209,2,NEW_STOP,31240420,면,42.52,56.4,42.2,41590-36133,308.1,126.95438,37.07485
다바5198,day,0.41847,0.501535,0.0869,0.3586,-0.2718,mid,0.0,2,2,2,0.2475,27.62,178.0,55.0,0.3652,양감면,-0.2718,-0.2718,0.52397,2,NEW_STOP,31240420,면,41.85,50.15,44.5,41590-36127,451.5,126.95431,37.08386
다바5199,day,0.470562,0.277973,0.2849,-0.4069,0.6918,mid,0.0,4,3,1,0.5845,2.067,278.0,377.0,0.1583,양감면,0.6918,0.6918,0.56724,3,ADD_FREQ,31240420,면,47.06,27.8,69.5,41590-55462,249.3,126.95425,37.09288
다바5297,day,0.466675,0.650496,0.2701,0.8687,-0.5986,ok,0.0,2,3,3,0.7045,40.156,202.0,559.0,0.1782,양감면,-0.5986,-0.5986,0.52992,2,ADD_FREQ,31240420,면,46.67,65.05,50.5,41590-36150,177.3,126.96563,37.0749
다바5298,day,0.302614,0.222966,-0.3536,-0.5952,0.1998,drt,0.0,3,2,1,0.2075,2.782,89.0,405.0,0.4045,양감면,0.1998,0.2416,0.4634,1,NEW_STOP,31240420,면,30.26,22.3,22.2,41590-36791,475.5,126.96556,37.08392
다바5299,day,0.46157,0.272358,0.2507,-0.4261,0.6768,mid,0.0,4,3,1,0.1295,5.231,400.0,958.0,0.2125,양감면,0.6768,0.6768,0.60796,3,DRT,31240420,면,46.16,27.24,100.0,41590-36165,522.3,126.9655,37.09293
다바5397,day,0.461483,0.504023,0.2504,0.3672,-0.1168,mid,0.0,3,3,2,0.617,14.846,184.0,319.0,0.2228,양감면,-0.1168,-0.1168,0.52615,2,ADD_FREQ,31240420,면,46.15,50.4,46.0,41590-36478,229.8,126.97688,37.07495
다바5398,day,0.442995,0.411556,0.1801,0.0505,0.1296,mid,0.0,3,3,2,0.4117,10.113,248.0,794.0,0.1573,양감면,0.1296,0.1296,0.55384,3,NEW_STOP,31240420,면,44.3,41.16,62.0,41590-36207,353.0,126.97681,37.08397
다바5399,day,0.448621,0.517996,0.2015,0.415,-0.2135,mid,0.0,3,3,3,0.658,15.446,139.0,435.0,0.1655,양감면,-0.2135,-0.2135,0.49153,2,ADD_FREQ,31240420,면,44.86,51.8,34.8,41590-55342,205.2,126.97675,37.09298
다바5497,day,0.351169,0.24591,-0.169,-0.5167,0.3166,mid,0.0,4,2,1,0.05,4.826,186.0,107.0,0.3763,양감면,0.3166,0.3477,0.53264,2,DRT,31240420,면,35.12,24.59,46.5,41590-36472,625.9,126.98813,37.075
다바5498,day,0.310117,0.424769,-0.3251,0.0958,-0.3535,mid,0.0,2,2,2,0.3933,11.648,38.0,126.0,0.2632,양감면,-0.3535,-0.4208,0.37437,1,NEW_STOP,31240420,면,31.01,42.48,9.5,41590-36473,364.0,126.98806,37.08401
다바5499,day,0.433682,0.382507,0.1447,-0.0489,0.1936,mid,0.0,3,3,2,0.5403,6.227,249.0,242.0,0.4056,양감면,0.1936,0.1936,0.55731,3,ADD_FREQ,31240420,면,43.37,38.25,62.2,41590-36251,275.8,126.988,37.09303
다사1401,day,0.137254,0.011,-0.9822,-1.321,0.1675,mid,0.0,3,0,0,0.05,0.0,13.0,0.0,0.7692,우정읍,0.1675,0.3388,0.27451,0,DRT,31240130,읍,13.73,1.1,3.2,41590-60113,9432.9,126.53771,37.10826
다사2208,day,0.409354,0.143961,0.0522,-0.8658,0.918,mid,0.0,5,2,1,0.64,0.024,183.0,153.0,0.4645,서신면,0.918,0.918,0.53256,2,ADD_FREQ,31240370,면,40.94,14.4,45.8,41590-60007,216.0,126.62702,37.17205
다사2302,day,0.0,0.011,-1.5041,-1.321,-0.0,mid,0.0,3,0,0,0.05,0.0,0.0,0.0,0.0,서신면,-0.0,-0.183,0.0,0,DRT,31240370,면,0.0,1.1,0.0,41590-37837,4003.1,126.63889,37.11805
다사2405,day,0.0,0.011,-1.5041,-1.321,-0.0,mid,0.0,3,0,0,0.05,0.0,0.0,0.0,0.0,서신면,-0.0,-0.183,0.0,0,DRT,31240370,면,0.0,1.1,0.0,41590-36947,2469.6,126.64985,37.14517
다사2416,day,0.236005,0.349245,-0.6068,-0.1628,-0.3123,mid,0.0,2,1,2,0.2992,7.384,93.0,10.0,0.4194,송산면,-0.3123,-0.444,0.45798,1,NEW_STOP,31240360,면,23.6,34.92,23.2,41590-55867,420.5,126.64873,37.24431
다사2417,day,0.0,0.011,-1.5041,-1.321,-0.0,mid,0.0,3,0,0,0.05,0.0,0.0,0.0,0.0,송산면,-0.0,-0.183,0.0,0,DRT,31240360,면,0.0,1.1,0.0,41590-60130,908.5,126.64863,37.25333
다사2420,day,0.0,0.011,-1.5041,-1.321,-0.0,mid,0.0,3,0,0,0.05,0.0,0.0,0.0,0.0,송산면,-0.0,-0.183,0.0,0,DRT,31240360,면,0.0,1.1,0.0,41590-60130,3774.4,126.64833,37.28037
다사2508,day,0.539432,0.859378,0.5467,1.584,-1.0372,ok,0.0,1,3,4,0.8037,166.463,208.0,150.0,0.4327,서신면,-1.0372,-1.0372,0.53713,2,ADD_FREQ,31240370,면,53.94,85.94,52.0,41590-55347,117.8,126.66081,37.17229
다사2511,day,0.298098,0.269774,-0.3708,-0.435,0.0526,mid,0.0,3,2,1,0.0567,5.892,8.0,22.0,0.0,송산면,0.0526,0.0642,0.14379,0,DRT,31240360,면,29.81,26.98,2.0,41590-55063,566.0,126.66051,37.19933
다사2512,day,0.0,0.011,-1.5041,-1.321,-0.0,mid,0.0,3,0,0,0.05,0.0,0.0,0.0,0.0,송산면,-0.0,-0.183,0.0,0,DRT,31240360,면,0.0,1.1,0.0,41590-55063,1457.6,126.66041,37.20834
다사2514,day,0.0,0.011,-1.5041,-1.321,-0.0,mid,0.0,3,0,0,0.05,0.0,0.0,0.0,0.0,송산면,-0.0,-0.183,0.0,0,DRT,31240360,면,0.0,1.1,0.0,41590-55189,1365.4,126.66021,37.22637
다사2515,day,0.213355,0.36579,-0.6929,-0.1062,-0.3865,mid,0.0,2,1,2,0.276,8.862,33.0,3.0,0.4545,송산면,-0.3865,-0.5868,0.37802,1,NEW_STOP,31240360,면,21.34,36.58,8.2,41590-55189,434.4,126.66011,37.23538
다사2516,day,0.181453,0.337995,-0.8142,-0.2014,-0.3633,mid,0.0,2,0,2,0.1043,9.628,18.0,7.0,1.1111,송산면,-0.3633,-0.6129,0.32027,0,DRT,31240360,면,18.15,33.8,4.5,41590-60130,537.4,126.66001,37.2444
다사2517,day,0.0,0.011,-1.5041,-1.321,-0.0,mid,0.0,3,0,0,0.05,0.0,0.0,0.0,0.0,송산면,-0.0,-0.183,0.0,0,DRT,31240360,면,0.0,1.1,0.0,41590-60130,873.1,126.65991,37.25341
다사2518,day,0.0,0.011,-1.5041,-1.321,-0.0,mid,0.0,3,0,0,0.05,0.0,0.0,0.0,0.0,송산면,-0.0,-0.183,0.0,0,DRT,31240360,면,0.0,1.1,0.0,41590-60130,1798.4,126.65981,37.26242
다사2519,day,0.0,0.011,-1.5041,-1.321,-0.0,mid,0.0,3,0,0,0.05,0.0,0.0,0.0,0.0,송산면,-0.0,-0.183,0.0,0,DRT,31240360,면,0.0,1.1,0.0,41590-60130,2775.8,126.65971,37.27143
다사2520,day,0.0,0.011,-1.5041,-1.321,-0.0,mid,0.0,3,0,0,0.05,0.0,0.0,0.0,0.0,송산면,-0.0,-0.183,0.0,0,DRT,31240360,면,0.0,1.1,0.0,41590-60130,3766.0,126.65961,37.28045
다사2607,day,0.523478,0.863924,0.4861,1.5995,-1.1134,ok,0.0,1,3,4,0.8675,154.947,190.0,288.0,0.3105,서신면,-1.1134,-1.1134,0.53167,2,ADD_FREQ,31240370,면,52.35,86.39,47.5,41590-37866,79.5,126.67217,37.16336
다사2608,day,0.434184,0.470004,0.1466,0.2507,-0.1041,mid,0.0,3,3,2,0.05,30.297,294.0,91.0,0.5646,서신면,-0.1041,-0.1041,0.58386,3,DRT,31240370,면,43.42,47.0,73.5,41590-37926,671.1,126.67207,37.17237
다사2609,day,0.480345,0.459479,0.3221,0.2146,0.1075,mid,0.0,3,3,2,0.2442,19.991,251.0,1185.0,0.0717,서신면,0.1075,0.1075,0.54766,2,NEW_STOP,31240370,면,48.03,45.95,62.8,41590-37258,453.5,126.67197,37.18138
다사2610,day,0.455364,0.408652,0.2271,0.0406,0.1865,mid,0.0,3,3,2,0.3945,10.186,180.0,1248.0,0.0278,서신면,0.1865,0.1865,0.51076,2,NEW_STOP,31240370,면,45.54,40.87,45.0,41590-37595,363.3,126.67187,37.1904
다사2611,day,0.084613,0.180402,-1.1824,-0.741,-0.1594,mid,0.0,3,0,1,0.05,2.564,5.0,14.0,0.0,송산면,-0.1594,-0.4414,0.12924,0,DRT,31240360,면,8.46,18.04,1.2,41590-37893,596.1,126.67178,37.19941
다사2612,day,0.241373,0.193784,-0.5864,-0.6952,0.0776,mid,0.0,3,1,1,0.0528,2.922,73.0,71.0,0.5068,송산면,0.0776,0.1087,0.43373,1,DRT,31240360,면,24.14,19.38,18.2,41590-36346,568.3,126.67168,37.20842
다사2613,day,0.206586,0.035191,-0.7187,-1.2382,0.3351,mid,0.0,4,1,1,0.05,0.199,33.0,25.0,0.9394,송산면,0.3351,0.5195,0.40928,1,DRT,31240360,면,20.66,3.52,8.2,41590-36346,784.2,126.67158,37.21744
다사2614,day,0.0,0.011,-1.5041,-1.321,-0.0,mid,0.0,3,0,0,0.05,0.0,0.0,28.0,0.0,송산면,-0.0,-0.183,0.0,0,DRT,31240360,면,0.0,1.1,0.0,41590-55195,1315.1,126.67148,37.22645
다사2615,day,0.319567,0.311071,-0.2891,-0.2935,0.0038,mid,0.0,3,2,2,0.05,8.499,224.0,93.0,0.5045,송산면,0.0038,0.0044,0.54732,2,DRT,31240360,면,31.96,31.11,56.0,41590-55190,628.3,126.67138,37.23546
다사2616,day,0.320617,0.441393,-0.2851,0.1527,-0.3758,mid,0.0,2,2,2,0.2913,15.955,138.0,5.0,0.3623,송산면,-0.3758,-0.4378,0.49007,2,NEW_STOP,31240360,면,32.06,44.14,34.5,41590-55190,425.2,126.67128,37.24447
다사2617,day,0.0,0.011,-1.5041,-1.321,-0.0,mid,0.0,3,0,0,0.05,0.0,0.0,0.0,0.0,송산면,-0.0,-0.183,0.0,0,DRT,31240360,면,0.0,1.1,0.0,41590-55190,1403.0,126.67118,37.25349
다사2618,day,0.0,0.011,-1.5041,-1.321,-0.0,mid,0.0,3,0,0,0.05,0.0,0.0,0.0,0.0,송산면,-0.0,-0.183,0.0,0,DRT,31240360,면,0.0,1.1,0.0,41590-60062,2155.7,126.67108,37.2625
다사2619,day,0.0,0.011,-1.5041,-1.321,-0.0,mid,0.0,3,0,0,0.05,0.0,0.0,0.0,0.0,송산면,-0.0,-0.183,0.0,0,DRT,31240360,면,0.0,1.1,0.0,41590-60062,2785.2,126.67099,37.27151
다사2620,day,0.0,0.011,-1.5041,-1.321,-0.0,mid,0.0,3,0,0,0.05,0.0,0.0,0.0,0.0,송산면,-0.0,-0.183,0.0,0,DRT,31240360,면,0.0,1.1,0.0,41590-60062,3588.4,126.67089,37.28053
다사2703,day,0.283762,0.445685,-0.4253,0.1674,-0.4699,mid,0.0,2,1,2,0.8738,5.695,143.0,15.0,0.3916,서신면,-0.4699,-0.5927,0.49986,2,ADD_FREQ,31240370,면,28.38,44.57,35.8,41590-36489,75.7,126.68382,37.12738
다사2704,day,0.235703,0.011,-0.608,-1.321,0.5011,drt,0.0,4,1,0,0.05,0.0,98.0,16.0,0.4796,서신면,0.5011,0.7131,0.47141,1,DRT,31240370,면,23.57,1.1,24.5,41590-37029,765.5,126.68372,37.13639
다사2705,day,0.224114,0.130643,-0.652,-0.9114,0.1764,mid,0.0,3,1,1,0.5938,0.0,73.0,19.0,0.4247,서신면,0.1764,0.2593,0.44823,1,ADD_FREQ,31240370,면,22.41,13.06,18.2,41590-36840,243.7,126.68362,37.14541
다사2707,day,0.306519,0.306067,-0.3387,-0.3107,-0.0234,mid,0.0,3,2,1,0.05,8.149,93.0,241.0,0.0538,서신면,-0.0234,-0.0281,0.44358,1,DRT,31240370,면,30.65,30.61,23.2,41590-37017,709.8,126.68343,37.16343
다사2708,day,0.547723,0.782983,0.5783,1.3224,-0.7441,ok,0.0,1,3,4,0.5282,147.761,268.0,365.0,0.2201,서신면,-0.7441,-0.7441,0.56452,3,ADD_FREQ,31240370,면,54.77,78.3,67.0,41590-37784,283.1,126.68333,37.17245
다사2709,day,0.242195,0.331127,-0.5833,-0.2249,-0.2564,mid,0.0,2,1,2,0.0515,10.014,118.0,145.0,0.2373,서신면,-0.2564,-0.3584,0.48288,1,DRT,31240370,면,24.22,33.11,29.5,41590-36491,569.1,126.68324,37.18146
다사2710,day,0.327435,0.38179,-0.2592,-0.0514,-0.1808,mid,0.0,3,2,2,0.7532,4.059,118.0,597.0,0.2797,서신면,-0.1808,-0.2078,0.48438,1,ADD_FREQ,31240370,면,32.74,38.18,29.5,41590-37511,148.1,126.68314,37.19047
다사2711,day,0.185883,0.011,-0.7974,-1.321,0.3154,mid,0.0,4,0,0,0.05,0.0,38.0,41.0,0.2632,서신면,0.3154,0.5237,0.37177,1,DRT,31240370,면,18.59,1.1,9.5,41590-37511,1135.6,126.68304,37.19949
다사2712,day,0.195861,0.146999,-0.7594,-0.8554,0.0598,mid,0.0,3,1,1,0.05,1.774,33.0,141.0,0.4545,송산면,0.0598,0.0959,0.36011,0,DRT,31240360,면,19.59,14.7,8.2,41590-36346,621.0,126.68295,37.2085
다사2713,day,0.269437,0.570632,-0.4797,0.5952,-0.824,over,0.0,1,1,3,0.8748,16.066,73.0,240.0,0.3151,송산면,-0.824,-1.075,0.43894,1,ADD_FREQ,31240360,면,26.94,57.06,18.2,41590-36490,75.1,126.68285,37.21751
다사2714,day,0.27989,0.110466,-0.44,-0.9805,0.4247,drt,0.0,4,1,1,0.05,1.109,109.0,274.0,0.3303,송산면,0.4247,0.5405,0.4819,1,DRT,31240360,면,27.99,11.05,27.2,41590-55193,756.0,126.68275,37.22653
다사2715,day,0.423268,0.682655,0.1051,0.9788,-0.8737,mid,0.0,1,2,4,0.8472,40.395,184.0,242.0,0.3207,송산면,-0.8737,-0.8737,0.52248,2,ADD_FREQ,31240360,면,42.33,68.27,46.0,41590-55194,91.7,126.68265,37.23554
다사2716,day,0.225192,0.011,-0.6479,-1.321,0.4592,mid,0.0,4,1,0,0.05,0.0,78.0,12.0,0.6667,송산면,0.4592,0.6731,0.45038,1,DRT,31240360,면,22.52,1.1,19.5,41590-55864,913.1,126.68256,37.24455
다사2717,day,0.145624,0.011,-0.9504,-1.321,0.1905,mid,0.0,3,0,0,0.05,0.0,13.0,0.0,0.0,송산면,0.1905,0.3706,0.29125,0,DRT,31240360,면,14.56,1.1,3.2,41590-60062,880.0,126.68246,37.25357
다사2718,day,0.0,0.011,-1.5041,-1.321,-0.0,mid,0.0,3,0,0,0.05,0.0,0.0,0.0,0.0,송산면,-0.0,-0.183,0.0,0,DRT,31240360,면,0.0,1.1,0.0,41590-60062,1374.7,126.68236,37.26258
다사2720,day,0.0,0.011,-1.5041,-1.321,-0.0,mid,0.0,3,0,0,0.05,0.0,0.0,3.0,0.0,송산면,-0.0,-0.183,0.0,0,DRT,31240360,면,0.0,1.1,0.0,41590-60062,3181.4,126.68217,37.28061
다사2802,day,0.544886,0.408802,0.5675,0.0411,0.5264,mid,0.0,4,3,2,0.209,14.21,149.0,148.0,0.1879,서신면,0.5264,0.5264,0.49649,2,NEW_STOP,31240370,면,54.49,40.88,37.2,41590-37220,474.6,126.69517,37.11844
다사2803,day,0.44489,0.600917,0.1873,0.6989,-0.5116,mid,0.0,2,3,3,0.5772,34.008,240.0,52.0,0.3,서신면,-0.5116,-0.5116,0.55766,3,ADD_FREQ,31240370,면,44.49,60.09,60.0,41590-37670,253.7,126.69507,37.12746
다사2804,day,0.440672,0.548816,0.1713,0.5205,-0.3493,mid,0.0,2,3,3,0.4378,28.805,323.0,129.0,0.2693,서신면,-0.3493,-0.3493,0.58543,3,NEW_STOP,31240370,면,44.07,54.88,80.8,41590-37482,337.3,126.69498,37.13647
다사2805,day,0.287369,0.305107,-0.4115,-0.314,-0.078,mid,0.0,3,1,1,0.0682,7.815,93.0,18.0,0.4516,서신면,-0.078,-0.0976,0.47124,1,DRT,31240370,면,28.74,30.51,23.2,41590-36840,559.1,126.69488,37.14548
다사2806,day,0.284571,0.287116,-0.4222,-0.3756,-0.037,mid,0.0,3,1,1,0.1848,5.353,69.0,552.0,0.2609,서신면,-0.037,-0.0466,0.42953,1,NEW_STOP,31240370,면,28.46,28.71,17.2,41590-55209,489.1,126.69479,37.1545
다사2807,day,0.282481,0.187254,-0.4301,-0.7175,0.2272,drt,0.0,3,1,1,0.05,2.752,223.0,89.0,0.4036,서신면,0.2272,0.2874,0.5508,3,DRT,31240370,면,28.25,18.73,55.8,41590-60102,570.7,126.69469,37.16351
다사2808,day,0.547033,0.880775,0.5756,1.6572,-1.0816,ok,0.0,1,3,4,0.9102,163.929,340.0,449.0,0.2647,서신면,-1.0816,-1.0816,0.58833,3,ADD_FREQ,31240370,면,54.7,88.08,85.0,41590-37031,53.9,126.6946,37.17252
다사2809,day,0.304681,0.463533,-0.3457,0.2285,-0.4768,mid,0.0,2,2,2,0.288,19.129,183.0,85.0,0.3825,서신면,-0.4768,-0.5742,0.52388,2,NEW_STOP,31240370,면,30.47,46.35,45.8,41590-36491,427.2,126.6945,37.18154
다사2810,day,0.354877,0.432745,-0.1549,0.1231,-0.2549,mid,0.0,2,2,2,0.6368,7.984,143.0,106.0,0.4895,서신면,-0.2549,-0.278,0.50554,2,ADD_FREQ,31240370,면,35.49,43.27,35.8,41590-37371,217.9,126.69441,37.19055
다사2811,day,0.304745,0.300023,-0.3455,-0.3314,-0.0117,mid,0.0,3,2,1,0.4242,3.715,120.0,149.0,0.3,서신면,-0.0117,-0.0141,0.49044,2,NEW_STOP,31240370,면,30.47,30.0,30.0,41590-37923,345.5,126.69431,37.19956
다사2812,day,0.164432,0.011,-0.8789,-1.321,0.2459,mid,0.0,3,0,0,0.05,0.0,33.0,262.0,0.0,송산면,0.2459,0.4421,0.32886,0,DRT,31240360,면,16.44,1.1,8.2,41590-37362,1121.4,126.69421,37.20858
다사2813,day,0.411651,0.381138,0.061,-0.0536,0.1146,mid,0.0,3,2,2,0.2392,10.759,392.0,1359.0,0.0918,송산면,0.1146,0.1146,0.60619,3,NEW_STOP,31240360,면,41.17,38.11,98.0,41590-36496,456.5,126.69412,37.21759
다사2814,day,0.411366,0.521359,0.0599,0.4265,-0.3667,mid,0.0,2,2,3,0.2108,34.281,191.0,376.0,0.3403,송산면,-0.3667,-0.3667,0.53278,2,NEW_STOP,31240360,면,41.14,52.14,47.8,41590-55197,473.5,126.69402,37.2266
다사2815,day,0.310878,0.375673,-0.3222,-0.0723,-0.2102,mid,0.0,3,2,2,0.0847,13.565,118.0,123.0,0.4576,송산면,-0.2102,-0.2498,0.48911,2,DRT,31240360,면,31.09,37.57,29.5,41590-55862,549.2,126.69393,37.23562
다사2816,day,0.268637,0.376379,-0.4828,-0.0699,-0.3159,mid,0.0,2,1,2,0.1657,11.81,73.0,11.0,0.5068,송산면,-0.3159,-0.4128,0.43734,1,NEW_STOP,31240360,면,26.86,37.64,18.2,41590-60065,500.6,126.69383,37.24463
다사2817,day,0.378613,0.642376,-0.0647,0.8409,-0.866,mid,0.0,1,2,3,0.7765,33.385,317.0,28.0,0.3407,송산면,-0.866,-0.9056,0.5842,3,ADD_FREQ,31240360,면,37.86,64.24,79.2,41590-60062,134.1,126.69373,37.25364
다사2818,day,0.0,0.011,-1.5041,-1.321,-0.0,mid,0.0,3,0,0,0.05,0.0,0.0,0.0,0.0,송산면,-0.0,-0.183,0.0,0,DRT,31240360,면,0.0,1.1,0.0,41590-60062,1064.8,126.69364,37.26266
다사2819,day,0.0,0.011,-1.5041,-1.321,-0.0,mid,0.0,3,0,0,0.05,0.0,0.0,0.0,0.0,송산면,-0.0,-0.183,0.0,0,DRT,31240360,면,0.0,1.1,0.0,41590-60062,2061.0,126.69354,37.27167
다사2903,day,0.103478,0.011,-1.1107,-1.321,0.0866,mid,0.0,3,0,0,0.05,0.0,5.0,0.0,1.0,서신면,0.0866,0.2104,0.20696,0,DRT,31240370,면,10.35,1.1,1.2,41590-55216,1054.4,126.70633,37.12753
다사2904,day,0.364509,0.479577,-0.1183,0.2835,-0.3748,mid,0.0,2,2,2,0.2742,22.228,158.0,38.0,0.443,서신면,-0.3748,-0.4017,0.51691,2,NEW_STOP,31240370,면,36.45,47.96,39.5,41590-36765,435.5,126.70624,37.13655
다사2905,day,0.333485,0.525058,-0.2362,0.4392,-0.5947,mid,0.0,2,2,3,0.6105,17.755,173.0,32.0,0.4162,서신면,-0.5947,-0.6754,0.52086,2,ADD_FREQ,31240370,면,33.35,52.51,43.2,41590-55138,233.7,126.70614,37.14556
다사2906,day,0.345647,0.58053,-0.19,0.6291,-0.7383,mid,0.0,1,2,3,0.5998,27.94,118.0,77.0,0.4407,서신면,-0.7383,-0.8191,0.47941,1,ADD_FREQ,31240370,면,34.56,58.05,29.5,41590-55222,240.1,126.70605,37.15457
다사2907,day,0.599571,0.770439,0.7754,1.2794,-0.504,ok,0.0,2,4,4,0.7335,95.48,461.0,460.0,0.2668,서신면,-0.504,-0.504,0.62491,3,ADD_FREQ,31240370,면,59.96,77.04,115.2,41590-55214,159.9,126.70595,37.16359
다사2908,day,0.691251,0.892764,1.1239,1.6983,-0.5744,ok,0.0,2,4,4,0.8543,196.87,945.0,270.0,0.2392,서신면,-0.5744,-0.5744,0.70948,4,ADD_FREQ,31240370,면,69.13,89.28,236.2,41590-36495,87.4,126.70586,37.1726
다사2909,day,0.501475,0.843919,0.4024,1.531,-1.1286,ok,0.0,1,3,4,0.7902,151.486,200.0,174.0,0.325,서신면,-1.1286,-1.1286,0.52865,2,ADD_FREQ,31240370,면,50.15,84.39,50.0,41590-37048,125.9,126.70577,37.18161
다사2910,day,0.331623,0.399873,-0.2433,0.0105,-0.2227,mid,0.0,3,2,2,0.05,17.493,104.0,138.0,0.375,서신면,-0.2227,-0.2538,0.46514,1,DRT,31240370,면,33.16,39.99,26.0,41590-37061,699.3,126.70567,37.19063
다사2911,day,0.285254,0.547731,-0.4196,0.5168,-0.7449,over,0.0,1,1,3,0.751,16.631,118.0,85.0,0.5508,송산면,-0.7449,-0.9364,0.48196,1,ADD_FREQ,31240360,면,28.53,54.77,29.5,41590-37455,149.4,126.70558,37.19964
다사2912,day,0.219275,0.023219,-0.6704,-1.2792,0.4082,mid,0.0,4,1,1,0.05,0.096,68.0,147.0,0.4559,송산면,0.4082,0.6088,0.43644,1,DRT,31240360,면,21.93,2.32,17.0,41590-37364,775.8,126.70548,37.20865
다사2913,day,0.264443,0.164702,-0.4987,-0.7947,0.2242,drt,0.0,3,1,1,0.05,2.168,148.0,131.0,0.3514,송산면,0.2242,0.296,0.50051,2,DRT,31240360,면,26.44,16.47,37.0,41590-55203,702.7,126.70539,37.21767
다사2914,day,0.395902,0.613202,0.0011,0.741,-0.7284,mid,0.0,1,2,3,0.523,40.978,223.0,184.0,0.2466,송산면,-0.7284,-0.7399,0.54292,2,ADD_FREQ,31240360,면,39.59,61.32,55.8,41590-37046,286.2,126.70529,37.22668
다사2915,day,0.257955,0.478017,-0.5234,0.2781,-0.5972,mid,0.0,2,1,2,0.4983,14.858,78.0,32.0,0.5641,송산면,-0.5972,-0.8015,0.4417,1,NEW_STOP,31240360,면,25.8,47.8,19.5,41590-60003,301.0,126.7052,37.23569
다사2916,day,0.293362,0.426076,-0.3888,0.1003,-0.3962,mid,0.0,2,2,2,0.2525,15.115,118.0,19.0,0.4407,송산면,-0.3962,-0.489,0.48292,1,NEW_STOP,31240360,면,29.34,42.61,29.5,41590-60005,448.5,126.7051,37.24471
다사2917,day,0.236711,0.011,-0.6041,-1.321,0.5052,drt,0.0,4,1,0,0.05,0.0,113.0,3.0,0.3717,송산면,0.5052,0.7169,0.47342,1,DRT,31240360,면,23.67,1.1,28.2,41590-60077,924.9,126.70501,37.25372
다사2918,day,0.069982,0.011,-1.238,-1.321,0.0265,mid,0.0,3,0,0,0.05,0.0,5.0,0.0,0.0,송산면,0.0265,0.083,0.13996,0,DRT,31240360,면,7.0,1.1,1.2,41590-60061,1530.2,126.70491,37.26273
다사2919,day,0.0,0.011,-1.5041,-1.321,-0.0,mid,0.0,3,0,0,0.05,0.0,0.0,0.0,0.0,송산면,-0.0,-0.183,0.0,0,DRT,31240360,면,0.0,1.1,0.0,41590-60062,2343.7,126.70482,37.27175
다사3003,day,0.0,0.011,-1.5041,-1.321,-0.0,mid,0.0,3,0,0,0.05,0.0,0.0,0.0,0.0,서신면,-0.0,-0.183,0.0,0,DRT,31240370,면,0.0,1.1,0.0,41590-55218,1821.3,126.71759,37.12761
다사3004,day,0.13858,0.011,-0.9772,-1.321,0.1711,mid,0.0,3,0,0,0.05,0.0,18.0,3.0,0.5556,서신면,0.1711,0.3438,0.27716,0,DRT,31240370,면,13.86,1.1,4.5,41590-36765,1172.7,126.7175,37.13662
다사3005,day,0.219028,0.041912,-0.6714,-1.2152,0.3644,mid,0.0,4,1,1,0.05,0.261,73.0,61.0,0.5068,서신면,0.3644,0.5438,0.43806,1,DRT,31240370,면,21.9,4.19,18.2,41590-37577,598.8,126.7174,37.14564
다사3006,day,0.219539,0.441204,-0.6694,0.1521,-0.5512,mid,0.0,2,1,2,0.641,8.507,73.0,14.0,0.6027,서신면,-0.5512,-0.8215,0.43489,1,ADD_FREQ,31240370,면,21.95,44.12,18.2,41590-37577,215.4,126.71731,37.15465
다사3007,day,0.258867,0.04653,-0.5199,-1.1994,0.5075,drt,0.0,4,1,1,0.2115,0.0,186.0,348.0,0.2204,서신면,0.5075,0.6795,0.51773,2,NEW_STOP,31240370,면,25.89,4.65,46.5,41590-37931,473.1,126.71722,37.16366
다사3008,day,0.242476,0.011,-0.5822,-1.321,0.5289,drt,0.0,4,1,0,0.05,0.0,123.0,11.0,0.3821,서신면,0.5289,0.7388,0.48495,1,DRT,31240370,면,24.25,1.1,30.8,41590-37398,754.5,126.71712,37.17268
다사3009,day,0.323228,0.320248,-0.2752,-0.2621,-0.0113,mid,0.0,3,2,2,0.05,9.176,175.0,344.0,0.28,마도면,-0.0113,-0.0131,0.51901,2,DRT,31240350,면,32.32,32.02,43.8,41590-55360,574.8,126.71703,37.18169
다사3010,day,0.429387,0.741168,0.1284,1.1792,-1.0508,mid,0.0,1,2,4,0.5765,99.37,103.0,200.0,0.4272,서신면,-1.0508,-1.0508,0.48412,1,ADD_FREQ,31240370,면,42.94,74.12,25.8,41590-36767,254.1,126.71694,37.1907
다사3011,day,0.474487,0.586271,0.2998,0.6488,-0.349,ok,0.0,2,3,3,0.2557,52.321,173.0,60.0,0.4624,송산면,-0.349,-0.349,0.52314,2,NEW_STOP,31240360,면,47.45,58.63,43.2,41590-36357,446.6,126.71684,37.19972
다사3012,day,0.29819,0.430905,-0.3704,0.1168,-0.3989,mid,0.0,2,2,2,0.5788,8.751,226.0,247.0,0.3319,송산면,-0.3989,-0.4872,0.54835,2,ADD_FREQ,31240360,면,29.82,43.09,56.5,41590-37366,252.7,126.71675,37.20873
다사3013,day,0.341155,0.594998,-0.2071,0.6787,-0.7916,mid,0.0,1,2,3,0.9005,18.639,170.0,548.0,0.1824,송산면,-0.7916,-0.8857,0.5137,2,ADD_FREQ,31240360,면,34.12,59.5,42.5,41590-55204,59.7,126.71666,37.21774
다사3014,day,0.267194,0.365562,-0.4882,-0.107,-0.2907,mid,0.0,2,1,2,0.61,4.673,173.0,193.0,0.3468,송산면,-0.2907,-0.3813,0.51534,2,ADD_FREQ,31240360,면,26.72,36.56,43.2,41590-60002,234.0,126.71657,37.22676
다사3015,day,0.210499,0.011,-0.7038,-1.321,0.403,mid,0.0,4,1,0,0.05,0.0,58.0,5.0,0.5345,송산면,0.403,0.6173,0.421,1,DRT,31240360,면,21.05,1.1,14.5,41590-37608,803.2,126.71647,37.23577
다사3016,day,0.245817,0.011,-0.5695,-1.321,0.5428,drt,0.0,4,1,0,0.05,0.0,128.0,5.0,0.4688,송산면,0.5428,0.7515,0.49163,2,DRT,31240360,면,24.58,1.1,32.0,41590-60005,1325.9,126.71638,37.24478
다사3017,day,0.235014,0.011,-0.6106,-1.321,0.4983,drt,0.0,4,1,0,0.05,0.0,98.0,5.0,0.5306,송산면,0.4983,0.7105,0.47003,1,DRT,31240360,면,23.5,1.1,24.5,41590-60060,1731.4,126.71629,37.25379
다사3018,day,0.0,0.011,-1.5041,-1.321,-0.0,mid,0.0,3,0,0,0.05,0.0,0.0,0.0,0.0,송산면,-0.0,-0.183,0.0,0,DRT,31240360,면,0.0,1.1,0.0,41590-60061,2301.3,126.71619,37.26281
다사3019,day,0.0,0.011,-1.5041,-1.321,-0.0,mid,0.0,3,0,0,0.05,0.0,0.0,0.0,0.0,송산면,-0.0,-0.183,0.0,0,DRT,31240360,면,0.0,1.1,0.0,41590-60061,2941.7,126.7161,37.27182
다사3100,day,0.0,0.011399,-1.5041,-1.3197,-0.0,mid,0.0,3,0,1,0.05,0.003,0.0,0.0,0.0,우정읍,-0.0,-0.1844,0.0,0,DRT,31240130,읍,0.0,1.14,0.0,41590-36991,1914.5,126.72912,37.10064
다사3101,day,0.0,0.011,-1.5041,-1.321,-0.0,mid,0.0,3,0,0,0.05,0.0,0.0,0.0,0.0,우정읍,-0.0,-0.183,0.0,0,DRT,31240130,읍,0.0,1.1,0.0,41590-37220,2751.6,126.72903,37.10966
다사3102,day,0.0,0.011,-1.5041,-1.321,-0.0,mid,0.0,3,0,0,0.05,0.0,0.0,0.0,0.0,우정읍,-0.0,-0.183,0.0,0,DRT,31240130,읍,0.0,1.1,0.0,41590-55218,3230.3,126.72894,37.11867
다사3104,day,0.195198,0.011,-0.762,-1.321,0.3476,mid,0.0,4,1,0,0.05,0.0,38.0,5.0,0.5263,서신면,0.3476,0.5591,0.3904,1,DRT,31240370,면,19.52,1.1,9.5,41590-37577,1998.6,126.72875,37.1367
다사3105,day,0.13509,0.011,-0.9905,-1.321,0.1618,mid,0.0,3,0,0,0.05,0.0,13.0,0.0,0.3846,서신면,0.1618,0.3306,0.27018,0,DRT,31240370,면,13.51,1.1,3.2,41590-60009,1210.0,126.72866,37.14571
다사3106,day,0.286023,0.426187,-0.4167,0.1006,-0.4122,mid,0.0,2,1,2,0.4033,11.574,234.0,84.0,0.5684,서신면,-0.4122,-0.5173,0.5576,3,NEW_STOP,31240370,면,28.6,42.62,58.5,41590-60079,358.0,126.72857,37.15472
다사3107,day,0.237851,0.467052,-0.5998,0.2406,-0.594,mid,0.0,2,1,2,0.4925,13.747,108.0,43.0,0.4537,서신면,-0.594,-0.8404,0.47285,1,NEW_STOP,31240370,면,23.79,46.71,27.0,41590-37635,304.5,126.72848,37.16374
다사3108,day,0.227291,0.011,-0.6399,-1.321,0.4675,drt,0.0,4,1,0,0.05,0.0,88.0,8.0,0.3864,서신면,0.4675,0.6811,0.45458,1,DRT,31240370,면,22.73,1.1,22.0,41590-37824,928.3,126.72839,37.17275
다사3109,day,0.23389,0.011,-0.6149,-1.321,0.4938,drt,0.0,4,1,0,0.05,0.0,97.0,214.0,0.1856,마도면,0.4938,0.7062,0.46778,1,DRT,31240350,면,23.39,1.1,24.2,41590-55360,1518.1,126.7283,37.18176
다사3110,day,0.248237,0.011,-0.5603,-1.321,0.5529,drt,0.0,4,1,0,0.05,0.0,123.0,65.0,0.374,마도면,0.5529,0.7607,0.49647,2,DRT,31240350,면,24.82,1.1,30.8,41590-36357,969.4,126.7282,37.19078
다사3111,day,0.570791,0.60445,0.666,0.711,-0.0451,ok,0.0,3,3,3,0.2238,63.409,778.0,204.0,0.1594,마도면,-0.0451,-0.0451,0.68476,4,NEW_STOP,31240350,면,57.08,60.44,194.5,41590-37069,465.7,126.72811,37.19979
다사3112,day,0.67991,0.910515,1.0808,1.7591,-0.6783,ok,0.0,2,4,4,0.8807,215.441,443.0,558.0,0.2257,송산면,-0.6783,-0.6783,0.62053,3,ADD_FREQ,31240360,면,67.99,91.05,110.8,41590-37370,71.6,126.72802,37.2088
다사3113,day,0.684779,0.578436,1.0993,0.622,0.4774,ok,0.0,4,4,3,0.423,37.144,1377.0,526.0,0.2012,송산면,0.4774,0.4774,0.75152,4,NEW_STOP,31240360,면,68.48,57.84,344.2,41590-55206,346.2,126.72793,37.21782
다사3114,day,0.297086,0.672913,-0.3746,0.9455,-1.0783,over,0.0,1,2,4,0.9545,31.231,219.0,642.0,0.2237,송산면,-1.0783,-1.3201,0.54758,2,ADD_FREQ,31240360,면,29.71,67.29,54.8,41590-60074,27.3,126.72784,37.22683
다사3115,day,0.303688,0.600134,-0.3495,0.6963,-0.8665,over,0.0,1,2,3,0.5953,32.775,244.0,90.0,0.3279,송산면,-0.8665,-1.0458,0.5535,3,ADD_FREQ,31240360,면,30.37,60.01,61.0,41590-37079,242.8,126.72774,37.23584
다사3116,day,0.071893,0.011,-1.2307,-1.321,0.0293,mid,0.0,3,0,0,0.05,0.0,5.0,0.0,0.0,송산면,0.0293,0.0903,0.14379,0,DRT,31240360,면,7.19,1.1,1.2,41590-37401,1121.6,126.72765,37.24486
다사3117,day,0.118886,0.011,-1.0521,-1.321,0.1211,mid,0.0,3,0,0,0.05,0.0,8.0,0.0,0.625,송산면,0.1211,0.269,0.23777,0,DRT,31240360,면,11.89,1.1,2.0,41590-37401,1604.0,126.72756,37.25387
다사3118,day,0.0,0.011,-1.5041,-1.321,-0.0,mid,0.0,3,0,0,0.05,0.0,0.0,0.0,0.0,송산면,-0.0,-0.183,0.0,0,DRT,31240360,면,0.0,1.1,0.0,41590-37096,2274.6,126.72747,37.26288
다사3119,day,0.0,0.011,-1.5041,-1.321,-0.0,mid,0.0,3,0,0,0.05,0.0,0.0,0.0,0.0,송산면,-0.0,-0.183,0.0,0,DRT,31240360,면,0.0,1.1,0.0,41590-37096,3062.5,126.72738,37.2719
다사3121,day,0.0,0.011,-1.5041,-1.321,-0.0,mid,0.0,3,0,0,0.05,0.0,0.0,0.0,0.0,송산면,-0.0,-0.183,0.0,0,DRT,31240360,면,0.0,1.1,0.0,41590-37096,4876.6,126.72719,37.28992
다사3200,day,0.0,0.011,-1.5041,-1.321,-0.0,mid,0.0,3,0,0,0.05,0.0,0.0,0.0,0.0,우정읍,-0.0,-0.183,0.0,0,DRT,31240130,읍,0.0,1.1,0.0,41590-36991,2598.5,126.74037,37.10071
다사3201,day,0.0,0.011,-1.5041,-1.321,-0.0,mid,0.0,3,0,0,0.05,0.0,0.0,0.0,0.0,우정읍,-0.0,-0.183,0.0,0,DRT,31240130,읍,0.0,1.1,0.0,41590-36866,2943.3,126.74028,37.10973
다사3202,day,0.0,0.011,-1.5041,-1.321,-0.0,mid,0.0,3,0,0,0.05,0.0,0.0,0.0,0.0,우정읍,-0.0,-0.183,0.0,0,DRT,31240130,읍,0.0,1.1,0.0,41590-36866,2837.2,126.74019,37.11874
다사3203,day,0.0,0.011,-1.5041,-1.321,-0.0,mid,0.0,3,0,0,0.05,0.0,0.0,0.0,0.0,우정읍,-0.0,-0.183,0.0,0,DRT,31240130,읍,0.0,1.1,0.0,41590-36866,3072.0,126.7401,37.12776
다사3206,day,0.174029,0.011,-0.8424,-1.321,0.2761,mid,0.0,4,0,0,0.05,0.0,38.0,11.0,0.2105,서신면,0.2761,0.4786,0.34806,0,DRT,31240370,면,17.4,1.1,9.5,41590-60079,1089.7,126.73983,37.1548
다사3207,day,0.234018,0.106957,-0.6144,-0.9925,0.2645,drt,0.0,4,1,1,0.4862,0.0,113.0,325.0,0.3274,서신면,0.2645,0.3781,0.46804,1,NEW_STOP,31240370,면,23.4,10.7,28.2,41590-37635,308.3,126.73974,37.16381
다사3208,day,0.245546,0.011,-0.5705,-1.321,0.5416,drt,0.0,4,1,0,0.05,0.0,133.0,77.0,0.3534,마도면,0.5416,0.7505,0.49109,2,DRT,31240350,면,24.55,1.1,33.2,41590-37635,608.2,126.73965,37.17282
다사3209,day,0.232174,0.011,-0.6214,-1.321,0.4869,drt,0.0,4,1,0,0.05,0.0,103.0,40.0,0.4078,마도면,0.4869,0.6997,0.46435,1,DRT,31240350,면,23.22,1.1,25.8,41590-55456,895.0,126.73956,37.18184
다사3210,day,0.284782,0.547115,-0.4214,0.5147,-0.7439,over,0.0,1,1,3,0.5255,24.463,234.0,417.0,0.2735,마도면,-0.7439,-0.9361,0.5528,3,ADD_FREQ,31240350,면,28.48,54.71,58.5,41590-55456,284.7,126.73947,37.19085
다사3211,day,0.244262,0.46381,-0.5754,0.2295,-0.5789,mid,0.0,2,1,2,0.05,28.876,113.0,56.0,0.5044,마도면,-0.5789,-0.8049,0.47001,1,DRT,31240350,면,24.43,46.38,28.2,41590-55458,591.9,126.73938,37.19986
다사3212,day,0.711716,0.674977,1.2017,0.9525,0.2492,ok,0.0,3,4,4,0.2868,97.532,555.0,626.0,0.2216,송산면,0.2492,0.2492,0.64892,3,NEW_STOP,31240360,면,71.17,67.5,138.8,41590-37088,427.9,126.73929,37.20888
다사3213,day,0.766403,0.611353,1.4096,0.7347,0.675,ok,0.0,4,4,3,0.2635,62.534,2788.0,651.0,0.2156,송산면,0.675,0.675,0.835,4,NEW_STOP,31240360,면,76.64,61.14,697.0,41590-37089,441.9,126.7392,37.21789
다사3214,day,0.217578,0.162966,-0.6769,-0.8007,0.0826,mid,0.0,3,1,1,0.05,2.127,68.0,89.0,0.3382,송산면,0.0826,0.1238,0.43038,1,DRT,31240360,면,21.76,16.3,17.0,41590-36746,631.3,126.73911,37.2269
다사3215,day,0.304481,0.537533,-0.3465,0.4819,-0.6876,over,0.0,2,2,3,0.5727,20.922,249.0,226.0,0.3614,송산면,-0.6876,-0.8284,0.55842,3,ADD_FREQ,31240360,면,30.45,53.75,62.2,41590-60052,256.4,126.73902,37.23592
다사3216,day,0.268854,0.513709,-0.4819,0.4003,-0.6754,mid,0.0,2,1,3,0.6797,14.366,133.0,16.0,0.4511,송산면,-0.6754,-0.8823,0.49749,2,ADD_FREQ,31240360,면,26.89,51.37,33.2,41590-37401,192.2,126.73893,37.24493
다사3217,day,0.0,0.011,-1.5041,-1.321,-0.0,mid,0.0,3,0,0,0.05,0.0,0.0,0.0,0.0,송산면,-0.0,-0.183,0.0,0,DRT,31240360,면,0.0,1.1,0.0,41590-37096,860.3,126.73884,37.25394
다사3218,day,0.0,0.011,-1.5041,-1.321,-0.0,mid,0.0,3,0,0,0.05,0.0,0.0,0.0,0.0,송산면,-0.0,-0.183,0.0,0,DRT,31240360,면,0.0,1.1,0.0,41590-37096,1716.0,126.73875,37.26296
다사3219,day,0.0,0.011,-1.5041,-1.321,-0.0,mid,0.0,3,0,0,0.05,0.0,0.0,0.0,0.0,송산면,-0.0,-0.183,0.0,0,DRT,31240360,면,0.0,1.1,0.0,41590-37096,2673.5,126.73865,37.27197
다사3220,day,0.088198,0.011,-1.1687,-1.321,0.0565,mid,0.0,3,0,0,0.05,0.0,8.0,3.0,0.0,송산면,0.0565,0.1523,0.1764,0,DRT,31240360,면,8.82,1.1,2.0,41590-37096,3653.4,126.73856,37.28098
다사3221,day,0.0,0.011,-1.5041,-1.321,-0.0,mid,0.0,3,0,0,0.05,0.0,0.0,0.0,0.0,송산면,-0.0,-0.183,0.0,0,DRT,31240360,면,0.0,1.1,0.0,41590-37096,4641.8,126.73847,37.28999
다사3300,day,0.0,0.011,-1.5041,-1.321,-0.0,mid,0.0,3,0,0,0.05,0.0,0.0,0.0,0.0,우정읍,-0.0,-0.183,0.0,0,DRT,31240130,읍,0.0,1.1,0.0,41590-36967,2308.2,126.75162,37.10079
다사3301,day,0.0,0.011,-1.5041,-1.321,-0.0,mid,0.0,3,0,0,0.05,0.0,0.0,0.0,0.0,우정읍,-0.0,-0.183,0.0,0,DRT,31240130,읍,0.0,1.1,0.0,41590-36866,2000.0,126.75154,37.1098
다사3302,day,0.0,0.011,-1.5041,-1.321,-0.0,mid,0.0,3,0,0,0.05,0.0,0.0,0.0,0.0,우정읍,-0.0,-0.183,0.0,0,DRT,31240130,읍,0.0,1.1,0.0,41590-36866,1840.3,126.75145,37.11881
다사3303,day,0.0,0.011,-1.5041,-1.321,-0.0,mid,0.0,3,0,0,0.05,0.0,0.0,0.0,0.0,우정읍,-0.0,-0.183,0.0,0,DRT,31240130,읍,0.0,1.1,0.0,41590-36866,2185.1,126.75136,37.12783
다사3304,day,0.0,0.011,-1.5041,-1.321,-0.0,mid,0.0,3,0,0,0.05,0.0,0.0,0.0,0.0,우정읍,-0.0,-0.183,0.0,0,DRT,31240130,읍,0.0,1.1,0.0,41590-36866,2856.7,126.75127,37.13684
다사3305,day,0.0,0.011,-1.5041,-1.321,-0.0,mid,0.0,3,0,0,0.05,0.0,0.0,0.0,0.0,남양읍,-0.0,-0.183,0.0,0,DRT,31240150,읍,0.0,1.1,0.0,41590-60079,2441.6,126.75118,37.14585
다사3308,day,0.23494,0.076303,-0.6109,-1.0974,0.3412,drt,0.0,4,1,1,0.3468,0.0,116.0,261.0,0.319,마도면,0.3412,0.4866,0.46988,1,NEW_STOP,31240350,면,23.49,7.63,29.0,41590-60025,391.9,126.75091,37.17289
다사3309,day,0.259323,0.457166,-0.5182,0.2067,-0.542,mid,0.0,2,1,2,0.4298,14.185,118.0,28.0,0.3559,마도면,-0.542,-0.7249,0.47808,1,NEW_STOP,31240350,면,25.93,45.72,29.5,41590-36972,342.1,126.75083,37.18191
다사3310,day,0.270682,0.336205,-0.475,-0.2075,-0.2057,mid,0.0,3,1,2,0.7287,2.742,223.0,624.0,0.1749,마도면,-0.2057,-0.2675,0.53941,2,ADD_FREQ,31240350,면,27.07,33.62,55.8,41590-55456,162.8,126.75074,37.19092
다사3311,day,0.276079,0.571165,-0.4545,0.5971,-0.8189,over,0.0,1,1,3,0.2682,45.636,193.0,185.0,0.2694,마도면,-0.8189,-1.0515,0.53244,2,NEW_STOP,31240350,면,27.61,57.12,48.2,41590-55457,439.1,126.75065,37.19993
다사3312,day,0.433558,0.612753,0.1442,0.7395,-0.5952,mid,0.0,2,3,3,0.352,54.479,163.0,228.0,0.2577,마도면,-0.5952,-0.5952,0.50938,2,NEW_STOP,31240350,면,43.36,61.28,40.8,41590-37098,388.8,126.75056,37.20895
다사3313,day,0.280768,0.258958,-0.4366,-0.472,0.0278,drt,0.0,3,1,1,0.5345,1.888,180.0,12.0,0.4611,송산면,0.0278,0.0354,0.5258,2,ADD_FREQ,31240360,면,28.08,25.9,45.0,41590-37095,279.3,126.75047,37.21796
다사3314,day,0.222324,0.379285,-0.6588,-0.06,-0.4052,mid,0.0,2,1,2,0.1235,13.036,58.0,11.0,0.4483,송산면,-0.4052,-0.5989,0.4244,1,DRT,31240360,면,22.23,37.93,14.5,41590-36743,525.9,126.75038,37.22697
다사3315,day,0.235473,0.38176,-0.6088,-0.0515,-0.3914,mid,0.0,2,1,2,0.1733,12.17,89.0,27.0,0.4157,송산면,-0.3914,-0.5573,0.45473,1,NEW_STOP,31240360,면,23.55,38.18,22.2,41590-37093,496.0,126.75029,37.23599
다사3316,day,0.29135,0.309823,-0.3964,-0.2978,-0.0795,mid,0.0,3,1,1,0.1633,6.805,198.0,11.0,0.4293,송산면,-0.0795,-0.0986,0.52936,2,NEW_STOP,31240360,면,29.13,30.98,49.5,41590-37090,502.0,126.7502,37.245
다사3317,day,0.203043,0.109579,-0.7321,-0.9835,0.1603,mid,0.0,3,1,1,0.05,1.095,33.0,0.0,0.697,송산면,0.1603,0.2514,0.38784,1,DRT,31240360,면,20.3,10.96,8.2,41590-37096,713.1,126.75011,37.25401
다사3318,day,0.0,0.011,-1.5041,-1.321,-0.0,mid,0.0,3,0,0,0.05,0.0,0.0,0.0,0.0,송산면,-0.0,-0.183,0.0,0,DRT,31240360,면,0.0,1.1,0.0,41590-37096,1647.0,126.75002,37.26303
다사3319,day,0.0,0.011,-1.5041,-1.321,-0.0,mid,0.0,3,0,0,0.05,0.0,0.0,0.0,0.0,송산면,-0.0,-0.183,0.0,0,DRT,31240360,면,0.0,1.1,0.0,41590-37096,2629.4,126.74993,37.27204
다사3320,day,0.0,0.011,-1.5041,-1.321,-0.0,mid,0.0,3,0,0,0.05,0.0,0.0,0.0,0.0,송산면,-0.0,-0.183,0.0,0,DRT,31240360,면,0.0,1.1,0.0,41590-37096,3621.3,126.74984,37.28105
다사3400,day,0.0,0.011,-1.5041,-1.321,-0.0,mid,0.0,3,0,0,0.05,0.0,0.0,3.0,0.0,우정읍,-0.0,-0.183,0.0,0,DRT,31240130,읍,0.0,1.1,0.0,41590-36967,1353.2,126.76288,37.10086
다사3401,day,0.132844,0.011,-0.999,-1.321,0.1559,mid,0.0,3,0,0,0.05,0.0,13.0,12.0,0.0,우정읍,0.1559,0.322,0.26569,0,DRT,31240130,읍,13.28,1.1,3.2,41590-36866,1157.9,126.76279,37.10987
다사3402,day,0.184803,0.011,-0.8015,-1.321,0.3117,mid,0.0,4,0,0,0.05,0.0,48.0,3.0,0.2708,우정읍,0.3117,0.5196,0.36961,1,DRT,31240130,읍,18.48,1.1,12.0,41590-36866,852.8,126.7627,37.11888
다사3403,day,0.0,0.011,-1.5041,-1.321,-0.0,mid,0.0,3,0,0,0.05,0.0,0.0,0.0,0.0,우정읍,-0.0,-0.183,0.0,0,DRT,31240130,읍,0.0,1.1,0.0,41590-36866,1453.8,126.76262,37.1279
다사3404,day,0.0,0.011,-1.5041,-1.321,-0.0,mid,0.0,3,0,0,0.05,0.0,0.0,0.0,0.0,우정읍,-0.0,-0.183,0.0,0,DRT,31240130,읍,0.0,1.1,0.0,41590-36865,2276.9,126.76253,37.13691
다사3405,day,0.0,0.011,-1.5041,-1.321,-0.0,mid,0.0,3,0,0,0.05,0.0,0.0,0.0,0.0,남양읍,-0.0,-0.183,0.0,0,DRT,31240150,읍,0.0,1.1,0.0,41590-60023,2953.7,126.76244,37.14592
다사3407,day,0.143604,0.011,-0.9581,-1.321,0.1848,mid,0.0,3,0,0,0.05,0.0,29.0,441.0,0.0,마도면,0.1848,0.3629,0.28721,0,DRT,31240350,면,14.36,1.1,7.2,41590-60023,979.0,126.76227,37.16395
다사3408,day,0.572475,0.648307,0.6724,0.8612,-0.1889,ok,0.0,3,3,3,0.5385,52.246,320.0,1310.0,0.1125,마도면,-0.1889,-0.1889,0.5822,3,ADD_FREQ,31240350,면,57.25,64.83,80.0,41590-60023,276.9,126.76218,37.17296
다사3409,day,0.345642,0.789231,-0.19,1.3438,-1.3824,mid,0.0,0,2,4,0.4615,173.033,430.0,636.0,0.2279,마도면,-1.3824,-1.5338,0.61698,3,NEW_STOP,31240350,면,34.56,78.92,107.5,41590-55377,323.1,126.76209,37.18198
다사3410,day,0.376403,0.734763,-0.0731,1.1573,-1.1721,mid,0.0,1,2,4,0.669,81.117,457.0,907.0,0.2232,마도면,-1.1721,-1.2303,0.62387,3,ADD_FREQ,31240350,면,37.64,73.48,114.2,41590-55371,198.6,126.762,37.19099
다사3411,day,0.236374,0.011,-0.6054,-1.321,0.5038,drt,0.0,4,1,0,0.05,0.0,98.0,101.0,0.3469,마도면,0.5038,0.7156,0.47275,1,DRT,31240350,면,23.64,1.1,24.5,41590-60109,746.1,126.76191,37.2
다사3412,day,0.475537,0.90655,0.3038,1.7455,-1.4417,ok,0.0,0,3,4,0.8338,225.982,159.0,400.0,0.3019,마도면,-1.4417,-1.4417,0.50824,2,ADD_FREQ,31240350,면,47.55,90.66,39.8,41590-55096,99.7,126.76183,37.20902
다사3413,day,0.229124,0.106787,-0.633,-0.9931,0.2484,drt,0.0,3,1,1,0.38,0.19,91.0,257.0,0.4945,송산면,0.2484,0.3601,0.45318,1,NEW_STOP,31240360,면,22.91,10.68,22.8,41590-37099,372.0,126.76174,37.21803
다사3414,day,0.214326,0.30676,-0.6892,-0.3083,-0.2517,mid,0.0,2,1,1,0.317,4.919,63.0,162.0,0.5714,송산면,-0.2517,-0.3809,0.41657,1,NEW_STOP,31240360,면,21.43,30.68,15.8,41590-37560,409.8,126.76165,37.22704
다사3415,day,0.208685,0.02527,-0.7107,-1.2722,0.3646,mid,0.0,4,1,1,0.05,0.113,48.0,78.0,0.6875,송산면,0.3646,0.5615,0.41707,1,DRT,31240360,면,20.87,2.53,12.0,41590-37560,791.0,126.76156,37.23606
다사3416,day,0.102776,0.011,-1.1133,-1.321,0.0851,mid,0.0,3,0,0,0.05,0.0,13.0,3.0,0.0,송산면,0.0851,0.2077,0.20555,0,DRT,31240360,면,10.28,1.1,3.2,41590-37096,1404.4,126.76148,37.24507
다사3417,day,0.0,0.011,-1.5041,-1.321,-0.0,mid,0.0,3,0,0,0.05,0.0,0.0,0.0,0.0,송산면,-0.0,-0.183,0.0,0,DRT,31240360,면,0.0,1.1,0.0,41590-37096,1506.7,126.76139,37.25408
다사3418,day,0.0,0.011,-1.5041,-1.321,-0.0,mid,0.0,3,0,0,0.05,0.0,0.0,0.0,0.0,송산면,-0.0,-0.183,0.0,0,DRT,31240360,면,0.0,1.1,0.0,41590-37096,2116.9,126.7613,37.2631
다사3419,day,0.0,0.011,-1.5041,-1.321,-0.0,mid,0.0,3,0,0,0.05,0.0,0.0,0.0,0.0,송산면,-0.0,-0.183,0.0,0,DRT,31240360,면,0.0,1.1,0.0,41590-37096,2946.5,126.76121,37.27211
다사3420,day,0.0,0.011,-1.5041,-1.321,-0.0,mid,0.0,3,0,0,0.05,0.0,0.0,0.0,0.0,송산면,-0.0,-0.183,0.0,0,DRT,31240360,면,0.0,1.1,0.0,41590-37096,3857.6,126.76112,37.28112
다사3500,day,0.285237,0.409004,-0.4196,0.0418,-0.3671,mid,0.0,2,1,2,0.1642,15.403,223.0,29.0,0.2691,우정읍,-0.3671,-0.4614,0.54904,2,NEW_STOP,31240130,읍,28.52,40.9,55.8,41590-36966,501.5,126.77413,37.10093
다사3501,day,0.218642,0.281293,-0.6728,-0.3955,-0.1856,mid,0.0,3,1,1,0.1085,5.898,58.0,3.0,0.3621,우정읍,-0.1856,-0.2773,0.41169,1,DRT,31240130,읍,21.86,28.13,14.5,41590-36967,534.9,126.77404,37.10994
다사3502,day,0.459459,0.724256,0.2427,1.1213,-0.8786,mid,0.0,1,3,4,0.8952,51.25,408.0,29.0,0.3554,우정읍,-0.8786,-0.8786,0.61391,3,ADD_FREQ,31240130,읍,45.95,72.43,102.0,41590-36865,62.9,126.77396,37.11895
다사3503,day,0.252179,0.011,-0.5453,-1.321,0.5696,drt,0.0,4,1,0,0.05,0.0,165.0,528.0,0.0606,우정읍,0.5696,0.7757,0.50436,2,DRT,31240130,읍,25.22,1.1,41.2,41590-36865,953.3,126.77387,37.12797
다사3504,day,0.0,0.011,-1.5041,-1.321,-0.0,mid,0.0,3,0,0,0.05,0.0,0.0,0.0,0.0,우정읍,-0.0,-0.183,0.0,0,DRT,31240130,읍,0.0,1.1,0.0,41590-36865,1941.0,126.77379,37.13698
다사3506,day,0.0,0.011,-1.5041,-1.321,-0.0,mid,0.0,3,0,0,0.05,0.0,0.0,0.0,0.0,남양읍,-0.0,-0.183,0.0,0,DRT,31240150,읍,0.0,1.1,0.0,41590-37668,1896.2,126.77361,37.15501
다사3507,day,0.219056,0.011,-0.6713,-1.321,0.4354,mid,0.0,4,1,0,0.05,0.0,103.0,886.0,0.0,마도면,0.4354,0.6498,0.43811,1,DRT,31240350,면,21.91,1.1,25.8,41590-37668,897.0,126.77353,37.16402
다사3508,day,0.642036,0.696159,0.9368,1.0251,-0.0883,ok,0.0,3,4,4,0.8575,44.034,528.0,2260.0,0.0492,마도면,-0.0883,-0.0883,0.63506,3,ADD_FREQ,31240350,면,64.2,69.62,132.0,41590-55426,85.5,126.77344,37.17303
다사3509,day,0.272334,0.503158,-0.4687,0.3642,-0.6429,over,0.0,2,1,2,0.05,39.135,209.0,597.0,0.1722,마도면,-0.6429,-0.8329,0.53728,2,DRT,31240350,면,27.23,50.32,52.2,41590-55264,597.7,126.77336,37.18205
다사3510,day,0.276151,0.011,-0.4542,-1.321,0.6752,drt,0.0,4,1,0,0.05,0.0,239.0,884.0,0.1088,마도면,0.6752,0.8669,0.5523,3,DRT,31240350,면,27.62,1.1,59.8,41590-55265,849.1,126.77327,37.19106
다사3511,day,0.513256,0.755192,0.4472,1.2272,-0.78,ok,0.0,1,3,4,0.9323,60.978,794.0,248.0,0.2103,마도면,-0.78,-0.78,0.68965,4,ADD_FREQ,31240350,면,51.33,75.52,198.5,41590-60066,40.6,126.77318,37.20007
다사3512,day,0.748749,0.836145,1.3425,1.5044,-0.1619,ok,0.0,3,4,4,0.5782,203.108,1207.0,683.0,0.1558,마도면,-0.1619,-0.1619,0.73508,4,ADD_FREQ,31240350,면,74.87,83.61,301.8,41590-37105,253.1,126.7731,37.20909
다사3513,day,0.199284,0.011,-0.7464,-1.321,0.3621,mid,0.0,4,1,0,0.05,0.0,58.0,313.0,0.0,송산면,0.3621,0.5746,0.39857,1,DRT,31240360,면,19.93,1.1,14.5,41590-36609,676.0,126.77301,37.2181
다사3514,day,0.0,0.011,-1.5041,-1.321,-0.0,mid,0.0,3,0,0,0.05,0.0,0.0,339.0,0.0,송산면,-0.0,-0.183,0.0,0,DRT,31240360,면,0.0,1.1,0.0,41590-37560,1075.8,126.77292,37.22711
다사3515,day,0.0,0.011,-1.5041,-1.321,-0.0,mid,0.0,3,0,0,0.05,0.0,0.0,0.0,0.0,송산면,-0.0,-0.183,0.0,0,DRT,31240360,면,0.0,1.1,0.0,41590-37560,1496.9,126.77284,37.23613
다사3516,day,0.0,0.011,-1.5041,-1.321,-0.0,mid,0.0,3,0,0,0.05,0.0,0.0,0.0,0.0,송산면,-0.0,-0.183,0.0,0,DRT,31240360,면,0.0,1.1,0.0,41590-60095,1364.6,126.77275,37.24514
다사3517,day,0.0,0.011,-1.5041,-1.321,-0.0,mid,0.0,3,0,0,0.05,0.0,0.0,0.0,0.0,송산면,-0.0,-0.183,0.0,0,DRT,31240360,면,0.0,1.1,0.0,41590-60095,1491.9,126.77266,37.25415
다사3518,day,0.0,0.011,-1.5041,-1.321,-0.0,mid,0.0,3,0,0,0.05,0.0,0.0,0.0,0.0,송산면,-0.0,-0.183,0.0,0,DRT,31240360,면,0.0,1.1,0.0,41590-60095,2142.3,126.77258,37.26317
다사3519,day,0.0,0.011,-1.5041,-1.321,-0.0,mid,0.0,3,0,0,0.05,0.0,0.0,0.0,0.0,송산면,-0.0,-0.183,0.0,0,DRT,31240360,면,0.0,1.1,0.0,41590-36538,2924.5,126.77249,37.27218
다사3600,day,0.433051,0.724814,0.1423,1.1232,-0.9809,mid,0.0,1,3,4,0.8577,54.819,384.0,28.0,0.3594,우정읍,-0.9809,-0.9809,0.61121,3,ADD_FREQ,31240130,읍,43.31,72.48,96.0,41590-36889,85.4,126.78538,37.10099
다사3601,day,0.348187,0.393996,-0.1803,-0.0096,-0.1546,mid,0.0,3,2,2,0.1023,15.231,288.0,24.0,0.2951,우정읍,-0.1546,-0.1707,0.57726,3,DRT,31240130,읍,34.82,39.4,72.0,41590-37829,538.6,126.7853,37.11001
다사3602,day,0.462831,0.709852,0.2555,1.072,-0.8164,ok,0.0,1,3,4,0.8383,50.51,418.0,88.0,0.299,우정읍,-0.8164,-0.8164,0.61787,3,ADD_FREQ,31240130,읍,46.28,70.99,104.5,41590-37451,97.0,126.78521,37.11902
다사3603,day,0.236721,0.011,-0.6041,-1.321,0.5052,drt,0.0,4,1,0,0.05,0.0,113.0,141.0,0.3451,우정읍,0.5052,0.717,0.47344,1,DRT,31240130,읍,23.67,1.1,28.2,41590-36817,915.1,126.78513,37.12804
다사3604,day,0.099244,0.011,-1.1267,-1.321,0.0778,mid,0.0,3,0,0,0.05,0.0,8.0,43.0,0.0,우정읍,0.0778,0.1943,0.19849,0,DRT,31240130,읍,9.92,1.1,2.0,41590-36862,1405.0,126.78504,37.13705
다사3606,day,0.23455,0.011,-0.6123,-1.321,0.4964,drt,0.0,4,1,0,0.05,0.0,98.0,9.0,0.449,남양읍,0.4964,0.7087,0.4691,1,DRT,31240150,읍,23.46,1.1,24.5,41590-60017,933.3,126.78488,37.15508
다사3608,day,0.448871,0.466839,0.2025,0.2398,-0.0374,mid,0.0,3,3,2,0.217,22.2,248.0,854.0,0.1048,마도면,-0.0374,-0.0374,0.54852,2,NEW_STOP,31240350,면,44.89,46.68,62.0,41590-37552,469.8,126.78471,37.1731
다사3609,day,0.664351,0.562309,1.0217,0.5667,0.4549,ok,0.0,4,4,3,0.7588,18.416,834.0,1839.0,0.0923,마도면,0.4549,0.4549,0.69084,4,ADD_FREQ,31240350,면,66.44,56.23,208.5,41590-37752,144.7,126.78462,37.18212
다사3610,day,0.447865,0.396874,0.1986,0.0003,0.1984,mid,0.0,3,3,2,0.083,16.123,323.0,723.0,0.1703,마도면,0.1984,0.1984,0.58534,3,DRT,31240350,면,44.79,39.69,80.8,41590-37118,550.2,126.78454,37.19113
다사3611,day,0.553333,0.609219,0.5996,0.7274,-0.1278,ok,0.0,3,3,3,0.2653,61.336,379.0,679.0,0.3351,마도면,-0.1278,-0.1278,0.60573,3,NEW_STOP,31240350,면,55.33,60.92,94.8,41590-37114,440.8,126.78445,37.20014
다사3612,day,0.654281,0.686257,0.9834,0.9912,-0.0078,ok,0.0,3,4,4,0.3062,102.865,825.0,429.0,0.2,마도면,-0.0078,-0.0078,0.69243,4,NEW_STOP,31240350,면,65.43,68.63,206.2,41590-37109,416.3,126.78437,37.20916
다사3613,day,0.394631,0.714885,-0.0038,1.0892,-1.0737,mid,0.0,1,2,4,0.597,78.667,284.0,359.0,0.2993,마도면,-1.0737,-1.093,0.56742,3,ADD_FREQ,31240350,면,39.46,71.49,71.0,41590-36567,241.8,126.78428,37.21817
다사3614,day,0.207635,0.011,-0.7147,-1.321,0.3924,mid,0.0,4,1,0,0.05,0.0,53.0,33.0,0.434,마도면,0.3924,0.6064,0.41527,1,DRT,31240350,면,20.76,1.1,13.2,41590-36564,859.0,126.78419,37.22718
다사3615,day,0.064621,0.011,-1.2584,-1.321,0.019,mid,0.0,3,0,0,0.05,0.0,5.0,0.0,0.0,남양읍,0.019,0.0627,0.12924,0,DRT,31240150,읍,6.46,1.1,1.2,41590-60095,1357.7,126.78411,37.2362
다사3616,day,0.124775,0.313247,-1.0297,-0.2861,-0.3456,mid,0.0,2,0,2,0.2392,6.066,8.0,0.0,1.25,남양읍,-0.3456,-0.7436,0.24774,0,NEW_STOP,31240150,읍,12.48,31.32,2.0,41590-60095,456.5,126.78402,37.24521
다사3617,day,0.000151,0.087934,-1.5035,-1.0576,-0.0026,mid,0.0,3,0,1,0.05,0.781,0.0,0.0,0.0,송산면,-0.0026,-0.4459,0.0,0,DRT,31240360,면,0.02,8.79,0.0,41590-60095,755.8,126.78394,37.25422
다사3618,day,0.0,0.011,-1.5041,-1.321,-0.0,mid,0.0,3,0,0,0.05,0.0,0.0,0.0,0.0,송산면,-0.0,-0.183,0.0,0,DRT,31240360,면,0.0,1.1,0.0,41590-36540,1634.9,126.78385,37.26324
다사3619,day,0.0,0.011,-1.5041,-1.321,-0.0,mid,0.0,3,0,0,0.05,0.0,0.0,0.0,0.0,송산면,-0.0,-0.183,0.0,0,DRT,31240360,면,0.0,1.1,0.0,41590-36538,2021.5,126.78377,37.27225
다사3620,day,0.0,0.011,-1.5041,-1.321,-0.0,mid,0.0,3,0,0,0.05,0.0,0.0,0.0,0.0,송산면,-0.0,-0.183,0.0,0,DRT,31240360,면,0.0,1.1,0.0,41590-55547,2187.3,126.78368,37.28126
다사3700,day,0.330423,0.626993,-0.2479,0.7882,-0.9069,mid,0.0,1,2,3,0.845,26.362,133.0,138.0,0.3308,우정읍,-0.9069,-1.0361,0.48879,2,ADD_FREQ,31240130,읍,33.04,62.7,33.2,41590-36718,93.0,126.79664,37.10106
다사3701,day,0.448597,0.765867,0.2014,1.2638,-1.0624,mid,0.0,1,3,4,0.7222,93.987,310.0,376.0,0.2774,우정읍,-1.0624,-1.0624,0.58045,3,ADD_FREQ,31240130,읍,44.86,76.59,77.5,41590-37826,166.7,126.79655,37.11008
다사3702,day,0.495208,0.622528,0.3786,0.773,-0.3943,ok,0.0,2,3,3,0.5938,39.053,356.0,213.0,0.2725,우정읍,-0.3943,-0.3943,0.59647,3,ADD_FREQ,31240130,읍,49.52,62.25,89.0,41590-36861,243.7,126.79647,37.11909
다사3703,day,0.544821,0.652407,0.5672,0.8753,-0.308,ok,0.0,2,3,3,0.9825,25.387,413.0,415.0,0.2397,우정읍,-0.308,-0.308,0.61421,3,ADD_FREQ,31240130,읍,54.48,65.24,103.2,41590-36862,10.5,126.79639,37.1281
다사3704,day,0.218571,0.011,-0.6731,-1.321,0.4335,mid,0.0,4,1,0,0.05,0.0,85.0,306.0,0.0588,우정읍,0.4335,0.6479,0.43714,1,DRT,31240130,읍,21.86,1.1,21.2,41590-36862,991.5,126.7963,37.13712
다사3705,day,0.0,0.011,-1.5041,-1.321,-0.0,mid,0.0,3,0,0,0.05,0.0,0.0,0.0,0.0,우정읍,-0.0,-0.183,0.0,0,DRT,31240130,읍,0.0,1.1,0.0,41590-60017,864.2,126.79622,37.14613
다사3706,day,0.265223,0.576759,-0.4957,0.6162,-0.8437,over,0.0,1,1,3,0.7353,21.495,98.0,325.0,0.3469,남양읍,-0.8437,-1.112,0.46239,1,ADD_FREQ,31240150,읍,26.52,57.68,24.5,41590-60017,158.8,126.79614,37.15514
다사3707,day,0.188103,0.203175,-0.7889,-0.663,-0.0764,mid,0.0,3,0,1,0.05,3.228,43.0,126.0,0.2326,남양읍,-0.0764,-0.1259,0.37621,1,DRT,31240150,읍,18.81,20.32,10.8,41590-37948,617.2,126.79605,37.16416
다사3708,day,0.367221,0.617869,-0.108,0.757,-0.8109,mid,0.0,1,2,3,0.5795,38.603,259.0,476.0,0.1892,남양읍,-0.8109,-0.865,0.55935,3,ADD_FREQ,31240150,읍,36.72,61.79,64.8,41590-60094,252.3,126.79597,37.17317
다사3709,day,0.494307,0.364091,0.3752,-0.112,0.4872,mid,0.0,4,3,2,0.3982,6.959,266.0,1625.0,0.0301,남양읍,0.4872,0.4872,0.555,3,NEW_STOP,31240150,읍,49.43,36.41,66.5,41590-60100,361.1,126.79589,37.18218
다사3710,day,0.471674,0.666137,0.2891,0.9223,-0.6331,ok,0.0,2,3,4,0.606,53.45,195.0,586.0,0.1897,마도면,-0.6331,-0.6331,0.52637,2,ADD_FREQ,31240350,면,47.17,66.61,48.8,41590-37753,236.4,126.7958,37.1912
다사3711,day,0.557217,0.62459,0.6144,0.78,-0.1657,ok,0.0,3,3,3,0.5792,40.674,367.0,448.0,0.1608,남양읍,-0.1657,-0.1657,0.59803,3,ADD_FREQ,31240150,읍,55.72,62.46,91.8,41590-55179,252.5,126.79572,37.20021
다사3712,day,0.483625,0.300245,0.3346,-0.3306,0.6652,mid,0.0,4,3,1,0.05,7.758,742.0,248.0,0.2156,마도면,0.6652,0.6652,0.68019,4,DRT,31240350,면,48.36,30.02,185.5,41590-60037,628.2,126.79563,37.20922
다사3713,day,0.354321,0.45935,-0.157,0.2142,-0.34,mid,0.0,2,2,2,0.0685,27.024,211.0,698.0,0.1469,마도면,-0.34,-0.3712,0.53034,2,DRT,31240350,면,35.43,45.93,52.8,41590-36565,558.9,126.79555,37.21824
다사3714,day,0.310997,0.467867,-0.3217,0.2434,-0.4755,mid,0.0,2,2,2,0.4325,15.382,93.0,154.0,0.4194,남양읍,-0.4755,-0.5651,0.46518,1,NEW_STOP,31240150,읍,31.1,46.79,23.2,41590-36562,340.5,126.79547,37.22725
다사3715,day,0.23492,0.194042,-0.6109,-0.6943,0.0584,drt,0.0,3,1,1,0.05,2.948,88.0,0.0,0.5568,남양읍,0.0584,0.0833,0.45554,1,DRT,31240150,읍,23.49,19.4,22.0,41590-36550,706.4,126.79538,37.23626
다사3716,day,0.233231,0.416863,-0.6174,0.0687,-0.4788,mid,0.0,2,1,2,0.2122,15.074,88.0,5.0,0.4773,남양읍,-0.4788,-0.6861,0.45299,1,NEW_STOP,31240150,읍,23.32,41.69,22.0,41590-36544,472.7,126.7953,37.24528
다사3717,day,0.186061,0.522848,-0.7967,0.4316,-0.7402,over,0.0,1,0,3,0.5395,19.74,23.0,5.0,0.4348,남양읍,-0.7402,-1.2283,0.36145,0,ADD_FREQ,31240150,읍,18.61,52.28,5.8,41590-36542,276.3,126.79521,37.25429
다사3718,day,0.182193,0.258497,-0.8114,-0.4736,-0.2008,mid,0.0,3,0,1,0.05,5.403,23.0,3.0,0.6522,남양읍,-0.2008,-0.3378,0.35656,0,DRT,31240150,읍,18.22,25.85,5.8,41590-36540,700.8,126.79513,37.2633
다사3719,day,0.0,0.011,-1.5041,-1.321,-0.0,mid,0.0,3,0,0,0.05,0.0,0.0,0.0,0.0,송산면,-0.0,-0.183,0.0,0,DRT,31240360,면,0.0,1.1,0.0,41590-36538,1273.2,126.79505,37.27232
다사3720,day,0.0,0.011,-1.5041,-1.321,-0.0,mid,0.0,3,0,0,0.05,0.0,0.0,0.0,0.0,송산면,-0.0,-0.183,0.0,0,DRT,31240360,면,0.0,1.1,0.0,41590-55547,1280.1,126.79496,37.28133
다사3721,day,0.0,0.011,-1.5041,-1.321,-0.0,mid,0.0,3,0,0,0.05,0.0,0.0,97.0,0.0,송산면,-0.0,-0.183,0.0,0,DRT,31240360,면,0.0,1.1,0.0,41590-55547,1113.6,126.79488,37.29034
다사3800,day,0.269867,0.484821,-0.4781,0.3014,-0.5982,over,0.0,2,1,2,0.1198,30.169,98.0,16.0,0.3673,우정읍,-0.5982,-0.7795,0.45546,1,DRT,31240130,읍,26.99,48.48,24.5,41590-36923,528.1,126.80789,37.10113
다사3801,day,0.41042,0.622519,0.0563,0.7729,-0.7166,mid,0.0,1,2,3,0.4118,53.083,223.0,558.0,0.4619,우정읍,-0.7166,-0.7166,0.5503,3,NEW_STOP,31240130,읍,41.04,62.25,55.8,41590-37414,352.9,126.80781,37.11014
다사3802,day,0.340973,0.309363,-0.2078,-0.2994,0.0819,mid,0.0,3,2,1,0.05,8.378,188.0,760.0,0.2234,우정읍,0.0819,0.0916,0.52654,2,DRT,31240130,읍,34.1,30.94,47.0,41590-37537,616.8,126.80773,37.11916
다사3803,day,0.292972,0.202194,-0.3902,-0.6664,0.2235,drt,0.0,3,1,1,0.05,3.197,91.0,419.0,0.1978,우정읍,0.2235,0.2761,0.45073,1,DRT,31240130,읍,29.3,20.22,22.8,41590-36857,701.6,126.80764,37.12817
다사3804,day,0.372818,0.300912,-0.0867,-0.3283,0.2288,mid,0.0,3,2,1,0.138,6.612,123.0,510.0,0.1057,우정읍,0.2288,0.2416,0.47165,1,DRT,31240130,읍,37.28,30.09,30.8,41590-36856,517.2,126.80756,37.13718
다사3805,day,0.103776,0.011,-1.1095,-1.321,0.0872,mid,0.0,3,0,0,0.05,0.0,8.0,10.0,1.25,장안면,0.0872,0.2115,0.20755,0,DRT,31240390,면,10.38,1.1,2.0,41590-55660,862.7,126.80748,37.1462
다사3806,day,0.31794,0.436589,-0.2953,0.1363,-0.3684,mid,0.0,2,2,2,0.4912,10.76,78.0,316.0,0.2949,남양읍,-0.3684,-0.4316,0.44461,1,NEW_STOP,31240150,읍,31.79,43.66,19.5,41590-60017,305.3,126.8074,37.15521
다사3807,day,0.419543,0.519469,0.091,0.4201,-0.3291,mid,0.0,2,2,3,0.7472,13.353,289.0,218.0,0.2699,남양읍,-0.3291,-0.3291,0.57731,3,ADD_FREQ,31240150,읍,41.95,51.95,72.2,41590-60012,151.7,126.80731,37.16422
다사3808,day,0.450867,0.595753,0.21,0.6813,-0.4712,mid,0.0,2,3,3,0.7008,26.46,280.0,817.0,0.1857,남양읍,-0.4712,-0.4712,0.56894,3,ADD_FREQ,31240150,읍,45.09,59.58,70.0,41590-55473,179.5,126.80723,37.17324
다사3809,day,0.29986,0.224995,-0.3641,-0.5883,0.1843,drt,0.0,3,2,1,0.05,3.98,223.0,87.0,0.3587,남양읍,0.1843,0.2242,0.53829,2,DRT,31240150,읍,29.99,22.5,55.8,41590-55693,574.6,126.80715,37.18225
다사3810,day,0.205256,0.011,-0.7237,-1.321,0.3837,mid,0.0,4,1,0,0.05,0.0,63.0,76.0,0.4127,남양읍,0.3837,0.5973,0.41051,1,DRT,31240150,읍,20.53,1.1,15.8,41590-55693,919.3,126.80707,37.19126
다사3811,day,0.721591,0.530443,1.2393,0.4576,0.7816,need,1.18025,5,4,3,0.05,48.252,1969.0,112.0,0.1894,남양읍,0.7816,0.7816,0.79332,4,DRT,31240150,읍,72.16,53.04,492.2,41590-36009,586.1,126.80699,37.20028
다사3812,day,0.77744,0.792799,1.4516,1.356,0.0956,ok,0.0,3,4,4,0.592,143.117,2379.0,761.0,0.2404,남양읍,0.0956,0.0956,0.81645,4,ADD_FREQ,31240150,읍,77.74,79.28,594.8,41590-60035,244.8,126.8069,37.20929
다사3813,day,0.273409,0.231499,-0.4646,-0.566,0.0785,drt,0.0,3,1,1,0.05,4.229,209.0,25.0,0.2584,남양읍,0.0785,0.1014,0.53488,2,DRT,31240150,읍,27.34,23.15,52.2,41590-36558,672.7,126.80682,37.2183
다사3814,day,0.269151,0.640001,-0.4808,0.8328,-1.0063,over,0.0,1,1,3,0.6922,37.822,128.0,5.0,0.4062,남양읍,-1.0063,-1.3136,0.49937,2,ADD_FREQ,31240150,읍,26.92,64.0,32.0,41590-36556,184.7,126.80674,37.22732
다사3815,day,0.266747,0.565914,-0.4899,0.5791,-0.8142,over,0.0,1,1,3,0.5025,29.454,93.0,11.0,0.5484,남양읍,-0.8142,-1.069,0.45845,1,ADD_FREQ,31240150,읍,26.67,56.59,23.2,41590-36551,298.5,126.80666,37.23633
다사3816,day,0.242925,0.453139,-0.5805,0.1929,-0.5543,mid,0.0,2,1,2,0.1662,21.766,98.0,11.0,0.3469,남양읍,-0.5543,-0.7734,0.45988,1,NEW_STOP,31240150,읍,24.29,45.31,24.5,41590-36547,500.3,126.80657,37.24534
다사3817,day,0.069654,0.22553,-1.2392,-0.5865,-0.2077,mid,0.0,3,0,1,0.05,4.0,5.0,0.0,0.0,남양읍,-0.2077,-0.6528,0.13601,0,DRT,31240150,읍,6.97,22.55,1.2,41590-36541,656.0,126.80649,37.25436
다사3818,day,0.2488,0.712786,-0.5582,1.082,-1.1939,over,0.0,1,1,4,0.7575,59.172,68.0,0.0,0.6618,남양읍,-1.1939,-1.6402,0.43954,1,ADD_FREQ,31240150,읍,24.88,71.28,17.0,41590-36536,145.5,126.80641,37.26337
다사3819,day,0.240224,0.473427,-0.5908,0.2624,-0.607,mid,0.0,2,1,2,0.206,23.822,68.0,8.0,0.5294,송산면,-0.607,-0.8532,0.45796,1,NEW_STOP,31240360,면,24.02,47.34,17.0,41590-36533,476.4,126.80633,37.27238
다사3820,day,0.207913,0.094932,-0.7136,-1.0336,0.2073,mid,0.0,3,1,1,0.05,0.877,48.0,5.0,0.4167,남양읍,0.2073,0.32,0.40305,1,DRT,31240150,읍,20.79,9.49,12.0,41590-55547,702.2,126.80624,37.2814
다사3821,day,0.369806,0.303113,-0.0981,-0.3208,0.2097,mid,0.0,3,2,1,0.4838,3.373,128.0,8.0,0.1016,새솔동,0.2097,0.2227,0.48628,1,NEW_STOP,31240670,동,36.98,30.31,32.0,41590-55547,309.7,126.80616,37.29041
다사3900,day,0.309458,0.604484,-0.3276,0.7112,-0.8713,over,0.0,1,2,3,0.618,32.614,181.0,57.0,0.5801,우정읍,-0.8713,-1.0387,0.52735,2,ADD_FREQ,31240130,읍,30.95,60.45,45.2,41590-37845,229.2,126.81914,37.10119
다사3901,day,0.383405,0.387662,-0.0464,-0.0313,-0.0146,mid,0.0,3,2,2,0.264,10.853,143.0,50.0,0.4336,장안면,-0.0146,-0.0152,0.50218,2,NEW_STOP,31240390,면,38.34,38.77,35.8,41590-37844,441.6,126.81906,37.11021
다사3902,day,0.521433,0.688179,0.4783,0.9978,-0.5194,ok,0.0,2,3,4,0.8505,41.91,241.0,834.0,0.1618,우정읍,-0.5194,-0.5194,0.54852,2,ADD_FREQ,31240130,읍,52.14,68.82,60.2,41590-36962,89.7,126.81898,37.11922
다사3903,day,0.394256,0.535099,-0.0052,0.4736,-0.47,mid,0.0,2,2,3,0.4948,23.476,118.0,112.0,0.4407,우정읍,-0.47,-0.4788,0.47824,1,NEW_STOP,31240130,읍,39.43,53.51,29.5,41590-37580,303.1,126.8189,37.12823
다사3904,day,0.483398,0.571982,0.3337,0.5999,-0.2662,ok,0.0,2,3,3,0.6098,25.698,179.0,449.0,0.1844,장안면,-0.2662,-0.2662,0.52396,2,ADD_FREQ,31240390,면,48.34,57.2,44.8,41590-37420,234.1,126.81882,37.13725
다사3905,day,0.520292,0.615864,0.474,0.7501,-0.2762,ok,0.0,2,3,3,0.9247,21.069,269.0,945.0,0.0,장안면,-0.2762,-0.2762,0.54896,2,ADD_FREQ,31240390,면,52.03,61.59,67.2,41590-55616,45.2,126.81874,37.14626
다사3906,day,0.118263,0.232616,-1.0544,-0.5622,-0.221,mid,0.0,3,0,1,0.05,4.273,0.0,37.0,0.0,남양읍,-0.221,-0.4923,0.0,0,DRT,31240150,읍,11.83,23.26,0.0,41590-37973,658.8,126.81866,37.15527
다사3907,day,0.457963,0.507579,0.237,0.3793,-0.1423,mid,0.0,3,3,3,0.4268,21.275,198.0,15749.0,0.1667,남양읍,-0.1423,-0.1423,0.52545,2,NEW_STOP,31240150,읍,45.8,50.76,49.5,41590-37973,343.9,126.81858,37.16429
다사3908,day,0.557125,0.690299,0.614,1.005,-0.391,ok,0.0,2,3,4,0.6668,58.036,411.0,945.0,0.18,남양읍,-0.391,-0.391,0.61114,3,ADD_FREQ,31240150,읍,55.71,69.03,102.8,41590-60107,199.9,126.8185,37.1733
다사3909,day,0.521168,0.711463,0.4773,1.0775,-0.6002,ok,0.0,2,3,4,0.8975,46.286,297.0,803.0,0.1919,남양읍,-0.6002,-0.6002,0.57519,3,ADD_FREQ,31240150,읍,52.12,71.15,74.2,41590-55809,61.5,126.81842,37.18232
다사3910,day,0.880381,0.786814,1.843,1.3355,0.5075,ok,0.0,4,4,4,0.7513,104.927,7182.0,1059.0,0.0987,남양읍,0.5075,0.5075,0.94355,4,ADD_FREQ,31240150,읍,88.04,78.68,1795.5,41590-60040,149.2,126.81833,37.19133
다사3911,day,0.89507,0.794001,1.8988,1.3601,0.5387,ok,0.0,4,4,4,0.5537,153.921,8841.0,760.0,0.0717,남양읍,0.5387,0.5387,0.96634,4,ADD_FREQ,31240150,읍,89.51,79.4,2210.2,41590-36157,267.8,126.81825,37.20034
다사3912,day,0.959553,0.971363,2.1439,1.9674,0.1765,ok,0.0,3,4,4,0.8698,516.305,5807.0,2611.0,0.144,남양읍,0.1765,0.1765,0.91911,4,ADD_FREQ,31240150,읍,95.96,97.14,1451.8,41590-36021,78.1,126.81817,37.20936
다사3913,day,0.322803,0.618908,-0.2768,0.7606,-0.8943,mid,0.0,1,2,3,0.6767,32.999,359.0,431.0,0.2646,남양읍,-0.8943,-1.0374,0.60138,3,ADD_FREQ,31240150,읍,32.28,61.89,89.8,41590-36559,194.0,126.81809,37.21837
다사3914,day,0.205674,0.011,-0.7221,-1.321,0.3852,mid,0.0,4,1,0,0.05,0.0,43.0,0.0,0.5814,남양읍,0.3852,0.5989,0.41135,1,DRT,31240150,읍,20.57,1.1,10.8,41590-36557,666.6,126.81801,37.22738
다사3915,day,0.183732,0.386499,-0.8055,-0.0353,-0.4604,mid,0.0,2,0,2,0.2225,11.583,18.0,3.0,1.2778,남양읍,-0.4604,-0.7703,0.3624,0,NEW_STOP,31240150,읍,18.37,38.65,4.5,41590-36365,466.5,126.81793,37.2364
다사3916,day,0.169904,0.523763,-0.8581,0.4348,-0.7344,over,0.0,1,0,3,0.4943,21.499,23.0,3.0,0.2174,남양읍,-0.7344,-1.2929,0.32998,0,NEW_STOP,31240150,읍,16.99,52.38,5.8,41590-36517,303.4,126.81785,37.24541
다사3917,day,0.270738,0.687171,-0.4748,0.9943,-1.1297,over,0.0,1,1,4,0.7448,49.701,173.0,11.0,0.4913,남양읍,-1.1297,-1.4691,0.52856,2,ADD_FREQ,31240150,읍,27.07,68.72,43.2,41590-36520,153.1,126.81777,37.25442
다사3918,day,0.242607,0.703383,-0.5817,1.0498,-1.1683,over,0.0,1,1,4,0.896,43.615,98.0,11.0,0.3163,남양읍,-1.1683,-1.6315,0.46391,1,ADD_FREQ,31240150,읍,24.26,70.34,24.5,41590-36524,62.4,126.81769,37.26344
다사3919,day,0.415605,0.606599,0.076,0.7184,-0.6424,mid,0.0,2,2,3,0.4343,45.245,203.0,132.0,0.3202,남양읍,-0.6424,-0.6424,0.53917,2,NEW_STOP,31240150,읍,41.56,60.66,50.8,41590-36527,339.4,126.8176,37.27245
다사3920,day,0.926758,0.621533,2.0193,0.7695,1.2497,need,1.79492,6,4,3,0.6852,33.192,8559.0,2566.0,0.0574,새솔동,1.2497,1.2497,0.96283,4,ADD_FREQ,31240670,동,92.68,62.15,2139.8,41590-55770,188.9,126.81752,37.28146
다사3921,day,0.910674,0.56017,1.9581,0.5594,1.3987,need,2.10637,6,4,3,0.754,18.26,12155.0,821.0,0.0722,새솔동,1.3987,1.3987,1.0,4,ADD_FREQ,31240670,동,91.07,56.02,3038.8,41590-55598,147.6,126.81744,37.29048
다사4000,day,0.414615,0.232135,0.0722,-0.5638,0.6361,mid,0.0,4,2,1,0.05,4.254,185.0,607.0,0.0703,우정읍,0.6361,0.6361,0.52073,2,DRT,31240130,읍,41.46,23.21,46.2,41590-36427,676.0,126.8304,37.10126
다사4001,day,0.223365,0.175138,-0.6549,-0.759,0.0707,mid,0.0,3,1,1,0.05,2.426,73.0,575.0,0.2877,장안면,0.0707,0.1041,0.42929,1,DRT,31240390,면,22.34,17.51,18.2,41590-37636,694.0,126.83032,37.11027
다사4002,day,0.489294,0.6093,0.3561,0.7277,-0.3715,ok,0.0,2,3,3,0.7352,27.723,286.0,1012.0,0.1818,장안면,-0.3715,-0.3715,0.56921,3,ADD_FREQ,31240390,면,48.93,60.93,71.5,41590-36886,158.9,126.83024,37.11928
다사4003,day,0.368636,0.338462,-0.1026,-0.1998,0.0913,mid,0.0,3,2,2,0.2008,8.095,193.0,222.0,0.3212,장안면,0.0913,0.0972,0.53212,2,NEW_STOP,31240390,면,36.86,33.85,48.2,41590-37542,479.5,126.83016,37.1283
다사4004,day,0.446696,0.356818,0.1942,-0.1369,0.3311,mid,0.0,4,3,2,0.2238,9.049,289.0,1009.0,0.1696,장안면,0.3311,0.3311,0.56728,3,NEW_STOP,31240390,면,44.67,35.68,72.2,41590-37416,465.7,126.83008,37.13731
다사4005,day,0.426698,0.30707,0.1182,-0.3072,0.4254,mid,0.0,4,2,1,0.3585,4.54,254.0,895.0,0.0591,장안면,0.4254,0.4254,0.55055,3,NEW_STOP,31240390,면,42.67,30.71,63.5,41590-37422,384.9,126.83,37.14633
다사4006,day,0.147718,0.011,-0.9425,-1.321,0.1964,mid,0.0,3,0,0,0.05,0.0,13.0,0.0,0.7692,남양읍,0.1964,0.3786,0.29544,0,DRT,31240150,읍,14.77,1.1,3.2,41590-37973,1222.0,126.82992,37.15534
다사4007,day,0.250228,0.236404,-0.5527,-0.5492,-0.0026,drt,0.0,3,1,1,0.05,4.425,83.0,22.0,0.3373,남양읍,-0.0026,-0.0035,0.45577,1,DRT,31240150,읍,25.02,23.64,20.8,41590-60058,585.3,126.82984,37.16435
다사4008,day,0.384737,0.603876,-0.0414,0.7091,-0.7252,mid,0.0,1,2,3,0.5987,33.546,308.0,57.0,0.2922,남양읍,-0.7252,-0.7505,0.57958,3,ADD_FREQ,31240150,읍,38.47,60.39,77.0,41590-60104,240.8,126.82976,37.17337
다사4009,day,0.318487,0.350712,-0.2932,-0.1578,-0.1157,mid,0.0,3,2,2,0.3032,7.421,313.0,71.0,0.1725,남양읍,-0.1157,-0.1354,0.58215,3,NEW_STOP,31240150,읍,31.85,35.07,78.2,41590-60103,418.1,126.82968,37.18238
다사4010,day,0.817531,0.611209,1.604,0.7342,0.8698,need,1.28772,5,4,3,0.4523,45.471,5743.0,302.0,0.1019,남양읍,0.8698,0.8698,0.91723,4,NEW_STOP,31240150,읍,81.75,61.12,1435.8,41590-36039,328.6,126.8296,37.19139
다사4011,day,0.910308,0.933008,1.9567,1.8361,0.1206,ok,0.0,3,4,4,0.8987,247.727,4858.0,4671.0,0.0597,남양읍,0.1206,0.1206,0.89406,4,ADD_FREQ,31240150,읍,91.03,93.3,1214.5,41590-36510,60.8,126.82952,37.20041
다사4012,day,0.937393,0.965643,2.0597,1.9478,0.1119,ok,0.0,3,4,4,0.8438,434.304,9504.0,1465.0,0.1257,남양읍,0.1119,0.1119,0.97589,4,ADD_FREQ,31240150,읍,93.74,96.56,2376.0,41590-55436,93.7,126.82944,37.20942
다사4013,day,0.754706,0.87614,1.3652,1.6414,-0.2762,ok,0.0,2,4,4,0.625,254.036,1694.0,754.0,0.1181,남양읍,-0.2762,-0.2762,0.77469,4,ADD_FREQ,31240150,읍,75.47,87.61,423.5,41590-37776,225.0,126.82936,37.21843
다사4014,day,0.184155,0.011,-0.8039,-1.321,0.3095,mid,0.0,4,0,0,0.05,0.0,28.0,89.0,0.7143,남양읍,0.3095,0.5171,0.36831,1,DRT,31240150,읍,18.42,1.1,7.0,41590-36035,675.9,126.82928,37.22745
다사4015,day,0.073021,0.244876,-1.2264,-0.5202,-0.2317,mid,0.0,3,0,1,0.05,4.781,5.0,3.0,0.0,비봉면,-0.2317,-0.7062,0.14379,0,DRT,31240330,면,7.3,24.49,1.2,41590-36363,652.9,126.8292,37.23646
다사4016,day,0.348343,0.279115,-0.1797,-0.403,0.2022,mid,0.0,3,2,1,0.6055,1.988,118.0,28.0,0.4831,비봉면,0.2022,0.2232,0.4874,1,ADD_FREQ,31240330,면,34.83,27.91,29.5,41590-37128,236.7,126.82912,37.24547
다사4017,day,0.063447,0.011,-1.2628,-1.321,0.0174,mid,0.0,3,0,0,0.05,0.0,5.0,3.0,0.0,남양읍,0.0174,0.0582,0.12689,0,DRT,31240150,읍,6.34,1.1,1.2,41590-36522,1049.5,126.82904,37.25449
다사4018,day,0.228185,0.225263,-0.6365,-0.5874,-0.0338,drt,0.0,3,1,1,0.05,3.99,73.0,13.0,0.5753,남양읍,-0.0338,-0.0492,0.45441,1,DRT,31240150,읍,22.82,22.53,18.2,41590-36526,574.0,126.82896,37.2635
다사4019,day,0.811209,0.617622,1.58,0.7562,0.8238,need,1.09612,5,4,3,0.6425,34.626,4176.0,407.0,0.0462,새솔동,0.8238,0.8238,0.87838,4,ADD_FREQ,31240670,동,81.12,61.76,1044.0,41590-55540,214.5,126.82888,37.27251
다사4100,day,0.684553,0.632972,1.0985,0.8087,0.2898,ok,0.0,4,4,3,0.6382,39.261,714.0,1138.0,0.0686,장안면,0.2898,0.2898,0.67361,4,ADD_FREQ,31240390,면,68.46,63.3,178.5,41590-37454,217.1,126.84165,37.10132
다사4101,day,0.198274,0.605437,-0.7503,0.7144,-0.9199,over,0.0,1,1,3,0.692,28.963,48.0,2345.0,0.1042,장안면,-0.9199,-1.4647,0.36956,1,ADD_FREQ,31240390,면,19.83,60.54,12.0,41590-37634,184.8,126.84157,37.11033
다사4102,day,0.230052,0.167286,-0.6294,-0.7859,0.1082,drt,0.0,3,1,1,0.05,2.23,107.0,252.0,0.0935,장안면,0.1082,0.1564,0.45845,1,DRT,31240390,면,23.01,16.73,26.8,41590-37637,614.2,126.84149,37.11935
다사4103,day,0.595061,0.623814,0.7582,0.7774,-0.0191,ok,0.0,3,3,3,0.638,36.598,486.0,683.0,0.1749,장안면,-0.0191,-0.0191,0.63132,3,ADD_FREQ,31240390,면,59.51,62.38,121.5,41590-37442,217.2,126.84142,37.12836
다사4104,day,0.597306,0.537473,0.7668,0.4817,0.2851,ok,0.0,4,3,3,0.4702,24.951,777.0,1986.0,0.0862,장안면,0.2851,0.2851,0.68216,4,NEW_STOP,31240390,면,59.73,53.75,194.2,41590-37424,317.9,126.84134,37.13738
다사4105,day,0.479128,0.624144,0.3175,0.7785,-0.461,ok,0.0,2,3,3,0.791,28.28,198.0,256.0,0.2525,팔탄면,-0.461,-0.461,0.5362,2,ADD_FREQ,31240380,면,47.91,62.41,49.5,41590-37445,125.4,126.84126,37.14639
다사4106,day,0.320754,0.257114,-0.2846,-0.4783,0.1663,mid,0.0,3,2,1,0.1078,4.76,43.0,185.0,0.1163,남양읍,0.1663,0.1937,0.37903,1,DRT,31240150,읍,32.08,25.71,10.8,41590-55655,535.3,126.84118,37.1554
다사4107,day,0.508033,0.630412,0.4274,0.7999,-0.3726,ok,0.0,2,3,3,0.4792,50.347,182.0,1324.0,0.0989,남양읍,-0.3726,-0.3726,0.52267,2,NEW_STOP,31240150,읍,50.8,63.04,45.5,41590-55872,312.5,126.8411,37.16442
다사4108,day,0.42966,0.544402,0.1294,0.5054,-0.376,mid,0.0,2,2,3,0.3637,31.589,183.0,371.0,0.3388,남양읍,-0.376,-0.376,0.52584,2,NEW_STOP,31240150,읍,42.97,54.44,45.8,41590-55112,381.8,126.84102,37.17343
다사4109,day,0.522527,0.660757,0.4825,0.9039,-0.4214,ok,0.0,2,3,4,0.6068,51.224,306.0,587.0,0.2516,남양읍,-0.4214,-0.4214,0.57818,3,ADD_FREQ,31240150,읍,52.25,66.08,76.5,41590-60026,235.9,126.84095,37.18244
다사4110,day,0.715088,0.728951,1.2145,1.1374,0.0772,ok,0.0,3,4,4,0.7942,62.941,2343.0,533.0,0.1263,남양읍,0.0772,0.0772,0.81288,4,ADD_FREQ,31240150,읍,71.51,72.9,585.8,41590-36441,123.5,126.84087,37.19146
다사4111,day,0.678257,0.657568,1.0745,0.8929,0.1816,ok,0.0,3,4,3,0.4735,62.541,2024.0,328.0,0.1329,남양읍,0.1816,0.1816,0.7929,4,NEW_STOP,31240150,읍,67.83,65.76,506.0,41590-55681,315.9,126.84079,37.20047
다사4112,day,0.716778,0.572764,1.221,0.6025,0.6184,ok,0.0,4,4,3,0.1998,51.834,2840.0,898.0,0.1007,남양읍,0.6184,0.6184,0.83351,4,NEW_STOP,31240150,읍,71.68,57.28,710.0,41590-55929,480.1,126.84071,37.20948
다사4113,day,0.604216,0.826865,0.793,1.4726,-0.6796,ok,0.0,2,4,4,0.8415,122.273,329.0,1784.0,0.0942,남양읍,-0.6796,-0.6796,0.58471,3,ADD_FREQ,31240150,읍,60.42,82.69,82.2,41590-55255,95.1,126.84063,37.2185
다사4114,day,0.395376,0.531733,-0.0009,0.462,-0.4554,mid,0.0,2,2,3,0.05,48.731,33.0,63.0,0.303,남양읍,-0.4554,-0.463,0.3541,0,DRT,31240150,읍,39.54,53.17,8.2,41590-36043,605.4,126.84055,37.22751
다사4115,day,0.123377,0.011,-1.035,-1.321,0.132,mid,0.0,3,0,0,0.05,0.0,13.0,3.0,0.3846,비봉면,0.132,0.286,0.24675,0,DRT,31240330,면,12.34,1.1,3.2,41590-55363,1078.3,126.84048,37.23652
다사4116,day,0.280952,0.351159,-0.4359,-0.1563,-0.2203,mid,0.0,3,1,2,0.8328,2.525,118.0,50.0,0.4407,비봉면,-0.2203,-0.2797,0.48686,1,ADD_FREQ,31240330,면,28.1,35.12,29.5,41590-55363,100.3,126.8404,37.24554
다사4117,day,0.207983,0.32757,-0.7133,-0.237,-0.3086,mid,0.0,2,1,2,0.5967,3.361,43.0,17.0,0.5349,비봉면,-0.3086,-0.4763,0.38325,1,ADD_FREQ,31240330,면,20.8,32.76,10.8,41590-37610,242.0,126.84032,37.25455
다사4118,day,0.349501,0.39323,-0.1753,-0.0122,-0.1481,mid,0.0,3,2,2,0.419,8.569,113.0,17.0,0.5221,비봉면,-0.1481,-0.1631,0.48024,1,NEW_STOP,31240330,면,34.95,39.32,28.2,41590-55461,348.6,126.84024,37.26356
다사4200,day,0.565262,0.408143,0.6449,0.0389,0.6061,mid,0.0,4,3,2,0.6623,6.162,399.0,465.0,0.213,장안면,0.6061,0.6061,0.60877,3,ADD_FREQ,31240390,면,56.53,40.81,99.8,41590-36871,202.6,126.8529,37.10138
다사4201,day,0.214316,0.011,-0.6893,-1.321,0.4174,mid,0.0,4,1,0,0.05,0.0,59.0,301.0,0.4237,장안면,0.4174,0.6318,0.42863,1,DRT,31240390,면,21.43,1.1,14.8,41590-36846,807.9,126.85283,37.1104
다사4202,day,0.274896,0.011,-0.459,-1.321,0.6695,drt,0.0,4,1,0,0.05,0.0,253.0,619.0,0.0,팔탄면,0.6695,0.8621,0.54979,2,DRT,31240380,면,27.49,1.1,63.2,41590-37443,858.6,126.85275,37.11941
다사4203,day,0.582137,0.667671,0.7091,0.9275,-0.2184,ok,0.0,3,3,4,0.8145,38.043,370.0,1431.0,0.0838,팔탄면,-0.2184,-0.2184,0.59376,3,ADD_FREQ,31240380,면,58.21,66.77,92.5,41590-36897,111.3,126.85267,37.12842
다사4204,day,0.248645,0.011,-0.5588,-1.321,0.5546,drt,0.0,4,1,0,0.05,0.0,157.0,857.0,0.0828,팔탄면,0.5546,0.7623,0.49729,2,DRT,31240380,면,24.86,1.1,39.2,41590-55008,935.2,126.8526,37.13744
다사4205,day,0.0,0.011,-1.5041,-1.321,-0.0,mid,0.0,3,0,0,0.05,0.0,0.0,0.0,0.0,팔탄면,-0.0,-0.183,0.0,0,DRT,31240380,면,0.0,1.1,0.0,41590-37356,990.0,126.85252,37.14645
다사4206,day,0.534382,0.436856,0.5275,0.1372,0.3904,mid,0.0,4,3,2,0.7157,7.135,335.0,762.0,0.1313,팔탄면,0.3904,0.3904,0.58335,3,ADD_FREQ,31240380,면,53.44,43.69,83.8,41590-37547,170.6,126.85244,37.15546
다사4207,day,0.445629,0.586958,0.1901,0.6511,-0.461,mid,0.0,2,3,3,0.5142,33.982,100.0,473.0,0.25,남양읍,-0.461,-0.461,0.46315,1,ADD_FREQ,31240150,읍,44.56,58.7,25.0,41590-55889,291.5,126.85236,37.16448
다사4208,day,0.409847,0.300298,0.0541,-0.3304,0.3845,mid,0.0,4,2,1,0.0587,7.637,312.0,843.0,0.1186,남양읍,0.3845,0.3845,0.57335,3,DRT,31240150,읍,40.98,30.03,78.0,41590-55653,564.8,126.85229,37.17349
다사4209,day,0.598769,0.501389,0.7723,0.3581,0.4142,ok,0.0,4,4,2,0.551,16.324,648.0,1383.0,0.2037,남양읍,0.4142,0.4142,0.66375,4,ADD_FREQ,31240150,읍,59.88,50.14,162.0,41590-36050,269.4,126.85221,37.18251
다사4210,day,0.453769,0.404981,0.2211,0.028,0.193,mid,0.0,3,3,2,0.1228,16.039,436.0,746.0,0.1239,남양읍,0.193,0.193,0.61858,3,DRT,31240150,읍,45.38,40.5,109.0,41590-55152,526.3,126.85213,37.19152
다사4211,day,0.236943,0.542705,-0.6032,0.4996,-0.7777,over,0.0,1,1,3,0.5133,24.134,71.0,279.0,0.2113,남양읍,-0.7777,-1.1029,0.42988,1,ADD_FREQ,31240150,읍,23.69,54.27,17.8,41590-55155,292.0,126.85206,37.20053
다사4212,day,0.562546,0.555834,0.6346,0.5446,0.09,ok,0.0,3,3,3,0.4155,31.596,402.0,1662.0,0.4254,남양읍,0.09,0.09,0.61231,3,NEW_STOP,31240150,읍,56.25,55.58,100.5,41590-36052,350.7,126.85198,37.20955
다사4213,day,0.566199,0.418464,0.6485,0.0742,0.5743,mid,0.0,4,3,2,0.441,10.151,380.0,2522.0,0.0132,남양읍,0.5743,0.5743,0.59803,3,NEW_STOP,31240150,읍,56.62,41.85,95.0,41590-55345,335.4,126.8519,37.21856
다사4214,day,0.509764,0.611893,0.434,0.7365,-0.3026,ok,0.0,2,3,3,0.117,80.241,163.0,552.0,0.2577,비봉면,-0.3026,-0.3026,0.51536,2,DRT,31240330,면,50.98,61.19,40.8,41590-55393,529.8,126.85183,37.22757
다사4215,day,0.243827,0.134305,-0.5771,-0.8988,0.2311,drt,0.0,3,1,1,0.05,1.522,108.0,27.0,0.5093,비봉면,0.2311,0.3217,0.47446,1,DRT,31240330,면,24.38,13.43,27.0,41590-55829,687.6,126.85175,37.23659
다사4216,day,0.289618,0.465575,-0.403,0.2355,-0.513,mid,0.0,2,1,2,0.5407,12.47,138.0,45.0,0.5435,비봉면,-0.513,-0.6385,0.50878,2,ADD_FREQ,31240330,면,28.96,46.56,34.5,41590-55828,275.6,126.85167,37.2456
다사4217,day,0.312317,0.605944,-0.3167,0.7162,-0.8715,over,0.0,1,2,3,0.6632,30.543,123.0,51.0,0.3577,비봉면,-0.8715,-1.0329,0.48442,1,ADD_FREQ,31240330,면,31.23,60.59,30.8,41590-55871,202.1,126.85159,37.25461
다사4218,day,0.063493,0.192787,-1.2627,-0.6986,-0.169,mid,0.0,3,0,1,0.05,2.911,0.0,15.0,0.0,비봉면,-0.169,-0.5641,0.0,0,DRT,31240330,면,6.35,19.28,0.0,41590-55833,631.4,126.85152,37.26363
다사4300,day,0.560368,0.550544,0.6263,0.5265,0.0999,mid,0.0,3,3,3,0.8055,15.458,278.0,970.0,0.1403,장안면,0.0999,0.0999,0.56343,3,ADD_FREQ,31240390,면,56.04,55.05,69.5,41590-36706,116.7,126.86416,37.10144
다사4301,day,0.288999,0.120624,-0.4053,-0.9457,0.4335,drt,0.0,4,1,1,0.05,1.276,155.0,1232.0,0.0645,팔탄면,0.4335,0.5403,0.50057,2,DRT,31240380,면,28.9,12.06,38.8,41590-36845,766.6,126.86408,37.11046
다사4302,day,0.422226,0.567096,0.1012,0.5831,-0.482,mid,0.0,2,2,3,0.5557,27.144,128.0,396.0,0.2422,팔탄면,-0.482,-0.482,0.49634,2,ADD_FREQ,31240380,면,42.22,56.71,32.0,41590-36899,266.6,126.864,37.11947
다사4303,day,0.550898,0.557132,0.5903,0.549,0.0413,ok,0.0,3,3,3,0.5762,24.248,351.0,1155.0,0.0456,팔탄면,0.0413,0.0413,0.5853,3,ADD_FREQ,31240380,면,55.09,55.71,87.8,41590-55650,254.3,126.86393,37.12848
다사4304,day,0.560628,0.583574,0.6273,0.6396,-0.0122,ok,0.0,3,3,3,0.8347,19.095,403.0,924.0,0.2605,팔탄면,-0.0122,-0.0122,0.61023,3,ADD_FREQ,31240380,면,56.06,58.36,100.8,41590-55649,99.2,126.86385,37.1375
다사4305,day,0.233916,0.020143,-0.6148,-1.2897,0.472,drt,0.0,4,1,1,0.05,0.071,103.0,196.0,0.2233,팔탄면,0.472,0.675,0.46483,1,DRT,31240380,면,23.39,2.01,25.8,41590-55846,740.9,126.86378,37.14651
다사4306,day,0.511637,0.11858,0.4411,-0.9527,1.3937,need,1.8821,6,3,1,0.539,0.0,355.0,923.0,0.2394,팔탄면,1.3937,1.3937,0.59606,3,ADD_FREQ,31240380,면,51.16,11.86,88.8,41590-36930,276.6,126.8637,37.15553
다사4307,day,0.409124,0.011,0.0513,-1.321,1.3724,mid,0.0,6,2,0,0.05,0.0,187.0,600.0,0.1658,팔탄면,1.3724,1.3724,0.52648,2,DRT,31240380,면,40.91,1.1,46.8,41590-55644,573.5,126.86363,37.16454
다사4308,day,0.252065,0.205179,-0.5458,-0.6561,0.081,drt,0.0,3,1,1,0.7463,0.36,123.0,139.0,0.4634,남양읍,0.081,0.1104,0.48941,2,ADD_FREQ,31240150,읍,25.21,20.52,30.8,41590-37173,152.2,126.86355,37.17355
다사4309,day,0.548292,0.442096,0.5804,0.1551,0.4253,mid,0.0,4,3,2,0.5788,9.605,296.0,2064.0,0.1588,팔탄면,0.4253,0.4253,0.57222,3,ADD_FREQ,31240380,면,54.83,44.21,74.0,41590-37164,252.7,126.86348,37.18257
다사4310,day,0.342133,0.169618,-0.2033,-0.7779,0.5144,mid,0.0,4,2,1,0.05,2.287,240.0,398.0,0.1708,팔탄면,0.5144,0.5746,0.54776,2,DRT,31240380,면,34.21,16.96,60.0,41590-60085,671.9,126.8634,37.19158
다사4311,day,0.326907,0.468901,-0.2612,0.2469,-0.4417,mid,0.0,2,2,2,0.5328,12.99,84.0,464.0,0.0595,비봉면,-0.4417,-0.5081,0.44062,1,ADD_FREQ,31240330,면,32.69,46.89,21.0,41590-37648,280.3,126.86332,37.20059
다사4312,day,0.431196,0.491768,0.1353,0.3252,-0.1899,mid,0.0,3,3,2,0.4128,19.246,186.0,678.0,0.1667,남양읍,-0.1899,-0.1899,0.52211,2,NEW_STOP,31240150,읍,43.12,49.18,46.5,41590-37035,352.3,126.86325,37.20961
다사4313,day,0.418523,0.346238,0.0871,-0.1731,0.2602,mid,0.0,4,2,2,0.2152,8.416,210.0,1179.0,0.0619,비봉면,0.2602,0.2602,0.52823,2,NEW_STOP,31240330,면,41.85,34.62,52.5,41590-55842,470.9,126.86317,37.21862
다사4314,day,0.542893,0.813938,0.5599,1.4284,-0.8685,ok,0.0,1,3,4,0.4987,196.012,163.0,145.0,0.2822,비봉면,-0.8685,-0.8685,0.51754,2,NEW_STOP,31240330,면,54.29,81.39,40.8,41590-55087,300.8,126.8631,37.22763
다사4315,day,0.715592,0.961798,1.2165,1.9347,-0.7182,ok,0.0,1,4,4,0.8975,308.286,1253.0,521.0,0.2338,비봉면,-0.7182,-0.7182,0.74149,4,ADD_FREQ,31240330,면,71.56,96.18,313.2,41590-37161,61.5,126.86302,37.23665
다사4316,day,0.552417,0.437326,0.5961,0.1388,0.4573,mid,0.0,4,3,2,0.4127,12.461,550.0,30.0,0.1927,비봉면,0.4573,0.4573,0.64283,3,NEW_STOP,31240330,면,55.24,43.73,137.5,41590-60124,352.4,126.86295,37.24566
다사4317,day,0.409953,0.248918,0.0545,-0.5064,0.5609,mid,0.0,4,2,1,0.05,4.959,93.0,8.0,0.5269,비봉면,0.5609,0.5609,0.4444,1,DRT,31240330,면,41.0,24.89,23.2,41590-60123,651.7,126.86287,37.25467
다사4318,day,0.0059,0.140853,-1.4816,-0.8764,-0.0387,mid,0.0,3,0,1,0.05,1.649,0.0,3.0,0.0,비봉면,-0.0387,-0.6052,0.0,0,DRT,31240330,면,0.59,14.09,0.0,41590-37187,635.0,126.86279,37.26369
다사4400,day,0.319125,0.094149,-0.2908,-1.0363,0.6379,mid,0.0,4,2,1,0.05,0.866,153.0,398.0,0.2353,장안면,0.6379,0.7455,0.49666,2,DRT,31240390,면,31.91,9.41,38.2,41590-37179,777.8,126.87541,37.1015
다사4401,day,0.542672,0.651493,0.5591,0.8721,-0.3131,ok,0.0,2,3,3,0.4695,60.112,174.0,515.0,0.1667,팔탄면,-0.3131,-0.3131,0.50458,2,NEW_STOP,31240380,면,54.27,65.15,43.5,41590-36898,318.3,126.87533,37.11052
다사4402,day,0.389777,0.508272,-0.0222,0.3817,-0.3936,mid,0.0,2,2,3,0.3692,23.627,252.0,236.0,0.3333,팔탄면,-0.3936,-0.4039,0.56093,3,NEW_STOP,31240380,면,38.98,50.83,63.0,41590-37437,378.5,126.87526,37.11953
다사4403,day,0.169159,0.049713,-0.8609,-1.1885,0.1855,mid,0.0,3,0,1,0.05,0.337,28.0,105.0,0.1786,팔탄면,0.1855,0.3275,0.32624,0,DRT,31240380,면,16.92,4.97,7.0,41590-36735,761.2,126.87519,37.12854
다사4404,day,0.305617,0.132335,-0.3422,-0.9056,0.4687,mid,0.0,4,2,1,0.05,1.485,150.0,402.0,0.1533,팔탄면,0.4687,0.5634,0.49724,2,DRT,31240380,면,30.56,13.23,37.5,41590-55942,630.0,126.87511,37.13756
다사4405,day,0.355811,0.331225,-0.1513,-0.2245,0.0672,mid,0.0,3,2,2,0.5677,3.702,233.0,407.0,0.279,팔탄면,0.0672,0.0732,0.55278,3,ADD_FREQ,31240380,면,35.58,33.12,58.2,41590-55846,259.4,126.87504,37.14657
다사4406,day,0.432665,0.293311,0.1408,-0.3544,0.4952,mid,0.0,4,3,1,0.2182,5.299,239.0,299.0,0.1967,팔탄면,0.4952,0.4952,0.55612,3,NEW_STOP,31240380,면,43.27,29.33,59.8,41590-37052,469.1,126.87496,37.15559
다사4407,day,0.540556,0.302693,0.551,-0.3222,0.8732,need,0.91616,5,3,1,0.7827,1.662,281.0,1075.0,0.0641,팔탄면,0.8732,0.8732,0.56149,3,ADD_FREQ,31240380,면,54.06,30.27,70.2,41590-55642,130.4,126.87489,37.1646
다사4408,day,0.553516,0.535849,0.6003,0.4761,0.1241,ok,0.0,3,3,3,0.7083,16.304,364.0,1167.0,0.1346,팔탄면,0.1241,0.1241,0.59652,3,ADD_FREQ,31240380,면,55.35,53.58,91.0,41590-37182,175.0,126.87482,37.17361
다사4409,day,0.301838,0.100018,-0.3565,-1.0162,0.5444,drt,0.0,4,2,1,0.05,0.95,199.0,915.0,0.1809,팔탄면,0.5444,0.6597,0.52984,2,DRT,31240380,면,30.18,10.0,49.8,41590-60042,741.2,126.87474,37.18263
다사4410,day,0.424116,0.517632,0.1083,0.4138,-0.3054,mid,0.0,2,2,3,0.6548,15.487,134.0,420.0,0.2687,팔탄면,-0.3054,-0.3054,0.49721,2,ADD_FREQ,31240380,면,42.41,51.76,33.5,41590-36973,207.1,126.87467,37.19164
다사4411,day,0.518953,0.605417,0.4689,0.7144,-0.2455,ok,0.0,3,3,3,0.5735,35.43,280.0,693.0,0.2679,비봉면,-0.2455,-0.2455,0.56866,3,ADD_FREQ,31240330,면,51.9,60.54,70.0,41590-37713,255.9,126.87459,37.20065
다사4412,day,0.347937,0.367406,-0.1813,-0.1006,-0.073,mid,0.0,3,2,2,0.3118,8.409,121.0,194.0,0.3388,비봉면,-0.073,-0.0806,0.48414,1,NEW_STOP,31240330,면,34.79,36.74,30.2,41590-55823,412.9,126.87452,37.20967
다사4413,day,0.191663,0.495233,-0.7754,0.3371,-0.6834,over,0.0,2,0,2,0.4923,17.224,13.0,154.0,0.3846,비봉면,-0.6834,-1.1125,0.24675,0,NEW_STOP,31240330,면,19.17,49.52,3.2,41590-37755,304.6,126.87444,37.21868
다사4414,day,0.269,0.543296,-0.4814,0.5016,-0.7528,over,0.0,1,1,3,0.4117,28.858,133.0,114.0,0.3308,비봉면,-0.7528,-0.983,0.50036,2,NEW_STOP,31240330,면,26.9,54.33,33.2,41590-55380,353.0,126.87437,37.22769
다사4415,day,0.717854,0.945519,1.2251,1.8789,-0.6539,ok,0.0,2,4,4,0.9342,256.656,1105.0,955.0,0.181,비봉면,-0.6539,-0.6539,0.72584,4,ADD_FREQ,31240330,면,71.79,94.55,276.2,41590-37186,39.5,126.8743,37.23671
다사4416,day,0.769898,0.764234,1.4229,1.2582,0.1647,ok,0.0,3,4,4,0.8035,81.044,2017.0,304.0,0.2593,비봉면,0.1647,0.1647,0.79733,4,ADD_FREQ,31240330,면,76.99,76.42,504.2,41590-60020,117.9,126.87422,37.24572
다사4417,day,0.48085,0.627362,0.324,0.7895,-0.4655,ok,0.0,2,3,3,0.6063,39.684,78.0,66.0,0.5641,비봉면,-0.4655,-0.4655,0.45893,1,ADD_FREQ,31240330,면,48.08,62.74,19.5,41590-37729,236.2,126.87415,37.25473
다사4418,day,0.500425,0.663326,0.3984,0.9126,-0.5142,ok,0.0,2,3,4,0.4403,69.079,395.0,177.0,0.4025,매송면,-0.5142,-0.5142,0.61557,3,NEW_STOP,31240310,면,50.04,66.33,98.8,41590-37599,335.8,126.87407,37.26375
다사4419,day,0.205674,0.011,-0.7221,-1.321,0.3852,mid,0.0,4,1,0,0.05,0.0,48.0,3.0,0.6458,매송면,0.3852,0.5989,0.41135,1,DRT,31240310,면,20.57,1.1,12.0,41590-37187,658.7,126.874,37.27276
다사4500,day,0.253671,0.15433,-0.5397,-0.8303,0.2142,drt,0.0,3,1,1,0.7015,0.0,138.0,195.0,0.2246,팔탄면,0.2142,0.2906,0.50734,2,ADD_FREQ,31240380,면,25.37,15.43,34.5,41590-55480,179.1,126.88666,37.10156
다사4501,day,0.501031,0.501415,0.4008,0.3582,0.0425,ok,0.0,3,3,2,0.1828,30.815,188.0,149.0,0.2872,팔탄면,0.0425,0.0425,0.5268,2,NEW_STOP,31240380,면,50.1,50.14,47.0,41590-37206,490.3,126.88659,37.11058
다사4502,day,0.482179,0.638577,0.3291,0.8279,-0.4988,ok,0.0,2,3,3,0.6578,39.649,326.0,315.0,0.2301,팔탄면,-0.4988,-0.4988,0.58569,3,ADD_FREQ,31240380,면,48.22,63.86,81.5,41590-37216,205.3,126.88652,37.11959
다사4503,day,0.433864,0.568347,0.1454,0.5874,-0.442,mid,0.0,2,3,3,0.7165,20.786,604.0,526.0,0.1871,팔탄면,-0.442,-0.442,0.6545,3,ADD_FREQ,31240380,면,43.39,56.83,151.0,41590-37360,170.1,126.88644,37.1286
다사4504,day,0.435868,0.400709,0.153,0.0134,0.1396,mid,0.0,3,3,2,0.6707,5.681,203.0,1050.0,0.0493,팔탄면,0.1396,0.1396,0.52622,2,ADD_FREQ,31240380,면,43.59,40.07,50.8,41590-37413,197.6,126.88637,37.13762
다사4505,day,0.339135,0.237793,-0.2147,-0.5445,0.2935,mid,0.0,4,2,1,0.3498,2.342,305.0,723.0,0.2131,팔탄면,0.2935,0.3297,0.57654,3,NEW_STOP,31240380,면,33.91,23.78,76.2,41590-36451,390.1,126.8863,37.14663
다사4506,day,0.45294,0.46975,0.2179,0.2498,-0.0319,mid,0.0,3,3,2,0.7665,8.574,240.0,636.0,0.2167,팔탄면,-0.0319,-0.0319,0.55051,3,ADD_FREQ,31240380,면,45.29,46.97,60.0,41590-37402,140.1,126.88623,37.15564
다사4507,day,0.55429,0.158485,0.6032,-0.816,1.4193,need,1.77817,6,3,1,0.1745,1.462,266.0,2253.0,0.203,팔탄면,1.4193,1.4193,0.56543,3,NEW_STOP,31240380,면,55.43,15.85,66.5,41590-55911,495.3,126.88615,37.16466
다사4508,day,0.574812,0.524159,0.6813,0.4361,0.2451,ok,0.0,3,3,3,0.2975,30.228,645.0,2525.0,0.0636,팔탄면,0.2451,0.2451,0.66076,3,NEW_STOP,31240380,면,57.48,52.42,161.2,41590-55004,421.5,126.88608,37.17367
다사4509,day,0.509948,0.732795,0.4347,1.1505,-0.7159,ok,0.0,1,3,4,0.7427,70.65,188.0,1200.0,0.1809,팔탄면,-0.7159,-0.7159,0.53005,2,ADD_FREQ,31240380,면,50.99,73.28,47.0,41590-55006,154.4,126.88601,37.18269
다사4510,day,0.564632,0.658823,0.6425,0.8972,-0.2547,ok,0.0,2,3,3,0.4937,61.042,321.0,1293.0,0.1371,팔탄면,-0.2547,-0.2547,0.58136,3,NEW_STOP,31240380,면,56.46,65.88,80.2,41590-37209,303.8,126.88593,37.1917
다사4511,day,0.46267,0.682637,0.2549,0.9788,-0.7239,ok,0.0,1,3,4,0.9675,32.934,111.0,755.0,0.3243,비봉면,-0.7239,-0.7239,0.4769,1,ADD_FREQ,31240330,면,46.27,68.26,27.8,41590-37213,19.5,126.88586,37.20071
다사4512,day,0.20557,0.011,-0.7225,-1.321,0.3848,mid,0.0,4,1,0,0.05,0.0,63.0,8.0,0.4127,비봉면,0.3848,0.5985,0.41114,1,DRT,31240330,면,20.56,1.1,15.8,41590-36712,956.6,126.88579,37.20973
다사4513,day,0.172855,0.011,-0.8469,-1.321,0.2724,mid,0.0,4,0,0,0.05,0.0,36.0,0.0,0.0,비봉면,0.2724,0.4741,0.34571,0,DRT,31240330,면,17.29,1.1,9.0,41590-37755,1009.1,126.88571,37.21874
다사4514,day,0.0,0.322134,-1.5041,-0.2557,-0.0,mid,0.0,3,0,2,0.05,9.321,0.0,0.0,0.0,비봉면,-0.0,-1.2484,0.0,0,DRT,31240330,면,0.0,32.21,0.0,41590-37188,664.5,126.88564,37.22775
다사4515,day,0.270521,0.578426,-0.4756,0.6219,-0.8435,over,0.0,1,1,3,0.2057,53.598,13.0,14.0,1.1538,비봉면,-0.8435,-1.0975,0.27792,0,NEW_STOP,31240330,면,27.05,57.84,3.2,41590-37207,476.6,126.88557,37.23677
다사4516,day,0.349713,0.529488,-0.1745,0.4544,-0.5711,mid,0.0,2,2,3,0.3822,27.263,93.0,160.0,0.5806,비봉면,-0.5711,-0.6289,0.47221,1,NEW_STOP,31240330,면,34.97,52.95,23.2,41590-37612,370.7,126.8855,37.24578
다사4517,day,0.137398,0.130062,-0.9817,-0.9134,-0.0338,mid,0.0,3,0,1,0.05,1.443,8.0,3.0,0.625,비봉면,-0.0338,-0.0683,0.20636,0,DRT,31240330,면,13.74,13.01,2.0,41590-37218,641.1,126.88542,37.25479
다사4518,day,0.606507,0.764343,0.8017,1.2586,-0.4568,ok,0.0,2,4,4,0.6235,109.516,846.0,172.0,0.2801,매송면,-0.4568,-0.4568,0.69818,4,ADD_FREQ,31240310,면,60.65,76.43,211.5,41590-37614,225.9,126.88535,37.26381
다사4519,day,0.44883,0.60655,0.2023,0.7182,-0.5159,mid,0.0,2,3,3,0.5547,36.901,123.0,256.0,0.3171,매송면,-0.5159,-0.5159,0.49582,2,ADD_FREQ,31240310,면,44.88,60.66,30.8,41590-37215,267.2,126.88528,37.27282
다사4520,day,0.369432,0.546071,-0.0996,0.5111,-0.5748,mid,0.0,2,2,3,0.776,15.709,190.0,703.0,0.3947,매송면,-0.5748,-0.6107,0.52571,2,ADD_FREQ,31240310,면,36.94,54.61,47.5,41590-37210,134.4,126.8852,37.28183
다사4600,day,0.900137,0.824821,1.9181,1.4656,0.4524,ok,0.0,4,4,4,0.5748,187.518,8452.0,738.0,0.0745,향남읍,0.4524,0.4524,0.96058,4,ADD_FREQ,31240140,읍,90.01,82.48,2113.0,41590-55483,255.1,126.89792,37.10162
다사4601,day,0.726517,0.655856,1.258,0.8871,0.3709,ok,0.0,4,4,3,0.5798,51.633,2852.0,384.0,0.0624,향남읍,0.3709,0.3709,0.83237,4,ADD_FREQ,31240140,읍,72.65,65.59,713.0,41590-36762,252.1,126.89784,37.11063
다사4602,day,0.544095,0.586984,0.5645,0.6512,-0.0868,ok,0.0,3,3,3,0.2963,49.127,1428.0,57.0,0.0357,향남읍,-0.0868,-0.0868,0.75253,4,NEW_STOP,31240140,읍,54.41,58.7,357.0,41590-37225,422.2,126.89777,37.11965
다사4603,day,0.843649,0.771938,1.7033,1.2846,0.4187,ok,0.0,4,4,4,0.5385,133.616,5910.0,721.0,0.1291,향남읍,0.4187,0.4187,0.92116,4,ADD_FREQ,31240140,읍,84.36,77.19,1477.5,41590-36908,276.9,126.8977,37.12866
다사4604,day,0.440058,0.668103,0.1689,0.929,-0.7601,mid,0.0,1,3,4,0.6782,48.054,216.0,714.0,0.5509,향남읍,-0.7601,-0.7601,0.5445,2,ADD_FREQ,31240140,읍,44.01,66.81,54.0,41590-55114,193.1,126.89763,37.13767
다사4605,day,0.452397,0.753891,0.2159,1.2228,-1.0069,mid,0.0,1,3,4,0.6912,90.383,153.0,436.0,0.1895,팔탄면,-1.0069,-1.0069,0.50297,2,ADD_FREQ,31240380,면,45.24,75.39,38.2,41590-37234,185.3,126.89756,37.14669
다사4606,day,0.527426,0.793889,0.5011,1.3597,-0.8586,ok,0.0,1,3,4,0.773,106.778,135.0,581.0,0.1333,팔탄면,-0.8586,-0.8586,0.4811,1,ADD_FREQ,31240380,면,52.74,79.39,33.8,41590-36803,136.2,126.89749,37.1557
다사4607,day,0.669787,0.660036,1.0423,0.9014,0.1409,ok,0.0,3,4,4,0.528,58.16,739.0,2845.0,0.161,팔탄면,0.1409,0.1409,0.67925,4,ADD_FREQ,31240380,면,66.98,66.0,184.8,41590-55387,283.2,126.89742,37.16472
다사4608,day,0.559108,0.503115,0.6215,0.3641,0.2575,ok,0.0,4,3,2,0.2502,27.834,318.0,1387.0,0.1069,팔탄면,0.2575,0.2575,0.57944,3,NEW_STOP,31240380,면,55.91,50.31,79.5,41590-55876,449.9,126.89734,37.17373
다사4609,day,0.245965,0.011,-0.5689,-1.321,0.5434,drt,0.0,4,1,0,0.05,0.0,133.0,103.0,0.2331,팔탄면,0.5434,0.7521,0.49193,2,DRT,31240380,면,24.6,1.1,33.2,41590-37766,852.4,126.89727,37.18274
다사4610,day,0.341499,0.235659,-0.2058,-0.5518,0.3094,mid,0.0,4,2,1,0.3445,2.318,134.0,593.0,0.2687,팔탄면,0.3094,0.346,0.49002,2,NEW_STOP,31240380,면,34.15,23.57,33.5,41590-37249,393.3,126.8972,37.19176
다사4611,day,0.403585,0.574653,0.0303,0.609,-0.5769,mid,0.0,2,2,3,0.77,19.911,193.0,289.0,0.5078,비봉면,-0.5769,-0.5787,0.53459,2,ADD_FREQ,31240330,면,40.36,57.47,48.2,41590-37233,138.0,126.89713,37.20077
다사4612,day,0.215001,0.060619,-0.6867,-1.1511,0.3075,mid,0.0,4,1,1,0.05,0.451,58.0,30.0,0.5862,비봉면,0.3075,0.4645,0.4189,1,DRT,31240330,면,21.5,6.06,14.5,41590-37226,753.7,126.89706,37.20978
다사4613,day,0.103478,0.011,-1.1107,-1.321,0.0866,mid,0.0,3,0,0,0.05,0.0,8.0,0.0,0.625,비봉면,0.0866,0.2104,0.20696,0,DRT,31240330,면,10.35,1.1,2.0,41590-37226,1665.6,126.89699,37.2188
다사4614,day,0.190107,0.011,-0.7813,-1.321,0.3298,mid,0.0,4,0,0,0.05,0.0,28.0,3.0,0.8214,비봉면,0.3298,0.5397,0.38021,1,DRT,31240330,면,19.01,1.1,7.0,41590-37246,852.0,126.89691,37.22781
다사4615,day,0.288433,0.340693,-0.4075,-0.1921,-0.1726,mid,0.0,3,1,2,0.4233,5.406,218.0,120.0,0.4587,비봉면,-0.1726,-0.2154,0.54886,2,NEW_STOP,31240330,면,28.84,34.07,54.5,41590-37246,346.0,126.89684,37.23682
다사4616,day,0.467321,0.777628,0.2726,1.304,-1.0315,ok,0.0,1,3,4,0.5388,139.41,196.0,127.0,0.4235,비봉면,-1.0315,-1.0315,0.5313,2,ADD_FREQ,31240330,면,46.73,77.76,49.0,41590-37237,276.7,126.89677,37.24584
다사4617,day,0.280289,0.683884,-0.4385,0.983,-1.118,over,0.0,1,1,4,0.9125,36.508,113.0,67.0,0.4425,매송면,-1.118,-1.4215,0.48823,2,ADD_FREQ,31240310,면,28.03,68.39,28.2,41590-37180,52.5,126.8967,37.25485
다사4618,day,0.185099,0.011,-0.8003,-1.321,0.3127,mid,0.0,4,0,0,0.05,0.0,28.0,72.0,0.5357,매송면,0.3127,0.5207,0.3702,1,DRT,31240310,면,18.51,1.1,7.0,41590-37178,819.1,126.89663,37.26387
다사4619,day,0.225896,0.011,-0.6452,-1.321,0.462,drt,0.0,4,1,0,0.05,0.0,68.0,54.0,0.4559,매송면,0.462,0.6758,0.45179,1,DRT,31240310,면,22.59,1.1,17.0,41590-37215,893.0,126.89655,37.27288
다사4620,day,0.15671,0.13915,-0.9083,-0.8822,-0.014,mid,0.0,3,0,1,0.6325,0.0,23.0,50.0,0.6522,매송면,-0.014,-0.026,0.31342,0,ADD_FREQ,31240310,면,15.67,13.92,5.8,41590-55421,220.5,126.89648,37.28189
다사4700,day,0.698802,0.677465,1.1526,0.9611,0.1916,ok,0.0,3,4,4,0.7945,42.43,3003.0,192.0,0.0982,향남읍,0.1916,0.1916,0.83911,4,ADD_FREQ,31240140,읍,69.88,67.75,750.8,41590-60091,123.3,126.90917,37.10168
다사4701,day,0.905051,0.894237,1.9367,1.7033,0.2334,ok,0.0,3,4,4,0.7415,240.022,6976.0,1413.0,0.0626,향남읍,0.2334,0.2334,0.93834,4,ADD_FREQ,31240140,읍,90.51,89.42,1744.0,41590-55323,155.1,126.9091,37.11069
다사4702,day,0.926642,0.790699,2.0188,1.3488,0.67,ok,0.0,4,4,4,0.5973,139.621,7845.0,1928.0,0.0857,향남읍,0.67,0.67,0.95276,4,ADD_FREQ,31240140,읍,92.66,79.07,1961.2,41590-55288,241.6,126.90903,37.1197
다사4703,day,0.965224,0.925139,2.1655,1.8091,0.3564,ok,0.0,4,4,4,0.849,253.498,6447.0,3058.0,0.1053,향남읍,0.3564,0.3564,0.93045,4,ADD_FREQ,31240140,읍,96.52,92.51,1611.8,41590-37265,90.6,126.90896,37.12872
다사4704,day,0.947521,0.859052,2.0982,1.5829,0.5154,ok,0.0,4,4,4,0.7952,168.415,4724.0,839.0,0.1397,향남읍,0.5154,0.5154,0.89504,4,ADD_FREQ,31240140,읍,94.75,85.91,1181.0,41590-36626,122.9,126.90889,37.13773
다사4705,day,0.19274,0.011,-0.7713,-1.321,0.339,mid,0.0,4,0,0,0.05,0.0,53.0,27.0,0.0943,향남읍,0.339,0.5497,0.38548,1,DRT,31240140,읍,19.27,1.1,13.2,41590-37240,865.4,126.90882,37.14674
다사4706,day,0.408905,0.393857,0.0505,-0.0101,0.0606,mid,0.0,3,2,2,0.0758,15.939,93.0,313.0,0.3011,팔탄면,0.0606,0.0606,0.45884,1,DRT,31240380,면,40.89,39.39,23.2,41590-37257,554.5,126.90875,37.15576
다사4707,day,0.683212,0.53965,1.0934,0.4892,0.6042,ok,0.0,4,4,3,0.252,36.812,1369.0,485.0,0.1936,팔탄면,0.6042,0.6042,0.7523,4,NEW_STOP,31240380,면,68.32,53.97,342.2,41590-55713,448.8,126.90868,37.16477
다사4708,day,0.409751,0.51732,0.0537,0.4127,-0.359,mid,0.0,2,2,3,0.6728,14.967,326.0,453.0,0.2515,팔탄면,-0.359,-0.359,0.58474,3,ADD_FREQ,31240380,면,40.98,51.73,81.5,41590-55878,196.3,126.90861,37.17379
다사4709,day,0.41392,0.492454,0.0696,0.3275,-0.258,mid,0.0,2,2,2,0.7063,11.537,338.0,52.0,0.2811,팔탄면,-0.258,-0.258,0.59278,3,ADD_FREQ,31240380,면,41.39,49.25,84.5,41590-55702,176.2,126.90854,37.1828
다사4710,day,0.398345,0.506726,0.0104,0.3764,-0.3618,mid,0.0,2,2,2,0.8463,10.075,261.0,101.0,0.2989,팔탄면,-0.3618,-0.3661,0.56501,3,ADD_FREQ,31240380,면,39.83,50.67,65.2,41590-55765,92.2,126.90847,37.19181
다사4711,day,0.210503,0.287749,-0.7038,-0.3734,-0.2157,mid,0.0,3,1,1,0.398,3.49,33.0,12.0,0.697,봉담읍,-0.2157,-0.3304,0.36639,0,NEW_STOP,31240120,읍,21.05,28.77,8.2,41590-36055,361.2,126.9084,37.20083
다사4712,day,0.072404,0.011,-1.2288,-1.321,0.0301,mid,0.0,3,0,0,0.05,0.0,5.0,0.0,1.0,봉담읍,0.0301,0.0923,0.14481,0,DRT,31240120,읍,7.24,1.1,1.2,41590-36055,1316.8,126.90833,37.20984
다사4713,day,0.0,0.011,-1.5041,-1.321,-0.0,mid,0.0,3,0,0,0.05,0.0,0.0,0.0,0.0,봉담읍,-0.0,-0.183,0.0,0,DRT,31240120,읍,0.0,1.1,0.0,41590-36596,1541.0,126.90826,37.21885
다사4714,day,0.0,0.354484,-1.5041,-0.1449,-0.0,mid,0.0,3,0,2,0.05,12.156,0.0,0.0,0.0,비봉면,-0.0,-1.3592,0.0,0,DRT,31240330,면,0.0,35.45,0.0,41590-37246,620.1,126.90819,37.22787
다사4715,day,0.150445,0.407442,-0.9321,0.0365,-0.5084,mid,0.0,2,0,2,0.06,18.253,28.0,8.0,0.3571,비봉면,-0.5084,-0.9685,0.29393,0,DRT,31240330,면,15.04,40.74,7.0,41590-37246,564.0,126.90812,37.23688
다사4716,day,0.581409,0.676138,0.7063,0.9565,-0.2502,ok,0.0,2,3,4,0.4123,79.798,113.0,90.0,0.4336,매송면,-0.2502,-0.2502,0.48897,2,NEW_STOP,31240310,면,58.14,67.61,28.2,41590-37565,352.6,126.90804,37.2459
다사4717,day,0.561391,0.719694,0.6302,1.1057,-0.4754,ok,0.0,2,3,4,0.5033,95.402,283.0,169.0,0.4064,매송면,-0.4754,-0.4754,0.5782,3,ADD_FREQ,31240310,면,56.14,71.97,70.8,41590-37263,298.0,126.90797,37.25491
다사4718,day,0.36173,0.688429,-0.1288,0.9986,-1.0466,mid,0.0,1,2,4,0.4718,79.315,104.0,72.0,0.5096,매송면,-1.0466,-1.1274,0.47407,1,NEW_STOP,31240310,면,36.17,68.84,26.0,41590-60112,316.9,126.9079,37.26392
다사4719,day,0.165259,0.524835,-0.8758,0.4384,-0.7332,mid,0.0,1,0,3,0.8522,11.565,0.0,90.0,0.0,매송면,-0.7332,-1.3142,0.0,0,ADD_FREQ,31240310,면,16.53,52.48,0.0,41590-60038,88.7,126.90783,37.27294
다사4720,day,0.2879,0.635803,-0.4095,0.8184,-0.9827,over,0.0,1,1,3,0.9187,24.885,93.0,46.0,0.5054,매송면,-0.9827,-1.2279,0.45912,1,ADD_FREQ,31240310,면,28.79,63.58,23.2,41590-55421,48.8,126.90776,37.28195
다사4800,day,0.300018,0.314424,-0.3635,-0.2821,-0.0669,mid,0.0,3,2,2,0.1512,7.243,113.0,130.0,0.3894,향남읍,-0.0669,-0.0814,0.47636,1,NEW_STOP,31240140,읍,30.0,31.44,28.2,41590-60048,509.3,126.92042,37.10173
다사4801,day,0.779892,0.778494,1.4609,1.307,0.1539,ok,0.0,3,4,4,0.8968,77.272,6782.0,427.0,0.0653,향남읍,0.1539,0.1539,0.9354,4,ADD_FREQ,31240140,읍,77.99,77.85,1695.5,41590-55332,61.9,126.92035,37.11075
다사4802,day,0.840142,0.856527,1.69,1.5742,0.1158,ok,0.0,3,4,4,0.7558,176.385,4646.0,729.0,0.1408,향남읍,0.1158,0.1158,0.89243,4,ADD_FREQ,31240140,읍,84.01,85.65,1161.5,41590-37281,146.5,126.92028,37.11976
다사4803,day,1.0,0.96106,2.2977,1.9322,0.3656,ok,0.0,4,4,4,0.823,564.115,17194.0,4345.0,0.0803,향남읍,0.3656,0.3656,1.0,4,ADD_FREQ,31240140,읍,100.0,96.11,4298.5,41590-55084,106.2,126.92022,37.12877
다사4804,day,0.790446,0.854699,1.501,1.5679,-0.0669,ok,0.0,3,4,4,0.6785,197.789,1412.0,1673.0,0.2486,향남읍,-0.0669,-0.0669,0.7553,4,ADD_FREQ,31240140,읍,79.04,85.47,353.0,41590-55368,192.9,126.92015,37.13779
다사4805,day,0.557443,0.751014,0.6152,1.2129,-0.5977,ok,0.0,2,3,4,0.7257,83.482,548.0,219.0,0.323,팔탄면,-0.5977,-0.5977,0.64645,3,ADD_FREQ,31240380,면,55.74,75.1,137.0,41590-36764,164.6,126.92008,37.1468
다사4806,day,0.530958,0.361792,0.5145,-0.1199,0.6344,mid,0.0,4,3,2,0.242,9.123,543.0,1787.0,0.1087,봉담읍,0.6344,0.6344,0.63907,3,NEW_STOP,31240120,읍,53.1,36.18,135.8,41590-36620,454.8,126.92001,37.15581
다사4807,day,0.383583,0.504719,-0.0458,0.3695,-0.4005,mid,0.0,2,2,2,0.8335,10.143,140.0,442.0,0.2071,봉담읍,-0.4005,-0.4153,0.49141,2,ADD_FREQ,31240120,읍,38.36,50.47,35.0,41590-55729,99.9,126.91994,37.16483
다사4808,day,0.070494,0.011,-1.2361,-1.321,0.0273,mid,0.0,3,0,0,0.05,0.0,5.0,5.0,0.0,봉담읍,0.0273,0.085,0.13116,0,DRT,31240120,읍,7.05,1.1,1.2,41590-55788,606.3,126.91987,37.17384
다사4809,day,0.209953,0.011,-0.7059,-1.321,0.401,mid,0.0,4,1,0,0.05,0.0,56.0,57.0,0.4643,팔탄면,0.401,0.6152,0.41991,1,DRT,31240380,면,21.0,1.1,14.0,41590-55881,1097.3,126.9198,37.18286
다사4810,day,0.193606,0.063886,-0.768,-1.14,0.23,mid,0.0,3,0,1,0.05,0.487,38.0,41.0,0.4737,봉담읍,0.23,0.3719,0.36856,1,DRT,31240120,읍,19.36,6.39,9.5,41590-55851,750.6,126.91973,37.19187
다사4811,day,0.399482,0.5619,0.0147,0.5653,-0.5453,mid,0.0,2,2,3,0.7338,19.172,148.0,192.0,0.2973,봉담읍,-0.5453,-0.5507,0.49955,2,ADD_FREQ,31240120,읍,39.95,56.19,37.0,41590-36060,159.7,126.91967,37.20088
다사4812,day,0.225391,0.011,-0.6472,-1.321,0.46,drt,0.0,4,1,0,0.05,0.0,73.0,5.0,0.5753,봉담읍,0.46,0.6739,0.45078,1,DRT,31240120,읍,22.54,1.1,18.2,41590-36067,1054.9,126.9196,37.2099
다사4813,day,0.628712,0.181222,0.8862,-0.7382,1.6243,need,2.03962,6,4,1,0.05,2.586,1828.0,31.0,0.0569,봉담읍,1.6243,1.6243,0.78206,4,DRT,31240120,읍,62.87,18.12,457.0,41590-36596,688.7,126.91953,37.21891
다사4814,day,0.721446,0.300944,1.2387,-0.3282,1.5669,need,2.02058,6,4,1,0.05,7.804,2827.0,149.0,0.0481,봉담읍,1.5669,1.5669,0.83238,4,DRT,31240120,읍,72.14,30.09,706.8,41590-36596,656.8,126.91946,37.22792
다사4815,day,0.280924,0.420014,-0.436,0.0795,-0.4061,mid,0.0,2,1,2,0.2592,14.23,113.0,5.0,0.4867,봉담읍,-0.4061,-0.5155,0.48699,1,NEW_STOP,31240120,읍,28.09,42.0,28.2,41590-55779,444.5,126.91939,37.23694
다사4816,day,0.52949,0.679919,0.5089,0.9695,-0.4605,ok,0.0,2,3,4,0.2813,102.186,173.0,169.0,0.3295,매송면,-0.4605,-0.4605,0.52221,2,NEW_STOP,31240310,면,52.95,67.99,43.2,41590-37290,431.2,126.91932,37.24595
다사4817,day,0.494933,0.711362,0.3776,1.0771,-0.6996,ok,0.0,2,3,4,0.2772,130.539,175.0,119.0,0.3257,매송면,-0.6996,-0.6996,0.52433,2,NEW_STOP,31240310,면,49.49,71.14,43.8,41590-60114,433.7,126.91925,37.25496
다사4818,day,0.171902,0.474622,-0.8505,0.2665,-0.6394,mid,0.0,2,0,2,0.074,30.142,18.0,17.0,0.7222,매송면,-0.6394,-1.117,0.30843,0,DRT,31240310,면,17.19,47.46,4.5,41590-60083,555.6,126.91918,37.26398
다사4819,day,0.172059,0.011,-0.8499,-1.321,0.2698,mid,0.0,4,0,0,0.05,0.0,18.0,9.0,0.8333,매송면,0.2698,0.4711,0.34412,0,DRT,31240310,면,17.21,1.1,4.5,41590-60038,829.6,126.91911,37.27299
다사4820,day,0.0,0.011,-1.5041,-1.321,-0.0,mid,0.0,3,0,0,0.05,0.0,0.0,0.0,0.0,매송면,-0.0,-0.183,0.0,0,DRT,31240310,면,0.0,1.1,0.0,41590-55453,900.4,126.91904,37.28201
다사4900,day,0.389691,0.201658,-0.0225,-0.6682,0.6291,mid,0.0,4,2,1,0.1347,2.635,231.0,425.0,0.2251,양감면,0.6291,0.6457,0.54607,2,DRT,31240420,면,38.97,20.17,57.8,41590-36087,519.2,126.93168,37.10179
다사4901,day,0.489432,0.66769,0.3567,0.9276,-0.5709,ok,0.0,2,3,4,0.8812,33.98,421.0,418.0,0.285,향남읍,-0.5709,-0.5709,0.61335,3,ADD_FREQ,31240140,읍,48.94,66.77,105.2,41590-37307,71.3,126.93161,37.1108
다사4902,day,0.298592,0.072141,-0.3689,-1.1117,0.6087,drt,0.0,4,2,1,0.05,0.582,301.0,385.0,0.103,향남읍,0.6087,0.7428,0.57172,3,DRT,31240140,읍,29.86,7.21,75.2,41590-37980,747.8,126.93154,37.11981
다사4903,day,0.832807,0.713707,1.6621,1.0852,0.5769,ok,0.0,4,4,4,0.7022,65.383,8265.0,1262.0,0.0651,향남읍,0.5769,0.5769,0.958,4,ADD_FREQ,31240140,읍,83.28,71.37,2066.2,41590-37023,178.7,126.93147,37.12883
다사4904,day,0.346173,0.159912,-0.188,-0.8111,0.5622,mid,0.0,4,2,1,0.498,0.459,686.0,29.0,0.1924,향남읍,0.5622,0.6232,0.67117,4,NEW_STOP,31240140,읍,34.62,15.99,171.5,41590-55045,301.2,126.93141,37.13784
다사4905,day,0.327013,0.296392,-0.2608,-0.3438,0.0721,mid,0.0,3,2,1,0.319,4.458,216.0,561.0,0.2546,봉담읍,0.0721,0.083,0.53996,2,NEW_STOP,31240120,읍,32.7,29.64,54.0,41590-37009,408.6,126.93134,37.14686
다사4906,day,0.637926,0.501095,0.9212,0.3571,0.5641,ok,0.0,4,4,2,0.5068,17.593,740.0,1516.0,0.1284,팔탄면,0.5641,0.5641,0.67741,4,ADD_FREQ,31240380,면,63.79,50.11,185.0,41590-37302,295.9,126.93127,37.15587
다사4907,day,0.710381,0.786782,1.1967,1.3354,-0.1387,ok,0.0,3,4,4,0.8682,86.329,1082.0,540.0,0.2052,봉담읍,-0.1387,-0.1387,0.724,4,ADD_FREQ,31240120,읍,71.04,78.68,270.5,41590-36073,79.1,126.9312,37.16488
다사4908,day,0.691929,0.568393,1.1265,0.5876,0.5389,ok,0.0,4,4,3,0.6397,23.74,1524.0,845.0,0.2966,봉담읍,0.5389,0.5389,0.76546,4,ADD_FREQ,31240120,읍,69.19,56.84,381.0,41590-55707,216.2,126.93114,37.1739
다사4909,day,0.609326,0.397135,0.8125,0.0012,0.8113,need,1.21434,5,4,2,0.05,17.117,596.0,1302.0,0.2819,봉담읍,0.8113,0.8113,0.65554,3,DRT,31240120,읍,60.93,39.71,149.0,41590-36083,664.3,126.93107,37.18291
다사4910,day,0.494887,0.287192,0.3774,-0.3753,0.7527,need,1.06772,5,3,1,0.05,6.941,661.0,900.0,0.2254,봉담읍,0.7527,0.7527,0.66551,4,DRT,31240120,읍,49.49,28.72,165.2,41590-36090,701.1,126.931,37.19192
다사4911,day,0.363133,0.566392,-0.1235,0.5807,-0.6554,mid,0.0,2,2,3,0.613,24.468,133.0,363.0,0.3158,봉담읍,-0.6554,-0.7042,0.49963,2,ADD_FREQ,31240120,읍,36.31,56.64,33.2,41590-36072,232.2,126.93093,37.20094
다사4912,day,0.138362,0.068294,-0.978,-1.1249,0.073,mid,0.0,3,0,1,0.05,0.537,8.0,3.0,1.25,봉담읍,0.073,0.1468,0.27122,0,DRT,31240120,읍,13.84,6.83,2.0,41590-36069,754.4,126.93087,37.20995
다사4913,day,0.400705,0.275803,0.0193,-0.4143,0.4303,mid,0.0,4,2,1,0.3292,3.599,58.0,5.0,0.2759,봉담읍,0.4303,0.4336,0.39693,1,NEW_STOP,31240120,읍,40.07,27.58,14.5,41590-36080,402.5,126.9308,37.21896
다사4914,day,0.781277,0.663012,1.4662,0.9116,0.5546,ok,0.0,4,4,4,0.764,39.979,3560.0,133.0,0.0413,봉담읍,0.5546,0.5546,0.85973,4,ADD_FREQ,31240120,읍,78.13,66.3,890.0,41590-36070,141.6,126.93073,37.22798
다사4915,day,0.280197,0.393302,-0.4388,-0.012,-0.3356,mid,0.0,2,1,2,0.1352,14.295,123.0,18.0,0.4065,봉담읍,-0.3356,-0.4268,0.48918,2,DRT,31240120,읍,28.02,39.33,30.8,41590-55324,518.9,126.93066,37.23699
다사4916,day,0.697932,0.907699,1.1493,1.7494,-0.6001,ok,0.0,2,4,4,0.9492,188.262,872.0,258.0,0.3028,매송면,-0.6001,-0.6001,0.70203,4,ADD_FREQ,31240310,면,69.79,90.77,218.0,41590-37304,30.5,126.93059,37.24601
다사4917,day,0.541071,0.318003,0.553,-0.2698,0.8228,need,1.20486,5,3,2,0.05,9.006,918.0,123.0,0.2244,매송면,0.8228,0.8228,0.70524,4,DRT,31240310,면,54.11,31.8,229.5,41590-37298,739.8,126.93053,37.25502
다사5000,day,0.37966,0.470842,-0.0607,0.2535,-0.301,mid,0.0,2,2,2,0.6183,11.327,73.0,460.0,0.4247,양감면,-0.301,-0.3142,0.43661,1,ADD_FREQ,31240420,면,37.97,47.08,18.2,41590-36115,229.0,126.94293,37.10184
다사5001,day,0.355142,0.323566,-0.1539,-0.2508,0.0889,mid,0.0,3,2,2,0.124,8.233,130.0,424.0,0.2,향남읍,0.0889,0.0969,0.47704,1,DRT,31240140,읍,35.51,32.36,32.5,41590-37546,525.6,126.94286,37.11085
다사5002,day,0.490272,0.650156,0.3598,0.8676,-0.5077,ok,0.0,2,3,3,0.7813,35.162,219.0,778.0,0.3333,향남읍,-0.5077,-0.5077,0.5475,2,ADD_FREQ,31240140,읍,49.03,65.02,54.8,41590-36800,131.2,126.9428,37.11987
다사5003,day,0.476936,0.387945,0.3092,-0.0303,0.3395,mid,0.0,4,3,2,0.266,10.839,296.0,631.0,0.3074,향남읍,0.3395,0.3395,0.57643,3,NEW_STOP,31240140,읍,47.69,38.79,74.0,41590-37617,440.4,126.94273,37.12888
다사5004,day,0.419957,0.507076,0.0925,0.3776,-0.2851,mid,0.0,2,2,2,0.6992,13.157,198.0,370.0,0.0758,향남읍,-0.2851,-0.2851,0.53326,2,ADD_FREQ,31240140,읍,42.0,50.71,49.5,41590-36633,180.5,126.94266,37.13789
다사5005,day,0.351042,0.228429,-0.1695,-0.5765,0.3706,mid,0.0,4,2,1,0.172,3.178,282.0,389.0,0.2766,봉담읍,0.3706,0.4071,0.56693,3,NEW_STOP,31240120,읍,35.1,22.84,70.5,41590-55923,496.8,126.9426,37.14691
다사5006,day,0.214881,0.04841,-0.6871,-1.1929,0.3347,mid,0.0,4,1,1,0.05,0.324,60.0,3.0,0.0833,봉담읍,0.3347,0.5058,0.39559,1,DRT,31240120,읍,21.49,4.84,15.0,41590-55923,725.8,126.94253,37.15592
다사5007,day,0.340669,0.11266,-0.2089,-0.9729,0.6822,mid,0.0,4,2,1,0.05,1.144,314.0,52.0,0.1146,봉담읍,0.6822,0.764,0.57746,3,DRT,31240120,읍,34.07,11.27,78.5,41590-36078,743.2,126.94247,37.16494
다사5008,day,0.544116,0.584041,0.5646,0.6412,-0.0766,ok,0.0,3,3,3,0.4938,34.393,192.0,833.0,0.1875,봉담읍,-0.0766,-0.0766,0.52806,2,NEW_STOP,31240120,읍,54.41,58.4,48.0,41590-37639,303.7,126.9424,37.17395
다사5009,day,0.629804,0.546219,0.8903,0.5117,0.3787,ok,0.0,4,4,3,0.2895,36.338,505.0,1110.0,0.2535,봉담읍,0.3787,0.3787,0.63651,3,NEW_STOP,31240120,읍,62.98,54.62,126.2,41590-36091,426.3,126.94233,37.18296
다사5010,day,0.705482,0.681714,1.178,0.9756,0.2024,ok,0.0,3,4,4,0.5335,67.979,981.0,1398.0,0.2365,봉담읍,0.2024,0.2024,0.7129,4,ADD_FREQ,31240120,읍,70.55,68.17,245.2,41590-36097,279.9,126.94227,37.19198
다사5011,day,0.639974,0.745025,0.929,1.1924,-0.2634,ok,0.0,2,4,4,0.7307,79.106,325.0,1247.0,0.2769,봉담읍,-0.2634,-0.2634,0.58795,3,ADD_FREQ,31240120,읍,64.0,74.5,81.2,41590-36729,161.6,126.9422,37.20099
다사5012,day,0.582741,0.682899,0.7114,0.9797,-0.2683,ok,0.0,2,3,4,0.4458,79.43,357.0,80.0,0.014,봉담읍,-0.2683,-0.2683,0.57879,3,NEW_STOP,31240120,읍,58.27,68.29,89.2,41590-36111,332.5,126.94214,37.21
다사5013,day,0.933415,0.80378,2.0446,1.3936,0.651,ok,0.0,4,4,4,0.436,201.448,6160.0,1131.0,0.1468,봉담읍,0.651,0.651,0.92564,4,NEW_STOP,31240120,읍,93.34,80.38,1540.0,41590-36119,338.4,126.94207,37.21902
다사5014,day,0.937038,0.85095,2.0584,1.5551,0.5032,ok,0.0,4,4,4,0.922,128.312,8391.0,1888.0,0.0392,봉담읍,0.5032,0.5032,0.95953,4,ADD_FREQ,31240120,읍,93.7,85.09,2097.8,41590-55385,46.8,126.942,37.22803
다사5015,day,0.704748,0.733409,1.1752,1.1526,0.0226,ok,0.0,3,4,4,0.9235,52.407,2062.0,81.0,0.0456,봉담읍,0.0226,0.0226,0.7967,4,ADD_FREQ,31240120,읍,70.47,73.34,515.5,41590-55789,45.9,126.94194,37.23705
다사5016,day,0.674434,0.873687,1.06,1.633,-0.573,ok,0.0,2,4,4,0.7315,209.024,1192.0,631.0,0.2945,매송면,-0.573,-0.573,0.73728,4,ADD_FREQ,31240310,면,67.44,87.37,298.0,41590-37313,161.1,126.94187,37.24606
다사5017,day,0.189515,0.011,-0.7836,-1.321,0.3278,mid,0.0,4,0,0,0.05,0.0,43.0,5.0,0.2326,매송면,0.3278,0.5375,0.37903,1,DRT,31240310,면,18.95,1.1,10.8,41590-37313,1155.3,126.9418,37.25507
다사5100,day,0.299712,0.239345,-0.3646,-0.5391,0.1434,drt,0.0,3,2,1,0.1815,3.464,161.0,55.0,0.3043,양감면,0.1434,0.1745,0.5118,2,NEW_STOP,31240420,면,29.97,23.93,40.2,41590-37507,491.1,126.95418,37.10189
다사5101,day,0.320844,0.492615,-0.2843,0.3281,-0.5259,mid,0.0,2,2,2,0.6482,12.817,131.0,415.0,0.2366,향남읍,-0.5259,-0.6124,0.47886,1,ADD_FREQ,31240140,읍,32.08,49.26,32.8,41590-36631,211.1,126.95412,37.11091
다사5102,day,0.518465,0.57853,0.467,0.6223,-0.1553,ok,0.0,3,3,3,0.7547,21.08,389.0,1728.0,0.1671,향남읍,-0.1553,-0.1553,0.60374,3,ADD_FREQ,31240140,읍,51.85,57.85,97.2,41590-37517,147.2,126.95405,37.11992
다사5103,day,0.598412,0.461294,0.771,0.2209,0.5501,mid,0.0,4,3,2,0.4555,14.013,262.0,1605.0,0.0496,향남읍,0.5501,0.5501,0.55308,3,NEW_STOP,31240140,읍,59.84,46.13,65.5,41590-37323,326.7,126.95399,37.12893
다사5104,day,0.551979,0.579953,0.5944,0.6272,-0.0327,ok,0.0,3,3,3,0.6695,24.685,362.0,1326.0,0.221,향남읍,-0.0327,-0.0327,0.59922,3,ADD_FREQ,31240140,읍,55.2,58.0,90.5,41590-37955,198.3,126.95392,37.13795
다사5105,day,0.425991,0.271177,0.1155,-0.4301,0.5456,mid,0.0,4,2,1,0.05,6.042,123.0,413.0,0.1057,정남면,0.5456,0.5456,0.48095,1,DRT,31240430,면,42.6,27.12,30.8,41590-37652,583.0,126.95386,37.14696
다사5106,day,0.236291,0.011,-0.6057,-1.321,0.5035,drt,0.0,4,1,0,0.05,0.0,109.0,344.0,0.4679,정남면,0.5035,0.7153,0.47258,1,DRT,31240430,면,23.63,1.1,27.2,41590-36739,918.3,126.95379,37.15597
다사5107,day,0.438045,0.53072,0.1613,0.4586,-0.2973,mid,0.0,2,3,3,0.4902,22.868,274.0,423.0,0.354,정남면,-0.2973,-0.2973,0.57598,3,NEW_STOP,31240430,면,43.8,53.07,68.5,41590-37643,305.9,126.95373,37.16499
다사5108,day,0.436102,0.386828,0.1539,-0.0341,0.188,mid,0.0,3,3,2,0.3135,9.855,164.0,680.0,0.122,정남면,0.188,0.188,0.50997,2,NEW_STOP,31240430,면,43.61,38.68,41.0,41590-37642,411.9,126.95366,37.174
다사5109,day,0.224051,0.011,-0.6523,-1.321,0.4547,mid,0.0,4,1,0,0.05,0.0,88.0,200.0,0.4091,정남면,0.4547,0.6688,0.4481,1,DRT,31240430,면,22.41,1.1,22.0,41590-37640,1079.9,126.9536,37.18302
다사5110,day,0.195198,0.050307,-0.762,-1.1865,0.2639,mid,0.0,4,1,1,0.2287,0.0,39.0,24.0,1.0,정남면,0.2639,0.4245,0.3904,1,NEW_STOP,31240430,면,19.52,5.03,9.8,41590-36097,462.8,126.95353,37.19203
다사5111,day,0.292678,0.011,-0.3914,-1.321,0.752,drt,0.0,5,1,0,0.05,0.0,302.0,171.0,0.4934,봉담읍,0.752,0.9297,0.58536,3,DRT,31240120,읍,29.27,1.1,75.5,41590-36752,661.3,126.95347,37.20104
다사5112,day,0.592534,0.635858,0.7486,0.8186,-0.07,ok,0.0,3,3,3,0.5807,44.238,803.0,1407.0,0.1793,봉담읍,-0.07,-0.07,0.68453,4,ADD_FREQ,31240120,읍,59.25,63.59,200.8,41590-36011,251.6,126.9534,37.21006
다사5113,day,1.0,0.979797,2.2977,1.9963,0.3014,ok,0.0,4,4,4,0.9082,447.856,16292.0,4655.0,0.1226,봉담읍,0.3014,0.3014,1.0,4,ADD_FREQ,31240120,읍,100.0,97.98,4073.0,41590-37883,55.1,126.95334,37.21907
다사5114,day,0.951764,0.854822,2.1143,1.5684,0.546,ok,0.0,4,4,4,0.7177,185.517,10332.0,1155.0,0.1165,봉담읍,0.546,0.546,0.9854,4,ADD_FREQ,31240120,읍,95.18,85.48,2583.0,41590-55338,169.4,126.95327,37.22808
다사5115,day,0.897536,0.83975,1.9082,1.5168,0.3914,ok,0.0,4,4,4,0.8975,122.797,6338.0,680.0,0.1346,봉담읍,0.3914,0.3914,0.92916,4,ADD_FREQ,31240120,읍,89.75,83.98,1584.5,41590-37911,61.5,126.95321,37.2371
다사5116,day,0.720729,0.868366,1.236,1.6147,-0.3788,ok,0.0,2,4,4,0.6213,241.046,1461.0,614.0,0.2053,매송면,-0.3788,-0.3788,0.75957,4,ADD_FREQ,31240310,면,72.07,86.84,365.2,41590-37325,227.2,126.95314,37.24611
다사5200,day,0.348212,0.357604,-0.1802,-0.1342,-0.0417,mid,0.0,3,2,2,0.5645,4.761,228.0,467.0,0.1711,양감면,-0.0417,-0.046,0.55072,3,ADD_FREQ,31240420,면,34.82,35.76,57.0,41590-36429,261.3,126.96544,37.10194
다사5201,day,0.438772,0.604786,0.1641,0.7122,-0.5481,mid,0.0,2,3,3,0.896,20.293,174.0,280.0,0.3161,향남읍,-0.5481,-0.5481,0.51227,2,ADD_FREQ,31240140,읍,43.88,60.48,43.5,41590-36467,62.4,126.96537,37.11096
다사5202,day,0.460728,0.395278,0.2475,-0.0052,0.2527,mid,0.0,4,3,2,0.4383,8.412,243.0,543.0,0.1852,향남읍,0.2527,0.2527,0.55,3,NEW_STOP,31240140,읍,46.07,39.53,60.8,41590-37376,337.0,126.96531,37.11997
다사5203,day,0.597737,0.157887,0.7684,-0.8181,1.5865,need,2.12833,6,3,1,0.7177,0.0,348.0,779.0,0.2356,향남읍,1.5865,1.5865,0.59409,3,ADD_FREQ,31240140,읍,59.77,15.79,87.0,41590-37330,169.4,126.96525,37.12898
다사5204,day,0.416188,0.084293,0.0782,-1.0701,1.1483,mid,0.0,5,2,1,0.05,0.733,245.0,1174.0,0.0939,향남읍,1.1483,1.1483,0.54873,2,DRT,31240140,읍,41.62,8.43,61.2,41590-37266,757.8,126.96518,37.138
다사5205,day,0.41072,0.402864,0.0574,0.0208,0.0366,mid,0.0,3,2,2,0.359,10.357,143.0,754.0,0.2098,정남면,0.0366,0.0366,0.49636,2,NEW_STOP,31240430,면,41.07,40.29,35.8,41590-37653,384.6,126.96512,37.14701
다사5206,day,0.573669,0.655731,0.6769,0.8866,-0.2097,ok,0.0,3,3,3,0.7892,36.222,525.0,1278.0,0.28,정남면,-0.2097,-0.2097,0.64128,3,ADD_FREQ,31240430,면,57.37,65.57,131.2,41590-36790,126.5,126.96506,37.15603
다사5207,day,0.426418,0.4768,0.1171,0.2739,-0.1569,mid,0.0,3,2,2,0.4612,15.708,248.0,844.0,0.1573,정남면,-0.1569,-0.1569,0.55543,3,NEW_STOP,31240430,면,42.64,47.68,62.0,41590-37647,323.3,126.96499,37.16504
다사5208,day,0.254617,0.011,-0.5361,-1.321,0.58,drt,0.0,4,1,0,0.05,0.0,166.0,346.0,0.2349,정남면,0.58,0.785,0.50923,2,DRT,31240430,면,25.46,1.1,41.5,41590-37646,887.2,126.96493,37.17405
다사5209,day,0.278921,0.02013,-0.4437,-1.2898,0.6634,drt,0.0,4,1,1,0.0915,0.0,245.0,346.0,0.3143,정남면,0.6634,0.8461,0.55784,3,DRT,31240430,면,27.89,2.01,61.2,41590-55365,545.1,126.96487,37.18307
다사5210,day,0.259554,0.011,-0.5173,-1.321,0.6014,drt,0.0,4,1,0,0.05,0.0,173.0,366.0,0.3584,정남면,0.6014,0.8038,0.51911,2,DRT,31240430,면,25.96,1.1,43.2,41590-36156,825.2,126.9648,37.19208
다사5211,day,0.398162,0.561848,0.0097,0.5652,-0.5489,mid,0.0,2,2,3,0.6375,22.639,148.0,649.0,0.25,봉담읍,-0.5489,-0.5555,0.49938,2,ADD_FREQ,31240120,읍,39.82,56.18,37.0,41590-36751,217.5,126.96474,37.20109
다사5212,day,0.922904,0.703844,2.0046,1.0514,0.9532,need,1.48473,5,4,4,0.2668,125.463,11350.0,1923.0,0.0985,봉담읍,0.9532,0.9532,0.99594,4,NEW_STOP,31240120,읍,92.29,70.38,2837.5,41590-37972,439.9,126.96467,37.21011
다사5213,day,0.970941,0.843636,2.1872,1.5301,0.6572,ok,0.0,4,4,4,0.5705,217.656,9762.0,2273.0,0.1347,봉담읍,0.6572,0.6572,0.97907,4,ADD_FREQ,31240120,읍,97.09,84.36,2440.5,41590-55916,257.7,126.96461,37.21912
다사5214,day,0.668217,0.605247,1.0364,0.7138,0.3226,ok,0.0,4,4,3,0.1237,75.444,943.0,353.0,0.1697,봉담읍,0.3226,0.3226,0.70896,4,DRT,31240120,읍,66.82,60.52,235.8,41590-36159,525.8,126.96455,37.22814
다사5300,day,0.405573,0.288904,0.0378,-0.3694,0.4073,mid,0.0,4,2,1,0.3517,3.889,238.0,1753.0,0.042,양감면,0.4073,0.4073,0.54345,2,NEW_STOP,31240420,면,40.56,28.89,59.5,41590-36181,389.0,126.97669,37.10199
다사5301,day,0.494731,0.490997,0.3768,0.3226,0.0542,mid,0.0,3,3,2,0.5682,14.577,263.0,1444.0,0.1179,양감면,0.0542,0.0542,0.5619,3,ADD_FREQ,31240420,면,49.47,49.1,65.8,41590-36780,259.1,126.97663,37.11101
다사5302,day,0.473266,0.285369,0.2952,-0.3815,0.6767,mid,0.0,4,3,1,0.1142,6.046,129.0,937.0,0.155,향남읍,0.6767,0.6767,0.48598,1,DRT,31240140,읍,47.33,28.54,32.2,41590-37334,531.5,126.97657,37.12002
다사5303,day,0.550435,0.20904,0.5886,-0.6429,1.2315,need,1.46758,6,3,1,0.2272,2.298,375.0,1345.0,0.1333,향남읍,1.2315,1.2315,0.59863,3,NEW_STOP,31240140,읍,55.04,20.9,93.8,41590-37335,463.7,126.9765,37.12903
다사5304,day,0.486838,0.549914,0.3468,0.5243,-0.1775,mid,0.0,3,3,3,0.844,14.372,270.0,1563.0,0.1815,향남읍,-0.1775,-0.1775,0.55798,3,ADD_FREQ,31240140,읍,48.68,54.99,67.5,41590-37336,93.6,126.97644,37.13805
다사5305,day,0.413992,0.393417,0.0699,-0.0116,0.0814,mid,0.0,3,2,2,0.1228,14.623,138.0,657.0,0.3188,정남면,0.0814,0.0814,0.4959,2,DRT,31240430,면,41.4,39.34,34.5,41590-55068,526.3,126.97638,37.14706
다사5306,day,0.626971,0.487382,0.8795,0.3102,0.5694,ok,0.0,4,4,2,0.2073,26.501,760.0,424.0,0.2303,정남면,0.5694,0.5694,0.68438,4,NEW_STOP,31240430,면,62.7,48.74,190.0,41590-55068,475.6,126.97632,37.15608
다사5307,day,0.656915,0.624189,0.9934,0.7786,0.2148,ok,0.0,3,4,3,0.6358,36.839,780.0,1623.0,0.2795,정남면,0.2148,0.2148,0.68691,4,ADD_FREQ,31240430,면,65.69,62.42,195.0,41590-36367,218.5,126.97626,37.16509
다사5308,day,0.412062,0.429829,0.0625,0.1131,-0.0506,mid,0.0,3,2,2,0.3193,13.844,218.0,264.0,0.2844,정남면,-0.0506,-0.0506,0.54012,2,NEW_STOP,31240430,면,41.21,42.98,54.5,41590-37572,408.4,126.97619,37.1741
다사5309,day,0.368025,0.4621,-0.1049,0.2236,-0.3084,mid,0.0,2,2,2,0.6797,9.433,163.0,783.0,0.3497,정남면,-0.3084,-0.3285,0.51236,2,ADD_FREQ,31240430,면,36.8,46.21,40.8,41590-55365,192.2,126.97613,37.18312
다사5310,day,0.6872,0.513209,1.1085,0.3986,0.7099,ok,0.0,5,4,3,0.4542,21.211,1066.0,556.0,0.1276,정남면,0.7099,0.7099,0.72045,4,NEW_STOP,31240430,면,68.72,51.32,266.5,41590-36622,327.5,126.97607,37.19213
다사5311,day,0.641402,0.616322,0.9344,0.7517,0.1827,ok,0.0,3,4,3,0.5378,40.933,1092.0,971.0,0.2161,봉담읍,0.1827,0.1827,0.72655,4,ADD_FREQ,31240120,읍,64.14,61.63,273.0,41590-36197,277.3,126.97601,37.20115
다사5312,day,0.962197,0.797274,2.154,1.3713,0.7827,need,1.19586,5,4,4,0.4015,203.101,9062.0,3314.0,0.0976,봉담읍,0.7827,0.7827,0.96789,4,NEW_STOP,31240120,읍,96.22,79.73,2265.5,41590-55773,359.1,126.97594,37.21016
다사5313,day,1.0,0.969163,2.2977,1.9599,0.3378,ok,0.0,4,4,4,0.8598,450.373,14905.0,3828.0,0.104,봉담읍,0.3378,0.3378,1.0,4,ADD_FREQ,31240120,읍,100.0,96.92,3726.2,41590-36195,84.1,126.97588,37.21917
다사5314,day,0.923895,0.780135,2.0084,1.3126,0.6958,ok,0.0,4,4,4,0.3465,195.529,7251.0,1931.0,0.1878,기배동,0.6958,0.6958,0.94533,4,NEW_STOP,31240560,동,92.39,78.01,1812.8,41590-36172,392.1,126.97582,37.22819
다사5400,day,0.488796,0.377698,0.3542,-0.0654,0.4196,mid,0.0,4,3,2,0.4168,7.547,328.0,1112.0,0.1738,양감면,0.4196,0.4196,0.58769,3,NEW_STOP,31240420,면,48.88,37.77,82.0,41590-36241,349.9,126.98794,37.10204
다사5401,day,0.442836,0.435306,0.1795,0.1319,0.0476,mid,0.0,3,3,2,0.5898,8.897,274.0,914.0,0.1898,양감면,0.0476,0.0476,0.56465,3,ADD_FREQ,31240420,면,44.28,43.53,68.5,41590-36268,246.1,126.98788,37.11106
다사5402,day,0.553392,0.49716,0.5998,0.3437,0.2562,ok,0.0,4,3,2,0.5392,16.114,324.0,885.0,0.2623,양감면,0.2562,0.2562,0.58758,3,ADD_FREQ,31240420,면,55.34,49.72,81.0,41590-37345,276.5,126.98782,37.12007
다사5403,day,0.516249,0.178272,0.4586,-0.7483,1.2069,need,1.49601,6,3,1,0.1377,2.035,206.0,1338.0,0.2184,향남읍,1.2069,1.2069,0.5375,2,DRT,31240140,읍,51.62,17.83,51.5,41590-37343,517.4,126.98776,37.12908
다사5404,day,0.419824,0.492561,0.092,0.3279,-0.2359,mid,0.0,3,2,2,0.6953,11.777,392.0,1756.0,0.1531,정남면,-0.2359,-0.2359,0.60357,3,ADD_FREQ,31240430,면,41.98,49.26,98.0,41590-37483,182.8,126.9877,37.1381
다사5405,day,0.363052,0.501632,-0.1238,0.359,-0.4493,mid,0.0,2,2,2,0.535,16.82,164.0,655.0,0.1402,정남면,-0.4493,-0.4828,0.50224,2,ADD_FREQ,31240430,면,36.31,50.16,41.0,41590-37528,279.0,126.98764,37.14711
다사5406,day,0.564614,0.360157,0.6425,-0.1255,0.7679,need,1.12013,5,3,2,0.1547,10.55,357.0,771.0,0.3081,정남면,0.7679,0.7679,0.59955,3,NEW_STOP,31240430,면,56.46,36.02,89.2,41590-36225,507.2,126.98758,37.15613
다사5407,day,0.7613,0.543981,1.3902,0.504,0.8862,need,1.23817,5,4,3,0.348,32.337,2359.0,659.0,0.1162,정남면,0.8862,0.8862,0.814,4,NEW_STOP,31240430,면,76.13,54.4,589.8,41590-36236,391.2,126.98752,37.16514
다사5408,day,0.610564,0.568642,0.8172,0.5884,0.2287,ok,0.0,3,4,3,0.586,26.082,491.0,692.0,0.2709,정남면,0.2287,0.2287,0.63096,3,ADD_FREQ,31240430,면,61.06,56.86,122.8,41590-36259,248.4,126.98746,37.17415
다사5409,day,0.553864,0.396526,0.6016,-0.0009,0.6025,mid,0.0,4,3,2,0.4065,9.013,333.0,1128.0,0.2012,정남면,0.6025,0.6025,0.58931,3,NEW_STOP,31240430,면,55.39,39.65,83.2,41590-36260,356.1,126.9874,37.18317
다사5410,day,0.601557,0.455758,0.7829,0.2019,0.581,mid,0.0,4,4,2,0.1527,22.741,763.0,1048.0,0.228,정남면,0.581,0.581,0.68265,4,NEW_STOP,31240430,면,60.16,45.58,190.8,41590-55454,508.4,126.98734,37.19218
다사5411,day,0.737459,0.72975,1.2996,1.1401,0.1595,ok,0.0,3,4,4,0.4277,116.784,898.0,4382.0,0.2773,화산동,0.1595,0.1595,0.70321,4,NEW_STOP,31240570,동,73.75,72.97,224.5,41590-55164,343.4,126.98727,37.20119
다사5412,day,0.707362,0.822559,1.1852,1.4579,-0.2727,ok,0.0,2,4,4,0.5767,183.787,657.0,1304.0,0.137,화산동,-0.2727,-0.2727,0.66204,4,ADD_FREQ,31240570,동,70.74,82.26,164.2,41590-55344,254.0,126.98721,37.21021
다사5413,day,0.788609,0.948418,1.4941,1.8889,-0.3948,ok,0.0,2,4,4,0.886,284.109,3720.0,838.0,0.1317,기배동,-0.3948,-0.3948,0.86659,4,ADD_FREQ,31240560,동,78.86,94.84,930.0,41590-55794,68.4,126.98715,37.21922
다사5414,day,0.613942,0.901549,0.83,1.7284,-0.8984,ok,0.0,1,4,4,0.8382,216.065,615.0,1580.0,0.4033,기배동,-0.8984,-0.8984,0.66093,4,ADD_FREQ,31240560,동,61.39,90.15,153.8,41590-55820,97.1,126.98709,37.22824
다사5501,day,0.072404,0.011,-1.2288,-1.321,0.0301,mid,0.0,3,0,0,0.05,0.0,5.0,3.0,1.0,양감면,0.0301,0.0923,0.14481,0,DRT,31240420,면,7.24,1.1,1.2,41590-36271,805.6,126.99914,37.1111
다사5502,day,0.504941,0.464374,0.4156,0.2314,0.1842,mid,0.0,3,3,2,0.4023,15.773,132.0,434.0,0.1591,양감면,0.1842,0.1842,0.48929,2,NEW_STOP,31240420,면,50.49,46.44,33.0,41590-36278,358.6,126.99908,37.12012
다사5503,day,0.312452,0.270133,-0.3162,-0.4337,0.0992,mid,0.0,3,2,1,0.7655,1.145,58.0,421.0,0.2586,정남면,0.0992,0.1175,0.40397,1,ADD_FREQ,31240430,면,31.25,27.01,14.5,41590-37351,140.7,126.99902,37.12913
다사5504,day,0.20557,0.011,-0.7225,-1.321,0.3848,mid,0.0,4,1,0,0.05,0.0,63.0,538.0,0.0794,정남면,0.3848,0.5985,0.41114,1,DRT,31240430,면,20.56,1.1,15.8,41590-37483,832.1,126.99896,37.13815
다사5505,day,0.15683,0.011,-0.9078,-1.321,0.2228,mid,0.0,3,0,0,0.05,0.0,13.0,8.0,0.3846,정남면,0.2228,0.4132,0.31366,0,DRT,31240430,면,15.68,1.1,3.2,41590-36486,871.1,126.9989,37.14716
다사5506,day,0.22375,0.157927,-0.6534,-0.8179,0.1118,mid,0.0,3,1,1,0.05,2.011,23.0,11.0,0.2174,정남면,0.1118,0.1645,0.33294,0,DRT,31240430,면,22.37,15.79,5.8,41590-36286,678.3,126.99884,37.15617
다사5507,day,0.408032,0.46585,0.0472,0.2365,-0.1893,mid,0.0,3,2,2,0.5553,12.175,94.0,604.0,0.3298,정남면,-0.1893,-0.1893,0.45611,1,ADD_FREQ,31240430,면,40.8,46.59,23.5,41590-36485,266.8,126.99878,37.16519
다사5509,day,0.533439,0.565879,0.524,0.579,-0.055,ok,0.0,3,3,3,0.7813,18.216,313.0,802.0,0.2396,정남면,-0.055,-0.055,0.5793,3,ADD_FREQ,31240430,면,53.34,56.59,78.2,41590-36277,131.2,126.99866,37.18322
다사5510,day,0.547662,0.458743,0.578,0.2121,0.3659,mid,0.0,4,3,2,0.317,17.511,303.0,2282.0,0.2937,화산동,0.3659,0.3659,0.57932,3,NEW_STOP,31240570,동,54.77,45.87,75.8,41590-55169,409.8,126.9986,37.19223
다사5511,day,0.780906,0.739698,1.4648,1.1742,0.2906,ok,0.0,4,4,4,0.4405,123.251,2501.0,1415.0,0.1383,화산동,0.2906,0.2906,0.82034,4,NEW_STOP,31240570,동,78.09,73.97,625.2,41590-36999,335.7,126.99854,37.20124
다사5512,day,0.774899,0.601612,1.4419,0.7013,0.7406,ok,0.0,5,4,3,0.4812,40.233,2671.0,753.0,0.0464,화산동,0.7406,0.7406,0.82627,4,NEW_STOP,31240570,동,77.49,60.16,667.8,41590-36281,311.3,126.99848,37.21026
다사5513,day,0.27544,0.011,-0.4569,-1.321,0.672,drt,0.0,4,1,0,0.05,0.0,213.0,1351.0,0.3615,기배동,0.672,0.8642,0.55088,3,DRT,31240560,동,27.54,1.1,53.2,41590-55795,813.0,126.99842,37.21927
다사5603,day,0.291519,0.138893,-0.3958,-0.8831,0.3932,drt,0.0,4,1,1,0.6313,0.0,307.0,595.0,0.3257,정남면,0.3932,0.4873,0.58304,3,ADD_FREQ,31240430,면,29.15,13.89,76.8,41590-37917,221.2,127.01028,37.12918
다사5604,day,0.424694,0.21748,0.1105,-0.614,0.7246,mid,0.0,5,2,1,0.05,3.707,212.0,363.0,0.2547,정남면,0.7246,0.7246,0.53863,2,DRT,31240430,면,42.47,21.75,53.0,41590-36310,600.0,127.01022,37.13819
다사5605,day,0.564916,0.561025,0.6436,0.5624,0.0813,ok,0.0,3,3,3,0.6593,21.662,300.0,737.0,0.2067,정남면,0.0813,0.0813,0.57912,3,ADD_FREQ,31240430,면,56.49,56.1,75.0,41590-36306,204.4,127.01016,37.14721
다사5606,day,0.404878,0.32243,0.0352,-0.2546,0.2895,mid,0.0,4,2,2,0.225,6.749,244.0,724.0,0.2951,정남면,0.2895,0.2898,0.55174,3,NEW_STOP,31240430,면,40.49,32.24,61.0,41590-36297,465.0,127.0101,37.15622
다사5607,day,0.448209,0.395969,0.1999,-0.0028,0.2028,mid,0.0,3,3,2,0.628,5.918,370.0,978.0,0.2838,정남면,0.2028,0.2028,0.6064,3,ADD_FREQ,31240430,면,44.82,39.6,92.5,41590-36299,223.2,127.01004,37.16523
다사5611,day,0.907426,0.865488,1.9458,1.6049,0.3409,ok,0.0,4,4,4,0.8007,175.189,5822.0,952.0,0.1371,화산동,0.3409,0.3409,0.91947,4,ADD_FREQ,31240570,동,90.74,86.55,1455.5,41590-36305,119.6,127.00981,37.20129
다사5612,day,0.89429,0.691957,1.8958,1.0107,0.8851,need,1.41976,5,4,4,0.8847,40.723,6872.0,1330.0,0.1509,화산동,0.8851,0.8851,0.93862,4,ADD_FREQ,31240570,동,89.43,69.2,1718.0,41590-36301,69.2,127.00975,37.2103
다사5613,day,0.346975,0.272545,-0.1849,-0.4255,0.2173,mid,0.0,3,2,1,0.113,5.412,138.0,144.0,0.3986,화산동,0.2173,0.2405,0.4979,2,DRT,31240570,동,34.7,27.25,34.5,41590-36323,532.2,127.00969,37.21932
다사5704,day,0.509426,0.503166,0.4327,0.3642,0.0684,mid,0.0,3,3,2,0.6363,14.25,704.0,1772.0,0.206,정남면,0.0684,0.0684,0.6731,4,ADD_FREQ,31240430,면,50.94,50.32,176.0,41590-36329,218.2,127.02148,37.13824
다사5705,day,0.25851,0.071634,-0.5213,-1.1134,0.4419,drt,0.0,4,1,1,0.05,0.576,145.0,1423.0,0.2828,정남면,0.4419,0.5922,0.50134,2,DRT,31240430,면,25.85,7.16,36.2,41590-36334,760.6,127.02142,37.14725
다사5706,day,0.383364,0.102725,-0.0466,-1.007,0.9258,mid,0.0,5,2,1,0.05,0.99,360.0,933.0,0.2778,정남면,0.9258,0.9604,0.59906,3,DRT,31240430,면,38.34,10.27,90.0,41590-36331,628.2,127.02136,37.15627
다사5707,day,0.56212,0.280663,0.633,-0.3977,1.0307,need,1.38733,5,3,1,0.391,3.307,2739.0,691.0,0.0796,정남면,1.0307,1.0307,0.83006,4,NEW_STOP,31240430,면,56.21,28.07,684.8,41590-36270,365.4,127.02131,37.16528
다사5711,day,0.897693,0.785704,1.9088,1.3317,0.5771,ok,0.0,4,4,4,0.637,125.866,5946.0,360.0,0.1189,화산동,0.5771,0.5771,0.92119,4,ADD_FREQ,31240570,동,89.77,78.57,1486.5,41590-55415,217.8,127.02108,37.20134
다사5712,day,0.797861,0.583221,1.5292,0.6384,0.8909,need,1.42469,5,4,3,0.1087,65.425,2769.0,605.0,0.2113,화산동,0.8909,0.8909,0.83368,4,DRT,31240570,동,79.79,58.32,692.2,41590-36328,534.8,127.02102,37.21035
다사5713,day,0.483337,0.643383,0.3335,0.8444,-0.5109,ok,0.0,2,3,3,0.7123,37.516,364.0,1128.0,0.3984,화산동,-0.5109,-0.5109,0.60214,3,ADD_FREQ,31240570,동,48.33,64.34,91.0,41590-36322,172.6,127.02097,37.21936
다사5804,day,0.689778,0.395024,1.1183,-0.0061,1.1244,need,1.49864,5,4,2,0.7477,4.638,1037.0,2529.0,0.1389,정남면,1.1244,1.1244,0.71675,4,ADD_FREQ,31240430,면,68.98,39.5,259.2,41590-36481,151.4,127.03274,37.13828
다사5811,day,0.990446,0.922012,2.2614,1.7984,0.463,ok,0.0,4,4,4,0.8148,262.019,10073.0,2725.0,0.0753,병점1동,0.463,0.463,0.98089,4,ADD_FREQ,31240530,동,99.04,92.2,2518.2,41590-36679,111.1,127.03235,37.20138
다사5812,day,0.980647,0.940652,2.2241,1.8623,0.3619,ok,0.0,4,4,4,0.9542,239.35,8524.0,6429.0,0.1273,진안동,0.3619,0.3619,0.96129,4,ADD_FREQ,31240520,동,98.06,94.07,2131.0,41590-36340,27.5,127.03229,37.21039
다사5813,day,0.750623,0.588922,1.3496,0.6579,0.6918,ok,0.0,4,4,3,0.48,36.561,4633.0,976.0,0.0814,진안동,0.6918,0.6918,0.89029,4,NEW_STOP,31240520,동,75.06,58.89,1158.2,41590-55573,312.0,127.03224,37.21941
다사5814,day,0.528421,0.552052,0.5049,0.5316,-0.0267,ok,0.0,3,3,3,0.6938,19.014,482.0,1183.0,0.3527,진안동,-0.0267,-0.0267,0.63213,3,ADD_FREQ,31240520,동,52.84,55.21,120.5,41590-55029,183.7,127.03218,37.22842
다사5911,day,1.0,0.97338,2.2977,1.9743,0.3234,ok,0.0,4,4,4,0.879,373.518,19592.0,2064.0,0.1282,진안동,0.3234,0.3234,1.0,4,ADD_FREQ,31240520,동,100.0,97.34,4898.0,41590-55295,72.6,127.04362,37.20143
다사5912,day,1.0,0.967698,2.2977,1.9549,0.3428,ok,0.0,4,4,4,0.8602,342.829,25931.0,8904.0,0.1164,병점2동,0.3428,0.3428,1.0,4,ADD_FREQ,31240540,동,100.0,96.77,6482.8,41590-55234,83.9,127.04356,37.21044
다사5913,day,0.9911,0.684953,2.2639,0.9867,1.2772,need,2.08199,6,4,4,0.4468,80.544,12437.0,3544.0,0.1297,진안동,1.2772,1.2772,1.0,4,NEW_STOP,31240520,동,99.11,68.5,3109.2,41590-37983,331.9,127.04351,37.21945
다사5914,day,0.837325,0.63,1.6793,0.7985,0.8807,need,1.27417,5,4,3,0.6068,40.463,4040.0,1522.0,0.1069,진안동,0.8807,0.8807,0.87601,4,ADD_FREQ,31240520,동,83.73,63.0,1010.0,41590-36754,235.9,127.04345,37.22847
다사5915,day,0.5,0.629643,0.3968,0.7973,-0.4005,ok,0.0,2,3,3,0.8132,28.417,15890.0,2177.0,0.0437,진안동,-0.4005,-0.4005,1.0,4,ADD_FREQ,31240520,동,50.0,62.96,3972.5,41590-36418,112.1,127.0434,37.23748
다사6011,day,0.991841,0.973038,2.2667,1.9732,0.2935,ok,0.0,4,4,4,0.9235,321.364,19045.0,3136.0,0.0705,동탄3동,0.2935,0.2935,1.0,4,ADD_FREQ,31240620,동,99.18,97.3,4761.2,41590-37720,45.9,127.05488,37.20147
다사6012,day,1.0,0.952627,2.2977,1.9033,0.3944,ok,0.0,4,4,4,0.7847,468.84,19701.0,3205.0,0.0994,동탄3동,0.3944,0.3944,1.0,4,ADD_FREQ,31240620,동,100.0,95.26,4925.2,41590-55020,129.2,127.05483,37.21048
다사6013,day,1.0,0.788598,2.2977,1.3416,0.9561,need,1.41817,5,4,4,0.6303,130.085,20162.0,4099.0,0.0617,진안동,0.9561,0.9561,1.0,4,ADD_FREQ,31240520,동,100.0,78.86,5040.5,41590-37574,221.8,127.05478,37.2195
다사6014,day,0.828179,0.663877,1.6445,0.9145,0.73,ok,0.0,5,4,4,0.5705,55.765,7221.0,3865.0,0.0836,반월동,0.73,0.73,0.94258,4,ADD_FREQ,31240550,동,82.82,66.39,1805.2,41590-36484,257.7,127.05473,37.22851
다사6110,day,0.984678,0.854425,2.2395,1.567,0.6725,ok,0.0,4,4,4,0.829,153.747,14415.0,1939.0,0.1314,동탄2동,0.6725,0.6725,1.0,4,ADD_FREQ,31240600,동,98.47,85.44,3603.8,41590-37699,102.6,127.0662,37.1925
다사6111,day,1.0,0.949657,2.2977,1.8931,0.4046,ok,0.0,4,4,4,0.7712,509.931,21450.0,4476.0,0.0625,동탄1동,0.4046,0.4046,1.0,4,ADD_FREQ,31240610,동,100.0,94.97,5362.5,41590-37588,137.3,127.06615,37.20151
다사6112,day,1.0,0.938363,2.2977,1.8544,0.4433,ok,0.0,4,4,4,0.7198,466.666,11836.0,3878.0,0.0967,동탄1동,0.4433,0.4433,1.0,4,ADD_FREQ,31240610,동,100.0,93.84,2959.0,41590-36960,168.1,127.0661,37.21052
다사6113,day,0.759921,0.266541,1.385,-0.446,1.831,need,2.55411,6,4,1,0.1163,5.096,721.0,5390.0,0.2039,반월동,1.831,1.831,0.6749,4,DRT,31240550,동,75.99,26.65,180.2,41590-55442,530.2,127.06605,37.21954
다사6114,day,0.994944,0.910123,2.2785,1.7577,0.5208,ok,0.0,4,4,4,0.819,237.927,10797.0,59383.0,0.0807,반월동,0.5208,0.5208,0.98989,4,ADD_FREQ,31240550,동,99.49,91.01,2699.2,41590-37592,108.6,127.066,37.22855
다사6115,day,1.0,0.839979,2.2977,1.5175,0.7802,need,1.24332,5,4,4,0.8433,134.607,22934.0,3896.0,0.1128,반월동,0.7802,0.7802,1.0,4,ADD_FREQ,31240550,동,100.0,84.0,5733.5,41590-36615,94.0,127.06595,37.23757
다사6207,day,0.576974,0.15752,0.6895,-0.8193,1.5088,need,2.14972,6,3,1,0.716,0.0,2074.0,761.0,0.1398,동탄6동,1.5088,1.5088,0.799,4,ADD_FREQ,31240700,동,57.7,15.75,518.5,41590-55459,170.4,127.07762,37.16549
다사6208,day,0.412501,0.13893,0.0642,-0.883,0.9472,mid,0.0,5,2,1,0.6315,0.0,228.0,697.0,0.3509,동탄6동,0.9472,0.9472,0.54788,2,ADD_FREQ,31240700,동,41.25,13.89,57.0,41590-36424,221.1,127.07757,37.17451
다사6209,day,0.649189,0.578828,0.964,0.6233,0.3407,mid,0.0,4,4,3,0.922,15.789,1508.0,2891.0,0.0995,동탄6동,0.3407,0.3407,0.75868,4,ADD_FREQ,31240700,동,64.92,57.88,377.0,41590-36412,46.8,127.07752,37.18352
다사6210,day,1.0,0.930565,2.2977,1.8277,0.47,ok,0.0,4,4,4,0.8742,253.287,16916.0,4792.0,0.0632,동탄2동,0.47,0.47,1.0,4,ADD_FREQ,31240600,동,100.0,93.06,4229.0,41590-37669,75.5,127.07747,37.19254
다사6211,day,0.945417,0.687277,2.0902,0.9947,1.0955,need,1.57594,5,4,4,0.4602,80.172,7429.0,8499.0,0.0664,동탄1동,1.0955,1.0955,0.94483,4,NEW_STOP,31240610,동,94.54,68.73,1857.2,41590-55724,323.9,127.07742,37.20155
다사6212,day,1.0,0.991017,2.2977,2.0347,0.263,ok,0.0,4,4,4,0.9592,744.409,13931.0,4049.0,0.0576,동탄1동,0.263,0.263,1.0,4,ADD_FREQ,31240610,동,100.0,99.1,3482.8,41590-37758,24.5,127.07737,37.21056
다사6213,day,0.855958,0.835716,1.7501,1.5029,0.2472,ok,0.0,3,4,4,0.5767,202.956,1825.0,9918.0,0.0312,동탄1동,0.2472,0.2472,0.77791,4,ADD_FREQ,31240610,동,85.6,83.57,456.2,41590-36414,254.0,127.07732,37.21958
다사6307,day,0.733968,0.715065,1.2863,1.0898,0.1965,ok,0.0,3,4,4,0.8263,53.636,2005.0,6769.0,0.0758,동탄6동,0.1965,0.1965,0.7925,4,ADD_FREQ,31240700,동,73.4,71.51,501.2,41590-55092,104.2,127.08889,37.16553
다사6308,day,0.544098,0.596604,0.5645,0.6842,-0.1197,ok,0.0,3,3,3,0.6837,27.43,182.0,6467.0,0.0275,동탄6동,-0.1197,-0.1197,0.51801,2,ADD_FREQ,31240700,동,54.41,59.66,45.5,41590-55103,189.8,127.08884,37.17455
다사6309,day,0.855292,0.696024,1.7476,1.0246,0.723,ok,0.0,5,4,4,0.3842,97.261,5050.0,2978.0,0.0531,동탄6동,0.723,0.723,0.89955,4,NEW_STOP,31240700,동,85.53,69.6,1262.5,41590-36704,369.5,127.08879,37.18356
다사6310,day,0.877603,0.81327,1.8324,1.4261,0.4063,ok,0.0,4,4,4,0.7702,124.229,9365.0,1250.0,0.0479,동탄6동,0.4063,0.4063,0.97259,4,ADD_FREQ,31240700,동,87.76,81.33,2341.2,41590-55761,137.9,127.08874,37.19258
다사6311,day,0.935738,0.643926,2.0534,0.8462,1.2072,need,1.69409,6,4,3,0.4317,60.46,8976.0,3032.0,0.0392,동탄6동,1.2072,1.2072,0.96667,4,NEW_STOP,31240700,동,93.57,64.39,2244.0,41590-37134,341.0,127.08869,37.20159
다사6312,day,0.888742,0.937777,1.8747,1.8524,0.0223,ok,0.0,3,4,4,0.7172,406.875,4060.0,13906.0,0.0438,동탄5동,0.0223,0.0223,0.87406,4,ADD_FREQ,31240650,동,88.87,93.78,1015.0,41590-55937,169.7,127.08864,37.2106
다사6406,day,0.764367,0.945147,1.4019,1.8777,-0.4758,ok,0.0,2,4,4,0.7507,482.598,1151.0,1668.0,0.1025,동탄8동,-0.4758,-0.4758,0.72636,4,ADD_FREQ,31240710,동,76.44,94.51,287.8,41590-55519,149.6,127.1002,37.15656
다사6407,day,0.98598,0.958383,2.2444,1.923,0.3214,ok,0.0,4,4,4,0.8108,366.48,12808.0,2484.0,0.041,동탄7동,0.3214,0.3214,1.0,4,ADD_FREQ,31240691,동,98.6,95.84,3202.0,41590-55592,113.5,127.10015,37.16557
다사6408,day,0.939333,0.822063,2.0671,1.4562,0.6109,ok,0.0,4,4,4,0.5965,177.171,9072.0,1936.0,0.0592,동탄7동,0.6109,0.6109,0.96901,4,ADD_FREQ,31240691,동,93.93,82.21,2268.0,41590-55475,242.1,127.1001,37.17459
다사6409,day,0.820831,0.901147,1.6166,1.727,-0.1104,ok,0.0,3,4,4,0.5507,346.822,2132.0,628.0,0.0905,동탄6동,-0.1104,-0.1104,0.80041,4,ADD_FREQ,31240700,동,82.08,90.11,533.0,41590-36487,269.6,127.10005,37.1836
다사6410,day,0.971524,0.955817,2.1895,1.9142,0.2753,ok,0.0,4,4,4,0.7992,681.318,7519.0,1837.0,0.0464,동탄4동,0.2753,0.2753,0.94698,4,ADD_FREQ,31240640,동,97.15,95.58,1879.8,41590-36384,120.5,127.10001,37.19261
다사6411,day,1.0,0.92388,2.2977,1.8048,0.4929,ok,0.0,4,4,4,0.654,616.892,20510.0,6414.0,0.0348,동탄4동,0.4929,0.4929,1.0,4,ADD_FREQ,31240640,동,100.0,92.39,5127.5,41590-36447,207.6,127.09996,37.20163
다사6412,day,0.982087,0.963517,2.2296,1.9406,0.2891,ok,0.0,4,4,4,0.8342,545.709,8765.0,19251.0,0.0609,동탄5동,0.2891,0.2891,0.96417,4,ADD_FREQ,31240650,동,98.21,96.35,2191.2,41590-55852,99.5,127.09991,37.21064
다사6505,day,0.071893,0.011,-1.2307,-1.321,0.0293,mid,0.0,3,0,0,0.05,0.0,8.0,0.0,0.0,동탄8동,0.0293,0.0903,0.14379,0,DRT,31240710,동,7.19,1.1,2.0,41590-36944,936.4,127.1115,37.14758
다사6506,day,0.875976,0.990063,1.8262,2.0315,-0.2053,ok,0.0,3,4,4,0.9548,531.202,7097.0,1431.0,0.0666,동탄8동,-0.2053,-0.2053,0.94049,4,ADD_FREQ,31240710,동,87.6,99.01,1774.2,41590-55684,27.1,127.11146,37.1566
다사6507,day,1.0,0.930113,2.2977,1.8262,0.4715,ok,0.0,4,4,4,0.6823,833.237,18345.0,3588.0,0.0524,동탄8동,0.4715,0.4715,1.0,4,ADD_FREQ,31240710,동,100.0,93.01,4586.2,41590-55505,190.6,127.11141,37.16561
다사6508,day,1.0,0.891338,2.2977,1.6934,0.6043,ok,0.0,4,4,4,0.5553,319.667,16539.0,2998.0,0.0515,동탄7동,0.6043,0.6043,1.0,4,ADD_FREQ,31240691,동,100.0,89.13,4134.8,41590-55569,266.8,127.11137,37.17462
다사6509,day,0.817565,0.718823,1.6041,1.1027,0.5015,ok,0.0,4,4,4,0.8922,49.412,7770.0,865.0,0.0725,동탄6동,0.5015,0.5015,0.95117,4,ADD_FREQ,31240700,동,81.76,71.88,1942.5,41590-55510,64.7,127.11132,37.18364
다사6510,day,0.806104,0.61868,1.5606,0.7598,0.8008,need,1.13998,5,4,3,0.2167,71.518,6898.0,570.0,0.0634,동탄4동,0.8008,0.8008,0.9373,4,NEW_STOP,31240640,동,80.61,61.87,1724.5,41590-55297,470.0,127.11127,37.19265
다사6511,day,1.0,0.937263,2.2977,1.8507,0.4471,ok,0.0,4,4,4,0.7148,688.64,19594.0,4060.0,0.0341,동탄4동,0.4471,0.4471,1.0,4,ADD_FREQ,31240640,동,100.0,93.73,4898.5,41590-36811,171.1,127.11123,37.20167
다사6512,day,1.0,0.97107,2.2977,1.9664,0.3313,ok,0.0,4,4,4,0.8685,415.022,13038.0,3667.0,0.0756,동탄5동,0.3313,0.3313,1.0,4,ADD_FREQ,31240650,동,100.0,97.11,3259.5,41590-55607,78.9,127.11118,37.21068
다사6605,day,0.274164,0.011,-0.4617,-1.321,0.6662,mid,0.0,4,1,0,0.05,0.0,28.0,551.0,0.8214,동탄8동,0.6662,0.8593,0.35722,0,DRT,31240710,동,27.42,1.1,7.0,41590-36945,579.6,127.12276,37.14762
다사6606,day,0.733157,0.714319,1.2832,1.0873,0.196,ok,0.0,3,4,4,0.429,103.678,1931.0,569.0,0.1243,동탄8동,0.196,0.196,0.79115,4,NEW_STOP,31240710,동,73.32,71.43,482.8,41590-37403,342.6,127.12272,37.15663
다사6607,day,0.964044,0.909358,2.161,1.7551,0.4059,ok,0.0,4,4,4,0.711,282.912,10649.0,1294.0,0.0867,동탄7동,0.4059,0.4059,0.98764,4,ADD_FREQ,31240691,동,96.4,90.94,2662.2,41590-55730,173.4,127.12267,37.16565
다사6608,day,0.949517,0.906609,2.1058,1.7457,0.3601,ok,0.0,4,4,4,0.7812,246.704,8562.0,4542.0,0.0638,동탄7동,0.3601,0.3601,0.96124,4,ADD_FREQ,31240691,동,94.95,90.66,2140.5,41590-55800,131.3,127.12263,37.17466
다사6609,day,1.0,0.953067,2.2977,1.9048,0.3929,ok,0.0,4,4,4,0.7867,553.192,18068.0,3111.0,0.0589,동탄9동,0.3929,0.3929,1.0,4,ADD_FREQ,31240720,동,100.0,95.31,4517.0,41590-55490,128.0,127.12259,37.18367
다사6610,day,0.975942,0.917427,2.2063,1.7827,0.4235,ok,0.0,4,4,4,0.6247,355.875,13095.0,1041.0,0.0578,동탄9동,0.4235,0.4235,1.0,4,ADD_FREQ,31240720,동,97.59,91.74,3273.8,41590-36693,225.2,127.12254,37.19269
다사6611,day,0.943127,0.907402,2.0815,1.7484,0.3331,ok,0.0,4,4,4,0.8463,222.772,10119.0,894.0,0.0838,동탄4동,0.3331,0.3331,0.98203,4,ADD_FREQ,31240640,동,94.31,90.74,2529.8,41590-55301,92.2,127.1225,37.2017
다사6612,day,0.731142,0.704709,1.2756,1.0544,0.2212,ok,0.0,3,4,4,0.4673,90.425,5512.0,265.0,0.1069,동탄5동,0.2212,0.2212,0.9112,4,NEW_STOP,31240650,동,73.11,70.47,1378.0,41590-55584,319.6,127.12245,37.21072
다사6707,day,0.731857,0.33568,1.2783,-0.2093,1.4876,need,2.12369,6,4,2,0.05,10.425,6021.0,417.0,0.0732,동탄7동,1.4876,1.4876,0.9217,4,DRT,31240691,동,73.19,33.57,1505.2,41590-55750,588.1,127.13394,37.16568
다사6708,day,0.814633,0.705372,1.593,1.0566,0.5364,ok,0.0,4,4,4,0.712,60.355,6700.0,968.0,0.0282,동탄9동,0.5364,0.5364,0.93298,4,ADD_FREQ,31240720,동,81.46,70.54,1675.0,41590-55816,172.8,127.13389,37.1747
다사6709,day,0.661899,0.666575,1.0123,0.9238,0.0886,ok,0.0,3,4,4,0.8653,34.607,594.0,72.0,0.0875,동탄9동,0.0886,0.0886,0.65211,3,ADD_FREQ,31240720,동,66.19,66.66,148.5,41590-55914,80.8,127.13385,37.18371
다사6710,day,0.67145,0.355895,1.0486,-0.1401,1.1887,need,1.52562,5,4,2,0.05,12.296,2891.0,319.0,0.0436,동탄9동,1.1887,1.1887,0.83468,4,DRT,31240720,동,67.14,35.59,722.8,41590-55555,714.4,127.13381,37.19272
다사6711,day,0.41858,0.59796,0.0873,0.6888,-0.6015,mid,0.0,2,2,3,0.7375,25.279,164.0,192.0,0.2073,동탄5동,-0.6015,-0.6015,0.50893,2,ADD_FREQ,31240650,동,41.86,59.8,41.0,41590-36504,157.5,127.13376,37.20174
다사6712,day,0.172945,0.232236,-0.8466,-0.5635,-0.1627,mid,0.0,3,0,1,0.05,4.258,13.0,3.0,0.7692,동탄5동,-0.1627,-0.2831,0.27716,0,DRT,31240650,동,17.29,23.22,3.2,41590-55902,634.8,127.13372,37.21075
다사6808,day,0.681475,0.570133,1.0868,0.5935,0.4932,ok,0.0,4,4,3,0.6997,21.702,822.0,41.0,0.0754,동탄9동,0.4932,0.4932,0.68749,4,ADD_FREQ,31240720,동,68.15,57.01,205.5,41590-55934,180.2,127.14516,37.17473
다사6809,day,0.642563,0.370431,0.9388,-0.0903,1.0291,need,1.41334,5,4,2,0.3827,7.563,2127.0,94.0,0.1105,동탄9동,1.0291,1.0291,0.79817,4,NEW_STOP,31240720,동,64.26,37.04,531.8,41590-55817,370.4,127.14512,37.18374
다사6810,day,0.490889,0.292583,0.3622,-0.3568,0.719,mid,0.0,5,3,1,0.422,3.475,284.0,225.0,0.0915,동탄9동,0.719,0.719,0.56693,3,NEW_STOP,31240720,동,49.09,29.26,71.0,41590-36505,346.8,127.14507,37.19276
다사6811,day,0.329108,0.184816,-0.2529,-0.7259,0.4129,mid,0.0,4,2,1,0.05,2.684,78.0,58.0,0.3333,동탄5동,0.4129,0.473,0.44916,1,DRT,31240650,동,32.91,18.48,19.5,41590-36505,665.1,127.14503,37.20177
다사6812,day,0.169893,0.011,-0.8582,-1.321,0.2629,mid,0.0,4,0,0,0.05,0.0,23.0,12.0,0.2174,동탄5동,0.2629,0.4629,0.33979,0,DRT,31240650,동,16.99,1.1,5.8,41590-36505,860.8,127.14499,37.21079
다사6909,day,0.0,0.011,-1.5041,-1.321,-0.0,mid,0.0,3,0,0,0.05,0.0,0.0,0.0,0.0,동탄9동,-0.0,-0.183,0.0,0,DRT,31240720,동,0.0,1.1,0.0,41590-55934,1239.6,127.15638,37.18378
다사6910,day,0.0,0.011,-1.5041,-1.321,-0.0,mid,0.0,3,0,0,0.05,0.0,0.0,0.0,0.0,동탄9동,-0.0,-0.183,0.0,0,DRT,31240720,동,0.0,1.1,0.0,41590-55934,1312.7,127.15634,37.19279
다바1595,pm,0.0,0.011,-1.2727,-1.2181,-0.0,mid,0.0,3,0,0,0.05,0.0,0.0,0.0,0.0,우정읍,-0.0,-0.0546,0.0,0,DRT,31240130,읍,0.0,1.1,0.0,41590-60113,13496.1,126.54964,37.05427
다바3297,pm,0.010161,0.054074,-1.2336,-1.0695,-0.0181,mid,0.0,3,0,1,0.05,0.309,0.0,0.0,0.0,우정읍,-0.0181,-0.1641,0.0,0,DRT,31240130,읍,1.02,5.41,0.0,41590-36991,664.2,126.74064,37.07367
다바3298,pm,0.0,0.011,-1.2727,-1.2181,-0.0,mid,0.0,3,0,0,0.05,0.0,0.0,0.0,0.0,우정읍,-0.0,-0.0546,0.0,0,DRT,31240130,읍,0.0,1.1,0.0,41590-36991,1144.8,126.74055,37.08269
다바3299,pm,0.0,0.011,-1.2727,-1.2181,-0.0,mid,0.0,3,0,0,0.05,0.0,0.0,0.0,0.0,우정읍,-0.0,-0.0546,0.0,0,DRT,31240130,읍,0.0,1.1,0.0,41590-36991,2044.1,126.74046,37.0917
다바3393,pm,0.363441,0.612507,0.1278,0.8575,-0.7296,mid,0.0,1,3,3,0.653,17.743,326.0,151.0,0.4387,우정읍,-0.7296,-0.7296,0.4977,3,ADD_FREQ,31240130,읍,36.34,61.25,81.5,41590-36589,208.2,126.75224,37.03769
다바3394,pm,0.114968,0.274646,-0.8297,-0.3084,-0.278,mid,0.0,2,0,2,0.05,4.197,13.0,3.0,0.3846,우정읍,-0.278,-0.5213,0.12866,0,DRT,31240130,읍,11.5,27.46,3.2,41590-37476,629.7,126.75216,37.04671
다바3396,pm,0.0,0.011,-1.2727,-1.2181,-0.0,mid,0.0,3,0,0,0.05,0.0,0.0,0.0,0.0,우정읍,-0.0,-0.0546,0.0,0,DRT,31240130,읍,0.0,1.1,0.0,41590-37518,1160.2,126.75198,37.06473
다바3397,pm,0.0,0.011,-1.2727,-1.2181,-0.0,mid,0.0,3,0,0,0.05,0.0,0.0,0.0,0.0,우정읍,-0.0,-0.0546,0.0,0,DRT,31240130,읍,0.0,1.1,0.0,41590-36991,1662.2,126.75189,37.07375
다바3398,pm,0.0,0.011,-1.2727,-1.2181,-0.0,mid,0.0,3,0,0,0.05,0.0,0.0,0.0,0.0,우정읍,-0.0,-0.0546,0.0,0,DRT,31240130,읍,0.0,1.1,0.0,41590-37448,1802.9,126.7518,37.08276
다바3399,pm,0.0,0.011,-1.2727,-1.2181,-0.0,mid,0.0,3,0,0,0.05,0.0,0.0,0.0,0.0,우정읍,-0.0,-0.0546,0.0,0,DRT,31240130,읍,0.0,1.1,0.0,41590-37485,1856.6,126.75171,37.09177
다바3493,pm,0.301573,0.338058,-0.1106,-0.0896,-0.021,mid,0.0,3,2,2,0.633,2.465,317.0,68.0,0.2744,우정읍,-0.021,-0.021,0.49452,3,ADD_FREQ,31240130,읍,30.16,33.81,79.2,41590-36583,220.2,126.76349,37.03776
다바3494,pm,0.344435,0.695656,0.0546,1.1444,-1.0898,mid,0.0,1,3,4,0.8088,24.439,193.0,62.0,0.4145,우정읍,-1.0898,-1.0898,0.4243,2,ADD_FREQ,31240130,읍,34.44,69.57,48.2,41590-36830,114.7,126.7634,37.04678
다바3495,pm,0.291282,0.351048,-0.1502,-0.0447,-0.1029,mid,0.0,3,2,2,0.508,3.463,233.0,491.0,0.2446,우정읍,-0.1029,-0.1055,0.45284,2,ADD_FREQ,31240130,읍,29.13,35.1,58.2,41590-37388,295.2,126.76331,37.05579
다바3496,pm,0.0,0.011,-1.2727,-1.2181,-0.0,mid,0.0,3,0,0,0.05,0.0,0.0,0.0,0.0,우정읍,-0.0,-0.0546,0.0,0,DRT,31240130,읍,0.0,1.1,0.0,41590-37518,1182.8,126.76323,37.0648
다바3497,pm,0.047502,0.022867,-1.0897,-1.1772,0.0263,mid,0.0,3,0,1,0.05,0.077,13.0,7.0,0.7692,우정읍,0.0263,0.0875,0.09408,0,DRT,31240130,읍,4.75,2.29,3.2,41590-37448,783.4,126.76314,37.07382
다바3498,pm,0.030183,0.011,-1.1564,-1.2181,0.0138,mid,0.0,3,0,0,0.05,0.0,5.0,0.0,0.0,우정읍,0.0138,0.0617,0.06037,0,DRT,31240130,읍,3.02,1.1,1.2,41590-37485,900.0,126.76305,37.08283
다바3499,pm,0.030183,0.011,-1.1564,-1.2181,0.0138,mid,0.0,3,0,0,0.05,0.0,5.0,3.0,0.0,우정읍,0.0138,0.0617,0.06037,0,DRT,31240130,읍,3.02,1.1,1.2,41590-37485,939.6,126.76297,37.09184
다바3593,pm,0.319844,0.550534,-0.0402,0.6436,-0.6838,mid,0.0,2,2,3,0.8858,8.237,284.0,51.0,0.3521,우정읍,-0.6838,-0.6838,0.47968,3,ADD_FREQ,31240130,읍,31.98,55.05,71.0,41590-36582,68.5,126.77473,37.03783
다바3594,pm,0.219065,0.378467,-0.4285,0.0499,-0.3879,mid,0.0,2,1,2,0.0953,8.344,63.0,20.0,0.4444,우정읍,-0.3879,-0.4784,0.30531,1,DRT,31240130,읍,21.91,37.85,15.8,41590-55142,542.8,126.77465,37.04684
다바3595,pm,0.224701,0.374957,-0.4068,0.0378,-0.3665,mid,0.0,2,2,2,0.2485,6.405,127.0,420.0,0.4882,우정읍,-0.3665,-0.4446,0.39618,2,NEW_STOP,31240130,읍,22.47,37.5,31.8,41590-36580,450.9,126.77456,37.05586
다바3596,pm,0.204305,0.338843,-0.4854,-0.0869,-0.3088,mid,0.0,2,1,2,0.545,2.93,128.0,205.0,0.4609,우정읍,-0.3088,-0.3986,0.37907,1,ADD_FREQ,31240130,읍,20.43,33.88,32.0,41590-36941,273.0,126.77447,37.06487
다바3597,pm,0.213477,0.186988,-0.4501,-0.6109,0.1282,drt,0.0,3,1,1,0.1933,1.467,163.0,8.0,0.5215,우정읍,0.1282,0.1608,0.41032,2,NEW_STOP,31240130,읍,21.35,18.7,40.8,41590-37448,484.0,126.77439,37.07389
다바3598,pm,0.260908,0.595005,-0.2673,0.7971,-0.9668,mid,0.0,1,2,3,0.7408,13.889,143.0,27.0,0.4196,우정읍,-0.9668,-1.0644,0.38945,2,ADD_FREQ,31240130,읍,26.09,59.5,35.8,41590-36858,155.5,126.7743,37.0829
다바3599,pm,0.214988,0.156433,-0.4442,-0.7163,0.2179,drt,0.0,3,1,1,0.0553,1.464,133.0,79.0,0.4887,우정읍,0.2179,0.272,0.39453,2,DRT,31240130,읍,21.5,15.64,33.2,41590-37485,566.8,126.77422,37.09191
다바3693,pm,0.154987,0.101434,-0.6755,-0.9061,0.1493,mid,0.0,3,1,1,0.05,0.76,53.0,770.0,0.6792,우정읍,0.1493,0.2306,0.30325,1,DRT,31240130,읍,15.5,10.14,13.2,41590-36464,636.3,126.78598,37.0379
다바3694,pm,0.208924,0.329498,-0.4676,-0.1191,-0.274,mid,0.0,2,1,2,0.2645,4.452,133.0,33.0,0.2707,우정읍,-0.274,-0.3485,0.39294,2,NEW_STOP,31240130,읍,20.89,32.95,33.2,41590-36953,441.3,126.78589,37.04691
다바3695,pm,0.377996,0.551648,0.1839,0.6475,-0.4635,mid,0.0,2,3,3,0.447,16.008,544.0,196.0,0.1562,우정읍,-0.4635,-0.4635,0.56916,3,NEW_STOP,31240130,읍,37.8,55.16,136.0,41590-37521,331.8,126.78581,37.05593
다바3696,pm,0.318426,0.460102,-0.0456,0.3316,-0.3772,mid,0.0,2,2,3,0.2183,12.143,271.0,145.0,0.2841,우정읍,-0.3772,-0.3772,0.4723,3,NEW_STOP,31240130,읍,31.84,46.01,67.8,41590-37525,469.0,126.78572,37.06494
다바3697,pm,0.184389,0.20471,-0.5622,-0.5497,-0.009,drt,0.0,3,1,1,0.0723,2.255,98.0,74.0,0.4592,우정읍,-0.009,-0.0125,0.36439,1,DRT,31240130,읍,18.44,20.47,24.5,41590-37392,556.6,126.78564,37.07395
다바3698,pm,0.289206,0.207228,-0.1582,-0.541,0.3718,mid,0.0,4,2,1,0.2278,1.67,198.0,159.0,0.2626,우정읍,0.3718,0.3828,0.43885,2,NEW_STOP,31240130,읍,28.92,20.72,49.5,41590-37452,463.3,126.78555,37.08297
다바3699,pm,0.210928,0.310925,-0.4599,-0.1832,-0.2189,mid,0.0,3,1,2,0.4508,2.757,68.0,106.0,0.5294,우정읍,-0.2189,-0.2767,0.32913,1,NEW_STOP,31240130,읍,21.09,31.09,17.0,41590-55159,329.5,126.78547,37.09198
다바3791,pm,0.001013,0.016966,-1.2688,-1.1976,-0.0018,mid,0.0,3,0,1,0.05,0.038,0.0,0.0,0.0,우정읍,-0.0018,-0.0713,0.0,0,DRT,31240130,읍,0.1,1.7,0.0,41590-37498,793.5,126.79739,37.01994
다바3792,pm,0.377331,0.410963,0.1814,0.162,0.0193,mid,0.0,3,3,2,0.5428,5.187,283.0,297.0,0.2756,우정읍,0.0193,0.0193,0.48215,3,ADD_FREQ,31240130,읍,37.73,41.1,70.8,41590-37498,274.3,126.7973,37.02895
다바3793,pm,0.354911,0.429022,0.095,0.2243,-0.1294,mid,0.0,3,3,2,0.3813,7.649,304.0,407.0,0.2993,우정읍,-0.1294,-0.1294,0.48708,3,NEW_STOP,31240130,읍,35.49,42.9,76.0,41590-36461,371.2,126.79722,37.03797
다바3794,pm,0.41662,0.487203,0.3328,0.4251,-0.0923,ok,0.0,3,3,3,0.7135,6.88,299.0,1301.0,0.1672,우정읍,-0.0923,-0.0923,0.48904,3,ADD_FREQ,31240130,읍,41.66,48.72,74.8,41590-36829,171.9,126.79714,37.04698
다바3795,pm,0.283598,0.563108,-0.1799,0.687,-0.8313,mid,0.0,1,2,3,0.7852,10.476,178.0,521.0,0.264,장안면,-0.8313,-0.8669,0.41664,2,ADD_FREQ,31240390,면,28.36,56.31,44.5,41590-36950,128.9,126.79705,37.05599
다바3796,pm,0.524763,0.766029,0.7495,1.3872,-0.6377,ok,0.0,2,4,4,0.7938,39.319,917.0,619.0,0.12,우정읍,-0.6377,-0.6377,0.64278,4,ADD_FREQ,31240130,읍,52.48,76.6,229.2,41590-36918,123.7,126.79697,37.06501
다바3797,pm,0.196981,0.147068,-0.5136,-0.7486,0.1778,drt,0.0,3,1,1,0.05,1.341,138.0,447.0,0.1884,우정읍,0.1778,0.235,0.39048,2,DRT,31240130,읍,19.7,14.71,34.5,41590-37391,604.7,126.79689,37.07402
다바3798,pm,0.253521,0.43536,-0.2958,0.2462,-0.4832,mid,0.0,2,2,2,0.845,3.756,237.0,75.0,0.2278,우정읍,-0.4832,-0.542,0.4562,2,ADD_FREQ,31240130,읍,25.35,43.54,59.2,41590-36837,93.0,126.7968,37.08303
다바3799,pm,0.191327,0.376892,-0.5354,0.0444,-0.4305,mid,0.0,2,1,2,0.3348,5.656,118.0,49.0,0.4322,우정읍,-0.4305,-0.5799,0.37415,1,NEW_STOP,31240130,읍,19.13,37.69,29.5,41590-37395,399.1,126.79672,37.09205
다바3891,pm,0.0,0.011,-1.2727,-1.2181,-0.0,mid,0.0,3,0,0,0.05,0.0,0.0,0.0,0.0,우정읍,-0.0,-0.0546,0.0,0,DRT,31240130,읍,0.0,1.1,0.0,41590-37498,1396.6,126.80863,37.02001
다바3892,pm,0.206715,0.107848,-0.4761,-0.8839,0.3184,mid,0.0,4,1,1,0.05,0.832,49.0,75.0,0.0,우정읍,0.3184,0.4078,0.26361,1,DRT,31240130,읍,20.67,10.78,12.2,41590-36826,683.8,126.80854,37.02902
다바3893,pm,0.264819,0.257874,-0.2522,-0.3663,0.1046,mid,0.0,3,2,2,0.2095,2.758,218.0,278.0,0.0229,우정읍,0.1046,0.114,0.45382,2,NEW_STOP,31240130,읍,26.48,25.79,54.5,41590-36827,474.3,126.80846,37.03803
다바3894,pm,0.285816,0.442353,-0.1713,0.2703,-0.4256,mid,0.0,2,2,2,0.6442,5.549,285.0,309.0,0.2807,우정읍,-0.4256,-0.4416,0.47768,3,ADD_FREQ,31240130,읍,28.58,44.24,71.2,41590-36913,213.5,126.80838,37.04705
다바3895,pm,0.234276,0.290769,-0.3699,-0.2527,-0.0992,mid,0.0,3,2,2,0.3362,2.878,93.0,148.0,0.3333,장안면,-0.0992,-0.1172,0.34729,1,NEW_STOP,31240390,면,23.43,29.08,23.2,41590-36772,398.3,126.8083,37.05606
다바3896,pm,0.388389,0.530817,0.224,0.5756,-0.3516,mid,0.0,2,3,3,0.2755,17.903,441.0,126.0,0.1859,장안면,-0.3516,-0.3516,0.5409,3,NEW_STOP,31240390,면,38.84,53.08,110.2,41590-37434,434.7,126.80822,37.06507
다바3897,pm,0.553384,0.62025,0.8598,0.8842,-0.0244,ok,0.0,3,4,3,0.178,36.806,1212.0,210.0,0.1576,장안면,-0.0244,-0.0244,0.68013,4,NEW_STOP,31240390,면,55.34,62.03,303.0,41590-36617,493.2,126.80814,37.07409
다바3898,pm,0.51814,0.497575,0.724,0.4609,0.2631,ok,0.0,4,4,3,0.5088,10.141,1408.0,129.0,0.1669,우정읍,0.2631,0.2631,0.69956,4,ADD_FREQ,31240130,읍,51.81,49.76,352.0,41590-37397,294.7,126.80805,37.0831
다바3899,pm,0.177792,0.435917,-0.5876,0.2481,-0.5916,mid,0.0,2,1,2,0.7717,4.279,108.0,77.0,0.3426,우정읍,-0.5916,-0.8357,0.35356,1,ADD_FREQ,31240130,읍,17.78,43.59,27.0,41590-36989,137.0,126.80797,37.09211
다바3991,pm,0.0,0.011,-1.2727,-1.2181,-0.0,mid,0.0,3,0,0,0.05,0.0,0.0,3.0,0.0,장안면,-0.0,-0.0546,0.0,0,DRT,31240390,면,0.0,1.1,0.0,41590-36881,1573.9,126.81987,37.02007
다바3992,pm,0.180522,0.082342,-0.5771,-0.972,0.2823,mid,0.0,4,1,1,0.05,0.562,53.0,23.0,0.5849,장안면,0.2823,0.3949,0.31664,1,DRT,31240390,면,18.05,8.23,13.2,41590-36881,575.2,126.81979,37.02908
다바3993,pm,0.285615,0.391842,-0.1721,0.096,-0.2583,mid,0.0,2,2,2,0.5195,4.669,178.0,40.0,0.4663,장안면,-0.2583,-0.2681,0.41798,2,ADD_FREQ,31240390,면,28.56,39.18,44.5,41590-36716,288.3,126.81971,37.0381
다바3994,pm,0.235019,0.137421,-0.3671,-0.7819,0.3521,drt,0.0,4,2,1,0.05,1.204,208.0,5.0,0.3702,장안면,0.3521,0.4148,0.44065,2,DRT,31240390,면,23.5,13.74,52.0,41590-36769,669.9,126.81963,37.04711
다바3995,pm,0.203049,0.154838,-0.4903,-0.7218,0.1787,drt,0.0,3,1,1,0.1013,1.29,108.0,238.0,0.2407,장안면,0.1787,0.2315,0.37172,1,DRT,31240390,면,20.3,15.48,27.0,41590-37430,539.2,126.81955,37.05613
다바3996,pm,0.247107,0.338316,-0.3205,-0.0887,-0.2032,mid,0.0,3,2,2,0.3867,3.87,263.0,179.0,0.3612,장안면,-0.2032,-0.2318,0.47077,3,NEW_STOP,31240390,면,24.71,33.83,65.8,41590-36915,368.0,126.81947,37.06514
다바3997,pm,0.672169,0.895508,1.3175,1.834,-0.5165,ok,0.0,2,4,4,0.597,117.737,1675.0,277.0,0.1152,장안면,-0.5165,-0.5165,0.72508,4,ADD_FREQ,31240390,면,67.22,89.55,418.8,41590-37524,241.8,126.81938,37.07415
다바3998,pm,0.872132,0.991524,2.0881,2.1653,-0.0772,ok,0.0,3,4,4,0.9652,129.425,4856.0,1504.0,0.1606,우정읍,-0.0772,-0.0772,0.87175,4,ADD_FREQ,31240130,읍,87.21,99.15,1214.0,41590-36022,20.9,126.8193,37.08317
다바3999,pm,0.673223,0.72507,1.3216,1.2459,0.0757,ok,0.0,3,4,4,0.5897,40.329,2653.0,379.0,0.1135,우정읍,0.0757,0.0757,0.78912,4,ADD_FREQ,31240130,읍,67.32,72.51,663.2,41590-36821,246.2,126.81922,37.09218
다바4091,pm,0.075384,0.011,-0.9822,-1.2181,0.0956,mid,0.0,3,0,0,0.05,0.0,8.0,9.0,0.0,장안면,0.0956,0.2359,0.15077,0,DRT,31240390,면,7.54,1.1,2.0,41590-55148,1726.9,126.83111,37.02013
다바4092,pm,0.082606,0.011,-0.9544,-1.2181,0.1134,mid,0.0,3,0,0,0.05,0.0,13.0,33.0,0.0,장안면,0.1134,0.2637,0.16521,0,DRT,31240390,면,8.26,1.1,3.2,41590-55148,950.8,126.83103,37.02915
다바4093,pm,0.153171,0.10234,-0.6825,-0.903,0.1417,mid,0.0,3,1,1,0.05,0.77,48.0,5.0,0.6458,장안면,0.1417,0.2205,0.29107,1,DRT,31240390,면,15.32,10.23,12.0,41590-37535,594.6,126.83095,37.03816
다바4094,pm,0.147042,0.180567,-0.7061,-0.633,-0.0457,mid,0.0,3,1,1,0.4052,0.771,50.0,86.0,0.2,장안면,-0.0457,-0.0731,0.28789,1,NEW_STOP,31240390,면,14.7,18.06,12.5,41590-36776,356.9,126.83087,37.04718
다바4095,pm,0.166169,0.20715,-0.6324,-0.5413,-0.0617,mid,0.0,3,1,1,0.1425,2.001,53.0,42.0,0.5849,장안면,-0.0617,-0.0911,0.31809,1,DRT,31240390,면,16.62,20.71,13.2,41590-36773,514.5,126.83079,37.05619
다바4096,pm,0.197546,0.076501,-0.5115,-0.9921,0.3644,drt,0.0,4,1,1,0.05,0.506,107.0,210.0,0.1402,장안면,0.3644,0.4806,0.36273,1,DRT,31240390,면,19.75,7.65,26.8,41590-37514,768.5,126.83071,37.0652
다바4097,pm,0.283533,0.483931,-0.1801,0.4138,-0.5694,mid,0.0,2,2,3,0.48,9.644,178.0,125.0,0.3933,장안면,-0.5694,-0.5939,0.41642,2,NEW_STOP,31240390,면,28.35,48.39,44.5,41590-37129,312.0,126.83063,37.07422
다바4098,pm,0.546422,0.65209,0.833,0.9941,-0.1611,ok,0.0,3,4,4,0.5822,25.461,866.0,556.0,0.1409,장안면,-0.1611,-0.1611,0.63069,4,ADD_FREQ,31240390,면,54.64,65.21,216.5,41590-37125,250.7,126.83055,37.08323
다바4099,pm,0.519715,0.625603,0.73,0.9027,-0.1726,ok,0.0,3,4,4,0.8387,14.758,474.0,172.0,0.211,장안면,-0.1726,-0.1726,0.5498,3,ADD_FREQ,31240390,면,51.97,62.56,118.5,41590-36835,96.8,126.83048,37.09224
다바4191,pm,0.030183,0.011,-1.1564,-1.2181,0.0138,mid,0.0,3,0,0,0.05,0.0,5.0,3.0,0.0,장안면,0.0138,0.0617,0.06037,0,DRT,31240390,면,3.02,1.1,1.2,41590-55148,1553.1,126.84235,37.0202
다바4192,pm,0.063469,0.234438,-1.0281,-0.4471,-0.2106,mid,0.0,3,0,1,0.05,3.042,8.0,10.0,1.25,장안면,-0.2106,-0.581,0.12528,0,DRT,31240390,면,6.35,23.44,2.0,41590-55148,580.1,126.84227,37.02921
다바4193,pm,0.346858,0.594661,0.0639,0.7959,-0.732,mid,0.0,1,3,3,0.7247,14.191,378.0,103.0,0.4233,장안면,-0.732,-0.732,0.51531,3,ADD_FREQ,31240390,면,34.69,59.47,94.5,41590-36984,165.2,126.84219,37.03822
다바4194,pm,0.128064,0.03938,-0.7792,-1.1202,0.195,mid,0.0,3,0,1,0.179,0.0,38.0,14.0,0.3947,장안면,0.195,0.341,0.25576,1,NEW_STOP,31240390,면,12.81,3.94,9.5,41590-36776,492.6,126.84212,37.04724
다바4195,pm,0.202098,0.312654,-0.4939,-0.1772,-0.2437,mid,0.0,3,1,2,0.5537,2.297,118.0,61.0,0.5424,장안면,-0.2437,-0.3167,0.38255,2,ADD_FREQ,31240390,면,20.21,31.27,29.5,41590-36942,267.8,126.84204,37.05625
다바4196,pm,0.398184,0.5476,0.2617,0.6335,-0.3718,ok,0.0,2,3,3,0.5212,13.975,274.0,364.0,0.3102,장안면,-0.3718,-0.3718,0.47434,3,ADD_FREQ,31240390,면,39.82,54.76,68.5,41590-37132,287.3,126.84196,37.06527
다바4197,pm,0.314133,0.235425,-0.0622,-0.4437,0.3815,mid,0.0,4,2,1,0.05,3.067,283.0,155.0,0.4276,장안면,0.3815,0.3815,0.47754,3,DRT,31240390,면,31.41,23.54,70.8,41590-36909,654.3,126.84188,37.07428
다바4198,pm,0.173888,0.205706,-0.6026,-0.5463,-0.0393,drt,0.0,3,1,1,0.1258,2.043,89.0,265.0,0.1685,장안면,-0.0393,-0.0564,0.34339,1,DRT,31240390,면,17.39,20.57,22.2,41590-55497,524.5,126.84181,37.08329
다바4199,pm,0.317193,0.156231,-0.0504,-0.717,0.6666,mid,0.0,4,2,1,0.05,1.479,303.0,235.0,0.2145,장안면,0.6666,0.6666,0.49068,3,DRT,31240390,면,31.72,15.62,75.8,41590-37453,751.0,126.84173,37.09231
다바4292,pm,0.158249,0.011,-0.6629,-1.2181,0.3644,mid,0.0,4,1,0,0.05,0.0,58.0,18.0,0.2241,장안면,0.3644,0.5552,0.3165,1,DRT,31240390,면,15.82,1.1,14.5,41590-36982,1086.0,126.85351,37.02927
다바4293,pm,0.33578,0.349973,0.0212,-0.0484,0.0697,mid,0.0,3,3,2,0.3565,4.46,358.0,170.0,0.3296,장안면,0.0697,0.0697,0.51085,3,NEW_STOP,31240390,면,33.58,35.0,89.5,41590-36714,386.1,126.85344,37.03829
다바4294,pm,0.291179,0.446809,-0.1506,0.2857,-0.4257,mid,0.0,2,2,2,0.4912,7.311,126.0,288.0,0.2937,장안면,-0.4257,-0.4363,0.38516,2,NEW_STOP,31240390,면,29.12,44.68,31.5,41590-36798,305.3,126.85336,37.0473
다바4295,pm,0.324393,0.553542,-0.0226,0.654,-0.6766,mid,0.0,2,2,3,0.6448,12.111,153.0,201.0,0.3595,장안면,-0.6766,-0.6766,0.4044,2,ADD_FREQ,31240390,면,32.44,55.35,38.2,41590-37823,213.1,126.85329,37.05631
다바4296,pm,0.382971,0.560118,0.2031,0.6767,-0.4736,mid,0.0,2,3,3,0.8808,8.875,252.0,980.0,0.1151,장안면,-0.4736,-0.4736,0.46765,3,ADD_FREQ,31240390,면,38.3,56.01,63.0,41590-37796,71.5,126.85321,37.06533
다바4297,pm,0.493778,0.498635,0.6301,0.4645,0.1656,ok,0.0,3,3,3,0.5453,9.666,436.0,745.0,0.1904,장안면,0.1656,0.1656,0.54124,3,ADD_FREQ,31240390,면,49.38,49.86,109.0,41590-37142,272.8,126.85313,37.07434
다바4298,pm,0.315285,0.282777,-0.0577,-0.2803,0.2226,mid,0.0,3,2,2,0.05,4.468,167.0,576.0,0.1557,장안면,0.2226,0.2226,0.41642,2,DRT,31240390,면,31.53,28.28,41.8,41590-37151,661.4,126.85306,37.08335
다바4299,pm,0.234765,0.014638,-0.368,-1.2056,0.7103,drt,0.0,5,2,1,0.05,0.023,232.0,891.0,0.0431,장안면,0.7103,0.8376,0.46067,3,DRT,31240390,면,23.48,1.46,58.0,41590-37158,794.0,126.85298,37.09237
다바4393,pm,0.079088,0.011,-0.968,-1.2181,0.1046,mid,0.0,3,0,0,0.05,0.0,18.0,3.0,0.0,장안면,0.1046,0.2502,0.15818,0,DRT,31240390,면,7.91,1.1,4.5,41590-36714,1175.4,126.86468,37.03835
다바4394,pm,0.1781,0.289817,-0.5864,-0.256,-0.2341,mid,0.0,3,1,2,0.4052,2.506,78.0,21.0,0.4615,장안면,-0.2341,-0.3304,0.32275,1,NEW_STOP,31240390,면,17.81,28.98,19.5,41590-37820,356.9,126.86461,37.04736
다바4395,pm,0.192798,0.261084,-0.5298,-0.3552,-0.1303,drt,0.0,3,1,2,0.3515,2.154,98.0,69.0,0.4796,장안면,-0.1303,-0.1746,0.35859,1,NEW_STOP,31240390,면,19.28,26.11,24.5,41590-37819,389.1,126.86453,37.05637
다바4396,pm,0.195863,0.13305,-0.5179,-0.797,0.2104,drt,0.0,3,1,1,0.1055,0.987,110.0,134.0,0.2818,장안면,0.2104,0.279,0.37425,1,DRT,31240390,면,19.59,13.31,27.5,41590-36727,536.7,126.86446,37.06539
다바4397,pm,0.442707,0.454924,0.4333,0.3137,0.1196,ok,0.0,3,3,3,0.2615,10.991,461.0,1229.0,0.1345,장안면,0.1196,0.1196,0.55203,3,NEW_STOP,31240390,면,44.27,45.49,115.2,41590-37942,443.1,126.86438,37.0744
다바4398,pm,0.455823,0.595126,0.4838,0.7975,-0.3137,ok,0.0,2,3,3,0.444,21.412,411.0,969.0,0.1582,장안면,-0.3137,-0.3137,0.53148,3,NEW_STOP,31240390,면,45.58,59.51,102.8,41590-37156,333.6,126.86431,37.08342
다바4399,pm,0.518028,0.479233,0.7235,0.3976,0.326,ok,0.0,4,4,3,0.6762,6.892,576.0,684.0,0.2066,장안면,0.326,0.326,0.57785,3,ADD_FREQ,31240390,면,51.8,47.92,144.0,41590-37840,194.3,126.86423,37.09243
다바4495,pm,0.055551,0.096355,-1.0587,-0.9236,-0.0449,mid,0.0,3,0,1,0.05,0.705,8.0,5.0,0.0,장안면,-0.0449,-0.1351,0.10172,0,DRT,31240390,면,5.56,9.64,2.0,41590-37819,611.9,126.87578,37.05643
다바4496,pm,0.156079,0.13553,-0.6713,-0.7884,0.0762,mid,0.0,3,1,1,0.1117,1.001,43.0,26.0,0.2326,장안면,0.0762,0.1172,0.29451,1,DRT,31240390,면,15.61,13.55,10.8,41590-36727,533.0,126.8757,37.06545
다바4497,pm,0.26892,0.329366,-0.2364,-0.1196,-0.1083,mid,0.0,3,2,2,0.312,4.103,38.0,346.0,0.1316,장안면,-0.1083,-0.1169,0.23859,0,NEW_STOP,31240390,면,26.89,32.94,9.5,41590-37613,412.8,126.87563,37.07446
다바4498,pm,0.143289,0.067095,-0.7205,-1.0246,0.1871,mid,0.0,3,1,1,0.05,0.42,39.0,17.0,0.2564,장안면,0.1871,0.304,0.25798,1,DRT,31240390,면,14.33,6.71,9.8,41590-37841,731.2,126.87556,37.08348
다바4499,pm,0.166013,0.011,-0.633,-1.2181,0.3962,mid,0.0,4,1,0,0.05,0.0,68.0,117.0,0.4853,장안면,0.3962,0.5852,0.33203,1,DRT,31240390,면,16.6,1.1,17.0,41590-37840,808.9,126.87548,37.09249
다바4597,pm,0.24939,0.290893,-0.3117,-0.2523,-0.0524,mid,0.0,3,2,2,0.5285,1.979,108.0,163.0,0.3611,향남읍,-0.0524,-0.0594,0.3647,1,ADD_FREQ,31240140,읍,24.94,29.09,27.0,41590-37814,282.9,126.88688,37.07452
다바4598,pm,0.143049,0.011,-0.7215,-1.2181,0.3053,mid,0.0,4,1,0,0.05,0.0,51.0,174.0,0.098,향남읍,0.3053,0.4967,0.2861,1,DRT,31240140,읍,14.3,1.1,12.8,41590-37814,813.5,126.88681,37.08353
다바4599,pm,0.256594,0.365631,-0.2839,0.0056,-0.2601,mid,0.0,2,2,2,0.601,3.302,285.0,329.0,0.4982,향남읍,-0.2601,-0.2895,0.49056,3,ADD_FREQ,31240140,읍,25.66,36.56,71.2,41590-37875,239.4,126.88673,37.09255
다바4697,pm,0.284495,0.421906,-0.1764,0.1998,-0.3615,mid,0.0,2,2,2,0.5952,5.165,73.0,189.0,0.3836,향남읍,-0.3615,-0.3762,0.34023,1,ADD_FREQ,31240140,읍,28.45,42.19,18.2,41590-36733,242.9,126.89813,37.07458
다바4698,pm,0.578799,0.596045,0.9577,0.8007,0.1571,ok,0.0,3,4,3,0.736,14.086,769.0,3343.0,0.0507,향남읍,0.1571,0.1571,0.62238,4,ADD_FREQ,31240140,읍,57.88,59.6,192.2,41590-37759,158.4,126.89806,37.08359
다바4699,pm,0.547794,0.584818,0.8383,0.7619,0.0763,ok,0.0,3,4,3,0.3587,22.63,1112.0,1830.0,0.1628,향남읍,0.0763,0.0763,0.66602,4,NEW_STOP,31240140,읍,54.78,58.48,278.0,41590-37876,384.8,126.89799,37.09261
다바4797,pm,0.362197,0.377256,0.123,0.0457,0.0773,mid,0.0,3,3,2,0.8607,2.237,203.0,1295.0,0.2956,양감면,0.0773,0.0773,0.44047,2,ADD_FREQ,31240420,면,36.22,37.73,50.8,41590-37868,83.6,126.90938,37.07463
다바4798,pm,0.757529,0.574262,1.6465,0.7255,0.921,need,1.21104,5,4,3,0.5162,16.813,3945.0,3493.0,0.0416,향남읍,0.921,0.921,0.8453,4,ADD_FREQ,31240140,읍,75.75,57.43,986.2,41590-55074,290.3,126.90931,37.08365
다바4799,pm,0.431315,0.665009,0.3894,1.0386,-0.6493,ok,0.0,2,3,4,0.5155,30.441,68.0,4971.0,0.0,향남읍,-0.6493,-0.6493,0.2982,1,ADD_FREQ,31240140,읍,43.13,66.5,17.0,41590-37405,290.7,126.90924,37.09266
다바4896,pm,0.36408,0.055843,0.1303,-1.0634,1.1937,mid,0.0,5,3,1,0.2538,0.0,289.0,291.0,0.3356,양감면,1.1937,1.1937,0.47928,3,NEW_STOP,31240420,면,36.41,5.58,72.2,41590-37964,447.7,126.9207,37.06568
다바4897,pm,0.289569,0.1474,-0.1568,-0.7475,0.5741,mid,0.0,4,2,1,0.67,0.0,187.0,315.0,0.2299,양감면,0.5741,0.5906,0.43189,2,ADD_FREQ,31240420,면,28.96,14.74,46.8,41590-55069,198.0,126.92063,37.07469
다바4898,pm,0.302676,0.423831,-0.1063,0.2064,-0.3127,mid,0.0,2,2,2,0.7488,4.051,240.0,778.0,0.2042,향남읍,-0.3127,-0.3127,0.46319,3,ADD_FREQ,31240140,읍,30.27,42.38,60.0,41590-55367,150.7,126.92056,37.0837
다바4899,pm,0.200957,0.297511,-0.4983,-0.2295,-0.2061,mid,0.0,3,1,2,0.151,4.218,93.0,736.0,0.2796,향남읍,-0.2061,-0.2688,0.34553,1,NEW_STOP,31240140,읍,20.1,29.75,23.2,41590-37344,509.4,126.92049,37.09272
다바4996,pm,0.293741,0.2427,-0.1408,-0.4186,0.2726,mid,0.0,4,2,1,0.5362,1.181,210.0,652.0,0.1,양감면,0.2726,0.2779,0.43529,2,ADD_FREQ,31240420,면,29.37,24.27,52.5,41590-60030,278.3,126.93194,37.06573
다바4997,pm,0.207253,0.04708,-0.4741,-1.0936,0.4846,drt,0.0,4,1,1,0.05,0.253,133.0,486.0,0.2556,양감면,0.4846,0.6196,0.38355,2,DRT,31240420,면,20.73,4.71,33.2,41590-60032,670.3,126.93188,37.07474
다바4998,pm,0.272507,0.380192,-0.2226,0.0558,-0.2602,mid,0.0,2,2,2,0.3707,5.468,157.0,532.0,0.3121,양감면,-0.2602,-0.2784,0.41492,2,NEW_STOP,31240420,면,27.25,38.02,39.2,41590-55408,377.6,126.93181,37.08376
다바4999,pm,0.311496,0.402351,-0.0723,0.1323,-0.2046,mid,0.0,3,2,2,0.2872,7.333,221.0,396.0,0.1674,양감면,-0.2046,-0.2046,0.44332,2,NEW_STOP,31240420,면,31.15,40.24,55.2,41590-55834,427.7,126.93174,37.09277
다바5096,pm,0.242938,0.038019,-0.3365,-1.1249,0.6836,mid,0.0,4,2,1,0.05,0.184,265.0,1123.0,0.0566,양감면,0.6836,0.7884,0.47509,3,DRT,31240420,면,24.29,3.8,66.2,41590-60029,658.8,126.94319,37.06578
다바5097,pm,0.346386,0.37098,0.0621,0.024,0.0381,mid,0.0,3,3,2,0.7043,2.859,398.0,976.0,0.1106,양감면,0.0381,0.0381,0.53044,3,ADD_FREQ,31240420,면,34.64,37.1,99.5,41590-37857,177.4,126.94313,37.0748
다바5098,pm,0.553801,0.74173,0.8614,1.3034,-0.442,ok,0.0,2,4,4,0.8073,33.0,604.0,491.0,0.1788,양감면,-0.442,-0.442,0.58244,3,ADD_FREQ,31240420,면,55.38,74.17,151.0,41590-36778,115.6,126.94306,37.08381
다바5099,pm,0.381668,0.447408,0.1981,0.2878,-0.0897,mid,0.0,3,3,2,0.5137,7.088,280.0,397.0,0.1571,양감면,-0.0897,-0.0897,0.48215,3,ADD_FREQ,31240420,면,38.17,44.74,70.0,41590-36106,291.8,126.943,37.09283
다바5197,pm,0.319226,0.586748,-0.0426,0.7686,-0.8111,mid,0.0,1,2,3,0.4865,19.061,169.0,246.0,0.2012,양감면,-0.8111,-0.8111,0.42571,2,NEW_STOP,31240420,면,31.92,58.67,42.2,41590-36133,308.1,126.95438,37.07485
다바5198,pm,0.31129,0.522912,-0.0731,0.5483,-0.6214,mid,0.0,2,2,3,0.2475,17.698,178.0,55.0,0.3652,양감면,-0.6214,-0.6214,0.42417,2,NEW_STOP,31240420,면,31.13,52.29,44.5,41590-36127,451.5,126.95431,37.08386
다바5199,pm,0.368391,0.208311,0.1469,-0.5373,0.6842,mid,0.0,4,3,1,0.5845,0.646,278.0,377.0,0.1583,양감면,0.6842,0.6842,0.47973,3,ADD_FREQ,31240420,면,36.84,20.83,69.5,41590-55462,249.3,126.95425,37.09288
다바5297,pm,0.362613,0.680902,0.1246,1.0935,-0.9688,mid,0.0,1,3,4,0.7045,25.777,202.0,559.0,0.1782,양감면,-0.9688,-0.9688,0.43806,2,ADD_FREQ,31240420,면,36.26,68.09,50.5,41590-36150,177.3,126.96563,37.0749
다바5298,pm,0.211946,0.145697,-0.456,-0.7533,0.236,drt,0.0,3,1,1,0.2075,0.869,89.0,405.0,0.4045,양감면,0.236,0.2974,0.35741,1,NEW_STOP,31240420,면,21.19,14.57,22.2,41590-36791,475.5,126.96556,37.08392
다바5299,pm,0.364246,0.193997,0.1309,-0.5867,0.7176,mid,0.0,5,3,1,0.1295,1.814,400.0,958.0,0.2125,양감면,0.7176,0.7176,0.52806,3,DRT,31240420,면,36.42,19.4,100.0,41590-36165,522.3,126.9655,37.09293
다바5397,pm,0.356746,0.522986,0.102,0.5486,-0.4465,mid,0.0,2,3,3,0.617,10.254,184.0,319.0,0.2228,양감면,-0.4465,-0.4465,0.43316,2,ADD_FREQ,31240420,면,35.67,52.3,46.0,41590-36478,229.8,126.97688,37.07495
다바5398,pm,0.342757,0.385964,0.0481,0.0757,-0.0276,mid,0.0,3,3,2,0.4117,5.338,248.0,794.0,0.1573,양감면,-0.0276,-0.0276,0.46917,3,NEW_STOP,31240420,면,34.28,38.6,62.0,41590-36207,353.0,126.97681,37.08397
다바5399,pm,0.340676,0.439093,0.0401,0.2591,-0.219,mid,0.0,3,3,2,0.658,5.296,139.0,435.0,0.1655,양감면,-0.219,-0.219,0.39184,2,ADD_FREQ,31240420,면,34.07,43.91,34.8,41590-55342,205.2,126.97675,37.09298
다바5497,pm,0.257585,0.259007,-0.2801,-0.3623,0.0741,mid,0.0,3,2,2,0.05,3.713,186.0,107.0,0.3763,양감면,0.0741,0.0822,0.43106,2,DRT,31240420,면,25.76,25.9,46.5,41590-36472,625.9,126.98813,37.075
다바5498,pm,0.200868,0.447414,-0.4987,0.2878,-0.6027,mid,0.0,2,1,3,0.3933,8.544,38.0,126.0,0.2632,양감면,-0.6027,-0.7865,0.26147,1,NEW_STOP,31240420,면,20.09,44.74,9.5,41590-36473,364.0,126.98806,37.08401
다바5499,pm,0.327524,0.291714,-0.0106,-0.2495,0.2389,mid,0.0,3,3,2,0.5403,1.946,249.0,242.0,0.4056,양감면,0.2389,0.2389,0.45932,3,ADD_FREQ,31240420,면,32.75,29.17,62.2,41590-36251,275.8,126.988,37.09303
다사1401,pm,0.076796,0.011,-0.9768,-1.2181,0.099,mid,0.0,3,0,0,0.05,0.0,13.0,0.0,0.7692,우정읍,0.099,0.2414,0.15359,0,DRT,31240130,읍,7.68,1.1,3.2,41590-60113,9432.9,126.53771,37.10826
다사2208,pm,0.301109,0.142392,-0.1124,-0.7647,0.6504,mid,0.0,4,2,1,0.64,0.01,183.0,153.0,0.4645,서신면,0.6504,0.6524,0.42795,2,ADD_FREQ,31240370,면,30.11,14.24,45.8,41590-60007,216.0,126.62702,37.17205
다사2302,pm,0.0,0.011,-1.2727,-1.2181,-0.0,mid,0.0,3,0,0,0.05,0.0,0.0,0.0,0.0,서신면,-0.0,-0.0546,0.0,0,DRT,31240370,면,0.0,1.1,0.0,41590-37837,4003.1,126.63889,37.11805
다사2405,pm,0.0,0.011,-1.2727,-1.2181,-0.0,mid,0.0,3,0,0,0.05,0.0,0.0,0.0,0.0,서신면,-0.0,-0.0546,0.0,0,DRT,31240370,면,0.0,1.1,0.0,41590-36947,2469.6,126.64985,37.14517
다사2416,pm,0.17523,0.271394,-0.5975,-0.3196,-0.1949,mid,0.0,3,1,2,0.2992,2.615,93.0,10.0,0.4194,송산면,-0.1949,-0.2779,0.34553,1,NEW_STOP,31240360,면,17.52,27.14,23.2,41590-55867,420.5,126.64873,37.24431
다사2417,pm,0.0,0.011,-1.2727,-1.2181,-0.0,mid,0.0,3,0,0,0.05,0.0,0.0,0.0,0.0,송산면,-0.0,-0.0546,0.0,0,DRT,31240360,면,0.0,1.1,0.0,41590-60130,908.5,126.64863,37.25333
다사2420,pm,0.0,0.011,-1.2727,-1.2181,-0.0,mid,0.0,3,0,0,0.05,0.0,0.0,0.0,0.0,송산면,-0.0,-0.0546,0.0,0,DRT,31240360,면,0.0,1.1,0.0,41590-60130,3774.4,126.64833,37.28037
다사2508,pm,0.435589,0.839279,0.4059,1.64,-1.2341,ok,0.0,0,3,4,0.8037,61.878,208.0,150.0,0.4327,서신면,-1.2341,-1.2341,0.43278,2,ADD_FREQ,31240370,면,43.56,83.93,52.0,41590-55347,117.8,126.66081,37.17229
다사2511,pm,0.197385,0.192734,-0.5121,-0.591,0.0598,mid,0.0,3,1,1,0.0567,2.086,8.0,22.0,0.0,송산면,0.0598,0.0789,0.05575,0,DRT,31240360,면,19.74,19.27,2.0,41590-55063,566.0,126.66051,37.19933
다사2512,pm,0.0,0.011,-1.2727,-1.2181,-0.0,mid,0.0,3,0,0,0.05,0.0,0.0,0.0,0.0,송산면,-0.0,-0.0546,0.0,0,DRT,31240360,면,0.0,1.1,0.0,41590-55063,1457.6,126.66041,37.20834
다사2514,pm,0.0,0.011,-1.2727,-1.2181,-0.0,mid,0.0,3,0,0,0.05,0.0,0.0,0.0,0.0,송산면,-0.0,-0.0546,0.0,0,DRT,31240360,면,0.0,1.1,0.0,41590-55189,1365.4,126.66021,37.22637
다사2515,pm,0.140279,0.287913,-0.7321,-0.2626,-0.2849,mid,0.0,2,1,2,0.276,3.138,33.0,3.0,0.4545,송산면,-0.2849,-0.4695,0.2619,1,NEW_STOP,31240360,면,14.03,28.79,8.2,41590-55189,434.4,126.66011,37.23538
다사2516,pm,0.103828,0.260294,-0.8726,-0.3579,-0.2569,mid,0.0,2,0,2,0.1043,3.409,18.0,7.0,1.1111,송산면,-0.2569,-0.5147,0.1917,0,DRT,31240360,면,10.38,26.03,4.5,41590-60130,537.4,126.66001,37.2444
다사2517,pm,0.0,0.011,-1.2727,-1.2181,-0.0,mid,0.0,3,0,0,0.05,0.0,0.0,0.0,0.0,송산면,-0.0,-0.0546,0.0,0,DRT,31240360,면,0.0,1.1,0.0,41590-60130,873.1,126.65991,37.25341
다사2518,pm,0.0,0.011,-1.2727,-1.2181,-0.0,mid,0.0,3,0,0,0.05,0.0,0.0,0.0,0.0,송산면,-0.0,-0.0546,0.0,0,DRT,31240360,면,0.0,1.1,0.0,41590-60130,1798.4,126.65981,37.26242
다사2519,pm,0.0,0.011,-1.2727,-1.2181,-0.0,mid,0.0,3,0,0,0.05,0.0,0.0,0.0,0.0,송산면,-0.0,-0.0546,0.0,0,DRT,31240360,면,0.0,1.1,0.0,41590-60130,2775.8,126.65971,37.27143
다사2520,pm,0.0,0.011,-1.2727,-1.2181,-0.0,mid,0.0,3,0,0,0.05,0.0,0.0,0.0,0.0,송산면,-0.0,-0.0546,0.0,0,DRT,31240360,면,0.0,1.1,0.0,41590-60130,3766.0,126.65961,37.28045
다사2607,pm,0.420393,0.838988,0.3473,1.639,-1.2917,ok,0.0,0,3,4,0.8675,56.489,190.0,288.0,0.3105,서신면,-1.2917,-1.2917,0.43234,2,ADD_FREQ,31240370,면,42.04,83.9,47.5,41590-37866,79.5,126.67217,37.16336
다사2608,pm,0.32939,0.409497,-0.0034,0.157,-0.1603,mid,0.0,3,3,2,0.05,11.074,294.0,91.0,0.5646,서신면,-0.1603,-0.1603,0.48596,3,DRT,31240370,면,32.94,40.95,73.5,41590-37926,671.1,126.67207,37.17237
다사2609,pm,0.381378,0.395292,0.197,0.1079,0.089,mid,0.0,3,3,2,0.2442,7.459,251.0,1185.0,0.0717,서신면,0.089,0.089,0.46561,3,NEW_STOP,31240370,면,38.14,39.53,62.8,41590-37258,453.5,126.67197,37.18138
다사2610,pm,0.353414,0.326186,0.0892,-0.1305,0.2197,mid,0.0,3,3,2,0.3945,3.466,180.0,1248.0,0.0278,서신면,0.2197,0.2197,0.42322,2,NEW_STOP,31240370,면,35.34,32.62,45.0,41590-37595,363.3,126.67187,37.1904
다사2611,pm,0.03765,0.107848,-1.1276,-0.8839,-0.0629,mid,0.0,3,0,1,0.05,0.832,5.0,14.0,0.0,송산면,-0.0629,-0.2437,0.06037,0,DRT,31240360,면,3.77,10.78,1.2,41590-37893,596.1,126.67178,37.19941
다사2612,pm,0.167866,0.125282,-0.6258,-0.8238,0.135,mid,0.0,3,1,1,0.0528,1.035,73.0,71.0,0.5068,송산면,0.135,0.198,0.31708,1,DRT,31240360,면,16.79,12.53,18.2,41590-36346,568.3,126.67168,37.20842
다사2613,pm,0.145302,0.021823,-0.7128,-1.1808,0.2906,mid,0.0,4,1,1,0.05,0.07,33.0,25.0,0.9394,송산면,0.2906,0.468,0.28931,1,DRT,31240360,면,14.53,2.18,8.2,41590-36346,784.2,126.67158,37.21744
다사2614,pm,0.0,0.011,-1.2727,-1.2181,-0.0,mid,0.0,3,0,0,0.05,0.0,0.0,28.0,0.0,송산면,-0.0,-0.0546,0.0,0,DRT,31240360,면,0.0,1.1,0.0,41590-55195,1315.1,126.67148,37.22645
다사2615,pm,0.242224,0.233127,-0.3393,-0.4516,0.0972,mid,0.0,3,2,1,0.05,3.009,224.0,93.0,0.5045,송산면,0.0972,0.1124,0.44582,2,DRT,31240360,면,24.22,23.31,56.0,41590-55190,628.3,126.67138,37.23546
다사2616,pm,0.226563,0.367153,-0.3996,0.0108,-0.3402,mid,0.0,2,2,2,0.2913,5.649,138.0,5.0,0.3623,송산면,-0.3402,-0.4105,0.38091,1,NEW_STOP,31240360,면,22.66,36.72,34.5,41590-55190,425.2,126.67128,37.24447
다사2617,pm,0.0,0.011,-1.2727,-1.2181,-0.0,mid,0.0,3,0,0,0.05,0.0,0.0,0.0,0.0,송산면,-0.0,-0.0546,0.0,0,DRT,31240360,면,0.0,1.1,0.0,41590-55190,1403.0,126.67118,37.25349
다사2618,pm,0.0,0.011,-1.2727,-1.2181,-0.0,mid,0.0,3,0,0,0.05,0.0,0.0,0.0,0.0,송산면,-0.0,-0.0546,0.0,0,DRT,31240360,면,0.0,1.1,0.0,41590-60062,2155.7,126.67108,37.2625
다사2619,pm,0.0,0.011,-1.2727,-1.2181,-0.0,mid,0.0,3,0,0,0.05,0.0,0.0,0.0,0.0,송산면,-0.0,-0.0546,0.0,0,DRT,31240360,면,0.0,1.1,0.0,41590-60062,2785.2,126.67099,37.27151
다사2620,pm,0.0,0.011,-1.2727,-1.2181,-0.0,mid,0.0,3,0,0,0.05,0.0,0.0,0.0,0.0,송산면,-0.0,-0.0546,0.0,0,DRT,31240360,면,0.0,1.1,0.0,41590-60062,3588.4,126.67089,37.28053
다사2703,pm,0.208482,0.386737,-0.4693,0.0784,-0.43,mid,0.0,2,1,2,0.8738,2.373,143.0,15.0,0.3916,서신면,-0.43,-0.5477,0.38996,2,ADD_FREQ,31240370,면,20.85,38.67,35.8,41590-36489,75.7,126.68382,37.12738
다사2704,pm,0.179458,0.011,-0.5812,-1.2181,0.4537,drt,0.0,4,1,0,0.05,0.0,98.0,16.0,0.4796,서신면,0.4537,0.637,0.35892,1,DRT,31240370,면,17.95,1.1,24.5,41590-37029,765.5,126.68372,37.13639
다사2705,pm,0.168252,0.130643,-0.6243,-0.8053,0.1236,mid,0.0,3,1,1,0.5938,0.0,73.0,19.0,0.4247,서신면,0.1236,0.1809,0.3365,1,ADD_FREQ,31240370,면,16.83,13.06,18.2,41590-36840,243.7,126.68362,37.14541
다사2707,pm,0.214759,0.232206,-0.4451,-0.4548,0.0078,drt,0.0,3,1,1,0.05,2.986,93.0,241.0,0.0538,서신면,0.0078,0.0097,0.34553,1,DRT,31240370,면,21.48,23.22,23.2,41590-37017,709.8,126.68343,37.16343
다사2708,pm,0.449944,0.757252,0.4612,1.3569,-0.8958,ok,0.0,1,3,4,0.5282,53.999,268.0,365.0,0.2201,서신면,-0.8958,-0.8958,0.47377,3,ADD_FREQ,31240370,면,44.99,75.73,67.0,41590-37784,283.1,126.68333,37.17245
다사2709,pm,0.192275,0.274235,-0.5318,-0.3098,-0.1653,mid,0.0,3,1,2,0.0515,4.173,118.0,145.0,0.2373,서신면,-0.1653,-0.222,0.38399,2,DRT,31240370,면,19.23,27.42,29.5,41590-36491,569.1,126.68324,37.18146
다사2710,pm,0.234747,0.285221,-0.3681,-0.2719,-0.0816,mid,0.0,3,2,2,0.7532,1.111,118.0,597.0,0.2797,서신면,-0.0816,-0.0962,0.3848,2,ADD_FREQ,31240370,면,23.47,28.52,29.5,41590-37511,148.1,126.68314,37.19047
다사2711,pm,0.129979,0.011,-0.7718,-1.2181,0.2577,mid,0.0,4,0,0,0.05,0.0,38.0,41.0,0.2632,서신면,0.2577,0.4463,0.25996,1,DRT,31240370,면,13.0,1.1,9.5,41590-37511,1135.6,126.68304,37.19949
다사2712,pm,0.125629,0.088962,-0.7886,-0.9491,0.0907,mid,0.0,3,0,1,0.05,0.628,33.0,141.0,0.4545,송산면,0.0907,0.1605,0.2396,0,DRT,31240360,면,12.56,8.9,8.2,41590-36346,621.0,126.68295,37.2085
다사2713,pm,0.186821,0.496459,-0.5528,0.457,-0.7382,over,0.0,1,1,3,0.8748,5.688,73.0,240.0,0.3151,송산면,-0.7382,-1.0098,0.33085,1,ADD_FREQ,31240360,면,18.68,49.65,18.2,41590-36490,75.1,126.68285,37.21751
다사2714,pm,0.206601,0.064024,-0.4766,-1.0352,0.436,drt,0.0,4,1,1,0.05,0.393,109.0,274.0,0.3303,송산면,0.436,0.5586,0.38146,1,DRT,31240360,면,20.66,6.4,27.2,41590-55193,756.0,126.68275,37.22653
다사2715,pm,0.31484,0.622776,-0.0595,0.8929,-0.9524,mid,0.0,1,2,4,0.8472,14.302,184.0,242.0,0.3207,송산면,-0.9524,-0.9524,0.42097,2,ADD_FREQ,31240360,면,31.48,62.28,46.0,41590-55194,91.7,126.68265,37.23554
다사2716,pm,0.16666,0.011,-0.6305,-1.2181,0.3989,mid,0.0,4,1,0,0.05,0.0,78.0,12.0,0.6667,송산면,0.3989,0.5877,0.33332,1,DRT,31240360,면,16.67,1.1,19.5,41590-55864,913.1,126.68256,37.24455
다사2717,pm,0.089735,0.011,-0.9269,-1.2181,0.1322,mid,0.0,3,0,0,0.05,0.0,13.0,0.0,0.0,송산면,0.1322,0.2912,0.17947,0,DRT,31240360,면,8.97,1.1,3.2,41590-60062,880.0,126.68246,37.25357
다사2718,pm,0.0,0.011,-1.2727,-1.2181,-0.0,mid,0.0,3,0,0,0.05,0.0,0.0,0.0,0.0,송산면,-0.0,-0.0546,0.0,0,DRT,31240360,면,0.0,1.1,0.0,41590-60062,1374.7,126.68236,37.26258
다사2720,pm,0.0,0.011,-1.2727,-1.2181,-0.0,mid,0.0,3,0,0,0.05,0.0,0.0,3.0,0.0,송산면,-0.0,-0.0546,0.0,0,DRT,31240360,면,0.0,1.1,0.0,41590-60062,3181.4,126.68217,37.28061
다사2802,pm,0.447776,0.355431,0.4528,-0.0296,0.4824,mid,0.0,4,3,2,0.209,5.92,149.0,148.0,0.1879,서신면,0.4824,0.4824,0.39782,2,NEW_STOP,31240370,면,44.78,35.54,37.2,41590-37220,474.6,126.69517,37.11844
다사2803,pm,0.339815,0.56199,0.0368,0.6832,-0.6464,mid,0.0,2,3,3,0.5772,14.17,240.0,52.0,0.3,서신면,-0.6464,-0.6464,0.46334,3,ADD_FREQ,31240370,면,33.98,56.2,60.0,41590-37670,253.7,126.69507,37.12746
다사2804,pm,0.339561,0.506666,0.0358,0.4923,-0.4564,mid,0.0,2,3,3,0.4378,12.002,323.0,129.0,0.2693,서신면,-0.4564,-0.4564,0.49618,3,NEW_STOP,31240370,면,33.96,50.67,80.8,41590-37482,337.3,126.69498,37.13647
다사2805,pm,0.202232,0.246688,-0.4934,-0.4049,-0.0682,drt,0.0,3,1,1,0.0682,3.256,93.0,18.0,0.4516,서신면,-0.0682,-0.0885,0.35977,1,DRT,31240370,면,20.22,24.67,23.2,41590-36840,559.1,126.69488,37.14548
다사2806,pm,0.194038,0.228227,-0.525,-0.4686,-0.0423,mid,0.0,3,1,1,0.1848,2.23,69.0,552.0,0.2609,서신면,-0.0423,-0.0564,0.32289,1,NEW_STOP,31240370,면,19.4,22.82,17.2,41590-55209,489.1,126.69479,37.1545
다사2807,pm,0.227838,0.133229,-0.3947,-0.7964,0.3341,drt,0.0,4,2,1,0.05,1.147,223.0,89.0,0.4036,서신면,0.3341,0.4016,0.45074,2,DRT,31240370,면,22.78,13.32,55.8,41590-60102,570.7,126.69469,37.16351
다사2808,pm,0.447809,0.85918,0.453,1.7087,-1.2557,ok,0.0,0,3,4,0.9102,60.506,340.0,449.0,0.2647,서신면,-1.2557,-1.2557,0.49789,3,ADD_FREQ,31240370,면,44.78,85.92,85.0,41590-37031,53.9,126.6946,37.17252
다사2809,pm,0.228175,0.410657,-0.3934,0.161,-0.4615,mid,0.0,2,2,2,0.288,7.767,183.0,85.0,0.3825,서신면,-0.4615,-0.5544,0.4209,2,NEW_STOP,31240370,면,22.82,41.07,45.8,41590-36491,427.2,126.6945,37.18154
다사2810,pm,0.252975,0.326324,-0.2979,-0.1301,-0.1494,mid,0.0,3,2,2,0.6368,2.203,143.0,106.0,0.4895,서신면,-0.1494,-0.1678,0.39773,2,ADD_FREQ,31240370,면,25.3,32.63,35.8,41590-37371,217.9,126.69441,37.19055
다사2811,pm,0.220334,0.205554,-0.4236,-0.5468,0.1002,drt,0.0,3,1,1,0.4242,1.017,120.0,149.0,0.3,서신면,0.1002,0.1231,0.38745,2,NEW_STOP,31240370,면,22.03,20.56,30.0,41590-37923,345.5,126.69431,37.19956
다사2812,pm,0.112224,0.011,-0.8403,-1.2181,0.1984,mid,0.0,3,0,0,0.05,0.0,33.0,262.0,0.0,송산면,0.1984,0.3779,0.22445,0,DRT,31240360,면,11.22,1.1,8.2,41590-37362,1121.4,126.69421,37.20858
다사2813,pm,0.326411,0.303883,-0.0149,-0.2075,0.1926,mid,0.0,3,2,2,0.2392,3.81,392.0,1359.0,0.0918,송산면,0.1926,0.1926,0.53505,3,NEW_STOP,31240360,면,32.64,30.39,98.0,41590-36496,456.5,126.69412,37.21759
다사2814,pm,0.306022,0.458391,-0.0934,0.3257,-0.4191,mid,0.0,2,2,3,0.2108,12.138,191.0,376.0,0.3403,송산면,-0.4191,-0.4191,0.43441,2,NEW_STOP,31240360,면,30.6,45.84,47.8,41590-55197,473.5,126.69402,37.2266
다사2815,pm,0.222259,0.299916,-0.4162,-0.2212,-0.1596,mid,0.0,3,2,2,0.0847,4.803,118.0,123.0,0.4576,송산면,-0.1596,-0.195,0.38355,2,DRT,31240360,면,22.23,29.99,29.5,41590-55862,549.2,126.69393,37.23562
다사2816,pm,0.181721,0.299599,-0.5724,-0.2223,-0.2514,mid,0.0,2,1,2,0.1657,4.181,73.0,11.0,0.5068,송산면,-0.2514,-0.3502,0.32065,1,NEW_STOP,31240360,면,18.17,29.96,18.2,41590-60065,500.6,126.69383,37.24463
다사2817,pm,0.288756,0.578918,-0.16,0.7416,-0.8747,mid,0.0,1,2,3,0.7765,11.82,317.0,28.0,0.3407,송산면,-0.8747,-0.9015,0.49118,3,ADD_FREQ,31240360,면,28.88,57.89,79.2,41590-60062,134.1,126.69373,37.25364
다사2818,pm,0.0,0.011,-1.2727,-1.2181,-0.0,mid,0.0,3,0,0,0.05,0.0,0.0,0.0,0.0,송산면,-0.0,-0.0546,0.0,0,DRT,31240360,면,0.0,1.1,0.0,41590-60062,1064.8,126.69364,37.26266
다사2819,pm,0.0,0.011,-1.2727,-1.2181,-0.0,mid,0.0,3,0,0,0.05,0.0,0.0,0.0,0.0,송산면,-0.0,-0.0546,0.0,0,DRT,31240360,면,0.0,1.1,0.0,41590-60062,2061.0,126.69354,37.27167
다사2903,pm,0.047396,0.011,-1.0901,-1.2181,0.0384,mid,0.0,3,0,0,0.05,0.0,5.0,0.0,1.0,서신면,0.0384,0.1281,0.09479,0,DRT,31240370,면,4.74,1.1,1.2,41590-55216,1054.4,126.70633,37.12753
다사2904,pm,0.262938,0.432801,-0.2595,0.2374,-0.4536,mid,0.0,2,2,2,0.2742,9.262,158.0,38.0,0.443,서신면,-0.4536,-0.4968,0.41187,2,NEW_STOP,31240370,면,26.29,43.28,39.5,41590-36765,435.5,126.70624,37.13655
다사2905,pm,0.242131,0.474728,-0.3396,0.382,-0.6245,over,0.0,2,2,3,0.6105,7.398,173.0,32.0,0.4162,서신면,-0.6245,-0.7217,0.41521,2,ADD_FREQ,31240370,면,24.21,47.47,43.2,41590-55138,233.7,126.70614,37.14556
다사2906,pm,0.240929,0.537814,-0.3443,0.5997,-0.8142,over,0.0,1,2,3,0.5998,11.642,118.0,77.0,0.4407,서신면,-0.8142,-0.944,0.36795,1,ADD_FREQ,31240370,면,24.09,53.78,29.5,41590-55222,240.1,126.70605,37.15457
다사2907,pm,0.508894,0.748778,0.6883,1.3277,-0.6394,ok,0.0,2,3,4,0.7335,38.329,461.0,460.0,0.2668,서신면,-0.6394,-0.6394,0.54212,3,ADD_FREQ,31240370,면,50.89,74.88,115.2,41590-55214,159.9,126.70595,37.16359
다사2908,pm,0.617136,0.884349,1.1055,1.7955,-0.69,ok,0.0,2,4,4,0.8543,76.731,945.0,270.0,0.2392,서신면,-0.69,-0.69,0.64283,4,ADD_FREQ,31240370,면,61.71,88.43,236.2,41590-36495,87.4,126.70586,37.1726
다사2909,pm,0.395674,0.825168,0.252,1.5913,-1.3393,ok,0.0,0,3,4,0.7902,57.648,200.0,174.0,0.325,서신면,-1.3393,-1.3393,0.42848,2,ADD_FREQ,31240370,면,39.57,82.52,50.0,41590-37048,125.9,126.70577,37.18161
다사2910,pm,0.230402,0.335487,-0.3848,-0.0984,-0.24,mid,0.0,3,2,2,0.05,6.602,104.0,138.0,0.375,서신면,-0.24,-0.2864,0.35708,1,DRT,31240370,면,23.04,33.55,26.0,41590-37061,699.3,126.70567,37.19063
다사2911,pm,0.203063,0.462723,-0.4902,0.3406,-0.6412,over,0.0,2,1,3,0.751,5.422,118.0,85.0,0.5508,송산면,-0.6412,-0.8308,0.36915,1,ADD_FREQ,31240360,면,20.31,46.27,29.5,41590-37455,149.4,126.70558,37.19964
다사2912,pm,0.160554,0.015106,-0.654,-1.204,0.3643,mid,0.0,4,1,1,0.05,0.026,68.0,147.0,0.4559,송산면,0.3643,0.55,0.32037,1,DRT,31240360,면,16.06,1.51,17.0,41590-37364,775.8,126.70548,37.20865
다사2913,pm,0.203469,0.102069,-0.4886,-0.9039,0.3209,drt,0.0,4,1,1,0.05,0.767,148.0,131.0,0.3514,송산면,0.3209,0.4152,0.39667,2,DRT,31240360,면,20.35,10.21,37.0,41590-55203,702.7,126.70539,37.21767
다사2914,pm,0.29374,0.553608,-0.1408,0.6542,-0.78,mid,0.0,1,2,3,0.523,14.509,223.0,184.0,0.2466,송산면,-0.78,-0.795,0.44472,2,ADD_FREQ,31240360,면,29.37,55.36,55.8,41590-37046,286.2,126.70529,37.22668
다사2915,pm,0.178506,0.403075,-0.5848,0.1348,-0.5108,mid,0.0,2,1,2,0.4983,5.261,78.0,32.0,0.5641,송산면,-0.5108,-0.7196,0.32699,1,NEW_STOP,31240360,면,17.85,40.31,19.5,41590-60003,301.0,126.7052,37.23569
다사2916,pm,0.208817,0.3513,-0.468,-0.0439,-0.3334,mid,0.0,2,1,2,0.2525,5.352,118.0,19.0,0.4407,송산면,-0.3334,-0.4242,0.3728,1,NEW_STOP,31240360,면,20.88,35.13,29.5,41590-60005,448.5,126.7051,37.24471
다사2917,pm,0.181728,0.011,-0.5724,-1.2181,0.4637,drt,0.0,4,1,0,0.05,0.0,113.0,3.0,0.3717,송산면,0.4637,0.6457,0.36346,1,DRT,31240360,면,18.17,1.1,28.2,41590-60077,924.9,126.70501,37.25372
다사2918,pm,0.028808,0.011,-1.1617,-1.2181,0.0122,mid,0.0,3,0,0,0.05,0.0,5.0,0.0,0.0,송산면,0.0122,0.0564,0.05762,0,DRT,31240360,면,2.88,1.1,1.2,41590-60061,1530.2,126.70491,37.26273
다사2919,pm,0.0,0.011,-1.2727,-1.2181,-0.0,mid,0.0,3,0,0,0.05,0.0,0.0,0.0,0.0,송산면,-0.0,-0.0546,0.0,0,DRT,31240360,면,0.0,1.1,0.0,41590-60062,2343.7,126.70482,37.27175
다사3003,pm,0.0,0.011,-1.2727,-1.2181,-0.0,mid,0.0,3,0,0,0.05,0.0,0.0,0.0,0.0,서신면,-0.0,-0.0546,0.0,0,DRT,31240370,면,0.0,1.1,0.0,41590-55218,1821.3,126.71759,37.12761
다사3004,pm,0.075621,0.011,-0.9813,-1.2181,0.0962,mid,0.0,3,0,0,0.05,0.0,18.0,3.0,0.5556,서신면,0.0962,0.2368,0.15124,0,DRT,31240370,면,7.56,1.1,4.5,41590-36765,1172.7,126.7175,37.13662
다사3005,pm,0.160537,0.02755,-0.6541,-1.161,0.3358,mid,0.0,4,1,1,0.05,0.109,73.0,61.0,0.5068,서신면,0.3358,0.5069,0.32107,1,DRT,31240370,면,16.05,2.76,18.2,41590-37577,598.8,126.7174,37.14564
다사3006,pm,0.158768,0.383221,-0.6609,0.0663,-0.4783,mid,0.0,2,1,2,0.641,3.545,73.0,14.0,0.6027,서신면,-0.4783,-0.7272,0.31606,1,ADD_FREQ,31240370,면,15.88,38.32,18.2,41590-37577,215.4,126.71731,37.15465
다사3007,pm,0.210209,0.04653,-0.4627,-1.0955,0.4995,drt,0.0,4,1,1,0.2115,0.0,186.0,348.0,0.2204,서신면,0.4995,0.6329,0.42042,2,NEW_STOP,31240370,면,21.02,4.65,46.5,41590-37931,473.1,126.71722,37.16366
다사3008,pm,0.187219,0.011,-0.5513,-1.2181,0.4882,drt,0.0,4,1,0,0.05,0.0,123.0,11.0,0.3821,서신면,0.4882,0.6669,0.37444,1,DRT,31240370,면,18.72,1.1,30.8,41590-37398,754.5,126.71712,37.17268
다사3009,pm,0.239975,0.24993,-0.348,-0.3937,0.0393,mid,0.0,3,2,2,0.05,3.453,175.0,344.0,0.28,마도면,0.0393,0.0457,0.42193,2,DRT,31240350,면,24.0,24.99,43.8,41590-55360,574.8,126.71703,37.18169
다사3010,pm,0.318265,0.711291,-0.0463,1.1983,-1.2446,mid,0.0,0,2,4,0.5765,37.611,103.0,200.0,0.4272,서신면,-1.2446,-1.2446,0.37869,1,ADD_FREQ,31240370,면,31.83,71.13,25.8,41590-36767,254.1,126.71694,37.1907
다사3011,pm,0.36381,0.543366,0.1293,0.6189,-0.4896,mid,0.0,2,3,3,0.2557,20.011,173.0,60.0,0.4624,송산면,-0.4896,-0.4896,0.41699,2,NEW_STOP,31240360,면,36.38,54.34,43.2,41590-36357,446.6,126.71684,37.19972
다사3012,pm,0.234559,0.336812,-0.3688,-0.0939,-0.2331,mid,0.0,3,2,2,0.5788,2.704,226.0,247.0,0.3319,송산면,-0.2331,-0.275,0.4508,2,ADD_FREQ,31240360,면,23.46,33.68,56.5,41590-37366,252.7,126.71675,37.20873
다사3013,pm,0.251111,0.522555,-0.305,0.5471,-0.755,over,0.0,1,2,3,0.9005,6.6,170.0,548.0,0.1824,송산면,-0.755,-0.8521,0.41882,2,ADD_FREQ,31240360,면,25.11,52.26,42.5,41590-55204,59.7,126.71666,37.21774
다사3014,pm,0.209811,0.290403,-0.4642,-0.254,-0.1657,mid,0.0,3,1,2,0.61,1.655,173.0,193.0,0.3468,송산면,-0.1657,-0.2102,0.41289,2,ADD_FREQ,31240360,면,20.98,29.04,43.2,41590-60002,234.0,126.71657,37.22676
다사3015,pm,0.152496,0.011,-0.6851,-1.2181,0.3415,mid,0.0,4,1,0,0.05,0.0,58.0,5.0,0.5345,송산면,0.3415,0.5331,0.30499,1,DRT,31240360,면,15.25,1.1,14.5,41590-37608,803.2,126.71647,37.23577
다사3016,pm,0.191502,0.011,-0.5348,-1.2181,0.5077,drt,0.0,4,1,0,0.05,0.0,128.0,5.0,0.4688,송산면,0.5077,0.6834,0.383,2,DRT,31240360,면,19.15,1.1,32.0,41590-60005,1325.9,126.71638,37.24478
다사3017,pm,0.177279,0.011,-0.5896,-1.2181,0.4441,drt,0.0,4,1,0,0.05,0.0,98.0,5.0,0.5306,송산면,0.4441,0.6286,0.35456,1,DRT,31240360,면,17.73,1.1,24.5,41590-60060,1731.4,126.71629,37.25379
다사3018,pm,0.0,0.011,-1.2727,-1.2181,-0.0,mid,0.0,3,0,0,0.05,0.0,0.0,0.0,0.0,송산면,-0.0,-0.0546,0.0,0,DRT,31240360,면,0.0,1.1,0.0,41590-60061,2301.3,126.71619,37.26281
다사3019,pm,0.0,0.011,-1.2727,-1.2181,-0.0,mid,0.0,3,0,0,0.05,0.0,0.0,0.0,0.0,송산면,-0.0,-0.0546,0.0,0,DRT,31240360,면,0.0,1.1,0.0,41590-60061,2941.7,126.7161,37.27182
다사3100,pm,0.0,0.01116,-1.2727,-1.2176,-0.0,mid,0.0,3,0,1,0.05,0.001,0.0,0.0,0.0,우정읍,-0.0,-0.0551,0.0,0,DRT,31240130,읍,0.0,1.12,0.0,41590-36991,1914.5,126.72912,37.10064
다사3101,pm,0.0,0.011,-1.2727,-1.2181,-0.0,mid,0.0,3,0,0,0.05,0.0,0.0,0.0,0.0,우정읍,-0.0,-0.0546,0.0,0,DRT,31240130,읍,0.0,1.1,0.0,41590-37220,2751.6,126.72903,37.10966
다사3102,pm,0.0,0.011,-1.2727,-1.2181,-0.0,mid,0.0,3,0,0,0.05,0.0,0.0,0.0,0.0,우정읍,-0.0,-0.0546,0.0,0,DRT,31240130,읍,0.0,1.1,0.0,41590-55218,3230.3,126.72894,37.11867
다사3104,pm,0.137994,0.011,-0.741,-1.2181,0.2865,mid,0.0,4,1,0,0.05,0.0,38.0,5.0,0.5263,서신면,0.2865,0.4772,0.27599,1,DRT,31240370,면,13.8,1.1,9.5,41590-37577,1998.6,126.72875,37.1367
다사3105,pm,0.07818,0.011,-0.9715,-1.2181,0.1024,mid,0.0,3,0,0,0.05,0.0,13.0,0.0,0.3846,서신면,0.1024,0.2467,0.15636,0,DRT,31240370,면,7.82,1.1,3.2,41590-60009,1210.0,126.72866,37.14571
다사3106,pm,0.230522,0.370546,-0.3844,0.0225,-0.341,mid,0.0,2,2,2,0.4033,4.822,234.0,84.0,0.5684,서신면,-0.341,-0.4069,0.45593,2,NEW_STOP,31240370,면,23.05,37.05,58.5,41590-60079,358.0,126.72857,37.15472
다사3107,pm,0.180773,0.4133,-0.5761,0.1701,-0.534,mid,0.0,2,1,2,0.4925,5.728,108.0,43.0,0.4537,서신면,-0.534,-0.7462,0.36062,1,NEW_STOP,31240370,면,18.08,41.33,27.0,41590-37635,304.5,126.72848,37.16374
다사3108,pm,0.172171,0.011,-0.6092,-1.2181,0.4221,drt,0.0,4,1,0,0.05,0.0,88.0,8.0,0.3864,서신면,0.4221,0.6089,0.34434,1,DRT,31240370,면,17.22,1.1,22.0,41590-37824,928.3,126.72839,37.17275
다사3109,pm,0.183472,0.011,-0.5657,-1.2181,0.4714,drt,0.0,4,1,0,0.05,0.0,97.0,214.0,0.1856,마도면,0.4714,0.6524,0.36694,1,DRT,31240350,면,18.35,1.1,24.2,41590-55360,1518.1,126.7283,37.18176
다사3110,pm,0.196595,0.011,-0.5151,-1.2181,0.5313,drt,0.0,4,1,0,0.05,0.0,123.0,65.0,0.374,마도면,0.5313,0.703,0.39319,2,DRT,31240350,면,19.66,1.1,30.8,41590-36357,969.4,126.7282,37.19078
다사3111,pm,0.480015,0.56378,0.5771,0.6893,-0.1123,ok,0.0,3,3,3,0.2238,23.939,778.0,204.0,0.1594,마도면,-0.1123,-0.1123,0.61624,4,NEW_STOP,31240350,면,48.0,56.38,194.5,41590-37069,465.7,126.72811,37.19979
다사3112,pm,0.603715,0.89719,1.0538,1.8398,-0.7861,ok,0.0,1,4,4,0.8807,80.232,443.0,558.0,0.2257,송산면,-0.7861,-0.7861,0.53696,3,ADD_FREQ,31240360,면,60.37,89.72,110.8,41590-37370,71.6,126.72802,37.2088
다사3113,pm,0.611061,0.521672,1.0821,0.544,0.538,ok,0.0,4,4,3,0.423,13.575,1377.0,526.0,0.2012,송산면,0.538,0.538,0.6955,4,NEW_STOP,31240360,면,61.11,52.17,344.2,41590-55206,346.2,126.72793,37.21782
다사3114,pm,0.237853,0.608275,-0.3561,0.8429,-1.0255,over,0.0,1,2,3,0.9545,11.058,219.0,642.0,0.2237,송산면,-1.0255,-1.199,0.45806,2,ADD_FREQ,31240360,면,23.79,60.83,54.8,41590-60074,27.3,126.72784,37.22683
다사3115,pm,0.240304,0.536343,-0.3467,0.5947,-0.8105,over,0.0,1,2,3,0.5953,11.604,244.0,90.0,0.3279,송산면,-0.8105,-0.9413,0.45979,3,ADD_FREQ,31240360,면,24.03,53.63,61.0,41590-37079,242.8,126.72774,37.23584
다사3116,pm,0.027876,0.011,-1.1653,-1.2181,0.0112,mid,0.0,3,0,0,0.05,0.0,5.0,0.0,0.0,송산면,0.0112,0.0528,0.05575,0,DRT,31240360,면,2.79,1.1,1.2,41590-37401,1121.6,126.72765,37.24486
다사3117,pm,0.065709,0.011,-1.0195,-1.2181,0.0736,mid,0.0,3,0,0,0.05,0.0,8.0,0.0,0.625,송산면,0.0736,0.1986,0.13142,0,DRT,31240360,면,6.57,1.1,2.0,41590-37401,1604.0,126.72756,37.25387
다사3118,pm,0.0,0.011,-1.2727,-1.2181,-0.0,mid,0.0,3,0,0,0.05,0.0,0.0,0.0,0.0,송산면,-0.0,-0.0546,0.0,0,DRT,31240360,면,0.0,1.1,0.0,41590-37096,2274.6,126.72747,37.26288
다사3119,pm,0.0,0.011,-1.2727,-1.2181,-0.0,mid,0.0,3,0,0,0.05,0.0,0.0,0.0,0.0,송산면,-0.0,-0.0546,0.0,0,DRT,31240360,면,0.0,1.1,0.0,41590-37096,3062.5,126.72738,37.2719
다사3121,pm,0.0,0.011,-1.2727,-1.2181,-0.0,mid,0.0,3,0,0,0.05,0.0,0.0,0.0,0.0,송산면,-0.0,-0.0546,0.0,0,DRT,31240360,면,0.0,1.1,0.0,41590-37096,4876.6,126.72719,37.28992
다사3200,pm,0.0,0.011,-1.2727,-1.2181,-0.0,mid,0.0,3,0,0,0.05,0.0,0.0,0.0,0.0,우정읍,-0.0,-0.0546,0.0,0,DRT,31240130,읍,0.0,1.1,0.0,41590-36991,2598.5,126.74037,37.10071
다사3201,pm,0.0,0.011,-1.2727,-1.2181,-0.0,mid,0.0,3,0,0,0.05,0.0,0.0,0.0,0.0,우정읍,-0.0,-0.0546,0.0,0,DRT,31240130,읍,0.0,1.1,0.0,41590-36866,2943.3,126.74028,37.10973
다사3202,pm,0.0,0.011,-1.2727,-1.2181,-0.0,mid,0.0,3,0,0,0.05,0.0,0.0,0.0,0.0,우정읍,-0.0,-0.0546,0.0,0,DRT,31240130,읍,0.0,1.1,0.0,41590-36866,2837.2,126.74019,37.11874
다사3203,pm,0.0,0.011,-1.2727,-1.2181,-0.0,mid,0.0,3,0,0,0.05,0.0,0.0,0.0,0.0,우정읍,-0.0,-0.0546,0.0,0,DRT,31240130,읍,0.0,1.1,0.0,41590-36866,3072.0,126.7401,37.12776
다사3206,pm,0.115111,0.011,-0.8291,-1.2181,0.2076,mid,0.0,3,0,0,0.05,0.0,38.0,11.0,0.2105,서신면,0.2076,0.389,0.23022,0,DRT,31240370,면,11.51,1.1,9.5,41590-60079,1089.7,126.73983,37.1548
다사3207,pm,0.179405,0.106957,-0.5814,-0.887,0.2176,drt,0.0,3,1,1,0.4862,0.0,113.0,325.0,0.3274,서신면,0.2176,0.3056,0.35881,1,NEW_STOP,31240370,면,17.94,10.7,28.2,41590-37635,308.3,126.73974,37.16381
다사3208,pm,0.192132,0.011,-0.5323,-1.2181,0.5106,drt,0.0,4,1,0,0.05,0.0,133.0,77.0,0.3534,마도면,0.5106,0.6858,0.38426,2,DRT,31240350,면,19.21,1.1,33.2,41590-37635,608.2,126.73965,37.17282
다사3209,pm,0.175994,0.011,-0.5945,-1.2181,0.4386,drt,0.0,4,1,0,0.05,0.0,103.0,40.0,0.4078,마도면,0.4386,0.6236,0.35199,1,DRT,31240350,면,17.6,1.1,25.8,41590-55456,895.0,126.73956,37.18184
다사3210,pm,0.232508,0.487626,-0.3767,0.4266,-0.677,over,0.0,2,2,3,0.5255,9.232,234.0,417.0,0.2735,마도면,-0.677,-0.8033,0.459,2,ADD_FREQ,31240350,면,23.25,48.76,58.5,41590-55456,284.7,126.73947,37.19085
다사3211,pm,0.180165,0.407135,-0.5784,0.1488,-0.5193,mid,0.0,2,1,2,0.05,10.897,113.0,56.0,0.5044,마도면,-0.5193,-0.7272,0.35378,1,DRT,31240350,면,18.02,40.71,28.2,41590-55458,591.9,126.73938,37.19986
다사3212,pm,0.641923,0.64224,1.201,0.9601,0.2409,ok,0.0,3,4,4,0.2868,36.347,555.0,626.0,0.2216,송산면,0.2409,0.2409,0.57108,3,NEW_STOP,31240360,면,64.19,64.22,138.8,41590-37088,427.9,126.73929,37.20888
다사3213,pm,0.7073,0.568308,1.4529,0.705,0.748,ok,0.0,5,4,3,0.2635,23.293,2788.0,651.0,0.2156,송산면,0.748,0.748,0.7937,4,NEW_STOP,31240360,면,70.73,56.83,697.0,41590-37089,441.9,126.7392,37.21789
다사3214,pm,0.161014,0.100796,-0.6522,-0.9083,0.1699,mid,0.0,3,1,1,0.05,0.753,68.0,89.0,0.3382,송산면,0.1699,0.256,0.32037,1,DRT,31240360,면,16.1,10.08,17.0,41590-36746,631.3,126.73911,37.2269
다사3215,pm,0.240925,0.466595,-0.3443,0.354,-0.6023,over,0.0,2,2,3,0.5727,7.408,249.0,226.0,0.3614,송산면,-0.6023,-0.6983,0.46253,3,ADD_FREQ,31240360,면,24.09,46.66,62.2,41590-60052,256.4,126.73902,37.23592
다사3216,pm,0.202749,0.438433,-0.4914,0.2568,-0.5769,mid,0.0,2,1,2,0.6797,5.086,133.0,16.0,0.4511,송산면,-0.5769,-0.7482,0.39039,2,ADD_FREQ,31240360,면,20.27,43.84,33.2,41590-37401,192.2,126.73893,37.24493
다사3217,pm,0.0,0.011,-1.2727,-1.2181,-0.0,mid,0.0,3,0,0,0.05,0.0,0.0,0.0,0.0,송산면,-0.0,-0.0546,0.0,0,DRT,31240360,면,0.0,1.1,0.0,41590-37096,860.3,126.73884,37.25394
다사3218,pm,0.0,0.011,-1.2727,-1.2181,-0.0,mid,0.0,3,0,0,0.05,0.0,0.0,0.0,0.0,송산면,-0.0,-0.0546,0.0,0,DRT,31240360,면,0.0,1.1,0.0,41590-37096,1716.0,126.73875,37.26296
다사3219,pm,0.0,0.011,-1.2727,-1.2181,-0.0,mid,0.0,3,0,0,0.05,0.0,0.0,0.0,0.0,송산면,-0.0,-0.0546,0.0,0,DRT,31240360,면,0.0,1.1,0.0,41590-37096,2673.5,126.73865,37.27197
다사3220,pm,0.04338,0.011,-1.1056,-1.2181,0.0319,mid,0.0,3,0,0,0.05,0.0,8.0,3.0,0.0,송산면,0.0319,0.1126,0.08676,0,DRT,31240360,면,4.34,1.1,2.0,41590-37096,3653.4,126.73856,37.28098
다사3221,pm,0.0,0.011,-1.2727,-1.2181,-0.0,mid,0.0,3,0,0,0.05,0.0,0.0,0.0,0.0,송산면,-0.0,-0.0546,0.0,0,DRT,31240360,면,0.0,1.1,0.0,41590-37096,4641.8,126.73847,37.28999
다사3300,pm,0.0,0.011,-1.2727,-1.2181,-0.0,mid,0.0,3,0,0,0.05,0.0,0.0,0.0,0.0,우정읍,-0.0,-0.0546,0.0,0,DRT,31240130,읍,0.0,1.1,0.0,41590-36967,2308.2,126.75162,37.10079
다사3301,pm,0.0,0.011,-1.2727,-1.2181,-0.0,mid,0.0,3,0,0,0.05,0.0,0.0,0.0,0.0,우정읍,-0.0,-0.0546,0.0,0,DRT,31240130,읍,0.0,1.1,0.0,41590-36866,2000.0,126.75154,37.1098
다사3302,pm,0.0,0.011,-1.2727,-1.2181,-0.0,mid,0.0,3,0,0,0.05,0.0,0.0,0.0,0.0,우정읍,-0.0,-0.0546,0.0,0,DRT,31240130,읍,0.0,1.1,0.0,41590-36866,1840.3,126.75145,37.11881
다사3303,pm,0.0,0.011,-1.2727,-1.2181,-0.0,mid,0.0,3,0,0,0.05,0.0,0.0,0.0,0.0,우정읍,-0.0,-0.0546,0.0,0,DRT,31240130,읍,0.0,1.1,0.0,41590-36866,2185.1,126.75136,37.12783
다사3304,pm,0.0,0.011,-1.2727,-1.2181,-0.0,mid,0.0,3,0,0,0.05,0.0,0.0,0.0,0.0,우정읍,-0.0,-0.0546,0.0,0,DRT,31240130,읍,0.0,1.1,0.0,41590-36866,2856.7,126.75127,37.13684
다사3305,pm,0.0,0.011,-1.2727,-1.2181,-0.0,mid,0.0,3,0,0,0.05,0.0,0.0,0.0,0.0,남양읍,-0.0,-0.0546,0.0,0,DRT,31240150,읍,0.0,1.1,0.0,41590-60079,2441.6,126.75118,37.14585
다사3308,pm,0.181416,0.076303,-0.5736,-0.9928,0.3007,drt,0.0,4,1,1,0.3468,0.0,116.0,261.0,0.319,마도면,0.3007,0.4192,0.36283,1,NEW_STOP,31240350,면,18.14,7.63,29.0,41590-60025,391.9,126.75091,37.17289
다사3309,pm,0.193058,0.390338,-0.5288,0.0908,-0.4627,mid,0.0,2,1,2,0.4298,5.353,118.0,28.0,0.3559,마도면,-0.4627,-0.6196,0.37084,1,NEW_STOP,31240350,면,19.31,39.03,29.5,41590-36972,342.1,126.75083,37.18191
다사3310,pm,0.224051,0.273966,-0.4093,-0.3107,-0.0811,mid,0.0,3,2,2,0.7287,1.035,223.0,624.0,0.1749,마도면,-0.0811,-0.0986,0.44736,2,ADD_FREQ,31240350,면,22.41,27.4,55.8,41590-55456,162.8,126.75074,37.19092
다사3311,pm,0.220593,0.523334,-0.4226,0.5498,-0.792,over,0.0,1,1,3,0.2682,17.222,193.0,185.0,0.2694,마도면,-0.792,-0.9724,0.4341,2,NEW_STOP,31240350,면,22.06,52.33,48.2,41590-55457,439.1,126.75065,37.19993
다사3312,pm,0.32433,0.56652,-0.0229,0.6988,-0.7217,mid,0.0,1,2,3,0.352,20.27,163.0,228.0,0.2577,마도면,-0.7217,-0.7217,0.40762,2,NEW_STOP,31240350,면,32.43,56.65,40.8,41590-37098,388.8,126.75056,37.20895
다사3313,pm,0.216991,0.202663,-0.4365,-0.5568,0.0969,drt,0.0,3,1,1,0.5345,0.702,180.0,12.0,0.4611,송산면,0.0969,0.1202,0.42076,2,ADD_FREQ,31240360,면,21.7,20.27,45.0,41590-37095,279.3,126.75047,37.21796
다사3314,pm,0.158684,0.30322,-0.6612,-0.2098,-0.2968,mid,0.0,2,1,2,0.1235,4.616,58.0,11.0,0.4483,송산면,-0.2968,-0.4514,0.31011,1,DRT,31240360,면,15.87,30.32,14.5,41590-36743,525.9,126.75038,37.22697
다사3315,pm,0.175472,0.30519,-0.5965,-0.203,-0.2762,mid,0.0,2,1,2,0.1733,4.309,89.0,27.0,0.4157,송산면,-0.2762,-0.3935,0.34529,1,NEW_STOP,31240360,면,17.55,30.52,22.2,41590-37093,496.0,126.75029,37.23599
다사3316,pm,0.223446,0.232125,-0.4117,-0.4551,0.0357,drt,0.0,3,2,1,0.1633,2.409,198.0,11.0,0.4293,송산면,0.0357,0.0435,0.42624,2,NEW_STOP,31240360,면,22.34,23.21,49.5,41590-37090,502.0,126.7502,37.245
다사3317,pm,0.137988,0.063449,-0.741,-1.0372,0.1778,mid,0.0,3,1,1,0.05,0.388,33.0,0.0,0.697,송산면,0.1778,0.2962,0.26943,1,DRT,31240360,면,13.8,6.34,8.2,41590-37096,713.1,126.75011,37.25401
다사3318,pm,0.0,0.011,-1.2727,-1.2181,-0.0,mid,0.0,3,0,0,0.05,0.0,0.0,0.0,0.0,송산면,-0.0,-0.0546,0.0,0,DRT,31240360,면,0.0,1.1,0.0,41590-37096,1647.0,126.75002,37.26303
다사3319,pm,0.0,0.011,-1.2727,-1.2181,-0.0,mid,0.0,3,0,0,0.05,0.0,0.0,0.0,0.0,송산면,-0.0,-0.0546,0.0,0,DRT,31240360,면,0.0,1.1,0.0,41590-37096,2629.4,126.74993,37.27204
다사3320,pm,0.0,0.011,-1.2727,-1.2181,-0.0,mid,0.0,3,0,0,0.05,0.0,0.0,0.0,0.0,송산면,-0.0,-0.0546,0.0,0,DRT,31240360,면,0.0,1.1,0.0,41590-37096,3621.3,126.74984,37.28105
다사3400,pm,0.0,0.011,-1.2727,-1.2181,-0.0,mid,0.0,3,0,0,0.05,0.0,0.0,3.0,0.0,우정읍,-0.0,-0.0546,0.0,0,DRT,31240130,읍,0.0,1.1,0.0,41590-36967,1353.2,126.76288,37.10086
다사3401,pm,0.078862,0.011,-0.9688,-1.2181,0.1041,mid,0.0,3,0,0,0.05,0.0,13.0,12.0,0.0,우정읍,0.1041,0.2493,0.15772,0,DRT,31240130,읍,7.89,1.1,3.2,41590-36866,1157.9,126.76279,37.10987
다사3402,pm,0.124899,0.011,-0.7914,-1.2181,0.2401,mid,0.0,3,0,0,0.05,0.0,48.0,3.0,0.2708,우정읍,0.2401,0.4267,0.2498,1,DRT,31240130,읍,12.49,1.1,12.0,41590-36866,852.8,126.7627,37.11888
다사3403,pm,0.0,0.011,-1.2727,-1.2181,-0.0,mid,0.0,3,0,0,0.05,0.0,0.0,0.0,0.0,우정읍,-0.0,-0.0546,0.0,0,DRT,31240130,읍,0.0,1.1,0.0,41590-36866,1453.8,126.76262,37.1279
다사3404,pm,0.0,0.011,-1.2727,-1.2181,-0.0,mid,0.0,3,0,0,0.05,0.0,0.0,0.0,0.0,우정읍,-0.0,-0.0546,0.0,0,DRT,31240130,읍,0.0,1.1,0.0,41590-36865,2276.9,126.76253,37.13691
다사3405,pm,0.0,0.011,-1.2727,-1.2181,-0.0,mid,0.0,3,0,0,0.05,0.0,0.0,0.0,0.0,남양읍,-0.0,-0.0546,0.0,0,DRT,31240150,읍,0.0,1.1,0.0,41590-60023,2953.7,126.76244,37.14592
다사3407,pm,0.093687,0.011,-0.9117,-1.2181,0.143,mid,0.0,3,0,0,0.05,0.0,29.0,441.0,0.0,마도면,0.143,0.3064,0.18737,0,DRT,31240350,면,9.37,1.1,7.2,41590-60023,979.0,126.76227,37.16395
다사3408,pm,0.482742,0.627419,0.5876,0.9089,-0.3214,ok,0.0,2,3,4,0.5385,23.083,320.0,1310.0,0.1125,마도면,-0.3214,-0.3214,0.50304,3,ADD_FREQ,31240350,면,48.27,62.74,80.0,41590-60023,276.9,126.76218,37.17296
다사3409,pm,0.282915,0.77248,-0.1825,1.4095,-1.5242,mid,0.0,0,2,4,0.4615,65.3,430.0,636.0,0.2279,마도면,-1.5242,-1.592,0.53581,3,NEW_STOP,31240350,면,28.29,77.25,107.5,41590-55377,323.1,126.76209,37.18198
다사3410,pm,0.302498,0.699647,-0.107,1.1582,-1.2652,mid,0.0,0,2,4,0.669,30.612,457.0,907.0,0.2232,마도면,-1.2652,-1.2652,0.54617,3,ADD_FREQ,31240350,면,30.25,69.96,114.2,41590-55371,198.6,126.762,37.19099
다사3411,pm,0.181416,0.011,-0.5736,-1.2181,0.4623,drt,0.0,4,1,0,0.05,0.0,98.0,101.0,0.3469,마도면,0.4623,0.6445,0.36283,1,DRT,31240350,면,18.14,1.1,24.5,41590-60109,746.1,126.76191,37.2
다사3412,pm,0.366786,0.894296,0.1407,1.8298,-1.6891,mid,0.0,0,3,4,0.8338,84.083,159.0,400.0,0.3019,마도면,-1.6891,-1.6891,0.40486,2,ADD_FREQ,31240350,면,36.68,89.43,39.8,41590-55096,99.7,126.76183,37.20902
다사3413,pm,0.17036,0.094573,-0.6162,-0.9298,0.2159,mid,0.0,3,1,1,0.38,0.071,91.0,257.0,0.4945,송산면,0.2159,0.3135,0.33888,1,NEW_STOP,31240360,면,17.04,9.46,22.8,41590-37099,372.0,126.76174,37.21803
다사3414,pm,0.148505,0.231101,-0.7004,-0.4586,-0.1523,mid,0.0,3,1,1,0.317,1.742,63.0,162.0,0.5714,송산면,-0.1523,-0.2418,0.2928,1,NEW_STOP,31240360,면,14.85,23.11,15.8,41590-37560,409.8,126.76165,37.22704
다사3415,pm,0.149194,0.017274,-0.6978,-1.1965,0.315,mid,0.0,4,1,1,0.05,0.04,48.0,78.0,0.6875,송산면,0.315,0.4987,0.2982,1,DRT,31240360,면,14.92,1.73,12.0,41590-37560,791.0,126.76156,37.23606
다사3416,pm,0.04775,0.011,-1.0887,-1.2181,0.039,mid,0.0,3,0,0,0.05,0.0,13.0,3.0,0.0,송산면,0.039,0.1294,0.0955,0,DRT,31240360,면,4.78,1.1,3.2,41590-37096,1404.4,126.76148,37.24507
다사3417,pm,0.0,0.011,-1.2727,-1.2181,-0.0,mid,0.0,3,0,0,0.05,0.0,0.0,0.0,0.0,송산면,-0.0,-0.0546,0.0,0,DRT,31240360,면,0.0,1.1,0.0,41590-37096,1506.7,126.76139,37.25408
다사3418,pm,0.0,0.011,-1.2727,-1.2181,-0.0,mid,0.0,3,0,0,0.05,0.0,0.0,0.0,0.0,송산면,-0.0,-0.0546,0.0,0,DRT,31240360,면,0.0,1.1,0.0,41590-37096,2116.9,126.7613,37.2631
다사3419,pm,0.0,0.011,-1.2727,-1.2181,-0.0,mid,0.0,3,0,0,0.05,0.0,0.0,0.0,0.0,송산면,-0.0,-0.0546,0.0,0,DRT,31240360,면,0.0,1.1,0.0,41590-37096,2946.5,126.76121,37.27211
다사3420,pm,0.0,0.011,-1.2727,-1.2181,-0.0,mid,0.0,3,0,0,0.05,0.0,0.0,0.0,0.0,송산면,-0.0,-0.0546,0.0,0,DRT,31240360,면,0.0,1.1,0.0,41590-37096,3857.6,126.76112,37.28112
다사3500,pm,0.229872,0.296497,-0.3869,-0.233,-0.1288,mid,0.0,3,2,2,0.1642,4.092,223.0,29.0,0.2691,우정읍,-0.1288,-0.1539,0.45213,2,NEW_STOP,31240130,읍,22.99,29.65,55.8,41590-36966,501.5,126.77413,37.10093
다사3501,pm,0.154366,0.174681,-0.6779,-0.6533,-0.0158,mid,0.0,3,1,1,0.1085,1.567,58.0,3.0,0.3621,우정읍,-0.0158,-0.0245,0.29952,1,DRT,31240130,읍,15.44,17.47,14.5,41590-36967,534.9,126.77404,37.10994
다사3502,pm,0.357883,0.63995,0.1064,0.9522,-0.8458,mid,0.0,1,3,4,0.8952,14.948,408.0,29.0,0.3554,우정읍,-0.8458,-0.8458,0.52466,3,ADD_FREQ,31240130,읍,35.79,64.0,102.0,41590-36865,62.9,126.77396,37.11895
다사3503,pm,0.207425,0.011,-0.4734,-1.2181,0.5828,drt,0.0,4,1,0,0.05,0.0,165.0,528.0,0.0606,우정읍,0.5828,0.7447,0.41485,2,DRT,31240130,읍,20.74,1.1,41.2,41590-36865,953.3,126.77387,37.12797
다사3504,pm,0.0,0.011,-1.2727,-1.2181,-0.0,mid,0.0,3,0,0,0.05,0.0,0.0,0.0,0.0,우정읍,-0.0,-0.0546,0.0,0,DRT,31240130,읍,0.0,1.1,0.0,41590-36865,1941.0,126.77379,37.13698
다사3506,pm,0.0,0.011,-1.2727,-1.2181,-0.0,mid,0.0,3,0,0,0.05,0.0,0.0,0.0,0.0,남양읍,-0.0,-0.0546,0.0,0,DRT,31240150,읍,0.0,1.1,0.0,41590-37668,1896.2,126.77361,37.15501
다사3507,pm,0.172527,0.011,-0.6079,-1.2181,0.4236,drt,0.0,4,1,0,0.05,0.0,103.0,886.0,0.0,마도면,0.4236,0.6103,0.34505,1,DRT,31240350,면,17.25,1.1,25.8,41590-37668,897.0,126.77353,37.16402
다사3508,pm,0.566001,0.703309,0.9084,1.1708,-0.2624,ok,0.0,2,4,4,0.8575,23.958,528.0,2260.0,0.0492,마도면,-0.2624,-0.2624,0.56897,3,ADD_FREQ,31240350,면,56.6,70.33,132.0,41590-55426,85.5,126.77344,37.17303
다사3509,pm,0.225111,0.452208,-0.4052,0.3043,-0.5856,over,0.0,2,2,3,0.05,14.769,209.0,597.0,0.1722,마도면,-0.5856,-0.7096,0.44765,2,DRT,31240350,면,22.51,45.22,52.2,41590-55264,597.7,126.77336,37.18205
다사3510,pm,0.234364,0.011,-0.3696,-1.2181,0.7189,drt,0.0,5,2,0,0.05,0.0,239.0,884.0,0.1088,마도면,0.7189,0.8486,0.46873,3,DRT,31240350,면,23.44,1.1,59.8,41590-55265,849.1,126.77327,37.19106
다사3511,pm,0.420054,0.713511,0.346,1.206,-0.86,ok,0.0,1,3,4,0.9323,23.0,794.0,248.0,0.2103,마도면,-0.86,-0.86,0.61927,4,ADD_FREQ,31240350,면,42.01,71.35,198.5,41590-60066,40.6,126.77318,37.20007
다사3512,pm,0.687367,0.822332,1.3761,1.5815,-0.2054,ok,0.0,3,4,4,0.5782,76.121,1207.0,683.0,0.1558,마도면,-0.2054,-0.2054,0.67651,4,ADD_FREQ,31240350,면,68.74,82.23,301.8,41590-37105,253.1,126.7731,37.20909
다사3513,pm,0.148519,0.011,-0.7004,-1.2181,0.3261,mid,0.0,4,1,0,0.05,0.0,58.0,313.0,0.0,송산면,0.3261,0.5177,0.29704,1,DRT,31240360,면,14.85,1.1,14.5,41590-36609,676.0,126.77301,37.2181
다사3514,pm,0.0,0.011,-1.2727,-1.2181,-0.0,mid,0.0,3,0,0,0.05,0.0,0.0,339.0,0.0,송산면,-0.0,-0.0546,0.0,0,DRT,31240360,면,0.0,1.1,0.0,41590-37560,1075.8,126.77292,37.22711
다사3515,pm,0.0,0.011,-1.2727,-1.2181,-0.0,mid,0.0,3,0,0,0.05,0.0,0.0,0.0,0.0,송산면,-0.0,-0.0546,0.0,0,DRT,31240360,면,0.0,1.1,0.0,41590-37560,1496.9,126.77284,37.23613
다사3516,pm,0.0,0.011,-1.2727,-1.2181,-0.0,mid,0.0,3,0,0,0.05,0.0,0.0,0.0,0.0,송산면,-0.0,-0.0546,0.0,0,DRT,31240360,면,0.0,1.1,0.0,41590-60095,1364.6,126.77275,37.24514
다사3517,pm,0.0,0.011,-1.2727,-1.2181,-0.0,mid,0.0,3,0,0,0.05,0.0,0.0,0.0,0.0,송산면,-0.0,-0.0546,0.0,0,DRT,31240360,면,0.0,1.1,0.0,41590-60095,1491.9,126.77266,37.25415
다사3518,pm,0.0,0.011,-1.2727,-1.2181,-0.0,mid,0.0,3,0,0,0.05,0.0,0.0,0.0,0.0,송산면,-0.0,-0.0546,0.0,0,DRT,31240360,면,0.0,1.1,0.0,41590-60095,2142.3,126.77258,37.26317
다사3519,pm,0.0,0.011,-1.2727,-1.2181,-0.0,mid,0.0,3,0,0,0.05,0.0,0.0,0.0,0.0,송산면,-0.0,-0.0546,0.0,0,DRT,31240360,면,0.0,1.1,0.0,41590-36538,2924.5,126.77249,37.27218
다사3600,pm,0.334201,0.629376,0.0152,0.9157,-0.9005,mid,0.0,1,3,4,0.8577,14.718,384.0,28.0,0.3594,우정읍,-0.9005,-0.9005,0.52074,3,ADD_FREQ,31240130,읍,33.42,62.94,96.0,41590-36889,85.4,126.78538,37.10099
다사3601,pm,0.268984,0.30133,-0.2362,-0.2163,-0.0184,mid,0.0,3,2,2,0.1023,4.714,288.0,24.0,0.2951,우정읍,-0.0184,-0.0199,0.48475,3,DRT,31240130,읍,26.9,30.13,72.0,41590-37829,538.6,126.7853,37.11001
다사3602,pm,0.363205,0.626087,0.1269,0.9043,-0.7774,mid,0.0,1,3,4,0.8383,14.813,418.0,88.0,0.299,우정읍,-0.7774,-0.7774,0.53275,3,ADD_FREQ,31240130,읍,36.32,62.61,104.5,41590-37451,97.0,126.78521,37.11902
다사3603,pm,0.181832,0.011,-0.572,-1.2181,0.4641,drt,0.0,4,1,0,0.05,0.0,113.0,141.0,0.3451,우정읍,0.4641,0.6461,0.36366,1,DRT,31240130,읍,18.18,1.1,28.2,41590-36817,915.1,126.78513,37.12804
다사3604,pm,0.049837,0.011,-1.0807,-1.2181,0.0426,mid,0.0,3,0,0,0.05,0.0,8.0,43.0,0.0,우정읍,0.0426,0.1375,0.09967,0,DRT,31240130,읍,4.98,1.1,2.0,41590-36862,1405.0,126.78504,37.13705
다사3606,pm,0.17794,0.011,-0.587,-1.2181,0.447,drt,0.0,4,1,0,0.05,0.0,98.0,9.0,0.449,남양읍,0.447,0.6311,0.35588,1,DRT,31240150,읍,17.79,1.1,24.5,41590-60017,933.3,126.78488,37.15508
다사3608,pm,0.348878,0.430985,0.0717,0.2311,-0.1594,mid,0.0,3,3,2,0.217,9.976,248.0,854.0,0.1048,마도면,-0.1594,-0.1594,0.46506,3,NEW_STOP,31240350,면,34.89,43.1,62.0,41590-37552,469.8,126.78471,37.1731
다사3609,pm,0.58956,0.582931,0.9992,0.7554,0.2438,ok,0.0,3,4,3,0.7588,12.469,834.0,1839.0,0.0923,마도면,0.2438,0.2438,0.62922,4,ADD_FREQ,31240350,면,58.96,58.29,208.5,41590-37752,144.7,126.78462,37.18212
다사3610,pm,0.349774,0.351131,0.0752,-0.0445,0.1196,mid,0.0,3,3,2,0.083,7.011,323.0,723.0,0.1703,마도면,0.1196,0.1196,0.5035,3,DRT,31240350,면,34.98,35.11,80.8,41590-37118,550.2,126.78454,37.19113
다사3611,pm,0.456122,0.565553,0.485,0.6955,-0.2105,ok,0.0,3,3,3,0.2653,22.818,379.0,679.0,0.3351,마도면,-0.2105,-0.2105,0.51989,3,NEW_STOP,31240350,면,45.61,56.56,94.8,41590-37114,440.8,126.78445,37.20014
다사3612,pm,0.574312,0.655204,0.9404,1.0048,-0.0644,ok,0.0,3,4,4,0.3062,38.437,825.0,429.0,0.2,마도면,-0.0644,-0.0644,0.62423,4,NEW_STOP,31240350,면,57.43,65.52,206.2,41590-37109,416.3,126.78437,37.20916
다사3613,pm,0.298921,0.679061,-0.1208,1.0871,-1.1986,mid,0.0,1,2,4,0.597,29.688,284.0,359.0,0.2993,마도면,-1.1986,-1.2079,0.47648,3,ADD_FREQ,31240350,면,29.89,67.91,71.0,41590-36567,241.8,126.78428,37.21817
다사3614,pm,0.149843,0.011,-0.6953,-1.2181,0.3312,mid,0.0,4,1,0,0.05,0.0,53.0,33.0,0.434,마도면,0.3312,0.5228,0.29969,1,DRT,31240350,면,14.98,1.1,13.2,41590-36564,859.0,126.78419,37.22718
다사3615,pm,0.030183,0.011,-1.1564,-1.2181,0.0138,mid,0.0,3,0,0,0.05,0.0,5.0,0.0,0.0,남양읍,0.0138,0.0617,0.06037,0,DRT,31240150,읍,3.02,1.1,1.2,41590-60095,1357.7,126.78411,37.2362
다사3616,pm,0.062916,0.262775,-1.0303,-0.3493,-0.2454,mid,0.0,3,0,2,0.2392,2.72,8.0,0.0,1.25,남양읍,-0.2454,-0.6809,0.12528,0,NEW_STOP,31240150,읍,6.29,26.28,2.0,41590-60095,456.5,126.78402,37.24521
다사3617,pm,0.0,0.059008,-1.2727,-1.0525,-0.0,mid,0.0,3,0,1,0.05,0.35,0.0,0.0,0.0,송산면,-0.0,-0.2202,0.0,0,DRT,31240360,면,0.0,5.9,0.0,41590-60095,755.8,126.78394,37.25422
다사3618,pm,0.0,0.011,-1.2727,-1.2181,-0.0,mid,0.0,3,0,0,0.05,0.0,0.0,0.0,0.0,송산면,-0.0,-0.0546,0.0,0,DRT,31240360,면,0.0,1.1,0.0,41590-36540,1634.9,126.78385,37.26324
다사3619,pm,0.0,0.011,-1.2727,-1.2181,-0.0,mid,0.0,3,0,0,0.05,0.0,0.0,0.0,0.0,송산면,-0.0,-0.0546,0.0,0,DRT,31240360,면,0.0,1.1,0.0,41590-36538,2021.5,126.78377,37.27225
다사3620,pm,0.0,0.011,-1.2727,-1.2181,-0.0,mid,0.0,3,0,0,0.05,0.0,0.0,0.0,0.0,송산면,-0.0,-0.0546,0.0,0,DRT,31240360,면,0.0,1.1,0.0,41590-55547,2187.3,126.78368,37.28126
다사3700,pm,0.233832,0.527211,-0.3716,0.5631,-0.7907,over,0.0,1,2,3,0.845,7.445,133.0,138.0,0.3308,우정읍,-0.7907,-0.9348,0.38192,1,ADD_FREQ,31240130,읍,23.38,52.72,33.2,41590-36718,93.0,126.79664,37.10106
다사3701,pm,0.345328,0.702752,0.058,1.1689,-1.1109,mid,0.0,1,3,4,0.7222,28.959,310.0,376.0,0.2774,우정읍,-1.1109,-1.1109,0.48879,3,ADD_FREQ,31240130,읍,34.53,70.28,77.5,41590-37826,166.7,126.79655,37.11008
다사3702,pm,0.393734,0.533273,0.2446,0.5841,-0.3395,mid,0.0,2,3,3,0.5938,11.39,356.0,213.0,0.2725,우정읍,-0.3395,-0.3395,0.51009,3,ADD_FREQ,31240130,읍,39.37,53.33,89.0,41590-36861,243.7,126.79647,37.11909
다사3703,pm,0.447501,0.556701,0.4518,0.6649,-0.2131,ok,0.0,3,3,3,0.9825,7.405,413.0,415.0,0.2397,우정읍,-0.2131,-0.2131,0.53088,3,ADD_FREQ,31240130,읍,44.75,55.67,103.2,41590-36862,10.5,126.79639,37.1281
다사3704,pm,0.169686,0.011,-0.6188,-1.2181,0.4116,mid,0.0,4,1,0,0.05,0.0,85.0,306.0,0.0588,우정읍,0.4116,0.5993,0.33937,1,DRT,31240130,읍,16.97,1.1,21.2,41590-36862,991.5,126.7963,37.13712
다사3705,pm,0.0,0.011,-1.2727,-1.2181,-0.0,mid,0.0,3,0,0,0.05,0.0,0.0,0.0,0.0,우정읍,-0.0,-0.0546,0.0,0,DRT,31240130,읍,0.0,1.1,0.0,41590-60017,864.2,126.79622,37.14613
다사3706,pm,0.190749,0.527345,-0.5377,0.5636,-0.8161,over,0.0,1,1,3,0.7353,8.828,98.0,325.0,0.3469,남양읍,-0.8161,-1.1013,0.35434,1,ADD_FREQ,31240150,읍,19.07,52.73,24.5,41590-60017,158.8,126.79614,37.15514
다사3707,pm,0.131912,0.154152,-0.7644,-0.7242,-0.0235,mid,0.0,3,1,1,0.05,1.447,43.0,126.0,0.2326,남양읍,-0.0235,-0.0402,0.26382,1,DRT,31240150,읍,13.19,15.42,10.8,41590-37948,617.2,126.79605,37.16416
다사3708,pm,0.27917,0.59258,-0.1969,0.7887,-0.9355,mid,0.0,1,2,3,0.5795,17.308,259.0,476.0,0.1892,남양읍,-0.9355,-0.9856,0.47062,3,ADD_FREQ,31240150,읍,27.92,59.26,64.8,41590-60094,252.3,126.79597,37.17317
다사3709,pm,0.396523,0.34032,0.2553,-0.0818,0.3371,mid,0.0,4,3,2,0.3982,3.854,266.0,1625.0,0.0301,남양읍,0.3371,0.3371,0.4742,3,NEW_STOP,31240150,읍,39.65,34.03,66.5,41590-60100,361.1,126.79589,37.18218
다사3710,pm,0.366268,0.663104,0.1387,1.0321,-0.8933,mid,0.0,1,3,4,0.606,26.433,195.0,586.0,0.1897,마도면,-0.8933,-0.8933,0.43112,2,ADD_FREQ,31240350,면,36.63,66.31,48.8,41590-37753,236.4,126.7958,37.1912
다사3711,pm,0.462024,0.612128,0.5077,0.8562,-0.3484,ok,0.0,2,3,3,0.5792,19.697,367.0,448.0,0.1608,남양읍,-0.3484,-0.3484,0.51333,3,ADD_FREQ,31240150,읍,46.2,61.21,91.8,41590-55179,252.5,126.79572,37.20021
다사3712,pm,0.393096,0.24681,0.2421,-0.4044,0.6465,mid,0.0,4,3,1,0.05,3.367,742.0,248.0,0.2156,마도면,0.6465,0.6465,0.61013,4,DRT,31240350,면,39.31,24.68,185.5,41590-60037,628.2,126.79563,37.20922
다사3713,pm,0.264461,0.407271,-0.2536,0.1493,-0.3692,mid,0.0,2,2,2,0.0685,10.608,211.0,698.0,0.1469,마도면,-0.3692,-0.4029,0.43903,2,DRT,31240350,면,26.45,40.73,52.8,41590-36565,558.9,126.79555,37.21824
다사3714,pm,0.214797,0.425728,-0.445,0.213,-0.5267,mid,0.0,2,1,2,0.4325,6.897,93.0,154.0,0.4194,남양읍,-0.5267,-0.6579,0.35378,1,NEW_STOP,31240150,읍,21.48,42.57,23.2,41590-36562,340.5,126.79547,37.22725
다사3715,pm,0.17246,0.145764,-0.6081,-0.7531,0.1006,mid,0.0,3,1,1,0.05,1.322,88.0,0.0,0.5568,남양읍,0.1006,0.145,0.33999,1,DRT,31240150,읍,17.25,14.58,22.0,41590-36550,706.4,126.79538,37.23626
다사3716,pm,0.171939,0.374434,-0.6101,0.036,-0.4475,mid,0.0,2,1,2,0.2122,6.759,88.0,5.0,0.4773,남양읍,-0.4475,-0.6461,0.33912,1,NEW_STOP,31240150,읍,17.19,37.44,22.0,41590-36544,472.7,126.7953,37.24528
다사3717,pm,0.124953,0.484636,-0.7912,0.4162,-0.6796,over,0.0,2,0,3,0.5395,8.851,23.0,5.0,0.4348,남양읍,-0.6796,-1.2074,0.24624,0,ADD_FREQ,31240150,읍,12.5,48.46,5.8,41590-36542,276.3,126.79521,37.25429
다사3718,pm,0.11835,0.207801,-0.8167,-0.539,-0.1508,mid,0.0,3,0,1,0.05,2.422,23.0,3.0,0.6522,남양읍,-0.1508,-0.2776,0.23394,0,DRT,31240150,읍,11.84,20.78,5.8,41590-36540,700.8,126.79513,37.2633
다사3719,pm,0.0,0.011,-1.2727,-1.2181,-0.0,mid,0.0,3,0,0,0.05,0.0,0.0,0.0,0.0,송산면,-0.0,-0.0546,0.0,0,DRT,31240360,면,0.0,1.1,0.0,41590-36538,1273.2,126.79505,37.27232
다사3720,pm,0.0,0.011,-1.2727,-1.2181,-0.0,mid,0.0,3,0,0,0.05,0.0,0.0,0.0,0.0,송산면,-0.0,-0.0546,0.0,0,DRT,31240360,면,0.0,1.1,0.0,41590-55547,1280.1,126.79496,37.28133
다사3721,pm,0.0,0.011,-1.2727,-1.2181,-0.0,mid,0.0,3,0,0,0.05,0.0,0.0,97.0,0.0,송산면,-0.0,-0.0546,0.0,0,DRT,31240360,면,0.0,1.1,0.0,41590-55547,1113.6,126.79488,37.29034
다사3800,pm,0.190535,0.410277,-0.5385,0.1596,-0.5169,mid,0.0,2,1,2,0.1198,10.022,98.0,16.0,0.3673,우정읍,-0.5169,-0.6981,0.34623,1,DRT,31240130,읍,19.05,41.03,24.5,41590-36923,528.1,126.80789,37.10113
다사3801,pm,0.306976,0.557389,-0.0898,0.6673,-0.757,mid,0.0,1,2,3,0.4118,17.503,223.0,558.0,0.4619,우정읍,-0.757,-0.757,0.45317,2,NEW_STOP,31240130,읍,30.7,55.74,55.8,41590-37414,352.9,126.80781,37.11014
다사3802,pm,0.253739,0.224056,-0.2949,-0.4829,0.1677,mid,0.0,3,2,1,0.05,2.788,188.0,760.0,0.2234,우정읍,0.1677,0.188,0.43253,2,DRT,31240130,읍,25.37,22.41,47.0,41590-37537,616.8,126.80773,37.11916
다사3803,pm,0.203684,0.140654,-0.4878,-0.7707,0.2188,drt,0.0,3,1,1,0.05,1.249,91.0,419.0,0.1978,우정읍,0.2188,0.2829,0.34494,1,DRT,31240130,읍,20.37,14.07,22.8,41590-36857,701.6,126.80764,37.12817
다사3804,pm,0.269554,0.234515,-0.234,-0.4469,0.1975,mid,0.0,3,2,1,0.138,2.583,123.0,510.0,0.1057,우정읍,0.1975,0.2129,0.3754,1,DRT,31240130,읍,26.96,23.45,30.8,41590-36856,517.2,126.80756,37.13718
다사3805,pm,0.047041,0.011,-1.0915,-1.2181,0.0378,mid,0.0,3,0,0,0.05,0.0,8.0,10.0,1.25,장안면,0.0378,0.1267,0.09408,0,DRT,31240390,면,4.7,1.1,2.0,41590-55660,862.7,126.80748,37.1462
다사3806,pm,0.219629,0.378394,-0.4264,0.0496,-0.3866,mid,0.0,2,1,2,0.4912,4.419,78.0,316.0,0.2949,남양읍,-0.3866,-0.476,0.34036,1,NEW_STOP,31240150,읍,21.96,37.84,19.5,41590-60017,305.3,126.8074,37.15521
다사3807,pm,0.320888,0.46391,-0.0361,0.3447,-0.3809,mid,0.0,2,2,3,0.7472,5.504,289.0,218.0,0.2699,남양읍,-0.3809,-0.3809,0.48836,3,ADD_FREQ,31240150,읍,32.09,46.39,72.2,41590-60012,151.7,126.80731,37.16422
다사3808,pm,0.350943,0.55711,0.0797,0.6663,-0.5866,mid,0.0,2,3,3,0.7008,11.413,280.0,817.0,0.1857,남양읍,-0.5866,-0.5866,0.48497,3,ADD_FREQ,31240150,읍,35.09,55.71,70.0,41590-55473,179.5,126.80723,37.17324
다사3809,pm,0.231259,0.17485,-0.3815,-0.6527,0.2278,drt,0.0,3,2,1,0.05,1.785,223.0,87.0,0.3587,남양읍,0.2278,0.2712,0.43842,2,DRT,31240150,읍,23.13,17.49,55.8,41590-55693,574.6,126.80715,37.18225
다사3810,pm,0.146572,0.011,-0.7079,-1.2181,0.3186,mid,0.0,4,1,0,0.05,0.0,63.0,76.0,0.4127,남양읍,0.3186,0.5102,0.29314,1,DRT,31240150,읍,14.66,1.1,15.8,41590-55693,919.3,126.80707,37.19126
다사3811,pm,0.65523,0.498363,1.2523,0.4636,0.7887,need,1.19087,5,4,3,0.05,20.043,1969.0,112.0,0.1894,남양읍,0.7887,0.7887,0.74489,4,DRT,31240150,읍,65.52,49.84,492.2,41590-36009,586.1,126.80699,37.20028
다사3812,pm,0.721417,0.789505,1.5073,1.4682,0.0391,ok,0.0,3,4,4,0.592,60.63,2379.0,761.0,0.2404,남양읍,0.0391,0.0391,0.77184,4,ADD_FREQ,31240150,읍,72.14,78.95,594.8,41590-60035,244.8,126.8069,37.20929
다사3813,pm,0.220213,0.181102,-0.4241,-0.6312,0.1684,drt,0.0,3,1,1,0.05,1.896,209.0,25.0,0.2584,남양읍,0.1684,0.2071,0.43622,2,DRT,31240150,읍,22.02,18.11,52.2,41590-36558,672.7,126.80682,37.2183
다사3814,pm,0.204059,0.614279,-0.4864,0.8636,-1.0452,over,0.0,1,1,3,0.6922,16.958,128.0,5.0,0.4062,남양읍,-1.0452,-1.35,0.39353,2,ADD_FREQ,31240150,읍,20.41,61.43,32.0,41590-36556,184.7,126.80674,37.22732
다사3815,pm,0.186757,0.53506,-0.553,0.5902,-0.8356,over,0.0,1,1,3,0.5025,13.206,93.0,11.0,0.5484,남양읍,-0.8356,-1.1433,0.34303,1,ADD_FREQ,31240150,읍,18.68,53.51,23.2,41590-36551,298.5,126.80666,37.23633
다사3816,pm,0.179378,0.416607,-0.5815,0.1815,-0.5432,mid,0.0,2,1,2,0.1662,9.759,98.0,11.0,0.3469,남양읍,-0.5432,-0.763,0.34937,1,NEW_STOP,31240150,읍,17.94,41.66,24.5,41590-36547,500.3,126.80657,37.24534
다사3817,pm,0.030737,0.175309,-1.1543,-0.6512,-0.1138,mid,0.0,3,0,1,0.05,1.793,5.0,0.0,0.0,남양읍,-0.1138,-0.5031,0.06037,0,DRT,31240150,읍,3.07,17.53,1.2,41590-36541,656.0,126.80649,37.25436
다사3818,pm,0.171428,0.696999,-0.6121,1.149,-1.2175,over,0.0,0,1,4,0.7575,26.53,68.0,0.0,0.6618,남양읍,-1.2175,-1.7611,0.32023,1,ADD_FREQ,31240150,읍,17.14,69.7,17.0,41590-36536,145.5,126.80641,37.26337
다사3819,pm,0.178932,0.42246,-0.5832,0.2017,-0.5579,mid,0.0,2,1,2,0.206,9.565,68.0,8.0,0.5294,송산면,-0.5579,-0.7849,0.34971,1,NEW_STOP,31240360,면,17.89,42.25,17.0,41590-36533,476.4,126.80633,37.27238
다사3820,pm,0.145785,0.065396,-0.7109,-1.0304,0.1988,mid,0.0,3,1,1,0.05,0.405,48.0,5.0,0.4167,남양읍,0.1988,0.3195,0.28718,1,DRT,31240150,읍,14.58,6.54,12.0,41590-55547,702.2,126.80624,37.2814
다사3821,pm,0.266105,0.279501,-0.2473,-0.2916,0.0408,mid,0.0,3,2,2,0.4838,1.95,128.0,8.0,0.1016,새솔동,0.0408,0.0444,0.38988,2,NEW_STOP,31240670,동,26.61,27.95,32.0,41590-55547,309.7,126.80616,37.29041
다사3900,pm,0.228685,0.528601,-0.3915,0.5679,-0.7999,over,0.0,1,2,3,0.618,10.64,181.0,57.0,0.5801,우정읍,-0.7999,-0.9594,0.41889,2,ADD_FREQ,31240130,읍,22.87,52.86,45.2,41590-37845,229.2,126.81914,37.10119
다사3901,pm,0.27455,0.299858,-0.2147,-0.2214,0.0063,mid,0.0,3,2,2,0.264,3.533,143.0,50.0,0.4336,장안면,0.0063,0.0067,0.39336,2,NEW_STOP,31240390,면,27.46,29.99,35.8,41590-37844,441.6,126.81906,37.11021
다사3902,pm,0.423416,0.621065,0.359,0.887,-0.5281,ok,0.0,2,3,4,0.8505,14.07,241.0,834.0,0.1618,우정읍,-0.5281,-0.5281,0.46181,3,ADD_FREQ,31240130,읍,42.34,62.11,60.2,41590-36962,89.7,126.81898,37.11922
다사3903,pm,0.281483,0.479939,-0.188,0.4,-0.5611,mid,0.0,2,2,3,0.4948,9.172,118.0,112.0,0.4407,우정읍,-0.5611,-0.588,0.36704,1,NEW_STOP,31240130,읍,28.15,47.99,29.5,41590-37580,303.1,126.8189,37.12823
다사3904,pm,0.380933,0.508107,0.1952,0.4972,-0.302,mid,0.0,2,3,3,0.6098,9.356,179.0,449.0,0.1844,장안면,-0.302,-0.302,0.43316,2,ADD_FREQ,31240390,면,38.09,50.81,44.8,41590-37420,234.1,126.81882,37.13725
다사3905,pm,0.426282,0.56561,0.37,0.6956,-0.3257,ok,0.0,2,3,3,0.9247,8.622,269.0,945.0,0.0,장안면,-0.3257,-0.3257,0.47057,3,ADD_FREQ,31240390,면,42.63,56.56,67.2,41590-55616,45.2,126.81874,37.14626
다사3906,pm,0.066411,0.160936,-1.0168,-0.7008,-0.118,mid,0.0,3,0,1,0.05,1.553,0.0,37.0,0.0,남양읍,-0.118,-0.316,0.0,0,DRT,31240150,읍,6.64,16.09,0.0,41590-37973,658.8,126.81866,37.15527
다사3907,pm,0.353069,0.445111,0.0879,0.2798,-0.192,mid,0.0,3,3,2,0.4268,7.984,198.0,15749.0,0.1667,남양읍,-0.192,-0.192,0.43227,2,NEW_STOP,31240150,읍,35.31,44.51,49.5,41590-37973,343.9,126.81858,37.16429
다사3908,pm,0.463654,0.669783,0.514,1.0551,-0.5411,ok,0.0,2,3,4,0.6668,25.307,411.0,945.0,0.18,남양읍,-0.5411,-0.5411,0.5325,3,ADD_FREQ,31240150,읍,46.37,66.98,102.8,41590-60107,199.9,126.8185,37.1733
다사3909,pm,0.421851,0.703314,0.3529,1.1708,-0.8179,ok,0.0,1,3,4,0.8975,22.623,297.0,803.0,0.1919,남양읍,-0.8179,-0.8179,0.48866,3,ADD_FREQ,31240150,읍,42.19,70.33,74.2,41590-55809,61.5,126.81842,37.18232
다사3910,pm,0.847402,0.767293,1.9928,1.3916,0.6012,ok,0.0,4,4,4,0.7513,42.085,7182.0,1059.0,0.0987,남양읍,0.6012,0.6012,0.93055,4,ADD_FREQ,31240150,읍,84.74,76.73,1795.5,41590-60040,149.2,126.81833,37.19133
다사3911,pm,0.867293,0.798214,2.0695,1.4983,0.5712,ok,0.0,4,4,4,0.5537,67.601,8841.0,760.0,0.0717,남양읍,0.5712,0.5712,0.96096,4,ADD_FREQ,31240150,읍,86.73,79.82,2210.2,41590-36157,267.8,126.81825,37.20034
다사3912,pm,0.949115,0.971363,2.3848,2.0958,0.289,ok,0.0,4,4,4,0.8698,195.153,5807.0,2611.0,0.144,남양읍,0.289,0.289,0.89823,4,ADD_FREQ,31240150,읍,94.91,97.14,1451.8,41590-36021,78.1,126.81817,37.20936
다사3913,pm,0.265195,0.590338,-0.2508,0.781,-0.9472,mid,0.0,1,2,3,0.6767,14.795,359.0,431.0,0.2646,남양읍,-0.9472,-1.0317,0.51376,3,ADD_FREQ,31240150,읍,26.52,59.03,89.8,41590-36559,194.0,126.81809,37.21837
다사3914,pm,0.147085,0.011,-0.7059,-1.2181,0.3206,mid,0.0,4,1,0,0.05,0.0,43.0,0.0,0.5814,남양읍,0.3206,0.5122,0.29417,1,DRT,31240150,읍,14.71,1.1,10.8,41590-36557,666.6,126.81801,37.22738
다사3915,pm,0.121845,0.340671,-0.8032,-0.0805,-0.4002,mid,0.0,2,0,2,0.2225,5.194,18.0,3.0,1.2778,남양읍,-0.4002,-0.7226,0.24185,0,NEW_STOP,31240150,읍,12.18,34.07,4.5,41590-36365,466.5,126.81793,37.2364
다사3916,pm,0.110366,0.48701,-0.8474,0.4244,-0.6604,over,0.0,2,0,3,0.4943,9.639,23.0,3.0,0.2174,남양읍,-0.6604,-1.2718,0.21725,0,NEW_STOP,31240150,읍,11.04,48.7,5.8,41590-36517,303.4,126.81785,37.24541
다사3917,pm,0.213762,0.667415,-0.449,1.0469,-1.1937,over,0.0,1,1,4,0.7448,22.284,173.0,11.0,0.4913,남양읍,-1.1937,-1.4959,0.42295,2,ADD_FREQ,31240150,읍,21.38,66.74,43.2,41590-36520,153.1,126.81777,37.25442
다사3918,pm,0.181529,0.68073,-0.5732,1.0929,-1.1955,over,0.0,1,1,4,0.896,19.555,98.0,11.0,0.3163,남양읍,-1.1955,-1.6661,0.35544,1,ADD_FREQ,31240150,읍,18.15,68.07,24.5,41590-36524,62.4,126.81769,37.26344
다사3919,pm,0.307301,0.580025,-0.0885,0.7454,-0.8339,mid,0.0,1,2,3,0.4343,19.666,203.0,132.0,0.3202,남양읍,-0.8339,-0.8339,0.44077,2,NEW_STOP,31240150,읍,30.73,58.0,50.8,41590-36527,339.4,126.8176,37.27245
다사3920,pm,0.900313,0.6151,2.1967,0.8664,1.3303,need,1.91065,6,4,3,0.6852,17.225,8559.0,2566.0,0.0574,새솔동,1.3303,1.3303,0.95697,4,ADD_FREQ,31240670,동,90.03,61.51,2139.8,41590-55770,188.9,126.81752,37.28146
다사3921,pm,0.879876,0.547675,2.118,0.6338,1.4842,need,2.23514,6,4,3,0.754,9.877,12155.0,821.0,0.0722,새솔동,1.4842,1.4842,1.0,4,ADD_FREQ,31240670,동,87.99,54.77,3038.8,41590-55598,147.6,126.81744,37.29048
다사4000,pm,0.314048,0.191734,-0.0625,-0.5945,0.532,mid,0.0,4,2,1,0.05,2.095,185.0,607.0,0.0703,우정읍,0.532,0.532,0.43379,2,DRT,31240130,읍,31.4,19.17,46.2,41590-36427,676.0,126.8304,37.10126
다사4001,pm,0.163209,0.101161,-0.6438,-0.907,0.1763,mid,0.0,3,1,1,0.05,0.757,73.0,575.0,0.2877,장안면,0.1763,0.2632,0.32023,1,DRT,31240390,면,16.32,10.12,18.2,41590-37636,694.0,126.83032,37.11027
다사4002,pm,0.388479,0.501505,0.2243,0.4744,-0.2501,mid,0.0,2,3,3,0.7352,7.364,286.0,1012.0,0.1818,장안면,-0.2501,-0.2501,0.48361,3,ADD_FREQ,31240390,면,38.85,50.15,71.5,41590-36886,158.9,126.83024,37.11928
다사4003,pm,0.271519,0.230952,-0.2264,-0.4592,0.217,mid,0.0,3,2,1,0.2008,2.214,193.0,222.0,0.3212,장안면,0.217,0.2327,0.4341,2,NEW_STOP,31240390,면,27.15,23.1,48.2,41590-37542,479.5,126.83016,37.1283
다사4004,pm,0.346893,0.268064,0.0641,-0.3311,0.3952,mid,0.0,4,3,2,0.2238,2.927,289.0,1009.0,0.1696,장안면,0.3952,0.3952,0.48317,3,NEW_STOP,31240390,면,34.69,26.81,72.2,41590-37416,465.7,126.83008,37.13731
다사4005,pm,0.328684,0.237939,-0.0061,-0.435,0.4289,mid,0.0,4,3,1,0.3585,1.703,254.0,895.0,0.0591,장안면,0.4289,0.4289,0.46819,3,NEW_STOP,31240390,면,32.87,23.79,63.5,41590-37422,384.9,126.83,37.14633
다사4006,pm,0.088168,0.011,-0.933,-1.2181,0.128,mid,0.0,3,0,0,0.05,0.0,13.0,0.0,0.7692,남양읍,0.128,0.2852,0.17634,0,DRT,31240150,읍,8.82,1.1,3.2,41590-37973,1222.0,126.82992,37.15534
다사4007,pm,0.182363,0.185891,-0.57,-0.6146,0.0321,drt,0.0,3,1,1,0.05,1.984,83.0,22.0,0.3373,남양읍,0.0321,0.0447,0.34775,1,DRT,31240150,읍,18.24,18.59,20.8,41590-60058,585.3,126.82984,37.16435
다사4008,pm,0.292267,0.575641,-0.1464,0.7303,-0.8573,mid,0.0,1,2,3,0.5987,15.04,308.0,57.0,0.2922,남양읍,-0.8573,-0.8767,0.48661,3,ADD_FREQ,31240150,읍,29.23,57.56,77.0,41590-60104,240.8,126.82976,37.17337
다사4009,pm,0.2583,0.301034,-0.2773,-0.2173,-0.0542,mid,0.0,3,2,2,0.3032,3.327,313.0,71.0,0.1725,남양읍,-0.0542,-0.06,0.49545,3,NEW_STOP,31240150,읍,25.83,30.1,78.2,41590-60103,418.1,126.82968,37.18238
다사4010,pm,0.772008,0.588631,1.7023,0.7751,0.9272,need,1.37267,5,4,3,0.4523,20.275,5743.0,302.0,0.1019,남양읍,0.9272,0.9272,0.89785,4,NEW_STOP,31240150,읍,77.2,58.86,1435.8,41590-36039,328.6,126.8296,37.19139
다사4011,pm,0.886711,0.968279,2.1443,2.0851,0.0592,ok,0.0,3,4,4,0.8987,122.587,4858.0,4671.0,0.0597,남양읍,0.0592,0.0592,0.87507,4,ADD_FREQ,31240150,읍,88.67,96.83,1214.5,41590-36510,60.8,126.82952,37.20041
다사4012,pm,0.916449,0.965643,2.2589,2.076,0.1829,ok,0.0,3,4,4,0.8438,187.975,9504.0,1465.0,0.1257,남양읍,0.1829,0.1829,0.96821,4,ADD_FREQ,31240150,읍,91.64,96.56,2376.0,41590-55436,93.7,126.82944,37.20942
다사4013,pm,0.697307,0.888155,1.4144,1.8087,-0.3942,ok,0.0,2,4,4,0.625,108.119,1694.0,754.0,0.1181,남양읍,-0.3942,-0.3942,0.7294,4,ADD_FREQ,31240150,읍,69.73,88.82,423.5,41590-37776,225.0,126.82936,37.21843
다사4014,pm,0.123479,0.011,-0.7969,-1.2181,0.2353,mid,0.0,3,0,0,0.05,0.0,28.0,89.0,0.7143,남양읍,0.2353,0.4213,0.24696,1,DRT,31240150,읍,12.35,1.1,7.0,41590-36035,675.9,126.82928,37.22745
다사4015,pm,0.028245,0.194246,-1.1639,-0.5858,-0.1238,mid,0.0,3,0,1,0.05,2.144,5.0,3.0,0.0,비봉면,-0.1238,-0.5781,0.05575,0,DRT,31240330,면,2.82,19.42,1.2,41590-36363,652.9,126.8292,37.23646
다사4016,pm,0.244592,0.208796,-0.3302,-0.5356,0.1789,mid,0.0,3,2,1,0.6055,0.604,118.0,28.0,0.4831,비봉면,0.1789,0.2054,0.37729,1,ADD_FREQ,31240330,면,24.46,20.88,29.5,41590-37128,236.7,126.82912,37.24547
다사4017,pm,0.030183,0.011,-1.1564,-1.2181,0.0138,mid,0.0,3,0,0,0.05,0.0,5.0,3.0,0.0,남양읍,0.0138,0.0617,0.06037,0,DRT,31240150,읍,3.02,1.1,1.2,41590-36522,1049.5,126.82904,37.25449
다사4018,pm,0.171822,0.17508,-0.6106,-0.6519,0.0286,drt,0.0,3,1,1,0.05,1.789,73.0,13.0,0.5753,남양읍,0.0286,0.0414,0.34291,1,DRT,31240150,읍,17.18,17.51,18.2,41590-36526,574.0,126.82896,37.2635
다사4019,pm,0.761883,0.613257,1.6633,0.8601,0.8032,need,1.06869,5,4,3,0.6425,18.105,4176.0,407.0,0.0462,새솔동,0.8032,0.8032,0.857,4,ADD_FREQ,31240670,동,76.19,61.33,1044.0,41590-55540,214.5,126.82888,37.27251
다사4100,pm,0.613683,0.608439,1.0922,0.8434,0.2487,ok,0.0,3,4,3,0.6382,17.649,714.0,1138.0,0.0686,장안면,0.2487,0.2487,0.60922,4,ADD_FREQ,31240390,면,61.37,60.84,178.5,41590-37454,217.1,126.84165,37.10132
다사4101,pm,0.135606,0.521401,-0.7502,0.5431,-0.7677,over,0.0,1,1,3,0.692,9.051,48.0,2345.0,0.1042,장안면,-0.7677,-1.2933,0.26147,1,ADD_FREQ,31240390,면,13.56,52.14,12.0,41590-37634,184.8,126.84157,37.11033
다사4102,pm,0.18027,0.095603,-0.578,-0.9262,0.2487,drt,0.0,3,1,1,0.05,0.697,107.0,252.0,0.0935,장안면,0.2487,0.3482,0.35999,1,DRT,31240390,면,18.03,9.56,26.8,41590-37637,614.2,126.84149,37.11935
다사4103,pm,0.505701,0.548498,0.676,0.6366,0.0394,ok,0.0,3,3,3,0.638,11.824,486.0,683.0,0.1749,장안면,0.0394,0.0394,0.55348,3,ADD_FREQ,31240390,면,50.57,54.85,121.5,41590-37442,217.2,126.84142,37.12836
다사4104,pm,0.512698,0.488161,0.703,0.4284,0.2746,ok,0.0,4,4,3,0.4702,10.078,777.0,1986.0,0.0862,장안면,0.2746,0.2746,0.62013,4,NEW_STOP,31240390,면,51.27,48.82,194.2,41590-37424,317.9,126.84134,37.13738
다사4105,pm,0.374284,0.58836,0.1696,0.7742,-0.6045,mid,0.0,2,3,3,0.791,12.331,198.0,256.0,0.2525,팔탄면,-0.6045,-0.6045,0.44196,2,ADD_FREQ,31240380,면,37.43,58.84,49.5,41590-37445,125.4,126.84126,37.14639
다사4106,pm,0.211601,0.21717,-0.4573,-0.5067,0.0392,mid,0.0,3,1,1,0.1078,2.351,43.0,185.0,0.1163,남양읍,0.0392,0.0494,0.26922,1,DRT,31240150,읍,21.16,21.72,10.8,41590-55655,535.3,126.84118,37.1554
다사4107,pm,0.408272,0.615452,0.3006,0.8676,-0.567,ok,0.0,2,3,3,0.4792,23.247,182.0,1324.0,0.0989,남양읍,-0.567,-0.567,0.43259,2,NEW_STOP,31240150,읍,40.83,61.55,45.5,41590-55872,312.5,126.8411,37.16442
다사4108,pm,0.321691,0.512104,-0.0331,0.511,-0.5441,mid,0.0,2,2,3,0.3637,13.896,183.0,371.0,0.3388,남양읍,-0.5441,-0.5441,0.42577,2,NEW_STOP,31240150,읍,32.17,51.21,45.8,41590-55112,381.8,126.84102,37.17343
다사4109,pm,0.421489,0.641781,0.3515,0.9585,-0.607,ok,0.0,2,3,4,0.6068,22.982,306.0,587.0,0.2516,남양읍,-0.607,-0.607,0.48824,3,ADD_FREQ,31240150,읍,42.15,64.18,76.5,41590-60026,235.9,126.84095,37.18244
다사4110,pm,0.649368,0.716933,1.2297,1.2178,0.0119,ok,0.0,3,4,4,0.7942,28.65,2343.0,533.0,0.1263,남양읍,0.0119,0.0119,0.77197,4,ADD_FREQ,31240150,읍,64.94,71.69,585.8,41590-36441,123.5,126.84087,37.19146
다사4111,pm,0.608239,0.686915,1.0712,1.1142,-0.043,ok,0.0,3,4,4,0.4735,37.199,2024.0,328.0,0.1329,남양읍,-0.043,-0.043,0.75155,4,NEW_STOP,31240150,읍,60.82,68.69,506.0,41590-55681,315.9,126.84079,37.20047
다사4112,pm,0.654106,0.592059,1.2479,0.7869,0.461,ok,0.0,4,4,3,0.1998,29.76,2840.0,898.0,0.1007,남양읍,0.461,0.461,0.80111,4,NEW_STOP,31240150,읍,65.41,59.21,710.0,41590-55929,480.1,126.84071,37.20948
다사4113,pm,0.518959,0.83101,0.7271,1.6115,-0.8843,ok,0.0,1,4,4,0.8415,55.683,329.0,1784.0,0.0942,남양읍,-0.8843,-0.8843,0.50464,3,ADD_FREQ,31240150,읍,51.9,83.1,82.2,41590-55255,95.1,126.84063,37.2185
다사4114,pm,0.278673,0.50008,-0.1988,0.4695,-0.6336,mid,0.0,2,2,3,0.05,20.27,33.0,63.0,0.303,남양읍,-0.6336,-0.6684,0.23525,0,DRT,31240150,읍,27.87,50.01,8.2,41590-36043,605.4,126.84055,37.22751
다사4115,pm,0.063207,0.011,-1.0292,-1.2181,0.0683,mid,0.0,3,0,0,0.05,0.0,13.0,3.0,0.3846,비봉면,0.0683,0.189,0.12641,0,DRT,31240330,면,6.32,1.1,3.2,41590-55363,1078.3,126.84048,37.23652
다사4116,pm,0.203748,0.274202,-0.4876,-0.3099,-0.1374,mid,0.0,3,1,2,0.8328,0.766,118.0,50.0,0.4407,비봉면,-0.1374,-0.1777,0.37701,1,ADD_FREQ,31240330,면,20.37,27.42,29.5,41590-55363,100.3,126.8404,37.24554
다사4117,pm,0.135546,0.261631,-0.7504,-0.3533,-0.2357,mid,0.0,3,1,2,0.5967,1.259,43.0,17.0,0.5349,비봉면,-0.2357,-0.3971,0.25908,1,ADD_FREQ,31240330,면,13.55,26.16,10.8,41590-37610,242.0,126.84032,37.25455
다사4118,pm,0.241229,0.371584,-0.3431,0.0261,-0.3187,mid,0.0,2,2,2,0.419,4.735,113.0,17.0,0.5221,비봉면,-0.3187,-0.3693,0.36785,1,NEW_STOP,31240330,면,24.12,37.16,28.2,41590-55461,348.6,126.84024,37.26356
다사4200,pm,0.470864,0.421905,0.5418,0.1998,0.342,mid,0.0,4,3,2,0.6623,4.621,399.0,465.0,0.213,장안면,0.342,0.342,0.526,3,ADD_FREQ,31240390,면,47.09,42.19,99.8,41590-36871,202.6,126.8529,37.10138
다사4201,pm,0.159187,0.011,-0.6593,-1.2181,0.3682,mid,0.0,4,1,0,0.05,0.0,59.0,301.0,0.4237,장안면,0.3682,0.5589,0.31837,1,DRT,31240390,면,15.92,1.1,14.8,41590-36846,807.9,126.85283,37.1104
다사4202,pm,0.236127,0.011,-0.3628,-1.2181,0.7281,drt,0.0,5,2,0,0.05,0.0,253.0,619.0,0.0,팔탄면,0.7281,0.8554,0.47225,3,DRT,31240380,면,23.61,1.1,63.2,41590-37443,858.6,126.85275,37.11941
다사4203,pm,0.493746,0.616963,0.63,0.8729,-0.2429,ok,0.0,3,3,3,0.8145,14.434,370.0,1431.0,0.0838,팔탄면,-0.2429,-0.2429,0.51611,3,ADD_FREQ,31240380,면,49.37,61.7,92.5,41590-36897,111.3,126.85267,37.12842
다사4204,pm,0.202239,0.011,-0.4934,-1.2181,0.5579,drt,0.0,4,1,0,0.05,0.0,157.0,857.0,0.0828,팔탄면,0.5579,0.7248,0.40448,2,DRT,31240380,면,20.22,1.1,39.2,41590-55008,935.2,126.8526,37.13744
다사4205,pm,0.0,0.011,-1.2727,-1.2181,-0.0,mid,0.0,3,0,0,0.05,0.0,0.0,0.0,0.0,팔탄면,-0.0,-0.0546,0.0,0,DRT,31240380,면,0.0,1.1,0.0,41590-37356,990.0,126.85252,37.14645
다사4206,pm,0.440139,0.405556,0.4234,0.1434,0.28,mid,0.0,4,3,2,0.7157,3.716,335.0,762.0,0.1313,팔탄면,0.28,0.28,0.50517,3,ADD_FREQ,31240380,면,44.01,40.56,83.8,41590-37547,170.6,126.85244,37.15546
다사4207,pm,0.337445,0.561603,0.0277,0.6818,-0.6542,mid,0.0,2,3,3,0.5142,15.503,100.0,473.0,0.25,남양읍,-0.6542,-0.6542,0.36189,1,ADD_FREQ,31240150,읍,33.74,56.16,25.0,41590-55889,291.5,126.85236,37.16448
다사4208,pm,0.317117,0.251368,-0.0507,-0.3887,0.338,mid,0.0,4,2,2,0.0587,3.44,312.0,843.0,0.1186,남양읍,0.338,0.338,0.49354,3,DRT,31240150,읍,31.71,25.14,78.0,41590-55653,564.8,126.85229,37.17349
다사4209,pm,0.510662,0.480755,0.6952,0.4028,0.2923,ok,0.0,4,4,3,0.551,8.464,648.0,1383.0,0.2037,남양읍,0.2923,0.2923,0.59197,4,ADD_FREQ,31240150,읍,51.07,48.08,162.0,41590-36050,269.4,126.85221,37.18251
다사4210,pm,0.358529,0.366907,0.1089,0.01,0.0989,mid,0.0,3,3,2,0.1228,7.37,436.0,746.0,0.1239,남양읍,0.0989,0.0989,0.54028,3,DRT,31240150,읍,35.85,36.69,109.0,41590-55152,526.3,126.85213,37.19152
다사4211,pm,0.170727,0.508043,-0.6148,0.497,-0.7666,over,0.0,1,1,3,0.5133,10.821,71.0,279.0,0.2113,남양읍,-0.7666,-1.1118,0.32482,1,ADD_FREQ,31240150,읍,17.07,50.8,17.8,41590-55155,292.0,126.85206,37.20053
다사4212,pm,0.467024,0.547783,0.527,0.6341,-0.1071,ok,0.0,3,3,3,0.4155,16.337,402.0,1662.0,0.4254,남양읍,-0.1071,-0.1071,0.52841,3,NEW_STOP,31240150,읍,46.7,54.78,100.5,41590-36052,350.7,126.85198,37.20955
다사4213,pm,0.478368,0.441482,0.5707,0.2673,0.3034,ok,0.0,4,3,2,0.441,7.613,380.0,2522.0,0.0132,남양읍,0.3034,0.3034,0.52671,3,NEW_STOP,31240150,읍,47.84,44.15,95.0,41590-55345,335.4,126.8519,37.21856
다사4214,pm,0.408123,0.593747,0.3,0.7927,-0.4927,ok,0.0,2,3,3,0.117,33.837,163.0,552.0,0.2577,비봉면,-0.4927,-0.4927,0.42028,2,DRT,31240330,면,40.81,59.37,40.8,41590-55393,529.8,126.85183,37.22757
다사4215,pm,0.183231,0.113172,-0.5666,-0.8656,0.2158,drt,0.0,3,1,1,0.05,0.894,108.0,27.0,0.5093,비봉면,0.2158,0.2989,0.36189,1,DRT,31240330,면,18.32,11.32,27.0,41590-55829,687.6,126.85175,37.23659
다사4216,pm,0.215324,0.45712,-0.443,0.3213,-0.6127,over,0.0,2,1,3,0.5407,7.281,138.0,45.0,0.5435,비봉면,-0.6127,-0.7642,0.40237,2,ADD_FREQ,31240330,면,21.53,45.71,34.5,41590-55828,275.6,126.85167,37.2456
다사4217,pm,0.219799,0.614042,-0.4257,0.8628,-1.0469,over,0.0,1,1,3,0.6632,17.661,123.0,51.0,0.3577,비봉면,-1.0469,-1.2885,0.37415,1,ADD_FREQ,31240330,면,21.98,61.4,30.8,41590-55871,202.1,126.85159,37.25461
다사4218,pm,0.027577,0.170542,-1.1665,-0.6676,-0.1052,mid,0.0,3,0,1,0.05,1.711,0.0,15.0,0.0,비봉면,-0.1052,-0.4988,0.0,0,DRT,31240330,면,2.76,17.05,0.0,41590-55833,631.4,126.85152,37.26363
다사4300,pm,0.467237,0.504203,0.5278,0.4838,0.0441,ok,0.0,3,3,3,0.8055,6.722,278.0,970.0,0.1403,장안면,0.0441,0.0441,0.47828,3,ADD_FREQ,31240390,면,46.72,50.42,69.5,41590-36706,116.7,126.86416,37.10144
다사4301,pm,0.220654,0.075863,-0.4224,-0.9943,0.4659,drt,0.0,4,1,1,0.05,0.5,155.0,1232.0,0.0645,팔탄면,0.4659,0.5719,0.40972,2,DRT,31240380,면,22.07,7.59,38.8,41590-36845,766.6,126.86408,37.11046
다사4302,pm,0.314157,0.485094,-0.0621,0.4178,-0.4799,mid,0.0,2,2,3,0.5557,8.662,128.0,396.0,0.2422,팔탄면,-0.4799,-0.4799,0.39667,2,ADD_FREQ,31240380,면,31.42,48.51,32.0,41590-36899,266.6,126.864,37.11947
다사4303,pm,0.459477,0.528649,0.4979,0.5681,-0.0702,ok,0.0,3,3,3,0.5762,11.333,351.0,1155.0,0.0456,팔탄면,-0.0702,-0.0702,0.50914,3,ADD_FREQ,31240380,면,45.95,52.86,87.8,41590-55650,254.3,126.86393,37.12848
다사4304,pm,0.465812,0.566419,0.5223,0.6984,-0.1761,ok,0.0,3,3,3,0.8347,9.945,403.0,924.0,0.2605,팔탄면,-0.1761,-0.1761,0.52797,3,ADD_FREQ,31240380,면,46.58,56.64,100.8,41590-55649,99.2,126.86385,37.1375
다사4305,pm,0.180826,0.016812,-0.5759,-1.1981,0.4453,drt,0.0,4,1,1,0.05,0.037,103.0,196.0,0.2233,팔탄면,0.4453,0.6222,0.36073,1,DRT,31240380,면,18.08,1.68,25.8,41590-55846,740.9,126.86378,37.14651
다사4306,pm,0.411194,0.11858,0.3119,-0.8469,1.1588,need,1.56478,5,3,1,0.539,0.0,355.0,923.0,0.2394,팔탄면,1.1588,1.1588,0.51031,3,ADD_FREQ,31240380,면,41.12,11.86,88.8,41590-36930,276.6,126.8637,37.15553
다사4307,pm,0.306835,0.011,-0.0903,-1.2181,1.1278,mid,0.0,5,2,0,0.05,0.0,187.0,600.0,0.1658,팔탄면,1.1278,1.1278,0.43441,2,DRT,31240380,면,30.68,1.1,46.8,41590-55644,573.5,126.86363,37.16454
다사4308,pm,0.192368,0.196658,-0.5314,-0.5775,0.0343,drt,0.0,3,1,1,0.7463,0.225,123.0,139.0,0.4634,남양읍,0.0343,0.0461,0.37962,1,ADD_FREQ,31240150,읍,19.24,19.67,30.8,41590-37173,152.2,126.86355,37.17355
다사4309,pm,0.45312,0.429293,0.4734,0.2253,0.2482,mid,0.0,3,3,2,0.5788,5.603,296.0,2064.0,0.1588,팔탄면,0.2482,0.2482,0.48755,3,ADD_FREQ,31240380,면,45.31,42.93,74.0,41590-37164,252.7,126.86348,37.18257
다사4310,pm,0.261793,0.14998,-0.2639,-0.7386,0.4321,mid,0.0,4,2,1,0.05,1.384,240.0,398.0,0.1708,팔탄면,0.4321,0.4747,0.46036,3,DRT,31240380,면,26.18,15.0,60.0,41590-60085,671.9,126.8634,37.19158
다사4311,pm,0.22819,0.462056,-0.3934,0.3383,-0.6092,over,0.0,2,2,3,0.5328,7.633,84.0,464.0,0.0595,비봉면,-0.6092,-0.7317,0.34158,1,ADD_FREQ,31240330,면,22.82,46.21,21.0,41590-37648,280.3,126.86332,37.20059
다사4312,pm,0.327948,0.465445,-0.0089,0.35,-0.359,mid,0.0,2,3,3,0.4128,9.4,186.0,678.0,0.1667,남양읍,-0.359,-0.359,0.43183,2,NEW_STOP,31240150,읍,32.79,46.54,46.5,41590-37035,352.3,126.86325,37.20961
다사4313,pm,0.31791,0.365602,-0.0476,0.0055,-0.0531,mid,0.0,3,2,2,0.2152,6.312,210.0,1179.0,0.0619,비봉면,-0.0531,-0.0531,0.44119,2,NEW_STOP,31240330,면,31.79,36.56,52.5,41590-55842,470.9,126.86317,37.21862
다사4314,pm,0.443449,0.82019,0.4362,1.5741,-1.138,ok,0.0,1,3,4,0.4987,83.887,163.0,145.0,0.2822,비봉면,-1.138,-1.138,0.41812,2,NEW_STOP,31240330,면,44.34,82.02,40.8,41590-55087,300.8,126.8631,37.22763
다사4315,pm,0.646404,0.97745,1.2183,2.1168,-0.8985,ok,0.0,1,4,4,0.8975,140.698,1253.0,521.0,0.2338,비봉면,-0.8985,-0.8985,0.68157,4,ADD_FREQ,31240330,면,64.64,97.74,313.2,41590-37161,61.5,126.86302,37.23665
다사4316,pm,0.460102,0.447301,0.5003,0.2874,0.2129,ok,0.0,3,3,2,0.4127,8.287,550.0,30.0,0.1927,비봉면,0.2129,0.2129,0.57077,3,NEW_STOP,31240330,면,46.01,44.73,137.5,41590-60124,352.4,126.86295,37.24566
다사4317,pm,0.292173,0.223166,-0.1468,-0.486,0.3316,mid,0.0,4,2,1,0.05,2.767,93.0,8.0,0.5269,비봉면,0.3316,0.3392,0.32564,1,DRT,31240330,면,29.22,22.32,23.2,41590-60123,651.7,126.86287,37.25467
다사4318,pm,0.002105,0.119385,-1.2646,-0.8441,-0.0166,mid,0.0,3,0,1,0.05,0.969,0.0,3.0,0.0,비봉면,-0.0166,-0.4205,0.0,0,DRT,31240330,면,0.21,11.94,0.0,41590-37187,635.0,126.86279,37.26369
다사4400,pm,0.231719,0.057699,-0.3798,-1.057,0.5695,drt,0.0,4,2,1,0.05,0.339,153.0,398.0,0.2353,장안면,0.5695,0.6772,0.39708,2,DRT,31240390,면,23.17,5.77,38.2,41590-37179,777.8,126.87541,37.1015
다사4401,pm,0.4437,0.610899,0.4371,0.8519,-0.4148,ok,0.0,2,3,3,0.4695,22.882,174.0,515.0,0.1667,팔탄면,-0.4148,-0.4148,0.40417,2,NEW_STOP,31240380,면,44.37,61.09,43.5,41590-36898,318.3,126.87533,37.11052
다사4402,pm,0.292376,0.424148,-0.146,0.2075,-0.3458,mid,0.0,2,2,2,0.3692,7.531,252.0,236.0,0.3333,팔탄면,-0.3458,-0.3535,0.46581,3,NEW_STOP,31240380,면,29.24,42.41,63.0,41590-37437,378.5,126.87526,37.11953
다사4403,pm,0.109687,0.041626,-0.85,-1.1125,0.1357,mid,0.0,3,0,1,0.05,0.211,28.0,105.0,0.1786,팔탄면,0.1357,0.2624,0.21516,0,DRT,31240380,면,10.97,4.16,7.0,41590-36735,761.2,126.87519,37.12854
다사4404,pm,0.22616,0.110188,-0.4012,-0.8759,0.3929,drt,0.0,4,2,1,0.05,0.859,150.0,402.0,0.1533,팔탄면,0.3929,0.4747,0.4019,2,DRT,31240380,면,22.62,11.02,37.5,41590-55942,630.0,126.87511,37.13756
다사4405,pm,0.266885,0.310607,-0.2443,-0.1843,-0.0553,mid,0.0,3,2,2,0.5677,2.193,233.0,407.0,0.279,팔탄면,-0.0553,-0.06,0.45673,2,ADD_FREQ,31240380,면,26.69,31.06,58.2,41590-55846,259.4,126.87504,37.14657
다사4406,pm,0.330483,0.281779,0.0008,-0.2838,0.2846,mid,0.0,4,3,2,0.2182,3.312,239.0,299.0,0.1967,팔탄면,0.2846,0.2846,0.46601,3,NEW_STOP,31240380,면,33.05,28.18,59.8,41590-37052,469.1,126.87496,37.15559
다사4407,pm,0.446185,0.28616,0.4467,-0.2686,0.7153,mid,0.0,5,3,2,0.7827,1.039,281.0,1075.0,0.0641,팔탄면,0.7153,0.7153,0.47905,3,ADD_FREQ,31240380,면,44.62,28.62,70.2,41590-55642,130.4,126.87489,37.1646
다사4408,pm,0.459677,0.542167,0.4987,0.6148,-0.1161,ok,0.0,3,3,3,0.7083,10.19,364.0,1167.0,0.1346,팔탄면,-0.1161,-0.1161,0.51628,3,ADD_FREQ,31240380,면,45.97,54.22,91.0,41590-37182,175.0,126.87482,37.17361
다사4409,pm,0.234745,0.083057,-0.3681,-0.9695,0.51,drt,0.0,4,2,1,0.05,0.569,199.0,915.0,0.1809,팔탄면,0.51,0.6014,0.43963,2,DRT,31240380,면,23.47,8.31,49.8,41590-60042,741.2,126.87474,37.18263
다사4410,pm,0.315985,0.508688,-0.055,0.4992,-0.5543,mid,0.0,2,2,3,0.6548,8.77,134.0,420.0,0.2687,팔탄면,-0.5543,-0.5543,0.39749,2,ADD_FREQ,31240380,면,31.6,50.87,33.5,41590-36973,207.1,126.87467,37.19164
다사4411,pm,0.416934,0.59368,0.334,0.7925,-0.4585,ok,0.0,2,3,3,0.5735,17.587,280.0,693.0,0.2679,비봉면,-0.4585,-0.4585,0.47653,3,ADD_FREQ,31240330,면,41.69,59.37,70.0,41590-37713,255.9,126.87459,37.20065
다사4412,pm,0.246571,0.278374,-0.3225,-0.2955,-0.0237,mid,0.0,3,2,2,0.3118,2.711,121.0,194.0,0.3388,비봉면,-0.0237,-0.027,0.37944,1,NEW_STOP,31240330,면,24.66,27.84,30.2,41590-55823,412.9,126.87452,37.20967
다사4413,pm,0.094885,0.459824,-0.9071,0.3306,-0.5825,over,0.0,2,0,3,0.4923,8.001,13.0,154.0,0.3846,비봉면,-0.5825,-1.2377,0.12641,0,NEW_STOP,31240330,면,9.49,45.98,3.2,41590-37755,304.6,126.87444,37.21868
다사4414,pm,0.205499,0.511892,-0.4808,0.5103,-0.7709,over,0.0,1,1,3,0.4117,12.926,133.0,114.0,0.3308,비봉면,-0.7709,-0.9911,0.39692,2,NEW_STOP,31240330,면,20.55,51.19,33.2,41590-55380,353.0,126.87437,37.22769
다사4415,pm,0.650674,0.967185,1.2347,2.0814,-0.8466,ok,0.0,1,4,4,0.9342,115.896,1105.0,955.0,0.181,비봉면,-0.8466,-0.8466,0.66607,4,ADD_FREQ,31240330,면,65.07,96.72,276.2,41590-37186,39.5,126.8743,37.23671
다사4416,pm,0.710707,0.765563,1.4661,1.3856,0.0804,ok,0.0,3,4,4,0.8035,38.671,2017.0,304.0,0.2593,비봉면,0.0804,0.0804,0.74714,4,ADD_FREQ,31240330,면,71.07,76.56,504.2,41590-60020,117.9,126.87422,37.24572
다사4417,pm,0.37166,0.608147,0.1595,0.8424,-0.6829,mid,0.0,2,3,3,0.6063,18.448,78.0,66.0,0.5641,비봉면,-0.6829,-0.6829,0.34891,1,ADD_FREQ,31240330,면,37.17,60.81,19.5,41590-37729,236.2,126.87415,37.25473
다사4418,pm,0.397003,0.647717,0.2572,0.979,-0.7218,ok,0.0,1,3,4,0.4403,30.293,395.0,177.0,0.4025,매송면,-0.7218,-0.7218,0.52545,3,NEW_STOP,31240310,면,39.7,64.77,98.8,41590-37599,335.8,126.87407,37.26375
다사4419,pm,0.146914,0.011,-0.7066,-1.2181,0.3199,mid,0.0,4,1,0,0.05,0.0,48.0,3.0,0.6458,매송면,0.3199,0.5116,0.29383,1,DRT,31240310,면,14.69,1.1,12.0,41590-37187,658.7,126.874,37.27276
다사4500,pm,0.204375,0.15433,-0.4851,-0.7236,0.1848,drt,0.0,3,1,1,0.7015,0.0,138.0,195.0,0.2246,팔탄면,0.1848,0.2384,0.40875,2,ADD_FREQ,31240380,면,20.44,15.43,34.5,41590-55480,179.1,126.88666,37.10156
다사4501,pm,0.394923,0.443716,0.2492,0.275,-0.0259,mid,0.0,3,3,2,0.1828,11.457,188.0,149.0,0.2872,팔탄면,-0.0259,-0.0259,0.42591,2,NEW_STOP,31240380,면,39.49,44.37,47.0,41590-37206,490.3,126.88659,37.11058
다사4502,pm,0.378263,0.591416,0.1849,0.7847,-0.5997,mid,0.0,2,3,3,0.6578,15.319,326.0,315.0,0.2301,팔탄면,-0.5997,-0.5997,0.49464,3,ADD_FREQ,31240380,면,37.83,59.14,81.5,41590-37216,205.3,126.88652,37.11959
다사4503,pm,0.348126,0.5797,0.0688,0.7443,-0.6755,mid,0.0,2,3,3,0.7165,12.991,604.0,526.0,0.1871,팔탄면,-0.6755,-0.6755,0.58135,3,ADD_FREQ,31240380,면,34.81,57.97,151.0,41590-37360,170.1,126.88644,37.1286
다사4504,pm,0.335339,0.378974,0.0195,0.0516,-0.0321,mid,0.0,3,3,2,0.6707,3.249,203.0,1050.0,0.0493,팔탄면,-0.0321,-0.0321,0.44154,2,ADD_FREQ,31240380,면,33.53,37.9,50.8,41590-37413,197.6,126.88637,37.13762
다사4505,pm,0.266452,0.17276,-0.2459,-0.66,0.3813,mid,0.0,4,2,1,0.3498,0.82,305.0,723.0,0.2131,팔탄면,0.3813,0.414,0.48909,3,NEW_STOP,31240380,면,26.65,17.28,76.2,41590-36451,390.1,126.8863,37.14663
다사4506,pm,0.348463,0.464556,0.0701,0.3469,-0.2768,mid,0.0,2,3,3,0.7665,5.359,240.0,636.0,0.2167,팔탄면,-0.2768,-0.2768,0.45822,2,ADD_FREQ,31240380,면,34.85,46.46,60.0,41590-37402,140.1,126.88623,37.15564
다사4507,pm,0.457429,0.142243,0.49,-0.7653,1.2553,need,1.57273,6,3,1,0.1745,0.914,266.0,2253.0,0.203,팔탄면,1.2553,1.2553,0.47485,3,NEW_STOP,31240380,면,45.74,14.22,66.5,41590-55911,495.3,126.88615,37.16466
다사4508,pm,0.487666,0.518786,0.6065,0.5341,0.0725,ok,0.0,3,3,3,0.2975,16.011,645.0,2525.0,0.0636,팔탄면,0.0725,0.0725,0.59638,4,NEW_STOP,31240380,면,48.77,51.88,161.2,41590-55004,421.5,126.88608,37.17367
다사4509,pm,0.409436,0.745867,0.3051,1.3177,-1.0126,ok,0.0,1,3,4,0.7427,37.136,188.0,1200.0,0.1809,팔탄면,-1.0126,-1.0126,0.43885,2,ADD_FREQ,31240380,면,40.94,74.59,47.0,41590-55006,154.4,126.88601,37.18269
다사4510,pm,0.472549,0.668359,0.5483,1.0502,-0.5019,ok,0.0,2,3,4,0.4937,32.085,321.0,1293.0,0.1371,팔탄면,-0.5019,-0.5019,0.49967,3,NEW_STOP,31240380,면,47.25,66.84,80.2,41590-37209,303.8,126.88593,37.1917
다사4511,pm,0.354067,0.661045,0.0917,1.025,-0.9333,mid,0.0,1,3,4,0.9675,15.473,111.0,755.0,0.3243,비봉면,-0.9333,-0.9333,0.37338,1,ADD_FREQ,31240330,면,35.41,66.1,27.8,41590-37213,19.5,126.88586,37.20071
다사4512,pm,0.145794,0.011,-0.7109,-1.2181,0.3156,mid,0.0,4,1,0,0.05,0.0,63.0,8.0,0.4127,비봉면,0.3156,0.5072,0.29159,1,DRT,31240330,면,14.58,1.1,15.8,41590-36712,956.6,126.88579,37.20973
다사4513,pm,0.120051,0.011,-0.8101,-1.2181,0.2238,mid,0.0,3,0,0,0.05,0.0,36.0,0.0,0.0,비봉면,0.2238,0.408,0.2401,0,DRT,31240330,면,12.01,1.1,9.0,41590-37755,1009.1,126.88571,37.21874
다사4514,pm,0.0,0.261165,-1.2727,-0.3549,-0.0,mid,0.0,3,0,2,0.05,3.777,0.0,0.0,0.0,비봉면,-0.0,-0.9178,0.0,0,DRT,31240330,면,0.0,26.12,0.0,41590-37188,664.5,126.88564,37.22775
다사4515,pm,0.152376,0.556301,-0.6855,0.6635,-0.8639,over,0.0,1,1,3,0.2057,23.402,13.0,14.0,1.1538,비봉면,-0.8639,-1.3491,0.15029,0,NEW_STOP,31240330,면,15.24,55.63,3.2,41590-37207,476.6,126.88557,37.23677
다사4516,pm,0.241583,0.485761,-0.3418,0.4201,-0.6583,over,0.0,2,2,3,0.3822,11.317,93.0,160.0,0.5806,비봉면,-0.6583,-0.7619,0.35762,1,NEW_STOP,31240330,면,24.16,48.58,23.2,41590-37612,370.7,126.8855,37.24578
다사4517,pm,0.061411,0.132931,-1.0361,-0.7974,-0.0847,mid,0.0,3,0,1,0.05,1.143,8.0,3.0,0.625,비봉면,-0.0847,-0.2387,0.0955,0,DRT,31240330,면,6.14,13.29,2.0,41590-37218,641.1,126.88542,37.25479
다사4518,pm,0.518371,0.75696,0.7249,1.3559,-0.6311,ok,0.0,2,4,4,0.6235,47.153,846.0,172.0,0.2801,매송면,-0.6311,-0.6311,0.6288,4,ADD_FREQ,31240310,면,51.84,75.7,211.5,41590-37614,225.9,126.88535,37.26381
다사4519,pm,0.337696,0.566409,0.0286,0.6984,-0.6698,mid,0.0,2,3,3,0.5547,15.085,123.0,256.0,0.3171,매송면,-0.6698,-0.6698,0.38988,2,ADD_FREQ,31240310,면,33.77,56.64,30.8,41590-37215,267.2,126.88528,37.27282
다사4520,pm,0.26898,0.491374,-0.2362,0.4395,-0.626,mid,0.0,2,2,3,0.776,6.422,190.0,703.0,0.3947,매송면,-0.626,-0.6757,0.42316,2,ADD_FREQ,31240310,면,26.9,49.14,47.5,41590-37210,134.4,126.8852,37.28183
다사4600,pm,0.865247,0.843313,2.0616,1.6539,0.4077,ok,0.0,4,4,4,0.5748,87.333,8452.0,738.0,0.0745,향남읍,0.4077,0.4077,0.95308,4,ADD_FREQ,31240140,읍,86.52,84.33,2113.0,41590-55483,255.1,126.89792,37.10162
다사4601,pm,0.65909,0.622143,1.2671,0.8907,0.3764,ok,0.0,4,4,4,0.5798,21.014,2852.0,384.0,0.0624,향남읍,0.3764,0.3764,0.80131,4,ADD_FREQ,31240140,읍,65.91,62.21,713.0,41590-36762,252.1,126.89784,37.11063
다사4602,pm,0.464904,0.541909,0.5188,0.6139,-0.095,ok,0.0,3,3,3,0.2963,18.688,1428.0,57.0,0.0357,향남읍,-0.095,-0.095,0.71032,4,NEW_STOP,31240140,읍,46.49,54.19,357.0,41590-37225,422.2,126.89777,37.11965
다사4603,pm,0.801695,0.761105,1.8167,1.3702,0.4464,ok,0.0,4,4,4,0.5385,54.545,5910.0,721.0,0.1291,향남읍,0.4464,0.4464,0.90069,4,ADD_FREQ,31240140,읍,80.17,76.11,1477.5,41590-36908,276.9,126.8977,37.12866
다사4604,pm,0.330481,0.665049,0.0008,1.0388,-1.038,mid,0.0,1,3,4,0.6782,24.145,216.0,714.0,0.5509,향남읍,-1.038,-1.038,0.44131,2,ADD_FREQ,31240140,읍,33.05,66.5,54.0,41590-55114,193.1,126.89763,37.13767
다사4605,pm,0.346433,0.766623,0.0623,1.3893,-1.327,mid,0.0,0,3,4,0.6912,45.606,153.0,436.0,0.1895,팔탄면,-1.327,-1.327,0.40739,2,ADD_FREQ,31240380,면,34.64,76.66,38.2,41590-37234,185.3,126.89756,37.14669
다사4606,pm,0.42888,0.813029,0.38,1.5494,-1.1694,ok,0.0,1,3,4,0.773,54.661,135.0,581.0,0.1333,팔탄면,-1.1694,-1.1694,0.38264,2,ADD_FREQ,31240380,면,42.89,81.3,33.8,41590-36803,136.2,126.89749,37.1557
다사4607,pm,0.594033,0.668023,1.0164,1.049,-0.0326,ok,0.0,3,4,4,0.528,30.493,739.0,2845.0,0.161,팔탄면,-0.0326,-0.0326,0.61167,4,ADD_FREQ,31240380,면,59.4,66.8,184.8,41590-55387,283.2,126.89742,37.16472
다사4608,pm,0.465256,0.496528,0.5202,0.4573,0.0629,ok,0.0,3,3,3,0.2502,14.797,318.0,1387.0,0.1069,팔탄면,0.0629,0.0629,0.49549,3,NEW_STOP,31240380,면,46.53,49.65,79.5,41590-55876,449.9,126.89734,37.17373
다사4609,pm,0.19403,0.011,-0.525,-1.2181,0.5193,drt,0.0,4,1,0,0.05,0.0,133.0,103.0,0.2331,팔탄면,0.5193,0.6931,0.38806,2,DRT,31240380,면,19.4,1.1,33.2,41590-37766,852.4,126.89727,37.18274
다사4610,pm,0.24425,0.212608,-0.3315,-0.5225,0.1662,mid,0.0,3,2,1,0.3445,1.352,134.0,593.0,0.2687,팔탄면,0.1662,0.191,0.38841,2,NEW_STOP,31240380,면,24.42,21.26,33.5,41590-37249,393.3,126.8972,37.19176
다사4611,pm,0.295708,0.534956,-0.1332,0.5899,-0.7125,mid,0.0,1,2,3,0.77,8.827,193.0,289.0,0.5078,비봉면,-0.7125,-0.7231,0.42893,2,ADD_FREQ,31240330,면,29.57,53.5,48.2,41590-37233,138.0,126.89713,37.20077
다사4612,pm,0.153227,0.040166,-0.6823,-1.1175,0.2797,mid,0.0,4,1,1,0.05,0.2,58.0,30.0,0.5862,비봉면,0.2797,0.4352,0.30261,1,DRT,31240330,면,15.32,4.02,14.5,41590-37226,753.7,126.89706,37.20978
다사4613,pm,0.047396,0.011,-1.0901,-1.2181,0.0384,mid,0.0,3,0,0,0.05,0.0,8.0,0.0,0.625,비봉면,0.0384,0.1281,0.09479,0,DRT,31240330,면,4.74,1.1,2.0,41590-37226,1665.6,126.89699,37.2188
다사4614,pm,0.128771,0.011,-0.7765,-1.2181,0.2535,mid,0.0,4,0,0,0.05,0.0,28.0,3.0,0.8214,비봉면,0.2535,0.4416,0.25754,1,DRT,31240330,면,12.88,1.1,7.0,41590-37246,852.0,126.89691,37.22781
다사4615,pm,0.22778,0.247762,-0.395,-0.4011,0.0051,drt,0.0,3,2,1,0.4233,1.629,218.0,120.0,0.4587,비봉면,0.0051,0.0062,0.44547,2,NEW_STOP,31240330,면,22.78,24.78,54.5,41590-37246,346.0,126.89684,37.23682
다사4616,pm,0.356746,0.767805,0.102,1.3934,-1.2913,mid,0.0,0,3,4,0.5388,56.894,196.0,127.0,0.4235,비봉면,-1.2913,-1.2913,0.42644,2,ADD_FREQ,31240330,면,35.67,76.78,49.0,41590-37237,276.7,126.89677,37.24584
다사4617,pm,0.202645,0.711246,-0.4918,1.1982,-1.3026,over,0.0,0,1,4,0.9125,23.317,113.0,67.0,0.4425,매송면,-1.3026,-1.69,0.37606,1,ADD_FREQ,31240310,면,20.26,71.12,28.2,41590-37180,52.5,126.8967,37.25485
다사4618,pm,0.124547,0.011,-0.7928,-1.2181,0.2389,mid,0.0,3,0,0,0.05,0.0,28.0,72.0,0.5357,매송면,0.2389,0.4254,0.24909,1,DRT,31240310,면,12.45,1.1,7.0,41590-37178,819.1,126.89663,37.26387
다사4619,pm,0.171453,0.011,-0.612,-1.2181,0.4191,drt,0.0,4,1,0,0.05,0.0,68.0,54.0,0.4559,매송면,0.4191,0.6061,0.34291,1,DRT,31240310,면,17.15,1.1,17.0,41590-37215,893.0,126.89655,37.27288
다사4620,pm,0.092021,0.13915,-0.9181,-0.7759,-0.0656,mid,0.0,3,0,1,0.6325,0.0,23.0,50.0,0.6522,매송면,-0.0656,-0.1422,0.18404,0,ADD_FREQ,31240310,면,9.2,13.92,5.8,41590-55421,220.5,126.89648,37.28189
다사4700,pm,0.626375,0.646496,1.1411,0.9748,0.1663,ok,0.0,3,4,4,0.7945,18.081,3003.0,192.0,0.0982,향남읍,0.1663,0.1663,0.80809,4,ADD_FREQ,31240140,읍,62.64,64.65,750.8,41590-60091,123.3,126.90917,37.10168
다사4701,pm,0.876752,0.924238,2.1059,1.9332,0.1728,ok,0.0,3,4,4,0.7415,115.487,6976.0,1413.0,0.0626,향남읍,0.1728,0.1728,0.92814,4,ADD_FREQ,31240140,읍,87.68,92.42,1744.0,41590-55323,155.1,126.9091,37.11069
다사4702,pm,0.902028,0.792164,2.2033,1.4774,0.7259,ok,0.0,5,4,4,0.5973,61.205,7845.0,1928.0,0.0857,향남읍,0.7259,0.7259,0.9434,4,ADD_FREQ,31240140,읍,90.2,79.22,1961.2,41590-55288,241.6,126.90903,37.1197
다사4703,pm,0.956563,0.947453,2.4135,2.0133,0.4002,ok,0.0,4,4,4,0.849,115.171,6447.0,3058.0,0.1053,향남읍,0.4002,0.4002,0.91313,4,ADD_FREQ,31240140,읍,95.66,94.75,1611.8,41590-37265,90.6,126.90896,37.12872
다사4704,pm,0.934116,0.866542,2.327,1.7341,0.5929,ok,0.0,4,4,4,0.7952,74.438,4724.0,839.0,0.1397,향남읍,0.5929,0.5929,0.86823,4,ADD_FREQ,31240140,읍,93.41,86.65,1181.0,41590-36626,122.9,126.90889,37.13773
다사4705,pm,0.137409,0.011,-0.7432,-1.2181,0.2844,mid,0.0,4,1,0,0.05,0.0,53.0,27.0,0.0943,향남읍,0.2844,0.4749,0.27482,1,DRT,31240140,읍,13.74,1.1,13.2,41590-37240,865.4,126.90882,37.14674
다사4706,pm,0.297286,0.362716,-0.1271,-0.0045,-0.1212,mid,0.0,3,2,2,0.0758,7.698,93.0,313.0,0.3011,팔탄면,-0.1212,-0.1226,0.35233,1,DRT,31240380,면,29.73,36.27,23.2,41590-37257,554.5,126.90875,37.15576
다사4707,pm,0.60846,0.53085,1.072,0.5757,0.4963,ok,0.0,4,4,3,0.252,18.528,1369.0,485.0,0.1936,팔탄면,0.4963,0.4963,0.69488,4,NEW_STOP,31240380,면,60.85,53.09,342.2,41590-55713,448.8,126.90868,37.16477
다사4708,pm,0.314519,0.544037,-0.0607,0.6212,-0.6819,mid,0.0,2,2,3,0.6728,10.888,326.0,453.0,0.2515,팔탄면,-0.6819,-0.6819,0.49758,3,ADD_FREQ,31240380,면,31.45,54.4,81.5,41590-55878,196.3,126.90861,37.17379
다사4709,pm,0.31715,0.515989,-0.0506,0.5244,-0.575,mid,0.0,2,2,3,0.7063,8.527,338.0,52.0,0.2811,팔탄면,-0.575,-0.575,0.50266,3,ADD_FREQ,31240380,면,31.72,51.6,84.5,41590-55702,176.2,126.90854,37.1828
다사4710,pm,0.299126,0.526478,-0.12,0.5606,-0.6757,mid,0.0,2,2,3,0.8463,7.391,261.0,101.0,0.2989,팔탄면,-0.6757,-0.6806,0.46926,3,ADD_FREQ,31240380,면,29.91,52.65,65.2,41590-55765,92.2,126.90847,37.19181
다사4711,pm,0.131869,0.270654,-0.7646,-0.3222,-0.2579,mid,0.0,2,1,2,0.398,2.141,33.0,12.0,0.697,봉담읍,-0.2579,-0.4424,0.24259,0,NEW_STOP,31240120,읍,13.19,27.07,8.2,41590-36055,361.2,126.9084,37.20083
다사4712,pm,0.027405,0.011,-1.1671,-1.2181,0.0107,mid,0.0,3,0,0,0.05,0.0,5.0,0.0,1.0,봉담읍,0.0107,0.051,0.05481,0,DRT,31240120,읍,2.74,1.1,1.2,41590-36055,1316.8,126.90833,37.20984
다사4713,pm,0.0,0.011,-1.2727,-1.2181,-0.0,mid,0.0,3,0,0,0.05,0.0,0.0,0.0,0.0,봉담읍,-0.0,-0.0546,0.0,0,DRT,31240120,읍,0.0,1.1,0.0,41590-36596,1541.0,126.90826,37.21885
다사4714,pm,0.0,0.295645,-1.2727,-0.2359,-0.0,mid,0.0,3,0,2,0.05,4.926,0.0,0.0,0.0,비봉면,-0.0,-1.0368,0.0,0,DRT,31240330,면,0.0,29.56,0.0,41590-37246,620.1,126.90819,37.22787
다사4715,pm,0.089562,0.351373,-0.9276,-0.0436,-0.4007,mid,0.0,2,0,2,0.06,7.281,28.0,8.0,0.3571,비봉면,-0.4007,-0.884,0.17673,0,DRT,31240330,면,8.96,35.14,7.0,41590-37246,564.0,126.90812,37.23688
다사4716,pm,0.486065,0.665085,0.6004,1.0389,-0.4385,ok,0.0,2,3,4,0.4123,35.251,113.0,90.0,0.4336,매송면,-0.4385,-0.4385,0.37971,1,NEW_STOP,31240310,면,48.61,66.51,28.2,41590-37565,352.6,126.90804,37.2459
다사4717,pm,0.462069,0.720732,0.5079,1.2309,-0.723,ok,0.0,1,3,4,0.5033,44.294,283.0,169.0,0.4064,매송면,-0.723,-0.723,0.48251,3,ADD_FREQ,31240310,면,46.21,72.07,70.8,41590-37263,298.0,126.90797,37.25491
다사4718,pm,0.252339,0.663831,-0.3003,1.0346,-1.1865,over,0.0,1,2,4,0.4718,32.142,104.0,72.0,0.5096,매송면,-1.1865,-1.3349,0.36157,1,NEW_STOP,31240310,면,25.23,66.38,26.0,41590-60112,316.9,126.9079,37.26392
다사4719,pm,0.107393,0.465536,-0.8589,0.3503,-0.6168,over,0.0,2,0,3,0.8522,4.687,0.0,90.0,0.0,매송면,-0.6168,-1.2092,0.0,0,ADD_FREQ,31240310,면,10.74,46.55,0.0,41590-60038,88.7,126.90783,37.27294
다사4720,pm,0.198262,0.640727,-0.5087,0.9549,-1.1121,over,0.0,1,1,4,0.9187,14.516,93.0,46.0,0.5054,매송면,-1.1121,-1.4636,0.3447,1,ADD_FREQ,31240310,면,19.83,64.07,23.2,41590-55421,48.8,126.90776,37.28195
다사4800,pm,0.211929,0.288238,-0.456,-0.2615,-0.1544,mid,0.0,3,1,2,0.1512,3.923,113.0,130.0,0.3894,향남읍,-0.1544,-0.1946,0.36925,1,NEW_STOP,31240140,읍,21.19,28.82,28.2,41590-60048,509.3,126.92042,37.10173
다사4801,pm,0.727031,0.752504,1.529,1.3406,0.1884,ok,0.0,3,4,4,0.8968,31.157,6782.0,427.0,0.0653,향남읍,0.1884,0.1884,0.92438,4,ADD_FREQ,31240140,읍,72.7,75.25,1695.5,41590-55332,61.9,126.92035,37.11075
다사4802,pm,0.800414,0.862095,1.8118,1.7187,0.093,ok,0.0,3,4,4,0.7558,76.448,4646.0,729.0,0.1408,향남읍,0.093,0.093,0.86716,4,ADD_FREQ,31240140,읍,80.04,86.21,1161.5,41590-37281,146.5,126.92028,37.11976
다사4803,pm,1.0,0.96106,2.5809,2.0602,0.5207,ok,0.0,4,4,4,0.823,259.297,17194.0,4345.0,0.0803,향남읍,0.5207,0.5207,1.0,4,ADD_FREQ,31240140,읍,100.0,96.11,4298.5,41590-55084,106.2,126.92022,37.12877
다사4804,pm,0.742898,0.851257,1.5901,1.6813,-0.0912,ok,0.0,3,4,4,0.6785,79.496,1412.0,1673.0,0.2486,향남읍,-0.0912,-0.0912,0.69798,4,ADD_FREQ,31240140,읍,74.29,85.13,353.0,41590-55368,192.9,126.92015,37.13779
다사4805,pm,0.461383,0.70168,0.5053,1.1652,-0.6599,ok,0.0,2,3,4,0.7257,28.616,548.0,219.0,0.323,팔탄면,-0.6599,-0.6599,0.56632,3,ADD_FREQ,31240380,면,46.14,70.17,137.0,41590-36764,164.6,126.92008,37.1468
다사4806,pm,0.439149,0.274366,0.4196,-0.3093,0.7289,mid,0.0,5,3,2,0.242,2.984,543.0,1787.0,0.1087,봉담읍,0.7289,0.7289,0.57084,3,NEW_STOP,31240120,읍,43.91,27.44,135.8,41590-36620,454.8,126.92001,37.15581
다사4807,pm,0.277771,0.447906,-0.2023,0.2895,-0.4653,mid,0.0,2,2,3,0.8335,4.226,140.0,442.0,0.2071,봉담읍,-0.4653,-0.4918,0.39031,2,ADD_FREQ,31240120,읍,27.78,44.79,35.0,41590-55729,99.9,126.91994,37.16483
다사4808,pm,0.031925,0.011,-1.1497,-1.2181,0.0159,mid,0.0,3,0,0,0.05,0.0,5.0,5.0,0.0,봉담읍,0.0159,0.0684,0.06037,0,DRT,31240120,읍,3.19,1.1,1.2,41590-55788,606.3,126.91987,37.17384
다사4809,pm,0.15218,0.011,-0.6863,-1.2181,0.3403,mid,0.0,4,1,0,0.05,0.0,56.0,57.0,0.4643,팔탄면,0.3403,0.5319,0.30436,1,DRT,31240380,면,15.22,1.1,14.0,41590-55881,1097.3,126.9198,37.18286
다사4810,pm,0.126603,0.057699,-0.7848,-1.057,0.1545,mid,0.0,3,0,1,0.05,0.339,38.0,41.0,0.4737,봉담읍,0.1545,0.2721,0.24648,0,DRT,31240120,읍,12.66,5.77,9.5,41590-55851,750.6,126.91973,37.19187
다사4811,pm,0.290558,0.583868,-0.153,0.7586,-0.8881,mid,0.0,1,2,3,0.7338,13.022,148.0,192.0,0.2973,봉담읍,-0.8881,-0.9117,0.39503,2,ADD_FREQ,31240120,읍,29.06,58.39,37.0,41590-36060,159.7,126.91967,37.20088
다사4812,pm,0.169686,0.011,-0.6188,-1.2181,0.4116,mid,0.0,4,1,0,0.05,0.0,73.0,5.0,0.5753,봉담읍,0.4116,0.5993,0.33937,1,DRT,31240120,읍,16.97,1.1,18.2,41590-36067,1054.9,126.9196,37.2099
다사4813,pm,0.55305,0.168881,0.8585,-0.6733,1.5318,need,1.92349,6,4,1,0.05,1.683,1828.0,31.0,0.0569,봉담읍,1.5318,1.5318,0.74206,4,DRT,31240120,읍,55.3,16.89,457.0,41590-36596,688.7,126.91953,37.21891
다사4814,pm,0.660211,0.324243,1.2715,-0.1372,1.4087,need,1.81652,6,4,2,0.05,6.086,2827.0,149.0,0.0481,봉담읍,1.4087,1.4087,0.8026,4,DRT,31240120,읍,66.02,32.42,706.8,41590-36596,656.8,126.91946,37.22792
다사4815,pm,0.205576,0.443379,-0.4805,0.2739,-0.5869,mid,0.0,2,1,2,0.2592,10.192,113.0,5.0,0.4867,봉담읍,-0.5869,-0.7544,0.38082,1,NEW_STOP,31240120,읍,20.56,44.34,28.2,41590-55779,444.5,126.91939,37.23694
다사4816,pm,0.427543,0.683985,0.3749,1.1041,-0.7293,ok,0.0,1,3,4,0.2813,47.851,173.0,169.0,0.3295,매송면,-0.7293,-0.7293,0.42234,2,NEW_STOP,31240310,면,42.75,68.4,43.2,41590-37290,431.2,126.91932,37.24595
다사4817,pm,0.389533,0.717533,0.2284,1.2199,-0.9915,mid,0.0,1,3,4,0.2772,59.595,175.0,119.0,0.3257,매송면,-0.9915,-0.9915,0.42577,2,NEW_STOP,31240310,면,38.95,71.75,43.8,41590-60114,433.7,126.91925,37.25496
다사4818,pm,0.100027,0.429222,-0.8873,0.225,-0.5418,mid,0.0,2,0,2,0.074,12.215,18.0,17.0,0.7222,매송면,-0.5418,-1.1123,0.18701,0,DRT,31240310,면,10.0,42.92,4.5,41590-60083,555.6,126.91918,37.26398
다사4819,pm,0.109359,0.011,-0.8513,-1.2181,0.1893,mid,0.0,3,0,0,0.05,0.0,18.0,9.0,0.8333,매송면,0.1893,0.3668,0.21872,0,DRT,31240310,면,10.94,1.1,4.5,41590-60038,829.6,126.91911,37.27299
다사4820,pm,0.0,0.011,-1.2727,-1.2181,-0.0,mid,0.0,3,0,0,0.05,0.0,0.0,0.0,0.0,매송면,-0.0,-0.0546,0.0,0,DRT,31240310,면,0.0,1.1,0.0,41590-55453,900.4,126.91904,37.28201
다사4900,pm,0.292348,0.139548,-0.1461,-0.7746,0.6146,mid,0.0,4,2,1,0.1347,0.988,231.0,425.0,0.2251,양감면,0.6146,0.6284,0.45442,2,DRT,31240420,면,29.23,13.95,57.8,41590-36087,519.2,126.93168,37.10179
다사4901,pm,0.388952,0.583081,0.2261,0.7559,-0.5298,mid,0.0,2,3,3,0.8812,10.394,421.0,418.0,0.285,향남읍,-0.5298,-0.5298,0.53038,3,ADD_FREQ,31240140,읍,38.9,58.31,105.2,41590-37307,71.3,126.93161,37.1108
다사4902,pm,0.249042,0.040299,-0.313,-1.117,0.7086,mid,0.0,5,2,1,0.05,0.201,301.0,385.0,0.103,향남읍,0.7086,0.804,0.48887,3,DRT,31240140,읍,24.9,4.03,75.2,41590-37980,747.8,126.93154,37.11981
다사4903,pm,0.80024,0.705821,1.8111,1.1795,0.6316,ok,0.0,4,4,4,0.7022,30.391,8265.0,1262.0,0.0651,향남읍,0.6316,0.6316,0.95067,4,ADD_FREQ,31240140,읍,80.02,70.58,2066.2,41590-37023,178.7,126.93147,37.12883
다사4904,pm,0.303714,0.137522,-0.1023,-0.7816,0.6792,mid,0.0,4,2,1,0.498,0.191,686.0,29.0,0.1924,향남읍,0.6792,0.6792,0.5991,4,NEW_STOP,31240140,읍,30.37,13.75,171.5,41590-55045,301.2,126.93141,37.13784
다사4905,pm,0.247395,0.219928,-0.3194,-0.4972,0.156,mid,0.0,3,2,1,0.319,1.55,216.0,561.0,0.2546,봉담읍,0.156,0.1778,0.44437,2,NEW_STOP,31240120,읍,24.74,21.99,54.0,41590-37009,408.6,126.93134,37.14686
다사4906,pm,0.556122,0.41338,0.8703,0.1704,0.7,mid,0.0,4,4,2,0.5068,5.6,740.0,1516.0,0.1284,팔탄면,0.7,0.7,0.6085,4,ADD_FREQ,31240380,면,55.61,41.34,185.0,41590-37302,295.9,126.93127,37.15587
다사4907,pm,0.640528,0.74118,1.1956,1.3015,-0.1059,ok,0.0,3,4,4,0.8682,30.164,1082.0,540.0,0.2052,봉담읍,-0.1059,-0.1059,0.6614,4,ADD_FREQ,31240120,읍,64.05,74.12,270.5,41590-36073,79.1,126.9312,37.16488
다사4908,pm,0.617677,0.498305,1.1076,0.4634,0.6442,ok,0.0,4,4,3,0.6397,8.349,1524.0,845.0,0.2966,봉담읍,0.6442,0.6442,0.70831,4,ADD_FREQ,31240120,읍,61.77,49.83,381.0,41590-55707,216.2,126.93114,37.1739
다사4909,pm,0.520822,0.331697,0.7343,-0.1115,0.8458,need,1.26601,5,4,2,0.05,6.424,596.0,1302.0,0.2819,봉담읍,0.8458,0.8458,0.57879,3,DRT,31240120,읍,52.08,33.17,149.0,41590-36083,664.3,126.93107,37.18291
다사4910,pm,0.400673,0.212454,0.2713,-0.523,0.7943,need,1.12672,5,3,1,0.05,2.523,661.0,900.0,0.2254,봉담읍,0.7943,0.7943,0.59246,4,DRT,31240120,읍,40.07,21.25,165.2,41590-36090,701.1,126.931,37.19192
다사4911,pm,0.2612,0.594113,-0.2662,0.794,-0.9637,mid,0.0,1,2,3,0.613,16.652,133.0,363.0,0.3158,봉담읍,-0.9637,-1.0602,0.39733,2,ADD_FREQ,31240120,읍,26.12,59.41,33.2,41590-36072,232.2,126.93093,37.20094
다사4912,pm,0.078413,0.060776,-0.9706,-1.0464,0.0315,mid,0.0,3,0,1,0.05,0.365,8.0,3.0,1.25,봉담읍,0.0315,0.0758,0.15498,0,DRT,31240120,읍,7.84,6.08,2.0,41590-36069,754.4,126.93087,37.20995
다사4913,pm,0.284868,0.262291,-0.175,-0.351,0.1693,mid,0.0,3,2,2,0.3292,2.277,58.0,5.0,0.2759,봉담읍,0.1693,0.1761,0.28151,1,NEW_STOP,31240120,읍,28.49,26.23,14.5,41590-36080,402.5,126.9308,37.21896
다사4914,pm,0.731337,0.737549,1.5456,1.289,0.2566,ok,0.0,4,4,4,0.764,34.157,3560.0,133.0,0.0413,봉담읍,0.2566,0.2566,0.83584,4,ADD_FREQ,31240120,읍,73.13,73.75,890.0,41590-36070,141.6,126.93073,37.22798
다사4915,pm,0.205301,0.424467,-0.4816,0.2086,-0.5365,mid,0.0,2,1,2,0.1352,10.793,123.0,18.0,0.4065,봉담읍,-0.5365,-0.6902,0.38201,1,DRT,31240120,읍,20.53,42.45,30.8,41590-55324,518.9,126.93066,37.23699
다사4916,pm,0.62373,0.911078,1.1309,1.8877,-0.7569,ok,0.0,1,4,4,0.9492,79.634,872.0,258.0,0.3028,매송면,-0.7569,-0.7569,0.63129,4,ADD_FREQ,31240310,면,62.37,91.11,218.0,41590-37304,30.5,126.93059,37.24601
다사4917,pm,0.448792,0.264381,0.4567,-0.3438,0.8005,need,1.17229,5,3,2,0.05,3.874,918.0,123.0,0.2244,매송면,0.8005,0.8005,0.63751,4,DRT,31240310,면,44.88,26.44,229.5,41590-37298,739.8,126.93053,37.25502
다사5000,pm,0.265028,0.383837,-0.2514,0.0684,-0.2935,mid,0.0,2,2,2,0.6183,3.707,73.0,460.0,0.4247,양감면,-0.2935,-0.3198,0.32261,1,ADD_FREQ,31240420,면,26.5,38.38,18.2,41590-36115,229.0,126.94293,37.10184
다사5001,pm,0.251827,0.222105,-0.3023,-0.4897,0.1663,mid,0.0,3,2,1,0.124,2.38,130.0,424.0,0.2,향남읍,0.1663,0.1874,0.37338,1,DRT,31240140,읍,25.18,22.21,32.5,41590-37546,525.6,126.94286,37.11085
다사5002,pm,0.384414,0.59059,0.2087,0.7818,-0.5732,mid,0.0,2,3,3,0.7813,12.699,219.0,778.0,0.3333,향남읍,-0.5732,-0.5732,0.45058,2,ADD_FREQ,31240140,읍,38.44,59.06,54.8,41590-36800,131.2,126.9428,37.11987
다사5003,pm,0.372422,0.329916,0.1624,-0.1177,0.2801,mid,0.0,4,3,2,0.266,4.455,296.0,631.0,0.3074,향남읍,0.2801,0.2801,0.48422,3,NEW_STOP,31240140,읍,37.24,32.99,74.0,41590-37617,440.4,126.94273,37.12888
다사5004,pm,0.317228,0.424537,-0.0503,0.2088,-0.2591,mid,0.0,2,2,2,0.6992,4.432,198.0,370.0,0.0758,향남읍,-0.2591,-0.2591,0.44184,2,ADD_FREQ,31240140,읍,31.72,42.45,49.5,41590-36633,180.5,126.94266,37.13789
다사5005,pm,0.267913,0.156909,-0.2403,-0.7147,0.4384,mid,0.0,4,2,1,0.172,1.105,282.0,389.0,0.2766,봉담읍,0.4384,0.4744,0.47339,3,NEW_STOP,31240120,읍,26.79,15.69,70.5,41590-55923,496.8,126.9426,37.14691
다사5006,pm,0.151797,0.028126,-0.6878,-1.159,0.301,mid,0.0,4,1,1,0.05,0.113,60.0,3.0,0.0833,봉담읍,0.301,0.4713,0.29107,1,DRT,31240120,읍,15.18,2.81,15.0,41590-55923,725.8,126.94253,37.15592
다사5007,pm,0.270868,0.064254,-0.2289,-1.0344,0.7497,mid,0.0,5,2,1,0.05,0.395,314.0,52.0,0.1146,봉담읍,0.7497,0.8055,0.4969,3,DRT,31240120,읍,27.09,6.43,78.5,41590-36078,743.2,126.94247,37.16494
다사5008,pm,0.446327,0.50359,0.4472,0.4816,-0.0344,ok,0.0,3,3,3,0.4938,10.809,192.0,833.0,0.1875,봉담읍,-0.0344,-0.0344,0.43316,2,NEW_STOP,31240120,읍,44.63,50.36,48.0,41590-37639,303.7,126.9424,37.17395
다사5009,pm,0.544741,0.491035,0.8265,0.4383,0.3882,ok,0.0,4,4,3,0.2895,13.46,505.0,1110.0,0.2535,봉담읍,0.3882,0.3882,0.55693,3,NEW_STOP,31240120,읍,54.47,49.1,126.2,41590-36091,426.3,126.94233,37.18296
다사5010,pm,0.634,0.63785,1.1705,0.9449,0.2255,ok,0.0,3,4,4,0.5335,24.883,981.0,1398.0,0.2365,봉담읍,0.2255,0.2255,0.6468,4,ADD_FREQ,31240120,읍,63.4,63.79,245.2,41590-36097,279.9,126.94227,37.19198
다사5011,pm,0.556766,0.732367,0.8728,1.2711,-0.3982,ok,0.0,2,4,4,0.7307,34.633,325.0,1247.0,0.2769,봉담읍,-0.3982,-0.3982,0.49955,3,ADD_FREQ,31240120,읍,55.68,73.24,81.2,41590-36729,161.6,126.9422,37.20099
다사5012,pm,0.500275,0.657865,0.6551,1.014,-0.3589,ok,0.0,2,3,4,0.4458,32.091,357.0,80.0,0.014,봉담읍,-0.3589,-0.3589,0.51404,3,NEW_STOP,31240120,읍,50.03,65.79,89.2,41590-36111,332.5,126.94214,37.21
다사5013,pm,0.908068,0.799562,2.2266,1.5029,0.7237,ok,0.0,5,4,4,0.436,80.333,6160.0,1131.0,0.1468,봉담읍,0.7237,0.7237,0.90604,4,NEW_STOP,31240120,읍,90.81,79.96,1540.0,41590-36119,338.4,126.94207,37.21902
다사5014,pm,0.917399,0.840598,2.2626,1.6445,0.618,ok,0.0,4,4,4,0.922,52.877,8391.0,1888.0,0.0392,봉담읍,0.618,0.618,0.95615,4,ADD_FREQ,31240120,읍,91.74,84.06,2097.8,41590-55385,46.8,126.942,37.22803
다사5015,pm,0.639344,0.697488,1.1911,1.1507,0.0403,ok,0.0,3,4,4,0.9235,20.978,2062.0,81.0,0.0456,봉담읍,0.0403,0.0403,0.76108,4,ADD_FREQ,31240120,읍,63.93,69.75,515.5,41590-55789,45.9,126.94194,37.23705
다사5016,pm,0.595871,0.874179,1.0235,1.7604,-0.7369,ok,0.0,1,4,4,0.7315,85.367,1192.0,631.0,0.2945,매송면,-0.7369,-0.7369,0.67267,4,ADD_FREQ,31240310,면,59.59,87.42,298.0,41590-37313,161.1,126.94187,37.24606
다사5017,pm,0.130844,0.011,-0.7685,-1.2181,0.2608,mid,0.0,4,0,0,0.05,0.0,43.0,5.0,0.2326,매송면,0.2608,0.4496,0.26169,1,DRT,31240310,면,13.08,1.1,10.8,41590-37313,1155.3,126.9418,37.25507
다사5100,pm,0.224229,0.157242,-0.4086,-0.7135,0.251,drt,0.0,4,2,1,0.1815,1.082,161.0,55.0,0.3043,양감면,0.251,0.3049,0.41194,2,NEW_STOP,31240420,면,22.42,15.72,40.2,41590-37507,491.1,126.95418,37.10189
다사5101,pm,0.228168,0.466325,-0.3935,0.353,-0.6215,over,0.0,2,2,3,0.6482,6.566,131.0,415.0,0.2366,향남읍,-0.6215,-0.7465,0.37663,1,ADD_FREQ,31240140,읍,22.82,46.63,32.8,41590-36631,211.1,126.95412,37.11091
다사5102,pm,0.422485,0.539676,0.3554,0.6062,-0.2508,ok,0.0,2,3,3,0.7547,9.337,389.0,1728.0,0.1671,향남읍,-0.2508,-0.2508,0.52655,3,ADD_FREQ,31240140,읍,42.25,53.97,97.2,41590-37517,147.2,126.95405,37.11992
다사5103,pm,0.513434,0.375717,0.7058,0.0404,0.6655,mid,0.0,4,4,2,0.4555,4.597,262.0,1605.0,0.0496,향남읍,0.6655,0.6655,0.47004,3,NEW_STOP,31240140,읍,51.34,37.57,65.5,41590-37323,326.7,126.95399,37.12893
다사5104,pm,0.457402,0.4793,0.4899,0.3978,0.0921,ok,0.0,3,3,3,0.6695,6.968,362.0,1326.0,0.221,향남읍,0.0921,0.0921,0.51819,3,ADD_FREQ,31240140,읍,45.74,47.93,90.5,41590-37955,198.3,126.95392,37.13795
다사5105,pm,0.319014,0.170188,-0.0434,-0.6688,0.6255,mid,0.0,4,2,1,0.05,1.705,123.0,413.0,0.1057,정남면,0.6255,0.6255,0.38381,2,DRT,31240430,면,31.9,17.02,30.8,41590-37652,583.0,126.95386,37.14696
다사5106,pm,0.181363,0.011,-0.5738,-1.2181,0.462,drt,0.0,4,1,0,0.05,0.0,109.0,344.0,0.4679,정남면,0.462,0.6443,0.36273,1,DRT,31240430,면,18.14,1.1,27.2,41590-36739,918.3,126.95379,37.15597
다사5107,pm,0.334624,0.430227,0.0168,0.2285,-0.2117,mid,0.0,3,3,2,0.4902,6.503,274.0,423.0,0.354,정남면,-0.2117,-0.2117,0.48255,3,NEW_STOP,31240430,면,33.46,43.02,68.5,41590-37643,305.9,126.95373,37.16499
다사5108,pm,0.331584,0.282658,0.0051,-0.2807,0.2858,mid,0.0,4,3,2,0.3135,2.803,164.0,680.0,0.122,정남면,0.2858,0.2858,0.4177,2,NEW_STOP,31240430,면,33.16,28.27,41.0,41590-37642,411.9,126.95366,37.174
다사5109,pm,0.16762,0.011,-0.6268,-1.2181,0.4029,mid,0.0,4,1,0,0.05,0.0,88.0,200.0,0.4091,정남면,0.4029,0.5914,0.33524,1,DRT,31240430,면,16.76,1.1,22.0,41590-37640,1079.9,126.9536,37.18302
다사5110,pm,0.132123,0.050307,-0.7636,-1.0825,0.1861,mid,0.0,3,1,1,0.2287,0.0,39.0,24.0,1.0,정남면,0.1861,0.3189,0.26425,1,NEW_STOP,31240430,면,13.21,5.03,9.8,41590-36097,462.8,126.95353,37.19203
다사5111,pm,0.244289,0.011,-0.3313,-1.2181,0.7718,mid,0.0,5,2,0,0.05,0.0,302.0,171.0,0.4934,봉담읍,0.7718,0.8868,0.48858,3,DRT,31240120,읍,24.43,1.1,75.5,41590-36752,661.3,126.95347,37.20104
다사5112,pm,0.505535,0.578428,0.6754,0.7399,-0.0645,ok,0.0,3,3,3,0.5807,15.731,803.0,1407.0,0.1793,봉담읍,-0.0645,-0.0645,0.62222,4,ADD_FREQ,31240120,읍,50.55,57.84,200.8,41590-36011,251.6,126.9534,37.21006
다사5113,pm,1.0,0.979797,2.5809,2.1249,0.456,ok,0.0,4,4,4,0.9082,175.805,16292.0,4655.0,0.1226,봉담읍,0.456,0.456,1.0,4,ADD_FREQ,31240120,읍,100.0,97.98,4073.0,41590-37883,55.1,126.95334,37.21907
다사5114,pm,0.931065,0.846141,2.3152,1.6637,0.6516,ok,0.0,4,4,4,0.7177,72.874,10332.0,1155.0,0.1165,봉담읍,0.6516,0.6516,0.98132,4,ADD_FREQ,31240120,읍,93.11,84.61,2583.0,41590-55338,169.4,126.95327,37.22808
다사5115,pm,0.867327,0.81727,2.0696,1.564,0.5056,ok,0.0,4,4,4,0.8975,47.162,6338.0,680.0,0.1346,봉담읍,0.5056,0.5056,0.91148,4,ADD_FREQ,31240120,읍,86.73,81.73,1584.5,41590-37911,61.5,126.95321,37.2371
다사5116,pm,0.652484,0.855924,1.2417,1.6974,-0.4557,ok,0.0,2,4,4,0.6213,88.658,1461.0,614.0,0.2053,매송면,-0.4557,-0.4557,0.70301,4,ADD_FREQ,31240310,면,65.25,85.59,365.2,41590-37325,227.2,126.95314,37.24611
다사5200,pm,0.265431,0.273687,-0.2499,-0.3117,0.0568,mid,0.0,3,2,2,0.5645,1.546,228.0,467.0,0.1711,양감면,0.0568,0.0618,0.46207,3,ADD_FREQ,31240420,면,26.54,27.37,57.0,41590-36429,261.3,126.96544,37.10194
다사5201,pm,0.328861,0.547561,-0.0054,0.6334,-0.6388,mid,0.0,2,3,3,0.896,7.941,174.0,280.0,0.3161,향남읍,-0.6388,-0.6388,0.40927,2,ADD_FREQ,31240140,읍,32.89,54.76,43.5,41590-36467,62.4,126.96537,37.11096
다사5202,pm,0.358606,0.352548,0.1092,-0.0396,0.1488,mid,0.0,3,3,2,0.4383,3.958,243.0,543.0,0.1852,향남읍,0.1488,0.1488,0.46258,3,NEW_STOP,31240140,읍,35.86,35.25,60.8,41590-37376,337.0,126.96531,37.11997
다사5203,pm,0.507902,0.157887,0.6845,-0.7113,1.3958,need,1.87252,6,3,1,0.7177,0.0,348.0,779.0,0.2356,향남읍,1.3958,1.3958,0.50863,3,ADD_FREQ,31240140,읍,50.79,15.79,87.0,41590-37330,169.4,126.96525,37.12898
다사5204,pm,0.318145,0.041097,-0.0467,-1.1143,1.0676,mid,0.0,5,2,1,0.05,0.207,245.0,1174.0,0.0939,향남읍,1.0676,1.0676,0.4642,3,DRT,31240140,읍,31.81,4.11,61.2,41590-37266,757.8,126.96518,37.138
다사5205,pm,0.303497,0.297679,-0.1032,-0.2289,0.1257,mid,0.0,3,2,2,0.359,2.924,143.0,754.0,0.2098,정남면,0.1257,0.1257,0.39733,2,NEW_STOP,31240430,면,30.35,29.77,35.8,41590-37653,384.6,126.96512,37.14701
다사5206,pm,0.480066,0.560307,0.5773,0.6774,-0.1001,ok,0.0,3,3,3,0.7892,10.215,525.0,1278.0,0.28,정남면,-0.1001,-0.1001,0.56204,3,ADD_FREQ,31240430,면,48.01,56.03,131.2,41590-36790,126.5,126.96506,37.15603
다사5207,pm,0.326022,0.373614,-0.0164,0.0331,-0.0495,mid,0.0,3,2,2,0.4612,4.481,248.0,844.0,0.1573,정남면,-0.0495,-0.0495,0.46779,3,NEW_STOP,31240430,면,32.6,37.36,62.0,41590-37647,323.3,126.96499,37.16504
다사5208,pm,0.20445,0.011,-0.4849,-1.2181,0.5684,drt,0.0,4,1,0,0.05,0.0,166.0,346.0,0.2349,정남면,0.5684,0.7333,0.4089,2,DRT,31240430,면,20.44,1.1,41.5,41590-37646,887.2,126.96493,37.17405
다사5209,pm,0.230544,0.02013,-0.3843,-1.1866,0.6725,drt,0.0,4,2,1,0.0915,0.0,245.0,346.0,0.3143,정남면,0.6725,0.8023,0.46109,3,DRT,31240430,면,23.05,2.01,61.2,41590-55365,545.1,126.96487,37.18307
다사5210,pm,0.208602,0.011,-0.4689,-1.2181,0.5885,drt,0.0,4,1,0,0.05,0.0,173.0,366.0,0.3584,정남면,0.5885,0.7493,0.4172,2,DRT,31240430,면,20.86,1.1,43.2,41590-36156,825.2,126.9648,37.19208
다사5211,pm,0.290908,0.524628,-0.1517,0.5542,-0.6882,mid,0.0,2,2,3,0.6375,10.054,148.0,649.0,0.25,봉담읍,-0.6882,-0.7059,0.39798,2,ADD_FREQ,31240120,읍,29.09,52.46,37.0,41590-36751,217.5,126.96474,37.20109
다사5212,pm,0.889363,0.676672,2.1545,1.0789,1.0756,need,1.6754,5,4,4,0.2668,46.608,11350.0,1923.0,0.0985,봉담읍,1.0756,1.0756,0.99498,4,NEW_STOP,31240120,읍,88.94,67.67,2837.5,41590-37972,439.9,126.96467,37.21011
다사5213,pm,0.948173,0.835954,2.3812,1.6285,0.7526,need,1.21625,5,4,4,0.5705,83.866,9762.0,2273.0,0.1347,봉담읍,0.7526,0.7526,0.97253,4,ADD_FREQ,31240120,읍,94.82,83.6,2440.5,41590-55916,257.7,126.96461,37.21912
다사5214,pm,0.589778,0.559536,1.0,0.6747,0.3254,ok,0.0,4,4,3,0.1237,26.873,943.0,353.0,0.1697,봉담읍,0.3254,0.3254,0.64682,4,DRT,31240120,읍,58.98,55.95,235.8,41590-36159,525.8,126.96455,37.22814
다사5300,pm,0.309749,0.218148,-0.0791,-0.5033,0.4243,mid,0.0,4,2,1,0.3517,1.411,238.0,1753.0,0.042,양감면,0.4243,0.4243,0.46114,3,NEW_STOP,31240420,면,30.97,21.81,59.5,41590-36181,389.0,126.97669,37.10199
다사5301,pm,0.395484,0.428489,0.2513,0.2225,0.0288,mid,0.0,3,3,2,0.5682,5.667,263.0,1444.0,0.1179,양감면,0.0288,0.0288,0.47855,3,ADD_FREQ,31240420,면,39.55,42.85,65.8,41590-36780,259.1,126.97663,37.11101
다사5302,pm,0.368866,0.218659,0.1487,-0.5016,0.6503,mid,0.0,4,3,1,0.1142,2.353,129.0,937.0,0.155,향남읍,0.6503,0.6503,0.38988,2,DRT,31240140,읍,36.89,21.87,32.2,41590-37334,531.5,126.97657,37.12002
다사5303,pm,0.457411,0.179346,0.49,-0.6372,1.1272,need,1.34327,5,3,1,0.2272,1.245,375.0,1345.0,0.1333,향남읍,1.1272,1.1272,0.52101,3,NEW_STOP,31240140,읍,45.74,17.93,93.8,41590-37335,463.7,126.9765,37.12903
다사5304,pm,0.386055,0.533305,0.215,0.5842,-0.3692,mid,0.0,2,3,3,0.844,7.785,270.0,1563.0,0.1815,향남읍,-0.3692,-0.3692,0.47216,3,ADD_FREQ,31240140,읍,38.61,53.33,67.5,41590-37336,93.6,126.97644,37.13805
다사5305,pm,0.304192,0.29159,-0.1005,-0.2499,0.1494,mid,0.0,3,2,2,0.1228,4.227,138.0,657.0,0.3188,정남면,0.1494,0.1494,0.3921,2,DRT,31240430,면,30.42,29.16,34.5,41590-55068,526.3,126.97638,37.14706
다사5306,pm,0.541539,0.390149,0.8142,0.0902,0.724,mid,0.0,5,4,2,0.2073,7.617,760.0,424.0,0.2303,정남면,0.724,0.724,0.61279,4,NEW_STOP,31240430,면,54.15,39.01,190.0,41590-55068,475.6,126.97632,37.15608
다사5307,pm,0.575814,0.529177,0.9462,0.5699,0.3763,ok,0.0,4,4,3,0.6358,10.399,780.0,1623.0,0.2795,정남면,0.3763,0.3763,0.61459,4,ADD_FREQ,31240430,면,57.58,52.92,195.0,41590-36367,218.5,126.97626,37.16509
다사5308,pm,0.308256,0.324093,-0.0848,-0.1378,0.0529,mid,0.0,3,2,2,0.3193,3.888,218.0,264.0,0.2844,정남면,0.0529,0.0529,0.44414,2,NEW_STOP,31240430,면,30.83,32.41,54.5,41590-37572,408.4,126.97619,37.1741
다사5309,pm,0.264599,0.356777,-0.2531,-0.025,-0.2091,mid,0.0,3,2,2,0.6797,2.653,163.0,783.0,0.3497,정남면,-0.2091,-0.2281,0.4064,2,ADD_FREQ,31240430,면,26.46,35.68,40.8,41590-55365,192.2,126.97613,37.18312
다사5310,pm,0.616048,0.417018,1.1013,0.1829,0.9184,need,1.20919,5,4,2,0.4542,6.259,1066.0,556.0,0.1276,정남면,0.9184,0.9184,0.66323,4,NEW_STOP,31240430,면,61.6,41.7,266.5,41590-36622,327.5,126.97607,37.19213
다사5311,pm,0.559171,0.58309,0.8821,0.756,0.1261,ok,0.0,3,4,3,0.5378,17.271,1092.0,971.0,0.2161,봉담읍,0.1261,0.1261,0.66334,4,ADD_FREQ,31240120,읍,55.92,58.31,273.0,41590-36197,277.3,126.97601,37.20115
다사5312,pm,0.934101,0.778168,2.3269,1.4291,0.8978,need,1.37176,5,4,4,0.4015,73.609,9062.0,3314.0,0.0976,봉담읍,0.8978,0.8978,0.96155,4,NEW_STOP,31240120,읍,93.41,77.82,2265.5,41590-55773,359.1,126.97594,37.21016
다사5313,pm,1.0,0.969163,2.5809,2.0882,0.4927,ok,0.0,4,4,4,0.8598,166.157,14905.0,3828.0,0.104,봉담읍,0.4927,0.4927,1.0,4,ADD_FREQ,31240120,읍,100.0,96.92,3726.2,41590-36195,84.1,126.97588,37.21917
다사5314,pm,0.893719,0.749418,2.1713,1.3299,0.8414,need,1.42005,5,4,4,0.3465,66.234,7251.0,1931.0,0.1878,기배동,0.8414,0.8414,0.92823,4,NEW_STOP,31240560,동,89.37,74.94,1812.8,41590-36172,392.1,126.97582,37.22819
다사5400,pm,0.389578,0.285484,0.2286,-0.271,0.4995,mid,0.0,4,3,2,0.4168,2.358,328.0,1112.0,0.1738,양감면,0.4995,0.4995,0.50588,3,NEW_STOP,31240420,면,38.96,28.55,82.0,41590-36241,349.9,126.98794,37.10204
다사5401,pm,0.341082,0.342481,0.0417,-0.0743,0.116,mid,0.0,3,3,2,0.5898,2.78,274.0,914.0,0.1898,양감면,0.116,0.116,0.4763,3,ADD_FREQ,31240420,면,34.11,34.25,68.5,41590-36268,246.1,126.98788,37.11106
다사5402,pm,0.457046,0.430272,0.4885,0.2286,0.2599,mid,0.0,4,3,2,0.5392,6.016,324.0,885.0,0.2623,양감면,0.2599,0.2599,0.50123,3,ADD_FREQ,31240420,면,45.7,43.03,81.0,41590-37345,276.5,126.98782,37.12007
다사5403,pm,0.414528,0.149128,0.3247,-0.7415,1.0662,need,1.32163,5,3,1,0.1377,1.102,206.0,1338.0,0.2184,향남읍,1.0662,1.0662,0.44332,2,DRT,31240140,읍,41.45,14.91,51.5,41590-37343,517.4,126.98776,37.12908
다사5404,pm,0.328545,0.417846,-0.0066,0.1858,-0.1924,mid,0.0,3,3,2,0.6953,4.237,392.0,1756.0,0.1531,정남면,-0.1924,-0.1924,0.52463,3,ADD_FREQ,31240430,면,32.85,41.78,98.0,41590-37483,182.8,126.9877,37.1381
다사5405,pm,0.265217,0.417258,-0.2507,0.1837,-0.3988,mid,0.0,2,2,2,0.535,5.505,164.0,655.0,0.1402,정남면,-0.3988,-0.4344,0.40754,2,ADD_FREQ,31240430,면,26.52,41.73,41.0,41590-37528,279.0,126.98764,37.14711
다사5406,pm,0.468534,0.257623,0.5328,-0.3671,0.8999,need,1.31266,5,3,2,0.1547,3.046,357.0,771.0,0.3081,정남면,0.8999,0.8999,0.51237,3,NEW_STOP,31240430,면,46.85,25.76,89.2,41590-36225,507.2,126.98758,37.15613
다사5407,pm,0.703044,0.446499,1.4365,0.2846,1.1519,need,1.6093,5,4,2,0.348,9.1,2359.0,659.0,0.1162,정남면,1.1519,1.1519,0.77232,4,NEW_STOP,31240430,면,70.3,44.65,589.8,41590-36236,391.2,126.98752,37.16514
다사5408,pm,0.522523,0.466958,0.7409,0.3552,0.3856,ok,0.0,4,4,3,0.586,7.274,491.0,692.0,0.2709,정남면,0.3856,0.3856,0.55092,3,ADD_FREQ,31240430,면,52.25,46.7,122.8,41590-36259,248.4,126.98746,37.17415
다사5409,pm,0.457856,0.290019,0.4917,-0.2553,0.747,mid,0.0,5,3,2,0.4065,2.504,333.0,1128.0,0.2012,정남면,0.747,0.747,0.50373,3,NEW_STOP,31240430,면,45.79,29.0,83.2,41590-36260,356.1,126.9874,37.18317
다사5410,pm,0.510094,0.381193,0.693,0.0593,0.6337,mid,0.0,4,3,2,0.1527,7.784,763.0,1048.0,0.228,정남면,0.6337,0.6337,0.61198,4,NEW_STOP,31240430,면,51.01,38.12,190.8,41590-55454,508.4,126.98734,37.19218
다사5411,pm,0.668685,0.695249,1.3041,1.143,0.1611,ok,0.0,3,4,4,0.4277,41.86,898.0,4382.0,0.2773,화산동,0.1611,0.1611,0.6351,4,NEW_STOP,31240570,동,66.87,69.52,224.5,41590-55164,343.4,126.98727,37.20119
다사5412,pm,0.627901,0.805929,1.147,1.5249,-0.378,ok,0.0,2,4,4,0.5767,68.749,657.0,1304.0,0.137,화산동,-0.378,-0.378,0.59356,4,ADD_FREQ,31240570,동,62.79,80.59,164.2,41590-55344,254.0,126.98721,37.21021
다사5413,pm,0.736801,0.926189,1.5666,1.9399,-0.3733,ok,0.0,2,4,4,0.886,95.665,3720.0,838.0,0.1317,기배동,-0.3733,-0.3733,0.83742,4,ADD_FREQ,31240560,동,73.68,92.62,930.0,41590-55794,68.4,126.98715,37.21922
다사5414,pm,0.523988,0.872388,0.7465,1.7542,-1.0077,ok,0.0,1,4,4,0.8382,72.753,615.0,1580.0,0.4033,기배동,-1.0077,-1.0077,0.58069,3,ADD_FREQ,31240560,동,52.4,87.24,153.8,41590-55820,97.1,126.98709,37.22824
다사5501,pm,0.027405,0.011,-1.1671,-1.2181,0.0107,mid,0.0,3,0,0,0.05,0.0,5.0,3.0,1.0,양감면,0.0107,0.051,0.05481,0,DRT,31240420,면,2.74,1.1,1.2,41590-36271,805.6,126.99914,37.1111
다사5502,pm,0.404187,0.394695,0.2849,0.1059,0.179,mid,0.0,3,3,2,0.4023,5.78,132.0,434.0,0.1591,양감면,0.179,0.179,0.39394,2,NEW_STOP,31240420,면,40.42,39.47,33.0,41590-36278,358.6,126.99908,37.12012
다사5503,pm,0.207086,0.224392,-0.4747,-0.4818,0.0055,mid,0.0,3,1,1,0.7655,0.419,58.0,421.0,0.2586,정남면,0.0055,0.0071,0.29349,1,ADD_FREQ,31240430,면,20.71,22.44,14.5,41590-37351,140.7,126.99902,37.12913
다사5504,pm,0.155129,0.011,-0.6749,-1.2181,0.3519,mid,0.0,4,1,0,0.05,0.0,63.0,538.0,0.0794,정남면,0.3519,0.5432,0.31026,1,DRT,31240430,면,15.51,1.1,15.8,41590-37483,832.1,126.99896,37.13815
다사5505,pm,0.10015,0.011,-0.8868,-1.2181,0.1615,mid,0.0,3,0,0,0.05,0.0,13.0,8.0,0.3846,정남면,0.1615,0.3313,0.2003,0,DRT,31240430,면,10.01,1.1,3.2,41590-36486,871.1,126.9989,37.14716
다사5506,pm,0.13353,0.082751,-0.7582,-0.9705,0.1248,mid,0.0,3,1,1,0.05,0.566,23.0,11.0,0.2174,정남면,0.1248,0.2124,0.21636,0,DRT,31240430,면,13.35,8.28,5.8,41590-36286,678.3,126.99884,37.15617
다사5507,pm,0.296053,0.360058,-0.1319,-0.0136,-0.1166,mid,0.0,3,2,2,0.5553,3.424,94.0,604.0,0.3298,정남면,-0.1166,-0.1182,0.34891,1,ADD_FREQ,31240430,면,29.61,36.01,23.5,41590-36485,266.8,126.99878,37.16519
다사5509,pm,0.436016,0.460115,0.4075,0.3316,0.0759,ok,0.0,3,3,3,0.7813,5.06,313.0,802.0,0.2396,정남면,0.0759,0.0759,0.49452,3,ADD_FREQ,31240430,면,43.6,46.01,78.2,41590-36277,131.2,126.99866,37.18322
다사5510,pm,0.437032,0.371374,0.4114,0.0254,0.386,mid,0.0,4,3,2,0.317,5.59,303.0,2282.0,0.2937,화산동,0.386,0.386,0.48708,3,NEW_STOP,31240570,동,43.7,37.14,75.8,41590-55169,409.8,126.9986,37.19223
다사5511,pm,0.714559,0.706898,1.4809,1.1832,0.2977,ok,0.0,4,4,4,0.4405,44.291,2501.0,1415.0,0.1383,화산동,0.2977,0.2977,0.78055,4,NEW_STOP,31240570,동,71.46,70.69,625.2,41590-36999,335.7,126.99854,37.20124
다사5512,pm,0.713162,0.573401,1.4755,0.7225,0.753,need,0.96363,5,4,3,0.4812,17.591,2671.0,753.0,0.0464,화산동,0.753,0.753,0.7958,4,NEW_STOP,31240570,동,71.32,57.34,667.8,41590-36281,311.3,126.99848,37.21026
다사5513,pm,0.227669,0.011,-0.3954,-1.2181,0.684,drt,0.0,4,2,0,0.05,0.0,213.0,1351.0,0.3615,기배동,0.684,0.8228,0.45534,2,DRT,31240560,동,22.77,1.1,53.2,41590-55795,813.0,126.99842,37.21927
다사5603,pm,0.244964,0.138893,-0.3287,-0.7768,0.3907,mid,0.0,4,2,1,0.6313,0.0,307.0,595.0,0.3257,정남면,0.3907,0.4481,0.48993,3,ADD_FREQ,31240430,면,24.5,13.89,76.8,41590-37917,221.2,127.01028,37.12918
다사5604,pm,0.32118,0.125287,-0.035,-0.8238,0.7887,mid,0.0,5,2,1,0.05,1.043,212.0,363.0,0.2547,정남면,0.7887,0.7887,0.44599,2,DRT,31240430,면,32.12,12.53,53.0,41590-36310,600.0,127.01022,37.13819
다사5605,pm,0.470431,0.458454,0.5401,0.3259,0.2142,ok,0.0,3,3,3,0.6593,6.093,300.0,737.0,0.2067,정남면,0.2142,0.2142,0.49222,3,ADD_FREQ,31240430,면,47.04,45.85,75.0,41590-36306,204.4,127.01016,37.14721
다사5606,pm,0.304566,0.219713,-0.0991,-0.4979,0.3989,mid,0.0,4,2,1,0.225,1.898,244.0,724.0,0.2951,정남면,0.3989,0.3989,0.4589,2,NEW_STOP,31240430,면,30.46,21.97,61.0,41590-36297,465.0,127.0101,37.15622
다사5607,pm,0.349102,0.294964,0.0726,-0.2383,0.3108,mid,0.0,4,3,2,0.628,1.665,370.0,978.0,0.2838,정남면,0.3108,0.3108,0.5205,3,ADD_FREQ,31240430,면,34.91,29.5,92.5,41590-36299,223.2,127.01004,37.16523
다사5611,pm,0.867953,0.833988,2.072,1.6217,0.4503,ok,0.0,4,4,4,0.8007,60.084,5822.0,952.0,0.1371,화산동,0.4503,0.4503,0.89951,4,ADD_FREQ,31240570,동,86.8,83.4,1455.5,41590-36305,119.6,127.00981,37.20129
다사5612,pm,0.860414,0.69084,2.043,1.1278,0.9152,need,1.46795,5,4,4,0.8847,21.24,6872.0,1330.0,0.1509,화산동,0.9152,0.9152,0.92146,4,ADD_FREQ,31240570,동,86.04,69.08,1718.0,41590-36301,69.2,127.00975,37.2103
다사5613,pm,0.245419,0.199751,-0.327,-0.5668,0.2094,mid,0.0,3,2,1,0.113,1.984,138.0,144.0,0.3986,화산동,0.2094,0.2398,0.38849,2,DRT,31240570,동,24.54,19.98,34.5,41590-36323,532.2,127.00969,37.21932
다사5704,pm,0.415851,0.397713,0.3298,0.1163,0.2135,mid,0.0,3,3,2,0.6363,4.008,704.0,1772.0,0.206,정남면,0.2135,0.2135,0.60235,4,ADD_FREQ,31240430,면,41.59,39.77,176.0,41590-36329,218.2,127.02148,37.13824
다사5705,pm,0.204404,0.035019,-0.485,-1.1353,0.504,drt,0.0,4,1,1,0.05,0.162,145.0,1423.0,0.2828,정남면,0.504,0.6502,0.40316,2,DRT,31240430,면,20.44,3.5,36.2,41590-36334,760.6,127.02142,37.14725
다사5706,pm,0.297892,0.05024,-0.1248,-1.0827,0.9485,mid,0.0,5,2,1,0.05,0.278,360.0,933.0,0.2778,정남면,0.9485,0.958,0.51297,3,DRT,31240430,면,29.79,5.02,90.0,41590-36331,628.2,127.02136,37.15627
다사5707,pm,0.489195,0.191204,0.6124,-0.5963,1.2087,need,1.62703,6,3,1,0.391,0.93,2739.0,691.0,0.0796,정남면,1.2087,1.2087,0.79697,4,NEW_STOP,31240430,면,48.92,19.12,684.8,41590-36270,365.4,127.02131,37.16528
다사5711,pm,0.858401,0.75894,2.0352,1.3628,0.6724,ok,0.0,4,4,4,0.637,46.856,5946.0,360.0,0.1189,화산동,0.6724,0.6724,0.90264,4,ADD_FREQ,31240570,동,85.84,75.89,1486.5,41590-55415,217.8,127.02108,37.20134
다사5712,pm,0.733913,0.543879,1.5555,0.6207,0.9348,need,1.49497,5,4,3,0.1087,24.801,2769.0,605.0,0.2113,화산동,0.9348,0.9348,0.79166,4,DRT,31240570,동,73.39,54.39,692.2,41590-36328,534.8,127.02102,37.21035
다사5713,pm,0.379215,0.5873,0.1886,0.7705,-0.5819,mid,0.0,2,3,3,0.7123,13.756,364.0,1128.0,0.3984,화산동,-0.5819,-0.5819,0.51071,3,ADD_FREQ,31240570,동,37.92,58.73,91.0,41590-36322,172.6,127.02097,37.21936
다사5804,pm,0.618496,0.298006,1.1107,-0.2278,1.3385,need,1.78398,6,4,2,0.7477,1.304,1037.0,2529.0,0.1389,정남면,1.3385,1.3385,0.65766,4,ADD_FREQ,31240430,면,61.85,29.8,259.2,41590-36481,151.4,127.03274,37.13828
다사5811,pm,0.989131,0.921262,2.539,1.9229,0.6161,ok,0.0,4,4,4,0.8148,102.371,10073.0,2725.0,0.0753,병점1동,0.6161,0.6161,0.97826,4,ADD_FREQ,31240530,동,98.91,92.13,2518.2,41590-36679,111.1,127.03235,37.20138
다사5812,pm,0.975575,0.937653,2.4868,1.9795,0.5073,ok,0.0,4,4,4,0.9542,93.554,8524.0,6429.0,0.1273,진안동,0.5073,0.5073,0.95115,4,ADD_FREQ,31240520,동,97.56,93.77,2131.0,41590-36340,27.5,127.03229,37.21039
다사5813,pm,0.695306,0.563406,1.4067,0.688,0.7187,ok,0.0,5,4,3,0.48,16.493,4633.0,976.0,0.0814,진안동,0.7187,0.7187,0.86738,4,NEW_STOP,31240520,동,69.53,56.34,1158.2,41590-55573,312.0,127.03224,37.21941
다사5814,pm,0.428892,0.51481,0.3801,0.5204,-0.1403,ok,0.0,3,3,3,0.6938,8.621,482.0,1183.0,0.3527,진안동,-0.1403,-0.1403,0.54837,3,ADD_FREQ,31240520,동,42.89,51.48,120.5,41590-55029,183.7,127.03218,37.22842
다사5911,pm,1.0,0.97338,2.5809,2.1027,0.4781,ok,0.0,4,4,4,0.879,150.655,19592.0,2064.0,0.1282,진안동,0.4781,0.4781,1.0,4,ADD_FREQ,31240520,동,100.0,97.34,4898.0,41590-55295,72.6,127.04362,37.20143
다사5912,pm,1.0,0.969237,2.5809,2.0884,0.4924,ok,0.0,4,4,4,0.8602,130.089,25931.0,8904.0,0.1164,병점2동,0.4924,0.4924,1.0,4,ADD_FREQ,31240540,동,100.0,96.92,6482.8,41590-55234,83.9,127.04356,37.21044
다사5913,pm,0.983525,0.654679,2.5174,1.003,1.5144,need,2.46869,6,4,4,0.4468,31.394,12437.0,3544.0,0.1297,진안동,1.5144,1.5144,1.0,4,NEW_STOP,31240520,동,98.35,65.47,3109.2,41590-37983,331.9,127.04351,37.21945
다사5914,pm,0.791808,0.607482,1.7786,0.8401,0.9385,need,1.35768,5,4,3,0.6068,18.354,4040.0,1522.0,0.1069,진안동,0.9385,0.9385,0.84889,4,ADD_FREQ,31240520,동,79.18,60.75,1010.0,41590-36754,235.9,127.04345,37.22847
다사5915,pm,0.5,0.591778,0.6541,0.7859,-0.1319,ok,0.0,3,3,3,0.8132,12.21,15890.0,2177.0,0.0437,진안동,-0.1319,-0.1319,1.0,4,ADD_FREQ,31240520,동,50.0,59.18,3972.5,41590-36418,112.1,127.0434,37.23748
다사6011,pm,0.966576,0.979494,2.4521,2.1238,0.3282,ok,0.0,4,4,4,0.9235,127.111,19045.0,3136.0,0.0705,동탄3동,0.3282,0.3282,1.0,4,ADD_FREQ,31240620,동,96.66,97.95,4761.2,41590-37720,45.9,127.05488,37.20147
다사6012,pm,1.0,0.952627,2.5809,2.0311,0.5498,ok,0.0,4,4,4,0.7847,177.608,19701.0,3205.0,0.0994,동탄3동,0.5498,0.5498,1.0,4,ADD_FREQ,31240620,동,100.0,95.26,4925.2,41590-55020,129.2,127.05483,37.21048
다사6013,pm,1.0,0.783213,2.5809,1.4465,1.1344,need,1.68255,5,4,4,0.6303,55.21,20162.0,4099.0,0.0617,진안동,1.1344,1.1344,1.0,4,ADD_FREQ,31240520,동,100.0,78.32,5040.5,41590-37574,221.8,127.05478,37.2195
다사6014,pm,0.779699,0.606182,1.7319,0.8356,0.8963,need,1.31828,5,4,3,0.5705,19.181,7221.0,3865.0,0.0836,반월동,0.8963,0.8963,0.9319,4,ADD_FREQ,31240550,동,77.97,60.62,1805.2,41590-36484,257.7,127.05473,37.22851
다사6110,pm,0.986586,0.915951,2.5292,1.9046,0.6246,ok,0.0,4,4,4,0.829,97.066,14415.0,1939.0,0.1314,동탄2동,0.6246,0.6246,1.0,4,ADD_FREQ,31240600,동,98.66,91.6,3603.8,41590-37699,102.6,127.0662,37.1925
다사6111,pm,1.0,0.949657,2.5809,2.0209,0.56,ok,0.0,4,4,4,0.7712,302.071,21450.0,4476.0,0.0625,동탄1동,0.56,0.56,1.0,4,ADD_FREQ,31240610,동,100.0,94.97,5362.5,41590-37588,137.3,127.06615,37.20151
다사6112,pm,1.0,0.938363,2.5809,1.9819,0.599,ok,0.0,4,4,4,0.7198,235.903,11836.0,3878.0,0.0967,동탄1동,0.599,0.599,1.0,4,ADD_FREQ,31240610,동,100.0,93.84,2959.0,41590-36960,168.1,127.0661,37.21052
다사6113,pm,0.691502,0.195031,1.392,-0.5831,1.9752,need,2.75518,6,4,1,0.1163,1.884,721.0,5390.0,0.2039,반월동,1.9752,1.9752,0.60524,4,DRT,31240550,동,69.15,19.5,180.2,41590-55442,530.2,127.06605,37.21954
다사6114,pm,0.979117,0.892377,2.5004,1.8232,0.6772,ok,0.0,4,4,4,0.819,84.801,10797.0,59383.0,0.0807,반월동,0.6772,0.6772,0.988,4,ADD_FREQ,31240550,동,97.91,89.24,2699.2,41590-37592,108.6,127.066,37.22855
다사6115,pm,1.0,0.806429,2.5809,1.5266,1.0542,need,1.68009,5,4,4,0.8433,47.487,22934.0,3896.0,0.1128,반월동,1.0542,1.0542,1.0,4,ADD_FREQ,31240550,동,100.0,80.64,5733.5,41590-36615,94.0,127.06595,37.23757
다사6207,pm,0.496804,0.15752,0.6418,-0.7125,1.3543,need,1.92959,6,3,1,0.716,0.0,2074.0,761.0,0.1398,동탄6동,1.3543,1.3543,0.75531,4,ADD_FREQ,31240700,동,49.68,15.75,518.5,41590-55459,170.4,127.07762,37.16549
다사6208,pm,0.306562,0.13893,-0.0914,-0.7767,0.6853,mid,0.0,4,2,1,0.6315,0.0,228.0,697.0,0.3509,동탄6동,0.6853,0.6853,0.44668,2,ADD_FREQ,31240700,동,30.66,13.89,57.0,41590-36424,221.1,127.07757,37.17451
다사6209,pm,0.583517,0.540142,0.9759,0.6078,0.3682,ok,0.0,4,4,3,0.922,7.236,1508.0,2891.0,0.0995,동탄6동,0.3682,0.3682,0.7124,4,ADD_FREQ,31240700,동,58.35,54.01,377.0,41590-36412,46.8,127.07752,37.18352
다사6210,pm,1.0,0.972317,2.5809,2.0991,0.4818,ok,0.0,4,4,4,0.8742,160.924,16916.0,4792.0,0.0632,동탄2동,0.4818,0.4818,1.0,4,ADD_FREQ,31240600,동,100.0,97.23,4229.0,41590-37669,75.5,127.07747,37.19254
다사6211,pm,0.939654,0.683944,2.3483,1.104,1.2443,need,1.78999,6,4,4,0.4602,37.19,7429.0,8499.0,0.0664,동탄1동,1.2443,1.2443,0.93513,4,NEW_STOP,31240610,동,93.97,68.39,1857.2,41590-55724,323.9,127.07742,37.20155
다사6212,pm,1.0,0.991017,2.5809,2.1636,0.4173,ok,0.0,4,4,4,0.9592,325.048,13931.0,4049.0,0.0576,동탄1동,0.4173,0.4173,1.0,4,ADD_FREQ,31240610,동,100.0,99.1,3482.8,41590-37758,24.5,127.07737,37.21056
다사6213,pm,0.822338,0.835273,1.8962,1.6262,0.2701,ok,0.0,4,4,4,0.5767,82.792,1825.0,9918.0,0.0312,동탄1동,0.2701,0.2701,0.73886,4,ADD_FREQ,31240610,동,82.23,83.53,456.2,41590-36414,254.0,127.07732,37.21958
다사6307,pm,0.667736,0.656275,1.3005,1.0085,0.292,ok,0.0,4,4,4,0.8263,18.415,2005.0,6769.0,0.0758,동탄6동,0.292,0.292,0.7533,4,ADD_FREQ,31240700,동,66.77,65.63,501.2,41590-55092,104.2,127.08889,37.16553
다사6308,pm,0.450968,0.558019,0.4651,0.6695,-0.2043,ok,0.0,3,3,3,0.6837,11.782,182.0,6467.0,0.0275,동탄6동,-0.2043,-0.2043,0.43093,2,ADD_FREQ,31240700,동,45.1,55.8,45.5,41590-55103,189.8,127.08884,37.17455
다사6309,pm,0.833587,0.696243,1.9396,1.1464,0.7932,need,1.08361,5,4,4,0.3842,44.786,5050.0,2978.0,0.0531,동탄6동,0.7932,0.7932,0.88233,4,NEW_STOP,31240700,동,83.36,69.62,1262.5,41590-36704,369.5,127.08879,37.18356
다사6310,pm,0.859793,0.814666,2.0406,1.5551,0.4855,ok,0.0,4,4,4,0.7702,55.453,9365.0,1250.0,0.0479,동탄6동,0.4855,0.4855,0.96993,4,ADD_FREQ,31240700,동,85.98,81.47,2341.2,41590-55761,137.9,127.08874,37.19258
다사6311,pm,0.930786,0.633516,2.3142,0.93,1.3842,need,1.94248,6,4,4,0.4317,27.978,8976.0,3032.0,0.0392,동탄6동,1.3842,1.3842,0.96294,4,NEW_STOP,31240700,동,93.08,63.35,2244.0,41590-37134,341.0,127.08869,37.20159
다사6312,pm,0.856043,0.937777,2.0261,1.9799,0.0462,ok,0.0,3,4,4,0.7172,164.046,4060.0,13906.0,0.0438,동탄5동,0.0462,0.0462,0.85311,4,ADD_FREQ,31240650,동,85.6,93.78,1015.0,41590-55937,169.7,127.08864,37.2106
다사6406,pm,0.700299,0.945147,1.4259,2.0053,-0.5794,ok,0.0,2,4,4,0.7507,195.725,1151.0,1668.0,0.1025,동탄8동,-0.5794,-0.5794,0.67298,4,ADD_FREQ,31240710,동,70.03,94.51,287.8,41590-55519,149.6,127.1002,37.15656
다사6407,pm,0.975189,0.958383,2.4853,2.051,0.4343,ok,0.0,4,4,4,0.8108,141.403,12808.0,2484.0,0.041,동탄7동,0.4343,0.4343,1.0,4,ADD_FREQ,31240691,동,97.52,95.84,3202.0,41590-55592,113.5,127.10015,37.16557
다사6408,pm,0.925672,0.817007,2.2944,1.5631,0.7313,ok,0.0,5,4,4,0.5965,71.739,9072.0,1936.0,0.0592,동탄7동,0.7313,0.7313,0.96522,4,ADD_FREQ,31240691,동,92.57,81.7,2268.0,41590-55475,242.1,127.1001,37.17459
다사6409,pm,0.793268,0.901147,1.7842,1.8535,-0.0693,ok,0.0,3,4,4,0.5507,139.287,2132.0,628.0,0.0905,동탄6동,-0.0693,-0.0693,0.76157,4,ADD_FREQ,31240700,동,79.33,90.11,533.0,41590-36487,269.6,127.10005,37.1836
다사6410,pm,0.968792,0.955817,2.4606,2.0421,0.4185,ok,0.0,4,4,4,0.7992,284.433,7519.0,1837.0,0.0464,동탄4동,0.4185,0.4185,0.93758,4,ADD_FREQ,31240640,동,96.88,95.58,1879.8,41590-36384,120.5,127.10001,37.19261
다사6411,pm,1.0,0.92388,2.5809,1.9319,0.649,ok,0.0,4,4,4,0.654,260.807,20510.0,6414.0,0.0348,동탄4동,0.649,0.649,1.0,4,ADD_FREQ,31240640,동,100.0,92.39,5127.5,41590-36447,207.6,127.09996,37.20163
다사6412,pm,0.979457,0.963517,2.5017,2.0687,0.433,ok,0.0,4,4,4,0.8342,223.585,8765.0,19251.0,0.0609,동탄5동,0.433,0.433,0.95891,4,ADD_FREQ,31240650,동,97.95,96.35,2191.2,41590-55852,99.5,127.09991,37.21064
다사6505,pm,0.027876,0.011,-1.1653,-1.2181,0.0112,mid,0.0,3,0,0,0.05,0.0,8.0,0.0,0.0,동탄8동,0.0112,0.0528,0.05575,0,DRT,31240710,동,2.79,1.1,2.0,41590-36944,936.4,127.1115,37.14758
다사6506,pm,0.836577,0.990063,1.9511,2.1603,-0.2092,ok,0.0,3,4,4,0.9548,207.304,7097.0,1431.0,0.0666,동탄8동,-0.2092,-0.2092,0.93093,4,ADD_FREQ,31240710,동,83.66,99.01,1774.2,41590-55684,27.1,127.11146,37.1566
다사6507,pm,1.0,0.930113,2.5809,1.9534,0.6274,ok,0.0,4,4,4,0.6823,321.714,18345.0,3588.0,0.0524,동탄8동,0.6274,0.6274,1.0,4,ADD_FREQ,31240710,동,100.0,93.01,4586.2,41590-55505,190.6,127.11141,37.16561
다사6508,pm,1.0,0.886915,2.5809,1.8044,0.7765,need,1.13467,5,4,4,0.5553,118.163,16539.0,2998.0,0.0515,동탄7동,0.7765,0.7765,1.0,4,ADD_FREQ,31240691,동,100.0,88.69,4134.8,41590-55569,266.8,127.11137,37.17462
다사6509,pm,0.788401,0.667773,1.7655,1.0482,0.7173,ok,0.0,5,4,4,0.8922,18.056,7770.0,865.0,0.0725,동탄6동,0.7173,0.7173,0.94276,4,ADD_FREQ,31240700,동,78.84,66.78,1942.5,41590-55510,64.7,127.11132,37.18364
다사6510,pm,0.759737,0.611246,1.655,0.8531,0.8019,need,1.14151,5,4,3,0.2167,32.886,6898.0,570.0,0.0634,동탄4동,0.8019,0.8019,0.9258,4,NEW_STOP,31240640,동,75.97,61.12,1724.5,41590-55297,470.0,127.11127,37.19265
다사6511,pm,1.0,0.937263,2.5809,1.9781,0.6028,ok,0.0,4,4,4,0.7148,278.864,19594.0,4060.0,0.0341,동탄4동,0.6028,0.6028,1.0,4,ADD_FREQ,31240640,동,100.0,93.73,4898.5,41590-36811,171.1,127.11123,37.20167
다사6512,pm,1.0,0.97107,2.5809,2.0948,0.4861,ok,0.0,4,4,4,0.8685,155.189,13038.0,3667.0,0.0756,동탄5동,0.4861,0.4861,1.0,4,ADD_FREQ,31240650,동,100.0,97.11,3259.5,41590-55607,78.9,127.11118,37.21068
다사6605,pm,0.161772,0.011,-0.6493,-1.2181,0.3787,mid,0.0,4,1,0,0.05,0.0,28.0,551.0,0.8214,동탄8동,0.3787,0.5688,0.23263,0,DRT,31240710,동,16.18,1.1,7.0,41590-36945,579.6,127.12276,37.14762
다사6606,pm,0.667936,0.693631,1.3012,1.1374,0.1638,ok,0.0,3,4,4,0.429,41.351,1931.0,569.0,0.1243,동탄8동,0.1638,0.1638,0.7475,4,NEW_STOP,31240710,동,66.79,69.36,482.8,41590-37403,342.6,127.12272,37.15663
다사6607,pm,0.956072,0.916757,2.4116,1.9073,0.5043,ok,0.0,4,4,4,0.711,114.927,10649.0,1294.0,0.0867,동탄7동,0.5043,0.5043,0.98518,4,ADD_FREQ,31240691,동,95.61,91.68,2662.2,41590-55730,173.4,127.12267,37.16565
다사6608,pm,0.940429,0.892116,2.3513,1.8223,0.529,ok,0.0,4,4,4,0.7812,89.236,8562.0,4542.0,0.0638,동탄7동,0.529,0.529,0.95625,4,ADD_FREQ,31240691,동,94.04,89.21,2140.5,41590-55800,131.3,127.12263,37.17466
다사6609,pm,1.0,0.953067,2.5809,2.0326,0.5482,ok,0.0,4,4,4,0.7867,199.451,18068.0,3111.0,0.0589,동탄9동,0.5482,0.5482,1.0,4,ADD_FREQ,31240720,동,100.0,95.31,4517.0,41590-55490,128.0,127.12259,37.18367
다사6610,pm,0.963777,0.915848,2.4413,1.9042,0.5371,ok,0.0,4,4,4,0.6247,128.802,13095.0,1041.0,0.0578,동탄9동,0.5371,0.5371,1.0,4,ADD_FREQ,31240720,동,96.38,91.58,3273.8,41590-36693,225.2,127.12254,37.19269
다사6611,pm,0.923929,0.929637,2.2877,1.9518,0.3359,ok,0.0,4,4,4,0.8463,103.309,10119.0,894.0,0.0838,동탄4동,0.3359,0.3359,0.97974,4,ADD_FREQ,31240640,동,92.39,92.96,2529.8,41590-55301,92.2,127.1225,37.2017
다사6612,pm,0.666482,0.72173,1.2956,1.2344,0.0613,ok,0.0,3,4,4,0.4673,46.891,5512.0,265.0,0.1069,동탄5동,0.0613,0.0613,0.8933,4,NEW_STOP,31240650,동,66.65,72.17,1378.0,41590-55584,319.6,127.12245,37.21072
다사6707,pm,0.680662,0.281897,1.3503,-0.2834,1.6336,need,2.3322,6,4,2,0.05,4.438,6021.0,417.0,0.0732,동탄7동,1.6336,1.6336,0.908,4,DRT,31240691,동,68.07,28.19,1505.2,41590-55750,588.1,127.13394,37.16568
다사6708,pm,0.771976,0.643394,1.7022,0.9641,0.7381,ok,0.0,5,4,4,0.712,19.963,6700.0,968.0,0.0282,동탄9동,0.7381,0.7381,0.92487,4,ADD_FREQ,31240720,동,77.2,64.34,1675.0,41590-55816,172.8,127.13389,37.1747
다사6709,pm,0.587922,0.598723,0.9929,0.8099,0.183,ok,0.0,3,4,3,0.8653,11.841,594.0,72.0,0.0875,동탄9동,0.183,0.183,0.58599,3,ADD_FREQ,31240720,동,58.79,59.87,148.5,41590-55914,80.8,127.13385,37.18371
다사6710,pm,0.603559,0.276968,1.0531,-0.3004,1.3535,need,1.73715,6,4,2,0.05,4.273,2891.0,319.0,0.0436,동탄9동,1.3535,1.3535,0.80661,4,DRT,31240720,동,60.36,27.7,722.8,41590-55555,714.4,127.13381,37.19272
다사6711,pm,0.311289,0.576698,-0.0731,0.7339,-0.8071,mid,0.0,1,2,3,0.7375,12.34,164.0,192.0,0.2073,동탄5동,-0.8071,-0.8071,0.41172,2,ADD_FREQ,31240650,동,31.13,57.67,41.0,41590-36504,157.5,127.13376,37.20174
다사6712,pm,0.089362,0.162122,-0.9284,-0.6967,-0.1049,mid,0.0,3,0,1,0.05,1.572,13.0,3.0,0.7692,동탄5동,-0.1049,-0.2317,0.15124,0,DRT,31240650,동,8.94,16.21,3.2,41590-55902,634.8,127.13372,37.21075
다사6808,pm,0.612583,0.497644,1.0879,0.4611,0.6268,ok,0.0,4,4,3,0.6997,7.573,822.0,41.0,0.0754,동탄9동,0.6268,0.6268,0.63084,4,ADD_FREQ,31240720,동,61.26,49.76,205.5,41590-55934,180.2,127.14516,37.17473
다사6809,pm,0.568309,0.28317,0.9173,-0.279,1.1963,need,1.64292,5,4,2,0.3827,2.469,2127.0,94.0,0.1105,동탄9동,1.1963,1.1963,0.75978,4,NEW_STOP,31240720,동,56.83,28.32,531.8,41590-55817,370.4,127.14512,37.18374
다사6810,pm,0.393443,0.210459,0.2434,-0.5299,0.7733,need,0.84458,5,3,1,0.422,1.086,284.0,225.0,0.0915,동탄9동,0.7733,0.7733,0.48785,3,NEW_STOP,31240720,동,39.34,21.05,71.0,41590-36505,346.8,127.14507,37.19276
다사6811,pm,0.226257,0.144311,-0.4008,-0.7581,0.2958,mid,0.0,4,2,1,0.05,1.301,78.0,58.0,0.3333,동탄5동,0.2958,0.3573,0.34072,1,DRT,31240650,동,22.63,14.43,19.5,41590-36505,665.1,127.14503,37.20177
다사6812,pm,0.110949,0.011,-0.8452,-1.2181,0.1943,mid,0.0,3,0,0,0.05,0.0,23.0,12.0,0.2174,동탄5동,0.1943,0.373,0.2219,0,DRT,31240650,동,11.09,1.1,5.8,41590-36505,860.8,127.14499,37.21079
다사6909,pm,0.0,0.011,-1.2727,-1.2181,-0.0,mid,0.0,3,0,0,0.05,0.0,0.0,0.0,0.0,동탄9동,-0.0,-0.0546,0.0,0,DRT,31240720,동,0.0,1.1,0.0,41590-55934,1239.6,127.15638,37.18378
다사6910,pm,0.0,0.011,-1.2727,-1.2181,-0.0,mid,0.0,3,0,0,0.05,0.0,0.0,0.0,0.0,동탄9동,-0.0,-0.0546,0.0,0,DRT,31240720,동,0.0,1.1,0.0,41590-55934,1312.7,127.15634,37.19279
다바1595,night,0.0,0.011,-1.1911,-0.7975,-0.0,mid,0.0,3,0,0,0.05,0.0,0.0,0.0,0.0,우정읍,-0.0,-0.3936,0.0,0,DRT,31240130,읍,0.0,1.1,0.0,41590-60113,13496.1,126.54964,37.05427
다바3297,night,0.004577,0.011,-1.173,-0.7975,-0.0272,mid,0.0,3,0,0,0.05,0.0,0.0,0.0,0.0,우정읍,-0.0272,-0.3755,0.0,0,DRT,31240130,읍,0.46,1.1,0.0,41590-36991,664.2,126.74064,37.07367
다바3298,night,0.0,0.011,-1.1911,-0.7975,-0.0,mid,0.0,3,0,0,0.05,0.0,0.0,0.0,0.0,우정읍,-0.0,-0.3936,0.0,0,DRT,31240130,읍,0.0,1.1,0.0,41590-36991,1144.8,126.74055,37.08269
다바3299,night,0.0,0.011,-1.1911,-0.7975,-0.0,mid,0.0,3,0,0,0.05,0.0,0.0,0.0,0.0,우정읍,-0.0,-0.3936,0.0,0,DRT,31240130,읍,0.0,1.1,0.0,41590-36991,2044.1,126.74046,37.0917
다바3393,night,0.307768,0.326786,0.0245,0.4774,-0.4529,mid,0.0,2,3,3,0.653,1.002,326.0,151.0,0.4387,우정읍,-0.4529,-0.4529,0.4732,3,ADD_FREQ,31240130,읍,30.78,32.68,81.5,41590-36589,208.2,126.75224,37.03769
다바3394,night,0.081215,0.059099,-0.8703,-0.6033,-0.1256,mid,0.0,3,0,1,0.05,0.2,13.0,3.0,0.3846,우정읍,-0.1256,-0.267,0.11034,0,DRT,31240130,읍,8.12,5.91,3.2,41590-37476,629.7,126.75216,37.04671
다바3396,night,0.0,0.011,-1.1911,-0.7975,-0.0,mid,0.0,3,0,0,0.05,0.0,0.0,0.0,0.0,우정읍,-0.0,-0.3936,0.0,0,DRT,31240130,읍,0.0,1.1,0.0,41590-37518,1160.2,126.75198,37.06473
다바3397,night,0.0,0.011,-1.1911,-0.7975,-0.0,mid,0.0,3,0,0,0.05,0.0,0.0,0.0,0.0,우정읍,-0.0,-0.3936,0.0,0,DRT,31240130,읍,0.0,1.1,0.0,41590-36991,1662.2,126.75189,37.07375
다바3398,night,0.0,0.011,-1.1911,-0.7975,-0.0,mid,0.0,3,0,0,0.05,0.0,0.0,0.0,0.0,우정읍,-0.0,-0.3936,0.0,0,DRT,31240130,읍,0.0,1.1,0.0,41590-37448,1802.9,126.7518,37.08276
다바3399,night,0.0,0.011,-1.1911,-0.7975,-0.0,mid,0.0,3,0,0,0.05,0.0,0.0,0.0,0.0,우정읍,-0.0,-0.3936,0.0,0,DRT,31240130,읍,0.0,1.1,0.0,41590-37485,1856.6,126.75171,37.09177
다바3493,night,0.265335,0.141362,-0.1431,-0.2712,0.1281,mid,0.0,3,2,2,0.633,0.008,317.0,68.0,0.2744,우정읍,0.1281,0.1281,0.47415,3,ADD_FREQ,31240130,읍,26.53,14.14,79.2,41590-36583,220.2,126.76349,37.03776
다바3494,night,0.285333,0.387265,-0.0641,0.7216,-0.7857,mid,0.0,1,3,4,0.8088,1.211,193.0,62.0,0.4145,우정읍,-0.7857,-0.7857,0.39882,2,ADD_FREQ,31240130,읍,28.53,38.73,48.2,41590-36830,114.7,126.7634,37.04678
다바3495,night,0.250072,0.119302,-0.2034,-0.3603,0.1533,mid,0.0,3,2,2,0.508,0.029,233.0,491.0,0.2446,우정읍,0.1533,0.1569,0.43044,2,ADD_FREQ,31240130,읍,25.01,11.93,58.2,41590-37388,295.2,126.76331,37.05579
다바3496,night,0.0,0.011,-1.1911,-0.7975,-0.0,mid,0.0,3,0,0,0.05,0.0,0.0,0.0,0.0,우정읍,-0.0,-0.3936,0.0,0,DRT,31240130,읍,0.0,1.1,0.0,41590-37518,1182.8,126.76323,37.0648
다바3497,night,0.037855,0.011,-1.0415,-0.7975,-0.0699,mid,0.0,3,0,0,0.05,0.0,13.0,7.0,0.7692,우정읍,-0.0699,-0.2441,0.07524,0,DRT,31240130,읍,3.79,1.1,3.2,41590-37448,783.4,126.76314,37.07382
다바3498,night,0.024916,0.011,-1.0927,-0.7975,-0.0644,mid,0.0,3,0,0,0.05,0.0,5.0,0.0,0.0,우정읍,-0.0644,-0.2952,0.04983,0,DRT,31240130,읍,2.49,1.1,1.2,41590-37485,900.0,126.76305,37.08283
다바3499,night,0.024916,0.011,-1.0927,-0.7975,-0.0644,mid,0.0,3,0,0,0.05,0.0,5.0,3.0,0.0,우정읍,-0.0644,-0.2952,0.04983,0,DRT,31240130,읍,2.49,1.1,1.2,41590-37485,939.6,126.76297,37.09184
다바3593,night,0.273888,0.194883,-0.1093,-0.0551,-0.0542,mid,0.0,3,2,3,0.8858,0.0,284.0,51.0,0.3521,우정읍,-0.0542,-0.0542,0.45769,3,ADD_FREQ,31240130,읍,27.39,19.49,71.0,41590-36582,68.5,126.77473,37.03783
다바3594,night,0.175745,0.081105,-0.4969,-0.5145,0.0136,mid,0.0,3,1,2,0.0953,0.256,63.0,20.0,0.4444,우정읍,0.0136,0.0175,0.27972,1,DRT,31240130,읍,17.57,8.11,15.8,41590-55142,542.8,126.77465,37.04684
다바3595,night,0.198826,0.147178,-0.4058,-0.2477,-0.1331,mid,0.0,3,1,2,0.2485,0.42,127.0,420.0,0.4882,우정읍,-0.1331,-0.1581,0.37245,2,NEW_STOP,31240130,읍,19.88,14.72,31.8,41590-36580,450.9,126.77456,37.05586
다바3596,night,0.18355,0.1199,-0.4661,-0.3578,-0.0865,drt,0.0,3,1,2,0.545,0.0,128.0,205.0,0.4609,우정읍,-0.0865,-0.1083,0.35372,1,ADD_FREQ,31240130,읍,18.36,11.99,32.0,41590-36941,273.0,126.77447,37.06487
다바3597,night,0.194898,0.042533,-0.4213,-0.6702,0.2069,drt,0.0,3,1,1,0.1933,0.0,163.0,8.0,0.5215,우정읍,0.2069,0.2489,0.38244,2,NEW_STOP,31240130,읍,19.49,4.25,40.8,41590-37448,484.0,126.77439,37.07389
다바3598,night,0.218233,0.162983,-0.3291,-0.1839,-0.1299,mid,0.0,3,2,2,0.7408,0.0,143.0,27.0,0.4196,우정읍,-0.1299,-0.1452,0.36504,2,ADD_FREQ,31240130,읍,21.82,16.3,35.8,41590-36858,155.5,126.7743,37.0829
다바3599,night,0.193332,0.012173,-0.4275,-0.7928,0.302,drt,0.0,4,1,1,0.0553,0.0,133.0,79.0,0.4887,우정읍,0.302,0.3653,0.37044,2,DRT,31240130,읍,19.33,1.22,33.2,41590-37485,566.8,126.77422,37.09191
다바3693,night,0.140731,0.011,-0.6352,-0.7975,0.1091,mid,0.0,3,1,0,0.05,0.0,53.0,770.0,0.6792,우정읍,0.1091,0.1623,0.27845,1,DRT,31240130,읍,14.07,1.1,13.2,41590-36464,636.3,126.78598,37.0379
다바3694,night,0.189262,0.05819,-0.4435,-0.607,0.1333,drt,0.0,3,1,1,0.2645,0.0,133.0,33.0,0.2707,우정읍,0.1333,0.1634,0.36736,2,NEW_STOP,31240130,읍,18.93,5.82,33.2,41590-36953,441.3,126.78589,37.04691
다바3695,night,0.329784,0.189171,0.1115,-0.0782,0.1896,mid,0.0,3,3,3,0.447,0.411,544.0,196.0,0.1562,우정읍,0.1896,0.1896,0.55015,3,NEW_STOP,31240130,읍,32.98,18.92,136.0,41590-37521,331.8,126.78581,37.05593
다바3696,night,0.271266,0.135098,-0.1197,-0.2965,0.1768,mid,0.0,3,2,2,0.2183,0.391,271.0,145.0,0.2841,우정읍,0.1768,0.1768,0.44929,3,NEW_STOP,31240130,읍,27.13,13.51,67.8,41590-37525,469.0,126.78572,37.06494
다바3697,night,0.169272,0.015913,-0.5225,-0.7777,0.1935,drt,0.0,3,1,1,0.0723,0.0,98.0,74.0,0.4592,우정읍,0.1935,0.2552,0.33668,1,DRT,31240130,읍,16.93,1.59,24.5,41590-37392,556.6,126.78564,37.07395
다바3698,night,0.247618,0.050123,-0.2131,-0.6395,0.4141,mid,0.0,4,2,1,0.2278,0.0,198.0,159.0,0.2626,우정읍,0.4141,0.4265,0.41904,2,NEW_STOP,31240130,읍,24.76,5.01,49.5,41590-37452,463.3,126.78555,37.08297
다바3699,night,0.176257,0.099183,-0.4949,-0.4415,-0.0416,mid,0.0,3,1,2,0.4508,0.0,68.0,106.0,0.5294,우정읍,-0.0416,-0.0534,0.30553,1,NEW_STOP,31240130,읍,17.63,9.92,17.0,41590-55159,329.5,126.78547,37.09198
다바3791,night,0.000466,0.011,-1.1892,-0.7975,-0.0064,mid,0.0,3,0,0,0.05,0.0,0.0,0.0,0.0,우정읍,-0.0064,-0.3917,0.0,0,DRT,31240130,읍,0.05,1.1,0.0,41590-37498,793.5,126.79739,37.01994
다바3792,night,0.320547,0.119423,0.075,-0.3598,0.4347,mid,0.0,4,3,2,0.5428,0.0,283.0,297.0,0.2756,우정읍,0.4347,0.4347,0.46231,3,ADD_FREQ,31240130,읍,32.05,11.94,70.8,41590-37498,274.3,126.7973,37.02895
다바3793,night,0.29999,0.083893,-0.0062,-0.5032,0.497,mid,0.0,4,3,2,0.3813,0.0,304.0,407.0,0.2993,우정읍,0.497,0.497,0.46291,3,NEW_STOP,31240130,읍,30.0,8.39,76.0,41590-36461,371.2,126.79722,37.03797
다바3794,night,0.359935,0.15697,0.2305,-0.2082,0.4387,mid,0.0,4,3,2,0.7135,0.0,299.0,1301.0,0.1672,우정읍,0.4387,0.4387,0.47475,3,ADD_FREQ,31240130,읍,35.99,15.7,74.8,41590-36829,171.9,126.79714,37.04698
다바3795,night,0.240876,0.172737,-0.2397,-0.1445,-0.0908,mid,0.0,3,2,3,0.7852,0.0,178.0,521.0,0.264,장안면,-0.0908,-0.0952,0.39826,2,ADD_FREQ,31240390,면,24.09,17.27,44.5,41590-36950,128.9,126.79705,37.05599
다바3796,night,0.468598,0.379513,0.6597,0.6903,-0.0305,mid,0.0,3,4,4,0.7938,1.174,917.0,619.0,0.12,우정읍,-0.0305,-0.0305,0.62917,4,ADD_FREQ,31240130,읍,46.86,37.95,229.2,41590-36918,123.7,126.79697,37.06501
다바3797,night,0.185124,0.011,-0.4599,-0.7975,0.2714,drt,0.0,4,1,0,0.05,0.0,138.0,447.0,0.1884,우정읍,0.2714,0.3376,0.36862,2,DRT,31240130,읍,18.51,1.1,34.5,41590-37391,604.7,126.79689,37.07402
다바3798,night,0.228812,0.1859,-0.2873,-0.0914,-0.1808,mid,0.0,3,2,3,0.845,0.0,237.0,75.0,0.2278,우정읍,-0.1808,-0.196,0.43369,2,ADD_FREQ,31240130,읍,22.88,18.59,59.2,41590-36837,93.0,126.7968,37.08303
다바3799,night,0.176983,0.073663,-0.492,-0.5445,0.041,drt,0.0,3,1,2,0.3348,0.0,118.0,49.0,0.4322,우정읍,0.041,0.0525,0.35026,1,NEW_STOP,31240130,읍,17.7,7.37,29.5,41590-37395,399.1,126.79672,37.09205
다바3891,night,0.0,0.011,-1.1911,-0.7975,-0.0,mid,0.0,3,0,0,0.05,0.0,0.0,0.0,0.0,우정읍,-0.0,-0.3936,0.0,0,DRT,31240130,읍,0.0,1.1,0.0,41590-37498,1396.6,126.80863,37.02001
다바3892,night,0.166429,0.011,-0.5337,-0.7975,0.1978,mid,0.0,3,1,0,0.05,0.0,49.0,75.0,0.0,우정읍,0.1978,0.2638,0.24986,1,DRT,31240130,읍,16.64,1.1,12.2,41590-36826,683.8,126.80854,37.02902
다바3893,night,0.23971,0.04609,-0.2443,-0.6558,0.3913,mid,0.0,4,2,1,0.2095,0.0,218.0,278.0,0.0229,우정읍,0.3913,0.4115,0.44198,3,NEW_STOP,31240130,읍,23.97,4.61,54.5,41590-36827,474.3,126.80846,37.03803
다바3894,night,0.25272,0.141717,-0.1929,-0.2698,0.0756,mid,0.0,3,2,2,0.6442,0.0,285.0,309.0,0.2807,우정읍,0.0756,0.0769,0.45769,3,ADD_FREQ,31240130,읍,25.27,14.17,71.2,41590-36913,213.5,126.80838,37.04705
다바3895,night,0.195547,0.073957,-0.4187,-0.5433,0.1038,drt,0.0,3,1,2,0.3362,0.0,93.0,148.0,0.3333,장안면,0.1038,0.1246,0.32682,1,NEW_STOP,31240390,면,19.55,7.4,23.2,41590-36772,398.3,126.8083,37.05606
다바3896,night,0.334131,0.184439,0.1286,-0.0973,0.2259,mid,0.0,3,3,3,0.2755,0.599,441.0,126.0,0.1859,장안면,0.2259,0.2259,0.52054,3,NEW_STOP,31240390,면,33.41,18.44,110.2,41590-37434,434.7,126.80822,37.06507
다바3897,night,0.498279,0.207377,0.777,-0.0047,0.7816,need,1.08356,5,4,3,0.178,0.892,1212.0,210.0,0.1576,장안면,0.7816,0.7816,0.66766,4,NEW_STOP,31240390,면,49.83,20.74,303.0,41590-36617,493.2,126.80814,37.07409
다바3898,night,0.461859,0.162667,0.6331,-0.1852,0.8183,need,1.16441,5,4,2,0.5088,0.212,1408.0,129.0,0.1669,우정읍,0.8183,0.8183,0.68581,4,ADD_FREQ,31240130,읍,46.19,16.27,352.0,41590-37397,294.7,126.80805,37.0831
다바3899,night,0.16583,0.203639,-0.5361,-0.0198,-0.3864,mid,0.0,2,1,3,0.7717,0.137,108.0,77.0,0.3426,우정읍,-0.3864,-0.5163,0.33073,1,ADD_FREQ,31240130,읍,16.58,20.36,27.0,41590-36989,137.0,126.80797,37.09211
다바3991,night,0.0,0.011,-1.1911,-0.7975,-0.0,mid,0.0,3,0,0,0.05,0.0,0.0,3.0,0.0,장안면,-0.0,-0.3936,0.0,0,DRT,31240390,면,0.0,1.1,0.0,41590-36881,1573.9,126.81987,37.02007
다바3992,night,0.156976,0.011,-0.5711,-0.7975,0.1635,mid,0.0,3,1,0,0.05,0.0,53.0,23.0,0.5849,장안면,0.1635,0.2264,0.29319,1,DRT,31240390,면,15.7,1.1,13.2,41590-36881,575.2,126.81979,37.02908
다바3993,night,0.239486,0.11429,-0.2452,-0.3805,0.1286,mid,0.0,3,2,2,0.5195,0.0,178.0,40.0,0.4663,장안면,0.1286,0.1353,0.39353,2,ADD_FREQ,31240390,면,23.95,11.43,44.5,41590-36716,288.3,126.81971,37.0381
다바3994,night,0.214663,0.011,-0.3432,-0.7975,0.402,mid,0.0,4,2,0,0.05,0.0,208.0,5.0,0.3702,장안면,0.402,0.4543,0.41594,2,DRT,31240390,면,21.47,1.1,52.0,41590-36769,669.9,126.81963,37.04711
다바3995,night,0.182311,0.022293,-0.471,-0.7519,0.2235,drt,0.0,3,1,1,0.1013,0.0,108.0,238.0,0.2407,장안면,0.2235,0.2809,0.34883,1,DRT,31240390,면,18.23,2.23,27.0,41590-37430,539.2,126.81955,37.05613
다바3996,night,0.228807,0.085067,-0.2874,-0.4985,0.1947,mid,0.0,3,2,2,0.3867,0.0,263.0,179.0,0.3612,장안면,0.1947,0.2111,0.44712,3,NEW_STOP,31240390,면,22.88,8.51,65.8,41590-36915,368.0,126.81947,37.06514
다바3997,night,0.630292,0.384127,1.2984,0.7089,0.5895,mid,0.0,4,4,4,0.597,1.607,1675.0,277.0,0.1152,장안면,0.5895,0.5895,0.71443,4,ADD_FREQ,31240390,면,63.03,38.41,418.8,41590-37524,241.8,126.81938,37.07415
다바3998,night,0.859544,0.595046,2.2038,1.5604,0.6434,mid,0.0,4,4,4,0.9652,3.266,4856.0,1504.0,0.1606,우정읍,0.6434,0.6434,0.86496,4,ADD_FREQ,31240130,읍,85.95,59.5,1214.0,41590-36022,20.9,126.8193,37.08317
다바3999,night,0.62718,0.431337,1.2861,0.8995,0.3866,mid,0.0,4,4,4,0.5897,2.137,2653.0,379.0,0.1135,우정읍,0.3866,0.3866,0.78049,4,ADD_FREQ,31240130,읍,62.72,43.13,663.2,41590-36821,246.2,126.81922,37.09218
다바4091,night,0.06845,0.011,-0.9207,-0.7975,-0.0519,mid,0.0,3,0,0,0.05,0.0,8.0,9.0,0.0,장안면,-0.0519,-0.1232,0.1369,0,DRT,31240390,면,6.84,1.1,2.0,41590-55148,1726.9,126.83111,37.02013
다바4092,night,0.073622,0.011,-0.9003,-0.7975,-0.0454,mid,0.0,3,0,0,0.05,0.0,13.0,33.0,0.0,장안면,-0.0454,-0.1028,0.14724,0,DRT,31240390,면,7.36,1.1,3.2,41590-55148,950.8,126.83103,37.02915
다바4093,night,0.134225,0.011,-0.6609,-0.7975,0.0891,mid,0.0,3,1,0,0.05,0.0,48.0,5.0,0.6458,장안면,0.0891,0.1366,0.26155,1,DRT,31240390,면,13.42,1.1,12.0,41590-37535,594.6,126.83095,37.03816
다바4094,night,0.135208,0.089137,-0.657,-0.482,-0.1147,mid,0.0,3,1,2,0.4052,0.0,50.0,86.0,0.2,장안면,-0.1147,-0.175,0.26763,1,NEW_STOP,31240390,면,13.52,8.91,12.5,41590-36776,356.9,126.83087,37.04718
다바4095,night,0.149531,0.03135,-0.6005,-0.7153,0.0804,mid,0.0,3,1,1,0.1425,0.0,53.0,42.0,0.5849,장안면,0.0804,0.1149,0.29262,1,DRT,31240390,면,14.95,3.13,13.2,41590-36773,514.5,126.83079,37.05619
다바4096,night,0.18031,0.011,-0.4789,-0.7975,0.2517,drt,0.0,4,1,0,0.05,0.0,107.0,210.0,0.1402,장안면,0.2517,0.3186,0.34592,1,DRT,31240390,면,18.03,1.1,26.8,41590-37514,768.5,126.83071,37.0652
다바4097,night,0.237477,0.1056,-0.2531,-0.4156,0.1535,mid,0.0,3,2,2,0.48,0.0,178.0,125.0,0.3933,장안면,0.1535,0.1625,0.3913,2,NEW_STOP,31240390,면,23.75,10.56,44.5,41590-37129,312.0,126.83063,37.07422
다바4098,night,0.491985,0.205287,0.7521,-0.0131,0.7652,need,1.00458,5,4,3,0.5822,0.34,866.0,556.0,0.1409,장안면,0.7652,0.7652,0.6169,4,ADD_FREQ,31240390,면,49.2,20.53,216.5,41590-37125,250.7,126.83055,37.08323
다바4099,night,0.464162,0.393709,0.6422,0.7476,-0.1054,mid,0.0,3,4,4,0.8387,1.21,474.0,172.0,0.211,장안면,-0.1054,-0.1054,0.53108,3,ADD_FREQ,31240390,면,46.42,39.37,118.5,41590-36835,96.8,126.83048,37.09224
다바4191,night,0.027938,0.011,-1.0807,-0.7975,-0.0666,mid,0.0,3,0,0,0.05,0.0,5.0,3.0,0.0,장안면,-0.0666,-0.2832,0.05588,0,DRT,31240390,면,2.79,1.1,1.2,41590-55148,1553.1,126.84235,37.0202
다바4192,night,0.051694,0.011,-0.9869,-0.7975,-0.0664,mid,0.0,3,0,0,0.05,0.0,8.0,10.0,1.25,장안면,-0.0664,-0.1894,0.10269,0,DRT,31240390,면,5.17,1.1,2.0,41590-55148,580.1,126.84227,37.02921
다바4193,night,0.29776,0.159427,-0.015,-0.1983,0.1832,mid,0.0,3,3,2,0.7247,0.0,378.0,103.0,0.4233,장안면,0.1832,0.1832,0.49232,3,ADD_FREQ,31240390,면,29.78,15.94,94.5,41590-36984,165.2,126.84219,37.03822
다바4194,night,0.115512,0.03938,-0.7348,-0.6829,-0.0307,mid,0.0,3,0,1,0.179,0.0,38.0,14.0,0.3947,장안면,-0.0307,-0.0519,0.23079,1,NEW_STOP,31240390,면,11.55,3.94,9.5,41590-36776,492.6,126.84212,37.04724
다바4195,night,0.183474,0.121807,-0.4664,-0.3501,-0.0929,drt,0.0,3,1,2,0.5537,0.0,118.0,61.0,0.5424,장안면,-0.0929,-0.1163,0.35734,1,ADD_FREQ,31240390,면,18.35,12.18,29.5,41590-36942,267.8,126.84204,37.05625
다바4196,night,0.339109,0.114657,0.1483,-0.379,0.5273,mid,0.0,4,3,2,0.5212,0.0,274.0,364.0,0.3102,장안면,0.5273,0.5273,0.45438,3,ADD_FREQ,31240390,면,33.91,11.47,68.5,41590-37132,287.3,126.84196,37.06527
다바4197,night,0.268538,0.011,-0.1304,-0.7975,0.6671,mid,0.0,4,2,0,0.05,0.0,283.0,155.0,0.4276,장안면,0.6671,0.6671,0.45343,3,DRT,31240390,면,26.85,1.1,70.8,41590-36909,654.3,126.84188,37.07428
다바4198,night,0.163728,0.027683,-0.5444,-0.7301,0.1378,drt,0.0,3,1,1,0.1258,0.0,89.0,265.0,0.1685,장안면,0.1378,0.1857,0.3256,1,DRT,31240390,면,16.37,2.77,22.2,41590-55497,524.5,126.84181,37.08329
다바4199,night,0.274268,0.027861,-0.1078,-0.7294,0.6216,mid,0.0,4,2,1,0.05,0.066,303.0,235.0,0.2145,장안면,0.6216,0.6216,0.46966,3,DRT,31240390,면,27.43,2.79,75.8,41590-37453,751.0,126.84173,37.09231
다바4292,night,0.147171,0.011,-0.6098,-0.7975,0.13,mid,0.0,3,1,0,0.05,0.0,58.0,18.0,0.2241,장안면,0.13,0.1877,0.29434,1,DRT,31240390,면,14.72,1.1,14.5,41590-36982,1086.0,126.85351,37.02927
다바4293,night,0.291782,0.07843,-0.0386,-0.5253,0.4866,mid,0.0,4,3,2,0.3565,0.0,358.0,170.0,0.3296,장안면,0.4866,0.4866,0.493,3,NEW_STOP,31240390,면,29.18,7.84,89.5,41590-36714,386.1,126.85344,37.03829
다바4294,night,0.241105,0.108057,-0.2388,-0.4057,0.1593,mid,0.0,3,2,2,0.4912,0.0,126.0,288.0,0.2937,장안면,0.1593,0.1669,0.36504,2,NEW_STOP,31240390,면,24.11,10.81,31.5,41590-36798,305.3,126.85336,37.0473
다바4295,night,0.269244,0.141863,-0.1276,-0.2692,0.1415,mid,0.0,3,2,2,0.6448,0.0,153.0,201.0,0.3595,장안면,0.1415,0.1415,0.38368,2,ADD_FREQ,31240390,면,26.92,14.19,38.2,41590-37823,213.1,126.85329,37.05631
다바4296,night,0.328061,0.193783,0.1047,-0.0596,0.1642,mid,0.0,3,3,3,0.8808,0.0,252.0,980.0,0.1151,장안면,0.1642,0.1642,0.45431,3,ADD_FREQ,31240390,면,32.81,19.38,63.0,41590-37796,71.5,126.85321,37.06533
다바4297,night,0.438864,0.119973,0.5423,-0.3575,0.8998,need,1.1719,5,3,2,0.5453,0.0,436.0,745.0,0.1904,장안면,0.8998,0.8998,0.52784,3,ADD_FREQ,31240390,면,43.89,12.0,109.0,41590-37142,272.8,126.85313,37.07434
다바4298,night,0.265215,0.011,-0.1436,-0.7975,0.6539,mid,0.0,4,2,0,0.05,0.0,167.0,576.0,0.1557,장안면,0.6539,0.6539,0.40021,2,DRT,31240390,면,26.52,1.1,41.8,41590-37151,661.4,126.85306,37.08335
다바4299,night,0.227428,0.011,-0.2928,-0.7975,0.4637,mid,0.0,4,2,0,0.05,0.0,232.0,891.0,0.0431,장안면,0.4637,0.5047,0.45092,3,DRT,31240390,면,22.74,1.1,58.0,41590-37158,794.0,126.85298,37.09237
다바4393,night,0.070398,0.011,-0.913,-0.7975,-0.0495,mid,0.0,3,0,0,0.05,0.0,18.0,3.0,0.0,장안면,-0.0495,-0.1155,0.1408,0,DRT,31240390,면,7.04,1.1,4.5,41590-36714,1175.4,126.86468,37.03835
다바4394,night,0.156451,0.089137,-0.5731,-0.482,-0.0656,mid,0.0,3,1,2,0.4052,0.0,78.0,21.0,0.4615,장안면,-0.0656,-0.0911,0.29755,1,NEW_STOP,31240390,면,15.65,8.91,19.5,41590-37820,356.9,126.86461,37.04736
다바4395,night,0.172166,0.07733,-0.5111,-0.5297,0.0143,drt,0.0,3,1,2,0.3515,0.0,98.0,69.0,0.4796,장안면,0.0143,0.0186,0.33206,1,NEW_STOP,31240390,면,17.22,7.73,24.5,41590-37819,389.1,126.86453,37.05637
다바4396,night,0.179678,0.02321,-0.4814,-0.7482,0.2103,drt,0.0,3,1,1,0.1055,0.0,110.0,134.0,0.2818,장안면,0.2103,0.2668,0.35155,1,DRT,31240390,면,17.97,2.32,27.5,41590-36727,536.7,126.86446,37.06539
다바4397,night,0.387622,0.05753,0.3399,-0.6096,0.9495,need,1.15871,5,3,1,0.2615,0.0,461.0,1229.0,0.1345,장안면,0.9495,0.9495,0.54056,3,NEW_STOP,31240390,면,38.76,5.75,115.2,41590-37942,443.1,126.86438,37.0744
다바4398,night,0.398842,0.09768,0.3842,-0.4475,0.8318,need,1.03393,5,3,2,0.444,0.0,411.0,969.0,0.1582,장안면,0.8318,0.8318,0.51689,3,NEW_STOP,31240390,면,39.88,9.77,102.8,41590-37156,333.6,126.86431,37.08342
다바4399,night,0.463296,0.148757,0.6388,-0.2413,0.8801,need,1.20371,5,4,2,0.6762,0.0,576.0,684.0,0.2066,장안면,0.8801,0.8801,0.56383,3,ADD_FREQ,31240390,면,46.33,14.88,144.0,41590-37840,194.3,126.86423,37.09243
다바4495,night,0.047085,0.011,-1.0051,-0.7975,-0.0685,mid,0.0,3,0,0,0.05,0.0,8.0,5.0,0.0,장안면,-0.0685,-0.2076,0.09001,0,DRT,31240390,면,4.71,1.1,2.0,41590-37819,611.9,126.87578,37.05643
다바4496,night,0.138855,0.024567,-0.6426,-0.7427,0.0667,mid,0.0,3,1,1,0.1117,0.0,43.0,26.0,0.2326,장안면,0.0667,0.1001,0.26991,1,DRT,31240390,면,13.89,2.46,10.8,41590-36727,533.0,126.8757,37.06545
다바4497,night,0.211903,0.06864,-0.3541,-0.5648,0.1849,mid,0.0,3,2,1,0.312,0.0,38.0,346.0,0.1316,장안면,0.1849,0.2107,0.22102,0,NEW_STOP,31240390,면,21.19,6.86,9.5,41590-37613,412.8,126.87563,37.07446
다바4498,night,0.12672,0.011,-0.6906,-0.7975,0.0672,mid,0.0,3,1,0,0.05,0.0,39.0,17.0,0.2564,장안면,0.0672,0.1069,0.2405,1,DRT,31240390,면,12.67,1.1,9.8,41590-37841,731.2,126.87556,37.08348
다바4499,night,0.153378,0.011,-0.5853,-0.7975,0.1509,mid,0.0,3,1,0,0.05,0.0,68.0,117.0,0.4853,장안면,0.1509,0.2122,0.30676,1,DRT,31240390,면,15.34,1.1,17.0,41590-37840,808.9,126.87548,37.09249
다바4597,night,0.205787,0.11627,-0.3783,-0.3725,-0.005,drt,0.0,3,2,2,0.5285,0.0,108.0,163.0,0.3611,향남읍,-0.005,-0.0058,0.33894,1,ADD_FREQ,31240140,읍,20.58,11.63,27.0,41590-37814,282.9,126.88688,37.07452
다바4598,night,0.134727,0.011,-0.6589,-0.7975,0.0906,mid,0.0,3,1,0,0.05,0.0,51.0,174.0,0.098,향남읍,0.0906,0.1386,0.26945,1,DRT,31240140,읍,13.47,1.1,12.8,41590-37814,813.5,126.88681,37.08353
다바4599,night,0.239257,0.13222,-0.2461,-0.3081,0.0589,mid,0.0,3,2,2,0.601,0.0,285.0,329.0,0.4982,향남읍,0.0589,0.062,0.46846,3,ADD_FREQ,31240140,읍,23.93,13.22,71.2,41590-37875,239.4,126.88673,37.09255
다바4697,night,0.229502,0.130937,-0.2846,-0.3133,0.0265,mid,0.0,3,2,2,0.5952,0.0,73.0,189.0,0.3836,향남읍,0.0265,0.0287,0.31705,1,ADD_FREQ,31240140,읍,22.95,13.09,18.2,41590-36733,242.9,126.89813,37.07458
다바4698,night,0.532702,0.258118,0.9129,0.2002,0.7127,mid,0.0,5,4,3,0.736,0.44,769.0,3343.0,0.0507,향남읍,0.7127,0.7127,0.61696,4,ADD_FREQ,31240140,읍,53.27,25.81,192.2,41590-37759,158.4,126.89806,37.08359
다바4699,night,0.490136,0.374305,0.7448,0.6692,0.0756,mid,0.0,3,4,4,0.3587,2.064,1112.0,1830.0,0.1628,향남읍,0.0756,0.0756,0.65269,4,NEW_STOP,31240140,읍,49.01,37.43,278.0,41590-37876,384.8,126.89799,37.09261
다바4797,night,0.304839,0.463039,0.0129,1.0275,-1.0145,mid,0.0,1,3,4,0.8607,1.822,203.0,1295.0,0.2956,양감면,-1.0145,-1.0145,0.42081,2,ADD_FREQ,31240420,면,30.48,46.3,50.8,41590-37868,83.6,126.90938,37.07463
다바4798,night,0.732552,0.583108,1.7022,1.5122,0.19,ok,0.0,3,4,4,0.5162,4.929,3945.0,3493.0,0.0416,향남읍,0.19,0.19,0.84343,4,ADD_FREQ,31240140,읍,73.26,58.31,986.2,41590-55074,290.3,126.90931,37.08365
다바4799,night,0.394807,0.603375,0.3683,1.594,-1.2258,ok,0.0,0,3,4,0.5155,5.406,68.0,4971.0,0.0,향남읍,-1.2258,-1.2258,0.28651,1,ADD_FREQ,31240140,읍,39.48,60.34,17.0,41590-37405,290.7,126.90924,37.09266
다바4896,night,0.309139,0.283597,0.0299,0.303,-0.2731,mid,0.0,2,3,3,0.2538,1.371,289.0,291.0,0.3356,양감면,-0.2731,-0.2731,0.45978,3,NEW_STOP,31240420,면,30.91,28.36,72.2,41590-37964,447.7,126.9207,37.06568
다바4897,night,0.248113,0.263867,-0.2111,0.2234,-0.4225,mid,0.0,2,2,3,0.67,0.555,187.0,315.0,0.2299,양감면,-0.4225,-0.4345,0.41487,2,ADD_FREQ,31240420,면,24.81,26.39,46.8,41590-55069,198.0,126.92063,37.07469
다바4898,night,0.268038,0.277967,-0.1324,0.2803,-0.4127,mid,0.0,2,2,3,0.7488,0.536,240.0,778.0,0.2042,향남읍,-0.4127,-0.4127,0.44678,3,ADD_FREQ,31240140,읍,26.8,27.8,60.0,41590-55367,150.7,126.92056,37.0837
다바4899,night,0.177283,0.064058,-0.4909,-0.5833,0.0722,drt,0.0,3,1,1,0.151,0.124,93.0,736.0,0.2796,향남읍,0.0722,0.0924,0.32296,1,NEW_STOP,31240140,읍,17.73,6.41,23.2,41590-37344,509.4,126.92049,37.09272
다바4996,night,0.251106,0.117957,-0.1993,-0.3657,0.1631,mid,0.0,3,2,2,0.5362,0.0,210.0,652.0,0.1,양감면,0.1631,0.1664,0.41758,2,ADD_FREQ,31240420,면,25.11,11.8,52.5,41590-60030,278.3,126.93194,37.06573
다바4997,night,0.189947,0.011,-0.4408,-0.7975,0.2915,drt,0.0,4,1,0,0.05,0.0,133.0,486.0,0.2556,양감면,0.2915,0.3566,0.36585,2,DRT,31240420,면,18.99,1.1,33.2,41590-60032,670.3,126.93188,37.07474
다바4998,night,0.231897,0.134222,-0.2752,-0.3,0.0231,mid,0.0,3,2,2,0.3707,0.221,157.0,532.0,0.3121,양감면,0.0231,0.0249,0.39392,2,NEW_STOP,31240420,면,23.19,13.42,39.2,41590-55408,377.6,126.93181,37.08376
다바4999,night,0.2658,0.133607,-0.1412,-0.3025,0.1613,mid,0.0,3,2,2,0.2872,0.306,221.0,396.0,0.1674,양감면,0.1613,0.1613,0.4275,2,NEW_STOP,31240420,면,26.58,13.36,55.2,41590-55834,427.7,126.93174,37.09277
다바5096,night,0.234948,0.011,-0.2631,-0.7975,0.5015,mid,0.0,4,2,0,0.05,0.0,265.0,1123.0,0.0566,양감면,0.5015,0.5344,0.46527,3,DRT,31240420,면,23.49,1.1,66.2,41590-60029,658.8,126.94319,37.06578
다바5097,night,0.305439,0.158361,0.0153,-0.2026,0.2179,mid,0.0,3,3,2,0.7043,0.013,398.0,976.0,0.1106,양감면,0.2179,0.2179,0.51921,3,ADD_FREQ,31240420,면,30.54,15.84,99.5,41590-37857,177.4,126.94313,37.0748
다바5098,night,0.502138,0.356756,0.7922,0.5984,0.1938,mid,0.0,3,4,3,0.8073,0.972,604.0,491.0,0.1788,양감면,0.1938,0.1938,0.56715,3,ADD_FREQ,31240420,면,50.21,35.68,151.0,41590-36778,115.6,126.94306,37.08381
다바5099,night,0.325518,0.141013,0.0946,-0.2726,0.3672,mid,0.0,4,3,2,0.5137,0.112,280.0,397.0,0.1571,양감면,0.3672,0.3672,0.46457,3,ADD_FREQ,31240420,면,32.55,14.1,70.0,41590-36106,291.8,126.943,37.09283
다바5197,night,0.26734,0.195796,-0.1352,-0.0514,-0.0837,mid,0.0,3,2,3,0.4865,0.4,169.0,246.0,0.2012,양감면,-0.0837,-0.0837,0.40553,2,NEW_STOP,31240420,면,26.73,19.58,42.2,41590-36133,308.1,126.95438,37.07485
다바5198,night,0.260071,0.137886,-0.1639,-0.2852,0.1213,mid,0.0,3,2,2,0.2475,0.372,178.0,55.0,0.3652,양감면,0.1213,0.1213,0.40212,2,NEW_STOP,31240420,면,26.01,13.79,44.5,41590-36127,451.5,126.95431,37.08386
다바5199,night,0.313935,0.12859,0.0489,-0.3228,0.3716,mid,0.0,4,3,2,0.5845,0.0,278.0,377.0,0.1583,양감면,0.3716,0.3716,0.46237,3,ADD_FREQ,31240420,면,31.39,12.86,69.5,41590-55462,249.3,126.95425,37.09288
다바5297,night,0.307314,0.280955,0.0227,0.2924,-0.2697,mid,0.0,2,3,3,0.7045,0.612,202.0,559.0,0.1782,양감면,-0.2697,-0.2697,0.42286,2,ADD_FREQ,31240420,면,30.73,28.1,50.5,41590-36150,177.3,126.96563,37.0749
다바5298,night,0.183086,0.04565,-0.4679,-0.6576,0.1514,drt,0.0,3,1,1,0.2075,0.0,89.0,405.0,0.4045,양감면,0.1514,0.1897,0.33395,1,NEW_STOP,31240420,면,18.31,4.57,22.2,41590-36791,475.5,126.96556,37.08392
다바5299,night,0.31619,0.02849,0.0578,-0.7269,0.7846,mid,0.0,5,3,1,0.1295,0.0,400.0,958.0,0.2125,양감면,0.7846,0.7846,0.51268,3,DRT,31240420,면,31.62,2.85,100.0,41590-36165,522.3,126.9655,37.09293
다바5397,night,0.300218,0.214129,-0.0053,0.0226,-0.0279,mid,0.0,3,3,3,0.617,0.346,184.0,319.0,0.2228,양감면,-0.0279,-0.0279,0.4147,2,ADD_FREQ,31240420,면,30.02,21.41,46.0,41590-36478,229.8,126.97688,37.07495
다바5398,night,0.293764,0.120229,-0.0308,-0.3565,0.3257,mid,0.0,4,3,2,0.4117,0.119,248.0,794.0,0.1573,양감면,0.3257,0.3257,0.45557,3,NEW_STOP,31240420,면,29.38,12.02,62.0,41590-36207,353.0,126.97681,37.08397
다바5399,night,0.282622,0.14476,-0.0748,-0.2575,0.1827,mid,0.0,3,3,2,0.658,0.0,139.0,435.0,0.1655,양감면,0.1827,0.1827,0.37134,2,ADD_FREQ,31240420,면,28.26,14.48,34.8,41590-55342,205.2,126.97675,37.09298
다바5497,night,0.224454,0.04464,-0.3045,-0.6617,0.3253,mid,0.0,4,2,1,0.05,0.136,186.0,107.0,0.3763,양감면,0.3253,0.3571,0.40694,2,DRT,31240420,면,22.45,4.46,46.5,41590-36472,625.9,126.98813,37.075
다바5498,night,0.15915,0.155343,-0.5625,-0.2148,-0.2533,mid,0.0,2,1,2,0.3933,0.298,38.0,126.0,0.2632,양감면,-0.2533,-0.3477,0.2416,1,NEW_STOP,31240420,면,15.91,15.53,9.5,41590-36473,364.0,126.98806,37.08401
다바5499,night,0.276556,0.118873,-0.0988,-0.362,0.2632,mid,0.0,4,2,2,0.5403,0.0,249.0,242.0,0.4056,양감면,0.2632,0.2632,0.43707,2,ADD_FREQ,31240420,면,27.66,11.89,62.2,41590-36251,275.8,126.988,37.09303
다사1401,night,0.064982,0.011,-0.9344,-0.7975,-0.0557,mid,0.0,3,0,0,0.05,0.0,13.0,0.0,0.7692,우정읍,-0.0557,-0.1369,0.12996,0,DRT,31240130,읍,6.5,1.1,3.2,41590-60113,9432.9,126.53771,37.10826
다사2208,night,0.250787,0.1408,-0.2005,-0.2735,0.0714,mid,0.0,3,2,2,0.64,0.0,183.0,153.0,0.4645,서신면,0.0714,0.0729,0.40139,2,ADD_FREQ,31240370,면,25.08,14.08,45.8,41590-60007,216.0,126.62702,37.17205
다사2302,night,0.0,0.011,-1.1911,-0.7975,-0.0,mid,0.0,3,0,0,0.05,0.0,0.0,0.0,0.0,서신면,-0.0,-0.3936,0.0,0,DRT,31240370,면,0.0,1.1,0.0,41590-37837,4003.1,126.63889,37.11805
다사2405,night,0.0,0.011,-1.1911,-0.7975,-0.0,mid,0.0,3,0,0,0.05,0.0,0.0,0.0,0.0,서신면,-0.0,-0.3936,0.0,0,DRT,31240370,면,0.0,1.1,0.0,41590-36947,2469.6,126.64985,37.14517
다사2416,night,0.161819,0.065817,-0.5519,-0.5762,0.0179,drt,0.0,3,1,1,0.2992,0.0,93.0,10.0,0.4194,송산면,0.0179,0.0242,0.32155,1,NEW_STOP,31240360,면,16.18,6.58,23.2,41590-55867,420.5,126.64873,37.24431
다사2417,night,0.0,0.011,-1.1911,-0.7975,-0.0,mid,0.0,3,0,0,0.05,0.0,0.0,0.0,0.0,송산면,-0.0,-0.3936,0.0,0,DRT,31240360,면,0.0,1.1,0.0,41590-60130,908.5,126.64863,37.25333
다사2420,night,0.0,0.011,-1.1911,-0.7975,-0.0,mid,0.0,3,0,0,0.05,0.0,0.0,0.0,0.0,송산면,-0.0,-0.3936,0.0,0,DRT,31240360,면,0.0,1.1,0.0,41590-60130,3774.4,126.64833,37.28037
다사2508,night,0.373014,0.176807,0.2822,-0.1281,0.4103,mid,0.0,4,3,3,0.8037,0.0,208.0,150.0,0.4327,서신면,0.4103,0.4103,0.40464,2,ADD_FREQ,31240370,면,37.3,17.68,52.0,41590-55347,117.8,126.66081,37.17229
다사2511,night,0.141804,0.012467,-0.631,-0.7916,0.1085,mid,0.0,3,1,1,0.0567,0.0,8.0,22.0,0.0,송산면,0.1085,0.1606,0.04353,0,DRT,31240360,면,14.18,1.25,2.0,41590-55063,566.0,126.66051,37.19933
다사2512,night,0.0,0.011,-1.1911,-0.7975,-0.0,mid,0.0,3,0,0,0.05,0.0,0.0,0.0,0.0,송산면,-0.0,-0.3936,0.0,0,DRT,31240360,면,0.0,1.1,0.0,41590-55063,1457.6,126.66041,37.20834
다사2514,night,0.0,0.011,-1.1911,-0.7975,-0.0,mid,0.0,3,0,0,0.05,0.0,0.0,0.0,0.0,송산면,-0.0,-0.3936,0.0,0,DRT,31240360,면,0.0,1.1,0.0,41590-55189,1365.4,126.66021,37.22637
다사2515,night,0.121705,0.06072,-0.7104,-0.5968,-0.0695,mid,0.0,3,1,1,0.276,0.0,33.0,3.0,0.4545,송산면,-0.0695,-0.1136,0.23515,1,NEW_STOP,31240360,면,12.17,6.07,8.2,41590-55189,434.4,126.66011,37.23538
다사2516,night,0.085843,0.022953,-0.852,-0.7492,-0.0501,mid,0.0,3,0,1,0.1043,0.0,18.0,7.0,1.1111,송산면,-0.0501,-0.1028,0.16456,0,DRT,31240360,면,8.58,2.3,4.5,41590-60130,537.4,126.66001,37.2444
다사2517,night,0.0,0.011,-1.1911,-0.7975,-0.0,mid,0.0,3,0,0,0.05,0.0,0.0,0.0,0.0,송산면,-0.0,-0.3936,0.0,0,DRT,31240360,면,0.0,1.1,0.0,41590-60130,873.1,126.65991,37.25341
다사2518,night,0.0,0.011,-1.1911,-0.7975,-0.0,mid,0.0,3,0,0,0.05,0.0,0.0,0.0,0.0,송산면,-0.0,-0.3936,0.0,0,DRT,31240360,면,0.0,1.1,0.0,41590-60130,1798.4,126.65981,37.26242
다사2519,night,0.0,0.011,-1.1911,-0.7975,-0.0,mid,0.0,3,0,0,0.05,0.0,0.0,0.0,0.0,송산면,-0.0,-0.3936,0.0,0,DRT,31240360,면,0.0,1.1,0.0,41590-60130,2775.8,126.65971,37.27143
다사2520,night,0.0,0.011,-1.1911,-0.7975,-0.0,mid,0.0,3,0,0,0.05,0.0,0.0,0.0,0.0,송산면,-0.0,-0.3936,0.0,0,DRT,31240360,면,0.0,1.1,0.0,41590-60130,3766.0,126.65961,37.28045
다사2607,night,0.3602,0.19085,0.2316,-0.0714,0.303,mid,0.0,4,3,3,0.8675,0.0,190.0,288.0,0.3105,서신면,0.303,0.303,0.41057,2,ADD_FREQ,31240370,면,36.02,19.08,47.5,41590-37866,79.5,126.67217,37.16336
다사2608,night,0.279627,0.011,-0.0866,-0.7975,0.7108,mid,0.0,5,3,0,0.05,0.0,294.0,91.0,0.5646,서신면,0.7108,0.7108,0.46014,3,DRT,31240370,면,27.96,1.1,73.5,41590-37926,671.1,126.67207,37.17237
다사2609,night,0.328198,0.053717,0.1052,-0.625,0.7302,mid,0.0,5,3,1,0.2442,0.0,251.0,1185.0,0.0717,서신면,0.7302,0.7302,0.45557,3,NEW_STOP,31240370,면,32.82,5.37,62.8,41590-37258,453.5,126.67197,37.18138
다사2610,night,0.300162,0.08679,-0.0055,-0.4915,0.486,mid,0.0,4,3,2,0.3945,0.0,180.0,1248.0,0.0278,서신면,0.486,0.486,0.41176,2,NEW_STOP,31240370,면,30.02,8.68,45.0,41590-37595,363.3,126.67187,37.1904
다사2611,night,0.031275,0.011,-1.0675,-0.7975,-0.0683,mid,0.0,3,0,0,0.05,0.0,5.0,14.0,0.0,송산면,-0.0683,-0.27,0.05588,0,DRT,31240360,면,3.13,1.1,1.2,41590-37893,596.1,126.67178,37.19941
다사2612,night,0.150243,0.011623,-0.5977,-0.795,0.1385,mid,0.0,3,1,1,0.0528,0.0,73.0,71.0,0.5068,송산면,0.1385,0.1973,0.29223,1,DRT,31240360,면,15.02,1.16,18.2,41590-36346,568.3,126.67168,37.20842
다사2613,night,0.132428,0.011,-0.668,-0.7975,0.0837,mid,0.0,3,1,0,0.05,0.0,33.0,25.0,0.9394,송산면,0.0837,0.1295,0.26439,1,DRT,31240360,면,13.24,1.1,8.2,41590-36346,784.2,126.67158,37.21744
다사2614,night,0.0,0.011,-1.1911,-0.7975,-0.0,mid,0.0,3,0,0,0.05,0.0,0.0,28.0,0.0,송산면,-0.0,-0.3936,0.0,0,DRT,31240360,면,0.0,1.1,0.0,41590-55195,1315.1,126.67148,37.22645
다사2615,night,0.219981,0.011,-0.3222,-0.7975,0.4273,mid,0.0,4,2,0,0.05,0.0,224.0,93.0,0.5045,송산면,0.4273,0.4753,0.422,2,DRT,31240360,면,22.0,1.1,56.0,41590-55190,628.3,126.67138,37.23546
다사2616,night,0.194773,0.064093,-0.4218,-0.5831,0.1341,drt,0.0,3,1,1,0.2913,0.0,138.0,5.0,0.3623,송산면,0.1341,0.1614,0.3541,1,NEW_STOP,31240360,면,19.48,6.41,34.5,41590-55190,425.2,126.67128,37.24447
다사2617,night,0.0,0.011,-1.1911,-0.7975,-0.0,mid,0.0,3,0,0,0.05,0.0,0.0,0.0,0.0,송산면,-0.0,-0.3936,0.0,0,DRT,31240360,면,0.0,1.1,0.0,41590-55190,1403.0,126.67118,37.25349
다사2618,night,0.0,0.011,-1.1911,-0.7975,-0.0,mid,0.0,3,0,0,0.05,0.0,0.0,0.0,0.0,송산면,-0.0,-0.3936,0.0,0,DRT,31240360,면,0.0,1.1,0.0,41590-60062,2155.7,126.67108,37.2625
다사2619,night,0.0,0.011,-1.1911,-0.7975,-0.0,mid,0.0,3,0,0,0.05,0.0,0.0,0.0,0.0,송산면,-0.0,-0.3936,0.0,0,DRT,31240360,면,0.0,1.1,0.0,41590-60062,2785.2,126.67099,37.27151
다사2620,night,0.0,0.011,-1.1911,-0.7975,-0.0,mid,0.0,3,0,0,0.05,0.0,0.0,0.0,0.0,송산면,-0.0,-0.3936,0.0,0,DRT,31240360,면,0.0,1.1,0.0,41590-60062,3588.4,126.67089,37.28053
다사2703,night,0.188245,0.218345,-0.4476,0.0396,-0.3958,mid,0.0,2,1,3,0.8738,0.104,143.0,15.0,0.3916,서신면,-0.3958,-0.4872,0.36421,2,ADD_FREQ,31240370,면,18.82,21.83,35.8,41590-36489,75.7,126.68382,37.12738
다사2704,night,0.166468,0.011,-0.5336,-0.7975,0.198,drt,0.0,3,1,0,0.05,0.0,98.0,16.0,0.4796,서신면,0.198,0.2639,0.33294,1,DRT,31240370,면,16.65,1.1,24.5,41590-37029,765.5,126.68372,37.13639
다사2705,night,0.156544,0.130643,-0.5728,-0.3145,-0.1862,mid,0.0,3,1,2,0.5938,0.0,73.0,19.0,0.4247,서신면,-0.1862,-0.2583,0.31309,1,ADD_FREQ,31240370,면,15.65,13.06,18.2,41590-36840,243.7,126.68362,37.14541
다사2707,night,0.186794,0.011,-0.4533,-0.7975,0.2783,drt,0.0,4,1,0,0.05,0.0,93.0,241.0,0.0538,서신면,0.2783,0.3442,0.33162,1,DRT,31240370,면,18.68,1.1,23.2,41590-37017,709.8,126.68343,37.16343
다사2708,night,0.391508,0.116197,0.3553,-0.3728,0.728,mid,0.0,5,3,2,0.5282,0.0,268.0,365.0,0.2201,서신면,0.728,0.728,0.45469,3,ADD_FREQ,31240370,면,39.15,11.62,67.0,41590-37784,283.1,126.68333,37.17245
다사2709,night,0.183102,0.01133,-0.4679,-0.7962,0.262,drt,0.0,4,1,1,0.0515,0.0,118.0,145.0,0.2373,서신면,0.262,0.3283,0.36597,2,DRT,31240370,면,18.31,1.13,29.5,41590-36491,569.1,126.68324,37.18146
다사2710,night,0.20532,0.165697,-0.3801,-0.173,-0.1781,mid,0.0,3,2,2,0.7532,0.0,118.0,597.0,0.2797,서신면,-0.1781,-0.2072,0.36828,2,ADD_FREQ,31240370,면,20.53,16.57,29.5,41590-37511,148.1,126.68314,37.19047
다사2711,night,0.12025,0.011,-0.7161,-0.7975,0.0494,mid,0.0,3,1,0,0.05,0.0,38.0,41.0,0.2632,서신면,0.0494,0.0814,0.2405,1,DRT,31240370,면,12.03,1.1,9.5,41590-37511,1135.6,126.68304,37.19949
다사2712,night,0.110146,0.011,-0.756,-0.7975,0.0238,mid,0.0,3,0,0,0.05,0.0,33.0,141.0,0.4545,송산면,0.0238,0.0415,0.21521,0,DRT,31240360,면,11.01,1.1,8.2,41590-36346,621.0,126.68295,37.2085
다사2713,night,0.164715,0.192463,-0.5405,-0.0649,-0.3543,mid,0.0,2,1,3,0.8748,0.0,73.0,240.0,0.3151,송산면,-0.3543,-0.4756,0.30953,1,ADD_FREQ,31240360,면,16.47,19.25,18.2,41590-36490,75.1,126.68285,37.21751
다사2714,night,0.188756,0.011,-0.4455,-0.7975,0.2865,drt,0.0,4,1,0,0.05,0.0,109.0,274.0,0.3303,송산면,0.2865,0.3519,0.36303,2,DRT,31240360,면,18.88,1.1,27.2,41590-55193,756.0,126.68275,37.22653
다사2715,night,0.262711,0.186377,-0.1535,-0.0895,-0.064,mid,0.0,3,2,3,0.8472,0.0,184.0,242.0,0.3207,송산면,-0.064,-0.064,0.39938,2,ADD_FREQ,31240360,면,26.27,18.64,46.0,41590-55194,91.7,126.68265,37.23554
다사2716,night,0.152851,0.011,-0.5874,-0.7975,0.1491,mid,0.0,3,1,0,0.05,0.0,78.0,12.0,0.6667,송산면,0.1491,0.2101,0.3057,1,DRT,31240360,면,15.29,1.1,19.5,41590-55864,913.1,126.68256,37.24455
다사2717,night,0.08039,0.011,-0.8735,-0.7975,-0.0355,mid,0.0,3,0,0,0.05,0.0,13.0,0.0,0.0,송산면,-0.0355,-0.0761,0.16078,0,DRT,31240360,면,8.04,1.1,3.2,41590-60062,880.0,126.68246,37.25357
다사2718,night,0.0,0.011,-1.1911,-0.7975,-0.0,mid,0.0,3,0,0,0.05,0.0,0.0,0.0,0.0,송산면,-0.0,-0.3936,0.0,0,DRT,31240360,면,0.0,1.1,0.0,41590-60062,1374.7,126.68236,37.26258
다사2720,night,0.0,0.011,-1.1911,-0.7975,-0.0,mid,0.0,3,0,0,0.05,0.0,0.0,3.0,0.0,송산면,-0.0,-0.3936,0.0,0,DRT,31240360,면,0.0,1.1,0.0,41590-60062,3181.4,126.68217,37.28061
다사2802,night,0.393516,0.315242,0.3632,0.4308,-0.0676,mid,0.0,3,3,3,0.209,1.775,149.0,148.0,0.1879,서신면,-0.0676,-0.0676,0.38077,2,NEW_STOP,31240370,면,39.35,31.52,37.2,41590-37220,474.6,126.69517,37.11844
다사2803,night,0.286308,0.516583,-0.0603,1.2436,-1.3039,mid,0.0,0,3,4,0.5772,3.379,240.0,52.0,0.3,서신면,-1.3039,-1.3039,0.44066,3,ADD_FREQ,31240370,면,28.63,51.66,60.0,41590-37670,253.7,126.69507,37.12746
다사2804,night,0.292404,0.498976,-0.0362,1.1726,-1.2087,mid,0.0,0,3,4,0.4378,3.601,323.0,129.0,0.2693,서신면,-1.2087,-1.2087,0.47833,3,NEW_STOP,31240370,면,29.24,49.9,80.8,41590-37482,337.3,126.69498,37.13647
다사2805,night,0.177026,0.194807,-0.4919,-0.0554,-0.3408,mid,0.0,2,1,3,0.0682,0.977,93.0,18.0,0.4516,서신면,-0.3408,-0.4364,0.33308,1,DRT,31240370,면,17.7,19.48,23.2,41590-36840,559.1,126.69488,37.14548
다사2806,night,0.168035,0.175795,-0.5274,-0.1322,-0.2983,mid,0.0,2,1,3,0.1848,0.669,69.0,552.0,0.2609,서신면,-0.2983,-0.3952,0.30446,1,NEW_STOP,31240370,면,16.8,17.58,17.2,41590-55209,489.1,126.69479,37.1545
다사2807,night,0.213878,0.011,-0.3463,-0.7975,0.3983,mid,0.0,4,2,0,0.05,0.0,223.0,89.0,0.4036,서신면,0.3983,0.4512,0.42567,2,DRT,31240370,면,21.39,1.1,55.8,41590-60102,570.7,126.69469,37.16351
다사2808,night,0.388292,0.200237,0.3425,-0.0335,0.3761,mid,0.0,4,3,3,0.9102,0.0,340.0,449.0,0.2647,서신면,0.3761,0.3761,0.47785,3,ADD_FREQ,31240370,면,38.83,20.02,85.0,41590-37031,53.9,126.6946,37.17252
다사2809,night,0.206309,0.06336,-0.3762,-0.5861,0.181,drt,0.0,3,2,1,0.288,0.0,183.0,85.0,0.3825,서신면,0.181,0.2099,0.39639,2,NEW_STOP,31240370,면,20.63,6.34,45.8,41590-36491,427.2,126.6945,37.18154
다사2810,night,0.214194,0.140103,-0.3451,-0.2763,-0.0608,mid,0.0,3,2,2,0.6368,0.0,143.0,106.0,0.4895,서신면,-0.0608,-0.0688,0.37223,2,ADD_FREQ,31240370,면,21.42,14.01,35.8,41590-37371,217.9,126.69441,37.19055
다사2811,night,0.19453,0.093317,-0.4227,-0.4652,0.0352,drt,0.0,3,1,2,0.4242,0.0,120.0,149.0,0.3,서신면,0.0352,0.0424,0.36386,2,NEW_STOP,31240370,면,19.45,9.33,30.0,41590-37923,345.5,126.69431,37.19956
다사2812,night,0.104927,0.011,-0.7766,-0.7975,0.0116,mid,0.0,3,0,0,0.05,0.0,33.0,262.0,0.0,송산면,0.0116,0.0209,0.20985,0,DRT,31240360,면,10.49,1.1,8.2,41590-37362,1121.4,126.69421,37.20858
다사2813,night,0.294723,0.052617,-0.027,-0.6295,0.6025,mid,0.0,4,3,1,0.2392,0.0,392.0,1359.0,0.0918,송산면,0.6025,0.6025,0.52731,3,NEW_STOP,31240360,면,29.47,5.26,98.0,41590-36496,456.5,126.69412,37.21759
다사2814,night,0.258276,0.046383,-0.171,-0.6546,0.4827,mid,0.0,4,2,1,0.2108,0.0,191.0,376.0,0.3403,송산면,0.4827,0.4837,0.41395,2,NEW_STOP,31240360,면,25.83,4.64,47.8,41590-55197,473.5,126.69402,37.2266
다사2815,night,0.192977,0.018627,-0.4289,-0.7667,0.279,drt,0.0,4,1,1,0.0847,0.0,118.0,123.0,0.4576,송산면,0.279,0.3378,0.3566,1,DRT,31240360,면,19.3,1.86,29.5,41590-55862,549.2,126.69393,37.23562
다사2816,night,0.156548,0.036447,-0.5728,-0.6948,0.0879,mid,0.0,3,1,1,0.1657,0.0,73.0,11.0,0.5068,송산면,0.0879,0.122,0.29319,1,NEW_STOP,31240360,면,15.65,3.64,18.2,41590-60065,500.6,126.69383,37.24463
다사2817,night,0.256242,0.17083,-0.179,-0.1522,-0.0266,mid,0.0,3,2,3,0.7765,0.0,317.0,28.0,0.3407,송산면,-0.0266,-0.0268,0.46915,3,ADD_FREQ,31240360,면,25.62,17.08,79.2,41590-60062,134.1,126.69373,37.25364
다사2818,night,0.0,0.011,-1.1911,-0.7975,-0.0,mid,0.0,3,0,0,0.05,0.0,0.0,0.0,0.0,송산면,-0.0,-0.3936,0.0,0,DRT,31240360,면,0.0,1.1,0.0,41590-60062,1064.8,126.69364,37.26266
다사2819,night,0.0,0.011,-1.1911,-0.7975,-0.0,mid,0.0,3,0,0,0.05,0.0,0.0,0.0,0.0,송산면,-0.0,-0.3936,0.0,0,DRT,31240360,면,0.0,1.1,0.0,41590-60062,2061.0,126.69354,37.27167
다사2903,night,0.038052,0.011,-1.0408,-0.7975,-0.0699,mid,0.0,3,0,0,0.05,0.0,5.0,0.0,1.0,서신면,-0.0699,-0.2433,0.0761,0,DRT,31240370,면,3.81,1.1,1.2,41590-55216,1054.4,126.70633,37.12753
다사2904,night,0.221999,0.410977,-0.3142,0.8173,-1.0235,mid,0.0,1,2,4,0.2742,2.778,158.0,38.0,0.443,서신면,-1.0235,-1.1315,0.3842,2,NEW_STOP,31240370,면,22.2,41.1,39.5,41590-36765,435.5,126.70624,37.13655
다사2905,night,0.212029,0.442727,-0.3536,0.9455,-1.1405,mid,0.0,1,2,4,0.6105,2.219,173.0,32.0,0.4162,서신면,-1.1405,-1.2991,0.39042,2,ADD_FREQ,31240370,면,21.2,44.27,43.2,41590-55138,233.7,126.70614,37.14556
다사2906,night,0.20149,0.528291,-0.3953,1.2909,-1.432,mid,0.0,0,2,4,0.5998,3.492,118.0,77.0,0.4407,서신면,-1.432,-1.6862,0.34336,1,ADD_FREQ,31240370,면,20.15,52.83,29.5,41590-55222,240.1,126.70605,37.15457
다사2907,night,0.45266,0.736416,0.5968,2.1311,-1.5344,ok,0.0,0,3,4,0.7335,7.844,461.0,460.0,0.2668,서신면,-1.5344,-1.5344,0.52347,3,ADD_FREQ,31240370,면,45.27,73.64,115.2,41590-55214,159.9,126.70595,37.16359
다사2908,night,0.570047,0.683097,1.0604,1.9159,-0.8555,ok,0.0,1,4,4,0.8543,5.533,945.0,270.0,0.2392,서신면,-0.8555,-0.8555,0.62665,4,ADD_FREQ,31240370,면,57.0,68.31,236.2,41590-36495,87.4,126.70586,37.1726
다사2909,night,0.334646,0.634381,0.1307,1.7192,-1.5885,mid,0.0,0,3,4,0.7902,4.73,200.0,174.0,0.325,서신면,-1.5885,-1.5885,0.40588,2,ADD_FREQ,31240370,면,33.46,63.44,50.0,41590-37048,125.9,126.70577,37.18161
다사2910,night,0.194987,0.127128,-0.4209,-0.3287,-0.0767,mid,0.0,3,1,2,0.05,0.553,104.0,138.0,0.375,서신면,-0.0767,-0.0923,0.3364,1,DRT,31240370,면,19.5,12.71,26.0,41590-37061,699.3,126.70567,37.19063
다사2911,night,0.180365,0.16522,-0.4787,-0.1749,-0.2401,mid,0.0,3,1,2,0.751,0.0,118.0,85.0,0.5508,송산면,-0.2401,-0.3038,0.34363,1,ADD_FREQ,31240360,면,18.04,16.52,29.5,41590-37455,149.4,126.70558,37.19964
다사2912,night,0.147573,0.011,-0.6082,-0.7975,0.1313,mid,0.0,3,1,0,0.05,0.0,68.0,147.0,0.4559,송산면,0.1313,0.1893,0.29491,1,DRT,31240360,면,14.76,1.1,17.0,41590-37364,775.8,126.70548,37.20865
다사2913,night,0.188815,0.011,-0.4453,-0.7975,0.2867,drt,0.0,4,1,0,0.05,0.0,148.0,131.0,0.3514,송산면,0.2867,0.3522,0.37301,2,DRT,31240360,면,18.88,1.1,37.0,41590-55203,702.7,126.70539,37.21767
다사2914,night,0.25022,0.11506,-0.2028,-0.3774,0.1707,mid,0.0,3,2,2,0.523,0.0,223.0,184.0,0.2466,송산면,0.1707,0.1746,0.42223,2,ADD_FREQ,31240360,면,25.02,11.51,55.8,41590-37046,286.2,126.70529,37.22668
다사2915,night,0.156959,0.109633,-0.5711,-0.3993,-0.1241,mid,0.0,3,1,2,0.4983,0.0,78.0,32.0,0.5641,송산면,-0.1241,-0.1718,0.30032,1,NEW_STOP,31240360,면,15.7,10.96,19.5,41590-60003,301.0,126.7052,37.23569
다사2916,night,0.184308,0.05555,-0.4631,-0.6176,0.1238,drt,0.0,3,1,1,0.2525,0.0,118.0,19.0,0.4407,송산면,0.1238,0.1545,0.34765,1,NEW_STOP,31240360,면,18.43,5.55,29.5,41590-60005,448.5,126.7051,37.24471
다사2917,night,0.16898,0.011,-0.5237,-0.7975,0.2074,drt,0.0,3,1,0,0.05,0.0,113.0,3.0,0.3717,송산면,0.2074,0.2738,0.33796,1,DRT,31240360,면,16.9,1.1,28.2,41590-60077,924.9,126.70501,37.25372
다사2918,night,0.022829,0.011,-1.1009,-0.7975,-0.0626,mid,0.0,3,0,0,0.05,0.0,5.0,0.0,0.0,송산면,-0.0626,-0.3034,0.04566,0,DRT,31240360,면,2.28,1.1,1.2,41590-60061,1530.2,126.70491,37.26273
다사2919,night,0.0,0.011,-1.1911,-0.7975,-0.0,mid,0.0,3,0,0,0.05,0.0,0.0,0.0,0.0,송산면,-0.0,-0.3936,0.0,0,DRT,31240360,면,0.0,1.1,0.0,41590-60062,2343.7,126.70482,37.27175
다사3003,night,0.0,0.011,-1.1911,-0.7975,-0.0,mid,0.0,3,0,0,0.05,0.0,0.0,0.0,0.0,서신면,-0.0,-0.3936,0.0,0,DRT,31240370,면,0.0,1.1,0.0,41590-55218,1821.3,126.71759,37.12761
다사3004,night,0.06288,0.011,-0.9427,-0.7975,-0.0579,mid,0.0,3,0,0,0.05,0.0,18.0,3.0,0.5556,서신면,-0.0579,-0.1452,0.12576,0,DRT,31240370,면,6.29,1.1,4.5,41590-36765,1172.7,126.7175,37.13662
다사3005,night,0.147835,0.011,-0.6072,-0.7975,0.1322,mid,0.0,3,1,0,0.05,0.0,73.0,61.0,0.5068,서신면,0.1322,0.1903,0.29567,1,DRT,31240370,면,14.78,1.1,18.2,41590-37577,598.8,126.7174,37.14564
다사3006,night,0.145295,0.14102,-0.6172,-0.2726,-0.2366,mid,0.0,3,1,2,0.641,0.0,73.0,14.0,0.6027,서신면,-0.2366,-0.3446,0.28989,1,ADD_FREQ,31240370,면,14.53,14.1,18.2,41590-37577,215.4,126.71731,37.15465
다사3007,night,0.201377,0.04653,-0.3957,-0.654,0.2193,drt,0.0,3,2,1,0.2115,0.0,186.0,348.0,0.2204,서신면,0.2193,0.2584,0.40275,2,NEW_STOP,31240370,면,20.14,4.65,46.5,41590-37931,473.1,126.71722,37.16366
다사3008,night,0.174414,0.011,-0.5022,-0.7975,0.2283,drt,0.0,3,1,0,0.05,0.0,123.0,11.0,0.3821,서신면,0.2283,0.2953,0.34883,1,DRT,31240370,면,17.44,1.1,30.8,41590-37398,754.5,126.71712,37.17268
다사3009,night,0.216035,0.048787,-0.3378,-0.6449,0.2729,mid,0.0,4,2,1,0.05,0.154,175.0,344.0,0.28,마도면,0.2729,0.3071,0.40437,2,DRT,31240350,면,21.6,4.88,43.8,41590-55360,574.8,126.71703,37.18169
다사3010,night,0.261026,0.504166,-0.1601,1.1935,-1.3536,mid,0.0,0,2,4,0.5765,3.18,103.0,200.0,0.4272,서신면,-1.3536,-1.3536,0.35598,1,ADD_FREQ,31240370,면,26.1,50.42,25.8,41590-36767,254.1,126.71694,37.1907
다사3011,night,0.302557,0.301228,0.0039,0.3742,-0.3703,mid,0.0,2,3,3,0.2557,1.531,173.0,60.0,0.4624,송산면,-0.3703,-0.3703,0.39189,2,NEW_STOP,31240360,면,30.26,30.12,43.2,41590-36357,446.6,126.71684,37.19972
다사3012,night,0.217993,0.147158,-0.3301,-0.2478,-0.0735,mid,0.0,3,2,2,0.5788,0.078,226.0,247.0,0.3319,송산면,-0.0735,-0.0823,0.42773,2,ADD_FREQ,31240360,면,21.8,14.72,56.5,41590-37366,252.7,126.71675,37.20873
다사3013,night,0.222169,0.19811,-0.3136,-0.0421,-0.2457,mid,0.0,3,2,3,0.9005,0.0,170.0,548.0,0.1824,송산면,-0.2457,-0.2715,0.40275,2,ADD_FREQ,31240360,면,22.22,19.81,42.5,41590-55204,59.7,126.71666,37.21774
다사3014,night,0.196225,0.1342,-0.416,-0.3001,-0.0968,mid,0.0,3,1,2,0.61,0.0,173.0,193.0,0.3468,송산면,-0.0968,-0.1159,0.38944,2,ADD_FREQ,31240360,면,19.62,13.42,43.2,41590-60002,234.0,126.71657,37.22676
다사3015,night,0.139541,0.011,-0.6399,-0.7975,0.1054,mid,0.0,3,1,0,0.05,0.0,58.0,5.0,0.5345,송산면,0.1054,0.1576,0.27908,1,DRT,31240360,면,13.95,1.1,14.5,41590-37608,803.2,126.71647,37.23577
다사3016,night,0.178239,0.011,-0.4871,-0.7975,0.2434,drt,0.0,3,1,0,0.05,0.0,128.0,5.0,0.4688,송산면,0.2434,0.3104,0.35648,1,DRT,31240360,면,17.82,1.1,32.0,41590-60005,1325.9,126.71638,37.24478
다사3017,night,0.163181,0.011,-0.5466,-0.7975,0.1858,drt,0.0,3,1,0,0.05,0.0,98.0,5.0,0.5306,송산면,0.1858,0.2509,0.32636,1,DRT,31240360,면,16.32,1.1,24.5,41590-60060,1731.4,126.71629,37.25379
다사3018,night,0.0,0.011,-1.1911,-0.7975,-0.0,mid,0.0,3,0,0,0.05,0.0,0.0,0.0,0.0,송산면,-0.0,-0.3936,0.0,0,DRT,31240360,면,0.0,1.1,0.0,41590-60061,2301.3,126.71619,37.26281
다사3019,night,0.0,0.011,-1.1911,-0.7975,-0.0,mid,0.0,3,0,0,0.05,0.0,0.0,0.0,0.0,송산면,-0.0,-0.3936,0.0,0,DRT,31240360,면,0.0,1.1,0.0,41590-60061,2941.7,126.7161,37.27182
다사3100,night,0.0,0.011,-1.1911,-0.7975,-0.0,mid,0.0,3,0,0,0.05,0.0,0.0,0.0,0.0,우정읍,-0.0,-0.3936,0.0,0,DRT,31240130,읍,0.0,1.1,0.0,41590-36991,1914.5,126.72912,37.10064
다사3101,night,0.0,0.011,-1.1911,-0.7975,-0.0,mid,0.0,3,0,0,0.05,0.0,0.0,0.0,0.0,우정읍,-0.0,-0.3936,0.0,0,DRT,31240130,읍,0.0,1.1,0.0,41590-37220,2751.6,126.72903,37.10966
다사3102,night,0.0,0.011,-1.1911,-0.7975,-0.0,mid,0.0,3,0,0,0.05,0.0,0.0,0.0,0.0,우정읍,-0.0,-0.3936,0.0,0,DRT,31240130,읍,0.0,1.1,0.0,41590-55218,3230.3,126.72894,37.11867
다사3104,night,0.126468,0.011,-0.6916,-0.7975,0.0665,mid,0.0,3,1,0,0.05,0.0,38.0,5.0,0.5263,서신면,0.0665,0.1059,0.25294,1,DRT,31240370,면,12.65,1.1,9.5,41590-37577,1998.6,126.72875,37.1367
다사3105,night,0.068167,0.011,-0.9218,-0.7975,-0.0522,mid,0.0,3,0,0,0.05,0.0,13.0,0.0,0.3846,서신면,-0.0522,-0.1243,0.13633,0,DRT,31240370,면,6.82,1.1,3.2,41590-60009,1210.0,126.72866,37.14571
다사3106,night,0.217234,0.088733,-0.3331,-0.4837,0.1343,mid,0.0,3,2,2,0.4033,0.0,234.0,84.0,0.5684,서신면,0.1343,0.1506,0.43215,2,NEW_STOP,31240370,면,21.72,8.87,58.5,41590-60079,358.0,126.72857,37.15472
다사3107,night,0.168362,0.10835,-0.5261,-0.4045,-0.0919,drt,0.0,3,1,2,0.4925,0.0,108.0,43.0,0.4537,서신면,-0.0919,-0.1216,0.33626,1,NEW_STOP,31240370,면,16.84,10.84,27.0,41590-37635,304.5,126.72848,37.16374
다사3108,night,0.159256,0.011,-0.5621,-0.7975,0.1716,mid,0.0,3,1,0,0.05,0.0,88.0,8.0,0.3864,서신면,0.1716,0.2354,0.31851,1,DRT,31240370,면,15.93,1.1,22.0,41590-37824,928.3,126.72839,37.17275
다사3109,night,0.17448,0.011,-0.5019,-0.7975,0.2286,drt,0.0,3,1,0,0.05,0.0,97.0,214.0,0.1856,마도면,0.2286,0.2956,0.34896,1,DRT,31240350,면,17.45,1.1,24.2,41590-55360,1518.1,126.7283,37.18176
다사3110,night,0.184652,0.011,-0.4618,-0.7975,0.2694,drt,0.0,4,1,0,0.05,0.0,123.0,65.0,0.374,마도면,0.2694,0.3357,0.3693,2,DRT,31240350,면,18.47,1.1,30.8,41590-36357,969.4,126.7282,37.19078
다사3111,night,0.42211,0.323496,0.4761,0.4641,0.012,mid,0.0,3,3,3,0.2238,1.828,778.0,204.0,0.1594,마도면,0.012,0.012,0.59951,4,NEW_STOP,31240350,면,42.21,32.35,194.5,41590-37069,465.7,126.72811,37.19979
다사3112,night,0.561974,0.706313,1.0285,2.0096,-0.9811,ok,0.0,1,4,4,0.8807,5.979,443.0,558.0,0.2257,송산면,-0.9811,-0.9811,0.51685,3,ADD_FREQ,31240360,면,56.2,70.63,110.8,41590-37370,71.6,126.72802,37.2088
다사3113,night,0.560825,0.222762,1.024,0.0574,0.9666,need,1.43193,5,4,3,0.423,0.635,1377.0,526.0,0.2012,송산면,0.9666,0.9666,0.68288,4,NEW_STOP,31240360,면,56.08,22.28,344.2,41590-55206,346.2,126.72793,37.21782
다사3114,night,0.223989,0.20999,-0.3064,0.0059,-0.2841,mid,0.0,2,2,3,0.9545,0.0,219.0,642.0,0.2237,송산면,-0.2841,-0.3123,0.44017,2,ADD_FREQ,31240360,면,22.4,21.0,54.8,41590-60074,27.3,126.72784,37.22683
다사3115,night,0.224251,0.130973,-0.3054,-0.3131,0.0071,mid,0.0,3,2,2,0.5953,0.0,244.0,90.0,0.3279,송산면,0.0071,0.0078,0.43912,2,ADD_FREQ,31240360,면,22.43,13.1,61.0,41590-37079,242.8,126.72774,37.23584
다사3116,night,0.021763,0.011,-1.1051,-0.7975,-0.0615,mid,0.0,3,0,0,0.05,0.0,5.0,0.0,0.0,송산면,-0.0615,-0.3076,0.04353,0,DRT,31240360,면,2.18,1.1,1.2,41590-37401,1121.6,126.72765,37.24486
다사3117,night,0.058159,0.011,-0.9614,-0.7975,-0.0621,mid,0.0,3,0,0,0.05,0.0,8.0,0.0,0.625,송산면,-0.0621,-0.1639,0.11632,0,DRT,31240360,면,5.82,1.1,2.0,41590-37401,1604.0,126.72756,37.25387
다사3118,night,0.0,0.011,-1.1911,-0.7975,-0.0,mid,0.0,3,0,0,0.05,0.0,0.0,0.0,0.0,송산면,-0.0,-0.3936,0.0,0,DRT,31240360,면,0.0,1.1,0.0,41590-37096,2274.6,126.72747,37.26288
다사3119,night,0.0,0.011,-1.1911,-0.7975,-0.0,mid,0.0,3,0,0,0.05,0.0,0.0,0.0,0.0,송산면,-0.0,-0.3936,0.0,0,DRT,31240360,면,0.0,1.1,0.0,41590-37096,3062.5,126.72738,37.2719
다사3121,night,0.0,0.011,-1.1911,-0.7975,-0.0,mid,0.0,3,0,0,0.05,0.0,0.0,0.0,0.0,송산면,-0.0,-0.3936,0.0,0,DRT,31240360,면,0.0,1.1,0.0,41590-37096,4876.6,126.72719,37.28992
다사3200,night,0.0,0.011,-1.1911,-0.7975,-0.0,mid,0.0,3,0,0,0.05,0.0,0.0,0.0,0.0,우정읍,-0.0,-0.3936,0.0,0,DRT,31240130,읍,0.0,1.1,0.0,41590-36991,2598.5,126.74037,37.10071
다사3201,night,0.0,0.011,-1.1911,-0.7975,-0.0,mid,0.0,3,0,0,0.05,0.0,0.0,0.0,0.0,우정읍,-0.0,-0.3936,0.0,0,DRT,31240130,읍,0.0,1.1,0.0,41590-36866,2943.3,126.74028,37.10973
다사3202,night,0.0,0.011,-1.1911,-0.7975,-0.0,mid,0.0,3,0,0,0.05,0.0,0.0,0.0,0.0,우정읍,-0.0,-0.3936,0.0,0,DRT,31240130,읍,0.0,1.1,0.0,41590-36866,2837.2,126.74019,37.11874
다사3203,night,0.0,0.011,-1.1911,-0.7975,-0.0,mid,0.0,3,0,0,0.05,0.0,0.0,0.0,0.0,우정읍,-0.0,-0.3936,0.0,0,DRT,31240130,읍,0.0,1.1,0.0,41590-36866,3072.0,126.7401,37.12776
다사3206,night,0.103896,0.011,-0.7807,-0.7975,0.0093,mid,0.0,3,0,0,0.05,0.0,38.0,11.0,0.2105,서신면,0.0093,0.0168,0.20779,0,DRT,31240370,면,10.39,1.1,9.5,41590-60079,1089.7,126.73983,37.1548
다사3207,night,0.168271,0.106957,-0.5265,-0.4101,-0.0879,drt,0.0,3,1,2,0.4862,0.0,113.0,325.0,0.3274,서신면,-0.0879,-0.1164,0.33654,1,NEW_STOP,31240370,면,16.83,10.7,28.2,41590-37635,308.3,126.73974,37.16381
다사3208,night,0.179896,0.011,-0.4805,-0.7975,0.2501,drt,0.0,4,1,0,0.05,0.0,133.0,77.0,0.3534,마도면,0.2501,0.317,0.35979,2,DRT,31240350,면,17.99,1.1,33.2,41590-37635,608.2,126.73965,37.17282
다사3209,night,0.162644,0.011,-0.5487,-0.7975,0.1838,drt,0.0,3,1,0,0.05,0.0,103.0,40.0,0.4078,마도면,0.1838,0.2488,0.32529,1,DRT,31240350,면,16.26,1.1,25.8,41590-55456,895.0,126.73956,37.18184
다사3210,night,0.220698,0.266689,-0.3194,0.2348,-0.4993,mid,0.0,2,2,3,0.5255,0.773,234.0,417.0,0.2735,마도면,-0.4993,-0.5542,0.43884,2,ADD_FREQ,31240350,면,22.07,26.67,58.5,41590-55456,284.7,126.73947,37.19085
다사3211,night,0.16465,0.181991,-0.5408,-0.1072,-0.3229,mid,0.0,2,1,3,0.05,0.912,113.0,56.0,0.5044,마도면,-0.3229,-0.4336,0.32652,1,DRT,31240350,면,16.46,18.2,28.2,41590-55458,591.9,126.73938,37.19986
다사3212,night,0.605159,0.397268,1.1991,0.7619,0.4371,mid,0.0,4,4,4,0.2868,2.549,555.0,626.0,0.2216,송산면,0.4371,0.4371,0.55223,3,NEW_STOP,31240360,면,60.52,39.73,138.8,41590-37088,427.9,126.73929,37.20888
다사3213,night,0.665561,0.30606,1.4377,0.3937,1.0439,need,1.67907,5,4,3,0.2635,1.561,2788.0,651.0,0.2156,송산면,1.0439,1.0439,0.78305,4,NEW_STOP,31240360,면,66.56,30.61,697.0,41590-37089,441.9,126.7392,37.21789
다사3214,night,0.147901,0.011,-0.6069,-0.7975,0.1324,mid,0.0,3,1,0,0.05,0.0,68.0,89.0,0.3382,송산면,0.1324,0.1906,0.2951,1,DRT,31240360,면,14.79,1.1,17.0,41590-36746,631.3,126.73911,37.2269
다사3215,night,0.225375,0.125987,-0.3009,-0.3333,0.0296,mid,0.0,3,2,2,0.5727,0.0,249.0,226.0,0.3614,송산면,0.0296,0.0324,0.44204,3,ADD_FREQ,31240360,면,22.54,12.6,62.2,41590-60052,256.4,126.73902,37.23592
다사3216,night,0.185737,0.149527,-0.4575,-0.2382,-0.1766,mid,0.0,3,1,2,0.6797,0.0,133.0,16.0,0.4511,송산면,-0.1766,-0.2192,0.3648,2,ADD_FREQ,31240360,면,18.57,14.95,33.2,41590-37401,192.2,126.73893,37.24493
다사3217,night,0.0,0.011,-1.1911,-0.7975,-0.0,mid,0.0,3,0,0,0.05,0.0,0.0,0.0,0.0,송산면,-0.0,-0.3936,0.0,0,DRT,31240360,면,0.0,1.1,0.0,41590-37096,860.3,126.73884,37.25394
다사3218,night,0.0,0.011,-1.1911,-0.7975,-0.0,mid,0.0,3,0,0,0.05,0.0,0.0,0.0,0.0,송산면,-0.0,-0.3936,0.0,0,DRT,31240360,면,0.0,1.1,0.0,41590-37096,1716.0,126.73875,37.26296
다사3219,night,0.0,0.011,-1.1911,-0.7975,-0.0,mid,0.0,3,0,0,0.05,0.0,0.0,0.0,0.0,송산면,-0.0,-0.3936,0.0,0,DRT,31240360,면,0.0,1.1,0.0,41590-37096,2673.5,126.73865,37.27197
다사3220,night,0.036753,0.011,-1.0459,-0.7975,-0.0698,mid,0.0,3,0,0,0.05,0.0,8.0,3.0,0.0,송산면,-0.0698,-0.2484,0.07351,0,DRT,31240360,면,3.68,1.1,2.0,41590-37096,3653.4,126.73856,37.28098
다사3221,night,0.0,0.011,-1.1911,-0.7975,-0.0,mid,0.0,3,0,0,0.05,0.0,0.0,0.0,0.0,송산면,-0.0,-0.3936,0.0,0,DRT,31240360,면,0.0,1.1,0.0,41590-37096,4641.8,126.73847,37.28999
다사3300,night,0.0,0.011,-1.1911,-0.7975,-0.0,mid,0.0,3,0,0,0.05,0.0,0.0,0.0,0.0,우정읍,-0.0,-0.3936,0.0,0,DRT,31240130,읍,0.0,1.1,0.0,41590-36967,2308.2,126.75162,37.10079
다사3301,night,0.0,0.011,-1.1911,-0.7975,-0.0,mid,0.0,3,0,0,0.05,0.0,0.0,0.0,0.0,우정읍,-0.0,-0.3936,0.0,0,DRT,31240130,읍,0.0,1.1,0.0,41590-36866,2000.0,126.75154,37.1098
다사3302,night,0.0,0.011,-1.1911,-0.7975,-0.0,mid,0.0,3,0,0,0.05,0.0,0.0,0.0,0.0,우정읍,-0.0,-0.3936,0.0,0,DRT,31240130,읍,0.0,1.1,0.0,41590-36866,1840.3,126.75145,37.11881
다사3303,night,0.0,0.011,-1.1911,-0.7975,-0.0,mid,0.0,3,0,0,0.05,0.0,0.0,0.0,0.0,우정읍,-0.0,-0.3936,0.0,0,DRT,31240130,읍,0.0,1.1,0.0,41590-36866,2185.1,126.75136,37.12783
다사3304,night,0.0,0.011,-1.1911,-0.7975,-0.0,mid,0.0,3,0,0,0.05,0.0,0.0,0.0,0.0,우정읍,-0.0,-0.3936,0.0,0,DRT,31240130,읍,0.0,1.1,0.0,41590-36866,2856.7,126.75127,37.13684
다사3305,night,0.0,0.011,-1.1911,-0.7975,-0.0,mid,0.0,3,0,0,0.05,0.0,0.0,0.0,0.0,남양읍,-0.0,-0.3936,0.0,0,DRT,31240150,읍,0.0,1.1,0.0,41590-60079,2441.6,126.75118,37.14585
다사3308,night,0.17086,0.076303,-0.5162,-0.5338,0.0134,drt,0.0,3,1,2,0.3468,0.0,116.0,261.0,0.319,마도면,0.0134,0.0176,0.34172,1,NEW_STOP,31240350,면,17.09,7.63,29.0,41590-60025,391.9,126.75091,37.17289
다사3309,night,0.176297,0.192223,-0.4948,-0.0659,-0.334,mid,0.0,2,1,3,0.4298,0.448,118.0,28.0,0.3559,마도면,-0.334,-0.4289,0.34592,1,NEW_STOP,31240350,면,17.63,19.22,29.5,41590-36972,342.1,126.75083,37.18191
다사3310,night,0.215635,0.182314,-0.3394,-0.1059,-0.2073,mid,0.0,3,2,3,0.7287,0.087,223.0,624.0,0.1749,마도면,-0.2073,-0.2335,0.43104,2,ADD_FREQ,31240350,면,21.56,18.23,55.8,41590-55456,162.8,126.75074,37.19092
다사3311,night,0.206879,0.294534,-0.374,0.3472,-0.6231,mid,0.0,2,2,3,0.2682,1.442,193.0,185.0,0.2694,마도면,-0.6231,-0.7212,0.41074,2,NEW_STOP,31240350,면,20.69,29.45,48.2,41590-55457,439.1,126.75065,37.19993
다사3312,night,0.268007,0.332845,-0.1325,0.5019,-0.6344,mid,0.0,2,2,3,0.352,1.633,163.0,228.0,0.2577,마도면,-0.6344,-0.6344,0.38399,2,NEW_STOP,31240350,면,26.8,33.28,40.8,41590-37098,388.8,126.75056,37.20895
다사3313,night,0.201124,0.132214,-0.3967,-0.3081,-0.0751,mid,0.0,3,2,2,0.5345,0.057,180.0,12.0,0.4611,송산면,-0.0751,-0.0886,0.39648,2,ADD_FREQ,31240360,면,20.11,13.22,45.0,41590-37095,279.3,126.75047,37.21796
다사3314,night,0.144272,0.02717,-0.6212,-0.7322,0.0758,mid,0.0,3,1,1,0.1235,0.0,58.0,11.0,0.4483,송산면,0.0758,0.111,0.2853,1,DRT,31240360,면,14.43,2.72,14.5,41590-36743,525.9,126.75038,37.22697
다사3315,night,0.16205,0.038133,-0.551,-0.6879,0.1009,drt,0.0,3,1,1,0.1733,0.0,89.0,27.0,0.4157,송산면,0.1009,0.1369,0.32155,1,NEW_STOP,31240360,면,16.2,3.81,22.2,41590-37093,496.0,126.75029,37.23599
다사3316,night,0.20591,0.035933,-0.3778,-0.6968,0.2748,drt,0.0,4,2,1,0.1633,0.0,198.0,11.0,0.4293,송산면,0.2748,0.319,0.40266,2,NEW_STOP,31240360,면,20.59,3.59,49.5,41590-37090,502.0,126.7502,37.245
다사3317,night,0.124619,0.011,-0.6989,-0.7975,0.0613,mid,0.0,3,1,0,0.05,0.0,33.0,0.0,0.697,송산면,0.0613,0.0986,0.24645,1,DRT,31240360,면,12.46,1.1,8.2,41590-37096,713.1,126.75011,37.25401
다사3318,night,0.0,0.011,-1.1911,-0.7975,-0.0,mid,0.0,3,0,0,0.05,0.0,0.0,0.0,0.0,송산면,-0.0,-0.3936,0.0,0,DRT,31240360,면,0.0,1.1,0.0,41590-37096,1647.0,126.75002,37.26303
다사3319,night,0.0,0.011,-1.1911,-0.7975,-0.0,mid,0.0,3,0,0,0.05,0.0,0.0,0.0,0.0,송산면,-0.0,-0.3936,0.0,0,DRT,31240360,면,0.0,1.1,0.0,41590-37096,2629.4,126.74993,37.27204
다사3320,night,0.0,0.011,-1.1911,-0.7975,-0.0,mid,0.0,3,0,0,0.05,0.0,0.0,0.0,0.0,송산면,-0.0,-0.3936,0.0,0,DRT,31240360,면,0.0,1.1,0.0,41590-37096,3621.3,126.74984,37.28105
다사3400,night,0.0,0.011,-1.1911,-0.7975,-0.0,mid,0.0,3,0,0,0.05,0.0,0.0,3.0,0.0,우정읍,-0.0,-0.3936,0.0,0,DRT,31240130,읍,0.0,1.1,0.0,41590-36967,1353.2,126.76288,37.10086
다사3401,night,0.071218,0.011,-0.9098,-0.7975,-0.0485,mid,0.0,3,0,0,0.05,0.0,13.0,12.0,0.0,우정읍,-0.0485,-0.1123,0.14244,0,DRT,31240130,읍,7.12,1.1,3.2,41590-36866,1157.9,126.76279,37.10987
다사3402,night,0.112687,0.011,-0.746,-0.7975,0.03,mid,0.0,3,0,0,0.05,0.0,48.0,3.0,0.2708,우정읍,0.03,0.0515,0.22537,1,DRT,31240130,읍,11.27,1.1,12.0,41590-36866,852.8,126.7627,37.11888
다사3403,night,0.0,0.011,-1.1911,-0.7975,-0.0,mid,0.0,3,0,0,0.05,0.0,0.0,0.0,0.0,우정읍,-0.0,-0.3936,0.0,0,DRT,31240130,읍,0.0,1.1,0.0,41590-36866,1453.8,126.76262,37.1279
다사3404,night,0.0,0.011,-1.1911,-0.7975,-0.0,mid,0.0,3,0,0,0.05,0.0,0.0,0.0,0.0,우정읍,-0.0,-0.3936,0.0,0,DRT,31240130,읍,0.0,1.1,0.0,41590-36865,2276.9,126.76253,37.13691
다사3405,night,0.0,0.011,-1.1911,-0.7975,-0.0,mid,0.0,3,0,0,0.05,0.0,0.0,0.0,0.0,남양읍,-0.0,-0.3936,0.0,0,DRT,31240150,읍,0.0,1.1,0.0,41590-60023,2953.7,126.76244,37.14592
다사3407,night,0.088317,0.011,-0.8422,-0.7975,-0.0222,mid,0.0,3,0,0,0.05,0.0,29.0,441.0,0.0,마도면,-0.0222,-0.0448,0.17663,0,DRT,31240350,면,8.83,1.1,7.2,41590-60023,979.0,126.76227,37.16395
다사3408,night,0.429253,0.418477,0.5043,0.8476,-0.3432,mid,0.0,2,3,4,0.5385,2.118,320.0,1310.0,0.1125,마도면,-0.3432,-0.3432,0.49115,3,ADD_FREQ,31240350,면,42.93,41.85,80.0,41590-60023,276.9,126.76218,37.17296
다사3409,night,0.266617,0.593995,-0.138,1.5562,-1.6942,mid,0.0,0,2,4,0.4615,5.467,430.0,636.0,0.2279,마도면,-1.6942,-1.6942,0.51941,3,NEW_STOP,31240350,면,26.66,59.4,107.5,41590-55377,323.1,126.76209,37.18198
다사3410,night,0.279803,0.482383,-0.0859,1.1056,-1.1915,mid,0.0,1,3,4,0.669,2.563,457.0,907.0,0.2232,마도면,-1.1915,-1.1915,0.53149,3,ADD_FREQ,31240350,면,27.98,48.24,114.2,41590-55371,198.6,126.762,37.19099
다사3411,night,0.167986,0.011,-0.5276,-0.7975,0.2037,drt,0.0,3,1,0,0.05,0.0,98.0,101.0,0.3469,마도면,0.2037,0.2699,0.33597,1,DRT,31240350,면,16.8,1.1,24.5,41590-60109,746.1,126.76191,37.2
다사3412,night,0.306164,0.71721,0.0182,2.0536,-2.0354,mid,0.0,0,3,4,0.8338,6.563,159.0,400.0,0.3019,마도면,-2.0354,-2.0354,0.38213,2,ADD_FREQ,31240350,면,30.62,71.72,39.8,41590-55096,99.7,126.76183,37.20902
다사3413,night,0.157478,0.085178,-0.5691,-0.498,-0.0514,mid,0.0,3,1,2,0.38,0.006,91.0,257.0,0.4945,송산면,-0.0514,-0.0711,0.31426,1,NEW_STOP,31240360,면,15.75,8.52,22.8,41590-37099,372.0,126.76174,37.21803
다사3414,night,0.13289,0.06974,-0.6662,-0.5603,-0.0686,mid,0.0,3,1,2,0.317,0.0,63.0,162.0,0.5714,송산면,-0.0686,-0.1059,0.26392,1,NEW_STOP,31240360,면,13.29,6.97,15.8,41590-37560,409.8,126.76165,37.22704
다사3415,night,0.136294,0.011,-0.6528,-0.7975,0.0953,mid,0.0,3,1,0,0.05,0.0,48.0,78.0,0.6875,송산면,0.0953,0.1447,0.27259,1,DRT,31240360,면,13.63,1.1,12.0,41590-37560,791.0,126.76156,37.23606
다사3416,night,0.038052,0.011,-1.0408,-0.7975,-0.0699,mid,0.0,3,0,0,0.05,0.0,13.0,3.0,0.0,송산면,-0.0699,-0.2433,0.0761,0,DRT,31240360,면,3.81,1.1,3.2,41590-37096,1404.4,126.76148,37.24507
다사3417,night,0.0,0.011,-1.1911,-0.7975,-0.0,mid,0.0,3,0,0,0.05,0.0,0.0,0.0,0.0,송산면,-0.0,-0.3936,0.0,0,DRT,31240360,면,0.0,1.1,0.0,41590-37096,1506.7,126.76139,37.25408
다사3418,night,0.0,0.011,-1.1911,-0.7975,-0.0,mid,0.0,3,0,0,0.05,0.0,0.0,0.0,0.0,송산면,-0.0,-0.3936,0.0,0,DRT,31240360,면,0.0,1.1,0.0,41590-37096,2116.9,126.7613,37.2631
다사3419,night,0.0,0.011,-1.1911,-0.7975,-0.0,mid,0.0,3,0,0,0.05,0.0,0.0,0.0,0.0,송산면,-0.0,-0.3936,0.0,0,DRT,31240360,면,0.0,1.1,0.0,41590-37096,2946.5,126.76121,37.27211
다사3420,night,0.0,0.011,-1.1911,-0.7975,-0.0,mid,0.0,3,0,0,0.05,0.0,0.0,0.0,0.0,송산면,-0.0,-0.3936,0.0,0,DRT,31240360,면,0.0,1.1,0.0,41590-37096,3857.6,126.76112,37.28112
다사3500,night,0.216208,0.036117,-0.3371,-0.6961,0.3192,mid,0.0,4,2,1,0.1642,0.0,223.0,29.0,0.2691,우정읍,0.3192,0.359,0.42894,2,NEW_STOP,31240130,읍,21.62,3.61,55.8,41590-36966,501.5,126.77413,37.10093
다사3501,night,0.141411,0.02387,-0.6325,-0.7455,0.0762,mid,0.0,3,1,1,0.1085,0.0,58.0,3.0,0.3621,우정읍,0.0762,0.113,0.27866,1,DRT,31240130,읍,14.14,2.39,14.5,41590-36967,534.9,126.77404,37.10994
다사3502,night,0.30772,0.196937,0.0243,-0.0468,0.0711,mid,0.0,3,3,3,0.8952,0.0,408.0,29.0,0.3554,우정읍,0.0711,0.0711,0.50283,3,ADD_FREQ,31240130,읍,30.77,19.69,102.0,41590-36865,62.9,126.77396,37.11895
다사3503,night,0.201106,0.011,-0.3968,-0.7975,0.3399,drt,0.0,4,2,0,0.05,0.0,165.0,528.0,0.0606,우정읍,0.3399,0.4007,0.40221,2,DRT,31240130,읍,20.11,1.1,41.2,41590-36865,953.3,126.77387,37.12797
다사3504,night,0.0,0.011,-1.1911,-0.7975,-0.0,mid,0.0,3,0,0,0.05,0.0,0.0,0.0,0.0,우정읍,-0.0,-0.3936,0.0,0,DRT,31240130,읍,0.0,1.1,0.0,41590-36865,1941.0,126.77379,37.13698
다사3506,night,0.0,0.011,-1.1911,-0.7975,-0.0,mid,0.0,3,0,0,0.05,0.0,0.0,0.0,0.0,남양읍,-0.0,-0.3936,0.0,0,DRT,31240150,읍,0.0,1.1,0.0,41590-37668,1896.2,126.77361,37.15501
다사3507,night,0.167339,0.011,-0.5301,-0.7975,0.2012,drt,0.0,3,1,0,0.05,0.0,103.0,886.0,0.0,마도면,0.2012,0.2674,0.33468,1,DRT,31240350,면,16.73,1.1,25.8,41590-37668,897.0,126.77353,37.16402
다사3508,night,0.521244,0.512274,0.8677,1.2262,-0.3586,mid,0.0,2,4,4,0.8575,2.41,528.0,2260.0,0.0492,마도면,-0.3586,-0.3586,0.56203,3,ADD_FREQ,31240350,면,52.12,51.23,132.0,41590-55426,85.5,126.77344,37.17303
다사3509,night,0.216618,0.223288,-0.3355,0.0596,-0.3517,mid,0.0,2,2,3,0.05,1.236,209.0,597.0,0.1722,마도면,-0.3517,-0.3951,0.43207,2,DRT,31240350,면,21.66,22.33,52.2,41590-55264,597.7,126.77336,37.18205
다사3510,night,0.227724,0.011,-0.2916,-0.7975,0.4652,mid,0.0,4,2,0,0.05,0.0,239.0,884.0,0.1088,마도면,0.4652,0.5059,0.45545,3,DRT,31240350,면,22.77,1.1,59.8,41590-55265,849.1,126.77327,37.19106
다사3511,night,0.368742,0.486907,0.2653,1.1238,-0.8585,mid,0.0,1,3,4,0.9323,1.91,794.0,248.0,0.2103,마도면,-0.8585,-0.8585,0.60198,4,ADD_FREQ,31240350,면,36.87,48.69,198.5,41590-60066,40.6,126.77318,37.20007
다사3512,night,0.651884,0.6301,1.3836,1.7019,-0.3183,ok,0.0,2,4,4,0.5782,5.728,1207.0,683.0,0.1558,마도면,-0.3183,-0.3183,0.66325,4,ADD_FREQ,31240350,면,65.19,63.01,301.8,41590-37105,253.1,126.7731,37.20909
다사3513,night,0.141422,0.011,-0.6325,-0.7975,0.1113,mid,0.0,3,1,0,0.05,0.0,58.0,313.0,0.0,송산면,0.1113,0.165,0.28284,1,DRT,31240360,면,14.14,1.1,14.5,41590-36609,676.0,126.77301,37.2181
다사3514,night,0.0,0.011,-1.1911,-0.7975,-0.0,mid,0.0,3,0,0,0.05,0.0,0.0,339.0,0.0,송산면,-0.0,-0.3936,0.0,0,DRT,31240360,면,0.0,1.1,0.0,41590-37560,1075.8,126.77292,37.22711
다사3515,night,0.0,0.011,-1.1911,-0.7975,-0.0,mid,0.0,3,0,0,0.05,0.0,0.0,0.0,0.0,송산면,-0.0,-0.3936,0.0,0,DRT,31240360,면,0.0,1.1,0.0,41590-37560,1496.9,126.77284,37.23613
다사3516,night,0.0,0.011,-1.1911,-0.7975,-0.0,mid,0.0,3,0,0,0.05,0.0,0.0,0.0,0.0,송산면,-0.0,-0.3936,0.0,0,DRT,31240360,면,0.0,1.1,0.0,41590-60095,1364.6,126.77275,37.24514
다사3517,night,0.0,0.011,-1.1911,-0.7975,-0.0,mid,0.0,3,0,0,0.05,0.0,0.0,0.0,0.0,송산면,-0.0,-0.3936,0.0,0,DRT,31240360,면,0.0,1.1,0.0,41590-60095,1491.9,126.77266,37.25415
다사3518,night,0.0,0.011,-1.1911,-0.7975,-0.0,mid,0.0,3,0,0,0.05,0.0,0.0,0.0,0.0,송산면,-0.0,-0.3936,0.0,0,DRT,31240360,면,0.0,1.1,0.0,41590-60095,2142.3,126.77258,37.26317
다사3519,night,0.0,0.011,-1.1911,-0.7975,-0.0,mid,0.0,3,0,0,0.05,0.0,0.0,0.0,0.0,송산면,-0.0,-0.3936,0.0,0,DRT,31240360,면,0.0,1.1,0.0,41590-36538,2924.5,126.77249,37.27218
다사3600,night,0.289667,0.188687,-0.047,-0.0801,0.0332,mid,0.0,3,3,3,0.8577,0.0,384.0,28.0,0.3594,우정읍,0.0332,0.0332,0.49781,3,ADD_FREQ,31240130,읍,28.97,18.87,96.0,41590-36889,85.4,126.78538,37.10099
다사3601,night,0.243815,0.022513,-0.2281,-0.751,0.5027,mid,0.0,4,2,1,0.1023,0.0,288.0,24.0,0.2951,우정읍,0.5027,0.5229,0.46243,3,DRT,31240130,읍,24.38,2.25,72.0,41590-37829,538.6,126.7853,37.11001
다사3602,night,0.313638,0.184433,0.0477,-0.0973,0.145,mid,0.0,3,3,3,0.8383,0.0,418.0,88.0,0.299,우정읍,0.145,0.145,0.5128,3,ADD_FREQ,31240130,읍,31.36,18.44,104.5,41590-37451,97.0,126.78521,37.11902
다사3603,night,0.168839,0.011,-0.5242,-0.7975,0.2069,drt,0.0,3,1,0,0.05,0.0,113.0,141.0,0.3451,우정읍,0.2069,0.2733,0.33768,1,DRT,31240130,읍,16.88,1.1,28.2,41590-36817,915.1,126.78513,37.12804
다사3604,night,0.042625,0.011,-1.0227,-0.7975,-0.0697,mid,0.0,3,0,0,0.05,0.0,8.0,43.0,0.0,우정읍,-0.0697,-0.2252,0.08525,0,DRT,31240130,읍,4.26,1.1,2.0,41590-36862,1405.0,126.78504,37.13705
다사3606,night,0.164093,0.011,-0.543,-0.7975,0.1892,drt,0.0,3,1,0,0.05,0.0,98.0,9.0,0.449,남양읍,0.1892,0.2545,0.32819,1,DRT,31240150,읍,16.41,1.1,24.5,41590-60017,933.3,126.78488,37.15508
다사3608,night,0.299551,0.220244,-0.0079,0.0473,-0.0552,mid,0.0,3,3,3,0.217,0.923,248.0,854.0,0.1048,마도면,-0.0552,-0.0552,0.454,3,NEW_STOP,31240350,면,29.96,22.02,62.0,41590-37552,469.8,126.78471,37.1731
다사3609,night,0.542447,0.392126,0.9514,0.7412,0.2102,mid,0.0,3,4,4,0.7588,1.348,834.0,1839.0,0.0923,마도면,0.2102,0.2102,0.61958,4,ADD_FREQ,31240350,면,54.24,39.21,208.5,41590-37752,144.7,126.78462,37.18212
다사3610,night,0.302524,0.148446,0.0038,-0.2426,0.2464,mid,0.0,3,3,2,0.083,0.638,323.0,723.0,0.1703,마도면,0.2464,0.2464,0.48872,3,DRT,31240350,면,30.25,14.84,80.8,41590-37118,550.2,126.78454,37.19113
다사3611,night,0.397731,0.332066,0.3798,0.4987,-0.1189,mid,0.0,3,3,3,0.2653,1.822,379.0,679.0,0.3351,마도면,-0.1189,-0.1189,0.50224,3,NEW_STOP,31240350,면,39.77,33.21,94.8,41590-37114,440.8,126.78445,37.20014
다사3612,night,0.522486,0.42849,0.8726,0.888,-0.0154,mid,0.0,3,4,4,0.3062,2.931,825.0,429.0,0.2,마도면,-0.0154,-0.0154,0.60874,4,NEW_STOP,31240350,면,52.25,42.85,206.2,41590-37109,416.3,126.78437,37.20916
다사3613,night,0.261532,0.460703,-0.1581,1.018,-1.1762,mid,0.0,1,2,4,0.597,2.485,284.0,359.0,0.2993,마도면,-1.1762,-1.1762,0.45861,3,ADD_FREQ,31240350,면,26.15,46.07,71.0,41590-36567,241.8,126.78428,37.21817
다사3614,night,0.138044,0.011,-0.6458,-0.7975,0.1007,mid,0.0,3,1,0,0.05,0.0,53.0,33.0,0.434,마도면,0.1007,0.1517,0.27609,1,DRT,31240350,면,13.8,1.1,13.2,41590-36564,859.0,126.78419,37.22718
다사3615,night,0.027938,0.011,-1.0807,-0.7975,-0.0666,mid,0.0,3,0,0,0.05,0.0,5.0,0.0,0.0,남양읍,-0.0666,-0.2832,0.05588,0,DRT,31240150,읍,2.79,1.1,1.2,41590-60095,1357.7,126.78411,37.2362
다사3616,night,0.051462,0.10594,-0.9878,-0.4142,-0.2006,mid,0.0,3,0,2,0.2392,0.224,8.0,0.0,1.25,남양읍,-0.2006,-0.5736,0.10269,0,NEW_STOP,31240150,읍,5.15,10.59,2.0,41590-60095,456.5,126.78402,37.24521
다사3617,night,0.0,0.018542,-1.1911,-0.767,-0.0,mid,0.0,3,0,1,0.05,0.029,0.0,0.0,0.0,송산면,-0.0,-0.424,0.0,0,DRT,31240360,면,0.0,1.85,0.0,41590-60095,755.8,126.78394,37.25422
다사3618,night,0.0,0.011,-1.1911,-0.7975,-0.0,mid,0.0,3,0,0,0.05,0.0,0.0,0.0,0.0,송산면,-0.0,-0.3936,0.0,0,DRT,31240360,면,0.0,1.1,0.0,41590-36540,1634.9,126.78385,37.26324
다사3619,night,0.0,0.011,-1.1911,-0.7975,-0.0,mid,0.0,3,0,0,0.05,0.0,0.0,0.0,0.0,송산면,-0.0,-0.3936,0.0,0,DRT,31240360,면,0.0,1.1,0.0,41590-36538,2021.5,126.78377,37.27225
다사3620,night,0.0,0.011,-1.1911,-0.7975,-0.0,mid,0.0,3,0,0,0.05,0.0,0.0,0.0,0.0,송산면,-0.0,-0.3936,0.0,0,DRT,31240360,면,0.0,1.1,0.0,41590-55547,2187.3,126.78368,37.28126
다사3700,night,0.201248,0.1859,-0.3962,-0.0914,-0.2587,mid,0.0,2,2,3,0.845,0.0,133.0,138.0,0.3308,우정읍,-0.2587,-0.3048,0.35955,2,ADD_FREQ,31240130,읍,20.12,18.59,33.2,41590-36718,93.0,126.79664,37.10106
다사3701,night,0.29388,0.279719,-0.0303,0.2874,-0.3177,mid,0.0,2,3,3,0.7222,0.581,310.0,376.0,0.2774,우정읍,-0.3177,-0.3177,0.46708,3,ADD_FREQ,31240130,읍,29.39,27.97,77.5,41590-37826,166.7,126.79655,37.11008
다사3702,night,0.336895,0.130643,0.1396,-0.3145,0.454,mid,0.0,4,3,2,0.5938,0.0,356.0,213.0,0.2725,우정읍,0.454,0.454,0.49071,3,ADD_FREQ,31240130,읍,33.69,13.06,89.0,41590-36861,243.7,126.79647,37.11909
다사3703,night,0.389001,0.21615,0.3453,0.0307,0.3146,mid,0.0,4,3,3,0.9825,0.0,413.0,415.0,0.2397,우정읍,0.3146,0.3146,0.51331,3,ADD_FREQ,31240130,읍,38.9,21.62,103.2,41590-36862,10.5,126.79639,37.1281
다사3704,night,0.163105,0.011,-0.5469,-0.7975,0.1855,drt,0.0,3,1,0,0.05,0.0,85.0,306.0,0.0588,우정읍,0.1855,0.2506,0.32621,1,DRT,31240130,읍,16.31,1.1,21.2,41590-36862,991.5,126.7963,37.13712
다사3705,night,0.0,0.011,-1.1911,-0.7975,-0.0,mid,0.0,3,0,0,0.05,0.0,0.0,0.0,0.0,우정읍,-0.0,-0.3936,0.0,0,DRT,31240130,읍,0.0,1.1,0.0,41590-60017,864.2,126.79622,37.14613
다사3706,night,0.170907,0.386393,-0.516,0.718,-0.9417,mid,0.0,1,1,4,0.7353,1.343,98.0,325.0,0.3469,남양읍,-0.9417,-1.2341,0.32954,1,ADD_FREQ,31240150,읍,17.09,38.64,24.5,41590-60017,158.8,126.79614,37.15514
다사3707,night,0.122159,0.040662,-0.7086,-0.6777,-0.0189,mid,0.0,3,1,1,0.05,0.119,43.0,126.0,0.2326,남양읍,-0.0189,-0.0308,0.24432,1,DRT,31240150,읍,12.22,4.07,10.8,41590-37948,617.2,126.79605,37.16416
다사3708,night,0.247774,0.361294,-0.2124,0.6167,-0.8055,mid,0.0,1,2,3,0.5795,1.426,259.0,476.0,0.1892,남양읍,-0.8055,-0.8292,0.45144,3,ADD_FREQ,31240150,읍,24.78,36.13,64.8,41590-60094,252.3,126.79597,37.17317
다사3709,night,0.341621,0.170648,0.1582,-0.153,0.3112,mid,0.0,4,3,3,0.3982,0.37,266.0,1625.0,0.0301,남양읍,0.3112,0.3112,0.46237,3,NEW_STOP,31240150,읍,34.16,17.06,66.5,41590-60100,361.1,126.79589,37.18218
다사3710,night,0.307952,0.468152,0.0252,1.0481,-1.0229,mid,0.0,1,3,4,0.606,2.558,195.0,586.0,0.1897,마도면,-1.0229,-1.0229,0.4137,2,ADD_FREQ,31240350,면,30.8,46.82,48.8,41590-37753,236.4,126.7958,37.1912
다사3711,night,0.392894,0.404915,0.3607,0.7928,-0.4321,mid,0.0,2,3,4,0.5792,1.863,367.0,448.0,0.1608,남양읍,-0.4321,-0.4321,0.49344,3,ADD_FREQ,31240150,읍,39.29,40.49,91.8,41590-55179,252.5,126.79572,37.20021
다사3712,night,0.340945,0.076948,0.1555,-0.5312,0.6868,mid,0.0,4,3,2,0.05,0.284,742.0,248.0,0.2156,마도면,0.6868,0.6868,0.59356,4,DRT,31240350,면,34.09,7.69,185.5,41590-60037,628.2,126.79563,37.20922
다사3713,night,0.234495,0.182309,-0.2649,-0.1059,-0.149,mid,0.0,3,2,3,0.0685,0.885,211.0,698.0,0.1469,마도면,-0.149,-0.159,0.42373,2,DRT,31240350,면,23.45,18.23,52.8,41590-36565,558.9,126.79555,37.21824
다사3714,night,0.183541,0.213814,-0.4661,0.0213,-0.3896,mid,0.0,2,1,3,0.4325,0.568,93.0,154.0,0.4194,남양읍,-0.3896,-0.4875,0.32984,1,NEW_STOP,31240150,읍,18.35,21.38,23.2,41590-36562,340.5,126.79547,37.22725
다사3715,night,0.157674,0.038294,-0.5683,-0.6873,0.0862,mid,0.0,3,1,1,0.05,0.109,88.0,0.0,0.5568,남양읍,0.0862,0.119,0.31326,1,DRT,31240150,읍,15.77,3.83,22.0,41590-36550,706.4,126.79538,37.23626
다사3716,night,0.158257,0.163483,-0.566,-0.1819,-0.2788,mid,0.0,2,1,2,0.2122,0.557,88.0,5.0,0.4773,남양읍,-0.2788,-0.3841,0.31442,1,NEW_STOP,31240150,읍,15.83,16.35,22.0,41590-36544,472.7,126.7953,37.24528
다사3717,night,0.110846,0.26314,-0.7533,0.2204,-0.5608,mid,0.0,2,0,3,0.5395,0.729,23.0,5.0,0.4348,남양읍,-0.5608,-0.9737,0.22006,0,ADD_FREQ,31240150,읍,11.08,26.31,5.8,41590-36542,276.3,126.79521,37.25429
다사3718,night,0.104478,0.059099,-0.7784,-0.6033,-0.097,mid,0.0,3,0,1,0.05,0.2,23.0,3.0,0.6522,남양읍,-0.097,-0.1751,0.20779,0,DRT,31240150,읍,10.45,5.91,5.8,41590-36540,700.8,126.79513,37.2633
다사3719,night,0.0,0.011,-1.1911,-0.7975,-0.0,mid,0.0,3,0,0,0.05,0.0,0.0,0.0,0.0,송산면,-0.0,-0.3936,0.0,0,DRT,31240360,면,0.0,1.1,0.0,41590-36538,1273.2,126.79505,37.27232
다사3720,night,0.0,0.011,-1.1911,-0.7975,-0.0,mid,0.0,3,0,0,0.05,0.0,0.0,0.0,0.0,송산면,-0.0,-0.3936,0.0,0,DRT,31240360,면,0.0,1.1,0.0,41590-55547,1280.1,126.79496,37.28133
다사3721,night,0.0,0.011,-1.1911,-0.7975,-0.0,mid,0.0,3,0,0,0.05,0.0,0.0,97.0,0.0,송산면,-0.0,-0.3936,0.0,0,DRT,31240360,면,0.0,1.1,0.0,41590-55547,1113.6,126.79488,37.29034
다사3800,night,0.16972,0.177294,-0.5207,-0.1261,-0.2998,mid,0.0,2,1,3,0.1198,0.772,98.0,16.0,0.3673,우정읍,-0.2998,-0.3946,0.32343,1,DRT,31240130,읍,16.97,17.73,24.5,41590-36923,528.1,126.80789,37.10113
다사3801,night,0.260539,0.315673,-0.162,0.4325,-0.5946,mid,0.0,2,2,3,0.4118,1.347,223.0,558.0,0.4619,우정읍,-0.5946,-0.5946,0.43052,2,NEW_STOP,31240130,읍,26.05,31.57,55.8,41590-37414,352.9,126.80781,37.11014
다사3802,night,0.225317,0.063676,-0.3011,-0.5848,0.2591,mid,0.0,4,2,1,0.05,0.221,188.0,760.0,0.2234,우정읍,0.2591,0.2837,0.41379,2,DRT,31240130,읍,22.53,6.37,47.0,41590-37537,616.8,126.80773,37.11916
다사3803,night,0.177809,0.059099,-0.4888,-0.6033,0.0897,drt,0.0,3,1,1,0.05,0.2,91.0,419.0,0.1978,우정읍,0.0897,0.1145,0.32544,1,DRT,31240130,읍,17.78,5.91,22.8,41590-36857,701.6,126.80764,37.12817
다사3804,night,0.226746,0.121565,-0.2955,-0.3511,0.051,mid,0.0,3,2,2,0.138,0.413,123.0,510.0,0.1057,우정읍,0.051,0.0556,0.36088,2,DRT,31240130,읍,22.67,12.16,30.8,41590-36856,517.2,126.80756,37.13718
다사3805,night,0.037622,0.011,-1.0425,-0.7975,-0.0699,mid,0.0,3,0,0,0.05,0.0,8.0,10.0,1.25,장안면,-0.0699,-0.245,0.07524,0,DRT,31240390,면,3.76,1.1,2.0,41590-55660,862.7,126.80748,37.1462
다사3806,night,0.185511,0.243663,-0.4584,0.1418,-0.4831,mid,0.0,2,1,3,0.4912,0.672,78.0,316.0,0.2949,남양읍,-0.4831,-0.6002,0.32044,1,NEW_STOP,31240150,읍,18.55,24.37,19.5,41590-60017,305.3,126.8074,37.15521
다사3807,night,0.277123,0.322503,-0.0965,0.4601,-0.5566,mid,0.0,2,2,3,0.7472,0.821,289.0,218.0,0.2699,남양읍,-0.5566,-0.5566,0.46881,3,ADD_FREQ,31240150,읍,27.71,32.25,72.2,41590-60012,151.7,126.80731,37.16422
다사3808,night,0.302204,0.3203,0.0025,0.4512,-0.4487,mid,0.0,2,3,3,0.7008,0.877,280.0,817.0,0.1857,남양읍,-0.4487,-0.4487,0.47192,3,ADD_FREQ,31240150,읍,30.22,32.03,70.0,41590-55473,179.5,126.80723,37.17324
다사3809,night,0.213031,0.047182,-0.3497,-0.6514,0.2657,mid,0.0,4,2,1,0.05,0.147,223.0,87.0,0.3587,남양읍,0.2657,0.3017,0.41512,2,DRT,31240150,읍,21.3,4.72,55.8,41590-55693,574.6,126.80715,37.18225
다사3810,night,0.133241,0.011,-0.6648,-0.7975,0.0861,mid,0.0,3,1,0,0.05,0.0,63.0,76.0,0.4127,남양읍,0.0861,0.1327,0.26648,1,DRT,31240150,읍,13.32,1.1,15.8,41590-55693,919.3,126.80707,37.19126
다사3811,night,0.591062,0.263179,1.1434,0.2206,0.9228,need,1.39342,5,4,3,0.05,1.601,1969.0,112.0,0.1894,남양읍,0.9228,0.9228,0.73263,4,DRT,31240150,읍,59.11,26.32,492.2,41590-36009,586.1,126.80699,37.20028
다사3812,night,0.665844,0.590692,1.4388,1.5428,-0.1041,ok,0.0,3,4,4,0.592,4.728,2379.0,761.0,0.2404,남양읍,-0.1041,-0.1041,0.76002,4,ADD_FREQ,31240150,읍,66.58,59.07,594.8,41590-60035,244.8,126.8069,37.20929
다사3813,night,0.207404,0.049244,-0.3719,-0.6431,0.2347,drt,0.0,3,2,1,0.05,0.156,209.0,25.0,0.2584,남양읍,0.2347,0.2712,0.41295,2,DRT,31240150,읍,20.74,4.92,52.2,41590-36558,672.7,126.80682,37.2183
다사3814,night,0.187304,0.382908,-0.4513,0.704,-0.9356,mid,0.0,1,1,4,0.6922,1.397,128.0,5.0,0.4062,남양읍,-0.9356,-1.1552,0.36816,2,ADD_FREQ,31240150,읍,18.73,38.29,32.0,41590-36556,184.7,126.80674,37.22732
다사3815,night,0.165519,0.304772,-0.5373,0.3885,-0.6919,mid,0.0,2,1,3,0.5025,1.088,93.0,11.0,0.5484,남양읍,-0.6919,-0.9258,0.31722,1,ADD_FREQ,31240150,읍,16.55,30.48,23.2,41590-36551,298.5,126.80666,37.23633
다사3816,night,0.164186,0.192209,-0.5426,-0.0659,-0.3544,mid,0.0,2,1,3,0.1662,0.804,98.0,11.0,0.3469,남양읍,-0.3544,-0.4767,0.32421,1,NEW_STOP,31240150,읍,16.42,19.22,24.5,41590-36547,500.3,126.80657,37.24534
다사3817,night,0.025149,0.047412,-1.0917,-0.6505,-0.0969,mid,0.0,3,0,1,0.05,0.148,5.0,0.0,0.0,남양읍,-0.0969,-0.4412,0.04983,0,DRT,31240150,읍,2.51,4.74,1.2,41590-36541,656.0,126.80649,37.25436
다사3818,night,0.151542,0.472349,-0.5925,1.0651,-1.1698,mid,0.0,1,1,4,0.7575,2.186,68.0,0.0,0.6618,남양읍,-1.1698,-1.6576,0.29281,1,ADD_FREQ,31240150,읍,15.15,47.23,17.0,41590-36536,145.5,126.80641,37.26337
다사3819,night,0.164305,0.142067,-0.5421,-0.2683,-0.2036,mid,0.0,3,1,2,0.206,0.443,68.0,8.0,0.5294,송산면,-0.2036,-0.2738,0.32513,1,NEW_STOP,31240360,면,16.43,14.21,17.0,41590-36533,476.4,126.80633,37.27238
다사3820,night,0.131225,0.02236,-0.6728,-0.7516,0.0507,mid,0.0,3,1,1,0.05,0.044,48.0,5.0,0.4167,남양읍,0.0507,0.0789,0.26059,1,DRT,31240150,읍,13.12,2.24,12.0,41590-55547,702.2,126.80624,37.2814
다사3821,night,0.22291,0.18581,-0.3106,-0.0917,-0.1985,mid,0.0,3,2,3,0.4838,0.351,128.0,8.0,0.1016,새솔동,-0.1985,-0.2189,0.36678,2,NEW_STOP,31240670,동,22.29,18.58,32.0,41590-55547,309.7,126.80616,37.29041
다사3900,night,0.205399,0.262415,-0.3798,0.2175,-0.5137,mid,0.0,2,2,3,0.618,0.615,181.0,57.0,0.5801,우정읍,-0.5137,-0.5973,0.39305,2,ADD_FREQ,31240130,읍,20.54,26.24,45.2,41590-37845,229.2,126.81914,37.10119
다사3901,night,0.227055,0.112693,-0.2943,-0.3869,0.085,mid,0.0,3,2,2,0.264,0.23,143.0,50.0,0.4336,장안면,0.085,0.0927,0.3669,2,NEW_STOP,31240390,면,22.71,11.27,35.8,41590-37844,441.6,126.81906,37.11021
다사3902,night,0.367147,0.428206,0.259,0.8869,-0.6278,mid,0.0,2,3,4,0.8505,1.494,241.0,834.0,0.1618,우정읍,-0.6278,-0.6278,0.44857,3,ADD_FREQ,31240130,읍,36.71,42.82,60.2,41590-36962,89.7,126.81898,37.11922
다사3903,night,0.229499,0.347088,-0.2846,0.5594,-0.7801,mid,0.0,1,2,3,0.4948,1.467,118.0,112.0,0.4407,우정읍,-0.7801,-0.844,0.34282,1,NEW_STOP,31240130,읍,22.95,34.71,29.5,41590-37580,303.1,126.8189,37.12823
다사3904,night,0.32274,0.322508,0.0836,0.4601,-0.3765,mid,0.0,2,3,3,0.6098,1.042,179.0,449.0,0.1844,장안면,-0.3765,-0.3765,0.41528,2,ADD_FREQ,31240390,면,32.27,32.25,44.8,41590-37420,234.1,126.81882,37.13725
다사3905,night,0.372581,0.425103,0.2805,0.8743,-0.5938,mid,0.0,2,3,4,0.9247,1.317,269.0,945.0,0.0,장안면,-0.5938,-0.5938,0.46255,3,ADD_FREQ,31240390,면,37.26,42.51,67.2,41590-55616,45.2,126.81874,37.14626
다사3906,night,0.035886,0.011,-1.0493,-0.7975,-0.0697,mid,0.0,3,0,0,0.05,0.0,0.0,37.0,0.0,남양읍,-0.0697,-0.2518,0.0,0,DRT,31240150,읍,3.59,1.1,0.0,41590-37973,658.8,126.81866,37.15527
다사3907,night,0.297006,0.093903,-0.018,-0.4628,0.4448,mid,0.0,4,3,2,0.4268,0.0,198.0,15749.0,0.1667,남양읍,0.4448,0.4448,0.41404,2,NEW_STOP,31240150,읍,29.7,9.39,49.5,41590-37973,343.9,126.81858,37.16429
다사3908,night,0.406808,0.395822,0.4157,0.7561,-0.3404,mid,0.0,2,3,4,0.6668,1.571,411.0,945.0,0.18,남양읍,-0.3404,-0.3404,0.51795,3,ADD_FREQ,31240150,읍,40.68,39.58,102.8,41590-60107,199.9,126.8185,37.1733
다사3909,night,0.363622,0.438969,0.2451,0.9303,-0.6852,mid,0.0,2,3,4,0.8975,1.498,297.0,803.0,0.1919,남양읍,-0.6852,-0.6852,0.47159,3,ADD_FREQ,31240150,읍,36.36,43.9,74.2,41590-55809,61.5,126.81842,37.18232
다사3910,night,0.822657,0.50823,2.0581,1.2099,0.8482,need,1.2736,5,4,4,0.7513,2.669,7182.0,1059.0,0.0987,남양읍,0.8482,0.8482,0.92454,4,ADD_FREQ,31240150,읍,82.27,50.82,1795.5,41590-60040,149.2,126.81833,37.19133
다사3911,night,0.827859,0.62561,2.0787,1.6838,0.3949,ok,0.0,4,4,4,0.5537,5.751,8841.0,760.0,0.0717,남양읍,0.3949,0.3949,0.95694,4,ADD_FREQ,31240150,읍,82.79,62.56,2210.2,41590-36157,267.8,126.81825,37.20034
다사3912,night,0.94581,0.971363,2.5445,3.0797,-0.5351,ok,0.0,2,4,4,0.8698,27.085,5807.0,2611.0,0.144,남양읍,-0.5351,-0.5351,0.89162,4,ADD_FREQ,31240150,읍,94.58,97.14,1451.8,41590-36021,78.1,126.81817,37.20936
다사3913,night,0.250611,0.359141,-0.2012,0.608,-0.792,mid,0.0,1,2,3,0.6767,1.219,359.0,431.0,0.2646,남양읍,-0.792,-0.8093,0.49387,3,ADD_FREQ,31240150,읍,25.06,35.91,89.8,41590-36559,194.0,126.81809,37.21837
다사3914,night,0.13484,0.011,-0.6585,-0.7975,0.0909,mid,0.0,3,1,0,0.05,0.0,43.0,0.0,0.5814,남양읍,0.0909,0.139,0.26968,1,DRT,31240150,읍,13.48,1.1,10.8,41590-36557,666.6,126.81801,37.22738
다사3915,night,0.109582,0.14294,-0.7583,-0.2648,-0.2821,mid,0.0,2,0,2,0.2225,0.428,18.0,3.0,1.2778,남양읍,-0.2821,-0.4934,0.21847,0,NEW_STOP,31240150,읍,10.96,14.29,4.5,41590-36365,466.5,126.81793,37.2364
다사3916,night,0.096548,0.262939,-0.8097,0.2196,-0.5419,mid,0.0,2,0,3,0.4943,0.794,23.0,3.0,0.2174,남양읍,-0.5419,-1.0294,0.1917,0,NEW_STOP,31240150,읍,9.65,26.29,5.8,41590-36517,303.4,126.81785,37.24541
다사3917,night,0.199335,0.438862,-0.4038,0.9299,-1.1247,mid,0.0,1,2,4,0.7448,1.836,173.0,11.0,0.4913,남양읍,-1.1247,-1.3336,0.39658,2,ADD_FREQ,31240150,읍,19.93,43.89,43.2,41590-36520,153.1,126.81777,37.25442
다사3918,night,0.167944,0.450311,-0.5277,0.9761,-1.1346,mid,0.0,1,1,4,0.896,1.611,98.0,11.0,0.3163,남양읍,-1.1346,-1.5038,0.33264,1,ADD_FREQ,31240150,읍,16.79,45.03,24.5,41590-36524,62.4,126.81769,37.26344
다사3919,night,0.258874,0.377347,-0.1686,0.6815,-0.8497,mid,0.0,1,2,4,0.4343,1.91,203.0,132.0,0.3202,남양읍,-0.8497,-0.8501,0.41636,2,NEW_STOP,31240150,읍,25.89,37.73,50.8,41590-36527,339.4,126.8176,37.27245
다사3920,night,0.887312,0.930737,2.3135,2.9157,-0.6022,ok,0.0,2,4,4,0.6852,18.233,8559.0,2566.0,0.0574,새솔동,-0.6022,-0.6022,0.95187,4,ADD_FREQ,31240670,동,88.73,93.07,2139.8,41590-55770,188.9,126.81752,37.28146
다사3921,night,0.859763,0.50578,2.2047,1.2,1.0047,need,1.51296,5,4,4,0.754,2.627,12155.0,821.0,0.0722,새솔동,1.0047,1.0047,1.0,4,ADD_FREQ,31240670,동,85.98,50.58,3038.8,41590-55598,147.6,126.81744,37.29048
다사4000,night,0.267925,0.048558,-0.1329,-0.6459,0.513,mid,0.0,4,2,1,0.05,0.153,185.0,607.0,0.0703,우정읍,0.513,0.513,0.42081,2,DRT,31240130,읍,26.79,4.86,46.2,41590-36427,676.0,126.8304,37.10126
다사4001,night,0.15155,0.011,-0.5925,-0.7975,0.1447,mid,0.0,3,1,0,0.05,0.0,73.0,575.0,0.2877,장안면,0.1447,0.205,0.30032,1,DRT,31240390,면,15.16,1.1,18.2,41590-37636,694.0,126.83032,37.11027
다사4002,night,0.333161,0.161737,0.1248,-0.1889,0.3137,mid,0.0,4,3,2,0.7352,0.0,286.0,1012.0,0.1818,장안면,0.3137,0.3137,0.46898,3,ADD_FREQ,31240390,면,33.32,16.17,71.5,41590-36886,158.9,126.83024,37.11928
다사4003,night,0.235122,0.044183,-0.2624,-0.6635,0.3766,mid,0.0,4,2,1,0.2008,0.0,193.0,222.0,0.3212,장안면,0.3766,0.4011,0.41354,2,NEW_STOP,31240390,면,23.51,4.42,48.2,41590-37542,479.5,126.83016,37.1283
다사4004,night,0.298941,0.074148,-0.0104,-0.5426,0.5322,mid,0.0,4,3,2,0.2238,0.099,289.0,1009.0,0.1696,장안면,0.5322,0.5322,0.47034,3,NEW_STOP,31240390,면,29.89,7.41,72.2,41590-37416,465.7,126.83008,37.13731
다사4005,night,0.284178,0.144818,-0.0687,-0.2572,0.1886,mid,0.0,3,3,2,0.3585,0.284,254.0,895.0,0.0591,장안면,0.1886,0.1886,0.45719,3,NEW_STOP,31240390,면,28.42,14.48,63.5,41590-37422,384.9,126.83,37.14633
다사4006,night,0.077708,0.011,-0.8841,-0.7975,-0.0396,mid,0.0,3,0,0,0.05,0.0,13.0,0.0,0.7692,남양읍,-0.0396,-0.0867,0.15542,0,DRT,31240150,읍,7.77,1.1,3.2,41590-37973,1222.0,126.82992,37.15534
다사4007,night,0.165113,0.050837,-0.5389,-0.6367,0.0729,drt,0.0,3,1,1,0.05,0.163,83.0,22.0,0.3373,남양읍,0.0729,0.0977,0.32265,1,DRT,31240150,읍,16.51,5.08,20.8,41590-60058,585.3,126.82984,37.16435
다사4008,night,0.256346,0.344349,-0.1786,0.5483,-0.7219,mid,0.0,1,2,3,0.5987,1.239,308.0,57.0,0.2922,남양읍,-0.7219,-0.7269,0.46267,3,ADD_FREQ,31240150,읍,25.63,34.43,77.0,41590-60104,240.8,126.82976,37.17337
다사4009,night,0.241957,0.130582,-0.2354,-0.3147,0.0758,mid,0.0,3,2,2,0.3032,0.274,313.0,71.0,0.1725,남양읍,0.0758,0.0793,0.47431,3,NEW_STOP,31240150,읍,24.2,13.06,78.2,41590-60103,418.1,126.82968,37.18238
다사4010,night,0.719066,0.373486,1.649,0.6659,0.983,need,1.45534,5,4,3,0.4523,1.825,5743.0,302.0,0.1019,남양읍,0.983,0.983,0.89147,4,NEW_STOP,31240150,읍,71.91,37.35,1435.8,41590-36039,328.6,126.8296,37.19139
다사4011,night,0.861302,0.802136,2.2108,2.3965,-0.1857,ok,0.0,3,4,4,0.8987,8.886,4858.0,4671.0,0.0597,남양읍,-0.1857,-0.1857,0.87463,4,ADD_FREQ,31240150,읍,86.13,80.21,1214.5,41590-36510,60.8,126.82952,37.20041
다사4012,night,0.886812,0.965643,2.3115,3.0566,-0.7451,ok,0.0,1,4,4,0.8438,21.615,9504.0,1465.0,0.1257,남양읍,-0.7451,-0.7451,0.96542,4,ADD_FREQ,31240150,읍,88.68,96.56,2376.0,41590-55436,93.7,126.82944,37.20942
다사4013,night,0.656234,0.70071,1.4008,1.987,-0.5862,ok,0.0,2,4,4,0.625,7.456,1694.0,754.0,0.1181,남양읍,-0.5862,-0.5862,0.7166,4,ADD_FREQ,31240150,읍,65.62,70.07,423.5,41590-37776,225.0,126.82936,37.21843
다사4014,night,0.110508,0.011,-0.7546,-0.7975,0.0247,mid,0.0,3,0,0,0.05,0.0,28.0,89.0,0.7143,남양읍,0.0247,0.0429,0.22102,0,DRT,31240150,읍,11.05,1.1,7.0,41590-36035,675.9,126.82928,37.22745
다사4015,night,0.021879,0.053993,-1.1046,-0.6239,-0.0964,mid,0.0,3,0,1,0.05,0.177,5.0,3.0,0.0,비봉면,-0.0964,-0.4807,0.04353,0,DRT,31240330,면,2.19,5.4,1.2,41590-36363,652.9,126.8292,37.23646
다사4016,night,0.205298,0.13321,-0.3802,-0.3041,-0.0654,mid,0.0,3,2,2,0.6055,0.0,118.0,28.0,0.4831,비봉면,-0.0654,-0.0761,0.35207,1,ADD_FREQ,31240330,면,20.53,13.32,29.5,41590-37128,236.7,126.82912,37.24547
다사4017,night,0.02843,0.011,-1.0788,-0.7975,-0.0669,mid,0.0,3,0,0,0.05,0.0,5.0,3.0,0.0,남양읍,-0.0669,-0.2813,0.05686,0,DRT,31240150,읍,2.84,1.1,1.2,41590-36522,1049.5,126.82904,37.25449
다사4018,night,0.159614,0.047182,-0.5606,-0.6514,0.0663,drt,0.0,3,1,1,0.05,0.147,73.0,13.0,0.5753,남양읍,0.0663,0.0908,0.319,1,DRT,31240150,읍,15.96,4.72,18.2,41590-36526,574.0,126.82896,37.2635
다사4019,night,0.72771,0.843109,1.6831,2.5619,-0.8788,ok,0.0,1,4,4,0.6425,13.297,4176.0,407.0,0.0462,새솔동,-0.8788,-0.8788,0.84863,4,ADD_FREQ,31240670,동,72.77,84.31,1044.0,41590-55540,214.5,126.82888,37.27251
다사4100,night,0.571323,0.327835,1.0655,0.4816,0.5838,mid,0.0,4,4,3,0.6382,1.035,714.0,1138.0,0.0686,장안면,0.5838,0.5838,0.5978,4,ADD_FREQ,31240390,면,57.13,32.78,178.5,41590-37454,217.1,126.84165,37.10132
다사4101,night,0.124221,0.15224,-0.7004,-0.2273,-0.2934,mid,0.0,2,1,2,0.692,0.0,48.0,2345.0,0.1042,장안면,-0.2934,-0.4732,0.24405,1,ADD_FREQ,31240390,면,12.42,15.22,12.0,41590-37634,184.8,126.84157,37.11033
다사4102,night,0.172742,0.011,-0.5088,-0.7975,0.2218,drt,0.0,3,1,0,0.05,0.0,107.0,252.0,0.0935,장안면,0.2218,0.2887,0.34525,1,DRT,31240390,면,17.27,1.1,26.8,41590-37637,614.2,126.84149,37.11935
다사4103,night,0.449851,0.23564,0.5857,0.1094,0.4763,mid,0.0,4,3,3,0.638,0.435,486.0,683.0,0.1749,장안면,0.4763,0.4763,0.53728,3,ADD_FREQ,31240390,면,44.99,23.56,121.5,41590-37442,217.2,126.84142,37.12836
다사4104,night,0.459025,0.239988,0.6219,0.127,0.4949,mid,0.0,4,4,3,0.4702,0.678,777.0,1986.0,0.0862,장안면,0.4949,0.4949,0.61159,4,NEW_STOP,31240390,면,45.9,24.0,194.2,41590-37424,317.9,126.84134,37.13738
다사4105,night,0.316087,0.36055,0.0574,0.6137,-0.5563,mid,0.0,2,3,3,0.791,1.028,198.0,256.0,0.2525,팔탄면,-0.5563,-0.5563,0.42263,2,ADD_FREQ,31240380,면,31.61,36.05,49.5,41590-37445,125.4,126.84126,37.14639
다사4106,night,0.168151,0.055499,-0.5269,-0.6178,0.0686,mid,0.0,3,1,1,0.1078,0.128,43.0,185.0,0.1163,남양읍,0.0686,0.0909,0.25038,1,DRT,31240150,읍,16.82,5.55,10.8,41590-55655,535.3,126.84118,37.1554
다사4107,night,0.35098,0.448066,0.1952,0.967,-0.7718,mid,0.0,1,3,4,0.4792,2.665,182.0,1324.0,0.0989,남양읍,-0.7718,-0.7718,0.41734,2,NEW_STOP,31240150,읍,35.1,44.81,45.5,41590-55872,312.5,126.8411,37.16442
다사4108,night,0.267522,0.310417,-0.1344,0.4113,-0.5458,mid,0.0,2,2,3,0.3637,1.395,183.0,371.0,0.3388,남양읍,-0.5458,-0.5458,0.40203,2,NEW_STOP,31240150,읍,26.75,31.04,45.8,41590-55112,381.8,126.84102,37.17343
다사4109,night,0.362969,0.440771,0.2425,0.9376,-0.695,mid,0.0,2,3,4,0.6068,2.205,306.0,587.0,0.2516,남양읍,-0.695,-0.695,0.47051,3,ADD_FREQ,31240150,읍,36.3,44.08,76.5,41590-60026,235.9,126.84095,37.18244
다사4110,night,0.589601,0.521012,1.1376,1.2615,-0.1239,mid,0.0,3,4,4,0.7942,2.716,2343.0,533.0,0.1263,남양읍,-0.1239,-0.1239,0.76159,4,ADD_FREQ,31240150,읍,58.96,52.1,585.8,41590-36441,123.5,126.84087,37.19146
다사4111,night,0.543517,0.400685,0.9556,0.7757,0.1799,mid,0.0,3,4,4,0.4735,2.077,2024.0,328.0,0.1329,남양읍,0.1799,0.1799,0.7476,4,NEW_STOP,31240150,읍,54.35,40.07,506.0,41590-55681,315.9,126.84079,37.20047
다사4112,night,0.588506,0.311413,1.1333,0.4153,0.718,mid,0.0,5,4,3,0.1998,1.756,2840.0,898.0,0.1007,남양읍,0.718,0.718,0.79241,4,NEW_STOP,31240150,읍,58.85,31.14,710.0,41590-55929,480.1,126.84071,37.20948
다사4113,night,0.468452,0.619358,0.6592,1.6586,-0.9994,ok,0.0,1,4,4,0.8415,4.186,329.0,1784.0,0.0942,남양읍,-0.9994,-0.9994,0.49056,3,ADD_FREQ,31240150,읍,46.85,61.94,82.2,41590-55255,95.1,126.84063,37.2185
다사4114,night,0.217909,0.23708,-0.3304,0.1152,-0.3982,mid,0.0,2,2,3,0.05,1.356,33.0,63.0,0.303,남양읍,-0.3982,-0.4456,0.21189,0,DRT,31240150,읍,21.79,23.71,8.2,41590-36043,605.4,126.84055,37.22751
다사4115,night,0.051701,0.011,-0.9869,-0.7975,-0.0664,mid,0.0,3,0,0,0.05,0.0,13.0,3.0,0.3846,비봉면,-0.0664,-0.1894,0.1034,0,DRT,31240330,면,5.17,1.1,3.2,41590-55363,1078.3,126.84048,37.23652
다사4116,night,0.183326,0.183223,-0.467,-0.1022,-0.2914,mid,0.0,2,1,3,0.8328,0.0,118.0,50.0,0.4407,비봉면,-0.2914,-0.3648,0.35283,1,ADD_FREQ,31240330,면,18.33,18.32,29.5,41590-55363,100.3,126.8404,37.24554
다사4117,night,0.118196,0.138552,-0.7242,-0.2825,-0.2652,mid,0.0,2,1,2,0.5967,0.028,43.0,17.0,0.5349,비봉면,-0.2652,-0.4417,0.23108,1,ADD_FREQ,31240330,면,11.82,13.86,10.8,41590-37610,242.0,126.84032,37.25455
다사4118,night,0.201686,0.191655,-0.3945,-0.0682,-0.2773,mid,0.0,2,2,3,0.419,0.458,113.0,17.0,0.5221,비봉면,-0.2773,-0.3263,0.34213,1,NEW_STOP,31240330,면,20.17,19.17,28.2,41590-55461,348.6,126.84024,37.26356
다사4200,night,0.41278,0.28663,0.4393,0.3153,0.124,mid,0.0,3,3,3,0.6623,0.706,399.0,465.0,0.213,장안면,0.124,0.124,0.50812,3,ADD_FREQ,31240390,면,41.28,28.66,99.8,41590-36871,202.6,126.8529,37.10138
다사4201,night,0.149052,0.011,-0.6024,-0.7975,0.1362,mid,0.0,3,1,0,0.05,0.0,59.0,301.0,0.4237,장안면,0.1362,0.1951,0.2981,1,DRT,31240390,면,14.91,1.1,14.8,41590-36846,807.9,126.85283,37.1104
다사4202,night,0.232431,0.011,-0.273,-0.7975,0.4887,mid,0.0,4,2,0,0.05,0.0,253.0,619.0,0.0,팔탄면,0.4887,0.5244,0.46486,3,DRT,31240380,면,23.24,1.1,63.2,41590-37443,858.6,126.85275,37.11941
다사4203,night,0.44112,0.335426,0.5512,0.5123,0.0389,mid,0.0,3,3,3,0.8145,0.808,370.0,1431.0,0.0838,팔탄면,0.0389,0.0389,0.50512,3,ADD_FREQ,31240380,면,44.11,33.54,92.5,41590-36897,111.3,126.85267,37.12842
다사4204,night,0.195162,0.011,-0.4202,-0.7975,0.3138,drt,0.0,4,1,0,0.05,0.0,157.0,857.0,0.0828,팔탄면,0.3138,0.3772,0.39032,2,DRT,31240380,면,19.52,1.1,39.2,41590-55008,935.2,126.8526,37.13744
다사4205,night,0.0,0.011,-1.1911,-0.7975,-0.0,mid,0.0,3,0,0,0.05,0.0,0.0,0.0,0.0,팔탄면,-0.0,-0.3936,0.0,0,DRT,31240380,면,0.0,1.1,0.0,41590-37356,990.0,126.85252,37.14645
다사4206,night,0.385549,0.157447,0.3317,-0.2063,0.538,mid,0.0,4,3,2,0.7157,0.0,335.0,762.0,0.1313,팔탄면,0.538,0.538,0.4954,3,ADD_FREQ,31240380,면,38.55,15.74,83.8,41590-37547,170.6,126.85244,37.15546
다사4207,night,0.280624,0.331815,-0.0827,0.4977,-0.5804,mid,0.0,2,3,3,0.5142,1.291,100.0,473.0,0.25,남양읍,-0.5804,-0.5804,0.34579,1,ADD_FREQ,31240150,읍,28.06,33.18,25.0,41590-55889,291.5,126.85236,37.16448
다사4208,night,0.280127,0.083539,-0.0847,-0.5046,0.42,mid,0.0,4,3,2,0.0587,0.307,312.0,843.0,0.1186,남양읍,0.42,0.42,0.48339,3,DRT,31240150,읍,28.01,8.35,78.0,41590-55653,564.8,126.85229,37.17349
다사4209,night,0.454245,0.200196,0.603,-0.0337,0.6367,mid,0.0,4,3,3,0.551,0.349,648.0,1383.0,0.2037,남양읍,0.6367,0.6367,0.5767,4,ADD_FREQ,31240150,읍,45.42,20.02,162.0,41590-36050,269.4,126.85221,37.18251
다사4210,night,0.312321,0.144845,0.0425,-0.2571,0.2996,mid,0.0,4,3,2,0.1228,0.563,436.0,746.0,0.1239,남양읍,0.2996,0.2996,0.52265,3,DRT,31240150,읍,31.23,14.48,109.0,41590-55152,526.3,126.85213,37.19152
다사4211,night,0.157403,0.281011,-0.5694,0.2926,-0.6235,mid,0.0,2,1,3,0.5133,0.891,71.0,279.0,0.2113,남양읍,-0.6235,-0.862,0.30745,1,ADD_FREQ,31240150,읍,15.74,28.1,17.8,41590-55155,292.0,126.85206,37.20053
다사4212,night,0.409767,0.333246,0.4274,0.5035,-0.0761,mid,0.0,3,3,3,0.4155,1.501,402.0,1662.0,0.4254,남양읍,-0.0761,-0.0761,0.51263,3,NEW_STOP,31240150,읍,40.98,33.32,100.5,41590-36052,350.7,126.85198,37.20955
다사4213,night,0.425957,0.258744,0.4913,0.2027,0.2886,mid,0.0,4,3,3,0.441,0.846,380.0,2522.0,0.0132,남양읍,0.2886,0.2886,0.51945,3,NEW_STOP,31240150,읍,42.6,25.87,95.0,41590-55345,335.4,126.8519,37.21856
다사4214,night,0.350327,0.340394,0.1926,0.5323,-0.3397,mid,0.0,2,3,3,0.117,2.296,163.0,552.0,0.2577,비봉면,-0.3397,-0.3397,0.40374,2,DRT,31240330,면,35.03,34.04,40.8,41590-55393,529.8,126.85183,37.22757
다사4215,night,0.16896,0.023872,-0.5237,-0.7455,0.168,drt,0.0,3,1,1,0.05,0.05,108.0,27.0,0.5093,비봉면,0.168,0.2218,0.33583,1,DRT,31240330,면,16.9,2.39,27.0,41590-55829,687.6,126.85175,37.23659
다사4216,night,0.194995,0.209216,-0.4209,0.0027,-0.3522,mid,0.0,2,1,3,0.5407,0.408,138.0,45.0,0.5435,비봉면,-0.3522,-0.4236,0.37705,2,ADD_FREQ,31240330,면,19.5,20.92,34.5,41590-55828,275.6,126.85167,37.2456
다사4217,night,0.190646,0.325974,-0.4381,0.4741,-0.7473,mid,0.0,1,1,3,0.6632,0.979,123.0,51.0,0.3577,비봉면,-0.7473,-0.9122,0.34948,1,ADD_FREQ,31240330,면,19.06,32.6,30.8,41590-55871,202.1,126.85159,37.25461
다사4218,night,0.013331,0.035183,-1.1384,-0.6999,-0.0637,mid,0.0,3,0,1,0.05,0.096,0.0,15.0,0.0,비봉면,-0.0637,-0.4386,0.0,0,DRT,31240330,면,1.33,3.52,0.0,41590-55833,631.4,126.85152,37.26363
다사4300,night,0.412074,0.293338,0.4365,0.3424,0.0941,mid,0.0,3,3,3,0.8055,0.553,278.0,970.0,0.1403,장안면,0.0941,0.0941,0.46356,3,ADD_FREQ,31240390,면,41.21,29.33,69.5,41590-36706,116.7,126.86416,37.10144
다사4301,night,0.204677,0.014928,-0.3827,-0.7816,0.3423,drt,0.0,4,2,1,0.05,0.015,155.0,1232.0,0.0645,팔탄면,0.3423,0.399,0.39487,2,DRT,31240380,면,20.47,1.49,38.8,41590-36845,766.6,126.86408,37.11046
다사4302,night,0.259169,0.280518,-0.1674,0.2906,-0.458,mid,0.0,2,2,3,0.5557,0.822,128.0,396.0,0.2422,팔탄면,-0.458,-0.458,0.37411,2,ADD_FREQ,31240380,면,25.92,28.05,32.0,41590-36899,266.6,126.864,37.11947
다사4303,night,0.405576,0.173754,0.4108,-0.1404,0.5512,mid,0.0,4,3,3,0.5762,0.195,351.0,1155.0,0.0456,팔탄면,0.5512,0.5512,0.49991,3,ADD_FREQ,31240380,면,40.56,17.38,87.8,41590-55650,254.3,126.86393,37.12848
다사4304,night,0.407877,0.183627,0.4199,-0.1006,0.5205,mid,0.0,4,3,3,0.8347,0.0,403.0,924.0,0.2605,팔탄면,0.5205,0.5205,0.51093,3,ADD_FREQ,31240380,면,40.79,18.36,100.8,41590-55649,99.2,126.86385,37.1375
다사4305,night,0.170194,0.011,-0.5189,-0.7975,0.212,drt,0.0,3,1,0,0.05,0.0,103.0,196.0,0.2233,팔탄면,0.212,0.2786,0.33992,1,DRT,31240380,면,17.02,1.1,25.8,41590-55846,740.9,126.86378,37.14651
다사4306,night,0.353524,0.11858,0.2052,-0.3632,0.5684,mid,0.0,4,3,2,0.539,0.0,355.0,923.0,0.2394,팔탄면,0.5684,0.5684,0.49252,3,ADD_FREQ,31240380,면,35.35,11.86,88.8,41590-36930,276.6,126.8637,37.15553
다사4307,night,0.261461,0.011,-0.1584,-0.7975,0.6391,mid,0.0,4,2,0,0.05,0.0,187.0,600.0,0.1658,팔탄면,0.6391,0.6391,0.41912,2,DRT,31240380,면,26.15,1.1,46.8,41590-55644,573.5,126.86363,37.16454
다사4308,night,0.179027,0.167601,-0.484,-0.1653,-0.2507,mid,0.0,2,1,2,0.7463,0.013,123.0,139.0,0.4634,남양읍,-0.2507,-0.3187,0.35573,1,ADD_FREQ,31240150,읍,17.9,16.76,30.8,41590-37173,152.2,126.86355,37.17355
다사4309,night,0.396702,0.127343,0.3758,-0.3278,0.7036,mid,0.0,5,3,2,0.5788,0.0,296.0,2064.0,0.1588,팔탄면,0.7036,0.7036,0.47287,3,ADD_FREQ,31240380,면,39.67,12.73,74.0,41590-37164,252.7,126.86348,37.18257
다사4310,night,0.238851,0.021601,-0.2477,-0.7547,0.4809,mid,0.0,4,2,1,0.05,0.041,240.0,398.0,0.1708,팔탄면,0.4809,0.507,0.44712,3,DRT,31240380,면,23.89,2.16,60.0,41590-60085,671.9,126.8634,37.19158
다사4311,night,0.193733,0.211583,-0.4259,0.0123,-0.3628,mid,0.0,2,1,3,0.5328,0.43,84.0,464.0,0.0595,비봉면,-0.3628,-0.4382,0.32712,1,ADD_FREQ,31240330,면,19.37,21.16,21.0,41590-37648,280.3,126.86332,37.20059
다사4312,night,0.277518,0.246475,-0.095,0.1532,-0.2481,mid,0.0,3,2,3,0.4128,0.804,186.0,678.0,0.1667,남양읍,-0.2481,-0.2481,0.41693,2,NEW_STOP,31240150,읍,27.75,24.65,46.5,41590-37035,352.3,126.86325,37.20961
다사4313,night,0.27214,0.187479,-0.1162,-0.085,-0.0312,mid,0.0,3,2,3,0.2152,0.701,210.0,1179.0,0.0619,비봉면,-0.0312,-0.0312,0.42909,2,NEW_STOP,31240330,면,27.21,18.75,52.5,41590-55842,470.9,126.86317,37.21862
다사4314,night,0.385752,0.614368,0.3325,1.6384,-1.3059,ok,0.0,0,3,4,0.4987,5.773,163.0,145.0,0.2822,비봉면,-1.3059,-1.3059,0.39724,2,NEW_STOP,31240330,면,38.58,61.44,40.8,41590-55087,300.8,126.8631,37.22763
다사4315,night,0.601961,0.849974,1.1865,2.5896,-1.4031,ok,0.0,0,4,4,0.8975,10.863,1253.0,521.0,0.2338,비봉면,-1.4031,-1.4031,0.66723,4,ADD_FREQ,31240330,면,60.2,85.0,313.2,41590-37161,61.5,126.86302,37.23665
다사4316,night,0.404306,0.191885,0.4058,-0.0672,0.473,mid,0.0,4,3,3,0.4127,0.467,550.0,30.0,0.1927,비봉면,0.473,0.473,0.5584,3,NEW_STOP,31240330,면,40.43,19.19,137.5,41590-60124,352.4,126.86295,37.24566
다사4317,night,0.232767,0.039481,-0.2717,-0.6825,0.3832,mid,0.0,4,2,1,0.05,0.114,93.0,8.0,0.5269,비봉면,0.3832,0.4108,0.29866,1,DRT,31240330,면,23.28,3.95,23.2,41590-60123,651.7,126.86287,37.25467
다사4318,night,0.00093,0.025125,-1.1874,-0.7405,-0.0115,mid,0.0,3,0,1,0.05,0.055,0.0,3.0,0.0,비봉면,-0.0115,-0.4469,0.0,0,DRT,31240330,면,0.09,2.51,0.0,41590-37187,635.0,126.86279,37.26369
다사4400,night,0.205277,0.013625,-0.3803,-0.7869,0.3495,drt,0.0,4,2,1,0.05,0.01,153.0,398.0,0.2353,장안면,0.3495,0.4066,0.37834,2,DRT,31240390,면,20.53,1.36,38.2,41590-37179,777.8,126.87541,37.1015
다사4401,night,0.386506,0.307674,0.3355,0.4002,-0.0647,mid,0.0,3,3,3,0.4695,1.17,174.0,515.0,0.1667,팔탄면,-0.0647,-0.0647,0.38286,2,NEW_STOP,31240380,면,38.65,30.77,43.5,41590-36898,318.3,126.87533,37.11052
다사4402,night,0.252757,0.223829,-0.1928,0.0617,-0.2505,mid,0.0,2,2,3,0.3692,0.717,252.0,236.0,0.3333,팔탄면,-0.2505,-0.2545,0.44266,3,NEW_STOP,31240380,면,25.28,22.38,63.0,41590-37437,378.5,126.87526,37.11953
다사4403,night,0.099995,0.014147,-0.7961,-0.7848,-0.0061,mid,0.0,3,0,1,0.05,0.012,28.0,105.0,0.1786,팔탄면,-0.0061,-0.0113,0.19813,0,DRT,31240380,면,10.0,1.41,7.0,41590-36735,761.2,126.87519,37.12854
다사4404,night,0.204981,0.018285,-0.3815,-0.7681,0.332,drt,0.0,4,2,1,0.05,0.028,150.0,402.0,0.1533,팔탄면,0.332,0.3866,0.38623,2,DRT,31240380,면,20.5,1.83,37.5,41590-55942,630.0,126.87511,37.13756
다사4405,night,0.235972,0.147137,-0.2591,-0.2479,-0.0105,mid,0.0,3,2,2,0.5677,0.088,233.0,407.0,0.279,팔탄면,-0.0105,-0.0112,0.4339,2,ADD_FREQ,31240380,면,23.6,14.71,58.2,41590-55846,259.4,126.87504,37.14657
다사4406,night,0.281095,0.092554,-0.0808,-0.4682,0.3874,mid,0.0,4,3,2,0.2182,0.184,239.0,299.0,0.1967,팔탄면,0.3874,0.3874,0.44672,3,NEW_STOP,31240380,면,28.11,9.26,59.8,41590-37052,469.1,126.87496,37.15559
다사4407,night,0.391023,0.187061,0.3533,-0.0867,0.44,mid,0.0,4,3,3,0.7827,0.058,281.0,1075.0,0.0641,팔탄면,0.44,0.44,0.46714,3,ADD_FREQ,31240380,면,39.1,18.71,70.2,41590-55642,130.4,126.87489,37.1646
다사4408,night,0.402997,0.27416,0.4006,0.2649,0.1357,mid,0.0,3,3,3,0.7083,0.566,364.0,1167.0,0.1346,팔탄면,0.1357,0.1357,0.50174,3,ADD_FREQ,31240380,면,40.3,27.42,91.0,41590-37182,175.0,126.87482,37.17361
다사4409,night,0.219247,0.014147,-0.3251,-0.7848,0.4124,mid,0.0,4,2,1,0.05,0.012,199.0,915.0,0.1809,팔탄면,0.4124,0.4597,0.42489,2,DRT,31240380,면,21.92,1.41,49.8,41590-60042,741.2,126.87474,37.18263
다사4410,night,0.263003,0.201874,-0.1523,-0.0269,-0.1254,mid,0.0,3,2,3,0.6548,0.245,134.0,420.0,0.2687,팔탄면,-0.1254,-0.1254,0.3794,2,ADD_FREQ,31240380,면,26.3,20.19,33.5,41590-36973,207.1,126.87467,37.19164
다사4411,night,0.357467,0.253766,0.2208,0.1826,0.0382,mid,0.0,3,3,3,0.5735,0.622,280.0,693.0,0.2679,비봉면,0.0382,0.0382,0.45695,3,ADD_FREQ,31240330,면,35.75,25.38,70.0,41590-37713,255.9,126.87459,37.20065
다사4412,night,0.209096,0.068603,-0.3652,-0.5649,0.1738,drt,0.0,3,2,1,0.3118,0.0,121.0,194.0,0.3388,비봉면,0.1738,0.1997,0.35857,1,NEW_STOP,31240330,면,20.91,6.86,30.2,41590-55823,412.9,126.87452,37.20967
다사4413,night,0.066993,0.176308,-0.9265,-0.1301,-0.3306,mid,0.0,2,0,3,0.4923,0.294,13.0,154.0,0.3846,비봉면,-0.3306,-0.7964,0.1034,0,NEW_STOP,31240330,면,6.7,17.63,3.2,41590-37755,304.6,126.87444,37.21868
다사4414,night,0.188553,0.215548,-0.4463,0.0283,-0.3861,mid,0.0,2,1,3,0.4117,0.606,133.0,114.0,0.3308,비봉면,-0.3861,-0.4747,0.37089,2,NEW_STOP,31240330,면,18.86,21.55,33.2,41590-55380,353.0,126.87437,37.22769
다사4415,night,0.608528,0.806021,1.2124,2.4122,-1.1998,ok,0.0,1,4,4,0.9342,8.74,1105.0,955.0,0.181,비봉면,-1.1998,-1.1998,0.65195,4,ADD_FREQ,31240330,면,60.85,80.6,276.2,41590-37186,39.5,126.8743,37.23671
다사4416,night,0.673552,0.333444,1.4692,0.5043,0.9649,need,1.5856,5,4,3,0.8035,0.811,2017.0,304.0,0.2593,비봉면,0.9649,0.9649,0.73542,4,ADD_FREQ,31240330,면,67.36,33.34,504.2,41590-60020,117.9,126.87422,37.24572
다사4417,night,0.309349,0.207833,0.0308,-0.0028,0.0336,mid,0.0,3,3,3,0.6063,0.326,78.0,66.0,0.5641,비봉면,0.0336,0.0336,0.32343,1,ADD_FREQ,31240330,면,30.93,20.78,19.5,41590-37729,236.2,126.87415,37.25473
다사4418,night,0.338774,0.322953,0.147,0.4619,-0.315,mid,0.0,2,3,3,0.4403,1.356,395.0,177.0,0.4025,매송면,-0.315,-0.315,0.50215,3,NEW_STOP,31240310,면,33.88,32.3,98.8,41590-37599,335.8,126.87407,37.26375
다사4419,night,0.13484,0.011,-0.6585,-0.7975,0.0909,mid,0.0,3,1,0,0.05,0.0,48.0,3.0,0.6458,매송면,0.0909,0.139,0.26968,1,DRT,31240310,면,13.48,1.1,12.0,41590-37187,658.7,126.874,37.27276
다사4500,night,0.193067,0.15433,-0.4285,-0.2188,-0.1732,mid,0.0,3,1,2,0.7015,0.0,138.0,195.0,0.2246,팔탄면,-0.1732,-0.2097,0.38613,2,ADD_FREQ,31240380,면,19.31,15.43,34.5,41590-55480,179.1,126.88666,37.10156
다사4501,night,0.33415,0.161232,0.1287,-0.191,0.3197,mid,0.0,4,3,2,0.1828,0.582,188.0,149.0,0.2872,팔탄면,0.3197,0.3197,0.40383,2,NEW_STOP,31240380,면,33.42,16.12,47.0,41590-37206,490.3,126.88659,37.11058
다사4502,night,0.321095,0.34171,0.0771,0.5376,-0.4605,mid,0.0,2,3,3,0.6578,1.11,326.0,315.0,0.2301,팔탄면,-0.4605,-0.4605,0.47259,3,ADD_FREQ,31240380,면,32.11,34.17,81.5,41590-37216,205.3,126.88652,37.11959
다사4503,night,0.313365,0.301009,0.0466,0.3733,-0.3267,mid,0.0,2,3,3,0.7165,0.722,604.0,526.0,0.1871,팔탄면,-0.3267,-0.3267,0.56639,3,ADD_FREQ,31240380,면,31.34,30.1,151.0,41590-37360,170.1,126.88644,37.1286
다사4504,night,0.286731,0.17197,-0.0586,-0.1476,0.089,mid,0.0,3,3,3,0.6707,0.097,203.0,1050.0,0.0493,팔탄면,0.089,0.089,0.43126,2,ADD_FREQ,31240380,면,28.67,17.2,50.8,41590-37413,197.6,126.88637,37.13762
다사4505,night,0.245394,0.076963,-0.2218,-0.5312,0.2986,mid,0.0,4,2,2,0.3498,0.0,305.0,723.0,0.2131,팔탄면,0.2986,0.3093,0.47046,3,NEW_STOP,31240380,면,24.54,7.7,76.2,41590-36451,390.1,126.8863,37.14663
다사4506,night,0.295155,0.237439,-0.0253,0.1167,-0.142,mid,0.0,3,3,3,0.7665,0.298,240.0,636.0,0.2167,팔탄면,-0.142,-0.142,0.44024,3,ADD_FREQ,31240380,면,29.52,23.74,60.0,41590-37402,140.1,126.88623,37.15564
다사4507,night,0.399999,0.051513,0.3888,-0.6339,1.0227,need,1.28135,5,3,1,0.1745,0.051,266.0,2253.0,0.203,팔탄면,1.0227,1.0227,0.45688,3,NEW_STOP,31240380,면,40.0,5.15,66.5,41590-55911,495.3,126.88615,37.16466
다사4508,night,0.43359,0.212632,0.5215,0.0165,0.5049,mid,0.0,4,3,3,0.2975,0.747,645.0,2525.0,0.0636,팔탄면,0.5049,0.5049,0.58765,4,NEW_STOP,31240380,면,43.36,21.26,161.2,41590-55004,421.5,126.88608,37.17367
다사4509,night,0.350931,0.426882,0.195,0.8815,-0.6865,mid,0.0,2,3,4,0.7427,1.715,188.0,1200.0,0.1809,팔탄면,-0.6865,-0.6865,0.4212,2,ADD_FREQ,31240380,면,35.09,42.69,47.0,41590-55006,154.4,126.88601,37.18269
다사4510,night,0.417601,0.348431,0.4583,0.5648,-0.1065,mid,0.0,3,3,3,0.4937,1.482,321.0,1293.0,0.1371,팔탄면,-0.1065,-0.1065,0.48626,3,NEW_STOP,31240380,면,41.76,34.84,80.2,41590-37209,303.8,126.88593,37.1917
다사4511,night,0.295028,0.277769,-0.0258,0.2795,-0.3053,mid,0.0,2,3,3,0.9675,0.279,111.0,755.0,0.3243,비봉면,-0.3053,-0.3053,0.3541,1,ADD_FREQ,31240330,면,29.5,27.78,27.8,41590-37213,19.5,126.88586,37.20071
다사4512,night,0.132545,0.011,-0.6676,-0.7975,0.084,mid,0.0,3,1,0,0.05,0.0,63.0,8.0,0.4127,비봉면,0.084,0.1299,0.26509,1,DRT,31240330,면,13.25,1.1,15.8,41590-36712,956.6,126.88579,37.20973
다사4513,night,0.112687,0.011,-0.746,-0.7975,0.03,mid,0.0,3,0,0,0.05,0.0,36.0,0.0,0.0,비봉면,0.03,0.0515,0.22537,1,DRT,31240330,면,11.27,1.1,9.0,41590-37755,1009.1,126.88571,37.21874
다사4514,night,0.0,0.066042,-1.1911,-0.5753,-0.0,mid,0.0,3,0,1,0.05,0.232,0.0,0.0,0.0,비봉면,-0.0,-0.6158,0.0,0,DRT,31240330,면,0.0,6.6,0.0,41590-37188,664.5,126.88564,37.22775
다사4515,night,0.105698,0.328847,-0.7736,0.4857,-0.7032,mid,0.0,1,0,3,0.2057,1.93,13.0,14.0,1.1538,비봉면,-0.7032,-1.2593,0.12515,0,NEW_STOP,31240330,면,10.57,32.88,3.2,41590-37207,476.6,126.88557,37.23677
다사4516,night,0.199206,0.259989,-0.4043,0.2077,-0.5159,mid,0.0,2,2,3,0.3822,0.948,93.0,160.0,0.5806,비봉면,-0.5159,-0.612,0.33132,1,NEW_STOP,31240330,면,19.92,26.0,23.2,41590-37612,370.7,126.8855,37.24578
다사4517,night,0.044301,0.03057,-1.0161,-0.7185,-0.0944,mid,0.0,3,0,1,0.05,0.077,8.0,3.0,0.625,비봉면,-0.0944,-0.2976,0.0761,0,DRT,31240330,면,4.43,3.06,2.0,41590-37218,641.1,126.88542,37.25479
다사4518,night,0.460205,0.470068,0.6266,1.0559,-0.4293,mid,0.0,2,4,4,0.6235,2.532,846.0,172.0,0.2801,매송면,-0.4293,-0.4293,0.61114,4,ADD_FREQ,31240310,면,46.02,47.01,211.5,41590-37614,225.9,126.88535,37.26381
다사4519,night,0.276499,0.122027,-0.099,-0.3493,0.2503,mid,0.0,4,2,2,0.5547,0.0,123.0,256.0,0.3171,매송면,0.2503,0.2503,0.36268,2,ADD_FREQ,31240310,면,27.65,12.2,30.8,41590-37215,267.2,126.88528,37.27282
다사4520,night,0.230457,0.17072,-0.2808,-0.1527,-0.1188,mid,0.0,3,2,3,0.776,0.0,190.0,703.0,0.3947,매송면,-0.1188,-0.1282,0.40057,2,ADD_FREQ,31240310,면,23.05,17.07,47.5,41590-37210,134.4,126.8852,37.28183
다사4600,night,0.841104,0.783835,2.131,2.3226,-0.1916,ok,0.0,3,4,4,0.5748,11.083,8452.0,738.0,0.0745,향남읍,-0.1916,-0.1916,0.9513,4,ADD_FREQ,31240140,읍,84.11,78.38,2113.0,41590-55483,255.1,126.89792,37.10162
다사4601,night,0.611154,0.598623,1.2228,1.5749,-0.3521,ok,0.0,2,4,4,0.5798,4.963,2852.0,384.0,0.0624,향남읍,-0.3521,-0.3521,0.7971,4,ADD_FREQ,31240140,읍,61.12,59.86,713.0,41590-36762,252.1,126.89784,37.11063
다사4602,night,0.415352,0.238793,0.4494,0.1222,0.3273,mid,0.0,4,3,3,0.2963,0.931,1428.0,57.0,0.0357,향남읍,0.3273,0.3273,0.6952,4,NEW_STOP,31240140,읍,41.54,23.88,357.0,41590-37225,422.2,126.89777,37.11965
다사4603,night,0.770313,0.50056,1.8514,1.179,0.6724,mid,0.0,4,4,4,0.5385,3.256,5910.0,721.0,0.1291,향남읍,0.6724,0.6724,0.89472,4,ADD_FREQ,31240140,읍,77.03,50.06,1477.5,41590-36908,276.9,126.8977,37.12866
다사4604,night,0.27621,0.378504,-0.1001,0.6862,-0.7863,mid,0.0,1,2,4,0.6782,1.385,216.0,714.0,0.5509,향남읍,-0.7863,-0.7863,0.41783,2,ADD_FREQ,31240140,읍,27.62,37.85,54.0,41590-55114,193.1,126.89763,37.13767
다사4605,night,0.290421,0.489104,-0.044,1.1327,-1.1767,mid,0.0,1,3,4,0.6912,2.588,153.0,436.0,0.1895,팔탄면,-1.1767,-1.1767,0.39052,2,ADD_FREQ,31240380,면,29.04,48.91,38.2,41590-37234,185.3,126.89756,37.14669
다사4606,night,0.373938,0.543326,0.2859,1.3516,-1.0658,mid,0.0,1,3,4,0.773,3.116,135.0,581.0,0.1333,팔탄면,-1.0658,-1.0658,0.36667,2,ADD_FREQ,31240380,면,37.39,54.33,33.8,41590-36803,136.2,126.89749,37.1557
다사4607,night,0.547127,0.359888,0.9699,0.611,0.3589,mid,0.0,4,4,3,0.528,1.519,739.0,2845.0,0.161,팔탄면,0.3589,0.3589,0.59832,4,ADD_FREQ,31240380,면,54.71,35.99,184.8,41590-55387,283.2,126.89742,37.16472
다사4608,night,0.409259,0.193935,0.4254,-0.0589,0.4843,mid,0.0,4,3,3,0.2502,0.693,318.0,1387.0,0.1069,팔탄면,0.4843,0.4843,0.48072,3,NEW_STOP,31240380,면,40.93,19.39,79.5,41590-55876,449.9,126.89734,37.17373
다사4609,night,0.181635,0.011,-0.4737,-0.7975,0.2571,drt,0.0,4,1,0,0.05,0.0,133.0,103.0,0.2331,팔탄면,0.2571,0.3238,0.36327,2,DRT,31240380,면,18.16,1.1,33.2,41590-37766,852.4,126.89727,37.18274
다사4610,night,0.210491,0.07579,-0.3597,-0.5359,0.154,drt,0.0,3,2,2,0.3445,0.0,134.0,593.0,0.2687,팔탄면,0.154,0.1762,0.36964,2,NEW_STOP,31240380,면,21.05,7.58,33.5,41590-37249,393.3,126.8972,37.19176
다사4611,night,0.24729,0.1694,-0.2144,-0.158,-0.0547,mid,0.0,3,2,3,0.77,0.0,193.0,289.0,0.5078,비봉면,-0.0547,-0.0564,0.40275,2,ADD_FREQ,31240330,면,24.73,16.94,48.2,41590-37233,138.0,126.89713,37.20077
다사4612,night,0.137769,0.011,-0.6469,-0.7975,0.0999,mid,0.0,3,1,0,0.05,0.0,58.0,30.0,0.5862,비봉면,0.0999,0.1506,0.27391,1,DRT,31240330,면,13.78,1.1,14.5,41590-37226,753.7,126.89706,37.20978
다사4613,night,0.038052,0.011,-1.0408,-0.7975,-0.0699,mid,0.0,3,0,0,0.05,0.0,8.0,0.0,0.625,비봉면,-0.0699,-0.2433,0.0761,0,DRT,31240330,면,3.81,1.1,2.0,41590-37226,1665.6,126.89699,37.2188
다사4614,night,0.115542,0.011,-0.7347,-0.7975,0.0371,mid,0.0,3,1,0,0.05,0.0,28.0,3.0,0.8214,비봉면,0.0371,0.0628,0.23108,1,DRT,31240330,면,11.55,1.1,7.0,41590-37246,852.0,126.89691,37.22781
다사4615,night,0.21208,0.096019,-0.3534,-0.4543,0.0885,drt,0.0,3,2,2,0.4233,0.011,218.0,120.0,0.4587,비봉면,0.0885,0.1008,0.41977,2,NEW_STOP,31240330,면,21.21,9.6,54.5,41590-37246,346.0,126.89684,37.23682
다사4616,night,0.296852,0.581699,-0.0186,1.5065,-1.5251,mid,0.0,0,3,4,0.5388,4.787,196.0,127.0,0.4235,비봉면,-1.5251,-1.5251,0.40194,2,ADD_FREQ,31240330,면,29.69,58.17,49.0,41590-37237,276.7,126.89677,37.24584
다사4617,night,0.181496,0.439829,-0.4742,0.9338,-1.1172,mid,0.0,1,1,4,0.9125,1.475,113.0,67.0,0.4425,매송면,-1.1172,-1.408,0.34961,1,ADD_FREQ,31240310,면,18.15,43.98,28.2,41590-37180,52.5,126.8967,37.25485
다사4618,night,0.111916,0.011,-0.749,-0.7975,0.0281,mid,0.0,3,0,0,0.05,0.0,28.0,72.0,0.5357,매송면,0.0281,0.0485,0.22383,1,DRT,31240310,면,11.19,1.1,7.0,41590-37178,819.1,126.89663,37.26387
다사4619,night,0.160138,0.011,-0.5586,-0.7975,0.1748,drt,0.0,3,1,0,0.05,0.0,68.0,54.0,0.4559,매송면,0.1748,0.2389,0.32028,1,DRT,31240310,면,16.01,1.1,17.0,41590-37215,893.0,126.89655,37.27288
다사4620,night,0.077956,0.13915,-0.8832,-0.2801,-0.2763,mid,0.0,2,0,2,0.6325,0.0,23.0,50.0,0.6522,매송면,-0.2763,-0.603,0.15591,0,ADD_FREQ,31240310,면,7.8,13.92,5.8,41590-55421,220.5,126.89648,37.28189
다사4700,night,0.573116,0.479161,1.0725,1.0926,-0.02,mid,0.0,3,4,4,0.7945,2.17,3003.0,192.0,0.0982,향남읍,-0.02,-0.02,0.80264,4,ADD_FREQ,31240140,읍,57.31,47.92,750.8,41590-60091,123.3,126.90917,37.10168
다사4701,night,0.878575,0.75243,2.279,2.1958,0.0832,ok,0.0,3,4,4,0.7415,8.335,6976.0,1413.0,0.0626,향남읍,0.0832,0.0832,0.92326,4,ADD_FREQ,31240140,읍,87.86,75.24,1744.0,41590-55323,155.1,126.9091,37.11069
다사4702,night,0.908499,0.425863,2.3972,0.8774,1.5198,need,2.25727,6,4,4,0.5973,2.053,7845.0,1928.0,0.0857,향남읍,1.5198,1.5198,0.93892,4,ADD_FREQ,31240140,읍,90.85,42.59,1961.2,41590-55288,241.6,126.90903,37.1197
다사4703,night,0.954384,0.741719,2.5784,2.1526,0.4258,ok,0.0,4,4,4,0.849,7.195,6447.0,3058.0,0.1053,향남읍,0.4258,0.4258,0.90877,4,ADD_FREQ,31240140,읍,95.44,74.17,1611.8,41590-37265,90.6,126.90896,37.12872
다사4704,night,0.931112,0.679325,2.4865,1.9007,0.5858,ok,0.0,4,4,4,0.7952,5.766,4724.0,839.0,0.1397,향남읍,0.5858,0.5858,0.86222,4,ADD_FREQ,31240140,읍,93.11,67.93,1181.0,41590-36626,122.9,126.90889,37.13773
다사4705,night,0.127849,0.011,-0.6861,-0.7975,0.0704,mid,0.0,3,1,0,0.05,0.0,53.0,27.0,0.0943,향남읍,0.0704,0.1114,0.2557,1,DRT,31240140,읍,12.78,1.1,13.2,41590-37240,865.4,126.90882,37.14674
다사4706,night,0.24134,0.094287,-0.2379,-0.4612,0.2133,mid,0.0,3,2,2,0.0758,0.342,93.0,313.0,0.3011,팔탄면,0.2133,0.2234,0.32969,1,DRT,31240380,면,24.13,9.43,23.2,41590-37257,554.5,126.90875,37.15576
다사4707,night,0.55729,0.22712,1.01,0.075,0.935,need,1.37168,5,4,3,0.252,0.917,1369.0,485.0,0.1936,팔탄면,0.935,0.935,0.68099,4,NEW_STOP,31240380,면,55.73,22.71,342.2,41590-55713,448.8,126.90868,37.16477
다사4708,night,0.274751,0.27284,-0.1059,0.2596,-0.3655,mid,0.0,2,2,3,0.6728,0.605,326.0,453.0,0.2515,팔탄면,-0.3655,-0.3655,0.47876,3,ADD_FREQ,31240380,면,27.48,27.28,81.5,41590-55878,196.3,126.90861,37.17379
다사4709,night,0.275343,0.257748,-0.1036,0.1987,-0.3022,mid,0.0,2,2,3,0.7063,0.474,338.0,52.0,0.2811,팔탄면,-0.3022,-0.3022,0.47977,3,ADD_FREQ,31240380,면,27.53,25.77,84.5,41590-55702,176.2,126.90854,37.1828
다사4710,night,0.257984,0.270972,-0.1721,0.2521,-0.423,mid,0.0,2,2,3,0.8463,0.379,261.0,101.0,0.2989,팔탄면,-0.423,-0.4242,0.44678,3,ADD_FREQ,31240380,면,25.8,27.1,65.2,41590-55765,92.2,126.90847,37.19181
다사4711,night,0.110296,0.094332,-0.7554,-0.4611,-0.169,mid,0.0,3,0,2,0.398,0.026,33.0,12.0,0.697,봉담읍,-0.169,-0.2944,0.21121,0,NEW_STOP,31240120,읍,11.03,9.43,8.2,41590-36055,361.2,126.9084,37.20083
다사4712,night,0.021224,0.011,-1.1072,-0.7975,-0.0609,mid,0.0,3,0,0,0.05,0.0,5.0,0.0,1.0,봉담읍,-0.0609,-0.3097,0.04245,0,DRT,31240120,읍,2.12,1.1,1.2,41590-36055,1316.8,126.90833,37.20984
다사4713,night,0.0,0.011,-1.1911,-0.7975,-0.0,mid,0.0,3,0,0,0.05,0.0,0.0,0.0,0.0,봉담읍,-0.0,-0.3936,0.0,0,DRT,31240120,읍,0.0,1.1,0.0,41590-36596,1541.0,126.90826,37.21885
다사4714,night,0.0,0.080823,-1.1911,-0.5156,-0.0,mid,0.0,3,0,2,0.05,0.303,0.0,0.0,0.0,비봉면,-0.0,-0.6755,0.0,0,DRT,31240330,면,0.0,8.08,0.0,41590-37246,620.1,126.90819,37.22787
다사4715,night,0.079161,0.107375,-0.8784,-0.4084,-0.2175,mid,0.0,3,0,2,0.06,0.429,28.0,8.0,0.3571,비봉면,-0.2175,-0.47,0.15739,0,DRT,31240330,면,7.92,10.74,7.0,41590-37246,564.0,126.90812,37.23688
다사4716,night,0.434226,0.47404,0.524,1.0719,-0.5479,mid,0.0,2,3,4,0.4123,3.276,113.0,90.0,0.4336,매송면,-0.5479,-0.5479,0.35385,1,NEW_STOP,31240310,면,43.42,47.4,28.2,41590-37565,352.6,126.90804,37.2459
다사4717,night,0.4015,0.504582,0.3947,1.1952,-0.8005,mid,0.0,1,3,4,0.5033,3.45,283.0,169.0,0.4064,매송면,-0.8005,-0.8005,0.45812,3,ADD_FREQ,31240310,면,40.15,50.46,70.8,41590-37263,298.0,126.90797,37.25491
다사4718,night,0.207541,0.391514,-0.3714,0.7387,-0.9611,mid,0.0,1,2,4,0.4718,1.976,104.0,72.0,0.5096,매송면,-0.9611,-1.1101,0.33654,1,NEW_STOP,31240310,면,20.75,39.15,26.0,41590-60112,316.9,126.9079,37.26392
다사4719,night,0.065379,0.254246,-0.9328,0.1845,-0.4566,mid,0.0,2,0,3,0.8522,0.288,0.0,90.0,0.0,매송면,-0.4566,-1.1174,0.0,0,ADD_FREQ,31240310,면,6.54,25.42,0.0,41590-60038,88.7,126.90783,37.27294
다사4720,night,0.172104,0.353929,-0.5113,0.587,-0.8419,mid,0.0,1,1,3,0.9187,0.778,93.0,46.0,0.5054,매송면,-0.8419,-1.0983,0.31964,1,ADD_FREQ,31240310,면,17.21,35.39,23.2,41590-55421,48.8,126.90776,37.28195
다사4800,night,0.188785,0.033257,-0.4454,-0.7076,0.2135,drt,0.0,3,1,1,0.1512,0.0,113.0,130.0,0.3894,향남읍,0.2135,0.2622,0.34698,1,NEW_STOP,31240140,읍,18.88,3.33,28.2,41590-60048,509.3,126.92042,37.10173
다사4801,night,0.698006,0.36552,1.5658,0.6338,0.932,need,1.32859,5,4,3,0.8968,0.892,6782.0,427.0,0.0653,향남읍,0.932,0.932,0.91886,4,ADD_FREQ,31240140,읍,69.8,36.55,1695.5,41590-55332,61.9,126.92035,37.11075
다사4802,night,0.774874,0.654679,1.8694,1.8012,0.0682,ok,0.0,3,4,4,0.7558,5.368,4646.0,729.0,0.1408,향남읍,0.0682,0.0682,0.86138,4,ADD_FREQ,31240140,읍,77.49,65.47,1161.5,41590-37281,146.5,126.92028,37.11976
다사4803,night,1.0,0.875522,2.7586,2.6927,0.0658,ok,0.0,3,4,4,0.823,12.907,17194.0,4345.0,0.0803,향남읍,0.0658,0.0658,1.0,4,ADD_FREQ,31240140,읍,100.0,87.55,4298.5,41590-55084,106.2,126.92022,37.12877
다사4804,night,0.704281,0.614333,1.5906,1.6383,-0.0477,ok,0.0,3,4,4,0.6785,4.829,1412.0,1673.0,0.2486,향남읍,-0.0477,-0.0477,0.68331,4,ADD_FREQ,31240140,읍,70.43,61.43,353.0,41590-55368,192.9,126.92015,37.13779
다사4805,night,0.402187,0.529103,0.3974,1.2942,-0.8968,mid,0.0,1,3,4,0.7257,3.057,548.0,219.0,0.323,팔탄면,-0.8968,-0.8968,0.54731,3,ADD_FREQ,31240380,면,40.22,52.91,137.0,41590-36764,164.6,126.92008,37.1468
다사4806,night,0.386183,0.084547,0.3342,-0.5006,0.8348,need,1.00114,5,3,2,0.242,0.126,543.0,1787.0,0.1087,봉담읍,0.8348,0.8348,0.56206,3,NEW_STOP,31240120,읍,38.62,8.45,135.8,41590-36620,454.8,126.92001,37.15581
다사4807,night,0.23269,0.18337,-0.272,-0.1016,-0.1589,mid,0.0,3,2,3,0.8335,0.0,140.0,442.0,0.2071,봉담읍,-0.1589,-0.1704,0.37167,2,ADD_FREQ,31240120,읍,23.27,18.34,35.0,41590-55729,99.9,126.91994,37.16483
다사4808,night,0.027643,0.011,-1.0819,-0.7975,-0.0664,mid,0.0,3,0,0,0.05,0.0,5.0,5.0,0.0,봉담읍,-0.0664,-0.2844,0.05389,0,DRT,31240120,읍,2.76,1.1,1.2,41590-55788,606.3,126.91987,37.17384
다사4809,night,0.140488,0.011,-0.6362,-0.7975,0.1084,mid,0.0,3,1,0,0.05,0.0,56.0,57.0,0.4643,팔탄면,0.1084,0.1613,0.28098,1,DRT,31240380,면,14.05,1.1,14.0,41590-55881,1097.3,126.9198,37.18286
다사4810,night,0.111698,0.014668,-0.7499,-0.7827,0.019,mid,0.0,3,0,1,0.05,0.014,38.0,41.0,0.4737,봉담읍,0.019,0.0328,0.22038,0,DRT,31240120,읍,11.17,1.47,9.5,41590-55851,750.6,126.91973,37.19187
다사4811,night,0.24053,0.26128,-0.2411,0.2129,-0.4326,mid,0.0,2,2,3,0.7338,0.46,148.0,192.0,0.2973,봉담읍,-0.4326,-0.454,0.37223,2,ADD_FREQ,31240120,읍,24.05,26.13,37.0,41590-36060,159.7,126.91967,37.20088
다사4812,night,0.157872,0.011,-0.5675,-0.7975,0.1667,mid,0.0,3,1,0,0.05,0.0,73.0,5.0,0.5753,봉담읍,0.1667,0.23,0.31574,1,DRT,31240120,읍,15.79,1.1,18.2,41590-36067,1054.9,126.9196,37.2099
다사4813,night,0.498035,0.024875,0.776,-0.7415,1.5175,need,1.90543,6,4,1,0.05,0.054,1828.0,31.0,0.0569,봉담읍,1.5175,1.5175,0.73145,4,DRT,31240120,읍,49.8,2.49,457.0,41590-36596,688.7,126.91953,37.21891
다사4814,night,0.610952,0.059758,1.222,-0.6006,1.8226,need,2.35027,6,4,1,0.05,0.203,2827.0,149.0,0.0481,봉담읍,1.8226,1.8226,0.7931,4,DRT,31240120,읍,61.1,5.98,706.8,41590-36596,656.8,126.91946,37.22792
다사4815,night,0.184776,0.137941,-0.4613,-0.285,-0.1415,mid,0.0,3,1,2,0.2592,0.359,113.0,5.0,0.4867,봉담읍,-0.1415,-0.1763,0.35573,1,NEW_STOP,31240120,읍,18.48,13.79,28.2,41590-55779,444.5,126.91939,37.23694
다사4816,night,0.367647,0.518027,0.261,1.2495,-0.9885,ok,0.0,1,3,4,0.2813,4.635,173.0,169.0,0.3295,매송면,-0.9885,-0.9885,0.39993,2,NEW_STOP,31240310,면,36.76,51.8,43.2,41590-37290,431.2,126.91932,37.24595
다사4817,night,0.328525,0.550282,0.1065,1.3797,-1.2732,mid,0.0,0,3,4,0.2772,5.39,175.0,119.0,0.3257,매송면,-1.2732,-1.2732,0.40312,2,NEW_STOP,31240310,면,32.85,55.03,43.8,41590-60114,433.7,126.91925,37.25496
다사4818,night,0.085394,0.164065,-0.8538,-0.1795,-0.3277,mid,0.0,2,0,2,0.074,0.751,18.0,17.0,0.7222,매송면,-0.3277,-0.6742,0.16503,0,DRT,31240310,면,8.54,16.41,4.5,41590-60083,555.6,126.91918,37.26398
다사4819,night,0.09585,0.011,-0.8125,-0.7975,-0.0079,mid,0.0,3,0,0,0.05,0.0,18.0,9.0,0.8333,매송면,-0.0079,-0.015,0.1917,0,DRT,31240310,면,9.59,1.1,4.5,41590-60038,829.6,126.91911,37.27299
다사4820,night,0.0,0.011,-1.1911,-0.7975,-0.0,mid,0.0,3,0,0,0.05,0.0,0.0,0.0,0.0,매송면,-0.0,-0.3936,0.0,0,DRT,31240310,면,0.0,1.1,0.0,41590-55453,900.4,126.91904,37.28201
다사4900,night,0.252809,0.029627,-0.1926,-0.7223,0.5214,mid,0.0,4,2,1,0.1347,0.0,231.0,425.0,0.2251,양감면,0.5214,0.5297,0.43557,2,DRT,31240420,면,25.28,2.96,57.8,41590-36087,519.2,126.93168,37.10179
다사4901,night,0.337892,0.193857,0.1435,-0.0593,0.2027,mid,0.0,3,3,3,0.8812,0.0,421.0,418.0,0.285,향남읍,0.2027,0.2027,0.51097,3,ADD_FREQ,31240140,읍,33.79,19.39,105.2,41590-37307,71.3,126.93161,37.1108
다사4902,night,0.237762,0.011,-0.252,-0.7975,0.5159,mid,0.0,4,2,0,0.05,0.0,301.0,385.0,0.103,향남읍,0.5159,0.5455,0.47136,3,DRT,31240140,읍,23.78,1.1,75.2,41590-37980,747.8,126.93154,37.11981
다사4903,night,0.749975,0.377629,1.7711,0.6827,1.0884,need,1.57638,5,4,4,0.7022,1.33,8265.0,1262.0,0.0651,향남읍,1.0884,1.0884,0.94796,4,ADD_FREQ,31240140,읍,75.0,37.76,2066.2,41590-37023,178.7,126.93147,37.12883
다사4904,night,0.292566,0.10956,-0.0355,-0.3996,0.364,mid,0.0,4,3,2,0.498,0.0,686.0,29.0,0.1924,향남읍,0.364,0.364,0.58189,4,NEW_STOP,31240140,읍,29.26,10.96,171.5,41590-55045,301.2,126.93141,37.13784
다사4905,night,0.224426,0.07018,-0.3047,-0.5586,0.2313,mid,0.0,3,2,2,0.319,0.0,216.0,561.0,0.2546,봉담읍,0.2313,0.2539,0.42512,2,NEW_STOP,31240120,읍,22.44,7.02,54.0,41590-37009,408.6,126.93134,37.14686
다사4906,night,0.503559,0.174974,0.7978,-0.1355,0.9333,need,1.18642,5,4,3,0.5068,0.272,740.0,1516.0,0.1284,팔탄면,0.9333,0.9333,0.59416,4,ADD_FREQ,31240380,면,50.36,17.5,185.0,41590-37302,295.9,126.93127,37.15587
다사4907,night,0.597092,0.529657,1.1672,1.2964,-0.1292,mid,0.0,3,4,4,0.8682,2.61,1082.0,540.0,0.2052,봉담읍,-0.1292,-0.1292,0.64756,4,ADD_FREQ,31240120,읍,59.71,52.97,270.5,41590-36073,79.1,126.9312,37.16488
다사4908,night,0.566194,0.322134,1.0452,0.4586,0.5866,mid,0.0,4,4,3,0.6397,0.989,1524.0,845.0,0.2966,봉담읍,0.5866,0.5866,0.69315,4,ADD_FREQ,31240120,읍,56.62,32.21,381.0,41590-55707,216.2,126.93114,37.1739
다사4909,night,0.464837,0.192274,0.6449,-0.0657,0.7105,mid,0.0,5,4,3,0.05,0.988,596.0,1302.0,0.2819,봉담읍,0.7105,0.7105,0.56188,3,DRT,31240120,읍,46.48,19.23,149.0,41590-36083,664.3,126.93107,37.18291
다사4910,night,0.351917,0.067537,0.1989,-0.5692,0.7681,mid,0.0,5,3,1,0.05,0.239,661.0,900.0,0.2254,봉담읍,0.7681,0.7681,0.57765,4,DRT,31240120,읍,35.19,6.75,165.2,41590-36090,701.1,126.931,37.19192
다사4911,night,0.220755,0.258028,-0.3192,0.1998,-0.4677,mid,0.0,2,2,3,0.613,0.595,133.0,363.0,0.3158,봉담읍,-0.4677,-0.519,0.37477,2,ADD_FREQ,31240120,읍,22.08,25.8,33.2,41590-36072,232.2,126.93093,37.20094
다사4912,night,0.068064,0.014407,-0.9222,-0.7837,-0.0581,mid,0.0,3,0,1,0.05,0.013,8.0,3.0,1.25,봉담읍,-0.0581,-0.1385,0.1352,0,DRT,31240120,읍,6.81,1.44,2.0,41590-36069,754.4,126.93087,37.20995
다사4913,night,0.222097,0.080471,-0.3139,-0.517,0.1838,mid,0.0,3,2,2,0.3292,0.031,58.0,5.0,0.2759,봉담읍,0.1838,0.2032,0.25141,1,NEW_STOP,31240120,읍,22.21,8.05,14.5,41590-36080,402.5,126.9308,37.21896
다사4914,night,0.691108,0.35989,1.5386,0.611,0.9275,need,1.20825,5,4,3,0.764,1.069,3560.0,133.0,0.0413,봉담읍,0.9275,0.9275,0.82704,4,ADD_FREQ,31240120,읍,69.11,35.99,890.0,41590-36070,141.6,126.93073,37.22798
다사4915,night,0.18594,0.112403,-0.4567,-0.3881,-0.0553,drt,0.0,3,1,2,0.1352,0.368,123.0,18.0,0.4065,봉담읍,-0.0553,-0.0686,0.35894,1,DRT,31240120,읍,18.59,11.24,30.8,41590-55324,518.9,126.93066,37.23699
다사4916,night,0.57797,0.798145,1.0917,2.3804,-1.2887,ok,0.0,0,4,4,0.9492,8.336,872.0,258.0,0.3028,매송면,-1.2887,-1.2887,0.61344,4,ADD_FREQ,31240310,면,57.8,79.81,218.0,41590-37304,30.5,126.93059,37.24601
다사4917,night,0.39448,0.102205,0.367,-0.4293,0.7963,need,1.16604,5,3,2,0.05,0.413,918.0,123.0,0.2244,매송면,0.7963,0.7963,0.62095,4,DRT,31240310,면,39.45,10.22,229.5,41590-37298,739.8,126.93053,37.25502
다사5000,night,0.211876,0.136033,-0.3542,-0.2927,-0.054,mid,0.0,3,2,2,0.6183,0.0,73.0,460.0,0.4247,양감면,-0.054,-0.0615,0.29866,1,ADD_FREQ,31240420,면,21.19,13.6,18.2,41590-36115,229.0,126.94293,37.10184
다사5001,night,0.211695,0.02728,-0.3549,-0.7318,0.3305,drt,0.0,4,2,1,0.124,0.0,130.0,424.0,0.2,향남읍,0.3305,0.3768,0.35334,1,DRT,31240140,읍,21.17,2.73,32.5,41590-37546,525.6,126.94286,37.11085
다사5002,night,0.325644,0.171893,0.0951,-0.1479,0.243,mid,0.0,3,3,3,0.7813,0.0,219.0,778.0,0.3333,향남읍,0.243,0.243,0.43096,2,ADD_FREQ,31240140,읍,32.56,17.19,54.8,41590-36800,131.2,126.9428,37.11987
다사5003,night,0.315747,0.05852,0.056,-0.6056,0.6617,mid,0.0,4,3,1,0.266,0.0,296.0,631.0,0.3074,향남읍,0.6617,0.6617,0.46303,3,NEW_STOP,31240140,읍,31.57,5.85,74.0,41590-37617,440.4,126.94273,37.12888
다사5004,night,0.267401,0.153817,-0.1349,-0.2209,0.086,mid,0.0,3,2,2,0.6992,0.0,198.0,370.0,0.0758,향남읍,0.086,0.086,0.42105,2,ADD_FREQ,31240140,읍,26.74,15.38,49.5,41590-36633,180.5,126.94266,37.13789
다사5005,night,0.240678,0.03784,-0.2405,-0.6891,0.4277,mid,0.0,4,2,1,0.172,0.0,282.0,389.0,0.2766,봉담읍,0.4277,0.4487,0.45118,3,NEW_STOP,31240120,읍,24.07,3.78,70.5,41590-55923,496.8,126.9426,37.14691
다사5006,night,0.137268,0.011,-0.6489,-0.7975,0.0983,mid,0.0,3,1,0,0.05,0.0,60.0,3.0,0.0833,봉담읍,0.0983,0.1486,0.269,1,DRT,31240120,읍,13.73,1.1,15.0,41590-55923,725.8,126.94253,37.15592
다사5007,night,0.250079,0.011,-0.2033,-0.7975,0.5807,mid,0.0,4,2,0,0.05,0.0,314.0,52.0,0.1146,봉담읍,0.5807,0.5941,0.47919,3,DRT,31240120,읍,25.01,1.1,78.5,41590-36078,743.2,126.94247,37.16494
다사5008,night,0.388292,0.235425,0.3425,0.1086,0.234,mid,0.0,3,3,3,0.4938,0.617,192.0,833.0,0.1875,봉담읍,0.234,0.234,0.41244,2,NEW_STOP,31240120,읍,38.83,23.54,48.0,41590-37639,303.7,126.9424,37.17395
다사5009,night,0.49218,0.286842,0.7529,0.3161,0.4367,mid,0.0,4,4,3,0.2895,1.33,505.0,1110.0,0.2535,봉담읍,0.4367,0.4367,0.53884,3,NEW_STOP,31240120,읍,49.22,28.68,126.2,41590-36091,426.3,126.94233,37.18296
다사5010,night,0.589594,0.443381,1.1376,0.9481,0.1895,mid,0.0,3,4,4,0.5335,2.441,981.0,1398.0,0.2365,봉담읍,0.1895,0.1895,0.63075,4,ADD_FREQ,31240120,읍,58.96,44.34,245.2,41590-36097,279.9,126.94227,37.19198
다사5011,night,0.510406,0.450136,0.8249,0.9754,-0.1505,mid,0.0,3,4,4,0.7307,1.995,325.0,1247.0,0.2769,봉담읍,-0.1505,-0.1505,0.48088,3,ADD_FREQ,31240120,읍,51.04,45.01,81.2,41590-36729,161.6,126.9422,37.20099
다사5012,night,0.457297,0.557382,0.6151,1.4084,-0.7933,ok,0.0,1,3,4,0.4458,4.703,357.0,80.0,0.014,봉담읍,-0.7933,-0.7933,0.51511,3,NEW_STOP,31240120,읍,45.73,55.74,89.2,41590-36111,332.5,126.94214,37.21
다사5013,night,0.905023,0.722846,2.3834,2.0764,0.3071,ok,0.0,4,4,4,0.436,9.766,6160.0,1131.0,0.1468,봉담읍,0.3071,0.3071,0.90135,4,NEW_STOP,31240120,읍,90.5,72.28,1540.0,41590-36119,338.4,126.94207,37.21902
다사5014,night,0.909892,0.612452,2.4027,1.6307,0.772,need,1.07746,5,4,4,0.922,3.724,8391.0,1888.0,0.0392,봉담읍,0.772,0.772,0.95179,4,ADD_FREQ,31240120,읍,90.99,61.25,2097.8,41590-55385,46.8,126.942,37.22803
다사5015,night,0.590811,0.386296,1.1424,0.7176,0.4248,mid,0.0,4,4,4,0.9235,1.002,2062.0,81.0,0.0456,봉담읍,0.4248,0.4248,0.7484,4,ADD_FREQ,31240120,읍,59.08,38.63,515.5,41590-55789,45.9,126.94194,37.23705
다사5016,night,0.543328,0.764317,0.9549,2.2438,-1.2889,ok,0.0,0,4,4,0.7315,8.847,1192.0,631.0,0.2945,매송면,-1.2889,-1.2889,0.65645,4,ADD_FREQ,31240310,면,54.33,76.43,298.0,41590-37313,161.1,126.94187,37.24606
다사5017,night,0.119556,0.011,-0.7189,-0.7975,0.0476,mid,0.0,3,1,0,0.05,0.0,43.0,5.0,0.2326,매송면,0.0476,0.0786,0.23911,1,DRT,31240310,면,11.96,1.1,10.8,41590-37313,1155.3,126.9418,37.25507
다사5100,night,0.203651,0.03993,-0.3867,-0.6807,0.2514,drt,0.0,4,2,1,0.1815,0.0,161.0,55.0,0.3043,양감면,0.2514,0.294,0.39042,2,NEW_STOP,31240420,면,20.37,3.99,40.2,41590-37507,491.1,126.95418,37.10189
다사5101,night,0.198876,0.142597,-0.4056,-0.2662,-0.1174,mid,0.0,3,2,2,0.6482,0.0,131.0,415.0,0.2366,향남읍,-0.1174,-0.1394,0.35833,1,ADD_FREQ,31240140,읍,19.89,14.26,32.8,41590-36631,211.1,126.95412,37.11091
다사5102,night,0.367077,0.166027,0.2588,-0.1716,0.4304,mid,0.0,4,3,2,0.7547,0.0,389.0,1728.0,0.1671,향남읍,0.4304,0.4304,0.51365,3,ADD_FREQ,31240140,읍,36.71,16.6,97.2,41590-37517,147.2,126.95405,37.11992
다사5103,night,0.464272,0.10021,0.6426,-0.4373,1.08,need,1.10053,5,4,2,0.4555,0.0,262.0,1605.0,0.0496,향남읍,1.08,1.08,0.45526,3,NEW_STOP,31240140,읍,46.43,10.02,65.5,41590-37323,326.7,126.95399,37.12893
다사5104,night,0.400605,0.14729,0.3912,-0.2473,0.6384,mid,0.0,4,3,2,0.6695,0.0,362.0,1326.0,0.221,향남읍,0.6384,0.6384,0.50365,3,ADD_FREQ,31240140,읍,40.06,14.73,90.5,41590-37955,198.3,126.95392,37.13795
다사5105,night,0.263821,0.011,-0.1491,-0.7975,0.6484,mid,0.0,4,2,0,0.05,0.0,123.0,413.0,0.1057,정남면,0.6484,0.6484,0.36457,2,DRT,31240430,면,26.38,1.1,30.8,41590-37652,583.0,126.95386,37.14696
다사5106,night,0.169961,0.011,-0.5198,-0.7975,0.2112,drt,0.0,3,1,0,0.05,0.0,109.0,344.0,0.4679,정남면,0.2112,0.2777,0.33992,1,DRT,31240430,면,17.0,1.1,27.2,41590-36739,918.3,126.95379,37.15597
다사5107,night,0.284796,0.107837,-0.0662,-0.4065,0.3403,mid,0.0,4,3,2,0.4902,0.0,274.0,423.0,0.354,정남면,0.3403,0.3403,0.46032,3,NEW_STOP,31240430,면,28.48,10.78,68.5,41590-37643,305.9,126.95373,37.16499
다사5108,night,0.278747,0.06897,-0.0901,-0.5635,0.4733,mid,0.0,4,3,1,0.3135,0.0,164.0,680.0,0.122,정남면,0.4733,0.4733,0.40185,2,NEW_STOP,31240430,면,27.87,6.9,41.0,41590-37642,411.9,126.95366,37.174
다사5109,night,0.155021,0.011,-0.5788,-0.7975,0.1566,mid,0.0,3,1,0,0.05,0.0,88.0,200.0,0.4091,정남면,0.1566,0.2187,0.31004,1,DRT,31240430,면,15.5,1.1,22.0,41590-37640,1079.9,126.9536,37.18302
다사5110,night,0.117863,0.050307,-0.7255,-0.6388,-0.052,mid,0.0,3,1,1,0.2287,0.0,39.0,24.0,1.0,정남면,-0.052,-0.0867,0.23573,1,NEW_STOP,31240430,면,11.79,5.03,9.8,41590-36097,462.8,126.95353,37.19203
다사5111,night,0.232196,0.011,-0.274,-0.7975,0.4875,mid,0.0,4,2,0,0.05,0.0,302.0,171.0,0.4934,봉담읍,0.4875,0.5235,0.46439,3,DRT,31240120,읍,23.22,1.1,75.5,41590-36752,661.3,126.95347,37.20104
다사5112,night,0.453769,0.48841,0.6012,1.1299,-0.5287,mid,0.0,2,3,4,0.5807,2.924,803.0,1407.0,0.1793,봉담읍,-0.5287,-0.5287,0.61352,4,ADD_FREQ,31240120,읍,45.38,48.84,200.8,41590-36011,251.6,126.9534,37.21006
다사5113,night,1.0,0.979797,2.7586,3.1137,-0.3552,ok,0.0,2,4,4,0.9082,28.966,16292.0,4655.0,0.1226,봉담읍,-0.3552,-0.3552,1.0,4,ADD_FREQ,31240120,읍,100.0,97.98,4073.0,41590-37883,55.1,126.95334,37.21907
다사5114,night,0.919994,0.671847,2.4426,1.8705,0.5721,ok,0.0,4,4,4,0.7177,6.016,10332.0,1155.0,0.1165,봉담읍,0.5721,0.5721,0.97805,4,ADD_FREQ,31240120,읍,92.0,67.18,2583.0,41590-55338,169.4,126.95327,37.22808
다사5115,night,0.849388,0.622095,2.1637,1.6696,0.4941,ok,0.0,4,4,4,0.8975,4.001,6338.0,680.0,0.1346,봉담읍,0.4941,0.4941,0.90564,4,ADD_FREQ,31240120,읍,84.94,62.21,1584.5,41590-37911,61.5,126.95321,37.2371
다사5116,night,0.607255,0.842335,1.2074,2.5588,-1.3514,ok,0.0,0,4,4,0.6213,13.509,1461.0,614.0,0.2053,매송면,-1.3514,-1.3514,0.68872,4,ADD_FREQ,31240310,면,60.73,84.23,365.2,41590-37325,227.2,126.95314,37.24611
다사5200,night,0.240308,0.12419,-0.2419,-0.3405,0.0939,mid,0.0,3,2,2,0.5645,0.0,228.0,467.0,0.1711,양감면,0.0939,0.0986,0.44718,3,ADD_FREQ,31240420,면,24.03,12.42,57.0,41590-36429,261.3,126.96544,37.10194
다사5201,night,0.272695,0.19712,-0.114,-0.0461,-0.0679,mid,0.0,3,2,3,0.896,0.0,174.0,280.0,0.3161,향남읍,-0.0679,-0.0679,0.38724,2,ADD_FREQ,31240140,읍,27.27,19.71,43.5,41590-36467,62.4,126.96537,37.11096
다사5202,night,0.306063,0.096433,0.0178,-0.4526,0.4704,mid,0.0,4,3,2,0.4383,0.0,243.0,543.0,0.1852,향남읍,0.4704,0.4704,0.4487,3,NEW_STOP,31240140,읍,30.61,9.64,60.8,41590-37376,337.0,126.96531,37.11997
다사5203,night,0.45411,0.157887,0.6025,-0.2045,0.807,need,1.0826,5,3,2,0.7177,0.0,348.0,779.0,0.2356,향남읍,0.807,0.807,0.49139,3,ADD_FREQ,31240140,읍,45.41,15.79,87.0,41590-37330,169.4,126.96525,37.12898
다사5204,night,0.275497,0.011,-0.103,-0.7975,0.6945,mid,0.0,4,2,0,0.05,0.0,245.0,1174.0,0.0939,향남읍,0.6945,0.6945,0.45234,3,DRT,31240140,읍,27.55,1.1,61.2,41590-37266,757.8,126.96518,37.138
다사5205,night,0.252744,0.07898,-0.1928,-0.523,0.325,mid,0.0,4,2,2,0.359,0.0,143.0,754.0,0.2098,정남면,0.325,0.3302,0.37876,2,NEW_STOP,31240430,면,25.27,7.9,35.8,41590-37653,384.6,126.96512,37.14701
다사5206,night,0.421825,0.173617,0.475,-0.141,0.616,mid,0.0,4,3,3,0.7892,0.0,525.0,1278.0,0.28,정남면,0.616,0.616,0.54459,3,ADD_FREQ,31240430,면,42.18,17.36,131.2,41590-36790,126.5,126.96506,37.15603
다사5207,night,0.279796,0.101457,-0.086,-0.4323,0.3463,mid,0.0,4,3,2,0.4612,0.0,248.0,844.0,0.1573,정남면,0.3463,0.3463,0.45208,3,NEW_STOP,31240430,면,27.98,10.15,62.0,41590-37647,323.3,126.96499,37.16504
다사5208,night,0.194421,0.011,-0.4232,-0.7975,0.3106,drt,0.0,4,1,0,0.05,0.0,166.0,346.0,0.2349,정남면,0.3106,0.3743,0.38884,2,DRT,31240430,면,19.44,1.1,41.5,41590-37646,887.2,126.96493,37.17405
다사5209,night,0.220017,0.02013,-0.3221,-0.7606,0.3944,mid,0.0,4,2,1,0.0915,0.0,245.0,346.0,0.3143,정남면,0.3944,0.4386,0.44003,2,DRT,31240430,면,22.0,2.01,61.2,41590-55365,545.1,126.96487,37.18307
다사5210,night,0.196041,0.011,-0.4168,-0.7975,0.3176,drt,0.0,4,1,0,0.05,0.0,173.0,366.0,0.3584,정남면,0.3176,0.3807,0.39208,2,DRT,31240430,면,19.6,1.1,43.2,41590-36156,825.2,126.9648,37.19208
다사5211,night,0.241101,0.209059,-0.2388,0.0021,-0.2299,mid,0.0,3,2,3,0.6375,0.298,148.0,649.0,0.25,봉담읍,-0.2299,-0.2409,0.37499,2,ADD_FREQ,31240120,읍,24.11,20.91,37.0,41590-36751,217.5,126.96474,37.20109
다사5212,night,0.864257,0.661661,2.2224,1.8293,0.3931,ok,0.0,4,4,4,0.2668,8.831,11350.0,1923.0,0.0985,봉담읍,0.3931,0.3931,0.99215,4,NEW_STOP,31240120,읍,86.43,66.17,2837.5,41590-37972,439.9,126.96467,37.21011
다사5213,night,0.939539,0.848173,2.5198,2.5823,-0.0626,ok,0.0,3,4,4,0.5705,14.476,9762.0,2273.0,0.1347,봉담읍,-0.0626,-0.0626,0.96909,4,ADD_FREQ,31240120,읍,93.95,84.82,2440.5,41590-55916,257.7,126.96461,37.21912
다사5214,night,0.537864,0.514606,0.9333,1.2357,-0.3024,ok,0.0,2,4,4,0.1237,5.344,943.0,353.0,0.1697,봉담읍,-0.3024,-0.3024,0.63226,4,DRT,31240120,읍,53.79,51.46,235.8,41590-36159,525.8,126.96455,37.22814
다사5300,night,0.269785,0.077367,-0.1255,-0.5296,0.404,mid,0.0,4,2,2,0.3517,0.0,238.0,1753.0,0.042,양감면,0.404,0.404,0.4506,3,NEW_STOP,31240420,면,26.98,7.74,59.5,41590-36181,389.0,126.97669,37.10199
다사5301,night,0.340673,0.124997,0.1545,-0.3373,0.4917,mid,0.0,4,3,2,0.5682,0.0,263.0,1444.0,0.1179,양감면,0.4917,0.4917,0.46644,3,ADD_FREQ,31240420,면,34.07,12.5,65.8,41590-36780,259.1,126.97663,37.11101
다사5302,night,0.311782,0.025117,0.0404,-0.7405,0.7809,mid,0.0,5,3,1,0.1142,0.0,129.0,937.0,0.155,향남읍,0.7809,0.7809,0.37488,2,DRT,31240140,읍,31.18,2.51,32.2,41590-37334,531.5,126.97657,37.12002
다사5303,night,0.401986,0.049977,0.3966,-0.6401,1.0368,need,1.23552,5,3,1,0.2272,0.0,375.0,1345.0,0.1333,향남읍,1.0368,1.0368,0.5093,3,NEW_STOP,31240140,읍,40.2,5.0,93.8,41590-37335,463.7,126.9765,37.12903
다사5304,night,0.330192,0.18568,0.1131,-0.0923,0.2053,mid,0.0,3,3,3,0.844,0.0,270.0,1563.0,0.1815,향남읍,0.2053,0.2053,0.45701,3,ADD_FREQ,31240140,읍,33.02,18.57,67.5,41590-37336,93.6,126.97644,37.13805
다사5305,night,0.251196,0.027023,-0.1989,-0.7328,0.5233,mid,0.0,4,2,1,0.1228,0.0,138.0,657.0,0.3188,정남면,0.5233,0.5339,0.37044,2,DRT,31240430,면,25.12,2.7,34.5,41590-55068,526.3,126.97638,37.14706
다사5306,night,0.486075,0.045613,0.7288,-0.6577,1.3865,need,2.0063,6,4,1,0.2073,0.0,760.0,424.0,0.2303,정남면,1.3865,1.3865,0.59624,4,NEW_STOP,31240430,면,48.61,4.56,190.0,41590-55068,475.6,126.97632,37.15608
다사5307,night,0.524093,0.139883,0.8789,-0.2772,1.1561,need,1.77372,5,4,2,0.6358,0.0,780.0,1623.0,0.2795,정남면,1.1561,1.1561,0.59757,4,ADD_FREQ,31240430,면,52.41,13.99,195.0,41590-36367,218.5,126.97626,37.16509
다사5308,night,0.260993,0.070253,-0.1602,-0.5583,0.398,mid,0.0,4,2,2,0.3193,0.0,218.0,264.0,0.2844,정남면,0.398,0.398,0.42318,2,NEW_STOP,31240430,면,26.1,7.03,54.5,41590-37572,408.4,126.97619,37.1741
다사5309,night,0.224045,0.149527,-0.3062,-0.2382,-0.0618,mid,0.0,3,2,2,0.6797,0.0,163.0,783.0,0.3497,정남면,-0.0618,-0.0679,0.38275,2,ADD_FREQ,31240430,면,22.4,14.95,40.8,41590-55365,192.2,126.97613,37.18312
다사5310,night,0.571025,0.106173,1.0643,-0.4133,1.4775,need,1.94541,6,4,2,0.4542,0.024,1066.0,556.0,0.1276,정남면,1.4775,1.4775,0.65487,4,NEW_STOP,31240430,면,57.1,10.62,266.5,41590-36622,327.5,126.97607,37.19213
다사5311,night,0.504162,0.21342,0.8002,0.0197,0.7805,need,1.15116,5,4,3,0.5378,0.434,1092.0,971.0,0.2161,봉담읍,0.7805,0.7805,0.64904,4,ADD_FREQ,31240120,읍,50.42,21.34,273.0,41590-36197,277.3,126.97601,37.20115
다사5312,night,0.923797,0.834854,2.4576,2.5286,-0.071,ok,0.0,3,4,4,0.4015,15.941,9062.0,3314.0,0.0976,봉담읍,-0.071,-0.071,0.96259,4,NEW_STOP,31240120,읍,92.38,83.49,2265.5,41590-55773,359.1,126.97594,37.21016
다사5313,night,1.0,0.969163,2.7586,3.0708,-0.3122,ok,0.0,2,4,4,0.8598,28.553,14905.0,3828.0,0.104,봉담읍,-0.3122,-0.3122,1.0,4,ADD_FREQ,31240120,읍,100.0,96.92,3726.2,41590-36195,84.1,126.97588,37.21917
다사5314,night,0.878899,0.850181,2.2803,2.5904,-0.3102,ok,0.0,2,4,4,0.3465,17.797,7251.0,1931.0,0.1878,기배동,-0.3102,-0.3102,0.92357,4,NEW_STOP,31240560,동,87.89,85.02,1812.8,41590-36172,392.1,126.97582,37.22819
다사5400,night,0.335438,0.091703,0.1338,-0.4717,0.6055,mid,0.0,4,3,2,0.4168,0.0,328.0,1112.0,0.1738,양감면,0.6055,0.6055,0.49144,3,NEW_STOP,31240420,면,33.54,9.17,82.0,41590-36241,349.9,126.98794,37.10204
다사5401,night,0.291969,0.129763,-0.0379,-0.318,0.2801,mid,0.0,4,3,2,0.5898,0.0,274.0,914.0,0.1898,양감면,0.2801,0.2801,0.46008,3,ADD_FREQ,31240420,면,29.2,12.98,68.5,41590-36268,246.1,126.98788,37.11106
다사5402,night,0.399268,0.118617,0.3859,-0.363,0.7489,mid,0.0,5,3,2,0.5392,0.0,324.0,885.0,0.2623,양감면,0.7489,0.7489,0.48411,3,ADD_FREQ,31240420,면,39.93,11.86,81.0,41590-37345,276.5,126.98782,37.12007
다사5403,night,0.355727,0.030287,0.2139,-0.7196,0.9336,need,1.15721,5,3,1,0.1377,0.0,206.0,1338.0,0.2184,향남읍,0.9336,0.9336,0.42505,2,DRT,31240140,읍,35.57,3.03,51.5,41590-37343,517.4,126.98776,37.12908
다사5404,night,0.291287,0.152973,-0.0406,-0.2243,0.1837,mid,0.0,3,3,2,0.6953,0.0,392.0,1756.0,0.1531,정남면,0.1837,0.1837,0.51115,3,ADD_FREQ,31240430,면,29.13,15.3,98.0,41590-37483,182.8,126.9877,37.1381
다사5405,night,0.228611,0.1177,-0.2881,-0.3667,0.0725,mid,0.0,3,2,2,0.535,0.0,164.0,655.0,0.1402,정남면,0.0725,0.0786,0.39189,2,ADD_FREQ,31240430,면,22.86,11.77,41.0,41590-37528,279.0,126.98764,37.14711
다사5406,night,0.409796,0.034027,0.4275,-0.7045,1.132,need,1.65115,5,3,1,0.1547,0.0,357.0,771.0,0.3081,정남면,1.132,1.132,0.49276,3,NEW_STOP,31240430,면,40.98,3.4,89.2,41590-36225,507.2,126.98758,37.15613
다사5407,night,0.662997,0.07656,1.4275,-0.5328,1.9603,need,2.73877,6,4,2,0.348,0.0,2359.0,659.0,0.1162,정남면,1.9603,1.9603,0.76268,4,NEW_STOP,31240430,면,66.3,7.66,589.8,41590-36236,391.2,126.98752,37.16514
다사5408,night,0.467923,0.12892,0.6571,-0.3214,0.9785,need,1.41787,5,4,2,0.586,0.0,491.0,692.0,0.2709,정남면,0.9785,0.9785,0.53359,3,ADD_FREQ,31240430,면,46.79,12.89,122.8,41590-36259,248.4,126.98746,37.17415
다사5409,night,0.400265,0.08943,0.3898,-0.4809,0.8707,need,1.11598,5,3,2,0.4065,0.0,333.0,1128.0,0.2012,정남면,0.8707,0.8707,0.48702,3,NEW_STOP,31240430,면,40.03,8.94,83.2,41590-36260,356.1,126.9874,37.18317
다사5410,night,0.446466,0.033587,0.5723,-0.7063,1.2786,need,1.84594,6,3,1,0.1527,0.0,763.0,1048.0,0.228,정남면,1.2786,1.2786,0.59498,4,NEW_STOP,31240430,면,44.65,3.36,190.8,41590-55454,508.4,126.98734,37.19218
다사5411,night,0.625057,0.293562,1.2777,0.3433,0.9344,need,1.45039,5,4,3,0.4277,1.13,898.0,4382.0,0.2773,화산동,0.9344,0.9344,0.62073,4,NEW_STOP,31240570,동,62.51,29.36,224.5,41590-55164,343.4,126.98727,37.20119
다사5412,night,0.560169,0.742631,1.0214,2.1562,-1.1348,ok,0.0,1,4,4,0.5767,9.32,657.0,1304.0,0.137,화산동,-1.1348,-1.1348,0.58215,4,ADD_FREQ,31240570,동,56.02,74.26,164.2,41590-55344,254.0,126.98721,37.21021
다사5413,night,0.697824,0.97492,1.5651,3.094,-1.5289,ok,0.0,0,4,4,0.886,26.285,3720.0,838.0,0.1317,기배동,-1.5289,-1.5289,0.82947,4,ADD_FREQ,31240560,동,69.78,97.49,930.0,41590-55794,68.4,126.98715,37.21922
다사5414,night,0.467093,0.964397,0.6538,3.0515,-2.3978,ok,0.0,0,4,4,0.8382,19.989,615.0,1580.0,0.4033,기배동,-2.3978,-2.3978,0.56152,3,ADD_FREQ,31240560,동,46.71,96.44,153.8,41590-55820,97.1,126.98709,37.22824
다사5501,night,0.021224,0.011,-1.1072,-0.7975,-0.0609,mid,0.0,3,0,0,0.05,0.0,5.0,3.0,1.0,양감면,-0.0609,-0.3097,0.04245,0,DRT,31240420,면,2.12,1.1,1.2,41590-36271,805.6,126.99914,37.1111
다사5502,night,0.347197,0.088513,0.1802,-0.4846,0.6648,mid,0.0,4,3,2,0.4023,0.0,132.0,434.0,0.1591,양감면,0.6648,0.6648,0.37834,2,NEW_STOP,31240420,면,34.72,8.85,33.0,41590-36278,358.6,126.99908,37.12012
다사5503,night,0.168914,0.16841,-0.5239,-0.162,-0.2741,mid,0.0,2,1,2,0.7655,0.0,58.0,421.0,0.2586,정남면,-0.2741,-0.3619,0.27391,1,ADD_FREQ,31240430,면,16.89,16.84,14.5,41590-37351,140.7,126.99902,37.12913
다사5504,night,0.148212,0.011,-0.6057,-0.7975,0.1334,mid,0.0,3,1,0,0.05,0.0,63.0,538.0,0.0794,정남면,0.1334,0.1918,0.29642,1,DRT,31240430,면,14.82,1.1,15.8,41590-37483,832.1,126.99896,37.13815
다사5505,night,0.087671,0.011,-0.8448,-0.7975,-0.0234,mid,0.0,3,0,0,0.05,0.0,13.0,8.0,0.3846,정남면,-0.0234,-0.0473,0.17534,0,DRT,31240430,면,8.77,1.1,3.2,41590-36486,871.1,126.9989,37.14716
다사5506,night,0.109539,0.011,-0.7584,-0.7975,0.0223,mid,0.0,3,0,0,0.05,0.0,23.0,11.0,0.2174,정남면,0.0223,0.0391,0.19514,0,DRT,31240430,면,10.95,1.1,5.8,41590-36286,678.3,126.99884,37.15617
다사5507,night,0.241163,0.122173,-0.2386,-0.3487,0.1051,mid,0.0,3,2,2,0.5553,0.0,94.0,604.0,0.3298,정남면,0.1051,0.1101,0.32849,1,ADD_FREQ,31240430,면,24.12,12.22,23.5,41590-36485,266.8,126.99878,37.16519
다사5509,night,0.377009,0.171893,0.298,-0.1479,0.4459,mid,0.0,4,3,3,0.7813,0.0,313.0,802.0,0.2396,정남면,0.4459,0.4459,0.4759,3,ADD_FREQ,31240430,면,37.7,17.19,78.2,41590-36277,131.2,126.99866,37.18322
다사5510,night,0.353928,0.06974,0.2068,-0.5603,0.7672,need,1.08207,5,3,2,0.317,0.0,303.0,2282.0,0.2937,화산동,0.7672,0.7672,0.46702,3,NEW_STOP,31240570,동,35.39,6.97,75.8,41590-55169,409.8,126.9986,37.19223
다사5511,night,0.645236,0.554863,1.3574,1.3982,-0.0408,ok,0.0,3,4,4,0.4405,4.674,2501.0,1415.0,0.1383,화산동,-0.0408,-0.0408,0.77229,4,NEW_STOP,31240570,동,64.52,55.49,625.2,41590-36999,335.7,126.99854,37.20124
다사5512,night,0.646151,0.105857,1.361,-0.4145,1.7755,need,2.27223,6,4,2,0.4812,0.0,2671.0,753.0,0.0464,화산동,1.7755,1.7755,0.78478,4,NEW_STOP,31240570,동,64.62,10.59,667.8,41590-36281,311.3,126.99848,37.21026
다사5513,night,0.216733,0.011,-0.335,-0.7975,0.4118,mid,0.0,4,2,0,0.05,0.0,213.0,1351.0,0.3615,기배동,0.4118,0.4624,0.43347,2,DRT,31240560,동,21.67,1.1,53.2,41590-55795,813.0,126.99842,37.21927
다사5603,night,0.233887,0.138893,-0.2673,-0.2812,0.013,mid,0.0,3,2,2,0.6313,0.0,307.0,595.0,0.3257,정남면,0.013,0.0139,0.46777,3,ADD_FREQ,31240430,면,23.39,13.89,76.8,41590-37917,221.2,127.01028,37.12918
다사5604,night,0.272321,0.011,-0.1155,-0.7975,0.682,mid,0.0,4,2,0,0.05,0.0,212.0,363.0,0.2547,정남면,0.682,0.682,0.42803,2,DRT,31240430,면,27.23,1.1,53.0,41590-36310,600.0,127.01022,37.13819
다사5605,night,0.414163,0.145053,0.4447,-0.2563,0.701,mid,0.0,5,3,2,0.6593,0.0,300.0,737.0,0.2067,정남면,0.701,0.701,0.4759,3,ADD_FREQ,31240430,면,41.42,14.51,75.0,41590-36306,204.4,127.01016,37.14721
다사5606,night,0.262236,0.0495,-0.1553,-0.6421,0.4867,mid,0.0,4,2,1,0.225,0.0,244.0,724.0,0.2951,정남면,0.4867,0.4867,0.44115,3,NEW_STOP,31240430,면,26.22,4.95,61.0,41590-36297,465.0,127.0101,37.15622
다사5607,night,0.301988,0.13816,0.0017,-0.2841,0.2858,mid,0.0,4,3,2,0.628,0.0,370.0,978.0,0.2838,정남면,0.2858,0.2858,0.50138,3,ADD_FREQ,31240430,면,30.2,13.82,92.5,41590-36299,223.2,127.01004,37.16523
다사5611,night,0.821732,0.803048,2.0545,2.4002,-0.3457,ok,0.0,2,4,4,0.8007,9.765,5822.0,952.0,0.1371,화산동,-0.3457,-0.3457,0.89289,4,ADD_FREQ,31240570,동,82.17,80.3,1455.5,41590-36305,119.6,127.00981,37.20129
다사5612,night,0.835224,0.194627,2.1078,-0.0562,2.1639,need,3.47089,6,4,3,0.8847,0.0,6872.0,1330.0,0.1509,화산동,2.1639,2.1639,0.91666,4,ADD_FREQ,31240570,동,83.52,19.46,1718.0,41590-36301,69.2,127.00975,37.2103
다사5613,night,0.208017,0.02486,-0.3695,-0.7415,0.3226,drt,0.0,4,2,1,0.113,0.0,138.0,144.0,0.3986,화산동,0.3226,0.3721,0.36339,2,DRT,31240570,동,20.8,2.49,34.5,41590-36323,532.2,127.00969,37.21932
다사5704,night,0.365481,0.139993,0.2525,-0.2767,0.5292,mid,0.0,4,3,2,0.6363,0.0,704.0,1772.0,0.206,정남면,0.5292,0.5292,0.5885,4,ADD_FREQ,31240430,면,36.55,14.0,176.0,41590-36329,218.2,127.02148,37.13824
다사5705,night,0.193669,0.011,-0.4261,-0.7975,0.3074,drt,0.0,4,1,0,0.05,0.0,145.0,1423.0,0.2828,정남면,0.3074,0.3714,0.38502,2,DRT,31240430,면,19.37,1.1,36.2,41590-36334,760.6,127.02142,37.14725
다사5706,night,0.267963,0.011,-0.1327,-0.7975,0.6648,mid,0.0,4,2,0,0.05,0.0,360.0,933.0,0.2778,정남면,0.6648,0.6648,0.49473,3,DRT,31240430,면,26.8,1.1,90.0,41590-36331,628.2,127.02136,37.15627
다사5707,night,0.446039,0.08602,0.5706,-0.4946,1.0652,need,1.43388,5,3,2,0.391,0.0,2739.0,691.0,0.0796,정남면,1.0652,1.0652,0.78664,4,NEW_STOP,31240430,면,44.6,8.6,684.8,41590-36270,365.4,127.02131,37.16528
다사5711,night,0.808292,0.565575,2.0014,1.4414,0.56,ok,0.0,4,4,4,0.637,4.016,5946.0,360.0,0.1189,화산동,0.56,0.56,0.89654,4,ADD_FREQ,31240570,동,80.83,56.56,1486.5,41590-55415,217.8,127.02108,37.20134
다사5712,night,0.670403,0.377691,1.4568,0.6829,0.7739,need,1.23758,5,4,4,0.1087,2.823,2769.0,605.0,0.2113,화산동,0.7739,0.7739,0.78162,4,DRT,31240570,동,67.04,37.77,692.2,41590-36328,534.8,127.02102,37.21035
다사5713,night,0.323488,0.156713,0.0866,-0.2092,0.2958,mid,0.0,4,3,2,0.7123,0.0,364.0,1128.0,0.3984,화산동,0.2958,0.2958,0.48942,3,ADD_FREQ,31240570,동,32.35,15.67,91.0,41590-36322,172.6,127.02097,37.21936
다사5804,night,0.57278,0.164487,1.0712,-0.1778,1.249,need,1.66478,6,4,2,0.7477,0.0,1037.0,2529.0,0.1389,정남면,1.249,1.249,0.64622,4,ADD_FREQ,31240430,면,57.28,16.45,259.2,41590-36481,151.4,127.03274,37.13828
다사5811,night,0.988456,0.729821,2.713,2.1045,0.6084,ok,0.0,4,4,4,0.8148,7.06,10073.0,2725.0,0.0753,병점1동,0.6084,0.6084,0.97691,4,ADD_FREQ,31240530,동,98.85,72.98,2518.2,41590-36679,111.1,127.03235,37.20138
다사5812,night,0.976453,0.838187,2.6656,2.542,0.1235,ok,0.0,3,4,4,0.9542,9.821,8524.0,6429.0,0.1273,진안동,0.1235,0.1235,0.95291,4,ADD_FREQ,31240520,동,97.65,83.82,2131.0,41590-36340,27.5,127.03229,37.21039
다사5813,night,0.650785,0.144072,1.3793,-0.2603,1.6395,need,2.31637,6,4,2,0.48,0.157,4633.0,976.0,0.0814,진안동,1.6395,1.6395,0.86401,4,NEW_STOP,31240520,동,65.08,14.41,1158.2,41590-55573,312.0,127.03224,37.21941
다사5814,night,0.370066,0.173922,0.2706,-0.1397,0.4103,mid,0.0,4,3,3,0.6938,0.084,482.0,1183.0,0.3527,진안동,0.4103,0.4103,0.52803,3,ADD_FREQ,31240520,동,37.01,17.39,120.5,41590-55029,183.7,127.03218,37.22842
다사5911,night,0.997343,0.955064,2.7481,3.0139,-0.2658,ok,0.0,2,4,4,0.879,16.943,19592.0,2064.0,0.1282,진안동,-0.2658,-0.2658,1.0,4,ADD_FREQ,31240520,동,99.73,95.51,4898.0,41590-55295,72.6,127.04362,37.20143
다사5912,night,1.0,0.969237,2.7586,3.0711,-0.3125,ok,0.0,2,4,4,0.8602,23.356,25931.0,8904.0,0.1164,병점2동,-0.3125,-0.3125,1.0,4,ADD_FREQ,31240540,동,100.0,96.92,6482.8,41590-55234,83.9,127.04356,37.21044
다사5913,night,0.975157,0.491559,2.6604,1.1426,1.5178,need,2.4743,6,4,4,0.4468,3.44,12437.0,3544.0,0.1297,진안동,1.5178,1.5178,1.0,4,NEW_STOP,31240520,동,97.52,49.16,3109.2,41590-37983,331.9,127.04351,37.21945
다사5914,night,0.760784,0.176945,1.8138,-0.1275,1.9413,need,2.80849,6,4,3,0.6068,0.179,4040.0,1522.0,0.1069,진안동,1.9413,1.9413,0.84103,4,ADD_FREQ,31240520,동,76.08,17.69,1010.0,41590-36754,235.9,127.04345,37.22847
다사5915,night,0.5,0.20332,0.7838,-0.0211,0.8048,need,1.16246,5,4,3,0.8132,0.097,15890.0,2177.0,0.0437,진안동,0.8048,0.8048,1.0,4,ADD_FREQ,31240520,동,50.0,20.33,3972.5,41590-36418,112.1,127.0434,37.23748
다사6011,night,0.93999,0.98317,2.5215,3.1273,-0.6058,ok,0.0,2,4,4,0.9235,19.125,19045.0,3136.0,0.0705,동탄3동,-0.6058,-0.6058,1.0,4,ADD_FREQ,31240620,동,94.0,98.32,4761.2,41590-37720,45.9,127.05488,37.20147
다사6012,night,0.995828,0.952627,2.7421,3.004,-0.2619,ok,0.0,2,4,4,0.7847,24.691,19701.0,3205.0,0.0994,동탄3동,-0.2619,-0.2619,1.0,4,ADD_FREQ,31240620,동,99.58,95.26,4925.2,41590-55020,129.2,127.05483,37.21048
다사6013,night,1.0,0.396968,2.7586,0.7607,1.9978,need,2.96333,6,4,4,0.6303,1.662,20162.0,4099.0,0.0617,진안동,1.9978,1.9978,1.0,4,ADD_FREQ,31240520,동,100.0,39.7,5040.5,41590-37574,221.8,127.05478,37.2195
다사6014,night,0.738058,0.300472,1.724,0.3712,1.3528,need,1.9898,6,4,3,0.5705,0.941,7221.0,3865.0,0.0836,반월동,1.3528,1.3528,0.92759,4,ADD_FREQ,31240550,동,73.81,30.05,1805.2,41590-36484,257.7,127.05473,37.22851
다사6110,night,1.0,0.763355,2.7586,2.2399,0.5187,ok,0.0,4,4,4,0.829,8.045,14415.0,1939.0,0.1314,동탄2동,0.5187,0.5187,1.0,4,ADD_FREQ,31240600,동,100.0,76.34,3603.8,41590-37699,102.6,127.0662,37.1925
다사6111,night,1.0,0.949657,2.7586,2.992,-0.2335,ok,0.0,3,4,4,0.7712,47.686,21450.0,4476.0,0.0625,동탄1동,-0.2335,-0.2335,1.0,4,ADD_FREQ,31240610,동,100.0,94.97,5362.5,41590-37588,137.3,127.06615,37.20151
다사6112,night,1.0,0.938363,2.7586,2.9464,-0.1879,ok,0.0,3,4,4,0.7198,29.176,11836.0,3878.0,0.0967,동탄1동,-0.1879,-0.1879,1.0,4,ADD_FREQ,31240610,동,100.0,93.84,2959.0,41590-36960,168.1,127.0661,37.21052
다사6113,night,0.653689,0.064065,1.3908,-0.5833,1.974,need,2.7536,6,4,1,0.1163,0.157,721.0,5390.0,0.2039,반월동,1.974,1.974,0.58865,4,DRT,31240550,동,65.37,6.41,180.2,41590-55442,530.2,127.06605,37.21954
다사6114,night,0.975664,0.684335,2.6624,1.9209,0.7416,ok,0.0,5,4,4,0.819,5.76,10797.0,59383.0,0.0807,반월동,0.7416,0.7416,0.98568,4,ADD_FREQ,31240550,동,97.57,68.43,2699.2,41590-37592,108.6,127.066,37.22855
다사6115,night,1.0,0.601273,2.7586,1.5856,1.173,need,1.86937,5,4,4,0.8433,3.835,22934.0,3896.0,0.1128,반월동,1.173,1.173,1.0,4,ADD_FREQ,31240550,동,100.0,60.13,5733.5,41590-36615,94.0,127.06595,37.23757
다사6207,night,0.447117,0.15752,0.5749,-0.206,0.7808,need,1.11254,5,3,2,0.716,0.0,2074.0,761.0,0.1398,동탄6동,0.7808,0.7808,0.74454,4,ADD_FREQ,31240700,동,44.71,15.75,518.5,41590-55459,170.4,127.07762,37.16549
다사6208,night,0.259067,0.13893,-0.1678,-0.281,0.1132,mid,0.0,3,2,2,0.6315,0.0,228.0,697.0,0.3509,동탄6동,0.1132,0.1132,0.42349,2,ADD_FREQ,31240700,동,25.91,13.89,57.0,41590-36424,221.1,127.07757,37.17451
다사6209,night,0.557113,0.371753,1.0093,0.6589,0.3504,mid,0.0,4,4,3,0.922,0.897,1508.0,2891.0,0.0995,동탄6동,0.3504,0.3504,0.70322,4,ADD_FREQ,31240700,동,55.71,37.18,377.0,41590-36412,46.8,127.07752,37.18352
다사6210,night,1.0,0.885505,2.7586,2.733,0.0255,ok,0.0,3,4,4,0.8742,12.84,16916.0,4792.0,0.0632,동탄2동,0.0255,0.0255,1.0,4,ADD_FREQ,31240600,동,100.0,88.55,4229.0,41590-37669,75.5,127.07747,37.19254
다사6211,night,0.967138,0.456329,2.6288,1.0004,1.6284,need,2.34243,6,4,4,0.4602,2.842,7429.0,8499.0,0.0664,동탄1동,1.6284,1.6284,0.93428,4,NEW_STOP,31240610,동,96.71,45.63,1857.2,41590-55724,323.9,127.07742,37.20155
다사6212,night,1.0,0.991017,2.7586,3.159,-0.4005,ok,0.0,2,4,4,0.9592,55.467,13931.0,4049.0,0.0576,동탄1동,-0.4005,-0.4005,1.0,4,ADD_FREQ,31240610,동,100.0,99.1,3482.8,41590-37758,24.5,127.07737,37.21056
다사6213,night,0.816682,0.792344,2.0345,2.3569,-0.3224,ok,0.0,2,4,4,0.5767,11.46,1825.0,9918.0,0.0312,동탄1동,-0.3224,-0.3224,0.7379,4,ADD_FREQ,31240610,동,81.67,79.23,456.2,41590-36414,254.0,127.07732,37.21958
다사6307,night,0.610492,0.504487,1.2202,1.1948,0.0253,mid,0.0,3,4,4,0.8263,2.398,2005.0,6769.0,0.0758,동탄6동,0.0253,0.0253,0.74437,4,ADD_FREQ,31240700,동,61.05,50.45,501.2,41590-55092,104.2,127.08889,37.16553
다사6308,night,0.39775,0.309112,0.3799,0.406,-0.0261,mid,0.0,3,3,3,0.6837,0.825,182.0,6467.0,0.0275,동탄6동,-0.0261,-0.0261,0.4188,2,ADD_FREQ,31240700,동,39.77,30.91,45.5,41590-55103,189.8,127.08884,37.17455
다사6309,night,0.821433,0.445113,2.0533,0.9551,1.0982,need,1.50032,5,4,4,0.3842,2.923,5050.0,2978.0,0.0531,동탄6동,1.0982,1.0982,0.87854,4,NEW_STOP,31240700,동,82.14,44.51,1262.5,41590-36704,369.5,127.08879,37.18356
다사6310,night,0.844001,0.568161,2.1424,1.4519,0.6906,mid,0.0,4,4,4,0.7702,3.533,9365.0,1250.0,0.0479,동탄6동,0.6906,0.6906,0.96621,4,ADD_FREQ,31240700,동,84.4,56.82,2341.2,41590-55761,137.9,127.08874,37.19258
다사6311,night,0.933835,0.532431,2.4972,1.3076,1.1896,need,1.66943,5,4,4,0.4317,4.25,8976.0,3032.0,0.0392,동탄6동,1.1896,1.1896,0.96193,4,NEW_STOP,31240700,동,93.38,53.24,2244.0,41590-37134,341.0,127.08869,37.20159
다사6312,night,0.857254,0.937777,2.1948,2.9441,-0.7493,ok,0.0,1,4,4,0.7172,26.818,4060.0,13906.0,0.0438,동탄5동,-0.7493,-0.7493,0.84709,4,ADD_FREQ,31240650,동,85.73,93.78,1015.0,41590-55937,169.7,127.08864,37.2106
다사6406,night,0.64618,0.945147,1.3611,2.9738,-1.6127,ok,0.0,0,4,4,0.7507,33.177,1151.0,1668.0,0.1025,동탄8동,-1.6127,-1.6127,0.66065,4,ADD_FREQ,31240710,동,64.62,94.51,287.8,41590-55519,149.6,127.1002,37.15656
다사6407,night,0.965611,0.958383,2.6227,3.0273,-0.4045,ok,0.0,2,4,4,0.8108,22.202,12808.0,2484.0,0.041,동탄7동,-0.4045,-0.4045,1.0,4,ADD_FREQ,31240691,동,96.56,95.84,3202.0,41590-55592,113.5,127.10015,37.16557
다사6408,night,0.914893,0.820365,2.4224,2.4701,-0.0476,ok,0.0,3,4,4,0.5965,12.629,9072.0,1936.0,0.0592,동탄7동,-0.0476,-0.0476,0.96164,4,ADD_FREQ,31240691,동,91.49,82.04,2268.0,41590-55475,242.1,127.1001,37.17459
다사6409,night,0.783529,0.901147,1.9036,2.7962,-0.8926,ok,0.0,1,4,4,0.5507,25.143,2132.0,628.0,0.0905,동탄6동,-0.8926,-0.8926,0.7512,4,ADD_FREQ,31240700,동,78.35,90.11,533.0,41590-36487,269.6,127.10005,37.1836
다사6410,night,0.967196,0.955817,2.629,3.0169,-0.3879,ok,0.0,2,4,4,0.7992,38.762,7519.0,1837.0,0.0464,동탄4동,-0.3879,-0.3879,0.93439,4,ADD_FREQ,31240640,동,96.72,95.58,1879.8,41590-36384,120.5,127.10001,37.19261
다사6411,night,1.0,0.92388,2.7586,2.888,-0.1294,ok,0.0,3,4,4,0.654,39.336,20510.0,6414.0,0.0348,동탄4동,-0.1294,-0.1294,1.0,4,ADD_FREQ,31240640,동,100.0,92.39,5127.5,41590-36447,207.6,127.09996,37.20163
다사6412,night,0.979006,0.963517,2.6756,3.048,-0.3723,ok,0.0,2,4,4,0.8342,36.556,8765.0,19251.0,0.0609,동탄5동,-0.3723,-0.3723,0.95801,4,ADD_FREQ,31240650,동,97.9,96.35,2191.2,41590-55852,99.5,127.09991,37.21064
다사6505,night,0.021763,0.011,-1.1051,-0.7975,-0.0615,mid,0.0,3,0,0,0.05,0.0,8.0,0.0,0.0,동탄8동,-0.0615,-0.3076,0.04353,0,DRT,31240710,동,2.18,1.1,2.0,41590-36944,936.4,127.1115,37.14758
다사6506,night,0.792455,0.958759,1.9388,3.0288,-1.0899,ok,0.0,1,4,4,0.9548,16.081,7097.0,1431.0,0.0666,동탄8동,-1.0899,-1.0899,0.92585,4,ADD_FREQ,31240710,동,79.25,95.88,1774.2,41590-55684,27.1,127.11146,37.1566
다사6507,night,1.0,0.930113,2.7586,2.9131,-0.1546,ok,0.0,3,4,4,0.6823,47.715,18345.0,3588.0,0.0524,동탄8동,-0.1546,-0.1546,1.0,4,ADD_FREQ,31240710,동,100.0,93.01,4586.2,41590-55505,190.6,127.11141,37.16561
다사6508,night,1.0,0.891165,2.7586,2.7559,0.0027,ok,0.0,3,4,4,0.5553,17.447,16539.0,2998.0,0.0515,동탄7동,0.0027,0.0027,1.0,4,ADD_FREQ,31240691,동,100.0,89.12,4134.8,41590-55569,266.8,127.11137,37.17462
다사6509,night,0.759607,0.474878,1.8091,1.0753,0.7338,mid,0.0,5,4,4,0.8922,1.875,7770.0,865.0,0.0725,동탄6동,0.7338,0.7338,0.93779,4,ADD_FREQ,31240700,동,75.96,47.49,1942.5,41590-55510,64.7,127.11132,37.18364
다사6510,night,0.718572,0.452432,1.647,0.9847,0.6624,mid,0.0,4,4,4,0.2167,3.638,6898.0,570.0,0.0634,동탄4동,0.6624,0.6624,0.92108,4,NEW_STOP,31240640,동,71.86,45.24,1724.5,41590-55297,470.0,127.11127,37.19265
다사6511,night,1.0,0.937263,2.7586,2.942,-0.1834,ok,0.0,3,4,4,0.7148,39.95,19594.0,4060.0,0.0341,동탄4동,-0.1834,-0.1834,1.0,4,ADD_FREQ,31240640,동,100.0,93.73,4898.5,41590-36811,171.1,127.11123,37.20167
다사6512,night,1.0,0.97107,2.7586,3.0785,-0.3199,ok,0.0,2,4,4,0.8685,20.527,13038.0,3667.0,0.0756,동탄5동,-0.3199,-0.3199,1.0,4,ADD_FREQ,31240650,동,100.0,97.11,3259.5,41590-55607,78.9,127.11118,37.21068
다사6605,night,0.122295,0.011,-0.708,-0.7975,0.0549,mid,0.0,3,1,0,0.05,0.0,28.0,551.0,0.8214,동탄8동,0.0549,0.0895,0.20675,0,DRT,31240710,동,12.23,1.1,7.0,41590-36945,579.6,127.12276,37.14762
다사6606,night,0.616397,0.429583,1.2435,0.8924,0.3511,mid,0.0,4,4,4,0.429,2.563,1931.0,569.0,0.1243,동탄8동,0.3511,0.3511,0.73442,4,NEW_STOP,31240710,동,61.64,42.96,482.8,41590-37403,342.6,127.12272,37.15663
다사6607,night,0.949993,0.796956,2.5611,2.3756,0.1855,ok,0.0,3,4,4,0.711,10.336,10649.0,1294.0,0.0867,동탄7동,0.1855,0.1855,0.98459,4,ADD_FREQ,31240691,동,95.0,79.7,2662.2,41590-55730,173.4,127.12267,37.16565
다사6608,night,0.934109,0.801901,2.4983,2.3955,0.1028,ok,0.0,3,4,4,0.7812,9.894,8562.0,4542.0,0.0638,동탄7동,0.1028,0.1028,0.95481,4,ADD_FREQ,31240691,동,93.41,80.19,2140.5,41590-55800,131.3,127.12263,37.17466
다사6609,night,1.0,0.953067,2.7586,3.0058,-0.2472,ok,0.0,3,4,4,0.7867,31.592,18068.0,3111.0,0.0589,동탄9동,-0.2472,-0.2472,1.0,4,ADD_FREQ,31240720,동,100.0,95.31,4517.0,41590-55490,128.0,127.12259,37.18367
다사6610,night,0.961251,0.917427,2.6055,2.8619,-0.2564,ok,0.0,2,4,4,0.6247,18.287,13095.0,1041.0,0.0578,동탄9동,-0.2564,-0.2564,1.0,4,ADD_FREQ,31240720,동,96.13,91.74,3273.8,41590-36693,225.2,127.12254,37.19269
다사6611,night,0.915261,0.866871,2.4239,2.6578,-0.2339,ok,0.0,3,4,4,0.8463,12.199,10119.0,894.0,0.0838,동탄4동,-0.2339,-0.2339,0.97701,4,ADD_FREQ,31240640,동,91.53,86.69,2529.8,41590-55301,92.2,127.1225,37.2017
다사6612,night,0.627509,0.605127,1.2874,1.6011,-0.3137,ok,0.0,2,4,4,0.4673,5.713,5512.0,265.0,0.1069,동탄5동,-0.3137,-0.3137,0.88703,4,NEW_STOP,31240650,동,62.75,60.51,1378.0,41590-55584,319.6,127.12245,37.21072
다사6707,night,0.626689,0.061288,1.2841,-0.5945,1.8786,need,2.68191,6,4,1,0.05,0.21,6021.0,417.0,0.0732,동탄7동,1.8786,1.8786,0.90075,4,DRT,31240691,동,62.67,6.13,1505.2,41590-55750,588.1,127.13394,37.16568
다사6708,night,0.732205,0.257379,1.7009,0.1972,1.5037,need,2.02624,6,4,3,0.712,0.465,6700.0,968.0,0.0282,동탄9동,1.5037,1.5037,0.91846,4,ADD_FREQ,31240720,동,73.22,25.74,1675.0,41590-55816,172.8,127.13389,37.1747
다사6709,night,0.540067,0.351811,0.942,0.5784,0.3636,mid,0.0,4,4,3,0.8653,0.844,594.0,72.0,0.0875,동탄9동,0.3636,0.3636,0.56853,3,ADD_FREQ,31240720,동,54.01,35.18,148.5,41590-55914,80.8,127.13385,37.18371
다사6710,night,0.549222,0.137292,0.9782,-0.2876,1.2658,need,1.62455,6,4,2,0.05,0.614,2891.0,319.0,0.0436,동탄9동,1.2658,1.2658,0.79687,4,DRT,31240720,동,54.92,13.73,722.8,41590-55555,714.4,127.13381,37.19272
다사6711,night,0.261492,0.431036,-0.1583,0.8983,-1.0565,mid,0.0,1,2,4,0.7375,1.77,164.0,192.0,0.2073,동탄5동,-1.0565,-1.0565,0.39169,2,ADD_FREQ,31240650,동,26.15,43.1,41.0,41590-36504,157.5,127.13376,37.20174
다사6712,night,0.069129,0.098065,-0.918,-0.446,-0.2,mid,0.0,3,0,2,0.05,0.391,13.0,3.0,0.7692,동탄5동,-0.2,-0.472,0.12576,0,DRT,31240650,동,6.91,9.81,3.2,41590-55902,634.8,127.13372,37.21075
다사6808,night,0.569411,0.250674,1.0579,0.1701,0.8878,need,1.06029,5,4,3,0.6997,0.443,822.0,41.0,0.0754,동탄9동,0.8878,0.8878,0.62199,4,ADD_FREQ,31240720,동,56.94,25.07,205.5,41590-55934,180.2,127.14516,37.17473
다사6809,night,0.516331,0.100552,0.8483,-0.4359,1.2842,need,1.76368,6,4,2,0.3827,0.064,2127.0,94.0,0.1105,동탄9동,1.2842,1.2842,0.75525,4,NEW_STOP,31240720,동,51.63,10.06,531.8,41590-55817,370.4,127.14512,37.18374
다사6810,night,0.33922,0.09284,0.1487,-0.4671,0.6158,mid,0.0,4,3,2,0.422,0.0,284.0,225.0,0.0915,동탄9동,0.6158,0.6158,0.47585,3,NEW_STOP,31240720,동,33.92,9.28,71.0,41590-36505,346.8,127.14507,37.19276
다사6811,night,0.188512,0.056891,-0.4465,-0.6122,0.1348,mid,0.0,3,1,1,0.05,0.19,78.0,58.0,0.3333,동탄5동,0.1348,0.1657,0.31867,1,DRT,31240650,동,18.85,5.69,19.5,41590-36505,665.1,127.14503,37.20177
다사6812,night,0.099434,0.011,-0.7983,-0.7975,-0.0005,mid,0.0,3,0,0,0.05,0.0,23.0,12.0,0.2174,동탄5동,-0.0005,-0.0008,0.19887,0,DRT,31240650,동,9.94,1.1,5.8,41590-36505,860.8,127.14499,37.21079
다사6909,night,0.0,0.011,-1.1911,-0.7975,-0.0,mid,0.0,3,0,0,0.05,0.0,0.0,0.0,0.0,동탄9동,-0.0,-0.3936,0.0,0,DRT,31240720,동,0.0,1.1,0.0,41590-55934,1239.6,127.15638,37.18378
다사6910,night,0.0,0.011,-1.1911,-0.7975,-0.0,mid,0.0,3,0,0,0.05,0.0,0.0,0.0,0.0,동탄9동,-0.0,-0.3936,0.0,0,DRT,31240720,동,0.0,1.1,0.0,41590-55934,1312.7,127.15634,37.19279
