{"type":"FeatureCollection","name":"화성시 읍면동 경계","source":"SGIS 통계지리정보서비스 읍면동 경계 (bnd_dong_00_2025_2Q)","features":[{"type":"Feature","properties":{"code":"31240560","name":"기배동","kind":"동"},"geometry":{"type":"Polygon","coordinates":[[[126.98743,37.23337],[126.98769,37.23343],[126.98746,37.23415],[126.98827,37.23408],[126.98953,37.23356],[126.98921,37.23213],[126.98947,37.23169],[126.99037,37.23228],[126.99058,37.2313],[126.9916,37.23097],[126.99269,37.23127],[126.99333,37.23062],[126.99486,37.23047],[126.99586,37.22963],[126.99766,37.22919],[126.99777,37.22861],[126.99672,37.22843],[126.9966,37.22788],[126.99766,37.22772],[126.99753,37.22715],[126.99828,37.22669],[126.99828,37.22562],[126.99871,37.22564],[126.99907,37.22626],[126.99984,37.22632],[127.00007,37.22678],[127.00112,37.22652],[127.00124,37.22764],[127.00239,37.22903],[127.00336,37.22888],[127.0027,37.22994],[127.00333,37.2302],[127.00425,37.22907],[127.00648,37.22906],[127.00728,37.22756],[127.01072,37.22655],[127.0094,37.22676],[127.00825,37.22634],[127.00949,37.22458],[127.00728,37.22409],[127.00399,37.2241],[127.00329,37.22347],[127.00294,37.22291],[127.00323,37.21953],[127.00421,37.21763],[127.00409,37.21668],[127.00253,37.21757],[127.00242,37.2181],[127.00027,37.21913],[126.99885,37.21864],[126.99757,37.21916],[126.99495,37.21628],[126.99102,37.21642],[126.98904,37.21487],[126.98512,37.2145],[126.98181,37.21318],[126.98072,37.21408],[126.97889,37.21674],[126.97859,37.21752],[126.97884,37.21835],[126.9777,37.21971],[126.97835,37.22086],[126.97695,37.22073],[126.97571,37.22198],[126.97418,37.22239],[126.97304,37.22335],[126.97201,37.22501],[126.97148,37.22787],[126.97048,37.22936],[126.9729,37.22873],[126.97574,37.22954],[126.97654,37.23022],[126.97896,37.22945],[126.97906,37.23062],[126.97981,37.23098],[126.98107,37.23253],[126.98243,37.23225],[126.98273,37.23163],[126.98474,37.23081],[126.98501,37.23224],[126.9863,37.23283],[126.98623,37.23409],[126.9868,37.23426],[126.98665,37.2336],[126.98743,37.23337]]]}},{"type":"Feature","properties":{"code":"31240150","name":"남양읍","kind":"읍"},"geometry":{"type":"Polygon","coordinates":[[[126.81407,37.28476],[126.81209,37.28416],[126.81233,37.28392],[126.81195,37.28315],[126.81094,37.283],[126.80968,37.28066],[126.81167,37.279],[126.81361,37.27857],[126.81489,37.27767],[126.81559,37.27777],[126.82065,37.27566],[126.82332,37.27403],[126.82382,37.27326],[126.82497,37.27288],[126.82423,37.27269],[126.82544,37.27258],[126.82534,37.27163],[126.82731,37.27052],[126.8289,37.27064],[126.83128,37.27378],[126.83539,37.27103],[126.83737,37.27072],[126.84144,37.26629],[126.83748,37.26284],[126.83614,37.26021],[126.83445,37.25787],[126.8337,37.25751],[126.83339,37.25671],[126.83419,37.25459],[126.83295,37.25433],[126.83235,37.2533],[126.8307,37.2537],[126.82985,37.25276],[126.82864,37.25259],[126.82696,37.25146],[126.82734,37.25053],[126.8264,37.24857],[126.82685,37.24693],[126.82651,37.24537],[126.82733,37.24309],[126.82622,37.24217],[126.82631,37.24115],[126.82551,37.23898],[126.82377,37.23675],[126.82539,37.23584],[126.82534,37.2352],[126.82695,37.23531],[126.82751,37.23277],[126.82812,37.23216],[126.82832,37.23041],[126.82926,37.22996],[126.83049,37.23046],[126.83519,37.23053],[126.83571,37.23223],[126.83918,37.23228],[126.84021,37.2308],[126.8402,37.23025],[126.84239,37.22915],[126.84547,37.22917],[126.84707,37.22773],[126.84855,37.22724],[126.84958,37.22821],[126.85074,37.22828],[126.84993,37.22629],[126.85065,37.22389],[126.85013,37.22306],[126.85009,37.22121],[126.84895,37.22058],[126.84899,37.22019],[126.85027,37.21969],[126.85287,37.22019],[126.85321,37.21872],[126.85368,37.21822],[126.85466,37.21825],[126.85486,37.21731],[126.8544,37.21572],[126.85602,37.21531],[126.85637,37.21432],[126.85761,37.21382],[126.85915,37.21412],[126.86032,37.21369],[126.86111,37.21388],[126.86246,37.21194],[126.86353,37.21156],[126.86421,37.21197],[126.86558,37.21164],[126.86547,37.20991],[126.867,37.20944],[126.86624,37.20807],[126.86621,37.20705],[126.8655,37.20628],[126.86599,37.2045],[126.86524,37.20407],[126.86483,37.20333],[126.86513,37.203],[126.86375,37.20221],[126.86237,37.20003],[126.86236,37.19797],[126.86319,37.19595],[126.86063,37.19512],[126.86063,37.19403],[126.85973,37.19315],[126.85977,37.19235],[126.86105,37.18987],[126.85996,37.18847],[126.85783,37.18788],[126.85743,37.18715],[126.85756,37.18568],[126.85706,37.18563],[126.85668,37.18482],[126.85771,37.18413],[126.85807,37.18264],[126.86112,37.18153],[126.86087,37.1803],[126.85974,37.1785],[126.86065,37.17694],[126.86331,37.17691],[126.86507,37.17507],[126.86217,37.17102],[126.86231,37.16928],[126.86273,37.1691],[126.85866,37.16499],[126.85438,37.16325],[126.85171,37.16265],[126.84883,37.16044],[126.84507,37.1587],[126.84468,37.15693],[126.8433,37.15555],[126.84045,37.15402],[126.83946,37.15303],[126.83562,37.15185],[126.83213,37.15139],[126.82981,37.15009],[126.82313,37.15003],[126.82304,37.14976],[126.81901,37.1505],[126.8037,37.14829],[126.8027,37.15056],[126.78235,37.14773],[126.77515,37.14687],[126.76931,37.14671],[126.75615,37.14497],[126.74569,37.14235],[126.73869,37.13961],[126.73754,37.13974],[126.73725,37.14064],[126.7376,37.14123],[126.74182,37.14506],[126.74976,37.15102],[126.75366,37.15317],[126.75892,37.15447],[126.77426,37.15606],[126.77804,37.15772],[126.78817,37.16651],[126.7907,37.17044],[126.7918,37.17429],[126.7898,37.17512],[126.79475,37.18153],[126.79477,37.18574],[126.79057,37.1874],[126.79132,37.18771],[126.79155,37.18716],[126.79553,37.18615],[126.79643,37.18736],[126.79609,37.18859],[126.79779,37.19252],[126.79528,37.19336],[126.79234,37.19561],[126.79153,37.19717],[126.79137,37.19856],[126.79007,37.2],[126.79154,37.20124],[126.79118,37.20231],[126.79167,37.20253],[126.7911,37.20268],[126.79176,37.20376],[126.79498,37.20505],[126.7946,37.20737],[126.79619,37.20889],[126.79633,37.21023],[126.79754,37.21093],[126.79826,37.21188],[126.79875,37.21177],[126.80025,37.21336],[126.80155,37.21356],[126.80187,37.21431],[126.79905,37.21932],[126.79981,37.21968],[126.79844,37.21974],[126.79854,37.22025],[126.7993,37.22036],[126.79896,37.22144],[126.79929,37.2223],[126.79709,37.22461],[126.79719,37.22533],[126.79682,37.22575],[126.79456,37.22654],[126.79439,37.22769],[126.79308,37.22859],[126.7932,37.22954],[126.79149,37.23181],[126.79053,37.23253],[126.78779,37.23245],[126.78601,37.23317],[126.78321,37.23042],[126.78307,37.23327],[126.77843,37.23742],[126.77737,37.2391],[126.77709,37.25009],[126.7893,37.2501],[126.78831,37.25519],[126.79337,37.25923],[126.79327,37.26018],[126.79216,37.26092],[126.79156,37.26188],[126.79232,37.2636],[126.79189,37.2643],[126.79238,37.26474],[126.79067,37.26606],[126.79032,37.26717],[126.79136,37.26759],[126.79231,37.26868],[126.79506,37.26867],[126.79628,37.27073],[126.8028,37.26917],[126.80406,37.26788],[126.80576,37.26796],[126.80884,37.26681],[126.80888,37.26639],[126.81062,37.26697],[126.81122,37.26763],[126.81066,37.26858],[126.81088,37.26888],[126.80856,37.26857],[126.80826,37.27003],[126.80581,37.27342],[126.80548,37.27476],[126.80407,37.27682],[126.8026,37.27693],[126.80028,37.27797],[126.80049,37.27863],[126.80162,37.27823],[126.8033,37.27955],[126.80515,37.28462],[126.80688,37.28482],[126.80839,37.28589],[126.80965,37.28601],[126.81055,37.28663],[126.81258,37.28608],[126.81407,37.28476]]]}},{"type":"Feature","properties":{"code":"31240610","name":"동탄1동","kind":"동"},"geometry":{"type":"Polygon","coordinates":[[[127.07344,37.2261],[127.07614,37.22546],[127.0782,37.22325],[127.07777,37.22294],[127.07797,37.22276],[127.07916,37.22249],[127.07959,37.22178],[127.08085,37.22146],[127.0823,37.21986],[127.08488,37.21883],[127.08823,37.2166],[127.0877,37.21476],[127.08462,37.21096],[127.08429,37.21001],[127.08589,37.2063],[127.08595,37.20511],[127.08547,37.20387],[127.08296,37.202],[127.08298,37.20055],[127.08027,37.20069],[127.07591,37.19968],[127.07571,37.20009],[127.06497,37.19775],[127.06439,37.19907],[127.05948,37.19951],[127.05948,37.20547],[127.06225,37.21099],[127.06351,37.21221],[127.06402,37.21199],[127.07049,37.21315],[127.07066,37.21414],[127.06848,37.22305],[127.07307,37.22617],[127.07344,37.2261]]]}},{"type":"Feature","properties":{"code":"31240600","name":"동탄2동","kind":"동"},"geometry":{"type":"Polygon","coordinates":[[[127.08299,37.20008],[127.08339,37.19841],[127.08262,37.19606],[127.08214,37.19229],[127.08355,37.18912],[127.08299,37.18425],[127.08007,37.18456],[127.07854,37.1857],[127.07515,37.18693],[127.07349,37.18711],[127.07119,37.18403],[127.0686,37.18389],[127.06792,37.1844],[127.06608,37.18442],[127.06554,37.18529],[127.06566,37.186],[127.06518,37.18639],[127.06571,37.18675],[127.0663,37.18813],[127.06803,37.18914],[127.06793,37.19029],[127.0686,37.1906],[127.06701,37.19108],[127.06566,37.19213],[127.06562,37.19423],[127.06632,37.19542],[127.06497,37.19775],[127.0746,37.19989],[127.07571,37.20009],[127.07591,37.19968],[127.08027,37.20069],[127.08298,37.20055],[127.08299,37.20008]]]}},{"type":"Feature","properties":{"code":"31240620","name":"동탄3동","kind":"동"},"geometry":{"type":"Polygon","coordinates":[[[127.06047,37.22107],[127.06152,37.22027],[127.06292,37.21717],[127.06412,37.21214],[127.06351,37.21221],[127.06225,37.21099],[127.05948,37.20547],[127.05948,37.19951],[127.06052,37.19945],[127.05668,37.19723],[127.05445,37.19749],[127.05062,37.19649],[127.04991,37.1969],[127.05053,37.19719],[127.05012,37.19819],[127.05137,37.19865],[127.05106,37.19955],[127.05342,37.20171],[127.05288,37.20303],[127.04908,37.20524],[127.04872,37.20758],[127.04898,37.20969],[127.05071,37.212],[127.0513,37.21119],[127.05098,37.21024],[127.05139,37.2089],[127.05326,37.20823],[127.05452,37.20829],[127.0539,37.20972],[127.05396,37.21022],[127.05465,37.21064],[127.05425,37.211],[127.05725,37.21005],[127.05877,37.21047],[127.05875,37.21101],[127.05513,37.21273],[127.05278,37.21474],[127.0554,37.21592],[127.05518,37.21766],[127.05899,37.22074],[127.06017,37.22129],[127.06047,37.22107]]]}},{"type":"Feature","properties":{"code":"31240640","name":"동탄4동","kind":"동"},"geometry":{"type":"Polygon","coordinates":[[[127.10999,37.20333],[127.1168,37.20366],[127.12097,37.20292],[127.12082,37.20196],[127.13034,37.20125],[127.13131,37.19825],[127.1315,37.19569],[127.13003,37.1961],[127.12703,37.19571],[127.12641,37.19621],[127.12523,37.19603],[127.12449,37.19528],[127.12273,37.19514],[127.11981,37.19351],[127.12074,37.19162],[127.12143,37.19125],[127.11931,37.18974],[127.11662,37.18915],[127.11605,37.18939],[127.11552,37.18877],[127.11561,37.18631],[127.11443,37.18596],[127.11308,37.18393],[127.10803,37.1843],[127.10518,37.18518],[127.10278,37.18665],[127.10294,37.18776],[127.10412,37.18997],[127.1011,37.18897],[127.10011,37.18941],[127.09914,37.19081],[127.09914,37.19245],[127.09882,37.19258],[127.0988,37.20472],[127.10999,37.20333]]]}},{"type":"Feature","properties":{"code":"31240650","name":"동탄5동","kind":"동"},"geometry":{"type":"Polygon","coordinates":[[[127.11934,37.21933],[127.1208,37.21942],[127.12469,37.21822],[127.13164,37.21688],[127.13379,37.21589],[127.13668,37.21553],[127.13995,37.21721],[127.1411,37.21732],[127.14323,37.21861],[127.14587,37.21919],[127.14677,37.21901],[127.15069,37.22001],[127.15201,37.21817],[127.1515,37.21763],[127.15128,37.21622],[127.15149,37.21433],[127.15306,37.21257],[127.1541,37.21014],[127.1563,37.2088],[127.15733,37.20695],[127.15567,37.20599],[127.15539,37.20362],[127.1543,37.20213],[127.15338,37.20189],[127.15274,37.20099],[127.15206,37.19954],[127.15224,37.19841],[127.15038,37.19822],[127.14863,37.19709],[127.14581,37.19657],[127.14471,37.19685],[127.14359,37.1962],[127.13919,37.19632],[127.13762,37.19535],[127.13583,37.19538],[127.13372,37.19647],[127.1315,37.19569],[127.13131,37.19825],[127.13034,37.20125],[127.12082,37.20196],[127.12097,37.20292],[127.11773,37.20355],[127.10898,37.20335],[127.10067,37.20465],[127.08583,37.20471],[127.08585,37.20647],[127.08429,37.21001],[127.08462,37.21096],[127.0877,37.21476],[127.08799,37.2166],[127.08881,37.21618],[127.08889,37.2166],[127.0914,37.21683],[127.09314,37.21784],[127.10464,37.21983],[127.11512,37.21913],[127.11605,37.21973],[127.11758,37.22002],[127.11934,37.21933]]]}},{"type":"Feature","properties":{"code":"31240700","name":"동탄6동","kind":"동"},"geometry":{"type":"Polygon","coordinates":[[[127.0871,37.20472],[127.0988,37.20472],[127.09882,37.19258],[127.09914,37.19245],[127.09914,37.19081],[127.10011,37.18941],[127.1011,37.18897],[127.10165,37.18941],[127.10237,37.18914],[127.10307,37.18987],[127.10412,37.18997],[127.10294,37.18776],[127.10278,37.18665],[127.10518,37.18518],[127.10803,37.1843],[127.11192,37.18424],[127.11307,37.18371],[127.11707,37.18372],[127.11372,37.1813],[127.10879,37.17909],[127.10352,37.17792],[127.09816,37.17766],[127.09786,37.1767],[127.09581,37.17497],[127.08933,37.16096],[127.08867,37.1606],[127.08392,37.16116],[127.08378,37.16088],[127.08317,37.1617],[127.07987,37.16138],[127.07891,37.16252],[127.07856,37.1622],[127.07787,37.16243],[127.07619,37.16211],[127.07544,37.1626],[127.07584,37.16275],[127.0759,37.16371],[127.07339,37.16555],[127.07356,37.16641],[127.07326,37.16692],[127.07203,37.16742],[127.0713,37.16824],[127.07138,37.16956],[127.07069,37.17058],[127.07058,37.17311],[127.07076,37.17398],[127.07235,37.17407],[127.07309,37.17456],[127.07203,37.17614],[127.07213,37.18194],[127.07119,37.18403],[127.07315,37.18632],[127.0732,37.18704],[127.07652,37.18643],[127.07864,37.18565],[127.08007,37.18456],[127.08299,37.18425],[127.08355,37.18912],[127.08214,37.19229],[127.08262,37.19606],[127.08339,37.19841],[127.08296,37.202],[127.08534,37.20371],[127.08583,37.20471],[127.0871,37.20472]]]}},{"type":"Feature","properties":{"code":"31240691","name":"동탄7동","kind":"동"},"geometry":{"type":"Polygon","coordinates":[[[127.11403,37.17946],[127.11664,37.17988],[127.1221,37.17928],[127.12413,37.17984],[127.12616,37.17953],[127.12415,37.17378],[127.12344,37.16847],[127.12423,37.16812],[127.1256,37.16883],[127.12657,37.17001],[127.12638,37.17104],[127.12759,37.17084],[127.12773,37.16907],[127.12908,37.16865],[127.13015,37.16886],[127.13077,37.16826],[127.13256,37.16828],[127.134,37.16612],[127.13408,37.16509],[127.13271,37.16439],[127.13245,37.16383],[127.13162,37.16403],[127.1312,37.16263],[127.1294,37.1621],[127.12699,37.16221],[127.12424,37.16305],[127.12281,37.16302],[127.12272,37.16251],[127.1212,37.16269],[127.1171,37.16395],[127.11719,37.16445],[127.11656,37.16468],[127.11557,37.16406],[127.11463,37.166],[127.10339,37.16569],[127.0999,37.16485],[127.09112,37.16481],[127.09581,37.17497],[127.09786,37.1767],[127.09816,37.17766],[127.10054,37.17757],[127.10522,37.17817],[127.1116,37.18019],[127.11403,37.17946]]]}},{"type":"Feature","properties":{"code":"31240710","name":"동탄8동","kind":"동"},"geometry":{"type":"Polygon","coordinates":[[[127.11465,37.16593],[127.11532,37.16424],[127.11575,37.16401],[127.11656,37.16468],[127.11719,37.16445],[127.1171,37.16395],[127.1212,37.16269],[127.12272,37.16251],[127.12281,37.16302],[127.12424,37.16305],[127.12699,37.16221],[127.1294,37.1621],[127.12832,37.16099],[127.12798,37.15988],[127.12892,37.1595],[127.12897,37.15831],[127.12959,37.15825],[127.13008,37.15768],[127.12862,37.15435],[127.12913,37.15415],[127.12926,37.15332],[127.13022,37.15259],[127.13046,37.1519],[127.13037,37.15129],[127.12949,37.15057],[127.12948,37.14869],[127.12786,37.14744],[127.12833,37.14646],[127.1277,37.14547],[127.12699,37.14579],[127.1247,37.14538],[127.12218,37.14428],[127.11982,37.1446],[127.1189,37.14366],[127.1175,37.14459],[127.11598,37.14426],[127.11395,37.14467],[127.11114,37.14379],[127.11027,37.14239],[127.1077,37.1429],[127.10631,37.14205],[127.10376,37.14189],[127.10375,37.14327],[127.10304,37.14386],[127.10278,37.14567],[127.10038,37.14635],[127.10078,37.14806],[127.1003,37.14803],[127.09956,37.14916],[127.09925,37.15117],[127.09764,37.15179],[127.09813,37.15287],[127.0988,37.15314],[127.09843,37.15352],[127.09871,37.15398],[127.09825,37.15441],[127.0981,37.15573],[127.09572,37.15745],[127.0952,37.15855],[127.09371,37.15947],[127.09167,37.15946],[127.08915,37.16049],[127.08933,37.16096],[127.09112,37.16481],[127.0999,37.16485],[127.10339,37.16569],[127.11465,37.16593]]]}},{"type":"Feature","properties":{"code":"31240720","name":"동탄9동","kind":"동"},"geometry":{"type":"Polygon","coordinates":[[[127.15295,37.19728],[127.15542,37.19769],[127.15553,37.19696],[127.15674,37.1953],[127.16115,37.19187],[127.1613,37.19049],[127.16058,37.18957],[127.1602,37.18604],[127.1585,37.1837],[127.15972,37.18239],[127.16066,37.17984],[127.15977,37.17953],[127.15912,37.17797],[127.15774,37.17695],[127.15633,37.17652],[127.1554,37.17671],[127.15389,37.17587],[127.15311,37.17366],[127.15214,37.17269],[127.15197,37.17172],[127.14914,37.17056],[127.14871,37.16989],[127.1475,37.16978],[127.14694,37.17011],[127.14549,37.16973],[127.1439,37.17031],[127.14056,37.16914],[127.1395,37.1695],[127.13563,37.16894],[127.13375,37.16931],[127.13216,37.1681],[127.13077,37.16826],[127.13015,37.16886],[127.12908,37.16865],[127.12773,37.16907],[127.12759,37.17084],[127.12638,37.17104],[127.12657,37.17001],[127.1256,37.16883],[127.12423,37.16812],[127.12344,37.16847],[127.12396,37.17282],[127.12616,37.17953],[127.12413,37.17984],[127.1221,37.17928],[127.11664,37.17988],[127.11376,37.17946],[127.1116,37.18019],[127.11491,37.18203],[127.11707,37.18372],[127.11307,37.18371],[127.11359,37.18496],[127.11443,37.18596],[127.11561,37.18631],[127.11552,37.18877],[127.11605,37.18939],[127.11662,37.18915],[127.11931,37.18974],[127.12143,37.19125],[127.12074,37.19162],[127.11981,37.19351],[127.12273,37.19514],[127.12395,37.19509],[127.12523,37.19603],[127.12641,37.19621],[127.12703,37.19571],[127.13003,37.1961],[127.13161,37.19569],[127.13372,37.19647],[127.13583,37.19538],[127.13762,37.19535],[127.13919,37.19632],[127.14359,37.1962],[127.14471,37.19685],[127.14581,37.19657],[127.14863,37.19709],[127.15038,37.19822],[127.15223,37.19842],[127.15295,37.19728]]]}},{"type":"Feature","properties":{"code":"31240350","name":"마도면","kind":"면"},"geometry":{"type":"Polygon","coordinates":[[[126.78601,37.23317],[126.78779,37.23245],[126.78924,37.23273],[126.79063,37.23249],[126.79268,37.23049],[126.79322,37.22948],[126.793,37.22875],[126.79439,37.22769],[126.79456,37.22654],[126.79719,37.22533],[126.79709,37.22461],[126.79929,37.2223],[126.79896,37.22144],[126.7993,37.22036],[126.79854,37.22025],[126.79844,37.21974],[126.79981,37.21968],[126.79905,37.21932],[126.80187,37.21431],[126.80155,37.21356],[126.80025,37.21336],[126.79875,37.21177],[126.79826,37.21188],[126.79754,37.21093],[126.79633,37.21023],[126.79619,37.20889],[126.7946,37.20737],[126.79498,37.20505],[126.79176,37.20376],[126.7911,37.20268],[126.79167,37.20253],[126.79118,37.20231],[126.79154,37.20124],[126.79007,37.2],[126.79137,37.19856],[126.79153,37.19717],[126.79234,37.19561],[126.79528,37.19336],[126.79779,37.19252],[126.79609,37.18859],[126.79643,37.18736],[126.79553,37.18615],[126.79155,37.18716],[126.79132,37.18771],[126.79059,37.18747],[126.79477,37.18574],[126.79475,37.18153],[126.78881,37.17383],[126.78899,37.17324],[126.78798,37.16941],[126.78496,37.1657],[126.77507,37.15825],[126.77297,37.15772],[126.75942,37.15673],[126.75995,37.16487],[126.75923,37.1657],[126.75933,37.16611],[126.74978,37.16825],[126.74885,37.16762],[126.74683,37.16729],[126.74663,37.16663],[126.74599,37.16641],[126.74696,37.16499],[126.74662,37.16384],[126.74526,37.16313],[126.74407,37.16315],[126.74396,37.16478],[126.74248,37.16609],[126.74259,37.16718],[126.74176,37.16747],[126.74163,37.16792],[126.73943,37.16786],[126.73752,37.16845],[126.73701,37.1702],[126.73575,37.17034],[126.73273,37.16956],[126.73008,37.17232],[126.72897,37.17258],[126.72655,37.17422],[126.726,37.17635],[126.71997,37.17639],[126.71734,37.17789],[126.71765,37.17859],[126.7172,37.18018],[126.71664,37.18097],[126.71516,37.18173],[126.7155,37.18336],[126.71651,37.18455],[126.71645,37.18495],[126.71718,37.18552],[126.719,37.1859],[126.719,37.18698],[126.72053,37.18841],[126.71996,37.18928],[126.71852,37.19009],[126.71932,37.19138],[126.71888,37.19238],[126.71912,37.193],[126.71944,37.19366],[126.72126,37.19459],[126.7212,37.19536],[126.72399,37.19658],[126.72452,37.19664],[126.7251,37.196],[126.72739,37.19657],[126.72888,37.19773],[126.72788,37.19997],[126.72873,37.20229],[126.73245,37.20294],[126.73345,37.2035],[126.73382,37.20351],[126.73395,37.20277],[126.73594,37.20294],[126.73588,37.2026],[126.73771,37.2045],[126.73893,37.20515],[126.74158,37.20547],[126.74377,37.20628],[126.74589,37.20525],[126.74724,37.20552],[126.74764,37.20626],[126.74883,37.20616],[126.7496,37.20682],[126.74986,37.20866],[126.75032,37.20876],[126.75046,37.21101],[126.7509,37.21138],[126.75259,37.2114],[126.75499,37.21029],[126.75507,37.20939],[126.75436,37.20934],[126.75415,37.20897],[126.75438,37.20803],[126.75609,37.20631],[126.75777,37.20582],[126.75922,37.20716],[126.76076,37.2079],[126.76062,37.20993],[126.7616,37.21038],[126.76115,37.21034],[126.76155,37.21068],[126.76809,37.21032],[126.76871,37.21104],[126.77453,37.21021],[126.77372,37.21091],[126.77427,37.21251],[126.77263,37.21502],[126.77345,37.2181],[126.77283,37.21944],[126.78142,37.22699],[126.78251,37.2284],[126.78238,37.22998],[126.78601,37.23317]]]}},{"type":"Feature","properties":{"code":"31240310","name":"매송면","kind":"면"},"geometry":{"type":"Polygon","coordinates":[[[126.90093,37.29143],[126.90179,37.2914],[126.90247,37.29074],[126.90377,37.29112],[126.90562,37.29001],[126.90663,37.28995],[126.91274,37.29018],[126.91456,37.29065],[126.91755,37.28653],[126.91797,37.28531],[126.91917,37.28484],[126.92326,37.28138],[126.92488,37.28116],[126.92574,37.27963],[126.92778,37.27818],[126.92764,37.2774],[126.92854,37.2765],[126.92799,37.27505],[126.9281,37.27399],[126.92735,37.27342],[126.92706,37.27134],[126.92859,37.27112],[126.92849,37.27058],[126.92959,37.2706],[126.92819,37.26888],[126.92962,37.26678],[126.92959,37.26449],[126.93015,37.26402],[126.93064,37.26108],[126.9323,37.26081],[126.93307,37.25958],[126.93517,37.25809],[126.93521,37.2574],[126.93579,37.25686],[126.94156,37.25672],[126.94676,37.25746],[126.94839,37.25678],[126.95008,37.25571],[126.94977,37.25432],[126.95059,37.25246],[126.9525,37.25173],[126.95289,37.24875],[126.95618,37.24676],[126.9567,37.24513],[126.95574,37.24517],[126.95431,37.24313],[126.95322,37.24247],[126.94851,37.24329],[126.94794,37.24274],[126.9474,37.24045],[126.94646,37.23924],[126.9442,37.23891],[126.94241,37.23947],[126.93978,37.24191],[126.93817,37.24275],[126.93662,37.24273],[126.931,37.2444],[126.93198,37.24281],[126.93076,37.24285],[126.93004,37.24179],[126.9294,37.23948],[126.92971,37.238],[126.92812,37.23651],[126.92805,37.23541],[126.92675,37.23577],[126.92436,37.23521],[126.92431,37.23686],[126.9253,37.23899],[126.9231,37.23924],[126.92136,37.23993],[126.92004,37.23908],[126.91924,37.23917],[126.91701,37.24041],[126.91534,37.23894],[126.91382,37.2388],[126.91376,37.23836],[126.91024,37.23951],[126.91024,37.24018],[126.90844,37.24035],[126.90578,37.24161],[126.90484,37.24144],[126.90508,37.24236],[126.90406,37.24304],[126.90145,37.2435],[126.89926,37.24287],[126.89495,37.24871],[126.89491,37.24924],[126.89335,37.24985],[126.89388,37.2506],[126.89346,37.251],[126.89201,37.24996],[126.89018,37.24979],[126.88964,37.25034],[126.88906,37.25294],[126.88711,37.25625],[126.88314,37.25653],[126.88335,37.25693],[126.88306,37.25715],[126.88215,37.25697],[126.87768,37.25806],[126.87405,37.26051],[126.87139,37.25995],[126.87084,37.25899],[126.86747,37.25975],[126.86651,37.26148],[126.86692,37.26231],[126.86624,37.26313],[126.86636,37.26436],[126.8647,37.26595],[126.86462,37.26687],[126.86308,37.26682],[126.86274,37.26578],[126.86212,37.26556],[126.86087,37.26632],[126.8604,37.268],[126.85909,37.26879],[126.85857,37.26989],[126.85715,37.26935],[126.85595,37.26992],[126.85744,37.27267],[126.86183,37.2725],[126.86197,37.27196],[126.86264,37.27251],[126.86478,37.27242],[126.86895,37.27392],[126.87042,37.27409],[126.87021,37.27434],[126.87359,37.27591],[126.8745,37.27521],[126.87531,37.2774],[126.87317,37.27604],[126.87151,37.27572],[126.87128,37.27517],[126.87043,37.27474],[126.86921,37.2748],[126.86577,37.27398],[126.86516,37.27318],[126.86392,37.27281],[126.86222,37.27538],[126.86322,37.2784],[126.86282,37.27905],[126.86202,37.27911],[126.86197,37.27965],[126.86239,37.27975],[126.86201,37.28072],[126.86324,37.28151],[126.86715,37.2817],[126.8716,37.28056],[126.87223,37.27946],[126.87361,37.27977],[126.87386,37.28033],[126.87572,37.28118],[126.87718,37.28269],[126.87738,37.28443],[126.87841,37.28466],[126.87904,37.28561],[126.88041,37.28474],[126.88187,37.28441],[126.8816,37.28392],[126.88191,37.28367],[126.88356,37.28357],[126.88443,37.28285],[126.88532,37.28295],[126.88557,37.28259],[126.88635,37.28336],[126.88984,37.28199],[126.89118,37.28342],[126.89101,37.28385],[126.89313,37.28517],[126.89307,37.28659],[126.89439,37.2871],[126.89432,37.28775],[126.89548,37.28792],[126.89644,37.28929],[126.89864,37.2897],[126.90093,37.29143]]]}},{"type":"Feature","properties":{"code":"31240550","name":"반월동","kind":"동"},"geometry":{"type":"Polygon","coordinates":[[[127.06647,37.24009],[127.06772,37.2401],[127.06731,37.23863],[127.06793,37.23678],[127.06773,37.23517],[127.06948,37.23162],[127.06889,37.22987],[127.06956,37.22939],[127.0697,37.22865],[127.07259,37.22912],[127.0738,37.22824],[127.07482,37.22819],[127.07529,37.22634],[127.07592,37.22558],[127.07307,37.22617],[127.06848,37.22305],[127.07066,37.21414],[127.07049,37.21315],[127.06412,37.21214],[127.06292,37.21717],[127.06152,37.22027],[127.06017,37.22129],[127.05651,37.21867],[127.05553,37.21914],[127.05379,37.22104],[127.05243,37.22149],[127.05178,37.22106],[127.05109,37.22142],[127.04954,37.22435],[127.04787,37.22576],[127.04592,37.22837],[127.04571,37.22926],[127.04431,37.22877],[127.04499,37.23323],[127.04542,37.23302],[127.04578,37.23333],[127.0459,37.23278],[127.0467,37.23287],[127.04958,37.23407],[127.05153,37.23433],[127.05359,37.2334],[127.05378,37.23233],[127.05251,37.23154],[127.0527,37.23128],[127.05832,37.23418],[127.05985,37.23576],[127.06004,37.23673],[127.06332,37.23895],[127.06449,37.23928],[127.06515,37.24013],[127.06647,37.24009]]]}},{"type":"Feature","properties":{"code":"31240530","name":"병점1동","kind":"동"},"geometry":{"type":"Polygon","coordinates":[[[127.03983,37.20965],[127.04452,37.20327],[127.04393,37.20192],[127.04271,37.20087],[127.04342,37.20056],[127.04384,37.20085],[127.04355,37.20018],[127.04435,37.19967],[127.0436,37.1978],[127.04147,37.19748],[127.04063,37.19819],[127.04013,37.19796],[127.03957,37.1985],[127.03783,37.19882],[127.0368,37.19995],[127.0329,37.20016],[127.02977,37.19969],[127.02757,37.20067],[127.02723,37.20044],[127.02687,37.20087],[127.02686,37.20033],[127.02616,37.20011],[127.02481,37.20099],[127.02279,37.2005],[127.02249,37.20202],[127.02345,37.20294],[127.02286,37.20424],[127.02404,37.20568],[127.02459,37.20532],[127.02434,37.20434],[127.02638,37.20507],[127.02749,37.20671],[127.02806,37.20567],[127.02962,37.20623],[127.0294,37.20663],[127.03044,37.20701],[127.03067,37.20661],[127.03162,37.20694],[127.03276,37.20521],[127.03348,37.20549],[127.03421,37.20444],[127.03381,37.20719],[127.03584,37.20817],[127.0389,37.21083],[127.03983,37.20965]]]}},{"type":"Feature","properties":{"code":"31240540","name":"병점2동","kind":"동"},"geometry":{"type":"Polygon","coordinates":[[[127.04555,37.2183],[127.05103,37.21451],[127.05334,37.21379],[127.05254,37.2128],[127.05275,37.21245],[127.05217,37.21253],[127.05235,37.21219],[127.05148,37.21092],[127.05071,37.212],[127.04912,37.20999],[127.04872,37.20758],[127.04908,37.20517],[127.04592,37.20291],[127.04433,37.20247],[127.04452,37.20327],[127.0389,37.21083],[127.04347,37.21198],[127.04187,37.21407],[127.04687,37.21652],[127.04555,37.21723],[127.04555,37.2183]]]}},{"type":"Feature","properties":{"code":"31240120","name":"봉담읍","kind":"읍"},"geometry":{"type":"Polygon","coordinates":[[[126.95684,37.24466],[126.95798,37.24293],[126.95766,37.2399],[126.96091,37.2382],[126.96413,37.23719],[126.96788,37.23482],[126.96942,37.23043],[126.97148,37.22787],[126.97201,37.22501],[126.97285,37.22358],[126.97418,37.22239],[126.97571,37.22198],[126.97695,37.22073],[126.97835,37.22086],[126.9777,37.21971],[126.97884,37.21835],[126.97859,37.21752],[126.97889,37.21674],[126.98072,37.21408],[126.98181,37.21318],[126.98006,37.21293],[126.97968,37.21249],[126.97917,37.20987],[126.9803,37.20807],[126.97975,37.20766],[126.97989,37.20696],[126.98104,37.20623],[126.98342,37.20329],[126.98514,37.20238],[126.9854,37.20089],[126.98489,37.2001],[126.98491,37.19903],[126.98372,37.19754],[126.98395,37.19623],[126.98442,37.19619],[126.98447,37.19573],[126.98245,37.19629],[126.98167,37.19736],[126.98095,37.19758],[126.98106,37.19799],[126.97876,37.19817],[126.97612,37.19779],[126.97313,37.19534],[126.97144,37.19541],[126.96905,37.19824],[126.96777,37.19828],[126.96391,37.19728],[126.95975,37.19699],[126.95844,37.19747],[126.95577,37.19726],[126.9538,37.19676],[126.95245,37.19504],[126.95131,37.19448],[126.95032,37.19347],[126.9509,37.1923],[126.95078,37.19173],[126.95182,37.19049],[126.95189,37.18969],[126.9526,37.18917],[126.95015,37.18531],[126.94926,37.18284],[126.95054,37.18032],[126.95085,37.17874],[126.95176,37.17812],[126.95203,37.17713],[126.94945,37.17603],[126.94893,37.17417],[126.94569,37.17329],[126.9437,37.17185],[126.94472,37.17105],[126.94487,37.16818],[126.94573,37.1673],[126.94534,37.16673],[126.94565,37.16485],[126.94506,37.16348],[126.9454,37.16265],[126.94469,37.16147],[126.94507,37.15959],[126.94474,37.15878],[126.94383,37.15825],[126.94424,37.15767],[126.94376,37.15716],[126.94374,37.15536],[126.94391,37.15371],[126.94471,37.15218],[126.94636,37.15046],[126.94566,37.14952],[126.94579,37.1478],[126.94511,37.14609],[126.94587,37.14415],[126.94418,37.14384],[126.94293,37.14413],[126.94206,37.14282],[126.93894,37.14481],[126.93556,37.14561],[126.93272,37.14347],[126.92867,37.14321],[126.9285,37.1447],[126.92929,37.14592],[126.92904,37.14637],[126.92939,37.14794],[126.93107,37.14867],[126.93144,37.14921],[126.93321,37.14945],[126.93462,37.15096],[126.93582,37.15548],[126.93746,37.15734],[126.93694,37.15971],[126.93427,37.1607],[126.93312,37.16059],[126.93141,37.16106],[126.93075,37.16173],[126.92619,37.16096],[126.92501,37.16052],[126.92525,37.15989],[126.92428,37.1596],[126.92287,37.15781],[126.92231,37.15615],[126.92055,37.15469],[126.91959,37.15438],[126.91718,37.15563],[126.91746,37.15614],[126.91674,37.15669],[126.91495,37.15735],[126.91588,37.15915],[126.91416,37.16067],[126.91504,37.16156],[126.91489,37.1634],[126.91558,37.16614],[126.91652,37.16592],[126.91736,37.16678],[126.92084,37.16709],[126.92327,37.1683],[126.91862,37.16971],[126.91964,37.17076],[126.91948,37.17319],[126.91827,37.17396],[126.91716,37.17597],[126.91754,37.1766],[126.91943,37.17765],[126.91913,37.17885],[126.92079,37.17906],[126.92099,37.17983],[126.9205,37.18076],[126.92102,37.18224],[126.92026,37.18516],[126.92039,37.18603],[126.91952,37.18659],[126.91923,37.18767],[126.92,37.18851],[126.91995,37.18967],[126.91469,37.19188],[126.9103,37.19143],[126.90882,37.19231],[126.90835,37.19169],[126.9067,37.19176],[126.90626,37.19117],[126.90486,37.19213],[126.90326,37.1923],[126.90241,37.19192],[126.90052,37.19289],[126.90003,37.19386],[126.90067,37.19448],[126.90105,37.19597],[126.90186,37.19601],[126.90427,37.19891],[126.90619,37.1992],[126.90642,37.20141],[126.90702,37.20173],[126.90674,37.20514],[126.90852,37.20795],[126.90756,37.20812],[126.90688,37.20943],[126.90731,37.21031],[126.90713,37.21171],[126.90464,37.21345],[126.90282,37.21665],[126.90537,37.21814],[126.90648,37.22025],[126.90697,37.22022],[126.90826,37.22152],[126.90976,37.22188],[126.90933,37.22454],[126.90809,37.22727],[126.91005,37.22818],[126.91011,37.2293],[126.91072,37.23046],[126.91377,37.23301],[126.91262,37.23417],[126.9127,37.23481],[126.91205,37.23513],[126.9125,37.23681],[126.9122,37.23749],[126.91243,37.23858],[126.91376,37.23836],[126.91382,37.2388],[126.91534,37.23894],[126.91701,37.24041],[126.91924,37.23917],[126.92004,37.23908],[126.92182,37.23985],[126.9231,37.23924],[126.9253,37.23899],[126.92431,37.23686],[126.92436,37.23521],[126.92675,37.23577],[126.92804,37.2354],[126.92812,37.23651],[126.92971,37.238],[126.9294,37.23948],[126.93004,37.24179],[126.93076,37.24285],[126.93198,37.24281],[126.931,37.2444],[126.93662,37.24273],[126.93817,37.24275],[126.93978,37.24191],[126.94241,37.23947],[126.9442,37.23891],[126.94646,37.23924],[126.9474,37.24045],[126.94794,37.24274],[126.94851,37.24329],[126.95322,37.24247],[126.95431,37.24313],[126.95574,37.24517],[126.9567,37.24513],[126.95684,37.24466]]]}},{"type":"Feature","properties":{"code":"31240330","name":"비봉면","kind":"면"},"geometry":{"type":"Polygon","coordinates":[[[126.85704,37.26938],[126.85857,37.26989],[126.85909,37.26879],[126.8604,37.268],[126.86087,37.26632],[126.86212,37.26556],[126.86274,37.26578],[126.86308,37.26682],[126.86462,37.26687],[126.8647,37.26595],[126.86636,37.26436],[126.86624,37.26313],[126.86692,37.26231],[126.86651,37.26148],[126.86747,37.25975],[126.87084,37.25899],[126.87139,37.25995],[126.87405,37.26051],[126.87768,37.25806],[126.88215,37.25697],[126.88306,37.25715],[126.88335,37.25693],[126.88314,37.25653],[126.88711,37.25625],[126.88906,37.25294],[126.88964,37.25034],[126.89018,37.24979],[126.89201,37.24996],[126.89346,37.251],[126.89388,37.2506],[126.89335,37.24985],[126.89491,37.24924],[126.89495,37.24871],[126.89926,37.24287],[126.90145,37.2435],[126.90406,37.24304],[126.90508,37.24236],[126.90484,37.24144],[126.90578,37.24161],[126.90844,37.24035],[126.91024,37.24018],[126.91024,37.23951],[126.91243,37.23858],[126.9122,37.23749],[126.9125,37.23681],[126.91205,37.23513],[126.9127,37.23481],[126.91262,37.23417],[126.91377,37.23301],[126.91072,37.23046],[126.91011,37.2293],[126.91005,37.22818],[126.90809,37.22727],[126.90933,37.22454],[126.90976,37.22188],[126.90826,37.22152],[126.90697,37.22022],[126.90648,37.22025],[126.90537,37.21814],[126.90282,37.21665],[126.90464,37.21345],[126.90713,37.21171],[126.90731,37.21031],[126.90688,37.20943],[126.90756,37.20812],[126.90852,37.20795],[126.90674,37.20514],[126.90702,37.20173],[126.90642,37.20141],[126.90619,37.1992],[126.9048,37.19915],[126.90398,37.19867],[126.90186,37.19601],[126.90105,37.19597],[126.90067,37.19448],[126.90003,37.19386],[126.89591,37.194],[126.89538,37.19334],[126.89574,37.19241],[126.89555,37.19171],[126.8945,37.19203],[126.89405,37.19319],[126.89047,37.19558],[126.88968,37.19706],[126.88907,37.19736],[126.88856,37.19739],[126.88845,37.19701],[126.88526,37.19679],[126.88541,37.1972],[126.88214,37.19713],[126.88111,37.19633],[126.88125,37.19559],[126.88088,37.19614],[126.87872,37.19441],[126.87899,37.19318],[126.87664,37.19361],[126.87678,37.1931],[126.87639,37.19288],[126.87509,37.1935],[126.87327,37.19656],[126.86778,37.19844],[126.86701,37.19966],[126.86576,37.20023],[126.8641,37.1997],[126.86264,37.20021],[126.86375,37.20221],[126.86513,37.203],[126.86483,37.20333],[126.86524,37.20407],[126.86599,37.2045],[126.8655,37.20628],[126.86621,37.20705],[126.86624,37.20807],[126.867,37.20944],[126.86547,37.20991],[126.86558,37.21164],[126.86421,37.21197],[126.86353,37.21156],[126.86246,37.21194],[126.86111,37.21388],[126.86032,37.21369],[126.85915,37.21412],[126.85761,37.21382],[126.85637,37.21432],[126.85602,37.21531],[126.8544,37.21572],[126.85486,37.21731],[126.85466,37.21825],[126.85368,37.21822],[126.85321,37.21872],[126.85287,37.22019],[126.85027,37.21969],[126.84899,37.22019],[126.84895,37.22058],[126.85009,37.22121],[126.85013,37.22306],[126.85065,37.22389],[126.84993,37.22629],[126.85074,37.22828],[126.84958,37.22821],[126.84855,37.22724],[126.84707,37.22773],[126.84547,37.22917],[126.84239,37.22915],[126.8402,37.23025],[126.84021,37.2308],[126.83918,37.23228],[126.83571,37.23223],[126.83519,37.23053],[126.83049,37.23046],[126.82926,37.22996],[126.82832,37.23041],[126.82812,37.23216],[126.82751,37.23277],[126.82695,37.23531],[126.82534,37.2352],[126.82539,37.23584],[126.82377,37.23675],[126.82551,37.23898],[126.82631,37.24115],[126.82622,37.24217],[126.82733,37.24309],[126.82651,37.24537],[126.82685,37.24693],[126.8264,37.24857],[126.82734,37.25053],[126.82696,37.25146],[126.82864,37.25259],[126.82985,37.25276],[126.8307,37.2537],[126.83235,37.2533],[126.83295,37.25433],[126.83419,37.25459],[126.83339,37.25671],[126.8337,37.25751],[126.83445,37.25787],[126.83716,37.26182],[126.83748,37.26284],[126.83861,37.26402],[126.84311,37.26772],[126.84391,37.26748],[126.84499,37.2668],[126.84446,37.26629],[126.84651,37.26398],[126.84522,37.26083],[126.84535,37.26009],[126.84604,37.2597],[126.84745,37.25977],[126.84899,37.26075],[126.84933,37.25981],[126.85015,37.25941],[126.84966,37.2575],[126.85023,37.25907],[126.85057,37.25902],[126.85034,37.25927],[126.85081,37.26039],[126.84972,37.26038],[126.84882,37.26166],[126.85142,37.26433],[126.84984,37.266],[126.85171,37.2674],[126.85409,37.268],[126.85595,37.26992],[126.85704,37.26938]]]}},{"type":"Feature","properties":{"code":"31240670","name":"새솔동","kind":"동"},"geometry":{"type":"Polygon","coordinates":[[[126.82312,37.28679],[126.82497,37.28396],[126.82753,37.27735],[126.82918,37.27666],[126.83396,37.27692],[126.83561,37.27657],[126.8372,37.27502],[126.83734,37.27219],[126.84006,37.26892],[126.84139,37.26773],[126.84263,37.26728],[126.84144,37.26629],[126.83737,37.27072],[126.83539,37.27103],[126.83128,37.27378],[126.8289,37.27064],[126.82731,37.27052],[126.82534,37.27163],[126.82544,37.27258],[126.82423,37.27269],[126.82497,37.27288],[126.82382,37.27326],[126.82332,37.27403],[126.82065,37.27566],[126.81559,37.27777],[126.81489,37.27767],[126.81361,37.27857],[126.81167,37.279],[126.80965,37.28058],[126.81094,37.283],[126.81195,37.28315],[126.81233,37.28392],[126.81209,37.28416],[126.81407,37.28476],[126.81258,37.28608],[126.81055,37.28663],[126.80965,37.28601],[126.80839,37.28589],[126.80688,37.28482],[126.80463,37.28427],[126.80476,37.2937],[126.80925,37.29364],[126.81521,37.29247],[126.81921,37.29046],[126.82312,37.28679]]]}},{"type":"Feature","properties":{"code":"31240370","name":"서신면","kind":"면"},"geometry":{"type":"MultiPolygon","coordinates":[[[[126.746,37.16043],[126.75129,37.15512],[126.74247,37.14895],[126.73688,37.14422],[126.72516,37.1328],[126.71472,37.12506],[126.70326,37.11821],[126.69536,37.11545],[126.69004,37.11602],[126.6864,37.11517],[126.68668,37.11469],[126.68408,37.11463],[126.68399,37.11352],[126.6837,37.11352],[126.68376,37.11462],[126.68094,37.11487],[126.68084,37.11521],[126.67767,37.1152],[126.6755,37.1158],[126.67656,37.11608],[126.67763,37.1155],[126.6807,37.11542],[126.68094,37.11732],[126.67973,37.11788],[126.67542,37.11797],[126.67458,37.11708],[126.67415,37.11716],[126.67518,37.11827],[126.67751,37.11831],[126.67957,37.11826],[126.68328,37.11709],[126.68472,37.11914],[126.68469,37.12068],[126.68444,37.12175],[126.68396,37.12198],[126.68437,37.1222],[126.68343,37.12526],[126.68196,37.1287],[126.68034,37.13102],[126.67738,37.13012],[126.67428,37.12858],[126.68002,37.13119],[126.67757,37.13534],[126.67599,37.13591],[126.67476,37.13506],[126.6739,37.13715],[126.67415,37.13764],[126.67365,37.1374],[126.6735,37.13772],[126.67508,37.13787],[126.67709,37.13935],[126.6776,37.14017],[126.67933,37.14069],[126.6797,37.1417],[126.67957,37.14314],[126.6771,37.14317],[126.67684,37.14161],[126.67735,37.14034],[126.67678,37.14161],[126.67694,37.14316],[126.66605,37.14243],[126.66013,37.13794],[126.66587,37.14251],[126.67741,37.14326],[126.67751,37.14411],[126.67919,37.1445],[126.68074,37.14424],[126.68249,37.14713],[126.68267,37.14837],[126.68485,37.14997],[126.68565,37.15011],[126.68495,37.14965],[126.68604,37.14962],[126.68589,37.14903],[126.6862,37.14898],[126.68964,37.15064],[126.69468,37.15227],[126.69687,37.15059],[126.69749,37.15139],[126.69297,37.15405],[126.69167,37.15581],[126.69122,37.15719],[126.68245,37.16047],[126.66971,37.15601],[126.66405,37.15692],[126.66276,37.15664],[126.66021,37.1547],[126.65774,37.1538],[126.65325,37.14719],[126.6522,37.14658],[126.65249,37.14661],[126.6523,37.14611],[126.65181,37.14631],[126.64622,37.14303],[126.64349,37.14097],[126.63919,37.14114],[126.63792,37.13868],[126.63837,37.13829],[126.63782,37.13862],[126.63905,37.14113],[126.63787,37.14111],[126.63804,37.14167],[126.63892,37.14123],[126.64372,37.14116],[126.64585,37.14295],[126.65313,37.14716],[126.65775,37.15391],[126.66011,37.15475],[126.66213,37.15617],[126.66022,37.15484],[126.65829,37.15504],[126.65767,37.15404],[126.65628,37.15431],[126.65451,37.15345],[126.6538,37.1535],[126.65233,37.15454],[126.65142,37.15394],[126.64974,37.15444],[126.6506,37.15592],[126.65042,37.15651],[126.65331,37.15656],[126.65602,37.15859],[126.65775,37.15913],[126.66004,37.16108],[126.66109,37.16299],[126.66085,37.1639],[126.66035,37.16345],[126.65912,37.16341],[126.65904,37.16376],[126.65924,37.16341],[126.66033,37.16351],[126.66029,37.16399],[126.65905,37.16379],[126.66027,37.16436],[126.65905,37.16519],[126.65829,37.16708],[126.65685,37.16693],[126.65665,37.16749],[126.65735,37.16766],[126.65554,37.16771],[126.65433,37.16664],[126.65369,37.1669],[126.65357,37.1676],[126.6544,37.16803],[126.65796,37.16768],[126.65746,37.16952],[126.6577,37.17001],[126.65676,37.1724],[126.65468,37.17416],[126.65549,37.17445],[126.65512,37.1751],[126.65684,37.17619],[126.65655,37.17753],[126.6554,37.17792],[126.65407,37.17937],[126.65346,37.18056],[126.65344,37.18161],[126.65703,37.17993],[126.65658,37.1795],[126.65611,37.18004],[126.65543,37.17976],[126.6562,37.17888],[126.6602,37.17795],[126.65817,37.17829],[126.65678,37.17779],[126.65697,37.1762],[126.6588,37.17694],[126.66002,37.17642],[126.66194,37.17915],[126.66168,37.1798],[126.66241,37.18003],[126.66387,37.18167],[126.6652,37.18232],[126.66499,37.1826],[126.66604,37.18592],[126.66591,37.18669],[126.66501,37.18722],[126.66546,37.18799],[126.66661,37.18904],[126.66756,37.1881],[126.66992,37.18924],[126.66674,37.19082],[126.666,37.19224],[126.66139,37.19066],[126.65987,37.19075],[126.65926,37.18995],[126.65823,37.19007],[126.65436,37.18596],[126.65539,37.18522],[126.65288,37.18302],[126.65286,37.18255],[126.65042,37.18279],[126.64957,37.18371],[126.65041,37.18472],[126.64879,37.18581],[126.64866,37.18663],[126.64886,37.18585],[126.65001,37.18524],[126.65041,37.18587],[126.65,37.18554],[126.64905,37.18603],[126.64998,37.18557],[126.65026,37.18586],[126.6494,37.18642],[126.65028,37.18588],[126.65057,37.18619],[126.64954,37.1867],[126.65053,37.18626],[126.65083,37.18658],[126.64975,37.18712],[126.64996,37.18732],[126.65086,37.18661],[126.65118,37.18695],[126.6503,37.18753],[126.65123,37.18695],[126.65016,37.18569],[126.65145,37.18695],[126.6504,37.18774],[126.65188,37.18727],[126.65318,37.18863],[126.65383,37.18838],[126.65526,37.18958],[126.65522,37.19043],[126.65058,37.19111],[126.65077,37.1918],[126.65703,37.1909],[126.65783,37.19207],[126.65822,37.1921],[126.65942,37.1942],[126.65919,37.19484],[126.65997,37.19532],[126.66013,37.19619],[126.66108,37.1962],[126.66188,37.19677],[126.66398,37.19644],[126.67306,37.19361],[126.67411,37.19443],[126.67503,37.19424],[126.67636,37.19623],[126.67638,37.1972],[126.68048,37.19844],[126.68034,37.19956],[126.68652,37.20214],[126.68775,37.20209],[126.69127,37.20327],[126.6953,37.2029],[126.69745,37.20403],[126.69862,37.20316],[126.69878,37.20254],[126.70082,37.20229],[126.70186,37.20133],[126.70071,37.19694],[126.70113,37.19651],[126.7029,37.19611],[126.70365,37.19527],[126.70372,37.19361],[126.70429,37.19344],[126.70582,37.1917],[126.70666,37.19138],[126.70702,37.19132],[126.70761,37.19302],[126.7099,37.19428],[126.71022,37.1955],[126.71095,37.19546],[126.71247,37.1964],[126.71324,37.19786],[126.71666,37.19608],[126.71685,37.19474],[126.71929,37.19399],[126.71888,37.19238],[126.71932,37.19138],[126.71852,37.19009],[126.71996,37.18928],[126.72053,37.18841],[126.719,37.18698],[126.719,37.1859],[126.71718,37.18552],[126.7155,37.18336],[126.71516,37.18173],[126.71664,37.18097],[126.7172,37.18018],[126.71765,37.17859],[126.71734,37.17789],[126.71997,37.17639],[126.726,37.17635],[126.72655,37.17422],[126.72897,37.17258],[126.73008,37.17232],[126.73273,37.16956],[126.73575,37.17034],[126.73701,37.1702],[126.73752,37.16845],[126.73943,37.16786],[126.74163,37.16792],[126.74176,37.16747],[126.74259,37.16718],[126.74248,37.16609],[126.74396,37.16478],[126.74397,37.1632],[126.74617,37.16344],[126.74693,37.1617],[126.746,37.16043]]],[[[126.61615,37.12394],[126.61685,37.12359],[126.61725,37.12382],[126.62056,37.12061],[126.62152,37.12025],[126.62318,37.12079],[126.62296,37.1214],[126.62392,37.12162],[126.6239,37.12129],[126.62434,37.12131],[126.62506,37.12207],[126.62573,37.122],[126.626,37.12157],[126.62878,37.1212],[126.63152,37.12184],[126.63324,37.12077],[126.63396,37.1212],[126.63714,37.12],[126.63976,37.12047],[126.64426,37.11879],[126.64465,37.11831],[126.64536,37.11883],[126.64725,37.11845],[126.65002,37.11737],[126.64967,37.11694],[126.65232,37.11617],[126.65111,37.11448],[126.64999,37.11452],[126.64832,37.11511],[126.64582,37.11741],[126.64529,37.11735],[126.64532,37.11671],[126.64505,37.11672],[126.64434,37.1181],[126.64396,37.11759],[126.6432,37.11748],[126.64358,37.11487],[126.64072,37.1149],[126.63668,37.11774],[126.63589,37.11907],[126.63396,37.11836],[126.63348,37.1201],[126.63301,37.12027],[126.6325,37.12019],[126.63261,37.11837],[126.63375,37.11757],[126.6329,37.11727],[126.63053,37.117],[126.62822,37.11749],[126.6275,37.11814],[126.62777,37.11889],[126.62906,37.11931],[126.62668,37.11951],[126.6253,37.11911],[126.6251,37.11942],[126.6216,37.11958],[126.62184,37.11899],[126.62142,37.11873],[126.62288,37.11801],[126.61901,37.11892],[126.61564,37.1188],[126.61188,37.11711],[126.61034,37.11784],[126.61156,37.11944],[126.61185,37.12051],[126.61248,37.12118],[126.61254,37.12085],[126.61319,37.12132],[126.61188,37.12246],[126.61244,37.12313],[126.61436,37.12287],[126.61419,37.12317],[126.61473,37.12356],[126.61345,37.12406],[126.61458,37.1252],[126.61534,37.12517],[126.61529,37.12441],[126.61615,37.12394]]],[[[126.61768,37.15602],[126.61763,37.156],[126.61761,37.156],[126.61759,37.15601],[126.61759,37.15602],[126.61761,37.15606],[126.61761,37.15607],[126.61765,37.15611],[126.61766,37.15613],[126.61766,37.15615],[126.61766,37.15618],[126.6177,37.15629],[126.61774,37.15635],[126.61775,37.15636],[126.61778,37.15638],[126.61784,37.15639],[126.61788,37.15639],[126.6179,37.1564],[126.61791,37.15642],[126.61791,37.15643],[126.6179,37.15644],[126.6179,37.15645],[126.6179,37.15649],[126.6179,37.15652],[126.61791,37.15653],[126.61791,37.15653],[126.61795,37.15653],[126.61798,37.15654],[126.61799,37.15654],[126.618,37.15654],[126.618,37.15654],[126.61802,37.15655],[126.61812,37.1566],[126.61819,37.15663],[126.61824,37.15665],[126.61829,37.15667],[126.6183,37.15667],[126.6183,37.15666],[126.6183,37.15665],[126.61828,37.15663],[126.6182,37.15659],[126.61809,37.15653],[126.61808,37.1565],[126.61808,37.15648],[126.61807,37.15645],[126.61804,37.15643],[126.61801,37.1564],[126.61798,37.15638],[126.61798,37.15636],[126.61798,37.15634],[126.61799,37.1563],[126.61799,37.15623],[126.61797,37.15619],[126.61789,37.1561],[126.61785,37.15608],[126.61782,37.15608],[126.61773,37.15605],[126.61768,37.15602]]],[[[126.63855,37.14067],[126.63855,37.14067],[126.63853,37.14068],[126.63852,37.1407],[126.63852,37.14071],[126.63852,37.14072],[126.63852,37.14073],[126.63854,37.14076],[126.63854,37.14077],[126.63853,37.14077],[126.63852,37.14078],[126.63852,37.14079],[126.63852,37.14079],[126.63852,37.1408],[126.63853,37.14082],[126.63855,37.14086],[126.63858,37.14087],[126.63862,37.14088],[126.63864,37.14088],[126.63864,37.14088],[126.63867,37.14087],[126.63867,37.14086],[126.63867,37.14085],[126.63866,37.14082],[126.63866,37.14082],[126.63866,37.14081],[126.63866,37.14081],[126.63866,37.1408],[126.63868,37.1408],[126.6387,37.1408],[126.63871,37.14079],[126.63871,37.14078],[126.63871,37.14076],[126.6387,37.14075],[126.63868,37.14074],[126.63864,37.14072],[126.63864,37.14072],[126.6386,37.14071],[126.63858,37.14071],[126.63857,37.1407],[126.63856,37.14068],[126.63855,37.14067]]],[[[126.67184,37.13416],[126.67183,37.13414],[126.6718,37.13409],[126.67178,37.13407],[126.67174,37.13404],[126.67171,37.13401],[126.6717,37.134],[126.67169,37.134],[126.67167,37.134],[126.67164,37.13401],[126.67155,37.13404],[126.67152,37.13405],[126.6715,37.13408],[126.67149,37.13409],[126.67148,37.1341],[126.67148,37.13411],[126.67148,37.13413],[126.67149,37.13415],[126.67151,37.13417],[126.67151,37.13417],[126.67152,37.13417],[126.67153,37.13418],[126.67155,37.13418],[126.67157,37.13416],[126.67158,37.13415],[126.67158,37.13415],[126.67159,37.13416],[126.67162,37.13419],[126.67167,37.13425],[126.67168,37.13426],[126.67168,37.13426],[126.67169,37.13427],[126.67171,37.13427],[126.6718,37.13422],[126.67181,37.13421],[126.67182,37.13419],[126.67183,37.13418],[126.67184,37.13417],[126.67184,37.13416]]],[[[126.62229,37.17956],[126.62206,37.17868],[126.62281,37.17847],[126.62306,37.17877],[126.62275,37.1774],[126.6225,37.17746],[126.62273,37.17708],[126.62361,37.17671],[126.62459,37.17751],[126.62538,37.17695],[126.62491,37.17649],[126.62525,37.17611],[126.62758,37.17565],[126.62836,37.17606],[126.62826,37.17514],[126.63253,37.17475],[126.63002,37.17332],[126.62818,37.16857],[126.62651,37.16676],[126.62216,37.16324],[126.62185,37.16263],[126.6207,37.16217],[126.62101,37.16194],[126.62081,37.16157],[126.6205,37.1619],[126.62019,37.16128],[126.62053,37.16121],[126.62016,37.15957],[126.61898,37.15783],[126.61913,37.15852],[126.61811,37.1601],[126.61747,37.16315],[126.61618,37.17287],[126.61682,37.17479],[126.61801,37.17591],[126.61825,37.17673],[126.62229,37.17956]]],[[[126.67597,37.14317],[126.67596,37.14317],[126.67595,37.14317],[126.67595,37.14318],[126.67594,37.14318],[126.67595,37.14319],[126.67595,37.14319],[126.67596,37.1432],[126.67596,37.14321],[126.67596,37.14321],[126.67596,37.14321],[126.67596,37.14323],[126.67595,37.14326],[126.67594,37.14328],[126.67594,37.14329],[126.67595,37.1433],[126.67597,37.14332],[126.676,37.14335],[126.67602,37.14336],[126.67602,37.14336],[126.67603,37.14336],[126.67607,37.14335],[126.67608,37.14334],[126.6761,37.14333],[126.67611,37.14331],[126.67611,37.14329],[126.67611,37.14327],[126.67611,37.14326],[126.67611,37.14325],[126.67608,37.14323],[126.67605,37.14321],[126.67603,37.1432],[126.67602,37.14319],[126.67599,37.14317],[126.67597,37.14317]]],[[[126.66866,37.14282],[126.66863,37.1428],[126.66861,37.14279],[126.66861,37.14278],[126.66861,37.14274],[126.66861,37.14272],[126.6686,37.14271],[126.66857,37.14271],[126.66855,37.14271],[126.66851,37.14272],[126.66847,37.14273],[126.66847,37.14275],[126.66847,37.14277],[126.66848,37.14279],[126.6685,37.14281],[126.66852,37.14281],[126.66853,37.14282],[126.66854,37.14282],[126.66856,37.14282],[126.66857,37.14282],[126.66857,37.14282],[126.66858,37.14282],[126.66859,37.14283],[126.6686,37.14284],[126.66862,37.14285],[126.66864,37.14285],[126.66866,37.14285],[126.66866,37.14284],[126.66867,37.14283],[126.66866,37.14282]]],[[[126.6384,37.14179],[126.63831,37.14178],[126.63829,37.14179],[126.63827,37.14179],[126.63827,37.14179],[126.63826,37.1418],[126.63826,37.14182],[126.63826,37.14183],[126.63829,37.14183],[126.63832,37.14184],[126.63832,37.14185],[126.63834,37.14186],[126.63835,37.14186],[126.63838,37.14186],[126.63842,37.14188],[126.63843,37.14189],[126.63845,37.14189],[126.63846,37.14188],[126.63846,37.14188],[126.63847,37.14187],[126.63847,37.14186],[126.63847,37.14186],[126.63853,37.14183],[126.63854,37.14182],[126.63855,37.14181],[126.63853,37.1418],[126.63852,37.1418],[126.63847,37.14179],[126.6384,37.14179]]],[[[126.67828,37.13057],[126.67826,37.13056],[126.67826,37.13056],[126.67813,37.13054],[126.67812,37.13053],[126.67811,37.13054],[126.6781,37.13054],[126.6781,37.13054],[126.6781,37.13056],[126.6781,37.13058],[126.6781,37.1306],[126.67811,37.13061],[126.67813,37.13063],[126.67819,37.13065],[126.67828,37.13067],[126.67829,37.13067],[126.6783,37.13067],[126.6783,37.13067],[126.67832,37.13066],[126.67833,37.13064],[126.67834,37.13062],[126.67834,37.1306],[126.67834,37.13059],[126.67833,37.13059],[126.67832,37.13058],[126.67828,37.13057]]],[[[126.66888,37.14274],[126.66886,37.14273],[126.66883,37.14274],[126.66879,37.14275],[126.66878,37.14276],[126.66878,37.14277],[126.66878,37.14278],[126.6688,37.14285],[126.6688,37.14286],[126.66881,37.14287],[126.66883,37.14288],[126.66884,37.14289],[126.66891,37.14291],[126.66895,37.14291],[126.66896,37.14291],[126.66896,37.14291],[126.66897,37.14289],[126.66897,37.14288],[126.66899,37.14287],[126.669,37.14285],[126.669,37.14284],[126.66899,37.14282],[126.66898,37.14281],[126.66895,37.14278],[126.66888,37.14274]]],[[[126.66913,37.14309],[126.66909,37.14309],[126.66907,37.14309],[126.66906,37.1431],[126.66906,37.14311],[126.66906,37.14313],[126.66909,37.14317],[126.6691,37.14318],[126.66911,37.14319],[126.66914,37.14321],[126.66916,37.14322],[126.66918,37.14321],[126.66919,37.14321],[126.66922,37.14319],[126.66924,37.14316],[126.66925,37.14315],[126.66926,37.14315],[126.66926,37.14314],[126.66925,37.14313],[126.66924,37.14312],[126.66923,37.14311],[126.66921,37.14311],[126.66918,37.1431],[126.66913,37.14309]]],[[[126.64335,37.1428],[126.64334,37.14279],[126.64331,37.1428],[126.64327,37.14282],[126.64326,37.14283],[126.64325,37.14285],[126.64326,37.14288],[126.64327,37.14289],[126.64328,37.14289],[126.64331,37.14289],[126.64333,37.14289],[126.64337,37.14286],[126.64338,37.14285],[126.64338,37.14284],[126.64338,37.14283],[126.64337,37.14283],[126.64336,37.14282],[126.64336,37.14282],[126.64336,37.14281],[126.64336,37.14281],[126.64336,37.1428],[126.64335,37.1428]]],[[[126.65271,37.14604],[126.65269,37.14604],[126.65266,37.14604],[126.65265,37.14605],[126.65263,37.14606],[126.65262,37.14607],[126.65261,37.14608],[126.6526,37.14609],[126.65259,37.14611],[126.65259,37.14613],[126.6526,37.14616],[126.65261,37.14617],[126.65264,37.14617],[126.65266,37.14616],[126.65269,37.14615],[126.6527,37.14613],[126.6527,37.14612],[126.65271,37.14609],[126.65271,37.14608],[126.65272,37.14606],[126.65272,37.14605],[126.65271,37.14604]]],[[[126.65209,37.14704],[126.65207,37.14704],[126.65205,37.14704],[126.65205,37.14704],[126.65204,37.14705],[126.65203,37.14706],[126.65201,37.14707],[126.65201,37.14708],[126.65202,37.14709],[126.65203,37.1471],[126.65204,37.14711],[126.65205,37.14712],[126.65207,37.14716],[126.65209,37.14716],[126.65212,37.14716],[126.65213,37.14716],[126.65214,37.14715],[126.65214,37.14713],[126.65213,37.1471],[126.65211,37.14705],[126.65209,37.14704]]],[[[126.64348,37.14227],[126.64346,37.14227],[126.64345,37.14228],[126.64344,37.14229],[126.64345,37.1423],[126.64347,37.14233],[126.64349,37.14235],[126.6435,37.14236],[126.64352,37.14236],[126.64354,37.14236],[126.64356,37.14235],[126.64357,37.14234],[126.64357,37.14234],[126.64357,37.14233],[126.64356,37.14231],[126.64355,37.1423],[126.64351,37.14229],[126.64351,37.14229],[126.64349,37.14228],[126.64348,37.14227]]],[[[126.65228,37.14681],[126.65226,37.14681],[126.65224,37.14681],[126.65224,37.14681],[126.65224,37.14681],[126.65223,37.14682],[126.65224,37.14683],[126.65224,37.14684],[126.65224,37.14686],[126.65225,37.14686],[126.65225,37.14687],[126.65226,37.14687],[126.65227,37.14687],[126.65228,37.14687],[126.65229,37.14687],[126.6523,37.14687],[126.65231,37.14686],[126.65231,37.14684],[126.6523,37.14683],[126.65228,37.14681]]],[[[126.6519,37.14707],[126.65189,37.14706],[126.65188,37.14707],[126.65187,37.14708],[126.65185,37.14714],[126.65185,37.14715],[126.65185,37.14717],[126.65186,37.14719],[126.65187,37.1472],[126.65189,37.1472],[126.65192,37.14719],[126.65193,37.14718],[126.65193,37.14717],[126.65194,37.14715],[126.65195,37.14712],[126.65195,37.14711],[126.65191,37.14708],[126.65191,37.14707],[126.6519,37.14707]]],[[[126.65189,37.14683],[126.65188,37.14683],[126.65187,37.14683],[126.65186,37.14684],[126.65186,37.14684],[126.65185,37.14687],[126.65184,37.14689],[126.65184,37.14692],[126.65184,37.14694],[126.65184,37.14694],[126.65185,37.14694],[126.65187,37.14694],[126.65189,37.14694],[126.65193,37.14691],[126.65193,37.1469],[126.65193,37.14689],[126.65191,37.14685],[126.65189,37.14683]]],[[[126.61746,37.15577],[126.61745,37.15577],[126.61744,37.15577],[126.61744,37.15578],[126.61744,37.15578],[126.61744,37.15579],[126.61743,37.1558],[126.61743,37.15581],[126.61745,37.15583],[126.61746,37.15584],[126.61747,37.15584],[126.61747,37.15584],[126.61748,37.15583],[126.61748,37.15583],[126.61749,37.15582],[126.61749,37.15581],[126.61747,37.15578],[126.61746,37.15577]]],[[[126.65199,37.14678],[126.65197,37.14677],[126.65194,37.14678],[126.65191,37.14679],[126.6519,37.1468],[126.6519,37.14681],[126.65191,37.14681],[126.65196,37.14685],[126.65198,37.14686],[126.652,37.14686],[126.65201,37.14685],[126.65203,37.14683],[126.65204,37.14682],[126.65204,37.14681],[126.65203,37.1468],[126.65201,37.14678],[126.65199,37.14678]]],[[[126.66264,37.13975],[126.66259,37.13974],[126.66257,37.13975],[126.66256,37.13976],[126.66253,37.13979],[126.66252,37.13985],[126.66252,37.13988],[126.66258,37.13993],[126.6626,37.13993],[126.66263,37.13993],[126.66264,37.13992],[126.66265,37.13989],[126.66268,37.13982],[126.66268,37.1398],[126.66268,37.13977],[126.66264,37.13975]]],[[[126.65244,37.14615],[126.65243,37.14615],[126.65242,37.14615],[126.65241,37.14617],[126.65241,37.14619],[126.65241,37.14624],[126.65242,37.1463],[126.65242,37.14631],[126.65245,37.14632],[126.65247,37.14633],[126.65248,37.14632],[126.65249,37.1463],[126.65249,37.14628],[126.65249,37.14625],[126.65245,37.14616],[126.65244,37.14615]]],[[[126.66246,37.1397],[126.66241,37.1397],[126.66238,37.1397],[126.66235,37.13972],[126.66233,37.13973],[126.66232,37.13976],[126.66234,37.13979],[126.66244,37.13984],[126.66246,37.13985],[126.66248,37.13983],[126.66252,37.13976],[126.66253,37.13975],[126.66253,37.13973],[126.66252,37.13973],[126.66246,37.1397]]],[[[126.65223,37.14682],[126.65221,37.14682],[126.65219,37.14682],[126.65217,37.14682],[126.65216,37.14684],[126.65216,37.14685],[126.65216,37.14687],[126.65217,37.14687],[126.65222,37.14687],[126.65222,37.14687],[126.65223,37.14686],[126.65223,37.14686],[126.65223,37.14684],[126.65223,37.14683],[126.65223,37.14682]]],[[[126.66237,37.13961],[126.66234,37.13961],[126.66231,37.13961],[126.66228,37.13962],[126.66227,37.13963],[126.66227,37.13965],[126.66228,37.13967],[126.66232,37.13968],[126.66235,37.13967],[126.66238,37.13966],[126.66239,37.13965],[126.66239,37.13962],[126.66237,37.13961]]],[[[126.67267,37.14226],[126.67266,37.14226],[126.67261,37.14227],[126.67261,37.14227],[126.67261,37.14229],[126.6727,37.14252],[126.6727,37.14252],[126.67271,37.14252],[126.67276,37.14251],[126.67276,37.14251],[126.67276,37.1425],[126.67267,37.14226]]],[[[126.66222,37.13961],[126.66218,37.1396],[126.66215,37.1396],[126.66214,37.13962],[126.66215,37.13966],[126.66218,37.13968],[126.66221,37.13967],[126.66223,37.13963],[126.66223,37.13961],[126.66222,37.13961]]],[[[126.64976,37.18768],[126.64963,37.18756],[126.64961,37.18758],[126.64904,37.18698],[126.64907,37.18696],[126.64896,37.18684],[126.64885,37.18691],[126.64964,37.18774],[126.64976,37.18768]]],[[[126.65083,37.1908],[126.65081,37.19073],[126.65084,37.19073],[126.65076,37.19049],[126.65064,37.19052],[126.65072,37.19075],[126.65076,37.19075],[126.65078,37.19081],[126.65083,37.1908]]],[[[126.64998,37.19109],[126.64993,37.191],[126.64995,37.191],[126.6499,37.1909],[126.64979,37.19095],[126.64984,37.19104],[126.64988,37.19103],[126.64993,37.19111],[126.64998,37.19109]]],[[[126.69328,37.20422],[126.69242,37.20424],[126.69219,37.20523],[126.69291,37.20667],[126.69413,37.20717],[126.69415,37.20593],[126.69477,37.20525],[126.69328,37.20422]]],[[[126.65699,37.11306],[126.65662,37.1127],[126.65595,37.11318],[126.65543,37.11471],[126.65705,37.11411],[126.65699,37.11306]]],[[[126.6435,37.14292],[126.64423,37.14247],[126.64335,37.14234],[126.64368,37.14277],[126.64325,37.14296],[126.6435,37.14292]]],[[[126.69087,37.11078],[126.69035,37.1109],[126.68995,37.11183],[126.69049,37.11186],[126.69087,37.11078]]],[[[126.62822,37.17705],[126.62806,37.17641],[126.62748,37.17696],[126.62792,37.17733],[126.62822,37.17705]]],[[[126.63835,37.14088],[126.63834,37.14055],[126.63809,37.14072],[126.63835,37.14088]]],[[[126.64796,37.15801],[126.64699,37.15734],[126.64742,37.158],[126.64796,37.15801]]]]}},{"type":"Feature","properties":{"code":"31240360","name":"송산면","kind":"면"},"geometry":{"type":"MultiPolygon","coordinates":[[[[126.65463,37.29282],[126.6617,37.29255],[126.6617,37.286],[126.66283,37.28666],[126.66868,37.28792],[126.67352,37.2884],[126.67483,37.28808],[126.67897,37.28587],[126.6813,37.28281],[126.684,37.28132],[126.68495,37.28124],[126.68346,37.28057],[126.68365,37.27909],[126.68475,37.27866],[126.68354,37.27867],[126.68204,37.27647],[126.67921,37.27428],[126.67509,37.27244],[126.67332,37.27232],[126.67196,37.27318],[126.67358,37.26931],[126.67703,37.2696],[126.67603,37.26888],[126.67384,37.26831],[126.67439,37.26672],[126.6749,37.26671],[126.67756,37.26716],[126.68027,37.2682],[126.6834,37.27101],[126.68605,37.27275],[126.69106,37.27263],[126.69263,37.27397],[126.69297,37.27544],[126.69523,37.27957],[126.69739,37.2806],[126.69996,37.27984],[126.69925,37.27891],[126.69835,37.27594],[126.69837,37.27509],[126.69881,37.27489],[126.69875,37.27421],[126.69951,37.2731],[126.69989,37.27362],[126.69967,37.27636],[126.70025,37.27699],[126.7019,37.27734],[126.70268,37.27692],[126.70548,37.27867],[126.70784,37.27733],[126.70777,37.27606],[126.70857,37.27505],[126.70934,37.27544],[126.70927,37.27599],[126.70999,37.27626],[126.70941,37.27953],[126.71076,37.28041],[126.71332,37.28107],[126.71675,37.28012],[126.72102,37.27653],[126.72153,37.27571],[126.7214,37.2723],[126.72173,37.27189],[126.7226,37.27253],[126.72274,37.27543],[126.72371,37.276],[126.72621,37.27515],[126.72971,37.27315],[126.73044,37.27396],[126.72808,37.27647],[126.72721,37.27812],[126.72716,37.27914],[126.72776,37.27983],[126.72925,37.28022],[126.73099,37.2798],[126.73859,37.27958],[126.73586,37.28062],[126.72729,37.28135],[126.72336,37.28325],[126.72187,37.28658],[126.72168,37.28909],[126.72243,37.2898],[126.72375,37.29016],[126.72507,37.28986],[126.7275,37.29127],[126.73163,37.29258],[126.73657,37.29206],[126.74444,37.28941],[126.74522,37.28883],[126.74639,37.28884],[126.7462,37.28843],[126.75255,37.2863],[126.75289,37.28597],[126.75282,37.28519],[126.75344,37.28457],[126.75375,37.28194],[126.75337,37.2811],[126.7541,37.28124],[126.75628,37.27778],[126.75709,37.27734],[126.75682,37.27808],[126.75717,37.2786],[126.75565,37.28238],[126.75517,37.28566],[126.75538,37.28655],[126.75609,37.28703],[126.75788,37.28719],[126.76486,37.28616],[126.76719,37.28481],[126.76901,37.28284],[126.77051,37.27998],[126.77156,37.27578],[126.77291,37.27531],[126.77354,37.27544],[126.7728,37.27681],[126.77355,37.27897],[126.77298,37.28196],[126.77454,37.28307],[126.77203,37.2871],[126.77364,37.28872],[126.78095,37.28974],[126.78491,37.28983],[126.79285,37.29142],[126.80475,37.29299],[126.80463,37.28427],[126.805,37.28392],[126.8033,37.27955],[126.80162,37.27823],[126.80049,37.27863],[126.80028,37.27797],[126.8026,37.27693],[126.80407,37.27682],[126.80548,37.27476],[126.80581,37.27342],[126.80826,37.27003],[126.80856,37.26857],[126.81069,37.26901],[126.81122,37.26763],[126.81049,37.26688],[126.80888,37.26639],[126.80884,37.26681],[126.80576,37.26796],[126.80406,37.26788],[126.8028,37.26917],[126.79628,37.27073],[126.79506,37.26867],[126.79231,37.26868],[126.79136,37.26759],[126.79032,37.26717],[126.79067,37.26606],[126.79238,37.26474],[126.79189,37.2643],[126.79232,37.2636],[126.79156,37.26188],[126.79216,37.26092],[126.79327,37.26018],[126.79337,37.25923],[126.78831,37.25519],[126.7893,37.2501],[126.77709,37.25009],[126.77737,37.2391],[126.77843,37.23742],[126.78307,37.23327],[126.78321,37.23042],[126.78238,37.22998],[126.78251,37.2284],[126.78142,37.22699],[126.77283,37.21944],[126.77345,37.2181],[126.77263,37.21502],[126.77427,37.21251],[126.77372,37.21091],[126.77453,37.21021],[126.76871,37.21104],[126.76809,37.21032],[126.76155,37.21068],[126.76115,37.21034],[126.7616,37.21038],[126.76062,37.20993],[126.76076,37.2079],[126.75922,37.20716],[126.75777,37.20582],[126.75609,37.20631],[126.75438,37.20803],[126.75415,37.20897],[126.75436,37.20934],[126.75507,37.20939],[126.75499,37.21029],[126.75259,37.2114],[126.7509,37.21138],[126.75046,37.21101],[126.75032,37.20876],[126.74986,37.20866],[126.7496,37.20682],[126.74883,37.20616],[126.74764,37.20626],[126.74724,37.20552],[126.74589,37.20525],[126.74377,37.20628],[126.74158,37.20547],[126.73893,37.20515],[126.73771,37.2045],[126.73588,37.2026],[126.73594,37.20294],[126.73395,37.20277],[126.73382,37.20351],[126.73345,37.2035],[126.73245,37.20294],[126.72873,37.20229],[126.72788,37.19997],[126.72888,37.19773],[126.72739,37.19657],[126.72541,37.19608],[126.72399,37.19658],[126.7212,37.19536],[126.72126,37.19459],[126.71944,37.19366],[126.71685,37.19474],[126.71666,37.19608],[126.71324,37.19786],[126.71247,37.1964],[126.71095,37.19546],[126.71022,37.1955],[126.7099,37.19428],[126.70761,37.19302],[126.70702,37.19132],[126.70582,37.1917],[126.70429,37.19344],[126.70372,37.19361],[126.70365,37.19527],[126.7029,37.19611],[126.70113,37.19651],[126.70071,37.19694],[126.70183,37.20139],[126.70069,37.20234],[126.69878,37.20254],[126.69862,37.20316],[126.69745,37.20403],[126.6953,37.2029],[126.69127,37.20327],[126.68341,37.20103],[126.68178,37.1999],[126.68034,37.19956],[126.68056,37.1987],[126.68019,37.19822],[126.67638,37.1972],[126.67636,37.19623],[126.67503,37.19424],[126.67411,37.19443],[126.67306,37.19361],[126.66398,37.19644],[126.66206,37.19678],[126.66108,37.1962],[126.66054,37.19633],[126.66013,37.19619],[126.65997,37.19532],[126.65919,37.19484],[126.65942,37.1942],[126.65822,37.1921],[126.65655,37.19083],[126.65199,37.1917],[126.65319,37.19427],[126.65681,37.19666],[126.65659,37.19708],[126.65642,37.19644],[126.65439,37.19549],[126.6539,37.19468],[126.65324,37.19443],[126.6546,37.19795],[126.65466,37.20024],[126.65553,37.20148],[126.6562,37.20496],[126.65728,37.20678],[126.65716,37.20716],[126.65819,37.20693],[126.65722,37.20722],[126.65812,37.21138],[126.65852,37.21195],[126.65913,37.2117],[126.65907,37.21114],[126.65955,37.21113],[126.65863,37.21208],[126.65948,37.21425],[126.66039,37.21418],[126.6595,37.21436],[126.66002,37.21626],[126.66096,37.21615],[126.66012,37.21637],[126.66033,37.21705],[126.66122,37.21704],[126.66035,37.21715],[126.66122,37.21717],[126.66037,37.21726],[126.66058,37.21911],[126.66035,37.21964],[126.66015,37.21933],[126.6601,37.2199],[126.66042,37.22027],[126.66039,37.21984],[126.66057,37.22013],[126.66175,37.21985],[126.6605,37.22022],[126.66087,37.22091],[126.66076,37.22184],[126.66177,37.22179],[126.66086,37.22193],[126.66072,37.22337],[126.66158,37.22353],[126.66075,37.22343],[126.66155,37.22368],[126.6607,37.22352],[126.66001,37.2253],[126.65997,37.22561],[126.66088,37.22608],[126.66,37.22567],[126.66003,37.22597],[126.66092,37.22626],[126.65965,37.22618],[126.65945,37.22685],[126.65988,37.22692],[126.65944,37.22694],[126.65892,37.22768],[126.65894,37.22866],[126.66027,37.22944],[126.65864,37.2297],[126.65776,37.23117],[126.65861,37.23133],[126.65776,37.23122],[126.65818,37.2313],[126.65801,37.2316],[126.65766,37.23144],[126.65716,37.23193],[126.65744,37.23246],[126.65696,37.23293],[126.65719,37.23307],[126.65685,37.23302],[126.65716,37.23325],[126.65648,37.23277],[126.65626,37.23303],[126.6569,37.23342],[126.65619,37.23308],[126.65557,37.23387],[126.65621,37.23377],[126.65582,37.2343],[126.65527,37.23467],[126.65524,37.2343],[126.65481,37.23449],[126.65537,37.23488],[126.65478,37.23453],[126.65326,37.236],[126.65379,37.2364],[126.65327,37.23607],[126.6524,37.23662],[126.65187,37.23766],[126.65224,37.2379],[126.65183,37.23775],[126.65109,37.23843],[126.65146,37.23877],[126.65066,37.23862],[126.64813,37.243],[126.64749,37.24686],[126.64775,37.24732],[126.64719,37.24779],[126.64709,37.25043],[126.6477,37.25066],[126.64809,37.25],[126.64788,37.25298],[126.64836,37.24985],[126.64883,37.2506],[126.64821,37.2535],[126.64802,37.25307],[126.64695,37.25295],[126.64637,37.25803],[126.64772,37.26099],[126.64832,37.26156],[126.64948,37.26143],[126.65162,37.26337],[126.65295,37.26496],[126.65382,37.26714],[126.65434,37.26714],[126.65419,37.26746],[126.65387,37.26726],[126.65374,37.2699],[126.65286,37.27184],[126.65131,37.27356],[126.63273,37.28698],[126.64497,37.27841],[126.64645,37.27855],[126.64707,37.27894],[126.64678,37.28037],[126.64796,37.28023],[126.64933,37.28126],[126.65116,37.28135],[126.65202,37.28297],[126.65292,37.28339],[126.65427,37.28318],[126.65478,37.2822],[126.65486,37.28273],[126.65567,37.28295],[126.65604,37.28193],[126.6558,37.28315],[126.65719,37.28316],[126.65714,37.28272],[126.65742,37.28322],[126.65755,37.28281],[126.65911,37.28545],[126.65898,37.28585],[126.66114,37.28737],[126.66137,37.29138],[126.66083,37.2921],[126.66006,37.29236],[126.64796,37.29257],[126.63316,37.28889],[126.63186,37.28794],[126.63276,37.28718],[126.63164,37.28767],[126.63004,37.28512],[126.62933,37.28491],[126.63095,37.28768],[126.63351,37.2893],[126.64842,37.29291],[126.65463,37.29282]]],[[[126.65351,37.2952],[126.65352,37.2952],[126.65353,37.2952],[126.65354,37.2952],[126.65356,37.29519],[126.65358,37.29519],[126.65359,37.29519],[126.6536,37.29518],[126.65361,37.29518],[126.65361,37.29517],[126.6536,37.29517],[126.65359,37.29516],[126.65359,37.29515],[126.65358,37.29515],[126.65357,37.29514],[126.65357,37.29514],[126.65357,37.29513],[126.65358,37.29513],[126.65358,37.29512],[126.65357,37.29511],[126.65356,37.2951],[126.65356,37.2951],[126.65355,37.29509],[126.65355,37.29509],[126.65354,37.29508],[126.65354,37.29508],[126.65352,37.29506],[126.65352,37.29505],[126.65351,37.29505],[126.65351,37.29504],[126.6535,37.29503],[126.65349,37.29503],[126.65348,37.29503],[126.65347,37.29504],[126.65345,37.29504],[126.65344,37.29504],[126.65343,37.29504],[126.65342,37.29504],[126.65341,37.29503],[126.65341,37.29503],[126.6534,37.29503],[126.65339,37.29504],[126.65338,37.29504],[126.65337,37.29504],[126.65337,37.29504],[126.65336,37.29504],[126.65335,37.29503],[126.65334,37.29503],[126.65333,37.29503],[126.65332,37.29503],[126.65331,37.29504],[126.6533,37.29504],[126.6533,37.29504],[126.65329,37.29504],[126.65328,37.29504],[126.65327,37.29504],[126.65326,37.29504],[126.65325,37.29504],[126.65324,37.29504],[126.65322,37.29504],[126.6532,37.29504],[126.65319,37.29505],[126.65317,37.29505],[126.65316,37.29505],[126.65315,37.29506],[126.65314,37.29506],[126.65314,37.29507],[126.65315,37.29507],[126.65316,37.29508],[126.65318,37.29508],[126.65319,37.29508],[126.6532,37.29509],[126.65321,37.29509],[126.65323,37.29509],[126.65324,37.29509],[126.65324,37.2951],[126.65324,37.2951],[126.65323,37.2951],[126.65323,37.29511],[126.65323,37.29511],[126.65323,37.29512],[126.65323,37.29512],[126.65323,37.29513],[126.65324,37.29513],[126.65325,37.29513],[126.65326,37.29514],[126.65327,37.29514],[126.65329,37.29513],[126.6533,37.29514],[126.65331,37.29514],[126.65331,37.29515],[126.65332,37.29516],[126.65333,37.29516],[126.65334,37.29516],[126.65335,37.29516],[126.65336,37.29516],[126.65337,37.29516],[126.65337,37.29517],[126.65337,37.29517],[126.65336,37.29517],[126.65335,37.29518],[126.65334,37.29518],[126.65333,37.29519],[126.65332,37.29519],[126.65331,37.29519],[126.65331,37.2952],[126.65332,37.2952],[126.65333,37.2952],[126.65334,37.2952],[126.65335,37.2952],[126.65336,37.2952],[126.65338,37.2952],[126.65339,37.2952],[126.6534,37.2952],[126.65342,37.2952],[126.65343,37.2952],[126.65344,37.2952],[126.65345,37.2952],[126.65345,37.2952],[126.65345,37.2952],[126.65344,37.29521],[126.65344,37.29522],[126.65344,37.29522],[126.65345,37.29523],[126.65345,37.29523],[126.65347,37.29523],[126.65348,37.29523],[126.65349,37.29522],[126.65349,37.29521],[126.6535,37.29521],[126.65351,37.2952]]],[[[126.68316,37.28444],[126.68315,37.28443],[126.68313,37.28444],[126.68311,37.28445],[126.68309,37.28445],[126.68306,37.28445],[126.68304,37.28445],[126.68302,37.28445],[126.68301,37.28445],[126.683,37.28445],[126.683,37.28445],[126.683,37.28445],[126.68299,37.28445],[126.68299,37.28445],[126.68299,37.28445],[126.68298,37.28445],[126.6829,37.28445],[126.68286,37.28446],[126.68284,37.28447],[126.68282,37.28448],[126.6828,37.28449],[126.68278,37.2845],[126.68276,37.28451],[126.68275,37.28452],[126.68275,37.28453],[126.68276,37.28455],[126.68277,37.28456],[126.68279,37.28457],[126.6828,37.28459],[126.68282,37.2846],[126.68284,37.28461],[126.68286,37.28462],[126.68288,37.28463],[126.6829,37.28464],[126.68292,37.28465],[126.68293,37.28466],[126.68295,37.28467],[126.68298,37.28468],[126.683,37.28468],[126.68303,37.28468],[126.68305,37.28468],[126.68307,37.28468],[126.68308,37.28467],[126.68309,37.28466],[126.6831,37.28464],[126.68311,37.28462],[126.68313,37.2846],[126.68314,37.28458],[126.68315,37.28456],[126.68316,37.28454],[126.68317,37.28453],[126.68317,37.28452],[126.68318,37.28451],[126.68318,37.2845],[126.68319,37.28449],[126.68319,37.28448],[126.68319,37.28447],[126.68319,37.28446],[126.68318,37.28445],[126.68317,37.28444],[126.68317,37.28444],[126.68316,37.28444]]],[[[126.72175,37.27346],[126.72171,37.27345],[126.72167,37.27346],[126.72161,37.27347],[126.7216,37.27348],[126.72158,37.2735],[126.72158,37.27358],[126.72159,37.27362],[126.72159,37.27362],[126.72162,37.27364],[126.72163,37.27369],[126.72165,37.27374],[126.72166,37.27376],[126.72167,37.27377],[126.72169,37.27382],[126.72171,37.27382],[126.72173,37.27383],[126.72176,37.27382],[126.72178,37.27382],[126.7218,37.27379],[126.72183,37.27377],[126.72184,37.27371],[126.72185,37.27366],[126.72185,37.27359],[126.72183,37.2735],[126.7218,37.27348],[126.72175,37.27346]]],[[[126.64381,37.30279],[126.64382,37.30277],[126.64383,37.30276],[126.64384,37.30275],[126.64384,37.30273],[126.64384,37.30272],[126.64382,37.30271],[126.6438,37.3027],[126.64378,37.3027],[126.64375,37.30269],[126.64373,37.30269],[126.64371,37.3027],[126.6437,37.30271],[126.64369,37.30272],[126.64369,37.30273],[126.64369,37.30275],[126.6437,37.30276],[126.6437,37.30276],[126.6437,37.30277],[126.64371,37.30277],[126.64372,37.30278],[126.64375,37.30278],[126.64377,37.30278],[126.64378,37.30279],[126.64379,37.30279],[126.64381,37.30279]]],[[[126.64355,37.30265],[126.64353,37.30264],[126.64352,37.30265],[126.64352,37.30266],[126.64352,37.30267],[126.64353,37.30269],[126.64353,37.3027],[126.64353,37.30271],[126.64354,37.30271],[126.64354,37.30271],[126.64355,37.30271],[126.64355,37.30271],[126.64356,37.3027],[126.64356,37.3027],[126.64357,37.30269],[126.64357,37.30267],[126.64357,37.30266],[126.64356,37.30265],[126.64355,37.30265]]],[[[126.64363,37.3027],[126.64362,37.30269],[126.6436,37.3027],[126.64359,37.3027],[126.64359,37.30271],[126.64359,37.30272],[126.6436,37.30272],[126.64361,37.30273],[126.64362,37.30274],[126.64363,37.30275],[126.64364,37.30275],[126.64366,37.30274],[126.64366,37.30274],[126.64366,37.30273],[126.64366,37.30272],[126.64366,37.30271],[126.64365,37.3027],[126.64363,37.3027]]],[[[126.72667,37.27683],[126.72659,37.27678],[126.72641,37.2769],[126.72635,37.27697],[126.72642,37.27703],[126.7265,37.27704],[126.72658,37.27702],[126.72665,37.27702],[126.7267,37.277],[126.72674,37.27696],[126.72674,37.27692],[126.7267,37.27688],[126.72667,37.27683]]],[[[126.69413,37.20717],[126.69273,37.20646],[126.69215,37.20502],[126.69242,37.20424],[126.6937,37.20433],[126.69471,37.20505],[126.69415,37.20593],[126.69413,37.20717]]],[[[126.64769,37.29873],[126.64774,37.29841],[126.64702,37.29816],[126.64769,37.29873]]]]}},{"type":"Feature","properties":{"code":"31240420","name":"양감면","kind":"면"},"geometry":{"type":"Polygon","coordinates":[[[126.99886,37.11978],[126.99791,37.11888],[126.99822,37.11774],[126.99748,37.11596],[126.99579,37.11677],[126.99508,37.11624],[126.99586,37.11519],[126.99754,37.11469],[126.99823,37.11491],[126.99832,37.11579],[126.99888,37.11576],[126.99855,37.11445],[126.99746,37.11414],[126.99421,37.11454],[126.99525,37.11275],[126.99541,37.11164],[126.99664,37.11168],[126.998,37.11092],[126.99949,37.11163],[127.00007,37.11142],[127.0003,37.11077],[127.00029,37.11007],[126.99993,37.1099],[126.9971,37.10984],[126.99598,37.11019],[126.9953,37.1091],[126.99618,37.10826],[126.99622,37.1073],[126.99816,37.10651],[126.99796,37.10484],[126.99549,37.10478],[126.99536,37.1033],[126.99625,37.1028],[126.99707,37.10363],[126.99763,37.10337],[126.99776,37.10184],[126.99669,37.10115],[126.99713,37.10044],[126.99812,37.09996],[126.99681,37.09868],[126.99876,37.09785],[126.99699,37.09683],[126.99823,37.09499],[126.99834,37.09311],[126.99584,37.09142],[126.99538,37.08986],[126.99772,37.08888],[126.99989,37.08693],[127.00016,37.08576],[126.99967,37.08488],[126.99857,37.08453],[126.99792,37.08483],[126.9974,37.08623],[126.99649,37.08722],[126.99229,37.08791],[126.99049,37.08749],[126.99082,37.08602],[126.99177,37.08434],[126.99509,37.08103],[126.99627,37.07865],[126.99619,37.0779],[126.99539,37.07733],[126.99095,37.07753],[126.99041,37.07682],[126.9929,37.0737],[126.99686,37.07216],[126.99727,37.07087],[126.99621,37.06969],[126.99586,37.06954],[126.99555,37.07005],[126.99336,37.06981],[126.99062,37.0707],[126.99002,37.07056],[126.98985,37.07003],[126.98768,37.06942],[126.98682,37.06996],[126.98694,37.07087],[126.98474,37.07163],[126.98023,37.07089],[126.97813,37.07107],[126.9756,37.0707],[126.97419,37.07117],[126.97322,37.07206],[126.96914,37.07317],[126.96729,37.07122],[126.96636,37.06908],[126.96527,37.06863],[126.96465,37.06784],[126.96108,37.06806],[126.9591,37.06917],[126.95604,37.0682],[126.95258,37.06829],[126.95065,37.06892],[126.94905,37.06877],[126.94838,37.06759],[126.94855,37.06632],[126.94759,37.06579],[126.94715,37.06411],[126.94845,37.06301],[126.94853,37.06163],[126.94646,37.06168],[126.94286,37.0609],[126.94101,37.06138],[126.94035,37.0607],[126.9388,37.06134],[126.93466,37.0616],[126.93378,37.06238],[126.93218,37.0623],[126.93151,37.06262],[126.93176,37.06355],[126.9313,37.06454],[126.92883,37.06424],[126.92872,37.06494],[126.93106,37.06534],[126.93029,37.06644],[126.93023,37.06719],[126.92849,37.0681],[126.92394,37.0666],[126.9227,37.06606],[126.9221,37.06533],[126.92002,37.06508],[126.9189,37.06528],[126.91796,37.06626],[126.91713,37.06572],[126.91642,37.06611],[126.91458,37.06581],[126.91303,37.06697],[126.91276,37.06805],[126.91147,37.06891],[126.90557,37.06945],[126.90485,37.07128],[126.90537,37.0719],[126.90533,37.07351],[126.90456,37.07338],[126.90699,37.07511],[126.9097,37.07634],[126.91178,37.07862],[126.91662,37.08028],[126.91871,37.07975],[126.92091,37.08016],[126.92135,37.08116],[126.92382,37.08088],[126.92588,37.08128],[126.92696,37.08191],[126.92652,37.08262],[126.9277,37.08702],[126.92666,37.09032],[126.92687,37.09366],[126.92615,37.09498],[126.9257,37.09935],[126.92842,37.10001],[126.92934,37.10168],[126.93054,37.10165],[126.9314,37.10222],[126.93247,37.10402],[126.93219,37.10459],[126.9328,37.10515],[126.93283,37.10577],[126.93577,37.1055],[126.93716,37.10599],[126.93813,37.10382],[126.9401,37.10336],[126.94058,37.10257],[126.942,37.10197],[126.94242,37.10185],[126.94251,37.10255],[126.94286,37.10243],[126.94341,37.10122],[126.94428,37.10132],[126.94473,37.1005],[126.94568,37.10082],[126.94597,37.09975],[126.94503,37.09722],[126.94528,37.09672],[126.94591,37.09682],[126.94742,37.09806],[126.94803,37.09802],[126.94795,37.09713],[126.94852,37.09709],[126.94847,37.09807],[126.94901,37.098],[126.94961,37.09859],[126.95384,37.09945],[126.95418,37.10109],[126.95376,37.1018],[126.95467,37.10283],[126.9546,37.10477],[126.95534,37.10548],[126.95464,37.10611],[126.9544,37.10702],[126.95521,37.10853],[126.95672,37.10827],[126.95805,37.10873],[126.96034,37.10817],[126.96136,37.10743],[126.96299,37.10704],[126.96445,37.10548],[126.96564,37.10663],[126.9684,37.10739],[126.97003,37.10895],[126.96998,37.10929],[126.9714,37.10913],[126.97361,37.11278],[126.97306,37.11325],[126.97378,37.11527],[126.97332,37.11658],[126.97477,37.11754],[126.97498,37.11851],[126.97601,37.11976],[126.97839,37.12015],[126.98062,37.11947],[126.98432,37.11962],[126.98679,37.12151],[126.98895,37.12097],[126.98914,37.12002],[126.99082,37.11907],[126.99257,37.11976],[126.9931,37.1213],[126.99394,37.12222],[126.99705,37.12342],[126.99921,37.12304],[126.99887,37.12182],[126.9998,37.1206],[126.99886,37.11978]]]}},{"type":"Feature","properties":{"code":"31240130","name":"우정읍","kind":"읍"},"geometry":{"type":"MultiPolygon","coordinates":[[[[126.80696,37.13909],[126.80709,37.1387],[126.80786,37.13926],[126.80927,37.13911],[126.81017,37.13975],[126.81193,37.13888],[126.8123,37.13973],[126.82435,37.12947],[126.82902,37.12983],[126.82859,37.12788],[126.82578,37.12824],[126.82585,37.12769],[126.82626,37.12638],[126.82847,37.12373],[126.82809,37.12274],[126.82929,37.12232],[126.83005,37.12005],[126.82961,37.11906],[126.83025,37.1188],[126.83047,37.11826],[126.82974,37.11786],[126.82968,37.11731],[126.82737,37.11708],[126.82432,37.11765],[126.82088,37.11638],[126.81816,37.11666],[126.81418,37.11634],[126.81472,37.11375],[126.81422,37.11134],[126.81453,37.10985],[126.8139,37.10972],[126.815,37.1097],[126.81465,37.10873],[126.81509,37.10847],[126.81689,37.10895],[126.81834,37.10848],[126.81954,37.10657],[126.81792,37.10652],[126.81769,37.10474],[126.81873,37.10445],[126.81987,37.10337],[126.82054,37.10319],[126.82212,37.1038],[126.82252,37.10292],[126.82453,37.10381],[126.82477,37.10309],[126.82625,37.10257],[126.82842,37.10282],[126.83116,37.10162],[126.83243,37.1005],[126.8326,37.09985],[126.83386,37.09907],[126.83104,37.09761],[126.82977,37.09778],[126.82792,37.09657],[126.82841,37.09438],[126.82816,37.09256],[126.82908,37.09147],[126.82833,37.09039],[126.82851,37.08999],[126.82763,37.08813],[126.8265,37.0873],[126.82653,37.08685],[126.82321,37.08601],[126.82293,37.08542],[126.82337,37.08481],[126.8224,37.08439],[126.82271,37.08364],[126.82103,37.08228],[126.8179,37.08009],[126.8152,37.07928],[126.81422,37.08092],[126.81227,37.08128],[126.81023,37.08113],[126.80911,37.08002],[126.80813,37.07969],[126.80803,37.07765],[126.80698,37.07713],[126.80654,37.07635],[126.80733,37.07536],[126.80753,37.07421],[126.80949,37.07339],[126.81187,37.07399],[126.81254,37.07158],[126.80772,37.06813],[126.80518,37.06689],[126.80239,37.06651],[126.80028,37.06399],[126.79878,37.064],[126.79737,37.06283],[126.79632,37.06254],[126.79655,37.0607],[126.79605,37.05962],[126.79642,37.05919],[126.79593,37.05892],[126.79592,37.05656],[126.79826,37.05453],[126.80046,37.05342],[126.8017,37.05213],[126.8018,37.05181],[126.8007,37.05118],[126.80104,37.04999],[126.8018,37.05012],[126.80304,37.0492],[126.80496,37.04855],[126.80664,37.04888],[126.80714,37.04847],[126.80851,37.04862],[126.81056,37.04712],[126.81138,37.04441],[126.81141,37.04221],[126.81005,37.04141],[126.81084,37.04039],[126.81074,37.03986],[126.81152,37.03812],[126.81089,37.03677],[126.81131,37.0365],[126.81103,37.03634],[126.81301,37.03509],[126.8131,37.03439],[126.81279,37.03439],[126.81266,37.03376],[126.81266,37.02799],[126.80919,37.02455],[126.81109,37.02315],[126.81261,37.02071],[126.81262,37.01341],[126.79767,37.01341],[126.79725,37.01683],[126.79567,37.01838],[126.79517,37.02563],[126.7946,37.02648],[126.79173,37.0282],[126.79125,37.02809],[126.79072,37.02887],[126.79039,37.02854],[126.79073,37.02847],[126.79022,37.02834],[126.79003,37.02877],[126.7905,37.02901],[126.78964,37.02964],[126.76915,37.02961],[126.76748,37.03],[126.76688,37.02964],[126.76669,37.02842],[126.76471,37.02847],[126.76631,37.02866],[126.76666,37.0295],[126.76405,37.0295],[126.76388,37.02716],[126.76356,37.02974],[126.75227,37.02961],[126.74962,37.0301],[126.74877,37.03113],[126.7487,37.03281],[126.74789,37.03294],[126.74881,37.03302],[126.7488,37.03517],[126.74815,37.03513],[126.7481,37.03375],[126.74732,37.03373],[126.74774,37.0333],[126.74688,37.03382],[126.74419,37.0308],[126.74695,37.03399],[126.74723,37.03485],[126.7466,37.03602],[126.73953,37.03947],[126.73627,37.0392],[126.73577,37.03869],[126.73399,37.03823],[126.73415,37.03864],[126.73624,37.03925],[126.73954,37.03952],[126.74532,37.03671],[126.74526,37.03975],[126.74582,37.04245],[126.74881,37.04886],[126.74947,37.04905],[126.75492,37.05435],[126.75668,37.05546],[126.73355,37.07347],[126.73293,37.073],[126.73243,37.07332],[126.73131,37.07241],[126.73212,37.07183],[126.7319,37.07162],[126.73116,37.07218],[126.72998,37.07117],[126.72526,37.07141],[126.72981,37.07145],[126.73204,37.07327],[126.73185,37.07389],[126.7323,37.07444],[126.68453,37.11176],[126.68357,37.11052],[126.68436,37.1098],[126.68349,37.11051],[126.68416,37.11201],[126.68356,37.11283],[126.68259,37.11286],[126.68258,37.11327],[126.68368,37.11352],[126.6864,37.11296],[126.68612,37.11163],[126.68889,37.10948],[126.68981,37.10934],[126.69789,37.10303],[126.6981,37.10211],[126.73243,37.07513],[126.73354,37.07462],[126.73528,37.07641],[126.73038,37.08576],[126.72533,37.1184],[126.72586,37.12038],[126.72943,37.12497],[126.73725,37.1317],[126.74613,37.13793],[126.75503,37.14095],[126.76064,37.14238],[126.7701,37.14335],[126.80352,37.14881],[126.80696,37.13909]]],[[[126.5547,37.06802],[126.55472,37.06802],[126.55475,37.06801],[126.55477,37.068],[126.55478,37.06798],[126.55479,37.06796],[126.5548,37.06793],[126.5548,37.06792],[126.55479,37.06792],[126.55477,37.06791],[126.55475,37.06791],[126.55472,37.06791],[126.5547,37.06791],[126.55468,37.0679],[126.55467,37.06789],[126.55466,37.06788],[126.55465,37.06786],[126.55464,37.06785],[126.55464,37.06783],[126.55464,37.06782],[126.55463,37.0678],[126.55462,37.06779],[126.55461,37.06779],[126.55459,37.06779],[126.55456,37.06779],[126.55454,37.06779],[126.55451,37.06778],[126.55449,37.06778],[126.55445,37.06776],[126.55443,37.06775],[126.55441,37.06773],[126.55439,37.06772],[126.55437,37.0677],[126.55433,37.06768],[126.55431,37.06768],[126.55428,37.06768],[126.55426,37.06769],[126.55425,37.0677],[126.55424,37.06771],[126.55424,37.06772],[126.55424,37.06773],[126.55425,37.06774],[126.55423,37.06776],[126.55422,37.06778],[126.5542,37.06781],[126.55419,37.06783],[126.55418,37.06785],[126.55417,37.06789],[126.55418,37.0679],[126.55419,37.06792],[126.55421,37.06793],[126.55422,37.06794],[126.55425,37.06795],[126.55429,37.06796],[126.55432,37.06796],[126.55439,37.06795],[126.55445,37.06793],[126.55446,37.06792],[126.55448,37.06792],[126.5545,37.06794],[126.55453,37.06796],[126.55455,37.06797],[126.55456,37.06799],[126.55458,37.06801],[126.55461,37.06802],[126.55462,37.06802],[126.55464,37.06802],[126.55466,37.06802],[126.55468,37.06802],[126.5547,37.06802]]],[[[126.54921,37.05074],[126.54922,37.05072],[126.54922,37.0507],[126.54923,37.0507],[126.54923,37.05068],[126.54922,37.05066],[126.54922,37.05066],[126.5492,37.05065],[126.54919,37.05065],[126.54917,37.05064],[126.54916,37.05064],[126.54915,37.05064],[126.54912,37.05063],[126.54911,37.05063],[126.54909,37.05062],[126.54909,37.0506],[126.54908,37.05059],[126.54909,37.05057],[126.54909,37.05055],[126.54909,37.05054],[126.54907,37.05053],[126.54906,37.05053],[126.54904,37.05052],[126.54902,37.05052],[126.549,37.05051],[126.54899,37.0505],[126.54898,37.05049],[126.54896,37.05049],[126.54894,37.0505],[126.54891,37.05051],[126.54889,37.05051],[126.54887,37.05051],[126.54883,37.05052],[126.54881,37.05053],[126.54879,37.05054],[126.54878,37.05055],[126.54876,37.05057],[126.54875,37.05058],[126.54875,37.05059],[126.54875,37.05063],[126.54875,37.05066],[126.54876,37.05067],[126.54877,37.05068],[126.54877,37.05069],[126.54878,37.0507],[126.54878,37.0507],[126.54879,37.05071],[126.5488,37.05071],[126.54882,37.05071],[126.54883,37.05071],[126.54885,37.05071],[126.54887,37.05071],[126.54889,37.05071],[126.5489,37.05071],[126.54891,37.05072],[126.54895,37.05074],[126.54896,37.05074],[126.54898,37.05074],[126.549,37.05074],[126.54902,37.05073],[126.54904,37.05073],[126.54905,37.05073],[126.54907,37.05073],[126.54909,37.05074],[126.54911,37.05074],[126.54913,37.05075],[126.54916,37.05075],[126.54918,37.05075],[126.54921,37.05074]]],[[[126.53554,37.11454],[126.53741,37.11349],[126.53782,37.11264],[126.53944,37.11265],[126.5398,37.11216],[126.54093,37.1119],[126.5417,37.10772],[126.5413,37.10749],[126.54125,37.10587],[126.54151,37.10538],[126.54213,37.10536],[126.54195,37.10369],[126.5424,37.10373],[126.54243,37.1046],[126.54283,37.10459],[126.54258,37.1037],[126.54176,37.10359],[126.54195,37.10283],[126.54107,37.10231],[126.5395,37.09903],[126.53943,37.0984],[126.54018,37.09795],[126.53955,37.09775],[126.53907,37.09664],[126.5397,37.09489],[126.53935,37.09448],[126.53846,37.09454],[126.53875,37.09418],[126.53836,37.09394],[126.53775,37.09429],[126.53841,37.09473],[126.53748,37.09509],[126.53824,37.09524],[126.53805,37.09557],[126.5384,37.09595],[126.53795,37.09631],[126.53876,37.09681],[126.53923,37.09899],[126.53849,37.09945],[126.53903,37.10035],[126.53893,37.1011],[126.53738,37.10287],[126.53814,37.10395],[126.53855,37.10566],[126.53826,37.1066],[126.53743,37.10718],[126.53725,37.10894],[126.53828,37.11094],[126.53777,37.11264],[126.536,37.11338],[126.53535,37.11401],[126.53528,37.1146],[126.53554,37.11454]]],[[[126.74014,37.0145],[126.74037,37.01445],[126.74039,37.01444],[126.74038,37.01443],[126.74036,37.01442],[126.74034,37.01442],[126.74032,37.01442],[126.74,37.01443],[126.73994,37.01444],[126.7399,37.01445],[126.73985,37.01446],[126.73983,37.01445],[126.73982,37.01443],[126.73981,37.01441],[126.73978,37.01439],[126.73975,37.0144],[126.73974,37.01441],[126.73974,37.01443],[126.73973,37.01447],[126.7397,37.0145],[126.73968,37.01451],[126.73967,37.01452],[126.73963,37.01453],[126.73959,37.01454],[126.73956,37.01455],[126.73952,37.01458],[126.73951,37.0146],[126.7395,37.01463],[126.7395,37.01466],[126.73951,37.01468],[126.73954,37.01469],[126.73957,37.01471],[126.7396,37.01472],[126.73962,37.01472],[126.73967,37.01472],[126.73972,37.01472],[126.73975,37.0147],[126.73976,37.01468],[126.73975,37.01465],[126.73976,37.01464],[126.73979,37.01462],[126.73986,37.01459],[126.73987,37.01459],[126.73988,37.01458],[126.73991,37.01457],[126.73995,37.01455],[126.73999,37.01454],[126.74004,37.01452],[126.74006,37.01452],[126.74014,37.0145]]],[[[126.55927,37.06166],[126.56017,37.06199],[126.55979,37.06171],[126.5598,37.06105],[126.56061,37.06124],[126.56068,37.06079],[126.55874,37.06075],[126.5578,37.05993],[126.55874,37.06084],[126.55843,37.06121],[126.55762,37.06099],[126.55639,37.06023],[126.55725,37.05971],[126.5564,37.06009],[126.55609,37.05988],[126.55639,37.05937],[126.55605,37.05982],[126.5554,37.05934],[126.55474,37.05828],[126.55505,37.05736],[126.55471,37.05824],[126.55329,37.05711],[126.55597,37.05977],[126.55528,37.05958],[126.55465,37.05828],[126.55337,37.05788],[126.55233,37.05576],[126.55082,37.05373],[126.54961,37.05281],[126.5494,37.05436],[126.5507,37.05505],[126.5512,37.05481],[126.55231,37.05652],[126.55114,37.05831],[126.55178,37.0583],[126.55293,37.05929],[126.55675,37.06459],[126.55755,37.06459],[126.55711,37.06419],[126.55755,37.0633],[126.55927,37.06166]]],[[[126.72527,37.00996],[126.72527,37.00995],[126.72526,37.00994],[126.72525,37.00993],[126.72522,37.00991],[126.7252,37.00991],[126.72517,37.00991],[126.72516,37.00991],[126.72515,37.0099],[126.72514,37.00989],[126.72512,37.00988],[126.7251,37.00988],[126.72508,37.00989],[126.72507,37.0099],[126.72506,37.00992],[126.72505,37.00994],[126.72506,37.00996],[126.72507,37.00997],[126.72507,37.00998],[126.72511,37.00998],[126.72513,37.00998],[126.72514,37.00997],[126.72515,37.00996],[126.72516,37.00995],[126.72517,37.00995],[126.72517,37.00995],[126.72518,37.00997],[126.72518,37.00998],[126.72519,37.00999],[126.7252,37.01],[126.72522,37.01001],[126.72523,37.01001],[126.72525,37.01001],[126.72526,37.01001],[126.72527,37.01],[126.72527,37.00999],[126.72528,37.00998],[126.72527,37.00997],[126.72527,37.00996]]],[[[126.72212,37.04472],[126.72215,37.04471],[126.72221,37.04468],[126.72222,37.04467],[126.72222,37.04465],[126.72221,37.04461],[126.7222,37.04459],[126.72218,37.04458],[126.72214,37.04458],[126.72213,37.04458],[126.72212,37.04458],[126.72211,37.04457],[126.72209,37.04455],[126.72208,37.04455],[126.72207,37.04455],[126.72206,37.04457],[126.72206,37.04459],[126.72205,37.04463],[126.72205,37.04464],[126.72205,37.04464],[126.72204,37.04464],[126.72204,37.04463],[126.72203,37.04462],[126.72202,37.04462],[126.722,37.04463],[126.72199,37.04466],[126.722,37.04468],[126.72201,37.0447],[126.72202,37.04471],[126.72202,37.04471],[126.72204,37.04471],[126.72206,37.04471],[126.72208,37.04471],[126.72208,37.04471],[126.7221,37.04472],[126.72212,37.04472]]],[[[126.74132,37.03946],[126.74133,37.03946],[126.74135,37.03946],[126.74136,37.03946],[126.74137,37.03946],[126.74137,37.03946],[126.74137,37.03945],[126.74137,37.03945],[126.74136,37.03944],[126.74134,37.03942],[126.7413,37.03939],[126.7413,37.03939],[126.74129,37.03939],[126.74128,37.0394],[126.74129,37.03942],[126.74128,37.03942],[126.74128,37.03943],[126.74127,37.03943],[126.74125,37.03942],[126.74122,37.03941],[126.74121,37.0394],[126.7412,37.03943],[126.7412,37.03943],[126.74121,37.03944],[126.7413,37.03952],[126.74134,37.03955],[126.74134,37.03955],[126.74135,37.03955],[126.74136,37.03954],[126.74137,37.03953],[126.74136,37.03952],[126.74134,37.03949],[126.74132,37.03947],[126.74132,37.03946]]],[[[126.71985,37.0487],[126.71989,37.04865],[126.71993,37.0486],[126.71997,37.04858],[126.72,37.04856],[126.72003,37.04851],[126.72004,37.04848],[126.72003,37.04845],[126.72001,37.04842],[126.71998,37.04838],[126.71995,37.04836],[126.71992,37.04835],[126.71988,37.04836],[126.71984,37.04836],[126.7198,37.04836],[126.71977,37.04837],[126.71976,37.04839],[126.71976,37.04842],[126.71977,37.04846],[126.71979,37.04852],[126.7198,37.04854],[126.71981,37.04857],[126.71984,37.04865],[126.71984,37.04866],[126.71982,37.04866],[126.71975,37.04855],[126.71973,37.04855],[126.71971,37.04855],[126.7197,37.04861],[126.7197,37.04866],[126.71972,37.04873],[126.71975,37.04874],[126.71978,37.04873],[126.71985,37.0487]]],[[[126.72555,37.01055],[126.72554,37.01055],[126.72551,37.01054],[126.72547,37.01055],[126.72546,37.01054],[126.72544,37.01054],[126.72542,37.01053],[126.72539,37.01052],[126.72536,37.01051],[126.72534,37.01051],[126.72533,37.0105],[126.72532,37.01051],[126.72531,37.01052],[126.72531,37.01053],[126.72533,37.01057],[126.72539,37.01065],[126.72542,37.01068],[126.72543,37.01068],[126.72545,37.01069],[126.72549,37.01068],[126.72554,37.01067],[126.72556,37.01066],[126.72557,37.01065],[126.72558,37.01063],[126.72559,37.01062],[126.72559,37.01061],[126.72559,37.01059],[126.72556,37.01056],[126.72555,37.01055]]],[[[126.72578,37.01043],[126.72576,37.01043],[126.72575,37.01043],[126.72575,37.01043],[126.72572,37.01045],[126.72571,37.01046],[126.72571,37.01048],[126.72571,37.01049],[126.72571,37.01049],[126.72572,37.0105],[126.72575,37.01051],[126.72578,37.01053],[126.72582,37.01054],[126.72584,37.01056],[126.72588,37.01058],[126.7259,37.01058],[126.72591,37.01057],[126.72591,37.01055],[126.72591,37.01054],[126.7259,37.01053],[126.72589,37.01052],[126.72587,37.0105],[126.72585,37.01049],[126.72582,37.01048],[126.72581,37.01046],[126.72579,37.01044],[126.72578,37.01043],[126.72578,37.01043]]],[[[126.73746,37.03979],[126.73746,37.03978],[126.73746,37.03976],[126.73738,37.03978],[126.73733,37.03978],[126.73731,37.03978],[126.73728,37.03977],[126.73725,37.03977],[126.73721,37.03978],[126.73718,37.03979],[126.73718,37.03982],[126.73718,37.03984],[126.7372,37.03991],[126.73721,37.04],[126.73722,37.04],[126.73728,37.04002],[126.73732,37.04001],[126.73733,37.04],[126.73736,37.03998],[126.73739,37.03995],[126.7374,37.03993],[126.73739,37.03992],[126.73739,37.03989],[126.73739,37.03987],[126.73739,37.03985],[126.73741,37.03984],[126.73743,37.03982],[126.73746,37.03979]]],[[[126.72575,37.0102],[126.72574,37.0102],[126.72573,37.0102],[126.72571,37.0102],[126.72569,37.01023],[126.72567,37.01025],[126.72565,37.01025],[126.72564,37.01026],[126.72563,37.01027],[126.72563,37.01028],[126.72563,37.01028],[126.72565,37.01033],[126.72566,37.01036],[126.72567,37.01037],[126.72567,37.01037],[126.72568,37.01037],[126.72568,37.01037],[126.72572,37.01035],[126.72574,37.01034],[126.72574,37.01034],[126.72574,37.01034],[126.72575,37.01032],[126.72575,37.01029],[126.72575,37.01026],[126.72576,37.01023],[126.72576,37.01021],[126.72575,37.0102]]],[[[126.72857,37.04598],[126.72856,37.04598],[126.72855,37.04598],[126.72854,37.04598],[126.72853,37.04599],[126.72853,37.046],[126.72852,37.04602],[126.72852,37.04604],[126.72853,37.04606],[126.72854,37.04607],[126.72856,37.04607],[126.72858,37.04607],[126.72862,37.04608],[126.72863,37.04608],[126.72864,37.04607],[126.72865,37.04606],[126.72865,37.04605],[126.72865,37.04604],[126.72864,37.04603],[126.72861,37.04602],[126.72859,37.04601],[126.72859,37.046],[126.72858,37.04599],[126.72858,37.04598],[126.72857,37.04598]]],[[[126.73857,37.03966],[126.73863,37.03966],[126.73866,37.03966],[126.73868,37.03965],[126.73869,37.03965],[126.73869,37.03964],[126.73869,37.03962],[126.73868,37.03961],[126.73861,37.0396],[126.73853,37.0396],[126.7385,37.03959],[126.73843,37.03959],[126.73839,37.0396],[126.73838,37.03961],[126.73838,37.03962],[126.73838,37.03965],[126.7384,37.03966],[126.73844,37.03968],[126.73844,37.03968],[126.73845,37.03967],[126.73848,37.03966],[126.73856,37.03966],[126.73857,37.03966]]],[[[126.72899,37.04593],[126.72893,37.04593],[126.72891,37.04593],[126.7289,37.04595],[126.7289,37.04597],[126.72891,37.04598],[126.72893,37.04599],[126.72899,37.04604],[126.72905,37.04612],[126.7291,37.04621],[126.72912,37.04622],[126.7292,37.04624],[126.72921,37.04624],[126.72925,37.04623],[126.72925,37.04622],[126.72925,37.04621],[126.72925,37.0462],[126.72916,37.04611],[126.72908,37.04604],[126.72905,37.04599],[126.72903,37.04594],[126.72901,37.04594],[126.72899,37.04593]]],[[[126.72528,37.01058],[126.72526,37.01054],[126.72524,37.01051],[126.72523,37.0105],[126.72522,37.0105],[126.7252,37.0105],[126.7252,37.0105],[126.72519,37.0105],[126.72518,37.01052],[126.72518,37.01053],[126.72518,37.01054],[126.72518,37.01055],[126.72519,37.01056],[126.7252,37.01056],[126.72521,37.01057],[126.72522,37.01057],[126.72523,37.01057],[126.72524,37.01057],[126.72525,37.01058],[126.72527,37.01058],[126.72528,37.01058],[126.72528,37.01058]]],[[[126.71642,37.05526],[126.71641,37.05525],[126.7164,37.05526],[126.71639,37.05527],[126.7164,37.05528],[126.71646,37.05536],[126.71648,37.05538],[126.71653,37.05541],[126.71659,37.05543],[126.7166,37.05544],[126.71661,37.05544],[126.71662,37.05544],[126.71662,37.05544],[126.71662,37.05543],[126.71663,37.05541],[126.71664,37.0554],[126.71663,37.05539],[126.71661,37.05537],[126.71649,37.0553],[126.71642,37.05526]]],[[[126.73974,37.03882],[126.73973,37.03882],[126.73971,37.03882],[126.73967,37.03883],[126.73964,37.03885],[126.73964,37.03886],[126.73964,37.03887],[126.73964,37.03887],[126.73965,37.03889],[126.73972,37.03892],[126.73976,37.03893],[126.73977,37.03892],[126.73977,37.03892],[126.73977,37.03891],[126.73976,37.0389],[126.73975,37.03888],[126.73975,37.03885],[126.73975,37.03883],[126.73974,37.03882]]],[[[126.72493,37.01028],[126.7249,37.01028],[126.72485,37.01029],[126.72485,37.01031],[126.72485,37.01032],[126.72486,37.01033],[126.72488,37.01035],[126.72493,37.01042],[126.72497,37.01043],[126.72499,37.01042],[126.725,37.01041],[126.725,37.0104],[126.725,37.01039],[126.72496,37.01031],[126.72493,37.01028]]],[[[126.7253,37.01061],[126.72528,37.0106],[126.72527,37.01061],[126.72526,37.01061],[126.72524,37.01062],[126.72524,37.01063],[126.72524,37.01064],[126.72525,37.01065],[126.72527,37.01065],[126.7253,37.01064],[126.72531,37.01063],[126.72531,37.01062],[126.72531,37.01062],[126.7253,37.01061]]],[[[126.72163,37.04521],[126.72161,37.04521],[126.72159,37.04522],[126.72158,37.04523],[126.72158,37.04524],[126.72158,37.04525],[126.72159,37.04526],[126.7216,37.04526],[126.72162,37.04526],[126.72162,37.04525],[126.72164,37.04524],[126.72164,37.04523],[126.72164,37.04522],[126.72163,37.04521]]],[[[126.73108,37.04616],[126.73192,37.04564],[126.7335,37.04618],[126.73403,37.04579],[126.73131,37.04532],[126.72964,37.04573],[126.72592,37.04452],[126.72555,37.04365],[126.72573,37.04449],[126.72366,37.04457],[126.72602,37.04469],[126.7272,37.04534],[126.73108,37.04616]]],[[[126.53741,37.10123],[126.53741,37.10121],[126.5374,37.10119],[126.5373,37.10117],[126.53724,37.10119],[126.53722,37.1012],[126.5372,37.10122],[126.53722,37.10123],[126.53722,37.10123],[126.53726,37.10122],[126.53737,37.10124],[126.5374,37.10124],[126.53741,37.10123]]],[[[126.55386,37.07279],[126.55512,37.07117],[126.55486,37.07026],[126.5556,37.06943],[126.55498,37.06927],[126.55481,37.06828],[126.55428,37.06869],[126.55473,37.06945],[126.55421,37.06972],[126.55405,37.07167],[126.55319,37.07217],[126.55386,37.07279]]],[[[126.72766,37.0136],[126.72833,37.01279],[126.72949,37.01274],[126.72865,37.01174],[126.72724,37.01195],[126.72788,37.01209],[126.72718,37.01355],[126.72766,37.0136]]],[[[126.7408,37.01448],[126.74186,37.01393],[126.74147,37.01362],[126.74064,37.01399],[126.74082,37.01432],[126.74045,37.01445],[126.7408,37.01448]]],[[[126.72468,37.01074],[126.72439,37.01013],[126.72381,37.0106],[126.72432,37.01103],[126.72468,37.01074]]],[[[126.73372,37.03877],[126.7339,37.03815],[126.73304,37.03856],[126.72973,37.03883],[126.73372,37.03877]]],[[[126.72566,37.00909],[126.72544,37.00957],[126.72592,37.00947],[126.72566,37.00909]]],[[[126.52966,37.12104],[126.52958,37.12051],[126.52923,37.12084],[126.52966,37.12104]]]]}},{"type":"Feature","properties":{"code":"31240390","name":"장안면","kind":"면"},"geometry":{"type":"Polygon","coordinates":[[[126.8216,37.1502],[126.82304,37.14976],[126.82313,37.15003],[126.83528,37.15035],[126.83951,37.14874],[126.83971,37.14749],[126.84009,37.14726],[126.83984,37.14602],[126.84254,37.14378],[126.84586,37.14264],[126.8477,37.14071],[126.84679,37.13999],[126.84524,37.14009],[126.8438,37.13844],[126.84119,37.13713],[126.84149,37.13648],[126.84095,37.13455],[126.84138,37.13269],[126.84244,37.13143],[126.84314,37.13087],[126.84467,37.13059],[126.84879,37.12775],[126.84934,37.1251],[126.84812,37.12416],[126.84854,37.12235],[126.84961,37.12161],[126.8516,37.12108],[126.85213,37.1194],[126.8535,37.11792],[126.85377,37.11679],[126.85733,37.11575],[126.85934,37.1126],[126.86192,37.11208],[126.86285,37.11081],[126.86264,37.11008],[126.86374,37.109],[126.86384,37.10792],[126.86485,37.10673],[126.8657,37.10444],[126.86659,37.10405],[126.86905,37.10397],[126.86931,37.10338],[126.87052,37.10271],[126.87262,37.10259],[126.87333,37.10146],[126.87497,37.10129],[126.87644,37.10204],[126.8764,37.10109],[126.87776,37.09939],[126.87754,37.09745],[126.87782,37.09714],[126.87735,37.09649],[126.87997,37.09354],[126.87837,37.08947],[126.87834,37.08739],[126.88302,37.07308],[126.88374,37.06699],[126.88359,37.06417],[126.88177,37.05987],[126.87744,37.05273],[126.85479,37.0217],[126.85114,37.01839],[126.84211,37.01432],[126.83402,37.01338],[126.81262,37.01341],[126.81261,37.02071],[126.81109,37.02315],[126.80919,37.02455],[126.81266,37.02799],[126.81266,37.03376],[126.81279,37.03439],[126.8131,37.03439],[126.81301,37.03509],[126.81103,37.03634],[126.81131,37.0365],[126.81089,37.03677],[126.81152,37.03812],[126.81074,37.03986],[126.81084,37.04039],[126.81005,37.04141],[126.81141,37.04221],[126.81138,37.04441],[126.81056,37.04712],[126.80851,37.04862],[126.80714,37.04847],[126.80664,37.04888],[126.80496,37.04855],[126.80304,37.0492],[126.8018,37.05012],[126.80104,37.04999],[126.8007,37.05118],[126.8018,37.05181],[126.8017,37.05213],[126.80046,37.05342],[126.79826,37.05453],[126.79592,37.05656],[126.79593,37.05892],[126.79642,37.05919],[126.79605,37.05962],[126.79655,37.0607],[126.79632,37.06254],[126.79737,37.06283],[126.79878,37.064],[126.80028,37.06399],[126.80239,37.06651],[126.80518,37.06689],[126.80772,37.06813],[126.81254,37.07158],[126.81187,37.07399],[126.80949,37.07339],[126.80753,37.07421],[126.80733,37.07536],[126.80654,37.07635],[126.80698,37.07713],[126.80803,37.07765],[126.80813,37.07969],[126.80911,37.08002],[126.81023,37.08113],[126.81227,37.08128],[126.81422,37.08092],[126.8152,37.07928],[126.8179,37.08009],[126.82103,37.08228],[126.82271,37.08364],[126.8224,37.08439],[126.82337,37.08481],[126.82293,37.08542],[126.82321,37.08601],[126.82653,37.08685],[126.8265,37.0873],[126.82763,37.08813],[126.82851,37.08999],[126.82833,37.09039],[126.82908,37.09147],[126.82816,37.09256],[126.82841,37.09438],[126.82792,37.09657],[126.82977,37.09778],[126.83104,37.09761],[126.83386,37.09907],[126.8326,37.09985],[126.83243,37.1005],[126.83116,37.10162],[126.82842,37.10282],[126.82625,37.10257],[126.82477,37.10309],[126.82453,37.10381],[126.82252,37.10292],[126.82212,37.1038],[126.82054,37.10319],[126.81987,37.10337],[126.81873,37.10445],[126.81769,37.10474],[126.81792,37.10652],[126.81954,37.10657],[126.81834,37.10848],[126.81689,37.10895],[126.81509,37.10847],[126.81465,37.10873],[126.815,37.1097],[126.8139,37.10972],[126.81453,37.10985],[126.81422,37.11134],[126.81472,37.11375],[126.81418,37.11634],[126.81816,37.11666],[126.82088,37.11638],[126.82432,37.11765],[126.82737,37.11708],[126.82968,37.11731],[126.82974,37.11786],[126.83047,37.11826],[126.83025,37.1188],[126.82961,37.11906],[126.83005,37.12005],[126.82929,37.12232],[126.82809,37.12274],[126.82847,37.12373],[126.82626,37.12638],[126.82585,37.12769],[126.82578,37.12824],[126.82859,37.12788],[126.82902,37.12983],[126.82435,37.12947],[126.8123,37.13973],[126.81193,37.13888],[126.81017,37.13975],[126.80927,37.13911],[126.80786,37.13926],[126.80709,37.1387],[126.8037,37.14829],[126.81843,37.15044],[126.8216,37.1502]]]}},{"type":"Feature","properties":{"code":"31240430","name":"정남면","kind":"면"},"geometry":{"type":"Polygon","coordinates":[[[126.96886,37.1983],[126.97144,37.19541],[126.97313,37.19534],[126.97612,37.19779],[126.97876,37.19817],[126.98106,37.19799],[126.98095,37.19758],[126.98167,37.19736],[126.98245,37.19629],[126.98447,37.19573],[126.98493,37.19415],[126.98688,37.19482],[126.99472,37.19421],[126.99572,37.1932],[126.99682,37.19282],[126.99926,37.1896],[127.00171,37.19029],[127.00357,37.18869],[127.00494,37.18832],[127.00602,37.18751],[127.00596,37.18639],[127.00518,37.18482],[127.00232,37.18237],[127.00274,37.1818],[127.00492,37.18151],[127.00476,37.18051],[127.00251,37.17834],[127.00017,37.17738],[126.9988,37.17796],[126.99893,37.17848],[127.00041,37.17966],[126.99983,37.18058],[126.99923,37.18065],[126.9971,37.17934],[126.99513,37.17715],[126.99514,37.17495],[126.99632,37.17489],[127.00143,37.17279],[127.00195,37.1717],[127.00566,37.16908],[127.00625,37.16828],[127.00914,37.16843],[127.01324,37.16754],[127.01415,37.16782],[127.01554,37.16751],[127.01658,37.16796],[127.01913,37.16701],[127.02005,37.16722],[127.0229,37.16534],[127.0247,37.16528],[127.02528,37.16482],[127.0273,37.1623],[127.02726,37.16071],[127.02976,37.15914],[127.03003,37.15852],[127.03002,37.1573],[127.0306,37.15628],[127.02896,37.15546],[127.0278,37.15419],[127.0278,37.15286],[127.02995,37.14956],[127.03012,37.14869],[127.02971,37.148],[127.0308,37.14747],[127.03128,37.14674],[127.03087,37.14433],[127.03176,37.14298],[127.03163,37.14218],[127.03215,37.14073],[127.0337,37.13915],[127.03357,37.13827],[127.03399,37.1374],[127.0357,37.13649],[127.03538,37.13589],[127.0306,37.13496],[127.02967,37.13368],[127.02752,37.13361],[127.0254,37.13286],[127.02413,37.1331],[127.01619,37.12969],[127.00914,37.12861],[127.00823,37.12789],[127.00669,37.12827],[127.00558,37.12802],[127.00543,37.12832],[127.004,37.12789],[127.00142,37.12801],[127.00086,37.12755],[127.00163,37.12695],[127.00152,37.12652],[126.99978,37.12714],[126.9991,37.12676],[127.00014,37.12517],[126.99925,37.12489],[126.99786,37.1256],[126.99732,37.12419],[126.99677,37.12472],[126.99737,37.12797],[126.99613,37.12933],[126.99319,37.12986],[126.99145,37.12909],[126.98751,37.12981],[126.98593,37.13152],[126.9856,37.13251],[126.98451,37.13274],[126.98437,37.13325],[126.98345,37.1336],[126.98226,37.13481],[126.982,37.13565],[126.98254,37.13786],[126.98212,37.13999],[126.98225,37.14159],[126.97972,37.14218],[126.97921,37.14312],[126.97858,37.14342],[126.97799,37.14299],[126.9749,37.14264],[126.97409,37.14338],[126.97218,37.1438],[126.97016,37.14367],[126.96918,37.14463],[126.96756,37.14436],[126.96712,37.14374],[126.96463,37.14356],[126.96078,37.14406],[126.95995,37.14469],[126.95942,37.14353],[126.95837,37.14258],[126.95781,37.14271],[126.9554,37.14349],[126.95492,37.14505],[126.95301,37.14542],[126.95236,37.14843],[126.95017,37.14882],[126.9482,37.15008],[126.9468,37.15021],[126.94525,37.15146],[126.94391,37.15371],[126.94376,37.15716],[126.94424,37.15767],[126.94383,37.15825],[126.94474,37.15878],[126.94507,37.15959],[126.94469,37.16147],[126.9454,37.16265],[126.94506,37.16348],[126.94565,37.16485],[126.94534,37.16673],[126.94573,37.1673],[126.94487,37.16818],[126.94472,37.17105],[126.9437,37.17185],[126.94569,37.17329],[126.94893,37.17417],[126.94945,37.17603],[126.95203,37.17713],[126.95176,37.17812],[126.95085,37.17874],[126.95054,37.18032],[126.94926,37.18284],[126.95015,37.18531],[126.9526,37.18917],[126.95189,37.18969],[126.95182,37.19049],[126.95078,37.19173],[126.9509,37.1923],[126.95032,37.19347],[126.95206,37.1951],[126.95245,37.19504],[126.9538,37.19676],[126.95686,37.19743],[126.95844,37.19747],[126.95975,37.19699],[126.96391,37.19728],[126.96886,37.1983]]]}},{"type":"Feature","properties":{"code":"31240520","name":"진안동","kind":"동"},"geometry":{"type":"MultiPolygon","coordinates":[[[[127.0421,37.23903],[127.04405,37.23857],[127.04359,37.23795],[127.04379,37.2368],[127.04435,37.23604],[127.04565,37.23603],[127.04568,37.23542],[127.04608,37.23568],[127.04608,37.23285],[127.0467,37.23287],[127.0459,37.23278],[127.04578,37.23333],[127.04542,37.23302],[127.04499,37.23323],[127.04431,37.22877],[127.04571,37.22926],[127.04592,37.22837],[127.04787,37.22576],[127.04954,37.22435],[127.05116,37.22135],[127.05184,37.22107],[127.05243,37.22149],[127.05379,37.22104],[127.05485,37.21964],[127.05662,37.21861],[127.05513,37.21758],[127.05548,37.216],[127.05278,37.21474],[127.05513,37.21273],[127.05875,37.21101],[127.05884,37.21054],[127.05725,37.21005],[127.05447,37.21107],[127.05412,37.2108],[127.05465,37.21064],[127.05389,37.20981],[127.05452,37.20829],[127.05326,37.20823],[127.05139,37.2089],[127.05101,37.21042],[127.0523,37.21209],[127.05222,37.21261],[127.05275,37.21245],[127.05254,37.2128],[127.05334,37.21379],[127.05103,37.21451],[127.04555,37.21823],[127.04555,37.21872],[127.04555,37.21723],[127.04687,37.21652],[127.04187,37.21407],[127.04347,37.21198],[127.03895,37.21093],[127.03584,37.20817],[127.03391,37.20728],[127.03442,37.20453],[127.03348,37.20549],[127.03276,37.20521],[127.03162,37.20694],[127.03067,37.20661],[127.03044,37.20701],[127.0294,37.20663],[127.02962,37.20623],[127.02806,37.20567],[127.02749,37.20671],[127.02638,37.20507],[127.02434,37.20434],[127.0246,37.20522],[127.02434,37.20576],[127.0214,37.20848],[127.02881,37.21113],[127.0233,37.21657],[127.02534,37.21806],[127.02624,37.2201],[127.0231,37.22622],[127.02347,37.22704],[127.02414,37.22744],[127.02372,37.22774],[127.02427,37.22935],[127.02348,37.22969],[127.0232,37.23089],[127.02521,37.23101],[127.02684,37.2306],[127.02849,37.23126],[127.02999,37.23122],[127.03045,37.23349],[127.03152,37.23363],[127.03273,37.23501],[127.03407,37.23594],[127.03472,37.23596],[127.03484,37.23676],[127.0374,37.2367],[127.03743,37.23854],[127.0421,37.23903]]],[[[127.05186,37.20366],[127.05307,37.2028],[127.05342,37.20171],[127.05106,37.19955],[127.05137,37.19865],[127.05012,37.19819],[127.05053,37.19719],[127.04991,37.1969],[127.05062,37.19649],[127.05006,37.196],[127.04636,37.19606],[127.04252,37.19764],[127.0436,37.1978],[127.04389,37.1982],[127.04435,37.19967],[127.04355,37.20018],[127.04384,37.20085],[127.04342,37.20056],[127.04271,37.20087],[127.0445,37.20263],[127.04592,37.20291],[127.04908,37.20524],[127.05186,37.20366]]]]}},{"type":"Feature","properties":{"code":"31240380","name":"팔탄면","kind":"면"},"geometry":{"type":"Polygon","coordinates":[[[126.86683,37.19974],[126.86778,37.19844],[126.87327,37.19656],[126.87509,37.1935],[126.87639,37.19288],[126.87678,37.1931],[126.87664,37.19361],[126.87899,37.19318],[126.87872,37.19441],[126.88088,37.19614],[126.88125,37.19559],[126.88111,37.19633],[126.88214,37.19713],[126.88541,37.1972],[126.88526,37.19679],[126.88845,37.19701],[126.88856,37.19739],[126.88907,37.19736],[126.88968,37.19706],[126.89047,37.19558],[126.89405,37.19319],[126.8947,37.1919],[126.89573,37.19172],[126.89548,37.19367],[126.89671,37.1942],[126.90003,37.19386],[126.90118,37.19234],[126.90242,37.19192],[126.90326,37.1923],[126.90486,37.19213],[126.90626,37.19117],[126.9067,37.19176],[126.90835,37.19169],[126.90882,37.19231],[126.9103,37.19143],[126.91469,37.19188],[126.91995,37.18967],[126.92,37.18851],[126.91923,37.18767],[126.91952,37.18659],[126.92039,37.18603],[126.92026,37.18516],[126.92102,37.18224],[126.9205,37.18076],[126.92099,37.17983],[126.92079,37.17906],[126.91913,37.17885],[126.91943,37.17765],[126.91754,37.1766],[126.91716,37.17597],[126.91827,37.17396],[126.91948,37.17319],[126.91964,37.17076],[126.91862,37.16971],[126.92327,37.1683],[126.92084,37.16709],[126.91736,37.16678],[126.91652,37.16592],[126.91558,37.16614],[126.91489,37.1634],[126.91504,37.16156],[126.91416,37.16067],[126.91588,37.15915],[126.91495,37.15735],[126.91674,37.15669],[126.91746,37.15614],[126.91718,37.15563],[126.91959,37.15438],[126.92055,37.15469],[126.92231,37.15615],[126.92287,37.15781],[126.92428,37.1596],[126.92525,37.15989],[126.92501,37.16052],[126.92987,37.16175],[126.93694,37.15971],[126.93746,37.15734],[126.93582,37.15548],[126.93448,37.15068],[126.93321,37.14945],[126.93144,37.14921],[126.93107,37.14867],[126.92939,37.14794],[126.92915,37.14618],[126.92535,37.14451],[126.92473,37.14389],[126.92188,37.14331],[126.9213,37.14266],[126.91952,37.14257],[126.91725,37.14146],[126.917,37.14078],[126.91554,37.14002],[126.91549,37.1403],[126.91421,37.14006],[126.91357,37.14042],[126.91036,37.14065],[126.91192,37.14649],[126.90538,37.15019],[126.90353,37.14861],[126.90342,37.14777],[126.90396,37.14739],[126.90414,37.14655],[126.90197,37.1461],[126.89809,37.14074],[126.89697,37.14133],[126.89808,37.13837],[126.89562,37.13862],[126.8959,37.13758],[126.89541,37.13701],[126.89547,37.13606],[126.89433,37.13488],[126.89358,37.13467],[126.89247,37.1355],[126.88934,37.12848],[126.88856,37.12788],[126.88784,37.12797],[126.88877,37.12748],[126.88891,37.12699],[126.88845,37.12571],[126.88701,37.12448],[126.88782,37.12328],[126.88964,37.12276],[126.89041,37.11951],[126.88991,37.1173],[126.89058,37.11645],[126.89012,37.11528],[126.88884,37.115],[126.88789,37.1129],[126.88805,37.11196],[126.88565,37.10806],[126.88592,37.10788],[126.88458,37.1064],[126.88547,37.10516],[126.88817,37.10515],[126.88853,37.1038],[126.88717,37.10139],[126.88691,37.10006],[126.88391,37.09883],[126.88298,37.09616],[126.87997,37.09354],[126.87735,37.09649],[126.87782,37.09714],[126.87754,37.09745],[126.87776,37.09939],[126.8764,37.10109],[126.87644,37.10204],[126.87497,37.10129],[126.87333,37.10146],[126.87262,37.10259],[126.87052,37.10271],[126.86931,37.10338],[126.86905,37.10397],[126.86659,37.10405],[126.8657,37.10444],[126.86485,37.10673],[126.86384,37.10792],[126.86374,37.109],[126.86264,37.11008],[126.86285,37.11081],[126.86192,37.11208],[126.85934,37.1126],[126.85733,37.11575],[126.85377,37.11679],[126.8535,37.11792],[126.85213,37.1194],[126.8516,37.12108],[126.84961,37.12161],[126.84854,37.12235],[126.84812,37.12416],[126.84934,37.1251],[126.84893,37.12631],[126.84914,37.1269],[126.8486,37.12798],[126.84467,37.13059],[126.84311,37.13089],[126.84138,37.13268],[126.84095,37.13455],[126.84149,37.13648],[126.84119,37.13713],[126.8438,37.13844],[126.84524,37.14009],[126.84679,37.13999],[126.84767,37.14075],[126.84566,37.14278],[126.84254,37.14378],[126.83984,37.14602],[126.84009,37.14726],[126.83971,37.14749],[126.83951,37.14874],[126.83528,37.15035],[126.83342,37.15009],[126.83055,37.15032],[126.83213,37.15139],[126.83562,37.15185],[126.83946,37.15303],[126.84045,37.15402],[126.8433,37.15555],[126.84468,37.15693],[126.84507,37.1587],[126.84883,37.16044],[126.85171,37.16265],[126.85438,37.16325],[126.85866,37.16499],[126.86244,37.16862],[126.86273,37.1691],[126.86231,37.16928],[126.86217,37.17102],[126.86507,37.17507],[126.86331,37.17691],[126.86065,37.17694],[126.85974,37.1785],[126.86087,37.1803],[126.86112,37.18153],[126.85807,37.18264],[126.85771,37.18413],[126.85668,37.18482],[126.85706,37.18563],[126.85756,37.18568],[126.85743,37.18715],[126.85783,37.18788],[126.85996,37.18847],[126.86105,37.18987],[126.85977,37.19235],[126.85973,37.19315],[126.86063,37.19403],[126.86063,37.19512],[126.86319,37.19595],[126.86236,37.19797],[126.86237,37.20003],[126.8641,37.1997],[126.86576,37.20023],[126.86683,37.19974]]]}},{"type":"Feature","properties":{"code":"31240140","name":"향남읍","kind":"읍"},"geometry":{"type":"Polygon","coordinates":[[[126.94757,37.15003],[126.9482,37.15008],[126.95017,37.14882],[126.95236,37.14843],[126.95301,37.14542],[126.95492,37.14505],[126.9554,37.14349],[126.95781,37.14271],[126.95837,37.14258],[126.95942,37.14353],[126.95995,37.14469],[126.96078,37.14406],[126.96463,37.14356],[126.96712,37.14374],[126.96756,37.14436],[126.96918,37.14463],[126.97016,37.14367],[126.97218,37.1438],[126.97409,37.14338],[126.9749,37.14264],[126.97799,37.14299],[126.97858,37.14342],[126.97921,37.14312],[126.97972,37.14218],[126.98225,37.14159],[126.98212,37.13999],[126.98254,37.13786],[126.982,37.13565],[126.98226,37.13481],[126.98345,37.1336],[126.98437,37.13325],[126.98451,37.13274],[126.9856,37.13251],[126.98593,37.13152],[126.98751,37.12981],[126.99145,37.12909],[126.99319,37.12986],[126.99613,37.12933],[126.99738,37.12789],[126.99677,37.12472],[126.99732,37.12419],[126.99931,37.12388],[126.99932,37.1235],[126.99875,37.12315],[126.99618,37.1233],[126.99479,37.12268],[126.99325,37.12154],[126.99257,37.11976],[126.99082,37.11907],[126.98914,37.12002],[126.98895,37.12097],[126.98679,37.12151],[126.98432,37.11962],[126.98062,37.11947],[126.97839,37.12015],[126.97601,37.11976],[126.97498,37.11851],[126.97477,37.11754],[126.97332,37.11658],[126.97378,37.11527],[126.97306,37.11325],[126.97361,37.11278],[126.9714,37.10913],[126.96998,37.10929],[126.97003,37.10895],[126.9684,37.10739],[126.96564,37.10663],[126.96445,37.10548],[126.96299,37.10704],[126.96136,37.10743],[126.96034,37.10817],[126.95805,37.10873],[126.95672,37.10827],[126.95521,37.10853],[126.9544,37.10702],[126.95464,37.10611],[126.95534,37.10548],[126.9546,37.10477],[126.95467,37.10283],[126.95376,37.1018],[126.95418,37.10109],[126.95384,37.09945],[126.94961,37.09859],[126.94901,37.098],[126.94847,37.09807],[126.94852,37.09709],[126.94795,37.09713],[126.94803,37.09802],[126.94742,37.09806],[126.94591,37.09682],[126.94528,37.09672],[126.94503,37.09722],[126.94597,37.09975],[126.94568,37.10082],[126.94473,37.1005],[126.94428,37.10132],[126.94341,37.10122],[126.94286,37.10243],[126.94251,37.10255],[126.94242,37.10185],[126.942,37.10197],[126.94058,37.10257],[126.9401,37.10336],[126.93813,37.10382],[126.93716,37.10599],[126.93577,37.1055],[126.93283,37.10577],[126.9328,37.10515],[126.93219,37.10459],[126.93247,37.10402],[126.9314,37.10222],[126.93054,37.10165],[126.92934,37.10168],[126.92842,37.10001],[126.9257,37.09935],[126.92615,37.09498],[126.92687,37.09366],[126.92666,37.09032],[126.9277,37.08702],[126.92652,37.08262],[126.92696,37.08191],[126.92588,37.08128],[126.92382,37.08088],[126.92135,37.08116],[126.92091,37.08016],[126.91835,37.07975],[126.91662,37.08028],[126.91288,37.07915],[126.91178,37.07862],[126.9097,37.07634],[126.90699,37.07511],[126.90198,37.07194],[126.90136,37.07009],[126.89856,37.06964],[126.8977,37.06862],[126.89109,37.06701],[126.88526,37.06669],[126.88374,37.06699],[126.88302,37.07308],[126.88066,37.07964],[126.88,37.08291],[126.8791,37.08463],[126.87823,37.08844],[126.87997,37.09354],[126.88298,37.09616],[126.88391,37.09883],[126.88691,37.10006],[126.88717,37.10139],[126.88853,37.1038],[126.88817,37.10515],[126.88547,37.10516],[126.88458,37.1064],[126.88592,37.10788],[126.88565,37.10806],[126.88805,37.11196],[126.88789,37.1129],[126.88884,37.115],[126.89012,37.11528],[126.89055,37.11626],[126.88991,37.1173],[126.89041,37.11951],[126.88964,37.12276],[126.88782,37.12328],[126.88701,37.12448],[126.88845,37.12571],[126.88891,37.12699],[126.88877,37.12748],[126.88784,37.12797],[126.88856,37.12788],[126.88934,37.12848],[126.89247,37.1355],[126.89358,37.13467],[126.89433,37.13488],[126.89547,37.13606],[126.89541,37.13701],[126.8959,37.13758],[126.89562,37.13862],[126.89808,37.13837],[126.89697,37.14133],[126.89809,37.14074],[126.90197,37.1461],[126.90414,37.14655],[126.90396,37.14739],[126.90342,37.14777],[126.90353,37.14861],[126.90538,37.15019],[126.91192,37.14649],[126.91036,37.14065],[126.91357,37.14042],[126.91421,37.14006],[126.91549,37.1403],[126.91554,37.14002],[126.917,37.14078],[126.91725,37.14146],[126.91952,37.14257],[126.9213,37.14266],[126.92188,37.14331],[126.92473,37.14389],[126.92535,37.14451],[126.92915,37.14618],[126.9285,37.1447],[126.92867,37.14321],[126.93272,37.14347],[126.93556,37.14561],[126.93894,37.14481],[126.94206,37.14282],[126.94293,37.14413],[126.94418,37.14384],[126.94587,37.14415],[126.94511,37.14609],[126.94579,37.1478],[126.94566,37.14952],[126.94636,37.15046],[126.94757,37.15003]]]}},{"type":"Feature","properties":{"code":"31240570","name":"화산동","kind":"동"},"geometry":{"type":"Polygon","coordinates":[[[127.01028,37.22654],[127.01405,37.2267],[127.01578,37.22581],[127.02072,37.22552],[127.02187,37.22454],[127.02329,37.22589],[127.02624,37.2201],[127.02534,37.21806],[127.0233,37.21657],[127.02881,37.21113],[127.0214,37.20848],[127.02429,37.20579],[127.02299,37.20466],[127.02289,37.20381],[127.02345,37.20294],[127.02249,37.20202],[127.02245,37.20121],[127.02279,37.2005],[127.02502,37.20097],[127.02616,37.20011],[127.02686,37.20033],[127.02736,37.19971],[127.02646,37.19948],[127.02506,37.19803],[127.02228,37.19746],[127.01955,37.19593],[127.01805,37.19618],[127.01648,37.19584],[127.01672,37.19545],[127.016,37.19425],[127.01349,37.19502],[127.01168,37.19361],[127.0115,37.19243],[127.01018,37.19267],[127.00981,37.19364],[127.00804,37.19308],[127.00785,37.19221],[127.00917,37.19028],[127.00909,37.18839],[127.00986,37.18766],[127.00834,37.18584],[127.00595,37.18649],[127.00602,37.18751],[127.00494,37.18832],[127.00357,37.18869],[127.00171,37.19029],[126.99926,37.1896],[126.99682,37.19282],[126.99572,37.1932],[126.99472,37.19421],[126.98688,37.19482],[126.98493,37.19415],[126.98496,37.19487],[126.98442,37.19619],[126.98395,37.19623],[126.98372,37.19754],[126.98491,37.19903],[126.98489,37.2001],[126.9854,37.20089],[126.98514,37.20238],[126.98342,37.20329],[126.98104,37.20623],[126.97989,37.20696],[126.97975,37.20766],[126.9803,37.20807],[126.97917,37.20987],[126.97972,37.21256],[126.983,37.21384],[126.98429,37.21393],[126.98475,37.21441],[126.98904,37.21487],[126.99102,37.21642],[126.99495,37.21628],[126.99757,37.21916],[126.99885,37.21864],[127.00027,37.21913],[127.00242,37.2181],[127.00253,37.21757],[127.00409,37.21668],[127.00421,37.21763],[127.00323,37.21953],[127.00294,37.22291],[127.00399,37.2241],[127.00728,37.22409],[127.00949,37.22458],[127.00825,37.22634],[127.0094,37.22676],[127.01028,37.22654]]]}}]}