순번,단지명,회사명,공장대표주소(지번 및 도로명주소),업종번호,업종명,전화번호
1,화성동탄일반산업단지,(주)21세기 ,경기도 화성시 동탄구 동탄산단2길 17 (방교동),29222 ， 29223,디지털 적층 성형기계 제조업 외 1 종,031-353-3155
2,화성동탄일반산업단지,(주)가온솔루션,경기도 화성시 동탄구 동탄산단7길 110 (방교동),29271 ， 29272,반도체 제조용 기계 제조업 외 1 종,031-273-4523
3,화성동탄일반산업단지,(주)경진티알엠,경기도 화성시 동탄구 동부대로 772 (방교동),29171 ， 29172,산업용 냉장 및 냉동 장비 제조업 외 1 종,031-375-3977
4,화성동탄일반산업단지,(주)고성엔지니어링,"경기도 화성시 동탄구 동탄기흥로 64-14, 동탄일반산업단지 19-3블럭 (방교동)",26299,그 외 기타 전자부품 제조업,070-7596-2345
5,화성동탄일반산업단지,(주)고송이엔지,경기도 화성시 동탄구 동탄산단6길 53-27 (방교동),29271,반도체 제조용 기계 제조업,070-4361-2519
6,화성동탄일반산업단지,(주)구미,경기도 화성시 동탄구 동탄산단6길 54 (방교동),29299,그 외 기타 특수목적용 기계 제조업,031-206-2487
7,화성동탄일반산업단지,(주)그래핀랩,"경기도 화성시 동탄구 동탄산단4길 9-13, 1층(방교동)",26221,인쇄회로기판용 적층판 제조업,070-4909-5366
8,화성동탄일반산업단지,(주)그린테크놀로지 ,경기도 화성시 동탄구 동탄산단9길 23-6 (방교동),29180 ， 29271,반도체 제조용 기계 제조업 외 1 종,070-5060-0333
9,화성동탄일반산업단지,(주)그린파워,경기도 화성시 동탄구 동부대로 792 (방교동),27212 ， 28119 ， 29272 ， 35114,디스플레이 제조용 기계 제조업 외 3 종,031-211-3388
10,화성동탄일반산업단지,(주)글로벌디펜스 ,"경기도 화성시 동탄구 동탄산단6길 15-20, (동탄일반산업단지 10-3블록) (방교동)",25123 ， 26429 ， 28111 ， 29142 ， 29299 ， 31311 ， 31312,그 외 기타 특수목적용 기계 제조업 외 6 종,031-8077-9699
11,화성동탄일반산업단지,(주)글로벌스탠다드테크놀로지,경기도 화성시 동탄구 동탄면 동탄산단6길 15-13 (방교동),29271,반도체 제조용 기계 제조업,031-371-2237
12,화성동탄일반산업단지,(주)글로벌스탠다드테크놀로지,경기도 화성시 동탄구 방교동 832-6번지,29271,반도체 제조용 기계 제조업,031-371-2237
13,화성동탄일반산업단지,(주)글로벌시스템즈 ,경기도 화성시 동탄구 동탄산단5길 48 (방교동),30332,자동차용 신품 전기장치 제조업,031-374-9046
14,화성동탄일반산업단지,(주)글로벌엔지니어링 ,경기도 화성시 동탄구 동탄산단6길 15-20 (방교동),28111 ， 30332,자동차용 신품 전기장치 제조업 외 1 종,031-374-9046
15,화성동탄일반산업단지,(주)금강쿼츠,경기도 화성시 동탄구 동탄산단6길 19 (방교동),26295 ， 26299,그 외 기타 전자부품 제조업 외 1 종,031-370-5200
16,화성동탄일반산업단지,(주)금강쿼츠,경기도 화성시 동탄구 동탄산단9길 9-5 (방교동),26299,그 외 기타 전자부품 제조업,031-376-9451
17,화성동탄일반산업단지,(주)금강쿼츠,경기도 화성시 동탄구 동탄산단6길 3(방교동),26295 ， 26299,그 외 기타 전자부품 제조업 외 1 종,031-370-5200
18,화성동탄일반산업단지,(주)금호아이네트,"경기도 화성시 동탄구 동탄산단6길 87, 2동 (방교동)",28422 ， 28423,일반용 전기 조명장치 제조업 외 1 종,031-375-1946
19,화성동탄일반산업단지,(주)기가레인,경기도 화성시 동탄구 동탄산단7길 142 (방교동),26429 ， 28122 ， 28303,기타 무선 통신장비 제조업 외 2 종,031-370-3606
20,화성동탄일반산업단지,(주)기가테라라이팅 ,"경기도 화성시 동탄구 동탄산단6길 3, 4층(방교동)",28422 ， 29299,그 외 기타 특수목적용 기계 제조업 외 1 종,070-4942-5462
21,화성동탄일반산업단지,(주)네오아이씨피,경기도 화성시 동탄구 동탄산단2길 7-17 (방교동),26295 ， 26299 ， 28119 ， 31202,그 외 기타 전자부품 제조업 외 3 종,02-6363-8300
22,화성동탄일반산업단지,(주)네오이엔지,"경기도 화성시 동탄구 동탄산단6길 67(방교동, 성신이엔지)",29271,반도체 제조용 기계 제조업,031-352-2670
23,화성동탄일반산업단지,(주)넥스트테크놀러지,"경기도 화성시 동탄구 동탄기흥로 64-10,동탄일반산업단지 19-2블록 (방교동)",26295 ， 26299 ， 29172,그 외 기타 전자부품 제조업 외 2 종,031-666-2336
24,화성동탄일반산업단지,(주)넥스틴 ,경기도 화성시 동탄구 동탄산단9길 23-12 (방교동),29271,반도체 제조용 기계 제조업,031-629-2300
25,화성동탄일반산업단지,(주)노무라마이크로사이언스코리아,경기도 화성시 동탄구 동탄산단2길 32 (방교동),29175,액체 여과기 제조업,031-831-9775
26,화성동탄일반산업단지,(주)노이드테크,경기도 화성시 동탄구 방교동 824-2번지 (동탄산단9길 9-7),26295 ， 26299 ， 29261 ， 29271 ， 29272 ， 29299,반도체 제조용 기계 제조업 외 5 종,031-373-0495
27,화성동탄일반산업단지,(주)다산이엔지,"경기도 화성시 동탄구 동탄산단2길 58, (동탄일반산업단지 24-3블록) (방교동)",29261 ， 29299,그 외 기타 특수목적용 기계 제조업 외 1 종,031-235-3936
28,화성동탄일반산업단지,(주)대곤코퍼레이션,경기도 화성시 동탄구 동탄산단7길 98-27 (방교동),29299,그 외 기타 특수목적용 기계 제조업,02-6675-6610
29,화성동탄일반산업단지,(주)덕수산업,경기도 화성시 동탄구 동탄산단7길 98-7 (방교동),29193 ， 29271,반도체 제조용 기계 제조업 외 1 종,031-376-8503
30,화성동탄일반산업단지,(주)동광테크,경기도 화성시 동탄구 동탄산단5길 6 (방교동),29294,주형 및 금형 제조업,031-377-4374
31,화성동탄일반산업단지,(주)동부엘이디 ,"경기도 화성시 동탄구 동탄산단6길 53-24, 1,2,3,4층 (방교동)",26299,그 외 기타 전자부품 제조업,070-8874-1101
32,화성동탄일반산업단지,(주)동성정밀엘엑스,경기도 화성시 동탄구 동탄산단6길 87 (방교동),29271 ， 29272,반도체 제조용 기계 제조업 외 1 종,070-4366-1802
33,화성동탄일반산업단지,(주)동성테크,"경기도 화성시 동탄구 동탄산단4길 9-4, (동탄일반산업단지 17-6블록) (방교동)",26295 ， 26299,그 외 기타 전자부품 제조업 외 1 종,031-376-8828
34,화성동탄일반산업단지,(주)동양피엘티,경기도 화성시 동탄구 동탄산단8길 41,30391 ， 30392 ， 30399 ， 30400,그 외 자동차용 신품 부품 제조업 외 3 종,031-376-8881
35,화성동탄일반산업단지,(주)디아이씨,"경기도 화성시 동탄구 동탄산단6길 87,1동 (방교동)",29271,반도체 제조용 기계 제조업,031-353-0567
36,화성동탄일반산업단지,(주)디엔에이치테크,"경기도 화성시 동탄구 동탄산단6길 59, 201호(방교동)",13229,기타 직물제품 제조업,031-373-2389
37,화성동탄일반산업단지,(주)디와츠코리아,경기도 화성시 동탄구 동탄산단4길 9-13 (방교동),28122,전기회로 접속장치 제조업,
38,화성동탄일반산업단지,(주)디티에이치,경기도 화성시 동탄구 동부대로 814 (방교동) (주)동탄이엔지 1층,28902,전기용 탄소제품 및 절연제품 제조업,
39,화성동탄일반산업단지,(주)라모스테크놀러지,경기도 화성시 동탄구 동탄면 0번지 동탄일반산업단지 16-1B/L,26321,기억장치 제조업,031-899-7512
40,화성동탄일반산업단지,(주)라모스테크놀러지,경기도 화성시 동탄구 동탄산단4길 9-13 (방교동),26321,기억장치 제조업,031-899-7530
41,화성동탄일반산업단지,(주)렉스전자 ,경기도 화성시 동탄구 동탄산단6길 59 (방교동),29271,반도체 제조용 기계 제조업,031-378-3703
42,화성동탄일반산업단지,(주)로보케어,경기도 화성시 동탄구 동탄면 동탄산단6길 15-13 (방교동),29280,산업용 로봇 제조업,031-751-5200
43,화성동탄일반산업단지,(주)리모트글로벌,경기도 화성시 동탄구 동탄산단2길 50(방교동),26295,전자감지장치 제조업,031-378-9866
44,화성동탄일반산업단지,(주)마루라이팅 ,"경기도 화성시 동탄구 동탄산단6길 3, 4층(방교동)",28123 ， 28422 ， 28423 ， 28429,일반용 전기 조명장치 제조업 외 3 종,031-375-6611
45,화성동탄일반산업단지,(주)마르스,"경기도 화성시 동탄구 동탄산단2길 46, 2층 (방교동)",28111 ， 29142,전동기 및 발전기 제조업 외 1 종,031-8055-8655
46,화성동탄일반산업단지,(주)마스 ,경기도 화성시 동탄구 동탄산단2길 13 (방교동),29271,반도체 제조용 기계 제조업,031-236-3677
47,화성동탄일반산업단지,(주)마스터테크,경기도 화성시 동탄구 동탄산단6길 15-16 (방교동),26410 ， 26429 ， 29174 ， 31202 ， 31322,철도차량 부품 및 관련 장치물 제조업 외 4 종,031-376-1546
48,화성동탄일반산업단지,(주)메이,경기도 화성시 동탄구 동탄산단1길 45 (방교동) 2층 201호,29272,디스플레이 제조용 기계 제조업,031-8043-7848
49,화성동탄일반산업단지,(주)명치기계공업,경기도 화성시 동탄구 동탄산단2길 42 (방교동),29173 ， 29175,산업용 송풍기 및 배기장치 제조업 외 1 종,031-8015-4157
50,화성동탄일반산업단지,(주)모토벨로,경기도 화성시 동탄구 동탄산단9길 9-8 (방교동),29199,그 외 기타 일반목적용 기계 제조업,070-4949-0802
51,화성동탄일반산업단지,(주)미코,경기도 화성시 동탄구 동탄산단2길 68(방교동),26299 ， 29271,그 외 기타 전자부품 제조업 외 1 종,031-610-7925
52,화성동탄일반산업단지,(주)미코,경기도 화성시 동탄구 동탄산단2길 67(방교동),26299,그 외 기타 전자부품 제조업,031-610-7925
53,화성동탄일반산업단지,(주)발키다,경기도 화성시 동탄구 동탄산단7길 98-7(방교동),28422,일반용 전기 조명장치 제조업,050-6575-7973
54,화성동탄일반산업단지,(주)백산이엔지,경기도 화성시 동탄구 동탄산단6길 84 (방교동),29271,반도체 제조용 기계 제조업,031-377-0648
55,화성동탄일반산업단지,(주)밸류테크 ,경기도 화성시 동탄구 동탄기흥로 147-6(방교동),22249 ， 29271,기타 기계.장비 조립용 플라스틱 제품 제조업 외 1 종,031-8015-2826
56,화성동탄일반산업단지,(주)베스테크,경기도 화성시 동탄구 동탄산단5길 10-19 (방교동),29271,반도체 제조용 기계 제조업,031-352-5539
57,화성동탄일반산업단지,(주)베스텍,경기도 화성시 동탄구 동탄산단10길 53-9 (방교동),29221,전자 응용 절삭기계 제조업,031-8003-0206
58,화성동탄일반산업단지,(주)브로던,경기도 화성시 동탄구 동탄기흥로 32-5 (방교동),26429,기타 무선 통신장비 제조업,031-8055-2738
59,화성동탄일반산업단지,(주)비에스엘,"경기도 화성시 동탄구 동탄산단9길 9-21, 301, 302호(방교동, (주)이엠텍 동탄)",26299 ， 27112 ， 27192 ， 27199 ， 28519,정형외과용 및 신체보정용 기기 제조업 외 4 종,070-4030-6810
60,화성동탄일반산업단지,(주)비올디벨로퍼즈,경기도 화성시 동탄구 동탄기흥로 29 (방교동),26600 ， 28303,마그네틱 및 광학 매체 제조업 외 1 종,031-378-7200
61,화성동탄일반산업단지,(주)비와이텍,경기도 화성시 동탄구 동탄산단6길 70 (방교동),29271 ， 29272 ， 29280,반도체 제조용 기계 제조업 외 2 종,031-377-2301
62,화성동탄일반산업단지,(주)삼우엔지니어링,경기도 화성시 동탄구 동탄산단2길 56 (방교동),29261 ， 29299,그 외 기타 특수목적용 기계 제조업 외 1 종,031-376-6871
63,화성동탄일반산업단지,(주)삼윤,"경기도 화성시 동탄구 동탄산단6길 53-20, (동탄일반산업단지 12-4블록) (방교동)",29271,반도체 제조용 기계 제조업,031-377-5298
64,화성동탄일반산업단지,(주)삼정오토메이션,경기도 화성시 동탄구 동탄산단4길 9-34 (방교동),26295 ， 26299,그 외 기타 전자부품 제조업 외 1 종,031-469-3090
65,화성동탄일반산업단지,(주)삼진엘앤디,경기도 화성시 동탄구 동탄기흥로 64-17 (방교동),13229 ， 25113 ， 26211 ， 28410 ， 28422 ， 28429 ， 28903,액정 표시장치 제조업 외 6 종,031-379-2026
66,화성동탄일반산업단지,(주)센서뷰 ,경기도 화성시 동탄구 동탄기흥로 61 (방교동),26429,기타 무선 통신장비 제조업,02-2038-7765
67,화성동탄일반산업단지,(주)센서뷰 ,"경기도 화성시 동탄구 동탄기흥로 64-14, 1층 (방교동)",28302,기타 절연선 및 케이블 제조업,02-2308-7765
68,화성동탄일반산업단지,(주)셀코스 ,경기도 화성시 동탄구 동탄산단1길 45 (방교동) (주)셀코스 동탄공장,29271 ， 29272 ， 29299,반도체 제조용 기계 제조업 외 2 종,031-293-8180
69,화성동탄일반산업단지,(주)셀피아테크,"경기도 화성시 동탄구 동탄산단6길 53-40, (동탄일반산업단지 12-1블록) (방교동)",29271,반도체 제조용 기계 제조업,031-274-9717
70,화성동탄일반산업단지,(주)송도테크 ,경기도 화성시 동탄구 동탄산단5길 48 (방교동),25924,절삭가공 및 유사처리업,
71,화성동탄일반산업단지,(주)스카이물류,경기도 화성시 동탄구 동탄기흥로 152,30201 ， 30202,차체 및 특장차 제조업 외 1 종,031-376-0086
72,화성동탄일반산업단지,(주)스카이즈,"경기도 화성시 동탄구 동탄산단2길 46, 3층(방교동)",26219 ， 26329 ， 70121,기타 표시장치 제조업 외 2 종,070-4919-9026
73,화성동탄일반산업단지,(주)시노펙스,경기도 화성시 동탄구 동탄산단7길 104(방교동),13229 ， 26299 ， 27199 ， 29175,그 외 기타 의료용 기기 제조업 외 3 종,031-379-7777
74,화성동탄일반산업단지,(주)시스윈로보틱스,경기도 화성시 동탄구 동탄기흥로 64-4 (방교동),26322 ， 26410 ， 26429,컴퓨터 모니터 제조업 외 2 종,031-203-0923
75,화성동탄일반산업단지,(주)시스템알앤디,경기도 화성시 동탄구 동탄산단9길 23-6 (방교동),29271,반도체 제조용 기계 제조업,031-353-5237
76,화성동탄일반산업단지,(주)신전,경기도 화성시 동탄구 동탄산단4길 9-3 (방교동),26295 ， 26299,그 외 기타 전자부품 제조업 외 1 종,02-2264-7727
77,화성동탄일반산업단지,(주)신진에스엠 동탄지점,경기도 화성시 동탄구 동탄산단5길 10-16 (방교동),29223 ， 29271,금속 절삭기계 제조업 외 1 종,031-369-7425
78,화성동탄일반산업단지,(주)싸이맥스,경기도 화성시 동탄구 동탄산단2길 47 (방교동),27199 ， 29271,그 외 기타 의료용 기기 제조업 외 1 종,070-7732-5300
79,화성동탄일반산업단지,(주)씨브이,경기도 화성시 동탄구 동탄산단7길 116 (방교동),25123 ， 27213 ， 29171 ， 29299,산업용 냉장 및 냉동 장비 제조업 외 3 종,031-451-4053
80,화성동탄일반산업단지,(주)씨쓰리테크놀로지 ,경기도 화성시 동탄구 동탄기흥로 29 (방교동),28303,절연 코드세트 및 기타 도체 제조업,031-379-9356
81,화성동탄일반산업단지,(주)씨앤씨인터내셔널,경기도 화성시 동탄구 동탄산단5길 14 (방교동) 솔테크놀로지(주),20423,화장품 제조업,031-8006-1600
82,화성동탄일반산업단지,(주)씨엔원,경기도 화성시 동탄구 동탄산단7길 98-17 (방교동),29271,반도체 제조용 기계 제조업,070-4651-5331
83,화성동탄일반산업단지,(주)씨엠테크,"경기도 화성시 동탄구 동탄기흥로 11, (동탄일반산업단지 21-7블록) (방교동)",26295 ， 26299,그 외 기타 전자부품 제조업 외 1 종,031-222-2817
84,화성동탄일반산업단지,(주)씨케이피 ,경기도 화성시 동탄구 동탄산단7길 98-46 (방교동),29271 ， 29272,반도체 제조용 기계 제조업 외 1 종,031-372-2222
85,화성동탄일반산업단지,(주)아론테크,경기도 화성시 동탄구 동탄산단5길 10-31(방교동),29222,디지털 적층 성형기계 제조업,041-566-8478
86,화성동탄일반산업단지,(주)아모스,"경기도 화성시 동탄구 동탄산단5길 42(방교동, (주)아모스)",20423 ， 33920,사무 및 회화용품 제조업 외 1 종,031-376-0663
87,화성동탄일반산업단지,(주)아모스에듀,"경기도 화성시 동탄구 동탄산단5길 42(방교동, (주)아모스)",26310 ， 26429,기타 무선 통신장비 제조업 외 1 종,031-376-0740
88,화성동탄일반산업단지,(주)아이넥스엠에이티,경기도 화성시 동탄구 동부대로 780 (방교동),29271,반도체 제조용 기계 제조업,031-322-2800
89,화성동탄일반산업단지,(주)아이지에스,"경기도 화성시 동탄구 동탄산단6길 67, 4층(방교동)",29271,반도체 제조용 기계 제조업,031-372-7729
90,화성동탄일반산업단지,(주)아큐스 ,"경기도 화성시 동탄구 동탄산단2길 46,  (동탄일반산업단지 24-6,-7블록) (방교동)",29150 ， 29163 ， 29169 ， 29171 ， 29174 ， 29175 ， 29176 ， 29199 ， 29261 ， 29299,그 외 기타 일반목적용 기계 제조업 외 9 종,031-451-1820
91,화성동탄일반산업단지,(주)알엔투테크놀로지,경기도 화성시 동탄구 동탄산단9길 11 (방교동),28121 ， 28122,"전기회로 개폐, 보호장치 제조업 외 1 종",031-376-5400
92,화성동탄일반산업단지,(주)알토엔대우 ,"경기도 화성시 동탄구 동탄산단9길 23-7, (동탄일반산업단지 37-3,-5,-6블록) (방교동)",28520,가정용 비전기식 조리 및 난방 기구 제조업,070-4489-3971
93,화성동탄일반산업단지,(주)애거슨,"경기도 화성시 동탄구 동탄산단9길 12(방교동, (주)애거슨)",28123,배전반 및 전기 자동제어반 제조업,031-831-5778
94,화성동탄일반산업단지,(주)앤에스알시,경기도 화성시 동탄구 동탄산단6길 59(방교동),29271,반도체 제조용 기계 제조업,031-8043-3300
95,화성동탄일반산업단지,(주)에버텍엔터프라이즈,경기도 화성시 동탄구 동탄산단2길 7-9 (방교동),26299,그 외 기타 전자부품 제조업,031-718-3818
96,화성동탄일반산업단지,(주)에스디레이,경기도 화성시 동탄구 동탄산단8길 15-20 (방교동),18113 ， 18119 ， 18200,기록매체 복제업 외 2 종,031-371-9118
97,화성동탄일반산업단지,(주)에스디옵틱스,"경기도 화성시 동탄구 동탄산단2길 40, 동탄일반산업단지 24-9블록 (방교동)",27213 ， 27309,"물질 검사, 측정 및 분석기구 제조업 외 1 종",070-4694-4800
98,화성동탄일반산업단지,(주)에스알티,경기도 화성시 동탄구 동탄산단4길 9-16 (방교동),26329 ， 26410,유선 통신장비 제조업 외 1 종,031-378-8588
99,화성동탄일반산업단지,(주)에스에이치엔지니어링,경기도 화성시 동탄구 동부대로 814 (방교동) (주)동탄이엔지 1층,28902,전기용 탄소제품 및 절연제품 제조업,
100,화성동탄일반산업단지,(주)에스엠티코리아,경기도 화성시 동탄구 동탄산단2길 7-3 (방교동),26224,전자부품 실장기판 제조업,031-376-2401
101,화성동탄일반산업단지,(주)에스유아이씨티 ,"경기도 화성시 동탄구 동탄산단6길 67, 4층 (방교동)",26299 ， 26329 ， 26410 ， 26421 ， 26422 ， 26429 ， 26519 ， 28903,그 외 기타 전자부품 제조업 외 7 종,070-4219-5588
102,화성동탄일반산업단지,(주)에스프라임,"경기도 화성시 동탄구 동탄산단2길 7-16(방교동, (주)코메코INT, (주)에스프라임)",26329,기타 주변기기 제조업,031-378-7841
103,화성동탄일반산업단지,(주)에이디에스테크 ,경기도 화성시 동탄구 동탄산단8길 15-11 (방교동),26429,기타 무선 통신장비 제조업,031-5182-8000
104,화성동탄일반산업단지,(주)에이씨에스,경기도 화성시 동탄구 동탄산단7길 98-23 (방교동),29271,반도체 제조용 기계 제조업,031-222-4776
105,화성동탄일반산업단지,(주)에이엠텍,"경기도 화성시 동탄구 동탄산단5길 10-12, (동탄일반산업단지 8-8블록) (방교동)",29294,주형 및 금형 제조업,031-372-3975
106,화성동탄일반산업단지,(주)에이치씨테크,경기도 화성시 동탄구 동탄산단6길 77,29271,반도체 제조용 기계 제조업,031-378-7507
107,화성동탄일반산업단지,(주)에이치엔씨,경기도 화성시 동탄구 동탄산단8길 15-19 (방교동),28123,배전반 및 전기 자동제어반 제조업,031-372-2950
108,화성동탄일반산업단지,(주)에이치와이씨코리아,"경기도 화성시 동탄구 동탄산단7길 98-31, 1층, 2층, 4층, 5층(방교동)",29271 ， 29272,반도체 제조용 기계 제조업 외 1 종,031-373-1686
109,화성동탄일반산업단지,(주)에이텍솔루션,경기도 화성시 동탄구 동탄산단7길 100 (방교동),29271,반도체 제조용 기계 제조업,031-8015-2072
110,화성동탄일반산업단지,(주)에이피에스,경기도 화성시 동탄구 동탄산단9길 23-12 (방교동),29271,반도체 제조용 기계 제조업,031-776-1800
111,화성동탄일반산업단지,(주)에이피피,경기도 화성시 동탄구 동탄산단2길 7-12 (방교동),26212 ， 26299 ， 29271 ， 29272,그 외 기타 전자부품 제조업 외 3 종,031-373-5956
112,화성동탄일반산업단지,(주)에프에스티,경기도 화성시 동탄구 동탄산단6길 15-23 (방교동),29174 ， 29271 ， 35114,반도체 제조용 기계 제조업 외 2 종,031-370-0800
113,화성동탄일반산업단지,(주)에프에스티,경기도 화성시 동탄구 동탄산단10길 45 (방교동),26129 ， 29271,기타 반도체소자 제조업 외 1 종,031-371-2400
114,화성동탄일반산업단지,(주)에프에스티,경기도 화성시 동탄구 동부대로 788(방교동),29271,반도체 제조용 기계 제조업,031-371-2400
115,화성동탄일반산업단지,(주)에프엠에스코리아,"경기도 화성시 동탄구 동탄산단7길 98-12, (동탄일반산업단지 34-4블록) (방교동)",21300 ， 22299 ， 29261 ， 29299,그 외 기타 특수목적용 기계 제조업 외 3 종,031-266-1586
116,화성동탄일반산업단지,(주)엔에스티,"경기도 화성시 동탄구 동탄산단10길 70, (동탄일반산업단지 25-2블록) (방교동)",29271,반도체 제조용 기계 제조업,031-632-7375
117,화성동탄일반산업단지,(주)엔지온 화성사업장,경기도 화성시 동탄구 동탄산단8길 15-15 (방교동),29271,반도체 제조용 기계 제조업,031-378-5271
118,화성동탄일반산업단지,(주)엘케이엔지니어링,경기도 화성시 동탄구 동탄산단6길 53-37 (방교동),29271,반도체 제조용 기계 제조업,031-781-0673
119,화성동탄일반산업단지,(주)엠아이티시스템  ,경기도 화성시 동탄구 동탄면 방교리 835-9번지,29271,반도체 제조용 기계 제조업,031-319-6533
120,화성동탄일반산업단지,(주)엠에스티코퍼레이션 ,경기도 화성시 동탄구 동탄기흥로 147-12 (방교동),20412 ， 22249,기타 기계.장비 조립용 플라스틱 제품 제조업 외 1 종,070-5022-5750
121,화성동탄일반산업단지,(주)엠에이케이,경기도 화성시 동탄구 동탄산단5길 10-16 (방교동),27212 ， 28114 ， 28119 ， 28909 ， 29271,에너지 저장장치 제조업 외 4 종,031-373-4359
122,화성동탄일반산업단지,(주)엠투엔 전장사업부,경기도 화성시 동탄구 동탄산단2길 7-21 (방교동),26295 ， 26299,그 외 기타 전자부품 제조업 외 1 종,031-8003-3300
123,화성동탄일반산업단지,(주)영공 오산지점,경기도 화성시 동탄구 동탄산단3길 20-27 (방교동),25112,구조용 금속 판제품 및 공작물 제조업,031-373-8676
124,화성동탄일반산업단지,(주)예승이엔지,"경기도 화성시 동탄구 동탄산단7길 98-31, 1층, 2층, 4층(403호, 404호), 5층(방교동)",29229 ， 29271,반도체 제조용 기계 제조업 외 1 종,031-377-3106
125,화성동탄일반산업단지,(주)오메가텍 ,경기도 화성시 동탄구 동탄산단5길 48 (방교동),25924,절삭가공 및 유사처리업,070-8230-6633
126,화성동탄일반산업단지,(주)오엠티,경기도 화성시 동탄구 동탄산단10길 58 (방교동),29261 ， 29271 ， 29299,반도체 제조용 기계 제조업 외 2 종,031-376-7636
127,화성동탄일반산업단지,(주)와이케이신터링,경기도 화성시 동탄구 동탄산단7길 6(방교동),25911 ， 25999 ， 27216,분말 야금제품 제조업 외 2 종,043-272-5301
128,화성동탄일반산업단지,(주)우양코퍼레이션,경기도 화성시 동탄구 동탄산단5길 14 (방교동) 솔테크놀로지(주),28901,전기경보 및 신호장치 제조업,
129,화성동탄일반산업단지,(주)위드텍,경기도 화성시 동탄구 동탄산단10길 38 (방교동),29271,반도체 제조용 기계 제조업,042-936-7117
130,화성동탄일반산업단지,(주)유닉스엔지니어링,"경기도 화성시 동탄구 동탄산단7길 10, 2동(방교동)",29280,산업용 로봇 제조업,031-8050-0545
131,화성동탄일반산업단지,(주)유에스티,"경기도 화성시 동탄구 동탄산단2길 50, 1층, 2층, 3층 및 4층 일부(방교동, (주)유에스티 본사)",26329 ， 26410 ， 28519,유선 통신장비 제조업 외 2 종,031-786-1027
132,화성동탄일반산업단지,(주)유진메디케어,경기도 화성시 동탄구 동탄산단5길 54 (방교동),27199,그 외 기타 의료용 기기 제조업,031-375-1071
133,화성동탄일반산업단지,(주)이노베이스 동탄지점,경기도 화성시 동탄구 동부대로 816 (방교동) 외 1필지,25924,절삭가공 및 유사처리업,031-8058-1105
134,화성동탄일반산업단지,(주)이랜텍,경기도 화성시 동탄구 동탄기흥로 64-3 (방교동),26519,비디오 및 기타 영상기기 제조업,070-7098-8007
135,화성동탄일반산업단지,(주)이랜텍,경기도 화성시 동탄구 동부대로 807 (방교동),28114 ， 28202,에너지 저장장치 제조업 외 1 종,070-7098-8007
136,화성동탄일반산업단지,(주)이레에프에이,경기도 화성시 동탄구 동탄산단6길 61 (방교동),29271,반도체 제조용 기계 제조업,031-668-9688
137,화성동탄일반산업단지,(주)이에스티 ,경기도 화성시 동탄구 동탄산단6길 11 (방교동),25999 ， 29174,기체 여과기 제조업 외 1 종,032-679-0944
138,화성동탄일반산업단지,(주)이엔씨테크놀로지,"경기도 화성시 동탄구 동탄산단8길 47, 이엔씨테크놀로지(방교동)",29271 ， 29272,반도체 제조용 기계 제조업 외 1 종,031-8047-3300
139,화성동탄일반산업단지,(주)이엠텍 동탄 사업장,"경기도 화성시 동탄구 동탄산단9길 9-21, (동탄일반산업단지 36-4블록) (방교동)",26299 ， 27112 ， 27199 ， 28519 ， 28909,전기식 진단 및 요법 기기 제조업 외 4 종,070-4030-6825
140,화성동탄일반산업단지,(주)이젠,경기도 화성시 동탄구 동탄기흥로 61 (방교동),26299,그 외 기타 전자부품 제조업,031-452-6142
141,화성동탄일반산업단지,(주)이즈컨텍,"경기도 화성시 동탄구 동탄산단6길 74(방교동, (주)이즈컨텍)",29271,반도체 제조용 기계 제조업,031-0377-2581
142,화성동탄일반산업단지,(주)인터텍,경기도 화성시 동탄구 동탄기흥로 15 (방교동),26295 ， 26299,그 외 기타 전자부품 제조업 외 1 종,070-8633-8946
143,화성동탄일반산업단지,(주)일진정공,경기도 화성시 동탄구 동탄기흥로 152 (방교동),30201 ， 30202,차체 및 특장차 제조업 외 1 종,031-376-9012
144,화성동탄일반산업단지,(주)자비스 ,경기도 화성시 동탄구 동탄산단9길 9-7(방교동),27111,방사선 장치 제조업,031-740-3814
145,화성동탄일반산업단지,(주)제너럴도크,경기도 화성시 동탄구 동부대로 807 (방교동),25995 ， 25999,그 외 기타 분류 안된 금속 가공 제품 제조업 외 1 종,031-497-6780
146,화성동탄일반산업단지,(주)제너코트,"경기도 화성시 동탄구 동탄산단7길 14, (동탄일반산업단지 6-2블록) (방교동)",25911,분말 야금제품 제조업,031-373-1380
147,화성동탄일반산업단지,(주)제이오션,경기도 화성시 동탄구 동탄산단7길 98-46 (방교동),29271,반도체 제조용 기계 제조업,070-8228-7093
148,화성동탄일반산업단지,(주)제이케이시스템즈 ,경기도 화성시 동탄구 동탄기흥로 152 (방교동),30122 ， 30332,화물자동차 및 특수목적용 자동차 제조업 외 1 종,031-376-3729
149,화성동탄일반산업단지,(주)조인솔루션,경기도 화성시 동탄구 동탄산단6길 53-30 (방교동),29271,반도체 제조용 기계 제조업,031-378-3911
150,화성동탄일반산업단지,(주)지알테크 ,경기도 화성시 동탄구 동탄산단5길 10-5 (방교동),28114 ， 28302,에너지 저장장치 제조업 외 1 종,031-377-0388
151,화성동탄일반산업단지,(주)진솔루션,경기도 화성시 동탄구 동탄산단7길 98-38 (방교동),27216 ， 29271,반도체 제조용 기계 제조업 외 1 종,031-371-8700
152,화성동탄일반산업단지,(주)진양MTS,경기도 화성시 동탄구 동탄산단9길 24 (방교동),18113 ， 18119,기타 인쇄업 외 1 종,031-378-7456
153,화성동탄일반산업단지,(주)찬구화학,"경기도 화성시 동탄구 동탄산단4길 9-3(방교동, (주)찬구화학, (주)신전)",26295 ， 26299,그 외 기타 전자부품 제조업 외 1 종,031-378-8652
154,화성동탄일반산업단지,(주)창공에프에이,"경기도 화성시 동탄구 동탄산단3길 20-13(방교동, (주)창공에프에이)",29280,산업용 로봇 제조업,031-298-2292
155,화성동탄일반산업단지,(주)케이랩,경기도 화성시 동탄구 동탄산단3길 20-19 (방교동),29271,반도체 제조용 기계 제조업,031-8059-6556
156,화성동탄일반산업단지,(주)케이에스티이   ,경기도 화성시 동탄구 동탄산단5길 10-38 (방교동),26299 ， 29271,반도체 제조용 기계 제조업 외 1 종,031-768-8847
157,화성동탄일반산업단지,(주)케이엘테크코퍼레이션,경기도 화성시 동탄구 동탄산단6길 53-27 (방교동),29271,반도체 제조용 기계 제조업,031-378-1050
158,화성동탄일반산업단지,(주)케이제이테크놀로지,경기도 화성시 동탄구 동탄산단7길 98-8(방교동),29294,주형 및 금형 제조업,031-221-2618
159,화성동탄일반산업단지,(주)케이피엠테크놀러지 ,경기도 화성시 동탄구 동탄산단7길 98-42 (방교동),29141,구름베어링 제조업,031-377-7830
160,화성동탄일반산업단지,(주)케이피텍,경기도 화성시 동탄구 동탄산단5길 10-25 (방교동),26299,그 외 기타 전자부품 제조업,031-377-3838
161,화성동탄일반산업단지,(주)코리아인스트루먼트,경기도 화성시 동탄구 동탄산단4길 9-29 (방교동),26295 ， 26299,그 외 기타 전자부품 제조업 외 1 종,031-375-5900
162,화성동탄일반산업단지,(주)코리아인스트루먼트,경기도 화성시 동탄구 동탄산단3길 20-17 (방교동),26299,그 외 기타 전자부품 제조업,031-375-5900
163,화성동탄일반산업단지,(주)코메코아이엔티,"경기도 화성시 동탄구 동탄산단2길 7-16(방교동, (주)코메코INT, (주)에스프라임)",26295 ， 26299,그 외 기타 전자부품 제조업 외 1 종,031-372-1791
164,화성동탄일반산업단지,(주)코스메디크 ,경기도 화성시 동탄구 동탄산단9길 9-7 (방교동),20423 ， 28519,기타 가정용 전기기기 제조업 외 1 종,02-569-8300
165,화성동탄일반산업단지,(주)코엔시스 ,경기도 화성시 동탄구 동탄산단6길 53-27 (방교동),28202,축전지 제조업,031-8055-7979
166,화성동탄일반산업단지,(주)코텍,경기도 화성시 동탄구 동탄산단5길 60 (방교동),22249,기타 기계.장비 조립용 플라스틱 제품 제조업,032-860-3000
167,화성동탄일반산업단지,(주)큐비콘,경기도 화성시 동탄구 동탄산단6길 59 (방교동),29222,디지털 적층 성형기계 제조업,070-5075-7871
168,화성동탄일반산업단지,(주)크레픽,경기도 화성시 동탄구 동탄산단9길 9-22 (방교동),29271,반도체 제조용 기계 제조업,031-371-3112
169,화성동탄일반산업단지,(주)키프코전자항공,경기도 화성시 동탄구 동탄기흥로 32-7(방교동),26410,유선 통신장비 제조업,070-5038-3953
170,화성동탄일반산업단지,(주)킨텍코리아,"경기도 화성시 동탄구 동탄산단7길 98-42, (동탄일반산업단지 32-4블록) (방교동)",22299 ， 29132,기체 펌프 및 압축기 제조업 외 1 종,031-377-7830
171,화성동탄일반산업단지,(주)킵코레이더,"경기도 화성시 동탄구 동탄기흥로 32-7, 2층 일부(방교동)",26429,기타 무선 통신장비 제조업,070-5038-3953
172,화성동탄일반산업단지,(주)태인에프앤씨 ,"경기도 화성시 동탄구 동탄산단5길 10-8, (방교리 797-10) (방교동)",29250,음ㆍ식료품 및 담배 가공기계 제조업,031-432-2041
173,화성동탄일반산업단지,(주)태형,경기도 화성시 동탄구 동탄산단5길 10-26(방교동),29271,반도체 제조용 기계 제조업,031-354-1813
174,화성동탄일반산업단지,(주)테라메카,"경기도 화성시 동탄구 동탄산단6길 53-20, (동탄일반산업단지 12-4블록) (방교동)",29271,반도체 제조용 기계 제조업,031-8015-5159
175,화성동탄일반산업단지,(주)테크윙,경기도 화성시 동탄구 동탄산단6길 37 (방교동),29271 ， 29272,반도체 제조용 기계 제조업 외 1 종,031-379-8000
176,화성동탄일반산업단지,(주)테크윙,경기도 화성시 동탄구 동탄산단8길 47 (방교동),29271 ， 29272,반도체 제조용 기계 제조업 외 1 종,031-379-8000
177,화성동탄일반산업단지,(주)투윈테크,경기도 화성시 동탄구 동탄산단2길 66 (방교동),29271,반도체 제조용 기계 제조업,031-262-6887
178,화성동탄일반산업단지,(주)트라코월드,경기도 화성시 동탄구 동탄산단7길 118 (방교동),29131,액체 펌프 제조업,02-2109-2452
179,화성동탄일반산업단지,(주)트리버스시스템,"경기도 화성시 동탄구 동탄산단6길 53-40, 1동(방교동)",29271,반도체 제조용 기계 제조업,031-378-1995
180,화성동탄일반산업단지,(주)트리즈엔지니어링,경기도 화성시 동탄구 동탄산단5길 10-12(방교동),27212 ， 28909 ， 29199,"전자기 측정, 시험 및 분석기구 제조업 외 2 종",031-8015-3432
181,화성동탄일반산업단지,(주)티베라,경기도 화성시 동탄구 동탄산단5길 54,26322 ， 26511,컴퓨터 모니터 제조업 외 1 종,
182,화성동탄일반산업단지,(주)티아이에스 ,경기도 화성시 동탄구 동탄산단6길 15-33(방교동),29271,반도체 제조용 기계 제조업,070-4230-5545
183,화성동탄일반산업단지,(주)티에스시,경기도 화성시 동탄구 동탄산단5길 10-34(방교동),29271,반도체 제조용 기계 제조업,031-213-8962
184,화성동탄일반산업단지,(주)티에스피글로벌,"경기도 화성시 동탄구 동탄산단10길 67, 2층 (방교동)",26111 ， 26112 ， 26321 ， 29271,반도체 제조용 기계 제조업 외 3 종,031-8015-5253
185,화성동탄일반산업단지,(주)파라이엔티,경기도 화성시 동탄구 동탄기흥로 64-14 (방교동),26295 ， 26299,그 외 기타 전자부품 제조업 외 1 종,031-831-8310
186,화성동탄일반산업단지,(주)페코텍,경기도 화성시 동탄구 동탄산단3길 20-19 (방교동),25911 ， 29280 ， 29294,산업용 로봇 제조업 외 2 종,02-2007-6016
187,화성동탄일반산업단지,(주)프로스코,"경기도 화성시 동탄구 동탄산단6길 15-28, (동탄일반산업단지 10-1블록) (방교동)",22241 ， 22249,운송장비 조립용 플라스틱제품 제조업 외 1 종,031-376-4327
188,화성동탄일반산업단지,(주)플렉스파워,경기도 화성시 동탄구 동부대로 792(방교동),28119,기타 전기 변환장치 제조업,031-378-8023
189,화성동탄일반산업단지,(주)하나로티앤에스,경기도 화성시 동탄구 동탄산단4길 37 (방교동) (주)하나로티엔에스,26295 ， 26299 ， 31312,그 외 기타 전자부품 제조업 외 2 종,031-377-0473
190,화성동탄일반산업단지,(주)하나티이씨,경기도 화성시 동탄구 동탄산단2길 7-22,26295 ， 26299,그 외 기타 전자부품 제조업 외 1 종,031-372-0700
191,화성동탄일반산업단지,(주)하이텍,경기도 화성시 동탄구 동탄산단4길 9-20(방교동),29272,디스플레이 제조용 기계 제조업,031-371-9400
192,화성동탄일반산업단지,(주)하이트로닉스 ,경기도 화성시 동탄구 동탄산단2길 7-22 (방교동),26299,그 외 기타 전자부품 제조업,031-378-7997
193,화성동탄일반산업단지,(주)한국산업모형,경기도 화성시 동탄구 동탄산단10길 46 (방교동),29172 ， 29222,공기 조화장치 제조업 외 1 종,031-8003-9696
194,화성동탄일반산업단지,(주)한성엔지니어링,경기도 화성시 동탄구 동탄산단8길 15-23 (방교동),28119 ， 28123,배전반 및 전기 자동제어반 제조업 외 1 종,031-216-2526
195,화성동탄일반산업단지,(주)한송M&T,"경기도 화성시 동탄구 동탄산단6길 15-12, (동탄일반산업단지 10-5블록) (방교동)",25929 ， 25934,톱 및 호환성 공구 제조업 외 1 종,031-419-4443
196,화성동탄일반산업단지,(주)한텍시스템,"경기도 화성시 동탄구 동탄산단6길 73, (동탄일반산업단지 12-9블록) (방교동)",29271,반도체 제조용 기계 제조업,031-357-9371
197,화성동탄일반산업단지,(주)해든,경기도 화성시 동탄구 동부대로 816 (방교동) 외 1필지,28422 ， 28423,일반용 전기 조명장치 제조업 외 1 종,031-375-8911
198,화성동탄일반산업단지,(주)호산기술,"경기도 화성시 동탄구 동탄산단5길 10-12(방교동, (주)호산기술)",29223,금속 절삭기계 제조업,031-376-1406
199,화성동탄일반산업단지,K.S테크,경기도 화성시 동탄구 동탄산단4길 9-30,26429,기타 무선 통신장비 제조업,031-373-0066
200,화성동탄일반산업단지,PLUS엔지니어링,경기도 화성시 동탄구 동탄산단8길 15-26 (방교동),18111 ， 29293,경 인쇄업 외 1 종,070-4277-8028
201,화성동탄일반산업단지,YK TEC,경기도 화성시 동탄구 동탄산단7길 6(방교동),25932,일반철물 제조업,031-377-2019
202,화성동탄일반산업단지,광흥에스피(주) ,경기도 화성시 동탄구 동탄산단6길 50 (방교동),29299,그 외 기타 특수목적용 기계 제조업,031-376-7683
203,화성동탄일반산업단지,광흥종합기계,경기도 화성시 동탄구 동탄산단6길 50 (방교동),29299,그 외 기타 특수목적용 기계 제조업,031-376-7683
204,화성동탄일반산업단지,금영산업,경기도 화성시 동탄구 동탄산단6길 53-24 (방교동),28512 ， 28519,가정용 전기 난방기기 제조업 외 1 종,031-296-9255
205,화성동탄일반산업단지,금호전기 주식회사,경기도 화성시 동탄구 동탄산단6길 67 (방교동),28410 ， 28422,전구 및 램프 제조업 외 1 종,ARS-1566-2718
206,화성동탄일반산업단지,나노세미콘(주),경기도 화성시 동탄구 동탄산단6길 53-24 (방교동),29271,반도체 제조용 기계 제조업,031-205-9908
207,화성동탄일반산업단지,네오텍,경기도 화성시 동탄구 동탄산단7길 98-6 (방교동),29294,주형 및 금형 제조업,031-695-7671
208,화성동탄일반산업단지,넥스타테크놀로지(주),경기도 화성시 동탄구 동탄면 동탄산단6길 53-31 (방교동),26410 ， 29271 ， 29272,반도체 제조용 기계 제조업 외 2 종,031-372-3046
209,화성동탄일반산업단지,다산엔지니어링,경기도 화성시 동탄구 동탄산단2길 58 (방교동),29261 ， 29299,그 외 기타 특수목적용 기계 제조업 외 1 종,031-235-3936
210,화성동탄일반산업단지,대한고열공업(주),"경기도 화성시 동탄구 동탄산단6길 15-37(방교동, 대한고열공업(주))",29150 ， 29171,"산업용 오븐, 노 및 노용 버너 제조업 외 1 종",031-377-2542
211,화성동탄일반산업단지,대형정밀(주),경기도 화성시 동탄구 동탄산단2길 61 (방교동),26224,전자부품 실장기판 제조업,031-375-4975
212,화성동탄일반산업단지,대흥사,경기도 화성시 동탄구 동탄산단2길 37 (방교동),27211,"레이더, 항행용 무선기기 및 측량기구 제조업",031-499-3458
213,화성동탄일반산업단지,동양엔지니어링,경기도 화성시 동탄구 동탄산단8길 41 (방교동),30399,그 외 자동차용 신품 부품 제조업,031-376-8882
214,화성동탄일반산업단지,동우씨엔피 주식회사,경기도 화성시 동탄구 동탄산단9길 21 (방교동),28112,변압기 제조업,031-831-3961
215,화성동탄일반산업단지,두타아이티 주식회사 ,경기도 화성시 동탄구 동탄산단9길 17 (방교동),29271,반도체 제조용 기계 제조업,031-378-1700
216,화성동탄일반산업단지,디앤에스아이홀딩스(주),경기도 화성시 동탄구 동탄산단9길 23-7 (방교동),68112,비주거용 건물 임대업,070-4911-7610
217,화성동탄일반산업단지,디에스아이테크,경기도 화성시 동탄구 동탄산단5길 10-20 (방교동),29271,반도체 제조용 기계 제조업,031-352-9355
218,화성동탄일반산업단지,디엠디스플레이(주),"경기도 화성시 동탄구 동탄산단4길 27(방교동, DM 디스플레이(주))",26211,액정 표시장치 제조업,031-375-1859
219,화성동탄일반산업단지,란테크(주),경기도 화성시 동탄구 동탄산단4길 9-30 (방교동),26429,기타 무선 통신장비 제조업,031-377-9664
220,화성동탄일반산업단지,레이저쎌(주),경기도 화성시 동탄구 동탄산단4길 9-9 (방교동),29271,반도체 제조용 기계 제조업,031-8060-3226
221,화성동탄일반산업단지,멜콘(주),경기도 화성시 동탄구 동탄산단9길 9-15 (방교동),29172,공기 조화장치 제조업,031-737-9811
222,화성동탄일반산업단지,미르호(주),경기도 화성시 동탄구 동탄산단2길 17 (방교동),26211 ， 29223,액정 표시장치 제조업 외 1 종,031-206-5451
223,화성동탄일반산업단지,브라운앤드왓슨인터내셔널(유),경기도 화성시 동탄구 동탄산단9길 23-7 (방교동),28421,운송장비용 조명장치 제조업,02-1670-4813
224,화성동탄일반산업단지,삼성기전(주),경기도 화성시 동탄구 동탄면 826-1번지 (동탄일반산업단지 3-1블록),28123,배전반 및 전기 자동제어반 제조업,031-366-4588
225,화성동탄일반산업단지,삼영씨티(주),"경기도 화성시 동탄구 동탄기흥로 19(방교동, (주)리텍)",25911 ， 25934,톱 및 호환성 공구 제조업 외 1 종,02-896-4317
226,화성동탄일반산업단지,삼우정공,경기도 화성시 동탄구 동탄산단6길 3 (방교동),29221 ， 29222 ， 29223 ， 29224 ， 29271,금속 절삭기계 제조업 외 4 종,031-665-2867
227,화성동탄일반산업단지,새한프라스틱,경기도 화성시 동탄구 동탄기흥로 107 (방교동),22232 ， 29294,포장용 플라스틱 성형용기 제조업 외 1 종,031-376-4615
228,화성동탄일반산업단지,서원조명공업(주),"경기도 화성시 동탄구 동부대로 822, (동탄일반산업단지 3-2블록) (방교동)",28422,일반용 전기 조명장치 제조업,031-0377-0058
229,화성동탄일반산업단지,서진산업,경기도 화성시 동탄구 동탄산단5길 60 (방교동),30391 ， 30392 ， 30399 ， 30400,그 외 자동차용 신품 부품 제조업 외 3 종,031-377-6181
230,화성동탄일반산업단지,성복산업,"경기도 화성시 동탄구 동탄산단6길 88(방교동, 성복산업)",29271,반도체 제조용 기계 제조업,031-378-0345
231,화성동탄일반산업단지,성신이엔지,"경기도 화성시 동탄구 동탄산단6길 67(방교동, 성신이엔지)",29271,반도체 제조용 기계 제조업,031-377-9950
232,화성동탄일반산업단지,성원정밀,경기도 화성시 동탄구 동탄산단7길 10(방교동),25924,절삭가공 및 유사처리업,031-373-8392
233,화성동탄일반산업단지,세흥 지이티이에스(주),경기도 화성시 동탄구 동탄면 0번지 동탄일반산업단지 12-5블럭,29294,주형 및 금형 제조업,
234,화성동탄일반산업단지,세흥지이티이에스(주),경기도 화성시 동탄구 동탄산단7길 98-10 (방교동),29294,주형 및 금형 제조업,031-372-8749
235,화성동탄일반산업단지,솔바이더,"경기도 화성시 동탄구 동탄산단6길 67(방교동, 성신이엔지)",29271,반도체 제조용 기계 제조업,031-376-2680
236,화성동탄일반산업단지,솔테크놀로지(주),경기도 화성시 동탄구 동탄산단5길 14 (방교동) 솔테크놀로지(주),68112,비주거용 건물 임대업,031-336-1170
237,화성동탄일반산업단지,수성지엔(주) ,경기도 화성시 동탄구 동탄산단9길 9-7 (방교동),29272 ， 29299,디스플레이 제조용 기계 제조업 외 1 종,031-377-7850
238,화성동탄일반산업단지,스카니아코리아그룹(주),경기도 화성시 동탄구 동탄면 831-4번지,29241 ， 30122,건설 및 채광용 기계장비 제조업 외 1 종,02-3218-0808
239,화성동탄일반산업단지,신오금형,경기도 화성시 동탄구 동탄산단6길 66 (방교동),29294,주형 및 금형 제조업,031-377-6411
240,화성동탄일반산업단지,신흥유니솔루션(주),경기도 화성시 동탄구 동탄산단2길 7-8 (방교동),28202,축전지 제조업,031-378-8141
241,화성동탄일반산업단지,아레이몬드 유한회사 ,경기도 화성시 동탄구 동탄기흥로 121 (방교동),22299,그 외 기타 플라스틱 제품 제조업,070-5055-5000
242,화성동탄일반산업단지,아리공구,"경기도 화성시 동탄구 동탄산단5길 30, (동탄일반산업단지 7-8블록) (방교동)",25934,톱 및 호환성 공구 제조업,031-377-0935
243,화성동탄일반산업단지,아이텍(주),"경기도 화성시 동탄구 동탄산단4길 9-15(방교동, 아이텍반도체(주))",26111 ， 26112,메모리용 전자집적회로 제조업 외 1 종,031-8077-1620
244,화성동탄일반산업단지,알프스,"경기도 화성시 동탄구 동탄산단7길 98-31, 3층(방교동)",26223,연성 및 기타 인쇄회로기판 제조업,070-4006-5200
245,화성동탄일반산업단지,어플라이드 머티어리얼즈 코리아(주),경기도 화성시 동탄구 동탄산단3길 10(방교동),26111,메모리용 전자집적회로 제조업,031-724-7000
246,화성동탄일반산업단지,에스에스아이,경기도 화성시 동탄구 동탄산단6길 53-23 (방교동),29271,반도체 제조용 기계 제조업,031-618-9196
247,화성동탄일반산업단지,에이티시스템(주),경기도 화성시 동탄구 동탄산단7길 98-27 (방교동),29272,디스플레이 제조용 기계 제조업,031-898-9375
248,화성동탄일반산업단지,에이피에스,경기도 화성시 동탄구 방교동 712-133번지,29271,반도체 제조용 기계 제조업,031-375-9830
249,화성동탄일반산업단지,에이피에스리서치(주),경기도 화성시 동탄구 동탄산단9길 23-12 (방교동),29271,반도체 제조용 기계 제조업,031-776-1800
250,화성동탄일반산업단지,엘씨스퀘어(주),경기도 화성시 동탄구 동탄산단6길 80 (방교동),26121,발광 다이오드 제조업,031-378-9670
251,화성동탄일반산업단지,엘토로,경기도 화성시 동탄구 동탄산단6길 15-20 (방교동) 4층,30332,자동차용 신품 전기장치 제조업,
252,화성동탄일반산업단지,엠에스피씨코리아유한회사,"경기도 화성시 동탄구 동탄산단10길 72, 동탄일반산업단지 25-1블록 (방교동)",29271,반도체 제조용 기계 제조업,031-354-9930
253,화성동탄일반산업단지,엠플러스,경기도 화성시 동탄구 동탄기흥로 64-14(방교동),26224,전자부품 실장기판 제조업,031-378-0933
254,화성동탄일반산업단지,연우정밀,경기도 화성시 동탄구 동탄산단3길 20-7 (방교동) 연우정밀,25995 ， 25999,그 외 기타 분류 안된 금속 가공 제품 제조업 외 1 종,031-375-4394
255,화성동탄일반산업단지,연우정밀(주),경기도 화성시 동탄구 동탄산단3길 20-7 (방교동) 연우정밀,25999,그 외 기타 분류 안된 금속 가공 제품 제조업,031-375-4394
256,화성동탄일반산업단지,와이지다이아몬드,경기도 화성시 동탄구 동탄산단3길 20-17 (방교동),25934,톱 및 호환성 공구 제조업,031-377-0700
257,화성동탄일반산업단지,워트(주),경기도 화성시 동탄구 동탄산단10길 53-15 (방교동),29271,반도체 제조용 기계 제조업,031-8047-8601
258,화성동탄일반산업단지,유비파워,경기도 화성시 동탄구 동탄산단2길 7-8 (방교동),26224,전자부품 실장기판 제조업,031-376-2407
259,화성동탄일반산업단지,이레산업기계,"경기도 화성시 동탄구 동탄산단6길 61(방교동, 이레산업기계)",29163 ， 29169,컨베이어장치 제조업 외 1 종,
260,화성동탄일반산업단지,이레이엔지 주식회사,경기도 화성시 동탄구 동탄산단6길 64 (방교동) (주)영테크,25999 ， 29271,그 외 기타 분류 안된 금속 가공 제품 제조업 외 1 종,031-377-6360
261,화성동탄일반산업단지,이룸기술(주),"경기도 화성시 동탄구 동탄산단5길 10-38, (동탄일반산업단지 8-1블록) (방교동)",29162 ， 29174 ， 29175,기체 여과기 제조업 외 2 종,031-373-4721
262,화성동탄일반산업단지,이화다이아몬드공업(주),경기도 화성시 동탄구 동탄면 동탄산단3길 10 (방교동),25934,톱 및 호환성 공구 제조업,031-370-9000
263,화성동탄일반산업단지,장수정밀,"경기도 화성시 동탄구 동탄산단7길 136, 동탄일반산업단지 32-1블럭 (방교동)",29294,주형 및 금형 제조업,031-373-8743
264,화성동탄일반산업단지,정온산업,경기도 화성시 동탄구 동탄산단7길 98-7(방교동),29162,승강기 제조업,031-293-8003
265,화성동탄일반산업단지,제이엠아이(주),경기도 화성시 동탄구 동탄산단8길 15-20 (방교동),18113 ， 18119 ， 18200 ， 20422 ， 22231 ， 26410 ， 26429,기타 인쇄업 외 6 종,031-371-9170
266,화성동탄일반산업단지,제일이엔지,경기도 화성시 동탄구 동탄산단4길 9-20(방교동),26600,마그네틱 및 광학 매체 제조업,031-374-1850
267,화성동탄일반산업단지,주식회사 렘퍼스 ,경기도 화성시 동탄구 동탄기흥로 61 (방교동),26299,그 외 기타 전자부품 제조업,031-831-8130
268,화성동탄일반산업단지,주식회사 시노펙스바이오필터,경기도 화성시 동탄구 동탄산단7길 104 (방교동),29176 ， 29199,그 외 기타 일반목적용 기계 제조업 외 1 종,070-7492-2032
269,화성동탄일반산업단지,주식회사 쓰리디엠,경기도 화성시 동탄구 동탄산단6길 53-16(방교동),29271,반도체 제조용 기계 제조업,031-378-1878
270,화성동탄일반산업단지,주식회사 알프스,경기도 화성시 동탄구 동탄산단7길 98-31 (방교동) 3층,26223,연성 및 기타 인쇄회로기판 제조업,070-4118-5848
271,화성동탄일반산업단지,주식회사 이솔 ,경기도 화성시 동탄구 동탄산단10길 45 (방교동),26295 ， 26299 ， 29271,반도체 제조용 기계 제조업 외 2 종,031-5183-0800
272,화성동탄일반산업단지,주식회사 일산,경기도 화성시 동탄구 동탄산단6길 53-14 (방교동),29271,반도체 제조용 기계 제조업,031-373-6909
273,화성동탄일반산업단지,주식회사 피케이아이,경기도 화성시 동탄구 동탄산단10길 67 (방교동),29271,반도체 제조용 기계 제조업,031-378-7590
274,화성동탄일반산업단지,지에이에셋코리아(주),경기도 화성시 동탄구 송동 507번지,26329 ， 26410,유선 통신장비 제조업 외 1 종,
275,화성동탄일반산업단지,지이티시스템(주),경기도 화성시 동탄구 동탄산단8길 15-15 (방교동),28123,배전반 및 전기 자동제어반 제조업,054-465-2304
276,화성동탄일반산업단지,진성정밀,경기도 화성시 동탄구 동부대로 778(방교동),29271,반도체 제조용 기계 제조업,031-378-0880
277,화성동탄일반산업단지,천공도크(주),경기도 화성시 동탄구 동탄기흥로 61 (방교동),25999,그 외 기타 분류 안된 금속 가공 제품 제조업,031-356-2142
278,화성동탄일반산업단지,청송테크노,"경기도 화성시 동탄구 동탄산단6길 60(방교동, 청송테크노)",29261 ， 29294 ， 29299,주형 및 금형 제조업 외 2 종,031-377-3860
279,화성동탄일반산업단지,카츠라기코리아(주),"경기도 화성시 동탄구 동탄산단2길 32, 동탄일반산업단지 24-10블록 (방교동)",29175,액체 여과기 제조업,
280,화성동탄일반산업단지,칸트론(주),경기도 화성시 동탄구 동탄산단4길 9-9 (방교동),21300 ， 26295 ， 26299 ， 26429 ， 27199 ， 27212 ， 27301 ， 27309 ， 28410 ， 29294 ， 29299,그 외 기타 전자부품 제조업 외 10 종,070-4420-5115
281,화성동탄일반산업단지,컴테크써지(주),"경기도 화성시 동탄구 동탄산단4길 9-25, (동탄일반산업단지 16-3블록) (방교동)",26292,전자저항기 제조업,031-376-4551
282,화성동탄일반산업단지,코닉오토메이션(주),"경기도 화성시 동탄구 동탄산단9길 23-12, 8층(방교동)",29280,산업용 로봇 제조업,031-831-4412
283,화성동탄일반산업단지,크레플(주),경기도 화성시 동탄구 동탄기흥로 64-17 (방교동),29199 ， 29299,그 외 기타 일반목적용 기계 제조업 외 1 종,031-709-0900
284,화성동탄일반산업단지,타임프로토,"경기도 화성시 동탄구 동탄산단5길 10-23(방교동, 타임프로토(주))",22241 ， 22249,운송장비 조립용 플라스틱제품 제조업 외 1 종,
285,화성동탄일반산업단지,태양정밀,"경기도 화성시 동탄구 동탄산단3길 20-11(방교동, 태양정밀)",25995 ， 25999,그 외 기타 분류 안된 금속 가공 제품 제조업 외 1 종,031-374-5536
286,화성동탄일반산업단지,투스템(주),경기도 화성시 동탄구 동탄산단6길 76 (방교동),28121,"전기회로 개폐, 보호장치 제조업",031-418-3282
287,화성동탄일반산업단지,파이니스트(주),"경기도 화성시 동탄구 동탄산단7길 26(방교동, 파이니스트(주))",25130,핵반응기 및 증기보일러 제조업,031-8059-7693
288,화성동탄일반산업단지,팸텍(주),경기도 화성시 동탄구 동탄산단9길 9-22 (방교동),29271,반도체 제조용 기계 제조업,031-371-3100
289,화성동탄일반산업단지,팸텍(주),경기도 화성시 동탄구 동탄산단6길 15-33(방교동),29271,반도체 제조용 기계 제조업,031-371-3100
290,화성동탄일반산업단지,하나산업(주),경기도 화성시 동탄구 동탄기흥로 64-18 (방교동),26295 ， 26299,그 외 기타 전자부품 제조업 외 1 종,031-372-0044
291,화성동탄일반산업단지,하나산업(주),"경기도 화성시 동탄구 동탄산단7길 14,  (동탄일반산업단지 6-2블록) (방교동)",25121,산업용 난방보일러 및 방열기 제조업,031-373-2012
292,화성동탄일반산업단지,하나엘티(주) ,"경기도 화성시 동탄구 동탄산단2길 40, 동탄일반산업단지 24-9블록 (방교동)",25111 ， 29199,그 외 기타 일반목적용 기계 제조업 외 1 종,043-882-3990
293,화성동탄일반산업단지,하이리움산업(주) ,경기도 화성시 동탄구 동탄산단2길 40 (방교동),29299,그 외 기타 특수목적용 기계 제조업,070-8233-6009
294,화성동탄일반산업단지,하이리움에너지(주) ,경기도 화성시 동탄구 동탄산단2길 40 (방교동),29299,그 외 기타 특수목적용 기계 제조업,02-1670-0609
295,화성동탄일반산업단지,한국야마자키마작(주),"경기도 화성시 동탄구 동탄산단6길 46(방교동, 한국야마자키마작(주))",29223,금속 절삭기계 제조업,031-376-6052
296,화성동탄일반산업단지,한솔아이원스(주),경기도 화성시 동탄구 동탄산단7길 7 (방교동),29271,반도체 제조용 기계 제조업,031-238-7785
297,화성동탄일반산업단지,한양몰드(주),경기도 화성시 동탄구 동탄기흥로 105 (방교동),29294,주형 및 금형 제조업,031-378-8100
298,화성동탄일반산업단지,한양엠텍(주),경기도 화성시 동탄구 동탄산단5길 10-30 (방교동),29294,주형 및 금형 제조업,031-376-9603
299,화성동탄일반산업단지,한양정공,"경기도 화성시 동탄구 동탄산단5길 10-31, 한양정공(방교동)",29294,주형 및 금형 제조업,
300,화성동탄일반산업단지,한일프라콘(주) 동탄공장,"경기도 화성시 동탄구 동탄산단6길 15-24(방교동, 한일프라콘(주) 동탄공장)",22232,포장용 플라스틱 성형용기 제조업,031-376-7136
301,화성동탄일반산업단지,한화컨버전스(주),경기도 화성시 동탄구 동탄산단4길 9-10 (방교동),26410,유선 통신장비 제조업,031-378-9731
302,화성동탄일반산업단지,황제프리시젼(유),"경기도 화성시 동탄구 동탄산단5길 34, (동탄일반산업단지 7-7블록) (방교동)",27191,치과용 기기 제조업,031-376-0982
303,화성마도일반산업단지,(주)가야 ,경기도 화성시 만세구 마도면 마도공단로4길 5,26224 ， 26295 ， 26299 ， 28512 ， 28520 ， 29171 ， 29172 ， 29174,전자부품 실장기판 제조업 외 7 종,031-356-6481
304,화성마도일반산업단지,(주)경민,경기도 화성시 만세구 마도면 마도공단로1길 256,25941 ， 25942 ， 25999,볼트 및 너트류 제조업 외 2 종,031-357-8351
305,화성마도일반산업단지,(주)경인엠제이시스템,"경기도 화성시 만세구 마도면 마도공단로4길 38, 마도지방산업단지 7블럭 4롯트",68112,비주거용 건물 임대업,031-433-0290
306,화성마도일반산업단지,(주)그라코머시너리,경기도 화성시 만세구 마도면 마도공단로5길 32,29293,인쇄 및 제책용 기계 제조업,031-357-4303
307,화성마도일반산업단지,(주)그린알텍,경기도 화성시 만세구 마도면 마도공단로5길 54,24222,"알루미늄 압연, 압출 및 연신제품 제조업",031-357-7916
308,화성마도일반산업단지,(주)근영,경기도 화성시 만세구 마도면 마도공단로4길 46-19 (만세구 마도면),29294,주형 및 금형 제조업,031-355-7701
309,화성마도일반산업단지,(주)글로벌플랜트,"경기도 화성시 만세구 마도면 마도공단로6길 46-10, 마도지방산업단지 13블럭 10롯트",25122 ， 25123,금속탱크 및 저장용기 제조업 외 1 종,031-357-9841
310,화성마도일반산업단지,(주)네오엔텍,경기도 화성시 만세구 마도면 마도공단로1길 206,25999 ， 28123,그 외 기타 분류 안된 금속 가공 제품 제조업 외 1 종,070-4442-6592
311,화성마도일반산업단지,(주)다산솔루에타,경기도 화성시 만세구 마도면 마도공단로 339,25922 ， 25923 ， 26295 ， 26299,도금업 외 3 종,031-508-2655
312,화성마도일반산업단지,(주)다산카이스,경기도 화성시 만세구 마도면 마도공단로 339,25999 ， 28901,그 외 기타 분류 안된 금속 가공 제품 제조업 외 1 종,070-4900-0539
313,화성마도일반산업단지,(주)다우산,"경기도 화성시 만세구 마도면 마도공단로 332-13, 마도지방산업단지 16블럭 4롯트",25912 ， 30320 ， 30400,금속 단조제품 제조업 외 2 종,031-366-8550
314,화성마도일반산업단지,(주)다우산,"경기도 화성시 만세구 마도면 마도공단로6길 24-5, 마도산업단지 13-3블럭",25913 ， 25914 ， 30320 ， 30400,자동차용 금속 압형제품 제조업 외 3 종,031-366-8550
315,화성마도일반산업단지,(주)대화알로이테크,경기도 화성시 만세구 마도면 마도공단로6길 11 (만세구 마도면),29261 ， 29299,그 외 기타 특수목적용 기계 제조업 외 1 종,031-355-7347
316,화성마도일반산업단지,(주)동우파워텍,경기도 화성시 만세구 마도면 쌍송리 마도지방산업단지 10블럭 4롯트,28123,배전반 및 전기 자동제어반 제조업,031-366-9017
317,화성마도일반산업단지,(주)드림스틸,경기도 화성시 만세구 마도면 마도공단로 343,25921 ， 25929,금속 열처리업 외 1 종,031-357-0674
318,화성마도일반산업단지,(주)디케이 ,경기도 화성시 만세구 마도면 마도공단로 332-22,25929 ， 25999,그 외 기타 금속가공업 외 1 종,031-434-3136
319,화성마도일반산업단지,(주)레드원 제2공장,경기도 화성시 만세구 마도면 마도공단로4길 24-10,29174,기체 여과기 제조업,031-358-9856
320,화성마도일반산업단지,(주)명진강업,경기도 화성시 만세구 마도면 쌍송리 674번지 마도지방산업단지 7블럭 1롯트,68112,비주거용 건물 임대업,02-2676-5533
321,화성마도일반산업단지,(주)문고리닷컴 ,경기도 화성시 만세구 마도면 마도공단로5길 46-13 외 1필지,29229,기타 가공 공작기계 제조업,070-4439-9566
322,화성마도일반산업단지,(주)미래코리아 화성공장,경기도 화성시 만세구 마도면 마도공단로5길 54,68112,비주거용 건물 임대업,034-357-7916
323,화성마도일반산업단지,(주)미호이.엔.씨,경기도 화성시 만세구 마도면 쌍송리 672-1번지,29172,공기 조화장치 제조업,
324,화성마도일반산업단지,(주)비상이노텍,"경기도 화성시 만세구 마도면 마도공단로1길 256, 2공장",25924,절삭가공 및 유사처리업,
325,화성마도일반산업단지,(주)삼강비앤씨,경기도 화성시 만세구 마도면 마도공단로1길 242,25122,금속탱크 및 저장용기 제조업,031-355-1350
326,화성마도일반산업단지,(주)삼주,"경기도 화성시 만세구 마도면 마도공단로1길 148, 마도지방산업단지 14-8블럭",25921,금속 열처리업,031-355-3284
327,화성마도일반산업단지,(주)서원 화성공장,"경기도 화성시 만세구 마도면 마도공단로4길 35, 마도지방산업단지 4블럭 3롯트",24211,"동 제련, 정련 및 합금 제조업",031-355-9591
328,화성마도일반산업단지,(주)서진경금속,경기도 화성시 만세구 마도면 마도공단로2길 46-9,24222,"알루미늄 압연, 압출 및 연신제품 제조업",031-8059-4000
329,화성마도일반산업단지,(주)설악전기 ,경기도 화성시 만세구 마도면 마도공단로1길 206,25929 ， 28123,그 외 기타 금속가공업 외 1 종,031-356-4134
330,화성마도일반산업단지,(주)성실엔지니어링,"경기도 화성시 만세구 마도면 마도공단로4길 54, 마도지방산업단지 8B-5L",25113 ， 25114 ， 29222 ， 29224,육상 금속 골조 구조재 제조업 외 3 종,031-357-0780
331,화성마도일반산업단지,(주)성실엔지니어링,경기도 화성시 만세구 마도면 마도공단로4길 59,24222 ， 25113 ， 25114,육상 금속 골조 구조재 제조업 외 2 종,031-357-0780
332,화성마도일반산업단지,(주)성실엠와이,경기도 화성시 만세구 마도면 마도공단로4길 54,24222 ， 25113 ， 25114 ， 29224,금속 성형기계 제조업 외 3 종,031-355-6370
333,화성마도일반산업단지,(주)성일금속,경기도 화성시 만세구 마도면 마도공단로 361,24290 ， 25921 ， 25922,도금업 외 2 종,031-355-2702
334,화성마도일반산업단지,(주)세아그린텍,"경기도 화성시 만세구 마도면 마도공단로4길 46-12, 마도지방산업단지 7-3블럭",68112,비주거용 건물 임대업,031-356-3644
335,화성마도일반산업단지,(주)승신,"경기도 화성시 만세구 마도면 마도공단로5길 46-4, 10B 6L",29261 ， 29299 ， 30201 ， 30202,차체 및 특장차 제조업 외 3 종,031-357-6711
336,화성마도일반산업단지,(주)신아인더스트리,경기도 화성시 만세구 마도면 마도공단로4길 48,29150,"산업용 오븐, 노 및 노용 버너 제조업",031-433-0181
337,화성마도일반산업단지,(주)아이에스오토 화성지점,"경기도 화성시 만세구 마도면 마도공단로2길 24-6, 3블럭9롯트",30320 ， 30400,자동차 차체용 신품 부품 제조업 외 1 종,031-356-6126
338,화성마도일반산업단지,(주)아이엠첨단소재,경기도 화성시 만세구 마도면 마도공단로4길 38,29272,디스플레이 제조용 기계 제조업,031-8047-9952
339,화성마도일반산업단지,(주)아템,"경기도 화성시 만세구 마도면 마도공단로 343, 마도지방산업단지 13-6(B/L)",29222 ， 29224,디지털 적층 성형기계 제조업 외 1 종,031-356-7120
340,화성마도일반산업단지,(주)에스에스에코텍,"경기도 화성시 만세구 마도면 마도공단로5길 48, 마도지방산업단지 11블록6롯트",25111 ， 29131 ， 29132 ， 29133 ， 29161 ， 29163 ， 29169 ， 29174 ， 29175 ， 29176 ， 29199 ， 29210 ， 29261 ， 29299,액체 여과기 제조업 외 13 종,031-427-9550
341,화성마도일반산업단지,(주)에스엔디코퍼레이션,"경기도 화성시 만세구 마도면 마도공단로 332-22, 마도일반산업단지 15-7블럭",25924 ， 29176 ， 29199 ， 29261 ， 29299,절삭가공 및 유사처리업 외 4 종,031-831-5783
342,화성마도일반산업단지,(주)에이디엠,"경기도 화성시 만세구 마도면 마도공단로5길 32, (마도일반산업단지 10-9블록)",25924,절삭가공 및 유사처리업,031-366-9015
343,화성마도일반산업단지,(주)에이스정공,경기도 화성시 만세구 마도면 쌍송리 마도지방산업단지 8블럭9롯트,29176 ， 29199,그 외 기타 일반목적용 기계 제조업 외 1 종,031-356-8445
344,화성마도일반산업단지,(주)에치케이씨,"경기도 화성시 만세구 마도면 마도공단로5길 4, (마도지방산업단지 9-3)",29133 ， 30310 ， 30331,"탭, 밸브 및 유사장치 제조업 외 2 종",031-488-8266
345,화성마도일반산업단지,(주)엔원테크,경기도 화성시 만세구 마도면 마도공단로6길 46-10,24290 ， 25122 ， 29271,금속탱크 및 저장용기 제조업 외 2 종,031-362-4310
346,화성마도일반산업단지,(주)영동,경기도 화성시 만세구 마도면 마도공단로2길 28,24191 ， 25921 ， 25922 ， 25923 ， 25929,"도금, 착색 및 기타 표면처리강재 제조업 외 4 종",031-357-5020
347,화성마도일반산업단지,(주)영산볼트,경기도 화성시 만세구 마도면 마도공단로 354-12,25912 ， 25941 ， 25942 ， 25999 ， 29223 ， 29224 ， 35114,볼트 및 너트류 제조업 외 6 종,031-495-7890
348,화성마도일반산업단지,(주)영신금속,"경기도 화성시 만세구 마도면 마도공단로 350, 마도지방산업단지 16블록 10롯트",25113 ， 25114 ， 25922,육상 금속 골조 구조재 제조업 외 2 종,031-366-9779
349,화성마도일반산업단지,(주)오티사이언스,경기도 화성시 만세구 마도면 마도공단로2길 32,24219 ， 26295 ， 26299,"기타 비철금속 제련, 정련 및 합금 제조업 외 2 종",031-355-9121
350,화성마도일반산업단지,(주)우리기술,"경기도 화성시 만세구 마도면 마도공단로1길 32, 마도지방산업단지 2-5블럭",25913 ， 25914 ， 29294,주형 및 금형 제조업 외 2 종,031-434-2604
351,화성마도일반산업단지,(주)우성에이디엠,경기도 화성시 만세구 마도면 쌍송리 666번지 마도지방산업단지 4블럭 1롯트,24321,알루미늄주물 주조업,031-357-0091
352,화성마도일반산업단지,(주)우진에어텍,경기도 화성시 만세구 마도면 마도공단로 356,25112,구조용 금속 판제품 및 공작물 제조업,031-433-2757
353,화성마도일반산업단지,(주)유림건드릴,"경기도 화성시 만세구 마도면 마도공단로4길 46-21, (쌍송리 675-10번지, 마도일반산업단지 8-1블록)",29223,금속 절삭기계 제조업,031-319-9082
354,화성마도일반산업단지,(주)유진이엔티,"경기도 화성시 만세구 마도면 마도공단로5길 30, 677-3번지(마도일반산업단지 10-10블럭)",29171,산업용 냉장 및 냉동 장비 제조업,031-355-5841
355,화성마도일반산업단지,(주)육인테크,"경기도 화성시 만세구 마도면 마도공단로2길 40, 마도일반산업단지 4-10블럭",24123,철강선 제조업,031-356-8800
356,화성마도일반산업단지,(주)이누테크,경기도 화성시 만세구 마도면 마도공단로5길 53,29224,금속 성형기계 제조업,031-3552-2961
357,화성마도일반산업단지,(주)이앤에프(ENF),"경기도 화성시 만세구 마도면 마도공단로1길 28, 마도지방산업단지 2-3블럭 ((주)하나이엠아이)",25921 ， 30331 ， 30400,자동차용 신품 동력전달장치 제조업 외 2 종,031-8055-0600
358,화성마도일반산업단지,(주)이엑스피 ,경기도 화성시 만세구 마도면 마도공단로4길 24-10,24222,"알루미늄 압연, 압출 및 연신제품 제조업",031-488-8376
359,화성마도일반산업단지,(주)이열보드,"경기도 화성시 만세구 마도면 마도공단로6길 46-10, 마도지방산업단지 13-10블럭",25111 ， 25112 ， 25113 ， 25114 ， 25119,"금속 문, 창, 셔터 및 관련제품 제조업 외 4 종",02-841-2980
360,화성마도일반산업단지,(주)전기로공업 ,경기도 화성시 만세구 마도면 마도공단로5길 46-18,29150,"산업용 오븐, 노 및 노용 버너 제조업",031-355-5357
361,화성마도일반산업단지,(주)정금형,"경기도 화성시 만세구 마도면 마도공단로1길 110, 마도지방산업단지 8-6블럭",29294,주형 및 금형 제조업,031-366-7946
362,화성마도일반산업단지,(주)제이아이엠티,경기도 화성시 만세구 마도면 마도공단로 347,25929,그 외 기타 금속가공업,
363,화성마도일반산업단지,(주)중앙하이프론 ,경기도 화성시 만세구 마도면 마도공단로 332-26,25122,금속탱크 및 저장용기 제조업,032-811-0114
364,화성마도일반산업단지,(주)지엠이노텍,"경기도 화성시 만세구 마도면 마도공단로2길 46-12, 마도지방산업4블럭5롯트",26295 ， 26299,그 외 기타 전자부품 제조업 외 1 종,031-357-9535
365,화성마도일반산업단지,(주)지엠이노텍,경기도 화성시 만세구 마도면 마도공단로2길 46-4,24290 ， 26299,기타 1차 비철금속 제조업 외 1 종,031-357-9535
366,화성마도일반산업단지,(주)진웅테크놀러지,"경기도 화성시 만세구 마도면 마도공단로5길 4, (마도지방산업단지 9-3)",29222 ， 29224,디지털 적층 성형기계 제조업 외 1 종,031-366-8611
367,화성마도일반산업단지,(주)진주메이트,경기도 화성시 만세구 마도면 마도공단로2길 45,30399,그 외 자동차용 신품 부품 제조업,031-494-1624
368,화성마도일반산업단지,(주)창대기업,경기도 화성시 만세구 마도면 마도공단로 355,25923,도장 및 기타 피막처리업,031-366-8477
369,화성마도일반산업단지,(주)켐프론테크 ,경기도 화성시 만세구 마도면 마도공단로 332-26,25122,금속탱크 및 저장용기 제조업,
370,화성마도일반산업단지,(주)코메트,"경기도 화성시 만세구 마도면 마도공단로6길 46-3, 마도지방산업단지 14-3블럭",25922 ， 26212 ， 26219,도금업 외 2 종,031-357-4871
371,화성마도일반산업단지,(주)태종,"경기도 화성시 만세구 마도면 마도공단로 356, 1동",25112 ， 25113 ， 29172,구조용 금속 판제품 및 공작물 제조업 외 2 종,031-355-5915
372,화성마도일반산업단지,(주)파라,"경기도 화성시 만세구 마도면 마도공단로1길 38, 마도지방산업단지 2블럭 10롯트",29175 ， 30391 ， 30392 ， 30399 ， 30400,그 외 자동차용 신품 부품 제조업 외 4 종,031-831-8770
373,화성마도일반산업단지,(주)포스젯한도,경기도 화성시 만세구 마도면 마도공단로5길 46-10 (만세구 마도면),29261 ， 29299,그 외 기타 특수목적용 기계 제조업 외 1 종,031-355-9222
374,화성마도일반산업단지,(주)포엔,경기도 화성시 만세구 마도면 마도공단로2길 24-16,26299,그 외 기타 전자부품 제조업,031-429-7139
375,화성마도일반산업단지,(주)하나이엠아이,"경기도 화성시 만세구 마도면 마도공단로1길 28, 마도지방산업단지 2-3블럭",30320 ， 30400,자동차 차체용 신품 부품 제조업 외 1 종,031-366-8000
376,화성마도일반산업단지,(주)한강엔지니어링,"경기도 화성시 만세구 마도면 마도공단로5길 46-14, 마도지방산업단지 10블록 8롯트",25122 ， 25123 ， 27213 ， 29261 ， 29299,그 외 기타 특수목적용 기계 제조업 외 4 종,031-355-8114
377,화성마도일반산업단지,(주)한성GT,경기도 화성시 만세구 마도면 쌍송리 375-4번지 외 1필지,68112,비주거용 건물 임대업,031-366-9500
378,화성마도일반산업단지,(주)해밀이엔지,경기도 화성시 만세구 마도면 마도공단로5길 26,29293,인쇄 및 제책용 기계 제조업,031-356-8359
379,화성마도일반산업단지,(주)화성비엔텍,경기도 화성시 만세구 마도면 마도공단로1길 206,25121,산업용 난방보일러 및 방열기 제조업,031-357-8493
380,화성마도일반산업단지,갈롤코리아(주),경기도 화성시 만세구 마도면 마도공단로 333 (만세구 마도면),25923,도장 및 기타 피막처리업,031-355-6173
381,화성마도일반산업단지,강원코일센타,경기도 화성시 만세구 마도면 마도공단로1길 70,24199,그 외 기타 1차 철강 제조업,031-358-2161
382,화성마도일반산업단지,경성,"경기도 화성시 만세구 마도면 마도공단로4길 46-20, 마도일반산업단지 7-2블록 ((주)금강기술)",25929,그 외 기타 금속가공업,031-356-5002
383,화성마도일반산업단지,경신테크,"경기도 화성시 만세구 마도면 마도공단로2길 19, 마도지방산업단지1블록-3",29163 ， 29169,컨베이어장치 제조업 외 1 종,031-355-9276
384,화성마도일반산업단지,고원테크,경기도 화성시 만세구 마도면 마도공단로5길 38,25929 ， 25995 ， 25999 ， 29176 ， 29199 ， 35114,그 외 기타 일반목적용 기계 제조업 외 5 종,031-357-8222
385,화성마도일반산업단지,규원산업(주),경기도 화성시 만세구 마도면 마도공단로 339,25122 ， 26299 ， 28111 ， 29132,금속탱크 및 저장용기 제조업 외 3 종,031-366-0471
386,화성마도일반산업단지,금강변압기,경기도 화성시 만세구 마도면 마도공단로1길 214,28112 ， 28121 ， 28122,변압기 제조업 외 2 종,031-356-1152
387,화성마도일반산업단지,금강산업기계,경기도 화성시 만세구 마도면 마도공단로 332-9,25924,절삭가공 및 유사처리업,031-355-3786
388,화성마도일반산업단지,금풍산업,경기도 화성시 만세구 마도면 쌍송리 667-7번지 마도지방산업단지 4-9블럭,24290 ， 25932,기타 1차 비철금속 제조업 외 1 종,031-355-9337
389,화성마도일반산업단지,대경에스코(주),경기도 화성시 만세구 마도면 쌍송리 마도지방산업단지 9블럭 7롯트,,,032-817-5100
390,화성마도일반산업단지,대광산업기계(주),"경기도 화성시 만세구 마도면 마도공단로4길 48, 마도일반산업단지 8-3블럭","25122, 25123",금속탱크 및 저장용기 제조업 외 1 종,031-357-5907
391,화성마도일반산업단지,대명기업,"경기도 화성시 만세구 마도면 마도공단로 354-15, 마도지방산업단지 17블럭 4롯트","25113, 25114",육상 금속 골조 구조재 제조업 외 1 종,031-357-7697
392,화성마도일반산업단지,대성금속 ,경기도 화성시 만세구 마도면 마도공단로5길 17,29133,"탭, 밸브 및 유사장치 제조업",031-356-7138
393,화성마도일반산업단지,대성정공 ,경기도 화성시 만세구 마도면 마도공단로4길 46-15,29133,"탭, 밸브 및 유사장치 제조업",02-894-8055
394,화성마도일반산업단지,대성테크,경기도 화성시 만세구 마도면 쌍송리 675-11 번지 8-2B/L,"24132, 24133",강관 제조업 외 1 종,
395,화성마도일반산업단지,대성화학기계,"경기도 화성시 만세구 마도면 마도공단로 354-18, 마도지방산업단지 16-6블럭","25119, 25122, 28909, 29175, 29230, 29242, 29292, 29299",기타 구조용 금속제품 제조업 외 7 종,031-355-6348
396,화성마도일반산업단지,대영산기,경기도 화성시 만세구 마도면 마도공단로 332-16,25999,그 외 기타 분류 안된 금속 가공 제품 제조업,031-366-9377
397,화성마도일반산업단지,대원정밀공업(주),"경기도 화성시 만세구 마도면 마도공단로4길 46-12, 마도지방산업단지 7-3블럭","29142, 29199, 30393",기어 및 동력전달장치 제조업 외 2 종,031-489-0719
398,화성마도일반산업단지,대유라디에터공업(주),"경기도 화성시 만세구 마도면 마도공단로5길 46-17, 일반산업단지 11-1",29176,"증류기, 열교환기 및 가스발생기 제조업",031-494-4411
399,화성마도일반산업단지,대진기업(주),경기도 화성시 만세구 마도면 마도공단로 346,"25113, 25114",육상 금속 골조 구조재 제조업 외 1 종,031-366-8240
400,화성마도일반산업단지,대진볼트공업(주),경기도 화성시 만세구 마도면 마도공단로4길 10,"25941, 25942, 25999",볼트 및 너트류 제조업 외 2 종,031-355-8835
401,화성마도일반산업단지,대진볼트공업(주),경기도 화성시 만세구 마도면 마도공단로4길 24-14,"25941, 25942, 25999",볼트 및 너트류 제조업 외 2 종,031-493-8835
402,화성마도일반산업단지,대화콘베어체인,"경기도 화성시 만세구 마도면 마도공단로1길 198, (마도일반산업단지 17-5블록)","25999, 29142, 29163, 29294",주형 및 금형 제조업 외 3 종,031-431-4115
403,화성마도일반산업단지,동영산업(주),"경기도 화성시 만세구 마도면 마도공단로1길 250, 마도일반산업단지 15-12블록","30391, 30392, 30399, 30400",그 외 자동차용 신품 부품 제조업 외 3 종,031-356-0012
404,화성마도일반산업단지,리치테크,경기도 화성시 만세구 마도면 마도공단로 354-9,"25119, 25995, 25999",기타 구조용 금속제품 제조업 외 2 종,
405,화성마도일반산업단지,미성산업,경기도 화성시 만세구 마도면 마도공단로4길 8 외 1필지,"25113, 25114, 35114",육상 금속 골조 구조재 제조업 외 2 종,031-355-2996
406,화성마도일반산업단지,미우산업,경기도 화성시 만세구 마도면 마도공단로1길 54,"30391, 30392, 30399, 30400",그 외 자동차용 신품 부품 제조업 외 3 종,031-355-9454
407,화성마도일반산업단지,백천스틸(주),경기도 화성시 만세구 마도면 쌍송리 마도지방산업단지 17블럭 3롯트,24123,철강선 제조업,070-7717-8196
408,화성마도일반산업단지,본하이테크(주),경기도 화성시 만세구 마도면 마도공단로6길 46-16 (만세구 마도면),"24229, 29294, 30391, 30392, 30399, 30400",주형 및 금형 제조업 외 5 종,031-495-6914
409,화성마도일반산업단지,본하이테크(주),경기도 화성시 만세구 마도면 마도공단로6길 46-13,"24229, 29294, 30391, 30392, 30399, 30400",주형 및 금형 제조업 외 5 종,031-495-6914
410,화성마도일반산업단지,부경진공,"경기도 화성시 만세구 마도면 마도공단로1길 76, 마도지방산업단지 5블럭 2롯트","24191, 25923","도금, 착색 및 기타 표면처리강재 제조업 외 1 종",031-355-3229
411,화성마도일반산업단지,비씨씨(주),"경기도 화성시 만세구 마도면 마도공단로1길 154, 마도산업단지 14블럭 6롯트","20495, 20499, 25929",그 외 기타 금속가공업 외 2 종,031-355-8897
412,화성마도일반산업단지,선호기업,경기도 화성시 만세구 마도면 마도공단로 356,"25995, 25999",그 외 기타 분류 안된 금속 가공 제품 제조업 외 1 종,031-355-4003
413,화성마도일반산업단지,성보P&T(주),"경기도 화성시 만세구 마도면 마도공단로1길 24-10, 마도산업단지 1블럭 2롯트","30331, 30400",자동차용 신품 동력전달장치 제조업 외 1 종,031-363-3710
414,화성마도일반산업단지,성산건설(주),경기도 화성시 만세구 마도면 마도공단로2길 46-4,"25112, 25119",구조용 금속 판제품 및 공작물 제조업 외 1 종,031-8018-2550
415,화성마도일반산업단지,성안기계(주),"경기도 화성시 만세구 마도면 마도공단로6길 33, 마도지방산업단지 10블럭1롯트",29293,인쇄 및 제책용 기계 제조업,031-491-9741
416,화성마도일반산업단지,세광산업,"경기도 화성시 만세구 마도면 마도공단로5길 10, (마도일반산업단지 9-7블록, 쌍송리 678-2번지)","25113, 25114, 29175",액체 여과기 제조업 외 2 종,031-319-3233
417,화성마도일반산업단지,세기인더스 주식회사,경기도 화성시 만세구 마도면 마도공단로1길 76,24191,"도금, 착색 및 기타 표면처리강재 제조업",031-355-8939
418,화성마도일반산업단지,세아이엔지,경기도 화성시 만세구 마도면 마도공단로 332-9,29175,액체 여과기 제조업,031-492-7722
419,화성마도일반산업단지,세원펀칭,경기도 화성시 만세구 마도면 쌍송리 591-51번지 마도지방산업단지 15블럭 2롯트,"25995, 25999, 29222, 29224",디지털 적층 성형기계 제조업 외 3 종,031-356-7083
420,화성마도일반산업단지,신덕산업(주),경기도 화성시 만세구 마도면 마도공단로1길 108,"25913, 25914, 29294",주형 및 금형 제조업 외 2 종,031-357-7433
421,화성마도일반산업단지,신라파이어(주),"경기도 화성시 만세구 마도면 마도공단로6길 34, (마도일반산업단지 13-5블록)","24290, 25113, 25114, 25924, 25929, 25995, 25999, 29133, 29193, 30122, 30201, 30202",기타 1차 비철금속 제조업 외 11 종,031-356-4119
422,화성마도일반산업단지,신성소재(주),"경기도 화성시 만세구 마도면 마도공단로 354-22, 마도지방산업단지 16블럭 2롯트",24229,"기타 비철금속 압연, 압출 및 연신 제품 제조업",031-366-7781
423,화성마도일반산업단지,신정엔지니어링(주),경기도 화성시 만세구 마도면 마도공단로1길 242,25122,금속탱크 및 저장용기 제조업,031-355-7083
424,화성마도일반산업단지,씨앤아이기계공업(주),"경기도 화성시 만세구 마도면 마도공단로4길 48, 마도지방산업단지 8-3블럭","28123, 29161, 29169",산업용 트럭 및 적재기 제조업 외 2 종,031-355-3663
425,화성마도일반산업단지,알로이메탈산업,경기도 화성시 만세구 마도면 마도공단로2길 52,24290,기타 1차 비철금속 제조업,02-2638-0323
426,화성마도일반산업단지,에스비더블유생명과학(주),"경기도 화성시 만세구 마도면 마도공단로2길 4, 마도지방산업단지 3블럭 1롯트",26299,그 외 기타 전자부품 제조업,031-366-9638
427,화성마도일반산업단지,에이앤피산업(주),경기도 화성시 만세구 마도면 마도공단로5길 60 (만세구 마도면),"29261, 29299",그 외 기타 특수목적용 기계 제조업 외 1 종,031-357-6575
428,화성마도일반산업단지,에이앤피산업(주),경기도 화성시 만세구 마도면 마도공단로6길 57,"25999, 29299",그 외 기타 분류 안된 금속 가공 제품 제조업 외 1 종,031-357-6575
429,화성마도일반산업단지,에프디시스(주),경기도 화성시 만세구 마도면 마도공단로2길 14,"26421, 29172, 29174, 29299",방송장비 제조업 외 3 종,031-366-8405
430,화성마도일반산업단지,예성,"경기도 화성시 만세구 마도면 마도공단로1길 102, 마도지방산업단지 8-10블럭 (신성금속)","30391, 30392, 30399, 30400",그 외 자동차용 신품 부품 제조업 외 3 종,031-356-8396
431,화성마도일반산업단지,오유테크코리아,경기도 화성시 만세구 마도면 마도공단로1길 62,25924,절삭가공 및 유사처리업,031-355-6526
432,화성마도일반산업단지,와산업(주) ,경기도 화성시 만세구 마도면 마도공단로 332-12,25122,금속탱크 및 저장용기 제조업,031-494-0611
433,화성마도일반산업단지,원이엔지 ,경기도 화성시 만세구 마도면 마도공단로 332-9,25932,일반철물 제조업,031-355-9534
434,화성마도일반산업단지,위버텍(주),"경기도 화성시 만세구 마도면 마도공단로4길 38, (마도일반산업단지 7-4블록, 쌍송리 674-3)","26295, 26299",그 외 기타 전자부품 제조업 외 1 종,031-8069-8011
435,화성마도일반산업단지,유니슨엔지니어링(주),경기도 화성시 만세구 마도면 마도공단로1길 96,"29173, 29176, 29199",그 외 기타 일반목적용 기계 제조업 외 2 종,031-355-9313
436,화성마도일반산업단지,유원메탈,경기도 화성시 만세구 마도면 마도공단로4길 46-20,25929,그 외 기타 금속가공업,031-356-5002
437,화성마도일반산업단지,은화기업,경기도 화성시 만세구 마도면 마도공단로6길 7,25121,산업용 난방보일러 및 방열기 제조업,070-4355-2090
438,화성마도일반산업단지,인알파코리아(주),경기도 화성시 만세구 마도면 마도공단로2길 39,"30310, 30400",자동차 엔진용 신품 부품 제조업 외 1 종,031-369-8000
439,화성마도일반산업단지,인알파코리아(주),경기도 화성시 만세구 마도면 마도공단로4길 17,"30391, 30392, 30399, 30400",그 외 자동차용 신품 부품 제조업 외 3 종,031-369-8000
440,화성마도일반산업단지,인알파코리아(주),경기도 화성시 만세구 마도면 마도공단로5길 35,29169,기타 물품 취급장비 제조업,031-369-8000
441,화성마도일반산업단지,전기로공업,"경기도 화성시 만세구 마도면 마도공단로5길 46-18, 마도지방산업단지 10-7블럭","29150, 29171","산업용 오븐, 노 및 노용 버너 제조업 외 1 종",031-355-5357
442,화성마도일반산업단지,제이엠테크닉스(주),경기도 화성시 만세구 마도면 마도공단로4길 46-13,"25924, 29299",그 외 기타 특수목적용 기계 제조업 외 1 종,031-431-8086
443,화성마도일반산업단지,제일이엔에스(주) 화성공장,"경기도 화성시 만세구 마도면 마도공단로4길 11, 마도지방산업단지 3블록 3롯트","25122, 25123, 26121, 26129, 29229",발광 다이오드 제조업 외 4 종,031-357-6751
444,화성마도일반산업단지,젬코텍,"경기도 화성시 만세구 마도면 마도공단로 333, 마도지방산업단지 13블록 1롯트",68112,비주거용 건물 임대업,031-356-6603
445,화성마도일반산업단지,주식회사 동기피엔아이,경기도 화성시 만세구 마도면 마도공단로2길 19,"29294, 30320",자동차 차체용 신품 부품 제조업 외 1 종,031-355-9860
446,화성마도일반산업단지,주식회사 비앤에이,경기도 화성시 만세구 마도면 마도공단로5길 48,29299,그 외 기타 특수목적용 기계 제조업,031-359-6948
447,화성마도일반산업단지,주식회사 아민,경기도 화성시 만세구 마도면 마도공단로 354-24,25113,육상 금속 골조 구조재 제조업,031-366-8117
448,화성마도일반산업단지,주식회사블루그린,경기도 화성시 만세구 마도면 마도공단로5길 48,29299,그 외 기타 특수목적용 기계 제조업,031-359-6948
449,화성마도일반산업단지,지코아시아 주식회사 ,경기도 화성시 만세구 마도면 마도공단로4길 48,29150,"산업용 오븐, 노 및 노용 버너 제조업",070-4630-9500
450,화성마도일반산업단지,지테크산업(주),"경기도 화성시 만세구 마도면 마도공단로1길 142, 마도지방산업단지 14-5","25112, 25922",도금업 외 1 종,031-357-5902
451,화성마도일반산업단지,지테크산업(주),"경기도 화성시 만세구 마도면 마도공단로 361, (마도일반산업단지 14-4블록)",25922,도금업,031-357-5902
452,화성마도일반산업단지,진영철강(주),"경기도 화성시 만세구 마도면 마도공단로6길 11, 9-2B/L",24123,철강선 제조업,031-432-9679
453,화성마도일반산업단지,창현공조,경기도 화성시 만세구 마도면 마도공단로1길 246,"25995, 25999, 29173",그 외 기타 분류 안된 금속 가공 제품 제조업 외 2 종,031-426-7820
454,화성마도일반산업단지,코웨이엔텍 주식회사  ,경기도 화성시 만세구 마도면 마도공단로4길 24-4,29175,액체 여과기 제조업,02-910-2663
455,화성마도일반산업단지,태양기어,경기도 화성시 만세구 마도면 마도공단로4길 46-4,29142,기어 및 동력전달장치 제조업,031-356-9002
456,화성마도일반산업단지,태흥유압,경기도 화성시 만세구 마도면 마도공단로 354-15,"29120, 29132, 29222, 29224",유압기기 제조업 외 3 종,
457,화성마도일반산업단지,티엠씨테크,"경기도 화성시 만세구 마도면 마도공단로 354-5, (쌍송리 690-4, 마도일반산업단지 17-1블록)","25995, 25999",그 외 기타 분류 안된 금속 가공 제품 제조업 외 1 종,031-509-8900
458,화성마도일반산업단지,플러스에이원(주) ,경기도 화성시 만세구 마도면 마도공단로 332-16,25999,그 외 기타 분류 안된 금속 가공 제품 제조업,031-891-8194
459,화성마도일반산업단지,한국터치스크린(주),경기도 화성시 만세구 마도면 마도공단로2길 14,26299,그 외 기타 전자부품 제조업,031-355-5664
460,화성마도일반산업단지,한국파렛트풀(주),경기도 화성시 만세구 마도면 마도공단로5길 24-4,30203,트레일러 및 세미트레일러 제조업,02-3669-7442
461,화성마도일반산업단지,한국파렛트풀(주),"경기도 화성시 만세구 마도면 마도공단로5길 16, 16(쌍송리678-3 제나동호)",30203,트레일러 및 세미트레일러 제조업,02-3669-7443
462,화성마도일반산업단지,한성,"경기도 화성시 만세구 마도면 마도공단로5길 53, (675-4번지, 8-4블록)",29229,기타 가공 공작기계 제조업,031-678-7600
463,화성마도일반산업단지,한스(주),경기도 화성시 만세구 마도면 쌍송리 마도산업단지 2블럭 10롯트,29175,액체 여과기 제조업,031-831-8770
464,화성마도일반산업단지,한양종합기계,경기도 화성시 만세구 마도면 마도공단로1길 240,"25995, 25999",그 외 기타 분류 안된 금속 가공 제품 제조업 외 1 종,031-355-1160
465,화성마도일반산업단지,한이금속(주),"경기도 화성시 만세구 마도면 마도공단로6길 7, 9-1B/L",25121,산업용 난방보일러 및 방열기 제조업,070-4355-2090
466,화성마도일반산업단지,한일기계공업(주),"경기도 화성시 만세구 마도면 마도공단로 354-12, 마도지방산업단지 16-11","29261, 29299",그 외 기타 특수목적용 기계 제조업 외 1 종,031-355-2937
467,화성마도일반산업단지,해성메탈 ,경기도 화성시 만세구 마도면 마도공단로5길 17,29133,"탭, 밸브 및 유사장치 제조업",031-435-6664
468,화성마도일반산업단지,핸즈식스(주),"경기도 화성시 만세구 마도면 마도공단로6길 12, 마도일반산업단지 12-1블록","30391, 30392, 30399, 30400",그 외 자동차용 신품 부품 제조업 외 3 종,031-370-8000
469,화성마도일반산업단지,핸즈식스(주),"경기도 화성시 만세구 마도면 마도공단로6길 18, 마도일반산업단지 12-2블럭(682-1번지)","24212, 25112, 30391, 30392, 30399, 30400",그 외 자동차용 신품 부품 제조업 외 5 종,031-370-8005
470,화성마도일반산업단지,핸즈식스(주) ,경기도 화성시 만세구 마도면 마도공단로5길 24-18,"25929, 29169",기타 물품 취급장비 제조업 외 1 종,031-370-8011
471,화성마도일반산업단지,혁성정밀,경기도 화성시 만세구 마도면 마도공단로 332-18,25924,절삭가공 및 유사처리업,031-431-0456
472,화성마도일반산업단지,현대ENG,경기도 화성시 만세구 마도면 마도공단로1길 230,"25995, 25999",그 외 기타 분류 안된 금속 가공 제품 제조업 외 1 종,031-356-6358
473,화성마도일반산업단지,흥광테크(주),"경기도 화성시 만세구 마도면 마도공단로5길 16, 마도지방산업단지 9블럭 8롯트",25924,절삭가공 및 유사처리업,031-366-8595
474,화성마도일반산업단지,흥국공업(주),"경기도 화성시 만세구 마도면 마도공단로6길 51, 마도지방산업단지 11블럭2롯트","29150, 29171, 29174","산업용 오븐, 노 및 노용 버너 제조업 외 2 종",031-366-7255
475,화성발안일반산업단지,(사)한국교통장애인협회사업부,"경기도 화성시 만세구 향남읍 발안공단로3길 35, 가동","25112, 25113, 25114, 28123, 28903",배전반 및 전기 자동제어반 제조업 외 4 종,031-544-3133
476,화성발안일반산업단지,(주)21하이테크,경기도 화성시 만세구 향남읍 발안공단로4길 81,29172,공기 조화장치 제조업,031-8059-6896
477,화성발안일반산업단지,(주)YG산업,경기도 화성시 만세구 향남읍 발안공단로4길 71-19,"25941, 25942, 25999, 26295, 26299, 29142, 68119, 70129, 70130",볼트 및 너트류 제조업 외 8 종,031-498-0186
478,화성발안일반산업단지,(주)건영테크 지점,"경기도 화성시 만세구 향남읍 발안공단로4길 110 2동 105호, 305호",25922,도금업,031-225-2866
479,화성발안일반산업단지,(주)구두레인터내셔날,경기도 화성시 만세구 향남읍 발안공단로4길 31,26429,기타 무선 통신장비 제조업,02-2603-9715
480,화성발안일반산업단지,(주)국전약품,"경기도 화성시 만세구 향남읍 발안공단로 8, 발안지방산업단지 32-4",21101,의약용 화합물 및 항생물질 제조업,031-352-8179
481,화성발안일반산업단지,(주)국전약품,경기도 화성시 만세구 향남읍 발안공단로 8,21101,의약용 화합물 및 항생물질 제조업,070-4099-3951
482,화성발안일반산업단지,(주)금강테크,경기도 화성시 만세구 향남읍 발안공단로4길 21,28123,배전반 및 전기 자동제어반 제조업,031-366-5946
483,화성발안일반산업단지,(주)나이스텍,"경기도 화성시 만세구 향남읍 제약단지로 13-9, (하길리1403-6번지)",25929,그 외 기타 금속가공업,031-227-2662
484,화성발안일반산업단지,(주)남영공조시스템이엔지,경기도 화성시 만세구 향남읍 발안공단로1길 23,"29172, 29173, 70129",기타 공학 연구개발업 외 2 종,031-477-5780
485,화성발안일반산업단지,(주)네오유디유,경기도 화성시 만세구 향남읍 구문천리번지 발안지방산업단지 6-10블럭,"25113, 25114",육상 금속 골조 구조재 제조업 외 1 종,031-401-7425
486,화성발안일반산업단지,(주)네오페이퍼,경기도 화성시 만세구 향남읍 발안공단로 301,25929,그 외 기타 금속가공업,031-353-3710
487,화성발안일반산업단지,(주)뉴파워프라즈마,경기도 화성시 만세구 향남읍 발안공단로3길 74,"26429, 28119",기타 전기 변환장치 제조업 외 1 종,031-612-7600
488,화성발안일반산업단지,(주)다원산업,경기도 화성시 만세구 향남읍 발안공단로 92-95,"32021, 32029",주방용 및 음식점용 목재가구 제조업 외 1 종,031-8059-6714
489,화성발안일반산업단지,(주)대성시스템,경기도 화성시 만세구 향남읍 발안공단로3길 60 (만세구 향남읍),26429,기타 무선 통신장비 제조업,031-353-0400
490,화성발안일반산업단지,(주)대성컨버전스 ,경기도 화성시 만세구 향남읍 발안공단로3길 74,28119,기타 전기 변환장치 제조업,031-8055-7770
491,화성발안일반산업단지,(주)대아씨앤아이,"경기도 화성시 만세구 마도면 마도공단로6길 24-9, 마도지방산업단지 13-7 블럭","25924, 25995, 25999",그 외 기타 분류 안된 금속 가공 제품 제조업 외 2 종,031-355-8497
492,화성발안일반산업단지,(주)대일씨에프티,"경기도 화성시 만세구 향남읍 발안공단로3길 27, 발안지방산업단지 23블럭 5롯트 외 1필지","25912, 25941, 25942, 25999, 26295, 26299",그 외 기타 전자부품 제조업 외 5 종,031-366-5900
493,화성발안일반산업단지,(주)대진조명,"경기도 화성시 만세구 향남읍 발안공단로 59, 발안산업단지 33블럭 1롯트","28422, 70121",전기ㆍ전자공학 연구개발업 외 1 종,031-376-4077
494,화성발안일반산업단지,(주)대한테크,"경기도 화성시 만세구 향남읍 발안공단로4길 110, 1동201호",25922,도금업,
495,화성발안일반산업단지,(주)대호호이스트크레인,"경기도 화성시 만세구 향남읍 발안공단로2길 27, 발안지방산업단지 32-14","29169, 70129, 70130",기타 공학 연구개발업 외 2 종,031-8059-1294
496,화성발안일반산업단지,(주)대흥,경기도 화성시 만세구 향남읍 발안공단로3길 71,"26295, 26299",그 외 기타 전자부품 제조업 외 1 종,031-457-0111
497,화성발안일반산업단지,(주)덕우산업,경기도 화성시 만세구 향남읍 발안공단로4길 119 (덕우산업),"25113, 25114, 29172, 29174, 29176",육상 금속 골조 구조재 제조업 외 4 종,031-366-2571
498,화성발안일반산업단지,(주)도어텍,"경기도 화성시 만세구 향남읍 발안공단로5길 71, 발안지방산업단지 11블럭 6롯트","28123, 30201, 30203, 30320, 30400",배전반 및 전기 자동제어반 제조업 외 4 종,031-354-3280
499,화성발안일반산업단지,(주)도어텍,경기도 화성시 만세구 향남읍 발안공단로3길 13,25929,그 외 기타 금속가공업,
500,화성발안일반산업단지,(주)두민,"경기도 화성시 만세구 향남읍 발안공단로2길 68, 24-2블록","29261, 29299, 70121, 70129, 70130",전기ㆍ전자공학 연구개발업 외 4 종,031-352-0393
501,화성발안일반산업단지,(주)두산퓨얼셀파워,"경기도 화성시 만세구 향남읍 제약단지로 75, (하길리 1405-9)","28111, 70129, 70130",전동기 및 발전기 제조업 외 2 종,031-781-0475
502,화성발안일반산업단지,(주)두손에이에스,"경기도 화성시 만세구 향남읍 발안공단로 243, 발안지방산업단지4-2블럭",29210,농업 및 임업용 기계 제조업,031-499-9911
503,화성발안일반산업단지,(주)두테크,"경기도 화성시 만세구 향남읍 발안공단로3길 21, 발안지방산업단지 23-4",26410,유선 통신장비 제조업,031-352-9336
504,화성발안일반산업단지,(주)두현이앤씨 ,경기도 화성시 만세구 향남읍 발안공단로 289,"25112, 25119, 25999",구조용 금속 판제품 및 공작물 제조업 외 2 종,031-8016-1579
505,화성발안일반산업단지,(주)디에스피엠,경기도 화성시 만세구 향남읍 발안공단로1길 58,"29176, 70129, 70130",기타 공학 연구개발업 외 2 종,031-683-9487
506,화성발안일반산업단지,(주)디엠에스티 ,경기도 화성시 만세구 향남읍 발안공단로2길 63,"29199, 29299, 70129",기타 공학 연구개발업 외 2 종,
507,화성발안일반산업단지,(주)디와이엘씨디,경기도 화성시 만세구 향남읍 발안공단로 56 외 1필지,"29261, 29299, 70129, 70130",기타 공학 연구개발업 외 3 종,031-8059-1366
508,화성발안일반산업단지,(주)디제이엠텍,경기도 화성시 만세구 향남읍 발안공단로4길 65,"29271, 29293",인쇄 및 제책용 기계 제조업 외 1 종,
509,화성발안일반산업단지,(주)디투엔지니어링,경기도 화성시 만세구 향남읍 발안공단로3길 52 (만세구 향남읍),28123,배전반 및 전기 자동제어반 제조업,02-332-3329
510,화성발안일반산업단지,(주)매니머치에코테크,"경기도 화성시 만세구 향남읍 발안공단로4길 16, 발안지방산업단지 13B","31991, 33999",그 외 기타 달리 분류되지 않은 제품 제조업 외 1 종,031-353-2135
511,화성발안일반산업단지,(주)명성이앤에이 ,"경기도 화성시 만세구 향남읍 발안공단로4길 114, E동 1층",25922,도금업,
512,화성발안일반산업단지,(주)명우,경기도 화성시 만세구 향남읍 발안공단로4길 97-16,"25113, 25114",육상 금속 골조 구조재 제조업 외 1 종,031-352-9272
513,화성발안일반산업단지,(주)모스펙,"경기도 화성시 만세구 향남읍 발안공단로 190, 발안지방산업단지 1블럭 1롯트",29169,기타 물품 취급장비 제조업,031-353-0704
514,화성발안일반산업단지,(주)모아 플레이팅,"경기도 화성시 만세구 향남읍 발안공단로4길 110, 104,204,304호","25922, 25923",도장 및 기타 피막처리업 외 1 종,
515,화성발안일반산업단지,(주)무아정밀,경기도 화성시 만세구 향남읍 발안공단로 191,25929,그 외 기타 금속가공업,031-431-5695
516,화성발안일반산업단지,(주)바로나스틸,"경기도 화성시 만세구 향남읍 발안공단로 191, B동 (만세구 향남읍)","25113, 25114",육상 금속 골조 구조재 제조업 외 1 종,031-0358-1484
517,화성발안일반산업단지,(주)바로나스틸,경기도 화성시 만세구 향남읍 발안공단로4길 17,25929,그 외 기타 금속가공업,031-358-1485
518,화성발안일반산업단지,(주)백상에스티,경기도 화성시 만세구 향남읍 발안공단로 92-18,32091,금속 가구 제조업,031-366-2512
519,화성발안일반산업단지,(주)백스코,경기도 화성시 만세구 향남읍 발안공단로3길 33,33920,사무 및 회화용품 제조업,031-354-3887
520,화성발안일반산업단지,(주)백웅,"경기도 화성시 만세구 향남읍 발안공단로1길 51, 발안지방산업단지 36블럭 15롯트","29171, 70129, 70130",기타 공학 연구개발업 외 2 종,031-8059-1240
521,화성발안일반산업단지,(주)베스틴,"경기도 화성시 만세구 향남읍 발안공단로3길 114, 발안지방산업단지 12B-16L",29180,사무용 기계 및 장비 제조업,031-831-8507
522,화성발안일반산업단지,(주)보광씨티,"경기도 화성시 만세구 향남읍 발안공단로4길 74, 발안지방산업단지 6-9블럭","25929, 29133",그 외 기타 금속가공업 외 1 종,031-352-9070
523,화성발안일반산업단지,(주)부성엘티에스,"경기도 화성시 만세구 향남읍 발안공단로1길 39, 발안지방산업단지 36-12 블럭","25122, 25123, 28422, 29176, 29199, 29261, 29299, 70129, 70130",그 외 기타 일반목적용 기계 제조업 외 8 종,031-366-3566
524,화성발안일반산업단지,(주)부일테크 발안지점,"경기도 화성시 만세구 향남읍 발안공단로4길 110, 발안일반산업단지 2-7",25922,도금업,031-353-8097
525,화성발안일반산업단지,(주)비에이레이저 ,경기도 화성시 만세구 향남읍 발안공단로4길 86,25929,그 외 기타 금속가공업,031-352-2816
526,화성발안일반산업단지,(주)비엔엠,"경기도 화성시 만세구 향남읍 발안공단로3길 71, 발안일반산업단지 11-8블럭 (만세구 향남읍)","26295, 26299, 30391, 30392, 30399, 30400",그 외 기타 전자부품 제조업 외 5 종,031-376-8517
527,화성발안일반산업단지,(주)비즈니스보루네오,"경기도 화성시 만세구 향남읍 발안공단로 92-95, (구문천리923-1)","32019, 32021, 32029, 32091, 32099",소파 및 기타 내장가구 제조업 외 4 종,031-8059-3434
528,화성발안일반산업단지,(주)삼이송메탈,경기도 화성시 만세구 향남읍 발안공단로1길 29,"25929, 70129, 70130",그 외 기타 금속가공업 외 2 종,031-366-5620
529,화성발안일반산업단지,(주)상원이엔지 ,경기도 화성시 만세구 향남읍 발안공단로1길 48,"25122, 29299, 70129",기타 공학 연구개발업 외 2 종,031-366-5410
530,화성발안일반산업단지,(주)선우피엔이,경기도 화성시 만세구 향남읍 발안지방산업단지 20블럭 1롯트,29174,기체 여과기 제조업,031-356-6791
531,화성발안일반산업단지,(주)선일파워트레인,"경기도 화성시 만세구 향남읍 발안공단로 195, 발안지방산업단지 2B-2L 외 1필지",25924,절삭가공 및 유사처리업,031-366-0841
532,화성발안일반산업단지,(주)성우실업,"경기도 화성시 만세구 향남읍 발안공단로4길 110, 2동 103호 발안일반산업단지 2-7",25922,도금업,031-353-5249
533,화성발안일반산업단지,(주)성원엔지니어링,경기도 화성시 만세구 향남읍 발안공단로4길 110,"25112, 25922",도금업 외 1 종,031-366-6331
534,화성발안일반산업단지,(주)성한정공,"경기도 화성시 만세구 향남읍 발안공단로 187, 발안지방산업단지 2B-2L","25113, 25114, 29294",육상 금속 골조 구조재 제조업 외 2 종,031-499-8463
535,화성발안일반산업단지,(주)성화인더스트리,경기도 화성시 만세구 향남읍 발안공단로 203,29292,"고무, 화학섬유 및 플라스틱 성형기 제조업",
536,화성발안일반산업단지,(주)세계테크원 ,경기도 화성시 만세구 향남읍 발안공단로 167,28123,배전반 및 전기 자동제어반 제조업,031-432-8972
537,화성발안일반산업단지,(주)세광산업조명,"경기도 화성시 만세구 향남읍 발안공단로 191, F동 (만세구 향남읍)","25113, 25114",육상 금속 골조 구조재 제조업 외 1 종,031-494-7752
538,화성발안일반산업단지,(주)세영,"경기도 화성시 만세구 향남읍 발안공단로4길 87, 5B-2L","25913, 25914",자동차용 금속 압형제품 제조업 외 1 종,031-433-6720
539,화성발안일반산업단지,(주)세영테크,"경기도 화성시 만세구 향남읍 발안공단로 289, 발안일반산업단지4-15","25913, 25914",자동차용 금속 압형제품 제조업 외 1 종,031-354-5921
540,화성발안일반산업단지,(주)솔로몬몰드,"경기도 화성시 만세구 향남읍 발안공단로 170-1, (구문천리922-9)",29294,주형 및 금형 제조업,031-359-8708
541,화성발안일반산업단지,(주)수일금속,"경기도 화성시 만세구 향남읍 발안공단로4길 110, 3동 102호",25922,도금업,031-352-9494
542,화성발안일반산업단지,(주)수자원미터텍,경기도 화성시 만세구 향남읍 발안공단로 140,"27214, 28123, 29133, 33309",기타 운동 및 경기용구 제조업 외 3 종,
543,화성발안일반산업단지,(주)시엠에프랩,"경기도 화성시 만세구 향남읍 발안공단로4길 110, 공장2동 203호 (만세구 향남읍)",25922,도금업,070-4179-7400
544,화성발안일반산업단지,(주)시지바이오 ,경기도 화성시 만세구 향남읍 제약단지로 29,"21300, 27192",의료용품 및 기타 의약 관련제품 제조업 외 1 종,031-732-0840
545,화성발안일반산업단지,(주)신광산업,경기도 화성시 만세구 향남읍 발안공단로 178-20,"30391, 30392, 30399, 30400, 32099",그 외 기타 가구 제조업 외 4 종,031-351-6400
546,화성발안일반산업단지,(주)신라테크윈,경기도 화성시 만세구 향남읍 발안공단로5길 7-26,26511,텔레비전 제조업,031-409-3772
547,화성발안일반산업단지,(주)신성피씨 ,경기도 화성시 만세구 향남읍 발안공단로 289,25999,그 외 기타 분류 안된 금속 가공 제품 제조업,031-354-3424
548,화성발안일반산업단지,(주)신세기컨테이너,경기도 화성시 만세구 향남읍 발안공단로 184,"25111, 29169","금속 문, 창, 셔터 및 관련제품 제조업 외 1 종",
549,화성발안일반산업단지,(주)신아금속 ,경기도 화성시 만세구 향남읍 발안공단로 221,25922,도금업,031-353-9852
550,화성발안일반산업단지,(주)신일승강기 ,경기도 화성시 만세구 향남읍 발안공단로 167,"29142, 29162",승강기 제조업 외 1 종,031-8059-6022
551,화성발안일반산업단지,(주)싸이노스,경기도 화성시 만세구 향남읍 발안공단로 209,29271,반도체 제조용 기계 제조업,031-366-3390
552,화성발안일반산업단지,(주)싸이노스,경기도 화성시 만세구 향남읍 발안공단로4길 98-17,29271,반도체 제조용 기계 제조업,031-366-3390
553,화성발안일반산업단지,(주)씨에스티,경기도 화성시 만세구 향남읍 발안공단로 194,25929,그 외 기타 금속가공업,031-352-8013
554,화성발안일반산업단지,(주)씨케이솔루션 ,경기도 화성시 만세구 향남읍 발안공단로3길 22,28123,배전반 및 전기 자동제어반 제조업,070-4938-5939
555,화성발안일반산업단지,(주)아셈,경기도 화성시 만세구 향남읍 구문천리 921-8번지,"29261, 29299",그 외 기타 특수목적용 기계 제조업 외 1 종,070-4060-3986
556,화성발안일반산업단지,(주)아셈텍,"경기도 화성시 만세구 향남읍 발안공단로4길 98-14, 발안지방산업단지 6-3블럭","29261, 29299",그 외 기타 특수목적용 기계 제조업 외 1 종,031-359-9950
557,화성발안일반산업단지,(주)아셈텍,경기도 화성시 만세구 향남읍 구문천리 929-21번지,29299,그 외 기타 특수목적용 기계 제조업,031-359-9950
558,화성발안일반산업단지,(주)애드인,경기도 화성시 만세구 향남읍 발안공단로 178-23,"25929, 25991",그 외 기타 금속가공업 외 1 종,
559,화성발안일반산업단지,(주)에스디메카텍,"경기도 화성시 만세구 향남읍 발안공단로 92-73, 경기도 화성시 만세구 향남읍 발안공단로 92-63 외 1필지","29176, 29199",그 외 기타 일반목적용 기계 제조업 외 1 종,031-8059-5480
560,화성발안일반산업단지,(주)에스디메카텍,경기도 화성시 만세구 향남읍 발안공단로3길 43,28909,그 외 기타 전기장비 제조업,031-8059-5480
561,화성발안일반산업단지,(주)에스디메카텍,경기도 화성시 만세구 향남읍 발안공단로3길 39,28909,그 외 기타 전기장비 제조업,031-8059-5480
562,화성발안일반산업단지,(주)에스아이디어코스틱,경기도 화성시 만세구 향남읍 제약단지로 13-3,"25112, 31991, 33999, 70129, 70130",구조용 금속 판제품 및 공작물 제조업 외 4 종,
563,화성발안일반산업단지,(주)에스아이디어코스틱,경기도 화성시 만세구 향남읍 발안공단로3길 106,"25112, 25929, 26529, 28123, 35114",배전반 및 전기 자동제어반 제조업 외 4 종,031-681-2151
564,화성발안일반산업단지,(주)에스에이티이노베이션,경기도 화성시 만세구 향남읍 발안공단로 92-77,25924,절삭가공 및 유사처리업,031-8059-1469
565,화성발안일반산업단지,(주)에스에프케이 ,경기도 화성시 만세구 향남읍 제약단지로 81,"29224, 70129",기타 공학 연구개발업 외 1 종,031-353-8233
566,화성발안일반산업단지,(주)에스테크솔루션 ,"경기도 화성시 만세구 향남읍 발안공단로4길 110, 2동 2층 201호",25922,도금업,031-682-3786
567,화성발안일반산업단지,(주)에스텍파마,경기도 화성시 만세구 향남읍 발안공단로 25,21101,의약용 화합물 및 항생물질 제조업,031-831-4800
568,화성발안일반산업단지,(주)에스텍파마,경기도 화성시 만세구 향남읍 발안공단로 41-3,21101,의약용 화합물 및 항생물질 제조업,031-831-4800
569,화성발안일반산업단지,(주)에이마크,경기도 화성시 만세구 향남읍 제약단지로 42,"29271, 70129, 70130",기타 공학 연구개발업 외 2 종,031-8059-7772
570,화성발안일반산업단지,(주)에이앤아이,경기도 화성시 만세구 향남읍 발안공단로4길 65,"29271, 29272",반도체 제조용 기계 제조업 외 1 종,031-831-0300
571,화성발안일반산업단지,(주)에이치제이,"경기도 화성시 만세구 향남읍 발안공단로4길 30, 발안지방산업단지 13B","26299, 33910",그 외 기타 전자부품 제조업 외 1 종,031-353-3030
572,화성발안일반산업단지,(주)에이치제이,경기도 화성시 만세구 향남읍 발안공단로5길 13,68112,비주거용 건물 임대업,031-353-3030
573,화성발안일반산업단지,(주)에이치제이 ,경기도 화성시 만세구 향남읍 발안공단로5길 7-10,"26299, 33910",그 외 기타 전자부품 제조업 외 1 종,031-353-3030
574,화성발안일반산업단지,(주)에이치케이(HK)정공,"경기도 화성시 만세구 향남읍 발안공단로4길 71-19, B동 3층","25941, 29142",기어 및 동력전달장치 제조업 외 1 종,070-4216-2921
575,화성발안일반산업단지,(주)에이티이엔지,경기도 화성시 만세구 향남읍 발안공단로4길 119,29172,공기 조화장치 제조업,031-352-4362
576,화성발안일반산업단지,(주)에코위더스 화성공장,경기도 화성시 만세구 향남읍 발안공단로4길 68 삼진플랜텍,"25992, 25999, 28511, 29250",수동식 식품 가공기기 및 금속 주방용기 제조업 외 3 종,032-572-9233
577,화성발안일반산업단지,(주)엑시아머티리얼스,경기도 화성시 만세구 향남읍 발안공단로4길 126,25112,구조용 금속 판제품 및 공작물 제조업,031-366-5640
578,화성발안일반산업단지,(주)엘림하이드로,경기도 화성시 만세구 향남읍 발안공단로 92-36,29229,기타 가공 공작기계 제조업,031-350-8910
579,화성발안일반산업단지,(주)엠에스더블유,"경기도 화성시 만세구 향남읍 발안공단로 41-17, 발안지방산업단지 34블럭 8롯트","30391, 30392, 30399, 30400, 70129, 70130",기타 공학 연구개발업 외 5 종,031-366-4450
580,화성발안일반산업단지,(주)엠제이산업,경기도 화성시 만세구 향남읍 발안공단로5길 7-22,25929,그 외 기타 금속가공업,070-4376-1696
581,화성발안일반산업단지,(주)엠케이삼육오,경기도 화성시 만세구 향남읍 발안공단로 148,13229,기타 직물제품 제조업,031-8059-8231
582,화성발안일반산업단지,(주)영진경판,경기도 화성시 만세구 향남읍 발안공단로4길 23,"25122, 25123",금속탱크 및 저장용기 제조업 외 1 종,031-366-3937
583,화성발안일반산업단지,(주)오에스티,경기도 화성시 만세구 향남읍 제약단지로 13-5,"25924, 70129, 70130",기타 공학 연구개발업 외 2 종,031-353-5082
584,화성발안일반산업단지,(주)오에스티,경기도 화성시 만세구 향남읍 제약단지로 13-13,"21300, 25924, 70129",의료용품 및 기타 의약 관련제품 제조업 외 2 종,031-353-5082
585,화성발안일반산업단지,(주)와이아이테크닉스,경기도 화성시 만세구 향남읍 발안공단로 271,29271,반도체 제조용 기계 제조업,031-353-1408
586,화성발안일반산업단지,(주)와이에스더블유,경기도 화성시 만세구 향남읍 발안공단로 41-17,"25913, 70129",기타 공학 연구개발업 외 1 종,
587,화성발안일반산업단지,(주)우신열처리,"경기도 화성시 만세구 향남읍 발안공단로 243, 발안지방산업단지 4B 2L",25921,금속 열처리업,031-499-2805
588,화성발안일반산업단지,(주)우진이엔지,경기도 화성시 만세구 향남읍 발안공단로4길 37,28123,배전반 및 전기 자동제어반 제조업,031-8059-3546
589,화성발안일반산업단지,(주)우창기업,"경기도 화성시 만세구 향남읍 발안공단로4길 71-10, 발안지방산업단지 5블럭 6롯트","25913, 25914, 26295, 26299",자동차용 금속 압형제품 제조업 외 3 종,031-366-5665
590,화성발안일반산업단지,(주)원세미콘 발안공장,경기도 화성시 만세구 향남읍 발안공단로3길 16,26129,기타 반도체소자 제조업,032-814-4644
591,화성발안일반산업단지,(주)원풍약품상사,"경기도 화성시 만세구 향남읍 발안공단로2길 33, 발안지방산업단지 32-13",21210,완제 의약품 제조업,02-376-8100
592,화성발안일반산업단지,(주)웰크론한텍,"경기도 화성시 만세구 향남읍 발안공단로 92-36, 발안지방산업단지 21블럭","29176, 29250, 32091",금속 가구 제조업 외 2 종,031-350-8901
593,화성발안일반산업단지,(주)위드엘씨,경기도 화성시 만세구 향남읍 발안공단로 311,29271,반도체 제조용 기계 제조업,031-353-2332
594,화성발안일반산업단지,(주)위스코시스템 ,경기도 화성시 만세구 향남읍 발안공단로 221,25922,도금업,031-366-3694
595,화성발안일반산업단지,(주)유성엔지니어링,경기도 화성시 만세구 향남읍 발안공단로 247,"25112, 25122, 25123, 25200, 25913, 25914, 25924, 25941, 25943, 25992, 25995, 25999, 26429, 26529, 28302, 28909, 29132, 29173, 29175",절삭가공 및 유사처리업 외 18 종,031-353-3121
596,화성발안일반산업단지,(주)유인,"경기도 화성시 만세구 향남읍 발안공단로 41-22, 발안지방산업단지 33블럭 6롯트","25924, 70129, 70130",기타 공학 연구개발업 외 2 종,031-354-6768
597,화성발안일반산업단지,(주)유진솔루션,경기도 화성시 만세구 향남읍 하길리 930-6번지,28511,주방용 전기기기 제조업,
598,화성발안일반산업단지,(주)유창이앤씨,"경기도 화성시 만세구 향남읍 발안공단로4길 22, 발안일반산업단지 13블럭",28302,기타 절연선 및 케이블 제조업,031-354-2800
599,화성발안일반산업단지,(주)유텍이엔지,경기도 화성시 만세구 향남읍 발안공단로3길 22,28123,배전반 및 전기 자동제어반 제조업,031-492-9100
600,화성발안일반산업단지,(주)유한팩,"경기도 화성시 만세구 향남읍 발안공단로5길 35, (구문천리 935-25번지)",33920,사무 및 회화용품 제조업,031-359-9385
601,화성발안일반산업단지,(주)유한팩,경기도 화성시 만세구 향남읍 발안공단로5길 37,28123,배전반 및 전기 자동제어반 제조업,031-359-9385
602,화성발안일반산업단지,(주)윤성에프앤씨,"경기도 화성시 만세구 향남읍 발안공단로 225, 발안지방산업단지 2블록 11롯트","25122, 25123",금속탱크 및 저장용기 제조업 외 1 종,031-352-5925
603,화성발안일반산업단지,(주)윤성에프앤씨 제2공장,경기도 화성시 만세구 향남읍 발안공단로4길 133,"25122, 25123",금속탱크 및 저장용기 제조업 외 1 종,031-350-4513
604,화성발안일반산업단지,(주)윤성에프앤씨 제3공장,경기도 화성시 만세구 향남읍 발안공단로4길 131,"25122, 25123",금속탱크 및 저장용기 제조업 외 1 종,031-352-5925
605,화성발안일반산업단지,(주)윤성에프앤씨 제4공장,경기도 화성시 만세구 향남읍 발안공단로 251,25122,금속탱크 및 저장용기 제조업,031-350-4513
606,화성발안일반산업단지,(주)융진인더스트리,경기도 화성시 만세구 향남읍 발안공단로5길 23,25929,그 외 기타 금속가공업,031-3319-7891
607,화성발안일반산업단지,(주)의신금속,경기도 화성시 만세구 향남읍 발안공단로4길 110,"25112, 25922",도금업 외 1 종,031-353-7403
608,화성발안일반산업단지,(주)이노에스템,경기도 화성시 만세구 향남읍 발안공단로4길 98-10,29162,승강기 제조업,031-366-0869
609,화성발안일반산업단지,(주)이에프원,경기도 화성시 만세구 향남읍 발안공단로4길 98-11,25929,그 외 기타 금속가공업,031-296-1111
610,화성발안일반산업단지,(주)인베스트레이저,경기도 화성시 만세구 향남읍 발안공단로5길 25,25929,그 외 기타 금속가공업,031-352-9787
611,화성발안일반산업단지,(주)인시텍,경기도 화성시 만세구 향남읍 발안공단로 163,25913,자동차용 금속 압형제품 제조업,031-831-9817
612,화성발안일반산업단지,(주)인터제로시스템 ,경기도 화성시 만세구 향남읍 발안공단로4길 119 (덕우산업),"29150, 29171, 29172",공기 조화장치 제조업 외 2 종,031-427-2240
613,화성발안일반산업단지,(주)인프라포커스,경기도 화성시 만세구 향남읍 발안공단로 301,29174,기체 여과기 제조업,02-3444-7870
614,화성발안일반산업단지,(주)정도마이크로,"경기도 화성시 만세구 향남읍 발안공단로1길 65, 발안일반산업단지 36-19B/L","29120, 70129, 70130",기타 공학 연구개발업 외 2 종,031-352-5584
615,화성발안일반산업단지,(주)정화프레스,"경기도 화성시 만세구 향남읍 발안공단로 191, B동","29222, 29224, 29229",디지털 적층 성형기계 제조업 외 2 종,031-359-8196
616,화성발안일반산업단지,(주)제이에스브이,경기도 화성시 만세구 향남읍 발안공단로3길 97,"30332, 30400, 70129, 70130",기타 공학 연구개발업 외 3 종,070-4699-2850
617,화성발안일반산업단지,(주)제이에스브이,경기도 화성시 만세구 향남읍 발안공단로4길 71-23,"25913, 25999",자동차용 금속 압형제품 제조업 외 1 종,070-4699-2851
618,화성발안일반산업단지,(주)제이에프엠엔지니어링,경기도 화성시 만세구 향남읍 발안공단로4길 84,"27212, 27213, 29172",공기 조화장치 제조업 외 2 종,031-8059-6112
619,화성발안일반산업단지,(주)제이엠슈타인,경기도 화성시 만세구 향남읍 발안공단로 221,25922,도금업,031-353-9846
620,화성발안일반산업단지,(주)제일테크닉스,"경기도 화성시 만세구 향남읍 발안공단로1길 15, 발안지방산업단지 36-5","26299, 70129",그 외 기타 전자부품 제조업 외 1 종,070-8754-8430
621,화성발안일반산업단지,(주)준테크,"경기도 화성시 만세구 향남읍 발안공단로3길 48, 발안지방산업단지 12-8",27216,산업처리공정 제어장비 제조업,031-366-6145
622,화성발안일반산업단지,(주)중원전기,경기도 화성시 만세구 향남읍 발안공단로5길 7-26,28112,변압기 제조업,031-479-2612
623,화성발안일반산업단지,(주)지엠티솔루션,"경기도 화성시 만세구 향남읍 발안공단로 41-11, 발안지방산업단지 34블럭 9롯트","25924, 70129, 70130",기타 공학 연구개발업 외 2 종,031-352-8410
624,화성발안일반산업단지,(주)진도메탈,"경기도 화성시 만세구 향남읍 발안공단로4길 114, D동 101호",25922,도금업,
625,화성발안일반산업단지,(주)진테크널러지,경기도 화성시 만세구 향남읍 하길리 1405-9번지,"26295, 26299, 70121",전기ㆍ전자공학 연구개발업 외 2 종,031-354-0191
626,화성발안일반산업단지,(주)진테크널러지,경기도 화성시 만세구 향남읍 제약단지로 13-3,"26295, 26299, 29294, 70121, 70129, 70130",전자감지장치 제조업 외 5 종,031-354-0191
627,화성발안일반산업단지,(주)창영전자,경기도 화성시 만세구 향남읍 발안공단로 184,"26295, 26299",그 외 기타 전자부품 제조업 외 1 종,031-497-4200
628,화성발안일반산업단지,(주)철원피에스디,"경기도 화성시 만세구 향남읍 발안공단로4길 98-23, 발안지방산업단지2-3",25929,그 외 기타 금속가공업,031-233-3301
629,화성발안일반산업단지,(주)첨단에스엔티,경기도 화성시 만세구 향남읍 제약단지로 13-7,"25929, 70129",그 외 기타 금속가공업 외 1 종,031-8056-6283
630,화성발안일반산업단지,(주)케이에이엠인터내셔날,"경기도 화성시 만세구 향남읍 발안공단로4길 9, 발안지방산업단지 12블럭 6롯트",28909,그 외 기타 전기장비 제조업,02-852-2523
631,화성발안일반산업단지,(주)케이엔비,"경기도 화성시 만세구 향남읍 발안공단로4길 92, 발안지방산업단지 6블럭 5롯트",29241,건설 및 채광용 기계장비 제조업,031-353-7075
632,화성발안일반산업단지,(주)케이티피테크,"경기도 화성시 만세구 향남읍 발안공단로4길 87, 발안일반산업단지 5-2","25924, 26223, 26299",절삭가공 및 유사처리업 외 2 종,031-355-6706
633,화성발안일반산업단지,(주)코먼 ,"경기도 화성시 만세구 향남읍 발안공단로4길 114, B동 204호",25922,도금업,
634,화성발안일반산업단지,(주)코스몰,경기도 화성시 만세구 향남읍 제약단지로 48,21101,의약용 화합물 및 항생물질 제조업,031-433-5599
635,화성발안일반산업단지,(주)코캣,"경기도 화성시 만세구 향남읍 발안공단로 92-77, 발안지방산업단지 20블럭 3롯트","29150, 29171, 29174, 29271",반도체 제조용 기계 제조업 외 3 종,031-366-4940
636,화성발안일반산업단지,(주)퀄맥스머티리얼즈,"경기도 화성시 만세구 향남읍 발안공단로4길 110, 3동 201호",25922,도금업,070-4911-8539
637,화성발안일반산업단지,(주)크라테크,경기도 화성시 만세구 향남읍 발안공단로1길 76,"25913, 25914, 70129, 70130",자동차용 금속 압형제품 제조업 외 3 종,031-352-9101
638,화성발안일반산업단지,(주)태성산전,"경기도 화성시 만세구 향남읍 발안공단로4길 98-20, 발안지방산업단지 6-2블럭",29294,주형 및 금형 제조업,031-354-5511
639,화성발안일반산업단지,(주)태영금속 ,"경기도 화성시 만세구 향남읍 발안공단로4길 110, (3동 205호)",25922,도금업,031-352-4632
640,화성발안일반산업단지,(주)태영정공,경기도 화성시 만세구 향남읍 발안공단로1길 70,"25999, 29142, 70129, 70130",그 외 기타 분류 안된 금속 가공 제품 제조업 외 3 종,031-431-0735
641,화성발안일반산업단지,(주)태흥기전,경기도 화성시 만세구 향남읍 발안공단로3길 35,"27216, 28114, 28119, 28123, 28909",배전반 및 전기 자동제어반 제조업 외 4 종,02-896-8300
642,화성발안일반산업단지,(주)테스,경기도 화성시 만세구 향남읍 발안공단로4길 99,29271,반도체 제조용 기계 제조업,031-8059-3262
643,화성발안일반산업단지,(주)테크랜드,경기도 화성시 만세구 향남읍 발안공단로 289,29199,그 외 기타 일반목적용 기계 제조업,031-8059-4745
644,화성발안일반산업단지,(주)테크세원,경기도 화성시 만세구 향남읍 발안공단로 170,32029,기타 목재가구 제조업,031-8059-6231
645,화성발안일반산업단지,(주)티에스테크노,경기도 화성시 만세구 향남읍 제약단지로 18,"25914, 25999, 70129",기타 공학 연구개발업 외 2 종,031-366-8126
646,화성발안일반산업단지,(주)티엘에이치,경기도 화성시 만세구 향남읍 발안공단로4길 17,"25929, 28909",그 외 기타 전기장비 제조업 외 1 종,070-4816-1021
647,화성발안일반산업단지,(주)파마코스텍,경기도 화성시 만세구 향남읍 제약단지로 47,21101,의약용 화합물 및 항생물질 제조업,031-359-9967
648,화성발안일반산업단지,(주)파마피아,경기도 화성시 만세구 향남읍 제약단지로 66,21210,완제 의약품 제조업,02-425-0871
649,화성발안일반산업단지,(주)파인테크글로벌,"경기도 화성시 만세구 향남읍 발안공단로 237, 발안지방산업단지 4-1",29294,주형 및 금형 제조업,031-8059-0262
650,화성발안일반산업단지,(주)퍼스컴프,"경기도 화성시 만세구 향남읍 발안공단로 14, 발안산단 32블럭","28123, 29132, 70129, 70130",기타 공학 연구개발업 외 3 종,032-624-4292
651,화성발안일반산업단지,(주)포그린,경기도 화성시 만세구 향남읍 발안공단로 195,29169,기타 물품 취급장비 제조업,031-411-0225
652,화성발안일반산업단지,(주)풍원정공,경기도 화성시 만세구 향남읍 발안공단로 295,"25113, 25114",육상 금속 골조 구조재 제조업 외 1 종,031-355-2572
653,화성발안일반산업단지,(주)한결엔지니어링,"경기도 화성시 만세구 향남읍 발안공단로4길 17, (구문천리935-24)",25929,그 외 기타 금속가공업,
654,화성발안일반산업단지,(주)한국이알이시,경기도 화성시 만세구 향남읍 발안공단로3길 52 (만세구 향남읍),"25113, 25114, 25932, 28111, 28112, 28114, 28119, 28121, 28122, 28123, 35114",전동기 및 발전기 제조업 외 10 종,070-7493-6995
655,화성발안일반산업단지,(주)한국콤프에어,경기도 화성시 만세구 향남읍 발안공단로 14,"29132, 70129, 70130",기타 공학 연구개발업 외 2 종,031-354-7841
656,화성발안일반산업단지,(주)한국표준엔지니어링,경기도 화성시 만세구 향남읍 발안공단로3길 82,26299,그 외 기타 전자부품 제조업,02-2083-2555
657,화성발안일반산업단지,(주)한성CRS ,"경기도 화성시 만세구 향남읍 발안공단로1길 64, 발안일반산업단지 33-8","25929, 70129",그 외 기타 금속가공업 외 1 종,031-353-5000
658,화성발안일반산업단지,(주)한성씨알에스,경기도 화성시 만세구 향남읍 발안공단로1길 64,"25929, 70129, 70130",기타 공학 연구개발업 외 2 종,031-353-5000
659,화성발안일반산업단지,(주)한신기업,경기도 화성시 만세구 향남읍 발안공단로4길 68,25113,육상 금속 골조 구조재 제조업,031-353-5000
660,화성발안일반산업단지,(주)혜성기업 ,"경기도 화성시 만세구 향남읍 발안공단로4길 114, A동, F동 일부(지분)",25922,도금업,031-353-9720
661,화성발안일반산업단지,CC테크,"경기도 화성시 만세구 향남읍 발안공단로1길 23, 발안일반산업단지 36-7","26212, 26219, 70129, 70130",기타 공학 연구개발업 외 3 종,031-8059-3441
662,화성발안일반산업단지,D.S정공,경기도 화성시 만세구 향남읍 발안공단로 283,"29175, 68112",비주거용 건물 임대업 외 1 종,031-422-7104
663,화성발안일반산업단지,G Tech Korea(지텍코리아),경기도 화성시 만세구 향남읍 발안공단로5길 7-22,25929,그 외 기타 금속가공업,031-831-3845
664,화성발안일반산업단지,M-TECH(엠텍),경기도 화성시 만세구 향남읍 발안공단로4길 9,25924,절삭가공 및 유사처리업,031-8059-8353
665,화성발안일반산업단지,가드너덴버코리아(주),경기도 화성시 만세구 향남읍 발안공단로 14,"29132, 70129, 70130",기타 공학 연구개발업 외 2 종,031-354-4621
666,화성발안일반산업단지,건양공업(주),경기도 화성시 만세구 향남읍 발안공단로4길 71-28,"24222, 25122, 25123, 26429, 30201, 30202",차체 및 특장차 제조업 외 5 종,070-7014-9300
667,화성발안일반산업단지,건우산업,"경기도 화성시 만세구 향남읍 발안공단로 171, (구문천리 929-1, A동 103호)",25922,도금업,031-352-8375
668,화성발안일반산업단지,건일금속,"경기도 화성시 만세구 향남읍 발안공단로 171, (구문천리 929-1, A동 104호)",25922,도금업,031-366-3637
669,화성발안일반산업단지,경기메탈 ,"경기도 화성시 만세구 향남읍 발안공단로4길 114, B동 101-1호",25922,도금업,
670,화성발안일반산업단지,경도전기(주),경기도 화성시 만세구 향남읍 발안공단로3길 82,28123,배전반 및 전기 자동제어반 제조업,031-8059-0550
671,화성발안일반산업단지,경도전기(주) ,경기도 화성시 만세구 향남읍 발안공단로1길 27,"28123, 70129",기타 공학 연구개발업 외 1 종,031-8059-0550
672,화성발안일반산업단지,경동제약(주),경기도 화성시 만세구 향남읍 하길리 1408-19번지,"21101, 21210",완제 의약품 제조업 외 1 종,031-352-0990
673,화성발안일반산업단지,금강전자,"경기도 화성시 만세구 향남읍 발안공단로3길 48, (A동)","26295, 26299",그 외 기타 전자부품 제조업 외 1 종,
674,화성발안일반산업단지,금창사,"경기도 화성시 만세구 향남읍 발안공단로 221, 발안지방산업단지 2-12블럭",25922,도금업,031-366-0049
675,화성발안일반산업단지,기신메가텍(주),경기도 화성시 만세구 향남읍 제약단지로 57,29294,주형 및 금형 제조업,031-355-9811
676,화성발안일반산업단지,기신정기(주),경기도 화성시 만세구 향남읍 제약단지로 57,"29294, 70129, 70130",기타 공학 연구개발업 외 2 종,032-820-1523
677,화성발안일반산업단지,기흥플랜트(주),경기도 화성시 만세구 향남읍 발안공단로1길 19,"25122, 25123, 27199, 29176, 29199, 29299, 70129, 70130",기타 공학 연구개발업 외 7 종,031-206-1436
678,화성발안일반산업단지,남일변압기,"경기도 화성시 만세구 향남읍 발안공단로3길 82, 발안지방산업단지 12블럭 12롯트",28112,변압기 제조업,031-354-8521
679,화성발안일반산업단지,네오텍,"경기도 화성시 만세구 향남읍 발안공단로4길 110, 발안지방산업단지 2블럭 7롯트",25922,도금업,031-353-1586
680,화성발안일반산업단지,다빈테크,경기도 화성시 만세구 향남읍 발안공단로4길 114 B동 101호,25922,도금업,
681,화성발안일반산업단지,대경메디피아,"경기도 화성시 만세구 향남읍 발안공단로1길 3, 발안지방산업단지 36-1","27199, 29229, 70129, 70130",기타 공학 연구개발업 외 3 종,032-676-6042
682,화성발안일반산업단지,대광기업,경기도 화성시 만세구 향남읍 발안지방산업단지 4블럭 8롯트,29142,기어 및 동력전달장치 제조업,031-593-6124
683,화성발안일반산업단지,대명에스앤에스(주),경기도 화성시 만세구 향남읍 발안지방산업단지 33블럭 6롯트,"25112, 70129, 70130",기타 공학 연구개발업 외 2 종,031-8059-0237
684,화성발안일반산업단지,대산엔지니어링,경기도 화성시 만세구 향남읍 발안공단로 41-2,"25113, 25114",육상 금속 골조 구조재 제조업 외 1 종,031-319-8538
685,화성발안일반산업단지,대성공업(주),"경기도 화성시 만세구 향남읍 발안공단로3길 49, 발안지방산업단지 23블럭 8롯트","26410, 30332, 30400",자동차용 신품 전기장치 제조업 외 2 종,031-8059-2635
686,화성발안일반산업단지,대신 ,"경기도 화성시 만세구 향남읍 발안공단로4길 114, C동, F동 일부(지분) (만세구 향남읍)",68112,비주거용 건물 임대업,
687,화성발안일반산업단지,대영특수공업(주),"경기도 화성시 만세구 향남읍 발안공단로 221, 발안일반산업단지 2-12",25922,도금업,031-366-0035
688,화성발안일반산업단지,대영하이텍,"경기도 화성시 만세구 향남읍 발안공단로 237, 발안지방산업단지 4-1",25929,그 외 기타 금속가공업,031-366-6568
689,화성발안일반산업단지,대웅바이오(주)제3공장 ,"경기도 화성시 만세구 향남읍 제약단지로 29, 발안지방산업단지 31블럭 1롯트","21101, 21300, 27192",의약용 화합물 및 항생물질 제조업 외 2 종,031-353-5271
690,화성발안일반산업단지,대원산업(주),경기도 화성시 만세구 향남읍 발안공단로 160,"30393, 31202, 31322",자동차용 신품 의자 제조업 외 2 종,031-495-2301
691,화성발안일반산업단지,대원정밀공업(주),경기도 화성시 만세구 향남읍 발안공단로 156 (대원정밀공업(주)),"30393, 31202, 31322",자동차용 신품 의자 제조업 외 2 종,031-495-0701
692,화성발안일반산업단지,대일씨에프티,"경기도 화성시 만세구 향남읍 발안공단로3길 27, 발안일반산업단지 23-5","25941, 25942, 25999",볼트 및 너트류 제조업 외 2 종,
693,화성발안일반산업단지,대일테크,경기도 화성시 만세구 향남읍 발안공단로4길 16,"25994, 26295, 26299",그 외 기타 전자부품 제조업 외 2 종,
694,화성발안일반산업단지,대진기계공업(주),경기도 화성시 만세구 향남읍 발안공단로3길 103,"29271, 29293",인쇄 및 제책용 기계 제조업 외 1 종,031-366-1880
695,화성발안일반산업단지,대진에프앤씨(주),경기도 화성시 만세구 향남읍 발안공단로3길 87,"25995, 25999",그 외 기타 분류 안된 금속 가공 제품 제조업 외 1 종,031-352-6471
696,화성발안일반산업단지,대한시스템즈(주)화성공장,경기도 화성시 만세구 향남읍 발안공단로3길 100,28302,기타 절연선 및 케이블 제조업,031-8059-4843
697,화성발안일반산업단지,대현기공,경기도 화성시 만세구 향남읍 발안공단로4길 87,"25913, 25914",자동차용 금속 압형제품 제조업 외 1 종,031-352-5941
698,화성발안일반산업단지,더블유에스아이(주),"경기도 화성시 만세구 향남읍 발안공단로 92-95, 발안일반산업단지 20-1",32091,금속 가구 제조업,031-8059-3556
699,화성발안일반산업단지,더원코리아,"경기도 화성시 만세구 향남읍 발안공단로 191, 제씨동",29271,반도체 제조용 기계 제조업,031-366-5526
700,화성발안일반산업단지,덕신테크,"경기도 화성시 만세구 향남읍 발안공단로4길 92, 발안지방산업단지 6블럭 5롯트","29163, 29169",컨베이어장치 제조업 외 1 종,031-352-5113
701,화성발안일반산업단지,덕우산업,경기도 화성시 만세구 향남읍 구문천리 928-13번지 외 1필지 외 1필지,"28123, 29172",공기 조화장치 제조업 외 1 종,031-240-3075
702,화성발안일반산업단지,덕우산업 ,경기도 화성시 만세구 향남읍 발안공단로4길 118,"25113, 29172",육상 금속 골조 구조재 제조업 외 1 종,031-366-2571
703,화성발안일반산업단지,동국레이저,경기도 화성시 만세구 향남읍 하길리 1411-7번지 발안지방산업단지 24블럭 3롯트,68112,비주거용 건물 임대업,031-366-2037
704,화성발안일반산업단지,동일금속,"경기도 화성시 만세구 향남읍 발안공단로 221, 발안일반산업단지 2-12",25922,도금업,031-353-6514
705,화성발안일반산업단지,동주산업,경기도 화성시 만세구 향남읍 발안공단로 92-85,"25913, 25914, 33309, 33409",자동차용 금속 압형제품 제조업 외 3 종,031-354-8330
706,화성발안일반산업단지,두원제관공업(주),경기도 화성시 만세구 향남읍 발안공단로 277,25991,금속 캔 및 기타 포장용기 제조업,043-537-0610
707,화성발안일반산업단지,듀얼시스템 ,경기도 화성시 만세구 향남읍 발안공단로3길 71 (대흥),26129,기타 반도체소자 제조업,031-352-3203
708,화성발안일반산업단지,드림메탈(주) ,"경기도 화성시 만세구 향남읍 발안공단로4길 114, D동, F동 일부(지분) (만세구 향남읍)",25922,도금업,070-4350-4001
709,화성발안일반산업단지,디에스아이,경기도 화성시 만세구 향남읍 발안공단로1길 33,"25924, 70129, 70130",기타 공학 연구개발업 외 2 종,031-831-9761
710,화성발안일반산업단지,디에스테크,"경기도 화성시 만세구 향남읍 발안공단로4길 98-5, 발안지방산업단지 2-6 블럭",29294,주형 및 금형 제조업,031-366-1837
711,화성발안일반산업단지,디큐,경기도 화성시 만세구 향남읍 발안공단로4길 110,25922,도금업,031-831-3527
712,화성발안일반산업단지,램리서치매뉴팩춰링코리아(유),경기도 화성시 만세구 향남읍 발안공단로4길 71-15,29271,반도체 제조용 기계 제조업,031-8055-4900
713,화성발안일반산업단지,명성도금,"경기도 화성시 만세구 향남읍 발안공단로4길 110, 발안산업단지 2-7블럭","25112, 25922",도금업 외 1 종,
714,화성발안일반산업단지,명성산업,경기도 화성시 만세구 향남읍 발안공단로 171,25922,도금업,031-292-4121
715,화성발안일반산업단지,명인제약(주),경기도 화성시 만세구 향남읍 발안공단로 17,"21101, 21210",완제 의약품 제조업 외 1 종,031-352-3737
716,화성발안일반산업단지,미주스틸(주),경기도 화성시 만세구 향남읍 발안공단로2길 9,"25929, 70129",기타 공학 연구개발업 외 1 종,031-366-2501
717,화성발안일반산업단지,반도공영(주),경기도 화성시 만세구 향남읍 발안공단로 195 (만세구 향남읍),29169,기타 물품 취급장비 제조업,031-491-5054
718,화성발안일반산업단지,발안정밀,"경기도 화성시 만세구 향남읍 발안공단로4길 98-23, 발안산업단지 2-3",25929,그 외 기타 금속가공업,031-359-9470
719,화성발안일반산업단지,밥캣물류,경기도 화성시 만세구 향남읍 발안공단로 45,"29261, 29299, 70129, 70130",기타 공학 연구개발업 외 3 종,031-366-1151
720,화성발안일반산업단지,범양금속,경기도 화성시 만세구 향남읍 발안공단로4길 110,"25112, 25922",도금업 외 1 종,
721,화성발안일반산업단지,보은금속,"경기도 화성시 만세구 향남읍 발안공단로4길 110, 발안일반산업단지 2-7","25112, 25922",도금업 외 1 종,
722,화성발안일반산업단지,볼드패닉룸(주),경기도 화성시 만세구 향남읍 발안공단로2길 27,"25119, 70129",기타 구조용 금속제품 제조업 외 1 종,031-358-7011
723,화성발안일반산업단지,부산재활용사촌복지공장,경기도 화성시 만세구 향남읍 구문천리 905번지 발안지방산업단지 11블록6롯트,"28121, 28122, 28123","전기회로 개폐, 보호장치 제조업 외 2 종",031-354-7576
724,화성발안일반산업단지,부흥금속,"경기도 화성시 만세구 향남읍 발안공단로4길 110, 104호, 204호, 304호",25922,도금업,031-366-2674
725,화성발안일반산업단지,비득지(주) ,"경기도 화성시 만세구 향남읍 발안공단로4길 114, B동 102호",25922,도금업,
726,화성발안일반산업단지,비케이텍크,"경기도 화성시 만세구 향남읍 발안공단로4길 71-10, 발안지방산업단지 5블럭 6롯트","25913, 25914",자동차용 금속 압형제품 제조업 외 1 종,031-366-6748
727,화성발안일반산업단지,비케이텍크,경기도 화성시 만세구 향남읍 발안공단로4길 35,28123,배전반 및 전기 자동제어반 제조업,031-366-6748
728,화성발안일반산업단지,빌폰트코리아전광,경기도 화성시 만세구 향남읍 발안공단로3길 97,28302,기타 절연선 및 케이블 제조업,031-8059-3449
729,화성발안일반산업단지,삼광테크,경기도 화성시 만세구 향남읍 발안공단로 289,25929,그 외 기타 금속가공업,
730,화성발안일반산업단지,삼성테크(주),"경기도 화성시 만세구 향남읍 발안공단로4길 110, 발안산업단지 2-7블럭",25929,그 외 기타 금속가공업,031-354-5895
731,화성발안일반산업단지,삼영테크,"경기도 화성시 만세구 향남읍 발안공단로4길 110, 2동 201호 (만세구 향남읍)",25922,도금업,031-352-9024
732,화성발안일반산업단지,삼우금속,"경기도 화성시 만세구 향남읍 발안공단로4길 110, 발안일반산업단지 2-7","25112, 25922",도금업 외 1 종,031-366-6411
733,화성발안일반산업단지,삼이송메탈,"경기도 화성시 만세구 향남읍 발안공단로1길 29, 발안지방산업단지 36블럭 9롯트","25929, 70129, 70130",기타 공학 연구개발업 외 2 종,031-366-5620
734,화성발안일반산업단지,삼천리열처리공업(주),"경기도 화성시 만세구 마도면 마도공단로 340, 일반산업단지 16-8",25921,금속 열처리업,031-366-7402
735,화성발안일반산업단지,삼형전자(주),경기도 화성시 만세구 향남읍 발안공단로5길 65,"26410, 26421, 26521, 26529, 28114, 28119, 28423",방송장비 제조업 외 6 종,031-354-4478
736,화성발안일반산업단지,새론기계,경기도 화성시 만세구 향남읍 발안공단로4길 65,29294,주형 및 금형 제조업,031-298-3450
737,화성발안일반산업단지,새한정밀,"경기도 화성시 만세구 향남읍 발안공단로 191, D동",29294,주형 및 금형 제조업,031-358-0666
738,화성발안일반산업단지,서울비철(주),"경기도 화성시 만세구 향남읍 발안공단로 178-10, 발안일반산업단지 7-3","25113, 25114",육상 금속 골조 구조재 제조업 외 1 종,031-366-3013
739,화성발안일반산업단지,서울비철(주),경기도 화성시 만세구 향남읍 발안공단로 178-14,33999,그 외 기타 달리 분류되지 않은 제품 제조업,031-366-3013
740,화성발안일반산업단지,서울비철(주) ,경기도 화성시 만세구 향남읍 발안공단로 170-1,33999,그 외 기타 달리 분류되지 않은 제품 제조업,031-366-3013
741,화성발안일반산업단지,선일하이텍,"경기도 화성시 만세구 향남읍 발안공단로 171, (구문천리 929-1 A동 105호)",25922,도금업,031-366-1781
742,화성발안일반산업단지,선진하이텍 ,경기도 화성시 만세구 향남읍 발안공단로4길 13,"26292, 27212, 28123, 28909",배전반 및 전기 자동제어반 제조업 외 3 종,031-8059-1387
743,화성발안일반산업단지,성우실업 ,경기도 화성시 만세구 향남읍 발안공단로4길 110,25929,그 외 기타 금속가공업,031-353-5209
744,화성발안일반산업단지,성우화학(주),경기도 화성시 만세구 향남읍 발안공단로1길 32,21210,완제 의약품 제조업,031-359-8616
745,화성발안일반산업단지,성원자동기계(주),경기도 화성시 만세구 향남읍 발안공단로3길 109,"28123, 29192, 29299",배전반 및 전기 자동제어반 제조업 외 2 종,031-366-0600
746,화성발안일반산업단지,성지E&C,경기도 화성시 만세구 향남읍 발안공단로4길 86,25929,그 외 기타 금속가공업,031-354-3638
747,화성발안일반산업단지,세화공업(주),"경기도 화성시 만세구 향남읍 발안공단로3길 42, 발안지방산업단지 12블럭 7롯트","28909, 30332, 30400",그 외 기타 전기장비 제조업 외 2 종,031-366-5775
748,화성발안일반산업단지,세화공업(주),"경기도 화성시 만세구 향남읍 발안공단로1길 8, (하길리1407-18) (만세구 향남읍) 외 1필지","30332, 30400, 70129, 70130",기타 공학 연구개발업 외 3 종,031-366-5775
749,화성발안일반산업단지,세화공업(주)제2공장,"경기도 화성시 만세구 향남읍 발안공단로3길 42, 산업단지 12-7","30332, 30400",자동차용 신품 전기장치 제조업 외 1 종,031-366-5775
750,화성발안일반산업단지,소망테크 ,"경기도 화성시 만세구 향남읍 발안공단로4길 71-10, C",25119,기타 구조용 금속제품 제조업,
751,화성발안일반산업단지,수일금속,"경기도 화성시 만세구 향남읍 발안공단로4길 110, 발안일반산업단지2-7",25922,도금업,031-354-9494
752,화성발안일반산업단지,승연산업(주),경기도 화성시 만세구 향남읍 발안공단로4길 126,25112,구조용 금속 판제품 및 공작물 제조업,031-352-7741
753,화성발안일반산업단지,승진정밀,"경기도 화성시 만세구 향남읍 발안공단로4길 125, 104동 (만세구 향남읍)",29294,주형 및 금형 제조업,031-366-4741
754,화성발안일반산업단지,신라다이아몬드,경기도 화성시 만세구 향남읍 발안공단로 311,29223,금속 절삭기계 제조업,031-8059-4391
755,화성발안일반산업단지,신명엔지니어링,"경기도 화성시 만세구 향남읍 발안공단로4길 125, 102동 2호",29271,반도체 제조용 기계 제조업,031-354-6471
756,화성발안일반산업단지,신성정밀,경기도 화성시 만세구 향남읍 발안지방산업단지 2블럭9롯트,29294,주형 및 금형 제조업,031-8059-1447
757,화성발안일반산업단지,신안정공(주) ,경기도 화성시 만세구 향남읍 발안공단로 50,"25924, 25929, 70129",기타 공학 연구개발업 외 2 종,031-366-1653
758,화성발안일반산업단지,신양금속,"경기도 화성시 만세구 향남읍 발안공단로4길 110, 104,204,304호",25922,도금업,031-353-9412
759,화성발안일반산업단지,신웅하크텍,"경기도 화성시 만세구 향남읍 발안공단로 221, 발안일반산업단지 2-12",25922,도금업,031-366-0646
760,화성발안일반산업단지,신일공영(주),경기도 화성시 만세구 향남읍 발안공단로5길 7-14,"25112, 28123",배전반 및 전기 자동제어반 제조업 외 1 종,031-366-6813
761,화성발안일반산업단지,신일공영(주) ,경기도 화성시 만세구 향남읍 발안공단로4길 84,25112,구조용 금속 판제품 및 공작물 제조업,031-366-6813
762,화성발안일반산업단지,신한이앤티(주),"경기도 화성시 만세구 향남읍 발안공단로4길 125, 발안일반산업단지 4-4","29173, 29175, 29242",산업용 송풍기 및 배기장치 제조업 외 2 종,031-354-2067
763,화성발안일반산업단지,신흥공업사,"경기도 화성시 만세구 향남읍 발안공단로4길 107, 발안지방산업단지 4블록 7로트","25994, 29210, 35114",금속 표시판 제조업 외 2 종,031-352-5347
764,화성발안일반산업단지,신흥플랜트(주),"경기도 화성시 만세구 향남읍 발안공단로1길 48, (하길리 1412-16)","25122, 25123, 29176, 29199, 70129, 70130",기타 공학 연구개발업 외 5 종,031-366-4781
765,화성발안일반산업단지,신희씨앤엠(주),경기도 화성시 만세구 향남읍 발안공단로1길 77,"25932, 70129, 70130",일반철물 제조업 외 2 종,031-366-2446
766,화성발안일반산업단지,신희씨앤엠(주),경기도 화성시 만세구 향남읍 발안공단로1길 57,"25932, 25933, 27194, 29161, 29210, 29280, 29299, 70129",일반철물 제조업 외 7 종,031-366-2446
767,화성발안일반산업단지,씨에스메탈,"경기도 화성시 만세구 향남읍 발안공단로4길 110, 2동 201호 (만세구 향남읍)",25922,도금업,
768,화성발안일반산업단지,씨엠테크 ,경기도 화성시 만세구 향남읍 발안공단로 92-85,33920,사무 및 회화용품 제조업,
769,화성발안일반산업단지,씨엠피테크,경기도 화성시 만세구 향남읍 발안공단로5길 7-22,29271,반도체 제조용 기계 제조업,031-8077-2638
770,화성발안일반산업단지,아이엠씨디코리아주식회사,"경기도 화성시 만세구 향남읍 발안공단로1길 26, 발안일반산업단지 34-6",21210,완제 의약품 제조업,031-353-3717
771,화성발안일반산업단지,에스엠테크,경기도 화성시 만세구 향남읍 발안공단로 92-63,"29176, 29199",그 외 기타 일반목적용 기계 제조업 외 1 종,031-352-0234
772,화성발안일반산업단지,에스엠티서울기연(주),"경기도 화성시 만세구 향남읍 발안공단로1길 81, 발안지방산업단지 36-23","28111, 28114, 28119, 70121",전기ㆍ전자공학 연구개발업 외 3 종,031-354-9941
773,화성발안일반산업단지,에이디텍스(주),경기도 화성시 만세구 향남읍 발안지방산업단지 4블럭 8롯트,29142,기어 및 동력전달장치 제조업,031-499-5765
774,화성발안일반산업단지,에이원테크(주),경기도 화성시 만세구 향남읍 발안공단로3길 34,25929,그 외 기타 금속가공업,031-352-5375
775,화성발안일반산업단지,에이치엘비이노베이션,"경기도 화성시 만세구 향남읍 발안공단로4길 16, (구문천리928)","26295, 26299",그 외 기타 전자부품 제조업 외 1 종,031-522-3700
776,화성발안일반산업단지,에이플러스,"경기도 화성시 만세구 향남읍 발안공단로4길 114, D동, F동 일부(지분) (만세구 향남읍)",25922,도금업,
777,화성발안일반산업단지,에이피시스템(주)발안지점,경기도 화성시 만세구 향남읍 발안공단로4길 71-15,29271,반도체 제조용 기계 제조업,031-379-2700
778,화성발안일반산업단지,에코위자드(주),"경기도 화성시 만세구 향남읍 발안공단로 301, (발안산단 4-13블럭)","29174, 29175",기체 여과기 제조업 외 1 종,02-6749-7100
779,화성발안일반산업단지,엘테크,"경기도 화성시 만세구 향남읍 발안공단로 191, A동 (만세구 향남읍)",29271,반도체 제조용 기계 제조업,031-366-2286
780,화성발안일반산업단지,엘테크,경기도 화성시 만세구 향남읍 발안공단로 178-5,29271,반도체 제조용 기계 제조업,031-366-2286
781,화성발안일반산업단지,엠에스텔레콤(주),"경기도 화성시 만세구 향남읍 발안공단로5길 65, 발안지방산업단지 11B 4L","26410, 26421, 26429, 26521, 26529, 28423",방송장비 제조업 외 5 종,031-354-1732
782,화성발안일반산업단지,엠에스티,"경기도 화성시 만세구 향남읍 발안공단로4길 114, C동 101호",25922,도금업,
783,화성발안일반산업단지,열기테크뉴,경기도 화성시 만세구 향남읍 발안공단로 171,25922,도금업,
784,화성발안일반산업단지,영상기공,경기도 화성시 만세구 향남읍 발안공단로3길 10,29294,주형 및 금형 제조업,031-431-8051
785,화성발안일반산업단지,예일아이엔씨,"경기도 화성시 만세구 향남읍 발안공단로 243, 발안지방산업단지 4B 2L","29174, 29175",기체 여과기 제조업 외 1 종,031-341-5377
786,화성발안일반산업단지,오빌하이테크전자,경기도 화성시 만세구 향남읍 발안공단로3길 100,68112,비주거용 건물 임대업,031-8059-3449
787,화성발안일반산업단지,와이엠테크,경기도 화성시 만세구 향남읍 발안공단로4길 114 C동 201호,25922,도금업,
788,화성발안일반산업단지,용선시스템(주),경기도 화성시 만세구 향남읍 발안공단로4길 31,26529,기타 음향기기 제조업,031-354-1301
789,화성발안일반산업단지,우광산업기계,"경기도 화성시 만세구 향남읍 발안공단로 191, E동","25112, 25113, 25114",구조용 금속 판제품 및 공작물 제조업 외 2 종,031-354-4340
790,화성발안일반산업단지,우주,경기도 화성시 만세구 향남읍 발안공단로4길 97-16,68112,비주거용 건물 임대업,031-352-9272
791,화성발안일반산업단지,운복정밀,경기도 화성시 만세구 향남읍 발안공단로5길 7-24,26299,그 외 기타 전자부품 제조업,031-359-9621
792,화성발안일반산업단지,원진테크,"경기도 화성시 만세구 향남읍 발안공단로4길 110, 발안일반산업단지 2-7 1동 102호",25922,도금업,031-353-1640
793,화성발안일반산업단지,원진투테크,"경기도 화성시 만세구 향남읍 발안공단로4길 110, 3동 203호",25922,도금업,
794,화성발안일반산업단지,유니원테크주식회사,경기도 화성시 만세구 향남읍 발안공단로1길 13,"26295, 26299",그 외 기타 전자부품 제조업 외 1 종,031-611-9532
795,화성발안일반산업단지,유통상사케이앤드비,경기도 화성시 만세구 향남읍 발안공단로 148,32099,그 외 기타 가구 제조업,031-366-1860
796,화성발안일반산업단지,윤진산업(화성),"경기도 화성시 만세구 향남읍 발안공단로4길 125, 발안일반산업단지 4-4",68112,비주거용 건물 임대업,031-493-0771
797,화성발안일반산업단지,율천정밀(주),"경기도 화성시 만세구 향남읍 발안공단로 295, 발안지방산업단지 4-14","25913, 25914",자동차용 금속 압형제품 제조업 외 1 종,031-492-0706
798,화성발안일반산업단지,은광기업 ,"경기도 화성시 만세구 향남읍 발안공단로4길 114, B동 202호",25922,도금업,031-366-0524
799,화성발안일반산업단지,의신금속,"경기도 화성시 만세구 향남읍 발안공단로4길 110, 발안일반산업단지 2-7",68112,비주거용 건물 임대업,031-353-7403
800,화성발안일반산업단지,이노시스템,경기도 화성시 만세구 향남읍 발안공단로4길 98-10,68112,비주거용 건물 임대업,031-352-2965
801,화성발안일반산업단지,이케이(주)화성공장,"경기도 화성시 만세구 향남읍 발안공단로 188, 발안지방산업단지 1블럭1롯트",25924,절삭가공 및 유사처리업,031-8059-5591
802,화성발안일반산업단지,인베스트레이저,경기도 화성시 만세구 향남읍 발안공단로4길 9,25929,그 외 기타 금속가공업,031-352-9787
803,화성발안일반산업단지,인터메카(주),경기도 화성시 만세구 향남읍 발안공단로4길 65,"25924, 29271",반도체 제조용 기계 제조업 외 1 종,031-378-0880
804,화성발안일반산업단지,일신금속 ,"경기도 화성시 만세구 향남읍 발안공단로 171, 102호",25922,도금업,
805,화성발안일반산업단지,일신아이비에스(주),"경기도 화성시 만세구 향남읍 발안공단로4길 71-10, 발안지방산업단지 5블럭 6롯트",28512,가정용 전기 난방기기 제조업,031-352-4121
806,화성발안일반산업단지,일진정밀(주) 발안지점,"경기도 화성시 만세구 향남읍 발안공단로 295, 발안지방산업단지 4-14","25913, 25914",자동차용 금속 압형제품 제조업 외 1 종,031-366-4863
807,화성발안일반산업단지,장인ENG,경기도 화성시 만세구 향남읍 발안공단로 163,25912,금속 단조제품 제조업,031-353-8303
808,화성발안일반산업단지,정우엔텍 주식회사 ,"경기도 화성시 만세구 향남읍 발안공단로4길 110, 2층 205호","25112, 25922",도금업 외 1 종,031-227-2920
809,화성발안일반산업단지,제넥스이앤엠주식회사,경기도 화성시 만세구 향남읍 발안공단로1길 81,"28111, 28114, 28119, 29210, 70121",전기ㆍ전자공학 연구개발업 외 4 종,031-1644-2060
810,화성발안일반산업단지,제이앤비(주),경기도 화성시 만세구 향남읍 발안공단로5길 7-28,29271,반도체 제조용 기계 제조업,031-8059-5849
811,화성발안일반산업단지,제이에스,"경기도 화성시 만세구 향남읍 발안공단로4길 114, B동 102호,202호, F동 일부(지분) (만세구 향남읍)",25922,도금업,
812,화성발안일반산업단지,제이제이테크,"경기도 화성시 만세구 향남읍 발안공단로 191, 에이치동",25929,그 외 기타 금속가공업,
813,화성발안일반산업단지,제일레이저(주),경기도 화성시 만세구 향남읍 발안공단로3길 9,25929,그 외 기타 금속가공업,031-354-3054
814,화성발안일반산업단지,제일레이저(주)제2공장,경기도 화성시 만세구 향남읍 발안공단로 81,25929,그 외 기타 금속가공업,031-352-9730
815,화성발안일반산업단지,조양메탈(주),"경기도 화성시 만세구 향남읍 발안공단로 92-55, 발안지방산업단지 20B 5LT","25929, 32091",금속 가구 제조업 외 1 종,031-8059-3021
816,화성발안일반산업단지,좋은기업,경기도 화성시 만세구 향남읍 제약단지로 13-13,"25929, 70129, 70130",그 외 기타 금속가공업 외 2 종,031-227-2662
817,화성발안일반산업단지,주식회사 국전약품,경기도 화성시 만세구 향남읍 발안공단로1길 52,"21101, 70111, 70113, 70121","물리, 화학 및 생물학 연구개발업 외 3 종",070-4894-6302
818,화성발안일반산업단지,주식회사 다온테크원,"경기도 화성시 만세구 향남읍 발안공단로3길 82, 발안지방산업단지 12블럭 12롯트",28909,그 외 기타 전기장비 제조업,
819,화성발안일반산업단지,주식회사 루벤,경기도 화성시 만세구 향남읍 제약단지로 13-1,"29280, 29292, 70130",자연과학 및 공학 융합 연구개발업 외 2 종,031-366-5118
820,화성발안일반산업단지,주식회사 명성비철,경기도 화성시 만세구 향남읍 발안공단로3길 39,26299,그 외 기타 전자부품 제조업,031-8059-4117
821,화성발안일반산업단지,주식회사 성화인더스트리 ,경기도 화성시 만세구 향남읍 발안공단로 217,29294,주형 및 금형 제조업,031-357-2326
822,화성발안일반산업단지,주식회사 시어스제약,경기도 화성시 만세구 향남읍 발안공단로 32 (만세구 향남읍),21300,의료용품 및 기타 의약 관련제품 제조업,031-351-3355
823,화성발안일반산업단지,주식회사 신성이엔지,경기도 화성시 만세구 향남읍 발안공단로4길 118,"25113, 29172",육상 금속 골조 구조재 제조업 외 1 종,031-260-1309
824,화성발안일반산업단지,주식회사 신성피씨,경기도 화성시 만세구 향남읍 제약단지로 71,"25941, 25942, 25999, 70129, 70130",볼트 및 너트류 제조업 외 4 종,031-354-3424
825,화성발안일반산업단지,주식회사 에스에이엠디,"경기도 화성시 만세구 향남읍 발안공단로4길 98-10, 발안지방산업단지 6-4블럭",25929,그 외 기타 금속가공업,031-4999-9050
826,화성발안일반산업단지,주식회사 우진화성 ,"경기도 화성시 만세구 향남읍 발안공단로4길 110, 발안산업단지 2-7블럭","25112, 25922",도금업 외 1 종,031-354-4913
827,화성발안일반산업단지,주식회사 은서테크,경기도 화성시 만세구 향남읍 발안공단로5길 59,"26294, 35114","전자코일, 변성기 및 기타 전자 유도자 제조업 외 1 종",031-8059-6017
828,화성발안일반산업단지,주식회사 한울(지점),경기도 화성시 만세구 향남읍 발안공단로 51,"25122, 25123, 27213, 29175, 29176, 29199, 29299, 70129, 70130",금속탱크 및 저장용기 제조업 외 8 종,031-8055-8190
829,화성발안일반산업단지,주식회사태상,"경기도 화성시 만세구 향남읍 발안공단로 307, 발안지방산업단지 4블럭12롯트",29294,주형 및 금형 제조업,031-354-3131
830,화성발안일반산업단지,준테크,"경기도 화성시 만세구 향남읍 발안공단로4길 98-5, 발안지방산업단지 2-6 블럭",29294,주형 및 금형 제조업,
831,화성발안일반산업단지,지텍코리아(주) ,경기도 화성시 만세구 향남읍 발안공단로5길 7-22,25929,그 외 기타 금속가공업,031-831-3845
832,화성발안일반산업단지,진광정밀,"경기도 화성시 만세구 향남읍 발안공단로4길 113, 발안지방산업단지 4-6",22299,그 외 기타 플라스틱 제품 제조업,031-359-9052
833,화성발안일반산업단지,진광정밀주식회사,경기도 화성시 만세구 향남읍 발안공단로4길 113,22222,설치용 및 위생용 플라스틱제품 제조업,031-359-9053
834,화성발안일반산업단지,진성금속(주),경기도 화성시 만세구 향남읍 발안공단로 37,"25929, 70129",기타 공학 연구개발업 외 1 종,031-354-7492
835,화성발안일반산업단지,진테크,경기도 화성시 만세구 향남읍 발안공단로4길 110,25922,도금업,031-366-4975
836,화성발안일반산업단지,진하이텍,"경기도 화성시 만세구 향남읍 발안공단로4길 110, 발안산업단지 2-7블럭",25922,도금업,
837,화성발안일반산업단지,창성전기(주),"경기도 화성시 만세구 향남읍 발안공단로 195, 발안지방산업단지 2B-2L",28123,배전반 및 전기 자동제어반 제조업,031-352-5157
838,화성발안일반산업단지,창성전기(주),경기도 화성시 만세구 향남읍 발안공단로3길 90,28123,배전반 및 전기 자동제어반 제조업,031-352-5157
839,화성발안일반산업단지,천일,경기도 화성시 만세구 향남읍 발안공단로1길 76,"25913, 25914, 70129, 70130",기타 공학 연구개발업 외 3 종,031-366-5057
840,화성발안일반산업단지,청일공업(주),경기도 화성시 만세구 향남읍 발안공단로5길 17,29294,주형 및 금형 제조업,031-8059-0225
841,화성발안일반산업단지,케이앤더블유(주),경기도 화성시 만세구 향남읍 발안공단로4길 91,29294,주형 및 금형 제조업,031-366-3900
842,화성발안일반산업단지,케이엠지(주),경기도 화성시 만세구 향남읍 발안공단로 289,"26295, 26299",그 외 기타 전자부품 제조업 외 1 종,031-366-3505
843,화성발안일반산업단지,케이제이전자 주식회사,경기도 화성시 만세구 향남읍 발안공단로4길 113,22222,설치용 및 위생용 플라스틱제품 제조업,031-8059-0771
844,화성발안일반산업단지,케이제이전자(주),경기도 화성시 만세구 향남읍 발안공단로4길 113 (만세구 향남읍),22222,설치용 및 위생용 플라스틱제품 제조업,031-8059-0771
845,화성발안일반산업단지,코먼메탈,"경기도 화성시 만세구 향남읍 발안공단로4길 114, B동 104호,204호, F동 일부(지분) (만세구 향남읍)",25922,도금업,
846,화성발안일반산업단지,탑엔프라,경기도 화성시 만세구 향남읍 발안공단로3길 48 (TOP ENPLA),"26295, 26299",그 외 기타 전자부품 제조업 외 1 종,031-353-8512
847,화성발안일반산업단지,탑케미텍주식회사,경기도 화성시 만세구 향남읍 발안공단로4길 110,25922,도금업,031-8059-0943
848,화성발안일반산업단지,태광금속,"경기도 화성시 만세구 향남읍 발안공단로 85, 발안일반산업단지 23-1B/L",25929,그 외 기타 금속가공업,
849,화성발안일반산업단지,태광정밀,"경기도 화성시 만세구 향남읍 제약단지로 13-61, 발안일반산업단지 35-1","25929, 70129, 70130",기타 공학 연구개발업 외 2 종,031-8059-6681
850,화성발안일반산업단지,태림산업 ,경기도 화성시 만세구 향남읍 발안공단로4길 71-23,25929,그 외 기타 금속가공업,070-7014-9319
851,화성발안일반산업단지,태안산업,"경기도 화성시 만세구 향남읍 발안공단로4길 114, B동 103호,203호, F동 일부(지분) (만세구 향남읍)",25922,도금업,
852,화성발안일반산업단지,팬컴,"경기도 화성시 만세구 향남읍 발안공단로4길 5, 발안일반산업단지 12-6B/L",29294,주형 및 금형 제조업,
853,화성발안일반산업단지,하나제약(주) ,"경기도 화성시 만세구 향남읍 제약단지로 13-39, 발안지방산업단지 30블럭 1롯트",21210,완제 의약품 제조업,031-366-5511
854,화성발안일반산업단지,하나플랜트,"경기도 화성시 만세구 서신면 화남공단로 126, (송교리 42-99,42-100 화남일반산업단지 3-7블럭)","25113, 25114",육상 금속 골조 구조재 제조업 외 1 종,
855,화성발안일반산업단지,하이윈코퍼레이션(주),경기도 화성시 만세구 향남읍 발안공단로 178-14,"29280, 33910, 33932",전시용 모형 제조업 외 2 종,031-298-6435
856,화성발안일반산업단지,한국오바라(주),경기도 화성시 만세구 향남읍 발안공단로4길 97-23 (만세구 향남읍),"28909, 29294",주형 및 금형 제조업 외 1 종,031-350-7071
857,화성발안일반산업단지,한국이엔엠(주),"경기도 화성시 만세구 향남읍 발안공단로 178-9, 발안일반산업단지 1-1","29163, 29169",컨베이어장치 제조업 외 1 종,031-420-4710
858,화성발안일반산업단지,한서테크노(주),"경기도 화성시 만세구 향남읍 발안공단로4길 135, 발안지방산업단지 4-1",29120,유압기기 제조업,031-354-2639
859,화성발안일반산업단지,한성,"경기도 화성시 만세구 향남읍 발안공단로 191, C동 (만세구 향남읍)",25924,절삭가공 및 유사처리업,031-499-8463
860,화성발안일반산업단지,한성정밀,"경기도 화성시 만세구 향남읍 발안공단로4길 73, 발안산업단지5-7블럭","25113, 25114",육상 금속 골조 구조재 제조업 외 1 종,031-232-2707
861,화성발안일반산업단지,한솔아이원스(주),"경기도 화성시 만세구 향남읍 발안공단로4길 71-25, (구문천리 934-1)",29271,반도체 제조용 기계 제조업,031-378-7791
862,화성발안일반산업단지,한솔아이원스(주) ,경기도 화성시 만세구 향남읍 발안공단로4길 71-29 외 1필지,29271,반도체 제조용 기계 제조업,031-378-7791
863,화성발안일반산업단지,한일기업,"경기도 화성시 만세구 향남읍 발안공단로4길 110, 발안산업단지 2-7블럭",68112,비주거용 건물 임대업,
864,화성발안일반산업단지,해명테크 ,"경기도 화성시 만세구 향남읍 발안공단로4길 110, 1동 102호",25922,도금업,
865,화성발안일반산업단지,현미금속 주식회사,"경기도 화성시 만세구 향남읍 발안공단로4길 110, 3동105호",25922,도금업,031-352-1104
866,화성발안일반산업단지,현테크,"경기도 화성시 만세구 향남읍 발안공단로1길 9, 발안지방산업단지 36-4","29261, 29299, 70129, 70130",기타 공학 연구개발업 외 3 종,031-8059-8930
867,화성발안일반산업단지,혜성기업 ,"경기도 화성시 만세구 향남읍 발안공단로4길 114, B동 101호,201호, F동 일부(지분) (만세구 향남읍)",25922,도금업,031-353-9720
868,화성발안일반산업단지,혜인테크,경기도 화성시 만세구 향남읍 발안공단로4길 125,25929,그 외 기타 금속가공업,031-222-7939
869,화성발안일반산업단지,호건금속,경기도 화성시 만세구 향남읍 발안공단로4길 114 B동 201호,25922,도금업,031-352-8520
870,화성발안일반산업단지,화성기공사,경기도 화성시 만세구 향남읍 발안공단로 267,25112,구조용 금속 판제품 및 공작물 제조업,031-366-0057
871,화성발안일반산업단지,화일약품(주),"경기도 화성시 만세구 향남읍 발안공단로1길 45, 발안지방산업단지 36B-13L (만세구 향남읍)",21210,완제 의약품 제조업,031-353-4101
872,화성발안일반산업단지,효동기계공업(주) 제1공장 ,경기도 화성시 만세구 향남읍 발안공단로4길 97-17 (만세구 향남읍) 외 1필지,"29222, 29223, 29224",금속 절삭기계 제조업 외 2 종,070-7119-5900
873,화성발안일반산업단지,흥광테크(주) 제1공장,"경기도 화성시 만세구 마도면 마도공단로5길 16, 마도지방9-8",25924,절삭가공 및 유사처리업,031-366-8595
874,화성발안일반산업단지,희은금속,"경기도 화성시 만세구 향남읍 발안공단로4길 114, E동, F동 일부(지분)",25922,도금업,031-353-8075
875,화성전곡해양일반산업단지,(주)강남,경기도 화성시 만세구 서신면 전곡산단로 40,68112,비주거용 건물 임대업,051-260-6026
876,화성전곡해양일반산업단지,(주)건농,경기도 화성시 만세구 서신면 전곡산단13길 23,"10802, 20312, 20499",그 외 기타 분류 안된 화학제품 제조업 외 2 종,031-356-3810
877,화성전곡해양일반산업단지,(주)경동와이어,경기도 화성시 만세구 서신면 전곡산단11길 108,25944,금속선 가공제품 제조업,031-432-8445
878,화성전곡해양일반산업단지,(주)나린메디코스 ,경기도 화성시 만세구 서신면 전곡산단11길 15-24,20423,화장품 제조업,031-356-6223
879,화성전곡해양일반산업단지,(주)뉴퍼스,경기도 화성시 만세구 서신면 전곡산단로 154-35,"32021, 32029",기타 목재가구 제조업 외 1 종,031-419-4774
880,화성전곡해양일반산업단지,(주)뉴퍼스 ,"경기도 화성시 만세구 서신면 전곡산단로 174-14, (전곡해양일반산덥단지 69블록)","32021, 32029",기타 목재가구 제조업 외 1 종,031-364-8383
881,화성전곡해양일반산업단지,(주)대광플라텍,경기도 화성시 만세구 서신면 전곡산단4길 47,"22241, 22249",운송장비 조립용 플라스틱제품 제조업 외 1 종,031-366-9123
882,화성전곡해양일반산업단지,(주)대명내이처오션  ,경기도 화성시 만세구 서신면 전곡산단4길 38,"10749, 20312, 20499",그 외 기타 분류 안된 화학제품 제조업 외 2 종,031-355-4597
883,화성전곡해양일반산업단지,(주)대성플랜트,경기도 화성시 만세구 서신면 전곡산단11길 78,"25113, 25114",육상 금속 골조 구조재 제조업 외 1 종,031-357-4031
884,화성전곡해양일반산업단지,(주)대유켐,경기도 화성시 만세구 서신면 전곡산단4길 49,20493,접착제 및 젤라틴 제조업,031-356-2661
885,화성전곡해양일반산업단지,(주)더경종합건설,경기도 화성시 만세구 서신면 전곡산단8나길 18,20499,그 외 기타 분류 안된 화학제품 제조업,032-569-7008
886,화성전곡해양일반산업단지,(주)더블엠코퍼레이션,경기도 화성시 만세구 서신면 전곡산단13길 23,"20411, 20412, 20424",표면광택제 및 실내가향제 제조업 외 2 종,
887,화성전곡해양일반산업단지,(주)덕성화학,"경기도 화성시 만세구 서신면 전곡산단6길 10, 전곡해양일반산업단지 94블록",20499,그 외 기타 분류 안된 화학제품 제조업,031-413-7785
888,화성전곡해양일반산업단지,(주)덴티움 ,경기도 화성시 만세구 서신면 전곡산단로 106,"25924, 27192",절삭가공 및 유사처리업 외 1 종,070-7098-6345
889,화성전곡해양일반산업단지,(주)동남에스컬레이터,"경기도 화성시 만세구 서신면 전곡산단15길 16, (전곡해양일반산업단지 54블록)",29162,승강기 제조업,031-355-1556
890,화성전곡해양일반산업단지,(주)동우기계 전곡산단지점,경기도 화성시 만세구 서신면 전곡산단10길 21,29223,금속 절삭기계 제조업,031-366-7991
891,화성전곡해양일반산업단지,(주)디지에스 ,경기도 화성시 만세구 서신면 전곡산단로 290,"30391, 30392, 30399, 30400",그 외 자동차용 신품 부품 제조업 외 3 종,031-319-8850
892,화성전곡해양일반산업단지,(주)맨지온 ,경기도 화성시 만세구 서신면 전곡산단로 100,29175,액체 여과기 제조업,031-355-3108
893,화성전곡해양일반산업단지,(주)메리츠컴퍼니,"경기도 화성시 만세구 서신면 전곡산단13길 7, 1동","16229, 22212, 22213, 25113, 25114",플라스틱 필름 제조업 외 4 종,070-4495-6359
894,화성전곡해양일반산업단지,(주)명성알루미늄 ,경기도 화성시 만세구 서신면 전곡산단7길 12,"24222, 25923",도장 및 기타 피막처리업 외 1 종,031-491-1947
895,화성전곡해양일반산업단지,(주)명성알루미늄 제2공장,경기도 화성시 만세구 서신면 전곡리 1107-3번지,25923,도장 및 기타 피막처리업,031-491-1947
896,화성전곡해양일반산업단지,(주)명인산업 ,경기도 화성시 만세구 서신면 전곡리 1107-10번지 (75-2 필지),29120,유압기기 제조업,031-499-2345
897,화성전곡해양일반산업단지,(주)뫼베플러스 ,경기도 화성시 만세구 서신면 전곡산단11길 27,"25111, 25119, 25999, 28122, 32029, 32091",기타 목재가구 제조업 외 5 종,031-495-6775
898,화성전곡해양일반산업단지,(주)미륭산업,경기도 화성시 만세구 서신면 전곡산단7길 6,"25113, 25114, 25913, 25914, 29162, 29222, 29224",승강기 제조업 외 6 종,032-819-4292
899,화성전곡해양일반산업단지,(주)백운엔지니어링,경기도 화성시 만세구 서신면 전곡산단9길 5,29294,주형 및 금형 제조업,070-4632-1294
900,화성전곡해양일반산업단지,(주)봉화엔지니어링 ,"경기도 화성시 만세구 서신면 전곡산단4길 42, 전곡해양일반산업단지 28-1C블록",22299,그 외 기타 플라스틱 제품 제조업,031-312-7748
901,화성전곡해양일반산업단지,(주)비비테크,"경기도 화성시 만세구 서신면 전곡산단13길 23, 1동 102호",29271,반도체 제조용 기계 제조업,031-8009-0777
902,화성전곡해양일반산업단지,(주)비비테크 화성공장,경기도 화성시 만세구 서신면 전곡산단10길 35,25923,도장 및 기타 피막처리업,031-8009-0777
903,화성전곡해양일반산업단지,(주)사랑과정성 ,경기도 화성시 만세구 서신면 전곡산단13길 3,"10741, 10742, 10743","식초, 발효 및 화학 조미료 제조업 외 2 종",031-414-7005
904,화성전곡해양일반산업단지,(주)삼보고분자,"경기도 화성시 만세구 서신면 전곡산단4길 50, (29-1B 블록)",20411,일반용 도료 및 관련제품 제조업,031-358-7311
905,화성전곡해양일반산업단지,(주)삼정이엔씨,경기도 화성시 만세구 서신면 전곡산단8길 73 외 1필지,"29150, 29171, 29199, 29224, 29271",산업용 냉장 및 냉동 장비 제조업 외 4 종,031-358-3338
906,화성전곡해양일반산업단지,(주)삼정켐텍,경기도 화성시 만세구 서신면 전곡산단1길 54,"20499, 25923",그 외 기타 분류 안된 화학제품 제조업 외 1 종,031-437-2295
907,화성전곡해양일반산업단지,(주)서영산업,경기도 화성시 만세구 서신면 전곡산단11길 15-10 외 3필지,"25113, 25114",육상 금속 골조 구조재 제조업 외 1 종,031-492-5199
908,화성전곡해양일반산업단지,(주)서영산업,경기도 화성시 만세구 서신면 전곡산단1길 32,"25113, 25114",육상 금속 골조 구조재 제조업 외 1 종,031-492-5199
909,화성전곡해양일반산업단지,(주)성원단조,경기도 화성시 만세구 서신면 전곡산단로 185,25912,금속 단조제품 제조업,031-312-1098
910,화성전곡해양일반산업단지,(주)세건엔지니어링 ,경기도 화성시 만세구 서신면 전곡산단8길 83,25113,육상 금속 골조 구조재 제조업,031-366-8372
911,화성전곡해양일반산업단지,(주)세양물류 ,경기도 화성시 만세구 서신면 전곡리 1105-1번지 (32번 필지),20499,그 외 기타 분류 안된 화학제품 제조업,070-5077-3608
912,화성전곡해양일반산업단지,(주)세영테크,경기도 화성시 만세구 서신면 전곡산단로 183,29221,전자 응용 절삭기계 제조업,031-433-3901
913,화성전곡해양일반산업단지,(주)세일인터내쇼날 전곡지점,경기도 화성시 만세구 서신면 전곡산단14길 15,20499,그 외 기타 분류 안된 화학제품 제조업,02-581-0141
914,화성전곡해양일반산업단지,(주)세희케미칼,경기도 화성시 만세구 서신면 전곡산단8길 83,25113,육상 금속 골조 구조재 제조업,070-5010-5719
915,화성전곡해양일반산업단지,(주)쉘피아,"경기도 화성시 만세구 서신면 전곡산단13길 23, 3동 일부",20499,그 외 기타 분류 안된 화학제품 제조업,
916,화성전곡해양일반산업단지,(주)스틸코리아케이에이 ,경기도 화성시 만세구 서신면 전곡산단11길 31-13,25931,날붙이 제조업,032-822-5545
917,화성전곡해양일반산업단지,(주)스페이스웨이비,경기도 화성시 만세구 서신면 전곡산단1길 33,25119,기타 구조용 금속제품 제조업,02-6085-1896
918,화성전곡해양일반산업단지,(주)스페이스웨이비,경기도 화성시 만세구 서신면 전곡산단1길 35,25119,기타 구조용 금속제품 제조업,02-6085-1896
919,화성전곡해양일반산업단지,(주)슬립링코리아,"경기도 화성시 만세구 서신면 전곡산단14길 21, (55-3 블록)",26299,그 외 기타 전자부품 제조업,031-435-2587
920,화성전곡해양일반산업단지,(주)신도씨앤에스,경기도 화성시 만세구 서신면 전곡산단로 154-83,20499,그 외 기타 분류 안된 화학제품 제조업,032-441-4002
921,화성전곡해양일반산업단지,(주)신동아켐텍 ,경기도 화성시 만세구 서신면 전곡산단5길 13,20422,"치약, 비누 및 기타 세제 제조업",031-434-7227
922,화성전곡해양일반산업단지,(주)신성하인스,경기도 화성시 만세구 서신면 전곡산단10길 81,"25992, 25993, 28511, 28519, 29175, 29229, 29261, 29299, 32091",수동식 식품 가공기기 및 금속 주방용기 제조업 외 8 종,031-997-8770
923,화성전곡해양일반산업단지,(주)신화마이스터,경기도 화성시 만세구 서신면 1115-5번지 (119번 필지),25113,육상 금속 골조 구조재 제조업,031-356-0472
924,화성전곡해양일반산업단지,(주)씨에이테크,"경기도 화성시 만세구 서신면 전곡산단11길 77, (전곡해양일반산업단지 117블록)",29294,주형 및 금형 제조업,031-355-0369
925,화성전곡해양일반산업단지,(주)씨엔에스켐,경기도 화성시 만세구 서신면 전곡산단4길 26,"20493, 20499",그 외 기타 분류 안된 화학제품 제조업 외 1 종,031-337-5750
926,화성전곡해양일반산업단지,(주)씨엔이 ,경기도 화성시 만세구 서신면 전곡산단15길 8,"20321, 20422, 20423","치약, 비누 및 기타 세제 제조업 외 2 종",031-499-7536
927,화성전곡해양일반산업단지,(주)아리셀,"경기도 화성시 만세구 서신면 전곡산단12길 33, (전곡해양일반산업단지 46블록)","28201, 28202",일차전지 제조업 외 1 종,031-5182-9808
928,화성전곡해양일반산업단지,(주)아이앤제이 ,경기도 화성시 만세구 서신면 전곡산단10길 41,22292,"플라스틱 적층, 도포 및 기타 표면처리 제품 제조업",031-493-3009
929,화성전곡해양일반산업단지,(주)에스오에프티,경기도 화성시 만세구 서신면 전곡산단11길 31-6,24119,기타 제철 및 제강업,031-358-5546
930,화성전곡해양일반산업단지,(주)에스제이파우더,"경기도 화성시 만세구 서신면 전곡산단6길 28, (전곡해양일반산업단지 102블록)",20411,일반용 도료 및 관련제품 제조업,031-492-3477
931,화성전곡해양일반산업단지,(주)에스제이파우더,경기도 화성시 만세구 서신면 장외리 652-1,20411,일반용 도료 및 관련제품 제조업,031-492-3477
932,화성전곡해양일반산업단지,(주)에스제이파우더,경기도 화성시 만세구 서신면 전곡산단1길 26,20411,일반용 도료 및 관련제품 제조업,031-492-3477
933,화성전곡해양일반산업단지,(주)에스제이파우더 ,경기도 화성시 만세구 서신면 전곡산단13길 23,"20411, 35114",일반용 도료 및 관련제품 제조업 외 1 종,031-492-3477
934,화성전곡해양일반산업단지,(주)에이치에스씨 ,경기도 화성시 만세구 서신면 전곡산단7길 28,20499,그 외 기타 분류 안된 화학제품 제조업,031-355-1262
935,화성전곡해양일반산업단지,(주)에이치에스티 ,경기도 화성시 만세구 서신면 전곡리 1116-6번지 (107번 필지),20499,그 외 기타 분류 안된 화학제품 제조업,031-355-3200
936,화성전곡해양일반산업단지,(주)에이치엘옵틱스,경기도 화성시 만세구 서신면 전곡산단5길 57 (주)에이치엘옵틱스,26299,그 외 기타 전자부품 제조업,031-831-9723
937,화성전곡해양일반산업단지,(주)에이치케이한국트레이드,경기도 화성시 만세구 서신면 전곡산단11길 31-29,20421,계면활성제 제조업,031-413-0032
938,화성전곡해양일반산업단지,(주)엘몰드텍 ,경기도 화성시 만세구 서신면 전곡산단5길 57,26299,그 외 기타 전자부품 제조업,070-4337-3092
939,화성전곡해양일반산업단지,(주)엘테크,경기도 화성시 만세구 서신면 전곡산단5길 34,29163,컨베이어장치 제조업,031-355-0667
940,화성전곡해양일반산업단지,(주)옵시디앙,경기도 화성시 만세구 서신면 전곡산단로 154-32,20423,화장품 제조업,02-6278-8008
941,화성전곡해양일반산업단지,(주)용진섬유,경기도 화성시 만세구 서신면 전곡산단6길 16,20501,합성섬유 제조업,031-355-6552
942,화성전곡해양일반산업단지,(주)우리프라스틱 ,"경기도 화성시 만세구 서신면 전곡산단8길 23, 전곡해양일반산업단지 115-2번 필지",22249,기타 기계.장비 조립용 플라스틱 제품 제조업,031-357-2606
943,화성전곡해양일반산업단지,(주)우암건설,경기도 화성시 만세구 서신면 전곡산단로 154-28,20202,합성수지 및 기타 플라스틱 물질 제조업,032-832-7400
944,화성전곡해양일반산업단지,(주)우암시스템,"경기도 화성시 만세구 서신면 전곡산단로 154-28, (전곡해양일반산업단지 57 블록)","13994, 22192, 25113",산업용 그 외 비경화 고무제품 제조업 외 2 종,031-8077-9624
945,화성전곡해양일반산업단지,(주)우창,경기도 화성시 만세구 서신면 전곡산단11길 84,25111,"금속 문, 창, 셔터 및 관련제품 제조업",031-357-3704
946,화성전곡해양일반산업단지,(주)워솔,"경기도 화성시 만세구 서신면 전곡산단4길 43, (전곡해양일반산업단지 26-1-A블록)",20493,접착제 및 젤라틴 제조업,031-498-1405
947,화성전곡해양일반산업단지,(주)원켐,경기도 화성시 만세구 서신면 전곡리 1089-3,20491,감광재료 및 관련 화학제품 제조업,031-366-8908
948,화성전곡해양일반산업단지,(주)월드일렉트릭,경기도 화성시 만세구 서신면 전곡산단11길 69 외 1필지,"25924, 25999, 28121",그 외 기타 분류 안된 금속 가공 제품 제조업 외 2 종,031-435-5154
949,화성전곡해양일반산업단지,(주)위너스켐,"경기도 화성시 만세구 서신면 전곡산단11길 31-8, (전곡해양일반산업단지 97블록)",20499,그 외 기타 분류 안된 화학제품 제조업,070-4800-4604
950,화성전곡해양일반산업단지,(주)유니캠,경기도 화성시 만세구 서신면 전곡산단로 154-45 C동,20499,그 외 기타 분류 안된 화학제품 제조업,031-357-5715
951,화성전곡해양일반산업단지,(주)유앤스틸,"경기도 화성시 만세구 서신면 전곡산단11길 79, (118블록)",29294,주형 및 금형 제조업,051-912-2920
952,화성전곡해양일반산업단지,(주)유앤아이멕스,경기도 화성시 만세구 서신면 전곡산단로 177,"25119, 25999",그 외 기타 분류 안된 금속 가공 제품 제조업 외 1 종,031-355-6582
953,화성전곡해양일반산업단지,(주)유엔테크 ,경기도 화성시 만세구 서신면 전곡산단5길 29,25924,절삭가공 및 유사처리업,031-365-4003
954,화성전곡해양일반산업단지,(주)은성전기,경기도 화성시 만세구 서신면 전곡산단로 277 외 1필지,"28112, 28121, 28122","전기회로 개폐, 보호장치 제조업 외 2 종",032-862-8295
955,화성전곡해양일반산업단지,(주)이루켐,"경기도 화성시 만세구 서신면 전곡산단4길 57, (전곡해양일반산업단지 27블록)","20202, 20499",그 외 기타 분류 안된 화학제품 제조업 외 1 종,02-2296-7944
956,화성전곡해양일반산업단지,(주)이씨알엔씨 ,경기도 화성시 만세구 서신면 전곡산단10길 42,20423,화장품 제조업,032-837-5561
957,화성전곡해양일반산업단지,(주)이영플랜트 ,경기도 화성시 만세구 서신면 전곡리 1115-13번지,25119,기타 구조용 금속제품 제조업,031-715-2026
958,화성전곡해양일반산업단지,(주)자스텍,경기도 화성시 만세구 서신면 전곡산단1길 33,29199,그 외 기타 일반목적용 기계 제조업,031-355-6410
959,화성전곡해양일반산업단지,(주)자스텍 ,경기도 화성시 만세구 서신면 전곡산단1길 35,29199,그 외 기타 일반목적용 기계 제조업,031-355-6410
960,화성전곡해양일반산업단지,(주)제노스,경기도 화성시 만세구 서신면 전곡산단로 106,25911,분말 야금제품 제조업,070-7098-8987
961,화성전곡해양일반산업단지,(주)제이에이엠씨 ,경기도 화성시 만세구 서신면 전곡산단9길 11,"20499, 29174, 29175",그 외 기타 분류 안된 화학제품 제조업 외 2 종,031-491-2366
962,화성전곡해양일반산업단지,(주)제현산업,경기도 화성시 만세구 서신면 전곡산단5길 33,"25111, 25112, 25113, 25114, 25119, 25929, 25999",육상 금속 골조 구조재 제조업 외 6 종,031-411-5173
963,화성전곡해양일반산업단지,(주)조은산업 ,경기도 화성시 만세구 서신면 전곡산단11길 92,25924,절삭가공 및 유사처리업,031-497-2323
964,화성전곡해양일반산업단지,(주)지디티,"경기도 화성시 만세구 서신면 전곡산단5길 57, (전곡해양일반산업단지 48,49블록) (만세구 서신면)","26299, 29175",그 외 기타 전자부품 제조업 외 1 종,070-4337-0107
965,화성전곡해양일반산업단지,(주)지에스옵티텍,"경기도 화성시 만세구 서신면 전곡산단로 54, C동",25999,그 외 기타 분류 안된 금속 가공 제품 제조업,031-831-9726
966,화성전곡해양일반산업단지,(주)지엘코팅스,경기도 화성시 만세구 서신면 전곡산단5길 17,20411,일반용 도료 및 관련제품 제조업,031-426-8883
967,화성전곡해양일반산업단지,(주)커넥트웨이브,경기도 화성시 만세구 서신면 전곡산단1길 5,68112,비주거용 건물 임대업,02-2026-2300
968,화성전곡해양일반산업단지,(주)케어젠,경기도 화성시 만세구 서신면 전곡산단4길 37,"10619, 20495, 20499",그 외 기타 분류 안된 화학제품 제조업 외 2 종,031-420-9200
969,화성전곡해양일반산업단지,(주)켐피아,경기도 화성시 만세구 서신면 전곡산단5길 76,20202,합성수지 및 기타 플라스틱 물질 제조업,031-8064-1820
970,화성전곡해양일반산업단지,(주)코리아인더스,경기도 화성시 만세구 서신면 전곡산단5길 10,"29163, 29299",그 외 기타 특수목적용 기계 제조업 외 1 종,031-431-7370
971,화성전곡해양일반산업단지,(주)코스믹테크,"경기도 화성시 만세구 서신면 전곡산단12길 14, (88-1 필지)","22241, 22249",운송장비 조립용 플라스틱제품 제조업 외 1 종,032-446-6191
972,화성전곡해양일반산업단지,(주)태영켐 ,경기도 화성시 만세구 서신면 전곡산단7길 43,20413,인쇄잉크 및 회화용 물감 제조업,031-458-5111
973,화성전곡해양일반산업단지,(주)태원폴리텍 ,경기도 화성시 만세구 서신면 전곡리 1105-10번지 (35-3 필지),22299,그 외 기타 플라스틱 제품 제조업,031-357-6333
974,화성전곡해양일반산업단지,(주)토탈엘앤씨,"경기도 화성시 만세구 서신면 전곡산단11길 31-25, (전곡해양일반산업단지 90-9블록)","20495, 20499",그 외 기타 분류 안된 화학제품 제조업 외 1 종,031-483-7885
975,화성전곡해양일반산업단지,(주)티피아이 ,경기도 화성시 만세구 서신면 장외리 622-6번지 (129번 필지),20413,인쇄잉크 및 회화용 물감 제조업,031-667-1407
976,화성전곡해양일반산업단지,(주)파인,경기도 화성시 만세구 서신면 전곡리 1159-2번지 외 1필지,"22251, 22259",폴리스티렌 발포 성형제품 제조업 외 1 종,031-355-7999
977,화성전곡해양일반산업단지,(주)파인정공,"경기도 화성시 만세구 서신면 전곡산단로 174-42, (전곡해양일반산업단지 59-4블록) (만세구 서신면)",29229,기타 가공 공작기계 제조업,031-491-1733
978,화성전곡해양일반산업단지,(주)폴리원,경기도 화성시 만세구 서신면 전곡산단로 174-10,20201,합성고무 제조업,031-319-0514
979,화성전곡해양일반산업단지,(주)푸른들,"경기도 화성시 만세구 서신면 전곡산단로 154-24, (전곡해양일반산업단지 56블록)","20321, 20322, 20422, 20423",화학 살균.살충제 및 농업용 약제 제조업 외 3 종,031-356-7477
980,화성전곡해양일반산업단지,(주)피엔에스,"경기도 화성시 만세구 서신면 전곡산단11길 31-15, (전곡해양일반산업단지 90-12블록)",20132,"염료, 조제 무기안료, 유연제 및 기타 착색제 제조업",031-354-0970
981,화성전곡해양일반산업단지,(주)피엘푸드,"경기도 화성시 만세구 서신면 전곡산단로 154-51, 전곡해양일반산업단지 60-3블록",10613,곡물 혼합분말 및 반죽 제조업,031-356-8231
982,화성전곡해양일반산업단지,(주)하나 ,경기도 화성시 만세구 서신면 전곡산단로 45,"20423, 22232",포장용 플라스틱 성형용기 제조업 외 1 종,031-355-0707
983,화성전곡해양일반산업단지,(주)하얀소금,경기도 화성시 만세구 서신면 장외리 622-5번지 (131-1번 필지),20499,그 외 기타 분류 안된 화학제품 제조업,031-357-3948
984,화성전곡해양일반산업단지,(주)하얀소금 ,경기도 화성시 만세구 서신면 전곡산단로 254,"10749, 20499",기타 식품 첨가물 제조업 외 1 종,031-318-8835
985,화성전곡해양일반산업단지,(주)하이테크코리아,경기도 화성시 만세구 서신면 전곡산단9길 15,"29299, 35114",그 외 기타 특수목적용 기계 제조업 외 1 종,031-358-2016
986,화성전곡해양일반산업단지,(주)한국씨에프씨케미칼,"경기도 화성시 만세구 서신면 전곡산단로 154-49, (전곡해양일반산업단지 60-5 블록) (만세구 서신면)",20499,그 외 기타 분류 안된 화학제품 제조업,031-266-8275
987,화성전곡해양일반산업단지,(주)해담,경기도 화성시 만세구 서신면 전곡산단8가길 14,"25119, 35114",기타 구조용 금속제품 제조업 외 1 종,031-355-7910
988,화성전곡해양일반산업단지,(주)해비코,경기도 화성시 만세구 서신면 전곡산단5길 35,29294,주형 및 금형 제조업,031-8043-5571
989,화성전곡해양일반산업단지,(주)현진금속 ,경기도 화성시 만세구 서신면 전곡산단11길 107,"25119, 25992, 29174, 29175, 29193, 29194, 29199, 29210, 35114",수동식 식품 가공기기 및 금속 주방용기 제조업 외 8 종,031-356-7697
990,화성전곡해양일반산업단지,(주)현진금속 ,경기도 화성시 만세구 서신면 전곡리 1118-2번지,25992,수동식 식품 가공기기 및 금속 주방용기 제조업,031-356-7697
991,화성전곡해양일반산업단지,(주)화인스틸,"경기도 화성시 만세구 서신면 전곡산단11길 31-28, (전곡해양일반산업단지 91-1블록)",25929,그 외 기타 금속가공업,031-319-1190
992,화성전곡해양일반산업단지,(주)휴텍에스피 ,경기도 화성시 만세구 서신면 전곡산단11길 144,"17124, 20491","적층, 합성 및 특수표면처리 종이 제조업 외 1 종",
993,화성전곡해양일반산업단지,JK오렌지마린,경기도 화성시 만세구 서신면 전곡리 1093-1,31120,오락 및 스포츠용 보트 건조업,031-357-8266
994,화성전곡해양일반산업단지,M.K인터내셔날 ,경기도 화성시 만세구 서신면 장외리 624-6번지 (138-5번 필지),"20423, 20424",화장품 제조업 외 1 종,031-355-4497
995,화성전곡해양일반산업단지,강남폴리텍 ,경기도 화성시 만세구 서신면 전곡산단5길 9,20493,접착제 및 젤라틴 제조업,031-355-9213
996,화성전곡해양일반산업단지,개명산업,"경기도 화성시 만세구 서신면 전곡산단11길 7, (89-1필지) 외 2필지",32029,기타 목재가구 제조업,031-366-8111
997,화성전곡해양일반산업단지,광역파워샌딩 ,경기도 화성시 만세구 서신면 전곡리 1088-7번지 (2-1번 필지),25929,그 외 기타 금속가공업,032-446-2343
998,화성전곡해양일반산업단지,금성호이스트크레인(주),"경기도 화성시 만세구 서신면 전곡산단11길 91, (전곡해양일반산업단지 120블럭)",29169,기타 물품 취급장비 제조업,031-355-6130
999,화성전곡해양일반산업단지,금정,경기도 화성시 만세구 서신면 전곡산단로 154-73,23321,비내화 모르타르 제조업,031-354-9090
1000,화성전곡해양일반산업단지,나누리씨앤씨 ,경기도 화성시 만세구 서신면 전곡산단7길 32,17909,그 외 기타 종이 및 판지 제품 제조업,031-432-8060
1001,화성전곡해양일반산업단지,나성산업,"경기도 화성시 만세구 서신면 전곡산단로 154-38, (59-2 블록)","22212, 22213",플라스틱 필름 제조업 외 1 종,031-318-8608
1002,화성전곡해양일반산업단지,남양넥스모(주) ,경기도 화성시 만세구 서신면 전곡산단8길 14 외 2필지,25924,절삭가공 및 유사처리업,031-494-2222
1003,화성전곡해양일반산업단지,대동상공(주),경기도 화성시 만세구 서신면 전곡산단13길 71,"25913, 25914",자동차용 금속 압형제품 제조업 외 1 종,031-356-5061
1004,화성전곡해양일반산업단지,대봉엘에스(주),경기도 화성시 만세구 서신면 전곡리 1117-7번지 (129-1번 필지) 외 1필지,"20423, 20499",화장품 제조업 외 1 종,032-712-8800
1005,화성전곡해양일반산업단지,대성씨앤에스(주) 화성센터,경기도 화성시 만세구 서신면 전곡산단로 154-65,20422,"치약, 비누 및 기타 세제 제조업",031-491-1902
1006,화성전곡해양일반산업단지,대성이노켐(주),경기도 화성시 만세구 서신면 장외리 624-1,"20202, 20423, 20499",그 외 기타 분류 안된 화학제품 제조업 외 2 종,031-356-4393
1007,화성전곡해양일반산업단지,대진ENG,"경기도 화성시 만세구 서신면 전곡산단11길 69, (전곡해양일반산업단지 112블록)",25924,절삭가공 및 유사처리업,
1008,화성전곡해양일반산업단지,동명지주,경기도 화성시 만세구 서신면 장외리 622-5번지 (131-1번 필지),"20411, 25929",일반용 도료 및 관련제품 제조업 외 1 종,031-498-5820
1009,화성전곡해양일반산업단지,디와이스틸(주),"경기도 화성시 만세구 서신면 전곡산단13길 23, 3동 일부","24122, 24199, 24290",그 외 기타 1차 철강 제조업 외 2 종,031-492-6296
1010,화성전곡해양일반산업단지,디와이특수강(주),경기도 화성시 만세구 서신면 전곡산단13길 23,"24122, 24199, 24290, 25944",금속선 가공제품 제조업 외 3 종,031-366-9411
1011,화성전곡해양일반산업단지,디플러스(주),경기도 화성시 만세구 서신면 전곡산단5길 69,"25924, 26295, 26299",절삭가공 및 유사처리업 외 2 종,031-356-8386
1012,화성전곡해양일반산업단지,리니어코스메틱 주식회사 ,경기도 화성시 만세구 서신면 장외리 621-3번지 (108번필지),20423,화장품 제조업,031-356-1766
1013,화성전곡해양일반산업단지,메가루브 ,경기도 화성시 만세구 서신면 전곡산단8길 19,20499,그 외 기타 분류 안된 화학제품 제조업,
1014,화성전곡해양일반산업단지,메리츠산업개발(주),"경기도 화성시 만세구 서신면 전곡산단13길 7, 1동",25112,구조용 금속 판제품 및 공작물 제조업,031-357-9749
1015,화성전곡해양일반산업단지,메스토,경기도 화성시 만세구 서신면 장외리 654-9번지 (전곡산단11길 31-9),"26295, 26299",그 외 기타 전자부품 제조업 외 1 종,031-355-5644
1016,화성전곡해양일반산업단지,명진정밀공업,경기도 화성시 만세구 서신면 전곡산단5길 25,25999,그 외 기타 분류 안된 금속 가공 제품 제조업,031-355-8687
1017,화성전곡해양일반산업단지,미성화학(주) ,경기도 화성시 만세구 서신면 전곡리 1089-5번지,20411,일반용 도료 및 관련제품 제조업,031-355-9851
1018,화성전곡해양일반산업단지,보화산업(주),경기도 화성시 만세구 서신면 전곡산단1길 32,30399,그 외 자동차용 신품 부품 제조업,031-431-8084
1019,화성전곡해양일반산업단지,비에스텍,"경기도 화성시 만세구 서신면 전곡산단5길 75, 전곡해양일반산업단지 50-4-A블록",20413,인쇄잉크 및 회화용 물감 제조업,031-8015-5912
1020,화성전곡해양일반산업단지,비엠벨틱스,경기도 화성시 만세구 서신면 전곡산단11길 61,25943,금속 스프링 제조업,032-812-4177
1021,화성전곡해양일반산업단지,사회복지법인 한국노인생활지원재단,경기도 화성시 만세구 서신면 전곡산단로 145,20499,그 외 기타 분류 안된 화학제품 제조업,02-924-2247
1022,화성전곡해양일반산업단지,삼성의료고무(주),경기도 화성시 만세구 서신면 전곡산단4길 56,"22192, 22193",고무 의류 및 기타 위생용 비경화 고무제품 제조업 외 1 종,031-491-8071
1023,화성전곡해양일반산업단지,삼신화학공업㈜,경기도 화성시 만세구 서신면 전곡산단11길 31-14,"22241, 22249",운송장비 조립용 플라스틱제품 제조업 외 1 종,031-362-7400
1024,화성전곡해양일반산업단지,새참식품,"경기도 화성시 만세구 서신면 전곡산단11길 15-30, (전곡해양일반산업단지 90-1블록)","10122, 10129",육류 기타 가공 및 저장처리업 (가금류 제외) 외 1 종,031-501-2324
1025,화성전곡해양일반산업단지,서울보트,경기도 화성시 만세구 서신면 전곡산단로 92,31120,오락 및 스포츠용 보트 건조업,ARS-1800-3833
1026,화성전곡해양일반산업단지,서전,"경기도 화성시 만세구 서신면 전곡산단4길 49, 전곡해양일반산업단지 26-2-A블록",20493,접착제 및 젤라틴 제조업,031-356-2661
1027,화성전곡해양일반산업단지,성광플랜트(주),경기도 화성시 만세구 서신면 전곡산단6길 6,"25122, 25123",금속탱크 및 저장용기 제조업 외 1 종,031-355-2164
1028,화성전곡해양일반산업단지,성도케미칼(주) ,경기도 화성시 만세구 서신면 전곡리 1105-3번지 (34-2 필지) 외 1필지,"20493, 20499",접착제 및 젤라틴 제조업 외 1 종,031-358-2121
1029,화성전곡해양일반산업단지,성림유화(주),"경기도 화성시 만세구 서신면 전곡산단4길 18, (31-1번 필지) 외 2필지",68112,비주거용 건물 임대업,031-499-3813
1030,화성전곡해양일반산업단지,성화시스템챤넬(주) ,경기도 화성시 만세구 서신면 전곡산단7길 40,25999,그 외 기타 분류 안된 금속 가공 제품 제조업,032-562-3239
1031,화성전곡해양일반산업단지,세기플랜,경기도 화성시 만세구 서신면 전곡산단5길 10,25122,금속탱크 및 저장용기 제조업,
1032,화성전곡해양일반산업단지,세븐연구소,경기도 화성시 만세구 서신면 전곡산단8길 19,20499,그 외 기타 분류 안된 화학제품 제조업,
1033,화성전곡해양일반산업단지,스카이 플러스,경기도 화성시 만세구 서신면 전곡산단11길 148 외 1필지,20411,일반용 도료 및 관련제품 제조업,031-358-0555
1034,화성전곡해양일반산업단지,승진철강(주),"경기도 화성시 만세구 서신면 전곡산단5길 6, (전곡해양일반산업단지 72-1-A블록)",25929,그 외 기타 금속가공업,031-356-3603
1035,화성전곡해양일반산업단지,신영기업,"경기도 화성시 만세구 서신면 전곡산단9길 23, (전곡해양일반산업단지 41블록)",25923,도장 및 기타 피막처리업,031-355-0790
1036,화성전곡해양일반산업단지,신창중상이용사촌(주),경기도 화성시 만세구 서신면 전곡산단13길 31,"16229, 25112, 25113, 25114, 28410, 28422, 28423, 28429",기타 건축용 나무제품 제조업 외 7 종,031-683-9216
1037,화성전곡해양일반산업단지,씨케이티(주),경기도 화성시 만세구 서신면 전곡산단9길 24,"22249, 26299",그 외 기타 전자부품 제조업 외 1 종,031-499-0300
1038,화성전곡해양일반산업단지,아산임산,경기도 화성시 만세구 서신면 전곡산단11길 31-19,"20112, 20499",천연수지 및 나무 화학물질 제조업 외 1 종,031-357-1694
1039,화성전곡해양일반산업단지,아세아볼트기업(주) ,경기도 화성시 만세구 서신면 전곡리 1088-4번지 (4-1번 필지),"25941, 25942",볼트 및 너트류 제조업 외 1 종,031-319-1515
1040,화성전곡해양일반산업단지,알플라하나아시아퍼시픽(주),경기도 화성시 만세구 서신면 전곡산단로 45,22232,포장용 플라스틱 성형용기 제조업,02-3404-0813
1041,화성전곡해양일반산업단지,에스씨이엔이(주),경기도 화성시 만세구 서신면 전곡산단9길 5,"25122, 25932, 29150, 29174, 29176, 29199, 29299",기체 여과기 제조업 외 6 종,031-365-4150
1042,화성전곡해양일반산업단지,에스엘(주) ,경기도 화성시 만세구 서신면 전곡산단4길 18,20499,그 외 기타 분류 안된 화학제품 제조업,031-319-3534
1043,화성전곡해양일반산업단지,에이스전기(주),경기도 화성시 만세구 서신면 전곡산단8길 71,"25113, 25114, 28114, 28119, 28422",육상 금속 골조 구조재 제조업 외 4 종,031-416-8725
1044,화성전곡해양일반산업단지,에코테크(주) ,경기도 화성시 만세구 서신면 전곡리 1117-6번지 (131번 필지) 외 1필지,"20311, 20499","질소화합물, 질소, 인산 및 칼리질 화학비료 제조업 외 1 종",051-624-4434
1045,화성전곡해양일반산업단지,엘앤비(EL&B),경기도 화성시 만세구 서신면 전곡산단13길 31,68112,비주거용 건물 임대업,
1046,화성전곡해양일반산업단지,엠바이오멧 ,경기도 화성시 만세구 서신면 전곡산단5길 5,24229,"기타 비철금속 압연, 압출 및 연신 제품 제조업",
1047,화성전곡해양일반산업단지,예인철강(주),경기도 화성시 만세구 서신면 전곡산단로 154-35,"35114, 68112",비주거용 건물 임대업 외 1 종,031-357-0548
1048,화성전곡해양일반산업단지,오에스피(주),"경기도 화성시 만세구 서신면 전곡산단4길 53, (전곡해양일반산업단지 26-2-B블록)",20499,그 외 기타 분류 안된 화학제품 제조업,02-2083-3030
1049,화성전곡해양일반산업단지,우리물류포장(주),경기도 화성시 만세구 서신면 전곡산단로 170,32029,기타 목재가구 제조업,031-435-2734
1050,화성전곡해양일반산업단지,우보케미칼(주) ,경기도 화성시 만세구 서신면 전곡산단9길 29,"20111, 20202, 20411, 20412, 20413, 20421, 20493, 20499",그 외 기타 분류 안된 화학제품 제조업 외 7 종,02-561-1115
1051,화성전곡해양일반산업단지,워즐(주),경기도 화성시 만세구 서신면 전곡산단11길 108,25992,수동식 식품 가공기기 및 금속 주방용기 제조업,031-831-8940
1052,화성전곡해양일반산업단지,유림인더스트리얼즈(주) ,경기도 화성시 만세구 서신면 전곡산단12길 29,20411,일반용 도료 및 관련제품 제조업,031-354-4293
1053,화성전곡해양일반산업단지,유림특수화학(주) ,경기도 화성시 만세구 서신면 전곡산단9길 30,20411,일반용 도료 및 관련제품 제조업,031-354-4291
1054,화성전곡해양일반산업단지,유성분체기계(주),경기도 화성시 만세구 서신면 전곡산단11길 113,29133,"탭, 밸브 및 유사장치 제조업",031-314-8433
1055,화성전곡해양일반산업단지,유성분체기계(주),경기도 화성시 만세구 서신면 전곡리 1118-4,29133,"탭, 밸브 및 유사장치 제조업",ARS-1522-0018
1056,화성전곡해양일반산업단지,유정산업,경기도 화성시 만세구 서신면 전곡산단로 154-45,20499,그 외 기타 분류 안된 화학제품 제조업,
1057,화성전곡해양일반산업단지,유진타워건설(주) ,경기도 화성시 만세구 서신면 전곡리 1103-1번지 (42번 필지),22241,운송장비 조립용 플라스틱제품 제조업,031-497-0041
1058,화성전곡해양일반산업단지,유한회사 아이티더블유에이오씨 ,경기도 화성시 만세구 서신면 전곡산단13길 59,22241,운송장비 조립용 플라스틱제품 제조업,032-811-0030
1059,화성전곡해양일반산업단지,이건스터드,경기도 화성시 만세구 서신면 전곡산단8가길 8,25942,그 외 금속파스너 및 나사제품 제조업,032-811-5959
1060,화성전곡해양일반산업단지,이신호이스트크레인(주),경기도 화성시 만세구 서신면 전곡산단10길 16,29169,기타 물품 취급장비 제조업,031-355-9798
1061,화성전곡해양일반산업단지,이에스솔루텍,경기도 화성시 만세구 서신면 전곡산단4길 53,20499,그 외 기타 분류 안된 화학제품 제조업,031-3574-067
1062,화성전곡해양일반산업단지,이지테크,"경기도 화성시 만세구 서신면 전곡산단로 154-79, (전곡해양일반산업단지 60-4블록)","25122, 29175, 29176","증류기, 열교환기 및 가스발생기 제조업 외 2 종",031-508-6608
1063,화성전곡해양일반산업단지,이티알(주),경기도 화성시 만세구 서신면 전곡산단9길 5,30331,자동차용 신품 동력전달장치 제조업,031-290-6129
1064,화성전곡해양일반산업단지,일신우레탄,경기도 화성시 만세구 서신면 전곡산단8길 17,29230,금속 주조 및 기타 야금용 기계 제조업,031-357-9386
1065,화성전곡해양일반산업단지,자민경(주),경기도 화성시 만세구 서신면 전곡산단11길 15-24,20423,화장품 제조업,02-567-4956
1066,화성전곡해양일반산업단지,제와이시스템(주),경기도 화성시 만세구 서신면 전곡산단11길 69 외 1필지,25999,그 외 기타 분류 안된 금속 가공 제품 제조업,031-435-5154
1067,화성전곡해양일반산업단지,제우스유화공업(주) 화성공장  ,경기도 화성시 만세구 서신면 전곡산단로 145,20499,그 외 기타 분류 안된 화학제품 제조업,031-357-8065
1068,화성전곡해양일반산업단지,제이 에이치,경기도 화성시 만세구 서신면 전곡산단로 177,25929,그 외 기타 금속가공업,031-430-0011
1069,화성전곡해양일반산업단지,제일솔루텍(주) ,경기도 화성시 만세구 서신면 전곡산단10길 16,29294,주형 및 금형 제조업,031-459-6321
1070,화성전곡해양일반산업단지,주식회사 누리켐,경기도 화성시 만세구 서신면 전곡산단로 154-45,"20411, 20499",그 외 기타 분류 안된 화학제품 제조업 외 1 종,031-450-6633
1071,화성전곡해양일반산업단지,주식회사 씨엠케미칼,경기도 화성시 만세구 서신면 장외리 654-5번지,20499,그 외 기타 분류 안된 화학제품 제조업,031-495-1307
1072,화성전곡해양일반산업단지,주식회사 케이씨글로벌 ,경기도 화성시 만세구 서신면 전곡산단로 174-29,20499,그 외 기타 분류 안된 화학제품 제조업,031-356-9515
1073,화성전곡해양일반산업단지,주식회사 태성아이엠티 ,경기도 화성시 만세구 서신면 전곡산단5길 17,68112,비주거용 건물 임대업,070-8200-6465
1074,화성전곡해양일반산업단지,카윈텍 ,경기도 화성시 만세구 서신면 전곡산단11길 31-7,29294,주형 및 금형 제조업,032-652-4710
1075,화성전곡해양일반산업단지,켐맥스(주) ,"경기도 화성시 만세구 서신면 장외리 624-2번지 , 경기도 화성시 만세구 서신면 전곡리 1119-2번지",20421,계면활성제 제조업,031-434-6013
1076,화성전곡해양일반산업단지,코스본(주) ,경기도 화성시 만세구 서신면 전곡리 1112-5번지 (124번 필지),"20423, 20499",화장품 제조업 외 1 종,032-567-0027
1077,화성전곡해양일반산업단지,파도화학,경기도 화성시 만세구 서신면 전곡산단5길 75,20493,접착제 및 젤라틴 제조업,031-430-3507
1078,화성전곡해양일반산업단지,파인와이어,"경기도 화성시 만세구 서신면 전곡산단로 174-42, (전곡해양일반산업단지 59-4블록)",29229,기타 가공 공작기계 제조업,031-491-1733
1079,화성전곡해양일반산업단지,풍원화학㈜,경기도 화성시 만세구 서신면 전곡산단11길 43,"20493, 20499",그 외 기타 분류 안된 화학제품 제조업 외 1 종,031-599-5000
1080,화성전곡해양일반산업단지,피제리아,경기도 화성시 만세구 서신면 전곡산단로 154-51,68112,비주거용 건물 임대업,
1081,화성전곡해양일반산업단지,하나루브텍,"경기도 화성시 만세구 서신면 전곡산단로 154-45, (전곡해양일반산업단지 63블록) 외 2필지",20499,그 외 기타 분류 안된 화학제품 제조업,
1082,화성전곡해양일반산업단지,하이로드켐텍(주) ,경기도 화성시 만세구 서신면 전곡산단15길 12,20411,일반용 도료 및 관련제품 제조업,031-356-5007
1083,화성전곡해양일반산업단지,한국단자공업(주),"경기도 화성시 만세구 서신면 전곡산단로 227, (82~87 블록)","26295, 26299",그 외 기타 전자부품 제조업 외 1 종,032-850-1117
1084,화성전곡해양일반산업단지,한국와이다,경기도 화성시 만세구 서신면 전곡산단5길 53,"26295, 26299",그 외 기타 전자부품 제조업 외 1 종,031-318-6662
1085,화성전곡해양일반산업단지,한맥시스템,경기도 화성시 만세구 서신면 전곡산단로 40 A동,29163,컨베이어장치 제조업,031-489-1476
1086,화성전곡해양일반산업단지,한양스터드용접(주),경기도 화성시 만세구 서신면 전곡산단8가길 8,29299,그 외 기타 특수목적용 기계 제조업,031-355-7697
1087,화성전곡해양일반산업단지,해담 ,경기도 화성시 만세구 서신면 전곡산단8가길 14,25119,기타 구조용 금속제품 제조업,031-355-7910
1088,화성전곡해양일반산업단지,현대씨즈올(주),"경기도 화성시 만세구 서신면 전곡산단로 124, (전곡해양일반산업단지 23블록)","29111, 31114",선박 구성 부분품 제조업 외 1 종,070-8620-8041
1089,화성전곡해양일반산업단지,홍옥환경플랜트,"경기도 화성시 만세구 서신면 전곡산단13길 7, (전곡리 1110-3)",29174,기체 여과기 제조업,
1090,화성전곡해양일반산업단지,화성강재(주),"경기도 화성시 만세구 서신면 전곡산단5길 28, (전곡해양일반산업단지 76블록)",25113,육상 금속 골조 구조재 제조업,031-319-7171
1091,화성전곡해양일반산업단지,화성코아텍(주),경기도 화성시 만세구 서신면 전곡산단12길 30 외 1필지,22211,"플라스틱 선, 봉, 관 및 호스 제조업",031-356-7402
1092,화성전곡해양일반산업단지,효성전자 ,경기도 화성시 만세구 서신면 장외리 651-4번지,30332,자동차용 신품 전기장치 제조업,032-813-1654
1093,화성전곡해양일반산업단지,흥진기업(주),경기도 화성시 만세구 서신면 전곡산단8길 6 외 1필지,"25924, 35114",절삭가공 및 유사처리업 외 1 종,031-355-6461
1094,화성전곡해양일반산업단지,흥진기업(주) ,경기도 화성시 만세구 서신면 전곡산단8길 14 외 2필지,25924,절삭가공 및 유사처리업,031-355-6461
1095,화성정남일반산업단지,(주)HS하이테크,경기도 화성시 효행구 정남면 정남산단로 100,"29271, 29294",반도체 제조용 기계 제조업 외 1 종,031-683-2265
1096,화성정남일반산업단지,(주)경원알미늄,경기도 화성시 효행구 정남면 정남산단로 64,68112,비주거용 건물 임대업,042-825-0907
1097,화성정남일반산업단지,(주)고려이엠씨 ,경기도 화성시 효행구 정남면 정남산단2길 46,"26211, 28123",액정 표시장치 제조업 외 1 종,031-373-6235
1098,화성정남일반산업단지,(주)내츄럴스,경기도 화성시 효행구 정남면 정남산단1길 8,"10749, 10799",기타 식품 첨가물 제조업 외 1 종,031-429-0853
1099,화성정남일반산업단지,(주)네스텍코리아,경기도 화성시 효행구 정남면 정남산단2길 72,"26121, 26129, 26295, 26299",그 외 기타 전자부품 제조업 외 3 종,031-892-4676
1100,화성정남일반산업단지,(주)대명테크놀러지 ,경기도 화성시 효행구 정남면 정남산단2길 22,22249,기타 기계.장비 조립용 플라스틱 제품 제조업,031-217-7346
1101,화성정남일반산업단지,(주)대한엔지니어링 ,경기도 화성시 효행구 정남면 정남산단3길 5,"28123, 29192",배전반 및 전기 자동제어반 제조업 외 1 종,031-457-0862
1102,화성정남일반산업단지,(주)드림메카텍,경기도 화성시 효행구 정남면 정남산단로 41,29272,디스플레이 제조용 기계 제조업,031-366-5623
1103,화성정남일반산업단지,(주)드림메카텍 ,경기도 화성시 효행구 정남면 정남산단로 37,29272,디스플레이 제조용 기계 제조업,031-366-5623
1104,화성정남일반산업단지,(주)디와이케미칼 ,경기도 화성시 효행구 정남면 정남산단로 59,22292,"플라스틱 적층, 도포 및 기타 표면처리 제품 제조업",070-4402-7030
1105,화성정남일반산업단지,(주)디이씨,경기도 화성시 효행구 정남면 정남산단1길 35,29199,그 외 기타 일반목적용 기계 제조업,031-352-4811
1106,화성정남일반산업단지,(주)명성 화성공장,경기도 화성시 효행구 정남면 정남산단로 83,"26295, 26299, 27215",그 외 기타 전자부품 제조업 외 2 종,031-293-0652
1107,화성정남일반산업단지,(주)목원테크,"경기도 화성시 효행구 정남면 정남산단로 60, 정남일반산업단지 7-1B 필지",25924,절삭가공 및 유사처리업,031-8059-2158
1108,화성정남일반산업단지,(주)뷰웍스 ,경기도 화성시 효행구 정남면 정남산단2길 25-7,"27192, 27199, 27309",그 외 기타 의료용 기기 제조업 외 2 종,070-4910-9814
1109,화성정남일반산업단지,(주)브라이튼,경기도 화성시 효행구 정남면 정남산단3길 10,22292,"플라스틱 적층, 도포 및 기타 표면처리 제품 제조업",031-374-0731
1110,화성정남일반산업단지,(주)세현테크,경기도 화성시 효행구 정남면 정남산단1길 10 나동,28909,그 외 기타 전기장비 제조업,031-278-7763
1111,화성정남일반산업단지,(주)신성텍,경기도 화성시 효행구 정남면 정남산단3길 25,29271,반도체 제조용 기계 제조업,031-353-6442
1112,화성정남일반산업단지,(주)신진에스엠지점,경기도 화성시 효행구 정남면 정남산단2길 13,"29222, 29223",디지털 적층 성형기계 제조업 외 1 종,031-369-7425
1113,화성정남일반산업단지,(주)아스플로 ,경기도 화성시 효행구 정남면 정남산단로 38,29133,"탭, 밸브 및 유사장치 제조업",031-352-2301
1114,화성정남일반산업단지,(주)아이에스컴퍼니,경기도 화성시 효행구 정남면 정남산단3길 35,29280,산업용 로봇 제조업,070-5175-0081
1115,화성정남일반산업단지,(주)앤아이윈 ,경기도 화성시 효행구 정남면 정남산단로 19-9,22249,기타 기계.장비 조립용 플라스틱 제품 제조업,031-376-2218
1116,화성정남일반산업단지,(주)에버웰,경기도 화성시 효행구 정남면 정남산단1길 18,10712,빵류 제조업,031-378-3990
1117,화성정남일반산업단지,(주)에스아이 ,"경기도 화성시 효행구 정남면 정남산단1길 13, (정남일반산업단지 7-2B 필지)",29271,반도체 제조용 기계 제조업,031-8059-2864
1118,화성정남일반산업단지,(주)에스앤지,경기도 화성시 효행구 정남면 정남산단로 69,20423,화장품 제조업,031-8059-2048
1119,화성정남일반산업단지,(주)에스에이치티 ,경기도 화성시 효행구 정남면 정남산단로 48,29271,반도체 제조용 기계 제조업,031-307-3257
1120,화성정남일반산업단지,(주)에스엔에프,경기도 화성시 효행구 정남면 정남산단3길 32,29271,반도체 제조용 기계 제조업,070-7780-0500
1121,화성정남일반산업단지,(주)에스피시스템즈,경기도 화성시 효행구 정남면 정남산단3길 37,29271,반도체 제조용 기계 제조업,031-375-8163
1122,화성정남일반산업단지,(주)에이비솔루션 ,경기도 화성시 효행구 정남면 정남산단2길 26,20421,계면활성제 제조업,031-273-1966
1123,화성정남일반산업단지,(주)에이치앤제이,경기도 화성시 효행구 정남면 정남산단로 19-5,22231,"플라스틱 포대, 봉투 및 유사제품 제조업",031-665-5581
1124,화성정남일반산업단지,(주)에프피에이,경기도 화성시 효행구 정남면 정남산단2길 50,"26295, 26299, 29271, 29272, 29299",그 외 기타 전자부품 제조업 외 4 종,070-4349-2234
1125,화성정남일반산업단지,(주)엔에스아이,경기도 화성시 효행구 정남면 정남산단로 49,26219,기타 표시장치 제조업,070-8869-2215
1126,화성정남일반산업단지,(주)엔에스인터내셔널 ,경기도 화성시 효행구 정남면 정남산단로 49,26219,기타 표시장치 제조업,070-8869-2215
1127,화성정남일반산업단지,(주)엔엔테크,경기도 화성시 효행구 정남면 정남산단2길 64,68112,비주거용 건물 임대업,031-8050-8955
1128,화성정남일반산업단지,(주)엘루오 ,경기도 화성시 효행구 정남면 정남산단로 63,"20422, 20423",화장품 제조업 외 1 종,031-354-2915
1129,화성정남일반산업단지,(주)엠피테크 ,경기도 화성시 효행구 정남면 정남산단1길 33,25924,절삭가공 및 유사처리업,031-353-9435
1130,화성정남일반산업단지,(주)와이제이,경기도 화성시 효행구 정남면 정남산단로 87,28302,기타 절연선 및 케이블 제조업,031-372-5994
1131,화성정남일반산업단지,(주)우신테크 ,경기도 화성시 효행구 정남면 정남산단로 96,25924,절삭가공 및 유사처리업,032-672-8811
1132,화성정남일반산업단지,(주)우주철강,경기도 화성시 효행구 정남면 정남산단로 90,"25929, 25999",그 외 기타 분류 안된 금속 가공 제품 제조업 외 1 종,055-716-0177
1133,화성정남일반산업단지,(주)원앤유엔씨테크,경기도 화성시 효행구 정남면 정남산단2길 18,22249,기타 기계.장비 조립용 플라스틱 제품 제조업,031-366-7333
1134,화성정남일반산업단지,(주)원일엠텍 ,경기도 화성시 효행구 정남면 정남산단3길 31,29223,금속 절삭기계 제조업,02-2637-8821
1135,화성정남일반산업단지,(주)원케미컬,경기도 화성시 효행구 정남면 정남산단1길 32,22299,그 외 기타 플라스틱 제품 제조업,031-354-3773
1136,화성정남일반산업단지,(주)웰메이드생활건강 ,경기도 화성시 효행구 정남면 정남산단1길 44,"20422, 20423",화장품 제조업 외 1 종,031-352-8153
1137,화성정남일반산업단지,(주)유엔씨테크,경기도 화성시 효행구 정남면 정남산단2길 18,22249,기타 기계.장비 조립용 플라스틱 제품 제조업,031-366-7333
1138,화성정남일반산업단지,(주)이노메트리,경기도 화성시 효행구 정남면 정남산단1길 44,"22249, 27213, 29299",기타 기계.장비 조립용 플라스틱 제품 제조업 외 2 종,031-2755-174
1139,화성정남일반산업단지,(주)이노메트리,경기도 화성시 효행구 정남면 정남산단2길 64,27213,"물질 검사, 측정 및 분석기구 제조업",031-376-2865
1140,화성정남일반산업단지,(주)이노메트리 ,경기도 화성시 효행구 정남면 정남산단1길 40,"22249, 27213, 29299",기타 기계.장비 조립용 플라스틱 제품 제조업 외 2 종,031-275-5174
1141,화성정남일반산업단지,(주)이에스디코리아 ,경기도 화성시 효행구 정남면 정남산단로 19-6,22291,플라스틱 접착처리 제품 제조업,055-312-1500
1142,화성정남일반산업단지,(주)이엔지케이 ,경기도 화성시 효행구 정남면 정남산단로 92,25941,볼트 및 너트류 제조업,031-354-1982
1143,화성정남일반산업단지,(주)인텍오토메이션,경기도 화성시 효행구 정남면 정남산단로 135,"27216, 29142, 29272, 29280",디스플레이 제조용 기계 제조업 외 3 종,02-3439-0070
1144,화성정남일반산업단지,(주)일진,경기도 화성시 효행구 정남면 정남산단로 32,"25111, 29171",산업용 냉장 및 냉동 장비 제조업 외 1 종,031-211-2560
1145,화성정남일반산업단지,(주)케이지원 ,경기도 화성시 효행구 정남면 정남산단1길 31,25934,톱 및 호환성 공구 제조업,031-611-8979
1146,화성정남일반산업단지,(주)코리아솔루션 ,경기도 화성시 효행구 정남면 음양리 298번지 정남일반산업단지 7-1A,29271,반도체 제조용 기계 제조업,031-366-1092
1147,화성정남일반산업단지,(주)코스만,"경기도 화성시 효행구 정남면 정남산단로 13, 정남일반산업단지 10-1C",20421,계면활성제 제조업,031-695-6730
1148,화성정남일반산업단지,(주)태성 ,경기도 화성시 효행구 정남면 정남산단3길 28,29175,액체 여과기 제조업,031-354-6521
1149,화성정남일반산업단지,(주)티제이텍,경기도 화성시 효행구 정남면 정남산단2길 65,"26121, 26129, 28123",발광 다이오드 제조업 외 2 종,070-4197-4601
1150,화성정남일반산업단지,(주)판코리아,경기도 화성시 효행구 정남면 정남산단로 103,"26221, 26222, 26223",인쇄회로기판용 적층판 제조업 외 2 종,031-454-8374
1151,화성정남일반산업단지,(주)패스트,경기도 화성시 효행구 정남면 정남산단1길 37,29299,그 외 기타 특수목적용 기계 제조업,031-8059-6074
1152,화성정남일반산업단지,(주)펨빅스 ,경기도 화성시 효행구 정남면 정남산단로 45,"26291, 29271",전자축전기 제조업 외 1 종,031-526-0003
1153,화성정남일반산업단지,(주)퓨어코스,경기도 화성시 효행구 정남면 정남산단로 55,20423,화장품 제조업,02-573-8575
1154,화성정남일반산업단지,(주)핌스,경기도 화성시 효행구 정남면 정남산단3길 22,"25924, 29272",절삭가공 및 유사처리업 외 1 종,032-875-7333
1155,화성정남일반산업단지,(주)한에너지시스템 ,경기도 화성시 효행구 정남면 정남산단3길 37,29133,"탭, 밸브 및 유사장치 제조업",031-630-5433
1156,화성정남일반산업단지,(주)해원티앤디 ,경기도 화성시 효행구 정남면 정남산단로 19-10,"10741, 10742, 10749, 10799, 10802, 20422, 20423, 22292","플라스틱 적층, 도포 및 기타 표면처리 제품 제조업 외 7 종",031-374-7414
1157,화성정남일반산업단지,(주)현진테크놀로지,경기도 화성시 효행구 정남면 정남산단3길 31 2동,"28123, 29299",배전반 및 전기 자동제어반 제조업 외 1 종,031-377-7121
1158,화성정남일반산업단지,(주)휴텍,경기도 화성시 효행구 정남면 정남산단1길 19,29299,그 외 기타 특수목적용 기계 제조업,031-377-7393
1159,화성정남일반산업단지,금륜ENG ,경기도 화성시 효행구 정남면 정남산단1길 14,28123,배전반 및 전기 자동제어반 제조업,031-8059-6987
1160,화성정남일반산업단지,노벨이엔씨(주),경기도 화성시 효행구 정남면 정남산단로 93,"27199, 29199",그 외 기타 의료용 기기 제조업 외 1 종,031-267-0346
1161,화성정남일반산업단지,대동메탈(주),경기도 화성시 효행구 정남면 정남산단로 64,"25112, 25113, 25999",구조용 금속 판제품 및 공작물 제조업 외 2 종,031-377-8544
1162,화성정남일반산업단지,대산지오텍(주),경기도 화성시 효행구 정남면 정남산단로 118,29272,디스플레이 제조용 기계 제조업,031-353-9673
1163,화성정남일반산업단지,대영써스텍,경기도 화성시 효행구 정남면 정남산단로 143,25924,절삭가공 및 유사처리업,031-354-2025
1164,화성정남일반산업단지,두산에이치투이노베이션(주),경기도 화성시 효행구 정남면 정남산단3길 37,29299,그 외 기타 특수목적용 기계 제조업,031-8066-7731
1165,화성정남일반산업단지,메카플러스(주) ,경기도 화성시 효행구 정남면 정남산단1길 36,"22249, 29271",기타 기계.장비 조립용 플라스틱 제품 제조업 외 1 종,031-298-7146
1166,화성정남일반산업단지,바디솔라헬스케어인더스트리,"경기도 화성시 효행구 정남면 경기도 화성시 효행구 정남면 정남산단3길 37, 2층","27199, 29199",그 외 기타 일반목적용 기계 제조업 외 1 종,070-8112-1088
1167,화성정남일반산업단지,성도엔지니어링(주) ,경기도 화성시 효행구 정남면 정남산단로 33,25924,절삭가공 및 유사처리업,031-366-2245
1168,화성정남일반산업단지,세웅이앤씨(주),경기도 화성시 효행구 정남면 정남산단1길 10,28123,배전반 및 전기 자동제어반 제조업,031-378-2651
1169,화성정남일반산업단지,아오메탈(주),"경기도 화성시 효행구 정남면 정남산단로 94, (정남일반산업단지 8-3A)",25911,분말 야금제품 제조업,031-469-6374
1170,화성정남일반산업단지,아주테크 ,경기도 화성시 효행구 정남면 정남산단로 72,29223,금속 절삭기계 제조업,031-366-3828
1171,화성정남일반산업단지,에이치알에스,경기도 화성시 효행구 정남면 정남산단로 68,29280,산업용 로봇 제조업,031-8077-2571
1172,화성정남일반산업단지,엘앤에스정공(주),경기도 화성시 효행구 정남면 정남산단로 86,29271,반도체 제조용 기계 제조업,031-365-5660
1173,화성정남일반산업단지,원슈퍼드릴 ,경기도 화성시 효행구 정남면 정남산단3길 35,25929,그 외 기타 금속가공업,031-377-1555
1174,화성정남일반산업단지,이노6 주식회사,경기도 화성시 효행구 정남면 정남산단로 112,"29271, 29272",반도체 제조용 기계 제조업 외 1 종,031-378-6648
1175,화성정남일반산업단지,이노6(주),경기도 화성시 효행구 정남면 정남산단로 80,"29271, 29272",반도체 제조용 기계 제조업 외 1 종,031-378-6640
1176,화성정남일반산업단지,이튼일렉트리컬코리아 유한책임회사,경기도 화성시 효행구 정남면 정남산단로 32,"28123, 28422, 29299",그 외 기타 특수목적용 기계 제조업 외 2 종,031-8015-4693
1177,화성정남일반산업단지,주식회사 경기머신툴,경기도 화성시 효행구 정남면 정남산단3길 22,29223,금속 절삭기계 제조업,031-695-8354
1178,화성정남일반산업단지,코리아모터펌프(주) ,경기도 화성시 효행구 정남면 정남산단3길 9,"28111, 28114, 28119, 29120, 29131, 29132",전동기 및 발전기 제조업 외 5 종,031-477-8833
1179,화성정남일반산업단지,태영 Water Jet ,경기도 화성시 효행구 정남면 정남산단2길 30,"22299, 25924",그 외 기타 플라스틱 제품 제조업 외 1 종,031-372-7781
1180,화성정남일반산업단지,퓨어앤텍(주) ,경기도 화성시 효행구 정남면 정남산단로 11,20423,화장품 제조업,031-352-6385
1181,화성정남일반산업단지,프로텍,경기도 화성시 효행구 정남면 정남산단로 92,25941,볼트 및 너트류 제조업,031-354-1982
1182,화성향남제약일반산업단지,(주)가피바이오 ,경기도 화성시 만세구 향남읍 제약공단4길 83,20423,화장품 제조업,031-441-1617
1183,화성향남제약일반산업단지,(주)다림바이오텍,"경기도 화성시 만세구 향남읍 제약공단3길 107, 향남제약공단","10797, 20423, 21210, 21300",완제 의약품 제조업 외 3 종,031-353-6091
1184,화성향남제약일반산업단지,(주)다림티센 ,경기도 화성시 만세구 향남읍 제약공단3길 107,21300,의료용품 및 기타 의약 관련제품 제조업,02-3142-0846
1185,화성향남제약일반산업단지,(주)대웅상사,경기도 화성시 만세구 향남읍 제약공단4길 35-14 (대웅제약),27199,그 외 기타 의료용 기기 제조업,02-550-8255
1186,화성향남제약일반산업단지,(주)대웅이엔지,"경기도 화성시 만세구 향남읍 제약공단4길 35-14, 사동 (만세구 향남읍, 대웅제약)",21300,의료용품 및 기타 의약 관련제품 제조업,
1187,화성향남제약일반산업단지,(주)대웅제약,경기도 화성시 만세구 향남읍 제약공단4길 35-14 (대웅제약),"10797, 21102, 21210",완제 의약품 제조업 외 2 종,031-350-8702
1188,화성향남제약일반산업단지,(주)동구바이오제약,경기도 화성시 만세구 향남읍 제약공단2길 18,21210,완제 의약품 제조업,031-353-5411
1189,화성향남제약일반산업단지,(주)리독스바이오,경기도 화성시 만세구 향남읍 제약공단3길 83,"21101, 21210, 21300",의료용품 및 기타 의약 관련제품 제조업 외 2 종,031-353-6451
1190,화성향남제약일반산업단지,(주)메디카코리아,경기도 화성시 만세구 향남읍 제약공단4길 96,21210,완제 의약품 제조업,070-4018-8000
1191,화성향남제약일반산업단지,(주)비보존제약,경기도 화성시 만세구 향남읍 제약공단2길 34-40,"10749, 10795, 10796, 10799, 11209, 21210",인삼식품 제조업 외 5 종,031-370-7334
1192,화성향남제약일반산업단지,(주)소야그린텍,"경기도 화성시 만세구 향남읍 제약공단2길 34-26, (향남제약산업단지)","20423, 21300",의료용품 및 기타 의약 관련제품 제조업 외 1 종,031-353-6999
1193,화성향남제약일반산업단지,(주)시지바이오,경기도 화성시 만세구 향남읍 제약공단4길 35-14 (대웅제약),21300,의료용품 및 기타 의약 관련제품 제조업,031-732-0840
1194,화성향남제약일반산업단지,(주)알피바이오,"경기도 화성시 만세구 향남읍 제약공단4길 35-7, 화성향남지방산업단지",21210,완제 의약품 제조업,031-353-1361
1195,화성향남제약일반산업단지,(주)알피바이오,"경기도 화성시 만세구 향남읍 제약공단4길 35-7, 화성향남지방산업단지",21210,완제 의약품 제조업,031-353-1361
1196,화성향남제약일반산업단지,(주)유한크로락스,경기도 화성시 만세구 향남읍 제약공단4길 72,"20321, 20322",화학 살균.살충제 및 농업용 약제 제조업 외 1 종,031-352-8292
1197,화성향남제약일반산업단지,(주)한국메디콤,경기도 화성시 만세구 향남읍 제약공단1길 9,21300,의료용품 및 기타 의약 관련제품 제조업,031-353-9355
1198,화성향남제약일반산업단지,(주)한국파마,경기도 화성시 만세구 향남읍 제약공단3길 87,"10792, 10797, 20321, 20322, 20495, 20499, 21210, 21220, 21230",차류 가공업 외 8 종,031-353-7291
1199,화성향남제약일반산업단지,(주)화이트생명과학,경기도 화성시 만세구 향남읍 제약공단4길 89,21210,완제 의약품 제조업,031-359-9300
1200,화성향남제약일반산업단지,대웅바이오(주)제1공장,경기도 화성시 만세구 향남읍 제약공단4길 35-9,21210,완제 의약품 제조업,031-353-5271
1201,화성향남제약일반산업단지,대웅바이오(주)제2공장,경기도 화성시 만세구 향남읍 제약공단4길 53 (대웅화학(주)),20119,석탄화학계 화합물 및 기타 기초 유기 화학물질 제조업,031-353-5271
1202,화성향남제약일반산업단지,대원제약(주),경기도 화성시 만세구 향남읍 제약공단1길 24,21210,완제 의약품 제조업,031-353-4451
1203,화성향남제약일반산업단지,대한뉴팜(주) ,경기도 화성시 만세구 향남읍 제약공단1길 66,"10801, 10802, 21210, 21230",완제 의약품 제조업 외 3 종,031-353-6141
1204,화성향남제약일반산업단지,동방에프티엘(주),경기도 화성시 만세구 향남읍 제약공단4길 78,"20423, 21101, 21102, 21210",의약용 화합물 및 항생물질 제조업 외 3 종,031-354-1114
1205,화성향남제약일반산업단지,동방에프티엘(주)제2공장,경기도 화성시 만세구 향남읍 제약공단4길 83,"10749, 10795, 10797, 10799, 20423, 21101, 21210",화장품 제조업 외 6 종,031-354-1114
1206,화성향남제약일반산업단지,명문바이오(주) ,경기도 화성시 만세구 향남읍 제약공단2길 28,"21101, 21210",의약용 화합물 및 항생물질 제조업 외 1 종,031-370-5800
1207,화성향남제약일반산업단지,명문제약(주),경기도 화성시 만세구 향남읍 제약공단2길 26 외 1필지,"21101, 21210",완제 의약품 제조업 외 1 종,031-350-4004
1208,화성향남제약일반산업단지,미쓰비시다나베파마코리아(주),경기도 화성시 만세구 향남읍 제약공단2길 80,21210,완제 의약품 제조업,031-353-6671
1209,화성향남제약일반산업단지,삼성메디코스(주) ,경기도 화성시 만세구 향남읍 제약공단4길 22,"10749, 20423",화장품 제조업 외 1 종,02-3454-1860
1210,화성향남제약일반산업단지,삼성제약(주),경기도 화성시 만세구 향남읍 제약공단4길 10,21210,완제 의약품 제조업,031-353-6681
1211,화성향남제약일반산업단지,삼진제약(주),경기도 화성시 만세구 향남읍 제약공단1길 52,21210,완제 의약품 제조업,031-353-1712
1212,화성향남제약일반산업단지,삼천당제약(주) ,경기도 화성시 만세구 향남읍 제약공단2길 71 (삼천당제약),"10799, 21210",그 외 기타 식료품 제조업 외 1 종,031-350-7300
1213,화성향남제약일반산업단지,안국건강(주),경기도 화성시 만세구 향남읍 상신리 903-5 번지,"10792, 10796, 10797",차류 가공업 외 2 종,02-834-5182
1214,화성향남제약일반산업단지,안국약품(주),경기도 화성시 만세구 향남읍 제약공단1길 40 외 1필지,"21101, 21210",의약용 화합물 및 항생물질 제조업 외 1 종,031-353-1501
1215,화성향남제약일반산업단지,알보젠코리아(주),경기도 화성시 만세구 향남읍 제약공단2길 36,21210,완제 의약품 제조업,031-678-9405
1216,화성향남제약일반산업단지,에리슨제약(주),경기도 화성시 만세구 향남읍 제약공단3길 95,21210,완제 의약품 제조업,031-8059-4706
1217,화성향남제약일반산업단지,에이치엘비제약 향남공장,경기도 화성시 만세구 향남읍 제약공단2길 35,21210,완제 의약품 제조업,031-630-4001
1218,화성향남제약일반산업단지,케이에스팩 주식회사 ,경기도 화성시 만세구 향남읍 제약공단2길 34-29,"20495, 20499",그 외 기타 분류 안된 화학제품 제조업 외 1 종,031-8059-5206
1219,화성향남제약일반산업단지,코스맥스(주) 제1공장,"경기도 화성시 만세구 향남읍 제약공단2길 46, 경기도 화성시 만세구 향남읍 제약공단2길 34-29","20422, 20423, 20493, 20495, 20499, 21210, 68112",화장품 제조업 외 6 종,031-353-6070
1220,화성향남제약일반산업단지,코스맥스(주)제2공장,경기도 화성시 만세구 향남읍 제약공단1길 27,"20422, 20423, 20493, 20495, 20499, 21210",화장품 제조업 외 5 종,031-5182-0179
1221,화성향남제약일반산업단지,코스맥스라보라토리(주),경기도 화성시 만세구 향남읍 제약공단1길 27,20423,화장품 제조업,
1222,화성향남제약일반산업단지,코스맥스아이큐어(주),"경기도 화성시 만세구 향남읍 제약공단2길 34-29, (2동2층) (만세구 향남읍)",20423,화장품 제조업,031-353-6070
1223,화성향남제약일반산업단지,코스맥스펫(주),경기도 화성시 만세구 향남읍 제약공단2길 46,21230,동물용 의약품 제조업,031-5182-0159
1224,화성향남제약일반산업단지,태극제약(주) 화성지점,경기도 화성시 만세구 향남읍 제약공단3길 123,21210,완제 의약품 제조업,031-353-5530
1225,화성향남제약일반산업단지,풍림무약(주),경기도 화성시 만세구 향남읍 제약공단3길 120 (풍림무약),21210,완제 의약품 제조업,031-353-7352
1226,화성향남제약일반산업단지,하나제약(주) 상신공장 ,경기도 화성시 만세구 향남읍 제약공단3길 133,"21101, 21210",완제 의약품 제조업 외 1 종,031-353-5883
1227,화성향남제약일반산업단지,한국메디텍제약(주),경기도 화성시 만세구 향남읍 상신리 902-2번지,21210,완제 의약품 제조업,031-353-1570
1228,화성향남제약일반산업단지,한국휴텍스제약(주),경기도 화성시 만세구 향남읍 제약공단3길 99,21210,완제 의약품 제조업,031-377-7905
1229,화성향남제약일반산업단지,화일약품(주),경기도 화성시 만세구 향남읍 제약공단3길 57 (화일약품),"10799, 21101",의약용 화합물 및 항생물질 제조업 외 1 종,031-628-3715
1230,화성향남제약일반산업단지,환인제약(주),경기도 화성시 만세구 향남읍 제약공단2길 45,21210,완제 의약품 제조업,031-673-2041
1231,화성바이오밸리일반산업단지, (주)피앤씨패키지,"경기도 화성시 만세구 마도면 청원산단3길 68, 경기화성바이오밸리 일반산업단지 I-16-13블록","22231, 22232","플라스틱 포대, 봉투 및 유사제품 제조업 외 1 종",031-351-4005
1232,화성바이오밸리일반산업단지,(유)유씨씨,경기도 화성시 만세구 마도면 청원산단7길 59,20202,합성수지 및 기타 플라스틱 물질 제조업,031-716-3267
1233,화성바이오밸리일반산업단지,(주)강성산업,"경기도 화성시 만세구 마도면 청원산단2길 33, (I-6-2-2블록)",29229,기타 가공 공작기계 제조업,031-431-8136
1234,화성바이오밸리일반산업단지,(주)건일트레이,"경기도 화성시 만세구 마도면 청원산단3길 140-32, (경기화성바이오밸리 일반산업단지 I-12-6-1블록)","25113, 25114",육상 금속 골조 구조재 제조업 외 1 종,031-491-2832
1235,화성바이오밸리일반산업단지,(주)건흥철관,경기도 화성시 만세구 마도면 청원산단2길 33,25929,그 외 기타 금속가공업,031-434-7333
1236,화성바이오밸리일반산업단지,(주)계성인더스트리,경기도 화성시 만세구 마도면 청원산단5길 112,"20495, 20499",그 외 기타 분류 안된 화학제품 제조업 외 1 종,031-776-2413
1237,화성바이오밸리일반산업단지,(주)고원글로텍,"경기도 화성시 만세구 마도면 청원산단1길 146, (경기화성바이오밸리 I-14-5블록) (경기화성바이오밸리  I-14-5블록) (경기화성바이오밸리  I-14-5블록)","30320, 30400",자동차 차체용 신품 부품 제조업 외 1 종,031-357-8222
1238,화성바이오밸리일반산업단지,(주)고원금속,"경기도 화성시 만세구 마도면 청원산단1길 144, (경기화성바이오밸리 1-14-7)","30320, 30400",자동차 차체용 신품 부품 제조업 외 1 종,031-357-8222
1239,화성바이오밸리일반산업단지,(주)교우산업,경기도 화성시 만세구 마도면 청원산단7길 65,20411,일반용 도료 및 관련제품 제조업,031-499-0617
1240,화성바이오밸리일반산업단지,(주)그린에어테크,경기도 화성시 만세구 마도면 청원산단5길 184,29173,산업용 송풍기 및 배기장치 제조업,031-356-4352
1241,화성바이오밸리일반산업단지,(주)그린에어테크 ,경기도 화성시 만세구 마도면 청원산단6길 47,29173,산업용 송풍기 및 배기장치 제조업,031-355-6506
1242,화성바이오밸리일반산업단지,(주)금영이엔지,경기도 화성시 만세구 마도면 청원산단5길 26,"29172, 29299",공기 조화장치 제조업 외 1 종,042-824-5538
1243,화성바이오밸리일반산업단지,(주)기륭산업,경기도 화성시 만세구 마도면 청원산단5길 158,"20421, 20424, 20499",표면광택제 및 실내가향제 제조업 외 2 종,041-523-0411
1244,화성바이오밸리일반산업단지,(주)꼬레본,경기도 화성시 만세구 마도면 청원산단3길 12,"25923, 25999, 29142, 29162",그 외 기타 분류 안된 금속 가공 제품 제조업 외 3 종,031-508-5757
1245,화성바이오밸리일반산업단지,(주)나노시스,경기도 화성시 만세구 마도면 청원산단로 173,25999,그 외 기타 분류 안된 금속 가공 제품 제조업,
1246,화성바이오밸리일반산업단지,(주)남동기계,경기도 화성시 만세구 마도면 청원리 1275번지 경기화성바이오밸리 일반산업단지 I-2-4블록,29224,금속 성형기계 제조업,031-355-2138
1247,화성바이오밸리일반산업단지,(주)남아월드와이드,경기도 화성시 만세구 마도면 청원산단3길 17-5,29241,건설 및 채광용 기계장비 제조업,031-355-4523
1248,화성바이오밸리일반산업단지,(주)네오메디컬화장품 제2공장,"경기도 화성시 만세구 마도면 청원산단5길 132, (I-19-4블록)",20423,화장품 제조업,031-356-3875
1249,화성바이오밸리일반산업단지,(주)다온테크윈 제2공장,경기도 화성시 만세구 마도면 청원산단2길 35,29229,기타 가공 공작기계 제조업,031-355-5660
1250,화성바이오밸리일반산업단지,(주)다우산 ,경기도 화성시 만세구 마도면 청원산단2길 58,"25912, 30320",금속 단조제품 제조업 외 1 종,031-366-8550
1251,화성바이오밸리일반산업단지,(주)다해산업,경기도 화성시 만세구 마도면 청원산단3길 61-7,17124,"적층, 합성 및 특수표면처리 종이 제조업",031-493-4371
1252,화성바이오밸리일반산업단지,(주)대리버플러스 ,경기도 화성시 만세구 마도면 청원리 1449번지,20413,인쇄잉크 및 회화용 물감 제조업,02-706-3778
1253,화성바이오밸리일반산업단지,(주)대명열처리,"경기도 화성시 만세구 마도면 청원산단4길 101, (경기화성바이오밸리 I-2-2블록)",25921,금속 열처리업,031-491-6602
1254,화성바이오밸리일반산업단지,(주)대명케미칼,경기도 화성시 만세구 마도면 청원산단3길 187,"20495, 20499",그 외 기타 분류 안된 화학제품 제조업 외 1 종,031-831-3933
1255,화성바이오밸리일반산업단지,(주)대진화학,경기도 화성시 만세구 마도면 청원산단3길 140-9,20413,인쇄잉크 및 회화용 물감 제조업,031-431-3260
1256,화성바이오밸리일반산업단지,(주)대호산업,경기도 화성시 만세구 마도면 청원산단7길 43,"20495, 20499",그 외 기타 분류 안된 화학제품 제조업 외 1 종,031-491-8851
1257,화성바이오밸리일반산업단지,(주)대흥화학,경기도 화성시 만세구 마도면 청원산단8길 127,"20411, 20499",그 외 기타 분류 안된 화학제품 제조업 외 1 종,031-356-2061
1258,화성바이오밸리일반산업단지,(주)더데이원랩,경기도 화성시 만세구 마도면 청원산단2길 88,29292,"고무, 화학섬유 및 플라스틱 성형기 제조업",02-6094-0001
1259,화성바이오밸리일반산업단지,(주)덕원정밀,경기도 화성시 만세구 마도면 청원산단2길 93,29294,주형 및 금형 제조업,031-318-1925
1260,화성바이오밸리일반산업단지,(주)동우자동도어,경기도 화성시 만세구 마도면 청원산단4길 13,"25111, 29261, 29299",그 외 기타 특수목적용 기계 제조업 외 2 종,02-3281-2121
1261,화성바이오밸리일반산업단지,(주)디어스엠 ,경기도 화성시 만세구 마도면 청원산단8길 119,20413,인쇄잉크 및 회화용 물감 제조업,031-8043-2547
1262,화성바이오밸리일반산업단지,(주)디와이솔리텍 ,경기도 화성시 만세구 마도면 청원리 1301번지,"25929, 26429",그 외 기타 금속가공업 외 1 종,031-434-1945
1263,화성바이오밸리일반산업단지,(주)디와이엠씨,경기도 화성시 만세구 마도면 청원산단2길 26,"25112, 25122, 25123, 29150, 29163, 29169, 29171, 29223, 29261, 29299",구조용 금속 판제품 및 공작물 제조업 외 9 종,031-499-0068
1264,화성바이오밸리일반산업단지,(주)메가코스,"경기도 화성시 만세구 마도면 청원산단5길 37, 경기화성바이오밸리 일반산업단지 I-13-1블록 (만세구 마도면)","20422, 20423",화장품 제조업 외 1 종,031-8077-9971
1265,화성바이오밸리일반산업단지,(주)명신기연,"경기도 화성시 만세구 마도면 청원산단3길 163, (경기화성바이오밸리 I-19-2-2블록)",20493,접착제 및 젤라틴 제조업,031-494-6589
1266,화성바이오밸리일반산업단지,(주)명진강업,경기도 화성시 만세구 마도면 청원리 1288번지 (2-16 블록),"24290, 29162, 29163, 29169",승강기 제조업 외 3 종,02-2676-5533
1267,화성바이오밸리일반산업단지,(주)미디안,경기도 화성시 만세구 마도면 청원산단3길 12,29292,"고무, 화학섬유 및 플라스틱 성형기 제조업",031-434-5030
1268,화성바이오밸리일반산업단지,(주)미디안테크,"경기도 화성시 만세구 마도면 청원산단3길 12, 경기화성바이오밸리 일반산업단지 I-16-2블록","29222, 29292","고무, 화학섬유 및 플라스틱 성형기 제조업 외 1 종",031-434-5030
1269,화성바이오밸리일반산업단지,(주)바로푸드,경기도 화성시 만세구 마도면 청원산단1길 120,10742,천연 및 혼합조제 조미료 제조업,031-355-8567
1270,화성바이오밸리일반산업단지,(주)반디프린팅,경기도 화성시 만세구 마도면 청원산단1길 39,"17223, 17909",식품 위생용 종이 상자 및 용기 제조업 외 1 종,031-499-5741
1271,화성바이오밸리일반산업단지,(주)백두엔지니어링 ,경기도 화성시 만세구 마도면 청원산단7길 27,29221,전자 응용 절삭기계 제조업,031-357-6780
1272,화성바이오밸리일반산업단지,(주)비디엠 ,경기도 화성시 만세구 마도면 청원산단7길 27,25119,기타 구조용 금속제품 제조업,02-561-4797
1273,화성바이오밸리일반산업단지,(주)삼미,경기도 화성시 만세구 마도면 청원산단5길 157,20202,합성수지 및 기타 플라스틱 물질 제조업,031-495-3001
1274,화성바이오밸리일반산업단지,(주)삼성잉크 ,경기도 화성시 만세구 마도면 청원산단8길 130,20413,인쇄잉크 및 회화용 물감 제조업,031-491-3441
1275,화성바이오밸리일반산업단지,(주)삼신기계,경기도 화성시 만세구 마도면 청원산단2길 87,"28123, 29224",금속 성형기계 제조업 외 1 종,031-433-9411
1276,화성바이오밸리일반산업단지,(주)서진피앤비 ,"경기도 화성시 만세구 마도면 청원산단3길 55, (I-17-6블록)",17229,기타 종이 상자 및 용기 제조업,031-357-9961
1277,화성바이오밸리일반산업단지,(주)성산화학,경기도 화성시 만세구 마도면 청원산단5길 118,20421,계면활성제 제조업,031-493-9146
1278,화성바이오밸리일반산업단지,(주)성원토건,경기도 화성시 만세구 마도면 청원산단4길 67,25929,그 외 기타 금속가공업,032-431-1410
1279,화성바이오밸리일반산업단지,(주)세일산기,경기도 화성시 만세구 마도면 청원산단로 173,25929,그 외 기타 금속가공업,031-357-7427
1280,화성바이오밸리일반산업단지,(주)세진에스엠티,경기도 화성시 만세구 마도면 청원산단1길 10-21,"22249, 29199, 29271",그 외 기타 일반목적용 기계 제조업 외 2 종,031-356-9067
1281,화성바이오밸리일반산업단지,(주)셀바이오휴먼텍,경기도 화성시 만세구 마도면 청원리 1427번지,20423,화장품 제조업,070-4786-9320
1282,화성바이오밸리일반산업단지,(주)솔로몬,"경기도 화성시 만세구 마도면 청원산단4길 33, (경기화성바이오밸리 일반산업단지 I-2-9블록)","28511, 29176, 29199",그 외 기타 일반목적용 기계 제조업 외 2 종,031-434-7999
1283,화성바이오밸리일반산업단지,(주)수테크엔바이오 ,경기도 화성시 만세구 마도면 청원산단3길 159,20499,그 외 기타 분류 안된 화학제품 제조업,031-377-3101
1284,화성바이오밸리일반산업단지,(주)순바이오팜,경기도 화성시 만세구 마도면 청원산단4길 57,"20423, 52101",일반 창고업 외 1 종,031-357-1858
1285,화성바이오밸리일반산업단지,(주)신성,"경기도 화성시 만세구 마도면 청원산단3길 140-41, (경기화성바이오밸리 일반산업단지 I-11-3)",29199,그 외 기타 일반목적용 기계 제조업,031-355-7114
1286,화성바이오밸리일반산업단지,(주)신양화학 ,경기도 화성시 만세구 마도면 청원산단3길 43,"22211, 22229","플라스틱 선, 봉, 관 및 호스 제조업 외 1 종",031-357-9918
1287,화성바이오밸리일반산업단지,(주)신우엠테크,경기도 화성시 만세구 마도면 청원산단2길 66,29175,액체 여과기 제조업,031-355-4283
1288,화성바이오밸리일반산업단지,(주)신화에프에이,경기도 화성시 만세구 마도면 청원산단3길 55,24199,그 외 기타 1차 철강 제조업,031-356-3300
1289,화성바이오밸리일반산업단지,(주)쌍희,"경기도 화성시 만세구 마도면 청원산단3길 140-41, (경기화성바이오밸리 일반산업단지 I-11-3)",25944,금속선 가공제품 제조업,031-434-0322
1290,화성바이오밸리일반산업단지,(주)씨디아이,경기도 화성시 만세구 마도면 청원산단8길 129,20499,그 외 기타 분류 안된 화학제품 제조업,031-366-3588
1291,화성바이오밸리일반산업단지,(주)씨앤씨테크,경기도 화성시 만세구 마도면 청원산단3길 170,20129,기타 기초 무기 화학물질 제조업,031-8069-2350
1292,화성바이오밸리일반산업단지,(주)아세아볼트 화성지점,경기도 화성시 만세구 마도면 청원산단1길 20,68112,비주거용 건물 임대업,032-818-0234
1293,화성바이오밸리일반산업단지,(주)아이앤티산업 ,경기도 화성시 만세구 마도면 청원산단3길 59,"24199, 29299",그 외 기타 1차 철강 제조업 외 1 종,031-319-2754
1294,화성바이오밸리일반산업단지,(주)안남테크,경기도 화성시 만세구 마도면 청원리 1390번지,30399,그 외 자동차용 신품 부품 제조업,032-812-3339
1295,화성바이오밸리일반산업단지,(주)알피바이오,경기도 화성시 만세구 마도면 청원산단5길 60,"10797, 21210",완제 의약품 제조업 외 1 종,031-5183-3600
1296,화성바이오밸리일반산업단지,(주)에버켐텍,"경기도 화성시 만세구 마도면 청원산단7길 38, (9-10 블록)","20129, 20411, 20499, 26299",그 외 기타 분류 안된 화학제품 제조업 외 3 종,031-221-0023
1297,화성바이오밸리일반산업단지,(주)에스앤티,"경기도 화성시 만세구 마도면 청원산단5길 26, (경기화성바이오밸리1-12-7블록)","29172, 29173",공기 조화장치 제조업 외 1 종,031-508-0252
1298,화성바이오밸리일반산업단지,(주)에이앤피,경기도 화성시 만세구 마도면 청원산단2길 88,29294,주형 및 금형 제조업,031-355-5343
1299,화성바이오밸리일반산업단지,(주)에이치엠이 ,경기도 화성시 만세구 마도면 청원산단4길 38,29294,주형 및 금형 제조업,031-357-4648
1300,화성바이오밸리일반산업단지,(주)에코씨디아이,경기도 화성시 만세구 마도면 청원산단8길 129,20499,그 외 기타 분류 안된 화학제품 제조업,031-366-3588
1301,화성바이오밸리일반산업단지,(주)에코폴리머,경기도 화성시 만세구 마도면 청원산단3길 140-15,20421,계면활성제 제조업,031-366-9531
1302,화성바이오밸리일반산업단지,(주)에프원텍,"경기도 화성시 만세구 마도면 청원산단4길 119, (경기화성바이오밸리 I-5-2블록)","25924, 28429, 29132, 30201, 30202",차체 및 특장차 제조업 외 4 종,031-366-8561
1303,화성바이오밸리일반산업단지,(주)엘파워텍,경기도 화성시 만세구 마도면 청원산단로 144,"25932, 26299, 28112, 28121, 28123",일반철물 제조업 외 4 종,031-355-9888
1304,화성바이오밸리일반산업단지,(주)엠에스씨,경기도 화성시 만세구 마도면 청원산단3길 144,"20495, 20499",그 외 기타 분류 안된 화학제품 제조업 외 1 종,032-813-3675
1305,화성바이오밸리일반산업단지,(주)엠티엠,경기도 화성시 만세구 마도면 청원산단3길 12,29299,그 외 기타 특수목적용 기계 제조업,031-366-8003
1306,화성바이오밸리일반산업단지,(주)영스틸,경기도 화성시 만세구 마도면 청원산단4길 98,29294,주형 및 금형 제조업,031-493-6400
1307,화성바이오밸리일반산업단지,(주)영신엔지니어링 화성공장 ,경기도 화성시 만세구 마도면 청원산단2길 42,25924,절삭가공 및 유사처리업,031-319-1981
1308,화성바이오밸리일반산업단지,(주)영진파워텍,"경기도 화성시 만세구 마도면 청원산단3길 140-27, 가동","29163, 29169, 29294",컨베이어장치 제조업 외 2 종,031-357-5785
1309,화성바이오밸리일반산업단지,(주)예진화장품 ,경기도 화성시 만세구 마도면 청원리 1482번지,20422,"치약, 비누 및 기타 세제 제조업",032-822-2127
1310,화성바이오밸리일반산업단지,(주)우리티이에스,경기도 화성시 만세구 마도면 청원산단6길 47,25999,그 외 기타 분류 안된 금속 가공 제품 제조업,031-366-0753
1311,화성바이오밸리일반산업단지,(주)우성엠에프,"경기도 화성시 만세구 마도면 청원산단3길 68, (경기화성바이오밸리 I-16-13블록)","10791, 22212, 25113, 28123, 29299",플라스틱 필름 제조업 외 4 종,031-493-2073
1312,화성바이오밸리일반산업단지,(주)원클라스,경기도 화성시 만세구 마도면 청원산단5길 18,29172,공기 조화장치 제조업,031-8058-2148
1313,화성바이오밸리일반산업단지,(주)원텍,경기도 화성시 만세구 마도면 청원산단7길 28,30399,그 외 자동차용 신품 부품 제조업,031-494-5537
1314,화성바이오밸리일반산업단지,(주)월드켐,경기도 화성시 만세구 마도면 청원산단5길 165,"10749, 17902, 20321, 20322, 20422, 20423, 20424, 20499, 27199",화학 살균.살충제 및 농업용 약제 제조업 외 8 종,031-352-5388
1315,화성바이오밸리일반산업단지,(주)윈테크코퍼레이션,경기도 화성시 만세구 마도면 청원산단4길 45,25999,그 외 기타 분류 안된 금속 가공 제품 제조업,
1316,화성바이오밸리일반산업단지,(주)유성엔지니어링,경기도 화성시 만세구 마도면 청원산단3길 140-29,"25113, 25114, 25942",그 외 금속파스너 및 나사제품 제조업 외 2 종,031-432-0508
1317,화성바이오밸리일반산업단지,(주)유수산업,경기도 화성시 만세구 마도면 청원산단3길 140-31,29250,음ㆍ식료품 및 담배 가공기계 제조업,031-227-0512
1318,화성바이오밸리일반산업단지,(주)유시스,"경기도 화성시 만세구 마도면 청원산단3길 140-20, (청원리 1435)",20202,합성수지 및 기타 플라스틱 물질 제조업,031-366-5180
1319,화성바이오밸리일반산업단지,(주)유신공업,경기도 화성시 만세구 마도면 청원산단3길 140-42,29294,주형 및 금형 제조업,031-356-8777
1320,화성바이오밸리일반산업단지,(주)유진스프링,"경기도 화성시 만세구 마도면 청원산단4길 34, (경기화성바이오밸리 I-3-2블록)","25943, 31202",금속 스프링 제조업 외 1 종,031-493-8851
1321,화성바이오밸리일반산업단지,(주)유한화학,경기도 화성시 만세구 마도면 청원산단8길 162 외 2필지,"20495, 20499, 21101",그 외 기타 분류 안된 화학제품 제조업 외 2 종,031-370-6900
1322,화성바이오밸리일반산업단지,(주)이에스피켐,"경기도 화성시 만세구 마도면 청원산단1길 42, (경기화성바이오밸리 I-14-12블록)",20202,합성수지 및 기타 플라스틱 물질 제조업,031-491-9907
1323,화성바이오밸리일반산업단지,(주)이화이엔씨,"경기도 화성시 만세구 마도면 청원산단3길 140-16, (경기화성바이오밸리 일반산업단지 I-12-8-2 블록)",20132,"염료, 조제 무기안료, 유연제 및 기타 착색제 제조업",031-319-5547
1324,화성바이오밸리일반산업단지,(주)일성화학,경기도 화성시 만세구 마도면 청원리 1480번지,20411,일반용 도료 및 관련제품 제조업,031-298-8578
1325,화성바이오밸리일반산업단지,(주)제이앤씨,경기도 화성시 만세구 마도면 청원산단2길 81,"25924, 29299",그 외 기타 특수목적용 기계 제조업 외 1 종,031-366-9426
1326,화성바이오밸리일반산업단지,(주)제이월드산업,경기도 화성시 만세구 마도면 청원산단1길 59,"22199, 22229, 22299",그 외 기타 고무제품 제조업 외 2 종,070-4667-4747
1327,화성바이오밸리일반산업단지,(주)제이제이테크 ,경기도 화성시 만세구 마도면 청원산단1길 163,"24222, 25111","금속 문, 창, 셔터 및 관련제품 제조업 외 1 종",031-355-6335
1328,화성바이오밸리일반산업단지,(주)제이피이노베이션,경기도 화성시 만세구 마도면 청원산단8길 138,"20495, 20499, 25122, 29250",바이오 연료 및 혼합물 제조업 외 3 종,031-366-6713
1329,화성바이오밸리일반산업단지,(주)제이피켐,경기도 화성시 만세구 마도면 청원산단8길 138,20499,그 외 기타 분류 안된 화학제품 제조업,070-4616-0669
1330,화성바이오밸리일반산업단지,(주)제일캐노피,경기도 화성시 만세구 마도면 청원산단2길 116 (만세구 마도면),"25111, 25112, 25119, 25944, 25994","금속 문, 창, 셔터 및 관련제품 제조업 외 4 종",031-356-1485
1331,화성바이오밸리일반산업단지,(주)준성이엔지,경기도 화성시 만세구 마도면 청원산단7길 19,"25913, 25914",자동차용 금속 압형제품 제조업 외 1 종,031-431-5541
1332,화성바이오밸리일반산업단지,(주)지제이테크,경기도 화성시 만세구 마도면 청원산단1길 86,22249,기타 기계.장비 조립용 플라스틱 제품 제조업,032-816-3375
1333,화성바이오밸리일반산업단지,(주)진성에스앤피,경기도 화성시 만세구 마도면 청원산단2길 128,"30391, 30392, 30399, 30400",그 외 자동차용 신품 부품 제조업 외 3 종,031-366-3548
1334,화성바이오밸리일반산업단지,(주)진세에프앤씨,"경기도 화성시 만세구 마도면 청원산단5길 18, 경기화성바이오밸리 일반산업단지 I-12-5블록",25932,일반철물 제조업,031-351-6055
1335,화성바이오밸리일반산업단지,(주)진흥엔지니어링,경기도 화성시 만세구 마도면 청원산단3길 140-31,"25122, 29192, 29210, 29250, 29299",음ㆍ식료품 및 담배 가공기계 제조업 외 4 종,031-357-3171
1336,화성바이오밸리일반산업단지,(주)창대기업,경기도 화성시 만세구 마도면 청원리 1317번지,25923,도장 및 기타 피막처리업,031-366-8477
1337,화성바이오밸리일반산업단지,(주)천일,경기도 화성시 만세구 마도면 청원산단1길 10-15,25924,절삭가공 및 유사처리업,031-356-7626
1338,화성바이오밸리일반산업단지,(주)케이산업,경기도 화성시 만세구 마도면 청원산단로 124,"22259, 25113, 25114",육상 금속 골조 구조재 제조업 외 2 종,031-8055-0771
1339,화성바이오밸리일반산업단지,(주)케이스탑,"경기도 화성시 만세구 마도면 청원산단3길 94, 경기화성바이오밸리 일반산업단지 I-14-14블록",20499,그 외 기타 분류 안된 화학제품 제조업,031-408-6771
1340,화성바이오밸리일반산업단지,(주)켐텍스코리아,"경기도 화성시 만세구 마도면 청원산단5길 40, (경기화성바이오밸리 I-12-9-2블록)",20421,계면활성제 제조업,031-434-4421
1341,화성바이오밸리일반산업단지,(주)코스폴,"경기도 화성시 만세구 마도면 청원산단7길 39, (경기화성바이오밸리 I-11-8-2블록)","20495, 20499",그 외 기타 분류 안된 화학제품 제조업 외 1 종,031-357-4280
1342,화성바이오밸리일반산업단지,(주)코테크 화성지점,경기도 화성시 만세구 마도면 청원산단7길 59,"20202, 20411",합성수지 및 기타 플라스틱 물질 제조업 외 1 종,031-682-2662
1343,화성바이오밸리일반산업단지,(주)태성분체,경기도 화성시 만세구 마도면 청원산단2길 25,"25119, 25923",도장 및 기타 피막처리업 외 1 종,031-495-2866
1344,화성바이오밸리일반산업단지,(주)파머스그레인코리아 ,경기도 화성시 만세구 마도면 청원산단7길 64,"20422, 20423",화장품 제조업 외 1 종,031-8077-2014
1345,화성바이오밸리일반산업단지,(주)펫퍼스,경기도 화성시 만세구 마도면 청원산단5길 114,"10801, 20423",배합 사료 제조업 외 1 종,031-227-5701
1346,화성바이오밸리일반산업단지,(주)포스켐,"경기도 화성시 만세구 마도면 청원산단3길 167, (경기화성바이오밸리 I-19-2-1블록)",20411,일반용 도료 및 관련제품 제조업,031-355-4993
1347,화성바이오밸리일반산업단지,(주)푸른친구들 ,경기도 화성시 만세구 마도면 청원산단4길 57,52101,일반 창고업,031-356-5860
1348,화성바이오밸리일반산업단지,(주)프라임광학,경기도 화성시 만세구 마도면 청원산단4길 83,26211,액정 표시장치 제조업,031-356-6866
1349,화성바이오밸리일반산업단지,(주)프로코,"경기도 화성시 만세구 마도면 청원산단7길 50, (경기화성바이오밸리 일반산업단지 I-9-16블록)","20495, 20499",그 외 기타 분류 안된 화학제품 제조업 외 1 종,031-355-4875
1350,화성바이오밸리일반산업단지,(주)피티비이엔지,경기도 화성시 만세구 마도면 청원산단3길 140-38,"30320, 30400",자동차 차체용 신품 부품 제조업 외 1 종,031-434-7281
1351,화성바이오밸리일반산업단지,(주)픽스턴,"경기도 화성시 만세구 마도면 청원산단로 181, 나동",27215,기기용 자동측정 및 제어장치 제조업,031-831-3686
1352,화성바이오밸리일반산업단지,(주)하나로샤시,"경기도 화성시 만세구 마도면 청원산단1길 64, (경기화성바이오밸리 I-22-2블록)",22211,"플라스틱 선, 봉, 관 및 호스 제조업",031-431-8755
1353,화성바이오밸리일반산업단지,(주)한국분산,경기도 화성시 만세구 마도면 청원산단7길 64,20411,일반용 도료 및 관련제품 제조업,031-508-0054
1354,화성바이오밸리일반산업단지,(주)한국스틸웨어,경기도 화성시 만세구 마도면 청원산단1길 20,25932,일반철물 제조업,031-357-2075
1355,화성바이오밸리일반산업단지,(주)한국스틸웨어,경기도 화성시 만세구 마도면 청원산단1길 23,25932,일반철물 제조업,031-357-2075
1356,화성바이오밸리일반산업단지,(주)한솔바이오텍,경기도 화성시 만세구 마도면 청원산단5길 45,20423,화장품 제조업,031-357-0884
1357,화성바이오밸리일반산업단지,(주)한송인더스트리,경기도 화성시 만세구 마도면 청원산단7길 42,"20495, 20499",그 외 기타 분류 안된 화학제품 제조업 외 1 종,070-7830-6491
1358,화성바이오밸리일반산업단지,(주)한일정공,"경기도 화성시 만세구 마도면 청원산단로 196, (경기화성바이오밸리 1-4-4 블록)","30331, 30400",자동차용 신품 동력전달장치 제조업 외 1 종,031-356-2511
1359,화성바이오밸리일반산업단지,(주)한일정공,경기도 화성시 만세구 마도면 청원산단3길 33,"30331, 30400",자동차용 신품 동력전달장치 제조업 외 1 종,031-491-2511
1360,화성바이오밸리일반산업단지,(주)해찬정밀,"경기도 화성시 만세구 마도면 청원산단8길 105, (경기화성바이오밸리 I-4-6블록)",25999,그 외 기타 분류 안된 금속 가공 제품 제조업,031-356-1301
1361,화성바이오밸리일반산업단지,(주)해토,"경기도 화성시 만세구 마도면 청원산단2길 41, (주)해토",29272,디스플레이 제조용 기계 제조업,
1362,화성바이오밸리일반산업단지,(주)현대알루미늄,경기도 화성시 만세구 마도면 청원리 1349번지 (10-4 필지),25112,구조용 금속 판제품 및 공작물 제조업,031-355-4477
1363,화성바이오밸리일반산업단지,(주)현민피앤디,"경기도 화성시 만세구 마도면 청원산단3길 61-3, 경기화성바이오밸리 일반산업단지 I-17-8블록 (만세구 마도면)","17124, 17211, 17222, 17223","적층, 합성 및 특수표면처리 종이 제조업 외 3 종",031-319-2142
1364,화성바이오밸리일반산업단지,(주)혜성테크,"경기도 화성시 만세구 마도면 청원산단3길 32, (경기화성바이오밸리 I-16-6블록)","25929, 29174, 29175, 30201, 30202",액체 여과기 제조업 외 4 종,031-351-8370
1365,화성바이오밸리일반산업단지,(주)화성산업,경기도 화성시 만세구 마도면 청원산단5길 158,"20421, 20499",계면활성제 제조업 외 1 종,070-4322-2631
1366,화성바이오밸리일반산업단지,(주)화인코왁,경기도 화성시 만세구 마도면 청원산단2길 58,"29142, 31312",기어 및 동력전달장치 제조업 외 1 종,031-357-9044
1367,화성바이오밸리일반산업단지,BS테크,경기도 화성시 만세구 마도면 청원산단3길 140-27,"25112, 25999",구조용 금속 판제품 및 공작물 제조업 외 1 종,
1368,화성바이오밸리일반산업단지,KSV엔지니어링,경기도 화성시 만세구 마도면 청원산단1길 14,25924,절삭가공 및 유사처리업,070-7707-3571
1369,화성바이오밸리일반산업단지,㈜대웅케미칼,경기도 화성시 만세구 마도면 청원산단5길 161,20129,기타 기초 무기 화학물질 제조업,031-357-1660
1370,화성바이오밸리일반산업단지,㈜동양엔진텍,"경기도 화성시 만세구 마도면 청원산단4길 61, (2-6-1 블록)",25999,그 외 기타 분류 안된 금속 가공 제품 제조업,
1371,화성바이오밸리일반산업단지,㈜창일테크,"경기도 화성시 만세구 마도면 청원산단3길 55, (I-17-6 블록)",24199,그 외 기타 1차 철강 제조업,031-433-6443
1372,화성바이오밸리일반산업단지,계산특수강(주),경기도 화성시 만세구 마도면 청원산단로 181,25113,육상 금속 골조 구조재 제조업,031-357-8415
1373,화성바이오밸리일반산업단지,광동케미칼(주),"경기도 화성시 만세구 마도면 청원산단3길 188, (경기화성바이오밸리 1-8-6블록)","20312, 20313, 20422","치약, 비누 및 기타 세제 제조업 외 2 종",031-432-6633
1374,화성바이오밸리일반산업단지,국도첨단소재(주) ,경기도 화성시 만세구 마도면 청원산단3길 117,20499,그 외 기타 분류 안된 화학제품 제조업,031-358-7140
1375,화성바이오밸리일반산업단지,국도화학(주),경기도 화성시 만세구 마도면 청원산단3길 117 외 2필지,20499,그 외 기타 분류 안된 화학제품 제조업,02-3282-1400
1376,화성바이오밸리일반산업단지,글로벌ENG,경기도 화성시 만세구 마도면 청원산단1길 33,"24199, 25929",그 외 기타 1차 철강 제조업 외 1 종,031-355-0901
1377,화성바이오밸리일반산업단지,나노전자,경기도 화성시 만세구 마도면 청원산단1길 10-9,"27199, 28423, 28512, 29173, 29174, 29261, 29299",기체 여과기 제조업 외 6 종,031-404-0935
1378,화성바이오밸리일반산업단지,남광철강,"경기도 화성시 만세구 마도면 청원산단5길 12, (경기화성바이오밸리 I-12-3블록)","25929, 29241",그 외 기타 금속가공업 외 1 종,031-357-7829
1379,화성바이오밸리일반산업단지,다우실란트산업(주)화성바이오밸리지점,경기도 화성시 만세구 마도면 청원산단1길 36,20202,합성수지 및 기타 플라스틱 물질 제조업,031-357-5181
1380,화성바이오밸리일반산업단지,단원파렛트,경기도 화성시 만세구 마도면 청원산단8길 99,"25995, 25999",그 외 기타 분류 안된 금속 가공 제품 제조업 외 1 종,031-356-8149
1381,화성바이오밸리일반산업단지,대성메탈(주) ,경기도 화성시 만세구 마도면 청원산단4길 38,25924,절삭가공 및 유사처리업,031-355-5651
1382,화성바이오밸리일반산업단지,대성스틸(주) ,경기도 화성시 만세구 마도면 청원산단로 178,25944,금속선 가공제품 제조업,031-366-9723
1383,화성바이오밸리일반산업단지,대성스틸(주) ,경기도 화성시 만세구 마도면 청원산단로 160,25944,금속선 가공제품 제조업,031-366-9723
1384,화성바이오밸리일반산업단지,대신알루텍(주),경기도 화성시 만세구 마도면 청원산단2길 116,"24222, 25111, 25923","금속 문, 창, 셔터 및 관련제품 제조업 외 2 종",031-357-3789
1385,화성바이오밸리일반산업단지,대신알루텍(주),경기도 화성시 만세구 마도면 청원산단2길 106,25111,"금속 문, 창, 셔터 및 관련제품 제조업",031-357-3789
1386,화성바이오밸리일반산업단지,대영산기,경기도 화성시 만세구 마도면 청원산단6길 23,"29150, 35114","산업용 오븐, 노 및 노용 버너 제조업 외 1 종",031-366-9377
1387,화성바이오밸리일반산업단지,대일케미칼(주),경기도 화성시 만세구 마도면 청원산단7길 66,20129,기타 기초 무기 화학물질 제조업,031-439-4418
1388,화성바이오밸리일반산업단지,더블유엠(주),경기도 화성시 만세구 마도면 청원산단1길 10-15,"25999, 29120, 29224, 29229, 29280",금속 성형기계 제조업 외 4 종,031-8055-0510
1389,화성바이오밸리일반산업단지,동명기계(주),경기도 화성시 만세구 마도면 청원산단4길 53,"29261, 29271, 29299",그 외 기타 특수목적용 기계 제조업 외 2 종,031-366-8141
1390,화성바이오밸리일반산업단지,동양다이캐스팅(주),경기도 화성시 만세구 마도면 청원산단1길 100,24321,알루미늄주물 주조업,032-811-8886
1391,화성바이오밸리일반산업단지,동화텍(주),"경기도 화성시 만세구 마도면 청원산단2길 75, (경기화성바이오밸리 I-5-4-2블록)","30310, 30400",자동차 엔진용 신품 부품 제조업 외 1 종,031-488-9601
1392,화성바이오밸리일반산업단지,두진정공(주),경기도 화성시 만세구 마도면 청원리 1369번지 외 1필지,29163,컨베이어장치 제조업,031-366-8171
1393,화성바이오밸리일반산업단지,모아정밀,경기도 화성시 만세구 마도면 청원산단6길 7,"25929, 35114",그 외 기타 금속가공업 외 1 종,031-356-8639
1394,화성바이오밸리일반산업단지,몽고장유,경기도 화성시 만세구 마도면 청원산단3길 84,10743,장류 제조업,031-357-7270
1395,화성바이오밸리일반산업단지,미래이엔씨,경기도 화성시 만세구 마도면 청원산단2길 35,29229,기타 가공 공작기계 제조업,031-8055-8916
1396,화성바이오밸리일반산업단지,미래정밀화학(주),"경기도 화성시 만세구 마도면 청원산단3길 94, (경기화성바이오밸리 I-14-14 블록) (경기화성바이오밸리  I-14-14 블록)","20132, 20495, 20499","염료, 조제 무기안료, 유연제 및 기타 착색제 제조업 외 2 종",031-433-8584
1397,화성바이오밸리일반산업단지,반도기공(주),경기도 화성시 만세구 마도면 청원산단1길 23,29169,기타 물품 취급장비 제조업,031-355-8420
1398,화성바이오밸리일반산업단지,삼성정공,경기도 화성시 만세구 마도면 청원산단4길 37,29294,주형 및 금형 제조업,031-355-7015
1399,화성바이오밸리일반산업단지,삼성콘트롤(주),"경기도 화성시 만세구 마도면 청원산단3길 42, 경기화성바이오밸리 일반산업단지 I-16-10블록","22241, 22249, 30331, 30400",운송장비 조립용 플라스틱제품 제조업 외 3 종,031-357-8378
1400,화성바이오밸리일반산업단지,삼우합금공업(주),경기도 화성시 만세구 마도면 청원산단1길 110,24212,"알루미늄 제련, 정련 및 합금 제조업",031-499-1262
1401,화성바이오밸리일반산업단지,삼원공업(주),"경기도 화성시 만세구 마도면 청원산단3길 94, 경기화성바이오밸리 일반산업단지 I-14-14블록","20495, 20499",그 외 기타 분류 안된 화학제품 제조업 외 1 종,031-366-5805
1402,화성바이오밸리일반산업단지,삼일정공(주),경기도 화성시 만세구 마도면 청원산단3길 140-37,29294,주형 및 금형 제조업,031-297-3264
1403,화성바이오밸리일반산업단지,성민티에프(주) ,"경기도 화성시 만세구 마도면 청원산단7길 13, (I-11-1블록)",25932,일반철물 제조업,031-366-7907
1404,화성바이오밸리일반산업단지,성실종합공사,"경기도 화성시 만세구 마도면 청원산단7길 13, (I-11-1 블록)",25111,"금속 문, 창, 셔터 및 관련제품 제조업",031-366-7966
1405,화성바이오밸리일반산업단지,송산산업,경기도 화성시 만세구 마도면 청원산단3길 17-5,29241,건설 및 채광용 기계장비 제조업,070-8229-8983
1406,화성바이오밸리일반산업단지,시화호이스트크레인(주),경기도 화성시 만세구 마도면 청원산단3길 61-8,24199,그 외 기타 1차 철강 제조업,031-433-5528
1407,화성바이오밸리일반산업단지,신양케미칼 ,"경기도 화성시 만세구 마도면 청원산단3길 43, (I-17-4 블록)",22229,기타 건축용 플라스틱 조립제품 제조업,031-418-6127
1408,화성바이오밸리일반산업단지,신원스틸(주),경기도 화성시 만세구 마도면 청원산단2길 57,25944,금속선 가공제품 제조업,031-366-7911
1409,화성바이오밸리일반산업단지,신한테크,경기도 화성시 만세구 마도면 청원산단5길 150,20411,일반용 도료 및 관련제품 제조업,031-366-4861
1410,화성바이오밸리일반산업단지,씨투라인(주) ,경기도 화성시 만세구 마도면 청원산단8길 174,20202,합성수지 및 기타 플라스틱 물질 제조업,031-355-0130
1411,화성바이오밸리일반산업단지,암스텍산업(주),경기도 화성시 만세구 마도면 청원산단3길 159,20411,일반용 도료 및 관련제품 제조업,031-902-5265
1412,화성바이오밸리일반산업단지,에너진(주),경기도 화성시 만세구 마도면 청원산단2길 120,"27213, 29150, 29171, 29222, 29224, 29229, 29230, 29261, 29299, 31999",그 외 기타 특수목적용 기계 제조업 외 9 종,031-259-8400
1413,화성바이오밸리일반산업단지,에너진(주),경기도 화성시 만세구 마도면 청원산단2길 42,25122,금속탱크 및 저장용기 제조업,031-259-8400
1414,화성바이오밸리일반산업단지,엘티씨(주),경기도 화성시 만세구 마도면 청원산단8길 114,20499,그 외 기타 분류 안된 화학제품 제조업,031-383-6525
1415,화성바이오밸리일반산업단지,엠디티(주),경기도 화성시 만세구 마도면 청원산단2길 96,30399,그 외 자동차용 신품 부품 제조업,052-222-7971
1416,화성바이오밸리일반산업단지,엠에프씨(주),경기도 화성시 만세구 마도면 청원산단7길 35,21101,의약용 화합물 및 항생물질 제조업,031-8059-8293
1417,화성바이오밸리일반산업단지,오비오(주),경기도 화성시 만세구 마도면 청원산단2길 76,29175,액체 여과기 제조업,031-357-7075
1418,화성바이오밸리일반산업단지,오엠지,경기도 화성시 만세구 마도면 청원산단4길 104,25912,금속 단조제품 제조업,031-357-0201
1419,화성바이오밸리일반산업단지,와이제이테크,경기도 화성시 만세구 마도면 청원산단3길 140-27,25924,절삭가공 및 유사처리업,031-498-2757
1420,화성바이오밸리일반산업단지,우영테크(주),"경기도 화성시 만세구 마도면 청원산단1길 17, (경기화성바이오밸리 I-16-3블록)","29294, 30391, 30392, 30399, 30400",주형 및 금형 제조업 외 4 종,031-431-5805
1421,화성바이오밸리일반산업단지,원형테크 ,경기도 화성시 만세구 마도면 청원산단4길 61,"25923, 25999",도장 및 기타 피막처리업 외 1 종,031-498-0375
1422,화성바이오밸리일반산업단지,유구산업(주),경기도 화성시 만세구 마도면 청원산단2길 96,"25113, 29272, 35114",육상 금속 골조 구조재 제조업 외 2 종,031-508-2016
1423,화성바이오밸리일반산업단지,일광잉크페인트(주),경기도 화성시 만세구 마도면 청원리 1429,20413,인쇄잉크 및 회화용 물감 제조업,031-355-0991
1424,화성바이오밸리일반산업단지,정원기공,경기도 화성시 만세구 마도면 청원산단2길 87,"25929, 29229",그 외 기타 금속가공업 외 1 종,
1425,화성바이오밸리일반산업단지,제이에스폴리텍(주),경기도 화성시 만세구 마도면 청원산단3길 46,"17122, 17125, 17129, 22212, 22213",기타 종이 및 판지 제조업 외 4 종,031-358-9780
1426,화성바이오밸리일반산업단지,제이와이지테크 ,"경기도 화성시 만세구 마도면 청원산단2길 96, ""다동""","25913, 26299, 29294",주형 및 금형 제조업 외 2 종,031-357-3702
1427,화성바이오밸리일반산업단지,제트이브이(주),경기도 화성시 만세구 마도면 청원산단2길 96,30399,그 외 자동차용 신품 부품 제조업,
1428,화성바이오밸리일반산업단지,주식회사 그린에어텍 제1공장 ,"경기도 화성시 만세구 마도면 청원산단7길 14, (청원리 1458)",29173,산업용 송풍기 및 배기장치 제조업,031-355-6506
1429,화성바이오밸리일반산업단지,주식회사 그린에어텍 제2공장 ,경기도 화성시 만세구 마도면 청원산단7길 12,29173,산업용 송풍기 및 배기장치 제조업,031-355-6506
1430,화성바이오밸리일반산업단지,주식회사 스마트켐,경기도 화성시 만세구 마도면 청원산단로 214,"26299, 30203",트레일러 및 세미트레일러 제조업 외 1 종,070-4495-6444
1431,화성바이오밸리일반산업단지,주식회사 씨앤에이시스,경기도 화성시 만세구 마도면 청원산단3길 140-26,"22232, 29294",주형 및 금형 제조업 외 1 종,031-355-9775
1432,화성바이오밸리일반산업단지,주식회사 애맥스 ,경기도 화성시 만세구 마도면 청원산단4길 33,29131,액체 펌프 제조업,031-434-9006
1433,화성바이오밸리일반산업단지,주식회사 자 여 ,경기도 화성시 만세구 마도면 청원산단7길 20,"30391, 30392, 30399, 30400",그 외 자동차용 신품 부품 제조업 외 3 종,02-501-2511
1434,화성바이오밸리일반산업단지,주식회사 칼린,경기도 화성시 만세구 마도면 청원산단8길 174,20202,합성수지 및 기타 플라스틱 물질 제조업,031-355-0130
1435,화성바이오밸리일반산업단지,주식회사 크리오란코리아,경기도 화성시 만세구 마도면 청원산단5길 132,20423,화장품 제조업,070-4060-7870
1436,화성바이오밸리일반산업단지,진미산업,경기도 화성시 만세구 마도면 청원산단2길 41,"25113, 25114",육상 금속 골조 구조재 제조업 외 1 종,031-499-5786
1437,화성바이오밸리일반산업단지,진종합건설(주),"경기도 화성시 만세구 마도면 청원산단3길 21, (경기화성바이오밸리 I-17-1-1 블록)","25113, 25114",육상 금속 골조 구조재 제조업 외 1 종,031-439-1550
1438,화성바이오밸리일반산업단지,진종합건설(주),경기도 화성시 만세구 마도면 청원산단3길 17-10,"25113, 25114",육상 금속 골조 구조재 제조업 외 1 종,031-355-0104
1439,화성바이오밸리일반산업단지,천우이엔지,"경기도 화성시 만세구 마도면 청원산단4길 89, 경기화성바이오밸리 일반산업단지 I-2-1블록",25113,육상 금속 골조 구조재 제조업,031-357-4073
1440,화성바이오밸리일반산업단지,첨단산업,"경기도 화성시 만세구 마도면 청원산단1길 144, 경기화성바이오밸리 일반산업단지 I-14-7블록","29176, 29199",그 외 기타 일반목적용 기계 제조업 외 1 종,031-357-9993
1441,화성바이오밸리일반산업단지,청솔바이오코스(주) ,"경기도 화성시 만세구 마도면 청원산단1길 132, (I-14-9블록)","20422, 20423",화장품 제조업 외 1 종,031-355-5991
1442,화성바이오밸리일반산업단지,청우화학(주),경기도 화성시 만세구 마도면 청원산단5길 149,20413,인쇄잉크 및 회화용 물감 제조업,031-499-5454
1443,화성바이오밸리일반산업단지,커민스필터 주식회사,경기도 화성시 만세구 마도면 청원산단로 214,30399,그 외 자동차용 신품 부품 제조업,031-369-5900
1444,화성바이오밸리일반산업단지,코리아에너지솔루션(주),경기도 화성시 만세구 마도면 청원산단2길 58,"25130, 29150, 29174, 29176",핵반응기 및 증기보일러 제조업 외 3 종,031-351-8428
1445,화성바이오밸리일반산업단지,코텍,경기도 화성시 만세구 마도면 청원산단로 144,25932,일반철물 제조업,031-355-9607
1446,화성바이오밸리일반산업단지,태산,경기도 화성시 만세구 마도면 청원산단3길 140-31,29171,산업용 냉장 및 냉동 장비 제조업,031-366-7809
1447,화성바이오밸리일반산업단지,태영산업기계(주),경기도 화성시 만세구 마도면 청원산단1길 27,29120,유압기기 제조업,031-987-8411
1448,화성바이오밸리일반산업단지,티피에스(주),경기도 화성시 만세구 마도면 청원산단6길 12,29293,인쇄 및 제책용 기계 제조업,031-355-4862
1449,화성바이오밸리일반산업단지,포인테크,경기도 화성시 만세구 마도면 청원산단1길 13,31311,"유인 항공기, 항공우주선 및 보조장치 제조업",031-497-0051
1450,화성바이오밸리일반산업단지,플러스에이원 주식회사,경기도 화성시 만세구 마도면 청원산단3길 140-29,25999,그 외 기타 분류 안된 금속 가공 제품 제조업,02-891-8149
1451,화성바이오밸리일반산업단지,한국티타늄(주),경기도 화성시 만세구 마도면 청원산단1길 23,25119,기타 구조용 금속제품 제조업,02-3679-5511
1452,화성바이오밸리일반산업단지,한림기계(주),"경기도 화성시 만세구 마도면 청원산단2길 32, (경기화성바이오밸리일반산업단지 I-3-4블록)",29193,분사기 및 소화기 제조업,031-498-3981
1453,화성바이오밸리일반산업단지,현진팩키지(주),"경기도 화성시 만세구 마도면 청원산단3길 45, (경기화성바이오밸리 I-17-5블록)",17223,식품 위생용 종이 상자 및 용기 제조업,031-493-2343
1454,화성바이오밸리일반산업단지,화신ENG(주),경기도 화성시 만세구 마도면 청원산단4길 13,"29194, 29241, 29242",광물처리 및 취급장비 제조업 외 2 종,02-2677-8818
1455,화성바이오밸리일반산업단지,희망테크프론,경기도 화성시 만세구 마도면 청원산단1길 26,25923,도장 및 기타 피막처리업,032-671-1300
1456,화성주곡일반산업단지,(주)경신,경기도 화성시 만세구 우정읍 버들로 899-41,30399,그 외 자동차용 신품 부품 제조업,032-714-7194
1457,화성주곡일반산업단지,(주)대원포장산업,경기도 화성시 만세구 우정읍 주곡리 387-7번지 주곡일반산업단지A1-6,"22212, 22213",플라스틱 필름 제조업 외 1 종,031-358-6657
1458,화성주곡일반산업단지,(주)상원 ,경기도 화성시 만세구 우정읍 주곡리 387-12번지 (A1-1블록) 외 1필지,"22299, 29294",주형 및 금형 제조업 외 1 종,031-354-3060
1459,화성주곡일반산업단지,(주)세진엔테크 ,경기도 화성시 만세구 우정읍 버들로 899-135,29229,기타 가공 공작기계 제조업,031-493-4298
1460,화성주곡일반산업단지,(주)애니코스 ,경기도 화성시 만세구 우정읍 버들로 899-45,"17902, 18119",위생용 종이제품 제조업 외 1 종,070-4333-3999
1461,화성주곡일반산업단지,(주)엠스코,경기도 화성시 만세구 우정읍 주곡리 387-36번지 358-7번지(주곡일반산업단지A3-2),"30391, 30392, 30399, 30400",그 외 자동차용 신품 부품 제조업 외 3 종,031-488-8653
1462,화성주곡일반산업단지,(주)이클린드림 ,경기도 화성시 만세구 우정읍 주곡리 387-74번지 (A2-10블록) 외 1필지,10749,기타 식품 첨가물 제조업,070-7795-9783
1463,화성주곡일반산업단지,(주)코시스,경기도 화성시 만세구 우정읍 버들로 899-61,29229,기타 가공 공작기계 제조업,031-351-6805
1464,화성주곡일반산업단지,(주)태성이앤아이,경기도 화성시 만세구 우정읍 버들로 899-71,"22251, 22259",폴리스티렌 발포 성형제품 제조업 외 1 종,031-269-6972
1465,화성주곡일반산업단지,건화기업(주),경기도 화성시 만세구 우정읍 버들로 899-42,29162,승강기 제조업,031-355-9489
1466,화성주곡일반산업단지,금명엔지니어링,경기도 화성시 만세구 우정읍 주곡리 358-6번지 주곡일반산업단지A3-3 외 3필지,"22241, 22249, 29294",주형 및 금형 제조업 외 2 종,031-351-0058
1467,화성주곡일반산업단지,대림플라텍(주),경기도 화성시 만세구 우정읍 버들로 899-87 외 2필지,22299,그 외 기타 플라스틱 제품 제조업,031-351-9957
1468,화성주곡일반산업단지,대진산업,"경기도 화성시 만세구 우정읍 버들로 899-51, (주곡일반산업단지 A2-11)","17221, 18119",기타 인쇄업 외 1 종,031-358-1620
1469,화성주곡일반산업단지,미주산업,경기도 화성시 만세구 우정읍 버들로 899-42,29169,기타 물품 취급장비 제조업,031-638-4665
1470,화성주곡일반산업단지,신명기업,경기도 화성시 만세구 우정읍 주곡리 382-7번지 외 2필지,25929,그 외 기타 금속가공업,031-366-7259
1471,화성주곡일반산업단지,신아플랜트서비스주식회사,경기도 화성시 만세구 우정읍 버들로 899-30,"29150, 29171","산업용 오븐, 노 및 노용 버너 제조업 외 1 종",031-358-2182
1472,화성주곡일반산업단지,신호산업,경기도 화성시 만세구 우정읍 주곡리 387-26번지 주곡일반산업단지A2-7,17223,식품 위생용 종이 상자 및 용기 제조업,031-353-8682
1473,화성주곡일반산업단지,오성플랜트,경기도 화성시 만세구 우정읍 버들로 899-135,29229,기타 가공 공작기계 제조업,031-358-3973
1474,화성주곡일반산업단지,주식회사 우성특수선,경기도 화성시 만세구 우정읍 버들로 899-31 외 1필지,"24221, 25944, 28302",금속선 가공제품 제조업 외 2 종,032-866-8182
1475,화성주곡일반산업단지,주식회사 조이테크,경기도 화성시 만세구 우정읍 버들로 899-33 외 1필지,33932,전시용 모형 제조업,031-358-3228
1476,화성주곡일반산업단지,코코스팩주식회사,경기도 화성시 만세구 우정읍 주곡리 387-9번지 (A1-4) 외 1필지,22232,포장용 플라스틱 성형용기 제조업,031-427-7831
1477,화성주곡일반산업단지,태양기계,경기도 화성시 만세구 우정읍 버들로 899-159,30399,그 외 자동차용 신품 부품 제조업,031-353-9571
1478,화성주곡일반산업단지,팬드롤코리아(주) ,경기도 화성시 만세구 우정읍 버들로 899-22,22241,운송장비 조립용 플라스틱제품 제조업,02-757-6721
1479,화성화남일반산업단지,(주)거성산업,경기도 화성시 만세구 서신면 화남공단로 170 외 10필지,"25113, 25114",육상 금속 골조 구조재 제조업 외 1 종,
1480,화성화남일반산업단지,(주)대광중공업,경기도 화성시 만세구 서신면 화남공단로 54-5 화남일반산업단지4블럭1로트,"25113, 25114",육상 금속 골조 구조재 제조업 외 1 종,032-565-2035
1481,화성화남일반산업단지,(주)덕인,"경기도 화성시 만세구 서신면 화남공단로 134, 화남산업단지 3블럭8롯트","25113, 25114, 27192",육상 금속 골조 구조재 제조업 외 2 종,031-357-5701
1482,화성화남일반산업단지,(주)룩스그린,경기도 화성시 만세구 서신면 화남공단로 182,"25113, 25114",육상 금속 골조 구조재 제조업 외 1 종,031-366-8050
1483,화성화남일반산업단지,(주)에이치엠 ,경기도 화성시 만세구 서신면 화남공단로 155,25113,육상 금속 골조 구조재 제조업,031-8065-5800
1484,화성화남일반산업단지,(주)엠알온,"경기도 화성시 만세구 서신면 화남공단로 110, (송교리 42-76)",25113,육상 금속 골조 구조재 제조업,031-352-5901
1485,화성화남일반산업단지,(주)예인산업개발,"경기도 화성시 만세구 서신면 화남공단로 114-12, (화남지방산업단지 4-4블럭)","25113, 25114",육상 금속 골조 구조재 제조업 외 1 종,031-357-7821
1486,화성화남일반산업단지,(주)코스텍,"경기도 화성시 만세구 서신면 화남공단로 155, 화남지방산업단지 1-2B/L","25113, 25114",육상 금속 골조 구조재 제조업 외 1 종,031-355-3700
1487,화성화남일반산업단지,(주)태종이엔씨,경기도 화성시 만세구 서신면 화남공단로 138 외 2필지,"25113, 25114",육상 금속 골조 구조재 제조업 외 1 종,031-356-7250
1488,화성화남일반산업단지,KYT,경기도 화성시 만세구 서신면 화남공단로 144,"25113, 25114",육상 금속 골조 구조재 제조업 외 1 종,031-353-2222
1489,화성화남일반산업단지,늘푸른골프개발(주),경기도 화성시 만세구 서신면 화남공단로 79 외 2필지,"25113, 25114",육상 금속 골조 구조재 제조업 외 1 종,
1490,화성화남일반산업단지,늘푸른골프개발(주),경기도 화성시 만세구 서신면 송교리 42-66,"25113, 25114",육상 금속 골조 구조재 제조업 외 1 종,
1491,화성화남일반산업단지,두영기업,경기도 화성시 만세구 서신면 송교리 화남지방산업단지 3블럭5롯트,"25113, 25114",육상 금속 골조 구조재 제조업 외 1 종,
1492,화성화남일반산업단지,만대테크,경기도 화성시 만세구 서신면 송교리 42-61,"25113, 25114",육상 금속 골조 구조재 제조업 외 1 종,031-499-4471
1493,화성화남일반산업단지,미우산업,경기도 화성시 만세구 서신면 화남공단로 79 외 1필지,"25113, 25114",육상 금속 골조 구조재 제조업 외 1 종,
1494,화성화남일반산업단지,보화이엔지,"경기도 화성시 만세구 서신면 화남공단로 97, 화남일반산업단지 5블럭 7롯트","25113, 25114",육상 금속 골조 구조재 제조업 외 1 종,031-431-8084
1495,화성화남일반산업단지,부성,경기도 화성시 만세구 서신면 화남공단로 126 B동,"25113, 25114",육상 금속 골조 구조재 제조업 외 1 종,031-357-2547
1496,화성화남일반산업단지,승화콘테이너,경기도 화성시 만세구 서신면 화남공단로 120 외 1필지,"25113, 25114",육상 금속 골조 구조재 제조업 외 1 종,031-485-7182
1497,화성화남일반산업단지,아이원산업,경기도 화성시 만세구 서신면 화남공단로 170 외 10필지,"25113, 25114",육상 금속 골조 구조재 제조업 외 1 종,031-499-3391
1498,화성화남일반산업단지,에이비씨플랜트(주),경기도 화성시 만세구 서신면 화남공단로 78,"25113, 25114",육상 금속 골조 구조재 제조업 외 1 종,031-357-3599
1499,화성화남일반산업단지,영선테크,경기도 화성시 만세구 서신면 화남공단로 79 외 1필지,"25113, 25114",육상 금속 골조 구조재 제조업 외 1 종,031-499-3391
1500,화성화남일반산업단지,우성스틸,경기도 화성시 만세구 서신면 송교리 42-66,"25113, 25114",육상 금속 골조 구조재 제조업 외 1 종,
1501,화성화남일반산업단지,원창산업개발,경기도 화성시 만세구 서신면 화남공단로 87,"25113, 25114",육상 금속 골조 구조재 제조업 외 1 종,031-357-4864
1502,화성화남일반산업단지,전병찬 ,경기도 화성시 만세구 서신면 화남공단로 79 외 2필지,"25113, 25114",육상 금속 골조 구조재 제조업 외 1 종,031-499-4471
1503,화성화남일반산업단지,주식회사 룩스그린,경기도 화성시 만세구 서신면 화남공단로 114-13,"25113, 25114",육상 금속 골조 구조재 제조업 외 1 종,031-393-8250
1504,화성화남일반산업단지,중앙기공,경기도 화성시 만세구 서신면 송교리 42-61,"25113, 25114",육상 금속 골조 구조재 제조업 외 1 종,
1505,화성화남일반산업단지,철강산업,"경기도 화성시 만세구 서신면 화남공단로 108, (4블럭6롯트)",25113,육상 금속 골조 구조재 제조업,031-499-4093
1506,화성화남일반산업단지,청원 ,경기도 화성시 만세구 서신면 화남공단로 54-5,"25113, 25114",육상 금속 골조 구조재 제조업 외 1 종,
1507,화성화남일반산업단지,케이와이티(주),"경기도 화성시 만세구 서신면 화남공단로 142, (송교리 42-120 화남일반산업단지 3-10블력)","25113, 25114",육상 금속 골조 구조재 제조업 외 1 종,031-366-7234
1508,화성화남일반산업단지,태영강업,경기도 화성시 만세구 서신면 송교리 화남지방산업단지 4블럭 3롯트,"25113, 25114",육상 금속 골조 구조재 제조업 외 1 종,031-356-8371
1509,화성화남일반산업단지,태영강업,경기도 화성시 만세구 서신면 화남공단로 86,"25113, 25114",육상 금속 골조 구조재 제조업 외 1 종,031-356-8371
1510,화성화남일반산업단지,태형철강(주),"경기도 화성시 만세구 서신면 화남공단로 114-16, 화남지방산업단지 4블럭 3로트","25113, 25114",육상 금속 골조 구조재 제조업 외 1 종,02-701-5075
1511,화성화남일반산업단지,하나엔비텍(주),"경기도 화성시 만세구 서신면 화남공단로 94, (화남지방산업단지4-7블럭)","25113, 25114",육상 금속 골조 구조재 제조업 외 1 종,070-5029-3500
1512,화성화남일반산업단지,하나엔비텍(주) ,경기도 화성시 만세구 서신면 송교리 887-2번지 외 1필지,25113,육상 금속 골조 구조재 제조업,070-5029-3500
1513,화성화남일반산업단지,한성크린텍(주),"경기도 화성시 만세구 서신면 화남공단로 94, (송교리42-79) 화남지방산업단지 4블럭 7로트 (풍원정공)",25113,육상 금속 골조 구조재 제조업,02-6371-3900
1514,화성송산테크노파크일반산업단지,(주)극동프레스 ,경기도 화성시 만세구 송산면 송산산단길 123,29224,금속 성형기계 제조업,031-355-8170
1515,화성송산테크노파크일반산업단지,(주)대경테크,경기도 화성시 만세구 송산면 송산산단길 113,25112,구조용 금속 판제품 및 공작물 제조업,031-357-4988
1516,화성송산테크노파크일반산업단지,(주)더블유비,경기도 화성시 만세구 송산면 송산산단2길 88,"29199, 29299",그 외 기타 일반목적용 기계 제조업 외 1 종,031-366-7063
1517,화성송산테크노파크일반산업단지,(주)동방산업,경기도 화성시 만세구 송산면 송산산단길 132-8,29299,그 외 기타 특수목적용 기계 제조업,031-491-1084
1518,화성송산테크노파크일반산업단지,(주)동원환경,경기도 화성시 만세구 송산면 송산산단길 128,25932,일반철물 제조업,
1519,화성송산테크노파크일반산업단지,(주)디에스피,경기도 화성시 만세구 송산면 송산산단길 108 외 1필지,"32029, 32091, 32099",그 외 기타 가구 제조업 외 2 종,032-562-9771
1520,화성송산테크노파크일반산업단지,(주)라움,경기도 화성시 만세구 송산면 송산산단1길 38,"25111, 25929, 29299","금속 문, 창, 셔터 및 관련제품 제조업 외 2 종",031-498-7717
1521,화성송산테크노파크일반산업단지,(주)럼플리어,경기도 화성시 만세구 송산면 송산산단길 129,"28114, 28122, 28201, 28202",축전지 제조업 외 3 종,031-355-0797
1522,화성송산테크노파크일반산업단지,(주)리버스인터내셔날,경기도 화성시 만세구 송산면 송산산단길 123,"25913, 25924, 29224, 29294",금속 성형기계 제조업 외 3 종,070-8065-4556
1523,화성송산테크노파크일반산업단지,(주)멘토티앤씨,경기도 화성시 만세구 송산면 송산산단2길 61,25119,기타 구조용 금속제품 제조업,070-7209-0410
1524,화성송산테크노파크일반산업단지,(주)명인포장,경기도 화성시 만세구 송산면 송산산단길 129,32029,기타 목재가구 제조업,031-499-4124
1525,화성송산테크노파크일반산업단지,(주)몰텍스 안산,경기도 화성시 만세구 송산면 송산산단길 54-8,"25929, 29294",주형 및 금형 제조업 외 1 종,031-356-8287
1526,화성송산테크노파크일반산업단지,(주)몰텍스 화성공장,경기도 화성시 만세구 송산면 송산산단길 54-8,"25929, 29294",그 외 기타 금속가공업 외 1 종,031-677-1100
1527,화성송산테크노파크일반산업단지,(주)브랜뉴머시너리,경기도 화성시 만세구 송산면 송산산단길 46,29299,그 외 기타 특수목적용 기계 제조업,031-358-8040
1528,화성송산테크노파크일반산업단지,(주)비알티코퍼레이션 ,경기도 화성시 만세구 송산면 송산산단3길 11,29199,그 외 기타 일반목적용 기계 제조업,031-337-7766
1529,화성송산테크노파크일반산업단지,(주)비티원,경기도 화성시 만세구 송산면 송산산단2길 83,"25929, 29133",그 외 기타 금속가공업 외 1 종,031-433-3775
1530,화성송산테크노파크일반산업단지,(주)삼우종합건축사사무소,경기도 화성시 만세구 송산면 송산산단길 35,25119,기타 구조용 금속제품 제조업,02-2184-5114
1531,화성송산테크노파크일반산업단지,(주)서울화스너,경기도 화성시 만세구 송산면 송산산단1길 24,"25912, 29294",주형 및 금형 제조업 외 1 종,031-434-3826
1532,화성송산테크노파크일반산업단지,(주)선진산업개발,경기도 화성시 만세구 송산면 송산산단길 134,25111,"금속 문, 창, 셔터 및 관련제품 제조업",032-562-0480
1533,화성송산테크노파크일반산업단지,(주)성지산업,경기도 화성시 만세구 송산면 송산산단길 67-9 외 1필지,25113,육상 금속 골조 구조재 제조업,
1534,화성송산테크노파크일반산업단지,(주)성호에스티,경기도 화성시 만세구 송산면 송산산단1길 46,25119,기타 구조용 금속제품 제조업,031-8042-5676
1535,화성송산테크노파크일반산업단지,(주)신환씨스템,경기도 화성시 만세구 송산면 송산산단3길 46,"29294, 35114",주형 및 금형 제조업 외 1 종,031-357-6833
1536,화성송산테크노파크일반산업단지,(주)신흥코리아,경기도 화성시 만세구 송산면 송산산단길 132-17,"25111, 25944","금속 문, 창, 셔터 및 관련제품 제조업 외 1 종",031-355-2062
1537,화성송산테크노파크일반산업단지,(주)알파플렉스,경기도 화성시 만세구 송산면 송산산단길 73,29163,컨베이어장치 제조업,031-357-3527
1538,화성송산테크노파크일반산업단지,(주)에스엠티,경기도 화성시 만세구 송산면 송산산단길 67,28909,그 외 기타 전기장비 제조업,031-498-3366
1539,화성송산테크노파크일반산업단지,(주)에스제이피,경기도 화성시 만세구 송산면 송산산단길 25,"25924, 35114",절삭가공 및 유사처리업 외 1 종,031-497-0638
1540,화성송산테크노파크일반산업단지,(주)에이엠티코리아,경기도 화성시 만세구 송산면 송산산단3길 40,29161,산업용 트럭 및 적재기 제조업,031-355-8631
1541,화성송산테크노파크일반산업단지,(주)에코필텍,경기도 화성시 만세구 송산면 송산산단길 29,29174,기체 여과기 제조업,031-355-7340
1542,화성송산테크노파크일반산업단지,(주)엠스페이스,경기도 화성시 만세구 송산면 송산산단길 54,"22249, 28422",일반용 전기 조명장치 제조업 외 1 종,031-355-2404
1543,화성송산테크노파크일반산업단지,(주)영신방재,경기도 화성시 만세구 송산면 송산산단2길 75,25929,그 외 기타 금속가공업,031-356-8264
1544,화성송산테크노파크일반산업단지,(주)영신코아스 ,경기도 화성시 만세구 송산면 송산산단길 127,25112,구조용 금속 판제품 및 공작물 제조업,031-366-8474
1545,화성송산테크노파크일반산업단지,(주)우주스틸 ,경기도 화성시 만세구 송산면 송산산단2길 20,25999,그 외 기타 분류 안된 금속 가공 제품 제조업,055-716-0177
1546,화성송산테크노파크일반산업단지,(주)원터치,경기도 화성시 만세구 송산면 송산산단1길 30,"25914, 29294",주형 및 금형 제조업 외 1 종,02-2082-6420
1547,화성송산테크노파크일반산업단지,(주)원테크엔지니어링,경기도 화성시 만세구 송산면 송산산단2길 59,25113,육상 금속 골조 구조재 제조업,070-4467-1977
1548,화성송산테크노파크일반산업단지,(주)윌스크린앤플랜트 ,경기도 화성시 만세구 송산면 송산산단길 67-17,"25929, 29175",액체 여과기 제조업 외 1 종,031-357-0067
1549,화성송산테크노파크일반산업단지,(주)유엘신소재,경기도 화성시 만세구 송산면 송산산단1길 12,"22212, 28123",배전반 및 전기 자동제어반 제조업 외 1 종,031-356-0395
1550,화성송산테크노파크일반산업단지,(주)유천써모텍 ,경기도 화성시 만세구 송산면 송산산단길 135,29172,공기 조화장치 제조업,02-2107-7300
1551,화성송산테크노파크일반산업단지,(주)이수냉열,"경기도 화성시 만세구 송산면 송산산단1길 24, 2동",29172,공기 조화장치 제조업,031-353-9323
1552,화성송산테크노파크일반산업단지,(주)이씨티,경기도 화성시 만세구 송산면 송산산단3길 46,29150,"산업용 오븐, 노 및 노용 버너 제조업",031-355-9487
1553,화성송산테크노파크일반산업단지,(주)이지텍,경기도 화성시 만세구 송산면 송산산단1길 12,"22212, 28123",배전반 및 전기 자동제어반 제조업 외 1 종,031-492-1608
1554,화성송산테크노파크일반산업단지,(주)이케이프레스,"경기도 화성시 만세구 송산면 송산산단길 123, 1동 일부, 2동 2층","29120, 29224",유압기기 제조업 외 1 종,
1555,화성송산테크노파크일반산업단지,(주)이화,경기도 화성시 만세구 송산면 송산산단2길 36,29142,기어 및 동력전달장치 제조업,031-430-2563
1556,화성송산테크노파크일반산업단지,(주)자바머신,경기도 화성시 만세구 송산면 송산산단길 77,"29224, 29229",기타 가공 공작기계 제조업 외 1 종,031-356-8818
1557,화성송산테크노파크일반산업단지,(주)조이포코리아,경기도 화성시 만세구 송산면 송산산단3길 48,29133,"탭, 밸브 및 유사장치 제조업",031-509-5900
1558,화성송산테크노파크일반산업단지,(주)주노에프에이,경기도 화성시 만세구 송산면 송산산단길 132-15,28123,배전반 및 전기 자동제어반 제조업,031-495-2245
1559,화성송산테크노파크일반산업단지,(주)지원이앤에스,경기도 화성시 만세구 송산면 송산산단길 116 외 1필지,24222,"알루미늄 압연, 압출 및 연신제품 제조업",031-425-0648
1560,화성송산테크노파크일반산업단지,(주)코익스텍,경기도 화성시 만세구 송산면 송산산단길 62,"22213, 29292",플라스틱 시트 및 판 제조업 외 1 종,031-366-7032
1561,화성송산테크노파크일반산업단지,(주)태남글로벌,경기도 화성시 만세구 송산면 송산산단2길 8,24199,그 외 기타 1차 철강 제조업,031-8041-8966
1562,화성송산테크노파크일반산업단지,(주)프린테크엘피엠,"경기도 화성시 만세구 송산면 송산산단길 94, 9블럭 8, 10, 12롯트",22291,플라스틱 접착처리 제품 제조업,031-819-5550
1563,화성송산테크노파크일반산업단지,(주)프린테크엘피엠(아이엠사업부),"경기도 화성시 만세구 송산면 송산산단길 94, 9블럭 9, 11, 13롯트",22291,플라스틱 접착처리 제품 제조업,032-819-5550
1564,화성송산테크노파크일반산업단지,(주)프린테크엘피엠(아이케이사업부),경기도 화성시 만세구 송산면 송산산단길 70,22291,플라스틱 접착처리 제품 제조업,032-819-5550
1565,화성송산테크노파크일반산업단지,(주)프린테크케이알 ,경기도 화성시 만세구 송산면 송산산단3길 22,22221,벽 및 바닥 피복용 플라스틱제품 제조업,032-813-2954
1566,화성송산테크노파크일반산업단지,(주)플라믹스,경기도 화성시 만세구 송산면 송산산단길 133,29292,"고무, 화학섬유 및 플라스틱 성형기 제조업",031-488-8880
1567,화성송산테크노파크일반산업단지,(주)피에스에이,경기도 화성시 만세구 송산면 송산산단길 132-7,29293,인쇄 및 제책용 기계 제조업,031-508-1824
1568,화성송산테크노파크일반산업단지,(주)한영,경기도 화성시 만세구 송산면 송산산단3길 48,29133,"탭, 밸브 및 유사장치 제조업",
1569,화성송산테크노파크일반산업단지,(주)한울,"경기도 화성시 만세구 송산면 송산산단길 81, 10블럭 4로트",28520,가정용 비전기식 조리 및 난방 기구 제조업,031-358-6008
1570,화성송산테크노파크일반산업단지,(주)현진캐스트 제2공장,경기도 화성시 만세구 송산면 송산산단3길 11,25924,절삭가공 및 유사처리업,031-355-5451
1571,화성송산테크노파크일반산업단지,(주)휴메디컬,경기도 화성시 만세구 송산면 송산산단길 128,28519,기타 가정용 전기기기 제조업,
1572,화성송산테크노파크일반산업단지,(주)히즈시스템,경기도 화성시 만세구 송산면 송산산단길 105,"22223, 24222, 25924, 35114","알루미늄 압연, 압출 및 연신제품 제조업 외 3 종",031-498-2051
1573,화성송산테크노파크일반산업단지,가온하이텍,경기도 화성시 만세구 송산면 송산산단길 19,29294,주형 및 금형 제조업,
1574,화성송산테크노파크일반산업단지,광명금속,경기도 화성시 만세구 송산면 송산산단길 16,25941,볼트 및 너트류 제조업,031-358-3784
1575,화성송산테크노파크일반산업단지,누리공업(주),경기도 화성시 만세구 송산면 송산산단길 134,25924,절삭가공 및 유사처리업,031-351-0840
1576,화성송산테크노파크일반산업단지,동성비앤케이(주) ,경기도 화성시 만세구 송산면 송산산단2길 83,25993,금속 위생용품 제조업,031-433-3775
1577,화성송산테크노파크일반산업단지,동일페이퍼(주),경기도 화성시 만세구 송산면 송산산단3길 31,29291,펄프 및 종이 가공용 기계 제조업,031-355-7602
1578,화성송산테크노파크일반산업단지,미성정공,경기도 화성시 만세구 송산면 송산산단2길 45,"25991, 29223",금속 캔 및 기타 포장용기 제조업 외 1 종,031-498-2655
1579,화성송산테크노파크일반산업단지,미성제관(주),경기도 화성시 만세구 송산면 송산산단2길 45,"25991, 29223",금속 캔 및 기타 포장용기 제조업 외 1 종,031-498-2656
1580,화성송산테크노파크일반산업단지,브라스테크,경기도 화성시 만세구 송산면 송산산단2길 83,"25929, 29133","탭, 밸브 및 유사장치 제조업 외 1 종",031-433-3775
1581,화성송산테크노파크일반산업단지,아성프랜트(주),경기도 화성시 만세구 송산면 송산산단2길 30,"25122, 29299",금속탱크 및 저장용기 제조업 외 1 종,031-357-9526
1582,화성송산테크노파크일반산업단지,암스텍,경기도 화성시 만세구 송산면 송산산단길 39,29299,그 외 기타 특수목적용 기계 제조업,031-355-3412
1583,화성송산테크노파크일반산업단지,에스이씨(주),경기도 화성시 만세구 송산면 송산산단2길 14,"25122, 29299",그 외 기타 특수목적용 기계 제조업 외 1 종,031-351-9341
1584,화성송산테크노파크일반산업단지,연합정공(주),경기도 화성시 만세구 송산면 송산산단길 140,29294,주형 및 금형 제조업,031-366-9466
1585,화성송산테크노파크일반산업단지,우성기업(주),경기도 화성시 만세구 송산면 중송리 572-6,29120,유압기기 제조업,031-357-9611
1586,화성송산테크노파크일반산업단지,원테크,경기도 화성시 만세구 송산면 송산산단2길 59,25113,육상 금속 골조 구조재 제조업,031-356-9160
1587,화성송산테크노파크일반산업단지,윈솔,경기도 화성시 만세구 송산면 송산산단3길 45,25111,"금속 문, 창, 셔터 및 관련제품 제조업",031-357-6598
1588,화성송산테크노파크일반산업단지,유진타워건설(주),경기도 화성시 만세구 송산면 송산산단2길 61,25113,육상 금속 골조 구조재 제조업,031-497-0041
1589,화성송산테크노파크일반산업단지,제이원테크(주),경기도 화성시 만세구 송산면 송산산단2길 74,29221,전자 응용 절삭기계 제조업,031-8077-9741
1590,화성송산테크노파크일반산업단지,제이원테크(주),경기도 화성시 만세구 송산면 송산산단3길 40,29221,전자 응용 절삭기계 제조업,031-8077-9741
1591,화성송산테크노파크일반산업단지,조은산업,경기도 화성시 만세구 송산면 송산산단길 132-11,25929,그 외 기타 금속가공업,031-482-8788
1592,화성송산테크노파크일반산업단지,주식회사 신원알루미늄,경기도 화성시 만세구 송산면 송산산단2길 75 외 1필지,24222,"알루미늄 압연, 압출 및 연신제품 제조업",031-491-1947
1593,화성송산테크노파크일반산업단지,주식회사 원옥,경기도 화성시 만세구 송산면 송산산단2길 51,28123,배전반 및 전기 자동제어반 제조업,031-495-1937
1594,화성송산테크노파크일반산업단지,주식회사 자바머신,"경기도 화성시 만세구 송산면 송산산단길 117, 102호 A동, B동","29223, 29229",금속 절삭기계 제조업 외 1 종,031-434-1634
1595,화성송산테크노파크일반산업단지,주식회사 카파테크놀러지,경기도 화성시 만세구 송산면 송산산단3길 16,22291,플라스틱 접착처리 제품 제조업,031-354-9560
1596,화성송산테크노파크일반산업단지,주영정공(주),경기도 화성시 만세구 송산면 송산산단길 132-22,29142,기어 및 동력전달장치 제조업,031-356-9671
1597,화성송산테크노파크일반산업단지,창일테크,경기도 화성시 만세구 송산면 송산산단길 35,29163,컨베이어장치 제조업,031-433-6443
1598,화성송산테크노파크일반산업단지,케이에스(주),경기도 화성시 만세구 송산면 중송리 574-11,25929,그 외 기타 금속가공업,070-4411-4935
1599,화성송산테크노파크일반산업단지,케이에스엠 ,경기도 화성시 만세구 송산면 송산산단1길 6,"29199, 29294",그 외 기타 일반목적용 기계 제조업 외 1 종,031-433-2164
1600,화성송산테크노파크일반산업단지,티에스엠티(주) ,경기도 화성시 만세구 송산면 송산산단3길 13,"24321, 25924",절삭가공 및 유사처리업 외 1 종,031-355-5451
1601,화성동탄도시첨단산업단지,(주)거성에스디 ,"경기도 화성시 동탄구 동탄첨단산업1로 51-9, 4층 411 (동탄구 영천동) 4층 411호 외 3필지",26129,기타 반도체소자 제조업,031-613-5552
1602,화성동탄도시첨단산업단지,(주)경원종합방재,"경기도 화성시 동탄구 동탄첨단산업1로 63-12, 5층 506 (동탄구 영천동)",28901,전기경보 및 신호장치 제조업,031-8014-2550
1603,화성동탄도시첨단산업단지,(주)구들리애드,"경기도 화성시 동탄구 동탄첨단산업1로 63-12, 7층 701호(동탄구 영천동) 외 1필지",18119,기타 인쇄업,031-216-2965
1604,화성동탄도시첨단산업단지,(주)넥스트테크놀러지,경기도 화성시 동탄구 동탄첨단산업1로 63-5 (동탄구 영천동),68112,비주거용 건물 임대업,031-666-2336
1605,화성동탄도시첨단산업단지,(주)넷츠 ,"경기도 화성시 동탄구 동탄첨단산업1로 51-9, 10층 1016 (동탄구 영천동)",26129,기타 반도체소자 제조업,
1606,화성동탄도시첨단산업단지,(주)다원디엔에스,"경기도 화성시 동탄구 동탄첨단산업1로 63-12, 4층 411호(동탄구 영천동) 4층 411호 외 1필지","27215, 28119, 28121, 28901","전기회로 개폐, 보호장치 제조업 외 3 종",02-6396-8096
1607,화성동탄도시첨단산업단지,(주)더파인 ,"경기도 화성시 동탄구 동탄첨단산업1로 51-9, 6층 614 (동탄구 영천동)",26421,방송장비 제조업,070-4262-3130
1608,화성동탄도시첨단산업단지,(주)디지털프론티어 ,"경기도 화성시 동탄구 동탄첨단산업1로 51-9, 13층 1301호(동탄구 영천동) 외 17필지",29271,반도체 제조용 기계 제조업,031-212-2241
1609,화성동탄도시첨단산업단지,(주)라인테크솔라,"경기도 화성시 동탄구 동탄첨단산업1로 51-9, 9층 908호(동탄구 영천동)",28119,기타 전기 변환장치 제조업,031-353-7570
1610,화성동탄도시첨단산업단지,(주)랩지노믹스,"경기도 화성시 동탄구 동탄첨단산업1로 63-12, 3층 301호(동탄구 영천동) 외 6필지",21300,의료용품 및 기타 의약 관련제품 제조업,031-628-0633
1611,화성동탄도시첨단산업단지,(주)레오리아,"경기도 화성시 동탄구 동탄첨단산업1로 63-12, 7층 707호(동탄구 영천동)",26211,액정 표시장치 제조업,
1612,화성동탄도시첨단산업단지,(주)멜템 ,"경기도 화성시 동탄구 동탄첨단산업1로 51-9, 14층 1401 (동탄구 영천동) 14층 1401호 외 1필지",29172,공기 조화장치 제조업,031-731-1337
1613,화성동탄도시첨단산업단지,(주)모베이스,경기도 화성시 동탄구 동탄첨단산업1로 73(동탄구 영천동),26429,기타 무선 통신장비 제조업,032-529-4200
1614,화성동탄도시첨단산업단지,(주)미노스코리아,"경기도 화성시 동탄구 동탄첨단산업1로 63-12, 5층 515 (동탄구 영천동)",29199,그 외 기타 일반목적용 기계 제조업,031-8014-2558
1615,화성동탄도시첨단산업단지,(주)바이오포아,경기도 화성시 동탄구 동탄기흥로 593-26 (동탄구 영천동),"21230, 70113",의학 및 약학 연구개발업 외 1 종,031-375-8304
1616,화성동탄도시첨단산업단지,(주)베스트환경산업 ,"경기도 화성시 동탄구 동탄첨단산업1로 63-12, 7층 703호(동탄구 영천동) 외 3필지",29280,산업용 로봇 제조업,02-953-1174
1617,화성동탄도시첨단산업단지,(주)베프원 ,"경기도 화성시 동탄구 동탄첨단산업1로 51-9, 6층 610 (동탄구 영천동) 외 3필지","26299, 27213, 29271, 29272","물질 검사, 측정 및 분석기구 제조업 외 3 종",031-627-5420
1618,화성동탄도시첨단산업단지,(주)브로젠,"경기도 화성시 동탄구 동탄첨단산업1로 51-9, 3층 307호(동탄구 영천동)",29271,반도체 제조용 기계 제조업,070-4820-1532
1619,화성동탄도시첨단산업단지,(주)비에이치피,"경기도 화성시 동탄구 동탄첨단산업1로 51-9, 5층 506 (동탄구 영천동)",29299,그 외 기타 특수목적용 기계 제조업,031-707-9907
1620,화성동탄도시첨단산업단지,(주)생명과기술,"경기도 화성시 동탄구 동탄첨단산업1로 63-12, 9층 913,914,915 (동탄구 영천동)","27213, 29210",농업 및 임업용 기계 제조업 외 1 종,031-352-2341
1621,화성동탄도시첨단산업단지,(주)서린메디케어,"경기도 화성시 동탄구 동탄기흥로 593-16, 서린글로벌센터 4층 (동탄구 영천동)","27199, 70121",전기ㆍ전자공학 연구개발업 외 1 종,031-742-5319
1622,화성동탄도시첨단산업단지,(주)서린바이오사이언스,경기도 화성시 동탄구 동탄기흥로 593-16 (동탄구 영천동),"28909, 70111","물리, 화학 및 생물학 연구개발업 외 1 종",031-628-3018
1623,화성동탄도시첨단산업단지,(주)선영,"경기도 화성시 동탄구 동탄첨단산업1로 63-12, 동탄비즈타워 (산업 3-1블럭) (동탄구 영천동) 5층 514호 외 1필지","25113, 26421, 26519, 28111, 28119, 28422, 28423, 29163",일반용 전기 조명장치 제조업 외 7 종,031-375-7001
1624,화성동탄도시첨단산업단지,(주)세븐엠,경기도 화성시 동탄구 동탄첨단산업1로 51-9 (동탄구 영천동),28122,전기회로 접속장치 제조업,031-8003-9050
1625,화성동탄도시첨단산업단지,(주)세화엔지니어링 ,"경기도 화성시 동탄구 동탄첨단산업1로 51-9, 4층 415, 416, 423 (동탄구 영천동)",28122,전기회로 접속장치 제조업,031-732-4739
1626,화성동탄도시첨단산업단지,(주)센코,경기도 화성시 동탄구 동탄첨단산업1로 51-9 (동탄구 영천동),"27212, 27213, 27219, 28901",전기경보 및 신호장치 제조업 외 3 종,031-492-0445
1627,화성동탄도시첨단산업단지,(주)솔트,경기도 화성시 동탄구 동탄첨단산업1로 51-9 (동탄구 영천동),26429,기타 무선 통신장비 제조업,031-376-5116
1628,화성동탄도시첨단산업단지,(주)신일일렉트로닉스,"경기도 화성시 동탄구 동탄첨단산업1로 51-9, 3층 303,304호 (동탄구 영천동)",26429,기타 무선 통신장비 제조업,031-8077-2056
1629,화성동탄도시첨단산업단지,(주)씨엔에프글로벌,경기도 화성시 동탄구 동탄첨단산업1로 51-9 (동탄구 영천동),26211,액정 표시장치 제조업,031-831-8513
1630,화성동탄도시첨단산업단지,(주)씨티씨엠 ,"경기도 화성시 동탄구 동탄첨단산업1로 51-9, 4층 403 (동탄구 영천동)",28902,전기용 탄소제품 및 절연제품 제조업,02-3461-4487
1631,화성동탄도시첨단산업단지,(주)아이티에프,"경기도 화성시 동탄구 동탄첨단산업1로 63-12, 6층 608 (동탄구 영천동)",68112,비주거용 건물 임대업,070-7017-7370
1632,화성동탄도시첨단산업단지,(주)에스제이웍스 ,"경기도 화성시 동탄구 동탄첨단산업1로 51-9, 15층 1502 (동탄구 영천동) 외 2필지",18200,기록매체 복제업,031-8055-0818
1633,화성동탄도시첨단산업단지,(주)에코플랜,"경기도 화성시 동탄구 동탄첨단산업1로 63-12, 9층 911 (동탄구 영천동)","26299, 28909",그 외 기타 전자부품 제조업 외 1 종,031-8014-2588
1634,화성동탄도시첨단산업단지,(주)에콜,"경기도 화성시 동탄구 동탄첨단산업1로 63-12, 10층 1010 (동탄구 영천동)",27216,산업처리공정 제어장비 제조업,031-8014-2488
1635,화성동탄도시첨단산업단지,(주)엔케이씨엘바이오그룹,"경기도 화성시 동탄구 동탄첨단산업1로 51-9, 14층 1402호(동탄구 영천동) 외 11필지","21102, 21210",완제 의약품 제조업 외 1 종,02-501-9330
1636,화성동탄도시첨단산업단지,(주)엘림테크놀로지 ,"경기도 화성시 동탄구 동탄첨단산업1로 51-9, 6층 동탄엠타워 619,620호 (동탄구 영천동)",29271,반도체 제조용 기계 제조업,031-260-4320
1637,화성동탄도시첨단산업단지,(주)엠빛,"경기도 화성시 동탄구 동탄첨단산업1로 63-12, 8층 803,804,805 (동탄구 영천동)",29272,디스플레이 제조용 기계 제조업,070-4849-3668
1638,화성동탄도시첨단산업단지,(주)오르자,"경기도 화성시 동탄구 동탄첨단산업1로 51-9, 6층 607호(동탄구 영천동) 외 1필지",29294,주형 및 금형 제조업,031-260-4514
1639,화성동탄도시첨단산업단지,(주)와이앤와이,"경기도 화성시 동탄구 동탄첨단산업1로 63-12, 7층 709,710,711,712,713,714,715 (동탄구 영천동)",29242,광물처리 및 취급장비 제조업,031-8077-2258
1640,화성동탄도시첨단산업단지,(주)유비엠메카트로닉 ,경기도 화성시 동탄구 동탄첨단산업1로 42 (동탄구 영천동),68112,비주거용 건물 임대업,031-8015-5922
1641,화성동탄도시첨단산업단지,(주)유펠스,"경기도 화성시 동탄구 동탄첨단산업1로 51-9, 3층 306호(동탄구 영천동)",29271,반도체 제조용 기계 제조업,031-548-4099
1642,화성동탄도시첨단산업단지,(주)이알케이,"경기도 화성시 동탄구 동탄첨단산업1로 63-12, 5층 507호(동탄구 영천동) 외 1필지",29271,반도체 제조용 기계 제조업,
1643,화성동탄도시첨단산업단지,(주)지앤드아이,경기도 화성시 동탄구 동탄첨단산업1로 63-12 (동탄구 영천동) 5층 501호 외 3필지,27199,그 외 기타 의료용 기기 제조업,0505-600-8880
1644,화성동탄도시첨단산업단지,(주)지엠이 ,"경기도 화성시 동탄구 동탄첨단산업1로 51-9, 4층 401 (동탄구 영천동) 4층 401호 외 2필지",26299,그 외 기타 전자부품 제조업,031-8004-5929
1645,화성동탄도시첨단산업단지,(주)카본메이크,"경기도 화성시 동탄구 동탄첨단산업1로 63-12, 3층 312호(동탄구 영천동)",31312,무인 항공기 및 무인 비행장치 제조업,070-7527-3444
1646,화성동탄도시첨단산업단지,(주)케이디에스,"경기도 화성시 동탄구 동탄첨단산업1로 51-9, 16층 1605 (동탄구 영천동)",27212,"전자기 측정, 시험 및 분석기구 제조업",031-374-4736
1647,화성동탄도시첨단산업단지,(주)케이씨이노베이션,경기도 화성시 동탄구 동탄첨단산업1로 45 (동탄구 영천동),29174,기체 여과기 제조업,031-343-6013
1648,화성동탄도시첨단산업단지,(주)크리브,경기도 화성시 동탄구 동탄첨단산업1로 51-9 (동탄구 영천동),27193,안경 및 안경렌즈 제조업,070-4262-8086
1649,화성동탄도시첨단산업단지,(주)태임 ,"경기도 화성시 동탄구 동탄첨단산업1로 51-9, 4층 417 (동탄구 영천동)",25932,일반철물 제조업,
1650,화성동탄도시첨단산업단지,(주)포엠솔루텍,경기도 화성시 동탄구 동탄첨단산업1로 51-9 (동탄구 영천동),29271,반도체 제조용 기계 제조업,031-546-8850
1651,화성동탄도시첨단산업단지,(주)포인트니모,"경기도 화성시 동탄구 동탄첨단산업1로 63-12, 608호(동탄구 영천동)",28909,그 외 기타 전기장비 제조업,070-4403-8859
1652,화성동탄도시첨단산업단지,(주)피엔피,경기도 화성시 동탄구 동탄첨단산업1로 51-9 (동탄구 영천동),29271,반도체 제조용 기계 제조업,041-529-5200
1653,화성동탄도시첨단산업단지,(주)피엘아이,경기도 화성시 동탄구 동탄첨단산업1로 51-19 (동탄구 영천동),26112,비메모리용 및 기타 전자집적회로 제조업,031-376-7964
1654,화성동탄도시첨단산업단지,(주)한국소재 ,"경기도 화성시 동탄구 동탄첨단산업1로 51-9, 10층 1004, 1005 (동탄구 영천동)",25113,육상 금속 골조 구조재 제조업,061-723-7051
1655,화성동탄도시첨단산업단지,(주)휴그린,경기도 화성시 동탄구 동탄첨단산업1로 51-9 (동탄구 영천동),28119,기타 전기 변환장치 제조업,070-5222-2490
1656,화성동탄도시첨단산업단지,CNS KOREA ,"경기도 화성시 동탄구 동탄첨단산업1로 51-9, 4층 404, 405 (동탄구 영천동)",29271,반도체 제조용 기계 제조업,031-752-0607
1657,화성동탄도시첨단산업단지,강산,"경기도 화성시 동탄구 동탄첨단산업1로 51-9, 12층 1202호(동탄구 영천동)",68112,비주거용 건물 임대업,
1658,화성동탄도시첨단산업단지,김태연동탄비즈타워,"경기도 화성시 동탄구 동탄첨단산업1로 63-12, 2층 212 (동탄구 영천동)",68112,비주거용 건물 임대업,
1659,화성동탄도시첨단산업단지,네오센스 인스트루먼트,"경기도 화성시 동탄구 동탄첨단산업1로 63-12, 10층 1001,1002,1003,1004 (동탄구 영천동)",27213,"물질 검사, 측정 및 분석기구 제조업",031-8014-2500
1660,화성동탄도시첨단산업단지,다온산업 ,"경기도 화성시 동탄구 동탄첨단산업1로 51-9, 5층 501 (동탄구 영천동)",29199,그 외 기타 일반목적용 기계 제조업,031-372-6555
1661,화성동탄도시첨단산업단지,다온테크,"경기도 화성시 동탄구 동탄첨단산업1로 51-9, B1층 115 (동탄구 영천동)",26224,전자부품 실장기판 제조업,
1662,화성동탄도시첨단산업단지,다올,"경기도 화성시 동탄구 동탄첨단산업1로 51-9, 12층 1206호(동탄구 영천동)",18111,경 인쇄업,031-373-4183
1663,화성동탄도시첨단산업단지,다울 ,"경기도 화성시 동탄구 동탄첨단산업1로 63-12, 6층 611 (동탄구 영천동)",25924,절삭가공 및 유사처리업,031-213-0600
1664,화성동탄도시첨단산업단지,다이스디자인웍스,경기도 화성시 동탄구 동탄첨단산업1로 51-9 (동탄구 영천동),"18122, 18200",제책업 외 1 종,031-260-4355
1665,화성동탄도시첨단산업단지,다트 ,"경기도 화성시 동탄구 동탄첨단산업1로 51-9, 16층 1622 (동탄구 영천동) 외 2필지",18111,경 인쇄업,
1666,화성동탄도시첨단산업단지,달 왕복선,"경기도 화성시 동탄구 동탄첨단산업1로 63-12, 3층 313,314,315 (동탄구 영천동)",18119,기타 인쇄업,
1667,화성동탄도시첨단산업단지,달눈,경기도 화성시 동탄구 동탄첨단산업1로 51-9 (동탄구 영천동),"18122, 18200",제책업 외 1 종,031-260-4355
1668,화성동탄도시첨단산업단지,대한표준기기,경기도 화성시 동탄구 동탄첨단산업1로 51-9 (동탄구 영천동),68112,비주거용 건물 임대업,
1669,화성동탄도시첨단산업단지,동구,"경기도 화성시 동탄구 동탄첨단산업1로 51-9, 6층 618호(동탄구 영천동)",28909,그 외 기타 전기장비 제조업,
1670,화성동탄도시첨단산업단지,두현(DH),"경기도 화성시 동탄구 동탄첨단산업1로 63-12, 2층 209, 210 (동탄구 영천동) 2층 209, 210호",68112,비주거용 건물 임대업,
1671,화성동탄도시첨단산업단지,디앤에스아이홀딩스(주),경기도 화성시 동탄구 동탄첨단산업1로 74 (동탄구 영천동),68112,비주거용 건물 임대업,ARS-1670-4813
1672,화성동탄도시첨단산업단지,라온모바일테크 ,"경기도 화성시 동탄구 동탄첨단산업1로 51-9, 16층 1604 (동탄구 영천동)",28519,기타 가정용 전기기기 제조업,031-376-6904
1673,화성동탄도시첨단산업단지,레노텍,"경기도 화성시 동탄구 동탄첨단산업1로 63-12, 9층 908 (동탄구 영천동)",18200,기록매체 복제업,
1674,화성동탄도시첨단산업단지,마린테크노 ,"경기도 화성시 동탄구 동탄첨단산업1로 51-9, B1층 111 (동탄구 영천동)",25999,그 외 기타 분류 안된 금속 가공 제품 제조업,031-260-4039
1675,화성동탄도시첨단산업단지,미소테크,"경기도 화성시 동탄구 동탄첨단산업1로 63-12, 10층 1006 (동탄구 영천동)",26299,그 외 기타 전자부품 제조업,031-372-0548
1676,화성동탄도시첨단산업단지,비에스티(주),경기도 화성시 동탄구 동탄첨단산업1로 63-12 4층 413호,"29271, 29272",반도체 제조용 기계 제조업 외 1 종,031-375-7127
1677,화성동탄도시첨단산업단지,비전프린테크,경기도 화성시 동탄구 동탄첨단산업1로 51-9 (동탄구 영천동),18111,경 인쇄업,
1678,화성동탄도시첨단산업단지,삼화포장기계,"경기도 화성시 동탄구 동탄첨단산업1로 63-12, 2층 215호(동탄구 영천동) 2층 215호",29199,그 외 기타 일반목적용 기계 제조업,031-377-1040
1679,화성동탄도시첨단산업단지,상도 인터내셔널,"경기도 화성시 동탄구 동탄첨단산업1로 51-9, 12층 1216호(동탄구 영천동)",29241,건설 및 채광용 기계장비 제조업,031-377-5301
1680,화성동탄도시첨단산업단지,선테크 ,"경기도 화성시 동탄구 동탄첨단산업1로 51-9, 7층 708호 (동탄구 영천동)",68112,비주거용 건물 임대업,
1681,화성동탄도시첨단산업단지,센서클라우드(주),경기도 화성시 동탄구 동탄첨단산업1로 51-9 (동탄구 영천동),27216,산업처리공정 제어장비 제조업,031-216-9798
1682,화성동탄도시첨단산업단지,씨에스,"경기도 화성시 동탄구 동탄첨단산업1로 63-12, 3층 310 (동탄구 영천동)",68112,비주거용 건물 임대업,
1683,화성동탄도시첨단산업단지,씨엔시스 ,"경기도 화성시 동탄구 동탄첨단산업1로 51-9, 5층 507 (동탄구 영천동) 외 1필지",26129,기타 반도체소자 제조업,031-372-1180
1684,화성동탄도시첨단산업단지,씨엠디(CMD) ,"경기도 화성시 동탄구 동탄첨단산업1로 51-9, 5층 506 (동탄구 영천동)",68112,비주거용 건물 임대업,
1685,화성동탄도시첨단산업단지,에너로 ,"경기도 화성시 동탄구 동탄첨단산업1로 51-9, 9층 904 (동탄구 영천동)",28512,가정용 전기 난방기기 제조업,032-545-1911
1686,화성동탄도시첨단산업단지,에스디솔루션,"경기도 화성시 동탄구 동탄첨단산업1로 63-12, 5층 509호(동탄구 영천동) 외 1필지",26291,전자축전기 제조업,070-8633-0067
1687,화성동탄도시첨단산업단지,에이디머트리얼 ,"경기도 화성시 동탄구 동탄첨단산업1로 51-9, B1층 117 (동탄구 영천동)",26299,그 외 기타 전자부품 제조업,070-5175-7238
1688,화성동탄도시첨단산업단지,에이에스엠케이(주),경기도 화성시 동탄구 동탄첨단산업1로 63-11 (동탄구 영천동),"29271, 70121",반도체 제조용 기계 제조업 외 1 종,041-7596-7800
1689,화성동탄도시첨단산업단지,에이원(A1),"경기도 화성시 동탄구 동탄첨단산업1로 51-9, 15층 1508 (동탄구 영천동)",31312,무인 항공기 및 무인 비행장치 제조업,
1690,화성동탄도시첨단산업단지,에이원티 ,"경기도 화성시 동탄구 동탄첨단산업1로 51-9, 6층 621 (동탄구 영천동) 외 2필지",68112,비주거용 건물 임대업,
1691,화성동탄도시첨단산업단지,에이치에스테크주식회사 ,"경기도 화성시 동탄구 동탄첨단산업1로 51-9, 3층 301 (동탄구 영천동)","28123, 28901",배전반 및 전기 자동제어반 제조업 외 1 종,070-4346-1812
1692,화성동탄도시첨단산업단지,에이치엘비생명과학(주),"경기도 화성시 동탄구 동탄첨단산업1로 51-9, 8층 801호(동탄구 영천동) 외 17필지",21300,의료용품 및 기타 의약 관련제품 제조업,02-2627-6764
1693,화성동탄도시첨단산업단지,에코존코리아(주),"경기도 화성시 동탄구 동탄첨단산업1로 63-12, 10층 1012 (동탄구 영천동)","21102, 29175",생물학적 제제 제조업 외 1 종,031-8014-2410
1694,화성동탄도시첨단산업단지,에프에스테크 ,"경기도 화성시 동탄구 동탄첨단산업1로 51-9, 10층 1015 (동탄구 영천동)",26129,기타 반도체소자 제조업,
1695,화성동탄도시첨단산업단지,엠앤에이치바이오(주) ,"경기도 화성시 동탄구 동탄첨단산업1로 63-12, 6층 609 (동탄구 영천동)","21102, 70130",생물학적 제제 제조업 외 1 종,031-212-0677
1696,화성동탄도시첨단산업단지,엠에스에이치(MSH),"경기도 화성시 동탄구 동탄첨단산업1로 63-12, 8층 809,810 (동탄구 영천동)",68112,비주거용 건물 임대업,070-774-3478
1697,화성동탄도시첨단산업단지,엠에스에이치(MSH),"경기도 화성시 동탄구 동탄첨단산업1로 51-9, 7층 703호(동탄구 영천동)",68112,비주거용 건물 임대업,
1698,화성동탄도시첨단산업단지,엠에스케이테크놀러지(주) ,"경기도 화성시 동탄구 동탄첨단산업1로 51-9, 15층 1522 (동탄구 영천동) 외 7필지",26310,컴퓨터 제조업,070-4172-8980
1699,화성동탄도시첨단산업단지,엠에이치 ,"경기도 화성시 동탄구 동탄첨단산업1로 51-9, 15층 1527 (동탄구 영천동)",29271,반도체 제조용 기계 제조업,070-4045-8931
1700,화성동탄도시첨단산업단지,엠엔피테크 ,"경기도 화성시 동탄구 동탄첨단산업1로 51-9, 16층 1610 (동탄구 영천동) 외 2필지",26299,그 외 기타 전자부품 제조업,
1701,화성동탄도시첨단산업단지,영엔테크(주) ,"경기도 화성시 동탄구 동탄첨단산업1로 51-9, 4층 406 (동탄구 영천동)",29271,반도체 제조용 기계 제조업,
1702,화성동탄도시첨단산업단지,영지 ,경기도 화성시 동탄구 동탄첨단산업1로 51-9 (동탄구 영천동),26329,기타 주변기기 제조업,
1703,화성동탄도시첨단산업단지,오성시스템,"경기도 화성시 동탄구 동탄첨단산업1로 63-12, 10층 1005호(동탄구 영천동)",28123,배전반 및 전기 자동제어반 제조업,
1704,화성동탄도시첨단산업단지,와이지시스템(주) ,"경기도 화성시 동탄구 동탄첨단산업1로 51-9, 4층 420 (동탄구 영천동)",29271,반도체 제조용 기계 제조업,031-493-2428
1705,화성동탄도시첨단산업단지,와이케이 인터내셔널,"경기도 화성시 동탄구 동탄첨단산업1로 63-12, 7층층 708호(동탄구 영천동)",29173,산업용 송풍기 및 배기장치 제조업,
1706,화성동탄도시첨단산업단지,우도닷컴(주),"경기도 화성시 동탄구 동탄첨단산업1로 63-12, 8층 811,812 (동탄구 영천동)",28512,가정용 전기 난방기기 제조업,070-7090-1160
1707,화성동탄도시첨단산업단지,우리스페셜티,"경기도 화성시 동탄구 동탄첨단산업1로 63-12, 9층 907 (동탄구 영천동)",27301,광학렌즈 및 광학요소 제조업,031-8014-2534
1708,화성동탄도시첨단산업단지,제이에스테크 ,"경기도 화성시 동탄구 동탄첨단산업1로 51-9, 16층 1611 (동탄구 영천동) 외 1필지",18111,경 인쇄업,
1709,화성동탄도시첨단산업단지,주식회사 다온라벨 ,"경기도 화성시 동탄구 동탄첨단산업1로 51-9, 5층 501 (동탄구 영천동) 5층 501 호 외 1필지",29199,그 외 기타 일반목적용 기계 제조업,031-372-6555
1710,화성동탄도시첨단산업단지,주식회사 더좋은사람,경기도 화성시 동탄구 동탄첨단산업1로 63-12 (동탄구 영천동) 3층 314호 외 5필지,31991,자전거 및 환자용 차량 제조업,
1711,화성동탄도시첨단산업단지,주식회사 씨엔에스 ,"경기도 화성시 동탄구 동탄첨단산업1로 63-12, 4층 410호(동탄구 영천동) 4층 410호 외 2필지",68112,비주거용 건물 임대업,031-8055-8510
1712,화성동탄도시첨단산업단지,주식회사 에이디플러스 ,"경기도 화성시 동탄구 동탄첨단산업1로 51-9, B1층 118, 119 (동탄구 영천동)",26299,그 외 기타 전자부품 제조업,031-376-6376
1713,화성동탄도시첨단산업단지,주식회사 에코템,"경기도 화성시 동탄구 동탄첨단산업1로 63-12, 8층 811 (동탄구 영천동)",28512,가정용 전기 난방기기 제조업,
1714,화성동탄도시첨단산업단지,주식회사 제이에스티일렉트로닉스 ,경기도 화성시 동탄구 동탄첨단산업1로 51-9 (동탄구 영천동) 15층 1514호 외 4필지,"26224, 26410, 26421",전자부품 실장기판 제조업 외 2 종,031-8055-7750
1715,화성동탄도시첨단산업단지,주식회사 제이엘티 ,"경기도 화성시 동탄구 동탄첨단산업1로 51-9, 4층 413 414 (동탄구 영천동) 4층 413 414호",68112,비주거용 건물 임대업,
1716,화성동탄도시첨단산업단지,주식회사 최고 ,"경기도 화성시 동탄구 동탄첨단산업1로 51-9, 10층 1006, 514, 515 (동탄구 영천동)",25999,그 외 기타 분류 안된 금속 가공 제품 제조업,031-233-6577
1717,화성동탄도시첨단산업단지,주식회사 코아뷰,"경기도 화성시 동탄구 동탄첨단산업1로 57, 인큐베이팅센터 421호(동탄구 영천동)",26112,비메모리용 및 기타 전자집적회로 제조업,
1718,화성동탄도시첨단산업단지,주식회사 크루스텍 ,"경기도 화성시 동탄구 동탄첨단산업1로 51-9, B2층 B208,B209,B210,B211,B212호 (동탄구 영천동)","18113, 18119, 26295, 26410, 26421, 28123, 28423, 28903, 31202",오프셋 인쇄업 외 8 종,02-861-4499
1719,화성동탄도시첨단산업단지,지엔아이파트너스,"경기도 화성시 동탄구 동탄첨단산업1로 63-12, 5층 501,502,503 (동탄구 영천동)",27199,그 외 기타 의료용 기기 제조업,
1720,화성동탄도시첨단산업단지,케이디메카 ,"경기도 화성시 동탄구 동탄첨단산업1로 51-9, 16층 1606 (동탄구 영천동) 외 1필지",18111,경 인쇄업,031-374-5094
1721,화성동탄도시첨단산업단지,케이디테크 ,"경기도 화성시 동탄구 동탄첨단산업1로 51-9, 16층 1601 (동탄구 영천동) 외 1필지",26299,그 외 기타 전자부품 제조업,031-273-1160
1722,화성동탄도시첨단산업단지,테라피코테크,경기도 화성시 동탄구 동탄첨단산업1로 51-9 (동탄구 영천동),29131,액체 펌프 제조업,
1723,화성동탄도시첨단산업단지,팀컴퍼니,"경기도 화성시 동탄구 동탄첨단산업1로 63-12, 8층 801,802 (동탄구 영천동)",26529,기타 음향기기 제조업,031-662-0701
1724,화성동탄도시첨단산업단지,퍼펙트산업(주) ,"경기도 화성시 동탄구 동탄첨단산업1로 51-9, 15층 1511 (동탄구 영천동) 외 16필지",28422,일반용 전기 조명장치 제조업,031-287-6527
1725,화성동탄도시첨단산업단지,플란제코리아에이치피엠 주식회사,경기도 화성시 동탄구 동탄첨단산업1로 69 (동탄구 영천동),25999,그 외 기타 분류 안된 금속 가공 제품 제조업,02-451-0033
1726,화성동탄도시첨단산업단지,필립이엔씨,"경기도 화성시 동탄구 동탄첨단산업1로 63-12, 8층 813,814,815 (동탄구 영천동)",68112,비주거용 건물 임대업,
1727,화성동탄도시첨단산업단지,하나산업(주),경기도 화성시 동탄구 동탄첨단산업1로 51-19 (동탄구 영천동),27199,그 외 기타 의료용 기기 제조업,031-373-2012
1728,화성동탄도시첨단산업단지,하마마츠포토닉스코리아(주),경기도 화성시 동탄구 동탄첨단산업1로 63-5 (동탄구 영천동),27212,"전자기 측정, 시험 및 분석기구 제조업",02-2054-8206
1729,화성동탄도시첨단산업단지,한국목업,경기도 화성시 동탄구 동탄첨단산업1로 51-9 (동탄구 영천동),"29229, 30399",기타 가공 공작기계 제조업 외 1 종,070-7794-5874
1730,화성동탄도시첨단산업단지,한국알앤디,"경기도 화성시 동탄구 동탄첨단산업1로 63-12, 8층 806,807,808 (동탄구 영천동)",27213,"물질 검사, 측정 및 분석기구 제조업",031-8081-2864
1731,화성동탄도시첨단산업단지,한미인쇄,"경기도 화성시 동탄구 동탄첨단산업1로 63-12, 5층 514 (동탄구 영천동)",68112,비주거용 건물 임대업,
1732,화성동탄도시첨단산업단지,현중테크 ,"경기도 화성시 동탄구 동탄첨단산업1로 51-9, 7층 705 (동탄구 영천동)",68112,비주거용 건물 임대업,031-399-1012
1733,화성동탄도시첨단산업단지,후렉스산업 ,"경기도 화성시 동탄구 동탄첨단산업1로 51-9, 5층 513 (동탄구 영천동)",25999,그 외 기타 분류 안된 금속 가공 제품 제조업,031-260-4601
1734,화성동탄도시첨단산업단지,휴먼테크늄,"경기도 화성시 동탄구 동탄첨단산업1로 63-12, 2층 211 (동탄구 영천동)",25924,절삭가공 및 유사처리업,
1735,장안제1첨단일반산업단지,(주)대광공업,경기도 화성시 만세구 장안면 장안공단로 63,"25941, 25942, 25999",볼트 및 너트류 제조업 외 2 종,031-499-2850
