date,stg_emd,stg_nm,arr_emd,arr_nm,hour,quarter,trips,avg_sec
20260530,4159710600,영천동,4159710600,영천동,00,00,2,1012.0
20260530,4159710600,영천동,4159710600,영천동,00,15,3,183.0
20260530,4159710600,영천동,4159710600,영천동,00,45,1,245.0
20260530,4159710600,영천동,4159710600,영천동,01,00,1,208.0
20260530,4159710600,영천동,4159710600,영천동,01,45,2,221.0
20260530,4159710600,영천동,4159710600,영천동,05,15,1,532.0
20260530,4159710600,영천동,4159710600,영천동,05,30,3,549.0
20260530,4159710600,영천동,4159710600,영천동,05,45,1,389.0
20260530,4159710600,영천동,4159710600,영천동,06,00,1,284.0
20260530,4159710600,영천동,4159710600,영천동,06,15,4,520.0
20260530,4159710600,영천동,4159710600,영천동,06,30,1,783.0
20260530,4159710600,영천동,4159710600,영천동,06,45,2,17887.0
20260530,4159710600,영천동,4159710600,영천동,07,00,5,368.0
20260530,4159710600,영천동,4159710600,영천동,07,15,5,517.0
20260530,4159710600,영천동,4159710600,영천동,07,30,1,291.0
20260530,4159710600,영천동,4159710600,영천동,07,45,4,307.0
20260530,4159710600,영천동,4159710600,영천동,08,00,2,648.0
20260530,4159710600,영천동,4159710600,영천동,08,15,3,308.0
20260530,4159710600,영천동,4159710600,영천동,08,30,8,789.0
20260530,4159710600,영천동,4159710600,영천동,08,45,6,600.0
20260530,4159710600,영천동,4159710600,영천동,09,00,17,603.0
20260530,4159710600,영천동,4159710600,영천동,09,15,9,948.0
20260530,4159710600,영천동,4159710600,영천동,09,30,15,419.0
20260530,4159710600,영천동,4159710600,영천동,09,45,19,372.0
20260530,4159710600,영천동,4159710600,영천동,10,00,4,280.0
20260530,4159710600,영천동,4159710600,영천동,10,15,6,849.0
20260530,4159710600,영천동,4159710600,영천동,10,30,31,844.0
20260530,4159710600,영천동,4159710600,영천동,10,45,10,390.0
20260530,4159710600,영천동,4159710600,영천동,11,00,13,532.0
20260530,4159710600,영천동,4159710600,영천동,11,15,14,503.0
20260530,4159710600,영천동,4159710600,영천동,11,30,9,335.0
20260530,4159710600,영천동,4159710600,영천동,11,45,12,320.0
20260530,4159710600,영천동,4159710600,영천동,12,00,6,521.0
20260530,4159710600,영천동,4159710600,영천동,12,15,19,616.0
20260530,4159710600,영천동,4159710600,영천동,12,30,16,611.0
20260530,4159710600,영천동,4159710600,영천동,12,45,20,797.0
20260530,4159710600,영천동,4159710600,영천동,13,00,10,283.0
20260530,4159710600,영천동,4159710600,영천동,13,15,7,371.0
20260530,4159710600,영천동,4159710600,영천동,13,30,16,814.0
20260530,4159710600,영천동,4159710600,영천동,13,45,20,577.0
20260530,4159710600,영천동,4159710600,영천동,14,00,9,347.0
20260530,4159710600,영천동,4159710600,영천동,14,15,15,1287.0
20260530,4159710600,영천동,4159710600,영천동,14,30,5,519.0
20260530,4159710600,영천동,4159710600,영천동,14,45,6,191.0
20260530,4159710600,영천동,4159710600,영천동,15,00,5,1154.0
20260530,4159710600,영천동,4159710600,영천동,15,15,17,339.0
20260530,4159710600,영천동,4159710600,영천동,15,30,18,470.0
20260530,4159710600,영천동,4159710600,영천동,15,45,10,412.0
20260530,4159710600,영천동,4159710600,영천동,16,00,13,400.0
20260530,4159710600,영천동,4159710600,영천동,16,15,10,650.0
20260530,4159710600,영천동,4159710600,영천동,16,30,12,429.0
20260530,4159710600,영천동,4159710600,영천동,16,45,18,343.0
20260530,4159710600,영천동,4159710600,영천동,17,00,3,446.0
20260530,4159710600,영천동,4159710600,영천동,17,15,11,410.0
20260530,4159710600,영천동,4159710600,영천동,17,30,15,790.0
20260530,4159710600,영천동,4159710600,영천동,17,45,7,449.0
20260530,4159710600,영천동,4159710600,영천동,18,00,13,518.0
20260530,4159710600,영천동,4159710600,영천동,18,15,9,349.0
20260530,4159710600,영천동,4159710600,영천동,18,30,10,451.0
20260530,4159710600,영천동,4159710600,영천동,18,45,9,376.0
20260530,4159710600,영천동,4159710600,영천동,19,00,3,3684.0
20260530,4159710600,영천동,4159710600,영천동,19,15,5,283.0
20260530,4159710600,영천동,4159710600,영천동,20,00,16,758.0
20260530,4159710600,영천동,4159710600,영천동,20,15,5,359.0
20260530,4159710600,영천동,4159710600,영천동,20,30,7,611.0
20260530,4159710600,영천동,4159710600,영천동,20,45,7,405.0
20260530,4159710600,영천동,4159710600,영천동,21,00,8,302.0
20260530,4159710600,영천동,4159710600,영천동,21,15,2,322.0
20260530,4159710600,영천동,4159710600,영천동,21,30,5,315.0
20260530,4159710600,영천동,4159710600,영천동,21,45,7,296.0
20260530,4159710600,영천동,4159710600,영천동,22,00,6,516.0
20260530,4159710600,영천동,4159710600,영천동,22,15,4,165.0
20260530,4159710600,영천동,4159710600,영천동,22,30,3,415.0
20260530,4159710600,영천동,4159710600,영천동,22,45,1,420.0
20260530,4159710600,영천동,4159710600,영천동,23,00,3,304.0
20260530,4159710600,영천동,4159710600,영천동,23,15,2,180.0
20260530,4159710600,영천동,4159710600,영천동,23,30,2,312.0
20260530,4159710600,영천동,4159710200,반송동,00,00,1,1021.0
20260530,4159710600,영천동,4159710200,반송동,00,15,1,469.0
20260530,4159710600,영천동,4159710200,반송동,00,30,1,1118.0
20260530,4159710600,영천동,4159710200,반송동,00,45,1,1125.0
20260530,4159710600,영천동,4159710200,반송동,01,00,2,1074.0
20260530,4159710600,영천동,4159710200,반송동,01,45,1,979.0
20260530,4159710600,영천동,4159710200,반송동,02,00,1,1570.0
20260530,4159710600,영천동,4159710200,반송동,02,45,1,680.0
20260530,4159710600,영천동,4159710200,반송동,05,30,2,888.0
20260530,4159710600,영천동,4159710200,반송동,06,15,1,522.0
20260530,4159710600,영천동,4159710200,반송동,06,30,2,1099.0
20260530,4159710600,영천동,4159710200,반송동,06,45,1,981.0
20260530,4159710600,영천동,4159710200,반송동,07,00,1,1035.0
20260530,4159710600,영천동,4159710200,반송동,07,15,3,1450.0
20260530,4159710600,영천동,4159710200,반송동,07,30,4,1221.0
20260530,4159710600,영천동,4159710200,반송동,07,45,1,880.0
20260530,4159710600,영천동,4159710200,반송동,08,00,5,870.0
20260530,4159710600,영천동,4159710200,반송동,08,15,9,941.0
20260530,4159710600,영천동,4159710200,반송동,08,30,11,956.0
20260530,4159710600,영천동,4159710200,반송동,08,45,5,1585.0
20260530,4159710600,영천동,4159710200,반송동,09,00,8,1170.0
20260530,4159710600,영천동,4159710200,반송동,09,15,7,1307.0
20260530,4159710600,영천동,4159710200,반송동,09,30,8,712.0
20260530,4159710600,영천동,4159710200,반송동,09,45,3,548.0
20260530,4159710600,영천동,4159710200,반송동,10,00,11,1132.0
20260530,4159710600,영천동,4159710200,반송동,10,15,3,824.0
20260530,4159710600,영천동,4159710200,반송동,10,30,9,814.0
20260530,4159710600,영천동,4159710200,반송동,10,45,9,1199.0
20260530,4159710600,영천동,4159710200,반송동,11,00,8,766.0
20260530,4159710600,영천동,4159710200,반송동,11,15,5,1080.0
20260530,4159710600,영천동,4159710200,반송동,11,30,7,894.0
20260530,4159710600,영천동,4159710200,반송동,11,45,9,1676.0
20260530,4159710600,영천동,4159710200,반송동,12,00,14,859.0
20260530,4159710600,영천동,4159710200,반송동,12,15,10,1395.0
20260530,4159710600,영천동,4159710200,반송동,12,30,12,1013.0
20260530,4159710600,영천동,4159710200,반송동,12,45,11,991.0
20260530,4159710600,영천동,4159710200,반송동,13,00,7,855.0
20260530,4159710600,영천동,4159710200,반송동,13,15,6,739.0
20260530,4159710600,영천동,4159710200,반송동,13,30,11,1008.0
20260530,4159710600,영천동,4159710200,반송동,13,45,11,961.0
20260530,4159710600,영천동,4159710200,반송동,14,00,7,985.0
20260530,4159710600,영천동,4159710200,반송동,14,15,8,1132.0
20260530,4159710600,영천동,4159710200,반송동,14,30,5,1221.0
20260530,4159710600,영천동,4159710200,반송동,14,45,4,884.0
20260530,4159710600,영천동,4159710200,반송동,15,00,12,834.0
20260530,4159710600,영천동,4159710200,반송동,15,15,7,1130.0
20260530,4159710600,영천동,4159710200,반송동,15,30,10,963.0
20260530,4159710600,영천동,4159710200,반송동,15,45,12,769.0
20260530,4159710600,영천동,4159710200,반송동,16,00,5,958.0
20260530,4159710600,영천동,4159710200,반송동,16,15,9,1094.0
20260530,4159710600,영천동,4159710200,반송동,16,30,14,1548.0
20260530,4159710600,영천동,4159710200,반송동,16,45,25,909.0
20260530,4159710600,영천동,4159710200,반송동,17,00,6,947.0
20260530,4159710600,영천동,4159710200,반송동,17,15,21,1034.0
20260530,4159710600,영천동,4159710200,반송동,17,30,8,872.0
20260530,4159710600,영천동,4159710200,반송동,17,45,9,761.0
20260530,4159710600,영천동,4159710200,반송동,18,00,3,834.0
20260530,4159710600,영천동,4159710200,반송동,18,15,15,831.0
20260530,4159710600,영천동,4159710200,반송동,18,30,15,895.0
20260530,4159710600,영천동,4159710200,반송동,18,45,11,806.0
20260530,4159710600,영천동,4159710200,반송동,19,00,3,603.0
20260530,4159710600,영천동,4159710200,반송동,19,15,6,683.0
20260530,4159710600,영천동,4159710200,반송동,19,30,6,755.0
20260530,4159710600,영천동,4159710200,반송동,19,45,5,815.0
20260530,4159710600,영천동,4159710200,반송동,20,00,8,766.0
20260530,4159710600,영천동,4159710200,반송동,20,15,12,684.0
20260530,4159710600,영천동,4159710200,반송동,20,30,5,729.0
20260530,4159710600,영천동,4159710200,반송동,21,00,11,848.0
20260530,4159710600,영천동,4159710200,반송동,21,15,2,1037.0
20260530,4159710600,영천동,4159710200,반송동,21,30,5,719.0
20260530,4159710600,영천동,4159710200,반송동,21,45,3,450.0
20260530,4159710600,영천동,4159710200,반송동,22,00,3,471.0
20260530,4159710600,영천동,4159710200,반송동,22,15,11,988.0
20260530,4159710600,영천동,4159710200,반송동,22,45,9,730.0
20260530,4159710600,영천동,4159710200,반송동,23,00,5,816.0
20260530,4159710600,영천동,4159710200,반송동,23,30,1,1060.0
20260530,4159710600,영천동,4159710200,반송동,23,45,1,123.0
20260530,4159710600,영천동,4159510200,병점동,00,00,1,1418.0
20260530,4159710600,영천동,4159510200,병점동,02,45,1,1605.0
20260530,4159710600,영천동,4159510200,병점동,05,00,1,2687.0
20260530,4159710600,영천동,4159510200,병점동,05,15,2,2222.0
20260530,4159710600,영천동,4159510200,병점동,05,30,3,1823.0
20260530,4159710600,영천동,4159510200,병점동,05,45,1,1585.0
20260530,4159710600,영천동,4159510200,병점동,06,00,1,1426.0
20260530,4159710600,영천동,4159510200,병점동,06,15,1,3084.0
20260530,4159710600,영천동,4159510200,병점동,06,30,4,1806.0
20260530,4159710600,영천동,4159510200,병점동,07,00,1,2670.0
20260530,4159710600,영천동,4159510200,병점동,07,15,3,2239.0
20260530,4159710600,영천동,4159510200,병점동,07,30,2,1518.0
20260530,4159710600,영천동,4159510200,병점동,07,45,2,1623.0
20260530,4159710600,영천동,4159510200,병점동,08,00,5,2575.0
20260530,4159710600,영천동,4159510200,병점동,08,15,4,2036.0
20260530,4159710600,영천동,4159510200,병점동,08,30,4,2871.0
20260530,4159710600,영천동,4159510200,병점동,08,45,2,1924.0
20260530,4159710600,영천동,4159510200,병점동,09,00,9,2225.0
20260530,4159710600,영천동,4159510200,병점동,09,15,1,1607.0
20260530,4159710600,영천동,4159510200,병점동,09,30,6,2790.0
20260530,4159710600,영천동,4159510200,병점동,09,45,13,2356.0
20260530,4159710600,영천동,4159510200,병점동,10,00,7,2223.0
20260530,4159710600,영천동,4159510200,병점동,10,15,2,2065.0
20260530,4159710600,영천동,4159510200,병점동,10,30,2,2549.0
20260530,4159710600,영천동,4159510200,병점동,10,45,3,1843.0
20260530,4159710600,영천동,4159510200,병점동,11,00,2,2687.0
20260530,4159710600,영천동,4159510200,병점동,11,15,3,2048.0
20260530,4159710600,영천동,4159510200,병점동,11,30,1,2111.0
20260530,4159710600,영천동,4159510200,병점동,11,45,7,1977.0
20260530,4159710600,영천동,4159510200,병점동,12,00,2,2031.0
20260530,4159710600,영천동,4159510200,병점동,12,15,4,2849.0
20260530,4159710600,영천동,4159510200,병점동,12,30,3,1954.0
20260530,4159710600,영천동,4159510200,병점동,12,45,4,2569.0
20260530,4159710600,영천동,4159510200,병점동,13,00,2,2252.0
20260530,4159710600,영천동,4159510200,병점동,13,15,2,2191.0
20260530,4159710600,영천동,4159510200,병점동,13,30,1,2488.0
20260530,4159710600,영천동,4159510200,병점동,13,45,6,2553.0
20260530,4159710600,영천동,4159510200,병점동,14,00,1,1430.0
20260530,4159710600,영천동,4159510200,병점동,14,15,2,2159.0
20260530,4159710600,영천동,4159510200,병점동,14,30,5,1905.0
20260530,4159710600,영천동,4159510200,병점동,14,45,3,2373.0
20260530,4159710600,영천동,4159510200,병점동,15,00,3,1972.0
20260530,4159710600,영천동,4159510200,병점동,15,15,4,2514.0
20260530,4159710600,영천동,4159510200,병점동,15,30,5,2322.0
20260530,4159710600,영천동,4159510200,병점동,16,00,2,2710.0
20260530,4159710600,영천동,4159510200,병점동,16,15,2,2403.0
20260530,4159710600,영천동,4159510200,병점동,16,30,1,1754.0
20260530,4159710600,영천동,4159510200,병점동,16,45,1,3003.0
20260530,4159710600,영천동,4159510200,병점동,17,00,6,2185.0
20260530,4159710600,영천동,4159510200,병점동,17,30,2,1916.0
20260530,4159710600,영천동,4159510200,병점동,17,45,1,2241.0
20260530,4159710600,영천동,4159510200,병점동,18,45,4,2272.0
20260530,4159710600,영천동,4159510200,병점동,19,00,1,3000.0
20260530,4159710600,영천동,4159510200,병점동,19,15,1,1787.0
20260530,4159710600,영천동,4159510200,병점동,19,45,1,1022.0
20260530,4159710600,영천동,4159510200,병점동,20,00,1,2252.0
20260530,4159710600,영천동,4159510200,병점동,20,15,2,1826.0
20260530,4159710600,영천동,4159510200,병점동,20,30,4,2019.0
20260530,4159710600,영천동,4159510200,병점동,21,30,3,1617.0
20260530,4159710600,영천동,4159510200,병점동,22,15,1,1277.0
20260530,4159710600,영천동,4159510200,병점동,22,45,2,1777.0
20260530,4159710600,영천동,4159510200,병점동,23,00,2,1634.0
20260530,4159710600,영천동,4159510200,병점동,23,15,2,1213.0
20260530,4159710600,영천동,4159510300,능동,02,15,1,1222.0
20260530,4159710600,영천동,4159510300,능동,07,30,3,1242.0
20260530,4159710600,영천동,4159510300,능동,07,45,1,908.0
20260530,4159710600,영천동,4159510300,능동,08,00,1,1098.0
20260530,4159710600,영천동,4159510300,능동,08,15,3,1287.0
20260530,4159710600,영천동,4159510300,능동,08,30,3,879.0
20260530,4159710600,영천동,4159510300,능동,09,00,2,1748.0
20260530,4159710600,영천동,4159510300,능동,09,15,5,1380.0
20260530,4159710600,영천동,4159510300,능동,09,30,3,1610.0
20260530,4159710600,영천동,4159510300,능동,09,45,2,1736.0
20260530,4159710600,영천동,4159510300,능동,10,00,1,1631.0
20260530,4159710600,영천동,4159510300,능동,10,15,2,1393.0
20260530,4159710600,영천동,4159510300,능동,10,30,2,1777.0
20260530,4159710600,영천동,4159510300,능동,10,45,2,1438.0
20260530,4159710600,영천동,4159510300,능동,11,00,2,2018.0
20260530,4159710600,영천동,4159510300,능동,11,15,2,1758.0
20260530,4159710600,영천동,4159510300,능동,11,30,1,688.0
20260530,4159710600,영천동,4159510300,능동,12,00,3,1664.0
20260530,4159710600,영천동,4159510300,능동,12,15,4,1329.0
20260530,4159710600,영천동,4159510300,능동,12,30,4,1452.0
20260530,4159710600,영천동,4159510300,능동,12,45,3,1450.0
20260530,4159710600,영천동,4159510300,능동,13,00,1,1459.0
20260530,4159710600,영천동,4159510300,능동,13,15,2,2226.0
20260530,4159710600,영천동,4159510300,능동,13,30,2,1283.0
20260530,4159710600,영천동,4159510300,능동,13,45,5,1177.0
20260530,4159710600,영천동,4159510300,능동,14,00,2,2006.0
20260530,4159710600,영천동,4159510300,능동,14,15,4,1243.0
20260530,4159710600,영천동,4159510300,능동,15,00,3,1145.0
20260530,4159710600,영천동,4159510300,능동,15,15,1,1529.0
20260530,4159710600,영천동,4159510300,능동,15,45,1,1642.0
20260530,4159710600,영천동,4159510300,능동,16,00,2,1118.0
20260530,4159710600,영천동,4159510300,능동,16,15,1,1449.0
20260530,4159710600,영천동,4159510300,능동,16,30,2,1507.0
20260530,4159710600,영천동,4159510300,능동,16,45,3,1583.0
20260530,4159710600,영천동,4159510300,능동,17,00,1,1181.0
20260530,4159710600,영천동,4159510300,능동,17,15,2,1002.0
20260530,4159710600,영천동,4159510300,능동,17,30,4,2207.0
20260530,4159710600,영천동,4159510300,능동,17,45,1,2072.0
20260530,4159710600,영천동,4159510300,능동,18,00,2,532.0
20260530,4159710600,영천동,4159510300,능동,18,15,1,1073.0
20260530,4159710600,영천동,4159510300,능동,18,30,3,1066.0
20260530,4159710600,영천동,4159510300,능동,18,45,2,1256.0
20260530,4159710600,영천동,4159510300,능동,19,00,1,2915.0
20260530,4159710600,영천동,4159510300,능동,19,15,1,835.0
20260530,4159710600,영천동,4159510300,능동,19,30,1,1514.0
20260530,4159710600,영천동,4159510300,능동,19,45,2,962.0
20260530,4159710600,영천동,4159510300,능동,20,00,4,1136.0
20260530,4159710600,영천동,4159510300,능동,20,15,1,1001.0
20260530,4159710600,영천동,4159510300,능동,20,30,3,1387.0
20260530,4159710600,영천동,4159510300,능동,21,00,4,1145.0
20260530,4159710600,영천동,4159510300,능동,21,45,2,703.0
20260530,4159710600,영천동,4159510300,능동,22,00,4,1590.0
20260530,4159710600,영천동,4159510300,능동,22,15,5,1186.0
20260530,4159710600,영천동,4159510300,능동,22,30,1,2037.0
20260530,4159710600,영천동,4159510300,능동,22,45,2,1447.0
20260530,4159710600,영천동,4159510300,능동,23,15,1,921.0
20260530,4159710600,영천동,4159510900,안녕동,10,30,2,4080.0
20260530,4159710600,영천동,4159510900,안녕동,11,45,1,3007.0
20260530,4159710600,영천동,4159510900,안녕동,12,15,1,4188.0
20260530,4159710600,영천동,4159510900,안녕동,13,30,1,2643.0
20260530,4159710600,영천동,4159510900,안녕동,15,30,1,3212.0
20260530,4159710600,영천동,4159510900,안녕동,16,00,2,3962.0
20260530,4159710600,영천동,4159510900,안녕동,16,30,1,3542.0
20260530,4159710600,영천동,4159711100,장지동,00,45,1,1093.0
20260530,4159710600,영천동,4159711100,장지동,06,45,1,1146.0
20260530,4159710600,영천동,4159711100,장지동,07,00,1,933.0
20260530,4159710600,영천동,4159711100,장지동,07,45,1,1447.0
20260530,4159710600,영천동,4159711100,장지동,08,00,3,1128.0
20260530,4159710600,영천동,4159711100,장지동,08,45,1,1107.0
20260530,4159710600,영천동,4159711100,장지동,09,15,1,2129.0
20260530,4159710600,영천동,4159711100,장지동,10,15,1,978.0
20260530,4159710600,영천동,4159711100,장지동,10,30,1,2149.0
20260530,4159710600,영천동,4159711100,장지동,11,15,1,1782.0
20260530,4159710600,영천동,4159711100,장지동,12,00,2,2009.0
20260530,4159710600,영천동,4159711100,장지동,12,15,1,1739.0
20260530,4159710600,영천동,4159711100,장지동,12,30,1,1179.0
20260530,4159710600,영천동,4159711100,장지동,12,45,4,1621.0
20260530,4159710600,영천동,4159711100,장지동,13,00,5,1485.0
20260530,4159710600,영천동,4159711100,장지동,13,45,1,2487.0
20260530,4159710600,영천동,4159711100,장지동,14,00,3,1666.0
20260530,4159710600,영천동,4159711100,장지동,14,30,2,2097.0
20260530,4159710600,영천동,4159711100,장지동,15,00,4,1510.0
20260530,4159710600,영천동,4159711100,장지동,15,15,2,1435.0
20260530,4159710600,영천동,4159711100,장지동,15,30,1,1517.0
20260530,4159710600,영천동,4159711100,장지동,16,30,1,1063.0
20260530,4159710600,영천동,4159711100,장지동,17,00,1,2737.0
20260530,4159710600,영천동,4159711100,장지동,17,15,3,1696.0
20260530,4159710600,영천동,4159711100,장지동,17,45,5,1719.0
20260530,4159710600,영천동,4159711100,장지동,18,00,2,1282.0
20260530,4159710600,영천동,4159711100,장지동,18,15,1,916.0
20260530,4159710600,영천동,4159711100,장지동,18,30,4,1216.0
20260530,4159710600,영천동,4159711100,장지동,18,45,1,2019.0
20260530,4159710600,영천동,4159711100,장지동,19,00,1,1368.0
20260530,4159710600,영천동,4159711100,장지동,20,00,5,1867.0
20260530,4159710600,영천동,4159711100,장지동,20,15,1,1965.0
20260530,4159710600,영천동,4159711100,장지동,20,45,3,1662.0
20260530,4159710600,영천동,4159711100,장지동,21,00,6,1196.0
20260530,4159710600,영천동,4159711100,장지동,21,15,1,1679.0
20260530,4159710600,영천동,4159711100,장지동,21,30,1,1202.0
20260530,4159710600,영천동,4159711100,장지동,22,00,1,1399.0
20260530,4159710600,영천동,4159711100,장지동,22,15,6,1515.0
20260530,4159710600,영천동,4159711100,장지동,22,30,1,1310.0
20260530,4159710600,영천동,4159711100,장지동,22,45,1,1071.0
20260530,4159710600,영천동,4159711500,여울동,00,00,1,298.0
20260530,4159710600,영천동,4159711500,여울동,00,15,2,885.0
20260530,4159710600,영천동,4159711500,여울동,05,00,3,689.0
20260530,4159710600,영천동,4159711500,여울동,05,45,2,785.0
20260530,4159710600,영천동,4159711500,여울동,06,00,2,847.0
20260530,4159710600,영천동,4159711500,여울동,06,15,2,933.0
20260530,4159710600,영천동,4159711500,여울동,06,30,8,517.0
20260530,4159710600,영천동,4159711500,여울동,06,45,3,547.0
20260530,4159710600,영천동,4159711500,여울동,07,00,5,245.0
20260530,4159710600,영천동,4159711500,여울동,07,15,2,798.0
20260530,4159710600,영천동,4159711500,여울동,07,30,7,433.0
20260530,4159710600,영천동,4159711500,여울동,07,45,1,169.0
20260530,4159710600,영천동,4159711500,여울동,08,00,7,811.0
20260530,4159710600,영천동,4159711500,여울동,08,15,7,484.0
20260530,4159710600,영천동,4159711500,여울동,08,30,10,448.0
20260530,4159710600,영천동,4159711500,여울동,08,45,10,389.0
20260530,4159710600,영천동,4159711500,여울동,09,00,9,907.0
20260530,4159710600,영천동,4159711500,여울동,09,15,2,542.0
20260530,4159710600,영천동,4159711500,여울동,09,30,27,701.0
20260530,4159710600,영천동,4159711500,여울동,09,45,20,595.0
20260530,4159710600,영천동,4159711500,여울동,10,00,9,627.0
20260530,4159710600,영천동,4159711500,여울동,10,15,6,874.0
20260530,4159710600,영천동,4159711500,여울동,10,30,11,696.0
20260530,4159710600,영천동,4159711500,여울동,10,45,8,413.0
20260530,4159710600,영천동,4159711500,여울동,11,00,18,656.0
20260530,4159710600,영천동,4159711500,여울동,11,15,9,589.0
20260530,4159710600,영천동,4159711500,여울동,11,30,12,590.0
20260530,4159710600,영천동,4159711500,여울동,11,45,13,505.0
20260530,4159710600,영천동,4159711500,여울동,12,00,11,669.0
20260530,4159710600,영천동,4159711500,여울동,12,15,10,973.0
20260530,4159710600,영천동,4159711500,여울동,12,30,11,675.0
20260530,4159710600,영천동,4159711500,여울동,12,45,16,579.0
20260530,4159710600,영천동,4159711500,여울동,13,00,12,487.0
20260530,4159710600,영천동,4159711500,여울동,13,15,9,643.0
20260530,4159710600,영천동,4159711500,여울동,13,30,10,848.0
20260530,4159710600,영천동,4159711500,여울동,13,45,11,505.0
20260530,4159710600,영천동,4159711500,여울동,14,00,16,518.0
20260530,4159710600,영천동,4159711500,여울동,14,15,11,634.0
20260530,4159710600,영천동,4159711500,여울동,14,30,19,540.0
20260530,4159710600,영천동,4159711500,여울동,14,45,9,694.0
20260530,4159710600,영천동,4159711500,여울동,15,00,18,562.0
20260530,4159710600,영천동,4159711500,여울동,15,15,7,614.0
20260530,4159710600,영천동,4159711500,여울동,15,30,17,702.0
20260530,4159710600,영천동,4159711500,여울동,15,45,8,463.0
20260530,4159710600,영천동,4159711500,여울동,16,00,10,424.0
20260530,4159710600,영천동,4159711500,여울동,16,15,12,592.0
20260530,4159710600,영천동,4159711500,여울동,16,30,12,659.0
20260530,4159710600,영천동,4159711500,여울동,16,45,18,308.0
20260530,4159710600,영천동,4159711500,여울동,17,00,7,729.0
20260530,4159710600,영천동,4159711500,여울동,17,15,26,749.0
20260530,4159710600,영천동,4159711500,여울동,17,30,20,761.0
20260530,4159710600,영천동,4159711500,여울동,17,45,13,575.0
20260530,4159710600,영천동,4159711500,여울동,18,00,8,523.0
20260530,4159710600,영천동,4159711500,여울동,18,15,3,555.0
20260530,4159710600,영천동,4159711500,여울동,18,30,19,575.0
20260530,4159710600,영천동,4159711500,여울동,18,45,4,1161.0
20260530,4159710600,영천동,4159711500,여울동,19,00,8,450.0
20260530,4159710600,영천동,4159711500,여울동,19,15,1,400.0
20260530,4159710600,영천동,4159711500,여울동,19,30,11,712.0
20260530,4159710600,영천동,4159711500,여울동,19,45,3,314.0
20260530,4159710600,영천동,4159711500,여울동,20,00,16,661.0
20260530,4159710600,영천동,4159711500,여울동,20,15,3,386.0
20260530,4159710600,영천동,4159711500,여울동,20,30,3,801.0
20260530,4159710600,영천동,4159711500,여울동,20,45,7,456.0
20260530,4159710600,영천동,4159711500,여울동,21,00,8,637.0
20260530,4159710600,영천동,4159711500,여울동,21,30,1,672.0
20260530,4159710600,영천동,4159711500,여울동,21,45,6,639.0
20260530,4159710600,영천동,4159711500,여울동,22,00,4,934.0
20260530,4159710600,영천동,4159711500,여울동,22,15,8,613.0
20260530,4159710600,영천동,4159711500,여울동,22,30,3,473.0
20260530,4159710600,영천동,4159711500,여울동,23,15,1,933.0
20260530,4159710600,영천동,4159711500,여울동,23,30,1,344.0
20260530,4159710600,영천동,4159125326,향남읍,18,15,1,5416.0
20260530,4159710600,영천동,4159125339,향남읍,13,00,1,4612.0
20260530,4159710600,영천동,4159125339,향남읍,18,15,1,4277.0
20260530,4159710200,반송동,4159710600,영천동,00,00,3,381.0
20260530,4159710200,반송동,4159710600,영천동,00,15,6,645.0
20260530,4159710200,반송동,4159710600,영천동,00,45,1,941.0
20260530,4159710200,반송동,4159710600,영천동,01,00,2,536.0
20260530,4159710200,반송동,4159710600,영천동,05,15,1,1329.0
20260530,4159710200,반송동,4159710600,영천동,05,30,2,939.0
20260530,4159710200,반송동,4159710600,영천동,05,45,1,2042.0
20260530,4159710200,반송동,4159710600,영천동,06,00,3,1325.0
20260530,4159710200,반송동,4159710600,영천동,06,15,4,1218.0
20260530,4159710200,반송동,4159710600,영천동,06,30,7,690.0
20260530,4159710200,반송동,4159710600,영천동,07,00,1,1045.0
20260530,4159710200,반송동,4159710600,영천동,07,15,1,773.0
20260530,4159710200,반송동,4159710600,영천동,07,30,3,648.0
20260530,4159710200,반송동,4159710600,영천동,07,45,3,742.0
20260530,4159710200,반송동,4159710600,영천동,08,00,3,717.0
20260530,4159710200,반송동,4159710600,영천동,08,15,5,864.0
20260530,4159710200,반송동,4159710600,영천동,08,30,3,604.0
20260530,4159710200,반송동,4159710600,영천동,08,45,1,618.0
20260530,4159710200,반송동,4159710600,영천동,09,00,4,786.0
20260530,4159710200,반송동,4159710600,영천동,09,15,4,1065.0
20260530,4159710200,반송동,4159710600,영천동,09,30,1,1274.0
20260530,4159710200,반송동,4159710600,영천동,09,45,3,709.0
20260530,4159710200,반송동,4159710600,영천동,10,00,2,752.0
20260530,4159710200,반송동,4159710600,영천동,10,15,6,666.0
20260530,4159710200,반송동,4159710600,영천동,10,30,12,805.0
20260530,4159710200,반송동,4159710600,영천동,10,45,5,1015.0
20260530,4159710200,반송동,4159710600,영천동,11,15,5,957.0
20260530,4159710200,반송동,4159710600,영천동,11,30,3,1055.0
20260530,4159710200,반송동,4159710600,영천동,11,45,6,913.0
20260530,4159710200,반송동,4159710600,영천동,12,00,7,1867.0
20260530,4159710200,반송동,4159710600,영천동,12,15,6,1041.0
20260530,4159710200,반송동,4159710600,영천동,12,30,5,1063.0
20260530,4159710200,반송동,4159710600,영천동,12,45,4,1112.0
20260530,4159710200,반송동,4159710600,영천동,13,00,12,1004.0
20260530,4159710200,반송동,4159710600,영천동,13,15,8,1028.0
20260530,4159710200,반송동,4159710600,영천동,13,30,12,793.0
20260530,4159710200,반송동,4159710600,영천동,13,45,9,916.0
20260530,4159710200,반송동,4159710600,영천동,14,00,9,921.0
20260530,4159710200,반송동,4159710600,영천동,14,15,2,596.0
20260530,4159710200,반송동,4159710600,영천동,14,30,4,902.0
20260530,4159710200,반송동,4159710600,영천동,14,45,5,1046.0
20260530,4159710200,반송동,4159710600,영천동,15,00,7,956.0
20260530,4159710200,반송동,4159710600,영천동,15,15,4,738.0
20260530,4159710200,반송동,4159710600,영천동,15,30,7,1064.0
20260530,4159710200,반송동,4159710600,영천동,15,45,9,1405.0
20260530,4159710200,반송동,4159710600,영천동,16,00,1,1073.0
20260530,4159710200,반송동,4159710600,영천동,16,15,3,944.0
20260530,4159710200,반송동,4159710600,영천동,16,30,8,717.0
20260530,4159710200,반송동,4159710600,영천동,16,45,1,798.0
20260530,4159710200,반송동,4159710600,영천동,17,00,4,816.0
20260530,4159710200,반송동,4159710600,영천동,17,15,5,998.0
20260530,4159710200,반송동,4159710600,영천동,17,30,12,1334.0
20260530,4159710200,반송동,4159710600,영천동,17,45,5,861.0
20260530,4159710200,반송동,4159710600,영천동,18,00,10,830.0
20260530,4159710200,반송동,4159710600,영천동,18,15,10,780.0
20260530,4159710200,반송동,4159710600,영천동,18,30,5,788.0
20260530,4159710200,반송동,4159710600,영천동,18,45,3,853.0
20260530,4159710200,반송동,4159710600,영천동,19,00,6,731.0
20260530,4159710200,반송동,4159710600,영천동,19,15,1,730.0
20260530,4159710200,반송동,4159710600,영천동,19,30,14,751.0
20260530,4159710200,반송동,4159710600,영천동,19,45,6,869.0
20260530,4159710200,반송동,4159710600,영천동,20,00,7,684.0
20260530,4159710200,반송동,4159710600,영천동,20,15,6,776.0
20260530,4159710200,반송동,4159710600,영천동,20,30,21,968.0
20260530,4159710200,반송동,4159710600,영천동,20,45,5,1056.0
20260530,4159710200,반송동,4159710600,영천동,21,00,11,796.0
20260530,4159710200,반송동,4159710600,영천동,21,15,10,668.0
20260530,4159710200,반송동,4159710600,영천동,21,30,4,1489.0
20260530,4159710200,반송동,4159710600,영천동,21,45,8,1044.0
20260530,4159710200,반송동,4159710600,영천동,22,00,15,931.0
20260530,4159710200,반송동,4159710600,영천동,22,15,1,575.0
20260530,4159710200,반송동,4159710600,영천동,22,30,8,834.0
20260530,4159710200,반송동,4159710600,영천동,22,45,1,1118.0
20260530,4159710200,반송동,4159710600,영천동,23,00,9,748.0
20260530,4159710200,반송동,4159710600,영천동,23,15,6,584.0
20260530,4159710200,반송동,4159710600,영천동,23,30,5,609.0
20260530,4159710200,반송동,4159710600,영천동,23,45,3,711.0
20260530,4159710200,반송동,4159710200,반송동,00,00,2,268.0
20260530,4159710200,반송동,4159710200,반송동,00,15,3,387.0
20260530,4159710200,반송동,4159710200,반송동,00,30,4,407.0
20260530,4159710200,반송동,4159710200,반송동,01,00,1,10.0
20260530,4159710200,반송동,4159710200,반송동,01,30,1,65.0
20260530,4159710200,반송동,4159710200,반송동,02,00,1,306.0
20260530,4159710200,반송동,4159710200,반송동,05,00,3,300.0
20260530,4159710200,반송동,4159710200,반송동,05,30,1,250.0
20260530,4159710200,반송동,4159710200,반송동,05,45,1,582.0
20260530,4159710200,반송동,4159710200,반송동,06,00,8,322.0
20260530,4159710200,반송동,4159710200,반송동,06,15,6,280.0
20260530,4159710200,반송동,4159710200,반송동,06,30,3,302.0
20260530,4159710200,반송동,4159710200,반송동,06,45,12,387.0
20260530,4159710200,반송동,4159710200,반송동,07,00,5,387.0
20260530,4159710200,반송동,4159710200,반송동,07,15,6,662.0
20260530,4159710200,반송동,4159710200,반송동,07,30,5,257.0
20260530,4159710200,반송동,4159710200,반송동,07,45,6,406.0
20260530,4159710200,반송동,4159710200,반송동,08,00,4,325.0
20260530,4159710200,반송동,4159710200,반송동,08,15,10,358.0
20260530,4159710200,반송동,4159710200,반송동,08,30,26,637.0
20260530,4159710200,반송동,4159710200,반송동,08,45,12,1114.0
20260530,4159710200,반송동,4159710200,반송동,09,00,28,874.0
20260530,4159710200,반송동,4159710200,반송동,09,15,18,489.0
20260530,4159710200,반송동,4159710200,반송동,09,30,34,508.0
20260530,4159710200,반송동,4159710200,반송동,09,45,25,318.0
20260530,4159710200,반송동,4159710200,반송동,10,00,18,786.0
20260530,4159710200,반송동,4159710200,반송동,10,15,27,425.0
20260530,4159710200,반송동,4159710200,반송동,10,30,24,467.0
20260530,4159710200,반송동,4159710200,반송동,10,45,18,311.0
20260530,4159710200,반송동,4159710200,반송동,11,00,30,307.0
20260530,4159710200,반송동,4159710200,반송동,11,15,21,577.0
20260530,4159710200,반송동,4159710200,반송동,11,30,20,377.0
20260530,4159710200,반송동,4159710200,반송동,11,45,22,313.0
20260530,4159710200,반송동,4159710200,반송동,12,00,37,352.0
20260530,4159710200,반송동,4159710200,반송동,12,15,32,560.0
20260530,4159710200,반송동,4159710200,반송동,12,30,25,678.0
20260530,4159710200,반송동,4159710200,반송동,12,45,35,448.0
20260530,4159710200,반송동,4159710200,반송동,13,00,44,330.0
20260530,4159710200,반송동,4159710200,반송동,13,15,34,430.0
20260530,4159710200,반송동,4159710200,반송동,13,30,37,382.0
20260530,4159710200,반송동,4159710200,반송동,13,45,36,553.0
20260530,4159710200,반송동,4159710200,반송동,14,00,25,392.0
20260530,4159710200,반송동,4159710200,반송동,14,15,35,375.0
20260530,4159710200,반송동,4159710200,반송동,14,30,42,372.0
20260530,4159710200,반송동,4159710200,반송동,14,45,26,503.0
20260530,4159710200,반송동,4159710200,반송동,15,00,32,356.0
20260530,4159710200,반송동,4159710200,반송동,15,15,36,603.0
20260530,4159710200,반송동,4159710200,반송동,15,30,32,305.0
20260530,4159710200,반송동,4159710200,반송동,15,45,33,337.0
20260530,4159710200,반송동,4159710200,반송동,16,00,32,375.0
20260530,4159710200,반송동,4159710200,반송동,16,15,23,412.0
20260530,4159710200,반송동,4159710200,반송동,16,30,32,495.0
20260530,4159710200,반송동,4159710200,반송동,16,45,19,332.0
20260530,4159710200,반송동,4159710200,반송동,17,00,37,402.0
20260530,4159710200,반송동,4159710200,반송동,17,15,27,526.0
20260530,4159710200,반송동,4159710200,반송동,17,30,37,581.0
20260530,4159710200,반송동,4159710200,반송동,17,45,37,317.0
20260530,4159710200,반송동,4159710200,반송동,18,00,41,455.0
20260530,4159710200,반송동,4159710200,반송동,18,15,22,435.0
20260530,4159710200,반송동,4159710200,반송동,18,30,46,355.0
20260530,4159710200,반송동,4159710200,반송동,18,45,29,370.0
20260530,4159710200,반송동,4159710200,반송동,19,00,27,323.0
20260530,4159710200,반송동,4159710200,반송동,19,15,20,712.0
20260530,4159710200,반송동,4159710200,반송동,19,30,26,345.0
20260530,4159710200,반송동,4159710200,반송동,19,45,18,655.0
20260530,4159710200,반송동,4159710200,반송동,20,00,14,509.0
20260530,4159710200,반송동,4159710200,반송동,20,15,8,378.0
20260530,4159710200,반송동,4159710200,반송동,20,30,10,434.0
20260530,4159710200,반송동,4159710200,반송동,20,45,18,425.0
20260530,4159710200,반송동,4159710200,반송동,21,00,12,331.0
20260530,4159710200,반송동,4159710200,반송동,21,15,26,628.0
20260530,4159710200,반송동,4159710200,반송동,21,30,14,350.0
20260530,4159710200,반송동,4159710200,반송동,21,45,19,272.0
20260530,4159710200,반송동,4159710200,반송동,22,00,11,840.0
20260530,4159710200,반송동,4159710200,반송동,22,15,6,500.0
20260530,4159710200,반송동,4159710200,반송동,22,30,14,358.0
20260530,4159710200,반송동,4159710200,반송동,22,45,6,288.0
20260530,4159710200,반송동,4159710200,반송동,23,00,10,233.0
20260530,4159710200,반송동,4159710200,반송동,23,15,5,299.0
20260530,4159710200,반송동,4159710200,반송동,23,30,7,349.0
20260530,4159710200,반송동,4159710200,반송동,23,45,2,252.0
20260530,4159710200,반송동,4159125621,남양읍,11,15,1,4853.0
20260530,4159710200,반송동,4159125621,남양읍,15,45,1,5132.0
20260530,4159710200,반송동,4159510200,병점동,01,15,1,553.0
20260530,4159710200,반송동,4159510200,병점동,05,30,1,577.0
20260530,4159710200,반송동,4159510200,병점동,05,45,5,1165.0
20260530,4159710200,반송동,4159510200,병점동,06,00,6,931.0
20260530,4159710200,반송동,4159510200,병점동,06,15,2,963.0
20260530,4159710200,반송동,4159510200,병점동,06,30,5,1371.0
20260530,4159710200,반송동,4159510200,병점동,06,45,7,670.0
20260530,4159710200,반송동,4159510200,병점동,07,00,2,762.0
20260530,4159710200,반송동,4159510200,병점동,07,15,2,1930.0
20260530,4159710200,반송동,4159510200,병점동,07,45,2,903.0
20260530,4159710200,반송동,4159510200,병점동,08,00,8,897.0
20260530,4159710200,반송동,4159510200,병점동,08,15,16,975.0
20260530,4159710200,반송동,4159510200,병점동,08,30,5,781.0
20260530,4159710200,반송동,4159510200,병점동,08,45,6,850.0
20260530,4159710200,반송동,4159510200,병점동,09,00,15,891.0
20260530,4159710200,반송동,4159510200,병점동,09,15,7,1047.0
20260530,4159710200,반송동,4159510200,병점동,09,30,11,889.0
20260530,4159710200,반송동,4159510200,병점동,09,45,16,1160.0
20260530,4159710200,반송동,4159510200,병점동,10,00,7,879.0
20260530,4159710200,반송동,4159510200,병점동,10,15,6,1032.0
20260530,4159710200,반송동,4159510200,병점동,10,30,13,864.0
20260530,4159710200,반송동,4159510200,병점동,10,45,11,1033.0
20260530,4159710200,반송동,4159510200,병점동,11,00,15,1010.0
20260530,4159710200,반송동,4159510200,병점동,11,15,5,1087.0
20260530,4159710200,반송동,4159510200,병점동,11,30,10,968.0
20260530,4159710200,반송동,4159510200,병점동,11,45,1,716.0
20260530,4159710200,반송동,4159510200,병점동,12,00,18,891.0
20260530,4159710200,반송동,4159510200,병점동,12,15,6,1279.0
20260530,4159710200,반송동,4159510200,병점동,12,30,7,1091.0
20260530,4159710200,반송동,4159510200,병점동,12,45,10,1109.0
20260530,4159710200,반송동,4159510200,병점동,13,00,21,1071.0
20260530,4159710200,반송동,4159510200,병점동,13,15,12,1036.0
20260530,4159710200,반송동,4159510200,병점동,13,30,17,1133.0
20260530,4159710200,반송동,4159510200,병점동,13,45,4,1335.0
20260530,4159710200,반송동,4159510200,병점동,14,00,16,1174.0
20260530,4159710200,반송동,4159510200,병점동,14,15,5,820.0
20260530,4159710200,반송동,4159510200,병점동,14,30,7,1259.0
20260530,4159710200,반송동,4159510200,병점동,14,45,4,940.0
20260530,4159710200,반송동,4159510200,병점동,15,00,7,950.0
20260530,4159710200,반송동,4159510200,병점동,15,15,4,855.0
20260530,4159710200,반송동,4159510200,병점동,15,30,11,1121.0
20260530,4159710200,반송동,4159510200,병점동,15,45,8,825.0
20260530,4159710200,반송동,4159510200,병점동,16,00,14,1249.0
20260530,4159710200,반송동,4159510200,병점동,16,15,10,1103.0
20260530,4159710200,반송동,4159510200,병점동,16,30,14,976.0
20260530,4159710200,반송동,4159510200,병점동,16,45,10,787.0
20260530,4159710200,반송동,4159510200,병점동,17,00,14,970.0
20260530,4159710200,반송동,4159510200,병점동,17,15,16,1151.0
20260530,4159710200,반송동,4159510200,병점동,17,30,11,1037.0
20260530,4159710200,반송동,4159510200,병점동,17,45,11,1000.0
20260530,4159710200,반송동,4159510200,병점동,18,00,5,989.0
20260530,4159710200,반송동,4159510200,병점동,18,15,10,1012.0
20260530,4159710200,반송동,4159510200,병점동,18,30,6,1280.0
20260530,4159710200,반송동,4159510200,병점동,18,45,15,921.0
20260530,4159710200,반송동,4159510200,병점동,19,00,12,881.0
20260530,4159710200,반송동,4159510200,병점동,19,15,8,927.0
20260530,4159710200,반송동,4159510200,병점동,19,30,4,639.0
20260530,4159710200,반송동,4159510200,병점동,19,45,7,824.0
20260530,4159710200,반송동,4159510200,병점동,20,00,5,1263.0
20260530,4159710200,반송동,4159510200,병점동,20,15,9,878.0
20260530,4159710200,반송동,4159510200,병점동,20,30,10,886.0
20260530,4159710200,반송동,4159510200,병점동,20,45,11,1007.0
20260530,4159710200,반송동,4159510200,병점동,21,00,12,822.0
20260530,4159710200,반송동,4159510200,병점동,21,15,25,974.0
20260530,4159710200,반송동,4159510200,병점동,21,30,8,1215.0
20260530,4159710200,반송동,4159510200,병점동,21,45,13,686.0
20260530,4159710200,반송동,4159510200,병점동,22,00,15,1109.0
20260530,4159710200,반송동,4159510200,병점동,22,15,7,819.0
20260530,4159710200,반송동,4159510200,병점동,22,30,6,699.0
20260530,4159710200,반송동,4159510200,병점동,22,45,10,986.0
20260530,4159710200,반송동,4159510200,병점동,23,00,5,953.0
20260530,4159710200,반송동,4159510200,병점동,23,15,14,660.0
20260530,4159710200,반송동,4159510200,병점동,23,30,1,562.0
20260530,4159710200,반송동,4159510200,병점동,23,45,2,1065.0
20260530,4159710200,반송동,4159510300,능동,00,15,10,442.0
20260530,4159710200,반송동,4159510300,능동,00,30,6,385.0
20260530,4159710200,반송동,4159510300,능동,01,30,2,271.0
20260530,4159710200,반송동,4159510300,능동,04,45,1,362.0
20260530,4159710200,반송동,4159510300,능동,05,45,2,439.0
20260530,4159710200,반송동,4159510300,능동,06,00,1,210.0
20260530,4159710200,반송동,4159510300,능동,06,15,1,621.0
20260530,4159710200,반송동,4159510300,능동,06,45,2,460.0
20260530,4159710200,반송동,4159510300,능동,07,00,2,801.0
20260530,4159710200,반송동,4159510300,능동,07,15,5,443.0
20260530,4159710200,반송동,4159510300,능동,07,30,2,678.0
20260530,4159710200,반송동,4159510300,능동,07,45,3,246.0
20260530,4159710200,반송동,4159510300,능동,08,00,6,398.0
20260530,4159710200,반송동,4159510300,능동,08,15,2,710.0
20260530,4159710200,반송동,4159510300,능동,08,30,6,456.0
20260530,4159710200,반송동,4159510300,능동,08,45,4,505.0
20260530,4159710200,반송동,4159510300,능동,09,00,2,474.0
20260530,4159710200,반송동,4159510300,능동,09,15,6,568.0
20260530,4159710200,반송동,4159510300,능동,09,30,11,610.0
20260530,4159710200,반송동,4159510300,능동,09,45,5,608.0
20260530,4159710200,반송동,4159510300,능동,10,00,7,518.0
20260530,4159710200,반송동,4159510300,능동,10,15,4,560.0
20260530,4159710200,반송동,4159510300,능동,10,30,12,428.0
20260530,4159710200,반송동,4159510300,능동,10,45,12,711.0
20260530,4159710200,반송동,4159510300,능동,11,00,16,579.0
20260530,4159710200,반송동,4159510300,능동,11,15,11,469.0
20260530,4159710200,반송동,4159510300,능동,11,30,15,568.0
20260530,4159710200,반송동,4159510300,능동,11,45,10,480.0
20260530,4159710200,반송동,4159510300,능동,12,00,17,675.0
20260530,4159710200,반송동,4159510300,능동,12,15,23,526.0
20260530,4159710200,반송동,4159510300,능동,12,30,12,593.0
20260530,4159710200,반송동,4159510300,능동,12,45,17,661.0
20260530,4159710200,반송동,4159510300,능동,13,00,18,682.0
20260530,4159710200,반송동,4159510300,능동,13,15,19,576.0
20260530,4159710200,반송동,4159510300,능동,13,30,12,637.0
20260530,4159710200,반송동,4159510300,능동,13,45,20,579.0
20260530,4159710200,반송동,4159510300,능동,14,00,22,605.0
20260530,4159710200,반송동,4159510300,능동,14,15,8,614.0
20260530,4159710200,반송동,4159510300,능동,14,30,13,636.0
20260530,4159710200,반송동,4159510300,능동,14,45,14,566.0
20260530,4159710200,반송동,4159510300,능동,15,00,20,551.0
20260530,4159710200,반송동,4159510300,능동,15,15,14,553.0
20260530,4159710200,반송동,4159510300,능동,15,30,26,531.0
20260530,4159710200,반송동,4159510300,능동,15,45,5,448.0
20260530,4159710200,반송동,4159510300,능동,16,00,35,632.0
20260530,4159710200,반송동,4159510300,능동,16,15,21,599.0
20260530,4159710200,반송동,4159510300,능동,16,30,1,706.0
20260530,4159710200,반송동,4159510300,능동,16,45,24,475.0
20260530,4159710200,반송동,4159510300,능동,17,00,18,655.0
20260530,4159710200,반송동,4159510300,능동,17,15,31,583.0
20260530,4159710200,반송동,4159510300,능동,17,30,12,471.0
20260530,4159710200,반송동,4159510300,능동,17,45,28,565.0
20260530,4159710200,반송동,4159510300,능동,18,00,31,660.0
20260530,4159710200,반송동,4159510300,능동,18,15,19,558.0
20260530,4159710200,반송동,4159510300,능동,18,30,10,398.0
20260530,4159710200,반송동,4159510300,능동,18,45,20,498.0
20260530,4159710200,반송동,4159510300,능동,19,00,27,511.0
20260530,4159710200,반송동,4159510300,능동,19,15,20,658.0
20260530,4159710200,반송동,4159510300,능동,19,30,6,389.0
20260530,4159710200,반송동,4159510300,능동,19,45,14,583.0
20260530,4159710200,반송동,4159510300,능동,20,00,10,524.0
20260530,4159710200,반송동,4159510300,능동,20,15,15,523.0
20260530,4159710200,반송동,4159510300,능동,20,30,14,458.0
20260530,4159710200,반송동,4159510300,능동,20,45,24,590.0
20260530,4159710200,반송동,4159510300,능동,21,00,25,582.0
20260530,4159710200,반송동,4159510300,능동,21,15,17,658.0
20260530,4159710200,반송동,4159510300,능동,21,30,17,435.0
20260530,4159710200,반송동,4159510300,능동,21,45,24,635.0
20260530,4159710200,반송동,4159510300,능동,22,00,23,556.0
20260530,4159710200,반송동,4159510300,능동,22,15,17,466.0
20260530,4159710200,반송동,4159510300,능동,22,30,8,463.0
20260530,4159710200,반송동,4159510300,능동,22,45,15,439.0
20260530,4159710200,반송동,4159510300,능동,23,00,3,487.0
20260530,4159710200,반송동,4159510300,능동,23,15,17,380.0
20260530,4159710200,반송동,4159510300,능동,23,30,5,518.0
20260530,4159710200,반송동,4159510300,능동,23,45,1,543.0
20260530,4159710200,반송동,4159510900,안녕동,05,45,1,1393.0
20260530,4159710200,반송동,4159510900,안녕동,07,15,1,1516.0
20260530,4159710200,반송동,4159510900,안녕동,07,45,1,2242.0
20260530,4159710200,반송동,4159510900,안녕동,09,45,1,1853.0
20260530,4159710200,반송동,4159510900,안녕동,10,15,1,2603.0
20260530,4159710200,반송동,4159510900,안녕동,10,30,5,1498.0
20260530,4159710200,반송동,4159510900,안녕동,10,45,3,2465.0
20260530,4159710200,반송동,4159510900,안녕동,11,00,2,1895.0
20260530,4159710200,반송동,4159510900,안녕동,11,30,1,1785.0
20260530,4159710200,반송동,4159510900,안녕동,11,45,1,2244.0
20260530,4159710200,반송동,4159510900,안녕동,12,00,1,1522.0
20260530,4159710200,반송동,4159510900,안녕동,12,15,1,1880.0
20260530,4159710200,반송동,4159510900,안녕동,12,30,2,2335.0
20260530,4159710200,반송동,4159510900,안녕동,12,45,1,1109.0
20260530,4159710200,반송동,4159510900,안녕동,13,00,1,1573.0
20260530,4159710200,반송동,4159510900,안녕동,13,30,1,1906.0
20260530,4159710200,반송동,4159510900,안녕동,14,15,1,1853.0
20260530,4159710200,반송동,4159510900,안녕동,15,30,2,2203.0
20260530,4159710200,반송동,4159510900,안녕동,16,00,1,2061.0
20260530,4159710200,반송동,4159510900,안녕동,16,15,1,1858.0
20260530,4159710200,반송동,4159510900,안녕동,17,00,2,1609.0
20260530,4159710200,반송동,4159510900,안녕동,17,45,2,1912.0
20260530,4159710200,반송동,4159510900,안녕동,18,30,3,2069.0
20260530,4159710200,반송동,4159510900,안녕동,18,45,1,1859.0
20260530,4159710200,반송동,4159510900,안녕동,19,00,2,2227.0
20260530,4159710200,반송동,4159510900,안녕동,19,15,2,1263.0
20260530,4159710200,반송동,4159510900,안녕동,19,45,1,1650.0
20260530,4159710200,반송동,4159510900,안녕동,20,15,1,2094.0
20260530,4159710200,반송동,4159510900,안녕동,20,30,2,1665.0
20260530,4159710200,반송동,4159510900,안녕동,20,45,2,1668.0
20260530,4159710200,반송동,4159510900,안녕동,21,00,3,1373.0
20260530,4159710200,반송동,4159510900,안녕동,21,30,2,1317.0
20260530,4159710200,반송동,4159510900,안녕동,21,45,1,2295.0
20260530,4159710200,반송동,4159510900,안녕동,22,15,3,1274.0
20260530,4159710200,반송동,4159510900,안녕동,22,30,2,1233.0
20260530,4159710200,반송동,4159510900,안녕동,23,15,1,1038.0
20260530,4159710200,반송동,4159510900,안녕동,23,45,2,1591.0
20260530,4159710200,반송동,4159711100,장지동,00,00,2,2408.0
20260530,4159710200,반송동,4159711100,장지동,00,15,3,1815.0
20260530,4159710200,반송동,4159711100,장지동,05,15,1,2150.0
20260530,4159710200,반송동,4159711100,장지동,06,30,1,1604.0
20260530,4159710200,반송동,4159711100,장지동,06,45,1,2616.0
20260530,4159710200,반송동,4159711100,장지동,07,00,1,1688.0
20260530,4159710200,반송동,4159711100,장지동,09,00,1,960.0
20260530,4159710200,반송동,4159711100,장지동,10,15,1,2251.0
20260530,4159710200,반송동,4159711100,장지동,10,45,2,2159.0
20260530,4159710200,반송동,4159711100,장지동,11,15,1,2726.0
20260530,4159710200,반송동,4159711100,장지동,11,30,1,2022.0
20260530,4159710200,반송동,4159711100,장지동,11,45,1,1403.0
20260530,4159710200,반송동,4159711100,장지동,12,15,1,1073.0
20260530,4159710200,반송동,4159711100,장지동,13,15,1,3305.0
20260530,4159710200,반송동,4159711100,장지동,13,30,1,2554.0
20260530,4159710200,반송동,4159711100,장지동,14,00,2,2484.0
20260530,4159710200,반송동,4159711100,장지동,14,15,3,2564.0
20260530,4159710200,반송동,4159711100,장지동,15,15,1,1540.0
20260530,4159710200,반송동,4159711100,장지동,15,30,1,2319.0
20260530,4159710200,반송동,4159711100,장지동,17,00,6,2909.0
20260530,4159710200,반송동,4159711100,장지동,17,15,1,2228.0
20260530,4159710200,반송동,4159711100,장지동,17,30,2,2664.0
20260530,4159710200,반송동,4159711100,장지동,18,00,1,1965.0
20260530,4159710200,반송동,4159711100,장지동,18,30,2,1621.0
20260530,4159710200,반송동,4159711100,장지동,19,00,3,2333.0
20260530,4159710200,반송동,4159711100,장지동,19,15,2,2513.0
20260530,4159710200,반송동,4159711100,장지동,20,15,1,1551.0
20260530,4159710200,반송동,4159711100,장지동,21,00,1,2755.0
20260530,4159710200,반송동,4159711100,장지동,21,15,3,2354.0
20260530,4159710200,반송동,4159711100,장지동,21,45,1,2720.0
20260530,4159710200,반송동,4159711100,장지동,22,00,2,1960.0
20260530,4159710200,반송동,4159711100,장지동,23,00,3,1982.0
20260530,4159710200,반송동,4159711100,장지동,23,15,2,1200.0
20260530,4159710200,반송동,4159711500,여울동,00,00,5,820.0
20260530,4159710200,반송동,4159711500,여울동,00,15,1,751.0
20260530,4159710200,반송동,4159711500,여울동,00,30,2,401.0
20260530,4159710200,반송동,4159711500,여울동,01,00,2,620.0
20260530,4159710200,반송동,4159711500,여울동,02,00,1,692.0
20260530,4159710200,반송동,4159711500,여울동,02,15,1,286.0
20260530,4159710200,반송동,4159711500,여울동,05,00,1,435.0
20260530,4159710200,반송동,4159711500,여울동,05,30,2,907.0
20260530,4159710200,반송동,4159711500,여울동,05,45,5,1022.0
20260530,4159710200,반송동,4159711500,여울동,06,00,5,776.0
20260530,4159710200,반송동,4159711500,여울동,06,15,3,962.0
20260530,4159710200,반송동,4159711500,여울동,06,30,2,1187.0
20260530,4159710200,반송동,4159711500,여울동,06,45,1,1471.0
20260530,4159710200,반송동,4159711500,여울동,07,00,4,919.0
20260530,4159710200,반송동,4159711500,여울동,07,15,7,799.0
20260530,4159710200,반송동,4159711500,여울동,07,30,10,740.0
20260530,4159710200,반송동,4159711500,여울동,07,45,4,733.0
20260530,4159710200,반송동,4159711500,여울동,08,00,5,825.0
20260530,4159710200,반송동,4159711500,여울동,08,15,8,813.0
20260530,4159710200,반송동,4159711500,여울동,08,30,15,1068.0
20260530,4159710200,반송동,4159711500,여울동,08,45,15,963.0
20260530,4159710200,반송동,4159711500,여울동,09,00,9,768.0
20260530,4159710200,반송동,4159711500,여울동,09,15,6,980.0
20260530,4159710200,반송동,4159711500,여울동,09,30,11,1052.0
20260530,4159710200,반송동,4159711500,여울동,09,45,18,1015.0
20260530,4159710200,반송동,4159711500,여울동,10,00,11,1077.0
20260530,4159710200,반송동,4159711500,여울동,10,15,9,936.0
20260530,4159710200,반송동,4159711500,여울동,10,30,5,1125.0
20260530,4159710200,반송동,4159711500,여울동,10,45,12,797.0
20260530,4159710200,반송동,4159711500,여울동,11,00,17,1022.0
20260530,4159710200,반송동,4159711500,여울동,11,15,11,1424.0
20260530,4159710200,반송동,4159711500,여울동,11,30,19,973.0
20260530,4159710200,반송동,4159711500,여울동,11,45,8,1058.0
20260530,4159710200,반송동,4159711500,여울동,12,00,23,871.0
20260530,4159710200,반송동,4159711500,여울동,12,15,24,856.0
20260530,4159710200,반송동,4159711500,여울동,12,30,6,1285.0
20260530,4159710200,반송동,4159711500,여울동,12,45,20,967.0
20260530,4159710200,반송동,4159711500,여울동,13,00,14,1044.0
20260530,4159710200,반송동,4159711500,여울동,13,15,8,1088.0
20260530,4159710200,반송동,4159711500,여울동,13,30,23,843.0
20260530,4159710200,반송동,4159711500,여울동,13,45,19,901.0
20260530,4159710200,반송동,4159711500,여울동,14,00,12,757.0
20260530,4159710200,반송동,4159711500,여울동,14,15,11,1208.0
20260530,4159710200,반송동,4159711500,여울동,14,30,28,920.0
20260530,4159710200,반송동,4159711500,여울동,14,45,14,1156.0
20260530,4159710200,반송동,4159711500,여울동,15,00,5,992.0
20260530,4159710200,반송동,4159711500,여울동,15,15,14,709.0
20260530,4159710200,반송동,4159711500,여울동,15,30,15,650.0
20260530,4159710200,반송동,4159711500,여울동,15,45,13,1009.0
20260530,4159710200,반송동,4159711500,여울동,16,00,22,740.0
20260530,4159710200,반송동,4159711500,여울동,16,15,22,837.0
20260530,4159710200,반송동,4159711500,여울동,16,30,29,859.0
20260530,4159710200,반송동,4159711500,여울동,16,45,13,1086.0
20260530,4159710200,반송동,4159711500,여울동,17,00,29,918.0
20260530,4159710200,반송동,4159711500,여울동,17,15,11,995.0
20260530,4159710200,반송동,4159711500,여울동,17,30,23,939.0
20260530,4159710200,반송동,4159711500,여울동,17,45,25,917.0
20260530,4159710200,반송동,4159711500,여울동,18,00,18,930.0
20260530,4159710200,반송동,4159711500,여울동,18,15,28,572.0
20260530,4159710200,반송동,4159711500,여울동,18,30,20,900.0
20260530,4159710200,반송동,4159711500,여울동,18,45,11,959.0
20260530,4159710200,반송동,4159711500,여울동,19,00,10,804.0
20260530,4159710200,반송동,4159711500,여울동,19,15,10,800.0
20260530,4159710200,반송동,4159711500,여울동,19,30,12,911.0
20260530,4159710200,반송동,4159711500,여울동,19,45,11,951.0
20260530,4159710200,반송동,4159711500,여울동,20,00,8,759.0
20260530,4159710200,반송동,4159711500,여울동,20,15,12,656.0
20260530,4159710200,반송동,4159711500,여울동,20,30,13,657.0
20260530,4159710200,반송동,4159711500,여울동,20,45,9,968.0
20260530,4159710200,반송동,4159711500,여울동,21,00,6,766.0
20260530,4159710200,반송동,4159711500,여울동,21,15,13,770.0
20260530,4159710200,반송동,4159711500,여울동,21,30,13,830.0
20260530,4159710200,반송동,4159711500,여울동,21,45,7,1186.0
20260530,4159710200,반송동,4159711500,여울동,22,00,25,738.0
20260530,4159710200,반송동,4159711500,여울동,22,15,2,530.0
20260530,4159710200,반송동,4159711500,여울동,22,30,11,800.0
20260530,4159710200,반송동,4159711500,여울동,22,45,8,670.0
20260530,4159710200,반송동,4159711500,여울동,23,00,4,764.0
20260530,4159710200,반송동,4159711500,여울동,23,15,5,618.0
20260530,4159710200,반송동,4159711500,여울동,23,30,4,782.0
20260530,4159710200,반송동,4159711500,여울동,23,45,1,2041.0
20260530,4159710200,반송동,4159125326,향남읍,08,30,1,3691.0
20260530,4159710200,반송동,4159125326,향남읍,13,45,2,5148.0
20260530,4159710200,반송동,4159125326,향남읍,14,15,1,4805.0
20260530,4159710200,반송동,4159125326,향남읍,16,45,2,4898.0
20260530,4159710200,반송동,4159125326,향남읍,18,30,2,4705.0
20260530,4159710200,반송동,4159125326,향남읍,21,45,1,4734.0
20260530,4159710200,반송동,4159125339,향남읍,06,30,1,3581.0
20260530,4159710200,반송동,4159125339,향남읍,08,30,1,3157.0
20260530,4159710200,반송동,4159125339,향남읍,08,45,1,4462.0
20260530,4159710200,반송동,4159125339,향남읍,12,15,2,3032.0
20260530,4159710200,반송동,4159125339,향남읍,20,00,1,5838.0
20260530,4159125621,남양읍,4159710200,반송동,07,00,1,3954.0
20260530,4159125621,남양읍,4159710200,반송동,08,30,1,5784.0
20260530,4159125621,남양읍,4159710200,반송동,12,30,1,5398.0
20260530,4159125621,남양읍,4159710200,반송동,14,00,1,3580.0
20260530,4159125621,남양읍,4159710200,반송동,20,45,1,5602.0
20260530,4159125621,남양읍,4159125621,남양읍,00,15,1,118.0
20260530,4159125621,남양읍,4159125621,남양읍,00,30,1,291.0
20260530,4159125621,남양읍,4159125621,남양읍,00,45,1,616.0
20260530,4159125621,남양읍,4159125621,남양읍,05,15,3,331.0
20260530,4159125621,남양읍,4159125621,남양읍,05,30,4,450.0
20260530,4159125621,남양읍,4159125621,남양읍,05,45,3,257.0
20260530,4159125621,남양읍,4159125621,남양읍,06,00,2,1500.0
20260530,4159125621,남양읍,4159125621,남양읍,06,15,5,565.0
20260530,4159125621,남양읍,4159125621,남양읍,06,30,8,573.0
20260530,4159125621,남양읍,4159125621,남양읍,06,45,7,217.0
20260530,4159125621,남양읍,4159125621,남양읍,07,00,12,584.0
20260530,4159125621,남양읍,4159125621,남양읍,07,15,10,420.0
20260530,4159125621,남양읍,4159125621,남양읍,07,30,18,497.0
20260530,4159125621,남양읍,4159125621,남양읍,07,45,8,478.0
20260530,4159125621,남양읍,4159125621,남양읍,08,00,18,506.0
20260530,4159125621,남양읍,4159125621,남양읍,08,15,27,521.0
20260530,4159125621,남양읍,4159125621,남양읍,08,30,19,625.0
20260530,4159125621,남양읍,4159125621,남양읍,08,45,25,370.0
20260530,4159125621,남양읍,4159125621,남양읍,09,00,28,359.0
20260530,4159125621,남양읍,4159125621,남양읍,09,15,24,343.0
20260530,4159125621,남양읍,4159125621,남양읍,09,30,20,489.0
20260530,4159125621,남양읍,4159125621,남양읍,09,45,27,373.0
20260530,4159125621,남양읍,4159125621,남양읍,10,00,27,520.0
20260530,4159125621,남양읍,4159125621,남양읍,10,15,31,528.0
20260530,4159125621,남양읍,4159125621,남양읍,10,30,33,375.0
20260530,4159125621,남양읍,4159125621,남양읍,10,45,30,397.0
20260530,4159125621,남양읍,4159125621,남양읍,11,00,27,760.0
20260530,4159125621,남양읍,4159125621,남양읍,11,15,44,405.0
20260530,4159125621,남양읍,4159125621,남양읍,11,30,25,405.0
20260530,4159125621,남양읍,4159125621,남양읍,11,45,44,409.0
20260530,4159125621,남양읍,4159125621,남양읍,12,00,43,320.0
20260530,4159125621,남양읍,4159125621,남양읍,12,15,39,496.0
20260530,4159125621,남양읍,4159125621,남양읍,12,30,27,331.0
20260530,4159125621,남양읍,4159125621,남양읍,12,45,22,462.0
20260530,4159125621,남양읍,4159125621,남양읍,13,00,51,343.0
20260530,4159125621,남양읍,4159125621,남양읍,13,15,41,559.0
20260530,4159125621,남양읍,4159125621,남양읍,13,30,43,402.0
20260530,4159125621,남양읍,4159125621,남양읍,13,45,27,484.0
20260530,4159125621,남양읍,4159125621,남양읍,14,00,36,503.0
20260530,4159125621,남양읍,4159125621,남양읍,14,15,33,454.0
20260530,4159125621,남양읍,4159125621,남양읍,14,30,30,426.0
20260530,4159125621,남양읍,4159125621,남양읍,14,45,29,335.0
20260530,4159125621,남양읍,4159125621,남양읍,15,00,31,477.0
20260530,4159125621,남양읍,4159125621,남양읍,15,15,31,497.0
20260530,4159125621,남양읍,4159125621,남양읍,15,30,33,623.0
20260530,4159125621,남양읍,4159125621,남양읍,15,45,21,412.0
20260530,4159125621,남양읍,4159125621,남양읍,16,00,30,407.0
20260530,4159125621,남양읍,4159125621,남양읍,16,15,34,397.0
20260530,4159125621,남양읍,4159125621,남양읍,16,30,30,531.0
20260530,4159125621,남양읍,4159125621,남양읍,16,45,21,614.0
20260530,4159125621,남양읍,4159125621,남양읍,17,00,33,409.0
20260530,4159125621,남양읍,4159125621,남양읍,17,15,24,355.0
20260530,4159125621,남양읍,4159125621,남양읍,17,30,39,480.0
20260530,4159125621,남양읍,4159125621,남양읍,17,45,35,539.0
20260530,4159125621,남양읍,4159125621,남양읍,18,00,28,438.0
20260530,4159125621,남양읍,4159125621,남양읍,18,15,31,456.0
20260530,4159125621,남양읍,4159125621,남양읍,18,30,21,854.0
20260530,4159125621,남양읍,4159125621,남양읍,18,45,31,488.0
20260530,4159125621,남양읍,4159125621,남양읍,19,00,25,353.0
20260530,4159125621,남양읍,4159125621,남양읍,19,15,34,390.0
20260530,4159125621,남양읍,4159125621,남양읍,19,30,16,326.0
20260530,4159125621,남양읍,4159125621,남양읍,19,45,25,446.0
20260530,4159125621,남양읍,4159125621,남양읍,20,00,12,453.0
20260530,4159125621,남양읍,4159125621,남양읍,20,15,27,582.0
20260530,4159125621,남양읍,4159125621,남양읍,20,30,17,402.0
20260530,4159125621,남양읍,4159125621,남양읍,20,45,14,333.0
20260530,4159125621,남양읍,4159125621,남양읍,21,00,6,244.0
20260530,4159125621,남양읍,4159125621,남양읍,21,15,9,434.0
20260530,4159125621,남양읍,4159125621,남양읍,21,30,24,343.0
20260530,4159125621,남양읍,4159125621,남양읍,21,45,11,312.0
20260530,4159125621,남양읍,4159125621,남양읍,22,00,20,284.0
20260530,4159125621,남양읍,4159125621,남양읍,22,15,8,490.0
20260530,4159125621,남양읍,4159125621,남양읍,22,30,10,255.0
20260530,4159125621,남양읍,4159125621,남양읍,22,45,7,219.0
20260530,4159125621,남양읍,4159125621,남양읍,23,00,7,287.0
20260530,4159125621,남양읍,4159125621,남양읍,23,15,3,363.0
20260530,4159125621,남양읍,4159125621,남양읍,23,30,5,413.0
20260530,4159125621,남양읍,4159125621,남양읍,23,45,8,339.0
20260530,4159125621,남양읍,4159510200,병점동,18,30,1,5819.0
20260530,4159125621,남양읍,4159510900,안녕동,16,30,2,4616.0
20260530,4159125621,남양읍,4159510900,안녕동,17,30,1,3142.0
20260530,4159125621,남양읍,4159510900,안녕동,20,00,1,2648.0
20260530,4159125621,남양읍,4159711500,여울동,15,30,1,5437.0
20260530,4159125621,남양읍,4159711500,여울동,16,15,1,4915.0
20260530,4159125621,남양읍,4159125326,향남읍,07,15,1,3488.0
20260530,4159125621,남양읍,4159125326,향남읍,07,45,1,3830.0
20260530,4159125621,남양읍,4159125326,향남읍,10,00,1,3426.0
20260530,4159125621,남양읍,4159125326,향남읍,13,15,3,3322.0
20260530,4159125621,남양읍,4159125326,향남읍,19,15,1,1448.0
20260530,4159125621,남양읍,4159125339,향남읍,09,30,1,2548.0
20260530,4159125621,남양읍,4159125339,향남읍,11,30,3,3187.0
20260530,4159125621,남양읍,4159125339,향남읍,12,30,2,2344.0
20260530,4159125621,남양읍,4159125339,향남읍,13,45,1,2563.0
20260530,4159125621,남양읍,4159125339,향남읍,14,15,1,2402.0
20260530,4159125621,남양읍,4159125339,향남읍,16,00,1,3317.0
20260530,4159125621,남양읍,4159125339,향남읍,17,00,1,3151.0
20260530,4159125621,남양읍,4159125339,향남읍,17,45,1,3277.0
20260530,4159125621,남양읍,4159125339,향남읍,20,30,1,2815.0
20260530,4159125621,남양읍,4159125339,향남읍,20,45,1,2338.0
20260530,4159125621,남양읍,4159125339,향남읍,21,00,1,2250.0
20260530,4159510200,병점동,4159710600,영천동,00,00,1,1365.0
20260530,4159510200,병점동,4159710600,영천동,00,45,1,1506.0
20260530,4159510200,병점동,4159710600,영천동,02,15,1,1242.0
20260530,4159510200,병점동,4159710600,영천동,05,45,1,1671.0
20260530,4159510200,병점동,4159710600,영천동,06,00,2,2545.0
20260530,4159510200,병점동,4159710600,영천동,06,15,5,2112.0
20260530,4159510200,병점동,4159710600,영천동,06,30,6,1559.0
20260530,4159510200,병점동,4159710600,영천동,06,45,3,1819.0
20260530,4159510200,병점동,4159710600,영천동,07,00,3,2187.0
20260530,4159510200,병점동,4159710600,영천동,07,15,3,1920.0
20260530,4159510200,병점동,4159710600,영천동,07,30,4,1592.0
20260530,4159510200,병점동,4159710600,영천동,07,45,2,2657.0
20260530,4159510200,병점동,4159710600,영천동,08,00,3,1785.0
20260530,4159510200,병점동,4159710600,영천동,08,15,2,2490.0
20260530,4159510200,병점동,4159710600,영천동,08,30,7,1631.0
20260530,4159510200,병점동,4159710600,영천동,08,45,4,2123.0
20260530,4159510200,병점동,4159710600,영천동,09,00,1,2870.0
20260530,4159510200,병점동,4159710600,영천동,09,15,1,1623.0
20260530,4159510200,병점동,4159710600,영천동,09,30,4,2180.0
20260530,4159510200,병점동,4159710600,영천동,09,45,1,1727.0
20260530,4159510200,병점동,4159710600,영천동,10,00,8,2147.0
20260530,4159510200,병점동,4159710600,영천동,10,15,2,1782.0
20260530,4159510200,병점동,4159710600,영천동,10,30,2,1533.0
20260530,4159510200,병점동,4159710600,영천동,10,45,7,2620.0
20260530,4159510200,병점동,4159710600,영천동,11,00,1,1481.0
20260530,4159510200,병점동,4159710600,영천동,11,15,3,1755.0
20260530,4159510200,병점동,4159710600,영천동,11,30,1,2052.0
20260530,4159510200,병점동,4159710600,영천동,11,45,1,1620.0
20260530,4159510200,병점동,4159710600,영천동,12,00,1,2220.0
20260530,4159510200,병점동,4159710600,영천동,12,15,3,1548.0
20260530,4159510200,병점동,4159710600,영천동,12,30,1,3022.0
20260530,4159510200,병점동,4159710600,영천동,12,45,1,2070.0
20260530,4159510200,병점동,4159710600,영천동,13,00,2,1846.0
20260530,4159510200,병점동,4159710600,영천동,13,15,4,2240.0
20260530,4159510200,병점동,4159710600,영천동,13,30,2,2071.0
20260530,4159510200,병점동,4159710600,영천동,13,45,2,2830.0
20260530,4159510200,병점동,4159710600,영천동,14,15,6,2558.0
20260530,4159510200,병점동,4159710600,영천동,14,30,3,2725.0
20260530,4159510200,병점동,4159710600,영천동,14,45,4,2099.0
20260530,4159510200,병점동,4159710600,영천동,15,00,2,2326.0
20260530,4159510200,병점동,4159710600,영천동,15,15,4,2857.0
20260530,4159510200,병점동,4159710600,영천동,15,30,6,2675.0
20260530,4159510200,병점동,4159710600,영천동,16,00,6,3034.0
20260530,4159510200,병점동,4159710600,영천동,16,30,2,2014.0
20260530,4159510200,병점동,4159710600,영천동,16,45,4,3047.0
20260530,4159510200,병점동,4159710600,영천동,17,00,5,2253.0
20260530,4159510200,병점동,4159710600,영천동,17,15,5,2868.0
20260530,4159510200,병점동,4159710600,영천동,17,45,7,2566.0
20260530,4159510200,병점동,4159710600,영천동,18,00,5,2326.0
20260530,4159510200,병점동,4159710600,영천동,18,15,3,2497.0
20260530,4159510200,병점동,4159710600,영천동,18,30,2,2178.0
20260530,4159510200,병점동,4159710600,영천동,18,45,6,2488.0
20260530,4159510200,병점동,4159710600,영천동,19,00,2,1664.0
20260530,4159510200,병점동,4159710600,영천동,19,15,3,3048.0
20260530,4159510200,병점동,4159710600,영천동,19,30,4,2508.0
20260530,4159510200,병점동,4159710600,영천동,19,45,3,1943.0
20260530,4159510200,병점동,4159710600,영천동,20,00,3,3275.0
20260530,4159510200,병점동,4159710600,영천동,20,15,10,2544.0
20260530,4159510200,병점동,4159710600,영천동,20,30,2,2373.0
20260530,4159510200,병점동,4159710600,영천동,20,45,1,2317.0
20260530,4159510200,병점동,4159710600,영천동,21,00,2,2154.0
20260530,4159510200,병점동,4159710600,영천동,21,15,1,2554.0
20260530,4159510200,병점동,4159710600,영천동,21,30,2,1661.0
20260530,4159510200,병점동,4159710600,영천동,21,45,2,2588.0
20260530,4159510200,병점동,4159710600,영천동,22,00,1,2195.0
20260530,4159510200,병점동,4159710600,영천동,22,30,1,2870.0
20260530,4159510200,병점동,4159710600,영천동,22,45,5,1967.0
20260530,4159510200,병점동,4159710600,영천동,23,00,1,2488.0
20260530,4159510200,병점동,4159710600,영천동,23,15,1,2298.0
20260530,4159510200,병점동,4159710600,영천동,23,30,1,2550.0
20260530,4159510200,병점동,4159710200,반송동,00,00,1,678.0
20260530,4159510200,병점동,4159710200,반송동,00,15,5,704.0
20260530,4159510200,병점동,4159710200,반송동,00,45,1,500.0
20260530,4159510200,병점동,4159710200,반송동,01,00,2,667.0
20260530,4159510200,병점동,4159710200,반송동,02,00,1,710.0
20260530,4159510200,병점동,4159710200,반송동,02,15,1,494.0
20260530,4159510200,병점동,4159710200,반송동,04,45,1,1281.0
20260530,4159510200,병점동,4159710200,반송동,05,15,2,917.0
20260530,4159510200,병점동,4159710200,반송동,05,45,6,1089.0
20260530,4159510200,병점동,4159710200,반송동,06,00,10,722.0
20260530,4159510200,병점동,4159710200,반송동,06,15,7,823.0
20260530,4159510200,병점동,4159710200,반송동,06,30,7,923.0
20260530,4159510200,병점동,4159710200,반송동,06,45,3,817.0
20260530,4159510200,병점동,4159710200,반송동,07,00,17,1016.0
20260530,4159510200,병점동,4159710200,반송동,07,15,16,919.0
20260530,4159510200,병점동,4159710200,반송동,07,30,13,786.0
20260530,4159510200,병점동,4159710200,반송동,07,45,13,1110.0
20260530,4159510200,병점동,4159710200,반송동,08,00,14,728.0
20260530,4159510200,병점동,4159710200,반송동,08,15,20,1094.0
20260530,4159510200,병점동,4159710200,반송동,08,30,14,1064.0
20260530,4159510200,병점동,4159710200,반송동,08,45,20,934.0
20260530,4159510200,병점동,4159710200,반송동,09,00,21,914.0
20260530,4159510200,병점동,4159710200,반송동,09,15,25,1033.0
20260530,4159510200,병점동,4159710200,반송동,09,30,25,781.0
20260530,4159510200,병점동,4159710200,반송동,09,45,19,1090.0
20260530,4159510200,병점동,4159710200,반송동,10,00,16,1082.0
20260530,4159510200,병점동,4159710200,반송동,10,15,25,1020.0
20260530,4159510200,병점동,4159710200,반송동,10,30,22,927.0
20260530,4159510200,병점동,4159710200,반송동,10,45,15,1152.0
20260530,4159510200,병점동,4159710200,반송동,11,00,5,837.0
20260530,4159510200,병점동,4159710200,반송동,11,15,15,1005.0
20260530,4159510200,병점동,4159710200,반송동,11,30,17,1254.0
20260530,4159510200,병점동,4159710200,반송동,11,45,20,994.0
20260530,4159510200,병점동,4159710200,반송동,12,00,6,889.0
20260530,4159510200,병점동,4159710200,반송동,12,15,21,1193.0
20260530,4159510200,병점동,4159710200,반송동,12,30,20,1018.0
20260530,4159510200,병점동,4159710200,반송동,12,45,26,1174.0
20260530,4159510200,병점동,4159710200,반송동,13,00,15,989.0
20260530,4159510200,병점동,4159710200,반송동,13,15,18,896.0
20260530,4159510200,병점동,4159710200,반송동,13,30,20,1070.0
20260530,4159510200,병점동,4159710200,반송동,13,45,22,964.0
20260530,4159510200,병점동,4159710200,반송동,14,00,16,1090.0
20260530,4159510200,병점동,4159710200,반송동,14,15,11,1183.0
20260530,4159510200,병점동,4159710200,반송동,14,30,22,1113.0
20260530,4159510200,병점동,4159710200,반송동,14,45,13,1058.0
20260530,4159510200,병점동,4159710200,반송동,15,00,17,907.0
20260530,4159510200,병점동,4159710200,반송동,15,15,12,1079.0
20260530,4159510200,병점동,4159710200,반송동,15,30,21,1053.0
20260530,4159510200,병점동,4159710200,반송동,15,45,13,912.0
20260530,4159510200,병점동,4159710200,반송동,16,00,20,1070.0
20260530,4159510200,병점동,4159710200,반송동,16,15,27,990.0
20260530,4159510200,병점동,4159710200,반송동,16,30,26,1214.0
20260530,4159510200,병점동,4159710200,반송동,16,45,30,1063.0
20260530,4159510200,병점동,4159710200,반송동,17,00,29,1042.0
20260530,4159510200,병점동,4159710200,반송동,17,15,26,936.0
20260530,4159510200,병점동,4159710200,반송동,17,30,27,973.0
20260530,4159510200,병점동,4159710200,반송동,17,45,29,1184.0
20260530,4159510200,병점동,4159710200,반송동,18,00,20,904.0
20260530,4159510200,병점동,4159710200,반송동,18,15,12,890.0
20260530,4159510200,병점동,4159710200,반송동,18,30,23,1003.0
20260530,4159510200,병점동,4159710200,반송동,18,45,23,1006.0
20260530,4159510200,병점동,4159710200,반송동,19,00,9,970.0
20260530,4159510200,병점동,4159710200,반송동,19,15,19,970.0
20260530,4159510200,병점동,4159710200,반송동,19,30,9,1363.0
20260530,4159510200,병점동,4159710200,반송동,19,45,17,1069.0
20260530,4159510200,병점동,4159710200,반송동,20,00,6,812.0
20260530,4159510200,병점동,4159710200,반송동,20,15,5,719.0
20260530,4159510200,병점동,4159710200,반송동,20,30,25,916.0
20260530,4159510200,병점동,4159710200,반송동,20,45,14,1030.0
20260530,4159510200,병점동,4159710200,반송동,21,00,7,1027.0
20260530,4159510200,병점동,4159710200,반송동,21,15,7,1075.0
20260530,4159510200,병점동,4159710200,반송동,21,30,6,813.0
20260530,4159510200,병점동,4159710200,반송동,21,45,7,934.0
20260530,4159510200,병점동,4159710200,반송동,22,00,9,1053.0
20260530,4159510200,병점동,4159710200,반송동,22,15,12,841.0
20260530,4159510200,병점동,4159710200,반송동,22,30,3,1135.0
20260530,4159510200,병점동,4159710200,반송동,23,00,4,664.0
20260530,4159510200,병점동,4159710200,반송동,23,15,3,800.0
20260530,4159510200,병점동,4159710200,반송동,23,30,3,688.0
20260530,4159510200,병점동,4159710200,반송동,23,45,1,1956.0
20260530,4159510200,병점동,4159125621,남양읍,07,45,1,3580.0
20260530,4159510200,병점동,4159125621,남양읍,13,00,1,2898.0
20260530,4159510200,병점동,4159510200,병점동,00,00,1,354.0
20260530,4159510200,병점동,4159510200,병점동,05,15,1,489.0
20260530,4159510200,병점동,4159510200,병점동,05,30,4,468.0
20260530,4159510200,병점동,4159510200,병점동,05,45,13,456.0
20260530,4159510200,병점동,4159510200,병점동,06,00,4,613.0
20260530,4159510200,병점동,4159510200,병점동,06,15,10,371.0
20260530,4159510200,병점동,4159510200,병점동,06,30,6,539.0
20260530,4159510200,병점동,4159510200,병점동,06,45,5,2193.0
20260530,4159510200,병점동,4159510200,병점동,07,00,14,552.0
20260530,4159510200,병점동,4159510200,병점동,07,15,6,503.0
20260530,4159510200,병점동,4159510200,병점동,07,30,5,463.0
20260530,4159510200,병점동,4159510200,병점동,07,45,11,493.0
20260530,4159510200,병점동,4159510200,병점동,08,00,13,542.0
20260530,4159510200,병점동,4159510200,병점동,08,15,10,575.0
20260530,4159510200,병점동,4159510200,병점동,08,30,12,357.0
20260530,4159510200,병점동,4159510200,병점동,08,45,13,508.0
20260530,4159510200,병점동,4159510200,병점동,09,00,18,626.0
20260530,4159510200,병점동,4159510200,병점동,09,15,17,493.0
20260530,4159510200,병점동,4159510200,병점동,09,30,34,502.0
20260530,4159510200,병점동,4159510200,병점동,09,45,16,560.0
20260530,4159510200,병점동,4159510200,병점동,10,00,25,630.0
20260530,4159510200,병점동,4159510200,병점동,10,15,14,710.0
20260530,4159510200,병점동,4159510200,병점동,10,30,21,523.0
20260530,4159510200,병점동,4159510200,병점동,10,45,12,533.0
20260530,4159510200,병점동,4159510200,병점동,11,00,23,766.0
20260530,4159510200,병점동,4159510200,병점동,11,15,24,774.0
20260530,4159510200,병점동,4159510200,병점동,11,30,16,488.0
20260530,4159510200,병점동,4159510200,병점동,11,45,25,602.0
20260530,4159510200,병점동,4159510200,병점동,12,00,18,489.0
20260530,4159510200,병점동,4159510200,병점동,12,15,19,410.0
20260530,4159510200,병점동,4159510200,병점동,12,30,23,416.0
20260530,4159510200,병점동,4159510200,병점동,12,45,20,391.0
20260530,4159510200,병점동,4159510200,병점동,13,00,28,549.0
20260530,4159510200,병점동,4159510200,병점동,13,15,29,461.0
20260530,4159510200,병점동,4159510200,병점동,13,30,22,458.0
20260530,4159510200,병점동,4159510200,병점동,13,45,34,538.0
20260530,4159510200,병점동,4159510200,병점동,14,00,18,408.0
20260530,4159510200,병점동,4159510200,병점동,14,15,17,457.0
20260530,4159510200,병점동,4159510200,병점동,14,30,17,574.0
20260530,4159510200,병점동,4159510200,병점동,14,45,29,432.0
20260530,4159510200,병점동,4159510200,병점동,15,00,23,607.0
20260530,4159510200,병점동,4159510200,병점동,15,15,23,679.0
20260530,4159510200,병점동,4159510200,병점동,15,30,14,606.0
20260530,4159510200,병점동,4159510200,병점동,15,45,20,523.0
20260530,4159510200,병점동,4159510200,병점동,16,00,33,631.0
20260530,4159510200,병점동,4159510200,병점동,16,15,21,626.0
20260530,4159510200,병점동,4159510200,병점동,16,30,31,542.0
20260530,4159510200,병점동,4159510200,병점동,16,45,21,748.0
20260530,4159510200,병점동,4159510200,병점동,17,00,24,445.0
20260530,4159510200,병점동,4159510200,병점동,17,15,25,737.0
20260530,4159510200,병점동,4159510200,병점동,17,30,30,370.0
20260530,4159510200,병점동,4159510200,병점동,17,45,18,400.0
20260530,4159510200,병점동,4159510200,병점동,18,00,14,633.0
20260530,4159510200,병점동,4159510200,병점동,18,15,15,427.0
20260530,4159510200,병점동,4159510200,병점동,18,30,10,508.0
20260530,4159510200,병점동,4159510200,병점동,18,45,21,550.0
20260530,4159510200,병점동,4159510200,병점동,19,00,15,550.0
20260530,4159510200,병점동,4159510200,병점동,19,15,16,293.0
20260530,4159510200,병점동,4159510200,병점동,19,30,12,427.0
20260530,4159510200,병점동,4159510200,병점동,19,45,10,465.0
20260530,4159510200,병점동,4159510200,병점동,20,00,15,503.0
20260530,4159510200,병점동,4159510200,병점동,20,15,13,619.0
20260530,4159510200,병점동,4159510200,병점동,20,30,16,352.0
20260530,4159510200,병점동,4159510200,병점동,20,45,16,392.0
20260530,4159510200,병점동,4159510200,병점동,21,00,5,483.0
20260530,4159510200,병점동,4159510200,병점동,21,15,7,354.0
20260530,4159510200,병점동,4159510200,병점동,21,30,8,313.0
20260530,4159510200,병점동,4159510200,병점동,21,45,7,449.0
20260530,4159510200,병점동,4159510200,병점동,22,00,8,476.0
20260530,4159510200,병점동,4159510200,병점동,22,15,10,375.0
20260530,4159510200,병점동,4159510200,병점동,22,30,9,547.0
20260530,4159510200,병점동,4159510200,병점동,22,45,6,561.0
20260530,4159510200,병점동,4159510200,병점동,23,00,3,341.0
20260530,4159510200,병점동,4159510200,병점동,23,15,3,540.0
20260530,4159510200,병점동,4159510200,병점동,23,45,3,463.0
20260530,4159510200,병점동,4159510300,능동,02,00,1,252.0
20260530,4159510200,병점동,4159510300,능동,05,30,1,1104.0
20260530,4159510200,병점동,4159510300,능동,05,45,5,438.0
20260530,4159510200,병점동,4159510300,능동,06,00,2,347.0
20260530,4159510200,병점동,4159510300,능동,06,15,2,1215.0
20260530,4159510200,병점동,4159510300,능동,06,30,5,477.0
20260530,4159510200,병점동,4159510300,능동,06,45,4,1003.0
20260530,4159510200,병점동,4159510300,능동,07,00,1,477.0
20260530,4159510200,병점동,4159510300,능동,07,15,4,421.0
20260530,4159510200,병점동,4159510300,능동,07,30,3,728.0
20260530,4159510200,병점동,4159510300,능동,07,45,7,824.0
20260530,4159510200,병점동,4159510300,능동,08,00,6,577.0
20260530,4159510200,병점동,4159510300,능동,08,15,4,867.0
20260530,4159510200,병점동,4159510300,능동,08,30,10,669.0
20260530,4159510200,병점동,4159510300,능동,08,45,2,452.0
20260530,4159510200,병점동,4159510300,능동,09,00,4,856.0
20260530,4159510200,병점동,4159510300,능동,09,15,6,628.0
20260530,4159510200,병점동,4159510300,능동,09,30,11,658.0
20260530,4159510200,병점동,4159510300,능동,09,45,4,815.0
20260530,4159510200,병점동,4159510300,능동,10,00,3,415.0
20260530,4159510200,병점동,4159510300,능동,10,15,7,795.0
20260530,4159510200,병점동,4159510300,능동,10,30,10,431.0
20260530,4159510200,병점동,4159510300,능동,10,45,8,548.0
20260530,4159510200,병점동,4159510300,능동,11,00,4,345.0
20260530,4159510200,병점동,4159510300,능동,11,15,10,501.0
20260530,4159510200,병점동,4159510300,능동,11,30,4,681.0
20260530,4159510200,병점동,4159510300,능동,11,45,13,643.0
20260530,4159510200,병점동,4159510300,능동,12,00,11,554.0
20260530,4159510200,병점동,4159510300,능동,12,15,13,1013.0
20260530,4159510200,병점동,4159510300,능동,12,30,12,492.0
20260530,4159510200,병점동,4159510300,능동,12,45,8,636.0
20260530,4159510200,병점동,4159510300,능동,13,00,8,608.0
20260530,4159510200,병점동,4159510300,능동,13,15,17,401.0
20260530,4159510200,병점동,4159510300,능동,13,30,11,713.0
20260530,4159510200,병점동,4159510300,능동,13,45,13,660.0
20260530,4159510200,병점동,4159510300,능동,14,00,12,552.0
20260530,4159510200,병점동,4159510300,능동,14,15,2,1034.0
20260530,4159510200,병점동,4159510300,능동,14,30,9,514.0
20260530,4159510200,병점동,4159510300,능동,14,45,6,516.0
20260530,4159510200,병점동,4159510300,능동,15,00,6,775.0
20260530,4159510200,병점동,4159510300,능동,15,15,8,475.0
20260530,4159510200,병점동,4159510300,능동,15,30,9,568.0
20260530,4159510200,병점동,4159510300,능동,15,45,10,626.0
20260530,4159510200,병점동,4159510300,능동,16,00,7,769.0
20260530,4159510200,병점동,4159510300,능동,16,15,13,638.0
20260530,4159510200,병점동,4159510300,능동,16,30,11,757.0
20260530,4159510200,병점동,4159510300,능동,16,45,7,1036.0
20260530,4159510200,병점동,4159510300,능동,17,00,6,825.0
20260530,4159510200,병점동,4159510300,능동,17,15,17,545.0
20260530,4159510200,병점동,4159510300,능동,17,30,16,725.0
20260530,4159510200,병점동,4159510300,능동,17,45,10,642.0
20260530,4159510200,병점동,4159510300,능동,18,00,9,800.0
20260530,4159510200,병점동,4159510300,능동,18,15,15,472.0
20260530,4159510200,병점동,4159510300,능동,18,30,9,838.0
20260530,4159510200,병점동,4159510300,능동,18,45,9,607.0
20260530,4159510200,병점동,4159510300,능동,19,00,10,480.0
20260530,4159510200,병점동,4159510300,능동,19,15,9,507.0
20260530,4159510200,병점동,4159510300,능동,19,30,13,452.0
20260530,4159510200,병점동,4159510300,능동,19,45,13,616.0
20260530,4159510200,병점동,4159510300,능동,20,00,11,310.0
20260530,4159510200,병점동,4159510300,능동,20,15,9,505.0
20260530,4159510200,병점동,4159510300,능동,20,30,4,642.0
20260530,4159510200,병점동,4159510300,능동,20,45,8,765.0
20260530,4159510200,병점동,4159510300,능동,21,00,7,443.0
20260530,4159510200,병점동,4159510300,능동,21,15,5,411.0
20260530,4159510200,병점동,4159510300,능동,21,30,6,606.0
20260530,4159510200,병점동,4159510300,능동,21,45,11,583.0
20260530,4159510200,병점동,4159510300,능동,22,00,2,692.0
20260530,4159510200,병점동,4159510300,능동,22,15,7,522.0
20260530,4159510200,병점동,4159510300,능동,22,30,6,640.0
20260530,4159510200,병점동,4159510300,능동,22,45,3,385.0
20260530,4159510200,병점동,4159510300,능동,23,00,6,775.0
20260530,4159510200,병점동,4159510300,능동,23,15,6,814.0
20260530,4159510200,병점동,4159510300,능동,23,30,1,269.0
20260530,4159510200,병점동,4159510900,안녕동,05,45,3,809.0
20260530,4159510200,병점동,4159510900,안녕동,06,30,2,1228.0
20260530,4159510200,병점동,4159510900,안녕동,06,45,1,928.0
20260530,4159510200,병점동,4159510900,안녕동,07,00,1,798.0
20260530,4159510200,병점동,4159510900,안녕동,07,15,2,951.0
20260530,4159510200,병점동,4159510900,안녕동,07,30,1,529.0
20260530,4159510200,병점동,4159510900,안녕동,07,45,4,1324.0
20260530,4159510200,병점동,4159510900,안녕동,08,00,3,985.0
20260530,4159510200,병점동,4159510900,안녕동,08,15,4,789.0
20260530,4159510200,병점동,4159510900,안녕동,08,30,1,1027.0
20260530,4159510200,병점동,4159510900,안녕동,08,45,1,619.0
20260530,4159510200,병점동,4159510900,안녕동,09,00,3,942.0
20260530,4159510200,병점동,4159510900,안녕동,09,15,3,728.0
20260530,4159510200,병점동,4159510900,안녕동,09,30,3,1329.0
20260530,4159510200,병점동,4159510900,안녕동,09,45,1,960.0
20260530,4159510200,병점동,4159510900,안녕동,10,00,1,1351.0
20260530,4159510200,병점동,4159510900,안녕동,10,15,4,507.0
20260530,4159510200,병점동,4159510900,안녕동,10,30,4,830.0
20260530,4159510200,병점동,4159510900,안녕동,10,45,2,1100.0
20260530,4159510200,병점동,4159510900,안녕동,11,00,3,1184.0
20260530,4159510200,병점동,4159510900,안녕동,11,15,3,1003.0
20260530,4159510200,병점동,4159510900,안녕동,11,30,3,912.0
20260530,4159510200,병점동,4159510900,안녕동,11,45,3,742.0
20260530,4159510200,병점동,4159510900,안녕동,12,00,4,775.0
20260530,4159510200,병점동,4159510900,안녕동,12,15,4,1345.0
20260530,4159510200,병점동,4159510900,안녕동,12,30,1,929.0
20260530,4159510200,병점동,4159510900,안녕동,12,45,5,1584.0
20260530,4159510200,병점동,4159510900,안녕동,13,00,7,1043.0
20260530,4159510200,병점동,4159510900,안녕동,13,15,3,1107.0
20260530,4159510200,병점동,4159510900,안녕동,13,30,13,1085.0
20260530,4159510200,병점동,4159510900,안녕동,13,45,4,995.0
20260530,4159510200,병점동,4159510900,안녕동,14,00,3,1333.0
20260530,4159510200,병점동,4159510900,안녕동,14,15,7,957.0
20260530,4159510200,병점동,4159510900,안녕동,14,30,3,848.0
20260530,4159510200,병점동,4159510900,안녕동,15,00,4,786.0
20260530,4159510200,병점동,4159510900,안녕동,15,30,2,803.0
20260530,4159510200,병점동,4159510900,안녕동,15,45,2,485.0
20260530,4159510200,병점동,4159510900,안녕동,16,00,5,937.0
20260530,4159510200,병점동,4159510900,안녕동,16,15,6,1106.0
20260530,4159510200,병점동,4159510900,안녕동,16,30,4,978.0
20260530,4159510200,병점동,4159510900,안녕동,16,45,2,1074.0
20260530,4159510200,병점동,4159510900,안녕동,17,00,3,1017.0
20260530,4159510200,병점동,4159510900,안녕동,17,15,2,1033.0
20260530,4159510200,병점동,4159510900,안녕동,17,30,5,807.0
20260530,4159510200,병점동,4159510900,안녕동,17,45,2,1085.0
20260530,4159510200,병점동,4159510900,안녕동,18,00,4,1034.0
20260530,4159510200,병점동,4159510900,안녕동,18,15,1,1050.0
20260530,4159510200,병점동,4159510900,안녕동,18,45,5,856.0
20260530,4159510200,병점동,4159510900,안녕동,19,00,2,1062.0
20260530,4159510200,병점동,4159510900,안녕동,19,15,2,611.0
20260530,4159510200,병점동,4159510900,안녕동,19,30,2,772.0
20260530,4159510200,병점동,4159510900,안녕동,19,45,2,1136.0
20260530,4159510200,병점동,4159510900,안녕동,20,00,1,655.0
20260530,4159510200,병점동,4159510900,안녕동,20,15,1,1563.0
20260530,4159510200,병점동,4159510900,안녕동,20,30,3,933.0
20260530,4159510200,병점동,4159510900,안녕동,20,45,2,1418.0
20260530,4159510200,병점동,4159510900,안녕동,21,00,4,630.0
20260530,4159510200,병점동,4159510900,안녕동,21,30,3,1217.0
20260530,4159510200,병점동,4159510900,안녕동,21,45,2,990.0
20260530,4159510200,병점동,4159510900,안녕동,22,00,3,1225.0
20260530,4159510200,병점동,4159510900,안녕동,22,15,1,1013.0
20260530,4159510200,병점동,4159510900,안녕동,22,45,1,761.0
20260530,4159510200,병점동,4159711100,장지동,00,45,1,2433.0
20260530,4159510200,병점동,4159711100,장지동,06,00,1,2613.0
20260530,4159510200,병점동,4159711100,장지동,11,30,1,3969.0
20260530,4159510200,병점동,4159711100,장지동,12,30,1,4102.0
20260530,4159510200,병점동,4159711100,장지동,14,30,1,4565.0
20260530,4159510200,병점동,4159711100,장지동,15,00,1,2706.0
20260530,4159510200,병점동,4159711100,장지동,15,15,3,4056.0
20260530,4159510200,병점동,4159711100,장지동,16,00,1,2110.0
20260530,4159510200,병점동,4159711100,장지동,16,15,1,1470.0
20260530,4159510200,병점동,4159711100,장지동,16,30,1,3278.0
20260530,4159510200,병점동,4159711100,장지동,17,45,1,3488.0
20260530,4159510200,병점동,4159711100,장지동,18,30,1,3259.0
20260530,4159510200,병점동,4159711100,장지동,19,00,2,2946.0
20260530,4159510200,병점동,4159711100,장지동,19,15,1,3929.0
20260530,4159510200,병점동,4159711100,장지동,19,30,3,3375.0
20260530,4159510200,병점동,4159711100,장지동,20,45,1,3379.0
20260530,4159510200,병점동,4159711100,장지동,21,00,1,4385.0
20260530,4159510200,병점동,4159711100,장지동,21,15,1,2402.0
20260530,4159510200,병점동,4159711100,장지동,21,45,1,2819.0
20260530,4159510200,병점동,4159711100,장지동,22,00,1,3245.0
20260530,4159510200,병점동,4159711100,장지동,23,00,1,4247.0
20260530,4159711100,장지동,4159510200,병점동,07,00,1,4309.0
20260530,4159711100,장지동,4159510200,병점동,07,45,1,3217.0
20260530,4159711100,장지동,4159510200,병점동,08,00,1,1873.0
20260530,4159711100,장지동,4159510200,병점동,08,15,1,2650.0
20260530,4159711100,장지동,4159510200,병점동,09,15,1,4795.0
20260530,4159711100,장지동,4159510200,병점동,09,45,1,3675.0
20260530,4159711100,장지동,4159510200,병점동,10,15,2,2698.0
20260530,4159711100,장지동,4159510200,병점동,11,15,1,2023.0
20260530,4159711100,장지동,4159510200,병점동,12,15,1,3217.0
20260530,4159711100,장지동,4159510200,병점동,13,15,1,3287.0
20260530,4159711100,장지동,4159510200,병점동,13,30,1,4182.0
20260530,4159711100,장지동,4159510200,병점동,15,15,2,4338.0
20260530,4159711100,장지동,4159510200,병점동,15,45,3,4194.0
20260530,4159711100,장지동,4159510200,병점동,22,00,1,3011.0
20260530,4159711100,장지동,4159510300,능동,08,15,1,2027.0
20260530,4159711100,장지동,4159510300,능동,10,30,2,2725.0
20260530,4159711100,장지동,4159510300,능동,10,45,1,3610.0
20260530,4159711100,장지동,4159510300,능동,12,15,1,2404.0
20260530,4159711100,장지동,4159510300,능동,12,45,1,17556.0
20260530,4159711100,장지동,4159510300,능동,13,45,1,2910.0
20260530,4159711100,장지동,4159510300,능동,15,15,1,3999.0
20260530,4159711100,장지동,4159510300,능동,17,15,1,3316.0
20260530,4159711100,장지동,4159510300,능동,18,00,1,3039.0
20260530,4159711100,장지동,4159510300,능동,19,30,1,3262.0
20260530,4159711100,장지동,4159510300,능동,21,45,2,1723.0
20260530,4159711100,장지동,4159510300,능동,22,00,2,2793.0
20260530,4159711100,장지동,4159510300,능동,22,15,1,2749.0
20260530,4159711100,장지동,4159510300,능동,22,45,1,2266.0
20260530,4159711100,장지동,4159510900,안녕동,06,00,1,2771.0
20260530,4159711100,장지동,4159711100,장지동,00,00,2,87.0
20260530,4159711100,장지동,4159711100,장지동,00,15,1,284.0
20260530,4159711100,장지동,4159711100,장지동,06,30,2,844.0
20260530,4159711100,장지동,4159711100,장지동,07,45,4,180.0
20260530,4159711100,장지동,4159711100,장지동,08,00,4,316.0
20260530,4159711100,장지동,4159711100,장지동,08,15,1,7235.0
20260530,4159711100,장지동,4159711100,장지동,08,30,7,219.0
20260530,4159711100,장지동,4159711100,장지동,08,45,6,603.0
20260530,4159711100,장지동,4159711100,장지동,09,00,2,105.0
20260530,4159711100,장지동,4159711100,장지동,09,15,1,673.0
20260530,4159711100,장지동,4159711100,장지동,09,30,11,321.0
20260530,4159711100,장지동,4159711100,장지동,09,45,4,402.0
20260530,4159711100,장지동,4159711100,장지동,10,00,9,321.0
20260530,4159711100,장지동,4159711100,장지동,10,15,4,269.0
20260530,4159711100,장지동,4159711100,장지동,10,30,4,171.0
20260530,4159711100,장지동,4159711100,장지동,10,45,3,193.0
20260530,4159711100,장지동,4159711100,장지동,11,00,8,331.0
20260530,4159711100,장지동,4159711100,장지동,11,15,7,348.0
20260530,4159711100,장지동,4159711100,장지동,11,30,8,337.0
20260530,4159711100,장지동,4159711100,장지동,11,45,6,341.0
20260530,4159711100,장지동,4159711100,장지동,12,00,5,279.0
20260530,4159711100,장지동,4159711100,장지동,12,15,7,440.0
20260530,4159711100,장지동,4159711100,장지동,12,30,6,495.0
20260530,4159711100,장지동,4159711100,장지동,12,45,3,397.0
20260530,4159711100,장지동,4159711100,장지동,13,00,2,514.0
20260530,4159711100,장지동,4159711100,장지동,13,15,8,397.0
20260530,4159711100,장지동,4159711100,장지동,13,30,8,182.0
20260530,4159711100,장지동,4159711100,장지동,13,45,7,244.0
20260530,4159711100,장지동,4159711100,장지동,14,00,5,479.0
20260530,4159711100,장지동,4159711100,장지동,14,15,3,423.0
20260530,4159711100,장지동,4159711100,장지동,14,30,5,219.0
20260530,4159711100,장지동,4159711100,장지동,14,45,5,306.0
20260530,4159711100,장지동,4159711100,장지동,15,00,4,798.0
20260530,4159711100,장지동,4159711100,장지동,15,15,5,517.0
20260530,4159711100,장지동,4159711100,장지동,15,30,8,289.0
20260530,4159711100,장지동,4159711100,장지동,15,45,2,276.0
20260530,4159711100,장지동,4159711100,장지동,16,00,3,1238.0
20260530,4159711100,장지동,4159711100,장지동,16,15,6,290.0
20260530,4159711100,장지동,4159711100,장지동,16,30,7,461.0
20260530,4159711100,장지동,4159711100,장지동,16,45,7,241.0
20260530,4159711100,장지동,4159711100,장지동,17,00,9,497.0
20260530,4159711100,장지동,4159711100,장지동,17,15,2,304.0
20260530,4159711100,장지동,4159711100,장지동,17,30,4,484.0
20260530,4159711100,장지동,4159711100,장지동,17,45,12,318.0
20260530,4159711100,장지동,4159711100,장지동,18,00,2,218.0
20260530,4159711100,장지동,4159711100,장지동,18,15,7,416.0
20260530,4159711100,장지동,4159711100,장지동,18,30,7,308.0
20260530,4159711100,장지동,4159711100,장지동,18,45,2,443.0
20260530,4159711100,장지동,4159711100,장지동,19,00,2,430.0
20260530,4159711100,장지동,4159711100,장지동,19,15,7,414.0
20260530,4159711100,장지동,4159711100,장지동,19,30,6,517.0
20260530,4159711100,장지동,4159711100,장지동,19,45,6,387.0
20260530,4159711100,장지동,4159711100,장지동,20,00,3,372.0
20260530,4159711100,장지동,4159711100,장지동,20,15,2,425.0
20260530,4159711100,장지동,4159711100,장지동,20,30,6,288.0
20260530,4159711100,장지동,4159711100,장지동,20,45,2,1068.0
20260530,4159711100,장지동,4159711100,장지동,21,00,7,303.0
20260530,4159711100,장지동,4159711100,장지동,21,15,5,277.0
20260530,4159711100,장지동,4159711100,장지동,21,30,2,132.0
20260530,4159711100,장지동,4159711100,장지동,21,45,3,1718.0
20260530,4159711100,장지동,4159711100,장지동,22,00,3,300.0
20260530,4159711100,장지동,4159711100,장지동,22,15,1,94.0
20260530,4159711100,장지동,4159711100,장지동,22,30,2,199.0
20260530,4159711100,장지동,4159711100,장지동,22,45,1,652.0
20260530,4159711100,장지동,4159711100,장지동,23,00,2,334.0
20260530,4159711100,장지동,4159711500,여울동,02,45,1,925.0
20260530,4159711100,장지동,4159711500,여울동,05,15,4,1285.0
20260530,4159711100,장지동,4159711500,여울동,05,45,1,1448.0
20260530,4159711100,장지동,4159711500,여울동,06,00,3,1065.0
20260530,4159711100,장지동,4159711500,여울동,06,30,2,847.0
20260530,4159711100,장지동,4159711500,여울동,07,00,3,1126.0
20260530,4159711100,장지동,4159711500,여울동,07,15,2,1059.0
20260530,4159711100,장지동,4159711500,여울동,07,30,1,1112.0
20260530,4159711100,장지동,4159711500,여울동,07,45,1,976.0
20260530,4159711100,장지동,4159711500,여울동,08,00,9,1031.0
20260530,4159711100,장지동,4159711500,여울동,08,30,6,1287.0
20260530,4159711100,장지동,4159711500,여울동,08,45,7,995.0
20260530,4159711100,장지동,4159711500,여울동,09,00,3,1629.0
20260530,4159711100,장지동,4159711500,여울동,09,15,6,1403.0
20260530,4159711100,장지동,4159711500,여울동,09,30,8,1394.0
20260530,4159711100,장지동,4159711500,여울동,09,45,7,1066.0
20260530,4159711100,장지동,4159711500,여울동,10,15,3,1227.0
20260530,4159711100,장지동,4159711500,여울동,10,30,11,1176.0
20260530,4159711100,장지동,4159711500,여울동,10,45,4,1054.0
20260530,4159711100,장지동,4159711500,여울동,11,00,2,1302.0
20260530,4159711100,장지동,4159711500,여울동,11,15,3,899.0
20260530,4159711100,장지동,4159711500,여울동,11,30,4,1279.0
20260530,4159711100,장지동,4159711500,여울동,11,45,4,930.0
20260530,4159711100,장지동,4159711500,여울동,12,00,4,1220.0
20260530,4159711100,장지동,4159711500,여울동,12,15,8,1223.0
20260530,4159711100,장지동,4159711500,여울동,12,30,1,785.0
20260530,4159711100,장지동,4159711500,여울동,12,45,6,1043.0
20260530,4159711100,장지동,4159711500,여울동,13,00,9,1016.0
20260530,4159711100,장지동,4159711500,여울동,13,15,5,1374.0
20260530,4159711100,장지동,4159711500,여울동,13,30,4,1099.0
20260530,4159711100,장지동,4159711500,여울동,13,45,6,1782.0
20260530,4159711100,장지동,4159711500,여울동,14,00,3,1499.0
20260530,4159711100,장지동,4159711500,여울동,14,15,4,1180.0
20260530,4159711100,장지동,4159711500,여울동,14,30,4,1088.0
20260530,4159711100,장지동,4159711500,여울동,14,45,6,1195.0
20260530,4159711100,장지동,4159711500,여울동,15,00,5,1762.0
20260530,4159711100,장지동,4159711500,여울동,15,15,10,1086.0
20260530,4159711100,장지동,4159711500,여울동,15,45,6,1061.0
20260530,4159711100,장지동,4159711500,여울동,16,00,5,1654.0
20260530,4159711100,장지동,4159711500,여울동,16,15,7,1264.0
20260530,4159711100,장지동,4159711500,여울동,16,30,6,1091.0
20260530,4159711100,장지동,4159711500,여울동,16,45,5,799.0
20260530,4159711100,장지동,4159711500,여울동,17,15,1,2789.0
20260530,4159711100,장지동,4159711500,여울동,17,30,7,1611.0
20260530,4159711100,장지동,4159711500,여울동,17,45,5,1106.0
20260530,4159711100,장지동,4159711500,여울동,18,00,3,1093.0
20260530,4159711100,장지동,4159711500,여울동,18,15,3,882.0
20260530,4159711100,장지동,4159711500,여울동,18,30,3,1843.0
20260530,4159711100,장지동,4159711500,여울동,19,00,3,1058.0
20260530,4159711100,장지동,4159711500,여울동,19,15,3,636.0
20260530,4159711100,장지동,4159711500,여울동,19,30,1,2664.0
20260530,4159711100,장지동,4159711500,여울동,19,45,2,1491.0
20260530,4159711100,장지동,4159711500,여울동,20,15,1,1044.0
20260530,4159711100,장지동,4159711500,여울동,20,30,1,802.0
20260530,4159711100,장지동,4159711500,여울동,21,15,2,586.0
20260530,4159711100,장지동,4159711500,여울동,22,15,1,1199.0
20260530,4159711100,장지동,4159125339,향남읍,06,30,1,3031.0
20260530,4159711500,여울동,4159710600,영천동,01,45,1,313.0
20260530,4159711500,여울동,4159710600,영천동,05,00,1,749.0
20260530,4159711500,여울동,4159710600,영천동,06,15,2,1018.0
20260530,4159711500,여울동,4159710600,영천동,06,30,1,1562.0
20260530,4159711500,여울동,4159710600,영천동,07,00,2,267.0
20260530,4159711500,여울동,4159710600,영천동,07,30,2,345.0
20260530,4159711500,여울동,4159710600,영천동,08,00,3,1212.0
20260530,4159711500,여울동,4159710600,영천동,08,15,4,819.0
20260530,4159711500,여울동,4159710600,영천동,08,30,3,547.0
20260530,4159711500,여울동,4159710600,영천동,08,45,4,280.0
20260530,4159711500,여울동,4159710600,영천동,09,00,1,411.0
20260530,4159711500,여울동,4159710600,영천동,09,15,4,533.0
20260530,4159711500,여울동,4159710600,영천동,09,30,4,936.0
20260530,4159711500,여울동,4159710600,영천동,09,45,3,548.0
20260530,4159711500,여울동,4159710600,영천동,10,00,2,604.0
20260530,4159711500,여울동,4159710600,영천동,10,15,4,1992.0
20260530,4159711500,여울동,4159710600,영천동,10,30,2,743.0
20260530,4159711500,여울동,4159710600,영천동,10,45,10,871.0
20260530,4159711500,여울동,4159710600,영천동,11,00,5,830.0
20260530,4159711500,여울동,4159710600,영천동,11,15,4,450.0
20260530,4159711500,여울동,4159710600,영천동,11,30,1,409.0
20260530,4159711500,여울동,4159710600,영천동,11,45,7,1183.0
20260530,4159711500,여울동,4159710600,영천동,12,00,2,732.0
20260530,4159711500,여울동,4159710600,영천동,12,15,5,944.0
20260530,4159711500,여울동,4159710600,영천동,12,30,3,624.0
20260530,4159711500,여울동,4159710600,영천동,12,45,5,1003.0
20260530,4159711500,여울동,4159710600,영천동,13,00,4,412.0
20260530,4159711500,여울동,4159710600,영천동,13,15,12,483.0
20260530,4159711500,여울동,4159710600,영천동,13,30,3,682.0
20260530,4159711500,여울동,4159710600,영천동,13,45,4,935.0
20260530,4159711500,여울동,4159710600,영천동,14,00,6,775.0
20260530,4159711500,여울동,4159710600,영천동,14,15,8,1598.0
20260530,4159711500,여울동,4159710600,영천동,14,30,9,676.0
20260530,4159711500,여울동,4159710600,영천동,14,45,7,328.0
20260530,4159711500,여울동,4159710600,영천동,15,00,8,852.0
20260530,4159711500,여울동,4159710600,영천동,15,15,7,743.0
20260530,4159711500,여울동,4159710600,영천동,15,30,3,777.0
20260530,4159711500,여울동,4159710600,영천동,15,45,7,492.0
20260530,4159711500,여울동,4159710600,영천동,16,00,4,874.0
20260530,4159711500,여울동,4159710600,영천동,16,15,12,503.0
20260530,4159711500,여울동,4159710600,영천동,16,30,5,824.0
20260530,4159711500,여울동,4159710600,영천동,16,45,11,682.0
20260530,4159711500,여울동,4159710600,영천동,17,00,5,919.0
20260530,4159711500,여울동,4159710600,영천동,17,15,10,620.0
20260530,4159711500,여울동,4159710600,영천동,17,30,7,796.0
20260530,4159711500,여울동,4159710600,영천동,17,45,1,777.0
20260530,4159711500,여울동,4159710600,영천동,18,00,20,498.0
20260530,4159711500,여울동,4159710600,영천동,18,15,9,799.0
20260530,4159711500,여울동,4159710600,영천동,18,30,11,797.0
20260530,4159711500,여울동,4159710600,영천동,18,45,12,592.0
20260530,4159711500,여울동,4159710600,영천동,19,00,4,904.0
20260530,4159711500,여울동,4159710600,영천동,19,15,5,928.0
20260530,4159711500,여울동,4159710600,영천동,19,30,3,323.0
20260530,4159711500,여울동,4159710600,영천동,19,45,5,871.0
20260530,4159711500,여울동,4159710600,영천동,20,00,5,655.0
20260530,4159711500,여울동,4159710600,영천동,20,15,10,636.0
20260530,4159711500,여울동,4159710600,영천동,20,30,8,766.0
20260530,4159711500,여울동,4159710600,영천동,20,45,12,658.0
20260530,4159711500,여울동,4159710600,영천동,21,00,5,402.0
20260530,4159711500,여울동,4159710600,영천동,21,15,9,454.0
20260530,4159711500,여울동,4159710600,영천동,21,30,7,634.0
20260530,4159711500,여울동,4159710600,영천동,21,45,1,634.0
20260530,4159711500,여울동,4159710600,영천동,22,00,8,1148.0
20260530,4159711500,여울동,4159710600,영천동,22,15,8,704.0
20260530,4159711500,여울동,4159710600,영천동,22,30,1,388.0
20260530,4159711500,여울동,4159710600,영천동,23,00,10,456.0
20260530,4159711500,여울동,4159710600,영천동,23,30,1,500.0
20260530,4159711500,여울동,4159710600,영천동,23,45,1,420.0
20260530,4159711500,여울동,4159710200,반송동,00,00,1,931.0
20260530,4159711500,여울동,4159710200,반송동,00,30,1,779.0
20260530,4159711500,여울동,4159710200,반송동,01,15,3,934.0
20260530,4159711500,여울동,4159710200,반송동,01,30,2,568.0
20260530,4159711500,여울동,4159710200,반송동,02,00,2,854.0
20260530,4159711500,여울동,4159710200,반송동,02,15,2,728.0
20260530,4159711500,여울동,4159710200,반송동,05,15,1,1207.0
20260530,4159711500,여울동,4159710200,반송동,05,30,2,630.0
20260530,4159711500,여울동,4159710200,반송동,06,00,1,1021.0
20260530,4159711500,여울동,4159710200,반송동,06,15,2,988.0
20260530,4159711500,여울동,4159710200,반송동,06,30,4,587.0
20260530,4159711500,여울동,4159710200,반송동,06,45,1,1541.0
20260530,4159711500,여울동,4159710200,반송동,07,00,2,711.0
20260530,4159711500,여울동,4159710200,반송동,07,15,1,1397.0
20260530,4159711500,여울동,4159710200,반송동,07,30,5,764.0
20260530,4159711500,여울동,4159710200,반송동,07,45,4,1010.0
20260530,4159711500,여울동,4159710200,반송동,08,00,2,1198.0
20260530,4159711500,여울동,4159710200,반송동,08,15,13,591.0
20260530,4159711500,여울동,4159710200,반송동,08,30,6,628.0
20260530,4159711500,여울동,4159710200,반송동,08,45,4,578.0
20260530,4159711500,여울동,4159710200,반송동,09,00,13,865.0
20260530,4159711500,여울동,4159710200,반송동,09,15,10,802.0
20260530,4159711500,여울동,4159710200,반송동,09,30,13,695.0
20260530,4159711500,여울동,4159710200,반송동,09,45,10,694.0
20260530,4159711500,여울동,4159710200,반송동,10,00,12,601.0
20260530,4159711500,여울동,4159710200,반송동,10,15,17,797.0
20260530,4159711500,여울동,4159710200,반송동,10,30,15,679.0
20260530,4159711500,여울동,4159710200,반송동,10,45,9,887.0
20260530,4159711500,여울동,4159710200,반송동,11,00,11,727.0
20260530,4159711500,여울동,4159710200,반송동,11,15,7,801.0
20260530,4159711500,여울동,4159710200,반송동,11,30,14,773.0
20260530,4159711500,여울동,4159710200,반송동,11,45,16,842.0
20260530,4159711500,여울동,4159710200,반송동,12,00,9,784.0
20260530,4159711500,여울동,4159710200,반송동,12,15,10,467.0
20260530,4159711500,여울동,4159710200,반송동,12,30,15,899.0
20260530,4159711500,여울동,4159710200,반송동,12,45,16,1191.0
20260530,4159711500,여울동,4159710200,반송동,13,00,12,778.0
20260530,4159711500,여울동,4159710200,반송동,13,15,35,885.0
20260530,4159711500,여울동,4159710200,반송동,13,30,20,622.0
20260530,4159711500,여울동,4159710200,반송동,13,45,29,883.0
20260530,4159711500,여울동,4159710200,반송동,14,00,10,788.0
20260530,4159711500,여울동,4159710200,반송동,14,15,12,892.0
20260530,4159711500,여울동,4159710200,반송동,14,30,9,1006.0
20260530,4159711500,여울동,4159710200,반송동,14,45,22,1092.0
20260530,4159711500,여울동,4159710200,반송동,15,00,22,777.0
20260530,4159711500,여울동,4159710200,반송동,15,15,15,825.0
20260530,4159711500,여울동,4159710200,반송동,15,30,9,1204.0
20260530,4159711500,여울동,4159710200,반송동,15,45,27,949.0
20260530,4159711500,여울동,4159710200,반송동,16,00,18,1031.0
20260530,4159711500,여울동,4159710200,반송동,16,15,23,893.0
20260530,4159711500,여울동,4159710200,반송동,16,30,17,1076.0
20260530,4159711500,여울동,4159710200,반송동,16,45,19,810.0
20260530,4159711500,여울동,4159710200,반송동,17,00,17,602.0
20260530,4159711500,여울동,4159710200,반송동,17,15,20,935.0
20260530,4159711500,여울동,4159710200,반송동,17,30,33,786.0
20260530,4159711500,여울동,4159710200,반송동,17,45,12,1092.0
20260530,4159711500,여울동,4159710200,반송동,18,00,12,812.0
20260530,4159711500,여울동,4159710200,반송동,18,15,16,1035.0
20260530,4159711500,여울동,4159710200,반송동,18,30,22,1053.0
20260530,4159711500,여울동,4159710200,반송동,18,45,19,781.0
20260530,4159711500,여울동,4159710200,반송동,19,00,15,804.0
20260530,4159711500,여울동,4159710200,반송동,19,15,14,1005.0
20260530,4159711500,여울동,4159710200,반송동,19,30,9,972.0
20260530,4159711500,여울동,4159710200,반송동,19,45,16,847.0
20260530,4159711500,여울동,4159710200,반송동,20,00,27,929.0
20260530,4159711500,여울동,4159710200,반송동,20,15,13,995.0
20260530,4159711500,여울동,4159710200,반송동,20,30,32,1048.0
20260530,4159711500,여울동,4159710200,반송동,20,45,19,986.0
20260530,4159711500,여울동,4159710200,반송동,21,00,6,1108.0
20260530,4159711500,여울동,4159710200,반송동,21,15,5,770.0
20260530,4159711500,여울동,4159710200,반송동,21,30,14,973.0
20260530,4159711500,여울동,4159710200,반송동,21,45,8,930.0
20260530,4159711500,여울동,4159710200,반송동,22,00,10,578.0
20260530,4159711500,여울동,4159710200,반송동,22,15,12,955.0
20260530,4159711500,여울동,4159710200,반송동,22,30,4,796.0
20260530,4159711500,여울동,4159710200,반송동,22,45,8,921.0
20260530,4159711500,여울동,4159710200,반송동,23,00,2,1045.0
20260530,4159711500,여울동,4159710200,반송동,23,15,4,687.0
20260530,4159711500,여울동,4159710200,반송동,23,45,2,1216.0
20260530,4159711500,여울동,4159125621,남양읍,21,30,2,5571.0
20260530,4159711500,여울동,4159510200,병점동,00,00,2,1510.0
20260530,4159711500,여울동,4159510200,병점동,05,15,2,1293.0
20260530,4159711500,여울동,4159510200,병점동,05,30,3,1487.0
20260530,4159711500,여울동,4159510200,병점동,06,00,1,1609.0
20260530,4159711500,여울동,4159510200,병점동,06,15,1,2083.0
20260530,4159711500,여울동,4159510200,병점동,06,30,1,844.0
20260530,4159711500,여울동,4159510200,병점동,06,45,3,1768.0
20260530,4159711500,여울동,4159510200,병점동,07,00,2,1935.0
20260530,4159711500,여울동,4159510200,병점동,07,30,1,1653.0
20260530,4159711500,여울동,4159510200,병점동,07,45,3,2207.0
20260530,4159711500,여울동,4159510200,병점동,08,00,1,2057.0
20260530,4159711500,여울동,4159510200,병점동,08,15,1,1636.0
20260530,4159711500,여울동,4159510200,병점동,08,30,1,1326.0
20260530,4159711500,여울동,4159510200,병점동,08,45,5,1367.0
20260530,4159711500,여울동,4159510200,병점동,09,00,3,2333.0
20260530,4159711500,여울동,4159510200,병점동,09,15,1,1304.0
20260530,4159711500,여울동,4159510200,병점동,09,30,1,1533.0
20260530,4159711500,여울동,4159510200,병점동,09,45,1,1604.0
20260530,4159711500,여울동,4159510200,병점동,10,00,8,1631.0
20260530,4159711500,여울동,4159510200,병점동,10,15,6,1920.0
20260530,4159711500,여울동,4159510200,병점동,10,30,4,2104.0
20260530,4159711500,여울동,4159510200,병점동,10,45,4,1712.0
20260530,4159711500,여울동,4159510200,병점동,11,00,1,1789.0
20260530,4159711500,여울동,4159510200,병점동,11,15,6,1900.0
20260530,4159711500,여울동,4159510200,병점동,11,30,5,1965.0
20260530,4159711500,여울동,4159510200,병점동,11,45,1,1639.0
20260530,4159711500,여울동,4159510200,병점동,12,00,3,1663.0
20260530,4159711500,여울동,4159510200,병점동,12,15,7,2363.0
20260530,4159711500,여울동,4159510200,병점동,12,30,1,1666.0
20260530,4159711500,여울동,4159510200,병점동,12,45,3,2076.0
20260530,4159711500,여울동,4159510200,병점동,13,00,1,1062.0
20260530,4159711500,여울동,4159510200,병점동,13,15,5,1898.0
20260530,4159711500,여울동,4159510200,병점동,13,30,3,2040.0
20260530,4159711500,여울동,4159510200,병점동,13,45,5,1896.0
20260530,4159711500,여울동,4159510200,병점동,14,00,8,1873.0
20260530,4159711500,여울동,4159510200,병점동,14,15,6,1925.0
20260530,4159711500,여울동,4159510200,병점동,14,30,1,1001.0
20260530,4159711500,여울동,4159510200,병점동,14,45,3,1804.0
20260530,4159711500,여울동,4159510200,병점동,15,00,4,1386.0
20260530,4159711500,여울동,4159510200,병점동,15,15,1,1631.0
20260530,4159711500,여울동,4159510200,병점동,15,30,3,1420.0
20260530,4159711500,여울동,4159510200,병점동,15,45,1,2420.0
20260530,4159711500,여울동,4159510200,병점동,16,15,5,1789.0
20260530,4159711500,여울동,4159510200,병점동,16,30,1,2014.0
20260530,4159711500,여울동,4159510200,병점동,17,15,5,1861.0
20260530,4159711500,여울동,4159510200,병점동,17,30,2,1272.0
20260530,4159711500,여울동,4159510200,병점동,17,45,4,1832.0
20260530,4159711500,여울동,4159510200,병점동,18,00,2,1072.0
20260530,4159711500,여울동,4159510200,병점동,18,15,1,1958.0
20260530,4159711500,여울동,4159510200,병점동,18,30,4,2588.0
20260530,4159711500,여울동,4159510200,병점동,19,00,1,2672.0
20260530,4159711500,여울동,4159510200,병점동,19,15,3,1401.0
20260530,4159711500,여울동,4159510200,병점동,19,30,5,1862.0
20260530,4159711500,여울동,4159510200,병점동,19,45,5,1896.0
20260530,4159711500,여울동,4159510200,병점동,20,00,4,1981.0
20260530,4159711500,여울동,4159510200,병점동,20,15,5,1771.0
20260530,4159711500,여울동,4159510200,병점동,20,45,6,1919.0
20260530,4159711500,여울동,4159510200,병점동,21,00,3,2015.0
20260530,4159711500,여울동,4159510200,병점동,21,15,3,2069.0
20260530,4159711500,여울동,4159510200,병점동,21,30,8,1658.0
20260530,4159711500,여울동,4159510200,병점동,21,45,2,1529.0
20260530,4159711500,여울동,4159510200,병점동,22,00,2,1744.0
20260530,4159711500,여울동,4159510200,병점동,22,15,1,1812.0
20260530,4159711500,여울동,4159510200,병점동,22,30,1,1007.0
20260530,4159711500,여울동,4159510300,능동,00,00,2,1310.0
20260530,4159711500,여울동,4159510300,능동,02,15,1,1119.0
20260530,4159711500,여울동,4159510300,능동,02,30,1,823.0
20260530,4159711500,여울동,4159510300,능동,03,00,1,1027.0
20260530,4159711500,여울동,4159510300,능동,05,30,1,1273.0
20260530,4159711500,여울동,4159510300,능동,06,45,1,1380.0
20260530,4159711500,여울동,4159510300,능동,07,15,2,1393.0
20260530,4159711500,여울동,4159510300,능동,08,15,4,1355.0
20260530,4159711500,여울동,4159510300,능동,08,30,1,1005.0
20260530,4159711500,여울동,4159510300,능동,08,45,1,1430.0
20260530,4159711500,여울동,4159510300,능동,09,00,1,2210.0
20260530,4159711500,여울동,4159510300,능동,09,15,3,1192.0
20260530,4159711500,여울동,4159510300,능동,09,30,1,1554.0
20260530,4159711500,여울동,4159510300,능동,09,45,1,671.0
20260530,4159711500,여울동,4159510300,능동,10,00,1,1244.0
20260530,4159711500,여울동,4159510300,능동,10,15,1,1475.0
20260530,4159711500,여울동,4159510300,능동,11,00,4,1375.0
20260530,4159711500,여울동,4159510300,능동,11,15,3,1253.0
20260530,4159711500,여울동,4159510300,능동,11,30,2,1167.0
20260530,4159711500,여울동,4159510300,능동,12,00,6,1409.0
20260530,4159711500,여울동,4159510300,능동,12,15,1,1916.0
20260530,4159711500,여울동,4159510300,능동,12,30,5,1980.0
20260530,4159711500,여울동,4159510300,능동,12,45,2,1928.0
20260530,4159711500,여울동,4159510300,능동,13,00,4,1389.0
20260530,4159711500,여울동,4159510300,능동,13,15,5,1316.0
20260530,4159711500,여울동,4159510300,능동,13,30,3,1633.0
20260530,4159711500,여울동,4159510300,능동,13,45,1,2001.0
20260530,4159711500,여울동,4159510300,능동,14,00,3,1446.0
20260530,4159711500,여울동,4159510300,능동,14,15,5,1458.0
20260530,4159711500,여울동,4159510300,능동,14,45,6,1525.0
20260530,4159711500,여울동,4159510300,능동,15,00,6,1556.0
20260530,4159711500,여울동,4159510300,능동,15,15,4,1479.0
20260530,4159711500,여울동,4159510300,능동,15,30,2,1812.0
20260530,4159711500,여울동,4159510300,능동,15,45,3,1778.0
20260530,4159711500,여울동,4159510300,능동,16,00,1,2018.0
20260530,4159711500,여울동,4159510300,능동,16,15,4,1555.0
20260530,4159711500,여울동,4159510300,능동,16,30,3,1258.0
20260530,4159711500,여울동,4159510300,능동,16,45,3,1255.0
20260530,4159711500,여울동,4159510300,능동,17,00,1,1151.0
20260530,4159711500,여울동,4159510300,능동,17,15,5,1269.0
20260530,4159711500,여울동,4159510300,능동,17,30,9,1279.0
20260530,4159711500,여울동,4159510300,능동,17,45,1,1320.0
20260530,4159711500,여울동,4159510300,능동,18,00,7,1610.0
20260530,4159711500,여울동,4159510300,능동,18,15,3,1172.0
20260530,4159711500,여울동,4159510300,능동,18,30,2,1702.0
20260530,4159711500,여울동,4159510300,능동,18,45,3,1575.0
20260530,4159711500,여울동,4159510300,능동,19,00,9,1503.0
20260530,4159711500,여울동,4159510300,능동,19,15,1,1327.0
20260530,4159711500,여울동,4159510300,능동,19,45,2,1461.0
20260530,4159711500,여울동,4159510300,능동,20,00,6,1555.0
20260530,4159711500,여울동,4159510300,능동,20,15,9,1582.0
20260530,4159711500,여울동,4159510300,능동,20,30,13,1765.0
20260530,4159711500,여울동,4159510300,능동,20,45,11,1410.0
20260530,4159711500,여울동,4159510300,능동,21,00,7,1366.0
20260530,4159711500,여울동,4159510300,능동,21,15,2,1318.0
20260530,4159711500,여울동,4159510300,능동,21,30,2,961.0
20260530,4159711500,여울동,4159510300,능동,21,45,5,1874.0
20260530,4159711500,여울동,4159510300,능동,22,00,3,1215.0
20260530,4159711500,여울동,4159510300,능동,22,15,7,1400.0
20260530,4159711500,여울동,4159510300,능동,22,30,4,1679.0
20260530,4159711500,여울동,4159510300,능동,22,45,5,992.0
20260530,4159711500,여울동,4159510300,능동,23,00,2,1347.0
20260530,4159711500,여울동,4159510300,능동,23,45,1,1461.0
20260530,4159711500,여울동,4159510900,안녕동,00,00,1,2352.0
20260530,4159711500,여울동,4159510900,안녕동,06,30,1,2026.0
20260530,4159711500,여울동,4159510900,안녕동,06,45,1,2651.0
20260530,4159711500,여울동,4159510900,안녕동,08,00,1,2099.0
20260530,4159711500,여울동,4159510900,안녕동,10,15,2,2533.0
20260530,4159711500,여울동,4159510900,안녕동,11,00,1,3955.0
20260530,4159711500,여울동,4159510900,안녕동,11,30,2,1955.0
20260530,4159711500,여울동,4159510900,안녕동,15,45,7,2586.0
20260530,4159711500,여울동,4159510900,안녕동,16,00,1,3188.0
20260530,4159711500,여울동,4159510900,안녕동,16,45,1,3688.0
20260530,4159711500,여울동,4159510900,안녕동,17,15,1,3163.0
20260530,4159711500,여울동,4159510900,안녕동,19,00,1,3365.0
20260530,4159711500,여울동,4159510900,안녕동,20,45,2,2962.0
20260530,4159711500,여울동,4159510900,안녕동,21,15,1,3064.0
20260530,4159711500,여울동,4159711100,장지동,00,00,1,855.0
20260530,4159711500,여울동,4159711100,장지동,00,15,4,1292.0
20260530,4159711500,여울동,4159711100,장지동,00,30,3,796.0
20260530,4159711500,여울동,4159711100,장지동,01,15,1,351.0
20260530,4159711500,여울동,4159711100,장지동,01,30,1,969.0
20260530,4159711500,여울동,4159711100,장지동,01,45,1,702.0
20260530,4159711500,여울동,4159711100,장지동,02,15,3,767.0
20260530,4159711500,여울동,4159711100,장지동,06,45,2,1015.0
20260530,4159711500,여울동,4159711100,장지동,07,00,1,1058.0
20260530,4159711500,여울동,4159711100,장지동,07,15,1,825.0
20260530,4159711500,여울동,4159711100,장지동,07,30,1,640.0
20260530,4159711500,여울동,4159711100,장지동,08,15,2,852.0
20260530,4159711500,여울동,4159711100,장지동,08,30,2,872.0
20260530,4159711500,여울동,4159711100,장지동,09,00,3,1047.0
20260530,4159711500,여울동,4159711100,장지동,09,30,1,1452.0
20260530,4159711500,여울동,4159711100,장지동,09,45,3,1109.0
20260530,4159711500,여울동,4159711100,장지동,10,00,1,3267.0
20260530,4159711500,여울동,4159711100,장지동,10,15,5,795.0
20260530,4159711500,여울동,4159711100,장지동,10,45,4,1158.0
20260530,4159711500,여울동,4159711100,장지동,11,00,3,2876.0
20260530,4159711500,여울동,4159711100,장지동,11,15,1,1124.0
20260530,4159711500,여울동,4159711100,장지동,11,30,2,1391.0
20260530,4159711500,여울동,4159711100,장지동,11,45,1,1126.0
20260530,4159711500,여울동,4159711100,장지동,12,00,4,1406.0
20260530,4159711500,여울동,4159711100,장지동,12,15,1,1219.0
20260530,4159711500,여울동,4159711100,장지동,12,30,1,999.0
20260530,4159711500,여울동,4159711100,장지동,12,45,2,1099.0
20260530,4159711500,여울동,4159711100,장지동,13,00,8,891.0
20260530,4159711500,여울동,4159711100,장지동,13,15,1,853.0
20260530,4159711500,여울동,4159711100,장지동,13,30,3,875.0
20260530,4159711500,여울동,4159711100,장지동,14,00,6,955.0
20260530,4159711500,여울동,4159711100,장지동,14,15,3,1640.0
20260530,4159711500,여울동,4159711100,장지동,14,30,4,1210.0
20260530,4159711500,여울동,4159711100,장지동,14,45,9,1484.0
20260530,4159711500,여울동,4159711100,장지동,15,00,5,790.0
20260530,4159711500,여울동,4159711100,장지동,15,15,2,628.0
20260530,4159711500,여울동,4159711100,장지동,15,30,3,872.0
20260530,4159711500,여울동,4159711100,장지동,15,45,4,1286.0
20260530,4159711500,여울동,4159711100,장지동,16,00,3,1186.0
20260530,4159711500,여울동,4159711100,장지동,16,15,9,1311.0
20260530,4159711500,여울동,4159711100,장지동,16,30,6,950.0
20260530,4159711500,여울동,4159711100,장지동,17,00,13,1078.0
20260530,4159711500,여울동,4159711100,장지동,17,15,2,1985.0
20260530,4159711500,여울동,4159711100,장지동,17,30,7,1312.0
20260530,4159711500,여울동,4159711100,장지동,17,45,5,1160.0
20260530,4159711500,여울동,4159711100,장지동,18,00,7,883.0
20260530,4159711500,여울동,4159711100,장지동,18,15,2,1236.0
20260530,4159711500,여울동,4159711100,장지동,18,30,10,1116.0
20260530,4159711500,여울동,4159711100,장지동,18,45,5,1440.0
20260530,4159711500,여울동,4159711100,장지동,19,00,6,1269.0
20260530,4159711500,여울동,4159711100,장지동,19,15,10,1168.0
20260530,4159711500,여울동,4159711100,장지동,19,30,5,1108.0
20260530,4159711500,여울동,4159711100,장지동,19,45,1,852.0
20260530,4159711500,여울동,4159711100,장지동,20,00,7,899.0
20260530,4159711500,여울동,4159711100,장지동,20,15,10,1389.0
20260530,4159711500,여울동,4159711100,장지동,20,30,1,2401.0
20260530,4159711500,여울동,4159711100,장지동,20,45,13,1189.0
20260530,4159711500,여울동,4159711100,장지동,21,00,7,907.0
20260530,4159711500,여울동,4159711100,장지동,21,15,7,934.0
20260530,4159711500,여울동,4159711100,장지동,21,30,6,1202.0
20260530,4159711500,여울동,4159711100,장지동,21,45,4,912.0
20260530,4159711500,여울동,4159711100,장지동,22,00,3,927.0
20260530,4159711500,여울동,4159711100,장지동,22,15,4,1478.0
20260530,4159711500,여울동,4159711100,장지동,22,30,3,511.0
20260530,4159711500,여울동,4159711100,장지동,22,45,4,654.0
20260530,4159711500,여울동,4159711100,장지동,23,00,8,974.0
20260530,4159711500,여울동,4159711100,장지동,23,15,3,1182.0
20260530,4159711500,여울동,4159711100,장지동,23,30,7,1034.0
20260530,4159711500,여울동,4159711100,장지동,23,45,2,749.0
20260530,4159711500,여울동,4159711500,여울동,00,00,2,411.0
20260530,4159711500,여울동,4159711500,여울동,00,45,1,88.0
20260530,4159711500,여울동,4159711500,여울동,01,15,2,418.0
20260530,4159711500,여울동,4159711500,여울동,02,00,1,309.0
20260530,4159711500,여울동,4159711500,여울동,02,45,1,76.0
20260530,4159711500,여울동,4159711500,여울동,05,15,1,518.0
20260530,4159711500,여울동,4159711500,여울동,05,45,1,493.0
20260530,4159711500,여울동,4159711500,여울동,06,00,1,239.0
20260530,4159711500,여울동,4159711500,여울동,06,30,10,452.0
20260530,4159711500,여울동,4159711500,여울동,06,45,1,666.0
20260530,4159711500,여울동,4159711500,여울동,07,00,2,943.0
20260530,4159711500,여울동,4159711500,여울동,07,15,2,182.0
20260530,4159711500,여울동,4159711500,여울동,07,30,1,535.0
20260530,4159711500,여울동,4159711500,여울동,07,45,4,519.0
20260530,4159711500,여울동,4159711500,여울동,08,00,2,345.0
20260530,4159711500,여울동,4159711500,여울동,08,15,1,417.0
20260530,4159711500,여울동,4159711500,여울동,08,30,7,648.0
20260530,4159711500,여울동,4159711500,여울동,08,45,3,382.0
20260530,4159711500,여울동,4159711500,여울동,09,00,4,708.0
20260530,4159711500,여울동,4159711500,여울동,09,15,5,2520.0
20260530,4159711500,여울동,4159711500,여울동,09,30,7,442.0
20260530,4159711500,여울동,4159711500,여울동,09,45,7,802.0
20260530,4159711500,여울동,4159711500,여울동,10,00,13,508.0
20260530,4159711500,여울동,4159711500,여울동,10,15,7,568.0
20260530,4159711500,여울동,4159711500,여울동,10,30,8,615.0
20260530,4159711500,여울동,4159711500,여울동,10,45,10,637.0
20260530,4159711500,여울동,4159711500,여울동,11,00,10,577.0
20260530,4159711500,여울동,4159711500,여울동,11,15,14,908.0
20260530,4159711500,여울동,4159711500,여울동,11,30,14,1907.0
20260530,4159711500,여울동,4159711500,여울동,11,45,10,846.0
20260530,4159711500,여울동,4159711500,여울동,12,00,10,1058.0
20260530,4159711500,여울동,4159711500,여울동,12,15,7,619.0
20260530,4159711500,여울동,4159711500,여울동,12,30,12,1282.0
20260530,4159711500,여울동,4159711500,여울동,12,45,6,636.0
20260530,4159711500,여울동,4159711500,여울동,13,00,14,1575.0
20260530,4159711500,여울동,4159711500,여울동,13,15,12,609.0
20260530,4159711500,여울동,4159711500,여울동,13,30,10,388.0
20260530,4159711500,여울동,4159711500,여울동,13,45,9,393.0
20260530,4159711500,여울동,4159711500,여울동,14,00,12,442.0
20260530,4159711500,여울동,4159711500,여울동,14,15,4,438.0
20260530,4159711500,여울동,4159711500,여울동,14,30,12,421.0
20260530,4159711500,여울동,4159711500,여울동,14,45,19,459.0
20260530,4159711500,여울동,4159711500,여울동,15,00,5,1383.0
20260530,4159711500,여울동,4159711500,여울동,15,15,5,1058.0
20260530,4159711500,여울동,4159711500,여울동,15,30,16,580.0
20260530,4159711500,여울동,4159711500,여울동,15,45,9,381.0
20260530,4159711500,여울동,4159711500,여울동,16,00,25,697.0
20260530,4159711500,여울동,4159711500,여울동,16,15,16,378.0
20260530,4159711500,여울동,4159711500,여울동,16,30,14,587.0
20260530,4159711500,여울동,4159711500,여울동,16,45,13,412.0
20260530,4159711500,여울동,4159711500,여울동,17,00,19,721.0
20260530,4159711500,여울동,4159711500,여울동,17,15,7,470.0
20260530,4159711500,여울동,4159711500,여울동,17,30,10,368.0
20260530,4159711500,여울동,4159711500,여울동,17,45,21,408.0
20260530,4159711500,여울동,4159711500,여울동,18,00,19,476.0
20260530,4159711500,여울동,4159711500,여울동,18,15,11,523.0
20260530,4159711500,여울동,4159711500,여울동,18,30,19,571.0
20260530,4159711500,여울동,4159711500,여울동,18,45,14,439.0
20260530,4159711500,여울동,4159711500,여울동,19,00,12,405.0
20260530,4159711500,여울동,4159711500,여울동,19,15,7,432.0
20260530,4159711500,여울동,4159711500,여울동,19,30,1,2866.0
20260530,4159711500,여울동,4159711500,여울동,19,45,16,428.0
20260530,4159711500,여울동,4159711500,여울동,20,00,9,361.0
20260530,4159711500,여울동,4159711500,여울동,20,15,13,537.0
20260530,4159711500,여울동,4159711500,여울동,20,30,19,579.0
20260530,4159711500,여울동,4159711500,여울동,20,45,14,540.0
20260530,4159711500,여울동,4159711500,여울동,21,00,6,382.0
20260530,4159711500,여울동,4159711500,여울동,21,15,13,871.0
20260530,4159711500,여울동,4159711500,여울동,21,30,10,415.0
20260530,4159711500,여울동,4159711500,여울동,21,45,7,588.0
20260530,4159711500,여울동,4159711500,여울동,22,00,11,259.0
20260530,4159711500,여울동,4159711500,여울동,22,15,3,612.0
20260530,4159711500,여울동,4159711500,여울동,22,30,4,472.0
20260530,4159711500,여울동,4159711500,여울동,22,45,2,393.0
20260530,4159711500,여울동,4159711500,여울동,23,00,4,205.0
20260530,4159711500,여울동,4159711500,여울동,23,15,3,282.0
20260530,4159711500,여울동,4159711500,여울동,23,30,1,381.0
20260530,4159711500,여울동,4159711500,여울동,23,45,5,382.0
20260530,4159711500,여울동,4159125339,향남읍,14,00,2,4780.0
20260530,4159711500,여울동,4159125339,향남읍,16,45,1,5365.0
20260530,4159711500,여울동,4159125339,향남읍,20,15,1,4426.0
20260530,4159711500,여울동,4159125339,향남읍,20,45,2,3363.0
20260530,4159711500,여울동,4159125339,향남읍,21,15,1,6861.0
20260530,4159125326,향남읍,4159710600,영천동,09,00,1,5955.0
20260530,4159125326,향남읍,4159710200,반송동,07,15,1,3719.0
20260530,4159125326,향남읍,4159710200,반송동,10,30,1,4629.0
20260530,4159125326,향남읍,4159710200,반송동,11,30,1,4892.0
20260530,4159125326,향남읍,4159710200,반송동,12,30,1,4984.0
20260530,4159125326,향남읍,4159710200,반송동,13,00,1,4661.0
20260530,4159125326,향남읍,4159710200,반송동,14,30,2,4749.0
20260530,4159125326,향남읍,4159710200,반송동,21,30,1,1092.0
20260530,4159125326,향남읍,4159125621,남양읍,06,45,1,3176.0
20260530,4159125326,향남읍,4159125621,남양읍,09,15,2,3526.0
20260530,4159125326,향남읍,4159125621,남양읍,11,45,2,3049.0
20260530,4159125326,향남읍,4159125621,남양읍,12,30,1,4403.0
20260530,4159125326,향남읍,4159125621,남양읍,12,45,1,2802.0
20260530,4159125326,향남읍,4159125621,남양읍,13,45,2,3249.0
20260530,4159125326,향남읍,4159125621,남양읍,14,00,2,4780.0
20260530,4159125326,향남읍,4159125621,남양읍,22,00,1,1855.0
20260530,4159125326,향남읍,4159125621,남양읍,22,15,1,3208.0
20260530,4159125326,향남읍,4159510200,병점동,00,00,1,3142.0
20260530,4159125326,향남읍,4159510200,병점동,09,00,1,3093.0
20260530,4159125326,향남읍,4159510200,병점동,10,00,1,2545.0
20260530,4159125326,향남읍,4159510200,병점동,10,15,1,4312.0
20260530,4159125326,향남읍,4159510200,병점동,11,30,1,4026.0
20260530,4159125326,향남읍,4159510200,병점동,12,30,1,3767.0
20260530,4159125326,향남읍,4159510200,병점동,14,15,2,3497.0
20260530,4159125326,향남읍,4159510200,병점동,15,00,1,2947.0
20260530,4159125326,향남읍,4159510200,병점동,16,30,1,3576.0
20260530,4159125326,향남읍,4159510200,병점동,17,30,4,3773.0
20260530,4159125326,향남읍,4159510200,병점동,18,00,1,3124.0
20260530,4159125326,향남읍,4159510200,병점동,21,15,1,2751.0
20260530,4159125326,향남읍,4159510900,안녕동,05,00,1,3009.0
20260530,4159125326,향남읍,4159510900,안녕동,05,30,2,1900.0
20260530,4159125326,향남읍,4159510900,안녕동,05,45,1,2942.0
20260530,4159125326,향남읍,4159510900,안녕동,07,15,1,1862.0
20260530,4159125326,향남읍,4159510900,안녕동,08,45,1,4753.0
20260530,4159125326,향남읍,4159510900,안녕동,11,15,1,4605.0
20260530,4159125326,향남읍,4159510900,안녕동,15,00,1,3130.0
20260530,4159125326,향남읍,4159510900,안녕동,15,30,1,2898.0
20260530,4159125326,향남읍,4159510900,안녕동,17,00,1,3190.0
20260530,4159125326,향남읍,4159125326,향남읍,05,45,1,601.0
20260530,4159125326,향남읍,4159125326,향남읍,06,15,1,116.0
20260530,4159125326,향남읍,4159125326,향남읍,06,45,1,639.0
20260530,4159125326,향남읍,4159125326,향남읍,07,00,1,351.0
20260530,4159125326,향남읍,4159125326,향남읍,07,30,2,1131.0
20260530,4159125326,향남읍,4159125326,향남읍,08,45,1,319.0
20260530,4159125326,향남읍,4159125326,향남읍,09,15,3,393.0
20260530,4159125326,향남읍,4159125326,향남읍,09,30,1,410.0
20260530,4159125326,향남읍,4159125326,향남읍,09,45,1,98.0
20260530,4159125326,향남읍,4159125326,향남읍,10,15,2,779.0
20260530,4159125326,향남읍,4159125326,향남읍,10,30,1,339.0
20260530,4159125326,향남읍,4159125326,향남읍,10,45,1,239.0
20260530,4159125326,향남읍,4159125326,향남읍,11,00,3,241.0
20260530,4159125326,향남읍,4159125326,향남읍,11,15,2,504.0
20260530,4159125326,향남읍,4159125326,향남읍,11,45,3,951.0
20260530,4159125326,향남읍,4159125326,향남읍,12,00,5,139.0
20260530,4159125326,향남읍,4159125326,향남읍,12,30,3,222.0
20260530,4159125326,향남읍,4159125326,향남읍,13,30,1,492.0
20260530,4159125326,향남읍,4159125326,향남읍,13,45,2,293.0
20260530,4159125326,향남읍,4159125326,향남읍,14,00,2,302.0
20260530,4159125326,향남읍,4159125326,향남읍,14,15,2,155.0
20260530,4159125326,향남읍,4159125326,향남읍,14,30,2,436.0
20260530,4159125326,향남읍,4159125326,향남읍,14,45,1,780.0
20260530,4159125326,향남읍,4159125326,향남읍,15,15,1,386.0
20260530,4159125326,향남읍,4159125326,향남읍,16,00,2,397.0
20260530,4159125326,향남읍,4159125326,향남읍,16,15,2,792.0
20260530,4159125326,향남읍,4159125326,향남읍,16,30,1,317.0
20260530,4159125326,향남읍,4159125326,향남읍,16,45,1,24.0
20260530,4159125326,향남읍,4159125326,향남읍,17,00,2,799.0
20260530,4159125326,향남읍,4159125326,향남읍,17,15,2,720.0
20260530,4159125326,향남읍,4159125326,향남읍,17,30,2,245.0
20260530,4159125326,향남읍,4159125326,향남읍,18,15,2,15.0
20260530,4159125326,향남읍,4159125326,향남읍,18,30,1,598.0
20260530,4159125326,향남읍,4159125326,향남읍,18,45,1,14.0
20260530,4159125326,향남읍,4159125326,향남읍,19,15,3,135.0
20260530,4159125326,향남읍,4159125326,향남읍,19,30,1,404.0
20260530,4159125326,향남읍,4159125326,향남읍,20,00,2,1033.0
20260530,4159125326,향남읍,4159125326,향남읍,20,30,1,1032.0
20260530,4159125326,향남읍,4159125326,향남읍,20,45,1,1357.0
20260530,4159125326,향남읍,4159125326,향남읍,21,30,2,31.0
20260530,4159125326,향남읍,4159125326,향남읍,21,45,1,937.0
20260530,4159125326,향남읍,4159125326,향남읍,22,00,1,491.0
20260530,4159125326,향남읍,4159125326,향남읍,22,15,1,17.0
20260530,4159125326,향남읍,4159125326,향남읍,22,30,2,518.0
20260530,4159125326,향남읍,4159125326,향남읍,23,00,3,92.0
20260530,4159125326,향남읍,4159125339,향남읍,00,00,5,402.0
20260530,4159125326,향남읍,4159125339,향남읍,05,00,1,727.0
20260530,4159125326,향남읍,4159125339,향남읍,05,15,3,669.0
20260530,4159125326,향남읍,4159125339,향남읍,05,30,2,611.0
20260530,4159125326,향남읍,4159125339,향남읍,06,00,1,578.0
20260530,4159125326,향남읍,4159125339,향남읍,06,15,1,379.0
20260530,4159125326,향남읍,4159125339,향남읍,06,30,3,420.0
20260530,4159125326,향남읍,4159125339,향남읍,06,45,1,182.0
20260530,4159125326,향남읍,4159125339,향남읍,07,15,3,596.0
20260530,4159125326,향남읍,4159125339,향남읍,07,30,4,329.0
20260530,4159125326,향남읍,4159125339,향남읍,07,45,3,741.0
20260530,4159125326,향남읍,4159125339,향남읍,08,00,3,310.0
20260530,4159125326,향남읍,4159125339,향남읍,08,15,6,522.0
20260530,4159125326,향남읍,4159125339,향남읍,08,30,2,656.0
20260530,4159125326,향남읍,4159125339,향남읍,08,45,7,796.0
20260530,4159125326,향남읍,4159125339,향남읍,09,00,3,431.0
20260530,4159125326,향남읍,4159125339,향남읍,09,15,11,741.0
20260530,4159125326,향남읍,4159125339,향남읍,09,30,8,572.0
20260530,4159125326,향남읍,4159125339,향남읍,09,45,7,918.0
20260530,4159125326,향남읍,4159125339,향남읍,10,00,2,386.0
20260530,4159125326,향남읍,4159125339,향남읍,10,15,15,704.0
20260530,4159125326,향남읍,4159125339,향남읍,10,30,10,479.0
20260530,4159125326,향남읍,4159125339,향남읍,10,45,11,637.0
20260530,4159125326,향남읍,4159125339,향남읍,11,00,9,620.0
20260530,4159125326,향남읍,4159125339,향남읍,11,15,14,506.0
20260530,4159125326,향남읍,4159125339,향남읍,11,30,8,546.0
20260530,4159125326,향남읍,4159125339,향남읍,11,45,11,379.0
20260530,4159125326,향남읍,4159125339,향남읍,12,00,3,747.0
20260530,4159125326,향남읍,4159125339,향남읍,12,15,8,545.0
20260530,4159125326,향남읍,4159125339,향남읍,12,30,13,405.0
20260530,4159125326,향남읍,4159125339,향남읍,12,45,1,735.0
20260530,4159125326,향남읍,4159125339,향남읍,13,00,11,624.0
20260530,4159125326,향남읍,4159125339,향남읍,13,15,11,882.0
20260530,4159125326,향남읍,4159125339,향남읍,13,30,7,608.0
20260530,4159125326,향남읍,4159125339,향남읍,13,45,7,504.0
20260530,4159125326,향남읍,4159125339,향남읍,14,00,11,494.0
20260530,4159125326,향남읍,4159125339,향남읍,14,15,6,579.0
20260530,4159125326,향남읍,4159125339,향남읍,14,30,17,468.0
20260530,4159125326,향남읍,4159125339,향남읍,14,45,7,459.0
20260530,4159125326,향남읍,4159125339,향남읍,15,00,6,575.0
20260530,4159125326,향남읍,4159125339,향남읍,15,15,8,705.0
20260530,4159125326,향남읍,4159125339,향남읍,15,30,14,438.0
20260530,4159125326,향남읍,4159125339,향남읍,15,45,9,495.0
20260530,4159125326,향남읍,4159125339,향남읍,16,00,10,539.0
20260530,4159125326,향남읍,4159125339,향남읍,16,15,3,1004.0
20260530,4159125326,향남읍,4159125339,향남읍,16,30,4,382.0
20260530,4159125326,향남읍,4159125339,향남읍,16,45,10,440.0
20260530,4159125326,향남읍,4159125339,향남읍,17,00,8,411.0
20260530,4159125326,향남읍,4159125339,향남읍,17,15,4,505.0
20260530,4159125326,향남읍,4159125339,향남읍,17,30,13,352.0
20260530,4159125326,향남읍,4159125339,향남읍,17,45,7,553.0
20260530,4159125326,향남읍,4159125339,향남읍,18,00,9,461.0
20260530,4159125326,향남읍,4159125339,향남읍,18,15,10,631.0
20260530,4159125326,향남읍,4159125339,향남읍,18,30,9,803.0
20260530,4159125326,향남읍,4159125339,향남읍,19,00,10,483.0
20260530,4159125326,향남읍,4159125339,향남읍,19,15,1,1459.0
20260530,4159125326,향남읍,4159125339,향남읍,19,30,4,395.0
20260530,4159125326,향남읍,4159125339,향남읍,19,45,7,444.0
20260530,4159125326,향남읍,4159125339,향남읍,20,00,11,386.0
20260530,4159125326,향남읍,4159125339,향남읍,20,30,5,467.0
20260530,4159125326,향남읍,4159125339,향남읍,20,45,4,394.0
20260530,4159125326,향남읍,4159125339,향남읍,21,00,3,350.0
20260530,4159125326,향남읍,4159125339,향남읍,21,15,2,206.0
20260530,4159125326,향남읍,4159125339,향남읍,21,30,4,448.0
20260530,4159125326,향남읍,4159125339,향남읍,21,45,9,532.0
20260530,4159125326,향남읍,4159125339,향남읍,22,00,9,358.0
20260530,4159125326,향남읍,4159125339,향남읍,22,15,3,335.0
20260530,4159125326,향남읍,4159125339,향남읍,22,30,4,432.0
20260530,4159125326,향남읍,4159125339,향남읍,23,00,1,192.0
20260530,4159125326,향남읍,4159125339,향남읍,23,15,1,228.0
20260530,4159125326,향남읍,4159125339,향남읍,23,30,1,727.0
20260530,4159125339,향남읍,4159710600,영천동,06,15,1,3457.0
20260530,4159125339,향남읍,4159710200,반송동,07,30,1,4042.0
20260530,4159125339,향남읍,4159710200,반송동,09,00,1,5693.0
20260530,4159125339,향남읍,4159710200,반송동,10,45,1,3112.0
20260530,4159125339,향남읍,4159710200,반송동,16,15,1,3080.0
20260530,4159125339,향남읍,4159125621,남양읍,05,30,2,2405.0
20260530,4159125339,향남읍,4159125621,남양읍,07,15,1,3480.0
20260530,4159125339,향남읍,4159125621,남양읍,07,30,1,3006.0
20260530,4159125339,향남읍,4159125621,남양읍,08,00,1,2678.0
20260530,4159125339,향남읍,4159125621,남양읍,09,45,1,3017.0
20260530,4159125339,향남읍,4159125621,남양읍,10,30,2,2753.0
20260530,4159125339,향남읍,4159125621,남양읍,14,00,2,2239.0
20260530,4159125339,향남읍,4159125621,남양읍,14,15,1,5498.0
20260530,4159125339,향남읍,4159125621,남양읍,15,30,1,2860.0
20260530,4159125339,향남읍,4159125621,남양읍,16,15,1,2488.0
20260530,4159125339,향남읍,4159125621,남양읍,17,00,1,2712.0
20260530,4159125339,향남읍,4159125621,남양읍,17,30,1,2927.0
20260530,4159125339,향남읍,4159125621,남양읍,18,15,1,3013.0
20260530,4159125339,향남읍,4159125621,남양읍,18,30,1,2751.0
20260530,4159125339,향남읍,4159125621,남양읍,18,45,2,2307.0
20260530,4159125339,향남읍,4159510200,병점동,06,00,1,2233.0
20260530,4159125339,향남읍,4159510200,병점동,06,15,1,2434.0
20260530,4159125339,향남읍,4159510200,병점동,07,00,1,2585.0
20260530,4159125339,향남읍,4159510200,병점동,08,15,2,2030.0
20260530,4159125339,향남읍,4159510200,병점동,08,30,1,2288.0
20260530,4159125339,향남읍,4159510200,병점동,09,00,2,2653.0
20260530,4159125339,향남읍,4159510200,병점동,09,15,1,2116.0
20260530,4159125339,향남읍,4159510200,병점동,10,15,1,2278.0
20260530,4159125339,향남읍,4159510200,병점동,10,45,2,2512.0
20260530,4159125339,향남읍,4159510200,병점동,11,15,5,2219.0
20260530,4159125339,향남읍,4159510200,병점동,11,30,1,3366.0
20260530,4159125339,향남읍,4159510200,병점동,11,45,1,2699.0
20260530,4159125339,향남읍,4159510200,병점동,12,00,1,2237.0
20260530,4159125339,향남읍,4159510200,병점동,12,30,1,2518.0
20260530,4159125339,향남읍,4159510200,병점동,12,45,2,2929.0
20260530,4159125339,향남읍,4159510200,병점동,14,30,2,2691.0
20260530,4159125339,향남읍,4159510200,병점동,16,00,2,1954.0
20260530,4159125339,향남읍,4159510200,병점동,16,45,1,2634.0
20260530,4159125339,향남읍,4159510200,병점동,17,15,18,2361.0
20260530,4159125339,향남읍,4159510200,병점동,17,45,2,2662.0
20260530,4159125339,향남읍,4159510200,병점동,18,00,1,1771.0
20260530,4159125339,향남읍,4159510200,병점동,18,15,1,1762.0
20260530,4159125339,향남읍,4159510200,병점동,18,45,2,1976.0
20260530,4159125339,향남읍,4159510200,병점동,19,15,3,2573.0
20260530,4159125339,향남읍,4159510200,병점동,19,45,1,2256.0
20260530,4159125339,향남읍,4159510200,병점동,20,30,1,2967.0
20260530,4159125339,향남읍,4159510200,병점동,20,45,1,1928.0
20260530,4159125339,향남읍,4159510200,병점동,21,00,1,1821.0
20260530,4159125339,향남읍,4159510200,병점동,23,30,1,3876.0
20260530,4159125339,향남읍,4159510300,능동,09,00,1,3650.0
20260530,4159125339,향남읍,4159510300,능동,18,30,1,2675.0
20260530,4159125339,향남읍,4159510900,안녕동,06,30,1,1421.0
20260530,4159125339,향남읍,4159510900,안녕동,06,45,1,3242.0
20260530,4159125339,향남읍,4159510900,안녕동,10,15,1,2981.0
20260530,4159125339,향남읍,4159510900,안녕동,13,45,1,2113.0
20260530,4159125339,향남읍,4159510900,안녕동,16,15,1,1521.0
20260530,4159125339,향남읍,4159510900,안녕동,18,15,1,1491.0
20260530,4159125339,향남읍,4159510900,안녕동,18,30,1,2516.0
20260530,4159125339,향남읍,4159510900,안녕동,18,45,1,2534.0
20260530,4159125339,향남읍,4159510900,안녕동,19,30,1,1703.0
20260530,4159125339,향남읍,4159510900,안녕동,20,45,1,4493.0
20260530,4159125339,향남읍,4159510900,안녕동,21,30,1,1381.0
20260530,4159125339,향남읍,4159711100,장지동,13,45,1,3104.0
20260530,4159125339,향남읍,4159711100,장지동,17,00,1,5122.0
20260530,4159125339,향남읍,4159711500,여울동,16,45,1,4618.0
20260530,4159125339,향남읍,4159125326,향남읍,00,00,2,766.0
20260530,4159125339,향남읍,4159125326,향남읍,00,15,1,473.0
20260530,4159125339,향남읍,4159125326,향남읍,05,45,2,737.0
20260530,4159125339,향남읍,4159125326,향남읍,06,00,3,497.0
20260530,4159125339,향남읍,4159125326,향남읍,06,15,2,387.0
20260530,4159125339,향남읍,4159125326,향남읍,06,30,2,337.0
20260530,4159125339,향남읍,4159125326,향남읍,06,45,3,496.0
20260530,4159125339,향남읍,4159125326,향남읍,07,00,1,368.0
20260530,4159125339,향남읍,4159125326,향남읍,07,15,5,613.0
20260530,4159125339,향남읍,4159125326,향남읍,07,30,3,397.0
20260530,4159125339,향남읍,4159125326,향남읍,07,45,3,499.0
20260530,4159125339,향남읍,4159125326,향남읍,08,00,3,475.0
20260530,4159125339,향남읍,4159125326,향남읍,08,15,1,327.0
20260530,4159125339,향남읍,4159125326,향남읍,08,30,6,521.0
20260530,4159125339,향남읍,4159125326,향남읍,08,45,5,501.0
20260530,4159125339,향남읍,4159125326,향남읍,09,00,4,619.0
20260530,4159125339,향남읍,4159125326,향남읍,09,15,6,565.0
20260530,4159125339,향남읍,4159125326,향남읍,09,30,13,637.0
20260530,4159125339,향남읍,4159125326,향남읍,09,45,6,631.0
20260530,4159125339,향남읍,4159125326,향남읍,10,00,8,619.0
20260530,4159125339,향남읍,4159125326,향남읍,10,15,11,495.0
20260530,4159125339,향남읍,4159125326,향남읍,10,30,23,456.0
20260530,4159125339,향남읍,4159125326,향남읍,10,45,4,954.0
20260530,4159125339,향남읍,4159125326,향남읍,11,00,11,672.0
20260530,4159125339,향남읍,4159125326,향남읍,11,15,2,779.0
20260530,4159125339,향남읍,4159125326,향남읍,11,30,16,787.0
20260530,4159125339,향남읍,4159125326,향남읍,11,45,17,623.0
20260530,4159125339,향남읍,4159125326,향남읍,12,00,5,544.0
20260530,4159125339,향남읍,4159125326,향남읍,12,15,3,832.0
20260530,4159125339,향남읍,4159125326,향남읍,12,30,14,844.0
20260530,4159125339,향남읍,4159125326,향남읍,12,45,13,466.0
20260530,4159125339,향남읍,4159125326,향남읍,13,00,15,756.0
20260530,4159125339,향남읍,4159125326,향남읍,13,15,16,457.0
20260530,4159125339,향남읍,4159125326,향남읍,13,30,5,982.0
20260530,4159125339,향남읍,4159125326,향남읍,13,45,4,667.0
20260530,4159125339,향남읍,4159125326,향남읍,14,00,22,678.0
20260530,4159125339,향남읍,4159125326,향남읍,14,15,13,652.0
20260530,4159125339,향남읍,4159125326,향남읍,14,30,14,490.0
20260530,4159125339,향남읍,4159125326,향남읍,14,45,10,737.0
20260530,4159125339,향남읍,4159125326,향남읍,15,00,18,693.0
20260530,4159125339,향남읍,4159125326,향남읍,15,15,9,702.0
20260530,4159125339,향남읍,4159125326,향남읍,15,30,18,701.0
20260530,4159125339,향남읍,4159125326,향남읍,15,45,23,810.0
20260530,4159125339,향남읍,4159125326,향남읍,16,00,15,625.0
20260530,4159125339,향남읍,4159125326,향남읍,16,15,8,544.0
20260530,4159125339,향남읍,4159125326,향남읍,16,30,17,575.0
20260530,4159125339,향남읍,4159125326,향남읍,16,45,6,594.0
20260530,4159125339,향남읍,4159125326,향남읍,17,00,27,834.0
20260530,4159125339,향남읍,4159125326,향남읍,17,15,11,668.0
20260530,4159125339,향남읍,4159125326,향남읍,17,30,16,763.0
20260530,4159125339,향남읍,4159125326,향남읍,17,45,16,720.0
20260530,4159125339,향남읍,4159125326,향남읍,18,00,24,622.0
20260530,4159125339,향남읍,4159125326,향남읍,18,15,9,493.0
20260530,4159125339,향남읍,4159125326,향남읍,18,30,19,723.0
20260530,4159125339,향남읍,4159125326,향남읍,18,45,20,550.0
20260530,4159125339,향남읍,4159125326,향남읍,19,00,28,552.0
20260530,4159125339,향남읍,4159125326,향남읍,19,15,14,782.0
20260530,4159125339,향남읍,4159125326,향남읍,19,30,7,553.0
20260530,4159125339,향남읍,4159125326,향남읍,19,45,7,434.0
20260530,4159125339,향남읍,4159125326,향남읍,20,00,3,498.0
20260530,4159125339,향남읍,4159125326,향남읍,20,15,11,711.0
20260530,4159125339,향남읍,4159125326,향남읍,20,30,3,825.0
20260530,4159125339,향남읍,4159125326,향남읍,20,45,5,638.0
20260530,4159125339,향남읍,4159125326,향남읍,21,00,9,628.0
20260530,4159125339,향남읍,4159125326,향남읍,21,15,3,495.0
20260530,4159125339,향남읍,4159125326,향남읍,21,30,6,562.0
20260530,4159125339,향남읍,4159125326,향남읍,21,45,12,486.0
20260530,4159125339,향남읍,4159125326,향남읍,22,00,19,508.0
20260530,4159125339,향남읍,4159125326,향남읍,22,15,2,973.0
20260530,4159125339,향남읍,4159125326,향남읍,22,45,10,470.0
20260530,4159125339,향남읍,4159125326,향남읍,23,00,2,462.0
20260530,4159125339,향남읍,4159125326,향남읍,23,15,1,549.0
20260530,4159125339,향남읍,4159125339,향남읍,05,45,1,1011.0
20260530,4159125339,향남읍,4159125339,향남읍,06,00,1,368.0
20260530,4159125339,향남읍,4159125339,향남읍,06,30,2,171.0
20260530,4159125339,향남읍,4159125339,향남읍,06,45,2,229.0
20260530,4159125339,향남읍,4159125339,향남읍,07,00,1,5026.0
20260530,4159125339,향남읍,4159125339,향남읍,07,30,2,229.0
20260530,4159125339,향남읍,4159125339,향남읍,07,45,3,227.0
20260530,4159125339,향남읍,4159125339,향남읍,08,00,7,1120.0
20260530,4159125339,향남읍,4159125339,향남읍,08,15,1,168.0
20260530,4159125339,향남읍,4159125339,향남읍,08,30,8,458.0
20260530,4159125339,향남읍,4159125339,향남읍,08,45,2,450.0
20260530,4159125339,향남읍,4159125339,향남읍,09,00,3,222.0
20260530,4159125339,향남읍,4159125339,향남읍,09,15,3,229.0
20260530,4159125339,향남읍,4159125339,향남읍,09,30,7,342.0
20260530,4159125339,향남읍,4159125339,향남읍,09,45,8,265.0
20260530,4159125339,향남읍,4159125339,향남읍,10,00,11,930.0
20260530,4159125339,향남읍,4159125339,향남읍,10,15,4,340.0
20260530,4159125339,향남읍,4159125339,향남읍,10,30,8,493.0
20260530,4159125339,향남읍,4159125339,향남읍,10,45,10,329.0
20260530,4159125339,향남읍,4159125339,향남읍,11,00,13,363.0
20260530,4159125339,향남읍,4159125339,향남읍,11,15,9,313.0
20260530,4159125339,향남읍,4159125339,향남읍,11,30,7,1174.0
20260530,4159125339,향남읍,4159125339,향남읍,11,45,10,250.0
20260530,4159125339,향남읍,4159125339,향남읍,12,00,8,356.0
20260530,4159125339,향남읍,4159125339,향남읍,12,15,10,413.0
20260530,4159125339,향남읍,4159125339,향남읍,12,30,7,305.0
20260530,4159125339,향남읍,4159125339,향남읍,12,45,6,221.0
20260530,4159125339,향남읍,4159125339,향남읍,13,00,11,396.0
20260530,4159125339,향남읍,4159125339,향남읍,13,15,12,660.0
20260530,4159125339,향남읍,4159125339,향남읍,13,30,9,273.0
20260530,4159125339,향남읍,4159125339,향남읍,13,45,7,324.0
20260530,4159125339,향남읍,4159125339,향남읍,14,00,9,439.0
20260530,4159125339,향남읍,4159125339,향남읍,14,15,5,313.0
20260530,4159125339,향남읍,4159125339,향남읍,14,30,9,1031.0
20260530,4159125339,향남읍,4159125339,향남읍,14,45,3,755.0
20260530,4159125339,향남읍,4159125339,향남읍,15,00,7,247.0
20260530,4159125339,향남읍,4159125339,향남읍,15,15,10,278.0
20260530,4159125339,향남읍,4159125339,향남읍,15,30,8,259.0
20260530,4159125339,향남읍,4159125339,향남읍,15,45,1,388.0
20260530,4159125339,향남읍,4159125339,향남읍,16,00,8,284.0
20260530,4159125339,향남읍,4159125339,향남읍,16,15,3,619.0
20260530,4159125339,향남읍,4159125339,향남읍,16,30,12,446.0
20260530,4159125339,향남읍,4159125339,향남읍,16,45,3,554.0
20260530,4159125339,향남읍,4159125339,향남읍,17,00,8,256.0
20260530,4159125339,향남읍,4159125339,향남읍,17,15,8,389.0
20260530,4159125339,향남읍,4159125339,향남읍,17,45,2,702.0
20260530,4159125339,향남읍,4159125339,향남읍,18,00,2,240.0
20260530,4159125339,향남읍,4159125339,향남읍,18,30,8,454.0
20260530,4159125339,향남읍,4159125339,향남읍,18,45,3,343.0
20260530,4159125339,향남읍,4159125339,향남읍,19,00,6,664.0
20260530,4159125339,향남읍,4159125339,향남읍,19,15,2,110.0
20260530,4159125339,향남읍,4159125339,향남읍,19,30,3,532.0
20260530,4159125339,향남읍,4159125339,향남읍,19,45,2,337.0
20260530,4159125339,향남읍,4159125339,향남읍,20,00,4,244.0
20260530,4159125339,향남읍,4159125339,향남읍,20,15,4,389.0
20260530,4159125339,향남읍,4159125339,향남읍,20,30,8,425.0
20260530,4159125339,향남읍,4159125339,향남읍,20,45,2,174.0
20260530,4159125339,향남읍,4159125339,향남읍,21,00,3,500.0
20260530,4159125339,향남읍,4159125339,향남읍,21,15,4,263.0
20260530,4159125339,향남읍,4159125339,향남읍,21,30,1,423.0
20260530,4159125339,향남읍,4159125339,향남읍,21,45,3,714.0
20260530,4159125339,향남읍,4159125339,향남읍,22,00,4,317.0
20260530,4159125339,향남읍,4159125339,향남읍,22,15,2,323.0
20260530,4159125339,향남읍,4159125339,향남읍,23,00,5,291.0
20260530,4159125339,향남읍,4159125339,향남읍,23,15,2,380.0
20260530,4159125339,향남읍,4159125339,향남읍,23,45,3,178.0
20260530,4159510200,병점동,4159711500,여울동,02,00,1,1570.0
20260530,4159510200,병점동,4159711500,여울동,04,45,1,1783.0
20260530,4159510200,병점동,4159711500,여울동,05,15,1,1352.0
20260530,4159510200,병점동,4159711500,여울동,05,45,3,1819.0
20260530,4159510200,병점동,4159711500,여울동,06,00,5,1898.0
20260530,4159510200,병점동,4159711500,여울동,06,15,1,1929.0
20260530,4159510200,병점동,4159711500,여울동,06,30,4,1571.0
20260530,4159510200,병점동,4159711500,여울동,06,45,1,2383.0
20260530,4159510200,병점동,4159711500,여울동,07,00,3,1855.0
20260530,4159510200,병점동,4159711500,여울동,07,30,2,2078.0
20260530,4159510200,병점동,4159711500,여울동,07,45,2,1715.0
20260530,4159510200,병점동,4159711500,여울동,08,00,3,1976.0
20260530,4159510200,병점동,4159711500,여울동,08,15,3,1672.0
20260530,4159510200,병점동,4159711500,여울동,08,30,4,2039.0
20260530,4159510200,병점동,4159711500,여울동,08,45,4,1725.0
20260530,4159510200,병점동,4159711500,여울동,09,00,4,1926.0
20260530,4159510200,병점동,4159711500,여울동,09,15,4,2002.0
20260530,4159510200,병점동,4159711500,여울동,09,30,1,2223.0
20260530,4159510200,병점동,4159711500,여울동,09,45,4,1888.0
20260530,4159510200,병점동,4159711500,여울동,10,00,2,2157.0
20260530,4159510200,병점동,4159711500,여울동,10,15,5,1953.0
20260530,4159510200,병점동,4159711500,여울동,10,30,5,2265.0
20260530,4159510200,병점동,4159711500,여울동,10,45,1,1732.0
20260530,4159510200,병점동,4159711500,여울동,11,00,3,1691.0
20260530,4159510200,병점동,4159711500,여울동,11,15,6,2365.0
20260530,4159510200,병점동,4159711500,여울동,11,30,1,2026.0
20260530,4159510200,병점동,4159711500,여울동,11,45,7,1598.0
20260530,4159510200,병점동,4159711500,여울동,12,00,2,2157.0
20260530,4159510200,병점동,4159711500,여울동,12,15,1,2066.0
20260530,4159510200,병점동,4159711500,여울동,12,30,6,1558.0
20260530,4159510200,병점동,4159711500,여울동,12,45,2,1682.0
20260530,4159510200,병점동,4159711500,여울동,13,00,3,1575.0
20260530,4159510200,병점동,4159711500,여울동,13,15,3,2519.0
20260530,4159510200,병점동,4159711500,여울동,13,30,2,1779.0
20260530,4159510200,병점동,4159711500,여울동,13,45,2,1689.0
20260530,4159510200,병점동,4159711500,여울동,14,00,4,1996.0
20260530,4159510200,병점동,4159711500,여울동,14,15,5,2207.0
20260530,4159510200,병점동,4159711500,여울동,14,45,4,1962.0
20260530,4159510200,병점동,4159711500,여울동,15,00,2,2108.0
20260530,4159510200,병점동,4159711500,여울동,15,15,3,1520.0
20260530,4159510200,병점동,4159711500,여울동,15,30,2,2630.0
20260530,4159510200,병점동,4159711500,여울동,15,45,3,1282.0
20260530,4159510200,병점동,4159711500,여울동,16,00,6,1632.0
20260530,4159510200,병점동,4159711500,여울동,16,15,1,1683.0
20260530,4159510200,병점동,4159711500,여울동,16,30,2,2340.0
20260530,4159510200,병점동,4159711500,여울동,16,45,7,2140.0
20260530,4159510200,병점동,4159711500,여울동,17,00,3,2058.0
20260530,4159510200,병점동,4159711500,여울동,17,15,2,1932.0
20260530,4159510200,병점동,4159711500,여울동,17,30,1,1665.0
20260530,4159510200,병점동,4159711500,여울동,17,45,4,1884.0
20260530,4159510200,병점동,4159711500,여울동,18,00,3,2048.0
20260530,4159510200,병점동,4159711500,여울동,18,15,2,1619.0
20260530,4159510200,병점동,4159711500,여울동,18,30,4,1993.0
20260530,4159510200,병점동,4159711500,여울동,19,00,8,1631.0
20260530,4159510200,병점동,4159711500,여울동,19,45,1,2496.0
20260530,4159510200,병점동,4159711500,여울동,20,00,3,2439.0
20260530,4159510200,병점동,4159711500,여울동,20,15,3,1795.0
20260530,4159510200,병점동,4159711500,여울동,20,30,5,1826.0
20260530,4159510200,병점동,4159711500,여울동,20,45,3,1775.0
20260530,4159510200,병점동,4159711500,여울동,21,15,3,1821.0
20260530,4159510200,병점동,4159711500,여울동,21,30,1,1002.0
20260530,4159510200,병점동,4159711500,여울동,21,45,2,1458.0
20260530,4159510200,병점동,4159711500,여울동,22,00,1,1264.0
20260530,4159510200,병점동,4159711500,여울동,22,30,2,1797.0
20260530,4159510200,병점동,4159711500,여울동,23,30,2,1252.0
20260530,4159510200,병점동,4159125326,향남읍,10,45,1,4765.0
20260530,4159510200,병점동,4159125326,향남읍,11,15,1,3167.0
20260530,4159510200,병점동,4159125326,향남읍,13,00,3,3859.0
20260530,4159510200,병점동,4159125326,향남읍,14,30,1,3994.0
20260530,4159510200,병점동,4159125326,향남읍,14,45,1,3646.0
20260530,4159510200,병점동,4159125326,향남읍,15,00,1,3834.0
20260530,4159510200,병점동,4159125326,향남읍,17,45,1,3902.0
20260530,4159510200,병점동,4159125326,향남읍,20,45,1,3696.0
20260530,4159510200,병점동,4159125339,향남읍,05,30,1,2048.0
20260530,4159510200,병점동,4159125339,향남읍,06,45,1,2607.0
20260530,4159510200,병점동,4159125339,향남읍,08,00,1,3555.0
20260530,4159510200,병점동,4159125339,향남읍,08,45,1,2205.0
20260530,4159510200,병점동,4159125339,향남읍,09,15,1,2194.0
20260530,4159510200,병점동,4159125339,향남읍,09,45,1,3408.0
20260530,4159510200,병점동,4159125339,향남읍,10,45,1,2349.0
20260530,4159510200,병점동,4159125339,향남읍,11,45,2,5068.0
20260530,4159510200,병점동,4159125339,향남읍,12,45,1,2132.0
20260530,4159510200,병점동,4159125339,향남읍,13,00,1,5959.0
20260530,4159510200,병점동,4159125339,향남읍,14,15,1,2520.0
20260530,4159510200,병점동,4159125339,향남읍,15,45,1,2375.0
20260530,4159510200,병점동,4159125339,향남읍,16,30,1,3070.0
20260530,4159510200,병점동,4159125339,향남읍,17,45,1,2955.0
20260530,4159510200,병점동,4159125339,향남읍,18,15,2,2682.0
20260530,4159510200,병점동,4159125339,향남읍,18,30,3,2901.0
20260530,4159510200,병점동,4159125339,향남읍,19,00,1,2053.0
20260530,4159510200,병점동,4159125339,향남읍,20,15,3,2475.0
20260530,4159510200,병점동,4159125339,향남읍,22,00,1,4100.0
20260530,4159510200,병점동,4159125339,향남읍,23,00,1,4048.0
20260530,4159510300,능동,4159710600,영천동,05,15,1,957.0
20260530,4159510300,능동,4159710600,영천동,06,15,5,1632.0
20260530,4159510300,능동,4159710600,영천동,06,30,2,1117.0
20260530,4159510300,능동,4159710600,영천동,06,45,1,1178.0
20260530,4159510300,능동,4159710600,영천동,07,15,1,841.0
20260530,4159510300,능동,4159710600,영천동,07,30,1,2479.0
20260530,4159510300,능동,4159710600,영천동,07,45,2,1137.0
20260530,4159510300,능동,4159710600,영천동,08,00,1,2014.0
20260530,4159510300,능동,4159710600,영천동,08,30,4,1172.0
20260530,4159510300,능동,4159710600,영천동,09,00,6,1135.0
20260530,4159510300,능동,4159710600,영천동,09,15,4,1170.0
20260530,4159510300,능동,4159710600,영천동,09,30,1,793.0
20260530,4159510300,능동,4159710600,영천동,09,45,1,2177.0
20260530,4159510300,능동,4159710600,영천동,10,15,2,1140.0
20260530,4159510300,능동,4159710600,영천동,10,30,1,808.0
20260530,4159510300,능동,4159710600,영천동,10,45,3,1167.0
20260530,4159510300,능동,4159710600,영천동,11,00,1,1155.0
20260530,4159510300,능동,4159710600,영천동,11,30,6,1299.0
20260530,4159510300,능동,4159710600,영천동,12,00,2,1571.0
20260530,4159510300,능동,4159710600,영천동,12,15,2,1409.0
20260530,4159510300,능동,4159710600,영천동,12,45,3,1543.0
20260530,4159510300,능동,4159710600,영천동,13,15,3,2507.0
20260530,4159510300,능동,4159710600,영천동,13,30,1,751.0
20260530,4159510300,능동,4159710600,영천동,13,45,1,2142.0
20260530,4159510300,능동,4159710600,영천동,14,15,1,1318.0
20260530,4159510300,능동,4159710600,영천동,14,30,4,1749.0
20260530,4159510300,능동,4159710600,영천동,15,30,3,1477.0
20260530,4159510300,능동,4159710600,영천동,15,45,1,1357.0
20260530,4159510300,능동,4159710600,영천동,16,00,3,1820.0
20260530,4159510300,능동,4159710600,영천동,16,15,2,1105.0
20260530,4159510300,능동,4159710600,영천동,16,30,3,1530.0
20260530,4159510300,능동,4159710600,영천동,16,45,1,1829.0
20260530,4159510300,능동,4159710600,영천동,17,00,1,953.0
20260530,4159510300,능동,4159710600,영천동,17,15,3,1691.0
20260530,4159510300,능동,4159710600,영천동,17,30,1,1163.0
20260530,4159510300,능동,4159710600,영천동,18,15,1,2596.0
20260530,4159510300,능동,4159710600,영천동,18,30,3,1298.0
20260530,4159510300,능동,4159710600,영천동,19,00,2,2149.0
20260530,4159510300,능동,4159710600,영천동,19,15,1,1158.0
20260530,4159510300,능동,4159710600,영천동,19,30,1,1328.0
20260530,4159510300,능동,4159710600,영천동,20,00,2,1210.0
20260530,4159510300,능동,4159710600,영천동,20,45,1,948.0
20260530,4159510300,능동,4159710600,영천동,21,15,2,667.0
20260530,4159510300,능동,4159710600,영천동,21,30,2,1351.0
20260530,4159510300,능동,4159710600,영천동,22,45,1,1794.0
20260530,4159510300,능동,4159710600,영천동,23,45,3,1094.0
20260530,4159510300,능동,4159710200,반송동,01,15,2,358.0
20260530,4159510300,능동,4159710200,반송동,02,30,1,309.0
20260530,4159510300,능동,4159710200,반송동,05,15,1,885.0
20260530,4159510300,능동,4159710200,반송동,05,30,1,837.0
20260530,4159510300,능동,4159710200,반송동,05,45,2,906.0
20260530,4159510300,능동,4159710200,반송동,06,00,8,565.0
20260530,4159510300,능동,4159710200,반송동,06,15,2,407.0
20260530,4159510300,능동,4159710200,반송동,06,30,4,551.0
20260530,4159510300,능동,4159710200,반송동,06,45,6,466.0
20260530,4159510300,능동,4159710200,반송동,07,00,3,393.0
20260530,4159510300,능동,4159710200,반송동,07,15,2,424.0
20260530,4159510300,능동,4159710200,반송동,07,30,3,259.0
20260530,4159510300,능동,4159710200,반송동,07,45,7,374.0
20260530,4159510300,능동,4159710200,반송동,08,00,15,573.0
20260530,4159510300,능동,4159710200,반송동,08,15,16,440.0
20260530,4159510300,능동,4159710200,반송동,08,30,23,634.0
20260530,4159510300,능동,4159710200,반송동,08,45,27,609.0
20260530,4159510300,능동,4159710200,반송동,09,00,12,730.0
20260530,4159510300,능동,4159710200,반송동,09,15,21,580.0
20260530,4159510300,능동,4159710200,반송동,09,30,47,590.0
20260530,4159510300,능동,4159710200,반송동,09,45,22,535.0
20260530,4159510300,능동,4159710200,반송동,10,00,19,484.0
20260530,4159510300,능동,4159710200,반송동,10,15,14,548.0
20260530,4159510300,능동,4159710200,반송동,10,30,36,463.0
20260530,4159510300,능동,4159710200,반송동,10,45,23,496.0
20260530,4159510300,능동,4159710200,반송동,11,00,16,693.0
20260530,4159510300,능동,4159710200,반송동,11,15,15,481.0
20260530,4159510300,능동,4159710200,반송동,11,30,31,609.0
20260530,4159510300,능동,4159710200,반송동,11,45,15,564.0
20260530,4159510300,능동,4159710200,반송동,12,00,22,519.0
20260530,4159510300,능동,4159710200,반송동,12,15,20,487.0
20260530,4159510300,능동,4159710200,반송동,12,30,18,545.0
20260530,4159510300,능동,4159710200,반송동,12,45,18,417.0
20260530,4159510300,능동,4159710200,반송동,13,00,30,654.0
20260530,4159510300,능동,4159710200,반송동,13,15,29,620.0
20260530,4159510300,능동,4159710200,반송동,13,30,31,734.0
20260530,4159510300,능동,4159710200,반송동,13,45,8,606.0
20260530,4159510300,능동,4159710200,반송동,14,00,25,534.0
20260530,4159510300,능동,4159710200,반송동,14,15,20,975.0
20260530,4159510300,능동,4159710200,반송동,14,30,19,581.0
20260530,4159510300,능동,4159710200,반송동,14,45,8,656.0
20260530,4159510300,능동,4159710200,반송동,15,00,18,643.0
20260530,4159510300,능동,4159710200,반송동,15,15,11,529.0
20260530,4159510300,능동,4159710200,반송동,15,30,18,494.0
20260530,4159510300,능동,4159710200,반송동,15,45,19,559.0
20260530,4159510300,능동,4159710200,반송동,16,00,12,509.0
20260530,4159510300,능동,4159710200,반송동,16,15,12,471.0
20260530,4159510300,능동,4159710200,반송동,16,30,12,507.0
20260530,4159510300,능동,4159710200,반송동,16,45,21,587.0
20260530,4159510300,능동,4159710200,반송동,17,00,13,484.0
20260530,4159510300,능동,4159710200,반송동,17,15,18,652.0
20260530,4159510300,능동,4159710200,반송동,17,30,16,457.0
20260530,4159510300,능동,4159710200,반송동,17,45,23,452.0
20260530,4159510300,능동,4159710200,반송동,18,00,14,478.0
20260530,4159510300,능동,4159710200,반송동,18,15,13,606.0
20260530,4159510300,능동,4159710200,반송동,18,30,19,573.0
20260530,4159510300,능동,4159710200,반송동,18,45,13,508.0
20260530,4159510300,능동,4159710200,반송동,19,00,14,587.0
20260530,4159510300,능동,4159710200,반송동,19,15,5,441.0
20260530,4159510300,능동,4159710200,반송동,19,30,16,403.0
20260530,4159510300,능동,4159710200,반송동,19,45,7,416.0
20260530,4159510300,능동,4159710200,반송동,20,00,9,491.0
20260530,4159510300,능동,4159710200,반송동,20,15,18,470.0
20260530,4159510300,능동,4159710200,반송동,20,30,10,376.0
20260530,4159510300,능동,4159710200,반송동,20,45,3,246.0
20260530,4159510300,능동,4159710200,반송동,21,00,5,360.0
20260530,4159510300,능동,4159710200,반송동,21,15,6,320.0
20260530,4159510300,능동,4159710200,반송동,21,30,6,519.0
20260530,4159510300,능동,4159710200,반송동,21,45,3,327.0
20260530,4159510300,능동,4159710200,반송동,22,00,6,332.0
20260530,4159510300,능동,4159710200,반송동,22,15,11,525.0
20260530,4159510300,능동,4159710200,반송동,22,30,3,563.0
20260530,4159510300,능동,4159710200,반송동,22,45,2,297.0
20260530,4159510300,능동,4159710200,반송동,23,00,2,303.0
20260530,4159510300,능동,4159710200,반송동,23,15,3,595.0
20260530,4159510300,능동,4159710200,반송동,23,30,3,328.0
20260530,4159510300,능동,4159510200,병점동,05,30,2,458.0
20260530,4159510300,능동,4159510200,병점동,05,45,3,889.0
20260530,4159510300,능동,4159510200,병점동,06,00,1,564.0
20260530,4159510300,능동,4159510200,병점동,06,15,5,399.0
20260530,4159510300,능동,4159510200,병점동,06,30,1,1292.0
20260530,4159510300,능동,4159510200,병점동,06,45,6,392.0
20260530,4159510300,능동,4159510200,병점동,07,00,1,358.0
20260530,4159510300,능동,4159510200,병점동,07,30,2,161.0
20260530,4159510300,능동,4159510200,병점동,07,45,1,793.0
20260530,4159510300,능동,4159510200,병점동,08,00,4,892.0
20260530,4159510300,능동,4159510200,병점동,08,15,3,898.0
20260530,4159510300,능동,4159510200,병점동,08,30,9,992.0
20260530,4159510300,능동,4159510200,병점동,08,45,2,336.0
20260530,4159510300,능동,4159510200,병점동,09,00,3,743.0
20260530,4159510300,능동,4159510200,병점동,09,15,13,612.0
20260530,4159510300,능동,4159510200,병점동,09,30,11,528.0
20260530,4159510300,능동,4159510200,병점동,09,45,5,699.0
20260530,4159510300,능동,4159510200,병점동,10,00,8,586.0
20260530,4159510300,능동,4159510200,병점동,10,15,3,447.0
20260530,4159510300,능동,4159510200,병점동,10,30,4,949.0
20260530,4159510300,능동,4159510200,병점동,10,45,12,721.0
20260530,4159510300,능동,4159510200,병점동,11,00,16,694.0
20260530,4159510300,능동,4159510200,병점동,11,15,7,536.0
20260530,4159510300,능동,4159510200,병점동,11,30,13,551.0
20260530,4159510300,능동,4159510200,병점동,11,45,16,630.0
20260530,4159510300,능동,4159510200,병점동,12,00,6,797.0
20260530,4159510300,능동,4159510200,병점동,12,15,9,750.0
20260530,4159510300,능동,4159510200,병점동,12,30,8,531.0
20260530,4159510300,능동,4159510200,병점동,12,45,1,547.0
20260530,4159510300,능동,4159510200,병점동,13,00,4,616.0
20260530,4159510300,능동,4159510200,병점동,13,15,17,877.0
20260530,4159510300,능동,4159510200,병점동,13,30,7,551.0
20260530,4159510300,능동,4159510200,병점동,13,45,6,615.0
20260530,4159510300,능동,4159510200,병점동,14,00,7,591.0
20260530,4159510300,능동,4159510200,병점동,14,15,7,687.0
20260530,4159510300,능동,4159510200,병점동,14,30,4,1368.0
20260530,4159510300,능동,4159510200,병점동,14,45,4,485.0
20260530,4159510300,능동,4159510200,병점동,15,00,8,594.0
20260530,4159510300,능동,4159510200,병점동,15,15,8,647.0
20260530,4159510300,능동,4159510200,병점동,15,30,2,625.0
20260530,4159510300,능동,4159510200,병점동,15,45,9,623.0
20260530,4159510300,능동,4159510200,병점동,16,00,8,292.0
20260530,4159510300,능동,4159510200,병점동,16,15,10,520.0
20260530,4159510300,능동,4159510200,병점동,16,30,1,197.0
20260530,4159510300,능동,4159510200,병점동,16,45,14,803.0
20260530,4159510300,능동,4159510200,병점동,17,00,9,498.0
20260530,4159510300,능동,4159510200,병점동,17,15,17,877.0
20260530,4159510300,능동,4159510200,병점동,17,30,1,163.0
20260530,4159510300,능동,4159510200,병점동,17,45,7,1182.0
20260530,4159510300,능동,4159510200,병점동,18,00,12,761.0
20260530,4159510300,능동,4159510200,병점동,18,15,9,695.0
20260530,4159510300,능동,4159510200,병점동,18,30,7,486.0
20260530,4159510300,능동,4159510200,병점동,18,45,6,1448.0
20260530,4159510300,능동,4159510200,병점동,19,00,4,518.0
20260530,4159510300,능동,4159510200,병점동,19,15,3,522.0
20260530,4159510300,능동,4159510200,병점동,19,30,2,880.0
20260530,4159510300,능동,4159510200,병점동,19,45,4,634.0
20260530,4159510300,능동,4159510200,병점동,20,00,7,741.0
20260530,4159510300,능동,4159510200,병점동,20,15,4,695.0
20260530,4159510300,능동,4159510200,병점동,20,30,1,372.0
20260530,4159510300,능동,4159510200,병점동,20,45,7,763.0
20260530,4159510300,능동,4159510200,병점동,21,00,4,698.0
20260530,4159510300,능동,4159510200,병점동,21,15,2,635.0
20260530,4159510300,능동,4159510200,병점동,21,30,1,1403.0
20260530,4159510300,능동,4159510200,병점동,21,45,2,937.0
20260530,4159510300,능동,4159510200,병점동,22,00,4,815.0
20260530,4159510300,능동,4159510200,병점동,22,15,7,600.0
20260530,4159510300,능동,4159510200,병점동,22,30,1,1304.0
20260530,4159510300,능동,4159510200,병점동,22,45,4,741.0
20260530,4159510300,능동,4159510200,병점동,23,00,1,1062.0
20260530,4159510300,능동,4159510200,병점동,23,15,1,239.0
20260530,4159510300,능동,4159510200,병점동,23,30,1,97.0
20260530,4159510300,능동,4159510200,병점동,23,45,1,392.0
20260530,4159510300,능동,4159510300,능동,05,30,1,1400.0
20260530,4159510300,능동,4159510300,능동,06,00,1,208.0
20260530,4159510300,능동,4159510300,능동,07,00,3,137.0
20260530,4159510300,능동,4159510300,능동,07,15,1,297.0
20260530,4159510300,능동,4159510300,능동,07,30,2,140.0
20260530,4159510300,능동,4159510300,능동,07,45,3,2413.0
20260530,4159510300,능동,4159510300,능동,08,15,3,630.0
20260530,4159510300,능동,4159510300,능동,08,30,3,787.0
20260530,4159510300,능동,4159510300,능동,09,00,3,254.0
20260530,4159510300,능동,4159510300,능동,09,15,2,1021.0
20260530,4159510300,능동,4159510300,능동,09,30,3,249.0
20260530,4159510300,능동,4159510300,능동,09,45,5,751.0
20260530,4159510300,능동,4159510300,능동,10,15,3,255.0
20260530,4159510300,능동,4159510300,능동,10,30,6,1216.0
20260530,4159510300,능동,4159510300,능동,10,45,5,1228.0
20260530,4159510300,능동,4159510300,능동,11,00,6,2851.0
20260530,4159510300,능동,4159510300,능동,11,15,1,1308.0
20260530,4159510300,능동,4159510300,능동,11,30,7,1479.0
20260530,4159510300,능동,4159510300,능동,11,45,7,1975.0
20260530,4159510300,능동,4159510300,능동,12,00,4,426.0
20260530,4159510300,능동,4159510300,능동,12,15,8,475.0
20260530,4159510300,능동,4159510300,능동,12,30,4,278.0
20260530,4159510300,능동,4159510300,능동,12,45,3,478.0
20260530,4159510300,능동,4159510300,능동,13,00,1,459.0
20260530,4159510300,능동,4159510300,능동,13,15,6,1016.0
20260530,4159510300,능동,4159510300,능동,13,30,4,236.0
20260530,4159510300,능동,4159510300,능동,13,45,2,3698.0
20260530,4159510300,능동,4159510300,능동,14,00,2,1571.0
20260530,4159510300,능동,4159510300,능동,14,15,8,463.0
20260530,4159510300,능동,4159510300,능동,14,30,1,852.0
20260530,4159510300,능동,4159510300,능동,14,45,8,1051.0
20260530,4159510300,능동,4159510300,능동,15,00,4,261.0
20260530,4159510300,능동,4159510300,능동,15,15,3,296.0
20260530,4159510300,능동,4159510300,능동,15,30,8,383.0
20260530,4159510300,능동,4159510300,능동,15,45,2,722.0
20260530,4159510300,능동,4159510300,능동,16,00,3,295.0
20260530,4159510300,능동,4159510300,능동,16,15,6,268.0
20260530,4159510300,능동,4159510300,능동,16,30,3,2324.0
20260530,4159510300,능동,4159510300,능동,16,45,1,385.0
20260530,4159510300,능동,4159510300,능동,17,00,2,220.0
20260530,4159510300,능동,4159510300,능동,17,15,1,266.0
20260530,4159510300,능동,4159510300,능동,17,45,8,500.0
20260530,4159510300,능동,4159510300,능동,18,00,2,351.0
20260530,4159510300,능동,4159510300,능동,18,15,3,1052.0
20260530,4159510300,능동,4159510300,능동,18,30,2,728.0
20260530,4159510300,능동,4159510300,능동,18,45,4,448.0
20260530,4159510300,능동,4159510300,능동,19,00,1,185.0
20260530,4159510300,능동,4159510300,능동,19,15,3,682.0
20260530,4159510300,능동,4159510300,능동,19,30,3,572.0
20260530,4159510300,능동,4159510300,능동,19,45,1,299.0
20260530,4159510300,능동,4159510300,능동,20,45,1,160.0
20260530,4159510300,능동,4159510300,능동,21,00,4,863.0
20260530,4159510300,능동,4159510300,능동,21,15,1,991.0
20260530,4159510300,능동,4159510300,능동,21,30,1,477.0
20260530,4159510300,능동,4159510300,능동,21,45,1,153.0
20260530,4159510300,능동,4159510300,능동,22,15,2,555.0
20260530,4159510300,능동,4159510300,능동,23,30,1,82.0
20260530,4159510300,능동,4159510900,안녕동,00,00,1,1018.0
20260530,4159510300,능동,4159510900,안녕동,00,30,1,718.0
20260530,4159510300,능동,4159510900,안녕동,06,15,1,1727.0
20260530,4159510300,능동,4159510900,안녕동,06,30,1,672.0
20260530,4159510300,능동,4159510900,안녕동,06,45,1,2272.0
20260530,4159510300,능동,4159510900,안녕동,07,15,1,1436.0
20260530,4159510300,능동,4159510900,안녕동,11,30,1,1811.0
20260530,4159510300,능동,4159510900,안녕동,12,30,1,844.0
20260530,4159510300,능동,4159510900,안녕동,13,00,2,1334.0
20260530,4159510300,능동,4159510900,안녕동,13,45,1,1348.0
20260530,4159510300,능동,4159510900,안녕동,14,15,1,1814.0
20260530,4159510300,능동,4159510900,안녕동,14,30,1,740.0
20260530,4159510300,능동,4159510900,안녕동,18,30,1,2153.0
20260530,4159510300,능동,4159510900,안녕동,19,00,1,1033.0
20260530,4159510300,능동,4159510900,안녕동,20,15,1,1098.0
20260530,4159510300,능동,4159510900,안녕동,20,30,1,1051.0
20260530,4159510300,능동,4159510900,안녕동,20,45,1,1086.0
20260530,4159510300,능동,4159510900,안녕동,23,15,1,1230.0
20260530,4159510300,능동,4159711100,장지동,06,30,1,1310.0
20260530,4159510300,능동,4159711100,장지동,08,45,1,1430.0
20260530,4159510300,능동,4159711100,장지동,14,15,2,1377.0
20260530,4159510300,능동,4159711100,장지동,14,45,1,3946.0
20260530,4159510300,능동,4159711100,장지동,15,45,1,3507.0
20260530,4159510300,능동,4159711100,장지동,17,00,1,1474.0
20260530,4159510300,능동,4159711100,장지동,19,15,1,3096.0
20260530,4159510300,능동,4159711100,장지동,20,00,1,2042.0
20260530,4159510300,능동,4159711500,여울동,05,15,1,906.0
20260530,4159510300,능동,4159711500,여울동,06,00,3,1049.0
20260530,4159510300,능동,4159711500,여울동,06,15,2,1837.0
20260530,4159510300,능동,4159711500,여울동,06,30,2,1406.0
20260530,4159510300,능동,4159711500,여울동,06,45,1,1102.0
20260530,4159510300,능동,4159711500,여울동,07,00,3,1583.0
20260530,4159510300,능동,4159711500,여울동,07,30,1,1045.0
20260530,4159510300,능동,4159711500,여울동,07,45,4,1463.0
20260530,4159510300,능동,4159711500,여울동,08,00,6,1387.0
20260530,4159510300,능동,4159711500,여울동,08,15,9,1415.0
20260530,4159510300,능동,4159711500,여울동,08,30,4,1583.0
20260530,4159510300,능동,4159711500,여울동,08,45,6,2566.0
20260530,4159510300,능동,4159711500,여울동,09,00,4,1236.0
20260530,4159510300,능동,4159711500,여울동,09,15,1,1347.0
20260530,4159510300,능동,4159711500,여울동,09,30,11,1478.0
20260530,4159510300,능동,4159711500,여울동,10,00,2,1615.0
20260530,4159510300,능동,4159711500,여울동,10,15,2,1213.0
20260530,4159510300,능동,4159711500,여울동,10,30,2,1528.0
20260530,4159510300,능동,4159711500,여울동,10,45,2,1755.0
20260530,4159510300,능동,4159711500,여울동,11,00,1,1998.0
20260530,4159510300,능동,4159711500,여울동,11,15,4,1329.0
20260530,4159510300,능동,4159711500,여울동,11,30,6,1593.0
20260530,4159510300,능동,4159711500,여울동,11,45,2,1518.0
20260530,4159510300,능동,4159711500,여울동,12,00,3,1424.0
20260530,4159510300,능동,4159711500,여울동,12,15,3,970.0
20260530,4159510300,능동,4159711500,여울동,12,30,3,2078.0
20260530,4159510300,능동,4159711500,여울동,13,00,4,1338.0
20260530,4159510300,능동,4159711500,여울동,13,15,4,1654.0
20260530,4159510300,능동,4159711500,여울동,13,30,4,1456.0
20260530,4159510300,능동,4159711500,여울동,13,45,1,1047.0
20260530,4159510300,능동,4159711500,여울동,14,00,3,1475.0
20260530,4159510300,능동,4159711500,여울동,14,15,2,2104.0
20260530,4159510300,능동,4159711500,여울동,14,30,4,1964.0
20260530,4159510300,능동,4159711500,여울동,14,45,2,1794.0
20260530,4159510300,능동,4159711500,여울동,15,00,1,960.0
20260530,4159510300,능동,4159711500,여울동,15,15,4,1291.0
20260530,4159510300,능동,4159711500,여울동,15,30,1,3139.0
20260530,4159510300,능동,4159711500,여울동,15,45,4,1622.0
20260530,4159510300,능동,4159711500,여울동,16,00,5,1763.0
20260530,4159510300,능동,4159711500,여울동,16,15,4,1506.0
20260530,4159510300,능동,4159711500,여울동,16,30,10,1095.0
20260530,4159510300,능동,4159711500,여울동,16,45,2,1303.0
20260530,4159510300,능동,4159711500,여울동,17,00,1,1367.0
20260530,4159510300,능동,4159711500,여울동,17,15,3,1719.0
20260530,4159510300,능동,4159711500,여울동,17,30,1,1207.0
20260530,4159510300,능동,4159711500,여울동,17,45,3,1389.0
20260530,4159510300,능동,4159711500,여울동,18,00,7,1539.0
20260530,4159510300,능동,4159711500,여울동,18,15,2,1849.0
20260530,4159510300,능동,4159711500,여울동,18,45,6,1376.0
20260530,4159510300,능동,4159711500,여울동,19,15,4,1014.0
20260530,4159510300,능동,4159711500,여울동,19,45,2,1309.0
20260530,4159510300,능동,4159711500,여울동,20,00,1,994.0
20260530,4159510300,능동,4159711500,여울동,20,30,1,1412.0
20260530,4159510300,능동,4159711500,여울동,20,45,3,1136.0
20260530,4159510300,능동,4159711500,여울동,21,45,1,1348.0
20260530,4159510300,능동,4159711500,여울동,22,15,1,825.0
20260530,4159510300,능동,4159125326,향남읍,11,30,1,4151.0
20260530,4159510900,안녕동,4159710600,영천동,05,45,1,3413.0
20260530,4159510900,안녕동,4159710600,영천동,06,15,2,4321.0
20260530,4159510900,안녕동,4159710600,영천동,07,15,1,2826.0
20260530,4159510900,안녕동,4159710600,영천동,11,00,1,2716.0
20260530,4159510900,안녕동,4159710600,영천동,11,15,1,2890.0
20260530,4159510900,안녕동,4159710600,영천동,11,45,1,2219.0
20260530,4159510900,안녕동,4159710600,영천동,15,00,1,4210.0
20260530,4159510900,안녕동,4159710600,영천동,16,15,1,3211.0
20260530,4159510900,안녕동,4159710600,영천동,17,30,1,2905.0
20260530,4159510900,안녕동,4159710200,반송동,05,15,1,1455.0
20260530,4159510900,안녕동,4159710200,반송동,05,30,1,1058.0
20260530,4159510900,안녕동,4159710200,반송동,06,00,1,2325.0
20260530,4159510900,안녕동,4159710200,반송동,06,15,4,1381.0
20260530,4159510900,안녕동,4159710200,반송동,06,30,1,1435.0
20260530,4159510900,안녕동,4159710200,반송동,06,45,1,1028.0
20260530,4159510900,안녕동,4159710200,반송동,07,00,2,1344.0
20260530,4159510900,안녕동,4159710200,반송동,07,15,1,1832.0
20260530,4159510900,안녕동,4159710200,반송동,07,45,4,1398.0
20260530,4159510900,안녕동,4159710200,반송동,08,15,4,1295.0
20260530,4159510900,안녕동,4159710200,반송동,08,30,3,1505.0
20260530,4159510900,안녕동,4159710200,반송동,08,45,3,1796.0
20260530,4159510900,안녕동,4159710200,반송동,09,00,3,1650.0
20260530,4159510900,안녕동,4159710200,반송동,09,30,2,1978.0
20260530,4159510900,안녕동,4159710200,반송동,10,00,1,2608.0
20260530,4159510900,안녕동,4159710200,반송동,10,15,1,2148.0
20260530,4159510900,안녕동,4159710200,반송동,10,30,2,1471.0
20260530,4159510900,안녕동,4159710200,반송동,11,00,2,1642.0
20260530,4159510900,안녕동,4159710200,반송동,11,30,3,2102.0
20260530,4159510900,안녕동,4159710200,반송동,11,45,2,1509.0
20260530,4159510900,안녕동,4159710200,반송동,12,00,1,2255.0
20260530,4159510900,안녕동,4159710200,반송동,12,15,1,1169.0
20260530,4159510900,안녕동,4159710200,반송동,12,45,1,1786.0
20260530,4159510900,안녕동,4159710200,반송동,13,00,4,1900.0
20260530,4159510900,안녕동,4159710200,반송동,13,30,1,1484.0
20260530,4159510900,안녕동,4159710200,반송동,13,45,1,1979.0
20260530,4159510900,안녕동,4159710200,반송동,14,00,1,1247.0
20260530,4159510900,안녕동,4159710200,반송동,14,15,1,1736.0
20260530,4159510900,안녕동,4159710200,반송동,14,45,1,1721.0
20260530,4159510900,안녕동,4159710200,반송동,15,15,2,1852.0
20260530,4159510900,안녕동,4159710200,반송동,15,30,1,2258.0
20260530,4159510900,안녕동,4159710200,반송동,15,45,2,2384.0
20260530,4159510900,안녕동,4159710200,반송동,16,00,1,1302.0
20260530,4159510900,안녕동,4159710200,반송동,16,30,1,1398.0
20260530,4159510900,안녕동,4159710200,반송동,17,15,2,1028.0
20260530,4159510900,안녕동,4159710200,반송동,17,30,1,1096.0
20260530,4159510900,안녕동,4159710200,반송동,17,45,1,2572.0
20260530,4159510900,안녕동,4159710200,반송동,18,30,1,2451.0
20260530,4159510900,안녕동,4159710200,반송동,18,45,1,1630.0
20260530,4159510900,안녕동,4159710200,반송동,19,15,2,1445.0
20260530,4159510900,안녕동,4159710200,반송동,19,30,2,2032.0
20260530,4159510900,안녕동,4159710200,반송동,21,00,3,1853.0
20260530,4159510900,안녕동,4159710200,반송동,22,00,2,1435.0
20260530,4159510900,안녕동,4159125621,남양읍,10,45,1,785.0
20260530,4159510900,안녕동,4159125621,남양읍,13,15,3,5405.0
20260530,4159510900,안녕동,4159125621,남양읍,14,30,1,3150.0
20260530,4159510900,안녕동,4159125621,남양읍,17,45,1,3605.0
20260530,4159510900,안녕동,4159510200,병점동,05,15,8,676.0
20260530,4159510900,안녕동,4159510200,병점동,05,30,3,1105.0
20260530,4159510900,안녕동,4159510200,병점동,05,45,3,407.0
20260530,4159510900,안녕동,4159510200,병점동,06,00,1,1832.0
20260530,4159510900,안녕동,4159510200,병점동,06,15,8,530.0
20260530,4159510900,안녕동,4159510200,병점동,06,30,1,493.0
20260530,4159510900,안녕동,4159510200,병점동,06,45,2,720.0
20260530,4159510900,안녕동,4159510200,병점동,07,00,1,625.0
20260530,4159510900,안녕동,4159510200,병점동,07,15,7,454.0
20260530,4159510900,안녕동,4159510200,병점동,07,30,7,487.0
20260530,4159510900,안녕동,4159510200,병점동,07,45,4,298.0
20260530,4159510900,안녕동,4159510200,병점동,08,00,8,644.0
20260530,4159510900,안녕동,4159510200,병점동,08,15,10,543.0
20260530,4159510900,안녕동,4159510200,병점동,08,30,10,552.0
20260530,4159510900,안녕동,4159510200,병점동,08,45,9,520.0
20260530,4159510900,안녕동,4159510200,병점동,09,00,13,862.0
20260530,4159510900,안녕동,4159510200,병점동,09,15,10,914.0
20260530,4159510900,안녕동,4159510200,병점동,09,30,15,585.0
20260530,4159510900,안녕동,4159510200,병점동,09,45,18,856.0
20260530,4159510900,안녕동,4159510200,병점동,10,00,17,637.0
20260530,4159510900,안녕동,4159510200,병점동,10,15,9,690.0
20260530,4159510900,안녕동,4159510200,병점동,10,30,19,532.0
20260530,4159510900,안녕동,4159510200,병점동,10,45,15,798.0
20260530,4159510900,안녕동,4159510200,병점동,11,00,16,747.0
20260530,4159510900,안녕동,4159510200,병점동,11,15,6,775.0
20260530,4159510900,안녕동,4159510200,병점동,11,30,10,596.0
20260530,4159510900,안녕동,4159510200,병점동,11,45,11,900.0
20260530,4159510900,안녕동,4159510200,병점동,12,00,14,704.0
20260530,4159510900,안녕동,4159510200,병점동,12,15,16,551.0
20260530,4159510900,안녕동,4159510200,병점동,12,30,7,785.0
20260530,4159510900,안녕동,4159510200,병점동,12,45,21,802.0
20260530,4159510900,안녕동,4159510200,병점동,13,00,10,818.0
20260530,4159510900,안녕동,4159510200,병점동,13,15,10,636.0
20260530,4159510900,안녕동,4159510200,병점동,13,30,32,748.0
20260530,4159510900,안녕동,4159510200,병점동,13,45,12,793.0
20260530,4159510900,안녕동,4159510200,병점동,14,00,10,908.0
20260530,4159510900,안녕동,4159510200,병점동,14,15,10,778.0
20260530,4159510900,안녕동,4159510200,병점동,14,30,13,488.0
20260530,4159510900,안녕동,4159510200,병점동,14,45,6,499.0
20260530,4159510900,안녕동,4159510200,병점동,15,00,10,983.0
20260530,4159510900,안녕동,4159510200,병점동,15,15,3,1453.0
20260530,4159510900,안녕동,4159510200,병점동,15,30,10,574.0
20260530,4159510900,안녕동,4159510200,병점동,15,45,16,727.0
20260530,4159510900,안녕동,4159510200,병점동,16,00,9,546.0
20260530,4159510900,안녕동,4159510200,병점동,16,15,11,613.0
20260530,4159510900,안녕동,4159510200,병점동,16,30,10,666.0
20260530,4159510900,안녕동,4159510200,병점동,16,45,9,1028.0
20260530,4159510900,안녕동,4159510200,병점동,17,00,12,632.0
20260530,4159510900,안녕동,4159510200,병점동,17,15,10,828.0
20260530,4159510900,안녕동,4159510200,병점동,17,30,16,864.0
20260530,4159510900,안녕동,4159510200,병점동,17,45,2,1021.0
20260530,4159510900,안녕동,4159510200,병점동,18,00,16,573.0
20260530,4159510900,안녕동,4159510200,병점동,18,15,14,618.0
20260530,4159510900,안녕동,4159510200,병점동,18,30,4,397.0
20260530,4159510900,안녕동,4159510200,병점동,18,45,2,272.0
20260530,4159510900,안녕동,4159510200,병점동,19,00,3,1099.0
20260530,4159510900,안녕동,4159510200,병점동,19,15,12,424.0
20260530,4159510900,안녕동,4159510200,병점동,19,30,2,720.0
20260530,4159510900,안녕동,4159510200,병점동,20,00,7,534.0
20260530,4159510900,안녕동,4159510200,병점동,20,15,2,794.0
20260530,4159510900,안녕동,4159510200,병점동,20,30,2,210.0
20260530,4159510900,안녕동,4159510200,병점동,20,45,6,937.0
20260530,4159510900,안녕동,4159510200,병점동,21,00,4,378.0
20260530,4159510900,안녕동,4159510200,병점동,21,15,1,579.0
20260530,4159510900,안녕동,4159510200,병점동,21,45,9,1014.0
20260530,4159510900,안녕동,4159510200,병점동,22,00,3,401.0
20260530,4159510900,안녕동,4159510200,병점동,22,15,1,157.0
20260530,4159510900,안녕동,4159510200,병점동,22,30,1,190.0
20260530,4159510900,안녕동,4159510200,병점동,22,45,2,489.0
20260530,4159510900,안녕동,4159510200,병점동,23,00,1,300.0
20260530,4159510900,안녕동,4159510200,병점동,23,15,2,502.0
20260530,4159510900,안녕동,4159510200,병점동,23,30,1,473.0
20260530,4159510900,안녕동,4159510300,능동,00,30,1,1393.0
20260530,4159510900,안녕동,4159510300,능동,06,15,1,1037.0
20260530,4159510900,안녕동,4159510300,능동,07,45,1,778.0
20260530,4159510900,안녕동,4159510300,능동,08,30,1,2548.0
20260530,4159510900,안녕동,4159510300,능동,10,00,2,2078.0
20260530,4159510900,안녕동,4159510300,능동,10,30,2,1051.0
20260530,4159510900,안녕동,4159510300,능동,11,30,1,1867.0
20260530,4159510900,안녕동,4159510300,능동,12,30,1,781.0
20260530,4159510900,안녕동,4159510300,능동,13,15,1,1462.0
20260530,4159510900,안녕동,4159510300,능동,14,00,1,1668.0
20260530,4159510900,안녕동,4159510300,능동,14,45,2,1396.0
20260530,4159510900,안녕동,4159510300,능동,15,00,1,1020.0
20260530,4159510900,안녕동,4159510300,능동,16,15,1,1948.0
20260530,4159510900,안녕동,4159510300,능동,16,30,1,2354.0
20260530,4159510900,안녕동,4159510300,능동,17,45,1,1630.0
20260530,4159510900,안녕동,4159510300,능동,19,30,1,725.0
20260530,4159510900,안녕동,4159510300,능동,20,00,1,1520.0
20260530,4159510900,안녕동,4159510900,안녕동,05,15,1,910.0
20260530,4159510900,안녕동,4159510900,안녕동,05,30,2,322.0
20260530,4159510900,안녕동,4159510900,안녕동,05,45,2,134.0
20260530,4159510900,안녕동,4159510900,안녕동,06,00,4,347.0
20260530,4159510900,안녕동,4159510900,안녕동,06,15,2,729.0
20260530,4159510900,안녕동,4159510900,안녕동,06,30,1,438.0
20260530,4159510900,안녕동,4159510900,안녕동,06,45,1,383.0
20260530,4159510900,안녕동,4159510900,안녕동,07,00,2,393.0
20260530,4159510900,안녕동,4159510900,안녕동,07,15,5,277.0
20260530,4159510900,안녕동,4159510900,안녕동,07,30,3,510.0
20260530,4159510900,안녕동,4159510900,안녕동,07,45,2,1264.0
20260530,4159510900,안녕동,4159510900,안녕동,08,00,3,541.0
20260530,4159510900,안녕동,4159510900,안녕동,08,15,3,442.0
20260530,4159510900,안녕동,4159510900,안녕동,08,30,6,321.0
20260530,4159510900,안녕동,4159510900,안녕동,08,45,6,518.0
20260530,4159510900,안녕동,4159510900,안녕동,09,00,8,542.0
20260530,4159510900,안녕동,4159510900,안녕동,09,15,7,489.0
20260530,4159510900,안녕동,4159510900,안녕동,09,30,8,772.0
20260530,4159510900,안녕동,4159510900,안녕동,09,45,9,464.0
20260530,4159510900,안녕동,4159510900,안녕동,10,00,7,330.0
20260530,4159510900,안녕동,4159510900,안녕동,10,15,4,450.0
20260530,4159510900,안녕동,4159510900,안녕동,10,30,4,373.0
20260530,4159510900,안녕동,4159510900,안녕동,10,45,8,875.0
20260530,4159510900,안녕동,4159510900,안녕동,11,00,13,337.0
20260530,4159510900,안녕동,4159510900,안녕동,11,15,8,421.0
20260530,4159510900,안녕동,4159510900,안녕동,11,30,6,518.0
20260530,4159510900,안녕동,4159510900,안녕동,11,45,7,303.0
20260530,4159510900,안녕동,4159510900,안녕동,12,00,7,692.0
20260530,4159510900,안녕동,4159510900,안녕동,12,30,10,757.0
20260530,4159510900,안녕동,4159510900,안녕동,12,45,16,329.0
20260530,4159510900,안녕동,4159510900,안녕동,13,00,5,550.0
20260530,4159510900,안녕동,4159510900,안녕동,13,15,6,375.0
20260530,4159510900,안녕동,4159510900,안녕동,13,30,14,351.0
20260530,4159510900,안녕동,4159510900,안녕동,13,45,3,305.0
20260530,4159510900,안녕동,4159510900,안녕동,14,00,4,801.0
20260530,4159510900,안녕동,4159510900,안녕동,14,15,4,652.0
20260530,4159510900,안녕동,4159510900,안녕동,14,30,5,386.0
20260530,4159510900,안녕동,4159510900,안녕동,14,45,4,490.0
20260530,4159510900,안녕동,4159510900,안녕동,15,00,5,614.0
20260530,4159510900,안녕동,4159510900,안녕동,15,15,2,318.0
20260530,4159510900,안녕동,4159510900,안녕동,15,30,9,496.0
20260530,4159510900,안녕동,4159510900,안녕동,15,45,11,695.0
20260530,4159510900,안녕동,4159510900,안녕동,16,00,2,199.0
20260530,4159510900,안녕동,4159510900,안녕동,16,15,6,597.0
20260530,4159510900,안녕동,4159510900,안녕동,16,30,13,773.0
20260530,4159510900,안녕동,4159510900,안녕동,16,45,5,281.0
20260530,4159510900,안녕동,4159510900,안녕동,17,00,8,431.0
20260530,4159510900,안녕동,4159510900,안녕동,17,15,4,442.0
20260530,4159510900,안녕동,4159510900,안녕동,17,30,14,445.0
20260530,4159510900,안녕동,4159510900,안녕동,17,45,7,319.0
20260530,4159510900,안녕동,4159510900,안녕동,18,00,6,606.0
20260530,4159510900,안녕동,4159510900,안녕동,18,15,7,561.0
20260530,4159510900,안녕동,4159510900,안녕동,18,30,2,459.0
20260530,4159510900,안녕동,4159510900,안녕동,18,45,7,225.0
20260530,4159510900,안녕동,4159510900,안녕동,19,00,5,563.0
20260530,4159510900,안녕동,4159510900,안녕동,19,15,2,481.0
20260530,4159510900,안녕동,4159510900,안녕동,19,30,1,615.0
20260530,4159510900,안녕동,4159510900,안녕동,19,45,6,580.0
20260530,4159510900,안녕동,4159510900,안녕동,20,00,5,480.0
20260530,4159510900,안녕동,4159510900,안녕동,20,15,2,1274.0
20260530,4159510900,안녕동,4159510900,안녕동,20,30,5,208.0
20260530,4159510900,안녕동,4159510900,안녕동,20,45,8,488.0
20260530,4159510900,안녕동,4159510900,안녕동,21,00,7,151.0
20260530,4159510900,안녕동,4159510900,안녕동,21,15,2,75.0
20260530,4159510900,안녕동,4159510900,안녕동,21,45,1,118.0
20260530,4159510900,안녕동,4159510900,안녕동,22,00,4,371.0
20260530,4159510900,안녕동,4159510900,안녕동,22,30,1,123.0
20260530,4159510900,안녕동,4159510900,안녕동,23,00,1,361.0
20260530,4159510900,안녕동,4159510900,안녕동,23,15,2,332.0
20260530,4159510900,안녕동,4159510900,안녕동,23,45,1,251.0
20260530,4159510900,안녕동,4159711100,장지동,15,00,1,4912.0
20260530,4159510900,안녕동,4159711500,여울동,06,00,1,3548.0
20260530,4159510900,안녕동,4159711500,여울동,07,15,1,2418.0
20260530,4159510900,안녕동,4159711500,여울동,07,45,2,2789.0
20260530,4159510900,안녕동,4159711500,여울동,08,00,2,2202.0
20260530,4159510900,안녕동,4159711500,여울동,08,30,1,2611.0
20260530,4159510900,안녕동,4159711500,여울동,09,15,2,2845.0
20260530,4159510900,안녕동,4159711500,여울동,09,30,1,2287.0
20260530,4159510900,안녕동,4159711500,여울동,10,30,2,2544.0
20260530,4159510900,안녕동,4159711500,여울동,10,45,11,2832.0
20260530,4159510900,안녕동,4159711500,여울동,12,00,1,3825.0
20260530,4159510900,안녕동,4159711500,여울동,13,15,2,4400.0
20260530,4159510900,안녕동,4159711500,여울동,14,45,2,3191.0
20260530,4159510900,안녕동,4159711500,여울동,15,15,1,3832.0
20260530,4159510900,안녕동,4159711500,여울동,23,15,1,4909.0
20260530,4159510900,안녕동,4159125326,향남읍,08,30,1,2727.0
20260530,4159510900,안녕동,4159125326,향남읍,10,00,1,2263.0
20260530,4159510900,안녕동,4159125326,향남읍,11,30,1,2492.0
20260530,4159510900,안녕동,4159125326,향남읍,16,15,1,3224.0
20260530,4159510900,안녕동,4159125326,향남읍,16,45,1,3795.0
20260530,4159510900,안녕동,4159125326,향남읍,18,30,1,2585.0
20260530,4159510900,안녕동,4159125326,향남읍,19,45,1,2769.0
20260530,4159510900,안녕동,4159125326,향남읍,20,30,1,2660.0
20260530,4159510900,안녕동,4159125339,향남읍,11,45,1,1667.0
20260530,4159510900,안녕동,4159125339,향남읍,12,30,1,2318.0
20260530,4159510900,안녕동,4159125339,향남읍,14,15,1,1690.0
20260530,4159510900,안녕동,4159125339,향남읍,14,30,1,3441.0
20260530,4159510900,안녕동,4159125339,향남읍,16,45,1,2921.0
20260530,4159510900,안녕동,4159125339,향남읍,18,30,1,4268.0
20260530,4159510900,안녕동,4159125339,향남읍,20,30,2,1646.0
20260530,4159510900,안녕동,4159125339,향남읍,21,15,1,3457.0
20260530,4159711100,장지동,4159710600,영천동,00,00,1,1142.0
20260530,4159711100,장지동,4159710600,영천동,00,30,1,1382.0
20260530,4159711100,장지동,4159710600,영천동,00,45,1,1286.0
20260530,4159711100,장지동,4159710600,영천동,01,30,1,1288.0
20260530,4159711100,장지동,4159710600,영천동,02,15,1,1250.0
20260530,4159711100,장지동,4159710600,영천동,06,00,1,1716.0
20260530,4159711100,장지동,4159710600,영천동,06,15,2,1244.0
20260530,4159711100,장지동,4159710600,영천동,06,30,2,1091.0
20260530,4159711100,장지동,4159710600,영천동,07,00,2,1487.0
20260530,4159711100,장지동,4159710600,영천동,07,15,1,1415.0
20260530,4159711100,장지동,4159710600,영천동,07,30,2,1449.0
20260530,4159711100,장지동,4159710600,영천동,08,00,4,1735.0
20260530,4159711100,장지동,4159710600,영천동,08,15,2,1230.0
20260530,4159711100,장지동,4159710600,영천동,08,30,1,1909.0
20260530,4159711100,장지동,4159710600,영천동,08,45,1,1391.0
20260530,4159711100,장지동,4159710600,영천동,09,00,3,1842.0
20260530,4159711100,장지동,4159710600,영천동,09,15,5,1541.0
20260530,4159711100,장지동,4159710600,영천동,09,30,2,1600.0
20260530,4159711100,장지동,4159710600,영천동,09,45,1,871.0
20260530,4159711100,장지동,4159710600,영천동,10,00,1,1709.0
20260530,4159711100,장지동,4159710600,영천동,10,15,2,1375.0
20260530,4159711100,장지동,4159710600,영천동,10,30,2,2257.0
20260530,4159711100,장지동,4159710600,영천동,10,45,3,2164.0
20260530,4159711100,장지동,4159710600,영천동,11,00,1,1736.0
20260530,4159711100,장지동,4159710600,영천동,11,30,2,1794.0
20260530,4159711100,장지동,4159710600,영천동,11,45,2,2116.0
20260530,4159711100,장지동,4159710600,영천동,12,15,4,1465.0
20260530,4159711100,장지동,4159710600,영천동,12,45,3,1792.0
20260530,4159711100,장지동,4159710600,영천동,13,15,5,1493.0
20260530,4159711100,장지동,4159710600,영천동,13,30,2,1976.0
20260530,4159711100,장지동,4159710600,영천동,13,45,2,1549.0
20260530,4159711100,장지동,4159710600,영천동,14,00,2,1672.0
20260530,4159711100,장지동,4159710600,영천동,14,15,1,1908.0
20260530,4159711100,장지동,4159710600,영천동,14,30,2,1106.0
20260530,4159711100,장지동,4159710600,영천동,14,45,3,1519.0
20260530,4159711100,장지동,4159710600,영천동,15,00,1,1369.0
20260530,4159711100,장지동,4159710600,영천동,15,15,3,1724.0
20260530,4159711100,장지동,4159710600,영천동,15,30,1,1713.0
20260530,4159711100,장지동,4159710600,영천동,15,45,2,2163.0
20260530,4159711100,장지동,4159710600,영천동,16,15,2,1113.0
20260530,4159711100,장지동,4159710600,영천동,16,30,1,2321.0
20260530,4159711100,장지동,4159710600,영천동,16,45,1,1073.0
20260530,4159711100,장지동,4159710600,영천동,17,00,1,1890.0
20260530,4159711100,장지동,4159710600,영천동,17,15,2,1864.0
20260530,4159711100,장지동,4159710600,영천동,18,30,3,1120.0
20260530,4159711100,장지동,4159710600,영천동,18,45,5,1577.0
20260530,4159711100,장지동,4159710600,영천동,19,00,1,1450.0
20260530,4159711100,장지동,4159710600,영천동,19,30,2,2060.0
20260530,4159711100,장지동,4159710600,영천동,20,15,1,1371.0
20260530,4159711100,장지동,4159710600,영천동,20,30,3,1211.0
20260530,4159711100,장지동,4159710600,영천동,20,45,1,1493.0
20260530,4159711100,장지동,4159710600,영천동,21,00,1,1461.0
20260530,4159711100,장지동,4159710600,영천동,21,45,1,1891.0
20260530,4159711100,장지동,4159710600,영천동,22,00,2,1808.0
20260530,4159711100,장지동,4159710600,영천동,22,15,1,1960.0
20260530,4159711100,장지동,4159710600,영천동,22,30,1,1349.0
20260530,4159711100,장지동,4159710600,영천동,23,00,1,1035.0
20260530,4159711100,장지동,4159710200,반송동,01,00,1,1301.0
20260530,4159711100,장지동,4159710200,반송동,06,45,1,1447.0
20260530,4159711100,장지동,4159710200,반송동,07,15,1,2627.0
20260530,4159711100,장지동,4159710200,반송동,07,30,3,2184.0
20260530,4159711100,장지동,4159710200,반송동,08,00,3,2013.0
20260530,4159711100,장지동,4159710200,반송동,08,30,4,2444.0
20260530,4159711100,장지동,4159710200,반송동,09,15,2,1895.0
20260530,4159711100,장지동,4159710200,반송동,09,30,2,2250.0
20260530,4159711100,장지동,4159710200,반송동,09,45,1,1171.0
20260530,4159711100,장지동,4159710200,반송동,10,00,4,2205.0
20260530,4159711100,장지동,4159710200,반송동,10,30,3,1943.0
20260530,4159711100,장지동,4159710200,반송동,10,45,1,2400.0
20260530,4159711100,장지동,4159710200,반송동,11,00,2,2184.0
20260530,4159711100,장지동,4159710200,반송동,11,15,2,1568.0
20260530,4159711100,장지동,4159710200,반송동,11,30,2,2222.0
20260530,4159711100,장지동,4159710200,반송동,11,45,3,2387.0
20260530,4159711100,장지동,4159710200,반송동,12,00,1,1719.0
20260530,4159711100,장지동,4159710200,반송동,12,15,5,1848.0
20260530,4159711100,장지동,4159710200,반송동,12,45,1,3030.0
20260530,4159711100,장지동,4159710200,반송동,13,00,1,1496.0
20260530,4159711100,장지동,4159710200,반송동,13,15,1,3419.0
20260530,4159711100,장지동,4159710200,반송동,13,30,1,1987.0
20260530,4159711100,장지동,4159710200,반송동,13,45,1,1251.0
20260530,4159711100,장지동,4159710200,반송동,14,15,1,2079.0
20260530,4159711100,장지동,4159710200,반송동,14,30,1,2051.0
20260530,4159711100,장지동,4159710200,반송동,14,45,2,2269.0
20260530,4159711100,장지동,4159710200,반송동,15,15,1,1492.0
20260530,4159711100,장지동,4159710200,반송동,15,30,3,2373.0
20260530,4159711100,장지동,4159710200,반송동,16,00,1,3277.0
20260530,4159711100,장지동,4159710200,반송동,16,15,1,2081.0
20260530,4159711100,장지동,4159710200,반송동,17,15,1,2858.0
20260530,4159711100,장지동,4159710200,반송동,17,30,2,2858.0
20260530,4159711100,장지동,4159710200,반송동,18,00,3,2101.0
20260530,4159711100,장지동,4159710200,반송동,18,15,1,1172.0
20260530,4159711100,장지동,4159710200,반송동,18,45,1,2518.0
20260530,4159711100,장지동,4159710200,반송동,19,00,1,1596.0
20260530,4159711100,장지동,4159710200,반송동,19,15,2,2599.0
20260530,4159711100,장지동,4159710200,반송동,19,45,2,2252.0
20260530,4159711100,장지동,4159710200,반송동,20,00,1,2611.0
20260530,4159711100,장지동,4159710200,반송동,21,00,1,2453.0
20260530,4159711100,장지동,4159710200,반송동,23,15,1,2027.0
