route_id,route_no,seq,node_id,ars_no,name,lon,lat,in_hwaseong
GGB200000008,400,1,GGB203000360,4346,수원시동부차고지,127.0785,37.286967,0
GGB200000008,400,2,GGB203000062,4171,연화장,127.08315,37.290867,0
GGB200000008,400,3,GGB203000374,4360,동부차고지,127.07805,37.286667,0
GGB200000008,400,4,GGB277102617,,동부차고지(미정차),127.078983,37.2916,0
GGB200000008,400,5,GGB203000286,4300,상현역,127.069317,37.296917,0
GGB200000008,400,6,GGB228003581,47767,광교마을.린병원.독바위,127.066117,37.29955,0
GGB200000008,400,7,GGB203000338,4232,광교역사공원.광교카페거리,127.052967,37.295217,0
GGB200000008,400,8,GGB203000339,4318,수원광교박물관.광교이마트,127.049567,37.29645,0
GGB200000008,400,9,GGB203000341,4320,광교호반베르디움트라엘.광교해모로,127.051667,37.30465,0
GGB200000008,400,10,GGB203000265,4263,광교한양수자인.호반가든하임,127.048817,37.305417,0
GGB200000008,400,11,GGB203000343,4322,광교e편한세상2차.광교중학교,127.046583,37.305433,0
GGB200000008,400,12,GGB203000356,4340,호반베르디움,127.04465,37.305467,0
GGB200000008,400,13,GGB203000318,4310,광교대광로제비앙,127.040783,37.306867,0
GGB200000008,400,14,GGB203000316,4308,광교파크자이더테라스.열림공원,127.039067,37.30795,0
GGB200000008,400,15,GGB203000317,4309,광교대광로제비앙,127.04065,37.306733,0
GGB200000008,400,16,GGB203000357,4341,호반베르디움,127.043967,37.30545,0
GGB200000008,400,17,GGB203000344,4323,광교중학교.광교e편한세상2차,127.04645,37.30525,0
GGB200000008,400,18,GGB203000263,4262,광교초등학교.광교홍재도서관,127.047283,37.303817,0
GGB200000008,400,19,GGB203000261,4260,광교역.광교대학로,127.043667,37.299883,0
GGB200000008,400,20,GGB203000035,4184,경기대수원캠퍼스후문,127.041767,37.297833,0
GGB200000008,400,21,GGB203000165,4181,경기대수원캠퍼스후문.수원박물관,127.03975,37.297083,0
GGB200000008,400,22,GGB203000248,4252,수원박물관.수원시장애인복지관,127.037033,37.29615,0
GGB200000008,400,23,GGB203000001,1257,경기남부경찰청.봉녕사입구,127.034217,37.2936,0
GGB200000008,400,24,GGB200000197,1256,우만주공4단지,127.030367,37.29245,0
GGB200000008,400,25,GGB200000084,1192,수원시평생학습관.연무사회복지관.창룡도서관,127.026883,37.291567,0
GGB200000008,400,26,GGB202000060,3067,창룡문.연무대,127.024283,37.288117,0
GGB200000008,400,27,GGB202000059,3063,수원미디어센터,127.021733,37.284167,0
GGB200000008,400,28,GGB202000058,3060,팔달구청.수원화성박물관,127.018933,37.281983,0
GGB200000008,400,29,GGB202000047,3133,팔달문,127.016217,37.27735,0
GGB200000008,400,30,GGB202000216,3140,가족여성회관.이춘택병원.해움미술관.수원농협,127.0151,37.272233,0
GGB200000008,400,31,GGB202000215,3046,향교.팔달보건소.중앙침례교회,127.011683,37.270717,0
GGB200000008,400,32,GGB202000214,3038,세무서.신용회복위원회,127.007017,37.268933,0
GGB200000008,400,33,GGB202000219,3017,수원역7번출구.AK플라자,127.000917,37.267467,0
GGB200000008,400,34,GGB277103116,,육교사거리(미정차),126.9993,37.269383,0
GGB200000008,400,35,GGB277103110,,서둔교차로(미정차),126.994867,37.270817,0
GGB200000008,400,36,GGB277103122,,환승센터진입1(미정차),126.9965,37.27115,0
GGB200000008,400,37,GGB277103123,,환승센터진입2(미정차),126.997617,37.268367,0
GGB200000008,400,38,GGB201000592,2985,수원역환승센터(6승강장),126.998467,37.2654,0
GGB200000008,400,39,GGB277103124,,벌터교차로(미정차),126.9963,37.2621,0
GGB200000008,400,40,GGB201000020,2156,공구유통타운.중앙자동차매매단지,126.997067,37.25835,0
GGB200000008,400,41,GGB201000390,2331,중보교.수원역자동차운전전문학원,126.994583,37.25575,0
GGB200000008,400,42,GGB201000389,2926,고색동입구,126.98995,37.253533,0
GGB200000008,400,43,GGB201000064,2137,고색파출소.종합공구단지,126.986683,37.252633,0
GGB200000008,400,44,GGB201000019,2128,연안아파트.삼성큰병원,126.983783,37.251817,0
GGB200000008,400,45,GGB201000018,2122,고색역.고색초교.태산아파트,126.979667,37.25065,0
GGB200000008,400,46,GGB201000488,2972,서수원주민편익시설,126.972333,37.248583,0
GGB200000008,400,47,GGB201000017,2067,수원여자대학입구,126.965633,37.24675,0
GGB200000008,400,48,GGB201000016,2058,오목천동태산아파트.서희스타힐스,126.96285,37.2458,0
GGB200000008,400,49,GGB233000782,37325,삼미.쌍용아파트,126.953483,37.243433,1
GGB200000008,400,50,GGB233000781,37321,천천리입구,126.94825,37.24385,1
GGB200000008,400,51,GGB233000849,37313,천천리,126.942383,37.244667,1
GGB200000008,400,52,GGB233000848,37309,일광사,126.9402,37.244517,1
GGB200000008,400,53,GGB233000847,37305,전승아파트,126.930617,37.246383,1
GGB200000008,400,54,GGB233002174,55188,매송초등학교,126.928117,37.2485,1
GGB200000008,400,55,GGB233000055,36017,원평사거리,126.9249,37.2496,1
GGB200000008,400,56,GGB233000846,37299,원평,126.923217,37.250367,1
GGB200000008,400,57,GGB233000845,37291,51사단,126.920867,37.250967,1
GGB200000008,400,58,GGB233002150,55107,어천저수지,126.914783,37.25135,1
GGB200000008,400,59,GGB233002190,60117,어천2리마을회관앞,126.912883,37.25015,1
GGB200000008,400,60,GGB233000844,37566,어천역,126.909517,37.2493,1
GGB200000008,400,61,GGB233000843,37238,숙곡리천불사,126.898733,37.248117,1
GGB200000008,400,62,GGB233000780,37612,구포3리.쌍학리,126.892117,37.248383,1
GGB200000008,400,63,GGB233002321,55226,비봉교차로,126.8792,37.238833,1
GGB200000008,400,64,GGB233000778,37183,비봉중고교.비봉면행정복지센터,126.873217,37.236717,1
GGB200000008,400,65,GGB233000777,37170,비봉초등학교후문.삼화3리,126.86815,37.236317,1
GGB200000008,400,66,GGB233000776,37168,천산아파트,126.865967,37.23655,1
GGB200000008,400,67,GGB233000774,37161,삼화리.천산아파트,126.862933,37.2361,1
GGB200000008,400,68,GGB233000773,37154,양노리,126.859567,37.228767,1
GGB200000008,400,69,GGB233003082,55393,양노3리,126.8582,37.227283,1
GGB200000008,400,70,GGB233000772,36042,북양1리.염티고개,126.839133,37.222233,1
GGB200000008,400,71,GGB233000771,37776,북양1리,126.8318,37.218983,1
GGB200000008,400,72,GGB233000770,36030,루나포레아파트,126.831233,37.215633,1
GGB200000008,400,73,GGB233000769,36026,(구)남양읍행정복지센터,126.823517,37.212,1
GGB200000008,400,74,GGB233000768,36021,남양사거리,126.81905,37.209367,1
GGB200000008,400,75,GGB233000767,36014,남양성지,126.815433,37.207533,1
GGB200000008,400,76,GGB233002171,55116,경기수협.보건소,126.81185,37.207033,1
GGB200000008,400,77,GGB233000766,36010,우림아파트,126.806133,37.20565,1
GGB200000008,400,78,GGB233000765,36007,남양6리.남양1리,126.800967,37.203983,1
GGB200000008,400,79,GGB233001298,37114,은장고개,126.788283,37.202667,1
GGB200000008,400,80,GGB233000764,37109,두곡리,126.783167,37.205533,1
GGB200000008,400,81,GGB233000763,37108,재래시장.마도삼거리,126.780767,37.20635,1
GGB200000008,400,82,GGB233000762,37105,마도사거리,126.7746,37.20715,1
GGB200000008,400,83,GGB233003196,36652,화성직업훈련교정시설,126.770033,37.2076,1
GGB200000008,400,84,GGB233000761,37104,외국인보호소,126.767117,37.20805,1
GGB200000008,400,85,GGB233000857,37562,구리섬앞,126.7646,37.208717,1
GGB200000008,400,86,GGB233000760,37101,구리섬휴게소,126.76305,37.209467,1
GGB200000008,400,87,GGB233000759,37100,삼존리자동차성능시험장,126.760517,37.2108,1
GGB200000008,400,88,GGB233000877,37097,돼지고개.삼존리물미,126.755383,37.211683,1
GGB200000008,400,89,GGB233000878,37095,봉가1리,126.745317,37.212283,1
GGB200000008,400,90,GGB233000858,37089,송산농협.사강정형외과,126.738617,37.2135,1
GGB200000008,400,91,GGB233000859,37085,사강시장,126.73645,37.213183,1
GGB200000008,400,92,GGB233000271,37081,사강복지회관,126.732567,37.212917,1
GGB200000008,400,93,GGB233002285,37076,사강2리,126.729917,37.21165,1
GGB200000008,400,94,GGB233000270,37370,육일리.육교동입구,126.727783,37.209417,1
GGB200000008,400,95,GGB233000136,36440,육일리마을회관,126.724983,37.207283,1
GGB200000008,400,96,GGB233001483,37556,육일리교차로,126.724283,37.2037,1
GGB200000008,400,97,GGB233000860,37069,육일2리.코스코밸리,126.722883,37.200167,1
GGB200000008,400,98,GGB233003215,36657,육일2리.창말,126.720117,37.19675,1
GGB200000008,400,99,GGB233000758,37471,당성(상안리).한국발효,126.7167,37.193083,1
GGB200000008,400,100,GGB233000861,37061,신흥사,126.713483,37.189817,1
GGB200000008,400,101,GGB233000757,37058,상안1리,126.7097,37.185117,1
GGB200000008,400,102,GGB233000756,37048,상안1.2리,126.7065,37.182583,1
GGB200000008,400,103,GGB233000862,37054,상안2리.SK주유소,126.70815,37.179583,1
GGB200000008,400,104,GGB233002316,55225,상안삼거리,126.706117,37.17495,1
GGB200000008,400,105,GGB233000863,37043,서신,126.705083,37.169433,1
GGB200000008,400,106,GGB233001889,37959,서신초등학교,126.7059,37.168717,1
GGB200000008,400,107,GGB233002359,55241,서신사거리,126.707367,37.167783,1
GGB200000008,400,108,GGB233002301,55215,서신면행정복지센터,126.708033,37.16575,1
GGB200000008,400,109,GGB233002300,55214,사곶입구,126.70775,37.16355,1
GGB200000008,400,110,GGB233002236,55208,영지,126.706617,37.161433,1
GGB200000008,400,111,GGB233002299,55213,백석로입구,126.706083,37.1589,1
GGB200000008,400,112,GGB233002297,55211,백석,126.7034,37.1556,1
GGB200000008,400,113,GGB233002238,55209,백미리입구,126.700567,37.152333,1
GGB200000008,400,114,GGB233000323,36840,용두2리,126.700633,37.1477,1
GGB200000008,400,115,GGB233002239,55210,궁평보건지소,126.70215,37.142567,1
GGB200000008,400,116,GGB233002308,55221,해운교차로,126.7022,37.140217,1
GGB200000008,400,117,GGB233000322,37399,해운경로당,126.701533,37.137983,1
GGB200000008,400,118,GGB233000883,37482,궁평교회,126.6986,37.13555,1
GGB200000008,400,119,GGB233002304,55217,마루교차로,126.69675,37.133417,1
GGB200000008,400,120,GGB233000884,37029,박고지,126.69345,37.129867,1
GGB200000008,400,121,GGB233002441,37670,마루뜰,126.692317,37.128067,1
GGB200000008,400,122,GGB233003212,36655,고개재,126.69125,37.124683,1
GGB200000008,400,123,GGB233001255,37025,궁평해수욕장,126.690833,37.122817,1
GGB200000008,400,124,GGB233000198,37221,고잔앞들,126.6904,37.1209,1
GGB200000008,400,125,GGB233000330,37022,궁평항,126.684933,37.116833,1
GGB200000008,400,126,GGB277101997,,궁평1교차로(미정차),126.689217,37.118333,1
GGB200000008,400,127,GGB233000197,37220,고잔앞들,126.690583,37.120633,1
GGB200000008,400,128,GGB233001256,37026,궁평해수욕장,126.6913,37.123833,1
GGB200000008,400,129,GGB233000326,37030,박고지,126.693717,37.129817,1
GGB200000008,400,130,GGB233002303,55216,마루교차로,126.696867,37.133267,1
GGB200000008,400,131,GGB233000325,36839,궁평교회,126.698767,37.135467,1
GGB200000008,400,132,GGB233002305,55218,해운경로당,126.701417,37.1377,1
GGB200000008,400,133,GGB233000882,36765,궁평2리.해운초등학교,126.702267,37.13885,1
GGB200000008,400,134,GGB233002307,55220,해운교차로,126.702383,37.140467,1
GGB200000008,400,135,GGB233002240,55138,궁평보건지소,126.70205,37.143317,1
GGB200000008,400,136,GGB233000881,36766,용두2리,126.700933,37.147417,1
GGB200000008,400,137,GGB233002237,55137,백미리입구,126.7007,37.151567,1
GGB200000008,400,138,GGB233002309,55222,백석,126.70365,37.155567,1
GGB200000008,400,139,GGB233002310,55223,백석로입구,126.70615,37.158417,1
GGB200000008,400,140,GGB233002235,55136,영지,126.706933,37.1615,1
GGB200000008,400,141,GGB233002298,55212,사곶입구,126.708033,37.163683,1
GGB200000008,400,142,GGB233002311,55224,서신면행정복지센터,126.7084,37.16565,1
GGB200000008,400,143,GGB233002358,55240,서신사거리,126.70745,37.167817,1
GGB200000008,400,144,GGB233001890,37960,서신초등학교,126.705967,37.168817,1
GGB200000008,400,145,GGB233000853,37045,서신터미널,126.705233,37.1694,1
GGB200000008,400,146,GGB233000344,37398,상안리삼거리,126.706683,37.173983,1
GGB200000008,400,147,GGB233002315,55232,상안삼거리,126.706683,37.176967,1
GGB200000008,400,148,GGB233000744,37057,상안2리.SK주유소,126.708033,37.179017,1
GGB200000008,400,149,GGB233000743,37049,상안1.2리,126.706667,37.18275,1
GGB200000008,400,150,GGB233000742,37059,상안1리,126.709817,37.1851,1
GGB200000008,400,151,GGB233000741,37062,신흥사,126.713583,37.189817,1
GGB200000008,400,152,GGB233000879,36767,한국발효.당성(상안리),126.716717,37.192983,1
GGB200000008,400,153,GGB233000240,36357,육일2리.창말,126.720167,37.1967,1
GGB200000008,400,154,GGB233000854,37068,육일2리.코스코밸리,126.72285,37.1995,1
GGB200000008,400,155,GGB233001482,37557,육일리교차로,126.7244,37.203333,1
GGB200000008,400,156,GGB233002330,55172,육일리마을회관,126.725867,37.208217,1
GGB200000008,400,157,GGB233000269,37369,육일리.육교동입구,126.728117,37.209583,1
GGB200000008,400,158,GGB233001144,37490,사강2리,126.7305,37.212067,1
GGB200000008,400,159,GGB233000855,37080,사강복지회관,126.732733,37.2127,1
GGB200000008,400,160,GGB233000268,37084,사강시장,126.736667,37.213,1
GGB200000008,400,161,GGB233000267,37088,사강정형외과,126.739,37.213333,1
GGB200000008,400,162,GGB233000289,37094,봉가1리,126.744917,37.212283,1
GGB200000008,400,163,GGB233000740,37098,돼지고개.삼존리물미,126.753767,37.2114,1
GGB200000008,400,164,GGB233000739,37099,삼존리,126.75905,37.211183,1
GGB200000008,400,165,GGB233002153,55096,슬항3리,126.762883,37.209333,1
GGB200000008,400,166,GGB233000738,37102,구리섬휴게소,126.7647,37.208483,1
GGB200000008,400,167,GGB233000737,37103,외국인보호소,126.76655,37.207967,1
GGB200000008,400,168,GGB233000736,37106,마도사거리,126.77425,37.2069,1
GGB200000008,400,169,GGB233000735,37107,재래시장.마도삼거리,126.780067,37.2063,1
GGB200000008,400,170,GGB233000734,37110,두곡리,126.784167,37.2048,1
GGB200000008,400,171,GGB233000733,37115,쌍송리입구.은장고개,126.789067,37.2022,1
GGB200000008,400,172,GGB233000732,36008,남양6리.남양1리,126.801533,37.2039,1
GGB200000008,400,173,GGB233000731,36009,우림아파트,126.80585,37.205483,1
GGB200000008,400,174,GGB233002170,55115,경기수협.보건소,126.811883,37.206917,1
GGB200000008,400,175,GGB233000841,36015,남양성지,126.817117,37.20775,1
GGB200000008,400,176,GGB233000730,36019,남양사거리,126.81905,37.209133,1
GGB200000008,400,177,GGB233000729,36025,(구)남양읍행정복지센터,126.8228,37.211517,1
GGB200000008,400,178,GGB233000728,36029,루나포레아파트,126.830883,37.2152,1
GGB200000008,400,179,GGB233001404,36719,유일병원,126.8323,37.217217,1
GGB200000008,400,180,GGB233000727,36035,북양1리.봉림사,126.8321,37.21925,1
GGB200000008,400,181,GGB233000726,36043,북양1리.염티고개,126.840217,37.222117,1
GGB200000008,400,182,GGB233000725,37153,양노3리,126.85795,37.226633,1
GGB200000008,400,183,GGB233002118,55087,양노리,126.859967,37.228667,1
GGB200000008,400,184,GGB233000724,37162,삼화리,126.863717,37.2362,1
GGB200000008,400,185,GGB233000723,37169,천산아파트,126.865983,37.236467,1
GGB200000008,400,186,GGB233000722,37171,비봉초등학교후문,126.868233,37.236217,1
GGB200000008,400,187,GGB233000721,37186,비봉중고교.비봉면행정복지센터,126.8739,37.236867,1
GGB200000008,400,188,GGB233002215,55930,비봉교차로,126.8783,37.23845,1
GGB200000008,400,189,GGB233000720,37200,구포리과수원,126.880517,37.2394,1
GGB200000008,400,190,GGB233000719,37620,쌍학리.구포3리,126.892367,37.248133,1
GGB200000008,400,191,GGB233000718,37237,숙곡리천불사,126.898217,37.24805,1
GGB200000008,400,192,GGB233000842,37565,어천역,126.909517,37.2492,1
GGB200000008,400,193,GGB233002110,60116,어천2리마을회관앞,126.913067,37.250117,1
GGB200000008,400,194,GGB233002149,55106,어천저수지,126.914783,37.251233,1
GGB200000008,400,195,GGB233000717,37290,51사단,126.9209,37.250867,1
GGB200000008,400,196,GGB233000716,37295,원평,126.923633,37.25005,1
GGB200000008,400,197,GGB233000059,36020,원평사거리,126.925217,37.249367,1
GGB200000008,400,198,GGB233000891,37298,매송초등학교,126.927217,37.2489,1
GGB200000008,400,199,GGB233000715,37304,전승아파트,126.93055,37.246283,1
GGB200000008,400,200,GGB233000714,37308,일광사,126.93945,37.2444,1
GGB200000008,400,201,GGB233000713,37312,천천리,126.942017,37.244583,1
GGB200000008,400,202,GGB233000712,37316,천천리입구,126.947467,37.243517,1
GGB200000008,400,203,GGB233000711,37324,삼미.쌍용아파트,126.9533,37.2432,1
GGB200000008,400,204,GGB201000025,2059,오목천동태산아파트.서희스타힐스,126.9642,37.245983,0
GGB200000008,400,205,GGB201000024,2070,수원여자대학교입구,126.966883,37.246717,0
GGB200000008,400,206,GGB201000365,2872,서수원주민편익시설,126.972717,37.248367,0
GGB200000008,400,207,GGB201000023,2124,고색역.고색초교.태산아파트,126.9799,37.2504,0
GGB200000008,400,208,GGB201000022,2131,삼성큰병원.대원.거산아파트,126.984967,37.251833,0
GGB200000008,400,209,GGB201000341,2842,고색동입구,126.990117,37.25325,0
GGB200000008,400,210,GGB201000492,2332,중보교.수원역자동차운전전문학원,126.994867,37.2556,0
GGB200000008,400,211,GGB201000336,2832,공구유통타운.중앙자동차매매단지,126.997067,37.257833,0
GGB200000008,400,212,GGB201000432,2934,동남아파트,127.000433,37.260817,0
GGB200000008,400,213,GGB277103687,,세평지하차도(미정차),127.0031,37.26285,0
GGB200000008,400,214,GGB202000225,3023,수원역10번출구.역전시장,127.001817,37.265083,0
GGB200000008,400,215,GGB202000224,3164,매산시장,127.003367,37.2673,0
GGB200000008,400,216,GGB202000213,3039,세무서.신용회복위원회,127.007783,37.268967,0
GGB200000008,400,217,GGB202000212,3047,향교.팔달보건소.중앙침례교회,127.0121,37.270617,0
GGB200000008,400,218,GGB202000206,3049,가족여성회관.이춘택병원.수원농협,127.014217,37.271533,0
GGB200000008,400,219,GGB202000030,3056,팔달문,127.017267,37.277683,0
GGB200000008,400,220,GGB202000029,3054,팔달문.이안과,127.016783,37.27995,0
GGB200000008,400,221,GGB202000057,3059,팔달구청.수원화성박물관,127.018833,37.281717,0
GGB200000008,400,222,GGB202000081,3062,매향동,127.020817,37.282417,0
GGB200000008,400,223,GGB202000087,3168,수원미디어센터,127.022617,37.284967,0
GGB200000008,400,224,GGB202000055,3066,창룡문.연무대,127.024183,37.287217,0
GGB200000008,400,225,GGB202000001,1194,수원시평생학습관.연무사회복지관.창룡도서관,127.0271,37.2914,0
GGB200000008,400,226,GGB202000053,3088,우만동4단지,127.030883,37.292217,0
GGB200000008,400,227,GGB202000043,3092,수원월드컵경기장입구.우만주공3단지,127.032533,37.292367,0
GGB200000008,400,228,GGB203000167,4002,경기남부경찰청.봉녕사입구,127.034933,37.29365,0
GGB200000008,400,229,GGB203000412,4391,수원광교행복주택아파트,127.036883,37.29545,0
GGB200000008,400,230,GGB203000034,4008,경기대수원캠퍼스후문,127.041917,37.29775,0
GGB200000008,400,231,GGB203000260,4259,광교역.광교대학로,127.044083,37.3,0
GGB200000008,400,232,GGB203000262,4261,광교초등학교.광교홍재도서관,127.0475,37.30385,0
GGB200000008,400,233,GGB203000343,4322,광교e편한세상2차.광교중학교,127.046583,37.305433,0
GGB200000008,400,234,GGB203000356,4340,호반베르디움,127.04465,37.305467,0
GGB200000008,400,235,GGB203000318,4310,광교대광로제비앙,127.040783,37.306867,0
GGB200000008,400,236,GGB203000316,4308,광교파크자이더테라스.열림공원,127.039067,37.30795,0
GGB200000008,400,237,GGB203000317,4309,광교대광로제비앙,127.04065,37.306733,0
GGB200000008,400,238,GGB203000357,4341,호반베르디움,127.043967,37.30545,0
GGB200000008,400,239,GGB203000344,4323,광교중학교.광교e편한세상2차,127.04645,37.30525,0
GGB200000008,400,240,GGB203000264,4264,광교한양수자인.호반가든하임,127.0487,37.30525,0
GGB200000008,400,241,GGB203000342,4321,광교호반베르디움트라엘.광교해모로,127.0514,37.304117,0
GGB200000008,400,242,GGB203000046,4174,수원광교박물관.광교카페거리,127.051167,37.29475,0
GGB200000008,400,243,GGB203000045,4175,광교역사공원.광교카페거리,127.054417,37.295233,0
GGB200000008,400,244,GGB228003582,47766,광교마을.린병원.독바위,127.065467,37.29905,0
GGB200000008,400,245,GGB203000287,4277,상현역,127.069,37.297033,0
GGB200000008,400,246,GGB203000359,4345,수원시동부차고지,127.078483,37.28685,0
GGB200000013,999,1,GGB203000062,4171,연화장,127.08315,37.290867,0
GGB200000013,999,2,GGB203000374,4360,동부차고지,127.07805,37.286667,0
GGB200000013,999,3,GGB277102617,,동부차고지(미정차),127.078983,37.2916,0
GGB200000013,999,4,GGB228002014,47920,광교지웰레이크.광교더포레스트,127.078967,37.295533,0
GGB200000013,999,5,GGB228002012,47919,상현고등학교,127.07485,37.29755,0
GGB200000013,999,6,GGB228002010,47918,새빛초등학교.광교자이,127.07265,37.297983,0
GGB200000013,999,7,GGB228002009,47916,상현중학교,127.071183,37.29855,0
GGB200000013,999,8,GGB203000287,4277,상현역,127.069,37.297033,0
GGB200000013,999,9,GGB203000314,4301,광교휴먼시아32단지,127.068217,37.294183,0
GGB200000013,999,10,GGB203000284,4302,광교휴먼시아32단지정문,127.066083,37.292217,0
GGB200000013,999,11,GGB203000272,4296,산의초등학교.래미안광교,127.059867,37.290717,0
GGB200000013,999,12,GGB203000328,4306,광교오드카운티,127.0577,37.29295,0
GGB200000013,999,13,GGB203000325,4303,광교카페거리.대림e편한세상,127.053433,37.2931,0
GGB200000013,999,14,GGB203000400,4397,광교중앙.경기도청.아주대역환승센터,127.051633,37.288317,0
GGB200000013,999,15,GGB203000433,4420,수원컨벤션센터.광교갤러리아백화점.중흥s클래스,127.056833,37.284467,0
GGB200000013,999,16,GGB203000020,4052,광교중흥S클래스,127.059133,37.281167,0
GGB200000013,999,17,GGB203000352,4342,광교에일린의뜰.광교호수공원,127.059933,37.278833,0
GGB200000013,999,18,GGB203000032,4393,매원초등학교.광교아이파크아파트,127.059983,37.27455,0
GGB200000013,999,19,GGB203000292,4373,국토지리정보원.중앙기독초교.경기혈액원,127.05555,37.274067,0
GGB200000013,999,20,GGB203000172,4055,수원정보과학고.원천중학교,127.050317,37.276383,0
GGB200000013,999,21,GGB203000171,4039,아주대병원,127.046867,37.278333,0
GGB200000013,999,22,GGB202000005,3126,아주대.아주대학교병원,127.0437,37.2786,0
GGB200000013,999,23,GGB202000004,3129,아주대학교입구,127.043867,37.27585,0
GGB200000013,999,24,GGB202000073,3132,아주대입구.우리은행,127.041317,37.275767,0
GGB200000013,999,25,GGB202000046,3141,우만동선경아파트,127.03985,37.276217,0
GGB200000013,999,26,GGB202000017,3110,우만신성아파트,127.037,37.277067,0
GGB200000013,999,27,GGB202000016,3101,수원고용복지플러스센터.동수원병원.라마다호텔,127.035167,37.277617,0
GGB200000013,999,28,GGB202000008,3080,동수원사거리,127.02935,37.278333,0
GGB200000013,999,29,GGB202000007,3074,성빈센트병원,127.02715,37.277083,0
GGB200000013,999,30,GGB202000048,3138,못골.미나리광.지동시장,127.021417,37.2754,0
GGB200000013,999,31,GGB202000031,3142,영동시장,127.0185,37.275333,0
GGB200000013,999,32,GGB202000216,3140,가족여성회관.이춘택병원.해움미술관.수원농협,127.0151,37.272233,0
GGB200000013,999,33,GGB202000215,3046,향교.팔달보건소.중앙침례교회,127.011683,37.270717,0
GGB200000013,999,34,GGB202000214,3038,세무서.신용회복위원회,127.007017,37.268933,0
GGB200000013,999,35,GGB202000106,3195,수원역7번출구.AK플라자,127.000883,37.267367,0
GGB200000013,999,36,GGB277103116,,육교사거리(미정차),126.9993,37.269383,0
GGB200000013,999,37,GGB277103110,,서둔교차로(미정차),126.994867,37.270817,0
GGB200000013,999,38,GGB277103122,,환승센터진입1(미정차),126.9965,37.27115,0
GGB200000013,999,39,GGB277103123,,환승센터진입2(미정차),126.997617,37.268367,0
GGB200000013,999,40,GGB201000590,2983,수원역환승센터(4승강장),126.9989,37.265183,0
GGB200000013,999,41,GGB277103124,,벌터교차로(미정차),126.9963,37.2621,0
GGB200000013,999,42,GGB201000020,2156,공구유통타운.중앙자동차매매단지,126.997067,37.25835,0
GGB200000013,999,43,GGB201000390,2331,중보교.수원역자동차운전전문학원,126.994583,37.25575,0
GGB200000013,999,44,GGB201000389,2926,고색동입구,126.98995,37.253533,0
GGB200000013,999,45,GGB201000064,2137,고색파출소.종합공구단지,126.986683,37.252633,0
GGB200000013,999,46,GGB201000019,2128,연안아파트.삼성큰병원,126.983783,37.251817,0
GGB200000013,999,47,GGB201000018,2122,고색역.고색초교.태산아파트,126.979667,37.25065,0
GGB200000013,999,48,GGB201000488,2972,서수원주민편익시설,126.972333,37.248583,0
GGB200000013,999,49,GGB201000017,2067,수원여자대학입구,126.965633,37.24675,0
GGB200000013,999,50,GGB201000016,2058,오목천동태산아파트.서희스타힐스,126.96285,37.2458,0
GGB200000013,999,51,GGB233000782,37325,삼미.쌍용아파트,126.953483,37.243433,1
GGB200000013,999,52,GGB233000781,37321,천천리입구,126.94825,37.24385,1
GGB200000013,999,53,GGB233000849,37313,천천리,126.942383,37.244667,1
GGB200000013,999,54,GGB233000848,37309,일광사,126.9402,37.244517,1
GGB200000013,999,55,GGB233000847,37305,전승아파트,126.930617,37.246383,1
GGB200000013,999,56,GGB233002174,55188,매송초등학교,126.928117,37.2485,1
GGB200000013,999,57,GGB233000055,36017,원평사거리,126.9249,37.2496,1
GGB200000013,999,58,GGB233000846,37299,원평,126.923217,37.250367,1
GGB200000013,999,59,GGB233000845,37291,51사단,126.920867,37.250967,1
GGB200000013,999,60,GGB233002150,55107,어천저수지,126.914783,37.25135,1
GGB200000013,999,61,GGB233002190,60117,어천2리마을회관앞,126.912883,37.25015,1
GGB200000013,999,62,GGB233000844,37566,어천역,126.909517,37.2493,1
GGB200000013,999,63,GGB233000843,37238,숙곡리천불사,126.898733,37.248117,1
GGB200000013,999,64,GGB233000780,37612,구포3리.쌍학리,126.892117,37.248383,1
GGB200000013,999,65,GGB233002321,55226,비봉교차로,126.8792,37.238833,1
GGB200000013,999,66,GGB233000778,37183,비봉중고교.비봉면행정복지센터,126.873217,37.236717,1
GGB200000013,999,67,GGB233000777,37170,비봉초등학교후문.삼화3리,126.86815,37.236317,1
GGB200000013,999,68,GGB233000776,37168,천산아파트,126.865967,37.23655,1
GGB200000013,999,69,GGB233000774,37161,삼화리.천산아파트,126.862933,37.2361,1
GGB200000013,999,70,GGB233000773,37154,양노리,126.859567,37.228767,1
GGB200000013,999,71,GGB233003082,55393,양노3리,126.8582,37.227283,1
GGB200000013,999,72,GGB233000772,36042,북양1리.염티고개,126.839133,37.222233,1
GGB200000013,999,73,GGB233000771,37776,북양1리,126.8318,37.218983,1
GGB200000013,999,74,GGB233000770,36030,루나포레아파트,126.831233,37.215633,1
GGB200000013,999,75,GGB233000769,36026,(구)남양읍행정복지센터,126.823517,37.212,1
GGB200000013,999,76,GGB233000768,36021,남양사거리,126.81905,37.209367,1
GGB200000013,999,77,GGB233001046,36018,기업은행,126.81875,37.20835,1
GGB200000013,999,78,GGB233001749,37774,남양중고입구.기아남양점,126.820333,37.2058,1
GGB200000013,999,79,GGB233002159,36024,양우내안애,126.823383,37.202783,1
GGB200000013,999,80,GGB233001828,36001,남양뉴타운.현대2차,126.825517,37.200717,1
GGB200000013,999,81,GGB233000189,36028,화성시청.모두누림센터,126.82845,37.198367,1
GGB200000013,999,82,GGB233001747,37767,현대아파트,126.824233,37.19725,1
GGB200000013,999,83,GGB233000369,36838,기산베스트빌,126.8224,37.1956,1
GGB200000013,999,84,GGB233000342,55811,남양읍행정복지센터.서희스타힐스,126.821567,37.192783,1
GGB200000013,999,85,GGB233002120,37751,화성서부경찰서,126.821733,37.191417,1
GGB200000013,999,86,GGB233002186,55278,화성시청역,126.821,37.189033,1
GGB200000013,999,87,GGB233002824,55809,신남4리.외만리,126.81905,37.18255,1
GGB200000013,999,88,GGB233002011,55059,신남1리,126.818033,37.1806,1
GGB200000013,999,89,GGB233002189,55318,안석2리,126.817183,37.17835,1
GGB200000013,999,90,GGB233002008,55058,신남3리,126.8146,37.176283,1
GGB200000013,999,91,GGB233002259,55472,현대기아자동차연구소,126.812783,37.1718,1
GGB200000013,999,92,GGB233001999,37973,현대기아연구소,126.818267,37.1612,1
GGB200000013,999,93,GGB277102091,,장덕동(미정차),126.8182,37.167667,1
GGB200000013,999,94,GGB233002258,55471,현대기아자동차연구소,126.812967,37.171733,1
GGB200000013,999,95,GGB233002009,55061,신남3리,126.814583,37.175967,1
GGB200000013,999,96,GGB233002010,37427,안석2리,126.81725,37.178267,1
GGB200000013,999,97,GGB233002188,55317,신남1리,126.818233,37.180733,1
GGB200000013,999,98,GGB233002012,55810,신남4리.외만리,126.819183,37.182617,1
GGB200000013,999,99,GGB233002015,55056,화성시청역,126.820983,37.18865,1
GGB200000013,999,100,GGB233002121,55093,화성서부경찰서,126.822117,37.190917,1
GGB200000013,999,101,GGB233000343,55812,남양읍행정복지센터.서희스타힐스,126.821867,37.19285,1
GGB200000013,999,102,GGB233000187,36805,기산베스트빌,126.822683,37.19545,1
GGB200000013,999,103,GGB233001746,37771,현대아파트,126.824517,37.197067,1
GGB200000013,999,104,GGB233000189,36028,화성시청.모두누림센터,126.82845,37.198367,1
GGB200000013,999,105,GGB233001943,36002,남양뉴타운.상가단지,126.825817,37.200917,1
GGB200000013,999,106,GGB233000188,36804,남양뉴타운.양우내안애,126.824367,37.202283,1
GGB200000013,999,107,GGB233001318,36023,남양중고교입구,126.82225,37.204367,1
GGB200000013,999,108,GGB233000210,37567,기업은행,126.81965,37.2073,1
GGB200000013,999,109,GGB233000730,36019,남양사거리,126.81905,37.209133,1
GGB200000013,999,110,GGB233000729,36025,(구)남양읍행정복지센터,126.8228,37.211517,1
GGB200000013,999,111,GGB233000728,36029,루나포레아파트,126.830883,37.2152,1
GGB200000013,999,112,GGB233001404,36719,유일병원,126.8323,37.217217,1
GGB200000013,999,113,GGB233000727,36035,북양1리.봉림사,126.8321,37.21925,1
GGB200000013,999,114,GGB233000726,36043,북양1리.염티고개,126.840217,37.222117,1
GGB200000013,999,115,GGB233000725,37153,양노3리,126.85795,37.226633,1
GGB200000013,999,116,GGB233002118,55087,양노리,126.859967,37.228667,1
GGB200000013,999,117,GGB233000724,37162,삼화리,126.863717,37.2362,1
GGB200000013,999,118,GGB233000723,37169,천산아파트,126.865983,37.236467,1
GGB200000013,999,119,GGB233000722,37171,비봉초등학교후문,126.868233,37.236217,1
GGB200000013,999,120,GGB233000721,37186,비봉중고교.비봉면행정복지센터,126.8739,37.236867,1
GGB200000013,999,121,GGB233002215,55930,비봉교차로,126.8783,37.23845,1
GGB200000013,999,122,GGB233000720,37200,구포리과수원,126.880517,37.2394,1
GGB200000013,999,123,GGB233000719,37620,쌍학리.구포3리,126.892367,37.248133,1
GGB200000013,999,124,GGB233000718,37237,숙곡리천불사,126.898217,37.24805,1
GGB200000013,999,125,GGB233000842,37565,어천역,126.909517,37.2492,1
GGB200000013,999,126,GGB233002149,55106,어천저수지,126.914783,37.251233,1
GGB200000013,999,127,GGB233000717,37290,51사단,126.9209,37.250867,1
GGB200000013,999,128,GGB233000716,37295,원평,126.923633,37.25005,1
GGB200000013,999,129,GGB233000059,36020,원평사거리,126.925217,37.249367,1
GGB200000013,999,130,GGB233000891,37298,매송초등학교,126.927217,37.2489,1
GGB200000013,999,131,GGB233000715,37304,전승아파트,126.93055,37.246283,1
GGB200000013,999,132,GGB233000714,37308,일광사,126.93945,37.2444,1
GGB200000013,999,133,GGB233000713,37312,천천리,126.942017,37.244583,1
GGB200000013,999,134,GGB233000712,37316,천천리입구,126.947467,37.243517,1
GGB200000013,999,135,GGB233000711,37324,삼미.쌍용아파트,126.9533,37.2432,1
GGB200000013,999,136,GGB201000025,2059,오목천동태산아파트.서희스타힐스,126.9642,37.245983,0
GGB200000013,999,137,GGB201000024,2070,수원여자대학교입구,126.966883,37.246717,0
GGB200000013,999,138,GGB201000365,2872,서수원주민편익시설,126.972717,37.248367,0
GGB200000013,999,139,GGB201000023,2124,고색역.고색초교.태산아파트,126.9799,37.2504,0
GGB200000013,999,140,GGB201000022,2131,삼성큰병원.대원.거산아파트,126.984967,37.251833,0
GGB200000013,999,141,GGB201000341,2842,고색동입구,126.990117,37.25325,0
GGB200000013,999,142,GGB201000492,2332,중보교.수원역자동차운전전문학원,126.994867,37.2556,0
GGB200000013,999,143,GGB201000336,2832,공구유통타운.중앙자동차매매단지,126.997067,37.257833,0
GGB200000013,999,144,GGB201000432,2934,동남아파트,127.000433,37.260817,0
GGB200000013,999,145,GGB277103687,,세평지하차도(미정차),127.0031,37.26285,0
GGB200000013,999,146,GGB202000225,3023,수원역10번출구.역전시장,127.001817,37.265083,0
GGB200000013,999,147,GGB202000224,3164,매산시장,127.003367,37.2673,0
GGB200000013,999,148,GGB202000213,3039,세무서.신용회복위원회,127.007783,37.268967,0
GGB200000013,999,149,GGB202000212,3047,향교.팔달보건소.중앙침례교회,127.0121,37.270617,0
GGB200000013,999,150,GGB202000206,3049,가족여성회관.이춘택병원.수원농협,127.014217,37.271533,0
GGB200000013,999,151,GGB202000052,3137,녹산문고앞,127.018067,37.275083,0
GGB200000013,999,152,GGB202000051,3135,못골.미나리광.지동시장,127.022417,37.275283,0
GGB200000013,999,153,GGB202000050,3070,성빈센트병원,127.026083,37.276333,0
GGB200000013,999,154,GGB202000082,3147,한국전력경기사업본부.한라시그마팰리스,127.028667,37.277817,0
GGB200000013,999,155,GGB202000015,3130,수원고용복지플러스센터.동수원병원.라마다호텔,127.0339,37.2776,0
GGB200000013,999,156,GGB202000014,3107,인계선경아파트,127.036567,37.276867,0
GGB200000013,999,157,GGB202000049,3118,인계동동문굿모닝힐아파트,127.039017,37.276117,0
GGB200000013,999,158,GGB203000067,4238,아주대학교입구,127.044083,37.275933,0
GGB200000013,999,159,GGB203000066,4237,아주대.아주대학교병원,127.043917,37.2787,0
GGB200000013,999,160,GGB203000170,4041,아주대병원,127.047133,37.277933,0
GGB200000013,999,161,GGB203000169,4054,수원정보과학고.원천중학교,127.050683,37.275567,0
GGB200000013,999,162,GGB203000293,4374,국토지리정보원.중앙기독초교.경기혈액원,127.055517,37.2739,0
GGB200000013,999,163,GGB203000031,4392,매원초등학교.광교아이파크아파트,127.060167,37.274483,0
GGB200000013,999,164,GGB203000353,4343,광교에일린의뜰.광교호수공원,127.06015,37.278867,0
GGB200000013,999,165,GGB203000051,4062,광교중흥S클래스,127.059367,37.281133,0
GGB200000013,999,166,GGB203000434,4421,수원컨벤션센터.광교갤러리아백화점.중흥s클래스,127.0571,37.284467,0
GGB200000013,999,167,GGB203000399,4396,광교중앙.경기도청.아주대역환승센터,127.051883,37.288483,0
GGB200000013,999,168,GGB203000326,4304,광교카페거리.대림e편한세상,127.053333,37.292983,0
GGB200000013,999,169,GGB203000327,4305,광교오드카운티,127.057283,37.2933,0
GGB200000013,999,170,GGB203000273,4297,산의초등학교.래미안광교,127.059817,37.29055,0
GGB200000013,999,171,GGB203000391,4379,광교더리브.힐스테이트레이크,127.062233,37.289167,0
GGB200000013,999,172,GGB203000279,4267,원천호수사거리.힐스테이트광교,127.064467,37.2877,0
GGB200000013,999,173,GGB203000281,4276,수원고등법원.수원고등검찰청.광교호수공원,127.069967,37.289633,0
GGB200000013,999,174,GGB203000282,4272,이의초중고교.광교호수마을호반써밋,127.072033,37.292017,0
GGB200000013,999,175,GGB203000395,4389,광교2동주민센터,127.070233,37.292983,0
GGB200000013,999,176,GGB203000285,4134,광교휴먼시아32단지정문,127.067717,37.292783,0
GGB200000013,999,177,GGB203000397,4394,광교휴먼시아32단지.이의고교,127.068567,37.29425,0
GGB200000013,999,178,GGB203000286,4300,상현역,127.069317,37.296917,0
GGB200000013,999,179,GGB228002008,47921,상현중학교,127.071183,37.298367,0
GGB200000013,999,180,GGB228002013,47917,상현고등학교,127.074883,37.29735,0
GGB200000013,999,181,GGB228002035,47658,광교지웰레이크.광교더포레스트,127.078867,37.295367,0
GGB200000013,999,182,GGB203000062,4171,연화장,127.08315,37.290867,0
GGB200000013,999,183,GGB203000359,4345,수원시동부차고지,127.078483,37.28685,0
GGB200000016,50-2,1,GGB277103108,,서둔동차고지대기(미정차),126.995433,37.2718,0
GGB200000016,50-2,2,GGB277103122,,환승센터진입1(미정차),126.9965,37.27115,0
GGB200000016,50-2,3,GGB277103123,,환승센터진입2(미정차),126.997617,37.268367,0
GGB200000016,50-2,4,GGB201000591,2984,수원역환승센터(5승강장),126.99865,37.265217,0
GGB200000016,50-2,5,GGB277103124,,벌터교차로(미정차),126.9963,37.2621,0
GGB200000016,50-2,6,GGB201000020,2156,공구유통타운.중앙자동차매매단지,126.997067,37.25835,0
GGB200000016,50-2,7,GGB201000390,2331,중보교.수원역자동차운전전문학원,126.994583,37.25575,0
GGB200000016,50-2,8,GGB201000389,2926,고색동입구,126.98995,37.253533,0
GGB200000016,50-2,9,GGB201000064,2137,고색파출소.종합공구단지,126.986683,37.252633,0
GGB200000016,50-2,10,GGB201000019,2128,연안아파트.삼성큰병원,126.983783,37.251817,0
GGB200000016,50-2,11,GGB201000018,2122,고색역.고색초교.태산아파트,126.979667,37.25065,0
GGB200000016,50-2,12,GGB201000488,2972,서수원주민편익시설,126.972333,37.248583,0
GGB200000016,50-2,13,GGB201000017,2067,수원여자대학입구,126.965633,37.24675,0
GGB200000016,50-2,14,GGB201000016,2058,오목천동태산아파트.서희스타힐스,126.96285,37.2458,0
GGB200000016,50-2,15,GGB233000782,37325,삼미.쌍용아파트,126.953483,37.243433,1
GGB200000016,50-2,16,GGB233000781,37321,천천리입구,126.94825,37.24385,1
GGB200000016,50-2,17,GGB233000849,37313,천천리,126.942383,37.244667,1
GGB200000016,50-2,18,GGB233000848,37309,일광사,126.9402,37.244517,1
GGB200000016,50-2,19,GGB233000847,37305,전승아파트,126.930617,37.246383,1
GGB200000016,50-2,20,GGB233002174,55188,매송초등학교,126.928117,37.2485,1
GGB200000016,50-2,21,GGB233000055,36017,원평사거리,126.9249,37.2496,1
GGB200000016,50-2,22,GGB233000846,37299,원평,126.923217,37.250367,1
GGB200000016,50-2,23,GGB233000845,37291,51사단,126.920867,37.250967,1
GGB200000016,50-2,24,GGB233002150,55107,어천저수지,126.914783,37.25135,1
GGB200000016,50-2,25,GGB233002190,60117,어천2리마을회관앞,126.912883,37.25015,1
GGB200000016,50-2,26,GGB233000844,37566,어천역,126.909517,37.2493,1
GGB200000016,50-2,27,GGB233000843,37238,숙곡리천불사,126.898733,37.248117,1
GGB200000016,50-2,28,GGB233000780,37612,구포3리.쌍학리,126.892117,37.248383,1
GGB200000016,50-2,29,GGB233002321,55226,비봉교차로,126.8792,37.238833,1
GGB200000016,50-2,30,GGB233000778,37183,비봉중고교.비봉면행정복지센터,126.873217,37.236717,1
GGB200000016,50-2,31,GGB233000777,37170,비봉초등학교후문.삼화3리,126.86815,37.236317,1
GGB200000016,50-2,32,GGB233000776,37168,천산아파트,126.865967,37.23655,1
GGB200000016,50-2,33,GGB233001269,37144,삼화1리,126.856067,37.251417,1
GGB200000016,50-2,34,GGB233001543,37611,유포2리,126.8437,37.259683,1
GGB200000016,50-2,35,GGB233000888,37610,대장골,126.842833,37.2537,1
GGB200000016,50-2,36,GGB233001923,55363,유포리,126.83965,37.246217,1
GGB200000016,50-2,37,GGB233000215,37128,남전2리종점,126.831617,37.244717,1
GGB200000016,50-2,38,GGB233003220,36659,남전리,126.8496,37.2398,1
GGB200000016,50-2,39,GGB233000724,37162,삼화리,126.863717,37.2362,1
GGB200000016,50-2,40,GGB233000723,37169,천산아파트,126.865983,37.236467,1
GGB200000016,50-2,41,GGB233000722,37171,비봉초등학교후문,126.868233,37.236217,1
GGB200000016,50-2,42,GGB233000721,37186,비봉중고교.비봉면행정복지센터,126.8739,37.236867,1
GGB200000016,50-2,43,GGB233002215,55930,비봉교차로,126.8783,37.23845,1
GGB200000016,50-2,44,GGB233000720,37200,구포리과수원,126.880517,37.2394,1
GGB200000016,50-2,45,GGB233000719,37620,쌍학리.구포3리,126.892367,37.248133,1
GGB200000016,50-2,46,GGB233000718,37237,숙곡리천불사,126.898217,37.24805,1
GGB200000016,50-2,47,GGB233000842,37565,어천역,126.909517,37.2492,1
GGB200000016,50-2,48,GGB233002110,60116,어천2리마을회관앞,126.913067,37.250117,1
GGB200000016,50-2,49,GGB233002149,55106,어천저수지,126.914783,37.251233,1
GGB200000016,50-2,50,GGB233000717,37290,51사단,126.9209,37.250867,1
GGB200000016,50-2,51,GGB233000716,37295,원평,126.923633,37.25005,1
GGB200000016,50-2,52,GGB233000059,36020,원평사거리,126.925217,37.249367,1
GGB200000016,50-2,53,GGB233000891,37298,매송초등학교,126.927217,37.2489,1
GGB200000016,50-2,54,GGB233000715,37304,전승아파트,126.93055,37.246283,1
GGB200000016,50-2,55,GGB233000714,37308,일광사,126.93945,37.2444,1
GGB200000016,50-2,56,GGB233000713,37312,천천리,126.942017,37.244583,1
GGB200000016,50-2,57,GGB233000712,37316,천천리입구,126.947467,37.243517,1
GGB200000016,50-2,58,GGB233000711,37324,삼미.쌍용아파트,126.9533,37.2432,1
GGB200000016,50-2,59,GGB201000025,2059,오목천동태산아파트.서희스타힐스,126.9642,37.245983,0
GGB200000016,50-2,60,GGB201000024,2070,수원여자대학교입구,126.966883,37.246717,0
GGB200000016,50-2,61,GGB201000365,2872,서수원주민편익시설,126.972717,37.248367,0
GGB200000016,50-2,62,GGB201000023,2124,고색역.고색초교.태산아파트,126.9799,37.2504,0
GGB200000016,50-2,63,GGB201000022,2131,삼성큰병원.대원.거산아파트,126.984967,37.251833,0
GGB200000016,50-2,64,GGB201000341,2842,고색동입구,126.990117,37.25325,0
GGB200000016,50-2,65,GGB201000492,2332,중보교.수원역자동차운전전문학원,126.994867,37.2556,0
GGB200000016,50-2,66,GGB201000336,2832,공구유통타운.중앙자동차매매단지,126.997067,37.257833,0
GGB200000016,50-2,67,GGB201000432,2934,동남아파트,127.000433,37.260817,0
GGB200000016,50-2,68,GGB202000225,3023,수원역10번출구.역전시장,127.001817,37.265083,0
GGB200000016,50-2,69,GGB202000106,3195,수원역7번출구.AK플라자,127.000883,37.267367,0
GGB200000016,50-2,70,GGB201000587,2980,수원역환승센터(1승강장),126.999033,37.2656,0
GGB200000018,50-4,1,GGB277103108,,서둔동차고지대기(미정차),126.995433,37.2718,0
GGB200000018,50-4,2,GGB277103122,,환승센터진입1(미정차),126.9965,37.27115,0
GGB200000018,50-4,3,GGB277103123,,환승센터진입2(미정차),126.997617,37.268367,0
GGB200000018,50-4,4,GGB201000591,2984,수원역환승센터(5승강장),126.99865,37.265217,0
GGB200000018,50-4,5,GGB277103124,,벌터교차로(미정차),126.9963,37.2621,0
GGB200000018,50-4,6,GGB201000020,2156,공구유통타운.중앙자동차매매단지,126.997067,37.25835,0
GGB200000018,50-4,7,GGB201000390,2331,중보교.수원역자동차운전전문학원,126.994583,37.25575,0
GGB200000018,50-4,8,GGB201000389,2926,고색동입구,126.98995,37.253533,0
GGB200000018,50-4,9,GGB201000064,2137,고색파출소.종합공구단지,126.986683,37.252633,0
GGB200000018,50-4,10,GGB201000019,2128,연안아파트.삼성큰병원,126.983783,37.251817,0
GGB200000018,50-4,11,GGB201000018,2122,고색역.고색초교.태산아파트,126.979667,37.25065,0
GGB200000018,50-4,12,GGB201000488,2972,서수원주민편익시설,126.972333,37.248583,0
GGB200000018,50-4,13,GGB201000017,2067,수원여자대학입구,126.965633,37.24675,0
GGB200000018,50-4,14,GGB201000016,2058,오목천동태산아파트.서희스타힐스,126.96285,37.2458,0
GGB200000018,50-4,15,GGB233000782,37325,삼미.쌍용아파트,126.953483,37.243433,1
GGB200000018,50-4,16,GGB233000781,37321,천천리입구,126.94825,37.24385,1
GGB200000018,50-4,17,GGB233000849,37313,천천리,126.942383,37.244667,1
GGB200000018,50-4,18,GGB233000848,37309,일광사,126.9402,37.244517,1
GGB200000018,50-4,19,GGB233000847,37305,전승아파트,126.930617,37.246383,1
GGB200000018,50-4,20,GGB233002174,55188,매송초등학교,126.928117,37.2485,1
GGB200000018,50-4,21,GGB233000055,36017,원평사거리,126.9249,37.2496,1
GGB200000018,50-4,22,GGB233000846,37299,원평,126.923217,37.250367,1
GGB200000018,50-4,23,GGB233000845,37291,51사단,126.920867,37.250967,1
GGB200000018,50-4,24,GGB233002150,55107,어천저수지,126.914783,37.25135,1
GGB200000018,50-4,25,GGB233002190,60117,어천2리마을회관앞,126.912883,37.25015,1
GGB200000018,50-4,26,GGB233000844,37566,어천역,126.909517,37.2493,1
GGB200000018,50-4,27,GGB233000843,37238,숙곡리천불사,126.898733,37.248117,1
GGB200000018,50-4,28,GGB233003226,36665,쌍학1리,126.89685,37.243333,1
GGB200000018,50-4,29,GGB233003227,36673,쌍학3리,126.898833,37.241333,1
GGB200000018,50-4,30,GGB233001270,37246,쌍학리,126.901033,37.236367,1
GGB200000018,50-4,31,GGB277101890,,쌍학리(미정차),126.9001,37.238533,1
GGB200000018,50-4,32,GGB233001271,37243,쌍학4리,126.89895,37.2414,1
GGB200000018,50-4,33,GGB233003228,36674,쌍학1리,126.896083,37.24405,1
GGB200000018,50-4,34,GGB233000719,37620,쌍학리.구포3리,126.892367,37.248133,1
GGB200000018,50-4,35,GGB233000718,37237,숙곡리천불사,126.898217,37.24805,1
GGB200000018,50-4,36,GGB233000842,37565,어천역,126.909517,37.2492,1
GGB200000018,50-4,37,GGB233002110,60116,어천2리마을회관앞,126.913067,37.250117,1
GGB200000018,50-4,38,GGB233002149,55106,어천저수지,126.914783,37.251233,1
GGB200000018,50-4,39,GGB233000717,37290,51사단,126.9209,37.250867,1
GGB200000018,50-4,40,GGB233000716,37295,원평,126.923633,37.25005,1
GGB200000018,50-4,41,GGB233000059,36020,원평사거리,126.925217,37.249367,1
GGB200000018,50-4,42,GGB233002464,55325,원평2리입구.은혜교회,126.92535,37.239017,1
GGB200000018,50-4,43,GGB233000273,55779,내리,126.9244,37.237017,1
GGB200000018,50-4,44,GGB233001265,37600,덕고개34,126.922983,37.234033,1
GGB200000018,50-4,45,GGB233000274,55780,내리,126.924383,37.236367,1
GGB200000018,50-4,46,GGB233002463,55324,원평2리입구,126.925633,37.239383,1
GGB200000018,50-4,47,GGB233000891,37298,매송초등학교,126.927217,37.2489,1
GGB200000018,50-4,48,GGB233000715,37304,전승아파트,126.93055,37.246283,1
GGB200000018,50-4,49,GGB233000714,37308,일광사,126.93945,37.2444,1
GGB200000018,50-4,50,GGB233000713,37312,천천리,126.942017,37.244583,1
GGB200000018,50-4,51,GGB233000712,37316,천천리입구,126.947467,37.243517,1
GGB200000018,50-4,52,GGB233000711,37324,삼미.쌍용아파트,126.9533,37.2432,1
GGB200000018,50-4,53,GGB201000025,2059,오목천동태산아파트.서희스타힐스,126.9642,37.245983,0
GGB200000018,50-4,54,GGB201000024,2070,수원여자대학교입구,126.966883,37.246717,0
GGB200000018,50-4,55,GGB201000365,2872,서수원주민편익시설,126.972717,37.248367,0
GGB200000018,50-4,56,GGB201000023,2124,고색역.고색초교.태산아파트,126.9799,37.2504,0
GGB200000018,50-4,57,GGB201000022,2131,삼성큰병원.대원.거산아파트,126.984967,37.251833,0
GGB200000018,50-4,58,GGB201000341,2842,고색동입구,126.990117,37.25325,0
GGB200000018,50-4,59,GGB201000492,2332,중보교.수원역자동차운전전문학원,126.994867,37.2556,0
GGB200000018,50-4,60,GGB201000432,2934,동남아파트,127.000433,37.260817,0
GGB200000018,50-4,61,GGB202000225,3023,수원역10번출구.역전시장,127.001817,37.265083,0
GGB200000018,50-4,62,GGB277103116,,육교사거리(미정차),126.9993,37.269383,0
GGB200000018,50-4,63,GGB277102877,,운행종료(미정차),126.995283,37.271767,0
GGB200000020,50-5,1,GGB277103108,,서둔동차고지대기(미정차),126.995433,37.2718,0
GGB200000020,50-5,2,GGB277103122,,환승센터진입1(미정차),126.9965,37.27115,0
GGB200000020,50-5,3,GGB277103123,,환승센터진입2(미정차),126.997617,37.268367,0
GGB200000020,50-5,4,GGB201000591,2984,수원역환승센터(5승강장),126.99865,37.265217,0
GGB200000020,50-5,5,GGB277103124,,벌터교차로(미정차),126.9963,37.2621,0
GGB200000020,50-5,6,GGB201000020,2156,공구유통타운.중앙자동차매매단지,126.997067,37.25835,0
GGB200000020,50-5,7,GGB201000390,2331,중보교.수원역자동차운전전문학원,126.994583,37.25575,0
GGB200000020,50-5,8,GGB201000389,2926,고색동입구,126.98995,37.253533,0
GGB200000020,50-5,9,GGB201000064,2137,고색파출소.종합공구단지,126.986683,37.252633,0
GGB200000020,50-5,10,GGB201000019,2128,연안아파트.삼성큰병원,126.983783,37.251817,0
GGB200000020,50-5,11,GGB201000018,2122,고색역.고색초교.태산아파트,126.979667,37.25065,0
GGB200000020,50-5,12,GGB201000488,2972,서수원주민편익시설,126.972333,37.248583,0
GGB200000020,50-5,13,GGB201000017,2067,수원여자대학입구,126.965633,37.24675,0
GGB200000020,50-5,14,GGB201000016,2058,오목천동태산아파트.서희스타힐스,126.96285,37.2458,0
GGB200000020,50-5,15,GGB233000782,37325,삼미.쌍용아파트,126.953483,37.243433,1
GGB200000020,50-5,16,GGB233000781,37321,천천리입구,126.94825,37.24385,1
GGB200000020,50-5,17,GGB233000849,37313,천천리,126.942383,37.244667,1
GGB200000020,50-5,18,GGB233000848,37309,일광사,126.9402,37.244517,1
GGB200000020,50-5,19,GGB233000847,37305,전승아파트,126.930617,37.246383,1
GGB200000020,50-5,20,GGB233002174,55188,매송초등학교,126.928117,37.2485,1
GGB200000020,50-5,21,GGB233000055,36017,원평사거리,126.9249,37.2496,1
GGB200000020,50-5,22,GGB233000846,37299,원평,126.923217,37.250367,1
GGB200000020,50-5,23,GGB233000845,37291,51사단,126.920867,37.250967,1
GGB200000020,50-5,24,GGB233002150,55107,어천저수지,126.914783,37.25135,1
GGB200000020,50-5,25,GGB233002190,60117,어천2리마을회관앞,126.912883,37.25015,1
GGB200000020,50-5,26,GGB233000844,37566,어천역,126.909517,37.2493,1
GGB200000020,50-5,27,GGB233000843,37238,숙곡리천불사,126.898733,37.248117,1
GGB200000020,50-5,28,GGB233000780,37612,구포3리.쌍학리,126.892117,37.248383,1
GGB200000020,50-5,29,GGB233002321,55226,비봉교차로,126.8792,37.238833,1
GGB200000020,50-5,30,GGB233000778,37183,비봉중고교.비봉면행정복지센터,126.873217,37.236717,1
GGB200000020,50-5,31,GGB233000777,37170,비봉초등학교후문.삼화3리,126.86815,37.236317,1
GGB200000020,50-5,32,GGB233000776,37168,천산아파트,126.865967,37.23655,1
GGB200000020,50-5,33,GGB233000774,37161,삼화리.천산아파트,126.862933,37.2361,1
GGB200000020,50-5,34,GGB233000157,37367,천산아파트,126.864767,37.23535,1
GGB200000020,50-5,35,GGB233000158,37278,비봉우체국,126.869583,37.23505,1
GGB200000020,50-5,36,GGB233002964,55819,비봉면행정복지센터,126.873167,37.235483,1
GGB200000020,50-5,37,GGB233002446,55380,양노리,126.87375,37.230833,1
GGB200000020,50-5,38,GGB233000531,37177,과학화예비군훈련장앞,126.8723,37.216267,1
GGB200000020,50-5,39,GGB233002329,55379,자안공단,126.87185,37.20655,1
GGB200000020,50-5,40,GGB233000530,37754,자안리,126.873617,37.2041,1
GGB200000020,50-5,41,GGB233000555,37199,청요사거리,126.88055,37.1982,1
GGB200000020,50-5,42,GGB233003095,55422,추모공원,126.882517,37.199183,1
GGB200000020,50-5,43,GGB233000899,37213,청요3리마을회관,126.886067,37.20065,1
GGB200000020,50-5,44,GGB233001314,36712,가골입구앞,126.891117,37.202233,1
GGB200000020,50-5,45,GGB233001947,37962,청요2리입구,126.893,37.2025,1
GGB200000020,50-5,46,GGB233001315,37227,청요2리,126.8948,37.203067,1
GGB200000020,50-5,47,GGB233000554,37232,청요리,126.897117,37.1995,1
GGB200000020,50-5,48,GGB233000561,37233,청요1리,126.897433,37.19955,1
GGB200000020,50-5,49,GGB233001313,37226,청요리,126.8953,37.203133,1
GGB200000020,50-5,50,GGB233001987,37949,청요2리입구,126.893233,37.202633,1
GGB200000020,50-5,51,GGB233000560,37212,청요3리,126.886083,37.200783,1
GGB200000020,50-5,52,GGB233003096,55423,추모공원,126.882483,37.199283,1
GGB200000020,50-5,53,GGB233000898,37575,청요사거리,126.880083,37.198267,1
GGB200000020,50-5,54,GGB233000541,37185,자안리,126.873767,37.204217,1
GGB200000020,50-5,55,GGB233000540,37755,과학화예비군훈련장앞,126.8723,37.216533,1
GGB200000020,50-5,56,GGB233000539,37188,양노리,126.873967,37.23095,1
GGB200000020,50-5,57,GGB233000359,55637,비봉면행정복지센터,126.873283,37.235683,1
GGB200000020,50-5,58,GGB233000159,37279,비봉우체국,126.869817,37.2351,1
GGB200000020,50-5,59,GGB233000132,37297,천산아파트,126.864817,37.235433,1
GGB200000020,50-5,60,GGB233000724,37162,삼화리,126.863717,37.2362,1
GGB200000020,50-5,61,GGB233000723,37169,천산아파트,126.865983,37.236467,1
GGB200000020,50-5,62,GGB233000722,37171,비봉초등학교후문,126.868233,37.236217,1
GGB200000020,50-5,63,GGB233000721,37186,비봉중고교.비봉면행정복지센터,126.8739,37.236867,1
GGB200000020,50-5,64,GGB233002215,55930,비봉교차로,126.8783,37.23845,1
GGB200000020,50-5,65,GGB233000720,37200,구포리과수원,126.880517,37.2394,1
GGB200000020,50-5,66,GGB233000719,37620,쌍학리.구포3리,126.892367,37.248133,1
GGB200000020,50-5,67,GGB233000718,37237,숙곡리천불사,126.898217,37.24805,1
GGB200000020,50-5,68,GGB233000842,37565,어천역,126.909517,37.2492,1
GGB200000020,50-5,69,GGB233002110,60116,어천2리마을회관앞,126.913067,37.250117,1
GGB200000020,50-5,70,GGB233002149,55106,어천저수지,126.914783,37.251233,1
GGB200000020,50-5,71,GGB233000717,37290,51사단,126.9209,37.250867,1
GGB200000020,50-5,72,GGB233000716,37295,원평,126.923633,37.25005,1
GGB200000020,50-5,73,GGB233000059,36020,원평사거리,126.925217,37.249367,1
GGB200000020,50-5,74,GGB233000891,37298,매송초등학교,126.927217,37.2489,1
GGB200000020,50-5,75,GGB233000715,37304,전승아파트,126.93055,37.246283,1
GGB200000020,50-5,76,GGB233000714,37308,일광사,126.93945,37.2444,1
GGB200000020,50-5,77,GGB233000713,37312,천천리,126.942017,37.244583,1
GGB200000020,50-5,78,GGB233000712,37316,천천리입구,126.947467,37.243517,1
GGB200000020,50-5,79,GGB233000711,37324,삼미.쌍용아파트,126.9533,37.2432,1
GGB200000020,50-5,80,GGB201000025,2059,오목천동태산아파트.서희스타힐스,126.9642,37.245983,0
GGB200000020,50-5,81,GGB201000024,2070,수원여자대학교입구,126.966883,37.246717,0
GGB200000020,50-5,82,GGB201000365,2872,서수원주민편익시설,126.972717,37.248367,0
GGB200000020,50-5,83,GGB201000023,2124,고색역.고색초교.태산아파트,126.9799,37.2504,0
GGB200000020,50-5,84,GGB201000022,2131,삼성큰병원.대원.거산아파트,126.984967,37.251833,0
GGB200000020,50-5,85,GGB201000341,2842,고색동입구,126.990117,37.25325,0
GGB200000020,50-5,86,GGB201000492,2332,중보교.수원역자동차운전전문학원,126.994867,37.2556,0
GGB200000020,50-5,87,GGB201000336,2832,공구유통타운.중앙자동차매매단지,126.997067,37.257833,0
GGB200000020,50-5,88,GGB201000432,2934,동남아파트,127.000433,37.260817,0
GGB200000020,50-5,89,GGB202000225,3023,수원역10번출구.역전시장,127.001817,37.265083,0
GGB200000020,50-5,90,GGB202000106,3195,수원역7번출구.AK플라자,127.000883,37.267367,0
GGB200000020,50-5,91,GGB201000587,2980,수원역환승센터(1승강장),126.999033,37.2656,0
GGB200000060,11,1,GGB203000360,4346,수원시동부차고지,127.0785,37.286967,0
GGB200000060,11,2,GGB203000374,4360,동부차고지,127.07805,37.286667,0
GGB200000060,11,3,GGB277102617,,동부차고지(미정차),127.078983,37.2916,0
GGB200000060,11,4,GGB228002014,47920,광교지웰레이크.광교더포레스트,127.078967,37.295533,0
GGB200000060,11,5,GGB228002012,47919,상현고등학교,127.07485,37.29755,0
GGB200000060,11,6,GGB228002010,47918,새빛초등학교.광교자이,127.07265,37.297983,0
GGB200000060,11,7,GGB228002009,47916,상현중학교,127.071183,37.29855,0
GGB200000060,11,8,GGB203000287,4277,상현역,127.069,37.297033,0
GGB200000060,11,9,GGB203000314,4301,광교휴먼시아32단지,127.068217,37.294183,0
GGB200000060,11,10,GGB203000284,4302,광교휴먼시아32단지정문,127.066083,37.292217,0
GGB200000060,11,11,GGB203000275,4290,광교센트럴뷰.힐스테이트레이크,127.0607,37.289083,0
GGB200000060,11,12,GGB203000277,4274,수원컨벤션센터.롯데몰,127.057767,37.286583,0
GGB200000060,11,13,GGB203000399,4396,광교중앙.경기도청.아주대역환승센터,127.051883,37.288483,0
GGB200000060,11,14,GGB203000042,4186,푸르지오월드마크.차세대융합기술연구원,127.047417,37.292383,0
GGB200000060,11,15,GGB203000165,4181,경기대수원캠퍼스후문.수원박물관,127.03975,37.297083,0
GGB200000060,11,16,GGB203000248,4252,수원박물관.수원시장애인복지관,127.037033,37.29615,0
GGB200000060,11,17,GGB203000001,1257,경기남부경찰청.봉녕사입구,127.034217,37.2936,0
GGB200000060,11,18,GGB200000247,1236,연무동.서광교파크스위첸,127.031917,37.292633,0
GGB200000060,11,19,GGB200000197,1256,우만주공4단지,127.030367,37.29245,0
GGB200000060,11,20,GGB200000084,1192,수원시평생학습관.연무사회복지관.창룡도서관,127.026883,37.291567,0
GGB200000060,11,21,GGB202000060,3067,창룡문.연무대,127.024283,37.288117,0
GGB200000060,11,22,GGB202000059,3063,수원미디어센터,127.021733,37.284167,0
GGB200000060,11,23,GGB202000058,3060,팔달구청.수원화성박물관,127.018933,37.281983,0
GGB200000060,11,24,GGB202000047,3133,팔달문,127.016217,37.27735,0
GGB200000060,11,25,GGB202000216,3140,가족여성회관.이춘택병원.해움미술관.수원농협,127.0151,37.272233,0
GGB200000060,11,26,GGB202000215,3046,향교.팔달보건소.중앙침례교회,127.011683,37.270717,0
GGB200000060,11,27,GGB202000214,3038,세무서.신용회복위원회,127.007017,37.268933,0
GGB200000060,11,28,GGB202000219,3017,수원역7번출구.AK플라자,127.000917,37.267467,0
GGB200000060,11,29,GGB277103110,,서둔교차로(미정차),126.994867,37.270817,0
GGB200000060,11,30,GGB201000032,2130,더함파크,126.98445,37.273633,0
GGB200000060,11,31,GGB201000351,2850,국립농업박물관.서둔동행정복지센터,126.981733,37.274867,0
GGB200000060,11,32,GGB201000031,2119,웃거리.힐스테이트수원테라스,126.978817,37.277083,0
GGB200000060,11,33,GGB201000298,2391,서호노인복지관.구운공원,126.976583,37.27935,0
GGB200000060,11,34,GGB201000030,2102,구운오거리.경기중소기업성장지원센터,126.97405,37.281383,0
GGB200000060,11,35,GGB201000029,2090,서수원버스터미널,126.9707,37.2834,0
GGB200000060,11,36,GGB201000028,2074,구운사거리.농수산물유통센터,126.968583,37.28565,0
GGB200000060,11,37,GGB201000078,2048,입북동입구,126.960933,37.292,0
GGB200000060,11,38,GGB277103367,,서수원IC(미정차),126.95265,37.293383,0
GGB200000060,11,39,GGB201000026,2015,대명고등학교,126.942267,37.2952,0
GGB200000060,11,40,GGB216000278,17319,안산테콤단지입구,126.931833,37.29615,0
GGB200000060,11,41,GGB216000159,17317,황제아파트앞,126.924767,37.298133,0
GGB200000060,11,42,GGB216000158,17315,양촌마을앞,126.919583,37.297983,0
GGB200000060,11,43,GGB216000161,17312,두산위브더센트럴(수인로),126.905067,37.30095,0
GGB200000060,11,44,GGB216000149,17303,동호상가,126.901217,37.303583,0
GGB200000060,11,45,GGB277102533,,수인산업도로1(미정차),126.89415,37.30065,0
GGB200000060,11,46,GGB216000337,17301,팔곡마을주공아파트,126.8879,37.296817,0
GGB200000060,11,47,GGB216000147,17297,팔곡주유소,126.884633,37.293533,0
GGB200000060,11,48,GGB216000748,17464,로컬푸드건너편,126.874283,37.290083,0
GGB200000060,11,49,GGB216000243,17277,각골운동장,126.8726,37.290617,0
GGB200000060,11,50,GGB216000242,17278,각골초등학교,126.872683,37.2926,0
GGB200000060,11,51,GGB216000726,17335,본오동우체국건너편,126.87275,37.2943,0
GGB200000060,11,52,GGB216000241,17280,본오2동행정복지센터,126.872867,37.29575,0
GGB200000060,11,53,GGB216000004,17281,안산디자인문화고등학교.상록고등학교,126.872983,37.298883,0
GGB200000060,11,54,GGB216000749,17013,장수마을,126.87305,37.300133,0
GGB200000060,11,55,GGB216000277,17269,상록중학교,126.8719,37.301617,0
GGB200000060,11,56,GGB216000086,17246,상록수역2번출구건너편,126.86715,37.303033,0
GGB200000060,11,57,GGB216000085,17245,도로공원,126.866933,37.30735,0
GGB200000060,11,58,GGB216000731,17454,일동우체국,126.8678,37.309333,0
GGB200000060,11,59,GGB216000084,17237,일동행정복지센터.중앙병원입구,126.86665,37.31045,0
GGB200000060,11,60,GGB216000083,17219,호동초등학교,126.865017,37.311983,0
GGB200000060,11,61,GGB216000082,17202,일동굴다리앞,126.862233,37.31305,0
GGB200000060,11,62,GGB216000081,17186,성호공원앞,126.860633,37.311483,0
GGB200000060,11,63,GGB216000080,17170,농수산물도매시장,126.859033,37.309917,0
GGB200000060,11,64,GGB216000729,17452,농수산물관리동,126.856933,37.308217,0
GGB200000060,11,65,GGB216000079,17130,한대앞역3번출구,126.853967,37.310283,0
GGB200000060,11,66,GGB216000078,17099,이동꽃마을,126.850683,37.313633,0
GGB200000060,11,67,GGB216000077,17073,안산시외버스터미널,126.8472,37.31625,0
GGB200000060,11,68,GGB216000076,17049,시외버스터미널,126.845433,37.31725,0
GGB200000060,11,69,GGB216000075,17034,스타프라자,126.8436,37.3206,0
GGB200000060,11,70,GGB217000237,18354,중앙초등학교앞,126.8377,37.3209,0
GGB200000060,11,71,GGB217000236,18337,중앙주공5단지,126.835233,37.321033,0
GGB200000060,11,72,GGB217000235,18327,안산시청,126.83175,37.3212,0
GGB200000060,11,73,GGB217000234,18313,고잔롯데캐슬골드파크,126.82715,37.321417,0
GGB200000060,11,74,GGB217000207,18273,안산문화예술의전당,126.821083,37.321717,0
GGB200000060,11,75,GGB217000300,18223,단원구청.단원보건소,126.815267,37.322067,0
GGB200000060,11,76,GGB217000299,18180,푸르지오파크,126.80655,37.323633,0
GGB200000060,11,77,GGB217000298,18168,초지두산위브아파트,126.803317,37.325367,0
GGB200000060,11,78,GGB217000024,18158,라성호텔.한화꿈에그린,126.801633,37.32625,0
GGB200000060,11,79,GGB217000297,18145,벽산아파트,126.798783,37.327783,0
GGB200000060,11,80,GGB217000296,18137,원곡초등학교,126.797117,37.328933,0
GGB200000060,11,81,GGB217000295,18133,군자시장,126.796417,37.332083,0
GGB200000060,11,82,GGB217000220,18127,원곡동행정복지센터,126.793133,37.33095,0
GGB200000060,11,83,GGB217000301,18117,안산역(도로변),126.7897,37.328,0
GGB200000060,11,84,GGB217000169,18104,영림,126.786133,37.324517,0
GGB200000060,11,85,GGB217000168,18110,나염단지입구,126.788183,37.318967,0
GGB200000060,11,86,GGB217000167,18118,삼일제약,126.790083,37.313817,0
GGB200000060,11,87,GGB217000166,18113,대성산소사거리.터미널.영풍,126.788967,37.307967,0
GGB200000060,11,88,GGB217000290,18108,㈜다다산업,126.786917,37.303567,0
GGB200000060,11,89,GGB217000289,18105,원시역2번출구,126.7862,37.301767,0
GGB200000060,11,90,GGB217000292,18107,원시역1번출구,126.786517,37.301467,0
GGB200000060,11,91,GGB217000291,18109,안산스마트허브경기행복주택,126.7878,37.30435,0
GGB200000060,11,92,GGB217000178,18114,ZF,126.789383,37.30785,0
GGB200000060,11,93,GGB217000177,18119,삼일제약,126.790517,37.313933,0
GGB200000060,11,94,GGB217000176,18111,나염단지입구,126.78865,37.318967,0
GGB200000060,11,95,GGB217000175,18106,유통상가,126.786617,37.32445,0
GGB200000060,11,96,GGB217000626,18582,안산역(도로변),126.788767,37.328067,0
GGB200000060,11,97,GGB277102242,,연수원사거리(미정차),126.799167,37.32435,0
GGB200000060,11,98,GGB277102243,,협성연립삼거리(미정차),126.794683,37.325633,0
GGB200000060,11,99,GGB217000151,18126,원곡동행정복지센터,126.79335,37.330883,0
GGB200000060,11,100,GGB217000214,18132,군자시장,126.79615,37.331683,0
GGB200000060,11,101,GGB217000213,18138,원곡초등학교,126.797067,37.328633,0
GGB200000060,11,102,GGB217000212,18149,푸르지오브리파크,126.799367,37.327183,0
GGB200000060,11,103,GGB217000025,18155,e편한세상센트럴포레,126.801583,37.326,0
GGB200000060,11,104,GGB217000211,18165,푸르지오에코,126.803067,37.325217,0
GGB200000060,11,105,GGB217000210,18181,푸르지오메트로,126.8067,37.3233,0
GGB200000060,11,106,GGB217000430,18458,단원구청.단원보건소,126.8153,37.321767,0
GGB200000060,11,107,GGB217000208,18272,안산문화예술의전당,126.821333,37.321483,0
GGB200000060,11,108,GGB217000087,18314,자유센터,126.827433,37.321183,0
GGB200000060,11,109,GGB217000086,18326,안산시청건너편,126.831783,37.320967,0
GGB200000060,11,110,GGB217000315,18336,힐스테이트중앙아파트,126.834783,37.320817,0
GGB200000060,11,111,GGB217000314,18356,센트럴푸르지오,126.838117,37.32065,0
GGB200000060,11,112,GGB216000118,17038,스타프라자,126.843933,37.32035,0
GGB200000060,11,113,GGB216000117,17048,성포주공4단지,126.845067,37.319433,0
GGB200000060,11,114,GGB216000116,17057,안산시외버스터미널건너편,126.846333,37.315933,0
GGB200000060,11,115,GGB216000115,17106,이동꽃마을,126.851433,37.312417,0
GGB200000060,11,116,GGB216000114,17127,한대앞역1번출구,126.8544,37.3094,0
GGB200000060,11,117,GGB216000113,17169,농수산물도매시장,126.85915,37.30975,0
GGB200000060,11,118,GGB216000112,17189,성호공원앞,126.8609,37.31145,0
GGB200000060,11,119,GGB216000111,17203,굴다리앞,126.862533,37.313017,0
GGB200000060,11,120,GGB216000110,17218,호동초등학교,126.8648,37.311883,0
GGB200000060,11,121,GGB216000109,17238,일동행정복지센터.중앙병원입구,126.8669,37.309933,0
GGB200000060,11,122,GGB216000732,17455,일동우체국,126.86765,37.309183,0
GGB200000060,11,123,GGB216000108,17244,금호카센터,126.866883,37.3071,0
GGB200000060,11,124,GGB216000107,17247,상록수역2번출구,126.866917,37.303,0
GGB200000060,11,125,GGB216000281,17251,상록수김연경체육관,126.86895,37.301383,0
GGB200000060,11,126,GGB216000280,17270,상록중학교.본오동,126.871933,37.301283,0
GGB200000060,11,127,GGB216000005,17282,안산디자인문화고등학교.상록고등학교,126.8727,37.298667,0
GGB200000060,11,128,GGB216000056,17279,본오2동행정복지센터,126.87255,37.295917,0
GGB200000060,11,129,GGB216000725,17451,본오동우체국,126.872483,37.294383,0
GGB200000060,11,130,GGB216000055,17276,각골초등학교,126.87235,37.292633,0
GGB200000060,11,131,GGB216000054,17274,각골운동장,126.872283,37.290583,0
GGB200000060,11,132,GGB216000743,17458,로컬푸드,126.873983,37.289567,0
GGB200000060,11,133,GGB216000120,17296,팔곡주유소건너편,126.884967,37.29345,0
GGB200000060,11,134,GGB216000119,17300,팔곡마을주공아파트건너편,126.88835,37.297033,0
GGB200000060,11,135,GGB277102510,,수인산업도로1(미정차),126.894367,37.3003,0
GGB200000060,11,136,GGB216000149,17303,동호상가,126.901217,37.303583,0
GGB200000060,11,137,GGB216000155,17360,용담마을,126.901,37.30135,0
GGB200000060,11,138,GGB216000160,17313,두산위브더센트럴건너편(수인로),126.9065,37.2998,0
GGB200000060,11,139,GGB216000154,17314,양촌마을건너편앞,126.919217,37.2972,0
GGB200000060,11,140,GGB216000153,17316,황제아파트건너편,126.924967,37.297383,0
GGB200000060,11,141,GGB216000279,17329,안산테콤단지,126.931817,37.2958,0
GGB200000060,11,142,GGB201000396,2895,대명고등학교,126.941433,37.293817,0
GGB200000060,11,143,GGB201000184,2013,당수동인정.한라.쌍용아파트,126.940867,37.29185,0
GGB200000060,11,144,GGB201000183,2019,당수동삼정아파트,126.943867,37.291383,0
GGB200000060,11,145,GGB201000076,2044,입북동입구,126.9604,37.2916,0
GGB200000060,11,146,GGB201000036,2073,구운사거리.농수산물유통센터,126.968167,37.285367,0
GGB200000060,11,147,GGB201000116,2091,서수원버스터미널,126.970867,37.2829,0
GGB200000060,11,148,GGB201000035,2101,구운오거리.경기중소기업성장지원센터,126.974033,37.281,0
GGB200000060,11,149,GGB201000272,2304,서호노인복지관.구운공원,126.976317,37.2791,0
GGB200000060,11,150,GGB201000034,2120,웃거리.힐스테이트수원테라스,126.9789,37.276633,0
GGB200000060,11,151,GGB201000160,2362,서둔동행정복지센터.국립농업박물관,126.981617,37.274567,0
GGB200000060,11,152,GGB201000033,2129,더함파크,126.984233,37.273367,0
GGB200000060,11,153,GGB277101594,,서둔교차로(미정차),126.9942,37.270667,0
GGB200000060,11,154,GGB202000208,3015,수원역4번출구.노보텔수원,126.999567,37.268083,0
GGB200000060,11,155,GGB202000224,3164,매산시장,127.003367,37.2673,0
GGB200000060,11,156,GGB202000213,3039,세무서.신용회복위원회,127.007783,37.268967,0
GGB200000060,11,157,GGB202000212,3047,향교.팔달보건소.중앙침례교회,127.0121,37.270617,0
GGB200000060,11,158,GGB202000206,3049,가족여성회관.이춘택병원.수원농협,127.014217,37.271533,0
GGB200000060,11,159,GGB202000030,3056,팔달문,127.017267,37.277683,0
GGB200000060,11,160,GGB202000029,3054,팔달문.이안과,127.016783,37.27995,0
GGB200000060,11,161,GGB202000057,3059,팔달구청.수원화성박물관,127.018833,37.281717,0
GGB200000060,11,162,GGB202000081,3062,매향동,127.020817,37.282417,0
GGB200000060,11,163,GGB202000087,3168,수원미디어센터,127.022617,37.284967,0
GGB200000060,11,164,GGB202000055,3066,창룡문.연무대,127.024183,37.287217,0
GGB200000060,11,165,GGB202000001,1194,수원시평생학습관.연무사회복지관.창룡도서관,127.0271,37.2914,0
GGB200000060,11,166,GGB202000053,3088,우만동4단지,127.030883,37.292217,0
GGB200000060,11,167,GGB202000043,3092,수원월드컵경기장입구.우만주공3단지,127.032533,37.292367,0
GGB200000060,11,168,GGB203000167,4002,경기남부경찰청.봉녕사입구,127.034933,37.29365,0
GGB200000060,11,169,GGB203000166,4178,경기대수원캠퍼스후문.수원박물관,127.039433,37.29675,0
GGB200000060,11,170,GGB203000041,4185,차세대융합기술연구원.푸르지오월드마크,127.04785,37.2934,0
GGB200000060,11,171,GGB203000400,4397,광교중앙.경기도청.아주대역환승센터,127.051633,37.288317,0
GGB200000060,11,172,GGB203000276,4273,수원컨벤션센터.롯데몰,127.05745,37.285967,0
GGB200000060,11,173,GGB203000274,4280,광교센트럴뷰.힐스테이트레이크,127.061133,37.2891,0
GGB200000060,11,174,GGB203000351,4331,경기중앙지방변호사회관.수원지방법원,127.06625,37.292033,0
GGB200000060,11,175,GGB203000285,4134,광교휴먼시아32단지정문,127.067717,37.292783,0
GGB200000060,11,176,GGB203000397,4394,광교휴먼시아32단지.이의고교,127.068567,37.29425,0
GGB200000060,11,177,GGB203000286,4300,상현역,127.069317,37.296917,0
GGB200000060,11,178,GGB228002008,47921,상현중학교,127.071183,37.298367,0
GGB200000060,11,179,GGB228002013,47917,상현고등학교,127.074883,37.29735,0
GGB200000060,11,180,GGB228002035,47658,광교지웰레이크.광교더포레스트,127.078867,37.295367,0
GGB200000060,11,181,GGB203000359,4345,수원시동부차고지,127.078483,37.28685,0
GGB200000149,7790,1,GGB233003173,55618,협성대정문,126.952067,37.2152,1
GGB200000149,7790,2,GGB233002086,55054,동일하이빌.상봉초등학교,126.956083,37.217667,1
GGB200000149,7790,3,GGB233001658,37881,동일하이빌.화성고용센터,126.958317,37.216333,1
GGB200000149,7790,4,GGB233001613,37678,동화중학교.동화초등학교,126.96165,37.214383,1
GGB200000149,7790,5,GGB233002041,55040,동화휴먼시아5단지,126.963433,37.214817,1
GGB200000149,7790,6,GGB233002245,55244,효행초등학교정문,126.96905,37.21595,1
GGB200000149,7790,7,GGB233002371,55250,아이파크정문,126.970533,37.213817,1
GGB200000149,7790,8,GGB233002255,55246,신명아파트,126.9724,37.2136,1
GGB200000149,7790,9,GGB233003021,55744,수원대입구,126.977983,37.214283,1
GGB200000149,7790,10,GGB233000945,36194,와우지구,126.976317,37.215983,1
GGB200000149,7790,11,GGB233001457,37529,와우농협앞,126.974633,37.218,1
GGB200000149,7790,12,GGB233000596,36186,신일해피트리1차,126.973933,37.222467,1
GGB200000149,7790,13,GGB233000595,36176,우림그린빌리지,126.972433,37.22455,1
GGB200000149,7790,14,GGB233000594,36172,광도와이드빌,126.971883,37.226583,1
GGB200000149,7790,15,GGB233000002,36161,화성시민캠퍼스,126.970433,37.229317,0
GGB200000149,7790,16,GGB201000260,2069,국립축산과학원,126.966267,37.236117,0
GGB200000149,7790,17,GGB201000038,2051,수영오거리.방송통신대입구,126.9624,37.237717,1
GGB200000149,7790,18,GGB233000782,37325,삼미.쌍용아파트,126.953483,37.243433,1
GGB200000149,7790,19,GGB277103520,,호매실IC(미정차),126.9485,37.261917,0
GGB200000149,7790,20,GGB277103528,,서수원IC(미정차),126.952283,37.292917,0
GGB200000149,7790,21,GGB277103317,,월암IC(미정차),126.96215,37.302683,0
GGB200000149,7790,22,GGB277103315,,의왕신부곡IC(미정차),126.9683,37.33245,0
GGB200000149,7790,23,GGB226000039,27113,의왕톨게이트,126.985,37.3471,0
GGB200000149,7790,24,GGB277103221,,의왕터널진입(미정차),126.998417,37.358917,0
GGB200000149,7790,25,GGB277103159,,학의JC(미정차),127.001583,37.38705,0
GGB200000149,7790,26,GGB277103200,,과천터널진입(미정차),127.00175,37.40185,0
GGB200000149,7790,27,GGB277103203,,과천IC(미정차),126.99665,37.421683,0
GGB200000149,7790,28,GGB277103205,,대공원고가교(미정차),127.000667,37.438183,0
GGB200000149,7790,29,GGB220000020,21013,과천동행정복지센터,126.994167,37.44955,0
GGB200000149,7790,30,GGB120000671,,남태령역(중),126.988067,37.465883,0
GGB200000149,7790,31,GGB121001315,,사당역(중),126.982017,37.4743,0
GGB200000149,7790,32,GGB277101688,,사당역사거리(미정차),126.98195,37.478017,0
GGB200000149,7790,33,GGB119000302,,사당역9번출구앞,126.981417,37.477533,0
GGB200000149,7790,34,GGB277102049,,남현동(미정차),126.9849,37.469117,0
GGB200000149,7790,35,GGB277102291,,과천진입(미정차),126.987667,37.459033,0
GGB200000149,7790,36,GGB220000009,21014,과천동행정복지센터,126.994083,37.448633,0
GGB200000149,7790,37,GGB277103204,,대공원고가교(미정차),127.00005,37.438283,0
GGB200000149,7790,38,GGB277103202,,과천IC(미정차),126.99615,37.422133,0
GGB200000149,7790,39,GGB277103201,,과천터널진입(미정차),126.994883,37.408017,0
GGB200000149,7790,40,GGB277103158,,학의JC(미정차),127.001517,37.387667,0
GGB200000149,7790,41,GGB277103220,,의왕터널진입(미정차),126.999233,37.365667,0
GGB200000149,7790,42,GGB226000038,27112,의왕톨게이트,126.9845,37.348517,0
GGB200000149,7790,43,GGB277103314,,의왕신부곡IC(미정차),126.968217,37.332683,0
GGB200000149,7790,44,GGB277104645,,삼리교(미정차),126.9657,37.321083,0
GGB200000149,7790,45,GGB277103316,,월암IC(미정차),126.961967,37.302833,0
GGB200000149,7790,46,GGB277103527,,서수원IC(미정차),126.952367,37.293533,0
GGB200000149,7790,47,GGB277103519,,호매실IC(미정차),126.9482,37.262267,0
GGB200000149,7790,48,GGB233000711,37324,삼미.쌍용아파트,126.9533,37.2432,1
GGB200000149,7790,49,GGB201000429,2932,한국방송통신대학교,126.958367,37.241817,0
GGB200000149,7790,50,GGB233000593,36148,수영오거리.방송통신대입구,126.962517,37.237517,1
GGB200000149,7790,51,GGB233000592,36152,국립축산과학원,126.965867,37.236117,0
GGB200000149,7790,52,GGB233000591,36159,화성시민캠퍼스,126.97035,37.229117,1
GGB200000149,7790,53,GGB233000590,36169,신일우남아파트,126.971617,37.2266,1
GGB200000149,7790,54,GGB233000589,36174,SK매직.우림그린빌리지,126.97205,37.224783,1
GGB200000149,7790,55,GGB233000588,36183,봉담이마트,126.9736,37.222533,1
GGB200000149,7790,56,GGB233000942,36187,와우농협앞,126.974433,37.218017,1
GGB200000149,7790,57,GGB233000944,36193,와우지구,126.976183,37.2159,1
GGB200000149,7790,58,GGB233003020,55743,수원대입구,126.977883,37.214383,1
GGB200000149,7790,59,GGB233002256,55247,임광1.2단지입구,126.97315,37.2138,1
GGB200000149,7790,60,GGB233002372,55251,봉담휴먼빌아파트,126.97,37.21415,1
GGB200000149,7790,61,GGB233002246,55245,임광그대가3단지,126.96925,37.21605,1
GGB200000149,7790,62,GGB233001624,37686,동화초중교,126.96215,37.2147,1
GGB200000149,7790,63,GGB233001758,37762,동화휴먼시아6단지,126.960583,37.214833,1
GGB200000149,7790,64,GGB233001659,37765,중심상가.화성고용센터,126.959117,37.2161,1
GGB200000149,7790,65,GGB233002085,55062,동화휴먼시아1단지.상봉초등학교,126.95645,37.2177,1
GGB200000149,7790,66,GGB233001998,37969,협성대학교정문,126.952133,37.215067,1
GGB200000152,15-1,1,GGB277102625,,서부공용차고지(미정차),126.96295,37.254633,0
GGB200000152,15-1,2,GGB201000448,2943,호매실스타힐스.수원여대입구,126.962017,37.2542,0
GGB200000152,15-1,3,GGB201000458,2944,호매실엔루체,126.962333,37.2578,0
GGB200000152,15-1,4,GGB201000438,2939,호매실스위첸19단지.능실마을22단지,126.95985,37.258717,0
GGB200000152,15-1,5,GGB201000436,2931,능실초등학교.힐스테이트호매실,126.957183,37.26035,0
GGB200000152,15-1,6,GGB201000409,2908,호매실마을14단지.장애인종합복지관,126.9574,37.262817,0
GGB200000152,15-1,7,GGB201000411,2910,호매실마을13단지.수원시보훈회관,126.9576,37.265317,0
GGB200000152,15-1,8,GGB201000357,2861,수원은혜교회.한양수자인파크원아파트,126.95395,37.265983,0
GGB200000152,15-1,9,GGB201000096,2028,호매실쌍용아파트,126.951317,37.2678,0
GGB200000152,15-1,10,GGB201000463,2996,신미주.호반베르디움.일신건영아파트,126.95305,37.270417,0
GGB200000152,15-1,11,GGB201000359,2864,홈플러스서수원점,126.955567,37.274733,0
GGB200000152,15-1,12,GGB201000322,2836,금곡동강남아파트,126.954417,37.279317,0
GGB200000152,15-1,13,GGB201000147,2036,삼익3차아파트,126.95545,37.277133,0
GGB200000152,15-1,14,GGB201000146,2041,칠보어울림마을,126.958917,37.27295,0
GGB200000152,15-1,15,GGB201000579,2340,호매실입구(탑동),126.965967,37.273533,0
GGB200000152,15-1,16,GGB201000173,2089,구운동주민센터.서수원도서관,126.970533,37.27425,0
GGB200000152,15-1,17,GGB201000172,2103,탑동초등학교.삼성아파트,126.974583,37.275217,0
GGB200000152,15-1,18,GGB201000171,2110,구운중학교,126.97645,37.27555,0
GGB200000152,15-1,19,GGB201000160,2362,서둔동행정복지센터.국립농업박물관,126.981617,37.274567,0
GGB200000152,15-1,20,GGB201000033,2129,더함파크,126.984233,37.273367,0
GGB200000152,15-1,21,GGB202000208,3015,수원역4번출구.노보텔수원,126.999567,37.268083,0
GGB200000152,15-1,22,GGB202000224,3164,매산시장,127.003367,37.2673,0
GGB200000152,15-1,23,GGB202000213,3039,세무서.신용회복위원회,127.007783,37.268967,0
GGB200000152,15-1,24,GGB202000212,3047,향교.팔달보건소.중앙침례교회,127.0121,37.270617,0
GGB200000152,15-1,25,GGB202000206,3049,가족여성회관.이춘택병원.수원농협,127.014217,37.271533,0
GGB200000152,15-1,26,GGB202000052,3137,녹산문고앞,127.018067,37.275083,0
GGB200000152,15-1,27,GGB202000051,3135,못골.미나리광.지동시장,127.022417,37.275283,0
GGB200000152,15-1,28,GGB202000050,3070,성빈센트병원,127.026083,37.276333,0
GGB200000152,15-1,29,GGB202000082,3147,한국전력경기사업본부.한라시그마팰리스,127.028667,37.277817,0
GGB200000152,15-1,30,GGB202000015,3130,수원고용복지플러스센터.동수원병원.라마다호텔,127.0339,37.2776,0
GGB200000152,15-1,31,GGB202000014,3107,인계선경아파트,127.036567,37.276867,0
GGB200000152,15-1,32,GGB202000049,3118,인계동동문굿모닝힐아파트,127.039017,37.276117,0
GGB200000152,15-1,33,GGB203000258,4208,구매탄시장입구.현대힐스테이트아파트,127.04115,37.275417,0
GGB200000152,15-1,34,GGB203000179,4023,아주대삼거리,127.045083,37.274167,0
GGB200000152,15-1,35,GGB203000178,4179,구법원사거리,127.0465,37.273767,0
GGB200000152,15-1,36,GGB203000177,4058,KT동수원지사,127.0514,37.2732,0
GGB200000152,15-1,37,GGB203000176,4180,영통경찰서.성일아파트,127.055517,37.272067,0
GGB200000152,15-1,38,GGB203000175,4086,광교호수공원입구.원천교사거리,127.060183,37.27035,0
GGB200000152,15-1,39,GGB203000174,4105,원천레이크파크아파트,127.06225,37.26945,0
GGB200000152,15-1,40,GGB203000079,4124,삼성전자입구,127.066683,37.268567,0
GGB200000152,15-1,41,GGB203000243,4248,원천신미주아파트,127.0662,37.266983,0
GGB200000152,15-1,42,GGB203000241,4250,원천삼성1차아파트.삼일교회.에이스스마트윙영통지식산업센터,127.062717,37.265567,0
GGB200000152,15-1,43,GGB203000187,4198,삼성디지털시티동문,127.059817,37.262117,0
GGB200000152,15-1,44,GGB203000185,4203,삼성디지털시티모바일연구소,127.057067,37.2586,0
GGB200000152,15-1,45,GGB203000380,4366,삼성디지털시티정문,127.053917,37.254633,0
GGB200000152,15-1,46,GGB203000239,4246,삼성전자소재연구단지,127.051867,37.25195,0
GGB200000152,15-1,47,GGB203000240,4247,테크트리영통지식산업센터.디지털엠파이어2차,127.0491,37.24855,0
GGB200000152,15-1,48,GGB203000151,4063,방죽공원.영통힐스테이트.쌍용아파트,127.051967,37.245383,0
GGB200000152,15-1,49,GGB203000346,4326,망포역3번출구.망포그대가프리미어.골든스퀘어,127.054983,37.245517,0
GGB200000152,15-1,50,GGB203000150,4072,그대가프리미어아파트.망포역3번출구,127.056017,37.24465,0
GGB200000152,15-1,51,GGB203000149,4069,태장초등학교,127.055333,37.24085,0
GGB200000152,15-1,52,GGB203000148,4177,망포중학교.엘지동수원자이,127.056483,37.238333,0
GGB200000152,15-1,53,GGB203000147,4090,망포1동행정복지센터.삼정라츠.늘푸른벽산,127.059233,37.237167,0
GGB200000152,15-1,54,GGB233000117,36512,신영통현대타운.두산위브,127.0621,37.23535,1
GGB200000152,15-1,55,GGB233001211,36396,반월리큰고개,127.064817,37.2325,1
GGB200000152,15-1,56,GGB233000115,36405,신동탄롯데캐슬,127.0681,37.230383,1
GGB200000152,15-1,57,GGB233001212,36408,삼성반도체후문,127.070867,37.227467,1
GGB200000152,15-1,58,GGB233001310,36683,IT단지(중),127.073667,37.2251,1
GGB200000152,15-1,59,GGB233001225,36414,한림대병원(중),127.07775,37.217317,1
GGB200000152,15-1,60,GGB233003186,37760,우미제일.전하리교회,127.079383,37.212133,1
GGB200000152,15-1,61,GGB233002440,55312,예당고사거리,127.081817,37.209183,1
GGB200000152,15-1,62,GGB233003207,55967,경기남부직업능력개발원,127.086967,37.2092,1
GGB200000152,15-1,63,GGB233002442,55314,푸르지오.한미약품,127.091833,37.209183,1
GGB200000152,15-1,64,GGB233000122,36792,센트럴상록.대방디엠시티,127.100033,37.209167,1
GGB200000152,15-1,65,GGB233001166,36470,동탄2파출소.농협,127.1049,37.209183,1
GGB200000152,15-1,66,GGB233001493,37549,퍼스트파크.이지더원,127.1083,37.208683,1
GGB200000152,15-1,67,GGB233001492,37550,상록.경남아파트.이주택지,127.110533,37.206867,1
GGB200000152,15-1,68,GGB233001491,37551,반도1차.모아아파트,127.1141,37.201883,1
GGB200000152,15-1,69,GGB233000430,55663,반도4차.동탄4동복지센터,127.1154,37.2001,1
GGB200000152,15-1,70,GGB233001168,36458,센트럴푸르지오.호반베르디움2차,127.116817,37.198133,1
GGB200000152,15-1,71,GGB233000965,36468,청목초.신안1차,127.1194,37.194583,1
GGB200000152,15-1,72,GGB233001623,37682,동원로얄듀크2차.목동초,127.123267,37.188667,1
GGB200000152,15-1,73,GGB233001620,55490,힐스테이트.호반5차,127.122933,37.184867,1
GGB200000152,15-1,74,GGB233001879,55512,호반5차.르파비스,127.123733,37.182267,1
GGB200000152,15-1,75,GGB233003045,55576,신리입구,127.124317,37.18075,1
GGB200000152,15-1,76,GGB233002006,55445,호반3차.창의고,127.1197,37.179733,1
GGB200000152,15-1,77,GGB233000125,55401,호반베르디움3차,127.11455,37.179567,0
GGB200000152,15-1,78,GGB233003047,55578,금강펜테리움2차,127.11475,37.1767,1
GGB200000152,15-1,79,GGB233000431,55665,중흥클래스에듀,127.113917,37.1731,1
GGB200000152,15-1,80,GGB233000571,55569,정현초.청림중,127.113,37.1726,1
GGB200000152,15-1,81,GGB233003092,55419,우미린2차.호수부영3차,127.106417,37.17135,1
GGB200000152,15-1,82,GGB233003136,55532,동탄호수공원,127.106433,37.167167,1
GGB200000152,15-1,83,GGB233003137,55533,계룡리슈빌.금호어울림,127.10645,37.16465,1
GGB200000152,15-1,84,GGB233003126,55522,아이원.호수자이파밀리에,127.104783,37.161017,1
GGB200000152,15-1,85,GGB233003132,55528,호수자이파밀리에.아이원,127.1052,37.160733,1
GGB200000152,15-1,86,GGB233003127,55523,금호어울림.계룡리슈빌,127.10695,37.1639,1
GGB200000152,15-1,87,GGB233003128,55524,동탄호수공원.센트럴시티,127.107017,37.166817,1
GGB200000152,15-1,88,GGB233003093,55420,호수부영3차.우미린2차,127.107083,37.171667,1
GGB200000152,15-1,89,GGB233001954,55567,호수부영3차,127.108167,37.172333,1
GGB200000152,15-1,90,GGB233000432,55666,중흥클래스에듀,127.114133,37.1734,1
GGB200000152,15-1,91,GGB233003046,55577,금강펜테리움2차,127.114883,37.17685,1
GGB200000152,15-1,92,GGB233002373,55444,호반3차.창의고,127.118883,37.179617,1
GGB200000152,15-1,93,GGB233003050,55579,신리입구,127.124533,37.180733,1
GGB200000152,15-1,94,GGB233001880,55513,호반5차.르파비스,127.123617,37.1826,1
GGB200000152,15-1,95,GGB233001614,55489,한신더휴,127.12385,37.18645,1
GGB200000152,15-1,96,GGB233001568,36693,베라체아파트,127.12285,37.1905,1
GGB200000152,15-1,97,GGB233002421,55340,예솔초.호반2차.대원2차,127.118767,37.196233,1
GGB200000152,15-1,98,GGB233000129,36460,신안2차.반도4차,127.11605,37.199983,1
GGB200000152,15-1,99,GGB233000980,36459,모아.반도1차아파트,127.11455,37.20205,1
GGB200000152,15-1,100,GGB233002516,55070,지산마을,127.112233,37.205217,1
GGB200000152,15-1,101,GGB233002429,55305,이주택지.상록.경남아파트,127.110867,37.2071,1
GGB200000152,15-1,102,GGB233002430,55306,퍼스트파크.이지더원,127.1085,37.209,1
GGB200000152,15-1,103,GGB233002431,55307,동탄2파출소.농협,127.104383,37.2095,1
GGB200000152,15-1,104,GGB233002432,55308,대방디엠시티.센트럴상록,127.099667,37.209517,1
GGB200000152,15-1,105,GGB233002443,55315,한미약품.푸르지오,127.091617,37.2095,1
GGB200000152,15-1,106,GGB233002493,55937,경기남부직업능력개발원,127.08725,37.20955,1
GGB200000152,15-1,107,GGB233002439,55311,예당고사거리,127.080667,37.2099,1
GGB200000152,15-1,108,GGB233001683,37712,전하리교회.우미제일,127.079283,37.21315,1
GGB200000152,15-1,109,GGB233001782,37864,한림대병원(중),127.078117,37.216633,1
GGB200000152,15-1,110,GGB233001978,37954,IT단지(중),127.074133,37.224717,1
GGB200000152,15-1,111,GGB233002353,55253,삼성반도체후문,127.071283,37.228417,1
GGB200000152,15-1,112,GGB233001300,36406,신동탄롯데캐슬,127.068117,37.230633,1
GGB200000152,15-1,113,GGB233000116,36399,반월리큰고개,127.0648,37.232933,1
GGB200000152,15-1,114,GGB233000118,36393,신영통현대타운.두산위브,127.0625,37.235483,1
GGB200000152,15-1,115,GGB203000109,4089,망포1동행정복지센터.삼정라츠.늘푸른벽산,127.0594,37.237417,0
GGB200000152,15-1,116,GGB203000108,4176,망포중학교.엘지동수원자이,127.0565,37.238767,0
GGB200000152,15-1,117,GGB203000155,4070,청와.쌍용.그대가센트럴파크아파트,127.05545,37.242717,0
GGB200000152,15-1,118,GGB203000345,4325,망포역4번출구.영통2동행정복지센터,127.05545,37.245933,0
GGB200000152,15-1,119,GGB203000154,4064,망포그대가프리미어.쌍용아파트,127.053417,37.245833,0
GGB200000152,15-1,120,GGB203000237,4244,디지털엠파이어2.송원산업,127.049467,37.248533,0
GGB200000152,15-1,121,GGB203000238,4245,삼성전자소재연구단지,127.052067,37.251783,0
GGB200000152,15-1,122,GGB203000379,4365,삼성디지털시티정문,127.0543,37.254517,0
GGB200000152,15-1,123,GGB203000184,4204,삼성디지털시티모바일연구소,127.0574,37.258533,0
GGB200000152,15-1,124,GGB203000186,4197,이노플랙스,127.060167,37.2622,0
GGB200000152,15-1,125,GGB203000242,4251,원천삼성1차아파트.팩토리월드,127.063983,37.265917,0
GGB200000152,15-1,126,GGB203000244,4249,원천신미주아파트,127.067433,37.267183,0
GGB200000152,15-1,127,GGB203000119,4123,삼성전자입구,127.066567,37.268967,0
GGB200000152,15-1,128,GGB203000072,4108,원천레이크파크아파트,127.06295,37.269733,0
GGB200000152,15-1,129,GGB203000071,4087,광교호수공원입구.원천교사거리,127.0596,37.270933,0
GGB200000152,15-1,130,GGB203000211,4377,광교호반베르디움,127.05775,37.271633,0
GGB200000152,15-1,131,GGB203000070,4183,영통경찰서.성일아파트,127.055433,37.272517,0
GGB200000152,15-1,132,GGB203000069,4056,KT동수원지사,127.0511,37.273583,0
GGB200000152,15-1,133,GGB203000068,4042,구법원사거리,127.047183,37.27395,0
GGB200000152,15-1,134,GGB202000073,3132,아주대입구.우리은행,127.041317,37.275767,0
GGB200000152,15-1,135,GGB202000046,3141,우만동선경아파트,127.03985,37.276217,0
GGB200000152,15-1,136,GGB202000017,3110,우만신성아파트,127.037,37.277067,0
GGB200000152,15-1,137,GGB202000016,3101,수원고용복지플러스센터.동수원병원.라마다호텔,127.035167,37.277617,0
GGB200000152,15-1,138,GGB202000008,3080,동수원사거리,127.02935,37.278333,0
GGB200000152,15-1,139,GGB202000007,3074,성빈센트병원,127.02715,37.277083,0
GGB200000152,15-1,140,GGB202000048,3138,못골.미나리광.지동시장,127.021417,37.2754,0
GGB200000152,15-1,141,GGB202000031,3142,영동시장,127.0185,37.275333,0
GGB200000152,15-1,142,GGB202000216,3140,가족여성회관.이춘택병원.해움미술관.수원농협,127.0151,37.272233,0
GGB200000152,15-1,143,GGB202000215,3046,향교.팔달보건소.중앙침례교회,127.011683,37.270717,0
GGB200000152,15-1,144,GGB202000214,3038,세무서.신용회복위원회,127.007017,37.268933,0
GGB200000152,15-1,145,GGB202000219,3017,수원역7번출구.AK플라자,127.000917,37.267467,0
GGB200000152,15-1,146,GGB201000032,2130,더함파크,126.98445,37.273633,0
GGB200000152,15-1,147,GGB201000253,2112,구운중학교,126.977167,37.275917,0
GGB200000152,15-1,148,GGB201000252,2099,탑동초등학교.삼성아파트,126.973967,37.275317,0
GGB200000152,15-1,149,GGB201000251,2087,구운동주민센터.서수원도서관,126.970183,37.2744,0
GGB200000152,15-1,150,GGB201000500,2341,호매실입구(구운동),126.966433,37.273833,0
GGB200000152,15-1,151,GGB201000101,2042,칠보어울림마을,126.96,37.272617,0
GGB200000152,15-1,152,GGB201000322,2836,금곡동강남아파트,126.954417,37.279317,0
GGB200000152,15-1,153,GGB201000147,2036,삼익3차아파트,126.95545,37.277133,0
GGB200000152,15-1,154,GGB201000360,2863,홈플러스서수원점,126.95545,37.2749,0
GGB200000152,15-1,155,GGB201000464,2995,호반베르디움.신미주.일신건영아파트,126.953133,37.270567,0
GGB200000152,15-1,156,GGB201000455,2947,호매실쌍용아파트,126.95125,37.268017,0
GGB200000152,15-1,157,GGB201000358,2862,한양수자인파크원아파트.금호초등학교,126.952683,37.26595,0
GGB200000152,15-1,158,GGB201000410,2909,수원시보훈회관.호매실마을13단지,126.9573,37.265117,0
GGB200000152,15-1,159,GGB201000408,2907,호매실마을14단지.장애인종합복지관,126.957133,37.262717,0
GGB200000152,15-1,160,GGB201000435,2930,능실초등학교.힐스테이트호매실,126.956933,37.260167,0
GGB200000152,15-1,161,GGB201000439,2940,호매실스위첸19단지.능실마을22단지,126.960233,37.258567,0
GGB200000152,15-1,162,GGB201000440,2941,호매실엔루체,126.962133,37.25745,0
GGB200000152,15-1,163,GGB201000447,2942,호매실스타힐스.수원여대입구,126.961917,37.254283,0
GGB200000237,5-2,1,GGB277103108,,서둔동차고지대기(미정차),126.995433,37.2718,0
GGB200000237,5-2,2,GGB277103109,,차고지출발(미정차),126.994833,37.273833,0
GGB200000237,5-2,3,GGB277101594,,서둔교차로(미정차),126.9942,37.270667,0
GGB200000237,5-2,4,GGB202000105,3196,수원역6번출구.AK플라자,127.00145,37.264917,0
GGB200000237,5-2,5,GGB201000474,2961,센트럴어반시티,127.003733,37.261167,0
GGB200000237,5-2,6,GGB201000047,2166,세류중학교.아세아시멘트,127.005367,37.258517,0
GGB200000237,5-2,7,GGB201000046,2173,새터마을,127.008483,37.2551,0
GGB200000237,5-2,8,GGB201000045,2175,세류사거리,127.00975,37.25445,0
GGB200000237,5-2,9,GGB201000194,2183,세류2동주민센터,127.012683,37.252867,0
GGB200000237,5-2,10,GGB201000193,2200,남수원초등학교,127.016567,37.250733,0
GGB200000237,5-2,11,GGB201000192,2224,수원버스터미널,127.021633,37.2489,0
GGB200000237,5-2,12,GGB201000430,2959,수원아이파크시티.선일초교,127.02885,37.24725,0
GGB200000237,5-2,13,GGB201000268,2291,곡반중학교,127.0341,37.246117,0
GGB200000237,5-2,14,GGB201000191,2269,수원순복음교회.하늘채더퍼스트,127.03585,37.245633,0
GGB200000237,5-2,15,GGB203000093,4078,영통아이파크캐슬2단지.롯데엘클래스,127.041667,37.244633,0
GGB200000237,5-2,16,GGB203000152,4206,영통아이파크캐슬1단지.래미안영통마크원2단지,127.046183,37.245,0
GGB200000237,5-2,17,GGB203000151,4063,방죽공원.영통힐스테이트.쌍용아파트,127.051967,37.245383,0
GGB200000237,5-2,18,GGB203000346,4326,망포역3번출구.망포그대가프리미어.골든스퀘어,127.054983,37.245517,0
GGB200000237,5-2,19,GGB203000150,4072,그대가프리미어아파트.망포역3번출구,127.056017,37.24465,0
GGB200000237,5-2,20,GGB203000149,4069,태장초등학교,127.055333,37.24085,0
GGB200000237,5-2,21,GGB203000148,4177,망포중학교.엘지동수원자이,127.056483,37.238333,0
GGB200000237,5-2,22,GGB203000147,4090,망포1동행정복지센터.삼정라츠.늘푸른벽산,127.059233,37.237167,0
GGB200000237,5-2,23,GGB233000117,36512,신영통현대타운.두산위브,127.0621,37.23535,1
GGB200000237,5-2,24,GGB233001211,36396,반월리큰고개,127.064817,37.2325,1
GGB200000237,5-2,25,GGB233000115,36405,신동탄롯데캐슬,127.0681,37.230383,1
GGB200000237,5-2,26,GGB233001212,36408,삼성반도체후문,127.070867,37.227467,1
GGB200000237,5-2,27,GGB233001310,36683,IT단지(중),127.073667,37.2251,1
GGB200000237,5-2,28,GGB233001225,36414,한림대병원(중),127.07775,37.217317,1
GGB200000237,5-2,29,GGB233003186,37760,우미제일.전하리교회,127.079383,37.212133,1
GGB200000237,5-2,30,GGB233002440,55312,예당고사거리,127.081817,37.209183,1
GGB200000237,5-2,31,GGB233003207,55967,경기남부직업능력개발원,127.086967,37.2092,1
GGB200000237,5-2,32,GGB233002442,55314,푸르지오.한미약품,127.091833,37.209183,1
GGB200000237,5-2,33,GGB233000122,36792,센트럴상록.대방디엠시티,127.100033,37.209167,1
GGB200000237,5-2,34,GGB233001166,36470,동탄2파출소.농협,127.1049,37.209183,1
GGB200000237,5-2,35,GGB233001493,37549,퍼스트파크.이지더원,127.1083,37.208683,1
GGB200000237,5-2,36,GGB233001492,37550,상록.경남아파트.이주택지,127.110533,37.206867,1
GGB200000237,5-2,37,GGB233001491,37551,반도1차.모아아파트,127.1141,37.201883,1
GGB200000237,5-2,38,GGB233000430,55663,반도4차.동탄4동복지센터,127.1154,37.2001,1
GGB200000237,5-2,39,GGB233001168,36458,센트럴푸르지오.호반베르디움2차,127.116817,37.198133,1
GGB200000237,5-2,40,GGB233000965,36468,청목초.신안1차,127.1194,37.194583,1
GGB200000237,5-2,41,GGB233001623,37682,동원로얄듀크2차.목동초,127.123267,37.188667,1
GGB200000237,5-2,42,GGB233001620,55490,힐스테이트.호반5차,127.122933,37.184867,1
GGB200000237,5-2,43,GGB233000209,55464,창의고,127.122017,37.18175,1
GGB200000237,5-2,44,GGB233001572,55488,서희스타힐스.단독주택,127.119533,37.173317,1
GGB200000237,5-2,45,GGB233001695,37724,레이크파크뷰,127.118533,37.170033,1
GGB200000237,5-2,46,GGB233001699,55500,호수부영6차.호수공원행복주택,127.117033,37.1674,1
GGB200000237,5-2,47,GGB233001741,55502,센트리체.자연앤자이,127.1139,37.166033,1
GGB200000237,5-2,48,GGB233001753,55504,센트럴시티.아이파크,127.109117,37.165883,1
GGB200000237,5-2,49,GGB233003137,55533,계룡리슈빌.금호어울림,127.10645,37.16465,1
GGB200000237,5-2,50,GGB233003126,55522,아이원.호수자이파밀리에,127.104783,37.161017,1
GGB200000237,5-2,51,GGB233003132,55528,호수자이파밀리에.아이원,127.1052,37.160733,1
GGB200000237,5-2,52,GGB233003127,55523,금호어울림.계룡리슈빌,127.10695,37.1639,1
GGB200000237,5-2,53,GGB233001754,55505,아이파크.센트럴시티,127.109317,37.165517,1
GGB200000237,5-2,54,GGB233001748,55503,자연앤자이.센트리체,127.1142,37.165733,1
GGB200000237,5-2,55,GGB233001710,55501,호수공원행복주택.호수부영6차,127.1174,37.16715,1
GGB200000237,5-2,56,GGB233001696,37696,레이크파크뷰,127.119,37.169917,1
GGB200000237,5-2,57,GGB233001608,37654,서희스타힐스.단독주택,127.12005,37.173417,1
GGB200000237,5-2,58,GGB233000374,55465,창의고,127.122533,37.18185,1
GGB200000237,5-2,59,GGB233001614,55489,한신더휴,127.12385,37.18645,1
GGB200000237,5-2,60,GGB233001568,36693,베라체아파트,127.12285,37.1905,1
GGB200000237,5-2,61,GGB233002421,55340,예솔초.호반2차.대원2차,127.118767,37.196233,1
GGB200000237,5-2,62,GGB233000129,36460,신안2차.반도4차,127.11605,37.199983,1
GGB200000237,5-2,63,GGB233000980,36459,모아.반도1차아파트,127.11455,37.20205,1
GGB200000237,5-2,64,GGB233002516,55070,지산마을,127.112233,37.205217,1
GGB200000237,5-2,65,GGB233002429,55305,이주택지.상록.경남아파트,127.110867,37.2071,1
GGB200000237,5-2,66,GGB233002430,55306,퍼스트파크.이지더원,127.1085,37.209,1
GGB200000237,5-2,67,GGB233002431,55307,동탄2파출소.농협,127.104383,37.2095,1
GGB200000237,5-2,68,GGB233002432,55308,대방디엠시티.센트럴상록,127.099667,37.209517,1
GGB200000237,5-2,69,GGB233002443,55315,한미약품.푸르지오,127.091617,37.2095,1
GGB200000237,5-2,70,GGB233002493,55937,경기남부직업능력개발원,127.08725,37.20955,1
GGB200000237,5-2,71,GGB233002439,55311,예당고사거리,127.080667,37.2099,1
GGB200000237,5-2,72,GGB233001683,37712,전하리교회.우미제일,127.079283,37.21315,1
GGB200000237,5-2,73,GGB233001782,37864,한림대병원(중),127.078117,37.216633,1
GGB200000237,5-2,74,GGB233001978,37954,IT단지(중),127.074133,37.224717,1
GGB200000237,5-2,75,GGB233002353,55253,삼성반도체후문,127.071283,37.228417,1
GGB200000237,5-2,76,GGB233001300,36406,신동탄롯데캐슬,127.068117,37.230633,1
GGB200000237,5-2,77,GGB233000116,36399,반월리큰고개,127.0648,37.232933,1
GGB200000237,5-2,78,GGB233000118,36393,신영통현대타운.두산위브,127.0625,37.235483,1
GGB200000237,5-2,79,GGB203000109,4089,망포1동행정복지센터.삼정라츠.늘푸른벽산,127.0594,37.237417,0
GGB200000237,5-2,80,GGB203000108,4176,망포중학교.엘지동수원자이,127.0565,37.238767,0
GGB200000237,5-2,81,GGB203000155,4070,청와.쌍용.그대가센트럴파크아파트,127.05545,37.242717,0
GGB200000237,5-2,82,GGB203000345,4325,망포역4번출구.영통2동행정복지센터,127.05545,37.245933,0
GGB200000237,5-2,83,GGB203000154,4064,망포그대가프리미어.쌍용아파트,127.053417,37.245833,0
GGB200000237,5-2,84,GGB203000153,4032,래미안영통마크원2단지.영통아이파크캐슬1단지,127.0461,37.245433,0
GGB200000237,5-2,85,GGB203000091,4074,래미안영통마크원1단지.신동수변공원,127.041433,37.245083,0
GGB200000237,5-2,86,GGB201000200,2270,곡반초등학교,127.0367,37.246017,0
GGB200000237,5-2,87,GGB201000199,2256,선일초등학교,127.029217,37.24765,0
GGB200000237,5-2,88,GGB201000198,2232,이마트,127.023,37.249067,0
GGB200000237,5-2,89,GGB201000197,2215,수원버스터미널,127.019767,37.249833,0
GGB200000237,5-2,90,GGB201000196,2201,남수원초등학교,127.0168,37.25115,0
GGB200000237,5-2,91,GGB201000195,2182,세류2동주민센터,127.012417,37.253533,0
GGB200000237,5-2,92,GGB201000050,2176,세류사거리,127.010283,37.254667,0
GGB200000237,5-2,93,GGB201000049,2174,새터마을,127.008583,37.255667,0
GGB200000237,5-2,94,GGB201000048,2165,세류중학교.아세아시멘트,127.005583,37.25865,0
GGB200000237,5-2,95,GGB201000475,2962,센트럴어반시티,127.004017,37.261317,0
GGB200000237,5-2,96,GGB202000225,3023,수원역10번출구.역전시장,127.001817,37.265083,0
GGB200000237,5-2,97,GGB202000106,3195,수원역7번출구.AK플라자,127.000883,37.267367,0
GGB200000282,5-3,1,GGB203000374,4360,동부차고지,127.07805,37.286667,0
GGB200000282,5-3,2,GGB277102617,,동부차고지(미정차),127.078983,37.2916,0
GGB200000282,5-3,3,GGB228002014,47920,광교지웰레이크.광교더포레스트,127.078967,37.295533,0
GGB200000282,5-3,4,GGB228002012,47919,상현고등학교,127.07485,37.29755,0
GGB200000282,5-3,5,GGB228002010,47918,새빛초등학교.광교자이,127.07265,37.297983,0
GGB200000282,5-3,6,GGB228002009,47916,상현중학교,127.071183,37.29855,0
GGB200000282,5-3,7,GGB203000287,4277,상현역,127.069,37.297033,0
GGB200000282,5-3,8,GGB203000314,4301,광교휴먼시아32단지,127.068217,37.294183,0
GGB200000282,5-3,9,GGB203000284,4302,광교휴먼시아32단지정문,127.066083,37.292217,0
GGB200000282,5-3,10,GGB203000272,4296,산의초등학교.래미안광교,127.059867,37.290717,0
GGB200000282,5-3,11,GGB203000328,4306,광교오드카운티,127.0577,37.29295,0
GGB200000282,5-3,12,GGB203000439,4426,광교카페거리입구,127.056333,37.29505,0
GGB200000282,5-3,13,GGB203000401,4395,광교역사공원.광교카페거리,127.054633,37.29575,0
GGB200000282,5-3,14,GGB203000041,4185,차세대융합기술연구원.푸르지오월드마크,127.04785,37.2934,0
GGB200000282,5-3,15,GGB203000400,4397,광교중앙.경기도청.아주대역환승센터,127.051633,37.288317,0
GGB200000282,5-3,16,GGB203000092,4035,자연앤자이아파트.중흥S클래스,127.055417,37.284567,0
GGB200000282,5-3,17,GGB203000299,4285,합동신학대학원.광교두산위브,127.05195,37.280067,0
GGB200000282,5-3,18,GGB203000295,4284,소화초등학교,127.051617,37.27825,0
GGB200000282,5-3,19,GGB203000333,4315,수원나누리병원,127.049567,37.2745,0
GGB200000282,5-3,20,GGB203000057,4026,매탄시장입구,127.045583,37.2727,0
GGB200000282,5-3,21,GGB203000159,4009,매탄주공4단지.매탄1동주민센터,127.041667,37.268817,0
GGB200000282,5-3,22,GGB202000076,3120,효원공원.자유총연맹,127.039767,37.264167,0
GGB200000282,5-3,23,GGB202000075,3116,경기아트센터.매탄위브하늘채,127.038883,37.262133,0
GGB200000282,5-3,24,GGB202000074,3112,임광아파트.야외음악당,127.036983,37.257617,0
GGB200000282,5-3,25,GGB202000002,2856,수원남부소방서,127.0361,37.255617,0
GGB200000282,5-3,26,GGB201000209,2266,평생교육학습관.남수원중학교.온수골,127.034033,37.250967,0
GGB200000282,5-3,27,GGB201000268,2291,곡반중학교,127.0341,37.246117,0
GGB200000282,5-3,28,GGB201000191,2269,수원순복음교회.하늘채더퍼스트,127.03585,37.245633,0
GGB200000282,5-3,29,GGB203000093,4078,영통아이파크캐슬2단지.롯데엘클래스,127.041667,37.244633,0
GGB200000282,5-3,30,GGB203000152,4206,영통아이파크캐슬1단지.래미안영통마크원2단지,127.046183,37.245,0
GGB200000282,5-3,31,GGB203000151,4063,방죽공원.영통힐스테이트.쌍용아파트,127.051967,37.245383,0
GGB200000282,5-3,32,GGB203000346,4326,망포역3번출구.망포그대가프리미어.골든스퀘어,127.054983,37.245517,0
GGB200000282,5-3,33,GGB203000150,4072,그대가프리미어아파트.망포역3번출구,127.056017,37.24465,0
GGB200000282,5-3,34,GGB203000149,4069,태장초등학교,127.055333,37.24085,0
GGB200000282,5-3,35,GGB203000008,4065,잠원초등학교,127.053633,37.2393,0
GGB200000282,5-3,36,GGB203000194,4118,망포복합체육센터.영통트레센츠아파트,127.049833,37.2368,0
GGB200000282,5-3,37,GGB203000222,4216,영통자이.동수원쌍용스윗닷홈,127.05485,37.23485,0
GGB200000282,5-3,38,GGB233000117,36512,신영통현대타운.두산위브,127.0621,37.23535,1
GGB200000282,5-3,39,GGB233001211,36396,반월리큰고개,127.064817,37.2325,1
GGB200000282,5-3,40,GGB233000115,36405,신동탄롯데캐슬,127.0681,37.230383,1
GGB200000282,5-3,41,GGB233001212,36408,삼성반도체후문,127.070867,37.227467,1
GGB200000282,5-3,42,GGB233001310,36683,IT단지(중),127.073667,37.2251,1
GGB200000282,5-3,43,GGB233001225,36414,한림대병원(중),127.07775,37.217317,1
GGB200000282,5-3,44,GGB233003186,37760,우미제일.전하리교회,127.079383,37.212133,1
GGB200000282,5-3,45,GGB233002440,55312,예당고사거리,127.081817,37.209183,1
GGB200000282,5-3,46,GGB233003207,55967,경기남부직업능력개발원,127.086967,37.2092,1
GGB200000282,5-3,47,GGB233002442,55314,푸르지오.한미약품,127.091833,37.209183,1
GGB200000282,5-3,48,GGB233000122,36792,센트럴상록.대방디엠시티,127.100033,37.209167,1
GGB200000282,5-3,49,GGB233001166,36470,동탄2파출소.농협,127.1049,37.209183,1
GGB200000282,5-3,50,GGB233001493,37549,퍼스트파크.이지더원,127.1083,37.208683,1
GGB200000282,5-3,51,GGB233001492,37550,상록.경남아파트.이주택지,127.110533,37.206867,1
GGB200000282,5-3,52,GGB233001491,37551,반도1차.모아아파트,127.1141,37.201883,1
GGB200000282,5-3,53,GGB233000430,55663,반도4차.동탄4동복지센터,127.1154,37.2001,1
GGB200000282,5-3,54,GGB233001168,36458,센트럴푸르지오.호반베르디움2차,127.116817,37.198133,1
GGB200000282,5-3,55,GGB233000965,36468,청목초.신안1차,127.1194,37.194583,1
GGB200000282,5-3,56,GGB233001623,37682,동원로얄듀크2차.목동초,127.123267,37.188667,1
GGB200000282,5-3,57,GGB233001620,55490,힐스테이트.호반5차,127.122933,37.184867,1
GGB200000282,5-3,58,GGB233000209,55464,창의고,127.122017,37.18175,1
GGB200000282,5-3,59,GGB233001572,55488,서희스타힐스.단독주택,127.119533,37.173317,1
GGB200000282,5-3,60,GGB233001695,37724,레이크파크뷰,127.118533,37.170033,1
GGB200000282,5-3,61,GGB233001699,55500,호수부영6차.호수공원행복주택,127.117033,37.1674,1
GGB200000282,5-3,62,GGB233001741,55502,센트리체.자연앤자이,127.1139,37.166033,1
GGB200000282,5-3,63,GGB233001753,55504,센트럴시티.아이파크,127.109117,37.165883,1
GGB200000282,5-3,64,GGB233003137,55533,계룡리슈빌.금호어울림,127.10645,37.16465,1
GGB200000282,5-3,65,GGB233003126,55522,아이원.호수자이파밀리에,127.104783,37.161017,1
GGB200000282,5-3,66,GGB233003132,55528,호수자이파밀리에.아이원,127.1052,37.160733,1
GGB200000282,5-3,67,GGB233003127,55523,금호어울림.계룡리슈빌,127.10695,37.1639,1
GGB200000282,5-3,68,GGB233001754,55505,아이파크.센트럴시티,127.109317,37.165517,1
GGB200000282,5-3,69,GGB233001748,55503,자연앤자이.센트리체,127.1142,37.165733,1
GGB200000282,5-3,70,GGB233001710,55501,호수공원행복주택.호수부영6차,127.1174,37.16715,1
GGB200000282,5-3,71,GGB233001696,37696,레이크파크뷰,127.119,37.169917,1
GGB200000282,5-3,72,GGB233001608,37654,서희스타힐스.단독주택,127.12005,37.173417,1
GGB200000282,5-3,73,GGB233000374,55465,창의고,127.122533,37.18185,1
GGB200000282,5-3,74,GGB233001614,55489,한신더휴,127.12385,37.18645,1
GGB200000282,5-3,75,GGB233001568,36693,베라체아파트,127.12285,37.1905,1
GGB200000282,5-3,76,GGB233002421,55340,예솔초.호반2차.대원2차,127.118767,37.196233,1
GGB200000282,5-3,77,GGB233000129,36460,신안2차.반도4차,127.11605,37.199983,1
GGB200000282,5-3,78,GGB233000980,36459,모아.반도1차아파트,127.11455,37.20205,1
GGB200000282,5-3,79,GGB233002516,55070,지산마을,127.112233,37.205217,1
GGB200000282,5-3,80,GGB233002429,55305,이주택지.상록.경남아파트,127.110867,37.2071,1
GGB200000282,5-3,81,GGB233002430,55306,퍼스트파크.이지더원,127.1085,37.209,1
GGB200000282,5-3,82,GGB233002431,55307,동탄2파출소.농협,127.104383,37.2095,1
GGB200000282,5-3,83,GGB233002432,55308,대방디엠시티.센트럴상록,127.099667,37.209517,1
GGB200000282,5-3,84,GGB233002443,55315,한미약품.푸르지오,127.091617,37.2095,1
GGB200000282,5-3,85,GGB233002493,55937,경기남부직업능력개발원,127.08725,37.20955,1
GGB200000282,5-3,86,GGB233002439,55311,예당고사거리,127.080667,37.2099,1
GGB200000282,5-3,87,GGB233001683,37712,전하리교회.우미제일,127.079283,37.21315,1
GGB200000282,5-3,88,GGB233001782,37864,한림대병원(중),127.078117,37.216633,1
GGB200000282,5-3,89,GGB233001978,37954,IT단지(중),127.074133,37.224717,1
GGB200000282,5-3,90,GGB233002353,55253,삼성반도체후문,127.071283,37.228417,1
GGB200000282,5-3,91,GGB233001300,36406,신동탄롯데캐슬,127.068117,37.230633,1
GGB200000282,5-3,92,GGB233000116,36399,반월리큰고개,127.0648,37.232933,1
GGB200000282,5-3,93,GGB233000118,36393,신영통현대타운.두산위브,127.0625,37.235483,1
GGB200000282,5-3,94,GGB203000223,4229,동수원자이,127.05585,37.235367,0
GGB200000282,5-3,95,GGB203000199,4125,동수원쌍용2차,127.052617,37.234633,0
GGB200000282,5-3,96,GGB203000198,4119,망포복합체육센터.영통파인베르아파트,127.049967,37.236517,0
GGB200000282,5-3,97,GGB203000016,4193,잠원초등학교,127.052933,37.239067,0
GGB200000282,5-3,98,GGB203000155,4070,청와.쌍용.그대가센트럴파크아파트,127.05545,37.242717,0
GGB200000282,5-3,99,GGB203000345,4325,망포역4번출구.영통2동행정복지센터,127.05545,37.245933,0
GGB200000282,5-3,100,GGB203000154,4064,망포그대가프리미어.쌍용아파트,127.053417,37.245833,0
GGB200000282,5-3,101,GGB203000153,4032,래미안영통마크원2단지.영통아이파크캐슬1단지,127.0461,37.245433,0
GGB200000282,5-3,102,GGB203000091,4074,래미안영통마크원1단지.신동수변공원,127.041433,37.245083,0
GGB200000282,5-3,103,GGB201000200,2270,곡반초등학교,127.0367,37.246017,0
GGB200000282,5-3,104,GGB201000211,2265,우남아파트,127.033117,37.247733,0
GGB200000282,5-3,105,GGB201000210,2267,평생교육학습관.남수원중학교,127.03495,37.25175,0
GGB200000282,5-3,106,GGB203000164,4233,수원남부소방서,127.036533,37.255633,0
GGB200000282,5-3,107,GGB203000163,4234,임광아파트,127.037767,37.2585,0
GGB200000282,5-3,108,GGB203000162,4235,매탄위브하늘채.경기아트센터,127.039067,37.26155,0
GGB200000282,5-3,109,GGB203000161,4236,자유총연맹,127.040183,37.264167,0
GGB200000282,5-3,110,GGB203000063,4007,삼성1차아파트,127.041017,37.266017,0
GGB200000282,5-3,111,GGB203000160,4012,삼성2차아파트,127.042567,37.269467,0
GGB200000282,5-3,112,GGB203000056,4029,매탄2동주민센터,127.045833,37.272317,0
GGB200000282,5-3,113,GGB203000334,4316,수원나누리병원,127.050167,37.2745,0
GGB200000282,5-3,114,GGB203000294,4286,소화초등학교,127.051983,37.277967,0
GGB200000282,5-3,115,GGB203000298,4289,합동신학대학원,127.052217,37.279333,0
GGB200000282,5-3,116,GGB203000399,4396,광교중앙.경기도청.아주대역환승센터,127.051883,37.288483,0
GGB200000282,5-3,117,GGB203000042,4186,푸르지오월드마크.차세대융합기술연구원,127.047417,37.292383,0
GGB200000282,5-3,118,GGB203000046,4174,수원광교박물관.광교카페거리,127.051167,37.29475,0
GGB200000282,5-3,119,GGB203000045,4175,광교역사공원.광교카페거리,127.054417,37.295233,0
GGB200000282,5-3,120,GGB203000438,4425,광교카페거리입구,127.056167,37.2949,0
GGB200000282,5-3,121,GGB203000327,4305,광교오드카운티,127.057283,37.2933,0
GGB200000282,5-3,122,GGB203000273,4297,산의초등학교.래미안광교,127.059817,37.29055,0
GGB200000282,5-3,123,GGB203000351,4331,경기중앙지방변호사회관.수원지방법원,127.06625,37.292033,0
GGB200000282,5-3,124,GGB203000285,4134,광교휴먼시아32단지정문,127.067717,37.292783,0
GGB200000282,5-3,125,GGB203000397,4394,광교휴먼시아32단지.이의고교,127.068567,37.29425,0
GGB200000282,5-3,126,GGB203000286,4300,상현역,127.069317,37.296917,0
GGB200000282,5-3,127,GGB228002008,47921,상현중학교,127.071183,37.298367,0
GGB200000282,5-3,128,GGB228002013,47917,상현고등학교,127.074883,37.29735,0
GGB200000282,5-3,129,GGB228002035,47658,광교지웰레이크.광교더포레스트,127.078867,37.295367,0
GGB200000282,5-3,130,GGB203000359,4345,수원시동부차고지,127.078483,37.28685,0
GGB216000061,3102,1,GGB233003145,55541,새솔고,126.8279,37.27455,1
GGB216000061,3102,2,GGB233001910,55334,세영리첼,126.82485,37.27635,1
GGB216000061,3102,3,GGB233003148,55544,휴먼빌,126.822883,37.280567,1
GGB216000061,3102,4,GGB233003147,55543,이지더원,126.822133,37.283817,1
GGB216000061,3102,5,GGB233003153,55549,요진Y시티,126.820467,37.286583,1
GGB216000061,3102,6,GGB277104374,,송산교(미정차),126.822833,37.290017,0
GGB216000061,3102,7,GGB216000162,17477,그랑시티자이1차건너편,126.8278,37.280867,0
GGB216000061,3102,8,GGB216000052,17475,그랑시티자이2차건너편,126.83185,37.278233,0
GGB216000061,3102,9,GGB216000387,17385,안산갈대습지,126.834817,37.279633,0
GGB216000061,3102,10,GGB216000029,17011,한국해양과학기술원,126.832633,37.284733,0
GGB216000061,3102,11,GGB277104375,,경기테크노파크(미정차),126.829067,37.2888,0
GGB216000061,3102,12,GGB216000222,17006,푸르지오6차후문,126.825567,37.294,0
GGB216000061,3102,13,GGB216000349,17347,해양중학교,126.82175,37.294117,0
GGB216000061,3102,14,GGB216000306,17003,푸르지오6.7차아파트,126.8206,37.295817,0
GGB216000061,3102,15,GGB216000385,17366,경기테크노파크,126.830267,37.2921,0
GGB216000061,3102,16,GGB216000383,17364,한양대기숙사앞,126.83535,37.293983,0
GGB216000061,3102,17,GGB216000381,17362,한국생산기술연구원,126.838467,37.295267,0
GGB216000061,3102,18,GGB216000379,17368,한양대ERICA컨벤션센터,126.83775,37.298933,0
GGB216000061,3102,19,GGB216000330,17320,성안길입구,126.838217,37.303017,0
GGB216000061,3102,20,GGB216000070,17039,한양대입구,126.844283,37.303333,0
GGB216000061,3102,21,GGB216000124,17110,서원호텔입구,126.85145,37.303133,0
GGB216000061,3102,22,GGB216000122,17222,상록수역앞,126.865117,37.301517,0
GGB216000061,3102,23,GGB277101949,,수인산업도로2(미정차),126.875267,37.3024,0
GGB216000061,3102,24,GGB277102510,,수인산업도로1(미정차),126.894367,37.3003,0
GGB216000061,3102,25,GGB277103318,,양촌IC(미정차),126.914383,37.298333,0
GGB216000061,3102,26,GGB201000077,2006,대명고등학교,126.94315,37.293667,0
GGB216000061,3102,27,GGB277103317,,월암IC(미정차),126.96215,37.302683,0
GGB216000061,3102,28,GGB277103315,,의왕신부곡IC(미정차),126.9683,37.33245,0
GGB216000061,3102,29,GGB226000039,27113,의왕톨게이트,126.985,37.3471,0
GGB216000061,3102,30,GGB277103221,,의왕터널진입(미정차),126.998417,37.358917,0
GGB216000061,3102,31,GGB277103159,,학의JC(미정차),127.001583,37.38705,0
GGB216000061,3102,32,GGB277103200,,과천터널진입(미정차),127.00175,37.40185,0
GGB216000061,3102,33,GGB277103203,,과천IC(미정차),126.99665,37.421683,0
GGB216000061,3102,34,GGB277103312,,경마IC(미정차),127.005617,37.447817,0
GGB216000061,3102,35,GGB277102784,,우면산터널TG(미정차),127.018983,37.463267,0
GGB216000061,3102,36,GGB277102785,,예술의전당앞(미정차),127.012967,37.481267,0
GGB216000061,3102,37,GGB121000520,,서초아트자이아파트,127.011133,37.4852,0
GGB216000061,3102,38,GGB121000060,,서초역1번출구,127.008683,37.491967,0
GGB216000061,3102,39,GGB121000929,90235,교대역,127.01565,37.494083,0
GGB216000061,3102,40,GGB277104257,,서초아르누보호텔(미정차),127.0211,37.49585,0
GGB216000061,3102,41,GGB121000974,,강남역우리은행,127.02835,37.49575,0
GGB216000061,3102,42,GGB277101696,,삼성화재서초타워(미정차),127.02895,37.494533,0
GGB216000061,3102,43,GGB121000920,,래미안아파트.파이낸셜뉴스,127.029967,37.4924,0
GGB216000061,3102,44,GGB121000056,,서초문화예술정보학교,127.032017,37.488067,0
GGB216000061,3102,45,GGB121000970,90255,양재역9번출구,127.035533,37.4827,0
GGB216000061,3102,46,GGB277104385,,교육개발원입구교차로(미정차),127.0384,37.47775,0
GGB216000061,3102,47,GGB121000220,,매헌시민의숲.양재꽃시장,127.038383,37.4708,0
GGB216000061,3102,48,GGB277103049,,양재IC(미정차),127.03995,37.4638,0
GGB216000061,3102,49,GGB277103102,,선암IC(미정차),127.0203,37.460383,0
GGB216000061,3102,50,GGB277103311,,경마IC(미정차),127.00545,37.448,0
GGB216000061,3102,51,GGB277103202,,과천IC(미정차),126.99615,37.422133,0
GGB216000061,3102,52,GGB277103201,,과천터널진입(미정차),126.994883,37.408017,0
GGB216000061,3102,53,GGB277103158,,학의JC(미정차),127.001517,37.387667,0
GGB216000061,3102,54,GGB277103220,,의왕터널진입(미정차),126.999233,37.365667,0
GGB216000061,3102,55,GGB226000038,27112,의왕톨게이트,126.9845,37.348517,0
GGB216000061,3102,56,GGB277104644,,의왕IC(미정차),126.978,37.341217,0
GGB216000061,3102,57,GGB277103314,,의왕신부곡IC(미정차),126.968217,37.332683,0
GGB216000061,3102,58,GGB277104645,,삼리교(미정차),126.9657,37.321083,0
GGB216000061,3102,59,GGB277104646,,월암IC진입전(미정차),126.9661,37.308217,0
GGB216000061,3102,60,GGB277103316,,월암IC(미정차),126.961967,37.302833,0
GGB216000061,3102,61,GGB201000026,2015,대명고등학교,126.942267,37.2952,0
GGB216000061,3102,62,GGB277103319,,양촌IC(미정차),126.915067,37.2986,0
GGB216000061,3102,63,GGB277102533,,수인산업도로1(미정차),126.89415,37.30065,0
GGB216000061,3102,64,GGB277102102,,수인산업도로2(미정차),126.875483,37.302717,0
GGB216000061,3102,65,GGB216000145,17225,상록수역앞,126.865217,37.301817,0
GGB216000061,3102,66,GGB216000143,17101,푸른마을4단지,126.850967,37.303417,0
GGB216000061,3102,67,GGB216000141,17042,한양대입구,126.844217,37.3036,0
GGB216000061,3102,68,GGB216000152,17016,성안길입구,126.838117,37.303283,0
GGB216000061,3102,69,GGB216000719,17311,한양대정문,126.837233,37.300767,0
GGB216000061,3102,70,GGB216000378,17361,한양대ERICA컨벤션센터,126.837633,37.298883,0
GGB216000061,3102,71,GGB216000380,17365,한국생산기술연구원,126.838633,37.29545,0
GGB216000061,3102,72,GGB216000382,17367,한양대기숙사앞,126.83585,37.2943,0
GGB216000061,3102,73,GGB216000384,17363,경기테크노파크,126.830433,37.292267,0
GGB216000061,3102,74,GGB216000305,17001,푸르지오7차정문,126.820417,37.29635,0
GGB216000061,3102,75,GGB216000350,17348,푸르지오9단지,126.821467,37.29405,0
GGB216000061,3102,76,GGB216000020,17005,푸르지오6차후문,126.8253,37.2937,0
GGB216000061,3102,77,GGB216000018,17012,그랑시티자이,126.832317,37.284467,0
GGB216000061,3102,78,GGB216000386,17384,그랑시티자이214동앞,126.834433,37.2794,0
GGB216000061,3102,79,GGB216000047,17474,그랑시티자이2차,126.8329,37.278383,0
GGB216000061,3102,80,GGB216000156,17476,그랑시티자이1차,126.82805,37.2813,0
GGB216000061,3102,81,GGB233003152,55548,대방노블랜드1차,126.820283,37.286467,1
GGB216000061,3102,82,GGB233003149,55545,금강팬테리움,126.821917,37.2838,1
GGB216000061,3102,83,GGB233003141,55537,반도유보라,126.822667,37.280467,1
GGB216000061,3102,84,GGB233001901,55333,세영리첼,126.82455,37.276167,1
GGB216000061,3102,85,GGB233003144,55540,새솔고,126.827783,37.274233,1
GGB216000064,310,1,GGB233000191,36037,대광아파트,126.834067,37.19425,1
GGB216000064,310,2,GGB233000190,36036,공군부대입구,126.831267,37.19625,1
GGB216000064,310,3,GGB233000189,36028,화성시청.모두누림센터,126.82845,37.198367,1
GGB216000064,310,4,GGB233001943,36002,남양뉴타운.상가단지,126.825817,37.200917,1
GGB216000064,310,5,GGB233000188,36804,남양뉴타운.양우내안애,126.824367,37.202283,1
GGB216000064,310,6,GGB233001318,36023,남양중고교입구,126.82225,37.204367,1
GGB216000064,310,7,GGB233000210,37567,기업은행,126.81965,37.2073,1
GGB216000064,310,8,GGB233000730,36019,남양사거리,126.81905,37.209133,1
GGB216000064,310,9,GGB233000729,36025,(구)남양읍행정복지센터,126.8228,37.211517,1
GGB216000064,310,10,GGB233000728,36029,루나포레아파트,126.830883,37.2152,1
GGB216000064,310,11,GGB233001404,36719,유일병원,126.8323,37.217217,1
GGB216000064,310,12,GGB233000727,36035,북양1리.봉림사,126.8321,37.21925,1
GGB216000064,310,13,GGB233000726,36043,북양1리.염티고개,126.840217,37.222117,1
GGB216000064,310,14,GGB233000725,37153,양노3리,126.85795,37.226633,1
GGB216000064,310,15,GGB233002118,55087,양노리,126.859967,37.228667,1
GGB216000064,310,16,GGB233000724,37162,삼화리,126.863717,37.2362,1
GGB216000064,310,17,GGB233000723,37169,천산아파트,126.865983,37.236467,1
GGB216000064,310,18,GGB233000722,37171,비봉초등학교후문,126.868233,37.236217,1
GGB216000064,310,19,GGB233000721,37186,비봉중고교.비봉면행정복지센터,126.8739,37.236867,1
GGB216000064,310,20,GGB233002039,60018,비봉LH아파트,126.8753,37.243183,1
GGB216000064,310,21,GGB233000263,60020,비봉상업지구,126.873317,37.2465,1
GGB216000064,310,22,GGB233000538,37176,비봉성당,126.871333,37.249983,1
GGB216000064,310,23,GGB233001687,37729,구포리입구,126.87155,37.254267,1
GGB216000064,310,24,GGB233000537,37193,야목리,126.877767,37.26525,1
GGB216000064,310,25,GGB233002354,55236,매송휴먼시아후문,126.88085,37.2677,1
GGB216000064,310,26,GGB233000536,37215,송라리,126.8868,37.2749,1
GGB216000064,310,27,GGB233000535,37211,원리,126.885117,37.277567,1
GGB216000064,310,28,GGB216000351,17349,HD건설기계,126.886783,37.28485,0
GGB216000064,310,29,GGB216000301,17068,팔곡산단,126.887517,37.287633,0
GGB216000064,310,30,GGB216000163,17299,도금단지,126.88705,37.290683,0
GGB216000064,310,31,GGB216000131,17469,팔곡주유소건너편,126.885083,37.292683,0
GGB216000064,310,32,GGB216000748,17464,로컬푸드건너편,126.874283,37.290083,0
GGB216000064,310,33,GGB216000243,17277,각골운동장,126.8726,37.290617,0
GGB216000064,310,34,GGB216000242,17278,각골초등학교,126.872683,37.2926,0
GGB216000064,310,35,GGB216000726,17335,본오동우체국건너편,126.87275,37.2943,0
GGB216000064,310,36,GGB216000241,17280,본오2동행정복지센터,126.872867,37.29575,0
GGB216000064,310,37,GGB216000004,17281,안산디자인문화고등학교.상록고등학교,126.872983,37.298883,0
GGB216000064,310,38,GGB216000749,17013,장수마을,126.87305,37.300133,0
GGB216000064,310,39,GGB216000277,17269,상록중학교,126.8719,37.301617,0
GGB216000064,310,40,GGB216000086,17246,상록수역2번출구건너편,126.86715,37.303033,0
GGB216000064,310,41,GGB216000085,17245,도로공원,126.866933,37.30735,0
GGB216000064,310,42,GGB216000718,17456,안산대학교사거리,126.869217,37.307683,0
GGB216000064,310,43,GGB216000267,17266,안산대학교입구,126.871517,37.307633,0
GGB216000064,310,44,GGB216000266,17287,안산대학교,126.873467,37.309483,0
GGB216000064,310,45,GGB216000265,17272,선우빌라,126.872167,37.31075,0
GGB216000064,310,46,GGB216000264,17259,안산대학교입구사거리,126.868983,37.309433,0
GGB216000064,310,47,GGB216000108,17244,금호카센터,126.866883,37.3071,0
GGB216000064,310,48,GGB216000107,17247,상록수역2번출구,126.866917,37.303,0
GGB216000064,310,49,GGB216000281,17251,상록수김연경체육관,126.86895,37.301383,0
GGB216000064,310,50,GGB216000280,17270,상록중학교.본오동,126.871933,37.301283,0
GGB216000064,310,51,GGB216000005,17282,안산디자인문화고등학교.상록고등학교,126.8727,37.298667,0
GGB216000064,310,52,GGB216000056,17279,본오2동행정복지센터,126.87255,37.295917,0
GGB216000064,310,53,GGB216000725,17451,본오동우체국,126.872483,37.294383,0
GGB216000064,310,54,GGB216000055,17276,각골초등학교,126.87235,37.292633,0
GGB216000064,310,55,GGB216000054,17274,각골운동장,126.872283,37.290583,0
GGB216000064,310,56,GGB216000743,17458,로컬푸드,126.873983,37.289567,0
GGB216000064,310,57,GGB216000361,17352,팔곡주유소건너편,126.884767,37.29265,0
GGB216000064,310,58,GGB216000338,17337,도금단지,126.887667,37.289883,0
GGB216000064,310,59,GGB216000302,17069,팔곡산단,126.887433,37.287967,0
GGB216000064,310,60,GGB216000352,17350,HD건설기계맞은편,126.886633,37.284917,0
GGB216000064,310,61,GGB233000534,37210,원리,126.88495,37.27765,1
GGB216000064,310,62,GGB233000533,37214,송라1리,126.88645,37.275433,1
GGB216000064,310,63,GGB233002355,55237,매송휴먼시아후문,126.880833,37.267833,1
GGB216000064,310,64,GGB233000532,37194,매송휴먼시아,126.878167,37.26615,1
GGB216000064,310,65,GGB233001834,37874,구포리입구,126.871317,37.254083,1
GGB216000064,310,66,GGB233000873,37175,비봉성당,126.8712,37.249717,1
GGB216000064,310,67,GGB233000264,60021,비봉상업지구,126.873167,37.246433,1
GGB216000064,310,68,GGB233002040,60019,비봉LH아파트,126.875233,37.242933,1
GGB216000064,310,69,GGB233000778,37183,비봉중고교.비봉면행정복지센터,126.873217,37.236717,1
GGB216000064,310,70,GGB233000777,37170,비봉초등학교후문.삼화3리,126.86815,37.236317,1
GGB216000064,310,71,GGB233000776,37168,천산아파트,126.865967,37.23655,1
GGB216000064,310,72,GGB233000774,37161,삼화리.천산아파트,126.862933,37.2361,1
GGB216000064,310,73,GGB233000773,37154,양노리,126.859567,37.228767,1
GGB216000064,310,74,GGB233003082,55393,양노3리,126.8582,37.227283,1
GGB216000064,310,75,GGB233000772,36042,북양1리.염티고개,126.839133,37.222233,1
GGB216000064,310,76,GGB233000771,37776,북양1리,126.8318,37.218983,1
GGB216000064,310,77,GGB233000770,36030,루나포레아파트,126.831233,37.215633,1
GGB216000064,310,78,GGB233000769,36026,(구)남양읍행정복지센터,126.823517,37.212,1
GGB216000064,310,79,GGB233000768,36021,남양사거리,126.81905,37.209367,1
GGB216000064,310,80,GGB233001046,36018,기업은행,126.81875,37.20835,1
GGB216000064,310,81,GGB233001749,37774,남양중고입구.기아남양점,126.820333,37.2058,1
GGB216000064,310,82,GGB233002159,36024,양우내안애,126.823383,37.202783,1
GGB216000064,310,83,GGB233001828,36001,남양뉴타운.현대2차,126.825517,37.200717,1
GGB216000064,310,84,GGB233001435,36977,화성시청,126.828483,37.197833,1
GGB216000064,310,85,GGB233000208,36034,공군부대입구,126.831683,37.1957,1
GGB216000064,310,86,GGB233001043,36039,대광아파트,126.83365,37.194267,1
GGB234001568,721,1,GGB277101892,,영통차고지대기(미정차),127.066933,37.2599,0
GGB234001568,721,2,GGB203000061,4112,영흥수목원입구.영흥숲푸르지오파크비엔아파트입구,127.067517,37.259367,0
GGB234001568,721,3,GGB203000052,4190,지역난방공사.신나무실쌍용아파트,127.065917,37.256433,0
GGB234001568,721,4,GGB203000136,4133,영통역6번출구.영덕고등학교,127.069833,37.252133,0
GGB234001568,721,5,GGB203000065,4131,극동.풍림아파트,127.068883,37.2493,0
GGB234001568,721,6,GGB203000257,4240,영통주공9단지,127.065117,37.2466,0
GGB234001568,721,7,GGB203000150,4072,그대가프리미어아파트.망포역3번출구,127.056017,37.24465,0
GGB234001568,721,8,GGB203000149,4069,태장초등학교,127.055333,37.24085,0
GGB234001568,721,9,GGB203000148,4177,망포중학교.엘지동수원자이,127.056483,37.238333,0
GGB234001568,721,10,GGB203000147,4090,망포1동행정복지센터.삼정라츠.늘푸른벽산,127.059233,37.237167,0
GGB234001568,721,11,GGB233000117,36512,신영통현대타운.두산위브,127.0621,37.23535,1
GGB234001568,721,12,GGB233001211,36396,반월리큰고개,127.064817,37.2325,1
GGB234001568,721,13,GGB233000115,36405,신동탄롯데캐슬,127.0681,37.230383,1
GGB234001568,721,14,GGB233001212,36408,삼성반도체후문,127.070867,37.227467,1
GGB234001568,721,15,GGB233001310,36683,IT단지(중),127.073667,37.2251,1
GGB234001568,721,16,GGB233001225,36414,한림대병원(중),127.07775,37.217317,1
GGB234001568,721,17,GGB233003186,37760,우미제일.전하리교회,127.079383,37.212133,1
GGB234001568,721,18,GGB233002440,55312,예당고사거리,127.081817,37.209183,1
GGB234001568,721,19,GGB233003207,55967,경기남부직업능력개발원,127.086967,37.2092,1
GGB234001568,721,20,GGB233002442,55314,푸르지오.한미약품,127.091833,37.209183,1
GGB234001568,721,21,GGB233002436,36842,상록.테크노밸리.GS자이,127.098517,37.206517,1
GGB234001568,721,22,GGB233002433,37663,우남퍼스트빌.자이,127.100083,37.204567,0
GGB234001568,721,23,GGB233000131,36812,계룡.영천초,127.104883,37.203933,1
GGB234001568,721,24,GGB233002434,55292,시범예미지.영천유치원,127.108767,37.203233,1
GGB234001568,721,25,GGB233000164,36811,반도1차.경남,127.110767,37.203167,1
GGB234001568,721,26,GGB233001491,37551,반도1차.모아아파트,127.1141,37.201883,1
GGB234001568,721,27,GGB233000430,55663,반도4차.동탄4동복지센터,127.1154,37.2001,1
GGB234001568,721,28,GGB233001168,36458,센트럴푸르지오.호반베르디움2차,127.116817,37.198133,1
GGB234001568,721,29,GGB233000965,36468,청목초.신안1차,127.1194,37.194583,1
GGB234001568,721,30,GGB233003154,55551,목동초.베라체,127.12495,37.190183,1
GGB234001568,721,31,GGB233003156,55553,e편한세상동탄,127.125817,37.190283,1
GGB234001568,721,32,GGB233003157,55554,목동중.금강4차,127.127117,37.188883,1
GGB234001568,721,33,GGB233003159,55556,한신더휴,127.126317,37.18655,1
GGB234001568,721,34,GGB233003161,55558,호반베르디움5차,127.12525,37.183867,1
GGB234001568,721,35,GGB233003045,55576,신리입구,127.124317,37.18075,1
GGB234001568,721,36,GGB233002006,55445,호반3차.창의고,127.1197,37.179733,1
GGB234001568,721,37,GGB233000125,55401,호반베르디움3차,127.11455,37.179567,0
GGB234001568,721,38,GGB233003047,55578,금강펜테리움2차,127.11475,37.1767,1
GGB234001568,721,39,GGB233000431,55665,중흥클래스에듀,127.113917,37.1731,1
GGB234001568,721,40,GGB233002038,55587,레이크파크뷰.서희스타힐스,127.117283,37.171633,1
GGB234001568,721,41,GGB233001695,37724,레이크파크뷰,127.118533,37.170033,1
GGB234001568,721,42,GGB233002288,37086,세정초.하우스디,127.1248,37.1676,1
GGB234001568,721,43,GGB233003174,55701,반도10차,127.127167,37.166417,1
GGB234001568,721,44,GGB233000084,55730,세정초남측,127.124117,37.1667,1
GGB234001568,721,45,GGB233000090,55731,행복주택35단지,127.121117,37.167,1
GGB234001568,721,46,GGB233000085,55732,호수공원행복주택,127.118583,37.167833,1
GGB234001568,721,47,GGB233001696,37696,레이크파크뷰,127.119,37.169917,1
GGB234001568,721,48,GGB233002027,55586,서희스타힐스.레이크파크뷰,127.117383,37.17195,1
GGB234001568,721,49,GGB233000432,55666,중흥클래스에듀,127.114133,37.1734,1
GGB234001568,721,50,GGB233003046,55577,금강펜테리움2차,127.114883,37.17685,1
GGB234001568,721,51,GGB233002373,55444,호반3차.창의고,127.118883,37.179617,1
GGB234001568,721,52,GGB233003050,55579,신리입구,127.124533,37.180733,1
GGB234001568,721,53,GGB233003162,55559,르파비스,127.1254,37.18345,1
GGB234001568,721,54,GGB233003160,55557,경남아너스빌,127.12655,37.186467,1
GGB234001568,721,55,GGB233003158,55555,금강4차.목동중,127.127317,37.189367,1
GGB234001568,721,56,GGB233003155,55552,e편한세상동탄,127.1266,37.1902,1
GGB234001568,721,57,GGB233003044,55550,베라체.목동초,127.124317,37.190183,1
GGB234001568,721,58,GGB233001568,36693,베라체아파트,127.12285,37.1905,1
GGB234001568,721,59,GGB233002421,55340,예솔초.호반2차.대원2차,127.118767,37.196233,1
GGB234001568,721,60,GGB233000129,36460,신안2차.반도4차,127.11605,37.199983,1
GGB234001568,721,61,GGB233000980,36459,모아.반도1차아파트,127.11455,37.20205,1
GGB234001568,721,62,GGB233000960,36452,경남.반도1차,127.110817,37.203517,1
GGB234001568,721,63,GGB233002435,55293,영천유치원.시범예미지,127.108783,37.203517,1
GGB234001568,721,64,GGB233000961,36453,영천초.계룡,127.104933,37.204283,1
GGB234001568,721,65,GGB233000127,36446,자이.우남퍼스트빌,127.099867,37.204833,1
GGB234001568,721,66,GGB233000121,36463,상록.테크노밸리.GS자이,127.099067,37.208283,1
GGB234001568,721,67,GGB233002443,55315,한미약품.푸르지오,127.091617,37.2095,1
GGB234001568,721,68,GGB233002493,55937,경기남부직업능력개발원,127.08725,37.20955,1
GGB234001568,721,69,GGB233002439,55311,예당고사거리,127.080667,37.2099,1
GGB234001568,721,70,GGB233001683,37712,전하리교회.우미제일,127.079283,37.21315,1
GGB234001568,721,71,GGB233001782,37864,한림대병원(중),127.078117,37.216633,1
GGB234001568,721,72,GGB233001978,37954,IT단지(중),127.074133,37.224717,1
GGB234001568,721,73,GGB233002353,55253,삼성반도체후문,127.071283,37.228417,1
GGB234001568,721,74,GGB233001300,36406,신동탄롯데캐슬,127.068117,37.230633,1
GGB234001568,721,75,GGB233000116,36399,반월리큰고개,127.0648,37.232933,1
GGB234001568,721,76,GGB233000118,36393,신영통현대타운.두산위브,127.0625,37.235483,1
GGB234001568,721,77,GGB203000109,4089,망포1동행정복지센터.삼정라츠.늘푸른벽산,127.0594,37.237417,0
GGB234001568,721,78,GGB203000108,4176,망포중학교.엘지동수원자이,127.0565,37.238767,0
GGB234001568,721,79,GGB203000155,4070,청와.쌍용.그대가센트럴파크아파트,127.05545,37.242717,0
GGB234001568,721,80,GGB203000124,4085,망포역1번출구.디지털엠파이어1,127.0596,37.24575,0
GGB234001568,721,81,GGB203000168,4117,교통공원,127.065367,37.246183,0
GGB234001568,721,82,GGB203000157,4129,살구골동아아파트,127.067983,37.247717,0
GGB234001568,721,83,GGB203000018,4132,영통역7번출구.영덕고등학교,127.0697,37.2525,0
GGB234001568,721,84,GGB203000050,4189,지역난방공사.신나무실쌍용아파트,127.066167,37.256583,0
GGB234001568,721,85,GGB203000111,4113,영흥수목원입구.영흥숲푸르지오파크비엔아파트입구,127.067633,37.259333,0
GGB234001570,116-2,1,GGB277101892,,영통차고지대기(미정차),127.066933,37.2599,0
GGB234001570,116-2,2,GGB203000061,4112,영흥수목원입구.영흥숲푸르지오파크비엔아파트입구,127.067517,37.259367,0
GGB234001570,116-2,3,GGB203000052,4190,지역난방공사.신나무실쌍용아파트,127.065917,37.256433,0
GGB234001570,116-2,4,GGB203000136,4133,영통역6번출구.영덕고등학교,127.069833,37.252133,0
GGB234001570,116-2,5,GGB203000135,4149,살구골공원.영통역3번출구,127.0735,37.2499,0
GGB234001570,116-2,6,GGB203000205,4154,영일중학교.수원출입국외국인청,127.075267,37.2488,0
GGB234001570,116-2,7,GGB228000669,29165,서천효성해링턴,127.07565,37.2445,0
GGB234001570,116-2,8,GGB228002054,29900,서천2차아이파크,127.075367,37.24125,0
GGB234001570,116-2,9,GGB228002056,29902,서천마을센트럴파크원.힐스테이트,127.073867,37.239083,0
GGB234001570,116-2,10,GGB228002062,29904,서천마을2단지.쌍용예가,127.072183,37.2373,0
GGB234001570,116-2,11,GGB228002065,29907,서천마을3단지,127.07065,37.235117,0
GGB234001570,116-2,12,GGB228002063,29905,서천고등학교,127.068783,37.234667,0
GGB234001570,116-2,13,GGB233002111,55131,반달마을,127.066983,37.234533,1
GGB234001570,116-2,14,GGB233001559,55228,반월리,127.064917,37.233567,1
GGB234001570,116-2,15,GGB233001211,36396,반월리큰고개,127.064817,37.2325,1
GGB234001570,116-2,16,GGB233000115,36405,신동탄롯데캐슬,127.0681,37.230383,1
GGB234001570,116-2,17,GGB233001212,36408,삼성반도체후문,127.070867,37.227467,1
GGB234001570,116-2,18,GGB233001310,36683,IT단지(중),127.073667,37.2251,1
GGB234001570,116-2,19,GGB233001225,36414,한림대병원(중),127.07775,37.217317,1
GGB234001570,116-2,20,GGB233003186,37760,우미제일.전하리교회,127.079383,37.212133,1
GGB234001570,116-2,21,GGB233002440,55312,예당고사거리,127.081817,37.209183,1
GGB234001570,116-2,22,GGB233003207,55967,경기남부직업능력개발원,127.086967,37.2092,1
GGB234001570,116-2,23,GGB233002442,55314,푸르지오.한미약품,127.091833,37.209183,1
GGB234001570,116-2,24,GGB233002436,36842,상록.테크노밸리.GS자이,127.098517,37.206517,1
GGB234001570,116-2,25,GGB233002433,37663,우남퍼스트빌.자이,127.100083,37.204567,0
GGB234001570,116-2,26,GGB233000131,36812,계룡.영천초,127.104883,37.203933,1
GGB234001570,116-2,27,GGB233002434,55292,시범예미지.영천유치원,127.108767,37.203233,1
GGB234001570,116-2,28,GGB233000164,36811,반도1차.경남,127.110767,37.203167,1
GGB234001570,116-2,29,GGB233001491,37551,반도1차.모아아파트,127.1141,37.201883,1
GGB234001570,116-2,30,GGB233000430,55663,반도4차.동탄4동복지센터,127.1154,37.2001,1
GGB234001570,116-2,31,GGB233000150,36515,반도유보라.센트럴푸르지오,127.11515,37.198733,1
GGB234001570,116-2,32,GGB233000134,36511,호반베르디움.롯데캐슬,127.1112,37.1972,1
GGB234001570,116-2,33,GGB233000139,36445,한화.호반.대원,127.1049,37.1971,1
GGB234001570,116-2,34,GGB233002437,55309,한화꿈에그린,127.100333,37.194817,1
GGB234001570,116-2,35,GGB233000998,36502,헤리엇.리베라CC,127.098467,37.190733,1
GGB234001570,116-2,36,GGB233000994,36480,공공청사부지,127.099833,37.187033,1
GGB234001570,116-2,37,GGB233000996,36488,반도3차.금강1차,127.103133,37.1802,1
GGB234001570,116-2,38,GGB233000997,36494,레이크빌.하우스디더레이크,127.105083,37.176083,1
GGB234001570,116-2,39,GGB233002262,55476,하우스디더레이크.우미린,127.105483,37.172617,1
GGB234001570,116-2,40,GGB233002261,55475,방교초.레이크자이더테라스,127.10135,37.17265,1
GGB234001570,116-2,41,GGB233002114,55090,산척리,127.09,37.171017,1
GGB234001570,116-2,42,GGB233002116,55092,DM디스플레이,127.087717,37.16555,1
GGB234001570,116-2,43,GGB233002365,55242,장지천,127.087,37.163167,1
GGB234001570,116-2,44,GGB223000465,24141,오산장례식장,127.0855,37.158917,0
GGB234001570,116-2,45,GGB223000043,24014,오산센트럴푸르지오,127.081533,37.159,0
GGB234001570,116-2,46,GGB223000004,24166,운암주공1단지.운천중학교,127.078667,37.158017,0
GGB234001570,116-2,47,GGB223000199,24161,운암주공2.3단지.운천고,127.0774,37.154517,0
GGB234001570,116-2,48,GGB223000094,24158,오산시청.운암주공4단지,127.076217,37.1511,0
GGB234001570,116-2,49,GGB223000093,24155,운암주공5단지.운암중학교,127.075183,37.146417,0
GGB234001570,116-2,50,GGB223000092,24180,신양아파트,127.073383,37.146033,0
GGB234001570,116-2,51,GGB223000167,24128,(구)화성동부경찰서.르마레시티,127.070367,37.142567,0
GGB234001570,116-2,52,GGB223000099,24111,오산역e-편한세상1단지아파트,127.068583,37.140783,0
GGB234001570,116-2,53,GGB223000098,24114,원동초교.제일교회앞,127.068767,37.13645,0
GGB234001570,116-2,54,GGB223000097,24117,우방한솔아파트,127.068933,37.133833,0
GGB234001570,116-2,55,GGB223000525,24106,갈곶동.KCC스위첸아파트,127.068417,37.1316,0
GGB234001570,116-2,56,GGB277102407,,갈곶리삼거리(미정차),127.067133,37.127417,0
GGB234001570,116-2,57,GGB223000522,24097,원영화남아파트,127.067717,37.130133,0
GGB234001570,116-2,58,GGB223000524,24118,원동.동부삼환아파트,127.069217,37.13285,0
GGB234001570,116-2,59,GGB223000128,24115,원동초교.제일교회앞,127.069033,37.1366,0
GGB234001570,116-2,60,GGB223000127,24113,오산역e-편한세상1단지아파트,127.068867,37.1398,0
GGB234001570,116-2,61,GGB223000126,24107,오산역.오산터미널,127.068617,37.144433,0
GGB234001570,116-2,62,GGB223000089,24133,문화의거리,127.070617,37.146333,0
GGB234001570,116-2,63,GGB223000005,24153,운암주공5단지,127.075183,37.146233,0
GGB234001570,116-2,64,GGB223000048,24160,오산시청.운암주공4단지,127.076433,37.150317,0
GGB234001570,116-2,65,GGB223000047,24165,운암주공2.3단지.운천고,127.0779,37.154967,0
GGB234001570,116-2,66,GGB223000046,24168,운암주공1단지.운천중학교,127.078883,37.157867,0
GGB234001570,116-2,67,GGB223000237,24212,운암주공1단지후문,127.080983,37.158783,0
GGB234001570,116-2,68,GGB223000471,24041,오산장례식장후문,127.086633,37.15965,0
GGB234001570,116-2,69,GGB233002366,55243,장지천,127.086967,37.161533,1
GGB234001570,116-2,70,GGB233002115,55091,DM디스플레이,127.08765,37.16415,1
GGB234001570,116-2,71,GGB233002113,55089,산척리,127.089517,37.169067,1
GGB234001570,116-2,72,GGB233000379,55625,방교초.레이크자이더테라스,127.10085,37.172367,1
GGB234001570,116-2,73,GGB233002260,55474,우미린.하우스디더레이크,127.10335,37.17235,1
GGB234001570,116-2,74,GGB233000162,36493,나래학교.더샵레이크,127.105783,37.175917,1
GGB234001570,116-2,75,GGB233000161,36487,반도3차.금강1차,127.102683,37.182417,1
GGB234001570,116-2,76,GGB233000995,36477,의료시설부지,127.100233,37.1876,1
GGB234001570,116-2,77,GGB233000999,36501,리베라CC.헤리엇,127.099083,37.190717,1
GGB234001570,116-2,78,GGB233002438,55310,한화꿈에그린,127.100483,37.194433,1
GGB234001570,116-2,79,GGB233002419,55296,한화.호반.대원,127.104867,37.196733,1
GGB234001570,116-2,80,GGB233002420,55297,롯데캐슬.호반베르디움,127.111067,37.19685,1
GGB234001570,116-2,81,GGB233001167,37484,센트럴푸르지오.반도유보라,127.11465,37.198117,1
GGB234001570,116-2,82,GGB233000129,36460,신안2차.반도4차,127.11605,37.199983,1
GGB234001570,116-2,83,GGB233000980,36459,모아.반도1차아파트,127.11455,37.20205,1
GGB234001570,116-2,84,GGB233000960,36452,경남.반도1차,127.110817,37.203517,1
GGB234001570,116-2,85,GGB233002435,55293,영천유치원.시범예미지,127.108783,37.203517,1
GGB234001570,116-2,86,GGB233000961,36453,영천초.계룡,127.104933,37.204283,1
GGB234001570,116-2,87,GGB233000127,36446,자이.우남퍼스트빌,127.099867,37.204833,1
GGB234001570,116-2,88,GGB233000121,36463,상록.테크노밸리.GS자이,127.099067,37.208283,1
GGB234001570,116-2,89,GGB233002443,55315,한미약품.푸르지오,127.091617,37.2095,1
GGB234001570,116-2,90,GGB233002493,55937,경기남부직업능력개발원,127.08725,37.20955,1
GGB234001570,116-2,91,GGB233002439,55311,예당고사거리,127.080667,37.2099,1
GGB234001570,116-2,92,GGB233001683,37712,전하리교회.우미제일,127.079283,37.21315,1
GGB234001570,116-2,93,GGB233001782,37864,한림대병원(중),127.078117,37.216633,1
GGB234001570,116-2,94,GGB233001978,37954,IT단지(중),127.074133,37.224717,1
GGB234001570,116-2,95,GGB233002353,55253,삼성반도체후문,127.071283,37.228417,1
GGB234001570,116-2,96,GGB233001300,36406,신동탄롯데캐슬,127.068117,37.230633,1
GGB234001570,116-2,97,GGB233000083,36065,반월리,127.06515,37.233483,1
GGB234001570,116-2,98,GGB233002112,55132,반달마을,127.067067,37.2344,1
GGB234001570,116-2,99,GGB228002064,29906,서천고등학교,127.0689,37.2345,0
GGB234001570,116-2,100,GGB228002066,29908,서천마을3단지,127.07105,37.23495,0
GGB234001570,116-2,101,GGB228002061,29903,서천마을2단지.쌍용예가,127.072433,37.237133,0
GGB234001570,116-2,102,GGB228002055,29901,서천마을센트럴파크원.힐스테이트,127.074217,37.239033,0
GGB234001570,116-2,103,GGB228002053,29899,서천2차아이파크,127.075733,37.241183,0
GGB234001570,116-2,104,GGB228000670,29166,서천효성해링턴,127.075967,37.243717,0
GGB234001570,116-2,105,GGB203000143,4152,영일중학교.수원출입국외국인청,127.075083,37.249217,0
GGB234001570,116-2,106,GGB203000354,4332,동수원세무소.영통역2번출구,127.0727,37.25065,0
GGB234001570,116-2,107,GGB203000018,4132,영통역7번출구.영덕고등학교,127.0697,37.2525,0
GGB234001570,116-2,108,GGB203000050,4189,지역난방공사.신나무실쌍용아파트,127.066167,37.256583,0
GGB234001570,116-2,109,GGB203000111,4113,영흥수목원입구.영흥숲푸르지오파크비엔아파트입구,127.067633,37.259333,0
GGB234001577,M4130,1,GGB233003132,55528,호수자이파밀리에.아이원,127.1052,37.160733,1
GGB234001577,M4130,2,GGB277103991,,호수공원아이파크(미정차),127.1069,37.165533,1
GGB234001577,M4130,3,GGB277103992,,호수공원미래체험관(미정차),127.106917,37.168317,1
GGB234001577,M4130,4,GGB233003093,55420,호수부영3차.우미린2차,127.107083,37.171667,1
GGB234001577,M4130,5,GGB233000161,36487,반도3차.금강1차,127.102683,37.182417,1
GGB234001577,M4130,6,GGB233000995,36477,의료시설부지,127.100233,37.1876,1
GGB234001577,M4130,7,GGB233000978,36466,한화.린스트라우스,127.099083,37.195383,1
GGB234001577,M4130,8,GGB233000979,36465,포스코더샵.롯데캐슬,127.0991,37.199933,1
GGB234001577,M4130,9,GGB277104810,,치동천2교교차로(미정차),127.099083,37.204933,1
GGB234001577,M4130,10,GGB233000121,36463,상록.테크노밸리.GS자이,127.099067,37.208283,1
GGB234001577,M4130,11,GGB277104811,,현대트랜시스진입전(미정차),127.100767,37.213733,1
GGB234001577,M4130,12,GGB233000698,55853,현대트랜시스(중),127.103667,37.2163,1
GGB234001577,M4130,13,GGB277102516,,기흥IC진입(미정차),127.10135,37.221733,0
GGB234001577,M4130,14,GGB277102660,,기흥휴게소(미정차),127.106617,37.23525,0
GGB234001577,M4130,15,GGB277103363,,수원신갈IC(미정차),127.104,37.2657,0
GGB234001577,M4130,16,GGB277103361,,신갈JC(미정차),127.103867,37.289667,0
GGB234001577,M4130,17,GGB277103443,,죽전(미정차),127.103817,37.326633,0
GGB234001577,M4130,18,GGB277102630,,금곡(미정차),127.10355,37.349767,0
GGB234001577,M4130,19,GGB277103386,,서울TG(미정차),127.104333,37.364967,0
GGB234001577,M4130,20,GGB277103151,,판교IC(미정차),127.100617,37.398633,0
GGB234001577,M4130,21,GGB277103679,,금토JC(미정차),127.085317,37.415283,0
GGB234001577,M4130,22,GGB277103441,,서울진입(미정차),127.066583,37.43385,0
GGB234001577,M4130,23,GGB277104177,,청계산입구역(미정차),127.0542,37.448367,0
GGB234001577,M4130,24,GGB277103388,,양재IC(미정차),127.04045,37.463283,0
GGB234001577,M4130,25,GGB277103390,,서초IC(미정차),127.026333,37.483133,0
GGB234001577,M4130,26,GGB277103391,,반포IC(미정차),127.018867,37.50285,0
GGB234001577,M4130,27,GGB277103400,,한남IC(미정차),127.017583,37.522483,0
GGB234001577,M4130,28,GGB277104182,,한남대교북단(미정차),127.009467,37.5314,0
GGB234001577,M4130,29,GGB277104180,,한남1고가차도(미정차),127.0037,37.540717,0
GGB234001577,M4130,30,GGB277104186,,남산1호터널TG(미정차),126.99315,37.55585,0
GGB234001577,M4130,31,GGB101000002,,국가인권위.안중근활동터(중),126.98785,37.564317,0
GGB234001577,M4130,32,GGB277104376,,SKT타워(미정차),126.985267,37.566217,0
GGB234001577,M4130,33,GGB101000303,,서울시청,126.980767,37.56615,0
GGB234001577,M4130,34,GGB277104283,,시청교차로(미정차),126.976767,37.56455,0
GGB234001577,M4130,35,GGB101000128,,신한은행본점,126.975517,37.561117,0
GGB234001577,M4130,36,GGB101000006,,서울역버스환승센터(6번승강장)(중),126.972733,37.55515,0
GGB234001577,M4130,37,GGB277101742,,서울역교차로(미정차),126.972633,37.5571,0
GGB234001577,M4130,38,GGB277102115,,숭례문교차로(미정차),126.975433,37.560367,0
GGB234001577,M4130,39,GGB277102114,,남대문로3가(미정차),126.978983,37.56105,0
GGB234001577,M4130,40,GGB101000148,,명동입구,126.9826,37.564683,0
GGB234001577,M4130,41,GGB101000337,,명동성당,126.987383,37.565017,0
GGB234001577,M4130,42,GGB277104824,,퇴계로2가교차로(미정차),126.989017,37.560733,0
GGB234001577,M4130,43,GGB277104181,,남산1호터널TG(미정차),126.992717,37.5557,0
GGB234001577,M4130,44,GGB277104179,,한남1고가차도진입(미정차),127.002317,37.541417,0
GGB234001577,M4130,45,GGB277103399,,한남IC(미정차),127.017283,37.522033,0
GGB234001577,M4130,46,GGB277103392,,반포IC(미정차),127.018433,37.502817,0
GGB234001577,M4130,47,GGB277103389,,서초IC(미정차),127.025667,37.48365,0
GGB234001577,M4130,48,GGB277103387,,양재IC(미정차),127.039433,37.46365,0
GGB234001577,M4130,49,GGB277104178,,청계산입구역(미정차),127.053833,37.448183,0
GGB234001577,M4130,50,GGB277103440,,성남진입(미정차),127.066183,37.43355,0
GGB234001577,M4130,51,GGB277103678,,금토JC(미정차),127.08445,37.4155,0
GGB234001577,M4130,52,GGB277103150,,판교IC(미정차),127.10005,37.398833,0
GGB234001577,M4130,53,GGB277103385,,서울TG(미정차),127.1026,37.36535,0
GGB234001577,M4130,54,GGB277102104,,금곡(미정차),127.103117,37.350367,0
GGB234001577,M4130,55,GGB277103442,,죽전(미정차),127.10315,37.3266,0
GGB234001577,M4130,56,GGB277103360,,신갈JC(미정차),127.10345,37.290433,0
GGB234001577,M4130,57,GGB277103362,,수원신갈IC(미정차),127.103533,37.266817,0
GGB234001577,M4130,58,GGB277102621,,기흥휴게소(미정차),127.106183,37.235117,0
GGB234001577,M4130,59,GGB233000709,55854,현대트랜시스(중),127.103817,37.217283,1
GGB234001577,M4130,60,GGB233002436,36842,상록.테크노밸리.GS자이,127.098517,37.206517,1
GGB234001577,M4130,61,GGB233000137,36436,롯데캐슬.포스코더샵,127.098467,37.1997,1
GGB234001577,M4130,62,GGB233001637,37658,린스트라우스.한화,127.098517,37.19625,1
GGB234001577,M4130,63,GGB233000994,36480,공공청사부지,127.099833,37.187033,1
GGB234001577,M4130,64,GGB233000996,36488,반도3차.금강1차,127.103133,37.1802,1
GGB234001577,M4130,65,GGB233003092,55419,우미린2차.호수부영3차,127.106417,37.17135,1
GGB234001577,M4130,66,GGB233003126,55522,아이원.호수자이파밀리에,127.104783,37.161017,1
GGB234001619,M4434,1,GGB233003132,55528,호수자이파밀리에.아이원,127.1052,37.160733,1
GGB234001619,M4434,2,GGB277103991,,호수공원아이파크(미정차),127.1069,37.165533,1
GGB234001619,M4434,3,GGB277103992,,호수공원미래체험관(미정차),127.106917,37.168317,1
GGB234001619,M4434,4,GGB233003093,55420,호수부영3차.우미린2차,127.107083,37.171667,1
GGB234001619,M4434,5,GGB233000161,36487,반도3차.금강1차,127.102683,37.182417,1
GGB234001619,M4434,6,GGB233000995,36477,의료시설부지,127.100233,37.1876,1
GGB234001619,M4434,7,GGB233000978,36466,한화.린스트라우스,127.099083,37.195383,1
GGB234001619,M4434,8,GGB233000979,36465,포스코더샵.롯데캐슬,127.0991,37.199933,1
GGB234001619,M4434,9,GGB277104810,,치동천2교교차로(미정차),127.099083,37.204933,1
GGB234001619,M4434,10,GGB233000121,36463,상록.테크노밸리.GS자이,127.099067,37.208283,1
GGB234001619,M4434,11,GGB277104811,,현대트랜시스진입전(미정차),127.100767,37.213733,1
GGB234001619,M4434,12,GGB233000698,55853,현대트랜시스(중),127.103667,37.2163,1
GGB234001619,M4434,13,GGB277102516,,기흥IC진입(미정차),127.10135,37.221733,0
GGB234001619,M4434,14,GGB277102660,,기흥휴게소(미정차),127.106617,37.23525,0
GGB234001619,M4434,15,GGB277103363,,수원신갈IC(미정차),127.104,37.2657,0
GGB234001619,M4434,16,GGB277103361,,신갈JC(미정차),127.103867,37.289667,0
GGB234001619,M4434,17,GGB277103443,,죽전(미정차),127.103817,37.326633,0
GGB234001619,M4434,18,GGB277102630,,금곡(미정차),127.10355,37.349767,0
GGB234001619,M4434,19,GGB277103386,,서울TG(미정차),127.104333,37.364967,0
GGB234001619,M4434,20,GGB277103151,,판교IC(미정차),127.100617,37.398633,0
GGB234001619,M4434,21,GGB277103679,,금토JC(미정차),127.085317,37.415283,0
GGB234001619,M4434,22,GGB277103441,,서울진입(미정차),127.066583,37.43385,0
GGB234001619,M4434,23,GGB277104177,,청계산입구역(미정차),127.0542,37.448367,0
GGB234001619,M4434,24,GGB277103388,,양재IC(미정차),127.04045,37.463283,0
GGB234001619,M4434,25,GGB277103390,,서초IC(미정차),127.026333,37.483133,0
GGB234001619,M4434,26,GGB121000086,90062,KCC사옥,127.020217,37.503017,0
GGB234001619,M4434,27,GGB121000946,,신논현역.금강빌딩,127.025467,37.501783,0
GGB234001619,M4434,28,GGB277103680,,강남역.지오다노(미정차),127.026133,37.500417,0
GGB234001619,M4434,29,GGB277102911,,강남역10번출구(미정차),127.026983,37.498617,0
GGB234001619,M4434,30,GGB121000009,,신분당선강남역(중),127.028567,37.495783,0
GGB234001619,M4434,31,GGB277101612,,우성아파트앞사거리(미정차),127.029533,37.49335,0
GGB234001619,M4434,32,GGB277101867,,역삼동.우성아파트(미정차),127.030417,37.4914,0
GGB234001619,M4434,33,GGB121000005,,뱅뱅사거리(중),127.032467,37.487683,0
GGB234001619,M4434,34,GGB121000003,,양재역.서초문화예술회관(중),127.035883,37.482567,0
GGB234001619,M4434,35,GGB277104385,,교육개발원입구교차로(미정차),127.0384,37.47775,0
GGB234001619,M4434,36,GGB121000220,,매헌시민의숲.양재꽃시장,127.038383,37.4708,0
GGB234001619,M4434,37,GGB277103387,,양재IC(미정차),127.039433,37.46365,0
GGB234001619,M4434,38,GGB277104178,,청계산입구역(미정차),127.053833,37.448183,0
GGB234001619,M4434,39,GGB277103440,,성남진입(미정차),127.066183,37.43355,0
GGB234001619,M4434,40,GGB277103678,,금토JC(미정차),127.08445,37.4155,0
GGB234001619,M4434,41,GGB277103150,,판교IC(미정차),127.10005,37.398833,0
GGB234001619,M4434,42,GGB277103385,,서울TG(미정차),127.1026,37.36535,0
GGB234001619,M4434,43,GGB277102104,,금곡(미정차),127.103117,37.350367,0
GGB234001619,M4434,44,GGB277103442,,죽전(미정차),127.10315,37.3266,0
GGB234001619,M4434,45,GGB277103360,,신갈JC(미정차),127.10345,37.290433,0
GGB234001619,M4434,46,GGB277103362,,수원신갈IC(미정차),127.103533,37.266817,0
GGB234001619,M4434,47,GGB277102621,,기흥휴게소(미정차),127.106183,37.235117,0
GGB234001619,M4434,48,GGB233000709,55854,현대트랜시스(중),127.103817,37.217283,1
GGB234001619,M4434,49,GGB233002436,36842,상록.테크노밸리.GS자이,127.098517,37.206517,1
GGB234001619,M4434,50,GGB233000137,36436,롯데캐슬.포스코더샵,127.098467,37.1997,1
GGB234001619,M4434,51,GGB233001637,37658,린스트라우스.한화,127.098517,37.19625,1
GGB234001619,M4434,52,GGB233000994,36480,공공청사부지,127.099833,37.187033,1
GGB234001619,M4434,53,GGB233000996,36488,반도3차.금강1차,127.103133,37.1802,1
GGB234001619,M4434,54,GGB233003092,55419,우미린2차.호수부영3차,127.106417,37.17135,1
GGB234001619,M4434,55,GGB233003126,55522,아이원.호수자이파밀리에,127.104783,37.161017,1
GGB234001622,M4137,1,GGB233001754,55505,아이파크.센트럴시티,127.109317,37.165517,1
GGB234001622,M4137,2,GGB277103993,,A74블럭(미정차),127.115,37.1659,1
GGB234001622,M4137,3,GGB233001696,37696,레이크파크뷰,127.119,37.169917,1
GGB234001622,M4137,4,GGB233000374,55465,창의고,127.122533,37.18185,1
GGB234001622,M4137,5,GGB233001614,55489,한신더휴,127.12385,37.18645,1
GGB234001622,M4137,6,GGB233002421,55340,예솔초.호반2차.대원2차,127.118767,37.196233,1
GGB234001622,M4137,7,GGB233000129,36460,신안2차.반도4차,127.11605,37.199983,1
GGB234001622,M4137,8,GGB277104808,,치동천5교교차로(미정차),127.11355,37.203417,1
GGB234001622,M4137,9,GGB233002429,55305,이주택지.상록.경남아파트,127.110867,37.2071,1
GGB234001622,M4137,10,GGB233000694,55852,동탄테크노벨리(중),127.09885,37.210933,1
GGB234001622,M4137,11,GGB277102516,,기흥IC진입(미정차),127.10135,37.221733,0
GGB234001622,M4137,12,GGB277102660,,기흥휴게소(미정차),127.106617,37.23525,0
GGB234001622,M4137,13,GGB277103363,,수원신갈IC(미정차),127.104,37.2657,0
GGB234001622,M4137,14,GGB277103361,,신갈JC(미정차),127.103867,37.289667,0
GGB234001622,M4137,15,GGB277103443,,죽전(미정차),127.103817,37.326633,0
GGB234001622,M4137,16,GGB277102630,,금곡(미정차),127.10355,37.349767,0
GGB234001622,M4137,17,GGB277103386,,서울TG(미정차),127.104333,37.364967,0
GGB234001622,M4137,18,GGB277103151,,판교IC(미정차),127.100617,37.398633,0
GGB234001622,M4137,19,GGB277103679,,금토JC(미정차),127.085317,37.415283,0
GGB234001622,M4137,20,GGB277103441,,서울진입(미정차),127.066583,37.43385,0
GGB234001622,M4137,21,GGB277104177,,청계산입구역(미정차),127.0542,37.448367,0
GGB234001622,M4137,22,GGB277103388,,양재IC(미정차),127.04045,37.463283,0
GGB234001622,M4137,23,GGB277103390,,서초IC(미정차),127.026333,37.483133,0
GGB234001622,M4137,24,GGB277103391,,반포IC(미정차),127.018867,37.50285,0
GGB234001622,M4137,25,GGB277103400,,한남IC(미정차),127.017583,37.522483,0
GGB234001622,M4137,26,GGB277104182,,한남대교북단(미정차),127.009467,37.5314,0
GGB234001622,M4137,27,GGB277104180,,한남1고가차도(미정차),127.0037,37.540717,0
GGB234001622,M4137,28,GGB277104186,,남산1호터널TG(미정차),126.99315,37.55585,0
GGB234001622,M4137,29,GGB101000002,,국가인권위.안중근활동터(중),126.98785,37.564317,0
GGB234001622,M4137,30,GGB277104376,,SKT타워(미정차),126.985267,37.566217,0
GGB234001622,M4137,31,GGB101000303,,서울시청,126.980767,37.56615,0
GGB234001622,M4137,32,GGB277104283,,시청교차로(미정차),126.976767,37.56455,0
GGB234001622,M4137,33,GGB101000128,,신한은행본점,126.975517,37.561117,0
GGB234001622,M4137,34,GGB101000006,,서울역버스환승센터(6번승강장)(중),126.972733,37.55515,0
GGB234001622,M4137,35,GGB277101742,,서울역교차로(미정차),126.972633,37.5571,0
GGB234001622,M4137,36,GGB277102115,,숭례문교차로(미정차),126.975433,37.560367,0
GGB234001622,M4137,37,GGB277102114,,남대문로3가(미정차),126.978983,37.56105,0
GGB234001622,M4137,38,GGB101000148,,명동입구,126.9826,37.564683,0
GGB234001622,M4137,39,GGB101000337,,명동성당,126.987383,37.565017,0
GGB234001622,M4137,40,GGB277104824,,퇴계로2가교차로(미정차),126.989017,37.560733,0
GGB234001622,M4137,41,GGB277104181,,남산1호터널TG(미정차),126.992717,37.5557,0
GGB234001622,M4137,42,GGB277104179,,한남1고가차도진입(미정차),127.002317,37.541417,0
GGB234001622,M4137,43,GGB277103399,,한남IC(미정차),127.017283,37.522033,0
GGB234001622,M4137,44,GGB277103392,,반포IC(미정차),127.018433,37.502817,0
GGB234001622,M4137,45,GGB277103389,,서초IC(미정차),127.025667,37.48365,0
GGB234001622,M4137,46,GGB277103387,,양재IC(미정차),127.039433,37.46365,0
GGB234001622,M4137,47,GGB277104178,,청계산입구역(미정차),127.053833,37.448183,0
GGB234001622,M4137,48,GGB277103440,,성남진입(미정차),127.066183,37.43355,0
GGB234001622,M4137,49,GGB277103678,,금토JC(미정차),127.08445,37.4155,0
GGB234001622,M4137,50,GGB277103150,,판교IC(미정차),127.10005,37.398833,0
GGB234001622,M4137,51,GGB277103385,,서울TG(미정차),127.1026,37.36535,0
GGB234001622,M4137,52,GGB277102104,,금곡(미정차),127.103117,37.350367,0
GGB234001622,M4137,53,GGB277103442,,죽전(미정차),127.10315,37.3266,0
GGB234001622,M4137,54,GGB277103360,,신갈JC(미정차),127.10345,37.290433,0
GGB234001622,M4137,55,GGB277103362,,수원신갈IC(미정차),127.103533,37.266817,0
GGB234001622,M4137,56,GGB277102621,,기흥휴게소(미정차),127.106183,37.235117,0
GGB234001622,M4137,57,GGB233000710,55855,동탄테크노벨리(중),127.098917,37.21195,1
GGB234001622,M4137,58,GGB233001492,37550,상록.경남아파트.이주택지,127.110533,37.206867,1
GGB234001622,M4137,59,GGB233001168,36458,센트럴푸르지오.호반베르디움2차,127.116817,37.198133,1
GGB234001622,M4137,60,GGB233000965,36468,청목초.신안1차,127.1194,37.194583,1
GGB234001622,M4137,61,GGB233001620,55490,힐스테이트.호반5차,127.122933,37.184867,1
GGB234001622,M4137,62,GGB233000209,55464,창의고,127.122017,37.18175,1
GGB234001622,M4137,63,GGB233001695,37724,레이크파크뷰,127.118533,37.170033,1
GGB234001622,M4137,64,GGB233001753,55504,센트럴시티.아이파크,127.109117,37.165883,1
GGB223000032,701A,1,GGB233002247,55998,동탄2차고지,127.103467,37.1554,1
GGB223000032,701A,2,GGB233003132,55528,호수자이파밀리에.아이원,127.1052,37.160733,1
GGB223000032,701A,3,GGB233003127,55523,금호어울림.계룡리슈빌,127.10695,37.1639,1
GGB223000032,701A,4,GGB233001754,55505,아이파크.센트럴시티,127.109317,37.165517,1
GGB223000032,701A,5,GGB233001748,55503,자연앤자이.센트리체,127.1142,37.165733,1
GGB223000032,701A,6,GGB233001710,55501,호수공원행복주택.호수부영6차,127.1174,37.16715,1
GGB223000032,701A,7,GGB233001696,37696,레이크파크뷰,127.119,37.169917,1
GGB223000032,701A,8,GGB233001608,37654,서희스타힐스.단독주택,127.12005,37.173417,1
GGB223000032,701A,9,GGB233000327,55799,쎈트럴써밋,127.121267,37.173817,1
GGB223000032,701A,10,GGB233000332,55803,디루체,127.12575,37.173883,1
GGB223000032,701A,11,GGB233000353,55815,호반써밋동탄,127.13365,37.173017,1
GGB223000032,701A,12,GGB233001305,55912,금강펜테리움.힐스테이트,127.13815,37.174133,1
GGB223000032,701A,13,GGB233000329,55801,제일풍경채.행복주택40단지,127.141617,37.17665,1
GGB223000032,701A,14,GGB233000356,55818,동탄9동행정복지센터,127.137733,37.180267,1
GGB223000032,701A,15,GGB233001317,55914,C10,127.133033,37.17975,1
GGB223000032,701A,16,GGB233003204,55965,현민초등학교,127.128717,37.181533,1
GGB223000032,701A,17,GGB233001880,55513,호반5차.르파비스,127.123617,37.1826,1
GGB223000032,701A,18,GGB233001614,55489,한신더휴,127.12385,37.18645,1
GGB223000032,701A,19,GGB233001568,36693,베라체아파트,127.12285,37.1905,1
GGB223000032,701A,20,GGB233002421,55340,예솔초.호반2차.대원2차,127.118767,37.196233,1
GGB223000032,701A,21,GGB233000150,36515,반도유보라.센트럴푸르지오,127.11515,37.198733,1
GGB223000032,701A,22,GGB233000134,36511,호반베르디움.롯데캐슬,127.1112,37.1972,1
GGB223000032,701A,23,GGB233000139,36445,한화.호반.대원,127.1049,37.1971,1
GGB223000032,701A,24,GGB233002437,55309,한화꿈에그린,127.100333,37.194817,1
GGB223000032,701A,25,GGB233000978,36466,한화.린스트라우스,127.099083,37.195383,1
GGB223000032,701A,26,GGB233003085,55399,동탄역(동측),127.096283,37.19985,1
GGB223000032,701A,27,GGB233000137,36436,롯데캐슬.포스코더샵,127.098467,37.1997,1
GGB223000032,701A,28,GGB233001637,37658,린스트라우스.한화,127.098517,37.19625,1
GGB223000032,701A,29,GGB233000998,36502,헤리엇.리베라CC,127.098467,37.190733,1
GGB223000032,701A,30,GGB233000994,36480,공공청사부지,127.099833,37.187033,1
GGB223000032,701A,31,GGB233002494,37003,동탄초교,127.092983,37.188133,1
GGB223000032,701A,32,GGB233001649,37965,신미주아파트,127.092983,37.192967,1
GGB223000032,701A,33,GGB233001638,55484,반도5차,127.09145,37.194467,1
GGB223000032,701A,34,GGB233002382,37660,동탄2신도시홍보관,127.084517,37.194467,1
GGB223000032,701A,35,GGB233001706,37697,월드반도,127.080417,37.1931,1
GGB223000032,701A,36,GGB233001960,37661,반석초등학교,127.077467,37.1934,1
GGB223000032,701A,37,GGB233001640,37662,동탄2동행정복지센터,127.0726,37.19715,1
GGB223000032,701A,38,GGB233001734,37852,복합문화센터,127.0711,37.201117,1
GGB223000032,701A,39,GGB233002376,55277,동탄홈플러스,127.069317,37.202017,1
GGB223000032,701A,40,GGB233001220,37693,다은마을(중),127.06735,37.200383,1
GGB223000032,701A,41,GGB233001283,37590,센트럴파크뷰아파트(중),127.06415,37.199433,1
GGB223000032,701A,42,GGB233001285,36686,모아미래도.우림필유.평생학습관(중),127.058267,37.199483,1
GGB223000032,701A,43,GGB233001287,36688,서동탄역.신일해피트리(중),127.053333,37.199367,1
GGB223000032,701A,44,GGB233000068,36381,우남퍼스트빌,127.048533,37.199367,1
GGB223000032,701A,45,GGB233001289,36362,성호아파트,127.0428,37.199683,1
GGB223000032,701A,46,GGB233003104,55431,송화초교.양우내안애,127.040017,37.201217,1
GGB223000032,701A,47,GGB233000101,36350,센트럴허브시티.송화초교,127.038217,37.203783,1
GGB223000032,701A,48,GGB233002537,55395,병점구청.하나로마트,127.035917,37.207917,1
GGB223000032,701A,49,GGB233002098,55086,신한에스빌아파트앞,127.039517,37.208967,1
GGB223000032,701A,50,GGB233000078,36360,주공1.2단지,127.040917,37.207967,1
GGB223000032,701A,51,GGB233000087,36369,에듀포레,127.0445,37.208167,1
GGB223000032,701A,52,GGB233000086,36376,신창2차아파트,127.047583,37.209683,1
GGB223000032,701A,53,GGB233002394,55281,안화고등학교,127.047517,37.211433,1
GGB223000032,701A,54,GGB233000071,36372,안화초교.주공8.9단지,127.046083,37.2133,1
GGB223000032,701A,55,GGB233000065,36371,주공11단지.우남퍼스트빌2차,127.045117,37.215517,1
GGB223000032,701A,56,GGB233000107,36383,주공7.8단지,127.04955,37.214383,1
GGB223000032,701A,57,GGB233003184,55723,신미주SK뷰,127.052317,37.21535,1
GGB223000032,701A,58,GGB233002035,55011,SK뷰2차아파트,127.05175,37.217,1
GGB223000032,701A,59,GGB233000076,36793,참누리아파트.기산중학교,127.051933,37.219667,1
GGB223000032,701A,60,GGB233002682,55720,SK뷰파크3차,127.051533,37.221267,1
GGB223000032,701A,61,GGB233000840,37466,행림마을.삼성래미안,127.0499,37.223767,1
GGB223000032,701A,62,GGB233002037,55009,기산삼거리,127.047433,37.226317,1
GGB223000032,701A,63,GGB233000146,36439,반월자이더파크,127.046467,37.228033,1
GGB223000032,701A,64,GGB233000686,36754,신동탄푸르지오,127.04605,37.228917,1
GGB223000032,701A,65,GGB233000364,36417,반정아이파크5단지후문,127.04505,37.2344,1
GGB223000032,701A,66,GGB233000365,36418,반정아이파크5단지정문,127.042317,37.238,1
GGB223000032,701A,67,GGB203000224,4230,힐스테이트영통,127.046733,37.24215,0
GGB223000032,701A,68,GGB203000153,4032,래미안영통마크원2단지.영통아이파크캐슬1단지,127.0461,37.245433,0
GGB223000032,701A,69,GGB203000091,4074,래미안영통마크원1단지.신동수변공원,127.041433,37.245083,0
GGB223000032,701A,70,GGB201000200,2270,곡반초등학교,127.0367,37.246017,0
GGB223000032,701A,71,GGB201000199,2256,선일초등학교,127.029217,37.24765,0
GGB223000032,701A,72,GGB201000198,2232,이마트,127.023,37.249067,0
GGB223000032,701A,73,GGB201000197,2215,수원버스터미널,127.019767,37.249833,0
GGB223000032,701A,74,GGB201000196,2201,남수원초등학교,127.0168,37.25115,0
GGB223000032,701A,75,GGB201000190,2179,세류사거리,127.0113,37.25215,0
GGB223000032,701A,76,GGB201000044,2185,신곡동,127.01245,37.249183,0
GGB223000032,701A,77,GGB201000203,2191,미영아파트,127.0134,37.247067,0
GGB223000032,701A,78,GGB201000202,2192,비행장입구.세류역,127.014383,37.244433,0
GGB223000032,701A,79,GGB201000201,2196,세류2동.세류역환승주차장,127.01525,37.242,0
GGB223000032,701A,80,GGB201000011,2207,공군관사,127.017783,37.242883,0
GGB223000032,701A,81,GGB201000583,2976,곡정고.수원아이파크시티7단지아파트,127.0211,37.244083,0
GGB223000032,701A,82,GGB201000478,2970,수원아이파크5단지.곡정초등학교,127.02625,37.239867,0
GGB223000032,701A,83,GGB201000233,2240,한솔아파트.한림도서관,127.025117,37.23625,0
GGB223000032,701A,84,GGB201000014,2158,권선2동성당,127.022583,37.234717,0
GGB223000032,701A,85,GGB201000238,2229,곡반정동차고지,127.0226,37.234233,0
GGB223000032,701A,86,GGB201000237,2241,한솔아파트.한림도서관,127.026183,37.236517,0
GGB223000032,701A,87,GGB201000477,2969,수원아이파크5단지.곡정초등학교,127.026317,37.240133,0
GGB223000032,701A,88,GGB201000584,2977,곡정고.수원아이파크시티7단지아파트,127.021383,37.244083,0
GGB223000032,701A,89,GGB201000041,2206,공군관사,127.017367,37.242883,0
GGB223000032,701A,90,GGB201000424,2841,세류역환승주차장,127.0156,37.241867,0
GGB223000032,701A,91,GGB201000052,2193,세류역,127.014667,37.2444,0
GGB223000032,701A,92,GGB201000356,2884,미영아파트,127.013567,37.247333,0
GGB223000032,701A,93,GGB201000051,2184,신곡동,127.012633,37.249533,0
GGB223000032,701A,94,GGB201000399,2894,세류2동,127.011767,37.2517,0
GGB223000032,701A,95,GGB201000194,2183,세류2동주민센터,127.012683,37.252867,0
GGB223000032,701A,96,GGB201000193,2200,남수원초등학교,127.016567,37.250733,0
GGB223000032,701A,97,GGB201000192,2224,수원버스터미널,127.021633,37.2489,0
GGB223000032,701A,98,GGB201000430,2959,수원아이파크시티.선일초교,127.02885,37.24725,0
GGB223000032,701A,99,GGB201000268,2291,곡반중학교,127.0341,37.246117,0
GGB223000032,701A,100,GGB201000191,2269,수원순복음교회.하늘채더퍼스트,127.03585,37.245633,0
GGB223000032,701A,101,GGB203000093,4078,영통아이파크캐슬2단지.롯데엘클래스,127.041667,37.244633,0
GGB223000032,701A,102,GGB203000152,4206,영통아이파크캐슬1단지.래미안영통마크원2단지,127.046183,37.245,0
GGB223000032,701A,103,GGB203000221,4215,영통아이파크캐슬1단지,127.046283,37.2419,0
GGB223000032,701A,104,GGB233000367,36428,반정아이파크4단지정문,127.04205,37.237233,1
GGB223000032,701A,105,GGB233000366,36425,반정아이파크5단지후문,127.0442,37.234283,1
GGB223000032,701A,106,GGB233000685,36755,신동탄푸르지오,127.0461,37.228133,1
GGB223000032,701A,107,GGB233002036,55010,기산삼거리,127.047233,37.226233,1
GGB223000032,701A,108,GGB233000075,36794,행림마을.삼성래미안,127.0501,37.2229,1
GGB223000032,701A,109,GGB233002680,55718,SK뷰파크3차,127.050867,37.221633,1
GGB223000032,701A,110,GGB233000074,37548,참누리아파트.기산중학교,127.051633,37.219567,1
GGB223000032,701A,111,GGB233002034,55015,SK뷰2차아파트,127.051683,37.2164,1
GGB223000032,701A,112,GGB233000109,36710,신미주아파트앞,127.051783,37.214633,1
GGB223000032,701A,113,GGB233000108,36380,주공8단지,127.048783,37.21515,1
GGB223000032,701A,114,GGB233000067,36370,주공10.11단지,127.045267,37.215883,1
GGB223000032,701A,115,GGB233002563,36164,중심상가,127.0446,37.214867,1
GGB223000032,701A,116,GGB233000072,36373,안화초교.주공8.9단지,127.0459,37.2132,1
GGB223000032,701A,117,GGB233002393,55280,안화고등학교,127.0472,37.2115,1
GGB223000032,701A,118,GGB233001685,37746,주공5단지,127.04775,37.209983,1
GGB223000032,701A,119,GGB233001686,37710,에듀포레,127.044567,37.208417,1
GGB223000032,701A,120,GGB233000080,36366,우남퍼스트빌,127.042933,37.207617,1
GGB223000032,701A,121,GGB233000079,36356,주공1.2단지,127.041067,37.2081,1
GGB223000032,701A,122,GGB233000062,37352,신한에스빌아파트,127.038783,37.208817,1
GGB223000032,701A,123,GGB233000676,36756,병점구청.하나로마트,127.036133,37.208083,1
GGB223000032,701A,124,GGB233000702,36345,병점역사거리,127.035633,37.206983,1
GGB223000032,701A,125,GGB233000100,36351,홈플러스.벌말초교,127.03815,37.203283,1
GGB223000032,701A,126,GGB233001290,36364,성호아파트,127.041067,37.199883,1
GGB223000032,701A,127,GGB233001229,37516,우남퍼스트빌,127.04785,37.198917,1
GGB223000032,701A,128,GGB233001288,36689,서동탄역.신일해피트리(중),127.0525,37.1995,1
GGB223000032,701A,129,GGB233001286,36687,모아미래도.우림필유.평생학습관(중),127.057583,37.199267,1
GGB223000032,701A,130,GGB233001644,37589,센트럴파크뷰아파트(중),127.06335,37.1995,1
GGB223000032,701A,131,GGB233001224,36664,다은마을(중),127.067583,37.199983,1
GGB223000032,701A,132,GGB233002377,37664,동탄홈플러스.다은마을삼성래미안,127.0689,37.2018,1
GGB223000032,701A,133,GGB233001968,37666,롯데캐슬.복합문화센터,127.070767,37.201233,1
GGB223000032,701A,134,GGB233001639,37671,동탄2동행정복지센터,127.072883,37.196417,1
GGB223000032,701A,135,GGB233001961,37669,반송고등학교,127.077383,37.193217,1
GGB223000032,701A,136,GGB233001962,55130,사랑의교회,127.08085,37.193583,1
GGB223000032,701A,137,GGB233002383,37659,동탄2신도시홍보관,127.0845,37.1942,1
GGB223000032,701A,138,GGB233001641,55485,반도5차,127.0908,37.194167,1
GGB223000032,701A,139,GGB233001648,36993,신미주아파트,127.09255,37.192867,1
GGB223000032,701A,140,GGB233000995,36477,의료시설부지,127.100233,37.1876,1
GGB223000032,701A,141,GGB233000999,36501,리베라CC.헤리엇,127.099083,37.190717,1
GGB223000032,701A,142,GGB233000305,36384,그란비아스타,127.0991,37.193367,1
GGB223000032,701A,143,GGB233000978,36466,한화.린스트라우스,127.099083,37.195383,1
GGB223000032,701A,144,GGB233003084,55398,동탄역(서측),127.096083,37.199583,1
GGB223000032,701A,145,GGB233001637,37658,린스트라우스.한화,127.098517,37.19625,1
GGB223000032,701A,146,GGB233002438,55310,한화꿈에그린,127.100483,37.194433,1
GGB223000032,701A,147,GGB233002419,55296,한화.호반.대원,127.104867,37.196733,1
GGB223000032,701A,148,GGB233002420,55297,롯데캐슬.호반베르디움,127.111067,37.19685,1
GGB223000032,701A,149,GGB233001167,37484,센트럴푸르지오.반도유보라,127.11465,37.198117,1
GGB223000032,701A,150,GGB233001168,36458,센트럴푸르지오.호반베르디움2차,127.116817,37.198133,1
GGB223000032,701A,151,GGB233000965,36468,청목초.신안1차,127.1194,37.194583,1
GGB223000032,701A,152,GGB233001623,37682,동원로얄듀크2차.목동초,127.123267,37.188667,1
GGB223000032,701A,153,GGB233001620,55490,힐스테이트.호반5차,127.122933,37.184867,1
GGB223000032,701A,154,GGB233001879,55512,호반5차.르파비스,127.123733,37.182267,1
GGB223000032,701A,155,GGB233003205,55966,현민초등학교,127.128517,37.1813,1
GGB223000032,701A,156,GGB233001333,55915,C10,127.132833,37.17945,1
GGB223000032,701A,157,GGB233000355,55817,동탄9동행정복지센터,127.138,37.179983,1
GGB223000032,701A,158,GGB233000331,55802,제일풍경채.행복주택40단지,127.1414,37.17715,1
GGB223000032,701A,159,GGB233001316,55913,힐스테이트.금강펜테리움,127.13795,37.174417,1
GGB223000032,701A,160,GGB233000354,55816,호반써밋동탄,127.133233,37.173233,1
GGB223000032,701A,161,GGB233000333,55804,디루체,127.126083,37.1742,1
GGB223000032,701A,162,GGB233000328,55800,쎈트럴써밋,127.12135,37.1741,1
GGB223000032,701A,163,GGB233001572,55488,서희스타힐스.단독주택,127.119533,37.173317,1
GGB223000032,701A,164,GGB233001695,37724,레이크파크뷰,127.118533,37.170033,1
GGB223000032,701A,165,GGB233001699,55500,호수부영6차.호수공원행복주택,127.117033,37.1674,1
GGB223000032,701A,166,GGB233001741,55502,센트리체.자연앤자이,127.1139,37.166033,1
GGB223000032,701A,167,GGB233001753,55504,센트럴시티.아이파크,127.109117,37.165883,1
GGB223000032,701A,168,GGB233003137,55533,계룡리슈빌.금호어울림,127.10645,37.16465,1
GGB223000032,701A,169,GGB233003126,55522,아이원.호수자이파밀리에,127.104783,37.161017,1
GGB223000032,701A,170,GGB233002248,55999,동탄2차고지,127.10335,37.155283,1
GGB223000056,708,1,GGB233002247,55998,동탄2차고지,127.103467,37.1554,1
GGB223000056,708,2,GGB233003132,55528,호수자이파밀리에.아이원,127.1052,37.160733,1
GGB223000056,708,3,GGB233003127,55523,금호어울림.계룡리슈빌,127.10695,37.1639,1
GGB223000056,708,4,GGB233003128,55524,동탄호수공원.센트럴시티,127.107017,37.166817,1
GGB223000056,708,5,GGB233003093,55420,호수부영3차.우미린2차,127.107083,37.171667,1
GGB223000056,708,6,GGB233000162,36493,나래학교.더샵레이크,127.105783,37.175917,1
GGB223000056,708,7,GGB233000161,36487,반도3차.금강1차,127.102683,37.182417,1
GGB223000056,708,8,GGB233000995,36477,의료시설부지,127.100233,37.1876,1
GGB223000056,708,9,GGB233000999,36501,리베라CC.헤리엇,127.099083,37.190717,1
GGB223000056,708,10,GGB233000305,36384,그란비아스타,127.0991,37.193367,1
GGB223000056,708,11,GGB233002438,55310,한화꿈에그린,127.100483,37.194433,1
GGB223000056,708,12,GGB233002419,55296,한화.호반.대원,127.104867,37.196733,1
GGB223000056,708,13,GGB233002420,55297,롯데캐슬.호반베르디움,127.111067,37.19685,1
GGB223000056,708,14,GGB233001167,37484,센트럴푸르지오.반도유보라,127.11465,37.198117,1
GGB223000056,708,15,GGB233000129,36460,신안2차.반도4차,127.11605,37.199983,1
GGB223000056,708,16,GGB233000980,36459,모아.반도1차아파트,127.11455,37.20205,1
GGB223000056,708,17,GGB233000960,36452,경남.반도1차,127.110817,37.203517,1
GGB223000056,708,18,GGB233002435,55293,영천유치원.시범예미지,127.108783,37.203517,1
GGB223000056,708,19,GGB233000961,36453,영천초.계룡,127.104933,37.204283,1
GGB223000056,708,20,GGB233000127,36446,자이.우남퍼스트빌,127.099867,37.204833,1
GGB223000056,708,21,GGB233000121,36463,상록.테크노밸리.GS자이,127.099067,37.208283,1
GGB223000056,708,22,GGB233002443,55315,한미약품.푸르지오,127.091617,37.2095,1
GGB223000056,708,23,GGB233002493,55937,경기남부직업능력개발원,127.08725,37.20955,1
GGB223000056,708,24,GGB233002439,55311,예당고사거리,127.080667,37.2099,1
GGB223000056,708,25,GGB233001683,37712,전하리교회.우미제일,127.079283,37.21315,1
GGB223000056,708,26,GGB233001619,37692,동탄이마트.한림대병원,127.077833,37.214483,1
GGB223000056,708,27,GGB233001282,37587,예당마을.롯데캐슬(중),127.073,37.21175,1
GGB223000056,708,28,GGB233001216,36841,한빛마을.석우중학교(중),127.069267,37.208217,1
GGB223000056,708,29,GGB233001218,36666,메타폴리스(중),127.067483,37.204267,1
GGB223000056,708,30,GGB233001220,37693,다은마을(중),127.06735,37.200383,1
GGB223000056,708,31,GGB233001283,37590,센트럴파크뷰아파트(중),127.06415,37.199433,1
GGB223000056,708,32,GGB233001285,36686,모아미래도.우림필유.평생학습관(중),127.058267,37.199483,1
GGB223000056,708,33,GGB233001287,36688,서동탄역.신일해피트리(중),127.053333,37.199367,1
GGB223000056,708,34,GGB233000068,36381,우남퍼스트빌,127.048533,37.199367,1
GGB223000056,708,35,GGB233001289,36362,성호아파트,127.0428,37.199683,1
GGB223000056,708,36,GGB233003104,55431,송화초교.양우내안애,127.040017,37.201217,1
GGB223000056,708,37,GGB233000101,36350,센트럴허브시티.송화초교,127.038217,37.203783,1
GGB223000056,708,38,GGB277101836,,병점정형외과(미정차),127.036617,37.20605,1
GGB223000056,708,39,GGB233000702,36345,병점역사거리,127.035633,37.206983,1
GGB223000056,708,40,GGB233000100,36351,홈플러스.벌말초교,127.03815,37.203283,1
GGB223000056,708,41,GGB233001290,36364,성호아파트,127.041067,37.199883,1
GGB223000056,708,42,GGB233001229,37516,우남퍼스트빌,127.04785,37.198917,1
GGB223000056,708,43,GGB233001288,36689,서동탄역.신일해피트리(중),127.0525,37.1995,1
GGB223000056,708,44,GGB233001286,36687,모아미래도.우림필유.평생학습관(중),127.057583,37.199267,1
GGB223000056,708,45,GGB233001644,37589,센트럴파크뷰아파트(중),127.06335,37.1995,1
GGB223000056,708,46,GGB233001224,36664,다은마을(중),127.067583,37.199983,1
GGB223000056,708,47,GGB233001219,36667,메타폴리스(중),127.067517,37.203733,1
GGB223000056,708,48,GGB233001562,36668,한빛마을(중),127.06905,37.207667,1
GGB223000056,708,49,GGB233001281,36672,예당마을.롯데캐슬(중),127.072067,37.21095,1
GGB223000056,708,50,GGB233001618,37684,동탄이마트.한림대병원,127.077933,37.214033,1
GGB223000056,708,51,GGB233003186,37760,우미제일.전하리교회,127.079383,37.212133,1
GGB223000056,708,52,GGB233002440,55312,예당고사거리,127.081817,37.209183,1
GGB223000056,708,53,GGB233003207,55967,경기남부직업능력개발원,127.086967,37.2092,1
GGB223000056,708,54,GGB233002442,55314,푸르지오.한미약품,127.091833,37.209183,1
GGB223000056,708,55,GGB233002436,36842,상록.테크노밸리.GS자이,127.098517,37.206517,1
GGB223000056,708,56,GGB233002433,37663,우남퍼스트빌.자이,127.100083,37.204567,0
GGB223000056,708,57,GGB233000131,36812,계룡.영천초,127.104883,37.203933,1
GGB223000056,708,58,GGB233002434,55292,시범예미지.영천유치원,127.108767,37.203233,1
GGB223000056,708,59,GGB233000164,36811,반도1차.경남,127.110767,37.203167,1
GGB223000056,708,60,GGB233001491,37551,반도1차.모아아파트,127.1141,37.201883,1
GGB223000056,708,61,GGB233000430,55663,반도4차.동탄4동복지센터,127.1154,37.2001,1
GGB223000056,708,62,GGB233000150,36515,반도유보라.센트럴푸르지오,127.11515,37.198733,1
GGB223000056,708,63,GGB233000134,36511,호반베르디움.롯데캐슬,127.1112,37.1972,1
GGB223000056,708,64,GGB233000139,36445,한화.호반.대원,127.1049,37.1971,1
GGB223000056,708,65,GGB233002437,55309,한화꿈에그린,127.100333,37.194817,1
GGB223000056,708,66,GGB233000998,36502,헤리엇.리베라CC,127.098467,37.190733,1
GGB223000056,708,67,GGB233000994,36480,공공청사부지,127.099833,37.187033,1
GGB223000056,708,68,GGB233000996,36488,반도3차.금강1차,127.103133,37.1802,1
GGB223000056,708,69,GGB233000997,36494,레이크빌.하우스디더레이크,127.105083,37.176083,1
GGB223000056,708,70,GGB233003092,55419,우미린2차.호수부영3차,127.106417,37.17135,1
GGB223000056,708,71,GGB233003136,55532,동탄호수공원,127.106433,37.167167,1
GGB223000056,708,72,GGB233003137,55533,계룡리슈빌.금호어울림,127.10645,37.16465,1
GGB223000056,708,73,GGB233003126,55522,아이원.호수자이파밀리에,127.104783,37.161017,1
GGB223000056,708,74,GGB233002248,55999,동탄2차고지,127.10335,37.155283,1
GGB223000058,73,1,GGB233002247,55998,동탄2차고지,127.103467,37.1554,1
GGB223000058,73,2,GGB233003163,55560,호수자이파밀리에,127.105917,37.159067,1
GGB223000058,73,3,GGB233003164,55561,롯데캐슬.제일풍경채,127.109083,37.157417,1
GGB223000058,73,4,GGB233000973,55685,호반6차.제일풍경채,127.111567,37.15635,1
GGB223000058,73,5,GGB233003165,55562,호반6차,127.112683,37.157067,1
GGB223000058,73,6,GGB233002531,55938,서연초,127.1155,37.1588,1
GGB223000058,73,7,GGB233003168,55565,동탄2아이파크2단지,127.120267,37.16,1
GGB223000058,73,8,GGB233003167,55564,동탄2아이파크1단지,127.119917,37.161367,1
GGB223000058,73,9,GGB233003166,55563,레이크반도9차,127.116233,37.162017,1
GGB223000058,73,10,GGB233002953,37005,서연중고등학교,127.111683,37.161533,1
GGB223000058,73,11,GGB233000428,55662,금호어울림레이크.우남더테라스,127.108833,37.1619,1
GGB223000058,73,12,GGB233003127,55523,금호어울림.계룡리슈빌,127.10695,37.1639,1
GGB223000058,73,13,GGB233003128,55524,동탄호수공원.센트럴시티,127.107017,37.166817,1
GGB223000058,73,14,GGB233003093,55420,호수부영3차.우미린2차,127.107083,37.171667,1
GGB223000058,73,15,GGB233001954,55567,호수부영3차,127.108167,37.172333,1
GGB223000058,73,16,GGB233001953,55566,정현초.청림중,127.112983,37.172317,1
GGB223000058,73,17,GGB233002038,55587,레이크파크뷰.서희스타힐스,127.117283,37.171633,1
GGB223000058,73,18,GGB233001608,37654,서희스타힐스.단독주택,127.12005,37.173417,1
GGB223000058,73,19,GGB233000374,55465,창의고,127.122533,37.18185,1
GGB223000058,73,20,GGB233003162,55559,르파비스,127.1254,37.18345,1
GGB223000058,73,21,GGB233003160,55557,경남아너스빌,127.12655,37.186467,1
GGB223000058,73,22,GGB233003158,55555,금강4차.목동중,127.127317,37.189367,1
GGB223000058,73,23,GGB233003155,55552,e편한세상동탄,127.1266,37.1902,1
GGB223000058,73,24,GGB233003044,55550,베라체.목동초,127.124317,37.190183,1
GGB223000058,73,25,GGB233001568,36693,베라체아파트,127.12285,37.1905,1
GGB223000058,73,26,GGB233002421,55340,예솔초.호반2차.대원2차,127.118767,37.196233,1
GGB223000058,73,27,GGB233000129,36460,신안2차.반도4차,127.11605,37.199983,1
GGB223000058,73,28,GGB233000980,36459,모아.반도1차아파트,127.11455,37.20205,1
GGB223000058,73,29,GGB233002516,55070,지산마을,127.112233,37.205217,1
GGB223000058,73,30,GGB233002429,55305,이주택지.상록.경남아파트,127.110867,37.2071,1
GGB223000058,73,31,GGB233002430,55306,퍼스트파크.이지더원,127.1085,37.209,1
GGB223000058,73,32,GGB233002431,55307,동탄2파출소.농협,127.104383,37.2095,1
GGB223000058,73,33,GGB233002432,55308,대방디엠시티.센트럴상록,127.099667,37.209517,1
GGB223000058,73,34,GGB233002443,55315,한미약품.푸르지오,127.091617,37.2095,1
GGB223000058,73,35,GGB233002493,55937,경기남부직업능력개발원,127.08725,37.20955,1
GGB223000058,73,36,GGB233002439,55311,예당고사거리,127.080667,37.2099,1
GGB223000058,73,37,GGB233001652,37758,예당예원초,127.077583,37.2107,1
GGB223000058,73,38,GGB233001653,37798,롯데케슬정문,127.074917,37.209267,1
GGB223000058,73,39,GGB233001650,37749,동탄1동행정복지센터.헌혈의집,127.07235,37.20685,1
GGB223000058,73,40,GGB233001651,37747,현대아이파크,127.070617,37.205733,1
GGB223000058,73,41,GGB233001677,37737,한화꿈에그린아파트,127.06655,37.206817,1
GGB223000058,73,42,GGB233001675,37703,센트럴파크,127.063933,37.208067,1
GGB223000058,73,43,GGB233001939,37943,자연앤아너스빌,127.0608,37.208567,1
GGB223000058,73,44,GGB233001983,37951,숲속자연앤,127.060033,37.20715,1
GGB223000058,73,45,GGB233001669,37732,모아미래도1단지,127.0587,37.207083,1
GGB223000058,73,46,GGB233001787,37734,한마음초교.광명메이루즈,127.05705,37.207583,1
GGB223000058,73,47,GGB233001667,37740,자연앤아너스빌.한마음초교,127.054733,37.20825,1
GGB223000058,73,48,GGB233002185,55144,모아미래도2단지,127.0518,37.208717,1
GGB223000058,73,49,GGB233001665,37705,리체더포레스트,127.0501,37.20895,1
GGB223000058,73,50,GGB233001685,37746,주공5단지,127.04775,37.209983,1
GGB223000058,73,51,GGB233001686,37710,에듀포레,127.044567,37.208417,1
GGB223000058,73,52,GGB233000080,36366,우남퍼스트빌,127.042933,37.207617,1
GGB223000058,73,53,GGB233002253,36616,우남퍼스트빌.V타운2,127.04215,37.206367,1
GGB223000058,73,54,GGB233001662,37704,병점고등학교,127.043083,37.205117,1
GGB223000058,73,55,GGB233001622,37739,센트럴허브시티,127.04195,37.203517,1
GGB223000058,73,56,GGB233000101,36350,센트럴허브시티.송화초교,127.038217,37.203783,1
GGB223000058,73,57,GGB277101836,,병점정형외과(미정차),127.036617,37.20605,1
GGB223000058,73,58,GGB233000702,36345,병점역사거리,127.035633,37.206983,1
GGB223000058,73,59,GGB233000077,36062,홈플러스병점점(좌회전전용),127.037517,37.204233,1
GGB223000058,73,60,GGB233002344,37738,한신아파트,127.042017,37.203317,1
GGB223000058,73,61,GGB233001663,37728,병점고등학교,127.043367,37.20515,1
GGB223000058,73,62,GGB233002302,36621,우남퍼스트빌v2타운2,127.042317,37.206483,1
GGB223000058,73,63,GGB233000087,36369,에듀포레,127.0445,37.208167,1
GGB223000058,73,64,GGB233000086,36376,신창2차아파트,127.047583,37.209683,1
GGB223000058,73,65,GGB233000082,37591,정든공원,127.048583,37.2097,1
GGB223000058,73,66,GGB233001664,37727,리체더포레스트,127.049467,37.208933,1
GGB223000058,73,67,GGB233001666,37726,모아미래도2단지,127.051283,37.208667,1
GGB223000058,73,68,GGB233001781,37863,자연앤데시앙,127.05475,37.208067,1
GGB223000058,73,69,GGB233002117,55100,한마음초교.광명메이루즈,127.0568,37.2075,1
GGB223000058,73,70,GGB233001668,37789,모아미래도1단지,127.058617,37.206917,1
GGB223000058,73,71,GGB233001984,37952,숲속자연앤,127.060383,37.2072,1
GGB223000058,73,72,GGB233002273,55147,능동은행사거리.동탄시티병원,127.061817,37.2089,1
GGB223000058,73,73,GGB233001674,37742,센트럴파크,127.063817,37.2078,1
GGB223000058,73,74,GGB233001676,37741,금호어울림,127.066483,37.20655,1
GGB223000058,73,75,GGB233001678,37733,메타폴리스,127.070733,37.205367,1
GGB223000058,73,76,GGB233001679,37694,동탄1동행정복지센터.헌혈의집,127.072567,37.20665,1
GGB223000058,73,77,GGB233001681,37695,신일유토빌정문,127.07505,37.20915,1
GGB223000058,73,78,GGB233001682,37711,예당예원초,127.077667,37.210567,1
GGB223000058,73,79,GGB233002440,55312,예당고사거리,127.081817,37.209183,1
GGB223000058,73,80,GGB233003207,55967,경기남부직업능력개발원,127.086967,37.2092,1
GGB223000058,73,81,GGB233002442,55314,푸르지오.한미약품,127.091833,37.209183,1
GGB223000058,73,82,GGB233000122,36792,센트럴상록.대방디엠시티,127.100033,37.209167,1
GGB223000058,73,83,GGB233001166,36470,동탄2파출소.농협,127.1049,37.209183,1
GGB223000058,73,84,GGB233001493,37549,퍼스트파크.이지더원,127.1083,37.208683,1
GGB223000058,73,85,GGB233001492,37550,상록.경남아파트.이주택지,127.110533,37.206867,1
GGB223000058,73,86,GGB233001491,37551,반도1차.모아아파트,127.1141,37.201883,1
GGB223000058,73,87,GGB233000430,55663,반도4차.동탄4동복지센터,127.1154,37.2001,1
GGB223000058,73,88,GGB233001168,36458,센트럴푸르지오.호반베르디움2차,127.116817,37.198133,1
GGB223000058,73,89,GGB233000965,36468,청목초.신안1차,127.1194,37.194583,1
GGB223000058,73,90,GGB233003154,55551,목동초.베라체,127.12495,37.190183,1
GGB223000058,73,91,GGB233003156,55553,e편한세상동탄,127.125817,37.190283,1
GGB223000058,73,92,GGB233003157,55554,목동중.금강4차,127.127117,37.188883,1
GGB223000058,73,93,GGB233003159,55556,한신더휴,127.126317,37.18655,1
GGB223000058,73,94,GGB233003161,55558,호반베르디움5차,127.12525,37.183867,1
GGB223000058,73,95,GGB233000209,55464,창의고,127.122017,37.18175,1
GGB223000058,73,96,GGB233001572,55488,서희스타힐스.단독주택,127.119533,37.173317,1
GGB223000058,73,97,GGB233002027,55586,서희스타힐스.레이크파크뷰,127.117383,37.17195,1
GGB223000058,73,98,GGB233000571,55569,정현초.청림중,127.113,37.1726,1
GGB223000058,73,99,GGB233003092,55419,우미린2차.호수부영3차,127.106417,37.17135,1
GGB223000058,73,100,GGB233003136,55532,동탄호수공원,127.106433,37.167167,1
GGB223000058,73,101,GGB233003137,55533,계룡리슈빌.금호어울림,127.10645,37.16465,1
GGB223000058,73,102,GGB233002445,55661,금호어울림레이크.우남더테라스,127.107667,37.162183,1
GGB223000058,73,103,GGB233002952,37004,서연중고등학교,127.111717,37.161367,1
GGB223000058,73,104,GGB233003133,55529,레이크반도9차,127.116117,37.1619,1
GGB223000058,73,105,GGB233003134,55530,동탄2아이파크1단지,127.119467,37.161317,1
GGB223000058,73,106,GGB233003135,55531,동탄2아이파크2단지,127.120033,37.160033,1
GGB223000058,73,107,GGB233002584,55939,서연초,127.1161,37.159467,1
GGB223000058,73,108,GGB233003129,55525,호반6차,127.112517,37.157233,1
GGB223000058,73,109,GGB233000818,55684,호반6차.제일풍경채,127.111167,37.156533,1
GGB223000058,73,110,GGB233003130,55526,롯데캐슬.제일풍경채,127.1089,37.157917,1
GGB223000058,73,111,GGB233003131,55527,호수자이파밀리에,127.106033,37.159217,1
GGB223000058,73,112,GGB233002248,55999,동탄2차고지,127.10335,37.155283,1
GGB233000004,1004,1,GGB233001903,37929,장외리.오리골,126.66635,37.176683,1
GGB233000004,1004,2,GGB233001928,55350,돈말입구,126.6638,37.17505,1
GGB233000004,1004,3,GGB233001850,55347,제부도입구,126.659683,37.17285,1
GGB233000004,1004,4,GGB233001293,37002,제부도입구,126.65835,37.17215,1
GGB233000004,1004,5,GGB233000749,37006,개경촌,126.664283,37.164717,1
GGB233000004,1004,6,GGB233001294,37008,살고지입구,126.667183,37.162717,1
GGB233000004,1004,7,GGB233000748,37013,송교1리,126.669,37.1635,1
GGB233000004,1004,8,GGB233000312,37866,화남산단삼거리,126.671767,37.164,1
GGB233000004,1004,9,GGB233000747,37014,큰말입구,126.675,37.165867,1
GGB233000004,1004,10,GGB233000746,37017,장외리.지긋말,126.6785,37.168467,1
GGB233000004,1004,11,GGB233001873,37930,장외리,126.679133,37.170017,1
GGB233000004,1004,12,GGB233000745,37021,장외리,126.680833,37.174183,1
GGB233000004,1004,13,GGB233001875,37784,숲풀안앞,126.68565,37.1742,1
GGB233000004,1004,14,GGB233000850,37563,광평삼거리,126.6889,37.17475,1
GGB233000004,1004,15,GGB233001887,37928,느티나무앞,126.69135,37.1743,1
GGB233000004,1004,16,GGB233000851,37579,광평주유소,126.6951,37.1728,1
GGB233000004,1004,17,GGB233001561,37032,광평리,126.69745,37.172983,1
GGB233000004,1004,18,GGB233003118,55514,서신중학교후문,126.70175,37.1699,1
GGB233000004,1004,19,GGB233000852,37040,매화리,126.703633,37.1686,1
GGB233000004,1004,20,GGB233000853,37045,서신터미널,126.705233,37.1694,1
GGB233000004,1004,21,GGB233000344,37398,상안리삼거리,126.706683,37.173983,1
GGB233000004,1004,22,GGB233000744,37057,상안2리.SK주유소,126.708033,37.179017,1
GGB233000004,1004,23,GGB233000743,37049,상안1.2리,126.706667,37.18275,1
GGB233000004,1004,24,GGB233000742,37059,상안1리,126.709817,37.1851,1
GGB233000004,1004,25,GGB233000741,37062,신흥사,126.713583,37.189817,1
GGB233000004,1004,26,GGB233000879,36767,한국발효.당성(상안리),126.716717,37.192983,1
GGB233000004,1004,27,GGB233000854,37068,육일2리.코스코밸리,126.72285,37.1995,1
GGB233000004,1004,28,GGB233001482,37557,육일리교차로,126.7244,37.203333,1
GGB233000004,1004,29,GGB233002330,55172,육일리마을회관,126.725867,37.208217,1
GGB233000004,1004,30,GGB233000269,37369,육일리.육교동입구,126.728117,37.209583,1
GGB233000004,1004,31,GGB233001144,37490,사강2리,126.7305,37.212067,1
GGB233000004,1004,32,GGB233000855,37080,사강복지회관,126.732733,37.2127,1
GGB233000004,1004,33,GGB233000268,37084,사강시장,126.736667,37.213,1
GGB233000004,1004,34,GGB233000267,37088,사강정형외과,126.739,37.213333,1
GGB233000004,1004,35,GGB233000289,37094,봉가1리,126.744917,37.212283,1
GGB233000004,1004,36,GGB233000740,37098,돼지고개.삼존리물미,126.753767,37.2114,1
GGB233000004,1004,37,GGB233000739,37099,삼존리,126.75905,37.211183,1
GGB233000004,1004,38,GGB233002153,55096,슬항3리,126.762883,37.209333,1
GGB233000004,1004,39,GGB233000738,37102,구리섬휴게소,126.7647,37.208483,1
GGB233000004,1004,40,GGB233000737,37103,외국인보호소,126.76655,37.207967,1
GGB233000004,1004,41,GGB233000736,37106,마도사거리,126.77425,37.2069,1
GGB233000004,1004,42,GGB233000735,37107,재래시장.마도삼거리,126.780067,37.2063,1
GGB233000004,1004,43,GGB233000734,37110,두곡리,126.784167,37.2048,1
GGB233000004,1004,44,GGB233000733,37115,쌍송리입구.은장고개,126.789067,37.2022,1
GGB233000004,1004,45,GGB233000732,36008,남양6리.남양1리,126.801533,37.2039,1
GGB233000004,1004,46,GGB233000731,36009,우림아파트,126.80585,37.205483,1
GGB233000004,1004,47,GGB233002170,55115,경기수협.보건소,126.811883,37.206917,1
GGB233000004,1004,48,GGB233000841,36015,남양성지,126.817117,37.20775,1
GGB233000004,1004,49,GGB233000730,36019,남양사거리,126.81905,37.209133,1
GGB233000004,1004,50,GGB233000729,36025,(구)남양읍행정복지센터,126.8228,37.211517,1
GGB233000004,1004,51,GGB233000728,36029,루나포레아파트,126.830883,37.2152,1
GGB233000004,1004,52,GGB233001404,36719,유일병원,126.8323,37.217217,1
GGB233000004,1004,53,GGB233000727,36035,북양1리.봉림사,126.8321,37.21925,1
GGB233000004,1004,54,GGB233000726,36043,북양1리.염티고개,126.840217,37.222117,1
GGB233000004,1004,55,GGB233000725,37153,양노3리,126.85795,37.226633,1
GGB233000004,1004,56,GGB233002118,55087,양노리,126.859967,37.228667,1
GGB233000004,1004,57,GGB233000720,37200,구포리과수원,126.880517,37.2394,1
GGB233000004,1004,58,GGB233000719,37620,쌍학리.구포3리,126.892367,37.248133,1
GGB233000004,1004,59,GGB233000718,37237,숙곡리천불사,126.898217,37.24805,1
GGB233000004,1004,60,GGB233000712,37316,천천리입구,126.947467,37.243517,1
GGB233000004,1004,61,GGB233000711,37324,삼미.쌍용아파트,126.9533,37.2432,1
GGB233000004,1004,62,GGB201000025,2059,오목천동태산아파트.서희스타힐스,126.9642,37.245983,0
GGB233000004,1004,63,GGB201000024,2070,수원여자대학교입구,126.966883,37.246717,0
GGB233000004,1004,64,GGB201000365,2872,서수원주민편익시설,126.972717,37.248367,0
GGB233000004,1004,65,GGB201000023,2124,고색역.고색초교.태산아파트,126.9799,37.2504,0
GGB233000004,1004,66,GGB201000022,2131,삼성큰병원.대원.거산아파트,126.984967,37.251833,0
GGB233000004,1004,67,GGB201000336,2832,공구유통타운.중앙자동차매매단지,126.997067,37.257833,0
GGB233000004,1004,68,GGB201000432,2934,동남아파트,127.000433,37.260817,0
GGB233000004,1004,69,GGB201000590,2983,수원역환승센터(4승강장),126.9989,37.265183,0
GGB233000004,1004,70,GGB277103124,,벌터교차로(미정차),126.9963,37.2621,0
GGB233000004,1004,71,GGB201000020,2156,공구유통타운.중앙자동차매매단지,126.997067,37.25835,0
GGB233000004,1004,72,GGB201000064,2137,고색파출소.종합공구단지,126.986683,37.252633,0
GGB233000004,1004,73,GGB201000019,2128,연안아파트.삼성큰병원,126.983783,37.251817,0
GGB233000004,1004,74,GGB201000018,2122,고색역.고색초교.태산아파트,126.979667,37.25065,0
GGB233000004,1004,75,GGB201000488,2972,서수원주민편익시설,126.972333,37.248583,0
GGB233000004,1004,76,GGB201000017,2067,수원여자대학입구,126.965633,37.24675,0
GGB233000004,1004,77,GGB201000016,2058,오목천동태산아파트.서희스타힐스,126.96285,37.2458,0
GGB233000004,1004,78,GGB233000782,37325,삼미.쌍용아파트,126.953483,37.243433,1
GGB233000004,1004,79,GGB233000781,37321,천천리입구,126.94825,37.24385,1
GGB233000004,1004,80,GGB233000843,37238,숙곡리천불사,126.898733,37.248117,1
GGB233000004,1004,81,GGB233000780,37612,구포3리.쌍학리,126.892117,37.248383,1
GGB233000004,1004,82,GGB233000779,37207,구포리과수원,126.8821,37.24005,1
GGB233000004,1004,83,GGB233000773,37154,양노리,126.859567,37.228767,1
GGB233000004,1004,84,GGB233003082,55393,양노3리,126.8582,37.227283,1
GGB233000004,1004,85,GGB233000772,36042,북양1리.염티고개,126.839133,37.222233,1
GGB233000004,1004,86,GGB233000771,37776,북양1리,126.8318,37.218983,1
GGB233000004,1004,87,GGB233000770,36030,루나포레아파트,126.831233,37.215633,1
GGB233000004,1004,88,GGB233000769,36026,(구)남양읍행정복지센터,126.823517,37.212,1
GGB233000004,1004,89,GGB233000768,36021,남양사거리,126.81905,37.209367,1
GGB233000004,1004,90,GGB233000767,36014,남양성지,126.815433,37.207533,1
GGB233000004,1004,91,GGB233002171,55116,경기수협.보건소,126.81185,37.207033,1
GGB233000004,1004,92,GGB233000766,36010,우림아파트,126.806133,37.20565,1
GGB233000004,1004,93,GGB233000765,36007,남양6리.남양1리,126.800967,37.203983,1
GGB233000004,1004,94,GGB233001298,37114,은장고개,126.788283,37.202667,1
GGB233000004,1004,95,GGB233000764,37109,두곡리,126.783167,37.205533,1
GGB233000004,1004,96,GGB233000763,37108,재래시장.마도삼거리,126.780767,37.20635,1
GGB233000004,1004,97,GGB233000762,37105,마도사거리,126.7746,37.20715,1
GGB233000004,1004,98,GGB233003196,36652,화성직업훈련교정시설,126.770033,37.2076,1
GGB233000004,1004,99,GGB233000761,37104,외국인보호소,126.767117,37.20805,1
GGB233000004,1004,100,GGB233000857,37562,구리섬앞,126.7646,37.208717,1
GGB233000004,1004,101,GGB233000760,37101,구리섬휴게소,126.76305,37.209467,1
GGB233000004,1004,102,GGB233000759,37100,삼존리자동차성능시험장,126.760517,37.2108,1
GGB233000004,1004,103,GGB233000877,37097,돼지고개.삼존리물미,126.755383,37.211683,1
GGB233000004,1004,104,GGB233000878,37095,봉가1리,126.745317,37.212283,1
GGB233000004,1004,105,GGB233000858,37089,송산농협.사강정형외과,126.738617,37.2135,1
GGB233000004,1004,106,GGB233000859,37085,사강시장,126.73645,37.213183,1
GGB233000004,1004,107,GGB233000271,37081,사강복지회관,126.732567,37.212917,1
GGB233000004,1004,108,GGB233002285,37076,사강2리,126.729917,37.21165,1
GGB233000004,1004,109,GGB233000270,37370,육일리.육교동입구,126.727783,37.209417,1
GGB233000004,1004,110,GGB233000136,36440,육일리마을회관,126.724983,37.207283,1
GGB233000004,1004,111,GGB233001483,37556,육일리교차로,126.724283,37.2037,1
GGB233000004,1004,112,GGB233000860,37069,육일2리.코스코밸리,126.722883,37.200167,1
GGB233000004,1004,113,GGB233000758,37471,당성(상안리).한국발효,126.7167,37.193083,1
GGB233000004,1004,114,GGB233000861,37061,신흥사,126.713483,37.189817,1
GGB233000004,1004,115,GGB233000757,37058,상안1리,126.7097,37.185117,1
GGB233000004,1004,116,GGB233000756,37048,상안1.2리,126.7065,37.182583,1
GGB233000004,1004,117,GGB233000862,37054,상안2리.SK주유소,126.70815,37.179583,1
GGB233000004,1004,118,GGB233000863,37043,서신,126.705083,37.169433,1
GGB233000004,1004,119,GGB233000324,37041,매화리,126.703633,37.1687,1
GGB233000004,1004,120,GGB233003119,55515,서신중학교후문,126.7018,37.169967,1
GGB233000004,1004,121,GGB233000755,37578,목성머리,126.6972,37.173117,1
GGB233000004,1004,122,GGB233000864,37031,광평리,126.694417,37.172983,1
GGB233000004,1004,123,GGB233001888,37927,느티나무앞,126.6914,37.174367,1
GGB233000004,1004,124,GGB233000754,37564,광평삼거리,126.688917,37.174817,1
GGB233000004,1004,125,GGB233001876,37783,숲풀안앞,126.6856,37.174283,1
GGB233000004,1004,126,GGB233000865,37020,장외리,126.6807,37.17425,1
GGB233000004,1004,127,GGB233001874,37926,장외리,126.679033,37.170017,1
GGB233000004,1004,128,GGB233000866,37016,장외리.지긋말,126.678317,37.1684,1
GGB233000004,1004,129,GGB233000867,37015,큰말입구,126.6748,37.165917,1
GGB233000004,1004,130,GGB233001744,37769,화남산단삼거리,126.6721,37.164267,1
GGB233000004,1004,131,GGB233000868,37012,송교1리,126.66925,37.163683,1
GGB233000004,1004,132,GGB233001299,36947,살고지입구,126.666583,37.16295,1
GGB233000004,1004,133,GGB233000871,37007,개경촌,126.664333,37.1648,1
GGB233000004,1004,134,GGB233000753,36763,제부해수탕,126.659,37.167183,1
GGB233000004,1004,135,GGB233000872,37001,제부도입구,126.65855,37.172117,1
GGB233000004,1004,136,GGB233001904,55349,제부도입구,126.660933,37.173567,1
GGB233000004,1004,137,GGB233001930,55351,돈말입구,126.663783,37.174817,1
GGB233000004,1004,138,GGB233001871,55348,장외리.오리골,126.666583,37.176783,1
GGB233000005,330,1,GGB233001903,37929,장외리.오리골,126.66635,37.176683,1
GGB233000005,330,2,GGB233001928,55350,돈말입구,126.6638,37.17505,1
GGB233000005,330,3,GGB233001850,55347,제부도입구,126.659683,37.17285,1
GGB233000005,330,4,GGB233001293,37002,제부도입구,126.65835,37.17215,1
GGB233000005,330,5,GGB233001872,37925,제부해수탕,126.659233,37.166933,1
GGB233000005,330,6,GGB233000749,37006,개경촌,126.664283,37.164717,1
GGB233000005,330,7,GGB233001294,37008,살고지입구,126.667183,37.162717,1
GGB233000005,330,8,GGB233000748,37013,송교1리,126.669,37.1635,1
GGB233000005,330,9,GGB233000312,37866,화남산단삼거리,126.671767,37.164,1
GGB233000005,330,10,GGB233000747,37014,큰말입구,126.675,37.165867,1
GGB233000005,330,11,GGB233000746,37017,장외리.지긋말,126.6785,37.168467,1
GGB233000005,330,12,GGB233001873,37930,장외리,126.679133,37.170017,1
GGB233000005,330,13,GGB233000745,37021,장외리,126.680833,37.174183,1
GGB233000005,330,14,GGB233001875,37784,숲풀안앞,126.68565,37.1742,1
GGB233000005,330,15,GGB233000850,37563,광평삼거리,126.6889,37.17475,1
GGB233000005,330,16,GGB233001887,37928,느티나무앞,126.69135,37.1743,1
GGB233000005,330,17,GGB233000851,37579,광평주유소,126.6951,37.1728,1
GGB233000005,330,18,GGB233001561,37032,광평리,126.69745,37.172983,1
GGB233000005,330,19,GGB233002542,36492,상안리,126.699833,37.171883,1
GGB233000005,330,20,GGB233003118,55514,서신중학교후문,126.70175,37.1699,1
GGB233000005,330,21,GGB233000852,37040,매화리,126.703633,37.1686,1
GGB233000005,330,22,GGB233000853,37045,서신터미널,126.705233,37.1694,1
GGB233000005,330,23,GGB233002545,36495,비우물,126.706417,37.17195,1
GGB233000005,330,24,GGB233000344,37398,상안리삼거리,126.706683,37.173983,1
GGB233000005,330,25,GGB233002315,55232,상안삼거리,126.706683,37.176967,1
GGB233000005,330,26,GGB233000744,37057,상안2리.SK주유소,126.708033,37.179017,1
GGB233000005,330,27,GGB233000743,37049,상안1.2리,126.706667,37.18275,1
GGB233000005,330,28,GGB233000742,37059,상안1리,126.709817,37.1851,1
GGB233000005,330,29,GGB233000741,37062,신흥사,126.713583,37.189817,1
GGB233000005,330,30,GGB233000879,36767,한국발효.당성(상안리),126.716717,37.192983,1
GGB233000005,330,31,GGB233000240,36357,육일2리.창말,126.720167,37.1967,1
GGB233000005,330,32,GGB233000854,37068,육일2리.코스코밸리,126.72285,37.1995,1
GGB233000005,330,33,GGB233001482,37557,육일리교차로,126.7244,37.203333,1
GGB233000005,330,34,GGB233002330,55172,육일리마을회관,126.725867,37.208217,1
GGB233000005,330,35,GGB233000269,37369,육일리.육교동입구,126.728117,37.209583,1
GGB233000005,330,36,GGB233001144,37490,사강2리,126.7305,37.212067,1
GGB233000005,330,37,GGB233000855,37080,사강복지회관,126.732733,37.2127,1
GGB233000005,330,38,GGB233000268,37084,사강시장,126.736667,37.213,1
GGB233000005,330,39,GGB233000267,37088,사강정형외과,126.739,37.213333,1
GGB233000005,330,40,GGB233000289,37094,봉가1리,126.744917,37.212283,1
GGB233000005,330,41,GGB233000740,37098,돼지고개.삼존리물미,126.753767,37.2114,1
GGB233000005,330,42,GGB233000739,37099,삼존리,126.75905,37.211183,1
GGB233000005,330,43,GGB233002153,55096,슬항3리,126.762883,37.209333,1
GGB233000005,330,44,GGB233000738,37102,구리섬휴게소,126.7647,37.208483,1
GGB233000005,330,45,GGB233000737,37103,외국인보호소,126.76655,37.207967,1
GGB233000005,330,46,GGB233000736,37106,마도사거리,126.77425,37.2069,1
GGB233000005,330,47,GGB233000735,37107,재래시장.마도삼거리,126.780067,37.2063,1
GGB233000005,330,48,GGB233000734,37110,두곡리,126.784167,37.2048,1
GGB233000005,330,49,GGB233000733,37115,쌍송리입구.은장고개,126.789067,37.2022,1
GGB233000005,330,50,GGB233000732,36008,남양6리.남양1리,126.801533,37.2039,1
GGB233000005,330,51,GGB233000731,36009,우림아파트,126.80585,37.205483,1
GGB233000005,330,52,GGB233002170,55115,경기수협.보건소,126.811883,37.206917,1
GGB233000005,330,53,GGB233000841,36015,남양성지,126.817117,37.20775,1
GGB233000005,330,54,GGB233000730,36019,남양사거리,126.81905,37.209133,1
GGB233000005,330,55,GGB233000729,36025,(구)남양읍행정복지센터,126.8228,37.211517,1
GGB233000005,330,56,GGB233002704,55639,남양도서관.동광뷰엘,126.8256,37.21055,1
GGB233000005,330,57,GGB233000021,36012,동광뷰엘,126.826967,37.208533,1
GGB233000005,330,58,GGB233003108,55435,남양동광뷰엘,126.829983,37.208483,1
GGB233000005,330,59,GGB233001975,36742,남양뉴타운4단지,126.832967,37.210117,1
GGB233000005,330,60,GGB233000886,55677,시티프라디움4차.현장민원실,126.8326,37.213733,1
GGB233000005,330,61,GGB233001404,36719,유일병원,126.8323,37.217217,1
GGB233000005,330,62,GGB233000727,36035,북양1리.봉림사,126.8321,37.21925,1
GGB233000005,330,63,GGB233000726,36043,북양1리.염티고개,126.840217,37.222117,1
GGB233000005,330,64,GGB233000725,37153,양노3리,126.85795,37.226633,1
GGB233000005,330,65,GGB233002118,55087,양노리,126.859967,37.228667,1
GGB233000005,330,66,GGB233000724,37162,삼화리,126.863717,37.2362,1
GGB233000005,330,67,GGB233000723,37169,천산아파트,126.865983,37.236467,1
GGB233000005,330,68,GGB233000722,37171,비봉초등학교후문,126.868233,37.236217,1
GGB233000005,330,69,GGB233000721,37186,비봉중고교.비봉면행정복지센터,126.8739,37.236867,1
GGB233000005,330,70,GGB233002039,60018,비봉LH아파트,126.8753,37.243183,1
GGB233000005,330,71,GGB233000263,60020,비봉상업지구,126.873317,37.2465,1
GGB233000005,330,72,GGB233000538,37176,비봉성당,126.871333,37.249983,1
GGB233000005,330,73,GGB233001687,37729,구포리입구,126.87155,37.254267,1
GGB233000005,330,74,GGB233000537,37193,야목리,126.877767,37.26525,1
GGB233000005,330,75,GGB233002354,55236,매송휴먼시아후문,126.88085,37.2677,1
GGB233000005,330,76,GGB233000536,37215,송라리,126.8868,37.2749,1
GGB233000005,330,77,GGB233000535,37211,원리,126.885117,37.277567,1
GGB233000005,330,78,GGB216000351,17349,HD건설기계,126.886783,37.28485,0
GGB233000005,330,79,GGB216000301,17068,팔곡산단,126.887517,37.287633,0
GGB233000005,330,80,GGB216000163,17299,도금단지,126.88705,37.290683,0
GGB233000005,330,81,GGB216000120,17296,팔곡주유소건너편,126.884967,37.29345,0
GGB233000005,330,82,GGB216000119,17300,팔곡마을주공아파트건너편,126.88835,37.297033,0
GGB233000005,330,83,GGB277102510,,수인산업도로1(미정차),126.894367,37.3003,0
GGB233000005,330,84,GGB216000286,17306,반월농협앞,126.901867,37.30455,0
GGB233000005,330,85,GGB216000285,17307,서해아파트.영무예다음,126.903483,37.30685,0
GGB233000005,330,86,GGB216000310,17298,반월도서관건너편,126.904117,37.30965,0
GGB233000005,330,87,GGB216000335,17309,반월역,126.904983,37.311767,0
GGB233000005,330,88,GGB216000322,17330,삼천리마을앞,126.9065,37.31325,0
GGB233000005,330,89,GGB225000150,26080,대야미건건로,126.911833,37.31685,0
GGB233000005,330,90,GGB225000164,26166,건건로삼거리,126.913883,37.319317,0
GGB233000005,330,91,GGB225000124,26004,대야미삼거리,126.919133,37.325617,0
GGB233000005,330,92,GGB225000191,26182,군포보건소,126.926117,37.33225,0
GGB233000005,330,93,GGB225000182,26174,삼성마을5단지,126.928217,37.332983,0
GGB233000005,330,94,GGB225000123,26060,복합화물터미널후문.가족센터,126.93435,37.335283,0
GGB233000005,330,95,GGB225000121,26073,군포국민체육센터,126.937767,37.339833,0
GGB233000005,330,96,GGB225000120,26079,용호고등학교,126.938883,37.34245,0
GGB233000005,330,97,GGB225000119,26084,당동주공아파트,126.94025,37.3442,0
GGB233000005,330,98,GGB225000021,26102,군포시평생학습원,126.942433,37.34645,0
GGB233000005,330,99,GGB225000032,26116,군포초등학교,126.943967,37.348333,0
GGB233000005,330,100,GGB225000118,26118,당동우체국,126.94465,37.35035,0
GGB233000005,330,101,GGB225000117,26128,군포1동행정복지센터.군포역,126.945533,37.352733,0
GGB233000005,330,102,GGB225000058,26137,군포중학교,126.947083,37.355867,0
GGB233000005,330,103,GGB225000057,26139,군포G샘병원,126.947817,37.357467,0
GGB233000005,330,104,GGB225000014,26141,당동지하차도.G샘병원,126.948383,37.360233,0
GGB233000005,330,105,GGB225000013,26135,금정IC,126.946317,37.365517,0
GGB233000005,330,106,GGB225000012,26126,금정가구거리,126.945183,37.367833,0
GGB233000005,330,107,GGB225000007,26167,금정역,126.942,37.372067,0
GGB233000005,330,108,GGB225000172,26212,금정역,126.943433,37.370717,0
GGB233000005,330,109,GGB225000015,26117,금정가구거리,126.944417,37.368617,0
GGB233000005,330,110,GGB225000114,26129,금정IC,126.945333,37.36655,0
GGB233000005,330,111,GGB225000113,26140,군포G샘병원,126.947883,37.35975,0
GGB233000005,330,112,GGB225000104,26138,군포중학교,126.947083,37.357,0
GGB233000005,330,113,GGB225000112,26136,군포1동행정복지센터.군포역,126.946417,37.354583,0
GGB233000005,330,114,GGB225000111,26119,당동우체국,126.944483,37.351233,0
GGB233000005,330,115,GGB225000042,26107,군포초등학교,126.942983,37.3476,0
GGB233000005,330,116,GGB225000027,26099,군포시평생학습원,126.9421,37.346617,0
GGB233000005,330,117,GGB225000110,26082,당동주공아파트,126.9397,37.344067,0
GGB233000005,330,118,GGB225000187,26168,용호고등학교,126.938317,37.342267,0
GGB233000005,330,119,GGB225000185,26074,군포국민체육센터,126.9374,37.3399,0
GGB233000005,330,120,GGB225000075,26063,복합화물터미널후문.가족센터,126.9343,37.335633,0
GGB233000005,330,121,GGB225000171,26169,삼성마을5단지,126.9292,37.33375,0
GGB233000005,330,122,GGB225000192,26179,군포보건소,126.92535,37.332417,0
GGB233000005,330,123,GGB225000204,26187,대야미장안그린,126.920183,37.327783,0
GGB233000005,330,124,GGB225000107,26003,대야미삼거리,126.919017,37.326117,0
GGB233000005,330,125,GGB225000433,26415,구반월입구,126.91675,37.322483,0
GGB233000005,330,126,GGB225000165,26177,건건로삼거리,126.914017,37.3197,0
GGB233000005,330,127,GGB225000122,26075,대야미건건로,126.91155,37.316983,0
GGB233000005,330,128,GGB216000321,17346,삼천리마을앞,126.9069,37.313717,0
GGB233000005,330,129,GGB216000150,17310,반월역앞,126.904833,37.311767,0
GGB233000005,330,130,GGB216000317,17151,반월도서관,126.90385,37.3092,0
GGB233000005,330,131,GGB216000284,17308,서해아파트건너편,126.903467,37.307317,0
GGB233000005,330,132,GGB216000283,17305,반월농협,126.901567,37.304367,0
GGB233000005,330,133,GGB277102533,,수인산업도로1(미정차),126.89415,37.30065,0
GGB233000005,330,134,GGB216000337,17301,팔곡마을주공아파트,126.8879,37.296817,0
GGB233000005,330,135,GGB216000361,17352,팔곡주유소건너편,126.884767,37.29265,0
GGB233000005,330,136,GGB216000338,17337,도금단지,126.887667,37.289883,0
GGB233000005,330,137,GGB216000302,17069,팔곡산단,126.887433,37.287967,0
GGB233000005,330,138,GGB216000352,17350,HD건설기계맞은편,126.886633,37.284917,0
GGB233000005,330,139,GGB233000534,37210,원리,126.88495,37.27765,1
GGB233000005,330,140,GGB233000533,37214,송라1리,126.88645,37.275433,1
GGB233000005,330,141,GGB233002355,55237,매송휴먼시아후문,126.880833,37.267833,1
GGB233000005,330,142,GGB233000532,37194,매송휴먼시아,126.878167,37.26615,1
GGB233000005,330,143,GGB233001834,37874,구포리입구,126.871317,37.254083,1
GGB233000005,330,144,GGB233000873,37175,비봉성당,126.8712,37.249717,1
GGB233000005,330,145,GGB233000264,60021,비봉상업지구,126.873167,37.246433,1
GGB233000005,330,146,GGB233002040,60019,비봉LH아파트,126.875233,37.242933,1
GGB233000005,330,147,GGB233000778,37183,비봉중고교.비봉면행정복지센터,126.873217,37.236717,1
GGB233000005,330,148,GGB233000777,37170,비봉초등학교후문.삼화3리,126.86815,37.236317,1
GGB233000005,330,149,GGB233000776,37168,천산아파트,126.865967,37.23655,1
GGB233000005,330,150,GGB233000774,37161,삼화리.천산아파트,126.862933,37.2361,1
GGB233000005,330,151,GGB233000773,37154,양노리,126.859567,37.228767,1
GGB233000005,330,152,GGB233003082,55393,양노3리,126.8582,37.227283,1
GGB233000005,330,153,GGB233000772,36042,북양1리.염티고개,126.839133,37.222233,1
GGB233000005,330,154,GGB233000771,37776,북양1리,126.8318,37.218983,1
GGB233000005,330,155,GGB233000966,55678,남양뉴타운입구,126.83215,37.2147,1
GGB233000005,330,156,GGB233001946,55928,현장민원실.시티프라디움4차,126.832283,37.212533,1
GGB233000005,330,157,GGB233003107,55434,남양뉴타운4단지,126.8324,37.210583,1
GGB233000005,330,158,GGB233003109,55436,남양동광뷰엘,126.830083,37.208817,1
GGB233000005,330,159,GGB233000029,36016,동광뷰엘,126.8272,37.20855,1
GGB233000005,330,160,GGB233002705,55640,남양도서관.동광뷰엘,126.825633,37.2109,1
GGB233000005,330,161,GGB233000769,36026,(구)남양읍행정복지센터,126.823517,37.212,1
GGB233000005,330,162,GGB233000768,36021,남양사거리,126.81905,37.209367,1
GGB233000005,330,163,GGB233000767,36014,남양성지,126.815433,37.207533,1
GGB233000005,330,164,GGB233002171,55116,경기수협.보건소,126.81185,37.207033,1
GGB233000005,330,165,GGB233000766,36010,우림아파트,126.806133,37.20565,1
GGB233000005,330,166,GGB233000765,36007,남양6리.남양1리,126.800967,37.203983,1
GGB233000005,330,167,GGB233001298,37114,은장고개,126.788283,37.202667,1
GGB233000005,330,168,GGB233000764,37109,두곡리,126.783167,37.205533,1
GGB233000005,330,169,GGB233000763,37108,재래시장.마도삼거리,126.780767,37.20635,1
GGB233000005,330,170,GGB233000762,37105,마도사거리,126.7746,37.20715,1
GGB233000005,330,171,GGB233003196,36652,화성직업훈련교정시설,126.770033,37.2076,1
GGB233000005,330,172,GGB233000761,37104,외국인보호소,126.767117,37.20805,1
GGB233000005,330,173,GGB233000857,37562,구리섬앞,126.7646,37.208717,1
GGB233000005,330,174,GGB233000760,37101,구리섬휴게소,126.76305,37.209467,1
GGB233000005,330,175,GGB233000759,37100,삼존리자동차성능시험장,126.760517,37.2108,1
GGB233000005,330,176,GGB233000877,37097,돼지고개.삼존리물미,126.755383,37.211683,1
GGB233000005,330,177,GGB233000878,37095,봉가1리,126.745317,37.212283,1
GGB233000005,330,178,GGB233000858,37089,송산농협.사강정형외과,126.738617,37.2135,1
GGB233000005,330,179,GGB233000859,37085,사강시장,126.73645,37.213183,1
GGB233000005,330,180,GGB233000271,37081,사강복지회관,126.732567,37.212917,1
GGB233000005,330,181,GGB233002285,37076,사강2리,126.729917,37.21165,1
GGB233000005,330,182,GGB233000270,37370,육일리.육교동입구,126.727783,37.209417,1
GGB233000005,330,183,GGB233000136,36440,육일리마을회관,126.724983,37.207283,1
GGB233000005,330,184,GGB233001483,37556,육일리교차로,126.724283,37.2037,1
GGB233000005,330,185,GGB233000860,37069,육일2리.코스코밸리,126.722883,37.200167,1
GGB233000005,330,186,GGB233003215,36657,육일2리.창말,126.720117,37.19675,1
GGB233000005,330,187,GGB233000758,37471,당성(상안리).한국발효,126.7167,37.193083,1
GGB233000005,330,188,GGB233000861,37061,신흥사,126.713483,37.189817,1
GGB233000005,330,189,GGB233000757,37058,상안1리,126.7097,37.185117,1
GGB233000005,330,190,GGB233000756,37048,상안1.2리,126.7065,37.182583,1
GGB233000005,330,191,GGB233000862,37054,상안2리.SK주유소,126.70815,37.179583,1
GGB233000005,330,192,GGB233002316,55225,상안삼거리,126.706117,37.17495,1
GGB233000005,330,193,GGB233000863,37043,서신,126.705083,37.169433,1
GGB233000005,330,194,GGB233000324,37041,매화리,126.703633,37.1687,1
GGB233000005,330,195,GGB233003119,55515,서신중학교후문,126.7018,37.169967,1
GGB233000005,330,196,GGB233003025,,상안리,126.700283,37.171817,1
GGB233000005,330,197,GGB233000755,37578,목성머리,126.6972,37.173117,1
GGB233000005,330,198,GGB233000864,37031,광평리,126.694417,37.172983,1
GGB233000005,330,199,GGB233001888,37927,느티나무앞,126.6914,37.174367,1
GGB233000005,330,200,GGB233000754,37564,광평삼거리,126.688917,37.174817,1
GGB233000005,330,201,GGB233001876,37783,숲풀안앞,126.6856,37.174283,1
GGB233000005,330,202,GGB233000865,37020,장외리,126.6807,37.17425,1
GGB233000005,330,203,GGB233001874,37926,장외리,126.679033,37.170017,1
GGB233000005,330,204,GGB233000866,37016,장외리.지긋말,126.678317,37.1684,1
GGB233000005,330,205,GGB233000867,37015,큰말입구,126.6748,37.165917,1
GGB233000005,330,206,GGB233001744,37769,화남산단삼거리,126.6721,37.164267,1
GGB233000005,330,207,GGB233000868,37012,송교1리,126.66925,37.163683,1
GGB233000005,330,208,GGB233001299,36947,살고지입구,126.666583,37.16295,1
GGB233000005,330,209,GGB233000871,37007,개경촌,126.664333,37.1648,1
GGB233000005,330,210,GGB233000753,36763,제부해수탕,126.659,37.167183,1
GGB233000005,330,211,GGB233000872,37001,제부도입구,126.65855,37.172117,1
GGB233000005,330,212,GGB233001904,55349,제부도입구,126.660933,37.173567,1
GGB233000005,330,213,GGB233001930,55351,돈말입구,126.663783,37.174817,1
GGB233000005,330,214,GGB233001871,55348,장외리.오리골,126.666583,37.176783,1
GGB233000010,33-1,1,GGB233001064,36104,경진여객차고지,126.8164,37.07295,1
GGB233000010,33-1,2,GGB233000487,37431,사곡사거리,126.81535,37.074917,1
GGB233000010,33-1,3,GGB233000486,36917,장안여자중학교,126.815433,37.0786,1
GGB233000010,33-1,4,GGB233002625,55396,조암농협,126.817467,37.082,1
GGB233000010,33-1,5,GGB233001246,36937,시장앞,126.819483,37.084667,1
GGB233000010,33-1,6,GGB233002222,36611,조암하나로마트,126.818017,37.086,1
GGB233000010,33-1,7,GGB233002091,55066,우정읍행정복지센터,126.816567,37.088383,1
GGB233000010,33-1,8,GGB233002089,55064,삼괴중고교,126.820533,37.088283,1
GGB233000010,33-1,9,GGB233002243,37750,조암한라비발디,126.823767,37.087983,1
GGB233000010,33-1,10,GGB233000931,37122,어은삼거리,126.82645,37.085517,1
GGB233000010,33-1,11,GGB233000932,37126,장안면행정복지센터,126.830417,37.078733,1
GGB233000010,33-1,12,GGB233000514,37129,사랑리,126.834,37.073433,1
GGB233000010,33-1,13,GGB233001248,37514,덕다2리앞,126.8376,37.069383,1
GGB233000010,33-1,14,GGB233000933,37131,덕다리입구,126.839267,37.066733,1
GGB233000010,33-1,15,GGB233000934,37136,독정1리,126.84605,37.0667,1
GGB233000010,33-1,16,GGB233000513,37140,독정삼거리,126.8495,37.07015,1
GGB233000010,33-1,17,GGB233000935,37141,독정2리,126.853667,37.071833,1
GGB233000010,33-1,18,GGB233001772,37791,위닉스,126.8564,37.07475,1
GGB233000010,33-1,19,GGB233000936,37147,감드러지.독정3리,126.857067,37.0775,1
GGB233000010,33-1,20,GGB233002381,37942,독정리.큰마을,126.862017,37.077917,1
GGB233000010,33-1,21,GGB233002683,37613,농업기술센터,126.872317,37.077067,1
GGB233000010,33-1,22,GGB233002447,37918,스마트밸리,126.870783,37.075983,1
GGB233000010,33-1,23,GGB233002380,37934,독정리.큰마을,126.861833,37.078083,1
GGB233000010,33-1,24,GGB233000512,37152,독정3리,126.859167,37.0798,1
GGB233000010,33-1,25,GGB233000511,37156,독정4리,126.861083,37.081883,1
GGB233000010,33-1,26,GGB233000937,37160,수촌2리.용당골,126.862,37.08875,1
GGB233000010,33-1,27,GGB233000510,37157,꽃밭.식염온천,126.8619,37.0931,1
GGB233000010,33-1,28,GGB233000394,37166,성문,126.865733,37.103233,1
GGB233000010,33-1,29,GGB233000393,37179,해창2리.능인대학원대학교,126.872517,37.108117,1
GGB233000010,33-1,30,GGB233000392,36873,해창리,126.879167,37.1126,1
GGB233000010,33-1,31,GGB233001402,37206,해창1리.우리꽃식물원,126.882,37.113033,1
GGB233000010,33-1,32,GGB233000391,37217,매곡리,126.888467,37.11725,1
GGB233000010,33-1,33,GGB233000390,37225,한국폴리텍대학,126.8929,37.121783,1
GGB233000010,33-1,34,GGB233001388,37231,제암리,126.8963,37.124067,1
GGB233000010,33-1,35,GGB233000389,36874,동양빌딩앞,126.901917,37.127033,1
GGB233000010,33-1,36,GGB233000525,37250,우림아파트.화성노인회관,126.902817,37.127867,1
GGB233000010,33-1,37,GGB233002969,37138,우림주공아파트,126.901817,37.12975,1
GGB233000010,33-1,38,GGB233002691,36625,발안천교,126.904783,37.132033,1
GGB233000010,33-1,39,GGB233002692,36626,화성고교차로,126.906367,37.137,1
GGB233000010,33-1,40,GGB233003197,36653,(임시)장짐교차로,126.910683,37.1359,1
GGB233000010,33-1,41,GGB233001865,37906,신성미소지움아파트,126.9145,37.13925,1
GGB233000010,33-1,42,GGB233002152,55368,만세구청.화성종합경기타운,126.921233,37.136283,1
GGB233000010,33-1,43,GGB233002099,55095,화성종합경기타운사거리,126.921267,37.134133,1
GGB233000010,33-1,44,GGB233002101,37286,화성문화원.향남환승터미널,126.921083,37.132,1
GGB233000010,33-1,45,GGB233001955,37991,화성소방서.향남홈플러스,126.920917,37.13045,1
GGB233000010,33-1,46,GGB233002103,55084,에일린의뜰,126.920617,37.127867,1
GGB233000010,33-1,47,GGB233002105,55085,단독주택단지,126.919867,37.124333,1
GGB233000010,33-1,48,GGB233001892,55925,향남역,126.913333,37.12295,1
GGB233000010,33-1,49,GGB233002413,55288,향남부영3단지,126.911583,37.11895,1
GGB233000010,33-1,50,GGB233002274,55615,향남부영6단지,126.909333,37.11445,1
GGB233000010,33-1,51,GGB233002416,37274,하길중학교,126.907983,37.112583,1
GGB233000010,33-1,52,GGB233001945,55173,서봉마을19단지,126.903917,37.110483,1
GGB233000010,33-1,53,GGB233001547,55478,상신하길로주택,126.9027,37.106167,1
GGB233000010,33-1,54,GGB233001529,37407,상신8리,126.901117,37.10395,1
GGB233000010,33-1,55,GGB233001530,37406,화성상신도시숲,126.901467,37.10125,1
GGB233000010,33-1,56,GGB233000813,37468,향남제약공단앞,126.90695,37.09595,1
GGB233000010,33-1,57,GGB233001531,37405,제약공단후문.구문천1리입구,126.910367,37.0902,1
GGB233000010,33-1,58,GGB233000812,36758,구문천리,126.91045,37.087383,1
GGB233000010,33-1,59,GGB233000806,37469,구문천리,126.9108,37.08815,1
GGB233000010,33-1,60,GGB233000805,36759,제약공단후문.구문천1리입구,126.91075,37.090183,1
GGB233000010,33-1,61,GGB233000804,36760,한양수자인후문,126.90195,37.100817,1
GGB233000010,33-1,62,GGB233000803,37470,상신6리,126.90155,37.103983,1
GGB233000010,33-1,63,GGB233001548,55479,상신하길로주택,126.902867,37.105967,1
GGB233000010,33-1,64,GGB233002374,55339,서봉마을19단지,126.904,37.110317,1
GGB233000010,33-1,65,GGB233002417,36697,하길중학교,126.908817,37.1134,1
GGB233000010,33-1,66,GGB233002412,55287,향남부영3단지,126.911417,37.118017,1
GGB233000010,33-1,67,GGB233002466,55321,향남주공1단지,126.91255,37.120483,1
GGB233000010,33-1,68,GGB233001893,55926,향남역,126.913633,37.122733,1
GGB233000010,33-1,69,GGB233002106,55081,단독주택단지,126.920183,37.12425,1
GGB233000010,33-1,70,GGB233002104,55080,신영지웰,126.920967,37.127867,1
GGB233000010,33-1,71,GGB233001860,37903,화성소방서.향남홈플러스,126.9213,37.130533,1
GGB233000010,33-1,72,GGB233002102,37287,향남환승터미널,126.921567,37.1328,1
GGB233000010,33-1,73,GGB233002100,55079,화성종합경기타운사거리,126.921683,37.13415,1
GGB233000010,33-1,74,GGB233002151,55098,만세구청.화성종합경기타운,126.921617,37.136317,1
GGB233000010,33-1,75,GGB233001862,37904,가재4리,126.91595,37.14095,1
GGB233000010,33-1,76,GGB233001863,37905,신성미소지움아파트,126.913633,37.13875,1
GGB233000010,33-1,77,GGB233001558,37270,장짐교차로,126.91095,37.135967,1
GGB233000010,33-1,78,GGB233002693,36627,화성고교차로,126.906083,37.137083,1
GGB233000010,33-1,79,GGB233002666,36624,발안천교,126.90465,37.132183,1
GGB233000010,33-1,80,GGB233002968,37184,우림주공아파트,126.901633,37.12985,1
GGB233000010,33-1,81,GGB233000522,37428,우림아파트.화성노인회관,126.902067,37.1282,1
GGB233000010,33-1,82,GGB233000384,37248,동양빌딩앞,126.901833,37.12725,1
GGB233000010,33-1,83,GGB233001395,37230,제암리,126.89605,37.124117,1
GGB233000010,33-1,84,GGB233001555,37224,한국폴리텍대학,126.892717,37.1219,1
GGB233000010,33-1,85,GGB233000926,37216,매곡리,126.888383,37.117433,1
GGB233000010,33-1,86,GGB233000927,37205,해창1리.우리꽃식물원,126.88195,37.113133,1
GGB233000010,33-1,87,GGB233000442,36898,해창리,126.878,37.112433,1
GGB233000010,33-1,88,GGB233000381,36845,해창2리.능인대학원대학교,126.872233,37.1082,1
GGB233000010,33-1,89,GGB233000952,36706,성문,126.864917,37.1023,1
GGB233000010,33-1,90,GGB233000509,37158,꽃밭.식염온천,126.861883,37.092967,1
GGB233000010,33-1,91,GGB233000508,37159,용당골,126.8619,37.088717,1
GGB233000010,33-1,92,GGB233000507,37155,독정4리,126.860983,37.081967,1
GGB233000010,33-1,93,GGB233000506,37151,독정3리.거묵골,126.859083,37.07985,1
GGB233000010,33-1,94,GGB233002683,37613,농업기술센터,126.872317,37.077067,1
GGB233000010,33-1,95,GGB233000505,37148,감드러지.독정3리,126.856917,37.077483,1
GGB233000010,33-1,96,GGB233001774,37793,위닉스,126.856333,37.075317,1
GGB233000010,33-1,97,GGB233000504,37142,독정2리,126.85365,37.071917,1
GGB233000010,33-1,98,GGB233000503,37139,독정삼거리,126.849467,37.0703,1
GGB233000010,33-1,99,GGB233000502,37137,독정1리,126.845967,37.06685,1
GGB233000010,33-1,100,GGB233000501,37132,덕다리입구,126.839383,37.066833,1
GGB233000010,33-1,101,GGB233000500,36909,덕다2리앞(구래),126.837717,37.069417,1
GGB233000010,33-1,102,GGB233000499,37130,사랑리,126.83425,37.073417,1
GGB233000010,33-1,103,GGB233000498,37127,장안면행정복지센터,126.830567,37.078817,1
GGB233000010,33-1,104,GGB233000497,37125,어은4리,126.828367,37.0818,1
GGB233000010,33-1,105,GGB233001816,37792,어은삼거리,126.826567,37.08555,1
GGB233000010,33-1,106,GGB233002244,37968,조암한라비발디,126.82375,37.0882,1
GGB233000010,33-1,107,GGB233002088,55067,삼괴중고교,126.821367,37.0884,1
GGB233000010,33-1,108,GGB233002090,55065,우정읍행정복지센터,126.816367,37.088483,1
GGB233000010,33-1,109,GGB233002231,36612,조암하나로마트,126.8176,37.08575,1
GGB233000010,33-1,110,GGB233001247,36936,시장앞,126.8193,37.084917,1
GGB233000010,33-1,111,GGB233001434,55077,조암시장,126.815617,37.081533,1
GGB233000010,33-1,112,GGB233000992,36797,장안여자중학교,126.815233,37.07855,1
GGB233000010,33-1,113,GGB233000496,36910,사곡사거리,126.815217,37.074833,1
GGB233000010,33-1,114,GGB233000412,36863,경진여객차고지,126.8163,37.072983,1
GGB233000013,2,1,GGB233001064,36104,경진여객차고지,126.8164,37.07295,1
GGB233000013,2,2,GGB233001362,37524,산호아파트,126.816867,37.074983,1
GGB233000013,2,3,GGB233000487,37431,사곡사거리,126.81535,37.074917,1
GGB233000013,2,4,GGB233000486,36917,장안여자중학교,126.815433,37.0786,1
GGB233000013,2,5,GGB233001434,55077,조암시장,126.815617,37.081533,1
GGB233000013,2,6,GGB233000992,36797,장안여자중학교,126.815233,37.07855,1
GGB233000013,2,7,GGB233000496,36910,사곡사거리,126.815217,37.074833,1
GGB233000013,2,8,GGB233002511,55388,장안우체국,126.81385,37.072167,1
GGB233000013,2,9,GGB233000993,37478,사곡1리,126.809217,37.069083,1
GGB233000013,2,10,GGB233001776,37834,장자터,126.802167,37.066483,1
GGB233000013,2,11,GGB233000485,36918,기아생활관,126.795767,37.06445,1
GGB233000013,2,12,GGB233001554,36701,화산삼거리,126.793183,37.063,1
GGB233000013,2,13,GGB233001185,36786,화산1리,126.789767,37.062,1
GGB233000013,2,14,GGB233001003,37477,석천2리입구,126.782033,37.057367,1
GGB233000013,2,15,GGB233001245,36922,매향2리,126.769483,37.05095,1
GGB233000013,2,16,GGB233001004,36796,양지편,126.765067,37.048433,1
GGB233000013,2,17,GGB233001015,36799,화성드림파크,126.76175,37.046717,1
GGB233000013,2,18,GGB233001007,37476,기아후문입구,126.758,37.0435,1
GGB233000013,2,19,GGB233000482,36919,매향,126.751517,37.040383,1
GGB233000013,2,20,GGB233000481,36920,고온리종점,126.748683,37.037083,1
GGB233000013,2,21,GGB277101618,,고온리종점(미정차),126.749983,37.038467,1
GGB233000013,2,22,GGB233001009,36831,매향삼거리,126.751817,37.04055,1
GGB233000013,2,23,GGB233001008,36832,기아후문입구,126.758333,37.04345,1
GGB233000013,2,24,GGB233001016,36830,화성드림파크,126.762117,37.046883,1
GGB233000013,2,25,GGB233000480,37433,양지편,126.765317,37.0484,1
GGB233000013,2,26,GGB233000479,36921,매향2리,126.768333,37.050283,1
GGB233000013,2,27,GGB233000478,36903,석천2리입구,126.7812,37.056333,1
GGB233000013,2,28,GGB233001010,37475,화산1리입구,126.787867,37.060883,1
GGB233000013,2,29,GGB233001011,37474,화산삼거리,126.79335,37.062867,1
GGB233000013,2,30,GGB233000477,36904,기아생활관,126.795883,37.0643,1
GGB233000013,2,31,GGB233001780,37839,장자터,126.80225,37.066417,1
GGB233000013,2,32,GGB233000476,37434,사곡1리,126.80925,37.0689,1
GGB233000013,2,33,GGB233002512,55389,장안우체국,126.81395,37.072117,1
GGB233000013,2,34,GGB233000487,37431,사곡사거리,126.81535,37.074917,1
GGB233000013,2,35,GGB233000486,36917,장안여자중학교,126.815433,37.0786,1
GGB233000013,2,36,GGB233000928,36013,조암시장.조암성당,126.815733,37.082317,1
GGB233000013,2,37,GGB233001078,36820,조암조원마을,126.816033,37.08515,1
GGB233000013,2,38,GGB233002091,55066,우정읍행정복지센터,126.816567,37.088383,1
GGB233000013,2,39,GGB233002089,55064,삼괴중고교,126.820533,37.088283,1
GGB233000013,2,40,GGB233000373,36022,조암시장남쪽입구,126.819267,37.082983,1
GGB233000013,2,41,GGB233001434,55077,조암시장,126.815617,37.081533,1
GGB233000013,2,42,GGB233000992,36797,장안여자중학교,126.815233,37.07855,1
GGB233000013,2,43,GGB233000496,36910,사곡사거리,126.815217,37.074833,1
GGB233000013,2,44,GGB233001362,37524,산호아파트,126.816867,37.074983,1
GGB233000013,2,45,GGB233000412,36863,경진여객차고지,126.8163,37.072983,1
GGB233000015,4,1,GGB233001064,36104,경진여객차고지,126.8164,37.07295,1
GGB233000015,4,2,GGB233000487,37431,사곡사거리,126.81535,37.074917,1
GGB233000015,4,3,GGB233000486,36917,장안여자중학교,126.815433,37.0786,1
GGB233000015,4,4,GGB233001434,55077,조암시장,126.815617,37.081533,1
GGB233000015,4,5,GGB233000992,36797,장안여자중학교,126.815233,37.07855,1
GGB233000015,4,6,GGB233000496,36910,사곡사거리,126.815217,37.074833,1
GGB233000015,4,7,GGB233002511,55388,장안우체국,126.81385,37.072167,1
GGB233000015,4,8,GGB233000993,37478,사곡1리,126.809217,37.069083,1
GGB233000015,4,9,GGB233001776,37834,장자터,126.802167,37.066483,1
GGB233000015,4,10,GGB233000485,36918,기아생활관,126.795767,37.06445,1
GGB233000015,4,11,GGB233001554,36701,화산삼거리,126.793183,37.063,1
GGB233000015,4,12,GGB233002268,55143,기아2차아파트앞,126.79315,37.059167,1
GGB233000015,4,13,GGB233000473,36906,석천1리포도원,126.793783,37.058033,1
GGB233000015,4,14,GGB233001383,36951,두레자연중고등학교,126.7954,37.0562,1
GGB233000015,4,15,GGB233001584,36444,이화1리,126.7951,37.046983,1
GGB233000015,4,16,GGB233001048,36828,이화2리앞(이화병원),126.79765,37.042133,1
GGB233000015,4,17,GGB233001049,36461,이화3리입구,126.800133,37.040367,1
GGB233000015,4,18,GGB233000471,36878,슈마타운,126.803517,37.0361,1
GGB233000015,4,19,GGB233000470,36462,애덕가정,126.802367,37.03285,1
GGB233000015,4,20,GGB233001052,37499,이화리종점,126.795283,37.026917,1
GGB233000015,4,21,GGB233001053,37498,이화리종점,126.795517,37.026933,1
GGB233000015,4,22,GGB233001051,36826,애덕의가정,126.802483,37.032817,1
GGB233000015,4,23,GGB233001050,36827,슈마타운,126.80365,37.036183,1
GGB233000015,4,24,GGB233000469,36879,이화3리입구,126.800217,37.040433,1
GGB233000015,4,25,GGB233000468,36880,이화2리앞,126.797683,37.042217,1
GGB233000015,4,26,GGB233001047,36829,이화1리앞,126.795217,37.047133,1
GGB233000015,4,27,GGB233001384,36950,두레자연중고교,126.795617,37.056167,1
GGB233000015,4,28,GGB233001054,36825,석천1리포도원,126.793817,37.058233,1
GGB233000015,4,29,GGB233001057,36824,기아2차아파트앞,126.7929,37.060967,1
GGB233000015,4,30,GGB233001011,37474,화산삼거리,126.79335,37.062867,1
GGB233000015,4,31,GGB233000477,36904,기아생활관,126.795883,37.0643,1
GGB233000015,4,32,GGB233001780,37839,장자터,126.80225,37.066417,1
GGB233000015,4,33,GGB233000476,37434,사곡1리,126.80925,37.0689,1
GGB233000015,4,34,GGB233002512,55389,장안우체국,126.81395,37.072117,1
GGB233000015,4,35,GGB233000487,37431,사곡사거리,126.81535,37.074917,1
GGB233000015,4,36,GGB233000486,36917,장안여자중학교,126.815433,37.0786,1
GGB233000015,4,37,GGB233001434,55077,조암시장,126.815617,37.081533,1
GGB233000015,4,38,GGB233000992,36797,장안여자중학교,126.815233,37.07855,1
GGB233000015,4,39,GGB233000496,36910,사곡사거리,126.815217,37.074833,1
GGB233000015,4,40,GGB233000412,36863,경진여객차고지,126.8163,37.072983,1
GGB233000025,9,1,GGB233001064,36104,경진여객차고지,126.8164,37.07295,1
GGB233000025,9,2,GGB233000487,37431,사곡사거리,126.81535,37.074917,1
GGB233000025,9,3,GGB233000486,36917,장안여자중학교,126.815433,37.0786,1
GGB233000025,9,4,GGB233001434,55077,조암시장,126.815617,37.081533,1
GGB233000025,9,5,GGB233000992,36797,장안여자중학교,126.815233,37.07855,1
GGB233000025,9,6,GGB233000496,36910,사곡사거리,126.815217,37.074833,1
GGB233000025,9,7,GGB233002511,55388,장안우체국,126.81385,37.072167,1
GGB233000025,9,8,GGB233002278,36617,화산5리,126.8109,37.070233,1
GGB233000025,9,9,GGB233000993,37478,사곡1리,126.809217,37.069083,1
GGB233000025,9,10,GGB233001776,37834,장자터,126.802167,37.066483,1
GGB233000025,9,11,GGB233000485,36918,기아생활관,126.795767,37.06445,1
GGB233000025,9,12,GGB233001554,36701,화산삼거리,126.793183,37.063,1
GGB233000025,9,13,GGB233000399,36438,화산리,126.7915,37.062367,1
GGB233000025,9,14,GGB233001185,36786,화산1리,126.789767,37.062,1
GGB233000025,9,15,GGB233001003,37477,석천2리입구,126.782033,37.057367,1
GGB233000025,9,16,GGB233000177,36580,매향2리입구,126.772583,37.052117,1
GGB233000025,9,17,GGB233001245,36922,매향2리,126.769483,37.05095,1
GGB233000025,9,18,GGB233001777,37835,매향3리입구,126.7649,37.052,1
GGB233000025,9,19,GGB233001377,37388,노루물입구,126.763117,37.053133,1
GGB233000025,9,20,GGB233001378,37518,매향3리회센터,126.7574,37.055217,1
GGB233000025,9,21,GGB233003114,36991,매향3리선착장,126.7332,37.074217,1
GGB233000025,9,22,GGB233001799,37837,궁평항,126.683783,37.114983,1
GGB233000025,9,23,GGB277102349,,궁평리(미정차),126.68825,37.109017,1
GGB233000025,9,24,GGB277102350,,궁평리(미정차),126.70105,37.099033,1
GGB233000025,9,25,GGB277102351,,매향리(미정차),126.717517,37.0861,1
GGB233000025,9,26,GGB233003115,36992,매향3리선착장,126.7329,37.073983,1
GGB233000025,9,27,GGB233001778,37836,매향3리회센터,126.757217,37.05505,1
GGB233000025,9,28,GGB233001380,36990,노루물입구,126.762967,37.053,1
GGB233000025,9,29,GGB233001779,37838,매향3리.가로지입구,126.7648,37.051817,1
GGB233000025,9,30,GGB233000479,36921,매향2리,126.768333,37.050283,1
GGB233000025,9,31,GGB233000178,36581,매향2리입구,126.772767,37.051933,1
GGB233000025,9,32,GGB233000478,36903,석천2리입구,126.7812,37.056333,1
GGB233000025,9,33,GGB233001010,37475,화산1리입구,126.787867,37.060883,1
GGB233000025,9,34,GGB233001011,37474,화산삼거리,126.79335,37.062867,1
GGB233000025,9,35,GGB233000477,36904,기아생활관,126.795883,37.0643,1
GGB233000025,9,36,GGB233001780,37839,장자터,126.80225,37.066417,1
GGB233000025,9,37,GGB233000476,37434,사곡1리,126.80925,37.0689,1
GGB233000025,9,38,GGB233002279,36618,화산5리,126.81095,37.070117,1
GGB233000025,9,39,GGB233002512,55389,장안우체국,126.81395,37.072117,1
GGB233000025,9,40,GGB233000487,37431,사곡사거리,126.81535,37.074917,1
GGB233000025,9,41,GGB233000486,36917,장안여자중학교,126.815433,37.0786,1
GGB233000025,9,42,GGB233001434,55077,조암시장,126.815617,37.081533,1
GGB233000025,9,43,GGB233000992,36797,장안여자중학교,126.815233,37.07855,1
GGB233000025,9,44,GGB233000496,36910,사곡사거리,126.815217,37.074833,1
GGB233000025,9,45,GGB233000412,36863,경진여객차고지,126.8163,37.072983,1
GGB233000040,6,1,GGB233001064,36104,경진여객차고지,126.8164,37.07295,1
GGB233000040,6,2,GGB233000487,37431,사곡사거리,126.81535,37.074917,1
GGB233000040,6,3,GGB233000486,36917,장안여자중학교,126.815433,37.0786,1
GGB233000040,6,4,GGB233001434,55077,조암시장,126.815617,37.081533,1
GGB233000040,6,5,GGB233000372,37397,조암8리,126.81045,37.081267,1
GGB233000040,6,6,GGB233000371,36836,우정초등학교,126.8017,37.080817,1
GGB233000040,6,7,GGB233000370,36837,조암4리앞,126.796367,37.082267,1
GGB233000040,6,8,GGB233001156,37487,운평2리,126.780733,37.084583,1
GGB233000040,6,9,GGB233002328,55159,운평리,126.782017,37.0909,1
GGB233000040,6,10,GGB233001390,37544,원안3리,126.785867,37.096833,1
GGB233000040,6,11,GGB233001391,37543,원안2리,126.786267,37.100617,1
GGB233000040,6,12,GGB233001393,36724,복지회관,126.783717,37.100233,1
GGB233000040,6,13,GGB233001396,36968,거물마을,126.779,37.103317,1
GGB233000040,6,14,GGB233001397,36967,원안1리종점,126.776867,37.105683,1
GGB233000040,6,15,GGB277101677,,원안1리(미정차),126.77745,37.104783,1
GGB233000040,6,16,GGB233001398,36966,거물마을,126.778883,37.103367,1
GGB233000040,6,17,GGB233001399,36723,복지회관,126.783667,37.1002,1
GGB233000040,6,18,GGB233001507,37404,원안2리,126.786383,37.100433,1
GGB233000040,6,19,GGB233000454,36890,원안3리,126.791033,37.1004,1
GGB233000040,6,20,GGB233001400,36720,관음사입구,126.79745,37.101683,1
GGB233000040,6,21,GGB233001786,37825,봉래사,126.798033,37.1053,1
GGB233000040,6,22,GGB233000453,37440,만세길방문자센터.화수2리,126.7997,37.109083,1
GGB233000040,6,23,GGB233000452,36891,화수사거리,126.802067,37.109767,1
GGB233000040,6,24,GGB233001569,37622,경신,126.8133,37.115267,1
GGB233000040,6,25,GGB233001401,36965,금의2리,126.816417,37.11655,1
GGB233000040,6,26,GGB233000451,36892,주곡1리,126.819533,37.116317,1
GGB233000040,6,27,GGB233002184,55157,주곡1리,126.825,37.1175,1
GGB233000040,6,28,GGB233000450,36893,금의3리,126.8278,37.11715,1
GGB233000040,6,29,GGB233001932,37947,석포3리,126.831133,37.120533,1
GGB233000040,6,30,GGB233000449,37441,석포3리,126.83185,37.12125,1
GGB233000040,6,31,GGB233000448,36894,석포2리,126.835133,37.1264,1
GGB233000040,6,32,GGB233000447,36895,석포2리,126.837517,37.129117,1
GGB233000040,6,33,GGB233000446,37442,석포초등학교,126.840117,37.130017,1
GGB233000040,6,34,GGB233000445,36896,석포삼거리,126.843617,37.130717,1
GGB233000040,6,35,GGB233000444,36897,서근리,126.85235,37.12745,1
GGB233000040,6,36,GGB233000443,37443,서근리,126.8575,37.12615,1
GGB233000040,6,37,GGB233000441,36899,화당리,126.865217,37.121667,1
GGB233000040,6,38,GGB233000440,36900,월문리,126.869067,37.119317,1
GGB233000040,6,39,GGB233000439,37444,월문초등학교,126.8714,37.117867,1
GGB233000040,6,40,GGB233000438,36901,월문리온천입구,126.877233,37.114317,1
GGB233000040,6,41,GGB233001402,37206,해창1리.우리꽃식물원,126.882,37.113033,1
GGB233000040,6,42,GGB233000391,37217,매곡리,126.888467,37.11725,1
GGB233000040,6,43,GGB233000390,37225,한국폴리텍대학,126.8929,37.121783,1
GGB233000040,6,44,GGB233001388,37231,제암리,126.8963,37.124067,1
GGB233000040,6,45,GGB233000389,36874,동양빌딩앞,126.901917,37.127033,1
GGB233000040,6,46,GGB233000388,36875,만세구보건소앞,126.9049,37.128783,1
GGB233000040,6,47,GGB233000387,36876,발안만세시장,126.909417,37.1333,1
GGB233000040,6,48,GGB233001371,37273,장짐교차로,126.9113,37.135617,1
GGB233000040,6,49,GGB233001934,37940,KEB하나은행발안지점,126.910783,37.133367,1
GGB233000040,6,50,GGB233000817,37268,발안사거리.평리,126.91025,37.131533,1
GGB233000040,6,51,GGB233000816,37265,발안농협,126.909417,37.12945,1
GGB233000040,6,52,GGB233000815,37467,상신4리.벌말,126.900083,37.1124,1
GGB233000040,6,53,GGB233000814,36757,상신8리마을앞,126.900683,37.107267,1
GGB233000040,6,54,GGB233001529,37407,상신8리,126.901117,37.10395,1
GGB233000040,6,55,GGB233001530,37406,화성상신도시숲,126.901467,37.10125,1
GGB233000040,6,56,GGB233000813,37468,향남제약공단앞,126.90695,37.09595,1
GGB233000040,6,57,GGB233001531,37405,제약공단후문.구문천1리입구,126.910367,37.0902,1
GGB233000040,6,58,GGB233000812,36758,구문천리,126.91045,37.087383,1
GGB233000040,6,59,GGB233001761,37812,구문천공원,126.904817,37.086617,1
GGB233000040,6,60,GGB233001533,37461,발안산업단지,126.899867,37.0864,1
GGB233000040,6,61,GGB233001536,37458,구문천1리진입로,126.899667,37.080817,1
GGB233000040,6,62,GGB233001763,37813,현동목장앞,126.898233,37.077167,1
GGB233000040,6,63,GGB233001537,36734,구문천삼거리,126.895983,37.07605,1
GGB233000040,6,64,GGB233001793,37814,구문천5리(회차),126.8898,37.075533,1
GGB233000040,6,65,GGB233001539,36732,구문천리초록마을,126.892633,37.0715,1
GGB233000040,6,66,GGB233001541,37457,구문천3리,126.891033,37.07,1
GGB233000040,6,67,GGB233001540,36731,구문천리초록마을,126.892833,37.071483,1
GGB233000040,6,68,GGB233001538,36733,구문천삼거리,126.89605,37.076,1
GGB233000040,6,69,GGB233001765,37816,현동목장앞,126.898883,37.077333,1
GGB233000040,6,70,GGB233001535,37459,구문천1리진입로,126.8998,37.080967,1
GGB233000040,6,71,GGB233001534,37460,발안산업단지,126.899883,37.086167,1
GGB233000040,6,72,GGB233001767,37817,구문천공원,126.9047,37.086317,1
GGB233000040,6,73,GGB233001768,37818,메탈산업단지,126.909617,37.086483,1
GGB233000040,6,74,GGB233000806,37469,구문천리,126.9108,37.08815,1
GGB233000040,6,75,GGB233000805,36759,제약공단후문.구문천1리입구,126.91075,37.090183,1
GGB233000040,6,76,GGB233000804,36760,한양수자인후문,126.90195,37.100817,1
GGB233000040,6,77,GGB233000803,37470,상신6리,126.90155,37.103983,1
GGB233000040,6,78,GGB233000802,36761,상신1리마을앞,126.901167,37.107367,1
GGB233000040,6,79,GGB233000801,36762,벌말.상신4리,126.900517,37.111383,1
GGB233000040,6,80,GGB277101611,,제암교차로(미정차),126.902417,37.11885,1
GGB233000040,6,81,GGB233001936,37277,발안기업은행,126.91015,37.130283,1
GGB233000040,6,82,GGB233001565,37625,발안사거리.평리,126.910533,37.131717,1
GGB233000040,6,83,GGB233001769,37809,장짐교차로.축산농협,126.9109,37.135583,1
GGB233000040,6,84,GGB233001394,36925,발안만세시장,126.90845,37.132567,1
GGB233000040,6,85,GGB233002695,36629,발안1리경로당,126.906233,37.131033,1
GGB233000040,6,86,GGB233000385,36844,만세구보건소앞,126.904933,37.129067,1
GGB233000040,6,87,GGB233000384,37248,동양빌딩앞,126.901833,37.12725,1
GGB233000040,6,88,GGB233001395,37230,제암리,126.89605,37.124117,1
GGB233000040,6,89,GGB233001555,37224,한국폴리텍대학,126.892717,37.1219,1
GGB233000040,6,90,GGB233000926,37216,매곡리,126.888383,37.117433,1
GGB233000040,6,91,GGB233000927,37205,해창1리.우리꽃식물원,126.88195,37.113133,1
GGB233000040,6,92,GGB233000464,36883,월문온천,126.87755,37.114433,1
GGB233000040,6,93,GGB233000463,37437,월문초등학교,126.871517,37.1179,1
GGB233000040,6,94,GGB233001353,36934,월문리,126.869017,37.119517,1
GGB233000040,6,95,GGB233000462,36884,화당리,126.864833,37.122017,1
GGB233000040,6,96,GGB233001354,36933,서근리,126.857533,37.12625,1
GGB233000040,6,97,GGB233001355,36932,서근리(느락골),126.851033,37.127883,1
GGB233000040,6,98,GGB233001356,37526,석포삼거리,126.843917,37.130833,1
GGB233000040,6,99,GGB233000461,36885,석포4리,126.839583,37.13005,1
GGB233000040,6,100,GGB233000460,37438,석포2리,126.837217,37.129267,1
GGB233000040,6,101,GGB233001403,37542,석포2리,126.834967,37.126333,1
GGB233000040,6,102,GGB233001414,36924,석포3리,126.83165,37.121317,1
GGB233000040,6,103,GGB233000459,36886,석포3리,126.830883,37.120617,1
GGB233000040,6,104,GGB233000458,36887,금의3리,126.827767,37.11735,1
GGB233000040,6,105,GGB233000457,36888,주곡1리,126.824983,37.11765,1
GGB233000040,6,106,GGB233001416,37538,주곡1리입구,126.818817,37.116483,1
GGB233000040,6,107,GGB233000456,37439,금의2리,126.81645,37.116617,1
GGB233000040,6,108,GGB233001563,37627,경신,126.813117,37.11525,1
GGB233000040,6,109,GGB233001522,37414,주곡2리입구,126.80385,37.110383,1
GGB233000040,6,110,GGB233001405,36964,만세길방문자센터.화수2리,126.799633,37.109167,1
GGB233000040,6,111,GGB233001406,36718,관음사입구,126.797317,37.1017,1
GGB233000040,6,112,GGB233001407,37541,원안3리,126.790933,37.1005,1
GGB233000040,6,113,GGB233001408,36963,원안2리,126.786467,37.100533,1
GGB233000040,6,114,GGB233001393,36724,복지회관,126.783717,37.100233,1
GGB233000040,6,115,GGB233001396,36968,거물마을,126.779,37.103317,1
GGB233000040,6,116,GGB233001397,36967,원안1리종점,126.776867,37.105683,1
GGB233000040,6,117,GGB277101677,,원안1리(미정차),126.77745,37.104783,1
GGB233000040,6,118,GGB233001398,36966,거물마을,126.778883,37.103367,1
GGB233000040,6,119,GGB233001399,36723,복지회관,126.783667,37.1002,1
GGB233000040,6,120,GGB233000455,36889,원안2리,126.786183,37.100567,1
GGB233000040,6,121,GGB233000405,36868,원안3리,126.7858,37.096733,1
GGB233000040,6,122,GGB233002327,55158,운평리,126.78195,37.090967,1
GGB233000040,6,123,GGB233000404,37452,운평2리,126.7807,37.0845,1
GGB233000040,6,124,GGB233001159,37486,조암4리앞,126.796367,37.0822,1
GGB233000040,6,125,GGB233001160,36788,우정초등학교,126.801667,37.0807,1
GGB233000040,6,126,GGB233001161,36787,금광아파트,126.810517,37.081167,1
GGB233000040,6,127,GGB233001434,55077,조암시장,126.815617,37.081533,1
GGB233000040,6,128,GGB233000992,36797,장안여자중학교,126.815233,37.07855,1
GGB233000040,6,129,GGB233000496,36910,사곡사거리,126.815217,37.074833,1
GGB233000040,6,130,GGB233000412,36863,경진여객차고지,126.8163,37.072983,1
GGB233000046,8,1,GGB233001064,36104,경진여객차고지,126.8164,37.07295,1
GGB233000046,8,2,GGB233000487,37431,사곡사거리,126.81535,37.074917,1
GGB233000046,8,3,GGB233000486,36917,장안여자중학교,126.815433,37.0786,1
GGB233000046,8,4,GGB233000928,36013,조암시장.조암성당,126.815733,37.082317,1
GGB233000046,8,5,GGB233001078,36820,조암조원마을,126.816033,37.08515,1
GGB233000046,8,6,GGB233002091,55066,우정읍행정복지센터,126.816567,37.088383,1
GGB233000046,8,7,GGB233001071,36821,한각리입구,126.81645,37.09215,1
GGB233000046,8,8,GGB233001077,37494,멱우2리부대앞,126.815183,37.095767,1
GGB233000046,8,9,GGB233001081,36819,멱우2리,126.813833,37.1021,1
GGB233000046,8,10,GGB233001352,37527,멱우1리,126.80795,37.106067,1
GGB233000046,8,11,GGB233000452,36891,화수사거리,126.802067,37.109767,1
GGB233000046,8,12,GGB233001569,37622,경신,126.8133,37.115267,1
GGB233000046,8,13,GGB233001401,36965,금의2리,126.816417,37.11655,1
GGB233000046,8,14,GGB233001411,36962,주곡1리입구,126.819167,37.1168,1
GGB233000046,8,15,GGB233003195,36651,배진개,126.819317,37.1193,1
GGB233000046,8,16,GGB233000425,37447,주곡1리마을회관,126.817183,37.125817,1
GGB233000046,8,17,GGB233002866,37580,주곡리.주곡교회,126.815533,37.127783,1
GGB233000046,8,18,GGB233002865,37667,주곡1리.박우물,126.81205,37.134083,1
GGB233000046,8,19,GGB233001517,37420,석포6리입구,126.818117,37.139283,1
GGB233000046,8,20,GGB233000423,36574,석포1리.한절,126.826017,37.142783,1
GGB233000046,8,21,GGB233000811,36575,석포1리.돌서지,126.83135,37.142933,1
GGB233000046,8,22,GGB233001381,36928,석포5리마을회관,126.840683,37.14525,1
GGB233000046,8,23,GGB233001382,36927,석포5리.방농장,126.842,37.143217,1
GGB233000046,8,24,GGB233001385,36926,석포산업단지,126.838883,37.140683,1
GGB233000046,8,25,GGB233000445,36896,석포삼거리,126.843617,37.130717,1
GGB233000046,8,26,GGB233000444,36897,서근리,126.85235,37.12745,1
GGB233000046,8,27,GGB233000443,37443,서근리,126.8575,37.12615,1
GGB233000046,8,28,GGB233000441,36899,화당리,126.865217,37.121667,1
GGB233000046,8,29,GGB233000440,36900,월문리,126.869067,37.119317,1
GGB233000046,8,30,GGB233000439,37444,월문초등학교,126.8714,37.117867,1
GGB233000046,8,31,GGB233000438,36901,월문리온천입구,126.877233,37.114317,1
GGB233000046,8,32,GGB233001402,37206,해창1리.우리꽃식물원,126.882,37.113033,1
GGB233000046,8,33,GGB233000391,37217,매곡리,126.888467,37.11725,1
GGB233000046,8,34,GGB233000390,37225,한국폴리텍대학,126.8929,37.121783,1
GGB233000046,8,35,GGB233001388,37231,제암리,126.8963,37.124067,1
GGB233000046,8,36,GGB233000389,36874,동양빌딩앞,126.901917,37.127033,1
GGB233000046,8,37,GGB233000525,37250,우림아파트.화성노인회관,126.902817,37.127867,1
GGB233000046,8,38,GGB233000524,37245,주공아파트,126.899967,37.130483,1
GGB233000046,8,39,GGB233002157,55156,장짐삼거리앞,126.899633,37.139233,1
GGB233000046,8,40,GGB233000925,37234,지월리입구,126.89805,37.145067,1
GGB233000046,8,41,GGB233000546,37240,수목원,126.8992,37.147983,1
GGB233000046,8,42,GGB233001557,37241,구장리새터말입구,126.8992,37.153517,1
GGB233000046,8,43,GGB233000545,36907,구장1리,126.899117,37.155567,1
GGB233000046,8,44,GGB233000521,37252,팔탄초등학교,126.90325,37.159483,1
GGB233000046,8,45,GGB233000516,37254,팔탄면행정복지센터,126.904183,37.162267,1
GGB233000046,8,46,GGB233001029,37253,팔탄면행정복지센터,126.903967,37.162267,1
GGB233000046,8,47,GGB233000517,37251,팔탄초등학교,126.903183,37.159633,1
GGB233000046,8,48,GGB233000923,36803,구장1리(새터말.율암리),126.8989,37.155217,1
GGB233000046,8,49,GGB233002351,55256,구장리새터말입구,126.89905,37.153467,1
GGB233000046,8,50,GGB233000528,37242,수목원,126.899183,37.148467,1
GGB233000046,8,51,GGB233000527,37235,지월리입구,126.897367,37.143817,1
GGB233000046,8,52,GGB233002156,55114,장짐삼거리앞,126.899367,37.138717,1
GGB233000046,8,53,GGB233001935,37941,발안주공아파트,126.899083,37.131067,1
GGB233000046,8,54,GGB233000523,36908,발안마을주공아파트,126.900683,37.129383,1
GGB233000046,8,55,GGB233000522,37428,우림아파트.화성노인회관,126.902067,37.1282,1
GGB233000046,8,56,GGB233000384,37248,동양빌딩앞,126.901833,37.12725,1
GGB233000046,8,57,GGB233001395,37230,제암리,126.89605,37.124117,1
GGB233000046,8,58,GGB233001555,37224,한국폴리텍대학,126.892717,37.1219,1
GGB233000046,8,59,GGB233000926,37216,매곡리,126.888383,37.117433,1
GGB233000046,8,60,GGB233000927,37205,해창1리.우리꽃식물원,126.88195,37.113133,1
GGB233000046,8,61,GGB233000464,36883,월문온천,126.87755,37.114433,1
GGB233000046,8,62,GGB233000463,37437,월문초등학교,126.871517,37.1179,1
GGB233000046,8,63,GGB233001353,36934,월문리,126.869017,37.119517,1
GGB233000046,8,64,GGB233000462,36884,화당리,126.864833,37.122017,1
GGB233000046,8,65,GGB233001354,36933,서근리,126.857533,37.12625,1
GGB233000046,8,66,GGB233001355,36932,서근리(느락골),126.851033,37.127883,1
GGB233000046,8,67,GGB233001356,37526,석포삼거리,126.843917,37.130833,1
GGB233000046,8,68,GGB233001514,37423,석포1리입구,126.8412,37.134467,1
GGB233000046,8,69,GGB233000437,36902,석포리,126.839,37.140683,1
GGB233000046,8,70,GGB233000436,36849,석포5리,126.8419,37.142983,1
GGB233000046,8,71,GGB233000435,37445,석포5리마을회관앞,126.840617,37.145383,1
GGB233000046,8,72,GGB233001516,37422,석포1리.돌서지,126.83135,37.143033,1
GGB233000046,8,73,GGB233001515,37421,석포1리.한절,126.825867,37.142833,1
GGB233000046,8,74,GGB233002650,55078,석포6리입구,126.818167,37.1395,1
GGB233000046,8,75,GGB233000422,36856,주곡1리.박우물,126.81195,37.134117,1
GGB233000046,8,76,GGB233000421,36857,주곡교회.주곡리,126.815517,37.1277,1
GGB233000046,8,77,GGB233001521,37415,주곡1리마을회관,126.817067,37.125883,1
GGB233000046,8,78,GGB233003213,36656,배진개,126.819083,37.119267,1
GGB233000046,8,79,GGB233001416,37538,주곡1리입구,126.818817,37.116483,1
GGB233000046,8,80,GGB233000456,37439,금의2리,126.81645,37.116617,1
GGB233000046,8,81,GGB233001563,37627,경신,126.813117,37.11525,1
GGB233000046,8,82,GGB233001522,37414,주곡2리입구,126.80385,37.110383,1
GGB233000046,8,83,GGB233001117,37491,화수사거리,126.801883,37.109633,1
GGB233000046,8,84,GGB233001351,37607,멱우1리,126.807817,37.10605,1
GGB233000046,8,85,GGB233001426,36923,멱우2리,126.813717,37.102067,1
GGB233000046,8,86,GGB233001074,37495,멱우2리부대앞,126.8151,37.095767,1
GGB233000046,8,87,GGB233001068,36707,한각리입구,126.816417,37.091883,1
GGB233000046,8,88,GGB233001069,37496,우정읍복지센터.청소년문화의집,126.817067,37.089567,1
GGB233000046,8,89,GGB233002090,55065,우정읍행정복지센터,126.816367,37.088483,1
GGB233000046,8,90,GGB233001566,36700,조암조원마을,126.815783,37.085083,1
GGB233000046,8,91,GGB233001434,55077,조암시장,126.815617,37.081533,1
GGB233000046,8,92,GGB233000992,36797,장안여자중학교,126.815233,37.07855,1
GGB233000046,8,93,GGB233000496,36910,사곡사거리,126.815217,37.074833,1
GGB233000046,8,94,GGB233000412,36863,경진여객차고지,126.8163,37.072983,1
GGB233000048,1,1,GGB233001064,36104,경진여객차고지,126.8164,37.07295,1
GGB233000048,1,2,GGB233000487,37431,사곡사거리,126.81535,37.074917,1
GGB233000048,1,3,GGB233000486,36917,장안여자중학교,126.815433,37.0786,1
GGB233000048,1,4,GGB233002625,55396,조암농협,126.817467,37.082,1
GGB233000048,1,5,GGB233000930,37481,조암시장남쪽입구,126.819367,37.082783,1
GGB233000048,1,6,GGB233000931,37122,어은삼거리,126.82645,37.085517,1
GGB233000048,1,7,GGB233000515,37124,어은4리,126.8282,37.081767,1
GGB233000048,1,8,GGB233000932,37126,장안면행정복지센터,126.830417,37.078733,1
GGB233000048,1,9,GGB233000514,37129,사랑리,126.834,37.073433,1
GGB233000048,1,10,GGB233001248,37514,덕다2리앞,126.8376,37.069383,1
GGB233000048,1,11,GGB233000933,37131,덕다리입구,126.839267,37.066733,1
GGB233000048,1,12,GGB233000934,37136,독정1리,126.84605,37.0667,1
GGB233000048,1,13,GGB233000513,37140,독정삼거리,126.8495,37.07015,1
GGB233000048,1,14,GGB233001428,36981,장안9리입구,126.854467,37.0606,1
GGB233000048,1,15,GGB233000988,36709,장명초등학교,126.855483,37.057117,1
GGB233000048,1,16,GGB233001419,36985,장안6리,126.85635,37.052367,1
GGB233000048,1,17,GGB233000990,37479,장안6리,126.854633,37.049983,1
GGB233000048,1,18,GGB233001420,36722,장안3리,126.852017,37.041733,1
GGB233000048,1,19,GGB233001421,37536,장안8리,126.846583,37.037917,1
GGB233000048,1,20,GGB233001422,36984,장명초분교,126.844017,37.03795,1
GGB233000048,1,21,GGB233001423,36983,장안제일교회,126.843233,37.034633,1
GGB233000048,1,22,GGB233002320,55149,장안4리입구,126.839933,37.034133,1
GGB233000048,1,23,GGB233001425,37535,장안4리(고잔)종점,126.8373,37.036483,1
GGB233000048,1,24,GGB233002319,55148,장안4리입구,126.8398,37.03405,1
GGB233000048,1,25,GGB233001424,36982,장안제일교회,126.84335,37.0347,1
GGB233000048,1,26,GGB233001429,36980,장명초분교,126.843867,37.037483,1
GGB233000048,1,27,GGB233001430,37619,장안8리,126.8466,37.037783,1
GGB233000048,1,28,GGB233001431,36714,장안3리,126.8521,37.0416,1
GGB233000048,1,29,GGB233000991,36798,장안6리,126.85465,37.04985,1
GGB233000048,1,30,GGB233001432,36713,장안6리.물구리,126.856467,37.052333,1
GGB233000048,1,31,GGB233001770,37823,장명초교입구,126.855617,37.05585,1
GGB233000048,1,32,GGB233000989,36708,장명초등학교,126.855583,37.056983,1
GGB233000048,1,33,GGB233001418,36986,장안9리입구,126.854583,37.060633,1
GGB233000048,1,34,GGB233000503,37139,독정삼거리,126.849467,37.0703,1
GGB233000048,1,35,GGB233000502,37137,독정1리,126.845967,37.06685,1
GGB233000048,1,36,GGB233000501,37132,덕다리입구,126.839383,37.066833,1
GGB233000048,1,37,GGB233000500,36909,덕다2리앞(구래),126.837717,37.069417,1
GGB233000048,1,38,GGB233000499,37130,사랑리,126.83425,37.073417,1
GGB233000048,1,39,GGB233000498,37127,장안면행정복지센터,126.830567,37.078817,1
GGB233000048,1,40,GGB233000497,37125,어은4리,126.828367,37.0818,1
GGB233000048,1,41,GGB233001816,37792,어은삼거리,126.826567,37.08555,1
GGB233000048,1,42,GGB233002088,55067,삼괴중고교,126.821367,37.0884,1
GGB233000048,1,43,GGB233002090,55065,우정읍행정복지센터,126.816367,37.088483,1
GGB233000048,1,44,GGB233001566,36700,조암조원마을,126.815783,37.085083,1
GGB233000048,1,45,GGB233001434,55077,조암시장,126.815617,37.081533,1
GGB233000048,1,46,GGB233000992,36797,장안여자중학교,126.815233,37.07855,1
GGB233000048,1,47,GGB233000496,36910,사곡사거리,126.815217,37.074833,1
GGB233000048,1,48,GGB233000412,36863,경진여객차고지,126.8163,37.072983,1
GGB233000052,2-1,1,GGB233001064,36104,경진여객차고지,126.8164,37.07295,1
GGB233000052,2-1,2,GGB233000487,37431,사곡사거리,126.81535,37.074917,1
GGB233000052,2-1,3,GGB233000486,36917,장안여자중학교,126.815433,37.0786,1
GGB233000052,2-1,4,GGB233001434,55077,조암시장,126.815617,37.081533,1
GGB233000052,2-1,5,GGB233000992,36797,장안여자중학교,126.815233,37.07855,1
GGB233000052,2-1,6,GGB233000496,36910,사곡사거리,126.815217,37.074833,1
GGB233000052,2-1,7,GGB233002511,55388,장안우체국,126.81385,37.072167,1
GGB233000052,2-1,8,GGB233000993,37478,사곡1리,126.809217,37.069083,1
GGB233000052,2-1,9,GGB233001776,37834,장자터,126.802167,37.066483,1
GGB233000052,2-1,10,GGB233000485,36918,기아생활관,126.795767,37.06445,1
GGB233000052,2-1,11,GGB233001554,36701,화산삼거리,126.793183,37.063,1
GGB233000052,2-1,12,GGB233001185,36786,화산1리,126.789767,37.062,1
GGB233000052,2-1,13,GGB233001251,37513,화산1리마을회관,126.779883,37.0654,1
GGB233000052,2-1,14,GGB233001252,36941,화산1리종점,126.777433,37.065517,1
GGB233000052,2-1,15,GGB233001253,36940,화산1리마을회관,126.779733,37.065283,1
GGB233000052,2-1,16,GGB233001003,37477,석천2리입구,126.782033,37.057367,1
GGB233000052,2-1,17,GGB233001245,36922,매향2리,126.769483,37.05095,1
GGB233000052,2-1,18,GGB233001004,36796,양지편,126.765067,37.048433,1
GGB233000052,2-1,19,GGB233001015,36799,화성드림파크,126.76175,37.046717,1
GGB233000052,2-1,20,GGB233001007,37476,기아후문입구,126.758,37.0435,1
GGB233000052,2-1,21,GGB233000482,36919,매향,126.751517,37.040383,1
GGB233000052,2-1,22,GGB233000481,36920,고온리종점,126.748683,37.037083,1
GGB233000052,2-1,23,GGB277101618,,고온리종점(미정차),126.749983,37.038467,1
GGB233000052,2-1,24,GGB233001009,36831,매향삼거리,126.751817,37.04055,1
GGB233000052,2-1,25,GGB233001008,36832,기아후문입구,126.758333,37.04345,1
GGB233000052,2-1,26,GGB233001433,36583,인제카센터,126.765633,37.036767,1
GGB233000052,2-1,27,GGB233000475,36905,매향4리,126.7703,37.03945,1
GGB233000052,2-1,28,GGB233002267,55142,석천3리,126.770867,37.043,1
GGB233000052,2-1,29,GGB233002265,55141,매향리,126.767817,37.044533,1
GGB233000052,2-1,30,GGB233000479,36921,매향2리,126.768333,37.050283,1
GGB233000052,2-1,31,GGB233000478,36903,석천2리입구,126.7812,37.056333,1
GGB233000052,2-1,32,GGB233001010,37475,화산1리입구,126.787867,37.060883,1
GGB233000052,2-1,33,GGB233001011,37474,화산삼거리,126.79335,37.062867,1
GGB233000052,2-1,34,GGB233000477,36904,기아생활관,126.795883,37.0643,1
GGB233000052,2-1,35,GGB233001780,37839,장자터,126.80225,37.066417,1
GGB233000052,2-1,36,GGB233000476,37434,사곡1리,126.80925,37.0689,1
GGB233000052,2-1,37,GGB233002512,55389,장안우체국,126.81395,37.072117,1
GGB233000052,2-1,38,GGB233000487,37431,사곡사거리,126.81535,37.074917,1
GGB233000052,2-1,39,GGB233000486,36917,장안여자중학교,126.815433,37.0786,1
GGB233000052,2-1,40,GGB233001434,55077,조암시장,126.815617,37.081533,1
GGB233000052,2-1,41,GGB233000992,36797,장안여자중학교,126.815233,37.07855,1
GGB233000052,2-1,42,GGB233000496,36910,사곡사거리,126.815217,37.074833,1
GGB233000052,2-1,43,GGB233000412,36863,경진여객차고지,126.8163,37.072983,1
GGB233000058,7,1,GGB233001064,36104,경진여객차고지,126.8164,37.07295,1
GGB233000058,7,2,GGB233000487,37431,사곡사거리,126.81535,37.074917,1
GGB233000058,7,3,GGB233000486,36917,장안여자중학교,126.815433,37.0786,1
GGB233000058,7,4,GGB233001434,55077,조암시장,126.815617,37.081533,1
GGB233000058,7,5,GGB233000992,36797,장안여자중학교,126.815233,37.07855,1
GGB233000058,7,6,GGB233000496,36910,사곡사거리,126.815217,37.074833,1
GGB233000058,7,7,GGB233000412,36863,경진여객차고지,126.8163,37.072983,1
GGB233000058,7,8,GGB233000495,36911,사곡5리,126.816,37.068117,1
GGB233000058,7,9,GGB233000494,37429,사곡2리,126.815217,37.064533,1
GGB233000058,7,10,GGB233000493,36912,노진4리,126.81435,37.053533,1
GGB233000058,7,11,GGB233001146,36772,노진초등학교,126.809567,37.052617,1
GGB233000058,7,12,GGB233001147,36771,노진2리(노인정),126.812267,37.049017,1
GGB233000058,7,13,GGB233000467,37436,노진5리,126.8156,37.041917,1
GGB233000058,7,14,GGB233001291,36717,노진3리,126.817333,37.0363,1
GGB233000058,7,15,GGB233000466,36881,노진리종점,126.8193,37.03425,1
GGB233000058,7,16,GGB233001292,36716,노진3리,126.817333,37.036333,1
GGB233000058,7,17,GGB233001150,36769,노진5,126.815617,37.042,1
GGB233000058,7,18,GGB233001148,36770,노진2리(노인정),126.812383,37.049117,1
GGB233000058,7,19,GGB233000491,36914,노진초등학교,126.809633,37.052467,1
GGB233000058,7,20,GGB233000490,37430,노진리,126.814533,37.0534,1
GGB233000058,7,21,GGB233000489,36915,사곡2리,126.8154,37.064533,1
GGB233000058,7,22,GGB233000488,36916,사곡5리,126.816233,37.068233,1
GGB233000058,7,23,GGB233001064,36104,경진여객차고지,126.8164,37.07295,1
GGB233000058,7,24,GGB233000487,37431,사곡사거리,126.81535,37.074917,1
GGB233000058,7,25,GGB233000486,36917,장안여자중학교,126.815433,37.0786,1
GGB233000058,7,26,GGB233001434,55077,조암시장,126.815617,37.081533,1
GGB233000058,7,27,GGB233000992,36797,장안여자중학교,126.815233,37.07855,1
GGB233000058,7,28,GGB233000496,36910,사곡사거리,126.815217,37.074833,1
GGB233000058,7,29,GGB233000412,36863,경진여객차고지,126.8163,37.072983,1
GGB233000067,1004-1,1,GGB233001912,37932,전곡항.서해랑케이블카,126.6526,37.186983,1
GGB233000067,1004-1,2,GGB233001257,36939,전곡항입구,126.6568,37.19115,1
GGB233000067,1004-1,3,GGB233003116,37893,구름교차로,126.6709,37.194083,1
GGB233000067,1004-1,4,GGB233001737,37258,전곡산업단지,126.672083,37.185467,1
GGB233000067,1004-1,5,GGB233001258,37512,전곡2리.산업단지,126.683117,37.1888,1
GGB233000067,1004-1,6,GGB233001884,37924,전곡삼거리,126.68925,37.187167,1
GGB233000067,1004-1,7,GGB233001259,37357,전곡삼거리마트,126.691067,37.185667,1
GGB233000067,1004-1,8,GGB233001335,37504,봉화산입구,126.6922,37.18865,1
GGB233000067,1004-1,9,GGB233001260,37371,전곡2리마을회관.운천동,126.69215,37.191317,1
GGB233000067,1004-1,10,GGB233000351,37359,전곡1리마을회관,126.696833,37.197117,1
GGB233000067,1004-1,11,GGB233000350,37362,전곡1리.당고지,126.700433,37.199783,1
GGB233000067,1004-1,12,GGB233000484,37604,모즐저수지입구,126.705833,37.200983,1
GGB233000067,1004-1,13,GGB233000349,37363,칠곡리,126.71145,37.2034,1
GGB233000067,1004-1,14,GGB233001764,37815,양지말입구,126.715783,37.2052,1
GGB233000067,1004-1,15,GGB233000348,37365,육일1리.육도리,126.7194,37.207667,1
GGB233000067,1004-1,16,GGB233000688,37196,육일1리입구,126.72445,37.208483,1
GGB233000067,1004-1,17,GGB233000269,37369,육일리.육교동입구,126.728117,37.209583,1
GGB233000067,1004-1,18,GGB233001144,37490,사강2리,126.7305,37.212067,1
GGB233000067,1004-1,19,GGB233000855,37080,사강복지회관,126.732733,37.2127,1
GGB233000067,1004-1,20,GGB233000268,37084,사강시장,126.736667,37.213,1
GGB233000067,1004-1,21,GGB233000267,37088,사강정형외과,126.739,37.213333,1
GGB233000067,1004-1,22,GGB233000289,37094,봉가1리,126.744917,37.212283,1
GGB233000067,1004-1,23,GGB233000740,37098,돼지고개.삼존리물미,126.753767,37.2114,1
GGB233000067,1004-1,24,GGB233000739,37099,삼존리,126.75905,37.211183,1
GGB233000067,1004-1,25,GGB233002153,55096,슬항3리,126.762883,37.209333,1
GGB233000067,1004-1,26,GGB233000738,37102,구리섬휴게소,126.7647,37.208483,1
GGB233000067,1004-1,27,GGB233000737,37103,외국인보호소,126.76655,37.207967,1
GGB233000067,1004-1,28,GGB233000736,37106,마도사거리,126.77425,37.2069,1
GGB233000067,1004-1,29,GGB233000735,37107,재래시장.마도삼거리,126.780067,37.2063,1
GGB233000067,1004-1,30,GGB233000734,37110,두곡리,126.784167,37.2048,1
GGB233000067,1004-1,31,GGB233000733,37115,쌍송리입구.은장고개,126.789067,37.2022,1
GGB233000067,1004-1,32,GGB233000732,36008,남양6리.남양1리,126.801533,37.2039,1
GGB233000067,1004-1,33,GGB233000731,36009,우림아파트,126.80585,37.205483,1
GGB233000067,1004-1,34,GGB233002170,55115,경기수협.보건소,126.811883,37.206917,1
GGB233000067,1004-1,35,GGB233000841,36015,남양성지,126.817117,37.20775,1
GGB233000067,1004-1,36,GGB233000730,36019,남양사거리,126.81905,37.209133,1
GGB233000067,1004-1,37,GGB233000729,36025,(구)남양읍행정복지센터,126.8228,37.211517,1
GGB233000067,1004-1,38,GGB233000728,36029,루나포레아파트,126.830883,37.2152,1
GGB233000067,1004-1,39,GGB233001404,36719,유일병원,126.8323,37.217217,1
GGB233000067,1004-1,40,GGB233000727,36035,북양1리.봉림사,126.8321,37.21925,1
GGB233000067,1004-1,41,GGB233000726,36043,북양1리.염티고개,126.840217,37.222117,1
GGB233000067,1004-1,42,GGB233000725,37153,양노3리,126.85795,37.226633,1
GGB233000067,1004-1,43,GGB233002118,55087,양노리,126.859967,37.228667,1
GGB233000067,1004-1,44,GGB233000720,37200,구포리과수원,126.880517,37.2394,1
GGB233000067,1004-1,45,GGB233000719,37620,쌍학리.구포3리,126.892367,37.248133,1
GGB233000067,1004-1,46,GGB233000718,37237,숙곡리천불사,126.898217,37.24805,1
GGB233000067,1004-1,47,GGB233000712,37316,천천리입구,126.947467,37.243517,1
GGB233000067,1004-1,48,GGB233000711,37324,삼미.쌍용아파트,126.9533,37.2432,1
GGB233000067,1004-1,49,GGB201000025,2059,오목천동태산아파트.서희스타힐스,126.9642,37.245983,0
GGB233000067,1004-1,50,GGB201000024,2070,수원여자대학교입구,126.966883,37.246717,0
GGB233000067,1004-1,51,GGB201000365,2872,서수원주민편익시설,126.972717,37.248367,0
GGB233000067,1004-1,52,GGB201000023,2124,고색역.고색초교.태산아파트,126.9799,37.2504,0
GGB233000067,1004-1,53,GGB201000022,2131,삼성큰병원.대원.거산아파트,126.984967,37.251833,0
GGB233000067,1004-1,54,GGB201000336,2832,공구유통타운.중앙자동차매매단지,126.997067,37.257833,0
GGB233000067,1004-1,55,GGB201000432,2934,동남아파트,127.000433,37.260817,0
GGB233000067,1004-1,56,GGB201000590,2983,수원역환승센터(4승강장),126.9989,37.265183,0
GGB233000067,1004-1,57,GGB277103124,,벌터교차로(미정차),126.9963,37.2621,0
GGB233000067,1004-1,58,GGB201000020,2156,공구유통타운.중앙자동차매매단지,126.997067,37.25835,0
GGB233000067,1004-1,59,GGB201000064,2137,고색파출소.종합공구단지,126.986683,37.252633,0
GGB233000067,1004-1,60,GGB201000019,2128,연안아파트.삼성큰병원,126.983783,37.251817,0
GGB233000067,1004-1,61,GGB201000018,2122,고색역.고색초교.태산아파트,126.979667,37.25065,0
GGB233000067,1004-1,62,GGB201000488,2972,서수원주민편익시설,126.972333,37.248583,0
GGB233000067,1004-1,63,GGB201000017,2067,수원여자대학입구,126.965633,37.24675,0
GGB233000067,1004-1,64,GGB201000016,2058,오목천동태산아파트.서희스타힐스,126.96285,37.2458,0
GGB233000067,1004-1,65,GGB233000782,37325,삼미.쌍용아파트,126.953483,37.243433,1
GGB233000067,1004-1,66,GGB233000781,37321,천천리입구,126.94825,37.24385,1
GGB233000067,1004-1,67,GGB233000843,37238,숙곡리천불사,126.898733,37.248117,1
GGB233000067,1004-1,68,GGB233000780,37612,구포3리.쌍학리,126.892117,37.248383,1
GGB233000067,1004-1,69,GGB233000779,37207,구포리과수원,126.8821,37.24005,1
GGB233000067,1004-1,70,GGB233000773,37154,양노리,126.859567,37.228767,1
GGB233000067,1004-1,71,GGB233003082,55393,양노3리,126.8582,37.227283,1
GGB233000067,1004-1,72,GGB233000772,36042,북양1리.염티고개,126.839133,37.222233,1
GGB233000067,1004-1,73,GGB233000771,37776,북양1리,126.8318,37.218983,1
GGB233000067,1004-1,74,GGB233000770,36030,루나포레아파트,126.831233,37.215633,1
GGB233000067,1004-1,75,GGB233000769,36026,(구)남양읍행정복지센터,126.823517,37.212,1
GGB233000067,1004-1,76,GGB233000768,36021,남양사거리,126.81905,37.209367,1
GGB233000067,1004-1,77,GGB233000767,36014,남양성지,126.815433,37.207533,1
GGB233000067,1004-1,78,GGB233002171,55116,경기수협.보건소,126.81185,37.207033,1
GGB233000067,1004-1,79,GGB233000766,36010,우림아파트,126.806133,37.20565,1
GGB233000067,1004-1,80,GGB233000765,36007,남양6리.남양1리,126.800967,37.203983,1
GGB233000067,1004-1,81,GGB233001298,37114,은장고개,126.788283,37.202667,1
GGB233000067,1004-1,82,GGB233000764,37109,두곡리,126.783167,37.205533,1
GGB233000067,1004-1,83,GGB233000763,37108,재래시장.마도삼거리,126.780767,37.20635,1
GGB233000067,1004-1,84,GGB233000762,37105,마도사거리,126.7746,37.20715,1
GGB233000067,1004-1,85,GGB233003196,36652,화성직업훈련교정시설,126.770033,37.2076,1
GGB233000067,1004-1,86,GGB233000761,37104,외국인보호소,126.767117,37.20805,1
GGB233000067,1004-1,87,GGB233000857,37562,구리섬앞,126.7646,37.208717,1
GGB233000067,1004-1,88,GGB233000760,37101,구리섬휴게소,126.76305,37.209467,1
GGB233000067,1004-1,89,GGB233000759,37100,삼존리자동차성능시험장,126.760517,37.2108,1
GGB233000067,1004-1,90,GGB233000877,37097,돼지고개.삼존리물미,126.755383,37.211683,1
GGB233000067,1004-1,91,GGB233000878,37095,봉가1리,126.745317,37.212283,1
GGB233000067,1004-1,92,GGB233000858,37089,송산농협.사강정형외과,126.738617,37.2135,1
GGB233000067,1004-1,93,GGB233000859,37085,사강시장,126.73645,37.213183,1
GGB233000067,1004-1,94,GGB233000271,37081,사강복지회관,126.732567,37.212917,1
GGB233000067,1004-1,95,GGB233002285,37076,사강2리,126.729917,37.21165,1
GGB233000067,1004-1,96,GGB233000270,37370,육일리.육교동입구,126.727783,37.209417,1
GGB233000067,1004-1,97,GGB233000684,37195,육일1리입구,126.724667,37.208583,1
GGB233000067,1004-1,98,GGB233000347,37366,육일1리.육도리,126.7193,37.207717,1
GGB233000067,1004-1,99,GGB233001415,37539,양지말입구,126.715767,37.205283,1
GGB233000067,1004-1,100,GGB233001261,37364,칠곡리,126.711483,37.203567,1
GGB233000067,1004-1,101,GGB233000386,37455,모즐저수지입구,126.705467,37.200983,1
GGB233000067,1004-1,102,GGB233001925,37922,전곡1리.당고지,126.700333,37.199717,1
GGB233000067,1004-1,103,GGB233001926,37923,전곡1리마을회관,126.69685,37.1972,1
GGB233000067,1004-1,104,GGB233000346,37372,전곡2리마을회관.운천동,126.692017,37.1912,1
GGB233000067,1004-1,105,GGB233000311,37870,봉화산입구,126.691983,37.188633,1
GGB233000067,1004-1,106,GGB233001927,37780,전곡삼거리마트,126.690917,37.185633,1
GGB233000067,1004-1,107,GGB233001909,37782,전곡삼거리,126.689367,37.18715,1
GGB233000067,1004-1,108,GGB233001263,37511,전곡2리,126.682417,37.189267,1
GGB233000067,1004-1,109,GGB233000919,37293,전곡산업단지,126.672867,37.185667,1
GGB233000067,1004-1,110,GGB233003117,37595,구름교차로,126.672367,37.19365,1
GGB233000067,1004-1,111,GGB233001264,36938,전곡항입구,126.656467,37.19125,1
GGB233000067,1004-1,112,GGB233001886,37921,전곡항.서해랑케이블카,126.652667,37.187067,1
GGB233000077,1000,1,GGB233001903,37929,장외리.오리골,126.66635,37.176683,1
GGB233000077,1000,2,GGB233001928,55350,돈말입구,126.6638,37.17505,1
GGB233000077,1000,3,GGB233001850,55347,제부도입구,126.659683,37.17285,1
GGB233000077,1000,4,GGB233001293,37002,제부도입구,126.65835,37.17215,1
GGB233000077,1000,5,GGB233001872,37925,제부해수탕,126.659233,37.166933,1
GGB233000077,1000,6,GGB233000749,37006,개경촌,126.664283,37.164717,1
GGB233000077,1000,7,GGB233001294,37008,살고지입구,126.667183,37.162717,1
GGB233000077,1000,8,GGB233000748,37013,송교1리,126.669,37.1635,1
GGB233000077,1000,9,GGB233000312,37866,화남산단삼거리,126.671767,37.164,1
GGB233000077,1000,10,GGB233000747,37014,큰말입구,126.675,37.165867,1
GGB233000077,1000,11,GGB233000746,37017,장외리.지긋말,126.6785,37.168467,1
GGB233000077,1000,12,GGB233001873,37930,장외리,126.679133,37.170017,1
GGB233000077,1000,13,GGB233000745,37021,장외리,126.680833,37.174183,1
GGB233000077,1000,14,GGB233001875,37784,숲풀안앞,126.68565,37.1742,1
GGB233000077,1000,15,GGB233000850,37563,광평삼거리,126.6889,37.17475,1
GGB233000077,1000,16,GGB233001887,37928,느티나무앞,126.69135,37.1743,1
GGB233000077,1000,17,GGB233000851,37579,광평주유소,126.6951,37.1728,1
GGB233000077,1000,18,GGB233001561,37032,광평리,126.69745,37.172983,1
GGB233000077,1000,19,GGB233002542,36492,상안리,126.699833,37.171883,1
GGB233000077,1000,20,GGB233003118,55514,서신중학교후문,126.70175,37.1699,1
GGB233000077,1000,21,GGB233000852,37040,매화리,126.703633,37.1686,1
GGB233000077,1000,22,GGB233000853,37045,서신터미널,126.705233,37.1694,1
GGB233000077,1000,23,GGB233002545,36495,비우물,126.706417,37.17195,1
GGB233000077,1000,24,GGB233000344,37398,상안리삼거리,126.706683,37.173983,1
GGB233000077,1000,25,GGB233002315,55232,상안삼거리,126.706683,37.176967,1
GGB233000077,1000,26,GGB233000744,37057,상안2리.SK주유소,126.708033,37.179017,1
GGB233000077,1000,27,GGB233000743,37049,상안1.2리,126.706667,37.18275,1
GGB233000077,1000,28,GGB233000742,37059,상안1리,126.709817,37.1851,1
GGB233000077,1000,29,GGB233000741,37062,신흥사,126.713583,37.189817,1
GGB233000077,1000,30,GGB233000879,36767,한국발효.당성(상안리),126.716717,37.192983,1
GGB233000077,1000,31,GGB233000240,36357,육일2리.창말,126.720167,37.1967,1
GGB233000077,1000,32,GGB233000854,37068,육일2리.코스코밸리,126.72285,37.1995,1
GGB233000077,1000,33,GGB233001482,37557,육일리교차로,126.7244,37.203333,1
GGB233000077,1000,34,GGB233002330,55172,육일리마을회관,126.725867,37.208217,1
GGB233000077,1000,35,GGB233000269,37369,육일리.육교동입구,126.728117,37.209583,1
GGB233000077,1000,36,GGB233001144,37490,사강2리,126.7305,37.212067,1
GGB233000077,1000,37,GGB233000855,37080,사강복지회관,126.732733,37.2127,1
GGB233000077,1000,38,GGB233000268,37084,사강시장,126.736667,37.213,1
GGB233000077,1000,39,GGB233000267,37088,사강정형외과,126.739,37.213333,1
GGB233000077,1000,40,GGB233000289,37094,봉가1리,126.744917,37.212283,1
GGB233000077,1000,41,GGB233000740,37098,돼지고개.삼존리물미,126.753767,37.2114,1
GGB233000077,1000,42,GGB233000739,37099,삼존리,126.75905,37.211183,1
GGB233000077,1000,43,GGB233002153,55096,슬항3리,126.762883,37.209333,1
GGB233000077,1000,44,GGB233000738,37102,구리섬휴게소,126.7647,37.208483,1
GGB233000077,1000,45,GGB233000737,37103,외국인보호소,126.76655,37.207967,1
GGB233000077,1000,46,GGB233000736,37106,마도사거리,126.77425,37.2069,1
GGB233000077,1000,47,GGB233000735,37107,재래시장.마도삼거리,126.780067,37.2063,1
GGB233000077,1000,48,GGB233000734,37110,두곡리,126.784167,37.2048,1
GGB233000077,1000,49,GGB233000733,37115,쌍송리입구.은장고개,126.789067,37.2022,1
GGB233000077,1000,50,GGB233000732,36008,남양6리.남양1리,126.801533,37.2039,1
GGB233000077,1000,51,GGB233000731,36009,우림아파트,126.80585,37.205483,1
GGB233000077,1000,52,GGB233002170,55115,경기수협.보건소,126.811883,37.206917,1
GGB233000077,1000,53,GGB233000841,36015,남양성지,126.817117,37.20775,1
GGB233000077,1000,54,GGB233000730,36019,남양사거리,126.81905,37.209133,1
GGB233000077,1000,55,GGB233000729,36025,(구)남양읍행정복지센터,126.8228,37.211517,1
GGB233000077,1000,56,GGB233000728,36029,루나포레아파트,126.830883,37.2152,1
GGB233000077,1000,57,GGB233001404,36719,유일병원,126.8323,37.217217,1
GGB233000077,1000,58,GGB233000727,36035,북양1리.봉림사,126.8321,37.21925,1
GGB233000077,1000,59,GGB233000726,36043,북양1리.염티고개,126.840217,37.222117,1
GGB233000077,1000,60,GGB233000725,37153,양노3리,126.85795,37.226633,1
GGB233000077,1000,61,GGB233002118,55087,양노리,126.859967,37.228667,1
GGB233000077,1000,62,GGB233000724,37162,삼화리,126.863717,37.2362,1
GGB233000077,1000,63,GGB233000723,37169,천산아파트,126.865983,37.236467,1
GGB233000077,1000,64,GGB233000722,37171,비봉초등학교후문,126.868233,37.236217,1
GGB233000077,1000,65,GGB233000721,37186,비봉중고교.비봉면행정복지센터,126.8739,37.236867,1
GGB233000077,1000,66,GGB233002215,55930,비봉교차로,126.8783,37.23845,1
GGB233000077,1000,67,GGB233000720,37200,구포리과수원,126.880517,37.2394,1
GGB233000077,1000,68,GGB233000719,37620,쌍학리.구포3리,126.892367,37.248133,1
GGB233000077,1000,69,GGB233000718,37237,숙곡리천불사,126.898217,37.24805,1
GGB233000077,1000,70,GGB233000842,37565,어천역,126.909517,37.2492,1
GGB233000077,1000,71,GGB233002110,60116,어천2리마을회관앞,126.913067,37.250117,1
GGB233000077,1000,72,GGB233002149,55106,어천저수지,126.914783,37.251233,1
GGB233000077,1000,73,GGB233000717,37290,51사단,126.9209,37.250867,1
GGB233000077,1000,74,GGB233000716,37295,원평,126.923633,37.25005,1
GGB233000077,1000,75,GGB233000059,36020,원평사거리,126.925217,37.249367,1
GGB233000077,1000,76,GGB233000891,37298,매송초등학교,126.927217,37.2489,1
GGB233000077,1000,77,GGB233000715,37304,전승아파트,126.93055,37.246283,1
GGB233000077,1000,78,GGB233000714,37308,일광사,126.93945,37.2444,1
GGB233000077,1000,79,GGB233000713,37312,천천리,126.942017,37.244583,1
GGB233000077,1000,80,GGB233000712,37316,천천리입구,126.947467,37.243517,1
GGB233000077,1000,81,GGB233000711,37324,삼미.쌍용아파트,126.9533,37.2432,1
GGB233000077,1000,82,GGB201000429,2932,한국방송통신대학교,126.958367,37.241817,0
GGB233000077,1000,83,GGB233000593,36148,수영오거리.방송통신대입구,126.962517,37.237517,1
GGB233000077,1000,84,GGB233000592,36152,국립축산과학원,126.965867,37.236117,0
GGB233000077,1000,85,GGB233001574,37638,수영리검사소,126.968467,37.232483,1
GGB233000077,1000,86,GGB233000591,36159,화성시민캠퍼스,126.97035,37.229117,1
GGB233000077,1000,87,GGB233000590,36169,신일우남아파트,126.971617,37.2266,1
GGB233000077,1000,88,GGB233000589,36174,SK매직.우림그린빌리지,126.97205,37.224783,1
GGB233000077,1000,89,GGB233000588,36183,봉담이마트,126.9736,37.222533,1
GGB233000077,1000,90,GGB233000942,36187,와우농협앞,126.974433,37.218017,1
GGB233000077,1000,91,GGB233000944,36193,와우지구,126.976183,37.2159,1
GGB233000077,1000,92,GGB233000575,36210,수원대학교,126.979767,37.213833,1
GGB233000077,1000,93,GGB233002233,55121,안녕4통.고수문,126.98225,37.212633,1
GGB233000077,1000,94,GGB233002397,55343,융건릉사거리,126.987533,37.20785,1
GGB233000077,1000,95,GGB233001840,36996,융건릉입구,126.989017,37.206767,1
GGB233000077,1000,96,GGB233000277,36382,LH1단지,126.999033,37.205583,1
GGB233000077,1000,97,GGB233001228,36660,우미린센트포레1단지,127.001083,37.207983,1
GGB233000077,1000,98,GGB233000584,36289,용주사,127.0052,37.21055,1
GGB233000077,1000,99,GGB233000583,36302,우남블루존.원광병원,127.0092,37.209667,1
GGB233000077,1000,100,GGB233000582,36308,남수원현대아파트,127.0106,37.2071,1
GGB233000077,1000,101,GGB233000581,36314,안녕농협삼거리,127.014717,37.205183,1
GGB233000077,1000,102,GGB233000643,36315,송산동입구,127.0172,37.205567,1
GGB233000077,1000,103,GGB233000642,36327,동문아파트,127.022233,37.205367,1
GGB233000077,1000,104,GGB233000696,36336,진안5통.병점육교,127.030417,37.208617,1
GGB233000077,1000,105,GGB233000695,36338,병점역후문,127.032033,37.20605,1
GGB233000077,1000,106,GGB233001921,37933,유앤아이.화성시청소년수련관,127.034717,37.202317,1
GGB233000077,1000,107,GGB233000097,36348,한일타운아파트,127.03755,37.200233,1
GGB233000077,1000,108,GGB233001290,36364,성호아파트,127.041067,37.199883,1
GGB233000077,1000,109,GGB233001229,37516,우남퍼스트빌,127.04785,37.198917,1
GGB233000077,1000,110,GGB233001288,36689,서동탄역.신일해피트리(중),127.0525,37.1995,1
GGB233000077,1000,111,GGB233001286,36687,모아미래도.우림필유.평생학습관(중),127.057583,37.199267,1
GGB233000077,1000,112,GGB233001644,37589,센트럴파크뷰아파트(중),127.06335,37.1995,1
GGB233000077,1000,113,GGB233001224,36664,다은마을(중),127.067583,37.199983,1
GGB233000077,1000,114,GGB233002377,37664,동탄홈플러스.다은마을삼성래미안,127.0689,37.2018,1
GGB233000077,1000,115,GGB233001968,37666,롯데캐슬.복합문화센터,127.070767,37.201233,1
GGB233000077,1000,116,GGB233001639,37671,동탄2동행정복지센터,127.072883,37.196417,1
GGB233000077,1000,117,GGB233001961,37669,반송고등학교,127.077383,37.193217,1
GGB233000077,1000,118,GGB233001962,55130,사랑의교회,127.08085,37.193583,1
GGB233000077,1000,119,GGB233002383,37659,동탄2신도시홍보관,127.0845,37.1942,1
GGB233000077,1000,120,GGB233001641,55485,반도5차,127.0908,37.194167,1
GGB233000077,1000,121,GGB233001648,36993,신미주아파트,127.09255,37.192867,1
GGB233000077,1000,122,GGB233000995,36477,의료시설부지,127.100233,37.1876,1
GGB233000077,1000,123,GGB233000999,36501,리베라CC.헤리엇,127.099083,37.190717,1
GGB233000077,1000,124,GGB233000305,36384,그란비아스타,127.0991,37.193367,1
GGB233000077,1000,125,GGB233000978,36466,한화.린스트라우스,127.099083,37.195383,1
GGB233000077,1000,126,GGB233003085,55399,동탄역(동측),127.096283,37.19985,1
GGB233000077,1000,127,GGB233000137,36436,롯데캐슬.포스코더샵,127.098467,37.1997,1
GGB233000077,1000,128,GGB233001637,37658,린스트라우스.한화,127.098517,37.19625,1
GGB233000077,1000,129,GGB233000998,36502,헤리엇.리베라CC,127.098467,37.190733,1
GGB233000077,1000,130,GGB233000994,36480,공공청사부지,127.099833,37.187033,1
GGB233000077,1000,131,GGB233002494,37003,동탄초교,127.092983,37.188133,1
GGB233000077,1000,132,GGB233001649,37965,신미주아파트,127.092983,37.192967,1
GGB233000077,1000,133,GGB233001638,55484,반도5차,127.09145,37.194467,1
GGB233000077,1000,134,GGB233002382,37660,동탄2신도시홍보관,127.084517,37.194467,1
GGB233000077,1000,135,GGB233001706,37697,월드반도,127.080417,37.1931,1
GGB233000077,1000,136,GGB233001960,37661,반석초등학교,127.077467,37.1934,1
GGB233000077,1000,137,GGB233001640,37662,동탄2동행정복지센터,127.0726,37.19715,1
GGB233000077,1000,138,GGB233001734,37852,복합문화센터,127.0711,37.201117,1
GGB233000077,1000,139,GGB233002376,55277,동탄홈플러스,127.069317,37.202017,1
GGB233000077,1000,140,GGB233001220,37693,다은마을(중),127.06735,37.200383,1
GGB233000077,1000,141,GGB233001283,37590,센트럴파크뷰아파트(중),127.06415,37.199433,1
GGB233000077,1000,142,GGB233001285,36686,모아미래도.우림필유.평생학습관(중),127.058267,37.199483,1
GGB233000077,1000,143,GGB233001287,36688,서동탄역.신일해피트리(중),127.053333,37.199367,1
GGB233000077,1000,144,GGB233000068,36381,우남퍼스트빌,127.048533,37.199367,1
GGB233000077,1000,145,GGB233001289,36362,성호아파트,127.0428,37.199683,1
GGB233000077,1000,146,GGB233000098,36349,한일타운아파트,127.037733,37.2003,1
GGB233000077,1000,147,GGB233001920,37935,유앤아이.화성시청소년수련관,127.03435,37.203117,1
GGB233000077,1000,148,GGB233000701,36339,병점역후문,127.031917,37.206833,1
GGB233000077,1000,149,GGB233000950,36337,진안5통.병점육교,127.030883,37.208383,1
GGB233000077,1000,150,GGB233000670,36328,안용중학교.현충공원,127.02205,37.2056,1
GGB233000077,1000,151,GGB233000669,36318,송산동입구,127.017783,37.20585,1
GGB233000077,1000,152,GGB233000604,36312,안녕농협삼거리,127.01425,37.205283,1
GGB233000077,1000,153,GGB233000603,36307,남수원현대아파트,127.010517,37.207667,1
GGB233000077,1000,154,GGB233000602,36301,우남블루존.원광병원,127.009233,37.209833,1
GGB233000077,1000,155,GGB233000601,36288,용주사,127.004317,37.210533,1
GGB233000077,1000,156,GGB233001130,36281,우미린센트포레1단지,127.000817,37.208167,1
GGB233000077,1000,157,GGB233000276,36377,정조효공원.LH1단지,126.998717,37.205683,1
GGB233000077,1000,158,GGB233002538,36483,정조효공원,126.996417,37.20445,1
GGB233000077,1000,159,GGB233001841,36997,융건릉입구,126.989,37.207033,1
GGB233000077,1000,160,GGB233002398,55344,융건릉사거리,126.987783,37.207967,1
GGB233000077,1000,161,GGB233002234,55122,안녕4통.고수문,126.982783,37.212633,1
GGB233000077,1000,162,GGB233000576,36204,수원대학교,126.97915,37.214167,1
GGB233000077,1000,163,GGB233000945,36194,와우지구,126.976317,37.215983,1
GGB233000077,1000,164,GGB233001457,37529,와우농협앞,126.974633,37.218,1
GGB233000077,1000,165,GGB233000596,36186,신일해피트리1차,126.973933,37.222467,1
GGB233000077,1000,166,GGB233000595,36176,우림그린빌리지,126.972433,37.22455,1
GGB233000077,1000,167,GGB233000594,36172,광도와이드빌,126.971883,37.226583,1
GGB233000077,1000,168,GGB233000002,36161,화성시민캠퍼스,126.970433,37.229317,0
GGB233000077,1000,169,GGB233001986,55621,수영리검사소,126.968633,37.232683,0
GGB233000077,1000,170,GGB201000260,2069,국립축산과학원,126.966267,37.236117,0
GGB233000077,1000,171,GGB201000038,2051,수영오거리.방송통신대입구,126.9624,37.237717,1
GGB233000077,1000,172,GGB233000782,37325,삼미.쌍용아파트,126.953483,37.243433,1
GGB233000077,1000,173,GGB233000781,37321,천천리입구,126.94825,37.24385,1
GGB233000077,1000,174,GGB233000849,37313,천천리,126.942383,37.244667,1
GGB233000077,1000,175,GGB233000848,37309,일광사,126.9402,37.244517,1
GGB233000077,1000,176,GGB233000847,37305,전승아파트,126.930617,37.246383,1
GGB233000077,1000,177,GGB233002174,55188,매송초등학교,126.928117,37.2485,1
GGB233000077,1000,178,GGB233000055,36017,원평사거리,126.9249,37.2496,1
GGB233000077,1000,179,GGB233000846,37299,원평,126.923217,37.250367,1
GGB233000077,1000,180,GGB233000845,37291,51사단,126.920867,37.250967,1
GGB233000077,1000,181,GGB233002150,55107,어천저수지,126.914783,37.25135,1
GGB233000077,1000,182,GGB233002190,60117,어천2리마을회관앞,126.912883,37.25015,1
GGB233000077,1000,183,GGB233000844,37566,어천역,126.909517,37.2493,1
GGB233000077,1000,184,GGB233000843,37238,숙곡리천불사,126.898733,37.248117,1
GGB233000077,1000,185,GGB233000780,37612,구포3리.쌍학리,126.892117,37.248383,1
GGB233000077,1000,186,GGB233002321,55226,비봉교차로,126.8792,37.238833,1
GGB233000077,1000,187,GGB233000778,37183,비봉중고교.비봉면행정복지센터,126.873217,37.236717,1
GGB233000077,1000,188,GGB233000777,37170,비봉초등학교후문.삼화3리,126.86815,37.236317,1
GGB233000077,1000,189,GGB233000776,37168,천산아파트,126.865967,37.23655,1
GGB233000077,1000,190,GGB233000774,37161,삼화리.천산아파트,126.862933,37.2361,1
GGB233000077,1000,191,GGB233000773,37154,양노리,126.859567,37.228767,1
GGB233000077,1000,192,GGB233003082,55393,양노3리,126.8582,37.227283,1
GGB233000077,1000,193,GGB233000772,36042,북양1리.염티고개,126.839133,37.222233,1
GGB233000077,1000,194,GGB233000771,37776,북양1리,126.8318,37.218983,1
GGB233000077,1000,195,GGB233000770,36030,루나포레아파트,126.831233,37.215633,1
GGB233000077,1000,196,GGB233000769,36026,(구)남양읍행정복지센터,126.823517,37.212,1
GGB233000077,1000,197,GGB233000768,36021,남양사거리,126.81905,37.209367,1
GGB233000077,1000,198,GGB233000767,36014,남양성지,126.815433,37.207533,1
GGB233000077,1000,199,GGB233002171,55116,경기수협.보건소,126.81185,37.207033,1
GGB233000077,1000,200,GGB233000766,36010,우림아파트,126.806133,37.20565,1
GGB233000077,1000,201,GGB233000765,36007,남양6리.남양1리,126.800967,37.203983,1
GGB233000077,1000,202,GGB233001298,37114,은장고개,126.788283,37.202667,1
GGB233000077,1000,203,GGB233000764,37109,두곡리,126.783167,37.205533,1
GGB233000077,1000,204,GGB233000763,37108,재래시장.마도삼거리,126.780767,37.20635,1
GGB233000077,1000,205,GGB233000762,37105,마도사거리,126.7746,37.20715,1
GGB233000077,1000,206,GGB233003196,36652,화성직업훈련교정시설,126.770033,37.2076,1
GGB233000077,1000,207,GGB233000761,37104,외국인보호소,126.767117,37.20805,1
GGB233000077,1000,208,GGB233000857,37562,구리섬앞,126.7646,37.208717,1
GGB233000077,1000,209,GGB233000760,37101,구리섬휴게소,126.76305,37.209467,1
GGB233000077,1000,210,GGB233000759,37100,삼존리자동차성능시험장,126.760517,37.2108,1
GGB233000077,1000,211,GGB233000877,37097,돼지고개.삼존리물미,126.755383,37.211683,1
GGB233000077,1000,212,GGB233000878,37095,봉가1리,126.745317,37.212283,1
GGB233000077,1000,213,GGB233000858,37089,송산농협.사강정형외과,126.738617,37.2135,1
GGB233000077,1000,214,GGB233000859,37085,사강시장,126.73645,37.213183,1
GGB233000077,1000,215,GGB233000271,37081,사강복지회관,126.732567,37.212917,1
GGB233000077,1000,216,GGB233002285,37076,사강2리,126.729917,37.21165,1
GGB233000077,1000,217,GGB233000270,37370,육일리.육교동입구,126.727783,37.209417,1
GGB233000077,1000,218,GGB233000136,36440,육일리마을회관,126.724983,37.207283,1
GGB233000077,1000,219,GGB233001483,37556,육일리교차로,126.724283,37.2037,1
GGB233000077,1000,220,GGB233000860,37069,육일2리.코스코밸리,126.722883,37.200167,1
GGB233000077,1000,221,GGB233003215,36657,육일2리.창말,126.720117,37.19675,1
GGB233000077,1000,222,GGB233000758,37471,당성(상안리).한국발효,126.7167,37.193083,1
GGB233000077,1000,223,GGB233000861,37061,신흥사,126.713483,37.189817,1
GGB233000077,1000,224,GGB233000757,37058,상안1리,126.7097,37.185117,1
GGB233000077,1000,225,GGB233000756,37048,상안1.2리,126.7065,37.182583,1
GGB233000077,1000,226,GGB233000862,37054,상안2리.SK주유소,126.70815,37.179583,1
GGB233000077,1000,227,GGB233002316,55225,상안삼거리,126.706117,37.17495,1
GGB233000077,1000,228,GGB233000863,37043,서신,126.705083,37.169433,1
GGB233000077,1000,229,GGB233000324,37041,매화리,126.703633,37.1687,1
GGB233000077,1000,230,GGB233003119,55515,서신중학교후문,126.7018,37.169967,1
GGB233000077,1000,231,GGB233003025,,상안리,126.700283,37.171817,1
GGB233000077,1000,232,GGB233000755,37578,목성머리,126.6972,37.173117,1
GGB233000077,1000,233,GGB233000864,37031,광평리,126.694417,37.172983,1
GGB233000077,1000,234,GGB233001888,37927,느티나무앞,126.6914,37.174367,1
GGB233000077,1000,235,GGB233000754,37564,광평삼거리,126.688917,37.174817,1
GGB233000077,1000,236,GGB233001876,37783,숲풀안앞,126.6856,37.174283,1
GGB233000077,1000,237,GGB233000865,37020,장외리,126.6807,37.17425,1
GGB233000077,1000,238,GGB233001874,37926,장외리,126.679033,37.170017,1
GGB233000077,1000,239,GGB233000866,37016,장외리.지긋말,126.678317,37.1684,1
GGB233000077,1000,240,GGB233000867,37015,큰말입구,126.6748,37.165917,1
GGB233000077,1000,241,GGB233001744,37769,화남산단삼거리,126.6721,37.164267,1
GGB233000077,1000,242,GGB233000868,37012,송교1리,126.66925,37.163683,1
GGB233000077,1000,243,GGB233001299,36947,살고지입구,126.666583,37.16295,1
GGB233000077,1000,244,GGB233000871,37007,개경촌,126.664333,37.1648,1
GGB233000077,1000,245,GGB233000753,36763,제부해수탕,126.659,37.167183,1
GGB233000077,1000,246,GGB233000872,37001,제부도입구,126.65855,37.172117,1
GGB233000077,1000,247,GGB233001904,55349,제부도입구,126.660933,37.173567,1
GGB233000077,1000,248,GGB233001930,55351,돈말입구,126.663783,37.174817,1
GGB233000077,1000,249,GGB233001871,55348,장외리.오리골,126.666583,37.176783,1
GGB233000117,340-1,1,GGB233001266,60088,제약공단공원,126.900817,37.089467,1
GGB233000117,340-1,2,GGB233002472,55481,향남주공18단지,126.89775,37.098867,1
GGB233000117,340-1,3,GGB233002473,55483,향남부영16단지,126.897767,37.103867,1
GGB233000117,340-1,4,GGB233001548,55479,상신하길로주택,126.902867,37.105967,1
GGB233000117,340-1,5,GGB233002374,55339,서봉마을19단지,126.904,37.110317,1
GGB233000117,340-1,6,GGB233002417,36697,하길중학교,126.908817,37.1134,1
GGB233000117,340-1,7,GGB233002414,55289,향남부영7.롯데씨네마,126.911067,37.1144,1
GGB233000117,340-1,8,GGB233002478,55319,향남모아8단지,126.91445,37.113417,1
GGB233000117,340-1,9,GGB233001108,37284,향남주공2단지,126.917617,37.116733,1
GGB233000117,340-1,10,GGB233000618,37281,방축리,126.918667,37.120033,1
GGB233000117,340-1,11,GGB233002106,55081,단독주택단지,126.920183,37.12425,1
GGB233000117,340-1,12,GGB233002023,37999,신영지웰아파트,126.921717,37.125867,1
GGB233000117,340-1,13,GGB233002024,37998,한일베라채,126.924383,37.125833,1
GGB233000117,340-1,14,GGB233002073,55053,화성파크드림.한일베라체,126.927017,37.127217,1
GGB233000117,340-1,15,GGB233002025,37990,향남중고등학교,126.927183,37.128967,1
GGB233000117,340-1,16,GGB233001956,37957,상록하늘채,126.925233,37.131133,1
GGB233000117,340-1,17,GGB233002360,55252,향남홈플러스,126.922383,37.131567,1
GGB233000117,340-1,18,GGB233000633,37288,향남읍행정복지센터,126.919117,37.13175,1
GGB233000117,340-1,19,GGB233001026,37269,화성중앙병원.발안초등학교,126.9115,37.131183,1
GGB233000117,340-1,20,GGB233001565,37625,발안사거리.평리,126.910533,37.131717,1
GGB233000117,340-1,21,GGB233001558,37270,장짐교차로,126.91095,37.135967,1
GGB233000117,340-1,22,GGB233000924,37256,화성중고등학교,126.90605,37.137933,1
GGB233000117,340-1,23,GGB233002356,55238,장짐삼거리,126.901083,37.139633,1
GGB233000117,340-1,24,GGB233000925,37234,지월리입구,126.89805,37.145067,1
GGB233000117,340-1,25,GGB233000546,37240,수목원,126.8992,37.147983,1
GGB233000117,340-1,26,GGB233001557,37241,구장리새터말입구,126.8992,37.153517,1
GGB233000117,340-1,27,GGB233000545,36907,구장1리,126.899117,37.155567,1
GGB233000117,340-1,28,GGB233000521,37252,팔탄초등학교,126.90325,37.159483,1
GGB233000117,340-1,29,GGB233000516,37254,팔탄면행정복지센터,126.904183,37.162267,1
GGB233000117,340-1,30,GGB233002510,55387,마곡마을입구,126.900533,37.164167,1
GGB233000117,340-1,31,GGB233001030,37229,구장삼거리,126.896033,37.168017,1
GGB233000117,340-1,32,GGB233002052,55003,구장사거리앞,126.89335,37.16975,1
GGB233000117,340-1,33,GGB233002050,55019,창곡주유소앞,126.890783,37.174633,1
GGB233000117,340-1,34,GGB233001750,37766,창곡3리.독골,126.8896,37.178117,1
GGB233000117,340-1,35,GGB233002048,55005,우렁골입구,126.887317,37.181767,1
GGB233000117,340-1,36,GGB233001752,37772,창곡2리교회앞,126.884617,37.185583,1
GGB233000117,340-1,37,GGB233002229,55119,창곡1리,126.88415,37.186617,1
GGB233000117,340-1,38,GGB233000542,37209,금산사입구,126.88335,37.1899,1
GGB233000117,340-1,39,GGB233002045,55007,언창공단,126.8824,37.193367,1
GGB233000117,340-1,40,GGB233002168,55126,창곡1리입구,126.881283,37.196067,1
GGB233000117,340-1,41,GGB233000898,37575,청요사거리,126.880083,37.198267,1
GGB233000117,340-1,42,GGB277103612,,양노교차로(미정차),126.875717,37.223083,1
GGB233000117,340-1,43,GGB277101878,,숙곡교차로(미정차),126.898917,37.254583,1
GGB233000117,340-1,44,GGB233003012,55453,송라리,126.908883,37.281917,1
GGB233000117,340-1,45,GGB277102471,,양촌IC(미정차),126.914833,37.29825,0
GGB233000117,340-1,46,GGB225000124,26004,대야미삼거리,126.919133,37.325617,0
GGB233000117,340-1,47,GGB225000121,26073,군포국민체육센터,126.937767,37.339833,0
GGB233000117,340-1,48,GGB225000120,26079,용호고등학교,126.938883,37.34245,0
GGB233000117,340-1,49,GGB225000119,26084,당동주공아파트,126.94025,37.3442,0
GGB233000117,340-1,50,GGB225000118,26118,당동우체국,126.94465,37.35035,0
GGB233000117,340-1,51,GGB225000117,26128,군포1동행정복지센터.군포역,126.945533,37.352733,0
GGB233000117,340-1,52,GGB225000058,26137,군포중학교,126.947083,37.355867,0
GGB233000117,340-1,53,GGB225000057,26139,군포G샘병원,126.947817,37.357467,0
GGB233000117,340-1,54,GGB225000014,26141,당동지하차도.G샘병원,126.948383,37.360233,0
GGB233000117,340-1,55,GGB225000013,26135,금정IC,126.946317,37.365517,0
GGB233000117,340-1,56,GGB225000012,26126,금정가구거리,126.945183,37.367833,0
GGB233000117,340-1,57,GGB225000007,26167,금정역,126.942,37.372067,0
GGB233000117,340-1,58,GGB225000172,26212,금정역,126.943433,37.370717,0
GGB233000117,340-1,59,GGB225000015,26117,금정가구거리,126.944417,37.368617,0
GGB233000117,340-1,60,GGB225000114,26129,금정IC,126.945333,37.36655,0
GGB233000117,340-1,61,GGB225000113,26140,군포G샘병원,126.947883,37.35975,0
GGB233000117,340-1,62,GGB225000104,26138,군포중학교,126.947083,37.357,0
GGB233000117,340-1,63,GGB225000112,26136,군포1동행정복지센터.군포역,126.946417,37.354583,0
GGB233000117,340-1,64,GGB225000111,26119,당동우체국,126.944483,37.351233,0
GGB233000117,340-1,65,GGB225000110,26082,당동주공아파트,126.9397,37.344067,0
GGB233000117,340-1,66,GGB225000187,26168,용호고등학교,126.938317,37.342267,0
GGB233000117,340-1,67,GGB225000185,26074,군포국민체육센터,126.9374,37.3399,0
GGB233000117,340-1,68,GGB225000107,26003,대야미삼거리,126.919017,37.326117,0
GGB233000117,340-1,69,GGB277102545,,양촌IC(미정차),126.914683,37.298733,0
GGB233000117,340-1,70,GGB233003094,55421,송라리,126.9083,37.281867,1
GGB233000117,340-1,71,GGB277101700,,숙곡교차로(미정차),126.898733,37.254667,1
GGB233000117,340-1,72,GGB277103611,,양노교차로(미정차),126.8757,37.223533,1
GGB233000117,340-1,73,GGB233002167,55125,창곡1리입구,126.880917,37.196467,1
GGB233000117,340-1,74,GGB233002044,55018,언창공단,126.8823,37.193333,1
GGB233000117,340-1,75,GGB233000529,37208,금산사입구,126.88315,37.19,1
GGB233000117,340-1,76,GGB233002230,55120,창곡1리,126.883817,37.1874,1
GGB233000117,340-1,77,GGB233002046,55013,창곡2리교회앞,126.884967,37.184783,1
GGB233000117,340-1,78,GGB233002047,55006,자재이골입구,126.887233,37.1817,1
GGB233000117,340-1,79,GGB233001751,37761,창곡3리,126.889717,37.1774,1
GGB233000117,340-1,80,GGB233002049,55004,창곡주유소앞,126.890683,37.1746,1
GGB233000117,340-1,81,GGB233002051,55012,구장사거리앞,126.893017,37.169867,1
GGB233000117,340-1,82,GGB233001031,37228,구장삼거리,126.895917,37.167983,1
GGB233000117,340-1,83,GGB233002509,55386,마곡마을입구,126.900667,37.163917,1
GGB233000117,340-1,84,GGB233001029,37253,팔탄면행정복지센터,126.903967,37.162267,1
GGB233000117,340-1,85,GGB233000517,37251,팔탄초등학교,126.903183,37.159633,1
GGB233000117,340-1,86,GGB233000923,36803,구장1리(새터말.율암리),126.8989,37.155217,1
GGB233000117,340-1,87,GGB233002351,55256,구장리새터말입구,126.89905,37.153467,1
GGB233000117,340-1,88,GGB233000528,37242,수목원,126.899183,37.148467,1
GGB233000117,340-1,89,GGB233000527,37235,지월리입구,126.897367,37.143817,1
GGB233000117,340-1,90,GGB233002357,55239,장짐삼거리,126.901067,37.1395,1
GGB233000117,340-1,91,GGB233000526,37255,화성중고등학교,126.905933,37.137817,1
GGB233000117,340-1,92,GGB233001371,37273,장짐교차로,126.9113,37.135617,1
GGB233000117,340-1,93,GGB233001934,37940,KEB하나은행발안지점,126.910783,37.133367,1
GGB233000117,340-1,94,GGB233000632,37464,발안초등학교,126.912167,37.131033,1
GGB233000117,340-1,95,GGB233001023,37289,향남읍행정복지센터,126.91975,37.1315,1
GGB233000117,340-1,96,GGB233002326,55151,향남홈플러스,126.92235,37.131317,1
GGB233000117,340-1,97,GGB233001957,37958,대방노블랜드,126.925183,37.130933,1
GGB233000117,340-1,98,GGB233001852,37895,대방노블랜드.풍림아이원,126.927083,37.130317,1
GGB233000117,340-1,99,GGB233001853,37896,향남중고등학교,126.926917,37.128933,1
GGB233000117,340-1,100,GGB233002074,55051,한일베라체.화성파크드림,126.926817,37.127717,1
GGB233000117,340-1,101,GGB233001854,37897,한일베라체.행정초교,126.924217,37.126017,1
GGB233000117,340-1,102,GGB233001988,37978,신영지웰아파트,126.9217,37.12605,1
GGB233000117,340-1,103,GGB233002105,55085,단독주택단지,126.919867,37.124333,1
GGB233000117,340-1,104,GGB233001109,37280,방축리,126.918367,37.12,1
GGB233000117,340-1,105,GGB233000617,37283,향남주공2단지,126.917267,37.116983,1
GGB233000117,340-1,106,GGB233002415,55290,향남모아8단지,126.913683,37.113833,1
GGB233000117,340-1,107,GGB233002504,55381,롯데씨네마.향남부영7,126.910917,37.114617,1
GGB233000117,340-1,108,GGB233002274,55615,향남부영6단지,126.909333,37.11445,1
GGB233000117,340-1,109,GGB233002416,37274,하길중학교,126.907983,37.112583,1
GGB233000117,340-1,110,GGB233001945,55173,서봉마을19단지,126.903917,37.110483,1
GGB233000117,340-1,111,GGB233001547,55478,상신하길로주택,126.9027,37.106167,1
GGB233000117,340-1,112,GGB233002470,55482,향남부영16단지,126.8975,37.104,1
GGB233000117,340-1,113,GGB233002471,55480,향남주공18단지,126.897117,37.09915,1
GGB233000117,340-1,114,GGB233001262,60087,제약공단공원,126.900617,37.089317,1
GGB233000125,1008,1,GGB233002226,55109,현대기아연구소,126.844317,37.162017,1
GGB233000125,1008,2,GGB277102459,,현대기아연구소(미정차),126.844683,37.163967,1
GGB233000125,1008,3,GGB233002221,55111,온석2리앞,126.847067,37.167517,1
GGB233000125,1008,4,GGB233002224,55113,온석리입구,126.8454,37.173667,1
GGB233000125,1008,5,GGB233002225,55118,안장골입구,126.844283,37.179217,1
GGB233000125,1008,6,GGB233002295,55177,무송그린빌리지,126.845783,37.185817,1
GGB233000125,1008,7,GGB233001041,36045,무송1리마을입구,126.845217,37.188,1
GGB233000125,1008,8,GGB233002131,55105,그린빌라.롤링힐스,126.84205,37.189583,1
GGB233000125,1008,9,GGB233000148,36441,롤링힐스,126.839567,37.19185,1
GGB233000125,1008,10,GGB233000191,36037,대광아파트,126.834067,37.19425,1
GGB233000125,1008,11,GGB233000190,36036,공군부대입구,126.831267,37.19625,1
GGB233000125,1008,12,GGB233000189,36028,화성시청.모두누림센터,126.82845,37.198367,1
GGB233000125,1008,13,GGB233001943,36002,남양뉴타운.상가단지,126.825817,37.200917,1
GGB233000125,1008,14,GGB233000188,36804,남양뉴타운.양우내안애,126.824367,37.202283,1
GGB233000125,1008,15,GGB233001318,36023,남양중고교입구,126.82225,37.204367,1
GGB233000125,1008,16,GGB233000730,36019,남양사거리,126.81905,37.209133,1
GGB233000125,1008,17,GGB233000729,36025,(구)남양읍행정복지센터,126.8228,37.211517,1
GGB233000125,1008,18,GGB233000728,36029,루나포레아파트,126.830883,37.2152,1
GGB233000125,1008,19,GGB233001404,36719,유일병원,126.8323,37.217217,1
GGB233000125,1008,20,GGB233000727,36035,북양1리.봉림사,126.8321,37.21925,1
GGB233000125,1008,21,GGB233000726,36043,북양1리.염티고개,126.840217,37.222117,1
GGB233000125,1008,22,GGB233000725,37153,양노3리,126.85795,37.226633,1
GGB233000125,1008,23,GGB233002118,55087,양노리,126.859967,37.228667,1
GGB233000125,1008,24,GGB233000724,37162,삼화리,126.863717,37.2362,1
GGB233000125,1008,25,GGB233000723,37169,천산아파트,126.865983,37.236467,1
GGB233000125,1008,26,GGB233000722,37171,비봉초등학교후문,126.868233,37.236217,1
GGB233000125,1008,27,GGB233000721,37186,비봉중고교.비봉면행정복지센터,126.8739,37.236867,1
GGB233000125,1008,28,GGB233000720,37200,구포리과수원,126.880517,37.2394,1
GGB233000125,1008,29,GGB233000719,37620,쌍학리.구포3리,126.892367,37.248133,1
GGB233000125,1008,30,GGB233000718,37237,숙곡리천불사,126.898217,37.24805,1
GGB233000125,1008,31,GGB233000842,37565,어천역,126.909517,37.2492,1
GGB233000125,1008,32,GGB233002149,55106,어천저수지,126.914783,37.251233,1
GGB233000125,1008,33,GGB233000717,37290,51사단,126.9209,37.250867,1
GGB233000125,1008,34,GGB233000716,37295,원평,126.923633,37.25005,1
GGB233000125,1008,35,GGB233000059,36020,원평사거리,126.925217,37.249367,1
GGB233000125,1008,36,GGB233000891,37298,매송초등학교,126.927217,37.2489,1
GGB233000125,1008,37,GGB233000715,37304,전승아파트,126.93055,37.246283,1
GGB233000125,1008,38,GGB233000714,37308,일광사,126.93945,37.2444,1
GGB233000125,1008,39,GGB233000713,37312,천천리,126.942017,37.244583,1
GGB233000125,1008,40,GGB233000712,37316,천천리입구,126.947467,37.243517,1
GGB233000125,1008,41,GGB277103520,,호매실IC(미정차),126.9485,37.261917,0
GGB233000125,1008,42,GGB277103528,,서수원IC(미정차),126.952283,37.292917,0
GGB233000125,1008,43,GGB277103317,,월암IC(미정차),126.96215,37.302683,0
GGB233000125,1008,44,GGB277103315,,의왕신부곡IC(미정차),126.9683,37.33245,0
GGB233000125,1008,45,GGB226000039,27113,의왕톨게이트,126.985,37.3471,0
GGB233000125,1008,46,GGB277103221,,의왕터널진입(미정차),126.998417,37.358917,0
GGB233000125,1008,47,GGB277103159,,학의JC(미정차),127.001583,37.38705,0
GGB233000125,1008,48,GGB277103200,,과천터널진입(미정차),127.00175,37.40185,0
GGB233000125,1008,49,GGB277103203,,과천IC(미정차),126.99665,37.421683,0
GGB233000125,1008,50,GGB277103205,,대공원고가교(미정차),127.000667,37.438183,0
GGB233000125,1008,51,GGB120000671,,남태령역(중),126.988067,37.465883,0
GGB233000125,1008,52,GGB121001315,,사당역(중),126.982017,37.4743,0
GGB233000125,1008,53,GGB277101688,,사당역사거리(미정차),126.98195,37.478017,0
GGB233000125,1008,54,GGB119900083,,사당역10번출구,126.981483,37.478517,0
GGB233000125,1008,55,GGB277102049,,남현동(미정차),126.9849,37.469117,0
GGB233000125,1008,56,GGB277102291,,과천진입(미정차),126.987667,37.459033,0
GGB233000125,1008,57,GGB277103204,,대공원고가교(미정차),127.00005,37.438283,0
GGB233000125,1008,58,GGB277103202,,과천IC(미정차),126.99615,37.422133,0
GGB233000125,1008,59,GGB277103201,,과천터널진입(미정차),126.994883,37.408017,0
GGB233000125,1008,60,GGB277103158,,학의JC(미정차),127.001517,37.387667,0
GGB233000125,1008,61,GGB277103220,,의왕터널진입(미정차),126.999233,37.365667,0
GGB233000125,1008,62,GGB226000038,27112,의왕톨게이트,126.9845,37.348517,0
GGB233000125,1008,63,GGB277103314,,의왕신부곡IC(미정차),126.968217,37.332683,0
GGB233000125,1008,64,GGB277104645,,삼리교(미정차),126.9657,37.321083,0
GGB233000125,1008,65,GGB277103316,,월암IC(미정차),126.961967,37.302833,0
GGB233000125,1008,66,GGB277103527,,서수원IC(미정차),126.952367,37.293533,0
GGB233000125,1008,67,GGB277103519,,호매실IC(미정차),126.9482,37.262267,0
GGB233000125,1008,68,GGB233000781,37321,천천리입구,126.94825,37.24385,1
GGB233000125,1008,69,GGB233000849,37313,천천리,126.942383,37.244667,1
GGB233000125,1008,70,GGB233000848,37309,일광사,126.9402,37.244517,1
GGB233000125,1008,71,GGB233000847,37305,전승아파트,126.930617,37.246383,1
GGB233000125,1008,72,GGB233002174,55188,매송초등학교,126.928117,37.2485,1
GGB233000125,1008,73,GGB233000055,36017,원평사거리,126.9249,37.2496,1
GGB233000125,1008,74,GGB233000846,37299,원평,126.923217,37.250367,1
GGB233000125,1008,75,GGB233000845,37291,51사단,126.920867,37.250967,1
GGB233000125,1008,76,GGB233002150,55107,어천저수지,126.914783,37.25135,1
GGB233000125,1008,77,GGB233000844,37566,어천역,126.909517,37.2493,1
GGB233000125,1008,78,GGB233000843,37238,숙곡리천불사,126.898733,37.248117,1
GGB233000125,1008,79,GGB233000780,37612,구포3리.쌍학리,126.892117,37.248383,1
GGB233000125,1008,80,GGB233000779,37207,구포리과수원,126.8821,37.24005,1
GGB233000125,1008,81,GGB233000778,37183,비봉중고교.비봉면행정복지센터,126.873217,37.236717,1
GGB233000125,1008,82,GGB233000777,37170,비봉초등학교후문.삼화3리,126.86815,37.236317,1
GGB233000125,1008,83,GGB233000776,37168,천산아파트,126.865967,37.23655,1
GGB233000125,1008,84,GGB233000774,37161,삼화리.천산아파트,126.862933,37.2361,1
GGB233000125,1008,85,GGB233000773,37154,양노리,126.859567,37.228767,1
GGB233000125,1008,86,GGB233003082,55393,양노3리,126.8582,37.227283,1
GGB233000125,1008,87,GGB233000772,36042,북양1리.염티고개,126.839133,37.222233,1
GGB233000125,1008,88,GGB233000771,37776,북양1리,126.8318,37.218983,1
GGB233000125,1008,89,GGB233000770,36030,루나포레아파트,126.831233,37.215633,1
GGB233000125,1008,90,GGB233000769,36026,(구)남양읍행정복지센터,126.823517,37.212,1
GGB233000125,1008,91,GGB233000768,36021,남양사거리,126.81905,37.209367,1
GGB233000125,1008,92,GGB233001749,37774,남양중고입구.기아남양점,126.820333,37.2058,1
GGB233000125,1008,93,GGB233002159,36024,양우내안애,126.823383,37.202783,1
GGB233000125,1008,94,GGB233001828,36001,남양뉴타운.현대2차,126.825517,37.200717,1
GGB233000125,1008,95,GGB233001435,36977,화성시청,126.828483,37.197833,1
GGB233000125,1008,96,GGB233000208,36034,공군부대입구,126.831683,37.1957,1
GGB233000125,1008,97,GGB233001043,36039,대광아파트,126.83365,37.194267,1
GGB233000125,1008,98,GGB233002130,55104,그린빌라.롤링힐스,126.8413,37.189917,1
GGB233000125,1008,99,GGB233001042,36044,무송1리마을입구,126.844883,37.187783,1
GGB233000125,1008,100,GGB233002296,55178,무송그린빌리지,126.84525,37.184433,1
GGB233000125,1008,101,GGB233000207,36047,무송교차로,126.84485,37.1819,1
GGB233000125,1008,102,GGB233002216,55117,안장골입구,126.844167,37.179233,1
GGB233000125,1008,103,GGB233002223,55112,온석리입구,126.845317,37.173583,1
GGB233000125,1008,104,GGB233002214,55110,온석2리앞,126.846883,37.167417,1
GGB233000125,1008,105,GGB233002213,55108,현대기아연구소,126.844067,37.161683,1
GGB233000128,712,1,GGB233000160,36505,만의사.마을회관,127.13865,37.204917,1
GGB233000128,712,2,GGB233000970,36503,상록골프장.신나는교회,127.134017,37.203233,1
GGB233000128,712,3,GGB233000972,36499,일진정공,127.129083,37.203067,1
GGB233000128,712,4,GGB233000352,55814,단독주택,127.124583,37.204283,1
GGB233000128,712,5,GGB233000959,36437,동탄2LH4단지,127.12265,37.205633,1
GGB233000128,712,6,GGB233002500,55406,LH4단지후문,127.1192,37.204267,1
GGB233000128,712,7,GGB233001506,37582,포레너스아파트,127.116183,37.205167,1
GGB233000128,712,8,GGB233000149,36514,한백초중교,127.114767,37.207233,1
GGB233000128,712,9,GGB233001162,36448,반도유보라정문,127.1172,37.2083,1
GGB233000128,712,10,GGB233001306,36482,반도유보라후문,127.118317,37.208783,1
GGB233000128,712,11,GGB233001993,55584,동탄행복마을푸르지오아파트,127.118967,37.209583,1
GGB233000128,712,12,GGB233001172,36785,반도유보라후문,127.118183,37.208833,1
GGB233000128,712,13,GGB233001169,36450,반도유보라정문,127.1168,37.208367,1
GGB233000128,712,14,GGB233002429,55305,이주택지.상록.경남아파트,127.110867,37.2071,1
GGB233000128,712,15,GGB233002430,55306,퍼스트파크.이지더원,127.1085,37.209,1
GGB233000128,712,16,GGB233002431,55307,동탄2파출소.농협,127.104383,37.2095,1
GGB233000128,712,17,GGB233000063,36033,동원.다원중,127.103583,37.212133,1
GGB233000128,712,18,GGB233003125,55521,동탄테크노밸리,127.098817,37.212283,1
GGB233000128,712,19,GGB233002443,55315,한미약품.푸르지오,127.091617,37.2095,1
GGB233000128,712,20,GGB233002493,55937,경기남부직업능력개발원,127.08725,37.20955,1
GGB233000128,712,21,GGB233002439,55311,예당고사거리,127.080667,37.2099,1
GGB233000128,712,22,GGB233001683,37712,전하리교회.우미제일,127.079283,37.21315,1
GGB233000128,712,23,GGB233001619,37692,동탄이마트.한림대병원,127.077833,37.214483,1
GGB233000128,712,24,GGB233001282,37587,예당마을.롯데캐슬(중),127.073,37.21175,1
GGB233000128,712,25,GGB233001973,55088,잎새지하차도,127.0713,37.209067,1
GGB233000128,712,26,GGB233001650,37749,동탄1동행정복지센터.헌혈의집,127.07235,37.20685,1
GGB233000128,712,27,GGB233002092,36994,동탄파라곤,127.070983,37.204033,1
GGB233000128,712,28,GGB233001968,37666,롯데캐슬.복합문화센터,127.070767,37.201233,1
GGB233000128,712,29,GGB233001642,37673,포스코정문앞,127.070067,37.199017,1
GGB233000128,712,30,GGB233001283,37590,센트럴파크뷰아파트(중),127.06415,37.199433,1
GGB233000128,712,31,GGB233001285,36686,모아미래도.우림필유.평생학습관(중),127.058267,37.199483,1
GGB233000128,712,32,GGB233001287,36688,서동탄역.신일해피트리(중),127.053333,37.199367,1
GGB233000128,712,33,GGB233000068,36381,우남퍼스트빌,127.048533,37.199367,1
GGB233000128,712,34,GGB233001289,36362,성호아파트,127.0428,37.199683,1
GGB233000128,712,35,GGB233003104,55431,송화초교.양우내안애,127.040017,37.201217,1
GGB233000128,712,36,GGB233000101,36350,센트럴허브시티.송화초교,127.038217,37.203783,1
GGB233000128,712,37,GGB277101836,,병점정형외과(미정차),127.036617,37.20605,1
GGB233000128,712,38,GGB233000702,36345,병점역사거리,127.035633,37.206983,1
GGB233000128,712,39,GGB233000100,36351,홈플러스.벌말초교,127.03815,37.203283,1
GGB233000128,712,40,GGB233001290,36364,성호아파트,127.041067,37.199883,1
GGB233000128,712,41,GGB233001229,37516,우남퍼스트빌,127.04785,37.198917,1
GGB233000128,712,42,GGB233001288,36689,서동탄역.신일해피트리(중),127.0525,37.1995,1
GGB233000128,712,43,GGB233001286,36687,모아미래도.우림필유.평생학습관(중),127.057583,37.199267,1
GGB233000128,712,44,GGB233001644,37589,센트럴파크뷰아파트(중),127.06335,37.1995,1
GGB233000128,712,45,GGB233001733,37851,서해그랑블아파트,127.070267,37.1988,1
GGB233000128,712,46,GGB233001734,37852,복합문화센터,127.0711,37.201117,1
GGB233000128,712,47,GGB233002093,36995,동탄파라곤,127.07135,37.204033,1
GGB233000128,712,48,GGB233001679,37694,동탄1동행정복지센터.헌혈의집,127.072567,37.20665,1
GGB233000128,712,49,GGB233001972,55364,잎새지하차도,127.0716,37.209433,1
GGB233000128,712,50,GGB233001281,36672,예당마을.롯데캐슬(중),127.072067,37.21095,1
GGB233000128,712,51,GGB233001618,37684,동탄이마트.한림대병원,127.077933,37.214033,1
GGB233000128,712,52,GGB233003186,37760,우미제일.전하리교회,127.079383,37.212133,1
GGB233000128,712,53,GGB233002440,55312,예당고사거리,127.081817,37.209183,1
GGB233000128,712,54,GGB233003207,55967,경기남부직업능력개발원,127.086967,37.2092,1
GGB233000128,712,55,GGB233002442,55314,푸르지오.한미약품,127.091833,37.209183,1
GGB233000128,712,56,GGB233003124,55520,동탄테크노밸리,127.099583,37.21245,1
GGB233000128,712,57,GGB233001902,37073,동원.다원중,127.103267,37.211783,1
GGB233000128,712,58,GGB233001166,36470,동탄2파출소.농협,127.1049,37.209183,1
GGB233000128,712,59,GGB233001493,37549,퍼스트파크.이지더원,127.1083,37.208683,1
GGB233000128,712,60,GGB233001492,37550,상록.경남아파트.이주택지,127.110533,37.206867,1
GGB233000128,712,61,GGB233001162,36448,반도유보라정문,127.1172,37.2083,1
GGB233000128,712,62,GGB233001306,36482,반도유보라후문,127.118317,37.208783,1
GGB233000128,712,63,GGB233001993,55584,동탄행복마을푸르지오아파트,127.118967,37.209583,1
GGB233000128,712,64,GGB233001172,36785,반도유보라후문,127.118183,37.208833,1
GGB233000128,712,65,GGB233001169,36450,반도유보라정문,127.1168,37.208367,1
GGB233000128,712,66,GGB233000135,36513,한백초중교,127.114667,37.20705,1
GGB233000128,712,67,GGB233000981,36434,포레너스아파트,127.115867,37.205367,1
GGB233000128,712,68,GGB233002501,55407,LH4단지후문,127.119617,37.2041,1
GGB233000128,712,69,GGB233001505,37583,동탄2LH4단지,127.122783,37.205583,1
GGB233000128,712,70,GGB233000360,55822,단독주택,127.124683,37.204133,1
GGB233000128,712,71,GGB233000971,36500,일진정공,127.129533,37.202967,1
GGB233000128,712,72,GGB233000969,36504,신나는교회.상록골프장,127.1341,37.203133,1
GGB233000128,712,73,GGB233000160,36505,만의사.마을회관,127.13865,37.204917,1
GGB233000131,6001,1,GGB233003122,55518,동탄2차고지,127.10165,37.1554,1
GGB233000131,6001,2,GGB277104372,,기점진입전(미정차),127.103267,37.157833,1
GGB233000131,6001,3,GGB233003132,55528,호수자이파밀리에.아이원,127.1052,37.160733,1
GGB233000131,6001,4,GGB233003127,55523,금호어울림.계룡리슈빌,127.10695,37.1639,1
GGB233000131,6001,5,GGB233003128,55524,동탄호수공원.센트럴시티,127.107017,37.166817,1
GGB233000131,6001,6,GGB233003093,55420,호수부영3차.우미린2차,127.107083,37.171667,1
GGB233000131,6001,7,GGB233000162,36493,나래학교.더샵레이크,127.105783,37.175917,1
GGB233000131,6001,8,GGB233000161,36487,반도3차.금강1차,127.102683,37.182417,1
GGB233000131,6001,9,GGB233000995,36477,의료시설부지,127.100233,37.1876,1
GGB233000131,6001,10,GGB233000999,36501,리베라CC.헤리엇,127.099083,37.190717,1
GGB233000131,6001,11,GGB233000978,36466,한화.린스트라우스,127.099083,37.195383,1
GGB233000131,6001,12,GGB233000979,36465,포스코더샵.롯데캐슬,127.0991,37.199933,1
GGB233000131,6001,13,GGB233000964,36469,우남퍼스트빌.예미지시그너스,127.0991,37.203367,1
GGB233000131,6001,14,GGB233000121,36463,상록.테크노밸리.GS자이,127.099067,37.208283,1
GGB233000131,6001,15,GGB233002443,55315,한미약품.푸르지오,127.091617,37.2095,1
GGB233000131,6001,16,GGB233002439,55311,예당고사거리,127.080667,37.2099,1
GGB233000131,6001,17,GGB233001683,37712,전하리교회.우미제일,127.079283,37.21315,1
GGB233000131,6001,18,GGB233002444,55316,한림대성심병원,127.0802,37.2155,1
GGB233000131,6001,19,GGB277101908,,기흥동탄TG(미정차),127.091567,37.21655,1
GGB233000131,6001,20,GGB277102660,,기흥휴게소(미정차),127.106617,37.23525,0
GGB233000131,6001,21,GGB277103363,,수원신갈IC(미정차),127.104,37.2657,0
GGB233000131,6001,22,GGB277103361,,신갈JC(미정차),127.103867,37.289667,0
GGB233000131,6001,23,GGB277103443,,죽전(미정차),127.103817,37.326633,0
GGB233000131,6001,24,GGB277102630,,금곡(미정차),127.10355,37.349767,0
GGB233000131,6001,25,GGB277103386,,서울TG(미정차),127.104333,37.364967,0
GGB233000131,6001,26,GGB277103151,,판교IC(미정차),127.100617,37.398633,0
GGB233000131,6001,27,GGB277103679,,금토JC(미정차),127.085317,37.415283,0
GGB233000131,6001,28,GGB277103441,,서울진입(미정차),127.066583,37.43385,0
GGB233000131,6001,29,GGB277104177,,청계산입구역(미정차),127.0542,37.448367,0
GGB233000131,6001,30,GGB277103388,,양재IC(미정차),127.04045,37.463283,0
GGB233000131,6001,31,GGB277103390,,서초IC(미정차),127.026333,37.483133,0
GGB233000131,6001,32,GGB121000086,90062,KCC사옥,127.020217,37.503017,0
GGB233000131,6001,33,GGB121000947,,신논현역.유화빌딩,127.025517,37.50165,0
GGB233000131,6001,34,GGB277103680,,강남역.지오다노(미정차),127.026133,37.500417,0
GGB233000131,6001,35,GGB277102911,,강남역10번출구(미정차),127.026983,37.498617,0
GGB233000131,6001,36,GGB121000009,,신분당선강남역(중),127.028567,37.495783,0
GGB233000131,6001,37,GGB121000007,,래미안아파트.파이낸셜뉴스(중),127.030533,37.491667,0
GGB233000131,6001,38,GGB121000005,,뱅뱅사거리(중),127.032467,37.487683,0
GGB233000131,6001,39,GGB121000003,,양재역.서초문화예술회관(중),127.035883,37.482567,0
GGB233000131,6001,40,GGB121000001,,말죽거리공원사거리(중),127.038517,37.478467,0
GGB233000131,6001,41,GGB121000220,,매헌시민의숲.양재꽃시장,127.038383,37.4708,0
GGB233000131,6001,42,GGB277103387,,양재IC(미정차),127.039433,37.46365,0
GGB233000131,6001,43,GGB277104178,,청계산입구역(미정차),127.053833,37.448183,0
GGB233000131,6001,44,GGB277103440,,성남진입(미정차),127.066183,37.43355,0
GGB233000131,6001,45,GGB277103678,,금토JC(미정차),127.08445,37.4155,0
GGB233000131,6001,46,GGB277103150,,판교IC(미정차),127.10005,37.398833,0
GGB233000131,6001,47,GGB277103385,,서울TG(미정차),127.1026,37.36535,0
GGB233000131,6001,48,GGB277102104,,금곡(미정차),127.103117,37.350367,0
GGB233000131,6001,49,GGB277103442,,죽전(미정차),127.10315,37.3266,0
GGB233000131,6001,50,GGB277103360,,신갈JC(미정차),127.10345,37.290433,0
GGB233000131,6001,51,GGB277103362,,수원신갈IC(미정차),127.103533,37.266817,0
GGB233000131,6001,52,GGB277102621,,기흥휴게소(미정차),127.106183,37.235117,0
GGB233000131,6001,53,GGB277101884,,기흥동탄TG(미정차),127.0917,37.216983,1
GGB233000131,6001,54,GGB233001817,37879,이마트.한림대병원,127.079133,37.215317,1
GGB233000131,6001,55,GGB233003186,37760,우미제일.전하리교회,127.079383,37.212133,1
GGB233000131,6001,56,GGB233002440,55312,예당고사거리,127.081817,37.209183,1
GGB233000131,6001,57,GGB233002442,55314,푸르지오.한미약품,127.091833,37.209183,1
GGB233000131,6001,58,GGB233002436,36842,상록.테크노밸리.GS자이,127.098517,37.206517,1
GGB233000131,6001,59,GGB233000130,36447,예미지시그너스.우남퍼스트빌,127.0985,37.20315,1
GGB233000131,6001,60,GGB233000137,36436,롯데캐슬.포스코더샵,127.098467,37.1997,1
GGB233000131,6001,61,GGB233001637,37658,린스트라우스.한화,127.098517,37.19625,1
GGB233000131,6001,62,GGB233000998,36502,헤리엇.리베라CC,127.098467,37.190733,1
GGB233000131,6001,63,GGB233000994,36480,공공청사부지,127.099833,37.187033,1
GGB233000131,6001,64,GGB233000996,36488,반도3차.금강1차,127.103133,37.1802,1
GGB233000131,6001,65,GGB233000997,36494,레이크빌.하우스디더레이크,127.105083,37.176083,1
GGB233000131,6001,66,GGB233003092,55419,우미린2차.호수부영3차,127.106417,37.17135,1
GGB233000131,6001,67,GGB233003136,55532,동탄호수공원,127.106433,37.167167,1
GGB233000131,6001,68,GGB233003137,55533,계룡리슈빌.금호어울림,127.10645,37.16465,1
GGB233000131,6001,69,GGB233003126,55522,아이원.호수자이파밀리에,127.104783,37.161017,1
GGB233000131,6001,70,GGB233003123,55519,동탄2차고지,127.101267,37.155517,1
GGB233000133,116-3,1,GGB233002247,55998,동탄2차고지,127.103467,37.1554,1
GGB233000133,116-3,2,GGB233000089,36117,장지지하차도,127.105117,37.157483,1
GGB233000133,116-3,3,GGB233003132,55528,호수자이파밀리에.아이원,127.1052,37.160733,1
GGB233000133,116-3,4,GGB233003127,55523,금호어울림.계룡리슈빌,127.10695,37.1639,1
GGB233000133,116-3,5,GGB233003128,55524,동탄호수공원.센트럴시티,127.107017,37.166817,1
GGB233000133,116-3,6,GGB233003093,55420,호수부영3차.우미린2차,127.107083,37.171667,1
GGB233000133,116-3,7,GGB233000162,36493,나래학교.더샵레이크,127.105783,37.175917,1
GGB233000133,116-3,8,GGB233000161,36487,반도3차.금강1차,127.102683,37.182417,1
GGB233000133,116-3,9,GGB233000995,36477,의료시설부지,127.100233,37.1876,1
GGB233000133,116-3,10,GGB233000999,36501,리베라CC.헤리엇,127.099083,37.190717,1
GGB233000133,116-3,11,GGB233002438,55310,한화꿈에그린,127.100483,37.194433,1
GGB233000133,116-3,12,GGB233002419,55296,한화.호반.대원,127.104867,37.196733,1
GGB233000133,116-3,13,GGB233002420,55297,롯데캐슬.호반베르디움,127.111067,37.19685,1
GGB233000133,116-3,14,GGB233001167,37484,센트럴푸르지오.반도유보라,127.11465,37.198117,1
GGB233000133,116-3,15,GGB233000129,36460,신안2차.반도4차,127.11605,37.199983,1
GGB233000133,116-3,16,GGB233000980,36459,모아.반도1차아파트,127.11455,37.20205,1
GGB233000133,116-3,17,GGB233002516,55070,지산마을,127.112233,37.205217,1
GGB233000133,116-3,18,GGB233002429,55305,이주택지.상록.경남아파트,127.110867,37.2071,1
GGB233000133,116-3,19,GGB233002430,55306,퍼스트파크.이지더원,127.1085,37.209,1
GGB233000133,116-3,20,GGB233002431,55307,동탄2파출소.농협,127.104383,37.2095,1
GGB233000133,116-3,21,GGB233002432,55308,대방디엠시티.센트럴상록,127.099667,37.209517,1
GGB233000133,116-3,22,GGB233002269,55614,동탄첨단산업지구,127.092917,37.210983,1
GGB233000133,116-3,23,GGB233000144,36455,영천1동,127.094517,37.215183,1
GGB233000133,116-3,24,GGB228001113,29119,고매사거리.고매농협,127.098567,37.2225,0
GGB233000133,116-3,25,GGB228001111,29141,강동냉장,127.102367,37.22805,0
GGB233000133,116-3,26,GGB228002279,56586,공세성원상떼레이크뷰,127.102217,37.235967,0
GGB233000133,116-3,27,GGB228001860,47787,한일마을,127.103317,37.242317,0
GGB233000133,116-3,28,GGB228001106,29169,삼성아파트.현대모닝싸이드아파트,127.1053,37.252167,0
GGB233000133,116-3,29,GGB228001773,47751,민속촌입구,127.1051,37.254667,0
GGB233000133,116-3,30,GGB228001105,29158,통미마을.보라1동,127.10455,37.257567,0
GGB233000133,116-3,31,GGB228002103,47991,금화마을입구,127.104383,37.261717,0
GGB233000133,116-3,32,GGB228001104,29171,보라초등학교,127.105383,37.264,0
GGB233000133,116-3,33,GGB228001103,29172,경기도박물관입구,127.105667,37.269433,0
GGB233000133,116-3,34,GGB228001102,29182,신갈초등학교.신갈오거리,127.10575,37.2738,0
GGB233000133,116-3,35,GGB228001101,29179,원대마을.한신아파트,127.105783,37.27615,0
GGB233000133,116-3,36,GGB228001100,29183,삼익아파트.국가인권교육원,127.10595,37.278833,0
GGB233000133,116-3,37,GGB228001099,29187,갈현마을.현대홈타운,127.10595,37.2814,0
GGB233000133,116-3,38,GGB228001098,29178,양현마을.풍림아파트,127.106017,37.284583,0
GGB233000133,116-3,39,GGB228001097,29197,인성마을.현대아파트,127.10735,37.2868,0
GGB233000133,116-3,40,GGB228001096,29221,용인운전면허시험장,127.1092,37.2892,0
GGB233000133,116-3,41,GGB228001095,29235,구성사거리.여성능력개발센터,127.110167,37.294733,0
GGB233000133,116-3,42,GGB228001094,29201,마북3통마을회관,127.108183,37.298533,0
GGB233000133,116-3,43,GGB228001093,29195,연원마을LG.벽산아파트.구성역,127.106933,37.300317,0
GGB233000133,116-3,44,GGB228001092,29186,금호아파트.성원아파트,127.106,37.303633,0
GGB233000133,116-3,45,GGB228001091,29863,트레이더스.삼성명가.성원A,127.10605,37.305283,0
GGB233000133,116-3,46,GGB228001090,29212,더샵보정애비뉴1.2단지,127.10865,37.310983,0
GGB233000133,116-3,47,GGB228001089,29209,보정역.보정고등학교.동아솔레시티,127.108567,37.314367,0
GGB233000133,116-3,48,GGB228001088,29213,삼성휴먼센터,127.108633,37.3169,0
GGB233000133,116-3,49,GGB228001087,29215,죽현마을.단국대학교입구,127.10875,37.31965,0
GGB233000133,116-3,50,GGB228001086,29230,죽전동성2차아파트,127.109217,37.328583,0
GGB233000133,116-3,51,GGB228001085,29228,동성1차아파트.죽전패션타운.서울예스병원,127.1092,37.330133,0
GGB233000133,116-3,52,GGB228001084,29227,죽전초중고교.대현초교,127.109167,37.333317,0
GGB233000133,116-3,53,GGB206000251,7059,농수산물센터,127.1092,37.33705,0
GGB233000133,116-3,54,GGB206000040,7058,오리역,127.109183,37.340117,0
GGB233000133,116-3,55,GGB206000219,7060,하얀마을.구미도서관,127.109167,37.344717,0
GGB233000133,116-3,56,GGB206000088,7332,까치마을.건영빌라.2001아울렛,127.109133,37.347517,0
GGB233000133,116-3,57,GGB206000087,7333,미금역.청솔마을.2001아울렛,127.109183,37.351067,0
GGB233000133,116-3,58,GGB206000095,7331,미금역.청솔마을.2001아울렛,127.1086,37.350717,0
GGB233000133,116-3,59,GGB206000094,7054,까치마을건영빌라.구미도서관,127.108667,37.3475,0
GGB233000133,116-3,60,GGB206000216,7055,하얀마을,127.108683,37.344117,0
GGB233000133,116-3,61,GGB206000215,7057,오리역,127.108733,37.340267,0
GGB233000133,116-3,62,GGB206000241,7056,농수산물센터,127.108733,37.337133,0
GGB233000133,116-3,63,GGB228001144,29223,벽산아파트,127.108717,37.33475,0
GGB233000133,116-3,64,GGB228001143,29219,죽전초중고교.대현초교,127.1087,37.332233,0
GGB233000133,116-3,65,GGB228001142,29217,동성1차아파트.죽전패션타운.서울예스병원,127.108683,37.33065,0
GGB233000133,116-3,66,GGB228001140,29207,죽현마을.단국대학교입구,127.108333,37.32035,0
GGB233000133,116-3,67,GGB228001139,29204,삼성휴먼센터,127.10825,37.316833,0
GGB233000133,116-3,68,GGB228001138,29203,보정역.보정고등학교.동아솔레시티,127.108217,37.31445,0
GGB233000133,116-3,69,GGB228001137,29202,더샵보정애비뉴1.2단지,127.108333,37.310867,0
GGB233000133,116-3,70,GGB228001136,29184,트레이더스.삼성명가.성원A,127.105667,37.3051,0
GGB233000133,116-3,71,GGB228001135,29177,금호아파트.성원아파트,127.105617,37.302867,0
GGB233000133,116-3,72,GGB228001134,29193,연원마을LG.벽산아파트.구성역,127.106733,37.3001,0
GGB233000133,116-3,73,GGB228001133,29206,마북3통마을회관,127.108217,37.297967,0
GGB233000133,116-3,74,GGB228001379,47135,구성사거리,127.109767,37.294917,0
GGB233000133,116-3,75,GGB228001131,29233,경기도여성능력개발센터,127.11,37.2925,0
GGB233000133,116-3,76,GGB228001130,29218,용인운전면허시험장,127.108633,37.289,0
GGB233000133,116-3,77,GGB228001129,29198,인성마을.현대아파트,127.107183,37.2871,0
GGB233000133,116-3,78,GGB228001128,29173,양현마을.풍림아파트,127.105533,37.284317,0
GGB233000133,116-3,79,GGB228001127,29181,삼익아파트.국가인권교육원,127.105667,37.278833,0
GGB233000133,116-3,80,GGB228001126,29176,원대마을,127.105583,37.275133,0
GGB233000133,116-3,81,GGB228001125,29175,신갈초교.신갈오거리,127.105517,37.272783,0
GGB233000133,116-3,82,GGB228001124,29180,신갈오거리,127.105517,37.270467,0
GGB233000133,116-3,83,GGB228001123,29167,경기도박물관,127.10525,37.267017,0
GGB233000133,116-3,84,GGB228001175,29159,보라초등학교,127.104833,37.263583,0
GGB233000133,116-3,85,GGB228002102,47990,금화마을입구,127.104083,37.26165,0
GGB233000133,116-3,86,GGB228001122,29155,통미마을.보라1동,127.104217,37.257933,0
GGB233000133,116-3,87,GGB228001681,29161,민속촌입구,127.104883,37.254433,0
GGB233000133,116-3,88,GGB228001121,29163,삼성아파트.현대모닝싸이드아파트,127.10475,37.251917,0
GGB233000133,116-3,89,GGB228001120,29153,한일마을,127.10335,37.242633,0
GGB233000133,116-3,90,GGB228001107,56585,공세성원상떼레이크뷰,127.1018,37.2352,0
GGB233000133,116-3,91,GGB228001116,29140,강동냉장,127.1022,37.227733,0
GGB233000133,116-3,92,GGB228001115,29135,유상냉장,127.10155,37.22495,0
GGB233000133,116-3,93,GGB228001114,29108,고매파출소,127.098867,37.222917,0
GGB233000133,116-3,94,GGB228001795,47788,고매사거리.고매농협,127.097333,37.221833,0
GGB233000133,116-3,95,GGB233000141,36454,영천1동,127.094233,37.215233,1
GGB233000133,116-3,96,GGB233002264,55613,동탄첨단산업지구,127.092633,37.211,1
GGB233000133,116-3,97,GGB233000122,36792,센트럴상록.대방디엠시티,127.100033,37.209167,1
GGB233000133,116-3,98,GGB233001166,36470,동탄2파출소.농협,127.1049,37.209183,1
GGB233000133,116-3,99,GGB233001493,37549,퍼스트파크.이지더원,127.1083,37.208683,1
GGB233000133,116-3,100,GGB233001492,37550,상록.경남아파트.이주택지,127.110533,37.206867,1
GGB233000133,116-3,101,GGB233001491,37551,반도1차.모아아파트,127.1141,37.201883,1
GGB233000133,116-3,102,GGB233000430,55663,반도4차.동탄4동복지센터,127.1154,37.2001,1
GGB233000133,116-3,103,GGB233000150,36515,반도유보라.센트럴푸르지오,127.11515,37.198733,1
GGB233000133,116-3,104,GGB233000134,36511,호반베르디움.롯데캐슬,127.1112,37.1972,1
GGB233000133,116-3,105,GGB233000139,36445,한화.호반.대원,127.1049,37.1971,1
GGB233000133,116-3,106,GGB233002437,55309,한화꿈에그린,127.100333,37.194817,1
GGB233000133,116-3,107,GGB233000998,36502,헤리엇.리베라CC,127.098467,37.190733,1
GGB233000133,116-3,108,GGB233000994,36480,공공청사부지,127.099833,37.187033,1
GGB233000133,116-3,109,GGB233000996,36488,반도3차.금강1차,127.103133,37.1802,1
GGB233000133,116-3,110,GGB233000997,36494,레이크빌.하우스디더레이크,127.105083,37.176083,1
GGB233000133,116-3,111,GGB233003092,55419,우미린2차.호수부영3차,127.106417,37.17135,1
GGB233000133,116-3,112,GGB233003136,55532,동탄호수공원,127.106433,37.167167,1
GGB233000133,116-3,113,GGB233003137,55533,계룡리슈빌.금호어울림,127.10645,37.16465,1
GGB233000133,116-3,114,GGB233003126,55522,아이원.호수자이파밀리에,127.104783,37.161017,1
GGB233000133,116-3,115,GGB233000088,36116,장지지하차도,127.10425,37.157483,1
GGB233000133,116-3,116,GGB233002248,55999,동탄2차고지,127.10335,37.155283,1
GGB233000135,8501,1,GGB233001214,36216,수원대학교,126.98015,37.21375,1
GGB233000135,8501,2,GGB277102590,,수원대학교(미정차),126.9838,37.211567,1
GGB233000135,8501,3,GGB277102653,,용건릉(미정차),126.988133,37.207183,1
GGB233000135,8501,4,GGB233001842,36998,중외제약사거리,127.003067,37.2015,1
GGB233000135,8501,5,GGB233000645,36304,신한미지엔아파트앞,127.0086,37.199917,1
GGB233000135,8501,6,GGB233000643,36315,송산동입구,127.0172,37.205567,1
GGB233000135,8501,7,GGB277102693,,병점육교(미정차),127.030133,37.208883,1
GGB233000135,8501,8,GGB233000641,36347,병점화남아파트,127.03755,37.211967,1
GGB233000135,8501,9,GGB233000640,36355,진안동,127.040533,37.2133,1
GGB233000135,8501,10,GGB233002403,55291,롯데시네마,127.042633,37.21425,1
GGB233000135,8501,11,GGB233000072,36373,안화초교.주공8.9단지,127.0459,37.2132,1
GGB233000135,8501,12,GGB233000082,37591,정든공원,127.048583,37.2097,1
GGB233000135,8501,13,GGB233001666,37726,모아미래도2단지,127.051283,37.208667,1
GGB233000135,8501,14,GGB233002117,55100,한마음초교.광명메이루즈,127.0568,37.2075,1
GGB233000135,8501,15,GGB233001723,37850,동탄고등학교,127.059167,37.203933,1
GGB233000135,8501,16,GGB233001644,37589,센트럴파크뷰아파트(중),127.06335,37.1995,1
GGB233000135,8501,17,GGB233001224,36664,다은마을(중),127.067583,37.199983,1
GGB233000135,8501,18,GGB233001219,36667,메타폴리스(중),127.067517,37.203733,1
GGB233000135,8501,19,GGB233001562,36668,한빛마을(중),127.06905,37.207667,1
GGB233000135,8501,20,GGB233001281,36672,예당마을.롯데캐슬(중),127.072067,37.21095,1
GGB233000135,8501,21,GGB277101908,,기흥동탄TG(미정차),127.091567,37.21655,1
GGB233000135,8501,22,GGB277102660,,기흥휴게소(미정차),127.106617,37.23525,0
GGB233000135,8501,23,GGB277103363,,수원신갈IC(미정차),127.104,37.2657,0
GGB233000135,8501,24,GGB277103361,,신갈JC(미정차),127.103867,37.289667,0
GGB233000135,8501,25,GGB277103443,,죽전(미정차),127.103817,37.326633,0
GGB233000135,8501,26,GGB277102630,,금곡(미정차),127.10355,37.349767,0
GGB233000135,8501,27,GGB277103386,,서울TG(미정차),127.104333,37.364967,0
GGB233000135,8501,28,GGB277103151,,판교IC(미정차),127.100617,37.398633,0
GGB233000135,8501,29,GGB277103679,,금토JC(미정차),127.085317,37.415283,0
GGB233000135,8501,30,GGB277103441,,서울진입(미정차),127.066583,37.43385,0
GGB233000135,8501,31,GGB277104177,,청계산입구역(미정차),127.0542,37.448367,0
GGB233000135,8501,32,GGB277103388,,양재IC(미정차),127.04045,37.463283,0
GGB233000135,8501,33,GGB277103390,,서초IC(미정차),127.026333,37.483133,0
GGB233000135,8501,34,GGB121000034,90064,서울시인재개발원입구,127.02215,37.4831,0
GGB233000135,8501,35,GGB121000033,90055,남부터미널,127.017483,37.4834,0
GGB233000135,8501,36,GGB121000026,90053,서울교대사거리,127.015033,37.487367,0
GGB233000135,8501,37,GGB121000025,,교대역13번출구,127.0142,37.491933,0
GGB233000135,8501,38,GGB121000929,90235,교대역,127.01565,37.494083,0
GGB233000135,8501,39,GGB121000028,90060,서초동유원아파트,127.020267,37.4955,0
GGB233000135,8501,40,GGB121000038,90065,롯데칠성,127.023967,37.496683,0
GGB233000135,8501,41,GGB121000974,,강남역우리은행,127.02835,37.49575,0
GGB233000135,8501,42,GGB277101696,,삼성화재서초타워(미정차),127.02895,37.494533,0
GGB233000135,8501,43,GGB277101867,,역삼동.우성아파트(미정차),127.030417,37.4914,0
GGB233000135,8501,44,GGB121000005,,뱅뱅사거리(중),127.032467,37.487683,0
GGB233000135,8501,45,GGB121000003,,양재역.서초문화예술회관(중),127.035883,37.482567,0
GGB233000135,8501,46,GGB121000001,,말죽거리공원사거리(중),127.038517,37.478467,0
GGB233000135,8501,47,GGB121000220,,매헌시민의숲.양재꽃시장,127.038383,37.4708,0
GGB233000135,8501,48,GGB277103387,,양재IC(미정차),127.039433,37.46365,0
GGB233000135,8501,49,GGB277104178,,청계산입구역(미정차),127.053833,37.448183,0
GGB233000135,8501,50,GGB277103440,,성남진입(미정차),127.066183,37.43355,0
GGB233000135,8501,51,GGB277103678,,금토JC(미정차),127.08445,37.4155,0
GGB233000135,8501,52,GGB277103150,,판교IC(미정차),127.10005,37.398833,0
GGB233000135,8501,53,GGB277103385,,서울TG(미정차),127.1026,37.36535,0
GGB233000135,8501,54,GGB277102104,,금곡(미정차),127.103117,37.350367,0
GGB233000135,8501,55,GGB277103442,,죽전(미정차),127.10315,37.3266,0
GGB233000135,8501,56,GGB277103360,,신갈JC(미정차),127.10345,37.290433,0
GGB233000135,8501,57,GGB277103362,,수원신갈IC(미정차),127.103533,37.266817,0
GGB233000135,8501,58,GGB277102621,,기흥휴게소(미정차),127.106183,37.235117,0
GGB233000135,8501,59,GGB277101884,,기흥동탄TG(미정차),127.0917,37.216983,1
GGB233000135,8501,60,GGB233001282,37587,예당마을.롯데캐슬(중),127.073,37.21175,1
GGB233000135,8501,61,GGB233001216,36841,한빛마을.석우중학교(중),127.069267,37.208217,1
GGB233000135,8501,62,GGB233001218,36666,메타폴리스(중),127.067483,37.204267,1
GGB233000135,8501,63,GGB233001220,37693,다은마을(중),127.06735,37.200383,1
GGB233000135,8501,64,GGB233001283,37590,센트럴파크뷰아파트(중),127.06415,37.199433,1
GGB233000135,8501,65,GGB233001722,37849,동탄고.동탄청소년문화의집,127.059467,37.2038,1
GGB233000135,8501,66,GGB233001787,37734,한마음초교.광명메이루즈,127.05705,37.207583,1
GGB233000135,8501,67,GGB233002185,55144,모아미래도2단지,127.0518,37.208717,1
GGB233000135,8501,68,GGB233002392,55269,정든공원.리체더포레스트,127.048783,37.209783,1
GGB233000135,8501,69,GGB233000071,36372,안화초교.주공8.9단지,127.046083,37.2133,1
GGB233000135,8501,70,GGB233002132,55279,롯데시네마,127.04245,37.214483,1
GGB233000135,8501,71,GGB233000671,36354,진안동,127.0393,37.213017,1
GGB233000135,8501,72,GGB233000669,36318,송산동입구,127.017783,37.20585,1
GGB233000135,8501,73,GGB233000667,36305,신한미지엔아파트앞,127.00915,37.20035,1
GGB233000135,8501,74,GGB233001843,36999,중외제약사거리,127.002167,37.2021,1
GGB233000135,8501,75,GGB233001213,36215,수원대학교,126.979967,37.21375,1
GGB233000136,6002,1,GGB233003122,55518,동탄2차고지,127.10165,37.1554,1
GGB233000136,6002,2,GGB277104372,,기점진입전(미정차),127.103267,37.157833,1
GGB233000136,6002,3,GGB233003132,55528,호수자이파밀리에.아이원,127.1052,37.160733,1
GGB233000136,6002,4,GGB233003127,55523,금호어울림.계룡리슈빌,127.10695,37.1639,1
GGB233000136,6002,5,GGB233001754,55505,아이파크.센트럴시티,127.109317,37.165517,1
GGB233000136,6002,6,GGB233001748,55503,자연앤자이.센트리체,127.1142,37.165733,1
GGB233000136,6002,7,GGB233001710,55501,호수공원행복주택.호수부영6차,127.1174,37.16715,1
GGB233000136,6002,8,GGB233001696,37696,레이크파크뷰,127.119,37.169917,1
GGB233000136,6002,9,GGB233001608,37654,서희스타힐스.단독주택,127.12005,37.173417,1
GGB233000136,6002,10,GGB233000374,55465,창의고,127.122533,37.18185,1
GGB233000136,6002,11,GGB233001614,55489,한신더휴,127.12385,37.18645,1
GGB233000136,6002,12,GGB233001568,36693,베라체아파트,127.12285,37.1905,1
GGB233000136,6002,13,GGB233002421,55340,예솔초.호반2차.대원2차,127.118767,37.196233,1
GGB233000136,6002,14,GGB233000129,36460,신안2차.반도4차,127.11605,37.199983,1
GGB233000136,6002,15,GGB233000980,36459,모아.반도1차아파트,127.11455,37.20205,1
GGB233000136,6002,16,GGB233002516,55070,지산마을,127.112233,37.205217,1
GGB233000136,6002,17,GGB233002429,55305,이주택지.상록.경남아파트,127.110867,37.2071,1
GGB233000136,6002,18,GGB233002430,55306,퍼스트파크.이지더원,127.1085,37.209,1
GGB233000136,6002,19,GGB233002431,55307,동탄2파출소.농협,127.104383,37.2095,1
GGB233000136,6002,20,GGB233000063,36033,동원.다원중,127.103583,37.212133,1
GGB233000136,6002,21,GGB233000698,55853,현대트랜시스(중),127.103667,37.2163,1
GGB233000136,6002,22,GGB277102516,,기흥IC진입(미정차),127.10135,37.221733,0
GGB233000136,6002,23,GGB277102660,,기흥휴게소(미정차),127.106617,37.23525,0
GGB233000136,6002,24,GGB277103363,,수원신갈IC(미정차),127.104,37.2657,0
GGB233000136,6002,25,GGB277103361,,신갈JC(미정차),127.103867,37.289667,0
GGB233000136,6002,26,GGB277103443,,죽전(미정차),127.103817,37.326633,0
GGB233000136,6002,27,GGB277102630,,금곡(미정차),127.10355,37.349767,0
GGB233000136,6002,28,GGB277103386,,서울TG(미정차),127.104333,37.364967,0
GGB233000136,6002,29,GGB277103151,,판교IC(미정차),127.100617,37.398633,0
GGB233000136,6002,30,GGB277103679,,금토JC(미정차),127.085317,37.415283,0
GGB233000136,6002,31,GGB277103441,,서울진입(미정차),127.066583,37.43385,0
GGB233000136,6002,32,GGB277104177,,청계산입구역(미정차),127.0542,37.448367,0
GGB233000136,6002,33,GGB277103388,,양재IC(미정차),127.04045,37.463283,0
GGB233000136,6002,34,GGB277103390,,서초IC(미정차),127.026333,37.483133,0
GGB233000136,6002,35,GGB121000086,90062,KCC사옥,127.020217,37.503017,0
GGB233000136,6002,36,GGB121000947,,신논현역.유화빌딩,127.025517,37.50165,0
GGB233000136,6002,37,GGB277103680,,강남역.지오다노(미정차),127.026133,37.500417,0
GGB233000136,6002,38,GGB277102911,,강남역10번출구(미정차),127.026983,37.498617,0
GGB233000136,6002,39,GGB121000009,,신분당선강남역(중),127.028567,37.495783,0
GGB233000136,6002,40,GGB277101612,,우성아파트앞사거리(미정차),127.029533,37.49335,0
GGB233000136,6002,41,GGB121000007,,래미안아파트.파이낸셜뉴스(중),127.030533,37.491667,0
GGB233000136,6002,42,GGB121000005,,뱅뱅사거리(중),127.032467,37.487683,0
GGB233000136,6002,43,GGB121000003,,양재역.서초문화예술회관(중),127.035883,37.482567,0
GGB233000136,6002,44,GGB121000001,,말죽거리공원사거리(중),127.038517,37.478467,0
GGB233000136,6002,45,GGB121000220,,매헌시민의숲.양재꽃시장,127.038383,37.4708,0
GGB233000136,6002,46,GGB277103387,,양재IC(미정차),127.039433,37.46365,0
GGB233000136,6002,47,GGB277104178,,청계산입구역(미정차),127.053833,37.448183,0
GGB233000136,6002,48,GGB277103440,,성남진입(미정차),127.066183,37.43355,0
GGB233000136,6002,49,GGB277103678,,금토JC(미정차),127.08445,37.4155,0
GGB233000136,6002,50,GGB277103150,,판교IC(미정차),127.10005,37.398833,0
GGB233000136,6002,51,GGB277103385,,서울TG(미정차),127.1026,37.36535,0
GGB233000136,6002,52,GGB277102104,,금곡(미정차),127.103117,37.350367,0
GGB233000136,6002,53,GGB277103442,,죽전(미정차),127.10315,37.3266,0
GGB233000136,6002,54,GGB277103360,,신갈JC(미정차),127.10345,37.290433,0
GGB233000136,6002,55,GGB277103362,,수원신갈IC(미정차),127.103533,37.266817,0
GGB233000136,6002,56,GGB277102621,,기흥휴게소(미정차),127.106183,37.235117,0
GGB233000136,6002,57,GGB233000709,55854,현대트랜시스(중),127.103817,37.217283,1
GGB233000136,6002,58,GGB233001902,37073,동원.다원중,127.103267,37.211783,1
GGB233000136,6002,59,GGB233001166,36470,동탄2파출소.농협,127.1049,37.209183,1
GGB233000136,6002,60,GGB233001493,37549,퍼스트파크.이지더원,127.1083,37.208683,1
GGB233000136,6002,61,GGB233001492,37550,상록.경남아파트.이주택지,127.110533,37.206867,1
GGB233000136,6002,62,GGB233001491,37551,반도1차.모아아파트,127.1141,37.201883,1
GGB233000136,6002,63,GGB233000430,55663,반도4차.동탄4동복지센터,127.1154,37.2001,1
GGB233000136,6002,64,GGB233001168,36458,센트럴푸르지오.호반베르디움2차,127.116817,37.198133,1
GGB233000136,6002,65,GGB233000965,36468,청목초.신안1차,127.1194,37.194583,1
GGB233000136,6002,66,GGB233001623,37682,동원로얄듀크2차.목동초,127.123267,37.188667,1
GGB233000136,6002,67,GGB233001620,55490,힐스테이트.호반5차,127.122933,37.184867,1
GGB233000136,6002,68,GGB233000209,55464,창의고,127.122017,37.18175,1
GGB233000136,6002,69,GGB233001572,55488,서희스타힐스.단독주택,127.119533,37.173317,1
GGB233000136,6002,70,GGB233001695,37724,레이크파크뷰,127.118533,37.170033,1
GGB233000136,6002,71,GGB233001699,55500,호수부영6차.호수공원행복주택,127.117033,37.1674,1
GGB233000136,6002,72,GGB233001741,55502,센트리체.자연앤자이,127.1139,37.166033,1
GGB233000136,6002,73,GGB233001753,55504,센트럴시티.아이파크,127.109117,37.165883,1
GGB233000136,6002,74,GGB233003137,55533,계룡리슈빌.금호어울림,127.10645,37.16465,1
GGB233000136,6002,75,GGB233003126,55522,아이원.호수자이파밀리에,127.104783,37.161017,1
GGB233000136,6002,76,GGB233003123,55519,동탄2차고지,127.101267,37.155517,1
GGB233000139,8155,1,GGB233001064,36104,경진여객차고지,126.8164,37.07295,1
GGB233000139,8155,2,GGB233000487,37431,사곡사거리,126.81535,37.074917,1
GGB233000139,8155,3,GGB233000486,36917,장안여자중학교,126.815433,37.0786,1
GGB233000139,8155,4,GGB233002625,55396,조암농협,126.817467,37.082,1
GGB233000139,8155,5,GGB233000930,37481,조암시장남쪽입구,126.819367,37.082783,1
GGB233000139,8155,6,GGB233002243,37750,조암한라비발디,126.823767,37.087983,1
GGB233000139,8155,7,GGB233000402,37594,어은삼거리,126.826917,37.086117,1
GGB233000139,8155,8,GGB233000400,37453,어은1리,126.8342,37.095383,1
GGB233000139,8155,9,GGB233000397,37454,수촌3리,126.843033,37.102933,1
GGB233000139,8155,10,GGB233000393,37179,해창2리.능인대학원대학교,126.872517,37.108117,1
GGB233000139,8155,11,GGB233001402,37206,해창1리.우리꽃식물원,126.882,37.113033,1
GGB233000139,8155,12,GGB233001388,37231,제암리,126.8963,37.124067,1
GGB233000139,8155,13,GGB233000524,37245,주공아파트,126.899967,37.130483,1
GGB233000139,8155,14,GGB233001371,37273,장짐교차로,126.9113,37.135617,1
GGB233000139,8155,15,GGB233000632,37464,발안초등학교,126.912167,37.131033,1
GGB233000139,8155,16,GGB233002102,37287,향남환승터미널,126.921567,37.1328,1
GGB233000139,8155,17,GGB233002151,55098,만세구청.화성종합경기타운,126.921617,37.136317,1
GGB233000139,8155,18,GGB277102040,,점촌교차로(미정차),126.917017,37.141583,1
GGB233000139,8155,19,GGB277101732,,가재교차로(미정차),126.9223,37.149,1
GGB233000139,8155,20,GGB233000797,36068,진우아파트,126.930883,37.16185,1
GGB233000139,8155,21,GGB233000794,36081,해병대사령부,126.936333,37.177683,1
GGB233000139,8155,22,GGB233000793,36091,당하리.흰돌산기도원입구,126.938383,37.18515,1
GGB233000139,8155,23,GGB233000791,36097,가톨릭대학교,126.939417,37.193583,1
GGB233000139,8155,24,GGB233000902,36729,상기리입구,126.94115,37.1998,1
GGB233000139,8155,25,GGB277102570,,왕림휴게소(미정차),126.943767,37.2073,1
GGB233000139,8155,26,GGB233000788,36113,장안대학,126.944,37.21365,1
GGB233000139,8155,27,GGB233000787,36118,삼봉마을.신안인스빌,126.945917,37.217817,1
GGB233000139,8155,28,GGB233000786,36122,봉담읍행정복지센터,126.94965,37.220333,1
GGB233000139,8155,29,GGB233000785,36131,동화리.동남아파트,126.9523,37.223167,1
GGB233000139,8155,30,GGB233000784,36134,대진아이엠.LH3단지,126.953783,37.224967,1
GGB233000139,8155,31,GGB277102009,,봉담IC진입(미정차),126.957,37.2272,1
GGB233000139,8155,32,GGB277103518,,천천IC(미정차),126.950583,37.245983,1
GGB233000139,8155,33,GGB277103520,,호매실IC(미정차),126.9485,37.261917,0
GGB233000139,8155,34,GGB277103528,,서수원IC(미정차),126.952283,37.292917,0
GGB233000139,8155,35,GGB277103317,,월암IC(미정차),126.96215,37.302683,0
GGB233000139,8155,36,GGB277103315,,의왕신부곡IC(미정차),126.9683,37.33245,0
GGB233000139,8155,37,GGB226000039,27113,의왕톨게이트,126.985,37.3471,0
GGB233000139,8155,38,GGB277103221,,의왕터널진입(미정차),126.998417,37.358917,0
GGB233000139,8155,39,GGB277103159,,학의JC(미정차),127.001583,37.38705,0
GGB233000139,8155,40,GGB277103200,,과천터널진입(미정차),127.00175,37.40185,0
GGB233000139,8155,41,GGB277103203,,과천IC(미정차),126.99665,37.421683,0
GGB233000139,8155,42,GGB277103205,,대공원고가교(미정차),127.000667,37.438183,0
GGB233000139,8155,43,GGB120000671,,남태령역(중),126.988067,37.465883,0
GGB233000139,8155,44,GGB277103902,,사당IC출입(미정차),126.9843,37.47035,0
GGB233000139,8155,45,GGB121001315,,사당역(중),126.982017,37.4743,0
GGB233000139,8155,46,GGB277101688,,사당역사거리(미정차),126.98195,37.478017,0
GGB233000139,8155,47,GGB119000302,,사당역9번출구앞,126.981417,37.477533,0
GGB233000139,8155,48,GGB277102049,,남현동(미정차),126.9849,37.469117,0
GGB233000139,8155,49,GGB277102291,,과천진입(미정차),126.987667,37.459033,0
GGB233000139,8155,50,GGB277103204,,대공원고가교(미정차),127.00005,37.438283,0
GGB233000139,8155,51,GGB277103202,,과천IC(미정차),126.99615,37.422133,0
GGB233000139,8155,52,GGB277103201,,과천터널진입(미정차),126.994883,37.408017,0
GGB233000139,8155,53,GGB277103158,,학의JC(미정차),127.001517,37.387667,0
GGB233000139,8155,54,GGB277103220,,의왕터널진입(미정차),126.999233,37.365667,0
GGB233000139,8155,55,GGB226000038,27112,의왕톨게이트,126.9845,37.348517,0
GGB233000139,8155,56,GGB277103314,,의왕신부곡IC(미정차),126.968217,37.332683,0
GGB233000139,8155,57,GGB277104645,,삼리교(미정차),126.9657,37.321083,0
GGB233000139,8155,58,GGB277104646,,월암IC진입전(미정차),126.9661,37.308217,0
GGB233000139,8155,59,GGB277103316,,월암IC(미정차),126.961967,37.302833,0
GGB233000139,8155,60,GGB277103527,,서수원IC(미정차),126.952367,37.293533,0
GGB233000139,8155,61,GGB277103519,,호매실IC(미정차),126.9482,37.262267,0
GGB233000139,8155,62,GGB277103517,,천천IC(미정차),126.950117,37.24605,1
GGB233000139,8155,63,GGB233000838,36135,대진아이엠.LH3단지,126.953833,37.225533,1
GGB233000139,8155,64,GGB233000837,36128,동화리.동남아파트,126.951967,37.2233,1
GGB233000139,8155,65,GGB233000836,36123,봉담읍행정복지센터,126.949283,37.2204,1
GGB233000139,8155,66,GGB233000835,36119,삼봉마을.신안인스빌,126.94565,37.217967,1
GGB233000139,8155,67,GGB233000833,36111,장안대학,126.943633,37.213683,1
GGB233000139,8155,68,GGB233000831,36103,왕림리.상기리입구,126.93985,37.197883,1
GGB233000139,8155,69,GGB233000830,36095,가톨릭대학교,126.939167,37.193567,1
GGB233000139,8155,70,GGB233000828,36089,당하리.흰돌산기도원입구,126.93815,37.185483,1
GGB233000139,8155,71,GGB233000827,36083,해병대사령부,126.93635,37.178667,1
GGB233000139,8155,72,GGB233000823,36071,진우아파트,126.930883,37.162533,1
GGB233000139,8155,73,GGB277101693,,가재교차로(미정차),126.922,37.149117,1
GGB233000139,8155,74,GGB277101678,,점촌교차로(미정차),126.91685,37.1418,1
GGB233000139,8155,75,GGB233002152,55368,만세구청.화성종합경기타운,126.921233,37.136283,1
GGB233000139,8155,76,GGB233002101,37286,화성문화원.향남환승터미널,126.921083,37.132,1
GGB233000139,8155,77,GGB233001026,37269,화성중앙병원.발안초등학교,126.9115,37.131183,1
GGB233000139,8155,78,GGB233001558,37270,장짐교차로,126.91095,37.135967,1
GGB233000139,8155,79,GGB233000523,36908,발안마을주공아파트,126.900683,37.129383,1
GGB233000139,8155,80,GGB233001395,37230,제암리,126.89605,37.124117,1
GGB233000139,8155,81,GGB233000927,37205,해창1리.우리꽃식물원,126.88195,37.113133,1
GGB233000139,8155,82,GGB233000381,36845,해창2리.능인대학원대학교,126.872233,37.1082,1
GGB233000139,8155,83,GGB233000377,36847,금의리,126.843117,37.10315,1
GGB233000139,8155,84,GGB233002630,37396,어은1리,126.834283,37.095567,1
GGB233000139,8155,85,GGB233001387,37593,어은삼거리,126.826767,37.0863,1
GGB233000139,8155,86,GGB233002244,37968,조암한라비발디,126.82375,37.0882,1
GGB233000139,8155,87,GGB233000373,36022,조암시장남쪽입구,126.819267,37.082983,1
GGB233000139,8155,88,GGB233001434,55077,조암시장,126.815617,37.081533,1
GGB233000139,8155,89,GGB233000992,36797,장안여자중학교,126.815233,37.07855,1
GGB233000139,8155,90,GGB233000496,36910,사곡사거리,126.815217,37.074833,1
GGB233000139,8155,91,GGB233000412,36863,경진여객차고지,126.8163,37.072983,1
GGB233000140,1002,1,GGB233001912,37932,전곡항.서해랑케이블카,126.6526,37.186983,1
GGB233000140,1002,2,GGB233000061,36032,전곡산업단지사거리,126.671117,37.186367,1
GGB233000140,1002,3,GGB233001903,37929,장외리.오리골,126.66635,37.176683,1
GGB233000140,1002,4,GGB233001293,37002,제부도입구,126.65835,37.17215,1
GGB233000140,1002,5,GGB233001294,37008,살고지입구,126.667183,37.162717,1
GGB233000140,1002,6,GGB233000746,37017,장외리.지긋말,126.6785,37.168467,1
GGB233000140,1002,7,GGB233000745,37021,장외리,126.680833,37.174183,1
GGB233000140,1002,8,GGB233000850,37563,광평삼거리,126.6889,37.17475,1
GGB233000140,1002,9,GGB233000853,37045,서신터미널,126.705233,37.1694,1
GGB233000140,1002,10,GGB233002313,55360,상안2리교차로,126.710583,37.1812,1
GGB233000140,1002,11,GGB233000854,37068,육일2리.코스코밸리,126.72285,37.1995,1
GGB233000140,1002,12,GGB233002330,55172,육일리마을회관,126.725867,37.208217,1
GGB233000140,1002,13,GGB233000855,37080,사강복지회관,126.732733,37.2127,1
GGB233000140,1002,14,GGB233000268,37084,사강시장,126.736667,37.213,1
GGB233000140,1002,15,GGB233000267,37088,사강정형외과,126.739,37.213333,1
GGB233000140,1002,16,GGB233000737,37103,외국인보호소,126.76655,37.207967,1
GGB233000140,1002,17,GGB233000736,37106,마도사거리,126.77425,37.2069,1
GGB233000140,1002,18,GGB233000735,37107,재래시장.마도삼거리,126.780067,37.2063,1
GGB233000140,1002,19,GGB233000731,36009,우림아파트,126.80585,37.205483,1
GGB233000140,1002,20,GGB233002170,55115,경기수협.보건소,126.811883,37.206917,1
GGB233000140,1002,21,GGB233000841,36015,남양성지,126.817117,37.20775,1
GGB233000140,1002,22,GGB233001046,36018,기업은행,126.81875,37.20835,1
GGB233000140,1002,23,GGB233001749,37774,남양중고입구.기아남양점,126.820333,37.2058,1
GGB233000140,1002,24,GGB233002159,36024,양우내안애,126.823383,37.202783,1
GGB233000140,1002,25,GGB233001828,36001,남양뉴타운.현대2차,126.825517,37.200717,1
GGB233000140,1002,26,GGB233001001,36510,화성시청후문,126.829117,37.199967,1
GGB233000140,1002,27,GGB233001503,36738,남양아이파크,126.833733,37.20625,1
GGB233000140,1002,28,GGB233003106,55433,남양뉴타운1단지,126.833267,37.208517,1
GGB233000140,1002,29,GGB233001975,36742,남양뉴타운4단지,126.832967,37.210117,1
GGB233000140,1002,30,GGB233000886,55677,시티프라디움4차.현장민원실,126.8326,37.213733,1
GGB233000140,1002,31,GGB233001404,36719,유일병원,126.8323,37.217217,1
GGB233000140,1002,32,GGB233000727,36035,북양1리.봉림사,126.8321,37.21925,1
GGB233000140,1002,33,GGB233000726,36043,북양1리.염티고개,126.840217,37.222117,1
GGB233000140,1002,34,GGB233000725,37153,양노3리,126.85795,37.226633,1
GGB233000140,1002,35,GGB277104306,,양노IC(미정차),126.8612,37.232617,1
GGB233000140,1002,36,GGB277104308,,백학IC(미정차),126.87945,37.231483,1
GGB233000140,1002,37,GGB277104310,,화성비봉(미정차),126.904433,37.232583,1
GGB233000140,1002,38,GGB277104312,,샘내IC(미정차),126.936567,37.243283,1
GGB233000140,1002,39,GGB277103520,,호매실IC(미정차),126.9485,37.261917,0
GGB233000140,1002,40,GGB277103528,,서수원IC(미정차),126.952283,37.292917,0
GGB233000140,1002,41,GGB277103317,,월암IC(미정차),126.96215,37.302683,0
GGB233000140,1002,42,GGB277103315,,의왕신부곡IC(미정차),126.9683,37.33245,0
GGB233000140,1002,43,GGB226000039,27113,의왕톨게이트,126.985,37.3471,0
GGB233000140,1002,44,GGB277103221,,의왕터널진입(미정차),126.998417,37.358917,0
GGB233000140,1002,45,GGB277103159,,학의JC(미정차),127.001583,37.38705,0
GGB233000140,1002,46,GGB277103200,,과천터널진입(미정차),127.00175,37.40185,0
GGB233000140,1002,47,GGB277103203,,과천IC(미정차),126.99665,37.421683,0
GGB233000140,1002,48,GGB277103205,,대공원고가교(미정차),127.000667,37.438183,0
GGB233000140,1002,49,GGB120000671,,남태령역(중),126.988067,37.465883,0
GGB233000140,1002,50,GGB121001315,,사당역(중),126.982017,37.4743,0
GGB233000140,1002,51,GGB277101688,,사당역사거리(미정차),126.98195,37.478017,0
GGB233000140,1002,52,GGB119900083,,사당역10번출구,126.981483,37.478517,0
GGB233000140,1002,53,GGB277102049,,남현동(미정차),126.9849,37.469117,0
GGB233000140,1002,54,GGB277102291,,과천진입(미정차),126.987667,37.459033,0
GGB233000140,1002,55,GGB277103204,,대공원고가교(미정차),127.00005,37.438283,0
GGB233000140,1002,56,GGB277103202,,과천IC(미정차),126.99615,37.422133,0
GGB233000140,1002,57,GGB277103201,,과천터널진입(미정차),126.994883,37.408017,0
GGB233000140,1002,58,GGB277103158,,학의JC(미정차),127.001517,37.387667,0
GGB233000140,1002,59,GGB277103220,,의왕터널진입(미정차),126.999233,37.365667,0
GGB233000140,1002,60,GGB226000038,27112,의왕톨게이트,126.9845,37.348517,0
GGB233000140,1002,61,GGB277104644,,의왕IC(미정차),126.978,37.341217,0
GGB233000140,1002,62,GGB277103314,,의왕신부곡IC(미정차),126.968217,37.332683,0
GGB233000140,1002,63,GGB277104645,,삼리교(미정차),126.9657,37.321083,0
GGB233000140,1002,64,GGB277103316,,월암IC(미정차),126.961967,37.302833,0
GGB233000140,1002,65,GGB277103527,,서수원IC(미정차),126.952367,37.293533,0
GGB233000140,1002,66,GGB277103519,,호매실IC(미정차),126.9482,37.262267,0
GGB233000140,1002,67,GGB277104313,,샘내IC(미정차),126.9369,37.2438,1
GGB233000140,1002,68,GGB277104311,,화성비봉(미정차),126.904217,37.232867,1
GGB233000140,1002,69,GGB277104309,,백학IC(미정차),126.880083,37.231767,1
GGB233000140,1002,70,GGB277104307,,양노IC(미정차),126.861467,37.233717,1
GGB233000140,1002,71,GGB233000773,37154,양노리,126.859567,37.228767,1
GGB233000140,1002,72,GGB233003082,55393,양노3리,126.8582,37.227283,1
GGB233000140,1002,73,GGB233000772,36042,북양1리.염티고개,126.839133,37.222233,1
GGB233000140,1002,74,GGB233000771,37776,북양1리,126.8318,37.218983,1
GGB233000140,1002,75,GGB233000966,55678,남양뉴타운입구,126.83215,37.2147,1
GGB233000140,1002,76,GGB233003107,55434,남양뉴타운4단지,126.8324,37.210583,1
GGB233000140,1002,77,GGB233000138,36431,남양뉴타운1단지,126.83275,37.208767,1
GGB233000140,1002,78,GGB233000163,36506,남양아이파크,126.833467,37.205417,1
GGB233000140,1002,79,GGB233001000,36507,화성시청후문,126.828867,37.200133,1
GGB233000140,1002,80,GGB233001943,36002,남양뉴타운.상가단지,126.825817,37.200917,1
GGB233000140,1002,81,GGB233000188,36804,남양뉴타운.양우내안애,126.824367,37.202283,1
GGB233000140,1002,82,GGB233001318,36023,남양중고교입구,126.82225,37.204367,1
GGB233000140,1002,83,GGB233000210,37567,기업은행,126.81965,37.2073,1
GGB233000140,1002,84,GGB233000767,36014,남양성지,126.815433,37.207533,1
GGB233000140,1002,85,GGB233002171,55116,경기수협.보건소,126.81185,37.207033,1
GGB233000140,1002,86,GGB233000766,36010,우림아파트,126.806133,37.20565,1
GGB233000140,1002,87,GGB233000763,37108,재래시장.마도삼거리,126.780767,37.20635,1
GGB233000140,1002,88,GGB233000762,37105,마도사거리,126.7746,37.20715,1
GGB233000140,1002,89,GGB233000761,37104,외국인보호소,126.767117,37.20805,1
GGB233000140,1002,90,GGB233000858,37089,송산농협.사강정형외과,126.738617,37.2135,1
GGB233000140,1002,91,GGB233000859,37085,사강시장,126.73645,37.213183,1
GGB233000140,1002,92,GGB233000271,37081,사강복지회관,126.732567,37.212917,1
GGB233000140,1002,93,GGB233000136,36440,육일리마을회관,126.724983,37.207283,1
GGB233000140,1002,94,GGB233001740,55356,코스코밸리아파트,126.722067,37.1987,1
GGB233000140,1002,95,GGB233002314,55361,상안2리교차로,126.710367,37.1811,1
GGB233000140,1002,96,GGB233000863,37043,서신,126.705083,37.169433,1
GGB233000140,1002,97,GGB233000754,37564,광평삼거리,126.688917,37.174817,1
GGB233000140,1002,98,GGB233000865,37020,장외리,126.6807,37.17425,1
GGB233000140,1002,99,GGB233000866,37016,장외리.지긋말,126.678317,37.1684,1
GGB233000140,1002,100,GGB233001299,36947,살고지입구,126.666583,37.16295,1
GGB233000140,1002,101,GGB233000872,37001,제부도입구,126.65855,37.172117,1
GGB233000140,1002,102,GGB233001871,55348,장외리.오리골,126.666583,37.176783,1
GGB233000140,1002,103,GGB233000060,36027,전곡산업단지사거리,126.671267,37.186117,1
GGB233000140,1002,104,GGB233001886,37921,전곡항.서해랑케이블카,126.652667,37.187067,1
GGB233000142,6002-1,1,GGB233002438,55310,한화꿈에그린,127.100483,37.194433,1
GGB233000142,6002-1,2,GGB233002419,55296,한화.호반.대원,127.104867,37.196733,1
GGB233000142,6002-1,3,GGB233002420,55297,롯데캐슬.호반베르디움,127.111067,37.19685,1
GGB233000142,6002-1,4,GGB233001167,37484,센트럴푸르지오.반도유보라,127.11465,37.198117,1
GGB233000142,6002-1,5,GGB233002428,55304,호반베르디움,127.117617,37.19955,1
GGB233000142,6002-1,6,GGB233002423,55299,무봉초,127.115,37.203833,1
GGB233000142,6002-1,7,GGB233000960,36452,경남.반도1차,127.110817,37.203517,1
GGB233000142,6002-1,8,GGB233002435,55293,영천유치원.시범예미지,127.108783,37.203517,1
GGB233000142,6002-1,9,GGB233000961,36453,영천초.계룡,127.104933,37.204283,1
GGB233000142,6002-1,10,GGB233000127,36446,자이.우남퍼스트빌,127.099867,37.204833,1
GGB233000142,6002-1,11,GGB233000121,36463,상록.테크노밸리.GS자이,127.099067,37.208283,1
GGB233000142,6002-1,12,GGB233000122,36792,센트럴상록.대방디엠시티,127.100033,37.209167,1
GGB233000142,6002-1,13,GGB233000063,36033,동원.다원중,127.103583,37.212133,1
GGB233000142,6002-1,14,GGB233000698,55853,현대트랜시스(중),127.103667,37.2163,1
GGB233000142,6002-1,15,GGB277102516,,기흥IC진입(미정차),127.10135,37.221733,0
GGB233000142,6002-1,16,GGB277102660,,기흥휴게소(미정차),127.106617,37.23525,0
GGB233000142,6002-1,17,GGB277103363,,수원신갈IC(미정차),127.104,37.2657,0
GGB233000142,6002-1,18,GGB277103361,,신갈JC(미정차),127.103867,37.289667,0
GGB233000142,6002-1,19,GGB277103443,,죽전(미정차),127.103817,37.326633,0
GGB233000142,6002-1,20,GGB277102630,,금곡(미정차),127.10355,37.349767,0
GGB233000142,6002-1,21,GGB277103386,,서울TG(미정차),127.104333,37.364967,0
GGB233000142,6002-1,22,GGB277103151,,판교IC(미정차),127.100617,37.398633,0
GGB233000142,6002-1,23,GGB277103679,,금토JC(미정차),127.085317,37.415283,0
GGB233000142,6002-1,24,GGB277103441,,서울진입(미정차),127.066583,37.43385,0
GGB233000142,6002-1,25,GGB277104177,,청계산입구역(미정차),127.0542,37.448367,0
GGB233000142,6002-1,26,GGB277103388,,양재IC(미정차),127.04045,37.463283,0
GGB233000142,6002-1,27,GGB277103390,,서초IC(미정차),127.026333,37.483133,0
GGB233000142,6002-1,28,GGB121000086,90062,KCC사옥,127.020217,37.503017,0
GGB233000142,6002-1,29,GGB121000947,,신논현역.유화빌딩,127.025517,37.50165,0
GGB233000142,6002-1,30,GGB277102911,,강남역10번출구(미정차),127.026983,37.498617,0
GGB233000142,6002-1,31,GGB121000009,,신분당선강남역(중),127.028567,37.495783,0
GGB233000142,6002-1,32,GGB277101612,,우성아파트앞사거리(미정차),127.029533,37.49335,0
GGB233000142,6002-1,33,GGB121000007,,래미안아파트.파이낸셜뉴스(중),127.030533,37.491667,0
GGB233000142,6002-1,34,GGB121000005,,뱅뱅사거리(중),127.032467,37.487683,0
GGB233000142,6002-1,35,GGB121000003,,양재역.서초문화예술회관(중),127.035883,37.482567,0
GGB233000142,6002-1,36,GGB121000001,,말죽거리공원사거리(중),127.038517,37.478467,0
GGB233000142,6002-1,37,GGB121000220,,매헌시민의숲.양재꽃시장,127.038383,37.4708,0
GGB233000142,6002-1,38,GGB277103387,,양재IC(미정차),127.039433,37.46365,0
GGB233000142,6002-1,39,GGB277104178,,청계산입구역(미정차),127.053833,37.448183,0
GGB233000142,6002-1,40,GGB277103440,,성남진입(미정차),127.066183,37.43355,0
GGB233000142,6002-1,41,GGB277103678,,금토JC(미정차),127.08445,37.4155,0
GGB233000142,6002-1,42,GGB277103150,,판교IC(미정차),127.10005,37.398833,0
GGB233000142,6002-1,43,GGB277103385,,서울TG(미정차),127.1026,37.36535,0
GGB233000142,6002-1,44,GGB277102104,,금곡(미정차),127.103117,37.350367,0
GGB233000142,6002-1,45,GGB277103442,,죽전(미정차),127.10315,37.3266,0
GGB233000142,6002-1,46,GGB277103360,,신갈JC(미정차),127.10345,37.290433,0
GGB233000142,6002-1,47,GGB277103362,,수원신갈IC(미정차),127.103533,37.266817,0
GGB233000142,6002-1,48,GGB277102621,,기흥휴게소(미정차),127.106183,37.235117,0
GGB233000142,6002-1,49,GGB233000709,55854,현대트랜시스(중),127.103817,37.217283,1
GGB233000142,6002-1,50,GGB233001902,37073,동원.다원중,127.103267,37.211783,1
GGB233000142,6002-1,51,GGB233002436,36842,상록.테크노밸리.GS자이,127.098517,37.206517,1
GGB233000142,6002-1,52,GGB233002433,37663,우남퍼스트빌.자이,127.100083,37.204567,0
GGB233000142,6002-1,53,GGB233000131,36812,계룡.영천초,127.104883,37.203933,1
GGB233000142,6002-1,54,GGB233002434,55292,시범예미지.영천유치원,127.108767,37.203233,1
GGB233000142,6002-1,55,GGB233000164,36811,반도1차.경남,127.110767,37.203167,1
GGB233000142,6002-1,56,GGB233002422,55298,무봉초,127.117283,37.20345,1
GGB233000142,6002-1,57,GGB233002427,55303,KCC스위첸,127.118867,37.201117,1
GGB233000142,6002-1,58,GGB233000150,36515,반도유보라.센트럴푸르지오,127.11515,37.198733,1
GGB233000142,6002-1,59,GGB233000134,36511,호반베르디움.롯데캐슬,127.1112,37.1972,1
GGB233000142,6002-1,60,GGB233000139,36445,한화.호반.대원,127.1049,37.1971,1
GGB233000142,6002-1,61,GGB233002437,55309,한화꿈에그린,127.100333,37.194817,1
GGB233000252,710,1,GGB233000160,36505,만의사.마을회관,127.13865,37.204917,1
GGB233000252,710,2,GGB233000970,36503,상록골프장.신나는교회,127.134017,37.203233,1
GGB233000252,710,3,GGB233000972,36499,일진정공,127.129083,37.203067,1
GGB233000252,710,4,GGB233000352,55814,단독주택,127.124583,37.204283,1
GGB233000252,710,5,GGB233000959,36437,동탄2LH4단지,127.12265,37.205633,1
GGB233000252,710,6,GGB233002500,55406,LH4단지후문,127.1192,37.204267,1
GGB233000252,710,7,GGB233001506,37582,포레너스아파트,127.116183,37.205167,1
GGB233000252,710,8,GGB233000149,36514,한백초중교,127.114767,37.207233,1
GGB233000252,710,9,GGB233001609,37674,한백고등학교,127.114333,37.207783,1
GGB233000252,710,10,GGB233002181,55610,동탄파크자이.이지더원후문,127.112033,37.210167,1
GGB233000252,710,11,GGB233000242,55608,동탄파크자이정문,127.111833,37.211283,1
GGB233000252,710,12,GGB233001165,55756,선납숲공원.퍼스트파크,127.107733,37.210167,1
GGB233000252,710,13,GGB233002431,55307,동탄2파출소.농협,127.104383,37.2095,1
GGB233000252,710,14,GGB233002432,55308,대방디엠시티.센트럴상록,127.099667,37.209517,1
GGB233000252,710,15,GGB233002443,55315,한미약품.푸르지오,127.091617,37.2095,1
GGB233000252,710,16,GGB233002493,55937,경기남부직업능력개발원,127.08725,37.20955,1
GGB233000252,710,17,GGB233002439,55311,예당고사거리,127.080667,37.2099,1
GGB233000252,710,18,GGB233001683,37712,전하리교회.우미제일,127.079283,37.21315,1
GGB233000252,710,19,GGB233001619,37692,동탄이마트.한림대병원,127.077833,37.214483,1
GGB233000252,710,20,GGB233001282,37587,예당마을.롯데캐슬(중),127.073,37.21175,1
GGB233000252,710,21,GGB233001216,36841,한빛마을.석우중학교(중),127.069267,37.208217,1
GGB233000252,710,22,GGB233001677,37737,한화꿈에그린아파트,127.06655,37.206817,1
GGB233000252,710,23,GGB233001675,37703,센트럴파크,127.063933,37.208067,1
GGB233000252,710,24,GGB233001994,55439,능동은행사거리.동탄시티병원,127.061867,37.209167,1
GGB233000252,710,25,GGB233001673,37736,미즈파크병원,127.060467,37.209633,1
GGB233000252,710,26,GGB233002029,55023,크리스찬교회,127.058817,37.210317,1
GGB233000252,710,27,GGB233002030,55021,이지더원,127.055917,37.211583,1
GGB233000252,710,28,GGB233000109,36710,신미주아파트앞,127.051783,37.214633,1
GGB233000252,710,29,GGB233000108,36380,주공8단지,127.048783,37.21515,1
GGB233000252,710,30,GGB233000067,36370,주공10.11단지,127.045267,37.215883,1
GGB233000252,710,31,GGB233000066,36795,중심상가,127.04375,37.21515,1
GGB233000252,710,32,GGB233002132,55279,롯데시네마,127.04245,37.214483,1
GGB233000252,710,33,GGB233000671,36354,진안동,127.0393,37.213017,1
GGB233000252,710,34,GGB233000703,36753,병점사거리.병점역입구,127.034433,37.208383,1
GGB233000252,710,35,GGB233000702,36345,병점역사거리,127.035633,37.206983,1
GGB233000252,710,36,GGB233000101,36350,센트럴허브시티.송화초교,127.038217,37.203783,1
GGB233000252,710,37,GGB277101836,,병점정형외과(미정차),127.036617,37.20605,1
GGB233000252,710,38,GGB233000708,36342,병점구청.병점초등학교,127.0345,37.208717,1
GGB233000252,710,39,GGB233000641,36347,병점화남아파트,127.03755,37.211967,1
GGB233000252,710,40,GGB233000640,36355,진안동,127.040533,37.2133,1
GGB233000252,710,41,GGB233002403,55291,롯데시네마,127.042633,37.21425,1
GGB233000252,710,42,GGB233000065,36371,주공11단지.우남퍼스트빌2차,127.045117,37.215517,1
GGB233000252,710,43,GGB233000107,36383,주공7.8단지,127.04955,37.214383,1
GGB233000252,710,44,GGB233000106,36386,신미주아파트.주공6단지,127.05175,37.214417,1
GGB233000252,710,45,GGB233002032,55014,신미주,127.0526,37.214,1
GGB233000252,710,46,GGB233002031,55020,경남아너스빌,127.055533,37.2115,1
GGB233000252,710,47,GGB233002028,55022,동탄3동행정복지센터,127.0587,37.210133,1
GGB233000252,710,48,GGB233001672,37730,미즈파크병원,127.060233,37.20945,1
GGB233000252,710,49,GGB233002273,55147,능동은행사거리.동탄시티병원,127.061817,37.2089,1
GGB233000252,710,50,GGB233001674,37742,센트럴파크,127.063817,37.2078,1
GGB233000252,710,51,GGB233001676,37741,금호어울림,127.066483,37.20655,1
GGB233000252,710,52,GGB233001562,36668,한빛마을(중),127.06905,37.207667,1
GGB233000252,710,53,GGB233001281,36672,예당마을.롯데캐슬(중),127.072067,37.21095,1
GGB233000252,710,54,GGB233001618,37684,동탄이마트.한림대병원,127.077933,37.214033,1
GGB233000252,710,55,GGB233003186,37760,우미제일.전하리교회,127.079383,37.212133,1
GGB233000252,710,56,GGB233002440,55312,예당고사거리,127.081817,37.209183,1
GGB233000252,710,57,GGB233003207,55967,경기남부직업능력개발원,127.086967,37.2092,1
GGB233000252,710,58,GGB233002442,55314,푸르지오.한미약품,127.091833,37.209183,1
GGB233000252,710,59,GGB233000122,36792,센트럴상록.대방디엠시티,127.100033,37.209167,1
GGB233000252,710,60,GGB233001166,36470,동탄2파출소.농협,127.1049,37.209183,1
GGB233000252,710,61,GGB233001280,55664,퍼스트파크.선납숲공원,127.107867,37.210033,1
GGB233000252,710,62,GGB233000243,55607,동탄파크자이정문,127.111617,37.2113,1
GGB233000252,710,63,GGB233002179,55609,동탄파크이지더원.자이후문,127.11185,37.210067,1
GGB233000252,710,64,GGB233000569,55620,한백고등학교,127.11415,37.20775,1
GGB233000252,710,65,GGB233000135,36513,한백초중교,127.114667,37.20705,1
GGB233000252,710,66,GGB233000981,36434,포레너스아파트,127.115867,37.205367,1
GGB233000252,710,67,GGB233002501,55407,LH4단지후문,127.119617,37.2041,1
GGB233000252,710,68,GGB233001505,37583,동탄2LH4단지,127.122783,37.205583,1
GGB233000252,710,69,GGB233000971,36500,일진정공,127.129533,37.202967,1
GGB233000252,710,70,GGB233000969,36504,신나는교회.상록골프장,127.1341,37.203133,1
GGB233000252,710,71,GGB233000160,36505,만의사.마을회관,127.13865,37.204917,1
GGB233000254,203,1,GGB233003122,55518,동탄2차고지,127.10165,37.1554,1
GGB233000254,203,2,GGB277104372,,기점진입전(미정차),127.103267,37.157833,1
GGB233000254,203,3,GGB233003163,55560,호수자이파밀리에,127.105917,37.159067,1
GGB233000254,203,4,GGB233003164,55561,롯데캐슬.제일풍경채,127.109083,37.157417,1
GGB233000254,203,5,GGB233000973,55685,호반6차.제일풍경채,127.111567,37.15635,1
GGB233000254,203,6,GGB233003165,55562,호반6차,127.112683,37.157067,1
GGB233000254,203,7,GGB233002531,55938,서연초,127.1155,37.1588,1
GGB233000254,203,8,GGB233003168,55565,동탄2아이파크2단지,127.120267,37.16,1
GGB233000254,203,9,GGB233003167,55564,동탄2아이파크1단지,127.119917,37.161367,1
GGB233000254,203,10,GGB233003166,55563,레이크반도9차,127.116233,37.162017,1
GGB233000254,203,11,GGB233002953,37005,서연중고등학교,127.111683,37.161533,1
GGB233000254,203,12,GGB233000428,55662,금호어울림레이크.우남더테라스,127.108833,37.1619,1
GGB233000254,203,13,GGB233003127,55523,금호어울림.계룡리슈빌,127.10695,37.1639,1
GGB233000254,203,14,GGB233003128,55524,동탄호수공원.센트럴시티,127.107017,37.166817,1
GGB233000254,203,15,GGB233003093,55420,호수부영3차.우미린2차,127.107083,37.171667,1
GGB233000254,203,16,GGB233000162,36493,나래학교.더샵레이크,127.105783,37.175917,1
GGB233000254,203,17,GGB233000161,36487,반도3차.금강1차,127.102683,37.182417,1
GGB233000254,203,18,GGB233000995,36477,의료시설부지,127.100233,37.1876,1
GGB233000254,203,19,GGB233000999,36501,리베라CC.헤리엇,127.099083,37.190717,1
GGB233000254,203,20,GGB233000978,36466,한화.린스트라우스,127.099083,37.195383,1
GGB233000254,203,21,GGB233003085,55399,동탄역(동측),127.096283,37.19985,1
GGB233000254,203,22,GGB233000964,36469,우남퍼스트빌.예미지시그너스,127.0991,37.203367,1
GGB233000254,203,23,GGB233000121,36463,상록.테크노밸리.GS자이,127.099067,37.208283,1
GGB233000254,203,24,GGB233002443,55315,한미약품.푸르지오,127.091617,37.2095,1
GGB233000254,203,25,GGB233002493,55937,경기남부직업능력개발원,127.08725,37.20955,1
GGB233000254,203,26,GGB233002439,55311,예당고사거리,127.080667,37.2099,1
GGB233000254,203,27,GGB233001683,37712,전하리교회.우미제일,127.079283,37.21315,1
GGB233000254,203,28,GGB233001782,37864,한림대병원(중),127.078117,37.216633,1
GGB233000254,203,29,GGB233001978,37954,IT단지(중),127.074133,37.224717,1
GGB233000254,203,30,GGB233002353,55253,삼성반도체후문,127.071283,37.228417,1
GGB233000254,203,31,GGB233001300,36406,신동탄롯데캐슬,127.068117,37.230633,1
GGB233000254,203,32,GGB233000116,36399,반월리큰고개,127.0648,37.232933,1
GGB233000254,203,33,GGB233000118,36393,신영통현대타운.두산위브,127.0625,37.235483,1
GGB233000254,203,34,GGB203000109,4089,망포1동행정복지센터.삼정라츠.늘푸른벽산,127.0594,37.237417,0
GGB233000254,203,35,GGB203000108,4176,망포중학교.엘지동수원자이,127.0565,37.238767,0
GGB233000254,203,36,GGB203000155,4070,청와.쌍용.그대가센트럴파크아파트,127.05545,37.242717,0
GGB233000254,203,37,GGB203000124,4085,망포역1번출구.디지털엠파이어1,127.0596,37.24575,0
GGB233000254,203,38,GGB203000168,4117,교통공원,127.065367,37.246183,0
GGB233000254,203,39,GGB203000157,4129,살구골동아아파트,127.067983,37.247717,0
GGB233000254,203,40,GGB203000156,4135,살구골현대아파트.영통역4번출구,127.0704,37.2502,0
GGB233000254,203,41,GGB203000123,4150,영통역,127.0739,37.253767,0
GGB233000254,203,42,GGB203000004,4153,청명대우아파트,127.075467,37.260633,0
GGB233000254,203,43,GGB203000097,4102,영흥수목원.영흥숲푸르지오파크비엔아파트,127.069833,37.261983,0
GGB233000254,203,44,GGB203000103,4103,영흥수목원.영흥숲푸르지오파크비엔아파트,127.0702,37.261767,0
GGB233000254,203,45,GGB203000106,4155,청명대우아파트,127.07575,37.260533,0
GGB233000254,203,46,GGB203000075,4157,청명역4번출구,127.07745,37.258283,0
GGB233000254,203,47,GGB203000355,4384,수원가정법원.훼미리타워,127.07455,37.255183,0
GGB233000254,203,48,GGB203000074,4141,영통역8번출구.수원지방법원등기국,127.071917,37.25235,0
GGB233000254,203,49,GGB203000065,4131,극동.풍림아파트,127.068883,37.2493,0
GGB233000254,203,50,GGB203000257,4240,영통주공9단지,127.065117,37.2466,0
GGB233000254,203,51,GGB203000150,4072,그대가프리미어아파트.망포역3번출구,127.056017,37.24465,0
GGB233000254,203,52,GGB203000149,4069,태장초등학교,127.055333,37.24085,0
GGB233000254,203,53,GGB203000148,4177,망포중학교.엘지동수원자이,127.056483,37.238333,0
GGB233000254,203,54,GGB203000147,4090,망포1동행정복지센터.삼정라츠.늘푸른벽산,127.059233,37.237167,0
GGB233000254,203,55,GGB233000117,36512,신영통현대타운.두산위브,127.0621,37.23535,1
GGB233000254,203,56,GGB233001211,36396,반월리큰고개,127.064817,37.2325,1
GGB233000254,203,57,GGB233000115,36405,신동탄롯데캐슬,127.0681,37.230383,1
GGB233000254,203,58,GGB233001212,36408,삼성반도체후문,127.070867,37.227467,1
GGB233000254,203,59,GGB233001310,36683,IT단지(중),127.073667,37.2251,1
GGB233000254,203,60,GGB233001225,36414,한림대병원(중),127.07775,37.217317,1
GGB233000254,203,61,GGB233003186,37760,우미제일.전하리교회,127.079383,37.212133,1
GGB233000254,203,62,GGB233002440,55312,예당고사거리,127.081817,37.209183,1
GGB233000254,203,63,GGB233003207,55967,경기남부직업능력개발원,127.086967,37.2092,1
GGB233000254,203,64,GGB233002442,55314,푸르지오.한미약품,127.091833,37.209183,1
GGB233000254,203,65,GGB233002436,36842,상록.테크노밸리.GS자이,127.098517,37.206517,1
GGB233000254,203,66,GGB233000130,36447,예미지시그너스.우남퍼스트빌,127.0985,37.20315,1
GGB233000254,203,67,GGB233003084,55398,동탄역(서측),127.096083,37.199583,1
GGB233000254,203,68,GGB233001637,37658,린스트라우스.한화,127.098517,37.19625,1
GGB233000254,203,69,GGB233000998,36502,헤리엇.리베라CC,127.098467,37.190733,1
GGB233000254,203,70,GGB233000994,36480,공공청사부지,127.099833,37.187033,1
GGB233000254,203,71,GGB233000996,36488,반도3차.금강1차,127.103133,37.1802,1
GGB233000254,203,72,GGB233000997,36494,레이크빌.하우스디더레이크,127.105083,37.176083,1
GGB233000254,203,73,GGB233003092,55419,우미린2차.호수부영3차,127.106417,37.17135,1
GGB233000254,203,74,GGB233003136,55532,동탄호수공원,127.106433,37.167167,1
GGB233000254,203,75,GGB233003137,55533,계룡리슈빌.금호어울림,127.10645,37.16465,1
GGB233000254,203,76,GGB233002445,55661,금호어울림레이크.우남더테라스,127.107667,37.162183,1
GGB233000254,203,77,GGB233002952,37004,서연중고등학교,127.111717,37.161367,1
GGB233000254,203,78,GGB233003133,55529,레이크반도9차,127.116117,37.1619,1
GGB233000254,203,79,GGB233003134,55530,동탄2아이파크1단지,127.119467,37.161317,1
GGB233000254,203,80,GGB233003135,55531,동탄2아이파크2단지,127.120033,37.160033,1
GGB233000254,203,81,GGB233002584,55939,서연초,127.1161,37.159467,1
GGB233000254,203,82,GGB233003129,55525,호반6차,127.112517,37.157233,1
GGB233000254,203,83,GGB233000818,55684,호반6차.제일풍경채,127.111167,37.156533,1
GGB233000254,203,84,GGB233003130,55526,롯데캐슬.제일풍경채,127.1089,37.157917,1
GGB233000254,203,85,GGB233003131,55527,호수자이파밀리에,127.106033,37.159217,1
GGB233000254,203,86,GGB233003123,55519,동탄2차고지,127.101267,37.155517,1
GGB233000258,8156,1,GGB233001266,60088,제약공단공원,126.900817,37.089467,1
GGB233000258,8156,2,GGB233002472,55481,향남주공18단지,126.89775,37.098867,1
GGB233000258,8156,3,GGB233002473,55483,향남부영16단지,126.897767,37.103867,1
GGB233000258,8156,4,GGB233001548,55479,상신하길로주택,126.902867,37.105967,1
GGB233000258,8156,5,GGB233002474,55323,향남부영13단지,126.90815,37.109517,1
GGB233000258,8156,6,GGB233002417,36697,하길중학교,126.908817,37.1134,1
GGB233000258,8156,7,GGB233002414,55289,향남부영7.롯데씨네마,126.911067,37.1144,1
GGB233000258,8156,8,GGB233002478,55319,향남모아8단지,126.91445,37.113417,1
GGB233000258,8156,9,GGB233001108,37284,향남주공2단지,126.917617,37.116733,1
GGB233000258,8156,10,GGB233000618,37281,방축리,126.918667,37.120033,1
GGB233000258,8156,11,GGB233002106,55081,단독주택단지,126.920183,37.12425,1
GGB233000258,8156,12,GGB233002104,55080,신영지웰,126.920967,37.127867,1
GGB233000258,8156,13,GGB233001860,37903,화성소방서.향남홈플러스,126.9213,37.130533,1
GGB233000258,8156,14,GGB233002102,37287,향남환승터미널,126.921567,37.1328,1
GGB233000258,8156,15,GGB233002151,55098,만세구청.화성종합경기타운,126.921617,37.136317,1
GGB233000258,8156,16,GGB277102040,,점촌교차로(미정차),126.917017,37.141583,1
GGB233000258,8156,17,GGB277101732,,가재교차로(미정차),126.9223,37.149,1
GGB233000258,8156,18,GGB233000797,36068,진우아파트,126.930883,37.16185,1
GGB233000258,8156,19,GGB233000794,36081,해병대사령부,126.936333,37.177683,1
GGB233000258,8156,20,GGB233000793,36091,당하리.흰돌산기도원입구,126.938383,37.18515,1
GGB233000258,8156,21,GGB233000791,36097,가톨릭대학교,126.939417,37.193583,1
GGB233000258,8156,22,GGB233000902,36729,상기리입구,126.94115,37.1998,1
GGB233000258,8156,23,GGB277102570,,왕림휴게소(미정차),126.943767,37.2073,1
GGB233000258,8156,24,GGB233000788,36113,장안대학,126.944,37.21365,1
GGB233000258,8156,25,GGB233000787,36118,삼봉마을.신안인스빌,126.945917,37.217817,1
GGB233000258,8156,26,GGB233000786,36122,봉담읍행정복지센터,126.94965,37.220333,1
GGB233000258,8156,27,GGB233000785,36131,동화리.동남아파트,126.9523,37.223167,1
GGB233000258,8156,28,GGB233000784,36134,대진아이엠.LH3단지,126.953783,37.224967,1
GGB233000258,8156,29,GGB277102009,,봉담IC진입(미정차),126.957,37.2272,1
GGB233000258,8156,30,GGB277103518,,천천IC(미정차),126.950583,37.245983,1
GGB233000258,8156,31,GGB277103520,,호매실IC(미정차),126.9485,37.261917,0
GGB233000258,8156,32,GGB277103528,,서수원IC(미정차),126.952283,37.292917,0
GGB233000258,8156,33,GGB277103317,,월암IC(미정차),126.96215,37.302683,0
GGB233000258,8156,34,GGB277103315,,의왕신부곡IC(미정차),126.9683,37.33245,0
GGB233000258,8156,35,GGB226000039,27113,의왕톨게이트,126.985,37.3471,0
GGB233000258,8156,36,GGB277103221,,의왕터널진입(미정차),126.998417,37.358917,0
GGB233000258,8156,37,GGB277103159,,학의JC(미정차),127.001583,37.38705,0
GGB233000258,8156,38,GGB277103200,,과천터널진입(미정차),127.00175,37.40185,0
GGB233000258,8156,39,GGB277103203,,과천IC(미정차),126.99665,37.421683,0
GGB233000258,8156,40,GGB277103205,,대공원고가교(미정차),127.000667,37.438183,0
GGB233000258,8156,41,GGB120000671,,남태령역(중),126.988067,37.465883,0
GGB233000258,8156,42,GGB121001315,,사당역(중),126.982017,37.4743,0
GGB233000258,8156,43,GGB277101688,,사당역사거리(미정차),126.98195,37.478017,0
GGB233000258,8156,44,GGB119000302,,사당역9번출구앞,126.981417,37.477533,0
GGB233000258,8156,45,GGB277102049,,남현동(미정차),126.9849,37.469117,0
GGB233000258,8156,46,GGB277102291,,과천진입(미정차),126.987667,37.459033,0
GGB233000258,8156,47,GGB277103204,,대공원고가교(미정차),127.00005,37.438283,0
GGB233000258,8156,48,GGB277103202,,과천IC(미정차),126.99615,37.422133,0
GGB233000258,8156,49,GGB277103201,,과천터널진입(미정차),126.994883,37.408017,0
GGB233000258,8156,50,GGB277103158,,학의JC(미정차),127.001517,37.387667,0
GGB233000258,8156,51,GGB277103220,,의왕터널진입(미정차),126.999233,37.365667,0
GGB233000258,8156,52,GGB226000038,27112,의왕톨게이트,126.9845,37.348517,0
GGB233000258,8156,53,GGB277103314,,의왕신부곡IC(미정차),126.968217,37.332683,0
GGB233000258,8156,54,GGB277104645,,삼리교(미정차),126.9657,37.321083,0
GGB233000258,8156,55,GGB277104646,,월암IC진입전(미정차),126.9661,37.308217,0
GGB233000258,8156,56,GGB277103316,,월암IC(미정차),126.961967,37.302833,0
GGB233000258,8156,57,GGB277103527,,서수원IC(미정차),126.952367,37.293533,0
GGB233000258,8156,58,GGB277103519,,호매실IC(미정차),126.9482,37.262267,0
GGB233000258,8156,59,GGB277103517,,천천IC(미정차),126.950117,37.24605,1
GGB233000258,8156,60,GGB233000838,36135,대진아이엠.LH3단지,126.953833,37.225533,1
GGB233000258,8156,61,GGB233000837,36128,동화리.동남아파트,126.951967,37.2233,1
GGB233000258,8156,62,GGB233000836,36123,봉담읍행정복지센터,126.949283,37.2204,1
GGB233000258,8156,63,GGB233000835,36119,삼봉마을.신안인스빌,126.94565,37.217967,1
GGB233000258,8156,64,GGB233000833,36111,장안대학,126.943633,37.213683,1
GGB233000258,8156,65,GGB233000831,36103,왕림리.상기리입구,126.93985,37.197883,1
GGB233000258,8156,66,GGB233000830,36095,가톨릭대학교,126.939167,37.193567,1
GGB233000258,8156,67,GGB233000828,36089,당하리.흰돌산기도원입구,126.93815,37.185483,1
GGB233000258,8156,68,GGB233000827,36083,해병대사령부,126.93635,37.178667,1
GGB233000258,8156,69,GGB233000823,36071,진우아파트,126.930883,37.162533,1
GGB233000258,8156,70,GGB277101693,,가재교차로(미정차),126.922,37.149117,1
GGB233000258,8156,71,GGB277101678,,점촌교차로(미정차),126.91685,37.1418,1
GGB233000258,8156,72,GGB233002152,55368,만세구청.화성종합경기타운,126.921233,37.136283,1
GGB233000258,8156,73,GGB233002101,37286,화성문화원.향남환승터미널,126.921083,37.132,1
GGB233000258,8156,74,GGB233001955,37991,화성소방서.향남홈플러스,126.920917,37.13045,1
GGB233000258,8156,75,GGB233002103,55084,에일린의뜰,126.920617,37.127867,1
GGB233000258,8156,76,GGB233002105,55085,단독주택단지,126.919867,37.124333,1
GGB233000258,8156,77,GGB233001109,37280,방축리,126.918367,37.12,1
GGB233000258,8156,78,GGB233000617,37283,향남주공2단지,126.917267,37.116983,1
GGB233000258,8156,79,GGB233002415,55290,향남모아8단지,126.913683,37.113833,1
GGB233000258,8156,80,GGB233002504,55381,롯데씨네마.향남부영7,126.910917,37.114617,1
GGB233000258,8156,81,GGB233002416,37274,하길중학교,126.907983,37.112583,1
GGB233000258,8156,82,GGB233002469,55322,향남부영13단지,126.907883,37.109267,1
GGB233000258,8156,83,GGB233001547,55478,상신하길로주택,126.9027,37.106167,1
GGB233000258,8156,84,GGB233002470,55482,향남부영16단지,126.8975,37.104,1
GGB233000258,8156,85,GGB233002471,55480,향남주공18단지,126.897117,37.09915,1
GGB233000258,8156,86,GGB233001262,60087,제약공단공원,126.900617,37.089317,1
GGB233000265,4403,1,GGB233001448,36678,나루마을.월드반도,127.076517,37.1908,1
GGB233000265,4403,2,GGB233001450,36680,솔빛마을.화성동탄중앙도서관,127.069633,37.195817,1
GGB233000265,4403,3,GGB233001224,36664,다은마을(중),127.067583,37.199983,1
GGB233000265,4403,4,GGB233001219,36667,메타폴리스(중),127.067517,37.203733,1
GGB233000265,4403,5,GGB233001562,36668,한빛마을(중),127.06905,37.207667,1
GGB233000265,4403,6,GGB233001281,36672,예당마을.롯데캐슬(중),127.072067,37.21095,1
GGB233000265,4403,7,GGB277101908,,기흥동탄TG(미정차),127.091567,37.21655,1
GGB233000265,4403,8,GGB277102660,,기흥휴게소(미정차),127.106617,37.23525,0
GGB233000265,4403,9,GGB277103363,,수원신갈IC(미정차),127.104,37.2657,0
GGB233000265,4403,10,GGB277103361,,신갈JC(미정차),127.103867,37.289667,0
GGB233000265,4403,11,GGB277103443,,죽전(미정차),127.103817,37.326633,0
GGB233000265,4403,12,GGB277102630,,금곡(미정차),127.10355,37.349767,0
GGB233000265,4403,13,GGB277103386,,서울TG(미정차),127.104333,37.364967,0
GGB233000265,4403,14,GGB277103151,,판교IC(미정차),127.100617,37.398633,0
GGB233000265,4403,15,GGB277103679,,금토JC(미정차),127.085317,37.415283,0
GGB233000265,4403,16,GGB277103441,,서울진입(미정차),127.066583,37.43385,0
GGB233000265,4403,17,GGB277104177,,청계산입구역(미정차),127.0542,37.448367,0
GGB233000265,4403,18,GGB277103388,,양재IC(미정차),127.04045,37.463283,0
GGB233000265,4403,19,GGB277103390,,서초IC(미정차),127.026333,37.483133,0
GGB233000265,4403,20,GGB121000086,90062,KCC사옥,127.020217,37.503017,0
GGB233000265,4403,21,GGB121000944,,신논현역.주류성빌딩,127.025767,37.50115,0
GGB233000265,4403,22,GGB277102911,,강남역10번출구(미정차),127.026983,37.498617,0
GGB233000265,4403,23,GGB121000973,90258,강남역티월드,127.028867,37.4947,0
GGB233000265,4403,24,GGB277101867,,역삼동.우성아파트(미정차),127.030417,37.4914,0
GGB233000265,4403,25,GGB121000005,,뱅뱅사거리(중),127.032467,37.487683,0
GGB233000265,4403,26,GGB121000003,,양재역.서초문화예술회관(중),127.035883,37.482567,0
GGB233000265,4403,27,GGB277104385,,교육개발원입구교차로(미정차),127.0384,37.47775,0
GGB233000265,4403,28,GGB121000220,,매헌시민의숲.양재꽃시장,127.038383,37.4708,0
GGB233000265,4403,29,GGB277103387,,양재IC(미정차),127.039433,37.46365,0
GGB233000265,4403,30,GGB277104178,,청계산입구역(미정차),127.053833,37.448183,0
GGB233000265,4403,31,GGB277103440,,성남진입(미정차),127.066183,37.43355,0
GGB233000265,4403,32,GGB277103678,,금토JC(미정차),127.08445,37.4155,0
GGB233000265,4403,33,GGB277103150,,판교IC(미정차),127.10005,37.398833,0
GGB233000265,4403,34,GGB277103385,,서울TG(미정차),127.1026,37.36535,0
GGB233000265,4403,35,GGB277102104,,금곡(미정차),127.103117,37.350367,0
GGB233000265,4403,36,GGB277103442,,죽전(미정차),127.10315,37.3266,0
GGB233000265,4403,37,GGB277103360,,신갈JC(미정차),127.10345,37.290433,0
GGB233000265,4403,38,GGB277103362,,수원신갈IC(미정차),127.103533,37.266817,0
GGB233000265,4403,39,GGB277102621,,기흥휴게소(미정차),127.106183,37.235117,0
GGB233000265,4403,40,GGB277101884,,기흥동탄TG(미정차),127.0917,37.216983,1
GGB233000265,4403,41,GGB233001282,37587,예당마을.롯데캐슬(중),127.073,37.21175,1
GGB233000265,4403,42,GGB233001216,36841,한빛마을.석우중학교(중),127.069267,37.208217,1
GGB233000265,4403,43,GGB233001218,36666,메타폴리스(중),127.067483,37.204267,1
GGB233000265,4403,44,GGB233001220,37693,다은마을(중),127.06735,37.200383,1
GGB233000265,4403,45,GGB233001452,37584,새강마을.화성동탄중앙도서관,127.0692,37.195667,1
GGB233000265,4403,46,GGB233001713,37745,나루마을.한화꿈에그린2차,127.07455,37.191317,1
GGB233000266,6003,1,GGB233003122,55518,동탄2차고지,127.10165,37.1554,1
GGB233000266,6003,2,GGB277104372,,기점진입전(미정차),127.103267,37.157833,1
GGB233000266,6003,3,GGB233003132,55528,호수자이파밀리에.아이원,127.1052,37.160733,1
GGB233000266,6003,4,GGB233003127,55523,금호어울림.계룡리슈빌,127.10695,37.1639,1
GGB233000266,6003,5,GGB233003128,55524,동탄호수공원.센트럴시티,127.107017,37.166817,1
GGB233000266,6003,6,GGB233003093,55420,호수부영3차.우미린2차,127.107083,37.171667,1
GGB233000266,6003,7,GGB233000162,36493,나래학교.더샵레이크,127.105783,37.175917,1
GGB233000266,6003,8,GGB233000161,36487,반도3차.금강1차,127.102683,37.182417,1
GGB233000266,6003,9,GGB233000995,36477,의료시설부지,127.100233,37.1876,1
GGB233000266,6003,10,GGB233000999,36501,리베라CC.헤리엇,127.099083,37.190717,1
GGB233000266,6003,11,GGB233000978,36466,한화.린스트라우스,127.099083,37.195383,1
GGB233000266,6003,12,GGB233000979,36465,포스코더샵.롯데캐슬,127.0991,37.199933,1
GGB233000266,6003,13,GGB233000964,36469,우남퍼스트빌.예미지시그너스,127.0991,37.203367,1
GGB233000266,6003,14,GGB233000121,36463,상록.테크노밸리.GS자이,127.099067,37.208283,1
GGB233000266,6003,15,GGB233002443,55315,한미약품.푸르지오,127.091617,37.2095,1
GGB233000266,6003,16,GGB233002439,55311,예당고사거리,127.080667,37.2099,1
GGB233000266,6003,17,GGB233001683,37712,전하리교회.우미제일,127.079283,37.21315,1
GGB233000266,6003,18,GGB233002444,55316,한림대성심병원,127.0802,37.2155,1
GGB233000266,6003,19,GGB277101908,,기흥동탄TG(미정차),127.091567,37.21655,1
GGB233000266,6003,20,GGB277102660,,기흥휴게소(미정차),127.106617,37.23525,0
GGB233000266,6003,21,GGB277103363,,수원신갈IC(미정차),127.104,37.2657,0
GGB233000266,6003,22,GGB277103361,,신갈JC(미정차),127.103867,37.289667,0
GGB233000266,6003,23,GGB277103443,,죽전(미정차),127.103817,37.326633,0
GGB233000266,6003,24,GGB277102630,,금곡(미정차),127.10355,37.349767,0
GGB233000266,6003,25,GGB277103386,,서울TG(미정차),127.104333,37.364967,0
GGB233000266,6003,26,GGB277104184,,판교진입(미정차),127.101733,37.393817,0
GGB233000266,6003,27,GGB206000538,7494,화랑공원남편,127.106733,37.395333,0
GGB233000266,6003,28,GGB206000577,7552,화랑공원동편,127.1072,37.396933,0
GGB233000266,6003,29,GGB206000539,7495,금토천교,127.106033,37.4013,0
GGB233000266,6003,30,GGB206000565,7511,유라코퍼레이션.SK케미칼,127.107683,37.403067,0
GGB233000266,6003,31,GGB206000563,7509,한국무역정보통신,127.110983,37.403083,0
GGB233000266,6003,32,GGB206000578,7521,봇들마을5단지,127.11275,37.4014,0
GGB233000266,6003,33,GGB206000638,7578,웰츠타워,127.11275,37.3977,0
GGB233000266,6003,34,GGB206000637,7570,판교역동편,127.1127,37.395383,0
GGB233000266,6003,35,GGB206000532,7489,판교역.낙생육교.현대백화점,127.111883,37.391867,0
GGB233000266,6003,36,GGB277104185,,판교출입(미정차),127.101983,37.392067,0
GGB233000266,6003,37,GGB277103385,,서울TG(미정차),127.1026,37.36535,0
GGB233000266,6003,38,GGB277102104,,금곡(미정차),127.103117,37.350367,0
GGB233000266,6003,39,GGB277103442,,죽전(미정차),127.10315,37.3266,0
GGB233000266,6003,40,GGB277103360,,신갈JC(미정차),127.10345,37.290433,0
GGB233000266,6003,41,GGB277103362,,수원신갈IC(미정차),127.103533,37.266817,0
GGB233000266,6003,42,GGB277102621,,기흥휴게소(미정차),127.106183,37.235117,0
GGB233000266,6003,43,GGB277101884,,기흥동탄TG(미정차),127.0917,37.216983,1
GGB233000266,6003,44,GGB233001817,37879,이마트.한림대병원,127.079133,37.215317,1
GGB233000266,6003,45,GGB233003186,37760,우미제일.전하리교회,127.079383,37.212133,1
GGB233000266,6003,46,GGB233002440,55312,예당고사거리,127.081817,37.209183,1
GGB233000266,6003,47,GGB233002442,55314,푸르지오.한미약품,127.091833,37.209183,1
GGB233000266,6003,48,GGB233002436,36842,상록.테크노밸리.GS자이,127.098517,37.206517,1
GGB233000266,6003,49,GGB233000130,36447,예미지시그너스.우남퍼스트빌,127.0985,37.20315,1
GGB233000266,6003,50,GGB233000137,36436,롯데캐슬.포스코더샵,127.098467,37.1997,1
GGB233000266,6003,51,GGB233001637,37658,린스트라우스.한화,127.098517,37.19625,1
GGB233000266,6003,52,GGB233000998,36502,헤리엇.리베라CC,127.098467,37.190733,1
GGB233000266,6003,53,GGB233000994,36480,공공청사부지,127.099833,37.187033,1
GGB233000266,6003,54,GGB233000996,36488,반도3차.금강1차,127.103133,37.1802,1
GGB233000266,6003,55,GGB233000997,36494,레이크빌.하우스디더레이크,127.105083,37.176083,1
GGB233000266,6003,56,GGB233003092,55419,우미린2차.호수부영3차,127.106417,37.17135,1
GGB233000266,6003,57,GGB233003136,55532,동탄호수공원,127.106433,37.167167,1
GGB233000266,6003,58,GGB233003137,55533,계룡리슈빌.금호어울림,127.10645,37.16465,1
GGB233000266,6003,59,GGB233003126,55522,아이원.호수자이파밀리에,127.104783,37.161017,1
GGB233000266,6003,60,GGB233003123,55519,동탄2차고지,127.101267,37.155517,1
GGB233000268,200,1,GGB233002341,55171,경기고속차고지,126.9957,37.1976,1
GGB233000268,200,2,GGB233002339,55169,일진산업단지,126.997683,37.19585,1
GGB233000268,200,3,GGB233001843,36999,중외제약사거리,127.002167,37.2021,1
GGB233000268,200,4,GGB233002538,36483,정조효공원,126.996417,37.20445,1
GGB233000268,200,5,GGB233001841,36997,융건릉입구,126.989,37.207033,1
GGB233000268,200,6,GGB233002398,55344,융건릉사거리,126.987783,37.207967,1
GGB233000268,200,7,GGB233002234,55122,안녕4통.고수문,126.982783,37.212633,1
GGB233000268,200,8,GGB233000599,36663,홍익대.홍익디자인고,126.978483,37.217067,1
GGB233000268,200,9,GGB233000942,36187,와우농협앞,126.974433,37.218017,1
GGB233000268,200,10,GGB233000944,36193,와우지구,126.976183,37.2159,1
GGB233000268,200,11,GGB233000575,36210,수원대학교,126.979767,37.213833,1
GGB233000268,200,12,GGB233002233,55121,안녕4통.고수문,126.98225,37.212633,1
GGB233000268,200,13,GGB233002397,55343,융건릉사거리,126.987533,37.20785,1
GGB233000268,200,14,GGB233001840,36996,융건릉입구,126.989017,37.206767,1
GGB233000268,200,15,GGB233002155,55161,안녕성당앞,126.996267,37.204267,1
GGB233000268,200,16,GGB233000277,36382,LH1단지,126.999033,37.205583,1
GGB233000268,200,17,GGB233000290,55785,LH1단지.우미린,127.001283,37.20565,1
GGB233000268,200,18,GGB233000287,55783,LH2단지.우미린,127.003017,37.204667,1
GGB233000268,200,19,GGB233001996,55572,우방아이유쉘,127.0059,37.202367,1
GGB233000268,200,20,GGB233001284,55697,신한미지엔정문,127.005967,37.201083,1
GGB233000268,200,21,GGB233000645,36304,신한미지엔아파트앞,127.0086,37.199917,1
GGB233000268,200,22,GGB233000644,36311,북촌말입구,127.0136,37.202683,1
GGB233000268,200,23,GGB233000643,36315,송산동입구,127.0172,37.205567,1
GGB233000268,200,24,GGB233000642,36327,동문아파트,127.022233,37.205367,1
GGB233000268,200,25,GGB233001442,36959,송산교입구,127.02565,37.207183,1
GGB233000268,200,26,GGB233000702,36345,병점역사거리,127.035633,37.206983,1
GGB233000268,200,27,GGB233000077,36062,홈플러스병점점(좌회전전용),127.037517,37.204233,1
GGB233000268,200,28,GGB233002344,37738,한신아파트,127.042017,37.203317,1
GGB233000268,200,29,GGB233001663,37728,병점고등학교,127.043367,37.20515,1
GGB233000268,200,30,GGB233002302,36621,우남퍼스트빌v2타운2,127.042317,37.206483,1
GGB233000268,200,31,GGB233000087,36369,에듀포레,127.0445,37.208167,1
GGB233000268,200,32,GGB233000086,36376,신창2차아파트,127.047583,37.209683,1
GGB233000268,200,33,GGB233002560,55638,주공6단지.리체더포레스트,127.050717,37.211983,1
GGB233000268,200,34,GGB233000106,36386,신미주아파트.주공6단지,127.05175,37.214417,1
GGB233000268,200,35,GGB233002032,55014,신미주,127.0526,37.214,1
GGB233000268,200,36,GGB233002031,55020,경남아너스빌,127.055533,37.2115,1
GGB233000268,200,37,GGB233002028,55022,동탄3동행정복지센터,127.0587,37.210133,1
GGB233000268,200,38,GGB233001672,37730,미즈파크병원,127.060233,37.20945,1
GGB233000268,200,39,GGB233002273,55147,능동은행사거리.동탄시티병원,127.061817,37.2089,1
GGB233000268,200,40,GGB233001674,37742,센트럴파크,127.063817,37.2078,1
GGB233000268,200,41,GGB233001676,37741,금호어울림,127.066483,37.20655,1
GGB233000268,200,42,GGB233001678,37733,메타폴리스,127.070733,37.205367,1
GGB233000268,200,43,GGB233001679,37694,동탄1동행정복지센터.헌혈의집,127.072567,37.20665,1
GGB233000268,200,44,GGB233001681,37695,신일유토빌정문,127.07505,37.20915,1
GGB233000268,200,45,GGB233001682,37711,예당예원초,127.077667,37.210567,1
GGB233000268,200,46,GGB233002440,55312,예당고사거리,127.081817,37.209183,1
GGB233000268,200,47,GGB233003207,55967,경기남부직업능력개발원,127.086967,37.2092,1
GGB233000268,200,48,GGB233002442,55314,푸르지오.한미약품,127.091833,37.209183,1
GGB233000268,200,49,GGB233002436,36842,상록.테크노밸리.GS자이,127.098517,37.206517,1
GGB233000268,200,50,GGB233000130,36447,예미지시그너스.우남퍼스트빌,127.0985,37.20315,1
GGB233000268,200,51,GGB233003084,55398,동탄역(서측),127.096083,37.199583,1
GGB233000268,200,52,GGB233001637,37658,린스트라우스.한화,127.098517,37.19625,1
GGB233000268,200,53,GGB233000998,36502,헤리엇.리베라CC,127.098467,37.190733,1
GGB233000268,200,54,GGB233000994,36480,공공청사부지,127.099833,37.187033,1
GGB233000268,200,55,GGB233003048,55411,반도유보라,127.104967,37.181233,1
GGB233000268,200,56,GGB233000124,55400,금강1차.센트럴힐즈,127.108983,37.181433,1
GGB233000268,200,57,GGB233001900,37072,금강1차.왕배초,127.111267,37.180267,1
GGB233000268,200,58,GGB233000126,55402,호반베르디움3차,127.1141,37.1794,1
GGB233000268,200,59,GGB233003047,55578,금강펜테리움2차,127.11475,37.1767,1
GGB233000268,200,60,GGB233000431,55665,중흥클래스에듀,127.113917,37.1731,1
GGB233000268,200,61,GGB233002038,55587,레이크파크뷰.서희스타힐스,127.117283,37.171633,1
GGB233000268,200,62,GGB233001695,37724,레이크파크뷰,127.118533,37.170033,1
GGB233000268,200,63,GGB233002288,37086,세정초.하우스디,127.1248,37.1676,1
GGB233000268,200,64,GGB233003174,55701,반도10차,127.127167,37.166417,1
GGB233000268,200,65,GGB233000084,55730,세정초남측,127.124117,37.1667,1
GGB233000268,200,66,GGB233000090,55731,행복주택35단지,127.121117,37.167,1
GGB233000268,200,67,GGB233000085,55732,호수공원행복주택,127.118583,37.167833,1
GGB233000268,200,68,GGB233001696,37696,레이크파크뷰,127.119,37.169917,1
GGB233000268,200,69,GGB233002027,55586,서희스타힐스.레이크파크뷰,127.117383,37.17195,1
GGB233000268,200,70,GGB233000432,55666,중흥클래스에듀,127.114133,37.1734,1
GGB233000268,200,71,GGB233003046,55577,금강펜테리움2차,127.114883,37.17685,1
GGB233000268,200,72,GGB233002289,37112,왕배초.금강1차,127.111417,37.1804,1
GGB233000268,200,73,GGB233000120,36409,센트럴힐즈.금강1차,127.109617,37.181433,1
GGB233000268,200,74,GGB233003049,55412,반도유보라,127.105217,37.1813,1
GGB233000268,200,75,GGB233000161,36487,반도3차.금강1차,127.102683,37.182417,1
GGB233000268,200,76,GGB233000995,36477,의료시설부지,127.100233,37.1876,1
GGB233000268,200,77,GGB233000999,36501,리베라CC.헤리엇,127.099083,37.190717,1
GGB233000268,200,78,GGB233000978,36466,한화.린스트라우스,127.099083,37.195383,1
GGB233000268,200,79,GGB233003085,55399,동탄역(동측),127.096283,37.19985,1
GGB233000268,200,80,GGB233000964,36469,우남퍼스트빌.예미지시그너스,127.0991,37.203367,1
GGB233000268,200,81,GGB233000121,36463,상록.테크노밸리.GS자이,127.099067,37.208283,1
GGB233000268,200,82,GGB233002443,55315,한미약품.푸르지오,127.091617,37.2095,1
GGB233000268,200,83,GGB233002493,55937,경기남부직업능력개발원,127.08725,37.20955,1
GGB233000268,200,84,GGB233002439,55311,예당고사거리,127.080667,37.2099,1
GGB233000268,200,85,GGB233001652,37758,예당예원초,127.077583,37.2107,1
GGB233000268,200,86,GGB233001653,37798,롯데케슬정문,127.074917,37.209267,1
GGB233000268,200,87,GGB233001650,37749,동탄1동행정복지센터.헌혈의집,127.07235,37.20685,1
GGB233000268,200,88,GGB233001651,37747,현대아이파크,127.070617,37.205733,1
GGB233000268,200,89,GGB233001677,37737,한화꿈에그린아파트,127.06655,37.206817,1
GGB233000268,200,90,GGB233001675,37703,센트럴파크,127.063933,37.208067,1
GGB233000268,200,91,GGB233001994,55439,능동은행사거리.동탄시티병원,127.061867,37.209167,1
GGB233000268,200,92,GGB233001673,37736,미즈파크병원,127.060467,37.209633,1
GGB233000268,200,93,GGB233002029,55023,크리스찬교회,127.058817,37.210317,1
GGB233000268,200,94,GGB233002030,55021,이지더원,127.055917,37.211583,1
GGB233000268,200,95,GGB233002033,55016,밀알교회,127.0528,37.214167,1
GGB233000268,200,96,GGB233001738,37799,주공6단지,127.050967,37.21285,1
GGB233000268,200,97,GGB233001739,37795,주공6단지입구,127.05025,37.2117,1
GGB233000268,200,98,GGB233001685,37746,주공5단지,127.04775,37.209983,1
GGB233000268,200,99,GGB233001686,37710,에듀포레,127.044567,37.208417,1
GGB233000268,200,100,GGB233000080,36366,우남퍼스트빌,127.042933,37.207617,1
GGB233000268,200,101,GGB233002253,36616,우남퍼스트빌.V타운2,127.04215,37.206367,1
GGB233000268,200,102,GGB233001662,37704,병점고등학교,127.043083,37.205117,1
GGB233000268,200,103,GGB233001622,37739,센트럴허브시티,127.04195,37.203517,1
GGB233000268,200,104,GGB233000101,36350,센트럴허브시티.송화초교,127.038217,37.203783,1
GGB233000268,200,105,GGB233000708,36342,병점구청.병점초등학교,127.0345,37.208717,1
GGB233000268,200,106,GGB233001055,36079,송산교입구,127.026533,37.2078,1
GGB233000268,200,107,GGB233000670,36328,안용중학교.현충공원,127.02205,37.2056,1
GGB233000268,200,108,GGB233000669,36318,송산동입구,127.017783,37.20585,1
GGB233000268,200,109,GGB233000668,36313,안녕동,127.01425,37.2037,1
GGB233000268,200,110,GGB233000667,36305,신한미지엔아파트앞,127.00915,37.20035,1
GGB233000268,200,111,GGB233002756,55571,우방아파트입구,127.007083,37.201617,1
GGB233000268,200,112,GGB233000304,55791,안녕우방아이유쉘,127.006067,37.202517,1
GGB233000268,200,113,GGB233000286,55782,우미린.LH2단지,127.003267,37.20475,1
GGB233000268,200,114,GGB233000288,55784,우미린.LH1단지,127.001417,37.205833,1
GGB233000268,200,115,GGB233000276,36377,정조효공원.LH1단지,126.998717,37.205683,1
GGB233000268,200,116,GGB233002538,36483,정조효공원,126.996417,37.20445,1
GGB233000268,200,117,GGB233001841,36997,융건릉입구,126.989,37.207033,1
GGB233000268,200,118,GGB233002398,55344,융건릉사거리,126.987783,37.207967,1
GGB233000268,200,119,GGB233002234,55122,안녕4통.고수문,126.982783,37.212633,1
GGB233000268,200,120,GGB233000599,36663,홍익대.홍익디자인고,126.978483,37.217067,1
GGB233000268,200,121,GGB233000942,36187,와우농협앞,126.974433,37.218017,1
GGB233000268,200,122,GGB233000944,36193,와우지구,126.976183,37.2159,1
GGB233000268,200,123,GGB233000575,36210,수원대학교,126.979767,37.213833,1
GGB233000268,200,124,GGB233002233,55121,안녕4통.고수문,126.98225,37.212633,1
GGB233000268,200,125,GGB233002397,55343,융건릉사거리,126.987533,37.20785,1
GGB233000268,200,126,GGB233001840,36996,융건릉입구,126.989017,37.206767,1
GGB233000268,200,127,GGB233002155,55161,안녕성당앞,126.996267,37.204267,1
GGB233000268,200,128,GGB233002340,55170,일진산업단지,126.9978,37.1959,1
GGB233000268,200,129,GGB233002341,55171,경기고속차고지,126.9957,37.1976,1
GGB233000270,4108,1,GGB233001448,36678,나루마을.월드반도,127.076517,37.1908,1
GGB233000270,4108,2,GGB277102522,,새강마을사거리(미정차),127.072417,37.193033,1
GGB233000270,4108,3,GGB233001450,36680,솔빛마을.화성동탄중앙도서관,127.069633,37.195817,1
GGB233000270,4108,4,GGB233001224,36664,다은마을(중),127.067583,37.199983,1
GGB233000270,4108,5,GGB233001219,36667,메타폴리스(중),127.067517,37.203733,1
GGB233000270,4108,6,GGB233001562,36668,한빛마을(중),127.06905,37.207667,1
GGB233000270,4108,7,GGB233001281,36672,예당마을.롯데캐슬(중),127.072067,37.21095,1
GGB233000270,4108,8,GGB277101908,,기흥동탄TG(미정차),127.091567,37.21655,1
GGB233000270,4108,9,GGB277102660,,기흥휴게소(미정차),127.106617,37.23525,0
GGB233000270,4108,10,GGB277103363,,수원신갈IC(미정차),127.104,37.2657,0
GGB233000270,4108,11,GGB277103361,,신갈JC(미정차),127.103867,37.289667,0
GGB233000270,4108,12,GGB277103443,,죽전(미정차),127.103817,37.326633,0
GGB233000270,4108,13,GGB277102630,,금곡(미정차),127.10355,37.349767,0
GGB233000270,4108,14,GGB277103386,,서울TG(미정차),127.104333,37.364967,0
GGB233000270,4108,15,GGB277103151,,판교IC(미정차),127.100617,37.398633,0
GGB233000270,4108,16,GGB277103679,,금토JC(미정차),127.085317,37.415283,0
GGB233000270,4108,17,GGB277103441,,서울진입(미정차),127.066583,37.43385,0
GGB233000270,4108,18,GGB277104177,,청계산입구역(미정차),127.0542,37.448367,0
GGB233000270,4108,19,GGB277103388,,양재IC(미정차),127.04045,37.463283,0
GGB233000270,4108,20,GGB277103390,,서초IC(미정차),127.026333,37.483133,0
GGB233000270,4108,21,GGB277103391,,반포IC(미정차),127.018867,37.50285,0
GGB233000270,4108,22,GGB277103400,,한남IC(미정차),127.017583,37.522483,0
GGB233000270,4108,23,GGB277104182,,한남대교북단(미정차),127.009467,37.5314,0
GGB233000270,4108,24,GGB277104180,,한남1고가차도(미정차),127.0037,37.540717,0
GGB233000270,4108,25,GGB277104186,,남산1호터널TG(미정차),126.99315,37.55585,0
GGB233000270,4108,26,GGB101000002,,국가인권위.안중근활동터(중),126.98785,37.564317,0
GGB233000270,4108,27,GGB277104376,,SKT타워(미정차),126.985267,37.566217,0
GGB233000270,4108,28,GGB101000303,,서울시청,126.980767,37.56615,0
GGB233000270,4108,29,GGB277104283,,시청교차로(미정차),126.976767,37.56455,0
GGB233000270,4108,30,GGB101000128,,신한은행본점,126.975517,37.561117,0
GGB233000270,4108,31,GGB101000006,,서울역버스환승센터(6번승강장)(중),126.972733,37.55515,0
GGB233000270,4108,32,GGB277101742,,서울역교차로(미정차),126.972633,37.5571,0
GGB233000270,4108,33,GGB277102115,,숭례문교차로(미정차),126.975433,37.560367,0
GGB233000270,4108,34,GGB277102114,,남대문로3가(미정차),126.978983,37.56105,0
GGB233000270,4108,35,GGB101000334,,명동입구B,126.982533,37.564433,0
GGB233000270,4108,36,GGB101000337,,명동성당,126.987383,37.565017,0
GGB233000270,4108,37,GGB277104824,,퇴계로2가교차로(미정차),126.989017,37.560733,0
GGB233000270,4108,38,GGB277104181,,남산1호터널TG(미정차),126.992717,37.5557,0
GGB233000270,4108,39,GGB277104179,,한남1고가차도진입(미정차),127.002317,37.541417,0
GGB233000270,4108,40,GGB277103399,,한남IC(미정차),127.017283,37.522033,0
GGB233000270,4108,41,GGB277103392,,반포IC(미정차),127.018433,37.502817,0
GGB233000270,4108,42,GGB277103389,,서초IC(미정차),127.025667,37.48365,0
GGB233000270,4108,43,GGB277103387,,양재IC(미정차),127.039433,37.46365,0
GGB233000270,4108,44,GGB277104178,,청계산입구역(미정차),127.053833,37.448183,0
GGB233000270,4108,45,GGB277103440,,성남진입(미정차),127.066183,37.43355,0
GGB233000270,4108,46,GGB277103678,,금토JC(미정차),127.08445,37.4155,0
GGB233000270,4108,47,GGB277103150,,판교IC(미정차),127.10005,37.398833,0
GGB233000270,4108,48,GGB277103385,,서울TG(미정차),127.1026,37.36535,0
GGB233000270,4108,49,GGB277102104,,금곡(미정차),127.103117,37.350367,0
GGB233000270,4108,50,GGB277103442,,죽전(미정차),127.10315,37.3266,0
GGB233000270,4108,51,GGB277103360,,신갈JC(미정차),127.10345,37.290433,0
GGB233000270,4108,52,GGB277103362,,수원신갈IC(미정차),127.103533,37.266817,0
GGB233000270,4108,53,GGB277102621,,기흥휴게소(미정차),127.106183,37.235117,0
GGB233000270,4108,54,GGB277101884,,기흥동탄TG(미정차),127.0917,37.216983,1
GGB233000270,4108,55,GGB233001282,37587,예당마을.롯데캐슬(중),127.073,37.21175,1
GGB233000270,4108,56,GGB233001216,36841,한빛마을.석우중학교(중),127.069267,37.208217,1
GGB233000270,4108,57,GGB233001218,36666,메타폴리스(중),127.067483,37.204267,1
GGB233000270,4108,58,GGB233001220,37693,다은마을(중),127.06735,37.200383,1
GGB233000270,4108,59,GGB233001452,37584,새강마을.화성동탄중앙도서관,127.0692,37.195667,1
GGB233000270,4108,60,GGB233001713,37745,나루마을.한화꿈에그린2차,127.07455,37.191317,1
GGB233000274,39,1,GGB277103108,,서둔동차고지대기(미정차),126.995433,37.2718,0
GGB233000274,39,2,GGB277103122,,환승센터진입1(미정차),126.9965,37.27115,0
GGB233000274,39,3,GGB277103123,,환승센터진입2(미정차),126.997617,37.268367,0
GGB233000274,39,4,GGB201000588,2981,수원역환승센터(2승강장),126.999183,37.265367,0
GGB233000274,39,5,GGB277103124,,벌터교차로(미정차),126.9963,37.2621,0
GGB233000274,39,6,GGB201000020,2156,공구유통타운.중앙자동차매매단지,126.997067,37.25835,0
GGB233000274,39,7,GGB201000390,2331,중보교.수원역자동차운전전문학원,126.994583,37.25575,0
GGB233000274,39,8,GGB201000389,2926,고색동입구,126.98995,37.253533,0
GGB233000274,39,9,GGB201000064,2137,고색파출소.종합공구단지,126.986683,37.252633,0
GGB233000274,39,10,GGB201000019,2128,연안아파트.삼성큰병원,126.983783,37.251817,0
GGB233000274,39,11,GGB201000018,2122,고색역.고색초교.태산아파트,126.979667,37.25065,0
GGB233000274,39,12,GGB201000488,2972,서수원주민편익시설,126.972333,37.248583,0
GGB233000274,39,13,GGB201000168,2064,오목천동삼거리.남광하우스토리아파트,126.965233,37.24595,0
GGB233000274,39,14,GGB201000167,2060,오목천동사거리,126.96355,37.2448,0
GGB233000274,39,15,GGB201000166,2055,오목천역.영신여자고교.청구아파트,126.962817,37.242,0
GGB233000274,39,16,GGB233000839,36146,수영오거리.봉담입구,126.9615,37.237033,1
GGB233000274,39,17,GGB277102501,,봉담IC교차로(미정차),126.956883,37.229633,1
GGB233000274,39,18,GGB233000838,36135,대진아이엠.LH3단지,126.953833,37.225533,1
GGB233000274,39,19,GGB233000837,36128,동화리.동남아파트,126.951967,37.2233,1
GGB233000274,39,20,GGB233000836,36123,봉담읍행정복지센터,126.949283,37.2204,1
GGB233000274,39,21,GGB233000835,36119,삼봉마을.신안인스빌,126.94565,37.217967,1
GGB233000274,39,22,GGB233000833,36111,장안대학,126.943633,37.213683,1
GGB233000274,39,23,GGB233000832,36109,왕림휴게소,126.94275,37.204467,1
GGB233000274,39,24,GGB233001581,36702,상기리입구,126.940917,37.199883,1
GGB233000274,39,25,GGB233000831,36103,왕림리.상기리입구,126.93985,37.197883,1
GGB233000274,39,26,GGB233000830,36095,가톨릭대학교,126.939167,37.193567,1
GGB233000274,39,27,GGB233000829,36090,왕림4리.세곡리,126.938217,37.18935,1
GGB233000274,39,28,GGB233000828,36089,당하리.흰돌산기도원입구,126.93815,37.185483,1
GGB233000274,39,29,GGB233000827,36083,해병대사령부,126.93635,37.178667,1
GGB233000274,39,30,GGB233000826,36082,화성푸드통합지원센터(로컬푸드직매장),126.936317,37.1723,1
GGB233000274,39,31,GGB233000825,36077,덕리,126.9347,37.16795,1
GGB233000274,39,32,GGB233000824,36073,팔탄입구,126.93205,37.164667,1
GGB233000274,39,33,GGB233000081,55729,덕우리,126.92095,37.164433,1
GGB233000274,39,34,GGB233003180,55712,덕우공단입구,126.915683,37.16085,1
GGB233000274,39,35,GGB233003183,55715,청호인재개발원,126.911933,37.1616,1
GGB233000274,39,36,GGB233003181,55713,소동촌,126.90795,37.160767,1
GGB233000274,39,37,GGB233000517,37251,팔탄초등학교,126.903183,37.159633,1
GGB233000274,39,38,GGB233000923,36803,구장1리(새터말.율암리),126.8989,37.155217,1
GGB233000274,39,39,GGB233002351,55256,구장리새터말입구,126.89905,37.153467,1
GGB233000274,39,40,GGB233000528,37242,수목원,126.899183,37.148467,1
GGB233000274,39,41,GGB233000527,37235,지월리입구,126.897367,37.143817,1
GGB233000274,39,42,GGB233002156,55114,장짐삼거리앞,126.899367,37.138717,1
GGB233000274,39,43,GGB233000523,36908,발안마을주공아파트,126.900683,37.129383,1
GGB233000274,39,44,GGB233000522,37428,우림아파트.화성노인회관,126.902067,37.1282,1
GGB233000274,39,45,GGB233001936,37277,발안기업은행,126.91015,37.130283,1
GGB233000274,39,46,GGB233000632,37464,발안초등학교,126.912167,37.131033,1
GGB233000274,39,47,GGB233002102,37287,향남환승터미널,126.921567,37.1328,1
GGB233000274,39,48,GGB233002974,55924,주공7단지,126.924367,37.133167,1
GGB233000274,39,49,GGB233002076,55045,도이초교.역사박물관,126.92725,37.132233,1
GGB233000274,39,50,GGB233001956,37957,상록하늘채,126.925233,37.131133,1
GGB233000274,39,51,GGB233002360,55252,향남홈플러스,126.922383,37.131567,1
GGB233000274,39,52,GGB233000633,37288,향남읍행정복지센터,126.919117,37.13175,1
GGB233000274,39,53,GGB233001026,37269,화성중앙병원.발안초등학교,126.9115,37.131183,1
GGB233000274,39,54,GGB233000816,37265,발안농협,126.909417,37.12945,1
GGB233000274,39,55,GGB233000525,37250,우림아파트.화성노인회관,126.902817,37.127867,1
GGB233000274,39,56,GGB233000524,37245,주공아파트,126.899967,37.130483,1
GGB233000274,39,57,GGB233002157,55156,장짐삼거리앞,126.899633,37.139233,1
GGB233000274,39,58,GGB233000925,37234,지월리입구,126.89805,37.145067,1
GGB233000274,39,59,GGB233000546,37240,수목원,126.8992,37.147983,1
GGB233000274,39,60,GGB233001557,37241,구장리새터말입구,126.8992,37.153517,1
GGB233000274,39,61,GGB233000545,36907,구장1리,126.899117,37.155567,1
GGB233000274,39,62,GGB233000521,37252,팔탄초등학교,126.90325,37.159483,1
GGB233000274,39,63,GGB233000520,37257,소동촌,126.90795,37.160717,1
GGB233000274,39,64,GGB233003182,55714,청호인재개발원,126.9119,37.161483,1
GGB233000274,39,65,GGB233003179,55711,덕우공단입구,126.9158,37.1608,1
GGB233000274,39,66,GGB233000519,36061,덕우저수지,126.922783,37.165033,1
GGB233000274,39,67,GGB233000921,36074,팔탄입구,126.932233,37.164533,1
GGB233000274,39,68,GGB233000796,36078,덕리,126.93495,37.167883,1
GGB233000274,39,69,GGB233000795,36086,화성푸드통합지원센터(로컬푸드직매장),126.936617,37.1726,1
GGB233000274,39,70,GGB233000794,36081,해병대사령부,126.936333,37.177683,1
GGB233000274,39,71,GGB233000793,36091,당하리.흰돌산기도원입구,126.938383,37.18515,1
GGB233000274,39,72,GGB233000792,36092,왕림4리.세곡리,126.9384,37.188967,1
GGB233000274,39,73,GGB233000791,36097,가톨릭대학교,126.939417,37.193583,1
GGB233000274,39,74,GGB233000790,36102,왕림리.상기리입구,126.939967,37.1972,1
GGB233000274,39,75,GGB233000902,36729,상기리입구,126.94115,37.1998,1
GGB233000274,39,76,GGB233000789,36110,왕림휴게소,126.942817,37.203967,1
GGB233000274,39,77,GGB233000788,36113,장안대학,126.944,37.21365,1
GGB233000274,39,78,GGB233000787,36118,삼봉마을.신안인스빌,126.945917,37.217817,1
GGB233000274,39,79,GGB233000786,36122,봉담읍행정복지센터,126.94965,37.220333,1
GGB233000274,39,80,GGB233000785,36131,동화리.동남아파트,126.9523,37.223167,1
GGB233000274,39,81,GGB233000784,36134,대진아이엠.LH3단지,126.953783,37.224967,1
GGB233000274,39,82,GGB277101927,,봉담IC교차로(미정차),126.957233,37.22935,1
GGB233000274,39,83,GGB233000783,36147,수영오거리.봉담입구,126.962,37.23695,1
GGB233000274,39,84,GGB201000165,2054,오목천역.영신여자고교,126.963183,37.2427,0
GGB233000274,39,85,GGB201000164,2061,오목천동사거리,126.96365,37.244917,0
GGB233000274,39,86,GGB201000163,2066,오목천동삼거리.남광하우스토리아파트,126.965717,37.246133,0
GGB233000274,39,87,GGB201000024,2070,수원여자대학교입구,126.966883,37.246717,0
GGB233000274,39,88,GGB201000365,2872,서수원주민편익시설,126.972717,37.248367,0
GGB233000274,39,89,GGB201000023,2124,고색역.고색초교.태산아파트,126.9799,37.2504,0
GGB233000274,39,90,GGB201000022,2131,삼성큰병원.대원.거산아파트,126.984967,37.251833,0
GGB233000274,39,91,GGB201000341,2842,고색동입구,126.990117,37.25325,0
GGB233000274,39,92,GGB201000492,2332,중보교.수원역자동차운전전문학원,126.994867,37.2556,0
GGB233000274,39,93,GGB201000336,2832,공구유통타운.중앙자동차매매단지,126.997067,37.257833,0
GGB233000274,39,94,GGB201000432,2934,동남아파트,127.000433,37.260817,0
GGB233000274,39,95,GGB202000225,3023,수원역10번출구.역전시장,127.001817,37.265083,0
GGB233000274,39,96,GGB277103116,,육교사거리(미정차),126.9993,37.269383,0
GGB233000274,39,97,GGB277102877,,운행종료(미정차),126.995283,37.271767,0
GGB233000275,65,1,GGB233002247,55998,동탄2차고지,127.103467,37.1554,1
GGB233000275,65,2,GGB233003132,55528,호수자이파밀리에.아이원,127.1052,37.160733,1
GGB233000275,65,3,GGB233003127,55523,금호어울림.계룡리슈빌,127.10695,37.1639,1
GGB233000275,65,4,GGB233003128,55524,동탄호수공원.센트럴시티,127.107017,37.166817,1
GGB233000275,65,5,GGB233003093,55420,호수부영3차.우미린2차,127.107083,37.171667,1
GGB233000275,65,6,GGB233000162,36493,나래학교.더샵레이크,127.105783,37.175917,1
GGB233000275,65,7,GGB233000161,36487,반도3차.금강1차,127.102683,37.182417,1
GGB233000275,65,8,GGB233000995,36477,의료시설부지,127.100233,37.1876,1
GGB233000275,65,9,GGB233000999,36501,리베라CC.헤리엇,127.099083,37.190717,1
GGB233000275,65,10,GGB233000978,36466,한화.린스트라우스,127.099083,37.195383,1
GGB233000275,65,11,GGB233003085,55399,동탄역(동측),127.096283,37.19985,1
GGB233000275,65,12,GGB233000964,36469,우남퍼스트빌.예미지시그너스,127.0991,37.203367,1
GGB233000275,65,13,GGB233002443,55315,한미약품.푸르지오,127.091617,37.2095,1
GGB233000275,65,14,GGB233002493,55937,경기남부직업능력개발원,127.08725,37.20955,1
GGB233000275,65,15,GGB233001719,37846,대우푸르지오.예당고등학교,127.0793,37.20895,1
GGB233000275,65,16,GGB233001720,37847,동탄보건지소.우체국,127.07605,37.2071,1
GGB233000275,65,17,GGB233002558,55313,화성미디어센터,127.07355,37.202417,1
GGB233000275,65,18,GGB233002376,55277,동탄홈플러스,127.069317,37.202017,1
GGB233000275,65,19,GGB233001219,36667,메타폴리스(중),127.067517,37.203733,1
GGB233000275,65,20,GGB233001677,37737,한화꿈에그린아파트,127.06655,37.206817,1
GGB233000275,65,21,GGB233001675,37703,센트럴파크,127.063933,37.208067,1
GGB233000275,65,22,GGB233001994,55439,능동은행사거리.동탄시티병원,127.061867,37.209167,1
GGB233000275,65,23,GGB233001673,37736,미즈파크병원,127.060467,37.209633,1
GGB233000275,65,24,GGB233002029,55023,크리스찬교회,127.058817,37.210317,1
GGB233000275,65,25,GGB233002030,55021,이지더원,127.055917,37.211583,1
GGB233000275,65,26,GGB233000109,36710,신미주아파트앞,127.051783,37.214633,1
GGB233000275,65,27,GGB233000108,36380,주공8단지,127.048783,37.21515,1
GGB233000275,65,28,GGB233000067,36370,주공10.11단지,127.045267,37.215883,1
GGB233000275,65,29,GGB233000066,36795,중심상가,127.04375,37.21515,1
GGB233000275,65,30,GGB233002132,55279,롯데시네마,127.04245,37.214483,1
GGB233000275,65,31,GGB233000671,36354,진안동,127.0393,37.213017,1
GGB233000275,65,32,GGB233000703,36753,병점사거리.병점역입구,127.034433,37.208383,1
GGB233000275,65,33,GGB233000702,36345,병점역사거리,127.035633,37.206983,1
GGB233000275,65,34,GGB233000100,36351,홈플러스.벌말초교,127.03815,37.203283,1
GGB233000275,65,35,GGB233000098,36349,한일타운아파트,127.037733,37.2003,1
GGB233000275,65,36,GGB233001920,37935,유앤아이.화성시청소년수련관,127.03435,37.203117,1
GGB233000275,65,37,GGB233000701,36339,병점역후문,127.031917,37.206833,1
GGB233000275,65,38,GGB233000670,36328,안용중학교.현충공원,127.02205,37.2056,1
GGB233000275,65,39,GGB233000669,36318,송산동입구,127.017783,37.20585,1
GGB233000275,65,40,GGB233000668,36313,안녕동,127.01425,37.2037,1
GGB233000275,65,41,GGB233000667,36305,신한미지엔아파트앞,127.00915,37.20035,1
GGB233000275,65,42,GGB233000286,55782,우미린.LH2단지,127.003267,37.20475,1
GGB233000275,65,43,GGB233000288,55784,우미린.LH1단지,127.001417,37.205833,1
GGB233000275,65,44,GGB233000276,36377,정조효공원.LH1단지,126.998717,37.205683,1
GGB233000275,65,45,GGB233002538,36483,정조효공원,126.996417,37.20445,1
GGB233000275,65,46,GGB233001841,36997,융건릉입구,126.989,37.207033,1
GGB233000275,65,47,GGB233002398,55344,융건릉사거리,126.987783,37.207967,1
GGB233000275,65,48,GGB233002234,55122,안녕4통.고수문,126.982783,37.212633,1
GGB233000275,65,49,GGB233000576,36204,수원대학교,126.97915,37.214167,1
GGB233000275,65,50,GGB233000945,36194,와우지구,126.976317,37.215983,1
GGB233000275,65,51,GGB233001457,37529,와우농협앞,126.974633,37.218,1
GGB233000275,65,52,GGB233002737,37145,와우사거리,126.973333,37.219017,1
GGB233000275,65,53,GGB233000893,55875,에듀시티파라곤,126.971,37.218033,1
GGB233000275,65,54,GGB233002043,55041,임광그대가3단지,126.969233,37.217233,1
GGB233000275,65,55,GGB233003097,55424,효행초.한신더휴에듀파크,126.965633,37.2157,1
GGB233000275,65,56,GGB233002566,55449,동화휴먼시아5단지,126.963467,37.215017,1
GGB233000275,65,57,GGB233001624,37686,동화초중교,126.96215,37.2147,1
GGB233000275,65,58,GGB233001758,37762,동화휴먼시아6단지,126.960583,37.214833,1
GGB233000275,65,59,GGB233001659,37765,중심상가.화성고용센터,126.959117,37.2161,1
GGB233000275,65,60,GGB233002085,55062,동화휴먼시아1단지.상봉초등학교,126.95645,37.2177,1
GGB233000275,65,61,GGB233002087,37688,봉담택지지구,126.9535,37.2199,1
GGB233000275,65,62,GGB233002218,55140,국민체육센터,126.952433,37.221183,1
GGB233000275,65,63,GGB233000836,36123,봉담읍행정복지센터,126.949283,37.2204,1
GGB233000275,65,64,GGB233001342,55706,중흥S클래스더퍼스트,126.946033,37.21965,1
GGB233000275,65,65,GGB233002548,55670,봉담2.LH2단지,126.9449,37.22195,1
GGB233000275,65,66,GGB233001709,55673,봉담초,126.94525,37.223717,1
GGB233000275,65,67,GGB233002685,55736,봉담초사거리,126.948267,37.224367,1
GGB233000275,65,68,GGB233002561,55669,봉담2LH3단지.중흥더센트럴,126.950833,37.225067,1
GGB233000275,65,69,GGB233002457,55338,수현초.수현중,126.951617,37.227317,1
GGB233000275,65,70,GGB233002448,55336,그랑드비체.힐스테이트,126.948767,37.228783,1
GGB233000275,65,71,GGB233002624,55738,공청2,126.945,37.227867,1
GGB233000275,65,72,GGB233002508,55385,화담고등학교,126.94205,37.22845,1
GGB233000275,65,73,GGB233002671,55760,화담중학교,126.942067,37.231683,1
GGB233000275,65,74,GGB233000205,55757,어울림공원,126.943333,37.233583,1
GGB233000275,65,75,GGB233001490,55921,중흥에듀파크정문,126.945717,37.233017,1
GGB233000275,65,76,GGB233001869,37910,수영초등학교,126.9544,37.236383,1
GGB233000275,65,77,GGB233002475,37989,봉담우방아이유쉘2단지,126.957033,37.236383,1
GGB233000275,65,78,GGB233001867,37908,수영오거리.수영지구,126.960783,37.237267,1
GGB233000275,65,79,GGB233000782,37325,삼미.쌍용아파트,126.953483,37.243433,1
GGB233000275,65,80,GGB233000781,37321,천천리입구,126.94825,37.24385,1
GGB233000275,65,81,GGB233000849,37313,천천리,126.942383,37.244667,1
GGB233000275,65,82,GGB233000848,37309,일광사,126.9402,37.244517,1
GGB233000275,65,83,GGB233000847,37305,전승아파트,126.930617,37.246383,1
GGB233000275,65,84,GGB233002174,55188,매송초등학교,126.928117,37.2485,1
GGB233000275,65,85,GGB233000055,36017,원평사거리,126.9249,37.2496,1
GGB233000275,65,86,GGB233000846,37299,원평,126.923217,37.250367,1
GGB233000275,65,87,GGB233000845,37291,51사단,126.920867,37.250967,1
GGB233000275,65,88,GGB233002150,55107,어천저수지,126.914783,37.25135,1
GGB233000275,65,89,GGB233002190,60117,어천2리마을회관앞,126.912883,37.25015,1
GGB233000275,65,90,GGB233000844,37566,어천역,126.909517,37.2493,1
GGB233000275,65,91,GGB233000843,37238,숙곡리천불사,126.898733,37.248117,1
GGB233000275,65,92,GGB233000780,37612,구포3리.쌍학리,126.892117,37.248383,1
GGB233000275,65,93,GGB233000779,37207,구포리과수원,126.8821,37.24005,1
GGB233000275,65,94,GGB233002321,55226,비봉교차로,126.8792,37.238833,1
GGB233000275,65,95,GGB233000778,37183,비봉중고교.비봉면행정복지센터,126.873217,37.236717,1
GGB233000275,65,96,GGB233000777,37170,비봉초등학교후문.삼화3리,126.86815,37.236317,1
GGB233000275,65,97,GGB233000776,37168,천산아파트,126.865967,37.23655,1
GGB233000275,65,98,GGB233000774,37161,삼화리.천산아파트,126.862933,37.2361,1
GGB233000275,65,99,GGB233000773,37154,양노리,126.859567,37.228767,1
GGB233000275,65,100,GGB233003082,55393,양노3리,126.8582,37.227283,1
GGB233000275,65,101,GGB233000772,36042,북양1리.염티고개,126.839133,37.222233,1
GGB233000275,65,102,GGB233000771,37776,북양1리,126.8318,37.218983,1
GGB233000275,65,103,GGB233000770,36030,루나포레아파트,126.831233,37.215633,1
GGB233000275,65,104,GGB233000769,36026,(구)남양읍행정복지센터,126.823517,37.212,1
GGB233000275,65,105,GGB233000768,36021,남양사거리,126.81905,37.209367,1
GGB233000275,65,106,GGB233001046,36018,기업은행,126.81875,37.20835,1
GGB233000275,65,107,GGB233001749,37774,남양중고입구.기아남양점,126.820333,37.2058,1
GGB233000275,65,108,GGB233002159,36024,양우내안애,126.823383,37.202783,1
GGB233000275,65,109,GGB233001828,36001,남양뉴타운.현대2차,126.825517,37.200717,1
GGB233000275,65,110,GGB233000189,36028,화성시청.모두누림센터,126.82845,37.198367,1
GGB233000275,65,111,GGB233001943,36002,남양뉴타운.상가단지,126.825817,37.200917,1
GGB233000275,65,112,GGB233000188,36804,남양뉴타운.양우내안애,126.824367,37.202283,1
GGB233000275,65,113,GGB233001318,36023,남양중고교입구,126.82225,37.204367,1
GGB233000275,65,114,GGB233000210,37567,기업은행,126.81965,37.2073,1
GGB233000275,65,115,GGB233000730,36019,남양사거리,126.81905,37.209133,1
GGB233000275,65,116,GGB233000729,36025,(구)남양읍행정복지센터,126.8228,37.211517,1
GGB233000275,65,117,GGB233000728,36029,루나포레아파트,126.830883,37.2152,1
GGB233000275,65,118,GGB233001404,36719,유일병원,126.8323,37.217217,1
GGB233000275,65,119,GGB233000727,36035,북양1리.봉림사,126.8321,37.21925,1
GGB233000275,65,120,GGB233000726,36043,북양1리.염티고개,126.840217,37.222117,1
GGB233000275,65,121,GGB233000725,37153,양노3리,126.85795,37.226633,1
GGB233000275,65,122,GGB233002118,55087,양노리,126.859967,37.228667,1
GGB233000275,65,123,GGB233000724,37162,삼화리,126.863717,37.2362,1
GGB233000275,65,124,GGB233000723,37169,천산아파트,126.865983,37.236467,1
GGB233000275,65,125,GGB233000722,37171,비봉초등학교후문,126.868233,37.236217,1
GGB233000275,65,126,GGB233000721,37186,비봉중고교.비봉면행정복지센터,126.8739,37.236867,1
GGB233000275,65,127,GGB233002215,55930,비봉교차로,126.8783,37.23845,1
GGB233000275,65,128,GGB233000720,37200,구포리과수원,126.880517,37.2394,1
GGB233000275,65,129,GGB233000719,37620,쌍학리.구포3리,126.892367,37.248133,1
GGB233000275,65,130,GGB233000718,37237,숙곡리천불사,126.898217,37.24805,1
GGB233000275,65,131,GGB233000842,37565,어천역,126.909517,37.2492,1
GGB233000275,65,132,GGB233002110,60116,어천2리마을회관앞,126.913067,37.250117,1
GGB233000275,65,133,GGB233002149,55106,어천저수지,126.914783,37.251233,1
GGB233000275,65,134,GGB233000717,37290,51사단,126.9209,37.250867,1
GGB233000275,65,135,GGB233000716,37295,원평,126.923633,37.25005,1
GGB233000275,65,136,GGB233000059,36020,원평사거리,126.925217,37.249367,1
GGB233000275,65,137,GGB233000891,37298,매송초등학교,126.927217,37.2489,1
GGB233000275,65,138,GGB233000715,37304,전승아파트,126.93055,37.246283,1
GGB233000275,65,139,GGB233000714,37308,일광사,126.93945,37.2444,1
GGB233000275,65,140,GGB233000713,37312,천천리,126.942017,37.244583,1
GGB233000275,65,141,GGB233000712,37316,천천리입구,126.947467,37.243517,1
GGB233000275,65,142,GGB233000711,37324,삼미.쌍용아파트,126.9533,37.2432,1
GGB233000275,65,143,GGB201000429,2932,한국방송통신대학교,126.958367,37.241817,0
GGB233000275,65,144,GGB233001866,37907,수영오거리.수영지구,126.960717,37.237433,1
GGB233000275,65,145,GGB233001868,37909,수영초.우방아이유쉘1단지,126.955467,37.236567,1
GGB233000275,65,146,GGB233001870,37911,신창아파트,126.9533,37.23655,1
GGB233000275,65,147,GGB233001496,55922,중흥에듀파크정문,126.94585,37.2332,1
GGB233000275,65,148,GGB233000211,55758,어울림공원,126.94365,37.2337,1
GGB233000275,65,149,GGB233001712,55759,중흥에듀포레.에듀시티,126.94185,37.231717,1
GGB233000275,65,150,GGB233002058,55028,이편한세상신봉담,126.941433,37.2295,1
GGB233000275,65,151,GGB233001441,55739,공청2,126.94505,37.227667,1
GGB233000275,65,152,GGB233002453,55335,힐스테이트.그랑드비체,126.94895,37.228567,1
GGB233000275,65,153,GGB233002458,55337,수현초.수현중,126.9514,37.227167,1
GGB233000275,65,154,GGB233002657,55668,중흥더센트럴.봉담2LH3단지,126.950567,37.225167,1
GGB233000275,65,155,GGB233002965,55737,봉담초사거리,126.948183,37.224583,1
GGB233000275,65,156,GGB233000631,55672,봉담초,126.945317,37.22395,1
GGB233000275,65,157,GGB233002973,55671,봉담2.LH2단지,126.944717,37.221833,1
GGB233000275,65,158,GGB233001341,55705,중흥S클래스더퍼스트,126.945983,37.219433,1
GGB233000275,65,159,GGB233000786,36122,봉담읍행정복지센터,126.94965,37.220333,1
GGB233000275,65,160,GGB233002217,55139,국민체육센터,126.952217,37.221067,1
GGB233000275,65,161,GGB233001661,37883,봉담중.고등학교,126.953867,37.219333,1
GGB233000275,65,162,GGB233002086,55054,동일하이빌.상봉초등학교,126.956083,37.217667,1
GGB233000275,65,163,GGB233001658,37881,동일하이빌.화성고용센터,126.958317,37.216333,1
GGB233000275,65,164,GGB233001612,37677,동화휴먼시아6단지,126.959983,37.2151,1
GGB233000275,65,165,GGB233001613,37678,동화중학교.동화초등학교,126.96165,37.214383,1
GGB233000275,65,166,GGB233002041,55040,동화휴먼시아5단지,126.963433,37.214817,1
GGB233000275,65,167,GGB233003098,55425,효행초.한신더휴에듀파크,126.96705,37.216117,1
GGB233000275,65,168,GGB233002042,55042,임광그대가3단지,126.969767,37.217267,1
GGB233000275,65,169,GGB233000892,55874,에듀시티파라곤,126.971133,37.21785,1
GGB233000275,65,170,GGB233002738,37146,와우사거리,126.973517,37.218917,1
GGB233000275,65,171,GGB233000942,36187,와우농협앞,126.974433,37.218017,1
GGB233000275,65,172,GGB233000944,36193,와우지구,126.976183,37.2159,1
GGB233000275,65,173,GGB233000575,36210,수원대학교,126.979767,37.213833,1
GGB233000275,65,174,GGB233002233,55121,안녕4통.고수문,126.98225,37.212633,1
GGB233000275,65,175,GGB233002397,55343,융건릉사거리,126.987533,37.20785,1
GGB233000275,65,176,GGB233001840,36996,융건릉입구,126.989017,37.206767,1
GGB233000275,65,177,GGB233002155,55161,안녕성당앞,126.996267,37.204267,1
GGB233000275,65,178,GGB233000277,36382,LH1단지,126.999033,37.205583,1
GGB233000275,65,179,GGB233000290,55785,LH1단지.우미린,127.001283,37.20565,1
GGB233000275,65,180,GGB233000287,55783,LH2단지.우미린,127.003017,37.204667,1
GGB233000275,65,181,GGB233001842,36998,중외제약사거리,127.003067,37.2015,1
GGB233000275,65,182,GGB233000645,36304,신한미지엔아파트앞,127.0086,37.199917,1
GGB233000275,65,183,GGB233000644,36311,북촌말입구,127.0136,37.202683,1
GGB233000275,65,184,GGB233000643,36315,송산동입구,127.0172,37.205567,1
GGB233000275,65,185,GGB233000642,36327,동문아파트,127.022233,37.205367,1
GGB233000275,65,186,GGB233000695,36338,병점역후문,127.032033,37.20605,1
GGB233000275,65,187,GGB233001921,37933,유앤아이.화성시청소년수련관,127.034717,37.202317,1
GGB233000275,65,188,GGB233000097,36348,한일타운아파트,127.03755,37.200233,1
GGB233000275,65,189,GGB233000101,36350,센트럴허브시티.송화초교,127.038217,37.203783,1
GGB233000275,65,190,GGB233000708,36342,병점구청.병점초등학교,127.0345,37.208717,1
GGB233000275,65,191,GGB233000641,36347,병점화남아파트,127.03755,37.211967,1
GGB233000275,65,192,GGB233000640,36355,진안동,127.040533,37.2133,1
GGB233000275,65,193,GGB233002403,55291,롯데시네마,127.042633,37.21425,1
GGB233000275,65,194,GGB233000065,36371,주공11단지.우남퍼스트빌2차,127.045117,37.215517,1
GGB233000275,65,195,GGB233000107,36383,주공7.8단지,127.04955,37.214383,1
GGB233000275,65,196,GGB233000106,36386,신미주아파트.주공6단지,127.05175,37.214417,1
GGB233000275,65,197,GGB233002031,55020,경남아너스빌,127.055533,37.2115,1
GGB233000275,65,198,GGB233002028,55022,동탄3동행정복지센터,127.0587,37.210133,1
GGB233000275,65,199,GGB233001672,37730,미즈파크병원,127.060233,37.20945,1
GGB233000275,65,200,GGB233002273,55147,능동은행사거리.동탄시티병원,127.061817,37.2089,1
GGB233000275,65,201,GGB233001674,37742,센트럴파크,127.063817,37.2078,1
GGB233000275,65,202,GGB233001676,37741,금호어울림,127.066483,37.20655,1
GGB233000275,65,203,GGB233001218,36666,메타폴리스(중),127.067483,37.204267,1
GGB233000275,65,204,GGB233002377,37664,동탄홈플러스.다은마을삼성래미안,127.0689,37.2018,1
GGB233000275,65,205,GGB233002674,55725,화성미디어센터,127.073933,37.20275,1
GGB233000275,65,206,GGB233001735,37853,동탄보건지소.우체국,127.076567,37.2071,1
GGB233000275,65,207,GGB233001736,37854,대우푸르지오.예당고등학교,127.07895,37.2085,1
GGB233000275,65,208,GGB233002440,55312,예당고사거리,127.081817,37.209183,1
GGB233000275,65,209,GGB233003207,55967,경기남부직업능력개발원,127.086967,37.2092,1
GGB233000275,65,210,GGB233002442,55314,푸르지오.한미약품,127.091833,37.209183,1
GGB233000275,65,211,GGB233002436,36842,상록.테크노밸리.GS자이,127.098517,37.206517,1
GGB233000275,65,212,GGB233000130,36447,예미지시그너스.우남퍼스트빌,127.0985,37.20315,1
GGB233000275,65,213,GGB233003084,55398,동탄역(서측),127.096083,37.199583,1
GGB233000275,65,214,GGB233001637,37658,린스트라우스.한화,127.098517,37.19625,1
GGB233000275,65,215,GGB233000998,36502,헤리엇.리베라CC,127.098467,37.190733,1
GGB233000275,65,216,GGB233000994,36480,공공청사부지,127.099833,37.187033,1
GGB233000275,65,217,GGB233000996,36488,반도3차.금강1차,127.103133,37.1802,1
GGB233000275,65,218,GGB233000997,36494,레이크빌.하우스디더레이크,127.105083,37.176083,1
GGB233000275,65,219,GGB233003092,55419,우미린2차.호수부영3차,127.106417,37.17135,1
GGB233000275,65,220,GGB233003136,55532,동탄호수공원,127.106433,37.167167,1
GGB233000275,65,221,GGB233003137,55533,계룡리슈빌.금호어울림,127.10645,37.16465,1
GGB233000275,65,222,GGB233003126,55522,아이원.호수자이파밀리에,127.104783,37.161017,1
GGB233000275,65,223,GGB233002248,55999,동탄2차고지,127.10335,37.155283,1
GGB233000276,116-5,1,GGB277101892,,영통차고지대기(미정차),127.066933,37.2599,0
GGB233000276,116-5,2,GGB203000061,4112,영흥수목원입구.영흥숲푸르지오파크비엔아파트입구,127.067517,37.259367,0
GGB233000276,116-5,3,GGB203000052,4190,지역난방공사.신나무실쌍용아파트,127.065917,37.256433,0
GGB233000276,116-5,4,GGB203000136,4133,영통역6번출구.영덕고등학교,127.069833,37.252133,0
GGB233000276,116-5,5,GGB203000135,4149,살구골공원.영통역3번출구,127.0735,37.2499,0
GGB233000276,116-5,6,GGB203000205,4154,영일중학교.수원출입국외국인청,127.075267,37.2488,0
GGB233000276,116-5,7,GGB228000669,29165,서천효성해링턴,127.07565,37.2445,0
GGB233000276,116-5,8,GGB228002054,29900,서천2차아이파크,127.075367,37.24125,0
GGB233000276,116-5,9,GGB228002056,29902,서천마을센트럴파크원.힐스테이트,127.073867,37.239083,0
GGB233000276,116-5,10,GGB228002062,29904,서천마을2단지.쌍용예가,127.072183,37.2373,0
GGB233000276,116-5,11,GGB228002065,29907,서천마을3단지,127.07065,37.235117,0
GGB233000276,116-5,12,GGB228000271,29921,농서근린공원.기흥테라타워,127.070183,37.230967,0
GGB233000276,116-5,13,GGB233001310,36683,IT단지(중),127.073667,37.2251,1
GGB233000276,116-5,14,GGB233001225,36414,한림대병원(중),127.07775,37.217317,1
GGB233000276,116-5,15,GGB233003186,37760,우미제일.전하리교회,127.079383,37.212133,1
GGB233000276,116-5,16,GGB233002440,55312,예당고사거리,127.081817,37.209183,1
GGB233000276,116-5,17,GGB233003207,55967,경기남부직업능력개발원,127.086967,37.2092,1
GGB233000276,116-5,18,GGB233002442,55314,푸르지오.한미약품,127.091833,37.209183,1
GGB233000276,116-5,19,GGB233000122,36792,센트럴상록.대방디엠시티,127.100033,37.209167,1
GGB233000276,116-5,20,GGB233001166,36470,동탄2파출소.농협,127.1049,37.209183,1
GGB233000276,116-5,21,GGB233001493,37549,퍼스트파크.이지더원,127.1083,37.208683,1
GGB233000276,116-5,22,GGB233001492,37550,상록.경남아파트.이주택지,127.110533,37.206867,1
GGB233000276,116-5,23,GGB233001491,37551,반도1차.모아아파트,127.1141,37.201883,1
GGB233000276,116-5,24,GGB233000430,55663,반도4차.동탄4동복지센터,127.1154,37.2001,1
GGB233000276,116-5,25,GGB233001168,36458,센트럴푸르지오.호반베르디움2차,127.116817,37.198133,1
GGB233000276,116-5,26,GGB233000965,36468,청목초.신안1차,127.1194,37.194583,1
GGB233000276,116-5,27,GGB233003154,55551,목동초.베라체,127.12495,37.190183,1
GGB233000276,116-5,28,GGB233003156,55553,e편한세상동탄,127.125817,37.190283,1
GGB233000276,116-5,29,GGB233003157,55554,목동중.금강4차,127.127117,37.188883,1
GGB233000276,116-5,30,GGB233003159,55556,한신더휴,127.126317,37.18655,1
GGB233000276,116-5,31,GGB233003161,55558,호반베르디움5차,127.12525,37.183867,1
GGB233000276,116-5,32,GGB233000209,55464,창의고,127.122017,37.18175,1
GGB233000276,116-5,33,GGB233001572,55488,서희스타힐스.단독주택,127.119533,37.173317,1
GGB233000276,116-5,34,GGB233001695,37724,레이크파크뷰,127.118533,37.170033,1
GGB233000276,116-5,35,GGB233001699,55500,호수부영6차.호수공원행복주택,127.117033,37.1674,1
GGB233000276,116-5,36,GGB233001741,55502,센트리체.자연앤자이,127.1139,37.166033,1
GGB233000276,116-5,37,GGB233001753,55504,센트럴시티.아이파크,127.109117,37.165883,1
GGB233000276,116-5,38,GGB233003137,55533,계룡리슈빌.금호어울림,127.10645,37.16465,1
GGB233000276,116-5,39,GGB233003126,55522,아이원.호수자이파밀리에,127.104783,37.161017,1
GGB233000276,116-5,40,GGB233001602,37047,금호어울림2차,127.1008,37.161133,1
GGB233000276,116-5,41,GGB233001237,37044,호수하우스디,127.097067,37.161117,1
GGB233000276,116-5,42,GGB223000209,24197,롯데오산물류,127.093317,37.158883,0
GGB233000276,116-5,43,GGB223000210,24196,롯데인재개발원후문,127.090033,37.158817,0
GGB233000276,116-5,44,GGB223000465,24141,오산장례식장,127.0855,37.158917,0
GGB233000276,116-5,45,GGB223000043,24014,오산센트럴푸르지오,127.081533,37.159,0
GGB233000276,116-5,46,GGB223000004,24166,운암주공1단지.운천중학교,127.078667,37.158017,0
GGB233000276,116-5,47,GGB223000199,24161,운암주공2.3단지.운천고,127.0774,37.154517,0
GGB233000276,116-5,48,GGB223000094,24158,오산시청.운암주공4단지,127.076217,37.1511,0
GGB233000276,116-5,49,GGB223000093,24155,운암주공5단지.운암중학교,127.075183,37.146417,0
GGB233000276,116-5,50,GGB223000092,24180,신양아파트,127.073383,37.146033,0
GGB233000276,116-5,51,GGB223000167,24128,(구)화성동부경찰서.르마레시티,127.070367,37.142567,0
GGB233000276,116-5,52,GGB223000099,24111,오산역e-편한세상1단지아파트,127.068583,37.140783,0
GGB233000276,116-5,53,GGB223000098,24114,원동초교.제일교회앞,127.068767,37.13645,0
GGB233000276,116-5,54,GGB223000097,24117,우방한솔아파트,127.068933,37.133833,0
GGB233000276,116-5,55,GGB223000525,24106,갈곶동.KCC스위첸아파트,127.068417,37.1316,0
GGB233000276,116-5,56,GGB277102407,,갈곶리삼거리(미정차),127.067133,37.127417,0
GGB233000276,116-5,57,GGB223000522,24097,원영화남아파트,127.067717,37.130133,0
GGB233000276,116-5,58,GGB223000524,24118,원동.동부삼환아파트,127.069217,37.13285,0
GGB233000276,116-5,59,GGB223000128,24115,원동초교.제일교회앞,127.069033,37.1366,0
GGB233000276,116-5,60,GGB223000127,24113,오산역e-편한세상1단지아파트,127.068867,37.1398,0
GGB233000276,116-5,61,GGB223000126,24107,오산역.오산터미널,127.068617,37.144433,0
GGB233000276,116-5,62,GGB223000089,24133,문화의거리,127.070617,37.146333,0
GGB233000276,116-5,63,GGB223000005,24153,운암주공5단지,127.075183,37.146233,0
GGB233000276,116-5,64,GGB223000048,24160,오산시청.운암주공4단지,127.076433,37.150317,0
GGB233000276,116-5,65,GGB223000047,24165,운암주공2.3단지.운천고,127.0779,37.154967,0
GGB233000276,116-5,66,GGB223000046,24168,운암주공1단지.운천중학교,127.078883,37.157867,0
GGB233000276,116-5,67,GGB223000237,24212,운암주공1단지후문,127.080983,37.158783,0
GGB233000276,116-5,68,GGB223000464,24138,오산장례식장,127.08475,37.158733,0
GGB233000276,116-5,69,GGB223000188,24185,롯데인재개발원후문,127.089583,37.1586,0
GGB233000276,116-5,70,GGB223000189,24192,롯데오산물류,127.093867,37.158667,0
GGB233000276,116-5,71,GGB233001118,37039,호수하우스디,127.097017,37.16095,1
GGB233000276,116-5,72,GGB233001587,37042,금호어울림2차,127.100633,37.16095,1
GGB233000276,116-5,73,GGB233003132,55528,호수자이파밀리에.아이원,127.1052,37.160733,1
GGB233000276,116-5,74,GGB233003127,55523,금호어울림.계룡리슈빌,127.10695,37.1639,1
GGB233000276,116-5,75,GGB233001754,55505,아이파크.센트럴시티,127.109317,37.165517,1
GGB233000276,116-5,76,GGB233001748,55503,자연앤자이.센트리체,127.1142,37.165733,1
GGB233000276,116-5,77,GGB233001710,55501,호수공원행복주택.호수부영6차,127.1174,37.16715,1
GGB233000276,116-5,78,GGB233001696,37696,레이크파크뷰,127.119,37.169917,1
GGB233000276,116-5,79,GGB233001608,37654,서희스타힐스.단독주택,127.12005,37.173417,1
GGB233000276,116-5,80,GGB233000374,55465,창의고,127.122533,37.18185,1
GGB233000276,116-5,81,GGB233003162,55559,르파비스,127.1254,37.18345,1
GGB233000276,116-5,82,GGB233003160,55557,경남아너스빌,127.12655,37.186467,1
GGB233000276,116-5,83,GGB233003158,55555,금강4차.목동중,127.127317,37.189367,1
GGB233000276,116-5,84,GGB233003155,55552,e편한세상동탄,127.1266,37.1902,1
GGB233000276,116-5,85,GGB233003044,55550,베라체.목동초,127.124317,37.190183,1
GGB233000276,116-5,86,GGB233001568,36693,베라체아파트,127.12285,37.1905,1
GGB233000276,116-5,87,GGB233002421,55340,예솔초.호반2차.대원2차,127.118767,37.196233,1
GGB233000276,116-5,88,GGB233000129,36460,신안2차.반도4차,127.11605,37.199983,1
GGB233000276,116-5,89,GGB233000980,36459,모아.반도1차아파트,127.11455,37.20205,1
GGB233000276,116-5,90,GGB233002516,55070,지산마을,127.112233,37.205217,1
GGB233000276,116-5,91,GGB233002429,55305,이주택지.상록.경남아파트,127.110867,37.2071,1
GGB233000276,116-5,92,GGB233002430,55306,퍼스트파크.이지더원,127.1085,37.209,1
GGB233000276,116-5,93,GGB233002431,55307,동탄2파출소.농협,127.104383,37.2095,1
GGB233000276,116-5,94,GGB233002432,55308,대방디엠시티.센트럴상록,127.099667,37.209517,1
GGB233000276,116-5,95,GGB233002443,55315,한미약품.푸르지오,127.091617,37.2095,1
GGB233000276,116-5,96,GGB233002493,55937,경기남부직업능력개발원,127.08725,37.20955,1
GGB233000276,116-5,97,GGB233002439,55311,예당고사거리,127.080667,37.2099,1
GGB233000276,116-5,98,GGB233001683,37712,전하리교회.우미제일,127.079283,37.21315,1
GGB233000276,116-5,99,GGB233001782,37864,한림대병원(중),127.078117,37.216633,1
GGB233000276,116-5,100,GGB233001978,37954,IT단지(중),127.074133,37.224717,1
GGB233000276,116-5,101,GGB233002353,55253,삼성반도체후문,127.071283,37.228417,1
GGB233000276,116-5,102,GGB228000272,29922,농서근린공원.기흥테라타워,127.0705,37.23115,0
GGB233000276,116-5,103,GGB228002066,29908,서천마을3단지,127.07105,37.23495,0
GGB233000276,116-5,104,GGB228002061,29903,서천마을2단지.쌍용예가,127.072433,37.237133,0
GGB233000276,116-5,105,GGB228002055,29901,서천마을센트럴파크원.힐스테이트,127.074217,37.239033,0
GGB233000276,116-5,106,GGB228002053,29899,서천2차아이파크,127.075733,37.241183,0
GGB233000276,116-5,107,GGB228000670,29166,서천효성해링턴,127.075967,37.243717,0
GGB233000276,116-5,108,GGB203000143,4152,영일중학교.수원출입국외국인청,127.075083,37.249217,0
GGB233000276,116-5,109,GGB203000354,4332,동수원세무소.영통역2번출구,127.0727,37.25065,0
GGB233000276,116-5,110,GGB203000018,4132,영통역7번출구.영덕고등학교,127.0697,37.2525,0
GGB233000276,116-5,111,GGB203000050,4189,지역난방공사.신나무실쌍용아파트,127.066167,37.256583,0
GGB233000276,116-5,112,GGB203000111,4113,영흥수목원입구.영흥숲푸르지오파크비엔아파트입구,127.067633,37.259333,0
GGB233000277,67,1,GGB233002247,55998,동탄2차고지,127.103467,37.1554,1
GGB233000277,67,2,GGB233003132,55528,호수자이파밀리에.아이원,127.1052,37.160733,1
GGB233000277,67,3,GGB233003127,55523,금호어울림.계룡리슈빌,127.10695,37.1639,1
GGB233000277,67,4,GGB233003128,55524,동탄호수공원.센트럴시티,127.107017,37.166817,1
GGB233000277,67,5,GGB233003093,55420,호수부영3차.우미린2차,127.107083,37.171667,1
GGB233000277,67,6,GGB233001954,55567,호수부영3차,127.108167,37.172333,1
GGB233000277,67,7,GGB233001953,55566,정현초.청림중,127.112983,37.172317,1
GGB233000277,67,8,GGB233002038,55587,레이크파크뷰.서희스타힐스,127.117283,37.171633,1
GGB233000277,67,9,GGB233001608,37654,서희스타힐스.단독주택,127.12005,37.173417,1
GGB233000277,67,10,GGB233000327,55799,쎈트럴써밋,127.121267,37.173817,1
GGB233000277,67,11,GGB233000332,55803,디루체,127.12575,37.173883,1
GGB233000277,67,12,GGB233000353,55815,호반써밋동탄,127.13365,37.173017,1
GGB233000277,67,13,GGB233001305,55912,금강펜테리움.힐스테이트,127.13815,37.174133,1
GGB233000277,67,14,GGB233000329,55801,제일풍경채.행복주택40단지,127.141617,37.17665,1
GGB233000277,67,15,GGB233000356,55818,동탄9동행정복지센터,127.137733,37.180267,1
GGB233000277,67,16,GGB233001317,55914,C10,127.133033,37.17975,1
GGB233000277,67,17,GGB233003204,55965,현민초등학교,127.128717,37.181533,1
GGB233000277,67,18,GGB233001880,55513,호반5차.르파비스,127.123617,37.1826,1
GGB233000277,67,19,GGB233001614,55489,한신더휴,127.12385,37.18645,1
GGB233000277,67,20,GGB233001568,36693,베라체아파트,127.12285,37.1905,1
GGB233000277,67,21,GGB233002421,55340,예솔초.호반2차.대원2차,127.118767,37.196233,1
GGB233000277,67,22,GGB233000129,36460,신안2차.반도4차,127.11605,37.199983,1
GGB233000277,67,23,GGB233000980,36459,모아.반도1차아파트,127.11455,37.20205,1
GGB233000277,67,24,GGB233000960,36452,경남.반도1차,127.110817,37.203517,1
GGB233000277,67,25,GGB233002435,55293,영천유치원.시범예미지,127.108783,37.203517,1
GGB233000277,67,26,GGB233000961,36453,영천초.계룡,127.104933,37.204283,1
GGB233000277,67,27,GGB233000130,36447,예미지시그너스.우남퍼스트빌,127.0985,37.20315,1
GGB233000277,67,28,GGB233003085,55399,동탄역(동측),127.096283,37.19985,1
GGB233000277,67,29,GGB233000137,36436,롯데캐슬.포스코더샵,127.098467,37.1997,1
GGB233000277,67,30,GGB233001637,37658,린스트라우스.한화,127.098517,37.19625,1
GGB233000277,67,31,GGB233001648,36993,신미주아파트,127.09255,37.192867,1
GGB233000277,67,32,GGB233002495,55403,동탄초교,127.092517,37.187483,1
GGB233000277,67,33,GGB233002496,55404,더샵센트럴시티2차.행복주택,127.091417,37.1869,1
GGB233000277,67,34,GGB233002498,55405,에일린의뜰.중흥S클래스,127.086933,37.187183,1
GGB233000277,67,35,GGB233001448,36678,나루마을.월드반도,127.076517,37.1908,1
GGB233000277,67,36,GGB233001714,37748,신도브레뉴아파트,127.07385,37.192033,1
GGB233000277,67,37,GGB233001449,36675,쌍용예가,127.0718,37.1935,1
GGB233000277,67,38,GGB233001450,36680,솔빛마을.화성동탄중앙도서관,127.069633,37.195817,1
GGB233000277,67,39,GGB233001224,36664,다은마을(중),127.067583,37.199983,1
GGB233000277,67,40,GGB233001219,36667,메타폴리스(중),127.067517,37.203733,1
GGB233000277,67,41,GGB233001677,37737,한화꿈에그린아파트,127.06655,37.206817,1
GGB233000277,67,42,GGB233001675,37703,센트럴파크,127.063933,37.208067,1
GGB233000277,67,43,GGB233001994,55439,능동은행사거리.동탄시티병원,127.061867,37.209167,1
GGB233000277,67,44,GGB233001673,37736,미즈파크병원,127.060467,37.209633,1
GGB233000277,67,45,GGB233002029,55023,크리스찬교회,127.058817,37.210317,1
GGB233000277,67,46,GGB233002030,55021,이지더원,127.055917,37.211583,1
GGB233000277,67,47,GGB233000109,36710,신미주아파트앞,127.051783,37.214633,1
GGB233000277,67,48,GGB233000108,36380,주공8단지,127.048783,37.21515,1
GGB233000277,67,49,GGB233000067,36370,주공10.11단지,127.045267,37.215883,1
GGB233000277,67,50,GGB233000066,36795,중심상가,127.04375,37.21515,1
GGB233000277,67,51,GGB233002132,55279,롯데시네마,127.04245,37.214483,1
GGB233000277,67,52,GGB233000671,36354,진안동,127.0393,37.213017,1
GGB233000277,67,53,GGB233000703,36753,병점사거리.병점역입구,127.034433,37.208383,1
GGB233000277,67,54,GGB233000702,36345,병점역사거리,127.035633,37.206983,1
GGB233000277,67,55,GGB233000100,36351,홈플러스.벌말초교,127.03815,37.203283,1
GGB233000277,67,56,GGB233000098,36349,한일타운아파트,127.037733,37.2003,1
GGB233000277,67,57,GGB233001920,37935,유앤아이.화성시청소년수련관,127.03435,37.203117,1
GGB233000277,67,58,GGB233000701,36339,병점역후문,127.031917,37.206833,1
GGB233000277,67,59,GGB233000670,36328,안용중학교.현충공원,127.02205,37.2056,1
GGB233000277,67,60,GGB233000669,36318,송산동입구,127.017783,37.20585,1
GGB233000277,67,61,GGB233000668,36313,안녕동,127.01425,37.2037,1
GGB233000277,67,62,GGB233000667,36305,신한미지엔아파트앞,127.00915,37.20035,1
GGB233000277,67,63,GGB233001329,36294,한강CM,127.006717,37.196683,1
GGB233000277,67,64,GGB233000666,36290,돌고지,127.0054,37.193933,1
GGB233000277,67,65,GGB233000093,36141,일진전기앞,127.005367,37.191067,1
GGB233000277,67,66,GGB233001128,36291,뱅뱅이,127.00505,37.18675,1
GGB233000277,67,67,GGB233001127,36282,앞말,127.001417,37.183567,1
GGB233000277,67,68,GGB233000665,36276,새터말,126.9962,37.183533,1
GGB233000277,67,69,GGB233001126,36274,괘랑2리.차운혁충신정려문,126.99315,37.182833,1
GGB233000277,67,70,GGB233001125,36260,빼골,126.98825,37.180033,1
GGB233000277,67,71,GGB233000664,36254,왕재고개,126.986233,37.176183,1
GGB233000277,67,72,GGB233001124,36243,정남파출소,126.984017,37.173417,1
GGB233000277,67,73,GGB233000663,36234,정남농협,126.983283,37.169817,1
GGB233000277,67,74,GGB233000661,36237,정남초등학교,126.9835,37.1679,1
GGB233000277,67,75,GGB233000375,55622,신리사거리,126.980483,37.1641,1
GGB233000277,67,76,GGB233001818,37859,신리앞,126.9774,37.163133,1
GGB233000277,67,77,GGB233002999,37198,신리주유소앞,126.976317,37.162817,1
GGB233000277,67,78,GGB233002123,55097,정남행정복합센터,126.97275,37.16155,1
GGB233000277,67,79,GGB233001065,36782,문학2리,126.968517,37.158917,1
GGB233000277,67,80,GGB233001221,36790,문학리,126.96545,37.154933,1
GGB233000277,67,81,GGB233000612,36739,문학1리,126.963217,37.152567,1
GGB233000277,67,82,GGB233001605,37652,동오첨단산업단지,126.960167,37.1455,1
GGB233000277,67,83,GGB233001819,37860,효원납골공원,126.958317,37.142183,1
GGB233000277,67,84,GGB233001911,37786,유진레미콘,126.956417,37.139817,1
GGB233000277,67,85,GGB233001976,37955,농심물류센터,126.955517,37.1367,1
GGB233000277,67,86,GGB233001820,37861,동오리종점,126.9532,37.131983,1
GGB233000277,67,87,GGB233003254,36815,관리마을앞뜰,126.949883,37.126717,1
GGB233000277,67,88,GGB233000213,37244,백토2리,126.947683,37.123033,1
GGB233000277,67,89,GGB233000214,37300,백토사거리,126.94555,37.11795,1
GGB233000277,67,90,GGB233002004,37368,화리현리입구,126.942617,37.1161,1
GGB233000277,67,91,GGB233000232,37463,화리현리,126.940117,37.115133,1
GGB233000277,67,92,GGB233001694,37716,수리재,126.934833,37.113383,1
GGB233000277,67,93,GGB233001878,37779,하길1리,126.93065,37.111283,1
GGB233000277,67,94,GGB233001766,55741,향남2교차로,126.928633,37.111,1
GGB233000277,67,95,GGB233002406,55282,향남부영9단지,126.919267,37.113767,1
GGB233000277,67,96,GGB233002415,55290,향남모아8단지,126.913683,37.113833,1
GGB233000277,67,97,GGB233002504,55381,롯데씨네마.향남부영7,126.910917,37.114617,1
GGB233000277,67,98,GGB233002476,55726,향남부영3단지,126.912333,37.116933,1
GGB233000277,67,99,GGB233001108,37284,향남주공2단지,126.917617,37.116733,1
GGB233000277,67,100,GGB233000618,37281,방축리,126.918667,37.120033,1
GGB233000277,67,101,GGB233002106,55081,단독주택단지,126.920183,37.12425,1
GGB233000277,67,102,GGB233002104,55080,신영지웰,126.920967,37.127867,1
GGB233000277,67,103,GGB233001860,37903,화성소방서.향남홈플러스,126.9213,37.130533,1
GGB233000277,67,104,GGB233002102,37287,향남환승터미널,126.921567,37.1328,1
GGB233000277,67,105,GGB233002101,37286,화성문화원.향남환승터미널,126.921083,37.132,1
GGB233000277,67,106,GGB233001955,37991,화성소방서.향남홈플러스,126.920917,37.13045,1
GGB233000277,67,107,GGB233002103,55084,에일린의뜰,126.920617,37.127867,1
GGB233000277,67,108,GGB233002105,55085,단독주택단지,126.919867,37.124333,1
GGB233000277,67,109,GGB233001109,37280,방축리,126.918367,37.12,1
GGB233000277,67,110,GGB233000617,37283,향남주공2단지,126.917267,37.116983,1
GGB233000277,67,111,GGB233002477,55727,향남부영3단지,126.912133,37.117183,1
GGB233000277,67,112,GGB233002414,55289,향남부영7.롯데씨네마,126.911067,37.1144,1
GGB233000277,67,113,GGB233002478,55319,향남모아8단지,126.91445,37.113417,1
GGB233000277,67,114,GGB233002407,55283,향남부영9단지,126.919067,37.113367,1
GGB233000277,67,115,GGB233001762,55740,향남2교차로,126.928283,37.110717,1
GGB233000277,67,116,GGB233001877,37785,하길1리,126.93145,37.111617,1
GGB233000277,67,117,GGB233001480,37559,수리재,126.934967,37.113267,1
GGB233000277,67,118,GGB233000233,37546,화리현리,126.940667,37.11525,1
GGB233000277,67,119,GGB233000231,37386,화리현리입구,126.942467,37.11595,1
GGB233000277,67,120,GGB233000216,37338,백토사거리,126.945733,37.118133,1
GGB233000277,67,121,GGB233000212,37222,백토2리,126.94775,37.122983,1
GGB233000277,67,122,GGB233003255,36834,관리마을앞뜰,126.950083,37.1268,1
GGB233000277,67,123,GGB233001607,37651,동오리종점,126.953517,37.13195,1
GGB233000277,67,124,GGB233001812,37833,농심물류센터,126.955683,37.136433,1
GGB233000277,67,125,GGB233001688,37723,유진레미콘,126.956367,37.139167,1
GGB233000277,67,126,GGB233001110,37266,효원납골공원,126.95895,37.142667,1
GGB233000277,67,127,GGB233001606,37653,동오첨단산업단지,126.9608,37.146767,1
GGB233000277,67,128,GGB233001576,36149,문학1리,126.963733,37.152867,1
GGB233000277,67,129,GGB233001580,36703,문학리,126.9661,37.15525,1
GGB233000277,67,130,GGB233000465,36882,문학2리,126.96855,37.158783,1
GGB233000277,67,131,GGB233002122,55094,정남행정복합센터,126.971667,37.161167,1
GGB233000277,67,132,GGB233001822,37878,신리주유소앞,126.976733,37.1628,1
GGB233000277,67,133,GGB233001823,37862,신리앞,126.9783,37.163283,1
GGB233000277,67,134,GGB233000376,55623,신리사거리,126.980333,37.163917,1
GGB233000277,67,135,GGB233000655,36238,정남초등학교,126.9839,37.167617,1
GGB233000277,67,136,GGB233000654,36231,정남도서관,126.98335,37.1688,1
GGB233000277,67,137,GGB233001122,36843,정남농협,126.9835,37.170867,1
GGB233000277,67,138,GGB233000653,36240,정남파출소,126.984033,37.173267,1
GGB233000277,67,139,GGB233000652,36259,왕재고개,126.986383,37.176217,1
GGB233000277,67,140,GGB233000651,36261,빼골,126.98835,37.179983,1
GGB233000277,67,141,GGB233000650,36275,괘랑2리.차운혁충신정려문,126.9933,37.18275,1
GGB233000277,67,142,GGB233000649,36277,새터말,126.997183,37.183167,1
GGB233000277,67,143,GGB233000648,36283,앞말,127.002033,37.18375,1
GGB233000277,67,144,GGB233000647,36292,뱅뱅이,127.006,37.188067,1
GGB233000277,67,145,GGB233000094,36142,일진전기앞,127.005433,37.192017,1
GGB233000277,67,146,GGB233000646,36293,돌고지,127.005717,37.19415,1
GGB233000277,67,147,GGB233001330,36295,한강CM,127.006617,37.195917,1
GGB233000277,67,148,GGB233000645,36304,신한미지엔아파트앞,127.0086,37.199917,1
GGB233000277,67,149,GGB233000644,36311,북촌말입구,127.0136,37.202683,1
GGB233000277,67,150,GGB233000643,36315,송산동입구,127.0172,37.205567,1
GGB233000277,67,151,GGB233000642,36327,동문아파트,127.022233,37.205367,1
GGB233000277,67,152,GGB233000695,36338,병점역후문,127.032033,37.20605,1
GGB233000277,67,153,GGB233001921,37933,유앤아이.화성시청소년수련관,127.034717,37.202317,1
GGB233000277,67,154,GGB233000097,36348,한일타운아파트,127.03755,37.200233,1
GGB233000277,67,155,GGB233000101,36350,센트럴허브시티.송화초교,127.038217,37.203783,1
GGB233000277,67,156,GGB233000708,36342,병점구청.병점초등학교,127.0345,37.208717,1
GGB233000277,67,157,GGB233000641,36347,병점화남아파트,127.03755,37.211967,1
GGB233000277,67,158,GGB233000640,36355,진안동,127.040533,37.2133,1
GGB233000277,67,159,GGB233002403,55291,롯데시네마,127.042633,37.21425,1
GGB233000277,67,160,GGB233000065,36371,주공11단지.우남퍼스트빌2차,127.045117,37.215517,1
GGB233000277,67,161,GGB233000107,36383,주공7.8단지,127.04955,37.214383,1
GGB233000277,67,162,GGB233000106,36386,신미주아파트.주공6단지,127.05175,37.214417,1
GGB233000277,67,163,GGB233002032,55014,신미주,127.0526,37.214,1
GGB233000277,67,164,GGB233002031,55020,경남아너스빌,127.055533,37.2115,1
GGB233000277,67,165,GGB233002028,55022,동탄3동행정복지센터,127.0587,37.210133,1
GGB233000277,67,166,GGB233001672,37730,미즈파크병원,127.060233,37.20945,1
GGB233000277,67,167,GGB233002273,55147,능동은행사거리.동탄시티병원,127.061817,37.2089,1
GGB233000277,67,168,GGB233001674,37742,센트럴파크,127.063817,37.2078,1
GGB233000277,67,169,GGB233001676,37741,금호어울림,127.066483,37.20655,1
GGB233000277,67,170,GGB233001218,36666,메타폴리스(중),127.067483,37.204267,1
GGB233000277,67,171,GGB233001220,37693,다은마을(중),127.06735,37.200383,1
GGB233000277,67,172,GGB233001452,37584,새강마을.화성동탄중앙도서관,127.0692,37.195667,1
GGB233000277,67,173,GGB233001453,37585,새강주공휴먼시아,127.071617,37.193233,1
GGB233000277,67,174,GGB233001713,37745,나루마을.한화꿈에그린2차,127.07455,37.191317,1
GGB233000277,67,175,GGB233001454,37586,탄요유적공원,127.076233,37.190617,1
GGB233000277,67,176,GGB233002499,55410,중흥S클래스.에일린의뜰,127.08675,37.186883,1
GGB233000277,67,177,GGB233002494,37003,동탄초교,127.092983,37.188133,1
GGB233000277,67,178,GGB233001649,37965,신미주아파트,127.092983,37.192967,1
GGB233000277,67,179,GGB233000978,36466,한화.린스트라우스,127.099083,37.195383,1
GGB233000277,67,180,GGB233003085,55399,동탄역(동측),127.096283,37.19985,1
GGB233000277,67,181,GGB233000964,36469,우남퍼스트빌.예미지시그너스,127.0991,37.203367,1
GGB233000277,67,182,GGB233002433,37663,우남퍼스트빌.자이,127.100083,37.204567,0
GGB233000277,67,183,GGB233000131,36812,계룡.영천초,127.104883,37.203933,1
GGB233000277,67,184,GGB233002434,55292,시범예미지.영천유치원,127.108767,37.203233,1
GGB233000277,67,185,GGB233000164,36811,반도1차.경남,127.110767,37.203167,1
GGB233000277,67,186,GGB233001491,37551,반도1차.모아아파트,127.1141,37.201883,1
GGB233000277,67,187,GGB233000430,55663,반도4차.동탄4동복지센터,127.1154,37.2001,1
GGB233000277,67,188,GGB233001168,36458,센트럴푸르지오.호반베르디움2차,127.116817,37.198133,1
GGB233000277,67,189,GGB233000965,36468,청목초.신안1차,127.1194,37.194583,1
GGB233000277,67,190,GGB233001623,37682,동원로얄듀크2차.목동초,127.123267,37.188667,1
GGB233000277,67,191,GGB233001620,55490,힐스테이트.호반5차,127.122933,37.184867,1
GGB233000277,67,192,GGB233001879,55512,호반5차.르파비스,127.123733,37.182267,1
GGB233000277,67,193,GGB233003205,55966,현민초등학교,127.128517,37.1813,1
GGB233000277,67,194,GGB233001333,55915,C10,127.132833,37.17945,1
GGB233000277,67,195,GGB233000355,55817,동탄9동행정복지센터,127.138,37.179983,1
GGB233000277,67,196,GGB233000331,55802,제일풍경채.행복주택40단지,127.1414,37.17715,1
GGB233000277,67,197,GGB233001316,55913,힐스테이트.금강펜테리움,127.13795,37.174417,1
GGB233000277,67,198,GGB233000354,55816,호반써밋동탄,127.133233,37.173233,1
GGB233000277,67,199,GGB233000333,55804,디루체,127.126083,37.1742,1
GGB233000277,67,200,GGB233000328,55800,쎈트럴써밋,127.12135,37.1741,1
GGB233000277,67,201,GGB233001572,55488,서희스타힐스.단독주택,127.119533,37.173317,1
GGB233000277,67,202,GGB233002027,55586,서희스타힐스.레이크파크뷰,127.117383,37.17195,1
GGB233000277,67,203,GGB233000571,55569,정현초.청림중,127.113,37.1726,1
GGB233000277,67,204,GGB233003092,55419,우미린2차.호수부영3차,127.106417,37.17135,1
GGB233000277,67,205,GGB233003136,55532,동탄호수공원,127.106433,37.167167,1
GGB233000277,67,206,GGB233003137,55533,계룡리슈빌.금호어울림,127.10645,37.16465,1
GGB233000277,67,207,GGB233003126,55522,아이원.호수자이파밀리에,127.104783,37.161017,1
GGB233000277,67,208,GGB233002248,55999,동탄2차고지,127.10335,37.155283,1
GGB233000281,205,1,GGB233002341,55171,경기고속차고지,126.9957,37.1976,1
GGB233000281,205,2,GGB233002339,55169,일진산업단지,126.997683,37.19585,1
GGB233000281,205,3,GGB233001843,36999,중외제약사거리,127.002167,37.2021,1
GGB233000281,205,4,GGB233002538,36483,정조효공원,126.996417,37.20445,1
GGB233000281,205,5,GGB233001841,36997,융건릉입구,126.989,37.207033,1
GGB233000281,205,6,GGB233002398,55344,융건릉사거리,126.987783,37.207967,1
GGB233000281,205,7,GGB233002234,55122,안녕4통.고수문,126.982783,37.212633,1
GGB233000281,205,8,GGB233000599,36663,홍익대.홍익디자인고,126.978483,37.217067,1
GGB233000281,205,9,GGB233000942,36187,와우농협앞,126.974433,37.218017,1
GGB233000281,205,10,GGB233000944,36193,와우지구,126.976183,37.2159,1
GGB233000281,205,11,GGB233000575,36210,수원대학교,126.979767,37.213833,1
GGB233000281,205,12,GGB233002233,55121,안녕4통.고수문,126.98225,37.212633,1
GGB233000281,205,13,GGB233002397,55343,융건릉사거리,126.987533,37.20785,1
GGB233000281,205,14,GGB233001840,36996,융건릉입구,126.989017,37.206767,1
GGB233000281,205,15,GGB233002155,55161,안녕성당앞,126.996267,37.204267,1
GGB233000281,205,16,GGB233000277,36382,LH1단지,126.999033,37.205583,1
GGB233000281,205,17,GGB233000290,55785,LH1단지.우미린,127.001283,37.20565,1
GGB233000281,205,18,GGB233000287,55783,LH2단지.우미린,127.003017,37.204667,1
GGB233000281,205,19,GGB233001996,55572,우방아이유쉘,127.0059,37.202367,1
GGB233000281,205,20,GGB233001284,55697,신한미지엔정문,127.005967,37.201083,1
GGB233000281,205,21,GGB233000645,36304,신한미지엔아파트앞,127.0086,37.199917,1
GGB233000281,205,22,GGB233000644,36311,북촌말입구,127.0136,37.202683,1
GGB233000281,205,23,GGB233000643,36315,송산동입구,127.0172,37.205567,1
GGB233000281,205,24,GGB233000642,36327,동문아파트,127.022233,37.205367,1
GGB233000281,205,25,GGB233001442,36959,송산교입구,127.02565,37.207183,1
GGB233000281,205,26,GGB233000702,36345,병점역사거리,127.035633,37.206983,1
GGB233000281,205,27,GGB233000077,36062,홈플러스병점점(좌회전전용),127.037517,37.204233,1
GGB233000281,205,28,GGB233002344,37738,한신아파트,127.042017,37.203317,1
GGB233000281,205,29,GGB233001663,37728,병점고등학교,127.043367,37.20515,1
GGB233000281,205,30,GGB233002302,36621,우남퍼스트빌v2타운2,127.042317,37.206483,1
GGB233000281,205,31,GGB233000087,36369,에듀포레,127.0445,37.208167,1
GGB233000281,205,32,GGB233000086,36376,신창2차아파트,127.047583,37.209683,1
GGB233000281,205,33,GGB233002560,55638,주공6단지.리체더포레스트,127.050717,37.211983,1
GGB233000281,205,34,GGB233000106,36386,신미주아파트.주공6단지,127.05175,37.214417,1
GGB233000281,205,35,GGB233002032,55014,신미주,127.0526,37.214,1
GGB233000281,205,36,GGB233002031,55020,경남아너스빌,127.055533,37.2115,1
GGB233000281,205,37,GGB233002028,55022,동탄3동행정복지센터,127.0587,37.210133,1
GGB233000281,205,38,GGB233001672,37730,미즈파크병원,127.060233,37.20945,1
GGB233000281,205,39,GGB233002273,55147,능동은행사거리.동탄시티병원,127.061817,37.2089,1
GGB233000281,205,40,GGB233001674,37742,센트럴파크,127.063817,37.2078,1
GGB233000281,205,41,GGB233001676,37741,금호어울림,127.066483,37.20655,1
GGB233000281,205,42,GGB233001678,37733,메타폴리스,127.070733,37.205367,1
GGB233000281,205,43,GGB233001679,37694,동탄1동행정복지센터.헌혈의집,127.072567,37.20665,1
GGB233000281,205,44,GGB233001681,37695,신일유토빌정문,127.07505,37.20915,1
GGB233000281,205,45,GGB233001682,37711,예당예원초,127.077667,37.210567,1
GGB233000281,205,46,GGB233002440,55312,예당고사거리,127.081817,37.209183,1
GGB233000281,205,47,GGB233003207,55967,경기남부직업능력개발원,127.086967,37.2092,1
GGB233000281,205,48,GGB233002442,55314,푸르지오.한미약품,127.091833,37.209183,1
GGB233000281,205,49,GGB233002436,36842,상록.테크노밸리.GS자이,127.098517,37.206517,1
GGB233000281,205,50,GGB233000130,36447,예미지시그너스.우남퍼스트빌,127.0985,37.20315,1
GGB233000281,205,51,GGB233003084,55398,동탄역(서측),127.096083,37.199583,1
GGB233000281,205,52,GGB233001637,37658,린스트라우스.한화,127.098517,37.19625,1
GGB233000281,205,53,GGB233000998,36502,헤리엇.리베라CC,127.098467,37.190733,1
GGB233000281,205,54,GGB233000994,36480,공공청사부지,127.099833,37.187033,1
GGB233000281,205,55,GGB233003048,55411,반도유보라,127.104967,37.181233,1
GGB233000281,205,56,GGB233000124,55400,금강1차.센트럴힐즈,127.108983,37.181433,1
GGB233000281,205,57,GGB233001900,37072,금강1차.왕배초,127.111267,37.180267,1
GGB233000281,205,58,GGB233000126,55402,호반베르디움3차,127.1141,37.1794,1
GGB233000281,205,59,GGB233002373,55444,호반3차.창의고,127.118883,37.179617,1
GGB233000281,205,60,GGB233003050,55579,신리입구,127.124533,37.180733,1
GGB233000281,205,61,GGB233003188,55957,동탄아테라파밀리에,127.132733,37.183417,1
GGB233000281,205,62,GGB233003189,55958,동탄숨마데시앙,127.133867,37.181833,1
GGB233000281,205,63,GGB233000355,55817,동탄9동행정복지센터,127.138,37.179983,1
GGB233000281,205,64,GGB233000982,55970,(임시)55단지,127.140967,37.183417,1
GGB233000281,205,65,GGB233000896,55972,(임시)행복주택,127.14175,37.187467,1
GGB233000281,205,66,GGB233002980,55974,동탄파크릭스,127.14175,37.191067,1
GGB233000281,205,67,GGB233002981,55973,(임시)행복주택,127.1414,37.187083,1
GGB233000281,205,68,GGB233001206,55971,(임시)55단지,127.140783,37.18385,1
GGB233000281,205,69,GGB233000356,55818,동탄9동행정복지센터,127.137733,37.180267,1
GGB233000281,205,70,GGB233000001,55955,동탄숨마데시앙,127.134217,37.181867,1
GGB233000281,205,71,GGB233003187,55956,동탄아테라파밀리에,127.132967,37.183533,1
GGB233000281,205,72,GGB233003204,55965,현민초등학교,127.128717,37.181533,1
GGB233000281,205,73,GGB233003045,55576,신리입구,127.124317,37.18075,1
GGB233000281,205,74,GGB233002006,55445,호반3차.창의고,127.1197,37.179733,1
GGB233000281,205,75,GGB233000125,55401,호반베르디움3차,127.11455,37.179567,0
GGB233000281,205,76,GGB233002289,37112,왕배초.금강1차,127.111417,37.1804,1
GGB233000281,205,77,GGB233000120,36409,센트럴힐즈.금강1차,127.109617,37.181433,1
GGB233000281,205,78,GGB233003049,55412,반도유보라,127.105217,37.1813,1
GGB233000281,205,79,GGB233000161,36487,반도3차.금강1차,127.102683,37.182417,1
GGB233000281,205,80,GGB233000995,36477,의료시설부지,127.100233,37.1876,1
GGB233000281,205,81,GGB233000999,36501,리베라CC.헤리엇,127.099083,37.190717,1
GGB233000281,205,82,GGB233000305,36384,그란비아스타,127.0991,37.193367,1
GGB233000281,205,83,GGB233000978,36466,한화.린스트라우스,127.099083,37.195383,1
GGB233000281,205,84,GGB233003085,55399,동탄역(동측),127.096283,37.19985,1
GGB233000281,205,85,GGB233000964,36469,우남퍼스트빌.예미지시그너스,127.0991,37.203367,1
GGB233000281,205,86,GGB233000121,36463,상록.테크노밸리.GS자이,127.099067,37.208283,1
GGB233000281,205,87,GGB233002443,55315,한미약품.푸르지오,127.091617,37.2095,1
GGB233000281,205,88,GGB233002493,55937,경기남부직업능력개발원,127.08725,37.20955,1
GGB233000281,205,89,GGB233002439,55311,예당고사거리,127.080667,37.2099,1
GGB233000281,205,90,GGB233001652,37758,예당예원초,127.077583,37.2107,1
GGB233000281,205,91,GGB233001653,37798,롯데케슬정문,127.074917,37.209267,1
GGB233000281,205,92,GGB233001650,37749,동탄1동행정복지센터.헌혈의집,127.07235,37.20685,1
GGB233000281,205,93,GGB233001651,37747,현대아이파크,127.070617,37.205733,1
GGB233000281,205,94,GGB233001677,37737,한화꿈에그린아파트,127.06655,37.206817,1
GGB233000281,205,95,GGB233001675,37703,센트럴파크,127.063933,37.208067,1
GGB233000281,205,96,GGB233001994,55439,능동은행사거리.동탄시티병원,127.061867,37.209167,1
GGB233000281,205,97,GGB233001673,37736,미즈파크병원,127.060467,37.209633,1
GGB233000281,205,98,GGB233002029,55023,크리스찬교회,127.058817,37.210317,1
GGB233000281,205,99,GGB233002030,55021,이지더원,127.055917,37.211583,1
GGB233000281,205,100,GGB233002033,55016,밀알교회,127.0528,37.214167,1
GGB233000281,205,101,GGB233001738,37799,주공6단지,127.050967,37.21285,1
GGB233000281,205,102,GGB233001739,37795,주공6단지입구,127.05025,37.2117,1
GGB233000281,205,103,GGB233001685,37746,주공5단지,127.04775,37.209983,1
GGB233000281,205,104,GGB233001686,37710,에듀포레,127.044567,37.208417,1
GGB233000281,205,105,GGB233000080,36366,우남퍼스트빌,127.042933,37.207617,1
GGB233000281,205,106,GGB233002253,36616,우남퍼스트빌.V타운2,127.04215,37.206367,1
GGB233000281,205,107,GGB233001662,37704,병점고등학교,127.043083,37.205117,1
GGB233000281,205,108,GGB233001622,37739,센트럴허브시티,127.04195,37.203517,1
GGB233000281,205,109,GGB233000101,36350,센트럴허브시티.송화초교,127.038217,37.203783,1
GGB233000281,205,110,GGB233000708,36342,병점구청.병점초등학교,127.0345,37.208717,1
GGB233000281,205,111,GGB233001055,36079,송산교입구,127.026533,37.2078,1
GGB233000281,205,112,GGB233000670,36328,안용중학교.현충공원,127.02205,37.2056,1
GGB233000281,205,113,GGB233000669,36318,송산동입구,127.017783,37.20585,1
GGB233000281,205,114,GGB233000668,36313,안녕동,127.01425,37.2037,1
GGB233000281,205,115,GGB233000667,36305,신한미지엔아파트앞,127.00915,37.20035,1
GGB233000281,205,116,GGB233002756,55571,우방아파트입구,127.007083,37.201617,1
GGB233000281,205,117,GGB233000304,55791,안녕우방아이유쉘,127.006067,37.202517,1
GGB233000281,205,118,GGB233000286,55782,우미린.LH2단지,127.003267,37.20475,1
GGB233000281,205,119,GGB233000288,55784,우미린.LH1단지,127.001417,37.205833,1
GGB233000281,205,120,GGB233000276,36377,정조효공원.LH1단지,126.998717,37.205683,1
GGB233000281,205,121,GGB233002538,36483,정조효공원,126.996417,37.20445,1
GGB233000281,205,122,GGB233001841,36997,융건릉입구,126.989,37.207033,1
GGB233000281,205,123,GGB233002398,55344,융건릉사거리,126.987783,37.207967,1
GGB233000281,205,124,GGB233002234,55122,안녕4통.고수문,126.982783,37.212633,1
GGB233000281,205,125,GGB233000599,36663,홍익대.홍익디자인고,126.978483,37.217067,1
GGB233000281,205,126,GGB233000942,36187,와우농협앞,126.974433,37.218017,1
GGB233000281,205,127,GGB233000944,36193,와우지구,126.976183,37.2159,1
GGB233000281,205,128,GGB233000575,36210,수원대학교,126.979767,37.213833,1
GGB233000281,205,129,GGB233002233,55121,안녕4통.고수문,126.98225,37.212633,1
GGB233000281,205,130,GGB233002397,55343,융건릉사거리,126.987533,37.20785,1
GGB233000281,205,131,GGB233001840,36996,융건릉입구,126.989017,37.206767,1
GGB233000281,205,132,GGB233002155,55161,안녕성당앞,126.996267,37.204267,1
GGB233000281,205,133,GGB233002340,55170,일진산업단지,126.9978,37.1959,1
GGB233000281,205,134,GGB233002341,55171,경기고속차고지,126.9957,37.1976,1
GGB233000311,8000,1,GGB233003173,55618,협성대정문,126.952067,37.2152,1
GGB233000311,8000,2,GGB233002485,55568,봉담한신아파트후문,126.9492,37.215667,1
GGB233000311,8000,3,GGB233002757,55641,장안대후문,126.9463,37.21635,1
GGB233000311,8000,4,GGB233000787,36118,삼봉마을.신안인스빌,126.945917,37.217817,1
GGB233000311,8000,5,GGB233000786,36122,봉담읍행정복지센터,126.94965,37.220333,1
GGB233000311,8000,6,GGB233002217,55139,국민체육센터,126.952217,37.221067,1
GGB233000311,8000,7,GGB233001661,37883,봉담중.고등학교,126.953867,37.219333,1
GGB233000311,8000,8,GGB233002086,55054,동일하이빌.상봉초등학교,126.956083,37.217667,1
GGB233000311,8000,9,GGB233001658,37881,동일하이빌.화성고용센터,126.958317,37.216333,1
GGB233000311,8000,10,GGB233001613,37678,동화중학교.동화초등학교,126.96165,37.214383,1
GGB233000311,8000,11,GGB233002041,55040,동화휴먼시아5단지,126.963433,37.214817,1
GGB233000311,8000,12,GGB233002245,55244,효행초등학교정문,126.96905,37.21595,1
GGB233000311,8000,13,GGB233002371,55250,아이파크정문,126.970533,37.213817,1
GGB233000311,8000,14,GGB233002255,55246,신명아파트,126.9724,37.2136,1
GGB233000311,8000,15,GGB233003021,55744,수원대입구,126.977983,37.214283,1
GGB233000311,8000,16,GGB233000945,36194,와우지구,126.976317,37.215983,1
GGB233000311,8000,17,GGB233001457,37529,와우농협앞,126.974633,37.218,1
GGB233000311,8000,18,GGB233000596,36186,신일해피트리1차,126.973933,37.222467,1
GGB233000311,8000,19,GGB233000595,36176,우림그린빌리지,126.972433,37.22455,1
GGB233000311,8000,20,GGB233000594,36172,광도와이드빌,126.971883,37.226583,1
GGB233000311,8000,21,GGB233000002,36161,화성시민캠퍼스,126.970433,37.229317,0
GGB233000311,8000,22,GGB201000260,2069,국립축산과학원,126.966267,37.236117,0
GGB233000311,8000,23,GGB201000038,2051,수영오거리.방송통신대입구,126.9624,37.237717,1
GGB233000311,8000,24,GGB233000782,37325,삼미.쌍용아파트,126.953483,37.243433,1
GGB233000311,8000,25,GGB201000407,2906,능실마을16단지,126.955617,37.261467,0
GGB233000311,8000,26,GGB201000409,2908,호매실마을14단지.장애인종합복지관,126.9574,37.262817,0
GGB233000311,8000,27,GGB201000411,2910,호매실마을13단지.수원시보훈회관,126.9576,37.265317,0
GGB233000311,8000,28,GGB201000357,2861,수원은혜교회.한양수자인파크원아파트,126.95395,37.265983,0
GGB233000311,8000,29,GGB201000442,2938,한양수자인파크원아파트.자목마을입구,126.949383,37.266533,0
GGB233000311,8000,30,GGB201000245,2004,와이씨티6단지.금곡LG1단지,126.938717,37.269967,0
GGB233000311,8000,31,GGB201000244,2002,호매실역서희스타힐스.금곡LG2단지,126.938117,37.273083,0
GGB233000311,8000,32,GGB201000413,2912,호매실역서희스타힐스.모아미래도아파트,126.940367,37.2741,0
GGB233000311,8000,33,GGB201000150,2023,칠보중.칠보고교.중촌초교,126.944783,37.273967,0
GGB233000311,8000,34,GGB201000149,2026,칠보마을8단지.수원KT소닉붐아레나.서수원칠보체육관,126.947,37.273767,0
GGB233000311,8000,35,GGB201000414,2913,금곡동행정복지센터.호매실지구대,126.952883,37.273817,0
GGB233000311,8000,36,GGB201000359,2864,홈플러스서수원점,126.955567,37.274733,0
GGB233000311,8000,37,GGB201000106,2281,구운동하이마트,126.9692,37.27525,0
GGB233000311,8000,38,GGB201000105,2075,서수원터미널.이마트,126.969433,37.28275,0
GGB233000311,8000,39,GGB200000163,1010,삼성아파트,126.970167,37.292483,0
GGB233000311,8000,40,GGB200000162,1013,성균관대학교,126.970983,37.29725,0
GGB233000311,8000,41,GGB200000104,1020,성균관대역.고용노동부경기지청.율전성당,126.9732,37.301733,0
GGB233000311,8000,42,GGB277104542,,이목사거리(미정차),126.982617,37.316283,0
GGB233000311,8000,43,GGB277104640,,효행공원(미정차),126.986633,37.32525,0
GGB233000311,8000,44,GGB277103323,,지지대고개(미정차),126.983667,37.33055,0
GGB233000311,8000,45,GGB277104642,,골사그내교차로(미정차),126.980767,37.3356,0
GGB233000311,8000,46,GGB277104543,,의왕IC(미정차),126.97905,37.340917,0
GGB233000311,8000,47,GGB226000048,27136,고천.의왕시청,126.974067,37.3485,0
GGB233000311,8000,48,GGB277104546,,고봉삼거리(미정차),126.962317,37.35155,0
GGB233000311,8000,49,GGB225000034,26145,한세대학교,126.951017,37.347317,0
GGB233000311,8000,50,GGB277104548,,군포초교사거리(미정차),126.943,37.347,0
GGB233000311,8000,51,GGB225000117,26128,군포1동행정복지센터.군포역,126.945533,37.352733,0
GGB233000311,8000,52,GGB277102716,,당정지하차도(미정차),126.948267,37.359083,0
GGB233000311,8000,53,GGB277102628,,금정고가차도(미정차),126.946,37.366083,0
GGB233000311,8000,54,GGB225000007,26167,금정역,126.942,37.372067,0
GGB233000311,8000,55,GGB225000089,26049,군포시청.군포시의회,126.932967,37.360517,0
GGB233000311,8000,56,GGB225000112,26136,군포1동행정복지센터.군포역,126.946417,37.354583,0
GGB233000311,8000,57,GGB277104549,,군포초교사거리(미정차),126.9427,37.347183,0
GGB233000311,8000,58,GGB225000039,26149,한세대학교,126.952517,37.34765,0
GGB233000311,8000,59,GGB277104547,,고봉삼거리(미정차),126.962367,37.351267,0
GGB233000311,8000,60,GGB226000042,27140,고천.의왕시청,126.973283,37.348883,0
GGB233000311,8000,61,GGB277104544,,의왕IC(미정차),126.978467,37.340917,0
GGB233000311,8000,62,GGB277104643,,골사그내교차로(미정차),126.980117,37.335583,0
GGB233000311,8000,63,GGB277103322,,지지대고개(미정차),126.983333,37.33045,0
GGB233000311,8000,64,GGB277104641,,효행공원(미정차),126.98625,37.32515,0
GGB233000311,8000,65,GGB277104545,,이목사거리(미정차),126.9824,37.316533,0
GGB233000311,8000,66,GGB200000251,1245,수원고용노동청,126.972817,37.3025,0
GGB233000311,8000,67,GGB200000160,1015,성균관대역,126.971317,37.298533,0
GGB233000311,8000,68,GGB200000159,1011,성균관대학교,126.970483,37.2971,0
GGB233000311,8000,69,GGB200000305,1279,삼성1차아파트,126.969817,37.293067,0
GGB233000311,8000,70,GGB201000229,2076,농수산물유통센터,126.968883,37.2829,0
GGB233000311,8000,71,GGB201000360,2863,홈플러스서수원점,126.95545,37.2749,0
GGB233000311,8000,72,GGB201000415,2914,금곡동행정복지센터.호매실지구대,126.952883,37.274033,0
GGB233000311,8000,73,GGB201000100,2025,가온마을4단지.수원KT소닉붐아레나.서수원칠보체육관,126.9473,37.273917,0
GGB233000311,8000,74,GGB201000099,2024,칠보고교.칠보중.중촌초교,126.9448,37.274133,0
GGB233000311,8000,75,GGB201000412,2911,모아미래도아파트.호매실역서희스타힐스,126.940933,37.2743,0
GGB233000311,8000,76,GGB201000180,2001,금곡LG2.3단지.모아미래도아파트,126.937983,37.27385,0
GGB233000311,8000,77,GGB201000179,2003,금곡LG1단지.와이씨티6단지,126.938333,37.270233,0
GGB233000311,8000,78,GGB201000358,2862,한양수자인파크원아파트.금호초등학교,126.952683,37.26595,0
GGB233000311,8000,79,GGB201000410,2909,수원시보훈회관.호매실마을13단지,126.9573,37.265117,0
GGB233000311,8000,80,GGB201000408,2907,호매실마을14단지.장애인종합복지관,126.957133,37.262717,0
GGB233000311,8000,81,GGB201000406,2905,능실마을16단지,126.955317,37.261767,0
GGB233000311,8000,82,GGB233000711,37324,삼미.쌍용아파트,126.9533,37.2432,1
GGB233000311,8000,83,GGB233000593,36148,수영오거리.방송통신대입구,126.962517,37.237517,1
GGB233000311,8000,84,GGB233000592,36152,국립축산과학원,126.965867,37.236117,0
GGB233000311,8000,85,GGB233000591,36159,화성시민캠퍼스,126.97035,37.229117,1
GGB233000311,8000,86,GGB233000590,36169,신일우남아파트,126.971617,37.2266,1
GGB233000311,8000,87,GGB233000589,36174,SK매직.우림그린빌리지,126.97205,37.224783,1
GGB233000311,8000,88,GGB233000588,36183,봉담이마트,126.9736,37.222533,1
GGB233000311,8000,89,GGB233000942,36187,와우농협앞,126.974433,37.218017,1
GGB233000311,8000,90,GGB233000944,36193,와우지구,126.976183,37.2159,1
GGB233000311,8000,91,GGB233003020,55743,수원대입구,126.977883,37.214383,1
GGB233000311,8000,92,GGB233002256,55247,임광1.2단지입구,126.97315,37.2138,1
GGB233000311,8000,93,GGB233002372,55251,봉담휴먼빌아파트,126.97,37.21415,1
GGB233000311,8000,94,GGB233002246,55245,임광그대가3단지,126.96925,37.21605,1
GGB233000311,8000,95,GGB233001624,37686,동화초중교,126.96215,37.2147,1
GGB233000311,8000,96,GGB233001758,37762,동화휴먼시아6단지,126.960583,37.214833,1
GGB233000311,8000,97,GGB233001659,37765,중심상가.화성고용센터,126.959117,37.2161,1
GGB233000311,8000,98,GGB233002085,55062,동화휴먼시아1단지.상봉초등학교,126.95645,37.2177,1
GGB233000311,8000,99,GGB233002087,37688,봉담택지지구,126.9535,37.2199,1
GGB233000311,8000,100,GGB233002218,55140,국민체육센터,126.952433,37.221183,1
GGB233000311,8000,101,GGB233000836,36123,봉담읍행정복지센터,126.949283,37.2204,1
GGB233000311,8000,102,GGB233000835,36119,삼봉마을.신안인스빌,126.94565,37.217967,1
GGB233000311,8000,103,GGB233001997,37967,장안대후문,126.945867,37.2164,1
GGB233000311,8000,104,GGB233001343,36221,봉담한신아파트후문,126.949067,37.2155,1
GGB233000311,8000,105,GGB233001998,37969,협성대학교정문,126.952133,37.215067,1
GGB233000320,340-2,1,GGB233001266,60088,제약공단공원,126.900817,37.089467,1
GGB233000320,340-2,2,GGB233002472,55481,향남주공18단지,126.89775,37.098867,1
GGB233000320,340-2,3,GGB233002473,55483,향남부영16단지,126.897767,37.103867,1
GGB233000320,340-2,4,GGB233001548,55479,상신하길로주택,126.902867,37.105967,1
GGB233000320,340-2,5,GGB233002474,55323,향남부영13단지,126.90815,37.109517,1
GGB233000320,340-2,6,GGB233002417,36697,하길중학교,126.908817,37.1134,1
GGB233000320,340-2,7,GGB233002414,55289,향남부영7.롯데씨네마,126.911067,37.1144,1
GGB233000320,340-2,8,GGB233002478,55319,향남모아8단지,126.91445,37.113417,1
GGB233000320,340-2,9,GGB233001108,37284,향남주공2단지,126.917617,37.116733,1
GGB233000320,340-2,10,GGB233000618,37281,방축리,126.918667,37.120033,1
GGB233000320,340-2,11,GGB233002106,55081,단독주택단지,126.920183,37.12425,1
GGB233000320,340-2,12,GGB233001855,37898,에일린의뜰.휴먼시아6단지,126.919883,37.126117,1
GGB233000320,340-2,13,GGB233001856,37899,신명스카이뷰.휴먼시아5단지,126.9159,37.126317,1
GGB233000320,340-2,14,GGB233001857,37900,신명스카이뷰.우미린,126.915117,37.1277,1
GGB233000320,340-2,15,GGB233001858,37901,우미린아파트.향일고,126.917633,37.129833,1
GGB233000320,340-2,16,GGB233001859,37902,향남지웰2차아파트,126.919583,37.129717,1
GGB233000320,340-2,17,GGB233001860,37903,화성소방서.향남홈플러스,126.9213,37.130533,1
GGB233000320,340-2,18,GGB233000633,37288,향남읍행정복지센터,126.919117,37.13175,1
GGB233000320,340-2,19,GGB233001026,37269,화성중앙병원.발안초등학교,126.9115,37.131183,1
GGB233000320,340-2,20,GGB233001565,37625,발안사거리.평리,126.910533,37.131717,1
GGB233000320,340-2,21,GGB233001558,37270,장짐교차로,126.91095,37.135967,1
GGB233000320,340-2,22,GGB233000924,37256,화성중고등학교,126.90605,37.137933,1
GGB233000320,340-2,23,GGB233002356,55238,장짐삼거리,126.901083,37.139633,1
GGB233000320,340-2,24,GGB233000925,37234,지월리입구,126.89805,37.145067,1
GGB233000320,340-2,25,GGB233000546,37240,수목원,126.8992,37.147983,1
GGB233000320,340-2,26,GGB233001557,37241,구장리새터말입구,126.8992,37.153517,1
GGB233000320,340-2,27,GGB233000545,36907,구장1리,126.899117,37.155567,1
GGB233000320,340-2,28,GGB233000521,37252,팔탄초등학교,126.90325,37.159483,1
GGB233000320,340-2,29,GGB233000516,37254,팔탄면행정복지센터,126.904183,37.162267,1
GGB233000320,340-2,30,GGB233002510,55387,마곡마을입구,126.900533,37.164167,1
GGB233000320,340-2,31,GGB233001030,37229,구장삼거리,126.896033,37.168017,1
GGB233000320,340-2,32,GGB233002052,55003,구장사거리앞,126.89335,37.16975,1
GGB233000320,340-2,33,GGB233002050,55019,창곡주유소앞,126.890783,37.174633,1
GGB233000320,340-2,34,GGB233001750,37766,창곡3리.독골,126.8896,37.178117,1
GGB233000320,340-2,35,GGB233002048,55005,우렁골입구,126.887317,37.181767,1
GGB233000320,340-2,36,GGB233001752,37772,창곡2리교회앞,126.884617,37.185583,1
GGB233000320,340-2,37,GGB233002229,55119,창곡1리,126.88415,37.186617,1
GGB233000320,340-2,38,GGB233000542,37209,금산사입구,126.88335,37.1899,1
GGB233000320,340-2,39,GGB233002045,55007,언창공단,126.8824,37.193367,1
GGB233000320,340-2,40,GGB233002168,55126,창곡1리입구,126.881283,37.196067,1
GGB233000320,340-2,41,GGB233000898,37575,청요사거리,126.880083,37.198267,1
GGB233000320,340-2,42,GGB277103612,,양노교차로(미정차),126.875717,37.223083,1
GGB233000320,340-2,43,GGB277101878,,숙곡교차로(미정차),126.898917,37.254583,1
GGB233000320,340-2,44,GGB233003012,55453,송라리,126.908883,37.281917,1
GGB233000320,340-2,45,GGB277102471,,양촌IC(미정차),126.914833,37.29825,0
GGB233000320,340-2,46,GGB225000124,26004,대야미삼거리,126.919133,37.325617,0
GGB233000320,340-2,47,GGB225000121,26073,군포국민체육센터,126.937767,37.339833,0
GGB233000320,340-2,48,GGB225000120,26079,용호고등학교,126.938883,37.34245,0
GGB233000320,340-2,49,GGB225000119,26084,당동주공아파트,126.94025,37.3442,0
GGB233000320,340-2,50,GGB225000118,26118,당동우체국,126.94465,37.35035,0
GGB233000320,340-2,51,GGB225000117,26128,군포1동행정복지센터.군포역,126.945533,37.352733,0
GGB233000320,340-2,52,GGB225000058,26137,군포중학교,126.947083,37.355867,0
GGB233000320,340-2,53,GGB225000057,26139,군포G샘병원,126.947817,37.357467,0
GGB233000320,340-2,54,GGB225000014,26141,당동지하차도.G샘병원,126.948383,37.360233,0
GGB233000320,340-2,55,GGB225000013,26135,금정IC,126.946317,37.365517,0
GGB233000320,340-2,56,GGB225000012,26126,금정가구거리,126.945183,37.367833,0
GGB233000320,340-2,57,GGB225000007,26167,금정역,126.942,37.372067,0
GGB233000320,340-2,58,GGB225000172,26212,금정역,126.943433,37.370717,0
GGB233000320,340-2,59,GGB225000015,26117,금정가구거리,126.944417,37.368617,0
GGB233000320,340-2,60,GGB225000114,26129,금정IC,126.945333,37.36655,0
GGB233000320,340-2,61,GGB225000113,26140,군포G샘병원,126.947883,37.35975,0
GGB233000320,340-2,62,GGB225000104,26138,군포중학교,126.947083,37.357,0
GGB233000320,340-2,63,GGB225000112,26136,군포1동행정복지센터.군포역,126.946417,37.354583,0
GGB233000320,340-2,64,GGB225000111,26119,당동우체국,126.944483,37.351233,0
GGB233000320,340-2,65,GGB225000110,26082,당동주공아파트,126.9397,37.344067,0
GGB233000320,340-2,66,GGB225000187,26168,용호고등학교,126.938317,37.342267,0
GGB233000320,340-2,67,GGB225000185,26074,군포국민체육센터,126.9374,37.3399,0
GGB233000320,340-2,68,GGB225000107,26003,대야미삼거리,126.919017,37.326117,0
GGB233000320,340-2,69,GGB277102545,,양촌IC(미정차),126.914683,37.298733,0
GGB233000320,340-2,70,GGB233003094,55421,송라리,126.9083,37.281867,1
GGB233000320,340-2,71,GGB277101700,,숙곡교차로(미정차),126.898733,37.254667,1
GGB233000320,340-2,72,GGB277103611,,양노교차로(미정차),126.8757,37.223533,1
GGB233000320,340-2,73,GGB233002167,55125,창곡1리입구,126.880917,37.196467,1
GGB233000320,340-2,74,GGB233002044,55018,언창공단,126.8823,37.193333,1
GGB233000320,340-2,75,GGB233000529,37208,금산사입구,126.88315,37.19,1
GGB233000320,340-2,76,GGB233002230,55120,창곡1리,126.883817,37.1874,1
GGB233000320,340-2,77,GGB233002046,55013,창곡2리교회앞,126.884967,37.184783,1
GGB233000320,340-2,78,GGB233002047,55006,자재이골입구,126.887233,37.1817,1
GGB233000320,340-2,79,GGB233001751,37761,창곡3리,126.889717,37.1774,1
GGB233000320,340-2,80,GGB233002049,55004,창곡주유소앞,126.890683,37.1746,1
GGB233000320,340-2,81,GGB233002051,55012,구장사거리앞,126.893017,37.169867,1
GGB233000320,340-2,82,GGB233001031,37228,구장삼거리,126.895917,37.167983,1
GGB233000320,340-2,83,GGB233002509,55386,마곡마을입구,126.900667,37.163917,1
GGB233000320,340-2,84,GGB233001029,37253,팔탄면행정복지센터,126.903967,37.162267,1
GGB233000320,340-2,85,GGB233000517,37251,팔탄초등학교,126.903183,37.159633,1
GGB233000320,340-2,86,GGB233000923,36803,구장1리(새터말.율암리),126.8989,37.155217,1
GGB233000320,340-2,87,GGB233002351,55256,구장리새터말입구,126.89905,37.153467,1
GGB233000320,340-2,88,GGB233000528,37242,수목원,126.899183,37.148467,1
GGB233000320,340-2,89,GGB233000527,37235,지월리입구,126.897367,37.143817,1
GGB233000320,340-2,90,GGB233002357,55239,장짐삼거리,126.901067,37.1395,1
GGB233000320,340-2,91,GGB233000526,37255,화성중고등학교,126.905933,37.137817,1
GGB233000320,340-2,92,GGB233001371,37273,장짐교차로,126.9113,37.135617,1
GGB233000320,340-2,93,GGB233001934,37940,KEB하나은행발안지점,126.910783,37.133367,1
GGB233000320,340-2,94,GGB233000632,37464,발안초등학교,126.912167,37.131033,1
GGB233000320,340-2,95,GGB233001023,37289,향남읍행정복지센터,126.91975,37.1315,1
GGB233000320,340-2,96,GGB233001955,37991,화성소방서.향남홈플러스,126.920917,37.13045,1
GGB233000320,340-2,97,GGB233002018,37992,향남지웰2차아파트,126.919483,37.1299,1
GGB233000320,340-2,98,GGB233002019,37995,우미린아파트.향일고,126.91785,37.13,1
GGB233000320,340-2,99,GGB233002020,37994,신명스카이뷰,126.9149,37.1281,1
GGB233000320,340-2,100,GGB233002021,37996,신명스카이뷰.휴먼시아5단지,126.915917,37.126133,1
GGB233000320,340-2,101,GGB233002022,37993,에일린의뜰.휴먼시아6단지,126.919383,37.12595,1
GGB233000320,340-2,102,GGB233002105,55085,단독주택단지,126.919867,37.124333,1
GGB233000320,340-2,103,GGB233001109,37280,방축리,126.918367,37.12,1
GGB233000320,340-2,104,GGB233000617,37283,향남주공2단지,126.917267,37.116983,1
GGB233000320,340-2,105,GGB233002415,55290,향남모아8단지,126.913683,37.113833,1
GGB233000320,340-2,106,GGB233002504,55381,롯데씨네마.향남부영7,126.910917,37.114617,1
GGB233000320,340-2,107,GGB233002274,55615,향남부영6단지,126.909333,37.11445,1
GGB233000320,340-2,108,GGB233002416,37274,하길중학교,126.907983,37.112583,1
GGB233000320,340-2,109,GGB233002469,55322,향남부영13단지,126.907883,37.109267,1
GGB233000320,340-2,110,GGB233001547,55478,상신하길로주택,126.9027,37.106167,1
GGB233000320,340-2,111,GGB233002470,55482,향남부영16단지,126.8975,37.104,1
GGB233000320,340-2,112,GGB233002471,55480,향남주공18단지,126.897117,37.09915,1
GGB233000320,340-2,113,GGB233001262,60087,제약공단공원,126.900617,37.089317,1
GGB233000321,6008,1,GGB233003122,55518,동탄2차고지,127.10165,37.1554,1
GGB233000321,6008,2,GGB277104372,,기점진입전(미정차),127.103267,37.157833,1
GGB233000321,6008,3,GGB233003132,55528,호수자이파밀리에.아이원,127.1052,37.160733,1
GGB233000321,6008,4,GGB233003127,55523,금호어울림.계룡리슈빌,127.10695,37.1639,1
GGB233000321,6008,5,GGB233003128,55524,동탄호수공원.센트럴시티,127.107017,37.166817,1
GGB233000321,6008,6,GGB233003093,55420,호수부영3차.우미린2차,127.107083,37.171667,1
GGB233000321,6008,7,GGB233000162,36493,나래학교.더샵레이크,127.105783,37.175917,1
GGB233000321,6008,8,GGB233000161,36487,반도3차.금강1차,127.102683,37.182417,1
GGB233000321,6008,9,GGB233000995,36477,의료시설부지,127.100233,37.1876,1
GGB233000321,6008,10,GGB233000999,36501,리베라CC.헤리엇,127.099083,37.190717,1
GGB233000321,6008,11,GGB233000978,36466,한화.린스트라우스,127.099083,37.195383,1
GGB233000321,6008,12,GGB233000979,36465,포스코더샵.롯데캐슬,127.0991,37.199933,1
GGB233000321,6008,13,GGB233000964,36469,우남퍼스트빌.예미지시그너스,127.0991,37.203367,1
GGB233000321,6008,14,GGB233000121,36463,상록.테크노밸리.GS자이,127.099067,37.208283,1
GGB233000321,6008,15,GGB233002443,55315,한미약품.푸르지오,127.091617,37.2095,1
GGB233000321,6008,16,GGB233002439,55311,예당고사거리,127.080667,37.2099,1
GGB233000321,6008,17,GGB233001683,37712,전하리교회.우미제일,127.079283,37.21315,1
GGB233000321,6008,18,GGB233002444,55316,한림대성심병원,127.0802,37.2155,1
GGB233000321,6008,19,GGB277101908,,기흥동탄TG(미정차),127.091567,37.21655,1
GGB233000321,6008,20,GGB277102660,,기흥휴게소(미정차),127.106617,37.23525,0
GGB233000321,6008,21,GGB277103363,,수원신갈IC(미정차),127.104,37.2657,0
GGB233000321,6008,22,GGB277103361,,신갈JC(미정차),127.103867,37.289667,0
GGB233000321,6008,23,GGB277103443,,죽전(미정차),127.103817,37.326633,0
GGB233000321,6008,24,GGB277102630,,금곡(미정차),127.10355,37.349767,0
GGB233000321,6008,25,GGB277103386,,서울TG(미정차),127.104333,37.364967,0
GGB233000321,6008,26,GGB277103151,,판교IC(미정차),127.100617,37.398633,0
GGB233000321,6008,27,GGB277103679,,금토JC(미정차),127.085317,37.415283,0
GGB233000321,6008,28,GGB277103441,,서울진입(미정차),127.066583,37.43385,0
GGB233000321,6008,29,GGB277104177,,청계산입구역(미정차),127.0542,37.448367,0
GGB233000321,6008,30,GGB277103388,,양재IC(미정차),127.04045,37.463283,0
GGB233000321,6008,31,GGB277103390,,서초IC(미정차),127.026333,37.483133,0
GGB233000321,6008,32,GGB121000034,90064,서울시인재개발원입구,127.02215,37.4831,0
GGB233000321,6008,33,GGB121000077,,남부터미널.기쁨병원,127.016883,37.481983,0
GGB233000321,6008,34,GGB121000069,,서초동예술의전당,127.012783,37.481767,0
GGB233000321,6008,35,GGB121000063,90150,서초아트자이아파트,127.01085,37.485833,0
GGB233000321,6008,36,GGB121000064,90006,서초동삼성아파트,127.0094,37.488683,0
GGB233000321,6008,37,GGB121000060,,서초역1번출구,127.008683,37.491967,0
GGB233000321,6008,38,GGB121000085,,교대역14번출구,127.01375,37.491883,0
GGB233000321,6008,39,GGB121000082,90243,서울교대사거리,127.014667,37.487433,0
GGB233000321,6008,40,GGB121000035,,서울시인재개발원.한우리문화센터,127.021633,37.48265,0
GGB233000321,6008,41,GGB277103952,,서초IC(미정차),127.02585,37.482067,0
GGB233000321,6008,42,GGB277103387,,양재IC(미정차),127.039433,37.46365,0
GGB233000321,6008,43,GGB277104178,,청계산입구역(미정차),127.053833,37.448183,0
GGB233000321,6008,44,GGB277103440,,성남진입(미정차),127.066183,37.43355,0
GGB233000321,6008,45,GGB277103678,,금토JC(미정차),127.08445,37.4155,0
GGB233000321,6008,46,GGB277103150,,판교IC(미정차),127.10005,37.398833,0
GGB233000321,6008,47,GGB277103385,,서울TG(미정차),127.1026,37.36535,0
GGB233000321,6008,48,GGB277102104,,금곡(미정차),127.103117,37.350367,0
GGB233000321,6008,49,GGB277103442,,죽전(미정차),127.10315,37.3266,0
GGB233000321,6008,50,GGB277103360,,신갈JC(미정차),127.10345,37.290433,0
GGB233000321,6008,51,GGB277103362,,수원신갈IC(미정차),127.103533,37.266817,0
GGB233000321,6008,52,GGB277102621,,기흥휴게소(미정차),127.106183,37.235117,0
GGB233000321,6008,53,GGB277101884,,기흥동탄TG(미정차),127.0917,37.216983,1
GGB233000321,6008,54,GGB233001817,37879,이마트.한림대병원,127.079133,37.215317,1
GGB233000321,6008,55,GGB233003186,37760,우미제일.전하리교회,127.079383,37.212133,1
GGB233000321,6008,56,GGB233002440,55312,예당고사거리,127.081817,37.209183,1
GGB233000321,6008,57,GGB233002442,55314,푸르지오.한미약품,127.091833,37.209183,1
GGB233000321,6008,58,GGB233002436,36842,상록.테크노밸리.GS자이,127.098517,37.206517,1
GGB233000321,6008,59,GGB233000130,36447,예미지시그너스.우남퍼스트빌,127.0985,37.20315,1
GGB233000321,6008,60,GGB233000137,36436,롯데캐슬.포스코더샵,127.098467,37.1997,1
GGB233000321,6008,61,GGB233001637,37658,린스트라우스.한화,127.098517,37.19625,1
GGB233000321,6008,62,GGB233000998,36502,헤리엇.리베라CC,127.098467,37.190733,1
GGB233000321,6008,63,GGB233000994,36480,공공청사부지,127.099833,37.187033,1
GGB233000321,6008,64,GGB233000996,36488,반도3차.금강1차,127.103133,37.1802,1
GGB233000321,6008,65,GGB233000997,36494,레이크빌.하우스디더레이크,127.105083,37.176083,1
GGB233000321,6008,66,GGB233003092,55419,우미린2차.호수부영3차,127.106417,37.17135,1
GGB233000321,6008,67,GGB233003136,55532,동탄호수공원,127.106433,37.167167,1
GGB233000321,6008,68,GGB233003137,55533,계룡리슈빌.금호어울림,127.10645,37.16465,1
GGB233000321,6008,69,GGB233003126,55522,아이원.호수자이파밀리에,127.104783,37.161017,1
GGB233000321,6008,70,GGB233003123,55519,동탄2차고지,127.101267,37.155517,1
GGB233000322,G6009,1,GGB233003132,55528,호수자이파밀리에.아이원,127.1052,37.160733,1
GGB233000322,G6009,2,GGB233001754,55505,아이파크.센트럴시티,127.109317,37.165517,1
GGB233000322,G6009,3,GGB233001696,37696,레이크파크뷰,127.119,37.169917,1
GGB233000322,G6009,4,GGB233000374,55465,창의고,127.122533,37.18185,1
GGB233000322,G6009,5,GGB233001614,55489,한신더휴,127.12385,37.18645,1
GGB233000322,G6009,6,GGB233002421,55340,예솔초.호반2차.대원2차,127.118767,37.196233,1
GGB233000322,G6009,7,GGB233000129,36460,신안2차.반도4차,127.11605,37.199983,1
GGB233000322,G6009,8,GGB277104808,,치동천5교교차로(미정차),127.11355,37.203417,1
GGB233000322,G6009,9,GGB233002429,55305,이주택지.상록.경남아파트,127.110867,37.2071,1
GGB233000322,G6009,10,GGB233000694,55852,동탄테크노벨리(중),127.09885,37.210933,1
GGB233000322,G6009,11,GGB233000698,55853,현대트랜시스(중),127.103667,37.2163,1
GGB233000322,G6009,12,GGB277102516,,기흥IC진입(미정차),127.10135,37.221733,0
GGB233000322,G6009,13,GGB277102660,,기흥휴게소(미정차),127.106617,37.23525,0
GGB233000322,G6009,14,GGB277103363,,수원신갈IC(미정차),127.104,37.2657,0
GGB233000322,G6009,15,GGB277103361,,신갈JC(미정차),127.103867,37.289667,0
GGB233000322,G6009,16,GGB277103443,,죽전(미정차),127.103817,37.326633,0
GGB233000322,G6009,17,GGB277102630,,금곡(미정차),127.10355,37.349767,0
GGB233000322,G6009,18,GGB277103386,,서울TG(미정차),127.104333,37.364967,0
GGB233000322,G6009,19,GGB277103151,,판교IC(미정차),127.100617,37.398633,0
GGB233000322,G6009,20,GGB277103273,,성남TG(미정차),127.12385,37.435083,0
GGB233000322,G6009,21,GGB204000091,5077,가천대,127.1262,37.45065,0
GGB233000322,G6009,22,GGB277103267,,송파IC출입(미정차),127.128583,37.473883,0
GGB233000322,G6009,23,GGB123000015,,장지역.가든파이브(중),127.126183,37.478883,0
GGB233000322,G6009,24,GGB123000013,,문정법조단지.건영아파트(중),127.124567,37.48195,0
GGB233000322,G6009,25,GGB123000009,,가락시장.가락시장역(중),127.117133,37.494417,0
GGB233000322,G6009,26,GGB123000007,,송파역(중),127.1118,37.50025,0
GGB233000322,G6009,27,GGB123000003,,석촌호수.한솔병원(중),127.105783,37.50685,0
GGB233000322,G6009,28,GGB277102839,,석촌역교차로(미정차),127.103767,37.509317,0
GGB233000322,G6009,29,GGB123000611,,잠실광역환승센터,127.100667,37.51235,0
GGB233000322,G6009,30,GGB277102843,,잠실역환승센터출구(미정차),127.102983,37.509467,0
GGB233000322,G6009,31,GGB123000004,,석촌호수.한솔병원(중),127.105283,37.507183,0
GGB233000322,G6009,32,GGB123000008,,송파역(중),127.1112,37.500667,0
GGB233000322,G6009,33,GGB123000010,,가락시장.가락시장역(중),127.11655,37.494833,0
GGB233000322,G6009,34,GGB123000014,,문정법조단지.건영아파트(중),127.1238,37.48315,0
GGB233000322,G6009,35,GGB123000016,,장지역.가든파이브(중),127.1254,37.479983,0
GGB233000322,G6009,36,GGB277103266,,송파IC진입(미정차),127.125867,37.472983,0
GGB233000322,G6009,37,GGB204000092,5088,가천대,127.12575,37.450967,0
GGB233000322,G6009,38,GGB277103272,,성남TG(미정차),127.122183,37.436533,0
GGB233000322,G6009,39,GGB277102429,,판교IC(미정차),127.099267,37.398517,0
GGB233000322,G6009,40,GGB277103385,,서울TG(미정차),127.1026,37.36535,0
GGB233000322,G6009,41,GGB277102104,,금곡(미정차),127.103117,37.350367,0
GGB233000322,G6009,42,GGB277103442,,죽전(미정차),127.10315,37.3266,0
GGB233000322,G6009,43,GGB277103360,,신갈JC(미정차),127.10345,37.290433,0
GGB233000322,G6009,44,GGB277103362,,수원신갈IC(미정차),127.103533,37.266817,0
GGB233000322,G6009,45,GGB277102621,,기흥휴게소(미정차),127.106183,37.235117,0
GGB233000322,G6009,46,GGB233000709,55854,현대트랜시스(중),127.103817,37.217283,1
GGB233000322,G6009,47,GGB233000710,55855,동탄테크노벨리(중),127.098917,37.21195,1
GGB233000322,G6009,48,GGB233001492,37550,상록.경남아파트.이주택지,127.110533,37.206867,1
GGB233000322,G6009,49,GGB233001168,36458,센트럴푸르지오.호반베르디움2차,127.116817,37.198133,1
GGB233000322,G6009,50,GGB233000965,36468,청목초.신안1차,127.1194,37.194583,1
GGB233000322,G6009,51,GGB233001620,55490,힐스테이트.호반5차,127.122933,37.184867,1
GGB233000322,G6009,52,GGB233000209,55464,창의고,127.122017,37.18175,1
GGB233000322,G6009,53,GGB233001695,37724,레이크파크뷰,127.118533,37.170033,1
GGB233000322,G6009,54,GGB233001753,55504,센트럴시티.아이파크,127.109117,37.165883,1
GGB233000322,G6009,55,GGB233003126,55522,아이원.호수자이파밀리에,127.104783,37.161017,1
GGB233000325,7200,1,GGB277100615,,동탄2차고지(미정차),127.103217,37.155633,1
GGB233000325,7200,2,GGB233003132,55528,호수자이파밀리에.아이원,127.1052,37.160733,1
GGB233000325,7200,3,GGB233003127,55523,금호어울림.계룡리슈빌,127.10695,37.1639,1
GGB233000325,7200,4,GGB233003128,55524,동탄호수공원.센트럴시티,127.107017,37.166817,1
GGB233000325,7200,5,GGB233003093,55420,호수부영3차.우미린2차,127.107083,37.171667,1
GGB233000325,7200,6,GGB233000162,36493,나래학교.더샵레이크,127.105783,37.175917,1
GGB233000325,7200,7,GGB233000161,36487,반도3차.금강1차,127.102683,37.182417,1
GGB233000325,7200,8,GGB233000995,36477,의료시설부지,127.100233,37.1876,1
GGB233000325,7200,9,GGB233000999,36501,리베라CC.헤리엇,127.099083,37.190717,1
GGB233000325,7200,10,GGB233000978,36466,한화.린스트라우스,127.099083,37.195383,1
GGB233000325,7200,11,GGB233000979,36465,포스코더샵.롯데캐슬,127.0991,37.199933,1
GGB233000325,7200,12,GGB233000964,36469,우남퍼스트빌.예미지시그너스,127.0991,37.203367,1
GGB233000325,7200,13,GGB233000121,36463,상록.테크노밸리.GS자이,127.099067,37.208283,1
GGB233000325,7200,14,GGB233002443,55315,한미약품.푸르지오,127.091617,37.2095,1
GGB233000325,7200,15,GGB233001719,37846,대우푸르지오.예당고등학교,127.0793,37.20895,1
GGB233000325,7200,16,GGB233001720,37847,동탄보건지소.우체국,127.07605,37.2071,1
GGB233000325,7200,17,GGB233001680,37743,예당마을,127.074617,37.20755,1
GGB233000325,7200,18,GGB233001972,55364,잎새지하차도,127.0716,37.209433,1
GGB233000325,7200,19,GGB233001438,36721,개나리공원,127.06755,37.2117,1
GGB233000325,7200,20,GGB233001439,36960,이주단지,127.065317,37.2119,1
GGB233000325,7200,21,GGB233001715,37744,능동주공단지,127.0625,37.213467,1
GGB233000325,7200,22,GGB233001717,37787,능동마을입구,127.057933,37.217567,1
GGB233000325,7200,23,GGB203000023,4046,삼성전자중앙문,127.048667,37.259383,0
GGB233000325,7200,24,GGB203000116,4071,금성아파트.한국2차아파트,127.05625,37.26735,0
GGB233000325,7200,25,GGB203000071,4087,광교호수공원입구.원천교사거리,127.0596,37.270933,0
GGB233000325,7200,26,GGB203000069,4056,KT동수원지사,127.0511,37.273583,0
GGB233000325,7200,27,GGB203000294,4286,소화초등학교,127.051983,37.277967,0
GGB233000325,7200,28,GGB203000399,4396,광교중앙.경기도청.아주대역환승센터,127.051883,37.288483,0
GGB233000325,7200,29,GGB203000042,4186,푸르지오월드마크.차세대융합기술연구원,127.047417,37.292383,0
GGB233000325,7200,30,GGB203000320,4022,광교해모로아파트,127.051833,37.305917,0
GGB233000325,7200,31,GGB228002018,47930,서수지IC입구,127.05855,37.3232,0
GGB233000325,7200,32,GGB277103645,,서분당IC(미정차),127.063067,37.361033,0
GGB233000325,7200,33,GGB277103724,,서판교IC(미정차),127.070417,37.388,0
GGB233000325,7200,34,GGB277104451,,청계육교(미정차),127.030717,37.393183,0
GGB233000325,7200,35,GGB277101960,,청계동(미정차),127.0177,37.394033,0
GGB233000325,7200,36,GGB226000120,27125,한직골.농협,126.998483,37.388933,0
GGB233000325,7200,37,GGB226000185,27152,청계동주민센터,126.995267,37.389533,0
GGB233000325,7200,38,GGB226000119,27123,양지편.청계성당,126.99175,37.39065,0
GGB233000325,7200,39,GGB226000118,27121,서울구치소,126.9889,37.3919,0
GGB233000325,7200,40,GGB226000057,27117,인덕원푸르지오엘센트로.의왕고용복지플러스센터,126.98515,37.3953,0
GGB233000325,7200,41,GGB209000186,10187,포일어울림센터.인덕원삼호아파트,126.982317,37.397483,0
GGB233000325,7200,42,GGB209000153,10186,인덕원삼성아파트.인덕원고등학교,126.980433,37.39875,0
GGB233000325,7200,43,GGB209000152,10181,인덕원역1번출구,126.978067,37.401133,0
GGB233000325,7200,44,GGB209000151,10180,인덕원역2번출구,126.97795,37.400667,0
GGB233000325,7200,45,GGB209000150,10184,인덕원삼성아파트.인덕원고등학교,126.979467,37.399067,0
GGB233000325,7200,46,GGB209000185,10188,포일어울림센터.인덕원삼호아파트,126.98185,37.397417,0
GGB233000325,7200,47,GGB226000056,27116,인덕원푸르지오엘센트로.의왕고용복지플러스센터,126.984967,37.395,0
GGB233000325,7200,48,GGB226000117,27120,서울구치소,126.98825,37.391867,0
GGB233000325,7200,49,GGB226000116,27122,양지편.청계성당,126.9913,37.390483,0
GGB233000325,7200,50,GGB226000186,27180,청계동주민센터,126.995517,37.3892,0
GGB233000325,7200,51,GGB277104450,,청계육교(미정차),127.030417,37.392917,0
GGB233000325,7200,52,GGB277103723,,서판교IC(미정차),127.069567,37.388133,0
GGB233000325,7200,53,GGB277103644,,서분당IC(미정차),127.062633,37.361433,0
GGB233000325,7200,54,GGB228002017,47931,서수지IC입구,127.05785,37.323317,0
GGB233000325,7200,55,GGB203000319,4291,광교해모로아파트,127.051583,37.305883,0
GGB233000325,7200,56,GGB203000041,4185,차세대융합기술연구원.푸르지오월드마크,127.04785,37.2934,0
GGB233000325,7200,57,GGB203000400,4397,광교중앙.경기도청.아주대역환승센터,127.051633,37.288317,0
GGB233000325,7200,58,GGB203000295,4284,소화초등학교,127.051617,37.27825,0
GGB233000325,7200,59,GGB203000177,4058,KT동수원지사,127.0514,37.2732,0
GGB233000325,7200,60,GGB203000175,4086,광교호수공원입구.원천교사거리,127.060183,37.27035,0
GGB233000325,7200,61,GGB203000083,4073,금성아파트.한국1차아파트,127.056717,37.268033,0
GGB233000325,7200,62,GGB203000028,4045,삼성전자중앙문,127.048083,37.259233,0
GGB233000325,7200,63,GGB233001718,37920,능동마을입구,127.058133,37.21685,1
GGB233000325,7200,64,GGB233001716,37691,능동주공단지,127.0624,37.213017,1
GGB233000325,7200,65,GGB233001436,36961,이주단지,127.064117,37.211767,1
GGB233000325,7200,66,GGB233001437,37533,개나리공원,127.067717,37.21135,1
GGB233000325,7200,67,GGB233001973,55088,잎새지하차도,127.0713,37.209067,1
GGB233000325,7200,68,GGB233001735,37853,동탄보건지소.우체국,127.076567,37.2071,1
GGB233000325,7200,69,GGB233001736,37854,대우푸르지오.예당고등학교,127.07895,37.2085,1
GGB233000325,7200,70,GGB233002440,55312,예당고사거리,127.081817,37.209183,1
GGB233000325,7200,71,GGB233002442,55314,푸르지오.한미약품,127.091833,37.209183,1
GGB233000325,7200,72,GGB233002436,36842,상록.테크노밸리.GS자이,127.098517,37.206517,1
GGB233000325,7200,73,GGB233000130,36447,예미지시그너스.우남퍼스트빌,127.0985,37.20315,1
GGB233000325,7200,74,GGB233000137,36436,롯데캐슬.포스코더샵,127.098467,37.1997,1
GGB233000325,7200,75,GGB233001637,37658,린스트라우스.한화,127.098517,37.19625,1
GGB233000325,7200,76,GGB233000998,36502,헤리엇.리베라CC,127.098467,37.190733,1
GGB233000325,7200,77,GGB233000994,36480,공공청사부지,127.099833,37.187033,1
GGB233000325,7200,78,GGB233000996,36488,반도3차.금강1차,127.103133,37.1802,1
GGB233000325,7200,79,GGB233000997,36494,레이크빌.하우스디더레이크,127.105083,37.176083,1
GGB233000325,7200,80,GGB233003092,55419,우미린2차.호수부영3차,127.106417,37.17135,1
GGB233000325,7200,81,GGB233003136,55532,동탄호수공원,127.106433,37.167167,1
GGB233000325,7200,82,GGB233003137,55533,계룡리슈빌.금호어울림,127.10645,37.16465,1
GGB233000325,7200,83,GGB233003126,55522,아이원.호수자이파밀리에,127.104783,37.161017,1
GGB233000326,1006,1,GGB233000576,36204,수원대학교,126.97915,37.214167,1
GGB233000326,1006,2,GGB233003020,55743,수원대입구,126.977883,37.214383,1
GGB233000326,1006,3,GGB233002256,55247,임광1.2단지입구,126.97315,37.2138,1
GGB233000326,1006,4,GGB233002372,55251,봉담휴먼빌아파트,126.97,37.21415,1
GGB233000326,1006,5,GGB233002246,55245,임광그대가3단지,126.96925,37.21605,1
GGB233000326,1006,6,GGB233001624,37686,동화초중교,126.96215,37.2147,1
GGB233000326,1006,7,GGB233001758,37762,동화휴먼시아6단지,126.960583,37.214833,1
GGB233000326,1006,8,GGB233001659,37765,중심상가.화성고용센터,126.959117,37.2161,1
GGB233000326,1006,9,GGB233002085,55062,동화휴먼시아1단지.상봉초등학교,126.95645,37.2177,1
GGB233000326,1006,10,GGB233002087,37688,봉담택지지구,126.9535,37.2199,1
GGB233000326,1006,11,GGB233002218,55140,국민체육센터,126.952433,37.221183,1
GGB233000326,1006,12,GGB233000836,36123,봉담읍행정복지센터,126.949283,37.2204,1
GGB233000326,1006,13,GGB233001342,55706,중흥S클래스더퍼스트,126.946033,37.21965,1
GGB233000326,1006,14,GGB233002548,55670,봉담2.LH2단지,126.9449,37.22195,1
GGB233000326,1006,15,GGB233001709,55673,봉담초,126.94525,37.223717,1
GGB233000326,1006,16,GGB233002561,55669,봉담2LH3단지.중흥더센트럴,126.950833,37.225067,1
GGB233000326,1006,17,GGB233002448,55336,그랑드비체.힐스테이트,126.948767,37.228783,1
GGB233000326,1006,18,GGB233002508,55385,화담고등학교,126.94205,37.22845,1
GGB233000326,1006,19,GGB233000096,37385,천천IC교차로,126.94955,37.2425,1
GGB233000326,1006,20,GGB277103520,,호매실IC(미정차),126.9485,37.261917,0
GGB233000326,1006,21,GGB277103528,,서수원IC(미정차),126.952283,37.292917,0
GGB233000326,1006,22,GGB277103317,,월암IC(미정차),126.96215,37.302683,0
GGB233000326,1006,23,GGB277103315,,의왕신부곡IC(미정차),126.9683,37.33245,0
GGB233000326,1006,24,GGB226000039,27113,의왕톨게이트,126.985,37.3471,0
GGB233000326,1006,25,GGB277103221,,의왕터널진입(미정차),126.998417,37.358917,0
GGB233000326,1006,26,GGB277103159,,학의JC(미정차),127.001583,37.38705,0
GGB233000326,1006,27,GGB277103200,,과천터널진입(미정차),127.00175,37.40185,0
GGB233000326,1006,28,GGB277103203,,과천IC(미정차),126.99665,37.421683,0
GGB233000326,1006,29,GGB277103205,,대공원고가교(미정차),127.000667,37.438183,0
GGB233000326,1006,30,GGB121000210,,송동마을.서초힐스아파트,127.017817,37.458583,0
GGB233000326,1006,31,GGB277102784,,우면산터널TG(미정차),127.018983,37.463267,0
GGB233000326,1006,32,GGB277102785,,예술의전당앞(미정차),127.012967,37.481267,0
GGB233000326,1006,33,GGB121000520,,서초아트자이아파트,127.011133,37.4852,0
GGB233000326,1006,34,GGB121000060,,서초역1번출구,127.008683,37.491967,0
GGB233000326,1006,35,GGB121000929,90235,교대역,127.01565,37.494083,0
GGB233000326,1006,36,GGB277104257,,서초아르누보호텔(미정차),127.0211,37.49585,0
GGB233000326,1006,37,GGB121000921,,강남역나라빌딩앞,127.028283,37.495867,0
GGB233000326,1006,38,GGB277101696,,삼성화재서초타워(미정차),127.02895,37.494533,0
GGB233000326,1006,39,GGB121000920,,래미안아파트.파이낸셜뉴스,127.029967,37.4924,0
GGB233000326,1006,40,GGB121000056,,서초문화예술정보학교,127.032017,37.488067,0
GGB233000326,1006,41,GGB121000971,90256,양재역커피빈앞,127.035333,37.482883,0
GGB233000326,1006,42,GGB277104385,,교육개발원입구교차로(미정차),127.0384,37.47775,0
GGB233000326,1006,43,GGB121000220,,매헌시민의숲.양재꽃시장,127.038383,37.4708,0
GGB233000326,1006,44,GGB277103049,,양재IC(미정차),127.03995,37.4638,0
GGB233000326,1006,45,GGB121000223,90068,양곡도매시장,127.03515,37.460517,0
GGB233000326,1006,46,GGB121000209,,송동마을.서초힐스아파트,127.0179,37.459067,0
GGB233000326,1006,47,GGB277103204,,대공원고가교(미정차),127.00005,37.438283,0
GGB233000326,1006,48,GGB277103202,,과천IC(미정차),126.99615,37.422133,0
GGB233000326,1006,49,GGB277103201,,과천터널진입(미정차),126.994883,37.408017,0
GGB233000326,1006,50,GGB277103158,,학의JC(미정차),127.001517,37.387667,0
GGB233000326,1006,51,GGB277103220,,의왕터널진입(미정차),126.999233,37.365667,0
GGB233000326,1006,52,GGB226000038,27112,의왕톨게이트,126.9845,37.348517,0
GGB233000326,1006,53,GGB277103314,,의왕신부곡IC(미정차),126.968217,37.332683,0
GGB233000326,1006,54,GGB277104645,,삼리교(미정차),126.9657,37.321083,0
GGB233000326,1006,55,GGB277103316,,월암IC(미정차),126.961967,37.302833,0
GGB233000326,1006,56,GGB277103527,,서수원IC(미정차),126.952367,37.293533,0
GGB233000326,1006,57,GGB277103519,,호매실IC(미정차),126.9482,37.262267,0
GGB233000326,1006,58,GGB233000095,37384,천천IC교차로,126.9494,37.2427,1
GGB233000326,1006,59,GGB233002058,55028,이편한세상신봉담,126.941433,37.2295,1
GGB233000326,1006,60,GGB233002453,55335,힐스테이트.그랑드비체,126.94895,37.228567,1
GGB233000326,1006,61,GGB233002657,55668,중흥더센트럴.봉담2LH3단지,126.950567,37.225167,1
GGB233000326,1006,62,GGB233000631,55672,봉담초,126.945317,37.22395,1
GGB233000326,1006,63,GGB233002973,55671,봉담2.LH2단지,126.944717,37.221833,1
GGB233000326,1006,64,GGB233001341,55705,중흥S클래스더퍼스트,126.945983,37.219433,1
GGB233000326,1006,65,GGB233000786,36122,봉담읍행정복지센터,126.94965,37.220333,1
GGB233000326,1006,66,GGB233002217,55139,국민체육센터,126.952217,37.221067,1
GGB233000326,1006,67,GGB233001661,37883,봉담중.고등학교,126.953867,37.219333,1
GGB233000326,1006,68,GGB233002086,55054,동일하이빌.상봉초등학교,126.956083,37.217667,1
GGB233000326,1006,69,GGB233001658,37881,동일하이빌.화성고용센터,126.958317,37.216333,1
GGB233000326,1006,70,GGB233001613,37678,동화중학교.동화초등학교,126.96165,37.214383,1
GGB233000326,1006,71,GGB233002041,55040,동화휴먼시아5단지,126.963433,37.214817,1
GGB233000326,1006,72,GGB233002245,55244,효행초등학교정문,126.96905,37.21595,1
GGB233000326,1006,73,GGB233002371,55250,아이파크정문,126.970533,37.213817,1
GGB233000326,1006,74,GGB233002255,55246,신명아파트,126.9724,37.2136,1
GGB233000326,1006,75,GGB233003021,55744,수원대입구,126.977983,37.214283,1
GGB233000326,1006,76,GGB233000575,36210,수원대학교,126.979767,37.213833,1
GGB233000327,G6010,1,GGB223000540,24467,오산역환승센터2층(2승강장),127.066667,37.14625,0
GGB233000327,G6010,2,GGB277104533,,중앙파출소(미정차),127.068333,37.14645,0
GGB233000327,G6010,3,GGB223000005,24153,운암주공5단지,127.075183,37.146233,0
GGB233000327,G6010,4,GGB277104701,,시청앞교차로(미정차),127.07845,37.14845,0
GGB233000327,G6010,5,GGB223000095,24228,오산시티자이1.2단지,127.091067,37.15005,0
GGB233000327,G6010,6,GGB277104702,,경기동로진입(미정차),127.092533,37.158567,0
GGB233000327,G6010,7,GGB233003132,55528,호수자이파밀리에.아이원,127.1052,37.160733,1
GGB233000327,G6010,8,GGB233003128,55524,동탄호수공원.센트럴시티,127.107017,37.166817,1
GGB233000327,G6010,9,GGB233003093,55420,호수부영3차.우미린2차,127.107083,37.171667,1
GGB233000327,G6010,10,GGB233000995,36477,의료시설부지,127.100233,37.1876,1
GGB233000327,G6010,11,GGB233000978,36466,한화.린스트라우스,127.099083,37.195383,1
GGB233000327,G6010,12,GGB233003085,55399,동탄역(동측),127.096283,37.19985,1
GGB233000327,G6010,13,GGB233000164,36811,반도1차.경남,127.110767,37.203167,1
GGB233000327,G6010,14,GGB277104373,,중리IC(미정차),127.12695,37.208717,1
GGB233000327,G6010,15,GGB277104332,,고매1교(미정차),127.118383,37.219383,1
GGB233000327,G6010,16,GGB277102695,,고매2교(미정차),127.117633,37.2309,0
GGB233000327,G6010,17,GGB277102100,,공세1교(미정차),127.107617,37.238117,0
GGB233000327,G6010,18,GGB228001106,29169,삼성아파트.현대모닝싸이드아파트,127.1053,37.252167,0
GGB233000327,G6010,19,GGB228001105,29158,통미마을.보라1동,127.10455,37.257567,0
GGB233000327,G6010,20,GGB228002101,47986,상갈역,127.108083,37.26165,0
GGB233000327,G6010,21,GGB228001122,29155,통미마을.보라1동,127.104217,37.257933,0
GGB233000327,G6010,22,GGB228001121,29163,삼성아파트.현대모닝싸이드아파트,127.10475,37.251917,0
GGB233000327,G6010,23,GGB277104707,,공세1교(미정차),127.10735,37.238,0
GGB233000327,G6010,24,GGB277104708,,고매2교(미정차),127.117033,37.230933,0
GGB233000327,G6010,25,GGB277104709,,고매1교(미정차),127.117933,37.219383,1
GGB233000327,G6010,26,GGB277104710,,중리IC(미정차),127.124867,37.208583,1
GGB233000327,G6010,27,GGB233000960,36452,경남.반도1차,127.110817,37.203517,1
GGB233000327,G6010,28,GGB233003084,55398,동탄역(서측),127.096083,37.199583,1
GGB233000327,G6010,29,GGB233001637,37658,린스트라우스.한화,127.098517,37.19625,1
GGB233000327,G6010,30,GGB233000994,36480,공공청사부지,127.099833,37.187033,1
GGB233000327,G6010,31,GGB233003092,55419,우미린2차.호수부영3차,127.106417,37.17135,1
GGB233000327,G6010,32,GGB233003136,55532,동탄호수공원,127.106433,37.167167,1
GGB233000327,G6010,33,GGB233003126,55522,아이원.호수자이파밀리에,127.104783,37.161017,1
GGB233000327,G6010,34,GGB223000336,24310,오산시티자이1.2단지,127.090767,37.1501,0
GGB233000327,G6010,35,GGB223000093,24155,운암주공5단지.운암중학교,127.075183,37.146417,0
GGB233000327,G6010,36,GGB223000540,24467,오산역환승센터2층(2승강장),127.066667,37.14625,0
GGB233000328,G1003,1,GGB233002226,55109,현대기아연구소,126.844317,37.162017,1
GGB233000328,G1003,2,GGB277102459,,현대기아연구소(미정차),126.844683,37.163967,1
GGB233000328,G1003,3,GGB233000191,36037,대광아파트,126.834067,37.19425,1
GGB233000328,G1003,4,GGB233000189,36028,화성시청.모두누림센터,126.82845,37.198367,1
GGB233000328,G1003,5,GGB233000188,36804,남양뉴타운.양우내안애,126.824367,37.202283,1
GGB233000328,G1003,6,GGB233003108,55435,남양동광뷰엘,126.829983,37.208483,1
GGB233000328,G1003,7,GGB233001975,36742,남양뉴타운4단지,126.832967,37.210117,1
GGB233000328,G1003,8,GGB233000886,55677,시티프라디움4차.현장민원실,126.8326,37.213733,1
GGB233000328,G1003,9,GGB233000726,36043,북양1리.염티고개,126.840217,37.222117,1
GGB233000328,G1003,10,GGB233000725,37153,양노3리,126.85795,37.226633,1
GGB233000328,G1003,11,GGB277104306,,양노IC(미정차),126.8612,37.232617,1
GGB233000328,G1003,12,GGB277104308,,백학IC(미정차),126.87945,37.231483,1
GGB233000328,G1003,13,GGB277104310,,화성비봉(미정차),126.904433,37.232583,1
GGB233000328,G1003,14,GGB277104312,,샘내IC(미정차),126.936567,37.243283,1
GGB233000328,G1003,15,GGB277103520,,호매실IC(미정차),126.9485,37.261917,0
GGB233000328,G1003,16,GGB277103528,,서수원IC(미정차),126.952283,37.292917,0
GGB233000328,G1003,17,GGB277103317,,월암IC(미정차),126.96215,37.302683,0
GGB233000328,G1003,18,GGB277103315,,의왕신부곡IC(미정차),126.9683,37.33245,0
GGB233000328,G1003,19,GGB226000039,27113,의왕톨게이트,126.985,37.3471,0
GGB233000328,G1003,20,GGB277103221,,의왕터널진입(미정차),126.998417,37.358917,0
GGB233000328,G1003,21,GGB277103159,,학의JC(미정차),127.001583,37.38705,0
GGB233000328,G1003,22,GGB277103200,,과천터널진입(미정차),127.00175,37.40185,0
GGB233000328,G1003,23,GGB277103203,,과천IC(미정차),126.99665,37.421683,0
GGB233000328,G1003,24,GGB277103312,,경마IC(미정차),127.005617,37.447817,0
GGB233000328,G1003,25,GGB277102784,,우면산터널TG(미정차),127.018983,37.463267,0
GGB233000328,G1003,26,GGB277102785,,예술의전당앞(미정차),127.012967,37.481267,0
GGB233000328,G1003,27,GGB121000520,,서초아트자이아파트,127.011133,37.4852,0
GGB233000328,G1003,28,GGB121000060,,서초역1번출구,127.008683,37.491967,0
GGB233000328,G1003,29,GGB121000085,,교대역14번출구,127.01375,37.491883,0
GGB233000328,G1003,30,GGB121000082,90243,서울교대사거리,127.014667,37.487433,0
GGB233000328,G1003,31,GGB277104592,,서초IC양재역방면(미정차),127.02655,37.483333,0
GGB233000328,G1003,32,GGB121000971,90256,양재역커피빈앞,127.035333,37.482883,0
GGB233000328,G1003,33,GGB277104385,,교육개발원입구교차로(미정차),127.0384,37.47775,0
GGB233000328,G1003,34,GGB121000220,,매헌시민의숲.양재꽃시장,127.038383,37.4708,0
GGB233000328,G1003,35,GGB277103049,,양재IC(미정차),127.03995,37.4638,0
GGB233000328,G1003,36,GGB277103102,,선암IC(미정차),127.0203,37.460383,0
GGB233000328,G1003,37,GGB277103311,,경마IC(미정차),127.00545,37.448,0
GGB233000328,G1003,38,GGB277103202,,과천IC(미정차),126.99615,37.422133,0
GGB233000328,G1003,39,GGB277103201,,과천터널진입(미정차),126.994883,37.408017,0
GGB233000328,G1003,40,GGB277103158,,학의JC(미정차),127.001517,37.387667,0
GGB233000328,G1003,41,GGB277103220,,의왕터널진입(미정차),126.999233,37.365667,0
GGB233000328,G1003,42,GGB226000038,27112,의왕톨게이트,126.9845,37.348517,0
GGB233000328,G1003,43,GGB277104644,,의왕IC(미정차),126.978,37.341217,0
GGB233000328,G1003,44,GGB277103314,,의왕신부곡IC(미정차),126.968217,37.332683,0
GGB233000328,G1003,45,GGB277104645,,삼리교(미정차),126.9657,37.321083,0
GGB233000328,G1003,46,GGB277103316,,월암IC(미정차),126.961967,37.302833,0
GGB233000328,G1003,47,GGB277103527,,서수원IC(미정차),126.952367,37.293533,0
GGB233000328,G1003,48,GGB277103519,,호매실IC(미정차),126.9482,37.262267,0
GGB233000328,G1003,49,GGB277104313,,샘내IC(미정차),126.9369,37.2438,1
GGB233000328,G1003,50,GGB277104311,,화성비봉(미정차),126.904217,37.232867,1
GGB233000328,G1003,51,GGB277104309,,백학IC(미정차),126.880083,37.231767,1
GGB233000328,G1003,52,GGB277104307,,양노IC(미정차),126.861467,37.233717,1
GGB233000328,G1003,53,GGB233003082,55393,양노3리,126.8582,37.227283,1
GGB233000328,G1003,54,GGB233000772,36042,북양1리.염티고개,126.839133,37.222233,1
GGB233000328,G1003,55,GGB233000966,55678,남양뉴타운입구,126.83215,37.2147,1
GGB233000328,G1003,56,GGB233003107,55434,남양뉴타운4단지,126.8324,37.210583,1
GGB233000328,G1003,57,GGB233003109,55436,남양동광뷰엘,126.830083,37.208817,1
GGB233000328,G1003,58,GGB233002159,36024,양우내안애,126.823383,37.202783,1
GGB233000328,G1003,59,GGB233001435,36977,화성시청,126.828483,37.197833,1
GGB233000328,G1003,60,GGB233001043,36039,대광아파트,126.83365,37.194267,1
GGB233000328,G1003,61,GGB233002213,55108,현대기아연구소,126.844067,37.161683,1
GGB233000329,G8157,1,GGB233002472,55481,향남주공18단지,126.89775,37.098867,1
GGB233000329,G8157,2,GGB233002414,55289,향남부영7.롯데씨네마,126.911067,37.1144,1
GGB233000329,G8157,3,GGB233001860,37903,화성소방서.향남홈플러스,126.9213,37.130533,1
GGB233000329,G8157,4,GGB233002102,37287,향남환승터미널,126.921567,37.1328,1
GGB233000329,G8157,5,GGB277102040,,점촌교차로(미정차),126.917017,37.141583,1
GGB233000329,G8157,6,GGB277101732,,가재교차로(미정차),126.9223,37.149,1
GGB233000329,G8157,7,GGB277101775,,팔탄입구삼거리(미정차),126.931783,37.1636,1
GGB233000329,G8157,8,GGB277101708,,왕림교차로(미정차),126.939333,37.1929,1
GGB233000329,G8157,9,GGB277102570,,왕림휴게소(미정차),126.943767,37.2073,1
GGB233000329,G8157,10,GGB233000788,36113,장안대학,126.944,37.21365,1
GGB233000329,G8157,11,GGB233000786,36122,봉담읍행정복지센터,126.94965,37.220333,1
GGB233000329,G8157,12,GGB277102009,,봉담IC진입(미정차),126.957,37.2272,1
GGB233000329,G8157,13,GGB277103518,,천천IC(미정차),126.950583,37.245983,1
GGB233000329,G8157,14,GGB277103520,,호매실IC(미정차),126.9485,37.261917,0
GGB233000329,G8157,15,GGB277103528,,서수원IC(미정차),126.952283,37.292917,0
GGB233000329,G8157,16,GGB277103317,,월암IC(미정차),126.96215,37.302683,0
GGB233000329,G8157,17,GGB277103315,,의왕신부곡IC(미정차),126.9683,37.33245,0
GGB233000329,G8157,18,GGB226000039,27113,의왕톨게이트,126.985,37.3471,0
GGB233000329,G8157,19,GGB277103221,,의왕터널진입(미정차),126.998417,37.358917,0
GGB233000329,G8157,20,GGB277103159,,학의JC(미정차),127.001583,37.38705,0
GGB233000329,G8157,21,GGB277103200,,과천터널진입(미정차),127.00175,37.40185,0
GGB233000329,G8157,22,GGB277103203,,과천IC(미정차),126.99665,37.421683,0
GGB233000329,G8157,23,GGB277103312,,경마IC(미정차),127.005617,37.447817,0
GGB233000329,G8157,24,GGB277102784,,우면산터널TG(미정차),127.018983,37.463267,0
GGB233000329,G8157,25,GGB277102785,,예술의전당앞(미정차),127.012967,37.481267,0
GGB233000329,G8157,26,GGB121000520,,서초아트자이아파트,127.011133,37.4852,0
GGB233000329,G8157,27,GGB121000060,,서초역1번출구,127.008683,37.491967,0
GGB233000329,G8157,28,GGB121000085,,교대역14번출구,127.01375,37.491883,0
GGB233000329,G8157,29,GGB121000082,90243,서울교대사거리,127.014667,37.487433,0
GGB233000329,G8157,30,GGB277104592,,서초IC양재역방면(미정차),127.02655,37.483333,0
GGB233000329,G8157,31,GGB121000971,90256,양재역커피빈앞,127.035333,37.482883,0
GGB233000329,G8157,32,GGB277104385,,교육개발원입구교차로(미정차),127.0384,37.47775,0
GGB233000329,G8157,33,GGB121000220,,매헌시민의숲.양재꽃시장,127.038383,37.4708,0
GGB233000329,G8157,34,GGB277103049,,양재IC(미정차),127.03995,37.4638,0
GGB233000329,G8157,35,GGB277103102,,선암IC(미정차),127.0203,37.460383,0
GGB233000329,G8157,36,GGB277103311,,경마IC(미정차),127.00545,37.448,0
GGB233000329,G8157,37,GGB277103202,,과천IC(미정차),126.99615,37.422133,0
GGB233000329,G8157,38,GGB277103201,,과천터널진입(미정차),126.994883,37.408017,0
GGB233000329,G8157,39,GGB277103158,,학의JC(미정차),127.001517,37.387667,0
GGB233000329,G8157,40,GGB277103220,,의왕터널진입(미정차),126.999233,37.365667,0
GGB233000329,G8157,41,GGB226000038,27112,의왕톨게이트,126.9845,37.348517,0
GGB233000329,G8157,42,GGB277103314,,의왕신부곡IC(미정차),126.968217,37.332683,0
GGB233000329,G8157,43,GGB277104645,,삼리교(미정차),126.9657,37.321083,0
GGB233000329,G8157,44,GGB277103316,,월암IC(미정차),126.961967,37.302833,0
GGB233000329,G8157,45,GGB277103527,,서수원IC(미정차),126.952367,37.293533,0
GGB233000329,G8157,46,GGB277103519,,호매실IC(미정차),126.9482,37.262267,0
GGB233000329,G8157,47,GGB277103517,,천천IC(미정차),126.950117,37.24605,1
GGB233000329,G8157,48,GGB233000836,36123,봉담읍행정복지센터,126.949283,37.2204,1
GGB233000329,G8157,49,GGB233000833,36111,장안대학,126.943633,37.213683,1
GGB233000329,G8157,50,GGB277102694,,왕림교차로(미정차),126.939017,37.19295,1
GGB233000329,G8157,51,GGB277101750,,팔탄입구삼거리(미정차),126.931583,37.163583,1
GGB233000329,G8157,52,GGB277101693,,가재교차로(미정차),126.922,37.149117,1
GGB233000329,G8157,53,GGB277101678,,점촌교차로(미정차),126.91685,37.1418,1
GGB233000329,G8157,54,GGB233002101,37286,화성문화원.향남환승터미널,126.921083,37.132,1
GGB233000329,G8157,55,GGB233001955,37991,화성소방서.향남홈플러스,126.920917,37.13045,1
GGB233000329,G8157,56,GGB233002504,55381,롯데씨네마.향남부영7,126.910917,37.114617,1
GGB233000329,G8157,57,GGB233002471,55480,향남주공18단지,126.897117,37.09915,1
GGB233000330,H101,1,GGB233002247,55998,동탄2차고지,127.103467,37.1554,1
GGB233000330,H101,2,GGB233000089,36117,장지지하차도,127.105117,37.157483,1
GGB233000330,H101,3,GGB233000166,36810,꽃가마약수터,127.09995,37.159083,1
GGB233000330,H101,4,GGB233000249,36368,진우물류센터,127.096617,37.159067,1
GGB233000330,H101,5,GGB233000238,55768,화남초등학교,127.096867,37.16395,1
GGB233000330,H101,6,GGB233000226,55763,한화포레나,127.098733,37.164683,1
GGB233000330,H101,7,GGB233002072,55592,레이크자연앤푸르지오,127.101167,37.16495,1
GGB233000330,H101,8,GGB233000092,55734,계룡리슈빌,127.104633,37.1655,1
GGB233000330,H101,9,GGB233003128,55524,동탄호수공원.센트럴시티,127.107017,37.166817,1
GGB233000330,H101,10,GGB233003093,55420,호수부영3차.우미린2차,127.107083,37.171667,1
GGB233000330,H101,11,GGB233000162,36493,나래학교.더샵레이크,127.105783,37.175917,1
GGB233000330,H101,12,GGB233000161,36487,반도3차.금강1차,127.102683,37.182417,1
GGB233000330,H101,13,GGB233000995,36477,의료시설부지,127.100233,37.1876,1
GGB233000330,H101,14,GGB233000999,36501,리베라CC.헤리엇,127.099083,37.190717,1
GGB233000330,H101,15,GGB233000305,36384,그란비아스타,127.0991,37.193367,1
GGB233000330,H101,16,GGB233000978,36466,한화.린스트라우스,127.099083,37.195383,1
GGB233000330,H101,17,GGB233003084,55398,동탄역(서측),127.096083,37.199583,1
GGB233000330,H101,18,GGB233001637,37658,린스트라우스.한화,127.098517,37.19625,1
GGB233000330,H101,19,GGB233001648,36993,신미주아파트,127.09255,37.192867,1
GGB233000330,H101,20,GGB233002495,55403,동탄초교,127.092517,37.187483,1
GGB233000330,H101,21,GGB233002496,55404,더샵센트럴시티2차.행복주택,127.091417,37.1869,1
GGB233000330,H101,22,GGB233002498,55405,에일린의뜰.중흥S클래스,127.086933,37.187183,1
GGB233000330,H101,23,GGB233001448,36678,나루마을.월드반도,127.076517,37.1908,1
GGB233000330,H101,24,GGB233001714,37748,신도브레뉴아파트,127.07385,37.192033,1
GGB233000330,H101,25,GGB233001296,36948,나루마을상가,127.07315,37.193117,1
GGB233000330,H101,26,GGB233000433,55667,나루마을.한화우림,127.075333,37.195083,1
GGB233000330,H101,27,GGB233001707,37698,솔빛동탄경남아너스빌,127.074567,37.199233,1
GGB233000330,H101,28,GGB233002673,55724,동탄복합문화센터,127.074083,37.200367,1
GGB233000330,H101,29,GGB233002674,55725,화성미디어센터,127.073933,37.20275,1
GGB233000330,H101,30,GGB233002954,,동탄119안전센터,127.072783,37.205,1
GGB233000330,H101,31,GGB233001651,37747,현대아이파크,127.070617,37.205733,1
GGB233000330,H101,32,GGB233001677,37737,한화꿈에그린아파트,127.06655,37.206817,1
GGB233000330,H101,33,GGB233001675,37703,센트럴파크,127.063933,37.208067,1
GGB233000330,H101,34,GGB233001994,55439,능동은행사거리.동탄시티병원,127.061867,37.209167,1
GGB233000330,H101,35,GGB233001673,37736,미즈파크병원,127.060467,37.209633,1
GGB233000330,H101,36,GGB233002029,55023,크리스찬교회,127.058817,37.210317,1
GGB233000330,H101,37,GGB233002030,55021,이지더원,127.055917,37.211583,1
GGB233000330,H101,38,GGB233002033,55016,밀알교회,127.0528,37.214167,1
GGB233000330,H101,39,GGB233003184,55723,신미주SK뷰,127.052317,37.21535,1
GGB233000330,H101,40,GGB233002035,55011,SK뷰2차아파트,127.05175,37.217,1
GGB233000330,H101,41,GGB233000076,36793,참누리아파트.기산중학교,127.051933,37.219667,1
GGB233000330,H101,42,GGB233002682,55720,SK뷰파크3차,127.051533,37.221267,1
GGB233000330,H101,43,GGB233000840,37466,행림마을.삼성래미안,127.0499,37.223767,1
GGB233000330,H101,44,GGB233002037,55009,기산삼거리,127.047433,37.226317,1
GGB233000330,H101,45,GGB233000146,36439,반월자이더파크,127.046467,37.228033,1
GGB233000330,H101,46,GGB233000686,36754,신동탄푸르지오,127.04605,37.228917,1
GGB233000330,H101,47,GGB233000229,36319,망포고등학교,127.04605,37.235083,1
GGB233000330,H101,48,GGB233000367,36428,반정아이파크4단지정문,127.04205,37.237233,1
GGB233000330,H101,49,GGB233000366,36425,반정아이파크5단지후문,127.0442,37.234283,1
GGB233000330,H101,50,GGB233000685,36755,신동탄푸르지오,127.0461,37.228133,1
GGB233000330,H101,51,GGB233002036,55010,기산삼거리,127.047233,37.226233,1
GGB233000330,H101,52,GGB233000075,36794,행림마을.삼성래미안,127.0501,37.2229,1
GGB233000330,H101,53,GGB233002680,55718,SK뷰파크3차,127.050867,37.221633,1
GGB233000330,H101,54,GGB233000074,37548,참누리아파트.기산중학교,127.051633,37.219567,1
GGB233000330,H101,55,GGB233002034,55015,SK뷰2차아파트,127.051683,37.2164,1
GGB233000330,H101,56,GGB233002032,55014,신미주,127.0526,37.214,1
GGB233000330,H101,57,GGB233002031,55020,경남아너스빌,127.055533,37.2115,1
GGB233000330,H101,58,GGB233002028,55022,동탄3동행정복지센터,127.0587,37.210133,1
GGB233000330,H101,59,GGB233001672,37730,미즈파크병원,127.060233,37.20945,1
GGB233000330,H101,60,GGB233002273,55147,능동은행사거리.동탄시티병원,127.061817,37.2089,1
GGB233000330,H101,61,GGB233001674,37742,센트럴파크,127.063817,37.2078,1
GGB233000330,H101,62,GGB233001676,37741,금호어울림,127.066483,37.20655,1
GGB233000330,H101,63,GGB233001678,37733,메타폴리스,127.070733,37.205367,1
GGB233000330,H101,64,GGB233002558,55313,화성미디어센터,127.07355,37.202417,1
GGB233000330,H101,65,GGB233000070,36049,솔빛동탄경남아너스빌,127.07425,37.199117,1
GGB233000330,H101,66,GGB233001488,37615,솔빛마을.신도브래뉴,127.076,37.195967,1
GGB233000330,H101,67,GGB233001297,37510,솔빛마을상가,127.073,37.1934,1
GGB233000330,H101,68,GGB233001713,37745,나루마을.한화꿈에그린2차,127.07455,37.191317,1
GGB233000330,H101,69,GGB233001454,37586,탄요유적공원,127.076233,37.190617,1
GGB233000330,H101,70,GGB233002499,55410,중흥S클래스.에일린의뜰,127.08675,37.186883,1
GGB233000330,H101,71,GGB233001006,55890,행복주택.동탄경찰서(좌회전전용),127.091617,37.186583,1
GGB233000330,H101,72,GGB233002494,37003,동탄초교,127.092983,37.188133,1
GGB233000330,H101,73,GGB233001649,37965,신미주아파트,127.092983,37.192967,1
GGB233000330,H101,74,GGB233000978,36466,한화.린스트라우스,127.099083,37.195383,1
GGB233000330,H101,75,GGB233003085,55399,동탄역(동측),127.096283,37.19985,1
GGB233000330,H101,76,GGB233000137,36436,롯데캐슬.포스코더샵,127.098467,37.1997,1
GGB233000330,H101,77,GGB233001637,37658,린스트라우스.한화,127.098517,37.19625,1
GGB233000330,H101,78,GGB233000998,36502,헤리엇.리베라CC,127.098467,37.190733,1
GGB233000330,H101,79,GGB233000994,36480,공공청사부지,127.099833,37.187033,1
GGB233000330,H101,80,GGB233000996,36488,반도3차.금강1차,127.103133,37.1802,1
GGB233000330,H101,81,GGB233000997,36494,레이크빌.하우스디더레이크,127.105083,37.176083,1
GGB233000330,H101,82,GGB233003092,55419,우미린2차.호수부영3차,127.106417,37.17135,1
GGB233000330,H101,83,GGB233003136,55532,동탄호수공원,127.106433,37.167167,1
GGB233000330,H101,84,GGB233000091,55733,동탄그랑파사쥬,127.1047,37.165833,1
GGB233000330,H101,85,GGB233002124,55593,경기도시공사동탄사업단,127.1018,37.165483,1
GGB233000330,H101,86,GGB233000227,55764,한화포레나,127.098683,37.164967,1
GGB233000330,H101,87,GGB233000275,55781,화남초등학교,127.096633,37.163367,1
GGB233000330,H101,88,GGB233001323,36943,꽃가마약수터,127.100933,37.1586,1
GGB233000330,H101,89,GGB233000088,36116,장지지하차도,127.10425,37.157483,1
GGB233000330,H101,90,GGB233002248,55999,동탄2차고지,127.10335,37.155283,1
GGB233000331,H103,1,GGB233003052,55329,향남시외터미널,126.922067,37.13295,1
GGB233000331,H103,2,GGB233002101,37286,화성문화원.향남환승터미널,126.921083,37.132,1
GGB233000331,H103,3,GGB233000633,37288,향남읍행정복지센터,126.919117,37.13175,1
GGB233000331,H103,4,GGB233001026,37269,화성중앙병원.발안초등학교,126.9115,37.131183,1
GGB233000331,H103,5,GGB233000816,37265,발안농협,126.909417,37.12945,1
GGB233000331,H103,6,GGB233000525,37250,우림아파트.화성노인회관,126.902817,37.127867,1
GGB233000331,H103,7,GGB233000524,37245,주공아파트,126.899967,37.130483,1
GGB233000331,H103,8,GGB233002157,55156,장짐삼거리앞,126.899633,37.139233,1
GGB233000331,H103,9,GGB233000925,37234,지월리입구,126.89805,37.145067,1
GGB233000331,H103,10,GGB233000546,37240,수목원,126.8992,37.147983,1
GGB233000331,H103,11,GGB233001557,37241,구장리새터말입구,126.8992,37.153517,1
GGB233000331,H103,12,GGB233000545,36907,구장1리,126.899117,37.155567,1
GGB233000331,H103,13,GGB233000521,37252,팔탄초등학교,126.90325,37.159483,1
GGB233000331,H103,14,GGB233000516,37254,팔탄면행정복지센터,126.904183,37.162267,1
GGB233000331,H103,15,GGB233002869,55940,구장산업단지,126.905433,37.170067,1
GGB233000331,H103,16,GGB233000897,55878,대한불교조계종앞,126.906567,37.174467,1
GGB233000331,H103,17,GGB233002071,55039,기천1리입구,126.907417,37.17655,1
GGB233000331,H103,18,GGB233000901,55881,기천1리.청솔마을,126.908383,37.179067,1
GGB233000331,H103,19,GGB233002056,55026,전원마을,126.90735,37.1841,1
GGB233000331,H103,20,GGB233002175,55275,기천3리,126.908417,37.1884,1
GGB233000331,H103,21,GGB233002177,55276,기천3리.키울,126.90955,37.19145,1
GGB233000331,H103,22,GGB233000552,36057,상기2리,126.916,37.1981,1
GGB233000331,H103,23,GGB233000551,36059,상기2리입구,126.9191,37.1994,1
GGB233000331,H103,24,GGB233000550,36063,상기1리즘곰마을,126.924417,37.200583,1
GGB233000331,H103,25,GGB233000549,36066,상기1리호현리,126.9277,37.202817,1
GGB233000331,H103,26,GGB233000548,36072,상기1리세거리,126.930917,37.203033,1
GGB233000331,H103,27,GGB233001311,36076,수원여대혜란캠퍼스,126.932733,37.202617,1
GGB233000331,H103,28,GGB233000902,36729,상기리입구,126.94115,37.1998,1
GGB233000331,H103,29,GGB233000789,36110,왕림휴게소,126.942817,37.203967,1
GGB233000331,H103,30,GGB277102570,,왕림휴게소(미정차),126.943767,37.2073,1
GGB233000331,H103,31,GGB233000788,36113,장안대학,126.944,37.21365,1
GGB233000331,H103,32,GGB233000787,36118,삼봉마을.신안인스빌,126.945917,37.217817,1
GGB233000331,H103,33,GGB233000786,36122,봉담읍행정복지센터,126.94965,37.220333,1
GGB233000331,H103,34,GGB233000785,36131,동화리.동남아파트,126.9523,37.223167,1
GGB233000331,H103,35,GGB233000784,36134,대진아이엠.LH3단지,126.953783,37.224967,1
GGB233000331,H103,36,GGB277101927,,봉담IC교차로(미정차),126.957233,37.22935,1
GGB233000331,H103,37,GGB233000783,36147,수영오거리.봉담입구,126.962,37.23695,1
GGB233000331,H103,38,GGB201000165,2054,오목천역.영신여자고교,126.963183,37.2427,0
GGB233000331,H103,39,GGB201000164,2061,오목천동사거리,126.96365,37.244917,0
GGB233000331,H103,40,GGB201000163,2066,오목천동삼거리.남광하우스토리아파트,126.965717,37.246133,0
GGB233000331,H103,41,GGB201000024,2070,수원여자대학교입구,126.966883,37.246717,0
GGB233000331,H103,42,GGB201000365,2872,서수원주민편익시설,126.972717,37.248367,0
GGB233000331,H103,43,GGB201000023,2124,고색역.고색초교.태산아파트,126.9799,37.2504,0
GGB233000331,H103,44,GGB201000022,2131,삼성큰병원.대원.거산아파트,126.984967,37.251833,0
GGB233000331,H103,45,GGB201000341,2842,고색동입구,126.990117,37.25325,0
GGB233000331,H103,46,GGB201000492,2332,중보교.수원역자동차운전전문학원,126.994867,37.2556,0
GGB233000331,H103,47,GGB201000336,2832,공구유통타운.중앙자동차매매단지,126.997067,37.257833,0
GGB233000331,H103,48,GGB201000432,2934,동남아파트,127.000433,37.260817,0
GGB233000331,H103,49,GGB201000588,2981,수원역환승센터(2승강장),126.999183,37.265367,0
GGB233000331,H103,50,GGB201000545,2190,평동동남아파트,126.99895,37.263183,0
GGB233000331,H103,51,GGB277103124,,벌터교차로(미정차),126.9963,37.2621,0
GGB233000331,H103,52,GGB201000020,2156,공구유통타운.중앙자동차매매단지,126.997067,37.25835,0
GGB233000331,H103,53,GGB201000390,2331,중보교.수원역자동차운전전문학원,126.994583,37.25575,0
GGB233000331,H103,54,GGB201000389,2926,고색동입구,126.98995,37.253533,0
GGB233000331,H103,55,GGB201000064,2137,고색파출소.종합공구단지,126.986683,37.252633,0
GGB233000331,H103,56,GGB201000019,2128,연안아파트.삼성큰병원,126.983783,37.251817,0
GGB233000331,H103,57,GGB201000018,2122,고색역.고색초교.태산아파트,126.979667,37.25065,0
GGB233000331,H103,58,GGB201000488,2972,서수원주민편익시설,126.972333,37.248583,0
GGB233000331,H103,59,GGB201000168,2064,오목천동삼거리.남광하우스토리아파트,126.965233,37.24595,0
GGB233000331,H103,60,GGB201000167,2060,오목천동사거리,126.96355,37.2448,0
GGB233000331,H103,61,GGB201000166,2055,오목천역.영신여자고교.청구아파트,126.962817,37.242,0
GGB233000331,H103,62,GGB233000839,36146,수영오거리.봉담입구,126.9615,37.237033,1
GGB233000331,H103,63,GGB277102501,,봉담IC교차로(미정차),126.956883,37.229633,1
GGB233000331,H103,64,GGB233000838,36135,대진아이엠.LH3단지,126.953833,37.225533,1
GGB233000331,H103,65,GGB233000837,36128,동화리.동남아파트,126.951967,37.2233,1
GGB233000331,H103,66,GGB233000836,36123,봉담읍행정복지센터,126.949283,37.2204,1
GGB233000331,H103,67,GGB233000835,36119,삼봉마을.신안인스빌,126.94565,37.217967,1
GGB233000331,H103,68,GGB233000833,36111,장안대학,126.943633,37.213683,1
GGB233000331,H103,69,GGB233000832,36109,왕림휴게소,126.94275,37.204467,1
GGB233000331,H103,70,GGB233000903,36099,아울렛패션몰,126.939483,37.20005,1
GGB233000331,H103,71,GGB233001312,36075,수원여대혜란캠퍼스,126.93305,37.2026,1
GGB233000331,H103,72,GGB233000906,36069,세거리.상기1리,126.930867,37.20315,1
GGB233000331,H103,73,GGB233000564,36067,호현리.상기1리,126.9276,37.202867,1
GGB233000331,H103,74,GGB233000907,36064,즘곰마을.상기1리,126.924383,37.200667,1
GGB233000331,H103,75,GGB233000563,36060,상기2리입구,126.919233,37.199483,1
GGB233000331,H103,76,GGB233000678,55851,상기2리,126.9152,37.197583,1
GGB233000331,H103,77,GGB233002962,55765,기천3리.키울,126.90945,37.191533,1
GGB233000331,H103,78,GGB233002769,55883,기천3리,126.908417,37.188617,1
GGB233000331,H103,79,GGB233002768,55702,전원마을,126.907217,37.183983,1
GGB233000331,H103,80,GGB233000904,55882,기천1리.청솔마을,126.908283,37.179233,1
GGB233000331,H103,81,GGB233002767,55880,기천1리입구,126.907467,37.17715,1
GGB233000331,H103,82,GGB233000900,55879,대한불교조계종앞,126.906433,37.174633,1
GGB233000331,H103,83,GGB233002870,55941,마곡산업단지,126.9052,37.169983,1
GGB233000331,H103,84,GGB233001029,37253,팔탄면행정복지센터,126.903967,37.162267,1
GGB233000331,H103,85,GGB233000517,37251,팔탄초등학교,126.903183,37.159633,1
GGB233000331,H103,86,GGB233000923,36803,구장1리(새터말.율암리),126.8989,37.155217,1
GGB233000331,H103,87,GGB233002351,55256,구장리새터말입구,126.89905,37.153467,1
GGB233000331,H103,88,GGB233000528,37242,수목원,126.899183,37.148467,1
GGB233000331,H103,89,GGB233000527,37235,지월리입구,126.897367,37.143817,1
GGB233000331,H103,90,GGB233002156,55114,장짐삼거리앞,126.899367,37.138717,1
GGB233000331,H103,91,GGB233001935,37941,발안주공아파트,126.899083,37.131067,1
GGB233000331,H103,92,GGB233000523,36908,발안마을주공아파트,126.900683,37.129383,1
GGB233000331,H103,93,GGB233000522,37428,우림아파트.화성노인회관,126.902067,37.1282,1
GGB233000331,H103,94,GGB233001936,37277,발안기업은행,126.91015,37.130283,1
GGB233000331,H103,95,GGB233000632,37464,발안초등학교,126.912167,37.131033,1
GGB233000331,H103,96,GGB233001023,37289,향남읍행정복지센터,126.91975,37.1315,1
GGB233000331,H103,97,GGB233002102,37287,향남환승터미널,126.921567,37.1328,1
GGB233000331,H103,98,GGB233003051,55328,향남시외터미널,126.922067,37.133017,1
GGB233000332,M4448,1,GGB233001754,55505,아이파크.센트럴시티,127.109317,37.165517,1
GGB233000332,M4448,2,GGB277103993,,A74블럭(미정차),127.115,37.1659,1
GGB233000332,M4448,3,GGB233001696,37696,레이크파크뷰,127.119,37.169917,1
GGB233000332,M4448,4,GGB233000374,55465,창의고,127.122533,37.18185,1
GGB233000332,M4448,5,GGB233001614,55489,한신더휴,127.12385,37.18645,1
GGB233000332,M4448,6,GGB233002421,55340,예솔초.호반2차.대원2차,127.118767,37.196233,1
GGB233000332,M4448,7,GGB233000129,36460,신안2차.반도4차,127.11605,37.199983,1
GGB233000332,M4448,8,GGB277104808,,치동천5교교차로(미정차),127.11355,37.203417,1
GGB233000332,M4448,9,GGB233002429,55305,이주택지.상록.경남아파트,127.110867,37.2071,1
GGB233000332,M4448,10,GGB233000694,55852,동탄테크노벨리(중),127.09885,37.210933,1
GGB233000332,M4448,11,GGB277102516,,기흥IC진입(미정차),127.10135,37.221733,0
GGB233000332,M4448,12,GGB277102660,,기흥휴게소(미정차),127.106617,37.23525,0
GGB233000332,M4448,13,GGB277103363,,수원신갈IC(미정차),127.104,37.2657,0
GGB233000332,M4448,14,GGB277103361,,신갈JC(미정차),127.103867,37.289667,0
GGB233000332,M4448,15,GGB277103443,,죽전(미정차),127.103817,37.326633,0
GGB233000332,M4448,16,GGB277102630,,금곡(미정차),127.10355,37.349767,0
GGB233000332,M4448,17,GGB277103386,,서울TG(미정차),127.104333,37.364967,0
GGB233000332,M4448,18,GGB277103151,,판교IC(미정차),127.100617,37.398633,0
GGB233000332,M4448,19,GGB277103679,,금토JC(미정차),127.085317,37.415283,0
GGB233000332,M4448,20,GGB277103441,,서울진입(미정차),127.066583,37.43385,0
GGB233000332,M4448,21,GGB277104177,,청계산입구역(미정차),127.0542,37.448367,0
GGB233000332,M4448,22,GGB277103388,,양재IC(미정차),127.04045,37.463283,0
GGB233000332,M4448,23,GGB277103390,,서초IC(미정차),127.026333,37.483133,0
GGB233000332,M4448,24,GGB121000086,90062,KCC사옥,127.020217,37.503017,0
GGB233000332,M4448,25,GGB121000947,,신논현역.유화빌딩,127.025517,37.50165,0
GGB233000332,M4448,26,GGB277103680,,강남역.지오다노(미정차),127.026133,37.500417,0
GGB233000332,M4448,27,GGB277102911,,강남역10번출구(미정차),127.026983,37.498617,0
GGB233000332,M4448,28,GGB121000009,,신분당선강남역(중),127.028567,37.495783,0
GGB233000332,M4448,29,GGB277101612,,우성아파트앞사거리(미정차),127.029533,37.49335,0
GGB233000332,M4448,30,GGB277101867,,역삼동.우성아파트(미정차),127.030417,37.4914,0
GGB233000332,M4448,31,GGB121000005,,뱅뱅사거리(중),127.032467,37.487683,0
GGB233000332,M4448,32,GGB121000003,,양재역.서초문화예술회관(중),127.035883,37.482567,0
GGB233000332,M4448,33,GGB277104385,,교육개발원입구교차로(미정차),127.0384,37.47775,0
GGB233000332,M4448,34,GGB121000220,,매헌시민의숲.양재꽃시장,127.038383,37.4708,0
GGB233000332,M4448,35,GGB277103387,,양재IC(미정차),127.039433,37.46365,0
GGB233000332,M4448,36,GGB277104178,,청계산입구역(미정차),127.053833,37.448183,0
GGB233000332,M4448,37,GGB277103440,,성남진입(미정차),127.066183,37.43355,0
GGB233000332,M4448,38,GGB277103678,,금토JC(미정차),127.08445,37.4155,0
GGB233000332,M4448,39,GGB277103150,,판교IC(미정차),127.10005,37.398833,0
GGB233000332,M4448,40,GGB277103385,,서울TG(미정차),127.1026,37.36535,0
GGB233000332,M4448,41,GGB277102104,,금곡(미정차),127.103117,37.350367,0
GGB233000332,M4448,42,GGB277103442,,죽전(미정차),127.10315,37.3266,0
GGB233000332,M4448,43,GGB277103360,,신갈JC(미정차),127.10345,37.290433,0
GGB233000332,M4448,44,GGB277103362,,수원신갈IC(미정차),127.103533,37.266817,0
GGB233000332,M4448,45,GGB277102621,,기흥휴게소(미정차),127.106183,37.235117,0
GGB233000332,M4448,46,GGB233000710,55855,동탄테크노벨리(중),127.098917,37.21195,1
GGB233000332,M4448,47,GGB233001492,37550,상록.경남아파트.이주택지,127.110533,37.206867,1
GGB233000332,M4448,48,GGB233001168,36458,센트럴푸르지오.호반베르디움2차,127.116817,37.198133,1
GGB233000332,M4448,49,GGB233000965,36468,청목초.신안1차,127.1194,37.194583,1
GGB233000332,M4448,50,GGB233001620,55490,힐스테이트.호반5차,127.122933,37.184867,1
GGB233000332,M4448,51,GGB233000209,55464,창의고,127.122017,37.18175,1
GGB233000332,M4448,52,GGB233001695,37724,레이크파크뷰,127.118533,37.170033,1
GGB233000332,M4448,53,GGB233001753,55504,센트럴시티.아이파크,127.109117,37.165883,1
GGB233000333,8502,1,GGB233001214,36216,수원대학교,126.98015,37.21375,1
GGB233000333,8502,2,GGB277102590,,수원대학교(미정차),126.9838,37.211567,1
GGB233000333,8502,3,GGB277102653,,용건릉(미정차),126.988133,37.207183,1
GGB233000333,8502,4,GGB233001842,36998,중외제약사거리,127.003067,37.2015,1
GGB233000333,8502,5,GGB233000645,36304,신한미지엔아파트앞,127.0086,37.199917,1
GGB233000333,8502,6,GGB233000643,36315,송산동입구,127.0172,37.205567,1
GGB233000333,8502,7,GGB277102693,,병점육교(미정차),127.030133,37.208883,1
GGB233000333,8502,8,GGB233000641,36347,병점화남아파트,127.03755,37.211967,1
GGB233000333,8502,9,GGB233000640,36355,진안동,127.040533,37.2133,1
GGB233000333,8502,10,GGB233002403,55291,롯데시네마,127.042633,37.21425,1
GGB233000333,8502,11,GGB233000072,36373,안화초교.주공8.9단지,127.0459,37.2132,1
GGB233000333,8502,12,GGB233000082,37591,정든공원,127.048583,37.2097,1
GGB233000333,8502,13,GGB233001666,37726,모아미래도2단지,127.051283,37.208667,1
GGB233000333,8502,14,GGB233002117,55100,한마음초교.광명메이루즈,127.0568,37.2075,1
GGB233000333,8502,15,GGB233001723,37850,동탄고등학교,127.059167,37.203933,1
GGB233000333,8502,16,GGB233001644,37589,센트럴파크뷰아파트(중),127.06335,37.1995,1
GGB233000333,8502,17,GGB233001224,36664,다은마을(중),127.067583,37.199983,1
GGB233000333,8502,18,GGB233001219,36667,메타폴리스(중),127.067517,37.203733,1
GGB233000333,8502,19,GGB233001562,36668,한빛마을(중),127.06905,37.207667,1
GGB233000333,8502,20,GGB233001281,36672,예당마을.롯데캐슬(중),127.072067,37.21095,1
GGB233000333,8502,21,GGB277101908,,기흥동탄TG(미정차),127.091567,37.21655,1
GGB233000333,8502,22,GGB277102660,,기흥휴게소(미정차),127.106617,37.23525,0
GGB233000333,8502,23,GGB277103363,,수원신갈IC(미정차),127.104,37.2657,0
GGB233000333,8502,24,GGB277103361,,신갈JC(미정차),127.103867,37.289667,0
GGB233000333,8502,25,GGB277103443,,죽전(미정차),127.103817,37.326633,0
GGB233000333,8502,26,GGB277102630,,금곡(미정차),127.10355,37.349767,0
GGB233000333,8502,27,GGB277103386,,서울TG(미정차),127.104333,37.364967,0
GGB233000333,8502,28,GGB277103151,,판교IC(미정차),127.100617,37.398633,0
GGB233000333,8502,29,GGB277103679,,금토JC(미정차),127.085317,37.415283,0
GGB233000333,8502,30,GGB277103441,,서울진입(미정차),127.066583,37.43385,0
GGB233000333,8502,31,GGB277104177,,청계산입구역(미정차),127.0542,37.448367,0
GGB233000333,8502,32,GGB277103388,,양재IC(미정차),127.04045,37.463283,0
GGB233000333,8502,33,GGB277103390,,서초IC(미정차),127.026333,37.483133,0
GGB233000333,8502,34,GGB121000086,90062,KCC사옥,127.020217,37.503017,0
GGB233000333,8502,35,GGB121000944,,신논현역.주류성빌딩,127.025767,37.50115,0
GGB233000333,8502,36,GGB277102911,,강남역10번출구(미정차),127.026983,37.498617,0
GGB233000333,8502,37,GGB121000974,,강남역우리은행,127.02835,37.49575,0
GGB233000333,8502,38,GGB277101696,,삼성화재서초타워(미정차),127.02895,37.494533,0
GGB233000333,8502,39,GGB277101867,,역삼동.우성아파트(미정차),127.030417,37.4914,0
GGB233000333,8502,40,GGB121000005,,뱅뱅사거리(중),127.032467,37.487683,0
GGB233000333,8502,41,GGB121000003,,양재역.서초문화예술회관(중),127.035883,37.482567,0
GGB233000333,8502,42,GGB121000001,,말죽거리공원사거리(중),127.038517,37.478467,0
GGB233000333,8502,43,GGB121000220,,매헌시민의숲.양재꽃시장,127.038383,37.4708,0
GGB233000333,8502,44,GGB277103387,,양재IC(미정차),127.039433,37.46365,0
GGB233000333,8502,45,GGB277104178,,청계산입구역(미정차),127.053833,37.448183,0
GGB233000333,8502,46,GGB277103440,,성남진입(미정차),127.066183,37.43355,0
GGB233000333,8502,47,GGB277103678,,금토JC(미정차),127.08445,37.4155,0
GGB233000333,8502,48,GGB277103150,,판교IC(미정차),127.10005,37.398833,0
GGB233000333,8502,49,GGB277103385,,서울TG(미정차),127.1026,37.36535,0
GGB233000333,8502,50,GGB277102104,,금곡(미정차),127.103117,37.350367,0
GGB233000333,8502,51,GGB277103442,,죽전(미정차),127.10315,37.3266,0
GGB233000333,8502,52,GGB277103360,,신갈JC(미정차),127.10345,37.290433,0
GGB233000333,8502,53,GGB277103362,,수원신갈IC(미정차),127.103533,37.266817,0
GGB233000333,8502,54,GGB277102621,,기흥휴게소(미정차),127.106183,37.235117,0
GGB233000333,8502,55,GGB277101884,,기흥동탄TG(미정차),127.0917,37.216983,1
GGB233000333,8502,56,GGB233001282,37587,예당마을.롯데캐슬(중),127.073,37.21175,1
GGB233000333,8502,57,GGB233001216,36841,한빛마을.석우중학교(중),127.069267,37.208217,1
GGB233000333,8502,58,GGB233001218,36666,메타폴리스(중),127.067483,37.204267,1
GGB233000333,8502,59,GGB233001220,37693,다은마을(중),127.06735,37.200383,1
GGB233000333,8502,60,GGB233001283,37590,센트럴파크뷰아파트(중),127.06415,37.199433,1
GGB233000333,8502,61,GGB233001722,37849,동탄고.동탄청소년문화의집,127.059467,37.2038,1
GGB233000333,8502,62,GGB233001787,37734,한마음초교.광명메이루즈,127.05705,37.207583,1
GGB233000333,8502,63,GGB233002185,55144,모아미래도2단지,127.0518,37.208717,1
GGB233000333,8502,64,GGB233002392,55269,정든공원.리체더포레스트,127.048783,37.209783,1
GGB233000333,8502,65,GGB233000071,36372,안화초교.주공8.9단지,127.046083,37.2133,1
GGB233000333,8502,66,GGB233002132,55279,롯데시네마,127.04245,37.214483,1
GGB233000333,8502,67,GGB233000671,36354,진안동,127.0393,37.213017,1
GGB233000333,8502,68,GGB233000669,36318,송산동입구,127.017783,37.20585,1
GGB233000333,8502,69,GGB233000667,36305,신한미지엔아파트앞,127.00915,37.20035,1
GGB233000333,8502,70,GGB233001843,36999,중외제약사거리,127.002167,37.2021,1
GGB233000333,8502,71,GGB233001213,36215,수원대학교,126.979967,37.21375,1
GGB233000336,P9301(출근),1,GGB233001448,36678,나루마을.월드반도,127.076517,37.1908,1
GGB233000336,P9301(출근),2,GGB233001450,36680,솔빛마을.화성동탄중앙도서관,127.069633,37.195817,1
GGB233000336,P9301(출근),3,GGB233001224,36664,다은마을(중),127.067583,37.199983,1
GGB233000336,P9301(출근),4,GGB233001219,36667,메타폴리스(중),127.067517,37.203733,1
GGB233000336,P9301(출근),5,GGB233001562,36668,한빛마을(중),127.06905,37.207667,1
GGB233000336,P9301(출근),6,GGB233001281,36672,예당마을.롯데캐슬(중),127.072067,37.21095,1
GGB233000336,P9301(출근),7,GGB277101908,,기흥동탄TG(미정차),127.091567,37.21655,1
GGB233000336,P9301(출근),8,GGB277102660,,기흥휴게소(미정차),127.106617,37.23525,0
GGB233000336,P9301(출근),9,GGB277103363,,수원신갈IC(미정차),127.104,37.2657,0
GGB233000336,P9301(출근),10,GGB277103361,,신갈JC(미정차),127.103867,37.289667,0
GGB233000336,P9301(출근),11,GGB277103443,,죽전(미정차),127.103817,37.326633,0
GGB233000336,P9301(출근),12,GGB277102630,,금곡(미정차),127.10355,37.349767,0
GGB233000336,P9301(출근),13,GGB277103386,,서울TG(미정차),127.104333,37.364967,0
GGB233000336,P9301(출근),14,GGB277104184,,판교진입(미정차),127.101733,37.393817,0
GGB233000336,P9301(출근),15,GGB206000538,7494,화랑공원남편,127.106733,37.395333,0
GGB233000336,P9301(출근),16,GGB206000577,7552,화랑공원동편,127.1072,37.396933,0
GGB233000336,P9301(출근),17,GGB206000539,7495,금토천교,127.106033,37.4013,0
GGB233000336,P9301(출근),18,GGB206000540,7496,삼평교,127.104783,37.404133,0
GGB233000336,P9301(출근),19,GGB204000064,5002,판교제2테크노밸리,127.099733,37.411333,0
GGB233000336,P9301(출근),20,GGB277104674,,고등마을(미정차),127.10225,37.429783,0
GGB233000336,P9301(출근),21,GGB277104671,,세곡동사거리(미정차),127.108467,37.4644,0
GGB233000336,P9301(출근),22,GGB123000215,92186,복정역1번출구,127.127117,37.472367,0
GGB233000336,P9301(출근),23,GGB123000015,,장지역.가든파이브(중),127.126183,37.478883,0
GGB233000336,P9301(출근),24,GGB123000013,,문정법조단지.건영아파트(중),127.124567,37.48195,0
GGB233000336,P9301(출근),25,GGB123000009,,가락시장.가락시장역(중),127.117133,37.494417,0
GGB233000336,P9301(출근),26,GGB123000007,,송파역(중),127.1118,37.50025,0
GGB233000336,P9301(출근),27,GGB123000003,,석촌호수.한솔병원(중),127.105783,37.50685,0
GGB233000336,P9301(출근),28,GGB277102839,,석촌역교차로(미정차),127.103767,37.509317,0
GGB233000336,P9301(출근),29,GGB123000611,,잠실광역환승센터,127.100667,37.51235,0
GGB233000337,P9301(퇴근),1,GGB123000611,,잠실광역환승센터,127.100667,37.51235,0
GGB233000337,P9301(퇴근),2,GGB277102843,,잠실역환승센터출구(미정차),127.102983,37.509467,0
GGB233000337,P9301(퇴근),3,GGB277102180,,석촌역교차로(미정차),127.10385,37.508517,0
GGB233000337,P9301(퇴근),4,GGB123000004,,석촌호수.한솔병원(중),127.105283,37.507183,0
GGB233000337,P9301(퇴근),5,GGB123000008,,송파역(중),127.1112,37.500667,0
GGB233000337,P9301(퇴근),6,GGB123000010,,가락시장.가락시장역(중),127.11655,37.494833,0
GGB233000337,P9301(퇴근),7,GGB123000014,,문정법조단지.건영아파트(중),127.1238,37.48315,0
GGB233000337,P9301(퇴근),8,GGB123000016,,장지역.가든파이브(중),127.1254,37.479983,0
GGB233000337,P9301(퇴근),9,GGB123000343,,복정역3번출구,127.12405,37.469717,0
GGB233000337,P9301(퇴근),10,GGB277104672,,세곡동사거리(미정차),127.107933,37.46445,0
GGB233000337,P9301(퇴근),11,GGB277104673,,고등마을(미정차),127.101933,37.43025,0
GGB233000337,P9301(퇴근),12,GGB204000060,5001,판교제2테크노밸리,127.09935,37.411683,0
GGB233000337,P9301(퇴근),13,GGB206000542,7498,삼평교,127.104167,37.403917,0
GGB233000337,P9301(퇴근),14,GGB206000543,7499,금토천교,127.10555,37.4012,0
GGB233000337,P9301(퇴근),15,GGB277104185,,판교출입(미정차),127.101983,37.392067,0
GGB233000337,P9301(퇴근),16,GGB277103385,,서울TG(미정차),127.1026,37.36535,0
GGB233000337,P9301(퇴근),17,GGB277102104,,금곡(미정차),127.103117,37.350367,0
GGB233000337,P9301(퇴근),18,GGB277103442,,죽전(미정차),127.10315,37.3266,0
GGB233000337,P9301(퇴근),19,GGB277103360,,신갈JC(미정차),127.10345,37.290433,0
GGB233000337,P9301(퇴근),20,GGB277103362,,수원신갈IC(미정차),127.103533,37.266817,0
GGB233000337,P9301(퇴근),21,GGB277101884,,기흥동탄TG(미정차),127.0917,37.216983,1
GGB233000337,P9301(퇴근),22,GGB233001282,37587,예당마을.롯데캐슬(중),127.073,37.21175,1
GGB233000337,P9301(퇴근),23,GGB233001216,36841,한빛마을.석우중학교(중),127.069267,37.208217,1
GGB233000337,P9301(퇴근),24,GGB233001218,36666,메타폴리스(중),127.067483,37.204267,1
GGB233000337,P9301(퇴근),25,GGB233001220,37693,다은마을(중),127.06735,37.200383,1
GGB233000337,P9301(퇴근),26,GGB233001452,37584,새강마을.화성동탄중앙도서관,127.0692,37.195667,1
GGB233000337,P9301(퇴근),27,GGB233001713,37745,나루마을.한화꿈에그린2차,127.07455,37.191317,1
GGB233000338,P9302(출근),1,GGB233003132,55528,호수자이파밀리에.아이원,127.1052,37.160733,1
GGB233000338,P9302(출근),2,GGB233003127,55523,금호어울림.계룡리슈빌,127.10695,37.1639,1
GGB233000338,P9302(출근),3,GGB233001754,55505,아이파크.센트럴시티,127.109317,37.165517,1
GGB233000338,P9302(출근),4,GGB233001748,55503,자연앤자이.센트리체,127.1142,37.165733,1
GGB233000338,P9302(출근),5,GGB233001710,55501,호수공원행복주택.호수부영6차,127.1174,37.16715,1
GGB233000338,P9302(출근),6,GGB233001696,37696,레이크파크뷰,127.119,37.169917,1
GGB233000338,P9302(출근),7,GGB233001608,37654,서희스타힐스.단독주택,127.12005,37.173417,1
GGB233000338,P9302(출근),8,GGB233000374,55465,창의고,127.122533,37.18185,1
GGB233000338,P9302(출근),9,GGB233001614,55489,한신더휴,127.12385,37.18645,1
GGB233000338,P9302(출근),10,GGB233001568,36693,베라체아파트,127.12285,37.1905,1
GGB233000338,P9302(출근),11,GGB233002421,55340,예솔초.호반2차.대원2차,127.118767,37.196233,1
GGB233000338,P9302(출근),12,GGB233000129,36460,신안2차.반도4차,127.11605,37.199983,1
GGB233000338,P9302(출근),13,GGB233000980,36459,모아.반도1차아파트,127.11455,37.20205,1
GGB233000338,P9302(출근),14,GGB233002516,55070,지산마을,127.112233,37.205217,1
GGB233000338,P9302(출근),15,GGB233002429,55305,이주택지.상록.경남아파트,127.110867,37.2071,1
GGB233000338,P9302(출근),16,GGB233002430,55306,퍼스트파크.이지더원,127.1085,37.209,1
GGB233000338,P9302(출근),17,GGB233002431,55307,동탄2파출소.농협,127.104383,37.2095,1
GGB233000338,P9302(출근),18,GGB233000063,36033,동원.다원중,127.103583,37.212133,1
GGB233000338,P9302(출근),19,GGB233002017,55585,현대트랜시스,127.103833,37.21615,1
GGB233000338,P9302(출근),20,GGB277102516,,기흥IC진입(미정차),127.10135,37.221733,0
GGB233000338,P9302(출근),21,GGB277102660,,기흥휴게소(미정차),127.106617,37.23525,0
GGB233000338,P9302(출근),22,GGB277103363,,수원신갈IC(미정차),127.104,37.2657,0
GGB233000338,P9302(출근),23,GGB277103361,,신갈JC(미정차),127.103867,37.289667,0
GGB233000338,P9302(출근),24,GGB277103443,,죽전(미정차),127.103817,37.326633,0
GGB233000338,P9302(출근),25,GGB277102630,,금곡(미정차),127.10355,37.349767,0
GGB233000338,P9302(출근),26,GGB277103386,,서울TG(미정차),127.104333,37.364967,0
GGB233000338,P9302(출근),27,GGB277104184,,판교진입(미정차),127.101733,37.393817,0
GGB233000338,P9302(출근),28,GGB206000538,7494,화랑공원남편,127.106733,37.395333,0
GGB233000338,P9302(출근),29,GGB206000577,7552,화랑공원동편,127.1072,37.396933,0
GGB233000338,P9302(출근),30,GGB206000539,7495,금토천교,127.106033,37.4013,0
GGB233000338,P9302(출근),31,GGB206000540,7496,삼평교,127.104783,37.404133,0
GGB233000338,P9302(출근),32,GGB204000064,5002,판교제2테크노밸리,127.099733,37.411333,0
GGB233000338,P9302(출근),33,GGB277104674,,고등마을(미정차),127.10225,37.429783,0
GGB233000338,P9302(출근),34,GGB277104671,,세곡동사거리(미정차),127.108467,37.4644,0
GGB233000338,P9302(출근),35,GGB123000215,92186,복정역1번출구,127.127117,37.472367,0
GGB233000338,P9302(출근),36,GGB123000015,,장지역.가든파이브(중),127.126183,37.478883,0
GGB233000338,P9302(출근),37,GGB123000013,,문정법조단지.건영아파트(중),127.124567,37.48195,0
GGB233000338,P9302(출근),38,GGB123000009,,가락시장.가락시장역(중),127.117133,37.494417,0
GGB233000338,P9302(출근),39,GGB123000007,,송파역(중),127.1118,37.50025,0
GGB233000338,P9302(출근),40,GGB123000003,,석촌호수.한솔병원(중),127.105783,37.50685,0
GGB233000338,P9302(출근),41,GGB123000611,,잠실광역환승센터,127.100667,37.51235,0
GGB233000339,P9302(퇴근),1,GGB123000611,,잠실광역환승센터,127.100667,37.51235,0
GGB233000339,P9302(퇴근),2,GGB277102843,,잠실역환승센터출구(미정차),127.102983,37.509467,0
GGB233000339,P9302(퇴근),3,GGB123000004,,석촌호수.한솔병원(중),127.105283,37.507183,0
GGB233000339,P9302(퇴근),4,GGB123000008,,송파역(중),127.1112,37.500667,0
GGB233000339,P9302(퇴근),5,GGB123000010,,가락시장.가락시장역(중),127.11655,37.494833,0
GGB233000339,P9302(퇴근),6,GGB123000014,,문정법조단지.건영아파트(중),127.1238,37.48315,0
GGB233000339,P9302(퇴근),7,GGB123000016,,장지역.가든파이브(중),127.1254,37.479983,0
GGB233000339,P9302(퇴근),8,GGB123000343,,복정역3번출구,127.12405,37.469717,0
GGB233000339,P9302(퇴근),9,GGB277104672,,세곡동사거리(미정차),127.107933,37.46445,0
GGB233000339,P9302(퇴근),10,GGB277104673,,고등마을(미정차),127.101933,37.43025,0
GGB233000339,P9302(퇴근),11,GGB204000060,5001,판교제2테크노밸리,127.09935,37.411683,0
GGB233000339,P9302(퇴근),12,GGB206000542,7498,삼평교,127.104167,37.403917,0
GGB233000339,P9302(퇴근),13,GGB206000543,7499,금토천교,127.10555,37.4012,0
GGB233000339,P9302(퇴근),14,GGB277104185,,판교출입(미정차),127.101983,37.392067,0
GGB233000339,P9302(퇴근),15,GGB277103385,,서울TG(미정차),127.1026,37.36535,0
GGB233000339,P9302(퇴근),16,GGB277102104,,금곡(미정차),127.103117,37.350367,0
GGB233000339,P9302(퇴근),17,GGB277103442,,죽전(미정차),127.10315,37.3266,0
GGB233000339,P9302(퇴근),18,GGB277103360,,신갈JC(미정차),127.10345,37.290433,0
GGB233000339,P9302(퇴근),19,GGB277103362,,수원신갈IC(미정차),127.103533,37.266817,0
GGB233000339,P9302(퇴근),20,GGB277102621,,기흥휴게소(미정차),127.106183,37.235117,0
GGB233000339,P9302(퇴근),21,GGB233002165,55602,현대트랜시스,127.103633,37.217567,1
GGB233000339,P9302(퇴근),22,GGB233001902,37073,동원.다원중,127.103267,37.211783,1
GGB233000339,P9302(퇴근),23,GGB233001166,36470,동탄2파출소.농협,127.1049,37.209183,1
GGB233000339,P9302(퇴근),24,GGB233001493,37549,퍼스트파크.이지더원,127.1083,37.208683,1
GGB233000339,P9302(퇴근),25,GGB233001492,37550,상록.경남아파트.이주택지,127.110533,37.206867,1
GGB233000339,P9302(퇴근),26,GGB233001491,37551,반도1차.모아아파트,127.1141,37.201883,1
GGB233000339,P9302(퇴근),27,GGB233000430,55663,반도4차.동탄4동복지센터,127.1154,37.2001,1
GGB233000339,P9302(퇴근),28,GGB233001168,36458,센트럴푸르지오.호반베르디움2차,127.116817,37.198133,1
GGB233000339,P9302(퇴근),29,GGB233000965,36468,청목초.신안1차,127.1194,37.194583,1
GGB233000339,P9302(퇴근),30,GGB233001623,37682,동원로얄듀크2차.목동초,127.123267,37.188667,1
GGB233000339,P9302(퇴근),31,GGB233001620,55490,힐스테이트.호반5차,127.122933,37.184867,1
GGB233000339,P9302(퇴근),32,GGB233000209,55464,창의고,127.122017,37.18175,1
GGB233000339,P9302(퇴근),33,GGB233001572,55488,서희스타힐스.단독주택,127.119533,37.173317,1
GGB233000339,P9302(퇴근),34,GGB233001695,37724,레이크파크뷰,127.118533,37.170033,1
GGB233000339,P9302(퇴근),35,GGB233001699,55500,호수부영6차.호수공원행복주택,127.117033,37.1674,1
GGB233000339,P9302(퇴근),36,GGB233001741,55502,센트리체.자연앤자이,127.1139,37.166033,1
GGB233000339,P9302(퇴근),37,GGB233001753,55504,센트럴시티.아이파크,127.109117,37.165883,1
GGB233000339,P9302(퇴근),38,GGB233003137,55533,계룡리슈빌.금호어울림,127.10645,37.16465,1
GGB233000339,P9302(퇴근),39,GGB233003126,55522,아이원.호수자이파밀리에,127.104783,37.161017,1
GGB233000340,H102,1,GGB233002247,55998,동탄2차고지,127.103467,37.1554,1
GGB233000340,H102,2,GGB233003165,55562,호반6차,127.112683,37.157067,1
GGB233000340,H102,3,GGB233002531,55938,서연초,127.1155,37.1588,1
GGB233000340,H102,4,GGB233003168,55565,동탄2아이파크2단지,127.120267,37.16,1
GGB233000340,H102,5,GGB233003167,55564,동탄2아이파크1단지,127.119917,37.161367,1
GGB233000340,H102,6,GGB233003166,55563,레이크반도9차,127.116233,37.162017,1
GGB233000340,H102,7,GGB233002953,37005,서연중고등학교,127.111683,37.161533,1
GGB233000340,H102,8,GGB233000428,55662,금호어울림레이크.우남더테라스,127.108833,37.1619,1
GGB233000340,H102,9,GGB233003127,55523,금호어울림.계룡리슈빌,127.10695,37.1639,1
GGB233000340,H102,10,GGB233001754,55505,아이파크.센트럴시티,127.109317,37.165517,1
GGB233000340,H102,11,GGB233001748,55503,자연앤자이.센트리체,127.1142,37.165733,1
GGB233000340,H102,12,GGB233001710,55501,호수공원행복주택.호수부영6차,127.1174,37.16715,1
GGB233000340,H102,13,GGB233000110,55747,호수공원행복주택,127.119033,37.167617,1
GGB233000340,H102,14,GGB233000114,55748,행복주택35단지,127.121183,37.1668,1
GGB233000340,H102,15,GGB233000119,55749,세정초남측,127.124517,37.166417,1
GGB233000340,H102,16,GGB233000170,55750,반도10차,127.127367,37.166333,1
GGB233000340,H102,17,GGB233000123,55751,세정초.하우스디,127.124433,37.16785,1
GGB233000340,H102,18,GGB233001696,37696,레이크파크뷰,127.119,37.169917,1
GGB233000340,H102,19,GGB233001608,37654,서희스타힐스.단독주택,127.12005,37.173417,1
GGB233000340,H102,20,GGB233000374,55465,창의고,127.122533,37.18185,1
GGB233000340,H102,21,GGB233001614,55489,한신더휴,127.12385,37.18645,1
GGB233000340,H102,22,GGB233001568,36693,베라체아파트,127.12285,37.1905,1
GGB233000340,H102,23,GGB233002421,55340,예솔초.호반2차.대원2차,127.118767,37.196233,1
GGB233000340,H102,24,GGB233000150,36515,반도유보라.센트럴푸르지오,127.11515,37.198733,1
GGB233000340,H102,25,GGB233000134,36511,호반베르디움.롯데캐슬,127.1112,37.1972,1
GGB233000340,H102,26,GGB233000139,36445,한화.호반.대원,127.1049,37.1971,1
GGB233000340,H102,27,GGB233002437,55309,한화꿈에그린,127.100333,37.194817,1
GGB233000340,H102,28,GGB233000978,36466,한화.린스트라우스,127.099083,37.195383,1
GGB233000340,H102,29,GGB233003084,55398,동탄역(서측),127.096083,37.199583,1
GGB233000340,H102,30,GGB233001637,37658,린스트라우스.한화,127.098517,37.19625,1
GGB233000340,H102,31,GGB233002438,55310,한화꿈에그린,127.100483,37.194433,1
GGB233000340,H102,32,GGB233002419,55296,한화.호반.대원,127.104867,37.196733,1
GGB233000340,H102,33,GGB233002420,55297,롯데캐슬.호반베르디움,127.111067,37.19685,1
GGB233000340,H102,34,GGB233001167,37484,센트럴푸르지오.반도유보라,127.11465,37.198117,1
GGB233000340,H102,35,GGB233001168,36458,센트럴푸르지오.호반베르디움2차,127.116817,37.198133,1
GGB233000340,H102,36,GGB233000965,36468,청목초.신안1차,127.1194,37.194583,1
GGB233000340,H102,37,GGB233001623,37682,동원로얄듀크2차.목동초,127.123267,37.188667,1
GGB233000340,H102,38,GGB233001620,55490,힐스테이트.호반5차,127.122933,37.184867,1
GGB233000340,H102,39,GGB233000209,55464,창의고,127.122017,37.18175,1
GGB233000340,H102,40,GGB233001572,55488,서희스타힐스.단독주택,127.119533,37.173317,1
GGB233000340,H102,41,GGB233001695,37724,레이크파크뷰,127.118533,37.170033,1
GGB233000340,H102,42,GGB233002288,37086,세정초.하우스디,127.1248,37.1676,1
GGB233000340,H102,43,GGB233003174,55701,반도10차,127.127167,37.166417,1
GGB233000340,H102,44,GGB233000084,55730,세정초남측,127.124117,37.1667,1
GGB233000340,H102,45,GGB233000090,55731,행복주택35단지,127.121117,37.167,1
GGB233000340,H102,46,GGB233000085,55732,호수공원행복주택,127.118583,37.167833,1
GGB233000340,H102,47,GGB233001699,55500,호수부영6차.호수공원행복주택,127.117033,37.1674,1
GGB233000340,H102,48,GGB233001741,55502,센트리체.자연앤자이,127.1139,37.166033,1
GGB233000340,H102,49,GGB233001753,55504,센트럴시티.아이파크,127.109117,37.165883,1
GGB233000340,H102,50,GGB233003137,55533,계룡리슈빌.금호어울림,127.10645,37.16465,1
GGB233000340,H102,51,GGB233002445,55661,금호어울림레이크.우남더테라스,127.107667,37.162183,1
GGB233000340,H102,52,GGB233002952,37004,서연중고등학교,127.111717,37.161367,1
GGB233000340,H102,53,GGB233003133,55529,레이크반도9차,127.116117,37.1619,1
GGB233000340,H102,54,GGB233003134,55530,동탄2아이파크1단지,127.119467,37.161317,1
GGB233000340,H102,55,GGB233003135,55531,동탄2아이파크2단지,127.120033,37.160033,1
GGB233000340,H102,56,GGB233002584,55939,서연초,127.1161,37.159467,1
GGB233000340,H102,57,GGB233003129,55525,호반6차,127.112517,37.157233,1
GGB233000340,H102,58,GGB233001319,37509,한국제지,127.10855,37.15595,1
GGB233000340,H102,59,GGB233000089,36117,장지지하차도,127.105117,37.157483,1
GGB233000340,H102,60,GGB233000088,36116,장지지하차도,127.10425,37.157483,1
GGB233000340,H102,61,GGB233002248,55999,동탄2차고지,127.10335,37.155283,1
GGB233000342,H104,1,GGB233003052,55329,향남시외터미널,126.922067,37.13295,1
GGB233000342,H104,2,GGB233002109,55083,화성종합운동장,126.920433,37.135133,1
GGB233000342,H104,3,GGB233001934,37940,KEB하나은행발안지점,126.910783,37.133367,1
GGB233000342,H104,4,GGB233000632,37464,발안초등학교,126.912167,37.131033,1
GGB233000342,H104,5,GGB233001023,37289,향남읍행정복지센터,126.91975,37.1315,1
GGB233000342,H104,6,GGB233001955,37991,화성소방서.향남홈플러스,126.920917,37.13045,1
GGB233000342,H104,7,GGB233002103,55084,에일린의뜰,126.920617,37.127867,1
GGB233000342,H104,8,GGB233001855,37898,에일린의뜰.휴먼시아6단지,126.919883,37.126117,1
GGB233000342,H104,9,GGB233001856,37899,신명스카이뷰.휴먼시아5단지,126.9159,37.126317,1
GGB233000342,H104,10,GGB233001892,55925,향남역,126.913333,37.12295,1
GGB233000342,H104,11,GGB233002413,55288,향남부영3단지,126.911583,37.11895,1
GGB233000342,H104,12,GGB233002274,55615,향남부영6단지,126.909333,37.11445,1
GGB233000342,H104,13,GGB233002416,37274,하길중학교,126.907983,37.112583,1
GGB233000342,H104,14,GGB233002469,55322,향남부영13단지,126.907883,37.109267,1
GGB233000342,H104,15,GGB233002506,55383,하길리,126.906983,37.107717,1
GGB233000342,H104,16,GGB233001547,55478,상신하길로주택,126.9027,37.106167,1
GGB233000342,H104,17,GGB233002470,55482,향남부영16단지,126.8975,37.104,1
GGB233000342,H104,18,GGB233002471,55480,향남주공18단지,126.897117,37.09915,1
GGB233000342,H104,19,GGB233003185,37810,상신2리입구,126.9024,37.09855,1
GGB233000342,H104,20,GGB233000813,37468,향남제약공단앞,126.90695,37.09595,1
GGB233000342,H104,21,GGB233001531,37405,제약공단후문.구문천1리입구,126.910367,37.0902,1
GGB233000342,H104,22,GGB233000806,37469,구문천리,126.9108,37.08815,1
GGB233000342,H104,23,GGB233000805,36759,제약공단후문.구문천1리입구,126.91075,37.090183,1
GGB233000342,H104,24,GGB233002790,37375,제약단지.하길리입구,126.915417,37.0904,1
GGB233000342,H104,25,GGB233000578,55837,대양3리입구,126.92995,37.08845,1
GGB233000342,H104,26,GGB233000579,55838,동양콘크리트입구,126.932517,37.088817,1
GGB233000342,H104,27,GGB233001837,55835,신한바이오캠,126.938817,37.0881,1
GGB233000342,H104,28,GGB233000004,36108,대양2리,126.942483,37.086417,1
GGB233000342,H104,29,GGB233001100,36778,신왕리,126.944217,37.083333,1
GGB233000342,H104,30,GGB233001824,37794,양감면행정복지센터,126.945,37.081833,1
GGB233000342,H104,31,GGB233000023,36121,양감농협,126.947033,37.081017,1
GGB233000342,H104,32,GGB233001792,37987,양감초중교,126.9505,37.080717,1
GGB233000342,H104,33,GGB233001099,36126,신왕3리.조리울,126.952267,37.08005,1
GGB233000342,H104,34,GGB233000022,36132,독줄입구,126.95375,37.077883,1
GGB233000342,H104,35,GGB233001096,36145,신왕공단,126.9607,37.076817,1
GGB233000342,H104,36,GGB233001094,36150,솔안고개,126.963717,37.07535,1
GGB233000342,H104,37,GGB233001183,37596,솔안,126.969083,37.07655,1
GGB233000342,H104,38,GGB233001181,36184,용소3리입구,126.973417,37.0775,1
GGB233000342,H104,39,GGB233001184,36199,용소2리,126.978267,37.079033,1
GGB233000342,H104,40,GGB233000009,36247,용소1리,126.9845,37.08005,1
GGB233000342,H104,41,GGB233000689,36472,용소교차로,126.98775,37.080633,1
GGB233000342,H104,42,GGB214001386,48431,에버그린,127.017233,37.069833,0
GGB233000342,H104,43,GGB214001806,48789,한국관광고등학교앞,127.02115,37.071417,0
GGB233000342,H104,44,GGB214001152,48230,장등2리,127.022083,37.072817,0
GGB233000342,H104,45,GGB214001808,48791,장등리,127.025367,37.073783,0
GGB233000342,H104,46,GGB214000310,15356,케이씨타운입구,127.026833,37.0741,0
GGB233000342,H104,47,GGB214000297,15749,당현4리,127.032667,37.0722,0
GGB233000342,H104,48,GGB214001841,48824,청룡사입구,127.035667,37.072283,0
GGB233000342,H104,49,GGB214000330,48119,동아빌라,127.045283,37.072767,0
GGB233000342,H104,50,GGB214001021,48470,서정지하차도,127.053317,37.066967,0
GGB233000342,H104,51,GGB214000788,48428,복창육교,127.053733,37.071533,0
GGB233000342,H104,52,GGB214001845,48828,송탄역,127.05375,37.074167,0
GGB233000342,H104,53,GGB214001844,48827,송탄역,127.053567,37.07475,0
GGB233000342,H104,54,GGB214000554,48991,복창육교,127.05355,37.07165,0
GGB233000342,H104,55,GGB214000794,48674,서정지하차도,127.05315,37.06705,0
GGB233000342,H104,56,GGB214000323,48120,동아빌라,127.045383,37.07285,0
GGB233000342,H104,57,GGB214001774,48757,당현2리.율곡마을입구,127.037183,37.073117,0
GGB233000342,H104,58,GGB214001770,48871,청룡사입구,127.035317,37.0724,0
GGB233000342,H104,59,GGB214000296,15680,당현4리,127.032717,37.07235,0
GGB233000342,H104,60,GGB214001809,48792,케이씨타운입구,127.026867,37.074183,0
GGB233000342,H104,61,GGB214000311,15352,장등리,127.025333,37.073867,0
GGB233000342,H104,62,GGB214001807,48790,장등2리,127.021967,37.07285,0
GGB233000342,H104,63,GGB214001805,48788,한국관광고등학교앞,127.021233,37.071617,0
GGB233000342,H104,64,GGB214000153,48372,에버그린,127.017383,37.069967,0
GGB233000342,H104,65,GGB233000690,36473,용소교차로,126.9876,37.08075,1
GGB233000342,H104,66,GGB233001177,36248,용소1리,126.984283,37.080117,1
GGB233000342,H104,67,GGB233000010,36198,용소2리,126.97815,37.079133,1
GGB233000342,H104,68,GGB233001180,36185,용소3리입구,126.973333,37.077583,1
GGB233000342,H104,69,GGB233001182,36155,솔안슈퍼,126.969417,37.076883,1
GGB233000342,H104,70,GGB233001095,36151,솔안고개,126.963733,37.075417,1
GGB233000342,H104,71,GGB233001097,36144,신왕공단,126.960733,37.0769,1
GGB233000342,H104,72,GGB233001098,36133,신왕2리.독줄입구,126.954083,37.077617,1
GGB233000342,H104,73,GGB233000025,36127,신왕3리.조리울,126.952367,37.0801,1
GGB233000342,H104,74,GGB233001788,37856,양감초등학교.중학교,126.950483,37.080817,1
GGB233000342,H104,75,GGB233000024,36120,양감농협,126.946767,37.081167,1
GGB233000342,H104,76,GGB233001101,36777,양감면행정복지센터,126.945167,37.081783,1
GGB233000342,H104,77,GGB233000416,36443,신왕리,126.9443,37.083483,1
GGB233000342,H104,78,GGB233000007,36107,대양2리,126.942617,37.0868,1
GGB233000342,H104,79,GGB233000580,55839,신한바이오캠,126.9379,37.088517,1
GGB233000342,H104,80,GGB233001831,55834,동양콘크리트입구,126.932217,37.088933,1
GGB233000342,H104,81,GGB233000577,55836,대양3리입구,126.929933,37.08855,1
GGB233000342,H104,82,GGB233001827,37344,제약단지.하길리입구,126.91545,37.090533,1
GGB233000342,H104,83,GGB233001829,37869,제약공단후문,126.911517,37.090683,1
GGB233000342,H104,84,GGB233002631,55075,향남제약공단입구,126.906167,37.096617,1
GGB233000342,H104,85,GGB233001977,37956,상신3리.검정골(좌회전전용),126.902883,37.098783,1
GGB233000342,H104,86,GGB233002472,55481,향남주공18단지,126.89775,37.098867,1
GGB233000342,H104,87,GGB233002473,55483,향남부영16단지,126.897767,37.103867,1
GGB233000342,H104,88,GGB233001548,55479,상신하길로주택,126.902867,37.105967,1
GGB233000342,H104,89,GGB233001825,55745,하길리,126.907817,37.108017,1
GGB233000342,H104,90,GGB233002474,55323,향남부영13단지,126.90815,37.109517,1
GGB233000342,H104,91,GGB233002417,36697,하길중학교,126.908817,37.1134,1
GGB233000342,H104,92,GGB233002412,55287,향남부영3단지,126.911417,37.118017,1
GGB233000342,H104,93,GGB233002466,55321,향남주공1단지,126.91255,37.120483,1
GGB233000342,H104,94,GGB233001893,55926,향남역,126.913633,37.122733,1
GGB233000342,H104,95,GGB233002021,37996,신명스카이뷰.휴먼시아5단지,126.915917,37.126133,1
GGB233000342,H104,96,GGB233002022,37993,에일린의뜰.휴먼시아6단지,126.919383,37.12595,1
GGB233000342,H104,97,GGB233002104,55080,신영지웰,126.920967,37.127867,1
GGB233000342,H104,98,GGB233001860,37903,화성소방서.향남홈플러스,126.9213,37.130533,1
GGB233000342,H104,99,GGB233000633,37288,향남읍행정복지센터,126.919117,37.13175,1
GGB233000342,H104,100,GGB233001026,37269,화성중앙병원.발안초등학교,126.9115,37.131183,1
GGB233000342,H104,101,GGB233001565,37625,발안사거리.평리,126.910533,37.131717,1
GGB233000342,H104,102,GGB233001864,37912,발안삼거리,126.91145,37.134767,1
GGB233000342,H104,103,GGB233003051,55328,향남시외터미널,126.922067,37.133017,1
GGB233000343,H105,1,GGB233003052,55329,향남시외터미널,126.922067,37.13295,1
GGB233000343,H105,2,GGB233002360,55252,향남홈플러스,126.922383,37.131567,1
GGB233000343,H105,3,GGB233000633,37288,향남읍행정복지센터,126.919117,37.13175,1
GGB233000343,H105,4,GGB233001026,37269,화성중앙병원.발안초등학교,126.9115,37.131183,1
GGB233000343,H105,5,GGB233001565,37625,발안사거리.평리,126.910533,37.131717,1
GGB233000343,H105,6,GGB233001769,37809,장짐교차로.축산농협,126.9109,37.135583,1
GGB233000343,H105,7,GGB233001394,36925,발안만세시장,126.90845,37.132567,1
GGB233000343,H105,8,GGB233002695,36629,발안1리경로당,126.906233,37.131033,1
GGB233000343,H105,9,GGB233000385,36844,만세구보건소앞,126.904933,37.129067,1
GGB233000343,H105,10,GGB233000384,37248,동양빌딩앞,126.901833,37.12725,1
GGB233000343,H105,11,GGB233001395,37230,제암리,126.89605,37.124117,1
GGB233000343,H105,12,GGB233001555,37224,한국폴리텍대학,126.892717,37.1219,1
GGB233000343,H105,13,GGB233000926,37216,매곡리,126.888383,37.117433,1
GGB233000343,H105,14,GGB233000927,37205,해창1리.우리꽃식물원,126.88195,37.113133,1
GGB233000343,H105,15,GGB233000442,36898,해창리,126.878,37.112433,1
GGB233000343,H105,16,GGB233000381,36845,해창2리.능인대학원대학교,126.872233,37.1082,1
GGB233000343,H105,17,GGB233000380,37167,성문,126.865717,37.10335,1
GGB233000343,H105,18,GGB233002632,37456,수촌1리,126.857167,37.1029,1
GGB233000343,H105,19,GGB233002612,36846,수촌3리,126.850633,37.103333,1
GGB233000343,H105,20,GGB233000377,36847,금의리,126.843117,37.10315,1
GGB233000343,H105,21,GGB233002611,36848,금의1리,126.839117,37.1002,1
GGB233000343,H105,22,GGB233000905,36427,어은1리한양빌라앞,126.8368,37.097967,1
GGB233000343,H105,23,GGB233002630,37396,어은1리,126.834283,37.095567,1
GGB233000343,H105,24,GGB233002610,36835,어은1정미소앞,126.831083,37.092967,1
GGB233000343,H105,25,GGB233001643,37757,거문들,126.829883,37.089467,1
GGB233000343,H105,26,GGB233001387,37593,어은삼거리,126.826767,37.0863,1
GGB233000343,H105,27,GGB233002244,37968,조암한라비발디,126.82375,37.0882,1
GGB233000343,H105,28,GGB233000373,36022,조암시장남쪽입구,126.819267,37.082983,1
GGB233000343,H105,29,GGB233001434,55077,조암시장,126.815617,37.081533,1
GGB233000343,H105,30,GGB233000992,36797,장안여자중학교,126.815233,37.07855,1
GGB233000343,H105,31,GGB233000496,36910,사곡사거리,126.815217,37.074833,1
GGB233000343,H105,32,GGB233002511,55388,장안우체국,126.81385,37.072167,1
GGB233000343,H105,33,GGB233002278,36617,화산5리,126.8109,37.070233,1
GGB233000343,H105,34,GGB233000993,37478,사곡1리,126.809217,37.069083,1
GGB233000343,H105,35,GGB233001776,37834,장자터,126.802167,37.066483,1
GGB233000343,H105,36,GGB233000485,36918,기아생활관,126.795767,37.06445,1
GGB233000343,H105,37,GGB233001554,36701,화산삼거리,126.793183,37.063,1
GGB233000343,H105,38,GGB233000399,36438,화산리,126.7915,37.062367,1
GGB233000343,H105,39,GGB233001185,36786,화산1리,126.789767,37.062,1
GGB233000343,H105,40,GGB233001003,37477,석천2리입구,126.782033,37.057367,1
GGB233000343,H105,41,GGB233000177,36580,매향2리입구,126.772583,37.052117,1
GGB233000343,H105,42,GGB233001245,36922,매향2리,126.769483,37.05095,1
GGB233000343,H105,43,GGB233001004,36796,양지편,126.765067,37.048433,1
GGB233000343,H105,44,GGB233001015,36799,화성드림파크,126.76175,37.046717,1
GGB233000343,H105,45,GGB233001007,37476,기아후문입구,126.758,37.0435,1
GGB233000343,H105,46,GGB233000482,36919,매향,126.751517,37.040383,1
GGB233000343,H105,47,GGB233001154,36588,매향리복지회관,126.75035,37.03895,1
GGB233000343,H105,48,GGB233000481,36920,고온리종점,126.748683,37.037083,1
GGB233000343,H105,49,GGB233001155,36589,매향리복지회관,126.750383,37.038833,1
GGB233000343,H105,50,GGB233001009,36831,매향삼거리,126.751817,37.04055,1
GGB233000343,H105,51,GGB233001008,36832,기아후문입구,126.758333,37.04345,1
GGB233000343,H105,52,GGB233001016,36830,화성드림파크,126.762117,37.046883,1
GGB233000343,H105,53,GGB233000480,37433,양지편,126.765317,37.0484,1
GGB233000343,H105,54,GGB233000479,36921,매향2리,126.768333,37.050283,1
GGB233000343,H105,55,GGB233000178,36581,매향2리입구,126.772767,37.051933,1
GGB233000343,H105,56,GGB233000478,36903,석천2리입구,126.7812,37.056333,1
GGB233000343,H105,57,GGB233001010,37475,화산1리입구,126.787867,37.060883,1
GGB233000343,H105,58,GGB233001011,37474,화산삼거리,126.79335,37.062867,1
GGB233000343,H105,59,GGB233000477,36904,기아생활관,126.795883,37.0643,1
GGB233000343,H105,60,GGB233001780,37839,장자터,126.80225,37.066417,1
GGB233000343,H105,61,GGB233000476,37434,사곡1리,126.80925,37.0689,1
GGB233000343,H105,62,GGB233002279,36618,화산5리,126.81095,37.070117,1
GGB233000343,H105,63,GGB233002512,55389,장안우체국,126.81395,37.072117,1
GGB233000343,H105,64,GGB233000487,37431,사곡사거리,126.81535,37.074917,1
GGB233000343,H105,65,GGB233000486,36917,장안여자중학교,126.815433,37.0786,1
GGB233000343,H105,66,GGB233002625,55396,조암농협,126.817467,37.082,1
GGB233000343,H105,67,GGB233000930,37481,조암시장남쪽입구,126.819367,37.082783,1
GGB233000343,H105,68,GGB233002243,37750,조암한라비발디,126.823767,37.087983,1
GGB233000343,H105,69,GGB233000402,37594,어은삼거리,126.826917,37.086117,1
GGB233000343,H105,70,GGB233002134,55160,거문들,126.829933,37.089367,1
GGB233000343,H105,71,GGB233000401,36869,어은1정미소앞,126.831317,37.093133,1
GGB233000343,H105,72,GGB233000400,37453,어은1리,126.8342,37.095383,1
GGB233000343,H105,73,GGB233001775,37800,어은1리한양빌라앞,126.836917,37.097933,1
GGB233000343,H105,74,GGB233000398,36870,금의1리입구,126.839317,37.100217,1
GGB233000343,H105,75,GGB233000397,37454,수촌3리,126.843033,37.102933,1
GGB233000343,H105,76,GGB233000396,36871,수촌3리,126.8517,37.102933,1
GGB233000343,H105,77,GGB233000395,36872,수촌1리,126.857483,37.102833,1
GGB233000343,H105,78,GGB233000394,37166,성문,126.865733,37.103233,1
GGB233000343,H105,79,GGB233000393,37179,해창2리.능인대학원대학교,126.872517,37.108117,1
GGB233000343,H105,80,GGB233000392,36873,해창리,126.879167,37.1126,1
GGB233000343,H105,81,GGB233001402,37206,해창1리.우리꽃식물원,126.882,37.113033,1
GGB233000343,H105,82,GGB233000391,37217,매곡리,126.888467,37.11725,1
GGB233000343,H105,83,GGB233000390,37225,한국폴리텍대학,126.8929,37.121783,1
GGB233000343,H105,84,GGB233001388,37231,제암리,126.8963,37.124067,1
GGB233000343,H105,85,GGB233000389,36874,동양빌딩앞,126.901917,37.127033,1
GGB233000343,H105,86,GGB233000388,36875,만세구보건소앞,126.9049,37.128783,1
GGB233000343,H105,87,GGB233002694,36628,발안1리경로당,126.90635,37.131133,1
GGB233000343,H105,88,GGB233000387,36876,발안만세시장,126.909417,37.1333,1
GGB233000343,H105,89,GGB233001371,37273,장짐교차로,126.9113,37.135617,1
GGB233000343,H105,90,GGB233001934,37940,KEB하나은행발안지점,126.910783,37.133367,1
GGB233000343,H105,91,GGB233000632,37464,발안초등학교,126.912167,37.131033,1
GGB233000343,H105,92,GGB233001023,37289,향남읍행정복지센터,126.91975,37.1315,1
GGB233000343,H105,93,GGB233002326,55151,향남홈플러스,126.92235,37.131317,1
GGB233000343,H105,94,GGB233003051,55328,향남시외터미널,126.922067,37.133017,1
GGB233000344,H106,1,GGB277104331,,차고지대기(미정차),126.8389,37.202883,1
GGB233000344,H106,2,GGB233002708,55681,화성의과학대학교,126.839617,37.203267,1
GGB233000344,H106,3,GGB233000383,55825,남양뉴타운19.20단지,126.841383,37.203417,1
GGB233000344,H106,4,GGB233000368,55824,남양뉴타운20.19단지,126.8416,37.203517,1
GGB233000344,H106,5,GGB233000597,55675,화성의과학대학교입구,126.838533,37.204567,1
GGB233000344,H106,6,GGB233002375,55463,남양뉴타운10단지,126.835083,37.2061,1
GGB233000344,H106,7,GGB233001503,36738,남양아이파크,126.833733,37.20625,1
GGB233000344,H106,8,GGB233003109,55436,남양동광뷰엘,126.830083,37.208817,1
GGB233000344,H106,9,GGB233000029,36016,동광뷰엘,126.8272,37.20855,1
GGB233000344,H106,10,GGB233002705,55640,남양도서관.동광뷰엘,126.825633,37.2109,1
GGB233000344,H106,11,GGB233000769,36026,(구)남양읍행정복지센터,126.823517,37.212,1
GGB233000344,H106,12,GGB233000768,36021,남양사거리,126.81905,37.209367,1
GGB233000344,H106,13,GGB233001046,36018,기업은행,126.81875,37.20835,1
GGB233000344,H106,14,GGB233001749,37774,남양중고입구.기아남양점,126.820333,37.2058,1
GGB233000344,H106,15,GGB233002159,36024,양우내안애,126.823383,37.202783,1
GGB233000344,H106,16,GGB233001828,36001,남양뉴타운.현대2차,126.825517,37.200717,1
GGB233000344,H106,17,GGB233001747,37767,현대아파트,126.824233,37.19725,1
GGB233000344,H106,18,GGB233000369,36838,기산베스트빌,126.8224,37.1956,1
GGB233000344,H106,19,GGB233002487,60129,남양읍행정복지센터,126.821133,37.19375,1
GGB233000344,H106,20,GGB233000341,60040,서희스타힐스1.3단지,126.81815,37.192667,1
GGB233000344,H106,21,GGB233000340,60039,서희스타힐스3.1단지,126.818917,37.193017,1
GGB233000344,H106,22,GGB233002486,60128,남양읍행정복지센터,126.821067,37.193583,1
GGB233000344,H106,23,GGB233000342,55811,남양읍행정복지센터.서희스타힐스,126.821567,37.192783,1
GGB233000344,H106,24,GGB233002120,37751,화성서부경찰서,126.821733,37.191417,1
GGB233000344,H106,25,GGB233002186,55278,화성시청역,126.821,37.189033,1
GGB233000344,H106,26,GGB233002824,55809,신남4리.외만리,126.81905,37.18255,1
GGB233000344,H106,27,GGB233002011,55059,신남1리,126.818033,37.1806,1
GGB233000344,H106,28,GGB233002189,55318,안석2리,126.817183,37.17835,1
GGB233000344,H106,29,GGB233002008,55058,신남3리,126.8146,37.176283,1
GGB233000344,H106,30,GGB233002259,55472,현대기아자동차연구소,126.812783,37.1718,1
GGB233000344,H106,31,GGB233002922,55473,장덕2리.현대자동차연구소,126.8118,37.170367,1
GGB233000344,H106,32,GGB233000251,60010,장덕2리.전파연구소,126.81055,37.168267,1
GGB233000344,H106,33,GGB233002822,60012,장덕1리.잡재기,126.80695,37.162883,1
GGB233000344,H106,34,GGB233002853,60014,벧엘기도원,126.80535,37.159767,1
GGB233000344,H106,35,GGB233002855,60016,장덕리,126.803017,37.1583,1
GGB233000344,H106,36,GGB233002861,,장덕동수라청,126.798233,37.155567,1
GGB233000344,H106,37,GGB233002868,,매바위,126.795283,37.153883,1
GGB233000344,H106,38,GGB233002862,,장덕동수라청,126.798317,37.155533,1
GGB233000344,H106,39,GGB233002859,,현대수산,126.803733,37.154733,1
GGB233000344,H106,40,GGB233002275,55616,현대자동차출고센터,126.818383,37.14655,1
GGB233000344,H106,41,GGB233002276,55617,현대자동차출고센터,126.818167,37.14665,1
GGB233000344,H106,42,GGB233002863,55660,석포6리(마파지),126.816433,37.143183,1
GGB233000344,H106,43,GGB233002650,55078,석포6리입구,126.818167,37.1395,1
GGB233000344,H106,44,GGB233000422,36856,주곡1리.박우물,126.81195,37.134117,1
GGB233000344,H106,45,GGB233000421,36857,주곡교회.주곡리,126.815517,37.1277,1
GGB233000344,H106,46,GGB233001521,37415,주곡1리마을회관,126.817067,37.125883,1
GGB233000344,H106,47,GGB233003213,36656,배진개,126.819083,37.119267,1
GGB233000344,H106,48,GGB233000456,37439,금의2리,126.81645,37.116617,1
GGB233000344,H106,49,GGB233001563,37627,경신,126.813117,37.11525,1
GGB233000344,H106,50,GGB233001522,37414,주곡2리입구,126.80385,37.110383,1
GGB233000344,H106,51,GGB233001117,37491,화수사거리,126.801883,37.109633,1
GGB233000344,H106,52,GGB233001351,37607,멱우1리,126.807817,37.10605,1
GGB233000344,H106,53,GGB233001426,36923,멱우2리,126.813717,37.102067,1
GGB233000344,H106,54,GGB233001074,37495,멱우2리부대앞,126.8151,37.095767,1
GGB233000344,H106,55,GGB233001068,36707,한각리입구,126.816417,37.091883,1
GGB233000344,H106,56,GGB233002090,55065,우정읍행정복지센터,126.816367,37.088483,1
GGB233000344,H106,57,GGB233001566,36700,조암조원마을,126.815783,37.085083,1
GGB233000344,H106,58,GGB233002625,55396,조암농협,126.817467,37.082,1
GGB233000344,H106,59,GGB233000930,37481,조암시장남쪽입구,126.819367,37.082783,1
GGB233000344,H106,60,GGB233001246,36937,시장앞,126.819483,37.084667,1
GGB233000344,H106,61,GGB233001067,36823,삼괴중고등학교,126.818983,37.087017,1
GGB233000344,H106,62,GGB233001070,36822,청소년문화의집.우정읍복지센터,126.8172,37.089617,1
GGB233000344,H106,63,GGB233001071,36821,한각리입구,126.81645,37.09215,1
GGB233000344,H106,64,GGB233001077,37494,멱우2리부대앞,126.815183,37.095767,1
GGB233000344,H106,65,GGB233001081,36819,멱우2리,126.813833,37.1021,1
GGB233000344,H106,66,GGB233001352,37527,멱우1리,126.80795,37.106067,1
GGB233000344,H106,67,GGB233000452,36891,화수사거리,126.802067,37.109767,1
GGB233000344,H106,68,GGB233001569,37622,경신,126.8133,37.115267,1
GGB233000344,H106,69,GGB233001401,36965,금의2리,126.816417,37.11655,1
GGB233000344,H106,70,GGB233001411,36962,주곡1리입구,126.819167,37.1168,1
GGB233000344,H106,71,GGB233003195,36651,배진개,126.819317,37.1193,1
GGB233000344,H106,72,GGB233000425,37447,주곡1리마을회관,126.817183,37.125817,1
GGB233000344,H106,73,GGB233002866,37580,주곡리.주곡교회,126.815533,37.127783,1
GGB233000344,H106,74,GGB233002865,37667,주곡1리.박우물,126.81205,37.134083,1
GGB233000344,H106,75,GGB233001517,37420,석포6리입구,126.818117,37.139283,1
GGB233000344,H106,76,GGB233001626,37419,석포6리(마파지),126.81655,37.143283,1
GGB233000344,H106,77,GGB233002275,55616,현대자동차출고센터,126.818383,37.14655,1
GGB233000344,H106,78,GGB233002276,55617,현대자동차출고센터,126.818167,37.14665,1
GGB233000344,H106,79,GGB233002860,,현대수산,126.804033,37.15465,1
GGB233000344,H106,80,GGB233002861,,장덕동수라청,126.798233,37.155567,1
GGB233000344,H106,81,GGB233002868,,매바위,126.795283,37.153883,1
GGB233000344,H106,82,GGB233002862,,장덕동수라청,126.798317,37.155533,1
GGB233000344,H106,83,GGB233002856,60017,장덕리,126.803017,37.158217,1
GGB233000344,H106,84,GGB233002858,60015,벧엘기도원,126.805467,37.159767,1
GGB233000344,H106,85,GGB233002854,60013,장덕1리.잡재기,126.806983,37.16275,1
GGB233000344,H106,86,GGB233000252,60011,장덕2리.전파연구소,126.81065,37.168317,1
GGB233000344,H106,87,GGB233002553,36031,장덕2리.현대자동차연구소,126.811933,37.170283,1
GGB233000344,H106,88,GGB233002258,55471,현대기아자동차연구소,126.812967,37.171733,1
GGB233000344,H106,89,GGB233002009,55061,신남3리,126.814583,37.175967,1
GGB233000344,H106,90,GGB233002010,37427,안석2리,126.81725,37.178267,1
GGB233000344,H106,91,GGB233002188,55317,신남1리,126.818233,37.180733,1
GGB233000344,H106,92,GGB233002012,55810,신남4리.외만리,126.819183,37.182617,1
GGB233000344,H106,93,GGB233002015,55056,화성시청역,126.820983,37.18865,1
GGB233000344,H106,94,GGB233002121,55093,화성서부경찰서,126.822117,37.190917,1
GGB233000344,H106,95,GGB233002487,60129,남양읍행정복지센터,126.821133,37.19375,1
GGB233000344,H106,96,GGB233000341,60040,서희스타힐스1.3단지,126.81815,37.192667,1
GGB233000344,H106,97,GGB233000340,60039,서희스타힐스3.1단지,126.818917,37.193017,1
GGB233000344,H106,98,GGB233002486,60128,남양읍행정복지센터,126.821067,37.193583,1
GGB233000344,H106,99,GGB233000187,36805,기산베스트빌,126.822683,37.19545,1
GGB233000344,H106,100,GGB233001746,37771,현대아파트,126.824517,37.197067,1
GGB233000344,H106,101,GGB233001943,36002,남양뉴타운.상가단지,126.825817,37.200917,1
GGB233000344,H106,102,GGB233000188,36804,남양뉴타운.양우내안애,126.824367,37.202283,1
GGB233000344,H106,103,GGB233001318,36023,남양중고교입구,126.82225,37.204367,1
GGB233000344,H106,104,GGB233000210,37567,기업은행,126.81965,37.2073,1
GGB233000344,H106,105,GGB233000730,36019,남양사거리,126.81905,37.209133,1
GGB233000344,H106,106,GGB233000729,36025,(구)남양읍행정복지센터,126.8228,37.211517,1
GGB233000344,H106,107,GGB233002704,55639,남양도서관.동광뷰엘,126.8256,37.21055,1
GGB233000344,H106,108,GGB233000021,36012,동광뷰엘,126.826967,37.208533,1
GGB233000344,H106,109,GGB233003108,55435,남양동광뷰엘,126.829983,37.208483,1
GGB233000344,H106,110,GGB233000138,36431,남양뉴타운1단지,126.83275,37.208767,1
GGB233000344,H106,111,GGB233002536,55427,남양뉴타운10단지,126.835517,37.20605,1
GGB233000344,H106,112,GGB233000856,55676,화성의과학대학교입구,126.8385,37.204283,1
GGB233000344,H106,113,GGB233000383,55825,남양뉴타운19.20단지,126.841383,37.203417,1
GGB233000344,H106,114,GGB233000368,55824,남양뉴타운20.19단지,126.8416,37.203517,1
GGB233000344,H106,115,GGB277104305,,차고지도착(미정차),126.838883,37.203067,1
GGB233000345,H121,1,GGB233003052,55329,향남시외터미널,126.922067,37.13295,1
GGB233000345,H121,2,GGB233002109,55083,화성종합운동장,126.920433,37.135133,1
GGB233000345,H121,3,GGB233001934,37940,KEB하나은행발안지점,126.910783,37.133367,1
GGB233000345,H121,4,GGB233000632,37464,발안초등학교,126.912167,37.131033,1
GGB233000345,H121,5,GGB233001023,37289,향남읍행정복지센터,126.91975,37.1315,1
GGB233000345,H121,6,GGB233001955,37991,화성소방서.향남홈플러스,126.920917,37.13045,1
GGB233000345,H121,7,GGB233002103,55084,에일린의뜰,126.920617,37.127867,1
GGB233000345,H121,8,GGB233002105,55085,단독주택단지,126.919867,37.124333,1
GGB233000345,H121,9,GGB233001109,37280,방축리,126.918367,37.12,1
GGB233000345,H121,10,GGB233000617,37283,향남주공2단지,126.917267,37.116983,1
GGB233000345,H121,11,GGB233002407,55283,향남부영9단지,126.919067,37.113367,1
GGB233000345,H121,12,GGB233001762,55740,향남2교차로,126.928283,37.110717,1
GGB233000345,H121,13,GGB233001107,37306,양석골,126.931383,37.109833,1
GGB233000345,H121,14,GGB233002378,55259,상두리맹산,126.934833,37.105933,1
GGB233000345,H121,15,GGB233000616,36087,대양1리.포도원,126.937367,37.100717,1
GGB233000345,H121,16,GGB233001105,36094,상두리입구,126.939067,37.09745,1
GGB233000345,H121,17,GGB233000006,36093,대양1리,126.939317,37.095567,1
GGB233000345,H121,18,GGB233000005,36105,대양4리,126.941967,37.090283,1
GGB233000345,H121,19,GGB233000004,36108,대양2리,126.942483,37.086417,1
GGB233000345,H121,20,GGB233001100,36778,신왕리,126.944217,37.083333,1
GGB233000345,H121,21,GGB233001824,37794,양감면행정복지센터,126.945,37.081833,1
GGB233000345,H121,22,GGB233000023,36121,양감농협,126.947033,37.081017,1
GGB233000345,H121,23,GGB233001792,37987,양감초중교,126.9505,37.080717,1
GGB233000345,H121,24,GGB233001099,36126,신왕3리.조리울,126.952267,37.08005,1
GGB233000345,H121,25,GGB233000022,36132,독줄입구,126.95375,37.077883,1
GGB233000345,H121,26,GGB233001096,36145,신왕공단,126.9607,37.076817,1
GGB233000345,H121,27,GGB233001094,36150,솔안고개,126.963717,37.07535,1
GGB233000345,H121,28,GGB233001183,37596,솔안,126.969083,37.07655,1
GGB233000345,H121,29,GGB233001181,36184,용소3리입구,126.973417,37.0775,1
GGB233000345,H121,30,GGB233001184,36199,용소2리,126.978267,37.079033,1
GGB233000345,H121,31,GGB233000009,36247,용소1리,126.9845,37.08005,1
GGB233000345,H121,32,GGB233000689,36472,용소교차로,126.98775,37.080633,1
GGB233000345,H121,33,GGB233000008,36224,용소4리,126.981817,37.084867,1
GGB233000345,H121,34,GGB233001175,36208,갈목,126.979417,37.08645,1
GGB233000345,H121,35,GGB233002483,55342,사창리,126.975783,37.0913,1
GGB233000345,H121,36,GGB233001090,36175,사창초등학교,126.972283,37.09115,1
GGB233000345,H121,37,GGB233001112,36166,사창1리,126.9714,37.093717,1
GGB233000345,H121,38,GGB233000018,36171,사창3리,126.9717,37.0964,1
GGB233000345,H121,39,GGB233001087,36181,삼풍전선,126.972467,37.101067,1
GGB233000345,H121,40,GGB233000017,36179,사창2리.요꼴,126.9725,37.106967,1
GGB233000345,H121,41,GGB233001084,36780,요꼴낚시터,126.975617,37.1132,1
GGB233000345,H121,42,GGB233000016,36202,까치고개,126.978483,37.114917,1
GGB233000345,H121,43,GGB233001080,37341,배밭,126.98255,37.116967,1
GGB233000345,H121,44,GGB233001076,37346,송산리입구.부처내고개,126.9909,37.11905,1
GGB233000345,H121,45,GGB233001073,37350,원슈퍼.삼거리,126.994483,37.12245,0
GGB233000345,H121,46,GGB233000031,36278,부처내,126.996567,37.12265,1
GGB233000345,H121,47,GGB233001171,37483,귀래리,126.989617,37.1387,1
GGB233000345,H121,48,GGB233001349,36258,삼일화학,126.986367,37.142067,1
GGB233000345,H121,49,GGB233001347,36970,계양리(마을회관),126.9854,37.1453,1
GGB233000345,H121,50,GGB233001345,36244,계향리,126.984267,37.148883,1
GGB233000345,H121,51,GGB233000659,37571,계향2리,126.981333,37.152383,1
GGB233000345,H121,52,GGB233001495,37570,계향2리,126.9811,37.15225,1
GGB233000345,H121,53,GGB233001344,36242,계향리,126.9842,37.148833,1
GGB233000345,H121,54,GGB233001346,37528,계양리(마을회관),126.985317,37.145417,1
GGB233000345,H121,55,GGB233001348,36257,삼일화학,126.986333,37.1419,1
GGB233000345,H121,56,GGB233001171,37483,귀래리,126.989617,37.1387,1
GGB233000345,H121,57,GGB233000946,37351,부처내,126.9967,37.122783,1
GGB233000345,H121,58,GGB233001072,37349,삼거리.원슈퍼.원마트,126.99415,37.122317,1
GGB233000345,H121,59,GGB233001075,37345,송산리입구.부처내고개,126.99065,37.119033,1
GGB233000345,H121,60,GGB233001079,37340,배밭,126.9828,37.117317,1
GGB233000345,H121,61,GGB233001082,36201,까치고개,126.9788,37.115083,1
GGB233000345,H121,62,GGB233001083,36781,요꼴낚시터,126.975683,37.113433,1
GGB233000345,H121,63,GGB233001085,36178,사창2리.요꼴,126.972567,37.107433,1
GGB233000345,H121,64,GGB233001086,36177,삼풍전선,126.9724,37.1007,1
GGB233000345,H121,65,GGB233001088,36168,동자골.사창3리,126.971617,37.096483,1
GGB233000345,H121,66,GGB233000030,36165,사창1리,126.971283,37.093767,1
GGB233000345,H121,67,GGB233000028,36173,사창초등학교,126.972167,37.091283,1
GGB233000345,H121,68,GGB233002482,55341,사창리,126.9758,37.091233,1
GGB233000345,H121,69,GGB233001186,36207,길목,126.97935,37.086417,1
GGB233000345,H121,70,GGB233001174,36222,용소4리,126.981283,37.08505,1
GGB233000345,H121,71,GGB233000690,36473,용소교차로,126.9876,37.08075,1
GGB233000345,H121,72,GGB233001177,36248,용소1리,126.984283,37.080117,1
GGB233000345,H121,73,GGB233000010,36198,용소2리,126.97815,37.079133,1
GGB233000345,H121,74,GGB233001180,36185,용소3리입구,126.973333,37.077583,1
GGB233000345,H121,75,GGB233001182,36155,솔안슈퍼,126.969417,37.076883,1
GGB233000345,H121,76,GGB233001095,36151,솔안고개,126.963733,37.075417,1
GGB233000345,H121,77,GGB233001097,36144,신왕공단,126.960733,37.0769,1
GGB233000345,H121,78,GGB233001098,36133,신왕2리.독줄입구,126.954083,37.077617,1
GGB233000345,H121,79,GGB233000025,36127,신왕3리.조리울,126.952367,37.0801,1
GGB233000345,H121,80,GGB233001788,37856,양감초등학교.중학교,126.950483,37.080817,1
GGB233000345,H121,81,GGB233000024,36120,양감농협,126.946767,37.081167,1
GGB233000345,H121,82,GGB233001101,36777,양감면행정복지센터,126.945167,37.081783,1
GGB233000345,H121,83,GGB233000007,36107,대양2리,126.942617,37.0868,1
GGB233000345,H121,84,GGB233001102,36106,대양4리,126.9421,37.0903,1
GGB233000345,H121,85,GGB233001103,36096,대양1리,126.939417,37.09545,1
GGB233000345,H121,86,GGB233001104,36098,상두리입구,126.9392,37.097483,1
GGB233000345,H121,87,GGB233000620,36088,대양1리.포도원,126.937467,37.100883,1
GGB233000345,H121,88,GGB233002379,55260,상두리맹산,126.9347,37.106267,1
GGB233000345,H121,89,GGB233001106,37307,양석골,126.931383,37.110183,1
GGB233000345,H121,90,GGB233001766,55741,향남2교차로,126.928633,37.111,1
GGB233000345,H121,91,GGB233002406,55282,향남부영9단지,126.919267,37.113767,1
GGB233000345,H121,92,GGB233001108,37284,향남주공2단지,126.917617,37.116733,1
GGB233000345,H121,93,GGB233000618,37281,방축리,126.918667,37.120033,1
GGB233000345,H121,94,GGB233002106,55081,단독주택단지,126.920183,37.12425,1
GGB233000345,H121,95,GGB233002104,55080,신영지웰,126.920967,37.127867,1
GGB233000345,H121,96,GGB233001860,37903,화성소방서.향남홈플러스,126.9213,37.130533,1
GGB233000345,H121,97,GGB233000633,37288,향남읍행정복지센터,126.919117,37.13175,1
GGB233000345,H121,98,GGB233001026,37269,화성중앙병원.발안초등학교,126.9115,37.131183,1
GGB233000345,H121,99,GGB233001565,37625,발안사거리.평리,126.910533,37.131717,1
GGB233000345,H121,100,GGB233001864,37912,발안삼거리,126.91145,37.134767,1
GGB233000345,H121,101,GGB233003051,55328,향남시외터미널,126.922067,37.133017,1
GGB233000346,H122,1,GGB233003052,55329,향남시외터미널,126.922067,37.13295,1
GGB233000346,H122,2,GGB233002109,55083,화성종합운동장,126.920433,37.135133,1
GGB233000346,H122,3,GGB233001934,37940,KEB하나은행발안지점,126.910783,37.133367,1
GGB233000346,H122,4,GGB233000632,37464,발안초등학교,126.912167,37.131033,1
GGB233000346,H122,5,GGB233001023,37289,향남읍행정복지센터,126.91975,37.1315,1
GGB233000346,H122,6,GGB233001955,37991,화성소방서.향남홈플러스,126.920917,37.13045,1
GGB233000346,H122,7,GGB233002103,55084,에일린의뜰,126.920617,37.127867,1
GGB233000346,H122,8,GGB233002105,55085,단독주택단지,126.919867,37.124333,1
GGB233000346,H122,9,GGB233001109,37280,방축리,126.918367,37.12,1
GGB233000346,H122,10,GGB233000617,37283,향남주공2단지,126.917267,37.116983,1
GGB233000346,H122,11,GGB233002407,55283,향남부영9단지,126.919067,37.113367,1
GGB233000346,H122,12,GGB233001762,55740,향남2교차로,126.928283,37.110717,1
GGB233000346,H122,13,GGB233001107,37306,양석골,126.931383,37.109833,1
GGB233000346,H122,14,GGB233001204,37315,상두1리,126.944767,37.106,1
GGB233000346,H122,15,GGB233001203,37319,상두2리,126.948333,37.10135,1
GGB233000346,H122,16,GGB233001201,36115,외딴집,126.943617,37.09985,1
GGB233000346,H122,17,GGB233001199,36101,상두리입구,126.940067,37.097267,1
GGB233000346,H122,18,GGB233000006,36093,대양1리,126.939317,37.095567,1
GGB233000346,H122,19,GGB233000005,36105,대양4리,126.941967,37.090283,1
GGB233000346,H122,20,GGB233000004,36108,대양2리,126.942483,37.086417,1
GGB233000346,H122,21,GGB233001100,36778,신왕리,126.944217,37.083333,1
GGB233000346,H122,22,GGB233001824,37794,양감면행정복지센터,126.945,37.081833,1
GGB233000346,H122,23,GGB233000023,36121,양감농협,126.947033,37.081017,1
GGB233000346,H122,24,GGB233001792,37987,양감초중교,126.9505,37.080717,1
GGB233000346,H122,25,GGB233001099,36126,신왕3리.조리울,126.952267,37.08005,1
GGB233000346,H122,26,GGB233000022,36132,독줄입구,126.95375,37.077883,1
GGB233000346,H122,27,GGB233001096,36145,신왕공단,126.9607,37.076817,1
GGB233000346,H122,28,GGB233001094,36150,솔안고개,126.963717,37.07535,1
GGB233000346,H122,29,GGB233001183,37596,솔안,126.969083,37.07655,1
GGB233000346,H122,30,GGB233000020,36162,용소3리,126.97045,37.079283,1
GGB233000346,H122,31,GGB233001091,36779,오가리,126.970533,37.0856,1
GGB233000346,H122,32,GGB233000019,36170,사창4리,126.971867,37.089217,1
GGB233000346,H122,33,GGB233001198,36180,사창초등학교,126.9726,37.090817,1
GGB233000346,H122,34,GGB233002482,55341,사창리,126.9758,37.091233,1
GGB233000346,H122,35,GGB233001196,36250,정문1리,126.984883,37.09305,1
GGB233000346,H122,36,GGB233000015,36253,정문2리,126.985583,37.094667,1
GGB233000346,H122,37,GGB233001193,36241,양계장,126.984133,37.101233,1
GGB233000346,H122,38,GGB233000014,36255,송산1리,126.9862,37.1055,1
GGB233000346,H122,39,GGB233001443,36958,송산교차로,126.987767,37.106767,1
GGB233000346,H122,40,GGB233001190,36266,송산4리,126.98905,37.107683,1
GGB233000346,H122,41,GGB233001120,36271,수산세보틱스,126.99115,37.114533,1
GGB233000346,H122,42,GGB233001076,37346,송산리입구.부처내고개,126.9909,37.11905,1
GGB233000346,H122,43,GGB233001073,37350,원슈퍼.삼거리,126.994483,37.12245,0
GGB233000346,H122,44,GGB233000031,36278,부처내,126.996567,37.12265,1
GGB233000346,H122,45,GGB233001171,37483,귀래리,126.989617,37.1387,1
GGB233000346,H122,46,GGB233001349,36258,삼일화학,126.986367,37.142067,1
GGB233000346,H122,47,GGB233001347,36970,계양리(마을회관),126.9854,37.1453,1
GGB233000346,H122,48,GGB233001345,36244,계향리,126.984267,37.148883,1
GGB233000346,H122,49,GGB233000659,37571,계향2리,126.981333,37.152383,1
GGB233000346,H122,50,GGB233001495,37570,계향2리,126.9811,37.15225,1
GGB233000346,H122,51,GGB233001344,36242,계향리,126.9842,37.148833,1
GGB233000346,H122,52,GGB233001346,37528,계양리(마을회관),126.985317,37.145417,1
GGB233000346,H122,53,GGB233001348,36257,삼일화학,126.986333,37.1419,1
GGB233000346,H122,54,GGB233001171,37483,귀래리,126.989617,37.1387,1
GGB233000346,H122,55,GGB233000946,37351,부처내,126.9967,37.122783,1
GGB233000346,H122,56,GGB233001072,37349,삼거리.원슈퍼.원마트,126.99415,37.122317,1
GGB233000346,H122,57,GGB233000013,36272,수산세보틱스,126.991017,37.1147,1
GGB233000346,H122,58,GGB233001189,36267,송산4리,126.988983,37.107833,1
GGB233000346,H122,59,GGB233001002,36509,송산교차로,126.987417,37.106683,1
GGB233000346,H122,60,GGB233001191,36256,송산1리,126.986067,37.105467,1
GGB233000346,H122,61,GGB233001192,36245,양계장,126.983883,37.100933,1
GGB233000346,H122,62,GGB233001194,36252,정문2리,126.985467,37.094683,1
GGB233000346,H122,63,GGB233001195,36251,정문1리,126.9849,37.09315,1
GGB233000346,H122,64,GGB233002483,55342,사창리,126.975783,37.0913,1
GGB233000346,H122,65,GGB233001197,36182,사창초등학교,126.972533,37.0909,1
GGB233000346,H122,66,GGB233000027,36167,사창4리,126.971633,37.089017,1
GGB233000346,H122,67,GGB233000026,36791,오가리,126.970417,37.085717,1
GGB233000346,H122,68,GGB233001092,36160,용소3리,126.970333,37.079333,1
GGB233000346,H122,69,GGB233001182,36155,솔안슈퍼,126.969417,37.076883,1
GGB233000346,H122,70,GGB233001095,36151,솔안고개,126.963733,37.075417,1
GGB233000346,H122,71,GGB233001097,36144,신왕공단,126.960733,37.0769,1
GGB233000346,H122,72,GGB233001098,36133,신왕2리.독줄입구,126.954083,37.077617,1
GGB233000346,H122,73,GGB233000025,36127,신왕3리.조리울,126.952367,37.0801,1
GGB233000346,H122,74,GGB233001788,37856,양감초등학교.중학교,126.950483,37.080817,1
GGB233000346,H122,75,GGB233000024,36120,양감농협,126.946767,37.081167,1
GGB233000346,H122,76,GGB233001101,36777,양감면행정복지센터,126.945167,37.081783,1
GGB233000346,H122,77,GGB233000007,36107,대양2리,126.942617,37.0868,1
GGB233000346,H122,78,GGB233001102,36106,대양4리,126.9421,37.0903,1
GGB233000346,H122,79,GGB233001103,36096,대양1리,126.939417,37.09545,1
GGB233000346,H122,80,GGB233001200,36100,상두리입구,126.94,37.097067,1
GGB233000346,H122,81,GGB233001202,36114,외딴집,126.943433,37.099783,1
GGB233000346,H122,82,GGB233000003,37320,상두2리,126.9484,37.101367,1
GGB233000346,H122,83,GGB233001205,37314,상두1리,126.94475,37.10605,1
GGB233000346,H122,84,GGB233001106,37307,양석골,126.931383,37.110183,1
GGB233000346,H122,85,GGB233001766,55741,향남2교차로,126.928633,37.111,1
GGB233000346,H122,86,GGB233002406,55282,향남부영9단지,126.919267,37.113767,1
GGB233000346,H122,87,GGB233001108,37284,향남주공2단지,126.917617,37.116733,1
GGB233000346,H122,88,GGB233000618,37281,방축리,126.918667,37.120033,1
GGB233000346,H122,89,GGB233002106,55081,단독주택단지,126.920183,37.12425,1
GGB233000346,H122,90,GGB233002104,55080,신영지웰,126.920967,37.127867,1
GGB233000346,H122,91,GGB233001860,37903,화성소방서.향남홈플러스,126.9213,37.130533,1
GGB233000346,H122,92,GGB233000633,37288,향남읍행정복지센터,126.919117,37.13175,1
GGB233000346,H122,93,GGB233001026,37269,화성중앙병원.발안초등학교,126.9115,37.131183,1
GGB233000346,H122,94,GGB233001565,37625,발안사거리.평리,126.910533,37.131717,1
GGB233000346,H122,95,GGB233001864,37912,발안삼거리,126.91145,37.134767,1
GGB233000346,H122,96,GGB233003051,55328,향남시외터미널,126.922067,37.133017,1
GGB233000347,H120A,1,GGB201000590,2983,수원역환승센터(4승강장),126.9989,37.265183,0
GGB233000347,H120A,2,GGB277103125,,환승센터출입1(미정차),126.99785,37.268417,0
GGB233000347,H120A,3,GGB277103126,,환승센터출입2(미정차),126.996683,37.271183,0
GGB233000347,H120A,4,GGB277101594,,서둔교차로(미정차),126.9942,37.270667,0
GGB233000347,H120A,5,GGB202000208,3015,수원역4번출구.노보텔수원,126.999567,37.268083,0
GGB233000347,H120A,6,GGB277103689,,수원역고가(미정차),127.001717,37.264367,0
GGB233000347,H120A,7,GGB201000431,2933,동남아파트,127.000317,37.261117,0
GGB233000347,H120A,8,GGB201000020,2156,공구유통타운.중앙자동차매매단지,126.997067,37.25835,0
GGB233000347,H120A,9,GGB201000390,2331,중보교.수원역자동차운전전문학원,126.994583,37.25575,0
GGB233000347,H120A,10,GGB201000389,2926,고색동입구,126.98995,37.253533,0
GGB233000347,H120A,11,GGB201000064,2137,고색파출소.종합공구단지,126.986683,37.252633,0
GGB233000347,H120A,12,GGB201000019,2128,연안아파트.삼성큰병원,126.983783,37.251817,0
GGB233000347,H120A,13,GGB201000018,2122,고색역.고색초교.태산아파트,126.979667,37.25065,0
GGB233000347,H120A,14,GGB201000488,2972,서수원주민편익시설,126.972333,37.248583,0
GGB233000347,H120A,15,GGB201000017,2067,수원여자대학입구,126.965633,37.24675,0
GGB233000347,H120A,16,GGB201000016,2058,오목천동태산아파트.서희스타힐스,126.96285,37.2458,0
GGB233000347,H120A,17,GGB201000429,2932,한국방송통신대학교,126.958367,37.241817,0
GGB233000347,H120A,18,GGB233000839,36146,수영오거리.봉담입구,126.9615,37.237033,1
GGB233000347,H120A,19,GGB277102501,,봉담IC교차로(미정차),126.956883,37.229633,1
GGB233000347,H120A,20,GGB233000838,36135,대진아이엠.LH3단지,126.953833,37.225533,1
GGB233000347,H120A,21,GGB233000837,36128,동화리.동남아파트,126.951967,37.2233,1
GGB233000347,H120A,22,GGB233000836,36123,봉담읍행정복지센터,126.949283,37.2204,1
GGB233000347,H120A,23,GGB233000835,36119,삼봉마을.신안인스빌,126.94565,37.217967,1
GGB233000347,H120A,24,GGB233000833,36111,장안대학,126.943633,37.213683,1
GGB233000347,H120A,25,GGB233000832,36109,왕림휴게소,126.94275,37.204467,1
GGB233000347,H120A,26,GGB233001581,36702,상기리입구,126.940917,37.199883,1
GGB233000347,H120A,27,GGB233000831,36103,왕림리.상기리입구,126.93985,37.197883,1
GGB233000347,H120A,28,GGB233000830,36095,가톨릭대학교,126.939167,37.193567,1
GGB233000347,H120A,29,GGB233000829,36090,왕림4리.세곡리,126.938217,37.18935,1
GGB233000347,H120A,30,GGB233000828,36089,당하리.흰돌산기도원입구,126.93815,37.185483,1
GGB233000347,H120A,31,GGB233000827,36083,해병대사령부,126.93635,37.178667,1
GGB233000347,H120A,32,GGB233000826,36082,화성푸드통합지원센터(로컬푸드직매장),126.936317,37.1723,1
GGB233000347,H120A,33,GGB233000825,36077,덕리,126.9347,37.16795,1
GGB233000347,H120A,34,GGB233000824,36073,팔탄입구,126.93205,37.164667,1
GGB233000347,H120A,35,GGB233000081,55729,덕우리,126.92095,37.164433,1
GGB233000347,H120A,36,GGB233003180,55712,덕우공단입구,126.915683,37.16085,1
GGB233000347,H120A,37,GGB233003183,55715,청호인재개발원,126.911933,37.1616,1
GGB233000347,H120A,38,GGB233003181,55713,소동촌,126.90795,37.160767,1
GGB233000347,H120A,39,GGB233000516,37254,팔탄면행정복지센터,126.904183,37.162267,1
GGB233000347,H120A,40,GGB233002510,55387,마곡마을입구,126.900533,37.164167,1
GGB233000347,H120A,41,GGB233001030,37229,구장삼거리,126.896033,37.168017,1
GGB233000347,H120A,42,GGB233001032,37223,구장사거리.공구상가,126.892417,37.169083,1
GGB233000347,H120A,43,GGB233002161,55176,하피랜드,126.887833,37.169167,1
GGB233000347,H120A,44,GGB233001034,37204,율암삼거리,126.88135,37.167,1
GGB233000347,H120A,45,GGB233002770,55642,율암드림마트앞,126.875967,37.1638,1
GGB233000347,H120A,46,GGB233002772,55644,대방초교,126.8694,37.162217,1
GGB233000347,H120A,47,GGB233002774,55646,명인제약,126.866783,37.159983,1
GGB233000347,H120A,48,GGB233002613,36854,노하1리,126.86735,37.157333,1
GGB233000347,H120A,49,GGB233002619,36930,노하2리,126.862167,37.1577,1
GGB233000347,H120A,50,GGB233002620,36929,정미소앞,126.8597,37.1592,1
GGB233000347,H120A,51,GGB233002642,37519,노하3리,126.854683,37.158733,1
GGB233000347,H120A,52,GGB233002643,37547,노하3리.백미정,126.851767,37.1569,1
GGB233000347,H120A,53,GGB233000547,37355,노하3리.장나루,126.849567,37.155083,1
GGB233000347,H120A,54,GGB233001516,37422,석포1리.돌서지,126.83135,37.143033,1
GGB233000347,H120A,55,GGB233001515,37421,석포1리.한절,126.825867,37.142833,1
GGB233000347,H120A,56,GGB233001626,37419,석포6리(마파지),126.81655,37.143283,1
GGB233000347,H120A,57,GGB233002275,55616,현대자동차출고센터,126.818383,37.14655,1
GGB233000347,H120A,58,GGB233002276,55617,현대자동차출고센터,126.818167,37.14665,1
GGB233000347,H120A,59,GGB233002863,55660,석포6리(마파지),126.816433,37.143183,1
GGB233000347,H120A,60,GGB233002489,37356,노하3리.장나루,126.8497,37.155083,1
GGB233000347,H120A,61,GGB233002617,36850,노하3리.백미정,126.852117,37.156983,1
GGB233000347,H120A,62,GGB233002616,36851,노하3리,126.854883,37.158767,1
GGB233000347,H120A,63,GGB233002633,37446,정미소앞,126.859517,37.159167,1
GGB233000347,H120A,64,GGB233002615,36852,노하2리,126.862033,37.157683,1
GGB233000347,H120A,65,GGB233002614,36853,노하1리,126.867233,37.1572,1
GGB233000347,H120A,66,GGB233002775,55647,명인제약,126.866883,37.16,1
GGB233000347,H120A,67,GGB233002773,55645,대방초교,126.86945,37.162133,1
GGB233000347,H120A,68,GGB233002771,55643,율암드림마트앞,126.876033,37.163717,1
GGB233000347,H120A,69,GGB233000201,37201,율암삼거리,126.880783,37.1668,1
GGB233000347,H120A,70,GGB233002160,55175,하피랜드,126.888283,37.16895,1
GGB233000347,H120A,71,GGB233001033,37473,구장사거리.공구상가,126.8926,37.16875,1
GGB233000347,H120A,72,GGB233001031,37228,구장삼거리,126.895917,37.167983,1
GGB233000347,H120A,73,GGB233002509,55386,마곡마을입구,126.900667,37.163917,1
GGB233000347,H120A,74,GGB233001029,37253,팔탄면행정복지센터,126.903967,37.162267,1
GGB233000347,H120A,75,GGB233000520,37257,소동촌,126.90795,37.160717,1
GGB233000347,H120A,76,GGB233003182,55714,청호인재개발원,126.9119,37.161483,1
GGB233000347,H120A,77,GGB233003179,55711,덕우공단입구,126.9158,37.1608,1
GGB233000347,H120A,78,GGB233000519,36061,덕우저수지,126.922783,37.165033,1
GGB233000347,H120A,79,GGB233000921,36074,팔탄입구,126.932233,37.164533,1
GGB233000347,H120A,80,GGB233000796,36078,덕리,126.93495,37.167883,1
GGB233000347,H120A,81,GGB233000795,36086,화성푸드통합지원센터(로컬푸드직매장),126.936617,37.1726,1
GGB233000347,H120A,82,GGB233000794,36081,해병대사령부,126.936333,37.177683,1
GGB233000347,H120A,83,GGB233000793,36091,당하리.흰돌산기도원입구,126.938383,37.18515,1
GGB233000347,H120A,84,GGB233000792,36092,왕림4리.세곡리,126.9384,37.188967,1
GGB233000347,H120A,85,GGB233000791,36097,가톨릭대학교,126.939417,37.193583,1
GGB233000347,H120A,86,GGB233000790,36102,왕림리.상기리입구,126.939967,37.1972,1
GGB233000347,H120A,87,GGB233000902,36729,상기리입구,126.94115,37.1998,1
GGB233000347,H120A,88,GGB233000789,36110,왕림휴게소,126.942817,37.203967,1
GGB233000347,H120A,89,GGB277102570,,왕림휴게소(미정차),126.943767,37.2073,1
GGB233000347,H120A,90,GGB233000788,36113,장안대학,126.944,37.21365,1
GGB233000347,H120A,91,GGB233000787,36118,삼봉마을.신안인스빌,126.945917,37.217817,1
GGB233000347,H120A,92,GGB233000786,36122,봉담읍행정복지센터,126.94965,37.220333,1
GGB233000347,H120A,93,GGB233000785,36131,동화리.동남아파트,126.9523,37.223167,1
GGB233000347,H120A,94,GGB233000784,36134,대진아이엠.LH3단지,126.953783,37.224967,1
GGB233000347,H120A,95,GGB277101927,,봉담IC교차로(미정차),126.957233,37.22935,1
GGB233000347,H120A,96,GGB233000783,36147,수영오거리.봉담입구,126.962,37.23695,1
GGB233000347,H120A,97,GGB201000025,2059,오목천동태산아파트.서희스타힐스,126.9642,37.245983,0
GGB233000347,H120A,98,GGB201000024,2070,수원여자대학교입구,126.966883,37.246717,0
GGB233000347,H120A,99,GGB201000365,2872,서수원주민편익시설,126.972717,37.248367,0
GGB233000347,H120A,100,GGB201000023,2124,고색역.고색초교.태산아파트,126.9799,37.2504,0
GGB233000347,H120A,101,GGB201000022,2131,삼성큰병원.대원.거산아파트,126.984967,37.251833,0
GGB233000347,H120A,102,GGB201000341,2842,고색동입구,126.990117,37.25325,0
GGB233000347,H120A,103,GGB201000492,2332,중보교.수원역자동차운전전문학원,126.994867,37.2556,0
GGB233000347,H120A,104,GGB201000336,2832,공구유통타운.중앙자동차매매단지,126.997067,37.257833,0
GGB233000347,H120A,105,GGB201000432,2934,동남아파트,127.000433,37.260817,0
GGB233000347,H120A,106,GGB201000590,2983,수원역환승센터(4승강장),126.9989,37.265183,0
GGB233000348,H120B,1,GGB277104331,,차고지대기(미정차),126.8389,37.202883,1
GGB233000348,H120B,2,GGB233002708,55681,화성의과학대학교,126.839617,37.203267,1
GGB233000348,H120B,3,GGB233000383,55825,남양뉴타운19.20단지,126.841383,37.203417,1
GGB233000348,H120B,4,GGB233000368,55824,남양뉴타운20.19단지,126.8416,37.203517,1
GGB233000348,H120B,5,GGB233000597,55675,화성의과학대학교입구,126.838533,37.204567,1
GGB233000348,H120B,6,GGB233002375,55463,남양뉴타운10단지,126.835083,37.2061,1
GGB233000348,H120B,7,GGB233000163,36506,남양아이파크,126.833467,37.205417,1
GGB233000348,H120B,8,GGB233001000,36507,화성시청후문,126.828867,37.200133,1
GGB233000348,H120B,9,GGB233001435,36977,화성시청,126.828483,37.197833,1
GGB233000348,H120B,10,GGB233000208,36034,공군부대입구,126.831683,37.1957,1
GGB233000348,H120B,11,GGB233001043,36039,대광아파트,126.83365,37.194267,1
GGB233000348,H120B,12,GGB233002166,55603,롤링힐스,126.837817,37.19285,1
GGB233000348,H120B,13,GGB233002130,55104,그린빌라.롤링힐스,126.8413,37.189917,1
GGB233000348,H120B,14,GGB233001042,36044,무송1리마을입구,126.844883,37.187783,1
GGB233000348,H120B,15,GGB233002296,55178,무송그린빌리지,126.84525,37.184433,1
GGB233000348,H120B,16,GGB233000207,36047,무송교차로,126.84485,37.1819,1
GGB233000348,H120B,17,GGB233002216,55117,안장골입구,126.844167,37.179233,1
GGB233000348,H120B,18,GGB233002223,55112,온석리입구,126.845317,37.173583,1
GGB233000348,H120B,19,GGB233002836,55652,온석2리,126.846883,37.170533,1
GGB233000348,H120B,20,GGB233002214,55110,온석2리앞,126.846883,37.167417,1
GGB233000348,H120B,21,GGB233000940,55885,온석교차로,126.84655,37.165367,1
GGB233000348,H120B,22,GGB233000885,55872,온석1교차로,126.844617,37.164317,1
GGB233000348,H120B,23,GGB233002844,55659,현대연구소입구,126.845233,37.16295,1
GGB233000348,H120B,24,GGB233002842,55657,노하할인마트,126.849017,37.157817,1
GGB233000348,H120B,25,GGB233002840,55655,노하산업단지,126.8472,37.15515,1
GGB233000348,H120B,26,GGB233001381,36928,석포5리마을회관,126.840683,37.14525,1
GGB233000348,H120B,27,GGB233001382,36927,석포5리.방농장,126.842,37.143217,1
GGB233000348,H120B,28,GGB233001385,36926,석포산업단지,126.838883,37.140683,1
GGB233000348,H120B,29,GGB233000445,36896,석포삼거리,126.843617,37.130717,1
GGB233000348,H120B,30,GGB233000444,36897,서근리,126.85235,37.12745,1
GGB233000348,H120B,31,GGB233000443,37443,서근리,126.8575,37.12615,1
GGB233000348,H120B,32,GGB233002788,55651,화성제일병원,126.860217,37.12775,1
GGB233000348,H120B,33,GGB233002787,55650,팔탄전자앞,126.861317,37.129417,1
GGB233000348,H120B,34,GGB233000675,55849,누락골,126.863317,37.13135,1
GGB233000348,H120B,35,GGB233000677,55850,덕우리마을입구,126.863833,37.135217,1
GGB233000348,H120B,36,GGB233002786,55649,안덕우리,126.86335,37.1367,1
GGB233000348,H120B,37,GGB233002785,55648,덕우리.구운말,126.86315,37.138617,1
GGB233000348,H120B,38,GGB233001935,37941,발안주공아파트,126.899083,37.131067,1
GGB233000348,H120B,39,GGB233002969,37138,우림주공아파트,126.901817,37.12975,1
GGB233000348,H120B,40,GGB233002691,36625,발안천교,126.904783,37.132033,1
GGB233000348,H120B,41,GGB233002692,36626,화성고교차로,126.906367,37.137,1
GGB233000348,H120B,42,GGB233001371,37273,장짐교차로,126.9113,37.135617,1
GGB233000348,H120B,43,GGB233002099,55095,화성종합경기타운사거리,126.921267,37.134133,1
GGB233000348,H120B,44,GGB233002101,37286,화성문화원.향남환승터미널,126.921083,37.132,1
GGB233000348,H120B,45,GGB233001955,37991,화성소방서.향남홈플러스,126.920917,37.13045,1
GGB233000348,H120B,46,GGB233002103,55084,에일린의뜰,126.920617,37.127867,1
GGB233000348,H120B,47,GGB233002105,55085,단독주택단지,126.919867,37.124333,1
GGB233000348,H120B,48,GGB233001109,37280,방축리,126.918367,37.12,1
GGB233000348,H120B,49,GGB233000617,37283,향남주공2단지,126.917267,37.116983,1
GGB233000348,H120B,50,GGB233002407,55283,향남부영9단지,126.919067,37.113367,1
GGB233000348,H120B,51,GGB233002408,55284,향남부영10.11단지,126.919483,37.11055,1
GGB233000348,H120B,52,GGB233002013,55057,향남부영11단지정문,126.917783,37.1095,1
GGB233000348,H120B,53,GGB233002481,55320,향남부영11단지,126.91525,37.109567,1
GGB233000348,H120B,54,GGB233001108,37284,향남주공2단지,126.917617,37.116733,1
GGB233000348,H120B,55,GGB233000618,37281,방축리,126.918667,37.120033,1
GGB233000348,H120B,56,GGB233002106,55081,단독주택단지,126.920183,37.12425,1
GGB233000348,H120B,57,GGB233002104,55080,신영지웰,126.920967,37.127867,1
GGB233000348,H120B,58,GGB233001860,37903,화성소방서.향남홈플러스,126.9213,37.130533,1
GGB233000348,H120B,59,GGB233002102,37287,향남환승터미널,126.921567,37.1328,1
GGB233000348,H120B,60,GGB233002109,55083,화성종합운동장,126.920433,37.135133,1
GGB233000348,H120B,61,GGB233001558,37270,장짐교차로,126.91095,37.135967,1
GGB233000348,H120B,62,GGB233002693,36627,화성고교차로,126.906083,37.137083,1
GGB233000348,H120B,63,GGB233002666,36624,발안천교,126.90465,37.132183,1
GGB233000348,H120B,64,GGB233002968,37184,우림주공아파트,126.901633,37.12985,1
GGB233000348,H120B,65,GGB233000524,37245,주공아파트,126.899967,37.130483,1
GGB233000348,H120B,66,GGB233001523,37413,고주리.동방산업단지,126.88795,37.136367,1
GGB233000348,H120B,67,GGB233001524,55846,덕천리삼거리,126.87115,37.1426,1
GGB233000348,H120B,68,GGB233001525,55008,덕우리.구운말,126.863017,37.138667,1
GGB233000348,H120B,69,GGB233002180,55017,안덕우리,126.863283,37.1364,1
GGB233000348,H120B,70,GGB233000673,55847,덕우리마을입구,126.863683,37.135033,1
GGB233000348,H120B,71,GGB233000674,55848,누락골,126.86285,37.131317,1
GGB233000348,H120B,72,GGB233001526,55273,팔탄전자앞,126.86115,37.129367,1
GGB233000348,H120B,73,GGB233001527,55274,화성제일병원,126.86015,37.127833,1
GGB233000348,H120B,74,GGB233001528,55354,덕우리입구,126.859483,37.1256,1
GGB233000348,H120B,75,GGB233001354,36933,서근리,126.857533,37.12625,1
GGB233000348,H120B,76,GGB233001355,36932,서근리(느락골),126.851033,37.127883,1
GGB233000348,H120B,77,GGB233001356,37526,석포삼거리,126.843917,37.130833,1
GGB233000348,H120B,78,GGB233001514,37423,석포1리입구,126.8412,37.134467,1
GGB233000348,H120B,79,GGB233000437,36902,석포리,126.839,37.140683,1
GGB233000348,H120B,80,GGB233000436,36849,석포5리,126.8419,37.142983,1
GGB233000348,H120B,81,GGB233000435,37445,석포5리마을회관앞,126.840617,37.145383,1
GGB233000348,H120B,82,GGB233002839,55654,노하산업단지,126.847317,37.155133,1
GGB233000348,H120B,83,GGB233002841,55656,노하할인마트,126.849167,37.1578,1
GGB233000348,H120B,84,GGB233002843,55658,현대연구소입구,126.846217,37.162467,1
GGB233000348,H120B,85,GGB233000889,55873,온석1교차로,126.844817,37.164333,1
GGB233000348,H120B,86,GGB233000941,55886,온석교차로,126.847467,37.1655,1
GGB233000348,H120B,87,GGB233002221,55111,온석2리앞,126.847067,37.167517,1
GGB233000348,H120B,88,GGB233002837,55653,온석2리,126.847067,37.170583,1
GGB233000348,H120B,89,GGB233002224,55113,온석리입구,126.8454,37.173667,1
GGB233000348,H120B,90,GGB233002225,55118,안장골입구,126.844283,37.179217,1
GGB233000348,H120B,91,GGB233001040,36046,무송교차로,126.845033,37.181883,1
GGB233000348,H120B,92,GGB233002295,55177,무송그린빌리지,126.845783,37.185817,1
GGB233000348,H120B,93,GGB233001041,36045,무송1리마을입구,126.845217,37.188,1
GGB233000348,H120B,94,GGB233002131,55105,그린빌라.롤링힐스,126.84205,37.189583,1
GGB233000348,H120B,95,GGB233000148,36441,롤링힐스,126.839567,37.19185,1
GGB233000348,H120B,96,GGB233000191,36037,대광아파트,126.834067,37.19425,1
GGB233000348,H120B,97,GGB233000190,36036,공군부대입구,126.831267,37.19625,1
GGB233000348,H120B,98,GGB233000189,36028,화성시청.모두누림센터,126.82845,37.198367,1
GGB233000348,H120B,99,GGB233001001,36510,화성시청후문,126.829117,37.199967,1
GGB233000348,H120B,100,GGB233002536,55427,남양뉴타운10단지,126.835517,37.20605,1
GGB233000348,H120B,101,GGB233000856,55676,화성의과학대학교입구,126.8385,37.204283,1
GGB233000348,H120B,102,GGB233000383,55825,남양뉴타운19.20단지,126.841383,37.203417,1
GGB233000348,H120B,103,GGB233000368,55824,남양뉴타운20.19단지,126.8416,37.203517,1
GGB233000348,H120B,104,GGB277104305,,차고지도착(미정차),126.838883,37.203067,1
GGB233000354,M4449,1,GGB223000057,24057,한신대입구사거리,127.0233,37.196667,0
GGB233000354,M4449,2,GGB233000199,36209,병점아이파크캐슬.성호플레르빌,127.0246,37.201467,1
GGB233000354,M4449,3,GGB233000101,36350,센트럴허브시티.송화초교,127.038217,37.203783,1
GGB233000354,M4449,4,GGB233000708,36342,병점구청.병점초등학교,127.0345,37.208717,1
GGB233000354,M4449,5,GGB233002403,55291,롯데시네마,127.042633,37.21425,1
GGB233000354,M4449,6,GGB233000106,36386,신미주아파트.주공6단지,127.05175,37.214417,1
GGB233000354,M4449,7,GGB233002405,37574,능리교차로,127.057233,37.219117,1
GGB233000354,M4449,8,GGB233000102,37592,반월1통.반월삼거리,127.065067,37.229183,1
GGB233000354,M4449,9,GGB277104346,,반월삼거리(미정차),127.072,37.226817,1
GGB233000354,M4449,10,GGB277101908,,기흥동탄TG(미정차),127.091567,37.21655,1
GGB233000354,M4449,11,GGB277102660,,기흥휴게소(미정차),127.106617,37.23525,0
GGB233000354,M4449,12,GGB277103363,,수원신갈IC(미정차),127.104,37.2657,0
GGB233000354,M4449,13,GGB277103361,,신갈JC(미정차),127.103867,37.289667,0
GGB233000354,M4449,14,GGB277103443,,죽전(미정차),127.103817,37.326633,0
GGB233000354,M4449,15,GGB277102630,,금곡(미정차),127.10355,37.349767,0
GGB233000354,M4449,16,GGB277103386,,서울TG(미정차),127.104333,37.364967,0
GGB233000354,M4449,17,GGB277103151,,판교IC(미정차),127.100617,37.398633,0
GGB233000354,M4449,18,GGB277103679,,금토JC(미정차),127.085317,37.415283,0
GGB233000354,M4449,19,GGB277103441,,서울진입(미정차),127.066583,37.43385,0
GGB233000354,M4449,20,GGB277104177,,청계산입구역(미정차),127.0542,37.448367,0
GGB233000354,M4449,21,GGB277103388,,양재IC(미정차),127.04045,37.463283,0
GGB233000354,M4449,22,GGB277103390,,서초IC(미정차),127.026333,37.483133,0
GGB233000354,M4449,23,GGB121000086,90062,KCC사옥,127.020217,37.503017,0
GGB233000354,M4449,24,GGB121000946,,신논현역.금강빌딩,127.025467,37.501783,0
GGB233000354,M4449,25,GGB277103680,,강남역.지오다노(미정차),127.026133,37.500417,0
GGB233000354,M4449,26,GGB277102911,,강남역10번출구(미정차),127.026983,37.498617,0
GGB233000354,M4449,27,GGB121000009,,신분당선강남역(중),127.028567,37.495783,0
GGB233000354,M4449,28,GGB277101612,,우성아파트앞사거리(미정차),127.029533,37.49335,0
GGB233000354,M4449,29,GGB277101867,,역삼동.우성아파트(미정차),127.030417,37.4914,0
GGB233000354,M4449,30,GGB121000005,,뱅뱅사거리(중),127.032467,37.487683,0
GGB233000354,M4449,31,GGB121000003,,양재역.서초문화예술회관(중),127.035883,37.482567,0
GGB233000354,M4449,32,GGB277104385,,교육개발원입구교차로(미정차),127.0384,37.47775,0
GGB233000354,M4449,33,GGB121000220,,매헌시민의숲.양재꽃시장,127.038383,37.4708,0
GGB233000354,M4449,34,GGB277103387,,양재IC(미정차),127.039433,37.46365,0
GGB233000354,M4449,35,GGB277104178,,청계산입구역(미정차),127.053833,37.448183,0
GGB233000354,M4449,36,GGB277103440,,성남진입(미정차),127.066183,37.43355,0
GGB233000354,M4449,37,GGB277103678,,금토JC(미정차),127.08445,37.4155,0
GGB233000354,M4449,38,GGB277103150,,판교IC(미정차),127.10005,37.398833,0
GGB233000354,M4449,39,GGB277103385,,서울TG(미정차),127.1026,37.36535,0
GGB233000354,M4449,40,GGB277102104,,금곡(미정차),127.103117,37.350367,0
GGB233000354,M4449,41,GGB277103442,,죽전(미정차),127.10315,37.3266,0
GGB233000354,M4449,42,GGB277103360,,신갈JC(미정차),127.10345,37.290433,0
GGB233000354,M4449,43,GGB277103362,,수원신갈IC(미정차),127.103533,37.266817,0
GGB233000354,M4449,44,GGB277102621,,기흥휴게소(미정차),127.106183,37.235117,0
GGB233000354,M4449,45,GGB277101884,,기흥동탄TG(미정차),127.0917,37.216983,1
GGB233000354,M4449,46,GGB233000112,36395,삼성전자,127.062583,37.223733,1
GGB233000354,M4449,47,GGB233001451,36389,반월2통,127.057333,37.219467,1
GGB233000354,M4449,48,GGB233000109,36710,신미주아파트앞,127.051783,37.214633,1
GGB233000354,M4449,49,GGB233002132,55279,롯데시네마,127.04245,37.214483,1
GGB233000354,M4449,50,GGB233000703,36753,병점사거리.병점역입구,127.034433,37.208383,1
GGB233000354,M4449,51,GGB233000100,36351,홈플러스.벌말초교,127.03815,37.203283,1
GGB233000354,M4449,52,GGB233000200,36211,병점아이파크캐슬.성호플레르빌,127.024783,37.201667,1
GGB233000354,M4449,53,GGB223000161,24195,한신대입구사거리,127.02315,37.196683,0
GGB233000368,H161,1,GGB233003052,55329,향남시외터미널,126.922067,37.13295,1
GGB233000368,H161,2,GGB233002326,55151,향남홈플러스,126.92235,37.131317,1
GGB233000368,H161,3,GGB233001957,37958,대방노블랜드,126.925183,37.130933,1
GGB233000368,H161,4,GGB233002242,55129,한국아델리움.풍림아이원,126.928,37.130617,1
GGB233000368,H161,5,GGB233001711,37689,백토리상공회의소,126.9304,37.130533,1
GGB233000368,H161,6,GGB233001021,37311,관리고개,126.940433,37.133883,1
GGB233000368,H161,7,GGB233002652,37617,하늘가장례식장,126.943183,37.132833,1
GGB233000368,H161,8,GGB233000630,37317,관리입구,126.94755,37.1316,1
GGB233000368,H161,9,GGB233000629,37322,동오사거리,126.950933,37.1308,1
GGB233000368,H161,10,GGB233001607,37651,동오리종점,126.953517,37.13195,1
GGB233000368,H161,11,GGB233001812,37833,농심물류센터,126.955683,37.136433,1
GGB233000368,H161,12,GGB233001688,37723,유진레미콘,126.956367,37.139167,1
GGB233000368,H161,13,GGB233001110,37266,효원납골공원,126.95895,37.142667,1
GGB233000368,H161,14,GGB233001606,37653,동오첨단산업단지,126.9608,37.146767,1
GGB233000368,H161,15,GGB233001576,36149,문학1리,126.963733,37.152867,1
GGB233000368,H161,16,GGB233001580,36703,문학리,126.9661,37.15525,1
GGB233000368,H161,17,GGB233000465,36882,문학2리,126.96855,37.158783,1
GGB233000368,H161,18,GGB233002122,55094,정남행정복합센터,126.971667,37.161167,1
GGB233000368,H161,19,GGB233001822,37878,신리주유소앞,126.976733,37.1628,1
GGB233000368,H161,20,GGB233001823,37862,신리앞,126.9783,37.163283,1
GGB233000368,H161,21,GGB233000376,55623,신리사거리,126.980333,37.163917,1
GGB233000368,H161,22,GGB233000655,36238,정남초등학교,126.9839,37.167617,1
GGB233000368,H161,23,GGB233001603,36367,정남중학교,126.978,37.166483,1
GGB233000368,H161,24,GGB233001024,36084,만경폐차장,126.973817,37.1657,1
GGB233000368,H161,25,GGB233001601,37647,오일리,126.9682,37.166417,1
GGB233000368,H161,26,GGB233001670,37731,백리앞,126.96075,37.164783,1
GGB233000368,H161,27,GGB233001599,37645,백1리,126.95805,37.166433,1
GGB233000368,H161,28,GGB233001598,37644,백2리앞,126.955383,37.167483,1
GGB233000368,H161,29,GGB233001596,37642,정승마을앞,126.951533,37.1707,1
GGB233000368,H161,30,GGB233001594,37640,마하리앞,126.94575,37.175583,1
GGB233000368,H161,31,GGB233002989,,마하리입구,126.942933,37.176733,1
GGB233000368,H161,32,GGB233000794,36081,해병대사령부,126.936333,37.177683,1
GGB233000368,H161,33,GGB233000793,36091,당하리.흰돌산기도원입구,126.938383,37.18515,1
GGB233000368,H161,34,GGB233000792,36092,왕림4리.세곡리,126.9384,37.188967,1
GGB233000368,H161,35,GGB233000791,36097,가톨릭대학교,126.939417,37.193583,1
GGB233000368,H161,36,GGB233000790,36102,왕림리.상기리입구,126.939967,37.1972,1
GGB233000368,H161,37,GGB233000902,36729,상기리입구,126.94115,37.1998,1
GGB233000368,H161,38,GGB233000789,36110,왕림휴게소,126.942817,37.203967,1
GGB233000368,H161,39,GGB277102570,,왕림휴게소(미정차),126.943767,37.2073,1
GGB233000368,H161,40,GGB233000788,36113,장안대학,126.944,37.21365,1
GGB233000368,H161,41,GGB233000787,36118,삼봉마을.신안인스빌,126.945917,37.217817,1
GGB233000368,H161,42,GGB233000786,36122,봉담읍행정복지센터,126.94965,37.220333,1
GGB233000368,H161,43,GGB233000785,36131,동화리.동남아파트,126.9523,37.223167,1
GGB233000368,H161,44,GGB233000784,36134,대진아이엠.LH3단지,126.953783,37.224967,1
GGB233000368,H161,45,GGB277101927,,봉담IC교차로(미정차),126.957233,37.22935,1
GGB233000368,H161,46,GGB233000783,36147,수영오거리.봉담입구,126.962,37.23695,1
GGB233000368,H161,47,GGB201000165,2054,오목천역.영신여자고교,126.963183,37.2427,0
GGB233000368,H161,48,GGB201000164,2061,오목천동사거리,126.96365,37.244917,0
GGB233000368,H161,49,GGB201000163,2066,오목천동삼거리.남광하우스토리아파트,126.965717,37.246133,0
GGB233000368,H161,50,GGB201000024,2070,수원여자대학교입구,126.966883,37.246717,0
GGB233000368,H161,51,GGB201000365,2872,서수원주민편익시설,126.972717,37.248367,0
GGB233000368,H161,52,GGB201000023,2124,고색역.고색초교.태산아파트,126.9799,37.2504,0
GGB233000368,H161,53,GGB201000022,2131,삼성큰병원.대원.거산아파트,126.984967,37.251833,0
GGB233000368,H161,54,GGB201000341,2842,고색동입구,126.990117,37.25325,0
GGB233000368,H161,55,GGB201000492,2332,중보교.수원역자동차운전전문학원,126.994867,37.2556,0
GGB233000368,H161,56,GGB201000336,2832,공구유통타운.중앙자동차매매단지,126.997067,37.257833,0
GGB233000368,H161,57,GGB201000432,2934,동남아파트,127.000433,37.260817,0
GGB233000368,H161,58,GGB201000588,2981,수원역환승센터(2승강장),126.999183,37.265367,0
GGB233000368,H161,59,GGB201000545,2190,평동동남아파트,126.99895,37.263183,0
GGB233000368,H161,60,GGB277103124,,벌터교차로(미정차),126.9963,37.2621,0
GGB233000368,H161,61,GGB201000020,2156,공구유통타운.중앙자동차매매단지,126.997067,37.25835,0
GGB233000368,H161,62,GGB201000390,2331,중보교.수원역자동차운전전문학원,126.994583,37.25575,0
GGB233000368,H161,63,GGB201000389,2926,고색동입구,126.98995,37.253533,0
GGB233000368,H161,64,GGB201000064,2137,고색파출소.종합공구단지,126.986683,37.252633,0
GGB233000368,H161,65,GGB201000019,2128,연안아파트.삼성큰병원,126.983783,37.251817,0
GGB233000368,H161,66,GGB201000018,2122,고색역.고색초교.태산아파트,126.979667,37.25065,0
GGB233000368,H161,67,GGB201000488,2972,서수원주민편익시설,126.972333,37.248583,0
GGB233000368,H161,68,GGB201000168,2064,오목천동삼거리.남광하우스토리아파트,126.965233,37.24595,0
GGB233000368,H161,69,GGB201000167,2060,오목천동사거리,126.96355,37.2448,0
GGB233000368,H161,70,GGB201000166,2055,오목천역.영신여자고교.청구아파트,126.962817,37.242,0
GGB233000368,H161,71,GGB233000839,36146,수영오거리.봉담입구,126.9615,37.237033,1
GGB233000368,H161,72,GGB277102501,,봉담IC교차로(미정차),126.956883,37.229633,1
GGB233000368,H161,73,GGB233000838,36135,대진아이엠.LH3단지,126.953833,37.225533,1
GGB233000368,H161,74,GGB233000837,36128,동화리.동남아파트,126.951967,37.2233,1
GGB233000368,H161,75,GGB233000836,36123,봉담읍행정복지센터,126.949283,37.2204,1
GGB233000368,H161,76,GGB233000835,36119,삼봉마을.신안인스빌,126.94565,37.217967,1
GGB233000368,H161,77,GGB233000833,36111,장안대학,126.943633,37.213683,1
GGB233000368,H161,78,GGB233000832,36109,왕림휴게소,126.94275,37.204467,1
GGB233000368,H161,79,GGB233000831,36103,왕림리.상기리입구,126.93985,37.197883,1
GGB233000368,H161,80,GGB233000830,36095,가톨릭대학교,126.939167,37.193567,1
GGB233000368,H161,81,GGB233000829,36090,왕림4리.세곡리,126.938217,37.18935,1
GGB233000368,H161,82,GGB233000828,36089,당하리.흰돌산기도원입구,126.93815,37.185483,1
GGB233000368,H161,83,GGB233000827,36083,해병대사령부,126.93635,37.178667,1
GGB233000368,H161,84,GGB233002988,,마하리입구,126.942967,37.17665,1
GGB233000368,H161,85,GGB233001593,37639,마하리,126.945783,37.1755,1
GGB233000368,H161,86,GGB233001595,37641,정승마을앞,126.951517,37.170567,1
GGB233000368,H161,87,GGB233001597,37643,백2리앞,126.955367,37.167417,1
GGB233000368,H161,88,GGB233001575,36138,백1리,126.957867,37.16645,1
GGB233000368,H161,89,GGB233001671,37735,백리앞,126.960783,37.1647,1
GGB233000368,H161,90,GGB233001600,37646,오일리,126.968283,37.166517,1
GGB233000368,H161,91,GGB233001025,36112,만경폐차장,126.973833,37.16565,1
GGB233000368,H161,92,GGB233000661,36237,정남초등학교,126.9835,37.1679,1
GGB233000368,H161,93,GGB233000660,36235,동남아파트,126.983333,37.163233,1
GGB233000368,H161,94,GGB233001579,36226,덕신상가,126.98215,37.159167,1
GGB233000368,H161,95,GGB233001129,36223,발산리,126.981717,37.155317,1
GGB233000368,H161,96,GGB233001495,37570,계향2리,126.9811,37.15225,1
GGB233000368,H161,97,GGB233002097,55068,정남농촌체험학교,126.976633,37.1518,1
GGB233000368,H161,98,GGB233001604,37650,문학4리,126.9718,37.151483,1
GGB233000368,H161,99,GGB233000613,37606,외골,126.96865,37.153833,1
GGB233000368,H161,100,GGB233001221,36790,문학리,126.96545,37.154933,1
GGB233000368,H161,101,GGB233000612,36739,문학1리,126.963217,37.152567,1
GGB233000368,H161,102,GGB233001605,37652,동오첨단산업단지,126.960167,37.1455,1
GGB233000368,H161,103,GGB233001819,37860,효원납골공원,126.958317,37.142183,1
GGB233000368,H161,104,GGB233001911,37786,유진레미콘,126.956417,37.139817,1
GGB233000368,H161,105,GGB233001976,37955,농심물류센터,126.955517,37.1367,1
GGB233000368,H161,106,GGB233001820,37861,동오리종점,126.9532,37.131983,1
GGB233000368,H161,107,GGB233000635,37323,동오사거리,126.95155,37.131133,1
GGB233000368,H161,108,GGB233000634,37318,관리입구,126.947683,37.1318,1
GGB233000368,H161,109,GGB233001020,37310,관리고개,126.94055,37.134183,1
GGB233000368,H161,110,GGB233001389,37545,백토리상공회의소,126.930267,37.130683,1
GGB233000368,H161,111,GGB233001022,37303,한국아델리움.풍림아이원,126.928017,37.130817,1
GGB233000368,H161,112,GGB233001956,37957,상록하늘채,126.925233,37.131133,1
GGB233000368,H161,113,GGB233002360,55252,향남홈플러스,126.922383,37.131567,1
GGB233000368,H161,114,GGB233002102,37287,향남환승터미널,126.921567,37.1328,1
GGB233000368,H161,115,GGB233003051,55328,향남시외터미널,126.922067,37.133017,1
GGB233000369,H160,1,GGB233002708,55681,화성의과학대학교,126.839617,37.203267,1
GGB233000369,H160,2,GGB233000383,55825,남양뉴타운19.20단지,126.841383,37.203417,1
GGB233000369,H160,3,GGB233000368,55824,남양뉴타운20.19단지,126.8416,37.203517,1
GGB233000369,H160,4,GGB233000597,55675,화성의과학대학교입구,126.838533,37.204567,1
GGB233000369,H160,5,GGB233002375,55463,남양뉴타운10단지,126.835083,37.2061,1
GGB233000369,H160,6,GGB233000163,36506,남양아이파크,126.833467,37.205417,1
GGB233000369,H160,7,GGB233001000,36507,화성시청후문,126.828867,37.200133,1
GGB233000369,H160,8,GGB233001435,36977,화성시청,126.828483,37.197833,1
GGB233000369,H160,9,GGB233000208,36034,공군부대입구,126.831683,37.1957,1
GGB233000369,H160,10,GGB233001043,36039,대광아파트,126.83365,37.194267,1
GGB233000369,H160,11,GGB233002166,55603,롤링힐스,126.837817,37.19285,1
GGB233000369,H160,12,GGB233002130,55104,그린빌라.롤링힐스,126.8413,37.189917,1
GGB233000369,H160,13,GGB233001042,36044,무송1리마을입구,126.844883,37.187783,1
GGB233000369,H160,14,GGB233002296,55178,무송그린빌리지,126.84525,37.184433,1
GGB233000369,H160,15,GGB233000207,36047,무송교차로,126.84485,37.1819,1
GGB233000369,H160,16,GGB233001039,36784,무송2통.술현,126.8495,37.181017,1
GGB233000369,H160,17,GGB233000151,36430,금광포란재아파트정문,126.855,37.18695,1
GGB233000369,H160,18,GGB233000206,36051,금광포란재아파트,126.855583,37.183333,1
GGB233000369,H160,19,GGB233001244,37515,수련개,126.860533,37.1845,1
GGB233000369,H160,20,GGB233000204,37164,하저3리.한미약품,126.8656,37.18105,1
GGB233000369,H160,21,GGB233002562,60042,하저교회앞,126.866917,37.184967,1
GGB233000369,H160,22,GGB233000357,60044,은성정밀앞,126.867783,37.186467,1
GGB233000369,H160,23,GGB233002623,36971,하저리마을회관,126.871333,37.189683,1
GGB233000369,H160,24,GGB233001339,36973,우신공업앞,126.8741,37.19345,1
GGB233000369,H160,25,GGB233001233,37189,자안리,126.876433,37.197817,1
GGB233000369,H160,26,GGB233000555,37199,청요사거리,126.88055,37.1982,1
GGB233000369,H160,27,GGB233003095,55422,추모공원,126.882517,37.199183,1
GGB233000369,H160,28,GGB233000899,37213,청요3리마을회관,126.886067,37.20065,1
GGB233000369,H160,29,GGB233001314,36712,가골입구앞,126.891117,37.202233,1
GGB233000369,H160,30,GGB233001947,37962,청요2리입구,126.893,37.2025,1
GGB233000369,H160,31,GGB233001315,37227,청요2리,126.8948,37.203067,1
GGB233000369,H160,32,GGB233000554,37232,청요리,126.897117,37.1995,1
GGB233000369,H160,33,GGB233000553,37247,기천저수지,126.90095,37.193683,1
GGB233000369,H160,34,GGB233000909,36054,초당골,126.910717,37.19805,1
GGB233000369,H160,35,GGB233000552,36057,상기2리,126.916,37.1981,1
GGB233000369,H160,36,GGB233000551,36059,상기2리입구,126.9191,37.1994,1
GGB233000369,H160,37,GGB233000550,36063,상기1리즘곰마을,126.924417,37.200583,1
GGB233000369,H160,38,GGB233000549,36066,상기1리호현리,126.9277,37.202817,1
GGB233000369,H160,39,GGB233000548,36072,상기1리세거리,126.930917,37.203033,1
GGB233000369,H160,40,GGB233001311,36076,수원여대혜란캠퍼스,126.932733,37.202617,1
GGB233000369,H160,41,GGB233000902,36729,상기리입구,126.94115,37.1998,1
GGB233000369,H160,42,GGB233000789,36110,왕림휴게소,126.942817,37.203967,1
GGB233000369,H160,43,GGB277102570,,왕림휴게소(미정차),126.943767,37.2073,1
GGB233000369,H160,44,GGB233000788,36113,장안대학,126.944,37.21365,1
GGB233000369,H160,45,GGB233001332,36586,상2리입구,126.936633,37.225417,1
GGB233000369,H160,46,GGB233001059,36070,내리사거리,126.9318,37.227033,1
GGB233000369,H160,47,GGB233001062,36085,내리,126.93405,37.23105,1
GGB233000369,H160,48,GGB233001063,36745,내리교,126.936517,37.232733,1
GGB233000369,H160,49,GGB233001337,36975,내리,126.934033,37.231117,1
GGB233000369,H160,50,GGB233001427,36595,봉담자이프라이드시티,126.927033,37.225967,1
GGB233000369,H160,51,GGB233001459,36597,힐스테이트봉담프라이드시티,126.92495,37.2239,1
GGB233000369,H160,52,GGB233001468,36598,봉담자이프라이드시티,126.927117,37.225767,1
GGB233000369,H160,53,GGB233001058,36080,이곤선생효자문북단,126.935317,37.2193,1
GGB233000369,H160,54,GGB233001331,36976,상2리입구,126.936683,37.225267,1
GGB233000369,H160,55,GGB233000787,36118,삼봉마을.신안인스빌,126.945917,37.217817,1
GGB233000369,H160,56,GGB233000786,36122,봉담읍행정복지센터,126.94965,37.220333,1
GGB233000369,H160,57,GGB233000785,36131,동화리.동남아파트,126.9523,37.223167,1
GGB233000369,H160,58,GGB233000784,36134,대진아이엠.LH3단지,126.953783,37.224967,1
GGB233000369,H160,59,GGB277101927,,봉담IC교차로(미정차),126.957233,37.22935,1
GGB233000369,H160,60,GGB233000783,36147,수영오거리.봉담입구,126.962,37.23695,1
GGB233000369,H160,61,GGB201000165,2054,오목천역.영신여자고교,126.963183,37.2427,0
GGB233000369,H160,62,GGB201000164,2061,오목천동사거리,126.96365,37.244917,0
GGB233000369,H160,63,GGB201000163,2066,오목천동삼거리.남광하우스토리아파트,126.965717,37.246133,0
GGB233000369,H160,64,GGB201000024,2070,수원여자대학교입구,126.966883,37.246717,0
GGB233000369,H160,65,GGB201000365,2872,서수원주민편익시설,126.972717,37.248367,0
GGB233000369,H160,66,GGB201000023,2124,고색역.고색초교.태산아파트,126.9799,37.2504,0
GGB233000369,H160,67,GGB201000022,2131,삼성큰병원.대원.거산아파트,126.984967,37.251833,0
GGB233000369,H160,68,GGB201000063,2142,고색동입구.고색삼거리,126.9891,37.254,0
GGB233000369,H160,69,GGB201000062,2144,자동차매매센터,126.990833,37.25545,0
GGB233000369,H160,70,GGB201000061,2150,평동행정복지센터,126.993417,37.258067,0
GGB233000369,H160,71,GGB201000060,2151,평동,126.994217,37.258967,0
GGB233000369,H160,72,GGB201000059,2154,가게앞.평동,126.995767,37.260683,0
GGB233000369,H160,73,GGB201000058,2159,동남아파트.세평지하도입구,126.999883,37.261217,0
GGB233000369,H160,74,GGB201000588,2981,수원역환승센터(2승강장),126.999183,37.265367,0
GGB233000369,H160,75,GGB201000544,2167,평동동남아파트,126.999267,37.262733,0
GGB233000369,H160,76,GGB201000015,2153,가게앞.평동,126.995567,37.260667,0
GGB233000369,H160,77,GGB201000068,2152,평동,126.994417,37.25945,0
GGB233000369,H160,78,GGB201000067,2149,평동행정복지센터,126.993267,37.258117,0
GGB233000369,H160,79,GGB201000066,2145,자동차매매센터,126.990833,37.255617,0
GGB233000369,H160,80,GGB201000065,2141,고색삼거리,126.98865,37.25375,0
GGB233000369,H160,81,GGB201000064,2137,고색파출소.종합공구단지,126.986683,37.252633,0
GGB233000369,H160,82,GGB201000019,2128,연안아파트.삼성큰병원,126.983783,37.251817,0
GGB233000369,H160,83,GGB201000018,2122,고색역.고색초교.태산아파트,126.979667,37.25065,0
GGB233000369,H160,84,GGB201000488,2972,서수원주민편익시설,126.972333,37.248583,0
GGB233000369,H160,85,GGB201000168,2064,오목천동삼거리.남광하우스토리아파트,126.965233,37.24595,0
GGB233000369,H160,86,GGB201000167,2060,오목천동사거리,126.96355,37.2448,0
GGB233000369,H160,87,GGB201000166,2055,오목천역.영신여자고교.청구아파트,126.962817,37.242,0
GGB233000369,H160,88,GGB233000839,36146,수영오거리.봉담입구,126.9615,37.237033,1
GGB233000369,H160,89,GGB277102501,,봉담IC교차로(미정차),126.956883,37.229633,1
GGB233000369,H160,90,GGB233000838,36135,대진아이엠.LH3단지,126.953833,37.225533,1
GGB233000369,H160,91,GGB233000837,36128,동화리.동남아파트,126.951967,37.2233,1
GGB233000369,H160,92,GGB233000836,36123,봉담읍행정복지센터,126.949283,37.2204,1
GGB233000369,H160,93,GGB233000835,36119,삼봉마을.신안인스빌,126.94565,37.217967,1
GGB233000369,H160,94,GGB233001332,36586,상2리입구,126.936633,37.225417,1
GGB233000369,H160,95,GGB233001059,36070,내리사거리,126.9318,37.227033,1
GGB233000369,H160,96,GGB233001062,36085,내리,126.93405,37.23105,1
GGB233000369,H160,97,GGB233001063,36745,내리교,126.936517,37.232733,1
GGB233000369,H160,98,GGB233001337,36975,내리,126.934033,37.231117,1
GGB233000369,H160,99,GGB233001427,36595,봉담자이프라이드시티,126.927033,37.225967,1
GGB233000369,H160,100,GGB233001459,36597,힐스테이트봉담프라이드시티,126.92495,37.2239,1
GGB233000369,H160,101,GGB233001468,36598,봉담자이프라이드시티,126.927117,37.225767,1
GGB233000369,H160,102,GGB233001058,36080,이곤선생효자문북단,126.935317,37.2193,1
GGB233000369,H160,103,GGB233001331,36976,상2리입구,126.936683,37.225267,1
GGB233000369,H160,104,GGB233000833,36111,장안대학,126.943633,37.213683,1
GGB233000369,H160,105,GGB233000832,36109,왕림휴게소,126.94275,37.204467,1
GGB233000369,H160,106,GGB233001581,36702,상기리입구,126.940917,37.199883,1
GGB233000369,H160,107,GGB233000903,36099,아울렛패션몰,126.939483,37.20005,1
GGB233000369,H160,108,GGB233001312,36075,수원여대혜란캠퍼스,126.93305,37.2026,1
GGB233000369,H160,109,GGB233000906,36069,세거리.상기1리,126.930867,37.20315,1
GGB233000369,H160,110,GGB233000564,36067,호현리.상기1리,126.9276,37.202867,1
GGB233000369,H160,111,GGB233000907,36064,즘곰마을.상기1리,126.924383,37.200667,1
GGB233000369,H160,112,GGB233000563,36060,상기2리입구,126.919233,37.199483,1
GGB233000369,H160,113,GGB233000908,36056,상기2리,126.915917,37.1982,1
GGB233000369,H160,114,GGB233000562,36055,초당골앞,126.91065,37.198117,1
GGB233000369,H160,115,GGB233000910,37249,기천저수지,126.900867,37.19375,1
GGB233000369,H160,116,GGB233000561,37233,청요1리,126.897433,37.19955,1
GGB233000369,H160,117,GGB233001313,37226,청요리,126.8953,37.203133,1
GGB233000369,H160,118,GGB233001987,37949,청요2리입구,126.893233,37.202633,1
GGB233000369,H160,119,GGB233000560,37212,청요3리,126.886083,37.200783,1
GGB233000369,H160,120,GGB233003096,55423,추모공원,126.882483,37.199283,1
GGB233000369,H160,121,GGB233000559,37197,청요사거리,126.8796,37.197883,1
GGB233000369,H160,122,GGB233002888,36638,자안사거리,126.875483,37.19735,1
GGB233000369,H160,123,GGB233001338,36974,우신공업앞,126.874033,37.193533,1
GGB233000369,H160,124,GGB233001340,37502,하저리마을회관,126.871183,37.189767,1
GGB233000369,H160,125,GGB233000358,60045,은성정밀앞,126.8678,37.186533,1
GGB233000369,H160,126,GGB233002963,60043,하저교회앞,126.86685,37.184967,1
GGB233000369,H160,127,GGB233000193,37165,하저3리.한미약품,126.865817,37.181017,1
GGB233000369,H160,128,GGB233001303,37393,수련개,126.860433,37.184617,1
GGB233000369,H160,129,GGB233000151,36430,금광포란재아파트정문,126.855,37.18695,1
GGB233000369,H160,130,GGB233000192,36050,금광포란재아파트,126.85505,37.183367,1
GGB233000369,H160,131,GGB233001038,37501,무송2통.술현,126.849333,37.1811,1
GGB233000369,H160,132,GGB233001040,36046,무송교차로,126.845033,37.181883,1
GGB233000369,H160,133,GGB233002295,55177,무송그린빌리지,126.845783,37.185817,1
GGB233000369,H160,134,GGB233001041,36045,무송1리마을입구,126.845217,37.188,1
GGB233000369,H160,135,GGB233002131,55105,그린빌라.롤링힐스,126.84205,37.189583,1
GGB233000369,H160,136,GGB233000148,36441,롤링힐스,126.839567,37.19185,1
GGB233000369,H160,137,GGB233000191,36037,대광아파트,126.834067,37.19425,1
GGB233000369,H160,138,GGB233000190,36036,공군부대입구,126.831267,37.19625,1
GGB233000369,H160,139,GGB233000189,36028,화성시청.모두누림센터,126.82845,37.198367,1
GGB233000369,H160,140,GGB233001001,36510,화성시청후문,126.829117,37.199967,1
GGB233000369,H160,141,GGB233002536,55427,남양뉴타운10단지,126.835517,37.20605,1
GGB233000369,H160,142,GGB233000856,55676,화성의과학대학교입구,126.8385,37.204283,1
GGB233000369,H160,143,GGB233000383,55825,남양뉴타운19.20단지,126.841383,37.203417,1
GGB233000369,H160,144,GGB233000368,55824,남양뉴타운20.19단지,126.8416,37.203517,1
GGB233000377,400A,1,GGB203000360,4346,수원시동부차고지,127.0785,37.286967,0
GGB233000377,400A,2,GGB203000374,4360,동부차고지,127.07805,37.286667,0
GGB233000377,400A,3,GGB203000286,4300,상현역,127.069317,37.296917,0
GGB233000377,400A,4,GGB228003581,47767,광교마을.린병원.독바위,127.066117,37.29955,0
GGB233000377,400A,5,GGB203000338,4232,광교역사공원.광교카페거리,127.052967,37.295217,0
GGB233000377,400A,6,GGB203000430,4417,광교이마트,127.049333,37.297983,0
GGB233000377,400A,7,GGB203000424,4411,수원시도시안전통합센터,127.048,37.29915,0
GGB233000377,400A,8,GGB203000425,4412,광교사회복지관,127.046433,37.299917,0
GGB233000377,400A,9,GGB203000261,4260,광교역.광교대학로,127.043667,37.299883,0
GGB233000377,400A,10,GGB203000035,4184,경기대수원캠퍼스후문,127.041767,37.297833,0
GGB233000377,400A,11,GGB203000165,4181,경기대수원캠퍼스후문.수원박물관,127.03975,37.297083,0
GGB233000377,400A,12,GGB203000248,4252,수원박물관.수원시장애인복지관,127.037033,37.29615,0
GGB233000377,400A,13,GGB203000001,1257,경기남부경찰청.봉녕사입구,127.034217,37.2936,0
GGB233000377,400A,14,GGB200000247,1236,연무동.서광교파크스위첸,127.031917,37.292633,0
GGB233000377,400A,15,GGB200000197,1256,우만주공4단지,127.030367,37.29245,0
GGB233000377,400A,16,GGB200000084,1192,수원시평생학습관.연무사회복지관.창룡도서관,127.026883,37.291567,0
GGB233000377,400A,17,GGB202000060,3067,창룡문.연무대,127.024283,37.288117,0
GGB233000377,400A,18,GGB202000059,3063,수원미디어센터,127.021733,37.284167,0
GGB233000377,400A,19,GGB202000058,3060,팔달구청.수원화성박물관,127.018933,37.281983,0
GGB233000377,400A,20,GGB202000231,3050,팔달구청.화성행궁.수원성지,127.016333,37.28375,0
GGB233000377,400A,21,GGB202000230,3144,장안문.수원전통문화관,127.015367,37.28675,0
GGB233000377,400A,22,GGB200000183,1259,장안공원,127.0127,37.288567,0
GGB233000377,400A,23,GGB200000202,1232,(구)한국은행,127.00935,37.286617,0
GGB233000377,400A,24,GGB202000202,3037,화서문로터리,127.006933,37.284667,0
GGB233000377,400A,25,GGB202000203,3033,글로벌청소년드림센터,127.0057,37.282133,0
GGB233000377,400A,26,GGB202000201,3030,병무청입구.한국소방안전원경기지부,127.00385,37.279417,0
GGB233000377,400A,27,GGB202000220,3028,수원여고.농천교회.수원역푸르지오자이,127.00275,37.275917,0
GGB233000377,400A,28,GGB202000211,3026,고등동사거리.고등동행정복지센터.수원역푸르지오자이,127.002283,37.274267,0
GGB233000377,400A,29,GGB202000217,3018,고등동삼거리,127.00105,37.2717,0
GGB233000377,400A,30,GGB277103110,,서둔교차로(미정차),126.994867,37.270817,0
GGB233000377,400A,31,GGB277103122,,환승센터진입1(미정차),126.9965,37.27115,0
GGB233000377,400A,32,GGB277103123,,환승센터진입2(미정차),126.997617,37.268367,0
GGB233000377,400A,33,GGB201000592,2985,수원역환승센터(6승강장),126.998467,37.2654,0
GGB233000377,400A,34,GGB277103124,,벌터교차로(미정차),126.9963,37.2621,0
GGB233000377,400A,35,GGB201000020,2156,공구유통타운.중앙자동차매매단지,126.997067,37.25835,0
GGB233000377,400A,36,GGB201000390,2331,중보교.수원역자동차운전전문학원,126.994583,37.25575,0
GGB233000377,400A,37,GGB201000389,2926,고색동입구,126.98995,37.253533,0
GGB233000377,400A,38,GGB201000064,2137,고색파출소.종합공구단지,126.986683,37.252633,0
GGB233000377,400A,39,GGB201000019,2128,연안아파트.삼성큰병원,126.983783,37.251817,0
GGB233000377,400A,40,GGB201000018,2122,고색역.고색초교.태산아파트,126.979667,37.25065,0
GGB233000377,400A,41,GGB201000488,2972,서수원주민편익시설,126.972333,37.248583,0
GGB233000377,400A,42,GGB201000017,2067,수원여자대학입구,126.965633,37.24675,0
GGB233000377,400A,43,GGB201000016,2058,오목천동태산아파트.서희스타힐스,126.96285,37.2458,0
GGB233000377,400A,44,GGB233000782,37325,삼미.쌍용아파트,126.953483,37.243433,1
GGB233000377,400A,45,GGB233000781,37321,천천리입구,126.94825,37.24385,1
GGB233000377,400A,46,GGB233000849,37313,천천리,126.942383,37.244667,1
GGB233000377,400A,47,GGB233000848,37309,일광사,126.9402,37.244517,1
GGB233000377,400A,48,GGB233000847,37305,전승아파트,126.930617,37.246383,1
GGB233000377,400A,49,GGB233002174,55188,매송초등학교,126.928117,37.2485,1
GGB233000377,400A,50,GGB233000055,36017,원평사거리,126.9249,37.2496,1
GGB233000377,400A,51,GGB233000846,37299,원평,126.923217,37.250367,1
GGB233000377,400A,52,GGB233000845,37291,51사단,126.920867,37.250967,1
GGB233000377,400A,53,GGB233002150,55107,어천저수지,126.914783,37.25135,1
GGB233000377,400A,54,GGB233002190,60117,어천2리마을회관앞,126.912883,37.25015,1
GGB233000377,400A,55,GGB233000844,37566,어천역,126.909517,37.2493,1
GGB233000377,400A,56,GGB233000843,37238,숙곡리천불사,126.898733,37.248117,1
GGB233000377,400A,57,GGB233000780,37612,구포3리.쌍학리,126.892117,37.248383,1
GGB233000377,400A,58,GGB233002321,55226,비봉교차로,126.8792,37.238833,1
GGB233000377,400A,59,GGB233000778,37183,비봉중고교.비봉면행정복지센터,126.873217,37.236717,1
GGB233000377,400A,60,GGB233000777,37170,비봉초등학교후문.삼화3리,126.86815,37.236317,1
GGB233000377,400A,61,GGB233000776,37168,천산아파트,126.865967,37.23655,1
GGB233000377,400A,62,GGB233000774,37161,삼화리.천산아파트,126.862933,37.2361,1
GGB233000377,400A,63,GGB233000773,37154,양노리,126.859567,37.228767,1
GGB233000377,400A,64,GGB233003082,55393,양노3리,126.8582,37.227283,1
GGB233000377,400A,65,GGB233000772,36042,북양1리.염티고개,126.839133,37.222233,1
GGB233000377,400A,66,GGB233000771,37776,북양1리,126.8318,37.218983,1
GGB233000377,400A,67,GGB233000770,36030,루나포레아파트,126.831233,37.215633,1
GGB233000377,400A,68,GGB233000769,36026,(구)남양읍행정복지센터,126.823517,37.212,1
GGB233000377,400A,69,GGB233000768,36021,남양사거리,126.81905,37.209367,1
GGB233000377,400A,70,GGB233001046,36018,기업은행,126.81875,37.20835,1
GGB233000377,400A,71,GGB233001749,37774,남양중고입구.기아남양점,126.820333,37.2058,1
GGB233000377,400A,72,GGB233002159,36024,양우내안애,126.823383,37.202783,1
GGB233000377,400A,73,GGB233001828,36001,남양뉴타운.현대2차,126.825517,37.200717,1
GGB233000377,400A,74,GGB233001747,37767,현대아파트,126.824233,37.19725,1
GGB233000377,400A,75,GGB233000369,36838,기산베스트빌,126.8224,37.1956,1
GGB233000377,400A,76,GGB233002487,60129,남양읍행정복지센터,126.821133,37.19375,1
GGB233000377,400A,77,GGB233000341,60040,서희스타힐스1.3단지,126.81815,37.192667,1
GGB233000377,400A,78,GGB233000340,60039,서희스타힐스3.1단지,126.818917,37.193017,1
GGB233000377,400A,79,GGB233002486,60128,남양읍행정복지센터,126.821067,37.193583,1
GGB233000377,400A,80,GGB233000187,36805,기산베스트빌,126.822683,37.19545,1
GGB233000377,400A,81,GGB233001746,37771,현대아파트,126.824517,37.197067,1
GGB233000377,400A,82,GGB233001943,36002,남양뉴타운.상가단지,126.825817,37.200917,1
GGB233000377,400A,83,GGB233000188,36804,남양뉴타운.양우내안애,126.824367,37.202283,1
GGB233000377,400A,84,GGB233001318,36023,남양중고교입구,126.82225,37.204367,1
GGB233000377,400A,85,GGB233000210,37567,기업은행,126.81965,37.2073,1
GGB233000377,400A,86,GGB233000730,36019,남양사거리,126.81905,37.209133,1
GGB233000377,400A,87,GGB233000729,36025,(구)남양읍행정복지센터,126.8228,37.211517,1
GGB233000377,400A,88,GGB233000728,36029,루나포레아파트,126.830883,37.2152,1
GGB233000377,400A,89,GGB233001404,36719,유일병원,126.8323,37.217217,1
GGB233000377,400A,90,GGB233000727,36035,북양1리.봉림사,126.8321,37.21925,1
GGB233000377,400A,91,GGB233000726,36043,북양1리.염티고개,126.840217,37.222117,1
GGB233000377,400A,92,GGB233000725,37153,양노3리,126.85795,37.226633,1
GGB233000377,400A,93,GGB233002118,55087,양노리,126.859967,37.228667,1
GGB233000377,400A,94,GGB233000724,37162,삼화리,126.863717,37.2362,1
GGB233000377,400A,95,GGB233000723,37169,천산아파트,126.865983,37.236467,1
GGB233000377,400A,96,GGB233000722,37171,비봉초등학교후문,126.868233,37.236217,1
GGB233000377,400A,97,GGB233000721,37186,비봉중고교.비봉면행정복지센터,126.8739,37.236867,1
GGB233000377,400A,98,GGB233002215,55930,비봉교차로,126.8783,37.23845,1
GGB233000377,400A,99,GGB233000720,37200,구포리과수원,126.880517,37.2394,1
GGB233000377,400A,100,GGB233000719,37620,쌍학리.구포3리,126.892367,37.248133,1
GGB233000377,400A,101,GGB233000718,37237,숙곡리천불사,126.898217,37.24805,1
GGB233000377,400A,102,GGB233000842,37565,어천역,126.909517,37.2492,1
GGB233000377,400A,103,GGB233002110,60116,어천2리마을회관앞,126.913067,37.250117,1
GGB233000377,400A,104,GGB233002149,55106,어천저수지,126.914783,37.251233,1
GGB233000377,400A,105,GGB233000717,37290,51사단,126.9209,37.250867,1
GGB233000377,400A,106,GGB233000716,37295,원평,126.923633,37.25005,1
GGB233000377,400A,107,GGB233000059,36020,원평사거리,126.925217,37.249367,1
GGB233000377,400A,108,GGB233000891,37298,매송초등학교,126.927217,37.2489,1
GGB233000377,400A,109,GGB233000715,37304,전승아파트,126.93055,37.246283,1
GGB233000377,400A,110,GGB233000714,37308,일광사,126.93945,37.2444,1
GGB233000377,400A,111,GGB233000713,37312,천천리,126.942017,37.244583,1
GGB233000377,400A,112,GGB233000712,37316,천천리입구,126.947467,37.243517,1
GGB233000377,400A,113,GGB233000711,37324,삼미.쌍용아파트,126.9533,37.2432,1
GGB233000377,400A,114,GGB201000025,2059,오목천동태산아파트.서희스타힐스,126.9642,37.245983,0
GGB233000377,400A,115,GGB201000024,2070,수원여자대학교입구,126.966883,37.246717,0
GGB233000377,400A,116,GGB201000365,2872,서수원주민편익시설,126.972717,37.248367,0
GGB233000377,400A,117,GGB201000023,2124,고색역.고색초교.태산아파트,126.9799,37.2504,0
GGB233000377,400A,118,GGB201000022,2131,삼성큰병원.대원.거산아파트,126.984967,37.251833,0
GGB233000377,400A,119,GGB201000341,2842,고색동입구,126.990117,37.25325,0
GGB233000377,400A,120,GGB201000492,2332,중보교.수원역자동차운전전문학원,126.994867,37.2556,0
GGB233000377,400A,121,GGB201000336,2832,공구유통타운.중앙자동차매매단지,126.997067,37.257833,0
GGB233000377,400A,122,GGB201000432,2934,동남아파트,127.000433,37.260817,0
GGB233000377,400A,123,GGB277103687,,세평지하차도(미정차),127.0031,37.26285,0
GGB233000377,400A,124,GGB202000225,3023,수원역10번출구.역전시장,127.001817,37.265083,0
GGB233000377,400A,125,GGB202000106,3195,수원역7번출구.AK플라자,127.000883,37.267367,0
GGB233000377,400A,126,GGB202000223,3020,고등동구터미널,127.001067,37.271217,0
GGB233000377,400A,127,GGB202000222,3024,고등동사거리,127.002633,37.274417,0
GGB233000377,400A,128,GGB202000221,3029,수원여고.푸르지오자이,127.003117,37.276067,0
GGB233000377,400A,129,GGB202000205,3031,병무청입구.한국소방안전원경기지부,127.0046,37.280083,0
GGB233000377,400A,130,GGB202000204,3034,글로벌청소년드림센터,127.006017,37.28215,0
GGB233000377,400A,131,GGB202000109,3198,화서문로터리,127.007183,37.28425,0
GGB233000377,400A,132,GGB200000190,1258,화서문.장안공원,127.009067,37.28615,0
GGB233000377,400A,133,GGB200000321,1411,장안공원,127.012567,37.288233,0
GGB233000377,400A,134,GGB202000253,3134,수원전통문화관.장안동,127.0151,37.286583,0
GGB233000377,400A,135,GGB202000252,3139,화성행궁,127.015817,37.284267,0
GGB233000377,400A,136,GGB202000057,3059,팔달구청.수원화성박물관,127.018833,37.281717,0
GGB233000377,400A,137,GGB202000081,3062,매향동,127.020817,37.282417,0
GGB233000377,400A,138,GGB202000087,3168,수원미디어센터,127.022617,37.284967,0
GGB233000377,400A,139,GGB202000055,3066,창룡문.연무대,127.024183,37.287217,0
GGB233000377,400A,140,GGB202000001,1194,수원시평생학습관.연무사회복지관.창룡도서관,127.0271,37.2914,0
GGB233000377,400A,141,GGB202000053,3088,우만동4단지,127.030883,37.292217,0
GGB233000377,400A,142,GGB202000043,3092,수원월드컵경기장입구.우만주공3단지,127.032533,37.292367,0
GGB233000377,400A,143,GGB203000167,4002,경기남부경찰청.봉녕사입구,127.034933,37.29365,0
GGB233000377,400A,144,GGB203000412,4391,수원광교행복주택아파트,127.036883,37.29545,0
GGB233000377,400A,145,GGB203000034,4008,경기대수원캠퍼스후문,127.041917,37.29775,0
GGB233000377,400A,146,GGB203000260,4259,광교역.광교대학로,127.044083,37.3,0
GGB233000377,400A,147,GGB203000428,4415,광교사회복지관,127.0461,37.299883,0
GGB233000377,400A,148,GGB203000429,4416,수원시도시안전통합센터,127.047883,37.299017,0
GGB233000377,400A,149,GGB203000431,4418,광교이마트,127.049267,37.297683,0
GGB233000377,400A,150,GGB203000046,4174,수원광교박물관.광교카페거리,127.051167,37.29475,0
GGB233000377,400A,151,GGB203000045,4175,광교역사공원.광교카페거리,127.054417,37.295233,0
GGB233000377,400A,152,GGB228003582,47766,광교마을.린병원.독바위,127.065467,37.29905,0
GGB233000377,400A,153,GGB203000287,4277,상현역,127.069,37.297033,0
GGB233000377,400A,154,GGB203000359,4345,수원시동부차고지,127.078483,37.28685,0
GGB233000378,H404,1,GGB233000297,60023,바이오단지종점,126.765233,37.17245,1
GGB233000378,H404,2,GGB233000128,37203,바이오밸리,126.769367,37.172267,1
GGB233000378,H404,3,GGB233002634,37668,바이오단지입구,126.7739,37.1721,1
GGB233000378,H404,4,GGB233002460,37552,청원산단로,126.77945,37.173567,1
GGB233000378,H404,5,GGB233001742,37768,마도산업단지,126.7862,37.181317,1
GGB233000378,H404,6,GGB233002144,55186,쌍송2리.산업단지내,126.788783,37.184667,1
GGB233000378,H404,7,GGB233002142,55184,마도유통상가앞,126.790333,37.1867,1
GGB233000378,H404,8,GGB233002140,55182,쌍송1리앞,126.793083,37.190517,1
GGB233000378,H404,9,GGB233002138,55124,마도할인마트,126.796583,37.195083,1
GGB233000378,H404,10,GGB233002135,55179,남양타운,126.797417,37.198383,1
GGB233000378,H404,11,GGB233000732,36008,남양6리.남양1리,126.801533,37.2039,1
GGB233000378,H404,12,GGB233000731,36009,우림아파트,126.80585,37.205483,1
GGB233000378,H404,13,GGB233002170,55115,경기수협.보건소,126.811883,37.206917,1
GGB233000378,H404,14,GGB233000841,36015,남양성지,126.817117,37.20775,1
GGB233000378,H404,15,GGB233001046,36018,기업은행,126.81875,37.20835,1
GGB233000378,H404,16,GGB233001749,37774,남양중고입구.기아남양점,126.820333,37.2058,1
GGB233000378,H404,17,GGB233002159,36024,양우내안애,126.823383,37.202783,1
GGB233000378,H404,18,GGB233001828,36001,남양뉴타운.현대2차,126.825517,37.200717,1
GGB233000378,H404,19,GGB233001001,36510,화성시청후문,126.829117,37.199967,1
GGB233000378,H404,20,GGB233001503,36738,남양아이파크,126.833733,37.20625,1
GGB233000378,H404,21,GGB233003106,55433,남양뉴타운1단지,126.833267,37.208517,1
GGB233000378,H404,22,GGB233001975,36742,남양뉴타운4단지,126.832967,37.210117,1
GGB233000378,H404,23,GGB233000886,55677,시티프라디움4차.현장민원실,126.8326,37.213733,1
GGB233000378,H404,24,GGB233001231,36040,북양2리,126.836083,37.217633,1
GGB233000378,H404,25,GGB233002163,55254,봉림사입구,126.841,37.217483,1
GGB233000378,H404,26,GGB233002402,55346,북양산업단지,126.85215,37.214817,1
GGB233000378,H404,27,GGB233000929,55908,북양교차로,126.856683,37.21145,1
GGB233000378,H404,28,GGB233000614,55840,양노리입구,126.8579,37.215767,1
GGB233000378,H404,29,GGB233000638,55842,양노공단,126.858733,37.22095,1
GGB233000378,H404,30,GGB233000662,55844,양노공단입구,126.859067,37.224217,1
GGB233000378,H404,31,GGB233002118,55087,양노리,126.859967,37.228667,1
GGB233000378,H404,32,GGB233000724,37162,삼화리,126.863717,37.2362,1
GGB233000378,H404,33,GGB233000723,37169,천산아파트,126.865983,37.236467,1
GGB233000378,H404,34,GGB233000722,37171,비봉초등학교후문,126.868233,37.236217,1
GGB233000378,H404,35,GGB233000721,37186,비봉중고교.비봉면행정복지센터,126.8739,37.236867,1
GGB233000378,H404,36,GGB233002215,55930,비봉교차로,126.8783,37.23845,1
GGB233000378,H404,37,GGB233000720,37200,구포리과수원,126.880517,37.2394,1
GGB233000378,H404,38,GGB233000719,37620,쌍학리.구포3리,126.892367,37.248133,1
GGB233000378,H404,39,GGB233000718,37237,숙곡리천불사,126.898217,37.24805,1
GGB233000378,H404,40,GGB233000842,37565,어천역,126.909517,37.2492,1
GGB233000378,H404,41,GGB233002110,60116,어천2리마을회관앞,126.913067,37.250117,1
GGB233000378,H404,42,GGB233002149,55106,어천저수지,126.914783,37.251233,1
GGB233000378,H404,43,GGB233000717,37290,51사단,126.9209,37.250867,1
GGB233000378,H404,44,GGB233000716,37295,원평,126.923633,37.25005,1
GGB233000378,H404,45,GGB233000059,36020,원평사거리,126.925217,37.249367,1
GGB233000378,H404,46,GGB233000891,37298,매송초등학교,126.927217,37.2489,1
GGB233000378,H404,47,GGB233000715,37304,전승아파트,126.93055,37.246283,1
GGB233000378,H404,48,GGB233000714,37308,일광사,126.93945,37.2444,1
GGB233000378,H404,49,GGB233000713,37312,천천리,126.942017,37.244583,1
GGB233000378,H404,50,GGB233000712,37316,천천리입구,126.947467,37.243517,1
GGB233000378,H404,51,GGB233000711,37324,삼미.쌍용아파트,126.9533,37.2432,1
GGB233000378,H404,52,GGB201000025,2059,오목천동태산아파트.서희스타힐스,126.9642,37.245983,0
GGB233000378,H404,53,GGB201000024,2070,수원여자대학교입구,126.966883,37.246717,0
GGB233000378,H404,54,GGB201000365,2872,서수원주민편익시설,126.972717,37.248367,0
GGB233000378,H404,55,GGB201000023,2124,고색역.고색초교.태산아파트,126.9799,37.2504,0
GGB233000378,H404,56,GGB201000022,2131,삼성큰병원.대원.거산아파트,126.984967,37.251833,0
GGB233000378,H404,57,GGB201000341,2842,고색동입구,126.990117,37.25325,0
GGB233000378,H404,58,GGB201000492,2332,중보교.수원역자동차운전전문학원,126.994867,37.2556,0
GGB233000378,H404,59,GGB201000336,2832,공구유통타운.중앙자동차매매단지,126.997067,37.257833,0
GGB233000378,H404,60,GGB201000432,2934,동남아파트,127.000433,37.260817,0
GGB233000378,H404,61,GGB201000592,2985,수원역환승센터(6승강장),126.998467,37.2654,0
GGB233000378,H404,62,GGB201000545,2190,평동동남아파트,126.99895,37.263183,0
GGB233000378,H404,63,GGB277103124,,벌터교차로(미정차),126.9963,37.2621,0
GGB233000378,H404,64,GGB201000020,2156,공구유통타운.중앙자동차매매단지,126.997067,37.25835,0
GGB233000378,H404,65,GGB201000390,2331,중보교.수원역자동차운전전문학원,126.994583,37.25575,0
GGB233000378,H404,66,GGB201000389,2926,고색동입구,126.98995,37.253533,0
GGB233000378,H404,67,GGB201000064,2137,고색파출소.종합공구단지,126.986683,37.252633,0
GGB233000378,H404,68,GGB201000019,2128,연안아파트.삼성큰병원,126.983783,37.251817,0
GGB233000378,H404,69,GGB201000018,2122,고색역.고색초교.태산아파트,126.979667,37.25065,0
GGB233000378,H404,70,GGB201000488,2972,서수원주민편익시설,126.972333,37.248583,0
GGB233000378,H404,71,GGB201000017,2067,수원여자대학입구,126.965633,37.24675,0
GGB233000378,H404,72,GGB201000016,2058,오목천동태산아파트.서희스타힐스,126.96285,37.2458,0
GGB233000378,H404,73,GGB233000782,37325,삼미.쌍용아파트,126.953483,37.243433,1
GGB233000378,H404,74,GGB233000781,37321,천천리입구,126.94825,37.24385,1
GGB233000378,H404,75,GGB233000849,37313,천천리,126.942383,37.244667,1
GGB233000378,H404,76,GGB233000848,37309,일광사,126.9402,37.244517,1
GGB233000378,H404,77,GGB233000847,37305,전승아파트,126.930617,37.246383,1
GGB233000378,H404,78,GGB233002174,55188,매송초등학교,126.928117,37.2485,1
GGB233000378,H404,79,GGB233000055,36017,원평사거리,126.9249,37.2496,1
GGB233000378,H404,80,GGB233000846,37299,원평,126.923217,37.250367,1
GGB233000378,H404,81,GGB233000845,37291,51사단,126.920867,37.250967,1
GGB233000378,H404,82,GGB233002150,55107,어천저수지,126.914783,37.25135,1
GGB233000378,H404,83,GGB233002190,60117,어천2리마을회관앞,126.912883,37.25015,1
GGB233000378,H404,84,GGB233000844,37566,어천역,126.909517,37.2493,1
GGB233000378,H404,85,GGB233000843,37238,숙곡리천불사,126.898733,37.248117,1
GGB233000378,H404,86,GGB233000780,37612,구포3리.쌍학리,126.892117,37.248383,1
GGB233000378,H404,87,GGB233000779,37207,구포리과수원,126.8821,37.24005,1
GGB233000378,H404,88,GGB233002321,55226,비봉교차로,126.8792,37.238833,1
GGB233000378,H404,89,GGB233000778,37183,비봉중고교.비봉면행정복지센터,126.873217,37.236717,1
GGB233000378,H404,90,GGB233000777,37170,비봉초등학교후문.삼화3리,126.86815,37.236317,1
GGB233000378,H404,91,GGB233000776,37168,천산아파트,126.865967,37.23655,1
GGB233000378,H404,92,GGB233000774,37161,삼화리.천산아파트,126.862933,37.2361,1
GGB233000378,H404,93,GGB233000672,55845,양노공단입구,126.8588,37.22405,1
GGB233000378,H404,94,GGB233000639,55843,양노공단,126.858533,37.2208,1
GGB233000378,H404,95,GGB233000615,55841,양노리입구,126.8577,37.215617,1
GGB233000378,H404,96,GGB233000557,36053,북양교차로,126.855983,37.211183,1
GGB233000378,H404,97,GGB233002401,55345,북양산업단지,126.851367,37.215567,1
GGB233000378,H404,98,GGB233002164,55255,봉림사입구,126.840767,37.21765,1
GGB233000378,H404,99,GGB233000556,36041,북양2리,126.836117,37.217833,1
GGB233000378,H404,100,GGB233000966,55678,남양뉴타운입구,126.83215,37.2147,1
GGB233000378,H404,101,GGB233001946,55928,현장민원실.시티프라디움4차,126.832283,37.212533,1
GGB233000378,H404,102,GGB233003107,55434,남양뉴타운4단지,126.8324,37.210583,1
GGB233000378,H404,103,GGB233000138,36431,남양뉴타운1단지,126.83275,37.208767,1
GGB233000378,H404,104,GGB233000163,36506,남양아이파크,126.833467,37.205417,1
GGB233000378,H404,105,GGB233001000,36507,화성시청후문,126.828867,37.200133,1
GGB233000378,H404,106,GGB233001943,36002,남양뉴타운.상가단지,126.825817,37.200917,1
GGB233000378,H404,107,GGB233000188,36804,남양뉴타운.양우내안애,126.824367,37.202283,1
GGB233000378,H404,108,GGB233001318,36023,남양중고교입구,126.82225,37.204367,1
GGB233000378,H404,109,GGB233000210,37567,기업은행,126.81965,37.2073,1
GGB233000378,H404,110,GGB233000767,36014,남양성지,126.815433,37.207533,1
GGB233000378,H404,111,GGB233002171,55116,경기수협.보건소,126.81185,37.207033,1
GGB233000378,H404,112,GGB233000766,36010,우림아파트,126.806133,37.20565,1
GGB233000378,H404,113,GGB233000765,36007,남양6리.남양1리,126.800967,37.203983,1
GGB233000378,H404,114,GGB233002136,55180,남양타운,126.797067,37.19775,1
GGB233000378,H404,115,GGB233002137,55123,마도할인마트,126.796333,37.195017,1
GGB233000378,H404,116,GGB233001745,37753,마도교차로,126.79315,37.190983,1
GGB233000378,H404,117,GGB233002139,55181,쌍송1리앞,126.792183,37.189783,1
GGB233000378,H404,118,GGB233002141,55183,마도유통상가앞,126.789867,37.186533,1
GGB233000378,H404,119,GGB233002143,55185,쌍송2리앞,126.788233,37.1844,1
GGB233000378,H404,120,GGB233001743,37752,마도산업단지,126.785733,37.181167,1
GGB233000378,H404,121,GGB233002645,37531,청원산단로,126.779283,37.173717,1
GGB233000378,H404,122,GGB233003099,55426,바이오단지입구,126.77375,37.1723,1
GGB233000378,H404,123,GGB233002291,37111,바이오밸리,126.7694,37.172483,1
GGB233000378,H404,124,GGB233000295,60022,바이오단지종점,126.765333,37.17265,1
GGB233000379,H100,1,GGB233002247,55998,동탄2차고지,127.103467,37.1554,1
GGB233000379,H100,2,GGB233000089,36117,장지지하차도,127.105117,37.157483,1
GGB233000379,H100,3,GGB233003132,55528,호수자이파밀리에.아이원,127.1052,37.160733,1
GGB233000379,H100,4,GGB233003127,55523,금호어울림.계룡리슈빌,127.10695,37.1639,1
GGB233000379,H100,5,GGB233003128,55524,동탄호수공원.센트럴시티,127.107017,37.166817,1
GGB233000379,H100,6,GGB233003093,55420,호수부영3차.우미린2차,127.107083,37.171667,1
GGB233000379,H100,7,GGB233000162,36493,나래학교.더샵레이크,127.105783,37.175917,1
GGB233000379,H100,8,GGB233000161,36487,반도3차.금강1차,127.102683,37.182417,1
GGB233000379,H100,9,GGB233000995,36477,의료시설부지,127.100233,37.1876,1
GGB233000379,H100,10,GGB233000999,36501,리베라CC.헤리엇,127.099083,37.190717,1
GGB233000379,H100,11,GGB233000305,36384,그란비아스타,127.0991,37.193367,1
GGB233000379,H100,12,GGB233000978,36466,한화.린스트라우스,127.099083,37.195383,1
GGB233000379,H100,13,GGB233003085,55399,동탄역(동측),127.096283,37.19985,1
GGB233000379,H100,14,GGB233003210,55968,반도유보라.삼정그린코아,127.09035,37.201567,1
GGB233000379,H100,15,GGB233003240,55989,동탄여울공원,127.087083,37.202333,1
GGB233000379,H100,16,GGB233002439,55311,예당고사거리,127.080667,37.2099,1
GGB233000379,H100,17,GGB233001683,37712,전하리교회.우미제일,127.079283,37.21315,1
GGB233000379,H100,18,GGB233001619,37692,동탄이마트.한림대병원,127.077833,37.214483,1
GGB233000379,H100,19,GGB233001282,37587,예당마을.롯데캐슬(중),127.073,37.21175,1
GGB233000379,H100,20,GGB233001216,36841,한빛마을.석우중학교(중),127.069267,37.208217,1
GGB233000379,H100,21,GGB233001218,36666,메타폴리스(중),127.067483,37.204267,1
GGB233000379,H100,22,GGB233001220,37693,다은마을(중),127.06735,37.200383,1
GGB233000379,H100,23,GGB233001283,37590,센트럴파크뷰아파트(중),127.06415,37.199433,1
GGB233000379,H100,24,GGB233001285,36686,모아미래도.우림필유.평생학습관(중),127.058267,37.199483,1
GGB233000379,H100,25,GGB233001287,36688,서동탄역.신일해피트리(중),127.053333,37.199367,1
GGB233000379,H100,26,GGB233000068,36381,우남퍼스트빌,127.048533,37.199367,1
GGB233000379,H100,27,GGB233001289,36362,성호아파트,127.0428,37.199683,1
GGB233000379,H100,28,GGB233000098,36349,한일타운아파트,127.037733,37.2003,1
GGB233000379,H100,29,GGB233001920,37935,유앤아이.화성시청소년수련관,127.03435,37.203117,1
GGB233000379,H100,30,GGB233000701,36339,병점역후문,127.031917,37.206833,1
GGB233000379,H100,31,GGB233000950,36337,진안5통.병점육교,127.030883,37.208383,1
GGB233000379,H100,32,GGB233001055,36079,송산교입구,127.026533,37.2078,1
GGB233000379,H100,33,GGB233000670,36328,안용중학교.현충공원,127.02205,37.2056,1
GGB233000379,H100,34,GGB233000669,36318,송산동입구,127.017783,37.20585,1
GGB233000379,H100,35,GGB233000604,36312,안녕농협삼거리,127.01425,37.205283,1
GGB233000379,H100,36,GGB233000603,36307,남수원현대아파트,127.010517,37.207667,1
GGB233000379,H100,37,GGB233000602,36301,우남블루존.원광병원,127.009233,37.209833,1
GGB233000379,H100,38,GGB233000601,36288,용주사,127.004317,37.210533,1
GGB233000379,H100,39,GGB233001130,36281,우미린센트포레1단지,127.000817,37.208167,1
GGB233000379,H100,40,GGB233000276,36377,정조효공원.LH1단지,126.998717,37.205683,1
GGB233000379,H100,41,GGB233002538,36483,정조효공원,126.996417,37.20445,1
GGB233000379,H100,42,GGB233001841,36997,융건릉입구,126.989,37.207033,1
GGB233000379,H100,43,GGB233002398,55344,융건릉사거리,126.987783,37.207967,1
GGB233000379,H100,44,GGB233002234,55122,안녕4통.고수문,126.982783,37.212633,1
GGB233000379,H100,45,GGB233000576,36204,수원대학교,126.97915,37.214167,1
GGB233000379,H100,46,GGB233000945,36194,와우지구,126.976317,37.215983,1
GGB233000379,H100,47,GGB233001457,37529,와우농협앞,126.974633,37.218,1
GGB233000379,H100,48,GGB233002737,37145,와우사거리,126.973333,37.219017,1
GGB233000379,H100,49,GGB233000893,55875,에듀시티파라곤,126.971,37.218033,1
GGB233000379,H100,50,GGB233002043,55041,임광그대가3단지,126.969233,37.217233,1
GGB233000379,H100,51,GGB233003097,55424,효행초.한신더휴에듀파크,126.965633,37.2157,1
GGB233000379,H100,52,GGB233002566,55449,동화휴먼시아5단지,126.963467,37.215017,1
GGB233000379,H100,53,GGB233001624,37686,동화초중교,126.96215,37.2147,1
GGB233000379,H100,54,GGB233001758,37762,동화휴먼시아6단지,126.960583,37.214833,1
GGB233000379,H100,55,GGB233001659,37765,중심상가.화성고용센터,126.959117,37.2161,1
GGB233000379,H100,56,GGB233002085,55062,동화휴먼시아1단지.상봉초등학교,126.95645,37.2177,1
GGB233000379,H100,57,GGB233002087,37688,봉담택지지구,126.9535,37.2199,1
GGB233000379,H100,58,GGB233002218,55140,국민체육센터,126.952433,37.221183,1
GGB233000379,H100,59,GGB233000836,36123,봉담읍행정복지센터,126.949283,37.2204,1
GGB233000379,H100,60,GGB233001342,55706,중흥S클래스더퍼스트,126.946033,37.21965,1
GGB233000379,H100,61,GGB233002548,55670,봉담2.LH2단지,126.9449,37.22195,1
GGB233000379,H100,62,GGB233000922,55884,삼봉근린공원,126.94375,37.225267,1
GGB233000379,H100,63,GGB233001037,55894,신수마을,126.941667,37.2271,1
GGB233000379,H100,64,GGB233001883,36604,신수리,126.935683,37.226583,1
GGB233000379,H100,65,GGB233001059,36070,내리사거리,126.9318,37.227033,1
GGB233000379,H100,66,GGB233001427,36595,봉담자이프라이드시티,126.927033,37.225967,1
GGB233000379,H100,67,GGB233001459,36597,힐스테이트봉담프라이드시티,126.92495,37.2239,1
GGB233000379,H100,68,GGB233001468,36598,봉담자이프라이드시티,126.927117,37.225767,1
GGB233000379,H100,69,GGB233002480,55327,덕고개길,126.925583,37.23295,1
GGB233000379,H100,70,GGB233000274,55780,내리,126.924383,37.236367,1
GGB233000379,H100,71,GGB233002463,55324,원평2리입구,126.925633,37.239383,1
GGB233000379,H100,72,GGB233000055,36017,원평사거리,126.9249,37.2496,1
GGB233000379,H100,73,GGB233000846,37299,원평,126.923217,37.250367,1
GGB233000379,H100,74,GGB233000845,37291,51사단,126.920867,37.250967,1
GGB233000379,H100,75,GGB233002150,55107,어천저수지,126.914783,37.25135,1
GGB233000379,H100,76,GGB233002190,60117,어천2리마을회관앞,126.912883,37.25015,1
GGB233000379,H100,77,GGB233000844,37566,어천역,126.909517,37.2493,1
GGB233000379,H100,78,GGB233000843,37238,숙곡리천불사,126.898733,37.248117,1
GGB233000379,H100,79,GGB233000780,37612,구포3리.쌍학리,126.892117,37.248383,1
GGB233000379,H100,80,GGB233000779,37207,구포리과수원,126.8821,37.24005,1
GGB233000379,H100,81,GGB233002321,55226,비봉교차로,126.8792,37.238833,1
GGB233000379,H100,82,GGB233000778,37183,비봉중고교.비봉면행정복지센터,126.873217,37.236717,1
GGB233000379,H100,83,GGB233000777,37170,비봉초등학교후문.삼화3리,126.86815,37.236317,1
GGB233000379,H100,84,GGB233000776,37168,천산아파트,126.865967,37.23655,1
GGB233000379,H100,85,GGB233000774,37161,삼화리.천산아파트,126.862933,37.2361,1
GGB233000379,H100,86,GGB233000773,37154,양노리,126.859567,37.228767,1
GGB233000379,H100,87,GGB233003082,55393,양노3리,126.8582,37.227283,1
GGB233000379,H100,88,GGB233000772,36042,북양1리.염티고개,126.839133,37.222233,1
GGB233000379,H100,89,GGB233000771,37776,북양1리,126.8318,37.218983,1
GGB233000379,H100,90,GGB233000770,36030,루나포레아파트,126.831233,37.215633,1
GGB233000379,H100,91,GGB233000769,36026,(구)남양읍행정복지센터,126.823517,37.212,1
GGB233000379,H100,92,GGB233000768,36021,남양사거리,126.81905,37.209367,1
GGB233000379,H100,93,GGB233001046,36018,기업은행,126.81875,37.20835,1
GGB233000379,H100,94,GGB233001749,37774,남양중고입구.기아남양점,126.820333,37.2058,1
GGB233000379,H100,95,GGB233002159,36024,양우내안애,126.823383,37.202783,1
GGB233000379,H100,96,GGB233001828,36001,남양뉴타운.현대2차,126.825517,37.200717,1
GGB233000379,H100,97,GGB233001001,36510,화성시청후문,126.829117,37.199967,1
GGB233000379,H100,98,GGB233002536,55427,남양뉴타운10단지,126.835517,37.20605,1
GGB233000379,H100,99,GGB233000856,55676,화성의과학대학교입구,126.8385,37.204283,1
GGB233000379,H100,100,GGB233002708,55681,화성의과학대학교,126.839617,37.203267,1
GGB233000379,H100,101,GGB233000597,55675,화성의과학대학교입구,126.838533,37.204567,1
GGB233000379,H100,102,GGB233002375,55463,남양뉴타운10단지,126.835083,37.2061,1
GGB233000379,H100,103,GGB233000163,36506,남양아이파크,126.833467,37.205417,1
GGB233000379,H100,104,GGB233001000,36507,화성시청후문,126.828867,37.200133,1
GGB233000379,H100,105,GGB233001943,36002,남양뉴타운.상가단지,126.825817,37.200917,1
GGB233000379,H100,106,GGB233000188,36804,남양뉴타운.양우내안애,126.824367,37.202283,1
GGB233000379,H100,107,GGB233001318,36023,남양중고교입구,126.82225,37.204367,1
GGB233000379,H100,108,GGB233000210,37567,기업은행,126.81965,37.2073,1
GGB233000379,H100,109,GGB233000730,36019,남양사거리,126.81905,37.209133,1
GGB233000379,H100,110,GGB233000729,36025,(구)남양읍행정복지센터,126.8228,37.211517,1
GGB233000379,H100,111,GGB233000728,36029,루나포레아파트,126.830883,37.2152,1
GGB233000379,H100,112,GGB233001404,36719,유일병원,126.8323,37.217217,1
GGB233000379,H100,113,GGB233000727,36035,북양1리.봉림사,126.8321,37.21925,1
GGB233000379,H100,114,GGB233000726,36043,북양1리.염티고개,126.840217,37.222117,1
GGB233000379,H100,115,GGB233000725,37153,양노3리,126.85795,37.226633,1
GGB233000379,H100,116,GGB233002118,55087,양노리,126.859967,37.228667,1
GGB233000379,H100,117,GGB233000724,37162,삼화리,126.863717,37.2362,1
GGB233000379,H100,118,GGB233000723,37169,천산아파트,126.865983,37.236467,1
GGB233000379,H100,119,GGB233000722,37171,비봉초등학교후문,126.868233,37.236217,1
GGB233000379,H100,120,GGB233000721,37186,비봉중고교.비봉면행정복지센터,126.8739,37.236867,1
GGB233000379,H100,121,GGB233002215,55930,비봉교차로,126.8783,37.23845,1
GGB233000379,H100,122,GGB233000720,37200,구포리과수원,126.880517,37.2394,1
GGB233000379,H100,123,GGB233000719,37620,쌍학리.구포3리,126.892367,37.248133,1
GGB233000379,H100,124,GGB233000718,37237,숙곡리천불사,126.898217,37.24805,1
GGB233000379,H100,125,GGB233000842,37565,어천역,126.909517,37.2492,1
GGB233000379,H100,126,GGB233002110,60116,어천2리마을회관앞,126.913067,37.250117,1
GGB233000379,H100,127,GGB233002149,55106,어천저수지,126.914783,37.251233,1
GGB233000379,H100,128,GGB233000717,37290,51사단,126.9209,37.250867,1
GGB233000379,H100,129,GGB233000716,37295,원평,126.923633,37.25005,1
GGB233000379,H100,130,GGB233000059,36020,원평사거리,126.925217,37.249367,1
GGB233000379,H100,131,GGB233002464,55325,원평2리입구.은혜교회,126.92535,37.239017,1
GGB233000379,H100,132,GGB233000273,55779,내리,126.9244,37.237017,1
GGB233000379,H100,133,GGB233002465,55326,덕고개길,126.925317,37.233183,1
GGB233000379,H100,134,GGB233001427,36595,봉담자이프라이드시티,126.927033,37.225967,1
GGB233000379,H100,135,GGB233001459,36597,힐스테이트봉담프라이드시티,126.92495,37.2239,1
GGB233000379,H100,136,GGB233001468,36598,봉담자이프라이드시티,126.927117,37.225767,1
GGB233000379,H100,137,GGB233001336,36783,내리사거리,126.931617,37.22685,1
GGB233000379,H100,138,GGB233000967,36585,신수리,126.93555,37.226383,1
GGB233000379,H100,139,GGB233001044,55895,신수마을,126.941717,37.226833,1
GGB233000379,H100,140,GGB233000963,55887,생태체육공원,126.943633,37.225067,1
GGB233000379,H100,141,GGB233002973,55671,봉담2.LH2단지,126.944717,37.221833,1
GGB233000379,H100,142,GGB233001341,55705,중흥S클래스더퍼스트,126.945983,37.219433,1
GGB233000379,H100,143,GGB233000786,36122,봉담읍행정복지센터,126.94965,37.220333,1
GGB233000379,H100,144,GGB233002217,55139,국민체육센터,126.952217,37.221067,1
GGB233000379,H100,145,GGB233001661,37883,봉담중.고등학교,126.953867,37.219333,1
GGB233000379,H100,146,GGB233002086,55054,동일하이빌.상봉초등학교,126.956083,37.217667,1
GGB233000379,H100,147,GGB233001658,37881,동일하이빌.화성고용센터,126.958317,37.216333,1
GGB233000379,H100,148,GGB233001612,37677,동화휴먼시아6단지,126.959983,37.2151,1
GGB233000379,H100,149,GGB233001613,37678,동화중학교.동화초등학교,126.96165,37.214383,1
GGB233000379,H100,150,GGB233002041,55040,동화휴먼시아5단지,126.963433,37.214817,1
GGB233000379,H100,151,GGB233003098,55425,효행초.한신더휴에듀파크,126.96705,37.216117,1
GGB233000379,H100,152,GGB233002042,55042,임광그대가3단지,126.969767,37.217267,1
GGB233000379,H100,153,GGB233000892,55874,에듀시티파라곤,126.971133,37.21785,1
GGB233000379,H100,154,GGB233002738,37146,와우사거리,126.973517,37.218917,1
GGB233000379,H100,155,GGB233000942,36187,와우농협앞,126.974433,37.218017,1
GGB233000379,H100,156,GGB233000944,36193,와우지구,126.976183,37.2159,1
GGB233000379,H100,157,GGB233000575,36210,수원대학교,126.979767,37.213833,1
GGB233000379,H100,158,GGB233002233,55121,안녕4통.고수문,126.98225,37.212633,1
GGB233000379,H100,159,GGB233002397,55343,융건릉사거리,126.987533,37.20785,1
GGB233000379,H100,160,GGB233001840,36996,융건릉입구,126.989017,37.206767,1
GGB233000379,H100,161,GGB233002155,55161,안녕성당앞,126.996267,37.204267,1
GGB233000379,H100,162,GGB233000277,36382,LH1단지,126.999033,37.205583,1
GGB233000379,H100,163,GGB233001228,36660,우미린센트포레1단지,127.001083,37.207983,1
GGB233000379,H100,164,GGB233000584,36289,용주사,127.0052,37.21055,1
GGB233000379,H100,165,GGB233000583,36302,우남블루존.원광병원,127.0092,37.209667,1
GGB233000379,H100,166,GGB233000582,36308,남수원현대아파트,127.0106,37.2071,1
GGB233000379,H100,167,GGB233000581,36314,안녕농협삼거리,127.014717,37.205183,1
GGB233000379,H100,168,GGB233000643,36315,송산동입구,127.0172,37.205567,1
GGB233000379,H100,169,GGB233000642,36327,동문아파트,127.022233,37.205367,1
GGB233000379,H100,170,GGB233001442,36959,송산교입구,127.02565,37.207183,1
GGB233000379,H100,171,GGB233000696,36336,진안5통.병점육교,127.030417,37.208617,1
GGB233000379,H100,172,GGB233000695,36338,병점역후문,127.032033,37.20605,1
GGB233000379,H100,173,GGB233001921,37933,유앤아이.화성시청소년수련관,127.034717,37.202317,1
GGB233000379,H100,174,GGB233000097,36348,한일타운아파트,127.03755,37.200233,1
GGB233000379,H100,175,GGB233001290,36364,성호아파트,127.041067,37.199883,1
GGB233000379,H100,176,GGB233001229,37516,우남퍼스트빌,127.04785,37.198917,1
GGB233000379,H100,177,GGB233001288,36689,서동탄역.신일해피트리(중),127.0525,37.1995,1
GGB233000379,H100,178,GGB233001286,36687,모아미래도.우림필유.평생학습관(중),127.057583,37.199267,1
GGB233000379,H100,179,GGB233001644,37589,센트럴파크뷰아파트(중),127.06335,37.1995,1
GGB233000379,H100,180,GGB233001224,36664,다은마을(중),127.067583,37.199983,1
GGB233000379,H100,181,GGB233001219,36667,메타폴리스(중),127.067517,37.203733,1
GGB233000379,H100,182,GGB233001562,36668,한빛마을(중),127.06905,37.207667,1
GGB233000379,H100,183,GGB233001281,36672,예당마을.롯데캐슬(중),127.072067,37.21095,1
GGB233000379,H100,184,GGB233001618,37684,동탄이마트.한림대병원,127.077933,37.214033,1
GGB233000379,H100,185,GGB233003186,37760,우미제일.전하리교회,127.079383,37.212133,1
GGB233000379,H100,186,GGB233003239,55988,동탄여울공원,127.086983,37.202067,1
GGB233000379,H100,187,GGB233003211,55969,반도유보라.삼정그린코아,127.0904,37.201333,1
GGB233000379,H100,188,GGB233003084,55398,동탄역(서측),127.096083,37.199583,1
GGB233000379,H100,189,GGB233001637,37658,린스트라우스.한화,127.098517,37.19625,1
GGB233000379,H100,190,GGB233000998,36502,헤리엇.리베라CC,127.098467,37.190733,1
GGB233000379,H100,191,GGB233000994,36480,공공청사부지,127.099833,37.187033,1
GGB233000379,H100,192,GGB233000996,36488,반도3차.금강1차,127.103133,37.1802,1
GGB233000379,H100,193,GGB233000997,36494,레이크빌.하우스디더레이크,127.105083,37.176083,1
GGB233000379,H100,194,GGB233003092,55419,우미린2차.호수부영3차,127.106417,37.17135,1
GGB233000379,H100,195,GGB233003136,55532,동탄호수공원,127.106433,37.167167,1
GGB233000379,H100,196,GGB233003137,55533,계룡리슈빌.금호어울림,127.10645,37.16465,1
GGB233000379,H100,197,GGB233003126,55522,아이원.호수자이파밀리에,127.104783,37.161017,1
GGB233000379,H100,198,GGB233000088,36116,장지지하차도,127.10425,37.157483,1
GGB233000379,H100,199,GGB233002248,55999,동탄2차고지,127.10335,37.155283,1
GGB233000382,H130,1,GGB233002282,55468,비봉체육공원,126.841517,37.266633,1
GGB233000382,H130,2,GGB233001277,55909,리안비채,126.834917,37.2759,1
GGB233000382,H130,3,GGB233000236,55766,별솔공원,126.831333,37.274483,1
GGB233000382,H130,4,GGB233003145,55541,새솔고,126.8279,37.27455,1
GGB233000382,H130,5,GGB233001910,55334,세영리첼,126.82485,37.27635,1
GGB233000382,H130,6,GGB233003148,55544,휴먼빌,126.822883,37.280567,1
GGB233000382,H130,7,GGB233003147,55543,이지더원,126.822133,37.283817,1
GGB233000382,H130,8,GGB233003153,55549,요진Y시티,126.820467,37.286583,1
GGB233000382,H130,9,GGB233002129,55598,대방노블랜드2차,126.817467,37.28915,1
GGB233000382,H130,10,GGB233002127,55596,대방노블랜드5차,126.8141,37.290317,1
GGB233000382,H130,11,GGB233003146,55542,에코팜타운,126.809117,37.287933,1
GGB233000382,H130,12,GGB277104706,,초지고가교(미정차),126.804833,37.295783,0
GGB233000382,H130,13,GGB277104704,,원시삼거리(미정차),126.784283,37.293367,0
GGB233000382,H130,14,GGB217000293,18102,경인합섬앞,126.784833,37.297783,0
GGB233000382,H130,15,GGB217000292,18107,원시역1번출구,126.786517,37.301467,0
GGB233000382,H130,16,GGB217000289,18105,원시역2번출구,126.7862,37.301767,0
GGB233000382,H130,17,GGB217000739,18507,LS오토모티브,126.784483,37.297983,0
GGB233000382,H130,18,GGB277104703,,원시삼거리(미정차),126.7843,37.2931,0
GGB233000382,H130,19,GGB277104705,,초지고가교(미정차),126.8045,37.2958,0
GGB233000382,H130,20,GGB233003151,55547,에코팜타운,126.807,37.2877,1
GGB233000382,H130,21,GGB233002128,55597,대방노블랜드6차,126.8148,37.2901,1
GGB233000382,H130,22,GGB233002133,55599,대방노블랜드3차,126.817333,37.289033,1
GGB233000382,H130,23,GGB233003152,55548,대방노블랜드1차,126.820283,37.286467,1
GGB233000382,H130,24,GGB233003149,55545,금강팬테리움,126.821917,37.2838,1
GGB233000382,H130,25,GGB233003141,55537,반도유보라,126.822667,37.280467,1
GGB233000382,H130,26,GGB233000073,55776,송린초교앞,126.823433,37.2787,1
GGB233000382,H130,27,GGB233001901,55333,세영리첼,126.82455,37.276167,1
GGB233000382,H130,28,GGB233003144,55540,새솔고,126.827783,37.274233,1
GGB233000382,H130,29,GGB233000237,55767,별솔공원,126.832,37.274233,1
GGB233000382,H130,30,GGB233000250,55777,송산그린시티EB2.3블록,126.833533,37.272467,1
GGB233000382,H130,31,GGB233000111,55461,비봉체육공원,126.841383,37.266567,1
GGB233000383,H340,1,GGB233003052,55329,향남시외터미널,126.922067,37.13295,1
GGB233000383,H340,2,GGB233002101,37286,화성문화원.향남환승터미널,126.921083,37.132,1
GGB233000383,H340,3,GGB233001955,37991,화성소방서.향남홈플러스,126.920917,37.13045,1
GGB233000383,H340,4,GGB233002103,55084,에일린의뜰,126.920617,37.127867,1
GGB233000383,H340,5,GGB233002105,55085,단독주택단지,126.919867,37.124333,1
GGB233000383,H340,6,GGB233001109,37280,방축리,126.918367,37.12,1
GGB233000383,H340,7,GGB233000617,37283,향남주공2단지,126.917267,37.116983,1
GGB233000383,H340,8,GGB233002407,55283,향남부영9단지,126.919067,37.113367,1
GGB233000383,H340,9,GGB233002408,55284,향남부영10.11단지,126.919483,37.11055,1
GGB233000383,H340,10,GGB233002013,55057,향남부영11단지정문,126.917783,37.1095,1
GGB233000383,H340,11,GGB233002481,55320,향남부영11단지,126.91525,37.109567,1
GGB233000383,H340,12,GGB233002415,55290,향남모아8단지,126.913683,37.113833,1
GGB233000383,H340,13,GGB233002504,55381,롯데씨네마.향남부영7,126.910917,37.114617,1
GGB233000383,H340,14,GGB233002274,55615,향남부영6단지,126.909333,37.11445,1
GGB233000383,H340,15,GGB233002479,55370,하길중학교,126.90815,37.113167,1
GGB233000383,H340,16,GGB233002505,55382,향남주공5단지입구,126.905417,37.11415,1
GGB233000383,H340,17,GGB233001170,36435,하길초등학교,126.905467,37.116117,1
GGB233000383,H340,18,GGB233002468,55369,향남주공5단지,126.908,37.1166,1
GGB233000383,H340,19,GGB233002412,55287,향남부영3단지,126.911417,37.118017,1
GGB233000383,H340,20,GGB233002410,55285,향남주공1.2단지,126.9145,37.1191,1
GGB233000383,H340,21,GGB233000618,37281,방축리,126.918667,37.120033,1
GGB233000383,H340,22,GGB233002106,55081,단독주택단지,126.920183,37.12425,1
GGB233000383,H340,23,GGB233002104,55080,신영지웰,126.920967,37.127867,1
GGB233000383,H340,24,GGB233001860,37903,화성소방서.향남홈플러스,126.9213,37.130533,1
GGB233000383,H340,25,GGB233000633,37288,향남읍행정복지센터,126.919117,37.13175,1
GGB233000383,H340,26,GGB233001026,37269,화성중앙병원.발안초등학교,126.9115,37.131183,1
GGB233000383,H340,27,GGB233001565,37625,발안사거리.평리,126.910533,37.131717,1
GGB233000383,H340,28,GGB233001558,37270,장짐교차로,126.91095,37.135967,1
GGB233000383,H340,29,GGB233000924,37256,화성중고등학교,126.90605,37.137933,1
GGB233000383,H340,30,GGB233002356,55238,장짐삼거리,126.901083,37.139633,1
GGB233000383,H340,31,GGB233000925,37234,지월리입구,126.89805,37.145067,1
GGB233000383,H340,32,GGB233000546,37240,수목원,126.8992,37.147983,1
GGB233000383,H340,33,GGB233001557,37241,구장리새터말입구,126.8992,37.153517,1
GGB233000383,H340,34,GGB233000545,36907,구장1리,126.899117,37.155567,1
GGB233000383,H340,35,GGB233000521,37252,팔탄초등학교,126.90325,37.159483,1
GGB233000383,H340,36,GGB233000516,37254,팔탄면행정복지센터,126.904183,37.162267,1
GGB233000383,H340,37,GGB233002510,55387,마곡마을입구,126.900533,37.164167,1
GGB233000383,H340,38,GGB233001030,37229,구장삼거리,126.896033,37.168017,1
GGB233000383,H340,39,GGB233002052,55003,구장사거리앞,126.89335,37.16975,1
GGB233000383,H340,40,GGB233002050,55019,창곡주유소앞,126.890783,37.174633,1
GGB233000383,H340,41,GGB233001750,37766,창곡3리.독골,126.8896,37.178117,1
GGB233000383,H340,42,GGB233002048,55005,우렁골입구,126.887317,37.181767,1
GGB233000383,H340,43,GGB233001752,37772,창곡2리교회앞,126.884617,37.185583,1
GGB233000383,H340,44,GGB233002229,55119,창곡1리,126.88415,37.186617,1
GGB233000383,H340,45,GGB233000542,37209,금산사입구,126.88335,37.1899,1
GGB233000383,H340,46,GGB233002045,55007,언창공단,126.8824,37.193367,1
GGB233000383,H340,47,GGB233002168,55126,창곡1리입구,126.881283,37.196067,1
GGB233000383,H340,48,GGB233000898,37575,청요사거리,126.880083,37.198267,1
GGB233000383,H340,49,GGB233000541,37185,자안리,126.873767,37.204217,1
GGB233000383,H340,50,GGB233000361,55823,자안공단,126.871983,37.20655,1
GGB233000383,H340,51,GGB233000540,37755,과학화예비군훈련장앞,126.8723,37.216533,1
GGB233000383,H340,52,GGB233000539,37188,양노리,126.873967,37.23095,1
GGB233000383,H340,53,GGB233000359,55637,비봉면행정복지센터,126.873283,37.235683,1
GGB233000383,H340,54,GGB233000159,37279,비봉우체국,126.869817,37.2351,1
GGB233000383,H340,55,GGB233000132,37297,천산아파트,126.864817,37.235433,1
GGB233000383,H340,56,GGB233000724,37162,삼화리,126.863717,37.2362,1
GGB233000383,H340,57,GGB233000723,37169,천산아파트,126.865983,37.236467,1
GGB233000383,H340,58,GGB233000722,37171,비봉초등학교후문,126.868233,37.236217,1
GGB233000383,H340,59,GGB233000721,37186,비봉중고교.비봉면행정복지센터,126.8739,37.236867,1
GGB233000383,H340,60,GGB233002039,60018,비봉LH아파트,126.8753,37.243183,1
GGB233000383,H340,61,GGB233000263,60020,비봉상업지구,126.873317,37.2465,1
GGB233000383,H340,62,GGB233000538,37176,비봉성당,126.871333,37.249983,1
GGB233000383,H340,63,GGB233001687,37729,구포리입구,126.87155,37.254267,1
GGB233000383,H340,64,GGB233000537,37193,야목리,126.877767,37.26525,1
GGB233000383,H340,65,GGB233002354,55236,매송휴먼시아후문,126.88085,37.2677,1
GGB233000383,H340,66,GGB233000536,37215,송라리,126.8868,37.2749,1
GGB233000383,H340,67,GGB233000535,37211,원리,126.885117,37.277567,1
GGB233000383,H340,68,GGB216000351,17349,HD건설기계,126.886783,37.28485,0
GGB233000383,H340,69,GGB216000301,17068,팔곡산단,126.887517,37.287633,0
GGB233000383,H340,70,GGB216000163,17299,도금단지,126.88705,37.290683,0
GGB233000383,H340,71,GGB216000131,17469,팔곡주유소건너편,126.885083,37.292683,0
GGB233000383,H340,72,GGB216000120,17296,팔곡주유소건너편,126.884967,37.29345,0
GGB233000383,H340,73,GGB216000119,17300,팔곡마을주공아파트건너편,126.88835,37.297033,0
GGB233000383,H340,74,GGB277102510,,수인산업도로1(미정차),126.894367,37.3003,0
GGB233000383,H340,75,GGB216000149,17303,동호상가,126.901217,37.303583,0
GGB233000383,H340,76,GGB216000286,17306,반월농협앞,126.901867,37.30455,0
GGB233000383,H340,77,GGB216000285,17307,서해아파트.영무예다음,126.903483,37.30685,0
GGB233000383,H340,78,GGB216000310,17298,반월도서관건너편,126.904117,37.30965,0
GGB233000383,H340,79,GGB216000335,17309,반월역,126.904983,37.311767,0
GGB233000383,H340,80,GGB216000322,17330,삼천리마을앞,126.9065,37.31325,0
GGB233000383,H340,81,GGB216000321,17346,삼천리마을앞,126.9069,37.313717,0
GGB233000383,H340,82,GGB216000150,17310,반월역앞,126.904833,37.311767,0
GGB233000383,H340,83,GGB216000317,17151,반월도서관,126.90385,37.3092,0
GGB233000383,H340,84,GGB216000284,17308,서해아파트건너편,126.903467,37.307317,0
GGB233000383,H340,85,GGB216000283,17305,반월농협,126.901567,37.304367,0
GGB233000383,H340,86,GGB277102533,,수인산업도로1(미정차),126.89415,37.30065,0
GGB233000383,H340,87,GGB216000337,17301,팔곡마을주공아파트,126.8879,37.296817,0
GGB233000383,H340,88,GGB216000361,17352,팔곡주유소건너편,126.884767,37.29265,0
GGB233000383,H340,89,GGB216000338,17337,도금단지,126.887667,37.289883,0
GGB233000383,H340,90,GGB216000302,17069,팔곡산단,126.887433,37.287967,0
GGB233000383,H340,91,GGB216000352,17350,HD건설기계맞은편,126.886633,37.284917,0
GGB233000383,H340,92,GGB233000534,37210,원리,126.88495,37.27765,1
GGB233000383,H340,93,GGB233000533,37214,송라1리,126.88645,37.275433,1
GGB233000383,H340,94,GGB233002355,55237,매송휴먼시아후문,126.880833,37.267833,1
GGB233000383,H340,95,GGB233000532,37194,매송휴먼시아,126.878167,37.26615,1
GGB233000383,H340,96,GGB233001061,37599,야목리,126.8775,37.265033,1
GGB233000383,H340,97,GGB233001834,37874,구포리입구,126.871317,37.254083,1
GGB233000383,H340,98,GGB233000873,37175,비봉성당,126.8712,37.249717,1
GGB233000383,H340,99,GGB233000264,60021,비봉상업지구,126.873167,37.246433,1
GGB233000383,H340,100,GGB233002040,60019,비봉LH아파트,126.875233,37.242933,1
GGB233000383,H340,101,GGB233000778,37183,비봉중고교.비봉면행정복지센터,126.873217,37.236717,1
GGB233000383,H340,102,GGB233000777,37170,비봉초등학교후문.삼화3리,126.86815,37.236317,1
GGB233000383,H340,103,GGB233000776,37168,천산아파트,126.865967,37.23655,1
GGB233000383,H340,104,GGB233000774,37161,삼화리.천산아파트,126.862933,37.2361,1
GGB233000383,H340,105,GGB233000157,37367,천산아파트,126.864767,37.23535,1
GGB233000383,H340,106,GGB233000158,37278,비봉우체국,126.869583,37.23505,1
GGB233000383,H340,107,GGB233002964,55819,비봉면행정복지센터,126.873167,37.235483,1
GGB233000383,H340,108,GGB233002446,55380,양노리,126.87375,37.230833,1
GGB233000383,H340,109,GGB233000531,37177,과학화예비군훈련장앞,126.8723,37.216267,1
GGB233000383,H340,110,GGB233002329,55379,자안공단,126.87185,37.20655,1
GGB233000383,H340,111,GGB233000530,37754,자안리,126.873617,37.2041,1
GGB233000383,H340,112,GGB233002167,55125,창곡1리입구,126.880917,37.196467,1
GGB233000383,H340,113,GGB233002044,55018,언창공단,126.8823,37.193333,1
GGB233000383,H340,114,GGB233000529,37208,금산사입구,126.88315,37.19,1
GGB233000383,H340,115,GGB233002230,55120,창곡1리,126.883817,37.1874,1
GGB233000383,H340,116,GGB233002046,55013,창곡2리교회앞,126.884967,37.184783,1
GGB233000383,H340,117,GGB233002047,55006,자재이골입구,126.887233,37.1817,1
GGB233000383,H340,118,GGB233001751,37761,창곡3리,126.889717,37.1774,1
GGB233000383,H340,119,GGB233002049,55004,창곡주유소앞,126.890683,37.1746,1
GGB233000383,H340,120,GGB233002051,55012,구장사거리앞,126.893017,37.169867,1
GGB233000383,H340,121,GGB233001031,37228,구장삼거리,126.895917,37.167983,1
GGB233000383,H340,122,GGB233002509,55386,마곡마을입구,126.900667,37.163917,1
GGB233000383,H340,123,GGB233001029,37253,팔탄면행정복지센터,126.903967,37.162267,1
GGB233000383,H340,124,GGB233000517,37251,팔탄초등학교,126.903183,37.159633,1
GGB233000383,H340,125,GGB233000923,36803,구장1리(새터말.율암리),126.8989,37.155217,1
GGB233000383,H340,126,GGB233002351,55256,구장리새터말입구,126.89905,37.153467,1
GGB233000383,H340,127,GGB233000528,37242,수목원,126.899183,37.148467,1
GGB233000383,H340,128,GGB233000527,37235,지월리입구,126.897367,37.143817,1
GGB233000383,H340,129,GGB233002357,55239,장짐삼거리,126.901067,37.1395,1
GGB233000383,H340,130,GGB233000526,37255,화성중고등학교,126.905933,37.137817,1
GGB233000383,H340,131,GGB233001371,37273,장짐교차로,126.9113,37.135617,1
GGB233000383,H340,132,GGB233001934,37940,KEB하나은행발안지점,126.910783,37.133367,1
GGB233000383,H340,133,GGB233000632,37464,발안초등학교,126.912167,37.131033,1
GGB233000383,H340,134,GGB233001023,37289,향남읍행정복지센터,126.91975,37.1315,1
GGB233000383,H340,135,GGB233001955,37991,화성소방서.향남홈플러스,126.920917,37.13045,1
GGB233000383,H340,136,GGB233002103,55084,에일린의뜰,126.920617,37.127867,1
GGB233000383,H340,137,GGB233002105,55085,단독주택단지,126.919867,37.124333,1
GGB233000383,H340,138,GGB233001109,37280,방축리,126.918367,37.12,1
GGB233000383,H340,139,GGB233000617,37283,향남주공2단지,126.917267,37.116983,1
GGB233000383,H340,140,GGB233002407,55283,향남부영9단지,126.919067,37.113367,1
GGB233000383,H340,141,GGB233002408,55284,향남부영10.11단지,126.919483,37.11055,1
GGB233000383,H340,142,GGB233002013,55057,향남부영11단지정문,126.917783,37.1095,1
GGB233000383,H340,143,GGB233002481,55320,향남부영11단지,126.91525,37.109567,1
GGB233000383,H340,144,GGB233002415,55290,향남모아8단지,126.913683,37.113833,1
GGB233000383,H340,145,GGB233002504,55381,롯데씨네마.향남부영7,126.910917,37.114617,1
GGB233000383,H340,146,GGB233002274,55615,향남부영6단지,126.909333,37.11445,1
GGB233000383,H340,147,GGB233002479,55370,하길중학교,126.90815,37.113167,1
GGB233000383,H340,148,GGB233002505,55382,향남주공5단지입구,126.905417,37.11415,1
GGB233000383,H340,149,GGB233001170,36435,하길초등학교,126.905467,37.116117,1
GGB233000383,H340,150,GGB233002468,55369,향남주공5단지,126.908,37.1166,1
GGB233000383,H340,151,GGB233002412,55287,향남부영3단지,126.911417,37.118017,1
GGB233000383,H340,152,GGB233002410,55285,향남주공1.2단지,126.9145,37.1191,1
GGB233000383,H340,153,GGB233000618,37281,방축리,126.918667,37.120033,1
GGB233000383,H340,154,GGB233002106,55081,단독주택단지,126.920183,37.12425,1
GGB233000383,H340,155,GGB233002104,55080,신영지웰,126.920967,37.127867,1
GGB233000383,H340,156,GGB233001860,37903,화성소방서.향남홈플러스,126.9213,37.130533,1
GGB233000383,H340,157,GGB233002102,37287,향남환승터미널,126.921567,37.1328,1
GGB233000383,H340,158,GGB233003051,55328,향남시외터미널,126.922067,37.133017,1
GGB233000384,7790(예약),1,GGB233002086,55054,동일하이빌.상봉초등학교,126.956083,37.217667,1
GGB233000384,7790(예약),2,GGB233002245,55244,효행초등학교정문,126.96905,37.21595,1
GGB233000384,7790(예약),3,GGB233002371,55250,아이파크정문,126.970533,37.213817,1
GGB233000384,7790(예약),4,GGB233002255,55246,신명아파트,126.9724,37.2136,1
GGB233000384,7790(예약),5,GGB233003021,55744,수원대입구,126.977983,37.214283,1
GGB233000384,7790(예약),6,GGB233000595,36176,우림그린빌리지,126.972433,37.22455,1
GGB233000384,7790(예약),7,GGB201000038,2051,수영오거리.방송통신대입구,126.9624,37.237717,1
GGB233000384,7790(예약),8,GGB233000782,37325,삼미.쌍용아파트,126.953483,37.243433,1
GGB233000384,7790(예약),9,GGB277103520,,호매실IC(미정차),126.9485,37.261917,0
GGB233000384,7790(예약),10,GGB277103528,,서수원IC(미정차),126.952283,37.292917,0
GGB233000384,7790(예약),11,GGB277103317,,월암IC(미정차),126.96215,37.302683,0
GGB233000384,7790(예약),12,GGB277103315,,의왕신부곡IC(미정차),126.9683,37.33245,0
GGB233000384,7790(예약),13,GGB277103221,,의왕터널진입(미정차),126.998417,37.358917,0
GGB233000384,7790(예약),14,GGB277103159,,학의JC(미정차),127.001583,37.38705,0
GGB233000384,7790(예약),15,GGB277103200,,과천터널진입(미정차),127.00175,37.40185,0
GGB233000384,7790(예약),16,GGB277103203,,과천IC(미정차),126.99665,37.421683,0
GGB233000384,7790(예약),17,GGB277103205,,대공원고가교(미정차),127.000667,37.438183,0
GGB233000384,7790(예약),18,GGB277103903,,서울진입(미정차),126.988117,37.462383,0
GGB233000384,7790(예약),19,GGB277103902,,사당IC출입(미정차),126.9843,37.47035,0
GGB233000384,7790(예약),20,GGB121001315,,사당역(중),126.982017,37.4743,0
GGB233000385,화성똑버스01,1,GGB233003085,55399,동탄역(동측),127.096283,37.19985,1
GGB233000385,화성똑버스01,2,GGB233003084,55398,동탄역(서측),127.096083,37.199583,1
GGB233000386,화성똑버스03,1,GGB233002102,37287,향남환승터미널,126.921567,37.1328,1
GGB233000386,화성똑버스03,2,GGB233002101,37286,화성문화원.향남환승터미널,126.921083,37.132,1
GGB233000387,H123,1,GGB233003052,55329,향남시외터미널,126.922067,37.13295,1
GGB233000387,H123,2,GGB233002101,37286,화성문화원.향남환승터미널,126.921083,37.132,1
GGB233000387,H123,3,GGB233001955,37991,화성소방서.향남홈플러스,126.920917,37.13045,1
GGB233000387,H123,4,GGB233002103,55084,에일린의뜰,126.920617,37.127867,1
GGB233000387,H123,5,GGB233001855,37898,에일린의뜰.휴먼시아6단지,126.919883,37.126117,1
GGB233000387,H123,6,GGB233001856,37899,신명스카이뷰.휴먼시아5단지,126.9159,37.126317,1
GGB233000387,H123,7,GGB233001892,55925,향남역,126.913333,37.12295,1
GGB233000387,H123,8,GGB233002413,55288,향남부영3단지,126.911583,37.11895,1
GGB233000387,H123,9,GGB233002274,55615,향남부영6단지,126.909333,37.11445,1
GGB233000387,H123,10,GGB233002416,37274,하길중학교,126.907983,37.112583,1
GGB233000387,H123,11,GGB233002469,55322,향남부영13단지,126.907883,37.109267,1
GGB233000387,H123,12,GGB233002506,55383,하길리,126.906983,37.107717,1
GGB233000387,H123,13,GGB233001547,55478,상신하길로주택,126.9027,37.106167,1
GGB233000387,H123,14,GGB233002470,55482,향남부영16단지,126.8975,37.104,1
GGB233000387,H123,15,GGB233002471,55480,향남주공18단지,126.897117,37.09915,1
GGB233000387,H123,16,GGB233003185,37810,상신2리입구,126.9024,37.09855,1
GGB233000387,H123,17,GGB233000813,37468,향남제약공단앞,126.90695,37.09595,1
GGB233000387,H123,18,GGB233001531,37405,제약공단후문.구문천1리입구,126.910367,37.0902,1
GGB233000387,H123,19,GGB233000812,36758,구문천리,126.91045,37.087383,1
GGB233000387,H123,20,GGB233002520,55074,하길4리입구,126.91255,37.083983,1
GGB233000387,H123,21,GGB233002518,55072,구문천리.돌래,126.91315,37.079717,1
GGB233000387,H123,22,GGB233001830,60033,충만주유소,126.942717,37.079617,1
GGB233000387,H123,23,GGB233000023,36121,양감농협,126.947033,37.081017,1
GGB233000387,H123,24,GGB233001792,37987,양감초중교,126.9505,37.080717,1
GGB233000387,H123,25,GGB233001099,36126,신왕3리.조리울,126.952267,37.08005,1
GGB233000387,H123,26,GGB233000022,36132,독줄입구,126.95375,37.077883,1
GGB233000387,H123,27,GGB233001096,36145,신왕공단,126.9607,37.076817,1
GGB233000387,H123,28,GGB233001094,36150,솔안고개,126.963717,37.07535,1
GGB233000387,H123,29,GGB214001780,48763,한산3리,126.962733,37.066167,0
GGB233000387,H123,30,GGB214000373,15170,드림테크산단,126.967367,37.059917,0
GGB233000387,H123,31,GGB214001766,15364,한산2리.수부마을,126.970117,37.051417,0
GGB233000387,H123,32,GGB214000439,15234,어연,126.9721,37.047733,0
GGB233000387,H123,33,GGB214000438,48125,어연한산공단,126.975733,37.050067,0
GGB233000387,H123,34,GGB214000437,15245,어연초교,126.978433,37.049983,0
GGB233000387,H123,35,GGB214000436,48126,어연1리,126.980867,37.050283,0
GGB233000387,H123,36,GGB214000907,63003,동청리입구,127.0056,37.052617,0
GGB233000387,H123,37,GGB214000303,48774,고덕아너스(중),127.0218,37.046783,0
GGB233000387,H123,38,GGB214000274,48994,파라곤에듀포레.제일풍경채2차에듀(중),127.02435,37.040533,0
GGB233000387,H123,39,GGB214001243,48254,제일풍경채3차(중),127.028167,37.03705,0
GGB233000387,H123,40,GGB214000930,48213,대광로제비앙(중),127.033517,37.035083,0
GGB233000387,H123,41,GGB214000981,48216,고덕LH17단지,127.046783,37.036467,0
GGB233000387,H123,42,GGB214000094,48984,삼성전자평택캠퍼스,127.05335,37.034317,0
GGB233000387,H123,43,GGB214001140,48232,삼성전자P2동,127.0539,37.027883,0
GGB233000387,H123,44,GGB214001141,48377,지제교차로,127.05815,37.020217,0
GGB233000387,H123,45,GGB214000804,48912,평택지제역,127.06925,37.01925,0
GGB233000387,H123,46,GGB214001465,15955,지제교차로,127.0584,37.020367,0
GGB233000387,H123,47,GGB214000980,48217,삼성전자P2동,127.054283,37.028117,0
GGB233000387,H123,48,GGB214001135,48233,삼성전자평택캠퍼스,127.0523,37.035817,0
GGB233000387,H123,49,GGB214000715,48329,고덕LH17단지(중),127.047383,37.037233,0
GGB233000387,H123,50,GGB214001532,48551,리슈빌레이크파크(중),127.034483,37.035133,0
GGB233000387,H123,51,GGB214000095,48359,호반써밋에듀파크(중),127.028817,37.036567,0
GGB233000387,H123,52,GGB214000226,48993,파라곤에듀포레.제일풍경채2차에듀(중),127.024983,37.040083,0
GGB233000387,H123,53,GGB214001284,48008,고덕아너스(중),127.0219,37.04625,0
GGB233000387,H123,54,GGB277104740,,고덕중앙1로진입로(미정차),127.024833,37.053717,0
GGB233000387,H123,55,GGB214000889,63002,동청리입구,127.00415,37.053217,0
GGB233000387,H123,56,GGB277104213,,어연IC교차로(미정차),126.98745,37.052217,0
GGB233000387,H123,57,GGB214001599,48638,어연1리.원어연,126.980867,37.0505,0
GGB233000387,H123,58,GGB214001598,48637,어연초등학교,126.978283,37.0502,0
GGB233000387,H123,59,GGB214001597,48636,어연한산공단,126.975633,37.050233,0
GGB233000387,H123,60,GGB214001596,48635,어연한산공단앞,126.971933,37.0479,0
GGB233000387,H123,61,GGB214001760,15350,공단기숙사,126.971133,37.047617,0
GGB233000387,H123,62,GGB214001767,15368,한산2리.수부마을,126.97045,37.050833,0
GGB233000387,H123,63,GGB214000527,15304,드림테크산단,126.96785,37.0597,0
GGB233000387,H123,64,GGB214001781,48764,한산3리,126.962867,37.066133,0
GGB233000387,H123,65,GGB233001095,36151,솔안고개,126.963733,37.075417,1
GGB233000387,H123,66,GGB233001097,36144,신왕공단,126.960733,37.0769,1
GGB233000387,H123,67,GGB233001098,36133,신왕2리.독줄입구,126.954083,37.077617,1
GGB233000387,H123,68,GGB233000025,36127,신왕3리.조리울,126.952367,37.0801,1
GGB233000387,H123,69,GGB233001788,37856,양감초등학교.중학교,126.950483,37.080817,1
GGB233000387,H123,70,GGB233000024,36120,양감농협,126.946767,37.081167,1
GGB233000387,H123,71,GGB233002517,55071,구문천리.돌래,126.9134,37.079133,1
GGB233000387,H123,72,GGB233002519,55073,하길4리입구,126.913217,37.08355,1
GGB233000387,H123,73,GGB233000806,37469,구문천리,126.9108,37.08815,1
GGB233000387,H123,74,GGB233000805,36759,제약공단후문.구문천1리입구,126.91075,37.090183,1
GGB233000387,H123,75,GGB233002631,55075,향남제약공단입구,126.906167,37.096617,1
GGB233000387,H123,76,GGB233001977,37956,상신3리.검정골(좌회전전용),126.902883,37.098783,1
GGB233000387,H123,77,GGB233002472,55481,향남주공18단지,126.89775,37.098867,1
GGB233000387,H123,78,GGB233002473,55483,향남부영16단지,126.897767,37.103867,1
GGB233000387,H123,79,GGB233001548,55479,상신하길로주택,126.902867,37.105967,1
GGB233000387,H123,80,GGB233001825,55745,하길리,126.907817,37.108017,1
GGB233000387,H123,81,GGB233002474,55323,향남부영13단지,126.90815,37.109517,1
GGB233000387,H123,82,GGB233002417,36697,하길중학교,126.908817,37.1134,1
GGB233000387,H123,83,GGB233002412,55287,향남부영3단지,126.911417,37.118017,1
GGB233000387,H123,84,GGB233002466,55321,향남주공1단지,126.91255,37.120483,1
GGB233000387,H123,85,GGB233001893,55926,향남역,126.913633,37.122733,1
GGB233000387,H123,86,GGB233002021,37996,신명스카이뷰.휴먼시아5단지,126.915917,37.126133,1
GGB233000387,H123,87,GGB233002022,37993,에일린의뜰.휴먼시아6단지,126.919383,37.12595,1
GGB233000387,H123,88,GGB233002104,55080,신영지웰,126.920967,37.127867,1
GGB233000387,H123,89,GGB233001860,37903,화성소방서.향남홈플러스,126.9213,37.130533,1
GGB233000387,H123,90,GGB233002102,37287,향남환승터미널,126.921567,37.1328,1
GGB233000387,H123,91,GGB233003051,55328,향남시외터미널,126.922067,37.133017,1
GGB233000389,18,1,GGB233003163,55560,호수자이파밀리에,127.105917,37.159067,1
GGB233000389,18,2,GGB233003164,55561,롯데캐슬.제일풍경채,127.109083,37.157417,1
GGB233000389,18,3,GGB233000973,55685,호반6차.제일풍경채,127.111567,37.15635,1
GGB233000389,18,4,GGB233003165,55562,호반6차,127.112683,37.157067,1
GGB233000389,18,5,GGB233002531,55938,서연초,127.1155,37.1588,1
GGB233000389,18,6,GGB233003168,55565,동탄2아이파크2단지,127.120267,37.16,1
GGB233000389,18,7,GGB233003167,55564,동탄2아이파크1단지,127.119917,37.161367,1
GGB233000389,18,8,GGB233003166,55563,레이크반도9차,127.116233,37.162017,1
GGB233000389,18,9,GGB233002953,37005,서연중고등학교,127.111683,37.161533,1
GGB233000389,18,10,GGB233000428,55662,금호어울림레이크.우남더테라스,127.108833,37.1619,1
GGB233000389,18,11,GGB233003127,55523,금호어울림.계룡리슈빌,127.10695,37.1639,1
GGB233000389,18,12,GGB233001754,55505,아이파크.센트럴시티,127.109317,37.165517,1
GGB233000389,18,13,GGB233001748,55503,자연앤자이.센트리체,127.1142,37.165733,1
GGB233000389,18,14,GGB233001710,55501,호수공원행복주택.호수부영6차,127.1174,37.16715,1
GGB233000389,18,15,GGB233000110,55747,호수공원행복주택,127.119033,37.167617,1
GGB233000389,18,16,GGB233000114,55748,행복주택35단지,127.121183,37.1668,1
GGB233000389,18,17,GGB233000119,55749,세정초남측,127.124517,37.166417,1
GGB233000389,18,18,GGB233000170,55750,반도10차,127.127367,37.166333,1
GGB233000389,18,19,GGB233000123,55751,세정초.하우스디,127.124433,37.16785,1
GGB233000389,18,20,GGB233001696,37696,레이크파크뷰,127.119,37.169917,1
GGB233000389,18,21,GGB233002027,55586,서희스타힐스.레이크파크뷰,127.117383,37.17195,1
GGB233000389,18,22,GGB233000432,55666,중흥클래스에듀,127.114133,37.1734,1
GGB233000389,18,23,GGB233003046,55577,금강펜테리움2차,127.114883,37.17685,1
GGB233000389,18,24,GGB233002373,55444,호반3차.창의고,127.118883,37.179617,1
GGB233000389,18,25,GGB233003050,55579,신리입구,127.124533,37.180733,1
GGB233000389,18,26,GGB233003162,55559,르파비스,127.1254,37.18345,1
GGB233000389,18,27,GGB233003160,55557,경남아너스빌,127.12655,37.186467,1
GGB233000389,18,28,GGB233003158,55555,금강4차.목동중,127.127317,37.189367,1
GGB233000389,18,29,GGB233003155,55552,e편한세상동탄,127.1266,37.1902,1
GGB233000389,18,30,GGB233003044,55550,베라체.목동초,127.124317,37.190183,1
GGB233000389,18,31,GGB233001568,36693,베라체아파트,127.12285,37.1905,1
GGB233000389,18,32,GGB233002421,55340,예솔초.호반2차.대원2차,127.118767,37.196233,1
GGB233000389,18,33,GGB233000150,36515,반도유보라.센트럴푸르지오,127.11515,37.198733,1
GGB233000389,18,34,GGB233000134,36511,호반베르디움.롯데캐슬,127.1112,37.1972,1
GGB233000389,18,35,GGB233000139,36445,한화.호반.대원,127.1049,37.1971,1
GGB233000389,18,36,GGB233002437,55309,한화꿈에그린,127.100333,37.194817,1
GGB233000389,18,37,GGB233000978,36466,한화.린스트라우스,127.099083,37.195383,1
GGB233000389,18,38,GGB233003085,55399,동탄역(동측),127.096283,37.19985,1
GGB233000389,18,39,GGB233000964,36469,우남퍼스트빌.예미지시그너스,127.0991,37.203367,1
GGB233000389,18,40,GGB233002433,37663,우남퍼스트빌.자이,127.100083,37.204567,0
GGB233000389,18,41,GGB233000131,36812,계룡.영천초,127.104883,37.203933,1
GGB233000389,18,42,GGB233002434,55292,시범예미지.영천유치원,127.108767,37.203233,1
GGB233000389,18,43,GGB233000164,36811,반도1차.경남,127.110767,37.203167,1
GGB233000389,18,44,GGB233001506,37582,포레너스아파트,127.116183,37.205167,1
GGB233000389,18,45,GGB233000149,36514,한백초중교,127.114767,37.207233,1
GGB233000389,18,46,GGB233001609,37674,한백고등학교,127.114333,37.207783,1
GGB233000389,18,47,GGB233002181,55610,동탄파크자이.이지더원후문,127.112033,37.210167,1
GGB233000389,18,48,GGB233000242,55608,동탄파크자이정문,127.111833,37.211283,1
GGB233000389,18,49,GGB233002178,55775,다원초.파크자이,127.111833,37.212367,1
GGB233000389,18,50,GGB233002182,55611,한양수자인.파크푸르지오,127.112833,37.21665,1
GGB233000389,18,51,GGB233002169,55605,LH1단지.한양수자인,127.11425,37.216767,1
GGB233000389,18,52,GGB233002173,55606,LH1단지.한양수자인,127.1148,37.2169,1
GGB233000389,18,53,GGB233002187,55612,파크푸르지오.한양수자인,127.112717,37.21675,1
GGB233000389,18,54,GGB233002176,55774,다원초.파크자이,127.111617,37.21235,1
GGB233000389,18,55,GGB233000243,55607,동탄파크자이정문,127.111617,37.2113,1
GGB233000389,18,56,GGB233002179,55609,동탄파크이지더원.자이후문,127.11185,37.210067,1
GGB233000389,18,57,GGB233000569,55620,한백고등학교,127.11415,37.20775,1
GGB233000389,18,58,GGB233000135,36513,한백초중교,127.114667,37.20705,1
GGB233000389,18,59,GGB233000981,36434,포레너스아파트,127.115867,37.205367,1
GGB233000389,18,60,GGB233002423,55299,무봉초,127.115,37.203833,1
GGB233000389,18,61,GGB233000960,36452,경남.반도1차,127.110817,37.203517,1
GGB233000389,18,62,GGB233002435,55293,영천유치원.시범예미지,127.108783,37.203517,1
GGB233000389,18,63,GGB233000961,36453,영천초.계룡,127.104933,37.204283,1
GGB233000389,18,64,GGB233000130,36447,예미지시그너스.우남퍼스트빌,127.0985,37.20315,1
GGB233000389,18,65,GGB233003084,55398,동탄역(서측),127.096083,37.199583,1
GGB233000389,18,66,GGB233001637,37658,린스트라우스.한화,127.098517,37.19625,1
GGB233000389,18,67,GGB233002438,55310,한화꿈에그린,127.100483,37.194433,1
GGB233000389,18,68,GGB233002419,55296,한화.호반.대원,127.104867,37.196733,1
GGB233000389,18,69,GGB233002420,55297,롯데캐슬.호반베르디움,127.111067,37.19685,1
GGB233000389,18,70,GGB233001167,37484,센트럴푸르지오.반도유보라,127.11465,37.198117,1
GGB233000389,18,71,GGB233001168,36458,센트럴푸르지오.호반베르디움2차,127.116817,37.198133,1
GGB233000389,18,72,GGB233000965,36468,청목초.신안1차,127.1194,37.194583,1
GGB233000389,18,73,GGB233003154,55551,목동초.베라체,127.12495,37.190183,1
GGB233000389,18,74,GGB233003156,55553,e편한세상동탄,127.125817,37.190283,1
GGB233000389,18,75,GGB233003157,55554,목동중.금강4차,127.127117,37.188883,1
GGB233000389,18,76,GGB233003159,55556,한신더휴,127.126317,37.18655,1
GGB233000389,18,77,GGB233003161,55558,호반베르디움5차,127.12525,37.183867,1
GGB233000389,18,78,GGB233003045,55576,신리입구,127.124317,37.18075,1
GGB233000389,18,79,GGB233002006,55445,호반3차.창의고,127.1197,37.179733,1
GGB233000389,18,80,GGB233000125,55401,호반베르디움3차,127.11455,37.179567,0
GGB233000389,18,81,GGB233003047,55578,금강펜테리움2차,127.11475,37.1767,1
GGB233000389,18,82,GGB233000431,55665,중흥클래스에듀,127.113917,37.1731,1
GGB233000389,18,83,GGB233002038,55587,레이크파크뷰.서희스타힐스,127.117283,37.171633,1
GGB233000389,18,84,GGB233001695,37724,레이크파크뷰,127.118533,37.170033,1
GGB233000389,18,85,GGB233002288,37086,세정초.하우스디,127.1248,37.1676,1
GGB233000389,18,86,GGB233003174,55701,반도10차,127.127167,37.166417,1
GGB233000389,18,87,GGB233000084,55730,세정초남측,127.124117,37.1667,1
GGB233000389,18,88,GGB233000090,55731,행복주택35단지,127.121117,37.167,1
GGB233000389,18,89,GGB233000085,55732,호수공원행복주택,127.118583,37.167833,1
GGB233000389,18,90,GGB233001699,55500,호수부영6차.호수공원행복주택,127.117033,37.1674,1
GGB233000389,18,91,GGB233001741,55502,센트리체.자연앤자이,127.1139,37.166033,1
GGB233000389,18,92,GGB233001753,55504,센트럴시티.아이파크,127.109117,37.165883,1
GGB233000389,18,93,GGB233003137,55533,계룡리슈빌.금호어울림,127.10645,37.16465,1
GGB233000389,18,94,GGB233002445,55661,금호어울림레이크.우남더테라스,127.107667,37.162183,1
GGB233000389,18,95,GGB233002952,37004,서연중고등학교,127.111717,37.161367,1
GGB233000389,18,96,GGB233003133,55529,레이크반도9차,127.116117,37.1619,1
GGB233000389,18,97,GGB233003134,55530,동탄2아이파크1단지,127.119467,37.161317,1
GGB233000389,18,98,GGB233003135,55531,동탄2아이파크2단지,127.120033,37.160033,1
GGB233000389,18,99,GGB233002584,55939,서연초,127.1161,37.159467,1
GGB233000389,18,100,GGB233003129,55525,호반6차,127.112517,37.157233,1
GGB233000389,18,101,GGB233000818,55684,호반6차.제일풍경채,127.111167,37.156533,1
GGB233000389,18,102,GGB233003130,55526,롯데캐슬.제일풍경채,127.1089,37.157917,1
GGB233000389,18,103,GGB233003131,55527,호수자이파밀리에,127.106033,37.159217,1
GGB233000390,24,1,GGB233000702,36345,병점역사거리,127.035633,37.206983,1
GGB233000390,24,2,GGB233000077,36062,홈플러스병점점(좌회전전용),127.037517,37.204233,1
GGB233000390,24,3,GGB233002344,37738,한신아파트,127.042017,37.203317,1
GGB233000390,24,4,GGB233001663,37728,병점고등학교,127.043367,37.20515,1
GGB233000390,24,5,GGB233002302,36621,우남퍼스트빌v2타운2,127.042317,37.206483,1
GGB233000390,24,6,GGB233000087,36369,에듀포레,127.0445,37.208167,1
GGB233000390,24,7,GGB233000086,36376,신창2차아파트,127.047583,37.209683,1
GGB233000390,24,8,GGB233002560,55638,주공6단지.리체더포레스트,127.050717,37.211983,1
GGB233000390,24,9,GGB233000106,36386,신미주아파트.주공6단지,127.05175,37.214417,1
GGB233000390,24,10,GGB233001732,37709,쌍용상록아파트,127.055483,37.2167,1
GGB233000390,24,11,GGB233001718,37920,능동마을입구,127.058133,37.21685,1
GGB233000390,24,12,GGB233001716,37691,능동주공단지,127.0624,37.213017,1
GGB233000390,24,13,GGB233001436,36961,이주단지,127.064117,37.211767,1
GGB233000390,24,14,GGB233001437,37533,개나리공원,127.067717,37.21135,1
GGB233000390,24,15,GGB233001216,36841,한빛마을.석우중학교(중),127.069267,37.208217,1
GGB233000390,24,16,GGB233001218,36666,메타폴리스(중),127.067483,37.204267,1
GGB233000390,24,17,GGB233002377,37664,동탄홈플러스.다은마을삼성래미안,127.0689,37.2018,1
GGB233000390,24,18,GGB233000070,36049,솔빛동탄경남아너스빌,127.07425,37.199117,1
GGB233000390,24,19,GGB233001487,37553,노작마을.한화우림,127.077467,37.19575,1
GGB233000390,24,20,GGB233001485,37554,월드반도.노작마을,127.080267,37.194633,1
GGB233000390,24,21,GGB233001706,37697,월드반도,127.080417,37.1931,1
GGB233000390,24,22,GGB233002499,55410,중흥S클래스.에일린의뜰,127.08675,37.186883,1
GGB233000390,24,23,GGB233002494,37003,동탄초교,127.092983,37.188133,1
GGB233000390,24,24,GGB233001649,37965,신미주아파트,127.092983,37.192967,1
GGB233000390,24,25,GGB233000978,36466,한화.린스트라우스,127.099083,37.195383,1
GGB233000390,24,26,GGB233003085,55399,동탄역(동측),127.096283,37.19985,1
GGB233000390,24,27,GGB233000964,36469,우남퍼스트빌.예미지시그너스,127.0991,37.203367,1
GGB233000390,24,28,GGB233002433,37663,우남퍼스트빌.자이,127.100083,37.204567,0
GGB233000390,24,29,GGB233000131,36812,계룡.영천초,127.104883,37.203933,1
GGB233000390,24,30,GGB233002434,55292,시범예미지.영천유치원,127.108767,37.203233,1
GGB233000390,24,31,GGB233000164,36811,반도1차.경남,127.110767,37.203167,1
GGB233000390,24,32,GGB233002516,55070,지산마을,127.112233,37.205217,1
GGB233000390,24,33,GGB233001162,36448,반도유보라정문,127.1172,37.2083,1
GGB233000390,24,34,GGB233001306,36482,반도유보라후문,127.118317,37.208783,1
GGB233000390,24,35,GGB233001993,55584,동탄행복마을푸르지오아파트,127.118967,37.209583,1
GGB233000390,24,36,GGB233001172,36785,반도유보라후문,127.118183,37.208833,1
GGB233000390,24,37,GGB233001169,36450,반도유보라정문,127.1168,37.208367,1
GGB233000390,24,38,GGB233000135,36513,한백초중교,127.114667,37.20705,1
GGB233000390,24,39,GGB233000981,36434,포레너스아파트,127.115867,37.205367,1
GGB233000390,24,40,GGB233002501,55407,LH4단지후문,127.119617,37.2041,1
GGB233000390,24,41,GGB233001505,37583,동탄2LH4단지,127.122783,37.205583,1
GGB233000390,24,42,GGB233000360,55822,단독주택,127.124683,37.204133,1
GGB233000390,24,43,GGB233002426,55302,치동천힐링마을,127.125667,37.202183,1
GGB233000390,24,44,GGB233002424,55300,단독주택,127.122717,37.20275,1
GGB233000390,24,45,GGB233002425,55301,단독주택,127.122217,37.2025,1
GGB233000390,24,46,GGB233000352,55814,단독주택,127.124583,37.204283,1
GGB233000390,24,47,GGB233000959,36437,동탄2LH4단지,127.12265,37.205633,1
GGB233000390,24,48,GGB233002500,55406,LH4단지후문,127.1192,37.204267,1
GGB233000390,24,49,GGB233001506,37582,포레너스아파트,127.116183,37.205167,1
GGB233000390,24,50,GGB233000149,36514,한백초중교,127.114767,37.207233,1
GGB233000390,24,51,GGB233001162,36448,반도유보라정문,127.1172,37.2083,1
GGB233000390,24,52,GGB233001306,36482,반도유보라후문,127.118317,37.208783,1
GGB233000390,24,53,GGB233001993,55584,동탄행복마을푸르지오아파트,127.118967,37.209583,1
GGB233000390,24,54,GGB233001172,36785,반도유보라후문,127.118183,37.208833,1
GGB233000390,24,55,GGB233001169,36450,반도유보라정문,127.1168,37.208367,1
GGB233000390,24,56,GGB233000960,36452,경남.반도1차,127.110817,37.203517,1
GGB233000390,24,57,GGB233002435,55293,영천유치원.시범예미지,127.108783,37.203517,1
GGB233000390,24,58,GGB233000961,36453,영천초.계룡,127.104933,37.204283,1
GGB233000390,24,59,GGB233000130,36447,예미지시그너스.우남퍼스트빌,127.0985,37.20315,1
GGB233000390,24,60,GGB233003084,55398,동탄역(서측),127.096083,37.199583,1
GGB233000390,24,61,GGB233001637,37658,린스트라우스.한화,127.098517,37.19625,1
GGB233000390,24,62,GGB233001648,36993,신미주아파트,127.09255,37.192867,1
GGB233000390,24,63,GGB233002495,55403,동탄초교,127.092517,37.187483,1
GGB233000390,24,64,GGB233002496,55404,더샵센트럴시티2차.행복주택,127.091417,37.1869,1
GGB233000390,24,65,GGB233002498,55405,에일린의뜰.중흥S클래스,127.086933,37.187183,1
GGB233000390,24,66,GGB233001962,55130,사랑의교회,127.08085,37.193583,1
GGB233000390,24,67,GGB233001484,37555,노작마을,127.08025,37.194933,1
GGB233000390,24,68,GGB233001486,37616,노작마을.한화우림,127.077333,37.196183,1
GGB233000390,24,69,GGB233001707,37698,솔빛동탄경남아너스빌,127.074567,37.199233,1
GGB233000390,24,70,GGB233002673,55724,동탄복합문화센터,127.074083,37.200367,1
GGB233000390,24,71,GGB233002376,55277,동탄홈플러스,127.069317,37.202017,1
GGB233000390,24,72,GGB233001219,36667,메타폴리스(중),127.067517,37.203733,1
GGB233000390,24,73,GGB233001562,36668,한빛마을(중),127.06905,37.207667,1
GGB233000390,24,74,GGB233001438,36721,개나리공원,127.06755,37.2117,1
GGB233000390,24,75,GGB233001439,36960,이주단지,127.065317,37.2119,1
GGB233000390,24,76,GGB233001715,37744,능동주공단지,127.0625,37.213467,1
GGB233000390,24,77,GGB233001717,37787,능동마을입구,127.057933,37.217567,1
GGB233000390,24,78,GGB233000105,36388,SK뷰2차아파트,127.0551,37.216283,1
GGB233000390,24,79,GGB233001738,37799,주공6단지,127.050967,37.21285,1
GGB233000390,24,80,GGB233001739,37795,주공6단지입구,127.05025,37.2117,1
GGB233000390,24,81,GGB233001685,37746,주공5단지,127.04775,37.209983,1
GGB233000390,24,82,GGB233001686,37710,에듀포레,127.044567,37.208417,1
GGB233000390,24,83,GGB233000080,36366,우남퍼스트빌,127.042933,37.207617,1
GGB233000390,24,84,GGB233002253,36616,우남퍼스트빌.V타운2,127.04215,37.206367,1
GGB233000390,24,85,GGB233001662,37704,병점고등학교,127.043083,37.205117,1
GGB233000390,24,86,GGB233001622,37739,센트럴허브시티,127.04195,37.203517,1
GGB233000390,24,87,GGB233000101,36350,센트럴허브시티.송화초교,127.038217,37.203783,1
GGB233000391,8156(예약),1,GGB233002102,37287,향남환승터미널,126.921567,37.1328,1
GGB233000391,8156(예약),2,GGB233002151,55098,만세구청.화성종합경기타운,126.921617,37.136317,1
GGB233000391,8156(예약),3,GGB277102040,,점촌교차로(미정차),126.917017,37.141583,1
GGB233000391,8156(예약),4,GGB277101732,,가재교차로(미정차),126.9223,37.149,1
GGB233000391,8156(예약),5,GGB277101775,,팔탄입구삼거리(미정차),126.931783,37.1636,1
GGB233000391,8156(예약),6,GGB233000794,36081,해병대사령부,126.936333,37.177683,1
GGB233000391,8156(예약),7,GGB277101708,,왕림교차로(미정차),126.939333,37.1929,1
GGB233000391,8156(예약),8,GGB233000788,36113,장안대학,126.944,37.21365,1
GGB233000391,8156(예약),9,GGB233000786,36122,봉담읍행정복지센터,126.94965,37.220333,1
GGB233000391,8156(예약),10,GGB233000785,36131,동화리.동남아파트,126.9523,37.223167,1
GGB233000391,8156(예약),11,GGB277102009,,봉담IC진입(미정차),126.957,37.2272,1
GGB233000391,8156(예약),12,GGB277103518,,천천IC(미정차),126.950583,37.245983,1
GGB233000391,8156(예약),13,GGB277103520,,호매실IC(미정차),126.9485,37.261917,0
GGB233000391,8156(예약),14,GGB277103528,,서수원IC(미정차),126.952283,37.292917,0
GGB233000391,8156(예약),15,GGB277103317,,월암IC(미정차),126.96215,37.302683,0
GGB233000391,8156(예약),16,GGB277103315,,의왕신부곡IC(미정차),126.9683,37.33245,0
GGB233000391,8156(예약),17,GGB277103221,,의왕터널진입(미정차),126.998417,37.358917,0
GGB233000391,8156(예약),18,GGB277103159,,학의JC(미정차),127.001583,37.38705,0
GGB233000391,8156(예약),19,GGB277103200,,과천터널진입(미정차),127.00175,37.40185,0
GGB233000391,8156(예약),20,GGB277103203,,과천IC(미정차),126.99665,37.421683,0
GGB233000391,8156(예약),21,GGB277103205,,대공원고가교(미정차),127.000667,37.438183,0
GGB233000391,8156(예약),22,GGB277103903,,서울진입(미정차),126.988117,37.462383,0
GGB233000391,8156(예약),23,GGB121001315,,사당역(중),126.982017,37.4743,0
GGB233000392,6011,1,GGB233003132,55528,호수자이파밀리에.아이원,127.1052,37.160733,1
GGB233000392,6011,2,GGB233001754,55505,아이파크.센트럴시티,127.109317,37.165517,1
GGB233000392,6011,3,GGB233001696,37696,레이크파크뷰,127.119,37.169917,1
GGB233000392,6011,4,GGB233000374,55465,창의고,127.122533,37.18185,1
GGB233000392,6011,5,GGB233001614,55489,한신더휴,127.12385,37.18645,1
GGB233000392,6011,6,GGB233002421,55340,예솔초.호반2차.대원2차,127.118767,37.196233,1
GGB233000392,6011,7,GGB233000129,36460,신안2차.반도4차,127.11605,37.199983,1
GGB233000392,6011,8,GGB277104808,,치동천5교교차로(미정차),127.11355,37.203417,1
GGB233000392,6011,9,GGB233002429,55305,이주택지.상록.경남아파트,127.110867,37.2071,1
GGB233000392,6011,10,GGB233000063,36033,동원.다원중,127.103583,37.212133,1
GGB233000392,6011,11,GGB233000698,55853,현대트랜시스(중),127.103667,37.2163,1
GGB233000392,6011,12,GGB277102516,,기흥IC진입(미정차),127.10135,37.221733,0
GGB233000392,6011,13,GGB277102660,,기흥휴게소(미정차),127.106617,37.23525,0
GGB233000392,6011,14,GGB277103363,,수원신갈IC(미정차),127.104,37.2657,0
GGB233000392,6011,15,GGB277103361,,신갈JC(미정차),127.103867,37.289667,0
GGB233000392,6011,16,GGB277103443,,죽전(미정차),127.103817,37.326633,0
GGB233000392,6011,17,GGB277102630,,금곡(미정차),127.10355,37.349767,0
GGB233000392,6011,18,GGB277103386,,서울TG(미정차),127.104333,37.364967,0
GGB233000392,6011,19,GGB277104184,,판교진입(미정차),127.101733,37.393817,0
GGB233000392,6011,20,GGB206000577,7552,화랑공원동편,127.1072,37.396933,0
GGB233000392,6011,21,GGB206000539,7495,금토천교,127.106033,37.4013,0
GGB233000392,6011,22,GGB206000565,7511,유라코퍼레이션.SK케미칼,127.107683,37.403067,0
GGB233000392,6011,23,GGB206000563,7509,한국무역정보통신,127.110983,37.403083,0
GGB233000392,6011,24,GGB206000578,7521,봇들마을5단지,127.11275,37.4014,0
GGB233000392,6011,25,GGB206000637,7570,판교역동편,127.1127,37.395383,0
GGB233000392,6011,26,GGB206000532,7489,판교역.낙생육교.현대백화점,127.111883,37.391867,0
GGB233000392,6011,27,GGB277104185,,판교출입(미정차),127.101983,37.392067,0
GGB233000392,6011,28,GGB277103385,,서울TG(미정차),127.1026,37.36535,0
GGB233000392,6011,29,GGB277102104,,금곡(미정차),127.103117,37.350367,0
GGB233000392,6011,30,GGB277103442,,죽전(미정차),127.10315,37.3266,0
GGB233000392,6011,31,GGB277103360,,신갈JC(미정차),127.10345,37.290433,0
GGB233000392,6011,32,GGB277103362,,수원신갈IC(미정차),127.103533,37.266817,0
GGB233000392,6011,33,GGB277102621,,기흥휴게소(미정차),127.106183,37.235117,0
GGB233000392,6011,34,GGB233000709,55854,현대트랜시스(중),127.103817,37.217283,1
GGB233000392,6011,35,GGB233001902,37073,동원.다원중,127.103267,37.211783,1
GGB233000392,6011,36,GGB233001492,37550,상록.경남아파트.이주택지,127.110533,37.206867,1
GGB233000392,6011,37,GGB233001168,36458,센트럴푸르지오.호반베르디움2차,127.116817,37.198133,1
GGB233000392,6011,38,GGB233000965,36468,청목초.신안1차,127.1194,37.194583,1
GGB233000392,6011,39,GGB233001620,55490,힐스테이트.호반5차,127.122933,37.184867,1
GGB233000392,6011,40,GGB233000209,55464,창의고,127.122017,37.18175,1
GGB233000392,6011,41,GGB233001695,37724,레이크파크뷰,127.118533,37.170033,1
GGB233000392,6011,42,GGB233001753,55504,센트럴시티.아이파크,127.109117,37.165883,1
GGB233000392,6011,43,GGB233003126,55522,아이원.호수자이파밀리에,127.104783,37.161017,1
GGB233000393,화성시광역콜버스,1,GGB233003173,55618,협성대정문,126.952067,37.2152,1
GGB233000393,화성시광역콜버스,2,GGB233000836,36123,봉담읍행정복지센터,126.949283,37.2204,1
GGB233000393,화성시광역콜버스,3,GGB233002548,55670,봉담2.LH2단지,126.9449,37.22195,1
GGB233000393,화성시광역콜버스,4,GGB233002561,55669,봉담2LH3단지.중흥더센트럴,126.950833,37.225067,1
GGB233000393,화성시광역콜버스,5,GGB233002448,55336,그랑드비체.힐스테이트,126.948767,37.228783,1
GGB233000393,화성시광역콜버스,6,GGB233002671,55760,화담중학교,126.942067,37.231683,1
GGB233000393,화성시광역콜버스,7,GGB233001869,37910,수영초등학교,126.9544,37.236383,1
GGB233000393,화성시광역콜버스,8,GGB121000166,,사당역3번출구,126.981933,37.4755,0
GGB233000393,화성시광역콜버스,9,GGB120000059,,사당역4번출구,126.9814,37.47535,0
GGB233000393,화성시광역콜버스,10,GGB233001868,37909,수영초.우방아이유쉘1단지,126.955467,37.236567,1
GGB233000393,화성시광역콜버스,11,GGB233001712,55759,중흥에듀포레.에듀시티,126.94185,37.231717,1
GGB233000393,화성시광역콜버스,12,GGB233002453,55335,힐스테이트.그랑드비체,126.94895,37.228567,1
GGB233000393,화성시광역콜버스,13,GGB233002657,55668,중흥더센트럴.봉담2LH3단지,126.950567,37.225167,1
GGB233000393,화성시광역콜버스,14,GGB233002973,55671,봉담2.LH2단지,126.944717,37.221833,1
GGB233000393,화성시광역콜버스,15,GGB233000786,36122,봉담읍행정복지센터,126.94965,37.220333,1
GGB233000393,화성시광역콜버스,16,GGB233001998,37969,협성대학교정문,126.952133,37.215067,1
GGB233000394,220,1,GGB233000220,36230,병점복합타운,127.028517,37.204967,1
GGB233000394,220,2,GGB233001556,36602,병점행복주택,127.030617,37.203033,1
GGB233000394,220,3,GGB233001582,36603,유앤아이.화성청소년수련관,127.03295,37.203883,1
GGB233000394,220,4,GGB233000701,36339,병점역후문,127.031917,37.206833,1
GGB233000394,220,5,GGB233000950,36337,진안5통.병점육교,127.030883,37.208383,1
GGB233000394,220,6,GGB233001055,36079,송산교입구,127.026533,37.2078,1
GGB233000394,220,7,GGB233000670,36328,안용중학교.현충공원,127.02205,37.2056,1
GGB233000394,220,8,GGB233000669,36318,송산동입구,127.017783,37.20585,1
GGB233000394,220,9,GGB233000668,36313,안녕동,127.01425,37.2037,1
GGB233000394,220,10,GGB233000667,36305,신한미지엔아파트앞,127.00915,37.20035,1
GGB233000394,220,11,GGB233002756,55571,우방아파트입구,127.007083,37.201617,1
GGB233000394,220,12,GGB233000304,55791,안녕우방아이유쉘,127.006067,37.202517,1
GGB233000394,220,13,GGB233000286,55782,우미린.LH2단지,127.003267,37.20475,1
GGB233000394,220,14,GGB233000288,55784,우미린.LH1단지,127.001417,37.205833,1
GGB233000394,220,15,GGB233000276,36377,정조효공원.LH1단지,126.998717,37.205683,1
GGB233000394,220,16,GGB233002538,36483,정조효공원,126.996417,37.20445,1
GGB233000394,220,17,GGB233000317,55798,융건릉사거리앞,126.98755,37.206633,1
GGB233000394,220,18,GGB233002395,55270,안녕4통입구,126.985483,37.205433,1
GGB233000394,220,19,GGB233000608,36228,그린피아호텔,126.9827,37.203517,1
GGB233000394,220,20,GGB233000607,36246,남산공단입구,126.984033,37.19885,1
GGB233000394,220,21,GGB233002535,36578,정남YBM연수원,126.9818,37.196683,1
GGB233000394,220,22,GGB233000912,36213,수원과학대학,126.979867,37.1926,1
GGB233000394,220,23,GGB233000606,36196,보통2리,126.979933,37.190983,1
GGB233000394,220,24,GGB233002370,36622,보통3리입구,126.977617,37.18945,1
GGB233000394,220,25,GGB233002094,55365,보통3리,126.97695,37.181517,1
GGB233000394,220,26,GGB233000605,36203,관항2리,126.9792,37.177017,1
GGB233000394,220,27,GGB233002986,55451,괘랑리,126.98075,37.171383,1
GGB233000394,220,28,GGB233000663,36234,정남농협,126.983283,37.169817,1
GGB233000394,220,29,GGB233000661,36237,정남초등학교,126.9835,37.1679,1
GGB233000394,220,30,GGB233000660,36235,동남아파트,126.983333,37.163233,1
GGB233000394,220,31,GGB233001579,36226,덕신상가,126.98215,37.159167,1
GGB233000394,220,32,GGB233001129,36223,발산리,126.981717,37.155317,1
GGB233000394,220,33,GGB233001495,37570,계향2리,126.9811,37.15225,1
GGB233000394,220,34,GGB233002097,55068,정남농촌체험학교,126.976633,37.1518,1
GGB233000394,220,35,GGB233001604,37650,문학4리,126.9718,37.151483,1
GGB233000394,220,36,GGB233000613,37606,외골,126.96865,37.153833,1
GGB233000394,220,37,GGB233000465,36882,문학2리,126.96855,37.158783,1
GGB233000394,220,38,GGB233001670,37731,백리앞,126.96075,37.164783,1
GGB233000394,220,39,GGB233001599,37645,백1리,126.95805,37.166433,1
GGB233000394,220,40,GGB233001598,37644,백2리앞,126.955383,37.167483,1
GGB233000394,220,41,GGB233001596,37642,정승마을앞,126.951533,37.1707,1
GGB233000394,220,42,GGB233001594,37640,마하리앞,126.94575,37.175583,1
GGB233000394,220,43,GGB233002989,,마하리입구,126.942933,37.176733,1
GGB233000394,220,44,GGB233002826,36635,기산,126.9371,37.176833,1
GGB233000394,220,45,GGB233000826,36082,화성푸드통합지원센터(로컬푸드직매장),126.936317,37.1723,1
GGB233000394,220,46,GGB233000825,36077,덕리,126.9347,37.16795,1
GGB233000394,220,47,GGB233000824,36073,팔탄입구,126.93205,37.164667,1
GGB233000394,220,48,GGB233000823,36071,진우아파트,126.930883,37.162533,1
GGB233000394,220,49,GGB233000822,37301,가재3리.덕우공단입구,126.927533,37.15625,1
GGB233000394,220,50,GGB233000821,37296,가재3리.가재3리입구,126.925517,37.153583,1
GGB233000394,220,51,GGB277101693,,가재교차로(미정차),126.922,37.149117,1
GGB233000394,220,52,GGB233000820,36764,가재1리입구.자연샘,126.919467,37.1454,1
GGB233000394,220,53,GGB233000819,37282,가재4리.해병대보급중대,126.9177,37.142783,1
GGB233000394,220,54,GGB233001862,37904,가재4리,126.91595,37.14095,1
GGB233000394,220,55,GGB233001863,37905,신성미소지움아파트,126.913633,37.13875,1
GGB233000394,220,56,GGB233001934,37940,KEB하나은행발안지점,126.910783,37.133367,1
GGB233000394,220,57,GGB233000632,37464,발안초등학교,126.912167,37.131033,1
GGB233000394,220,58,GGB233001023,37289,향남읍행정복지센터,126.91975,37.1315,1
GGB233000394,220,59,GGB233001955,37991,화성소방서.향남홈플러스,126.920917,37.13045,1
GGB233000394,220,60,GGB233002103,55084,에일린의뜰,126.920617,37.127867,1
GGB233000394,220,61,GGB233001855,37898,에일린의뜰.휴먼시아6단지,126.919883,37.126117,1
GGB233000394,220,62,GGB233001856,37899,신명스카이뷰.휴먼시아5단지,126.9159,37.126317,1
GGB233000394,220,63,GGB233001892,55925,향남역,126.913333,37.12295,1
GGB233000394,220,64,GGB233002413,55288,향남부영3단지,126.911583,37.11895,1
GGB233000394,220,65,GGB233002274,55615,향남부영6단지,126.909333,37.11445,1
GGB233000394,220,66,GGB233002416,37274,하길중학교,126.907983,37.112583,1
GGB233000394,220,67,GGB233001945,55173,서봉마을19단지,126.903917,37.110483,1
GGB233000394,220,68,GGB233001547,55478,상신하길로주택,126.9027,37.106167,1
GGB233000394,220,69,GGB233002470,55482,향남부영16단지,126.8975,37.104,1
GGB233000394,220,70,GGB233002471,55480,향남주공18단지,126.897117,37.09915,1
GGB233000394,220,71,GGB233002484,60127,화성시치매안심센터,126.901417,37.095883,1
GGB233000394,220,72,GGB233000362,60046,상신3리입구.한양수자인,126.90595,37.099883,1
GGB233000394,220,73,GGB233001304,60091,상신3리입구,126.907783,37.101633,1
GGB233000394,220,74,GGB233002481,55320,향남부영11단지,126.91525,37.109567,1
GGB233000394,220,75,GGB233002407,55283,향남부영9단지,126.919067,37.113367,1
GGB233000394,220,76,GGB233002408,55284,향남부영10.11단지,126.919483,37.11055,1
GGB233000394,220,77,GGB233002013,55057,향남부영11단지정문,126.917783,37.1095,1
GGB233000394,220,78,GGB233001302,60090,향남언덕마을15단지,126.90745,37.101783,1
GGB233000394,220,79,GGB233000363,60047,상신3리입구.한양수자인,126.905717,37.10015,1
GGB233000394,220,80,GGB233002467,60126,화성시치매안심센터,126.901233,37.09605,1
GGB233000394,220,81,GGB233002472,55481,향남주공18단지,126.89775,37.098867,1
GGB233000394,220,82,GGB233002473,55483,향남부영16단지,126.897767,37.103867,1
GGB233000394,220,83,GGB233001548,55479,상신하길로주택,126.902867,37.105967,1
GGB233000394,220,84,GGB233002374,55339,서봉마을19단지,126.904,37.110317,1
GGB233000394,220,85,GGB233002417,36697,하길중학교,126.908817,37.1134,1
GGB233000394,220,86,GGB233002412,55287,향남부영3단지,126.911417,37.118017,1
GGB233000394,220,87,GGB233002466,55321,향남주공1단지,126.91255,37.120483,1
GGB233000394,220,88,GGB233001893,55926,향남역,126.913633,37.122733,1
GGB233000394,220,89,GGB233002021,37996,신명스카이뷰.휴먼시아5단지,126.915917,37.126133,1
GGB233000394,220,90,GGB233002022,37993,에일린의뜰.휴먼시아6단지,126.919383,37.12595,1
GGB233000394,220,91,GGB233002104,55080,신영지웰,126.920967,37.127867,1
GGB233000394,220,92,GGB233001860,37903,화성소방서.향남홈플러스,126.9213,37.130533,1
GGB233000394,220,93,GGB233000633,37288,향남읍행정복지센터,126.919117,37.13175,1
GGB233000394,220,94,GGB233001026,37269,화성중앙병원.발안초등학교,126.9115,37.131183,1
GGB233000394,220,95,GGB233001565,37625,발안사거리.평리,126.910533,37.131717,1
GGB233000394,220,96,GGB233001864,37912,발안삼거리,126.91145,37.134767,1
GGB233000394,220,97,GGB233001865,37906,신성미소지움아파트,126.9145,37.13925,1
GGB233000394,220,98,GGB233000800,37285,해병대보급중대,126.918117,37.1429,1
GGB233000394,220,99,GGB233002212,55133,가재1리입구.자연샘,126.919667,37.1452,1
GGB233000394,220,100,GGB277101732,,가재교차로(미정차),126.9223,37.149,1
GGB233000394,220,101,GGB233000799,37294,가재3리입구.가재4리,126.92525,37.15295,1
GGB233000394,220,102,GGB233000798,37302,가재3리.덕우공단입구,126.928117,37.156733,1
GGB233000394,220,103,GGB233000797,36068,진우아파트,126.930883,37.16185,1
GGB233000394,220,104,GGB233000921,36074,팔탄입구,126.932233,37.164533,1
GGB233000394,220,105,GGB233000796,36078,덕리,126.93495,37.167883,1
GGB233000394,220,106,GGB233000795,36086,화성푸드통합지원센터(로컬푸드직매장),126.936617,37.1726,1
GGB233000394,220,107,GGB233002823,36634,갈담,126.9363,37.176117,1
GGB233000394,220,108,GGB233002988,,마하리입구,126.942967,37.17665,1
GGB233000394,220,109,GGB233001593,37639,마하리,126.945783,37.1755,1
GGB233000394,220,110,GGB233001595,37641,정승마을앞,126.951517,37.170567,1
GGB233000394,220,111,GGB233001597,37643,백2리앞,126.955367,37.167417,1
GGB233000394,220,112,GGB233001575,36138,백1리,126.957867,37.16645,1
GGB233000394,220,113,GGB233001671,37735,백리앞,126.960783,37.1647,1
GGB233000394,220,114,GGB233001065,36782,문학2리,126.968517,37.158917,1
GGB233000394,220,115,GGB233001444,36957,외골,126.9683,37.154,1
GGB233000394,220,116,GGB233001445,37530,문학4리.마을회관앞,126.9718,37.151367,1
GGB233000394,220,117,GGB233001036,55692,문학보건소,126.973317,37.15115,1
GGB233000394,220,118,GGB233002096,37690,정남농촌체험학교,126.9781,37.151633,1
GGB233000394,220,119,GGB233000659,37571,계향2리,126.981333,37.152383,1
GGB233000394,220,120,GGB233000658,36225,발산리,126.981917,37.155533,1
GGB233000394,220,121,GGB233001578,36227,덕신상가,126.982317,37.159217,1
GGB233000394,220,122,GGB233000656,36236,동남아파트,126.983567,37.163583,1
GGB233000394,220,123,GGB233000655,36238,정남초등학교,126.9839,37.167617,1
GGB233000394,220,124,GGB233000654,36231,정남도서관,126.98335,37.1688,1
GGB233000394,220,125,GGB233002987,55452,괘랑리,126.9807,37.1721,1
GGB233000394,220,126,GGB233001142,37572,괘랑3리,126.980567,37.175233,1
GGB233000394,220,127,GGB233001704,55742,관항2리,126.979533,37.176917,1
GGB233000394,220,128,GGB233002095,55366,보통3리,126.977383,37.180833,1
GGB233000394,220,129,GGB233002908,36646,보통3리입구,126.977817,37.189467,1
GGB233000394,220,130,GGB233000611,36206,보통2리,126.979383,37.190367,1
GGB233000394,220,131,GGB233000913,36212,수원과학대학,126.979817,37.193217,1
GGB233000394,220,132,GGB233002492,36579,정남YBM연수원,126.981733,37.196483,1
GGB233000394,220,133,GGB233000610,36249,남산공단입구,126.98435,37.198833,1
GGB233000394,220,134,GGB233000609,36229,그린피아호텔,126.982867,37.203517,1
GGB233000394,220,135,GGB233002396,55271,안녕3통입구,126.985117,37.205067,1
GGB233000394,220,136,GGB233001840,36996,융건릉입구,126.989017,37.206767,1
GGB233000394,220,137,GGB233002155,55161,안녕성당앞,126.996267,37.204267,1
GGB233000394,220,138,GGB233000277,36382,LH1단지,126.999033,37.205583,1
GGB233000394,220,139,GGB233000290,55785,LH1단지.우미린,127.001283,37.20565,1
GGB233000394,220,140,GGB233000287,55783,LH2단지.우미린,127.003017,37.204667,1
GGB233000394,220,141,GGB233001996,55572,우방아이유쉘,127.0059,37.202367,1
GGB233000394,220,142,GGB233001284,55697,신한미지엔정문,127.005967,37.201083,1
GGB233000394,220,143,GGB233000645,36304,신한미지엔아파트앞,127.0086,37.199917,1
GGB233000394,220,144,GGB233000644,36311,북촌말입구,127.0136,37.202683,1
GGB233000394,220,145,GGB233000643,36315,송산동입구,127.0172,37.205567,1
GGB233000394,220,146,GGB233000642,36327,동문아파트,127.022233,37.205367,1
GGB233000394,220,147,GGB233001442,36959,송산교입구,127.02565,37.207183,1
GGB233000394,220,148,GGB233000696,36336,진안5통.병점육교,127.030417,37.208617,1
GGB233000394,220,149,GGB233000695,36338,병점역후문,127.032033,37.20605,1
GGB233000394,220,150,GGB233001542,36599,서해스카이팰리스1단지.서영더엘3차,127.03175,37.203667,1
GGB233000394,220,151,GGB233000218,36219,병점역아이파크캐슬,127.029633,37.20375,1
GGB233000394,220,152,GGB233000219,36220,병점복합타운,127.028867,37.20515,1
GGB233000395,210,1,GGB233002341,55171,경기고속차고지,126.9957,37.1976,1
GGB233000395,210,2,GGB233002337,55167,월드마트,126.994233,37.197717,1
GGB233000395,210,3,GGB233002336,55166,안녕11통,126.990867,37.197517,1
GGB233000395,210,4,GGB233002400,55691,안녕남로,126.988083,37.1974,1
GGB233000395,210,5,GGB233002334,55164,청광아파트,126.985883,37.1983,1
GGB233000395,210,6,GGB233002332,55163,힘펠.남산공단,126.9845,37.198467,1
GGB233000395,210,7,GGB233000610,36249,남산공단입구,126.98435,37.198833,1
GGB233000395,210,8,GGB233000609,36229,그린피아호텔,126.982867,37.203517,1
GGB233000395,210,9,GGB233002396,55271,안녕3통입구,126.985117,37.205067,1
GGB233000395,210,10,GGB233002398,55344,융건릉사거리,126.987783,37.207967,1
GGB233000395,210,11,GGB233002234,55122,안녕4통.고수문,126.982783,37.212633,1
GGB233000395,210,12,GGB233000576,36204,수원대학교,126.97915,37.214167,1
GGB233000395,210,13,GGB233000945,36194,와우지구,126.976317,37.215983,1
GGB233000395,210,14,GGB233001457,37529,와우농협앞,126.974633,37.218,1
GGB233000395,210,15,GGB233002737,37145,와우사거리,126.973333,37.219017,1
GGB233000395,210,16,GGB233000893,55875,에듀시티파라곤,126.971,37.218033,1
GGB233000395,210,17,GGB233002043,55041,임광그대가3단지,126.969233,37.217233,1
GGB233000395,210,18,GGB233003097,55424,효행초.한신더휴에듀파크,126.965633,37.2157,1
GGB233000395,210,19,GGB233002566,55449,동화휴먼시아5단지,126.963467,37.215017,1
GGB233000395,210,20,GGB233001624,37686,동화초중교,126.96215,37.2147,1
GGB233000395,210,21,GGB233001657,37882,주공6단지,126.960933,37.21365,1
GGB233000395,210,22,GGB233001655,37966,효행구청.분천리,126.959717,37.209383,1
GGB233000395,210,23,GGB233002551,36139,효행구청.분천교회,126.958633,37.20925,1
GGB233000395,210,24,GGB233000145,36449,봉담성당앞,126.956217,37.210983,1
GGB233000395,210,25,GGB233003173,55618,협성대정문,126.952067,37.2152,1
GGB233000395,210,26,GGB233002485,55568,봉담한신아파트후문,126.9492,37.215667,1
GGB233000395,210,27,GGB233002757,55641,장안대후문,126.9463,37.21635,1
GGB233000395,210,28,GGB233000787,36118,삼봉마을.신안인스빌,126.945917,37.217817,1
GGB233000395,210,29,GGB233001342,55706,중흥S클래스더퍼스트,126.946033,37.21965,1
GGB233000395,210,30,GGB233002548,55670,봉담2.LH2단지,126.9449,37.22195,1
GGB233000395,210,31,GGB233000922,55884,삼봉근린공원,126.94375,37.225267,1
GGB233000395,210,32,GGB233002508,55385,화담고등학교,126.94205,37.22845,1
GGB233000395,210,33,GGB233002671,55760,화담중학교,126.942067,37.231683,1
GGB233000395,210,34,GGB233000205,55757,어울림공원,126.943333,37.233583,1
GGB233000395,210,35,GGB233001490,55921,중흥에듀파크정문,126.945717,37.233017,1
GGB233000395,210,36,GGB233001869,37910,수영초등학교,126.9544,37.236383,1
GGB233000395,210,37,GGB233000320,36400,우방아이유쉘1단지,126.9549,37.237467,1
GGB233000395,210,38,GGB233001870,37911,신창아파트,126.9533,37.23655,1
GGB233000395,210,39,GGB233001027,55892,중흥에듀파크,126.946317,37.232633,1
GGB233000395,210,40,GGB233001028,55893,엘크루루엘리안.중흥에듀파크,126.944967,37.229883,1
GGB233000395,210,41,GGB233002453,55335,힐스테이트.그랑드비체,126.94895,37.228567,1
GGB233000395,210,42,GGB233002458,55337,수현초.수현중,126.9514,37.227167,1
GGB233000395,210,43,GGB233002657,55668,중흥더센트럴.봉담2LH3단지,126.950567,37.225167,1
GGB233000395,210,44,GGB233002965,55737,봉담초사거리,126.948183,37.224583,1
GGB233000395,210,45,GGB233000338,55807,봉담수정동남메리트,126.948167,37.222383,1
GGB233000395,210,46,GGB233000334,36407,봉담읍행정복지센터(좌회전전용),126.950033,37.2209,1
GGB233000395,210,47,GGB233002660,37865,봉담도서관.봉담읍행정복지센터,126.949367,37.219533,1
GGB233000395,210,48,GGB233000570,36124,봉담한신아파트,126.950117,37.218067,1
GGB233000395,210,49,GGB233001755,37764,동문아파트.협성대학교.봉담중고교,126.952567,37.217317,1
GGB233000395,210,50,GGB233001610,37675,상봉초등학교,126.953967,37.218233,1
GGB233000395,210,51,GGB233002086,55054,동일하이빌.상봉초등학교,126.956083,37.217667,1
GGB233000395,210,52,GGB233001658,37881,동일하이빌.화성고용센터,126.958317,37.216333,1
GGB233000395,210,53,GGB233001612,37677,동화휴먼시아6단지,126.959983,37.2151,1
GGB233000395,210,54,GGB233001613,37678,동화중학교.동화초등학교,126.96165,37.214383,1
GGB233000395,210,55,GGB233002041,55040,동화휴먼시아5단지,126.963433,37.214817,1
GGB233000395,210,56,GGB233003098,55425,효행초.한신더휴에듀파크,126.96705,37.216117,1
GGB233000395,210,57,GGB233002042,55042,임광그대가3단지,126.969767,37.217267,1
GGB233000395,210,58,GGB233000892,55874,에듀시티파라곤,126.971133,37.21785,1
GGB233000395,210,59,GGB233002738,37146,와우사거리,126.973517,37.218917,1
GGB233000395,210,60,GGB233000942,36187,와우농협앞,126.974433,37.218017,1
GGB233000395,210,61,GGB233000944,36193,와우지구,126.976183,37.2159,1
GGB233000395,210,62,GGB233000575,36210,수원대학교,126.979767,37.213833,1
GGB233000395,210,63,GGB233002233,55121,안녕4통.고수문,126.98225,37.212633,1
GGB233000395,210,64,GGB233002397,55343,융건릉사거리,126.987533,37.20785,1
GGB233000395,210,65,GGB233002395,55270,안녕4통입구,126.985483,37.205433,1
GGB233000395,210,66,GGB233000608,36228,그린피아호텔,126.9827,37.203517,1
GGB233000395,210,67,GGB233002331,55162,남산공단.힘펠,126.984367,37.19835,1
GGB233000395,210,68,GGB233002333,55230,청광아파트,126.985817,37.198183,1
GGB233000395,210,69,GGB233002399,55690,안녕남로,126.988017,37.197317,1
GGB233000395,210,70,GGB233002335,55165,안녕11통,126.990883,37.197417,1
GGB233000395,210,71,GGB233002338,55168,월드마트,126.994283,37.197617,1
GGB233000396,211,1,GGB233002341,55171,경기고속차고지,126.9957,37.1976,1
GGB233000396,211,2,GGB233002337,55167,월드마트,126.994233,37.197717,1
GGB233000396,211,3,GGB233002336,55166,안녕11통,126.990867,37.197517,1
GGB233000396,211,4,GGB233002400,55691,안녕남로,126.988083,37.1974,1
GGB233000396,211,5,GGB233002334,55164,청광아파트,126.985883,37.1983,1
GGB233000396,211,6,GGB233002332,55163,힘펠.남산공단,126.9845,37.198467,1
GGB233000396,211,7,GGB233000610,36249,남산공단입구,126.98435,37.198833,1
GGB233000396,211,8,GGB233000609,36229,그린피아호텔,126.982867,37.203517,1
GGB233000396,211,9,GGB233002396,55271,안녕3통입구,126.985117,37.205067,1
GGB233000396,211,10,GGB233002398,55344,융건릉사거리,126.987783,37.207967,1
GGB233000396,211,11,GGB233002234,55122,안녕4통.고수문,126.982783,37.212633,1
GGB233000396,211,12,GGB233000576,36204,수원대학교,126.97915,37.214167,1
GGB233000396,211,13,GGB233000945,36194,와우지구,126.976317,37.215983,1
GGB233000396,211,14,GGB233001457,37529,와우농협앞,126.974633,37.218,1
GGB233000396,211,15,GGB233002737,37145,와우사거리,126.973333,37.219017,1
GGB233000396,211,16,GGB233000893,55875,에듀시티파라곤,126.971,37.218033,1
GGB233000396,211,17,GGB233002043,55041,임광그대가3단지,126.969233,37.217233,1
GGB233000396,211,18,GGB233003097,55424,효행초.한신더휴에듀파크,126.965633,37.2157,1
GGB233000396,211,19,GGB233002566,55449,동화휴먼시아5단지,126.963467,37.215017,1
GGB233000396,211,20,GGB233001624,37686,동화초중교,126.96215,37.2147,1
GGB233000396,211,21,GGB233001758,37762,동화휴먼시아6단지,126.960583,37.214833,1
GGB233000396,211,22,GGB233001659,37765,중심상가.화성고용센터,126.959117,37.2161,1
GGB233000396,211,23,GGB233002085,55062,동화휴먼시아1단지.상봉초등학교,126.95645,37.2177,1
GGB233000396,211,24,GGB233001660,37763,상봉초등학교,126.953717,37.21825,1
GGB233000396,211,25,GGB233001617,37681,동문아파트.협성대학교.봉담중고교,126.952383,37.217383,1
GGB233000396,211,26,GGB233002084,55055,봉담호수공원.신협앞,126.950483,37.218667,1
GGB233000396,211,27,GGB233001995,37971,봉담읍행정복지센터.봉담도서관,126.949467,37.2196,1
GGB233000396,211,28,GGB233000786,36122,봉담읍행정복지센터,126.94965,37.220333,1
GGB233000396,211,29,GGB233000337,55806,봉담수정동남메리트,126.948867,37.222233,1
GGB233000396,211,30,GGB233002685,55736,봉담초사거리,126.948267,37.224367,1
GGB233000396,211,31,GGB233002561,55669,봉담2LH3단지.중흥더센트럴,126.950833,37.225067,1
GGB233000396,211,32,GGB233002457,55338,수현초.수현중,126.951617,37.227317,1
GGB233000396,211,33,GGB233002448,55336,그랑드비체.힐스테이트,126.948767,37.228783,1
GGB233000396,211,34,GGB233001045,55896,엘크루루엘리안.중흥에듀파크,126.945283,37.230117,1
GGB233000396,211,35,GGB233001056,55897,중흥에듀파크,126.946567,37.232617,1
GGB233000396,211,36,GGB233001869,37910,수영초등학교,126.9544,37.236383,1
GGB233000396,211,37,GGB233000320,36400,우방아이유쉘1단지,126.9549,37.237467,1
GGB233000396,211,38,GGB233001870,37911,신창아파트,126.9533,37.23655,1
GGB233000396,211,39,GGB233001496,55922,중흥에듀파크정문,126.94585,37.2332,1
GGB233000396,211,40,GGB233000211,55758,어울림공원,126.94365,37.2337,1
GGB233000396,211,41,GGB233001712,55759,중흥에듀포레.에듀시티,126.94185,37.231717,1
GGB233000396,211,42,GGB233002058,55028,이편한세상신봉담,126.941433,37.2295,1
GGB233000396,211,43,GGB233000963,55887,생태체육공원,126.943633,37.225067,1
GGB233000396,211,44,GGB233002973,55671,봉담2.LH2단지,126.944717,37.221833,1
GGB233000396,211,45,GGB233001341,55705,중흥S클래스더퍼스트,126.945983,37.219433,1
GGB233000396,211,46,GGB233000835,36119,삼봉마을.신안인스빌,126.94565,37.217967,1
GGB233000396,211,47,GGB233001997,37967,장안대후문,126.945867,37.2164,1
GGB233000396,211,48,GGB233001343,36221,봉담한신아파트후문,126.949067,37.2155,1
GGB233000396,211,49,GGB233001998,37969,협성대학교정문,126.952133,37.215067,1
GGB233000396,211,50,GGB233000140,36011,봉담성당앞,126.95605,37.210867,1
GGB233000396,211,51,GGB233002550,36143,분천교회.효행구청,126.9587,37.208983,1
GGB233000396,211,52,GGB233001656,37970,동화중학교,126.961267,37.2136,1
GGB233000396,211,53,GGB233001613,37678,동화중학교.동화초등학교,126.96165,37.214383,1
GGB233000396,211,54,GGB233002041,55040,동화휴먼시아5단지,126.963433,37.214817,1
GGB233000396,211,55,GGB233003098,55425,효행초.한신더휴에듀파크,126.96705,37.216117,1
GGB233000396,211,56,GGB233002042,55042,임광그대가3단지,126.969767,37.217267,1
GGB233000396,211,57,GGB233000892,55874,에듀시티파라곤,126.971133,37.21785,1
GGB233000396,211,58,GGB233002738,37146,와우사거리,126.973517,37.218917,1
GGB233000396,211,59,GGB233000942,36187,와우농협앞,126.974433,37.218017,1
GGB233000396,211,60,GGB233000944,36193,와우지구,126.976183,37.2159,1
GGB233000396,211,61,GGB233000575,36210,수원대학교,126.979767,37.213833,1
GGB233000396,211,62,GGB233002233,55121,안녕4통.고수문,126.98225,37.212633,1
GGB233000396,211,63,GGB233002397,55343,융건릉사거리,126.987533,37.20785,1
GGB233000396,211,64,GGB233002395,55270,안녕4통입구,126.985483,37.205433,1
GGB233000396,211,65,GGB233000608,36228,그린피아호텔,126.9827,37.203517,1
GGB233000396,211,66,GGB233002331,55162,남산공단.힘펠,126.984367,37.19835,1
GGB233000396,211,67,GGB233002333,55230,청광아파트,126.985817,37.198183,1
GGB233000396,211,68,GGB233002399,55690,안녕남로,126.988017,37.197317,1
GGB233000396,211,69,GGB233002335,55165,안녕11통,126.990883,37.197417,1
GGB233000396,211,70,GGB233002338,55168,월드마트,126.994283,37.197617,1
GGB233000397,8155(예약),1,GGB233000632,37464,발안초등학교,126.912167,37.131033,1
GGB233000397,8155(예약),2,GGB233002102,37287,향남환승터미널,126.921567,37.1328,1
GGB233000397,8155(예약),3,GGB233002151,55098,만세구청.화성종합경기타운,126.921617,37.136317,1
GGB233000397,8155(예약),4,GGB277102040,,점촌교차로(미정차),126.917017,37.141583,1
GGB233000397,8155(예약),5,GGB277101732,,가재교차로(미정차),126.9223,37.149,1
GGB233000397,8155(예약),6,GGB277101775,,팔탄입구삼거리(미정차),126.931783,37.1636,1
GGB233000397,8155(예약),7,GGB233000794,36081,해병대사령부,126.936333,37.177683,1
GGB233000397,8155(예약),8,GGB277101708,,왕림교차로(미정차),126.939333,37.1929,1
GGB233000397,8155(예약),9,GGB277102570,,왕림휴게소(미정차),126.943767,37.2073,1
GGB233000397,8155(예약),10,GGB233000788,36113,장안대학,126.944,37.21365,1
GGB233000397,8155(예약),11,GGB233000786,36122,봉담읍행정복지센터,126.94965,37.220333,1
GGB233000397,8155(예약),12,GGB233000785,36131,동화리.동남아파트,126.9523,37.223167,1
GGB233000397,8155(예약),13,GGB277102009,,봉담IC진입(미정차),126.957,37.2272,1
GGB233000397,8155(예약),14,GGB277103518,,천천IC(미정차),126.950583,37.245983,1
GGB233000397,8155(예약),15,GGB277103520,,호매실IC(미정차),126.9485,37.261917,0
GGB233000397,8155(예약),16,GGB277103528,,서수원IC(미정차),126.952283,37.292917,0
GGB233000397,8155(예약),17,GGB277103317,,월암IC(미정차),126.96215,37.302683,0
GGB233000397,8155(예약),18,GGB277103315,,의왕신부곡IC(미정차),126.9683,37.33245,0
GGB233000397,8155(예약),19,GGB277103221,,의왕터널진입(미정차),126.998417,37.358917,0
GGB233000397,8155(예약),20,GGB277103159,,학의JC(미정차),127.001583,37.38705,0
GGB233000397,8155(예약),21,GGB277103200,,과천터널진입(미정차),127.00175,37.40185,0
GGB233000397,8155(예약),22,GGB277103203,,과천IC(미정차),126.99665,37.421683,0
GGB233000397,8155(예약),23,GGB277103205,,대공원고가교(미정차),127.000667,37.438183,0
GGB233000397,8155(예약),24,GGB277103903,,서울진입(미정차),126.988117,37.462383,0
GGB233000397,8155(예약),25,GGB121001315,,사당역(중),126.982017,37.4743,0
GGB233000399,H107,1,GGB233003052,55329,향남시외터미널,126.922067,37.13295,1
GGB233000399,H107,2,GGB233002109,55083,화성종합운동장,126.920433,37.135133,1
GGB233000399,H107,3,GGB233001934,37940,KEB하나은행발안지점,126.910783,37.133367,1
GGB233000399,H107,4,GGB233000632,37464,발안초등학교,126.912167,37.131033,1
GGB233000399,H107,5,GGB233001023,37289,향남읍행정복지센터,126.91975,37.1315,1
GGB233000399,H107,6,GGB233001955,37991,화성소방서.향남홈플러스,126.920917,37.13045,1
GGB233000399,H107,7,GGB233002103,55084,에일린의뜰,126.920617,37.127867,1
GGB233000399,H107,8,GGB233001855,37898,에일린의뜰.휴먼시아6단지,126.919883,37.126117,1
GGB233000399,H107,9,GGB233001856,37899,신명스카이뷰.휴먼시아5단지,126.9159,37.126317,1
GGB233000399,H107,10,GGB233001892,55925,향남역,126.913333,37.12295,1
GGB233000399,H107,11,GGB233002413,55288,향남부영3단지,126.911583,37.11895,1
GGB233000399,H107,12,GGB233002274,55615,향남부영6단지,126.909333,37.11445,1
GGB233000399,H107,13,GGB233002416,37274,하길중학교,126.907983,37.112583,1
GGB233000399,H107,14,GGB233001945,55173,서봉마을19단지,126.903917,37.110483,1
GGB233000399,H107,15,GGB233001547,55478,상신하길로주택,126.9027,37.106167,1
GGB233000399,H107,16,GGB233001529,37407,상신8리,126.901117,37.10395,1
GGB233000399,H107,17,GGB233001530,37406,화성상신도시숲,126.901467,37.10125,1
GGB233000399,H107,18,GGB233003251,60155,향남주공18단지후문,126.897367,37.096217,1
GGB233000399,H107,19,GGB233001835,37875,상신리,126.894217,37.09465,1
GGB233000399,H107,20,GGB233002993,60135,구문천4리입구,126.891167,37.09035,1
GGB233000399,H107,21,GGB233002447,37918,스마트밸리,126.870783,37.075983,1
GGB233000399,H107,22,GGB233002380,37934,독정리.큰마을,126.861833,37.078083,1
GGB233000399,H107,23,GGB233000512,37152,독정3리,126.859167,37.0798,1
GGB233000399,H107,24,GGB233000511,37156,독정4리,126.861083,37.081883,1
GGB233000399,H107,25,GGB233001132,36775,독정4리마을회관,126.867117,37.079033,1
GGB233000399,H107,26,GGB233001773,37842,독정3리,126.86405,37.079667,1
GGB233000399,H107,27,GGB233000507,37155,독정4리,126.860983,37.081967,1
GGB233000399,H107,28,GGB233000506,37151,독정3리.거묵골,126.859083,37.07985,1
GGB233000399,H107,29,GGB233001646,55498,어은리,126.837383,37.0865,1
GGB233000399,H107,30,GGB233001387,37593,어은삼거리,126.826767,37.0863,1
GGB233000399,H107,31,GGB233001366,37389,장안초등학교,126.823617,37.084917,1
GGB233000399,H107,32,GGB233000373,36022,조암시장남쪽입구,126.819267,37.082983,1
GGB233000399,H107,33,GGB233001434,55077,조암시장,126.815617,37.081533,1
GGB233000399,H107,34,GGB233000992,36797,장안여자중학교,126.815233,37.07855,1
GGB233000399,H107,35,GGB233000496,36910,사곡사거리,126.815217,37.074833,1
GGB233000399,H107,36,GGB233000487,37431,사곡사거리,126.81535,37.074917,1
GGB233000399,H107,37,GGB233000486,36917,장안여자중학교,126.815433,37.0786,1
GGB233000399,H107,38,GGB233002625,55396,조암농협,126.817467,37.082,1
GGB233000399,H107,39,GGB233000930,37481,조암시장남쪽입구,126.819367,37.082783,1
GGB233000399,H107,40,GGB233000887,37621,장안초등학교,126.823917,37.084833,1
GGB233000399,H107,41,GGB233000402,37594,어은삼거리,126.826917,37.086117,1
GGB233000399,H107,42,GGB233001645,55497,어은리,126.837383,37.086417,1
GGB233000399,H107,43,GGB233000512,37152,독정3리,126.859167,37.0798,1
GGB233000399,H107,44,GGB233000511,37156,독정4리,126.861083,37.081883,1
GGB233000399,H107,45,GGB233001132,36775,독정4리마을회관,126.867117,37.079033,1
GGB233000399,H107,46,GGB233001773,37842,독정3리,126.86405,37.079667,1
GGB233000399,H107,47,GGB233000507,37155,독정4리,126.860983,37.081967,1
GGB233000399,H107,48,GGB233000506,37151,독정3리.거묵골,126.859083,37.07985,1
GGB233000399,H107,49,GGB233002381,37942,독정리.큰마을,126.862017,37.077917,1
GGB233000399,H107,50,GGB233003194,60134,구문천4리입구,126.891167,37.090017,1
GGB233000399,H107,51,GGB233001836,37876,상신리,126.89455,37.094717,1
GGB233000399,H107,52,GGB233003252,60156,향남주공18단지후문,126.897617,37.09615,1
GGB233000399,H107,53,GGB233003000,37172,상신3리.검정골,126.90275,37.098917,1
GGB233000399,H107,54,GGB233000804,36760,한양수자인후문,126.90195,37.100817,1
GGB233000399,H107,55,GGB233000803,37470,상신6리,126.90155,37.103983,1
GGB233000399,H107,56,GGB233001548,55479,상신하길로주택,126.902867,37.105967,1
GGB233000399,H107,57,GGB233002374,55339,서봉마을19단지,126.904,37.110317,1
GGB233000399,H107,58,GGB233002417,36697,하길중학교,126.908817,37.1134,1
GGB233000399,H107,59,GGB233002412,55287,향남부영3단지,126.911417,37.118017,1
GGB233000399,H107,60,GGB233002466,55321,향남주공1단지,126.91255,37.120483,1
GGB233000399,H107,61,GGB233001893,55926,향남역,126.913633,37.122733,1
GGB233000399,H107,62,GGB233002021,37996,신명스카이뷰.휴먼시아5단지,126.915917,37.126133,1
GGB233000399,H107,63,GGB233002022,37993,에일린의뜰.휴먼시아6단지,126.919383,37.12595,1
GGB233000399,H107,64,GGB233002104,55080,신영지웰,126.920967,37.127867,1
GGB233000399,H107,65,GGB233001860,37903,화성소방서.향남홈플러스,126.9213,37.130533,1
GGB233000399,H107,66,GGB233000633,37288,향남읍행정복지센터,126.919117,37.13175,1
GGB233000399,H107,67,GGB233001026,37269,화성중앙병원.발안초등학교,126.9115,37.131183,1
GGB233000399,H107,68,GGB233001565,37625,발안사거리.평리,126.910533,37.131717,1
GGB233000399,H107,69,GGB233001864,37912,발안삼거리,126.91145,37.134767,1
GGB233000399,H107,70,GGB233003051,55328,향남시외터미널,126.922067,37.133017,1
GGB233000408,화성똑버스05,1,GGB233000769,36026,(구)남양읍행정복지센터,126.823517,37.212,1
GGB233000408,화성똑버스05,2,GGB233000768,36021,남양사거리,126.81905,37.209367,1
GGB233000408,화성똑버스05,3,GGB233001046,36018,기업은행,126.81875,37.20835,1
GGB233000408,화성똑버스05,4,GGB233001749,37774,남양중고입구.기아남양점,126.820333,37.2058,1
GGB233000408,화성똑버스05,5,GGB233003110,55437,남양고,126.82565,37.205733,1
GGB233000408,화성똑버스05,6,GGB233000029,36016,동광뷰엘,126.8272,37.20855,1
GGB233000408,화성똑버스05,7,GGB233002705,55640,남양도서관.동광뷰엘,126.825633,37.2109,1
GGB233000409,화성똑버스04,1,GGB233000786,36122,봉담읍행정복지센터,126.94965,37.220333,1
GGB233000409,화성똑버스04,2,GGB233000836,36123,봉담읍행정복지센터,126.949283,37.2204,1
GGB233000415,H1,1,GGB233002247,55998,동탄2차고지,127.103467,37.1554,1
GGB233000415,H1,2,GGB233000089,36117,장지지하차도,127.105117,37.157483,1
GGB233000415,H1,3,GGB233000166,36810,꽃가마약수터,127.09995,37.159083,1
GGB233000415,H1,4,GGB233000249,36368,진우물류센터,127.096617,37.159067,1
GGB233000415,H1,5,GGB233000238,55768,화남초등학교,127.096867,37.16395,1
GGB233000415,H1,6,GGB233002067,55591,동탄호수마을,127.0954,37.164983,1
GGB233000415,H1,7,GGB233000175,55752,행복주택28단지,127.0934,37.163883,1
GGB233000415,H1,8,GGB233001254,37038,엘크루아파트,127.09365,37.160967,1
GGB233000415,H1,9,GGB233001118,37039,호수하우스디,127.097017,37.16095,1
GGB233000415,H1,10,GGB233001587,37042,금호어울림2차,127.100633,37.16095,1
GGB233000415,H1,11,GGB233003132,55528,호수자이파밀리에.아이원,127.1052,37.160733,1
GGB233000415,H1,12,GGB233003127,55523,금호어울림.계룡리슈빌,127.10695,37.1639,1
GGB233000415,H1,13,GGB233003128,55524,동탄호수공원.센트럴시티,127.107017,37.166817,1
GGB233000415,H1,14,GGB233003093,55420,호수부영3차.우미린2차,127.107083,37.171667,1
GGB233000415,H1,15,GGB233000162,36493,나래학교.더샵레이크,127.105783,37.175917,1
GGB233000415,H1,16,GGB233000161,36487,반도3차.금강1차,127.102683,37.182417,1
GGB233000415,H1,17,GGB233000995,36477,의료시설부지,127.100233,37.1876,1
GGB233000415,H1,18,GGB233000999,36501,리베라CC.헤리엇,127.099083,37.190717,1
GGB233000415,H1,19,GGB233000305,36384,그란비아스타,127.0991,37.193367,1
GGB233000415,H1,20,GGB233000978,36466,한화.린스트라우스,127.099083,37.195383,1
GGB233000415,H1,21,GGB233003085,55399,동탄역(동측),127.096283,37.19985,1
GGB233000415,H1,22,GGB233000964,36469,우남퍼스트빌.예미지시그너스,127.0991,37.203367,1
GGB233000415,H1,23,GGB233000121,36463,상록.테크노밸리.GS자이,127.099067,37.208283,1
GGB233000415,H1,24,GGB233002443,55315,한미약품.푸르지오,127.091617,37.2095,1
GGB233000415,H1,25,GGB233002493,55937,경기남부직업능력개발원,127.08725,37.20955,1
GGB233000415,H1,26,GGB233002439,55311,예당고사거리,127.080667,37.2099,1
GGB233000415,H1,27,GGB233001683,37712,전하리교회.우미제일,127.079283,37.21315,1
GGB233000415,H1,28,GGB233001782,37864,한림대병원(중),127.078117,37.216633,1
GGB233000415,H1,29,GGB233001978,37954,IT단지(중),127.074133,37.224717,1
GGB233000415,H1,30,GGB233002353,55253,삼성반도체후문,127.071283,37.228417,1
GGB233000415,H1,31,GGB233001300,36406,신동탄롯데캐슬,127.068117,37.230633,1
GGB233000415,H1,32,GGB233000083,36065,반월리,127.06515,37.233483,1
GGB233000415,H1,33,GGB233002112,55132,반달마을,127.067067,37.2344,1
GGB233000415,H1,34,GGB228003337,56382,서농동행정복지센터.서천마을3단지후문,127.06825,37.236717,0
GGB233000415,H1,35,GGB233002249,36615,신동탄포레자이후문,127.06505,37.238017,1
GGB233000415,H1,36,GGB233000403,36442,신동탄포레자이.율목초후문,127.063333,37.237183,1
GGB233000415,H1,37,GGB233000117,36512,신영통현대타운.두산위브,127.0621,37.23535,1
GGB233000415,H1,38,GGB233001211,36396,반월리큰고개,127.064817,37.2325,1
GGB233000415,H1,39,GGB233000115,36405,신동탄롯데캐슬,127.0681,37.230383,1
GGB233000415,H1,40,GGB233001212,36408,삼성반도체후문,127.070867,37.227467,1
GGB233000415,H1,41,GGB233001310,36683,IT단지(중),127.073667,37.2251,1
GGB233000415,H1,42,GGB233001225,36414,한림대병원(중),127.07775,37.217317,1
GGB233000415,H1,43,GGB233003186,37760,우미제일.전하리교회,127.079383,37.212133,1
GGB233000415,H1,44,GGB233002440,55312,예당고사거리,127.081817,37.209183,1
GGB233000415,H1,45,GGB233003207,55967,경기남부직업능력개발원,127.086967,37.2092,1
GGB233000415,H1,46,GGB233002442,55314,푸르지오.한미약품,127.091833,37.209183,1
GGB233000415,H1,47,GGB233002436,36842,상록.테크노밸리.GS자이,127.098517,37.206517,1
GGB233000415,H1,48,GGB233000130,36447,예미지시그너스.우남퍼스트빌,127.0985,37.20315,1
GGB233000415,H1,49,GGB233003084,55398,동탄역(서측),127.096083,37.199583,1
GGB233000415,H1,50,GGB233001637,37658,린스트라우스.한화,127.098517,37.19625,1
GGB233000415,H1,51,GGB233000998,36502,헤리엇.리베라CC,127.098467,37.190733,1
GGB233000415,H1,52,GGB233000994,36480,공공청사부지,127.099833,37.187033,1
GGB233000415,H1,53,GGB233000996,36488,반도3차.금강1차,127.103133,37.1802,1
GGB233000415,H1,54,GGB233000997,36494,레이크빌.하우스디더레이크,127.105083,37.176083,1
GGB233000415,H1,55,GGB233003092,55419,우미린2차.호수부영3차,127.106417,37.17135,1
GGB233000415,H1,56,GGB233003136,55532,동탄호수공원,127.106433,37.167167,1
GGB233000415,H1,57,GGB233003137,55533,계룡리슈빌.금호어울림,127.10645,37.16465,1
GGB233000415,H1,58,GGB233003126,55522,아이원.호수자이파밀리에,127.104783,37.161017,1
GGB233000415,H1,59,GGB233001602,37047,금호어울림2차,127.1008,37.161133,1
GGB233000415,H1,60,GGB233001237,37044,호수하우스디,127.097067,37.161117,1
GGB233000415,H1,61,GGB233001111,37037,엘크루아파트,127.09365,37.16115,1
GGB233000415,H1,62,GGB233000176,55753,행복주택28단지,127.093633,37.163967,1
GGB233000415,H1,63,GGB233002066,55590,화남초,127.095517,37.16465,1
GGB233000415,H1,64,GGB233000275,55781,화남초등학교,127.096633,37.163367,1
GGB233000415,H1,65,GGB233001323,36943,꽃가마약수터,127.100933,37.1586,1
GGB233000415,H1,66,GGB233000088,36116,장지지하차도,127.10425,37.157483,1
GGB233000415,H1,67,GGB233002248,55999,동탄2차고지,127.10335,37.155283,1
GGB233000416,H2,1,GGB233000168,36808,장지동농협,127.117933,37.15505,1
GGB233000416,H2,2,GGB233000167,36809,장지동,127.115367,37.15575,1
GGB233000416,H2,3,GGB233001319,37509,한국제지,127.10855,37.15595,1
GGB233000416,H2,4,GGB233000089,36117,장지지하차도,127.105117,37.157483,1
GGB233000416,H2,5,GGB233003163,55560,호수자이파밀리에,127.105917,37.159067,1
GGB233000416,H2,6,GGB233003164,55561,롯데캐슬.제일풍경채,127.109083,37.157417,1
GGB233000416,H2,7,GGB233000973,55685,호반6차.제일풍경채,127.111567,37.15635,1
GGB233000416,H2,8,GGB233003165,55562,호반6차,127.112683,37.157067,1
GGB233000416,H2,9,GGB233002531,55938,서연초,127.1155,37.1588,1
GGB233000416,H2,10,GGB233003168,55565,동탄2아이파크2단지,127.120267,37.16,1
GGB233000416,H2,11,GGB233003167,55564,동탄2아이파크1단지,127.119917,37.161367,1
GGB233000416,H2,12,GGB233003166,55563,레이크반도9차,127.116233,37.162017,1
GGB233000416,H2,13,GGB233002953,37005,서연중고등학교,127.111683,37.161533,1
GGB233000416,H2,14,GGB233000428,55662,금호어울림레이크.우남더테라스,127.108833,37.1619,1
GGB233000416,H2,15,GGB233003127,55523,금호어울림.계룡리슈빌,127.10695,37.1639,1
GGB233000416,H2,16,GGB233001754,55505,아이파크.센트럴시티,127.109317,37.165517,1
GGB233000416,H2,17,GGB233001748,55503,자연앤자이.센트리체,127.1142,37.165733,1
GGB233000416,H2,18,GGB233001710,55501,호수공원행복주택.호수부영6차,127.1174,37.16715,1
GGB233000416,H2,19,GGB233001696,37696,레이크파크뷰,127.119,37.169917,1
GGB233000416,H2,20,GGB233001608,37654,서희스타힐스.단독주택,127.12005,37.173417,1
GGB233000416,H2,21,GGB233000374,55465,창의고,127.122533,37.18185,1
GGB233000416,H2,22,GGB233001614,55489,한신더휴,127.12385,37.18645,1
GGB233000416,H2,23,GGB233001568,36693,베라체아파트,127.12285,37.1905,1
GGB233000416,H2,24,GGB233002421,55340,예솔초.호반2차.대원2차,127.118767,37.196233,1
GGB233000416,H2,25,GGB233000129,36460,신안2차.반도4차,127.11605,37.199983,1
GGB233000416,H2,26,GGB233000980,36459,모아.반도1차아파트,127.11455,37.20205,1
GGB233000416,H2,27,GGB233002516,55070,지산마을,127.112233,37.205217,1
GGB233000416,H2,28,GGB233002429,55305,이주택지.상록.경남아파트,127.110867,37.2071,1
GGB233000416,H2,29,GGB233002430,55306,퍼스트파크.이지더원,127.1085,37.209,1
GGB233000416,H2,30,GGB233002431,55307,동탄2파출소.농협,127.104383,37.2095,1
GGB233000416,H2,31,GGB233001924,55927,동원로얄듀크,127.1025,37.209533,1
GGB233000416,H2,32,GGB233002436,36842,상록.테크노밸리.GS자이,127.098517,37.206517,1
GGB233000416,H2,33,GGB233000130,36447,예미지시그너스.우남퍼스트빌,127.0985,37.20315,1
GGB233000416,H2,34,GGB233003084,55398,동탄역(서측),127.096083,37.199583,1
GGB233000416,H2,35,GGB233001637,37658,린스트라우스.한화,127.098517,37.19625,1
GGB233000416,H2,36,GGB233000998,36502,헤리엇.리베라CC,127.098467,37.190733,1
GGB233000416,H2,37,GGB233000994,36480,공공청사부지,127.099833,37.187033,1
GGB233000416,H2,38,GGB233002496,55404,더샵센트럴시티2차.행복주택,127.091417,37.1869,1
GGB233000416,H2,39,GGB233002498,55405,에일린의뜰.중흥S클래스,127.086933,37.187183,1
GGB233000416,H2,40,GGB233001448,36678,나루마을.월드반도,127.076517,37.1908,1
GGB233000416,H2,41,GGB233001714,37748,신도브레뉴아파트,127.07385,37.192033,1
GGB233000416,H2,42,GGB233001449,36675,쌍용예가,127.0718,37.1935,1
GGB233000416,H2,43,GGB233001450,36680,솔빛마을.화성동탄중앙도서관,127.069633,37.195817,1
GGB233000416,H2,44,GGB233001283,37590,센트럴파크뷰아파트(중),127.06415,37.199433,1
GGB233000416,H2,45,GGB233001285,36686,모아미래도.우림필유.평생학습관(중),127.058267,37.199483,1
GGB233000416,H2,46,GGB233001287,36688,서동탄역.신일해피트리(중),127.053333,37.199367,1
GGB233000416,H2,47,GGB233000068,36381,우남퍼스트빌,127.048533,37.199367,1
GGB233000416,H2,48,GGB233001289,36362,성호아파트,127.0428,37.199683,1
GGB233000416,H2,49,GGB233000098,36349,한일타운아파트,127.037733,37.2003,1
GGB233000416,H2,50,GGB233001920,37935,유앤아이.화성시청소년수련관,127.03435,37.203117,1
GGB233000416,H2,51,GGB233000701,36339,병점역후문,127.031917,37.206833,1
GGB233000416,H2,52,GGB233000950,36337,진안5통.병점육교,127.030883,37.208383,1
GGB233000416,H2,53,GGB233003086,55413,황구지천.송산교앞,127.024617,37.205517,1
GGB233000416,H2,54,GGB233000199,36209,병점아이파크캐슬.성호플레르빌,127.0246,37.201467,1
GGB233000416,H2,55,GGB233000217,36679,새봄초등학교,127.031183,37.201017,1
GGB233000416,H2,56,GGB233000218,36219,병점역아이파크캐슬,127.029633,37.20375,1
GGB233000416,H2,57,GGB233000219,36220,병점복합타운,127.028867,37.20515,1
GGB233000416,H2,58,GGB233000696,36336,진안5통.병점육교,127.030417,37.208617,1
GGB233000416,H2,59,GGB233000695,36338,병점역후문,127.032033,37.20605,1
GGB233000416,H2,60,GGB233001921,37933,유앤아이.화성시청소년수련관,127.034717,37.202317,1
GGB233000416,H2,61,GGB233000097,36348,한일타운아파트,127.03755,37.200233,1
GGB233000416,H2,62,GGB233001290,36364,성호아파트,127.041067,37.199883,1
GGB233000416,H2,63,GGB233001229,37516,우남퍼스트빌,127.04785,37.198917,1
GGB233000416,H2,64,GGB233001288,36689,서동탄역.신일해피트리(중),127.0525,37.1995,1
GGB233000416,H2,65,GGB233001286,36687,모아미래도.우림필유.평생학습관(중),127.057583,37.199267,1
GGB233000416,H2,66,GGB233001644,37589,센트럴파크뷰아파트(중),127.06335,37.1995,1
GGB233000416,H2,67,GGB233001452,37584,새강마을.화성동탄중앙도서관,127.0692,37.195667,1
GGB233000416,H2,68,GGB233001453,37585,새강주공휴먼시아,127.071617,37.193233,1
GGB233000416,H2,69,GGB233001713,37745,나루마을.한화꿈에그린2차,127.07455,37.191317,1
GGB233000416,H2,70,GGB233001454,37586,탄요유적공원,127.076233,37.190617,1
GGB233000416,H2,71,GGB233002499,55410,중흥S클래스.에일린의뜰,127.08675,37.186883,1
GGB233000416,H2,72,GGB233002497,55409,행복주택.동탄경찰서,127.0918,37.186567,1
GGB233000416,H2,73,GGB233000995,36477,의료시설부지,127.100233,37.1876,1
GGB233000416,H2,74,GGB233000999,36501,리베라CC.헤리엇,127.099083,37.190717,1
GGB233000416,H2,75,GGB233000305,36384,그란비아스타,127.0991,37.193367,1
GGB233000416,H2,76,GGB233000978,36466,한화.린스트라우스,127.099083,37.195383,1
GGB233000416,H2,77,GGB233003085,55399,동탄역(동측),127.096283,37.19985,1
GGB233000416,H2,78,GGB233000964,36469,우남퍼스트빌.예미지시그너스,127.0991,37.203367,1
GGB233000416,H2,79,GGB233000121,36463,상록.테크노밸리.GS자이,127.099067,37.208283,1
GGB233000416,H2,80,GGB233000122,36792,센트럴상록.대방디엠시티,127.100033,37.209167,1
GGB233000416,H2,81,GGB233001166,36470,동탄2파출소.농협,127.1049,37.209183,1
GGB233000416,H2,82,GGB233001493,37549,퍼스트파크.이지더원,127.1083,37.208683,1
GGB233000416,H2,83,GGB233001492,37550,상록.경남아파트.이주택지,127.110533,37.206867,1
GGB233000416,H2,84,GGB233001491,37551,반도1차.모아아파트,127.1141,37.201883,1
GGB233000416,H2,85,GGB233000430,55663,반도4차.동탄4동복지센터,127.1154,37.2001,1
GGB233000416,H2,86,GGB233001168,36458,센트럴푸르지오.호반베르디움2차,127.116817,37.198133,1
GGB233000416,H2,87,GGB233000965,36468,청목초.신안1차,127.1194,37.194583,1
GGB233000416,H2,88,GGB233001623,37682,동원로얄듀크2차.목동초,127.123267,37.188667,1
GGB233000416,H2,89,GGB233001620,55490,힐스테이트.호반5차,127.122933,37.184867,1
GGB233000416,H2,90,GGB233000209,55464,창의고,127.122017,37.18175,1
GGB233000416,H2,91,GGB233001572,55488,서희스타힐스.단독주택,127.119533,37.173317,1
GGB233000416,H2,92,GGB233001695,37724,레이크파크뷰,127.118533,37.170033,1
GGB233000416,H2,93,GGB233001699,55500,호수부영6차.호수공원행복주택,127.117033,37.1674,1
GGB233000416,H2,94,GGB233001741,55502,센트리체.자연앤자이,127.1139,37.166033,1
GGB233000416,H2,95,GGB233001753,55504,센트럴시티.아이파크,127.109117,37.165883,1
GGB233000416,H2,96,GGB233003137,55533,계룡리슈빌.금호어울림,127.10645,37.16465,1
GGB233000416,H2,97,GGB233002445,55661,금호어울림레이크.우남더테라스,127.107667,37.162183,1
GGB233000416,H2,98,GGB233002952,37004,서연중고등학교,127.111717,37.161367,1
GGB233000416,H2,99,GGB233003133,55529,레이크반도9차,127.116117,37.1619,1
GGB233000416,H2,100,GGB233003134,55530,동탄2아이파크1단지,127.119467,37.161317,1
GGB233000416,H2,101,GGB233003135,55531,동탄2아이파크2단지,127.120033,37.160033,1
GGB233000416,H2,102,GGB233002584,55939,서연초,127.1161,37.159467,1
GGB233000416,H2,103,GGB233003129,55525,호반6차,127.112517,37.157233,1
GGB233000416,H2,104,GGB233000818,55684,호반6차.제일풍경채,127.111167,37.156533,1
GGB233000416,H2,105,GGB233003130,55526,롯데캐슬.제일풍경채,127.1089,37.157917,1
GGB233000416,H2,106,GGB233003131,55527,호수자이파밀리에,127.106033,37.159217,1
GGB233000416,H2,107,GGB233000088,36116,장지지하차도,127.10425,37.157483,1
GGB233000416,H2,108,GGB233001322,36944,한국제지,127.10855,37.155683,1
GGB233000416,H2,109,GGB233000168,36808,장지동농협,127.117933,37.15505,1
GGB233000417,H10-4,1,GGB233003052,55329,향남시외터미널,126.922067,37.13295,1
GGB233000417,H10-4,2,GGB233002101,37286,화성문화원.향남환승터미널,126.921083,37.132,1
GGB233000417,H10-4,3,GGB233000633,37288,향남읍행정복지센터,126.919117,37.13175,1
GGB233000417,H10-4,4,GGB233001026,37269,화성중앙병원.발안초등학교,126.9115,37.131183,1
GGB233000417,H10-4,5,GGB233000816,37265,발안농협,126.909417,37.12945,1
GGB233000417,H10-4,6,GGB233000388,36875,만세구보건소앞,126.9049,37.128783,1
GGB233000417,H10-4,7,GGB233002694,36628,발안1리경로당,126.90635,37.131133,1
GGB233000417,H10-4,8,GGB233000387,36876,발안만세시장,126.909417,37.1333,1
GGB233000417,H10-4,9,GGB233001558,37270,장짐교차로,126.91095,37.135967,1
GGB233000417,H10-4,10,GGB233000924,37256,화성중고등학교,126.90605,37.137933,1
GGB233000417,H10-4,11,GGB233002356,55238,장짐삼거리,126.901083,37.139633,1
GGB233000417,H10-4,12,GGB233002784,36451,지월리,126.890367,37.1453,1
GGB233000417,H10-4,13,GGB233000925,37234,지월리입구,126.89805,37.145067,1
GGB233000417,H10-4,14,GGB233000546,37240,수목원,126.8992,37.147983,1
GGB233000417,H10-4,15,GGB233001557,37241,구장리새터말입구,126.8992,37.153517,1
GGB233000417,H10-4,16,GGB233000545,36907,구장1리,126.899117,37.155567,1
GGB233000417,H10-4,17,GGB233000521,37252,팔탄초등학교,126.90325,37.159483,1
GGB233000417,H10-4,18,GGB233000516,37254,팔탄면행정복지센터,126.904183,37.162267,1
GGB233000417,H10-4,19,GGB233002510,55387,마곡마을입구,126.900533,37.164167,1
GGB233000417,H10-4,20,GGB233001030,37229,구장삼거리,126.896033,37.168017,1
GGB233000417,H10-4,21,GGB233002052,55003,구장사거리앞,126.89335,37.16975,1
GGB233000417,H10-4,22,GGB233002050,55019,창곡주유소앞,126.890783,37.174633,1
GGB233000417,H10-4,23,GGB233001750,37766,창곡3리.독골,126.8896,37.178117,1
GGB233000417,H10-4,24,GGB233002048,55005,우렁골입구,126.887317,37.181767,1
GGB233000417,H10-4,25,GGB233001752,37772,창곡2리교회앞,126.884617,37.185583,1
GGB233000417,H10-4,26,GGB233002229,55119,창곡1리,126.88415,37.186617,1
GGB233000417,H10-4,27,GGB233000542,37209,금산사입구,126.88335,37.1899,1
GGB233000417,H10-4,28,GGB233002045,55007,언창공단,126.8824,37.193367,1
GGB233000417,H10-4,29,GGB233002168,55126,창곡1리입구,126.881283,37.196067,1
GGB233000417,H10-4,30,GGB233000898,37575,청요사거리,126.880083,37.198267,1
GGB233000417,H10-4,31,GGB233000541,37185,자안리,126.873767,37.204217,1
GGB233000417,H10-4,32,GGB233000361,55823,자안공단,126.871983,37.20655,1
GGB233000417,H10-4,33,GGB233000540,37755,과학화예비군훈련장앞,126.8723,37.216533,1
GGB233000417,H10-4,34,GGB233000539,37188,양노리,126.873967,37.23095,1
GGB233000417,H10-4,35,GGB233000359,55637,비봉면행정복지센터,126.873283,37.235683,1
GGB233000417,H10-4,36,GGB233000721,37186,비봉중고교.비봉면행정복지센터,126.8739,37.236867,1
GGB233000417,H10-4,37,GGB233002039,60018,비봉LH아파트,126.8753,37.243183,1
GGB233000417,H10-4,38,GGB233000263,60020,비봉상업지구,126.873317,37.2465,1
GGB233000417,H10-4,39,GGB233002317,60120,(임시)청연초등학교,126.868233,37.24595,1
GGB233000417,H10-4,40,GGB233002318,60121,(임시)비봉LH5단지,126.865617,37.248067,1
GGB233000417,H10-4,41,GGB233002343,60122,(임시)호반써밋.금강펜테리움,126.86795,37.250183,1
GGB233000417,H10-4,42,GGB233001687,37729,구포리입구,126.87155,37.254267,1
GGB233000417,H10-4,43,GGB233000537,37193,야목리,126.877767,37.26525,1
GGB233000417,H10-4,44,GGB233000173,37276,야목교차로,126.87855,37.26515,1
GGB233000417,H10-4,45,GGB233001832,37872,야목역,126.8842,37.2616,1
GGB233000417,H10-4,46,GGB233002646,37561,야목역,126.884467,37.26175,1
GGB233000417,H10-4,47,GGB233001061,37599,야목리,126.8775,37.265033,1
GGB233000417,H10-4,48,GGB233001834,37874,구포리입구,126.871317,37.254083,1
GGB233000417,H10-4,49,GGB233002348,60123,(임시)호반써밋.금강펜테리움,126.86785,37.25035,1
GGB233000417,H10-4,50,GGB233002350,60124,(임시)비봉LH5단지,126.865417,37.24815,1
GGB233000417,H10-4,51,GGB233002369,60125,(임시)청연초등학교,126.8689,37.246,1
GGB233000417,H10-4,52,GGB233000264,60021,비봉상업지구,126.873167,37.246433,1
GGB233000417,H10-4,53,GGB233002040,60019,비봉LH아파트,126.875233,37.242933,1
GGB233000417,H10-4,54,GGB233002964,55819,비봉면행정복지센터,126.873167,37.235483,1
GGB233000417,H10-4,55,GGB233002446,55380,양노리,126.87375,37.230833,1
GGB233000417,H10-4,56,GGB233000531,37177,과학화예비군훈련장앞,126.8723,37.216267,1
GGB233000417,H10-4,57,GGB233002329,55379,자안공단,126.87185,37.20655,1
GGB233000417,H10-4,58,GGB233000530,37754,자안리,126.873617,37.2041,1
GGB233000417,H10-4,59,GGB233000895,37576,청요사거리,126.8801,37.1977,1
GGB233000417,H10-4,60,GGB233002167,55125,창곡1리입구,126.880917,37.196467,1
GGB233000417,H10-4,61,GGB233002044,55018,언창공단,126.8823,37.193333,1
GGB233000417,H10-4,62,GGB233000529,37208,금산사입구,126.88315,37.19,1
GGB233000417,H10-4,63,GGB233002230,55120,창곡1리,126.883817,37.1874,1
GGB233000417,H10-4,64,GGB233002046,55013,창곡2리교회앞,126.884967,37.184783,1
GGB233000417,H10-4,65,GGB233002047,55006,자재이골입구,126.887233,37.1817,1
GGB233000417,H10-4,66,GGB233001751,37761,창곡3리,126.889717,37.1774,1
GGB233000417,H10-4,67,GGB233002049,55004,창곡주유소앞,126.890683,37.1746,1
GGB233000417,H10-4,68,GGB233002051,55012,구장사거리앞,126.893017,37.169867,1
GGB233000417,H10-4,69,GGB233001031,37228,구장삼거리,126.895917,37.167983,1
GGB233000417,H10-4,70,GGB233002509,55386,마곡마을입구,126.900667,37.163917,1
GGB233000417,H10-4,71,GGB233001029,37253,팔탄면행정복지센터,126.903967,37.162267,1
GGB233000417,H10-4,72,GGB233000517,37251,팔탄초등학교,126.903183,37.159633,1
GGB233000417,H10-4,73,GGB233000923,36803,구장1리(새터말.율암리),126.8989,37.155217,1
GGB233000417,H10-4,74,GGB233002351,55256,구장리새터말입구,126.89905,37.153467,1
GGB233000417,H10-4,75,GGB233000528,37242,수목원,126.899183,37.148467,1
GGB233000417,H10-4,76,GGB233000527,37235,지월리입구,126.897367,37.143817,1
GGB233000417,H10-4,77,GGB233002784,36451,지월리,126.890367,37.1453,1
GGB233000417,H10-4,78,GGB233002357,55239,장짐삼거리,126.901067,37.1395,1
GGB233000417,H10-4,79,GGB233000526,37255,화성중고등학교,126.905933,37.137817,1
GGB233000417,H10-4,80,GGB233001769,37809,장짐교차로.축산농협,126.9109,37.135583,1
GGB233000417,H10-4,81,GGB233001394,36925,발안만세시장,126.90845,37.132567,1
GGB233000417,H10-4,82,GGB233002695,36629,발안1리경로당,126.906233,37.131033,1
GGB233000417,H10-4,83,GGB233000385,36844,만세구보건소앞,126.904933,37.129067,1
GGB233000417,H10-4,84,GGB233001936,37277,발안기업은행,126.91015,37.130283,1
GGB233000417,H10-4,85,GGB233000632,37464,발안초등학교,126.912167,37.131033,1
GGB233000417,H10-4,86,GGB233001023,37289,향남읍행정복지센터,126.91975,37.1315,1
GGB233000417,H10-4,87,GGB233002102,37287,향남환승터미널,126.921567,37.1328,1
GGB233000417,H10-4,88,GGB233003051,55328,향남시외터미널,126.922067,37.133017,1
GGB233000421,H13-5,1,GGB233003052,55329,향남시외터미널,126.922067,37.13295,1
GGB233000421,H13-5,2,GGB233002698,36632,도이2리마을입구,126.941217,37.13905,1
GGB233000421,H13-5,3,GGB233002352,37011,하기등리,126.935817,37.14575,1
GGB233000421,H13-5,4,GGB233002984,55025,화성그린환경센터,126.9362,37.150767,1
GGB233000421,H13-5,5,GGB233001532,55923,에코센터입구,126.938717,37.150133,1
GGB233000421,H13-5,6,GGB233002789,36633,도이2리마을입구,126.9411,37.138933,1
GGB233000421,H13-5,7,GGB233003208,60137,만세구청,126.927383,37.138233,1
GGB233000421,H13-5,8,GGB233002152,55368,만세구청.화성종합경기타운,126.921233,37.136283,1
GGB233000421,H13-5,9,GGB233002109,55083,화성종합운동장,126.920433,37.135133,1
GGB233000421,H13-5,10,GGB233001934,37940,KEB하나은행발안지점,126.910783,37.133367,1
GGB233000421,H13-5,11,GGB233000632,37464,발안초등학교,126.912167,37.131033,1
GGB233000421,H13-5,12,GGB233001023,37289,향남읍행정복지센터,126.91975,37.1315,1
GGB233000421,H13-5,13,GGB233002326,55151,향남홈플러스,126.92235,37.131317,1
GGB233000421,H13-5,14,GGB233001957,37958,대방노블랜드,126.925183,37.130933,1
GGB233000421,H13-5,15,GGB233001852,37895,대방노블랜드.풍림아이원,126.927083,37.130317,1
GGB233000421,H13-5,16,GGB233001853,37896,향남중고등학교,126.926917,37.128933,1
GGB233000421,H13-5,17,GGB233002074,55051,한일베라체.화성파크드림,126.926817,37.127717,1
GGB233000421,H13-5,18,GGB233001854,37897,한일베라체.행정초교,126.924217,37.126017,1
GGB233000421,H13-5,19,GGB233001988,37978,신영지웰아파트,126.9217,37.12605,1
GGB233000421,H13-5,20,GGB233002105,55085,단독주택단지,126.919867,37.124333,1
GGB233000421,H13-5,21,GGB233001109,37280,방축리,126.918367,37.12,1
GGB233000421,H13-5,22,GGB233002411,55286,향남주공1.2단지,126.9159,37.11895,1
GGB233000421,H13-5,23,GGB233001590,55728,향남주공1단지,126.9135,37.119583,1
GGB233000421,H13-5,24,GGB233002413,55288,향남부영3단지,126.911583,37.11895,1
GGB233000421,H13-5,25,GGB233002274,55615,향남부영6단지,126.909333,37.11445,1
GGB233000421,H13-5,26,GGB233002479,55370,하길중학교,126.90815,37.113167,1
GGB233000421,H13-5,27,GGB233002505,55382,향남주공5단지입구,126.905417,37.11415,1
GGB233000421,H13-5,28,GGB233001170,36435,하길초등학교,126.905467,37.116117,1
GGB233000421,H13-5,29,GGB233002468,55369,향남주공5단지,126.908,37.1166,1
GGB233000421,H13-5,30,GGB233002412,55287,향남부영3단지,126.911417,37.118017,1
GGB233000421,H13-5,31,GGB233002410,55285,향남주공1.2단지,126.9145,37.1191,1
GGB233000421,H13-5,32,GGB233000618,37281,방축리,126.918667,37.120033,1
GGB233000421,H13-5,33,GGB233002106,55081,단독주택단지,126.920183,37.12425,1
GGB233000421,H13-5,34,GGB233002023,37999,신영지웰아파트,126.921717,37.125867,1
GGB233000421,H13-5,35,GGB233002024,37998,한일베라채,126.924383,37.125833,1
GGB233000421,H13-5,36,GGB233002073,55053,화성파크드림.한일베라체,126.927017,37.127217,1
GGB233000421,H13-5,37,GGB233002025,37990,향남중고등학교,126.927183,37.128967,1
GGB233000421,H13-5,38,GGB233001956,37957,상록하늘채,126.925233,37.131133,1
GGB233000421,H13-5,39,GGB233002360,55252,향남홈플러스,126.922383,37.131567,1
GGB233000421,H13-5,40,GGB233000633,37288,향남읍행정복지센터,126.919117,37.13175,1
GGB233000421,H13-5,41,GGB233001026,37269,화성중앙병원.발안초등학교,126.9115,37.131183,1
GGB233000421,H13-5,42,GGB233001565,37625,발안사거리.평리,126.910533,37.131717,1
GGB233000421,H13-5,43,GGB233001864,37912,발안삼거리,126.91145,37.134767,1
GGB233000421,H13-5,44,GGB233002151,55098,만세구청.화성종합경기타운,126.921617,37.136317,1
GGB233000421,H13-5,45,GGB233003209,60138,만세구청,126.927283,37.138217,1
GGB233000421,H13-5,46,GGB233002698,36632,도이2리마을입구,126.941217,37.13905,1
GGB233000421,H13-5,47,GGB233002083,55049,화성그린환경센터,126.936383,37.1508,1
GGB233000421,H13-5,48,GGB233001970,37009,하기등리,126.9357,37.145683,1
GGB233000421,H13-5,49,GGB233002789,36633,도이2리마을입구,126.9411,37.138933,1
GGB233000421,H13-5,50,GGB233001020,37310,관리고개,126.94055,37.134183,1
GGB233000421,H13-5,51,GGB233003051,55328,향남시외터미널,126.922067,37.133017,1
GGB233000422,H13-7,1,GGB233003052,55329,향남시외터미널,126.922067,37.13295,1
GGB233000422,H13-7,2,GGB233002109,55083,화성종합운동장,126.920433,37.135133,1
GGB233000422,H13-7,3,GGB233001934,37940,KEB하나은행발안지점,126.910783,37.133367,1
GGB233000422,H13-7,4,GGB233000817,37268,발안사거리.평리,126.91025,37.131533,1
GGB233000422,H13-7,5,GGB233000816,37265,발안농협,126.909417,37.12945,1
GGB233000422,H13-7,6,GGB233001936,37277,발안기업은행,126.91015,37.130283,1
GGB233000422,H13-7,7,GGB233000632,37464,발안초등학교,126.912167,37.131033,1
GGB233000422,H13-7,8,GGB233001023,37289,향남읍행정복지센터,126.91975,37.1315,1
GGB233000422,H13-7,9,GGB233002326,55151,향남홈플러스,126.92235,37.131317,1
GGB233000422,H13-7,10,GGB233001957,37958,대방노블랜드,126.925183,37.130933,1
GGB233000422,H13-7,11,GGB233002242,55129,한국아델리움.풍림아이원,126.928,37.130617,1
GGB233000422,H13-7,12,GGB233001711,37689,백토리상공회의소,126.9304,37.130533,1
GGB233000422,H13-7,13,GGB233001906,36605,화성시남부노인복지관입구,126.936033,37.128567,1
GGB233000422,H13-7,14,GGB233001951,37980,안골목장,126.93965,37.121617,1
GGB233000422,H13-7,15,GGB233001239,36800,향남초등학교,126.942267,37.118767,1
GGB233000422,H13-7,16,GGB233000623,36748,백토리사거리,126.943817,37.1176,1
GGB233000422,H13-7,17,GGB233000622,37383,백토1리,126.950267,37.116567,1
GGB233000422,H13-7,18,GGB233000621,36749,한미공조앞,126.956017,37.1177,1
GGB233000422,H13-7,19,GGB233002513,55390,길성리입구,126.95855,37.11815,1
GGB233000422,H13-7,20,GGB233000012,37378,요리공단,126.961383,37.116633,1
GGB233000422,H13-7,21,GGB233000254,37790,요리윗말입구,126.9641,37.1123,1
GGB233000422,H13-7,22,GGB233000680,36467,요리중말,126.965667,37.11045,1
GGB233000422,H13-7,23,GGB233000011,37380,요꼴마을회관,126.967283,37.1093,1
GGB233000422,H13-7,24,GGB233001325,37377,사창2리.요골,126.9712,37.107333,1
GGB233000422,H13-7,25,GGB233001084,36780,요꼴낚시터,126.975617,37.1132,1
GGB233000422,H13-7,26,GGB233000016,36202,까치고개,126.978483,37.114917,1
GGB233000422,H13-7,27,GGB233001080,37341,배밭,126.98255,37.116967,1
GGB233000422,H13-7,28,GGB233001076,37346,송산리입구.부처내고개,126.9909,37.11905,1
GGB233000422,H13-7,29,GGB233001073,37350,원슈퍼.삼거리,126.994483,37.12245,0
GGB233000422,H13-7,30,GGB233000031,36278,부처내,126.996567,37.12265,1
GGB233000422,H13-7,31,GGB233000946,37351,부처내,126.9967,37.122783,1
GGB233000422,H13-7,32,GGB233001072,37349,삼거리.원슈퍼.원마트,126.99415,37.122317,1
GGB233000422,H13-7,33,GGB233001075,37345,송산리입구.부처내고개,126.99065,37.119033,1
GGB233000422,H13-7,34,GGB233001079,37340,배밭,126.9828,37.117317,1
GGB233000422,H13-7,35,GGB233001082,36201,까치고개,126.9788,37.115083,1
GGB233000422,H13-7,36,GGB233001083,36781,요꼴낚시터,126.975683,37.113433,1
GGB233000422,H13-7,37,GGB233002651,37618,사창2리.요골,126.971233,37.107417,1
GGB233000422,H13-7,38,GGB233001240,37569,요리,126.967433,37.1092,1
GGB233000422,H13-7,39,GGB233000683,36471,요리중말,126.965933,37.11045,1
GGB233000422,H13-7,40,GGB233000253,37788,요리윗말입구,126.9642,37.112267,1
GGB233000422,H13-7,41,GGB233001210,37379,요리공단,126.961467,37.116683,1
GGB233000422,H13-7,42,GGB233002514,55391,길성리입구,126.958583,37.11825,1
GGB233000422,H13-7,43,GGB233001241,36833,현대공조,126.955917,37.117767,1
GGB233000422,H13-7,44,GGB233000626,37382,백토1리,126.95015,37.116683,1
GGB233000422,H13-7,45,GGB233000625,37465,백토1리,126.943867,37.1177,1
GGB233000422,H13-7,46,GGB233000624,36747,향남초등학교,126.942483,37.118683,1
GGB233000422,H13-7,47,GGB233001952,37981,안골목장,126.939483,37.122767,1
GGB233000422,H13-7,48,GGB233001906,36605,화성시남부노인복지관입구,126.936033,37.128567,1
GGB233000422,H13-7,49,GGB233001389,37545,백토리상공회의소,126.930267,37.130683,1
GGB233000422,H13-7,50,GGB233001022,37303,한국아델리움.풍림아이원,126.928017,37.130817,1
GGB233000422,H13-7,51,GGB233001956,37957,상록하늘채,126.925233,37.131133,1
GGB233000422,H13-7,52,GGB233002360,55252,향남홈플러스,126.922383,37.131567,1
GGB233000422,H13-7,53,GGB233000633,37288,향남읍행정복지센터,126.919117,37.13175,1
GGB233000422,H13-7,54,GGB233001026,37269,화성중앙병원.발안초등학교,126.9115,37.131183,1
GGB233000422,H13-7,55,GGB233001565,37625,발안사거리.평리,126.910533,37.131717,1
GGB233000422,H13-7,56,GGB233001864,37912,발안삼거리,126.91145,37.134767,1
GGB233000422,H13-7,57,GGB233003051,55328,향남시외터미널,126.922067,37.133017,1
GGB233000424,208,1,GGB233001447,36676,동탄국제고등학교,127.079467,37.189017,1
GGB233000424,208,2,GGB233001960,37661,반석초등학교,127.077467,37.1934,1
GGB233000424,208,3,GGB233001640,37662,동탄2동행정복지센터,127.0726,37.19715,1
GGB233000424,208,4,GGB233001734,37852,복합문화센터,127.0711,37.201117,1
GGB233000424,208,5,GGB233002093,36995,동탄파라곤,127.07135,37.204033,1
GGB233000424,208,6,GGB233001679,37694,동탄1동행정복지센터.헌혈의집,127.072567,37.20665,1
GGB233000424,208,7,GGB233001971,37988,신일유토빌,127.07435,37.2072,1
GGB233000424,208,8,GGB233003121,55517,반도유보라6차,127.091,37.204583,1
GGB233000424,208,9,GGB233003084,55398,동탄역(서측),127.096083,37.199583,1
GGB233000424,208,10,GGB233001637,37658,린스트라우스.한화,127.098517,37.19625,1
GGB233000424,208,11,GGB233000998,36502,헤리엇.리베라CC,127.098467,37.190733,1
GGB233000424,208,12,GGB233001813,55508,신리천리베라마을,127.10235,37.1858,1
GGB233000424,208,13,GGB233001851,55510,신리천공원,127.1107,37.183333,1
GGB233000424,208,14,GGB233001785,55506,의료복합,127.11545,37.183383,1
GGB233000424,208,15,GGB233000184,55704,힐스테이트동탄,127.120483,37.1829,1
GGB233000424,208,16,GGB233001879,55512,호반5차.르파비스,127.123733,37.182267,1
GGB233000424,208,17,GGB233003188,55957,동탄아테라파밀리에,127.132733,37.183417,1
GGB233000424,208,18,GGB233003189,55958,동탄숨마데시앙,127.133867,37.181833,1
GGB233000424,208,19,GGB233000355,55817,동탄9동행정복지센터,127.138,37.179983,1
GGB233000424,208,20,GGB233002277,55934,(임시)e편한세상동탄파크아너스,127.146217,37.176117,1
GGB233000424,208,21,GGB233000356,55818,동탄9동행정복지센터,127.137733,37.180267,1
GGB233000424,208,22,GGB233000001,55955,동탄숨마데시앙,127.134217,37.181867,1
GGB233000424,208,23,GGB233003187,55956,동탄아테라파밀리에,127.132967,37.183533,1
GGB233000424,208,24,GGB233003204,55965,현민초등학교,127.128717,37.181533,1
GGB233000424,208,25,GGB233001880,55513,호반5차.르파비스,127.123617,37.1826,1
GGB233000424,208,26,GGB233002057,55027,힐스테이트동탄,127.120717,37.183133,1
GGB233000424,208,27,GGB233001861,55511,의료복합,127.1133,37.183633,1
GGB233000424,208,28,GGB233001821,55509,신리천,127.107083,37.184233,1
GGB233000424,208,29,GGB233001798,55507,신리천리베라마을,127.101667,37.186267,1
GGB233000424,208,30,GGB233000995,36477,의료시설부지,127.100233,37.1876,1
GGB233000424,208,31,GGB233000999,36501,리베라CC.헤리엇,127.099083,37.190717,1
GGB233000424,208,32,GGB233000305,36384,그란비아스타,127.0991,37.193367,1
GGB233000424,208,33,GGB233000978,36466,한화.린스트라우스,127.099083,37.195383,1
GGB233000424,208,34,GGB233003085,55399,동탄역(동측),127.096283,37.19985,1
GGB233000424,208,35,GGB233003120,55516,반도유보라6차,127.09085,37.204867,1
GGB233000424,208,36,GGB233002565,37700,라마다호텔,127.074833,37.2058,1
GGB233000424,208,37,GGB233002092,36994,동탄파라곤,127.070983,37.204033,1
GGB233000424,208,38,GGB233001968,37666,롯데캐슬.복합문화센터,127.070767,37.201233,1
GGB233000424,208,39,GGB233001639,37671,동탄2동행정복지센터,127.072883,37.196417,1
GGB233000424,208,40,GGB233001961,37669,반송고등학교,127.077383,37.193217,1
GGB233000424,208,41,GGB233001455,36677,동탄국제고등학교,127.079183,37.189067,1
GGB233000425,동탄역1(출근),1,GGB233002173,55606,LH1단지.한양수자인,127.1148,37.2169,1
GGB233000425,동탄역1(출근),2,GGB233002187,55612,파크푸르지오.한양수자인,127.112717,37.21675,1
GGB233000425,동탄역1(출근),3,GGB233002060,55030,늘봄초교.파크푸르지오,127.111183,37.216367,1
GGB233000425,동탄역1(출근),4,GGB233000183,55755,현대트랜시스.동원4차,127.105533,37.216867,1
GGB233000425,동탄역1(출근),5,GGB233003125,55521,동탄테크노밸리,127.098817,37.212283,1
GGB233000425,동탄역1(출근),6,GGB233002436,36842,상록.테크노밸리.GS자이,127.098517,37.206517,1
GGB233000425,동탄역1(출근),7,GGB233000130,36447,예미지시그너스.우남퍼스트빌,127.0985,37.20315,1
GGB233000425,동탄역1(출근),8,GGB233003084,55398,동탄역(서측),127.096083,37.199583,1
GGB233000426,6012,1,GGB233001448,36678,나루마을.월드반도,127.076517,37.1908,1
GGB233000426,6012,2,GGB277102522,,새강마을사거리(미정차),127.072417,37.193033,1
GGB233000426,6012,3,GGB233001450,36680,솔빛마을.화성동탄중앙도서관,127.069633,37.195817,1
GGB233000426,6012,4,GGB233001224,36664,다은마을(중),127.067583,37.199983,1
GGB233000426,6012,5,GGB233001219,36667,메타폴리스(중),127.067517,37.203733,1
GGB233000426,6012,6,GGB233001562,36668,한빛마을(중),127.06905,37.207667,1
GGB233000426,6012,7,GGB233001281,36672,예당마을.롯데캐슬(중),127.072067,37.21095,1
GGB233000426,6012,8,GGB277101908,,기흥동탄TG(미정차),127.091567,37.21655,1
GGB233000426,6012,9,GGB277102660,,기흥휴게소(미정차),127.106617,37.23525,0
GGB233000426,6012,10,GGB277103363,,수원신갈IC(미정차),127.104,37.2657,0
GGB233000426,6012,11,GGB277103361,,신갈JC(미정차),127.103867,37.289667,0
GGB233000426,6012,12,GGB277103443,,죽전(미정차),127.103817,37.326633,0
GGB233000426,6012,13,GGB277102630,,금곡(미정차),127.10355,37.349767,0
GGB233000426,6012,14,GGB277103386,,서울TG(미정차),127.104333,37.364967,0
GGB233000426,6012,15,GGB277104184,,판교진입(미정차),127.101733,37.393817,0
GGB233000426,6012,16,GGB206000577,7552,화랑공원동편,127.1072,37.396933,0
GGB233000426,6012,17,GGB206000539,7495,금토천교,127.106033,37.4013,0
GGB233000426,6012,18,GGB277104655,,삼평사거리(미정차),127.112717,37.3996,0
GGB233000426,6012,19,GGB206000637,7570,판교역동편,127.1127,37.395383,0
GGB233000426,6012,20,GGB277104185,,판교출입(미정차),127.101983,37.392067,0
GGB233000426,6012,21,GGB277103385,,서울TG(미정차),127.1026,37.36535,0
GGB233000426,6012,22,GGB277102104,,금곡(미정차),127.103117,37.350367,0
GGB233000426,6012,23,GGB277103442,,죽전(미정차),127.10315,37.3266,0
GGB233000426,6012,24,GGB277103360,,신갈JC(미정차),127.10345,37.290433,0
GGB233000426,6012,25,GGB277103362,,수원신갈IC(미정차),127.103533,37.266817,0
GGB233000426,6012,26,GGB277102621,,기흥휴게소(미정차),127.106183,37.235117,0
GGB233000426,6012,27,GGB277101884,,기흥동탄TG(미정차),127.0917,37.216983,1
GGB233000426,6012,28,GGB233001282,37587,예당마을.롯데캐슬(중),127.073,37.21175,1
GGB233000426,6012,29,GGB233001216,36841,한빛마을.석우중학교(중),127.069267,37.208217,1
GGB233000426,6012,30,GGB233001218,36666,메타폴리스(중),127.067483,37.204267,1
GGB233000426,6012,31,GGB233001220,37693,다은마을(중),127.06735,37.200383,1
GGB233000426,6012,32,GGB233001452,37584,새강마을.화성동탄중앙도서관,127.0692,37.195667,1
GGB233000426,6012,33,GGB233001713,37745,나루마을.한화꿈에그린2차,127.07455,37.191317,1
GGB233000441,5101,1,GGB233001999,37973,현대기아연구소,126.818267,37.1612,1
GGB233000441,5101,2,GGB277102091,,장덕동(미정차),126.8182,37.167667,1
GGB233000441,5101,3,GGB277100614,,남양로진입(미정차),126.812583,37.1708,1
GGB233000441,5101,4,GGB233002009,55061,신남3리,126.814583,37.175967,1
GGB233000441,5101,5,GGB233000343,55812,남양읍행정복지센터.서희스타힐스,126.821867,37.19285,1
GGB233000441,5101,6,GGB233000187,36805,기산베스트빌,126.822683,37.19545,1
GGB233000441,5101,7,GGB233000188,36804,남양뉴타운.양우내안애,126.824367,37.202283,1
GGB233000441,5101,8,GGB233003108,55435,남양동광뷰엘,126.829983,37.208483,1
GGB233000441,5101,9,GGB233001975,36742,남양뉴타운4단지,126.832967,37.210117,1
GGB233000441,5101,10,GGB233000726,36043,북양1리.염티고개,126.840217,37.222117,1
GGB233000441,5101,11,GGB233000725,37153,양노3리,126.85795,37.226633,1
GGB233000441,5101,12,GGB277104306,,양노IC(미정차),126.8612,37.232617,1
GGB233000441,5101,13,GGB277104308,,백학IC(미정차),126.87945,37.231483,1
GGB233000441,5101,14,GGB277104310,,화성비봉(미정차),126.904433,37.232583,1
GGB233000441,5101,15,GGB277104312,,샘내IC(미정차),126.936567,37.243283,1
GGB233000441,5101,16,GGB277103520,,호매실IC(미정차),126.9485,37.261917,0
GGB233000441,5101,17,GGB277103528,,서수원IC(미정차),126.952283,37.292917,0
GGB233000441,5101,18,GGB277103317,,월암IC(미정차),126.96215,37.302683,0
GGB233000441,5101,19,GGB277103315,,의왕신부곡IC(미정차),126.9683,37.33245,0
GGB233000441,5101,20,GGB226000039,27113,의왕톨게이트,126.985,37.3471,0
GGB233000441,5101,21,GGB277103221,,의왕터널진입(미정차),126.998417,37.358917,0
GGB233000441,5101,22,GGB277103159,,학의JC(미정차),127.001583,37.38705,0
GGB233000441,5101,23,GGB277103200,,과천터널진입(미정차),127.00175,37.40185,0
GGB233000441,5101,24,GGB277103203,,과천IC(미정차),126.99665,37.421683,0
GGB233000441,5101,25,GGB277103205,,대공원고가교(미정차),127.000667,37.438183,0
GGB233000441,5101,26,GGB277103903,,서울진입(미정차),126.988117,37.462383,0
GGB233000441,5101,27,GGB120000671,,남태령역(중),126.988067,37.465883,0
GGB233000441,5101,28,GGB277103902,,사당IC출입(미정차),126.9843,37.47035,0
GGB233000441,5101,29,GGB121001315,,사당역(중),126.982017,37.4743,0
GGB233000441,5101,30,GGB121000532,,총신대입구역.남성사계시장입구앞(중),126.982333,37.4876,0
GGB233000441,5101,31,GGB277103535,,이수교차로(미정차),126.983517,37.501083,0
GGB233000441,5101,32,GGB102000169,73089,이촌역,126.9739,37.5227,0
GGB233000441,5101,33,GGB102000003,,신용산역(중),126.9662,37.527283,0
GGB233000441,5101,34,GGB102000007,,삼각지역(중),126.974,37.5353,0
GGB233000441,5101,35,GGB102000009,,숙대입구역(중),126.972533,37.543333,0
GGB233000441,5101,36,GGB101000004,72098,서울역버스환승센터,126.9725,37.555517,0
GGB233000441,5101,37,GGB102000010,,숙대입구역(중),126.972233,37.5438,0
GGB233000441,5101,38,GGB102000008,,삼각지역(중),126.97415,37.536017,0
GGB233000441,5101,39,GGB102000165,,용산역사박물관.용산철도고등학교,126.966017,37.525633,0
GGB233000441,5101,40,GGB102000170,73105,이촌역,126.97325,37.522567,0
GGB233000441,5101,41,GGB119000286,,총신대입구역.남성사계시장입구앞(중),126.982233,37.48825,0
GGB233000441,5101,42,GGB119900083,,사당역10번출구,126.981483,37.478517,0
GGB233000441,5101,43,GGB277102049,,남현동(미정차),126.9849,37.469117,0
GGB233000441,5101,44,GGB277102291,,과천진입(미정차),126.987667,37.459033,0
GGB233000441,5101,45,GGB277103204,,대공원고가교(미정차),127.00005,37.438283,0
GGB233000441,5101,46,GGB277103202,,과천IC(미정차),126.99615,37.422133,0
GGB233000441,5101,47,GGB277103201,,과천터널진입(미정차),126.994883,37.408017,0
GGB233000441,5101,48,GGB277103158,,학의JC(미정차),127.001517,37.387667,0
GGB233000441,5101,49,GGB277103220,,의왕터널진입(미정차),126.999233,37.365667,0
GGB233000441,5101,50,GGB226000038,27112,의왕톨게이트,126.9845,37.348517,0
GGB233000441,5101,51,GGB277103314,,의왕신부곡IC(미정차),126.968217,37.332683,0
GGB233000441,5101,52,GGB277103316,,월암IC(미정차),126.961967,37.302833,0
GGB233000441,5101,53,GGB277103527,,서수원IC(미정차),126.952367,37.293533,0
GGB233000441,5101,54,GGB277103519,,호매실IC(미정차),126.9482,37.262267,0
GGB233000441,5101,55,GGB277104313,,샘내IC(미정차),126.9369,37.2438,1
GGB233000441,5101,56,GGB277104311,,화성비봉(미정차),126.904217,37.232867,1
GGB233000441,5101,57,GGB277104309,,백학IC(미정차),126.880083,37.231767,1
GGB233000441,5101,58,GGB277104307,,양노IC(미정차),126.861467,37.233717,1
GGB233000441,5101,59,GGB233003082,55393,양노3리,126.8582,37.227283,1
GGB233000441,5101,60,GGB233000772,36042,북양1리.염티고개,126.839133,37.222233,1
GGB233000441,5101,61,GGB233003107,55434,남양뉴타운4단지,126.8324,37.210583,1
GGB233000441,5101,62,GGB233003109,55436,남양동광뷰엘,126.830083,37.208817,1
GGB233000441,5101,63,GGB233002159,36024,양우내안애,126.823383,37.202783,1
GGB233000441,5101,64,GGB233000369,36838,기산베스트빌,126.8224,37.1956,1
GGB233000441,5101,65,GGB233000342,55811,남양읍행정복지센터.서희스타힐스,126.821567,37.192783,1
GGB233000441,5101,66,GGB233002008,55058,신남3리,126.8146,37.176283,1
GGB233000441,5101,67,GGB233001999,37973,현대기아연구소,126.818267,37.1612,1
GGB233000444,H404-1,1,GGB233002708,55681,화성의과학대학교,126.839617,37.203267,1
GGB233000444,H404-1,2,GGB233000383,55825,남양뉴타운19.20단지,126.841383,37.203417,1
GGB233000444,H404-1,3,GGB233000368,55824,남양뉴타운20.19단지,126.8416,37.203517,1
GGB233000444,H404-1,4,GGB233000597,55675,화성의과학대학교입구,126.838533,37.204567,1
GGB233000444,H404-1,5,GGB233003024,55683,남양뉴타운9단지,126.834433,37.209633,1
GGB233000444,H404-1,6,GGB233000138,36431,남양뉴타운1단지,126.83275,37.208767,1
GGB233000444,H404-1,7,GGB233000163,36506,남양아이파크,126.833467,37.205417,1
GGB233000444,H404-1,8,GGB233001000,36507,화성시청후문,126.828867,37.200133,1
GGB233000444,H404-1,9,GGB233001943,36002,남양뉴타운.상가단지,126.825817,37.200917,1
GGB233000444,H404-1,10,GGB233000188,36804,남양뉴타운.양우내안애,126.824367,37.202283,1
GGB233000444,H404-1,11,GGB233003110,55437,남양고,126.82565,37.205733,1
GGB233000444,H404-1,12,GGB233003108,55435,남양동광뷰엘,126.829983,37.208483,1
GGB233000444,H404-1,13,GGB233001975,36742,남양뉴타운4단지,126.832967,37.210117,1
GGB233000444,H404-1,14,GGB233000886,55677,시티프라디움4차.현장민원실,126.8326,37.213733,1
GGB233000444,H404-1,15,GGB233001404,36719,유일병원,126.8323,37.217217,1
GGB233000444,H404-1,16,GGB233000727,36035,북양1리.봉림사,126.8321,37.21925,1
GGB233000444,H404-1,17,GGB233000726,36043,북양1리.염티고개,126.840217,37.222117,1
GGB233000444,H404-1,18,GGB233000725,37153,양노3리,126.85795,37.226633,1
GGB233000444,H404-1,19,GGB233002118,55087,양노리,126.859967,37.228667,1
GGB233000444,H404-1,20,GGB233000724,37162,삼화리,126.863717,37.2362,1
GGB233000444,H404-1,21,GGB233000723,37169,천산아파트,126.865983,37.236467,1
GGB233000444,H404-1,22,GGB233000722,37171,비봉초등학교후문,126.868233,37.236217,1
GGB233000444,H404-1,23,GGB233000721,37186,비봉중고교.비봉면행정복지센터,126.8739,37.236867,1
GGB233000444,H404-1,24,GGB233002039,60018,비봉LH아파트,126.8753,37.243183,1
GGB233000444,H404-1,25,GGB233000263,60020,비봉상업지구,126.873317,37.2465,1
GGB233000444,H404-1,26,GGB233002317,60120,(임시)청연초등학교,126.868233,37.24595,1
GGB233000444,H404-1,27,GGB233002318,60121,(임시)비봉LH5단지,126.865617,37.248067,1
GGB233000444,H404-1,28,GGB233002343,60122,(임시)호반써밋.금강펜테리움,126.86795,37.250183,1
GGB233000444,H404-1,29,GGB233001687,37729,구포리입구,126.87155,37.254267,1
GGB233000444,H404-1,30,GGB233000537,37193,야목리,126.877767,37.26525,1
GGB233000444,H404-1,31,GGB233000173,37276,야목교차로,126.87855,37.26515,1
GGB233000444,H404-1,32,GGB233001832,37872,야목역,126.8842,37.2616,1
GGB233000444,H404-1,33,GGB233001275,37218,야목1리,126.892567,37.257117,1
GGB233000444,H404-1,34,GGB233002761,37180,야목1리,126.897283,37.254933,1
GGB233000444,H404-1,35,GGB233003011,60111,숙곡리삼거리,126.904017,37.25305,1
GGB233000444,H404-1,36,GGB233000180,37264,매송면행정복지센터,126.910083,37.252533,1
GGB233000444,H404-1,37,GGB233002149,55106,어천저수지,126.914783,37.251233,1
GGB233000444,H404-1,38,GGB233000717,37290,51사단,126.9209,37.250867,1
GGB233000444,H404-1,39,GGB233000716,37295,원평,126.923633,37.25005,1
GGB233000444,H404-1,40,GGB233000059,36020,원평사거리,126.925217,37.249367,1
GGB233000444,H404-1,41,GGB233002464,55325,원평2리입구.은혜교회,126.92535,37.239017,1
GGB233000444,H404-1,42,GGB233000273,55779,내리,126.9244,37.237017,1
GGB233000444,H404-1,43,GGB233002465,55326,덕고개길,126.925317,37.233183,1
GGB233000444,H404-1,44,GGB233001427,36595,봉담자이프라이드시티,126.927033,37.225967,1
GGB233000444,H404-1,45,GGB233001459,36597,힐스테이트봉담프라이드시티,126.92495,37.2239,1
GGB233000444,H404-1,46,GGB233001468,36598,봉담자이프라이드시티,126.927117,37.225767,1
GGB233000444,H404-1,47,GGB233001336,36783,내리사거리,126.931617,37.22685,1
GGB233000444,H404-1,48,GGB233000967,36585,신수리,126.93555,37.226383,1
GGB233000444,H404-1,49,GGB233000787,36118,삼봉마을.신안인스빌,126.945917,37.217817,1
GGB233000444,H404-1,50,GGB233000786,36122,봉담읍행정복지센터,126.94965,37.220333,1
GGB233000444,H404-1,51,GGB233002217,55139,국민체육센터,126.952217,37.221067,1
GGB233000444,H404-1,52,GGB233001661,37883,봉담중.고등학교,126.953867,37.219333,1
GGB233000444,H404-1,53,GGB233001660,37763,상봉초등학교,126.953717,37.21825,1
GGB233000444,H404-1,54,GGB233001617,37681,동문아파트.협성대학교.봉담중고교,126.952383,37.217383,1
GGB233000444,H404-1,55,GGB233002053,55588,한신아파트,126.950883,37.216317,1
GGB233000444,H404-1,56,GGB233002485,55568,봉담한신아파트후문,126.9492,37.215667,1
GGB233000444,H404-1,57,GGB233002757,55641,장안대후문,126.9463,37.21635,1
GGB233000444,H404-1,58,GGB233001883,36604,신수리,126.935683,37.226583,1
GGB233000444,H404-1,59,GGB233001059,36070,내리사거리,126.9318,37.227033,1
GGB233000444,H404-1,60,GGB233001427,36595,봉담자이프라이드시티,126.927033,37.225967,1
GGB233000444,H404-1,61,GGB233001459,36597,힐스테이트봉담프라이드시티,126.92495,37.2239,1
GGB233000444,H404-1,62,GGB233001468,36598,봉담자이프라이드시티,126.927117,37.225767,1
GGB233000444,H404-1,63,GGB233002480,55327,덕고개길,126.925583,37.23295,1
GGB233000444,H404-1,64,GGB233000274,55780,내리,126.924383,37.236367,1
GGB233000444,H404-1,65,GGB233002463,55324,원평2리입구,126.925633,37.239383,1
GGB233000444,H404-1,66,GGB233000055,36017,원평사거리,126.9249,37.2496,1
GGB233000444,H404-1,67,GGB233000846,37299,원평,126.923217,37.250367,1
GGB233000444,H404-1,68,GGB233000845,37291,51사단,126.920867,37.250967,1
GGB233000444,H404-1,69,GGB233002150,55107,어천저수지,126.914783,37.25135,1
GGB233000444,H404-1,70,GGB233000179,37263,매송면행정복지센터,126.90985,37.252683,1
GGB233000444,H404-1,71,GGB233003010,60110,숙곡리삼거리,126.904567,37.253267,1
GGB233000444,H404-1,72,GGB233001272,37236,야목1리,126.897567,37.254883,1
GGB233000444,H404-1,73,GGB233003019,37178,야목1리,126.892583,37.257233,1
GGB233000444,H404-1,74,GGB233002646,37561,야목역,126.884467,37.26175,1
GGB233000444,H404-1,75,GGB233001061,37599,야목리,126.8775,37.265033,1
GGB233000444,H404-1,76,GGB233001834,37874,구포리입구,126.871317,37.254083,1
GGB233000444,H404-1,77,GGB233002348,60123,(임시)호반써밋.금강펜테리움,126.86785,37.25035,1
GGB233000444,H404-1,78,GGB233002350,60124,(임시)비봉LH5단지,126.865417,37.24815,1
GGB233000444,H404-1,79,GGB233002369,60125,(임시)청연초등학교,126.8689,37.246,1
GGB233000444,H404-1,80,GGB233000264,60021,비봉상업지구,126.873167,37.246433,1
GGB233000444,H404-1,81,GGB233002040,60019,비봉LH아파트,126.875233,37.242933,1
GGB233000444,H404-1,82,GGB233000778,37183,비봉중고교.비봉면행정복지센터,126.873217,37.236717,1
GGB233000444,H404-1,83,GGB233000777,37170,비봉초등학교후문.삼화3리,126.86815,37.236317,1
GGB233000444,H404-1,84,GGB233000776,37168,천산아파트,126.865967,37.23655,1
GGB233000444,H404-1,85,GGB233000774,37161,삼화리.천산아파트,126.862933,37.2361,1
GGB233000444,H404-1,86,GGB233000773,37154,양노리,126.859567,37.228767,1
GGB233000444,H404-1,87,GGB233003082,55393,양노3리,126.8582,37.227283,1
GGB233000444,H404-1,88,GGB233000772,36042,북양1리.염티고개,126.839133,37.222233,1
GGB233000444,H404-1,89,GGB233000771,37776,북양1리,126.8318,37.218983,1
GGB233000444,H404-1,90,GGB233000966,55678,남양뉴타운입구,126.83215,37.2147,1
GGB233000444,H404-1,91,GGB233001946,55928,현장민원실.시티프라디움4차,126.832283,37.212533,1
GGB233000444,H404-1,92,GGB233003107,55434,남양뉴타운4단지,126.8324,37.210583,1
GGB233000444,H404-1,93,GGB233003109,55436,남양동광뷰엘,126.830083,37.208817,1
GGB233000444,H404-1,94,GGB233000434,55674,남양고,126.825783,37.206,1
GGB233000444,H404-1,95,GGB233002159,36024,양우내안애,126.823383,37.202783,1
GGB233000444,H404-1,96,GGB233001828,36001,남양뉴타운.현대2차,126.825517,37.200717,1
GGB233000444,H404-1,97,GGB233001001,36510,화성시청후문,126.829117,37.199967,1
GGB233000444,H404-1,98,GGB233001503,36738,남양아이파크,126.833733,37.20625,1
GGB233000444,H404-1,99,GGB233003106,55433,남양뉴타운1단지,126.833267,37.208517,1
GGB233000444,H404-1,100,GGB233003023,55682,남양뉴타운9단지,126.83505,37.209383,1
GGB233000444,H404-1,101,GGB233000856,55676,화성의과학대학교입구,126.8385,37.204283,1
GGB233000444,H404-1,102,GGB233000383,55825,남양뉴타운19.20단지,126.841383,37.203417,1
GGB233000444,H404-1,103,GGB233000368,55824,남양뉴타운20.19단지,126.8416,37.203517,1
GGB233000444,H404-1,104,GGB233003219,55979,화성의과학대학교,126.839483,37.203433,1
GGB233000452,동탄역10,1,GGB233003085,55399,동탄역(동측),127.096283,37.19985,1
GGB233000452,동탄역10,2,GGB233000964,36469,우남퍼스트빌.예미지시그너스,127.0991,37.203367,1
GGB233000452,동탄역10,3,GGB233000121,36463,상록.테크노밸리.GS자이,127.099067,37.208283,1
GGB233000452,동탄역10,4,GGB233000063,36033,동원.다원중,127.103583,37.212133,1
GGB233000452,동탄역10,5,GGB233000141,36454,영천1동,127.094233,37.215233,1
GGB233000452,동탄역10,6,GGB233002264,55613,동탄첨단산업지구,127.092633,37.211,1
GGB233000452,동탄역10,7,GGB233002443,55315,한미약품.푸르지오,127.091617,37.2095,1
GGB233000452,동탄역10,8,GGB233000144,36455,영천1동,127.094517,37.215183,1
GGB233000452,동탄역10,9,GGB233001902,37073,동원.다원중,127.103267,37.211783,1
GGB233000452,동탄역10,10,GGB233002436,36842,상록.테크노밸리.GS자이,127.098517,37.206517,1
GGB233000452,동탄역10,11,GGB233000130,36447,예미지시그너스.우남퍼스트빌,127.0985,37.20315,1
GGB233000452,동탄역10,12,GGB233003085,55399,동탄역(동측),127.096283,37.19985,1
GGB233000456,6001(예약),1,GGB233003122,55518,동탄2차고지,127.10165,37.1554,1
GGB233000456,6001(예약),2,GGB277104372,,기점진입전(미정차),127.103267,37.157833,1
GGB233000456,6001(예약),3,GGB233003132,55528,호수자이파밀리에.아이원,127.1052,37.160733,1
GGB233000456,6001(예약),4,GGB233003127,55523,금호어울림.계룡리슈빌,127.10695,37.1639,1
GGB233000456,6001(예약),5,GGB233003128,55524,동탄호수공원.센트럴시티,127.107017,37.166817,1
GGB233000456,6001(예약),6,GGB233003093,55420,호수부영3차.우미린2차,127.107083,37.171667,1
GGB233000456,6001(예약),7,GGB233000162,36493,나래학교.더샵레이크,127.105783,37.175917,1
GGB233000456,6001(예약),8,GGB233000161,36487,반도3차.금강1차,127.102683,37.182417,1
GGB233000456,6001(예약),9,GGB233000995,36477,의료시설부지,127.100233,37.1876,1
GGB233000456,6001(예약),10,GGB233000999,36501,리베라CC.헤리엇,127.099083,37.190717,1
GGB233000456,6001(예약),11,GGB233000978,36466,한화.린스트라우스,127.099083,37.195383,1
GGB233000456,6001(예약),12,GGB233000979,36465,포스코더샵.롯데캐슬,127.0991,37.199933,1
GGB233000456,6001(예약),13,GGB233000964,36469,우남퍼스트빌.예미지시그너스,127.0991,37.203367,1
GGB233000456,6001(예약),14,GGB233000121,36463,상록.테크노밸리.GS자이,127.099067,37.208283,1
GGB233000456,6001(예약),15,GGB233002443,55315,한미약품.푸르지오,127.091617,37.2095,1
GGB233000456,6001(예약),16,GGB233002439,55311,예당고사거리,127.080667,37.2099,1
GGB233000456,6001(예약),17,GGB233001683,37712,전하리교회.우미제일,127.079283,37.21315,1
GGB233000456,6001(예약),18,GGB233002444,55316,한림대성심병원,127.0802,37.2155,1
GGB233000456,6001(예약),19,GGB277101908,,기흥동탄TG(미정차),127.091567,37.21655,1
GGB233000456,6001(예약),20,GGB277102660,,기흥휴게소(미정차),127.106617,37.23525,0
GGB233000456,6001(예약),21,GGB277103363,,수원신갈IC(미정차),127.104,37.2657,0
GGB233000456,6001(예약),22,GGB277103361,,신갈JC(미정차),127.103867,37.289667,0
GGB233000456,6001(예약),23,GGB277103443,,죽전(미정차),127.103817,37.326633,0
GGB233000456,6001(예약),24,GGB277102630,,금곡(미정차),127.10355,37.349767,0
GGB233000456,6001(예약),25,GGB277103386,,서울TG(미정차),127.104333,37.364967,0
GGB233000456,6001(예약),26,GGB277103151,,판교IC(미정차),127.100617,37.398633,0
GGB233000456,6001(예약),27,GGB277103679,,금토JC(미정차),127.085317,37.415283,0
GGB233000456,6001(예약),28,GGB277103441,,서울진입(미정차),127.066583,37.43385,0
GGB233000456,6001(예약),29,GGB277104177,,청계산입구역(미정차),127.0542,37.448367,0
GGB233000456,6001(예약),30,GGB277103388,,양재IC(미정차),127.04045,37.463283,0
GGB233000456,6001(예약),31,GGB277103390,,서초IC(미정차),127.026333,37.483133,0
GGB233000456,6001(예약),32,GGB121000086,90062,KCC사옥,127.020217,37.503017,0
GGB233000456,6001(예약),33,GGB121000947,,신논현역.유화빌딩,127.025517,37.50165,0
GGB233000456,6001(예약),34,GGB277103680,,강남역.지오다노(미정차),127.026133,37.500417,0
GGB233000456,6001(예약),35,GGB277102911,,강남역10번출구(미정차),127.026983,37.498617,0
GGB233000456,6001(예약),36,GGB121000009,,신분당선강남역(중),127.028567,37.495783,0
GGB233000456,6001(예약),37,GGB121000007,,래미안아파트.파이낸셜뉴스(중),127.030533,37.491667,0
GGB233000456,6001(예약),38,GGB121000005,,뱅뱅사거리(중),127.032467,37.487683,0
GGB233000456,6001(예약),39,GGB121000003,,양재역.서초문화예술회관(중),127.035883,37.482567,0
GGB233000456,6001(예약),40,GGB121000001,,말죽거리공원사거리(중),127.038517,37.478467,0
GGB233000456,6001(예약),41,GGB121000220,,매헌시민의숲.양재꽃시장,127.038383,37.4708,0
GGB233000456,6001(예약),42,GGB277103387,,양재IC(미정차),127.039433,37.46365,0
GGB233000456,6001(예약),43,GGB277104178,,청계산입구역(미정차),127.053833,37.448183,0
GGB233000456,6001(예약),44,GGB277103440,,성남진입(미정차),127.066183,37.43355,0
GGB233000456,6001(예약),45,GGB277103678,,금토JC(미정차),127.08445,37.4155,0
GGB233000456,6001(예약),46,GGB277103150,,판교IC(미정차),127.10005,37.398833,0
GGB233000456,6001(예약),47,GGB277103385,,서울TG(미정차),127.1026,37.36535,0
GGB233000456,6001(예약),48,GGB277102104,,금곡(미정차),127.103117,37.350367,0
GGB233000456,6001(예약),49,GGB277103442,,죽전(미정차),127.10315,37.3266,0
GGB233000456,6001(예약),50,GGB277103360,,신갈JC(미정차),127.10345,37.290433,0
GGB233000456,6001(예약),51,GGB277103362,,수원신갈IC(미정차),127.103533,37.266817,0
GGB233000456,6001(예약),52,GGB277102621,,기흥휴게소(미정차),127.106183,37.235117,0
GGB233000456,6001(예약),53,GGB277101884,,기흥동탄TG(미정차),127.0917,37.216983,1
GGB233000456,6001(예약),54,GGB233001817,37879,이마트.한림대병원,127.079133,37.215317,1
GGB233000456,6001(예약),55,GGB233003186,37760,우미제일.전하리교회,127.079383,37.212133,1
GGB233000456,6001(예약),56,GGB233002440,55312,예당고사거리,127.081817,37.209183,1
GGB233000456,6001(예약),57,GGB233002442,55314,푸르지오.한미약품,127.091833,37.209183,1
GGB233000456,6001(예약),58,GGB233002436,36842,상록.테크노밸리.GS자이,127.098517,37.206517,1
GGB233000456,6001(예약),59,GGB233000130,36447,예미지시그너스.우남퍼스트빌,127.0985,37.20315,1
GGB233000456,6001(예약),60,GGB233000137,36436,롯데캐슬.포스코더샵,127.098467,37.1997,1
GGB233000456,6001(예약),61,GGB233001637,37658,린스트라우스.한화,127.098517,37.19625,1
GGB233000456,6001(예약),62,GGB233000998,36502,헤리엇.리베라CC,127.098467,37.190733,1
GGB233000456,6001(예약),63,GGB233000994,36480,공공청사부지,127.099833,37.187033,1
GGB233000456,6001(예약),64,GGB233000996,36488,반도3차.금강1차,127.103133,37.1802,1
GGB233000456,6001(예약),65,GGB233000997,36494,레이크빌.하우스디더레이크,127.105083,37.176083,1
GGB233000456,6001(예약),66,GGB233003092,55419,우미린2차.호수부영3차,127.106417,37.17135,1
GGB233000456,6001(예약),67,GGB233003136,55532,동탄호수공원,127.106433,37.167167,1
GGB233000456,6001(예약),68,GGB233003137,55533,계룡리슈빌.금호어울림,127.10645,37.16465,1
GGB233000456,6001(예약),69,GGB233003126,55522,아이원.호수자이파밀리에,127.104783,37.161017,1
GGB233000456,6001(예약),70,GGB233003123,55519,동탄2차고지,127.101267,37.155517,1
GGB233000457,6002(예약),1,GGB233003122,55518,동탄2차고지,127.10165,37.1554,1
GGB233000457,6002(예약),2,GGB277104372,,기점진입전(미정차),127.103267,37.157833,1
GGB233000457,6002(예약),3,GGB233003132,55528,호수자이파밀리에.아이원,127.1052,37.160733,1
GGB233000457,6002(예약),4,GGB233003127,55523,금호어울림.계룡리슈빌,127.10695,37.1639,1
GGB233000457,6002(예약),5,GGB233001754,55505,아이파크.센트럴시티,127.109317,37.165517,1
GGB233000457,6002(예약),6,GGB233001748,55503,자연앤자이.센트리체,127.1142,37.165733,1
GGB233000457,6002(예약),7,GGB233001710,55501,호수공원행복주택.호수부영6차,127.1174,37.16715,1
GGB233000457,6002(예약),8,GGB233001696,37696,레이크파크뷰,127.119,37.169917,1
GGB233000457,6002(예약),9,GGB233001608,37654,서희스타힐스.단독주택,127.12005,37.173417,1
GGB233000457,6002(예약),10,GGB233000374,55465,창의고,127.122533,37.18185,1
GGB233000457,6002(예약),11,GGB233001614,55489,한신더휴,127.12385,37.18645,1
GGB233000457,6002(예약),12,GGB233001568,36693,베라체아파트,127.12285,37.1905,1
GGB233000457,6002(예약),13,GGB233002421,55340,예솔초.호반2차.대원2차,127.118767,37.196233,1
GGB233000457,6002(예약),14,GGB233000129,36460,신안2차.반도4차,127.11605,37.199983,1
GGB233000457,6002(예약),15,GGB233000980,36459,모아.반도1차아파트,127.11455,37.20205,1
GGB233000457,6002(예약),16,GGB233002516,55070,지산마을,127.112233,37.205217,1
GGB233000457,6002(예약),17,GGB233002429,55305,이주택지.상록.경남아파트,127.110867,37.2071,1
GGB233000457,6002(예약),18,GGB233002430,55306,퍼스트파크.이지더원,127.1085,37.209,1
GGB233000457,6002(예약),19,GGB233002431,55307,동탄2파출소.농협,127.104383,37.2095,1
GGB233000457,6002(예약),20,GGB233000063,36033,동원.다원중,127.103583,37.212133,1
GGB233000457,6002(예약),21,GGB233000698,55853,현대트랜시스(중),127.103667,37.2163,1
GGB233000457,6002(예약),22,GGB277102516,,기흥IC진입(미정차),127.10135,37.221733,0
GGB233000457,6002(예약),23,GGB277102660,,기흥휴게소(미정차),127.106617,37.23525,0
GGB233000457,6002(예약),24,GGB277103363,,수원신갈IC(미정차),127.104,37.2657,0
GGB233000457,6002(예약),25,GGB277103361,,신갈JC(미정차),127.103867,37.289667,0
GGB233000457,6002(예약),26,GGB277103443,,죽전(미정차),127.103817,37.326633,0
GGB233000457,6002(예약),27,GGB277102630,,금곡(미정차),127.10355,37.349767,0
GGB233000457,6002(예약),28,GGB277103386,,서울TG(미정차),127.104333,37.364967,0
GGB233000457,6002(예약),29,GGB277103151,,판교IC(미정차),127.100617,37.398633,0
GGB233000457,6002(예약),30,GGB277103679,,금토JC(미정차),127.085317,37.415283,0
GGB233000457,6002(예약),31,GGB277103441,,서울진입(미정차),127.066583,37.43385,0
GGB233000457,6002(예약),32,GGB277104177,,청계산입구역(미정차),127.0542,37.448367,0
GGB233000457,6002(예약),33,GGB277103388,,양재IC(미정차),127.04045,37.463283,0
GGB233000457,6002(예약),34,GGB277103390,,서초IC(미정차),127.026333,37.483133,0
GGB233000457,6002(예약),35,GGB121000086,90062,KCC사옥,127.020217,37.503017,0
GGB233000457,6002(예약),36,GGB121000947,,신논현역.유화빌딩,127.025517,37.50165,0
GGB233000457,6002(예약),37,GGB277103680,,강남역.지오다노(미정차),127.026133,37.500417,0
GGB233000457,6002(예약),38,GGB277102911,,강남역10번출구(미정차),127.026983,37.498617,0
GGB233000457,6002(예약),39,GGB121000009,,신분당선강남역(중),127.028567,37.495783,0
GGB233000457,6002(예약),40,GGB277101612,,우성아파트앞사거리(미정차),127.029533,37.49335,0
GGB233000457,6002(예약),41,GGB121000007,,래미안아파트.파이낸셜뉴스(중),127.030533,37.491667,0
GGB233000457,6002(예약),42,GGB121000005,,뱅뱅사거리(중),127.032467,37.487683,0
GGB233000457,6002(예약),43,GGB121000003,,양재역.서초문화예술회관(중),127.035883,37.482567,0
GGB233000457,6002(예약),44,GGB121000001,,말죽거리공원사거리(중),127.038517,37.478467,0
GGB233000457,6002(예약),45,GGB121000220,,매헌시민의숲.양재꽃시장,127.038383,37.4708,0
GGB233000457,6002(예약),46,GGB277103387,,양재IC(미정차),127.039433,37.46365,0
GGB233000457,6002(예약),47,GGB277104178,,청계산입구역(미정차),127.053833,37.448183,0
GGB233000457,6002(예약),48,GGB277103440,,성남진입(미정차),127.066183,37.43355,0
GGB233000457,6002(예약),49,GGB277103678,,금토JC(미정차),127.08445,37.4155,0
GGB233000457,6002(예약),50,GGB277103150,,판교IC(미정차),127.10005,37.398833,0
GGB233000457,6002(예약),51,GGB277103385,,서울TG(미정차),127.1026,37.36535,0
GGB233000457,6002(예약),52,GGB277102104,,금곡(미정차),127.103117,37.350367,0
GGB233000457,6002(예약),53,GGB277103442,,죽전(미정차),127.10315,37.3266,0
GGB233000457,6002(예약),54,GGB277103360,,신갈JC(미정차),127.10345,37.290433,0
GGB233000457,6002(예약),55,GGB277103362,,수원신갈IC(미정차),127.103533,37.266817,0
GGB233000457,6002(예약),56,GGB277102621,,기흥휴게소(미정차),127.106183,37.235117,0
GGB233000457,6002(예약),57,GGB233000709,55854,현대트랜시스(중),127.103817,37.217283,1
GGB233000457,6002(예약),58,GGB233001902,37073,동원.다원중,127.103267,37.211783,1
GGB233000457,6002(예약),59,GGB233001166,36470,동탄2파출소.농협,127.1049,37.209183,1
GGB233000457,6002(예약),60,GGB233001493,37549,퍼스트파크.이지더원,127.1083,37.208683,1
GGB233000457,6002(예약),61,GGB233001492,37550,상록.경남아파트.이주택지,127.110533,37.206867,1
GGB233000457,6002(예약),62,GGB233001491,37551,반도1차.모아아파트,127.1141,37.201883,1
GGB233000457,6002(예약),63,GGB233000430,55663,반도4차.동탄4동복지센터,127.1154,37.2001,1
GGB233000457,6002(예약),64,GGB233001168,36458,센트럴푸르지오.호반베르디움2차,127.116817,37.198133,1
GGB233000457,6002(예약),65,GGB233000965,36468,청목초.신안1차,127.1194,37.194583,1
GGB233000457,6002(예약),66,GGB233001623,37682,동원로얄듀크2차.목동초,127.123267,37.188667,1
GGB233000457,6002(예약),67,GGB233001620,55490,힐스테이트.호반5차,127.122933,37.184867,1
GGB233000457,6002(예약),68,GGB233000209,55464,창의고,127.122017,37.18175,1
GGB233000457,6002(예약),69,GGB233001572,55488,서희스타힐스.단독주택,127.119533,37.173317,1
GGB233000457,6002(예약),70,GGB233001695,37724,레이크파크뷰,127.118533,37.170033,1
GGB233000457,6002(예약),71,GGB233001699,55500,호수부영6차.호수공원행복주택,127.117033,37.1674,1
GGB233000457,6002(예약),72,GGB233001741,55502,센트리체.자연앤자이,127.1139,37.166033,1
GGB233000457,6002(예약),73,GGB233001753,55504,센트럴시티.아이파크,127.109117,37.165883,1
GGB233000457,6002(예약),74,GGB233003137,55533,계룡리슈빌.금호어울림,127.10645,37.16465,1
GGB233000457,6002(예약),75,GGB233003126,55522,아이원.호수자이파밀리에,127.104783,37.161017,1
GGB233000457,6002(예약),76,GGB233003123,55519,동탄2차고지,127.101267,37.155517,1
GGB233000458,8501(예약),1,GGB233001214,36216,수원대학교,126.98015,37.21375,1
GGB233000458,8501(예약),2,GGB277102590,,수원대학교(미정차),126.9838,37.211567,1
GGB233000458,8501(예약),3,GGB277102653,,용건릉(미정차),126.988133,37.207183,1
GGB233000458,8501(예약),4,GGB233001842,36998,중외제약사거리,127.003067,37.2015,1
GGB233000458,8501(예약),5,GGB233000645,36304,신한미지엔아파트앞,127.0086,37.199917,1
GGB233000458,8501(예약),6,GGB233000643,36315,송산동입구,127.0172,37.205567,1
GGB233000458,8501(예약),7,GGB277102693,,병점육교(미정차),127.030133,37.208883,1
GGB233000458,8501(예약),8,GGB233000641,36347,병점화남아파트,127.03755,37.211967,1
GGB233000458,8501(예약),9,GGB233000640,36355,진안동,127.040533,37.2133,1
GGB233000458,8501(예약),10,GGB233002403,55291,롯데시네마,127.042633,37.21425,1
GGB233000458,8501(예약),11,GGB233000072,36373,안화초교.주공8.9단지,127.0459,37.2132,1
GGB233000458,8501(예약),12,GGB233000082,37591,정든공원,127.048583,37.2097,1
GGB233000458,8501(예약),13,GGB233001666,37726,모아미래도2단지,127.051283,37.208667,1
GGB233000458,8501(예약),14,GGB233002117,55100,한마음초교.광명메이루즈,127.0568,37.2075,1
GGB233000458,8501(예약),15,GGB233001723,37850,동탄고등학교,127.059167,37.203933,1
GGB233000458,8501(예약),16,GGB233001644,37589,센트럴파크뷰아파트(중),127.06335,37.1995,1
GGB233000458,8501(예약),17,GGB233001224,36664,다은마을(중),127.067583,37.199983,1
GGB233000458,8501(예약),18,GGB233001219,36667,메타폴리스(중),127.067517,37.203733,1
GGB233000458,8501(예약),19,GGB233001562,36668,한빛마을(중),127.06905,37.207667,1
GGB233000458,8501(예약),20,GGB233001281,36672,예당마을.롯데캐슬(중),127.072067,37.21095,1
GGB233000458,8501(예약),21,GGB277101908,,기흥동탄TG(미정차),127.091567,37.21655,1
GGB233000458,8501(예약),22,GGB277102660,,기흥휴게소(미정차),127.106617,37.23525,0
GGB233000458,8501(예약),23,GGB277103363,,수원신갈IC(미정차),127.104,37.2657,0
GGB233000458,8501(예약),24,GGB277103361,,신갈JC(미정차),127.103867,37.289667,0
GGB233000458,8501(예약),25,GGB277103443,,죽전(미정차),127.103817,37.326633,0
GGB233000458,8501(예약),26,GGB277102630,,금곡(미정차),127.10355,37.349767,0
GGB233000458,8501(예약),27,GGB277103386,,서울TG(미정차),127.104333,37.364967,0
GGB233000458,8501(예약),28,GGB277103151,,판교IC(미정차),127.100617,37.398633,0
GGB233000458,8501(예약),29,GGB277103679,,금토JC(미정차),127.085317,37.415283,0
GGB233000458,8501(예약),30,GGB277103441,,서울진입(미정차),127.066583,37.43385,0
GGB233000458,8501(예약),31,GGB277104177,,청계산입구역(미정차),127.0542,37.448367,0
GGB233000458,8501(예약),32,GGB277103388,,양재IC(미정차),127.04045,37.463283,0
GGB233000458,8501(예약),33,GGB277103390,,서초IC(미정차),127.026333,37.483133,0
GGB233000458,8501(예약),34,GGB121000034,90064,서울시인재개발원입구,127.02215,37.4831,0
GGB233000458,8501(예약),35,GGB121000033,90055,남부터미널,127.017483,37.4834,0
GGB233000458,8501(예약),36,GGB121000026,90053,서울교대사거리,127.015033,37.487367,0
GGB233000458,8501(예약),37,GGB121000025,,교대역13번출구,127.0142,37.491933,0
GGB233000458,8501(예약),38,GGB121000929,90235,교대역,127.01565,37.494083,0
GGB233000458,8501(예약),39,GGB121000028,90060,서초동유원아파트,127.020267,37.4955,0
GGB233000458,8501(예약),40,GGB121000038,90065,롯데칠성,127.023967,37.496683,0
GGB233000458,8501(예약),41,GGB121000974,,강남역우리은행,127.02835,37.49575,0
GGB233000458,8501(예약),42,GGB277101696,,삼성화재서초타워(미정차),127.02895,37.494533,0
GGB233000458,8501(예약),43,GGB277101612,,우성아파트앞사거리(미정차),127.029533,37.49335,0
GGB233000458,8501(예약),44,GGB121000005,,뱅뱅사거리(중),127.032467,37.487683,0
GGB233000458,8501(예약),45,GGB121000003,,양재역.서초문화예술회관(중),127.035883,37.482567,0
GGB233000458,8501(예약),46,GGB121000001,,말죽거리공원사거리(중),127.038517,37.478467,0
GGB233000458,8501(예약),47,GGB121000220,,매헌시민의숲.양재꽃시장,127.038383,37.4708,0
GGB233000458,8501(예약),48,GGB277103387,,양재IC(미정차),127.039433,37.46365,0
GGB233000458,8501(예약),49,GGB277104178,,청계산입구역(미정차),127.053833,37.448183,0
GGB233000458,8501(예약),50,GGB277103440,,성남진입(미정차),127.066183,37.43355,0
GGB233000458,8501(예약),51,GGB277103678,,금토JC(미정차),127.08445,37.4155,0
GGB233000458,8501(예약),52,GGB277103150,,판교IC(미정차),127.10005,37.398833,0
GGB233000458,8501(예약),53,GGB277103385,,서울TG(미정차),127.1026,37.36535,0
GGB233000458,8501(예약),54,GGB277102104,,금곡(미정차),127.103117,37.350367,0
GGB233000458,8501(예약),55,GGB277103442,,죽전(미정차),127.10315,37.3266,0
GGB233000458,8501(예약),56,GGB277103360,,신갈JC(미정차),127.10345,37.290433,0
GGB233000458,8501(예약),57,GGB277103362,,수원신갈IC(미정차),127.103533,37.266817,0
GGB233000458,8501(예약),58,GGB277102621,,기흥휴게소(미정차),127.106183,37.235117,0
GGB233000458,8501(예약),59,GGB277101884,,기흥동탄TG(미정차),127.0917,37.216983,1
GGB233000458,8501(예약),60,GGB233001282,37587,예당마을.롯데캐슬(중),127.073,37.21175,1
GGB233000458,8501(예약),61,GGB233001216,36841,한빛마을.석우중학교(중),127.069267,37.208217,1
GGB233000458,8501(예약),62,GGB233001218,36666,메타폴리스(중),127.067483,37.204267,1
GGB233000458,8501(예약),63,GGB233001220,37693,다은마을(중),127.06735,37.200383,1
GGB233000458,8501(예약),64,GGB233001283,37590,센트럴파크뷰아파트(중),127.06415,37.199433,1
GGB233000458,8501(예약),65,GGB233001722,37849,동탄고.동탄청소년문화의집,127.059467,37.2038,1
GGB233000458,8501(예약),66,GGB233001787,37734,한마음초교.광명메이루즈,127.05705,37.207583,1
GGB233000458,8501(예약),67,GGB233002185,55144,모아미래도2단지,127.0518,37.208717,1
GGB233000458,8501(예약),68,GGB233002392,55269,정든공원.리체더포레스트,127.048783,37.209783,1
GGB233000458,8501(예약),69,GGB233000071,36372,안화초교.주공8.9단지,127.046083,37.2133,1
GGB233000458,8501(예약),70,GGB233002132,55279,롯데시네마,127.04245,37.214483,1
GGB233000458,8501(예약),71,GGB233000671,36354,진안동,127.0393,37.213017,1
GGB233000458,8501(예약),72,GGB233000669,36318,송산동입구,127.017783,37.20585,1
GGB233000458,8501(예약),73,GGB233000667,36305,신한미지엔아파트앞,127.00915,37.20035,1
GGB233000458,8501(예약),74,GGB233001843,36999,중외제약사거리,127.002167,37.2021,1
GGB233000458,8501(예약),75,GGB233001213,36215,수원대학교,126.979967,37.21375,1
GGB233000459,G6009(예약),1,GGB233003132,55528,호수자이파밀리에.아이원,127.1052,37.160733,1
GGB233000459,G6009(예약),2,GGB233001754,55505,아이파크.센트럴시티,127.109317,37.165517,1
GGB233000459,G6009(예약),3,GGB233001696,37696,레이크파크뷰,127.119,37.169917,1
GGB233000459,G6009(예약),4,GGB233000374,55465,창의고,127.122533,37.18185,1
GGB233000459,G6009(예약),5,GGB233001614,55489,한신더휴,127.12385,37.18645,1
GGB233000459,G6009(예약),6,GGB233002421,55340,예솔초.호반2차.대원2차,127.118767,37.196233,1
GGB233000459,G6009(예약),7,GGB233000129,36460,신안2차.반도4차,127.11605,37.199983,1
GGB233000459,G6009(예약),8,GGB277104808,,치동천5교교차로(미정차),127.11355,37.203417,1
GGB233000459,G6009(예약),9,GGB233002429,55305,이주택지.상록.경남아파트,127.110867,37.2071,1
GGB233000459,G6009(예약),10,GGB233000694,55852,동탄테크노벨리(중),127.09885,37.210933,1
GGB233000459,G6009(예약),11,GGB233000698,55853,현대트랜시스(중),127.103667,37.2163,1
GGB233000459,G6009(예약),12,GGB277102516,,기흥IC진입(미정차),127.10135,37.221733,0
GGB233000459,G6009(예약),13,GGB277102660,,기흥휴게소(미정차),127.106617,37.23525,0
GGB233000459,G6009(예약),14,GGB277103363,,수원신갈IC(미정차),127.104,37.2657,0
GGB233000459,G6009(예약),15,GGB277103361,,신갈JC(미정차),127.103867,37.289667,0
GGB233000459,G6009(예약),16,GGB277103443,,죽전(미정차),127.103817,37.326633,0
GGB233000459,G6009(예약),17,GGB277102630,,금곡(미정차),127.10355,37.349767,0
GGB233000459,G6009(예약),18,GGB277103386,,서울TG(미정차),127.104333,37.364967,0
GGB233000459,G6009(예약),19,GGB277103151,,판교IC(미정차),127.100617,37.398633,0
GGB233000459,G6009(예약),20,GGB277103273,,성남TG(미정차),127.12385,37.435083,0
GGB233000459,G6009(예약),21,GGB204000091,5077,가천대,127.1262,37.45065,0
GGB233000459,G6009(예약),22,GGB277103267,,송파IC출입(미정차),127.128583,37.473883,0
GGB233000459,G6009(예약),23,GGB123000015,,장지역.가든파이브(중),127.126183,37.478883,0
GGB233000459,G6009(예약),24,GGB123000013,,문정법조단지.건영아파트(중),127.124567,37.48195,0
GGB233000459,G6009(예약),25,GGB123000009,,가락시장.가락시장역(중),127.117133,37.494417,0
GGB233000459,G6009(예약),26,GGB123000007,,송파역(중),127.1118,37.50025,0
GGB233000459,G6009(예약),27,GGB123000003,,석촌호수.한솔병원(중),127.105783,37.50685,0
GGB233000459,G6009(예약),28,GGB277102839,,석촌역교차로(미정차),127.103767,37.509317,0
GGB233000459,G6009(예약),29,GGB123000611,,잠실광역환승센터,127.100667,37.51235,0
GGB233000459,G6009(예약),30,GGB277102843,,잠실역환승센터출구(미정차),127.102983,37.509467,0
GGB233000459,G6009(예약),31,GGB123000004,,석촌호수.한솔병원(중),127.105283,37.507183,0
GGB233000459,G6009(예약),32,GGB123000008,,송파역(중),127.1112,37.500667,0
GGB233000459,G6009(예약),33,GGB123000010,,가락시장.가락시장역(중),127.11655,37.494833,0
GGB233000459,G6009(예약),34,GGB123000014,,문정법조단지.건영아파트(중),127.1238,37.48315,0
GGB233000459,G6009(예약),35,GGB123000016,,장지역.가든파이브(중),127.1254,37.479983,0
GGB233000459,G6009(예약),36,GGB277103266,,송파IC진입(미정차),127.125867,37.472983,0
GGB233000459,G6009(예약),37,GGB204000092,5088,가천대,127.12575,37.450967,0
GGB233000459,G6009(예약),38,GGB277103272,,성남TG(미정차),127.122183,37.436533,0
GGB233000459,G6009(예약),39,GGB277102429,,판교IC(미정차),127.099267,37.398517,0
GGB233000459,G6009(예약),40,GGB277103385,,서울TG(미정차),127.1026,37.36535,0
GGB233000459,G6009(예약),41,GGB277102104,,금곡(미정차),127.103117,37.350367,0
GGB233000459,G6009(예약),42,GGB277103442,,죽전(미정차),127.10315,37.3266,0
GGB233000459,G6009(예약),43,GGB277103360,,신갈JC(미정차),127.10345,37.290433,0
GGB233000459,G6009(예약),44,GGB277103362,,수원신갈IC(미정차),127.103533,37.266817,0
GGB233000459,G6009(예약),45,GGB277102621,,기흥휴게소(미정차),127.106183,37.235117,0
GGB233000459,G6009(예약),46,GGB233000709,55854,현대트랜시스(중),127.103817,37.217283,1
GGB233000459,G6009(예약),47,GGB233000710,55855,동탄테크노벨리(중),127.098917,37.21195,1
GGB233000459,G6009(예약),48,GGB233001492,37550,상록.경남아파트.이주택지,127.110533,37.206867,1
GGB233000459,G6009(예약),49,GGB233001168,36458,센트럴푸르지오.호반베르디움2차,127.116817,37.198133,1
GGB233000459,G6009(예약),50,GGB233000965,36468,청목초.신안1차,127.1194,37.194583,1
GGB233000459,G6009(예약),51,GGB233001620,55490,힐스테이트.호반5차,127.122933,37.184867,1
GGB233000459,G6009(예약),52,GGB233000209,55464,창의고,127.122017,37.18175,1
GGB233000459,G6009(예약),53,GGB233001695,37724,레이크파크뷰,127.118533,37.170033,1
GGB233000459,G6009(예약),54,GGB233001753,55504,센트럴시티.아이파크,127.109117,37.165883,1
GGB233000459,G6009(예약),55,GGB233003126,55522,아이원.호수자이파밀리에,127.104783,37.161017,1
GGB233000460,M4130(예약),1,GGB233003132,55528,호수자이파밀리에.아이원,127.1052,37.160733,1
GGB233000460,M4130(예약),2,GGB277103991,,호수공원아이파크(미정차),127.1069,37.165533,1
GGB233000460,M4130(예약),3,GGB277103992,,호수공원미래체험관(미정차),127.106917,37.168317,1
GGB233000460,M4130(예약),4,GGB233003093,55420,호수부영3차.우미린2차,127.107083,37.171667,1
GGB233000460,M4130(예약),5,GGB233000161,36487,반도3차.금강1차,127.102683,37.182417,1
GGB233000460,M4130(예약),6,GGB233000995,36477,의료시설부지,127.100233,37.1876,1
GGB233000460,M4130(예약),7,GGB233000978,36466,한화.린스트라우스,127.099083,37.195383,1
GGB233000460,M4130(예약),8,GGB233000979,36465,포스코더샵.롯데캐슬,127.0991,37.199933,1
GGB233000460,M4130(예약),9,GGB233000121,36463,상록.테크노밸리.GS자이,127.099067,37.208283,1
GGB233000460,M4130(예약),10,GGB277104811,,현대트랜시스진입전(미정차),127.100767,37.213733,1
GGB233000460,M4130(예약),11,GGB233000698,55853,현대트랜시스(중),127.103667,37.2163,1
GGB233000460,M4130(예약),12,GGB277102516,,기흥IC진입(미정차),127.10135,37.221733,0
GGB233000460,M4130(예약),13,GGB277102660,,기흥휴게소(미정차),127.106617,37.23525,0
GGB233000460,M4130(예약),14,GGB277103363,,수원신갈IC(미정차),127.104,37.2657,0
GGB233000460,M4130(예약),15,GGB277103361,,신갈JC(미정차),127.103867,37.289667,0
GGB233000460,M4130(예약),16,GGB277103443,,죽전(미정차),127.103817,37.326633,0
GGB233000460,M4130(예약),17,GGB277102630,,금곡(미정차),127.10355,37.349767,0
GGB233000460,M4130(예약),18,GGB277103386,,서울TG(미정차),127.104333,37.364967,0
GGB233000460,M4130(예약),19,GGB277103151,,판교IC(미정차),127.100617,37.398633,0
GGB233000460,M4130(예약),20,GGB277103679,,금토JC(미정차),127.085317,37.415283,0
GGB233000460,M4130(예약),21,GGB277103441,,서울진입(미정차),127.066583,37.43385,0
GGB233000460,M4130(예약),22,GGB277104177,,청계산입구역(미정차),127.0542,37.448367,0
GGB233000460,M4130(예약),23,GGB277103388,,양재IC(미정차),127.04045,37.463283,0
GGB233000460,M4130(예약),24,GGB277103390,,서초IC(미정차),127.026333,37.483133,0
GGB233000460,M4130(예약),25,GGB277103391,,반포IC(미정차),127.018867,37.50285,0
GGB233000460,M4130(예약),26,GGB277103400,,한남IC(미정차),127.017583,37.522483,0
GGB233000460,M4130(예약),27,GGB277104180,,한남1고가차도(미정차),127.0037,37.540717,0
GGB233000460,M4130(예약),28,GGB277104186,,남산1호터널TG(미정차),126.99315,37.55585,0
GGB233000460,M4130(예약),29,GGB101000002,,국가인권위.안중근활동터(중),126.98785,37.564317,0
GGB233000460,M4130(예약),30,GGB277104376,,SKT타워(미정차),126.985267,37.566217,0
GGB233000460,M4130(예약),31,GGB101000303,,서울시청,126.980767,37.56615,0
GGB233000460,M4130(예약),32,GGB277104283,,시청교차로(미정차),126.976767,37.56455,0
GGB233000460,M4130(예약),33,GGB101000128,,신한은행본점,126.975517,37.561117,0
GGB233000460,M4130(예약),34,GGB101000006,,서울역버스환승센터(6번승강장)(중),126.972733,37.55515,0
GGB233000460,M4130(예약),35,GGB277101742,,서울역교차로(미정차),126.972633,37.5571,0
GGB233000460,M4130(예약),36,GGB277102115,,숭례문교차로(미정차),126.975433,37.560367,0
GGB233000460,M4130(예약),37,GGB277102114,,남대문로3가(미정차),126.978983,37.56105,0
GGB233000460,M4130(예약),38,GGB101000148,,명동입구,126.9826,37.564683,0
GGB233000460,M4130(예약),39,GGB101000337,,명동성당,126.987383,37.565017,0
GGB233000460,M4130(예약),40,GGB277104824,,퇴계로2가교차로(미정차),126.989017,37.560733,0
GGB233000460,M4130(예약),41,GGB277104181,,남산1호터널TG(미정차),126.992717,37.5557,0
GGB233000460,M4130(예약),42,GGB277104179,,한남1고가차도진입(미정차),127.002317,37.541417,0
GGB233000460,M4130(예약),43,GGB277103399,,한남IC(미정차),127.017283,37.522033,0
GGB233000460,M4130(예약),44,GGB277103392,,반포IC(미정차),127.018433,37.502817,0
GGB233000460,M4130(예약),45,GGB277103389,,서초IC(미정차),127.025667,37.48365,0
GGB233000460,M4130(예약),46,GGB277103387,,양재IC(미정차),127.039433,37.46365,0
GGB233000460,M4130(예약),47,GGB277104178,,청계산입구역(미정차),127.053833,37.448183,0
GGB233000460,M4130(예약),48,GGB277103440,,성남진입(미정차),127.066183,37.43355,0
GGB233000460,M4130(예약),49,GGB277103678,,금토JC(미정차),127.08445,37.4155,0
GGB233000460,M4130(예약),50,GGB277103150,,판교IC(미정차),127.10005,37.398833,0
GGB233000460,M4130(예약),51,GGB277103385,,서울TG(미정차),127.1026,37.36535,0
GGB233000460,M4130(예약),52,GGB277102104,,금곡(미정차),127.103117,37.350367,0
GGB233000460,M4130(예약),53,GGB277103442,,죽전(미정차),127.10315,37.3266,0
GGB233000460,M4130(예약),54,GGB277103360,,신갈JC(미정차),127.10345,37.290433,0
GGB233000460,M4130(예약),55,GGB277103362,,수원신갈IC(미정차),127.103533,37.266817,0
GGB233000460,M4130(예약),56,GGB277102621,,기흥휴게소(미정차),127.106183,37.235117,0
GGB233000460,M4130(예약),57,GGB233000709,55854,현대트랜시스(중),127.103817,37.217283,1
GGB233000460,M4130(예약),58,GGB233002436,36842,상록.테크노밸리.GS자이,127.098517,37.206517,1
GGB233000460,M4130(예약),59,GGB233000137,36436,롯데캐슬.포스코더샵,127.098467,37.1997,1
GGB233000460,M4130(예약),60,GGB233001637,37658,린스트라우스.한화,127.098517,37.19625,1
GGB233000460,M4130(예약),61,GGB233000994,36480,공공청사부지,127.099833,37.187033,1
GGB233000460,M4130(예약),62,GGB233000996,36488,반도3차.금강1차,127.103133,37.1802,1
GGB233000460,M4130(예약),63,GGB233003092,55419,우미린2차.호수부영3차,127.106417,37.17135,1
GGB233000460,M4130(예약),64,GGB233003126,55522,아이원.호수자이파밀리에,127.104783,37.161017,1
GGB233000461,M4137(예약),1,GGB233001754,55505,아이파크.센트럴시티,127.109317,37.165517,1
GGB233000461,M4137(예약),2,GGB277103993,,A74블럭(미정차),127.115,37.1659,1
GGB233000461,M4137(예약),3,GGB233001696,37696,레이크파크뷰,127.119,37.169917,1
GGB233000461,M4137(예약),4,GGB233000374,55465,창의고,127.122533,37.18185,1
GGB233000461,M4137(예약),5,GGB233001614,55489,한신더휴,127.12385,37.18645,1
GGB233000461,M4137(예약),6,GGB233002421,55340,예솔초.호반2차.대원2차,127.118767,37.196233,1
GGB233000461,M4137(예약),7,GGB233000129,36460,신안2차.반도4차,127.11605,37.199983,1
GGB233000461,M4137(예약),8,GGB277104808,,치동천5교교차로(미정차),127.11355,37.203417,1
GGB233000461,M4137(예약),9,GGB233002429,55305,이주택지.상록.경남아파트,127.110867,37.2071,1
GGB233000461,M4137(예약),10,GGB233000694,55852,동탄테크노벨리(중),127.09885,37.210933,1
GGB233000461,M4137(예약),11,GGB277102516,,기흥IC진입(미정차),127.10135,37.221733,0
GGB233000461,M4137(예약),12,GGB277102660,,기흥휴게소(미정차),127.106617,37.23525,0
GGB233000461,M4137(예약),13,GGB277103363,,수원신갈IC(미정차),127.104,37.2657,0
GGB233000461,M4137(예약),14,GGB277103361,,신갈JC(미정차),127.103867,37.289667,0
GGB233000461,M4137(예약),15,GGB277103443,,죽전(미정차),127.103817,37.326633,0
GGB233000461,M4137(예약),16,GGB277102630,,금곡(미정차),127.10355,37.349767,0
GGB233000461,M4137(예약),17,GGB277103386,,서울TG(미정차),127.104333,37.364967,0
GGB233000461,M4137(예약),18,GGB277103151,,판교IC(미정차),127.100617,37.398633,0
GGB233000461,M4137(예약),19,GGB277103679,,금토JC(미정차),127.085317,37.415283,0
GGB233000461,M4137(예약),20,GGB277103441,,서울진입(미정차),127.066583,37.43385,0
GGB233000461,M4137(예약),21,GGB277104177,,청계산입구역(미정차),127.0542,37.448367,0
GGB233000461,M4137(예약),22,GGB277103388,,양재IC(미정차),127.04045,37.463283,0
GGB233000461,M4137(예약),23,GGB277103390,,서초IC(미정차),127.026333,37.483133,0
GGB233000461,M4137(예약),24,GGB277103391,,반포IC(미정차),127.018867,37.50285,0
GGB233000461,M4137(예약),25,GGB277103400,,한남IC(미정차),127.017583,37.522483,0
GGB233000461,M4137(예약),26,GGB277104182,,한남대교북단(미정차),127.009467,37.5314,0
GGB233000461,M4137(예약),27,GGB277104180,,한남1고가차도(미정차),127.0037,37.540717,0
GGB233000461,M4137(예약),28,GGB277104186,,남산1호터널TG(미정차),126.99315,37.55585,0
GGB233000461,M4137(예약),29,GGB101000002,,국가인권위.안중근활동터(중),126.98785,37.564317,0
GGB233000461,M4137(예약),30,GGB277104376,,SKT타워(미정차),126.985267,37.566217,0
GGB233000461,M4137(예약),31,GGB101000303,,서울시청,126.980767,37.56615,0
GGB233000461,M4137(예약),32,GGB277104283,,시청교차로(미정차),126.976767,37.56455,0
GGB233000461,M4137(예약),33,GGB101000128,,신한은행본점,126.975517,37.561117,0
GGB233000461,M4137(예약),34,GGB101000006,,서울역버스환승센터(6번승강장)(중),126.972733,37.55515,0
GGB233000461,M4137(예약),35,GGB277101742,,서울역교차로(미정차),126.972633,37.5571,0
GGB233000461,M4137(예약),36,GGB277102115,,숭례문교차로(미정차),126.975433,37.560367,0
GGB233000461,M4137(예약),37,GGB277102114,,남대문로3가(미정차),126.978983,37.56105,0
GGB233000461,M4137(예약),38,GGB101000148,,명동입구,126.9826,37.564683,0
GGB233000461,M4137(예약),39,GGB101000337,,명동성당,126.987383,37.565017,0
GGB233000461,M4137(예약),40,GGB277104824,,퇴계로2가교차로(미정차),126.989017,37.560733,0
GGB233000461,M4137(예약),41,GGB277104181,,남산1호터널TG(미정차),126.992717,37.5557,0
GGB233000461,M4137(예약),42,GGB277104179,,한남1고가차도진입(미정차),127.002317,37.541417,0
GGB233000461,M4137(예약),43,GGB277103399,,한남IC(미정차),127.017283,37.522033,0
GGB233000461,M4137(예약),44,GGB277103392,,반포IC(미정차),127.018433,37.502817,0
GGB233000461,M4137(예약),45,GGB277103389,,서초IC(미정차),127.025667,37.48365,0
GGB233000461,M4137(예약),46,GGB277103387,,양재IC(미정차),127.039433,37.46365,0
GGB233000461,M4137(예약),47,GGB277104178,,청계산입구역(미정차),127.053833,37.448183,0
GGB233000461,M4137(예약),48,GGB277103440,,성남진입(미정차),127.066183,37.43355,0
GGB233000461,M4137(예약),49,GGB277103678,,금토JC(미정차),127.08445,37.4155,0
GGB233000461,M4137(예약),50,GGB277103150,,판교IC(미정차),127.10005,37.398833,0
GGB233000461,M4137(예약),51,GGB277103385,,서울TG(미정차),127.1026,37.36535,0
GGB233000461,M4137(예약),52,GGB277102104,,금곡(미정차),127.103117,37.350367,0
GGB233000461,M4137(예약),53,GGB277103442,,죽전(미정차),127.10315,37.3266,0
GGB233000461,M4137(예약),54,GGB277103360,,신갈JC(미정차),127.10345,37.290433,0
GGB233000461,M4137(예약),55,GGB277103362,,수원신갈IC(미정차),127.103533,37.266817,0
GGB233000461,M4137(예약),56,GGB277102621,,기흥휴게소(미정차),127.106183,37.235117,0
GGB233000461,M4137(예약),57,GGB233000710,55855,동탄테크노벨리(중),127.098917,37.21195,1
GGB233000461,M4137(예약),58,GGB233001492,37550,상록.경남아파트.이주택지,127.110533,37.206867,1
GGB233000461,M4137(예약),59,GGB233001168,36458,센트럴푸르지오.호반베르디움2차,127.116817,37.198133,1
GGB233000461,M4137(예약),60,GGB233000965,36468,청목초.신안1차,127.1194,37.194583,1
GGB233000461,M4137(예약),61,GGB233001620,55490,힐스테이트.호반5차,127.122933,37.184867,1
GGB233000461,M4137(예약),62,GGB233000209,55464,창의고,127.122017,37.18175,1
GGB233000461,M4137(예약),63,GGB233001695,37724,레이크파크뷰,127.118533,37.170033,1
GGB233000461,M4137(예약),64,GGB233001753,55504,센트럴시티.아이파크,127.109117,37.165883,1
GGB233000462,M4434(예약),1,GGB233003132,55528,호수자이파밀리에.아이원,127.1052,37.160733,1
GGB233000462,M4434(예약),2,GGB277103991,,호수공원아이파크(미정차),127.1069,37.165533,1
GGB233000462,M4434(예약),3,GGB277103992,,호수공원미래체험관(미정차),127.106917,37.168317,1
GGB233000462,M4434(예약),4,GGB233003093,55420,호수부영3차.우미린2차,127.107083,37.171667,1
GGB233000462,M4434(예약),5,GGB233000161,36487,반도3차.금강1차,127.102683,37.182417,1
GGB233000462,M4434(예약),6,GGB233000995,36477,의료시설부지,127.100233,37.1876,1
GGB233000462,M4434(예약),7,GGB233000978,36466,한화.린스트라우스,127.099083,37.195383,1
GGB233000462,M4434(예약),8,GGB233000979,36465,포스코더샵.롯데캐슬,127.0991,37.199933,1
GGB233000462,M4434(예약),9,GGB233000121,36463,상록.테크노밸리.GS자이,127.099067,37.208283,1
GGB233000462,M4434(예약),10,GGB277104811,,현대트랜시스진입전(미정차),127.100767,37.213733,1
GGB233000462,M4434(예약),11,GGB233000698,55853,현대트랜시스(중),127.103667,37.2163,1
GGB233000462,M4434(예약),12,GGB277102516,,기흥IC진입(미정차),127.10135,37.221733,0
GGB233000462,M4434(예약),13,GGB277102660,,기흥휴게소(미정차),127.106617,37.23525,0
GGB233000462,M4434(예약),14,GGB277103363,,수원신갈IC(미정차),127.104,37.2657,0
GGB233000462,M4434(예약),15,GGB277103361,,신갈JC(미정차),127.103867,37.289667,0
GGB233000462,M4434(예약),16,GGB277103443,,죽전(미정차),127.103817,37.326633,0
GGB233000462,M4434(예약),17,GGB277102630,,금곡(미정차),127.10355,37.349767,0
GGB233000462,M4434(예약),18,GGB277103386,,서울TG(미정차),127.104333,37.364967,0
GGB233000462,M4434(예약),19,GGB277103151,,판교IC(미정차),127.100617,37.398633,0
GGB233000462,M4434(예약),20,GGB277103679,,금토JC(미정차),127.085317,37.415283,0
GGB233000462,M4434(예약),21,GGB277103441,,서울진입(미정차),127.066583,37.43385,0
GGB233000462,M4434(예약),22,GGB277104177,,청계산입구역(미정차),127.0542,37.448367,0
GGB233000462,M4434(예약),23,GGB277103388,,양재IC(미정차),127.04045,37.463283,0
GGB233000462,M4434(예약),24,GGB277103390,,서초IC(미정차),127.026333,37.483133,0
GGB233000462,M4434(예약),25,GGB121000086,90062,KCC사옥,127.020217,37.503017,0
GGB233000462,M4434(예약),26,GGB121000946,,신논현역.금강빌딩,127.025467,37.501783,0
GGB233000462,M4434(예약),27,GGB277103680,,강남역.지오다노(미정차),127.026133,37.500417,0
GGB233000462,M4434(예약),28,GGB277102911,,강남역10번출구(미정차),127.026983,37.498617,0
GGB233000462,M4434(예약),29,GGB121000009,,신분당선강남역(중),127.028567,37.495783,0
GGB233000462,M4434(예약),30,GGB277101612,,우성아파트앞사거리(미정차),127.029533,37.49335,0
GGB233000462,M4434(예약),31,GGB277101867,,역삼동.우성아파트(미정차),127.030417,37.4914,0
GGB233000462,M4434(예약),32,GGB121000005,,뱅뱅사거리(중),127.032467,37.487683,0
GGB233000462,M4434(예약),33,GGB121000003,,양재역.서초문화예술회관(중),127.035883,37.482567,0
GGB233000462,M4434(예약),34,GGB277104385,,교육개발원입구교차로(미정차),127.0384,37.47775,0
GGB233000462,M4434(예약),35,GGB121000220,,매헌시민의숲.양재꽃시장,127.038383,37.4708,0
GGB233000462,M4434(예약),36,GGB277103387,,양재IC(미정차),127.039433,37.46365,0
GGB233000462,M4434(예약),37,GGB277104178,,청계산입구역(미정차),127.053833,37.448183,0
GGB233000462,M4434(예약),38,GGB277103440,,성남진입(미정차),127.066183,37.43355,0
GGB233000462,M4434(예약),39,GGB277103678,,금토JC(미정차),127.08445,37.4155,0
GGB233000462,M4434(예약),40,GGB277103150,,판교IC(미정차),127.10005,37.398833,0
GGB233000462,M4434(예약),41,GGB277103385,,서울TG(미정차),127.1026,37.36535,0
GGB233000462,M4434(예약),42,GGB277102104,,금곡(미정차),127.103117,37.350367,0
GGB233000462,M4434(예약),43,GGB277103442,,죽전(미정차),127.10315,37.3266,0
GGB233000462,M4434(예약),44,GGB277103360,,신갈JC(미정차),127.10345,37.290433,0
GGB233000462,M4434(예약),45,GGB277103362,,수원신갈IC(미정차),127.103533,37.266817,0
GGB233000462,M4434(예약),46,GGB277102621,,기흥휴게소(미정차),127.106183,37.235117,0
GGB233000462,M4434(예약),47,GGB233000709,55854,현대트랜시스(중),127.103817,37.217283,1
GGB233000462,M4434(예약),48,GGB233002436,36842,상록.테크노밸리.GS자이,127.098517,37.206517,1
GGB233000462,M4434(예약),49,GGB233000137,36436,롯데캐슬.포스코더샵,127.098467,37.1997,1
GGB233000462,M4434(예약),50,GGB233001637,37658,린스트라우스.한화,127.098517,37.19625,1
GGB233000462,M4434(예약),51,GGB233000994,36480,공공청사부지,127.099833,37.187033,1
GGB233000462,M4434(예약),52,GGB233000996,36488,반도3차.금강1차,127.103133,37.1802,1
GGB233000462,M4434(예약),53,GGB233003092,55419,우미린2차.호수부영3차,127.106417,37.17135,1
GGB233000462,M4434(예약),54,GGB233003126,55522,아이원.호수자이파밀리에,127.104783,37.161017,1
GGB233000463,M4448(예약),1,GGB233001754,55505,아이파크.센트럴시티,127.109317,37.165517,1
GGB233000463,M4448(예약),2,GGB277103993,,A74블럭(미정차),127.115,37.1659,1
GGB233000463,M4448(예약),3,GGB233001696,37696,레이크파크뷰,127.119,37.169917,1
GGB233000463,M4448(예약),4,GGB233000374,55465,창의고,127.122533,37.18185,1
GGB233000463,M4448(예약),5,GGB233001614,55489,한신더휴,127.12385,37.18645,1
GGB233000463,M4448(예약),6,GGB233002421,55340,예솔초.호반2차.대원2차,127.118767,37.196233,1
GGB233000463,M4448(예약),7,GGB233000129,36460,신안2차.반도4차,127.11605,37.199983,1
GGB233000463,M4448(예약),8,GGB277104808,,치동천5교교차로(미정차),127.11355,37.203417,1
GGB233000463,M4448(예약),9,GGB233002429,55305,이주택지.상록.경남아파트,127.110867,37.2071,1
GGB233000463,M4448(예약),10,GGB233000694,55852,동탄테크노벨리(중),127.09885,37.210933,1
GGB233000463,M4448(예약),11,GGB277102516,,기흥IC진입(미정차),127.10135,37.221733,0
GGB233000463,M4448(예약),12,GGB277102660,,기흥휴게소(미정차),127.106617,37.23525,0
GGB233000463,M4448(예약),13,GGB277103363,,수원신갈IC(미정차),127.104,37.2657,0
GGB233000463,M4448(예약),14,GGB277103361,,신갈JC(미정차),127.103867,37.289667,0
GGB233000463,M4448(예약),15,GGB277103443,,죽전(미정차),127.103817,37.326633,0
GGB233000463,M4448(예약),16,GGB277102630,,금곡(미정차),127.10355,37.349767,0
GGB233000463,M4448(예약),17,GGB277103386,,서울TG(미정차),127.104333,37.364967,0
GGB233000463,M4448(예약),18,GGB277103151,,판교IC(미정차),127.100617,37.398633,0
GGB233000463,M4448(예약),19,GGB277103679,,금토JC(미정차),127.085317,37.415283,0
GGB233000463,M4448(예약),20,GGB277103441,,서울진입(미정차),127.066583,37.43385,0
GGB233000463,M4448(예약),21,GGB277104177,,청계산입구역(미정차),127.0542,37.448367,0
GGB233000463,M4448(예약),22,GGB277103388,,양재IC(미정차),127.04045,37.463283,0
GGB233000463,M4448(예약),23,GGB277103390,,서초IC(미정차),127.026333,37.483133,0
GGB233000463,M4448(예약),24,GGB121000086,90062,KCC사옥,127.020217,37.503017,0
GGB233000463,M4448(예약),25,GGB121000947,,신논현역.유화빌딩,127.025517,37.50165,0
GGB233000463,M4448(예약),26,GGB277103680,,강남역.지오다노(미정차),127.026133,37.500417,0
GGB233000463,M4448(예약),27,GGB277102911,,강남역10번출구(미정차),127.026983,37.498617,0
GGB233000463,M4448(예약),28,GGB121000009,,신분당선강남역(중),127.028567,37.495783,0
GGB233000463,M4448(예약),29,GGB277101612,,우성아파트앞사거리(미정차),127.029533,37.49335,0
GGB233000463,M4448(예약),30,GGB121000005,,뱅뱅사거리(중),127.032467,37.487683,0
GGB233000463,M4448(예약),31,GGB121000003,,양재역.서초문화예술회관(중),127.035883,37.482567,0
GGB233000463,M4448(예약),32,GGB277104385,,교육개발원입구교차로(미정차),127.0384,37.47775,0
GGB233000463,M4448(예약),33,GGB121000220,,매헌시민의숲.양재꽃시장,127.038383,37.4708,0
GGB233000463,M4448(예약),34,GGB277103387,,양재IC(미정차),127.039433,37.46365,0
GGB233000463,M4448(예약),35,GGB277104178,,청계산입구역(미정차),127.053833,37.448183,0
GGB233000463,M4448(예약),36,GGB277103440,,성남진입(미정차),127.066183,37.43355,0
GGB233000463,M4448(예약),37,GGB277103678,,금토JC(미정차),127.08445,37.4155,0
GGB233000463,M4448(예약),38,GGB277103150,,판교IC(미정차),127.10005,37.398833,0
GGB233000463,M4448(예약),39,GGB277103385,,서울TG(미정차),127.1026,37.36535,0
GGB233000463,M4448(예약),40,GGB277102104,,금곡(미정차),127.103117,37.350367,0
GGB233000463,M4448(예약),41,GGB277103442,,죽전(미정차),127.10315,37.3266,0
GGB233000463,M4448(예약),42,GGB277103360,,신갈JC(미정차),127.10345,37.290433,0
GGB233000463,M4448(예약),43,GGB277103362,,수원신갈IC(미정차),127.103533,37.266817,0
GGB233000463,M4448(예약),44,GGB277102621,,기흥휴게소(미정차),127.106183,37.235117,0
GGB233000463,M4448(예약),45,GGB233000710,55855,동탄테크노벨리(중),127.098917,37.21195,1
GGB233000463,M4448(예약),46,GGB233001492,37550,상록.경남아파트.이주택지,127.110533,37.206867,1
GGB233000463,M4448(예약),47,GGB233001168,36458,센트럴푸르지오.호반베르디움2차,127.116817,37.198133,1
GGB233000463,M4448(예약),48,GGB233000965,36468,청목초.신안1차,127.1194,37.194583,1
GGB233000463,M4448(예약),49,GGB233001620,55490,힐스테이트.호반5차,127.122933,37.184867,1
GGB233000463,M4448(예약),50,GGB233000209,55464,창의고,127.122017,37.18175,1
GGB233000463,M4448(예약),51,GGB233001695,37724,레이크파크뷰,127.118533,37.170033,1
GGB233000463,M4448(예약),52,GGB233001753,55504,센트럴시티.아이파크,127.109117,37.165883,1
GGB233000464,1007(예약),1,GGB233000576,36204,수원대학교,126.97915,37.214167,1
GGB233000464,1007(예약),2,GGB233000945,36194,와우지구,126.976317,37.215983,1
GGB233000464,1007(예약),3,GGB233001457,37529,와우농협앞,126.974633,37.218,1
GGB233000464,1007(예약),4,GGB233000596,36186,신일해피트리1차,126.973933,37.222467,1
GGB233000464,1007(예약),5,GGB233000595,36176,우림그린빌리지,126.972433,37.22455,1
GGB233000464,1007(예약),6,GGB233000594,36172,광도와이드빌,126.971883,37.226583,1
GGB233000464,1007(예약),7,GGB233000002,36161,화성시민캠퍼스,126.970433,37.229317,0
GGB233000464,1007(예약),8,GGB233001986,55621,수영리검사소,126.968633,37.232683,0
GGB233000464,1007(예약),9,GGB201000260,2069,국립축산과학원,126.966267,37.236117,0
GGB233000464,1007(예약),10,GGB201000038,2051,수영오거리.방송통신대입구,126.9624,37.237717,1
GGB233000464,1007(예약),11,GGB201000153,2290,오목초등학교,126.963867,37.240083,0
GGB233000464,1007(예약),12,GGB201000152,2082,청구1차아파트,126.967983,37.24,0
GGB233000464,1007(예약),13,GGB201000493,2008,영조아름다운나날1단지,126.96995,37.24125,0
GGB233000464,1007(예약),14,GGB201000392,2889,영조아파트.푸르지오아파트,126.9693,37.242917,0
GGB233000464,1007(예약),15,GGB201000327,2839,오현초등학교,126.968217,37.245767,0
GGB233000464,1007(예약),16,GGB201000365,2872,서수원주민편익시설,126.972717,37.248367,0
GGB233000464,1007(예약),17,GGB201000023,2124,고색역.고색초교.태산아파트,126.9799,37.2504,0
GGB233000464,1007(예약),18,GGB201000022,2131,삼성큰병원.대원.거산아파트,126.984967,37.251833,0
GGB233000464,1007(예약),19,GGB201000341,2842,고색동입구,126.990117,37.25325,0
GGB233000464,1007(예약),20,GGB201000492,2332,중보교.수원역자동차운전전문학원,126.994867,37.2556,0
GGB233000464,1007(예약),21,GGB201000336,2832,공구유통타운.중앙자동차매매단지,126.997067,37.257833,0
GGB233000464,1007(예약),22,GGB277103690,,세평지하차도(미정차),127.001467,37.2613,0
GGB233000464,1007(예약),23,GGB277103688,,수원역고가(미정차),127.002117,37.264583,0
GGB233000464,1007(예약),24,GGB202000088,3171,수원역.지하상가13번출구,127.000083,37.267967,0
GGB233000464,1007(예약),25,GGB202000223,3020,고등동구터미널,127.001067,37.271217,0
GGB233000464,1007(예약),26,GGB202000222,3024,고등동사거리,127.002633,37.274417,0
GGB233000464,1007(예약),27,GGB202000221,3029,수원여고.푸르지오자이,127.003117,37.276067,0
GGB233000464,1007(예약),28,GGB202000205,3031,병무청입구.한국소방안전원경기지부,127.0046,37.280083,0
GGB233000464,1007(예약),29,GGB202000204,3034,글로벌청소년드림센터,127.006017,37.28215,0
GGB233000464,1007(예약),30,GGB200000190,1258,화서문.장안공원,127.009067,37.28615,0
GGB233000464,1007(예약),31,GGB200000189,1260,장안공원,127.013,37.288483,0
GGB233000464,1007(예약),32,GGB202000252,3139,화성행궁,127.015817,37.284267,0
GGB233000464,1007(예약),33,GGB202000057,3059,팔달구청.수원화성박물관,127.018833,37.281717,0
GGB233000464,1007(예약),34,GGB202000081,3062,매향동,127.020817,37.282417,0
GGB233000464,1007(예약),35,GGB202000087,3168,수원미디어센터,127.022617,37.284967,0
GGB233000464,1007(예약),36,GGB202000055,3066,창룡문.연무대,127.024183,37.287217,0
GGB233000464,1007(예약),37,GGB202000001,1194,수원시평생학습관.연무사회복지관.창룡도서관,127.0271,37.2914,0
GGB233000464,1007(예약),38,GGB202000053,3088,우만동4단지,127.030883,37.292217,0
GGB233000464,1007(예약),39,GGB203000167,4002,경기남부경찰청.봉녕사입구,127.034933,37.29365,0
GGB233000464,1007(예약),40,GGB203000166,4178,경기대수원캠퍼스후문.수원박물관,127.039433,37.29675,0
GGB233000464,1007(예약),41,GGB277103382,,동수원TG(미정차),127.047083,37.2971,0
GGB233000464,1007(예약),42,GGB277103691,,광교(미정차),127.078917,37.293167,0
GGB233000464,1007(예약),43,GGB277103231,,신갈JC(미정차),127.103117,37.2898,0
GGB233000464,1007(예약),44,GGB277103443,,죽전(미정차),127.103817,37.326633,0
GGB233000464,1007(예약),45,GGB277102630,,금곡(미정차),127.10355,37.349767,0
GGB233000464,1007(예약),46,GGB277103386,,서울TG(미정차),127.104333,37.364967,0
GGB233000464,1007(예약),47,GGB277104184,,판교진입(미정차),127.101733,37.393817,0
GGB233000464,1007(예약),48,GGB206000538,7494,화랑공원남편,127.106733,37.395333,0
GGB233000464,1007(예약),49,GGB206000577,7552,화랑공원동편,127.1072,37.396933,0
GGB233000464,1007(예약),50,GGB206000539,7495,금토천교,127.106033,37.4013,0
GGB233000464,1007(예약),51,GGB206000540,7496,삼평교,127.104783,37.404133,0
GGB233000464,1007(예약),52,GGB204000064,5002,판교제2테크노밸리,127.099733,37.411333,0
GGB233000464,1007(예약),53,GGB204000200,5182,국가기록원성남분원.코이카,127.101417,37.41535,0
GGB233000464,1007(예약),54,GGB204000063,5009,시흥사거리,127.102317,37.421117,0
GGB233000464,1007(예약),55,GGB204000002,5010,고등119안전센터,127.102467,37.424683,0
GGB233000464,1007(예약),56,GGB204000001,5008,고등동행정복지센터.판교밸리자이아파트,127.10205,37.428333,0
GGB233000464,1007(예약),57,GGB204000046,5013,등자리,127.103783,37.435267,0
GGB233000464,1007(예약),58,GGB204000223,5199,공군부대제2정문.면회실,127.104017,37.43805,0
GGB233000464,1007(예약),59,GGB204000045,5014,공군아파트,127.104333,37.446583,0
GGB233000464,1007(예약),60,GGB204000044,5017,효성고등학교,127.10575,37.4498,0
GGB233000464,1007(예약),61,GGB204000043,5020,오야동.신촌동행정복지센터,127.107117,37.455283,0
GGB233000464,1007(예약),62,GGB204000042,5022,신촌동앞,127.107767,37.459817,0
GGB233000464,1007(예약),63,GGB122000315,91128,세곡동사거리,127.108617,37.465667,0
GGB233000464,1007(예약),64,GGB122000317,91123,래미안포레아파트,127.106517,37.475233,0
GGB233000464,1007(예약),65,GGB122000718,,고속철도수서역,127.1042,37.484717,0
GGB233000464,1007(예약),66,GGB122000302,,수서역5번출구,127.102433,37.486917,0
GGB233000464,1007(예약),67,GGB123000243,,문정2동주민센터.송파청소년센터,127.1124,37.4905,0
GGB233000464,1007(예약),68,GGB123000244,92041,훼미리근린공원,127.114867,37.491233,0
GGB233000464,1007(예약),69,GGB123000009,,가락시장.가락시장역(중),127.117133,37.494417,0
GGB233000464,1007(예약),70,GGB123000007,,송파역(중),127.1118,37.50025,0
GGB233000464,1007(예약),71,GGB123000005,,석촌역(중),127.109117,37.5032,0
GGB233000464,1007(예약),72,GGB123000003,,석촌호수.한솔병원(중),127.105783,37.50685,0
GGB233000464,1007(예약),73,GGB123000611,,잠실광역환승센터,127.100667,37.51235,0
GGB233000464,1007(예약),74,GGB277102843,,잠실역환승센터출구(미정차),127.102983,37.509467,0
GGB233000464,1007(예약),75,GGB123000004,,석촌호수.한솔병원(중),127.105283,37.507183,0
GGB233000464,1007(예약),76,GGB123000006,,석촌역(중),127.108367,37.503833,0
GGB233000464,1007(예약),77,GGB123000008,,송파역(중),127.1112,37.500667,0
GGB233000464,1007(예약),78,GGB123000294,92047,가락시장.가락시장역,127.117183,37.493833,0
GGB233000464,1007(예약),79,GGB123000295,,가락시장.가락몰,127.11585,37.491883,0
GGB233000464,1007(예약),80,GGB123000296,,가락시장남문,127.112367,37.490783,0
GGB233000464,1007(예약),81,GGB122000747,,수서역6번출구,127.102517,37.486417,0
GGB233000464,1007(예약),82,GGB122000717,,고속철도수서역,127.103617,37.484967,0
GGB233000464,1007(예약),83,GGB122000320,91122,래미안포레아파트,127.106233,37.475067,0
GGB233000464,1007(예약),84,GGB122000308,,세곡동사거리,127.1079,37.463717,0
GGB233000464,1007(예약),85,GGB204000041,5021,신촌동앞,127.107267,37.459217,0
GGB233000464,1007(예약),86,GGB204000040,5019,오야동.신촌동행정복지센터,127.106533,37.4544,0
GGB233000464,1007(예약),87,GGB204000039,5016,효성고등학교,127.105017,37.449017,0
GGB233000464,1007(예약),88,GGB204000057,5012,공군아파트,127.1036,37.445767,0
GGB233000464,1007(예약),89,GGB204000222,5198,공군부대제2정문.면회실,127.10345,37.438633,0
GGB233000464,1007(예약),90,GGB204000038,5011,등자리,127.103183,37.434183,0
GGB233000464,1007(예약),91,GGB204000062,5005,고등동행정복지센터.판교밸리자이아파트,127.10165,37.428217,0
GGB233000464,1007(예약),92,GGB204000037,5007,고등119안전센터,127.102033,37.4246,0
GGB233000464,1007(예약),93,GGB204000061,5006,시흥사거리,127.101917,37.420767,0
GGB233000464,1007(예약),94,GGB204000199,5181,국가기록원성남분원.코이카,127.101,37.415383,0
GGB233000464,1007(예약),95,GGB204000060,5001,판교제2테크노밸리,127.09935,37.411683,0
GGB233000464,1007(예약),96,GGB206000542,7498,삼평교,127.104167,37.403917,0
GGB233000464,1007(예약),97,GGB206000543,7499,금토천교,127.10555,37.4012,0
GGB233000464,1007(예약),98,GGB206000561,7516,화랑공원동편,127.106833,37.397417,0
GGB233000464,1007(예약),99,GGB206000544,7500,화랑공원남편,127.106317,37.395483,0
GGB233000464,1007(예약),100,GGB277104185,,판교출입(미정차),127.101983,37.392067,0
GGB233000464,1007(예약),101,GGB277103385,,서울TG(미정차),127.1026,37.36535,0
GGB233000464,1007(예약),102,GGB277102104,,금곡(미정차),127.103117,37.350367,0
GGB233000464,1007(예약),103,GGB277103442,,죽전(미정차),127.10315,37.3266,0
GGB233000464,1007(예약),104,GGB277103692,,광교(미정차),127.07955,37.293383,0
GGB233000464,1007(예약),105,GGB277103381,,동수원TG(미정차),127.0475,37.29805,0
GGB233000464,1007(예약),106,GGB203000165,4181,경기대수원캠퍼스후문.수원박물관,127.03975,37.297083,0
GGB233000464,1007(예약),107,GGB203000001,1257,경기남부경찰청.봉녕사입구,127.034217,37.2936,0
GGB233000464,1007(예약),108,GGB200000197,1256,우만주공4단지,127.030367,37.29245,0
GGB233000464,1007(예약),109,GGB200000084,1192,수원시평생학습관.연무사회복지관.창룡도서관,127.026883,37.291567,0
GGB233000464,1007(예약),110,GGB202000060,3067,창룡문.연무대,127.024283,37.288117,0
GGB233000464,1007(예약),111,GGB202000059,3063,수원미디어센터,127.021733,37.284167,0
GGB233000464,1007(예약),112,GGB202000248,3058,화성행궁.여민각,127.017333,37.2819,0
GGB233000464,1007(예약),113,GGB202000231,3050,팔달구청.화성행궁.수원성지,127.016333,37.28375,0
GGB233000464,1007(예약),114,GGB200000183,1259,장안공원,127.0127,37.288567,0
GGB233000464,1007(예약),115,GGB200000202,1232,(구)한국은행,127.00935,37.286617,0
GGB233000464,1007(예약),116,GGB202000202,3037,화서문로터리,127.006933,37.284667,0
GGB233000464,1007(예약),117,GGB202000203,3033,글로벌청소년드림센터,127.0057,37.282133,0
GGB233000464,1007(예약),118,GGB202000201,3030,병무청입구.한국소방안전원경기지부,127.00385,37.279417,0
GGB233000464,1007(예약),119,GGB202000220,3028,수원여고.농천교회.수원역푸르지오자이,127.00275,37.275917,0
GGB233000464,1007(예약),120,GGB202000211,3026,고등동사거리.고등동행정복지센터.수원역푸르지오자이,127.002283,37.274267,0
GGB233000464,1007(예약),121,GGB202000217,3018,고등동삼거리,127.00105,37.2717,0
GGB233000464,1007(예약),122,GGB202000208,3015,수원역4번출구.노보텔수원,126.999567,37.268083,0
GGB233000464,1007(예약),123,GGB201000020,2156,공구유통타운.중앙자동차매매단지,126.997067,37.25835,0
GGB233000464,1007(예약),124,GGB201000390,2331,중보교.수원역자동차운전전문학원,126.994583,37.25575,0
GGB233000464,1007(예약),125,GGB201000389,2926,고색동입구,126.98995,37.253533,0
GGB233000464,1007(예약),126,GGB201000064,2137,고색파출소.종합공구단지,126.986683,37.252633,0
GGB233000464,1007(예약),127,GGB201000019,2128,연안아파트.삼성큰병원,126.983783,37.251817,0
GGB233000464,1007(예약),128,GGB201000018,2122,고색역.고색초교.태산아파트,126.979667,37.25065,0
GGB233000464,1007(예약),129,GGB201000488,2972,서수원주민편익시설,126.972333,37.248583,0
GGB233000464,1007(예약),130,GGB201000326,2835,오현초등학교,126.968117,37.245483,0
GGB233000464,1007(예약),131,GGB201000391,2888,영조아파트.푸르지오아파트,126.9691,37.242883,0
GGB233000464,1007(예약),132,GGB201000393,2890,아름다운나날,126.96975,37.241133,0
GGB233000464,1007(예약),133,GGB201000130,2081,청구1차아파트,126.969233,37.240183,0
GGB233000464,1007(예약),134,GGB201000151,2289,오목천주공아파트,126.963883,37.240267,0
GGB233000464,1007(예약),135,GGB233000593,36148,수영오거리.방송통신대입구,126.962517,37.237517,1
GGB233000464,1007(예약),136,GGB233000592,36152,국립축산과학원,126.965867,37.236117,0
GGB233000464,1007(예약),137,GGB233001574,37638,수영리검사소,126.968467,37.232483,1
GGB233000464,1007(예약),138,GGB233000591,36159,화성시민캠퍼스,126.97035,37.229117,1
GGB233000464,1007(예약),139,GGB233000590,36169,신일우남아파트,126.971617,37.2266,1
GGB233000464,1007(예약),140,GGB233000589,36174,SK매직.우림그린빌리지,126.97205,37.224783,1
GGB233000464,1007(예약),141,GGB233000588,36183,봉담이마트,126.9736,37.222533,1
GGB233000464,1007(예약),142,GGB233000942,36187,와우농협앞,126.974433,37.218017,1
GGB233000464,1007(예약),143,GGB233000944,36193,와우지구,126.976183,37.2159,1
GGB233000464,1007(예약),144,GGB233000575,36210,수원대학교,126.979767,37.213833,1
GGB233000465,1009(예약),1,GGB233001214,36216,수원대학교,126.98015,37.21375,1
GGB233000465,1009(예약),2,GGB233000599,36663,홍익대.홍익디자인고,126.978483,37.217067,1
GGB233000465,1009(예약),3,GGB233000598,37573,북촌말앞,126.976533,37.220067,1
GGB233000465,1009(예약),4,GGB233000596,36186,신일해피트리1차,126.973933,37.222467,1
GGB233000465,1009(예약),5,GGB233000595,36176,우림그린빌리지,126.972433,37.22455,1
GGB233000465,1009(예약),6,GGB233000594,36172,광도와이드빌,126.971883,37.226583,1
GGB233000465,1009(예약),7,GGB233000002,36161,화성시민캠퍼스,126.970433,37.229317,0
GGB233000465,1009(예약),8,GGB233001986,55621,수영리검사소,126.968633,37.232683,0
GGB233000465,1009(예약),9,GGB201000260,2069,국립축산과학원,126.966267,37.236117,0
GGB233000465,1009(예약),10,GGB201000038,2051,수영오거리.방송통신대입구,126.9624,37.237717,1
GGB233000465,1009(예약),11,GGB201000153,2290,오목초등학교,126.963867,37.240083,0
GGB233000465,1009(예약),12,GGB201000152,2082,청구1차아파트,126.967983,37.24,0
GGB233000465,1009(예약),13,GGB201000352,2851,들바람공원,126.977817,37.2409,0
GGB233000465,1009(예약),14,GGB201000350,2848,우림.대한아파트,126.977783,37.247333,0
GGB233000465,1009(예약),15,GGB201000126,2109,도로교통관리사업소,126.97625,37.250583,0
GGB233000465,1009(예약),16,GGB201000125,2097,권선구청.한봄고.덕산병원,126.973833,37.257167,0
GGB233000465,1009(예약),17,GGB201000218,2095,탑동우방아파트,126.971583,37.268683,0
GGB233000465,1009(예약),18,GGB201000173,2089,구운동주민센터.서수원도서관,126.970533,37.27425,0
GGB233000465,1009(예약),19,GGB201000172,2103,탑동초등학교.삼성아파트,126.974583,37.275217,0
GGB233000465,1009(예약),20,GGB201000171,2110,구운중학교,126.97645,37.27555,0
GGB233000465,1009(예약),21,GGB201000031,2119,웃거리.힐스테이트수원테라스,126.978817,37.277083,0
GGB233000465,1009(예약),22,GGB201000030,2102,구운오거리.경기중소기업성장지원센터,126.97405,37.281383,0
GGB233000465,1009(예약),23,GGB201000189,2107,구운동강남아파트,126.975317,37.282,0
GGB233000465,1009(예약),24,GGB201000188,2117,구운동삼환아파트,126.97815,37.282633,0
GGB233000465,1009(예약),25,GGB202000255,3158,율현중학교.녹색교통회관.꽃뫼버들코오롱아파트,126.980767,37.285583,0
GGB233000465,1009(예약),26,GGB202000251,3156,꽃뫼대우아파트,126.985433,37.286183,0
GGB233000465,1009(예약),27,GGB200000204,1082,화서역.화서주공3단지.스타필드수원,126.992033,37.286617,0
GGB233000465,1009(예약),28,GGB200000113,1098,경기수원의료원.두견마을.파크푸르지오,126.9965,37.29015,0
GGB233000465,1009(예약),29,GGB200000112,1092,장안고등학교,126.994967,37.292717,0
GGB233000465,1009(예약),30,GGB200000111,1084,정자3동행정복지센터.정자동중심상가,126.993383,37.295383,0
GGB233000465,1009(예약),31,GGB200000091,1081,풍림아파트,126.992033,37.298667,0
GGB233000465,1009(예약),32,GGB200000120,1086,동신아파트,126.994133,37.30265,0
GGB233000465,1009(예약),33,GGB200000119,1222,효자문사거리.북수원자이렉스비아정문,126.991683,37.305717,0
GGB233000465,1009(예약),34,GGB200000130,1069,SK스카이뷰.SK아트리움,126.9887,37.309183,0
GGB233000465,1009(예약),35,GGB200000042,1206,이목동.장안힐스테이트,126.9853,37.314,0
GGB233000465,1009(예약),36,GGB200000041,1049,이목동.장안STX칸,126.98395,37.315567,0
GGB233000465,1009(예약),37,GGB200000094,1050,동원고교.해우재입구,126.984033,37.317,0
GGB233000465,1009(예약),38,GGB277104640,,효행공원(미정차),126.986633,37.32525,0
GGB233000465,1009(예약),39,GGB277103323,,지지대고개(미정차),126.983667,37.33055,0
GGB233000465,1009(예약),40,GGB277104642,,골사그내교차로(미정차),126.980767,37.3356,0
GGB233000465,1009(예약),41,GGB226000039,27113,의왕톨게이트,126.985,37.3471,0
GGB233000465,1009(예약),42,GGB277103221,,의왕터널진입(미정차),126.998417,37.358917,0
GGB233000465,1009(예약),43,GGB226000191,27185,의왕청계영업소,127.026167,37.39245,0
GGB233000465,1009(예약),44,GGB277102796,,청계터널출입(미정차),127.054983,37.396117,0
GGB233000465,1009(예약),45,GGB277103148,,판교TG(미정차),127.102133,37.395667,0
GGB233000465,1009(예약),46,GGB206000538,7494,화랑공원남편,127.106733,37.395333,0
GGB233000465,1009(예약),47,GGB206000577,7552,화랑공원동편,127.1072,37.396933,0
GGB233000465,1009(예약),48,GGB206000539,7495,금토천교,127.106033,37.4013,0
GGB233000465,1009(예약),49,GGB206000540,7496,삼평교,127.104783,37.404133,0
GGB233000465,1009(예약),50,GGB204000064,5002,판교제2테크노밸리,127.099733,37.411333,0
GGB233000465,1009(예약),51,GGB204000200,5182,국가기록원성남분원.코이카,127.101417,37.41535,0
GGB233000465,1009(예약),52,GGB204000063,5009,시흥사거리,127.102317,37.421117,0
GGB233000465,1009(예약),53,GGB204000002,5010,고등119안전센터,127.102467,37.424683,0
GGB233000465,1009(예약),54,GGB204000001,5008,고등동행정복지센터.판교밸리자이아파트,127.10205,37.428333,0
GGB233000465,1009(예약),55,GGB204000046,5013,등자리,127.103783,37.435267,0
GGB233000465,1009(예약),56,GGB204000223,5199,공군부대제2정문.면회실,127.104017,37.43805,0
GGB233000465,1009(예약),57,GGB204000045,5014,공군아파트,127.104333,37.446583,0
GGB233000465,1009(예약),58,GGB204000044,5017,효성고등학교,127.10575,37.4498,0
GGB233000465,1009(예약),59,GGB204000043,5020,오야동.신촌동행정복지센터,127.107117,37.455283,0
GGB233000465,1009(예약),60,GGB204000042,5022,신촌동앞,127.107767,37.459817,0
GGB233000465,1009(예약),61,GGB122000309,91154,세곡동,127.1101,37.464683,0
GGB233000465,1009(예약),62,GGB122000310,,광연자동차학원앞,127.11635,37.465667,0
GGB233000465,1009(예약),63,GGB122000311,,삼일자동차학원.강남자동차검사소,127.12105,37.46775,0
GGB233000465,1009(예약),64,GGB123000015,,장지역.가든파이브(중),127.126183,37.478883,0
GGB233000465,1009(예약),65,GGB123000013,,문정법조단지.건영아파트(중),127.124567,37.48195,0
GGB233000465,1009(예약),66,GGB123000011,,문정로데오거리입구(중),127.12145,37.488233,0
GGB233000465,1009(예약),67,GGB123000009,,가락시장.가락시장역(중),127.117133,37.494417,0
GGB233000465,1009(예약),68,GGB123000007,,송파역(중),127.1118,37.50025,0
GGB233000465,1009(예약),69,GGB123000005,,석촌역(중),127.109117,37.5032,0
GGB233000465,1009(예약),70,GGB123000003,,석촌호수.한솔병원(중),127.105783,37.50685,0
GGB233000465,1009(예약),71,GGB123000611,,잠실광역환승센터,127.100667,37.51235,0
GGB233000465,1009(예약),72,GGB277102843,,잠실역환승센터출구(미정차),127.102983,37.509467,0
GGB233000465,1009(예약),73,GGB123000004,,석촌호수.한솔병원(중),127.105283,37.507183,0
GGB233000465,1009(예약),74,GGB123000006,,석촌역(중),127.108367,37.503833,0
GGB233000465,1009(예약),75,GGB123000008,,송파역(중),127.1112,37.500667,0
GGB233000465,1009(예약),76,GGB123000010,,가락시장.가락시장역(중),127.11655,37.494833,0
GGB233000465,1009(예약),77,GGB123000012,,문정로데오거리입구(중),127.120583,37.489317,0
GGB233000465,1009(예약),78,GGB123000014,,문정법조단지.건영아파트(중),127.1238,37.48315,0
GGB233000465,1009(예약),79,GGB123000016,,장지역.가든파이브(중),127.1254,37.479983,0
GGB233000465,1009(예약),80,GGB122000312,,삼일자동차학원.강남자동차검사소,127.120867,37.468167,0
GGB233000465,1009(예약),81,GGB122000313,,광연자동차학원앞,127.118733,37.46705,0
GGB233000465,1009(예약),82,GGB122000308,,세곡동사거리,127.1079,37.463717,0
GGB233000465,1009(예약),83,GGB204000041,5021,신촌동앞,127.107267,37.459217,0
GGB233000465,1009(예약),84,GGB204000040,5019,오야동.신촌동행정복지센터,127.106533,37.4544,0
GGB233000465,1009(예약),85,GGB204000039,5016,효성고등학교,127.105017,37.449017,0
GGB233000465,1009(예약),86,GGB204000057,5012,공군아파트,127.1036,37.445767,0
GGB233000465,1009(예약),87,GGB204000222,5198,공군부대제2정문.면회실,127.10345,37.438633,0
GGB233000465,1009(예약),88,GGB204000038,5011,등자리,127.103183,37.434183,0
GGB233000465,1009(예약),89,GGB204000062,5005,고등동행정복지센터.판교밸리자이아파트,127.10165,37.428217,0
GGB233000465,1009(예약),90,GGB204000037,5007,고등119안전센터,127.102033,37.4246,0
GGB233000465,1009(예약),91,GGB204000061,5006,시흥사거리,127.101917,37.420767,0
GGB233000465,1009(예약),92,GGB204000199,5181,국가기록원성남분원.코이카,127.101,37.415383,0
GGB233000465,1009(예약),93,GGB204000060,5001,판교제2테크노밸리,127.09935,37.411683,0
GGB233000465,1009(예약),94,GGB206000542,7498,삼평교,127.104167,37.403917,0
GGB233000465,1009(예약),95,GGB206000543,7499,금토천교,127.10555,37.4012,0
GGB233000465,1009(예약),96,GGB206000561,7516,화랑공원동편,127.106833,37.397417,0
GGB233000465,1009(예약),97,GGB206000544,7500,화랑공원남편,127.106317,37.395483,0
GGB233000465,1009(예약),98,GGB277103149,,판교TG(미정차),127.103167,37.39595,0
GGB233000465,1009(예약),99,GGB277102599,,청계터널진입(미정차),127.054267,37.39655,0
GGB233000465,1009(예약),100,GGB226000190,27186,의왕청계영업소,127.02325,37.393133,0
GGB233000465,1009(예약),101,GGB277103220,,의왕터널진입(미정차),126.999233,37.365667,0
GGB233000465,1009(예약),102,GGB226000038,27112,의왕톨게이트,126.9845,37.348517,0
GGB233000465,1009(예약),103,GGB277103322,,지지대고개(미정차),126.983333,37.33045,0
GGB233000465,1009(예약),104,GGB277104641,,효행공원(미정차),126.98625,37.32515,0
GGB233000465,1009(예약),105,GGB200000152,1048,이목동.장안STX칸,126.983783,37.3154,0
GGB233000465,1009(예약),106,GGB200000151,1210,이목동.장안힐스테이트,126.985383,37.313467,0
GGB233000465,1009(예약),107,GGB200000127,1218,SK스카이뷰.SK아트리움,126.988267,37.309317,0
GGB233000465,1009(예약),108,GGB200000117,1077,북수원자이렉스비아정문,126.990833,37.306367,0
GGB233000465,1009(예약),109,GGB200000116,1087,동신아파트,126.994117,37.302267,0
GGB233000465,1009(예약),110,GGB200000090,1083,풍림아파트,126.992033,37.29885,0
GGB233000465,1009(예약),111,GGB200000096,1085,정자3동행정복지센터.정자동중심상가.동양고속성지아파트,126.993217,37.294917,0
GGB233000465,1009(예약),112,GGB200000147,1093,장안고등학교,126.9948,37.292333,0
GGB233000465,1009(예약),113,GGB200000266,1251,경기수원의료원.파크푸르지오.두견마을,126.9958,37.29065,0
GGB233000465,1009(예약),114,GGB200000088,1079,화서역.스타필드수원.푸르지오브리시엘,126.991417,37.2867,0
GGB233000465,1009(예약),115,GGB202000254,3157,현대모닝아파트,126.984817,37.286467,0
GGB233000465,1009(예약),116,GGB202000245,3152,율현중학교.녹색교통회관.꽃뫼버들코오롱아파트,126.980683,37.285817,0
GGB233000465,1009(예약),117,GGB201000187,2121,구운동삼환아파트,126.97895,37.283133,0
GGB233000465,1009(예약),118,GGB201000186,2105,구운동성원아파트.일월먹거리촌,126.974867,37.2821,0
GGB233000465,1009(예약),119,GGB201000035,2101,구운오거리.경기중소기업성장지원센터,126.974033,37.281,0
GGB233000465,1009(예약),120,GGB201000034,2120,웃거리.힐스테이트수원테라스,126.9789,37.276633,0
GGB233000465,1009(예약),121,GGB201000253,2112,구운중학교,126.977167,37.275917,0
GGB233000465,1009(예약),122,GGB201000252,2099,탑동초등학교.삼성아파트,126.973967,37.275317,0
GGB233000465,1009(예약),123,GGB201000470,2957,구운동주민센터.서수원도서관,126.97105,37.274633,0
GGB233000465,1009(예약),124,GGB201000217,2093,탑동우방아파트,126.971183,37.268783,0
GGB233000465,1009(예약),125,GGB201000157,2288,권선경찰서.권선구청.덕산병원,126.97335,37.258567,0
GGB233000465,1009(예약),126,GGB201000122,2108,고색동태산아파트.도로교통관리사업소,126.97585,37.250583,0
GGB233000465,1009(예약),127,GGB201000349,2846,우림.대한아파트,126.977933,37.24585,0
GGB233000465,1009(예약),128,GGB201000355,2865,수원델타플렉스육교앞,126.97905,37.243483,0
GGB233000465,1009(예약),129,GGB201000353,2853,들바람공원,126.97765,37.241117,0
GGB233000465,1009(예약),130,GGB201000130,2081,청구1차아파트,126.969233,37.240183,0
GGB233000465,1009(예약),131,GGB201000151,2289,오목천주공아파트,126.963883,37.240267,0
GGB233000465,1009(예약),132,GGB233000593,36148,수영오거리.방송통신대입구,126.962517,37.237517,1
GGB233000465,1009(예약),133,GGB233000592,36152,국립축산과학원,126.965867,37.236117,0
GGB233000465,1009(예약),134,GGB233001574,37638,수영리검사소,126.968467,37.232483,1
GGB233000465,1009(예약),135,GGB233000591,36159,화성시민캠퍼스,126.97035,37.229117,1
GGB233000465,1009(예약),136,GGB233000590,36169,신일우남아파트,126.971617,37.2266,1
GGB233000465,1009(예약),137,GGB233000589,36174,SK매직.우림그린빌리지,126.97205,37.224783,1
GGB233000465,1009(예약),138,GGB233000588,36183,봉담이마트,126.9736,37.222533,1
GGB233000465,1009(예약),139,GGB233000587,36195,북촌말입구,126.9767,37.21955,1
GGB233000465,1009(예약),140,GGB233000586,36662,신일해피트리2차아파트,126.97845,37.216633,1
GGB233000465,1009(예약),141,GGB233001213,36215,수원대학교,126.979967,37.21375,1
GGB233000466,M4108(예약),1,GGB233001448,36678,나루마을.월드반도,127.076517,37.1908,1
GGB233000466,M4108(예약),2,GGB233001450,36680,솔빛마을.화성동탄중앙도서관,127.069633,37.195817,1
GGB233000466,M4108(예약),3,GGB233001224,36664,다은마을(중),127.067583,37.199983,1
GGB233000466,M4108(예약),4,GGB233001219,36667,메타폴리스(중),127.067517,37.203733,1
GGB233000466,M4108(예약),5,GGB233001562,36668,한빛마을(중),127.06905,37.207667,1
GGB233000466,M4108(예약),6,GGB233001281,36672,예당마을.롯데캐슬(중),127.072067,37.21095,1
GGB233000466,M4108(예약),7,GGB277101908,,기흥동탄TG(미정차),127.091567,37.21655,1
GGB233000466,M4108(예약),8,GGB277102660,,기흥휴게소(미정차),127.106617,37.23525,0
GGB233000466,M4108(예약),9,GGB277103363,,수원신갈IC(미정차),127.104,37.2657,0
GGB233000466,M4108(예약),10,GGB277103361,,신갈JC(미정차),127.103867,37.289667,0
GGB233000466,M4108(예약),11,GGB277103443,,죽전(미정차),127.103817,37.326633,0
GGB233000466,M4108(예약),12,GGB277103386,,서울TG(미정차),127.104333,37.364967,0
GGB233000466,M4108(예약),13,GGB277103151,,판교IC(미정차),127.100617,37.398633,0
GGB233000466,M4108(예약),14,GGB277103679,,금토JC(미정차),127.085317,37.415283,0
GGB233000466,M4108(예약),15,GGB277103441,,서울진입(미정차),127.066583,37.43385,0
GGB233000466,M4108(예약),16,GGB277104177,,청계산입구역(미정차),127.0542,37.448367,0
GGB233000466,M4108(예약),17,GGB277103388,,양재IC(미정차),127.04045,37.463283,0
GGB233000466,M4108(예약),18,GGB277103390,,서초IC(미정차),127.026333,37.483133,0
GGB233000466,M4108(예약),19,GGB277103391,,반포IC(미정차),127.018867,37.50285,0
GGB233000466,M4108(예약),20,GGB277103400,,한남IC(미정차),127.017583,37.522483,0
GGB233000466,M4108(예약),21,GGB277104180,,한남1고가차도(미정차),127.0037,37.540717,0
GGB233000466,M4108(예약),22,GGB277104186,,남산1호터널TG(미정차),126.99315,37.55585,0
GGB233000466,M4108(예약),23,GGB101000002,,국가인권위.안중근활동터(중),126.98785,37.564317,0
GGB233000466,M4108(예약),24,GGB277104376,,SKT타워(미정차),126.985267,37.566217,0
GGB233000466,M4108(예약),25,GGB101000303,,서울시청,126.980767,37.56615,0
GGB233000466,M4108(예약),26,GGB277104283,,시청교차로(미정차),126.976767,37.56455,0
GGB233000466,M4108(예약),27,GGB101000128,,신한은행본점,126.975517,37.561117,0
GGB233000466,M4108(예약),28,GGB101000006,,서울역버스환승센터(6번승강장)(중),126.972733,37.55515,0
GGB233000466,M4108(예약),29,GGB277101742,,서울역교차로(미정차),126.972633,37.5571,0
GGB233000466,M4108(예약),30,GGB277102115,,숭례문교차로(미정차),126.975433,37.560367,0
GGB233000466,M4108(예약),31,GGB277102114,,남대문로3가(미정차),126.978983,37.56105,0
GGB233000466,M4108(예약),32,GGB101000334,,명동입구B,126.982533,37.564433,0
GGB233000466,M4108(예약),33,GGB101000337,,명동성당,126.987383,37.565017,0
GGB233000466,M4108(예약),34,GGB277104824,,퇴계로2가교차로(미정차),126.989017,37.560733,0
GGB233000466,M4108(예약),35,GGB277104181,,남산1호터널TG(미정차),126.992717,37.5557,0
GGB233000466,M4108(예약),36,GGB277104179,,한남1고가차도진입(미정차),127.002317,37.541417,0
GGB233000466,M4108(예약),37,GGB277103399,,한남IC(미정차),127.017283,37.522033,0
GGB233000466,M4108(예약),38,GGB277103392,,반포IC(미정차),127.018433,37.502817,0
GGB233000466,M4108(예약),39,GGB277103389,,서초IC(미정차),127.025667,37.48365,0
GGB233000466,M4108(예약),40,GGB277103387,,양재IC(미정차),127.039433,37.46365,0
GGB233000466,M4108(예약),41,GGB277104178,,청계산입구역(미정차),127.053833,37.448183,0
GGB233000466,M4108(예약),42,GGB277103440,,성남진입(미정차),127.066183,37.43355,0
GGB233000466,M4108(예약),43,GGB277103678,,금토JC(미정차),127.08445,37.4155,0
GGB233000466,M4108(예약),44,GGB277103150,,판교IC(미정차),127.10005,37.398833,0
GGB233000466,M4108(예약),45,GGB277103385,,서울TG(미정차),127.1026,37.36535,0
GGB233000466,M4108(예약),46,GGB277103442,,죽전(미정차),127.10315,37.3266,0
GGB233000466,M4108(예약),47,GGB277103360,,신갈JC(미정차),127.10345,37.290433,0
GGB233000466,M4108(예약),48,GGB277103362,,수원신갈IC(미정차),127.103533,37.266817,0
GGB233000466,M4108(예약),49,GGB277102621,,기흥휴게소(미정차),127.106183,37.235117,0
GGB233000466,M4108(예약),50,GGB277101884,,기흥동탄TG(미정차),127.0917,37.216983,1
GGB233000466,M4108(예약),51,GGB233001282,37587,예당마을.롯데캐슬(중),127.073,37.21175,1
GGB233000466,M4108(예약),52,GGB233001216,36841,한빛마을.석우중학교(중),127.069267,37.208217,1
GGB233000466,M4108(예약),53,GGB233001218,36666,메타폴리스(중),127.067483,37.204267,1
GGB233000466,M4108(예약),54,GGB233001220,37693,다은마을(중),127.06735,37.200383,1
GGB233000466,M4108(예약),55,GGB233001452,37584,새강마을.화성동탄중앙도서관,127.0692,37.195667,1
GGB233000466,M4108(예약),56,GGB233001713,37745,나루마을.한화꿈에그린2차,127.07455,37.191317,1
GGB233000467,M4403(예약),1,GGB233001448,36678,나루마을.월드반도,127.076517,37.1908,1
GGB233000467,M4403(예약),2,GGB277102522,,새강마을사거리(미정차),127.072417,37.193033,1
GGB233000467,M4403(예약),3,GGB233001450,36680,솔빛마을.화성동탄중앙도서관,127.069633,37.195817,1
GGB233000467,M4403(예약),4,GGB233001224,36664,다은마을(중),127.067583,37.199983,1
GGB233000467,M4403(예약),5,GGB233001219,36667,메타폴리스(중),127.067517,37.203733,1
GGB233000467,M4403(예약),6,GGB233001562,36668,한빛마을(중),127.06905,37.207667,1
GGB233000467,M4403(예약),7,GGB233001281,36672,예당마을.롯데캐슬(중),127.072067,37.21095,1
GGB233000467,M4403(예약),8,GGB277101908,,기흥동탄TG(미정차),127.091567,37.21655,1
GGB233000467,M4403(예약),9,GGB277102660,,기흥휴게소(미정차),127.106617,37.23525,0
GGB233000467,M4403(예약),10,GGB277103363,,수원신갈IC(미정차),127.104,37.2657,0
GGB233000467,M4403(예약),11,GGB277103361,,신갈JC(미정차),127.103867,37.289667,0
GGB233000467,M4403(예약),12,GGB277103443,,죽전(미정차),127.103817,37.326633,0
GGB233000467,M4403(예약),13,GGB277102630,,금곡(미정차),127.10355,37.349767,0
GGB233000467,M4403(예약),14,GGB277103386,,서울TG(미정차),127.104333,37.364967,0
GGB233000467,M4403(예약),15,GGB277103151,,판교IC(미정차),127.100617,37.398633,0
GGB233000467,M4403(예약),16,GGB277103679,,금토JC(미정차),127.085317,37.415283,0
GGB233000467,M4403(예약),17,GGB277103441,,서울진입(미정차),127.066583,37.43385,0
GGB233000467,M4403(예약),18,GGB277104177,,청계산입구역(미정차),127.0542,37.448367,0
GGB233000467,M4403(예약),19,GGB277103388,,양재IC(미정차),127.04045,37.463283,0
GGB233000467,M4403(예약),20,GGB277103390,,서초IC(미정차),127.026333,37.483133,0
GGB233000467,M4403(예약),21,GGB121000086,90062,KCC사옥,127.020217,37.503017,0
GGB233000467,M4403(예약),22,GGB121000944,,신논현역.주류성빌딩,127.025767,37.50115,0
GGB233000467,M4403(예약),23,GGB277102911,,강남역10번출구(미정차),127.026983,37.498617,0
GGB233000467,M4403(예약),24,GGB121000973,90258,강남역티월드,127.028867,37.4947,0
GGB233000467,M4403(예약),25,GGB277101867,,역삼동.우성아파트(미정차),127.030417,37.4914,0
GGB233000467,M4403(예약),26,GGB277102150,,뱅뱅사거리(미정차),127.031517,37.48925,0
GGB233000467,M4403(예약),27,GGB121000005,,뱅뱅사거리(중),127.032467,37.487683,0
GGB233000467,M4403(예약),28,GGB121000003,,양재역.서초문화예술회관(중),127.035883,37.482567,0
GGB233000467,M4403(예약),29,GGB277104385,,교육개발원입구교차로(미정차),127.0384,37.47775,0
GGB233000467,M4403(예약),30,GGB121000220,,매헌시민의숲.양재꽃시장,127.038383,37.4708,0
GGB233000467,M4403(예약),31,GGB277103387,,양재IC(미정차),127.039433,37.46365,0
GGB233000467,M4403(예약),32,GGB277104178,,청계산입구역(미정차),127.053833,37.448183,0
GGB233000467,M4403(예약),33,GGB277103440,,성남진입(미정차),127.066183,37.43355,0
GGB233000467,M4403(예약),34,GGB277103678,,금토JC(미정차),127.08445,37.4155,0
GGB233000467,M4403(예약),35,GGB277103150,,판교IC(미정차),127.10005,37.398833,0
GGB233000467,M4403(예약),36,GGB277103385,,서울TG(미정차),127.1026,37.36535,0
GGB233000467,M4403(예약),37,GGB277102104,,금곡(미정차),127.103117,37.350367,0
GGB233000467,M4403(예약),38,GGB277103442,,죽전(미정차),127.10315,37.3266,0
GGB233000467,M4403(예약),39,GGB277103360,,신갈JC(미정차),127.10345,37.290433,0
GGB233000467,M4403(예약),40,GGB277103362,,수원신갈IC(미정차),127.103533,37.266817,0
GGB233000467,M4403(예약),41,GGB277102621,,기흥휴게소(미정차),127.106183,37.235117,0
GGB233000467,M4403(예약),42,GGB277101884,,기흥동탄TG(미정차),127.0917,37.216983,1
GGB233000467,M4403(예약),43,GGB233001282,37587,예당마을.롯데캐슬(중),127.073,37.21175,1
GGB233000467,M4403(예약),44,GGB233001216,36841,한빛마을.석우중학교(중),127.069267,37.208217,1
GGB233000467,M4403(예약),45,GGB233001218,36666,메타폴리스(중),127.067483,37.204267,1
GGB233000467,M4403(예약),46,GGB233001220,37693,다은마을(중),127.06735,37.200383,1
GGB233000467,M4403(예약),47,GGB233001452,37584,새강마을.화성동탄중앙도서관,127.0692,37.195667,1
GGB233000467,M4403(예약),48,GGB233001713,37745,나루마을.한화꿈에그린2차,127.07455,37.191317,1
GGB233000469,화성똑버스06-1,1,GGB233003052,55329,향남시외터미널,126.922067,37.13295,1
GGB233000469,화성똑버스06-1,2,GGB233002101,37286,화성문화원.향남환승터미널,126.921083,37.132,1
GGB233000469,화성똑버스06-1,3,GGB233000633,37288,향남읍행정복지센터,126.919117,37.13175,1
GGB233000469,화성똑버스06-1,4,GGB233001026,37269,화성중앙병원.발안초등학교,126.9115,37.131183,1
GGB233000469,화성똑버스06-1,5,GGB233000816,37265,발안농협,126.909417,37.12945,1
GGB233000469,화성똑버스06-1,6,GGB233000388,36875,만세구보건소앞,126.9049,37.128783,1
GGB233000469,화성똑버스06-1,7,GGB233002694,36628,발안1리경로당,126.90635,37.131133,1
GGB233000469,화성똑버스06-1,8,GGB233000387,36876,발안만세시장,126.909417,37.1333,1
GGB233000469,화성똑버스06-1,9,GGB233001558,37270,장짐교차로,126.91095,37.135967,1
GGB233000469,화성똑버스06-1,10,GGB233000924,37256,화성중고등학교,126.90605,37.137933,1
GGB233000469,화성똑버스06-1,11,GGB233002356,55238,장짐삼거리,126.901083,37.139633,1
GGB233000469,화성똑버스06-1,12,GGB233002784,36451,지월리,126.890367,37.1453,1
GGB233000469,화성똑버스06-1,13,GGB233000925,37234,지월리입구,126.89805,37.145067,1
GGB233000469,화성똑버스06-1,14,GGB233000546,37240,수목원,126.8992,37.147983,1
GGB233000469,화성똑버스06-1,15,GGB233001557,37241,구장리새터말입구,126.8992,37.153517,1
GGB233000469,화성똑버스06-1,16,GGB233000545,36907,구장1리,126.899117,37.155567,1
GGB233000469,화성똑버스06-1,17,GGB233000521,37252,팔탄초등학교,126.90325,37.159483,1
GGB233000469,화성똑버스06-1,18,GGB233000516,37254,팔탄면행정복지센터,126.904183,37.162267,1
GGB233000469,화성똑버스06-1,19,GGB233001029,37253,팔탄면행정복지센터,126.903967,37.162267,1
GGB233000469,화성똑버스06-1,20,GGB233000520,37257,소동촌,126.90795,37.160717,1
GGB233000469,화성똑버스06-1,21,GGB233003182,55714,청호인재개발원,126.9119,37.161483,1
GGB233000469,화성똑버스06-1,22,GGB233003179,55711,덕우공단입구,126.9158,37.1608,1
GGB233000469,화성똑버스06-1,23,GGB233000519,36061,덕우저수지,126.922783,37.165033,1
GGB233000469,화성똑버스06-1,24,GGB233000921,36074,팔탄입구,126.932233,37.164533,1
GGB233000469,화성똑버스06-1,25,GGB233000796,36078,덕리,126.93495,37.167883,1
GGB233000469,화성똑버스06-1,26,GGB233000795,36086,화성푸드통합지원센터(로컬푸드직매장),126.936617,37.1726,1
GGB233000469,화성똑버스06-1,27,GGB233003178,55710,기산아파트입구,126.935233,37.1755,1
GGB233000469,화성똑버스06-1,28,GGB233003175,55707,갈담초교입구,126.9333,37.173,1
GGB233000469,화성똑버스06-1,29,GGB233000301,55788,해병대사령부종점,126.925667,37.17095,1
GGB233000469,화성똑버스06-1,30,GGB233003176,55708,갈담초교입구,126.9335,37.172883,1
GGB233000469,화성똑버스06-1,31,GGB233003177,55709,기산아파트입구,126.93525,37.175033,1
GGB233000469,화성똑버스06-1,32,GGB233000826,36082,화성푸드통합지원센터(로컬푸드직매장),126.936317,37.1723,1
GGB233000469,화성똑버스06-1,33,GGB233000825,36077,덕리,126.9347,37.16795,1
GGB233000469,화성똑버스06-1,34,GGB233000824,36073,팔탄입구,126.93205,37.164667,1
GGB233000469,화성똑버스06-1,35,GGB233000081,55729,덕우리,126.92095,37.164433,1
GGB233000469,화성똑버스06-1,36,GGB233003180,55712,덕우공단입구,126.915683,37.16085,1
GGB233000469,화성똑버스06-1,37,GGB233003183,55715,청호인재개발원,126.911933,37.1616,1
GGB233000469,화성똑버스06-1,38,GGB233003181,55713,소동촌,126.90795,37.160767,1
GGB233000469,화성똑버스06-1,39,GGB233000516,37254,팔탄면행정복지센터,126.904183,37.162267,1
GGB233000469,화성똑버스06-1,40,GGB233001029,37253,팔탄면행정복지센터,126.903967,37.162267,1
GGB233000469,화성똑버스06-1,41,GGB233000517,37251,팔탄초등학교,126.903183,37.159633,1
GGB233000469,화성똑버스06-1,42,GGB233000923,36803,구장1리(새터말.율암리),126.8989,37.155217,1
GGB233000469,화성똑버스06-1,43,GGB233002351,55256,구장리새터말입구,126.89905,37.153467,1
GGB233000469,화성똑버스06-1,44,GGB233000528,37242,수목원,126.899183,37.148467,1
GGB233000469,화성똑버스06-1,45,GGB233000527,37235,지월리입구,126.897367,37.143817,1
GGB233000469,화성똑버스06-1,46,GGB233002784,36451,지월리,126.890367,37.1453,1
GGB233000469,화성똑버스06-1,47,GGB233002357,55239,장짐삼거리,126.901067,37.1395,1
GGB233000469,화성똑버스06-1,48,GGB233000526,37255,화성중고등학교,126.905933,37.137817,1
GGB233000469,화성똑버스06-1,49,GGB233001769,37809,장짐교차로.축산농협,126.9109,37.135583,1
GGB233000469,화성똑버스06-1,50,GGB233001394,36925,발안만세시장,126.90845,37.132567,1
GGB233000469,화성똑버스06-1,51,GGB233002695,36629,발안1리경로당,126.906233,37.131033,1
GGB233000469,화성똑버스06-1,52,GGB233000385,36844,만세구보건소앞,126.904933,37.129067,1
GGB233000469,화성똑버스06-1,53,GGB233001936,37277,발안기업은행,126.91015,37.130283,1
GGB233000469,화성똑버스06-1,54,GGB233000632,37464,발안초등학교,126.912167,37.131033,1
GGB233000469,화성똑버스06-1,55,GGB233001023,37289,향남읍행정복지센터,126.91975,37.1315,1
GGB233000469,화성똑버스06-1,56,GGB233002102,37287,향남환승터미널,126.921567,37.1328,1
GGB233000469,화성똑버스06-1,57,GGB233003051,55328,향남시외터미널,126.922067,37.133017,1
GGB233000470,화성똑버스06-2,1,GGB233003052,55329,향남시외터미널,126.922067,37.13295,1
GGB233000470,화성똑버스06-2,2,GGB233002101,37286,화성문화원.향남환승터미널,126.921083,37.132,1
GGB233000470,화성똑버스06-2,3,GGB233000633,37288,향남읍행정복지센터,126.919117,37.13175,1
GGB233000470,화성똑버스06-2,4,GGB233001026,37269,화성중앙병원.발안초등학교,126.9115,37.131183,1
GGB233000470,화성똑버스06-2,5,GGB233000816,37265,발안농협,126.909417,37.12945,1
GGB233000470,화성똑버스06-2,6,GGB233000388,36875,만세구보건소앞,126.9049,37.128783,1
GGB233000470,화성똑버스06-2,7,GGB233002694,36628,발안1리경로당,126.90635,37.131133,1
GGB233000470,화성똑버스06-2,8,GGB233000387,36876,발안만세시장,126.909417,37.1333,1
GGB233000470,화성똑버스06-2,9,GGB233001558,37270,장짐교차로,126.91095,37.135967,1
GGB233000470,화성똑버스06-2,10,GGB233000924,37256,화성중고등학교,126.90605,37.137933,1
GGB233000470,화성똑버스06-2,11,GGB233002356,55238,장짐삼거리,126.901083,37.139633,1
GGB233000470,화성똑버스06-2,12,GGB233002784,36451,지월리,126.890367,37.1453,1
GGB233000470,화성똑버스06-2,13,GGB233000925,37234,지월리입구,126.89805,37.145067,1
GGB233000470,화성똑버스06-2,14,GGB233000546,37240,수목원,126.8992,37.147983,1
GGB233000470,화성똑버스06-2,15,GGB233001557,37241,구장리새터말입구,126.8992,37.153517,1
GGB233000470,화성똑버스06-2,16,GGB233000545,36907,구장1리,126.899117,37.155567,1
GGB233000470,화성똑버스06-2,17,GGB233000521,37252,팔탄초등학교,126.90325,37.159483,1
GGB233000470,화성똑버스06-2,18,GGB233000516,37254,팔탄면행정복지센터,126.904183,37.162267,1
GGB233000470,화성똑버스06-2,19,GGB233001029,37253,팔탄면행정복지센터,126.903967,37.162267,1
GGB233000470,화성똑버스06-2,20,GGB233000520,37257,소동촌,126.90795,37.160717,1
GGB233000470,화성똑버스06-2,21,GGB233003182,55714,청호인재개발원,126.9119,37.161483,1
GGB233000470,화성똑버스06-2,22,GGB233002286,36620,가재3리,126.924533,37.157733,1
GGB233000470,화성똑버스06-2,23,GGB233000798,37302,가재3리.덕우공단입구,126.928117,37.156733,1
GGB233000470,화성똑버스06-2,24,GGB233000797,36068,진우아파트,126.930883,37.16185,1
GGB233000470,화성똑버스06-2,25,GGB233000921,36074,팔탄입구,126.932233,37.164533,1
GGB233000470,화성똑버스06-2,26,GGB233000796,36078,덕리,126.93495,37.167883,1
GGB233000470,화성똑버스06-2,27,GGB233000795,36086,화성푸드통합지원센터(로컬푸드직매장),126.936617,37.1726,1
GGB233000470,화성똑버스06-2,28,GGB233003178,55710,기산아파트입구,126.935233,37.1755,1
GGB233000470,화성똑버스06-2,29,GGB233003175,55707,갈담초교입구,126.9333,37.173,1
GGB233000470,화성똑버스06-2,30,GGB233000301,55788,해병대사령부종점,126.925667,37.17095,1
GGB233000470,화성똑버스06-2,31,GGB233003176,55708,갈담초교입구,126.9335,37.172883,1
GGB233000470,화성똑버스06-2,32,GGB233003177,55709,기산아파트입구,126.93525,37.175033,1
GGB233000470,화성똑버스06-2,33,GGB233000826,36082,화성푸드통합지원센터(로컬푸드직매장),126.936317,37.1723,1
GGB233000470,화성똑버스06-2,34,GGB233000825,36077,덕리,126.9347,37.16795,1
GGB233000470,화성똑버스06-2,35,GGB233000824,36073,팔탄입구,126.93205,37.164667,1
GGB233000470,화성똑버스06-2,36,GGB233000823,36071,진우아파트,126.930883,37.162533,1
GGB233000470,화성똑버스06-2,37,GGB233000822,37301,가재3리.덕우공단입구,126.927533,37.15625,1
GGB233000470,화성똑버스06-2,38,GGB233002280,36619,가재3리,126.9246,37.157783,1
GGB233000470,화성똑버스06-2,39,GGB233003183,55715,청호인재개발원,126.911933,37.1616,1
GGB233000470,화성똑버스06-2,40,GGB233003181,55713,소동촌,126.90795,37.160767,1
GGB233000470,화성똑버스06-2,41,GGB233000516,37254,팔탄면행정복지센터,126.904183,37.162267,1
GGB233000470,화성똑버스06-2,42,GGB233001029,37253,팔탄면행정복지센터,126.903967,37.162267,1
GGB233000470,화성똑버스06-2,43,GGB233000517,37251,팔탄초등학교,126.903183,37.159633,1
GGB233000470,화성똑버스06-2,44,GGB233000923,36803,구장1리(새터말.율암리),126.8989,37.155217,1
GGB233000470,화성똑버스06-2,45,GGB233002351,55256,구장리새터말입구,126.89905,37.153467,1
GGB233000470,화성똑버스06-2,46,GGB233000528,37242,수목원,126.899183,37.148467,1
GGB233000470,화성똑버스06-2,47,GGB233000527,37235,지월리입구,126.897367,37.143817,1
GGB233000470,화성똑버스06-2,48,GGB233002784,36451,지월리,126.890367,37.1453,1
GGB233000470,화성똑버스06-2,49,GGB233002357,55239,장짐삼거리,126.901067,37.1395,1
GGB233000470,화성똑버스06-2,50,GGB233000526,37255,화성중고등학교,126.905933,37.137817,1
GGB233000470,화성똑버스06-2,51,GGB233001769,37809,장짐교차로.축산농협,126.9109,37.135583,1
GGB233000470,화성똑버스06-2,52,GGB233001394,36925,발안만세시장,126.90845,37.132567,1
GGB233000470,화성똑버스06-2,53,GGB233002695,36629,발안1리경로당,126.906233,37.131033,1
GGB233000470,화성똑버스06-2,54,GGB233000385,36844,만세구보건소앞,126.904933,37.129067,1
GGB233000470,화성똑버스06-2,55,GGB233001936,37277,발안기업은행,126.91015,37.130283,1
GGB233000470,화성똑버스06-2,56,GGB233000632,37464,발안초등학교,126.912167,37.131033,1
GGB233000470,화성똑버스06-2,57,GGB233001023,37289,향남읍행정복지센터,126.91975,37.1315,1
GGB233000470,화성똑버스06-2,58,GGB233002102,37287,향남환승터미널,126.921567,37.1328,1
GGB233000470,화성똑버스06-2,59,GGB233003051,55328,향남시외터미널,126.922067,37.133017,1
GGB233000471,화성똑버스06-3,1,GGB233000826,36082,화성푸드통합지원센터(로컬푸드직매장),126.936317,37.1723,1
GGB233000471,화성똑버스06-3,2,GGB233000825,36077,덕리,126.9347,37.16795,1
GGB233000471,화성똑버스06-3,3,GGB233000824,36073,팔탄입구,126.93205,37.164667,1
GGB233000471,화성똑버스06-3,4,GGB233000081,55729,덕우리,126.92095,37.164433,1
GGB233000471,화성똑버스06-3,5,GGB233003180,55712,덕우공단입구,126.915683,37.16085,1
GGB233000471,화성똑버스06-3,6,GGB233003183,55715,청호인재개발원,126.911933,37.1616,1
GGB233000471,화성똑버스06-3,7,GGB233003181,55713,소동촌,126.90795,37.160767,1
GGB233000471,화성똑버스06-3,8,GGB233000516,37254,팔탄면행정복지센터,126.904183,37.162267,1
GGB233000471,화성똑버스06-3,9,GGB233002869,55940,구장산업단지,126.905433,37.170067,1
GGB233000471,화성똑버스06-3,10,GGB233000897,55878,대한불교조계종앞,126.906567,37.174467,1
GGB233000471,화성똑버스06-3,11,GGB233002071,55039,기천1리입구,126.907417,37.17655,1
GGB233000471,화성똑버스06-3,12,GGB233000904,55882,기천1리.청솔마을,126.908283,37.179233,1
GGB233000471,화성똑버스06-3,13,GGB233002767,55880,기천1리입구,126.907467,37.17715,1
GGB233000471,화성똑버스06-3,14,GGB233000900,55879,대한불교조계종앞,126.906433,37.174633,1
GGB233000471,화성똑버스06-3,15,GGB233002870,55941,마곡산업단지,126.9052,37.169983,1
GGB233000471,화성똑버스06-3,16,GGB233001029,37253,팔탄면행정복지센터,126.903967,37.162267,1
GGB233000471,화성똑버스06-3,17,GGB233000520,37257,소동촌,126.90795,37.160717,1
GGB233000471,화성똑버스06-3,18,GGB233003182,55714,청호인재개발원,126.9119,37.161483,1
GGB233000471,화성똑버스06-3,19,GGB233003179,55711,덕우공단입구,126.9158,37.1608,1
GGB233000471,화성똑버스06-3,20,GGB233000519,36061,덕우저수지,126.922783,37.165033,1
GGB233000471,화성똑버스06-3,21,GGB233000921,36074,팔탄입구,126.932233,37.164533,1
GGB233000471,화성똑버스06-3,22,GGB233000796,36078,덕리,126.93495,37.167883,1
GGB233000471,화성똑버스06-3,23,GGB233000795,36086,화성푸드통합지원센터(로컬푸드직매장),126.936617,37.1726,1
GGB233000472,화성똑버스06,1,GGB233003052,55329,향남시외터미널,126.922067,37.13295,1
GGB233000472,화성똑버스06,2,GGB233000301,55788,해병대사령부종점,126.925667,37.17095,1
GGB233000476,1010,1,GGB233002256,55247,임광1.2단지입구,126.97315,37.2138,1
GGB233000476,1010,2,GGB233002246,55245,임광그대가3단지,126.96925,37.21605,1
GGB233000476,1010,3,GGB233001624,37686,동화초중교,126.96215,37.2147,1
GGB233000476,1010,4,GGB233001659,37765,중심상가.화성고용센터,126.959117,37.2161,1
GGB233000476,1010,5,GGB233000836,36123,봉담읍행정복지센터,126.949283,37.2204,1
GGB233000476,1010,6,GGB233001342,55706,중흥S클래스더퍼스트,126.946033,37.21965,1
GGB233000476,1010,7,GGB233002548,55670,봉담2.LH2단지,126.9449,37.22195,1
GGB233000476,1010,8,GGB233002561,55669,봉담2LH3단지.중흥더센트럴,126.950833,37.225067,1
GGB233000476,1010,9,GGB233002448,55336,그랑드비체.힐스테이트,126.948767,37.228783,1
GGB233000476,1010,10,GGB233002508,55385,화담고등학교,126.94205,37.22845,1
GGB233000476,1010,11,GGB233002671,55760,화담중학교,126.942067,37.231683,1
GGB233000476,1010,12,GGB233001490,55921,중흥에듀파크정문,126.945717,37.233017,1
GGB233000476,1010,13,GGB233001869,37910,수영초등학교,126.9544,37.236383,1
GGB233000476,1010,14,GGB233001867,37908,수영오거리.수영지구,126.960783,37.237267,1
GGB233000476,1010,15,GGB277103518,,천천IC(미정차),126.950583,37.245983,1
GGB233000476,1010,16,GGB277103520,,호매실IC(미정차),126.9485,37.261917,0
GGB233000476,1010,17,GGB277103528,,서수원IC(미정차),126.952283,37.292917,0
GGB233000476,1010,18,GGB277103317,,월암IC(미정차),126.96215,37.302683,0
GGB233000476,1010,19,GGB277103315,,의왕신부곡IC(미정차),126.9683,37.33245,0
GGB233000476,1010,20,GGB226000039,27113,의왕톨게이트,126.985,37.3471,0
GGB233000476,1010,21,GGB277103221,,의왕터널진입(미정차),126.998417,37.358917,0
GGB233000476,1010,22,GGB226000191,27185,의왕청계영업소,127.026167,37.39245,0
GGB233000476,1010,23,GGB277102796,,청계터널출입(미정차),127.054983,37.396117,0
GGB233000476,1010,24,GGB277103148,,판교TG(미정차),127.102133,37.395667,0
GGB233000476,1010,25,GGB206000577,7552,화랑공원동편,127.1072,37.396933,0
GGB233000476,1010,26,GGB206000539,7495,금토천교,127.106033,37.4013,0
GGB233000476,1010,27,GGB204000064,5002,판교제2테크노밸리,127.099733,37.411333,0
GGB233000476,1010,28,GGB204000199,5181,국가기록원성남분원.코이카,127.101,37.415383,0
GGB233000476,1010,29,GGB204000060,5001,판교제2테크노밸리,127.09935,37.411683,0
GGB233000476,1010,30,GGB206000543,7499,금토천교,127.10555,37.4012,0
GGB233000476,1010,31,GGB206000561,7516,화랑공원동편,127.106833,37.397417,0
GGB233000476,1010,32,GGB277103149,,판교TG(미정차),127.103167,37.39595,0
GGB233000476,1010,33,GGB277102599,,청계터널진입(미정차),127.054267,37.39655,0
GGB233000476,1010,34,GGB226000190,27186,의왕청계영업소,127.02325,37.393133,0
GGB233000476,1010,35,GGB277103220,,의왕터널진입(미정차),126.999233,37.365667,0
GGB233000476,1010,36,GGB226000038,27112,의왕톨게이트,126.9845,37.348517,0
GGB233000476,1010,37,GGB277104644,,의왕IC(미정차),126.978,37.341217,0
GGB233000476,1010,38,GGB277103314,,의왕신부곡IC(미정차),126.968217,37.332683,0
GGB233000476,1010,39,GGB277104645,,삼리교(미정차),126.9657,37.321083,0
GGB233000476,1010,40,GGB277104646,,월암IC진입전(미정차),126.9661,37.308217,0
GGB233000476,1010,41,GGB277103316,,월암IC(미정차),126.961967,37.302833,0
GGB233000476,1010,42,GGB277103527,,서수원IC(미정차),126.952367,37.293533,0
GGB233000476,1010,43,GGB277103519,,호매실IC(미정차),126.9482,37.262267,0
GGB233000476,1010,44,GGB277103517,,천천IC(미정차),126.950117,37.24605,1
GGB233000476,1010,45,GGB277101927,,봉담IC교차로(미정차),126.957233,37.22935,1
GGB233000476,1010,46,GGB233001866,37907,수영오거리.수영지구,126.960717,37.237433,1
GGB233000476,1010,47,GGB233001868,37909,수영초.우방아이유쉘1단지,126.955467,37.236567,1
GGB233000476,1010,48,GGB233001496,55922,중흥에듀파크정문,126.94585,37.2332,1
GGB233000476,1010,49,GGB233001712,55759,중흥에듀포레.에듀시티,126.94185,37.231717,1
GGB233000476,1010,50,GGB233002058,55028,이편한세상신봉담,126.941433,37.2295,1
GGB233000476,1010,51,GGB233002453,55335,힐스테이트.그랑드비체,126.94895,37.228567,1
GGB233000476,1010,52,GGB233002657,55668,중흥더센트럴.봉담2LH3단지,126.950567,37.225167,1
GGB233000476,1010,53,GGB233002973,55671,봉담2.LH2단지,126.944717,37.221833,1
GGB233000476,1010,54,GGB233001341,55705,중흥S클래스더퍼스트,126.945983,37.219433,1
GGB233000476,1010,55,GGB233000786,36122,봉담읍행정복지센터,126.94965,37.220333,1
GGB233000476,1010,56,GGB233001658,37881,동일하이빌.화성고용센터,126.958317,37.216333,1
GGB233000476,1010,57,GGB233001613,37678,동화중학교.동화초등학교,126.96165,37.214383,1
GGB233000476,1010,58,GGB233002245,55244,효행초등학교정문,126.96905,37.21595,1
GGB233000476,1010,59,GGB233002255,55246,신명아파트,126.9724,37.2136,1
GGB233000497,5,1,GGB233001064,36104,경진여객차고지,126.8164,37.07295,1
GGB233000497,5,2,GGB233000487,37431,사곡사거리,126.81535,37.074917,1
GGB233000497,5,3,GGB233000486,36917,장안여자중학교,126.815433,37.0786,1
GGB233000497,5,4,GGB233002625,55396,조암농협,126.817467,37.082,1
GGB233000497,5,5,GGB233001246,36937,시장앞,126.819483,37.084667,1
GGB233000497,5,6,GGB233001067,36823,삼괴중고등학교,126.818983,37.087017,1
GGB233000497,5,7,GGB233001070,36822,청소년문화의집.우정읍복지센터,126.8172,37.089617,1
GGB233000497,5,8,GGB233001071,36821,한각리입구,126.81645,37.09215,1
GGB233000497,5,9,GGB233001077,37494,멱우2리부대앞,126.815183,37.095767,1
GGB233000497,5,10,GGB233001081,36819,멱우2리,126.813833,37.1021,1
GGB233000497,5,11,GGB233001352,37527,멱우1리,126.80795,37.106067,1
GGB233000497,5,12,GGB233001553,36699,화수사거리,126.801617,37.10985,1
GGB233000497,5,13,GGB233001089,36818,경기요양병원,126.797383,37.1151,1
GGB233000497,5,14,GGB233000415,36861,호곡리,126.7946,37.117483,1
GGB233000497,5,15,GGB233001113,36416,화수1리입구,126.787267,37.118917,1
GGB233000497,5,16,GGB233001114,36817,호곡1리,126.784667,37.1198,1
GGB233000497,5,17,GGB233001115,36816,호곡2리,126.779867,37.1194,1
GGB233000497,5,18,GGB233000409,36865,호곡3리입구,126.7763,37.1196,1
GGB233000497,5,19,GGB233000408,36866,호곡3리마을회관,126.772067,37.1172,1
GGB233000497,5,20,GGB277101619,,호곡리(미정차),126.773967,37.118383,1
GGB233000497,5,21,GGB233001119,36814,호곡3리입구,126.776367,37.119483,1
GGB233000497,5,22,GGB233001116,37492,호곡2리,126.779817,37.119283,1
GGB233000497,5,23,GGB233000407,37451,호곡1리,126.78455,37.119717,1
GGB233000497,5,24,GGB233000414,37449,문화마을,126.795667,37.124033,1
GGB233000497,5,25,GGB233000413,36862,선창포구종점,126.796333,37.128183,1
GGB233000497,5,26,GGB233001121,36813,문화마을,126.795483,37.124083,1
GGB233000497,5,27,GGB233000411,37450,호곡리,126.79435,37.117467,1
GGB233000497,5,28,GGB233000410,36864,경기요양병원,126.797267,37.11505,1
GGB233000497,5,29,GGB233001117,37491,화수사거리,126.801883,37.109633,1
GGB233000497,5,30,GGB233001351,37607,멱우1리,126.807817,37.10605,1
GGB233000497,5,31,GGB233001426,36923,멱우2리,126.813717,37.102067,1
GGB233000497,5,32,GGB233001074,37495,멱우2리부대앞,126.8151,37.095767,1
GGB233000497,5,33,GGB233001068,36707,한각리입구,126.816417,37.091883,1
GGB233000497,5,34,GGB233001069,37496,우정읍복지센터.청소년문화의집,126.817067,37.089567,1
GGB233000497,5,35,GGB233001066,37497,삼괴중고등학교,126.818933,37.086767,1
GGB233000497,5,36,GGB233001247,36936,시장앞,126.8193,37.084917,1
GGB233000497,5,37,GGB233001434,55077,조암시장,126.815617,37.081533,1
GGB233000497,5,38,GGB233000992,36797,장안여자중학교,126.815233,37.07855,1
GGB233000497,5,39,GGB233000496,36910,사곡사거리,126.815217,37.074833,1
GGB233000497,5,40,GGB233000412,36863,경진여객차고지,126.8163,37.072983,1
GGB234000015,1007,1,GGB233000576,36204,수원대학교,126.97915,37.214167,1
GGB234000015,1007,2,GGB233000945,36194,와우지구,126.976317,37.215983,1
GGB234000015,1007,3,GGB233001457,37529,와우농협앞,126.974633,37.218,1
GGB234000015,1007,4,GGB233000596,36186,신일해피트리1차,126.973933,37.222467,1
GGB234000015,1007,5,GGB233000595,36176,우림그린빌리지,126.972433,37.22455,1
GGB234000015,1007,6,GGB233000594,36172,광도와이드빌,126.971883,37.226583,1
GGB234000015,1007,7,GGB233000002,36161,화성시민캠퍼스,126.970433,37.229317,0
GGB234000015,1007,8,GGB233001986,55621,수영리검사소,126.968633,37.232683,0
GGB234000015,1007,9,GGB201000260,2069,국립축산과학원,126.966267,37.236117,0
GGB234000015,1007,10,GGB201000038,2051,수영오거리.방송통신대입구,126.9624,37.237717,1
GGB234000015,1007,11,GGB201000153,2290,오목초등학교,126.963867,37.240083,0
GGB234000015,1007,12,GGB201000152,2082,청구1차아파트,126.967983,37.24,0
GGB234000015,1007,13,GGB201000493,2008,영조아름다운나날1단지,126.96995,37.24125,0
GGB234000015,1007,14,GGB201000392,2889,영조아파트.푸르지오아파트,126.9693,37.242917,0
GGB234000015,1007,15,GGB201000327,2839,오현초등학교,126.968217,37.245767,0
GGB234000015,1007,16,GGB201000365,2872,서수원주민편익시설,126.972717,37.248367,0
GGB234000015,1007,17,GGB201000023,2124,고색역.고색초교.태산아파트,126.9799,37.2504,0
GGB234000015,1007,18,GGB201000022,2131,삼성큰병원.대원.거산아파트,126.984967,37.251833,0
GGB234000015,1007,19,GGB201000341,2842,고색동입구,126.990117,37.25325,0
GGB234000015,1007,20,GGB201000492,2332,중보교.수원역자동차운전전문학원,126.994867,37.2556,0
GGB234000015,1007,21,GGB201000336,2832,공구유통타운.중앙자동차매매단지,126.997067,37.257833,0
GGB234000015,1007,22,GGB277103690,,세평지하차도(미정차),127.001467,37.2613,0
GGB234000015,1007,23,GGB277103688,,수원역고가(미정차),127.002117,37.264583,0
GGB234000015,1007,24,GGB202000088,3171,수원역.지하상가13번출구,127.000083,37.267967,0
GGB234000015,1007,25,GGB202000223,3020,고등동구터미널,127.001067,37.271217,0
GGB234000015,1007,26,GGB202000222,3024,고등동사거리,127.002633,37.274417,0
GGB234000015,1007,27,GGB202000221,3029,수원여고.푸르지오자이,127.003117,37.276067,0
GGB234000015,1007,28,GGB202000205,3031,병무청입구.한국소방안전원경기지부,127.0046,37.280083,0
GGB234000015,1007,29,GGB202000204,3034,글로벌청소년드림센터,127.006017,37.28215,0
GGB234000015,1007,30,GGB200000190,1258,화서문.장안공원,127.009067,37.28615,0
GGB234000015,1007,31,GGB200000189,1260,장안공원,127.013,37.288483,0
GGB234000015,1007,32,GGB202000252,3139,화성행궁,127.015817,37.284267,0
GGB234000015,1007,33,GGB202000057,3059,팔달구청.수원화성박물관,127.018833,37.281717,0
GGB234000015,1007,34,GGB202000081,3062,매향동,127.020817,37.282417,0
GGB234000015,1007,35,GGB202000087,3168,수원미디어센터,127.022617,37.284967,0
GGB234000015,1007,36,GGB202000055,3066,창룡문.연무대,127.024183,37.287217,0
GGB234000015,1007,37,GGB202000001,1194,수원시평생학습관.연무사회복지관.창룡도서관,127.0271,37.2914,0
GGB234000015,1007,38,GGB202000053,3088,우만동4단지,127.030883,37.292217,0
GGB234000015,1007,39,GGB203000167,4002,경기남부경찰청.봉녕사입구,127.034933,37.29365,0
GGB234000015,1007,40,GGB203000166,4178,경기대수원캠퍼스후문.수원박물관,127.039433,37.29675,0
GGB234000015,1007,41,GGB277103382,,동수원TG(미정차),127.047083,37.2971,0
GGB234000015,1007,42,GGB277103691,,광교(미정차),127.078917,37.293167,0
GGB234000015,1007,43,GGB277103231,,신갈JC(미정차),127.103117,37.2898,0
GGB234000015,1007,44,GGB277103443,,죽전(미정차),127.103817,37.326633,0
GGB234000015,1007,45,GGB277102630,,금곡(미정차),127.10355,37.349767,0
GGB234000015,1007,46,GGB277103386,,서울TG(미정차),127.104333,37.364967,0
GGB234000015,1007,47,GGB277104184,,판교진입(미정차),127.101733,37.393817,0
GGB234000015,1007,48,GGB206000538,7494,화랑공원남편,127.106733,37.395333,0
GGB234000015,1007,49,GGB206000577,7552,화랑공원동편,127.1072,37.396933,0
GGB234000015,1007,50,GGB206000539,7495,금토천교,127.106033,37.4013,0
GGB234000015,1007,51,GGB206000540,7496,삼평교,127.104783,37.404133,0
GGB234000015,1007,52,GGB204000064,5002,판교제2테크노밸리,127.099733,37.411333,0
GGB234000015,1007,53,GGB204000200,5182,국가기록원성남분원.코이카,127.101417,37.41535,0
GGB234000015,1007,54,GGB204000063,5009,시흥사거리,127.102317,37.421117,0
GGB234000015,1007,55,GGB204000002,5010,고등119안전센터,127.102467,37.424683,0
GGB234000015,1007,56,GGB204000001,5008,고등동행정복지센터.판교밸리자이아파트,127.10205,37.428333,0
GGB234000015,1007,57,GGB204000046,5013,등자리,127.103783,37.435267,0
GGB234000015,1007,58,GGB204000223,5199,공군부대제2정문.면회실,127.104017,37.43805,0
GGB234000015,1007,59,GGB204000045,5014,공군아파트,127.104333,37.446583,0
GGB234000015,1007,60,GGB204000044,5017,효성고등학교,127.10575,37.4498,0
GGB234000015,1007,61,GGB204000043,5020,오야동.신촌동행정복지센터,127.107117,37.455283,0
GGB234000015,1007,62,GGB204000042,5022,신촌동앞,127.107767,37.459817,0
GGB234000015,1007,63,GGB122000315,91128,세곡동사거리,127.108617,37.465667,0
GGB234000015,1007,64,GGB122000317,91123,래미안포레아파트,127.106517,37.475233,0
GGB234000015,1007,65,GGB122000718,,고속철도수서역,127.1042,37.484717,0
GGB234000015,1007,66,GGB122000302,,수서역5번출구,127.102433,37.486917,0
GGB234000015,1007,67,GGB123000243,,문정2동주민센터.송파청소년센터,127.1124,37.4905,0
GGB234000015,1007,68,GGB123000244,92041,훼미리근린공원,127.114867,37.491233,0
GGB234000015,1007,69,GGB123000009,,가락시장.가락시장역(중),127.117133,37.494417,0
GGB234000015,1007,70,GGB123000007,,송파역(중),127.1118,37.50025,0
GGB234000015,1007,71,GGB123000005,,석촌역(중),127.109117,37.5032,0
GGB234000015,1007,72,GGB123000003,,석촌호수.한솔병원(중),127.105783,37.50685,0
GGB234000015,1007,73,GGB277102839,,석촌역교차로(미정차),127.103767,37.509317,0
GGB234000015,1007,74,GGB123000611,,잠실광역환승센터,127.100667,37.51235,0
GGB234000015,1007,75,GGB277102843,,잠실역환승센터출구(미정차),127.102983,37.509467,0
GGB234000015,1007,76,GGB123000004,,석촌호수.한솔병원(중),127.105283,37.507183,0
GGB234000015,1007,77,GGB123000006,,석촌역(중),127.108367,37.503833,0
GGB234000015,1007,78,GGB123000008,,송파역(중),127.1112,37.500667,0
GGB234000015,1007,79,GGB123000294,92047,가락시장.가락시장역,127.117183,37.493833,0
GGB234000015,1007,80,GGB123000295,,가락시장.가락몰,127.11585,37.491883,0
GGB234000015,1007,81,GGB123000296,,가락시장남문,127.112367,37.490783,0
GGB234000015,1007,82,GGB122000747,,수서역6번출구,127.102517,37.486417,0
GGB234000015,1007,83,GGB122000717,,고속철도수서역,127.103617,37.484967,0
GGB234000015,1007,84,GGB122000320,91122,래미안포레아파트,127.106233,37.475067,0
GGB234000015,1007,85,GGB122000308,,세곡동사거리,127.1079,37.463717,0
GGB234000015,1007,86,GGB204000041,5021,신촌동앞,127.107267,37.459217,0
GGB234000015,1007,87,GGB204000040,5019,오야동.신촌동행정복지센터,127.106533,37.4544,0
GGB234000015,1007,88,GGB204000039,5016,효성고등학교,127.105017,37.449017,0
GGB234000015,1007,89,GGB204000057,5012,공군아파트,127.1036,37.445767,0
GGB234000015,1007,90,GGB204000222,5198,공군부대제2정문.면회실,127.10345,37.438633,0
GGB234000015,1007,91,GGB204000038,5011,등자리,127.103183,37.434183,0
GGB234000015,1007,92,GGB204000062,5005,고등동행정복지센터.판교밸리자이아파트,127.10165,37.428217,0
GGB234000015,1007,93,GGB204000037,5007,고등119안전센터,127.102033,37.4246,0
GGB234000015,1007,94,GGB204000061,5006,시흥사거리,127.101917,37.420767,0
GGB234000015,1007,95,GGB204000199,5181,국가기록원성남분원.코이카,127.101,37.415383,0
GGB234000015,1007,96,GGB204000060,5001,판교제2테크노밸리,127.09935,37.411683,0
GGB234000015,1007,97,GGB206000542,7498,삼평교,127.104167,37.403917,0
GGB234000015,1007,98,GGB206000543,7499,금토천교,127.10555,37.4012,0
GGB234000015,1007,99,GGB206000561,7516,화랑공원동편,127.106833,37.397417,0
GGB234000015,1007,100,GGB206000544,7500,화랑공원남편,127.106317,37.395483,0
GGB234000015,1007,101,GGB277104185,,판교출입(미정차),127.101983,37.392067,0
GGB234000015,1007,102,GGB277103385,,서울TG(미정차),127.1026,37.36535,0
GGB234000015,1007,103,GGB277102104,,금곡(미정차),127.103117,37.350367,0
GGB234000015,1007,104,GGB277103442,,죽전(미정차),127.10315,37.3266,0
GGB234000015,1007,105,GGB277103692,,광교(미정차),127.07955,37.293383,0
GGB234000015,1007,106,GGB277103381,,동수원TG(미정차),127.0475,37.29805,0
GGB234000015,1007,107,GGB203000165,4181,경기대수원캠퍼스후문.수원박물관,127.03975,37.297083,0
GGB234000015,1007,108,GGB203000001,1257,경기남부경찰청.봉녕사입구,127.034217,37.2936,0
GGB234000015,1007,109,GGB200000197,1256,우만주공4단지,127.030367,37.29245,0
GGB234000015,1007,110,GGB200000084,1192,수원시평생학습관.연무사회복지관.창룡도서관,127.026883,37.291567,0
GGB234000015,1007,111,GGB202000060,3067,창룡문.연무대,127.024283,37.288117,0
GGB234000015,1007,112,GGB202000059,3063,수원미디어센터,127.021733,37.284167,0
GGB234000015,1007,113,GGB202000248,3058,화성행궁.여민각,127.017333,37.2819,0
GGB234000015,1007,114,GGB202000231,3050,팔달구청.화성행궁.수원성지,127.016333,37.28375,0
GGB234000015,1007,115,GGB200000183,1259,장안공원,127.0127,37.288567,0
GGB234000015,1007,116,GGB200000202,1232,(구)한국은행,127.00935,37.286617,0
GGB234000015,1007,117,GGB202000202,3037,화서문로터리,127.006933,37.284667,0
GGB234000015,1007,118,GGB202000203,3033,글로벌청소년드림센터,127.0057,37.282133,0
GGB234000015,1007,119,GGB202000201,3030,병무청입구.한국소방안전원경기지부,127.00385,37.279417,0
GGB234000015,1007,120,GGB202000220,3028,수원여고.농천교회.수원역푸르지오자이,127.00275,37.275917,0
GGB234000015,1007,121,GGB202000211,3026,고등동사거리.고등동행정복지센터.수원역푸르지오자이,127.002283,37.274267,0
GGB234000015,1007,122,GGB202000217,3018,고등동삼거리,127.00105,37.2717,0
GGB234000015,1007,123,GGB202000208,3015,수원역4번출구.노보텔수원,126.999567,37.268083,0
GGB234000015,1007,124,GGB277103689,,수원역고가(미정차),127.001717,37.264367,0
GGB234000015,1007,125,GGB201000020,2156,공구유통타운.중앙자동차매매단지,126.997067,37.25835,0
GGB234000015,1007,126,GGB201000390,2331,중보교.수원역자동차운전전문학원,126.994583,37.25575,0
GGB234000015,1007,127,GGB201000389,2926,고색동입구,126.98995,37.253533,0
GGB234000015,1007,128,GGB201000064,2137,고색파출소.종합공구단지,126.986683,37.252633,0
GGB234000015,1007,129,GGB201000019,2128,연안아파트.삼성큰병원,126.983783,37.251817,0
GGB234000015,1007,130,GGB201000018,2122,고색역.고색초교.태산아파트,126.979667,37.25065,0
GGB234000015,1007,131,GGB201000488,2972,서수원주민편익시설,126.972333,37.248583,0
GGB234000015,1007,132,GGB201000326,2835,오현초등학교,126.968117,37.245483,0
GGB234000015,1007,133,GGB201000391,2888,영조아파트.푸르지오아파트,126.9691,37.242883,0
GGB234000015,1007,134,GGB201000393,2890,아름다운나날,126.96975,37.241133,0
GGB234000015,1007,135,GGB201000130,2081,청구1차아파트,126.969233,37.240183,0
GGB234000015,1007,136,GGB201000151,2289,오목천주공아파트,126.963883,37.240267,0
GGB234000015,1007,137,GGB233000593,36148,수영오거리.방송통신대입구,126.962517,37.237517,1
GGB234000015,1007,138,GGB233000592,36152,국립축산과학원,126.965867,37.236117,0
GGB234000015,1007,139,GGB233001574,37638,수영리검사소,126.968467,37.232483,1
GGB234000015,1007,140,GGB233000591,36159,화성시민캠퍼스,126.97035,37.229117,1
GGB234000015,1007,141,GGB233000590,36169,신일우남아파트,126.971617,37.2266,1
GGB234000015,1007,142,GGB233000589,36174,SK매직.우림그린빌리지,126.97205,37.224783,1
GGB234000015,1007,143,GGB233000588,36183,봉담이마트,126.9736,37.222533,1
GGB234000015,1007,144,GGB233000942,36187,와우농협앞,126.974433,37.218017,1
GGB234000015,1007,145,GGB233000944,36193,와우지구,126.976183,37.2159,1
GGB234000015,1007,146,GGB233000575,36210,수원대학교,126.979767,37.213833,1
GGB234000068,720-3,1,GGB233000217,36679,새봄초등학교,127.031183,37.201017,1
GGB234000068,720-3,2,GGB233000218,36219,병점역아이파크캐슬,127.029633,37.20375,1
GGB234000068,720-3,3,GGB233000219,36220,병점복합타운,127.028867,37.20515,1
GGB234000068,720-3,4,GGB277102693,,병점육교(미정차),127.030133,37.208883,1
GGB234000068,720-3,5,GGB233000703,36753,병점사거리.병점역입구,127.034433,37.208383,1
GGB234000068,720-3,6,GGB233000702,36345,병점역사거리,127.035633,37.206983,1
GGB234000068,720-3,7,GGB233000077,36062,홈플러스병점점(좌회전전용),127.037517,37.204233,1
GGB234000068,720-3,8,GGB233002344,37738,한신아파트,127.042017,37.203317,1
GGB234000068,720-3,9,GGB233003169,55580,파크자이2차,127.046683,37.2011,1
GGB234000068,720-3,10,GGB233003171,55582,파크자이1차,127.050033,37.20095,1
GGB234000068,720-3,11,GGB233003058,55944,능동양우내안에아파트,127.051917,37.20135,1
GGB234000068,720-3,12,GGB233001691,37720,두산신일아파트,127.054367,37.201417,1
GGB234000068,720-3,13,GGB233001693,37719,모아포스코아파트,127.057733,37.2015,1
GGB234000068,720-3,14,GGB233001722,37849,동탄고.동탄청소년문화의집,127.059467,37.2038,1
GGB234000068,720-3,15,GGB233001984,37952,숲속자연앤,127.060383,37.2072,1
GGB234000068,720-3,16,GGB233002273,55147,능동은행사거리.동탄시티병원,127.061817,37.2089,1
GGB234000068,720-3,17,GGB233001674,37742,센트럴파크,127.063817,37.2078,1
GGB234000068,720-3,18,GGB233001676,37741,금호어울림,127.066483,37.20655,1
GGB234000068,720-3,19,GGB233001562,36668,한빛마을(중),127.06905,37.207667,1
GGB234000068,720-3,20,GGB233001281,36672,예당마을.롯데캐슬(중),127.072067,37.21095,1
GGB234000068,720-3,21,GGB233001618,37684,동탄이마트.한림대병원,127.077933,37.214033,1
GGB234000068,720-3,22,GGB233001782,37864,한림대병원(중),127.078117,37.216633,1
GGB234000068,720-3,23,GGB233001978,37954,IT단지(중),127.074133,37.224717,1
GGB234000068,720-3,24,GGB233002353,55253,삼성반도체후문,127.071283,37.228417,1
GGB234000068,720-3,25,GGB233001300,36406,신동탄롯데캐슬,127.068117,37.230633,1
GGB234000068,720-3,26,GGB233000116,36399,반월리큰고개,127.0648,37.232933,1
GGB234000068,720-3,27,GGB233000118,36393,신영통현대타운.두산위브,127.0625,37.235483,1
GGB234000068,720-3,28,GGB203000109,4089,망포1동행정복지센터.삼정라츠.늘푸른벽산,127.0594,37.237417,0
GGB234000068,720-3,29,GGB203000108,4176,망포중학교.엘지동수원자이,127.0565,37.238767,0
GGB234000068,720-3,30,GGB203000155,4070,청와.쌍용.그대가센트럴파크아파트,127.05545,37.242717,0
GGB234000068,720-3,31,GGB203000124,4085,망포역1번출구.디지털엠파이어1,127.0596,37.24575,0
GGB234000068,720-3,32,GGB203000168,4117,교통공원,127.065367,37.246183,0
GGB234000068,720-3,33,GGB203000157,4129,살구골동아아파트,127.067983,37.247717,0
GGB234000068,720-3,34,GGB203000156,4135,살구골현대아파트.영통역4번출구,127.0704,37.2502,0
GGB234000068,720-3,35,GGB203000123,4150,영통역,127.0739,37.253767,0
GGB234000068,720-3,36,GGB203000122,4160,청명역3번출구,127.078633,37.2588,0
GGB234000068,720-3,37,GGB203000121,4162,청명역1번출구.청명산,127.080217,37.260467,0
GGB234000068,720-3,38,GGB203000332,4312,황골쌍용아파트,127.082217,37.263633,0
GGB234000068,720-3,39,GGB203000120,4169,황골벽산아파트,127.082417,37.266133,0
GGB234000068,720-3,40,GGB228000677,29051,영통입구,127.081183,37.26815,0
GGB234000068,720-3,41,GGB228000676,29023,영통빌리지,127.075483,37.26755,0
GGB234000068,720-3,42,GGB228000675,29014,삼성삼거리,127.070783,37.268267,0
GGB234000068,720-3,43,GGB203000119,4123,삼성전자입구,127.066567,37.268967,0
GGB234000068,720-3,44,GGB203000072,4108,원천레이크파크아파트,127.06295,37.269733,0
GGB234000068,720-3,45,GGB203000071,4087,광교호수공원입구.원천교사거리,127.0596,37.270933,0
GGB234000068,720-3,46,GGB203000211,4377,광교호반베르디움,127.05775,37.271633,0
GGB234000068,720-3,47,GGB203000070,4183,영통경찰서.성일아파트,127.055433,37.272517,0
GGB234000068,720-3,48,GGB203000069,4056,KT동수원지사,127.0511,37.273583,0
GGB234000068,720-3,49,GGB203000334,4316,수원나누리병원,127.050167,37.2745,0
GGB234000068,720-3,50,GGB203000294,4286,소화초등학교,127.051983,37.277967,0
GGB234000068,720-3,51,GGB203000298,4289,합동신학대학원,127.052217,37.279333,0
GGB234000068,720-3,52,GGB203000134,4036,중흥S클래스.자연앤자이아파트,127.055517,37.284333,0
GGB234000068,720-3,53,GGB203000276,4273,수원컨벤션센터.롯데몰,127.05745,37.285967,0
GGB234000068,720-3,54,GGB203000274,4280,광교센트럴뷰.힐스테이트레이크,127.061133,37.2891,0
GGB234000068,720-3,55,GGB203000351,4331,경기중앙지방변호사회관.수원지방법원,127.06625,37.292033,0
GGB234000068,720-3,56,GGB203000285,4134,광교휴먼시아32단지정문,127.067717,37.292783,0
GGB234000068,720-3,57,GGB203000286,4300,상현역,127.069317,37.296917,0
GGB234000068,720-3,58,GGB228001042,29017,광교상현마을현대아파트,127.073033,37.302217,0
GGB234000068,720-3,59,GGB228000876,47673,포레나광교상현,127.0747,37.304133,0
GGB234000068,720-3,60,GGB228001039,29747,서원말.심곡서원.상현지구대.금호.현대아파트,127.07495,37.306033,0
GGB234000068,720-3,61,GGB228001038,29026,풍산아파트.벽산아파트.힐스테이트,127.0763,37.309367,0
GGB234000068,720-3,62,GGB228001037,29037,LG빌리지2차.두산기술원,127.0778,37.311733,0
GGB234000068,720-3,63,GGB228000895,29047,성복역.데이파크,127.079483,37.312817,0
GGB234000068,720-3,64,GGB228000894,29052,성복역.롯데몰.두산기술원,127.081217,37.312033,0
GGB234000068,720-3,65,GGB228001034,29782,수지지역난방공사,127.088383,37.315417,0
GGB234000068,720-3,66,GGB228001033,29740,풍덕고교사거리,127.09095,37.316983,0
GGB234000068,720-3,67,GGB228001032,29096,용인시평생학습관.힐스테이트,127.094367,37.319,0
GGB234000068,720-3,68,GGB228001031,29100,수지구청.진산삼성A,127.097083,37.320683,0
GGB234000068,720-3,69,GGB228001030,29137,풍덕천사거리,127.101917,37.323667,0
GGB234000068,720-3,70,GGB228001029,29160,용인포은아트홀,127.1048,37.324633,0
GGB234000068,720-3,71,GGB228001028,29200,죽전역.수지레스피아.죽전2동행정복지센터.신세계사우스시티,127.107433,37.325483,0
GGB234000068,720-3,72,GGB228002191,56058,보정동카페거리.죽현마을,127.1093,37.320383,0
GGB234000068,720-3,73,GGB228001002,29873,보정동행정복지센터,127.11245,37.320367,0
GGB234000068,720-3,74,GGB228001317,29796,중앙공원,127.1165,37.32045,0
GGB234000068,720-3,75,GGB228001001,29282,꽃메마을2단지,127.120283,37.32255,0
GGB234000068,720-3,76,GGB228001000,29798,대지고등학교.전내교차로,127.123017,37.32365,0
GGB234000068,720-3,77,GGB228001737,47683,단국대.치과병원,127.125483,37.32235,0
GGB234000068,720-3,78,GGB228001979,47899,단국대.종합실험동,127.125683,37.320167,0
GGB234000068,720-3,79,GGB228001980,47962,단국대.평화의광장,127.128783,37.320133,0
GGB234000068,720-3,80,GGB228001981,47900,단국대.인문관,127.1283,37.322233,0
GGB234000068,720-3,81,GGB228001978,47717,단국대정문,127.12585,37.323333,0
GGB234000068,720-3,82,GGB228001413,47439,대지고등학교.전내교차로,127.123167,37.323917,0
GGB234000068,720-3,83,GGB228001006,29799,꽃메마을1단지,127.121033,37.323083,0
GGB234000068,720-3,84,GGB228001005,29277,꽃메마을.새에덴교회,127.118983,37.322317,0
GGB234000068,720-3,85,GGB228001004,29800,꽃메마을.현대홈타운3단지,127.1179,37.321717,0
GGB234000068,720-3,86,GGB228002190,56057,중앙공원,127.116317,37.320617,0
GGB234000068,720-3,87,GGB228001003,29249,보정동행정복지센터,127.112367,37.320633,0
GGB234000068,720-3,88,GGB228001377,47610,보정동카페거리.죽현마을,127.109333,37.320633,0
GGB234000068,720-3,89,GGB228001055,29199,죽전역.포은아트홀.죽전2동행정복지센터.신세계사우스시티,127.106367,37.325567,0
GGB234000068,720-3,90,GGB228001053,29138,풍덕천사거리,127.1009,37.323417,0
GGB234000068,720-3,91,GGB228001052,47091,수지구청,127.09715,37.321117,0
GGB234000068,720-3,92,GGB228001051,29097,용인시평생학습관.힐스테이트,127.094817,37.319617,0
GGB234000068,720-3,93,GGB228001050,29760,풍덕고교사거리,127.0906,37.3171,0
GGB234000068,720-3,94,GGB228002146,56008,수지지역난방공사,127.089033,37.316183,0
GGB234000068,720-3,95,GGB228000891,29054,성복역.롯데몰.두산기술원,127.0815,37.312233,0
GGB234000068,720-3,96,GGB228001047,29748,LG빌리지2차.두산기술원,127.078233,37.3122,0
GGB234000068,720-3,97,GGB228001045,29750,풍산아파트.벽산아파트.힐스테이트,127.076017,37.309183,0
GGB234000068,720-3,98,GGB228001044,29022,서원말.심곡서원.상현지구대.금호.현대아파트,127.07475,37.306133,0
GGB234000068,720-3,99,GGB228001043,29749,포레나광교상현,127.07455,37.304167,0
GGB234000068,720-3,100,GGB228001184,56676,광교상현마을현대아파트,127.073067,37.302533,0
GGB234000068,720-3,101,GGB203000287,4277,상현역,127.069,37.297033,0
GGB234000068,720-3,102,GGB203000314,4301,광교휴먼시아32단지,127.068217,37.294183,0
GGB234000068,720-3,103,GGB203000284,4302,광교휴먼시아32단지정문,127.066083,37.292217,0
GGB234000068,720-3,104,GGB203000275,4290,광교센트럴뷰.힐스테이트레이크,127.0607,37.289083,0
GGB234000068,720-3,105,GGB203000277,4274,수원컨벤션센터.롯데몰,127.057767,37.286583,0
GGB234000068,720-3,106,GGB203000092,4035,자연앤자이아파트.중흥S클래스,127.055417,37.284567,0
GGB234000068,720-3,107,GGB203000299,4285,합동신학대학원.광교두산위브,127.05195,37.280067,0
GGB234000068,720-3,108,GGB203000295,4284,소화초등학교,127.051617,37.27825,0
GGB234000068,720-3,109,GGB203000333,4315,수원나누리병원,127.049567,37.2745,0
GGB234000068,720-3,110,GGB203000177,4058,KT동수원지사,127.0514,37.2732,0
GGB234000068,720-3,111,GGB203000176,4180,영통경찰서.성일아파트,127.055517,37.272067,0
GGB234000068,720-3,112,GGB203000175,4086,광교호수공원입구.원천교사거리,127.060183,37.27035,0
GGB234000068,720-3,113,GGB203000174,4105,원천레이크파크아파트,127.06225,37.26945,0
GGB234000068,720-3,114,GGB203000079,4124,삼성전자입구,127.066683,37.268567,0
GGB234000068,720-3,115,GGB228000702,29013,삼성삼거리,127.07045,37.267917,0
GGB234000068,720-3,116,GGB228003580,29024,프리미엄아울렛,127.076133,37.267017,0
GGB234000068,720-3,117,GGB203000078,4166,황골마을,127.081867,37.2673,0
GGB234000068,720-3,118,GGB203000077,4165,영통센트럴파크뷰.벽산아파트,127.0819,37.2653,0
GGB234000068,720-3,119,GGB203000076,4161,청명역6번출구.영통포레파크원아파트,127.079583,37.26055,0
GGB234000068,720-3,120,GGB203000075,4157,청명역4번출구,127.07745,37.258283,0
GGB234000068,720-3,121,GGB203000355,4384,수원가정법원.훼미리타워,127.07455,37.255183,0
GGB234000068,720-3,122,GGB203000074,4141,영통역8번출구.수원지방법원등기국,127.071917,37.25235,0
GGB234000068,720-3,123,GGB203000065,4131,극동.풍림아파트,127.068883,37.2493,0
GGB234000068,720-3,124,GGB203000257,4240,영통주공9단지,127.065117,37.2466,0
GGB234000068,720-3,125,GGB203000150,4072,그대가프리미어아파트.망포역3번출구,127.056017,37.24465,0
GGB234000068,720-3,126,GGB203000149,4069,태장초등학교,127.055333,37.24085,0
GGB234000068,720-3,127,GGB203000148,4177,망포중학교.엘지동수원자이,127.056483,37.238333,0
GGB234000068,720-3,128,GGB203000147,4090,망포1동행정복지센터.삼정라츠.늘푸른벽산,127.059233,37.237167,0
GGB234000068,720-3,129,GGB233000117,36512,신영통현대타운.두산위브,127.0621,37.23535,1
GGB234000068,720-3,130,GGB233001211,36396,반월리큰고개,127.064817,37.2325,1
GGB234000068,720-3,131,GGB233000115,36405,신동탄롯데캐슬,127.0681,37.230383,1
GGB234000068,720-3,132,GGB233001212,36408,삼성반도체후문,127.070867,37.227467,1
GGB234000068,720-3,133,GGB233001310,36683,IT단지(중),127.073667,37.2251,1
GGB234000068,720-3,134,GGB233001225,36414,한림대병원(중),127.07775,37.217317,1
GGB234000068,720-3,135,GGB233001619,37692,동탄이마트.한림대병원,127.077833,37.214483,1
GGB234000068,720-3,136,GGB233001282,37587,예당마을.롯데캐슬(중),127.073,37.21175,1
GGB234000068,720-3,137,GGB233001677,37737,한화꿈에그린아파트,127.06655,37.206817,1
GGB234000068,720-3,138,GGB233001675,37703,센트럴파크,127.063933,37.208067,1
GGB234000068,720-3,139,GGB233001939,37943,자연앤아너스빌,127.0608,37.208567,1
GGB234000068,720-3,140,GGB233001983,37951,숲속자연앤,127.060033,37.20715,1
GGB234000068,720-3,141,GGB233001723,37850,동탄고등학교,127.059167,37.203933,1
GGB234000068,720-3,142,GGB233001692,37714,모아포스코아파트,127.05795,37.201633,1
GGB234000068,720-3,143,GGB233001690,37718,두산신일아파트,127.054267,37.201567,1
GGB234000068,720-3,144,GGB233003057,55943,능동양우내안에아파트,127.051867,37.20155,1
GGB234000068,720-3,145,GGB233003172,55583,파크자이1차,127.04965,37.201083,1
GGB234000068,720-3,146,GGB233003170,55581,파크자이2차,127.046833,37.20125,1
GGB234000068,720-3,147,GGB233001622,37739,센트럴허브시티,127.04195,37.203517,1
GGB234000068,720-3,148,GGB233000101,36350,센트럴허브시티.송화초교,127.038217,37.203783,1
GGB234000068,720-3,149,GGB233000708,36342,병점구청.병점초등학교,127.0345,37.208717,1
GGB234000068,720-3,150,GGB233000220,36230,병점복합타운,127.028517,37.204967,1
GGB234000068,720-3,151,GGB233000221,36232,병점역아이파크캐슬,127.029417,37.20335,1
GGB234000068,720-3,152,GGB233000222,36233,새봄초등학교,127.0306,37.20125,1
GGB234000310,1009,1,GGB233001214,36216,수원대학교,126.98015,37.21375,1
GGB234000310,1009,2,GGB233000599,36663,홍익대.홍익디자인고,126.978483,37.217067,1
GGB234000310,1009,3,GGB233000598,37573,북촌말앞,126.976533,37.220067,1
GGB234000310,1009,4,GGB233000596,36186,신일해피트리1차,126.973933,37.222467,1
GGB234000310,1009,5,GGB233000595,36176,우림그린빌리지,126.972433,37.22455,1
GGB234000310,1009,6,GGB233000594,36172,광도와이드빌,126.971883,37.226583,1
GGB234000310,1009,7,GGB233000002,36161,화성시민캠퍼스,126.970433,37.229317,0
GGB234000310,1009,8,GGB233001986,55621,수영리검사소,126.968633,37.232683,0
GGB234000310,1009,9,GGB201000260,2069,국립축산과학원,126.966267,37.236117,0
GGB234000310,1009,10,GGB201000038,2051,수영오거리.방송통신대입구,126.9624,37.237717,1
GGB234000310,1009,11,GGB201000153,2290,오목초등학교,126.963867,37.240083,0
GGB234000310,1009,12,GGB201000152,2082,청구1차아파트,126.967983,37.24,0
GGB234000310,1009,13,GGB201000352,2851,들바람공원,126.977817,37.2409,0
GGB234000310,1009,14,GGB201000350,2848,우림.대한아파트,126.977783,37.247333,0
GGB234000310,1009,15,GGB201000126,2109,도로교통관리사업소,126.97625,37.250583,0
GGB234000310,1009,16,GGB201000125,2097,권선구청.한봄고.덕산병원,126.973833,37.257167,0
GGB234000310,1009,17,GGB201000218,2095,탑동우방아파트,126.971583,37.268683,0
GGB234000310,1009,18,GGB201000173,2089,구운동주민센터.서수원도서관,126.970533,37.27425,0
GGB234000310,1009,19,GGB201000172,2103,탑동초등학교.삼성아파트,126.974583,37.275217,0
GGB234000310,1009,20,GGB201000171,2110,구운중학교,126.97645,37.27555,0
GGB234000310,1009,21,GGB201000031,2119,웃거리.힐스테이트수원테라스,126.978817,37.277083,0
GGB234000310,1009,22,GGB201000030,2102,구운오거리.경기중소기업성장지원센터,126.97405,37.281383,0
GGB234000310,1009,23,GGB201000189,2107,구운동강남아파트,126.975317,37.282,0
GGB234000310,1009,24,GGB201000188,2117,구운동삼환아파트,126.97815,37.282633,0
GGB234000310,1009,25,GGB202000255,3158,율현중학교.녹색교통회관.꽃뫼버들코오롱아파트,126.980767,37.285583,0
GGB234000310,1009,26,GGB202000251,3156,꽃뫼대우아파트,126.985433,37.286183,0
GGB234000310,1009,27,GGB200000204,1082,화서역.화서주공3단지.스타필드수원,126.992033,37.286617,0
GGB234000310,1009,28,GGB200000113,1098,경기수원의료원.두견마을.파크푸르지오,126.9965,37.29015,0
GGB234000310,1009,29,GGB200000112,1092,장안고등학교,126.994967,37.292717,0
GGB234000310,1009,30,GGB200000111,1084,정자3동행정복지센터.정자동중심상가,126.993383,37.295383,0
GGB234000310,1009,31,GGB200000091,1081,풍림아파트,126.992033,37.298667,0
GGB234000310,1009,32,GGB200000120,1086,동신아파트,126.994133,37.30265,0
GGB234000310,1009,33,GGB200000119,1222,효자문사거리.북수원자이렉스비아정문,126.991683,37.305717,0
GGB234000310,1009,34,GGB200000130,1069,SK스카이뷰.SK아트리움,126.9887,37.309183,0
GGB234000310,1009,35,GGB200000042,1206,이목동.장안힐스테이트,126.9853,37.314,0
GGB234000310,1009,36,GGB200000041,1049,이목동.장안STX칸,126.98395,37.315567,0
GGB234000310,1009,37,GGB200000094,1050,동원고교.해우재입구,126.984033,37.317,0
GGB234000310,1009,38,GGB277104640,,효행공원(미정차),126.986633,37.32525,0
GGB234000310,1009,39,GGB277103323,,지지대고개(미정차),126.983667,37.33055,0
GGB234000310,1009,40,GGB277104642,,골사그내교차로(미정차),126.980767,37.3356,0
GGB234000310,1009,41,GGB226000039,27113,의왕톨게이트,126.985,37.3471,0
GGB234000310,1009,42,GGB277103221,,의왕터널진입(미정차),126.998417,37.358917,0
GGB234000310,1009,43,GGB226000191,27185,의왕청계영업소,127.026167,37.39245,0
GGB234000310,1009,44,GGB277102796,,청계터널출입(미정차),127.054983,37.396117,0
GGB234000310,1009,45,GGB277103148,,판교TG(미정차),127.102133,37.395667,0
GGB234000310,1009,46,GGB206000538,7494,화랑공원남편,127.106733,37.395333,0
GGB234000310,1009,47,GGB206000577,7552,화랑공원동편,127.1072,37.396933,0
GGB234000310,1009,48,GGB206000539,7495,금토천교,127.106033,37.4013,0
GGB234000310,1009,49,GGB206000540,7496,삼평교,127.104783,37.404133,0
GGB234000310,1009,50,GGB204000064,5002,판교제2테크노밸리,127.099733,37.411333,0
GGB234000310,1009,51,GGB204000200,5182,국가기록원성남분원.코이카,127.101417,37.41535,0
GGB234000310,1009,52,GGB204000063,5009,시흥사거리,127.102317,37.421117,0
GGB234000310,1009,53,GGB204000002,5010,고등119안전센터,127.102467,37.424683,0
GGB234000310,1009,54,GGB204000001,5008,고등동행정복지센터.판교밸리자이아파트,127.10205,37.428333,0
GGB234000310,1009,55,GGB204000046,5013,등자리,127.103783,37.435267,0
GGB234000310,1009,56,GGB204000223,5199,공군부대제2정문.면회실,127.104017,37.43805,0
GGB234000310,1009,57,GGB204000045,5014,공군아파트,127.104333,37.446583,0
GGB234000310,1009,58,GGB204000044,5017,효성고등학교,127.10575,37.4498,0
GGB234000310,1009,59,GGB204000043,5020,오야동.신촌동행정복지센터,127.107117,37.455283,0
GGB234000310,1009,60,GGB204000042,5022,신촌동앞,127.107767,37.459817,0
GGB234000310,1009,61,GGB122000309,91154,세곡동,127.1101,37.464683,0
GGB234000310,1009,62,GGB122000310,,광연자동차학원앞,127.11635,37.465667,0
GGB234000310,1009,63,GGB122000311,,삼일자동차학원.강남자동차검사소,127.12105,37.46775,0
GGB234000310,1009,64,GGB123000015,,장지역.가든파이브(중),127.126183,37.478883,0
GGB234000310,1009,65,GGB123000013,,문정법조단지.건영아파트(중),127.124567,37.48195,0
GGB234000310,1009,66,GGB123000011,,문정로데오거리입구(중),127.12145,37.488233,0
GGB234000310,1009,67,GGB123000009,,가락시장.가락시장역(중),127.117133,37.494417,0
GGB234000310,1009,68,GGB123000007,,송파역(중),127.1118,37.50025,0
GGB234000310,1009,69,GGB123000005,,석촌역(중),127.109117,37.5032,0
GGB234000310,1009,70,GGB123000003,,석촌호수.한솔병원(중),127.105783,37.50685,0
GGB234000310,1009,71,GGB277102839,,석촌역교차로(미정차),127.103767,37.509317,0
GGB234000310,1009,72,GGB123000611,,잠실광역환승센터,127.100667,37.51235,0
GGB234000310,1009,73,GGB277102843,,잠실역환승센터출구(미정차),127.102983,37.509467,0
GGB234000310,1009,74,GGB123000004,,석촌호수.한솔병원(중),127.105283,37.507183,0
GGB234000310,1009,75,GGB123000006,,석촌역(중),127.108367,37.503833,0
GGB234000310,1009,76,GGB123000008,,송파역(중),127.1112,37.500667,0
GGB234000310,1009,77,GGB123000010,,가락시장.가락시장역(중),127.11655,37.494833,0
GGB234000310,1009,78,GGB123000012,,문정로데오거리입구(중),127.120583,37.489317,0
GGB234000310,1009,79,GGB123000014,,문정법조단지.건영아파트(중),127.1238,37.48315,0
GGB234000310,1009,80,GGB123000016,,장지역.가든파이브(중),127.1254,37.479983,0
GGB234000310,1009,81,GGB122000312,,삼일자동차학원.강남자동차검사소,127.120867,37.468167,0
GGB234000310,1009,82,GGB122000313,,광연자동차학원앞,127.118733,37.46705,0
GGB234000310,1009,83,GGB122000308,,세곡동사거리,127.1079,37.463717,0
GGB234000310,1009,84,GGB204000041,5021,신촌동앞,127.107267,37.459217,0
GGB234000310,1009,85,GGB204000040,5019,오야동.신촌동행정복지센터,127.106533,37.4544,0
GGB234000310,1009,86,GGB204000039,5016,효성고등학교,127.105017,37.449017,0
GGB234000310,1009,87,GGB204000057,5012,공군아파트,127.1036,37.445767,0
GGB234000310,1009,88,GGB204000222,5198,공군부대제2정문.면회실,127.10345,37.438633,0
GGB234000310,1009,89,GGB204000038,5011,등자리,127.103183,37.434183,0
GGB234000310,1009,90,GGB204000062,5005,고등동행정복지센터.판교밸리자이아파트,127.10165,37.428217,0
GGB234000310,1009,91,GGB204000037,5007,고등119안전센터,127.102033,37.4246,0
GGB234000310,1009,92,GGB204000061,5006,시흥사거리,127.101917,37.420767,0
GGB234000310,1009,93,GGB204000199,5181,국가기록원성남분원.코이카,127.101,37.415383,0
GGB234000310,1009,94,GGB204000060,5001,판교제2테크노밸리,127.09935,37.411683,0
GGB234000310,1009,95,GGB206000542,7498,삼평교,127.104167,37.403917,0
GGB234000310,1009,96,GGB206000543,7499,금토천교,127.10555,37.4012,0
GGB234000310,1009,97,GGB206000561,7516,화랑공원동편,127.106833,37.397417,0
GGB234000310,1009,98,GGB206000544,7500,화랑공원남편,127.106317,37.395483,0
GGB234000310,1009,99,GGB277103149,,판교TG(미정차),127.103167,37.39595,0
GGB234000310,1009,100,GGB277102599,,청계터널진입(미정차),127.054267,37.39655,0
GGB234000310,1009,101,GGB226000190,27186,의왕청계영업소,127.02325,37.393133,0
GGB234000310,1009,102,GGB277103220,,의왕터널진입(미정차),126.999233,37.365667,0
GGB234000310,1009,103,GGB226000038,27112,의왕톨게이트,126.9845,37.348517,0
GGB234000310,1009,104,GGB277104643,,골사그내교차로(미정차),126.980117,37.335583,0
GGB234000310,1009,105,GGB277103322,,지지대고개(미정차),126.983333,37.33045,0
GGB234000310,1009,106,GGB277104641,,효행공원(미정차),126.98625,37.32515,0
GGB234000310,1009,107,GGB200000152,1048,이목동.장안STX칸,126.983783,37.3154,0
GGB234000310,1009,108,GGB200000151,1210,이목동.장안힐스테이트,126.985383,37.313467,0
GGB234000310,1009,109,GGB200000127,1218,SK스카이뷰.SK아트리움,126.988267,37.309317,0
GGB234000310,1009,110,GGB200000117,1077,북수원자이렉스비아정문,126.990833,37.306367,0
GGB234000310,1009,111,GGB200000116,1087,동신아파트,126.994117,37.302267,0
GGB234000310,1009,112,GGB200000090,1083,풍림아파트,126.992033,37.29885,0
GGB234000310,1009,113,GGB200000096,1085,정자3동행정복지센터.정자동중심상가.동양고속성지아파트,126.993217,37.294917,0
GGB234000310,1009,114,GGB200000147,1093,장안고등학교,126.9948,37.292333,0
GGB234000310,1009,115,GGB200000266,1251,경기수원의료원.파크푸르지오.두견마을,126.9958,37.29065,0
GGB234000310,1009,116,GGB200000088,1079,화서역.스타필드수원.푸르지오브리시엘,126.991417,37.2867,0
GGB234000310,1009,117,GGB202000254,3157,현대모닝아파트,126.984817,37.286467,0
GGB234000310,1009,118,GGB202000245,3152,율현중학교.녹색교통회관.꽃뫼버들코오롱아파트,126.980683,37.285817,0
GGB234000310,1009,119,GGB201000187,2121,구운동삼환아파트,126.97895,37.283133,0
GGB234000310,1009,120,GGB201000186,2105,구운동성원아파트.일월먹거리촌,126.974867,37.2821,0
GGB234000310,1009,121,GGB201000035,2101,구운오거리.경기중소기업성장지원센터,126.974033,37.281,0
GGB234000310,1009,122,GGB201000034,2120,웃거리.힐스테이트수원테라스,126.9789,37.276633,0
GGB234000310,1009,123,GGB201000253,2112,구운중학교,126.977167,37.275917,0
GGB234000310,1009,124,GGB201000252,2099,탑동초등학교.삼성아파트,126.973967,37.275317,0
GGB234000310,1009,125,GGB201000470,2957,구운동주민센터.서수원도서관,126.97105,37.274633,0
GGB234000310,1009,126,GGB201000217,2093,탑동우방아파트,126.971183,37.268783,0
GGB234000310,1009,127,GGB201000157,2288,권선경찰서.권선구청.덕산병원,126.97335,37.258567,0
GGB234000310,1009,128,GGB201000122,2108,고색동태산아파트.도로교통관리사업소,126.97585,37.250583,0
GGB234000310,1009,129,GGB201000349,2846,우림.대한아파트,126.977933,37.24585,0
GGB234000310,1009,130,GGB201000355,2865,수원델타플렉스육교앞,126.97905,37.243483,0
GGB234000310,1009,131,GGB201000353,2853,들바람공원,126.97765,37.241117,0
GGB234000310,1009,132,GGB201000130,2081,청구1차아파트,126.969233,37.240183,0
GGB234000310,1009,133,GGB201000151,2289,오목천주공아파트,126.963883,37.240267,0
GGB234000310,1009,134,GGB233000593,36148,수영오거리.방송통신대입구,126.962517,37.237517,1
GGB234000310,1009,135,GGB233000592,36152,국립축산과학원,126.965867,37.236117,0
GGB234000310,1009,136,GGB233001574,37638,수영리검사소,126.968467,37.232483,1
GGB234000310,1009,137,GGB233000591,36159,화성시민캠퍼스,126.97035,37.229117,1
GGB234000310,1009,138,GGB233000590,36169,신일우남아파트,126.971617,37.2266,1
GGB234000310,1009,139,GGB233000589,36174,SK매직.우림그린빌리지,126.97205,37.224783,1
GGB234000310,1009,140,GGB233000588,36183,봉담이마트,126.9736,37.222533,1
GGB234000310,1009,141,GGB233000587,36195,북촌말입구,126.9767,37.21955,1
GGB234000310,1009,142,GGB233000586,36662,신일해피트리2차아파트,126.97845,37.216633,1
GGB234000310,1009,143,GGB233001213,36215,수원대학교,126.979967,37.21375,1
GGB234000314,6004,1,GGB233001447,36676,동탄국제고등학교,127.079467,37.189017,1
GGB234000314,6004,2,GGB233002499,55410,중흥S클래스.에일린의뜰,127.08675,37.186883,1
GGB234000314,6004,3,GGB233002497,55409,행복주택.동탄경찰서,127.0918,37.186567,1
GGB234000314,6004,4,GGB233002494,37003,동탄초교,127.092983,37.188133,1
GGB234000314,6004,5,GGB233001649,37965,신미주아파트,127.092983,37.192967,1
GGB234000314,6004,6,GGB233001625,37687,반도5차.파라곤,127.093017,37.196417,1
GGB234000314,6004,7,GGB233001632,55494,디에트르퍼스티지,127.093017,37.199333,1
GGB234000314,6004,8,GGB233002515,37239,반도8차,127.093017,37.201867,1
GGB234000314,6004,9,GGB233001631,55493,반도유보라6차,127.093033,37.203917,1
GGB234000314,6004,10,GGB233001636,37672,치동초등학교,127.093033,37.207933,1
GGB234000314,6004,11,GGB233002443,55315,한미약품.푸르지오,127.091617,37.2095,1
GGB234000314,6004,12,GGB233002439,55311,예당고사거리,127.080667,37.2099,1
GGB234000314,6004,13,GGB233001683,37712,전하리교회.우미제일,127.079283,37.21315,1
GGB234000314,6004,14,GGB233002444,55316,한림대성심병원,127.0802,37.2155,1
GGB234000314,6004,15,GGB277101908,,기흥동탄TG(미정차),127.091567,37.21655,1
GGB234000314,6004,16,GGB277102660,,기흥휴게소(미정차),127.106617,37.23525,0
GGB234000314,6004,17,GGB277103363,,수원신갈IC(미정차),127.104,37.2657,0
GGB234000314,6004,18,GGB277103361,,신갈JC(미정차),127.103867,37.289667,0
GGB234000314,6004,19,GGB277103443,,죽전(미정차),127.103817,37.326633,0
GGB234000314,6004,20,GGB277102630,,금곡(미정차),127.10355,37.349767,0
GGB234000314,6004,21,GGB277103386,,서울TG(미정차),127.104333,37.364967,0
GGB234000314,6004,22,GGB277103151,,판교IC(미정차),127.100617,37.398633,0
GGB234000314,6004,23,GGB277103679,,금토JC(미정차),127.085317,37.415283,0
GGB234000314,6004,24,GGB277103441,,서울진입(미정차),127.066583,37.43385,0
GGB234000314,6004,25,GGB277104177,,청계산입구역(미정차),127.0542,37.448367,0
GGB234000314,6004,26,GGB277103388,,양재IC(미정차),127.04045,37.463283,0
GGB234000314,6004,27,GGB277103390,,서초IC(미정차),127.026333,37.483133,0
GGB234000314,6004,28,GGB121000086,90062,KCC사옥,127.020217,37.503017,0
GGB234000314,6004,29,GGB121000946,,신논현역.금강빌딩,127.025467,37.501783,0
GGB234000314,6004,30,GGB277103680,,강남역.지오다노(미정차),127.026133,37.500417,0
GGB234000314,6004,31,GGB277102911,,강남역10번출구(미정차),127.026983,37.498617,0
GGB234000314,6004,32,GGB121000009,,신분당선강남역(중),127.028567,37.495783,0
GGB234000314,6004,33,GGB277101612,,우성아파트앞사거리(미정차),127.029533,37.49335,0
GGB234000314,6004,34,GGB121000007,,래미안아파트.파이낸셜뉴스(중),127.030533,37.491667,0
GGB234000314,6004,35,GGB121000005,,뱅뱅사거리(중),127.032467,37.487683,0
GGB234000314,6004,36,GGB121000003,,양재역.서초문화예술회관(중),127.035883,37.482567,0
GGB234000314,6004,37,GGB121000001,,말죽거리공원사거리(중),127.038517,37.478467,0
GGB234000314,6004,38,GGB121000220,,매헌시민의숲.양재꽃시장,127.038383,37.4708,0
GGB234000314,6004,39,GGB277103387,,양재IC(미정차),127.039433,37.46365,0
GGB234000314,6004,40,GGB277104178,,청계산입구역(미정차),127.053833,37.448183,0
GGB234000314,6004,41,GGB277103440,,성남진입(미정차),127.066183,37.43355,0
GGB234000314,6004,42,GGB277103678,,금토JC(미정차),127.08445,37.4155,0
GGB234000314,6004,43,GGB277103150,,판교IC(미정차),127.10005,37.398833,0
GGB234000314,6004,44,GGB277103385,,서울TG(미정차),127.1026,37.36535,0
GGB234000314,6004,45,GGB277102104,,금곡(미정차),127.103117,37.350367,0
GGB234000314,6004,46,GGB277103442,,죽전(미정차),127.10315,37.3266,0
GGB234000314,6004,47,GGB277103360,,신갈JC(미정차),127.10345,37.290433,0
GGB234000314,6004,48,GGB277103362,,수원신갈IC(미정차),127.103533,37.266817,0
GGB234000314,6004,49,GGB277102621,,기흥휴게소(미정차),127.106183,37.235117,0
GGB234000314,6004,50,GGB277101884,,기흥동탄TG(미정차),127.0917,37.216983,1
GGB234000314,6004,51,GGB233001817,37879,이마트.한림대병원,127.079133,37.215317,1
GGB234000314,6004,52,GGB233003186,37760,우미제일.전하리교회,127.079383,37.212133,1
GGB234000314,6004,53,GGB233002440,55312,예당고사거리,127.081817,37.209183,1
GGB234000314,6004,54,GGB233002442,55314,푸르지오.한미약품,127.091833,37.209183,1
GGB234000314,6004,55,GGB233001635,55496,치동초등학교,127.09255,37.208,1
GGB234000314,6004,56,GGB233001629,55492,반도유보라6차,127.092533,37.203717,1
GGB234000314,6004,57,GGB233002294,37134,반도8차,127.092517,37.201867,1
GGB234000314,6004,58,GGB233001634,55495,디에트르퍼스티지,127.092517,37.199167,1
GGB234000314,6004,59,GGB233001628,55491,반도5차.파라곤,127.092517,37.1964,1
GGB234000314,6004,60,GGB233001648,36993,신미주아파트,127.09255,37.192867,1
GGB234000314,6004,61,GGB233002495,55403,동탄초교,127.092517,37.187483,1
GGB234000314,6004,62,GGB233002496,55404,더샵센트럴시티2차.행복주택,127.091417,37.1869,1
GGB234000314,6004,63,GGB233002498,55405,에일린의뜰.중흥S클래스,127.086933,37.187183,1
GGB234000314,6004,64,GGB233001455,36677,동탄국제고등학교,127.079183,37.189067,1
GGB234000995,M4403,1,GGB233001448,36678,나루마을.월드반도,127.076517,37.1908,1
GGB234000995,M4403,2,GGB277102522,,새강마을사거리(미정차),127.072417,37.193033,1
GGB234000995,M4403,3,GGB233001450,36680,솔빛마을.화성동탄중앙도서관,127.069633,37.195817,1
GGB234000995,M4403,4,GGB233001224,36664,다은마을(중),127.067583,37.199983,1
GGB234000995,M4403,5,GGB233001219,36667,메타폴리스(중),127.067517,37.203733,1
GGB234000995,M4403,6,GGB233001562,36668,한빛마을(중),127.06905,37.207667,1
GGB234000995,M4403,7,GGB233001281,36672,예당마을.롯데캐슬(중),127.072067,37.21095,1
GGB234000995,M4403,8,GGB277101908,,기흥동탄TG(미정차),127.091567,37.21655,1
GGB234000995,M4403,9,GGB277102660,,기흥휴게소(미정차),127.106617,37.23525,0
GGB234000995,M4403,10,GGB277103363,,수원신갈IC(미정차),127.104,37.2657,0
GGB234000995,M4403,11,GGB277103361,,신갈JC(미정차),127.103867,37.289667,0
GGB234000995,M4403,12,GGB277103443,,죽전(미정차),127.103817,37.326633,0
GGB234000995,M4403,13,GGB277102630,,금곡(미정차),127.10355,37.349767,0
GGB234000995,M4403,14,GGB277103386,,서울TG(미정차),127.104333,37.364967,0
GGB234000995,M4403,15,GGB277103151,,판교IC(미정차),127.100617,37.398633,0
GGB234000995,M4403,16,GGB277103679,,금토JC(미정차),127.085317,37.415283,0
GGB234000995,M4403,17,GGB277103441,,서울진입(미정차),127.066583,37.43385,0
GGB234000995,M4403,18,GGB277104177,,청계산입구역(미정차),127.0542,37.448367,0
GGB234000995,M4403,19,GGB277103388,,양재IC(미정차),127.04045,37.463283,0
GGB234000995,M4403,20,GGB277103390,,서초IC(미정차),127.026333,37.483133,0
GGB234000995,M4403,21,GGB121000086,90062,KCC사옥,127.020217,37.503017,0
GGB234000995,M4403,22,GGB121000944,,신논현역.주류성빌딩,127.025767,37.50115,0
GGB234000995,M4403,23,GGB277102911,,강남역10번출구(미정차),127.026983,37.498617,0
GGB234000995,M4403,24,GGB121000973,90258,강남역티월드,127.028867,37.4947,0
GGB234000995,M4403,25,GGB277101867,,역삼동.우성아파트(미정차),127.030417,37.4914,0
GGB234000995,M4403,26,GGB277102150,,뱅뱅사거리(미정차),127.031517,37.48925,0
GGB234000995,M4403,27,GGB121000005,,뱅뱅사거리(중),127.032467,37.487683,0
GGB234000995,M4403,28,GGB121000003,,양재역.서초문화예술회관(중),127.035883,37.482567,0
GGB234000995,M4403,29,GGB277104385,,교육개발원입구교차로(미정차),127.0384,37.47775,0
GGB234000995,M4403,30,GGB121000220,,매헌시민의숲.양재꽃시장,127.038383,37.4708,0
GGB234000995,M4403,31,GGB277103387,,양재IC(미정차),127.039433,37.46365,0
GGB234000995,M4403,32,GGB277104178,,청계산입구역(미정차),127.053833,37.448183,0
GGB234000995,M4403,33,GGB277103440,,성남진입(미정차),127.066183,37.43355,0
GGB234000995,M4403,34,GGB277103678,,금토JC(미정차),127.08445,37.4155,0
GGB234000995,M4403,35,GGB277103150,,판교IC(미정차),127.10005,37.398833,0
GGB234000995,M4403,36,GGB277103385,,서울TG(미정차),127.1026,37.36535,0
GGB234000995,M4403,37,GGB277102104,,금곡(미정차),127.103117,37.350367,0
GGB234000995,M4403,38,GGB277103442,,죽전(미정차),127.10315,37.3266,0
GGB234000995,M4403,39,GGB277103360,,신갈JC(미정차),127.10345,37.290433,0
GGB234000995,M4403,40,GGB277103362,,수원신갈IC(미정차),127.103533,37.266817,0
GGB234000995,M4403,41,GGB277102621,,기흥휴게소(미정차),127.106183,37.235117,0
GGB234000995,M4403,42,GGB277101884,,기흥동탄TG(미정차),127.0917,37.216983,1
GGB234000995,M4403,43,GGB233001282,37587,예당마을.롯데캐슬(중),127.073,37.21175,1
GGB234000995,M4403,44,GGB233001216,36841,한빛마을.석우중학교(중),127.069267,37.208217,1
GGB234000995,M4403,45,GGB233001218,36666,메타폴리스(중),127.067483,37.204267,1
GGB234000995,M4403,46,GGB233001220,37693,다은마을(중),127.06735,37.200383,1
GGB234000995,M4403,47,GGB233001452,37584,새강마을.화성동탄중앙도서관,127.0692,37.195667,1
GGB234000995,M4403,48,GGB233001713,37745,나루마을.한화꿈에그린2차,127.07455,37.191317,1
GGB234001138,1551,1,GGB233001214,36216,수원대학교,126.98015,37.21375,1
GGB234001138,1551,2,GGB277102590,,수원대학교(미정차),126.9838,37.211567,1
GGB234001138,1551,3,GGB233002397,55343,융건릉사거리,126.987533,37.20785,1
GGB234001138,1551,4,GGB233001840,36996,융건릉입구,126.989017,37.206767,1
GGB234001138,1551,5,GGB233001842,36998,중외제약사거리,127.003067,37.2015,1
GGB234001138,1551,6,GGB233000645,36304,신한미지엔아파트앞,127.0086,37.199917,1
GGB234001138,1551,7,GGB233000644,36311,북촌말입구,127.0136,37.202683,1
GGB234001138,1551,8,GGB233000643,36315,송산동입구,127.0172,37.205567,1
GGB234001138,1551,9,GGB233000642,36327,동문아파트,127.022233,37.205367,1
GGB234001138,1551,10,GGB233000696,36336,진안5통.병점육교,127.030417,37.208617,1
GGB234001138,1551,11,GGB233000695,36338,병점역후문,127.032033,37.20605,1
GGB234001138,1551,12,GGB233001921,37933,유앤아이.화성시청소년수련관,127.034717,37.202317,1
GGB234001138,1551,13,GGB233000097,36348,한일타운아파트,127.03755,37.200233,1
GGB234001138,1551,14,GGB233001290,36364,성호아파트,127.041067,37.199883,1
GGB234001138,1551,15,GGB233001229,37516,우남퍼스트빌,127.04785,37.198917,1
GGB234001138,1551,16,GGB233001288,36689,서동탄역.신일해피트리(중),127.0525,37.1995,1
GGB234001138,1551,17,GGB233001286,36687,모아미래도.우림필유.평생학습관(중),127.057583,37.199267,1
GGB234001138,1551,18,GGB233001721,37848,우림필유,127.059583,37.200833,1
GGB234001138,1551,19,GGB233001722,37849,동탄고.동탄청소년문화의집,127.059467,37.2038,1
GGB234001138,1551,20,GGB233001984,37952,숲속자연앤,127.060383,37.2072,1
GGB234001138,1551,21,GGB233002273,55147,능동은행사거리.동탄시티병원,127.061817,37.2089,1
GGB234001138,1551,22,GGB233001674,37742,센트럴파크,127.063817,37.2078,1
GGB234001138,1551,23,GGB233001676,37741,금호어울림,127.066483,37.20655,1
GGB234001138,1551,24,GGB233001678,37733,메타폴리스,127.070733,37.205367,1
GGB234001138,1551,25,GGB233001679,37694,동탄1동행정복지센터.헌혈의집,127.072567,37.20665,1
GGB234001138,1551,26,GGB233001681,37695,신일유토빌정문,127.07505,37.20915,1
GGB234001138,1551,27,GGB233001682,37711,예당예원초,127.077667,37.210567,1
GGB234001138,1551,28,GGB233001683,37712,전하리교회.우미제일,127.079283,37.21315,1
GGB234001138,1551,29,GGB233002444,55316,한림대성심병원,127.0802,37.2155,1
GGB234001138,1551,30,GGB277101908,,기흥동탄TG(미정차),127.091567,37.21655,1
GGB234001138,1551,31,GGB277102660,,기흥휴게소(미정차),127.106617,37.23525,0
GGB234001138,1551,32,GGB277103363,,수원신갈IC(미정차),127.104,37.2657,0
GGB234001138,1551,33,GGB277103361,,신갈JC(미정차),127.103867,37.289667,0
GGB234001138,1551,34,GGB277103443,,죽전(미정차),127.103817,37.326633,0
GGB234001138,1551,35,GGB277102630,,금곡(미정차),127.10355,37.349767,0
GGB234001138,1551,36,GGB277103386,,서울TG(미정차),127.104333,37.364967,0
GGB234001138,1551,37,GGB277103151,,판교IC(미정차),127.100617,37.398633,0
GGB234001138,1551,38,GGB277103679,,금토JC(미정차),127.085317,37.415283,0
GGB234001138,1551,39,GGB277103441,,서울진입(미정차),127.066583,37.43385,0
GGB234001138,1551,40,GGB277104177,,청계산입구역(미정차),127.0542,37.448367,0
GGB234001138,1551,41,GGB277103388,,양재IC(미정차),127.04045,37.463283,0
GGB234001138,1551,42,GGB277103390,,서초IC(미정차),127.026333,37.483133,0
GGB234001138,1551,43,GGB121000086,90062,KCC사옥,127.020217,37.503017,0
GGB234001138,1551,44,GGB121000944,,신논현역.주류성빌딩,127.025767,37.50115,0
GGB234001138,1551,45,GGB277102911,,강남역10번출구(미정차),127.026983,37.498617,0
GGB234001138,1551,46,GGB121000974,,강남역우리은행,127.02835,37.49575,0
GGB234001138,1551,47,GGB277101696,,삼성화재서초타워(미정차),127.02895,37.494533,0
GGB234001138,1551,48,GGB277101867,,역삼동.우성아파트(미정차),127.030417,37.4914,0
GGB234001138,1551,49,GGB121000005,,뱅뱅사거리(중),127.032467,37.487683,0
GGB234001138,1551,50,GGB121000003,,양재역.서초문화예술회관(중),127.035883,37.482567,0
GGB234001138,1551,51,GGB121000001,,말죽거리공원사거리(중),127.038517,37.478467,0
GGB234001138,1551,52,GGB121000220,,매헌시민의숲.양재꽃시장,127.038383,37.4708,0
GGB234001138,1551,53,GGB277103387,,양재IC(미정차),127.039433,37.46365,0
GGB234001138,1551,54,GGB277104178,,청계산입구역(미정차),127.053833,37.448183,0
GGB234001138,1551,55,GGB277103440,,성남진입(미정차),127.066183,37.43355,0
GGB234001138,1551,56,GGB277103678,,금토JC(미정차),127.08445,37.4155,0
GGB234001138,1551,57,GGB277103150,,판교IC(미정차),127.10005,37.398833,0
GGB234001138,1551,58,GGB277103385,,서울TG(미정차),127.1026,37.36535,0
GGB234001138,1551,59,GGB277102104,,금곡(미정차),127.103117,37.350367,0
GGB234001138,1551,60,GGB277103442,,죽전(미정차),127.10315,37.3266,0
GGB234001138,1551,61,GGB277103360,,신갈JC(미정차),127.10345,37.290433,0
GGB234001138,1551,62,GGB277103362,,수원신갈IC(미정차),127.103533,37.266817,0
GGB234001138,1551,63,GGB277102621,,기흥휴게소(미정차),127.106183,37.235117,0
GGB234001138,1551,64,GGB277101884,,기흥동탄TG(미정차),127.0917,37.216983,1
GGB234001138,1551,65,GGB233001817,37879,이마트.한림대병원,127.079133,37.215317,1
GGB234001138,1551,66,GGB233003186,37760,우미제일.전하리교회,127.079383,37.212133,1
GGB234001138,1551,67,GGB233001652,37758,예당예원초,127.077583,37.2107,1
GGB234001138,1551,68,GGB233001653,37798,롯데케슬정문,127.074917,37.209267,1
GGB234001138,1551,69,GGB233001650,37749,동탄1동행정복지센터.헌혈의집,127.07235,37.20685,1
GGB234001138,1551,70,GGB233001651,37747,현대아이파크,127.070617,37.205733,1
GGB234001138,1551,71,GGB233001677,37737,한화꿈에그린아파트,127.06655,37.206817,1
GGB234001138,1551,72,GGB233001675,37703,센트럴파크,127.063933,37.208067,1
GGB234001138,1551,73,GGB233001939,37943,자연앤아너스빌,127.0608,37.208567,1
GGB234001138,1551,74,GGB233001983,37951,숲속자연앤,127.060033,37.20715,1
GGB234001138,1551,75,GGB233001723,37850,동탄고등학교,127.059167,37.203933,1
GGB234001138,1551,76,GGB233001985,37953,모아미래도,127.059267,37.200267,1
GGB234001138,1551,77,GGB233001285,36686,모아미래도.우림필유.평생학습관(중),127.058267,37.199483,1
GGB234001138,1551,78,GGB233001287,36688,서동탄역.신일해피트리(중),127.053333,37.199367,1
GGB234001138,1551,79,GGB233000068,36381,우남퍼스트빌,127.048533,37.199367,1
GGB234001138,1551,80,GGB233001289,36362,성호아파트,127.0428,37.199683,1
GGB234001138,1551,81,GGB233000098,36349,한일타운아파트,127.037733,37.2003,1
GGB234001138,1551,82,GGB233001920,37935,유앤아이.화성시청소년수련관,127.03435,37.203117,1
GGB234001138,1551,83,GGB233000701,36339,병점역후문,127.031917,37.206833,1
GGB234001138,1551,84,GGB233000950,36337,진안5통.병점육교,127.030883,37.208383,1
GGB234001138,1551,85,GGB233000670,36328,안용중학교.현충공원,127.02205,37.2056,1
GGB234001138,1551,86,GGB233000669,36318,송산동입구,127.017783,37.20585,1
GGB234001138,1551,87,GGB233000668,36313,안녕동,127.01425,37.2037,1
GGB234001138,1551,88,GGB233000667,36305,신한미지엔아파트앞,127.00915,37.20035,1
GGB234001138,1551,89,GGB233001843,36999,중외제약사거리,127.002167,37.2021,1
GGB234001138,1551,90,GGB233001841,36997,융건릉입구,126.989,37.207033,1
GGB234001138,1551,91,GGB233002398,55344,융건릉사거리,126.987783,37.207967,1
GGB234001138,1551,92,GGB233001213,36215,수원대학교,126.979967,37.21375,1
GGB234001245,M4108,1,GGB233001448,36678,나루마을.월드반도,127.076517,37.1908,1
GGB234001245,M4108,2,GGB277102522,,새강마을사거리(미정차),127.072417,37.193033,1
GGB234001245,M4108,3,GGB233001450,36680,솔빛마을.화성동탄중앙도서관,127.069633,37.195817,1
GGB234001245,M4108,4,GGB233001224,36664,다은마을(중),127.067583,37.199983,1
GGB234001245,M4108,5,GGB233001219,36667,메타폴리스(중),127.067517,37.203733,1
GGB234001245,M4108,6,GGB233001562,36668,한빛마을(중),127.06905,37.207667,1
GGB234001245,M4108,7,GGB233001281,36672,예당마을.롯데캐슬(중),127.072067,37.21095,1
GGB234001245,M4108,8,GGB277101908,,기흥동탄TG(미정차),127.091567,37.21655,1
GGB234001245,M4108,9,GGB277102660,,기흥휴게소(미정차),127.106617,37.23525,0
GGB234001245,M4108,10,GGB277103363,,수원신갈IC(미정차),127.104,37.2657,0
GGB234001245,M4108,11,GGB277103361,,신갈JC(미정차),127.103867,37.289667,0
GGB234001245,M4108,12,GGB277103443,,죽전(미정차),127.103817,37.326633,0
GGB234001245,M4108,13,GGB277102630,,금곡(미정차),127.10355,37.349767,0
GGB234001245,M4108,14,GGB277103386,,서울TG(미정차),127.104333,37.364967,0
GGB234001245,M4108,15,GGB277103151,,판교IC(미정차),127.100617,37.398633,0
GGB234001245,M4108,16,GGB277103679,,금토JC(미정차),127.085317,37.415283,0
GGB234001245,M4108,17,GGB277103441,,서울진입(미정차),127.066583,37.43385,0
GGB234001245,M4108,18,GGB277104177,,청계산입구역(미정차),127.0542,37.448367,0
GGB234001245,M4108,19,GGB277103388,,양재IC(미정차),127.04045,37.463283,0
GGB234001245,M4108,20,GGB277103390,,서초IC(미정차),127.026333,37.483133,0
GGB234001245,M4108,21,GGB277103391,,반포IC(미정차),127.018867,37.50285,0
GGB234001245,M4108,22,GGB277103400,,한남IC(미정차),127.017583,37.522483,0
GGB234001245,M4108,23,GGB277104182,,한남대교북단(미정차),127.009467,37.5314,0
GGB234001245,M4108,24,GGB277104180,,한남1고가차도(미정차),127.0037,37.540717,0
GGB234001245,M4108,25,GGB277104186,,남산1호터널TG(미정차),126.99315,37.55585,0
GGB234001245,M4108,26,GGB101000002,,국가인권위.안중근활동터(중),126.98785,37.564317,0
GGB234001245,M4108,27,GGB277104376,,SKT타워(미정차),126.985267,37.566217,0
GGB234001245,M4108,28,GGB101000303,,서울시청,126.980767,37.56615,0
GGB234001245,M4108,29,GGB277104283,,시청교차로(미정차),126.976767,37.56455,0
GGB234001245,M4108,30,GGB101000128,,신한은행본점,126.975517,37.561117,0
GGB234001245,M4108,31,GGB101000006,,서울역버스환승센터(6번승강장)(중),126.972733,37.55515,0
GGB234001245,M4108,32,GGB277101742,,서울역교차로(미정차),126.972633,37.5571,0
GGB234001245,M4108,33,GGB277102115,,숭례문교차로(미정차),126.975433,37.560367,0
GGB234001245,M4108,34,GGB277102114,,남대문로3가(미정차),126.978983,37.56105,0
GGB234001245,M4108,35,GGB101000334,,명동입구B,126.982533,37.564433,0
GGB234001245,M4108,36,GGB101000337,,명동성당,126.987383,37.565017,0
GGB234001245,M4108,37,GGB277104824,,퇴계로2가교차로(미정차),126.989017,37.560733,0
GGB234001245,M4108,38,GGB277104181,,남산1호터널TG(미정차),126.992717,37.5557,0
GGB234001245,M4108,39,GGB277104179,,한남1고가차도진입(미정차),127.002317,37.541417,0
GGB234001245,M4108,40,GGB277103399,,한남IC(미정차),127.017283,37.522033,0
GGB234001245,M4108,41,GGB277103392,,반포IC(미정차),127.018433,37.502817,0
GGB234001245,M4108,42,GGB277103389,,서초IC(미정차),127.025667,37.48365,0
GGB234001245,M4108,43,GGB277103387,,양재IC(미정차),127.039433,37.46365,0
GGB234001245,M4108,44,GGB277104178,,청계산입구역(미정차),127.053833,37.448183,0
GGB234001245,M4108,45,GGB277103440,,성남진입(미정차),127.066183,37.43355,0
GGB234001245,M4108,46,GGB277103678,,금토JC(미정차),127.08445,37.4155,0
GGB234001245,M4108,47,GGB277103150,,판교IC(미정차),127.10005,37.398833,0
GGB234001245,M4108,48,GGB277103385,,서울TG(미정차),127.1026,37.36535,0
GGB234001245,M4108,49,GGB277102104,,금곡(미정차),127.103117,37.350367,0
GGB234001245,M4108,50,GGB277103442,,죽전(미정차),127.10315,37.3266,0
GGB234001245,M4108,51,GGB277103360,,신갈JC(미정차),127.10345,37.290433,0
GGB234001245,M4108,52,GGB277103362,,수원신갈IC(미정차),127.103533,37.266817,0
GGB234001245,M4108,53,GGB277102621,,기흥휴게소(미정차),127.106183,37.235117,0
GGB234001245,M4108,54,GGB277101884,,기흥동탄TG(미정차),127.0917,37.216983,1
GGB234001245,M4108,55,GGB233001282,37587,예당마을.롯데캐슬(중),127.073,37.21175,1
GGB234001245,M4108,56,GGB233001216,36841,한빛마을.석우중학교(중),127.069267,37.208217,1
GGB234001245,M4108,57,GGB233001218,36666,메타폴리스(중),127.067483,37.204267,1
GGB234001245,M4108,58,GGB233001220,37693,다은마을(중),127.06735,37.200383,1
GGB234001245,M4108,59,GGB233001452,37584,새강마을.화성동탄중앙도서관,127.0692,37.195667,1
GGB234001245,M4108,60,GGB233001713,37745,나루마을.한화꿈에그린2차,127.07455,37.191317,1
GGB234001290,1551B,1,GGB233001214,36216,수원대학교,126.98015,37.21375,1
GGB234001290,1551B,2,GGB277102590,,수원대학교(미정차),126.9838,37.211567,1
GGB234001290,1551B,3,GGB233002397,55343,융건릉사거리,126.987533,37.20785,1
GGB234001290,1551B,4,GGB233001840,36996,융건릉입구,126.989017,37.206767,1
GGB234001290,1551B,5,GGB233001842,36998,중외제약사거리,127.003067,37.2015,1
GGB234001290,1551B,6,GGB233000645,36304,신한미지엔아파트앞,127.0086,37.199917,1
GGB234001290,1551B,7,GGB233000644,36311,북촌말입구,127.0136,37.202683,1
GGB234001290,1551B,8,GGB233000643,36315,송산동입구,127.0172,37.205567,1
GGB234001290,1551B,9,GGB233000642,36327,동문아파트,127.022233,37.205367,1
GGB234001290,1551B,10,GGB233000696,36336,진안5통.병점육교,127.030417,37.208617,1
GGB234001290,1551B,11,GGB233000695,36338,병점역후문,127.032033,37.20605,1
GGB234001290,1551B,12,GGB233001921,37933,유앤아이.화성시청소년수련관,127.034717,37.202317,1
GGB234001290,1551B,13,GGB233000097,36348,한일타운아파트,127.03755,37.200233,1
GGB234001290,1551B,14,GGB233001290,36364,성호아파트,127.041067,37.199883,1
GGB234001290,1551B,15,GGB233001229,37516,우남퍼스트빌,127.04785,37.198917,1
GGB234001290,1551B,16,GGB233002272,55150,신일해피트리아파트,127.0533,37.2003,1
GGB234001290,1551B,17,GGB233001691,37720,두산신일아파트,127.054367,37.201417,1
GGB234001290,1551B,18,GGB233001693,37719,모아포스코아파트,127.057733,37.2015,1
GGB234001290,1551B,19,GGB233001722,37849,동탄고.동탄청소년문화의집,127.059467,37.2038,1
GGB234001290,1551B,20,GGB233001984,37952,숲속자연앤,127.060383,37.2072,1
GGB234001290,1551B,21,GGB233002273,55147,능동은행사거리.동탄시티병원,127.061817,37.2089,1
GGB234001290,1551B,22,GGB233001674,37742,센트럴파크,127.063817,37.2078,1
GGB234001290,1551B,23,GGB233001676,37741,금호어울림,127.066483,37.20655,1
GGB234001290,1551B,24,GGB233001678,37733,메타폴리스,127.070733,37.205367,1
GGB234001290,1551B,25,GGB233001679,37694,동탄1동행정복지센터.헌혈의집,127.072567,37.20665,1
GGB234001290,1551B,26,GGB233001681,37695,신일유토빌정문,127.07505,37.20915,1
GGB234001290,1551B,27,GGB233001682,37711,예당예원초,127.077667,37.210567,1
GGB234001290,1551B,28,GGB233001683,37712,전하리교회.우미제일,127.079283,37.21315,1
GGB234001290,1551B,29,GGB233002444,55316,한림대성심병원,127.0802,37.2155,1
GGB234001290,1551B,30,GGB277101908,,기흥동탄TG(미정차),127.091567,37.21655,1
GGB234001290,1551B,31,GGB277102660,,기흥휴게소(미정차),127.106617,37.23525,0
GGB234001290,1551B,32,GGB277103363,,수원신갈IC(미정차),127.104,37.2657,0
GGB234001290,1551B,33,GGB277103361,,신갈JC(미정차),127.103867,37.289667,0
GGB234001290,1551B,34,GGB277103443,,죽전(미정차),127.103817,37.326633,0
GGB234001290,1551B,35,GGB277102630,,금곡(미정차),127.10355,37.349767,0
GGB234001290,1551B,36,GGB277103386,,서울TG(미정차),127.104333,37.364967,0
GGB234001290,1551B,37,GGB277103151,,판교IC(미정차),127.100617,37.398633,0
GGB234001290,1551B,38,GGB277103679,,금토JC(미정차),127.085317,37.415283,0
GGB234001290,1551B,39,GGB277103441,,서울진입(미정차),127.066583,37.43385,0
GGB234001290,1551B,40,GGB277104177,,청계산입구역(미정차),127.0542,37.448367,0
GGB234001290,1551B,41,GGB277103388,,양재IC(미정차),127.04045,37.463283,0
GGB234001290,1551B,42,GGB277103390,,서초IC(미정차),127.026333,37.483133,0
GGB234001290,1551B,43,GGB121000086,90062,KCC사옥,127.020217,37.503017,0
GGB234001290,1551B,44,GGB121000944,,신논현역.주류성빌딩,127.025767,37.50115,0
GGB234001290,1551B,45,GGB277102911,,강남역10번출구(미정차),127.026983,37.498617,0
GGB234001290,1551B,46,GGB121000974,,강남역우리은행,127.02835,37.49575,0
GGB234001290,1551B,47,GGB277101612,,우성아파트앞사거리(미정차),127.029533,37.49335,0
GGB234001290,1551B,48,GGB277101867,,역삼동.우성아파트(미정차),127.030417,37.4914,0
GGB234001290,1551B,49,GGB121000005,,뱅뱅사거리(중),127.032467,37.487683,0
GGB234001290,1551B,50,GGB121000003,,양재역.서초문화예술회관(중),127.035883,37.482567,0
GGB234001290,1551B,51,GGB121000001,,말죽거리공원사거리(중),127.038517,37.478467,0
GGB234001290,1551B,52,GGB121000220,,매헌시민의숲.양재꽃시장,127.038383,37.4708,0
GGB234001290,1551B,53,GGB277103387,,양재IC(미정차),127.039433,37.46365,0
GGB234001290,1551B,54,GGB277104178,,청계산입구역(미정차),127.053833,37.448183,0
GGB234001290,1551B,55,GGB277103440,,성남진입(미정차),127.066183,37.43355,0
GGB234001290,1551B,56,GGB277103678,,금토JC(미정차),127.08445,37.4155,0
GGB234001290,1551B,57,GGB277103150,,판교IC(미정차),127.10005,37.398833,0
GGB234001290,1551B,58,GGB277103385,,서울TG(미정차),127.1026,37.36535,0
GGB234001290,1551B,59,GGB277102104,,금곡(미정차),127.103117,37.350367,0
GGB234001290,1551B,60,GGB277103442,,죽전(미정차),127.10315,37.3266,0
GGB234001290,1551B,61,GGB277103360,,신갈JC(미정차),127.10345,37.290433,0
GGB234001290,1551B,62,GGB277103362,,수원신갈IC(미정차),127.103533,37.266817,0
GGB234001290,1551B,63,GGB277102621,,기흥휴게소(미정차),127.106183,37.235117,0
GGB234001290,1551B,64,GGB277101884,,기흥동탄TG(미정차),127.0917,37.216983,1
GGB234001290,1551B,65,GGB233001817,37879,이마트.한림대병원,127.079133,37.215317,1
GGB234001290,1551B,66,GGB233003186,37760,우미제일.전하리교회,127.079383,37.212133,1
GGB234001290,1551B,67,GGB233001652,37758,예당예원초,127.077583,37.2107,1
GGB234001290,1551B,68,GGB233001653,37798,롯데케슬정문,127.074917,37.209267,1
GGB234001290,1551B,69,GGB233001650,37749,동탄1동행정복지센터.헌혈의집,127.07235,37.20685,1
GGB234001290,1551B,70,GGB233001651,37747,현대아이파크,127.070617,37.205733,1
GGB234001290,1551B,71,GGB233001677,37737,한화꿈에그린아파트,127.06655,37.206817,1
GGB234001290,1551B,72,GGB233001675,37703,센트럴파크,127.063933,37.208067,1
GGB234001290,1551B,73,GGB233001939,37943,자연앤아너스빌,127.0608,37.208567,1
GGB234001290,1551B,74,GGB233001983,37951,숲속자연앤,127.060033,37.20715,1
GGB234001290,1551B,75,GGB233001723,37850,동탄고등학교,127.059167,37.203933,1
GGB234001290,1551B,76,GGB233001692,37714,모아포스코아파트,127.05795,37.201633,1
GGB234001290,1551B,77,GGB233001690,37718,두산신일아파트,127.054267,37.201567,1
GGB234001290,1551B,78,GGB233001689,37717,신일해피트리아파트,127.053,37.200117,1
GGB234001290,1551B,79,GGB233000068,36381,우남퍼스트빌,127.048533,37.199367,1
GGB234001290,1551B,80,GGB233001289,36362,성호아파트,127.0428,37.199683,1
GGB234001290,1551B,81,GGB233000098,36349,한일타운아파트,127.037733,37.2003,1
GGB234001290,1551B,82,GGB233001920,37935,유앤아이.화성시청소년수련관,127.03435,37.203117,1
GGB234001290,1551B,83,GGB233000701,36339,병점역후문,127.031917,37.206833,1
GGB234001290,1551B,84,GGB233000950,36337,진안5통.병점육교,127.030883,37.208383,1
GGB234001290,1551B,85,GGB233000670,36328,안용중학교.현충공원,127.02205,37.2056,1
GGB234001290,1551B,86,GGB233000669,36318,송산동입구,127.017783,37.20585,1
GGB234001290,1551B,87,GGB233000668,36313,안녕동,127.01425,37.2037,1
GGB234001290,1551B,88,GGB233000667,36305,신한미지엔아파트앞,127.00915,37.20035,1
GGB234001290,1551B,89,GGB233001843,36999,중외제약사거리,127.002167,37.2021,1
GGB234001290,1551B,90,GGB233001841,36997,융건릉입구,126.989,37.207033,1
GGB234001290,1551B,91,GGB233002398,55344,융건릉사거리,126.987783,37.207967,1
GGB234001290,1551B,92,GGB233001213,36215,수원대학교,126.979967,37.21375,1
GGB241007259,5300-1,1,GGB205000280,6001,모란역(공항버스),127.128917,37.431317,0
GGB241007259,5300-1,2,GGB206000782,7629,야탑역(공항버스),127.128533,37.4132,0
GGB241007259,5300-1,3,GGB206000054,7197,이매역,127.128083,37.39675,0
GGB241007259,5300-1,4,GGB206000250,7808,서현역(공항버스),127.124,37.384117,0
GGB241007259,5300-1,5,GGB277103149,,판교TG(미정차),127.103167,37.39595,0
GGB241007259,5300-1,6,GGB277102599,,청계터널진입(미정차),127.054267,37.39655,0
GGB241007259,5300-1,7,GGB277103157,,학의JC(미정차),127.0018,37.387583,0
GGB241007259,5300-1,8,GGB277103147,,평촌IC(미정차),126.965483,37.382083,0
GGB241007259,5300-1,9,GGB277103144,,산본IC(미정차),126.931783,37.376333,0
GGB241007259,5300-1,10,GGB277103143,,조남JC(미정차),126.86965,37.368833,0
GGB241007259,5300-1,11,GGB277103290,,물왕(미정차),126.828517,37.391483,0
GGB241007259,5300-1,12,GGB277103806,,연성IC(미정차),126.798167,37.388683,0
GGB241007259,5300-1,13,GGB277103296,,월곶JC(미정차),126.753217,37.3877,0
GGB241007259,5300-1,14,GGB277103294,,정왕IC(미정차),126.731533,37.380367,0
GGB241007259,5300-1,15,GGB277103300,,연수JC(미정차),126.63,37.409633,0
GGB241007259,5300-1,16,GGB277103438,,인천대교(미정차),126.5644,37.414983,0
GGB241007259,5300-1,17,GGB277103303,,인천대교TG(미정차),126.513317,37.470117,0
GGB241007259,5300-1,18,GGB277103783,,제1여객터미널진입1(미정차),126.4872,37.448983,0
GGB241007259,5300-1,19,GGB277103781,,제1여객터미널진입2(미정차),126.47465,37.44135,0
GGB241007259,5300-1,20,GGB277103779,,제1여객터미널진입3(미정차),126.4637,37.445733,0
GGB241007259,5300-1,21,GGB277103776,,제1여객터미널진입4(미정차),126.45875,37.448283,0
GGB241007259,5300-1,22,GGB161000536,,인천공항3층출국장(T1),126.4523,37.449117,0
GGB241007259,5300-1,23,GGB277103796,,인천공항전망대(미정차),126.424183,37.450733,0
GGB241007259,5300-1,24,GGB161000611,,인천공항3층출국장(T2),126.434367,37.468633,0
GGB241007259,5300-1,25,GGB277103771,,장기주차장(미정차),126.411817,37.4837,0
GGB241007259,5300-1,26,GGB277104744,,장기주차장출발(미정차),126.4208,37.482483,0
GGB241007259,5300-1,27,GGB277104745,,인천공항2터미널진입전(미정차),126.426133,37.47645,0
GGB241007259,5300-1,28,GGB161000612,,인천공항B1층입국장(T2),126.4342,37.468833,0
GGB241007259,5300-1,29,GGB277103774,,제2여객터미널출발(미정차),126.4172,37.4906,0
GGB241007259,5300-1,30,GGB277103797,,화물터미널IC(미정차),126.45365,37.49755,0
GGB241007259,5300-1,31,GGB277103773,,운서IC(미정차),126.475683,37.49835,0
GGB241007259,5300-1,32,GGB277103798,,공항신도시JC(미정차),126.486267,37.485333,0
GGB241007259,5300-1,33,GGB277103783,,제1여객터미널진입1(미정차),126.4872,37.448983,0
GGB241007259,5300-1,34,GGB277103781,,제1여객터미널진입2(미정차),126.47465,37.44135,0
GGB241007259,5300-1,35,GGB277103779,,제1여객터미널진입3(미정차),126.4637,37.445733,0
GGB241007259,5300-1,36,GGB277103780,,제1여객터미널진입4(미정차),126.45855,37.448,0
GGB241007259,5300-1,37,GGB161000535,,인천공항1층입국장(T1),126.451817,37.4487,0
GGB241007259,5300-1,38,GGB277103354,,공항고속도로진입(미정차),126.478283,37.442,0
GGB241007259,5300-1,39,GGB277104581,,신불IC(미정차),126.489967,37.457217,0
GGB241007259,5300-1,40,GGB277103302,,인천대교TG(미정차),126.512567,37.469883,0
GGB241007259,5300-1,41,GGB277103437,,인천대교(미정차),126.564067,37.414717,0
GGB241007259,5300-1,42,GGB277103301,,연수JC(미정차),126.630033,37.409333,0
GGB241007259,5300-1,43,GGB277103295,,정왕IC(미정차),126.7305,37.38,0
GGB241007259,5300-1,44,GGB277103297,,월곶JC(미정차),126.752933,37.387267,0
GGB241007259,5300-1,45,GGB277103807,,연성IC(미정차),126.79775,37.388383,0
GGB241007259,5300-1,46,GGB277103291,,물왕(미정차),126.8287,37.390883,0
GGB241007259,5300-1,47,GGB277103142,,조남JC(미정차),126.867883,37.368833,0
GGB241007259,5300-1,48,GGB277103145,,산본IC(미정차),126.930883,37.375633,0
GGB241007259,5300-1,49,GGB277103146,,평촌IC(미정차),126.96505,37.38175,0
GGB241007259,5300-1,50,GGB277103156,,학의JC(미정차),127.001167,37.386983,0
GGB241007259,5300-1,51,GGB277102796,,청계터널출입(미정차),127.054983,37.396117,0
GGB241007259,5300-1,52,GGB277103148,,판교TG(미정차),127.102133,37.395667,0
GGB241007259,5300-1,53,GGB206000755,7618,서현역(공항버스),127.12385,37.383533,0
GGB241007259,5300-1,54,GGB206000227,7322,이매역.진흥아파트.동신아파트,127.128767,37.3976,0
GGB241007259,5300-1,55,GGB206000783,7642,야탑역(공항버스),127.128967,37.41295,0
GGB241007259,5300-1,56,GGB205000369,6346,모란역(공항.시외버스),127.129483,37.431367,0
