key,stop_id,ars,name,lon,lat,grid_id,region,board_day,alight_day,n_routes,freq_imputed,freq_am,freq_day,freq_pm,freq_night
233001415,41590-37539,37539,양지말입구,126.715767,37.205283,다사3012,송산면,0.0,1.7,1,0,0.571,2.087,0.571,0.0
233001416,41590-37538,37538,주곡1리입구,126.818817,37.116483,다사3902,우정읍,0.27,3.16,2,0,3.5,10.98,3.5,0.333
233001417,41590-37537,37537,주곡2리(회차),126.804433,37.114267,다사3801,우정읍,1.61,1.1,0,1,3.714,12.0,3.714,0.0
233001418,41590-36986,36986,장안9리입구,126.854583,37.060633,다바4295,장안면,6.71,0.19,1,0,3.0,9.6,3.0,0.0
233001419,41590-36985,36985,장안6리,126.85635,37.052367,다바4295,장안면,0.04,8.25,1,0,3.0,9.6,3.0,0.0
233001420,41590-36722,36722,장안3리,126.852017,37.041733,다바4293,장안면,0.24,9.94,1,0,3.0,9.6,3.0,0.0
233001421,41590-37536,37536,장안8리,126.846583,37.037917,다바4193,장안면,0.1,4.17,1,0,3.0,9.6,3.0,0.0
233001422,41590-36984,36984,장명초분교,126.844017,37.03795,다바4193,장안면,0.03,0.68,1,0,3.0,9.6,3.0,0.0
233001423,41590-36983,36983,장안제일교회,126.843233,37.034633,다바4193,장안면,0.14,7.71,1,0,3.0,9.6,3.0,0.0
233001424,41590-36982,36982,장안제일교회,126.84335,37.0347,다바4193,장안면,0.0,0.0,1,0,3.0,9.6,3.0,0.0
233001425,41590-37535,37535,장안4리(고잔)종점,126.8373,37.036483,다바4193,장안면,2.83,1.6,1,0,3.0,9.6,3.0,0.0
233001426,41590-36923,36923,멱우2리,126.813717,37.102067,다사3900,우정읍,0.29,0.71,3,0,7.714,23.222,7.714,0.594
233001427,41590-36595,36595,봉담자이프라이드시티,126.927033,37.225967,다사4914,봉담읍,12.78,204.5,3,0,12.667,14.324,12.667,0.429
233001428,41590-36981,36981,장안9리입구,126.854467,37.0606,다바4295,장안면,0.06,2.99,1,0,3.0,9.6,3.0,0.0
233001429,41590-36980,36980,장명초분교,126.843867,37.037483,다바4193,장안면,8.14,0.08,1,0,3.0,9.6,3.0,0.0
233001430,41590-37619,37619,장안8리,126.8466,37.037783,다바4193,장안면,7.53,0.03,1,0,3.0,9.6,3.0,0.0
233001431,41590-36714,36714,장안3리,126.8521,37.0416,다바4293,장안면,9.29,0.04,1,0,3.0,9.6,3.0,0.0
233001432,41590-36713,36713,장안6리.물구리,126.856467,37.052333,다바4295,장안면,10.21,0.24,1,0,3.0,9.6,3.0,0.0
233001433,41590-36583,36583,인제카센터,126.765633,37.036767,다바3493,우정읍,1.62,2.15,1,0,2.0,6.0,2.0,0.0
233001434,41590-55077,55077,조암시장,126.815617,37.081533,다바3998,우정읍,210.29,478.41,13,0,45.8,142.183,45.8,0.639
233001435,41590-36977,36977,화성시청,126.828483,37.197833,다사4011,남양읍,86.74,110.8,5,0,14.143,29.44,15.0,1.417
233001436,41590-36961,36961,이주단지,127.064117,37.211767,다사6112,동탄1동,33.68,100.17,2,0,6.0,14.667,6.0,0.0
233001437,41590-37533,37533,개나리공원,127.067717,37.21135,다사6112,동탄1동,28.88,135.28,2,0,6.0,14.667,6.0,0.0
233001438,41590-36721,36721,개나리공원,127.06755,37.2117,다사6112,동탄1동,132.56,27.71,2,0,6.0,14.667,6.0,0.0
233001439,41590-36960,36960,이주단지,127.065317,37.2119,다사6112,동탄1동,35.19,19.57,2,0,6.0,14.667,6.0,0.0
233001440,41590-37770,37770,발안공단로4길교차로,126.89965,37.084433,다바4698,향남읍,21.08,0.05,0,1,4.0,10.599,4.0,0.0
233001441,41590-55739,55739,공청2,126.94505,37.227667,다사5014,봉담읍,141.43,251.35,1,0,2.0,6.0,2.0,0.0
233001442,41590-36959,36959,송산교입구,127.02565,37.207183,다사5712,화산동,8.23,46.38,4,0,6.667,15.333,6.667,0.0
233001443,41590-36958,36958,송산교차로,126.987767,37.106767,다사5401,양감면,3.08,1.13,1,0,0.75,2.4,0.75,0.0
233001444,41590-36957,36957,외골,126.9683,37.154,다사5206,정남면,0.77,0.73,1,0,2.0,6.0,2.0,0.0
233001445,41590-37530,37530,문학4리.마을회관앞,126.9718,37.151367,다사5305,정남면,0.57,1.46,1,0,2.0,6.0,2.0,0.0
233001446,41590-60029,60029,요당리,126.93655,37.068417,다바4996,양감면,0.41,5.84,0,1,1.333,4.0,1.333,0.0
233001447,41590-36676,36676,동탄국제고등학교,127.079467,37.189017,다사6210,동탄2동,31.47,1.34,2,0,16.0,17.524,16.0,1.683
233001448,41590-36678,36678,나루마을.월드반도,127.076517,37.1908,다사6210,동탄2동,893.97,145.62,11,0,132.0,139.122,131.0,13.013
233001449,41590-36675,36675,쌍용예가,127.0718,37.1935,다사6110,동탄2동,382.27,103.55,2,0,8.0,22.857,8.0,0.0
233001450,41590-36680,36680,솔빛마을.화성동탄중앙도서관,127.069633,37.195817,다사6110,동탄2동,982.15,114.68,10,0,129.0,134.07,128.0,12.961
233001451,41590-36389,36389,반월2통,127.057333,37.219467,다사6013,진안동,170.55,118.89,1,0,2.667,5.333,2.667,0.444
233001452,41590-37584,37584,새강마을.화성동탄중앙도서관,127.0692,37.195667,다사6110,동탄2동,108.75,746.15,10,0,128.0,134.07,129.0,12.961
233001453,41590-37585,37585,새강주공휴먼시아,127.071617,37.193233,다사6110,동탄2동,116.02,243.32,2,0,8.0,22.857,8.0,0.0
233001454,41590-37586,37586,탄요유적공원,127.076233,37.190617,다사6210,동탄2동,49.32,72.3,3,0,11.0,27.91,11.0,0.053
233001455,41590-36677,36677,동탄국제고등학교,127.079183,37.189067,다사6210,동탄2동,14.19,67.04,2,0,16.0,17.524,16.0,1.683
233001456,41590-36390,36390,아너스호텔,127.058483,37.220133,다사6013,진안동,137.55,150.1,0,1,6.0,14.667,6.0,0.053
233001457,41590-37529,37529,와우농협앞,126.974633,37.218,다사5313,봉담읍,237.06,85.76,9,0,36.009,66.8,36.009,4.6
233001458,41590-36596,36596,힐스테이트봉담프라이드시티,126.924567,37.223633,다사4814,봉담읍,42.48,171.58,0,1,6.0,12.0,6.0,0.133
233001459,41590-36597,36597,힐스테이트봉담프라이드시티,126.92495,37.2239,다사4814,봉담읍,257.02,99.5,3,0,12.667,14.324,12.667,0.429
233001460,41590-60074,60074,사강3리,126.727533,37.22685,다사3114,송산면,0.03,0.89,0,1,3.571,10.087,3.571,0.0
233001461,41590-60075,60075,쌍정리,126.724233,37.230717,다사3114,송산면,0.03,1.29,0,1,3.571,10.087,3.571,0.0
233001462,41590-37609,37609,쌍정2리.잿말,126.7274,37.232933,다사3115,송산면,0.06,1.41,0,1,3.571,10.087,3.571,0.0
233001463,41590-37608,37608,쌍정2리.잿말,126.725183,37.2338,다사3115,송산면,1.87,0.03,0,1,3.571,10.087,3.571,0.0
233001467,41590-60076,60076,쌍정2리,126.73005,37.234467,다사3115,송산면,0.87,1.34,0,1,3.571,10.087,3.571,0.0
233001468,41590-36598,36598,봉담자이프라이드시티,126.927117,37.225767,다사4914,봉담읍,218.33,2.34,3,0,12.667,14.324,12.667,0.429
233001469,41590-37560,37560,용포1리,126.758167,37.229467,다사3414,송산면,1.2,0.36,0,1,3.571,10.087,3.571,0.0
233001470,41590-36744,36744,용포1리.당뫼,126.753583,37.2311,다사3314,송산면,0.66,0.06,0,1,3.571,10.087,3.571,0.0
233001471,41590-36743,36743,용포1리.당뫼,126.753433,37.231033,다사3314,송산면,0.13,0.59,0,1,3.571,10.087,3.571,0.0
233001472,41590-37602,37602,용포2리,126.748083,37.231783,다사3315,송산면,0.33,0.51,0,1,3.571,10.087,3.571,0.0
233001473,41590-36746,36746,용포2리.영계,126.741417,37.232283,다사3215,송산면,0.47,0.5,0,1,3.571,10.087,3.571,0.0
233001475,41590-37046,37046,중송1리,126.7061,37.224183,다사2914,송산면,0.09,2.52,0,1,3.571,10.087,3.571,0.0
233001476,41590-55863,55863,마산2리,126.685667,37.232933,다사2715,송산면,0.17,4.96,0,1,3.571,10.087,3.571,0.0
233001477,41590-55864,55864,고포2리,126.679467,37.2367,다사2715,송산면,0.11,2.71,0,1,3.571,10.087,3.571,0.0
233001478,41590-55865,55865,고포1리,126.667267,37.240867,다사2616,송산면,0.29,2.16,0,1,3.571,10.087,3.571,0.0
233001479,41590-37381,37381,농협하나로마트,126.91065,37.128917,다사4703,향남읍,10.88,6.19,0,1,4.0,10.599,4.0,0.0
233001480,41590-37559,37559,수리재,126.934967,37.113267,다사4901,향남읍,2.44,2.27,1,0,2.0,6.857,2.0,0.0
233001482,41590-37557,37557,육일리교차로,126.7244,37.203333,다사3111,마도면,4.79,0.59,4,0,15.0,42.095,15.0,1.5
233001483,41590-37556,37556,육일리교차로,126.724283,37.2037,다사3111,마도면,0.22,6.44,4,0,15.0,42.095,15.0,1.5
233001484,41590-37555,37555,노작마을,127.08025,37.194933,다사6210,동탄2동,12.45,9.94,1,0,3.0,2.667,3.0,0.0
233001485,41590-37554,37554,월드반도.노작마을,127.080267,37.194633,다사6210,동탄2동,9.35,8.35,1,0,3.0,2.667,3.0,0.0
233001486,41590-37616,37616,노작마을.한화우림,127.077333,37.196183,다사6210,동탄2동,9.68,10.69,1,0,3.0,2.667,3.0,0.0
233001487,41590-37553,37553,노작마을.한화우림,127.077467,37.19575,다사6210,동탄2동,12.5,10.66,1,0,3.0,2.667,3.0,0.0
233001488,41590-37615,37615,솔빛마을.신도브래뉴,127.076,37.195967,다사6210,동탄2동,2.11,7.76,1,0,3.0,5.053,3.0,0.053
233001490,41590-55921,55921,중흥에듀파크정문,126.945717,37.233017,다사5015,봉담읍,72.48,39.44,3,0,8.0,21.6,8.0,0.8
233001491,41590-37551,37551,반도1차.모아아파트,127.1141,37.201883,다사6511,동탄4동,116.45,300.87,14,0,63.312,156.666,64.312,9.211
233001492,41590-37550,37550,상록.경남아파트.이주택지,127.110533,37.206867,다사6512,동탄5동,672.41,1387.61,18,0,119.812,195.009,120.812,14.319
233001493,41590-37549,37549,퍼스트파크.이지더원,127.1083,37.208683,다사6512,동탄5동,112.42,395.93,11,0,53.812,127.809,54.812,6.919
233001494,41590-36239,36239,정남초등학교,126.983767,37.167817,다사5407,정남면,0.88,14.92,0,1,2.0,6.857,2.0,0.0
233001495,41590-37570,37570,계향2리,126.9811,37.15225,다사5306,정남면,6.6,17.38,4,0,4.167,12.686,4.167,0.0
233001496,41590-55922,55922,중흥에듀파크정문,126.94585,37.2332,다사5015,봉담읍,8.32,60.23,3,0,8.4,21.6,8.4,0.8
233001497,41590-37336,37336,증거리입구,126.977417,37.137733,다사5304,향남읍,6.84,7.47,0,1,4.0,10.599,4.0,0.0
233001498,41590-37337,37337,증거리입구,126.977517,37.137933,다사5304,향남읍,10.35,4.1,0,1,4.0,10.599,4.0,0.0
233002550,41590-36143,36143,분천교회.분천리,126.9587,37.208983,다사5112,봉담읍,2.24,4.87,1,0,2.4,6.0,2.4,0.0
233002551,41590-36139,36139,분천교회,126.958633,37.20925,다사5112,봉담읍,3.35,1.8,1,0,2.0,6.0,2.0,0.0
233002552,41590-36130,36130,협성대학교(마을),126.9524,37.215667,다사5113,봉담읍,1.89,1.18,0,1,6.0,12.0,6.0,0.133
233002553,41590-36031,36031,장덕2리.현대자동차연구소,126.811933,37.170283,다사3808,남양읍,1.44,0.03,1,0,1.714,4.174,1.714,0.261
233002556,41590-37271,37271,장짐교차로.축산농협,126.911017,37.135517,다사4704,향남읍,30.57,28.98,0,1,4.0,10.599,4.0,0.0
233002557,41590-36129,36129,협성대(마을),126.9525,37.215733,다사5113,봉담읍,1.74,1.97,0,1,6.0,12.0,6.0,0.133
233002558,41590-55313,55313,화성미디어센터,127.07355,37.202417,다사6211,동탄1동,49.8,109.8,2,0,5.0,11.053,5.0,0.053
233002559,,,한림대성심병원,127.080633,37.2173,다사6213,동탄1동,0.0,0.0,0,0,0.0,0.0,0.0,0.0
233002560,41590-55638,55638,주공6단지.리체더포레스트,127.050717,37.211983,다사6012,동탄3동,29.46,9.01,3,0,5.667,10.667,5.667,0.0
233002561,41590-55669,55669,봉담2LH3단지.중흥더센트럴,126.950833,37.225067,다사5114,봉담읍,84.83,41.71,5,0,16.8,30.031,16.8,1.175
233002562,41590-60042,60042,하저교회앞,126.866917,37.184967,다사4309,팔탄면,0.76,0.27,1,0,1.333,2.4,1.333,0.0
233002563,41590-36164,36164,중심상가,127.0446,37.214867,다사5912,병점2동,202.19,132.91,1,0,3.0,8.0,3.0,0.0
233002564,41590-36806,36806,구장1리,126.895083,37.1545,다사4606,팔탄면,0.8,0.45,0,1,2.4,3.84,2.4,0.133
233002565,41590-37700,37700,라마다호텔,127.074833,37.2058,다사6211,동탄1동,4.76,104.14,1,0,4.0,6.857,4.0,0.571
233002566,41590-55449,55449,동화휴먼시아5단지,126.963467,37.215017,다사5213,봉담읍,87.13,121.18,4,0,8.4,19.333,8.4,0.0
233002567,41590-36365,36365,삼부실,126.822233,37.233983,다사3915,남양읍,0.68,0.39,0,1,6.19,14.24,6.4,0.522
233002568,41590-36517,36517,수화2리.양철이,126.818167,37.248133,다사3916,남양읍,0.08,0.03,0,1,6.19,14.24,6.4,0.522
233002569,41590-36521,36521,수화1리,126.816317,37.253383,다사3917,남양읍,0.08,0.13,0,1,6.19,14.24,6.4,0.522
233002570,41590-36525,36525,장전리,126.816933,37.263333,다사3918,남양읍,0.02,0.03,0,1,6.19,14.24,6.4,0.522
233002571,41590-36531,36531,신외2리.가래울,126.81165,37.273383,다사3819,송산면,0.14,0.0,0,1,3.571,10.087,3.571,0.0
233002572,41590-36530,36530,신외2리.가래울,126.811683,37.273533,다사3819,송산면,0.18,0.13,0,1,3.571,10.087,3.571,0.0
233002573,,,정원채고가,126.823683,37.223317,다사3914,남양읍,0.0,0.0,0,0,0.0,0.0,0.0,0.0
233002574,41590-36558,36558,송림2리.잔다리,126.814167,37.2198,다사3913,남양읍,2.28,0.22,0,1,6.19,14.24,6.4,0.522
233002575,41590-36556,36556,원천교회,126.808683,37.227917,다사3814,남양읍,0.59,0.06,0,1,6.19,14.24,6.4,0.522
233002576,41590-36554,36554,원천리,126.805117,37.230367,다사3814,남양읍,0.29,0.18,0,1,6.19,14.24,6.4,0.522
233002577,41590-36550,36550,시1리,126.803183,37.237533,다사3815,남양읍,1.21,0.93,0,1,6.19,14.24,6.4,0.522
233002578,41590-36542,36542,문호2리,126.79805,37.253267,다사3717,남양읍,0.08,0.03,0,1,6.19,14.24,6.4,0.522
233002579,41590-36540,36540,문호리,126.801817,37.259933,다사3818,남양읍,0.11,0.12,0,1,6.19,14.24,6.4,0.522
233002580,,,삼존2리입구,126.748233,37.21385,다사3313,송산면,0.0,0.0,0,0,0.0,0.0,0.0,0.0
233002581,41590-36534,36534,신외리,126.813133,37.2687,다사3919,남양읍,0.73,0.31,0,1,6.19,14.24,6.4,0.522
233002582,41590-36535,36535,신외리,126.81315,37.268583,다사3919,남양읍,0.07,0.26,0,1,6.19,14.24,6.4,0.522
233002583,41590-36536,36536,문호1리.당너머마을,126.806767,37.26465,다사3818,남양읍,0.3,0.19,0,1,6.19,14.24,6.4,0.522
233002584,41590-55939,55939,서연초,127.1161,37.159467,다사6506,동탄8동,0.24,2.41,5,0,24.4,58.752,24.4,1.813
233002585,41590-36541,36541,문호리,126.801933,37.259867,다사3818,남양읍,0.03,0.15,0,1,6.19,14.24,6.4,0.522
233002586,41590-36543,36543,문호2리,126.798267,37.253317,다사3717,남양읍,0.05,0.04,0,1,6.19,14.24,6.4,0.522
233002587,41590-36545,36545,문호2리입구,126.801033,37.246383,다사3816,남양읍,0.08,0.4,0,1,6.19,14.24,6.4,0.522
233002588,41590-36549,36549,가시리마을,126.802717,37.240483,다사3815,남양읍,0.26,0.22,0,1,6.19,14.24,6.4,0.522
233002589,41590-36551,36551,시1리,126.803483,37.237217,다사3815,남양읍,0.06,0.49,0,1,6.19,14.24,6.4,0.522
233002590,41590-36555,36555,원천리,126.80575,37.229967,다사3814,남양읍,0.39,0.33,0,1,6.19,14.24,6.4,0.522
233002591,41590-36557,36557,원천교회,126.8089,37.227817,다사3814,남양읍,0.07,0.54,0,1,6.19,14.24,6.4,0.522
233002592,41590-60004,60004,천등1리.등굴,126.706917,37.23315,다사2915,송산면,1.84,0.01,0,1,3.571,10.087,3.571,0.0
233002593,41590-60006,60006,천등3리.새말,126.70195,37.241383,다사2916,송산면,2.84,0.03,0,1,3.571,10.087,3.571,0.0
233002594,41590-60062,60062,독지리종점,126.692367,37.253117,다사2817,송산면,2.56,1.5,0,1,3.571,10.087,3.571,0.0
233002595,41590-60060,60060,독지1리.돌내입구,126.699267,37.24615,다사2816,송산면,0.42,2.47,0,1,3.571,10.087,3.571,0.0
233002596,41590-55456,55456,금당1리마을회관,126.74245,37.1918,다사3210,마도면,1.39,0.97,0,1,15.0,42.095,15.0,1.5
233002597,,,해문2리마을회관,126.7465,37.19775,다사3311,마도면,0.43,0.04,0,1,15.0,42.095,15.0,1.5
233002598,,,금당1리마을회관,126.742533,37.191767,다사3210,마도면,0.0,0.0,0,0,0.0,0.0,0.0,0.0
233002600,,,송정1리,126.79545,37.22375,다사3714,남양읍,2.08,0.55,0,1,6.19,14.24,6.4,0.522
233002601,,,궁평유원지종점,126.684233,37.126783,다사2703,서신면,0.0,0.0,0,0,0.0,0.0,0.0,0.0
233002602,,,흥법리마을회관,126.734033,37.16495,다사3107,서신면,0.0,0.0,0,0,0.0,0.0,0.0,0.0
233002603,,,흥법리모래지,126.739967,37.166583,다사3207,서신면,0.0,0.0,0,0,0.0,0.0,0.0,0.0
233002604,,,고모2리,126.7465,37.172733,다사3308,마도면,0.0,0.0,0,0,0.0,0.0,0.0,0.0
233002605,41590-60009,60009,사곳리마을회관,126.724583,37.156117,다사3106,서신면,0.76,0.02,0,1,4.0,12.0,4.0,0.0
233002606,,,용두1리.왕모대입구,126.711533,37.1483,다사2905,서신면,0.0,0.0,0,0,0.0,0.0,0.0,0.0
233002607,,,용두1리,126.708233,37.14415,다사2905,서신면,0.0,0.0,0,0,0.0,0.0,0.0,0.0
233002608,,,삼밭골,126.721167,37.1667,다사3007,서신면,0.0,0.0,0,0,0.0,0.0,0.0,0.0
233002609,,,삼밭골,126.7211,37.166583,다사3007,서신면,0.0,0.0,0,0,0.0,0.0,0.0,0.0
233002610,41590-36835,36835,어은1정미소앞,126.831083,37.092967,다바4099,장안면,1.99,2.55,1,0,2.0,2.667,2.0,0.306
233002611,41590-36848,36848,금의1리,126.839117,37.1002,다사4100,장안면,3.8,22.24,1,0,2.0,2.667,2.0,0.306
233002612,41590-36846,36846,수촌3리,126.850633,37.103333,다사4200,장안면,5.41,13.46,1,0,2.0,2.667,2.0,0.306
233002613,41590-36854,36854,노하1리,126.86735,37.157333,다사4306,팔탄면,0.38,3.32,1,0,0.0,0.0,0.0,0.0
233002614,41590-36853,36853,노하1리,126.867233,37.1572,다사4306,팔탄면,4.24,0.18,1,0,0.0,0.0,0.0,0.0
233002615,41590-36852,36852,노하2리,126.862033,37.157683,다사4306,팔탄면,7.41,0.46,1,0,0.0,0.0,0.0,0.0
233002616,41590-36851,36851,노하3리,126.854883,37.158767,다사4206,팔탄면,6.14,1.15,1,0,0.0,0.0,0.0,0.0
233002617,41590-36850,36850,노하3리.백미정,126.852117,37.156983,다사4206,팔탄면,0.99,0.09,1,0,0.0,0.0,0.0,0.0
233002618,41590-36931,36931,구장1리,126.895133,37.154617,다사4606,팔탄면,0.55,0.58,0,1,2.4,3.84,2.4,0.133
233002619,41590-36930,36930,노하2리,126.862167,37.1577,다사4306,팔탄면,5.07,2.67,1,0,0.0,0.0,0.0,0.0
233002620,41590-36929,36929,정미소앞,126.8597,37.1592,다사4306,팔탄면,0.36,2.56,1,0,0.0,0.0,0.0,0.0
233002621,41590-55454,55454,청광플러스원아파트,126.98555,37.196533,다사5410,정남면,22.22,26.0,0,1,2.0,6.857,2.0,0.0
233002622,41590-36972,36972,청원3리입구,126.756333,37.1809,다사3309,마도면,1.92,0.39,0,1,15.0,42.095,15.0,1.5
233002623,41590-36971,36971,하저리마을회관,126.871333,37.189683,다사4410,팔탄면,1.33,0.18,1,0,1.333,2.4,1.333,0.0
233002624,41590-55738,55738,공청2,126.945,37.227867,다사5014,봉담읍,202.75,125.35,1,0,2.0,6.0,2.0,0.0
233002625,41590-55396,55396,조암농협,126.817467,37.082,다바3998,우정읍,416.18,39.12,7,0,21.714,60.397,21.714,0.566
233002626,41590-37402,37402,율암1리,126.887283,37.1547,다사4506,팔탄면,3.88,0.18,0,1,2.4,3.84,2.4,0.133
233002627,,,금당1리.소곡,126.742317,37.1896,다사3210,마도면,0.0,0.0,0,0,0.0,0.0,0.0,0.0
233002628,,,청원3리입구,126.756083,37.180183,다사3309,마도면,0.0,0.0,0,0,0.0,0.0,0.0,0.0
233002629,,,용두리,126.7118,37.148883,다사3005,서신면,0.0,0.0,0,0,0.0,0.0,0.0,0.0
233002630,41590-37396,37396,어은1리,126.834283,37.095567,다바4099,장안면,11.06,29.07,2,0,8.0,18.667,8.0,0.306
233002631,41590-55075,55075,향남제약공단입구,126.906167,37.096617,다바4799,향남읍,23.61,3.92,2,0,4.0,16.0,4.0,0.5
233001499,41590-36741,36741,향남교회,126.947333,37.123383,다사5002,향남읍,1.4,0.24,0,1,4.0,10.599,4.0,0.0
233001500,41590-36740,36740,향남교회,126.947383,37.12335,다사5002,향남읍,0.13,0.71,0,1,4.0,10.599,4.0,0.0
233001501,41590-37395,37395,한각1리,126.797567,37.095583,다바3799,우정읍,0.09,0.0,0,1,3.714,12.0,3.714,0.0
233001502,41590-36572,36572,멱우3리,126.808133,37.093367,다바3899,우정읍,0.0,0.02,0,0,0.0,0.0,0.0,0.0
233001503,41590-36738,36738,남양아이파크,126.833733,37.20625,다사4012,남양읍,58.51,18.98,4,0,11.714,20.936,11.714,0.92
233001504,41590-36737,36737,포스코2차.신미주아파트,127.0904,37.189417,다사6310,동탄6동,24.42,26.68,0,1,4.0,10.667,4.0,0.571
233001505,41590-37583,37583,동탄2LH4단지,127.122783,37.205583,다사6611,동탄4동,13.94,75.57,3,0,7.857,12.626,7.857,0.75
233001506,41590-37582,37582,포레너스아파트,127.116183,37.205167,다사6511,동탄4동,18.11,32.76,4,0,10.257,18.626,10.257,0.75
233001507,41590-37404,37404,원안2리,126.786383,37.100433,다사3600,우정읍,0.64,0.42,1,0,1.5,5.647,1.5,0.0
233001508,41590-37426,37426,고주리마을회관,126.88515,37.127417,다사4503,팔탄면,0.39,0.08,0,1,2.4,3.84,2.4,0.133
233001509,41590-37425,37425,고주리마을회관,126.885117,37.127333,다사4503,팔탄면,0.05,0.18,0,1,2.4,3.84,2.4,0.133
233001510,41590-36736,36736,고주리,126.883833,37.128833,다사4503,팔탄면,2.17,0.03,0,1,2.4,3.84,2.4,0.133
233001511,41590-36735,36735,고주리,126.88375,37.128867,다사4503,팔탄면,0.03,1.17,0,1,2.4,3.84,2.4,0.133
233001512,41590-37601,37601,고주리진입로,126.8924,37.121733,다사4602,향남읍,0.02,0.29,0,1,4.0,10.599,4.0,0.0
233001513,41590-37424,37424,석포삼거리,126.840933,37.134533,다사4104,장안면,4.12,0.1,0,1,3.0,9.6,3.0,0.0
233001514,41590-37423,37423,석포1리입구,126.8412,37.134467,다사4104,장안면,2.56,13.99,2,0,3.143,9.173,4.0,0.333
233001515,41590-37421,37421,석포1리.한절,126.825867,37.142833,다사4005,장안면,5.71,6.43,2,0,2.0,5.333,2.0,0.333
233001516,41590-37422,37422,석포1리.돌서지,126.83135,37.143033,다사4005,장안면,2.83,3.4,2,0,2.0,5.333,2.0,0.333
233001517,41590-37420,37420,석포6리입구,126.818117,37.139283,다사3904,장안면,5.3,1.32,2,0,3.714,9.507,3.714,0.594
233001518,41590-37418,37418,석포6리,126.8222,37.136667,다사3904,장안면,0.08,0.05,0,1,3.0,9.6,3.0,0.0
233001519,41590-37417,37417,석포교회,126.824033,37.134733,다사3904,장안면,0.76,0.76,0,1,3.0,9.6,3.0,0.0
233001520,41590-37416,37416,석포6리입구,126.83325,37.133967,다사4004,장안면,5.83,0.85,0,1,3.0,9.6,3.0,0.0
233001521,41590-37415,37415,주곡1리마을회관,126.817067,37.125883,다사3903,우정읍,2.97,1.34,2,0,3.714,9.507,3.714,0.594
233001522,41590-37414,37414,주곡2리입구,126.80385,37.110383,다사3801,우정읍,0.95,0.44,3,0,5.214,15.154,5.214,0.594
233001523,41590-37413,37413,고주리.동방산업단지,126.88795,37.136367,다사4504,팔탄면,0.27,8.69,1,0,1.143,3.84,2.0,0.0
233001524,41590-55846,55846,덕천리삼거리,126.87115,37.1426,다사4405,팔탄면,0.92,7.33,1,0,1.143,3.84,2.0,0.0
233001525,41590-55008,55008,덕우리.구운말,126.863017,37.138667,다사4304,팔탄면,1.11,5.96,1,0,1.143,3.84,2.0,0.0
233001526,41590-55273,55273,팔탄전자앞,126.86115,37.129367,다사4303,팔탄면,0.46,4.72,1,0,1.143,3.84,2.0,0.0
233001527,41590-55274,55274,화성제일병원,126.86015,37.127833,다사4303,팔탄면,0.04,2.7,1,0,1.143,3.84,2.0,0.0
233001528,41590-55354,55354,덕우리입구,126.859483,37.1256,다사4303,팔탄면,0.59,1.08,1,0,1.143,3.84,2.0,0.0
233001529,41590-37407,37407,상신8리,126.901117,37.10395,다사4600,향남읍,8.13,31.98,3,0,6.5,19.889,6.5,0.0
233001530,41590-37406,37406,화성상신도시숲,126.901467,37.10125,다사4600,향남읍,3.25,34.78,3,0,6.5,19.889,6.5,0.0
233001531,41590-37405,37405,제약공단후문.구문천1리입구,126.910367,37.0902,다바4799,향남읍,9.35,57.72,4,0,7.5,28.504,7.5,0.5
233001532,41590-55923,55923,에코센터입구,126.938717,37.150133,다사5005,봉담읍,4.66,1.13,1,0,1.043,3.0,1.043,0.0
233001533,41590-37461,37461,발안산업단지,126.899867,37.0864,다바4698,향남읍,0.07,20.08,1,0,1.5,5.647,1.5,0.0
233001534,41590-37460,37460,발안산업단지,126.899883,37.086167,다바4698,향남읍,25.85,0.18,1,0,1.5,5.647,1.5,0.0
233001535,41590-37459,37459,구문천1리진입로,126.8998,37.080967,다바4698,향남읍,43.85,1.15,1,0,1.5,5.647,1.5,0.0
233001536,41590-37458,37458,구문천1리진입로,126.899667,37.080817,다바4698,향남읍,2.57,34.42,1,0,1.5,5.647,1.5,0.0
233001537,41590-36734,36734,구문천삼거리,126.895983,37.07605,다바4697,향남읍,0.17,1.38,1,0,1.5,5.647,1.5,0.0
233001538,41590-36733,36733,구문천삼거리,126.89605,37.076,다바4697,향남읍,1.19,0.0,1,0,1.5,5.647,1.5,0.0
233001539,41590-36732,36732,구문천리초록마을,126.892633,37.0715,다바4697,향남읍,0.0,2.92,1,0,1.5,5.647,1.5,0.0
233001540,41590-36731,36731,구문천리초록마을,126.892833,37.071483,다바4697,향남읍,3.95,0.03,1,0,1.5,5.647,1.5,0.0
233001541,41590-37457,37457,구문천3리,126.891033,37.07,다바4597,향남읍,2.36,2.02,1,0,1.5,5.647,1.5,0.0
233001542,41590-36599,36599,서해스카이팰리스1단지.서영더엘3차,127.03175,37.203667,다사5811,병점1동,0.72,21.76,1,0,2.0,6.0,2.0,0.0
233001543,41590-37611,37611,유포2리,126.8437,37.259683,다사4118,비봉면,0.33,0.17,1,0,0.857,2.824,0.857,0.0
233001546,41590-36569,36569,용수리,127.000017,37.168817,다사5507,정남면,3.7,1.97,0,1,2.0,6.857,2.0,0.0
233001547,41590-55478,55478,상신하길로주택,126.9027,37.106167,다사4601,향남읍,23.46,165.45,8,0,31.0,60.623,31.0,2.04
233001548,41590-55479,55479,상신하길로주택,126.902867,37.105967,다사4600,향남읍,174.04,15.97,8,0,31.0,60.623,31.0,2.04
233001549,41590-36696,36696,대양초등학교,126.820967,37.19895,다사3911,남양읍,11.16,11.57,0,1,6.19,14.24,6.4,0.522
233001550,41590-36695,36695,고주리입구.한국폴리텍대학,126.8925,37.1218,다사4602,향남읍,0.18,0.11,0,1,4.0,10.599,4.0,0.0
233001551,41590-36694,36694,방교동일반산업단지,127.089217,37.17265,다사6308,동탄6동,42.25,41.55,0,1,4.0,10.667,4.0,0.571
233001552,41590-36692,36692,저수지앞,126.80255,37.094333,다바3899,우정읍,0.03,0.03,0,1,3.714,12.0,3.714,0.0
233001553,41590-36699,36699,화수사거리,126.801617,37.10985,다사3701,우정읍,0.38,4.18,1,0,4.0,13.714,4.0,0.0
233001554,41590-36701,36701,화산삼거리,126.793183,37.063,다바3796,우정읍,2.13,13.04,5,0,10.4,29.333,10.4,0.306
233001555,41590-37224,37224,한국폴리텍대학,126.892717,37.1219,다사4602,향남읍,2.23,12.17,4,0,7.5,20.504,7.5,0.639
233001556,41590-36602,36602,병점행복주택,127.030617,37.203033,다사5811,병점1동,19.08,1.64,1,0,2.0,6.0,2.0,0.0
233001557,41590-37241,37241,구장리새터말입구,126.8992,37.153517,다사4606,팔탄면,6.89,9.46,9,0,15.547,30.989,15.614,0.895
233001558,41590-37270,37270,장짐교차로,126.91095,37.135917,다사4704,향남읍,388.42,135.79,9,0,18.29,44.352,19.214,0.429
233001559,41590-55228,55228,반월리,127.064917,37.233567,다사6115,반월동,0.91,2.02,1,0,4.0,6.0,4.0,0.25
233001561,41590-37032,37032,광평리,126.69745,37.172983,다사2808,서신면,8.79,0.24,3,0,11.0,30.095,11.0,0.0
233001562,41590-36668,36668,한빛마을(중),127.06905,37.207667,다사6112,동탄1동,1478.95,240.04,16,0,146.707,164.556,145.457,19.169
233001563,41590-37627,37627,경신,126.813117,37.11525,다사3802,우정읍,3.35,1.72,3,0,5.214,15.154,5.214,0.594
233001564,41590-37626,37626,제암리입구,126.888567,37.126833,다사4503,팔탄면,0.03,1.27,0,1,2.4,3.84,2.4,0.133
233001565,41590-37625,37625,발안사거리.평리,126.910533,37.131717,다사4703,향남읍,168.59,44.81,12,0,22.202,60.023,22.202,1.234
233001566,41590-36700,36700,조암조원마을,126.815783,37.085083,다바3998,우정읍,0.1,6.13,3,0,6.714,19.107,6.714,0.594
233001567,41590-55446,55446,에일린의뜰아파트,127.086033,37.190117,다사6310,동탄6동,19.09,10.45,0,1,4.0,10.667,4.0,0.571
233001568,41590-36693,36693,베라체아파트,127.12285,37.1905,다사6610,동탄9동,284.98,74.87,14,0,58.912,139.332,57.912,6.475
233001569,41590-37622,37622,경신,126.8133,37.115267,다사3802,우정읍,2.32,3.19,3,0,5.214,15.154,5.214,0.594
233001570,41590-37623,37623,제암리입구,126.888667,37.12685,다사4503,팔탄면,2.6,0.71,0,1,2.4,3.84,2.4,0.133
233001571,41590-37624,37624,고주리.동방산업단지,126.88765,37.135933,다사4504,팔탄면,9.03,0.53,0,1,2.4,3.84,2.4,0.133
233001572,41590-55488,55488,서희스타힐스.단독주택,127.119567,37.173233,다사6608,동탄7동,84.78,348.14,11,0,50.012,119.732,51.012,6.392
233001573,41590-37722,37722,반월2통,127.059983,37.221183,다사6013,진안동,106.17,85.17,0,1,6.0,14.667,6.0,0.053
233001574,41590-37638,37638,수영리검사소,126.968467,37.232483,다사5214,봉담읍,0.0,0.0,5,0,53.0,30.667,53.0,0.0
233001575,41590-36138,36138,백1리,126.957867,37.16645,다사5107,정남면,2.95,1.56,2,0,2.667,8.286,2.667,0.0
233001576,41590-36149,36149,문학1리,126.963733,37.152867,다사5206,정남면,10.76,8.35,2,0,2.667,9.143,2.667,0.0
233001578,41590-36227,36227,덕신상가,126.982317,37.159217,다사5406,정남면,50.19,6.27,1,0,2.0,6.0,2.0,0.0
233001579,41590-36226,36226,덕신상가,126.98215,37.159167,다사5406,정남면,6.42,45.12,2,0,2.667,8.286,2.667,0.0
233001580,41590-36703,36703,문학리,126.9661,37.15525,다사5206,정남면,11.88,12.75,2,0,2.667,9.143,2.667,0.0
233002632,41590-37456,37456,수촌1리,126.857167,37.1029,다사4200,장안면,2.61,13.21,1,0,2.0,2.667,2.0,0.306
233002633,41590-37446,37446,정미소앞,126.859517,37.159167,다사4306,팔탄면,2.96,0.58,1,0,0.0,0.0,0.0,0.0
233002634,41590-37668,37668,바이오단지입구,126.7739,37.1721,다사3508,마도면,55.97,1.48,1,0,4.0,5.333,4.0,0.444
233002635,41590-37961,37961,요당2리,126.914683,37.065833,다바4896,양감면,6.38,10.32,0,1,1.333,4.0,1.333,0.0
233002636,,,고정2리.고잔,126.746117,37.248133,다사3316,송산면,0.0,0.0,0,0,0.0,0.0,0.0,0.0
233002638,41590-37480,37480,신동아파밀리에,126.95635,37.220433,다사5113,봉담읍,27.61,13.3,0,1,6.0,12.0,6.0,0.133
233002639,41590-55778,55778,향남부영11단지,126.9163,37.108833,다사4801,향남읍,0.71,3.35,0,1,4.0,10.599,4.0,0.0
233002641,41590-37520,37520,율암1리,126.88755,37.1549,다사4506,팔탄면,0.01,1.57,0,1,2.4,3.84,2.4,0.133
233002642,41590-37519,37519,노하3리,126.854683,37.158733,다사4206,팔탄면,0.66,2.39,1,0,0.0,0.0,0.0,0.0
233002643,41590-37547,37547,노하3리.백미정,126.851767,37.1569,다사4206,팔탄면,0.33,1.51,1,0,0.0,0.0,0.0,0.0
233002644,41590-37532,37532,율암3리.밤듸,126.876333,37.171933,다사4408,팔탄면,6.57,10.25,0,1,2.4,3.84,2.4,0.133
233002645,41590-37531,37531,청원산단로,126.779283,37.173717,다사3608,마도면,0.33,14.48,1,0,4.0,5.333,4.0,0.444
233002646,41590-37561,37561,야목역,126.88445,37.261733,다사4518,매송면,153.38,21.71,2,0,3.733,5.714,3.8,0.214
233002647,41590-37588,37588,메타폴리스(시외.공항버스),127.06705,37.202517,다사6111,동탄1동,0.0,0.0,0,0,0.0,0.0,0.0,0.0
233002648,41590-37577,37577,사곳리.개내기,126.717733,37.15265,다사3006,서신면,0.03,0.0,0,1,4.0,12.0,4.0,0.0
233002649,41590-37657,37657,대창그린아파트,127.038833,37.205617,다사5911,진안동,11.14,9.81,0,1,6.0,14.667,6.0,0.053
233002650,41590-55078,55078,석포6리입구,126.818167,37.1395,다사3904,장안면,3.74,6.05,2,0,3.714,9.507,3.714,0.594
233002651,41590-37618,37618,사창2리.요골,126.971233,37.107417,다사5301,양감면,11.29,0.34,1,0,1.412,3.556,1.412,0.0
233002652,41590-37617,37617,하늘가장례식장,126.943183,37.132833,다사5003,향남읍,1.87,5.66,1,0,0.667,2.286,0.667,0.0
233002653,41590-55272,55272,나루고등학교,127.0729,37.186867,다사6209,동탄6동,7.25,9.96,0,1,4.0,10.667,4.0,0.571
233002655,41590-37635,37635,홍법리,126.730167,37.16135,다사3107,서신면,0.18,0.01,0,1,4.0,12.0,4.0,0.0
233002656,41590-37778,37778,홍법리,126.730067,37.1613,다사3107,서신면,0.01,0.24,0,1,4.0,12.0,4.0,0.0
233002657,41590-55668,55668,중흥더센트럴.봉담2LH3단지,126.950567,37.225167,다사5114,봉담읍,38.02,60.04,5,0,16.4,30.031,16.4,1.175
233002658,41590-37824,37824,각골,126.724233,37.164333,다사3107,서신면,0.0,0.0,0,0,0.0,0.0,0.0,0.0
233002659,41590-55099,55099,다은마을(시외.공항버스),127.067933,37.199183,다사6111,동탄1동,0.0,0.0,0,0,0.0,0.0,0.0,0.0
233002660,41590-37865,37865,봉담도서관.봉담읍행정복지센터,126.949367,37.219533,다사5113,봉담읍,45.94,29.12,1,0,2.0,6.0,2.0,0.0
233002661,41590-37867,37867,요당3리,126.913433,37.071417,다바4797,양감면,1.47,10.85,0,1,1.333,4.0,1.333,0.0
233002662,41590-37868,37868,마을안삼거리,126.90935,37.075383,다바4797,양감면,2.24,4.14,0,1,1.333,4.0,1.333,0.0
233002663,41590-37931,37931,각골,126.724217,37.164233,다사3107,서신면,0.0,0.22,0,0,0.0,0.0,0.0,0.0
233002664,41590-37948,37948,창덕1통.잡재기,126.80045,37.168467,다사3707,남양읍,0.56,0.02,0,1,6.19,14.24,6.4,0.522
233002666,41590-36624,36624,발안천교,126.90465,37.132183,다사4703,향남읍,10.13,2.83,2,0,3.143,10.697,4.0,0.0
233002667,41590-55627,55627,신영통현대아파트1단지,127.060733,37.2338,다사6115,반월동,2.8,62.97,0,1,8.8,22.0,8.8,0.833
233002668,41590-55628,55628,신영통현대아파트1단지,127.06095,37.2338,다사6115,반월동,15.2,4.05,0,1,8.8,22.0,8.8,0.833
233002669,41590-55629,55629,반월동행정복지센터,127.060717,37.232767,다사6114,반월동,10.16,9.04,0,1,8.8,22.0,8.8,0.833
233002670,41590-55630,55630,복지회관,127.06095,37.232783,다사6114,반월동,49.32,4.82,0,1,8.8,22.0,8.8,0.833
233002671,41590-55760,55760,화담중학교,126.942067,37.231683,다사5014,봉담읍,173.63,59.3,4,0,14.0,23.174,14.0,0.8
233002672,,,현대타운4단지정문,127.06255,37.23295,다사6114,반월동,0.0,0.0,0,0,0.0,0.0,0.0,0.0
233002673,41590-55724,55724,동탄복합문화센터,127.074083,37.200367,다사6211,동탄1동,40.61,39.87,2,0,6.0,7.719,6.0,0.053
233002674,41590-55725,55725,화성미디어센터,127.073933,37.20275,다사6211,동탄1동,39.61,23.18,2,0,5.0,11.053,5.0,0.053
233002676,41590-37373,37373,주공11단지후문,127.043667,37.216417,다사5913,진안동,6.93,16.87,0,1,6.0,14.667,6.0,0.053
233002677,41590-55631,55631,월드메르디앙,127.035617,37.215,다사5813,진안동,36.46,23.39,0,1,6.0,14.667,6.0,0.053
233002678,41590-55632,55632,월드메르디앙,127.03575,37.215167,다사5813,진안동,25.53,30.21,0,1,6.0,14.667,6.0,0.053
233002679,41590-55604,55604,화남아파트,127.037383,37.213017,다사5812,진안동,15.13,45.38,0,1,6.0,14.667,6.0,0.053
233002680,41590-55718,55718,SK뷰파크3차,127.050867,37.221633,다사6013,진안동,135.95,93.39,2,0,6.0,13.053,6.0,0.053
233002681,41590-55719,55719,라마다호텔(공항버스),127.075183,37.205717,다사6211,동탄1동,0.0,0.0,0,0,0.0,0.0,0.0,0.0
233002682,41590-55720,55720,SK뷰파크3차,127.051533,37.221267,다사6013,진안동,66.73,122.03,2,0,6.0,13.053,6.0,0.053
233002683,41590-37613,37613,농업기술센터,126.872317,37.077067,다바4497,장안면,10.68,9.78,1,0,4.0,13.714,4.0,0.0
233002684,41590-37614,37614,야목역,126.884183,37.262,다사4518,매송면,2.63,1.02,0,1,13.0,32.0,13.0,0.75
233002685,41590-55736,55736,봉담초사거리,126.948267,37.224367,다사5114,봉담읍,109.09,111.92,2,0,4.4,12.0,4.4,0.0
233002686,41590-36353,36353,주공1단지,127.040317,37.2064,다사5912,병점2동,2.87,10.94,0,1,13.667,32.485,13.657,1.591
233002687,41590-36623,36623,주공1단지,127.040333,37.20625,다사5912,병점2동,16.71,12.11,0,1,13.667,32.485,13.657,1.591
233002688,41590-36352,36352,대창그린아파트,127.038867,37.205767,다사5911,진안동,2.31,9.89,0,1,6.0,14.667,6.0,0.053
233002689,41590-55397,55397,화성보건소,127.03485,37.2047,다사5811,병점1동,17.82,24.94,0,1,12.8,29.385,12.8,0.0
233002690,41590-55746,55746,성호아파트후문,127.044883,37.200417,다사5911,진안동,14.15,30.46,0,1,6.0,14.667,6.0,0.053
233002691,41590-36625,36625,발안천교,126.904783,37.132033,다사4703,향남읍,3.26,25.1,2,0,3.143,10.697,4.0,0.0
233002692,41590-36626,36626,화성고교차로,126.906367,37.137,다사4704,향남읍,0.54,3.65,2,0,3.143,10.697,4.0,0.0
233002693,41590-36627,36627,화성고교차로,126.906083,37.137083,다사4704,향남읍,2.39,3.34,2,0,3.143,10.697,4.0,0.0
233002694,41590-36628,36628,발안1리경로당,126.90635,37.131133,다사4703,향남읍,10.74,6.73,4,0,2.733,4.952,2.8,0.306
233002695,41590-36629,36629,발안1리경로당,126.906233,37.131033,다사4703,향남읍,1.92,15.21,5,0,4.233,10.599,4.3,0.306
233002696,41590-36630,36630,상두1리.뒷말,126.9521,37.10985,다사5101,향남읍,0.03,1.06,0,1,4.0,10.599,4.0,0.0
233002697,41590-36631,36631,상두1리.뒷말,126.952033,37.11,다사5101,향남읍,0.75,0.0,0,1,4.0,10.599,4.0,0.0
233002698,41590-36632,36632,도이2리마을입구,126.941217,37.13905,다사5004,향남읍,0.08,0.5,1,0,2.087,6.0,2.087,0.0
233002699,41590-36537,36537,문호1리.당너머마을,126.807067,37.264767,다사3818,남양읍,0.06,0.12,0,1,6.19,14.24,6.4,0.522
233002700,41590-36544,36544,문호2리입구,126.798767,37.248517,다사3716,남양읍,0.41,0.45,0,1,6.19,14.24,6.4,0.522
233002701,41590-36559,36559,송림2리.잔다리,126.814367,37.219717,다사3913,남양읍,0.05,1.28,0,1,6.19,14.24,6.4,0.522
233002702,41590-36560,36560,원천리입구,126.8157,37.214433,다사3913,남양읍,0.17,0.13,0,1,6.19,14.24,6.4,0.522
233002703,41590-36561,36561,원천리입구,126.815783,37.214267,다사3913,남양읍,0.06,0.58,0,1,6.19,14.24,6.4,0.522
233002704,41590-55639,55639,남양도서관.동광뷰엘,126.8256,37.21055,다사4012,남양읍,24.26,39.45,2,0,7.714,17.888,7.714,0.261
233002705,41590-55640,55640,남양도서관.동광뷰엘,126.825633,37.2109,다사4012,남양읍,20.27,18.42,3,0,19.714,65.888,19.714,6.261
233002706,41590-55679,55679,현대아이파크,126.8318,37.206317,다사4012,남양읍,2.39,0.2,0,1,6.19,14.24,6.4,0.522
233002707,41590-55680,55680,우림필유,126.8314,37.208167,다사4012,남양읍,1.99,0.09,0,1,6.19,14.24,6.4,0.522
233002708,41590-55681,55681,화성의과학대학교,126.839617,37.203267,다사4111,남양읍,29.09,20.0,5,0,9.19,15.176,10.048,0.475
233002709,41590-36190,36190,대광2차아파트,126.818567,37.19735,다사3911,남양읍,12.34,18.52,0,1,6.19,14.24,6.4,0.522
233002710,41590-55450,55450,동화휴먼시아1단지.새말입구,126.958417,37.21875,다사5113,봉담읍,15.08,6.66,0,1,6.0,12.0,6.0,0.133
233002711,,,동철전자,126.9845,37.230783,다사5414,기배동,0.0,0.0,0,0,0.0,0.0,0.0,0.0
233002712,,,동철전자,126.9845,37.230933,다사5414,기배동,0.0,0.0,0,0,0.0,0.0,0.0,0.0
233002713,,,기안말앞,126.988117,37.2295,다사5414,기배동,0.0,0.0,0,0,0.0,0.0,0.0,0.0
233002714,,,기안말앞,126.988233,37.229333,다사5414,기배동,0.0,0.0,0,0,0.0,0.0,0.0,0.0
233002715,41590-55821,55821,기안교차로,126.98695,37.2272,다사5414,기배동,27.12,6.37,0,1,67.609,59.467,67.609,4.6
233002716,41590-37353,37353,기안1통입구,126.985917,37.2257,다사5414,기배동,9.09,28.48,0,1,67.609,59.467,67.609,4.6
233002717,41590-55455,55455,배양2리,126.992067,37.226833,다사5414,기배동,2.4,3.94,0,1,67.609,59.467,67.609,4.6
233002718,41590-55633,55633,신미주아파트후문,126.985133,37.22275,다사5413,기배동,26.15,65.44,0,1,67.609,59.467,67.609,4.6
233002719,41590-55634,55634,신미주아파트후문,126.985367,37.22265,다사5413,기배동,81.0,16.99,0,1,67.609,59.467,67.609,4.6
233002720,41590-55635,55635,신미주아파트남문.예일유치원,126.9874,37.220033,다사5413,기배동,55.77,83.28,0,1,67.609,59.467,67.609,4.6
233002721,41590-55636,55636,신미주아파트남문.예일유치원,126.987067,37.220383,다사5413,기배동,120.77,42.4,0,1,67.609,59.467,67.609,4.6
233002722,,,신미주아파트,126.9893,37.219983,다사5413,기배동,0.0,0.0,0,0,0.0,0.0,0.0,0.0
233002723,41590-55794,55794,배양초등학교,126.987767,37.21885,다사5413,기배동,9.62,14.93,0,1,67.609,59.467,67.609,4.6
233002724,41590-55795,55795,배양초등학교,126.987917,37.218717,다사5413,기배동,6.31,13.75,0,1,67.609,59.467,67.609,4.6
233002725,41590-37143,37143,기배동행정복지센터,126.9832,37.224167,다사5414,기배동,17.07,22.45,0,1,67.609,59.467,67.609,4.6
233002726,41590-37067,37067,기배동행정복지센터,126.98315,37.224,다사5414,기배동,9.55,17.41,0,1,67.609,59.467,67.609,4.6
233002727,41590-36003,36003,보보스프라자,126.97455,37.222533,다사5313,봉담읍,30.18,19.27,0,1,6.0,12.0,6.0,0.133
233002728,41590-36004,36004,보보스프라자,126.974383,37.22225,다사5313,봉담읍,11.92,45.42,0,1,6.0,12.0,6.0,0.133
233002729,41590-36005,36005,기안중학교,126.976733,37.224567,다사5314,기배동,6.91,26.34,0,1,67.609,59.467,67.609,4.6
233002730,41590-36006,36006,기안중학교,126.976567,37.224683,다사5314,기배동,30.2,11.35,0,1,67.609,59.467,67.609,4.6
233002731,,,기안성당,126.97815,37.224267,다사5314,기배동,0.0,0.0,0,0,0.0,0.0,0.0,0.0
233002732,,,기안성당,126.9783,37.2243,다사5314,기배동,0.0,0.0,0,0,0.0,0.0,0.0,0.0
233002733,,,신일해피트리후문,126.978983,37.22265,다사5313,봉담읍,0.0,0.0,0,0,0.0,0.0,0.0,0.0
233002734,,,신일해피트리후문,126.97905,37.22255,다사5313,봉담읍,0.0,0.0,0,0,0.0,0.0,0.0,0.0
233002735,41590-37886,37886,기안2통.우방메가시티아파트,126.978033,37.22095,다사5313,봉담읍,7.2,31.34,0,1,6.0,12.0,6.0,0.133
233002736,41590-37000,37000,기안2통.우방메가시티아파트,126.978133,37.220833,다사5313,봉담읍,43.43,5.23,0,1,6.0,12.0,6.0,0.133
233002737,41590-37145,37145,와우사거리,126.973333,37.219017,다사5313,봉담읍,48.92,28.21,4,0,8.4,19.333,8.4,0.0
233002738,41590-37146,37146,와우사거리,126.973517,37.218917,다사5313,봉담읍,118.74,101.73,4,0,8.4,19.333,8.4,0.0
233002739,41590-55772,55772,동보아파트,126.971767,37.212167,다사5312,봉담읍,21.1,34.73,0,1,6.0,12.0,6.0,0.133
233002740,41590-55769,55769,동보아파트,126.971883,37.212033,다사5312,봉담읍,27.03,7.3,0,1,6.0,12.0,6.0,0.133
233002741,41590-55440,55440,쌍용아파트,126.969833,37.2121,다사5212,봉담읍,49.97,73.63,0,1,6.0,12.0,6.0,0.133
233002742,41590-55771,55771,쌍용아파트,126.970533,37.21185,다사5312,봉담읍,58.91,39.19,0,1,6.0,12.0,6.0,0.133
233002743,41590-55443,55443,봉담푸르지오.아이파크,126.969183,37.21305,다사5212,봉담읍,62.8,56.66,0,1,6.0,12.0,6.0,0.133
233002744,41590-55441,55441,봉담푸르지오.아이파크,126.9694,37.213567,다사5212,봉담읍,54.3,50.71,0,1,6.0,12.0,6.0,0.133
233002745,41590-37149,37149,임광3차정문,126.970167,37.216,다사5213,봉담읍,22.62,7.2,0,1,6.0,12.0,6.0,0.133
233002746,,,임광3차정문,126.970567,37.2163,다사5313,봉담읍,0.0,0.0,0,0,0.0,0.0,0.0,0.0
233002747,41590-37150,37150,임광3차중문,126.972033,37.216283,다사5313,봉담읍,9.26,2.7,0,1,6.0,12.0,6.0,0.133
233002748,,,임광3차중문,126.972083,37.21635,다사5313,봉담읍,0.0,0.0,0,0,0.0,0.0,0.0,0.0
233002749,41590-37163,37163,임광1.2단지,126.9737,37.21485,다사5313,봉담읍,10.05,9.34,0,1,6.0,12.0,6.0,0.133
233002750,,,임광1.2단지,126.973817,37.2148,다사5313,봉담읍,0.0,0.0,0,0,0.0,0.0,0.0,0.0
233002751,,,임광1.2차아파트,126.97445,37.214833,다사5313,봉담읍,0.0,0.0,0,0,0.0,0.0,0.0,0.0
233002752,,,임광1.2차아파트,126.974317,37.2148,다사5313,봉담읍,0.0,0.0,0,0,0.0,0.0,0.0,0.0
233002753,41590-55358,55358,신명아파트앞,126.9739,37.213117,다사5312,봉담읍,18.92,69.94,0,1,6.0,12.0,6.0,0.133
233002754,41590-55773,55773,영풍아파트입구,126.974117,37.21305,다사5312,봉담읍,52.25,27.63,0,1,6.0,12.0,6.0,0.133
233002755,,,호수마을,126.9764,37.198083,다사5311,봉담읍,0.0,0.0,0,0,0.0,0.0,0.0,0.0
233002756,41590-55571,55571,우방아파트입구,127.007083,37.201617,다사5611,화산동,4.83,28.43,3,0,4.667,14.0,4.667,0.0
233002757,41590-55641,55641,장안대후문,126.9463,37.21635,다사5013,봉담읍,130.18,59.92,3,0,7.609,19.029,7.609,1.214
233002759,41590-37050,37050,쌍용아파트,126.952,37.241767,다사5116,매송면,3.36,35.14,0,1,13.0,32.0,13.0,0.75
233002760,,,송라2리마을회관,126.90715,37.284417,다사4720,매송면,0.0,0.0,0,0,0.0,0.0,0.0,0.0
233002761,41590-37180,37180,야목1리,126.897283,37.254933,다사4617,매송면,0.74,0.48,1,0,3.0,3.429,3.0,0.214
233002762,,,야목4리마을회관,126.868083,37.269033,다사4419,매송면,0.0,0.0,0,0,0.0,0.0,0.0,0.0
233002763,,,야목4리마을회관,126.868183,37.269067,다사4419,매송면,0.0,0.0,0,0,0.0,0.0,0.0,0.0
233002764,41590-37187,37187,야목4리.빈정,126.8664,37.268633,다사4318,비봉면,0.51,0.71,0,1,3.733,6.467,3.8,0.214
233002765,41590-55876,55876,기천편의점,126.901933,37.172017,다사4608,팔탄면,0.13,0.0,0,1,2.4,3.84,2.4,0.133
233002766,41590-55877,55877,기천편의점,126.90215,37.171967,다사4608,팔탄면,0.0,0.02,0,0,0.0,0.0,0.0,0.0
233002767,41590-55880,55880,기천1리입구,126.907467,37.17715,다사4708,팔탄면,1.27,1.44,2,0,2.4,3.2,2.4,0.133
233002768,41590-55702,55702,전원마을,126.907217,37.183983,다사4709,팔탄면,0.09,1.7,1,0,2.4,3.2,2.4,0.133
233002769,41590-55883,55883,기천3리,126.908417,37.188617,다사4710,팔탄면,3.12,2.42,1,0,2.4,3.2,2.4,0.133
233002770,41590-55642,55642,율암드림마트앞,126.875967,37.1638,다사4407,팔탄면,0.18,1.76,1,0,0.0,0.0,0.0,0.0
233002771,41590-55643,55643,율암드림마트앞,126.876033,37.163717,다사4407,팔탄면,2.15,0.34,1,0,0.0,0.0,0.0,0.0
233002772,41590-55644,55644,대방초교,126.8694,37.162217,다사4407,팔탄면,0.37,4.37,1,0,0.0,0.0,0.0,0.0
233002773,41590-55645,55645,대방초교,126.86945,37.162133,다사4407,팔탄면,5.86,0.34,1,0,0.0,0.0,0.0,0.0
233002774,41590-55646,55646,명인제약,126.866783,37.159983,다사4306,팔탄면,0.5,3.64,1,0,0.0,0.0,0.0,0.0
233002775,41590-55647,55647,명인제약,126.866883,37.16,다사4306,팔탄면,3.14,0.06,1,0,0.0,0.0,0.0,0.0
233002776,41590-55703,55703,율암온천,126.8807,37.153267,다사4506,팔탄면,0.29,8.38,0,1,2.4,3.84,2.4,0.133
233002777,41590-37051,37051,율암온천,126.8806,37.153017,다사4406,팔탄면,12.0,0.34,0,1,2.4,3.84,2.4,0.133
233002778,41590-37052,37052,굴다리입구,126.87785,37.15205,다사4406,팔탄면,0.05,0.39,0,1,2.4,3.84,2.4,0.133
233002779,41590-37053,37053,굴다리입구,126.877867,37.15195,다사4406,팔탄면,0.61,0.01,0,1,2.4,3.84,2.4,0.133
233002780,,,덕천리.화성온천,126.872083,37.145867,다사4405,팔탄면,0.0,0.0,0,0,0.0,0.0,0.0,0.0
233002781,,,덕천리.화성온천,126.872183,37.146083,다사4405,팔탄면,0.0,0.0,0,0,0.0,0.0,0.0,0.0
233002782,,,덕천리,126.871883,37.144183,다사4405,팔탄면,0.0,0.0,0,0,0.0,0.0,0.0,0.0
233002783,,,덕천리,126.872017,37.144183,다사4405,팔탄면,0.0,0.0,0,0,0.0,0.0,0.0,0.0
233002784,41590-36451,36451,지월리,126.890367,37.1453,다사4505,팔탄면,3.37,1.71,3,0,1.467,4.571,1.6,0.0
233002785,41590-55648,55648,덕우리.구운말,126.86315,37.138617,다사4304,팔탄면,15.55,0.91,1,0,1.143,3.84,2.0,0.0
233002786,41590-55649,55649,안덕우리,126.86335,37.1367,다사4304,팔탄면,10.5,0.61,1,0,1.143,3.84,2.0,0.0
233002787,41590-55650,55650,팔탄전자앞,126.861317,37.129417,다사4303,팔탄면,7.25,0.34,1,0,1.143,3.84,2.0,0.0
233002788,41590-55651,55651,화성제일병원,126.860217,37.12775,다사4303,팔탄면,5.16,0.24,1,0,1.143,3.84,2.0,0.0
233002789,41590-36633,36633,도이2리마을입구,126.9411,37.138933,다사5004,향남읍,0.0,0.05,1,0,2.087,6.0,2.087,0.0
233002790,41590-37375,37375,제약단지.하길리입구,126.915417,37.0904,다바4899,향남읍,1.25,5.26,1,0,1.333,12.0,1.333,0.5
233002791,,,상신1리종점,126.890483,37.104733,다사4500,팔탄면,0.0,0.0,0,0,0.0,0.0,0.0,0.0
233002792,41590-55069,55069,요당3리,126.91495,37.071533,다바4797,양감면,15.09,2.03,0,1,1.333,4.0,1.333,0.0
233002794,41590-60050,60050,하길1리종점,126.92325,37.096933,다바4899,향남읍,1.89,1.24,0,1,4.0,10.599,4.0,0.0
233002795,41590-60048,60048,하길리입구,126.923567,37.105567,다사4800,향남읍,0.34,0.52,0,1,4.0,10.599,4.0,0.0
233002796,41590-60049,60049,하길리입구,126.923733,37.105567,다사4800,향남읍,1.37,0.03,0,1,4.0,10.599,4.0,0.0
233002797,41590-37056,37056,구문천2리종점,126.90675,37.07635,다바4797,양감면,1.71,1.56,0,1,1.333,4.0,1.333,0.0
233002804,,,금당2리,126.7468,37.189517,다사3310,마도면,0.0,0.0,0,0,0.0,0.0,0.0,0.0
233002805,,,금당2리,126.746783,37.189583,다사3310,마도면,0.0,0.0,0,0,0.0,0.0,0.0,0.0
233002806,,,금당공단앞,126.75025,37.189433,다사3310,마도면,0.0,0.0,0,0,0.0,0.0,0.0,0.0
233002807,,,금당공단앞,126.750367,37.189483,다사3310,마도면,0.0,0.0,0,0,0.0,0.0,0.0,0.0
233002808,,,청원교회,126.757117,37.188883,다사3410,마도면,0.0,0.0,0,0,0.0,0.0,0.0,0.0
233002809,,,청원교회,126.758333,37.18895,다사3410,마도면,0.0,0.0,0,0,0.0,0.0,0.0,0.0
233002810,,,슬항1리.절골,126.764067,37.1935,다사3410,마도면,0.0,0.0,0,0,0.0,0.0,0.0,0.0
233002811,,,슬항1리.절골,126.764217,37.193533,다사3410,마도면,0.0,0.0,0,0,0.0,0.0,0.0,0.0
233002812,,,세종슈퍼앞,126.761833,37.189183,다사3410,마도면,0.0,0.0,0,0,0.0,0.0,0.0,0.0
233002813,,,세종슈퍼앞,126.76195,37.1892,다사3410,마도면,0.0,0.0,0,0,0.0,0.0,0.0,0.0
233002814,,,청원1리마을회관,126.759167,37.18595,다사3409,마도면,0.0,0.0,0,0,0.0,0.0,0.0,0.0
233002815,,,청원1리마을회관,126.75925,37.186,다사3409,마도면,0.0,0.0,0,0,0.0,0.0,0.0,0.0
233002816,,,마도소방서,126.773083,37.20675,다사3512,마도면,0.0,0.0,0,0,0.0,0.0,0.0,0.0
233002817,41590-60100,60100,신남3통,126.7978,37.176333,다사3708,남양읍,1.38,0.08,0,1,6.19,14.24,6.4,0.522
233002818,41590-60101,60101,신남3통,126.797917,37.176333,다사3708,남양읍,0.34,0.62,0,1,6.19,14.24,6.4,0.522
233002819,,,신남2통,126.79955,37.1836,다사3709,남양읍,0.0,0.0,0,0,0.0,0.0,0.0,0.0
233002820,,,신남2통,126.79965,37.183483,다사3709,남양읍,0.0,0.0,0,0,0.0,0.0,0.0,0.0
233002821,41590-60092,60092,신남3통마을회관,126.801217,37.173183,다사3708,남양읍,0.74,2.5,0,1,6.19,14.24,6.4,0.522
233002822,41590-60012,60012,장덕1리.잡재기,126.80695,37.162883,다사3807,남양읍,0.28,4.66,1,0,1.714,4.174,1.714,0.261
233002823,41590-36634,36634,갈담,126.9363,37.176117,다사4908,봉담읍,1.96,1.95,1,0,2.0,6.0,2.0,0.0
233002824,41590-55809,55809,신남4리.외만리,126.81905,37.18255,다사3909,남양읍,0.2,2.58,2,0,4.114,8.174,4.114,0.261
233002825,,,신남3통.돌문안,126.806233,37.17475,다사3808,남양읍,0.0,0.0,0,0,0.0,0.0,0.0,0.0
233002826,41590-36635,36635,기산,126.9371,37.176833,다사5008,봉담읍,0.35,4.97,1,0,2.0,6.0,2.0,0.0
233002827,,,신남3통.돌문안,126.806317,37.174683,다사3808,남양읍,0.0,0.0,0,0,0.0,0.0,0.0,0.0
233002828,41590-60108,60108,안석2리동녘회관,126.818533,37.1772,다사3908,남양읍,0.08,0.32,0,1,6.19,14.24,6.4,0.522
233002829,41590-60106,60106,안석2리마을회관,126.822533,37.171083,다사3908,남양읍,1.05,0.39,0,1,6.19,14.24,6.4,0.522
233002830,41590-60105,60105,안석1리,126.825167,37.170133,다사4008,남양읍,2.12,0.76,0,1,6.19,14.24,6.4,0.522
233002831,41590-60104,60104,안석1리마을회관,126.8274,37.1723,다사4008,남양읍,3.55,1.27,0,1,6.19,14.24,6.4,0.522
233002832,41590-60103,60103,활초삼거리,126.829433,37.178617,다사4009,남양읍,1.04,1.65,0,1,6.19,14.24,6.4,0.522
233002833,41590-60027,60027,활초교회,126.8397,37.177817,다사4108,남양읍,1.54,1.14,0,1,6.19,14.24,6.4,0.522
233002834,41590-60057,60057,활초리마을회관,126.834067,37.176367,다사4008,남양읍,0.0,0.0,0,0,0.0,0.0,0.0,0.0
233002835,,,활초리마을회관,126.834317,37.176283,다사4008,남양읍,0.78,0.15,0,1,6.19,14.24,6.4,0.522
233002836,41590-55652,55652,온석2리,126.846883,37.170533,다사4208,남양읍,1.34,5.61,1,0,1.143,3.84,2.0,0.0
233002837,41590-55653,55653,온석2리,126.847067,37.170583,다사4208,남양읍,3.92,0.58,1,0,1.143,3.84,2.0,0.0
233002838,41590-60058,60058,살곶이,126.834717,37.1679,다사4007,남양읍,0.55,0.77,0,1,6.19,14.24,6.4,0.522
233002839,41590-55654,55654,노하산업단지,126.847317,37.155133,다사4206,팔탄면,1.11,2.61,1,0,1.143,3.84,2.0,0.0
233002840,41590-55655,55655,노하산업단지,126.8472,37.15515,다사4206,팔탄면,4.18,1.71,1,0,1.143,3.84,2.0,0.0
233002841,41590-55656,55656,노하할인마트,126.849167,37.1578,다사4206,팔탄면,1.89,9.79,1,0,1.143,3.84,2.0,0.0
233002842,41590-55657,55657,노하할인마트,126.849017,37.157817,다사4206,팔탄면,13.48,3.35,1,0,1.143,3.84,2.0,0.0
233002843,41590-55658,55658,현대연구소입구,126.846217,37.162467,다사4107,남양읍,1.3,0.74,1,0,1.143,3.84,2.0,0.0
233002844,41590-55659,55659,현대연구소입구,126.845233,37.16295,다사4107,남양읍,1.48,3.41,1,0,1.143,3.84,2.0,0.0
233002845,41590-37065,37065,기천1리,126.909167,37.1775,다사4708,팔탄면,3.52,0.0,0,1,2.4,3.84,2.4,0.133
233002846,,,선일화학.에디스,126.886983,37.099967,다사4500,팔탄면,0.0,0.0,0,0,0.0,0.0,0.0,0.0
233002847,41590-37066,37066,기천1리,126.909217,37.177433,다사4708,팔탄면,0.01,1.14,0,1,2.4,3.84,2.4,0.133
233002848,41590-55888,55888,주유소앞,126.849583,37.166033,다사4207,남양읍,0.6,0.18,0,1,6.19,14.24,6.4,0.522
233002849,41590-55889,55889,주유소앞,126.850033,37.166333,다사4207,남양읍,0.16,0.05,0,1,6.19,14.24,6.4,0.522
233002850,,,온석1동,126.862683,37.174733,다사4308,남양읍,0.0,0.0,0,0,0.0,0.0,0.0,0.0
233002851,41590-36636,36636,사창2리.주석골,126.964767,37.10575,다사5200,양감면,0.01,0.31,0,1,1.333,4.0,1.333,0.0
233002853,41590-60014,60014,벧엘기도원,126.80535,37.159767,다사3807,남양읍,0.06,1.87,1,0,1.714,4.174,1.714,0.261
233002854,41590-60013,60013,장덕1리.잡재기,126.806983,37.16275,다사3807,남양읍,4.18,0.26,1,0,1.714,4.174,1.714,0.261
233002855,41590-60016,60016,장덕리,126.803017,37.1583,다사3806,남양읍,0.15,3.04,1,0,1.714,4.174,1.714,0.261
233002856,41590-60017,60017,장덕리,126.803017,37.158217,다사3806,남양읍,3.4,0.13,1,0,1.714,4.174,1.714,0.261
233002857,,,마도소방서,126.773283,37.20665,다사3512,마도면,0.0,0.0,0,0,0.0,0.0,0.0,0.0
233002858,41590-60015,60015,벧엘기도원,126.805467,37.159767,다사3807,남양읍,2.19,0.05,1,0,1.714,4.174,1.714,0.261
233002859,,,현대수산,126.803733,37.154733,다사3806,남양읍,0.0,0.0,1,0,1.714,4.174,1.714,0.261
233002860,,,현대수산,126.804033,37.15465,다사3806,남양읍,0.0,0.0,1,0,1.714,4.174,1.714,0.261
233002861,,,장덕동수라청,126.798233,37.155567,다사3706,남양읍,0.0,0.0,1,0,3.429,8.348,3.429,0.522
233002862,,,장덕동수라청,126.798317,37.155533,다사3706,남양읍,0.0,0.0,1,0,3.429,8.348,3.429,0.522
233002863,41590-55660,55660,석포6리(마파지),126.816433,37.143183,다사3905,장안면,0.92,3.67,2,0,1.714,4.174,1.714,0.261
233002864,41590-36637,36637,사창2리.주석골,126.964833,37.105767,다사5200,양감면,0.59,0.32,0,1,1.333,4.0,1.333,0.0
233002865,41590-37667,37667,주곡1리.박우물,126.81205,37.134083,다사3804,우정읍,4.06,1.37,2,0,3.714,9.507,3.714,0.594
233002866,41590-37580,37580,주곡리,126.815533,37.127783,다사3903,우정읍,1.8,1.38,2,0,3.714,9.507,3.714,0.594
233002868,,,매바위,126.795283,37.153883,다사3706,남양읍,0.0,0.0,1,0,3.429,8.348,3.429,0.522
233002869,41590-55940,55940,구장산업단지,126.905433,37.170067,다사4708,팔탄면,0.63,0.49,2,0,2.4,3.2,2.4,0.133
233002870,41590-55941,55941,마곡산업단지,126.9052,37.169983,다사4708,팔탄면,1.18,2.02,2,0,2.4,3.2,2.4,0.133
233002871,41590-55457,55457,해문1리,126.744667,37.2036,다사3211,마도면,0.29,0.58,0,1,15.0,42.095,15.0,1.5
233002872,41590-55458,55458,해문1리,126.744483,37.203717,다사3211,마도면,0.41,0.66,0,1,15.0,42.095,15.0,1.5
233002873,,,해문1리.질고개,126.740633,37.2051,다사3212,송산면,0.0,0.0,0,0,0.0,0.0,0.0,0.0
233002874,,,삼존2리마을회관,126.75225,37.215883,다사3313,송산면,0.0,0.0,0,0,0.0,0.0,0.0,0.0
233002875,,,사강종점,126.737567,37.214033,다사3213,송산면,0.0,0.0,0,0,0.0,0.0,0.0,0.0
233002876,,,사강종점,126.737733,37.214083,다사3213,송산면,0.0,0.0,0,0,0.0,0.0,0.0,0.0
233002877,,,사강3리.양짓말,126.71815,37.222783,다사3014,송산면,0.0,0.0,0,0,0.0,0.0,0.0,0.0
233002878,,,사강3리.양짓말,126.718133,37.222917,다사3014,송산면,0.0,0.0,0,0,0.0,0.0,0.0,0.0
233002879,,,인애농원앞,126.715233,37.224817,다사3014,송산면,0.0,0.0,0,0,0.0,0.0,0.0,0.0
233002880,,,인애농원앞,126.715117,37.225,다사3014,송산면,0.0,0.0,0,0,0.0,0.0,0.0,0.0
233002881,41590-60002,60002,각골입구,126.709817,37.227633,다사2914,송산면,1.16,0.0,0,1,3.571,10.087,3.571,0.0
233000441,41590-36899,36899,화당리,126.865217,37.121667,다사4302,팔탄면,7.58,1.34,2,0,3.5,10.98,3.5,0.333
233000442,41590-36898,36898,해창리,126.878,37.112433,다사4401,팔탄면,1.52,5.29,2,0,4.0,9.524,4.0,0.306
233000443,41590-37443,37443,서근리,126.8575,37.12615,다사4203,팔탄면,27.72,2.12,3,0,4.643,14.82,5.5,0.333
233000444,41590-36897,36897,서근리,126.85235,37.12745,다사4203,팔탄면,17.35,0.68,3,0,4.643,14.82,5.5,0.333
233000445,41590-36896,36896,석포삼거리,126.843617,37.130717,다사4103,장안면,45.39,2.13,3,0,4.643,14.82,5.5,0.333
233000446,41590-37442,37442,석포초등학교,126.840117,37.130017,다사4103,장안면,1.31,0.16,1,0,1.5,5.647,1.5,0.0
233000447,41590-36895,36895,석포2리,126.837517,37.129117,다사4103,장안면,2.97,0.62,1,0,1.5,5.647,1.5,0.0
233000448,41590-36894,36894,석포2리,126.835133,37.1264,다사4003,장안면,0.66,0.93,1,0,1.5,5.647,1.5,0.0
233000449,41590-37441,37441,석포3리,126.83185,37.12125,다사4002,장안면,4.4,0.29,1,0,1.5,5.647,1.5,0.0
233000450,41590-36893,36893,금의3리,126.8278,37.11715,다사4002,장안면,4.54,1.77,1,0,1.5,5.647,1.5,0.0
233000451,41590-36892,36892,주곡1리,126.819533,37.116317,다사3902,우정읍,14.68,0.6,1,0,1.5,5.647,1.5,0.0
233000452,41590-36891,36891,화수사거리,126.802067,37.109767,다사3701,우정읍,3.82,3.62,3,0,5.214,15.154,5.214,0.594
233000453,41590-37440,37440,만세길방문자센터.화수2리,126.7997,37.109083,다사3701,우정읍,0.37,0.69,1,0,1.5,5.647,1.5,0.0
233000454,41590-36890,36890,원안3리,126.791033,37.1004,다사3700,우정읍,0.07,0.03,1,0,1.5,5.647,1.5,0.0
233000455,41590-36889,36889,원안2리,126.786183,37.100567,다사3600,우정읍,0.0,0.0,1,0,1.5,5.647,1.5,0.0
233000456,41590-37439,37439,금의2리,126.81645,37.116617,다사3902,우정읍,5.96,12.48,3,0,5.214,15.154,5.214,0.594
233000457,41590-36888,36888,주곡1리,126.824983,37.11765,다사4002,장안면,0.37,3.9,1,0,1.5,5.647,1.5,0.0
233000458,41590-36887,36887,금의3리,126.827767,37.11735,다사4002,장안면,2.25,4.09,1,0,1.5,5.647,1.5,0.0
233000459,41590-36886,36886,석포3리,126.830883,37.120617,다사4002,장안면,0.36,1.29,1,0,1.5,5.647,1.5,0.0
233000460,41590-37438,37438,석포2리,126.837217,37.129267,다사4103,장안면,0.76,2.54,1,0,1.5,5.647,1.5,0.0
233000461,41590-36885,36885,석포4리,126.839583,37.13005,다사4103,장안면,0.45,2.08,1,0,1.5,5.647,1.5,0.0
233000462,41590-36884,36884,화당리,126.864833,37.122017,다사4302,팔탄면,1.62,7.43,2,0,3.5,10.98,3.5,0.333
233000463,41590-37437,37437,월문초등학교,126.871517,37.1179,다사4402,팔탄면,1.82,1.24,2,0,3.5,10.98,3.5,0.333
233000464,41590-36883,36883,월문온천,126.87755,37.114433,다사4401,팔탄면,1.24,1.45,2,0,3.5,10.98,3.5,0.333
233000465,41590-36882,36882,문학2리,126.96855,37.158783,다사5206,정남면,7.54,6.29,3,0,4.667,15.143,4.667,0.0
233000466,41590-36881,36881,노진리종점,126.8193,37.03425,다바3993,장안면,6.97,3.62,1,0,2.0,8.0,2.0,0.0
233000467,41590-37436,37436,노진5리,126.8156,37.041917,다바3993,장안면,0.03,1.71,1,0,2.0,8.0,2.0,0.0
233000468,41590-36880,36880,이화2리앞,126.797683,37.042217,다바3793,우정읍,7.35,0.12,1,0,3.0,12.0,3.0,0.0
233000469,41590-36879,36879,이화3리입구,126.800217,37.040433,다바3793,우정읍,6.62,0.07,1,0,3.0,12.0,3.0,0.0
233000470,41590-36462,36462,애덕가정,126.802367,37.03285,다바3792,우정읍,0.15,9.24,1,0,3.0,12.0,3.0,0.0
233000471,41590-36878,36878,슈마타운,126.803517,37.0361,다바3893,우정읍,0.11,1.47,1,0,3.0,12.0,3.0,0.0
233000473,41590-36906,36906,석천1리포도원,126.793783,37.058033,다바3795,장안면,1.24,4.9,1,0,3.0,12.0,3.0,0.0
233000474,41590-55830,55830,건농골교차로,126.850267,37.256717,다사4217,비봉면,0.24,0.45,0,1,3.733,6.467,3.8,0.214
233000475,41590-36905,36905,매향4리,126.7703,37.03945,다바3593,우정읍,1.7,2.73,1,0,2.0,6.0,2.0,0.0
233000476,41590-37434,37434,사곡1리,126.80925,37.0689,다바3896,장안면,9.92,2.28,5,0,10.4,29.333,10.4,0.306
233000477,41590-36904,36904,기아생활관,126.795883,37.0643,다바3796,우정읍,27.39,3.08,5,0,10.4,29.333,10.4,0.306
233000478,41590-36903,36903,석천2리입구,126.7812,37.056333,다바3695,우정읍,8.65,0.23,4,0,7.4,17.333,7.4,0.306
233000479,41590-36921,36921,매향2리,126.768333,37.050283,다바3494,우정읍,12.62,2.13,4,0,7.4,17.333,7.4,0.306
233000480,41590-37433,37433,양지편,126.765317,37.0484,다바3494,우정읍,5.24,0.09,2,0,4.4,8.667,4.4,0.306
233000481,41590-36920,36920,고온리종점,126.748683,37.037083,다바3393,우정읍,14.88,12.15,3,0,6.4,14.667,6.4,0.306
233000482,41590-36919,36919,매향,126.751517,37.040383,다바3393,우정읍,0.01,4.99,3,0,6.4,14.667,6.4,0.306
233000484,41590-37604,37604,모즐저수지입구,126.705833,37.200983,다사2911,송산면,1.07,0.02,1,0,0.571,2.087,0.571,0.0
233000485,41590-36918,36918,기아생활관,126.795767,37.06445,다바3796,우정읍,5.76,22.17,5,0,10.4,29.333,10.4,0.306
233000486,41590-36917,36917,장안여자중학교,126.815433,37.0786,다바3997,장안면,26.31,29.2,13,0,44.3,136.536,44.3,0.639
233000487,41590-37431,37431,사곡사거리,126.81535,37.074917,다바3997,장안면,182.96,47.11,13,0,44.3,136.536,44.3,0.639
233000488,41590-36916,36916,사곡5리,126.816233,37.068233,다바3996,장안면,0.58,0.05,1,0,2.0,8.0,2.0,0.0
233000489,41590-36915,36915,사곡2리,126.8154,37.064533,다바3996,장안면,0.53,0.03,1,0,2.0,8.0,2.0,0.0
233000490,41590-37430,37430,노진리,126.814533,37.0534,다바3995,장안면,2.45,0.01,1,0,2.0,8.0,2.0,0.0
233000491,41590-36914,36914,노진초등학교,126.809633,37.052467,다바3895,장안면,3.81,0.01,1,0,2.0,8.0,2.0,0.0
233000492,41590-36913,36913,이화4리,126.806,37.0468,다바3894,우정읍,1.29,0.78,0,1,3.714,12.0,3.714,0.0
233000493,41590-36912,36912,노진4리,126.81435,37.053533,다바3995,장안면,0.03,1.76,1,0,2.0,8.0,2.0,0.0
233000494,41590-37429,37429,사곡2리,126.815217,37.064533,다바3996,장안면,0.02,1.03,1,0,2.0,8.0,2.0,0.0
233000495,41590-36911,36911,사곡5리,126.816,37.068117,다바3996,장안면,0.01,0.89,1,0,2.0,8.0,2.0,0.0
233000496,41590-36910,36910,사곡사거리,126.815217,37.074833,다바3997,장안면,10.51,127.78,13,0,44.3,136.536,44.3,0.639
233000497,41590-37125,37125,어은4리,126.828367,37.0818,다바4098,장안면,0.85,2.17,2,0,5.0,16.457,5.0,0.0
233000498,41590-37127,37127,장안면행정복지센터,126.830567,37.078817,다바4098,장안면,3.92,3.58,2,0,5.0,16.457,5.0,0.0
233000499,41590-37130,37130,사랑리,126.83425,37.073417,다바4097,장안면,7.34,1.67,2,0,5.0,16.457,5.0,0.0
233000500,41590-36909,36909,덕다2리앞(구래),126.837717,37.069417,다바4196,장안면,8.71,3.41,2,0,5.0,16.457,5.0,0.0
233000501,41590-37132,37132,덕다리입구,126.839383,37.066833,다바4196,장안면,0.0,0.38,2,0,5.0,16.457,5.0,0.0
233000502,41590-37137,37137,독정1리,126.845967,37.06685,다바4196,장안면,23.64,4.43,2,0,5.0,16.457,5.0,0.0
233000503,41590-37139,37139,독정삼거리,126.849467,37.0703,다바4297,장안면,18.44,9.87,2,0,5.0,16.457,5.0,0.0
233000504,41590-37142,37142,독정2리,126.85365,37.071917,다바4297,장안면,4.45,7.86,1,0,2.0,6.857,2.0,0.0
233000505,41590-37148,37148,감드러지.독정3리,126.856917,37.077483,다바4297,장안면,3.75,4.83,1,0,2.0,6.857,2.0,0.0
233000506,41590-37151,37151,독정3리.거묵골,126.859083,37.07985,다바4398,장안면,3.24,14.97,2,0,8.0,21.626,8.0,0.0
233000507,41590-37155,37155,독정4리,126.860983,37.081967,다바4398,장안면,1.18,9.9,2,0,8.0,21.626,8.0,0.0
233000508,41590-37159,37159,용당골,126.8619,37.088717,다바4399,장안면,1.29,7.87,1,0,2.0,6.857,2.0,0.0
233000509,41590-37158,37158,꽃밭.식염온천,126.861883,37.092967,다바4399,장안면,3.03,16.95,1,0,2.0,6.857,2.0,0.0
233000510,41590-37157,37157,꽃밭.식염온천,126.8619,37.0931,다바4399,장안면,26.09,3.24,1,0,2.0,6.857,2.0,0.0
233000511,41590-37156,37156,독정4리,126.861083,37.081883,다바4398,장안면,11.25,2.44,2,0,8.0,21.626,8.0,0.0
233000512,41590-37152,37152,독정3리,126.859167,37.0798,다바4398,장안면,11.36,1.84,2,0,8.0,21.626,8.0,0.0
233000513,41590-37140,37140,독정삼거리,126.8495,37.07015,다바4297,장안면,10.26,17.39,2,0,5.0,16.457,5.0,0.0
233000514,41590-37129,37129,사랑리,126.834,37.073433,다바4097,장안면,1.24,9.05,2,0,5.0,16.457,5.0,0.0
233000515,41590-37124,37124,어은4리,126.8282,37.081767,다바4098,장안면,0.17,0.97,1,0,3.0,9.6,3.0,0.0
233000516,41590-37254,37254,팔탄면행정복지센터,126.904183,37.162267,다사4707,팔탄면,95.23,62.27,10,0,13.547,26.189,13.614,0.895
233000517,41590-37251,37251,팔탄초등학교,126.903183,37.159633,다사4706,팔탄면,22.83,13.39,9,0,15.547,30.989,15.614,0.895
233000518,41590-55831,55831,건농골교차로,126.85005,37.256867,다사4217,비봉면,0.04,0.35,0,1,3.733,6.467,3.8,0.214
233000519,41590-36061,36061,덕우저수지,126.922783,37.165033,다사4807,봉담읍,1.39,1.94,4,0,2.0,4.8,2.0,0.0
233000520,41590-37257,37257,소동촌,126.90795,37.160717,다사4707,팔탄면,8.08,2.74,5,0,2.0,4.8,2.0,0.0
233000521,41590-37252,37252,팔탄초등학교,126.90325,37.159483,다사4706,팔탄면,9.37,16.98,9,0,15.547,30.989,15.614,0.895
233000522,41590-37428,37428,우림아파트.화성노인회관,126.902117,37.128133,다사4603,향남읍,1.97,6.0,4,0,8.4,20.19,8.4,0.467
233001581,41590-36702,36702,상기리입구,126.940917,37.199883,다사5011,봉담읍,0.01,2.13,3,0,3.333,7.2,3.333,0.0
233001582,41590-36603,36603,유앤아이.화성청소년수련관,127.03295,37.203883,다사5811,병점1동,4.4,5.11,1,0,2.0,6.0,2.0,0.0
233001583,41590-36464,36464,이화1리마을회관,126.789767,37.042767,다바3694,우정읍,1.27,0.97,0,1,3.714,12.0,3.714,0.0
233001584,41590-36444,36444,이화1리,126.7951,37.046983,다바3794,우정읍,0.08,4.68,1,0,3.0,12.0,3.0,0.0
233001586,41590-37631,37631,공단입구,126.8444,37.103867,다사4100,장안면,0.12,0.03,0,1,3.0,9.6,3.0,0.0
233001587,41590-37042,37042,금호어울림2차,127.100633,37.16095,다사6406,동탄8동,40.16,26.29,2,0,7.2,22.857,7.2,1.262
233001588,41590-37633,37633,공단사거리,126.841917,37.106817,다사4101,장안면,0.02,0.03,0,1,3.0,9.6,3.0,0.0
233001589,41590-37634,37634,파카.3M,126.839517,37.110067,다사4101,장안면,0.42,2.19,0,1,3.0,9.6,3.0,0.0
233001590,41590-55728,55728,향남주공1단지,126.9135,37.119583,다사4702,향남읍,11.23,44.25,1,0,1.043,3.0,1.043,0.0
233001591,41590-37636,37636,존슨메티,126.83775,37.1122,다사4101,장안면,1.09,0.45,0,1,3.0,9.6,3.0,0.0
233001592,41590-37637,37637,노루오토코팅,126.839967,37.11395,다사4101,장안면,0.18,0.61,0,1,3.0,9.6,3.0,0.0
233001593,41590-37639,37639,마하리,126.945783,37.1755,다사5008,봉담읍,0.97,3.06,2,0,2.667,8.286,2.667,0.0
233001594,41590-37640,37640,마하리앞,126.94575,37.175583,다사5008,봉담읍,0.86,1.04,2,0,2.667,8.286,2.667,0.0
233001595,41590-37641,37641,정승마을앞,126.951517,37.170567,다사5108,정남면,5.78,6.49,2,0,2.667,8.286,2.667,0.0
233001596,41590-37642,37642,정승마을앞,126.951533,37.1707,다사5108,정남면,10.97,6.13,2,0,2.667,8.286,2.667,0.0
233001597,41590-37643,37643,백2리앞,126.955367,37.167417,다사5107,정남면,0.45,0.8,2,0,2.667,8.286,2.667,0.0
233001598,41590-37644,37644,백2리앞,126.955383,37.167483,다사5107,정남면,1.06,0.87,2,0,2.667,8.286,2.667,0.0
233001599,41590-37645,37645,백1리,126.95805,37.166433,다사5107,정남면,1.04,1.98,2,0,2.667,8.286,2.667,0.0
233001600,41590-37646,37646,오일리,126.968283,37.166517,다사5207,정남면,2.16,0.75,1,0,0.667,2.286,0.667,0.0
233001601,41590-37647,37647,오일리,126.9682,37.166417,다사5207,정남면,1.38,0.22,1,0,0.667,2.286,0.667,0.0
233001602,41590-37047,37047,금호어울림2차,127.1008,37.161133,다사6407,동탄7동,37.78,29.58,2,0,7.2,22.857,7.2,1.262
233001603,41590-36367,36367,정남중학교,126.978,37.166483,다사5307,정남면,0.21,0.08,1,0,0.667,2.286,0.667,0.0
233001604,41590-37650,37650,문학4리,126.9718,37.151483,다사5305,정남면,3.17,3.13,2,0,2.667,8.286,2.667,0.0
233001605,41590-37652,37652,동오첨단산업단지,126.960167,37.1455,다사5205,정남면,1.69,5.33,2,0,2.667,9.143,2.667,0.0
233001606,41590-37653,37653,동오첨단산업단지,126.9608,37.146767,다사5205,정남면,5.0,3.81,2,0,2.667,9.143,2.667,0.0
233001607,41590-37651,37651,동오리종점,126.953517,37.13195,다사5103,향남읍,16.43,9.55,2,0,2.667,9.143,2.667,0.0
233001608,41590-37654,37654,서희스타힐스.단독주택,127.12,37.173483,다사6608,동탄7동,443.65,139.65,11,0,51.012,119.732,50.012,6.392
233001609,41590-37674,37674,한백고등학교,127.114333,37.207783,다사6512,동탄5동,17.19,49.95,2,0,3.257,7.959,3.257,0.0
233001610,41590-37675,37675,상봉초등학교,126.953967,37.218233,다사5113,봉담읍,41.87,54.52,1,0,2.0,6.0,2.0,0.0
233001611,41590-60094,60094,장덕1리입구,126.79855,37.172217,다사3708,남양읍,1.42,0.15,0,1,6.19,14.24,6.4,0.522
233001612,41590-37677,37677,동화휴먼시아6단지,126.959983,37.2151,다사5213,봉담읍,13.98,46.41,3,0,6.0,13.333,6.0,0.0
233001613,41590-37678,37678,동화중학교.동화초등학교,126.96165,37.214383,다사5212,봉담읍,64.54,74.86,8,0,29.409,64.59,29.409,5.775
233001614,41590-55489,55489,한신더휴,127.123783,37.186517,다사6609,동탄9동,578.88,73.47,17,0,110.612,167.857,109.612,11.772
233001615,41590-37679,37679,동화휴먼시아2단지,126.960083,37.217583,다사5213,봉담읍,72.09,147.7,0,1,6.0,12.0,6.0,0.133
233001616,41590-37680,37680,동화마을1단지.화성고용센터,126.958583,37.217733,다사5113,봉담읍,64.13,138.14,0,1,6.0,12.0,6.0,0.133
233001617,41590-37681,37681,동문아파트.협성대학교.봉담중고교,126.952383,37.217383,다사5113,봉담읍,102.66,50.11,2,0,5.4,9.429,5.4,0.214
233001618,41590-37684,37684,동탄이마트.한림대병원,127.077933,37.214033,다사6212,동탄1동,51.27,124.2,5,0,17.657,38.677,17.657,3.458
233001619,41590-37692,37692,동탄이마트.한림대병원,127.077833,37.214483,다사6212,동탄1동,190.58,68.64,5,0,17.657,38.677,17.657,3.458
233001620,41590-55490,55490,힐스테이트.호반5차,127.122967,37.184783,다사6609,동탄9동,67.49,549.22,17,0,109.612,167.857,110.612,11.772
233001621,41590-37683,37683,구봉산근린공원,127.044217,37.203617,다사5911,진안동,38.43,15.84,0,1,6.0,14.667,6.0,0.053
233001622,41590-37739,37739,센트럴허브시티,127.04195,37.203517,다사5911,진안동,217.03,233.94,5,0,18.467,39.869,18.467,1.591
233001623,41590-37682,37682,동원로얄듀크2차.목동초,127.1233,37.18875,다사6610,동탄9동,42.55,225.18,10,0,43.612,100.657,44.612,4.372
233001624,41590-37686,37686,동화초중교,126.96215,37.2147,다사5213,봉담읍,69.21,63.98,8,0,29.409,64.59,29.409,5.775
233001625,41590-37687,37687,반도5차.파라곤,127.093017,37.196417,다사6310,동탄6동,71.74,70.05,1,0,12.0,10.667,12.0,1.111
233001626,41590-37419,37419,석포6리(마파지),126.81655,37.143283,다사3905,장안면,17.64,3.55,2,0,1.714,4.174,1.714,0.261
233001627,41590-37685,37685,구봉산근린공원,127.04445,37.20365,다사5911,진안동,6.76,41.14,0,1,6.0,14.667,6.0,0.053
233001628,41590-55491,55491,반도5차.파라곤,127.092517,37.1964,다사6310,동탄6동,54.83,78.41,1,0,12.0,10.667,12.0,1.111
233001629,41590-55492,55492,반도유보라6차,127.092533,37.203717,다사6311,동탄6동,78.06,108.76,1,0,12.0,10.667,12.0,1.111
233001630,41590-55355,55355,수작이교차로,126.816417,37.213433,다사3912,남양읍,0.02,0.41,0,1,6.19,14.24,6.4,0.522
233001631,41590-55493,55493,반도유보라6차,127.093033,37.203917,다사6311,동탄6동,62.59,52.68,1,0,12.0,10.667,12.0,1.111
233001632,41590-55494,55494,업무복합부지,127.093017,37.199333,다사6311,동탄6동,87.94,163.03,1,0,12.0,10.667,12.0,1.111
233001633,41590-55352,55352,미득골마을,127.0369,37.219783,다사5813,진안동,14.53,7.68,0,1,6.0,14.667,6.0,0.053
233001634,41590-55495,55495,업무복합부지,127.092517,37.199167,다사6311,동탄6동,124.24,108.16,1,0,12.0,10.667,12.0,1.111
233001635,41590-55496,55496,치동초등학교,127.09255,37.208,다사6312,동탄5동,16.66,12.76,1,0,12.0,10.667,12.0,1.111
233001636,41590-37672,37672,치동초등학교,127.093033,37.207933,다사6312,동탄5동,13.83,19.5,1,0,12.0,10.667,12.0,1.111
233001637,41590-37658,37658,린스트라우스.한화,127.098567,37.19625,다사6410,동탄4동,1193.02,780.44,25,0,135.856,229.604,135.856,14.734
233001638,41590-55484,55484,반도5차,127.09145,37.194467,다사6310,동탄6동,86.18,17.0,2,0,4.0,10.667,4.0,0.0
233001639,41590-37671,37671,동탄2동행정복지센터,127.072883,37.196417,다사6210,동탄2동,89.15,401.83,3,0,8.0,17.524,8.0,0.571
233001640,41590-37662,37662,동탄2동행정복지센터,127.0726,37.19715,다사6211,동탄1동,347.35,81.59,3,0,8.0,17.524,8.0,0.571
233001641,41590-55485,55485,반도5차,127.0908,37.194167,다사6310,동탄6동,18.89,91.84,2,0,4.0,10.667,4.0,0.0
233001642,41590-37673,37673,포스코정문앞,127.070067,37.199017,다사6111,동탄1동,20.5,11.35,1,0,4.0,8.0,4.0,0.75
233001643,41590-37757,37757,거문들,126.829883,37.089467,다바4099,장안면,1.46,5.85,1,0,2.0,2.667,2.0,0.306
233001644,41590-37589,37589,센트럴파크뷰아파트(중),127.06335,37.1995,다사6111,동탄1동,144.64,191.79,9,0,31.05,76.0,30.8,6.958
233001645,41590-55497,55497,어은리,126.837383,37.086417,다바4198,장안면,0.04,0.92,1,0,3.0,7.385,3.0,0.0
233001646,41590-55498,55498,어은리,126.837383,37.0865,다바4198,장안면,0.19,0.08,1,0,3.0,7.385,3.0,0.0
233001648,41590-36993,36993,신미주아파트,127.09255,37.192867,다사6310,동탄6동,19.8,63.88,6,0,24.0,35.91,24.0,1.164
233001649,41590-37965,37965,신미주아파트,127.092983,37.192967,다사6310,동탄6동,60.99,20.68,6,0,24.0,35.91,24.0,1.164
233001650,41590-37749,37749,동탄1동행정복지센터.헌혈의집,127.07235,37.20685,다사6212,동탄1동,891.62,1003.87,6,0,22.667,53.818,22.667,3.674
233001651,41590-37747,37747,현대아이파크,127.070617,37.205733,다사6111,동탄1동,303.21,182.94,6,0,21.667,50.871,21.667,2.977
233001652,41590-37758,37758,예당예원초,127.077583,37.2107,다사6212,동탄1동,224.34,140.7,5,0,18.667,45.818,18.667,2.924
233001653,41590-37798,37798,롯데케슬정문,127.074917,37.209267,다사6212,동탄1동,189.02,241.74,5,0,18.667,45.818,18.667,2.924
233001654,41590-37972,37972,분천리,126.95985,37.209183,다사5212,봉담읍,12.9,14.56,0,1,6.0,12.0,6.0,0.133
233001655,41590-37966,37966,분천리,126.959717,37.209383,다사5212,봉담읍,3.71,18.44,1,0,2.0,6.0,2.0,0.0
233001656,41590-37970,37970,동화중학교,126.961267,37.2136,다사5212,봉담읍,5.93,14.38,1,0,2.4,6.0,2.4,0.0
233001657,41590-37882,37882,주공6단지,126.960933,37.21365,다사5212,봉담읍,10.45,15.94,1,0,2.0,6.0,2.0,0.0
233001658,41590-37881,37881,동일하이빌.화성고용센터,126.958317,37.216333,다사5113,봉담읍,249.03,377.39,7,0,27.009,58.59,27.009,5.775
233001659,41590-37765,37765,중심상가.화성고용센터,126.959117,37.2161,다사5213,봉담읍,360.97,265.51,7,0,27.409,58.59,27.409,5.775
233002882,41590-60001,60001,각골입구,126.709683,37.227833,다사2914,송산면,0.03,0.83,0,1,3.571,10.087,3.571,0.0
233002883,41590-60003,60003,천등1리.등굴,126.706917,37.23335,다사2915,송산면,0.04,2.31,0,1,3.571,10.087,3.571,0.0
233002884,41590-60005,60005,천등3리.새말,126.702,37.241517,다사2916,송산면,0.1,2.37,0,1,3.571,10.087,3.571,0.0
233002885,41590-60065,60065,독지1리.돌내입구,126.699167,37.2461,다사2816,송산면,2.73,0.01,0,1,3.571,10.087,3.571,0.0
233002886,41590-60063,60063,독지2리.문지마을,126.693917,37.25195,다사2817,송산면,4.1,0.68,0,1,3.571,10.087,3.571,0.0
233002887,41590-60061,60061,독지2리.문지마을,126.694017,37.252033,다사2817,송산면,0.25,1.74,0,1,3.571,10.087,3.571,0.0
233002888,41590-36638,36638,자안사거리,126.875483,37.19735,다사4411,비봉면,0.33,0.5,1,0,1.333,2.4,1.333,0.0
233002889,41590-36639,36639,남양현대2차,126.823933,37.200967,다사4011,남양읍,7.75,8.18,0,1,6.19,14.24,6.4,0.522
233002890,41590-55942,55942,덕천리삼거리,126.8714,37.1424,다사4405,팔탄면,3.06,0.08,0,1,2.4,3.84,2.4,0.133
233002891,,,(임시)자이라젠느.중흥S센트럴에듀,126.96605,37.221167,다사5213,봉담읍,5.98,0.29,0,1,6.0,12.0,6.0,0.133
233002892,,,(임시)자이라젠느.중흥S센트럴에듀,126.967367,37.221583,다사5213,봉담읍,0.85,5.46,0,1,6.0,12.0,6.0,0.133
233002893,,,(임시)자이라피네.중흥S센트럴에듀,126.969167,37.2212,다사5213,봉담읍,0.0,0.0,0,0,0.0,0.0,0.0,0.0
233002894,,,(임시)자이라피네.중흥S센트럴에듀,126.969,37.22175,다사5213,봉담읍,0.0,0.0,0,0,0.0,0.0,0.0,0.0
233002895,,,삼존3리,126.765567,37.2194,다사3413,송산면,0.0,0.0,0,0,0.0,0.0,0.0,0.0
233002897,41590-36562,36562,송정1리,126.7959,37.2242,다사3714,남양읍,0.66,1.13,0,1,6.19,14.24,6.4,0.522
233002902,,,지화1리마을회관,126.6892,37.21935,다사2813,송산면,0.0,0.0,0,0,0.0,0.0,0.0,0.0
233002903,,,파인웰,126.68055,37.2155,다사2713,송산면,0.0,0.0,0,0,0.0,0.0,0.0,0.0
233002904,,,파인웰,126.680567,37.215367,다사2713,송산면,0.0,0.0,0,0,0.0,0.0,0.0,0.0
233002905,,,화량교회,126.679183,37.213783,다사2713,송산면,0.0,0.0,0,0,0.0,0.0,0.0,0.0
233002906,,,화량교회,126.679117,37.213183,다사2713,송산면,0.0,0.0,0,0,0.0,0.0,0.0,0.0
233002908,41590-36646,36646,보통3리입구,126.977817,37.189467,다사5310,정남면,2.17,4.22,1,0,2.0,6.0,2.0,0.0
233002909,41590-60024,60024,청원3리,126.7613,37.176033,다사3408,마도면,0.3,0.57,0,1,15.0,42.095,15.0,1.5
233002910,,,청원3리입구,126.755933,37.180567,다사3309,마도면,0.0,0.0,0,0,0.0,0.0,0.0,0.0
233002911,,,청원낚시터앞,126.753383,37.1796,다사3309,마도면,0.0,0.0,0,0,0.0,0.0,0.0,0.0
233002912,,,사곳리마을회관,126.724533,37.1562,다사3106,서신면,0.0,0.0,0,0,0.0,0.0,0.0,0.0
233002913,,,용두1리,126.70815,37.1442,다사2905,서신면,0.0,0.0,0,0,0.0,0.0,0.0,0.0
233002914,,,용포2리,126.745867,37.231783,다사3315,송산면,0.0,0.0,0,0,0.0,0.0,0.0,0.0
233002916,,,흥법리모래지,126.74015,37.166583,다사3207,서신면,0.0,0.0,0,0,0.0,0.0,0.0,0.0
233002917,41590-60093,60093,신남3통마을회관,126.801167,37.173017,다사3708,남양읍,1.29,0.05,0,1,6.19,14.24,6.4,0.522
233002918,,,해문1리.질고개,126.740667,37.205183,다사3212,송산면,0.0,0.0,0,0,0.0,0.0,0.0,0.0
233002919,,,쌍송2리마을회관,126.782717,37.186,다사3609,마도면,0.0,0.0,0,0,0.0,0.0,0.0,0.0
233002920,41590-36566,36566,송정리,126.786933,37.219267,다사3613,마도면,2.42,1.56,0,1,15.0,42.095,15.0,1.5
233002921,41590-60037,60037,금강아파트,126.80255,37.210417,다사3812,남양읍,35.73,23.12,0,1,6.19,14.24,6.4,0.522
233002922,41590-55473,55473,장덕2리.현대자동차연구소,126.8118,37.170367,다사3808,남양읍,0.06,0.64,1,0,1.714,4.174,1.714,0.261
233002923,,,정원채고가,126.823583,37.22335,다사3914,남양읍,0.0,0.0,0,0,0.0,0.0,0.0,0.0
233002924,,,송림동,126.822033,37.221567,다사3913,남양읍,0.0,0.0,0,0,0.0,0.0,0.0,0.0
233002925,,,송림동,126.822167,37.2216,다사3913,남양읍,0.0,0.0,0,0,0.0,0.0,0.0,0.0
233002926,41590-36519,36519,당넘어앞,126.81785,37.25055,다사3917,남양읍,0.0,0.0,0,0,0.0,0.0,0.0,0.0
233002927,41590-36526,36526,장전리마을회관,126.822683,37.264767,다사3918,남양읍,0.09,0.11,0,1,6.19,14.24,6.4,0.522
233002928,41590-36524,36524,장전리입구,126.817,37.26355,다사3918,남양읍,0.12,1.07,0,1,6.19,14.24,6.4,0.522
233002929,41590-36523,36523,수화리,126.817583,37.257283,다사3917,남양읍,0.12,0.24,0,1,6.19,14.24,6.4,0.522
233002930,41590-36518,36518,당넘어앞,126.817983,37.250533,다사3917,남양읍,0.03,0.16,0,1,6.19,14.24,6.4,0.522
233002931,41590-36528,36528,신외1리,126.815117,37.27,다사3919,남양읍,0.76,0.02,0,1,6.19,14.24,6.4,0.522
233002932,41590-36527,36527,신외1리,126.8151,37.270133,다사3919,남양읍,0.15,0.5,0,1,6.19,14.24,6.4,0.522
233002933,41590-36529,36529,신외1리마을회관,126.813583,37.271117,다사3919,남양읍,0.01,0.12,0,1,6.19,14.24,6.4,0.522
233002934,41590-36532,36532,신외2리.고잔,126.81035,37.27535,다사3819,송산면,0.05,0.15,0,1,3.571,10.087,3.571,0.0
233002935,41590-36533,36533,신외2리.고잔,126.81025,37.275317,다사3819,송산면,0.0,0.05,0,0,0.0,0.0,0.0,0.0
233002936,41590-36564,36564,송정리.큰말,126.788867,37.2204,다사3613,마도면,0.69,1.34,0,1,15.0,42.095,15.0,1.5
233002937,41590-36565,36565,송정1리마을회관,126.7899,37.220467,다사3713,마도면,4.08,0.85,0,1,15.0,42.095,15.0,1.5
233002938,41590-36647,36647,반정지하차도,127.024183,37.22625,다사5814,진안동,0.13,0.34,0,1,6.0,14.667,6.0,0.053
233002939,41590-60109,60109,마도면행정복지센터,126.770667,37.205033,다사3512,마도면,0.08,0.45,0,1,15.0,42.095,15.0,1.5
233002940,,,사강정형외과,126.73995,37.213533,다사3213,송산면,0.0,0.0,0,0,0.0,0.0,0.0,0.0
233002941,41590-60082,60082,화도중학교입구,126.774483,37.205567,다사3512,마도면,1.05,2.18,0,1,15.0,42.095,15.0,1.5
233002942,41590-36567,36567,송정1리,126.7868,37.219,다사3613,마도면,1.53,0.92,0,1,15.0,42.095,15.0,1.5
233002943,,,마도초등학교,126.773967,37.203883,다사3511,마도면,0.0,0.0,0,0,0.0,0.0,0.0,0.0
233002944,,,마도초등학교,126.774067,37.2039,다사3511,마도면,0.0,0.0,0,0,0.0,0.0,0.0,0.0
233002945,,,역말,126.772983,37.2004,다사3511,마도면,0.0,0.0,0,0,0.0,0.0,0.0,0.0
233002946,,,역말,126.773233,37.200533,다사3511,마도면,0.0,0.0,0,0,0.0,0.0,0.0,0.0
233002947,,,마리실,126.770433,37.198433,다사3511,마도면,0.0,0.0,0,0,0.0,0.0,0.0,0.0
233002948,,,마리실,126.770617,37.198417,다사3511,마도면,0.0,0.0,0,0,0.0,0.0,0.0,0.0
233002949,,,해문2리마을회관,126.746467,37.197817,다사3311,마도면,0.08,0.36,0,1,15.0,42.095,15.0,1.5
233002950,41590-55721,55721,동탄레이크자이더테라스,127.095117,37.1696,다사6407,동탄7동,2.92,0.96,0,1,9.233,21.053,9.233,0.306
233002952,41590-37004,37004,서연중고등학교,127.111717,37.161367,다사6507,동탄8동,63.24,253.92,5,0,24.4,58.752,24.4,1.813
233002953,41590-37005,37005,서연중고등학교,127.111683,37.161533,다사6507,동탄8동,215.55,60.15,5,0,24.4,58.752,24.4,1.813
233002954,,,동탄119안전센터,127.072783,37.205,다사6211,동탄1동,0.0,0.0,1,0,3.0,5.053,3.0,0.053
233002955,41590-37135,37135,호수마을,126.976117,37.1981,다사5311,봉담읍,3.36,1.73,0,1,6.0,12.0,6.0,0.133
233002956,,,와우2리,126.97635,37.215567,다사5313,봉담읍,0.0,0.0,0,0,0.0,0.0,0.0,0.0
233002957,,,와우2리,126.976267,37.215583,다사5313,봉담읍,0.0,0.0,0,0,0.0,0.0,0.0,0.0
233002958,,,동철전자앞,126.985167,37.23,다사5414,기배동,0.0,0.0,0,0,0.0,0.0,0.0,0.0
233002959,41590-37354,37354,기안1통입구,126.985833,37.225583,다사5414,기배동,10.29,8.64,0,1,67.609,59.467,67.609,4.6
233002960,,,나은병원,126.87465,37.114667,다사4401,팔탄면,0.0,0.0,0,0,0.0,0.0,0.0,0.0
233002961,,,구종점,126.9057,37.132967,다사4703,향남읍,0.0,0.0,0,0,0.0,0.0,0.0,0.0
233002962,41590-55765,55765,기천3리.키울,126.90945,37.191533,다사4710,팔탄면,6.34,6.93,1,0,2.4,3.2,2.4,0.133
233002963,41590-60043,60043,하저교회앞,126.86685,37.184967,다사4309,팔탄면,1.02,0.18,1,0,1.333,2.4,1.333,0.0
233002964,41590-55819,55819,비봉면행정복지센터,126.873167,37.235483,다사4415,비봉면,4.72,0.96,3,0,1.947,6.467,2.014,0.0
233002965,41590-55737,55737,봉담초사거리,126.948183,37.224583,다사5114,봉담읍,84.16,60.5,2,0,4.0,12.0,4.0,0.0
233002966,41590-37358,37358,독립운동기념관,126.8914,37.124767,다사4503,팔탄면,2.68,1.45,0,1,2.4,3.84,2.4,0.133
233002967,41590-37361,37361,한국폴리텍대학,126.887783,37.1298,다사4503,팔탄면,3.17,0.02,0,1,2.4,3.84,2.4,0.133
233002968,41590-37184,37184,우림주공아파트,126.901633,37.12985,다사4603,향남읍,5.79,28.66,2,0,3.143,10.697,4.0,0.0
233000523,41590-36908,36908,발안마을주공아파트,126.900683,37.129383,다사4603,향남읍,8.88,76.36,4,0,12.4,29.333,12.4,0.467
233000524,41590-37245,37245,주공아파트,126.899967,37.130483,다사4603,향남읍,103.23,19.73,5,0,13.543,33.173,14.4,0.467
233000525,41590-37250,37250,우림아파트.화성노인회관,126.902817,37.12785,다사4603,향남읍,8.51,24.13,4,0,8.4,20.19,8.4,0.467
233000526,41590-37255,37255,화성중고등학교,126.90545,37.138067,다사4704,향남읍,22.38,45.33,6,0,9.147,17.655,9.214,0.429
233000527,41590-37235,37235,지월리입구,126.897367,37.143817,다사4605,팔탄면,8.34,8.55,9,0,15.547,30.989,15.614,0.895
233000528,41590-37242,37242,수목원,126.899183,37.148467,다사4605,팔탄면,8.3,8.64,9,0,15.547,30.989,15.614,0.895
233000529,41590-37208,37208,금산사입구,126.88315,37.19,다사4510,팔탄면,13.13,8.79,4,0,9.147,17.655,9.214,0.429
233000530,41590-37754,37754,자안리,126.873617,37.2041,다사4411,비봉면,1.36,3.21,3,0,1.947,6.467,2.014,0.0
233000531,41590-37177,37177,과학화예비군훈련장앞,126.8723,37.216267,다사4413,비봉면,1.45,3.61,3,0,1.947,6.467,2.014,0.0
233000532,41590-37194,37194,매송휴먼시아,126.878167,37.26615,다사4418,매송면,11.12,6.35,3,0,9.08,18.569,9.08,0.0
233000533,41590-37214,37214,송라1리,126.88645,37.275433,다사4519,매송면,2.29,23.29,3,0,9.08,18.569,9.08,0.0
233000534,41590-37210,37210,원리,126.88495,37.27765,다사4520,매송면,2.57,8.13,3,0,9.08,18.569,9.08,0.0
233000535,41590-37211,37211,원리,126.885117,37.277567,다사4520,매송면,12.02,5.85,3,0,9.08,18.569,9.08,0.0
233000536,41590-37215,37215,송라리,126.8868,37.2749,다사4519,매송면,7.25,2.13,3,0,9.08,18.569,9.08,0.0
233000537,41590-37193,37193,야목리,126.877767,37.26525,다사4418,매송면,13.24,19.61,5,0,12.814,24.284,12.88,0.214
233000538,41590-37176,37176,비봉성당,126.871333,37.249983,다사4416,비봉면,77.79,34.86,3,0,9.08,18.569,9.08,0.0
233000539,41590-37188,37188,양노리,126.873967,37.23095,다사4414,비봉면,0.95,1.43,3,0,1.947,6.467,2.014,0.0
233000540,41590-37755,37755,과학화예비군훈련장앞,126.8723,37.216533,다사4413,비봉면,3.81,0.42,3,0,1.947,6.467,2.014,0.0
233000541,41590-37185,37185,자안리,126.873767,37.204217,다사4411,비봉면,4.21,0.82,3,0,1.947,6.467,2.014,0.0
233000542,41590-37209,37209,금산사입구,126.88335,37.1899,다사4510,팔탄면,9.82,12.78,4,0,9.147,17.655,9.214,0.429
233000543,41590-55826,55826,불이원.묘희원,126.854583,37.205833,다사4212,남양읍,0.9,0.06,0,1,6.19,14.24,6.4,0.522
233000544,41590-55827,55827,불이원.묘희원,126.85465,37.205683,다사4212,남양읍,0.13,0.08,0,1,6.19,14.24,6.4,0.522
233000545,41590-36907,36907,구장1리,126.899117,37.155567,다사4606,팔탄면,17.38,9.23,9,0,15.547,30.989,15.614,0.895
233000546,41590-37240,37240,수목원,126.8992,37.147983,다사4605,팔탄면,5.74,8.9,9,0,15.547,30.989,15.614,0.895
233000547,41590-37355,37355,노하3리.장나루,126.849567,37.155083,다사4206,팔탄면,0.39,0.87,1,0,0.0,0.0,0.0,0.0
233000548,41590-36072,36072,상기1리세거리,126.930917,37.203033,다사4911,봉담읍,0.87,0.08,2,0,3.733,5.6,3.733,0.133
233000549,41590-36066,36066,상기1리호현리,126.9277,37.202817,다사4911,봉담읍,1.89,0.05,2,0,3.733,5.6,3.733,0.133
233000550,41590-36063,36063,상기1리즘곰마을,126.924417,37.200583,다사4811,봉담읍,5.69,0.31,2,0,3.733,5.6,3.733,0.133
233000551,41590-36059,36059,상기2리입구,126.9191,37.1994,다사4811,봉담읍,4.66,0.34,2,0,3.733,5.6,3.733,0.133
233000552,41590-36057,36057,상기2리,126.916,37.1981,다사4811,봉담읍,4.57,0.35,2,0,3.733,5.6,3.733,0.133
233000553,41590-37247,37247,기천저수지,126.90095,37.193683,다사4610,팔탄면,2.1,0.45,1,0,1.333,2.4,1.333,0.0
233000554,41590-37232,37232,청요리,126.897117,37.1995,다사4611,비봉면,4.43,3.09,2,0,2.133,4.926,2.133,0.0
233000555,41590-37199,37199,청요사거리,126.88055,37.1982,다사4511,비봉면,1.61,3.23,2,0,2.133,4.926,2.133,0.0
233000556,41590-36041,36041,북양2리,126.836117,37.217833,다사4113,남양읍,1.65,5.04,1,0,4.0,5.333,4.0,0.444
233000557,41590-36053,36053,북양교차로,126.855983,37.211183,다사4212,남양읍,19.42,17.52,1,0,4.0,5.333,4.0,0.444
233000558,41590-37192,37192,자안리,126.87625,37.198067,다사4411,비봉면,7.38,3.59,0,1,3.733,6.467,3.8,0.214
233000559,41590-37197,37197,청요사거리,126.8796,37.197883,다사4411,비봉면,1.24,2.98,1,0,1.333,2.4,1.333,0.0
233000560,41590-37212,37212,청요3리,126.886083,37.200783,다사4511,비봉면,0.53,1.19,2,0,2.133,4.926,2.133,0.0
233000561,41590-37233,37233,청요1리,126.897433,37.19955,다사4611,비봉면,3.62,1.99,2,0,2.133,4.926,2.133,0.0
233000562,41590-36055,36055,초당골앞,126.91065,37.198117,다사4711,봉담읍,0.03,0.94,1,0,1.333,2.4,1.333,0.0
233000563,41590-36060,36060,상기2리입구,126.919233,37.199483,다사4811,봉담읍,0.31,4.7,2,0,3.733,5.6,3.733,0.133
233000564,41590-36067,36067,호현리.상기1리,126.9276,37.202867,다사4911,봉담읍,0.05,2.76,2,0,3.733,5.6,3.733,0.133
233000565,41590-36214,36214,수기리,126.97985,37.199833,다사5311,봉담읍,1.55,10.58,0,1,6.0,12.0,6.0,0.133
233000566,41590-36200,36200,아랫말.수기리,126.978083,37.199117,다사5311,봉담읍,1.97,3.19,0,1,6.0,12.0,6.0,0.133
233000567,41590-36752,36752,수원신학교,126.964283,37.203033,다사5211,봉담읍,1.24,6.38,0,1,6.0,12.0,6.0,0.133
233000569,41590-55620,55620,한백고등학교,127.11415,37.20775,다사6512,동탄5동,30.75,34.01,2,0,3.257,7.959,3.257,0.0
233000570,41590-36124,36124,봉담한신아파트,126.950117,37.218067,다사5113,봉담읍,54.39,22.92,1,0,2.0,6.0,2.0,0.0
233000571,41590-55569,55569,정현초.청림중,127.113,37.1726,다사6508,동탄7동,105.34,117.97,3,0,14.0,38.275,14.0,1.591
233000572,41590-36751,36751,수원신학교,126.964417,37.203033,다사5211,봉담읍,4.89,2.08,0,1,6.0,12.0,6.0,0.133
233000573,41590-36197,36197,수기리아랫말,126.9782,37.199367,다사5311,봉담읍,2.89,1.37,0,1,6.0,12.0,6.0,0.133
233000574,41590-36217,36217,흥법사입구,126.98035,37.20005,다사5311,봉담읍,12.22,3.39,0,1,6.0,12.0,6.0,0.133
233000575,41590-36210,36210,수원대학교,126.979767,37.213833,다사5312,봉담읍,439.64,495.29,10,0,29.133,60.857,29.133,0.375
233000576,41590-36204,36204,수원대학교,126.97915,37.214167,다사5312,봉담읍,873.18,551.45,8,0,23.8,44.857,23.8,0.375
233000577,41590-55836,55836,대양3리입구,126.929933,37.08855,다바4999,양감면,1.5,1.05,1,0,1.333,12.0,1.333,0.5
233000578,41590-55837,55837,대양3리입구,126.92995,37.08845,다바4999,양감면,0.66,1.45,1,0,1.333,12.0,1.333,0.5
233000579,41590-55838,55838,동양콘크리트입구,126.932517,37.088817,다바4999,양감면,1.77,2.03,1,0,1.333,12.0,1.333,0.5
233000580,41590-55839,55839,신한바이오캠,126.9379,37.088517,다바5099,양감면,3.18,4.87,1,0,1.333,12.0,1.333,0.5
233000581,41590-36314,36314,안녕농협삼거리,127.014717,37.205183,다사5611,화산동,341.71,139.43,2,0,3.0,4.0,3.0,0.0
233000582,41590-36308,36308,남수원현대아파트,127.0106,37.2071,다사5612,화산동,272.66,88.59,2,0,3.0,4.0,3.0,0.0
233000583,41590-36302,36302,우남블루존.원광병원,127.0092,37.209667,다사5612,화산동,196.12,46.71,2,0,3.0,4.0,3.0,0.0
233000584,41590-36289,36289,용주사,127.0052,37.21055,다사5612,화산동,94.81,53.39,2,0,3.0,4.0,3.0,0.0
233000586,41590-36662,36662,신일해피트리2차아파트,126.97845,37.216633,다사5313,봉담읍,2.97,12.65,2,0,40.0,12.0,40.0,0.0
233000587,41590-36195,36195,북촌말입구,126.9767,37.21955,다사5313,봉담읍,2.85,12.52,2,0,40.0,12.0,40.0,0.0
233000588,41590-36183,36183,봉담이마트,126.9736,37.222533,다사5313,봉담읍,326.33,672.06,7,0,67.609,59.467,67.609,4.6
233000589,41590-36174,36174,SK매직.우림그린빌리지,126.97205,37.224783,다사5314,기배동,67.1,309.37,7,0,67.609,59.467,67.609,4.6
233000590,41590-36169,36169,신일우남아파트,126.971617,37.2266,다사5314,기배동,158.36,381.29,7,0,67.609,59.467,67.609,4.6
233000591,41590-36159,36159,화성시민캠퍼스,126.97035,37.229117,다사5314,기배동,39.01,143.22,7,0,67.609,59.467,67.609,4.6
233000592,41590-36152,36152,국립축산과학원,126.965867,37.236117,다사5214,봉담읍,0.0,0.0,7,0,67.609,59.467,67.609,4.6
233000593,41590-36148,36148,수영오거리.방송통신대입구,126.962517,37.237517,다사5115,봉담읍,0.0,0.0,7,0,67.609,59.467,67.609,4.6
233000594,41590-36172,36172,광도와이드빌,126.971883,37.226583,다사5314,기배동,412.29,118.29,7,0,67.609,59.467,67.609,4.6
233000595,41590-36176,36176,우림그린빌리지,126.972433,37.22455,다사5314,기배동,292.31,81.59,8,0,69.609,59.467,67.609,4.6
233000596,41590-36186,36186,신일해피트리1차,126.973933,37.222467,다사5313,봉담읍,648.31,235.18,7,0,67.609,59.467,67.609,4.6
233000597,41590-55675,55675,화성의과학대학교입구,126.838517,37.2045,다사4111,남양읍,38.15,4.69,5,0,9.19,15.176,10.048,0.475
233000598,41590-37573,37573,북촌말앞,126.976533,37.220067,다사5313,봉담읍,3.26,0.02,2,0,40.0,12.0,40.0,0.0
233000599,41590-36663,36663,홍익대.홍익디자인고,126.978483,37.217067,다사5313,봉담읍,7.34,7.98,4,0,45.333,28.0,45.333,0.0
233000601,41590-36288,36288,용주사,127.004317,37.210533,다사5612,화산동,61.75,95.3,2,0,3.0,4.0,3.0,0.0
233000602,41590-36301,36301,우남블루존.원광병원,127.009233,37.209833,다사5612,화산동,49.0,186.76,2,0,3.0,4.0,3.0,0.0
233000603,41590-36307,36307,남수원현대아파트,127.010517,37.207667,다사5612,화산동,59.55,199.34,2,0,3.0,4.0,3.0,0.0
233001660,41590-37763,37763,상봉초등학교,126.953717,37.21825,다사5113,봉담읍,80.47,57.5,2,0,5.4,9.429,5.4,0.214
233001661,41590-37883,37883,봉담중.고등학교,126.953867,37.219333,다사5113,봉담읍,39.83,39.11,5,0,12.009,27.219,12.009,1.589
233001662,41590-37704,37704,병점고등학교,127.043083,37.205117,다사5911,진안동,13.21,27.31,4,0,13.667,32.485,13.667,1.591
233001663,41590-37728,37728,병점고등학교,127.043367,37.20515,다사5911,진안동,42.82,25.66,4,0,13.667,32.485,13.667,1.591
233001664,41590-37727,37727,리체더포레스트,127.049467,37.208933,다사6012,동탄3동,44.45,46.64,1,0,8.0,21.818,8.0,1.591
233001665,41590-37705,37705,리체더포레스트,127.0501,37.20895,다사6012,동탄3동,39.98,59.18,1,0,8.0,21.818,8.0,1.591
233001666,41590-37726,37726,모아미래도2단지,127.051283,37.208667,다사6012,동탄3동,156.66,129.45,4,0,17.05,41.818,16.8,5.091
233001667,41590-37740,37740,자연앤아너스빌.한마음초교,127.054733,37.20825,다사6012,동탄3동,0.73,57.53,1,0,8.0,21.818,8.0,1.591
233001668,41590-37789,37789,모아미래도1단지,127.058617,37.206917,다사6012,동탄3동,102.85,98.51,1,0,8.0,21.818,8.0,1.591
233001669,41590-37732,37732,모아미래도1단지,127.0587,37.207083,다사6012,동탄3동,97.92,73.71,1,0,8.0,21.818,8.0,1.591
233001670,41590-37731,37731,백리앞,126.96075,37.164783,다사5207,정남면,2.45,2.65,2,0,2.667,8.286,2.667,0.0
233001671,41590-37735,37735,백리앞,126.960783,37.1647,다사5207,정남면,1.99,2.05,2,0,2.667,8.286,2.667,0.0
233001672,41590-37730,37730,미즈파크병원,127.060233,37.20945,다사6012,동탄3동,31.64,39.87,6,0,10.524,27.869,10.524,0.053
233001673,41590-37736,37736,미즈파크병원,127.060467,37.209633,다사6012,동탄3동,42.85,41.4,6,0,10.524,27.869,10.524,0.053
233001674,41590-37742,37742,센트럴파크,127.063817,37.2078,다사6112,동탄1동,242.65,206.45,10,0,31.324,73.072,31.324,2.977
233001675,41590-37703,37703,센트럴파크,127.063933,37.208067,다사6112,동탄1동,361.48,361.56,10,0,31.324,73.072,31.324,2.977
233001676,41590-37741,37741,금호어울림,127.066483,37.20655,다사6112,동탄1동,138.04,291.1,10,0,31.324,73.072,31.324,2.977
233001677,41590-37737,37737,한화꿈에그린아파트,127.06655,37.206817,다사6112,동탄1동,348.5,188.39,10,0,31.324,73.072,31.324,2.977
233001678,41590-37733,37733,메타폴리스,127.070733,37.205367,다사6111,동탄1동,162.45,469.32,6,0,21.667,50.871,21.667,2.977
233001679,41590-37694,37694,동탄1동행정복지센터.헌혈의집,127.072567,37.20665,다사6212,동탄1동,1142.62,996.32,7,0,26.667,60.675,26.667,4.246
233001680,41590-37743,37743,예당마을,127.074617,37.20755,다사6212,동탄1동,26.08,16.15,1,0,3.0,12.0,3.0,0.0
233001681,41590-37695,37695,신일유토빌정문,127.07505,37.20915,다사6212,동탄1동,213.84,145.74,5,0,18.667,45.818,18.667,2.924
233001682,41590-37711,37711,예당예원초,127.077667,37.210567,다사6212,동탄1동,159.74,222.82,5,0,18.667,45.818,18.667,2.924
233001683,41590-37712,37712,전하리교회.우미제일,127.079283,37.21315,다사6212,동탄1동,568.32,509.37,19,0,103.312,191.016,103.312,14.915
233001684,41590-37713,37713,늘푸른식당,126.872167,37.1994,다사4411,비봉면,0.75,0.24,0,1,3.733,6.467,3.8,0.214
233001685,41590-37746,37746,주공5단지,127.04775,37.209983,다사5912,병점2동,224.96,161.41,5,0,16.667,40.485,16.667,1.591
233001686,41590-37710,37710,에듀포레,127.044567,37.208417,다사5912,병점2동,129.51,169.24,5,0,16.667,40.485,16.667,1.591
233001687,41590-37729,37729,구포리입구,126.87155,37.254267,다사4417,비봉면,2.92,6.71,5,0,12.814,24.284,12.88,0.214
233001688,41590-37723,37723,유진레미콘,126.956367,37.139167,다사5104,향남읍,2.19,7.61,2,0,2.667,9.143,2.667,0.0
233001689,41590-37717,37717,신일해피트리아파트,127.053,37.200117,다사6011,동탄3동,20.17,75.13,1,0,4.0,8.0,4.0,0.833
233001690,41590-37718,37718,두산신일아파트,127.054267,37.201567,다사6011,동탄3동,67.17,194.6,2,0,8.8,15.385,8.8,0.833
233001691,41590-37720,37720,두산신일아파트,127.054367,37.201417,다사6011,동탄3동,214.51,75.15,2,0,8.8,15.385,8.8,0.833
233001692,41590-37714,37714,모아포스코아파트,127.05795,37.201633,다사6011,동탄3동,84.93,155.01,2,0,8.8,15.385,8.8,0.833
233001693,41590-37719,37719,모아포스코아파트,127.057733,37.2015,다사6011,동탄3동,187.07,79.26,2,0,8.8,15.385,8.8,0.833
233001694,41590-37716,37716,수리재,126.934833,37.113383,다사4901,향남읍,1.9,2.18,1,0,2.0,6.857,2.0,0.0
233001695,41590-37724,37724,호수부영1차,127.118567,37.170033,다사6607,동탄7동,535.81,928.47,19,0,111.246,172.257,112.246,12.284
233001696,41590-37696,37696,호수부영1차,127.119,37.169917,다사6607,동탄7동,916.86,205.46,19,0,112.246,172.257,111.246,12.284
233001697,41590-37708,37708,센트럴포레스트정문,127.06575,37.197117,다사6111,동탄1동,21.01,113.73,0,1,18.667,45.203,18.667,2.012
233001698,41590-37706,37706,센트럴포레스트정문,127.06605,37.1972,다사6111,동탄1동,54.06,30.61,0,1,18.667,45.203,18.667,2.012
233001699,41590-55500,55500,호수부영6차.호수공원행복주택,127.11705,37.1674,다사6607,동탄7동,122.24,163.89,10,0,42.412,97.057,43.412,4.801
233001700,41590-37699,37699,육탄10용사기념공원,127.067333,37.192683,다사6110,동탄2동,69.39,161.93,0,1,8.0,17.524,8.0,0.053
233001701,41590-37701,37701,육탄10용사기념공원,127.067517,37.193033,다사6110,동탄2동,187.84,62.72,0,1,8.0,17.524,8.0,0.053
233001702,41590-37721,37721,새강주공휴먼시아,127.070517,37.191717,다사6110,동탄2동,124.55,47.77,0,1,8.0,17.524,8.0,0.053
233001703,41590-37707,37707,한화꿈에그린,127.071667,37.191933,다사6110,동탄2동,116.55,149.55,0,1,8.0,17.524,8.0,0.053
233001704,41590-55742,55742,관항2리,126.979533,37.176917,다사5308,정남면,0.87,1.03,1,0,2.0,6.0,2.0,0.0
233001706,41590-37697,37697,월드반도,127.080417,37.1931,다사6210,동탄2동,37.9,22.91,3,0,7.0,13.333,7.0,0.0
233001707,41590-37698,37698,솔빛동탄경남아너스빌,127.074567,37.199233,다사6211,동탄1동,5.46,12.13,2,0,6.0,7.719,6.0,0.053
233001709,41590-55673,55673,봉담초,126.94525,37.223717,다사5014,봉담읍,69.39,97.73,2,0,4.4,12.857,4.4,0.375
233001710,41590-55501,55501,호수공원행복주택.호수부영6차,127.117367,37.167133,다사6607,동탄7동,181.4,50.78,10,0,43.412,97.057,42.412,4.801
233001711,41590-37689,37689,백토리상공회의소,126.9304,37.130533,다사4903,향남읍,5.8,8.56,2,0,2.078,5.841,2.078,0.0
233001712,41590-55759,55759,중흥에듀포레.에듀시티,126.94185,37.231717,다사5014,봉담읍,85.08,172.34,4,0,14.4,23.174,14.4,0.8
233001713,41590-37745,37745,나루마을.한화꿈에그린2차,127.07455,37.191317,다사6210,동탄2동,187.26,840.62,11,0,131.0,139.122,132.0,13.013
233001714,41590-37748,37748,신도브레뉴아파트,127.07385,37.192033,다사6210,동탄2동,150.66,214.54,3,0,11.0,27.91,11.0,0.053
233001715,41590-37744,37744,능동주공단지,127.0625,37.213467,다사6112,동탄1동,206.61,171.12,2,0,6.0,14.667,6.0,0.0
233001716,41590-37691,37691,능동주공단지,127.0624,37.213017,다사6112,동탄1동,148.75,146.31,2,0,6.0,14.667,6.0,0.0
233001717,41590-37787,37787,능동마을입구,127.057933,37.217567,다사6013,진안동,240.24,310.07,2,0,6.0,14.667,6.0,0.0
233001718,41590-37920,37920,능동마을입구,127.058133,37.21685,다사6013,진안동,455.75,338.02,2,0,6.0,14.667,6.0,0.0
233001719,41590-37846,37846,대우푸르지오.예당고등학교,127.0793,37.20895,다사6212,동탄1동,27.29,28.15,2,0,5.0,18.0,5.0,0.0
233001720,41590-37847,37847,동탄보건지소.우체국,127.07605,37.2071,다사6212,동탄1동,34.86,142.87,2,0,5.0,18.0,5.0,0.0
233001721,41590-37848,37848,우림필유,127.059583,37.200833,다사6011,동탄3동,16.08,13.37,1,0,4.0,8.0,4.0,0.5
233001722,41590-37849,37849,동탄고.동탄청소년문화의집,127.059467,37.2038,다사6011,동탄3동,95.48,106.88,6,0,21.85,43.385,21.6,4.833
233001723,41590-37850,37850,동탄고등학교,127.059167,37.203933,다사6011,동탄3동,106.87,106.1,6,0,21.85,43.385,21.6,4.833
233001724,41590-37801,37801,능동중학교,127.06,37.211267,다사6012,동탄3동,6.45,4.64,0,1,8.8,21.869,8.8,0.833
233001725,41590-37802,37802,능동중학교,127.059717,37.211183,다사6012,동탄3동,9.23,5.39,0,1,8.8,21.869,8.8,0.833
233001726,41590-37803,37803,능동초등학교,127.058033,37.212833,다사6012,동탄3동,12.92,9.71,0,1,8.8,21.869,8.8,0.833
233001727,41590-37804,37804,능동초등학교,127.0574,37.21295,다사6012,동탄3동,23.22,19.06,0,1,8.8,21.869,8.8,0.833
233001728,41590-37805,37805,이지더원.밀알교회,127.05595,37.21425,다사6012,동탄3동,0.02,0.0,0,1,8.8,21.869,8.8,0.833
233001729,41590-37806,37806,이지더원.밀알교회,127.05565,37.21425,다사6012,동탄3동,0.01,0.35,0,1,8.8,21.869,8.8,0.833
233001730,41590-37807,37807,상록예가,127.057067,37.21545,다사6013,진안동,0.81,0.06,0,1,6.0,14.667,6.0,0.053
233001731,41590-37808,37808,상록예가.동탄1호어린이공원,127.057217,37.215867,다사6013,진안동,0.08,0.59,0,1,6.0,14.667,6.0,0.053
233001732,41590-37709,37709,쌍용상록아파트,127.055483,37.2167,다사6013,진안동,53.92,96.76,1,0,3.0,2.667,3.0,0.0
233001733,41590-37851,37851,서해그랑블아파트,127.070267,37.1988,다사6111,동탄1동,4.41,16.77,1,0,4.0,8.0,4.0,0.75
233001734,41590-37852,37852,복합문화센터,127.0711,37.201117,다사6111,동탄1동,945.19,344.82,4,0,12.0,25.524,12.0,1.321
233001735,41590-37853,37853,동탄보건지소.우체국,127.076567,37.2071,다사6212,동탄1동,48.19,30.8,2,0,5.0,18.0,5.0,0.0
233001736,41590-37854,37854,대우푸르지오.예당고등학교,127.07895,37.2085,다사6212,동탄1동,14.66,21.81,2,0,5.0,18.0,5.0,0.0
233001737,41590-37258,37258,전곡산업단지,126.672083,37.185467,다사2609,서신면,8.15,0.03,1,0,0.571,2.087,0.571,0.0
233002969,41590-37138,37138,우림주공아파트,126.901817,37.12975,다사4603,향남읍,217.56,132.43,2,0,3.143,10.697,4.0,0.0
233002970,41590-55716,55716,화성시보건소앞,126.9048,37.1296,다사4703,향남읍,44.45,1.56,0,1,4.0,10.599,4.0,0.0
233002971,41590-55735,55735,화성시보건소앞,126.904883,37.129783,다사4703,향남읍,0.55,12.07,0,1,4.0,10.599,4.0,0.0
233002972,41590-37360,37360,한국폴리텍대학,126.887683,37.129767,다사4503,팔탄면,0.03,3.43,0,1,2.4,3.84,2.4,0.133
233002973,41590-55671,55671,봉담2.LH2단지,126.944717,37.221833,다사5013,봉담읍,51.94,17.29,6,0,18.8,31.364,18.8,1.175
233002974,41590-55924,55924,주공7단지,126.924367,37.133167,다사4803,향남읍,6.1,14.48,1,0,2.0,4.8,2.0,0.0
233002980,,,(임시)동탄파크릭스,127.141683,37.1912,다사6810,동탄9동,19.65,16.56,1,0,1.333,4.0,1.333,0.0
233002981,,,(임시)행복주택,127.141517,37.188183,다사6809,동탄9동,31.71,0.79,1,0,1.333,4.0,1.333,0.0
233002984,41590-55025,55025,화성그린환경센터,126.9362,37.150767,다사4905,봉담읍,2.95,1.55,1,0,1.043,3.0,1.043,0.0
233002986,41590-55451,55451,괘랑리,126.98075,37.171383,다사5308,정남면,0.11,0.76,1,0,2.0,6.0,2.0,0.0
233002987,41590-55452,55452,괘랑리,126.9807,37.1721,다사5308,정남면,0.54,1.23,1,0,2.0,6.0,2.0,0.0
233002988,,,마하리입구,126.942967,37.17665,다사5008,봉담읍,0.0,0.0,2,0,2.667,8.286,2.667,0.0
233002989,,,마하리입구,126.942933,37.176733,다사5008,봉담읍,0.0,0.0,2,0,2.667,8.286,2.667,0.0
233002991,,,상신5리.문화마을,126.88555,37.095583,다바4599,향남읍,0.0,0.0,0,0,0.0,0.0,0.0,0.0
233002992,,,소망슈퍼,126.886967,37.0947,다바4599,향남읍,0.0,0.0,0,0,0.0,0.0,0.0,0.0
233002993,,,구문천4리입구,126.891233,37.08995,다바4599,향남읍,0.33,1.21,1,0,3.0,7.385,3.0,0.0
233002994,,,구문천4리입구,126.891267,37.09005,다바4599,향남읍,0.35,0.27,0,1,4.0,10.599,4.0,0.0
233002995,,,구문천4리종점,126.896233,37.088317,다바4699,향남읍,0.0,0.0,0,0,0.0,0.0,0.0,0.0
233002996,41590-60130,60130,어도종점,126.6547,37.246733,다사2516,송산면,1.18,1.14,0,1,3.571,10.087,3.571,0.0
233002997,41590-55367,55367,하길4리종점,126.920233,37.085033,다바4898,향남읍,1.24,0.98,0,1,4.0,10.599,4.0,0.0
233002998,,,정미소앞,126.894033,37.10535,다사4600,향남읍,0.0,0.0,0,0,0.0,0.0,0.0,0.0
233002999,41590-37198,37198,신리주유소앞,126.976317,37.162817,다사5307,정남면,6.65,7.34,1,0,2.0,6.857,2.0,0.0
233003000,41590-37172,37172,상신3리.검정골,126.90275,37.098917,다사4600,향남읍,9.31,2.72,1,0,3.0,7.385,3.0,0.0
233003002,41590-36346,36346,지화2리,126.67665,37.21165,다사2612,송산면,2.26,1.64,0,1,3.571,10.087,3.571,0.0
233003004,,,신남3통.은강교,126.8089,37.175267,다사3808,남양읍,0.0,0.0,0,0,0.0,0.0,0.0,0.0
233003005,,,신남3통.은강교,126.8089,37.17535,다사3808,남양읍,0.0,0.0,0,0,0.0,0.0,0.0,0.0
233003006,41590-60041,60041,마도파출소,126.774367,37.205667,다사3512,마도면,11.98,0.67,0,1,15.0,42.095,15.0,1.5
233003007,,,매송면복지센터후문,126.909183,37.251467,다사4717,매송면,0.0,0.0,0,0,0.0,0.0,0.0,0.0
233003008,,,매송면복지센터후문,126.909117,37.2514,다사4717,매송면,0.0,0.0,0,0,0.0,0.0,0.0,0.0
233003009,,,매송농협창고,126.907383,37.252117,다사4717,매송면,0.0,0.0,0,0,0.0,0.0,0.0,0.0
233003010,41590-60110,60110,숙곡리삼거리,126.904567,37.253267,다사4717,매송면,0.13,0.36,1,0,3.0,3.429,3.0,0.214
233003011,41590-60111,60111,숙곡리삼거리,126.904017,37.25305,다사4717,매송면,0.24,0.29,1,0,3.0,3.429,3.0,0.214
233003012,41590-55453,55453,송라리,126.908883,37.281917,다사4720,매송면,2.18,1.37,2,0,8.0,13.714,8.0,0.429
233003013,,,송라2리낚시터,126.904733,37.284317,다사4720,매송면,0.0,0.0,0,0,0.0,0.0,0.0,0.0
233003014,,,송라리,126.8943,37.280933,다사4620,매송면,0.0,0.0,0,0,0.0,0.0,0.0,0.0
233003015,,,원리다세대주택,126.890467,37.279533,다사4520,매송면,0.0,0.0,0,0,0.0,0.0,0.0,0.0
233003016,,,원리마을회관,126.887467,37.278733,다사4520,매송면,0.0,0.0,0,0,0.0,0.0,0.0,0.0
233003017,,,야목3리.당골마을,126.87775,37.266683,다사4418,매송면,0.0,0.0,0,0,0.0,0.0,0.0,0.0
233003018,,,야목3리.당골마을,126.87765,37.266667,다사4418,매송면,0.0,0.0,0,0,0.0,0.0,0.0,0.0
233003019,41590-37178,37178,야목1리,126.892583,37.257233,다사4617,매송면,0.3,0.63,1,0,3.0,3.429,3.0,0.214
233003020,41590-55743,55743,수원대입구,126.977883,37.214383,다사5312,봉담읍,154.35,327.81,3,0,17.009,35.657,17.009,4.975
233003021,41590-55744,55744,수원대입구,126.977983,37.214283,다사5312,봉담읍,335.41,210.22,4,0,19.009,35.657,17.009,4.975
233003022,41590-37113,37113,쌍용아파트,126.951767,37.242117,다사5116,매송면,59.54,14.09,0,1,13.0,32.0,13.0,0.75
233003023,41590-55682,55682,남양뉴타운9단지,126.83505,37.209383,다사4012,남양읍,15.89,40.61,1,0,3.0,3.429,3.0,0.214
233003024,41590-55683,55683,남양뉴타운9단지,126.834417,37.20955,다사4012,남양읍,37.4,24.54,1,0,3.0,3.429,3.0,0.214
233003025,,,상안리,126.700283,37.171817,다사2908,서신면,0.0,0.0,2,0,7.0,16.381,7.0,0.0
233003026,,,서해랑케이블카.제부초소,126.631,37.174717,다사2208,서신면,0.0,0.0,0,0,0.0,0.0,0.0,0.0
233003027,,,통나무횟집,126.62575,37.1754,다사2208,서신면,0.0,0.0,0,0,0.0,0.0,0.0,0.0
233003028,,,선착장,126.622017,37.176883,다사2208,서신면,0.0,0.0,0,0,0.0,0.0,0.0,0.0
233003029,,,해안산책로,126.618017,37.172617,다사2208,서신면,0.0,0.0,0,0,0.0,0.0,0.0,0.0
233003030,,,그린팬션,126.618767,37.166967,다사2208,서신면,0.0,0.0,0,0,0.0,0.0,0.0,0.0
233003031,,,제부랜드놀이동산,126.619117,37.164683,다사2208,서신면,0.0,0.0,0,0,0.0,0.0,0.0,0.0
233003032,41590-60007,60007,동미산입구,126.619283,37.163567,다사2208,서신면,2.26,2.39,0,1,4.0,12.0,4.0,0.0
233003033,,,갯벌민박앞,126.625233,37.165783,다사2208,서신면,0.0,0.0,0,0,0.0,0.0,0.0,0.0
233003034,,,캠핑장입구,126.6283,37.169283,다사2208,서신면,0.0,0.0,0,0,0.0,0.0,0.0,0.0
233003035,,,하와이앞,126.629433,37.1723,다사2208,서신면,0.0,0.0,0,0,0.0,0.0,0.0,0.0
233003036,,,제부마을입구,126.626783,37.167233,다사2208,서신면,0.0,0.0,0,0,0.0,0.0,0.0,0.0
233003037,,,서해랑케이블카.제부초소,126.631367,37.174433,다사2208,서신면,0.0,0.0,0,0,0.0,0.0,0.0,0.0
233003038,,,쟁이골,126.68965,37.181533,다사2809,서신면,0.0,0.0,0,0,0.0,0.0,0.0,0.0
233003039,,,한맥중공업,126.69665,37.15035,다사2806,서신면,0.0,0.0,0,0,0.0,0.0,0.0,0.0
233003042,,,백미리사랑방,126.683017,37.143267,다사2705,서신면,0.0,0.0,0,0,0.0,0.0,0.0,0.0
233003043,,,한맥중공업,126.696783,37.150283,다사2806,서신면,0.0,0.0,0,0,0.0,0.0,0.0,0.0
233003044,41590-55550,55550,베라체.목동초,127.124517,37.190217,다사6610,동탄9동,77.07,63.16,4,0,14.3,38.675,14.3,2.103
233003045,41590-55576,55576,신리입구,127.124317,37.18075,다사6609,동탄9동,36.85,83.6,4,0,9.233,23.6,9.233,0.083
233003046,41590-55577,55577,금강펜테리움2차,127.114883,37.17685,다사6508,동탄7동,99.82,50.13,4,0,9.233,23.6,9.233,0.083
233003047,41590-55578,55578,금강펜테리움2차,127.11475,37.1767,다사6508,동탄7동,35.95,80.42,4,0,9.233,23.6,9.233,0.083
233003048,41590-55411,55411,반도유보라,127.104967,37.181233,다사6409,동탄6동,32.69,63.67,2,0,2.667,8.0,2.667,0.0
233003049,41590-55412,55412,반도유보라,127.105217,37.1813,다사6409,동탄6동,0.35,12.82,2,0,2.667,8.0,2.667,0.0
233003050,41590-55579,55579,신리입구,127.124533,37.180733,다사6609,동탄9동,51.8,43.83,4,0,9.233,23.6,9.233,0.083
233003051,41590-55328,55328,향남시외터미널,126.922067,37.133017,다사4803,향남읍,0.34,7.43,14,0,17.169,46.433,17.236,0.939
233003052,41590-55329,55329,향남시외터미널,126.922067,37.13295,다사4803,향남읍,16.15,1.97,15,0,17.169,46.433,17.236,0.939
233003053,41590-37219,37219,능동지성로사거리,127.0548,37.212533,다사6012,동탄3동,4.36,5.32,0,1,8.8,21.869,8.8,0.833
233003054,41590-60067,60067,제부도교차로,126.658017,37.172917,다사2508,서신면,17.81,0.42,0,1,4.0,12.0,4.0,0.0
233003055,,,제부소방서.보건소,126.62225,37.16335,다사2208,서신면,0.0,0.0,0,0,0.0,0.0,0.0,0.0
233003056,41590-60068,60068,제부도교차로,126.657883,37.1728,다사2508,서신면,0.41,22.24,0,1,4.0,12.0,4.0,0.0
233003057,41590-55943,55943,능동양우내안에아파트,127.051867,37.20155,다사6011,동탄3동,3.17,9.93,1,0,4.8,7.385,4.8,0.0
233003058,41590-55944,55944,능동양우내안에아파트,127.051917,37.20135,다사6011,동탄3동,7.38,2.65,1,0,4.8,7.385,4.8,0.0
233003069,41590-36547,36547,시2리,126.802367,37.242333,다사3816,남양읍,0.04,0.06,0,1,6.19,14.24,6.4,0.522
233003070,41590-36546,36546,시2리,126.8022,37.242233,다사3816,남양읍,0.4,0.13,0,1,6.19,14.24,6.4,0.522
233000604,41590-36312,36312,안녕농협삼거리,127.01425,37.205283,다사5611,화산동,187.12,300.41,2,0,3.0,4.0,3.0,0.0
233000605,41590-36203,36203,관항2리,126.9792,37.177017,다사5308,정남면,0.34,1.53,1,0,2.0,6.0,2.0,0.0
233000606,41590-36196,36196,보통2리,126.979933,37.190983,다사5310,정남면,7.49,9.75,1,0,2.0,6.0,2.0,0.0
233000607,41590-36246,36246,남산공단입구,126.984033,37.19885,다사5411,화산동,15.79,66.57,1,0,2.0,6.0,2.0,0.0
233000608,41590-36228,36228,그린피아호텔,126.9827,37.203517,다사5411,화산동,48.97,226.93,3,0,6.4,18.0,6.4,0.0
233000609,41590-36229,36229,그린피아호텔,126.982867,37.203517,다사5411,화산동,194.01,36.09,3,0,6.4,18.0,6.4,0.0
233000610,41590-36249,36249,남산공단입구,126.98435,37.198833,다사5411,화산동,130.83,28.72,3,0,6.4,18.0,6.4,0.0
233000611,41590-36206,36206,보통2리,126.979383,37.190367,다사5310,정남면,17.15,11.89,1,0,2.0,6.0,2.0,0.0
233000612,41590-36739,36739,문학1리,126.963217,37.152567,다사5206,정남면,10.08,10.89,2,0,2.667,9.143,2.667,0.0
233000613,41590-37606,37606,외골,126.96865,37.153833,다사5206,정남면,0.42,0.63,2,0,2.667,8.286,2.667,0.0
233000614,41590-55840,55840,양노리입구,126.8579,37.215767,다사4313,비봉면,3.0,4.91,1,0,4.0,5.333,4.0,0.444
233000615,41590-55841,55841,양노리입구,126.8577,37.215617,다사4313,비봉면,2.76,6.06,1,0,4.0,5.333,4.0,0.444
233000616,41590-36087,36087,대양1리.포도원,126.937367,37.100717,다사5000,양감면,0.37,3.19,1,0,0.75,2.0,0.75,0.0
233000617,41590-37283,37283,향남주공2단지,126.917267,37.116983,다사4802,향남읍,10.68,110.82,8,0,25.47,42.788,26.328,1.54
233000618,41590-37281,37281,방축리,126.918667,37.120033,다사4802,향남읍,64.19,14.55,9,0,26.514,45.788,27.371,1.54
233000620,41590-36088,36088,대양1리.포도원,126.937467,37.100883,다사5000,양감면,4.8,0.31,1,0,0.75,2.0,0.75,0.0
233000621,41590-36749,36749,한미공조앞,126.956017,37.1177,다사5102,향남읍,0.11,5.97,1,0,1.412,3.556,1.412,0.0
233000622,41590-37383,37383,백토1리,126.950267,37.116567,다사5102,향남읍,0.08,5.56,1,0,1.412,3.556,1.412,0.0
233000623,41590-36748,36748,백토리사거리,126.943817,37.1176,다사5002,향남읍,0.63,5.76,1,0,1.412,3.556,1.412,0.0
233000624,41590-36747,36747,향남초등학교,126.942483,37.118683,다사5002,향남읍,2.47,0.34,1,0,1.412,3.556,1.412,0.0
233000625,41590-37465,37465,백토1리,126.943867,37.1177,다사5002,향남읍,6.18,0.72,1,0,1.412,3.556,1.412,0.0
233000626,41590-37382,37382,백토1리,126.95015,37.116683,다사5102,향남읍,8.17,0.18,1,0,1.412,3.556,1.412,0.0
233000627,41590-37330,37330,송곡리,126.967117,37.128667,다사5203,향남읍,5.61,18.26,0,1,4.0,10.599,4.0,0.0
233000628,41590-37327,37327,동오리,126.959383,37.130817,다사5103,향남읍,5.34,12.27,0,1,4.0,10.599,4.0,0.0
233000629,41590-37322,37322,동오사거리,126.950933,37.1308,다사5103,향남읍,21.2,43.8,1,0,0.667,2.286,0.667,0.0
233000630,41590-37317,37317,관리입구,126.94755,37.1316,다사5003,향남읍,5.49,13.05,1,0,0.667,2.286,0.667,0.0
233000631,41590-55672,55672,봉담초,126.945317,37.22395,다사5014,봉담읍,96.23,37.62,2,0,4.4,12.857,4.4,0.375
233000632,41590-37464,37464,발안초등학교,126.912167,37.131033,다사4703,향남읍,490.13,417.82,18,0,31.836,80.662,31.902,1.367
233000633,41590-37288,37288,향남읍행정복지센터,126.919117,37.13175,다사4803,향남읍,254.29,238.05,16,0,25.836,64.662,25.902,1.367
233000634,41590-37318,37318,관리입구,126.947683,37.1318,다사5003,향남읍,11.06,6.44,1,0,0.667,2.286,0.667,0.0
233000635,41590-37323,37323,동오사거리,126.95155,37.131133,다사5103,향남읍,53.08,18.29,1,0,0.667,2.286,0.667,0.0
233000636,41590-36280,36280,용수리,126.999967,37.168733,다사5507,정남면,5.76,5.29,0,1,2.0,6.857,2.0,0.0
233000637,41590-36279,36279,용수리,126.999933,37.168883,다사5507,정남면,5.12,4.92,0,1,2.0,6.857,2.0,0.0
233000638,41590-55842,55842,양노공단,126.858733,37.22095,다사4313,비봉면,3.75,6.42,1,0,4.0,5.333,4.0,0.444
233000639,41590-55843,55843,양노공단,126.858533,37.2208,다사4313,비봉면,5.09,5.97,1,0,4.0,5.333,4.0,0.444
233000640,41590-36355,36355,진안동,127.040533,37.2133,다사5912,병점2동,480.82,668.52,6,0,13.907,34.816,13.657,3.5
233000641,41590-36347,36347,병점화남아파트,127.03755,37.211967,다사5812,진안동,318.22,443.3,6,0,13.907,34.816,13.657,3.5
233000642,41590-36327,36327,동문아파트,127.022233,37.205367,다사5711,화산동,311.24,114.35,9,0,19.667,46.857,19.667,1.333
233000643,41590-36315,36315,송산동입구,127.0172,37.205567,다사5711,화산동,399.81,175.45,12,0,28.717,66.857,28.467,4.833
233000644,41590-36311,36311,북촌말입구,127.0136,37.202683,다사5611,화산동,35.97,64.31,7,0,16.667,42.857,16.667,1.333
233000645,41590-36304,36304,신한미지엔아파트앞,127.0086,37.199917,다사5611,화산동,243.5,49.76,10,0,25.717,62.857,25.467,4.833
233000646,41590-36293,36293,돌고지,127.005717,37.19415,다사5510,화산동,31.2,3.92,1,0,2.0,6.857,2.0,0.0
233000647,41590-36292,36292,뱅뱅이,127.006,37.188067,다사5510,화산동,11.05,1.9,1,0,2.0,6.857,2.0,0.0
233000648,41590-36283,36283,앞말,127.002033,37.18375,다사5509,정남면,3.26,1.7,1,0,2.0,6.857,2.0,0.0
233000649,41590-36277,36277,새터말,126.997183,37.183167,다사5509,정남면,24.29,5.18,1,0,2.0,6.857,2.0,0.0
233000650,41590-36275,36275,괘랑2리.차운혁충신정려문,126.9933,37.18275,다사5509,정남면,36.61,6.76,1,0,2.0,6.857,2.0,0.0
233000651,41590-36261,36261,빼골,126.98835,37.179983,다사5409,정남면,41.26,11.5,1,0,2.0,6.857,2.0,0.0
233000652,41590-36259,36259,왕재고개,126.986383,37.176217,다사5408,정남면,7.89,3.93,1,0,2.0,6.857,2.0,0.0
233000653,41590-36240,36240,정남파출소,126.984033,37.173267,다사5408,정남면,23.28,4.99,1,0,2.0,6.857,2.0,0.0
233000654,41590-36231,36231,정남도서관,126.98335,37.1688,다사5407,정남면,57.6,27.05,2,0,4.0,12.857,4.0,0.0
233000655,41590-36238,36238,정남초등학교,126.9839,37.167617,다사5407,정남면,52.82,37.66,3,0,4.667,15.143,4.667,0.0
233000656,41590-36236,36236,동남아파트,126.983567,37.163583,다사5407,정남면,104.7,11.84,1,0,2.0,6.0,2.0,0.0
233000657,41590-36394,36394,샘터교차로,126.804717,37.206367,다사3812,남양읍,1.69,0.09,0,1,6.19,14.24,6.4,0.522
233000658,41590-36225,36225,발산리,126.981917,37.155533,다사5306,정남면,63.97,3.08,1,0,2.0,6.0,2.0,0.0
233000659,41590-37571,37571,계향2리,126.981333,37.152383,다사5306,정남면,34.48,22.26,3,0,3.5,10.4,3.5,0.0
233000660,41590-36235,36235,동남아파트,126.983333,37.163233,다사5407,정남면,17.99,102.3,2,0,2.667,8.286,2.667,0.0
233000661,41590-36237,36237,정남초등학교,126.9835,37.1679,다사5407,정남면,43.36,73.99,3,0,4.667,15.143,4.667,0.0
233000662,41590-55844,55844,양노공단입구,126.859067,37.224217,다사4314,비봉면,4.24,3.64,1,0,4.0,5.333,4.0,0.444
233000663,41590-36234,36234,정남농협,126.983283,37.169817,다사5408,정남면,45.78,85.19,2,0,4.0,12.857,4.0,0.0
233000664,41590-36254,36254,왕재고개,126.986233,37.176183,다사5408,정남면,4.41,11.58,1,0,2.0,6.857,2.0,0.0
233000665,41590-36276,36276,새터말,126.9962,37.183533,다사5509,정남면,0.08,17.14,1,0,2.0,6.857,2.0,0.0
233000666,41590-36290,36290,돌고지,127.0054,37.193933,다사5510,화산동,6.35,35.12,1,0,2.0,6.857,2.0,0.0
233000667,41590-36305,36305,신한미지엔아파트앞,127.00915,37.20035,다사5611,화산동,54.76,187.42,10,0,25.717,62.857,25.467,4.833
233000668,41590-36313,36313,안녕동,127.01425,37.2037,다사5611,화산동,103.26,149.18,7,0,16.667,42.857,16.667,1.333
233000669,41590-36318,36318,송산동입구,127.017783,37.20585,다사5712,화산동,172.66,401.31,12,0,28.717,66.857,28.467,4.833
233000670,41590-36328,36328,안용중학교.현충공원,127.02205,37.2056,다사5711,화산동,123.05,302.85,9,0,19.667,46.857,19.667,1.333
233000671,41590-36354,36354,진안동,127.0393,37.213017,다사5912,병점2동,738.29,726.34,6,0,13.907,34.816,13.657,3.5
233000672,41590-55845,55845,양노공단입구,126.8588,37.22405,다사4314,비봉면,3.21,4.03,1,0,4.0,5.333,4.0,0.444
233000673,41590-55847,55847,덕우리마을입구,126.863683,37.135033,다사4304,팔탄면,0.45,1.48,1,0,1.143,3.84,2.0,0.0
233000674,41590-55848,55848,누락골,126.86285,37.131317,다사4303,팔탄면,0.28,3.83,1,0,1.143,3.84,2.0,0.0
233000675,41590-55849,55849,누락골,126.863317,37.13135,다사4303,팔탄면,5.48,0.13,1,0,1.143,3.84,2.0,0.0
233000676,41590-36756,36756,동부출장소앞,127.036133,37.208083,다사5812,진안동,63.46,115.16,1,0,3.0,8.0,3.0,0.0
233000677,41590-55850,55850,덕우리마을입구,126.863833,37.135217,다사4304,팔탄면,2.97,0.29,1,0,1.143,3.84,2.0,0.0
233000678,41590-55851,55851,상기2리,126.9152,37.197583,다사4811,봉담읍,0.38,1.93,1,0,2.4,3.2,2.4,0.133
233000679,41590-60059,60059,활초리삼구정,126.83485,37.173233,다사4008,남양읍,0.15,0.01,0,1,6.19,14.24,6.4,0.522
233000680,41590-36467,36467,요리중말,126.965667,37.11045,다사5201,향남읍,0.08,1.58,1,0,1.412,3.556,1.412,0.0
233000683,41590-36471,36471,요리중말,126.965933,37.11045,다사5201,향남읍,0.68,0.01,1,0,1.412,3.556,1.412,0.0
233000684,41590-37195,37195,육일1리입구,126.724667,37.208583,다사3112,송산면,0.09,0.82,1,0,0.571,2.087,0.571,0.0
233000685,41590-36755,36755,신동탄푸르지오,127.0461,37.228133,다사5914,진안동,283.25,181.43,2,0,6.0,13.053,6.0,0.053
233000686,41590-36754,36754,신동탄푸르지오,127.04605,37.228917,다사5914,진안동,98.76,33.95,2,0,6.0,13.053,6.0,0.053
233001738,41590-37799,37799,주공6단지,127.050967,37.21285,다사6012,동탄3동,2.92,15.66,3,0,5.667,10.667,5.667,0.0
233001739,41590-37795,37795,주공6단지입구,127.05025,37.2117,다사6012,동탄3동,9.71,11.79,3,0,5.667,10.667,5.667,0.0
233001740,41590-55356,55356,코스코밸리아파트,126.722067,37.1987,다사3011,송산면,0.18,6.0,1,0,3.0,8.0,3.0,0.0
233001741,41590-55502,55502,호수부영5차.아이파크,127.113933,37.166017,다사6507,동탄8동,38.49,129.47,10,0,42.412,97.057,43.412,4.801
233001742,41590-37768,37768,마도산업단지,126.7862,37.181317,다사3609,마도면,39.33,1.62,1,0,4.0,5.333,4.0,0.444
233001743,41590-37752,37752,마도산업단지,126.785733,37.181167,다사3609,마도면,1.38,25.66,1,0,4.0,5.333,4.0,0.444
233001744,41590-37769,37769,화남산단삼거리,126.6721,37.164267,다사2607,서신면,0.24,10.14,3,0,11.0,30.095,11.0,0.0
233001745,41590-37753,37753,마도교차로,126.79315,37.190983,다사3710,마도면,0.32,7.35,1,0,4.0,5.333,4.0,0.444
233001746,41590-37771,37771,현대아파트,126.824517,37.197067,다사4011,남양읍,39.24,43.56,3,0,7.114,17.774,7.114,0.261
233001747,41590-37767,37767,현대아파트,126.824233,37.19725,다사4011,남양읍,26.52,61.61,3,0,7.114,17.774,7.114,0.261
233001748,41590-55503,55503,아이파크.호수부영5차,127.11435,37.165767,다사6507,동탄8동,79.13,23.24,10,0,43.412,97.057,42.412,4.801
233001749,41590-37774,37774,남양중고입구.기아남양점,126.820333,37.2058,다사3912,남양읍,99.9,120.57,10,0,35.781,97.641,35.781,7.372
233001750,41590-37766,37766,창곡3리.독골,126.8896,37.178117,다사4508,팔탄면,9.56,8.52,4,0,9.147,17.655,9.214,0.429
233001751,41590-37761,37761,창곡3리,126.889717,37.1774,다사4508,팔탄면,12.24,8.38,4,0,9.147,17.655,9.214,0.429
233001752,41590-37772,37772,창곡2리교회앞,126.884617,37.185583,다사4509,팔탄면,5.43,6.11,4,0,9.147,17.655,9.214,0.429
233001753,41590-55504,55504,호수부영4차.아이파크,127.109133,37.165817,다사6507,동탄8동,78.1,661.68,17,0,108.412,164.257,109.412,12.201
233001754,41590-55505,55505,아이파크.호수부영4차,127.109267,37.165517,다사6507,동탄8동,472.81,48.08,17,0,109.412,164.257,108.412,12.201
233001755,41590-37764,37764,동문아파트.협성대학교.봉담중고교,126.952567,37.217317,다사5113,봉담읍,59.41,71.71,1,0,2.0,6.0,2.0,0.0
233001756,41590-37756,37756,하나로마트.화성고용센터,126.958967,37.217833,다사5113,봉담읍,148.57,71.54,0,1,6.0,12.0,6.0,0.133
233001757,41590-37773,37773,동화휴먼시아3.4단지.봉담우체국,126.961517,37.216233,다사5213,봉담읍,71.96,37.04,0,1,6.0,12.0,6.0,0.133
233001758,41590-37762,37762,동화휴먼시아6단지,126.960583,37.214833,다사5213,봉담읍,87.18,73.03,6,0,23.409,48.99,23.409,4.975
233001760,41590-37811,37811,외국인복지센터,126.90705,37.086683,다바4798,향남읍,0.61,57.18,0,1,4.0,10.599,4.0,0.0
233001761,41590-37812,37812,구문천공원,126.904817,37.086617,다바4798,향남읍,0.09,11.01,1,0,1.5,5.647,1.5,0.0
233001762,41590-55740,55740,향남2교차로,126.928283,37.110717,다사4901,향남읍,0.55,2.01,3,0,3.5,11.257,3.5,0.0
233001763,41590-37813,37813,현동목장앞,126.898233,37.077167,다바4697,향남읍,0.02,0.18,1,0,1.5,5.647,1.5,0.0
233001764,41590-37815,37815,양지말입구,126.715783,37.2052,다사3012,송산면,0.2,0.0,1,0,0.571,2.087,0.571,0.0
233001765,41590-37816,37816,현동목장앞,126.898883,37.077333,다바4697,향남읍,2.12,0.06,1,0,1.5,5.647,1.5,0.0
233001766,41590-55741,55741,향남2교차로,126.928633,37.111,다사4901,향남읍,4.48,2.72,3,0,3.5,11.257,3.5,0.0
233001767,41590-37817,37817,구문천공원,126.9047,37.086317,다바4798,향남읍,65.39,1.55,1,0,1.5,5.647,1.5,0.0
233001768,41590-37818,37818,메탈산업단지,126.909617,37.086483,다바4798,향남읍,49.58,3.75,1,0,1.5,5.647,1.5,0.0
233001769,41590-37809,37809,장짐교차로.축산농협,126.9109,37.135583,다사4704,향남읍,58.08,120.71,5,0,4.233,10.599,4.3,0.306
233001770,41590-37823,37823,장명초교입구,126.855617,37.05585,다바4295,장안면,2.48,0.1,1,0,3.0,9.6,3.0,0.0
233001771,41590-37796,37796,삼주농장입구,126.853083,37.065967,다바4296,장안면,0.7,0.0,0,1,3.0,9.6,3.0,0.0
233001772,41590-37791,37791,위닉스,126.8564,37.07475,다바4297,장안면,16.17,3.83,1,0,2.0,6.857,2.0,0.0
233001773,41590-37842,37842,독정3리,126.86405,37.079667,다바4398,장안면,0.3,0.12,1,0,6.0,14.769,6.0,0.0
233001774,41590-37793,37793,위닉스,126.856333,37.075317,다바4297,장안면,0.34,2.62,1,0,2.0,6.857,2.0,0.0
233001775,41590-37800,37800,어은1리한양빌라앞,126.836917,37.097933,다사4100,장안면,4.32,1.97,1,0,2.0,2.667,2.0,0.306
233001776,41590-37834,37834,장자터,126.802167,37.066483,다바3796,우정읍,0.35,17.28,5,0,10.4,29.333,10.4,0.306
233001777,41590-37835,37835,매향3리입구,126.7649,37.052,다바3495,우정읍,0.16,0.36,1,0,1.0,2.667,1.0,0.0
233001778,41590-37836,37836,매향3리회센터,126.757217,37.05505,다바3495,우정읍,1.39,0.15,1,0,1.0,2.667,1.0,0.0
233001779,41590-37838,37838,매향3리.가로지입구,126.7648,37.051817,다바3495,우정읍,0.63,0.03,1,0,1.0,2.667,1.0,0.0
233001780,41590-37839,37839,장자터,126.80225,37.066417,다바3796,우정읍,13.34,0.55,5,0,10.4,29.333,10.4,0.306
233001781,41590-37863,37863,자연앤데시앙,127.05475,37.208067,다사6012,동탄3동,177.61,120.41,1,0,8.0,21.818,8.0,1.591
233001782,41590-37864,37864,한림대병원(중),127.078117,37.216633,다사6213,동탄1동,668.53,492.5,9,0,34.112,84.442,34.112,2.012
233001784,41590-37797,37797,한각1리,126.79765,37.095583,다바3799,우정읍,0.65,0.16,0,1,3.714,12.0,3.714,0.0
233001785,41590-55506,55506,의료복합,127.11545,37.183383,다사6509,동탄6동,2.83,17.34,1,0,4.0,6.857,4.0,0.571
233001786,41590-37825,37825,봉래사,126.798033,37.1053,다사3700,우정읍,0.0,0.06,1,0,1.5,5.647,1.5,0.0
233001787,41590-37734,37734,한마음초교.광명메이루즈,127.05705,37.207583,다사6012,동탄3동,82.03,151.24,4,0,17.05,41.818,16.8,5.091
233001788,41590-37856,37856,양감초등학교.중학교,126.950483,37.080817,다바5198,양감면,5.29,2.6,4,0,5.5,20.4,5.5,0.5
233001789,41590-37857,37857,신왕리,126.945117,37.07495,다바5097,양감면,0.13,0.17,0,1,1.333,4.0,1.333,0.0
233001790,41590-37858,37858,신왕2리마을회관,126.9498,37.072233,다바5197,양감면,1.91,0.76,0,1,1.333,4.0,1.333,0.0
233001791,41590-37855,37855,신왕리,126.94515,37.0749,다바5097,양감면,2.66,0.66,0,1,1.333,4.0,1.333,0.0
233001792,41590-37987,37987,양감초중교,126.9505,37.080717,다바5198,양감면,1.83,3.55,4,0,5.5,20.4,5.5,0.5
233001793,41590-37814,37814,구문천5리(회차),126.8898,37.075533,다바4597,향남읍,2.13,2.38,1,0,1.5,5.647,1.5,0.0
233001794,41590-37840,37840,발안식염온천,126.866383,37.092733,다바4399,장안면,3.24,1.2,0,1,3.0,9.6,3.0,0.0
233001795,41590-37841,37841,독정4리,126.8692,37.0793,다바4398,장안면,0.57,0.61,0,1,3.0,9.6,3.0,0.0
233001797,41590-37844,37844,금의1리복지회관,126.823,37.107783,다사3901,장안면,0.39,0.43,0,1,3.0,9.6,3.0,0.0
233001798,41590-55507,55507,신리천리베라마을,127.101667,37.186267,다사6409,동탄6동,7.92,25.15,1,0,4.0,6.857,4.0,0.571
233001799,41590-37837,37837,궁평항,126.683783,37.114983,다사2802,서신면,6.96,10.1,1,0,1.0,2.667,1.0,0.0
233001800,41590-37826,37826,화수농원,126.798417,37.109933,다사3701,우정읍,0.34,0.52,0,1,3.714,12.0,3.714,0.0
233001801,41590-37827,37827,화수2리입구,126.793717,37.108483,다사3701,우정읍,0.03,0.12,0,1,3.714,12.0,3.714,0.0
233001802,41590-37828,37828,화수3리입구,126.791533,37.1089,다사3701,우정읍,0.07,0.13,0,1,3.714,12.0,3.714,0.0
233001803,41590-37829,37829,화수3리노인회관,126.789083,37.106217,다사3601,우정읍,5.02,3.29,0,1,3.714,12.0,3.714,0.0
233001804,41590-37830,37830,화수3리입구,126.791567,37.108867,다사3701,우정읍,0.18,0.01,0,1,3.714,12.0,3.714,0.0
233001805,41590-37831,37831,화수2리입구,126.7937,37.108433,다사3701,우정읍,0.08,0.0,0,1,3.714,12.0,3.714,0.0
233001806,41590-37832,37832,화수농원앞,126.798417,37.109867,다사3701,우정읍,0.26,0.3,0,1,3.714,12.0,3.714,0.0
233001807,41590-37819,37819,장안9리,126.8689,37.05655,다바4395,장안면,0.5,0.22,0,1,3.0,9.6,3.0,0.0
233001808,41590-37820,37820,장안7리,126.866933,37.049983,다바4394,장안면,2.13,1.71,0,1,3.0,9.6,3.0,0.0
233001809,41590-37821,37821,장안6리,126.859833,37.051267,다바4394,장안면,1.03,0.23,0,1,3.0,9.6,3.0,0.0
233001810,41590-37822,37822,장안6리노인회관,126.857567,37.051367,다바4294,장안면,0.73,0.44,0,1,3.0,9.6,3.0,0.0
233001811,41590-60064,60064,제부도유원지,126.65605,37.174217,다사2508,서신면,1.55,0.05,0,1,4.0,12.0,4.0,0.0
233001812,41590-37833,37833,농심물류센터,126.955683,37.136433,다사5104,향남읍,3.0,3.06,2,0,2.667,9.143,2.667,0.0
233001813,41590-55508,55508,신리천리베라마을,127.10235,37.1858,다사6409,동탄6동,27.22,21.84,1,0,4.0,6.857,4.0,0.571
233001814,41590-37845,37845,멱우2리회관앞,126.8211,37.102533,다사3900,우정읍,1.34,1.11,0,1,3.714,12.0,3.714,0.0
233001816,41590-37792,37792,어은삼거리,126.826567,37.08555,다바4098,장안면,1.03,36.8,2,0,5.0,16.457,5.0,0.0
233001817,41590-37879,37879,이마트.한림대병원,127.079133,37.215317,다사6213,동탄1동,248.29,617.44,7,0,61.143,82.667,61.143,9.444
233001818,41590-37859,37859,신리앞,126.9774,37.163133,다사5307,정남면,1.5,6.4,1,0,2.0,6.857,2.0,0.0
233003071,41590-36548,36548,가시리마을,126.802583,37.24065,다사3815,남양읍,0.81,0.41,0,1,6.19,14.24,6.4,0.522
233003072,41590-36553,36553,들고개,126.804333,37.232233,다사3815,남양읍,0.0,0.01,0,0,0.0,0.0,0.0,0.0
233003073,41590-36552,36552,들고개,126.804217,37.2322,다사3815,남양읍,0.0,0.0,0,0,0.0,0.0,0.0,0.0
233003074,41590-36538,36538,문호1리,126.8034,37.262983,다사3818,남양읍,1.15,0.53,0,1,6.19,14.24,6.4,0.522
233003075,41590-36539,36539,문호1리,126.803517,37.262817,다사3818,남양읍,0.45,0.57,0,1,6.19,14.24,6.4,0.522
233003076,,,송림동입구,126.81995,37.21745,다사3913,남양읍,0.0,0.0,0,0,0.0,0.0,0.0,0.0
233003077,,,송림동입구,126.819717,37.216733,다사3913,남양읍,0.0,0.0,0,0,0.0,0.0,0.0,0.0
233003078,41590-36520,36520,수화1리,126.816483,37.2535,다사3917,남양읍,0.08,0.36,0,1,6.19,14.24,6.4,0.522
233003079,41590-36522,36522,수화리,126.817733,37.257283,다사3917,남양읍,0.11,0.76,0,1,6.19,14.24,6.4,0.522
233003080,41590-36516,36516,수화2리.양철이,126.818317,37.248183,다사3916,남양읍,0.07,0.21,0,1,6.19,14.24,6.4,0.522
233003081,41590-60036,60036,음실골,126.804067,37.20945,다사3812,남양읍,2.62,6.38,0,1,6.19,14.24,6.4,0.522
233003082,41590-55393,55393,양노3리,126.857717,37.226767,다사4314,비봉면,54.92,115.82,15,0,46.638,111.744,46.638,3.131
233003084,41590-55398,55398,동탄역(서측),127.096083,37.199583,다사6411,동탄4동,2011.05,1502.94,16,0,45.867,102.843,44.867,2.805
233003085,41590-55399,55399,동탄역(동측),127.096283,37.19985,다사6411,동탄4동,2066.34,2087.76,17,0,50.667,133.091,50.667,2.582
233003086,41590-55413,55413,황구지천.송산교앞,127.024617,37.205517,다사5711,화산동,3.83,16.09,1,0,6.0,16.0,6.0,0.0
233003087,41590-55414,55414,황구지천.송산교앞,127.024683,37.205783,다사5711,화산동,0.08,1.71,0,1,4.667,14.0,4.667,0.0
233003088,41590-55415,55415,병점성호플레르빌,127.023433,37.200783,다사5711,화산동,0.44,40.88,0,1,4.667,14.0,4.667,0.0
233003089,41590-55416,55416,병점성호플레르빌,127.02365,37.200933,다사5711,화산동,58.09,1.02,0,1,4.667,14.0,4.667,0.0
233003090,41590-55417,55417,대광빌라,127.0233,37.1993,다사5711,화산동,0.22,17.96,0,1,4.667,14.0,4.667,0.0
233003091,41590-55418,55418,대광빌라,127.023417,37.1992,다사5711,화산동,24.2,0.34,0,1,4.667,14.0,4.667,0.0
233003092,41590-55419,55419,우미린2차.호수부영3차,127.10645,37.1713,다사6508,동탄7동,384.33,1505.41,20,0,126.589,223.113,126.589,18.187
233003093,41590-55420,55420,호수부영3차.우미린2차,127.106933,37.171633,다사6508,동탄7동,1358.95,302.45,20,0,126.589,223.113,126.589,18.187
233003094,41590-55421,55421,송라리,126.9083,37.281867,다사4720,매송면,0.38,3.56,2,0,8.0,13.714,8.0,0.429
233003095,41590-55422,55422,추모공원,126.882517,37.199183,다사4511,비봉면,4.21,0.63,2,0,2.133,4.926,2.133,0.0
233003096,41590-55423,55423,추모공원,126.882483,37.199283,다사4511,비봉면,0.88,3.34,2,0,2.133,4.926,2.133,0.0
233003097,41590-55424,55424,효행초.한신더휴에듀파크,126.965633,37.2157,다사5213,봉담읍,122.09,61.43,4,0,8.4,19.333,8.4,0.0
233003098,41590-55425,55425,효행초.한신더휴에듀파크,126.96705,37.216117,다사5213,봉담읍,90.34,122.74,4,0,8.4,19.333,8.4,0.0
233003099,41590-55426,55426,바이오단지입구,126.77375,37.1723,다사3508,마도면,0.65,47.55,1,0,4.0,5.333,4.0,0.444
233003104,41590-55431,55431,송화초교.양우내안애,127.040017,37.201217,다사5911,진안동,164.21,196.17,3,0,13.0,36.0,13.0,3.458
233003105,41590-55432,55432,용수말,126.999433,37.17165,다사5507,정남면,1.39,1.64,0,1,2.0,6.857,2.0,0.0
233003106,41590-55433,55433,남양뉴타운1단지,126.833167,37.208483,다사4012,남양읍,54.71,28.75,3,0,10.0,16.762,10.0,0.659
233003107,41590-55434,55434,남양뉴타운4단지,126.832483,37.210583,다사4012,남양읍,71.39,243.92,6,0,26.0,54.476,26.0,1.409
233003108,41590-55435,55435,남양동광뷰엘,126.82995,37.2085,다사4012,남양읍,125.29,90.98,5,0,20.714,45.317,20.714,1.225
233003109,41590-55436,55436,남양동광뷰엘,126.830083,37.20875,다사4012,남양읍,85.13,103.54,5,0,20.714,45.317,20.714,1.225
233003110,41590-55437,55437,남양고,126.82565,37.205733,다사4012,남양읍,0.09,0.08,2,0,15.0,51.429,15.0,6.214
233003112,41590-55459,55459,삼지전자,127.07855,37.166833,다사6207,동탄6동,6.64,3.83,0,1,4.0,10.667,4.0,0.571
233003113,41590-55460,55460,삼지전자,127.078667,37.166917,다사6207,동탄6동,4.98,4.96,0,1,4.0,10.667,4.0,0.571
233003114,41590-36991,36991,매향3리선착장,126.7332,37.074217,다바3297,우정읍,0.03,0.75,1,0,1.0,2.667,1.0,0.0
233003115,41590-36992,36992,매향3리선착장,126.7329,37.073983,다바3297,우정읍,0.22,0.04,1,0,1.0,2.667,1.0,0.0
233003116,41590-37893,37893,구름교차로,126.6709,37.194083,다사2610,서신면,0.68,0.06,1,0,0.571,2.087,0.571,0.0
233003117,41590-37595,37595,구름교차로,126.672367,37.19365,다사2610,서신면,0.08,0.71,1,0,0.571,2.087,0.571,0.0
233003118,41590-55514,55514,서신중학교후문,126.70175,37.1699,다사2908,서신면,13.34,1.96,3,0,11.0,30.095,11.0,0.0
233003119,41590-55515,55515,서신중학교후문,126.7018,37.169967,다사2908,서신면,2.2,12.3,3,0,11.0,30.095,11.0,0.0
233003120,41590-55516,55516,반도유보라6차,127.09085,37.204867,다사6311,동탄6동,19.97,11.18,1,0,4.0,6.857,4.0,0.571
233003121,41590-55517,55517,반도유보라6차,127.091,37.204583,다사6311,동탄6동,12.69,40.58,1,0,4.0,6.857,4.0,0.571
233003122,41590-55518,55518,동탄2차고지,127.10165,37.1554,다사6406,동탄8동,2.38,0.03,7,0,61.143,95.467,61.143,10.733
233003123,41590-55519,55519,동탄2차고지,127.101267,37.155517,다사6406,동탄8동,0.41,0.24,7,0,61.143,95.467,61.143,10.733
233003124,41590-55520,55520,동탄테크노밸리,127.099517,37.21245,다사6412,동탄5동,25.2,82.5,1,0,4.0,8.0,4.0,0.75
233003125,41590-55521,55521,동탄테크노밸리,127.098833,37.212283,다사6412,동탄5동,91.29,32.99,2,0,5.0,8.0,4.0,0.75
233003126,41590-55522,55522,아이원.호수자이파밀리에,127.10485,37.161117,다사6407,동탄7동,112.89,694.17,27,0,177.601,291.566,178.601,25.189
233003127,41590-55523,55523,금호어울림.계룡리슈빌,127.106883,37.1639,다사6507,동탄8동,643.84,216.11,24,0,125.155,266.932,124.155,16.933
233003128,41590-55524,55524,동탄호수공원.부영4차,127.10695,37.1668,다사6507,동탄8동,1848.35,576.06,16,0,88.743,186.928,88.743,13.31
233003129,41590-55525,55525,호반6차,127.112517,37.157233,다사6506,동탄8동,15.0,37.36,5,0,24.4,58.752,24.4,1.813
233003130,41590-55526,55526,롯데캐슬.제일풍경채,127.1089,37.157917,다사6506,동탄8동,35.59,47.24,4,0,20.4,53.418,20.4,1.591
233003131,41590-55527,55527,호수자이파밀리에,127.106033,37.159217,다사6506,동탄8동,45.0,50.39,4,0,20.4,53.418,20.4,1.591
233003132,41590-55528,55528,호수자이파밀리에.아이원,127.1051,37.160767,다사6406,동탄8동,912.73,155.28,27,0,178.601,291.566,177.601,25.189
233003133,41590-55529,55529,레이크반도9차,127.116117,37.1619,다사6507,동탄8동,13.59,110.39,5,0,24.4,58.752,24.4,1.813
233003134,41590-55530,55530,동탄2아이파크1단지,127.119467,37.161317,다사6607,동탄7동,27.18,159.59,5,0,24.4,58.752,24.4,1.813
233003135,41590-55531,55531,동탄2아이파크2단지,127.120033,37.160033,다사6606,동탄8동,22.99,119.71,5,0,24.4,58.752,24.4,1.813
233003136,41590-55532,55532,동탄호수공원,127.106467,37.1672,다사6507,동탄8동,404.24,1322.85,16,0,88.743,186.928,88.743,13.31
233003137,41590-55533,55533,계룡리슈빌.금호어울림,127.106533,37.16465,다사6507,동탄8동,263.25,625.82,24,0,124.155,266.932,125.155,16.933
233003138,41590-55534,55534,금강팬테리움,126.819217,37.283067,다사3920,새솔동,41.97,156.34,0,1,0.6,5.333,0.6,0.556
233003139,41590-55535,55535,금강팬트리움,126.8196,37.283317,다사3920,새솔동,34.05,9.61,0,1,0.6,5.333,0.6,0.556
233003140,41590-55536,55536,대방노블랜드3차,126.816267,37.28685,다사3921,새솔동,34.53,3.58,0,1,0.6,5.333,0.6,0.556
233003141,41590-55537,55537,반도유보라,126.82265,37.28045,다사3920,새솔동,7.77,182.43,2,0,8.6,21.333,8.6,3.556
233003142,41590-55538,55538,반도유보라.아이비파크,126.822167,37.2786,다사3920,새솔동,14.56,1.09,0,1,0.6,5.333,0.6,0.556
233003143,41590-55539,55539,반도유보라.아이비파크,126.821983,37.278333,다사3920,새솔동,8.46,40.06,0,1,0.6,5.333,0.6,0.556
233003144,41590-55540,55540,새솔고,126.827783,37.274233,다사4019,새솔동,11.31,111.52,2,0,8.6,21.333,8.6,3.556
233003145,41590-55541,55541,새솔고,126.827983,37.274533,다사4019,새솔동,125.37,26.74,2,0,8.6,21.333,8.6,3.556
233003146,41590-55542,55542,에코팜타운,126.809117,37.287933,다사3821,새솔동,4.05,0.66,1,0,0.6,5.333,0.6,0.556
233003147,41590-55543,55543,이지더원,126.822133,37.283817,다사3920,새솔동,252.25,29.44,2,0,8.6,21.333,8.6,3.556
233003148,41590-55544,55544,휴먼빌,126.8228,37.280583,다사3920,새솔동,310.73,14.13,2,0,8.6,21.333,8.6,3.556
233003149,41590-55545,55545,금강팬테리움,126.821917,37.2838,다사3920,새솔동,18.99,159.37,2,0,8.6,21.333,8.6,3.556
233003150,41590-55546,55546,대방노블랜드3차,126.8161,37.28655,다사3921,새솔동,12.97,67.43,0,1,0.6,5.333,0.6,0.556
233003151,41590-55547,55547,에코팜타운,126.807,37.2877,다사3821,새솔동,0.73,7.43,1,0,0.6,5.333,0.6,0.556
233003152,41590-55548,55548,대방노블랜드1차,126.82025,37.286433,다사3921,새솔동,31.59,376.58,2,0,8.6,21.333,8.6,3.556
233003153,41590-55549,55549,요진Y시티,126.820383,37.286567,다사3921,새솔동,481.44,46.45,2,0,8.6,21.333,8.6,3.556
233000687,41590-37462,37462,태안119안전센터,127.038533,37.211117,다사5912,병점2동,6.54,7.68,0,1,13.667,32.485,13.657,1.591
233000688,41590-37196,37196,육일1리입구,126.72445,37.208483,다사3112,송산면,0.12,0.39,1,0,0.571,2.087,0.571,0.0
233000689,41590-36472,36472,용소교차로,126.98775,37.080633,다바5498,양감면,1.19,1.08,2,0,2.083,14.0,2.083,0.5
233000690,41590-36473,36473,용소교차로,126.9876,37.08075,다바5498,양감면,0.34,0.45,2,0,2.083,14.0,2.083,0.5
233000694,41590-55852,55852,동탄테크노벨리(중),127.09885,37.210933,다사6412,동탄5동,311.4,10.52,6,0,42.0,48.0,42.0,5.0
233000695,41590-36338,36338,병점역후문,127.032033,37.20605,다사5812,진안동,660.67,2406.39,8,0,23.0,54.857,23.0,1.333
233000696,41590-36336,36336,진안5통.병점육교,127.030417,37.208617,다사5812,진안동,14.74,143.58,6,0,19.0,42.0,19.0,1.333
233000697,41590-36321,36321,황계동,127.019583,37.21795,다사5713,화산동,13.41,0.6,0,1,4.667,14.0,4.667,0.0
233000698,41590-55853,55853,현대트랜시스(중),127.103667,37.2163,다사6412,동탄5동,450.18,66.29,10,0,95.846,102.706,95.846,12.677
233000699,41590-36323,36323,황계동입구,127.014067,37.2226,다사5613,화산동,7.93,7.11,0,1,4.667,14.0,4.667,0.0
233000700,41590-36322,36322,황계동,127.01965,37.218217,다사5713,화산동,1.22,9.64,0,1,4.667,14.0,4.667,0.0
233000701,41590-36339,36339,병점역후문,127.031917,37.206833,다사5812,진안동,2372.63,717.85,8,0,23.0,54.857,23.0,1.333
233000702,41590-36345,36345,병점역사거리,127.035633,37.206983,다사5812,진안동,3316.77,2158.18,11,0,36.324,90.686,36.324,5.049
233000703,41590-36753,36753,병점사거리.병점역입구,127.034433,37.208383,다사5812,진안동,1212.01,2595.78,5,0,12.324,27.534,12.324,0.444
233000704,41590-36340,36340,병점입구.화남아파트.병점육교,127.032483,37.210583,다사5812,진안동,168.13,380.31,0,1,6.0,14.667,6.0,0.053
233000705,41590-36332,36332,대황교.활주로,127.024467,37.227017,다사5814,진안동,9.76,22.55,0,1,6.0,14.667,6.0,0.053
233000706,41590-36333,36333,대황교.활주로,127.024667,37.22765,다사5814,진안동,17.75,99.73,0,1,6.0,14.667,6.0,0.053
233000707,41590-36341,36341,병점입구.병점육교.화남아파트,127.032867,37.210667,다사5812,진안동,383.23,173.63,0,1,6.0,14.667,6.0,0.053
233000708,41590-36342,36342,동부출장소.병점초등학교,127.0345,37.208717,다사5812,진안동,2401.34,794.84,7,0,14.99,35.534,14.99,0.444
233000709,41590-55854,55854,현대트랜시스(중),127.103817,37.217283,다사6412,동탄5동,84.73,568.7,10,0,95.846,102.706,95.846,12.677
233000710,41590-55855,55855,동탄테크노벨리(중),127.098917,37.21195,다사6412,동탄5동,12.01,413.25,6,0,42.0,48.0,42.0,5.0
233000711,41590-37324,37324,삼미.쌍용아파트,126.9533,37.2432,다사5116,매송면,111.77,142.92,13,0,38.237,92.98,38.237,6.544
233000712,41590-37316,37316,천천리입구,126.947467,37.243517,다사5016,매송면,105.82,35.09,12,0,26.629,72.18,26.629,2.611
233000713,41590-37312,37312,천천리,126.942017,37.244583,다사5016,매송면,55.01,19.74,10,0,22.057,56.378,22.057,2.611
233000714,41590-37308,37308,일광사,126.93945,37.2444,다사5016,매송면,1.05,2.34,10,0,22.057,56.378,22.057,2.611
233000715,41590-37304,37304,전승아파트,126.93055,37.246283,다사4916,매송면,31.28,6.59,10,0,22.057,56.378,22.057,2.611
233000716,41590-37295,37295,원평,126.923633,37.25005,다사4816,매송면,35.01,17.3,12,0,27.057,61.14,27.057,2.825
233000717,41590-37290,37290,51사단,126.9209,37.250867,다사4817,매송면,25.76,6.94,12,0,27.057,61.14,27.057,2.825
233000718,41590-37237,37237,숙곡리천불사,126.898217,37.24805,다사4616,비봉면,5.71,75.47,13,0,28.629,73.513,28.629,2.611
233000719,41590-37620,37620,쌍학리,126.89245,37.24825,다사4616,비봉면,23.0,15.05,13,0,28.629,73.513,28.629,2.611
233000720,41590-37200,37200,구포리과수원,126.880517,37.2394,다사4515,비봉면,11.65,8.93,12,0,27.629,70.084,27.629,2.611
233000721,41590-37186,37186,비봉중고등학교,126.8739,37.236867,다사4415,비봉면,172.31,121.29,15,0,35.871,78.567,35.938,2.825
233000722,41590-37171,37171,비봉초등학교후문,126.868233,37.236217,다사4315,비봉면,125.53,73.33,14,0,35.138,76.281,35.138,2.825
233000723,41590-37169,37169,천산아파트,126.865983,37.236467,다사4315,비봉면,60.89,33.05,14,0,35.138,76.281,35.138,2.825
233000724,41590-37162,37162,삼화리,126.863717,37.2362,다사4315,비봉면,47.22,52.03,14,0,35.138,76.281,35.138,2.825
233000725,41590-37153,37153,양노3리,126.858217,37.22685,다사4314,비봉면,102.52,36.3,15,0,46.638,111.744,46.638,3.131
233000726,41590-36043,36043,북양1리.염티고개,126.839833,37.222083,다사4113,남양읍,89.09,52.17,15,0,46.638,111.744,46.638,3.131
233000727,41590-36035,36035,북양1리.봉림사,126.8321,37.21925,다사4013,남양읍,29.53,28.15,13,0,36.638,87.744,36.638,2.381
233000728,41590-36029,36029,루나포레아파트,126.830883,37.2152,다사4013,남양읍,88.68,46.01,10,0,24.638,62.601,24.638,2.167
233000729,41590-36025,36025,(구)남양읍행정복지센터,126.8228,37.211517,다사3912,남양읍,163.09,71.4,12,0,32.352,80.489,32.352,2.428
233000730,41590-36019,36019,남양사거리,126.81905,37.209133,다사3912,남양읍,886.51,607.15,12,0,32.352,80.489,32.352,2.428
233000731,41590-36009,36009,우림아파트,126.80585,37.205483,다사3812,남양읍,328.71,73.14,7,0,22.571,57.516,22.571,1.944
233000732,41590-36008,36008,남양6리.남양1리,126.801533,37.2039,다사3811,남양읍,63.39,24.71,6,0,19.571,49.516,19.571,1.944
233000733,41590-37115,37115,쌍송리입구.은장고개,126.789067,37.2022,다사3611,마도면,33.32,7.8,5,0,15.571,44.182,15.571,1.5
233000734,41590-37110,37110,두곡리,126.784167,37.2048,다사3612,마도면,26.82,7.6,5,0,15.571,44.182,15.571,1.5
233000735,41590-37107,37107,재래시장.마도삼거리,126.780067,37.2063,다사3612,마도면,126.24,20.36,6,0,18.571,52.182,18.571,1.5
233000736,41590-37106,37106,마도사거리,126.77425,37.2069,다사3512,마도면,237.75,52.92,6,0,18.571,52.182,18.571,1.5
233000737,41590-37103,37103,외국인보호소,126.76655,37.207967,다사3412,마도면,19.92,8.1,6,0,18.571,52.182,18.571,1.5
233000738,41590-37102,37102,구리섬휴게소,126.7647,37.208483,다사3412,마도면,3.73,0.5,5,0,15.571,44.182,15.571,1.5
233000739,41590-37099,37099,삼존리,126.75905,37.211183,다사3412,마도면,9.45,2.45,5,0,15.571,44.182,15.571,1.5
233000740,41590-37098,37098,돼지고개.삼존리물미,126.753767,37.2114,다사3312,마도면,9.24,5.13,5,0,15.571,44.182,15.571,1.5
233000741,41590-37062,37062,신흥사,126.713583,37.189817,다사3010,서신면,11.68,0.68,4,0,15.0,42.095,15.0,1.5
233000742,41590-37059,37059,상안1리,126.709817,37.1851,다사2909,서신면,11.07,0.71,4,0,15.0,42.095,15.0,1.5
233000743,41590-37049,37049,상안1.2리,126.706667,37.18275,다사2909,서신면,8.27,1.6,4,0,15.0,42.095,15.0,1.5
233000744,41590-37057,37057,상안2리.SK주유소,126.708033,37.179017,다사2909,서신면,36.26,2.41,4,0,15.0,42.095,15.0,1.5
233000745,41590-37021,37021,장외리,126.680833,37.174183,다사2708,서신면,19.58,0.67,4,0,14.0,38.095,14.0,0.0
233000746,41590-37017,37017,장외리.지긋말,126.6785,37.168467,다사2708,서신면,12.34,0.39,4,0,14.0,38.095,14.0,0.0
233000747,41590-37014,37014,큰말입구,126.675,37.165867,다사2607,서신면,6.09,0.25,3,0,11.0,30.095,11.0,0.0
233000748,41590-37013,37013,송교1리,126.669,37.1635,다사2607,서신면,2.84,0.05,3,0,11.0,30.095,11.0,0.0
233000749,41590-37006,37006,개경촌,126.664283,37.164717,다사2607,서신면,6.85,0.45,3,0,11.0,30.095,11.0,0.0
233000750,41590-36479,36479,병점중학교,127.0392,37.2106,다사5912,병점2동,0.53,3.6,0,1,13.667,32.485,13.657,1.591
233000751,41590-55856,55856,큰말,126.848383,37.249633,다사4216,비봉면,0.16,0.81,0,1,3.733,6.467,3.8,0.214
233000752,41590-55857,55857,큰말,126.84815,37.249733,다사4216,비봉면,0.78,0.03,0,1,3.733,6.467,3.8,0.214
233000753,41590-36763,36763,제부해수탕,126.659,37.167183,다사2508,서신면,0.07,3.79,3,0,11.0,30.095,11.0,0.0
233000754,41590-37564,37564,광평삼거리,126.688917,37.174817,다사2708,서신면,1.94,25.29,4,0,14.0,38.095,14.0,0.0
233000755,41590-37578,37578,목성머리,126.6972,37.173117,다사2808,서신면,0.65,8.78,3,0,11.0,30.095,11.0,0.0
233000756,41590-37048,37048,상안1.2리,126.7065,37.182583,다사2909,서신면,1.63,8.61,4,0,15.0,42.095,15.0,1.5
233000757,41590-37058,37058,상안1리,126.7097,37.185117,다사2909,서신면,0.66,8.88,4,0,15.0,42.095,15.0,1.5
233000758,41590-37471,37471,상안리.한국발효,126.7167,37.193083,다사3010,서신면,0.19,7.41,4,0,15.0,42.095,15.0,1.5
233000759,41590-37100,37100,삼존리자동차성능시험장,126.760517,37.2108,다사3412,마도면,3.18,12.87,5,0,15.571,44.182,15.571,1.5
233000760,41590-37101,37101,구리섬휴게소,126.76305,37.209467,다사3412,마도면,6.49,12.66,5,0,15.571,44.182,15.571,1.5
233000761,41590-37104,37104,외국인보호소,126.767117,37.20805,다사3412,마도면,3.71,14.79,6,0,18.571,52.182,18.571,1.5
233000762,41590-37105,37105,마도사거리,126.7746,37.20715,다사3512,마도면,51.24,189.18,6,0,18.571,52.182,18.571,1.5
233000763,41590-37108,37108,재래시장.마도삼거리,126.780767,37.20635,다사3612,마도면,25.49,131.85,6,0,18.571,52.182,18.571,1.5
233000764,41590-37109,37109,두곡리,126.783167,37.205533,다사3612,마도면,8.44,28.55,5,0,15.571,44.182,15.571,1.5
233000765,41590-36007,36007,남양6리.남양1리,126.800967,37.203983,다사3711,남양읍,28.21,51.77,6,0,19.571,49.516,19.571,1.944
233000766,41590-36010,36010,우림아파트,126.806133,37.20565,다사3812,남양읍,71.46,277.68,7,0,22.571,57.516,22.571,1.944
233000767,41590-36014,36014,남양성지,126.815433,37.207533,다사3912,남양읍,295.0,159.43,7,0,22.571,57.516,22.571,1.944
233001819,41590-37860,37860,효원납골공원,126.958317,37.142183,다사5104,향남읍,12.98,13.08,2,0,2.667,9.143,2.667,0.0
233001820,41590-37861,37861,동오리종점,126.9532,37.131983,다사5103,향남읍,7.42,14.5,2,0,2.667,9.143,2.667,0.0
233001821,41590-55509,55509,신리천,127.107083,37.184233,다사6509,동탄6동,15.28,11.47,1,0,4.0,6.857,4.0,0.571
233001822,41590-37878,37878,신리주유소앞,126.976733,37.1628,다사5307,정남면,10.53,5.26,2,0,2.667,9.143,2.667,0.0
233001823,41590-37862,37862,신리앞,126.9783,37.163283,다사5307,정남면,1.01,2.73,2,0,2.667,9.143,2.667,0.0
233001824,41590-37794,37794,양감면행정복지센터,126.945,37.081833,다바5098,양감면,8.91,21.24,3,0,2.833,16.4,2.833,0.5
233001825,41590-55745,55745,하길리,126.907817,37.108017,다사4701,향남읍,5.03,0.99,2,0,4.0,16.0,4.0,0.5
233001826,41590-60030,60030,요당성지,126.93075,37.06805,다바4996,양감면,4.83,0.27,0,1,1.333,4.0,1.333,0.0
233001827,41590-37344,37344,제약단지.하길리입구,126.91545,37.090533,다바4899,향남읍,3.08,1.84,1,0,1.333,12.0,1.333,0.5
233001828,41590-36001,36001,남양뉴타운.현대2차,126.825517,37.200717,다사4011,남양읍,248.9,378.53,10,0,26.781,53.069,26.781,1.586
233001829,41590-37869,37869,제약공단후문,126.911517,37.090683,다바4799,향남읍,3.27,5.32,1,0,1.333,12.0,1.333,0.5
233001830,41590-60033,60033,충만주유소,126.942717,37.079617,다바5098,양감면,1.07,4.09,1,0,2.667,4.0,2.667,0.0
233001831,41590-55834,55834,동양콘크리트입구,126.932217,37.088933,다바4999,양감면,3.09,2.08,1,0,1.333,12.0,1.333,0.5
233001832,41590-37872,37872,야목역,126.884233,37.26165,다사4518,매송면,6.18,172.87,2,0,3.733,5.714,3.8,0.214
233001834,41590-37874,37874,구포리입구,126.871317,37.254083,다사4417,비봉면,1.4,16.24,5,0,12.814,24.284,12.88,0.214
233001835,41590-37875,37875,상신리,126.894217,37.09465,다바4699,향남읍,0.13,1.93,1,0,3.0,7.385,3.0,0.0
233001836,41590-37876,37876,상신리,126.89455,37.094717,다바4699,향남읍,0.99,0.24,1,0,3.0,7.385,3.0,0.0
233001837,41590-55835,55835,신한바이오캠,126.938817,37.0881,다바5098,양감면,4.35,2.91,1,0,1.333,12.0,1.333,0.5
233001838,41590-55866,55866,마산포,126.663183,37.23875,다사2515,송산면,0.69,1.43,0,1,3.571,10.087,3.571,0.0
233001839,41590-37884,37884,고포1리,126.667317,37.2408,다사2616,송산면,3.62,0.02,0,1,3.571,10.087,3.571,0.0
233001840,41590-36996,36996,융건릉입구,126.989017,37.206767,다사5412,화산동,107.57,41.0,8,0,20.333,48.0,20.333,1.333
233001841,41590-36997,36997,융건릉입구,126.989,37.207033,다사5412,화산동,10.73,47.18,7,0,18.333,42.0,18.333,1.333
233001842,41590-36998,36998,중외제약사거리,127.003067,37.2015,다사5511,화산동,27.61,1.39,6,0,19.05,42.0,18.8,4.833
233001843,41590-36999,36999,중외제약사거리,127.002167,37.2021,다사5511,화산동,1.06,33.4,7,0,19.717,44.0,19.467,4.833
233001844,41590-37887,37887,반송초중교,127.06965,37.1899,다사6110,동탄2동,16.84,23.19,0,1,8.0,17.524,8.0,0.053
233001845,41590-37888,37888,반송초중교,127.06965,37.190217,다사6110,동탄2동,47.71,48.7,0,1,8.0,17.524,8.0,0.053
233001846,41590-37889,37889,나루고등학교,127.072933,37.18795,다사6209,동탄6동,26.48,39.8,0,1,4.0,10.667,4.0,0.571
233001847,41590-37890,37890,나루고등학교,127.073067,37.188167,다사6210,동탄2동,95.99,65.1,0,1,8.0,17.524,8.0,0.053
233001848,41590-37891,37891,동양파라곤,127.077317,37.18645,다사6209,동탄6동,16.44,20.32,0,1,4.0,10.667,4.0,0.571
233001849,41590-37892,37892,동양파라곤,127.0776,37.186117,다사6209,동탄6동,9.34,7.24,0,1,4.0,10.667,4.0,0.571
233001850,41590-55347,55347,제부도입구,126.659683,37.17285,다사2508,서신면,2.5,0.4,3,0,11.0,30.095,11.0,0.0
233001851,41590-55510,55510,신리천공원,127.1107,37.183333,다사6509,동탄6동,9.97,21.32,1,0,4.0,6.857,4.0,0.571
233001852,41590-37895,37895,대방노블랜드.풍림아이원,126.927083,37.130317,다사4903,향남읍,120.88,101.34,2,0,5.043,9.857,5.043,0.429
233001853,41590-37896,37896,향남중고등학교,126.926917,37.128933,다사4903,향남읍,28.23,47.65,2,0,5.043,9.857,5.043,0.429
233001854,41590-37897,37897,한일베라체.행정초교,126.924217,37.126017,다사4803,향남읍,68.99,53.75,2,0,5.043,9.857,5.043,0.429
233001855,41590-37898,37898,에일린의뜰.휴먼시아6단지,126.919883,37.126117,다사4803,향남읍,89.71,79.87,5,0,13.0,36.242,13.0,0.5
233001856,41590-37899,37899,신명스카이뷰.휴먼시아5단지,126.9159,37.126317,다사4803,향남읍,138.2,80.24,5,0,13.0,36.242,13.0,0.5
233001857,41590-37900,37900,신명스카이뷰.우미린,126.915117,37.1277,다사4803,향남읍,52.21,23.49,1,0,4.0,6.857,4.0,0.0
233001858,41590-37901,37901,우미린아파트.향일고,126.917633,37.129833,다사4803,향남읍,47.07,15.95,1,0,4.0,6.857,4.0,0.0
233001859,41590-37902,37902,향남지웰2차아파트,126.919583,37.129717,다사4803,향남읍,44.61,11.31,1,0,4.0,6.857,4.0,0.0
233001860,41590-37903,37903,화성소방서.향남홈플러스,126.9213,37.130533,다사4803,향남읍,868.19,799.05,13,0,36.47,84.173,37.328,2.361
233001861,41590-55511,55511,의료복합,127.1133,37.183633,다사6509,동탄6동,13.03,4.73,1,0,4.0,6.857,4.0,0.571
233001862,41590-37904,37904,가재4리,126.91595,37.14095,다사4804,향남읍,1.82,15.46,2,0,4.0,12.857,4.0,0.0
233001863,41590-37905,37905,신성미소지움아파트,126.913633,37.13875,다사4704,향남읍,47.23,170.09,2,0,4.0,12.857,4.0,0.0
233001864,41590-37912,37912,발안삼거리,126.91145,37.134767,다사4704,향남읍,384.06,93.08,7,0,10.289,36.34,10.289,0.5
233001865,41590-37906,37906,신성미소지움아파트,126.9145,37.13925,다사4704,향남읍,51.55,47.21,2,0,4.0,12.857,4.0,0.0
233001866,41590-37907,37907,수영오거리.수영지구,126.960717,37.237433,다사5115,봉담읍,49.27,78.08,2,0,6.0,15.6,6.0,0.8
233001867,41590-37908,37908,수영오거리.수영지구,126.960783,37.237267,다사5115,봉담읍,10.48,77.51,2,0,6.0,15.6,6.0,0.8
233001868,41590-37909,37909,수영초.우방아이유쉘1단지,126.955467,37.236567,다사5115,봉담읍,100.48,279.76,3,0,12.0,17.174,12.0,0.8
233001869,41590-37910,37910,수영초등학교,126.9544,37.236383,다사5115,봉담읍,295.46,237.68,5,0,16.4,29.174,16.4,0.8
233001870,41590-37911,37911,신창아파트,126.9533,37.23655,다사5115,봉담읍,146.18,84.97,3,0,6.4,18.0,6.4,0.0
233001871,41590-55348,55348,장외리.오리골,126.666583,37.176783,다사2608,서신면,0.92,12.08,4,0,14.0,38.095,14.0,0.0
233001872,41590-37925,37925,제부해수탕,126.659233,37.166933,다사2508,서신면,0.62,0.08,2,0,7.0,16.381,7.0,0.0
233001873,41590-37930,37930,장외리,126.679133,37.170017,다사2708,서신면,3.09,0.23,3,0,11.0,30.095,11.0,0.0
233001874,41590-37926,37926,장외리,126.679033,37.170017,다사2708,서신면,0.27,2.7,3,0,11.0,30.095,11.0,0.0
233001875,41590-37784,37784,숲풀안앞,126.68565,37.1742,다사2708,서신면,2.45,0.59,3,0,11.0,30.095,11.0,0.0
233001876,41590-37783,37783,숲풀안앞,126.6856,37.174283,다사2708,서신면,0.75,4.99,3,0,11.0,30.095,11.0,0.0
233001877,41590-37785,37785,하길1리,126.93145,37.111617,다사4901,향남읍,1.13,1.65,1,0,2.0,6.857,2.0,0.0
233001878,41590-37779,37779,하길1리,126.93065,37.111283,다사4901,향남읍,0.68,1.08,1,0,2.0,6.857,2.0,0.0
233001879,41590-55512,55512,호반5차.르파비스,127.123733,37.182267,다사6609,동탄9동,452.92,216.49,4,0,13.0,31.314,13.0,0.571
233001880,41590-55513,55513,호반5차.르파비스,127.123617,37.1826,다사6609,동탄9동,169.18,330.66,4,0,13.0,31.314,13.0,0.571
233001881,41590-37936,37936,하내연수원,126.689717,37.184433,다사2809,서신면,0.01,0.01,0,1,4.0,12.0,4.0,0.0
233001883,41590-36604,36604,신수리,126.935683,37.226583,다사4914,봉담읍,0.43,2.72,2,0,5.0,4.762,5.0,0.214
233001884,41590-37924,37924,전곡삼거리,126.68925,37.187167,다사2810,서신면,2.65,0.05,1,0,0.571,2.087,0.571,0.0
233001885,41590-37781,37781,전곡리.엠보트,126.664867,37.195567,다사2511,송산면,0.03,0.03,0,1,3.571,10.087,3.571,0.0
233001886,41590-37921,37921,전곡항.서해랑케이블카,126.652667,37.187067,다사2511,송산면,0.08,23.6,2,0,3.571,10.087,3.571,0.0
233001887,41590-37928,37928,느티나무앞,126.69135,37.1743,다사2808,서신면,5.18,0.16,3,0,11.0,30.095,11.0,0.0
233001888,41590-37927,37927,느티나무앞,126.6914,37.174367,다사2808,서신면,0.13,6.33,3,0,11.0,30.095,11.0,0.0
233001889,41590-37959,37959,서신초등학교,126.7059,37.168717,다사2908,서신면,15.26,11.16,1,0,4.0,12.0,4.0,1.5
233001890,41590-37960,37960,서신초등학교,126.705967,37.168817,다사2908,서신면,3.67,9.35,1,0,4.0,12.0,4.0,1.5
233001891,41590-37023,37023,화성시남부복지관,126.933067,37.12785,다사4903,향남읍,1.53,0.77,0,1,4.0,10.599,4.0,0.0
233001892,41590-55925,55925,향남역,126.913333,37.12295,다사4702,향남읍,13.63,25.54,5,0,11.0,36.242,11.0,0.5
233001893,41590-55926,55926,향남역,126.913633,37.122733,다사4702,향남읍,20.96,20.18,5,0,11.0,36.242,11.0,0.5
233001894,41590-37028,37028,골재장,126.869083,37.200333,다사4411,비봉면,1.21,1.67,0,1,3.733,6.467,3.8,0.214
233001895,41590-37033,37033,골재장,126.869167,37.200533,다사4411,비봉면,1.24,0.98,0,1,3.733,6.467,3.8,0.214
233001896,41590-37034,37034,남양현대2차,126.823467,37.2005,다사3911,남양읍,1.85,0.45,0,1,6.19,14.24,6.4,0.522
233001897,41590-60095,60095,서화성역(셔틀버스전용),126.787683,37.2481,다사3616,남양읍,0.06,0.0,0,1,6.19,14.24,6.4,0.522
233001898,41590-37035,37035,북양3리,126.8595,37.208567,다사4312,남양읍,2.83,0.87,0,1,6.19,14.24,6.4,0.522
233003154,41590-55551,55551,목동초.베라체,127.1246,37.190083,다사6610,동탄9동,23.08,96.43,4,0,14.3,38.675,14.3,2.103
233003155,41590-55552,55552,e편한세상동탄,127.126083,37.190383,다사6610,동탄9동,270.95,261.37,4,0,14.3,38.675,14.3,2.103
233003156,41590-55553,55553,e편한세상동탄,127.12605,37.190217,다사6610,동탄9동,174.5,240.48,4,0,14.3,38.675,14.3,2.103
233003157,41590-55554,55554,목동중.금강4차,127.127117,37.189133,다사6610,동탄9동,38.03,57.85,4,0,14.3,38.675,14.3,2.103
233003158,41590-55555,55555,금강4차.목동중,127.1273,37.188933,다사6610,동탄9동,8.89,65.0,4,0,14.3,38.675,14.3,2.103
233003159,41590-55556,55556,한신더휴,127.1264,37.186583,다사6609,동탄9동,154.85,200.31,4,0,14.3,38.675,14.3,2.103
233003160,41590-55557,55557,경남아너스빌,127.126517,37.186467,다사6609,동탄9동,131.92,82.82,4,0,14.3,38.675,14.3,2.103
233003161,41590-55558,55558,호반베르디움5차,127.12525,37.1838,다사6609,동탄9동,84.96,304.56,4,0,14.3,38.675,14.3,2.103
233003162,41590-55559,55559,르파비스,127.125317,37.183467,다사6609,동탄9동,327.52,86.05,4,0,14.3,38.675,14.3,2.103
233003163,41590-55560,55560,호수자이파밀리에,127.105917,37.159067,다사6506,동탄8동,32.76,58.33,4,0,20.4,53.418,20.4,1.591
233003164,41590-55561,55561,롯데캐슬.제일풍경채,127.109083,37.157417,다사6506,동탄8동,42.55,29.52,4,0,20.4,53.418,20.4,1.591
233003165,41590-55562,55562,호반6차,127.112683,37.157067,다사6506,동탄8동,40.96,11.68,5,0,24.4,58.752,24.4,1.813
233003166,41590-55563,55563,레이크반도9차,127.116233,37.162017,다사6507,동탄8동,125.92,15.59,5,0,24.4,58.752,24.4,1.813
233003167,41590-55564,55564,동탄2아이파크1단지,127.119917,37.161367,다사6607,동탄7동,150.49,19.34,5,0,24.4,58.752,24.4,1.813
233003168,41590-55565,55565,동탄2아이파크2단지,127.120267,37.16,다사6606,동탄8동,121.14,18.9,5,0,24.4,58.752,24.4,1.813
233003169,41590-55580,55580,파크자이2차,127.046683,37.2011,다사5911,진안동,11.71,31.03,1,0,4.8,7.385,4.8,0.0
233003170,41590-55581,55581,파크자이2차,127.046833,37.20125,다사5911,진안동,35.4,10.87,1,0,4.8,7.385,4.8,0.0
233003171,41590-55582,55582,파크자이1차,127.050033,37.20095,다사6011,동탄3동,24.72,19.97,1,0,4.8,7.385,4.8,0.0
233003172,41590-55583,55583,파크자이1차,127.04965,37.201083,다사6011,동탄3동,69.08,26.39,1,0,4.8,7.385,4.8,0.0
233003173,41590-55618,55618,협성대정문,126.952067,37.2152,다사5113,봉담읍,260.73,47.99,4,0,22.609,36.374,22.609,4.6
233003174,41590-55701,55701,반도10차,127.127167,37.166417,다사6607,동탄7동,93.27,319.29,4,0,9.233,19.333,9.233,0.306
233003175,41590-55707,55707,갈담초교입구,126.9333,37.173,다사4908,봉담읍,0.01,0.02,2,0,0.0,0.0,0.0,0.0
233003176,41590-55708,55708,갈담초교입구,126.9335,37.172883,다사4908,봉담읍,0.01,0.0,2,0,0.0,0.0,0.0,0.0
233003177,41590-55709,55709,기산아파트입구,126.93525,37.175033,다사4908,봉담읍,0.0,0.02,2,0,0.0,0.0,0.0,0.0
233003178,41590-55710,55710,기산아파트입구,126.935233,37.1755,다사4908,봉담읍,0.02,0.16,2,0,0.0,0.0,0.0,0.0
233003179,41590-55711,55711,덕우공단입구,126.9158,37.1608,다사4807,봉담읍,4.43,2.78,4,0,2.0,4.8,2.0,0.0
233003180,41590-55712,55712,덕우공단입구,126.915683,37.16085,다사4807,봉담읍,2.99,4.34,4,0,2.0,4.8,2.0,0.0
233003181,41590-55713,55713,소동촌,126.90795,37.160767,다사4707,팔탄면,4.0,7.87,5,0,2.0,4.8,2.0,0.0
233003182,41590-55714,55714,청호인재개발원,126.9119,37.161483,다사4707,팔탄면,0.66,0.37,5,0,2.0,4.8,2.0,0.0
233003183,41590-55715,55715,청호인재개발원,126.911933,37.1616,다사4707,팔탄면,0.76,1.71,5,0,2.0,4.8,2.0,0.0
233003184,41590-55723,55723,신미주SK뷰,127.052317,37.21535,다사6013,진안동,23.28,32.41,2,0,6.0,13.053,6.0,0.053
233003185,41590-37810,37810,상신2리입구,126.9024,37.09855,다사4600,향남읍,33.0,31.65,2,0,4.0,16.0,4.0,0.5
233003186,41590-37760,37760,우미제일.전하리교회,127.079383,37.212133,다사6212,동탄1동,555.61,562.34,19,0,103.312,191.016,103.312,14.915
233531490,,,상신2리입구,126.902317,37.09865,다사4600,향남읍,0.0,0.0,0,0,0.0,0.0,0.0,0.0
233531550,,,(임시)서희스타힐스4차,126.8333,37.1913,다사4010,남양읍,0.0,0.0,0,0,0.0,0.0,0.0,0.0
233531630,,,기배동주민센터,126.983967,37.223867,다사5414,기배동,0.0,0.0,0,0,0.0,0.0,0.0,0.0
233531820,,,기배동주민센터,126.984033,37.223683,다사5413,기배동,0.0,0.0,0,0,0.0,0.0,0.0,0.0
233532650,,,배양1동,126.9977,37.226783,다사5513,기배동,0.0,0.0,0,0,0.0,0.0,0.0,0.0
233538020,,,소망의동산,126.950667,37.195517,다사5110,정남면,0.0,0.0,0,0,0.0,0.0,0.0,0.0
233539990,,,사강3리마을회관앞,126.724717,37.220317,다사3113,송산면,0.0,0.0,0,0,0.0,0.0,0.0,0.0
233540000,,,사강3리마을회관앞,126.72475,37.220133,다사3113,송산면,0.0,0.0,0,0,0.0,0.0,0.0,0.0
233540130,,,(임시)동탄숨마데시앙,127.134133,37.18185,다사6709,동탄9동,0.0,0.0,0,0,0.0,0.0,0.0,0.0
233540140,,,(임시)동탄아테라파밀리에,127.132967,37.183533,다사6709,동탄9동,0.0,0.0,0,0,0.0,0.0,0.0,0.0
233000768,41590-36021,36021,남양사거리,126.81905,37.209367,다사3912,남양읍,529.31,844.61,13,0,44.352,128.489,44.352,8.428
233000769,41590-36026,36026,(구)남양읍행정복지센터,126.823517,37.212,다사3912,남양읍,97.4,220.34,13,0,44.352,128.489,44.352,8.428
233000770,41590-36030,36030,루나포레아파트,126.831233,37.215633,다사4013,남양읍,57.14,145.69,10,0,24.638,62.601,24.638,2.167
233000771,41590-37776,37776,북양1리,126.8318,37.218983,다사4013,남양읍,63.21,77.84,13,0,36.638,87.744,36.638,2.381
233000772,41590-36042,36042,북양1리.염티고개,126.839033,37.222133,다사4113,남양읍,50.05,68.8,15,0,46.638,111.744,46.638,3.131
233000773,41590-37154,37154,양노리,126.859633,37.22875,다사4314,비봉면,4.15,18.84,13,0,36.638,87.744,36.638,2.381
233000774,41590-37161,37161,삼화리.천산아파트,126.862933,37.2361,다사4315,비봉면,42.63,28.0,13,0,34.28,73.458,34.28,2.825
233000775,41590-55858,55858,잿말,126.84885,37.253833,다사4217,비봉면,0.08,0.96,0,1,3.733,6.467,3.8,0.214
233000776,41590-37168,37168,천산아파트,126.865967,37.23655,다사4315,비봉면,37.73,59.54,14,0,35.138,76.281,35.138,2.825
233000777,41590-37170,37170,비봉초등학교후문.삼화3리,126.86815,37.236317,다사4315,비봉면,78.57,98.5,14,0,35.138,76.281,35.138,2.825
233000778,41590-37183,37183,비봉중고등학교,126.873217,37.236717,다사4415,비봉면,121.17,166.07,14,0,35.138,76.281,35.138,2.825
233000779,41590-37207,37207,구포리과수원,126.8821,37.24005,다사4515,비봉면,0.47,7.13,6,0,15.571,36.468,15.571,1.111
233000780,41590-37612,37612,구포3리,126.892067,37.24825,다사4616,비봉면,16.6,16.39,12,0,27.629,70.084,27.629,2.611
233000781,41590-37321,37321,천천리입구,126.94825,37.24385,다사5116,매송면,42.15,110.36,12,0,26.629,72.18,26.629,2.611
233000782,41590-37325,37325,삼미.쌍용아파트,126.953483,37.243433,다사5116,매송면,92.38,85.06,14,0,40.237,92.98,38.237,6.544
233000783,41590-36147,36147,수영오거리.봉담입구,126.962,37.23695,다사5115,봉담읍,35.66,371.48,5,0,6.4,12.686,6.4,0.133
233000784,41590-36134,36134,대진아이엠.LH3단지,126.953783,37.224967,다사5114,봉담읍,212.57,59.54,7,0,24.4,39.352,24.4,1.244
233000785,41590-36131,36131,동화리.동남아파트,126.9523,37.223167,다사5113,봉담읍,535.8,89.6,9,0,26.4,39.352,24.4,1.244
233000786,41590-36122,36122,봉담읍행정복지센터,126.94965,37.220333,다사5113,봉담읍,1487.95,801.62,19,0,54.809,95.745,52.809,4.384
233000787,41590-36118,36118,삼봉마을.신안인스빌,126.945917,37.217817,다사5013,봉담읍,496.92,311.15,10,0,32.009,58.381,32.009,2.459
233000788,41590-36113,36113,장안대학,126.944,37.21365,다사5012,봉담읍,284.81,121.12,10,0,30.4,51.352,28.4,1.994
233000789,41590-36110,36110,왕림휴게소,126.942817,37.203967,다사5011,봉담읍,42.85,10.54,5,0,6.4,12.686,6.4,0.133
233000790,41590-36102,36102,왕림리.상기리입구,126.939967,37.1972,다사5011,봉담읍,31.03,12.25,3,0,2.667,7.086,2.667,0.0
233000791,41590-36097,36097,가톨릭대학교,126.939417,37.193583,다사5010,봉담읍,149.81,29.18,5,0,20.667,33.752,20.667,1.111
233000792,41590-36092,36092,왕림4리.세곡리,126.9384,37.188967,다사5010,봉담읍,19.21,16.45,3,0,2.667,7.086,2.667,0.0
233000793,41590-36091,36091,당하리.흰돌산기도원입구,126.938383,37.18515,다사5009,봉담읍,105.35,19.29,5,0,20.667,33.752,20.667,1.111
233000794,41590-36081,36081,해병대사령부,126.936333,37.177683,다사4908,봉담읍,211.51,67.62,7,0,22.667,33.752,20.667,1.111
233000795,41590-36086,36086,화성푸드통합지원센터(로컬푸드직매장),126.936617,37.1726,다사4908,봉담읍,15.91,28.59,6,0,4.0,10.8,4.0,0.0
233000796,41590-36078,36078,덕리,126.93495,37.167883,다사4907,봉담읍,12.34,9.63,6,0,4.0,10.8,4.0,0.0
233000797,41590-36068,36068,진우아파트,126.930883,37.16185,다사4907,봉담읍,109.83,56.17,4,0,20.0,32.667,20.0,1.111
233000798,41590-37302,37302,가재3리.덕우공단입구,126.928117,37.156733,다사4906,팔탄면,28.59,53.14,2,0,2.0,6.0,2.0,0.0
233000799,41590-37294,37294,가재3리입구.가재4리,126.92525,37.15295,다사4806,봉담읍,9.44,23.05,1,0,2.0,6.0,2.0,0.0
233000800,41590-37285,37285,해병대보급중대,126.918117,37.1429,다사4805,팔탄면,26.74,21.51,1,0,2.0,6.0,2.0,0.0
233000801,41590-36762,36762,제약공단사원아파트앞,126.900517,37.111383,다사4601,향남읍,22.83,5.45,1,0,1.5,5.647,1.5,0.0
233000802,41590-36761,36761,상신1리마을앞,126.901167,37.107367,다사4601,향남읍,19.48,3.72,1,0,1.5,5.647,1.5,0.0
233000803,41590-37470,37470,상신6리,126.90155,37.103983,다사4600,향남읍,27.69,11.14,3,0,6.5,19.889,6.5,0.0
233000804,41590-36760,36760,한양수자인후문,126.90195,37.100817,다사4600,향남읍,46.18,6.83,3,0,6.5,19.889,6.5,0.0
233000805,41590-36759,36759,제약공단후문.구문천1리입구,126.91075,37.090183,다바4799,향남읍,62.32,5.67,4,0,7.5,28.504,7.5,0.5
233000806,41590-37469,37469,구문천리,126.9108,37.08815,다바4798,향남읍,112.97,20.38,4,0,7.5,28.504,7.5,0.5
233000807,41590-55859,55859,잿말,126.848667,37.253967,다사4217,비봉면,0.91,0.12,0,1,3.733,6.467,3.8,0.214
233000808,41590-36481,36481,황터입구,127.033083,37.139617,다사5804,정남면,0.0,0.0,0,0,0.0,0.0,0.0,0.0
233000809,41590-55860,55860,사창1리,126.970833,37.090883,다바5299,양감면,0.77,0.04,0,1,1.333,4.0,1.333,0.0
233000810,41590-60066,60066,마도농협,126.77175,37.204067,다사3511,마도면,0.99,0.42,0,1,15.0,42.095,15.0,1.5
233000812,41590-36758,36758,구문천리,126.91045,37.087383,다바4798,향남읍,24.75,149.7,3,0,6.167,16.504,6.167,0.0
233000813,41590-37468,37468,향남제약공단앞,126.90695,37.09595,다바4799,향남읍,3.19,21.77,4,0,7.5,28.504,7.5,0.5
233000814,41590-36757,36757,상신8리마을앞,126.900683,37.107267,다사4601,향남읍,5.15,17.61,1,0,1.5,5.647,1.5,0.0
233000815,41590-37467,37467,제약공단사원아파트앞,126.900083,37.1124,다사4601,향남읍,4.27,19.03,1,0,1.5,5.647,1.5,0.0
233000816,41590-37265,37265,발안농협,126.909417,37.12945,다사4703,향남읍,27.13,2.5,7,0,8.045,19.488,8.112,0.133
233000817,41590-37268,37268,발안사거리.평리,126.91025,37.131533,다사4703,향남읍,8.15,3.44,2,0,2.912,9.203,2.912,0.0
233000818,41590-55684,55684,호반6차.제일풍경채,127.111167,37.156533,다사6506,동탄8동,30.84,29.08,4,0,20.4,53.418,20.4,1.591
233000819,41590-37282,37282,가재4리.해병대보급중대,126.9177,37.142783,다사4805,팔탄면,22.58,21.13,1,0,2.0,6.0,2.0,0.0
233000820,41590-36764,36764,가재1리입구.자연샘,126.919467,37.1454,다사4805,팔탄면,15.34,12.4,1,0,2.0,6.0,2.0,0.0
233000821,41590-37296,37296,가재3리.가재3리입구,126.925517,37.153583,다사4806,봉담읍,19.2,10.14,1,0,2.0,6.0,2.0,0.0
233000822,41590-37301,37301,가재3리.덕우공단입구,126.927533,37.15625,다사4906,팔탄면,30.03,15.45,2,0,2.0,6.0,2.0,0.0
233000823,41590-36071,36071,진우아파트,126.930883,37.162533,다사4907,봉담읍,85.44,97.61,4,0,20.0,32.667,20.0,1.111
233000824,41590-36073,36073,팔탄입구,126.93205,37.164667,다사4907,봉담읍,9.66,31.92,6,0,4.0,10.8,4.0,0.0
233000825,41590-36077,36077,덕리,126.9347,37.16795,다사4907,봉담읍,7.82,16.64,6,0,4.0,10.8,4.0,0.0
233000826,41590-36082,36082,화성푸드통합지원센터(로컬푸드직매장),126.936317,37.1723,다사4908,봉담읍,14.4,15.03,6,0,4.0,10.8,4.0,0.0
233000827,41590-36083,36083,해병대사령부,126.93635,37.178667,다사4909,봉담읍,79.09,138.87,5,0,20.667,33.752,20.667,1.111
233000828,41590-36089,36089,당하리.흰돌산기도원입구,126.93815,37.185483,다사5009,봉담읍,34.35,146.38,5,0,20.667,33.752,20.667,1.111
233000829,41590-36090,36090,왕림4리.세곡리,126.938217,37.18935,다사5010,봉담읍,5.18,55.81,3,0,2.667,7.086,2.667,0.0
233000830,41590-36095,36095,가톨릭대학교,126.939167,37.193567,다사5010,봉담읍,46.71,101.92,5,0,20.667,33.752,20.667,1.111
233000831,41590-36103,36103,왕림리.상기리입구,126.93985,37.197883,다사5011,봉담읍,47.04,130.07,5,0,20.667,33.752,20.667,1.111
233000832,41590-36109,36109,왕림휴게소,126.94275,37.204467,다사5011,봉담읍,13.4,69.76,5,0,6.4,12.686,6.4,0.133
233000833,41590-36111,36111,장안대학,126.943633,37.213683,다사5012,봉담읍,82.02,237.8,8,0,28.4,51.352,28.4,1.994
233000835,41590-36119,36119,삼봉마을.신안인스빌,126.94565,37.217967,다사5013,봉담읍,163.84,333.08,9,0,29.409,54.952,29.409,2.244
233000836,41590-36123,36123,봉담읍행정복지센터,126.949283,37.2204,다사5113,봉담읍,1081.51,1364.71,15,0,47.409,86.317,47.409,4.169
233000837,41590-36128,36128,동화리.동남아파트,126.951967,37.2233,다사5113,봉담읍,126.68,699.39,7,0,24.4,39.352,24.4,1.244
233000838,41590-36135,36135,대진아이엠.LH3단지,126.953833,37.225533,다사5114,봉담읍,68.29,356.29,7,0,24.4,39.352,24.4,1.244
233000839,41590-36146,36146,수영오거리.봉담입구,126.9615,37.237033,다사5115,봉담읍,192.83,111.11,5,0,6.4,12.686,6.4,0.133
233000840,41590-37466,37466,행림마을.삼성래미안,127.0499,37.223767,다사6013,진안동,169.15,158.73,2,0,6.0,13.053,6.0,0.053
233000841,41590-36015,36015,남양성지,126.817117,37.20775,다사3912,남양읍,231.14,324.94,7,0,22.571,57.516,22.571,1.944
233000842,41590-37565,37565,어천역,126.909517,37.2492,다사4716,매송면,152.57,763.46,11,0,24.057,57.712,24.057,2.611
233000843,41590-37238,37238,숙곡리천불사,126.8987,37.2481,다사4616,비봉면,7.23,17.2,13,0,28.629,73.513,28.629,2.611
233000844,41590-37566,37566,어천역,126.909517,37.2493,다사4716,매송면,797.05,124.57,11,0,24.057,57.712,24.057,2.611
233000845,41590-37291,37291,51사단,126.920867,37.250967,다사4817,매송면,6.06,19.87,12,0,27.057,61.14,27.057,2.825
233001899,41590-37036,37036,북양3리,126.858983,37.2087,다사4312,남양읍,1.09,4.47,0,1,6.19,14.24,6.4,0.522
233001900,41590-37072,37072,금강1차.왕배초,127.111267,37.180267,다사6509,동탄6동,41.86,37.18,2,0,2.667,8.0,2.667,0.0
233001901,41590-55333,55333,세영리첼,126.82455,37.276167,다사4019,새솔동,11.53,110.38,2,0,8.6,21.333,8.6,3.556
233001902,41590-37073,37073,동원.다원중,127.103267,37.211783,다사6412,동탄5동,40.24,313.54,7,0,52.4,68.121,53.4,6.883
233001903,41590-37929,37929,장외리.오리골,126.66635,37.176683,다사2508,서신면,12.12,1.57,4,0,14.0,38.095,14.0,0.0
233001904,41590-55349,55349,제부도입구,126.660933,37.173567,다사2508,서신면,0.47,7.02,3,0,11.0,30.095,11.0,0.0
233001905,41590-37938,37938,하내연수원,126.6898,37.184417,다사2809,서신면,0.34,0.03,0,1,4.0,12.0,4.0,0.0
233001906,41590-36605,36605,화성시남부노인복지관입구,126.936033,37.128567,다사4903,향남읍,4.48,10.76,1,0,2.824,7.111,2.824,0.0
233001907,41590-37937,37937,광평리.고래몰,126.68965,37.178983,다사2809,서신면,0.19,0.03,0,1,4.0,12.0,4.0,0.0
233001909,41590-37782,37782,전곡삼거리,126.689367,37.18715,다사2810,서신면,0.29,1.92,1,0,0.571,2.087,0.571,0.0
233001910,41590-55334,55334,세영리첼,126.82485,37.27635,다사4019,새솔동,141.88,24.98,2,0,8.6,21.333,8.6,3.556
233001911,41590-37786,37786,유진레미콘,126.956417,37.139817,다사5104,향남읍,8.46,6.13,2,0,2.667,9.143,2.667,0.0
233001912,41590-37932,37932,전곡항.서해랑케이블카,126.6526,37.186983,다사2511,송산면,32.27,2.26,2,0,3.571,10.087,3.571,0.0
233001913,41590-55063,55063,전곡리.엠보트,126.665033,37.195733,다사2511,송산면,0.07,0.07,0,1,3.571,10.087,3.571,0.0
233001914,41590-36606,36606,서영정밀,126.989467,37.11305,다사5401,양감면,0.04,0.89,0,1,1.333,4.0,1.333,0.0
233001915,41590-37939,37939,광평리.고래몰,126.68955,37.178967,다사2809,서신면,0.08,0.05,0,1,4.0,12.0,4.0,0.0
233001920,41590-37935,37935,유앤아이.화성시청소년수련관,127.03435,37.203117,다사5811,병점1동,73.73,258.45,7,0,21.0,48.857,21.0,1.333
233001921,41590-37933,37933,유앤아이.화성시청소년수련관,127.034717,37.202317,다사5811,병점1동,192.13,65.45,7,0,21.0,48.857,21.0,1.333
233001922,41590-36607,36607,반월체육센터,127.052367,37.230583,다사6014,반월동,2.32,0.63,0,1,8.8,22.0,8.8,0.833
233001923,41590-55363,55363,유포리,126.83965,37.246217,다사4116,비봉면,0.92,1.87,1,0,0.857,2.824,0.857,0.0
233001924,41590-55927,55927,동원로얄듀크,127.1025,37.209533,다사6412,동탄5동,52.95,14.92,1,0,6.0,16.0,6.0,0.0
233001925,41590-37922,37922,전곡1리.당고지,126.700333,37.199717,다사2911,송산면,0.02,0.36,1,0,0.571,2.087,0.571,0.0
233001926,41590-37923,37923,전곡1리마을회관,126.69685,37.1972,다사2811,서신면,0.77,2.5,1,0,0.571,2.087,0.571,0.0
233001927,41590-37780,37780,전곡삼거리마트,126.690917,37.185633,다사2809,서신면,0.39,1.34,1,0,0.571,2.087,0.571,0.0
233001928,41590-55350,55350,돈말입구,126.6638,37.17505,다사2508,서신면,1.39,0.07,3,0,11.0,30.095,11.0,0.0
233001929,41590-60102,60102,서신성당,126.701117,37.163433,다사2907,서신면,0.15,0.66,0,1,4.0,12.0,4.0,0.0
233001930,41590-55351,55351,돈말입구,126.663783,37.174817,다사2508,서신면,0.07,1.78,3,0,11.0,30.095,11.0,0.0
233001931,41590-60107,60107,서울종묘앞,126.8206,37.17395,다사3908,남양읍,0.45,0.1,0,1,6.19,14.24,6.4,0.522
233001932,41590-37947,37947,석포3리,126.831133,37.120533,다사4002,장안면,0.03,0.24,1,0,1.5,5.647,1.5,0.0
233001933,41590-60118,60118,화성시청역1번출구,126.82065,37.18895,다사3910,남양읍,1.54,3.13,0,1,6.19,14.24,6.4,0.522
233001934,41590-37940,37940,KEB하나은행발안지점,126.910783,37.133367,다사4704,향남읍,199.02,580.52,12,0,22.202,60.023,22.202,1.234
233001935,41590-37941,37941,발안주공아파트,126.899083,37.131067,다사4603,향남읍,1.79,7.88,3,0,5.543,12.373,6.4,0.467
233001936,41590-37277,37277,발안기업은행,126.91015,37.130283,다사4703,향남읍,2.92,37.82,7,0,8.045,19.488,8.112,0.133
233001937,41590-60112,60112,숙곡리,126.908583,37.261117,다사4718,매송면,0.75,0.87,0,1,13.0,32.0,13.0,0.75
233001938,41590-36608,36608,신창아파트,126.952317,37.236983,다사5115,봉담읍,1.8,2.67,0,1,6.0,12.0,6.0,0.133
233001939,41590-37943,37943,자연앤아너스빌,127.0608,37.208567,다사6112,동탄1동,306.34,299.66,4,0,20.8,45.203,20.8,2.924
233001940,41590-37018,37018,화성시남부복지관,126.933367,37.127433,다사4903,향남읍,0.33,3.5,0,1,4.0,10.599,4.0,0.0
233001943,41590-36002,36002,남양뉴타운.상가단지,126.825817,37.200917,다사4011,남양읍,375.07,276.66,10,0,26.781,53.069,26.781,1.586
233001944,41590-37964,37964,요당2리,126.91585,37.066767,다바4896,양감면,5.39,1.93,0,1,1.333,4.0,1.333,0.0
233001945,41590-55173,55173,서봉마을19단지,126.903917,37.110483,다사4701,향남읍,1.43,23.04,4,0,11.0,27.099,11.0,0.429
233001946,41590-55928,55928,화성남양시티프라디움4차,126.832283,37.212533,다사4012,남양읍,39.55,40.93,3,0,13.0,22.476,13.0,0.659
233001947,41590-37962,37962,청요2리입구,126.893,37.2025,다사4611,비봉면,0.9,0.9,2,0,2.133,4.926,2.133,0.0
233001948,41590-55219,55219,대양2리,126.95035,37.0878,다바5198,양감면,2.95,2.6,0,1,1.333,4.0,1.333,0.0
233001949,41590-55929,55929,e편한세상남양뉴타운아파트,126.836267,37.21195,다사4112,남양읍,0.97,1.39,0,1,6.19,14.24,6.4,0.522
233001950,41590-55408,55408,대양3리마을회관,126.9296,37.086667,다바4998,양감면,0.93,0.84,0,1,1.333,4.0,1.333,0.0
233001951,41590-37980,37980,안골목장,126.93965,37.121617,다사5002,향남읍,0.01,1.24,1,0,1.412,3.556,1.412,0.0
233001952,41590-37981,37981,안골목장,126.939483,37.122767,다사5002,향남읍,1.15,0.21,1,0,1.412,3.556,1.412,0.0
233001953,41590-55566,55566,정현초.청림중,127.112983,37.172317,다사6508,동탄7동,137.43,170.71,2,0,10.0,28.675,10.0,1.591
233001954,41590-55567,55567,호수부영3차,127.108167,37.172333,다사6508,동탄7동,84.85,55.07,3,0,14.0,38.275,14.0,1.591
233001955,41590-37991,37991,화성소방서.향남홈플러스,126.920917,37.13045,다사4803,향남읍,435.69,158.45,13,0,36.47,84.173,37.328,2.361
233001956,41590-37957,37957,상록하늘채,126.925233,37.131133,다사4803,향남읍,7.82,19.76,5,0,9.122,20.498,9.122,0.429
233001957,41590-37958,37958,대방노블랜드,126.925183,37.130933,다사4803,향남읍,8.68,22.02,4,0,7.122,15.698,7.122,0.429
233001960,41590-37661,37661,반석초등학교,127.077467,37.1934,다사6210,동탄2동,417.59,105.31,3,0,8.0,17.524,8.0,0.571
233001961,41590-37669,37669,반송고등학교,127.077383,37.193217,다사6210,동탄2동,135.5,304.85,3,0,8.0,17.524,8.0,0.571
233001962,41590-55130,55130,사랑의교회,127.08085,37.193583,다사6210,동탄2동,36.28,40.61,3,0,7.0,13.333,7.0,0.0
233001963,41590-36136,36136,반월e편한세상,127.059667,37.225983,다사6014,반월동,12.77,2.18,0,1,8.8,22.0,8.8,0.833
233001964,41590-55359,55359,수작이교차로,126.815483,37.21305,다사3912,남양읍,0.09,0.22,0,1,6.19,14.24,6.4,0.522
233001965,41590-36137,36137,반월e편한세상,127.060633,37.226833,다사6114,반월동,23.1,35.18,0,1,8.8,22.0,8.8,0.833
233001966,41590-36609,36609,KBS송신소입구,126.7791,37.211,다사3612,마도면,0.01,0.04,0,1,15.0,42.095,15.0,1.5
233001967,41590-36610,36610,아이들하우스입구,126.77925,37.210883,다사3612,마도면,0.18,0.03,0,1,15.0,42.095,15.0,1.5
233001968,41590-37666,37666,롯데캐슬.복합문화센터,127.070767,37.201233,다사6111,동탄1동,325.13,875.13,4,0,12.0,25.524,12.0,1.321
233001969,41590-36154,36154,방교동일반산업단지,127.087983,37.172367,다사6308,동탄6동,39.66,55.7,0,1,4.0,10.667,4.0,0.571
233001970,41590-37009,37009,하기등리,126.9357,37.145683,다사4905,봉담읍,0.48,0.01,1,0,1.043,3.0,1.043,0.0
233001971,41590-37988,37988,신일유토빌,127.07435,37.2072,다사6212,동탄1동,25.25,3.96,1,0,4.0,6.857,4.0,0.571
233001972,41590-55364,55364,잎새지하차도,127.0716,37.209433,다사6112,동탄1동,16.55,11.97,2,0,7.0,20.0,7.0,0.75
233001973,41590-55088,55088,잎새지하차도,127.0713,37.209067,다사6112,동탄1동,16.19,49.43,2,0,7.0,20.0,7.0,0.75
233001975,41590-36742,36742,남양뉴타운4단지,126.832867,37.2101,다사4012,남양읍,225.25,47.83,6,0,26.0,54.476,26.0,1.409
233001976,41590-37955,37955,농심물류센터,126.955517,37.1367,다사5104,향남읍,2.18,7.04,2,0,2.667,9.143,2.667,0.0
233001977,41590-37956,37956,상신3리.검정골(좌회전전용),126.902883,37.098783,다사4600,향남읍,27.26,18.23,2,0,4.0,16.0,4.0,0.5
233001978,41590-37954,37954,IT단지(중),127.074133,37.224717,다사6213,동탄1동,404.71,431.0,9,0,34.112,84.442,34.112,2.012
233001979,41590-37974,37974,모아미래도.자연앤,127.0521,37.207583,다사6012,동탄3동,13.09,28.62,0,1,8.8,21.869,8.8,0.833
233001980,41590-37975,37975,모아미래도.자연앤,127.052367,37.207517,다사6012,동탄3동,12.2,3.42,0,1,8.8,21.869,8.8,0.833
233001981,41590-37976,37976,푸른마을.두산위브,127.053367,37.202917,다사6011,동탄3동,1.73,14.1,0,1,8.8,21.869,8.8,0.833
233001982,41590-37977,37977,푸른마을.두산위브,127.053583,37.203183,다사6011,동탄3동,10.71,2.39,0,1,8.8,21.869,8.8,0.833
233001983,41590-37951,37951,숲속자연앤,127.060033,37.20715,다사6012,동탄3동,91.61,165.31,4,0,20.8,45.203,20.8,2.924
233001984,41590-37952,37952,숲속자연앤,127.060383,37.2072,다사6012,동탄3동,171.91,130.1,4,0,20.8,45.203,20.8,2.924
233001985,41590-37953,37953,모아미래도,127.059267,37.200267,다사6011,동탄3동,0.92,9.5,1,0,4.0,8.0,4.0,0.5
233000846,41590-37299,37299,원평,126.923217,37.250367,다사4816,매송면,9.51,15.02,12,0,27.057,61.14,27.057,2.825
233000847,41590-37305,37305,전승아파트,126.930617,37.246383,다사4916,매송면,6.33,26.56,10,0,22.057,56.378,22.057,2.611
233000848,41590-37309,37309,일광사,126.9402,37.244517,다사5016,매송면,0.85,8.84,10,0,22.057,56.378,22.057,2.611
233000849,41590-37313,37313,천천리,126.942383,37.244667,다사5016,매송면,18.09,26.5,10,0,22.057,56.378,22.057,2.611
233000850,41590-37563,37563,광평삼거리,126.6889,37.17475,다사2708,서신면,29.36,1.24,4,0,14.0,38.095,14.0,0.0
233000851,41590-37579,37579,광평주유소,126.6951,37.1728,다사2808,서신면,9.34,0.3,3,0,11.0,30.095,11.0,0.0
233000852,41590-37040,37040,매화리,126.703633,37.1686,다사2908,서신면,10.92,9.55,3,0,11.0,30.095,11.0,0.0
233000853,41590-37045,37045,서신터미널,126.705233,37.1694,다사2908,서신면,146.62,16.5,5,0,18.0,50.095,18.0,1.5
233000854,41590-37068,37068,육일2리.코스코밸리,126.72285,37.1995,다사3111,마도면,61.85,2.48,5,0,18.0,50.095,18.0,1.5
233000855,41590-37080,37080,사강복지회관,126.732733,37.2127,다사3112,송산면,274.9,143.18,6,0,18.571,52.182,18.571,1.5
233000856,41590-55676,55676,화성의과학대학교입구,126.83855,37.204283,다사4111,남양읍,0.99,19.29,5,0,9.19,15.176,10.048,0.475
233000857,41590-37562,37562,구리섬앞,126.7646,37.208717,다사3412,마도면,0.18,4.13,5,0,15.571,44.182,15.571,1.5
233000858,41590-37089,37089,송산농협.사강정형외과,126.738617,37.2135,다사3213,송산면,32.68,203.98,6,0,18.571,52.182,18.571,1.5
233000859,41590-37085,37085,사강시장,126.73645,37.213183,다사3212,송산면,43.1,245.03,6,0,18.571,52.182,18.571,1.5
233000860,41590-37069,37069,육일2리.코스코밸리,126.722883,37.200167,다사3111,마도면,2.33,53.61,4,0,15.0,42.095,15.0,1.5
233000861,41590-37061,37061,신흥사,126.713483,37.189817,다사3010,서신면,0.73,12.4,4,0,15.0,42.095,15.0,1.5
233000862,41590-37054,37054,상안2리.SK주유소,126.70815,37.179583,다사2909,서신면,2.79,24.1,4,0,15.0,42.095,15.0,1.5
233000863,41590-37043,37043,서신,126.705083,37.169433,다사2908,서신면,15.33,131.48,5,0,18.0,50.095,18.0,1.5
233000864,41590-37031,37031,광평리,126.694417,37.172983,다사2808,서신면,0.32,10.32,3,0,11.0,30.095,11.0,0.0
233000865,41590-37020,37020,장외리,126.6807,37.17425,다사2708,서신면,0.86,14.55,4,0,14.0,38.095,14.0,0.0
233000866,41590-37016,37016,장외리.지긋말,126.678317,37.1684,다사2708,서신면,0.28,12.58,4,0,14.0,38.095,14.0,0.0
233000867,41590-37015,37015,큰말입구,126.6748,37.165917,다사2607,서신면,0.2,7.22,3,0,11.0,30.095,11.0,0.0
233000868,41590-37012,37012,송교1리,126.66925,37.163683,다사2607,서신면,0.37,3.75,3,0,11.0,30.095,11.0,0.0
233000870,41590-55868,55868,빈정마을입구,126.8622,37.270533,다사4318,비봉면,0.02,0.01,0,1,3.733,6.467,3.8,0.214
233000871,41590-37007,37007,개경촌,126.664333,37.1648,다사2607,서신면,0.18,5.16,3,0,11.0,30.095,11.0,0.0
233000872,41590-37001,37001,제부도입구,126.65855,37.172117,다사2508,서신면,2.08,51.55,4,0,14.0,38.095,14.0,0.0
233000873,41590-37175,37175,비봉성당,126.8712,37.249717,다사4416,비봉면,44.14,99.28,3,0,9.08,18.569,9.08,0.0
233000875,41590-55870,55870,건농골교차로,126.84975,37.25605,다사4217,비봉면,1.46,1.34,0,1,3.733,6.467,3.8,0.214
233000876,41590-55871,55871,건농골교차로,126.849733,37.255667,다사4217,비봉면,0.27,1.61,0,1,3.733,6.467,3.8,0.214
233000877,41590-37097,37097,돼지고개.삼존리물미,126.755383,37.211683,다사3312,마도면,4.43,11.1,5,0,15.571,44.182,15.571,1.5
233000878,41590-37095,37095,봉가1리,126.745317,37.212283,다사3312,마도면,6.23,27.55,5,0,15.571,44.182,15.571,1.5
233000879,41590-36767,36767,상안리.한국발효,126.716717,37.192983,다사3010,서신면,7.92,0.25,4,0,15.0,42.095,15.0,1.5
233000881,41590-36766,36766,용두2리,126.700933,37.147417,다사2905,서신면,3.63,0.22,1,0,4.0,12.0,4.0,1.5
233000882,41590-36765,36765,궁평2리.해운초등학교,126.702267,37.13885,다사2904,서신면,5.5,0.07,1,0,4.0,12.0,4.0,1.5
233000883,41590-37482,37482,궁평교회,126.6986,37.13555,다사2804,서신면,0.03,2.84,1,0,4.0,12.0,4.0,1.5
233000884,41590-37029,37029,박고지,126.69345,37.129867,다사2803,서신면,0.5,4.46,1,0,4.0,12.0,4.0,1.5
233000885,41590-55872,55872,온석1교차로,126.844617,37.164317,다사4107,남양읍,0.34,1.01,1,0,1.143,3.84,2.0,0.0
233000886,41590-55677,55677,남양뉴타운입구,126.8326,37.213733,다사4012,남양읍,85.07,39.57,5,0,22.0,42.476,22.0,1.409
233000887,41590-37621,37621,장안초등학교,126.823917,37.084833,다바3998,우정읍,0.0,0.0,1,0,3.0,7.385,3.0,0.0
233000888,41590-37610,37610,대장골,126.842833,37.2537,다사4117,비봉면,0.28,0.26,1,0,0.857,2.824,0.857,0.0
233000889,41590-55873,55873,온석1교차로,126.844817,37.164333,다사4107,남양읍,0.27,0.97,1,0,1.143,3.84,2.0,0.0
233000890,41590-36584,36584,경찰특공대,127.0115,37.145567,다사5605,정남면,3.2,1.13,0,1,2.0,6.857,2.0,0.0
233000891,41590-37298,37298,매송초등학교,126.927217,37.2489,다사4916,매송면,142.51,37.18,10,0,22.057,56.378,22.057,2.611
233000892,41590-55874,55874,에듀시티파라곤,126.971133,37.21785,다사5313,봉담읍,31.17,19.66,4,0,8.4,19.333,8.4,0.0
233000893,41590-55875,55875,에듀시티파라곤,126.971,37.218033,다사5313,봉담읍,23.55,55.73,4,0,8.4,19.333,8.4,0.0
233000894,41590-36426,36426,수원대앞(마을),126.979367,37.2139,다사5312,봉담읍,91.9,25.38,0,1,6.0,12.0,6.0,0.133
233000895,41590-37576,37576,청요사거리,126.8801,37.1977,다사4411,비봉면,0.02,0.09,1,0,0.733,2.286,0.8,0.0
233000896,,,(임시)행복주택,127.141833,37.18815,다사6809,동탄9동,11.79,36.72,1,0,1.333,4.0,1.333,0.0
233000897,41590-55878,55878,대한불교조계종앞,126.906567,37.174467,다사4708,팔탄면,0.23,0.62,2,0,2.4,3.2,2.4,0.133
233000898,41590-37575,37575,청요사거리,126.880083,37.198267,다사4411,비봉면,23.06,6.27,5,0,9.947,20.181,10.014,0.429
233000899,41590-37213,37213,청요3리마을회관,126.886067,37.20065,다사4511,비봉면,1.56,0.42,2,0,2.133,4.926,2.133,0.0
233000900,41590-55879,55879,대한불교조계종앞,126.906433,37.174633,다사4708,팔탄면,1.24,1.56,2,0,2.4,3.2,2.4,0.133
233000901,41590-55881,55881,기천1리.청솔마을,126.908383,37.179067,다사4709,팔탄면,3.01,1.89,1,0,2.4,3.2,2.4,0.133
233000902,41590-36729,36729,상기리입구,126.94115,37.1998,다사5011,봉담읍,89.12,35.55,7,0,24.4,39.352,24.4,1.244
233000903,41590-36099,36099,아울렛패션몰,126.939483,37.20005,다사5011,봉담읍,4.17,12.17,2,0,3.733,5.6,3.733,0.133
233000904,41590-55882,55882,기천1리.청솔마을,126.908283,37.179233,다사4709,팔탄면,1.66,3.5,2,0,2.4,3.2,2.4,0.133
233000905,41590-36427,36427,어은1리한양빌라앞,126.8368,37.097967,다사4100,장안면,1.45,4.15,1,0,2.0,2.667,2.0,0.306
233000906,41590-36069,36069,세거리.상기1리,126.930867,37.20315,다사4911,봉담읍,0.01,2.0,2,0,3.733,5.6,3.733,0.133
233000907,41590-36064,36064,즘곰마을.상기1리,126.924383,37.200667,다사4811,봉담읍,0.55,4.53,2,0,3.733,5.6,3.733,0.133
233000908,41590-36056,36056,상기2리,126.915917,37.1982,다사4811,봉담읍,0.13,3.46,1,0,1.333,2.4,1.333,0.0
233000909,41590-36054,36054,초당골,126.910717,37.19805,다사4711,봉담읍,0.39,0.02,1,0,1.333,2.4,1.333,0.0
233000910,41590-37249,37249,기천저수지,126.900867,37.19375,다사4610,팔탄면,0.93,2.56,1,0,1.333,2.4,1.333,0.0
233000911,41590-60069,60069,숙곡1리,126.911917,37.263883,다사4718,매송면,0.24,0.03,0,1,13.0,32.0,13.0,0.75
233000912,41590-36213,36213,수원과학대학,126.979867,37.1926,다사5310,정남면,38.55,149.39,1,0,2.0,6.0,2.0,0.0
233000913,41590-36212,36212,수원과학대학,126.979817,37.193217,다사5310,정남면,213.3,64.46,1,0,2.0,6.0,2.0,0.0
233000914,41590-36158,36158,보통리입구,126.96925,37.1987,다사5211,봉담읍,9.29,2.29,0,1,6.0,12.0,6.0,0.133
233000915,41590-36156,36156,보통리입구,126.96935,37.198567,다사5211,봉담읍,2.08,8.16,0,1,6.0,12.0,6.0,0.133
233000916,41590-55619,55619,동탄제일병원,127.0784,37.216783,다사6213,동탄1동,23.13,183.23,0,1,18.667,45.203,18.667,2.012
233000917,41590-36125,36125,한신아파트,126.950267,37.218083,다사5113,봉담읍,7.63,5.69,0,1,6.0,12.0,6.0,0.133
233000918,41590-60070,60070,숙곡1리,126.912217,37.263783,다사4718,매송면,0.05,0.91,0,1,13.0,32.0,13.0,0.75
233000919,41590-37293,37293,전곡산업단지,126.672867,37.185667,다사2609,서신면,0.11,6.04,1,0,0.571,2.087,0.571,0.0
233000920,41590-60071,60071,숙곡1리입구,126.913317,37.261633,다사4718,매송면,1.24,0.06,0,1,13.0,32.0,13.0,0.75
233000921,41590-36074,36074,팔탄입구,126.932233,37.164533,다사4907,봉담읍,20.04,11.93,6,0,4.0,10.8,4.0,0.0
233000922,41590-55884,55884,삼봉근린공원,126.94375,37.225267,다사5014,봉담읍,2.54,7.02,2,0,4.0,7.333,4.0,0.0
233000923,41590-36803,36803,구장1리(새터말.율암리),126.8989,37.155217,다사4606,팔탄면,11.74,16.73,9,0,15.547,30.989,15.614,0.895
233000924,41590-37256,37256,화성중고등학교,126.90605,37.137933,다사4704,향남읍,29.61,19.53,6,0,9.147,17.655,9.214,0.429
233000925,41590-37234,37234,지월리입구,126.89805,37.145067,다사4605,팔탄면,5.15,5.82,9,0,15.547,30.989,15.614,0.895
233000926,41590-37216,37216,매곡리,126.888383,37.117433,다사4502,팔탄면,2.58,12.66,4,0,7.5,20.504,7.5,0.639
233001986,41590-55621,55621,수영리검사소,126.968633,37.232683,다사5214,봉담읍,0.0,0.0,5,0,53.0,30.667,53.0,0.0
233001987,41590-37949,37949,청요2리입구,126.893233,37.202633,다사4611,비봉면,1.96,2.51,2,0,2.133,4.926,2.133,0.0
233001988,41590-37978,37978,신영지웰아파트,126.9217,37.12605,다사4803,향남읍,61.08,50.55,2,0,5.043,9.857,5.043,0.429
233001989,41590-36478,36478,용소2리,126.9744,37.074367,다바5397,양감면,1.26,1.1,0,1,1.333,4.0,1.333,0.0
233001990,41590-60113,60113,일마레앞,126.619867,37.162133,다사2208,서신면,5.16,1.76,0,1,4.0,12.0,4.0,0.0
233001991,41590-55330,55330,우림필유,126.831233,37.20835,다사4012,남양읍,0.12,1.92,0,1,6.19,14.24,6.4,0.522
233001992,41590-55331,55331,현대아이파크,126.8317,37.206217,다사4012,남양읍,0.09,3.86,0,1,6.19,14.24,6.4,0.522
233001993,41590-55584,55584,동탄행복마을푸르지오아파트,127.118967,37.209583,다사6612,동탄5동,57.5,56.31,2,0,14.0,21.333,14.0,1.5
233001994,41590-55439,55439,능동은행사거리.동탄시티병원,127.061867,37.209167,다사6112,동탄1동,49.23,37.78,6,0,10.524,27.869,10.524,0.053
233001995,41590-37971,37971,봉담읍행정복지센터.봉담도서관,126.949467,37.2196,다사5113,봉담읍,10.01,77.36,1,0,2.4,6.0,2.4,0.0
233001996,41590-55572,55572,우방아이유쉘,127.0059,37.202367,다사5611,화산동,72.87,18.5,3,0,4.667,14.0,4.667,0.0
233001997,41590-37967,37967,장안대후문,126.945867,37.2164,다사5013,봉담읍,71.85,146.85,2,0,5.009,15.6,5.009,1.0
233001998,41590-37969,37969,협성대학교정문,126.952133,37.215067,다사5113,봉담읍,49.84,285.71,4,0,23.009,36.374,23.009,4.6
233001999,41590-37973,37973,현대기아연구소,126.818267,37.1612,다사3907,남양읍,55.04,49.16,2,0,10.4,28.0,10.4,0.0
233002000,41590-36188,36188,신동탄롯데캐슬,127.067467,37.228117,다사6114,반월동,4.81,0.34,0,1,8.8,22.0,8.8,0.833
233002001,41590-37985,37985,화남아파트,127.037117,37.213033,다사5812,진안동,57.69,26.74,0,1,6.0,14.667,6.0,0.053
233002002,41590-37725,37725,색종이어린이공원,127.0369,37.21435,다사5812,진안동,7.07,21.36,0,1,6.0,14.667,6.0,0.053
233002003,41590-37984,37984,진안중앙교회,127.03675,37.214433,다사5812,진안동,44.0,15.5,0,1,6.0,14.667,6.0,0.053
233002004,41590-37368,37368,화리현리입구,126.942617,37.1161,다사5002,향남읍,1.7,1.55,1,0,2.0,6.857,2.0,0.0
233002005,41590-37986,37986,원룸단지앞,127.039717,37.2157,다사5913,진안동,10.7,2.64,0,1,6.0,14.667,6.0,0.053
233002006,41590-55445,55445,호반3차.창의고,127.1197,37.179733,다사6609,동탄9동,30.43,52.12,4,0,9.233,23.6,9.233,0.083
233002007,41590-37983,37983,주공12단지,127.0419,37.21675,다사5913,진안동,43.98,23.34,0,1,6.0,14.667,6.0,0.053
233002008,41590-55058,55058,신남3리,126.8146,37.176283,다사3908,남양읍,2.13,36.18,3,0,8.114,20.174,8.114,0.261
233002009,41590-55061,55061,신남3리,126.814583,37.175967,다사3908,남양읍,33.52,1.83,3,0,8.114,20.174,8.114,0.261
233002010,41590-37427,37427,안석2리,126.81725,37.178267,다사3909,남양읍,12.37,1.17,2,0,4.114,8.174,4.114,0.261
233002011,41590-55059,55059,신남1리,126.818033,37.1806,다사3909,남양읍,0.17,8.97,2,0,4.114,8.174,4.114,0.261
233002012,41590-55810,55810,신남4리.외만리,126.819183,37.182617,다사3909,남양읍,4.14,0.37,2,0,4.114,8.174,4.114,0.261
233002013,41590-55057,55057,향남부영11단지정문,126.917783,37.1095,다사4801,향남읍,8.71,2.25,3,0,3.97,13.15,4.828,0.0
233002014,41590-60114,60114,찬우물,126.914367,37.25475,다사4817,매송면,0.88,0.18,0,1,13.0,32.0,13.0,0.75
233002015,41590-55056,55056,화성시청역,126.820983,37.18865,다사3910,남양읍,3.82,1.47,2,0,4.114,8.174,4.114,0.261
233002016,41590-55001,55001,동화휴먼시아2단지,126.959833,37.2175,다사5213,봉담읍,152.03,72.58,0,1,6.0,12.0,6.0,0.133
233002017,41590-55585,55585,현대트랜시스,127.103833,37.21615,다사6412,동탄5동,12.87,11.39,1,0,1.0,0.0,0.0,0.0
233002018,41590-37992,37992,향남지웰2차아파트,126.919483,37.1299,다사4803,향남읍,1.01,2.09,1,0,4.0,6.857,4.0,0.0
233002019,41590-37995,37995,우미린아파트.향일고,126.91785,37.13,다사4803,향남읍,2.27,1.99,1,0,4.0,6.857,4.0,0.0
233002020,41590-37994,37994,신명스카이뷰,126.9149,37.1281,다사4803,향남읍,3.07,4.95,1,0,4.0,6.857,4.0,0.0
233002021,41590-37996,37996,신명스카이뷰.휴먼시아5단지,126.915917,37.126133,다사4803,향남읍,9.76,42.56,5,0,13.0,36.242,13.0,0.5
233002022,41590-37993,37993,에일린의뜰.휴먼시아6단지,126.919383,37.12595,다사4803,향남읍,6.93,25.29,5,0,13.0,36.242,13.0,0.5
233002023,41590-37999,37999,신영지웰아파트,126.921717,37.125867,다사4803,향남읍,2.26,4.82,2,0,5.043,9.857,5.043,0.429
233002024,41590-37998,37998,한일베라채,126.924383,37.125833,다사4803,향남읍,5.17,3.61,2,0,5.043,9.857,5.043,0.429
233002025,41590-37990,37990,향남중고등학교,126.927183,37.128967,다사4903,향남읍,5.51,9.21,2,0,5.043,9.857,5.043,0.429
233002027,41590-55586,55586,서희스타힐스.호수부영1차,127.117383,37.1719,다사6608,동탄7동,121.58,78.41,5,0,15.233,42.675,15.233,1.674
233002028,41590-55022,55022,동탄3동행정복지센터,127.0587,37.210133,다사6012,동탄3동,42.66,85.97,6,0,10.524,27.869,10.524,0.053
233002029,41590-55023,55023,크리스찬교회,127.058817,37.210317,다사6012,동탄3동,86.68,37.26,6,0,10.524,27.869,10.524,0.053
233002030,41590-55021,55021,이지더원,127.055917,37.211583,다사6012,동탄3동,21.55,41.09,6,0,10.524,27.869,10.524,0.053
233002031,41590-55020,55020,경남아너스빌,127.055533,37.2115,다사6012,동탄3동,20.86,35.39,6,0,10.524,27.869,10.524,0.053
233002032,41590-55014,55014,신미주,127.0526,37.214,다사6012,동탄3동,66.38,14.9,5,0,8.524,21.869,8.524,0.053
233002033,41590-55016,55016,밀알교회,127.0528,37.214167,다사6012,동탄3동,6.13,30.07,3,0,5.667,13.053,5.667,0.053
233002034,41590-55015,55015,SK뷰2차아파트,127.051683,37.2164,다사6013,진안동,73.27,41.87,2,0,6.0,13.053,6.0,0.053
233002035,41590-55011,55011,SK뷰2차아파트,127.05175,37.217,다사6013,진안동,80.13,84.53,2,0,6.0,13.053,6.0,0.053
233002036,41590-55010,55010,기산삼거리,127.047233,37.226233,다사5914,진안동,24.23,32.07,2,0,6.0,13.053,6.0,0.053
233002037,41590-55009,55009,기산삼거리,127.047433,37.226317,다사5914,진안동,17.86,39.24,2,0,6.0,13.053,6.0,0.053
233002038,41590-55587,55587,호수부영1차.서희스타힐스,127.117283,37.171633,다사6608,동탄7동,127.85,216.22,5,0,15.233,42.675,15.233,1.674
233002039,41590-60018,60018,비봉LH아파트,126.8753,37.243183,다사4416,비봉면,110.83,73.64,5,0,12.814,24.284,12.88,0.214
233002040,41590-60019,60019,비봉LH아파트,126.875233,37.242933,다사4416,비봉면,89.11,72.92,5,0,12.814,24.284,12.88,0.214
233002041,41590-55040,55040,동화휴먼시아5단지,126.963433,37.214817,다사5213,봉담읍,220.59,83.82,7,0,25.409,54.99,25.409,4.975
233002042,41590-55042,55042,임광그대가3단지,126.969767,37.217267,다사5213,봉담읍,36.42,30.11,4,0,8.4,19.333,8.4,0.0
233002043,41590-55041,55041,임광그대가3단지,126.969233,37.217233,다사5213,봉담읍,22.52,59.81,4,0,8.4,19.333,8.4,0.0
233002044,41590-55018,55018,언창공단,126.8823,37.193333,다사4510,팔탄면,9.66,8.38,4,0,9.147,17.655,9.214,0.429
233002045,41590-55007,55007,언창공단,126.8824,37.193367,다사4510,팔탄면,8.78,7.46,4,0,9.147,17.655,9.214,0.429
233002046,41590-55013,55013,창곡2리교회앞,126.884967,37.184783,다사4509,팔탄면,16.35,6.93,4,0,9.147,17.655,9.214,0.429
233002047,41590-55006,55006,자재이골입구,126.887233,37.1817,다사4509,팔탄면,1.99,3.97,4,0,9.147,17.655,9.214,0.429
233002048,41590-55005,55005,우렁골입구,126.887317,37.181767,다사4509,팔탄면,2.19,2.57,4,0,9.147,17.655,9.214,0.429
233002049,41590-55004,55004,창곡주유소앞,126.890683,37.1746,다사4508,팔탄면,10.14,18.94,4,0,9.147,17.655,9.214,0.429
233002050,41590-55019,55019,창곡주유소앞,126.890783,37.174633,다사4508,팔탄면,11.08,10.4,4,0,9.147,17.655,9.214,0.429
233002051,41590-55012,55012,구장사거리앞,126.893017,37.169867,다사4608,팔탄면,9.45,35.95,4,0,9.147,17.655,9.214,0.429
233002052,41590-55003,55003,구장사거리앞,126.89335,37.16975,다사4608,팔탄면,26.76,14.82,4,0,9.147,17.655,9.214,0.429
233002053,41590-55588,55588,한신아파트,126.950883,37.216317,다사5113,봉담읍,2.41,0.1,1,0,3.0,3.429,3.0,0.214
233002054,41590-55024,55024,화수1리,126.783067,37.114867,다사3602,우정읍,1.81,1.49,0,1,3.714,12.0,3.714,0.0
233002056,41590-55026,55026,전원마을,126.90735,37.1841,다사4709,팔탄면,2.35,0.43,1,0,2.4,3.2,2.4,0.133
233002057,41590-55027,55027,힐스테이트동탄,127.120717,37.183133,다사6609,동탄9동,271.29,58.78,1,0,4.0,6.857,4.0,0.571
233002058,41590-55028,55028,이편한세상신봉담,126.941433,37.2295,다사5014,봉담읍,95.88,198.84,4,0,10.8,28.457,10.8,1.175
233002059,41590-55036,55036,늘봄초교.중흥더테라스,127.1111,37.2162,다사6512,동탄5동,10.34,13.12,0,1,7.2,18.626,7.2,1.111
233002060,41590-55030,55030,늘봄초교.파크푸르지오,127.111183,37.216367,다사6512,동탄5동,21.82,12.06,1,0,1.0,0.0,0.0,0.0
233002061,41590-55035,55035,효성해링턴플레이스,127.035317,37.204433,다사5811,병점1동,27.48,15.56,0,1,12.8,29.385,12.8,0.0
233002062,41590-55037,55037,홈플러스,127.03585,37.203083,다사5811,병점1동,26.96,47.32,0,1,12.8,29.385,12.8,0.0
233002063,41590-55031,55031,병점역.화성청년지원센터,127.034033,37.206867,다사5812,진안동,725.71,89.95,0,1,6.0,14.667,6.0,0.053
233000927,41590-37205,37205,해창1리.우리꽃식물원,126.88195,37.113133,다사4501,팔탄면,12.13,45.76,5,0,13.5,36.504,13.5,0.639
233000928,41590-36013,36013,조암시장.조암성당,126.815733,37.082317,다바3998,우정읍,2.82,25.61,2,0,4.4,11.333,4.4,0.333
233000929,41590-55908,55908,북양교차로,126.856683,37.21145,다사4212,남양읍,9.76,6.57,1,0,4.0,5.333,4.0,0.444
233000930,41590-37481,37481,조암시장남쪽입구,126.819367,37.082783,다바3998,우정읍,65.49,5.85,5,0,15.714,39.825,15.714,0.566
233000931,41590-37122,37122,어은삼거리,126.82645,37.085517,다바4098,장안면,24.47,3.76,2,0,5.0,16.457,5.0,0.0
233000932,41590-37126,37126,장안면행정복지센터,126.830417,37.078733,다바4098,장안면,3.25,5.11,2,0,5.0,16.457,5.0,0.0
233000933,41590-37131,37131,덕다리입구,126.839267,37.066733,다바4196,장안면,4.09,6.26,2,0,5.0,16.457,5.0,0.0
233000934,41590-37136,37136,독정1리,126.84605,37.0667,다바4196,장안면,5.97,22.54,2,0,5.0,16.457,5.0,0.0
233000935,41590-37141,37141,독정2리,126.853667,37.071833,다바4297,장안면,1.4,1.75,1,0,2.0,6.857,2.0,0.0
233000936,41590-37147,37147,감드러지.독정3리,126.857067,37.0775,다바4297,장안면,9.07,4.92,1,0,2.0,6.857,2.0,0.0
233000937,41590-37160,37160,수촌2리.용당골,126.862,37.08875,다바4399,장안면,10.61,3.08,1,0,2.0,6.857,2.0,0.0
233000938,41590-37915,37915,근형심포니아파트,127.0269,37.133417,다사5704,정남면,0.0,0.0,0,0,0.0,0.0,0.0,0.0
233000939,41590-37916,37916,제기리.구주제약,127.017933,37.130167,다사5603,정남면,0.0,0.0,0,0,0.0,0.0,0.0,0.0
233000940,41590-55885,55885,온석교차로,126.84655,37.165367,다사4107,남양읍,0.66,0.6,1,0,1.143,3.84,2.0,0.0
233000941,41590-55886,55886,온석교차로,126.847467,37.1655,다사4207,남양읍,0.77,0.63,1,0,1.143,3.84,2.0,0.0
233000942,41590-36187,36187,와우농협앞,126.974433,37.218017,다사5313,봉담읍,106.91,269.94,11,0,41.342,82.8,41.342,4.6
233000943,41590-60072,60072,삼존1리,126.7299,37.222933,다사3114,송산면,0.0,0.05,0,0,0.0,0.0,0.0,0.0
233000944,41590-36193,36193,와우지구,126.976183,37.2159,다사5313,봉담읍,224.66,554.44,11,0,41.342,82.8,41.342,4.6
233000945,41590-36194,36194,와우지구,126.976317,37.215983,다사5313,봉담읍,565.75,173.39,9,0,36.009,66.8,36.009,4.6
233000946,41590-37351,37351,부처내,126.9967,37.122783,다사5502,양감면,13.55,30.8,3,0,2.912,7.956,2.912,0.0
233000947,41590-37343,37343,갈천다리,126.984467,37.125233,다사5403,향남읍,24.82,20.7,0,1,4.0,10.599,4.0,0.0
233000948,41590-37328,37328,아시아자동차,126.96235,37.13155,다사5203,향남읍,25.99,12.82,0,1,4.0,10.599,4.0,0.0
233000949,41590-36358,36358,우남퍼스트빌3차아파트,127.041433,37.198433,다사5911,진안동,50.57,26.21,0,1,6.0,14.667,6.0,0.053
233000950,41590-36337,36337,진안5통.병점육교,127.030883,37.208383,다사5812,진안동,52.15,28.03,6,0,19.0,42.0,19.0,1.333
233000951,41590-36728,36728,동화초.동화휴먼시아3단지,126.9621,37.215833,다사5213,봉담읍,58.02,88.29,0,1,6.0,12.0,6.0,0.133
233000952,41590-36706,36706,성문,126.864917,37.1023,다사4300,장안면,1.25,6.67,1,0,2.0,6.857,2.0,0.0
233000953,41590-55378,55378,신동아파밀리에,126.956767,37.220367,다사5113,봉담읍,12.53,25.89,0,1,6.0,12.0,6.0,0.133
233000954,41590-36189,36189,시티프라디움1차,126.823383,37.1997,다사3911,남양읍,0.51,6.14,0,1,6.19,14.24,6.4,0.522
233000955,41590-36423,36423,한증막,127.0801,37.174883,다사6208,동탄6동,0.97,1.44,0,1,4.0,10.667,4.0,0.571
233000956,41590-36412,36412,금곡2리,127.078033,37.183617,다사6209,동탄6동,8.85,3.29,0,1,4.0,10.667,4.0,0.571
233000957,41590-60073,60073,삼존1리,126.729783,37.222883,다사3114,송산면,0.35,0.02,0,1,3.571,10.087,3.571,0.0
233000958,41590-60077,60077,독지2리입구,126.695567,37.250183,다사2817,송산면,0.56,1.52,0,1,3.571,10.087,3.571,0.0
233000959,41590-36437,36437,동탄2LH4단지,127.12265,37.205633,다사6611,동탄4동,102.91,10.78,3,0,7.857,12.626,7.857,0.75
233000960,41590-36452,36452,경남.반도1차,127.110817,37.203517,다사6511,동탄4동,76.0,52.25,8,0,28.9,58.978,28.9,4.167
233000961,41590-36453,36453,영천초.계룡,127.104933,37.204283,다사6411,동탄4동,71.05,35.93,7,0,24.9,46.978,24.9,3.042
233000962,41590-60078,60078,독지2리입구,126.69555,37.250017,다사2817,송산면,2.22,0.01,0,1,3.571,10.087,3.571,0.0
233000963,41590-55887,55887,생태체육공원,126.943633,37.225067,다사5014,봉담읍,1.63,5.17,2,0,4.4,7.333,4.4,0.0
233000964,41590-36469,36469,우남퍼스트빌.예미지시그너스,127.099017,37.20335,다사6411,동탄4동,484.7,147.7,15,0,73.41,148.724,73.41,7.833
233000965,41590-36468,36468,청목초.신안1차,127.1194,37.194583,다사6610,동탄9동,123.82,422.79,21,0,123.912,206.532,124.912,13.875
233000966,41590-55678,55678,남양뉴타운입구,126.83215,37.2147,다사4013,남양읍,24.8,62.82,5,0,22.0,42.476,22.0,1.409
233000967,41590-36585,36585,신수리,126.93555,37.226383,다사4914,봉담읍,3.45,3.04,2,0,5.0,4.762,5.0,0.214
233000968,41590-60079,60079,사곳리,126.7282,37.157933,다사3106,서신면,0.14,0.0,0,1,4.0,12.0,4.0,0.0
233000969,41590-36504,36504,신나는교회.상록골프장,127.1341,37.203133,다사6711,동탄5동,0.24,2.71,2,0,4.857,9.959,4.857,0.75
233000970,41590-36503,36503,상록골프장.신나는교회,127.134017,37.203233,다사6711,동탄5동,0.71,0.07,2,0,4.857,9.959,4.857,0.75
233000971,41590-36500,36500,일진정공,127.129533,37.202967,다사6711,동탄5동,0.34,3.65,2,0,4.857,9.959,4.857,0.75
233000972,41590-36499,36499,일진정공,127.129083,37.203067,다사6711,동탄5동,1.78,0.25,2,0,4.857,9.959,4.857,0.75
233000973,41590-55685,55685,호반6차.제일풍경채,127.111567,37.15635,다사6506,동탄8동,25.92,23.89,4,0,20.4,53.418,20.4,1.591
233000978,41590-36466,36466,한화.린스트라우스,127.099017,37.19535,다사6410,동탄4동,778.82,986.67,25,0,135.856,229.604,135.856,14.734
233000979,41590-36465,36465,포스코더샵.롯데캐슬,127.099017,37.1999,다사6411,동탄4동,631.24,96.2,9,0,81.989,104.185,81.989,11.877
233000980,41590-36459,36459,모아.반도1차아파트,127.11455,37.20205,다사6511,동탄4동,210.48,95.54,14,0,64.312,156.666,63.312,9.211
233000981,41590-36434,36434,포레너스아파트,127.115867,37.205367,다사6511,동탄4동,36.21,19.84,4,0,10.257,18.626,10.257,0.75
233000982,,,(임시)55단지,127.140967,37.183417,다사6809,동탄9동,2.71,31.76,1,0,1.333,4.0,1.333,0.0
233000983,41590-36411,36411,산수유,127.07815,37.180933,다사6209,동탄6동,0.65,2.39,0,1,4.0,10.667,4.0,0.571
233000984,41590-36413,36413,산수유,127.078067,37.1809,다사6209,동탄6동,1.46,2.05,0,1,4.0,10.667,4.0,0.571
233000985,41590-36422,36422,대영가든,127.07965,37.178017,다사6208,동탄6동,5.1,2.95,0,1,4.0,10.667,4.0,0.571
233000986,41590-36419,36419,금곡1리,127.079083,37.171467,다사6208,동탄6동,1.01,5.45,0,1,4.0,10.667,4.0,0.571
233000987,41590-37598,37598,DS.LCD,127.078617,37.168183,다사6207,동탄6동,1.79,2.94,0,1,4.0,10.667,4.0,0.571
233000988,41590-36709,36709,장명초등학교,126.855483,37.057117,다바4295,장안면,0.06,3.88,1,0,3.0,9.6,3.0,0.0
233000989,41590-36708,36708,장명초등학교,126.855583,37.056983,다바4295,장안면,0.07,0.01,1,0,3.0,9.6,3.0,0.0
233000990,41590-37479,37479,장안6리,126.854633,37.049983,다바4294,장안면,0.05,5.94,1,0,3.0,9.6,3.0,0.0
233000991,41590-36798,36798,장안6리,126.85465,37.04985,다바4294,장안면,5.88,0.02,1,0,3.0,9.6,3.0,0.0
233000992,41590-36797,36797,장안여자중학교,126.815233,37.07855,다바3997,장안면,2.09,26.62,13,0,44.3,136.536,44.3,0.639
233000993,41590-37478,37478,사곡1리,126.809217,37.069083,다바3896,장안면,2.06,9.13,5,0,10.4,29.333,10.4,0.306
233000994,41590-36480,36480,공공청사부지,127.099917,37.18705,다사6409,동탄6동,137.27,205.03,23,0,129.256,225.504,129.256,16.846
233000995,41590-36477,36477,의료시설부지,127.10015,37.1876,다사6409,동탄6동,175.7,140.15,24,0,133.256,232.361,133.256,17.418
233000996,41590-36488,36488,반도3차.금강1차,127.1032,37.180183,다사6409,동탄6동,116.71,429.66,17,0,112.589,178.837,112.589,15.721
233000997,41590-36494,36494,레이크빌.하우스디더레이크,127.105183,37.176017,다사6408,동탄7동,172.04,534.6,13,0,74.743,142.653,74.743,10.844
233000998,41590-36502,36502,헤리엇.리베라CC,127.098567,37.190733,다사6410,동탄4동,194.8,161.03,19,0,91.41,184.176,91.41,11.416
233000999,41590-36501,36501,리베라CC.헤리엇,127.099017,37.190733,다사6410,동탄4동,122.5,118.58,19,0,91.41,184.176,91.41,11.416
233001000,41590-36507,36507,화성시청후문,126.828867,37.200133,다사4011,남양읍,49.17,197.53,6,0,14.476,24.335,15.333,0.659
233001001,41590-36510,36510,화성시청후문,126.829117,37.199967,다사4011,남양읍,150.51,88.94,6,0,14.476,24.335,15.333,0.659
233001002,41590-36509,36509,송산교차로,126.987417,37.106683,다사5401,양감면,3.33,2.77,1,0,0.75,2.4,0.75,0.0
233001003,41590-37477,37477,석천2리입구,126.782033,37.057367,다바3695,우정읍,0.08,8.51,4,0,7.4,17.333,7.4,0.306
233001004,41590-36796,36796,양지편,126.765067,37.048433,다바3494,우정읍,0.97,7.44,3,0,6.4,14.667,6.4,0.306
233001006,41590-55890,55890,행복주택.동탄경찰서(좌회전전용),127.091617,37.186583,다사6309,동탄6동,4.97,6.1,1,0,3.0,5.053,3.0,0.053
233001007,41590-37476,37476,기아후문입구,126.758,37.0435,다바3494,우정읍,0.33,6.54,3,0,6.4,14.667,6.4,0.306
233001008,41590-36832,36832,기아후문입구,126.758333,37.04345,다바3494,우정읍,8.03,0.55,3,0,6.4,14.667,6.4,0.306
233002064,41590-55034,55034,병점역.화성청년지원센터,127.033833,37.206833,다사5812,진안동,1357.42,2742.7,0,1,6.0,14.667,6.0,0.053
233002065,41590-60115,60115,찬우물,126.914417,37.2541,다사4817,매송면,1.45,1.59,0,1,13.0,32.0,13.0,0.75
233002066,41590-55590,55590,화남초,127.095517,37.16465,다사6407,동탄7동,56.07,88.4,1,0,4.8,16.0,4.8,0.833
233002067,41590-55591,55591,여울보건지소,127.0954,37.164983,다사6407,동탄7동,93.61,53.08,1,0,4.8,16.0,4.8,0.833
233002068,41590-55038,55038,미득골마을,127.03715,37.21995,다사5813,진안동,13.2,13.01,0,1,6.0,14.667,6.0,0.053
233002069,41590-55032,55032,반정리,127.034317,37.228533,다사5814,진안동,0.44,20.12,0,1,6.0,14.667,6.0,0.053
233002070,41590-55029,55029,반정리,127.03425,37.228467,다사5814,진안동,19.18,0.13,0,1,6.0,14.667,6.0,0.053
233002071,41590-55039,55039,기천1리입구,126.907417,37.17655,다사4708,팔탄면,1.83,3.45,2,0,2.4,3.2,2.4,0.133
233002072,41590-55592,55592,레이크자연앤푸르지오,127.101167,37.16495,다사6407,동탄7동,4.43,17.76,1,0,3.0,5.053,3.0,0.053
233002073,41590-55053,55053,화성파크드림.한일베라체,126.927017,37.127217,다사4903,향남읍,6.38,4.83,2,0,5.043,9.857,5.043,0.429
233002074,41590-55051,55051,한일베라체.화성파크드림,126.926817,37.127717,다사4903,향남읍,83.62,73.88,2,0,5.043,9.857,5.043,0.429
233002076,41590-55045,55045,도이초교.역사박물관,126.92725,37.132233,다사4903,향남읍,2.33,3.56,1,0,2.0,4.8,2.0,0.0
233002083,41590-55049,55049,화성그린환경센터,126.936383,37.1508,다사4905,봉담읍,1.54,2.75,1,0,1.043,3.0,1.043,0.0
233002084,41590-55055,55055,봉담호수공원.신협앞,126.950483,37.218667,다사5113,봉담읍,14.61,44.8,1,0,2.4,6.0,2.4,0.0
233002085,41590-55062,55062,동화휴먼시아1단지.상봉초등학교,126.95645,37.2177,다사5113,봉담읍,173.92,151.04,6,0,23.409,48.99,23.409,4.975
233002086,41590-55054,55054,동일하이빌.상봉초등학교,126.956083,37.217667,다사5113,봉담읍,97.04,88.18,7,0,25.009,48.99,23.009,4.975
233002087,41590-37688,37688,봉담택지지구,126.9535,37.2199,다사5113,봉담읍,26.18,37.92,4,0,9.009,23.79,9.009,1.375
233002088,41590-55067,55067,삼괴중고교,126.821367,37.0884,다바3999,우정읍,4.61,10.58,2,0,5.0,16.457,5.0,0.0
233002089,41590-55064,55064,삼괴중고교,126.820533,37.088283,다바3999,우정읍,8.72,20.91,2,0,4.4,12.857,4.4,0.0
233002090,41590-55065,55065,우정읍행정복지센터,126.816367,37.088483,다바3999,우정읍,2.06,8.44,4,0,8.714,25.964,8.714,0.594
233002091,41590-55066,55066,우정읍행정복지센터,126.816567,37.088383,다바3999,우정읍,1.76,6.71,3,0,6.4,18.19,6.4,0.333
233002092,41590-36994,36994,동탄파라곤,127.070983,37.204033,다사6111,동탄1동,76.08,266.96,2,0,8.0,14.857,8.0,1.321
233002093,41590-36995,36995,동탄파라곤,127.07135,37.204033,다사6111,동탄1동,226.45,81.05,2,0,8.0,14.857,8.0,1.321
233002094,41590-55365,55365,보통3리,126.97695,37.181517,다사5309,정남면,4.47,1.7,1,0,2.0,6.0,2.0,0.0
233002095,41590-55366,55366,보통3리,126.977383,37.180833,다사5309,정남면,2.24,4.15,1,0,2.0,6.0,2.0,0.0
233002096,41590-37690,37690,정남농촌체험학교,126.9781,37.151633,다사5306,정남면,0.73,0.87,1,0,2.0,6.0,2.0,0.0
233002097,41590-55068,55068,정남농촌체험학교,126.976633,37.1518,다사5306,정남면,1.58,1.37,2,0,2.667,8.286,2.667,0.0
233002098,41590-55086,55086,신한에스빌아파트앞,127.039517,37.208967,다사5912,병점2동,9.17,21.02,1,0,3.0,8.0,3.0,0.0
233002099,41590-55095,55095,화성종합경기타운사거리,126.921267,37.134133,다사4804,향남읍,18.61,21.44,2,0,3.143,10.697,4.0,0.0
233002100,41590-55079,55079,화성종합경기타운사거리,126.921683,37.13415,다사4804,향남읍,0.94,0.56,1,0,2.0,6.857,2.0,0.0
233002101,41590-37286,37286,화성문화원.향남환승터미널,126.921083,37.132,다사4803,향남읍,135.36,692.68,13,0,33.357,67.362,34.28,1.994
233002102,41590-37287,37287,향남환승터미널,126.921567,37.1328,다사4803,향남읍,589.76,171.71,17,0,38.023,74.448,36.947,1.994
233002103,41590-55084,55084,에일린의뜰,126.920617,37.127867,다사4803,향남읍,67.33,53.59,11,0,28.47,65.316,29.328,1.611
233002104,41590-55080,55080,신영지웰,126.920967,37.127867,다사4803,향남읍,60.45,67.74,11,0,28.47,65.316,29.328,1.611
233002105,41590-55085,55085,단독주택단지,126.919867,37.124333,다사4803,향남읍,92.13,115.2,10,0,28.514,52.646,29.371,1.54
233002106,41590-55081,55081,단독주택단지,126.920183,37.12425,다사4802,향남읍,145.34,65.76,10,0,28.514,52.646,29.371,1.54
233002108,41590-55082,55082,향남역.휴먼시아5.6블럭,126.913417,37.1235,다사4702,향남읍,0.0,0.03,0,0,0.0,0.0,0.0,0.0
233002109,41590-55083,55083,화성종합운동장,126.920433,37.135133,다사4804,향남읍,4.33,13.7,7,0,9.431,34.18,10.289,0.5
233002110,41590-60116,60116,어천2리마을회관앞,126.913067,37.250117,다사4716,매송면,9.14,4.76,9,0,18.657,45.712,18.657,1.944
233002111,41590-55131,55131,반달마을,127.066983,37.234533,다사6115,반월동,58.39,8.51,1,0,4.0,6.0,4.0,0.25
233002112,41590-55132,55132,반달마을,127.067067,37.2344,다사6115,반월동,11.16,45.68,2,0,8.8,22.0,8.8,1.083
233002113,41590-55089,55089,산척리,127.089517,37.169067,다사6307,동탄6동,14.92,39.49,1,0,4.0,6.0,4.0,0.25
233002114,41590-55090,55090,산척리,127.09,37.171017,다사6308,동탄6동,29.22,23.85,1,0,4.0,6.0,4.0,0.25
233002115,41590-55091,55091,DM디스플레이,127.08765,37.16415,다사6307,동탄6동,20.29,109.94,1,0,4.0,6.0,4.0,0.25
233002116,41590-55092,55092,DM디스플레이,127.087717,37.16555,다사6307,동탄6동,25.82,24.32,1,0,4.0,6.0,4.0,0.25
233002117,41590-55100,55100,한마음초교.광명메이루즈,127.0568,37.2075,다사6012,동탄3동,169.01,70.13,4,0,17.05,41.818,16.8,5.091
233002118,41590-55087,55087,양노리,126.859967,37.228667,다사4314,비봉면,9.21,7.76,13,0,37.638,85.077,37.638,2.825
233002119,41590-55127,55127,송곡리입구,126.971217,37.126617,다사5303,향남읍,3.72,2.01,0,1,4.0,10.599,4.0,0.0
233002120,41590-37751,37751,화성서부경찰서,126.821733,37.191417,다사3910,남양읍,0.94,2.41,2,0,4.114,8.174,4.114,0.261
233002121,41590-55093,55093,화성서부경찰서,126.822117,37.190917,다사3910,남양읍,5.15,1.87,2,0,4.114,8.174,4.114,0.261
233002122,41590-55094,55094,정남행정복합센터,126.971667,37.161167,다사5307,정남면,26.82,11.48,2,0,2.667,9.143,2.667,0.0
233002123,41590-55097,55097,정남행정복합센터,126.97275,37.16155,다사5307,정남면,12.4,23.2,1,0,2.0,6.857,2.0,0.0
233002124,41590-55593,55593,경기도시공사동탄사업단,127.1018,37.165483,다사6407,동탄7동,6.54,3.68,1,0,3.0,5.053,3.0,0.053
233002127,41590-55596,55596,대방노블랜드5차,126.8141,37.290317,다사3921,새솔동,50.49,78.9,1,0,0.6,5.333,0.6,0.556
233002128,41590-55597,55597,대방노블랜드6차,126.8148,37.2901,다사3921,새솔동,86.73,12.33,1,0,0.6,5.333,0.6,0.556
233002129,41590-55598,55598,대방노블랜드2차,126.817467,37.28915,다사3921,새솔동,48.32,94.72,1,0,0.6,5.333,0.6,0.556
233002130,41590-55104,55104,그린빌라.롤링힐스,126.8413,37.189917,다사4110,남양읍,2.38,14.37,3,0,5.476,14.24,6.333,0.667
233002131,41590-55105,55105,그린빌라.롤링힐스,126.84205,37.189583,다사4110,남양읍,9.28,1.17,3,0,5.476,14.24,6.333,0.667
233002132,41590-55279,55279,롯데시네마,127.04245,37.214483,다사5912,병점2동,814.95,599.66,7,0,16.574,40.15,16.324,3.944
233002133,41590-55599,55599,대방노블랜드3차,126.817333,37.289033,다사3921,새솔동,92.69,10.57,1,0,0.6,5.333,0.6,0.556
233002134,41590-55160,55160,거문들,126.829933,37.089367,다바4099,장안면,4.29,1.23,1,0,2.0,2.667,2.0,0.306
233002135,41590-55179,55179,남양타운,126.797417,37.198383,다사3711,남양읍,8.41,1.18,1,0,4.0,5.333,4.0,0.444
233002136,41590-55180,55180,남양타운,126.797067,37.19775,다사3711,남양읍,0.35,6.55,1,0,4.0,5.333,4.0,0.444
233002137,41590-55123,55123,마도할인마트,126.796333,37.195017,다사3710,마도면,0.05,3.87,1,0,4.0,5.333,4.0,0.444
233002138,41590-55124,55124,마도할인마트,126.796583,37.195083,다사3710,마도면,3.11,0.16,1,0,4.0,5.333,4.0,0.444
233002139,41590-55181,55181,쌍송1리앞,126.792183,37.189783,다사3710,마도면,0.26,4.0,1,0,4.0,5.333,4.0,0.444
233002140,41590-55182,55182,쌍송1리앞,126.793083,37.190517,다사3710,마도면,8.5,1.46,1,0,4.0,5.333,4.0,0.444
233002141,41590-55183,55183,마도유통상가앞,126.789867,37.186533,다사3609,마도면,1.87,27.45,1,0,4.0,5.333,4.0,0.444
233002142,41590-55184,55184,마도유통상가앞,126.790333,37.1867,다사3710,마도면,28.16,1.25,1,0,4.0,5.333,4.0,0.444
233002143,41590-55185,55185,쌍송2리앞,126.788233,37.1844,다사3609,마도면,9.29,49.47,1,0,4.0,5.333,4.0,0.444
233002144,41590-55186,55186,쌍송2리.산업단지내,126.788783,37.184667,다사3609,마도면,47.55,4.45,1,0,4.0,5.333,4.0,0.444
233002145,41590-55101,55101,나래울,127.052417,37.205267,다사6011,동탄3동,9.29,66.16,0,1,8.8,21.869,8.8,0.833
233002146,41590-55102,55102,나래울,127.05265,37.205283,다사6011,동탄3동,32.54,5.61,0,1,8.8,21.869,8.8,0.833
233002147,41590-55231,55231,진안초교,127.039367,37.217083,다사5913,진안동,45.88,69.7,0,1,6.0,14.667,6.0,0.053
233002148,41590-55353,55353,진안초교,127.039583,37.217217,다사5913,진안동,13.11,8.71,0,1,6.0,14.667,6.0,0.053
233002149,41590-55106,55106,어천저수지,126.914783,37.251233,다사4817,매송면,11.1,3.71,12,0,27.057,61.14,27.057,2.825
233001009,41590-36831,36831,매향삼거리,126.751817,37.04055,다바3393,우정읍,6.24,0.19,3,0,6.4,14.667,6.4,0.306
233001010,41590-37475,37475,화산1리입구,126.787867,37.060883,다바3696,우정읍,6.98,0.38,4,0,7.4,17.333,7.4,0.306
233001011,41590-37474,37474,화산삼거리,126.79335,37.062867,다바3796,우정읍,17.57,3.37,5,0,10.4,29.333,10.4,0.306
233001012,41590-37917,37917,윗머드내.평화약국,127.012767,37.129067,다사5603,정남면,0.0,0.0,0,0,0.0,0.0,0.0,0.0
233001013,41590-36587,36587,음양1길,127.029583,37.141833,다사5804,정남면,2.27,12.07,0,1,2.0,6.857,2.0,0.0
233001015,41590-36799,36799,화성드림파크,126.76175,37.046717,다바3494,우정읍,0.02,1.71,3,0,6.4,14.667,6.4,0.306
233001016,41590-36830,36830,화성드림파크,126.762117,37.046883,다바3494,우정읍,0.92,0.06,2,0,4.4,8.667,4.4,0.306
233001017,41590-37326,37326,동오리,126.95695,37.1311,다사5103,향남읍,11.4,3.8,0,1,4.0,10.599,4.0,0.0
233001018,41590-37329,37329,아시아자동차,126.96285,37.131333,다사5203,향남읍,11.76,21.19,0,1,4.0,10.599,4.0,0.0
233001019,41590-37334,37334,갈천리,126.976967,37.1248,다사5303,향남읍,9.98,17.61,0,1,4.0,10.599,4.0,0.0
233001020,41590-37310,37310,관리고개,126.94055,37.134183,다사5004,향남읍,16.79,9.92,2,0,1.71,5.286,1.71,0.0
233001021,41590-37311,37311,관리고개,126.940433,37.133883,다사5004,향남읍,6.19,12.7,1,0,0.667,2.286,0.667,0.0
233001022,41590-37303,37303,한국아델리움.풍림아이원,126.928017,37.130817,다사4903,향남읍,17.36,60.89,2,0,2.078,5.841,2.078,0.0
233001023,41590-37289,37289,향남읍행정복지센터,126.91975,37.1315,다사4803,향남읍,206.8,377.63,15,0,23.836,59.862,23.902,1.367
233001024,41590-36084,36084,만경폐차장,126.973817,37.1657,다사5307,정남면,0.17,0.02,1,0,0.667,2.286,0.667,0.0
233001025,41590-36112,36112,만경폐차장,126.973833,37.16565,다사5307,정남면,0.16,0.7,1,0,0.667,2.286,0.667,0.0
233001026,41590-37269,37269,화성중앙병원.발안초등학교,126.9115,37.131183,다사4703,향남읍,452.84,650.15,17,0,31.836,80.662,31.902,1.367
233001027,41590-55892,55892,중흥에듀파크,126.946317,37.232633,다사5015,봉담읍,0.8,0.47,1,0,2.0,6.0,2.0,0.0
233001028,41590-55893,55893,엘크루루엘리안.중흥에듀파크,126.944967,37.229883,다사5014,봉담읍,4.68,2.61,1,0,2.0,6.0,2.0,0.0
233001029,41590-37253,37253,팔탄면행정복지센터,126.903967,37.162267,다사4707,팔탄면,70.19,78.5,10,0,13.547,26.189,13.614,0.895
233001030,41590-37229,37229,구장삼거리,126.896033,37.168017,다사4607,팔탄면,60.44,44.4,5,0,9.147,17.655,9.214,0.429
233001031,41590-37228,37228,구장삼거리,126.895917,37.167983,다사4607,팔탄면,59.35,49.12,5,0,9.147,17.655,9.214,0.429
233001032,41590-37223,37223,구장사거리.공구상가,126.892417,37.169083,다사4607,팔탄면,8.71,7.08,1,0,0.0,0.0,0.0,0.0
233001033,41590-37473,37473,구장사거리.공구상가,126.8926,37.16875,다사4607,팔탄면,1.5,9.12,1,0,0.0,0.0,0.0,0.0
233001034,41590-37204,37204,율암삼거리,126.88135,37.167,다사4507,팔탄면,19.6,39.55,1,0,0.0,0.0,0.0,0.0
233001035,41590-37190,37190,팔탄공단앞,126.876633,37.17065,다사4408,팔탄면,15.8,7.02,0,1,2.4,3.84,2.4,0.133
233001036,41590-55692,55692,문학보건소,126.973317,37.15115,다사5305,정남면,2.04,2.29,1,0,2.0,6.0,2.0,0.0
233001037,41590-55894,55894,신수마을,126.941667,37.2271,다사5014,봉담읍,46.97,38.65,1,0,2.0,1.333,2.0,0.0
233001038,41590-37501,37501,무송2통.술현,126.849383,37.181083,다사4209,남양읍,14.88,3.24,1,0,1.333,2.4,1.333,0.0
233001039,41590-36784,36784,무송2통.술현,126.8495,37.181017,다사4209,남양읍,4.0,13.55,1,0,1.333,2.4,1.333,0.0
233001040,41590-36046,36046,무송교차로,126.84575,37.181033,다사4109,남양읍,10.72,5.02,2,0,2.476,6.24,3.333,0.0
233001041,41590-36045,36045,무송1리마을입구,126.845217,37.188,다사4110,남양읍,15.48,3.78,3,0,5.476,14.24,6.333,0.667
233001042,41590-36044,36044,무송1리마을입구,126.844883,37.187783,다사4110,남양읍,2.84,9.99,3,0,5.476,14.24,6.333,0.667
233001043,41590-36039,36039,대광아파트,126.83365,37.194267,다사4010,남양읍,35.08,217.43,5,0,14.143,29.44,15.0,1.417
233001044,41590-55895,55895,신수마을,126.941717,37.226833,다사5014,봉담읍,19.6,19.3,1,0,2.0,1.333,2.0,0.0
233001045,41590-55896,55896,엘크루루엘리안.중흥에듀파크,126.945283,37.230117,다사5014,봉담읍,0.6,4.3,1,0,2.4,6.0,2.4,0.0
233001046,41590-36018,36018,기업은행,126.81875,37.20835,다사3912,남양읍,519.58,221.02,9,0,32.781,89.641,32.781,6.705
233001047,41590-36829,36829,이화1리앞,126.795217,37.047133,다바3794,우정읍,16.3,0.18,1,0,3.0,12.0,3.0,0.0
233001048,41590-36828,36828,이화2리앞(이화병원),126.79765,37.042133,다바3793,우정읍,0.04,5.16,1,0,3.0,12.0,3.0,0.0
233001049,41590-36461,36461,이화3리입구,126.800133,37.040367,다바3793,우정읍,0.09,4.9,1,0,3.0,12.0,3.0,0.0
233001050,41590-36827,36827,슈마타운,126.80365,37.036183,다바3893,우정읍,1.39,0.0,1,0,3.0,12.0,3.0,0.0
233001051,41590-36826,36826,애덕의가정,126.802483,37.032817,다바3792,우정읍,10.3,0.09,1,0,3.0,12.0,3.0,0.0
233001052,41590-37499,37499,이화리종점,126.795283,37.026917,다바3792,우정읍,8.72,8.1,1,0,3.0,12.0,3.0,0.0
233001053,41590-37498,37498,이화리종점,126.795517,37.026933,다바3792,우정읍,0.92,0.11,1,0,3.0,12.0,3.0,0.0
233001054,41590-36825,36825,석천1리포도원,126.793817,37.058233,다바3795,장안면,3.13,0.13,1,0,3.0,12.0,3.0,0.0
233001055,41590-36079,36079,송산교입구,127.026533,37.2078,다사5712,화산동,16.29,31.98,4,0,6.667,15.333,6.667,0.0
233001056,41590-55897,55897,중흥에듀파크,126.946567,37.232617,다사5015,봉담읍,0.1,1.55,1,0,2.4,6.0,2.4,0.0
233001057,41590-36824,36824,기아2차아파트앞,126.7929,37.060967,다바3796,우정읍,3.45,0.25,1,0,3.0,12.0,3.0,0.0
233001058,41590-36080,36080,이곤선생효자문북단,126.935317,37.2193,다사4913,봉담읍,1.12,0.22,1,0,2.667,4.8,2.667,0.0
233001059,41590-36070,36070,내리사거리,126.9318,37.227033,다사4914,봉담읍,0.18,19.98,3,0,7.667,9.562,7.667,0.214
233001061,41590-37599,37599,야목리,126.8775,37.265033,다사4418,매송면,3.61,3.67,3,0,4.147,7.369,4.214,0.214
233001062,41590-36085,36085,내리,126.93405,37.23105,다사4914,봉담읍,0.08,0.06,1,0,2.667,4.8,2.667,0.0
233001063,41590-36745,36745,내리교,126.936517,37.232733,다사5015,봉담읍,0.54,0.69,1,0,2.667,4.8,2.667,0.0
233001064,41590-36104,36104,경진여객차고지,126.8164,37.07295,다바3997,장안면,35.59,2.48,11,0,30.9,99.818,30.9,0.333
233001065,41590-36782,36782,문학2리,126.968517,37.158917,다사5206,정남면,4.58,12.97,2,0,4.0,12.857,4.0,0.0
233001066,41590-37497,37497,삼괴중고등학교,126.818933,37.086767,다바3998,우정읍,0.56,12.73,1,0,4.0,13.714,4.0,0.0
233001067,41590-36823,36823,삼괴중고등학교,126.818983,37.087017,다바3998,우정읍,0.92,0.6,2,0,5.714,17.888,5.714,0.261
233001068,41590-36707,36707,한각리입구,126.816417,37.091883,다바3999,우정읍,0.05,1.49,3,0,7.714,23.222,7.714,0.594
233001069,41590-37496,37496,우정읍복지센터.청소년문화의집,126.817067,37.089567,다바3999,우정읍,0.22,9.13,2,0,6.0,19.048,6.0,0.333
233001070,41590-36822,36822,청소년문화의집.우정읍복지센터,126.8172,37.089617,다바3999,우정읍,18.91,1.95,2,0,5.714,17.888,5.714,0.261
233001071,41590-36821,36821,한각리입구,126.81645,37.09215,다바3999,우정읍,0.06,0.33,3,0,7.714,23.222,7.714,0.594
233001072,41590-37349,37349,삼거리.원슈퍼.원마트,126.99415,37.122317,다사5502,양감면,7.59,3.25,3,0,2.912,7.956,2.912,0.0
233001073,41590-37350,37350,원슈퍼.삼거리,126.994483,37.12245,다사5502,양감면,0.57,4.87,3,0,2.912,7.956,2.912,0.0
233001074,41590-37495,37495,멱우2리부대앞,126.8151,37.095767,다바3999,우정읍,0.12,0.39,3,0,7.714,23.222,7.714,0.594
233001075,41590-37345,37345,송산리입구.부처내고개,126.99065,37.119033,다사5402,양감면,1.89,0.95,2,0,2.162,5.556,2.162,0.0
233001076,41590-37346,37346,송산리입구.부처내고개,126.9909,37.11905,다사5402,양감면,1.74,1.69,3,0,2.912,7.956,2.912,0.0
233001077,41590-37494,37494,멱우2리부대앞,126.815183,37.095767,다바3999,우정읍,0.07,0.19,3,0,7.714,23.222,7.714,0.594
233001078,41590-36820,36820,조암조원마을,126.816033,37.08515,다바3998,우정읍,1.4,1.55,2,0,4.4,11.333,4.4,0.333
233001079,41590-37340,37340,배밭,126.9828,37.117317,다사5402,양감면,0.32,0.34,2,0,2.162,5.556,2.162,0.0
233001080,41590-37341,37341,배밭,126.98255,37.116967,다사5402,양감면,0.2,0.66,2,0,2.162,5.556,2.162,0.0
233001081,41590-36819,36819,멱우2리,126.813833,37.1021,다사3900,우정읍,0.66,0.5,3,0,7.714,23.222,7.714,0.594
233001082,41590-36201,36201,까치고개,126.9788,37.115083,다사5301,양감면,2.67,1.74,2,0,2.162,5.556,2.162,0.0
233001083,41590-36781,36781,요꼴낚시터,126.975683,37.113433,다사5301,양감면,2.53,1.28,2,0,2.162,5.556,2.162,0.0
233001084,41590-36780,36780,요꼴낚시터,126.975617,37.1132,다사5301,양감면,0.99,1.97,2,0,2.162,5.556,2.162,0.0
233001085,41590-36178,36178,사창2리.요꼴,126.972567,37.107433,다사5301,양감면,1.62,1.34,1,0,0.75,2.0,0.75,0.0
233001086,41590-36177,36177,삼풍전선,126.9724,37.1007,다사5300,양감면,1.01,0.39,1,0,0.75,2.0,0.75,0.0
233001087,41590-36181,36181,삼풍전선,126.972467,37.101067,다사5300,양감면,0.59,0.82,1,0,0.75,2.0,0.75,0.0
233002150,41590-55107,55107,어천저수지,126.914783,37.25135,다사4817,매송면,2.38,10.88,12,0,27.057,61.14,27.057,2.825
233002151,41590-55098,55098,화성종합경기타운,126.921617,37.136317,다사4804,향남읍,51.61,13.49,6,0,23.043,36.524,21.043,1.111
233002152,41590-55368,55368,화성종합경기타운,126.921233,37.136283,다사4804,향남읍,5.12,74.4,4,0,21.043,36.524,21.043,1.111
233002153,41590-55096,55096,슬항3리,126.762883,37.209333,다사3412,마도면,12.1,4.84,5,0,15.571,44.182,15.571,1.5
233002155,41590-55161,55161,안녕성당앞,126.996267,37.204267,다사5511,화산동,2.03,6.26,5,0,11.333,29.333,11.333,0.0
233002156,41590-55114,55114,장짐삼거리앞,126.899367,37.138717,다사4604,향남읍,0.76,6.7,3,0,6.4,13.333,6.4,0.467
233002157,41590-55156,55156,장짐삼거리앞,126.899633,37.139233,다사4604,향남읍,2.31,1.65,3,0,6.4,13.333,6.4,0.467
233002158,41590-55128,55128,송곡리입구,126.97115,37.12655,다사5303,향남읍,1.13,4.49,0,1,4.0,10.599,4.0,0.0
233002159,41590-36024,36024,양우내안애,126.823383,37.202783,다사3911,남양읍,120.6,448.67,12,0,36.781,77.069,36.781,2.336
233002160,41590-55175,55175,하피랜드,126.888283,37.16895,다사4507,팔탄면,13.35,9.25,1,0,0.0,0.0,0.0,0.0
233002161,41590-55176,55176,하피랜드,126.887833,37.169167,다사4507,팔탄면,5.99,14.03,1,0,0.0,0.0,0.0,0.0
233002163,41590-55254,55254,봉림사입구,126.841,37.217483,다사4113,남양읍,10.82,13.89,1,0,4.0,5.333,4.0,0.444
233002164,41590-55255,55255,봉림사입구,126.840767,37.21765,다사4113,남양읍,13.73,7.72,1,0,4.0,5.333,4.0,0.444
233002165,41590-55602,55602,현대트랜시스,127.103633,37.217567,다사6412,동탄5동,0.0,1.87,1,0,0.0,0.0,1.0,0.0
233002166,41590-55603,55603,롤링힐스,126.837817,37.19285,다사4110,남양읍,0.09,7.74,2,0,2.476,6.24,3.333,0.0
233002167,41590-55125,55125,창곡1리입구,126.880917,37.196467,다사4511,비봉면,17.91,34.72,4,0,9.147,17.655,9.214,0.429
233002168,41590-55126,55126,창곡1리입구,126.881283,37.196067,다사4510,팔탄면,10.55,8.08,4,0,9.147,17.655,9.214,0.429
233002169,41590-55605,55605,LH1단지.한양수자인,127.11425,37.216767,다사6512,동탄5동,0.97,66.34,1,0,2.4,6.0,2.4,0.0
233002170,41590-55115,55115,경기수협.보건소,126.811883,37.206917,다사3812,남양읍,37.19,38.33,7,0,22.571,57.516,22.571,1.944
233002171,41590-55116,55116,경기수협.보건소,126.81185,37.207033,다사3812,남양읍,15.49,55.88,7,0,22.571,57.516,22.571,1.944
233002172,41590-55135,55135,동화휴먼시아1단지,126.958333,37.218567,다사5113,봉담읍,4.51,30.23,0,1,6.0,12.0,6.0,0.133
233002173,41590-55606,55606,LH1단지.한양수자인,127.1148,37.2169,다사6512,동탄5동,110.2,9.29,2,0,3.4,6.0,2.4,0.0
233002174,41590-55188,55188,매송초등학교,126.928117,37.2485,다사4916,매송면,46.54,139.23,10,0,22.057,56.378,22.057,2.611
233002175,41590-55275,55275,기천3리,126.908417,37.1884,다사4710,팔탄면,3.09,2.07,1,0,2.4,3.2,2.4,0.133
233002176,41590-55774,55774,다원초.파크자이,127.111617,37.21235,다사6512,동탄5동,12.61,5.51,1,0,2.4,6.0,2.4,0.0
233002177,41590-55276,55276,기천3리.키울,126.90955,37.19145,다사4710,팔탄면,1.54,0.27,1,0,2.4,3.2,2.4,0.133
233002178,41590-55775,55775,다원초.파크자이,127.111833,37.212367,다사6512,동탄5동,5.49,23.91,1,0,2.4,6.0,2.4,0.0
233002179,41590-55609,55609,동탄파크이지더원.자이후문,127.11185,37.210067,다사6512,동탄5동,4.1,4.81,2,0,3.257,7.959,3.257,0.0
233002180,41590-55017,55017,안덕우리,126.863283,37.1364,다사4304,팔탄면,0.61,7.64,1,0,1.143,3.84,2.0,0.0
233002181,41590-55610,55610,동탄파크자이.이지더원후문,127.112033,37.210167,다사6512,동탄5동,3.13,19.16,2,0,3.257,7.959,3.257,0.0
233002182,41590-55611,55611,파크푸르지오,127.112833,37.21665,다사6512,동탄5동,0.23,74.47,1,0,2.4,6.0,2.4,0.0
233002183,41590-37568,37568,덕절리,127.0289,37.134017,다사5804,정남면,115.21,15.74,0,1,2.0,6.857,2.0,0.0
233002184,41590-55157,55157,주곡1리,126.825,37.1175,다사4002,장안면,5.8,0.19,1,0,1.5,5.647,1.5,0.0
233002185,41590-55144,55144,모아미래도2단지,127.0518,37.208717,다사6012,동탄3동,266.52,212.72,4,0,17.05,41.818,16.8,5.091
233002186,41590-55278,55278,화성시청역,126.821,37.189033,다사3910,남양읍,0.8,3.89,2,0,4.114,8.174,4.114,0.261
233002187,41590-55612,55612,파크푸르지오,127.112717,37.21675,다사6512,동탄5동,62.95,8.28,2,0,3.4,6.0,2.4,0.0
233002188,41590-55317,55317,신남1리,126.818233,37.180733,다사3909,남양읍,10.42,0.24,2,0,4.114,8.174,4.114,0.261
233002189,41590-55318,55318,안석2리,126.817183,37.17835,다사3909,남양읍,1.44,8.05,2,0,4.114,8.174,4.114,0.261
233002190,41590-60117,60117,어천2리마을회관앞,126.912883,37.25015,다사4716,매송면,5.62,12.62,10,0,21.057,49.712,21.057,1.944
233002191,41590-55189,55189,마산포종점,126.66315,37.23845,다사2515,송산면,0.61,0.0,0,1,3.571,10.087,3.571,0.0
233002192,41590-55190,55190,약방앞,126.669483,37.240917,다사2616,송산면,0.28,5.67,0,1,3.571,10.087,3.571,0.0
233002193,41590-55191,55191,약방앞,126.669267,37.240883,다사2616,송산면,6.19,0.07,0,1,3.571,10.087,3.571,0.0
233002194,41590-55192,55192,고포2리,126.679633,37.236517,다사2715,송산면,2.5,0.13,0,1,3.571,10.087,3.571,0.0
233002195,41590-55193,55193,마산2리,126.685883,37.232867,다사2715,송산면,7.67,0.02,0,1,3.571,10.087,3.571,0.0
233002196,41590-55194,55194,고포3리,126.681867,37.235,다사2715,송산면,0.03,0.92,0,1,3.571,10.087,3.571,0.0
233002197,41590-55195,55195,고포3리,126.681833,37.234933,다사2715,송산면,1.03,0.05,0,1,3.571,10.087,3.571,0.0
233002198,41590-55196,55196,마산초교,126.6915,37.230983,다사2814,송산면,2.99,0.08,0,1,3.571,10.087,3.571,0.0
233002199,41590-55197,55197,신흥유원지,126.695267,37.23075,다사2814,송산면,2.19,0.03,0,1,3.571,10.087,3.571,0.0
233002200,41590-55198,55198,마산1리,126.701067,37.2271,다사2914,송산면,5.78,0.12,0,1,3.571,10.087,3.571,0.0
233002201,41590-55199,55199,마산1리.청촌농원,126.6996,37.229483,다사2814,송산면,0.19,1.65,0,1,3.571,10.087,3.571,0.0
233002202,41590-55200,55200,마산1리.청촌농원,126.699583,37.229383,다사2814,송산면,1.1,0.7,0,1,3.571,10.087,3.571,0.0
233002203,41590-55201,55201,마산1리마을회관,126.69785,37.229967,다사2814,송산면,0.02,2.18,0,1,3.571,10.087,3.571,0.0
233002204,41590-55202,55202,마산1리마을회관,126.698033,37.2298,다사2814,송산면,2.52,0.04,0,1,3.571,10.087,3.571,0.0
233002205,41590-55203,55203,중송1리,126.70625,37.223967,다사2914,송산면,3.24,0.02,0,1,3.571,10.087,3.571,0.0
233002206,41590-55204,55204,은진화학,126.716017,37.217583,다사3013,송산면,0.36,4.24,0,1,3.571,10.087,3.571,0.0
233002207,41590-55205,55205,은진화학,126.71605,37.217467,다사3013,송산면,1.97,0.33,0,1,3.571,10.087,3.571,0.0
233002208,41590-55206,55206,송산중학교,126.729983,37.215167,다사3113,송산면,0.23,6.08,0,1,3.571,10.087,3.571,0.0
233002209,41590-55207,55207,송산중학교,126.730217,37.21505,다사3113,송산면,2.28,1.85,0,1,3.571,10.087,3.571,0.0
233002210,41590-55103,55103,한국지역난방공사,127.0908,37.173867,다사6308,동탄6동,58.94,131.46,0,1,4.0,10.667,4.0,0.571
233002211,41590-36669,36669,한국지역난방공사,127.09105,37.1734,다사6308,동탄6동,121.6,55.91,0,1,4.0,10.667,4.0,0.571
233002212,41590-55133,55133,가재1리입구.자연샘,126.919667,37.1452,다사4805,팔탄면,7.7,10.3,1,0,2.0,6.0,2.0,0.0
233002213,41590-55108,55108,현대기아연구소,126.844067,37.161683,다사4107,남양읍,3.55,43.67,2,0,9.0,20.0,9.0,1.417
233002214,41590-55110,55110,온석2리앞,126.846883,37.167417,다사4207,남양읍,2.74,20.88,2,0,4.143,11.84,5.0,0.667
233002215,41590-55930,55930,비봉교차로,126.8783,37.23845,다사4415,비봉면,6.03,3.76,9,0,20.057,46.283,20.057,1.944
233002216,41590-55117,55117,안장골입구,126.844167,37.179233,다사4109,남양읍,0.62,3.18,2,0,4.143,11.84,5.0,0.667
233002217,41590-55139,55139,국민체육센터,126.952217,37.221067,다사5113,봉담읍,93.01,32.76,5,0,12.009,27.219,12.009,1.589
233002218,41590-55140,55140,국민체육센터,126.952433,37.221183,다사5113,봉담읍,20.68,84.81,4,0,9.009,23.79,9.009,1.375
233002219,41590-37655,37655,창말입구.대주,127.023317,37.13245,다사5704,정남면,0.0,0.0,0,0,0.0,0.0,0.0,0.0
233002220,41590-37656,37656,창말입구.대주,127.023017,37.132267,다사5704,정남면,0.0,0.0,0,0,0.0,0.0,0.0,0.0
233002221,41590-55111,55111,온석2리앞,126.847067,37.167517,다사4207,남양읍,20.38,1.82,2,0,4.143,11.84,5.0,0.667
233002222,41590-36611,36611,조암하나로마트,126.818017,37.086,다바3998,우정읍,5.87,1.87,1,0,2.0,6.857,2.0,0.0
233002223,41590-55112,55112,온석리입구,126.845317,37.173583,다사4108,남양읍,0.39,9.17,2,0,4.143,11.84,5.0,0.667
233002224,41590-55113,55113,온석리입구,126.8454,37.173667,다사4108,남양읍,7.78,0.23,2,0,4.143,11.84,5.0,0.667
233002225,41590-55118,55118,안장골입구,126.844283,37.179217,다사4109,남양읍,9.03,0.65,2,0,4.143,11.84,5.0,0.667
233002226,41590-55109,55109,현대기아연구소,126.844317,37.162017,다사4107,남양읍,50.08,0.45,2,0,9.0,20.0,9.0,1.417
233002227,41590-55145,55145,한마음초사거리,127.052883,37.2092,다사6012,동탄3동,0.03,2.59,0,1,8.8,21.869,8.8,0.833
233002228,41590-55146,55146,한마음초사거리,127.0531,37.209133,다사6012,동탄3동,2.43,2.09,0,1,8.8,21.869,8.8,0.833
233002229,41590-55119,55119,창곡1리,126.88415,37.186617,다사4509,팔탄면,4.76,7.03,4,0,9.147,17.655,9.214,0.429
233001088,41590-36168,36168,동자골.사창3리,126.971617,37.096483,다바5399,양감면,0.42,0.52,1,0,0.75,2.0,0.75,0.0
233001089,41590-36818,36818,경기요양병원,126.797383,37.1151,다사3702,우정읍,0.09,6.81,1,0,4.0,13.714,4.0,0.0
233001090,41590-36175,36175,사창초등학교,126.972283,37.09115,다바5399,양감면,2.72,2.23,1,0,0.75,2.0,0.75,0.0
233001091,41590-36779,36779,오가리,126.970533,37.0856,다바5298,양감면,0.07,1.66,1,0,0.75,2.4,0.75,0.0
233001092,41590-36160,36160,용소3리,126.970333,37.079333,다바5297,양감면,1.05,0.09,1,0,0.75,2.4,0.75,0.0
233001093,41590-60081,60081,마도농협,126.772067,37.204133,다사3511,마도면,0.14,0.29,0,1,15.0,42.095,15.0,1.5
233001094,41590-36150,36150,솔안고개,126.963717,37.07535,다바5297,양감면,0.72,2.24,4,0,5.5,20.4,5.5,0.5
233001095,41590-36151,36151,솔안고개,126.963733,37.075417,다바5297,양감면,1.66,0.55,4,0,5.5,20.4,5.5,0.5
233001096,41590-36145,36145,신왕공단,126.9607,37.076817,다바5297,양감면,1.38,4.19,4,0,5.5,20.4,5.5,0.5
233001097,41590-36144,36144,신왕공단,126.960733,37.0769,다바5297,양감면,4.26,1.31,4,0,5.5,20.4,5.5,0.5
233001098,41590-36133,36133,신왕2리.독줄입구,126.954083,37.077617,다바5197,양감면,6.52,3.56,4,0,5.5,20.4,5.5,0.5
233001099,41590-36126,36126,신왕3리.조리울,126.952267,37.08005,다바5198,양감면,2.1,1.98,4,0,5.5,20.4,5.5,0.5
233001100,41590-36778,36778,신왕리,126.944217,37.083333,다바5098,양감면,7.29,7.29,3,0,2.833,16.4,2.833,0.5
233001101,41590-36777,36777,양감면행정복지센터,126.945167,37.081783,다바5098,양감면,28.68,12.99,3,0,2.833,16.4,2.833,0.5
233001102,41590-36106,36106,대양4리,126.9421,37.0903,다바5099,양감면,2.82,1.08,2,0,1.5,4.4,1.5,0.0
233001103,41590-36096,36096,대양1리,126.939417,37.09545,다바5099,양감면,8.1,2.8,2,0,1.5,4.4,1.5,0.0
233001104,41590-36098,36098,상두리입구,126.9392,37.097483,다사5000,양감면,3.56,0.37,1,0,0.75,2.0,0.75,0.0
233001105,41590-36094,36094,상두리입구,126.939067,37.09745,다사5000,양감면,0.14,3.8,1,0,0.75,2.0,0.75,0.0
233001106,41590-37307,37307,양석골,126.931383,37.110183,다사4901,향남읍,3.9,0.53,2,0,1.5,4.4,1.5,0.0
233001107,41590-37306,37306,양석골,126.931383,37.109833,다사4901,향남읍,0.54,4.41,2,0,1.5,4.4,1.5,0.0
233001108,41590-37284,37284,향남주공2단지,126.917617,37.116733,다사4802,향남읍,91.55,7.24,7,0,24.643,39.478,25.5,1.54
233001109,41590-37280,37280,방축리,126.918367,37.12,다사4802,향남읍,9.4,61.94,9,0,26.514,45.788,27.371,1.54
233001110,41590-37266,37266,효원납골공원,126.95895,37.142667,다사5105,정남면,18.25,11.02,2,0,2.667,9.143,2.667,0.0
233001111,41590-37037,37037,엘크루아파트,127.09365,37.16115,다사6307,동탄6동,20.0,83.44,1,0,4.8,16.0,4.8,0.833
233001112,41590-36166,36166,사창1리,126.9714,37.093717,다바5399,양감면,0.66,1.12,1,0,0.75,2.0,0.75,0.0
233001113,41590-36416,36416,화수1리입구,126.787267,37.118917,다사3602,우정읍,0.08,2.38,1,0,4.0,13.714,4.0,0.0
233001114,41590-36817,36817,호곡1리,126.784667,37.1198,다사3602,우정읍,0.14,3.07,1,0,4.0,13.714,4.0,0.0
233001115,41590-36816,36816,호곡2리,126.779867,37.1194,다사3602,우정읍,5.4,7.09,1,0,4.0,13.714,4.0,0.0
233001116,41590-37492,37492,호곡2리,126.779817,37.119283,다사3602,우정읍,1.66,0.02,1,0,4.0,13.714,4.0,0.0
233001117,41590-37491,37491,화수사거리,126.801883,37.109633,다사3701,우정읍,7.03,2.94,3,0,7.714,23.222,7.714,0.594
233001118,41590-37039,37039,호수하우스디,127.097017,37.16095,다사6406,동탄8동,73.44,32.7,2,0,7.2,22.857,7.2,1.262
233001119,41590-36814,36814,호곡3리입구,126.776367,37.119483,다사3502,우정읍,3.2,0.04,1,0,4.0,13.714,4.0,0.0
233001120,41590-36271,36271,수산세보틱스,126.99115,37.114533,다사5401,양감면,0.59,0.08,1,0,0.75,2.4,0.75,0.0
233001121,41590-36813,36813,문화마을,126.795483,37.124083,다사3703,우정읍,7.09,0.03,1,0,4.0,13.714,4.0,0.0
233001122,41590-36843,36843,정남농협,126.9835,37.170867,다사5408,정남면,31.8,4.29,1,0,2.0,6.857,2.0,0.0
233001123,41590-55693,55693,신남1리,126.813,37.184467,다사3909,남양읍,3.96,1.52,0,1,6.19,14.24,6.4,0.522
233001124,41590-36243,36243,정남파출소,126.984017,37.173417,다사5408,정남면,5.11,30.06,1,0,2.0,6.857,2.0,0.0
233001125,41590-36260,36260,빼골,126.98825,37.180033,다사5409,정남면,10.19,25.2,1,0,2.0,6.857,2.0,0.0
233001126,41590-36274,36274,괘랑2리.차운혁충신정려문,126.99315,37.182833,다사5509,정남면,16.8,62.29,1,0,2.0,6.857,2.0,0.0
233001127,41590-36282,36282,앞말,127.001417,37.183567,다사5509,정남면,0.66,9.11,1,0,2.0,6.857,2.0,0.0
233001128,41590-36291,36291,뱅뱅이,127.00505,37.18675,다사5509,정남면,3.17,9.82,1,0,2.0,6.857,2.0,0.0
233001129,41590-36223,36223,발산리,126.981717,37.155317,다사5306,정남면,8.05,23.3,2,0,2.667,8.286,2.667,0.0
233001130,41590-36281,36281,우미린센트포레1단지,127.000817,37.208167,다사5512,화산동,11.4,62.3,2,0,3.0,4.0,3.0,0.0
233001132,41590-36775,36775,독정4리마을회관,126.867117,37.079033,다바4398,장안면,0.91,0.08,1,0,6.0,14.769,6.0,0.0
233001133,41590-36727,36727,독정5리마을회관,126.870117,37.0637,다바4496,장안면,2.16,1.31,0,1,3.0,9.6,3.0,0.0
233001134,41590-36334,36334,정남산업단지,127.026617,37.1418,다사5704,정남면,2.61,15.0,0,1,2.0,6.857,2.0,0.0
233001135,41590-36326,36326,덕절3리,127.022033,37.140233,다사5704,정남면,1.61,5.24,0,1,2.0,6.857,2.0,0.0
233001136,41590-36508,36508,경찰특공대,127.011517,37.145667,다사5605,정남면,1.22,4.13,0,1,2.0,6.857,2.0,0.0
233001137,41590-36297,36297,금복리,127.00665,37.153067,다사5606,정남면,1.4,4.45,0,1,2.0,6.857,2.0,0.0
233001138,41590-36776,36776,덕다3리.문화촌,126.8366,37.047617,다바4194,장안면,0.01,0.05,0,1,3.0,9.6,3.0,0.0
233001139,41590-60083,60083,숙곡1리입구,126.9139,37.261283,다사4818,매송면,0.03,1.78,0,1,13.0,32.0,13.0,0.75
233001140,41590-60084,60084,다우실란트산업앞,126.869783,37.1882,다사4410,팔탄면,2.0,0.38,0,1,2.4,3.84,2.4,0.133
233001141,41590-36774,36774,덕다3리,126.834883,37.05245,다바4095,장안면,0.87,0.02,0,1,3.0,9.6,3.0,0.0
233001142,41590-37572,37572,괘랑3리,126.980567,37.175233,다사5308,정남면,0.02,0.78,1,0,2.0,6.0,2.0,0.0
233001143,41590-36773,36773,덕다3리,126.834717,37.052783,다바4095,장안면,0.28,1.43,0,1,3.0,9.6,3.0,0.0
233001144,41590-37490,37490,사강2리,126.7305,37.212067,다사3112,송산면,0.02,0.1,5,0,15.571,44.182,15.571,1.5
233001146,41590-36772,36772,노진초등학교,126.809567,37.052617,다바3895,장안면,0.08,3.78,1,0,2.0,8.0,2.0,0.0
233001147,41590-36771,36771,노진2리(노인정),126.812267,37.049017,다바3894,우정읍,0.0,0.9,1,0,2.0,8.0,2.0,0.0
233001148,41590-36770,36770,노진2리(노인정),126.812383,37.049117,다바3894,우정읍,1.01,0.11,1,0,2.0,8.0,2.0,0.0
233001149,41590-37488,37488,능동고등학교,127.05745,37.213083,다사6012,동탄3동,3.51,7.46,0,1,8.8,21.869,8.8,0.833
233001150,41590-36769,36769,노진5,126.815617,37.042,다바3993,장안면,2.76,0.03,1,0,2.0,8.0,2.0,0.0
233001151,41590-36330,36330,수면리,127.022233,37.161967,다사5707,정남면,0.97,2.92,0,1,2.0,6.857,2.0,0.0
233001152,41590-60085,60085,다우실란트산업앞,126.86975,37.188283,다사4410,팔탄면,0.95,0.44,0,1,2.4,3.84,2.4,0.133
233001153,41590-36324,36324,내리교회,127.0183,37.1621,다사5707,정남면,2.33,10.32,0,1,2.0,6.857,2.0,0.0
233001154,41590-36588,36588,매향리복지회관,126.75035,37.03895,다바3393,우정읍,0.01,1.42,1,0,2.0,2.667,2.0,0.306
233001155,41590-36589,36589,매향리복지회관,126.750383,37.038833,다바3393,우정읍,2.31,0.01,1,0,2.0,2.667,2.0,0.306
233001156,41590-37487,37487,운평2리,126.780733,37.084583,다바3698,우정읍,0.88,5.05,1,0,1.5,5.647,1.5,0.0
233001157,41590-36768,36768,운평사거리,126.7767,37.083033,다바3598,우정읍,0.08,1.53,0,1,3.714,12.0,3.714,0.0
233001158,41590-36789,36789,운평3리,126.775333,37.0817,다바3598,우정읍,0.5,0.02,0,1,3.714,12.0,3.714,0.0
233001159,41590-37486,37486,조암4리앞,126.796367,37.0822,다바3798,우정읍,0.24,0.23,1,0,1.5,5.647,1.5,0.0
233001160,41590-36788,36788,우정초등학교,126.801667,37.0807,다바3798,우정읍,0.42,1.06,1,0,1.5,5.647,1.5,0.0
233001161,41590-36787,36787,금광아파트,126.810517,37.081167,다바3898,우정읍,0.21,7.82,1,0,1.5,5.647,1.5,0.0
233001162,41590-36448,36448,반도유보라정문,127.1172,37.2083,다사6612,동탄5동,7.78,33.96,2,0,14.0,21.333,14.0,1.5
233001163,41590-37485,37485,운평1리평밭,126.7718,37.087183,다바3598,우정읍,1.82,0.08,0,1,3.714,12.0,3.714,0.0
233001164,41590-55694,55694,보건지소앞,126.985683,37.168833,다사5407,정남면,0.16,4.19,0,1,2.0,6.857,2.0,0.0
233001165,41590-55756,55756,선납숲공원.퍼스트파크,127.107733,37.210167,다사6512,동탄5동,0.72,0.79,1,0,0.857,1.959,0.857,0.0
233001166,41590-36470,36470,동탄2파출소.농협,127.1049,37.209183,다사6412,동탄5동,256.05,386.63,12,0,54.67,129.768,55.67,6.919
233001167,41590-37484,37484,센트럴푸르지오.반도유보라,127.1147,37.198133,다사6511,동탄4동,185.37,272.61,7,0,30.2,57.455,30.2,3.181
233001168,41590-36458,36458,센트럴푸르지오.호반베르디움2차,127.116817,37.198133,다사6511,동탄4동,177.57,752.45,21,0,123.912,206.532,124.912,13.875
233002230,41590-55120,55120,창곡1리,126.883817,37.1874,다사4510,팔탄면,0.08,3.66,4,0,9.147,17.655,9.214,0.429
233002231,41590-36612,36612,조암하나로마트,126.8176,37.08575,다바3998,우정읍,0.5,7.37,1,0,2.0,6.857,2.0,0.0
233002232,41590-36613,36613,갤건너,126.709117,37.201483,다사2911,송산면,0.22,0.26,0,1,3.571,10.087,3.571,0.0
233002233,41590-55121,55121,안녕4통.고수문,126.98225,37.212633,다사5412,화산동,77.3,86.35,7,0,14.733,38.0,14.733,0.0
233002234,41590-55122,55122,안녕4통.고수문,126.982783,37.212633,다사5412,화산동,51.92,84.97,7,0,14.733,38.0,14.733,0.0
233002235,41590-55136,55136,영지,126.706933,37.1615,다사2907,서신면,9.77,1.17,1,0,4.0,12.0,4.0,1.5
233002236,41590-55208,55208,영지,126.706617,37.161433,다사2907,서신면,1.38,10.92,1,0,4.0,12.0,4.0,1.5
233002237,41590-55137,55137,백미리입구,126.7007,37.151567,다사2906,서신면,5.17,0.88,1,0,4.0,12.0,4.0,1.5
233002238,41590-55209,55209,백미리입구,126.700567,37.152333,다사2906,서신면,1.03,6.35,1,0,4.0,12.0,4.0,1.5
233002239,41590-55210,55210,궁평보건지소,126.70215,37.142567,다사2905,서신면,0.03,1.71,1,0,4.0,12.0,4.0,1.5
233002240,41590-55138,55138,궁평보건지소,126.70205,37.143317,다사2905,서신면,1.6,0.14,1,0,4.0,12.0,4.0,1.5
233002241,41590-36614,36614,갤건너,126.7091,37.201383,다사2911,송산면,0.33,0.17,0,1,3.571,10.087,3.571,0.0
233002242,41590-55129,55129,한국아델리움.풍림아이원,126.928,37.130617,다사4903,향남읍,78.87,15.63,2,0,2.078,5.841,2.078,0.0
233002243,41590-37750,37750,조암한라비발디,126.823767,37.087983,다바3999,우정읍,211.53,24.63,3,0,10.0,25.524,10.0,0.306
233002244,41590-37968,37968,조암한라비발디,126.82375,37.0882,다바3999,우정읍,29.34,190.68,3,0,10.0,25.524,10.0,0.306
233002245,41590-55244,55244,효행초등학교정문,126.96905,37.21595,다사5213,봉담읍,181.13,179.66,5,0,23.009,45.257,21.009,5.775
233002246,41590-55245,55245,임광그대가3단지,126.96925,37.21605,다사5213,봉담읍,187.56,108.45,4,0,21.009,45.257,21.009,5.775
233002247,41590-55998,55998,동탄2차고지,127.103467,37.1554,다사6406,동탄8동,3.19,0.39,10,0,39.6,101.061,39.6,5.407
233002248,41590-55999,55999,동탄2차고지,127.10335,37.155283,다사6406,동탄8동,0.04,2.15,10,0,39.6,101.061,39.6,5.407
233002249,41590-36615,36615,신동탄포레자이후문,127.06505,37.238017,다사6115,반월동,13.34,17.02,1,0,4.8,16.0,4.8,0.833
233002250,41590-55931,55931,중심상가사거리,127.041717,37.214533,다사5912,병점2동,5.5,8.53,0,1,13.667,32.485,13.657,1.591
233002251,41590-55442,55442,반월초등학교,127.0618,37.2229,다사6113,반월동,18.92,245.08,0,1,8.8,22.0,8.8,0.833
233002252,41590-55932,55932,중심상가사거리,127.040733,37.215283,다사5913,진안동,3.82,8.56,0,1,6.0,14.667,6.0,0.053
233002253,41590-36616,36616,우남퍼스트빌.V타운2,127.04215,37.206367,다사5912,병점2동,9.03,49.6,4,0,13.667,32.485,13.667,1.591
233002254,41590-55933,55933,남수원현대아파트정문,127.009533,37.206933,다사5612,화산동,18.57,4.84,0,1,4.667,14.0,4.667,0.0
233002255,41590-55246,55246,신명아파트,126.9724,37.2136,다사5312,봉담읍,141.34,149.34,5,0,23.009,45.257,21.009,5.775
233002256,41590-55247,55247,임광1.2단지입구,126.973283,37.213733,다사5312,봉담읍,184.95,180.55,4,0,21.009,45.257,21.009,5.775
233002258,41590-55471,55471,현대기아자동차연구소,126.812967,37.171733,다사3908,남양읍,3.99,0.22,2,0,4.114,8.174,4.114,0.261
233002259,41590-55472,55472,현대기아자동차연구소,126.812783,37.1718,다사3808,남양읍,0.13,8.12,2,0,4.114,8.174,4.114,0.261
233002260,41590-55474,55474,우미린.하우스디더레이크,127.10335,37.17235,다사6408,동탄7동,49.06,216.08,1,0,4.0,6.0,4.0,0.25
233002261,41590-55475,55475,방교초.레이크자이더테라스,127.10135,37.17265,다사6408,동탄7동,99.65,47.51,1,0,4.0,6.0,4.0,0.25
233002262,41590-55476,55476,하우스디더레이크.우미린,127.105483,37.172617,다사6408,동탄7동,307.93,59.31,1,0,4.0,6.0,4.0,0.25
233002264,41590-55613,55613,동탄첨단산업지구,127.092633,37.211,다사6312,동탄5동,20.44,96.03,2,0,7.2,20.267,7.2,0.0
233002265,41590-55141,55141,매향리,126.767817,37.044533,다바3494,우정읍,0.03,0.02,1,0,2.0,6.0,2.0,0.0
233002266,41590-55134,55134,매향리,126.767633,37.044433,다바3494,우정읍,0.0,0.1,0,0,0.0,0.0,0.0,0.0
233002267,41590-55142,55142,석천3리,126.770867,37.043,다바3594,우정읍,0.5,0.62,1,0,2.0,6.0,2.0,0.0
233002268,41590-55143,55143,기아2차아파트앞,126.79315,37.059167,다바3795,장안면,0.22,4.06,1,0,3.0,12.0,3.0,0.0
233002269,41590-55614,55614,동탄첨단산업지구,127.092917,37.210983,다사6312,동탄5동,88.24,30.95,1,0,4.8,10.667,4.8,0.0
233002270,41590-36486,36486,정림보건진료소,127.007183,37.151367,다사5605,정남면,2.27,0.57,0,1,2.0,6.857,2.0,0.0
233002271,41590-55294,55294,능동지성로사거리,127.054733,37.212817,다사6012,동탄3동,4.53,5.05,0,1,8.8,21.869,8.8,0.833
233002272,41590-55150,55150,신일해피트리아파트,127.0533,37.2003,다사6011,동탄3동,90.4,30.28,1,0,4.0,8.0,4.0,0.833
233002273,41590-55147,55147,능동은행사거리.동탄시티병원,127.061817,37.2089,다사6112,동탄1동,505.22,438.37,10,0,31.324,73.072,31.324,2.977
233002274,41590-55615,55615,향남부영6단지,126.909333,37.11445,다사4701,향남읍,164.76,251.32,9,0,20.871,56.266,20.871,0.929
233002275,41590-55616,55616,현대자동차출고센터,126.818383,37.14655,다사3905,장안면,0.29,20.24,2,0,3.429,8.348,3.429,0.522
233002276,41590-55617,55617,현대자동차출고센터,126.818167,37.14665,다사3905,장안면,4.97,9.05,2,0,3.429,8.348,3.429,0.522
233002277,41590-55934,55934,(임시)e편한세상동탄파크아너스,127.146217,37.176117,다사6808,동탄9동,99.2,76.68,1,0,4.0,6.857,4.0,0.571
233002278,41590-36617,36617,화산5리,126.8109,37.070233,다바3897,장안면,0.64,4.54,2,0,3.0,5.333,3.0,0.306
233002279,41590-36618,36618,화산5리,126.81095,37.070117,다바3897,장안면,3.1,0.44,2,0,3.0,5.333,3.0,0.306
233002280,41590-36619,36619,가재3리,126.9246,37.157783,다사4806,봉담읍,0.07,0.0,1,0,0.0,0.0,0.0,0.0
233002282,41590-55468,55468,비봉체육공원,126.841517,37.266633,다사4118,비봉면,0.66,1.13,1,0,0.6,5.333,0.6,0.556
233002285,41590-37076,37076,사강2리,126.729917,37.21165,다사3112,송산면,0.13,0.55,5,0,15.571,44.182,15.571,1.5
233002286,41590-36620,36620,가재3리,126.924533,37.157733,다사4806,봉담읍,0.15,0.01,1,0,0.0,0.0,0.0,0.0
233002287,41590-37082,37082,서연초.제일풍경채,127.1132,37.159317,다사6506,동탄8동,6.63,2.56,0,1,24.4,58.752,24.4,1.813
233002288,41590-37086,37086,세정초.하우스디,127.1248,37.1676,다사6607,동탄7동,17.74,117.18,4,0,9.233,19.333,9.233,0.306
233002289,41590-37112,37112,왕배초.금강1차,127.111417,37.1804,다사6509,동탄6동,86.5,29.65,2,0,2.667,8.0,2.667,0.0
233002290,41590-37091,37091,제일풍경체.서연초,127.113133,37.159167,다사6506,동탄8동,3.92,9.33,0,1,24.4,58.752,24.4,1.813
233002291,41590-37111,37111,바이오밸리,126.7694,37.172483,다사3508,마도면,0.09,16.04,1,0,4.0,5.333,4.0,0.444
233002294,41590-37134,37134,반도8차,127.092517,37.201867,다사6311,동탄6동,65.99,94.01,1,0,12.0,10.667,12.0,1.111
233002295,41590-55177,55177,무송그린빌리지,126.845783,37.185817,다사4109,남양읍,13.9,1.45,3,0,5.476,14.24,6.333,0.667
233002296,41590-55178,55178,무송그린빌리지,126.84525,37.184433,다사4109,남양읍,1.08,13.06,3,0,5.476,14.24,6.333,0.667
233002297,41590-55211,55211,백석,126.7034,37.1556,다사2906,서신면,0.12,2.5,1,0,4.0,12.0,4.0,1.5
233002298,41590-55212,55212,사곳입구,126.708033,37.163683,다사2907,서신면,6.66,1.43,1,0,4.0,12.0,4.0,1.5
233002299,41590-55213,55213,백석로입구,126.706083,37.1589,다사2906,서신면,0.09,1.45,1,0,4.0,12.0,4.0,1.5
233002300,41590-55214,55214,사곳입구,126.70775,37.16355,다사2907,서신면,0.69,8.09,1,0,4.0,12.0,4.0,1.5
233002301,41590-55215,55215,서신면행정복지센터,126.708033,37.16575,다사2907,서신면,5.03,6.61,1,0,4.0,12.0,4.0,1.5
233002302,41590-36621,36621,우남퍼스트빌v2타운2,127.042317,37.206483,다사5912,병점2동,60.58,22.82,4,0,13.667,32.485,13.667,1.591
233002303,41590-55216,55216,마루교차로,126.696867,37.133267,다사2804,서신면,6.21,0.41,1,0,4.0,12.0,4.0,1.5
233002304,41590-55217,55217,마루교차로,126.69675,37.133417,다사2804,서신면,0.88,5.31,1,0,4.0,12.0,4.0,1.5
233002305,41590-55218,55218,해운경로당,126.701417,37.1377,다사2904,서신면,1.45,0.57,1,0,4.0,12.0,4.0,1.5
233002306,41590-60119,60119,연화사입구,126.907733,37.258233,다사4717,매송면,0.52,0.04,0,1,13.0,32.0,13.0,0.75
233002307,41590-55220,55220,해운교차로,126.702383,37.140467,다사2904,서신면,0.47,0.16,1,0,4.0,12.0,4.0,1.5
233002308,41590-55221,55221,해운교차로,126.7022,37.140217,다사2904,서신면,0.13,2.16,1,0,4.0,12.0,4.0,1.5
233002309,41590-55222,55222,백석,126.70365,37.155567,다사2906,서신면,1.49,0.03,1,0,4.0,12.0,4.0,1.5
233002310,41590-55223,55223,백석로입구,126.70615,37.158417,다사2906,서신면,0.87,0.16,1,0,4.0,12.0,4.0,1.5
233002311,41590-55224,55224,서신면행정복지센터,126.7084,37.16565,다사2907,서신면,4.67,2.64,1,0,4.0,12.0,4.0,1.5
233002312,41590-36163,36163,황계1통,127.020083,37.2239,다사5713,화산동,0.24,0.05,0,1,4.667,14.0,4.667,0.0
233002313,41590-55360,55360,상안2리교차로,126.710583,37.1812,다사2909,서신면,5.3,0.93,1,0,3.0,8.0,3.0,0.0
233001169,41590-36450,36450,반도유보라정문,127.1168,37.208367,다사6512,동탄5동,29.05,5.34,2,0,14.0,21.333,14.0,1.5
233001170,41590-36435,36435,하길초등학교,126.905467,37.116117,다사4702,향남읍,45.52,5.96,2,0,1.871,6.31,1.871,0.0
233001171,41590-37483,37483,귀래리,126.989617,37.1387,다사5404,정남면,1.44,0.96,2,0,3.0,8.8,3.0,0.0
233001172,41590-36785,36785,반도유보라후문,127.118183,37.208833,다사6612,동탄5동,6.06,2.44,2,0,14.0,21.333,14.0,1.5
233001173,41590-55899,55899,LH4단지.치동천복지관,127.123117,37.206033,다사6611,동탄4동,9.98,0.08,0,1,30.2,57.455,30.2,3.181
233001174,41590-36222,36222,용소4리,126.981283,37.08505,다바5398,양감면,1.02,0.37,1,0,0.75,2.0,0.75,0.0
233001175,41590-36208,36208,갈목,126.979417,37.08645,다바5398,양감면,0.25,0.76,1,0,0.75,2.0,0.75,0.0
233001176,41590-55900,55900,LH4단지.치동천복지관,127.123333,37.206067,다사6611,동탄4동,0.05,10.44,0,1,30.2,57.455,30.2,3.181
233001177,41590-36248,36248,용소1리,126.984283,37.080117,다바5498,양감면,7.38,4.48,2,0,2.083,14.0,2.083,0.5
233001178,41590-55901,55901,무봉산자연휴양림,127.12705,37.208533,다사6612,동탄5동,0.0,0.33,0,0,0.0,0.0,0.0,0.0
233001179,41590-55902,55902,무봉산자연휴양림,127.127133,37.208517,다사6612,동탄5동,0.57,0.03,0,1,7.2,18.626,7.2,1.111
233001180,41590-36185,36185,용소3리입구,126.973333,37.077583,다바5397,양감면,2.37,0.95,2,0,2.083,14.0,2.083,0.5
233001181,41590-36184,36184,용소3리입구,126.973417,37.0775,다바5397,양감면,1.82,3.96,2,0,2.083,14.0,2.083,0.5
233001182,41590-36155,36155,솔안슈퍼,126.969417,37.076883,다바5297,양감면,10.39,4.68,3,0,2.833,16.4,2.833,0.5
233001183,41590-37596,37596,솔안,126.969083,37.07655,다바5297,양감면,5.38,6.3,3,0,2.833,16.4,2.833,0.5
233001184,41590-36199,36199,용소2리,126.978267,37.079033,다바5397,양감면,4.03,12.03,2,0,2.083,14.0,2.083,0.5
233001185,41590-36786,36786,화산1리,126.789767,37.062,다바3696,우정읍,0.19,9.32,4,0,7.4,17.333,7.4,0.306
233001186,41590-36207,36207,길목,126.97935,37.086417,다바5398,양감면,0.55,0.2,1,0,0.75,2.0,0.75,0.0
233001187,41590-36268,36268,서영정밀,126.989517,37.11285,다사5401,양감면,0.83,0.38,0,1,1.333,4.0,1.333,0.0
233001188,41590-55903,55903,중흥S더테라스3차,127.084667,37.18555,다사6309,동탄6동,2.44,6.03,0,1,4.0,10.667,4.0,0.571
233001189,41590-36267,36267,송산4리,126.988983,37.107833,다사5401,양감면,1.87,0.97,1,0,0.75,2.4,0.75,0.0
233001190,41590-36266,36266,송산4리,126.98905,37.107683,다사5401,양감면,1.03,0.83,1,0,0.75,2.4,0.75,0.0
233001191,41590-36256,36256,송산1리,126.986067,37.105467,다사5400,양감면,3.92,2.58,1,0,0.75,2.4,0.75,0.0
233001192,41590-36245,36245,양계장,126.983883,37.100933,다사5400,양감면,2.55,3.16,1,0,0.75,2.4,0.75,0.0
233001193,41590-36241,36241,양계장,126.984133,37.101233,다사5400,양감면,1.97,3.13,1,0,0.75,2.4,0.75,0.0
233001194,41590-36252,36252,정문2리,126.985467,37.094683,다바5499,양감면,1.71,1.13,1,0,0.75,2.4,0.75,0.0
233001195,41590-36251,36251,정문1리,126.9849,37.09315,다바5499,양감면,1.54,0.5,1,0,0.75,2.4,0.75,0.0
233001196,41590-36250,36250,정문1리,126.984883,37.09305,다바5499,양감면,0.85,0.9,1,0,0.75,2.4,0.75,0.0
233001197,41590-36182,36182,사창초등학교,126.972533,37.0909,다바5399,양감면,2.21,1.09,1,0,0.75,2.4,0.75,0.0
233001198,41590-36180,36180,사창초등학교,126.9726,37.090817,다바5399,양감면,2.73,1.46,1,0,0.75,2.4,0.75,0.0
233001199,41590-36101,36101,상두리입구,126.940067,37.097267,다바5099,양감면,0.56,1.87,1,0,0.75,2.4,0.75,0.0
233001200,41590-36100,36100,상두리입구,126.94,37.097067,다바5099,양감면,1.77,0.59,1,0,0.75,2.4,0.75,0.0
233001201,41590-36115,36115,외딴집,126.943617,37.09985,다사5000,양감면,0.43,0.79,1,0,0.75,2.4,0.75,0.0
233001202,41590-36114,36114,외딴집,126.943433,37.099783,다사5000,양감면,0.88,0.18,1,0,0.75,2.4,0.75,0.0
233001203,41590-37319,37319,상두2리,126.948333,37.10135,다사5000,양감면,0.08,1.6,1,0,0.75,2.4,0.75,0.0
233001204,41590-37315,37315,상두1리,126.944767,37.106,다사5000,양감면,0.06,3.29,1,0,0.75,2.4,0.75,0.0
233001205,41590-37314,37314,상두1리,126.94475,37.10605,다사5000,양감면,3.08,0.34,1,0,0.75,2.4,0.75,0.0
233001206,,,(임시)55단지,127.140783,37.18385,다사6809,동탄9동,33.32,2.1,1,0,1.333,4.0,1.333,0.0
233001207,41590-37517,37517,백토2리,126.9556,37.11945,다사5102,향남읍,1.4,0.43,0,1,4.0,10.599,4.0,0.0
233001208,41590-55904,55904,안녕초등학교,127.007883,37.206233,다사5612,화산동,0.48,6.13,0,1,4.667,14.0,4.667,0.0
233001209,41590-55905,55905,안녕초등학교,127.008233,37.2062,다사5612,화산동,4.1,2.12,0,1,4.667,14.0,4.667,0.0
233001210,41590-37379,37379,요리공단,126.961467,37.116683,다사5202,향남읍,12.81,0.55,1,0,1.412,3.556,1.412,0.0
233001211,41590-36396,36396,반월리큰고개,127.064817,37.2325,다사6114,반월동,718.59,651.92,8,0,31.712,77.585,31.712,1.583
233001212,41590-36408,36408,삼성반도체후문,127.070867,37.227467,다사6114,반월동,459.47,276.39,8,0,31.712,77.585,31.712,1.583
233001213,41590-36215,36215,수원대학교,126.979967,37.21375,다사5312,봉담읍,0.41,214.56,7,0,57.05,48.0,56.8,4.833
233001214,41590-36216,36216,수원대학교,126.98015,37.21375,다사5312,봉담읍,116.38,1.85,7,0,57.05,48.0,56.8,4.833
233001215,41590-55906,55906,상록예가아파트정문앞,127.059567,37.214817,다사6012,동탄3동,2.87,5.81,0,1,8.8,21.869,8.8,0.833
233001216,41590-36841,36841,한빛마을.석우중학교(중),127.069267,37.208217,다사6112,동탄1동,154.03,1630.23,15,0,140.907,157.172,141.657,19.169
233001217,41590-55695,55695,보건지소앞,126.985583,37.16875,다사5407,정남면,5.87,1.52,0,1,2.0,6.857,2.0,0.0
233001218,41590-36666,36666,메타폴리스(중),127.067483,37.204267,다사6111,동탄1동,298.43,1517.71,16,0,144.05,168.07,144.8,19.169
233001219,41590-36667,36667,메타폴리스(중),127.067517,37.203733,다사6111,동탄1동,1403.06,329.48,16,0,145.05,168.07,143.8,19.169
233001220,41590-37693,37693,다은마을(중),127.06735,37.200383,다사6111,동탄1동,252.42,1042.17,16,0,143.05,170.07,143.8,19.169
233001221,41590-36790,36790,문학리,126.96545,37.154933,다사5206,정남면,11.52,9.09,2,0,2.667,9.143,2.667,0.0
233001222,41590-36670,36670,동탄차고지,127.078817,37.18575,다사6209,동탄6동,26.73,1.77,0,1,4.0,10.667,4.0,0.571
233001223,41590-36671,36671,동탄차고지,127.0787,37.185617,다사6209,동탄6동,0.23,28.28,0,1,4.0,10.667,4.0,0.571
233001224,41590-36664,36664,다은마을(중),127.067583,37.199983,다사6111,동탄1동,1055.0,360.41,16,0,144.05,170.07,142.8,19.169
233001225,41590-36414,36414,한림대병원(중),127.07775,37.217317,다사6213,동탄1동,429.89,558.24,9,0,34.112,84.442,34.112,2.012
233001228,41590-36660,36660,우미린센트포레1단지,127.001083,37.207983,다사5512,화산동,89.9,28.29,2,0,3.0,4.0,3.0,0.0
233001229,41590-37516,37516,우남퍼스트빌,127.04785,37.198917,다사5911,진안동,192.44,145.23,8,0,30.0,72.0,30.0,4.792
233001230,41590-55907,55907,상록예가아파트정문앞,127.059733,37.21475,다사6012,동탄3동,4.18,1.58,0,1,8.8,21.869,8.8,0.833
233001231,41590-36040,36040,북양2리,126.836083,37.217633,다사4113,남양읍,1.45,4.18,1,0,4.0,5.333,4.0,0.444
233001232,41590-36052,36052,북양교차로,126.8552,37.211383,다사4212,남양읍,2.29,6.52,0,1,6.19,14.24,6.4,0.522
233001233,41590-37189,37189,자안리,126.876433,37.197817,다사4411,비봉면,6.49,6.09,1,0,1.333,2.4,1.333,0.0
233001235,41590-36802,36802,관리마을회관,126.947967,37.12795,다사5003,향남읍,0.79,0.28,0,1,4.0,10.599,4.0,0.0
233001236,41590-36801,36801,관리마을회관,126.948017,37.12795,다사5003,향남읍,0.03,0.52,0,1,4.0,10.599,4.0,0.0
233001237,41590-37044,37044,호수하우스디,127.097067,37.161117,다사6407,동탄7동,46.33,63.03,2,0,7.2,22.857,7.2,1.262
233001238,41590-36433,36433,장전교차로,126.820633,37.2686,다사3919,남양읍,0.01,0.0,0,1,6.19,14.24,6.4,0.522
233001239,41590-36800,36800,향남초등학교,126.942267,37.118767,다사5002,향남읍,0.14,1.87,1,0,1.412,3.556,1.412,0.0
233001240,41590-37569,37569,요리,126.967433,37.1092,다사5201,향남읍,3.4,0.2,1,0,1.412,3.556,1.412,0.0
233001241,41590-36833,36833,현대공조,126.955917,37.117767,다사5102,향남읍,5.87,0.41,1,0,1.412,3.556,1.412,0.0
233001242,41590-36590,36590,장전교차로,126.82075,37.26845,다사3919,남양읍,0.03,0.03,0,1,6.19,14.24,6.4,0.522
233001243,41590-36153,36153,남양아이파크(우회전전용),126.8333,37.206167,다사4012,남양읍,0.17,0.05,0,1,6.19,14.24,6.4,0.522
233001244,41590-37515,37515,수련개,126.860533,37.1845,다사4309,팔탄면,7.31,7.54,1,0,1.333,2.4,1.333,0.0
233001245,41590-36922,36922,매향2리,126.769483,37.05095,다바3594,우정읍,0.58,9.97,4,0,7.4,17.333,7.4,0.306
233001246,41590-36937,36937,시장앞,126.819483,37.084667,다바3998,우정읍,34.11,2.99,3,0,7.714,24.745,7.714,0.261
233001247,41590-36936,36936,시장앞,126.8193,37.084917,다바3998,우정읍,1.82,37.5,2,0,6.0,20.571,6.0,0.0
233001248,41590-37514,37514,덕다2리앞,126.8376,37.069383,다바4196,장안면,0.29,2.7,2,0,5.0,16.457,5.0,0.0
233001249,41590-36935,36935,덕다1리,126.83965,37.057733,다바4195,장안면,0.0,0.2,0,0,0.0,0.0,0.0,0.0
233001250,41590-36942,36942,덕다1리,126.839767,37.057833,다바4195,장안면,0.42,0.0,0,1,3.0,9.6,3.0,0.0
233002314,41590-55361,55361,상안2리교차로,126.710367,37.1811,다사2909,서신면,1.91,3.03,1,0,3.0,8.0,3.0,0.0
233002315,41590-55232,55232,상안삼거리,126.706683,37.176967,다사2908,서신면,0.48,0.22,3,0,11.0,28.381,11.0,1.5
233002316,41590-55225,55225,상안삼거리,126.706117,37.17495,다사2908,서신면,0.13,5.78,3,0,11.0,28.381,11.0,1.5
233002317,41590-60120,60120,(임시)청연초등학교,126.868233,37.24595,다사4316,비봉면,22.0,6.01,2,0,3.733,5.714,3.8,0.214
233002318,41590-60121,60121,(임시)비봉LH5단지,126.865617,37.248067,다사4316,비봉면,12.25,7.71,2,0,3.733,5.714,3.8,0.214
233002319,41590-55148,55148,장안4리입구,126.8398,37.03405,다바4193,장안면,0.07,0.01,1,0,3.0,9.6,3.0,0.0
233002320,41590-55149,55149,장안4리입구,126.839933,37.034133,다바4193,장안면,0.02,0.2,1,0,3.0,9.6,3.0,0.0
233002321,41590-55226,55226,비봉교차로,126.8792,37.238833,다사4415,비봉면,6.4,38.93,9,0,20.057,46.283,20.057,1.944
233002322,41590-55154,55154,장수터마을,126.852083,37.197867,다사4211,남양읍,0.09,0.38,0,1,6.19,14.24,6.4,0.522
233002323,41590-55155,55155,장수터마을,126.851933,37.1979,다사4211,남양읍,1.34,0.58,0,1,6.19,14.24,6.4,0.522
233002324,41590-55153,55153,무봉천,126.846533,37.193333,다사4210,남양읍,2.7,0.21,0,1,6.19,14.24,6.4,0.522
233002325,41590-55152,55152,무봉천,126.846633,37.1933,다사4210,남양읍,0.05,0.39,0,1,6.19,14.24,6.4,0.522
233002326,41590-55151,55151,향남홈플러스,126.92235,37.131317,다사4803,향남읍,502.34,403.13,5,0,9.122,18.365,9.122,0.734
233002327,41590-55158,55158,운평리,126.78195,37.090967,다바3699,우정읍,0.88,0.51,1,0,1.5,5.647,1.5,0.0
233002328,41590-55159,55159,운평리,126.782017,37.0909,다바3699,우정읍,0.53,0.86,1,0,1.5,5.647,1.5,0.0
233002329,41590-55379,55379,자안공단,126.87185,37.20655,다사4412,비봉면,1.03,2.1,3,0,1.947,6.467,2.014,0.0
233002330,41590-55172,55172,육일리마을회관,126.725867,37.208217,다사3112,송산면,17.92,2.45,5,0,18.0,50.095,18.0,1.5
233002331,41590-55162,55162,남산공단.힘펠,126.984367,37.19835,다사5411,화산동,2.26,45.24,2,0,4.4,12.0,4.4,0.0
233002332,41590-55163,55163,힘펠.남산공단,126.9845,37.198467,다사5411,화산동,5.61,0.95,2,0,4.4,12.0,4.4,0.0
233002333,41590-55230,55230,청광아파트,126.985817,37.198183,다사5411,화산동,0.24,23.07,2,0,4.4,12.0,4.4,0.0
233002334,41590-55164,55164,청광아파트,126.985883,37.1983,다사5411,화산동,16.24,0.4,2,0,4.4,12.0,4.4,0.0
233002335,41590-55165,55165,안녕11통,126.990883,37.197417,다사5411,화산동,0.04,11.6,2,0,4.4,12.0,4.4,0.0
233002336,41590-55166,55166,안녕11통,126.990867,37.197517,다사5411,화산동,13.74,0.09,2,0,4.4,12.0,4.4,0.0
233002337,41590-55167,55167,월드마트,126.994233,37.197717,다사5511,화산동,12.24,3.03,2,0,4.4,12.0,4.4,0.0
233002338,41590-55168,55168,월드마트,126.994283,37.197617,다사5511,화산동,0.03,25.55,2,0,4.4,12.0,4.4,0.0
233002339,41590-55169,55169,일진산업단지,126.997683,37.19585,다사5510,화산동,0.18,0.0,2,0,2.667,8.0,2.667,0.0
233002340,41590-55170,55170,일진산업단지,126.9978,37.1959,다사5510,화산동,0.02,0.18,2,0,2.667,8.0,2.667,0.0
233002341,41590-55171,55171,경기고속차고지,126.9957,37.1976,다사5511,화산동,28.5,12.54,4,0,9.733,28.0,9.733,0.0
233002342,41590-55229,55229,포레시아,126.843217,37.108767,다사4101,장안면,0.01,0.48,0,1,3.0,9.6,3.0,0.0
233002343,41590-60122,60122,(임시)호반써밋.금강펜테리움,126.86795,37.250183,다사4316,비봉면,80.74,12.21,2,0,3.733,5.714,3.8,0.214
233002344,41590-37738,37738,한신아파트,127.042017,37.203317,다사5911,진안동,226.68,143.4,5,0,18.467,39.869,18.467,1.591
233002345,41590-55233,55233,에듀포레.신창2차아파트,127.046617,37.20735,다사5912,병점2동,36.16,36.87,0,1,13.667,32.485,13.657,1.591
233002346,41590-37292,37292,야목역,126.8842,37.261917,다사4518,매송면,0.61,8.48,0,1,13.0,32.0,13.0,0.75
233002347,41590-55234,55234,센트럴뷰.병점2동복지센터,127.043983,37.211117,다사5912,병점2동,23.55,33.87,0,1,13.667,32.485,13.657,1.591
233002348,41590-60123,60123,(임시)호반써밋.금강펜테리움,126.86785,37.25035,다사4317,비봉면,14.67,52.39,2,0,3.733,5.714,3.8,0.214
233002349,41590-55235,55235,주공9단지,127.04275,37.2127,다사5912,병점2동,48.01,72.37,0,1,13.667,32.485,13.657,1.591
233002350,41590-60124,60124,(임시)비봉LH5단지,126.865417,37.24815,다사4316,비봉면,6.14,8.41,2,0,3.733,5.714,3.8,0.214
233002351,41590-55256,55256,구장리새터말입구,126.89905,37.153467,다사4606,팔탄면,10.71,6.9,9,0,15.547,30.989,15.614,0.895
233002352,41590-37011,37011,하기등리,126.935817,37.14575,다사4905,봉담읍,0.6,0.82,1,0,1.043,3.0,1.043,0.0
233002353,41590-55253,55253,삼성반도체후문,127.071283,37.228417,다사6114,반월동,266.82,201.84,9,0,34.112,84.442,34.112,2.012
233002354,41590-55236,55236,매송휴먼시아후문,126.88085,37.2677,다사4518,매송면,49.03,17.27,3,0,9.08,18.569,9.08,0.0
233002355,41590-55237,55237,매송휴먼시아후문,126.880833,37.267833,다사4518,매송면,24.24,33.73,3,0,9.08,18.569,9.08,0.0
233002356,41590-55238,55238,장짐삼거리,126.90105,37.1396,다사4604,향남읍,9.28,6.85,6,0,9.147,17.655,9.214,0.429
233002357,41590-55239,55239,장짐삼거리,126.901083,37.1395,다사4604,향남읍,5.89,14.08,6,0,9.147,17.655,9.214,0.429
233002358,41590-55240,55240,서신사거리,126.70745,37.167817,다사2907,서신면,11.09,5.8,1,0,4.0,12.0,4.0,1.5
233002359,41590-55241,55241,서신사거리,126.707367,37.167783,다사2907,서신면,2.26,9.63,1,0,4.0,12.0,4.0,1.5
233002360,41590-55252,55252,향남홈플러스,126.922383,37.131567,다사4803,향남읍,58.34,271.02,6,0,11.122,23.165,11.122,0.734
233002361,41590-36269,36269,방교동,127.091517,37.179067,다사6309,동탄6동,24.23,41.5,0,1,4.0,10.667,4.0,0.571
233002362,41590-55257,55257,방교동,127.092383,37.1803,다사6309,동탄6동,42.92,35.56,0,1,4.0,10.667,4.0,0.571
233002363,41590-55258,55258,방아다리마을,127.092533,37.181833,다사6309,동탄6동,44.51,48.62,0,1,4.0,10.667,4.0,0.571
233002364,41590-36704,36704,방아다리마을,127.0929,37.183033,다사6309,동탄6동,41.46,30.37,0,1,4.0,10.667,4.0,0.571
233002365,41590-55242,55242,장지천,127.087,37.163167,다사6307,동탄6동,88.5,17.57,1,0,4.0,6.0,4.0,0.25
233002366,41590-55243,55243,장지천,127.086967,37.161533,다사6307,동탄6동,5.98,25.98,1,0,4.0,6.0,4.0,0.25
233002368,41590-55249,55249,쌍송공단입구,126.79005,37.195167,다사3610,마도면,0.0,0.0,0,0,0.0,0.0,0.0,0.0
233002369,41590-60125,60125,(임시)청연초등학교,126.8689,37.246,다사4416,비봉면,4.95,12.71,2,0,3.733,5.714,3.8,0.214
233002370,41590-36622,36622,보통3리입구,126.977617,37.18945,다사5310,정남면,4.72,4.29,1,0,2.0,6.0,2.0,0.0
233002371,41590-55250,55250,아이파크정문,126.970567,37.21385,다사5312,봉담읍,286.07,235.69,4,0,19.009,35.657,17.009,4.975
233002372,41590-55251,55251,봉담휴먼빌아파트,126.969983,37.2141,다사5212,봉담읍,215.94,214.76,3,0,17.009,35.657,17.009,4.975
233002373,41590-55444,55444,호반3차.창의고,127.118883,37.179617,다사6609,동탄9동,60.5,24.21,4,0,9.233,23.6,9.233,0.083
233002374,41590-55339,55339,서봉마을19단지,126.904,37.110317,다사4701,향남읍,21.45,2.15,4,0,11.0,27.099,11.0,0.429
233002375,41590-55463,55463,남양뉴타운10단지,126.835083,37.2061,다사4012,남양읍,14.02,2.3,4,0,6.19,11.747,7.048,0.261
233002376,41590-55277,55277,동탄홈플러스,127.069317,37.202017,다사6111,동탄1동,115.93,68.39,4,0,9.0,19.333,9.0,0.0
233002377,41590-37664,37664,동탄홈플러스.다은마을삼성래미안,127.0689,37.2018,다사6111,동탄1동,57.47,98.83,4,0,9.0,19.333,9.0,0.0
233002378,41590-55259,55259,상두리맹산,126.934833,37.105933,다사4900,양감면,0.14,3.26,1,0,0.75,2.0,0.75,0.0
233002379,41590-55260,55260,상두리맹산,126.9347,37.106267,다사4900,양감면,2.66,0.2,1,0,0.75,2.0,0.75,0.0
233002380,41590-37934,37934,독정리.큰마을,126.861833,37.078083,다바4397,장안면,8.46,0.1,2,0,5.0,14.242,5.0,0.0
233002381,41590-37942,37942,독정리.큰마을,126.862017,37.077917,다바4397,장안면,0.16,2.26,2,0,5.0,14.242,5.0,0.0
233002382,41590-37660,37660,동탄2신도시홍보관,127.084517,37.194467,다사6310,동탄6동,40.2,17.34,2,0,4.0,10.667,4.0,0.0
233002383,41590-37659,37659,동탄2신도시홍보관,127.0845,37.1942,다사6310,동탄6동,7.3,38.51,2,0,4.0,10.667,4.0,0.0
233002384,41590-55261,55261,귀래산업단지,126.98185,37.133233,다사5303,향남읍,2.83,8.17,0,1,4.0,10.599,4.0,0.0
233002385,41590-55262,55262,귀래산업단지,126.982133,37.13325,다사5403,향남읍,3.99,2.16,0,1,4.0,10.599,4.0,0.0
233002386,41590-55263,55263,청원2리,126.778217,37.17675,다사3508,마도면,0.34,0.4,0,1,15.0,42.095,15.0,1.5
233002387,41590-55264,55264,청원4리마을회관,126.766683,37.18135,다사3409,마도면,0.26,0.35,0,1,15.0,42.095,15.0,1.5
233002388,41590-55265,55265,청원공단,126.764,37.186717,다사3410,마도면,0.06,0.85,0,1,15.0,42.095,15.0,1.5
233002389,41590-55266,55266,청원초등학교,126.7608,37.188433,다사3410,마도면,2.37,0.87,0,1,15.0,42.095,15.0,1.5
233002390,41590-55267,55267,청원4리.막상공원,126.765317,37.184867,다사3409,마도면,0.54,0.07,0,1,15.0,42.095,15.0,1.5
233002391,41590-55268,55268,청원4리마을회관,126.76655,37.181283,다사3409,마도면,0.44,0.28,0,1,15.0,42.095,15.0,1.5
233001251,41590-37513,37513,화산1리마을회관,126.779883,37.0654,다바3596,우정읍,0.01,0.11,1,0,2.0,6.0,2.0,0.0
233001252,41590-36941,36941,화산1리종점,126.777433,37.065517,다바3596,우정읍,1.26,0.23,1,0,2.0,6.0,2.0,0.0
233001253,41590-36940,36940,화산1리마을회관,126.779733,37.065283,다바3596,우정읍,0.65,0.1,1,0,2.0,6.0,2.0,0.0
233001254,41590-37038,37038,엘크루아파트,127.09365,37.160967,다사6307,동탄6동,81.75,17.03,1,0,4.8,16.0,4.8,0.833
233001255,41590-37025,37025,궁평해수욕장,126.690833,37.122817,다사2802,서신면,0.29,8.61,1,0,4.0,12.0,4.0,1.5
233001256,41590-37026,37026,궁평해수욕장,126.6913,37.123833,다사2803,서신면,12.94,0.25,1,0,4.0,12.0,4.0,1.5
233001257,41590-36939,36939,전곡항입구,126.6568,37.19115,다사2511,송산면,1.73,0.09,1,0,0.571,2.087,0.571,0.0
233001258,41590-37512,37512,전곡2리.산업단지,126.683117,37.1888,다사2710,서신면,1.39,0.01,1,0,0.571,2.087,0.571,0.0
233001259,41590-37357,37357,전곡삼거리마트,126.691067,37.185667,다사2809,서신면,1.97,0.13,1,0,0.571,2.087,0.571,0.0
233001260,41590-37371,37371,전곡2리마을회관.운천동,126.69215,37.191317,다사2810,서신면,1.83,0.46,1,0,0.571,2.087,0.571,0.0
233001261,41590-37364,37364,칠곡리,126.711483,37.203567,다사3011,송산면,0.5,0.87,1,0,0.571,2.087,0.571,0.0
233001262,41590-60087,60087,제약공단공원,126.900617,37.089317,다바4699,향남읍,0.05,10.6,3,0,20.0,24.381,20.0,1.54
233001263,41590-37511,37511,전곡2리,126.682417,37.189267,다사2710,서신면,0.03,4.28,1,0,0.571,2.087,0.571,0.0
233001264,41590-36938,36938,전곡항입구,126.656467,37.19125,다사2511,송산면,0.09,1.3,1,0,0.571,2.087,0.571,0.0
233001265,41590-37600,37600,덕고개34,126.922983,37.234033,다사4815,봉담읍,1.05,0.09,1,0,1.0,3.429,1.0,0.0
233001266,41590-60088,60088,제약공단공원,126.900817,37.089467,다바4699,향남읍,20.6,0.41,3,0,20.0,24.381,20.0,1.54
233001268,41590-36591,36591,신동탄롯데캐슬,127.06725,37.228067,다사6114,반월동,0.19,10.16,0,1,8.8,22.0,8.8,0.833
233001269,41590-37144,37144,삼화1리,126.856067,37.251417,다사4217,비봉면,0.39,1.14,1,0,0.857,2.824,0.857,0.0
233001270,41590-37246,37246,쌍학리,126.901117,37.236117,다사4615,비봉면,0.35,0.63,1,0,1.0,3.429,1.0,0.0
233001271,41590-37243,37243,쌍학4리,126.899483,37.240933,다사4615,비봉면,0.34,0.0,1,0,1.0,3.429,1.0,0.0
233001272,41590-37236,37236,야목1리,126.897567,37.254883,다사4617,매송면,0.41,0.87,1,0,3.0,3.429,3.0,0.214
233001273,41590-37581,37581,야목2리,126.881183,37.264217,다사4518,매송면,0.0,0.1,0,0,0.0,0.0,0.0,0.0
233001274,41590-37202,37202,야목2리,126.881283,37.26395,다사4518,매송면,0.76,0.07,0,1,13.0,32.0,13.0,0.75
233001275,41590-37218,37218,야목1리,126.892567,37.257117,다사4617,매송면,0.55,0.4,1,0,3.0,3.429,3.0,0.214
233001276,41590-37275,37275,매송농협,126.910617,37.250117,다사4716,매송면,1.58,1.57,0,1,13.0,32.0,13.0,0.75
233001277,41590-55909,55909,리안비채,126.834917,37.2759,다사4019,새솔동,5.08,2.43,1,0,0.6,5.333,0.6,0.556
233001278,41590-37759,37759,발안공단로4길교차로,126.899433,37.0845,다바4698,향남읍,0.1,25.67,0,1,4.0,10.599,4.0,0.0
233001279,41590-55696,55696,신영통현대타운2단지,127.057733,37.232283,다사6014,반월동,141.8,129.58,0,1,8.8,22.0,8.8,0.833
233001280,41590-55664,55664,퍼스트파크.선납숲공원,127.107867,37.210033,다사6512,동탄5동,0.13,1.54,1,0,0.857,1.959,0.857,0.0
233001281,41590-36672,36672,예당마을.롯데캐슬(중),127.072067,37.21095,다사6212,동탄1동,547.26,196.43,16,0,147.707,169.89,146.457,19.919
233001282,41590-37587,37587,예당마을.롯데캐슬(중),127.073,37.21175,다사6212,동탄1동,186.45,640.34,16,0,146.707,169.89,147.457,19.919
233001283,41590-37590,37590,센트럴파크뷰아파트(중),127.06415,37.199433,다사6111,동탄1동,194.92,175.72,9,0,31.05,76.0,30.8,6.958
233001284,41590-55697,55697,신한미지엔정문,127.005967,37.201083,다사5611,화산동,32.29,9.71,3,0,4.667,14.0,4.667,0.0
233001285,41590-36686,36686,모아미래도.우림필유.평생학습관(중),127.058267,37.199483,다사6011,동탄3동,116.44,200.62,7,0,26.0,64.0,26.0,3.958
233001286,41590-36687,36687,모아미래도.우림필유.평생학습관(중),127.057583,37.199267,다사6011,동탄3동,164.54,148.25,7,0,26.0,64.0,26.0,3.958
233001287,41590-36688,36688,서동탄역.신일해피트리(중),127.053333,37.199367,다사6011,동탄3동,147.03,299.04,7,0,26.0,64.0,26.0,3.958
233001288,41590-36689,36689,서동탄역.신일해피트리(중),127.0525,37.1995,다사6011,동탄3동,313.9,162.17,7,0,26.0,64.0,26.0,3.958
233001289,41590-36362,36362,성호아파트,127.0428,37.199683,다사5911,진안동,120.48,149.68,8,0,30.0,72.0,30.0,4.792
233001290,41590-36364,36364,성호아파트,127.041067,37.199883,다사5911,진안동,258.95,141.5,8,0,30.0,72.0,30.0,4.792
233001291,41590-36717,36717,노진3리,126.817333,37.0363,다바3993,장안면,0.03,1.99,1,0,2.0,8.0,2.0,0.0
233001292,41590-36716,36716,노진3리,126.817333,37.036333,다바3993,장안면,2.03,0.04,1,0,2.0,8.0,2.0,0.0
233001293,41590-37002,37002,제부도입구,126.65835,37.17215,다사2508,서신면,55.78,2.02,4,0,14.0,38.095,14.0,0.0
233001294,41590-37008,37008,살고지입구,126.667183,37.162717,다사2607,서신면,14.92,0.71,4,0,14.0,38.095,14.0,0.0
233001295,41590-55910,55910,율암3리.밤뒤,126.878217,37.170267,다사4408,팔탄면,0.46,1.13,0,1,2.4,3.84,2.4,0.133
233001296,41590-36948,36948,나루마을상가,127.07315,37.193117,다사6210,동탄2동,76.6,163.13,1,0,3.0,5.053,3.0,0.053
233001297,41590-37510,37510,솔빛마을상가,127.073,37.1934,다사6210,동탄2동,113.79,80.15,1,0,3.0,5.053,3.0,0.053
233001298,41590-37114,37114,은장고개,126.788283,37.202667,다사3611,마도면,4.69,27.52,5,0,15.571,44.182,15.571,1.5
233001299,41590-36947,36947,살고지입구,126.666583,37.16295,다사2607,서신면,0.36,15.45,4,0,14.0,38.095,14.0,0.0
233001300,41590-36406,36406,신동탄롯데캐슬,127.068117,37.230633,다사6114,반월동,367.45,131.13,8,0,31.712,77.585,31.712,1.583
233001301,41590-55911,55911,율암교차로,126.887833,37.168917,다사4507,팔탄면,0.34,0.33,0,1,2.4,3.84,2.4,0.133
233001302,41590-60090,60090,향남언덕마을15단지,126.90745,37.101783,다사4700,향남읍,0.3,0.9,1,0,2.0,6.0,2.0,0.0
233001303,41590-37393,37393,수련개,126.860433,37.184617,다사4309,팔탄면,5.88,5.59,1,0,1.333,2.4,1.333,0.0
233001304,41590-60091,60091,상신3리입구,126.907783,37.101633,다사4700,향남읍,1.17,0.54,1,0,2.0,6.0,2.0,0.0
233001305,41590-55912,55912,금강펜테리움.힐스테이트,127.13815,37.174133,다사6708,동탄9동,32.22,21.49,2,0,5.0,14.857,5.0,0.0
233001306,41590-36482,36482,반도유보라후문,127.118317,37.208783,다사6612,동탄5동,2.13,9.87,2,0,14.0,21.333,14.0,1.5
233001307,41590-36287,36287,고지리,127.003967,37.160783,다사5507,정남면,1.41,2.84,0,1,2.0,6.857,2.0,0.0
233001308,41590-36284,36284,고지리,127.003283,37.16305,다사5507,정남면,0.23,0.73,0,1,2.0,6.857,2.0,0.0
233001309,41590-36978,36978,샘터교차로,126.804833,37.20615,다사3812,남양읍,0.02,0.54,0,1,6.19,14.24,6.4,0.522
233001310,41590-36683,36683,IT단지(중),127.073667,37.2251,다사6213,동탄1동,354.46,433.32,9,0,34.112,84.442,34.112,2.012
233001311,41590-36076,36076,수원여대혜란캠퍼스,126.932733,37.202617,다사4911,봉담읍,5.97,1.79,2,0,3.733,5.6,3.733,0.133
233001312,41590-36075,36075,수원여대혜란캠퍼스,126.93305,37.2026,다사4911,봉담읍,1.0,3.93,2,0,3.733,5.6,3.733,0.133
233001313,41590-37226,37226,청요리,126.8953,37.203133,다사4611,비봉면,1.98,2.7,2,0,2.133,4.926,2.133,0.0
233001314,41590-36712,36712,가골입구앞,126.891117,37.202233,다사4511,비봉면,1.82,0.89,2,0,2.133,4.926,2.133,0.0
233001315,41590-37227,37227,청요2리,126.8948,37.203067,다사4611,비봉면,2.4,2.18,2,0,2.133,4.926,2.133,0.0
233001316,41590-55913,55913,힐스테이트.금강펜테리움,127.13795,37.174417,다사6708,동탄9동,27.49,43.87,2,0,5.0,14.857,5.0,0.0
233001317,41590-55914,55914,C10,127.133033,37.17975,다사6709,동탄9동,71.61,21.06,2,0,5.0,14.857,5.0,0.0
233001318,41590-36023,36023,남양중고교입구,126.82225,37.204367,다사3911,남양읍,50.69,78.97,9,0,23.781,49.641,23.781,1.372
233001319,41590-37509,37509,한국제지,127.10855,37.15595,다사6506,동탄8동,7.08,2.9,2,0,10.0,21.333,10.0,0.222
233001320,41590-37508,37508,장지동,127.11535,37.155633,다사6506,동탄8동,1.83,33.07,0,1,24.4,58.752,24.4,1.813
233001321,41590-36945,36945,한원IC,127.122083,37.152817,다사6606,동탄8동,2.29,19.53,0,1,24.4,58.752,24.4,1.813
233001322,41590-36944,36944,한국제지,127.10855,37.155683,다사6506,동탄8동,3.03,5.97,1,0,6.0,16.0,6.0,0.0
233001323,41590-36943,36943,꽃가마약수터,127.100933,37.1586,다사6406,동탄8동,2.74,21.58,2,0,7.8,21.053,7.8,0.886
233001324,41590-37376,37376,길성리,126.962083,37.121567,다사5202,향남읍,2.82,1.48,0,1,4.0,10.599,4.0,0.0
233001325,41590-37377,37377,사창2리.요골,126.9712,37.107333,다사5301,양감면,0.71,8.69,1,0,1.412,3.556,1.412,0.0
233001326,41590-36949,36949,상두1리,126.9512,37.105867,다사5100,양감면,0.63,0.02,0,1,1.333,4.0,1.333,0.0
233001327,41590-37507,37507,상두1리,126.951367,37.1057,다사5100,양감면,0.02,0.62,0,1,1.333,4.0,1.333,0.0
233001329,41590-36294,36294,한강CM,127.006717,37.196683,다사5611,화산동,1.18,17.32,1,0,2.0,6.857,2.0,0.0
233002392,41590-55269,55269,정든공원.리체더포레스트,127.048783,37.209783,다사5912,병점2동,67.69,165.09,3,0,9.05,20.0,8.8,3.5
233002393,41590-55280,55280,안화고등학교,127.0472,37.2115,다사5912,병점2동,41.76,47.45,1,0,3.0,8.0,3.0,0.0
233002394,41590-55281,55281,안화고등학교,127.047517,37.211433,다사5912,병점2동,81.08,64.13,1,0,3.0,8.0,3.0,0.0
233002395,41590-55270,55270,안녕4통입구,126.985483,37.205433,다사5411,화산동,6.88,54.62,3,0,6.4,18.0,6.4,0.0
233002396,41590-55271,55271,안녕3통입구,126.985117,37.205067,다사5411,화산동,39.94,8.71,3,0,6.4,18.0,6.4,0.0
233002397,41590-55343,55343,융건릉사거리,126.987533,37.20785,다사5412,화산동,37.24,88.51,9,0,22.733,54.0,22.733,1.333
233002398,41590-55344,55344,융건릉사거리,126.987783,37.207967,다사5412,화산동,111.13,40.91,9,0,22.733,54.0,22.733,1.333
233002399,41590-55690,55690,안녕남로,126.988017,37.197317,다사5411,화산동,0.08,19.71,2,0,4.4,12.0,4.4,0.0
233002400,41590-55691,55691,안녕남로,126.988083,37.1974,다사5411,화산동,12.4,0.19,2,0,4.4,12.0,4.4,0.0
233002401,41590-55345,55345,북양산업단지,126.851367,37.215567,다사4213,남양읍,27.91,15.03,1,0,4.0,5.333,4.0,0.444
233002402,41590-55346,55346,북양산업단지,126.85215,37.214817,다사4213,남양읍,18.7,24.87,1,0,4.0,5.333,4.0,0.444
233002403,41590-55291,55291,롯데시네마,127.042633,37.21425,다사5912,병점2동,787.3,998.86,7,0,16.574,40.15,16.324,3.944
233002404,41590-36192,36192,태안교차로,127.03715,37.218383,다사5813,진안동,15.1,22.36,0,1,6.0,14.667,6.0,0.053
233002405,41590-37574,37574,능리교차로,127.057233,37.219117,다사6013,진안동,338.75,399.01,1,0,2.667,5.333,2.667,0.444
233002406,41590-55282,55282,향남부영9단지,126.919267,37.113767,다사4801,향남읍,2.94,9.57,3,0,3.5,11.257,3.5,0.0
233002407,41590-55283,55283,향남부영9단지,126.919067,37.113367,다사4801,향남읍,8.75,42.24,6,0,7.47,24.407,8.328,0.0
233002408,41590-55284,55284,향남부영10.11단지,126.919483,37.11055,다사4801,향남읍,73.71,46.9,3,0,3.97,13.15,4.828,0.0
233002409,41590-55332,55332,향남부영10.11단지,126.919717,37.110517,다사4801,향남읍,0.66,7.44,0,1,4.0,10.599,4.0,0.0
233002410,41590-55285,55285,향남주공1.2단지,126.9145,37.1191,다사4702,향남읍,102.72,15.95,2,0,1.871,6.31,1.871,0.0
233002411,41590-55286,55286,향남주공1.2단지,126.9159,37.11895,다사4802,향남읍,16.33,62.15,1,0,1.043,3.0,1.043,0.0
233002412,41590-55287,55287,향남부영3단지,126.911417,37.118017,다사4702,향남읍,333.23,70.68,7,0,12.871,42.552,12.871,0.5
233002413,41590-55288,55288,향남부영3단지,126.911583,37.11895,다사4702,향남읍,35.76,250.44,6,0,12.043,39.242,12.043,0.5
233002414,41590-55289,55289,향남부영7.롯데씨네마,126.911067,37.1144,다사4701,향남읍,240.76,161.67,5,0,26.0,43.238,26.0,2.29
233002415,41590-55290,55290,향남모아8단지,126.913683,37.113833,다사4701,향남읍,27.58,145.39,5,0,22.828,34.548,22.828,1.54
233002416,41590-37274,37274,하길중학교,126.907983,37.112583,다사4701,향남읍,60.94,107.01,8,0,31.0,60.623,31.0,2.04
233002417,41590-36697,36697,하길중학교,126.908817,37.1134,다사4701,향남읍,291.82,193.76,8,0,31.0,60.623,31.0,2.04
233002418,41590-55295,55295,성호아파트후문,127.044417,37.201283,다사5911,진안동,19.39,39.24,0,1,6.0,14.667,6.0,0.053
233002419,41590-55296,55296,한화.호반.대원,127.104867,37.196733,다사6410,동탄4동,29.68,42.78,7,0,30.2,57.455,30.2,3.181
233002420,41590-55297,55297,롯데캐슬.호반베르디움,127.11105,37.196883,다사6510,동탄4동,57.91,90.27,7,0,30.2,57.455,30.2,3.181
233002421,41590-55340,55340,예솔초.호반2차.대원2차,127.118767,37.196233,다사6610,동탄9동,620.45,192.31,21,0,124.912,206.532,123.912,13.875
233002422,41590-55298,55298,무봉초,127.117283,37.20345,다사6611,동탄4동,0.49,20.04,1,0,6.0,1.455,6.0,0.0
233002423,41590-55299,55299,무봉초,127.115,37.203833,다사6511,동탄4동,12.96,2.48,2,0,8.4,7.455,8.4,0.0
233002424,41590-55300,55300,단독주택,127.12265,37.2027,다사6611,동탄4동,14.11,0.76,1,0,3.0,2.667,3.0,0.0
233002425,41590-55301,55301,단독주택,127.122217,37.2025,다사6611,동탄4동,0.62,10.4,1,0,3.0,2.667,3.0,0.0
233002426,41590-55302,55302,치동천힐링마을,127.125667,37.202183,다사6611,동탄4동,20.06,22.43,1,0,3.0,2.667,3.0,0.0
233002427,41590-55303,55303,KCC스위첸,127.118967,37.2012,다사6611,동탄4동,18.03,9.38,1,0,6.0,1.455,6.0,0.0
233002428,41590-55304,55304,호반베르디움,127.117617,37.1996,다사6611,동탄4동,5.09,37.44,1,0,6.0,1.455,6.0,0.0
233002429,41590-55305,55305,이주택지.상록.경남아파트,127.110867,37.2071,다사6512,동탄5동,1216.16,399.82,18,0,120.812,195.009,119.812,14.319
233002430,41590-55306,55306,퍼스트파크.이지더원,127.1085,37.209,다사6512,동탄5동,278.95,107.91,11,0,54.812,127.809,53.812,6.919
233002431,41590-55307,55307,동탄2파출소.농협,127.104383,37.2095,다사6412,동탄5동,373.39,256.37,12,0,55.67,129.768,54.67,6.919
233002432,41590-55308,55308,대방디엠시티.센트럴상록,127.099667,37.209517,다사6412,동탄5동,351.08,169.97,7,0,28.67,75.901,28.67,2.436
233002433,41590-37663,37663,우남퍼스트빌.자이,127.100083,37.204567,다사6411,동탄4동,52.09,70.84,7,0,24.9,46.978,24.9,3.042
233002434,41590-55292,55292,시범예미지.영천유치원,127.108767,37.203233,다사6511,동탄4동,33.16,97.39,7,0,24.9,46.978,24.9,3.042
233002435,41590-55293,55293,영천유치원.시범예미지,127.108783,37.203517,다사6511,동탄4동,84.26,16.39,7,0,24.9,46.978,24.9,3.042
233002436,41590-36842,36842,상록.테크노밸리.GS자이,127.098567,37.2065,다사6412,동탄5동,292.1,659.19,21,0,122.356,200.839,121.356,15.752
233002437,41590-55309,55309,한화꿈에그린,127.10035,37.194767,다사6410,동탄4동,30.87,104.07,7,0,30.2,57.455,30.2,3.181
233002438,41590-55310,55310,한화꿈에그린,127.100467,37.19445,다사6410,동탄4동,66.38,44.58,7,0,30.2,57.455,30.2,3.181
233002439,41590-55311,55311,예당고사거리,127.080667,37.2099,다사6212,동탄1동,317.66,232.85,20,0,105.979,204.835,105.979,15.172
233002440,41590-55312,55312,예당고사거리,127.081817,37.209183,다사6212,동탄1동,177.49,285.78,21,0,108.979,221.501,108.979,15.172
233002441,41590-37670,37670,마루뜰,126.692317,37.128067,다사2803,서신면,0.01,4.93,1,0,4.0,12.0,4.0,1.5
233002442,41590-55314,55314,푸르지오.한미약품,127.091833,37.209183,다사6312,동탄5동,851.34,1306.43,21,0,108.979,221.501,108.979,15.172
233002443,41590-55315,55315,한미약품.푸르지오,127.091617,37.2095,다사6312,동탄5동,1434.25,685.29,22,0,111.379,231.101,111.379,15.172
233002444,41590-55316,55316,한림대성심병원,127.0802,37.2155,다사6213,동탄1동,321.37,22.76,7,0,61.143,82.667,61.143,9.444
233002445,41590-55661,55661,금호어울림레이크.우남더테라스,127.107667,37.162183,다사6507,동탄8동,15.72,112.76,5,0,24.4,58.752,24.4,1.813
233002446,41590-55380,55380,양노리,126.87375,37.230833,다사4414,비봉면,0.32,0.87,3,0,1.947,6.467,2.014,0.0
233002447,41590-37918,37918,스마트밸리,126.870783,37.075983,다바4497,장안면,9.7,2.44,2,0,5.0,14.242,5.0,0.0
233002448,41590-55336,55336,그랑드비체.힐스테이트,126.948767,37.228783,다사5114,봉담읍,306.74,120.97,5,0,16.8,30.031,16.8,1.175
233002449,41590-55371,55371,청원초등학교,126.760817,37.1885,다사3410,마도면,0.72,2.18,0,1,15.0,42.095,15.0,1.5
233002450,41590-55372,55372,청원공단,126.763817,37.186633,다사3410,마도면,0.76,0.05,0,1,15.0,42.095,15.0,1.5
233002451,41590-55373,55373,청원4리.막상공원,126.76545,37.18495,다사3409,마도면,0.14,0.35,0,1,15.0,42.095,15.0,1.5
233002452,41590-55374,55374,막산리,126.76575,37.1825,다사3409,마도면,0.62,0.07,0,1,15.0,42.095,15.0,1.5
233002453,41590-55335,55335,힐스테이트.그랑드비체,126.94895,37.228567,다사5114,봉담읍,121.14,198.82,5,0,16.4,30.031,16.4,1.175
233002454,41590-55375,55375,청원2리.창고앞,126.77845,37.176633,다사3508,마도면,2.45,0.79,0,1,15.0,42.095,15.0,1.5
233002455,41590-55376,55376,청원2리.수루지,126.779483,37.17705,다사3608,마도면,0.07,0.0,0,1,15.0,42.095,15.0,1.5
233002456,41590-55377,55377,막산리,126.7657,37.18235,다사3409,마도면,0.11,0.13,0,1,15.0,42.095,15.0,1.5
233002457,41590-55338,55338,수현초.수현중,126.951617,37.227317,다사5114,봉담읍,65.91,31.76,2,0,4.4,12.0,4.4,0.0
233002458,41590-55337,55337,수현초.수현중,126.9514,37.227167,다사5114,봉담읍,30.68,62.48,2,0,4.0,12.0,4.0,0.0
233002459,41590-36157,36157,대양초등학교,126.820717,37.19895,다사3911,남양읍,0.97,7.53,0,1,6.19,14.24,6.4,0.522
233002460,41590-37552,37552,청원산단로,126.77945,37.173567,다사3608,마도면,17.71,0.52,1,0,4.0,5.333,4.0,0.444
233002461,41590-36391,36391,반정동,127.026567,37.22285,다사5713,화산동,7.13,99.34,0,1,4.667,14.0,4.667,0.0
233002462,41590-37702,37702,반정동,127.027817,37.22145,다사5813,진안동,15.51,13.19,0,1,6.0,14.667,6.0,0.053
233002463,41590-55324,55324,원평2리입구,126.925633,37.239383,다사4915,봉담읍,0.78,0.75,3,0,6.0,8.19,6.0,0.214
233002464,41590-55325,55325,원평2리입구.은혜교회,126.92535,37.239017,다사4915,봉담읍,0.18,0.53,3,0,6.0,8.19,6.0,0.214
233002465,41590-55326,55326,덕고개길,126.925317,37.233183,다사4915,봉담읍,0.76,0.29,2,0,5.0,4.762,5.0,0.214
233002466,41590-55321,55321,향남주공1단지,126.91255,37.120483,다사4702,향남읍,50.36,12.56,5,0,11.0,36.242,11.0,0.5
233002467,41590-60126,60126,화성시치매안심센터,126.901117,37.095983,다바4699,향남읍,0.12,0.04,1,0,2.0,6.0,2.0,0.0
233001330,41590-36295,36295,한강CM,127.006617,37.195917,다사5611,화산동,16.76,4.67,1,0,2.0,6.857,2.0,0.0
233001331,41590-36976,36976,상2리입구,126.936683,37.225267,다사5014,봉담읍,0.21,0.34,1,0,2.667,4.8,2.667,0.0
233001332,41590-36586,36586,상2리입구,126.936633,37.225417,다사5014,봉담읍,0.01,0.68,1,0,2.667,4.8,2.667,0.0
233001333,41590-55915,55915,C10,127.132833,37.17945,다사6709,동탄9동,12.07,65.63,2,0,5.0,14.857,5.0,0.0
233001335,41590-37504,37504,봉화산입구,126.6922,37.18865,다사2810,서신면,0.13,0.11,1,0,0.571,2.087,0.571,0.0
233001336,41590-36783,36783,내리사거리,126.931617,37.22685,다사4914,봉담읍,6.87,0.73,2,0,5.0,4.762,5.0,0.214
233001337,41590-36975,36975,내리,126.934033,37.231117,다사4914,봉담읍,0.01,0.08,1,0,2.667,4.8,2.667,0.0
233001338,41590-36974,36974,우신공업앞,126.874033,37.193533,다사4410,팔탄면,0.09,0.04,1,0,1.333,2.4,1.333,0.0
233001339,41590-36973,36973,우신공업앞,126.8741,37.19345,다사4410,팔탄면,0.32,0.36,1,0,1.333,2.4,1.333,0.0
233001340,41590-37502,37502,하저리마을회관,126.871183,37.189767,다사4410,팔탄면,0.47,0.55,1,0,1.333,2.4,1.333,0.0
233001341,41590-55705,55705,중흥S클래스더퍼스트,126.945983,37.219433,다사5013,봉담읍,31.53,52.09,5,0,12.8,29.79,12.8,1.175
233001342,41590-55706,55706,중흥S클래스더퍼스트,126.946033,37.21965,다사5013,봉담읍,77.99,63.57,5,0,12.4,29.79,12.4,1.175
233001343,41590-36221,36221,봉담한신아파트후문,126.949067,37.2155,다사5113,봉담읍,9.32,37.69,2,0,5.009,15.6,5.009,1.0
233001344,41590-36242,36242,계향리,126.9842,37.148833,다사5405,정남면,0.2,0.03,2,0,1.5,4.4,1.5,0.0
233001345,41590-36244,36244,계향리,126.984267,37.148883,다사5405,정남면,0.04,0.15,2,0,1.5,4.4,1.5,0.0
233001346,41590-37528,37528,계양리(마을회관),126.985317,37.145417,다사5405,정남면,0.64,0.12,2,0,1.5,4.4,1.5,0.0
233001347,41590-36970,36970,계양리(마을회관),126.9854,37.1453,다사5405,정남면,0.08,0.28,2,0,1.5,4.4,1.5,0.0
233001348,41590-36257,36257,삼일화학,126.986333,37.1419,다사5404,정남면,0.99,0.52,2,0,1.5,4.4,1.5,0.0
233001349,41590-36258,36258,삼일화학,126.986367,37.142067,다사5404,정남면,1.93,0.75,2,0,1.5,4.4,1.5,0.0
233001351,41590-37607,37607,멱우1리,126.807817,37.10605,다사3801,우정읍,2.64,0.18,3,0,7.714,23.222,7.714,0.594
233001352,41590-37527,37527,멱우1리,126.80795,37.106067,다사3801,우정읍,0.1,3.66,3,0,7.714,23.222,7.714,0.594
233001353,41590-36934,36934,월문리,126.869017,37.119517,다사4302,팔탄면,1.94,4.37,2,0,3.5,10.98,3.5,0.333
233001354,41590-36933,36933,서근리,126.857533,37.12625,다사4203,팔탄면,1.8,16.65,3,0,4.643,14.82,5.5,0.333
233001355,41590-36932,36932,서근리(느락골),126.851033,37.127883,다사4203,팔탄면,0.72,12.75,3,0,4.643,14.82,5.5,0.333
233001356,41590-37526,37526,석포삼거리,126.843917,37.130833,다사4103,장안면,3.28,21.84,3,0,4.643,14.82,5.5,0.333
233001357,41590-36956,36956,석천3리,126.770717,37.042967,다바3594,우정읍,1.91,2.12,0,1,3.714,12.0,3.714,0.0
233001358,41590-37392,37392,조암하수처리장,126.790167,37.077417,다바3697,우정읍,0.03,0.03,0,1,3.714,12.0,3.714,0.0
233001359,41590-36955,36955,석천4리종점,126.77095,37.0399,다바3593,우정읍,7.85,3.98,0,1,3.714,12.0,3.714,0.0
233001360,41590-37391,37391,화산2리마을회관,126.790983,37.071317,다바3697,우정읍,0.63,0.9,0,1,3.714,12.0,3.714,0.0
233001361,41590-37525,37525,장포정원주택,126.790217,37.06715,다바3696,우정읍,1.98,0.67,0,1,3.714,12.0,3.714,0.0
233001362,41590-37524,37524,산호아파트,126.816867,37.074983,다바3997,장안면,14.3,4.22,1,0,4.8,12.0,4.8,0.0
233001364,41590-36582,36582,농장축산,126.774283,37.038333,다바3593,우정읍,2.42,1.64,0,1,3.714,12.0,3.714,0.0
233001365,41590-36954,36954,석천리,126.77735,37.042283,다바3593,우정읍,1.29,0.45,0,1,3.714,12.0,3.714,0.0
233001366,41590-37389,37389,장안초등학교,126.823617,37.084917,다바3998,우정읍,0.17,7.03,1,0,3.0,7.385,3.0,0.0
233001367,41590-36953,36953,돌담학습체험장,126.781,37.046233,다바3694,우정읍,0.62,0.98,0,1,3.714,12.0,3.714,0.0
233001368,41590-37522,37522,목조마을,126.786417,37.051267,다바3694,우정읍,0.89,0.53,0,1,3.714,12.0,3.714,0.0
233001369,41590-37521,37521,석천1리마을회관,126.7878,37.0534,다바3695,우정읍,1.94,1.67,0,1,3.714,12.0,3.714,0.0
233001370,41590-36952,36952,석천초등학교,126.789783,37.054967,다바3695,우정읍,1.95,1.79,0,1,3.714,12.0,3.714,0.0
233001371,41590-37273,37273,장짐교차로,126.9113,37.135617,다사4704,향남읍,224.03,275.81,7,0,19.057,43.523,19.914,0.734
233001372,41590-36568,36568,제이마트앞,127.013633,37.162717,다사5607,정남면,0.18,0.05,0,1,2.0,6.857,2.0,0.0
233001373,41590-55699,55699,황새말앞,126.982383,37.1492,다사5405,정남면,2.46,3.9,0,1,2.0,6.857,2.0,0.0
233001374,41590-55700,55700,황새말앞,126.982583,37.149133,다사5405,정남면,1.27,0.71,0,1,2.0,6.857,2.0,0.0
233001376,41590-55916,55916,와우중고교,126.96735,37.21835,다사5213,봉담읍,36.52,3.28,0,1,6.0,12.0,6.0,0.133
233001377,41590-37388,37388,노루물입구,126.763117,37.053133,다바3495,우정읍,0.14,0.96,1,0,1.0,2.667,1.0,0.0
233001378,41590-37518,37518,매향3리회센터,126.7574,37.055217,다바3495,우정읍,0.18,0.68,1,0,1.0,2.667,1.0,0.0
233001379,41590-55917,55917,와우중고교,126.967517,37.2185,다사5213,봉담읍,4.11,34.62,0,1,6.0,12.0,6.0,0.133
233001380,41590-36990,36990,노루물입구,126.762967,37.053,다바3495,우정읍,1.09,0.09,1,0,1.0,2.667,1.0,0.0
233001381,41590-36928,36928,석포5리마을회관,126.840683,37.14525,다사4105,팔탄면,5.54,0.83,2,0,3.143,9.173,4.0,0.333
233001382,41590-36927,36927,석포5리.방농장,126.842,37.143217,다사4105,팔탄면,1.94,0.1,2,0,3.143,9.173,4.0,0.333
233001383,41590-36951,36951,두레자연중고등학교,126.7954,37.0562,다바3795,장안면,0.19,11.31,1,0,3.0,12.0,3.0,0.0
233001384,41590-36950,36950,두레자연중고교,126.795617,37.056167,다바3795,장안면,2.23,0.03,1,0,3.0,12.0,3.0,0.0
233001385,41590-36926,36926,석포산업단지,126.838883,37.140683,다사4104,장안면,22.63,3.42,2,0,3.143,9.173,4.0,0.333
233001387,41590-37593,37593,어은삼거리,126.826767,37.0863,다바4098,장안면,2.78,63.66,3,0,11.0,26.051,11.0,0.306
233001388,41590-37231,37231,제암리,126.896283,37.124033,다사4602,향남읍,13.97,3.15,5,0,13.5,36.504,13.5,0.639
233001389,41590-37545,37545,백토리상공회의소,126.930267,37.130683,다사4903,향남읍,2.51,18.04,2,0,2.078,5.841,2.078,0.0
233001390,41590-37544,37544,원안3리,126.785867,37.096833,다사3600,우정읍,2.46,0.82,1,0,1.5,5.647,1.5,0.0
233001391,41590-37543,37543,원안2리,126.786267,37.100617,다사3600,우정읍,0.39,0.5,1,0,1.5,5.647,1.5,0.0
233001393,41590-36724,36724,복지회관,126.783717,37.100233,다사3600,우정읍,0.09,1.48,1,0,3.0,11.294,3.0,0.0
233001394,41590-36925,36925,발안만세시장,126.90845,37.132567,다사4703,향남읍,340.21,191.18,5,0,4.233,10.599,4.3,0.306
233001395,41590-37230,37230,제암리,126.896217,37.1242,다사4603,향남읍,2.45,13.51,5,0,13.5,36.504,13.5,0.639
233001396,41590-36968,36968,거물마을,126.779,37.103317,다사3500,우정읍,0.0,0.29,1,0,3.0,11.294,3.0,0.0
233001397,41590-36967,36967,원안1리종점,126.776867,37.105683,다사3501,우정읍,1.76,1.29,1,0,3.0,11.294,3.0,0.0
233001398,41590-36966,36966,거물마을,126.778883,37.103367,다사3500,우정읍,0.01,0.5,1,0,3.0,11.294,3.0,0.0
233001399,41590-36723,36723,복지회관,126.783667,37.1002,다사3600,우정읍,2.13,0.03,1,0,3.0,11.294,3.0,0.0
233001400,41590-36720,36720,관음사입구,126.79745,37.101683,다사3700,우정읍,0.28,0.09,1,0,1.5,5.647,1.5,0.0
233001401,41590-36965,36965,금의2리,126.816417,37.11655,다사3902,우정읍,0.03,0.79,3,0,5.214,15.154,5.214,0.594
233001402,41590-37206,37206,해창1리.우리꽃식물원,126.882,37.113033,다사4501,팔탄면,55.74,18.02,5,0,13.5,36.504,13.5,0.639
233001403,41590-37542,37542,석포2리,126.834967,37.126333,다사4003,장안면,0.12,0.48,1,0,1.5,5.647,1.5,0.0
233001404,41590-36719,36719,유일병원,126.8323,37.217217,다사4013,남양읍,100.6,72.96,13,0,36.638,87.744,36.638,2.381
233001405,41590-36964,36964,만세길방문자센터.화수2리,126.799633,37.109167,다사3701,우정읍,0.18,0.89,1,0,1.5,5.647,1.5,0.0
233001406,41590-36718,36718,관음사입구,126.797317,37.1017,다사3700,우정읍,1.32,0.24,1,0,1.5,5.647,1.5,0.0
233001407,41590-37541,37541,원안3리,126.790933,37.1005,다사3600,우정읍,0.03,0.26,1,0,1.5,5.647,1.5,0.0
233001408,41590-36963,36963,원안2리,126.786467,37.100533,다사3600,우정읍,2.97,2.73,1,0,1.5,5.647,1.5,0.0
233001409,41590-36989,36989,멱우3리,126.808183,37.093333,다바3899,우정읍,0.0,0.0,0,0,0.0,0.0,0.0,0.0
233001410,41590-36573,36573,저수지앞,126.802867,37.0944,다바3899,우정읍,0.04,0.01,0,1,3.714,12.0,3.714,0.0
233001411,41590-36962,36962,주곡1리입구,126.819167,37.1168,다사3902,우정읍,5.5,2.74,2,0,3.714,9.507,3.714,0.594
233001412,41590-36988,36988,화수3리,126.792083,37.104233,다사3700,우정읍,0.42,0.52,0,1,3.714,12.0,3.714,0.0
233001413,41590-36987,36987,화수초등학교,126.797433,37.107917,다사3701,우정읍,0.35,0.24,0,1,3.714,12.0,3.714,0.0
233001414,41590-36924,36924,석포3리,126.83165,37.121317,다사4002,장안면,0.27,1.56,1,0,1.5,5.647,1.5,0.0
233002468,41590-55369,55369,향남주공5단지,126.908,37.1166,다사4702,향남읍,14.32,0.52,2,0,1.871,6.31,1.871,0.0
233002469,41590-55322,55322,향남부영13단지,126.907883,37.109267,다사4701,향남읍,0.68,7.1,4,0,20.0,33.524,20.0,1.611
233002470,41590-55482,55482,향남부영16단지,126.897517,37.103917,다사4600,향남읍,11.52,72.63,6,0,26.0,46.381,26.0,2.04
233002471,41590-55480,55480,향남주공18단지,126.897183,37.099117,다사4600,향남읍,29.29,258.53,7,0,30.0,58.381,30.0,2.79
233002472,41590-55481,55481,향남주공18단지,126.897667,37.098833,다사4600,향남읍,331.65,29.93,7,0,30.0,58.381,30.0,2.79
233002473,41590-55483,55483,향남부영16단지,126.897783,37.103917,다사4600,향남읍,60.79,10.59,6,0,26.0,46.381,26.0,2.04
233002474,41590-55323,55323,향남부영13단지,126.90815,37.109517,다사4701,향남읍,4.71,2.94,4,0,20.0,33.524,20.0,1.611
233002475,41590-37989,37989,봉담우방아이유쉘2단지,126.957033,37.236383,다사5115,봉담읍,130.46,22.01,1,0,2.0,6.0,2.0,0.0
233002476,41590-55726,55726,향남부영3단지,126.912333,37.116933,다사4702,향남읍,5.31,3.08,1,0,2.0,6.857,2.0,0.0
233002477,41590-55727,55727,향남부영3단지,126.912133,37.117183,다사4702,향남읍,2.64,5.82,1,0,2.0,6.857,2.0,0.0
233002478,41590-55319,55319,향남모아8단지,126.91445,37.113417,다사4701,향남읍,63.98,23.95,4,0,22.0,31.238,22.0,1.54
233002479,41590-55370,55370,하길중학교,126.90815,37.113167,다사4701,향남읍,9.78,5.21,2,0,1.871,6.31,1.871,0.0
233002480,41590-55327,55327,덕고개길,126.925583,37.23295,다사4915,봉담읍,0.09,0.98,2,0,5.0,4.762,5.0,0.214
233002481,41590-55320,55320,향남부영11단지,126.91525,37.109567,다사4801,향남읍,13.02,2.18,3,0,3.97,13.15,4.828,0.0
233002482,41590-55341,55341,사창리,126.9758,37.091233,다바5399,양감면,1.33,1.34,2,0,1.5,4.4,1.5,0.0
233002483,41590-55342,55342,사창리,126.975783,37.0913,다바5399,양감면,1.37,0.92,2,0,1.5,4.4,1.5,0.0
233002484,41590-60127,60127,화성시치매안심센터,126.901417,37.095867,다바4699,향남읍,0.08,2.13,1,0,2.0,6.0,2.0,0.0
233002485,41590-55568,55568,봉담한신아파트후문,126.9492,37.215667,다사5113,봉담읍,36.33,16.35,3,0,7.609,19.029,7.609,1.214
233002486,41590-60128,60128,남양읍행정복지센터,126.821067,37.193583,다사3910,남양읍,44.54,5.75,2,0,6.429,17.948,6.429,0.522
233002487,41590-60129,60129,남양읍행정복지센터,126.821133,37.19375,다사3910,남양읍,1.03,67.82,2,0,6.429,17.948,6.429,0.522
233002488,41590-55832,55832,유포교차로,126.8449,37.260683,다사4118,비봉면,5.96,3.0,0,1,3.733,6.467,3.8,0.214
233002489,41590-37356,37356,노하3리.장나루,126.8497,37.155083,다사4206,팔탄면,0.87,0.11,1,0,0.0,0.0,0.0,0.0
233002490,41590-55935,55935,영천교삼거리,127.087467,37.2167,다사6312,동탄5동,0.08,1.19,0,1,7.2,18.626,7.2,1.111
233002491,41590-55833,55833,유포교차로,126.845033,37.261283,다사4118,비봉면,3.62,4.11,0,1,3.733,6.467,3.8,0.214
233002492,41590-36579,36579,정남YBM연수원,126.981733,37.196483,다사5410,정남면,7.39,1.57,1,0,2.0,6.0,2.0,0.0
233002493,41590-55937,55937,경기남부직업능력개발원,127.08725,37.20955,다사6312,동탄5동,6.66,15.71,15,0,52.836,142.835,52.836,7.061
233002494,41590-37003,37003,동탄초교,127.092983,37.188133,다사6310,동탄6동,21.02,16.4,6,0,24.0,35.91,24.0,1.164
233002495,41590-55403,55403,동탄초교,127.092517,37.187483,다사6309,동탄6동,5.73,43.71,4,0,20.0,25.243,20.0,1.164
233002496,41590-55404,55404,더샵센트럴시티2차.행복주택,127.091417,37.1869,다사6309,동탄6동,135.29,124.57,5,0,26.0,41.243,26.0,1.164
233002497,41590-55409,55409,행복주택.동탄경찰서,127.0918,37.186567,다사6309,동탄6동,134.98,75.47,2,0,18.0,26.667,18.0,1.111
233002498,41590-55405,55405,에일린의뜰.중흥S클래스에코밸리,127.086933,37.187183,다사6309,동탄6동,278.59,186.72,5,0,26.0,41.243,26.0,1.164
233002499,41590-55410,55410,에일린의뜰.중흥S클래스에코밸리,127.08675,37.186883,다사6309,동탄6동,192.35,224.02,5,0,26.0,41.243,26.0,1.164
233002500,41590-55406,55406,LH4단지후문,127.1192,37.204267,다사6611,동탄4동,33.43,2.52,3,0,7.857,12.626,7.857,0.75
233002501,41590-55407,55407,LH4단지후문,127.119617,37.2041,다사6611,동탄4동,5.99,28.89,3,0,7.857,12.626,7.857,0.75
233002502,41590-36726,36726,반월중.고등학교앞,127.0556,37.223933,다사6013,진안동,13.66,9.5,0,1,6.0,14.667,6.0,0.053
233002503,41590-36725,36725,에스케이뷰후문상가앞,127.0558,37.223967,다사6013,진안동,11.67,13.17,0,1,6.0,14.667,6.0,0.053
233002504,41590-55381,55381,롯데씨네마.향남부영7,126.910917,37.114617,다사4701,향남읍,52.03,223.2,6,0,26.828,46.548,26.828,2.29
233002505,41590-55382,55382,향남주공5단지입구,126.905417,37.11415,다사4701,향남읍,11.78,3.47,2,0,1.871,6.31,1.871,0.0
233002506,41590-55383,55383,하길리,126.906983,37.107717,다사4701,향남읍,0.39,9.86,2,0,4.0,16.0,4.0,0.5
233002507,41590-55384,55384,신영통현대타운2단지,127.056367,37.2324,다사6014,반월동,13.9,0.31,0,1,8.8,22.0,8.8,0.833
233002508,41590-55385,55385,화담고등학교,126.94205,37.22845,다사5014,봉담읍,235.85,99.82,4,0,10.4,28.457,10.4,1.175
233002509,41590-55386,55386,마곡마을입구,126.900667,37.163917,다사4607,팔탄면,2.9,8.36,5,0,9.147,17.655,9.214,0.429
233002510,41590-55387,55387,마곡마을입구,126.900533,37.164167,다사4607,팔탄면,4.92,9.03,5,0,9.147,17.655,9.214,0.429
233002511,41590-55388,55388,장안우체국,126.81385,37.072167,다바3997,장안면,1.32,4.21,5,0,10.4,29.333,10.4,0.306
233002512,41590-55389,55389,장안우체국,126.81395,37.072117,다바3997,장안면,3.08,2.36,5,0,10.4,29.333,10.4,0.306
233002513,41590-55390,55390,길성리입구,126.95855,37.11815,다사5102,향남읍,0.02,1.09,1,0,1.412,3.556,1.412,0.0
233002514,41590-55391,55391,길성리입구,126.958583,37.11825,다사5102,향남읍,0.97,0.07,1,0,1.412,3.556,1.412,0.0
233002515,41590-37239,37239,반도8차,127.093017,37.201867,다사6311,동탄6동,94.02,85.92,1,0,12.0,10.667,12.0,1.111
233002516,41590-55070,55070,지산마을,127.112233,37.205217,다사6511,동탄4동,261.92,219.18,11,0,53.812,122.475,52.812,6.169
233002517,41590-55071,55071,구문천리.돌래,126.9134,37.079133,다바4797,양감면,14.5,2.82,1,0,2.667,4.0,2.667,0.0
233002518,41590-55072,55072,구문천리.돌래,126.91315,37.079717,다바4798,향남읍,2.33,15.3,1,0,2.667,4.0,2.667,0.0
233002519,41590-55073,55073,하길4리입구,126.913217,37.08355,다바4798,향남읍,16.7,3.56,1,0,2.667,4.0,2.667,0.0
233002520,41590-55074,55074,하길4리입구,126.91255,37.083983,다바4798,향남읍,2.63,7.13,1,0,2.667,4.0,2.667,0.0
233002521,41590-55936,55936,영천교삼거리,127.087633,37.2169,다사6312,동탄5동,0.2,2.31,0,1,7.2,18.626,7.2,1.111
233002525,41590-55717,55717,동탄레이크자이더테라스,127.09495,37.169633,다사6407,동탄7동,1.08,1.5,0,1,9.233,21.053,9.233,0.306
233002526,41590-55820,55820,기안교차로,126.986183,37.22775,다사5414,기배동,1.29,10.66,0,1,67.609,59.467,67.609,4.6
233002528,,,사곳리.개내기,126.7177,37.152733,다사3006,서신면,0.0,0.0,0,0,0.0,0.0,0.0,0.0
233002529,,,매송농협,126.910633,37.250167,다사4716,매송면,0.0,0.0,0,0,0.0,0.0,0.0,0.0
233002530,41590-37649,37649,매송휴먼시아,126.87955,37.265283,다사4418,매송면,0.12,2.75,0,1,13.0,32.0,13.0,0.75
233002531,41590-55938,55938,서연초,127.1155,37.1588,다사6506,동탄8동,1.08,0.46,5,0,24.4,58.752,24.4,1.813
233002532,41590-55573,55573,진안도서관.다람산공원,127.034517,37.217267,다사5813,진안동,35.98,19.69,0,1,6.0,14.667,6.0,0.053
233002533,41590-55574,55574,다람산공원.진안도서관,127.034733,37.2172,다사5813,진안동,20.62,24.01,0,1,6.0,14.667,6.0,0.053
233002535,41590-36578,36578,정남YBM연수원,126.9818,37.196683,다사5411,화산동,1.55,28.29,1,0,2.0,6.0,2.0,0.0
233002536,41590-55427,55427,남양뉴타운10단지,126.835517,37.20605,다사4112,남양읍,1.61,13.52,4,0,6.19,11.747,7.048,0.261
233002537,41590-55395,55395,동부출장소,127.035917,37.207917,다사5812,진안동,51.47,91.76,1,0,3.0,8.0,3.0,0.0
233002538,41590-36483,36483,역사공원,126.996417,37.20445,다사5511,화산동,19.49,44.67,6,0,12.333,32.0,12.333,0.0
233002539,41590-36484,36484,반월체육센터,127.052467,37.229967,다사6014,반월동,0.75,5.52,0,1,8.8,22.0,8.8,0.833
233002540,41590-36489,36489,고잔마을,126.690017,37.125317,다사2803,서신면,0.55,1.49,0,1,4.0,12.0,4.0,0.0
233002541,41590-55867,55867,어도펜션,126.653467,37.244467,다사2416,송산면,0.13,0.01,0,1,3.571,10.087,3.571,0.0
233002542,41590-36492,36492,상안리,126.699833,37.171883,다사2808,서신면,3.18,0.66,2,0,7.0,16.381,7.0,0.0
233002543,41590-36491,36491,쟁이골,126.689717,37.181967,다사2809,서신면,0.03,0.02,0,1,4.0,12.0,4.0,0.0
233002544,41590-36496,36496,지화1리마을회관,126.68945,37.219317,다사2813,송산면,3.1,0.04,0,1,3.571,10.087,3.571,0.0
233002545,41590-36495,36495,비우물,126.706417,37.17195,다사2908,서신면,0.54,0.05,2,0,7.0,16.381,7.0,0.0
233002546,41590-36497,36497,지화1리,126.687433,37.218817,다사2713,송산면,0.43,0.02,0,1,3.571,10.087,3.571,0.0
233002547,41590-36498,36498,고잔마을,126.690017,37.125267,다사2803,서신면,1.44,0.03,0,1,4.0,12.0,4.0,0.0
233002548,41590-55670,55670,봉담2.LH2단지,126.9449,37.22195,다사5013,봉담읍,47.18,60.8,6,0,18.4,31.364,18.4,1.175
233002549,41590-36490,36490,지화리,126.683633,37.217767,다사2713,송산면,0.05,0.33,0,1,3.571,10.087,3.571,0.0
233000196,41590-37191,37191,팔탄공단앞,126.876783,37.17045,다사4408,팔탄면,2.41,7.26,0,1,2.4,3.84,2.4,0.133
233000197,41590-37220,37220,고잔앞들,126.690583,37.120633,다사2802,서신면,2.8,0.1,1,0,4.0,12.0,4.0,1.5
233000198,41590-37221,37221,고잔앞들,126.6904,37.1209,다사2802,서신면,0.13,5.65,1,0,4.0,12.0,4.0,1.5
233000199,41590-36209,36209,병점아이파크캐슬.성호플레르빌,127.0246,37.201467,다사5711,화산동,148.45,108.12,2,0,8.667,21.333,8.667,0.444
233000200,41590-36211,36211,병점아이파크캐슬.성호플레르빌,127.024783,37.201667,다사5711,화산동,9.55,38.41,1,0,2.667,5.333,2.667,0.444
233000201,41590-37201,37201,율암삼거리,126.880783,37.1668,다사4507,팔탄면,52.18,14.82,1,0,0.0,0.0,0.0,0.0
233000202,41590-37182,37182,율암2리.쇄네,126.87285,37.17355,다사4408,팔탄면,10.38,5.44,0,1,2.4,3.84,2.4,0.133
233000204,41590-37164,37164,하저3리.한미약품,126.8656,37.18105,다사4309,팔탄면,16.94,13.04,1,0,1.333,2.4,1.333,0.0
233000205,41590-55757,55757,어울림공원,126.943333,37.233583,다사5015,봉담읍,35.61,7.07,2,0,4.0,12.0,4.0,0.0
233000206,41590-36051,36051,금광포란재아파트,126.855583,37.183333,다사4209,남양읍,9.07,19.97,1,0,1.333,2.4,1.333,0.0
233000207,41590-36047,36047,무송교차로,126.84485,37.1819,다사4109,남양읍,7.08,21.2,3,0,5.476,14.24,6.333,0.667
233000208,41590-36034,36034,공군부대입구,126.831683,37.1957,다사4010,남양읍,4.14,14.77,4,0,8.143,17.44,9.0,0.667
233000209,41590-55464,55464,창의고,127.122033,37.1817,다사6609,동탄9동,411.24,897.03,16,0,111.012,172.075,112.012,13.792
233000210,41590-37567,37567,기업은행,126.81965,37.2073,다사3912,남양읍,66.9,333.88,8,0,20.781,41.641,20.781,0.705
233000211,41590-55758,55758,어울림공원,126.94365,37.2337,다사5015,봉담읍,4.29,21.9,2,0,4.4,12.0,4.4,0.0
233000212,41590-37222,37222,백토2리,126.94775,37.122983,다사5002,향남읍,3.65,0.66,1,0,2.0,6.857,2.0,0.0
233000213,41590-37244,37244,백토2리,126.947683,37.123033,다사5002,향남읍,3.13,2.87,1,0,2.0,6.857,2.0,0.0
233000214,41590-37300,37300,백토사거리,126.94555,37.11795,다사5002,향남읍,1.63,3.09,1,0,2.0,6.857,2.0,0.0
233000215,41590-37128,37128,남전2리종점,126.831617,37.244717,다사4016,비봉면,7.88,3.61,1,0,0.857,2.824,0.857,0.0
233000216,41590-37338,37338,백토사거리,126.945733,37.118133,다사5002,향남읍,2.45,1.75,1,0,2.0,6.857,2.0,0.0
233000217,41590-36679,36679,새봄초등학교,127.031183,37.201017,다사5811,병점1동,3.76,1.24,2,0,10.8,23.385,10.8,0.0
233000218,41590-36219,36219,병점역아이파크캐슬,127.029633,37.20375,다사5811,병점1동,6.89,3.74,3,0,12.8,29.385,12.8,0.0
233000219,41590-36220,36220,병점복합타운,127.028867,37.20515,다사5811,병점1동,12.49,4.44,3,0,12.8,29.385,12.8,0.0
233000220,41590-36230,36230,병점복합타운,127.028517,37.204967,다사5811,병점1동,2.42,9.26,2,0,6.8,13.385,6.8,0.0
233000221,41590-36232,36232,병점역아이파크캐슬,127.029417,37.20335,다사5811,병점1동,0.53,8.46,1,0,4.8,7.385,4.8,0.0
233000222,41590-36233,36233,새봄초등학교,127.0306,37.20125,다사5811,병점1동,0.99,22.31,1,0,4.8,7.385,4.8,0.0
233000223,41590-36270,36270,내리교회,127.020317,37.162083,다사5707,정남면,1.36,0.08,0,1,2.0,6.857,2.0,0.0
233000224,41590-55761,55761,이산고등학교,127.087783,37.1916,다사6310,동탄6동,8.77,4.87,0,1,4.0,10.667,4.0,0.571
233000225,41590-55762,55762,이산고등학교,127.087833,37.1915,다사6310,동탄6동,7.69,14.91,0,1,4.0,10.667,4.0,0.571
233000226,41590-55763,55763,한화포레나,127.098733,37.164683,다사6407,동탄7동,43.45,23.2,1,0,3.0,5.053,3.0,0.053
233000227,41590-55764,55764,한화포레나,127.098683,37.164967,다사6407,동탄7동,15.95,35.53,1,0,3.0,5.053,3.0,0.053
233000228,41590-36298,36298,망포고등학교,127.04565,37.235067,다사5915,진안동,0.0,0.0,0,0,0.0,0.0,0.0,0.0
233000229,41590-36319,36319,망포고등학교,127.046067,37.234083,다사5915,진안동,0.0,0.0,1,0,3.0,5.053,3.0,0.053
233000231,41590-37386,37386,화리현리입구,126.942467,37.11595,다사5002,향남읍,1.06,0.24,1,0,2.0,6.857,2.0,0.0
233000232,41590-37463,37463,화리현리,126.940117,37.115133,다사5001,향남읍,1.0,2.77,1,0,2.0,6.857,2.0,0.0
233000233,41590-37546,37546,화리현리,126.940667,37.11525,다사5001,향남읍,1.66,0.7,1,0,2.0,6.857,2.0,0.0
233000234,41590-36343,36343,송산테크노파크산업단지,126.6973,37.222333,다사2814,송산면,0.44,4.75,0,1,3.571,10.087,3.571,0.0
233000235,41590-36344,36344,송산테크노파크산업단지,126.698183,37.222833,다사2814,송산면,7.16,0.27,0,1,3.571,10.087,3.571,0.0
233000236,41590-55766,55766,별솔공원,126.831333,37.274483,다사4019,새솔동,101.89,3.58,1,0,0.6,5.333,0.6,0.556
233000237,41590-55767,55767,별솔공원,126.831983,37.2742,다사4019,새솔동,22.61,69.76,1,0,0.6,5.333,0.6,0.556
233000238,41590-55768,55768,화남초등학교,127.096867,37.16395,다사6407,동탄7동,9.42,0.03,2,0,7.8,21.053,7.8,0.886
233000239,41590-55770,55770,새솔동행정복지센터,126.819417,37.280683,다사3920,새솔동,26.36,54.5,0,1,0.6,5.333,0.6,0.556
233000240,41590-36357,36357,육리2리.창말,126.720167,37.1967,다사3011,송산면,3.24,0.19,3,0,11.0,28.381,11.0,1.5
233000242,41590-55608,55608,동탄파크자이정문,127.111833,37.211283,다사6512,동탄5동,10.72,25.23,2,0,3.257,7.959,3.257,0.0
233000243,41590-55607,55607,동탄파크자이정문,127.111617,37.2113,다사6512,동탄5동,23.01,7.94,2,0,3.257,7.959,3.257,0.0
233000244,41590-36058,36058,문호교차로,126.80935,37.267567,다사3818,남양읍,0.96,0.37,0,1,6.19,14.24,6.4,0.522
233000245,41590-36361,36361,문호교차로,126.80965,37.267667,다사3818,남양읍,1.0,0.99,0,1,6.19,14.24,6.4,0.522
233000246,41590-36363,36363,삼부실,126.822467,37.234083,다사3915,남양읍,0.04,0.76,0,1,6.19,14.24,6.4,0.522
233000247,41590-37648,37648,남양석산,126.8645,37.202933,다사4311,비봉면,2.32,1.13,0,1,3.733,6.467,3.8,0.214
233000248,41590-37676,37676,남양석산,126.864117,37.203083,다사4311,비봉면,0.74,4.18,0,1,3.733,6.467,3.8,0.214
233000249,41590-36368,36368,진우물류센터,127.096617,37.159067,다사6406,동탄8동,18.66,5.5,2,0,7.8,21.053,7.8,0.886
233000250,41590-55777,55777,송산그린시티EB2.3블록,126.833533,37.272467,다사4019,새솔동,3.45,2.26,1,0,0.6,5.333,0.6,0.556
233000251,41590-60010,60010,장덕2리.전파연구소,126.81055,37.168267,다사3807,남양읍,0.07,1.0,1,0,1.714,4.174,1.714,0.261
233000252,41590-60011,60011,장덕2리.전파연구소,126.81065,37.168317,다사3807,남양읍,0.46,0.05,1,0,1.714,4.174,1.714,0.261
233000253,41590-37788,37788,요리윗말입구,126.9642,37.112267,다사5201,향남읍,0.23,0.07,1,0,1.412,3.556,1.412,0.0
233000254,41590-37790,37790,요리윗말입구,126.9641,37.1123,다사5201,향남읍,0.04,0.4,1,0,1.412,3.556,1.412,0.0
233000255,41590-37116,37116,은장공단,126.789883,37.198083,다사3611,마도면,0.0,0.0,0,0,0.0,0.0,0.0,0.0
233000258,41590-36374,36374,화산생태.체육공원,127.024667,37.2162,다사5713,화산동,0.05,0.76,0,1,4.667,14.0,4.667,0.0
233000259,41590-37120,37120,은장슈퍼,126.792983,37.1924,다사3710,마도면,0.07,0.0,0,1,15.0,42.095,15.0,1.5
233000260,41590-37118,37118,쌍송공단,126.790183,37.193183,다사3710,마도면,0.12,0.03,0,1,15.0,42.095,15.0,1.5
233000261,41590-37093,37093,용포2리,126.748033,37.2319,다사3315,송산면,0.08,0.01,0,1,3.571,10.087,3.571,0.0
233000262,41590-36375,36375,화산생태.체육공원,127.024533,37.216117,다사5713,화산동,0.13,0.03,0,1,4.667,14.0,4.667,0.0
233000263,41590-60020,60020,비봉상업지구,126.873317,37.2465,다사4416,비봉면,57.88,44.08,5,0,12.814,24.284,12.88,0.214
233000264,41590-60021,60021,비봉상업지구,126.873167,37.246433,다사4416,비봉면,42.92,65.2,5,0,12.814,24.284,12.88,0.214
233000265,41590-37472,37472,매송휴먼시아,126.87945,37.265417,다사4418,매송면,5.18,0.3,0,1,13.0,32.0,13.0,0.75
233000266,41590-36378,36378,새터말입구,127.016433,37.222717,다사5713,화산동,4.5,0.37,0,1,4.667,14.0,4.667,0.0
233000267,41590-37088,37088,사강정형외과,126.739,37.213333,다사3212,송산면,197.79,49.63,6,0,18.571,52.182,18.571,1.5
233000268,41590-37084,37084,사강시장,126.736667,37.213,다사3212,송산면,222.58,87.36,6,0,18.571,52.182,18.571,1.5
233000269,41590-37369,37369,육일리.육교동입구,126.728117,37.209583,다사3112,송산면,9.78,3.68,5,0,15.571,44.182,15.571,1.5
233000270,41590-37370,37370,육일리.육교동입구,126.727783,37.209417,다사3112,송산면,2.18,11.84,5,0,15.571,44.182,15.571,1.5
233000271,41590-37081,37081,사강복지회관,126.732567,37.212917,다사3112,송산면,145.37,163.07,6,0,18.571,52.182,18.571,1.5
233000272,41590-36379,36379,효성해링턴플레이스후문,127.0359,37.205467,다사5811,병점1동,0.45,3.91,0,1,12.8,29.385,12.8,0.0
233000273,41590-55779,55779,내리,126.9244,37.237017,다사4815,봉담읍,0.53,0.04,3,0,6.0,8.19,6.0,0.214
233000274,41590-55780,55780,내리,126.924383,37.236367,다사4815,봉담읍,0.07,0.24,3,0,6.0,8.19,6.0,0.214
233000275,41590-55781,55781,화남초등학교,127.096633,37.163367,다사6407,동탄7동,0.08,17.3,2,0,7.8,21.053,7.8,0.886
233000276,41590-36377,36377,역사공원.LH1단지,126.998717,37.205683,다사5511,화산동,50.96,83.33,6,0,9.667,24.0,9.667,0.0
233000277,41590-36382,36382,LH1단지,126.999033,37.205583,다사5511,화산동,142.38,64.13,6,0,9.667,24.0,9.667,0.0
233000278,41590-37074,37074,사강3리,126.727317,37.227017,다사3114,송산면,0.11,0.01,0,1,3.571,10.087,3.571,0.0
233000279,41590-37070,37070,쌍정리,126.724067,37.230867,다사3114,송산면,0.63,0.03,0,1,3.571,10.087,3.571,0.0
233000280,41590-37079,37079,쌍정2리,126.729967,37.234567,다사3115,송산면,0.7,0.03,0,1,3.571,10.087,3.571,0.0
233000281,41590-37083,37083,쌍정1리.복우물,126.734133,37.235383,다사3215,송산면,1.51,0.08,0,1,3.571,10.087,3.571,0.0
233000282,41590-37087,37087,고정4리,126.7385,37.239417,다사3215,송산면,2.8,1.5,0,1,3.571,10.087,3.571,0.0
233000283,41590-37401,37401,고정1리.큰한뿌리,126.740183,37.243517,다사3216,송산면,0.56,0.74,0,1,3.571,10.087,3.571,0.0
233000284,41590-37090,37090,정보화마을,126.744667,37.243867,다사3316,송산면,1.8,0.37,0,1,3.571,10.087,3.571,0.0
233000285,41590-37096,37096,고정2리,126.745833,37.248567,다사3316,송산면,2.0,1.59,0,1,3.571,10.087,3.571,0.0
233000286,41590-55782,55782,우미린.LH2단지,127.003267,37.20475,다사5511,화산동,22.44,109.0,4,0,6.667,20.0,6.667,0.0
233000287,41590-55783,55783,LH2단지.우미린,127.003017,37.204667,다사5511,화산동,108.12,14.73,4,0,6.667,20.0,6.667,0.0
233000288,41590-55784,55784,우미린.LH1단지,127.001417,37.205833,다사5512,화산동,29.39,97.07,4,0,6.667,20.0,6.667,0.0
233000289,41590-37094,37094,봉가1리,126.744917,37.212283,다사3312,마도면,17.17,7.06,5,0,15.571,44.182,15.571,1.5
233000290,41590-55785,55785,LH1단지.우미린,127.001283,37.20565,다사5511,화산동,90.29,21.86,4,0,6.667,20.0,6.667,0.0
233000291,41590-55786,55786,우방아이유쉘.우미린,127.005483,37.204367,다사5611,화산동,40.61,3.44,0,1,4.667,14.0,4.667,0.0
233000292,41590-55861,55861,신흥유원지,126.695817,37.23085,다사2814,송산면,0.03,1.83,0,1,3.571,10.087,3.571,0.0
233000293,41590-55787,55787,우미린센트포레.우방,127.005083,37.204483,다사5611,화산동,2.72,53.3,0,1,4.667,14.0,4.667,0.0
233000294,41590-60025,60025,청원3리,126.76125,37.175933,다사3408,마도면,0.69,0.45,0,1,15.0,42.095,15.0,1.5
233000295,41590-60022,60022,바이오단지종점,126.765333,37.17265,다사3408,마도면,0.34,38.92,1,0,4.0,5.333,4.0,0.444
233000296,41590-55862,55862,마산초교,126.6916,37.231033,다사2814,송산면,0.07,2.76,0,1,3.571,10.087,3.571,0.0
233000297,41590-60023,60023,바이오단지종점,126.765233,37.17245,다사3408,마도면,56.82,0.72,1,0,4.0,5.333,4.0,0.444
233000298,41590-37400,37400,마산1리,126.700983,37.2273,다사2914,송산면,0.35,5.39,0,1,3.571,10.087,3.571,0.0
233000299,41590-60026,60026,활초리입구,126.842667,37.180817,다사4109,남양읍,0.08,1.38,0,1,6.19,14.24,6.4,0.522
233000300,41590-60028,60028,홍난파생가입구,126.835967,37.1776,다사4108,남양읍,0.12,0.42,0,1,6.19,14.24,6.4,0.522
233000301,41590-55788,55788,해병대사령부종점,126.925667,37.17095,다사4908,봉담읍,0.15,0.12,3,0,0.0,0.0,0.0,0.0
233000302,41590-55789,55789,봉황마을,126.9417,37.236683,다사5015,봉담읍,0.91,0.58,0,1,6.0,12.0,6.0,0.133
233000303,41590-55790,55790,봉황마을,126.941383,37.236767,다사5015,봉담읍,0.13,0.24,0,1,6.0,12.0,6.0,0.133
233000304,41590-55791,55791,안녕우방아이유쉘,127.006067,37.202517,다사5611,화산동,28.35,67.26,3,0,4.667,14.0,4.667,0.0
233000305,41590-36384,36384,그란비아스타,127.099017,37.19335,다사6410,동탄4동,73.02,171.47,9,0,31.133,79.91,31.133,4.166
233000306,41590-55792,55792,모아미래도(마을),127.05925,37.201217,다사6011,동탄3동,4.48,2.68,0,1,8.8,21.869,8.8,0.833
233000307,41590-60031,60031,요당1리,126.934767,37.068767,다바4996,양감면,0.49,0.03,0,1,1.333,4.0,1.333,0.0
233000308,41590-60032,60032,요당리입구,126.93745,37.070667,다바4997,양감면,0.87,0.06,0,1,1.333,4.0,1.333,0.0
233000309,41590-60034,60034,샘터입구,126.8047,37.207317,다사3812,남양읍,0.13,0.87,0,1,6.19,14.24,6.4,0.522
233000310,41590-60035,60035,헤르만하우스남양,126.804367,37.208417,다사3812,남양읍,0.58,2.56,0,1,6.19,14.24,6.4,0.522
233000311,41590-37870,37870,봉화산입구,126.691983,37.188633,다사2810,서신면,0.09,0.27,1,0,0.571,2.087,0.571,0.0
233000312,41590-37866,37866,화남산단삼거리,126.671767,37.164,다사2607,서신면,11.45,0.48,3,0,11.0,30.095,11.0,0.0
233000314,41590-55793,55793,전곡산단삼거리,126.66535,37.182517,다사2609,서신면,1.21,0.08,0,1,4.0,12.0,4.0,0.0
233000315,41590-55796,55796,융건로,126.983683,37.21515,다사5413,기배동,8.47,5.62,0,1,67.609,59.467,67.609,4.6
233000316,41590-55797,55797,융건로,126.983633,37.215367,다사5413,기배동,2.08,9.79,0,1,67.609,59.467,67.609,4.6
233000317,41590-55798,55798,융건릉사거리앞,126.98755,37.206633,다사5412,화산동,14.09,67.82,1,0,2.0,6.0,2.0,0.0
233000320,41590-36400,36400,우방아이유쉘1단지,126.9549,37.237467,다사5115,봉담읍,19.61,6.0,2,0,4.4,12.0,4.4,0.0
233000321,41590-36401,36401,우방아이유쉘1단지,126.955067,37.237467,다사5115,봉담읍,3.51,8.01,0,1,6.0,12.0,6.0,0.133
233000322,41590-37399,37399,해운경로당,126.701533,37.137983,다사2904,서신면,0.54,6.28,1,0,4.0,12.0,4.0,1.5
233000323,41590-36840,36840,용두2리,126.700633,37.1477,다사2905,서신면,0.24,3.06,1,0,4.0,12.0,4.0,1.5
233000324,41590-37041,37041,매화리,126.703633,37.1687,다사2908,서신면,10.42,16.27,3,0,11.0,30.095,11.0,0.0
233000325,41590-36839,36839,궁평교회,126.698767,37.135467,다사2804,서신면,1.66,0.13,1,0,4.0,12.0,4.0,1.5
233000326,41590-37030,37030,박고지,126.693717,37.129817,다사2803,서신면,5.89,0.4,1,0,4.0,12.0,4.0,1.5
233000327,41590-55799,55799,쎈트럴써밋,127.121267,37.173817,다사6608,동탄7동,18.53,11.5,2,0,5.0,14.857,5.0,0.0
233000328,41590-55800,55800,쎈트럴써밋,127.12135,37.174067,다사6608,동탄7동,10.66,33.49,2,0,5.0,14.857,5.0,0.0
233000329,41590-55801,55801,제일풍경채.행복주택40단지,127.1416,37.176633,다사6808,동탄9동,110.89,44.08,2,0,5.0,14.857,5.0,0.0
233000330,41590-37022,37022,궁평항,126.684933,37.116833,다사2802,서신면,50.77,55.32,1,0,4.0,12.0,4.0,1.5
233000331,41590-55802,55802,제일풍경채.행복주택40단지,127.1414,37.17715,다사6808,동탄9동,55.91,113.8,2,0,5.0,14.857,5.0,0.0
233000332,41590-55803,55803,디루체,127.1258,37.173883,다사6608,동탄7동,62.01,56.49,2,0,5.0,14.857,5.0,0.0
233000333,41590-55804,55804,디루체,127.126017,37.174133,다사6608,동탄7동,67.76,50.76,2,0,5.0,14.857,5.0,0.0
233000334,41590-36407,36407,봉담읍행정복지센터(좌회전전용),126.950033,37.2209,다사5113,봉담읍,4.93,35.4,1,0,2.0,6.0,2.0,0.0
233000335,41590-60038,60038,함백산추모공원,126.910983,37.269283,다사4719,매송면,30.56,34.93,0,1,13.0,32.0,13.0,0.75
233000336,41590-55805,55805,전곡산단삼거리,126.665517,37.182433,다사2609,서신면,0.27,2.27,0,1,4.0,12.0,4.0,0.0
233000337,41590-55806,55806,봉담수정동남메리트,126.948867,37.222233,다사5113,봉담읍,1.62,9.39,1,0,2.4,6.0,2.4,0.0
233000338,41590-55807,55807,봉담수정동남메리트,126.948167,37.222383,다사5113,봉담읍,16.68,46.87,1,0,2.0,6.0,2.0,0.0
233000339,41590-55808,55808,남수원현대아파트정문앞,127.010133,37.207367,다사5612,화산동,9.44,59.14,0,1,4.667,14.0,4.667,0.0
233000340,41590-60039,60039,서희스타힐스3.1단지,126.818917,37.193017,다사3910,남양읍,238.41,44.64,2,0,6.429,17.948,6.429,0.522
233000341,41590-60040,60040,서희스타힐스1.3단지,126.81815,37.192667,다사3910,남양읍,229.68,319.58,2,0,6.429,17.948,6.429,0.522
233000342,41590-55811,55811,남양읍행정복지센터.서희스타힐스,126.821567,37.192783,다사3910,남양읍,13.92,92.72,3,0,8.114,20.174,8.114,0.261
233000343,41590-55812,55812,남양읍행정복지센터.서희스타힐스,126.821867,37.19285,다사3910,남양읍,93.32,3.59,2,0,6.4,16.0,6.4,0.0
233000344,41590-37398,37398,상안리삼거리,126.706683,37.173983,다사2908,서신면,3.48,0.34,4,0,15.0,42.095,15.0,1.5
233000346,41590-37372,37372,전곡2리마을회관.운천동,126.692017,37.1912,다사2810,서신면,0.55,1.02,1,0,0.571,2.087,0.571,0.0
233000347,41590-37366,37366,육일1리.육도리,126.7193,37.207717,다사3012,송산면,0.0,0.76,1,0,0.571,2.087,0.571,0.0
233000348,41590-37365,37365,육일1리.육도리,126.7194,37.207667,다사3012,송산면,0.23,0.02,1,0,0.571,2.087,0.571,0.0
233000349,41590-37363,37363,칠곡리,126.71145,37.2034,다사3011,송산면,0.94,0.05,1,0,0.571,2.087,0.571,0.0
233000350,41590-37362,37362,전곡1리.당고지,126.700433,37.199783,다사2911,송산면,0.27,0.05,1,0,0.571,2.087,0.571,0.0
233000351,41590-37359,37359,전곡1리마을회관,126.696833,37.197117,다사2811,서신면,1.6,0.21,1,0,0.571,2.087,0.571,0.0
233000352,41590-55814,55814,단독주택,127.124583,37.204283,다사6611,동탄4동,4.44,5.13,3,0,7.857,12.626,7.857,0.75
233000353,41590-55815,55815,호반써밋동탄,127.13365,37.173017,다사6708,동탄9동,65.09,68.05,2,0,5.0,14.857,5.0,0.0
233000354,41590-55816,55816,호반써밋동탄,127.133233,37.173233,다사6708,동탄9동,84.03,93.72,2,0,5.0,14.857,5.0,0.0
233000355,41590-55817,55817,동탄9동행정복지센터,127.138083,37.179983,다사6709,동탄9동,20.11,150.15,4,0,10.333,25.714,10.333,0.571
233000356,41590-55818,55818,동탄9동행정복지센터,127.13775,37.18025,다사6709,동탄9동,138.62,28.46,4,0,10.333,25.714,10.333,0.571
233000357,41590-60044,60044,은성정밀앞,126.867783,37.186467,다사4309,팔탄면,1.66,1.14,1,0,1.333,2.4,1.333,0.0
233000358,41590-60045,60045,은성정밀앞,126.8678,37.186533,다사4309,팔탄면,1.25,0.65,1,0,1.333,2.4,1.333,0.0
233000359,41590-55637,55637,비봉면행정복지센터,126.873283,37.235683,다사4415,비봉면,0.34,5.41,3,0,1.947,6.467,2.014,0.0
233000360,41590-55822,55822,단독주택,127.124683,37.204133,다사6611,동탄4동,2.34,9.28,2,0,7.0,10.667,7.0,0.75
233000361,41590-55823,55823,자안공단,126.871983,37.20655,다사4412,비봉면,1.71,2.14,2,0,1.147,3.941,1.214,0.0
233000362,41590-60046,60046,상신3리입구.한양수자인,126.90595,37.099883,다사4700,향남읍,1.75,6.04,1,0,2.0,6.0,2.0,0.0
233000363,41590-60047,60047,상신3리입구.한양수자인,126.905667,37.1001,다사4700,향남읍,5.85,4.2,1,0,2.0,6.0,2.0,0.0
233000364,41590-36417,36417,반정아이파크5단지후문,127.04505,37.2344,다사5915,진안동,0.0,0.0,1,0,3.0,8.0,3.0,0.0
233000365,41590-36418,36418,반정아이파크5단지정문,127.042317,37.238,다사5915,진안동,0.0,0.0,1,0,3.0,8.0,3.0,0.0
233000366,41590-36425,36425,반정아이파크5단지후문,127.0442,37.234283,다사5915,진안동,0.0,0.0,2,0,6.0,13.053,6.0,0.053
233000367,41590-36428,36428,반정아이파크4단지정문,127.04205,37.237233,다사5915,진안동,0.0,0.0,2,0,6.0,13.053,6.0,0.053
233000368,41590-55824,55824,남양뉴타운20.19단지,126.8416,37.203517,다사4111,남양읍,94.87,1.08,4,0,14.381,27.685,16.095,0.95
233000369,41590-36838,36838,기산베스트빌,126.8224,37.1956,다사3910,남양읍,11.22,101.55,4,0,11.114,29.774,11.114,0.261
233000370,41590-36837,36837,조암4리앞,126.796367,37.082267,다바3798,우정읍,0.6,2.49,1,0,1.5,5.647,1.5,0.0
233000371,41590-36836,36836,우정초등학교,126.8017,37.080817,다바3798,우정읍,0.13,1.18,1,0,1.5,5.647,1.5,0.0
233000372,41590-37397,37397,조암8리,126.81045,37.081267,다바3898,우정읍,0.9,1.08,1,0,1.5,5.647,1.5,0.0
233000373,41590-36022,36022,조암시장남쪽입구,126.819267,37.082983,다바3998,우정읍,5.52,162.08,4,0,13.4,32.051,13.4,0.306
233000374,41590-55465,55465,창의고,127.122467,37.1818,다사6609,동탄9동,1344.8,398.61,16,0,112.012,172.075,111.012,13.792
233000375,41590-55622,55622,신리사거리,126.980483,37.1641,다사5307,정남면,27.26,28.96,1,0,2.0,6.857,2.0,0.0
233000376,41590-55623,55623,신리사거리,126.980333,37.163917,다사5307,정남면,26.18,29.31,2,0,2.667,9.143,2.667,0.0
233000377,41590-36847,36847,금의리,126.843117,37.10315,다사4100,장안면,17.92,64.43,2,0,8.0,18.667,8.0,0.306
233000378,41590-36485,36485,소방서,127.001783,37.165283,다사5507,정남면,0.39,0.13,0,1,2.0,6.857,2.0,0.0
233000379,41590-55625,55625,방교초.레이크자이더테라스,127.10085,37.172367,다사6408,동탄7동,52.39,69.82,1,0,4.0,6.0,4.0,0.25
233000380,41590-37167,37167,성문,126.865717,37.10335,다사4300,장안면,5.08,29.77,1,0,2.0,2.667,2.0,0.306
233000381,41590-36845,36845,해창2리.능인대학원대학교,126.872233,37.1082,다사4401,팔탄면,5.69,33.79,3,0,10.0,25.524,10.0,0.306
233000382,41590-55626,55626,신미주아파트.포스코2차,127.09035,37.189867,다사6310,동탄6동,15.59,2.2,0,1,4.0,10.667,4.0,0.571
233000383,41590-55825,55825,남양뉴타운19.20단지,126.841383,37.203417,다사4111,남양읍,2.49,120.59,4,0,14.381,27.685,16.095,0.95
233000384,41590-37248,37248,동양빌딩앞,126.901783,37.127217,다사4603,향남읍,5.69,1.6,4,0,7.5,20.504,7.5,0.639
233000385,41590-36844,36844,화성시보건소앞,126.904933,37.129067,다사4703,향남읍,79.29,122.73,5,0,4.233,10.599,4.3,0.306
233000386,41590-37455,37455,모즐저수지입구,126.705467,37.200983,다사2911,송산면,0.05,1.3,1,0,0.571,2.087,0.571,0.0
233000387,41590-36876,36876,발안만세시장,126.909417,37.1333,다사4704,향남읍,174.35,417.69,5,0,4.233,10.599,4.3,0.306
233000388,41590-36875,36875,화성시보건소앞,126.9049,37.128783,다사4703,향남읍,72.56,71.83,5,0,4.233,10.599,4.3,0.306
233000389,41590-36874,36874,동양빌딩앞,126.901767,37.127017,다사4603,향남읍,0.08,2.13,4,0,7.5,20.504,7.5,0.639
233000390,41590-37225,37225,한국폴리텍대학,126.8929,37.121783,다사4602,향남읍,9.17,1.72,4,0,7.5,20.504,7.5,0.639
233000391,41590-37217,37217,매곡리,126.888467,37.11725,다사4502,팔탄면,14.28,4.29,4,0,7.5,20.504,7.5,0.639
233000392,41590-36873,36873,해창리,126.879167,37.1126,다사4401,팔탄면,4.16,2.12,2,0,4.0,9.524,4.0,0.306
233000393,41590-37179,37179,해창2리.능인대학원대학교,126.872517,37.108117,다사4401,팔탄면,42.24,7.0,3,0,10.0,25.524,10.0,0.306
233000394,41590-37166,37166,성문,126.865733,37.103233,다사4300,장안면,42.04,9.72,2,0,4.0,9.524,4.0,0.306
233000395,41590-36872,36872,수촌1리,126.857483,37.102833,다사4200,장안면,13.4,2.76,1,0,2.0,2.667,2.0,0.306
233000396,41590-36871,36871,수촌3리,126.8517,37.102933,다사4200,장안면,26.31,5.23,1,0,2.0,2.667,2.0,0.306
233000397,41590-37454,37454,수촌3리,126.843033,37.102933,다사4100,장안면,76.03,16.71,2,0,8.0,18.667,8.0,0.306
233000398,41590-36870,36870,금의1리입구,126.839317,37.100217,다사4100,장안면,25.85,4.84,1,0,2.0,2.667,2.0,0.306
233000399,41590-36438,36438,화산리,126.7915,37.062367,다바3796,우정읍,0.01,0.45,2,0,3.0,5.333,3.0,0.306
233000400,41590-37453,37453,어은1리,126.8342,37.095383,다바4099,장안면,33.9,9.2,2,0,8.0,18.667,8.0,0.306
233000401,41590-36869,36869,어은1정미소앞,126.831317,37.093133,다바4099,장안면,1.67,2.72,1,0,2.0,2.667,2.0,0.306
233000402,41590-37594,37594,어은삼거리,126.826917,37.086117,다바4098,장안면,88.21,2.88,3,0,11.0,26.051,11.0,0.306
233000403,41590-36442,36442,신동탄포레자이.율목초후문,127.063333,37.237183,다사6115,반월동,36.95,13.19,1,0,4.8,16.0,4.8,0.833
233000404,41590-37452,37452,운평2리,126.7807,37.0845,다바3698,우정읍,7.62,0.79,1,0,1.5,5.647,1.5,0.0
233000405,41590-36868,36868,원안3리,126.7858,37.096733,다사3600,우정읍,0.97,0.65,1,0,1.5,5.647,1.5,0.0
233000407,41590-37451,37451,호곡1리,126.78455,37.119717,다사3602,우정읍,4.86,0.54,1,0,4.0,13.714,4.0,0.0
233000408,41590-36866,36866,호곡3리마을회관,126.772067,37.1172,다사3502,우정읍,2.45,1.76,1,0,4.0,13.714,4.0,0.0
233000409,41590-36865,36865,호곡3리입구,126.7763,37.1196,다사3502,우정읍,0.12,2.14,1,0,4.0,13.714,4.0,0.0
233000410,41590-36864,36864,경기요양병원,126.797267,37.11505,다사3702,우정읍,9.7,0.23,1,0,4.0,13.714,4.0,0.0
233000411,41590-37450,37450,호곡리,126.79435,37.117467,다사3702,우정읍,8.55,0.14,1,0,4.0,13.714,4.0,0.0
233000412,41590-36863,36863,경진여객차고지,126.8163,37.072983,다바3997,장안면,16.58,17.94,11,0,30.9,99.818,30.9,0.333
233000413,41590-36862,36862,선창포구종점,126.796333,37.128183,다사3703,우정읍,19.54,12.49,1,0,4.0,13.714,4.0,0.0
233000414,41590-37449,37449,문화마을,126.795667,37.124033,다사3703,우정읍,0.02,5.08,1,0,4.0,13.714,4.0,0.0
233000415,41590-36861,36861,호곡리,126.7946,37.117483,다사3702,우정읍,0.06,5.65,1,0,4.0,13.714,4.0,0.0
233000416,41590-36443,36443,신왕리,126.9443,37.083483,다바5098,양감면,2.47,2.08,1,0,1.333,12.0,1.333,0.5
233000417,41590-36860,36860,운평사거리,126.776717,37.082967,다바3598,우정읍,1.65,0.04,0,1,3.714,12.0,3.714,0.0
233000419,41590-37448,37448,뒷말,126.770867,37.077217,다바3597,우정읍,1.28,0.61,0,1,3.714,12.0,3.714,0.0
233000420,41590-36858,36858,운평3리,126.7753,37.08175,다바3598,우정읍,0.01,0.29,0,1,3.714,12.0,3.714,0.0
233000421,41590-36857,36857,주곡리,126.815517,37.1277,다사3903,우정읍,2.27,1.17,2,0,3.714,9.507,3.714,0.594
233000422,41590-36856,36856,주곡1리.박우물,126.81195,37.134117,다사3804,우정읍,2.14,2.5,2,0,3.714,9.507,3.714,0.594
233000424,41590-60052,60052,고정초등학교,126.736733,37.237333,다사3215,송산면,0.39,0.32,0,1,3.571,10.087,3.571,0.0
233000425,41590-37447,37447,주곡1리마을회관,126.817183,37.125817,다사3903,우정읍,1.81,3.35,2,0,3.714,9.507,3.714,0.594
233000427,41590-55828,55828,삼화2리,126.851767,37.243117,다사4216,비봉면,0.11,1.64,0,1,3.733,6.467,3.8,0.214
233000428,41590-55662,55662,금호어울림레이크.우남더테라스,127.108833,37.1619,다사6507,동탄8동,81.67,13.37,5,0,24.4,58.752,24.4,1.813
233000429,41590-55829,55829,삼화2리,126.85145,37.242783,다사4216,비봉면,1.46,0.21,0,1,3.733,6.467,3.8,0.214
233000430,41590-55663,55663,반도4차.동탄4동복지센터,127.1154,37.2001,다사6511,동탄4동,456.69,767.97,14,0,63.312,156.666,64.312,9.211
233000431,41590-55665,55665,중흥클래스에듀,127.113917,37.1731,다사6508,동탄7동,29.08,98.56,4,0,9.233,23.6,9.233,0.083
233000432,41590-55666,55666,중흥클래스에듀,127.114133,37.1734,다사6508,동탄7동,75.55,41.7,4,0,9.233,23.6,9.233,0.083
233000433,41590-55667,55667,나루마을.한화우림,127.075333,37.195083,다사6210,동탄2동,9.46,4.55,1,0,3.0,5.053,3.0,0.053
233000434,41590-55674,55674,남양고,126.825783,37.206,다사4012,남양읍,0.7,0.26,1,0,3.0,3.429,3.0,0.214
233000435,41590-37445,37445,석포5리마을회관앞,126.840617,37.145383,다사4105,팔탄면,2.76,5.69,2,0,3.143,9.173,4.0,0.333
233000436,41590-36849,36849,석포5리,126.8419,37.142983,다사4105,팔탄면,0.71,2.17,2,0,3.143,9.173,4.0,0.333
233000437,41590-36902,36902,석포리,126.839,37.140683,다사4104,장안면,1.69,4.97,2,0,3.143,9.173,4.0,0.333
233000438,41590-36901,36901,월문리온천입구,126.877233,37.114317,다사4401,팔탄면,1.89,1.65,2,0,3.5,10.98,3.5,0.333
233000439,41590-37444,37444,월문초등학교,126.8714,37.117867,다사4402,팔탄면,1.04,1.03,2,0,3.5,10.98,3.5,0.333
233000440,41590-36900,36900,월문리,126.869067,37.119317,다사4302,팔탄면,4.42,2.1,2,0,3.5,10.98,3.5,0.333
233000002,41590-36161,36161,화성시민캠퍼스,126.970433,37.229317,다사5314,기배동,0.0,0.0,7,0,67.609,59.467,67.609,4.6
233000003,41590-37320,37320,상두2리,126.9484,37.101367,다사5000,양감면,1.92,0.12,1,0,0.75,2.4,0.75,0.0
233000004,41590-36108,36108,대양2리,126.942483,37.086417,다바5098,양감면,5.96,7.65,3,0,2.833,16.4,2.833,0.5
233000005,41590-36105,36105,대양4리,126.941967,37.090283,다바5099,양감면,0.65,3.08,2,0,1.5,4.4,1.5,0.0
233000006,41590-36093,36093,대양1리,126.939317,37.095567,다바5099,양감면,2.85,5.0,2,0,1.5,4.4,1.5,0.0
233000007,41590-36107,36107,대양2리,126.942617,37.0868,다바5098,양감면,11.55,5.74,3,0,2.833,16.4,2.833,0.5
233000008,41590-36224,36224,용소4리,126.981817,37.084867,다바5398,양감면,0.59,0.59,1,0,0.75,2.0,0.75,0.0
233000009,41590-36247,36247,용소1리,126.9845,37.08005,다바5498,양감면,4.02,3.4,2,0,2.083,14.0,2.083,0.5
233000010,41590-36198,36198,용소2리,126.97815,37.079133,다바5397,양감면,7.26,5.0,2,0,2.083,14.0,2.083,0.5
233000011,41590-37380,37380,요꼴마을회관,126.967283,37.1093,다사5201,향남읍,0.2,2.23,1,0,1.412,3.556,1.412,0.0
233000012,41590-37378,37378,요리공단,126.961383,37.116633,다사5202,향남읍,0.47,7.5,1,0,1.412,3.556,1.412,0.0
233000013,41590-36272,36272,수산세보틱스,126.991017,37.1147,다사5401,양감면,0.47,0.18,1,0,0.75,2.4,0.75,0.0
233000014,41590-36255,36255,송산1리,126.9862,37.1055,다사5400,양감면,5.2,2.5,1,0,0.75,2.4,0.75,0.0
233000015,41590-36253,36253,정문2리,126.985583,37.094667,다바5499,양감면,2.07,1.0,1,0,0.75,2.4,0.75,0.0
233000016,41590-36202,36202,까치고개,126.978483,37.114917,다사5301,양감면,2.55,1.85,2,0,2.162,5.556,2.162,0.0
233000017,41590-36179,36179,사창2리.요꼴,126.9725,37.106967,다사5301,양감면,3.91,2.51,1,0,0.75,2.0,0.75,0.0
233000018,41590-36171,36171,사창3리,126.9717,37.0964,다바5399,양감면,2.69,1.02,1,0,0.75,2.0,0.75,0.0
233000019,41590-36170,36170,사창4리,126.971867,37.089217,다바5399,양감면,0.68,6.76,1,0,0.75,2.4,0.75,0.0
233000020,41590-36162,36162,용소3리,126.97045,37.079283,다바5297,양감면,1.78,3.23,1,0,0.75,2.4,0.75,0.0
233000021,41590-36012,36012,동광뷰엘,126.826967,37.208533,다사4012,남양읍,27.93,47.97,2,0,7.714,17.888,7.714,0.261
233000022,41590-36132,36132,독줄입구,126.95375,37.077883,다바5197,양감면,3.56,5.65,4,0,5.5,20.4,5.5,0.5
233000023,41590-36121,36121,양감농협,126.947033,37.081017,다바5098,양감면,12.89,6.98,4,0,5.5,20.4,5.5,0.5
233000024,41590-36120,36120,양감농협,126.946767,37.081167,다바5098,양감면,15.61,12.24,4,0,5.5,20.4,5.5,0.5
233000025,41590-36127,36127,신왕3리.조리울,126.952367,37.0801,다바5198,양감면,2.08,2.19,4,0,5.5,20.4,5.5,0.5
233000026,41590-36791,36791,오가리,126.970417,37.085717,다바5298,양감면,2.82,0.05,1,0,0.75,2.4,0.75,0.0
233000027,41590-36167,36167,사창4리,126.971633,37.089017,다바5399,양감면,3.04,0.42,1,0,0.75,2.4,0.75,0.0
233000028,41590-36173,36173,사창초등학교,126.972167,37.091283,다바5399,양감면,2.4,1.7,1,0,0.75,2.0,0.75,0.0
233000029,41590-36016,36016,동광뷰엘,126.8272,37.20855,다사4012,남양읍,53.13,31.55,3,0,19.714,65.888,19.714,6.261
233000030,41590-36165,36165,사창1리,126.971283,37.093767,다바5399,양감면,3.04,2.8,1,0,0.75,2.0,0.75,0.0
233000031,41590-36278,36278,부처내,126.996567,37.12265,다사5502,양감면,41.27,19.0,3,0,2.912,7.956,2.912,0.0
233000032,41590-37348,37348,수직리,126.991467,37.123217,다사5402,양감면,12.3,17.54,0,1,1.333,4.0,1.333,0.0
233000033,41590-37342,37342,갈천다리,126.984467,37.125133,다사5403,향남읍,27.77,27.6,0,1,4.0,10.599,4.0,0.0
233000034,41590-37339,37339,갈천초등학교,126.981483,37.124917,다사5303,향남읍,7.55,7.76,0,1,4.0,10.599,4.0,0.0
233000035,41590-37332,37332,길성리,126.973967,37.124817,다사5303,향남읍,4.38,6.0,0,1,4.0,10.599,4.0,0.0
233000036,41590-37331,37331,송곡리,126.967567,37.128583,다사5203,향남읍,20.89,8.26,0,1,4.0,10.599,4.0,0.0
233000037,41590-37333,37333,길성리,126.97415,37.12485,다사5303,향남읍,6.55,3.48,0,1,4.0,10.599,4.0,0.0
233000038,41590-37335,37335,갈천리,126.976967,37.124867,다사5303,향남읍,20.81,8.02,0,1,4.0,10.599,4.0,0.0
233000039,41590-36711,36711,갈천초등학교,126.979967,37.1251,다사5303,향남읍,3.74,9.39,0,1,4.0,10.599,4.0,0.0
233000040,41590-37347,37347,수직리,126.9912,37.12335,다사5402,양감면,23.21,19.36,0,1,1.333,4.0,1.333,0.0
233000041,41590-37913,37913,도투락입구,127.0251,37.1328,다사5704,정남면,0.0,0.0,0,0,0.0,0.0,0.0,0.0
233000042,41590-37914,37914,덕절리,127.028617,37.13405,다사5804,정남면,13.84,77.65,0,1,2.0,6.857,2.0,0.0
233000043,41590-36285,36285,고지리,127.0034,37.162983,다사5507,정남면,1.03,1.44,0,1,2.0,6.857,2.0,0.0
233000044,41590-36306,36306,망월리,127.009467,37.148967,다사5605,정남면,5.28,18.27,0,1,2.0,6.857,2.0,0.0
233000045,41590-36309,36309,제기리.양지말,127.01345,37.143333,다사5605,정남면,7.56,8.62,0,1,2.0,6.857,2.0,0.0
233000046,41590-36317,36317,음양1리,127.017617,37.140883,다사5704,정남면,0.71,6.51,0,1,2.0,6.857,2.0,0.0
233000047,41590-36335,36335,덕절2리,127.028033,37.141517,다사5804,정남면,20.29,3.24,0,1,2.0,6.857,2.0,0.0
233000048,41590-36329,36329,덕절3리,127.022067,37.14015,다사5704,정남면,8.1,3.99,0,1,2.0,6.857,2.0,0.0
233000049,41590-36316,36316,음양1리,127.017183,37.140817,다사5704,정남면,7.68,0.71,0,1,2.0,6.857,2.0,0.0
233000050,41590-36310,36310,제기리.양지말,127.013683,37.142833,다사5605,정남면,18.39,6.03,0,1,2.0,6.857,2.0,0.0
233000051,41590-36303,36303,망월리,127.009167,37.149183,다사5605,정남면,23.17,4.66,0,1,2.0,6.857,2.0,0.0
233000052,41590-36296,36296,금복리,127.006533,37.15315,다사5606,정남면,4.71,0.73,0,1,2.0,6.857,2.0,0.0
233000053,41590-36286,36286,고지리,127.0039,37.16075,다사5507,정남면,2.15,1.29,0,1,2.0,6.857,2.0,0.0
233000054,41590-36331,36331,수면리,127.022433,37.161867,다사5707,정남면,7.04,1.26,0,1,2.0,6.857,2.0,0.0
233000055,41590-36017,36017,원평사거리,126.9249,37.2496,다사4816,매송면,24.74,55.86,12,0,27.057,61.14,27.057,2.825
233000056,41590-36320,36320,내리,127.018633,37.16205,다사5707,정남면,3.93,5.08,0,1,2.0,6.857,2.0,0.0
233000057,41590-36300,36300,고지리,127.00745,37.163883,다사5607,정남면,8.88,4.14,0,1,2.0,6.857,2.0,0.0
233000058,41590-36299,36299,고지리,127.008083,37.163967,다사5607,정남면,2.13,5.49,0,1,2.0,6.857,2.0,0.0
233000059,41590-36020,36020,원평사거리,126.925217,37.249367,다사4916,매송면,46.56,25.26,12,0,27.057,61.14,27.057,2.825
233000060,41590-36027,36027,전곡산업단지사거리,126.671267,37.186117,다사2610,서신면,0.07,18.23,1,0,3.0,8.0,3.0,0.0
233000061,41590-36032,36032,전곡산업단지사거리,126.671117,37.186367,다사2610,서신면,20.26,0.19,1,0,3.0,8.0,3.0,0.0
233000062,41590-37352,37352,신한에스빌아파트,127.038783,37.208817,다사5912,병점2동,68.96,28.32,1,0,3.0,8.0,3.0,0.0
233000063,41590-36033,36033,동원.다원중,127.103583,37.212133,다사6412,동탄5동,271.55,36.13,7,0,53.4,68.121,52.4,6.883
233000065,41590-36371,36371,주공11단지.우남퍼스트빌2차,127.045117,37.215517,다사5913,진안동,420.34,221.2,4,0,7.857,22.816,7.857,0.0
233000066,41590-36795,36795,중심상가,127.04375,37.21515,다사5913,진안동,500.59,581.85,3,0,4.857,14.816,4.857,0.0
233000067,41590-36370,36370,주공10.11단지,127.045267,37.215883,다사5913,진안동,68.29,244.29,4,0,7.857,22.816,7.857,0.0
233000068,41590-36381,36381,우남퍼스트빌,127.048533,37.199367,다사5911,진안동,118.2,123.55,8,0,30.0,72.0,30.0,4.792
233000069,41590-36048,36048,동탄물류단지북측,127.132367,37.171783,다사6708,동탄9동,0.55,0.34,0,1,10.333,25.714,10.333,0.571
233000070,41590-36049,36049,솔빛동탄경남아너스빌,127.07425,37.199117,다사6211,동탄1동,21.39,21.87,2,0,6.0,7.719,6.0,0.053
233000071,41590-36372,36372,안화초교.주공8.9단지,127.046083,37.2133,다사5912,병점2동,110.01,181.39,4,0,12.05,28.0,11.8,3.5
233000072,41590-36373,36373,안화초교.주공8.9단지,127.0459,37.2132,다사5912,병점2동,167.75,136.39,4,0,12.05,28.0,11.8,3.5
233000073,41590-55776,55776,송린초교앞,126.823433,37.2787,다사3920,새솔동,0.31,21.44,1,0,0.6,5.333,0.6,0.556
233000074,41590-37548,37548,참누리아파트.기산중학교,127.051633,37.219567,다사6013,진안동,210.95,73.76,2,0,6.0,13.053,6.0,0.053
233000075,41590-36794,36794,행림마을.삼성래미안,127.0501,37.2229,다사6013,진안동,208.59,136.54,2,0,6.0,13.053,6.0,0.053
233000076,41590-36793,36793,참누리아파트.기산중학교,127.051933,37.219667,다사6013,진안동,106.62,188.2,2,0,6.0,13.053,6.0,0.053
233000077,41590-36062,36062,홈플러스병점점(좌회전전용),127.037517,37.204233,다사5811,병점1동,130.09,57.4,5,0,18.467,39.869,18.467,1.591
233000078,41590-36360,36360,주공1.2단지,127.040917,37.207967,다사5912,병점2동,58.33,37.93,1,0,3.0,8.0,3.0,0.0
233000079,41590-36356,36356,주공1.2단지,127.041067,37.2081,다사5912,병점2동,67.2,28.77,1,0,3.0,8.0,3.0,0.0
233000080,41590-36366,36366,우남퍼스트빌,127.042933,37.207617,다사5912,병점2동,107.69,136.88,5,0,16.667,40.485,16.667,1.591
233000081,41590-55729,55729,덕우리,126.92095,37.164433,다사4807,봉담읍,1.62,3.38,4,0,2.0,4.8,2.0,0.0
233000082,41590-37591,37591,정든공원,127.048583,37.2097,다사5912,병점2동,263.61,105.54,4,0,17.05,41.818,16.8,5.091
233000083,41590-36065,36065,반월리,127.06515,37.233483,다사6115,반월동,56.17,232.47,2,0,8.8,22.0,8.8,1.083
233000084,41590-55730,55730,세정초남측,127.124117,37.1667,다사6607,동탄7동,7.57,13.66,4,0,9.233,19.333,9.233,0.306
233000085,41590-55732,55732,호수공원행복주택,127.118583,37.167833,다사6607,동탄7동,1.62,7.62,4,0,9.233,19.333,9.233,0.306
233000086,41590-36376,36376,신창2차아파트,127.047583,37.209683,다사5912,병점2동,117.93,141.23,5,0,16.667,40.485,16.667,1.591
233000087,41590-36369,36369,에듀포레,127.0445,37.208167,다사5912,병점2동,241.01,132.5,5,0,16.667,40.485,16.667,1.591
233000088,41590-36116,36116,장지지하차도,127.10425,37.157483,다사6406,동탄8동,3.49,7.57,6,0,24.6,54.386,24.6,1.108
233000089,41590-36117,36117,장지지하차도,127.105117,37.157483,다사6406,동탄8동,3.81,3.82,6,0,24.6,54.386,24.6,1.108
233000090,41590-55731,55731,행복주택35단지,127.121117,37.167,다사6607,동탄7동,9.74,59.48,4,0,9.233,19.333,9.233,0.306
233000091,41590-55733,55733,동탄그랑파사쥬,127.1047,37.165833,다사6407,동탄7동,220.16,30.59,1,0,3.0,5.053,3.0,0.053
233000092,41590-55734,55734,계룡리슈빌,127.104633,37.1655,다사6407,동탄7동,12.32,183.81,1,0,3.0,5.053,3.0,0.053
233000093,41590-36141,36141,일진전기앞,127.005367,37.191067,다사5510,화산동,1.18,14.29,1,0,2.0,6.857,2.0,0.0
233000094,41590-36142,36142,일진전기앞,127.005433,37.192017,다사5510,화산동,8.67,1.34,1,0,2.0,6.857,2.0,0.0
233000095,41590-37384,37384,천천IC교차로,126.9494,37.2427,다사5116,매송면,3.08,9.23,1,0,2.4,6.857,2.4,0.375
233000096,41590-37385,37385,천천IC교차로,126.94955,37.2425,다사5116,매송면,3.61,0.2,1,0,2.4,6.857,2.4,0.375
233000097,41590-36348,36348,한일타운아파트,127.03755,37.200233,다사5811,병점1동,297.8,391.41,7,0,21.0,48.857,21.0,1.333
233000098,41590-36349,36349,한일타운아파트,127.037733,37.2003,다사5811,병점1동,409.24,331.19,7,0,21.0,48.857,21.0,1.333
233000099,41590-36359,36359,우남퍼스트빌3차아파트,127.041317,37.198033,다사5911,진안동,44.86,59.48,0,1,6.0,14.667,6.0,0.053
233000100,41590-36351,36351,홈플러스.벌말초교,127.03815,37.203283,다사5911,진안동,1330.42,890.37,6,0,19.667,54.19,19.667,3.903
233000101,41590-36350,36350,센트럴허브시티.송화초교,127.038217,37.203783,다사5911,진안동,2412.67,2586.78,12,0,38.99,96.019,38.99,5.494
233000102,41590-37592,37592,반월1통.반월삼거리,127.065067,37.229183,다사6114,반월동,255.4,176.37,1,0,2.667,5.333,2.667,0.444
233000103,41590-36397,36397,삼성반도체,127.064,37.225083,다사6114,반월동,395.44,348.76,0,1,8.8,22.0,8.8,0.833
233000104,41590-36392,36392,성지산업,127.059667,37.221267,다사6013,진안동,325.5,280.89,0,1,6.0,14.667,6.0,0.053
233000105,41590-36388,36388,SK뷰2차아파트,127.0551,37.216283,다사6013,진안동,2.04,41.2,1,0,3.0,2.667,3.0,0.0
233000106,41590-36386,36386,신미주아파트.주공6단지,127.05175,37.214417,다사6012,동탄3동,236.36,175.67,7,0,13.19,30.816,13.19,0.444
233000107,41590-36383,36383,주공7.8단지,127.04955,37.214383,다사6012,동탄3동,134.05,132.53,4,0,7.857,22.816,7.857,0.0
233000108,41590-36380,36380,주공8단지,127.048783,37.21515,다사5913,진안동,87.05,103.08,4,0,7.857,22.816,7.857,0.0
233000109,41590-36710,36710,신미주아파트앞,127.051783,37.214633,다사6012,동탄3동,338.73,305.97,5,0,10.524,28.15,10.524,0.444
233000110,41590-55747,55747,호수공원행복주택,127.119033,37.167617,다사6607,동탄7동,5.24,2.5,2,0,6.4,11.333,6.4,0.222
233000111,41590-55461,55461,비봉체육공원,126.841383,37.266567,다사4118,비봉면,1.24,0.79,1,0,0.6,5.333,0.6,0.556
233000112,41590-36395,36395,삼성전자,127.062583,37.223733,다사6113,반월동,477.24,402.92,1,0,2.667,5.333,2.667,0.444
233000113,41590-36403,36403,반월1통.반월삼거리,127.064967,37.22945,다사6114,반월동,187.22,302.07,0,1,8.8,22.0,8.8,0.833
233000114,41590-55748,55748,행복주택35단지,127.121183,37.1668,다사6607,동탄7동,50.3,5.66,2,0,6.4,11.333,6.4,0.222
233000115,41590-36405,36405,신동탄롯데캐슬,127.0681,37.230383,다사6114,반월동,168.86,426.02,8,0,31.712,77.585,31.712,1.583
233000116,41590-36399,36399,반월리큰고개,127.0648,37.232933,다사6114,반월동,713.08,583.08,6,0,22.912,55.585,22.912,0.5
233000117,41590-36512,36512,신영통현대타운.두산위브,127.0621,37.23535,다사6115,반월동,581.08,1078.29,7,0,27.712,71.585,27.712,1.333
233000118,41590-36393,36393,신영통현대타운.두산위브,127.0625,37.235483,다사6115,반월동,1111.46,455.79,6,0,22.912,55.585,22.912,0.5
233000119,41590-55749,55749,세정초남측,127.124517,37.166417,다사6607,동탄7동,4.35,8.99,2,0,6.4,11.333,6.4,0.222
233000120,41590-36409,36409,센트럴힐즈.금강1차,127.109617,37.181433,다사6509,동탄6동,105.42,30.12,2,0,2.667,8.0,2.667,0.0
233000121,41590-36463,36463,상록.테크노밸리.GS자이,127.099067,37.208283,다사6412,동탄5동,811.68,344.84,19,0,119.356,194.839,119.356,15.752
233000122,41590-36792,36792,센트럴상록.대방디엠시티,127.100033,37.209167,다사6412,동탄5동,181.82,356.34,9,0,40.67,93.356,40.67,2.436
233000123,41590-55751,55751,세정초.하우스디,127.124433,37.16785,다사6607,동탄7동,92.72,15.06,2,0,6.4,11.333,6.4,0.222
233000124,41590-55400,55400,금강1차.센트럴힐즈,127.108983,37.181433,다사6509,동탄6동,20.88,85.61,2,0,2.667,8.0,2.667,0.0
233000125,41590-55401,55401,호반베르디움3차,127.11455,37.179567,다사6509,동탄6동,18.13,28.72,4,0,9.233,23.6,9.233,0.083
233000126,41590-55402,55402,호반베르디움3차,127.1141,37.1794,다사6509,동탄6동,33.9,70.63,2,0,2.667,8.0,2.667,0.0
233000127,41590-36446,36446,자이.우남퍼스트빌,127.099867,37.204833,다사6411,동탄4동,39.6,20.43,4,0,17.5,31.455,17.5,3.042
233000128,41590-37203,37203,바이오밸리,126.769367,37.172267,다사3508,마도면,10.57,0.13,1,0,4.0,5.333,4.0,0.444
233000129,41590-36460,36460,신안2차.반도4차,127.11605,37.199983,다사6511,동탄4동,1181.83,383.55,21,0,130.312,223.866,129.312,16.611
233000130,41590-36447,36447,예미지시그너스.우남퍼스트빌,127.098567,37.203133,다사6411,동탄4동,253.31,722.43,16,0,74.41,148.724,73.41,7.833
233000131,41590-36812,36812,계룡.영천초,127.104883,37.203933,다사6411,동탄4동,42.32,77.49,7,0,24.9,46.978,24.9,3.042
233000132,41590-37297,37297,천산아파트,126.864817,37.235433,다사4315,비봉면,0.03,0.2,2,0,1.214,4.181,1.214,0.0
233000133,41590-36429,36429,요골,126.963183,37.10345,다사5200,양감면,1.39,1.26,0,1,1.333,4.0,1.333,0.0
233000134,41590-36511,36511,호반베르디움.롯데캐슬,127.111233,37.197183,다사6511,동탄4동,134.2,40.41,7,0,30.2,57.455,30.2,3.181
233000135,41590-36513,36513,한백초중교,127.114667,37.20705,다사6512,동탄5동,18.24,11.91,4,0,10.257,18.626,10.257,0.75
233000136,41590-36440,36440,육일리마을회관,126.724983,37.207283,다사3112,송산면,1.5,16.49,5,0,18.0,50.095,18.0,1.5
233000137,41590-36436,36436,롯데캐슬.포스코더샵,127.0985,37.199733,다사6411,동탄4동,319.56,940.9,13,0,90.989,126.761,90.989,11.93
233000138,41590-36431,36431,남양뉴타운1단지,126.8328,37.20875,다사4012,남양읍,30.74,39.38,4,0,11.714,20.936,11.714,0.92
233000139,41590-36445,36445,한화.호반.대원,127.104983,37.1971,다사6410,동탄4동,40.28,49.55,7,0,30.2,57.455,30.2,3.181
233000140,41590-36011,36011,봉담성당앞,126.95605,37.210867,다사5112,봉담읍,0.28,4.01,1,0,2.4,6.0,2.4,0.0
233000141,41590-36454,36454,영천1동,127.094233,37.215233,다사6312,동탄5동,14.61,63.83,2,0,7.2,20.267,7.2,0.0
233000142,41590-36457,36457,동탄자동차검사소,127.0946,37.217583,다사6412,동탄5동,0.07,1.18,0,1,7.2,18.626,7.2,1.111
233000143,41590-36456,36456,동탄자동차검사소,127.094817,37.217517,다사6412,동탄5동,0.33,0.96,0,1,7.2,18.626,7.2,1.111
233000144,41590-36455,36455,영천1동,127.094517,37.215183,다사6412,동탄5동,42.62,18.57,2,0,7.2,20.267,7.2,0.0
233000145,41590-36449,36449,봉담성당앞,126.956217,37.210983,다사5112,봉담읍,1.17,0.61,1,0,2.0,6.0,2.0,0.0
233000146,41590-36439,36439,반월자이더파크,127.046467,37.228033,다사5914,진안동,136.71,253.51,2,0,6.0,13.053,6.0,0.053
233000147,41590-36432,36432,에일린의뜰아파트,127.086233,37.190133,다사6310,동탄6동,9.16,33.16,0,1,4.0,10.667,4.0,0.571
233000148,41590-36441,36441,롤링힐스,126.839567,37.19185,다사4110,남양읍,8.66,1.82,3,0,5.476,14.24,6.333,0.667
233000149,41590-36514,36514,한백초중교,127.114767,37.207233,다사6512,동탄5동,14.88,27.76,4,0,10.257,18.626,10.257,0.75
233000150,41590-36515,36515,반도유보라.센트럴푸르지오,127.115217,37.198767,다사6511,동탄4동,283.56,280.92,7,0,30.2,57.455,30.2,3.181
233000151,41590-36430,36430,금강포란재아파트정문,126.855,37.18695,다사4209,남양읍,17.71,10.58,1,0,2.667,4.8,2.667,0.0
233000152,41590-37597,37597,금곡동,127.07835,37.168383,다사6207,동탄6동,3.89,3.4,0,1,4.0,10.667,4.0,0.571
233000153,41590-36420,36420,금곡1리,127.078967,37.171433,다사6208,동탄6동,3.93,1.7,0,1,4.0,10.667,4.0,0.571
233000154,41590-36424,36424,한증막,127.080017,37.174883,다사6208,동탄6동,1.43,1.37,0,1,4.0,10.667,4.0,0.571
233000155,41590-36410,36410,금곡2리,127.078133,37.183583,다사6209,동탄6동,2.64,12.95,0,1,4.0,10.667,4.0,0.571
233000156,41590-36421,36421,대영가든,127.079783,37.177967,다사6208,동탄6동,2.1,6.2,0,1,4.0,10.667,4.0,0.571
233000157,41590-37367,37367,천산아파트,126.864767,37.23535,다사4315,비봉면,0.18,0.14,2,0,1.214,4.181,1.214,0.0
233000158,41590-37278,37278,비봉우체국,126.869583,37.23505,다사4415,비봉면,0.87,0.26,2,0,1.214,4.181,1.214,0.0
233000159,41590-37279,37279,비봉우체국,126.869817,37.2351,다사4415,비봉면,0.04,1.24,2,0,1.214,4.181,1.214,0.0
233000160,41590-36505,36505,만의사.마을회관,127.13865,37.204917,다사6711,동탄5동,16.87,20.64,2,0,9.714,19.918,9.714,1.5
233000161,41590-36487,36487,반도3차.금강1차,127.102667,37.182367,다사6409,동탄6동,499.03,156.83,19,0,115.256,186.837,115.256,15.721
233000162,41590-36493,36493,나래학교.더샵레이크,127.1057,37.1759,다사6408,동탄7동,550.1,179.66,13,0,74.743,142.653,74.743,10.844
233000163,41590-36506,36506,남양아이파크,126.833467,37.205417,다사4012,남양읍,33.67,86.3,6,0,14.476,24.335,15.333,0.659
233000164,41590-36811,36811,반도1차.경남,127.110767,37.203167,다사6511,동탄4동,57.24,79.31,8,0,28.9,58.978,28.9,4.167
233000165,41590-36191,36191,남양상회,127.076767,37.162383,다사6207,동탄6동,4.03,3.92,0,1,4.0,10.667,4.0,0.571
233000166,41590-36810,36810,꽃가마약수터,127.09995,37.159083,다사6406,동탄8동,13.07,4.73,2,0,7.8,21.053,7.8,0.886
233000167,41590-36809,36809,장지동,127.115367,37.15575,다사6506,동탄8동,12.38,2.78,1,0,6.0,16.0,6.0,0.0
233000168,41590-36808,36808,장지동농협,127.117933,37.15505,다사6606,동탄8동,19.17,4.48,1,0,12.0,32.0,12.0,0.0
233000169,41590-37403,37403,한원IC,127.12245,37.15295,다사6606,동탄8동,12.95,4.0,0,1,24.4,58.752,24.4,1.813
233000170,41590-55750,55750,반도10차,127.127367,37.166333,다사6607,동탄7동,207.55,43.67,2,0,6.4,11.333,6.4,0.222
233000171,41590-55462,55462,경기도종합사격장,126.957033,37.0926,다바5199,양감면,8.91,2.03,0,1,1.333,4.0,1.333,0.0
233000172,41590-36205,36205,남양상회,127.0779,37.163933,다사6207,동탄6동,0.66,5.56,0,1,4.0,10.667,4.0,0.571
233000173,41590-37276,37276,야목교차로,126.878617,37.265167,다사4418,매송면,1.08,11.57,2,0,3.733,5.714,3.8,0.214
233000174,41590-37272,37272,야목교차로,126.878733,37.265317,다사4418,매송면,0.5,0.39,0,1,13.0,32.0,13.0,0.75
233000175,41590-55752,55752,행복주택28단지,127.0934,37.163883,다사6307,동탄6동,52.78,23.83,1,0,4.8,16.0,4.8,0.833
233000176,41590-55753,55753,행복주택28단지,127.093633,37.163967,다사6307,동탄6동,29.41,57.8,1,0,4.8,16.0,4.8,0.833
233000177,41590-36580,36580,매향2리입구,126.772583,37.052117,다바3595,우정읍,0.0,0.39,2,0,3.0,5.333,3.0,0.306
233000178,41590-36581,36581,매향2리입구,126.772767,37.051933,다바3595,우정읍,0.59,0.04,2,0,3.0,5.333,3.0,0.306
233000179,41590-37263,37263,매송면행정복지센터,126.90985,37.252683,다사4717,매송면,0.1,1.81,1,0,3.0,3.429,3.0,0.214
233000180,41590-37264,37264,매송면행정복지센터,126.910083,37.252533,다사4717,매송면,0.68,0.27,1,0,3.0,3.429,3.0,0.214
233000182,41590-55754,55754,동원4차.현대트랜시스,127.10605,37.2167,다사6512,동탄5동,8.96,3.76,0,1,7.2,18.626,7.2,1.111
233000183,41590-55755,55755,현대트랜시스.동원4차,127.105533,37.216867,다사6512,동탄5동,6.08,12.46,1,0,1.0,0.0,0.0,0.0
233000184,41590-55704,55704,힐스테이트동탄,127.120483,37.1829,다사6609,동탄9동,35.05,272.61,1,0,4.0,6.857,4.0,0.571
233000185,41590-55486,55486,영내사거리,127.092767,37.215933,다사6312,동탄5동,6.95,10.65,0,1,7.2,18.626,7.2,1.111
233000186,41590-55487,55487,영내사거리,127.093667,37.216117,다사6312,동탄5동,3.41,2.34,0,1,7.2,18.626,7.2,1.111
233000187,41590-36805,36805,기산베스트빌,126.822683,37.19545,다사3910,남양읍,114.93,15.17,4,0,11.114,29.774,11.114,0.261
233000188,41590-36804,36804,남양뉴타운.양우내안애,126.824367,37.202283,다사4011,남양읍,469.82,70.21,12,0,36.781,77.069,36.781,2.336
233000189,41590-36028,36028,화성시청.모두누림센터,126.82845,37.198367,다사4011,남양읍,132.52,123.65,7,0,20.943,43.44,21.8,1.417
233000190,41590-36036,36036,공군부대입구,126.831267,37.19625,다사4011,남양읍,14.1,7.27,4,0,8.143,17.44,9.0,0.667
233000191,41590-36037,36037,대광아파트,126.834067,37.19425,다사4010,남양읍,311.4,33.55,5,0,14.143,29.44,15.0,1.417
233000192,41590-36050,36050,금광포란재아파트,126.85505,37.183367,다사4209,남양읍,18.36,8.34,1,0,1.333,2.4,1.333,0.0
233000193,41590-37165,37165,하저3리.한미약품,126.865817,37.181017,다사4309,팔탄면,13.47,14.47,1,0,1.333,2.4,1.333,0.0
233000194,41590-37173,37173,하저4리.안산동,126.8714,37.17535,다사4408,팔탄면,0.8,2.96,0,1,2.4,3.84,2.4,0.133
233000195,41590-37181,37181,율암2리.쇄네,126.872567,37.173967,다사4408,팔탄면,5.22,3.28,0,1,2.4,3.84,2.4,0.133
277100614,,,남양로진입(미정차),126.812583,37.1708,다사3808,남양읍,0.0,0.0,1,0,4.0,12.0,4.0,0.0
277100615,,,동탄2차고지(미정차),127.103217,37.155633,다사6406,동탄8동,0.0,0.0,1,0,3.0,12.0,3.0,0.0
277102653,,,용건릉(미정차),126.988133,37.207183,다사5412,화산동,0.0,0.0,3,0,9.05,20.0,8.8,3.5
277102693,,,병점육교(미정차),127.030133,37.208883,다사5812,진안동,0.0,0.0,4,0,13.85,27.385,13.6,3.5
277102694,,,왕림교차로(미정차),126.939017,37.19295,다사5010,봉담읍,0.0,0.0,1,0,4.0,12.0,4.0,0.75
277104331,,,차고지대기(미정차),126.8389,37.202883,다사4111,남양읍,0.0,0.0,2,0,2.857,8.014,3.714,0.261
277104332,,,고매1교(미정차),127.118383,37.219383,다사6612,동탄5동,0.0,0.0,1,0,4.0,12.0,4.0,1.125
277104335,,,수화교차로(미정차),126.814,37.2527,다사3917,남양읍,0.0,0.0,0,0,0.0,0.0,0.0,0.0
277104336,,,수화교차로(미정차),126.813583,37.252683,다사3917,남양읍,0.0,0.0,0,0,0.0,0.0,0.0,0.0
277104337,,,문호교차로(미정차),126.810033,37.267267,다사3818,남양읍,0.0,0.0,0,0,0.0,0.0,0.0,0.0
277104338,,,문호교차로(미정차),126.809583,37.26705,다사3818,남양읍,0.0,0.0,0,0,0.0,0.0,0.0,0.0
277104346,,,반월삼거리(미정차),127.072,37.226817,다사6114,반월동,0.0,0.0,1,0,2.667,5.333,2.667,0.444
277104372,,,기점진입전(미정차),127.103267,37.157833,다사6406,동탄8동,0.0,0.0,7,0,61.143,95.467,61.143,10.733
277104373,,,중리IC(미정차),127.12695,37.208717,다사6612,동탄5동,0.0,0.0,1,0,4.0,12.0,4.0,1.125
277102825,,,송산마도TG(미정차),126.755033,37.2093,다사3312,마도면,0.0,0.0,0,0,0.0,0.0,0.0,0.0
277102826,,,송산마도TG(미정차),126.754883,37.209517,다사3312,마도면,0.0,0.0,0,0,0.0,0.0,0.0,0.0
277102846,,,봉담IC(미정차),126.956367,37.229267,다사5114,봉담읍,0.0,0.0,0,0,0.0,0.0,0.0,0.0
277102847,,,봉담IC(미정차),126.957083,37.228683,다사5114,봉담읍,0.0,0.0,0,0,0.0,0.0,0.0,0.0
277104709,,,고매1교(미정차),127.117933,37.219383,다사6612,동탄5동,0.0,0.0,1,0,4.0,12.0,4.0,1.125
277104710,,,중리IC(미정차),127.124867,37.208583,다사6612,동탄5동,0.0,0.0,1,0,4.0,12.0,4.0,1.125
277102853,,,향남IC(미정차),127.000367,37.12985,다사5503,정남면,0.0,0.0,0,0,0.0,0.0,0.0,0.0
277102854,,,향남IC(미정차),127.000583,37.129333,다사5503,정남면,0.0,0.0,0,0,0.0,0.0,0.0,0.0
277104772,,,신리IC(미정차),127.123867,37.17075,다사6608,동탄7동,0.0,0.0,0,0,0.0,0.0,0.0,0.0
277104773,,,신리IC(미정차),127.123267,37.170317,다사6608,동탄7동,0.0,0.0,0,0,0.0,0.0,0.0,0.0
277104803,,,장지IC(미정차),127.121083,37.153833,다사6606,동탄8동,0.0,0.0,0,0,0.0,0.0,0.0,0.0
277104804,,,장지IC(미정차),127.121167,37.153467,다사6606,동탄8동,0.0,0.0,0,0,0.0,0.0,0.0,0.0
277104805,,,장지IC(미정차),127.121333,37.153433,다사6606,동탄8동,0.0,0.0,0,0,0.0,0.0,0.0,0.0
277104808,,,치동천5교교차로(미정차),127.11355,37.203417,다사6511,동탄4동,0.0,0.0,7,0,66.0,67.2,66.0,7.4
277104809,,,청계교차로(미정차),127.12275,37.190667,다사6610,동탄9동,0.0,0.0,0,0,0.0,0.0,0.0,0.0
277104810,,,치동천2교교차로(미정차),127.099083,37.204933,다사6411,동탄4동,0.0,0.0,2,0,36.0,28.8,36.0,3.8
277104811,,,현대트랜시스진입전(미정차),127.100767,37.213733,다사6412,동탄5동,0.0,0.0,4,0,37.846,36.185,37.846,4.877
277104812,,,현천교차로(미정차),126.892133,37.256933,다사4617,매송면,0.0,0.0,0,0,0.0,0.0,0.0,0.0
277104813,,,어천육교(미정차),126.905783,37.248517,다사4716,매송면,0.0,0.0,0,0,0.0,0.0,0.0,0.0
277104814,,,원평교차로(미정차),126.923383,37.243817,다사4816,매송면,0.0,0.0,0,0,0.0,0.0,0.0,0.0
277104815,,,원평교차로(미정차),126.924033,37.243917,다사4816,매송면,0.0,0.0,0,0,0.0,0.0,0.0,0.0
277104818,,,함백교차로(미정차),126.90795,37.273733,다사4719,매송면,0.0,0.0,0,0,0.0,0.0,0.0,0.0
277101611,,,제암교차로(미정차),126.902417,37.11885,다사4602,향남읍,0.0,0.0,1,0,1.5,5.647,1.5,0.0
277101618,,,고온리종점(미정차),126.749983,37.038467,다바3393,우정읍,0.0,0.0,2,0,4.4,12.0,4.4,0.0
277101619,,,호곡리(미정차),126.773967,37.118383,다사3502,우정읍,0.0,0.0,1,0,4.0,13.714,4.0,0.0
277101636,,,기흥동탄IC(미정차),127.096983,37.216617,다사6412,동탄5동,0.0,0.0,0,0,0.0,0.0,0.0,0.0
277101677,,,원안1리(미정차),126.77745,37.104783,다사3500,우정읍,0.0,0.0,1,0,3.0,11.294,3.0,0.0
277101678,,,점촌교차로(미정차),126.91685,37.1418,다사4804,향남읍,0.0,0.0,3,0,22.0,38.667,22.0,1.861
277101693,,,가재교차로(미정차),126.922,37.149117,다사4805,팔탄면,0.0,0.0,4,0,24.0,44.667,24.0,1.861
277101700,,,숙곡교차로(미정차),126.898733,37.254667,다사4617,매송면,0.0,0.0,2,0,8.0,13.714,8.0,0.429
277101708,,,왕림교차로(미정차),126.939333,37.1929,다사5010,봉담읍,0.0,0.0,3,0,6.0,12.0,4.0,0.75
277101732,,,가재교차로(미정차),126.9223,37.149,다사4805,팔탄면,0.0,0.0,6,0,26.0,44.667,24.0,1.861
277101750,,,팔탄입구삼거리(미정차),126.931583,37.163583,다사4907,봉담읍,0.0,0.0,1,0,4.0,12.0,4.0,0.75
277101757,,,뒷말(미정차),126.772417,37.07975,다바3598,우정읍,0.0,0.0,0,0,0.0,0.0,0.0,0.0
277101775,,,팔탄입구삼거리(미정차),126.931783,37.1636,다사4907,봉담읍,0.0,0.0,3,0,6.0,12.0,4.0,0.75
277101785,,,서동탄역사거리(미정차),127.05285,37.1989,다사6011,동탄3동,0.0,0.0,0,0,0.0,0.0,0.0,0.0
277101809,,,장전도착(미정차),126.835667,37.265033,다사4118,비봉면,0.0,0.0,0,0,0.0,0.0,0.0,0.0
277101822,,,서동탄역출발(미정차),127.0515,37.197417,다사6011,동탄3동,0.0,0.0,0,0,0.0,0.0,0.0,0.0
277103444,,,동탄JC(미정차),127.095783,37.177883,다사6408,동탄7동,0.0,0.0,0,0,0.0,0.0,0.0,0.0
277103445,,,동탄JC(미정차),127.0962,37.177433,다사6408,동탄7동,0.0,0.0,0,0,0.0,0.0,0.0,0.0
277101836,,,병점정형외과(미정차),127.036617,37.20605,다사5812,진안동,0.0,0.0,4,0,18.857,51.777,18.857,5.049
277101841,,,매송지하차도(미정차),126.884967,37.280633,다사4520,매송면,0.0,0.0,0,0,0.0,0.0,0.0,0.0
277101878,,,숙곡교차로(미정차),126.898917,37.254583,다사4617,매송면,0.0,0.0,2,0,8.0,13.714,8.0,0.429
277101884,,,기흥동탄TG(미정차),127.0917,37.216983,다사6312,동탄5동,0.0,0.0,19,0,192.86,219.213,193.61,26.349
277101890,,,쌍학리(미정차),126.9001,37.238533,다사4615,비봉면,0.0,0.0,1,0,1.0,3.429,1.0,0.0
277101908,,,기흥동탄TG(미정차),127.091567,37.21655,다사6312,동탄5동,0.0,0.0,19,0,193.86,219.213,192.61,26.349
277101927,,,봉담IC교차로(미정차),126.957233,37.22935,다사5114,봉담읍,0.0,0.0,6,0,10.4,22.286,10.4,0.933
277101941,,,장전출발(미정차),126.8357,37.264883,다사4118,비봉면,0.0,0.0,0,0,0.0,0.0,0.0,0.0
277103517,,,천천IC(미정차),126.950117,37.24605,다사5116,매송면,0.0,0.0,4,0,26.0,48.267,26.0,2.661
277103518,,,천천IC(미정차),126.950583,37.245983,다사5116,매송면,0.0,0.0,6,0,28.0,48.267,26.0,2.661
277103582,,,팔곡JC(미정차),126.893833,37.3095,다사4620,매송면,0.0,0.0,0,0,0.0,0.0,0.0,0.0
277103583,,,팔곡JC(미정차),126.894167,37.30975,다사4620,매송면,0.0,0.0,0,0,0.0,0.0,0.0,0.0
277103584,,,비봉IC(미정차),126.882133,37.2438,다사4516,비봉면,0.0,0.0,0,0,0.0,0.0,0.0,0.0
277103585,,,비봉IC(미정차),126.882417,37.24345,다사4516,비봉면,0.0,0.0,0,0,0.0,0.0,0.0,0.0
277103586,,,발안IC(미정차),126.882017,37.12375,다사4502,팔탄면,0.0,0.0,0,0,0.0,0.0,0.0,0.0
277103587,,,발안IC(미정차),126.882433,37.123483,다사4502,팔탄면,0.0,0.0,0,0,0.0,0.0,0.0,0.0
277103588,,,발안TG(미정차),126.887167,37.121367,다사4502,팔탄면,0.0,0.0,0,0,0.0,0.0,0.0,0.0
277103589,,,발안TG(미정차),126.887767,37.121667,다사4502,팔탄면,0.0,0.0,0,0,0.0,0.0,0.0,0.0
277101969,,,덕다리(미정차),126.833283,37.04975,다바4094,장안면,0.0,0.0,0,0,0.0,0.0,0.0,0.0
277101972,,,양감IC(미정차),126.994717,37.098133,다사5400,양감면,0.0,0.0,0,0,0.0,0.0,0.0,0.0
277101997,,,궁평1교차로(미정차),126.689217,37.118333,다사2802,서신면,0.0,0.0,1,0,4.0,12.0,4.0,1.5
277102009,,,봉담IC진입(미정차),126.957,37.2272,다사5114,봉담읍,0.0,0.0,5,0,24.0,38.667,22.0,1.861
277102010,,,장짐삼거리(미정차),126.901567,37.1394,다사4604,향남읍,0.0,0.0,0,0,0.0,0.0,0.0,0.0
277102014,,,화성벌말초(미정차),127.037833,37.201533,다사5811,병점1동,0.0,0.0,0,0,0.0,0.0,0.0,0.0
277102040,,,점촌교차로(미정차),126.917017,37.141583,다사4804,향남읍,0.0,0.0,5,0,24.0,38.667,22.0,1.861
277103611,,,양노교차로(미정차),126.8757,37.223533,다사4414,비봉면,0.0,0.0,2,0,8.0,13.714,8.0,0.429
277103612,,,양노교차로(미정차),126.875717,37.223083,다사4413,비봉면,0.0,0.0,2,0,8.0,13.714,8.0,0.429
277103617,,,정남IC(미정차),126.9705,37.185033,다사5309,정남면,0.0,0.0,0,0,0.0,0.0,0.0,0.0
277103618,,,정남IC(미정차),126.971033,37.184867,다사5309,정남면,0.0,0.0,0,0,0.0,0.0,0.0,0.0
277102091,,,장덕동(미정차),126.8182,37.167667,다사3907,남양읍,0.0,0.0,2,0,6.4,16.0,6.4,0.0
277102247,,,기흥동탄IC(미정차),127.097283,37.21625,다사6412,동탄5동,0.0,0.0,0,0,0.0,0.0,0.0,0.0
277103853,,,송산마도IC(미정차),126.759633,37.2099,다사3412,마도면,0.0,0.0,0,0,0.0,0.0,0.0,0.0
277103854,,,송산마도IC(미정차),126.759967,37.209383,다사3412,마도면,0.0,0.0,0,0,0.0,0.0,0.0,0.0
277103887,,,조암IC(미정차),126.818267,37.118633,다사3902,우정읍,0.0,0.0,0,0,0.0,0.0,0.0,0.0
277103888,,,조암IC(미정차),126.818867,37.118417,다사3902,우정읍,0.0,0.0,0,0,0.0,0.0,0.0,0.0
277102349,,,궁평리(미정차),126.68825,37.109017,다사2802,서신면,0.0,0.0,1,0,1.0,2.667,1.0,0.0
277102350,,,궁평리(미정차),126.70105,37.099033,다사2802,서신면,0.0,0.0,1,0,1.0,2.667,1.0,0.0
277102351,,,매향리(미정차),126.717517,37.0861,다사3100,우정읍,0.0,0.0,1,0,1.0,2.667,1.0,0.0
277102383,,,덕리(미정차),126.935833,37.16995,다사4908,봉담읍,0.0,0.0,0,0,0.0,0.0,0.0,0.0
277103991,,,호수공원아이파크(미정차),127.1069,37.165533,다사6507,동탄8동,0.0,0.0,4,0,37.846,36.185,37.846,4.877
277103992,,,호수공원미래체험관(미정차),127.106917,37.168317,다사6507,동탄8동,0.0,0.0,4,0,37.846,36.185,37.846,4.877
277103993,,,A74블럭(미정차),127.115,37.1659,다사6507,동탄8동,0.0,0.0,4,0,30.0,32.0,30.0,3.333
277104031,,,향남TG(미정차),126.99555,37.126483,다사5503,정남면,0.0,0.0,0,0,0.0,0.0,0.0,0.0
277104032,,,향남TG(미정차),126.996,37.12645,다사5503,정남면,0.0,0.0,0,0,0.0,0.0,0.0,0.0
277104151,,,양감교차로(미정차),126.920417,37.076467,다바4897,양감면,0.0,0.0,0,0,0.0,0.0,0.0,0.0
277104152,,,향남교차로(미정차),126.92655,37.111617,다사4901,향남읍,0.0,0.0,0,0,0.0,0.0,0.0,0.0
277104153,,,가재교차로(미정차),126.922567,37.148833,다사4805,팔탄면,0.0,0.0,0,0,0.0,0.0,0.0,0.0
277104154,,,가재교차로(미정차),126.921817,37.148933,다사4805,팔탄면,0.0,0.0,0,0,0.0,0.0,0.0,0.0
277104155,,,향남교차로(미정차),126.926233,37.111717,다사4901,향남읍,0.0,0.0,0,0,0.0,0.0,0.0,0.0
277104156,,,양감교차로(미정차),126.920017,37.076567,다바4897,양감면,0.0,0.0,0,0,0.0,0.0,0.0,0.0
277102393,,,발안리(미정차),126.906333,37.131317,다사4703,향남읍,0.0,0.0,0,0,0.0,0.0,0.0,0.0
277102431,,,가람아파트(미정차),126.908583,37.13665,다사4704,향남읍,0.0,0.0,0,0,0.0,0.0,0.0,0.0
277102459,,,현대기아연구소(미정차),126.844683,37.163967,다사4107,남양읍,0.0,0.0,2,0,9.0,20.0,9.0,1.417
277102501,,,봉담IC교차로(미정차),126.956883,37.229633,다사5114,봉담읍,0.0,0.0,5,0,6.4,12.686,6.4,0.133
277104289,,,도이교차로(미정차),126.930467,37.134783,다사4904,향남읍,0.0,0.0,0,0,0.0,0.0,0.0,0.0
277104291,,,도이교차로(미정차),126.93115,37.135133,다사4904,향남읍,0.0,0.0,0,0,0.0,0.0,0.0,0.0
277104304,,,수기교차로(미정차),126.970917,37.198567,다사5311,봉담읍,0.0,0.0,0,0,0.0,0.0,0.0,0.0
277104305,,,차고지도착(미정차),126.838883,37.203067,다사4111,남양읍,0.0,0.0,2,0,2.857,8.014,3.714,0.261
277104306,,,양노IC(미정차),126.8612,37.232617,다사4315,비봉면,0.0,0.0,3,0,13.0,32.0,13.0,0.75
277104307,,,양노IC(미정차),126.861467,37.233717,다사4315,비봉면,0.0,0.0,3,0,13.0,32.0,13.0,0.75
277104308,,,백학IC(미정차),126.87945,37.231483,다사4414,비봉면,0.0,0.0,3,0,13.0,32.0,13.0,0.75
277104309,,,백학IC(미정차),126.880083,37.231767,다사4514,비봉면,0.0,0.0,3,0,13.0,32.0,13.0,0.75
277104310,,,화성비봉(미정차),126.904433,37.232583,다사4715,비봉면,0.0,0.0,3,0,13.0,32.0,13.0,0.75
277104311,,,화성비봉(미정차),126.904217,37.232867,다사4715,비봉면,0.0,0.0,3,0,13.0,32.0,13.0,0.75
277104312,,,샘내IC(미정차),126.936567,37.243283,다사5016,매송면,0.0,0.0,3,0,13.0,32.0,13.0,0.75
277104313,,,샘내IC(미정차),126.9369,37.2438,다사5016,매송면,0.0,0.0,3,0,13.0,32.0,13.0,0.75
277102522,,,새강마을사거리(미정차),127.072417,37.193033,다사6210,동탄2동,0.0,0.0,5,0,84.0,56.356,84.0,7.246
277102544,,,매송TG(미정차),126.889817,37.2816,다사4520,매송면,0.0,0.0,0,0,0.0,0.0,0.0,0.0
277102546,,,매송TG(미정차),126.889817,37.2809,다사4520,매송면,0.0,0.0,0,0,0.0,0.0,0.0,0.0
277102570,,,왕림휴게소(미정차),126.943767,37.2073,다사5012,봉담읍,0.0,0.0,8,0,26.4,46.552,26.4,1.994
277102590,,,수원대학교(미정차),126.9838,37.211567,다사5412,화산동,0.0,0.0,5,0,17.05,36.0,16.8,4.833
277102612,,,양감IC(미정차),126.994367,37.0982,다사5400,양감면,0.0,0.0,0,0,0.0,0.0,0.0,0.0
