시군명,정류소명,정류소영문명,정류소id,정류소번호,중앙차로여부,관할관청,위치,WGS84위도,WGS84경도
화성시,3M,3M,233001796,37843.0,노변정류장,경기도 화성시,경기도 화성시 장안면,37.1083167,126.8393667
화성시,51사단,51st Division ,233000845,37291.0,노변정류장,경기도 화성시,경기도 화성시 매송면,37.2509667,126.9208667
화성시,51사단,51st Division ,233000717,37290.0,노변정류장,경기도 화성시,경기도 화성시 매송면,37.2508667,126.9209
화성시,A100,,233003135,55531.0,,,,37.16005,127.1200167
화성시,A44,Dongtan New Town 2 Block A 66,233003044,,노변정류장,경기도 화성시,,37.1901833,127.12455
화성시,A73.업무복합,,233003128,55524.0,,,,37.1668,127.10695
화성시,A78블럭.부영A75블럭,,233001710,55501.0,,,,37.1672167,127.1173667
화성시,A87.A91,,233003137,55533.0,,,,37.16465,127.1065333
화성시,A89.A90,,233003126,55522.0,,,,37.1610167,127.1048
화성시,A90,,233003131,55527.0,,,,37.1591667,127.10605
화성시,A90.A89,,233003132,55528.0,,,,37.1609833,127.10525
화성시,A91.A87,,233003127,55523.0,,,,37.1639,127.1068833
화성시,A95,,233003130,55526.0,,,,37.1574833,127.1092833
화성시,A97,,233003129,55525.0,,,,37.1572333,127.1125167
화성시,A98,,233003133,55529.0,,,,37.1619167,127.1162167
화성시,A99,,233003134,55530.0,,,,37.1613167,127.1194667
화성시,DM디스플레이,DM Display,233002115,55091.0,노변정류장,경기도 화성시,경기도 화성시 동탄면,37.16415,127.08765
화성시,DM디스플레이,DM Display ,233002116,55092.0,노변정류장,경기도 화성시,경기도 화성시 동탄면,37.1656167,127.08775
화성시,DS.LCD,DS.LCD,233000987,37598.0,노변정류장,경기도 화성시,경기도 화성시 동탄면,37.1681833,127.0786167
화성시,IT단지(중),IT Complex ,233001978,37954.0,중앙차로 정류장,경기도 화성시,경기도 화성시 석우동,37.2247167,127.0741833
화성시,IT단지(중),IT Complex ,233001310,36683.0,중앙차로 정류장,경기도 화성시,경기도 화성시 석우동,37.2252667,127.0734833
화성시,KCC스위첸,KCC Switzen Apartment ,233002424,55300.0,노변정류장,경기도 화성시,경기도 화성시 동탄면,37.2027,127.12265
화성시,KCC스위첸,KCC Switzen Apartment ,233002425,55301.0,노변정류장,경기도 화성시,경기도 화성시 동탄면,37.2025,127.1222167
화성시,KCC스위첸,KCC Switzen Apartment ,233002427,55303.0,노변정류장,경기도 화성시,경기도 화성시 동탄면,37.2012,127.1189667
화성시,KEB하나은행발안지점,Baran KEB Hana Bank,233001934,37940.0,노변정류장,경기도 화성시,경기도 화성시 향남읍,37.1333667,126.9107833
화성시,LG자이.진안중학교,"LG Xi Apartment, Jinan Middle School",233002681,,노변정류장,경기도 화성시,,37.21765,127.03655
화성시,LG자이.진안중학교,"LG Xi Apartment, Jinan Middle School",233002680,,노변정류장,경기도 화성시,,37.2177,127.0363
화성시,LH65블럭.하우스디더레이크.나래학교,LH65.66,233000997,36494.0,노변정류장,경기도 화성시,,37.1760167,127.1051833
화성시,SK매직.우림그린빌리지,"SK Magic, Woolim Green Village",233000589,36174.0,노변정류장,경기도 화성시,,37.2247833,126.97205
화성시,SK뷰2차아파트,Gisan 2-tong Community Center,233002035,55011.0,노변정류장,경기도 화성시,경기도 화성시 기산동,37.2165167,127.0519333
화성시,SK뷰2차아파트,Gisan 2-tong Community Center,233002034,55015.0,노변정류장,경기도 화성시,경기도 화성시 기산동,37.2164167,127.0517
화성시,SK뷰2차아파트,"Gisan -ri, Neung 1-ri",233000105,36388.0,노변정류장,경기도 화성시,경기도 화성시 기산동,37.2162833,127.0551
화성시,SK뷰파크,SKVIEW Park ,233002555,36402.0,노변정류장,경기도 화성시,,37.2216167,127.0575667
화성시,가골입구앞,Gagol,233001314,36712.0,노변정류장,경기도 화성시,경기도 화성시 비봉면,37.2022333,126.8911167
화성시,가시리마을,Gasiri Maeul ,233003071,,노변정류장,경기도 화성시,,37.2406333,126.8025667
화성시,가시리마을,Gasiri Maeul ,233002588,,노변정류장,경기도 화성시,,37.2405333,126.8027667
화성시,가재1리입구.자연샘,"Gajae 1-ri, Jayeonsaem ",233000820,36764.0,노변정류장,경기도 화성시,경기도 화성시 팔탄면,37.1454,126.9194667
화성시,가재1리입구.자연샘,"Gajae 1-ri, Jayeonsaem ",233002212,55133.0,노변정류장,경기도 화성시,경기도 화성시 팔탄면,37.1452,126.9196667
화성시,가재2리,Gajae 2-ri,233002081,55047.0,노변정류장,경기도 화성시,경기도 화성시 팔탄면,37.15385,126.9326667
화성시,가재2리,Gajae 2-ri,233002082,55048.0,노변정류장,경기도 화성시,경기도 화성시 팔탄면,37.1525,126.9334833
화성시,가재3리.가재3리입구,Gajae 3-ri ,233000821,37296.0,노변정류장,경기도 화성시,경기도 화성시 팔탄면,37.1535833,126.9255167
화성시,가재3리.덕우공단입구,"Gajae 3-ri, Deogu Industrial Complex",233000798,37302.0,노변정류장,경기도 화성시,경기도 화성시 팔탄면,37.1567667,126.92805
화성시,가재3리.덕우공단입구,"Gajae 3-ri, Deogu Industrial Complex",233000822,37301.0,노변정류장,경기도 화성시,경기도 화성시 팔탄면,37.1562833,126.9276333
화성시,가재3리입구.가재4리,"Gajae 3-ri, Gajae 4-ri",233000799,37294.0,노변정류장,경기도 화성시,경기도 화성시 팔탄면,37.15295,126.92525
화성시,가재4리,Gajae 4-ri,233001862,37904.0,노변정류장,경기도 화성시,경기도 화성시 팔탄면,37.14095,126.91595
화성시,가재4리.해병대보급중대,"Gajae 4-ri, Marine Corps Supply Unit",233000819,37282.0,노변정류장,경기도 화성시,경기도 화성시 팔탄면,37.1427833,126.91765
화성시,가재교차로(경유),,277101693,,,,,37.1491167,126.922
화성시,가재교차로(경유),,277101732,,,,,37.149,126.9223
화성시,가톨릭대학교,The Catholic University of Korea Main Gate,233000830,36095.0,노변정류장,경기도 화성시,경기도 화성시 봉담읍,37.1935667,126.9390833
화성시,가톨릭대학교,The Catholic University of Korea,233000791,36097.0,노변정류장,경기도 화성시,경기도 화성시 봉담읍,37.1938833,126.9395
화성시,각골,Gakgol,233002658,37824.0,노변정류장,경기도 화성시,,37.1643333,126.7242333
화성시,각골,Gakgol,233002663,37931.0,노변정류장,경기도 화성시,,37.1642333,126.7242167
화성시,각골입구,Gakgol,233002882,,노변정류장,경기도 화성시,,37.2277667,126.7097833
화성시,각골입구,Gakgol,233002881,,노변정류장,경기도 화성시,,37.2276333,126.7098167
화성시,갈담초교입구,,233517280,,,,,37.1729833,126.9332833
화성시,갈담초교입구,,233518750,,,,,37.1729,126.9335333
화성시,갈목,Galmok ,233001175,36208.0,노변정류장,경기도 화성시,경기도 화성시 양감면,37.08645,126.9794167
화성시,갈천다리,Galcheon Bridge,233000947,37343.0,노변정류장,경기도 화성시,경기도 화성시 향남읍,37.1252333,126.9844667
화성시,갈천다리,Galcheon Bridge,233000033,37342.0,노변정류장,경기도 화성시,경기도 화성시 향남읍,37.12515,126.9844667
화성시,갈천리,Galcheon-ri,233001019,37334.0,노변정류장,경기도 화성시,경기도 화성시 향남읍,37.1248167,126.9769667
화성시,갈천리,Galcheon-ri,233000038,37335.0,노변정류장,경기도 화성시,경기도 화성시 향남읍,37.1248667,126.9769667
화성시,갈천초등학교,Kalchun Elementary School,233000034,37339.0,노변정류장,경기도 화성시,경기도 화성시 향남읍,37.12495,126.9814833
화성시,갈천초등학교,Kalchun Elementary School,233000039,36711.0,노변정류장,경기도 화성시,경기도 화성시 향남읍,37.1251,126.9799667
화성시,감드러지(독정3리),Gamdeureoji (Dokjeong 3-ri),233000936,37147.0,노변정류장,경기도 화성시,경기도 화성시 장안면,37.07745,126.8570333
화성시,감드러지(독정3리),Gamdeureoji (Dokjeong 3-ri),233000505,37148.0,노변정류장,경기도 화성시,경기도 화성시 장안면,37.0774167,126.85685
화성시,개경촌,Gaegyeongchon,233000749,37006.0,노변정류장,경기도 화성시,경기도 화성시 서신면,37.1647167,126.6642833
화성시,개경촌,Gaegyeongchon ,233000871,37007.0,노변정류장,경기도 화성시,경기도 화성시 서신면,37.1648,126.6643333
화성시,개나리공원,Gaenari Park ,233001438,36721.0,노변정류장,경기도 화성시,경기도 화성시 석우동,37.2117,127.06755
화성시,개나리공원,Gaenari Park,233001437,37533.0,노변정류장,경기도 화성시,경기도 화성시 반송동,37.21135,127.0677167
화성시,갯벌민박앞,Gaetbeol Pension ,233003033,,노변정류장,경기도 화성시,,37.1657833,126.6252333
화성시,거문들,Geomundeul,233002134,55160.0,노변정류장,경기도 화성시,경기도 화성시 장안면,37.0893667,126.8299333
화성시,거물마을,Geomul Maeul,233001398,36966.0,노변정류장,경기도 화성시,경기도 화성시 우정읍,37.10185,126.7808333
화성시,거물마을,Geomul Maeul,233001396,36968.0,노변정류장,경기도 화성시,경기도 화성시 우정읍,37.1019167,126.7807667
화성시,경기고속차고지,Gyeonggi Express Bus Garage,233002341,55171.0,노변정류장,경기도 화성시,경기도 화성시 안녕동,37.1976,126.9957
화성시,경기도종합사격장,,233000171,55462.0,,,,37.0926167,126.95695
화성시,경기요양병원,Gyeonggi Rehabilitation Hospital ,233001089,36818.0,노변정류장,경기도 화성시,경기도 화성시 우정읍,37.1151,126.7973833
화성시,경기요양병원,Gyeonggi Rehabilitation Hospital ,233000410,36864.0,노변정류장,경기도 화성시,경기도 화성시 우정읍,37.11505,126.7972667
화성시,경남.반도1차,"Gyeongnam, Bando 1-cha ",233000960,36452.0,노변정류장,경기도 화성시,경기도 화성시 동탄면,37.2034833,127.1107833
화성시,경남아너스빌,Keangnam Honorsville ,233002031,55020.0,노변정류장,경기도 화성시,경기도 화성시 능동,37.2115,127.0555333
화성시,경모목장,Gyeongmo Farm,233000026,36791.0,노변정류장,경기도 화성시,경기도 화성시 양감면,37.0857167,126.9704167
화성시,경모목장,Gyeongmo Farm,233001091,36779.0,노변정류장,경기도 화성시,경기도 화성시 양감면,37.0856,126.9705333
화성시,경신공업사,Gyungsin Auto Service,233001563,37627.0,노변정류장,경기도 화성시,경기도 화성시 우정읍,37.11525,126.8131167
화성시,경신공업사,Gyungsin Auto Service,233001569,37622.0,노변정류장,경기도 화성시,경기도 화성시 우정읍,37.1152667,126.8133
화성시,계룡.영천초,"Kyeryong, Yeongcheon Elementary School",233000131,36812.0,노변정류장,경기도 화성시,경기도 화성시 동탄면,37.2040333,127.10475
화성시,계양2리,Gyeyang 2-ri,233001495,37570.0,노변정류장,경기도 화성시,경기도 화성시 정남면,37.15225,126.9811
화성시,계양리(마을회관),Gyeyang-ri (Community Center),233001347,36970.0,노변정류장,경기도 화성시,경기도 화성시 정남면,37.1453,126.9854
화성시,계양리(마을회관),Gyeyang-ri (Community Center),233001346,37528.0,노변정류장,경기도 화성시,경기도 화성시 정남면,37.1454167,126.9853167
화성시,계향1리,Gyehyang 1-ri ,233000658,36225.0,노변정류장,경기도 화성시,경기도 화성시 정남면,37.1555333,126.9819167
화성시,계향1리,Gyehyang 1-ri,233001129,36223.0,노변정류장,경기도 화성시,경기도 화성시 정남면,37.1553167,126.9817167
화성시,계향2리,Gyehyang 2-ri,233000659,37571.0,노변정류장,경기도 화성시,경기도 화성시 정남면,37.1523833,126.9813333
화성시,계향리,Gyehyang-ri,233001345,36244.0,노변정류장,경기도 화성시,경기도 화성시 정남면,37.1488833,126.9842667
화성시,계향리,Gyehyang-ri,233001344,36242.0,노변정류장,경기도 화성시,경기도 화성시 정남면,37.1488333,126.9842
화성시,계향리입구,Gyehyang-ri ,233001577,36218.0,노변정류장,경기도 화성시,경기도 화성시 정남면,37.1524167,126.9812167
화성시,고모1리,Gomo 1-ri ,233002798,,노변정류장,경기도 화성시,,37.1739167,126.7387
화성시,고모2리,Gomo 2-ri,233002604,,노변정류장,경기도 화성시,,37.1727333,126.7465
화성시,고모교회앞,Gomo Church ,233002799,,노변정류장,경기도 화성시,,37.1772167,126.7361333
화성시,고온리종점,Goon-ri Bus Terminal ,233000481,36920.0,노변정류장,경기도 화성시,경기도 화성시 우정읍,37.0373167,126.7486333
화성시,고온리종점(경유),,277101618,,,,,37.0384,126.7502167
화성시,고잔농원,Gojan Farm,233002661,37867.0,노변정류장,경기도 화성시,,37.07135,126.9133833
화성시,고잔마을,Gojan Maeul ,233002540,36489.0,노변정류장,경기도 화성시,,37.1253167,126.6900167
화성시,고잔마을,Gojan Maeul ,233002547,36498.0,노변정류장,경기도 화성시,,37.1252667,126.6900167
화성시,고정1리.큰한뿌리,"Gojeong 1-ri, Keunhanppuri",233000283,37401.0,노변정류장,경기도 화성시,경기도 화성시 송산면,37.2434833,126.74015
화성시,고정1리.큰한뿌리,"Gojeong 1-ri, Keunhanppuri",233002915,,노변정류장,경기도 화성시,,37.2434333,126.7402333
화성시,고정2리,Gojeong 2-ri,233000285,37096.0,노변정류장,경기도 화성시,경기도 화성시 송산면,37.2485667,126.7458333
화성시,고정2리.고잔,"Gojeong 2-ri, Gojan",233002636,,노변정류장,경기도 화성시,,37.2481333,126.7461167
화성시,고정4리,Gojeong 4-ri,233002523,,노변정류장,경기도 화성시,,37.2395167,126.7386667
화성시,고정4리,Gojeong 4-ri,233000282,37087.0,노변정류장,경기도 화성시,경기도 화성시 송산면,37.2394167,126.7385
화성시,고주리,Goju-ri,233001511,36735.0,노변정류장,경기도 화성시,경기도 화성시 팔탄면,37.1288667,126.88375
화성시,고주리,Goju-ri,233001510,36736.0,노변정류장,경기도 화성시,경기도 화성시 팔탄면,37.1288333,126.8838333
화성시,고주리.동방산업단지,"Goju-ri, Dongbang Industrial Complex",233001523,37413.0,노변정류장,경기도 화성시,경기도 화성시 팔탄면,37.1363667,126.88795
화성시,고주리.동방산업단지,"Goju-ri, Dongbang Industrial Complex",233001571,37624.0,노변정류장,경기도 화성시,경기도 화성시 팔탄면,37.1362167,126.8877667
화성시,고주리마을회관,Goju-ri Community Center,233001509,37425.0,노변정류장,경기도 화성시,경기도 화성시 팔탄면,37.1279667,126.8837167
화성시,고주리마을회관,Goju-ri Community Center,233001508,37426.0,노변정류장,경기도 화성시,경기도 화성시 팔탄면,37.12805,126.8837667
화성시,고주리입구.한국폴리텍대학,"Goju-ri, Korea Polytechnics",233001550,36695.0,노변정류장,경기도 화성시,경기도 화성시 향남읍,37.1218,126.8925
화성시,고주리진입로,Goju-ri,233001512,37601.0,노변정류장,경기도 화성시,경기도 화성시 향남읍,37.1217333,126.8924
화성시,고지리,Goji-ri,233000057,36300.0,노변정류장,경기도 화성시,경기도 화성시 정남면,37.1638,127.0078333
화성시,고지리,Goji-ri,233001308,36284.0,노변정류장,경기도 화성시,경기도 화성시 정남면,37.1629,127.0032167
화성시,고지리,Goji-ri,233000053,36286.0,노변정류장,경기도 화성시,경기도 화성시 정남면,37.1607833,127.0037833
화성시,고지리,Goji-ri,233000043,36285.0,노변정류장,경기도 화성시,경기도 화성시 정남면,37.1631167,127.0033833
화성시,고지리,Goji-ri,233000058,36299.0,노변정류장,경기도 화성시,경기도 화성시 정남면,37.1639333,127.0073833
화성시,고지리,Goji-ri,233001307,36287.0,노변정류장,경기도 화성시,경기도 화성시 정남면,37.1608333,127.0040333
화성시,고포1리,Gopo 1-ri,233001839,37884.0,노변정류장,경기도 화성시,경기도 화성시 송산면,37.2408,126.6673167
화성시,고포1리,Gopo 1-ri,233001478,37010.0,노변정류장,경기도 화성시,경기도 화성시 송산면,37.2408667,126.6672667
화성시,고포2리,Gopo 2-ri,233001477,37019.0,노변정류장,경기도 화성시,경기도 화성시 송산면,37.2367,126.6794667
화성시,고포2리,Gopo 2-ri,233002194,55192.0,노변정류장,경기도 화성시,경기도 화성시 송산면,37.2365167,126.6796333
화성시,고포2리.큰개메기,"Gopo 2-ri, Keungaemegi",233002892,,노변정류장,경기도 화성시,,37.2429667,126.6862167
화성시,고포2리.큰개메기,"Gopo 2-ri, Keungaemegi",233003065,,노변정류장,경기도 화성시,,37.2428833,126.6862167
화성시,고포2리마을회관,Gopo 2-ri Community Center,233002894,,노변정류장,경기도 화성시,,37.23905,126.6840333
화성시,고포2리마을회관,Gopo 2-ri Community Center,233002893,,노변정류장,경기도 화성시,,37.23905,126.68395
화성시,고포3리,Gopo 3-ri,233002196,55194.0,노변정류장,경기도 화성시,경기도 화성시 송산면,37.235,126.6818667
화성시,고포3리,Gopo 3-ri,233002197,55195.0,노변정류장,경기도 화성시,경기도 화성시 송산면,37.2349333,126.6818333
화성시,고포3리.구랫골,"Gopo 3-ri, Goraetgol ",233002896,,노변정류장,경기도 화성시,,37.2302667,126.6789167
화성시,고포3리회관앞,Gopo 3-ri Community Center,233002888,,노변정류장,경기도 화성시,,37.2334,126.6710333
화성시,공공청사부지,Government Complex Site,233000994,36480.0,노변정류장,경기도 화성시,,37.1870167,127.0999667
화성시,공군부대입구,Air Force Camp,233000208,36034.0,노변정류장,경기도 화성시,,37.1957167,126.8317167
화성시,공군부대입구,Air Force Camp,233000190,36036.0,노변정류장,경기도 화성시,,37.1962333,126.8312833
화성시,공단사거리,Gongdan Sageori ,233001588,37633.0,노변정류장,경기도 화성시,경기도 화성시 장안면,37.1068167,126.8419167
화성시,공단입구,Industrial Complex,233001586,37631.0,노변정류장,경기도 화성시,경기도 화성시 장안면,37.1038667,126.8444
화성시,공단입구,Industrial Complex,233001585,37630.0,노변정류장,경기도 화성시,경기도 화성시 장안면,37.1037833,126.8442
화성시,공룡알화석지,Fossilized Dinosaur Egg Site,233002637,,노변정류장,경기도 화성시,,37.2621833,126.7473167
화성시,관리고개,Gwan-ri Gogae,233001020,37310.0,노변정류장,경기도 화성시,경기도 화성시 향남읍,37.1341833,126.94055
화성시,관리고개,Gwan-ri Gogae,233001021,37311.0,노변정류장,경기도 화성시,경기도 화성시 향남읍,37.1338833,126.9404333
화성시,관리마을회관,Gwan-ri Community Center,233001235,36802.0,노변정류장,경기도 화성시,경기도 화성시 향남읍,37.12795,126.9479667
화성시,관리마을회관,Gwan-ri Community Center,233001236,36801.0,노변정류장,경기도 화성시,경기도 화성시 향남읍,37.12795,126.9480167
화성시,관리입구,Gwan-ri,233000634,37318.0,노변정류장,경기도 화성시,경기도 화성시 향남읍,37.1318,126.9476833
화성시,관리입구,Gwan-ri,233000630,37317.0,노변정류장,경기도 화성시,경기도 화성시 향남읍,37.1316,126.94755
화성시,관음사입구,Gwaneumsa,233001406,36718.0,노변정류장,경기도 화성시,경기도 화성시 우정읍,37.1017,126.7973167
화성시,관음사입구,Gwaneumsa,233001400,36720.0,노변정류장,경기도 화성시,경기도 화성시 우정읍,37.1016833,126.79745
화성시,관항2리,Gwanhang 2-ri,233001142,37572.0,노변정류장,경기도 화성시,경기도 화성시 정남면,37.1752333,126.9805667
화성시,관항2리,Gwanhang 2-ri ,233000605,36203.0,노변정류장,경기도 화성시,경기도 화성시 정남면,37.1770167,126.9792
화성시,광도와이드빌.우남그린빌,"Gwangdo Widevill, Woonam Greenville",233000594,36172.0,노변정류장,경기도 화성시,경기도 화성시 기안동,37.2265833,126.9718833
화성시,광산,Gwangsan,233001331,36976.0,노변정류장,경기도 화성시,경기도 화성시 봉담읍,37.2252667,126.93665
화성시,광산,Gwangsan,233001332,37505.0,노변정류장,경기도 화성시,경기도 화성시 봉담읍,37.2253333,126.93675
화성시,광산촌,Gwangsanchon,233001058,36080.0,노변정류장,경기도 화성시,경기도 화성시 봉담읍,37.2193,126.9353167
화성시,광산촌,Gwangsanchon,233001334,36715.0,노변정류장,경기도 화성시,경기도 화성시 봉담읍,37.2264167,126.9286167
화성시,광산촌,Gwangsanchon,233001335,37504.0,노변정류장,경기도 화성시,경기도 화성시 봉담읍,37.22645,126.9285667
화성시,광평리,Gwangpyeong-ri,233000864,37031.0,노변정류장,경기도 화성시,경기도 화성시 서신면,37.1729833,126.6944167
화성시,광평리,Gwangpyeong-ri,233001561,37032.0,노변정류장,경기도 화성시,경기도 화성시 서신면,37.1729833,126.69745
화성시,광평리.고래몰,"Gwangpyeong-ri, Goraemul ",233001907,37937.0,노변정류장,경기도 화성시,경기도 화성시 서신면,37.1789833,126.68965
화성시,광평리.고래몰,"Gwangpyeong-ri, Goraemul ",233001915,37939.0,노변정류장,경기도 화성시,경기도 화성시 서신면,37.1789667,126.68955
화성시,광평삼거리,Gwangpyeong Samgeori,233000754,37564.0,노변정류장,경기도 화성시,경기도 화성시 서신면,37.1748167,126.6889167
화성시,광평삼거리,Gwangpyeong Samgeori ,233000850,37563.0,노변정류장,경기도 화성시,경기도 화성시 서신면,37.17475,126.6889
화성시,광평주유소,Gwangpyeong Gas Station ,233000851,37579.0,노변정류장,경기도 화성시,경기도 화성시 서신면,37.1728,126.6951
화성시,괘랑2리.차운혁충신정려문,"Gwaerang 2-ri, Monument Gate for Cha Unhyeok's Loyalty",233001126,36274.0,노변정류장,경기도 화성시,경기도 화성시 정남면,37.1828333,126.99315
화성시,괘랑2리.차운혁충신정려문,"Gwaerang 2-ri, Monument Gate for Cha Unhyeok's Loyalty",233000650,36275.0,노변정류장,경기도 화성시,경기도 화성시 정남면,37.18275,126.9933
화성시,괘랑리,Gwaerang-ri,233002987,55452.0,노변정류장,경기도 화성시,,37.1721,126.9807
화성시,괘랑리,Gwaerang-ri,233002986,55451.0,노변정류장,경기도 화성시,,37.1713833,126.98075
화성시,구름교차로,,233003116,37893.0,,,,37.1934333,126.6722667
화성시,구름교차로,,233003117,37595.0,,,,37.19365,126.6723667
화성시,구리섬앞,Guriseom,233000857,37562.0,노변정류장,경기도 화성시,경기도 화성시 마도면,37.2087167,126.7646
화성시,구리섬휴게소,Guriseom Rest Area,233000760,37101.0,노변정류장,경기도 화성시,경기도 화성시 마도면,37.2094667,126.76305
화성시,구리섬휴게소,Guriseom Rest Area,233000738,37102.0,노변정류장,경기도 화성시,경기도 화성시 마도면,37.2084833,126.7647
화성시,구문천1리진입로,Gumuncheon 1-ri ,233001535,37459.0,노변정류장,경기도 화성시,경기도 화성시 향남읍,37.0802167,126.8999167
화성시,구문천1리진입로,Gumuncheon 1-ri ,233001536,37458.0,노변정류장,경기도 화성시,경기도 화성시 향남읍,37.0802167,126.8996833
화성시,구문천2리종점,Gumuncheon 2-ri Bus Terminal ,233002797,,노변정류장,경기도 화성시,,37.0764,126.9067333
화성시,구문천3리,Gumuncheon 3-ri,233001541,37457.0,노변정류장,경기도 화성시,경기도 화성시 향남읍,37.07,126.8910333
화성시,구문천4리입구,Gumuncheon 4-ri ,233002993,,노변정류장,경기도 화성시,,37.08995,126.8912333
화성시,구문천4리입구,Gumuncheon 4-ri ,233002994,,노변정류장,경기도 화성시,,37.09005,126.8912667
화성시,구문천4리종점,Gumuncheon 4-ri Bus Terminal ,233002995,,노변정류장,경기도 화성시,,37.0883167,126.8962333
화성시,구문천5리(회차),Gumuncheon 5-ri,233001793,37814.0,노변정류장,경기도 화성시,경기도 화성시 향남읍,37.0755333,126.8898
화성시,구문천공원,Gumuncheon Park,233001761,37812.0,노변정류장,경기도 화성시,경기도 화성시 향남읍,37.0866167,126.9048167
화성시,구문천공원,Gumuncheon Park,233001767,37817.0,노변정류장,경기도 화성시,경기도 화성시 향남읍,37.0863167,126.9047
화성시,구문천리,Gumuncheon-ri,233000812,36758.0,노변정류장,경기도 화성시,경기도 화성시 향남읍,37.0873833,126.91045
화성시,구문천리,Gumuncheon-ri ,233000806,37469.0,노변정류장,경기도 화성시,경기도 화성시 향남읍,37.0875333,126.91095
화성시,구문천리.돌래,"Gumuncheon-ri, Dolrae",233002517,55071.0,,경기도 화성시,,37.07915,126.9133333
화성시,구문천리.돌래,"Gumuncheon-ri, Dolrae",233002518,55072.0,,경기도 화성시,,37.0792667,126.9131167
화성시,구문천삼거리,Gumuncheon Samgeori ,233001764,37815.0,노변정류장,경기도 화성시,경기도 화성시 향남읍,37.0758667,126.89585
화성시,구문천삼거리,Gumuncheon Samgeori,233001537,36734.0,노변정류장,경기도 화성시,경기도 화성시 향남읍,37.07605,126.8959833
화성시,구문천삼거리,Gumuncheon Samgeori ,233001538,36733.0,노변정류장,경기도 화성시,경기도 화성시 향남읍,37.076,126.89605
화성시,구봉산근린공원,Gubongsan Neighborhood Park,233001627,37685.0,노변정류장,경기도 화성시,경기도 화성시 병점동,37.20365,127.04445
화성시,구봉산근린공원,Gubongsan Neighborhood Park,233001621,37683.0,노변정류장,경기도 화성시,경기도 화성시 병점동,37.2036167,127.0442167
화성시,구장1리,Gujang 1-ri,233002564,36806.0,노변정류장,경기도 화성시,,37.1545,126.8950833
화성시,구장1리,Gujang 1-ri,233002618,36931.0,노변정류장,경기도 화성시,,37.1546167,126.8951333
화성시,구장1리,Gujang 1-ri,233000545,36907.0,노변정류장,경기도 화성시,경기도 화성시 팔탄면,37.1555667,126.8991167
화성시,구장1리(새터말.율암리),"Gujang 1-ri (Saeteomal, Yuram-ri)",233000923,36803.0,노변정류장,경기도 화성시,경기도 화성시 팔탄면,37.1553167,126.8989167
화성시,구장2리,,233525740,,,,,37.1608,126.9080333
화성시,구장리(경유),,277101956,,,,,37.1642333,126.9003
화성시,구장리새터말입구,Gujang-ri Saeteomal ,233001557,37241.0,노변정류장,경기도 화성시,,37.1540833,126.8992333
화성시,구장리새터말입구,Gujang-ri Saeteomal ,233002351,55256.0,노변정류장,경기도 화성시,,37.1534167,126.8990667
화성시,구장사거리.공구상가,"Gujang Sageori, Industrial Tools Complex ",233001033,37473.0,노변정류장,경기도 화성시,경기도 화성시 팔탄면,37.1687333,126.8927
화성시,구장사거리.공구상가,"Gujang Sageori, Industrial Tools Complex ",233001032,37223.0,노변정류장,경기도 화성시,경기도 화성시 팔탄면,37.1690833,126.8924167
화성시,구장사거리앞,Gujang Sageori ,233002052,55003.0,노변정류장,경기도 화성시,경기도 화성시 팔탄면,37.16975,126.89335
화성시,구장사거리앞,Gujang Sageori,233002051,55012.0,노변정류장,경기도 화성시,경기도 화성시 팔탄면,37.1698667,126.8930167
화성시,구장삼거리,Gujang Samgeori,233001031,37228.0,노변정류장,경기도 화성시,경기도 화성시 팔탄면,37.1679833,126.8959167
화성시,구장삼거리,Gujang Samgeori,233001030,37229.0,노변정류장,경기도 화성시,경기도 화성시 팔탄면,37.1680167,126.8960167
화성시,구종점,Former) Bus Terminal ,233002961,,노변정류장,경기도 화성시,,37.1329667,126.9057
화성시,구포3리,Gupo 3-ri ,233000780,37612.0,노변정류장,경기도 화성시,경기도 화성시 비봉면,37.24825,126.8920667
화성시,구포리,Gupo-ri ,233000873,37175.0,노변정류장,경기도 화성시,경기도 화성시 비봉면,37.25005,126.87225
화성시,구포리,Gupo-ri,233000538,37176.0,노변정류장,경기도 화성시,경기도 화성시 비봉면,37.2500333,126.87235
화성시,구포리과수원,Gupo-ri Orchard,233000779,37207.0,노변정류장,경기도 화성시,경기도 화성시 비봉면,37.24005,126.8821
화성시,구포리과수원,Gupo-ri Orchard,233000720,37200.0,노변정류장,경기도 화성시,경기도 화성시 비봉면,37.2394,126.8805167
화성시,국립축산과학원,National Institute of Animal Science,233000592,36152.0,노변정류장,경기도 화성시,경기도 수원시 권선구 오목천동,37.2361167,126.9658667
화성시,국민체육센터,Sports Center,233002217,55139.0,노변정류장,경기도 화성시,경기도 화성시 봉담읍,37.22125,126.9520833
화성시,국민체육센터,Sports Center,233002218,55140.0,노변정류장,경기도 화성시,경기도 화성시 봉담읍,37.2214,126.9522167
화성시,국제식품.재활원,"Kukje Food, Rehabilitation Center",233000957,36426.0,노변정류장,경기도 화성시,경기도 화성시 반송동,37.18565,127.0831
화성시,국제식품.재활원,"Kukje Food, Rehabilitation Center",233000958,36427.0,노변정류장,경기도 화성시,경기도 화성시 반송동,37.1858833,127.0831
화성시,굴다리입구,Guldari,233002779,,노변정류장,경기도 화성시,,37.15195,126.8778833
화성시,굴다리입구,Guldari ,233002778,,노변정류장,경기도 화성시,,37.15205,126.8778833
화성시,궁평1교차로(경유),,277101997,,,,,37.1183333,126.6892167
화성시,궁평2리.해운초등학교,"Gungpyeong 2-ri, Haun Elementary School",233000882,36765.0,노변정류장,경기도 화성시,경기도 화성시 서신면,37.13885,126.7022667
화성시,궁평교회,Gungpyeong Church ,233000883,37482.0,노변정류장,경기도 화성시,경기도 화성시 서신면,37.13555,126.6986
화성시,궁평교회,Gungpyeong Church,233000325,36839.0,노변정류장,경기도 화성시,경기도 화성시 서신면,37.1354667,126.6987667
화성시,궁평보건지소,Gungpyeong Public Health Center,233002240,55138.0,노변정류장,경기도 화성시,경기도 화성시 서신면,37.1433167,126.70205
화성시,궁평보건지소,Pungpyeong Public Health Center,233002239,55210.0,노변정류장,경기도 화성시,경기도 화성시 서신면,37.1425667,126.70215
화성시,궁평유원지종점,Gungpyeong Park Bus Terminal ,233002601,,노변정류장,경기도 화성시,,37.1267833,126.6842167
화성시,궁평항,Gungpyeonghang Port ,233000330,37022.0,노변정류장,경기도 화성시,경기도 화성시 서신면,37.1167833,126.68435
화성시,궁평항(회차),Gungpyeonghang Port,233001799,37837.0,노변정류장,경기도 화성시,경기도 화성시 서신면,37.1153,126.6837167
화성시,궁평해수욕장,Gungpyeong Beach,233001256,37026.0,노변정류장,경기도 화성시,경기도 화성시 서신면,37.12405,126.6913
화성시,궁평해수욕장,Gungpyeong Beach,233001255,37025.0,노변정류장,경기도 화성시,경기도 화성시 서신면,37.1240833,126.6911
화성시,귀래리,Gwirae-ri,233001171,37483.0,노변정류장,경기도 화성시,경기도 화성시 정남면,37.1387,126.9896167
화성시,귀래산업단지,Gwirae Industrial Complex ,233002384,55261.0,노변정류장,경기도 화성시,경기도 화성시 향남읍,37.1332333,126.98185
화성시,귀래산업단지,Gwirae Industrial Complex ,233002385,55262.0,노변정류장,경기도 화성시,경기도 화성시 향남읍,37.13325,126.9821333
화성시,그린빌라.롤링힐스,"Green Villa, Rolling Hills",233002131,55105.0,노변정류장,경기도 화성시,,37.18955,126.8420667
화성시,그린빌라.롤링힐스,"Green Villa, Rolling Hills",233002130,55104.0,노변정류장,경기도 화성시,,37.1898833,126.8413667
화성시,그린팬션,Green Pension ,233003030,,노변정류장,경기도 화성시,,37.1669667,126.6187667
화성시,그린피아호텔,Greenpia Hotel,233000609,36229.0,노변정류장,경기도 화성시,경기도 화성시 봉담읍,37.2035167,126.98285
화성시,그린피아호텔,Greenpia Hotel ,233000608,36228.0,노변정류장,경기도 화성시,경기도 화성시 봉담읍,37.2034333,126.9827833
화성시,근영심포니아파트,Kunyoung Symphonia Apartment ,233000938,37915.0,노변정류장,경기도 화성시,경기도 화성시 정남면,37.1334333,127.0269
화성시,금강.센트럴힐즈,"Geumgang, Central Hills",233000124,55400.0,노변정류장,경기도 화성시,경기도 화성시 동탄면,37.1814667,127.1090167
화성시,금강아파트,Geumgang Apartment ,233001161,36787.0,노변정류장,경기도 화성시,경기도 화성시 장안면,37.08115,126.8103667
화성시,금강아파트,Geumgang Apartment ,233002921,,노변정류장,경기도 화성시,,37.2104,126.80255
화성시,금강팬테리움,,233003149,55545.0,,,,37.2838,126.8219833
화성시,금강팬테리움2차,Dongtan New Town 2 Block A 65,233003046,,노변정류장,경기도 화성시,,37.1773667,127.1145167
화성시,금강팬테리움2차,Dongtan New Town 2 Block A 65,233003047,,노변정류장,경기도 화성시,,37.1770833,127.1145
화성시,금강포란재아파트정문,Geumgang Poranjae Apartment Main Gate,233000151,36430.0,노변정류장,경기도 화성시,,37.18695,126.855
화성시,금곡1리,Geumgok 1-ri ,233000153,36420.0,노변정류장,경기도 화성시,경기도 화성시 동탄면,37.1714333,127.0789667
화성시,금곡1리,Geumgok 1-ri,233000986,36419.0,노변정류장,경기도 화성시,경기도 화성시 동탄면,37.1714667,127.0790833
화성시,금곡2리,Geumgok 2-ri ,233000155,36410.0,노변정류장,경기도 화성시,경기도 화성시 동탄면,37.1835833,127.0781333
화성시,금곡2리,Geumgok 2-ri ,233000956,36412.0,노변정류장,경기도 화성시,경기도 화성시 동탄면,37.1836167,127.0780333
화성시,금곡동,Geumgok-dong,233000152,37597.0,노변정류장,경기도 화성시,경기도 화성시 동탄면,37.1683833,127.07835
화성시,금광포란재아파트,Geumgwang Poranjae Apartment ,233000192,36050.0,노변정류장,경기도 화성시,,37.1833667,126.85505
화성시,금광포란재아파트,Geumgang Poranjae Apartment ,233000206,36051.0,노변정류장,경기도 화성시,,37.1833333,126.8555833
화성시,금당1리.소곡,"Geumdang 1-ri, Sogok ",233002627,,노변정류장,경기도 화성시,,37.1896,126.7423167
화성시,금당1리마을회관,Geumdang 1-ri Community Center,233002598,,노변정류장,경기도 화성시,,37.1917667,126.7425333
화성시,금당1리마을회관,Geumdang 1-ri Community Center,233002596,55456.0,노변정류장,경기도 화성시,,37.1918,126.74245
화성시,금당2리,Geumdang 2-ri ,233002804,,노변정류장,경기도 화성시,,37.1895167,126.7468
화성시,금당2리,Geumdang 2-ri,233002805,,노변정류장,경기도 화성시,,37.1895833,126.7467833
화성시,금당2리종점,Geumdang 2-ri Bus Terminal ,233002801,,노변정류장,경기도 화성시,,37.1872833,126.7429833
화성시,금당공단앞,Geumdang Industrial Complex,233002806,,노변정류장,경기도 화성시,,37.1894333,126.75025
화성시,금당공단앞,Geumdang Industrial Complex,233002807,,노변정류장,경기도 화성시,,37.1894833,126.7503667
화성시,금당리회관,Geumdang-ri Community Center ,233003001,,노변정류장,경기도 화성시,,37.1837833,126.7471167
화성시,금복리,Geumbok-ri,233001137,36297.0,노변정류장,경기도 화성시,경기도 화성시 정남면,37.1534667,127.0065333
화성시,금복리,Geumbok-ri,233000052,36296.0,노변정류장,경기도 화성시,경기도 화성시 정남면,37.1532333,127.0063833
화성시,금산사입구,Geumsansa,233000529,37208.0,노변정류장,경기도 화성시,경기도 화성시 팔탄면,37.19,126.88315
화성시,금산사입구,Geumsansa,233000542,37209.0,노변정류장,경기도 화성시,경기도 화성시 팔탄면,37.1899,126.88335
화성시,금성백조.영천유,Geumseong Baekjo Apt,233002434,55292.0,노변정류장,경기도 화성시,경기도 화성시 동탄면,37.2034167,127.1074167
화성시,금의1리,Geumui 1-ri,233002611,36848.0,,경기도 화성시,,37.10025,126.8392
화성시,금의1리복지회관,Geumui 1-ri Welfare Center,233001797,37844.0,노변정류장,경기도 화성시,경기도 화성시 장안면,37.1077833,126.823
화성시,금의1리입구,Geumui 1-ri,233000398,36870.0,노변정류장,경기도 화성시,경기도 화성시 장안면,37.1002167,126.8393167
화성시,금의2리,Geumui 2-ri,233000456,37439.0,노변정류장,경기도 화성시,경기도 화성시 우정읍,37.1166167,126.81645
화성시,금의2리,Geumui 2-ri,233001401,36965.0,노변정류장,경기도 화성시,경기도 화성시 장안면,37.11655,126.8164167
화성시,금의3리,Geumui 3-ri ,233000458,36887.0,노변정류장,경기도 화성시,경기도 화성시 우정읍,37.1179833,126.8288833
화성시,금의3리,Geumui 3-ri ,233000450,36893.0,노변정류장,경기도 화성시,경기도 화성시 장안면,37.11715,126.8278
화성시,금호어울림,Geumho Eoullim Apartment,233001676,37741.0,노변정류장,경기도 화성시,경기도 화성시 반송동,37.20655,127.0664833
화성시,기배동주민센터,Gibae-dong Community Center,233002725,,노변정류장,경기도 화성시,,37.2241667,126.9832
화성시,기배동주민센터,Gibae-dong Community Center,233002726,,노변정류장,경기도 화성시,,37.224,126.98315
화성시,기배동주민센터,,233531630,,,,,37.2238667,126.9839667
화성시,기배동주민센터,,233531820,,,,,37.2236833,126.9840333
화성시,기산베스트빌,Gisan Bestville,233000369,36838.0,노변정류장,경기도 화성시,,37.1952167,126.8223
화성시,기산베스트빌,Gisan Bestville,233000187,36805.0,노변정류장,경기도 화성시,,37.19545,126.8226167
화성시,기산삼거리,Gisan Samgeori ,233002036,55010.0,노변정류장,경기도 화성시,경기도 화성시 기산동,37.2262333,127.0472333
화성시,기산삼거리,Gisan Samgeori,233002037,55009.0,노변정류장,경기도 화성시,경기도 화성시 반월동,37.2263167,127.0474333
화성시,기산아파트입구,,233519590,,,,,37.1755,126.9352333
화성시,기산아파트입구,,233514140,,,,,37.17505,126.9352667
화성시,기아2차아파트앞,Kia Apartment 2-cha,233001057,36824.0,노변정류장,경기도 화성시,경기도 화성시 우정읍,37.06045,126.79305
화성시,기아2차아파트앞,Kia Apartment 2-cha,233002268,55143.0,노변정류장,경기도 화성시,경기도 화성시 우정읍,37.0604667,126.7929
화성시,기아생활관,Kia Dormitory ,233000477,36904.0,노변정류장,경기도 화성시,경기도 화성시 우정읍,37.0643167,126.7958667
화성시,기아생활관,Kia Dormitory ,233000485,36918.0,노변정류장,경기도 화성시,경기도 화성시 우정읍,37.0643833,126.7956167
화성시,기아후문입구,Kia Motors Back Gate,233001008,36832.0,노변정류장,경기도 화성시,경기도 화성시 우정읍,37.0435167,126.7586
화성시,기아후문입구,Kia Motors Back Gate,233001007,37476.0,노변정류장,경기도 화성시,경기도 화성시 우정읍,37.04385,126.7588333
화성시,기안1통입구,Gian 1-tong,233002716,,노변정류장,경기도 화성시,,37.2257167,126.98595
화성시,기안1통입구,Gian 1-tong,233002959,,노변정류장,경기도 화성시,,37.2256833,126.98625
화성시,기안2통,Gian 2-tong,233002736,,노변정류장,경기도 화성시,,37.2212667,126.9790667
화성시,기안2통,Gian 2-tong,233002735,,노변정류장,경기도 화성시,,37.22125,126.9788333
화성시,기안교차로,Gian Junction ,233002526,,노변정류장,경기도 화성시,,37.2277333,126.9862
화성시,기안교차로,Gian Junction ,233002715,,노변정류장,경기도 화성시,,37.2272,126.98705
화성시,기안말앞,Gianmal,233002713,,노변정류장,경기도 화성시,,37.2295,126.9881167
화성시,기안말앞,Gianmal ,233002714,,노변정류장,경기도 화성시,,37.2293333,126.9882333
화성시,기안성당,Gian Catholic Church ,233002732,,노변정류장,경기도 화성시,,37.2243,126.9783
화성시,기안성당,Gian Catholic Church ,233002731,,노변정류장,경기도 화성시,,37.2242667,126.97815
화성시,기안중학교,Gian Middle School ,233002729,,노변정류장,경기도 화성시,,37.2246833,126.9767833
화성시,기안중학교,Gian Middle School ,233002730,,노변정류장,경기도 화성시,,37.2246167,126.9765167
화성시,기업은행,IBK Bank,233001046,36018.0,노변정류장,경기도 화성시,,37.2081667,126.81885
화성시,기업은행,IBK Bank,233000210,37567.0,노변정류장,경기도 화성시,,37.2071833,126.8197333
화성시,기천1리,Gicheon 1-ri,233002845,,노변정류장,경기도 화성시,,37.1774167,126.90915
화성시,기천1리,Gicheon 1-ri,233002847,,노변정류장,경기도 화성시,,37.1774167,126.9092167
화성시,기천1리입구,Gicheon 1-ri ,233002071,55039.0,노변정류장,경기도 화성시,경기도 화성시 팔탄면,37.17655,126.90735
화성시,기천1리입구,Gicheon 1-ri,233002767,,노변정류장,경기도 화성시,,37.1765333,126.90725
화성시,기천3리,Gicheon 3-ri ,233002177,55276.0,노변정류장,경기도 화성시,경기도 화성시 팔탄면,37.1917333,126.9095667
화성시,기천3리,Gicheon 3-ri ,233002769,,노변정류장,경기도 화성시,,37.1884333,126.9083333
화성시,기천3리,Gicheon 3-ri ,233002175,55275.0,노변정류장,경기도 화성시,경기도 화성시 팔탄면,37.1884,126.9084167
화성시,기천3리종점,Gicheon 3-ri Bus Terminal ,233002962,,노변정류장,경기도 화성시,,37.1918,126.9092833
화성시,기천저수지,Gicheon Reservoir ,233000553,37247.0,노변정류장,경기도 화성시,경기도 화성시 봉담읍,37.1936833,126.9009333
화성시,기천저수지,Gicheon Reservoir,233000910,37249.0,노변정류장,경기도 화성시,경기도 화성시 봉담읍,37.19375,126.9008833
화성시,기천편의점할인마트앞,"Gicheon Convenience Store, Discount Mart",233002765,,노변정류장,경기도 화성시,,37.17235,126.9028167
화성시,기천편의점할인마트앞,"Gicheon Convenience Store, Discount Mart",233002766,,노변정류장,경기도 화성시,,37.17205,126.9022833
화성시,기흥동탄IC(경유),,277101636,,,,,37.2166167,127.0969833
화성시,기흥동탄IC(경유),,277102247,,,,,37.21625,127.0972833
화성시,기흥동탄TG(경유),,277101884,,,,,37.2169833,127.0917
화성시,기흥동탄TG(경유),,277101908,,,,,37.21655,127.0915667
화성시,길목,Gilmok,233001186,36207.0,노변정류장,경기도 화성시,경기도 화성시 양감면,37.0864167,126.97935
화성시,길성리,Gilseong-ri,233000035,37332.0,노변정류장,경기도 화성시,경기도 화성시 향남읍,37.1248167,126.9739833
화성시,길성리,Gilseong-ri,233001324,37376.0,노변정류장,경기도 화성시,경기도 화성시 향남읍,37.1215667,126.9620833
화성시,길성리,Gilseong-ri,233000037,37333.0,노변정류장,경기도 화성시,경기도 화성시 향남읍,37.12485,126.97415
화성시,까치고개,Kkachi Gogae,233000016,36202.0,노변정류장,경기도 화성시,경기도 화성시 양감면,37.115,126.97885
화성시,까치고개,Kkachi Gogae,233001082,36201.0,노변정류장,경기도 화성시,경기도 화성시 양감면,37.1150667,126.9787667
화성시,꽃가마약수터,Kkotgama Mineral Spring,233001323,36943.0,노변정류장,경기도 화성시,경기도 화성시 동탄면,37.1589,127.09875
화성시,꽃가마약수터,Kkotgama Mineral Spring,233000166,36810.0,노변정류장,경기도 화성시,경기도 화성시 동탄면,37.1591,127.09935
화성시,꽃밭,Flower Garden ,233000510,37157.0,노변정류장,경기도 화성시,경기도 화성시 장안면,37.0931,126.8619
화성시,꽃밭,Flower Garden ,233000509,37158.0,노변정류장,경기도 화성시,경기도 화성시 장안면,37.0929667,126.8618833
화성시,나래울,Naraeul,233002146,55102.0,노변정류장,경기도 화성시,경기도 화성시 능동,37.2052833,127.05265
화성시,나래울,Naraeul,233002145,55101.0,노변정류장,경기도 화성시,경기도 화성시 능동,37.2052667,127.0524167
화성시,나래학교.LH65블럭.하우스디더레이크,"LH 65, 66",233000162,36493.0,노변정류장,경기도 화성시,경기도 화성시 동탄면,37.1758833,127.10565
화성시,나루고등학교,Naru High School,233001846,37889.0,노변정류장,경기도 화성시,경기도 화성시 반송동,37.188,127.0729
화성시,나루고등학교,Naru High School,233002653,55272.0,노변정류장,경기도 화성시,,37.1868,127.0725833
화성시,나루고등학교,Naru High School,233001847,37890.0,노변정류장,경기도 화성시,경기도 화성시 반송동,37.18815,127.0730833
화성시,나루마을상가,Naru Maeul Shopping Center,233001296,36948.0,노변정류장,경기도 화성시,경기도 화성시 반송동,37.1931167,127.07315
화성시,나은병원,Naeun Hospital ,233002960,,노변정류장,경기도 화성시,,37.1146667,126.87465
화성시,남산공단입구,Namsan Industrial Complex,233000610,36249.0,노변정류장,경기도 화성시,경기도 화성시 봉담읍,37.1992333,126.9844833
화성시,남산공단입구,Namsan Industrial Complex,233002331,55162.0,노변정류장,경기도 화성시,경기도 화성시 안녕동,37.19835,126.9843667
화성시,남산공단입구,Namsan Industrial Complex ,233002332,55163.0,노변정류장,경기도 화성시,경기도 화성시 안녕동,37.1984667,126.9845
화성시,남산공단입구,Namsan Industrial Complex,233000607,36246.0,노변정류장,경기도 화성시,경기도 화성시 봉담읍,37.1989833,126.9843
화성시,남수원현대아파트,Namsuwon Hyundai Apartment,233000582,36308.0,노변정류장,경기도 화성시,,37.2071,127.0106
화성시,남수원현대아파트,Namsuwon Hyundai Apartment,233000603,36307.0,노변정류장,경기도 화성시,경기도 화성시 송산동,37.2076667,127.0105167
화성시,남수원현대후문,Namsuwon Hyundai Back Gate,233002561,,노변정류장,경기도 화성시,,37.2047167,127.01005
화성시,남수원현대후문,Namsuwon Hyundai Back Gate,233002657,,노변정류장,경기도 화성시,,37.2048667,127.0105333
화성시,남양고,,233532780,,,,,37.20595,126.8257667
화성시,남양농협(마을),Namyang Nonghyup,233002660,37865.0,노변정류장,경기도 화성시,,37.2074833,126.8162667
화성시,남양뉴타운,Namyang New Town,233002159,36024.0,노변정류장,경기도 화성시,,37.202,126.82435
화성시,남양뉴타운,Namyang New Town,233000188,36804.0,노변정류장,경기도 화성시,,37.2023333,126.8243333
화성시,남양뉴타운1단지,,233003106,55433.0,,,,37.2087,126.8330667
화성시,남양뉴타운1단지,Namyang Woolim Feel-U Apartment ,233000138,36431.0,노변정류장,경기도 화성시,,37.20875,126.8328
화성시,남양뉴타운4단지,Namyang Woolim Feel-U Apartment ,233001975,36742.0,노변정류장,경기도 화성시,,37.2101,126.83285
화성시,남양뉴타운4단지,,233003107,55434.0,,,,37.2102833,126.8326167
화성시,남양뉴타운9단지,Namyang-eup Community Center,233003024,,노변정류장,경기도 화성시,,37.2096,126.8344333
화성시,남양뉴타운9단지,Namyang-eup Community Center,233003023,,노변정류장,경기도 화성시,,37.20935,126.8350167
화성시,남양도서관,Namyang Library ,233002704,,노변정류장,경기도 화성시,,37.2090333,126.82645
화성시,남양도서관,Namyang Library ,233002705,,노변정류장,경기도 화성시,,37.2091,126.8266667
화성시,남양동광뷰엘,,233003108,55435.0,,,,37.2085167,126.8299667
화성시,남양동광뷰엘,,233003109,55436.0,,,,37.2087167,126.83005
화성시,남양보건소,Namyang Public Health Center,233002171,55116.0,노변정류장,경기도 화성시,,37.2070333,126.81185
화성시,남양보건소,Namyang Public Health Center,233002170,55115.0,노변정류장,경기도 화성시,,37.2069167,126.8118833
화성시,남양사거리,Namyang Sageori,233000768,36021.0,노변정류장,경기도 화성시,,37.2094333,126.8191
화성시,남양사거리,Namyang Sageori,233000730,36019.0,노변정류장,경기도 화성시,,37.2091667,126.8190167
화성시,남양성지,Namyangseongji,233000767,36014.0,노변정류장,경기도 화성시,,37.2076167,126.8160667
화성시,남양성지,Namyang seongji,233000841,36015.0,노변정류장,경기도 화성시,,37.20735,126.8149833
화성시,남양아이파크,Namyang I-Park Apartment,233001503,36738.0,노변정류장,경기도 화성시,,37.2062667,126.8336
화성시,남양아이파크,Namyang I-Park Apartment,233000163,36506.0,노변정류장,경기도 화성시,,37.2053833,126.83345
화성시,남양육리.남양1동,"Namyangyuk-ri, Namyang 1-dong",233000732,36008.0,노변정류장,경기도 화성시,,37.2039,126.8015333
화성시,남양육리.남양1동,"Namyangyuk-ri, Namyang 1-dong",233000765,36007.0,노변정류장,경기도 화성시,,37.2039833,126.8009667
화성시,남양읍주민센터,Namyang-eup Community Center,233000729,36025.0,노변정류장,경기도 화성시,,37.2117667,126.8234167
화성시,남양읍주민센터,Namyang-eup Community Center,233000769,36026.0,노변정류장,경기도 화성시,,37.21195,126.8233667
화성시,남양중고교입구,Namyang Middle & High School,233001749,37774.0,노변정류장,경기도 화성시,,37.20515,126.8210667
화성시,남양중고교입구,Namyang Middle & High School,233001318,36023.0,노변정류장,경기도 화성시,,37.2044333,126.82215
화성시,남양타운,Namyang Town,233002135,55179.0,노변정류장,경기도 화성시,,37.1983833,126.7974
화성시,남양타운,Namyang Town,233002136,55180.0,노변정류장,경기도 화성시,,37.19775,126.7970667
화성시,남전2리종점,Namjeon 2-ri Bus Terminal ,233000215,37128.0,노변정류장,경기도 화성시,경기도 화성시 비봉면,37.2447167,126.8316167
화성시,내리,Nae-ri,233001337,36975.0,노변정류장,경기도 화성시,경기도 화성시 봉담읍,37.2311167,126.9340333
화성시,내리,Nae-ri,233001062,36085.0,노변정류장,경기도 화성시,경기도 화성시 봉담읍,37.2326667,126.9364
화성시,내리,Nae-ri,233001061,37599.0,노변정류장,경기도 화성시,경기도 화성시 봉담읍,37.2249,126.9255167
화성시,내리,Nae-ri,233000056,36320.0,노변정류장,경기도 화성시,경기도 화성시 정남면,37.1620833,127.0186833
화성시,내리교,Naerigyo Bridge,233001063,36745.0,노변정류장,경기도 화성시,경기도 화성시 봉담읍,37.2327,126.9364
화성시,내리교회,Naeri Church ,233001153,36324.0,노변정류장,경기도 화성시,경기도 화성시 정남면,37.1621333,127.0201333
화성시,내리사거리,Naeri Sageori,233001059,36070.0,노변정류장,경기도 화성시,경기도 화성시 봉담읍,37.2272833,126.9309333
화성시,노루물입구,Norumul,233001380,36990.0,노변정류장,경기도 화성시,경기도 화성시 우정읍,37.053,126.7629667
화성시,노루물입구,Norumul,233001377,37388.0,노변정류장,경기도 화성시,경기도 화성시 우정읍,37.0531333,126.7631167
화성시,노루오토코팅,Noroo Auto Coating,233001592,37637.0,노변정류장,경기도 화성시,경기도 화성시 장안면,37.11395,126.8399667
화성시,노작공원,Nojak Park,233002674,,노변정류장,경기도 화성시,,37.20275,127.07395
화성시,노작마을,Nojak Maeul,233001484,37555.0,노변정류장,경기도 화성시,경기도 화성시 반송동,37.1949333,127.08025
화성시,노진2리,Nojin 2-ri ,233001149,37488.0,노변정류장,경기도 화성시,경기도 화성시 장안면,37.0476,126.81285
화성시,노진2리,Nojin 2-ri,233000465,36882.0,노변정류장,경기도 화성시,경기도 화성시 장안면,37.0476167,126.8129667
화성시,노진2리(노인정),Nojin 2-ri Seniors Community Center,233001148,36770.0,노변정류장,경기도 화성시,경기도 화성시 장안면,37.0491167,126.8123833
화성시,노진2리(노인정),Nojin 2-ri Seniors Community Center,233001147,36771.0,노변정류장,경기도 화성시,경기도 화성시 장안면,37.0490167,126.8122667
화성시,노진3리,Nojin 3-ri,233001291,36717.0,노변정류장,경기도 화성시,경기도 화성시 장안면,37.0363,126.8173333
화성시,노진3리,Nojin 3-ri ,233001292,36716.0,노변정류장,경기도 화성시,경기도 화성시 장안면,37.0363333,126.8173333
화성시,노진4리,Nojin 4-ri,233000493,36912.0,노변정류장,경기도 화성시,경기도 화성시 장안면,37.0535333,126.81435
화성시,노진5,Nojin 5-ri,233001150,36769.0,노변정류장,경기도 화성시,경기도 화성시 장안면,37.042,126.8156167
화성시,노진5리,Nojin 5-ri,233000467,37436.0,노변정류장,경기도 화성시,경기도 화성시 장안면,37.0419167,126.8156
화성시,노진리,Nojin-ri ,233000490,37430.0,노변정류장,경기도 화성시,경기도 화성시 장안면,37.0534,126.8145333
화성시,노진리종점,Nojin-ri Bus Terminal ,233000466,36881.0,노변정류장,경기도 화성시,경기도 화성시 장안면,37.03425,126.8193
화성시,노진초등학교,Nojin Elementary School ,233001146,36772.0,노변정류장,경기도 화성시,경기도 화성시 장안면,37.0526167,126.8095667
화성시,노진초등학교,Nojin Elementary School ,233000491,36914.0,노변정류장,경기도 화성시,경기도 화성시 장안면,37.0524667,126.8096333
화성시,노하2리,Noha 2-ri ,233002615,36852.0,노변정류장,경기도 화성시,,37.15765,126.8621
화성시,노하2리,Noha 2-ri,233002619,36930.0,노변정류장,경기도 화성시,,37.1577,126.8621667
화성시,노하3리,Noha 3-ri ,233002616,36851.0,노변정류장,경기도 화성시,,37.1587833,126.8548833
화성시,노하3리,Noha 3-ri ,233002642,37519.0,노변정류장,경기도 화성시,,37.1588667,126.8549333
화성시,노하3리.백미정,"Moha 3-ri, Baekmijeong",233002643,37547.0,노변정류장,경기도 화성시,,37.1568833,126.8517
화성시,노하3리.백미정,"Noha 3-ri, Baekmijeong",233002617,36850.0,노변정류장,경기도 화성시,,37.1568167,126.85175
화성시,노하산업단지,Noha Industrial Complex,233002839,,노변정류장,경기도 화성시,,37.1550333,126.8475833
화성시,노하산업단지,Noha Industrial Complex,233002840,,노변정류장,경기도 화성시,,37.1550333,126.8472333
화성시,노하할인마트,Noha Discount Mart,233002842,,노변정류장,경기도 화성시,,37.1578167,126.8490167
화성시,노하할인마트,Noha Discount Mart,233002841,,노변정류장,경기도 화성시,,37.1578,126.8491667
화성시,노화1리,Nohwa 1-ri ,233002614,36853.0,노변정류장,경기도 화성시,,37.1572,126.8672333
화성시,노화1리,Nohwa 1-ri ,233002613,36854.0,노변정류장,경기도 화성시,,37.1573333,126.86735
화성시,농서리,Nongseo-ri,233001300,36406.0,노변정류장,경기도 화성시,경기도 화성시 반월동,37.2306333,127.0681
화성시,농장축산,Livestock Farm ,233001364,37523.0,노변정류장,경기도 화성시,경기도 화성시 우정읍,37.0383333,126.7742833
화성시,느티나무앞,Neutinamu ,233001888,37927.0,노변정류장,경기도 화성시,경기도 화성시 서신면,37.1743667,126.6914
화성시,느티나무앞,Neutinamu ,233001887,37928.0,노변정류장,경기도 화성시,경기도 화성시 서신면,37.1743,126.69135
화성시,능동마을입구,Neungdong Maeul ,233001718,37920.0,노변정류장,경기도 화성시,경기도 화성시 능동,37.21685,127.05815
화성시,능동마을입구,Neungdong Maeul ,233001717,37787.0,노변정류장,경기도 화성시,경기도 화성시 능동,37.21755,127.0579
화성시,능동은행사거리,Neungdong Eunhaeng Sageori ,233002273,55147.0,노변정류장,경기도 화성시,경기도 화성시 반송동,37.2089,127.0618167
화성시,능동은행사거리,Bongdam-eup Office,233001994,55439.0,노변정류장,경기도 화성시,경기도 화성시 봉담읍,37.2091833,127.0618667
화성시,능동주공단지,Neungdong Jugong Complex ,233001716,37691.0,노변정류장,경기도 화성시,경기도 화성시 능동,37.2130167,127.0624333
화성시,능동주공단지,Neung-dong Jugong Apartment,233001715,37744.0,노변정류장,경기도 화성시,경기도 화성시 능동,37.2135,127.06245
화성시,능동중학교,Neungdong Middle School ,233001724,37801.0,노변정류장,경기도 화성시,경기도 화성시 능동,37.2111167,127.0599833
화성시,능동중학교,Neungdong Middle School ,233001725,37802.0,노변정류장,경기도 화성시,경기도 화성시 능동,37.2111833,127.0597167
화성시,능동지성로사거리,Neungdong Jiseong-ro Sageori,233003053,,노변정류장,경기도 화성시,,37.2125,127.0548
화성시,능동지성로사거리,Neungdong Jiseong-ro Sageori,233002271,55294.0,노변정류장,경기도 화성시,경기도 화성시 능동,37.2128167,127.0547333
화성시,능동초등학교,Neungdong Elementary School,233001726,37803.0,노변정류장,경기도 화성시,경기도 화성시 능동,37.2127833,127.0581167
화성시,능동초등학교,Neungdong Elementary School,233001727,37804.0,노변정류장,경기도 화성시,경기도 화성시 능동,37.2129167,127.0574
화성시,능리교차로,Neung-ri Junction ,233002405,37574.0,노변정류장,경기도 화성시,경기도 화성시 능동,37.2191167,127.0572333
화성시,다람산공원,Daramsan Park,233002533,,노변정류장,경기도 화성시,,37.2172167,127.03475
화성시,다람산공원,Daramsan Park,233002532,,노변정류장,경기도 화성시,,37.21725,127.0345
화성시,다은마을,Daeun Maeul,233002659,55099.0,,경기도 화성시,,37.1992167,127.0679
화성시,다은마을(중),Daeun Maeul ,233001220,37693.0,중앙차로 정류장,경기도 화성시,경기도 화성시 반송동,37.2004167,127.0673
화성시,다은마을(중),Daeun Maeul ,233001224,36664.0,중앙차로 정류장,경기도 화성시,경기도 화성시 반송동,37.19995,127.06765
화성시,단독주택단지,Housing Complex,233002105,55085.0,노변정류장,경기도 화성시,경기도 화성시 향남읍,37.1243333,126.9198667
화성시,단독주택단지,Housing Complex,233002106,55081.0,노변정류장,경기도 화성시,경기도 화성시 향남읍,37.12425,126.9201833
화성시,당넘어앞,Dangneomeo,233002926,,노변정류장,경기도 화성시,,37.25055,126.8178333
화성시,당넘어앞,Dangneomeo,233002930,,노변정류장,경기도 화성시,,37.2505333,126.8179833
화성시,당하리.흰돌산기도원입구,"Dangha-ri, Huindolsan Prayer's House ",233000828,36089.0,노변정류장,경기도 화성시,경기도 화성시 봉담읍,37.1854833,126.93815
화성시,당하리.흰돌산기도원입구,"Dangha-ri, Huindolsan Prayer's House ",233000793,36091.0,노변정류장,경기도 화성시,경기도 화성시 봉담읍,37.18515,126.9383833
화성시,대광2차아파트,Daekwang Apartment 2-cha,233002709,,노변정류장,경기도 화성시,,37.1973167,126.8186167
화성시,대광빌라,,233525700,,,,,37.19925,127.0234333
화성시,대광빌라,,233525690,,,,,37.1993333,127.0232833
화성시,대광아파트,Daekwang Apartment ,233001043,36039.0,노변정류장,경기도 화성시,,37.19425,126.8336833
화성시,대광아파트,Daekwang Apartment ,233000191,36037.0,노변정류장,경기도 화성시,,37.1942667,126.8340333
화성시,대방노블랜드,Daebang Novel-Land,233001957,37958.0,노변정류장,경기도 화성시,경기도 화성시 향남읍,37.13095,126.9251833
화성시,대방노블랜드.풍림아이원,"Daebang Novel-land, Poonglim I-one Apartment ",233002026,37997.0,노변정류장,경기도 화성시,경기도 화성시 향남읍,37.1303,126.92735
화성시,대방노블랜드.풍림아이원,"Daebang Novel-land, Poonglim I-one Apartment ",233001852,37895.0,노변정류장,경기도 화성시,경기도 화성시 향남읍,37.1303167,126.9270833
화성시,대방노블랜드1차,,233003152,55548.0,,,,37.2864667,126.8203
화성시,대방노블랜드3차,,233533510,,,,,37.2867833,126.8162
화성시,대방노블랜드3차,,233533520,,,,,37.2866,126.81615
화성시,대방초교,Daebang Elementary School,233002773,,노변정류장,경기도 화성시,,37.1621333,126.86945
화성시,대방초교,Daebang Elementary School ,233002772,,노변정류장,경기도 화성시,,37.1622167,126.8694
화성시,대양1리,Daeyang 1-ri,233000006,36093.0,노변정류장,경기도 화성시,경기도 화성시 양감면,37.0955667,126.9393167
화성시,대양1리,Daeyang 1-ri ,233001103,36096.0,노변정류장,경기도 화성시,경기도 화성시 양감면,37.09545,126.9394167
화성시,대양1리.포도원,"Daeyang 1-ri, Podowon",233000620,36088.0,노변정류장,경기도 화성시,경기도 화성시 양감면,37.1008833,126.9374667
화성시,대양1리.포도원,"Daeyang 1-ri, Podowon",233000616,36087.0,노변정류장,경기도 화성시,경기도 화성시 양감면,37.1007167,126.9373667
화성시,대양2리,Daeyang 2-ri,233001948,55219.0,노변정류장,경기도 화성시,경기도 화성시 양감면,37.0878,126.95035
화성시,대양2리,Daeyang 2-ri,233000007,36107.0,노변정류장,경기도 화성시,경기도 화성시 양감면,37.0868,126.9426167
화성시,대양2리,Daeyang 2-ri,233000004,36108.0,노변정류장,경기도 화성시,경기도 화성시 양감면,37.0864167,126.9424833
화성시,대양3리마을회관,Daeyang 3-ri Community Center,233001950,55408.0,노변정류장,경기도 화성시,경기도 화성시 양감면,37.0866667,126.9296
화성시,대양4리,Daeyang 4-ri,233000005,36105.0,노변정류장,경기도 화성시,경기도 화성시 양감면,37.0902833,126.9419667
화성시,대양4리,Daeyang 4-ri ,233001102,36106.0,노변정류장,경기도 화성시,경기도 화성시 양감면,37.0903,126.9421
화성시,대영가든,Daeyoung Garden,233000156,36421.0,노변정류장,경기도 화성시,경기도 화성시 동탄면,37.1779667,127.0797833
화성시,대영가든,Daeyoung Garden ,233000985,36422.0,노변정류장,경기도 화성시,경기도 화성시 동탄면,37.1780167,127.07965
화성시,대우푸르지오,Daewoo Prugio Apartment ,233000686,36754.0,노변정류장,경기도 화성시,경기도 화성시 반월동,37.22895,127.04605
화성시,대우푸르지오,Daewoo Prugio Apartment ,233000685,36755.0,노변정류장,경기도 화성시,경기도 화성시 기산동,37.2282667,127.046
화성시,대우푸르지오.반도유보라,"Prugio Apartment, BandoUbora Apartment ",233001167,37484.0,노변정류장,경기도 화성시,경기도 화성시 동탄면,37.1981667,127.1146667
화성시,대우푸르지오.예당고등학교,"Daewoo Prugio Apartment, Yedang High School",233001736,37854.0,노변정류장,경기도 화성시,경기도 화성시 석우동,37.2085,127.07895
화성시,대우푸르지오.예당고등학교,"Daewoo Prugio Apartment, Yedang High School",233001719,37846.0,노변정류장,경기도 화성시,경기도 화성시 석우동,37.20895,127.0793
화성시,대우푸르지오.호반베르디움2차,"Daewoo Prugio Apartment, Hoban Vertium 2-cha",233001168,36458.0,노변정류장,경기도 화성시,경기도 화성시 동탄면,37.1981333,127.11685
화성시,대진화학,Daejin Chemical ,233000784,36134.0,노변정류장,경기도 화성시,경기도 화성시 봉담읍,37.2254333,126.9541833
화성시,대진화학,Daejin Chemical ,233000838,36135.0,노변정류장,경기도 화성시,경기도 화성시 봉담읍,37.2259167,126.9542167
화성시,대창그린아파트,Daechang Green Apartment ,233002649,37657.0,노변정류장,경기도 화성시,,37.2056167,127.0388333
화성시,대창그린아파트,Daechang Green Apartment ,233002688,,노변정류장,경기도 화성시,,37.2056833,127.0386333
화성시,대한적십자교육원,Korea Read Cross,233002492,55447.0,노변정류장,경기도 화성시,경기도 화성시 정남면,37.1965,126.9817167
화성시,대황교.활주로,Daehwanggyo Bridge,233000706,36333.0,노변정류장,경기도 화성시,경기도 화성시 반정동,37.22765,127.0246667
화성시,대황교.활주로,"Daehwanggyo Bridge, Runway",233000705,36332.0,노변정류장,경기도 화성시,경기도 화성시 반정동,37.22695,127.0244667
화성시,덕고개34,Deokgogae 34,233001265,37600.0,노변정류장,경기도 화성시,경기도 화성시 봉담읍,37.2340333,126.9229833
화성시,덕고개길,Deokgogae-gil ,233002465,55326.0,노변정류장,경기도 화성시,경기도 화성시 봉담읍,37.2331,126.9253667
화성시,덕고개길,Deokgogae-gil,233002480,55327.0,노변정류장,경기도 화성시,경기도 화성시 봉담읍,37.2329167,126.9256
화성시,덕다1리,Deokda 1-ri,233001249,36935.0,노변정류장,경기도 화성시,경기도 화성시 장안면,37.0577333,126.83965
화성시,덕다1리,Deokda 1-ri,233001250,36942.0,노변정류장,경기도 화성시,경기도 화성시 장안면,37.0578333,126.8397667
화성시,덕다2리앞,Deokda 2-ri,233001248,37514.0,노변정류장,경기도 화성시,경기도 화성시 장안면,37.0693833,126.8376
화성시,덕다2리앞(구래),Deokda 2-ri,233000500,36909.0,노변정류장,경기도 화성시,경기도 화성시 장안면,37.0694167,126.8377167
화성시,덕다3리,Deokda 3-ri,233001143,36773.0,노변정류장,경기도 화성시,경기도 화성시 장안면,37.0527833,126.8347167
화성시,덕다3리,Deokda 3-ri,233001141,36774.0,노변정류장,경기도 화성시,경기도 화성시 장안면,37.05245,126.8348833
화성시,덕다3리.문화촌,"Deokda 3-ri, Culture Town",233001138,36776.0,노변정류장,경기도 화성시,경기도 화성시 장안면,37.0476167,126.8366
화성시,덕다리(경유),,277101969,,,,,37.04975,126.8332833
화성시,덕다리입구,Deokda-ri,233000501,37132.0,노변정류장,경기도 화성시,경기도 화성시 장안면,37.0668333,126.8393833
화성시,덕다리입구,Deokdari,233001144,37490.0,노변정류장,경기도 화성시,경기도 화성시 장안면,37.06765,126.83795
화성시,덕다리입구,Deokdari,233001145,37489.0,노변정류장,경기도 화성시,경기도 화성시 장안면,37.0677,126.8380833
화성시,덕다리입구,Deokdari,233000933,37131.0,노변정류장,경기도 화성시,경기도 화성시 장안면,37.0667333,126.8392667
화성시,덕리,Deok-ri,233000825,36077.0,노변정류장,경기도 화성시,경기도 화성시 봉담읍,37.1679333,126.9346833
화성시,덕리,Deok-ri,233000796,36078.0,노변정류장,경기도 화성시,경기도 화성시 봉담읍,37.1679,126.9349667
화성시,덕리(경유),,277102383,,,,,37.16995,126.9358333
화성시,덕신상가,Deoksin Shopping Center,233001578,36227.0,노변정류장,경기도 화성시,경기도 화성시 정남면,37.1592167,126.9823167
화성시,덕신상가,Deoksin Shopping Center,233001579,36226.0,노변정류장,경기도 화성시,경기도 화성시 정남면,37.1591833,126.9821167
화성시,덕우공단,,233515550,,,,,37.15975,126.91965
화성시,덕우공단입구,,233521010,,,,,37.1604833,126.9154833
화성시,덕우공단입구,,233515520,,,,,37.1606833,126.9156333
화성시,덕우공단입구,,233525720,,,,,37.1607167,126.9155167
화성시,덕우리(구운말),Deogu-ri,233001525,37411.0,노변정류장,경기도 화성시,경기도 화성시 팔탄면,37.13865,126.86305
화성시,덕우리.구운말,"Deogu-ri, Guunmal",233002785,,노변정류장,경기도 화성시,,37.1386,126.86315
화성시,덕우리입구,Deogu-ri,233001528,37408.0,노변정류장,경기도 화성시,경기도 화성시 팔탄면,37.1255667,126.8594667
화성시,덕우저수지,,233525710,,,,,37.1651167,126.9228333
화성시,덕우저수지,Dukwoo Reservoir,233000519,36061.0,노변정류장,경기도 화성시,경기도 화성시 봉담읍,37.16505,126.9228
화성시,덕절2리,Deokjeol 2-ri,233001134,36334.0,노변정류장,경기도 화성시,경기도 화성시 정남면,37.1416,127.0283
화성시,덕절2리,Deokjeol 2-ri ,233000047,36335.0,노변정류장,경기도 화성시,경기도 화성시 정남면,37.1414667,127.0283667
화성시,덕절3리,Deokjeol 3-ri,233000048,36329.0,노변정류장,경기도 화성시,경기도 화성시 정남면,37.1401333,127.02205
화성시,덕절3리,Deokjeol 3-ri,233001135,36326.0,노변정류장,경기도 화성시,경기도 화성시 정남면,37.1402667,127.0219
화성시,덕절리,Deokjeol-ri,233000042,37914.0,노변정류장,경기도 화성시,경기도 화성시 정남면,37.1342,127.02865
화성시,덕천리,Deokcheon-ri,233002783,,노변정류장,경기도 화성시,,37.1441167,126.872
화성시,덕천리,Deokcheon-ri,233002782,,노변정류장,경기도 화성시,,37.1441333,126.8718667
화성시,덕천리.화성온천,"Deokcheon-ri, Hwaseong Oncheon (Spa)",233002781,,노변정류장,경기도 화성시,,37.1460833,126.8721833
화성시,덕천리.화성온천,"Deokcheon-ri, Hwaseong Oncheon (Spa)",233002780,,노변정류장,경기도 화성시,,37.1458667,126.8720833
화성시,덕천리삼거리,Deokcheon-ri Samgeori,233001524,37412.0,노변정류장,경기도 화성시,경기도 화성시 팔탄면,37.1425667,126.8713667
화성시,도로교통연구원,Korea Expressway Corporation,233002536,24265.0,노변정류장,경기도 화성시,,37.1749167,127.11715
화성시,도이1리,Doi 1-ri,233002990,,노변정류장,경기도 화성시,,37.1403333,126.9336167
화성시,도이1리,Doi 1-ri,233002985,,노변정류장,경기도 화성시,,37.1403333,126.9336833
화성시,도이1리마을회관,Doi 1-ri Community Center,233002981,,노변정류장,경기도 화성시,,37.1411,126.9337333
화성시,도이1리마을회관,Doi 1-ri Community Center,233002980,,노변정류장,경기도 화성시,,37.1410833,126.9338
화성시,도이리입구,Doi-ri,233002978,,노변정류장,경기도 화성시,,37.13815,126.9294833
화성시,도이리입구,Doi-ri,233002979,,노변정류장,경기도 화성시,,37.1382333,126.9294167
화성시,도이초교.향토박물관,"Doi Elementary School, Folk Museum ",233002076,55045.0,노변정류장,경기도 화성시,경기도 화성시 향남읍,37.1322333,126.92725
화성시,도투락입구,Doturak,233000041,37913.0,노변정류장,경기도 화성시,경기도 화성시 정남면,37.13285,127.0253667
화성시,독정1리,Dokjeong 1-ri,233000934,37136.0,노변정류장,경기도 화성시,경기도 화성시 장안면,37.0667,126.84605
화성시,독정1리,Dokjeong 1-ri,233000502,37137.0,노변정류장,경기도 화성시,경기도 화성시 장안면,37.06685,126.8459667
화성시,독정2리,Dokjeong 2-ri ,233000504,37142.0,노변정류장,경기도 화성시,경기도 화성시 장안면,37.0719167,126.8537333
화성시,독정2리,Dokjeong 2-ri ,233000935,37141.0,노변정류장,경기도 화성시,경기도 화성시 장안면,37.0718,126.8537667
화성시,독정3리,Dokjeong 3-ri ,233000512,37152.0,노변정류장,경기도 화성시,경기도 화성시 장안면,37.0798167,126.85915
화성시,독정3리,Dokjeong 3-ri,233001773,37842.0,노변정류장,경기도 화성시,경기도 화성시 장안면,37.0796667,126.86405
화성시,독정3리.거묵골,"Dokjeong 3-ri, Geomukgol",233000506,37151.0,노변정류장,경기도 화성시,경기도 화성시 장안면,37.0798,126.8590333
화성시,독정4리,Dokjeong 4-ri,233000511,37156.0,노변정류장,경기도 화성시,경기도 화성시 장안면,37.0818833,126.8610833
화성시,독정4리,Dokjeong 4-ri ,233001795,37841.0,노변정류장,경기도 화성시,경기도 화성시 장안면,37.0793,126.8692
화성시,독정4리,Dokjeong 4-ri,233000507,37155.0,노변정류장,경기도 화성시,경기도 화성시 장안면,37.0819667,126.8609833
화성시,독정4리마을회관,Dokjeong 4-ri Community Center,233001132,36775.0,노변정류장,경기도 화성시,경기도 화성시 장안면,37.0790333,126.8671167
화성시,독정5리마을회관,Dokjeong 5-ri Community Center,233001133,36727.0,노변정류장,경기도 화성시,경기도 화성시 장안면,37.0637,126.8701167
화성시,독정삼거리,Donjeong Samgeori,233000503,37139.0,노변정류장,경기도 화성시,경기도 화성시 장안면,37.07025,126.8494667
화성시,독정삼거리,Dokjeong Samgeori,233000513,37140.0,노변정류장,경기도 화성시,경기도 화성시 장안면,37.0702167,126.84955
화성시,독줄입구,Dokjul ,233000022,36132.0,노변정류장,경기도 화성시,경기도 화성시 양감면,37.0778833,126.95375
화성시,독지1리.돌내입구,"Dokji 1-ri, Dolnae",233003068,,노변정류장,경기도 화성시,,37.24615,126.6994333
화성시,독지1리.돌내입구,"Dokji 1-ri, Dolnae",233002885,,노변정류장,경기도 화성시,,37.2459667,126.6994
화성시,독지1리.돌내입구,"Dokji 1-ri, Dolnae",233002595,,노변정류장,경기도 화성시,,37.24615,126.6992833
화성시,독지2리.문지마을,"Dokji 2-ri, Munji Maeul ",233002886,,노변정류장,경기도 화성시,,37.25195,126.6939167
화성시,독지2리.문지마을,"Dokji 2-ri, Munji Maeul ",233002887,,노변정류장,경기도 화성시,,37.2520167,126.694
화성시,독지리교회,Dokji-ri Church ,233003066,,노변정류장,경기도 화성시,,37.2528667,126.6954333
화성시,독지리교회,Dokjiri Church ,233003058,,노변정류장,경기도 화성시,,37.25285,126.6953333
화성시,독지리종점,Dokji-ri Bus Terminal ,233003067,,노변정류장,경기도 화성시,,37.2531167,126.6928
화성시,독지리종점,Dokjiri Bus Terminal ,233002594,,노변정류장,경기도 화성시,,37.2530667,126.6925833
화성시,독지리종점,Dokji-ri Bus Terminal ,233002890,,노변정류장,경기도 화성시,,37.2531667,126.6924833
화성시,돈말입구,Donmal,233001930,55351.0,노변정류장,경기도 화성시,경기도 화성시 서신면,37.1748833,126.66385
화성시,돈말입구,Donmal ,233001928,55350.0,노변정류장,경기도 화성시,경기도 화성시 서신면,37.1749833,126.66375
화성시,돌고지,Dolgoji,233000646,36293.0,노변정류장,경기도 화성시,경기도 화성시 안녕동,37.19415,127.0056833
화성시,돌고지,Dolgoji,233000666,36290.0,노변정류장,경기도 화성시,경기도 화성시 안녕동,37.1936167,127.0052833
화성시,돌내,Dolnae,233003060,,노변정류장,경기도 화성시,,37.2507833,126.7019167
화성시,돌내,Dolnae,233003059,,노변정류장,경기도 화성시,,37.2507833,126.70185
화성시,돌담학습체험장,Doldam Learning Facilities,233001367,36953.0,노변정류장,경기도 화성시,경기도 화성시 우정읍,37.04625,126.7809167
화성시,동남아파트,Dongnam Apartment ,233000660,36235.0,노변정류장,경기도 화성시,경기도 화성시 정남면,37.1631667,126.9832833
화성시,동남아파트,Dongnam Apartment,233000656,36236.0,노변정류장,경기도 화성시,경기도 화성시 정남면,37.1635833,126.9835833
화성시,동문아파트,Dongmun Apartment ,233000642,36327.0,노변정류장,경기도 화성시,경기도 화성시 안녕동,37.2054,127.02225
화성시,동문아파트.협성대학교.봉담중고교,"Dongmun Apartment, Hyupsung University, Bongdam Middle & High School",233001755,37764.0,노변정류장,경기도 화성시,경기도 화성시 봉담읍,37.2173167,126.9525667
화성시,동문아파트.협성대학교.봉담중고교,"Dongmun Apartment, Hyupsung University, Bongdam Middle & High School",233001617,37681.0,노변정류장,경기도 화성시,경기도 화성시 봉담읍,37.2174167,126.9524
화성시,동부아파트,Dongbu Apartment ,233002739,,노변정류장,경기도 화성시,,37.2121667,126.9717833
화성시,동부아파트,Dongbu Apartment ,233002740,,노변정류장,경기도 화성시,,37.2120333,126.97185
화성시,동부출장소,Dongbu Office ,233002537,55395.0,노변정류장,경기도 화성시,,37.2079167,127.0359167
화성시,동부출장소.병점초등학교,"Dongbu Office, Byeongjeom Elementary School",233000708,36342.0,노변정류장,경기도 화성시,경기도 화성시 진안동,37.2088,127.0344333
화성시,동부출장소앞,Dongbu Office ,233000676,36756.0,노변정류장,경기도 화성시,경기도 화성시 병점동,37.2080833,127.0361333
화성시,동수원남양병원,Dongsuwon Namyang Hospital ,233000728,36029.0,노변정류장,경기도 화성시,,37.2145333,126.8295667
화성시,동수원남양병원,Dongsuwon Namyang Hospital ,233000770,36030.0,노변정류장,경기도 화성시,,37.2147333,126.8295167
화성시,동양빌딩앞,Dongyang Building,233000389,36874.0,노변정류장,경기도 화성시,경기도 화성시 향남읍,37.1270167,126.9017667
화성시,동양빌딩앞,Dongyang Building,233000384,37248.0,노변정류장,경기도 화성시,경기도 화성시 향남읍,37.1272167,126.9017833
화성시,동양콘크리트입구,Dongyang Concrete,233001831,37871.0,노변정류장,경기도 화성시,경기도 화성시 양감면,37.0889,126.9323833
화성시,동양파라곤,Dongyang Paragon,233002092,36994.0,노변정류장,경기도 화성시,경기도 화성시 반송동,37.2040333,127.0709833
화성시,동양파라곤,Dongyang Paragon ,233002093,36995.0,노변정류장,경기도 화성시,경기도 화성시 반송동,37.2040333,127.07135
화성시,동양파라곤,Dongyang Paragon ,233001849,37892.0,노변정류장,경기도 화성시,경기도 화성시 반송동,37.18615,127.0776
화성시,동양파라곤,Dongyang Paragon,233001848,37891.0,노변정류장,경기도 화성시,경기도 화성시 반송동,37.18645,127.0773167
화성시,동오리,Dong-o-ri,233000628,37327.0,노변정류장,경기도 화성시,경기도 화성시 향남읍,37.1308167,126.95945
화성시,동오리,Dong-o-ri,233001017,37326.0,노변정류장,경기도 화성시,경기도 화성시 향남읍,37.1309167,126.9593833
화성시,동오리마을회관,Dongo-ri Community Center,233001481,37558.0,노변정류장,경기도 화성시,경기도 화성시 향남읍,37.13585,126.95045
화성시,동오리종점,Dong-o-ri Bus Terminal,233001607,37651.0,노변정류장,경기도 화성시,경기도 화성시 향남읍,37.1338167,126.954
화성시,동오리종점,Dong-o-ri Bus Terminal ,233001820,37861.0,노변정류장,경기도 화성시,경기도 화성시 향남읍,37.1337833,126.95385
화성시,동오사거리,Dong-o Sageori,233000629,37322.0,노변정류장,경기도 화성시,경기도 화성시 향남읍,37.1308,126.9509333
화성시,동오사거리,Dongo Sageori,233000635,37323.0,노변정류장,경기도 화성시,경기도 화성시 향남읍,37.1310833,126.9515
화성시,동원1차,,233001623,37682.0,,,,37.18875,127.1233
화성시,동원1차.센트럴상록,Sibeom Danji (Complex),233002432,55308.0,노변정류장,경기도 화성시,경기도 화성시 동탄면,37.2095167,127.0996667
화성시,동일하이빌.상봉초등학교,"Donggil Highville, Sangbong Elementary School ",233002086,55054.0,노변정류장,경기도 화성시,경기도 화성시 봉담읍,37.2176833,126.9561
화성시,동일하이빌.화성고용센터,"Dongil Highville, Hwaseong Employment Center",233001658,37881.0,노변정류장,경기도 화성시,경기도 화성시 봉담읍,37.2163833,126.9583
화성시,동자골.사창3리,"Dongjagol, Sachang 3-ri ",233001088,36168.0,노변정류장,경기도 화성시,경기도 화성시 양감면,37.0964833,126.9716167
화성시,동철전자,"Dongchuel Industrial Co., Ltd. ",233002712,,노변정류장,경기도 화성시,,37.2309333,126.9845
화성시,동철전자,"Dongchuel Industrial Co., Ltd. ",233002711,,노변정류장,경기도 화성시,,37.2307833,126.9845
화성시,동철전자앞,Dolchul Electronics ,233002958,,노변정류장,경기도 화성시,,37.23,126.9851667
화성시,동탄119안전센터,Dongtan Fire Houser,233002954,,노변정류장,경기도 화성시,,37.205,127.0727833
화성시,동탄1동주민센터,Dongtan 1-dong Community Center,233001679,37694.0,노변정류장,경기도 화성시,경기도 화성시 반송동,37.20665,127.0725667
화성시,동탄1동주민센터,Dongtan 1-dong Community Center,233001650,37749.0,노변정류장,경기도 화성시,경기도 화성시 반송동,37.20685,127.07235
화성시,동탄2동주민센터,Dongtan 2-dong Community Center,233001639,37671.0,노변정류장,경기도 화성시,경기도 화성시 반송동,37.1964167,127.0728833
화성시,동탄2동주민센터,Dongtan 2-dong Community Center,233001640,37662.0,노변정류장,경기도 화성시,경기도 화성시 반송동,37.19715,127.0726
화성시,동탄2부영아파트,Dongtan 2 Booyoung Apartment ,233000981,36434.0,노변정류장,경기도 화성시,경기도 화성시 동탄면,37.20475,127.1162667
화성시,동탄2부영아파트,Dongtan Booyoung Apartment 2-danji,233001506,37582.0,노변정류장,경기도 화성시,경기도 화성시 동탄면,37.2049167,127.11625
화성시,동탄2신도시홍보관,Dongtan New Town 2 Promotion Center,233002382,37660.0,노변정류장,경기도 화성시,경기도 화성시 동탄면,37.1944667,127.0845167
화성시,동탄2신도시홍보관,Dongtan New Town 2 Promotion Center,233002383,37659.0,노변정류장,경기도 화성시,경기도 화성시 동탄면,37.1942,127.0845
화성시,동탄2차고지,,233003123,55519.0,,,,37.1555167,127.1012667
화성시,동탄2차고지,,233003122,55518.0,,,,37.1554,127.10165
화성시,동탄2파출소.농협,"Dongtan 4-dong Community Center, Nonghyup",233001166,36470.0,노변정류장,경기도 화성시,경기도 화성시 동탄면,37.2092,127.1049
화성시,동탄2파출소.농협,"Dongtan 4-dong Community Center, Nonghyup",233002431,55307.0,노변정류장,경기도 화성시,경기도 화성시 동탄면,37.2095167,127.1043667
화성시,동탄2휴먼시아4단지,Dongtan 2 Humansia 4-danji,233001505,37583.0,노변정류장,경기도 화성시,경기도 화성시 동탄면,37.2056,127.12275
화성시,동탄2휴먼시아4단지,Dongtan Humansia 2-4-danji ,233000959,36437.0,노변정류장,경기도 화성시,경기도 화성시 동탄면,37.2056667,127.12255
화성시,동탄3동주민센터,Dongtan 3-dong Community Center,233002028,55022.0,노변정류장,경기도 화성시,경기도 화성시 능동,37.21015,127.0587167
화성시,동탄6동주민센터,,233524080,,,,,37.1723333,127.088
화성시,동탄6동주민센터,,233518390,,,,,37.1726833,127.0892167
화성시,동탄JC(경유),,274000484,,,,,37.1777667,127.0961667
화성시,동탄JC(경유),,277103445,,,,,37.1774333,127.0962
화성시,동탄JC(경유),,277103444,,,,,37.1778833,127.0957833
화성시,동탄JC(경유),,274000483,,,,,37.1785167,127.0958333
화성시,동탄고등학교,Dongtan High School ,233001722,37849.0,노변정류장,경기도 화성시,경기도 화성시 반송동,37.2038,127.0594667
화성시,동탄고등학교,Dongtan High School,233001723,37850.0,노변정류장,경기도 화성시,경기도 화성시 능동,37.2039333,127.0591667
화성시,동탄국제고등학교,Dongtan Global High School ,233001455,36677.0,노변정류장,경기도 화성시,경기도 화성시 반송동,37.1890667,127.0791833
화성시,동탄국제고등학교,Dongtan Global High School ,233001447,36676.0,노변정류장,경기도 화성시,경기도 화성시 반송동,37.1890167,127.0794667
화성시,동탄면사무소,Dongtan-myeon Office ,233002211,36669.0,노변정류장,경기도 화성시,경기도 화성시 동탄면,37.17345,127.0910167
화성시,동탄면사무소,Dongtan-myeon Office ,233002210,55103.0,노변정류장,경기도 화성시,경기도 화성시 동탄면,37.1737833,127.0908
화성시,동탄보건지소.우체국,"Dongtan Public Health Center, Post Office",233001735,37853.0,노변정류장,경기도 화성시,경기도 화성시 석우동,37.2071,127.0765667
화성시,동탄복합문화센터,Hwaseong Dongtan Multi-Complex,233002673,,노변정류장,경기도 화성시,,37.2003833,127.0740833
화성시,동탄역(동측),Dongtan Station (East),233003085,55399.0,노변정류장,경기도 화성시,경기도 화성시 오산동,37.1996167,127.0962667
화성시,동탄역(서측),Dongtan Station (West),233003084,55398.0,노변정류장,경기도 화성시,경기도 화성시 오산동,37.1995833,127.0960833
화성시,동탄역.포스코,"Dongtal Station, POSCO",233000137,36436.0,노변정류장,경기도 화성시,,37.1995,127.0986167
화성시,동탄역.포스코,"Dongtan Station, POSCO",233000979,36465.0,노변정류장,경기도 화성시,,37.1999,127.09895
화성시,동탄이마트.한림대병원,"Dongtan Emart, Hanllym University Medical Center",233001619,37692.0,노변정류장,경기도 화성시,경기도 화성시 석우동,37.2144833,127.0778333
화성시,동탄이마트.한림대병원,"Dongtan Emart, Hanllym University Medical Center",233001618,37684.0,노변정류장,경기도 화성시,경기도 화성시 석우동,37.2140333,127.0779333
화성시,동탄차고지,Dongtan Garage,233001223,36671.0,노변정류장,경기도 화성시,경기도 화성시 반송동,37.1856167,127.0787
화성시,동탄차고지,Dongtan Garage,233001222,36670.0,노변정류장,경기도 화성시,경기도 화성시 반송동,37.18575,127.0788167
화성시,동탄초교,Dongtan Elementary School,233002495,55403.0,노변정류장,경기도 화성시,경기도 화성시 오산동,37.1874833,127.0926
화성시,동탄초교,Dongtan Elementary School ,233002494,37003.0,노변정류장,경기도 화성시,경기도 화성시 오산동,37.1881333,127.0929333
화성시,동탄테크노밸리,,233003125,55521.0,,,,37.2122,127.0988167
화성시,동탄테크노밸리,,233003124,55520.0,,,,37.2125167,127.09945
화성시,동탄홈플러스,Dongtan Home Plus,233002376,55277.0,노변정류장,경기도 화성시,경기도 화성시 반송동,37.20205,127.069
화성시,동탄홈플러스.다은마을삼성래미안,"Dongtan Home Plus, Daeun Maeul Samsung Raemian Apartment ",233002377,37664.0,노변정류장,경기도 화성시,경기도 화성시 반송동,37.2018333,127.06805
화성시,동화리.동남아파트,"Donghwa-ri, Dongnam Apartment",233000837,36128.0,노변정류장,경기도 화성시,경기도 화성시 봉담읍,37.2238167,126.9524833
화성시,동화리.동남아파트,"Donghwa-ri, Dongnam Apartment ",233000785,36131.0,노변정류장,경기도 화성시,경기도 화성시 봉담읍,37.2237167,126.9527333
화성시,동화마을1단지.화성고용센터,"Donghwa Maeul 1-danji, Hwaseong Employment Center ",233001616,37680.0,노변정류장,경기도 화성시,경기도 화성시 봉담읍,37.2177333,126.9585833
화성시,동화중학교,Donghwa Middle School ,233001656,37970.0,노변정류장,경기도 화성시,경기도 화성시 봉담읍,37.21365,126.9612167
화성시,동화중학교.동화초등학교,Donghwa Middle & Elementary School,233001613,37678.0,노변정류장,경기도 화성시,경기도 화성시 봉담읍,37.2143833,126.9615167
화성시,동화초.동화휴먼시아3단지,"Donghwa Elementary School, Donghwa Humansia Apartment 3-danji",233000951,36728.0,노변정류장,경기도 화성시,경기도 화성시 봉담읍,37.2158333,126.9621
화성시,동화초중교,Donghwa Elementary & Middle School ,233001624,37686.0,노변정류장,경기도 화성시,경기도 화성시 봉담읍,37.2146667,126.9620833
화성시,동화휴먼시아1단지,Donghwa Humansia Apartment 1-danji,233002172,55135.0,노변정류장,경기도 화성시,경기도 화성시 정남면,37.2185667,126.9583333
화성시,동화휴먼시아1단지,Donghwa Humansia Apartment 1-danji,233002710,55450.0,노변정류장,경기도 화성시,,37.2186667,126.9584333
화성시,동화휴먼시아1단지.상봉초등학교,"Donghwa Humansia Apartment 1-danji, Sangbong Elementary School ",233002085,55062.0,노변정류장,경기도 화성시,경기도 화성시 봉담읍,37.2177,126.95645
화성시,동화휴먼시아2단지,Donghwa Humansia 2-danji,233001615,37679.0,노변정류장,경기도 화성시,경기도 화성시 봉담읍,37.2175833,126.9600833
화성시,동화휴먼시아2단지,Donghwa Humansia Apartment 2-danji,233002016,55001.0,노변정류장,경기도 화성시,경기도 화성시 봉담읍,37.2175,126.9598333
화성시,동화휴먼시아3.4단지.봉담우체국,"Donghwa Humansia Apartment 3 & 4-danji, Bongdam Post Office",233001757,37773.0,노변정류장,경기도 화성시,경기도 화성시 봉담읍,37.2162333,126.9615167
화성시,동화휴먼시아6단지,Donghwa Humansia Apartment 6-danji,233001758,37762.0,노변정류장,경기도 화성시,경기도 화성시 봉담읍,37.2148333,126.96055
화성시,동화휴먼시아6단지,Jugong Apartment 5 & 6-danji,233001612,37677.0,노변정류장,경기도 화성시,경기도 화성시 봉담읍,37.2149333,126.9602
화성시,돼지고개.삼존리물미,"Dwaeji-Gogae, Samjon-ri Mulmi",233000740,37098.0,노변정류장,경기도 화성시,경기도 화성시 송산면,37.2114,126.7537667
화성시,돼지고개.삼존리물미,"Dwaeji-Gogae, Samjon-ri Mulmi",233000877,37097.0,노변정류장,경기도 화성시,경기도 화성시 송산면,37.2116833,126.7553833
화성시,두곡리,Dugok-ri,233000734,37110.0,노변정류장,경기도 화성시,경기도 화성시 마도면,37.2048,126.7841667
화성시,두곡리,Dugok-ri,233000764,37109.0,노변정류장,경기도 화성시,경기도 화성시 마도면,37.2055333,126.7831667
화성시,두레자연중고교,Doorae Nature Middle & High School,233001384,36950.0,노변정류장,경기도 화성시,경기도 화성시 우정읍,37.05645,126.7954667
화성시,두레자연중고등학교,Doorae Nature Middle & High School,233001383,36951.0,노변정류장,경기도 화성시,경기도 화성시 우정읍,37.0564,126.7952833
화성시,두산신일아파트,Doosan Shilnil Apartment ,233001691,37720.0,노변정류장,경기도 화성시,경기도 화성시 능동,37.2014167,127.0543667
화성시,두산신일아파트,Doosan Shinil Apartment ,233001690,37718.0,노변정류장,경기도 화성시,경기도 화성시 능동,37.2015667,127.0542667
화성시,뒷말,Dwinmal ,233000419,37448.0,노변정류장,경기도 화성시,경기도 화성시 우정읍,37.0772167,126.7708667
화성시,뒷말(경유),,277101757,,,,,37.07975,126.7724167
화성시,들고개,Deulgogae,233003073,,노변정류장,경기도 화성시,,37.2322,126.8042
화성시,들고개,Deulgogae,233003072,,노변정류장,경기도 화성시,,37.2322333,126.8043167
화성시,라마다호텔,Ramada Hotel ,233002565,37700.0,,경기도 화성시,,37.206,127.075
화성시,래미안영통마크원1단지,Raemian Yeongtong Mark 1 2-danji ,233002369,55273.0,노변정류장,경기도 화성시,경기도 화성시 반정동,37.2450333,127.04135
화성시,래미안영통마크원1단지,Raemian Yeongtong Mark-1 1-danji ,233002370,55274.0,노변정류장,경기도 화성시,경기도 화성시 반정동,37.2446833,127.0412167
화성시,레이크자이더테라스,,233002260,55474.0,,,,37.17235,127.10335
화성시,롤링힐스,Rolling Hills,233000148,36441.0,노변정류장,경기도 화성시,,37.1918667,126.83955
화성시,롯데시네마,Lotte Cinema,233002132,55279.0,노변정류장,경기도 화성시,경기도 화성시 진안동,37.2144833,127.04245
화성시,롯데시네마,Lotte Cinema,233002403,55291.0,노변정류장,경기도 화성시,경기도 화성시 병점동,37.21425,127.0426333
화성시,롯데씨네마.향남부영7,"Lotte Cinema, Hyangnam Booyoung Apartment 7-danji",233002504,55381.0,노변정류장,경기도 화성시,경기도 하남시 신장동,37.1145667,126.9108667
화성시,롯데캐슬.복합문화센터,"Lotte Castle, Multi Cultural Center",233001968,37666.0,노변정류장,경기도 화성시,경기도 화성시 반송동,37.2012333,127.0707667
화성시,롯데케슬정문,"Main Door, Lotte Castle",233001653,37798.0,노변정류장,경기도 화성시,경기도 화성시 석우동,37.2092667,127.0749167
화성시,리베라CC,Riviera CC,233000998,36502.0,노변정류장,경기도 화성시,,37.1907,127.0986667
화성시,리베라CC,Riviera CC,233000999,36501.0,노변정류장,경기도 화성시,,37.1907,127.0989833
화성시,마곡마을입구,Magok Maeul,233002510,55387.0,노변정류장,경기도 화성시,경기도 화성시 향남읍,37.1641667,126.9004833
화성시,마곡마을입구,Magok Maeul,233002509,55386.0,노변정류장,경기도 화성시,경기도 화성시 향남읍,37.1638667,126.9006667
화성시,마도교차로,Mado Junction ,233001745,37753.0,노변정류장,경기도 화성시,경기도 화성시 마도면,37.19135,126.7934333
화성시,마도교차로,Mado Junction ,233001744,37769.0,노변정류장,경기도 화성시,경기도 화성시 마도면,37.1919833,126.7943333
화성시,마도농협,Mado Nonghyup,233003006,,노변정류장,경기도 화성시,,37.2056833,126.7743667
화성시,마도면사무소,Mado-myeon Office ,233002939,,노변정류장,경기도 화성시,,37.20505,126.7707
화성시,마도면사무소,Mado-myeon Office,233002938,,노변정류장,경기도 화성시,,37.2052,126.7707333
화성시,마도사거리,Seokgyo 1-ri Prison & Correctional Facility ,233000762,37105.0,노변정류장,경기도 화성시,경기도 화성시 마도면,37.20715,126.7746
화성시,마도사거리,Seokgyo 1-ri Prison & Correctional Facility ,233000736,37106.0,노변정류장,경기도 화성시,경기도 화성시 마도면,37.2069,126.77425
화성시,마도산업단지,Mado Industrial Complex,233001743,37752.0,노변정류장,경기도 화성시,경기도 화성시 마도면,37.1811667,126.7857333
화성시,마도산업단지,Mado Industrial Complex,233001742,37768.0,노변정류장,경기도 화성시,경기도 화성시 마도면,37.1813,126.7862167
화성시,마도소방서,Mado Fire Station ,233002857,,노변정류장,경기도 화성시,,37.20665,126.7732833
화성시,마도소방서,Mado Fire Station ,233002816,,노변정류장,경기도 화성시,,37.20675,126.7730833
화성시,마도유통상가앞,Mado Distribution Complex ,233002142,55184.0,노변정류장,경기도 화성시,경기도 화성시 마도면,37.1867,126.7903333
화성시,마도유통상가앞,Mado Distribution Complex ,233002141,55183.0,노변정류장,경기도 화성시,경기도 화성시 마도면,37.1865333,126.7898667
화성시,마도초등학교,Mado Elementary School ,233002944,,노변정류장,경기도 화성시,,37.2039,126.7740667
화성시,마도초등학교,Mado Elementary School ,233002943,,노변정류장,경기도 화성시,,37.2038833,126.7739667
화성시,마도할인마트,Mado Discount Mart,233002137,55123.0,노변정류장,경기도 화성시,,37.1950167,126.7962667
화성시,마도할인마트,Mado Discount Mart,233002138,55124.0,노변정류장,경기도 화성시,,37.1951,126.7965667
화성시,마루교차로,Maru Junction ,233002304,55217.0,노변정류장,경기도 화성시,경기도 화성시 서신면,37.1334167,126.69675
화성시,마루교차로,Maru Junction,233002303,55216.0,노변정류장,경기도 화성시,경기도 화성시 서신면,37.1332667,126.6968667
화성시,마루뜰,Marutteul,233002441,37670.0,노변정류장,경기도 화성시,경기도 화성시 서신면,37.1286,126.6925667
화성시,마리실,Marisil,233002947,,노변정류장,경기도 화성시,,37.1984333,126.7704333
화성시,마리실,Marisil,233002948,,노변정류장,경기도 화성시,,37.1984167,126.7706167
화성시,마산1리,Masan 1-ri ,233000298,37400.0,노변정류장,경기도 화성시,경기도 화성시 송산면,37.2274833,126.7008333
화성시,마산1리,Masan 1-ri,233002200,55198.0,노변정류장,경기도 화성시,경기도 화성시 송산면,37.2273667,126.7008333
화성시,마산1리.청촌농원,"Masan 1-ri, Cheongchon Farm",233002202,55200.0,노변정류장,경기도 화성시,경기도 화성시 송산면,37.2293833,126.6995833
화성시,마산1리.청촌농원,"Masan 1-ri, Cheongchon Farm ",233002201,55199.0,노변정류장,경기도 화성시,경기도 화성시 송산면,37.2294833,126.6996
화성시,마산1리마을회관,Masan 1-ri Community Center,233002204,55202.0,노변정류장,경기도 화성시,경기도 화성시 송산면,37.2298,126.6980333
화성시,마산1리마을회관,Masan 1-ri Community Center,233002203,55201.0,노변정류장,경기도 화성시,경기도 화성시 송산면,37.2299667,126.69785
화성시,마산2리,Masan 2-ri,233001476,37024.0,노변정류장,경기도 화성시,경기도 화성시 송산면,37.2329333,126.6856667
화성시,마산2리,Masan 2-ri,233002195,55193.0,노변정류장,경기도 화성시,경기도 화성시 송산면,37.2328667,126.6858833
화성시,마산2리.도말,"Masan 2-ri, Domal",233003063,,노변정류장,경기도 화성시,,37.23955,126.6893167
화성시,마산2리.도말,"Masan 2-ri, Domal",233003064,,노변정류장,경기도 화성시,,37.2396167,126.6893333
화성시,마산2리.탯마당,"Masan 2-ri, Taetmadang",233003061,,노변정류장,경기도 화성시,,37.2331667,126.6862333
화성시,마산2리.탯마당,"Masan 2-ri, Taetmadang",233003062,,노변정류장,경기도 화성시,,37.2330833,126.6861667
화성시,마산초교,Masan Elementary School,233000296,37027.0,노변정류장,경기도 화성시,경기도 화성시 송산면,37.2310333,126.6916
화성시,마산초교,Masan Elementary School ,233002198,55196.0,노변정류장,경기도 화성시,경기도 화성시 송산면,37.2309833,126.6915
화성시,마산포,Masanpo,233001838,37885.0,노변정류장,경기도 화성시,경기도 화성시 송산면,37.23875,126.6631833
화성시,마산포종점,Masanpo Bus Terminal ,233002191,55189.0,노변정류장,경기도 화성시,경기도 화성시 송산면,37.23845,126.66315
화성시,마시모모텔,Masimo Motel ,233001363,37390.0,노변정류장,경기도 화성시,경기도 화성시 장안면,37.0797667,126.82365
화성시,마을안삼거리,Maeulan Samgeori ,233002662,37868.0,노변정류장,경기도 화성시,,37.0753833,126.90935
화성시,마하리,Maha-ri,233001593,37639.0,노변정류장,경기도 화성시,경기도 화성시 봉담읍,37.1755,126.9457833
화성시,마하리앞,Maha-ri,233001594,37640.0,노변정류장,경기도 화성시,경기도 화성시 봉담읍,37.1755833,126.94575
화성시,마하리입구,Maha-ri,233002988,,노변정류장,경기도 화성시,,37.17665,126.9429667
화성시,마하리입구,Maha-ri,233002989,,노변정류장,경기도 화성시,,37.1767333,126.9429333
화성시,막산리,Maksan-ri ,233002456,55377.0,노변정류장,경기도 화성시,경기도 화성시 마도면,37.18235,126.7657
화성시,막산리,Maksan-ri,233002452,55374.0,노변정류장,경기도 화성시,경기도 화성시 마도면,37.1825,126.76575
화성시,만의사.마을회관,"Manuisa, Community Center",233000160,36505.0,노변정류장,경기도 화성시,경기도 화성시 동탄면,37.2049167,127.13865
화성시,망월리,Mangwol-ri ,233000051,36303.0,노변정류장,경기도 화성시,경기도 화성시 정남면,37.1491167,127.0091833
화성시,망월리,Mangwol-ri,233000044,36306.0,노변정류장,경기도 화성시,경기도 화성시 정남면,37.1490333,127.0094333
화성시,망월리.전경부대,"Mangwol-ri, Jeongyeong Army Unit",233001136,37387.0,노변정류장,경기도 화성시,경기도 화성시 정남면,37.14605,127.0107333
화성시,매곡리,Maegok-ri ,233000391,37217.0,노변정류장,경기도 화성시,경기도 화성시 팔탄면,37.11725,126.8884667
화성시,매곡리,Maegok-ri ,233000926,37216.0,노변정류장,경기도 화성시,경기도 화성시 팔탄면,37.1174333,126.8883833
화성시,매바위,Maebawi,233002868,,노변정류장,경기도 화성시,,37.1538833,126.7952833
화성시,매바위종점,Maebawi Bus Terminal ,233003032,,노변정류장,경기도 화성시,,37.1621167,126.6205
화성시,매송TG(경유),,277102546,,,,,37.2809,126.8898167
화성시,매송TG(경유),,274000496,,,,,37.2810167,126.8914333
화성시,매송TG(경유),,274000495,,,,,37.2808333,126.8913667
화성시,매송TG(경유),,277102544,,,,,37.2816,126.8898167
화성시,매송농협,Maesong Nonghyup,233002529,,노변정류장,경기도 화성시,,37.2501667,126.9106333
화성시,매송농협,Maesong Nonghyup,233001276,37275.0,노변정류장,경기도 화성시,경기도 화성시 매송면,37.2501167,126.9106167
화성시,매송농협창고,Maesong Nonghyup Storage,233003009,,노변정류장,경기도 화성시,,37.2521167,126.9073833
화성시,매송면사무소후문,Maesong-myeon Office Back Gate,233003008,,노변정류장,경기도 화성시,,37.2514,126.9091167
화성시,매송면사무소후문,Maesong-myeon Office Back Gate,233003007,,노변정류장,경기도 화성시,,37.2514667,126.9091833
화성시,매송지하차도(경유),,277101841,,,,,37.2806333,126.8849667
화성시,매송초등학교,Maesong Elementary School ,233000891,37298.0,노변정류장,경기도 화성시,경기도 화성시 매송면,37.2488833,126.92735
화성시,매송초등학교,Maesong Elementary School ,233002174,55188.0,노변정류장,경기도 화성시,경기도 화성시 매송면,37.24885,126.9277
화성시,매송휴먼시아후문,Maesong Humansia Back Gate,233002354,55236.0,노변정류장,경기도 화성시,경기도 화성시 매송면,37.2677333,126.8808667
화성시,매송휴먼시아후문,Maesong Humansia Back Gate,233002355,55237.0,노변정류장,경기도 화성시,경기도 화성시 매송면,37.2676667,126.88055
화성시,매향,Maehyang,233000482,36919.0,노변정류장,경기도 화성시,경기도 화성시 우정읍,37.0404,126.7514667
화성시,매향2리,Maehyang 2-ri ,233001245,36922.0,노변정류장,경기도 화성시,경기도 화성시 우정읍,37.05105,126.7694
화성시,매향2리,Maehyang 2-ri,233001004,36796.0,노변정류장,경기도 화성시,경기도 화성시 우정읍,37.0485167,126.7652333
화성시,매향2리,Maehyang 2-ri ,233000480,37433.0,노변정류장,경기도 화성시,경기도 화성시 우정읍,37.0484,126.76535
화성시,매향2리,Maehyang 2-ri,233000479,36921.0,노변정류장,경기도 화성시,경기도 화성시 우정읍,37.051,126.7695667
화성시,매향3리.가로지입구,"Maehyang 3-ri, Garoji",233001779,37838.0,노변정류장,경기도 화성시,경기도 화성시 우정읍,37.0518167,126.7648
화성시,매향3리선착장,,233003115,36992.0,,,,37.0739833,126.7329
화성시,매향3리선착장,,233003114,36991.0,,,,37.0742167,126.7332
화성시,매향3리입구,Maehyang 3-ri ,233001777,37835.0,노변정류장,경기도 화성시,경기도 화성시 우정읍,37.052,126.7649
화성시,매향3리회센터,Maehyang 3-ri Raw Fish Center,233001378,37518.0,노변정류장,경기도 화성시,경기도 화성시 우정읍,37.0552167,126.7574
화성시,매향3리회센터,Maehyang 3-ri Fish Center,233001778,37836.0,노변정류장,경기도 화성시,경기도 화성시 우정읍,37.05505,126.7572167
화성시,매향4리,Maehyang 4-ri,233000475,36905.0,노변정류장,경기도 화성시,경기도 화성시 우정읍,37.03945,126.7703
화성시,매향리,Maehyang-ri,233002266,55134.0,노변정류장,경기도 화성시,경기도 화성시 우정읍,37.0444333,126.7676333
화성시,매향리,Maehyang-ri,233002265,55141.0,노변정류장,경기도 화성시,경기도 화성시 우정읍,37.0445333,126.7678167
화성시,매향삼거리,Maehyang Samgeori,233001009,36831.0,노변정류장,경기도 화성시,경기도 화성시 우정읍,37.0403833,126.7516333
화성시,매화리,Maehwa-ri,233000852,37040.0,노변정류장,경기도 화성시,경기도 화성시 서신면,37.1686,126.7036333
화성시,매화리,Maehwa-ri,233000324,37041.0,노변정류장,경기도 화성시,경기도 화성시 서신면,37.1687,126.7036333
화성시,메타폴리스,Metapolis,233002647,37588.0,,경기도 화성시,,37.2029,127.0671167
화성시,메타폴리스,Metapolis ,233001678,37733.0,노변정류장,경기도 화성시,경기도 화성시 반송동,37.2053667,127.0707333
화성시,메타폴리스(중),Metapolis,233001219,36667.0,중앙차로 정류장,경기도 화성시,경기도 화성시 반송동,37.2037,127.0675
화성시,메타폴리스(중),Metapolis,233001218,36666.0,중앙차로 정류장,경기도 화성시,경기도 화성시 반송동,37.2043,127.06745
화성시,메탈산업단지,Metal Industrial Complex,233001768,37818.0,노변정류장,경기도 화성시,경기도 화성시 향남읍,37.0864833,126.9096167
화성시,멱우1리,Myeogu 1-ri,233001352,37527.0,노변정류장,경기도 화성시,경기도 화성시 우정읍,37.1060667,126.80795
화성시,멱우1리,Myeogu 1-ri,233001351,37607.0,노변정류장,경기도 화성시,경기도 화성시 우정읍,37.10605,126.8078167
화성시,멱우2리,Myeogu 2-ri,233001081,36819.0,노변정류장,경기도 화성시,경기도 화성시 우정읍,37.1021,126.8138333
화성시,멱우2리,Myeogu 2-ri,233001078,36820.0,노변정류장,경기도 화성시,경기도 화성시 우정읍,37.1013833,126.8141333
화성시,멱우2리,Myeogu 2-ri,233001426,36923.0,노변정류장,경기도 화성시,경기도 화성시 우정읍,37.1020667,126.8137167
화성시,멱우2리부대앞,Myeogu 2-ri Army Unit,233001077,37494.0,노변정류장,경기도 화성시,경기도 화성시 우정읍,37.0957667,126.8151833
화성시,멱우2리부대앞,Myeogu 2-ri Army Unit,233001074,37495.0,노변정류장,경기도 화성시,경기도 화성시 우정읍,37.0957667,126.8151
화성시,멱우2리회관앞,Myeogu 2-ri Community Center,233001814,37845.0,노변정류장,경기도 화성시,경기도 화성시 우정읍,37.1025333,126.8211
화성시,멱우3리,Myeogu 3-ri,233001409,36989.0,,경기도 화성시,,37.0933333,126.8081833
화성시,멱우3리,Myeogu 3-ri,233001502,37394.0,노변정류장,경기도 화성시,경기도 화성시 우정읍,37.0933667,126.8081333
화성시,명인제약,"Myungin Pharmaceutical Co., Ltd.",233002775,,노변정류장,경기도 화성시,,37.16,126.8668833
화성시,명인제약,"Myungin Pharmaceutical Co., Ltd.",233002774,,노변정류장,경기도 화성시,,37.1599833,126.8667833
화성시,모아.반도아파트,"Moa, Bando Apartment ",233000980,36459.0,노변정류장,경기도 화성시,경기도 화성시 동탄면,37.2020333,127.11445
화성시,모아미래도,Moamiraedo Apartment ,233001985,37953.0,노변정류장,경기도 화성시,경기도 화성시 반송동,37.2003167,127.05925
화성시,모아미래도.KCC스위첸,"Moamiraedo, KCC Switzen Apartment ",233002423,55299.0,노변정류장,경기도 화성시,경기도 화성시 동탄면,37.2038833,127.1148
화성시,모아미래도.KCC스위첸,"Moamiraedo, KCC Switzen Apartment ",233002422,55298.0,노변정류장,경기도 화성시,경기도 화성시 동탄면,37.2034333,127.1172833
화성시,모아미래도.우림필유(중),Moamiraedo Apartment ,233001286,36687.0,중앙차로 정류장,경기도 화성시,경기도 화성시 능동,37.1992333,127.0576167
화성시,모아미래도.우림필유(중),"Moamiraedo, ",233001285,36686.0,중앙차로 정류장,경기도 화성시,경기도 화성시 능동,37.1994833,127.0581833
화성시,모아미래도.자연앤,"Moamiraedo, Jayeon-n Apartment",233001979,37974.0,노변정류장,경기도 화성시,경기도 화성시 능동,37.2075833,127.0521
화성시,모아미래도.자연앤,"Moamiraedo, Jayeon-n Apartment",233001980,37975.0,노변정류장,경기도 화성시,경기도 화성시 능동,37.2075167,127.0523667
화성시,모아미래도아파트,Moamiraedo Apartment ,233001666,37726.0,노변정류장,경기도 화성시,경기도 화성시 능동,37.2086667,127.0512833
화성시,모아미래도아파트,Moamiraedo Apartment ,233001668,37789.0,노변정류장,경기도 화성시,경기도 화성시 능동,37.2069167,127.0586167
화성시,모아미래도아파트,Moamiraedo Apartment ,233001669,37732.0,노변정류장,경기도 화성시,경기도 화성시 능동,37.2070833,127.0587
화성시,모아미래도아파트,Moamiraedo Apartment ,233002185,55144.0,노변정류장,경기도 화성시,경기도 화성시 능동,37.2087167,127.0518
화성시,모아포스코아파트,MoA POSCO Apartment ,233001693,37719.0,노변정류장,경기도 화성시,경기도 화성시 능동,37.2015,127.0577333
화성시,모아포스코아파트,MoA POSCO Apartment ,233001692,37714.0,노변정류장,경기도 화성시,경기도 화성시 능동,37.2016333,127.05795
화성시,목성머리,Mokseongmeori,233000755,37578.0,노변정류장,경기도 화성시,경기도 화성시 서신면,37.1731167,126.6972
화성시,목양교회,Mogyang Church ,233002065,55033.0,노변정류장,경기도 화성시,경기도 화성시 반정동,37.2355667,127.04115
화성시,목조마을,Mokjo Maeul (Mokjo Village),233001368,37522.0,노변정류장,경기도 화성시,경기도 화성시 우정읍,37.0514,126.7866667
화성시,무봉천,Mubongcheon,233002324,55153.0,노변정류장,경기도 화성시,,37.1933333,126.8465333
화성시,무봉천,Mubongcheon,233002325,55152.0,노변정류장,경기도 화성시,,37.1933,126.8466333
화성시,무송1통마을입구,Musong 1-tong Maeul,233001042,36044.0,노변정류장,경기도 화성시,,37.1877833,126.8449167
화성시,무송1통마을입구,Musong 1-tong Maeul ,233001041,36045.0,노변정류장,경기도 화성시,,37.1880333,126.8452
화성시,무송2통.술현,"Musong 2-tong, Sulhyeon",233001039,36784.0,노변정류장,경기도 화성시,,37.1810167,126.8495
화성시,무송2통.술현,"Musong 2-tong, Sulhyeon",233001038,37501.0,노변정류장,경기도 화성시,,37.1810833,126.8493833
화성시,무송교차로,Musong Junction ,233001040,36046.0,노변정류장,경기도 화성시,,37.1810333,126.84575
화성시,무송교차로,Musong Junction ,233000207,36047.0,노변정류장,경기도 화성시,,37.1818333,126.8448667
화성시,무송그린빌리지,Musong Green Village,233002296,55178.0,노변정류장,경기도 화성시,,37.1844333,126.84525
화성시,무송그린빌리지,Musong Green Village,233002295,55177.0,노변정류장,경기도 화성시,,37.1858167,126.8457833
화성시,문학1리,Munhak 1-ri,233001576,36149.0,노변정류장,경기도 화성시,경기도 화성시 정남면,37.15245,126.96315
화성시,문학1리,Munhak 1-ri,233000612,36739.0,노변정류장,경기도 화성시,경기도 화성시 정남면,37.1527,126.9632333
화성시,문학4리,Munhak 4-ri,233001604,37650.0,노변정류장,경기도 화성시,경기도 화성시 정남면,37.1514333,126.97205
화성시,문학4리(경유),,277101972,,,,,37.15135,126.9752833
화성시,문학4리.마을회관앞,"Munhak 4-ri, Community Center ",233001445,37530.0,노변정류장,경기도 화성시,경기도 화성시 정남면,37.1512667,126.972
화성시,문학리,Munhak-ri,233001221,36790.0,노변정류장,경기도 화성시,경기도 화성시 정남면,37.15615,126.9663833
화성시,문학리,Munhak-ri,233001580,36703.0,노변정류장,경기도 화성시,경기도 화성시 정남면,37.1554333,126.9661167
화성시,문학리,Munhak-ri,233000613,37606.0,노변정류장,경기도 화성시,경기도 화성시 정남면,37.1561,126.9666333
화성시,문학주유소,Munhak Gas Station,233001606,37653.0,노변정류장,경기도 화성시,경기도 화성시 향남읍,37.1437833,126.95955
화성시,문학주유소,Munhak Gas Station ,233001605,37652.0,노변정류장,경기도 화성시,경기도 화성시 정남면,37.1442167,126.9594
화성시,문호1동,Munho 1-dong,233003075,,노변정류장,경기도 화성시,,37.2628167,126.8035333
화성시,문호1동,Munho 1-dong,233003074,,노변정류장,경기도 화성시,,37.2629167,126.8033333
화성시,문호1동.당너머마을,"Munho 1-dong, Dangneomeo Maeul ",233002583,,노변정류장,경기도 화성시,,37.26485,126.8069833
화성시,문호1동.당너머마을,"Munho 1-dong, Dangneomeo Maeul ",233002699,,노변정류장,경기도 화성시,,37.2647667,126.8070833
화성시,문호2동,Munho 2-dong,233002578,,노변정류장,경기도 화성시,,37.2532833,126.798
화성시,문호2동,Munho 2-dong,233002587,,노변정류장,경기도 화성시,,37.2463667,126.8010333
화성시,문호2동,Munho 2-dong,233002586,,노변정류장,경기도 화성시,,37.2533333,126.7982333
화성시,문호2동,Munho 2-dong,233002700,,노변정류장,경기도 화성시,,37.2484667,126.7987667
화성시,문호동,Munho-dong,233002585,,노변정류장,경기도 화성시,,37.2598667,126.80195
화성시,문호동,Munho-dong,233002579,,노변정류장,경기도 화성시,,37.2598167,126.8017333
화성시,문화마을,Munhwa Maeul ,233001121,36813.0,노변정류장,경기도 화성시,경기도 화성시 우정읍,37.1240833,126.7954833
화성시,문화마을,Munhwa Maeul ,233000414,37449.0,노변정류장,경기도 화성시,경기도 화성시 우정읍,37.1240333,126.7956667
화성시,미득골마을,Mideukgol Maeul ,233002068,55038.0,노변정류장,경기도 화성시,경기도 화성시 진안동,37.2199833,127.03695
화성시,미득골마을,Mideukgol Maeul ,233001633,55352.0,노변정류장,경기도 화성시,경기도 화성시 진안동,37.2197667,127.0369833
화성시,미즈파크병원,Mizpark Woman Clinic ,233001672,37730.0,노변정류장,경기도 화성시,경기도 화성시 능동,37.20945,127.0602333
화성시,미즈파크병원,Mizpark Woman Clinic ,233001673,37736.0,노변정류장,경기도 화성시,경기도 화성시 능동,37.20965,127.0604833
화성시,밀레니엄자연학교,Millenium Nature School,233002096,37690.0,노변정류장,경기도 화성시,경기도 화성시 정남면,37.1516333,126.97805
화성시,밀레니엄자연학교,Millenium Nature School,233002097,55068.0,노변정류장,경기도 화성시,경기도 화성시 정남면,37.15175,126.9779667
화성시,밀알교회,Milal Church ,233002033,55016.0,노변정류장,경기도 화성시,경기도 화성시 기산동,37.2141667,127.0528
화성시,바다마트,Bada Mart,233001769,37809.0,,경기도 화성시,,37.1355833,126.9109
화성시,바다마트,Bada Mart,233002556,37271.0,노변정류장,경기도 화성시,,37.1355833,126.9110667
화성시,바이오단지입구,,233003099,55426.0,,,,37.17235,126.77375
화성시,박고지,Bakgoji,233000326,37030.0,노변정류장,경기도 화성시,경기도 화성시 서신면,37.1298167,126.6937167
화성시,박고지,Bakgoji,233000884,37029.0,노변정류장,경기도 화성시,경기도 화성시 서신면,37.1298667,126.69345
화성시,반달마을,Bandal Maeul ,233002111,55131.0,노변정류장,경기도 화성시,경기도 화성시 반월동,37.2345833,127.0671
화성시,반달마을,Bandal Maeul ,233002112,55132.0,노변정류장,경기도 화성시,경기도 화성시 반월동,37.2344,127.0670333
화성시,반도.모아아파트,"Bando,MoA Apartment ",233001491,37551.0,노변정류장,경기도 화성시,경기도 화성시 동탄면,37.2019167,127.11415
화성시,반도1차.경남,Bando 1-cha ,233000164,36811.0,노변정류장,경기도 화성시,경기도 화성시 동탄면,37.2031833,127.1106
화성시,반도3.금강,"Bando 3, Geumgang",233000161,36487.0,노변정류장,경기도 화성시,,37.1823333,127.1025833
화성시,반도3.금강,"Bando 3, Geumgang",233000996,36488.0,노변정류장,경기도 화성시,경기도 화성시 동탄면,37.1802,127.1032333
화성시,반도5차,,233001638,55484.0,,,,37.1944667,127.09145
화성시,반도5차,,233001641,55485.0,,,,37.1941667,127.0908
화성시,반도5차,,233001628,55491.0,,,,37.1963667,127.09255
화성시,반도5차,,233001625,37687.0,,,,37.1964333,127.0929167
화성시,반도6차,,233001629,55492.0,,,,37.2037167,127.0926
화성시,반도6차,,233003121,55517.0,,,,37.2045333,127.0909667
화성시,반도6차,,233001631,55493.0,,,,37.2039333,127.09295
화성시,반도6차,,233003120,55516.0,,,,37.2048167,127.0908667
화성시,반도유보라,Bando Ubora,233003049,55412.0,노변정류장,경기도 화성시,경기도 화성시 동탄면,37.1813,127.1051833
화성시,반도유보라,,233003141,55537.0,,,,37.2805,126.8227167
화성시,반도유보라,Bando Ubora,233003048,55411.0,노변정류장,경기도 화성시,경기도 화성시 동탄면,37.1812167,127.10495
화성시,반도유보라.대우푸르지오,"BandoUbora Apartment, Daewoo Prugio Apartment ",233000150,36515.0,노변정류장,경기도 화성시,경기도 화성시 동탄면,37.1987833,127.1152
화성시,반도유보라정문,Bando Ubora Apartment Main Gate,233001162,36448.0,노변정류장,경기도 화성시,경기도 동두천시 탑동동,37.2083,127.1172
화성시,반도유보라정문,Bando Ubora Apartment Back Gate,233001169,36450.0,노변정류장,경기도 화성시,경기도 동두천시 탑동동,37.2084,127.1167833
화성시,반도유보라후문,Bando Ubora Apartment Main Gate,233001306,36482.0,노변정류장,경기도 화성시,경기도 동두천시 탑동동,37.2088167,127.1184
화성시,반도유보라후문,Bando Ubora Apartment Back Gate,233001172,36785.0,노변정류장,경기도 화성시,경기도 동두천시 탑동동,37.2088833,127.1181833
화성시,반석초등학교,Banseok Elementary School ,233001960,37661.0,노변정류장,경기도 화성시,경기도 화성시 반송동,37.1934,127.0774667
화성시,반송고등학교,Bansong High School ,233001961,37669.0,노변정류장,경기도 화성시,경기도 화성시 반송동,37.1932167,127.0773833
화성시,반송초중교,Bansong Elementary & Middle School ,233001845,37888.0,노변정류장,경기도 화성시,경기도 화성시 반송동,37.1901833,127.0697
화성시,반송초중교,Bansong Elementary & Middle School ,233001844,37887.0,노변정류장,경기도 화성시,경기도 화성시 반송동,37.1899333,127.06965
화성시,반월1통.빅마켓앞,"Banwol 1-tong, Big Market",233000102,37592.0,노변정류장,경기도 화성시,경기도 화성시 반월동,37.2291833,127.0650667
화성시,반월1통.빅마켓앞,"Banwol 1-tong, Big Market",233000113,36403.0,노변정류장,경기도 화성시,경기도 화성시 반월동,37.22945,127.0649667
화성시,반월2통,Banwol 2-tong,233001573,37722.0,노변정류장,경기도 화성시,경기도 화성시 능동,37.2211833,127.0599667
화성시,반월3통,Banwol 3-tong,233001451,36389.0,노변정류장,경기도 화성시,경기도 화성시 반월동,37.2194667,127.0573333
화성시,반월동주민센터,Banwol-dong Community Center,233002669,,노변정류장,경기도 화성시,,37.2328,127.0607333
화성시,반월리,Banwol-ri,233001559,55228.0,노변정류장,경기도 화성시,경기도 화성시 반월동,37.2334667,127.0645667
화성시,반월리큰고개,Banwol-ri Keun Gogae,233000116,36399.0,노변정류장,경기도 화성시,경기도 화성시 반월동,37.233,127.0648
화성시,반월리큰고개,Banwol-ri Kkeun Gogae,233001211,36396.0,노변정류장,경기도 화성시,경기도 화성시 반월동,37.23255,127.0647833
화성시,반월자이에뜨,Banwol Xiette,233000146,36439.0,노변정류장,경기도 화성시,경기도 화성시 반월동,37.2280667,127.0464333
화성시,반월초등학교,I-Park Apartment Back Gate,233002251,55442.0,노변정류장,경기도 화성시,경기도 화성시 봉담읍,37.2229,127.0618
화성시,반정동,Banjeong-dong,233002462,37702.0,노변정류장,경기도 화성시,경기도 화성시 반정동,37.22145,127.0278167
화성시,반정동,Banjeong-dong,233002461,36391.0,노변정류장,경기도 화성시,경기도 화성시 반정동,37.2217333,127.0271333
화성시,반정동(경유),,277102014,,,,,37.2327667,127.0364
화성시,반정리,Banjeong-ri,233002070,55029.0,노변정류장,경기도 화성시,경기도 화성시 반정동,37.2284167,127.0341167
화성시,반정리,Banjeong-ri,233002069,55032.0,노변정류장,경기도 화성시,경기도 화성시 반정동,37.2285333,127.0343167
화성시,발안IC(경유),,277103587,,,,,37.1234833,126.8824333
화성시,발안IC(경유),,277103586,,,,,37.12375,126.8820167
화성시,발안TG(경유),,277103588,,,,,37.1213667,126.8871667
화성시,발안TG(경유),,277103589,,,,,37.1216667,126.8877667
화성시,발안기업은행,Baran IBK Bank,233001936,37277.0,노변정류장,경기도 화성시,경기도 화성시 향남읍,37.1302833,126.91015
화성시,발안농협,Baran Nonghyup,233000816,37265.0,노변정류장,경기도 화성시,경기도 화성시 향남읍,37.12945,126.9094167
화성시,발안리(경유),,277102393,,,,,37.1313167,126.9063333
화성시,발안마을주공아파트,Baran Maeul Jugong Apartment,233000523,36908.0,노변정류장,경기도 화성시,경기도 화성시 향남읍,37.1293833,126.9006833
화성시,발안만세시장,Zero Mart,233000387,36876.0,노변정류장,경기도 화성시,경기도 화성시 향남읍,37.1333,126.9094167
화성시,발안만세시장,Zero Mart,233001394,36925.0,노변정류장,경기도 화성시,경기도 화성시 향남읍,37.1327167,126.9086
화성시,발안사거리.평리,"Baran Sageori, Pyeong-ri ",233001565,37625.0,노변정류장,경기도 화성시,경기도 화성시 향남읍,37.1314667,126.9104833
화성시,발안사거리.평리,"Baran Sageori, Pyeong-ri ",233000817,37268.0,노변정류장,경기도 화성시,경기도 화성시 향남읍,37.1315333,126.9102
화성시,발안산업단지,Baran Industrial Complex,233001533,37461.0,노변정류장,경기도 화성시,경기도 화성시 향남읍,37.0864,126.8998667
화성시,발안산업단지,Baran Industrial Complex,233001534,37460.0,노변정류장,경기도 화성시,경기도 화성시 향남읍,37.0861833,126.8998833
화성시,발안삼거리,Baran Samgeori ,233001864,37912.0,노변정류장,경기도 화성시,경기도 화성시 향남읍,37.1347667,126.91145
화성시,발안삼거리.바다마트,"Baran Samgeori, Bada Mart",233001558,37270.0,노변정류장,경기도 화성시,경기도 화성시 향남읍,37.1359167,126.91095
화성시,발안삼거리.바다마트,"Baran Samgeori, Bada Mart",233001371,37273.0,노변정류장,경기도 화성시,경기도 화성시 향남읍,37.1356167,126.9113
화성시,발안삼거리.바다마트(경유),,277102431,,,,,37.13665,126.9085833
화성시,발안삼거리.바다마트(경유),,277101644,,,,,37.1367833,126.9086333
화성시,발안식염온천,Baran Spa,233001794,37840.0,노변정류장,경기도 화성시,경기도 화성시 장안면,37.0927333,126.8663833
화성시,발안주공아파트,Baran Jugong Apartment,233001935,37941.0,노변정류장,경기도 화성시,경기도 화성시 향남읍,37.1310667,126.8990833
화성시,발안초등학교,Baran Elementary School ,233000632,37464.0,노변정류장,경기도 화성시,경기도 화성시 향남읍,37.1310333,126.9121667
화성시,방교리,Banggyo-ri,233002362,55257.0,노변정류장,경기도 화성시,경기도 화성시 동탄면,37.1803333,127.0924
화성시,방교리,Banggyo-ri ,233002361,36269.0,노변정류장,경기도 화성시,경기도 화성시 동탄면,37.1791167,127.0915333
화성시,방교리산업단지,,233523930,,,,,37.1718,127.0867667
화성시,방교리산업단지,,233527360,,,,,37.1716333,127.0864
화성시,방교초.레이크자이더테라스,,233002261,55475.0,,,,37.17265,127.10135
화성시,방축리,Bangchuk-ri,233001109,37280.0,노변정류장,경기도 화성시,경기도 화성시 향남읍,37.12,126.9183667
화성시,방축리,Bangchuk-ri,233000618,37281.0,노변정류장,경기도 화성시,경기도 화성시 향남읍,37.1200333,126.9186667
화성시,배밭,Baebat,233001080,37341.0,노변정류장,경기도 화성시,경기도 화성시 양감면,37.1173667,126.983
화성시,배밭,Baebat,233001079,37340.0,노변정류장,경기도 화성시,경기도 화성시 양감면,37.1174667,126.9828833
화성시,배양1동,,233532650,,,,,37.2267833,126.9977
화성시,배양2리,Baeyang 2-ri ,233002717,55455.0,노변정류장,경기도 화성시,,37.2268333,126.9920667
화성시,배양초등학교,Baeyang Elementary School ,233002723,,노변정류장,경기도 화성시,,37.2188667,126.9877833
화성시,배양초등학교,Baeyang Elementary School ,233002724,,노변정류장,경기도 화성시,,37.2186833,126.9878667
화성시,백1리,Baek 1-ri,233001599,37645.0,노변정류장,경기도 화성시,경기도 화성시 정남면,37.1666,126.9578167
화성시,백1리,Baek 1-ri,233001575,36138.0,노변정류장,경기도 화성시,경기도 화성시 정남면,37.16645,126.9579
화성시,백2리앞,Baek 2-ri,233001598,37644.0,노변정류장,경기도 화성시,경기도 화성시 정남면,37.1674833,126.9553833
화성시,백2리앞,Baek 2-ri,233001597,37643.0,노변정류장,경기도 화성시,경기도 화성시 정남면,37.1674167,126.9553667
화성시,백곡1리,Baekgok 1-ri ,233002800,,노변정류장,경기도 화성시,,37.1805667,126.7362
화성시,백곡2리,Baekgok 2-ri ,233002802,,노변정류장,경기도 화성시,,37.1852333,126.7286333
화성시,백곡2리,Baekgok 2-ri,233002803,,노변정류장,경기도 화성시,,37.1862667,126.7259167
화성시,백곡2리,Baekgok 2-ri ,233002599,,노변정류장,경기도 화성시,,37.1862,126.72625
화성시,백미리사랑방,Baengmi-ri Sarangbang,233003040,,노변정류장,경기도 화성시,,37.1433,126.68305
화성시,백미리사랑방,Baengmi-ri Sarangbang,233003042,,노변정류장,경기도 화성시,,37.1432667,126.6830167
화성시,백미리입구,Baengmi-ri ,233002237,55137.0,노변정류장,경기도 화성시,경기도 화성시 서신면,37.1515667,126.7007
화성시,백미리입구,Baengmi-ri ,233002238,55209.0,노변정류장,경기도 화성시,경기도 화성시 서신면,37.1523333,126.7005667
화성시,백미리항,Baengmi-ri Port,233003041,,노변정류장,경기도 화성시,,37.1437833,126.6796
화성시,백석,Baekseok,233002297,55211.0,노변정류장,경기도 화성시,경기도 화성시 서신면,37.1556,126.7034
화성시,백석,Baekseok,233002309,55222.0,노변정류장,경기도 화성시,경기도 화성시 서신면,37.1555667,126.70365
화성시,백석로입구,Baekseok-ro,233002299,55213.0,노변정류장,경기도 화성시,경기도 화성시 서신면,37.1589,126.7060833
화성시,백석로입구,Baekseok-ro,233002310,55223.0,노변정류장,경기도 화성시,경기도 화성시 서신면,37.1584167,126.70615
화성시,백토1리,Baekto 1-ri,233000625,37465.0,노변정류장,경기도 화성시,경기도 화성시 향남읍,37.1176833,126.9438333
화성시,백토1리,Baekto 1-ri ,233000622,37383.0,노변정류장,경기도 화성시,경기도 화성시 향남읍,37.1165667,126.9502667
화성시,백토2리,Baekto 2-ri,233001207,37517.0,노변정류장,경기도 화성시,경기도 화성시 향남읍,37.11945,126.9556
화성시,백토리사거리,Baekto-ri Sageori ,233000623,36748.0,노변정류장,경기도 화성시,경기도 화성시 향남읍,37.1176,126.9438167
화성시,백토리상공회의소,Baekto-ri Chamber of Commerce & Industry,233001711,37689.0,노변정류장,경기도 화성시,경기도 화성시 향남읍,37.1305333,126.9304
화성시,백토리상공회의소,Baekto-ri Chamber of Commerce & Industry,233001389,37545.0,노변정류장,경기도 화성시,경기도 화성시 향남읍,37.1306833,126.9302667
화성시,뱅뱅이,Baengbaengi,233000647,36292.0,노변정류장,경기도 화성시,경기도 화성시 정남면,37.1867,127.0052167
화성시,뱅뱅이,Baengbaengi,233001128,36291.0,노변정류장,경기도 화성시,경기도 화성시 정남면,37.18675,127.00505
화성시,베라체,,233001568,36693.0,,,,37.1907333,127.1227
화성시,벧엘기도원,Bethel Prayer's House ,233002858,,노변정류장,경기도 화성시,,37.1597667,126.8054667
화성시,벧엘기도원,Bethel Prayer's House ,233002853,,노변정류장,경기도 화성시,,37.1597667,126.80535
화성시,병점고등학교,Byeongjeom High School,233001662,37704.0,노변정류장,경기도 화성시,경기도 화성시 병점동,37.2051167,127.0430833
화성시,병점고등학교,Byeongjeom High School,233001663,37728.0,노변정류장,경기도 화성시,경기도 화성시 병점동,37.20515,127.0433667
화성시,병점사거리,Byeongjeom Sageori,233000703,36753.0,노변정류장,경기도 화성시,경기도 화성시 진안동,37.2083833,127.0344333
화성시,병점역,Byeongjeom Station ,233002063,55031.0,노변정류장,경기도 화성시,경기도 화성시 병점동,37.2068667,127.0340333
화성시,병점역,Byeongjeom Station ,233002064,55034.0,노변정류장,경기도 화성시,경기도 화성시 진안동,37.2068333,127.0338333
화성시,병점역사거리,Byeongjeomyeok Sageori,233000702,36345.0,노변정류장,경기도 화성시,경기도 화성시 병점동,37.2069167,127.0356333
화성시,병점역후문,Byeongjeom Station Back Gate,233000695,36338.0,노변정류장,경기도 화성시,경기도 화성시 진안동,37.2069,127.0316333
화성시,병점역후문,Byeongjeom Station Back Gate,233000701,36339.0,노변정류장,경기도 화성시,경기도 화성시 진안동,37.2068667,127.0318333
화성시,병점육교(경유),,277102693,,,,,37.2088833,127.0301333
화성시,병점입구.병점육교.화남아파트,"Byeongjeom, Byeongjeom Overpass, Hwanam Apartment ",233000707,36341.0,노변정류장,경기도 화성시,경기도 화성시 진안동,37.2106667,127.0328667
화성시,병점입구.화남아파트.병점육교,"Byeongjeom, Hwanam Apartment, Byeongjeom Overpass",233000704,36340.0,노변정류장,경기도 화성시,경기도 화성시 진안동,37.2106667,127.0325333
화성시,병점정형외과(경유),,277101836,,,,,37.20605,127.0366167
화성시,병점화남아파트,Byeongjeom Hwanam Apartment ,233000641,36347.0,노변정류장,경기도 화성시,경기도 화성시 진안동,37.2119667,127.03755
화성시,보보스.롯데슈퍼,"Bobos, Lotte Supermarket",233002728,,노변정류장,경기도 화성시,,37.22225,126.9743833
화성시,보보스.롯데슈퍼,"Bobos, Lotte Supermarket",233002727,,노변정류장,경기도 화성시,,37.22255,126.97455
화성시,보통2리,Botong 2-ri,233000606,36196.0,노변정류장,경기도 화성시,경기도 화성시 정남면,37.1893833,126.9777167
화성시,보통2리,Botong 2-ri ,233000611,36206.0,노변정류장,경기도 화성시,경기도 화성시 정남면,37.19035,126.9793833
화성시,보통3리,Botong 3-ri,233002095,55366.0,노변정류장,경기도 화성시,경기도 화성시 정남면,37.1825833,126.9769667
화성시,보통3리,Botong 3-ri,233002094,55365.0,노변정류장,경기도 화성시,경기도 화성시 정남면,37.1825833,126.97685
화성시,보통리입구,Botong-ri ,233000914,36158.0,노변정류장,경기도 화성시,경기도 화성시 봉담읍,37.1987,126.96925
화성시,보통리입구,Botong-ri,233000915,36156.0,노변정류장,경기도 화성시,경기도 화성시 봉담읍,37.1985667,126.96935
화성시,복사꽃마을.향토박물관,"Boksaggot Maeul, Folk Museum ",233002077,55052.0,노변정류장,경기도 화성시,경기도 화성시 향남읍,37.1322333,126.9274667
화성시,복지회관,Welfare Center,233002670,,노변정류장,경기도 화성시,,37.2327,127.06095
화성시,복지회관,Welfare Community Center,233001399,36723.0,노변정류장,경기도 화성시,경기도 화성시 우정읍,37.1002,126.7836667
화성시,복지회관,Welfare Community Center,233001393,36724.0,노변정류장,경기도 화성시,경기도 화성시 우정읍,37.1002333,126.7837167
화성시,복합문화센터,"City Hospital, Multi-Cultural Center",233001734,37852.0,노변정류장,경기도 화성시,경기도 화성시 반송동,37.2011167,127.0711
화성시,봉가1리,Bongga 1-ri ,233000289,37094.0,노변정류장,경기도 화성시,경기도 화성시 송산면,37.2122833,126.7449167
화성시,봉가1리,Bongga 1-ri ,233002889,,노변정류장,경기도 화성시,,37.2124333,126.7450333
화성시,봉가1리,Bongga 1-ri,233000878,37095.0,노변정류장,경기도 화성시,경기도 화성시 송산면,37.2122833,126.7453167
화성시,봉담119안전센터,Bongdam-eup Office,233001995,37971.0,노변정류장,경기도 화성시,경기도 화성시 봉담읍,37.2196,126.94945
화성시,봉담IC(경유),,277102846,,,,,37.2292667,126.9563667
화성시,봉담IC(경유),,277102847,,,,,37.2286833,126.9570833
화성시,봉담IC교차로(경유),,277102501,,,,,37.2296333,126.9568833
화성시,봉담IC교차로(경유),,277101927,,,,,37.22935,126.9572333
화성시,봉담성당앞,,233533280,,,,,37.21095,126.9562167
화성시,봉담성당앞,,233533270,,,,,37.2108167,126.9560667
화성시,봉담읍사무소,Bongdam-eup Office,233000836,36123.0,노변정류장,경기도 화성시,경기도 화성시 봉담읍,37.2204167,126.9493
화성시,봉담읍사무소,Bongdam-eup Office,233000786,36122.0,노변정류장,경기도 화성시,경기도 화성시 봉담읍,37.2203167,126.9495833
화성시,봉담중.고등학교,Bongdam Middle & High School,233001661,37883.0,노변정류장,경기도 화성시,경기도 화성시 봉담읍,37.2194,126.9538667
화성시,봉담택지지구,Bongdam Housing Site,233002087,37688.0,노변정류장,경기도 화성시,경기도 화성시 봉담읍,37.2199,126.9535
화성시,봉담푸르지오.아이파크,"Bongdam I-Park Apartment, Prugio",233002744,55441.0,노변정류장,경기도 화성시,,37.2135667,126.9694
화성시,봉담푸르지오.아이파크,I-Park Apartment Main Gate,233002743,55443.0,노변정류장,경기도 화성시,,37.21305,126.9692333
화성시,봉담한신아파트,Bongdam Hanshin Apartment ,233000570,36124.0,노변정류장,경기도 화성시,경기도 화성시 봉담읍,37.2180167,126.95015
화성시,봉담호수공원.신협앞,"Bongdam Lake Park, ",233002084,55055.0,노변정류장,경기도 화성시,경기도 화성시 봉담읍,37.2186667,126.9504833
화성시,봉담휴먼빌아파트,Bongdam Humanville Apartment ,233002372,55251.0,노변정류장,경기도 화성시,경기도 화성시 봉담읍,37.2140333,126.9699167
화성시,봉래사,Bongraesa,233001786,37825.0,노변정류장,경기도 화성시,경기도 화성시 우정읍,37.1053,126.7980333
화성시,봉림사입구,Bongnimsa,233002163,55254.0,노변정류장,경기도 화성시,,37.2174833,126.841
화성시,봉림사입구,Bongnimsa,233002164,55255.0,노변정류장,경기도 화성시,,37.2175667,126.8407833
화성시,부영A70블럭,,233001696,37696.0,,,,37.1699333,127.1189167
화성시,부영A70블럭,,233001695,37724.0,,,,37.1701167,127.1186333
화성시,부영A73블럭.아이파크,,233001753,55504.0,,,,37.1658167,127.1091333
화성시,부영A74블럭.아이파크,,233001741,55502.0,,,,37.1660167,127.11395
화성시,부영A75블럭.A78블럭,,233001699,55500.0,,,,37.1675167,127.1171833
화성시,부처내,Bucheo,233000031,36278.0,노변정류장,경기도 화성시,경기도 화성시 양감면,37.12265,126.9965667
화성시,부처내,Bucheo,233000946,37351.0,노변정류장,경기도 화성시,경기도 화성시 양감면,37.1227833,126.9967
화성시,북양1통,Bukyang 1-tong,233000771,37776.0,노변정류장,경기도 화성시,,37.21895,126.8318
화성시,북양1통.봉림사,"Bugyang 1-tong, Bongnimsa",233000727,36035.0,노변정류장,경기도 화성시,,37.2185833,126.8321333
화성시,북양1통.염티고개,"Buyang 1-tong, Yeomti Gogae",233000726,36043.0,노변정류장,경기도 화성시,,37.2220833,126.8398333
화성시,북양1통.염티고개,"Bukyang 1-tong, Yeomteo Gogae",233000772,36042.0,노변정류장,경기도 화성시,,37.2221333,126.8390333
화성시,북양2리,Bukyang 3-tong,233000556,36041.0,노변정류장,경기도 화성시,,37.2177833,126.8358667
화성시,북양2리,Bukyang 2-tong,233001231,36040.0,노변정류장,경기도 화성시,,37.2176167,126.8358167
화성시,북양교차로,Bukyang Junction,233001232,36052.0,노변정류장,경기도 화성시,,37.21135,126.8552833
화성시,북양교차로,Bugyang Junction ,233000557,36053.0,노변정류장,경기도 화성시,,37.2111833,126.8559833
화성시,북양산업단지,Bukyang Industrial Complex,233002401,55345.0,노변정류장,경기도 화성시,,37.2155167,126.8513333
화성시,북양산업단지,Bukyang Industrial Complex,233002402,55346.0,노변정류장,경기도 화성시,,37.2148833,126.85215
화성시,북촌말앞,Bukchonmal ,233000598,37573.0,노변정류장,경기도 화성시,경기도 화성시 봉담읍,37.2201,126.9765667
화성시,북촌말입구,Bukchonmal  ,233000644,36311.0,노변정류장,경기도 화성시,경기도 화성시 안녕동,37.2026833,127.0136
화성시,북촌말입구,Bukchonmal ,233000587,36195.0,노변정류장,경기도 화성시,경기도 화성시 봉담읍,37.21965,126.9766333
화성시,분천교회.분천리,"Buncheon Chourch, Buncheon-ri",233002550,36143.0,노변정류장,경기도 화성시,,37.209,126.9587167
화성시,분천리,Buncheon-ri ,233002551,36139.0,노변정류장,경기도 화성시,,37.2091167,126.9588667
화성시,분천리.분천교회,"Buncheon-ri, Buncheon Church ",233001654,37972.0,노변정류장,경기도 화성시,경기도 화성시 봉담읍,37.2088,126.9595333
화성시,분천리.분천교회,"Buncheon-ri, Buncheon Church ",233001655,37966.0,노변정류장,경기도 화성시,경기도 화성시 봉담읍,37.2093,126.9596667
화성시,브론코병원,Bronco Memorical Hospital ,233001527,37409.0,노변정류장,경기도 화성시,경기도 화성시 팔탄면,37.1278667,126.8601333
화성시,브론코병원,Bronco Memorical Hospital ,233002788,,노변정류장,경기도 화성시,,37.12775,126.8602167
화성시,비봉IC(경유),,277103585,,,,,37.24345,126.8824167
화성시,비봉IC(경유),,277103584,,,,,37.2438,126.8821333
화성시,비봉교차로,Bibong Junction ,233002321,55226.0,노변정류장,경기도 화성시,경기도 화성시 비봉면,37.2388333,126.8792
화성시,비봉면사무소,Bibong-myeon Office,233002964,,노변정류장,경기도 화성시,,37.2357333,126.8732833
화성시,비봉중고등학교,"Bibong Middle, High School ",233000778,37183.0,노변정류장,경기도 화성시,경기도 화성시 비봉면,37.2367167,126.8732167
화성시,비봉중고등학교,Bibong Middle & High School ,233000721,37186.0,노변정류장,경기도 화성시,경기도 화성시 비봉면,37.2368667,126.8739
화성시,비봉중고등학교(임시),,233525510,,,,,37.2366,126.8733667
화성시,비봉초등학교후문,Beebong Elementary School Back Gate,233000722,37171.0,노변정류장,경기도 화성시,경기도 화성시 비봉면,37.2362167,126.8682333
화성시,비봉초등학교후문.삼화3리,"Bibong Elementary School Back Gate, Samhwa 3-ri ",233000777,37170.0,노변정류장,경기도 화성시,경기도 화성시 비봉면,37.2363167,126.86815
화성시,비우물,Biumul,233002545,36495.0,노변정류장,경기도 화성시,,37.17195,126.7064167
화성시,빅마켓앞,Big Market,233000115,36405.0,노변정류장,경기도 화성시,경기도 화성시 반월동,37.23045,127.0680667
화성시,빼골,Ppaegol,233001125,36260.0,노변정류장,경기도 화성시,경기도 화성시 정남면,37.1800333,126.98825
화성시,빼골,Ppaegol,233000651,36261.0,노변정류장,경기도 화성시,경기도 화성시 정남면,37.1799833,126.98835
화성시,사강3리,Sagang 3-ri,233001460,37075.0,노변정류장,경기도 화성시,경기도 화성시 송산면,37.2270167,126.7274
화성시,사강3리,Sagang 3-ri,233000278,37074.0,노변정류장,경기도 화성시,경기도 화성시 송산면,37.2268833,126.7273667
화성시,사강3리.양짓말,"Sagang 3-ri, Yangjitmal ",233002877,,노변정류장,경기도 화성시,,37.2227833,126.71815
화성시,사강3리.양짓말,"Sagang 3-ri, Yangjitmal ",233002878,,노변정류장,경기도 화성시,,37.2229167,126.7181333
화성시,사강복지회관,Sagang Welfare Center,233000855,37080.0,노변정류장,경기도 화성시,경기도 화성시 송산면,37.2127,126.73265
화성시,사강복지회관,Sagang Welfare Center,233000271,37081.0,노변정류장,경기도 화성시,경기도 화성시 송산면,37.2128667,126.7326333
화성시,사강시장,Sagang Market,233000268,37084.0,노변정류장,경기도 화성시,경기도 화성시 송산면,37.2130167,126.7366333
화성시,사강시장,Sagang Market,233000859,37085.0,노변정류장,경기도 화성시,경기도 화성시 송산면,37.2131833,126.7369167
화성시,사강정형외과,Sagang Orthopaedics,233000267,37088.0,노변정류장,경기도 화성시,경기도 화성시 송산면,37.2133833,126.7389833
화성시,사강정형외과,Sagang Orthopaedics,233002940,,노변정류장,경기도 화성시,,37.2135333,126.73995
화성시,사강종점,Sagang Bus Terminal ,233002875,,노변정류장,경기도 화성시,,37.2140333,126.7375667
화성시,사강종점,Sagang Bus Terminal ,233002876,,노변정류장,경기도 화성시,,37.2140833,126.7377333
화성시,사곡1리,Sagok 1-ri,233000993,37478.0,노변정류장,경기도 화성시,경기도 화성시 장안면,37.0690833,126.8092167
화성시,사곡1리,Sagok 1-ri ,233000476,37434.0,노변정류장,경기도 화성시,경기도 화성시 장안면,37.0689,126.80925
화성시,사곡2리,Sagok 2-ri,233000489,36915.0,노변정류장,경기도 화성시,경기도 화성시 장안면,37.0645333,126.8154
화성시,사곡2리,Sagok 2-ri ,233000494,37429.0,노변정류장,경기도 화성시,경기도 화성시 장안면,37.0645333,126.8152167
화성시,사곡5리,Sagok 5-ri,233000488,36916.0,노변정류장,경기도 화성시,경기도 화성시 장안면,37.0682333,126.8162333
화성시,사곡5리,Sagok 5-ri,233000495,36911.0,노변정류장,경기도 화성시,경기도 화성시 장안면,37.0681167,126.816
화성시,사곡6리,Sagok 6-ri ,233000487,37431.0,노변정류장,경기도 화성시,경기도 화성시 장안면,37.0749667,126.8153333
화성시,사곡6리,Sagok 6-ri ,233000496,36910.0,노변정류장,경기도 화성시,경기도 화성시 장안면,37.0748167,126.81515
화성시,사곳리.개내기,"Sagot-ri, Gaenaegi",233002648,37577.0,노변정류장,경기도 화성시,,37.15265,126.7177333
화성시,사곳리.개내기,"Sagot-ri, Gaenaegi",233002528,,노변정류장,경기도 화성시,,37.1527333,126.7177
화성시,사곳리마을회관,Sagot-ri Community Center,233002605,,노변정류장,경기도 화성시,,37.15615,126.7246333
화성시,사곳리마을회관,Sagot-ri Community Center,233002912,,노변정류장,경기도 화성시,,37.1562,126.7245333
화성시,사곳입구,Sagot,233002300,55214.0,노변정류장,경기도 화성시,경기도 화성시 서신면,37.1635667,126.7077833
화성시,사곳입구,Sagot,233002298,55212.0,노변정류장,경기도 화성시,경기도 화성시 서신면,37.1636833,126.7080167
화성시,사랑리,Sarang-ri,233000499,37130.0,노변정류장,경기도 화성시,경기도 화성시 장안면,37.0734167,126.83425
화성시,사랑리,Sarang-ri,233000514,37129.0,노변정류장,경기도 화성시,경기도 화성시 장안면,37.0734333,126.834
화성시,사랑의교회,Sarang Church ,233001962,55130.0,노변정류장,경기도 화성시,경기도 화성시 반송동,37.1935833,127.08085
화성시,사창1리,Sachang 1-ri ,233000030,36165.0,노변정류장,경기도 화성시,경기도 화성시 양감면,37.0937667,126.9712833
화성시,사창1리,Sachang 1-ri ,233001112,36166.0,노변정류장,경기도 화성시,경기도 화성시 양감면,37.0937167,126.9714
화성시,사창2리.요꼴,"Sachang 2-ri, Yoggol",233001085,36178.0,노변정류장,경기도 화성시,경기도 화성시 양감면,37.1069333,126.9724
화성시,사창2리.요꼴,Sachang 2-ri,233000017,36179.0,노변정류장,경기도 화성시,경기도 화성시 양감면,37.1069667,126.9725
화성시,사창3리,Sachang 3-ri,233000018,36171.0,노변정류장,경기도 화성시,경기도 화성시 양감면,37.0964,126.9717
화성시,사창4리,Sachang 4-ri,233000019,36170.0,노변정류장,경기도 화성시,경기도 화성시 양감면,37.0892167,126.9718667
화성시,사창4리,Sachang 4-ri ,233000027,36167.0,노변정류장,경기도 화성시,경기도 화성시 양감면,37.0890167,126.9716333
화성시,사창리,Sachang-ri,233002483,55342.0,노변정류장,경기도 화성시,경기도 화성시 양감면,37.0913,126.9757833
화성시,사창리,Sachang-ri,233002482,55341.0,노변정류장,경기도 화성시,경기도 화성시 양감면,37.0912333,126.9758
화성시,사창초등학교,Sachang Elementary School ,233001090,36175.0,노변정류장,경기도 화성시,경기도 화성시 양감면,37.09115,126.9722833
화성시,사창초등학교,Sachang Elementary School ,233001197,36182.0,노변정류장,경기도 화성시,경기도 화성시 양감면,37.0909,126.9725333
화성시,사창초등학교,Sachang Elementary School,233000028,36173.0,노변정류장,경기도 화성시,경기도 화성시 양감면,37.0912,126.9721833
화성시,사창초등학교,Sachang Elementary School ,233001198,36180.0,노변정류장,경기도 화성시,경기도 화성시 양감면,37.0908167,126.9726
화성시,산수유,Sansuyu,233000984,36413.0,노변정류장,경기도 화성시,경기도 화성시 동탄면,37.1809,127.0780667
화성시,산수유,Sansuyu,233000983,36411.0,노변정류장,경기도 화성시,경기도 화성시 동탄면,37.1809333,127.07815
화성시,산안농장,Sanan Farm,233001539,36732.0,노변정류장,경기도 화성시,경기도 화성시 향남읍,37.0715,126.8926333
화성시,산안농장,Sanan Farm,233001540,36731.0,노변정류장,경기도 화성시,경기도 화성시 향남읍,37.0714833,126.8928333
화성시,산척리,Sancheok-ri,233002114,55090.0,노변정류장,경기도 화성시,경기도 화성시 동탄면,37.171,127.09
화성시,산척리,Sancheok-ri,233002113,55089.0,노변정류장,경기도 화성시,경기도 화성시 동탄면,37.1690833,127.0894833
화성시,산호아파트,Sanho Apartment ,233001362,37524.0,노변정류장,경기도 화성시,경기도 화성시 장안면,37.0749833,126.8168667
화성시,살고지입구,Salgoji,233001299,36947.0,노변정류장,경기도 화성시,경기도 화성시 서신면,37.1629167,126.6665167
화성시,살고지입구,Salgoji,233001294,37008.0,노변정류장,경기도 화성시,경기도 화성시 서신면,37.1626,126.6671
화성시,살곶이,Salgoji,233002838,,노변정류장,경기도 화성시,,37.1679167,126.8347167
화성시,삼거리,Samgeori,233002793,,노변정류장,경기도 화성시,,37.0916333,126.9189167
화성시,삼거리.원슈퍼.원마트,"Samgeori, One Supermarket, One-Mart",233001072,37349.0,노변정류장,경기도 화성시,,37.1223167,126.99415
화성시,삼괴중고교,Samgoe Middle & High School,233002088,55067.0,노변정류장,경기도 화성시,경기도 화성시 우정읍,37.0884333,126.8209833
화성시,삼괴중고교,Samgoe Middle & High School,233002089,55064.0,노변정류장,경기도 화성시,경기도 화성시 우정읍,37.0882667,126.8211
화성시,삼괴중고등학교,Samgoe Middle & High School,233001066,37497.0,노변정류장,경기도 화성시,경기도 화성시 우정읍,37.0867667,126.8189333
화성시,삼괴중고등학교,Samgoe Middle & High School,233001067,36823.0,노변정류장,경기도 화성시,경기도 화성시 우정읍,37.0870167,126.8189833
화성시,삼미.쌍용아파트,"Sammi, Ssangyong Apartment",233000782,37325.0,노변정류장,경기도 화성시,경기도 화성시 매송면,37.2434333,126.9534833
화성시,삼미.쌍용아파트,"Sammi, Ssangyong Apartment",233000711,37324.0,노변정류장,경기도 화성시,경기도 화성시 매송면,37.2432,126.9533
화성시,삼밭골,Sambatgol,233002609,,노변정류장,경기도 화성시,,37.1665833,126.7211
화성시,삼밭골,Sambatgol,233002608,,노변정류장,경기도 화성시,,37.1667,126.7211667
화성시,삼봉마을.신안인스빌,"Sambong Maeul, Shinhan Ensvil Aparmtent",233000835,36119.0,노변정류장,경기도 화성시,경기도 화성시 봉담읍,37.2187333,126.9467667
화성시,삼봉마을.신안인스빌,Sambong Maeul ,233000787,36118.0,노변정류장,경기도 화성시,경기도 화성시 봉담읍,37.2184,126.9467333
화성시,삼부실,Sambusil,233002567,,노변정류장,경기도 화성시,,37.2336833,126.8225833
화성시,삼성반도체,Samsung Semiconductor ,233000103,36397.0,노변정류장,경기도 화성시,경기도 화성시 반월동,37.2250833,127.064
화성시,삼성반도체후문,Samsung Semiconductor Back Gate,233001212,36408.0,노변정류장,경기도 화성시,경기도 화성시 반월동,37.2276667,127.0706833
화성시,삼성반도체후문,Samsung Semiconductor Back Gate,233001977,37956.0,노변정류장,경기도 화성시,경기도 화성시 석우동,37.2209333,127.0757833
화성시,삼성반도체후문,Samsung Semiconductor Back Gate,233002353,55253.0,노변정류장,경기도 화성시,경기도 화성시 반월동,37.2284167,127.0712833
화성시,삼성전자,"Samsung Electronics Co., Ltd. ",233000112,36395.0,노변정류장,경기도 화성시,경기도 화성시 반월동,37.2237333,127.0625833
화성시,삼일화학,Samil Chemical,233001349,36258.0,노변정류장,경기도 화성시,경기도 화성시 정남면,37.1420667,126.9863667
화성시,삼일화학,Samil Chemical,233001348,36257.0,노변정류장,경기도 화성시,경기도 화성시 정남면,37.1419,126.9863333
화성시,삼존2리마을회관,Samjon 2-ri Community Center,233002874,,노변정류장,경기도 화성시,,37.2158833,126.75225
화성시,삼존2리마을회관,Samjon 2-ri Community Center,233002898,,노변정류장,경기도 화성시,,37.21595,126.7523167
화성시,삼존2리입구,Samjon 2-ri ,233002584,,노변정류장,경기도 화성시,,37.2139667,126.7483
화성시,삼존2리입구,Samjon 2-ri ,233002580,,노변정류장,경기도 화성시,,37.21385,126.7482333
화성시,삼존3리,Samjon 3-ri ,233002895,,노변정류장,경기도 화성시,,37.2194,126.7655667
화성시,삼존리,Samjon-ri,233000739,37099.0,노변정류장,경기도 화성시,경기도 화성시 송산면,37.2111833,126.75905
화성시,삼존리자동차성능시험장,Samjon-ri Vehicle Testing Site,233000759,37100.0,노변정류장,경기도 화성시,경기도 화성시 송산면,37.2108,126.7605167
화성시,삼주농장입구,Samju Farm,233001771,37796.0,노변정류장,경기도 화성시,경기도 화성시 장안면,37.066,126.8530167
화성시,삼풍전선,Sampoong Electric Wire,233001087,36181.0,노변정류장,경기도 화성시,경기도 화성시 양감면,37.1010667,126.9724667
화성시,삼풍전선,Sampoong Electric Wire,233001086,36177.0,노변정류장,경기도 화성시,경기도 화성시 양감면,37.1007,126.9724
화성시,삼화1리,Samhwa 1-ri,233001269,37144.0,노변정류장,경기도 화성시,경기도 화성시 정남면,37.2514333,126.8560667
화성시,삼화리,Samhwa-ri,233000724,37162.0,노변정류장,경기도 화성시,경기도 화성시 비봉면,37.2362,126.8637
화성시,삼화리.천산아파트,"Samhwa-ri, Cheonsan Apartment ",233000774,37161.0,노변정류장,경기도 화성시,경기도 화성시 비봉면,37.2360833,126.8629167
화성시,상2리,Sang 2-ri,233001060,36783.0,노변정류장,경기도 화성시,경기도 화성시 봉담읍,37.2271667,126.9307167
화성시,상2리,Sang 2-ri,233001336,37503.0,노변정류장,경기도 화성시,경기도 화성시 봉담읍,37.2272833,126.9304667
화성시,상기1리세거리,Sanggi 1-ri Segeori,233000548,36072.0,노변정류장,경기도 화성시,경기도 화성시 봉담읍,37.2030333,126.9309167
화성시,상기1리즘곰마을,Sanggi 1-ri Jeumgom Maeul,233000550,36063.0,노변정류장,경기도 화성시,경기도 화성시 봉담읍,37.2006,126.9244167
화성시,상기1리호현리,Sanggi 1-ri Hohyeon-ri,233000549,36066.0,노변정류장,경기도 화성시,경기도 화성시 봉담읍,37.2028167,126.9277
화성시,상기2리,Sanggi 2-ri ,233000552,36057.0,노변정류장,경기도 화성시,경기도 화성시 봉담읍,37.1981833,126.91505
화성시,상기2리마을회관,Sanggi 2-ri Community Center,233000908,36056.0,노변정류장,경기도 화성시,경기도 화성시 봉담읍,37.19825,126.9150667
화성시,상기2리입구,Sanggi 2-ri,233000563,36060.0,노변정류장,경기도 화성시,경기도 화성시 봉담읍,37.1994833,126.9192333
화성시,상기2리입구,Sanggi 2-ri,233000551,36059.0,노변정류장,경기도 화성시,경기도 화성시 봉담읍,37.1994,126.9191667
화성시,상기리입구,Sanggi-ri,233001581,36702.0,노변정류장,경기도 화성시,경기도 화성시 봉담읍,37.1998833,126.9409167
화성시,상기리입구,Sanggi-ri,233000902,36729.0,노변정류장,경기도 화성시,경기도 화성시 봉담읍,37.1998,126.94115
화성시,상두1리,Sangdu 1-ri,233001326,36949.0,노변정류장,경기도 화성시,경기도 화성시 향남읍,37.1058667,126.9512
화성시,상두1리,Sangdu 1-ri,233001204,37315.0,노변정류장,경기도 화성시,경기도 화성시 향남읍,37.106,126.9447667
화성시,상두1리,Sangdu 1-ri,233001199,36101.0,노변정류장,경기도 화성시,경기도 화성시 양감면,37.0972667,126.9400667
화성시,상두1리,Sangdu 1-ri,233001205,37314.0,노변정류장,경기도 화성시,경기도 화성시 향남읍,37.10605,126.94475
화성시,상두1리,Sangdu 1-ri,233001327,37507.0,노변정류장,경기도 화성시,경기도 화성시 향남읍,37.1057,126.9513667
화성시,상두2리,Sangdu 2-ri ,233000003,37320.0,노변정류장,경기도 화성시,경기도 화성시 향남읍,37.1013667,126.9484
화성시,상두2리,Sangdu 2-ri,233001203,37319.0,노변정류장,경기도 화성시,경기도 화성시 향남읍,37.10135,126.9483333
화성시,상두리맹산,Sangdu-ri Maengsan,233002378,55259.0,노변정류장,경기도 화성시,경기도 화성시 양감면,37.1057333,126.9351
화성시,상두리맹산,Sangdu-ri Maengsan,233002379,55260.0,노변정류장,경기도 화성시,경기도 화성시 향남읍,37.1058,126.9351833
화성시,상두리입구,Sangdu-ri,233001104,36098.0,노변정류장,경기도 화성시,경기도 화성시 양감면,37.0974833,126.9392
화성시,상두리입구,Sangdu-ri,233001105,36094.0,노변정류장,경기도 화성시,경기도 화성시 양감면,37.09745,126.9390667
화성시,상두리입구,Sangdu-ri ,233001200,36100.0,노변정류장,경기도 화성시,경기도 화성시 양감면,37.0970667,126.94
화성시,상록.경남아파트.이주택지,"Sangrok, Kyungnam Apartment ",233001492,37550.0,노변정류장,경기도 화성시,경기도 화성시 동탄면,37.2068333,127.1105667
화성시,상록.테크노밸리.GS자이,"Dongtan Techno-Valley, GS Xi",233002436,36842.0,노변정류장,경기도 화성시,,37.2070167,127.0986
화성시,상록.테크노밸리.GS자이,"Sangrok, Techno-Valley, GS Xi Apartment ",233000121,36463.0,노변정류장,경기도 화성시,,37.2083,127.09895
화성시,상록골프장,Sangnok Golf Range,233000969,36504.0,노변정류장,경기도 화성시,경기도 화성시 동탄면,37.2031333,127.1341
화성시,상록골프장,Sangnok Golf Range,233000970,36503.0,노변정류장,경기도 화성시,경기도 화성시 동탄면,37.2032333,127.1340167
화성시,상록하늘채,Sangrok Haneulchae,233001956,37957.0,노변정류장,경기도 화성시,경기도 화성시 향남읍,37.1311167,126.9252167
화성시,상봉초등학교,Sangbong Elementary School ,233001660,37763.0,노변정류장,경기도 화성시,경기도 화성시 봉담읍,37.21835,126.9538167
화성시,상봉초등학교,Sangbong Elementary School ,233001610,37675.0,노변정류장,경기도 화성시,경기도 화성시 봉담읍,37.2182333,126.9539667
화성시,상신1리마을앞,Sangsin 1-ri Maeul ,233000802,36761.0,노변정류장,경기도 화성시,경기도 화성시 향남읍,37.1074,126.90115
화성시,상신1리마을앞,Sangsin 1-ri Maeul ,233000814,36757.0,노변정류장,경기도 화성시,경기도 화성시 향남읍,37.1072667,126.90065
화성시,상신1리종점,Sangsin 1-ri Bus Terminal ,233002791,,노변정류장,경기도 화성시,,37.1047333,126.8904833
화성시,상신5리.문화마을,"Sangsin 5-ri, Munhwa Maeul ",233002991,,노변정류장,경기도 화성시,,37.0955833,126.88555
화성시,상신6리,Sangsin 6-ri ,233000803,37470.0,노변정류장,경기도 화성시,경기도 화성시 향남읍,37.1028667,126.9017167
화성시,상신6리,Sangsin 6-ri,233001529,37407.0,노변정류장,경기도 화성시,경기도 화성시 향남읍,37.1039667,126.9011167
화성시,상신리,Sangsin-ri,233000804,36760.0,노변정류장,경기도 화성시,경기도 화성시 향남읍,37.1011333,126.90195
화성시,상신리,Sangsin-ri,233001530,37406.0,노변정류장,경기도 화성시,경기도 화성시 향남읍,37.1011167,126.9016833
화성시,상신초교입구,Sangshin Elementary School ,233100437,37810.0,,경기도 화성시,,37.09855,126.9024
화성시,상신초교입구,,233531490,,,,,37.0985667,126.9023667
화성시,상신하길로주택,,233001548,55479.0,,,,37.1059667,126.9028667
화성시,상신하길로주택,,233001547,55478.0,,,,37.1061333,126.9026667
화성시,상신할인마트,,233523990,,,,,37.0988,126.9028833
화성시,상안1.2리,Sangan 1 & 2-ri,233000756,37048.0,노변정류장,경기도 화성시,경기도 화성시 서신면,37.1825667,126.7064667
화성시,상안1.2리,Sangan 1 & 2-ri,233000743,37049.0,노변정류장,경기도 화성시,경기도 화성시 서신면,37.1828,126.7067167
화성시,상안1리,Sangan 1-ri,233000742,37059.0,노변정류장,경기도 화성시,경기도 화성시 서신면,37.1851,126.7098667
화성시,상안1리,Sangan 1-ri ,233000757,37058.0,노변정류장,경기도 화성시,경기도 화성시 서신면,37.18515,126.7097167
화성시,상안2리.SK주유소,"Sangan 2-ri, SK Gas Station ",233000744,37057.0,노변정류장,경기도 화성시,경기도 화성시 서신면,37.1790167,126.7080333
화성시,상안2리.SK주유소,"Sangan 2-ri, SK Gas Station",233000862,37054.0,노변정류장,경기도 화성시,경기도 화성시 서신면,37.1795833,126.70815
화성시,상안2리교차로,Sang-an 2-ri Junction ,233002313,55360.0,노변정류장,경기도 화성시,경기도 화성시 서신면,37.1812,126.7105833
화성시,상안2리교차로,Sang-an 2-ri Junction ,233002314,55361.0,노변정류장,경기도 화성시,경기도 화성시 서신면,37.1811,126.7103667
화성시,상안리,Sangan -ri ,233003025,,노변정류장,경기도 화성시,,37.1718167,126.7002833
화성시,상안리,Sangan-ri ,233002542,36492.0,노변정류장,경기도 화성시,,37.1718833,126.6998333
화성시,상안리.한국발효,"Sangan-ri, Korean Fermentation",233000758,37471.0,노변정류장,경기도 화성시,경기도 화성시 서신면,37.19305,126.7166
화성시,상안리.한국발효,"Sangan-ri, Korean Fermentation",233000879,36767.0,노변정류장,경기도 화성시,경기도 화성시 서신면,37.193,126.7167333
화성시,상안리삼거리,Sangan Samgeori,233000344,37398.0,노변정류장,경기도 화성시,경기도 화성시 서신면,37.1739833,126.7066833
화성시,상안삼거리,Sangan Samgeori,233002315,55232.0,노변정류장,경기도 화성시,경기도 화성시 서신면,37.1769667,126.7066833
화성시,상안삼거리,Sangan Samgeori,233002316,55225.0,노변정류장,경기도 화성시,경기도 화성시 서신면,37.17495,126.7061167
화성시,새강마을사거리(경유),,277102522,,,,,37.1930333,127.0724167
화성시,새강주공휴먼시아,Saegang Jugong Humansia,233001452,37584.0,노변정류장,경기도 화성시,경기도 화성시 반송동,37.1956667,127.0692
화성시,새강주공휴먼시아,Saegang Jugong Humansia,233001453,37585.0,노변정류장,경기도 화성시,경기도 화성시 반송동,37.1932167,127.0716
화성시,새강주공휴먼시아,Saegang Jugong Humansia,233001702,37721.0,노변정류장,경기도 화성시,경기도 화성시 반송동,37.1917167,127.0705167
화성시,새터말,Saeteomal,233000665,36276.0,노변정류장,경기도 화성시,경기도 화성시 정남면,37.1835333,126.9962
화성시,새터말,Saeteomal,233000649,36277.0,노변정류장,경기도 화성시,경기도 화성시 정남면,37.1831667,126.9971833
화성시,샘터교차로,Saemteo Junction ,233000657,55354.0,노변정류장,경기도 화성시,,37.2063667,126.8047167
화성시,샘터교차로,Saemteo Junction ,233001309,36978.0,노변정류장,경기도 화성시,,37.20615,126.8048333
화성시,서근리,Seogeun-ri ,233001354,36933.0,노변정류장,경기도 화성시,경기도 화성시 팔탄면,37.1262667,126.85755
화성시,서근리,Seogeun-ri ,233000444,36897.0,노변정류장,경기도 화성시,경기도 화성시 팔탄면,37.1278833,126.8505833
화성시,서근리,Seogeun-ri,233000443,37443.0,노변정류장,경기도 화성시,경기도 화성시 팔탄면,37.1260833,126.85755
화성시,서근리(느락골),Seogeun-ri ,233001355,36932.0,노변정류장,경기도 화성시,경기도 화성시 팔탄면,37.1280833,126.8503833
화성시,서동탄역,Seodongtan Station ,233002343,55227.0,노변정류장,경기도 화성시,경기도 화성시 능동,37.1970667,127.0519833
화성시,서동탄역신일해피트리(중),Seodongtan Station Shinil HappyTree,233001287,36688.0,중앙차로 정류장,경기도 화성시,경기도 화성시 능동,37.1994,127.0533167
화성시,서동탄역신일해피트리(중),Seodongtan Station Shinil HappyTree,233001288,36689.0,중앙차로 정류장,경기도 화성시,경기도 화성시 능동,37.1995,127.0524833
화성시,서신,Seosin ,233000863,37043.0,노변정류장,경기도 화성시,경기도 화성시 서신면,37.1694333,126.7050833
화성시,서신면사무소,Seosin-myeon Office ,233002301,55215.0,노변정류장,경기도 화성시,경기도 화성시 서신면,37.1657833,126.7080833
화성시,서신면사무소,Seosin-myeon Office,233002311,55224.0,노변정류장,경기도 화성시,경기도 화성시 서신면,37.1656833,126.7082667
화성시,서신사거리,Seosin Sageori,233002359,55241.0,노변정류장,경기도 화성시,경기도 화성시 서신면,37.1674167,126.7080333
화성시,서신사거리,Seosin Sageori,233002358,55240.0,노변정류장,경기도 화성시,경기도 화성시 서신면,37.1670667,126.7083
화성시,서신중학교후문,,233003119,55515.0,,,,37.1699667,126.7018
화성시,서신중학교후문,,233003118,55514.0,,,,37.1699,126.70175
화성시,서신초등학교,Seosin Elementary School ,233001890,37960.0,노변정류장,경기도 화성시,경기도 화성시 서신면,37.1688167,126.7059667
화성시,서신초등학교,Seosin Elementary School ,233001889,37959.0,노변정류장,경기도 화성시,경기도 화성시 서신면,37.1687167,126.7059
화성시,서신초등학교,Seosin Elementary School ,233003003,,노변정류장,경기도 화성시,,37.1710833,126.70765
화성시,서신터미널,Seosin Terminal ,233000853,37045.0,노변정류장,경기도 화성시,경기도 화성시 서신면,37.1694,126.7052333
화성시,서영정밀,Seoyoung Corporation ,233001187,36268.0,노변정류장,경기도 화성시,경기도 화성시 양감면,37.11285,126.9895167
화성시,서울횟집앞,Seoul Hoetjip,233003036,,노변정류장,경기도 화성시,,37.1672333,126.6267833
화성시,서해.쌍용아파트,"Seohae, Ssangyong Apartment",233001450,36680.0,노변정류장,경기도 화성시,경기도 화성시 반송동,37.1958167,127.0696333
화성시,서희스타힐스.단독주택,,233001572,55488.0,,,,37.1732333,127.1195667
화성시,서희스타힐스.단독주택,,233001608,37654.0,,,,37.1734833,127.12
화성시,석천1리마을회관,Seokcheon 1-ri Community Center,233001369,37521.0,노변정류장,경기도 화성시,경기도 화성시 우정읍,37.0531333,126.78765
화성시,석천1리포도원,Seokcheon 1-ri Vinery ,233001054,36825.0,노변정류장,경기도 화성시,경기도 화성시 우정읍,37.0581833,126.7939
화성시,석천1리포도원,Seokcheon 1-ri Vinery ,233000473,36906.0,노변정류장,경기도 화성시,경기도 화성시 우정읍,37.0580667,126.7937667
화성시,석천2리입구,Seokcheon 2-ri ,233001003,37477.0,노변정류장,경기도 화성시,경기도 화성시 우정읍,37.05635,126.7813333
화성시,석천2리입구,Seokcheon 2-ri ,233000478,36903.0,노변정류장,경기도 화성시,경기도 화성시 우정읍,37.0562667,126.7814667
화성시,석천3리,Seokcheon 3-ri,233001357,36956.0,노변정류장,경기도 화성시,경기도 화성시 우정읍,37.0429667,126.7707167
화성시,석천3리,Seokcheon 3-ri ,233002267,55142.0,노변정류장,경기도 화성시,경기도 화성시 우정읍,37.043,126.7708667
화성시,석천4리종점,Seokcheon 4-ri Bus Terminal ,233001359,36955.0,노변정류장,경기도 화성시,경기도 화성시 우정읍,37.0401667,126.7705167
화성시,석천리,Seokcheon-ri,233001365,36954.0,노변정류장,경기도 화성시,경기도 화성시 우정읍,37.0421167,126.7772667
화성시,석천초등학교,Sukchun Elementary School ,233001370,36952.0,노변정류장,경기도 화성시,경기도 화성시 우정읍,37.0548333,126.7897333
화성시,석포1리(돌서지),Seokpo 1-ri ,233001516,37422.0,노변정류장,경기도 화성시,경기도 화성시 장안면,37.1430333,126.83135
화성시,석포1리(한절),Seokpo 1-ri,233001515,37421.0,노변정류장,경기도 화성시,경기도 화성시 장안면,37.1428333,126.8258667
화성시,석포1리(한절),Seokpo 1-ri (Hanjeol),233002864,,노변정류장,경기도 화성시,,37.1427833,126.82595
화성시,석포1리입구,Seokpo 1-ri ,233001514,37423.0,노변정류장,경기도 화성시,경기도 화성시 팔탄면,37.1344667,126.8412
화성시,석포2리,Seokpo 2-ri ,233000448,36894.0,노변정류장,경기도 화성시,경기도 화성시 장안면,37.1264,126.8351333
화성시,석포2리,Seokpo 2-ri ,233001403,37542.0,노변정류장,경기도 화성시,경기도 화성시 장안면,37.1263333,126.8349667
화성시,석포2리,Seokpo 2-ri ,233000447,36895.0,노변정류장,경기도 화성시,경기도 화성시 장안면,37.1291167,126.8375167
화성시,석포2리,Seokpo 2-ri ,233000460,37438.0,노변정류장,경기도 화성시,경기도 화성시 장안면,37.1292667,126.8372167
화성시,석포3리,Seokpo 3-ri,233000449,37441.0,노변정류장,경기도 화성시,경기도 화성시 장안면,37.12125,126.83185
화성시,석포3리,Seokpo 3-ri,233000459,36886.0,노변정류장,경기도 화성시,경기도 화성시 장안면,37.1206167,126.8308833
화성시,석포3리,Seokpo 3-ri,233001932,37947.0,노변정류장,경기도 화성시,경기도 화성시 장안면,37.1205333,126.8311333
화성시,석포3리,Seokpo 3-ri,233001414,36924.0,노변정류장,경기도 화성시,경기도 화성시 장안면,37.1213167,126.83165
화성시,석포4리,Seokpo 4-ri ,233000461,36885.0,노변정류장,경기도 화성시,경기도 화성시 장안면,37.13005,126.8395833
화성시,석포5리,Seokpo 5-ri,233000436,36849.0,노변정류장,경기도 화성시,경기도 화성시 장안면,37.1430833,126.8420667
화성시,석포5리(방농장),Seokpo 5-ri,233001382,36927.0,노변정류장,경기도 화성시,경기도 화성시 장안면,37.1432,126.84185
화성시,석포5리마을회관,Seokpo 5-ri Community Center,233001381,36928.0,노변정류장,경기도 화성시,경기도 화성시 장안면,37.1453,126.8405167
화성시,석포5리마을회관앞,Seokpo 5-ri Community Center,233000435,37445.0,노변정류장,경기도 화성시,경기도 화성시 팔탄면,37.1454333,126.8406667
화성시,석포6리,Seokpo 5-ri,233001518,37418.0,노변정류장,경기도 화성시,경기도 화성시 장안면,37.1366667,126.8222
화성시,석포6리,Seokpo 6-ri,233000423,36855.0,노변정류장,경기도 화성시,경기도 화성시 장안면,37.1402333,126.81885
화성시,석포6리(마파지),Seokpo 6-ri (Mapaji),233002863,,노변정류장,경기도 화성시,,37.1431833,126.8164333
화성시,석포6리(마파지),Seokpo 6-ri ,233001626,37419.0,노변정류장,경기도 화성시,경기도 화성시 장안면,37.1432833,126.81655
화성시,석포6리입구,Seokpo 6-ri,233001517,37420.0,노변정류장,경기도 화성시,경기도 화성시 장안면,37.1402667,126.8191
화성시,석포6리입구,Seokpo 6-ri,233002650,55078.0,,경기도 화성시,,37.1395,126.8181667
화성시,석포6리입구,Seokpo 6-ri ,233001520,37416.0,노변정류장,경기도 화성시,경기도 화성시 장안면,37.1339667,126.83325
화성시,석포교회,Seokpo Church ,233001519,37417.0,노변정류장,경기도 화성시,경기도 화성시 장안면,37.1347333,126.8240333
화성시,석포리,Seokpo-ri,233000437,36902.0,노변정류장,경기도 화성시,경기도 화성시 장안면,37.1407333,126.8390833
화성시,석포산업단지,Seokpo Industrial complex,233001385,36926.0,노변정류장,경기도 화성시,경기도 화성시 장안면,37.1407333,126.8388833
화성시,석포삼거리,Seokpo Samgeori ,233001356,37526.0,노변정류장,경기도 화성시,경기도 화성시 팔탄면,37.1308667,126.8438667
화성시,석포삼거리,Seokpo Samgeori,233001513,37424.0,노변정류장,경기도 화성시,경기도 화성시 장안면,37.1345333,126.8409333
화성시,석포삼거리,Seokpo Samgeori,233000445,36896.0,노변정류장,경기도 화성시,경기도 화성시 장안면,37.1307333,126.84365
화성시,석포초등학교,Seokpo Elementary School ,233000446,37442.0,노변정류장,경기도 화성시,경기도 화성시 장안면,37.1300167,126.8401167
화성시,선일화학.에디스,"Seonil Chemical, Edith",233002846,,노변정류장,경기도 화성시,,37.0999667,126.8869833
화성시,선착장,Dock ,233003028,,노변정류장,경기도 화성시,,37.1768833,126.6220167
화성시,선창포구종점,Seonchangpo-gu Bus Terminal ,233000413,36862.0,노변정류장,경기도 화성시,경기도 화성시 우정읍,37.1281833,126.7963333
화성시,성문,Seongmun,233000394,37166.0,노변정류장,경기도 화성시,경기도 화성시 장안면,37.1032833,126.8658
화성시,성문,Seongmun,233000380,37167.0,노변정류장,경기도 화성시,경기도 화성시 장안면,37.1033333,126.8656833
화성시,성원아파트.이지더원,"Sungwon Apartment, EG The 1 Apartment ",233001493,37549.0,노변정류장,경기도 화성시,경기도 화성시 동탄면,37.2086833,127.1084333
화성시,성원아파트.이지더원,"Sungwon Apartment, EG The 1 Apartment ",233002430,55306.0,노변정류장,경기도 화성시,경기도 화성시 동탄면,37.2090667,127.1084167
화성시,성지산업,"Seongji Industrial Co., Ltd. ",233000104,36392.0,노변정류장,경기도 화성시,경기도 화성시 반월동,37.2212667,127.0596833
화성시,성호2차아파트,,233525670,,,,,37.2008333,127.0234333
화성시,성호2차아파트,,233525680,55416.0,,,,37.2010167,127.0236833
화성시,성호아파트,Sungho Apartment ,233001290,36364.0,노변정류장,경기도 화성시,경기도 화성시 병점동,37.1999,127.0410833
화성시,성호아파트,Sungho Apartment ,233001289,36362.0,노변정류장,경기도 화성시,경기도 화성시 능동,37.1997,127.0427
화성시,성호아파트후문,Sungho Apartment Back Gate,233002690,,노변정류장,경기도 화성시,,37.2012667,127.04465
화성시,성호아파트후문,Sungho Apartment Back Gate,233002418,55295.0,노변정류장,경기도 화성시,경기도 화성시 능동,37.20085,127.0445333
화성시,세거리.상기1리,"Segeori, Sanggi 1-ri",233000906,36069.0,노변정류장,경기도 화성시,경기도 화성시 봉담읍,37.20315,126.9308833
화성시,세종슈퍼앞,Sejong Supermarket,233002813,,노변정류장,경기도 화성시,,37.1892,126.76195
화성시,세종슈퍼앞,Sejong Supermarket,233002812,,노변정류장,경기도 화성시,,37.1891833,126.7618333
화성시,센트럴상록.동원1차,Sibeom Danji (Complex),233000122,36792.0,노변정류장,경기도 화성시,경기도 화성시 동탄면,37.20925,127.1000167
화성시,센트럴파크,Central Park ,233001674,37742.0,노변정류장,경기도 화성시,경기도 화성시 반송동,37.2077333,127.0638333
화성시,센트럴파크,Central Park ,233001675,37703.0,노변정류장,경기도 화성시,경기도 화성시 반송동,37.2080333,127.0639333
화성시,센트럴힐즈.금강,Central Hills/ Geumgang,233000120,36409.0,노변정류장,경기도 화성시,경기도 화성시 동탄면,37.1815167,127.1095167
화성시,소동촌,Sodongchon,233000520,37257.0,노변정류장,경기도 화성시,경기도 화성시 팔탄면,37.1607333,126.9080167
화성시,소망슈퍼,Somang Supermarket,233002992,,노변정류장,경기도 화성시,,37.0947,126.8869667
화성시,솔빛마을상가,Solbit Maeul Shopping Center,233001297,37510.0,노변정류장,경기도 화성시,경기도 화성시 반송동,37.1934,127.073
화성시,솔안,Soran ,233001183,37596.0,노변정류장,경기도 화성시,경기도 화성시 양감면,37.07655,126.9690833
화성시,솔안고개,Solan Gogae,233001095,36151.0,노변정류장,경기도 화성시,경기도 화성시 양감면,37.0754167,126.9637333
화성시,솔안고개,Songan Gogae,233001094,36150.0,노변정류장,경기도 화성시,경기도 화성시 양감면,37.07535,126.9637167
화성시,솔안슈퍼,Solan Supermarket,233001182,36155.0,노변정류장,경기도 화성시,경기도 화성시 양감면,37.0768833,126.9694167
화성시,송곡리,Songgok-ri,233000036,37331.0,노변정류장,경기도 화성시,경기도 화성시 향남읍,37.1285833,126.9675667
화성시,송곡리,Songgok-ri,233000627,37330.0,노변정류장,경기도 화성시,경기도 화성시 향남읍,37.1286667,126.9671333
화성시,송곡리입구,Songgok-ri ,233002158,55128.0,노변정류장,경기도 화성시,경기도 화성시 향남읍,37.12655,126.97115
화성시,송곡리입구,Songgok-ri,233002119,55127.0,노변정류장,경기도 화성시,경기도 화성시 향남읍,37.1266167,126.9712167
화성시,송교1리,Songgyo 1-ri,233000868,37012.0,노변정류장,경기도 화성시,경기도 화성시 서신면,37.1636,126.6689
화성시,송교1리,Songgyo 1-ri ,233000748,37013.0,노변정류장,경기도 화성시,경기도 화성시 서신면,37.1635,126.6689167
화성시,송교리(경유),,277102502,,,,,37.1689667,126.6588833
화성시,송교리종점,Songgyo-ri Bus Terminal ,233003057,,노변정류장,경기도 화성시,,37.1722333,126.6573333
화성시,송라1리,Songna 1-ri ,233000533,37214.0,노변정류장,경기도 화성시,경기도 화성시 매송면,37.2754333,126.88645
화성시,송라2리낚시터,Songna 2-ri Fishery ,233003013,,노변정류장,경기도 화성시,,37.2843167,126.9047333
화성시,송라2리마을회관,Songna 2-ri Community Center,233002760,,노변정류장,경기도 화성시,,37.2844167,126.90715
화성시,송라리,Songna-ri,233003014,,노변정류장,경기도 화성시,,37.2809333,126.8943
화성시,송라리,,233003094,55421.0,,,,37.2818667,126.9083
화성시,송라리,Songna-ri ,233000536,37215.0,노변정류장,경기도 화성시,경기도 화성시 매송면,37.2749,126.8868
화성시,송라리,Songna-ri,233003012,55453.0,노변정류장,경기도 화성시,,37.2819167,126.9088833
화성시,송림2리.잔다리,"Songnim 2-ri, Jandari",233002574,,노변정류장,경기도 화성시,,37.2198,126.8141333
화성시,송림2리.잔다리,"Songnim 2-dong, Jandari",233002701,,노변정류장,경기도 화성시,,37.2197167,126.8143667
화성시,송림동,Songnim-dong,233002925,,노변정류장,경기도 화성시,,37.2216,126.8221667
화성시,송림동,Songnim-dong,233002924,,노변정류장,경기도 화성시,,37.2215667,126.8220333
화성시,송림동입구,Songnim-dong,233003076,,노변정류장,경기도 화성시,,37.21745,126.81995
화성시,송림동입구,Songnim-dong,233003077,,노변정류장,경기도 화성시,,37.2167333,126.8197167
화성시,송산1리,Songsan 1-ri,233000014,36255.0,노변정류장,경기도 화성시,경기도 화성시 양감면,37.1055,126.9862
화성시,송산1리,Songsan 1-ri,233001191,36256.0,노변정류장,경기도 화성시,경기도 화성시 양감면,37.1054667,126.9860667
화성시,송산4리,Songsan 4-ri,233001189,36267.0,노변정류장,경기도 화성시,경기도 화성시 양감면,37.1078333,126.9889833
화성시,송산4리,Songsan 4-ri,233001190,36266.0,노변정류장,경기도 화성시,경기도 화성시 양감면,37.1076833,126.98905
화성시,송산고,,233533550,,,,,37.2744667,126.8280333
화성시,송산고,,233533540,,,,,37.2743,126.8278333
화성시,송산농협.사강정형외과,"Songsan Nonghyup, Sagang Orthopedics Clinic",233000858,37089.0,노변정류장,경기도 화성시,경기도 화성시 송산면,37.2134667,126.7389
화성시,송산동입구,Songsan-dong,233000643,36315.0,노변정류장,경기도 화성시,경기도 화성시 안녕동,37.2055667,127.0172
화성시,송산동입구,Songsan-dong,233000669,36318.0,노변정류장,경기도 화성시,,37.20585,127.0177833
화성시,송산리입구.부처내고개,"Songsan-ri, Bucheonae Gogae",233001076,37346.0,노변정류장,경기도 화성시,경기도 화성시 양감면,37.11905,126.9909
화성시,송산리입구.부처내고개,"Songsan-ri, Bucheonae Gogae",233001075,37345.0,노변정류장,경기도 화성시,경기도 화성시 양감면,37.1190333,126.99065
화성시,송산마도TG(경유),,277102826,,,,,37.2095667,126.7548667
화성시,송산마도TG(경유),,277102825,,,,,37.2092167,126.7550333
화성시,송산중학교,Songsan Middle School,233002209,55207.0,노변정류장,경기도 화성시,경기도 화성시 송산면,37.2151167,126.7301667
화성시,송산중학교,Songsan Middle School,233002208,55206.0,노변정류장,경기도 화성시,경기도 화성시 송산면,37.2151667,126.7299833
화성시,송정1리,Songjeong 1-ri,233002942,,노변정류장,경기도 화성시,,37.2190167,126.7868
화성시,송정1리,Songjeong 1-ri ,233002897,,노변정류장,경기도 화성시,,37.2241833,126.79585
화성시,송정1리,Songjeong 1-ri ,233002600,,노변정류장,경기도 화성시,,37.2237667,126.7954667
화성시,송정1리마을회관,Songjeong 1-ri Community Center,233002937,,노변정류장,경기도 화성시,,37.2204833,126.7899833
화성시,송정리,Songjeong-ri,233002920,,노변정류장,경기도 화성시,,37.2192667,126.7869333
화성시,송정리.큰말,"Songjeong-ri, Keunmal ",233002936,,노변정류장,경기도 화성시,,37.2204,126.7888667
화성시,송화초교.양우내안애,,233003104,55431.0,,,,37.2007,127.0404
화성시,수기리,Sugi-ri ,233000565,36214.0,노변정류장,경기도 화성시,경기도 화성시 봉담읍,37.1998333,126.97985
화성시,수기리(경유),,277102395,,,,,37.20145,126.9839667
화성시,수기리아랫말,Sugi-ri ,233000573,36197.0,노변정류장,경기도 화성시,경기도 화성시 봉담읍,37.1993667,126.9782
화성시,수련개,Suryeongae,233001244,37515.0,노변정류장,경기도 화성시,경기도 화성시 팔탄면,37.1845,126.8605333
화성시,수련개,Suryeongae,233001303,37393.0,노변정류장,경기도 화성시,경기도 화성시 팔탄면,37.1846167,126.8604333
화성시,수면리,Sumyeon-ri,233000054,36331.0,노변정류장,경기도 화성시,경기도 화성시 정남면,37.16175,127.0224
화성시,수면리,Sumyeon-ri,233001151,36330.0,노변정류장,경기도 화성시,경기도 화성시 정남면,37.1618667,127.0222167
화성시,수목원,Arboretum,233000546,37240.0,노변정류장,경기도 화성시,경기도 화성시 팔탄면,37.1479833,126.8992
화성시,수목원,Arboretum,233000528,37242.0,노변정류장,경기도 화성시,경기도 화성시 팔탄면,37.1484667,126.8991833
화성시,수산중공업,"Soosan Heavy Industries Co., Ltd. ",233000013,36272.0,노변정류장,경기도 화성시,경기도 화성시 양감면,37.1147,126.9910167
화성시,수산중공업,"Soosan Heavy Industries Co., Ltd. ",233001120,36271.0,노변정류장,경기도 화성시,경기도 화성시 양감면,37.1145333,126.99115
화성시,수영오거리.방송통신대입구,"Suyeong Ogeori, Korea National Open University ",233000839,36146.0,노변정류장,경기도 화성시,경기도 화성시 봉담읍,37.2370333,126.9616833
화성시,수영오거리.방송통신대입구,"Suyeong Ogeori, Korea National Open University ",233000783,36147.0,노변정류장,경기도 화성시,경기도 화성시 봉담읍,37.23695,126.962
화성시,수영오거리.방송통신대입구,"Suyeong Ogeori, Korea National Open University ",233000593,36148.0,노변정류장,경기도 화성시,경기도 화성시 봉담읍,37.2375167,126.9625167
화성시,수영오거리.방송통신대입구,"Suyeong Ogeori, Korea National Open University ",233000001,2051.0,노변정류장,경기도 화성시,경기도 수원시 권선구 오목천동,37.2377167,126.9624
화성시,수영오거리.신창아파트입구,"Suyeong Ogeori, Sinchang Apartment ",233001867,37908.0,노변정류장,경기도 화성시,경기도 화성시 봉담읍,37.2374,126.9611167
화성시,수영오거리.신창아파트입구,"Suyeong Ogeori, Sinchang Apartment ",233001866,37907.0,노변정류장,경기도 화성시,경기도 화성시 봉담읍,37.23745,126.9608333
화성시,수영초등학교,Suyeong Elementary School ,233001868,37909.0,노변정류장,경기도 화성시,경기도 화성시 봉담읍,37.2365333,126.9549167
화성시,수영초등학교,Suyeong Elementary School ,233001869,37910.0,노변정류장,경기도 화성시,경기도 화성시 봉담읍,37.2364,126.9544333
화성시,수원과학대학,Suwon Science College,233000913,36212.0,노변정류장,경기도 화성시,경기도 화성시 정남면,37.1932167,126.9798
화성시,수원과학대학,Suwon Science College,233000912,36213.0,노변정류장,경기도 화성시,경기도 화성시 정남면,37.1932,126.9796833
화성시,수원대입구,The University of Suwon,233003021,,노변정류장,경기도 화성시,,37.21435,126.9781167
화성시,수원대입구,The University of Suwon,233003020,,노변정류장,경기도 화성시,,37.21445,126.9781167
화성시,수원대학교,The University of Suwon,233001214,36216.0,노변정류장,경기도 화성시,경기도 화성시 봉담읍,37.21375,126.98015
화성시,수원대학교,The University of Suwon,233001213,36215.0,노변정류장,경기도 화성시,경기도 화성시 봉담읍,37.21375,126.9799667
화성시,수원대학교,The University of Suwon,233000576,36204.0,노변정류장,경기도 화성시,경기도 화성시 봉담읍,37.2141667,126.97915
화성시,수원대학교,The University of Suwon,233000575,36210.0,노변정류장,경기도 화성시,경기도 화성시 봉담읍,37.2138333,126.9797667
화성시,수원대학교(경유),,277102448,,,,,37.2145,126.9781333
화성시,수원대학교(경유),,277102590,,,,,37.2115667,126.9838
화성시,수원신학교,Suwon Theological Seminary ,233000567,36752.0,노변정류장,경기도 화성시,경기도 화성시 봉담읍,37.2030333,126.9642833
화성시,수원신학교,Suwon Theological Seminary ,233000572,36751.0,노변정류장,경기도 화성시,경기도 화성시 봉담읍,37.2030333,126.9644167
화성시,수원여대혜란캠퍼스,Suwon Women's University Heran Campus ,233001311,36076.0,노변정류장,경기도 화성시,경기도 화성시 봉담읍,37.2026167,126.9327333
화성시,수원여대혜란캠퍼스,Suwon Women's University Heran Campus ,233001312,36075.0,노변정류장,경기도 화성시,경기도 화성시 봉담읍,37.2026167,126.9330667
화성시,수작이교차로,Sujagi Junction ,233001630,55355.0,노변정류장,경기도 화성시,,37.2134333,126.8164167
화성시,수작이교차로,Sujagi Junction ,233001964,55359.0,노변정류장,경기도 화성시,,37.21305,126.8154833
화성시,수직리,Sujik-ri,233000040,37347.0,노변정류장,경기도 화성시,경기도 화성시 향남읍,37.12335,126.9912
화성시,수직리,Sujik-ri,233000032,37348.0,노변정류장,경기도 화성시,경기도 화성시 향남읍,37.1232167,126.9914667
화성시,수촌1리,Suchon 1-ri ,233002632,37456.0,,경기도 화성시,,37.1029,126.8571667
화성시,수촌1리,Suchon 1-ri,233000395,36872.0,노변정류장,경기도 화성시,경기도 화성시 장안면,37.10285,126.8576
화성시,수촌2리.황골,"Suchon 2-ri, Hwanggol",233000937,37160.0,노변정류장,경기도 화성시,경기도 화성시 장안면,37.08875,126.862
화성시,수촌3리,Suchon 3-ri,233000397,37454.0,노변정류장,경기도 화성시,경기도 화성시 장안면,37.1029333,126.8430333
화성시,수촌3리,Suchon 3-ri,233000396,36871.0,노변정류장,경기도 화성시,경기도 화성시 장안면,37.1029333,126.8517
화성시,수촌3리,Suchon 3-ri,233002612,36846.0,,경기도 화성시,,37.1033333,126.8506333
화성시,수화1동,Suhwa 1-dong,233002569,,노변정류장,경기도 화성시,,37.2534,126.8163167
화성시,수화1동,Sohwa 1-dong,233003078,,노변정류장,경기도 화성시,,37.2533667,126.8164167
화성시,수화2동.양철이,"Suhwa 2-dong, Yangcheoli",233002568,,노변정류장,경기도 화성시,,37.2481167,126.8181333
화성시,수화2동.양철이,"Suhwa 2-dong, Yangcheoli",233003080,,노변정류장,경기도 화성시,,37.2479833,126.8182167
화성시,수화동,Suhwa-dong,233002929,,노변정류장,경기도 화성시,,37.25735,126.8176
화성시,수화동,Suhwa-dong,233003079,,노변정류장,경기도 화성시,,37.2573,126.8177333
화성시,숙곡교차로(경유),,277101878,,,,,37.2545833,126.8989167
화성시,숙곡교차로(경유),,277101700,,,,,37.2546667,126.8987333
화성시,숙곡리,Sukgok-ri,233002531,,노변정류장,경기도 화성시,,37.2611167,126.9085833
화성시,숙곡리삼거리,Sukgok-ri Samgeori,233003011,,노변정류장,경기도 화성시,,37.2531833,126.9046333
화성시,숙곡리삼거리,Sukgok-ri Samgeori,233003010,,노변정류장,경기도 화성시,,37.2532,126.9042
화성시,숙곡리천불사,Sukgok-ri Cheonbulsa,233000718,37237.0,노변정류장,경기도 화성시,경기도 화성시 매송면,37.2479833,126.8983333
화성시,숙곡리천불사,Sukgok-ri Cheonbulsa,233000843,37238.0,노변정류장,경기도 화성시,경기도 화성시 매송면,37.2480833,126.8987167
화성시,숲속자연앤,"Naedong Maeul, Hanshin Apartment",233001983,37951.0,노변정류장,경기도 화성시,경기도 화성시 능동,37.20715,127.0600333
화성시,숲속자연앤,Supsok Jayeon-n Apartment,233001984,37952.0,노변정류장,경기도 화성시,경기도 화성시 반송동,37.2072,127.0603833
화성시,숲풀안앞,Suppuran,233001875,37784.0,노변정류장,경기도 화성시,경기도 화성시 서신면,37.1742,126.68565
화성시,숲풀안앞,Suppuran,233001876,37783.0,노변정류장,경기도 화성시,경기도 화성시 서신면,37.1742833,126.6856
화성시,슈마타운,Shuma Town,233000471,36878.0,노변정류장,경기도 화성시,경기도 화성시 우정읍,37.03605,126.8034833
화성시,슈마타운,Shuma Town,233001050,36827.0,노변정류장,경기도 화성시,경기도 화성시 우정읍,37.0363,126.8035
화성시,슬항1리.절골,"Seunghang 1-ri, Jeolgol",233002810,,노변정류장,경기도 화성시,,37.1935,126.7640833
화성시,슬항1리.절골,"Seunghang 1-ri, Jeolgol",233002811,,노변정류장,경기도 화성시,,37.1935333,126.7642167
화성시,슬항2리,Seulhang 2-ri ,233002870,,노변정류장,경기도 화성시,,37.20075,126.7582833
화성시,슬항2리,Seunghang 2-ri ,233002869,,노변정류장,경기도 화성시,,37.2006833,126.75835
화성시,슬항3리,Seulhang 3-ri,233002153,55096.0,노변정류장,경기도 화성시,경기도 화성시 마도면,37.2093333,126.7628833
화성시,시1동,Si 1-dong,233002589,,노변정류장,경기도 화성시,,37.2372167,126.8034667
화성시,시1동,Si 1-dong,233002577,,노변정류장,경기도 화성시,,37.2375333,126.8032333
화성시,시2동,Si 2-dong,233003069,,노변정류장,경기도 화성시,,37.2423333,126.8023667
화성시,시2동,Si 2-dong,233003070,,노변정류장,경기도 화성시,,37.2422333,126.8021833
화성시,시장앞,Market,233001246,36937.0,노변정류장,경기도 화성시,경기도 화성시 우정읍,37.0846667,126.8194833
화성시,시장앞,Market,233001247,36936.0,노변정류장,경기도 화성시,경기도 화성시 우정읍,37.0849167,126.8193
화성시,신경대학,Shingyeong University,233002708,,노변정류장,경기도 화성시,,37.2030667,126.8399833
화성시,신남1통,Sinnam 1-tong,233002011,55059.0,노변정류장,경기도 화성시,,37.1806,126.8180333
화성시,신남1통,Sinnam 1-tong,233002826,,노변정류장,경기도 화성시,,37.18445,126.8129333
화성시,신남1통,Sinnam 1-tong,233002188,55317.0,노변정류장,경기도 화성시,,37.1804667,126.8180833
화성시,신남1통,Sinnam 1-tong,233002521,,노변정류장,경기도 화성시,,37.1805333,126.8179333
화성시,신남1통마을입구,Sinnam 1-tong Maeul ,233002823,,노변정류장,경기도 화성시,,37.1864,126.81785
화성시,신남2통,Sinnam 2-tong,233002819,,노변정류장,경기도 화성시,,37.1836,126.79955
화성시,신남2통,Sinnam 2-tong,233002820,,노변정류장,경기도 화성시,,37.1834833,126.79965
화성시,신남3통,Sinnam 3-tong,233002818,,노변정류장,경기도 화성시,,37.17635,126.7979167
화성시,신남3통,Sinnam 3-tong,233002817,,노변정류장,경기도 화성시,,37.1764167,126.7977667
화성시,신남3통.돌문안,"Sinnam 3-tong, Dolmunan",233002827,,노변정류장,경기도 화성시,,37.1746833,126.8063167
화성시,신남3통.돌문안,"Sinnam 3-tong, Dolmunan",233002825,,노변정류장,경기도 화성시,,37.17475,126.8062333
화성시,신남3통.서부경찰서,"Sinnam 3-tong, Seobu Police Station",233002008,55058.0,노변정류장,경기도 화성시,,37.1762833,126.8145833
화성시,신남3통.서부경찰서,"Sinnam 3-tong, Seobu Police Station ",233002009,55061.0,노변정류장,경기도 화성시,,37.1759833,126.8145833
화성시,신남3통.은강교,"Sinnam 3-tong, Eunganggyo Bridge",233003004,,노변정류장,경기도 화성시,,37.1752667,126.8089
화성시,신남3통.은강교,"Sinnam 3-tong, Eunganggyo Bridge",233003005,,노변정류장,경기도 화성시,,37.17535,126.8089
화성시,신남3통마을회관,Sinnam 3-tong Community Center,233002821,,노변정류장,경기도 화성시,,37.1731833,126.8012167
화성시,신남3통마을회관,Sinnam 3-tong Community Center,233002917,,노변정류장,경기도 화성시,,37.1732,126.8014
화성시,신남4통,Sinnam 4-tong,233002014,55060.0,노변정류장,경기도 화성시,,37.1861167,126.8199333
화성시,신남4통,Sinnam 4-tong,233002012,37777.0,노변정류장,경기도 화성시,,37.1826167,126.8192
화성시,신남4통,Sinnam 4-tong,233002015,55056.0,노변정류장,경기도 화성시,,37.1887,126.8210333
화성시,신남4통,Sinnam 4-tong,233002824,,노변정류장,경기도 화성시,,37.1826333,126.8190667
화성시,신남4통,Sinnam 4-tong,233002013,55057.0,노변정류장,경기도 화성시,,37.1859,126.8198
화성시,신남4통,Sinnam 4-tong,233002186,55278.0,노변정류장,경기도 화성시,,37.1886167,126.8208333
화성시,신남동(경유),,277102092,,,,,37.1708667,126.8125667
화성시,신도브레뉴아파트,Sindo Branew Apartment ,233001714,37748.0,노변정류장,경기도 화성시,경기도 화성시 반송동,37.1920333,127.07385
화성시,신동아아파트,,233533260,,,,,37.2224,126.9591167
화성시,신동아파밀리에,SindongAh Familie Apartment ,233000953,55378.0,노변정류장,경기도 화성시,경기도 화성시 봉담읍,37.2203667,126.9567667
화성시,신동아파밀리에,SindongAh Familie Apartment ,233002638,37480.0,노변정류장,경기도 화성시,,37.2201833,126.9573333
화성시,신라주유소앞,Silla Gas Station,233001822,37878.0,노변정류장,경기도 화성시,경기도 화성시 정남면,37.16255,126.9757167
화성시,신라주유소앞,Silla Gas Station,233002999,,노변정류장,경기도 화성시,,37.1626833,126.9758
화성시,신라호텔공항버스정류장,Shilla Hotel Airport Bus Stop,233002558,55313.0,,경기도 화성시,,37.2024167,127.07355
화성시,신리고,,233000209,55464.0,,,,37.1816833,127.1220667
화성시,신리고,,233000374,55465.0,,,,37.1818,127.1224667
화성시,신리앞,Sin-ri,233001823,37862.0,노변정류장,경기도 화성시,경기도 화성시 정남면,37.1632167,126.9780333
화성시,신리앞,Sin-ri,233001818,37859.0,노변정류장,경기도 화성시,경기도 화성시 정남면,37.1631167,126.9773667
화성시,신리입구,Sin-ri,233003050,,노변정류장,경기도 화성시,,37.1799333,127.1242667
화성시,신리입구,Dongtan New Town 2 Block A 66,233003045,,노변정류장,경기도 화성시,,37.18035,127.1241833
화성시,신리천,Sinricheon ,233002364,36704.0,노변정류장,경기도 화성시,경기도 화성시 동탄면,37.1830667,127.0928667
화성시,신리천,,233001851,55510.0,,,,37.1833333,127.1107
화성시,신리천,Sinricheon,233002363,55258.0,노변정류장,경기도 화성시,경기도 화성시 동탄면,37.1818167,127.0924667
화성시,신리천리베라마을,,233001813,55508.0,,,,37.1858,127.10235
화성시,신명스카이뷰,"Sinmyeong SKYVIEW, Humansia 5-danji",233002020,37994.0,노변정류장,경기도 화성시,경기도 화성시 향남읍,37.1281,126.9149
화성시,신명스카이뷰.우미린,"Skyview, Woomi Lynn Apartment ",233001857,37900.0,노변정류장,경기도 화성시,경기도 화성시 향남읍,37.1277,126.9151167
화성시,신명스카이뷰.휴먼시아5단지,"Sinmyeong SKYVIEW, Humansia 5-danji",233002021,37996.0,노변정류장,경기도 화성시,경기도 화성시 향남읍,37.1261333,126.9159167
화성시,신명스카이뷰.휴먼시아5단지,"Sinmyeong SKYVIEW, Humansia 5-danji",233001856,37899.0,노변정류장,경기도 화성시,경기도 화성시 향남읍,37.1263167,126.9159
화성시,신명아파트,Sinmyeong Apartment ,233002754,,노변정류장,경기도 화성시,,37.2131167,126.9740833
화성시,신명아파트,Sinmyeong Apartment,233002255,55246.0,노변정류장,경기도 화성시,경기도 화성시 봉담읍,37.21355,126.97335
화성시,신명아파트,Sinmyeong Apartment ,233002753,,노변정류장,경기도 화성시,,37.2131333,126.9739
화성시,신미주아파트,Sinmiju Apartment ,233001648,36993.0,노변정류장,경기도 화성시,경기도 화성시 동탄면,37.1928667,127.0925333
화성시,신미주아파트,Sinmiju Apartment ,233002722,,노변정류장,경기도 화성시,,37.2199833,126.9893
화성시,신미주아파트,Sinmiju Apartment,233001664,37727.0,노변정류장,경기도 화성시,경기도 화성시 능동,37.2089333,127.0494667
화성시,신미주아파트,Sinmiju Apartment ,233001504,36737.0,노변정류장,경기도 화성시,경기도 화성시 동탄면,37.1894167,127.0904
화성시,신미주아파트,Sinmiju Apartment ,233001665,37705.0,노변정류장,경기도 화성시,경기도 화성시 능동,37.20895,127.0501
화성시,신미주아파트,Sinmiju Apartment ,233001649,37965.0,노변정류장,경기도 화성시,경기도 화성시 동탄면,37.193,127.0928833
화성시,신미주아파트.주공6단지,"Sinmiju Apartment, Jugong Apartment 6-danji",233000106,36386.0,노변정류장,경기도 화성시,경기도 화성시 기산동,37.2144167,127.05175
화성시,신미주아파트남문.예일유치원,"Sinmiju Apartment South Gate, Yeil Kindergarten ",233002720,,노변정류장,경기도 화성시,,37.22055,126.9865833
화성시,신미주아파트남문.예일유치원,"Sinmiju Apartment South Gate, Yeil Kindergarten ",233002721,,노변정류장,경기도 화성시,,37.2203833,126.9870667
화성시,신미주아파트앞,Sinmiju Apartment ,233000109,36710.0,노변정류장,경기도 화성시,경기도 화성시 기산동,37.2146333,127.0517833
화성시,신미주아파트후문,Sinmiju Apartment Back Gate,233002719,,노변정류장,경기도 화성시,,37.22265,126.9853667
화성시,신미주아파트후문,Sinmiju Apartment Back Gate,233002718,,노변정류장,경기도 화성시,,37.2227333,126.9851333
화성시,신성미소지움아파트,Shinsung Misozium Apartment ,233001865,37906.0,노변정류장,경기도 화성시,경기도 화성시 향남읍,37.13925,126.9145
화성시,신성미소지움아파트,Shinsung Misozium Apartment ,233001863,37905.0,노변정류장,경기도 화성시,경기도 화성시 향남읍,37.13875,126.9136333
화성시,신안인스빌,,233515980,,,,,37.2171167,126.9485167
화성시,신안인스빌2차,Shinhan Ensvil Aparmtent 2-cha,233000129,36460.0,노변정류장,경기도 화성시,경기도 화성시 동탄면,37.2000167,127.1159667
화성시,신영지웰,Sinyoung G-well,233002104,55080.0,노변정류장,경기도 화성시,경기도 화성시 향남읍,37.1278,126.9210167
화성시,신영지웰2차아파트,Shinyoung G Well Apartment 2-cha,233001859,37902.0,노변정류장,경기도 화성시,경기도 화성시 향남읍,37.1297167,126.9195833
화성시,신영지웰2차아파트,Shinyoung G Well Apartment 2-cha,233002018,37992.0,노변정류장,경기도 화성시,경기도 화성시 향남읍,37.1299,126.9194833
화성시,신영지웰아파트,Sinyoung G-well Apartment ,233002023,37999.0,노변정류장,경기도 화성시,경기도 화성시 향남읍,37.1258667,126.9217167
화성시,신영지웰아파트,Sinyoung G-well Apartment ,233001988,37978.0,노변정류장,경기도 화성시,경기도 화성시 향남읍,37.12605,126.9217
화성시,신영통현대아파트1단지,Sinyeongtong Hyundai Apartment 1-danji,233002668,,노변정류장,경기도 화성시,,37.2347,127.0612
화성시,신영통현대아파트1단지,Sinyeongtong Hyundai Apartment 1-danji,233002667,,노변정류장,경기도 화성시,,37.2350833,127.0611667
화성시,신영통현대타운,,233531510,,,,,37.2322667,127.0568833
화성시,신영통현대타운.두산위브,"Sinyeongtong Hyundai Town, Doosan Weve ",233000118,36393.0,노변정류장,경기도 화성시,경기도 화성시 반월동,37.2354667,127.0624667
화성시,신영통현대타운.두산위브,"Sinyeongtong Hyundai Town, Doosan Weve ",233000117,36512.0,노변정류장,경기도 화성시,경기도 화성시 반월동,37.2353333,127.0621
화성시,신왕2리.독줄입구,"Sinwang 2-ri, Dokjul ",233001098,36133.0,노변정류장,경기도 화성시,경기도 화성시 양감면,37.0776167,126.9540833
화성시,신왕2리마을회관,Sinwang 2-ri Community Center,233001790,37858.0,노변정류장,경기도 화성시,경기도 화성시 양감면,37.0722333,126.9498
화성시,신왕3리.양감초등학교,"Sinwang 3-ri, ",233000025,36127.0,노변정류장,경기도 화성시,경기도 화성시 양감면,37.0801,126.9523667
화성시,신왕공단,Sinwang Industrial Complex,233001097,36144.0,노변정류장,경기도 화성시,경기도 화성시 양감면,37.0769,126.9607333
화성시,신왕공단,Sinwang Industrial Complex ,233001096,36145.0,노변정류장,경기도 화성시,경기도 화성시 양감면,37.0768167,126.9607
화성시,신왕리,Sinwang-ri ,233001100,36778.0,노변정류장,경기도 화성시,경기도 화성시 양감면,37.0833333,126.9442167
화성시,신왕리,Sinwang-ri,233001789,37857.0,노변정류장,경기도 화성시,경기도 화성시 양감면,37.0749667,126.9450833
화성시,신왕리,Sinwang-ri ,233001791,37855.0,노변정류장,경기도 화성시,경기도 화성시 양감면,37.0749167,126.9451333
화성시,신왕리(경유),,277102692,,,,,37.0736,126.9441833
화성시,신외1동,Sinoe 1-dong,233002932,,노변정류장,경기도 화성시,,37.2700333,126.81525
화성시,신외1동마을회관,Sinoe 1-dong Community Center,233002933,,노변정류장,경기도 화성시,,37.2711,126.8136
화성시,신외1통,Sinoe 1-tong,233002931,,노변정류장,경기도 화성시,,37.2699333,126.8151667
화성시,신외2통.가래울,"Sinoe 2-tong, Garaeul",233002571,,노변정류장,경기도 화성시,,37.2732333,126.8117
화성시,신외2통.가래울,"Sinoe 2-tong, Garaeul",233002572,,노변정류장,경기도 화성시,,37.2734833,126.8117167
화성시,신외2통.고잔,"Sinoe 2-tong, Gojan",233002935,,노변정류장,경기도 화성시,,37.2753,126.8102333
화성시,신외2통.고잔,Sinoe-ri Bus Terminal ,233002934,,노변정류장,경기도 화성시,,37.27535,126.81035
화성시,신외동,Sinoe-dong,233002581,,노변정류장,경기도 화성시,,37.2686667,126.8132167
화성시,신외동,Sinoe-dong,233002582,,노변정류장,경기도 화성시,,37.2685833,126.8132667
화성시,신일우남아파트,Shinil Woonam Apartment ,233000590,36169.0,노변정류장,경기도 화성시,경기도 화성시 봉담읍,37.2266,126.9716167
화성시,신일유토빌정문,Shinil Utovill Main Gate,233001681,37695.0,노변정류장,경기도 화성시,경기도 화성시 석우동,37.20915,127.07505
화성시,신일해피트리1차,Shinil HappyTree Apartment 1-cha,233000596,36186.0,노변정류장,경기도 화성시,경기도 화성시 봉담읍,37.2224667,126.9739333
화성시,신일해피트리2차아파트,Shinil Happy Tree Apartment 2-cha,233000599,36663.0,노변정류장,경기도 화성시,경기도 화성시 봉담읍,37.2168333,126.9786167
화성시,신일해피트리2차아파트,Shinil Happy Tree Apartment 2-cha,233000586,36662.0,노변정류장,경기도 화성시,경기도 화성시 봉담읍,37.2169,126.9783333
화성시,신일해피트리아파트,Shinil HappyTree Apartment,233002272,55150.0,노변정류장,경기도 화성시,경기도 화성시 능동,37.2003,127.0533
화성시,신일해피트리아파트,Shinil HappyTree Apartment,233001689,37717.0,노변정류장,경기도 화성시,경기도 화성시 능동,37.2001167,127.053
화성시,신일해피트리후문,Shinil HappyTree Apartment Back Gate,233002734,,노변정류장,경기도 화성시,,37.22255,126.97905
화성시,신일해피트리후문,Shinil HappyTree Apartment Back Gate,233002733,,노변정류장,경기도 화성시,,37.22265,126.9789833
화성시,신창2차아파트,Sinchang Apartment 2-cha,233000086,36376.0,노변정류장,경기도 화성시,경기도 화성시 병점동,37.2096833,127.0475833
화성시,신창미션힐,Sinchang Missionhill Apartment ,233001622,37739.0,노변정류장,경기도 화성시,경기도 화성시 병점동,37.2035167,127.04195
화성시,신창미션힐.송화초교,"Sinchang Missionhill Apartment, Songhwa Elementary School",233000101,36350.0,노변정류장,경기도 화성시,경기도 화성시 병점동,37.2033,127.03855
화성시,신창아파트,Shinchang Apartment,233001870,37911.0,노변정류장,경기도 화성시,경기도 화성시 봉담읍,37.23655,126.95335
화성시,신천리보건소,Sincheon-ri Public Health Center,233001465,37064.0,노변정류장,경기도 화성시,경기도 화성시 송산면,37.2484,126.7174667
화성시,신천리보건소,Sincheon-ri Public Health Center,233001466,37063.0,노변정류장,경기도 화성시,경기도 화성시 송산면,37.24835,126.71745
화성시,신한미지엔아파트앞,Shinhan Mizien Apartment ,233000645,36304.0,노변정류장,경기도 화성시,경기도 화성시 안녕동,37.1999167,127.0086
화성시,신한미지엔아파트앞,Shinhan Mizien Apartment ,233000667,36305.0,노변정류장,경기도 화성시,경기도 화성시 안녕동,37.20035,127.00915
화성시,신한바이오캠,Shinhan BioChem,233001837,37877.0,노변정류장,경기도 화성시,경기도 화성시 양감면,37.0881167,126.9388167
화성시,신한에스빌아파트,Shinhan S-Ville Apartment ,233000062,37352.0,노변정류장,경기도 화성시,경기도 화성시 병점동,37.2088167,127.0387833
화성시,신한에스빌아파트앞,Shinhan S-Ville Apartment ,233002098,55086.0,노변정류장,경기도 화성시,경기도 화성시 병점동,37.2089667,127.0395167
화성시,신흥사,Sinheungsa,233000741,37062.0,노변정류장,경기도 화성시,경기도 화성시 서신면,37.1898333,126.7136333
화성시,신흥사,Sinheungsa,233000861,37061.0,노변정류장,경기도 화성시,경기도 화성시 서신면,37.1899167,126.7135
화성시,신흥유원지,Sinheung Park ,233000292,36834.0,노변정류장,경기도 화성시,경기도 화성시 송산면,37.23085,126.6958167
화성시,신흥유원지,Sinheung Park ,233002199,55197.0,노변정류장,경기도 화성시,경기도 화성시 송산면,37.23075,126.6952667
화성시,쌍송1리앞,Ssangsong 1-ri,233002140,55182.0,노변정류장,경기도 화성시,경기도 화성시 마도면,37.1905667,126.7931333
화성시,쌍송1리앞,Ssangsong 1-ri ,233002139,55181.0,노변정류장,경기도 화성시,경기도 화성시 마도면,37.1901167,126.79245
화성시,쌍송2리.산업단지내,"Ssangsong 2-ri, Industrial Complex ",233002144,55186.0,노변정류장,경기도 화성시,경기도 화성시 마도면,37.1846667,126.7888
화성시,쌍송2리마을회관,Ssangsong 2-ri Community Center,233002919,,노변정류장,경기도 화성시,,37.186,126.7827167
화성시,쌍송2리앞,Ssangsong 2-ri ,233002143,55185.0,노변정류장,경기도 화성시,경기도 화성시 마도면,37.1844,126.7882333
화성시,쌍송공단,Ssangsong Industrial Complex,233000260,37118.0,노변정류장,경기도 화성시,경기도 화성시 마도면,37.1931833,126.7901833
화성시,쌍송공단,Ssangsong Industrial Complex,233000257,37119.0,노변정류장,경기도 화성시,경기도 화성시 마도면,37.1931833,126.7903
화성시,쌍송공단입구,Ssangsong Industrial Complex ,233002367,55248.0,노변정류장,경기도 화성시,경기도 화성시 마도면,37.1951333,126.7901333
화성시,쌍송공단입구,Ssangsong Industrial Complex,233002368,55249.0,노변정류장,경기도 화성시,경기도 화성시 마도면,37.1951667,126.79005
화성시,쌍송리입구.은장고개,"Ssangsong-ri, Eunjang Gogae",233000733,37115.0,노변정류장,경기도 화성시,경기도 화성시 마도면,37.2022,126.7890667
화성시,쌍용상록아파트,Ssangyong Sangrok Apartment ,233001732,37709.0,노변정류장,경기도 화성시,경기도 화성시 능동,37.2167,127.0554833
화성시,쌍용아파트,Ssangyong Apartment ,233002741,55440.0,노변정류장,경기도 화성시,,37.2120667,126.9699333
화성시,쌍용아파트,Ssangyong Apartment ,233002759,,노변정류장,경기도 화성시,,37.2418333,126.9519333
화성시,쌍용아파트,Ssangyong APartment,233002742,,노변정류장,경기도 화성시,,37.2118333,126.9705
화성시,쌍용아파트,Ssangyong Apartment,233003022,,노변정류장,경기도 화성시,,37.2418167,126.95185
화성시,쌍용예가,Ssangyong Yega,233001449,36675.0,노변정류장,경기도 화성시,경기도 화성시 반송동,37.1935,127.0718
화성시,쌍용예가,Ssangyong Yega,233001730,37807.0,노변정류장,경기도 화성시,경기도 화성시 능동,37.2151667,127.05675
화성시,쌍정1리.복우물,"Ssangjeong 1-ri, Bogumul",233002522,,노변정류장,경기도 화성시,,37.2353167,126.7341667
화성시,쌍정1리.복우물,Ssangjeong 1-ri,233000281,37083.0,노변정류장,경기도 화성시,경기도 화성시 송산면,37.2353833,126.7341333
화성시,쌍정2리,Ssangjeong 2-ri,233001467,37077.0,노변정류장,경기도 화성시,경기도 화성시 송산면,37.2344667,126.73
화성시,쌍정2리,Ssangjeong 2-ri,233000280,37079.0,노변정류장,경기도 화성시,경기도 화성시 송산면,37.2345667,126.72995
화성시,쌍정2리,Ssangjeong 2-ri Daejeong,233001468,37603.0,노변정류장,경기도 화성시,경기도 화성시 송산면,37.2346167,126.7302167
화성시,쌍정2리.잿말,Ssangjeong 2-ri,233001463,37608.0,노변정류장,경기도 화성시,경기도 화성시 송산면,37.2338,126.7251833
화성시,쌍정2리.잿말,Ssangjeong 2-ri,233001462,37609.0,노변정류장,경기도 화성시,경기도 화성시 송산면,37.2337333,126.7252333
화성시,쌍정리,Ssangjeong-ri,233001461,37071.0,노변정류장,경기도 화성시,경기도 화성시 송산면,37.2306,126.7242167
화성시,쌍정리,Ssangjeong-ri,233000279,37070.0,노변정류장,경기도 화성시,경기도 화성시 송산면,37.2308167,126.7240833
화성시,쌍학4리,Ssanghak 4-ri,233001271,37243.0,노변정류장,경기도 화성시,경기도 화성시 비봉면,37.2409333,126.8994833
화성시,쌍학리,Ssanghak-ri,233000719,37620.0,노변정류장,경기도 화성시,경기도 화성시 비봉면,37.24825,126.89245
화성시,쌍학리,Ssanghak-ri,233001270,37246.0,노변정류장,경기도 화성시,경기도 화성시 비봉면,37.2361167,126.9011167
화성시,쌍학리(경유),,277101890,,,,,37.2385333,126.9001
화성시,아너스호텔,Renault Samsung Motors,233001456,36390.0,노변정류장,경기도 화성시,경기도 화성시 능동,37.2201333,127.0584833
화성시,아랫말.수기리,"Araetmal, Sugi-ri",233000566,36200.0,노변정류장,경기도 화성시,경기도 화성시 봉담읍,37.1991167,126.9780833
화성시,아랫머드내.신동아자동차학원,"Araetmedeudae, SindongAh Driving School ",233001013,15278.0,노변정류장,경기도 화성시,경기도 평택시 서탄면,37.1264833,127.0072167
화성시,아랫머드내.신동아자동차학원,"Araetmedeudae, SindongAh Driving School ",233001014,15963.0,노변정류장,경기도 화성시,경기도 평택시 서탄면,37.1266833,127.00705
화성시,아름다운교회,Areumdaun Church ,233001941,37946.0,노변정류장,경기도 화성시,경기도 화성시 석우동,37.2213333,127.0801667
화성시,아름다운교회,Areumdaun Church ,233001942,37945.0,노변정류장,경기도 화성시,경기도 화성시 석우동,37.2208833,127.0803333
화성시,아시아자동차,Asia Motors Co.,233001018,37329.0,노변정류장,경기도 화성시,경기도 화성시 향남읍,37.1313333,126.96285
화성시,아시아자동차,Asia Motors Co.,233000948,37328.0,노변정류장,경기도 화성시,경기도 화성시 향남읍,37.1314833,126.9629
화성시,아울렛패션몰,Outlet Fashion Mall,233000903,36099.0,노변정류장,경기도 화성시,경기도 화성시 봉담읍,37.20005,126.9394833
화성시,아이파크.부영A73블럭,,233001754,55505.0,,,,37.1655167,127.1092667
화성시,아이파크.부영A74블럭,,233001748,55503.0,,,,37.1657667,127.11435
화성시,아이파크정문,I-Park Apartment Main Gate,233002371,55250.0,노변정류장,경기도 화성시,경기도 화성시 봉담읍,37.21385,126.9706
화성시,안골목장,Angol Farm,233001951,37980.0,노변정류장,경기도 화성시,경기도 화성시 향남읍,37.1226833,126.9394167
화성시,안골목장,Angol Farm ,233001952,37981.0,노변정류장,경기도 화성시,경기도 화성시 향남읍,37.1227667,126.9394833
화성시,안녕11통,Annyeong 11-tong,233002336,55166.0,노변정류장,경기도 화성시,경기도 화성시 안녕동,37.1975667,126.9909833
화성시,안녕11통,Annyeong 11-tong,233002335,55165.0,노변정류장,경기도 화성시,경기도 화성시 안녕동,37.1974167,126.9909
화성시,안녕3통입구,Annyeong 3-tong,233002396,55271.0,노변정류장,경기도 화성시,경기도 화성시 안녕동,37.2051,126.9851
화성시,안녕4통,Annyeong 4-tong,233002234,55122.0,노변정류장,경기도 화성시,경기도 화성시 안녕동,37.2126333,126.9827833
화성시,안녕4통,Annyeong 4-tong ,233002233,55121.0,노변정류장,경기도 화성시,경기도 화성시 안녕동,37.2123,126.9829
화성시,안녕4통입구,Annyeong 4-tong,233002395,55270.0,노변정류장,경기도 화성시,경기도 화성시 안녕동,37.2054,126.9854167
화성시,안녕농협,Annyeong Nonghyup,233002694,,노변정류장,경기도 화성시,,37.2054,127.0146667
화성시,안녕농협삼거리,Annyeong Nonghyup Samgeori,233000604,36312.0,노변정류장,경기도 화성시,경기도 화성시 안녕동,37.2053,127.01425
화성시,안녕농협삼거리,Annyeong Nonghyup Samgeori,233000581,36314.0,노변정류장,경기도 화성시,경기도 화성시 안녕동,37.2052167,127.0147
화성시,안녕농협앞,Annyeong ,233002693,,노변정류장,경기도 화성시,,37.2053833,127.0148667
화성시,안녕동,Annyeong-dong ,233000668,36313.0,노변정류장,경기도 화성시,경기도 화성시 안녕동,37.2037,127.01425
화성시,안녕성당앞,Annyeong Catholic Church ,233002155,55161.0,노변정류장,경기도 화성시,경기도 화성시 안녕동,37.2042667,126.9962667
화성시,안녕자원,Annyeong Resources,233001130,36281.0,노변정류장,경기도 화성시,경기도 화성시 안녕동,37.2096667,127.0004667
화성시,안녕자원앞,Annyeong Resources,233001228,36660.0,노변정류장,경기도 화성시,,37.2096667,127.0006833
화성시,안녕초등학교,Annyung Elementary School,233002652,37617.0,노변정류장,경기도 수원시,,37.2075333,127.00815
화성시,안녕초등학교,Annyung Elementary School,233002538,36483.0,노변정류장,경기도 화성시,,37.2073333,127.0075333
화성시,안덕우리,Andeokuri,233002180,37880.0,노변정류장,경기도 화성시,경기도 화성시 팔탄면,37.1366,126.8632167
화성시,안덕우리,Andeokuri,233002786,,노변정류장,경기도 화성시,,37.1366333,126.8633333
화성시,안석1통,Anseok 1-tong,233002830,,노변정류장,경기도 화성시,,37.1695667,126.8263333
화성시,안석1통마을회관,Anseok 1-tong Community Center,233002831,,노변정류장,경기도 화성시,,37.1723333,126.8273667
화성시,안석2통,Anseok 2-tong,233002010,37427.0,노변정류장,경기도 화성시,,37.1782333,126.8172333
화성시,안석2통,Anseok 2-tong,233002189,55318.0,노변정류장,경기도 화성시,,37.1780667,126.817
화성시,안석2통동녘회관,Anseok 2-tong Community Center,233002828,,노변정류장,경기도 화성시,,37.1770667,126.8185667
화성시,안석2통마을회관,Anseok 2-tong Community Center,233002829,,노변정류장,경기도 화성시,,37.1711167,126.8224333
화성시,안용중학교.현충탑,"Anyong Middle School, Hyeonchung Tower ",233000670,36328.0,노변정류장,경기도 화성시,경기도 화성시 송산동,37.2055667,127.0219167
화성시,안장골입구,Anjanggol ,233002216,55117.0,노변정류장,경기도 화성시,,37.1792333,126.8441667
화성시,안장골입구,Anjanggol  ,233002225,55118.0,노변정류장,경기도 화성시,,37.1792167,126.8442833
화성시,안화고등학교,Anhwa High School ,233002393,55280.0,노변정류장,경기도 화성시,경기도 화성시 병점동,37.2115,127.0472
화성시,안화고등학교,Anhwa High School,233002394,55281.0,노변정류장,경기도 화성시,경기도 화성시 병점동,37.2114333,127.0475167
화성시,안화초교.주공8.9단지,"Inhwa Elementary School, Jugong Apartment 8 & 9-danji",233000072,36373.0,노변정류장,경기도 화성시,경기도 화성시 병점동,37.2132,127.0459
화성시,안화초교.주공8.9단지,"Anhwa Elementary School, Jugong 8 & 9-danji",233000071,36372.0,노변정류장,경기도 화성시,경기도 화성시 병점동,37.2133,127.0460833
화성시,앞말,Apmal,233001127,36282.0,노변정류장,경기도 화성시,경기도 화성시 정남면,37.1835667,127.0014167
화성시,앞말,Apmal,233000648,36283.0,노변정류장,경기도 화성시,경기도 화성시 정남면,37.18375,127.0020333
화성시,애덕가정,Aedeok's House ,233000470,37435.0,노변정류장,경기도 화성시,경기도 화성시 우정읍,37.0328,126.8023
화성시,애덕의.가정,Aedeok's House ,233001051,36826.0,노변정류장,경기도 화성시,경기도 화성시 우정읍,37.0327167,126.8024833
화성시,야목1리,Yamok 1-ri,233001272,37236.0,노변정류장,경기도 화성시,경기도 화성시 매송면,37.2549333,126.8974
화성시,야목1리,Yamok 1-ri,233001275,37218.0,노변정류장,경기도 화성시,경기도 화성시 매송면,37.2573833,126.8920667
화성시,야목1리,Yamok 1-ri ,233002761,,노변정류장,경기도 화성시,,37.2549,126.8972667
화성시,야목2리,Yamok 2-ri,233001274,37202.0,노변정류장,경기도 화성시,경기도 화성시 매송면,37.26375,126.8813667
화성시,야목2리,Yamok 2-ri ,233001273,37581.0,노변정류장,경기도 화성시,경기도 화성시 매송면,37.2638167,126.8815167
화성시,야목2리휴먼시아,Yamok 2-ri Humansia Apartment ,233003019,,노변정류장,경기도 화성시,,37.26535,126.8783167
화성시,야목3리.당골마을,"Yamok 3-ri, Danggol Maeul ",233003017,,노변정류장,경기도 화성시,,37.2666833,126.87775
화성시,야목3리.당골마을,"Yamok 3-ri, Danggol Maeul ",233003018,,노변정류장,경기도 화성시,,37.2666667,126.87765
화성시,야목4리.빈정,"Yamok 4-ri, Binjeong",233002764,,노변정류장,경기도 화성시,,37.2686833,126.86645
화성시,야목4리마을회관,Yamok 4-ri Community Center,233002762,,노변정류장,경기도 화성시,,37.2690333,126.8680833
화성시,야목4리마을회관,Yamok 4-ri Community Center,233002763,,노변정류장,경기도 화성시,,37.2690667,126.8681833
화성시,야목리,Yamok-ri ,233000537,37193.0,노변정류장,경기도 화성시,경기도 화성시 매송면,37.2649167,126.8775667
화성시,야목리,Yamok-ri ,233000532,37194.0,노변정류장,경기도 화성시,경기도 화성시 매송면,37.26615,126.87825
화성시,약방앞,Pharmacy  ,233002193,55191.0,노변정류장,경기도 화성시,경기도 화성시 송산면,37.2408833,126.6692667
화성시,약방앞,Pharmacy ,233002192,55190.0,노변정류장,경기도 화성시,경기도 화성시 송산면,37.2409167,126.6694833
화성시,양감농협,Yanggam Nonghyup ,233000023,36121.0,노변정류장,경기도 화성시,경기도 화성시 양감면,37.08105,126.94695
화성시,양감농협,Yanggam Nonghyup,233000024,36120.0,노변정류장,경기도 화성시,경기도 화성시 양감면,37.08115,126.9469
화성시,양감면사무소,Yanggam-myeon Office ,233001101,36777.0,노변정류장,경기도 화성시,경기도 화성시 양감면,37.0817833,126.9451333
화성시,양감보건소,Yanggam Public Health Center,233001824,37794.0,노변정류장,경기도 화성시,경기도 화성시 양감면,37.0817667,126.945
화성시,양감초등학교.중학교,Yanggam Elementary & Middle School ,233001099,36126.0,노변정류장,경기도 화성시,경기도 화성시 양감면,37.08005,126.9522667
화성시,양감초등학교.중학교,Yanggam Elementary & Middle School,233001788,37856.0,노변정류장,경기도 화성시,경기도 화성시 양감면,37.0808167,126.9504833
화성시,양감초중교,Yanggam Elementary & Middle School,233001792,37987.0,노변정류장,경기도 화성시,경기도 화성시 양감면,37.0807167,126.9504667
화성시,양계장,Poultry Farm,233001192,36245.0,노변정류장,경기도 화성시,경기도 화성시 양감면,37.1009333,126.9838833
화성시,양계장,Poultry Farm,233001193,36241.0,노변정류장,경기도 화성시,경기도 화성시 양감면,37.1012333,126.9841333
화성시,양노3리,Yangno 3-ri,233003082,55393.0,노변정류장,경기도 화성시,경기도 화성시 비봉면,37.2267667,126.8577167
화성시,양노3리,Yangno 3-ri,233000725,37153.0,노변정류장,경기도 화성시,경기도 화성시 비봉면,37.22685,126.8582167
화성시,양노교차로(경유),,277103612,,,,,37.2230833,126.8757167
화성시,양노교차로(경유),,277103611,,,,,37.2235333,126.8757
화성시,양노리,Yangno-ri,233002446,55380.0,노변정류장,경기도 화성시,경기도 화성시 비봉면,37.2308333,126.87375
화성시,양노리,Yangno-ri,233002118,55087.0,노변정류장,경기도 화성시,경기도 화성시 비봉면,37.2288333,126.85995
화성시,양노리,Yangno-ri ,233000539,37188.0,노변정류장,경기도 화성시,경기도 화성시 비봉면,37.2309,126.8739167
화성시,양노리,Yangno-ri,233000773,37154.0,노변정류장,경기도 화성시,경기도 화성시 비봉면,37.2290833,126.8597667
화성시,양석골,Yangseokgol,233001106,37307.0,노변정류장,경기도 화성시,경기도 화성시 향남읍,37.11075,126.9303833
화성시,양석골,Yangseokgol,233001107,37306.0,노변정류장,경기도 화성시,경기도 화성시 향남읍,37.1106667,126.9302667
화성시,양지편,Yangjipyeon,233001015,36799.0,노변정류장,경기도 화성시,경기도 화성시 우정읍,37.0469,126.762
화성시,양지편,Yangjipyeon,233001016,36830.0,노변정류장,경기도 화성시,경기도 화성시 우정읍,37.0468333,126.7621167
화성시,어도종점,Eodo Bus Terminal ,233002996,,노변정류장,경기도 화성시,,37.2466833,126.6549333
화성시,어도펜션,Eodo Pension ,233002640,,노변정류장,경기도 화성시,,37.2488167,126.6497667
화성시,어도펜션,Eodo Pension ,233002541,36490.0,노변정류장,경기도 화성시,,37.2426,126.65285
화성시,어은1리,Eoeun 1-ri ,233002630,37396.0,,경기도 화성시,,37.0955333,126.83425
화성시,어은1리,Eoeun 1-ri ,233000400,37453.0,노변정류장,경기도 화성시,경기도 화성시 장안면,37.0953833,126.8342
화성시,어은1리한양빌라앞,Eoeun 1-ri Hanyang Villa,233001775,37800.0,노변정류장,경기도 화성시,경기도 화성시 장안면,37.0979333,126.8369167
화성시,어은1정미소앞,Eoeun 1 Mill,233000401,36869.0,노변정류장,경기도 화성시,경기도 화성시 장안면,37.0931333,126.8313167
화성시,어은1정미소앞,Eoeun 1 Mill,233002610,36835.0,,경기도 화성시,,37.0929667,126.8310833
화성시,어은4리,Eoeun 4-ri ,233000515,37124.0,노변정류장,경기도 화성시,경기도 화성시 장안면,37.0817667,126.8282
화성시,어은4리,Eoeun 4-ri ,233000497,37125.0,노변정류장,경기도 화성시,경기도 화성시 장안면,37.0818,126.8283667
화성시,어은리,,233001646,55498.0,,,,37.0865,126.8373833
화성시,어은리,,233001645,55497.0,,,,37.0864167,126.8373833
화성시,어은삼거리,Eoeun Samgeori,233000402,37594.0,노변정류장,경기도 화성시,경기도 화성시 장안면,37.0862333,126.8269667
화성시,어은삼거리,Eoeun Samgeori,233001387,37593.0,노변정류장,경기도 화성시,경기도 화성시 장안면,37.0862,126.8265333
화성시,어은삼거리,Eoeun Samgeori,233001816,37792.0,노변정류장,경기도 화성시,경기도 화성시 장안면,37.0858833,126.8265
화성시,어은삼거리,Eoeun Samgeori,233000931,37122.0,노변정류장,경기도 화성시,경기도 화성시 장안면,37.0859167,126.8264
화성시,어천,Eocheon,233000844,37566.0,노변정류장,경기도 화성시,경기도 화성시 매송면,37.2494667,126.91085
화성시,어천,Eocheon ,233000842,37565.0,노변정류장,경기도 화성시,경기도 화성시 매송면,37.24935,126.9108333
화성시,어천저수지,Eocheon Reservoir,233002150,55107.0,노변정류장,경기도 화성시,경기도 화성시 매송면,37.25135,126.9147833
화성시,어천저수지,Eocheon Reservoir,233002149,55106.0,노변정류장,경기도 화성시,경기도 화성시 매송면,37.25125,126.9148167
화성시,언창공단,Eonchang Industrial Complex,233002044,55018.0,노변정류장,경기도 화성시,경기도 화성시 팔탄면,37.1933333,126.8823
화성시,언창공단,Eonchang Industrial Complex,233002045,55007.0,노변정류장,경기도 화성시,경기도 화성시 팔탄면,37.1933667,126.8824
화성시,업무복합.A73,,233003136,55532.0,,,,37.1672,127.1064667
화성시,업무복합부지,,233001632,55494.0,,,,37.1993333,127.0929167
화성시,업무복합부지,,233001634,55495.0,,,,37.1991167,127.09255
화성시,에일린의뜰,Eileen-Garden ,233002103,55084.0,노변정류장,경기도 화성시,경기도 화성시 향남읍,37.1278667,126.9206167
화성시,에일린의뜰.포스코,"Eileen-Garden, Posco",233002498,55405.0,노변정류장,경기도 화성시,경기도 화성시 오산동,37.1871833,127.0869333
화성시,에일린의뜰.포스코,"Eileen-Garden, Posco",233002499,55410.0,노변정류장,경기도 화성시,경기도 화성시 오산동,37.1869167,127.0867833
화성시,에일린의뜰.휴먼시아6단지,"Eileen-Garden, Humansia 6-danji",233001855,37898.0,노변정류장,경기도 화성시,경기도 화성시 향남읍,37.1261167,126.9198833
화성시,에일린의뜰.휴먼시아6단지,"Eileen-Garden, Humansia 6-danji",233002022,37993.0,노변정류장,경기도 화성시,경기도 화성시 향남읍,37.12595,126.9193833
화성시,에코팜타운,,233533490,,,,,37.2879333,126.8091167
화성시,에코팜타운,,233533500,,,,,37.2877,126.807
화성시,역말,Yeokmal ,233002945,,노변정류장,경기도 화성시,,37.2004,126.7729833
화성시,역말,Yeokmal,233002946,,노변정류장,경기도 화성시,,37.2005333,126.7732333
화성시,연세한국병원,Yonsei Korea Hospital ,233002973,,노변정류장,경기도 화성시,,37.2090833,127.0077667
화성시,연세한국병원,Yonsei Korea Hospital ,233002548,36467.0,노변정류장,경기도 화성시,,37.20965,127.0082667
화성시,연화가든앞,Yeonhwa Garden,233002039,55017.0,노변정류장,경기도 화성시,경기도 화성시 비봉면,37.24355,126.8751
화성시,영남교(경유),,277101822,,,,,37.20715,126.81935
화성시,영지,Yeongji,233002235,55136.0,노변정류장,경기도 화성시,경기도 화성시 서신면,37.1615,126.7069167
화성시,영지,Yeongji,233002236,55208.0,노변정류장,경기도 화성시,경기도 화성시 서신면,37.1614333,126.7066167
화성시,영천1동,Youngcheon 1-ri,233000141,36454.0,노변정류장,경기도 화성시,경기도 화성시 동탄면,37.2147833,127.0938333
화성시,영천1동,Yeongcheon 1-ri,233000144,36455.0,노변정류장,경기도 화성시,경기도 화성시 동탄면,37.2153333,127.0940167
화성시,영천리,Yeongcheon-ri,233000140,36449.0,노변정류장,경기도 화성시,경기도 화성시 동탄면,37.2195167,127.10355
화성시,영천리,Yeongcheon-ri ,233000145,36451.0,노변정류장,경기도 화성시,,37.2195667,127.1036333
화성시,영천유.금성백조,"Yeongcheonyu, Kumsung Baekjoe Construction ",233002435,55293.0,노변정류장,경기도 화성시,경기도 화성시 동탄면,37.2037,127.1074
화성시,영천초.계룡,"Yeongcheon Elementary School,  Kyeryong Apartment ",233000961,36453.0,노변정류장,경기도 화성시,경기도 화성시 동탄면,37.2042833,127.1049667
화성시,영화빌라앞,Yeonghwa Villa,233002698,,노변정류장,경기도 화성시,,37.2085,127.0122167
화성시,예당고사거리,Yedang High School Sageori,233002439,55311.0,노변정류장,경기도 화성시,경기도 화성시 석우동,37.2099,127.0806667
화성시,예당고사거리,Yedanggo Sageori,233002440,55312.0,노변정류장,경기도 화성시,경기도 화성시 석우동,37.2091833,127.0818167
화성시,예당마을,Yedang Maeul,233001680,37743.0,노변정류장,경기도 화성시,경기도 화성시 석우동,37.20755,127.0746167
화성시,예당마을.롯데캐슬(중),"Yedang Maeul, Lotte Castle",233001281,36672.0,중앙차로 정류장,경기도 화성시,경기도 화성시 석우동,37.2107833,127.0719167
화성시,예당마을.롯데캐슬(중),"Yedang Maeul, Lotte Castle",233001282,37587.0,중앙차로 정류장,경기도 화성시,경기도 화성시 석우동,37.2116333,127.0728
화성시,예당예원초,Yedang Yewon Elementary School,233001682,37711.0,노변정류장,경기도 화성시,경기도 화성시 석우동,37.2105667,127.0776667
화성시,예당예원초,Yedang Yewon Elementary School,233001652,37758.0,노변정류장,경기도 화성시,경기도 화성시 석우동,37.2107,127.0775833
화성시,예솔초.호반2차.대원2차,"Yesol Elementary School, Hoban 2-cha, Daewon 2-cha",233002421,55340.0,노변정류장,경기도 화성시,경기도 화성시 동탄면,37.1962,127.1186833
화성시,오일리,Oil-ri,233001600,37646.0,노변정류장,경기도 화성시,경기도 화성시 정남면,37.16515,126.9687
화성시,오일리,Oil-ri,233001601,37647.0,노변정류장,경기도 화성시,경기도 화성시 정남면,37.16535,126.9686167
화성시,옥산마을,Oksan Maeul ,233000714,37308.0,노변정류장,경기도 화성시,경기도 화성시 매송면,37.2448167,126.9367167
화성시,옥산마을,Oksan Maeul,233000848,37309.0,노변정류장,경기도 화성시,경기도 화성시 매송면,37.24485,126.9370333
화성시,온석1동,Onseok 1-dong,233002851,,노변정류장,경기도 화성시,,37.1748167,126.8625833
화성시,온석1동,Onseok 1-dong,233002850,,노변정류장,경기도 화성시,,37.1747333,126.8626167
화성시,온석2통,Onseok 2-tong,233002837,,노변정류장,경기도 화성시,,37.1705833,126.8470667
화성시,온석2통,Onseok 2-tong,233002836,,노변정류장,경기도 화성시,,37.1705333,126.8468833
화성시,온석2통앞,Onseok 2-tong,233002221,55111.0,노변정류장,경기도 화성시,,37.1672667,126.8471833
화성시,온석2통앞,Onseok 2-tong,233002214,55110.0,노변정류장,경기도 화성시,,37.1671667,126.8469667
화성시,온석동입구,Onseok-dong,233002223,55112.0,노변정류장,경기도 화성시,,37.1735833,126.8453167
화성시,온석동입구,Onseok-dong,233002224,55113.0,노변정류장,경기도 화성시,,37.1736667,126.8454
화성시,와우2리,Wou 2-ri ,233002956,,노변정류장,경기도 화성시,,37.2155667,126.97635
화성시,와우2리,Wau 2-ri,233000944,36193.0,노변정류장,경기도 화성시,경기도 화성시 봉담읍,37.2159,126.9761833
화성시,와우2리,Wau 2-ri ,233000945,36194.0,노변정류장,경기도 화성시,경기도 화성시 봉담읍,37.2159833,126.9763167
화성시,와우2리,Wau 2-ri ,233002957,,노변정류장,경기도 화성시,,37.2155833,126.9762667
화성시,와우농협앞,Wau Nonghyup,233001457,37529.0,노변정류장,경기도 화성시,경기도 화성시 봉담읍,37.218,126.9746333
화성시,와우농협앞,Wau Nonghyup,233000942,36187.0,노변정류장,경기도 화성시,경기도 화성시 봉담읍,37.2179833,126.97445
화성시,와우사거리,Wau Sageori,233002738,,노변정류장,경기도 화성시,,37.2189,126.9733833
화성시,와우사거리,Wau Sageori,233002737,,노변정류장,경기도 화성시,,37.2190167,126.97345
화성시,왕람휴게소(경유),,277102570,,,,,37.2073,126.9437667
화성시,왕림4리.세곡리,Segok-ri ,233000829,36090.0,노변정류장,경기도 화성시,경기도 화성시 봉담읍,37.18935,126.9382167
화성시,왕림4리.세곡리,Segok-ri,233000792,36092.0,노변정류장,경기도 화성시,경기도 화성시 봉담읍,37.1889667,126.9384
화성시,왕림교차로(경유),,277102694,,,,,37.19295,126.9390167
화성시,왕림교차로(경유),,277101708,,,,,37.1929,126.9393333
화성시,왕림리.상기리입구,"Wangnim-ri, Sanggi-ri",233000790,36102.0,노변정류장,경기도 화성시,경기도 화성시 봉담읍,37.1972167,126.9400167
화성시,왕림리.상기리입구,"Wangnim-ri, Sanggi-ri ",233000831,36103.0,노변정류장,경기도 화성시,경기도 화성시 봉담읍,37.19785,126.93975
화성시,왕림휴게소,Wangnim Rest Area,233000789,36110.0,노변정류장,경기도 화성시,경기도 화성시 봉담읍,37.2039667,126.9428167
화성시,왕림휴게소,Wangnim Rest Area,233000832,36109.0,노변정류장,경기도 화성시,경기도 화성시 봉담읍,37.2044667,126.94275
화성시,왕모대,Wangmodae,233002527,,노변정류장,경기도 화성시,,37.1396833,126.7266833
화성시,왕재고개,Wangjae Gogae,233000652,36259.0,노변정류장,경기도 화성시,경기도 화성시 정남면,37.1762167,126.9863833
화성시,왕재고개,Wangjae Gogae,233000664,36254.0,노변정류장,경기도 화성시,경기도 화성시 정남면,37.1761833,126.9862333
화성시,왕재골입구,Wangjaegol ,233002040,55008.0,노변정류장,경기도 화성시,경기도 화성시 비봉면,37.2435167,126.8749833
화성시,외골,Oegol,233001444,36957.0,노변정류장,경기도 화성시,경기도 화성시 정남면,37.154,126.9683
화성시,외국인보호소,Foreigners' Shelter,233000737,37103.0,노변정류장,경기도 화성시,경기도 화성시 마도면,37.2079667,126.76655
화성시,외국인보호소,Foreigners' Shelter,233000761,37104.0,노변정류장,경기도 화성시,경기도 화성시 마도면,37.20805,126.7671167
화성시,외국인복지센터,Foreigners Community Service Center,233001760,37811.0,노변정류장,경기도 화성시,경기도 화성시 향남읍,37.0866833,126.90705
화성시,외딴집,Oettanjib,233001202,36114.0,노변정류장,경기도 화성시,경기도 화성시 양감면,37.0997833,126.9434333
화성시,외딴집,Oettanjib,233001201,36115.0,노변정류장,경기도 화성시,경기도 화성시 양감면,37.09985,126.9436167
화성시,요꼴,Yoggol,233000133,36429.0,노변정류장,경기도 화성시,경기도 화성시 양감면,37.1032833,126.9631167
화성시,요꼴낚시터,Yoggol Fishery ,233001083,36781.0,노변정류장,경기도 화성시,경기도 화성시 양감면,37.1141,126.9761167
화성시,요꼴낚시터,Yoggol Fishery ,233001084,36780.0,노변정류장,경기도 화성시,경기도 화성시 양감면,37.1140833,126.9762167
화성시,요꼴마을회관,Yoggol Community Center,233000011,37380.0,노변정류장,경기도 화성시,경기도 화성시 향남읍,37.10925,126.9673
화성시,요당2리,Yodang 2-ri,233001943,37961.0,노변정류장,경기도 화성시,경기도 화성시 양감면,37.0665833,126.9156333
화성시,요당2리,Yodang 2-ri,233001944,37964.0,노변정류장,경기도 화성시,경기도 화성시 양감면,37.0667667,126.91585
화성시,요당2리,Yodang 2-ri,233002635,,노변정류장,경기도 화성시,,37.0657833,126.91465
화성시,요당3리,Yodang 3-ri,233002516,55070.0,,경기도 화성시,,37.0729833,126.9134833
화성시,요당3리,Yodang 3-ri,233002515,55069.0,,경기도 화성시,,37.0724,126.9141167
화성시,요당3리,Yodang 3-ri,233002792,,노변정류장,경기도 화성시,,37.0715167,126.9149833
화성시,요당리,Yodang-ri,233001446,36969.0,노변정류장,경기도 화성시,경기도 화성시 양감면,37.0683833,126.9365667
화성시,요당성지,Yodangseongji,233001826,37866.0,노변정류장,경기도 화성시,경기도 화성시 양감면,37.06805,126.93075
화성시,요리,Yo-ri,233001240,37569.0,노변정류장,경기도 화성시,경기도 화성시 향남읍,37.1093,126.9674
화성시,요리공단,Yo-ri Industrial Complex,233001210,37379.0,노변정류장,경기도 화성시,경기도 화성시 향남읍,37.1166,126.9616
화성시,요리공단,Yo-ri Industrial Complex,233000012,37378.0,노변정류장,경기도 화성시,경기도 화성시 향남읍,37.1166333,126.9614167
화성시,요진Y시티,,233003153,55549.0,,,,37.2866167,126.8204
화성시,용건릉(경유),,277102653,,,,,37.2071833,126.9881333
화성시,용당골,Yongdanggol,233000508,37159.0,노변정류장,경기도 화성시,경기도 화성시 장안면,37.0887167,126.8619
화성시,용두1리,Yongdu 1-ri ,233002913,,노변정류장,경기도 화성시,,37.1442,126.70815
화성시,용두1리,Yongdu 1-ri ,233002607,,노변정류장,경기도 화성시,,37.14415,126.7082333
화성시,용두1리.왕모대입구,"Yongdu 1-ri, Wangmodae",233002606,,노변정류장,경기도 화성시,,37.1483,126.7115333
화성시,용두2리,Yongdu 2-ri,233000881,36766.0,노변정류장,경기도 화성시,경기도 화성시 서신면,37.1474167,126.7009333
화성시,용두2리,Yongdu 2-ri,233000323,36840.0,노변정류장,경기도 화성시,경기도 화성시 서신면,37.1477,126.7006333
화성시,용두리,Yongdu-ri ,233002629,,노변정류장,경기도 화성시,,37.1488833,126.7118
화성시,용소1리,Yongso 1-ri ,233000009,36247.0,노변정류장,경기도 화성시,경기도 화성시 양감면,37.0799833,126.98445
화성시,용소1리,Yongso 1-ri,233001177,36248.0,노변정류장,경기도 화성시,경기도 화성시 양감면,37.08015,126.9844333
화성시,용소2리,Yongso 2-ri,233001989,37963.0,노변정류장,경기도 화성시,경기도 화성시 양감면,37.0726167,126.9768833
화성시,용소2리,Yongso 2-ri,233000010,36198.0,노변정류장,경기도 화성시,경기도 화성시 양감면,37.0791333,126.97815
화성시,용소2리,Yongso 2-ri,233001184,36199.0,노변정류장,경기도 화성시,경기도 화성시 양감면,37.0790333,126.9782667
화성시,용소3리,Yongso 3-ri,233000020,36162.0,노변정류장,경기도 화성시,경기도 화성시 양감면,37.0793167,126.9704167
화성시,용소3리,Yongso 3-ri ,233001092,36160.0,노변정류장,경기도 화성시,경기도 화성시 양감면,37.0793333,126.9703333
화성시,용소3리입구,Yongso 3-ri,233001180,36185.0,노변정류장,경기도 화성시,경기도 화성시 양감면,37.0775833,126.9733333
화성시,용소3리입구,Yongso 3-ri,233001181,36184.0,노변정류장,경기도 화성시,경기도 화성시 양감면,37.0775,126.9734167
화성시,용소4리,Yongso 4-ri,233000008,36224.0,노변정류장,경기도 화성시,경기도 화성시 양감면,37.0848667,126.9818167
화성시,용소4리,Yongso 4-ri,233001174,36222.0,노변정류장,경기도 화성시,경기도 화성시 양감면,37.08505,126.9812833
화성시,용수리,Yongsu-ri,233000636,36280.0,노변정류장,경기도 화성시,경기도 화성시 정남면,37.1687167,126.99975
화성시,용수리,Yongsu-ri,233001546,37605.0,노변정류장,경기도 화성시,경기도 화성시 정남면,37.16865,127.00005
화성시,용수말,,233003105,55432.0,,,,37.17165,126.9994333
화성시,용주사,Yongjusa,233000584,36289.0,노변정류장,경기도 화성시,경기도 화성시 송산동,37.2105833,127.0052167
화성시,용주사,Yongjusa,233000601,36288.0,노변정류장,경기도 화성시,경기도 화성시 송산동,37.2105167,127.0043
화성시,용주사템플스테이,Yongjusa Temple Stay,233002651,37618.0,노변정류장,경기도 화성시,,37.2095667,127.0046167
화성시,용주사템플스테이,Yongjusa Temple Stay,233002539,36484.0,노변정류장,경기도 화성시,,37.20915,127.0044
화성시,용포1리,Yongpo 1-ri,233001469,37560.0,노변정류장,경기도 화성시,경기도 화성시 송산면,37.2294667,126.7581667
화성시,용포1리.당뫼,Yongpo 1-ri (Dangmoe),233001470,36744.0,노변정류장,경기도 화성시,경기도 화성시 송산면,37.2311,126.7535833
화성시,용포1리.당뫼,Yongpo 1-ri (Dangmoe),233001471,36743.0,노변정류장,경기도 화성시,경기도 화성시 송산면,37.2310333,126.7534333
화성시,용포2리,Yongpo-ri,233000261,37093.0,노변정류장,경기도 화성시,경기도 화성시 송산면,37.2319,126.7480333
화성시,용포2리,Yongpo 2-ri ,233002914,,노변정류장,경기도 화성시,,37.2317833,126.7458667
화성시,용포2리,Yongpo 2-ri,233001472,37602.0,노변정류장,경기도 화성시,경기도 화성시 송산면,37.2317833,126.7480833
화성시,용포2리.영계,Yongpo 2-ri (Yeonggye),233001473,36746.0,노변정류장,경기도 화성시,경기도 화성시 송산면,37.2322833,126.7414167
화성시,우남블루존아파트,Woonam Bluezone Apartment ,233000583,36302.0,노변정류장,경기도 화성시,경기도 화성시 송산동,37.2096667,127.0092
화성시,우남블루존아파트,Woonam Bluezone Apartment ,233000602,36301.0,노변정류장,경기도 화성시,경기도 화성시 송산동,37.2098333,127.0092333
화성시,우남아파트,Woonam Apartment ,233000068,36381.0,노변정류장,경기도 화성시,경기도 화성시 능동,37.1993667,127.0485167
화성시,우남아파트,Woonam Apartment ,233001229,37516.0,노변정류장,경기도 화성시,경기도 화성시 능동,37.1989833,127.04785
화성시,우남퍼스트빌,Woonam Firstvill Apartment ,233000080,36366.0,노변정류장,경기도 화성시,경기도 화성시 병점동,37.2076167,127.0429333
화성시,우남퍼스트빌,Woonam Firstvill Apartment ,233000130,36447.0,노변정류장,경기도 화성시,경기도 화성시 동탄면,37.2031667,127.0986
화성시,우남퍼스트빌,Woonam Firstvill Apartment ,233000964,36469.0,노변정류장,경기도 화성시,경기도 화성시 동탄면,37.2033167,127.0990167
화성시,우남퍼스트빌.자이,"Woonam Firstvill, Xi Apartment ",233002433,37663.0,노변정류장,경기도 화성시,경기도 화성시 동탄면,37.2044667,127.10005
화성시,우남퍼스트빌3차아파트,Woonam Dream-Valley Apartment 1-cha,233000099,36359.0,노변정류장,경기도 화성시,경기도 화성시 병점동,37.1980167,127.0412833
화성시,우남퍼스트빌3차아파트,Woonam Dream-Valley Apartment 1-cha,233000949,36358.0,노변정류장,경기도 화성시,경기도 화성시 병점동,37.1984333,127.0414333
화성시,우렁골입구,Ureonggol,233002048,55005.0,노변정류장,경기도 화성시,경기도 화성시 팔탄면,37.1817667,126.8873167
화성시,우림그린빌리지,Woolim Green Village,233000595,36176.0,노변정류장,경기도 화성시,경기도 화성시 기안동,37.22455,126.9724333
화성시,우림아파트,Woolim Apartment ,233000731,36009.0,노변정류장,경기도 화성시,,37.2054833,126.80585
화성시,우림아파트,Woolim Apartment ,233000766,36010.0,노변정류장,경기도 화성시,,37.20565,126.8061333
화성시,우림아파트.화성노인회관,"Woolim Apartment, Hwaseong Seniors Community Center",233000525,37250.0,노변정류장,경기도 화성시,경기도 화성시 향남읍,37.12785,126.9028167
화성시,우림아파트.화성노인회관,"Woolim Apartment, Hwaseong Seniors Community Center",233000522,37428.0,노변정류장,경기도 화성시,경기도 화성시 향남읍,37.1281333,126.9021167
화성시,우림주공아파트,Woolim Jugong Apartment ,233002969,,노변정류장,경기도 화성시,,37.1297833,126.9018333
화성시,우림주공아파트,Woolim Jugong Apartment ,233002968,,노변정류장,경기도 화성시,,37.12985,126.9016333
화성시,우림필유,Woolim Feel-U Apartment ,233001721,37848.0,노변정류장,경기도 화성시,경기도 화성시 반송동,37.2008333,127.0595833
화성시,우림필유,Woolim Feel-U Apartment ,233001991,28266.0,노변정류장,경기도 화성시,,37.20835,126.8312167
화성시,우림필유,Woolim Feel-U Apartment ,233002707,,노변정류장,경기도 화성시,,37.20815,126.8314
화성시,우림필유아파트,Woolim Feel-U Apartment ,233001707,37698.0,노변정류장,경기도 화성시,경기도 화성시 반송동,37.1993167,127.0745333
화성시,우미린2차.호수부영3차,"Woomi Lynn, Booyoung Apartment ",233003092,55419.0,노변정류장,경기도 화성시,경기도 화성시 동탄면,37.1714,127.1065833
화성시,우미린아파트.향일고,"Woomirin Apartment, Hyangil High School ",233002019,37995.0,노변정류장,경기도 화성시,경기도 화성시 향남읍,37.13,126.91785
화성시,우미린아파트.향일고,"Woomirin Apartment, Hyangil High School ",233001858,37901.0,노변정류장,경기도 화성시,경기도 화성시 향남읍,37.1298333,126.9176333
화성시,우미제일.전하리교회,"Woomi Jeil, Jeonhari Church ",233100553,37760.0,노변정류장,경기도 화성시,경기도 화성시 석우동,37.2121333,127.0793833
화성시,우방아파트,,233508790,,,,,37.2016333,127.0064667
화성시,우신공업앞,"Wooshin Industrial Co., Ltd. ",233001339,36973.0,노변정류장,경기도 화성시,경기도 화성시 팔탄면,37.19345,126.8741
화성시,우신공업앞,"Wooshin Industrial Co., Ltd. ",233001338,36974.0,노변정류장,경기도 화성시,경기도 화성시 팔탄면,37.1935333,126.8740333
화성시,우정읍사무소,Ujeong-eup Office ,233002091,55066.0,노변정류장,경기도 화성시,경기도 화성시 우정읍,37.0884333,126.81655
화성시,우정읍사무소,Ujeong-eup Office,233002090,55065.0,노변정류장,경기도 화성시,경기도 화성시 우정읍,37.0887167,126.8166167
화성시,우정읍사무소입구,Ujeong-eup Office,233001070,36822.0,노변정류장,경기도 화성시,경기도 화성시 우정읍,37.0896167,126.8172
화성시,우정읍사무소입구,Ujeong-eup Office,233001069,37496.0,노변정류장,경기도 화성시,경기도 화성시 우정읍,37.0895667,126.8170667
화성시,우정초등학교,Ujeong Elementary School,233001160,36788.0,노변정류장,경기도 화성시,경기도 화성시 우정읍,37.0807,126.8016667
화성시,우정초등학교,Ujeong Elementary School,233000371,36836.0,노변정류장,경기도 화성시,경기도 화성시 우정읍,37.0808167,126.8017
화성시,운평1리평밭,Unpyeong 1-ri Pyeongbat,233001163,37485.0,노변정류장,경기도 화성시,경기도 화성시 우정읍,37.0871833,126.7718
화성시,운평2리,Unpyeong 2-ri ,233001156,37487.0,노변정류장,경기도 화성시,경기도 화성시 우정읍,37.0845833,126.7807333
화성시,운평2리,Unpyeong 2-ri,233000404,37452.0,노변정류장,경기도 화성시,경기도 화성시 우정읍,37.0845,126.7807
화성시,운평3리,Unpyeong 3-ri ,233001158,36789.0,노변정류장,경기도 화성시,경기도 화성시 우정읍,37.0817,126.7753333
화성시,운평3리,Unpyeong 3-ri,233000420,36858.0,노변정류장,경기도 화성시,경기도 화성시 우정읍,37.08175,126.7753
화성시,운평리,Unpyeong-ri,233002327,55158.0,노변정류장,경기도 화성시,경기도 화성시 우정읍,37.0909667,126.78195
화성시,운평리,Unpyeong-ri,233002328,55159.0,노변정류장,경기도 화성시,경기도 화성시 우정읍,37.0909,126.7820167
화성시,운평사거리,Unpyeong Sageori,233000417,36860.0,노변정류장,경기도 화성시,경기도 화성시 우정읍,37.0829667,126.7767167
화성시,운평사거리,Unpyeong Sageori,233001157,36768.0,노변정류장,경기도 화성시,경기도 화성시 우정읍,37.0830333,126.7767
화성시,원리,Won-ri,233000535,37211.0,노변정류장,경기도 화성시,경기도 화성시 매송면,37.2775667,126.8851167
화성시,원리,Won-ri,233000534,37210.0,노변정류장,경기도 화성시,경기도 화성시 매송면,37.27765,126.88495
화성시,원리다세대주택,Won-ri HMO,233003015,,노변정류장,경기도 화성시,,37.2795333,126.8904667
화성시,원리마을회관,Won-ri Community Center,233003016,,노변정류장,경기도 화성시,,37.2787333,126.8874667
화성시,원리슈퍼,Won-ri Community Center,233002530,,노변정류장,경기도 화성시,,37.2779833,126.8857333
화성시,원슈퍼.삼거리,"One Supermarket, Samgeori",233001073,37350.0,노변정류장,경기도 화성시,경기도 화성시 양감면,37.12245,126.9944833
화성시,원안1리(경유),,277101677,,,,,37.1038,126.7784167
화성시,원안1리종점,Wonan 1-ri Bus Terminal,233001397,36967.0,노변정류장,경기도 화성시,경기도 화성시 우정읍,37.1056833,126.7768667
화성시,원안2리,Wonan 2-ri ,233001391,37543.0,노변정류장,경기도 화성시,경기도 화성시 우정읍,37.1006167,126.7862667
화성시,원안2리,Wonan 2-ri,233000455,36889.0,노변정류장,경기도 화성시,경기도 화성시 우정읍,37.1005667,126.7861833
화성시,원안2리,Wonan 2-ri ,233001408,36963.0,노변정류장,경기도 화성시,경기도 화성시 우정읍,37.1005333,126.7864667
화성시,원안2리,Wonan 2-ri ,233001507,37404.0,노변정류장,경기도 화성시,경기도 화성시 우정읍,37.1004333,126.7863833
화성시,원안3리,Wonan 3-ri,233000405,36868.0,노변정류장,경기도 화성시,경기도 화성시 우정읍,37.0967333,126.7858
화성시,원안3리,Wonan 3-ri,233001407,37541.0,노변정류장,경기도 화성시,경기도 화성시 우정읍,37.1005,126.7909333
화성시,원안3리,Wonan 3-ri ,233000454,36890.0,노변정류장,경기도 화성시,경기도 화성시 우정읍,37.1004,126.7910333
화성시,원안3리,Wonan 3-ri,233001390,37544.0,노변정류장,경기도 화성시,경기도 화성시 우정읍,37.0968333,126.7858667
화성시,원천교회,Woncheon Church ,233002591,,노변정류장,경기도 화성시,,37.2278333,126.8088833
화성시,원천교회,Woncheon Church ,233002575,,노변정류장,경기도 화성시,,37.2278333,126.80875
화성시,원촌동,Wonchon-dong,233002576,,노변정류장,경기도 화성시,,37.2302333,126.8052167
화성시,원촌동,Wonchon-dong,233002590,,노변정류장,경기도 화성시,,37.2299333,126.8058
화성시,원촌동입구,Wonchon-dong,233002702,,노변정류장,경기도 화성시,,37.2143667,126.8157
화성시,원촌동입구,Wonchon-dong,233002703,,노변정류장,경기도 화성시,,37.2142833,126.8157833
화성시,원평,Wonpyeong,233000846,37299.0,노변정류장,경기도 화성시,경기도 화성시 매송면,37.2494,126.9255667
화성시,원평,Wonpyeong,233000716,37295.0,노변정류장,경기도 화성시,경기도 화성시 매송면,37.2493167,126.92545
화성시,원평2리입구,Wonpyeong 2-ri ,233002463,55324.0,노변정류장,경기도 화성시,경기도 화성시 매송면,37.2390833,126.9255167
화성시,원평2리입구.은혜교회,"Wonpyeong 2-ri, ",233002464,55325.0,노변정류장,경기도 화성시,경기도 화성시 매송면,37.2390167,126.92535
화성시,원평리(경유),,277102186,,,,,37.2468833,126.9248667
화성시,원평리(경유),,277102185,,,,,37.2407333,126.9259167
화성시,월드마트,World Mart,233002338,55168.0,노변정류장,경기도 화성시,경기도 화성시 안녕동,37.1976167,126.9942833
화성시,월드마트,World Mart,233002337,55167.0,노변정류장,경기도 화성시,경기도 화성시 안녕동,37.1977333,126.9941833
화성시,월드메르디앙,World Merdian Apartment ,233002678,,노변정류장,경기도 화성시,,37.2151667,127.03575
화성시,월드메르디앙,World Merdian Apartment ,233002677,,노변정류장,경기도 화성시,,37.215,127.0356167
화성시,월드반도,World Bando,233001706,37697.0,노변정류장,경기도 화성시,경기도 화성시 반송동,37.1931,127.0804167
화성시,월드반도,World Bando,233001448,36678.0,노변정류장,경기도 화성시,경기도 화성시 반송동,37.1908,127.0765167
화성시,월드반도.노작마을,"World Bando, Nojak Maeul ",233001485,37554.0,노변정류장,경기도 화성시,경기도 화성시 반송동,37.1946167,127.0802333
화성시,월문리,Wolmun-ri,233001353,36934.0,노변정류장,경기도 화성시,경기도 화성시 팔탄면,37.1195167,126.8690167
화성시,월문리,Wolmun-ri,233000440,36900.0,노변정류장,경기도 화성시,경기도 화성시 팔탄면,37.1193167,126.8690667
화성시,월문리온천입구,Wolmun-ri Hot Spring,233000438,36901.0,노변정류장,경기도 화성시,경기도 화성시 팔탄면,37.1143167,126.8772333
화성시,월문온천,Wolmun Hot Spring ,233000464,36883.0,노변정류장,경기도 화성시,경기도 화성시 팔탄면,37.1144333,126.87755
화성시,월문초등학교,Wolmun Elementary School ,233000463,37437.0,노변정류장,경기도 화성시,경기도 화성시 팔탄면,37.1179,126.8715167
화성시,월문초등학교,Wolmun Elementary School ,233000439,37444.0,노변정류장,경기도 화성시,경기도 화성시 팔탄면,37.1178667,126.8714
화성시,윗머드내.평화약국,"Witmeodeunae, Pyeonghwa Pharmacy ",233001012,37917.0,노변정류장,경기도 화성시,,37.1291,127.0125833
화성시,유엔아이,U&I,233001920,37935.0,노변정류장,경기도 화성시,경기도 화성시 병점동,37.20385,127.0338333
화성시,유엔아이,U&I,233001921,37933.0,노변정류장,경기도 화성시,경기도 화성시 병점동,37.20325,127.0340833
화성시,유포리,Yupo-ri ,233001923,55363.0,노변정류장,경기도 화성시,경기도 화성시 비봉면,37.2462167,126.83965
화성시,육일1리.육도리,"Yugil 1-ri, Yukdori",233000348,37365.0,노변정류장,경기도 화성시,경기도 화성시 송산면,37.2076333,126.7193333
화성시,육일1리.육도리,"Yugil 1-ri, Yukdori",233000347,37366.0,노변정류장,경기도 화성시,경기도 화성시 송산면,37.2076833,126.7192667
화성시,육일2리.코스코밸리,"Yugil 2-ri, COSCO Valley ",233000854,37068.0,노변정류장,경기도 화성시,경기도 화성시 송산면,37.1995,126.72285
화성시,육일2리.코스코밸리,"Yugil 2-ri, COSCO Valley ",233000860,37069.0,노변정류장,경기도 화성시,경기도 화성시 송산면,37.2001667,126.7228833
화성시,육일리.육교동입구,"Yugil-ri, Yukgyo-dong",233000269,37369.0,노변정류장,경기도 화성시,경기도 화성시 송산면,37.2097333,126.7282333
화성시,육일리.육교동입구,"Yugil-ri, Yukgyo-dong",233000270,37370.0,노변정류장,경기도 화성시,경기도 화성시 송산면,37.2093667,126.72775
화성시,육일리교차로,Yugil-ri Junction ,233001482,37557.0,노변정류장,경기도 화성시,경기도 화성시 송산면,37.2033333,126.7244
화성시,육일리교차로,Yugil-ri Junction ,233001483,37556.0,노변정류장,경기도 화성시,경기도 화성시 송산면,37.2037,126.7242833
화성시,육일리마을회관,Yugil-ri Community Center,233002330,55172.0,노변정류장,경기도 화성시,경기도 화성시 송산면,37.2082167,126.7258667
화성시,육일리마을회관,Yugil-ri Community Center,233000136,36440.0,노변정류장,경기도 화성시,경기도 화성시 송산면,37.2072833,126.7249833
화성시,육탄10용사기념공원,10 soldiers Memorial Park,233001701,37701.0,노변정류장,경기도 화성시,경기도 화성시 반송동,37.1930333,127.0675167
화성시,육탄10용사기념공원,10 soldiers Memorial Park,233001700,37699.0,노변정류장,경기도 화성시,경기도 화성시 반송동,37.1926833,127.0673333
화성시,율암1리,Yuram 1-ri,233002626,37402.0,노변정류장,경기도 화성시,,37.15475,126.88735
화성시,율암1리,Yuram 1-ri ,233002641,37520.0,노변정류장,경기도 화성시,,37.1548667,126.8873667
화성시,율암2리.쇄네골,"Yuram 2-ri, Swaenegol",233000202,37182.0,노변정류장,경기도 화성시,경기도 화성시 팔탄면,37.1735667,126.87295
화성시,율암2리.쇄네골,"Yuram 2-ri, Swaenegol",233000195,37181.0,노변정류장,경기도 화성시,경기도 화성시 팔탄면,37.1735833,126.8731833
화성시,율암드림마트앞,Yuram Dream Mart,233002770,,노변정류장,경기도 화성시,,37.1638,126.8759667
화성시,율암드림마트앞,Yuram Dream Mart,233002771,,노변정류장,경기도 화성시,,37.1637167,126.8760333
화성시,율암삼거리,Yuram Samgeori,233001034,37204.0,노변정류장,경기도 화성시,경기도 화성시 팔탄면,37.167,126.88135
화성시,율암삼거리,Yuram Samgeori,233000201,37201.0,노변정류장,경기도 화성시,경기도 화성시 팔탄면,37.1668,126.8807833
화성시,율암온천,Yuram Hot Spring,233002777,,노변정류장,경기도 화성시,,37.1530333,126.8806
화성시,율암온천,Yuram Hot Spring,233002776,,노변정류장,경기도 화성시,,37.1530833,126.8805
화성시,융건로,,233531640,,,,,37.215,126.9835
화성시,융건로,,233531690,,,,,37.2153667,126.9835833
화성시,융건릉,Yunggeolleung,233001560,36263.0,노변정류장,경기도 화성시,경기도 화성시 안녕동,37.2076,126.9887
화성시,융건릉,Yunggeolleung,233001234,36265.0,노변정류장,경기도 화성시,경기도 화성시 안녕동,37.20765,126.9888833
화성시,융건릉,Yunggeolleung,233000585,36264.0,노변정류장,경기도 화성시,경기도 화성시 안녕동,37.2078167,126.9888333
화성시,융건릉,Yunggeolleung,233000600,36262.0,노변정류장,경기도 화성시,경기도 화성시 안녕동,37.20805,126.9887
화성시,융건릉.용주사입구,"Yunggeolleung, Yongjusa",233001840,36996.0,노변정류장,경기도 화성시,경기도 화성시 안녕동,37.2067167,126.9891667
화성시,융건릉.용주사입구,"Yunggeolleung, Yongjusa",233001841,36997.0,노변정류장,경기도 화성시,경기도 화성시 안녕동,37.2069333,126.98925
화성시,융건릉사거리,Yungneung and Geolleung Sageori,233002398,55344.0,노변정류장,경기도 화성시,경기도 화성시 안녕동,37.2079667,126.9877833
화성시,융건릉사거리,Yunggeolleung Sageori,233002397,55343.0,노변정류장,경기도 화성시,경기도 화성시 안녕동,37.20785,126.9875333
화성시,은장고개,Eunjang Gogae,233001298,37114.0,노변정류장,경기도 화성시,경기도 화성시 마도면,37.2026667,126.7882833
화성시,은장공단,Eunjang Industrial Complex,233000255,37116.0,노변정류장,경기도 화성시,경기도 화성시 마도면,37.1980833,126.7898833
화성시,은장공단,Eunjang Industrial Complex ,233000256,37117.0,노변정류장,경기도 화성시,경기도 화성시 마도면,37.1980667,126.7900667
화성시,은장슈퍼,Eunjang Supermarket,233000259,37120.0,노변정류장,경기도 화성시,경기도 화성시 마도면,37.1924,126.7929833
화성시,은장슈퍼,Eunjang Supermarket,233000880,37121.0,노변정류장,경기도 화성시,경기도 화성시 마도면,37.1925333,126.7932
화성시,은진화학,Eunjin Chemical ,233002206,55204.0,노변정류장,경기도 화성시,경기도 화성시 송산면,37.2175833,126.7160167
화성시,은진화학,Eunjin Chemical ,233002207,55205.0,노변정류장,경기도 화성시,경기도 화성시 송산면,37.2174667,126.71605
화성시,음양1리,Eumyang 1-ri,233000046,36317.0,노변정류장,경기도 화성시,경기도 화성시 정남면,37.1408833,127.0176333
화성시,음양1리,Eumyang 1-ri,233000049,36316.0,노변정류장,경기도 화성시,경기도 화성시 정남면,37.1407667,127.01725
화성시,의료시설부지,Medical Facility Site,233000995,36477.0,노변정류장,경기도 화성시,,37.1875333,127.1000833
화성시,이마트.한림대병원,"Emart, Hanllym University Medical Center",233001817,37879.0,노변정류장,경기도 화성시,경기도 화성시 석우동,37.2153167,127.0791333
화성시,이주단지,Iju-danji ,233001439,36960.0,노변정류장,경기도 화성시,경기도 화성시 석우동,37.2119,127.0653167
화성시,이주단지,Iju-danji ,233001436,36961.0,노변정류장,경기도 화성시,,37.2117667,127.0641167
화성시,이주택지.상록.경남아파트,"Sangrok, Kyungnam Apartment ",233002429,55305.0,노변정류장,경기도 화성시,경기도 화성시 동탄면,37.2072167,127.1106833
화성시,이지더원,EG The 1,233002030,55021.0,노변정류장,경기도 화성시,경기도 화성시 능동,37.2116167,127.05595
화성시,이지더원,,233003147,55543.0,,,,37.2838333,126.8221333
화성시,이지더원.밀알교회,"EG The 1, Milal Church ",233001729,37806.0,노변정류장,경기도 화성시,경기도 화성시 능동,37.2142,127.0556333
화성시,이지더원.밀알교회,"EG The 1, Milal Church ",233001728,37805.0,노변정류장,경기도 화성시,경기도 화성시 능동,37.2142667,127.056
화성시,이화1리,Ihwa 1-ri ,233001584,37629.0,노변정류장,경기도 화성시,경기도 화성시 우정읍,37.0468167,126.7951
화성시,이화1리마을회관(회차),Jangsan 1-ri Community Center,233001583,37628.0,노변정류장,경기도 화성시,경기도 화성시 우정읍,37.0427667,126.7897667
화성시,이화1리앞,Ihwa 1-ri ,233000472,36877.0,노변정류장,경기도 화성시,경기도 화성시 우정읍,37.0471,126.7950333
화성시,이화1리앞,Ihwa 1-ri,233001047,36829.0,노변정류장,경기도 화성시,경기도 화성시 우정읍,37.0471333,126.7952167
화성시,이화2리앞,Ihwa 2-ri ,233000468,36880.0,노변정류장,경기도 화성시,경기도 화성시 우정읍,37.0422833,126.7976333
화성시,이화2리앞(이화병원),Ihwa 2-ri ,233001048,36828.0,노변정류장,경기도 화성시,경기도 화성시 우정읍,37.0421833,126.7974
화성시,이화3리입구,Ihwa 3-ri,233000469,36879.0,노변정류장,경기도 화성시,경기도 화성시 우정읍,37.0404667,126.8002
화성시,이화3리입구,Ihwa 3-ri,233001049,37500.0,노변정류장,경기도 화성시,경기도 화성시 우정읍,37.04035,126.80005
화성시,이화4리,Ihwa 4-ri,233000492,36913.0,노변정류장,경기도 화성시,경기도 화성시 우정읍,37.0468,126.806
화성시,이화리종점,Ihwa-ri Bus Terminal ,233001052,37499.0,노변정류장,경기도 화성시,경기도 화성시 우정읍,37.0282,126.79655
화성시,이화리종점,Ihwa-ri Bus Terminal ,233001053,37498.0,노변정류장,경기도 화성시,경기도 화성시 우정읍,37.02815,126.7967333
화성시,인애농원앞,Inae Farm ,233002880,,노변정류장,경기도 화성시,,37.225,126.7151167
화성시,인애농원앞,Inae Farm,233002879,,노변정류장,경기도 화성시,,37.2248167,126.7152333
화성시,인제카센터,Inje Car Center ,233001433,37534.0,노변정류장,경기도 화성시,경기도 화성시 우정읍,37.0367667,126.7656333
화성시,인화초등학교앞사거리(마을),Inhwa Elementary School Sageori ,233002685,,노변정류장,경기도 화성시,,37.2126667,127.0462667
화성시,인화초등학교앞사거리(마을),Inhwa Elementary School Sageori ,233002624,,노변정류장,경기도 화성시,,37.21275,127.0465333
화성시,일신빌라앞,Ilshin Villa,233002790,,노변정류장,경기도 화성시,,37.1003167,126.90745
화성시,일신빌라앞,Ilshin Villa,233002789,,노변정류장,경기도 화성시,,37.1004167,126.9074
화성시,일진산업단지,Iljin Industrial Complex,233002340,55170.0,노변정류장,경기도 화성시,경기도 화성시 안녕동,37.1959,126.9978
화성시,일진산업단지,Iljin Industrial Complex,233002339,55169.0,노변정류장,경기도 화성시,경기도 화성시 안녕동,37.19585,126.9976833
화성시,일진정공,Iljin Power Energy ,233000971,36500.0,노변정류장,경기도 화성시,경기도 화성시 동탄면,37.203,127.1291167
화성시,일진정공,Iljin Power Energy ,233000972,36499.0,노변정류장,경기도 화성시,경기도 화성시 동탄면,37.2031333,127.1290833
화성시,임광1.2단지,Imgwang 1 & 2-danji,233002750,,노변정류장,경기도 화성시,,37.2148,126.9738167
화성시,임광1.2단지,Imgwang 1 & 2-danji,233002749,,노변정류장,경기도 화성시,,37.21485,126.9737
화성시,임광1.2단지입구,Imgwang 1 & 2-danji,233002256,55247.0,노변정류장,경기도 화성시,경기도 화성시 봉담읍,37.2137167,126.9733
화성시,임광1.2차아파트,Imgwang 1 & 2-danji,233002751,,노변정류장,경기도 화성시,,37.2148333,126.97445
화성시,임광1.2차아파트,Imgwang Apartment 1 & 2-cha,233002752,,노변정류장,경기도 화성시,,37.2148,126.9743167
화성시,임광3차정문,Imgwang Apartment 3-cha Main Gate,233002745,,노변정류장,경기도 화성시,,37.216,126.9701667
화성시,임광3차정문,Imgwang Apartment 3-cha Main Gate,233002746,,노변정류장,경기도 화성시,,37.2163,126.9705667
화성시,임광3차중문,Imgwang Apartment 3-cha Central Gate,233002748,,노변정류장,경기도 화성시,,37.21635,126.9720833
화성시,임광3차중문,Imgwang Apartment 3-cha Central Gate,233002747,,노변정류장,경기도 화성시,,37.2162833,126.9720333
화성시,임광그대가3단지,Imgwang Geudaega Apartment 3-danji,233002043,55041.0,노변정류장,경기도 화성시,경기도 화성시 봉담읍,37.2172167,126.9692667
화성시,임광그대가3단지,Imgwang Geudaega Apartment 3-danji,233002246,55245.0,노변정류장,경기도 화성시,경기도 화성시 봉담읍,37.21605,126.96925
화성시,임광그대가3단지,Imgwang Geudaega Apartment 3-danji,233002245,55244.0,노변정류장,경기도 화성시,경기도 화성시 봉담읍,37.2159333,126.9691167
화성시,임광그대가3단지,Imgwang Geudaega Apartment 3-danji,233002042,55042.0,노변정류장,경기도 화성시,경기도 화성시 봉담읍,37.2171167,126.9692667
화성시,자안공단,Jaan Industrial Complex,233002329,55379.0,노변정류장,경기도 화성시,경기도 화성시 비봉면,37.2065333,126.8717833
화성시,자안리,Jaan-ri,233000541,37185.0,노변정류장,경기도 화성시,경기도 화성시 비봉면,37.2038667,126.8739333
화성시,자안리,Jaan-ri,233001233,37189.0,노변정류장,경기도 화성시,경기도 화성시 비봉면,37.1977833,126.8765
화성시,자안리,Jaan-ri,233000530,37754.0,노변정류장,경기도 화성시,경기도 화성시 비봉면,37.2041,126.8736167
화성시,자안리,Jaan-ri,233000558,37192.0,노변정류장,경기도 화성시,경기도 화성시 비봉면,37.198,126.87635
화성시,자연앤데시앙,Jayeon-n Dessian Apartment,233001781,37863.0,노변정류장,경기도 화성시,경기도 화성시 능동,37.2080667,127.05475
화성시,자연앤아너스빌,Jayeon-n Honorsville,233001939,37943.0,노변정류장,경기도 화성시,경기도 화성시 능동,37.2085667,127.0608
화성시,자연앤아너스빌.한마음초교,"Jayeon-n Honorsville, Hanmaeum Elementary School",233001667,37740.0,노변정류장,경기도 화성시,경기도 화성시 능동,37.20825,127.0547333
화성시,자이.우남퍼스트빌,"Xi, Woonam Firstvill Apartment ",233000127,36446.0,노변정류장,경기도 화성시,경기도 화성시 동탄면,37.2047833,127.0998167
화성시,자재이골입구,Jajaeigol,233002047,55006.0,노변정류장,경기도 화성시,경기도 화성시 팔탄면,37.1817,126.8872333
화성시,장덕1통,Jangdeok 1-tong,233002854,,노변정류장,경기도 화성시,,37.1627667,126.8069333
화성시,장덕1통,Jangdeok 1-tong,233002822,,노변정류장,경기도 화성시,,37.1628167,126.8068667
화성시,장덕2통.현대자동차연구소,"Jangdeok 2-tong, Hyundai Vehicle Research Center",233002922,55473.0,노변정류장,경기도 화성시,,37.1703667,126.8118
화성시,장덕2통.현대자동차연구소,"Jangdeok 2-tong, Hyundai Motor Research Institute ",233002553,36031.0,노변정류장,경기도 화성시,,37.1702833,126.8119333
화성시,장덕동,Jangdeok-dong,233002856,,노변정류장,경기도 화성시,,37.1582667,126.8030667
화성시,장덕동,Jangdeok-dong,233002855,,노변정류장,경기도 화성시,,37.1583,126.803
화성시,장덕동(경유),,277102091,,,,,37.1676667,126.8182
화성시,장덕동수라청,Jangdeok-dong Suracheong,233002861,,노변정류장,경기도 화성시,,37.1555667,126.7982333
화성시,장덕동수라청,Jangdeok-dong Suracheong,233002862,,노변정류장,경기도 화성시,,37.1555333,126.7983167
화성시,장명초교입구,Jangmyong Elementary School ,233001770,37823.0,노변정류장,경기도 화성시,경기도 화성시 장안면,37.0560333,126.8557333
화성시,장명초등학교,Jangmyeong Elementary School,233000989,36708.0,노변정류장,경기도 화성시,경기도 화성시 장안면,37.0570167,126.8556
화성시,장명초등학교,Jangmyeong Elementary School,233000988,36709.0,노변정류장,경기도 화성시,경기도 화성시 장안면,37.0569833,126.8555333
화성시,장명초분교,Jangmyeong Elementary School,233001429,36980.0,노변정류장,경기도 화성시,경기도 화성시 장안면,37.0374833,126.8438667
화성시,장명초분교,Jangmyeong Elementary School,233001422,36984.0,노변정류장,경기도 화성시,경기도 화성시 장안면,37.03795,126.8440167
화성시,장문.황해농원,"Jangmun, Hwanghae Farm",233002900,,노변정류장,경기도 화성시,,37.2251167,126.6908167
화성시,장문.황해농원,"Jangmun, Hwanghae Farm",233002899,,노변정류장,경기도 화성시,,37.2252333,126.6909167
화성시,장미빌라,Jangmi Villa,233002950,,노변정류장,경기도 화성시,,37.2169333,127.0385833
화성시,장미빌라,Jangmi Villa,233002682,,노변정류장,경기도 화성시,,37.217,127.0383833
화성시,장수터마을,Jangsuteo Maeul,233002323,55155.0,노변정류장,경기도 화성시,,37.1981333,126.852
화성시,장수터마을,Jangsuteo Maeul,233002322,55154.0,노변정류장,경기도 화성시,,37.1979,126.8521833
화성시,장안3리,Jangan 3-ri ,233001431,36714.0,노변정류장,경기도 화성시,경기도 화성시 장안면,37.0416,126.8521
화성시,장안3리,Jangan 3-ri ,233001420,36722.0,노변정류장,경기도 화성시,경기도 화성시 장안면,37.0417333,126.8520167
화성시,장안4리(고잔)종점,Jangan 4-ri (Gojan) Bus Terminal ,233001425,37535.0,노변정류장,경기도 화성시,경기도 화성시 장안면,37.0364833,126.8373
화성시,장안4리입구,Jangan 4-ri,233002319,55148.0,노변정류장,경기도 화성시,경기도 화성시 장안면,37.03405,126.8398
화성시,장안4리입구,Jangan 4-ri  ,233002320,55149.0,노변정류장,경기도 화성시,경기도 화성시 장안면,37.0341333,126.8399333
화성시,장안6리,Jangan 6-ri,233000990,37479.0,노변정류장,경기도 화성시,경기도 화성시 장안면,37.0499833,126.8546333
화성시,장안6리,Jangan 6-ri,233001809,37821.0,노변정류장,경기도 화성시,경기도 화성시 장안면,37.0511667,126.8602
화성시,장안6리,Jangan 6-ri,233001419,36985.0,노변정류장,경기도 화성시,경기도 화성시 장안면,37.0523667,126.85635
화성시,장안6리,Jangan 6-ri,233000991,36798.0,노변정류장,경기도 화성시,경기도 화성시 장안면,37.04985,126.85465
화성시,장안6리.물구리,"Jangan 6-ri, Mulgu-ri ",233001432,36713.0,노변정류장,경기도 화성시,경기도 화성시 장안면,37.0523333,126.8564667
화성시,장안6리노인회관,Jangan 6-ri Seniors Community Center,233001810,37822.0,노변정류장,경기도 화성시,경기도 화성시 장안면,37.0514167,126.8575
화성시,장안7리,Jangan 7-ri,233001808,37820.0,노변정류장,경기도 화성시,경기도 화성시 장안면,37.0499833,126.8669
화성시,장안8리,Jangan 8-ri,233001430,37619.0,노변정류장,경기도 화성시,경기도 화성시 장안면,37.0377833,126.8466
화성시,장안8리,Jangan 8-ri ,233001421,37536.0,노변정류장,경기도 화성시,경기도 화성시 장안면,37.0379167,126.8465833
화성시,장안9리,Jangan 9-ri,233001807,37819.0,노변정류장,경기도 화성시,경기도 화성시 장안면,37.05655,126.8689
화성시,장안9리입구,Jangan 9-ri,233001418,36986.0,노변정류장,경기도 화성시,경기도 화성시 장안면,37.0606833,126.8545333
화성시,장안9리입구,Jangan 9-ri,233001428,36981.0,노변정류장,경기도 화성시,경기도 화성시 장안면,37.0604667,126.85445
화성시,장안대학,Jangan University,233000788,36113.0,노변정류장,경기도 화성시,경기도 화성시 봉담읍,37.21325,126.9440333
화성시,장안대학,Jangan University,233000833,36111.0,노변정류장,경기도 화성시,경기도 화성시 봉담읍,37.2141,126.9437
화성시,장안대후문,Jangan University Back Gate,233002757,,노변정류장,경기도 화성시,,37.2163667,126.9462667
화성시,장안대후문,Jangan University Back Gate,233001997,37967.0,노변정류장,경기도 화성시,경기도 화성시 봉담읍,37.2164167,126.9458667
화성시,장안면사무소,Jangan-myeon Office ,233000498,37127.0,노변정류장,경기도 화성시,경기도 화성시 장안면,37.0788167,126.8305667
화성시,장안면사무소,Jangan-myeon Office,233000932,37126.0,노변정류장,경기도 화성시,경기도 화성시 장안면,37.0787333,126.8304167
화성시,장안여자중학교,Jangan Girl's High School ,233000486,36917.0,노변정류장,경기도 화성시,경기도 화성시 장안면,37.0785667,126.8154
화성시,장안여자중학교,Jangan Girls' Middle School,233000992,36797.0,노변정류장,경기도 화성시,경기도 화성시 장안면,37.0785667,126.8152167
화성시,장안우체국,Jangan Post Office,233002512,55389.0,노변정류장,경기도 화성시,경기도 화성시 향남읍,37.0721167,126.81395
화성시,장안우체국,Jangan Post Office,233002511,55388.0,노변정류장,경기도 화성시,경기도 화성시 향남읍,37.0721667,126.81385
화성시,장안제일교회,Jangan Jeil Church ,233001424,36982.0,노변정류장,경기도 화성시,경기도 화성시 장안면,37.0347,126.84335
화성시,장안제일교회,Jangan Jeil Church ,233001423,36983.0,노변정류장,경기도 화성시,경기도 화성시 장안면,37.0346333,126.8432333
화성시,장안초등학교,Jangan Elementary School ,233001366,37389.0,노변정류장,경기도 화성시,경기도 화성시 장안면,37.0848167,126.8235
화성시,장안초등학교(경유),,277102592,,,,,37.0848167,126.8233167
화성시,장외리,Jang-oe-ri,233001873,37930.0,노변정류장,경기도 화성시,경기도 화성시 서신면,37.1700167,126.6791333
화성시,장외리,Jang-oe-ri,233000745,37021.0,노변정류장,경기도 화성시,경기도 화성시 서신면,37.1741833,126.6808333
화성시,장외리,Jang-oe-ri,233000865,37020.0,노변정류장,경기도 화성시,경기도 화성시 서신면,37.17425,126.6807
화성시,장외리,Jang-oe-ri,233001874,37926.0,노변정류장,경기도 화성시,경기도 화성시 서신면,37.1700167,126.6790333
화성시,장외리.오리골,Jebu Transport Garage,233001871,55348.0,노변정류장,경기도 화성시,경기도 화성시 서신면,37.177,126.6664833
화성시,장외리.오리골,Jebu Transport Garage,233001903,37929.0,노변정류장,경기도 화성시,경기도 화성시 서신면,37.1769333,126.6663167
화성시,장외리.지긋말,"Jang-oe-ri, Jigeutmal",233000866,37016.0,노변정류장,경기도 화성시,경기도 화성시 서신면,37.1684,126.6783167
화성시,장외리.지긋말,"Jang-oe-ri, Jigeutmal",233000746,37017.0,노변정류장,경기도 화성시,경기도 화성시 서신면,37.1684667,126.6785
화성시,장의리,Jangui-ri,233000377,36847.0,노변정류장,경기도 화성시,경기도 화성시 장안면,37.10315,126.8431167
화성시,장작터,Jangjakteo,233001776,37834.0,노변정류장,경기도 화성시,경기도 화성시 우정읍,37.0664833,126.8021667
화성시,장작터,Jangjakteo,233001780,37839.0,노변정류장,경기도 화성시,경기도 화성시 우정읍,37.0664167,126.80225
화성시,장전동,Jangjeon-dong ,233002570,,노변정류장,경기도 화성시,,37.2632333,126.81695
화성시,장전동마을회관,Jangjeon-dong Community Center,233002927,,노변정류장,경기도 화성시,,37.2648667,126.8229333
화성시,장전동입구,Jangjeon-dong,233002928,,노변정류장,경기도 화성시,,37.2632167,126.8170667
화성시,장지리,Jangji-ri,233000168,36808.0,노변정류장,경기도 화성시,경기도 화성시 동탄면,37.1551167,127.1179
화성시,장지리,Jangji-ri ,233000167,36809.0,노변정류장,경기도 화성시,경기도 화성시 동탄면,37.1558667,127.1150167
화성시,장지리,Jangji-ri ,233001320,37508.0,노변정류장,경기도 화성시,경기도 화성시 동탄면,37.1557167,127.11495
화성시,장지리농협,Jangji-ri Nonghyup,233000170,36807.0,노변정류장,경기도 화성시,경기도 화성시 동탄면,37.1549333,127.1179
화성시,장지천,Jangjicheon River,233002366,55243.0,노변정류장,경기도 화성시,경기도 화성시 동탄면,37.1615333,127.0869667
화성시,장지천,Jangjicheon River,233002365,55242.0,노변정류장,경기도 화성시,경기도 화성시 동탄면,37.16315,127.087
화성시,장짐삼거리,Jangjim Samgeori,233002357,55239.0,노변정류장,경기도 화성시,경기도 화성시 향남읍,37.1395,126.9010833
화성시,장짐삼거리,Jangjim Samgeo-ri ,233002356,55238.0,노변정류장,경기도 화성시,경기도 화성시 향남읍,37.1396,126.90105
화성시,장짐삼거리(경유),,277102010,,,,,37.1397,126.9000833
화성시,장짐삼거리앞,Jangjim Samgeori,233002156,55114.0,노변정류장,경기도 화성시,경기도 화성시 향남읍,37.1387167,126.8993667
화성시,장짐삼거리앞,Jangjim Samgeori,233002157,55156.0,노변정류장,경기도 화성시,경기도 화성시 향남읍,37.1386667,126.8994667
화성시,장포정원주택,Jangpo Jeongwon House,233001361,37525.0,노변정류장,경기도 화성시,경기도 화성시 우정읍,37.06715,126.7902167
화성시,재래시장.마도삼거리,"Traditional Market, Mado Samgeori",233000735,37107.0,노변정류장,경기도 화성시,경기도 화성시 마도면,37.2063,126.7800667
화성시,재래시장.마도삼거리,"Traditional Market, Mado Sageori",233000763,37108.0,노변정류장,경기도 화성시,경기도 화성시 마도면,37.2063333,126.7808
화성시,쟁이골,Jaengigol,233002543,36491.0,노변정류장,경기도 화성시,,37.1819667,126.6897167
화성시,쟁이골,Jaengigol,233003038,,노변정류장,경기도 화성시,,37.1815333,126.68965
화성시,저수지앞,Reservoir,233001410,37540.0,노변정류장,경기도 화성시,경기도 화성시 우정읍,37.0944,126.8028667
화성시,저수지앞,Reservoir,233001552,36692.0,노변정류장,경기도 화성시,경기도 화성시 우정읍,37.0943333,126.80255
화성시,전곡1리.당고지,"Jeongok 1-ri, Dangoji",233000350,37362.0,노변정류장,경기도 화성시,경기도 화성시 서신면,37.1997667,126.7004333
화성시,전곡1리.당고지,"Jeongok 1-ri, Danggoji",233001925,37922.0,노변정류장,경기도 화성시,경기도 화성시 서신면,37.1997667,126.7003333
화성시,전곡1리.화성오일뱅크,"Jeongok 1-ri, Hwaseong Oil Bank",233000351,37359.0,노변정류장,경기도 화성시,경기도 화성시 서신면,37.1971167,126.6968333
화성시,전곡1리.화성오일뱅크,"Jeongok 1-ri, Hwaseong Oil Bank",233001926,37923.0,노변정류장,경기도 화성시,경기도 화성시 서신면,37.1972,126.69685
화성시,전곡2리,Jeongok 2-ri,233001263,37511.0,노변정류장,경기도 화성시,경기도 화성시 서신면,37.1892667,126.6824
화성시,전곡2리.산업단지,"Jeongok 2-ri, Industrial Complex",233001258,37512.0,노변정류장,경기도 화성시,경기도 화성시 서신면,37.18875,126.6832667
화성시,전곡2리마을회관.운천동,"Jeongok 2-ri Community Center, Uncheon-dong",233001260,37371.0,노변정류장,경기도 화성시,경기도 화성시 서신면,37.1912667,126.6921333
화성시,전곡2리마을회관.운천동,"Jeongok 2-ri Community Center, Uncheon-dong",233000346,37372.0,노변정류장,경기도 화성시,경기도 화성시 서신면,37.1912,126.69205
화성시,전곡리.엠보트,"Jeongok-ri, M-Boat",233001885,37781.0,노변정류장,경기도 화성시,경기도 화성시 서신면,37.1955667,126.6648667
화성시,전곡리.엠보트,"Jeongok-ri, M-Boat",233001913,55063.0,노변정류장,경기도 화성시,,37.1957333,126.6650333
화성시,전곡삼거리,Jeongok Samgeori,233001909,37782.0,노변정류장,경기도 화성시,경기도 화성시 서신면,37.18715,126.6893667
화성시,전곡삼거리,Jeongok Samgeori,233001884,37924.0,노변정류장,경기도 화성시,경기도 화성시 서신면,37.1871667,126.68925
화성시,전곡삼거리마트,Jeongok Samgeori Mart,233001927,37780.0,노변정류장,경기도 화성시,경기도 화성시 서신면,37.1854333,126.6905167
화성시,전곡삼거리마트,Jeongok Samgeori Mart,233001259,37357.0,노변정류장,경기도 화성시,경기도 화성시 서신면,37.1853333,126.69025
화성시,전곡항,Jeongok Port,233001886,37921.0,노변정류장,경기도 화성시,경기도 화성시 서신면,37.1861167,126.6519333
화성시,전곡항,Jeongok Port,233001912,37932.0,노변정류장,경기도 화성시,경기도 화성시 서신면,37.1861,126.6522
화성시,전곡항입구,Jeongok Port,233001257,36939.0,노변정류장,경기도 화성시,,37.19115,126.6568
화성시,전곡항입구,Jeongok Port,233001264,36938.0,노변정류장,경기도 화성시,,37.19125,126.6564667
화성시,전승아파트,Junseong Apartment ,233000715,37304.0,노변정류장,경기도 화성시,경기도 화성시 매송면,37.2462667,126.9306
화성시,전승아파트,Junseung Apartment ,233000847,37305.0,노변정류장,경기도 화성시,경기도 화성시 매송면,37.2463667,126.9306167
화성시,전원마을,Jeonwon Maeul ,233002056,55026.0,노변정류장,경기도 화성시,경기도 화성시 팔탄면,37.1840667,126.9073167
화성시,전원마을,Jeonwon House,233002768,,노변정류장,경기도 화성시,,37.1840667,126.9072167
화성시,전하리교회.우미제일,"Jeonha-ri Church, Woomi Jeil",233001683,37712.0,노변정류장,경기도 화성시,경기도 화성시 석우동,37.21315,127.0792833
화성시,점촌교차로(경유),,277102040,,,,,37.1415833,126.9170167
화성시,점촌교차로(경유),,277101678,,,,,37.1418,126.91685
화성시,정남IC(경유),,277103618,,,,,37.1848667,126.9710333
화성시,정남IC(경유),,277103617,,,,,37.1850333,126.9705
화성시,정남농협,Jeongnam Nonghyup,233001122,36843.0,노변정류장,경기도 화성시,경기도 화성시 정남면,37.1708667,126.9835
화성시,정남농협,Jeongnam Nonghyup,233000663,36234.0,노변정류장,경기도 화성시,경기도 화성시 정남면,37.1698167,126.9832833
화성시,정남도서관,Jeongnam Library ,233001582,36698.0,노변정류장,경기도 화성시,경기도 화성시 정남면,37.16825,126.9833667
화성시,정남도서관,Jeongnam Library,233000654,36231.0,노변정류장,경기도 화성시,경기도 화성시 정남면,37.1688,126.98335
화성시,정남중학교,Jeongnam Middle School,233001603,37649.0,노변정류장,경기도 화성시,경기도 화성시 정남면,37.1665167,126.97785
화성시,정남초등학교,Jungnam Elementary School,233001549,36696.0,노변정류장,경기도 화성시,경기도 화성시 정남면,37.1677667,126.9839167
화성시,정남초등학교,Jungnam Elementary School,233001494,36239.0,노변정류장,경기도 화성시,경기도 화성시 정남면,37.1678167,126.9837667
화성시,정남초등학교,Jungnam Elementary School,233000661,36237.0,노변정류장,경기도 화성시,경기도 화성시 정남면,37.1677167,126.9836
화성시,정남초등학교,Jungnam Elementary School,233000655,36238.0,노변정류장,경기도 화성시,경기도 화성시 정남면,37.16765,126.9839
화성시,정남파출소,Jeongnam Police Box,233001124,36243.0,노변정류장,경기도 화성시,경기도 화성시 정남면,37.1734167,126.9840167
화성시,정남파출소,Jeongnam Police Box,233000653,36240.0,노변정류장,경기도 화성시,경기도 화성시 정남면,37.1732667,126.9840333
화성시,정남행정복합센터,Jeongnam Service Center,233002123,55097.0,노변정류장,경기도 화성시,경기도 화성시 정남면,37.1615167,126.9726833
화성시,정남행정복합센터,Jeongnam Service Center,233002122,55094.0,노변정류장,경기도 화성시,경기도 화성시 정남면,37.1611833,126.9716833
화성시,정든공원,Jeongdeun Park,233000082,37591.0,노변정류장,경기도 화성시,경기도 화성시 병점동,37.2097,127.0485833
화성시,정든공원.숲속풍성신미주,"Jeongdeun Park, Supsok Pungsung Sinmiju",233002392,55269.0,노변정류장,경기도 화성시,경기도 화성시 병점동,37.2097833,127.0487833
화성시,정림보건진료소,Jeongnim Public Health Center,233002270,37775.0,노변정류장,경기도 화성시,경기도 화성시 정남면,37.1513833,127.0071333
화성시,정문1리,Jeongmun 1-ri ,233001195,36251.0,노변정류장,경기도 화성시,경기도 화성시 양감면,37.09315,126.9849
화성시,정문1리,Jeongmun 1-ri,233001196,36250.0,노변정류장,경기도 화성시,경기도 화성시 양감면,37.09305,126.9848833
화성시,정문2리,Jeongmun 2-ri,233000015,36253.0,노변정류장,경기도 화성시,경기도 화성시 양감면,37.0946667,126.9855833
화성시,정문2리,Jeongmun 2-ri ,233001194,36252.0,노변정류장,경기도 화성시,경기도 화성시 양감면,37.0946833,126.9854667
화성시,정문정보,"Jeongmoon Information Co., Ltd. ",233000142,36457.0,노변정류장,경기도 화성시,경기도 화성시 동탄면,37.2176833,127.09465
화성시,정문정보,"Jeongmoon Information Co., Ltd. ",233000143,36456.0,노변정류장,경기도 화성시,경기도 화성시 동탄면,37.2176167,127.09485
화성시,정미소앞,Mill,233002633,37446.0,노변정류장,경기도 화성시,,37.1591667,126.8595667
화성시,정미소앞,Mill,233002998,,노변정류장,경기도 화성시,,37.10535,126.8940333
화성시,정미소앞,Rice Mill,233002620,36929.0,노변정류장,경기도 화성시,,37.1592167,126.85965
화성시,정보화마을,Information Village,233001474,37092.0,노변정류장,경기도 화성시,경기도 화성시 송산면,37.2437167,126.74465
화성시,정보화마을,Jeongbohwa Maeul (Information Village),233000284,37090.0,노변정류장,경기도 화성시,경기도 화성시 송산면,37.2438333,126.74465
화성시,정승마을앞,Jeongseung Maeul ,233001595,37641.0,노변정류장,경기도 화성시,경기도 화성시 정남면,37.1705667,126.9515167
화성시,정승마을앞,Jeongseung Maeul ,233001596,37642.0,노변정류장,경기도 화성시,경기도 화성시 정남면,37.1707,126.9515333
화성시,정원채고가,Jeongwonchae Overpass,233002923,,노변정류장,경기도 화성시,,37.22335,126.8235833
화성시,정원채고가,Jeongwonchae Overpass,233002573,,노변정류장,경기도 화성시,,37.2233167,126.8236833
화성시,제기리.양지말,"Jegi-ri, Yangjimal",233000050,36310.0,노변정류장,경기도 화성시,경기도 화성시 정남면,37.1428667,127.0135667
화성시,제기리.양지말,"Jegi-ri, Yangjimal",233000045,36309.0,노변정류장,경기도 화성시,경기도 화성시 정남면,37.14325,127.0134667
화성시,제기리구주제약,"Jegi-ri, Guju Phama Co., Ltd. ",233000939,37916.0,노변정류장,경기도 화성시,경기도 화성시 정남면,37.1300667,127.0178
화성시,제부도입구,Jebudo Island,233003054,,노변정류장,경기도 화성시,,37.1741833,126.6560167
화성시,제부도입구,Jebudo Island,233001850,55347.0,노변정류장,경기도 화성시,경기도 화성시 서신면,37.1727833,126.6597167
화성시,제부도입구,Jebudo Island,233001904,55349.0,노변정류장,경기도 화성시,경기도 화성시 서신면,37.17255,126.6592167
화성시,제부도입구,Jebudo Island,233001293,37002.0,노변정류장,경기도 화성시,경기도 화성시 서신면,37.1722167,126.6583833
화성시,제부도입구,Jebudo Island,233000872,37001.0,노변정류장,경기도 화성시,경기도 화성시 서신면,37.1721167,126.6585333
화성시,제부도입구,Jebudo Island,233003056,,노변정류장,경기도 화성시,,37.1741,126.6560167
화성시,제부랜드놀이동산,Jebu Land Amusement Park,233003031,,노변정류장,경기도 화성시,,37.1646833,126.6191167
화성시,제부소방서.보건소,"Jebu Fire Station, Public Health Center",233003055,,노변정류장,경기도 화성시,,37.16335,126.62225
화성시,제부초소,Jebu Post ,233003026,,노변정류장,경기도 화성시,,37.1747167,126.631
화성시,제부초소,Jebu Post ,233003037,,노변정류장,경기도 화성시,,37.1744333,126.6313667
화성시,제부해수탕,Jebu Seawater Bathhouse,233000753,36763.0,노변정류장,경기도 화성시,경기도 화성시 서신면,37.1671833,126.659
화성시,제부해수탕,Jebu Seawater Bathhouse,233001872,37925.0,노변정류장,경기도 화성시,경기도 화성시 서신면,37.1669333,126.6592333
화성시,제암리,Jeam-ri,233001388,37231.0,노변정류장,경기도 화성시,경기도 화성시 향남읍,37.1240333,126.8962833
화성시,제암리,Jeam-ri,233001395,37230.0,노변정류장,경기도 화성시,경기도 화성시 향남읍,37.1242,126.8962167
화성시,제암리독립기념관,"Baran Outlet Mall, Hyangnam Cinema",233002966,,노변정류장,경기도 화성시,,37.1254333,126.8928
화성시,제암리입구,Jeam-ri,233001564,37626.0,노변정류장,경기도 화성시,경기도 화성시 팔탄면,37.12685,126.8885667
화성시,제암리입구,Jeam-ri   ,233001570,37623.0,노변정류장,경기도 화성시,경기도 화성시 향남읍,37.12685,126.8886667
화성시,제약공단사원아파트앞,Pharmaceutical Industries Complex Employee Apt. ,233000815,37467.0,노변정류장,경기도 화성시,경기도 화성시 향남읍,37.1110167,126.9003333
화성시,제약공단사원아파트앞,Pharmaceutical Industries Complex Employee Apt. ,233000801,36762.0,노변정류장,경기도 화성시,경기도 화성시 향남읍,37.1114167,126.9005333
화성시,제약공단후문.구문천1리입구,"Pharmaceutical Industries Complex Back Gate, Gumuncheon 1-ri ",233000805,36759.0,노변정류장,경기도 화성시,경기도 화성시 향남읍,37.09015,126.91075
화성시,제약공단후문.구문천1리입구,"Pharmaceutical Industries Complex Back Gate, Gumuncheon 1-ri ",233001531,37405.0,노변정류장,경기도 화성시,경기도 화성시 향남읍,37.0901333,126.91035
화성시,조암4리앞,Joam 4-ri ,233001159,37486.0,노변정류장,경기도 화성시,경기도 화성시 우정읍,37.0822,126.7963667
화성시,조암4리앞,Joam 4-ri  ,233000370,36837.0,노변정류장,경기도 화성시,경기도 화성시 우정읍,37.0822667,126.7963667
화성시,조암8리,Joam 8-ri,233000372,37397.0,노변정류장,경기도 화성시,경기도 화성시 우정읍,37.0812667,126.8103833
화성시,조암GS주유소,Juam GS Gas Station,233000930,37481.0,노변정류장,경기도 화성시,경기도 화성시 우정읍,37.0834333,126.82055
화성시,조암GS주유소,Joam GS Gas Station ,233000373,36022.0,노변정류장,경기도 화성시,경기도 화성시 우정읍,37.0836,126.8204833
화성시,조암농협,Joam Nonghyup,233002625,55396.0,노변정류장,경기도 화성시,,37.0819,126.8169167
화성시,조암리(경유),,277102394,,,,,37.0827,126.8188833
화성시,조암삼거리(경유),,277102392,,,,,37.0809333,126.81455
화성시,조암터미널,Joam Terminal ,233000928,36013.0,노변정류장,경기도 화성시,경기도 화성시 우정읍,37.0822333,126.8158
화성시,조암터미널,Joam Terminal  ,233002665,55076.0,,경기도 화성시,,37.0819,126.8161
화성시,조암터미널,Joam Terminal,233000929,36011.0,노변정류장,경기도 화성시,경기도 화성시 우정읍,37.08215,126.8155833
화성시,조암터미널(경유),,277102511,,,,,37.0859333,126.8161667
화성시,조암하수처리장,Joam Sewege Treatment Plant,233001358,37392.0,노변정류장,경기도 화성시,경기도 화성시 우정읍,37.0774167,126.7901667
화성시,조암한라비발디,Joam Halla Vivaldi,233002244,37968.0,노변정류장,경기도 화성시,경기도 화성시 우정읍,37.0882,126.8237167
화성시,조암한라비발디,Joam Halla Vivaldi,233002243,37750.0,노변정류장,경기도 화성시,경기도 화성시 우정읍,37.0880333,126.8237167
화성시,존슨메티,Johnson Mattey,233001591,37636.0,노변정류장,경기도 화성시,경기도 화성시 장안면,37.1122,126.83775
화성시,주곡1리,Jugok 1-ri,233000451,36892.0,노변정류장,경기도 화성시,경기도 화성시 장안면,37.1163167,126.8195333
화성시,주곡1리,Jugok 1-ri ,233000457,36888.0,노변정류장,경기도 화성시,경기도 화성시 우정읍,37.11765,126.8249833
화성시,주곡1리,Jugok-ri,233002184,55157.0,노변정류장,경기도 화성시,경기도 화성시 장안면,37.1175,126.825
화성시,주곡1리마을회관,Jugok 1-ri Community Center,233000425,37447.0,노변정류장,경기도 화성시,경기도 화성시 우정읍,37.1259333,126.8172333
화성시,주곡1리마을회관,Jugok 1-ri Community Center,233001521,37415.0,노변정류장,경기도 화성시,경기도 화성시 우정읍,37.1258833,126.8170667
화성시,주곡1리입구,Jugok 1-ri,233001415,37539.0,노변정류장,경기도 화성시,경기도 화성시 우정읍,37.1165667,126.8193
화성시,주곡1리입구,Jugok 1-ri ,233001411,36962.0,노변정류장,경기도 화성시,경기도 화성시 우정읍,37.1168,126.8191667
화성시,주곡1리입구,Jugok 1-ri,233001416,37538.0,노변정류장,경기도 화성시,경기도 화성시 우정읍,37.1167167,126.8190167
화성시,주곡2리(회차),Jugok 2-ri,233001417,37537.0,노변정류장,경기도 화성시,경기도 화성시 우정읍,37.1142667,126.8044333
화성시,주곡2리입구,Jugok 2-ri ,233001522,37414.0,노변정류장,경기도 화성시,경기도 화성시 우정읍,37.1103833,126.80385
화성시,주곡3리,Jugok 3-ri,233000415,36861.0,노변정류장,경기도 화성시,경기도 화성시 우정읍,37.1175,126.7945833
화성시,주곡3리,Jugok 3-ri ,233000411,37450.0,노변정류장,경기도 화성시,경기도 화성시 우정읍,37.11745,126.7943833
화성시,주곡리,Jugok-ri,233000422,36856.0,노변정류장,경기도 화성시,경기도 화성시 우정읍,37.1341167,126.81195
화성시,주곡리,Jugok-ri,233002866,,노변정류장,경기도 화성시,,37.1278167,126.81555
화성시,주곡리,Jugok-ri,233000421,36857.0,노변정류장,경기도 화성시,경기도 화성시 우정읍,37.1277,126.8155167
화성시,주곡리,Jugok-ri,233002865,,노변정류장,경기도 화성시,,37.13395,126.8121
화성시,주공1.2단지,Jugong Apartment 1 & 2-danji,233000078,36360.0,노변정류장,경기도 화성시,경기도 화성시 병점동,37.2079667,127.0409167
화성시,주공1.2단지,Jugong Apartment 1 & 2-danji,233000079,36356.0,노변정류장,경기도 화성시,경기도 화성시 병점동,37.2081,127.0410667
화성시,주공10.11단지,Jugong Apartment 10 & 11-danji,233000067,36370.0,노변정류장,경기도 화성시,경기도 화성시 진안동,37.2158833,127.0452667
화성시,주공10단지,Jugong Apartment 10-danji ,233002951,,노변정류장,경기도 화성시,,37.2166333,127.042
화성시,주공11단지.우남퍼스트빌2차,"Jugong Apartment 11-danji, Woonam Firstvill 2-cha",233000065,36371.0,노변정류장,경기도 화성시,경기도 화성시 병점동,37.2155167,127.0451167
화성시,주공11단지후문,Jugong Apartment 11-danji Back Gate,233002676,,노변정류장,경기도 화성시,,37.2165667,127.04355
화성시,주공11단지후문,Jugong Apartment 11-danji Back Gate,233002675,,노변정류장,경기도 화성시,,37.2162,127.0435667
화성시,주공12단지,Jugong Apartment 12-danji,233002007,37983.0,노변정류장,경기도 화성시,경기도 화성시 진안동,37.2168167,127.0420167
화성시,주공1단지,Jugong Apartment 1-danji ,233002687,,노변정류장,경기도 화성시,,37.20625,127.0403333
화성시,주공1단지,Jugong Apartment 1-danji ,233002686,,노변정류장,경기도 화성시,,37.2063667,127.0402333
화성시,주공3단지.병점2동주민센터,"Jugong Apartment 3-danji, Byeongjeom 2-dong Community Center",233002347,55234.0,노변정류장,경기도 화성시,경기도 화성시 병점동,37.2109833,127.0441333
화성시,주공4단지,Jugong Apartment 4-danji,233000087,36369.0,노변정류장,경기도 화성시,경기도 화성시 병점동,37.2081667,127.0445
화성시,주공4단지,Jugong Apartment 4-danji,233001686,37710.0,노변정류장,경기도 화성시,경기도 화성시 병점동,37.2084167,127.0445667
화성시,주공4단지.신창2차아파트,"Jugong Apartment 4-danji, Sinchang Apartment 2-cha",233002345,55233.0,노변정류장,경기도 화성시,경기도 화성시 병점동,37.2071833,127.04665
화성시,주공5단지,Jugong Apartment 5-danji,233002041,55040.0,노변정류장,경기도 화성시,경기도 화성시 봉담읍,37.2148333,126.96345
화성시,주공5단지,Jugong Apartment 5-danji,233001685,37746.0,노변정류장,경기도 화성시,경기도 화성시 병점동,37.2099833,127.04775
화성시,주공5단지,Jugong Apartment 5-danji,233002566,55449.0,노변정류장,경기도 화성시,,37.2149833,126.9635167
화성시,주공6단지,Jugong Apartment 6-danji,233001657,37882.0,노변정류장,경기도 화성시,경기도 화성시 봉담읍,37.2136833,126.9609667
화성시,주공6단지,Jugong Apartment 6-danji,233001738,37799.0,노변정류장,경기도 화성시,경기도 화성시 병점동,37.21285,127.0509667
화성시,주공6단지.신미주아파트,"Jugong Apartment 6-danji, Sinmiju Apartment",233002560,,노변정류장,경기도 화성시,,37.2119833,127.0507167
화성시,주공6단지입구,Jugong Apartment 6-danji ,233001739,37795.0,노변정류장,경기도 화성시,경기도 화성시 병점동,37.2117,127.05025
화성시,주공7.8단지,Jugong Apartment 7 & 8-danji,233002683,,노변정류장,경기도 화성시,,37.2142333,127.04835
화성시,주공7.8단지,Jugong Apartment 7 & 8-danji,233002684,,노변정류장,경기도 화성시,,37.21425,127.0485833
화성시,주공7.8단지,Jugong Apartment 7 & 8-danji,233000107,36383.0,노변정류장,경기도 화성시,경기도 화성시 병점동,37.2143833,127.04955
화성시,주공7단지,Jugong Apartment 7-danji,233002975,,노변정류장,경기도 화성시,,37.1332667,126.9253167
화성시,주공7단지,Jugong Apartment 7-danji,233002974,,노변정류장,경기도 화성시,,37.1331833,126.9243667
화성시,주공8단지,Jugong Apartment 8-danji,233000108,36380.0,노변정류장,경기도 화성시,경기도 화성시 병점동,37.21515,127.0487833
화성시,주공9단지,Jugong Apartment 9-danji,233002349,55235.0,노변정류장,경기도 화성시,경기도 화성시 진안동,37.2132667,127.0423333
화성시,주공아파트,Jugong Apartment,233000524,37245.0,노변정류장,경기도 화성시,경기도 화성시 향남읍,37.1304833,126.8999667
화성시,주공휴먼시아후문,Jugong Humansia Back Gate,233001697,37708.0,노변정류장,경기도 화성시,경기도 화성시 반송동,37.1971167,127.06575
화성시,주공휴먼시아후문,Jugong Humansia Back Gate,233001698,37706.0,노변정류장,경기도 화성시,경기도 화성시 반송동,37.1972,127.06605
화성시,주유소앞,Gas Station ,233002849,,노변정류장,경기도 화성시,,37.1662667,126.8497333
화성시,주유소앞,Gas Station,233002848,,노변정류장,경기도 화성시,,37.1660167,126.8493833
화성시,중송1리,Jungsong 1-ri,233002205,55203.0,노변정류장,경기도 화성시,경기도 화성시 송산면,37.2239667,126.70625
화성시,중송1리,Jungsong 1-ri,233001475,37046.0,노변정류장,경기도 화성시,경기도 화성시 송산면,37.2241833,126.7061
화성시,중송1리마을회관,Jungsong 1-ri Community Center,233002908,,노변정류장,경기도 화성시,,37.2183833,126.7028
화성시,중심상가,Central Shopping Center,233002563,,노변정류장,경기도 화성시,,37.2148667,127.0446
화성시,중심상가,Central Shopping Center,233000066,36795.0,노변정류장,경기도 화성시,경기도 화성시 진안동,37.21515,127.04375
화성시,중심상가.화성고용센터,"Central Shopping Center, Hwaseong Employment Center",233001659,37765.0,노변정류장,경기도 화성시,경기도 화성시 봉담읍,37.2161,126.9591167
화성시,중외제약,JW Pharmaceutical ,233002645,37531.0,노변정류장,경기도 화성시,,37.1984167,127.0004167
화성시,중외제약,JW Pharmaceutical ,233002644,37532.0,노변정류장,경기도 화성시,,37.1982667,127.0004
화성시,중외제약사거리,JW Pharmaceutical Sageori ,233001843,36999.0,노변정류장,경기도 화성시,경기도 화성시 안녕동,37.2021667,127.0019833
화성시,중외제약사거리,JW Pharmaceutical Sageori ,233001842,36998.0,노변정류장,경기도 화성시,경기도 화성시 안녕동,37.2015333,127.0030167
화성시,즘곰마을.상기1리,"Jeumgom Maeul, Sanggi 1-ri ",233000907,36064.0,노변정류장,경기도 화성시,경기도 화성시 봉담읍,37.2006667,126.9243667
화성시,증거리입구,Jeunggeo-ri,233001498,37337.0,노변정류장,경기도 화성시,경기도 화성시 향남읍,37.1379333,126.9775167
화성시,증거리입구,Jeunggeo-ri,233001497,37336.0,노변정류장,경기도 화성시,경기도 화성시 향남읍,37.1377333,126.9774167
화성시,지월리,Jiwol-ri,233002784,,노변정류장,경기도 화성시,,37.14525,126.8906
화성시,지월리입구,Jiwol-ri,233000925,37234.0,노변정류장,경기도 화성시,경기도 화성시 팔탄면,37.1450667,126.89805
화성시,지월리입구,Jiwol-ri,233000527,37235.0,노변정류장,경기도 화성시,경기도 화성시 팔탄면,37.1438167,126.8973667
화성시,지킴이마을.타래치길,"Jikimi Maeul, Taraechi-gil",233001131,36273.0,노변정류장,경기도 화성시,경기도 화성시 안녕동,37.207,126.9930167
화성시,지화1리,Jihwa 1-ri ,233002546,36497.0,노변정류장,경기도 화성시,,37.2188167,126.6874333
화성시,지화1리.현대염전,"Jihwa 1-ri, Hyundai Salt Field",233002901,,노변정류장,경기도 화성시,,37.2240333,126.6799
화성시,지화1리마을회관,Jihwa 1-ri Community Center,233002544,36496.0,노변정류장,경기도 화성시,,37.2193167,126.68945
화성시,지화1리마을회관,Jihwa 1-ri Community Center,233002902,,노변정류장,경기도 화성시,,37.21935,126.6892
화성시,지화2리,Jihwa 2-ri ,233003002,,노변정류장,경기도 화성시,,37.2116667,126.67665
화성시,지화2리,Jihwa 2-ri ,233002907,,노변정류장,경기도 화성시,,37.2116167,126.6765
화성시,지화리,Jihwa-ri,233002549,37665.0,노변정류장,경기도 화성시,,37.2177667,126.6836333
화성시,진안5통.병점육교,"Jinan 5-tong, Byeongjeom Overpass",233000950,36337.0,노변정류장,경기도 화성시,경기도 화성시 진안동,37.2089833,127.0304333
화성시,진안5통.병점육교,"Jinan 5-tong, Byeongjeom Overpass",233000696,36336.0,노변정류장,경기도 화성시,경기도 화성시 진안동,37.2087333,127.0304167
화성시,진안동,Jinan-dong,233000640,36355.0,노변정류장,경기도 화성시,경기도 화성시 진안동,37.2133667,127.04065
화성시,진안동,Jinan-dong,233000671,36354.0,노변정류장,경기도 화성시,경기도 화성시 진안동,37.2130167,127.0393
화성시,진안중앙교회,Jinan Central Prebyterian Church ,233002003,37984.0,노변정류장,경기도 화성시,경기도 화성시 진안동,37.2144667,127.0368667
화성시,진안중학교후문,Jinan Middle School Back Gate,233002525,,노변정류장,경기도 화성시,,37.21585,127.0394
화성시,진안중학교후문,Jinan Middle School Back Gate,233002524,,노변정류장,경기도 화성시,,37.2158167,127.0392833
화성시,진안초교,Jinan Elementary School ,233002147,55231.0,노변정류장,경기도 화성시,경기도 화성시 진안동,37.2171667,127.0392833
화성시,진안초교,Jinan Elementary School ,233002148,55353.0,노변정류장,경기도 화성시,경기도 화성시 진안동,37.2172667,127.03955
화성시,진우아파트,Jinu Apartment,233002078,55050.0,노변정류장,경기도 화성시,경기도 화성시 봉담읍,37.16205,126.9311833
화성시,진우아파트,Jinu Apartment ,233000797,36068.0,노변정류장,경기도 화성시,경기도 화성시 봉담읍,37.1617667,126.9308833
화성시,진우아파트,Jinu Apartment ,233000823,36071.0,노변정류장,경기도 화성시,경기도 화성시 봉담읍,37.1625833,126.9311
화성시,진우아파트뒤,Jinu Apartment,233002080,55043.0,노변정류장,경기도 화성시,경기도 화성시 팔탄면,37.1589167,126.93205
화성시,진우아파트뒤,Jinu Apartment ,233002079,55044.0,노변정류장,경기도 화성시,경기도 화성시 팔탄면,37.1596667,126.9315833
화성시,차량등록사업소,Vehicle Registration Office,233002976,,노변정류장,경기도 화성시,,37.1394833,126.9225167
화성시,차량등록사업소,Vehicle Registration Office ,233002977,,노변정류장,경기도 화성시,,37.1397167,126.92275
화성시,참누리아파트.기산중학교,"Chamnuri Apartment, Gisan Middle School",233000074,37548.0,노변정류장,경기도 화성시,경기도 화성시 기산동,37.2195333,127.05165
화성시,참누리아파트.기산중학교,"Chamnuri Apartment, Gisan Middle School",233000076,36793.0,노변정류장,경기도 화성시,경기도 화성시 기산동,37.2197,127.05195
화성시,창곡1리,Changgok 1-ri,233002229,55119.0,노변정류장,경기도 화성시,경기도 화성시 팔탄면,37.1866167,126.88415
화성시,창곡1리,Changgok 1-ri,233002230,55120.0,노변정류장,경기도 화성시,경기도 화성시 팔탄면,37.1874,126.8838167
화성시,창곡1리입구,Changgok 1-ri  ,233002168,55126.0,노변정류장,경기도 화성시,경기도 화성시 팔탄면,37.1960667,126.8812833
화성시,창곡1리입구,Changgok 1-ri  ,233002167,55125.0,노변정류장,경기도 화성시,경기도 화성시 비봉면,37.1964667,126.8809167
화성시,창곡2리교회앞,Changgok 2-ri Church ,233001752,37772.0,노변정류장,경기도 화성시,경기도 화성시 팔탄면,37.1855833,126.8846167
화성시,창곡2리교회앞,Changgok 2-ri Church ,233002046,55013.0,노변정류장,경기도 화성시,경기도 화성시 팔탄면,37.1847833,126.8849667
화성시,창곡3리,Changgok 3-ri,233001751,37761.0,노변정류장,경기도 화성시,경기도 화성시 팔탄면,37.1774,126.8897167
화성시,창곡3리.독골,"Changgok 3-ri, Dokgol",233001750,37766.0,노변정류장,경기도 화성시,경기도 화성시 팔탄면,37.1781167,126.8896
화성시,창곡주유소앞,Changgok Gas Station   ,233002050,55019.0,노변정류장,경기도 화성시,경기도 화성시 팔탄면,37.1746333,126.8907833
화성시,창곡주유소앞,Changgok Gas Station,233002049,55004.0,노변정류장,경기도 화성시,경기도 화성시 팔탄면,37.1746,126.8906833
화성시,창덕1통.잡재기,"Changdeok 1-tong, Japjaegi",233002664,37948.0,노변정류장,경기도 화성시,,37.1684667,126.80045
화성시,천등1리.등굴,"Cheondeung 1-ri, Deunggul",233002592,,노변정류장,경기도 화성시,,37.2331333,126.7069333
화성시,천등1리.등굴,"Cheondeung 1-ri, Deunggul",233002883,,노변정류장,경기도 화성시,,37.2332833,126.7069667
화성시,천등3리,Cheondeung 3-ri,233001464,37060.0,노변정류장,경기도 화성시,경기도 화성시 송산면,37.2430167,126.71205
화성시,천등3리.새말,"Cheondeung 3-ri, Saemal",233002593,,노변정류장,경기도 화성시,,37.2414167,126.70195
화성시,천등3리.새말,"Cheondeung 3-ri, Saemal",233002884,,노변정류장,경기도 화성시,,37.2415,126.7020167
화성시,천산아파트,Cheonsan Apartment ,233000723,37169.0,노변정류장,경기도 화성시,경기도 화성시 비봉면,37.2364667,126.8659833
화성시,천산아파트,Cheonsan Apartment ,233000776,37168.0,노변정류장,경기도 화성시,경기도 화성시 비봉면,37.23655,126.8659833
화성시,천천IC(경유),,277103518,,,,,37.2459833,126.9505833
화성시,천천IC(경유),,277103517,,,,,37.2460833,126.9503667
화성시,천천리검문소,Cheoncheon-ri Check Point,233000712,37316.0,노변정류장,경기도 화성시,경기도 화성시 매송면,37.24365,126.9474167
화성시,천천리검문소,Cheoncheon-ri Check Point,233000781,37321.0,노변정류장,경기도 화성시,경기도 화성시 매송면,37.24385,126.94825
화성시,천천리일광사,Cheoncheon-ri Ilkwangsa,233000713,37312.0,노변정류장,경기도 화성시,경기도 화성시 매송면,37.2445833,126.94205
화성시,천천리일광사,Cheoncheon-ri Ilkwangsa,233000849,37313.0,노변정류장,경기도 화성시,경기도 화성시 매송면,37.2446167,126.9424667
화성시,청광아파트,Cheonggwang Apartment ,233002333,55230.0,노변정류장,경기도 화성시,경기도 화성시 안녕동,37.1981833,126.9858167
화성시,청광아파트,Cheonggwang Apartment ,233002334,55164.0,노변정류장,경기도 화성시,경기도 화성시 안녕동,37.1983,126.9858833
화성시,청광플러스원아파트,Cheonggwang Plus-1 Apartment ,233002621,55454.0,노변정류장,경기도 화성시,,37.1965333,126.98555
화성시,청목초.신안1차,"Cheongmok Elementary School, Shinan 1-cha",233000965,36468.0,노변정류장,경기도 화성시,,37.1946,127.1194333
화성시,청요1리,Cheongyo 1-ri ,233000561,37233.0,노변정류장,경기도 화성시,경기도 화성시 비봉면,37.19955,126.8974333
화성시,청요2리,Cheongyo 2-ri ,233001315,37227.0,노변정류장,경기도 화성시,경기도 화성시 비봉면,37.2030667,126.8948
화성시,청요3리,Cheongyo 3-ri ,233000560,37212.0,노변정류장,경기도 화성시,경기도 화성시 비봉면,37.2007833,126.8860833
화성시,청요3리마을회관,Cheongyo 3-ri Community Center,233000899,37213.0,노변정류장,경기도 화성시,경기도 화성시 비봉면,37.20065,126.8860667
화성시,청요리,Cheongyo-ri,233001313,37226.0,노변정류장,경기도 화성시,경기도 화성시 비봉면,37.2031333,126.8953
화성시,청요리,Cheongyo-ri,233000554,37232.0,노변정류장,경기도 화성시,경기도 화성시 비봉면,37.19955,126.8973
화성시,청요사거리,Cheongyo Sageori,233000555,37199.0,노변정류장,경기도 화성시,경기도 화성시 비봉면,37.1982,126.88055
화성시,청요사거리,Cheongyo Sageori,233000898,37575.0,노변정류장,경기도 화성시,경기도 화성시 비봉면,37.1982667,126.8800833
화성시,청요사거리,Cheongyo Sageori,233000559,37197.0,노변정류장,경기도 화성시,경기도 화성시 비봉면,37.1978833,126.8796
화성시,청요사거리,Cheongyo Sageori,233000895,37576.0,노변정류장,경기도 화성시,경기도 화성시 팔탄면,37.1977,126.8801
화성시,청원1리마을회관,Cheongwon 1-ri Community Center,233002814,,노변정류장,경기도 화성시,,37.18595,126.7591667
화성시,청원1리마을회관,Cheongwon 1-ri Community Center,233002815,,노변정류장,경기도 화성시,,37.186,126.75925
화성시,청원2리,Cheongwon 2-ri ,233002386,55263.0,노변정류장,경기도 화성시,경기도 화성시 마도면,37.17675,126.7782167
화성시,청원2리.수루지,"Seongwon 2-ri, Suruji ",233002455,55376.0,노변정류장,경기도 화성시,경기도 화성시 마도면,37.17705,126.7794833
화성시,청원2리.창고앞,"Cheongwon 2-ri, Storage",233002454,55375.0,노변정류장,경기도 화성시,경기도 화성시 마도면,37.1766333,126.77845
화성시,청원3리입구,Cheongwon 3-ri,233002622,36972.0,노변정류장,경기도 화성시,,37.1809,126.7563333
화성시,청원3리입구,Cheongwon 3-ri ,233002910,,노변정류장,경기도 화성시,,37.1805667,126.7559333
화성시,청원3리입구,Cheongwon 3-ri ,233002628,,노변정류장,경기도 화성시,,37.1801833,126.7560833
화성시,청원3리종점,Cheongwon 3-ri Bus Terminal ,233002909,,노변정류장,경기도 화성시,,37.1764333,126.7617667
화성시,청원4리.막상공원,"Cheongwon 4-ri, Maksang Park",233002451,55373.0,노변정류장,경기도 화성시,경기도 화성시 마도면,37.18495,126.76545
화성시,청원4리.막상공원,"Cheongwon 4-ri, Maksang Park",233002390,55267.0,노변정류장,경기도 화성시,경기도 화성시 마도면,37.1848667,126.7653167
화성시,청원4리마을회관,Cheongwon 4-ri Community Center,233002391,55268.0,노변정류장,경기도 화성시,경기도 화성시 마도면,37.1812833,126.76655
화성시,청원4리마을회관,Cheongwon 4-ri Community Center,233002387,55264.0,노변정류장,경기도 화성시,경기도 화성시 마도면,37.18135,126.7666833
화성시,청원공단,Cheongwon Industrial Complex,233002388,55265.0,노변정류장,경기도 화성시,경기도 화성시 마도면,37.1867167,126.764
화성시,청원공단,Cheongwon Industrial Complex,233002450,55372.0,노변정류장,경기도 화성시,경기도 화성시 마도면,37.1866333,126.7638167
화성시,청원교회,Cheongwon Church ,233002808,,노변정류장,경기도 화성시,,37.1888833,126.7571167
화성시,청원교회,Cheongwon Church ,233002809,,노변정류장,경기도 화성시,,37.18895,126.7583333
화성시,청원낚시터앞,Cheongwon Fishery ,233002911,,노변정류장,경기도 화성시,,37.1796,126.7533833
화성시,청원초등학교,Cheongwon Elementary School,233002449,55371.0,노변정류장,경기도 화성시,경기도 화성시 마도면,37.1885,126.7608167
화성시,청원초등학교,Cheongwon Elementary School,233002389,55266.0,노변정류장,경기도 화성시,경기도 화성시 마도면,37.1884333,126.7608
화성시,청호인재개발원,,233521000,,,,,37.1614833,126.9122833
화성시,청호인재개발원,,233525730,,,,,37.1616,126.9119333
화성시,초당골,Chodanggol,233000909,36054.0,노변정류장,경기도 화성시,경기도 화성시 봉담읍,37.19805,126.9107167
화성시,초당골앞,Chodanggol ,233000562,36055.0,노변정류장,경기도 화성시,경기도 화성시 봉담읍,37.1980833,126.9106333
화성시,추모공원,,233003096,55423.0,,,,37.1992833,126.8824833
화성시,추모공원,,233003095,55422.0,,,,37.1991833,126.8825167
화성시,충만주유소,Chungman Gas Station,233001830,37870.0,노변정류장,경기도 화성시,경기도 화성시 양감면,37.0796167,126.9427167
화성시,치동천힐링마을,Chidongcheon Healing Maeul,233002426,55302.0,노변정류장,경기도 화성시,경기도 화성시 동탄면,37.2021833,127.1256667
화성시,치동초등학교,,233001635,55496.0,,,,37.2079667,127.0925333
화성시,치동초등학교,,233001636,37672.0,,,,37.2079667,127.0929
화성시,칠곡리,Chilgok-ri,233000349,37363.0,노변정류장,경기도 화성시,경기도 화성시 송산면,37.2033833,126.71145
화성시,칠곡리,Chilgok-ri,233001261,37364.0,노변정류장,경기도 화성시,경기도 화성시 송산면,37.2035667,126.7114833
화성시,캠핑장입구,Camping Zone,233003034,,노변정류장,경기도 화성시,,37.1692833,126.6283
화성시,코스코밸리아파트,COSCO Valley Apartment ,233001740,55356.0,노변정류장,경기도 화성시,경기도 화성시 송산면,37.1987,126.7220667
화성시,크리스찬교회,Christian Church ,233002029,55023.0,노변정류장,경기도 화성시,경기도 화성시 능동,37.2103167,127.0588167
화성시,큰말입구,Keunmal ,233000747,37014.0,노변정류장,경기도 화성시,경기도 화성시 서신면,37.1660667,126.6751667
화성시,큰말입구,Keunmal ,233000867,37015.0,노변정류장,경기도 화성시,경기도 화성시 서신면,37.1661167,126.6750833
화성시,타래치길,Taraechi-gil,233001227,36661.0,노변정류장,경기도 화성시,경기도 화성시 안녕동,37.2072167,126.9934167
화성시,탄요유적공원,Tanyo Historical Park ,233001454,37586.0,노변정류장,경기도 화성시,경기도 화성시 반송동,37.1905833,127.0762167
화성시,태안119안전센터,Taean Fire House,233000687,37462.0,노변정류장,경기도 화성시,경기도 화성시 진안동,37.2111167,127.0385333
화성시,태안교차로,Taean Junction ,233002404,36192.0,노변정류장,경기도 화성시,경기도 화성시 진안동,37.2183833,127.03715
화성시,태행산예비군훈련장앞,Taehaengsan Reverse Force Training Site,233000531,37177.0,노변정류장,경기도 화성시,경기도 화성시 비봉면,37.2162333,126.8721667
화성시,태행산예비군훈련장앞,Taehaengsan Reverse Force Training Site,233000540,37755.0,노변정류장,경기도 화성시,경기도 화성시 비봉면,37.21625,126.8724167
화성시,통나무횟집,Tongnamu Hoetjip,233003027,,노변정류장,경기도 화성시,,37.1754,126.62575
화성시,파인웰,Fine Well,233002904,,노변정류장,경기도 화성시,,37.2153667,126.6805667
화성시,파인웰,Fine Well,233002903,,노변정류장,경기도 화성시,,37.2155,126.68055
화성시,파카.3M,"Paka, 3M",233001589,37634.0,노변정류장,경기도 화성시,경기도 화성시 장안면,37.1100667,126.8395167
화성시,팔곡JC(경유),,277103583,,,,,37.30975,126.8941667
화성시,팔곡JC(경유),,277103582,,,,,37.3095,126.8938333
화성시,팔탄공단앞,Paltan Industiral Complex,233001035,37190.0,노변정류장,경기도 화성시,경기도 화성시 팔탄면,37.1707,126.8766
화성시,팔탄공단앞,Paltan Industrial Complex ,233000196,37191.0,노변정류장,경기도 화성시,경기도 화성시 팔탄면,37.17045,126.8767833
화성시,팔탄교차로(경유),,277103614,,,,,37.1692833,126.8906167
화성시,팔탄교차로(경유),,277103613,,,,,37.1697167,126.8901833
화성시,팔탄면사무소앞,Paltan-myeon Office ,233001029,37253.0,노변정류장,경기도 화성시,경기도 화성시 팔탄면,37.1622333,126.9039667
화성시,팔탄면사무소앞,Paltan-myeon Office ,233000516,37254.0,노변정류장,경기도 화성시,,37.1621667,126.9042167
화성시,팔탄입구,Paltan ,233000824,36073.0,노변정류장,경기도 화성시,경기도 화성시 봉담읍,37.1641833,126.9318333
화성시,팔탄입구,Paltan,233000921,36074.0,노변정류장,경기도 화성시,경기도 화성시 봉담읍,37.1645833,126.9322333
화성시,팔탄입구삼거리(경유),,277101750,,,,,37.1636167,126.9315167
화성시,팔탄입구삼거리(경유),,277101775,,,,,37.1636,126.9317833
화성시,팔탄전자앞,Paltan Electronics ,233001526,37410.0,노변정류장,경기도 화성시,경기도 화성시 팔탄면,37.1294833,126.86125
화성시,팔탄전자앞,Paltan Electronics ,233002787,,노변정류장,경기도 화성시,,37.1294167,126.8613167
화성시,팔탄초등학교,Paltan Elementary School,233000521,37252.0,노변정류장,경기도 화성시,경기도 화성시 팔탄면,37.1593667,126.9031
화성시,팔탄초등학교,Paltan Elementary School,233000517,37251.0,노변정류장,경기도 화성시,경기도 화성시 팔탄면,37.1595333,126.9031333
화성시,편의점,Convenience Store,233002535,55448.0,노변정류장,경기도 화성시,,37.1966833,126.9818
화성시,평생플러스빌,Pyeongsaeng Plusvill,233000588,36183.0,노변정류장,경기도 화성시,경기도 화성시 봉담읍,37.2224833,126.97365
화성시,포레시아,Faurecia,233002342,55229.0,노변정류장,경기도 화성시,경기도 화성시 장안면,37.1087667,126.8432167
화성시,포스코정문앞,Posco Main Gate,233001642,37673.0,노변정류장,경기도 화성시,,37.1990167,127.0700667
화성시,푸른마을.두산위브,"Pureun Maeul, Doosan Weve Apartment ",233001981,37976.0,노변정류장,경기도 화성시,경기도 화성시 능동,37.2029167,127.0533667
화성시,푸른마을.두산위브,"Pureun Maeul, Doosan Weve Apartment ",233001982,37977.0,노변정류장,경기도 화성시,경기도 화성시 능동,37.2031833,127.0535833
화성시,풍성신미주,Pungseong Sinmiju Apartment ,233002032,55014.0,노변정류장,경기도 화성시,경기도 화성시 병점동,37.214,127.0526
화성시,풍성신미주(중),Pungseong Sinmiju Apartment ,233001283,37590.0,중앙차로 정류장,경기도 화성시,경기도 화성시 반송동,37.1995167,127.0638833
화성시,풍성신미주아파트(중),Pungseong Sinmiju Apartment ,233001644,37589.0,중앙차로 정류장,경기도 화성시,경기도 화성시 반송동,37.1994667,127.0634167
화성시,하가등리,Hagadeung-ri,233002983,,노변정류장,경기도 화성시,,37.14615,126.93855
화성시,하가등리,Hagadeung-ri,233002982,,노변정류장,경기도 화성시,,37.1461333,126.9385833
화성시,하길1리종점,Hagil 1-ri Bus Terminal ,233002794,,노변정류장,경기도 화성시,,37.0969333,126.9232667
화성시,하길4리입구,Hagil 4-ri  ,233002519,55073.0,,경기도 화성시,,37.08355,126.9132167
화성시,하길4리입구,Hagil 4-ri ,233002520,55074.0,,경기도 화성시,,37.0839833,126.91255
화성시,하길4리종점,Hangil 4-ri Bus Terminal ,233002997,,노변정류장,경기도 화성시,,37.0850333,126.9202333
화성시,하길리입구,Hagil-ri,233002796,,노변정류장,경기도 화성시,,37.1055167,126.92375
화성시,하길리입구,Hagil-ri,233002795,,노변정류장,경기도 화성시,,37.1054833,126.9236667
화성시,하길중학교,Hagil Middle School,233002416,37274.0,노변정류장,경기도 화성시,경기도 화성시 향남읍,37.11285,126.9081167
화성시,하길중학교,Hagil Middle School,233002554,28265.0,노변정류장,경기도 화성시,,37.1127,126.90885
화성시,하길중학교,Hagil Middle School,233002417,36697.0,노변정류장,경기도 화성시,경기도 화성시 향남읍,37.1133,126.9087167
화성시,하길중학교,Hagil Middle School,233002479,55370.0,노변정류장,경기도 화성시,경기도 화성시 향남읍,37.1131,126.9081167
화성시,하길초등학교,Hagil Elementary School ,233001170,36435.0,노변정류장,경기도 화성시,경기도 화성시 향남읍,37.11565,126.9052667
화성시,하나로마트.화성고용센터,"Hanaro Mart, Hwaseong Employment Center",233001756,37756.0,노변정류장,경기도 화성시,경기도 화성시 봉담읍,37.2178333,126.9589667
화성시,하내연수원,Hanae Education & Training Institute ,233001881,37936.0,노변정류장,경기도 화성시,경기도 화성시 서신면,37.1844333,126.6897167
화성시,하내연수원,Hanae Education & Training Institute ,233001905,37938.0,노변정류장,경기도 화성시,경기도 화성시 서신면,37.1844167,126.6898
화성시,하와이앞,Hawaii,233003035,,노변정류장,경기도 화성시,,37.1723,126.6294333
화성시,하우스디더레이크.우미린,,233002262,55476.0,,,,37.1726333,127.1054833
화성시,하저3리.한미약품,"Hajeo 3-ri, Hanmi Pharm. Co., Ltd.",233000204,37164.0,노변정류장,경기도 화성시,경기도 화성시 팔탄면,37.18105,126.8656
화성시,하저3리.한미약품,"Hajeo 3-ri, Hanmi Pharm. Co., Ltd.",233000193,37165.0,노변정류장,경기도 화성시,경기도 화성시 팔탄면,37.1810167,126.8658167
화성시,하저3리.한미약품,"Hajeo 3-ri, Hanmi Pharm. Co., Ltd.",233002965,,노변정류장,경기도 화성시,,37.1804667,126.8667
화성시,하저4리,Hajeo 4-ri ,233000203,37174.0,노변정류장,경기도 화성시,경기도 화성시 팔탄면,37.1751667,126.8712833
화성시,하저4리입구,Hajeo 4-ri,233000194,37173.0,노변정류장,경기도 화성시,경기도 화성시 팔탄면,37.1754333,126.8712167
화성시,하저교회앞,Hajeo Church ,233002562,,노변정류장,경기도 화성시,,37.1848167,126.867
화성시,하저교회앞,Hajeo Church ,233002963,,노변정류장,경기도 화성시,,37.1848167,126.8669333
화성시,하저리마을회관,Hajeo-ri Community Center,233002623,36971.0,노변정류장,경기도 화성시,,37.1892167,126.8708667
화성시,하저리마을회관,Hajeo-ri Community Center,233001340,37502.0,노변정류장,경기도 화성시,경기도 화성시 팔탄면,37.18935,126.87085
화성시,하피랜드,Hapy Land,233002160,55175.0,노변정류장,경기도 화성시,경기도 화성시 팔탄면,37.16895,126.8882833
화성시,하피랜드,Hapy Land,233002161,55176.0,노변정류장,경기도 화성시,경기도 화성시 팔탄면,37.1692167,126.8885667
화성시,한각1리,Hangak 1-ri,233001784,37797.0,노변정류장,경기도 화성시,경기도 화성시 우정읍,37.0955833,126.79765
화성시,한각1리,Hangak 1-ri ,233001501,37395.0,노변정류장,경기도 화성시,경기도 화성시 우정읍,37.0955833,126.7975667
화성시,한각리입구,Hangak-ri,233001068,36707.0,노변정류장,경기도 화성시,경기도 화성시 우정읍,37.0918833,126.8164167
화성시,한각리입구,Hangak-ri,233001071,36821.0,노변정류장,경기도 화성시,경기도 화성시 우정읍,37.09215,126.81645
화성시,한강CM,Hangang CM,233001329,36294.0,노변정류장,경기도 화성시,경기도 화성시 안녕동,37.19665,127.0066833
화성시,한강CM,Hangang CM,233001330,36295.0,노변정류장,경기도 화성시,경기도 화성시 안녕동,37.1959,127.0066
화성시,한국농수산대학,Korea National College of Agriculture and Fisheries,233000002,36161.0,노변정류장,경기도 화성시,경기도 화성시 봉담읍,37.2293167,126.9704333
화성시,한국농수산대학,Korea National College of Agriculture and Fisheries,233000591,36159.0,노변정류장,경기도 화성시,경기도 화성시 봉담읍,37.2291167,126.97035
화성시,한국제지,Hankuk Paper,233001322,36944.0,노변정류장,경기도 화성시,경기도 화성시 동탄면,37.1556833,127.10855
화성시,한국제지,Hankuk Paper,233001319,37509.0,노변정류장,경기도 화성시,경기도 화성시 동탄면,37.15595,127.10855
화성시,한국폴리텍대학,Korea Polytechnics,233002972,,노변정류장,경기도 화성시,,37.1297667,126.8876833
화성시,한국폴리텍대학,Korea Polytechnics,233001555,37224.0,노변정류장,경기도 화성시,경기도 화성시 향남읍,37.1219,126.8927167
화성시,한국폴리텍대학,Korea Polytechnics,233002967,,노변정류장,경기도 화성시,,37.1298,126.8877833
화성시,한국폴리텍대학,Korea Polytechnics,233000390,37225.0,노변정류장,경기도 화성시,경기도 화성시 향남읍,37.1217833,126.8929
화성시,한림대병원(중),Hallym University Medical Center,233001782,37864.0,중앙차로 정류장,경기도 화성시,경기도 화성시 석우동,37.2166333,127.0781167
화성시,한림대병원(중),Hanllym University Medical Center,233001225,36414.0,중앙차로 정류장,경기도 화성시,경기도 화성시 석우동,37.2173167,127.07775
화성시,한림대병원앞,Hanllym University Medical Center,233001226,36415.0,노변정류장,경기도 화성시,경기도 화성시 석우동,37.2173333,127.0779333
화성시,한림대성심병원,Hanllym University Medical Center,233002444,55316.0,노변정류장,경기도 화성시,경기도 화성시 석우동,37.2155,127.0802
화성시,한림대성심병원,Hanllym University Medical Center,233002559,,노변정류장,경기도 화성시,,37.2173,127.0806333
화성시,한마음초교.광명메이루즈,"Hanmaeum Elementary School, ",233001787,37734.0,노변정류장,경기도 화성시,경기도 화성시 능동,37.2075833,127.05705
화성시,한마음초교.광명메이루즈,"Hanmaeum Elementary School, ",233002117,55100.0,노변정류장,경기도 화성시,경기도 화성시 능동,37.2075,127.0568
화성시,한마음초사거리,Hanmaeum Elementary School Sageori,233002227,55145.0,노변정류장,경기도 화성시,경기도 화성시 능동,37.2092,127.0528833
화성시,한마음초사거리,Hanmaeum Elementary School Sageori,233002228,55146.0,노변정류장,경기도 화성시,경기도 화성시 능동,37.2091333,127.0531
화성시,한맥중공업,"Hanmaek Heavy Ind. Co., Ltd. ",233003039,,노변정류장,경기도 화성시,,37.15035,126.69665
화성시,한맥중공업,"Hanmaek Heavy Ind. Co., Ltd. ",233003043,,노변정류장,경기도 화성시,,37.1502833,126.6967833
화성시,한미공조앞,Hanmy Air Korea Conditioning Company (AKCC),233000621,36749.0,노변정류장,경기도 화성시,경기도 화성시 향남읍,37.1177,126.9560167
화성시,한미약품,"Hanmi Pharm. Co., Ltd.",233002442,55314.0,노변정류장,경기도 화성시,경기도 화성시 동탄면,37.2092333,127.09185
화성시,한미약품,"Hanmi Pharm. Co., Ltd.",233002443,55315.0,노변정류장,경기도 화성시,경기도 화성시 동탄면,37.2095333,127.0918333
화성시,한백초중교,Hanbaek Elementary & Middle & High School,233000135,36513.0,노변정류장,경기도 화성시,경기도 화성시 동탄면,37.207,127.11475
화성시,한백초중교,Hanbaek Elementary & Middle & High School,233000149,36514.0,노변정류장,경기도 화성시,경기도 화성시 동탄면,37.20725,127.1147667
화성시,한빛마을(중),Hanbit Maeul ,233001562,36668.0,중앙차로 정류장,경기도 화성시,경기도 화성시 반송동,37.2075667,127.0692
화성시,한빛마을.석우중학교(중),"Hanbit Maeul, Seokwoo Middle School ",233001216,36841.0,중앙차로 정류장,경기도 화성시,경기도 화성시 반송동,37.2083167,127.06925
화성시,한승미메이드1차,Hanseung Mimade Apartment 1-cha,233002692,,노변정류장,경기도 화성시,,37.2073667,127.0133333
화성시,한승미메이드1차,Hanseung Mimade Apartment 1-cha,233002691,,노변정류장,경기도 화성시,,37.2073333,127.01315
화성시,한승미메이드아파트,Hanseung Mimade Apartment,233002695,,노변정류장,경기도 화성시,,37.20985,127.01235
화성시,한승미메이드아파트,Hanseung Mimade Apartment,233002697,,노변정류장,경기도 화성시,,37.2087167,127.0132667
화성시,한신아파트,Hanshin Apartment,233002344,37738.0,노변정류장,경기도 화성시,경기도 화성시 병점동,37.2033167,127.0420167
화성시,한신아파트,Hanshin Apartment,233000917,36125.0,노변정류장,경기도 화성시,경기도 화성시 봉담읍,37.2177833,126.9504333
화성시,한신휴플러스,,233001614,55489.0,,,,37.1865167,127.1237833
화성시,한원IC,Hanwon IC,233000169,37403.0,노변정류장,경기도 화성시,경기도 화성시 동탄면,37.1527333,127.1228833
화성시,한원IC,Hanwon IC,233001321,36945.0,노변정류장,경기도 화성시,경기도 화성시 동탄면,37.1526667,127.1227167
화성시,한일베라채,Hanil Verace,233002024,37998.0,노변정류장,경기도 화성시,경기도 화성시 향남읍,37.1258333,126.9243833
화성시,한일베라체.행정초교,"Hanil Verace, Haengjong Elementary School",233001854,37897.0,노변정류장,경기도 화성시,경기도 화성시 향남읍,37.1260167,126.9242167
화성시,한일타운아파트,Hanil Town Apartment,233000098,36349.0,노변정류장,경기도 화성시,경기도 화성시 병점동,37.2003333,127.0377
화성시,한일타운아파트,Hanil Town Apartment ,233000097,36348.0,노변정류장,경기도 화성시,경기도 화성시 병점동,37.20025,127.03755
화성시,한증막,Hanjeungmak (Clay Sauna),233000955,36423.0,노변정류장,경기도 화성시,경기도 화성시 동탄면,37.1748833,127.0801
화성시,한증막,Hanjeungmak (Clay Sauna),233000154,36424.0,노변정류장,경기도 화성시,경기도 화성시 동탄면,37.1748833,127.0800167
화성시,한호빌라,,233003112,55459.0,,,,37.1667333,127.0785333
화성시,한화.호반,"Hanhwa, Hoban",233000139,36445.0,노변정류장,경기도 화성시,경기도 화성시 동탄면,37.1970833,127.105
화성시,한화.호반,"Hanhwa, Hoban",233002419,55296.0,노변정류장,경기도 화성시,경기도 화성시 동탄면,37.1967833,127.1045667
화성시,한화꿈에그린,Hanwha Dream Apartment ,233002437,55309.0,노변정류장,경기도 화성시,경기도 화성시 동탄면,37.1946,127.0998833
화성시,한화꿈에그린,Hanwha Dream Apartment ,233001703,37707.0,노변정류장,경기도 화성시,경기도 화성시 반송동,37.1919333,127.0716667
화성시,한화꿈에그린,Hanwha Dream Apartment ,233001637,37658.0,노변정류장,경기도 화성시,경기도 화성시 동탄면,37.1963,127.0986
화성시,한화꿈에그린,Hanwha Dream Apartment ,233000978,36466.0,노변정류장,경기도 화성시,경기도 화성시 동탄면,37.1953333,127.099
화성시,한화꿈에그린,Hanwha Dream Apartment ,233002438,55310.0,노변정류장,경기도 화성시,경기도 화성시 동탄면,37.1943667,127.0999833
화성시,한화꿈에그린2차,Hanwha Dream Apartment 2-cha,233001713,37745.0,노변정류장,경기도 화성시,경기도 화성시 반송동,37.1912833,127.0745167
화성시,한화꿈에그린아파트,Hanwha Dream Apartment ,233001677,37737.0,노변정류장,경기도 화성시,경기도 화성시 반송동,37.2068167,127.06655
화성시,할인마트앞,Discount Mart,233003000,,노변정류장,경기도 화성시,,37.0989333,126.90275
화성시,해문1리,Haemun 1-ri,233002872,55458.0,노변정류장,경기도 화성시,,37.2037167,126.7444833
화성시,해문1리,Haemun 1-ri,233002871,55457.0,노변정류장,경기도 화성시,,37.2036,126.7446667
화성시,해문1리.질고개,"Haemun 1-ri, Jilgogae",233002873,,노변정류장,경기도 화성시,,37.2051,126.7406333
화성시,해문1리.질고개,"Haemun 1-ri, Jilgogae",233002918,,노변정류장,경기도 화성시,,37.2051833,126.7406667
화성시,해문2리마을회관,Haemun 2-ri Community Center,233002949,,노변정류장,경기도 화성시,,37.1978167,126.7464667
화성시,해문2리마을회관,Haemun 2-ri Community Center,233002597,,노변정류장,경기도 화성시,,37.19775,126.7465
화성시,해병대보급중대,ROK Marines0,233000800,37285.0,노변정류장,경기도 화성시,경기도 화성시 팔탄면,37.1430333,126.9182667
화성시,해병대사령부,Republic of Korea Marine Corps,233000794,36081.0,노변정류장,경기도 화성시,경기도 화성시 봉담읍,37.1776833,126.9363333
화성시,해병대사령부,Republic of Korea Marine Corps,233000827,36083.0,노변정류장,경기도 화성시,경기도 화성시 봉담읍,37.1786667,126.93635
화성시,해병대사령부종점,,233527970,,,,,37.1721333,126.9275667
화성시,해안산책로,Haean Trail,233003029,,노변정류장,경기도 화성시,,37.1726167,126.6180167
화성시,해운경로당,Haeun Seniors Community Center,233000322,37399.0,노변정류장,경기도 화성시,경기도 화성시 서신면,37.1379833,126.7015333
화성시,해운경로당,Haeun Seniors Community Center,233002305,55218.0,노변정류장,경기도 화성시,경기도 화성시 서신면,37.1377,126.7014167
화성시,해운교차로,Haeun Junction,233002307,55220.0,노변정류장,경기도 화성시,경기도 화성시 서신면,37.1404667,126.7023833
화성시,해운교차로,Haeun Junction,233002308,55221.0,노변정류장,경기도 화성시,경기도 화성시 서신면,37.1402167,126.7022
화성시,해창1리.우리꽃식물원,"Haechang 1-ri, Woori Botanical Garden ",233001402,37206.0,노변정류장,경기도 화성시,경기도 화성시 팔탄면,37.1130333,126.882
화성시,해창1리.우리꽃식물원,"Haechang 1-ri, Woori Botanical Garden ",233000927,37205.0,노변정류장,경기도 화성시,경기도 화성시 팔탄면,37.1131333,126.88195
화성시,해창2리.능인대학원대학교,"Haechang 2-ri, Nungin Graduate School of Buddhist Nungin",233000393,37179.0,노변정류장,경기도 화성시,경기도 화성시 팔탄면,37.1081167,126.8725167
화성시,해창2리.능인대학원대학교,"Haechang 2-ri, Nungin Graduate School of Buddhist Nungin",233000381,36845.0,노변정류장,경기도 화성시,경기도 화성시 팔탄면,37.1082,126.8722333
화성시,해창리,Haechang-ri,233000392,36873.0,노변정류장,경기도 화성시,경기도 화성시 팔탄면,37.1126,126.8791667
화성시,해창리,Haechang-ri,233000442,36898.0,노변정류장,경기도 화성시,경기도 화성시 팔탄면,37.1124333,126.878
화성시,해태전자,Haitai Electronics ,233001772,37791.0,노변정류장,경기도 화성시,경기도 화성시 장안면,37.0745333,126.8562333
화성시,해태전자,Haitai Electronics,233001774,37793.0,노변정류장,경기도 화성시,경기도 화성시 장안면,37.0745333,126.85605
화성시,행림마을.삼성래미안,"Haenglim Maeul, Samsung Raemian Apartment",233000840,37466.0,노변정류장,경기도 화성시,경기도 화성시 반월동,37.2237667,127.04995
화성시,행림마을.삼성래미안,"Haenglim Maeul, Samsung Raemian Apartment",233000075,36794.0,노변정류장,경기도 화성시,경기도 화성시 기산동,37.22285,127.05015
화성시,행복주택,Haengbok Villa,233002497,55409.0,노변정류장,경기도 화성시,경기도 화성시 오산동,37.1866167,127.0918167
화성시,행복주택,Haengbok Villa,233002496,55404.0,노변정류장,경기도 화성시,경기도 화성시 오산동,37.1869,127.0914167
화성시,행정리,Haengjeong-ri ,233002242,55129.0,노변정류장,경기도 화성시,경기도 화성시 향남읍,37.1306667,126.9281667
화성시,행정리,Haengjeong-ri ,233001022,37303.0,노변정류장,경기도 화성시,경기도 화성시 향남읍,37.13085,126.9281167
화성시,향남고등학교,Hyangnam High School ,233002073,55053.0,노변정류장,경기도 화성시,경기도 화성시 향남읍,37.1272167,126.9270167
화성시,향남고등학교,Hyangnam High School,233002074,55051.0,노변정류장,경기도 화성시,경기도 화성시 향남읍,37.1277167,126.9268167
화성시,향남교회,Hyangnam Church ,233001499,36741.0,노변정류장,경기도 화성시,경기도 화성시 향남읍,37.1233833,126.9473333
화성시,향남교회,Hyangnam Church ,233001500,36740.0,노변정류장,경기도 화성시,경기도 화성시 향남읍,37.12335,126.9473833
화성시,향남모아8단지,Hyangnam MoA Apartment 8-danji,233002478,55319.0,노변정류장,경기도 화성시,경기도 화성시 향남읍,37.11335,126.91445
화성시,향남모아8단지,Hyangnam Moa Apartment 8-danji,233002415,55290.0,노변정류장,경기도 화성시,경기도 화성시 향남읍,37.11375,126.9137833
화성시,향남모아엘가아파트,Hyangnam Moaelgaa Apartment ,233002852,,노변정류장,경기도 화성시,,37.1122667,126.9144
화성시,향남모아엘가아파트,Hyangnam Moaelgaa Apartment ,233002867,,노변정류장,경기도 화성시,,37.1124833,126.9143333
화성시,향남부영10.11단지,Hyangnam Booyoung 10 & 11-danji,233002408,55284.0,노변정류장,경기도 화성시,경기도 화성시 향남읍,37.1105833,126.9193667
화성시,향남부영10.11단지,Hyangnam Booyoung Apartment 10 & 11-danji,233002409,24434.0,노변정류장,경기도 화성시,경기도 화성시 향남읍,37.1105167,126.91965
화성시,향남부영11단지,Hyangnam Jugong Apartment 11-danji,233002639,37472.0,노변정류장,경기도 화성시,,37.1089167,126.9163167
화성시,향남부영11단지,Hyangnam Booyoung Apartment 11-danji ,233002481,55320.0,노변정류장,경기도 화성시,경기도 화성시 향남읍,37.1095,126.9151833
화성시,향남부영13단지,Hyangnam Booyoung Apartment 13-danji,233002469,55322.0,노변정류장,경기도 화성시,경기도 화성시 향남읍,37.1092333,126.9079
화성시,향남부영13단지,Hyangnam Booyoung Apartment 13-danji,233002474,55323.0,노변정류장,경기도 화성시,경기도 화성시 향남읍,37.1095333,126.9081167
화성시,향남부영16단지,Hyangnam Booyoung Apartment 16-danji,233002470,55482.0,노변정류장,경기도 화성시,경기도 화성시 향남읍,37.1039167,126.8975167
화성시,향남부영16단지,Hyangnam Booyoung Apartment 16-danji ,233002473,55483.0,노변정류장,경기도 화성시,경기도 화성시 향남읍,37.1039167,126.8977833
화성시,향남부영3단지,Hyangnam Booyoung Apartment 3-danji,233002413,55288.0,노변정류장,경기도 화성시,,37.11895,126.9115833
화성시,향남부영3단지,Hyangnam Booyoung Apartment 3-danji,233002412,55287.0,노변정류장,경기도 화성시,경기도 화성시 팔탄면,37.1195333,126.91255
화성시,향남부영7.롯데씨네마,"Hyangnam Booyoung Apartment 7-danji, Lotte Cinema",233002414,55289.0,노변정류장,경기도 화성시,,37.1143167,126.91105
화성시,향남부영9단지,Hyangnam Buyoung Apartment 9-danji,233002407,55283.0,노변정류장,경기도 화성시,경기도 화성시 향남읍,37.1134333,126.9191667
화성시,향남부영9단지,Hyangnam Booyoung Apartment 9-danji,233002406,55282.0,노변정류장,경기도 화성시,경기도 화성시 향남읍,37.1137,126.9193
화성시,향남시외터미널,Hyangnam Intercity Bus Terminal,233003051,55328.0,노변정류장,경기도 화성시,,37.13295,126.9219667
화성시,향남시외터미널,Hyangnam Intercity Bus Terminal,233003052,55329.0,노변정류장,경기도 화성시,,37.1330167,126.9219667
화성시,향남읍사무소,Hyangnam-eup Office,233000633,37288.0,노변정류장,경기도 화성시,경기도 화성시 향남읍,37.1317667,126.91915
화성시,향남읍사무소,Hyangnam-eup Office,233001023,37289.0,노변정류장,경기도 화성시,경기도 화성시 향남읍,37.1315333,126.91975
화성시,향남제약공단앞,Hyangnam Pharmaceutical Industries Complex,233000813,37468.0,노변정류장,경기도 화성시,경기도 화성시 향남읍,37.0959167,126.9070333
화성시,향남제약공단입구,Hyangnam Pharmaceutical Industries Complex,233002631,55075.0,,경기도 화성시,,37.0966333,126.9061333
화성시,향남주공1.2단지,Hyangnam Jugong Apartment 1 & 2-danji,233002410,55285.0,노변정류장,경기도 화성시,경기도 화성시 향남읍,37.1190167,126.9144667
화성시,향남주공1.2단지,Hyangnam Jugong Apartment 1 & 2-danji,233002411,55286.0,노변정류장,경기도 화성시,경기도 화성시 향남읍,37.1188167,126.91585
화성시,향남주공18단지,Hyangnam Booyoung Apartment 18-danji,233002471,55480.0,노변정류장,경기도 화성시,경기도 화성시 향남읍,37.0991167,126.8971833
화성시,향남주공18단지,Hyangnam Booyoung Apartment 18-danji ,233002472,55481.0,노변정류장,경기도 화성시,경기도 화성시 향남읍,37.0988333,126.8976667
화성시,향남주공2단지,Hyangnam Jugong Apartment 2-danji,233001108,37284.0,노변정류장,경기도 화성시,경기도 화성시 향남읍,37.1168,126.9175667
화성시,향남주공2단지,Hyangnam Jugong Apartment 2-danji ,233000617,37283.0,노변정류장,경기도 화성시,경기도 화성시 향남읍,37.1168833,126.9172833
화성시,향남주공5단지,Hyangnam Jugong Apartment 5-danji,233002468,55369.0,노변정류장,경기도 화성시,경기도 화성시 향남읍,37.1167,126.9080333
화성시,향남주공5단지입구,Hyangnam Jugong Apartment 5-danji,233002505,55382.0,노변정류장,경기도 화성시,경기도 하남시 신장동,37.1141167,126.9053667
화성시,향남중고등학교,Hyangnam Middle & High School ,233001853,37896.0,노변정류장,경기도 화성시,경기도 화성시 향남읍,37.1289333,126.9269167
화성시,향남중고등학교,Hyangnam Middle & High School ,233002025,37990.0,노변정류장,경기도 화성시,경기도 화성시 향남읍,37.1289667,126.9271833
화성시,향남초등학교,Hyangnam Elementary School,233000624,36747.0,노변정류장,경기도 화성시,경기도 화성시 향남읍,37.1186833,126.9424833
화성시,향남초등학교,Hyangnam Elementary School,233001239,36800.0,노변정류장,경기도 화성시,경기도 화성시 향남읍,37.1187833,126.9422333
화성시,향남홈플러스,Hyangnam Home Plus,233002360,55252.0,노변정류장,경기도 화성시,경기도 화성시 향남읍,37.1315833,126.9223833
화성시,향남홈플러스,Hyangnam Home Plus,233002326,55151.0,노변정류장,경기도 화성시,경기도 화성시 향남읍,37.1313667,126.92235
화성시,향남환승터미널,Hyangnam Transfer Terminal ,233002102,37287.0,노변정류장,경기도 화성시,경기도 화성시 향남읍,37.1328,126.9215667
화성시,현대공조,Hyundai Air Conditioning,233001241,36833.0,노변정류장,경기도 화성시,경기도 화성시 향남읍,37.1177667,126.9559167
화성시,현대기아연구소,Hyundai & Kia Research Institute ,233001999,37973.0,노변정류장,경기도 화성시,,37.1608,126.8183167
화성시,현대기아연구소,Hyundai & Kia Research Institute ,233002226,55109.0,노변정류장,경기도 화성시,,37.1614333,126.8446667
화성시,현대기아연구소,Hyundai & Kia Research Institute ,233002213,55108.0,노변정류장,경기도 화성시,,37.1616,126.84455
화성시,현대기아연구소(경유),,277102459,,,,,37.1639667,126.8446833
화성시,현대수산,Hyundai Fish ,233002859,,노변정류장,경기도 화성시,,37.1547333,126.8037333
화성시,현대수산,Hyundai Fish ,233002860,,노변정류장,경기도 화성시,,37.15465,126.8040333
화성시,현대아이파크,Hyundai I-Park Apartment,233001992,28264.0,노변정류장,경기도 화성시,,37.2063667,126.8316167
화성시,현대아이파크,Hyundai I-Park,233001651,37747.0,노변정류장,경기도 화성시,경기도 화성시 반송동,37.2057333,127.0706167
화성시,현대아이파크,Hyundai I-Park,233002706,,노변정류장,경기도 화성시,,37.2063333,126.8317667
화성시,현대아파트,Hyundai Apartment ,233001746,37771.0,노변정류장,경기도 화성시,,37.1970833,126.8244333
화성시,현대아파트,Hyundai Apartment ,233001747,37767.0,노변정류장,경기도 화성시,,37.1971333,126.8241333
화성시,현대연구소입구,Hyundai Research Institute,233002843,,노변정류장,경기도 화성시,,37.1622333,126.8465
화성시,현대연구소입구,Hyundai Research Institute,233002844,,노변정류장,경기도 화성시,,37.1627167,126.8454667
화성시,현대타운4단지입구,Hyundai Town 4-danji,233002634,37668.0,노변정류장,경기도 화성시,,37.2332167,127.06345
화성시,현대타운4단지입구,Hyundai Town 4-danji,233002534,36404.0,노변정류장,경기도 화성시,,37.2333667,127.0634
화성시,현대타운4단지정문,Hyundai Town 4-danji Main Gate,233002671,,노변정류장,경기도 화성시,,37.233,127.06245
화성시,현대타운4단지정문,Hyundai Twon 4-danji Main Gate,233002672,,노변정류장,경기도 화성시,,37.23295,127.06255
화성시,현동목장앞,Hyeondong Farm,233001765,37816.0,노변정류장,경기도 화성시,경기도 화성시 향남읍,37.0771833,126.8987167
화성시,현동목장앞,Hyeondong Farm,233001763,37813.0,노변정류장,경기도 화성시,경기도 화성시 향남읍,37.0773167,126.89855
화성시,협성대(임시),Hyupsung University ,233002557,36129.0,노변정류장,경기도 화성시,,37.2158167,126.9525333
화성시,협성대학교,Hyupsung University ,233002552,36130.0,노변정류장,경기도 화성시,,37.2156333,126.9523667
화성시,협성대학교정문,Hyupsung University Back Gate,233001998,37969.0,노변정류장,경기도 화성시,경기도 화성시 봉담읍,37.2150833,126.9521833
화성시,형도종점,Hyeongdo Bus Terminal ,233002891,,노변정류장,경기도 화성시,,37.2737667,126.6716667
화성시,호곡1리,Hogok 1-ri ,233000407,37451.0,노변정류장,경기도 화성시,경기도 화성시 우정읍,37.1196333,126.7845333
화성시,호곡1리,Hogok 1-ri,233001114,36817.0,노변정류장,경기도 화성시,경기도 화성시 우정읍,37.1197833,126.78465
화성시,호곡2리,Hogok 2-ri,233001116,37492.0,노변정류장,경기도 화성시,경기도 화성시 우정읍,37.11925,126.7801
화성시,호곡2리,Hogok 2-ri ,233001115,36816.0,노변정류장,경기도 화성시,경기도 화성시 우정읍,37.1194,126.7801
화성시,호곡3리마을회관,Hogok 3-ri Community Center,233000408,36866.0,노변정류장,경기도 화성시,경기도 화성시 우정읍,37.1172,126.7720667
화성시,호곡3리입구,Hogok 3-ri,233000409,36865.0,노변정류장,경기도 화성시,경기도 화성시 우정읍,37.1196,126.7763
화성시,호곡3리입구,Hogok 3-ri ,233001119,36814.0,노변정류장,경기도 화성시,경기도 화성시 우정읍,37.1194833,126.7763667
화성시,호곡리(경유),,277101619,,,,,37.1183833,126.7739667
화성시,호반3차.신리고,Jugong Apartment 10-danji ,233002006,55445.0,노변정류장,경기도 화성시,경기도 화성시 진안동,37.1797833,127.1189333
화성시,호반3차.신리고,Ramada Hotel,233002373,55444.0,노변정류장,경기도 화성시,경기도 화성시 반송동,37.1796333,127.1188333
화성시,호반5차.르파비스,,233001879,55512.0,,,,37.1822333,127.1238167
화성시,호반5차.르파비스,,233001880,55513.0,,,,37.1825833,127.1235333
화성시,호반베르디움,Hoban Vertium,233002428,55304.0,노변정류장,경기도 화성시,경기도 화성시 동탄면,37.1996,127.1176167
화성시,호반베르디움.롯데캐슬,"Hoban Vertium, Lotte Castle Apartment ",233000134,36511.0,노변정류장,경기도 화성시,경기도 화성시 동탄면,37.1971833,127.1112333
화성시,호반베르디움.롯데캐슬,"Hoban Vertium, Lotte Castle Apartment ",233002420,55297.0,노변정류장,경기도 화성시,경기도 화성시 동탄면,37.1968833,127.11105
화성시,호반베르디움3차,Hoban Vertium 3-cha,233000126,55402.0,노변정류장,경기도 화성시,,37.17945,127.1145667
화성시,호반베르디움3차,Hoban Vertium 3-cha,233000125,55401.0,노변정류장,경기도 화성시,,37.1795667,127.1142333
화성시,호수마을,Hosu Maeul ,233002755,,노변정류장,경기도 화성시,,37.1980833,126.9764
화성시,호수마을,Hosu Maeul ,233002955,,노변정류장,경기도 화성시,,37.1981,126.9761167
화성시,호수부영3차.우미린2차,"Booyoung, Woomi Lynn",233003093,55420.0,노변정류장,경기도 화성시,경기도 화성시 동탄면,37.1716333,127.1069333
화성시,호현리.상기1리,"Hohyeon-ri, Sanggi 1-ri",233000564,36067.0,노변정류장,경기도 화성시,경기도 화성시 봉담읍,37.2028667,126.9276
화성시,홈플러스,Home Plus,233002062,55037.0,노변정류장,경기도 화성시,경기도 화성시 병점동,37.20305,127.0358667
화성시,홈플러스,Home Plus,233002061,55035.0,노변정류장,경기도 화성시,경기도 화성시 병점동,37.2034167,127.0358667
화성시,홈플러스.벌말초교,"Home Plus, Beolmal Elementary School",233000100,36351.0,노변정류장,경기도 화성시,경기도 화성시 병점동,37.2033,127.0381333
화성시,홍법리,Hongbeop-ri,233002656,37778.0,노변정류장,경기도 화성시,,37.1613,126.7300667
화성시,홍법리,Hongbeop-ri,233002655,37635.0,노변정류장,경기도 화성시,,37.16135,126.73015
화성시,홍법리마을회관,Hongbeop-ri Community Center,233002654,37632.0,노변정류장,경기도 화성시,,37.16485,126.73395
화성시,화남아파트,Hwanam Apartment ,233002679,,노변정류장,경기도 화성시,,37.21295,127.0374167
화성시,화남아파트,Hwanam Apartment,233002001,37985.0,노변정류장,경기도 화성시,경기도 화성시 진안동,37.2128833,127.0372167
화성시,화당리,Hwadang-ri,233000462,36884.0,노변정류장,경기도 화성시,경기도 화성시 팔탄면,37.1220167,126.8648333
화성시,화당리,Hwadang-ri,233000441,36899.0,노변정류장,경기도 화성시,경기도 화성시 팔탄면,37.1216667,126.8652167
화성시,화도중학교입구,Hwado Middle School ,233002941,,노변정류장,경기도 화성시,,37.2056167,126.7745167
화성시,화랑교회,Hwarang Church ,233002905,,노변정류장,경기도 화성시,,37.2137833,126.6791833
화성시,화랑교회,Hwarang Church ,233002906,,노변정류장,경기도 화성시,,37.2131833,126.6791167
화성시,화리현리,Hwarihyeon-ri,233001480,37559.0,노변정류장,경기도 화성시,경기도 화성시 향남읍,37.1132667,126.9349667
화성시,화리현리,,233001694,37716.0,,,,37.1133833,126.9348333
화성시,화산1리,Hwasan 1-ri ,233000483,37432.0,노변정류장,경기도 화성시,경기도 화성시 우정읍,37.0617833,126.7892
화성시,화산1리,Hwasan 1-ri ,233001185,36786.0,노변정류장,경기도 화성시,경기도 화성시 우정읍,37.0619167,126.7894667
화성시,화산1리마을회관,"Hwasan 1-ri, Community Center",233001251,37513.0,노변정류장,경기도 화성시,경기도 화성시 우정읍,37.0654,126.7798833
화성시,화산1리마을회관,Hwasan 1-ri Community Center,233001253,36940.0,노변정류장,경기도 화성시,경기도 화성시 우정읍,37.0652833,126.7797333
화성시,화산1리입구,Hwasan 1-ri,233001010,37475.0,노변정류장,경기도 화성시,경기도 화성시 우정읍,37.0617167,126.7893333
화성시,화산1리종점,Hwasan 1-ri Bus Terminal ,233001252,36941.0,노변정류장,경기도 화성시,경기도 화성시 우정읍,37.0655167,126.7774333
화성시,화산2리마을회관,Hwasan 2-ri Community Center,233001360,37391.0,노변정류장,경기도 화성시,경기도 화성시 우정읍,37.0713167,126.7909833
화성시,화산삼거리,Hwasan Samgeori,233000484,37604.0,노변정류장,경기도 화성시,경기도 화성시 우정읍,37.0626167,126.7923333
화성시,화산삼거리,Hwasan Samgeori,233001011,37474.0,노변정류장,경기도 화성시,경기도 화성시 우정읍,37.06255,126.7925167
화성시,화산삼거리,Hwasan Samgeori ,233001554,36701.0,노변정류장,경기도 화성시,경기도 화성시 우정읍,37.0626667,126.7924667
화성시,화산초등학교,Hwasan Elementary School ,233002696,,노변정류장,경기도 화성시,,37.2098667,127.01325
화성시,화성그린환경센터,Hwaseong Green Environmental Center,233002083,55049.0,노변정류장,경기도 화성시,경기도 화성시 봉담읍,37.1508333,126.9363333
화성시,화성그린환경센터,Hwaseong Green Environmental Center,233002984,,노변정류장,경기도 화성시,,37.1507667,126.9363167
화성시,화성문화원.향남환승터미널,"Hwaseong Cultural Center, Hyangnam Transfer Terminal ",233002101,37286.0,노변정류장,경기도 화성시,경기도 화성시 향남읍,37.132,126.9210833
화성시,화성벌말초등학교,Hwaseong Beolmal Elementary school ,233002060,55030.0,노변정류장,경기도 화성시,경기도 화성시 병점동,37.2021333,127.0368
화성시,화성벌말초등학교,Hwaseong Beolmal Elementary school ,233002059,55036.0,노변정류장,경기도 화성시,경기도 화성시 병점동,37.2022333,127.0370333
화성시,화성보건소,Hwaseong Public Health Center,233002689,55397.0,노변정류장,경기도 화성시,,37.2043667,127.0350833
화성시,화성새마을회관,,233003102,55429.0,,,,37.1642167,126.8967167
화성시,화성새마을회관,,233003101,55428.0,,,,37.1635333,126.8968
화성시,화성서부경찰서,Hwaseong Seobu Police Station ,233002120,37751.0,노변정류장,경기도 화성시,,37.1906833,126.8219833
화성시,화성서부경찰서,Hwaseong Seobu Police Station ,233002121,55093.0,노변정류장,경기도 화성시,,37.1907333,126.8221167
화성시,화성소방서.향남홈플러스,"Hwaseong Fire Station, Hyangnam Home Plus",233001955,37991.0,노변정류장,경기도 화성시,경기도 화성시 향남읍,37.1305,126.92095
화성시,화성소방서.향남홈플러스,"Hwaseong Fire Station, Hyangnam Home Plus",233001860,37903.0,노변정류장,경기도 화성시,경기도 화성시 향남읍,37.13055,126.92135
화성시,화성시보건소앞,Hwaseong-si Public Health Center,233002970,,노변정류장,경기도 화성시,,37.1296167,126.9048
화성시,화성시보건소앞,Hwaseong Public Health Center,233000388,36875.0,노변정류장,경기도 화성시,경기도 화성시 향남읍,37.1287833,126.9049
화성시,화성시보건소앞,Hwaseong Public Health Center,233000385,36844.0,노변정류장,경기도 화성시,경기도 화성시 향남읍,37.1290667,126.9049333
화성시,화성시보건소앞,Hwaseong-si Public Health Center,233002971,,노변정류장,경기도 화성시,,37.1297667,126.9050167
화성시,화성시청,Hwaseong City Hall,233000189,36028.0,노변정류장,경기도 화성시,,37.19835,126.82845
화성시,화성시청,Hwaseong City Hall,233001435,36977.0,노변정류장,경기도 화성시,,37.1978,126.82865
화성시,화성시청후문,Hwaseong City Hall Back Gate,233001000,36507.0,노변정류장,경기도 화성시,,37.2001333,126.8288667
화성시,화성시청후문,Hwaseong City Hall Back Gate,233001001,36510.0,노변정류장,경기도 화성시,,37.1999667,126.8291167
화성시,화성종합경기타운,Hwaseong Sports Town,233002151,55098.0,노변정류장,경기도 화성시,경기도 화성시 향남읍,37.1363167,126.9216167
화성시,화성종합경기타운,Hwaseong Sports Town,233002152,55368.0,노변정류장,경기도 화성시,경기도 화성시 향남읍,37.1362833,126.9212333
화성시,화성종합경기타운사거리,Hwaseong Sports Town Sageori,233002099,55095.0,노변정류장,경기도 화성시,경기도 화성시 향남읍,37.1341333,126.9212667
화성시,화성종합경기타운사거리,Hwaseong Sports Town Sageori,233002100,55079.0,노변정류장,경기도 화성시,경기도 화성시 향남읍,37.13415,126.9216833
화성시,화성중고등학교,Hwasung Middle & High School,233000526,37255.0,노변정류장,경기도 화성시,경기도 화성시 향남읍,37.1380333,126.9054833
화성시,화성중고등학교,Hwaseong Middle & High School ,233000924,37256.0,노변정류장,경기도 화성시,경기도 화성시 향남읍,37.1379333,126.90605
화성시,화성중앙병원.발안초등학교,"Hwaseong Jungang General Hospital , Balan Elementary School ",233001026,37269.0,노변정류장,경기도 화성시,경기도 화성시 향남읍,37.1311833,126.9115
화성시,화성푸드통합지원센터(로컬푸드직매장),Hwaseong Food Support Center ,233000795,36086.0,노변정류장,경기도 화성시,경기도 화성시 봉담읍,37.1726167,126.9365833
화성시,화성푸드통합지원센터(로컬푸드직매장),Hwaseong Food Support Center ,233000826,36082.0,노변정류장,경기도 화성시,경기도 화성시 봉담읍,37.1723333,126.9363
화성시,화수1리,Hwasu 1-ri,233002054,55024.0,노변정류장,경기도 화성시,경기도 화성시 우정읍,37.1148667,126.7830667
화성시,화수1리입구,Hwasu 1-ri ,233001113,37493.0,노변정류장,경기도 화성시,경기도 화성시 우정읍,37.1189333,126.7873
화성시,화수2리,Hwasu 2-ri,233000453,37440.0,노변정류장,경기도 화성시,경기도 화성시 우정읍,37.1090833,126.7997
화성시,화수2리,Hwasu 2-ri ,233001405,36964.0,노변정류장,경기도 화성시,경기도 화성시 우정읍,37.1091667,126.7996333
화성시,화수2리입구,Hwasu 2-ri ,233001801,37827.0,노변정류장,경기도 화성시,경기도 화성시 우정읍,37.1084833,126.7937167
화성시,화수2리입구,Hwasu 2-ri ,233001805,37831.0,노변정류장,경기도 화성시,경기도 화성시 우정읍,37.1084333,126.7937
화성시,화수3리,Hwasu 3-ri ,233001412,36988.0,노변정류장,경기도 화성시,경기도 화성시 우정읍,37.1042333,126.7920833
화성시,화수3리노인회관,Hwasu 3-ri Seniors Community Center ,233001803,37829.0,노변정류장,경기도 화성시,경기도 화성시 우정읍,37.1062167,126.7890833
화성시,화수3리입구,Hwasu 3-ri ,233001802,37828.0,노변정류장,경기도 화성시,경기도 화성시 우정읍,37.1089,126.7915333
화성시,화수3리입구,Hwasu 3-ri ,233001804,37830.0,노변정류장,경기도 화성시,경기도 화성시 우정읍,37.1088667,126.7915667
화성시,화수농원,Hwasu Farm ,233001800,37826.0,노변정류장,경기도 화성시,경기도 화성시 우정읍,37.1099333,126.7984167
화성시,화수농원앞,Hwasu Farm ,233001806,37832.0,노변정류장,경기도 화성시,경기도 화성시 우정읍,37.1098667,126.7984167
화성시,화수사거리,Hwasu Sageori,233001117,37491.0,노변정류장,경기도 화성시,경기도 화성시 우정읍,37.1096333,126.8018833
화성시,화수사거리,Gwasu Sageori,233001553,36699.0,노변정류장,경기도 화성시,경기도 화성시 우정읍,37.10985,126.8016167
화성시,화수사거리,Hwasu Sageori ,233000452,36891.0,노변정류장,경기도 화성시,경기도 화성시 우정읍,37.1097667,126.8020667
화성시,화수초등학교,Whasu Elementary School ,233001413,36987.0,노변정류장,경기도 화성시,경기도 화성시 우정읍,37.1079167,126.7974333
화성시,활초교회앞,Hwalcho Church ,233002833,,노변정류장,경기도 화성시,,37.17765,126.8383833
화성시,활초동마을회관,Hwacho-dong Community Center,233002835,,노변정류장,경기도 화성시,,37.1762833,126.8343167
화성시,활초동마을회관,Hwalcho-dong Community Center,233002834,,노변정류장,경기도 화성시,,37.1764,126.8342833
화성시,활초삼거리,Hwalcho Samgeori,233002832,,노변정류장,경기도 화성시,,37.17865,126.8295333
화성시,황계동,Hwanggye-dong,233000700,36322.0,노변정류장,경기도 화성시,경기도 화성시 황계동,37.2182667,127.01965
화성시,황계동,Hwaggye-dong,233000697,36321.0,노변정류장,경기도 화성시,경기도 화성시 황계동,37.21795,127.0195833
화성시,황계동(경유),,277101785,,,,,37.2207167,127.0200333
화성시,황계동입구,Hwanggye-dong,233000699,36323.0,노변정류장,경기도 화성시,경기도 화성시 황계동,37.2242833,127.0197
화성시,황구지천.송산교앞,,233525650,,,,,37.2057167,127.0245333
화성시,황구지천.송산교앞,,233525660,,,,,37.2057833,127.02465
화성시,효원납골공원,Hyowon Memorial Park ,233001819,37860.0,노변정류장,경기도 화성시,경기도 화성시 향남읍,37.14215,126.9582667
화성시,효행초등학교,,233003098,55425.0,,,,37.2161167,126.9669833
화성시,효행초등학교,,233003097,55424.0,,,,37.2156667,126.96565
화성시,효행초등학교(공항버스),,233002283,55466.0,,,,37.2166167,126.9678
화성시,효행초등학교(공항버스),,233001705,37715.0,,,,37.2165,126.9678333
화성시,휴먼빌,,233003148,55544.0,,,,37.2805667,126.8228
화성시,휴먼시아4단지후문,Humansia Apartment 4-danji Back Gate ,233002500,55406.0,노변정류장,경기도 화성시,경기도 화성시 영천동,37.2042833,127.1197333
화성시,휴먼시아4단지후문,Humansia 4-danji Back Gate,233002501,55407.0,노변정류장,경기도 화성시,경기도 화성시 영천동,37.2041333,127.1198167
화성시,휴먼시아5.6블럭,Humansia Block 5/6,233002108,55082.0,노변정류장,경기도 화성시,경기도 화성시 향남읍,37.1235,126.9134167
화성시,흥법리마을회관,Heungbeop-ri Community Center,233002602,,노변정류장,경기도 화성시,,37.16495,126.7340333
화성시,흥법리모래지,Heungbeop-ri Moraeji ,233002916,,노변정류장,경기도 화성시,,37.1665833,126.74015
화성시,흥법리모래지,Heungbeop-ri Moraeji ,233002603,,노변정류장,경기도 화성시,,37.1665833,126.7399667
화성시,흥법사입구,Heungbeopsa,233000574,36217.0,노변정류장,경기도 화성시,경기도 화성시 봉담읍,37.20005,126.98035
화성시,힐스테이트.호반5차,,233001620,55490.0,,,,37.1847833,127.1229667
