정류장번호,정류장명,위도,경도,정보수집일,모바일단축번호,도시코드,도시명,관리도시명
GGB233001415,양지말입구,37.2052833,126.7157667,2025-10-31,37539.0,31240,경기도 화성시,경기BIS
GGB233001416,주곡1리입구,37.1164833,126.8188167,2025-10-31,37538.0,31240,경기도 화성시,경기BIS
GGB233001417,주곡2리(회차),37.1142667,126.8044333,2025-10-31,37537.0,31240,경기도 화성시,경기BIS
GGB233001418,장안9리입구,37.0606333,126.8545833,2025-10-31,36986.0,31240,경기도 화성시,경기BIS
GGB233001419,장안6리,37.0523667,126.85635,2025-10-31,36985.0,31240,경기도 화성시,경기BIS
GGB233001420,장안3리,37.0417333,126.8520167,2025-10-31,36722.0,31240,경기도 화성시,경기BIS
GGB233001421,장안8리,37.0379167,126.8465833,2025-10-31,37536.0,31240,경기도 화성시,경기BIS
GGB233001422,장명초분교,37.03795,126.8440167,2025-10-31,36984.0,31240,경기도 화성시,경기BIS
GGB233001423,장안제일교회,37.0346333,126.8432333,2025-10-31,36983.0,31240,경기도 화성시,경기BIS
GGB233001424,장안제일교회,37.0347,126.84335,2025-10-31,36982.0,31240,경기도 화성시,경기BIS
GGB233001425,장안4리(고잔)종점,37.0364833,126.8373,2025-10-31,37535.0,31240,경기도 화성시,경기BIS
GGB233001426,멱우2리,37.1020667,126.8137167,2025-10-31,36923.0,31240,경기도 화성시,경기BIS
GGB233001427,봉담자이프라이드시티,37.2259667,126.9270333,2025-10-31,36595.0,31240,경기도 화성시,경기BIS
GGB233001428,장안9리입구,37.0606,126.8544667,2025-10-31,36981.0,31240,경기도 화성시,경기BIS
GGB233001429,장명초분교,37.0374833,126.8438667,2025-10-31,36980.0,31240,경기도 화성시,경기BIS
GGB233001430,장안8리,37.0377833,126.8466,2025-10-31,37619.0,31240,경기도 화성시,경기BIS
GGB233001431,장안3리,37.0416,126.8521,2025-10-31,36714.0,31240,경기도 화성시,경기BIS
GGB233001432,장안6리.물구리,37.0523333,126.8564667,2025-10-31,36713.0,31240,경기도 화성시,경기BIS
GGB233001433,인제카센터,37.0367667,126.7656333,2025-10-31,36583.0,31240,경기도 화성시,경기BIS
GGB233001434,조암시장,37.0815333,126.8156167,2025-10-31,55077.0,31240,경기도 화성시,경기BIS
GGB233001435,화성시청,37.1978333,126.8284833,2025-10-31,36977.0,31240,경기도 화성시,경기BIS
GGB233001436,이주단지,37.2117667,127.0641167,2025-10-31,36961.0,31240,경기도 화성시,경기BIS
GGB233001437,개나리공원,37.21135,127.0677167,2025-10-31,37533.0,31240,경기도 화성시,경기BIS
GGB233001438,개나리공원,37.2117,127.06755,2025-10-31,36721.0,31240,경기도 화성시,경기BIS
GGB233001439,이주단지,37.2119,127.0653167,2025-10-31,36960.0,31240,경기도 화성시,경기BIS
GGB233001440,발안공단로4길교차로,37.0844333,126.89965,2025-10-31,37770.0,31240,경기도 화성시,경기BIS
GGB233001441,공청2,37.2276667,126.94505,2025-10-31,55739.0,31240,경기도 화성시,경기BIS
GGB233001442,송산교입구,37.2071833,127.02565,2025-10-31,36959.0,31240,경기도 화성시,경기BIS
GGB233001443,송산교차로,37.1067667,126.9877667,2025-10-31,36958.0,31240,경기도 화성시,경기BIS
GGB233001444,외골,37.154,126.9683,2025-10-31,36957.0,31240,경기도 화성시,경기BIS
GGB233001445,문학4리.마을회관앞,37.1513667,126.9718,2025-10-31,37530.0,31240,경기도 화성시,경기BIS
GGB233001446,요당리,37.0684167,126.93655,2025-10-31,60029.0,31240,경기도 화성시,경기BIS
GGB233001447,동탄국제고등학교,37.1890167,127.0794667,2025-10-31,36676.0,31240,경기도 화성시,경기BIS
GGB233001448,나루마을.월드반도,37.1908,127.0765167,2025-10-31,36678.0,31240,경기도 화성시,경기BIS
GGB233001449,쌍용예가,37.1935,127.0718,2025-10-31,36675.0,31240,경기도 화성시,경기BIS
GGB233001450,솔빛마을.화성동탄중앙도서관,37.1958167,127.0696333,2025-10-31,36680.0,31240,경기도 화성시,경기BIS
GGB233001451,반월2통,37.2194667,127.0573333,2025-10-31,36389.0,31240,경기도 화성시,경기BIS
GGB233001452,새강마을.화성동탄중앙도서관,37.1956667,127.0692,2025-10-31,37584.0,31240,경기도 화성시,경기BIS
GGB233001453,새강주공휴먼시아,37.1932333,127.0716167,2025-10-31,37585.0,31240,경기도 화성시,경기BIS
GGB233001454,탄요유적공원,37.1906167,127.0762333,2025-10-31,37586.0,31240,경기도 화성시,경기BIS
GGB233001455,동탄국제고등학교,37.1890667,127.0791833,2025-10-31,36677.0,31240,경기도 화성시,경기BIS
GGB233001456,아너스호텔,37.2201333,127.0584833,2025-10-31,36390.0,31240,경기도 화성시,경기BIS
GGB233001457,와우농협앞,37.218,126.9746333,2025-10-31,37529.0,31240,경기도 화성시,경기BIS
GGB233001458,힐스테이트봉담프라이드시티,37.2236333,126.9245667,2025-10-31,36596.0,31240,경기도 화성시,경기BIS
GGB233001459,힐스테이트봉담프라이드시티,37.2239,126.92495,2025-10-31,36597.0,31240,경기도 화성시,경기BIS
GGB233001460,사강3리,37.22685,126.7275333,2025-10-31,60074.0,31240,경기도 화성시,경기BIS
GGB233001461,쌍정리,37.2307167,126.7242333,2025-10-31,60075.0,31240,경기도 화성시,경기BIS
GGB233001462,쌍정2리.잿말,37.2329333,126.7274,2025-10-31,37609.0,31240,경기도 화성시,경기BIS
GGB233001463,쌍정2리.잿말,37.2338,126.7251833,2025-10-31,37608.0,31240,경기도 화성시,경기BIS
GGB233001467,쌍정2리,37.2344667,126.73005,2025-10-31,60076.0,31240,경기도 화성시,경기BIS
GGB233001468,봉담자이프라이드시티,37.2257667,126.9271167,2025-10-31,36598.0,31240,경기도 화성시,경기BIS
GGB233001469,용포1리,37.2294667,126.7581667,2025-10-31,37560.0,31240,경기도 화성시,경기BIS
GGB233001470,용포1리.당뫼,37.2311,126.7535833,2025-10-31,36744.0,31240,경기도 화성시,경기BIS
GGB233001471,용포1리.당뫼,37.2310333,126.7534333,2025-10-31,36743.0,31240,경기도 화성시,경기BIS
GGB233001472,용포2리,37.2317833,126.7480833,2025-10-31,37602.0,31240,경기도 화성시,경기BIS
GGB233001473,용포2리.영계,37.2322833,126.7414167,2025-10-31,36746.0,31240,경기도 화성시,경기BIS
GGB233001475,중송1리,37.2241833,126.7061,2025-10-31,37046.0,31240,경기도 화성시,경기BIS
GGB233001476,마산2리,37.2329333,126.6856667,2025-10-31,55863.0,31240,경기도 화성시,경기BIS
GGB233001477,고포2리,37.2367,126.6794667,2025-10-31,55864.0,31240,경기도 화성시,경기BIS
GGB233001478,고포1리,37.2408667,126.6672667,2025-10-31,55865.0,31240,경기도 화성시,경기BIS
GGB233001479,농협하나로마트,37.1289167,126.91065,2025-10-31,37381.0,31240,경기도 화성시,경기BIS
GGB233001480,수리재,37.1132667,126.9349667,2025-10-31,37559.0,31240,경기도 화성시,경기BIS
GGB233001482,육일리교차로,37.2033333,126.7244,2025-10-31,37557.0,31240,경기도 화성시,경기BIS
GGB233001483,육일리교차로,37.2037,126.7242833,2025-10-31,37556.0,31240,경기도 화성시,경기BIS
GGB233001484,노작마을,37.1949333,127.08025,2025-10-31,37555.0,31240,경기도 화성시,경기BIS
GGB233001485,월드반도.노작마을,37.1946333,127.0802667,2025-10-31,37554.0,31240,경기도 화성시,경기BIS
GGB233001486,노작마을.한화우림,37.1961833,127.0773333,2025-10-31,37616.0,31240,경기도 화성시,경기BIS
GGB233001487,노작마을.한화우림,37.19575,127.0774667,2025-10-31,37553.0,31240,경기도 화성시,경기BIS
GGB233001488,솔빛마을.신도브래뉴,37.1959667,127.076,2025-10-31,37615.0,31240,경기도 화성시,경기BIS
GGB233001490,중흥에듀파크정문,37.2330167,126.9457167,2025-10-31,55921.0,31240,경기도 화성시,경기BIS
GGB233001491,반도1차.모아아파트,37.2018833,127.1141,2025-10-31,37551.0,31240,경기도 화성시,경기BIS
GGB233001492,상록.경남아파트.이주택지,37.2068667,127.1105333,2025-10-31,37550.0,31240,경기도 화성시,경기BIS
GGB233001493,퍼스트파크.이지더원,37.2086833,127.1083,2025-10-31,37549.0,31240,경기도 화성시,경기BIS
GGB233001494,정남초등학교,37.1678167,126.9837667,2025-10-31,36239.0,31240,경기도 화성시,경기BIS
GGB233001495,계향2리,37.15225,126.9811,2025-10-31,37570.0,31240,경기도 화성시,경기BIS
GGB233001496,중흥에듀파크정문,37.2332,126.94585,2025-10-31,55922.0,31240,경기도 화성시,경기BIS
GGB233001497,증거리입구,37.1377333,126.9774167,2025-10-31,37336.0,31240,경기도 화성시,경기BIS
GGB233001498,증거리입구,37.1379333,126.9775167,2025-10-31,37337.0,31240,경기도 화성시,경기BIS
GGB233002550,분천교회.분천리,37.2089833,126.9587,2025-10-31,36143.0,31240,경기도 화성시,경기BIS
GGB233002551,분천교회,37.20925,126.9586333,2025-10-31,36139.0,31240,경기도 화성시,경기BIS
GGB233002552,협성대학교(마을),37.2156667,126.9524,2025-10-31,36130.0,31240,경기도 화성시,경기BIS
GGB233002553,장덕2리.현대자동차연구소,37.1702833,126.8119333,2025-10-31,36031.0,31240,경기도 화성시,경기BIS
GGB233002556,장짐교차로.축산농협,37.1355167,126.9110167,2025-10-31,37271.0,31240,경기도 화성시,경기BIS
GGB233002557,협성대(마을),37.2157333,126.9525,2025-10-31,36129.0,31240,경기도 화성시,경기BIS
GGB233002558,화성미디어센터,37.2024167,127.07355,2025-10-31,55313.0,31240,경기도 화성시,경기BIS
GGB233002559,한림대성심병원,37.2173,127.0806333,2025-10-31,0.0,31240,경기도 화성시,경기BIS
GGB233002560,주공6단지.리체더포레스트,37.2119833,127.0507167,2025-10-31,55638.0,31240,경기도 화성시,경기BIS
GGB233002561,봉담2LH3단지.중흥더센트럴,37.2250667,126.9508333,2025-10-31,55669.0,31240,경기도 화성시,경기BIS
GGB233002562,하저교회앞,37.1849667,126.8669167,2025-10-31,60042.0,31240,경기도 화성시,경기BIS
GGB233002563,중심상가,37.2148667,127.0446,2025-10-31,36164.0,31240,경기도 화성시,경기BIS
GGB233002564,구장1리,37.1545,126.8950833,2025-10-31,36806.0,31240,경기도 화성시,경기BIS
GGB233002565,라마다호텔,37.2058,127.0748333,2025-10-31,37700.0,31240,경기도 화성시,경기BIS
GGB233002566,동화휴먼시아5단지,37.2150167,126.9634667,2025-10-31,55449.0,31240,경기도 화성시,경기BIS
GGB233002567,삼부실,37.2339833,126.8222333,2025-10-31,36365.0,31240,경기도 화성시,경기BIS
GGB233002568,수화2리.양철이,37.2481333,126.8181667,2025-10-31,36517.0,31240,경기도 화성시,경기BIS
GGB233002569,수화1리,37.2533833,126.8163167,2025-10-31,36521.0,31240,경기도 화성시,경기BIS
GGB233002570,장전리,37.2633333,126.8169333,2025-10-31,36525.0,31240,경기도 화성시,경기BIS
GGB233002571,신외2리.가래울,37.2733833,126.81165,2025-10-31,36531.0,31240,경기도 화성시,경기BIS
GGB233002572,신외2리.가래울,37.2735333,126.8116833,2025-10-31,36530.0,31240,경기도 화성시,경기BIS
GGB233002573,정원채고가,37.2233167,126.8236833,2025-10-31,0.0,31240,경기도 화성시,경기BIS
GGB233002574,송림2리.잔다리,37.2198,126.8141667,2025-10-31,36558.0,31240,경기도 화성시,경기BIS
GGB233002575,원천교회,37.2279167,126.8086833,2025-10-31,36556.0,31240,경기도 화성시,경기BIS
GGB233002576,원천리,37.2303667,126.8051167,2025-10-31,36554.0,31240,경기도 화성시,경기BIS
GGB233002577,시1리,37.2375333,126.8031833,2025-10-31,36550.0,31240,경기도 화성시,경기BIS
GGB233002578,문호2리,37.2532667,126.79805,2025-10-31,36542.0,31240,경기도 화성시,경기BIS
GGB233002579,문호리,37.2599333,126.8018167,2025-10-31,36540.0,31240,경기도 화성시,경기BIS
GGB233002580,삼존2리입구,37.21385,126.7482333,2025-10-31,0.0,31240,경기도 화성시,경기BIS
GGB233002581,신외리,37.2687,126.8131333,2025-10-31,36534.0,31240,경기도 화성시,경기BIS
GGB233002582,신외리,37.2685833,126.81315,2025-10-31,36535.0,31240,경기도 화성시,경기BIS
GGB233002583,문호1리.당너머마을,37.26465,126.8067667,2025-10-31,36536.0,31240,경기도 화성시,경기BIS
GGB233002584,서연초,37.1594667,127.1161,2025-10-31,55939.0,31240,경기도 화성시,경기BIS
GGB233002585,문호리,37.2598667,126.8019333,2025-10-31,36541.0,31240,경기도 화성시,경기BIS
GGB233002586,문호2리,37.2533167,126.7982667,2025-10-31,36543.0,31240,경기도 화성시,경기BIS
GGB233002587,문호2리입구,37.2463833,126.8010333,2025-10-31,36545.0,31240,경기도 화성시,경기BIS
GGB233002588,가시리마을,37.2404833,126.8027167,2025-10-31,36549.0,31240,경기도 화성시,경기BIS
GGB233002589,시1리,37.2372167,126.8034833,2025-10-31,36551.0,31240,경기도 화성시,경기BIS
GGB233002590,원천리,37.2299667,126.80575,2025-10-31,36555.0,31240,경기도 화성시,경기BIS
GGB233002591,원천교회,37.2278167,126.8089,2025-10-31,36557.0,31240,경기도 화성시,경기BIS
GGB233002592,천등1리.등굴,37.23315,126.7069167,2025-10-31,60004.0,31240,경기도 화성시,경기BIS
GGB233002593,천등3리.새말,37.2413833,126.70195,2025-10-31,60006.0,31240,경기도 화성시,경기BIS
GGB233002594,독지리종점,37.2531167,126.6923667,2025-10-31,60062.0,31240,경기도 화성시,경기BIS
GGB233002595,독지1리.돌내입구,37.24615,126.6992667,2025-10-31,60060.0,31240,경기도 화성시,경기BIS
GGB233002596,금당1리마을회관,37.1918,126.74245,2025-10-31,55456.0,31240,경기도 화성시,경기BIS
GGB233002597,해문2리마을회관,37.19775,126.7465,2025-10-31,0.0,31240,경기도 화성시,경기BIS
GGB233002598,금당1리마을회관,37.1917667,126.7425333,2025-10-31,0.0,31240,경기도 화성시,경기BIS
GGB233002600,송정1리,37.22375,126.79545,2025-10-31,0.0,31240,경기도 화성시,경기BIS
GGB233002601,궁평유원지종점,37.1267833,126.6842333,2025-10-31,0.0,31240,경기도 화성시,경기BIS
GGB233002602,흥법리마을회관,37.16495,126.7340333,2025-10-31,0.0,31240,경기도 화성시,경기BIS
GGB233002603,흥법리모래지,37.1665833,126.7399667,2025-10-31,0.0,31240,경기도 화성시,경기BIS
GGB233002604,고모2리,37.1727333,126.7465,2025-10-31,0.0,31240,경기도 화성시,경기BIS
GGB233002605,사곳리마을회관,37.1561167,126.7245833,2025-10-31,60009.0,31240,경기도 화성시,경기BIS
GGB233002606,용두1리.왕모대입구,37.1483,126.7115333,2025-10-31,0.0,31240,경기도 화성시,경기BIS
GGB233002607,용두1리,37.14415,126.7082333,2025-10-31,0.0,31240,경기도 화성시,경기BIS
GGB233002608,삼밭골,37.1667,126.7211667,2025-10-31,0.0,31240,경기도 화성시,경기BIS
GGB233002609,삼밭골,37.1665833,126.7211,2025-10-31,0.0,31240,경기도 화성시,경기BIS
GGB233002610,어은1정미소앞,37.0929667,126.8310833,2025-10-31,36835.0,31240,경기도 화성시,경기BIS
GGB233002611,금의1리,37.1002,126.8391167,2025-10-31,36848.0,31240,경기도 화성시,경기BIS
GGB233002612,수촌3리,37.1033333,126.8506333,2025-10-31,36846.0,31240,경기도 화성시,경기BIS
GGB233002613,노하1리,37.1573333,126.86735,2025-10-31,36854.0,31240,경기도 화성시,경기BIS
GGB233002614,노하1리,37.1572,126.8672333,2025-10-31,36853.0,31240,경기도 화성시,경기BIS
GGB233002615,노하2리,37.1576833,126.8620333,2025-10-31,36852.0,31240,경기도 화성시,경기BIS
GGB233002616,노하3리,37.1587667,126.8548833,2025-10-31,36851.0,31240,경기도 화성시,경기BIS
GGB233002617,노하3리.백미정,37.1569833,126.8521167,2025-10-31,36850.0,31240,경기도 화성시,경기BIS
GGB233002618,구장1리,37.1546167,126.8951333,2025-10-31,36931.0,31240,경기도 화성시,경기BIS
GGB233002619,노하2리,37.1577,126.8621667,2025-10-31,36930.0,31240,경기도 화성시,경기BIS
GGB233002620,정미소앞,37.1592,126.8597,2025-10-31,36929.0,31240,경기도 화성시,경기BIS
GGB233002621,청광플러스원아파트,37.1965333,126.98555,2025-10-31,55454.0,31240,경기도 화성시,경기BIS
GGB233002622,청원3리입구,37.1809,126.7563333,2025-10-31,36972.0,31240,경기도 화성시,경기BIS
GGB233002623,하저리마을회관,37.1896833,126.8713333,2025-10-31,36971.0,31240,경기도 화성시,경기BIS
GGB233002624,공청2,37.2278667,126.945,2025-10-31,55738.0,31240,경기도 화성시,경기BIS
GGB233002625,조암농협,37.082,126.8174667,2025-10-31,55396.0,31240,경기도 화성시,경기BIS
GGB233002626,율암1리,37.1547,126.8872833,2025-10-31,37402.0,31240,경기도 화성시,경기BIS
GGB233002627,금당1리.소곡,37.1896,126.7423167,2025-10-31,0.0,31240,경기도 화성시,경기BIS
GGB233002628,청원3리입구,37.1801833,126.7560833,2025-10-31,0.0,31240,경기도 화성시,경기BIS
GGB233002629,용두리,37.1488833,126.7118,2025-10-31,0.0,31240,경기도 화성시,경기BIS
GGB233002630,어은1리,37.0955667,126.8342833,2025-10-31,37396.0,31240,경기도 화성시,경기BIS
GGB233002631,향남제약공단입구,37.0966167,126.9061667,2025-10-31,55075.0,31240,경기도 화성시,경기BIS
GGB233001499,향남교회,37.1233833,126.9473333,2025-10-31,36741.0,31240,경기도 화성시,경기BIS
GGB233001500,향남교회,37.12335,126.9473833,2025-10-31,36740.0,31240,경기도 화성시,경기BIS
GGB233001501,한각1리,37.0955833,126.7975667,2025-10-31,37395.0,31240,경기도 화성시,경기BIS
GGB233001502,멱우3리,37.0933667,126.8081333,2025-10-31,36572.0,31240,경기도 화성시,경기BIS
GGB233001503,남양아이파크,37.20625,126.8337333,2025-10-31,36738.0,31240,경기도 화성시,경기BIS
GGB233001504,포스코2차.신미주아파트,37.1894167,127.0904,2025-10-31,36737.0,31240,경기도 화성시,경기BIS
GGB233001505,동탄2LH4단지,37.2055833,127.1227833,2025-10-31,37583.0,31240,경기도 화성시,경기BIS
GGB233001506,포레너스아파트,37.2051667,127.1161833,2025-10-31,37582.0,31240,경기도 화성시,경기BIS
GGB233001507,원안2리,37.1004333,126.7863833,2025-10-31,37404.0,31240,경기도 화성시,경기BIS
GGB233001508,고주리마을회관,37.1274167,126.88515,2025-10-31,37426.0,31240,경기도 화성시,경기BIS
GGB233001509,고주리마을회관,37.1273333,126.8851167,2025-10-31,37425.0,31240,경기도 화성시,경기BIS
GGB233001510,고주리,37.1288333,126.8838333,2025-10-31,36736.0,31240,경기도 화성시,경기BIS
GGB233001511,고주리,37.1288667,126.88375,2025-10-31,36735.0,31240,경기도 화성시,경기BIS
GGB233001512,고주리진입로,37.1217333,126.8924,2025-10-31,37601.0,31240,경기도 화성시,경기BIS
GGB233001513,석포삼거리,37.1345333,126.8409333,2025-10-31,37424.0,31240,경기도 화성시,경기BIS
GGB233001514,석포1리입구,37.1344667,126.8412,2025-10-31,37423.0,31240,경기도 화성시,경기BIS
GGB233001515,석포1리.한절,37.1428333,126.8258667,2025-10-31,37421.0,31240,경기도 화성시,경기BIS
GGB233001516,석포1리.돌서지,37.1430333,126.83135,2025-10-31,37422.0,31240,경기도 화성시,경기BIS
GGB233001517,석포6리입구,37.1392833,126.8181167,2025-10-31,37420.0,31240,경기도 화성시,경기BIS
GGB233001518,석포6리,37.1366667,126.8222,2025-10-31,37418.0,31240,경기도 화성시,경기BIS
GGB233001519,석포교회,37.1347333,126.8240333,2025-10-31,37417.0,31240,경기도 화성시,경기BIS
GGB233001520,석포6리입구,37.1339667,126.83325,2025-10-31,37416.0,31240,경기도 화성시,경기BIS
GGB233001521,주곡1리마을회관,37.1258833,126.8170667,2025-10-31,37415.0,31240,경기도 화성시,경기BIS
GGB233001522,주곡2리입구,37.1103833,126.80385,2025-10-31,37414.0,31240,경기도 화성시,경기BIS
GGB233001523,고주리.동방산업단지,37.1363667,126.88795,2025-10-31,37413.0,31240,경기도 화성시,경기BIS
GGB233001524,덕천리삼거리,37.1426,126.87115,2025-10-31,55846.0,31240,경기도 화성시,경기BIS
GGB233001525,덕우리.구운말,37.1386667,126.8630167,2025-10-31,55008.0,31240,경기도 화성시,경기BIS
GGB233001526,팔탄전자앞,37.1293667,126.86115,2025-10-31,55273.0,31240,경기도 화성시,경기BIS
GGB233001527,화성제일병원,37.1278333,126.86015,2025-10-31,55274.0,31240,경기도 화성시,경기BIS
GGB233001528,덕우리입구,37.1256,126.8594833,2025-10-31,55354.0,31240,경기도 화성시,경기BIS
GGB233001529,상신8리,37.10395,126.9011167,2025-10-31,37407.0,31240,경기도 화성시,경기BIS
GGB233001530,화성상신도시숲,37.10125,126.9014667,2025-10-31,37406.0,31240,경기도 화성시,경기BIS
GGB233001531,제약공단후문.구문천1리입구,37.0902,126.9103667,2025-10-31,37405.0,31240,경기도 화성시,경기BIS
GGB233001532,에코센터입구,37.1501333,126.9387167,2025-10-31,55923.0,31240,경기도 화성시,경기BIS
GGB233001533,발안산업단지,37.0864,126.8998667,2025-10-31,37461.0,31240,경기도 화성시,경기BIS
GGB233001534,발안산업단지,37.0861667,126.8998833,2025-10-31,37460.0,31240,경기도 화성시,경기BIS
GGB233001535,구문천1리진입로,37.0809667,126.8998,2025-10-31,37459.0,31240,경기도 화성시,경기BIS
GGB233001536,구문천1리진입로,37.0808167,126.8996667,2025-10-31,37458.0,31240,경기도 화성시,경기BIS
GGB233001537,구문천삼거리,37.07605,126.8959833,2025-10-31,36734.0,31240,경기도 화성시,경기BIS
GGB233001538,구문천삼거리,37.076,126.89605,2025-10-31,36733.0,31240,경기도 화성시,경기BIS
GGB233001539,구문천리초록마을,37.0715,126.8926333,2025-10-31,36732.0,31240,경기도 화성시,경기BIS
GGB233001540,구문천리초록마을,37.0714833,126.8928333,2025-10-31,36731.0,31240,경기도 화성시,경기BIS
GGB233001541,구문천3리,37.07,126.8910333,2025-10-31,37457.0,31240,경기도 화성시,경기BIS
GGB233001542,서해스카이팰리스1단지.서영더엘3차,37.2036667,127.03175,2025-10-31,36599.0,31240,경기도 화성시,경기BIS
GGB233001543,유포2리,37.2596833,126.8437,2025-10-31,37611.0,31240,경기도 화성시,경기BIS
GGB233001546,용수리,37.1688167,127.0000167,2025-10-31,36569.0,31240,경기도 화성시,경기BIS
GGB233001547,상신하길로주택,37.1061667,126.9027,2025-10-31,55478.0,31240,경기도 화성시,경기BIS
GGB233001548,상신하길로주택,37.1059667,126.9028667,2025-10-31,55479.0,31240,경기도 화성시,경기BIS
GGB233001549,대양초등학교,37.19895,126.8209667,2025-10-31,36696.0,31240,경기도 화성시,경기BIS
GGB233001550,고주리입구.한국폴리텍대학,37.1218,126.8925,2025-10-31,36695.0,31240,경기도 화성시,경기BIS
GGB233001551,방교동일반산업단지,37.17265,127.0892167,2025-10-31,36694.0,31240,경기도 화성시,경기BIS
GGB233001552,저수지앞,37.0943333,126.80255,2025-10-31,36692.0,31240,경기도 화성시,경기BIS
GGB233001553,화수사거리,37.10985,126.8016167,2025-10-31,36699.0,31240,경기도 화성시,경기BIS
GGB233001554,화산삼거리,37.063,126.7931833,2025-10-31,36701.0,31240,경기도 화성시,경기BIS
GGB233001555,한국폴리텍대학,37.1219,126.8927167,2025-10-31,37224.0,31240,경기도 화성시,경기BIS
GGB233001556,병점행복주택,37.2030333,127.0306167,2025-10-31,36602.0,31240,경기도 화성시,경기BIS
GGB233001557,구장리새터말입구,37.1535167,126.8992,2025-10-31,37241.0,31240,경기도 화성시,경기BIS
GGB233001558,장짐교차로,37.1359167,126.91095,2025-10-31,37270.0,31240,경기도 화성시,경기BIS
GGB233001559,반월리,37.2335667,127.0649167,2025-10-31,55228.0,31240,경기도 화성시,경기BIS
GGB233001561,광평리,37.1729833,126.69745,2025-10-31,37032.0,31240,경기도 화성시,경기BIS
GGB233001562,한빛마을(중),37.2076667,127.06905,2025-10-31,36668.0,31240,경기도 화성시,경기BIS
GGB233001563,경신,37.11525,126.8131167,2025-10-31,37627.0,31240,경기도 화성시,경기BIS
GGB233001564,제암리입구,37.1268333,126.8885667,2025-10-31,37626.0,31240,경기도 화성시,경기BIS
GGB233001565,발안사거리.평리,37.1317167,126.9105333,2025-10-31,37625.0,31240,경기도 화성시,경기BIS
GGB233001566,조암조원마을,37.0850833,126.8157833,2025-10-31,36700.0,31240,경기도 화성시,경기BIS
GGB233001567,에일린의뜰아파트,37.1901167,127.0860333,2025-10-31,55446.0,31240,경기도 화성시,경기BIS
GGB233001568,베라체아파트,37.1905,127.12285,2025-10-31,36693.0,31240,경기도 화성시,경기BIS
GGB233001569,경신,37.1152667,126.8133,2025-10-31,37622.0,31240,경기도 화성시,경기BIS
GGB233001570,제암리입구,37.12685,126.8886667,2025-10-31,37623.0,31240,경기도 화성시,경기BIS
GGB233001571,고주리.동방산업단지,37.1359333,126.88765,2025-10-31,37624.0,31240,경기도 화성시,경기BIS
GGB233001572,서희스타힐스.단독주택,37.1732333,127.1195667,2025-10-31,55488.0,31240,경기도 화성시,경기BIS
GGB233001573,반월2통,37.2211833,127.0599833,2025-10-31,37722.0,31240,경기도 화성시,경기BIS
GGB233001574,수영리검사소,37.2324833,126.9684667,2025-10-31,37638.0,31240,경기도 화성시,경기BIS
GGB233001575,백1리,37.16645,126.9578667,2025-10-31,36138.0,31240,경기도 화성시,경기BIS
GGB233001576,문학1리,37.1528667,126.9637333,2025-10-31,36149.0,31240,경기도 화성시,경기BIS
GGB233001578,덕신상가,37.1592167,126.9823167,2025-10-31,36227.0,31240,경기도 화성시,경기BIS
GGB233001579,덕신상가,37.1591667,126.98215,2025-10-31,36226.0,31240,경기도 화성시,경기BIS
GGB233001580,문학리,37.15525,126.9661,2025-10-31,36703.0,31240,경기도 화성시,경기BIS
GGB233002632,수촌1리,37.1029,126.8571667,2025-10-31,37456.0,31240,경기도 화성시,경기BIS
GGB233002633,정미소앞,37.1591667,126.8595167,2025-10-31,37446.0,31240,경기도 화성시,경기BIS
GGB233002634,바이오단지입구,37.1721,126.7739,2025-10-31,37668.0,31240,경기도 화성시,경기BIS
GGB233002635,요당2리,37.0658333,126.9146833,2025-10-31,37961.0,31240,경기도 화성시,경기BIS
GGB233002636,고정2리.고잔,37.2481333,126.7461167,2025-10-31,0.0,31240,경기도 화성시,경기BIS
GGB233002638,신동아파밀리에,37.2204333,126.95635,2025-10-31,37480.0,31240,경기도 화성시,경기BIS
GGB233002639,향남부영11단지,37.1088333,126.9163,2025-10-31,55778.0,31240,경기도 화성시,경기BIS
GGB233002641,율암1리,37.1549,126.88755,2025-10-31,37520.0,31240,경기도 화성시,경기BIS
GGB233002642,노하3리,37.1587333,126.8546833,2025-10-31,37519.0,31240,경기도 화성시,경기BIS
GGB233002643,노하3리.백미정,37.1569,126.8517667,2025-10-31,37547.0,31240,경기도 화성시,경기BIS
GGB233002644,율암3리.밤듸,37.1719333,126.8763333,2025-10-31,37532.0,31240,경기도 화성시,경기BIS
GGB233002645,청원산단로,37.1737167,126.7792833,2025-10-31,37531.0,31240,경기도 화성시,경기BIS
GGB233002646,야목역,37.2617333,126.88445,2025-10-31,37561.0,31240,경기도 화성시,경기BIS
GGB233002647,메타폴리스(시외.공항버스),37.2025167,127.06705,2025-10-31,37588.0,31240,경기도 화성시,경기BIS
GGB233002648,사곳리.개내기,37.15265,126.7177333,2025-10-31,37577.0,31240,경기도 화성시,경기BIS
GGB233002649,대창그린아파트,37.2056167,127.0388333,2025-10-31,37657.0,31240,경기도 화성시,경기BIS
GGB233002650,석포6리입구,37.1395,126.8181667,2025-10-31,55078.0,31240,경기도 화성시,경기BIS
GGB233002651,사창2리.요골,37.1074167,126.9712333,2025-10-31,37618.0,31240,경기도 화성시,경기BIS
GGB233002652,하늘가장례식장,37.1328333,126.9431833,2025-10-31,37617.0,31240,경기도 화성시,경기BIS
GGB233002653,나루고등학교,37.1868667,127.0729,2025-10-31,55272.0,31240,경기도 화성시,경기BIS
GGB233002655,홍법리,37.16135,126.7301667,2025-10-31,37635.0,31240,경기도 화성시,경기BIS
GGB233002656,홍법리,37.1613,126.7300667,2025-10-31,37778.0,31240,경기도 화성시,경기BIS
GGB233002657,중흥더센트럴.봉담2LH3단지,37.2251667,126.9505667,2025-10-31,55668.0,31240,경기도 화성시,경기BIS
GGB233002658,각골,37.1643333,126.7242333,2025-10-31,37824.0,31240,경기도 화성시,경기BIS
GGB233002659,다은마을(시외.공항버스),37.1991833,127.0679333,2025-10-31,55099.0,31240,경기도 화성시,경기BIS
GGB233002660,봉담도서관.봉담읍행정복지센터,37.2195333,126.9493667,2025-10-31,37865.0,31240,경기도 화성시,경기BIS
GGB233002661,요당3리,37.0714167,126.9134333,2025-10-31,37867.0,31240,경기도 화성시,경기BIS
GGB233002662,마을안삼거리,37.0753833,126.90935,2025-10-31,37868.0,31240,경기도 화성시,경기BIS
GGB233002663,각골,37.1642333,126.7242167,2025-10-31,37931.0,31240,경기도 화성시,경기BIS
GGB233002664,창덕1통.잡재기,37.1684667,126.80045,2025-10-31,37948.0,31240,경기도 화성시,경기BIS
GGB233002666,발안천교,37.1321833,126.90465,2025-10-31,36624.0,31240,경기도 화성시,경기BIS
GGB233002667,신영통현대아파트1단지,37.2338,127.0607333,2025-10-31,55627.0,31240,경기도 화성시,경기BIS
GGB233002668,신영통현대아파트1단지,37.2338,127.06095,2025-10-31,55628.0,31240,경기도 화성시,경기BIS
GGB233002669,반월동행정복지센터,37.2327667,127.0607167,2025-10-31,55629.0,31240,경기도 화성시,경기BIS
GGB233002670,복지회관,37.2327833,127.06095,2025-10-31,55630.0,31240,경기도 화성시,경기BIS
GGB233002671,화담중학교,37.2316833,126.9420667,2025-10-31,55760.0,31240,경기도 화성시,경기BIS
GGB233002672,현대타운4단지정문,37.23295,127.06255,2025-10-31,0.0,31240,경기도 화성시,경기BIS
GGB233002673,동탄복합문화센터,37.2003667,127.0740833,2025-10-31,55724.0,31240,경기도 화성시,경기BIS
GGB233002674,화성미디어센터,37.20275,127.0739333,2025-10-31,55725.0,31240,경기도 화성시,경기BIS
GGB233002676,주공11단지후문,37.2164167,127.0436667,2025-10-31,37373.0,31240,경기도 화성시,경기BIS
GGB233002677,월드메르디앙,37.215,127.0356167,2025-10-31,55631.0,31240,경기도 화성시,경기BIS
GGB233002678,월드메르디앙,37.2151667,127.03575,2025-10-31,55632.0,31240,경기도 화성시,경기BIS
GGB233002679,화남아파트,37.2130167,127.0373833,2025-10-31,55604.0,31240,경기도 화성시,경기BIS
GGB233002680,SK뷰파크3차,37.2216333,127.0508667,2025-10-31,55718.0,31240,경기도 화성시,경기BIS
GGB233002681,라마다호텔(공항버스),37.2057167,127.0751833,2025-10-31,55719.0,31240,경기도 화성시,경기BIS
GGB233002682,SK뷰파크3차,37.2212667,127.0515333,2025-10-31,55720.0,31240,경기도 화성시,경기BIS
GGB233002683,농업기술센터,37.0770667,126.8723167,2025-10-31,37613.0,31240,경기도 화성시,경기BIS
GGB233002684,야목역,37.262,126.8841833,2025-10-31,37614.0,31240,경기도 화성시,경기BIS
GGB233002685,봉담초사거리,37.2243667,126.9482667,2025-10-31,55736.0,31240,경기도 화성시,경기BIS
GGB233002686,주공1단지,37.2064,127.0403167,2025-10-31,36353.0,31240,경기도 화성시,경기BIS
GGB233002687,주공1단지,37.20625,127.0403333,2025-10-31,36623.0,31240,경기도 화성시,경기BIS
GGB233002688,대창그린아파트,37.2057667,127.0388667,2025-10-31,36352.0,31240,경기도 화성시,경기BIS
GGB233002689,화성보건소,37.2047,127.03485,2025-10-31,55397.0,31240,경기도 화성시,경기BIS
GGB233002690,성호아파트후문,37.2004167,127.0448833,2025-10-31,55746.0,31240,경기도 화성시,경기BIS
GGB233002691,발안천교,37.1320333,126.9047833,2025-10-31,36625.0,31240,경기도 화성시,경기BIS
GGB233002692,화성고교차로,37.137,126.9063667,2025-10-31,36626.0,31240,경기도 화성시,경기BIS
GGB233002693,화성고교차로,37.1370833,126.9060833,2025-10-31,36627.0,31240,경기도 화성시,경기BIS
GGB233002694,발안1리경로당,37.1311333,126.90635,2025-10-31,36628.0,31240,경기도 화성시,경기BIS
GGB233002695,발안1리경로당,37.1310333,126.9062333,2025-10-31,36629.0,31240,경기도 화성시,경기BIS
GGB233002696,상두1리.뒷말,37.10985,126.9521,2025-10-31,36630.0,31240,경기도 화성시,경기BIS
GGB233002697,상두1리.뒷말,37.11,126.9520333,2025-10-31,36631.0,31240,경기도 화성시,경기BIS
GGB233002698,도이2리마을입구,37.13905,126.9412167,2025-10-31,36632.0,31240,경기도 화성시,경기BIS
GGB233002699,문호1리.당너머마을,37.2647667,126.8070667,2025-10-31,36537.0,31240,경기도 화성시,경기BIS
GGB233002700,문호2리입구,37.2485167,126.7987667,2025-10-31,36544.0,31240,경기도 화성시,경기BIS
GGB233002701,송림2리.잔다리,37.2197167,126.8143667,2025-10-31,36559.0,31240,경기도 화성시,경기BIS
GGB233002702,원천리입구,37.2144333,126.8157,2025-10-31,36560.0,31240,경기도 화성시,경기BIS
GGB233002703,원천리입구,37.2142667,126.8157833,2025-10-31,36561.0,31240,경기도 화성시,경기BIS
GGB233002704,남양도서관.동광뷰엘,37.21055,126.8256,2025-10-31,55639.0,31240,경기도 화성시,경기BIS
GGB233002705,남양도서관.동광뷰엘,37.2109,126.8256333,2025-10-31,55640.0,31240,경기도 화성시,경기BIS
GGB233002706,현대아이파크,37.2063167,126.8318,2025-10-31,55679.0,31240,경기도 화성시,경기BIS
GGB233002707,우림필유,37.2081667,126.8314,2025-10-31,55680.0,31240,경기도 화성시,경기BIS
GGB233002708,화성의과학대학교,37.2032667,126.8396167,2025-10-31,55681.0,31240,경기도 화성시,경기BIS
GGB233002709,대광2차아파트,37.19735,126.8185667,2025-10-31,36190.0,31240,경기도 화성시,경기BIS
GGB233002710,동화휴먼시아1단지.새말입구,37.21875,126.9584167,2025-10-31,55450.0,31240,경기도 화성시,경기BIS
GGB233002711,동철전자,37.2307833,126.9845,2025-10-31,0.0,31240,경기도 화성시,경기BIS
GGB233002712,동철전자,37.2309333,126.9845,2025-10-31,0.0,31240,경기도 화성시,경기BIS
GGB233002713,기안말앞,37.2295,126.9881167,2025-10-31,0.0,31240,경기도 화성시,경기BIS
GGB233002714,기안말앞,37.2293333,126.9882333,2025-10-31,0.0,31240,경기도 화성시,경기BIS
GGB233002715,기안교차로,37.2272,126.98695,2025-10-31,55821.0,31240,경기도 화성시,경기BIS
GGB233002716,기안1통입구,37.2257,126.9859167,2025-10-31,37353.0,31240,경기도 화성시,경기BIS
GGB233002717,배양2리,37.2268333,126.9920667,2025-10-31,55455.0,31240,경기도 화성시,경기BIS
GGB233002718,신미주아파트후문,37.22275,126.9851333,2025-10-31,55633.0,31240,경기도 화성시,경기BIS
GGB233002719,신미주아파트후문,37.22265,126.9853667,2025-10-31,55634.0,31240,경기도 화성시,경기BIS
GGB233002720,신미주아파트남문.예일유치원,37.2200333,126.9874,2025-10-31,55635.0,31240,경기도 화성시,경기BIS
GGB233002721,신미주아파트남문.예일유치원,37.2203833,126.9870667,2025-10-31,55636.0,31240,경기도 화성시,경기BIS
GGB233002722,신미주아파트,37.2199833,126.9893,2025-10-31,0.0,31240,경기도 화성시,경기BIS
GGB233002723,배양초등학교,37.21885,126.9877667,2025-10-31,55794.0,31240,경기도 화성시,경기BIS
GGB233002724,배양초등학교,37.2187167,126.9879167,2025-10-31,55795.0,31240,경기도 화성시,경기BIS
GGB233002725,기배동행정복지센터,37.2241667,126.9832,2025-10-31,37143.0,31240,경기도 화성시,경기BIS
GGB233002726,기배동행정복지센터,37.224,126.98315,2025-10-31,37067.0,31240,경기도 화성시,경기BIS
GGB233002727,보보스프라자,37.2225333,126.97455,2025-10-31,36003.0,31240,경기도 화성시,경기BIS
GGB233002728,보보스프라자,37.22225,126.9743833,2025-10-31,36004.0,31240,경기도 화성시,경기BIS
GGB233002729,기안중학교,37.2245667,126.9767333,2025-10-31,36005.0,31240,경기도 화성시,경기BIS
GGB233002730,기안중학교,37.2246833,126.9765667,2025-10-31,36006.0,31240,경기도 화성시,경기BIS
GGB233002731,기안성당,37.2242667,126.97815,2025-10-31,0.0,31240,경기도 화성시,경기BIS
GGB233002732,기안성당,37.2243,126.9783,2025-10-31,0.0,31240,경기도 화성시,경기BIS
GGB233002733,신일해피트리후문,37.22265,126.9789833,2025-10-31,0.0,31240,경기도 화성시,경기BIS
GGB233002734,신일해피트리후문,37.22255,126.97905,2025-10-31,0.0,31240,경기도 화성시,경기BIS
GGB233002735,기안2통.우방메가시티아파트,37.22095,126.9780333,2025-10-31,37886.0,31240,경기도 화성시,경기BIS
GGB233002736,기안2통.우방메가시티아파트,37.2208333,126.9781333,2025-10-31,37000.0,31240,경기도 화성시,경기BIS
GGB233002737,와우사거리,37.2190167,126.9733333,2025-10-31,37145.0,31240,경기도 화성시,경기BIS
GGB233002738,와우사거리,37.2189167,126.9735167,2025-10-31,37146.0,31240,경기도 화성시,경기BIS
GGB233002739,동보아파트,37.2121667,126.9717667,2025-10-31,55772.0,31240,경기도 화성시,경기BIS
GGB233002740,동보아파트,37.2120333,126.9718833,2025-10-31,55769.0,31240,경기도 화성시,경기BIS
GGB233002741,쌍용아파트,37.2121,126.9698333,2025-10-31,55440.0,31240,경기도 화성시,경기BIS
GGB233002742,쌍용아파트,37.21185,126.9705333,2025-10-31,55771.0,31240,경기도 화성시,경기BIS
GGB233002743,봉담푸르지오.아이파크,37.21305,126.9691833,2025-10-31,55443.0,31240,경기도 화성시,경기BIS
GGB233002744,봉담푸르지오.아이파크,37.2135667,126.9694,2025-10-31,55441.0,31240,경기도 화성시,경기BIS
GGB233002745,임광3차정문,37.216,126.9701667,2025-10-31,37149.0,31240,경기도 화성시,경기BIS
GGB233002746,임광3차정문,37.2163,126.9705667,2025-10-31,0.0,31240,경기도 화성시,경기BIS
GGB233002747,임광3차중문,37.2162833,126.9720333,2025-10-31,37150.0,31240,경기도 화성시,경기BIS
GGB233002748,임광3차중문,37.21635,126.9720833,2025-10-31,0.0,31240,경기도 화성시,경기BIS
GGB233002749,임광1.2단지,37.21485,126.9737,2025-10-31,37163.0,31240,경기도 화성시,경기BIS
GGB233002750,임광1.2단지,37.2148,126.9738167,2025-10-31,0.0,31240,경기도 화성시,경기BIS
GGB233002751,임광1.2차아파트,37.2148333,126.97445,2025-10-31,0.0,31240,경기도 화성시,경기BIS
GGB233002752,임광1.2차아파트,37.2148,126.9743167,2025-10-31,0.0,31240,경기도 화성시,경기BIS
GGB233002753,신명아파트앞,37.2131167,126.9739,2025-10-31,55358.0,31240,경기도 화성시,경기BIS
GGB233002754,영풍아파트입구,37.21305,126.9741167,2025-10-31,55773.0,31240,경기도 화성시,경기BIS
GGB233002755,호수마을,37.1980833,126.9764,2025-10-31,0.0,31240,경기도 화성시,경기BIS
GGB233002756,우방아파트입구,37.2016167,127.0070833,2025-10-31,55571.0,31240,경기도 화성시,경기BIS
GGB233002757,장안대후문,37.21635,126.9463,2025-10-31,55641.0,31240,경기도 화성시,경기BIS
GGB233002759,쌍용아파트,37.2417667,126.952,2025-10-31,37050.0,31240,경기도 화성시,경기BIS
GGB233002760,송라2리마을회관,37.2844167,126.90715,2025-10-31,0.0,31240,경기도 화성시,경기BIS
GGB233002761,야목1리,37.2549333,126.8972833,2025-10-31,37180.0,31240,경기도 화성시,경기BIS
GGB233002762,야목4리마을회관,37.2690333,126.8680833,2025-10-31,0.0,31240,경기도 화성시,경기BIS
GGB233002763,야목4리마을회관,37.2690667,126.8681833,2025-10-31,0.0,31240,경기도 화성시,경기BIS
GGB233002764,야목4리.빈정,37.2686333,126.8664,2025-10-31,37187.0,31240,경기도 화성시,경기BIS
GGB233002765,기천편의점,37.1720167,126.9019333,2025-10-31,55876.0,31240,경기도 화성시,경기BIS
GGB233002766,기천편의점,37.1719667,126.90215,2025-10-31,55877.0,31240,경기도 화성시,경기BIS
GGB233002767,기천1리입구,37.17715,126.9074667,2025-10-31,55880.0,31240,경기도 화성시,경기BIS
GGB233002768,전원마을,37.1839833,126.9072167,2025-10-31,55702.0,31240,경기도 화성시,경기BIS
GGB233002769,기천3리,37.1886167,126.9084167,2025-10-31,55883.0,31240,경기도 화성시,경기BIS
GGB233002770,율암드림마트앞,37.1638,126.8759667,2025-10-31,55642.0,31240,경기도 화성시,경기BIS
GGB233002771,율암드림마트앞,37.1637167,126.8760333,2025-10-31,55643.0,31240,경기도 화성시,경기BIS
GGB233002772,대방초교,37.1622167,126.8694,2025-10-31,55644.0,31240,경기도 화성시,경기BIS
GGB233002773,대방초교,37.1621333,126.86945,2025-10-31,55645.0,31240,경기도 화성시,경기BIS
GGB233002774,명인제약,37.1599833,126.8667833,2025-10-31,55646.0,31240,경기도 화성시,경기BIS
GGB233002775,명인제약,37.16,126.8668833,2025-10-31,55647.0,31240,경기도 화성시,경기BIS
GGB233002776,율암온천,37.1532667,126.8807,2025-10-31,55703.0,31240,경기도 화성시,경기BIS
GGB233002777,율암온천,37.1530167,126.8806,2025-10-31,37051.0,31240,경기도 화성시,경기BIS
GGB233002778,굴다리입구,37.15205,126.87785,2025-10-31,37052.0,31240,경기도 화성시,경기BIS
GGB233002779,굴다리입구,37.15195,126.8778667,2025-10-31,37053.0,31240,경기도 화성시,경기BIS
GGB233002780,덕천리.화성온천,37.1458667,126.8720833,2025-10-31,0.0,31240,경기도 화성시,경기BIS
GGB233002781,덕천리.화성온천,37.1460833,126.8721833,2025-10-31,0.0,31240,경기도 화성시,경기BIS
GGB233002782,덕천리,37.1441833,126.8718833,2025-10-31,0.0,31240,경기도 화성시,경기BIS
GGB233002783,덕천리,37.1441833,126.8720167,2025-10-31,0.0,31240,경기도 화성시,경기BIS
GGB233002784,지월리,37.1453,126.8903667,2025-10-31,36451.0,31240,경기도 화성시,경기BIS
GGB233002785,덕우리.구운말,37.1386167,126.86315,2025-10-31,55648.0,31240,경기도 화성시,경기BIS
GGB233002786,안덕우리,37.1367,126.86335,2025-10-31,55649.0,31240,경기도 화성시,경기BIS
GGB233002787,팔탄전자앞,37.1294167,126.8613167,2025-10-31,55650.0,31240,경기도 화성시,경기BIS
GGB233002788,화성제일병원,37.12775,126.8602167,2025-10-31,55651.0,31240,경기도 화성시,경기BIS
GGB233002789,도이2리마을입구,37.1389333,126.9411,2025-10-31,36633.0,31240,경기도 화성시,경기BIS
GGB233002790,제약단지.하길리입구,37.0904,126.9154167,2025-10-31,37375.0,31240,경기도 화성시,경기BIS
GGB233002791,상신1리종점,37.1047333,126.8904833,2025-10-31,0.0,31240,경기도 화성시,경기BIS
GGB233002792,요당3리,37.0715333,126.91495,2025-10-31,55069.0,31240,경기도 화성시,경기BIS
GGB233002794,하길1리종점,37.0969333,126.92325,2025-10-31,60050.0,31240,경기도 화성시,경기BIS
GGB233002795,하길리입구,37.1055667,126.9235667,2025-10-31,60048.0,31240,경기도 화성시,경기BIS
GGB233002796,하길리입구,37.1055667,126.9237333,2025-10-31,60049.0,31240,경기도 화성시,경기BIS
GGB233002797,구문천2리종점,37.07635,126.90675,2025-10-31,37056.0,31240,경기도 화성시,경기BIS
GGB233002804,금당2리,37.1895167,126.7468,2025-10-31,0.0,31240,경기도 화성시,경기BIS
GGB233002805,금당2리,37.1895833,126.7467833,2025-10-31,0.0,31240,경기도 화성시,경기BIS
GGB233002806,금당공단앞,37.1894333,126.75025,2025-10-31,0.0,31240,경기도 화성시,경기BIS
GGB233002807,금당공단앞,37.1894833,126.7503667,2025-10-31,0.0,31240,경기도 화성시,경기BIS
GGB233002808,청원교회,37.1888833,126.7571167,2025-10-31,0.0,31240,경기도 화성시,경기BIS
GGB233002809,청원교회,37.18895,126.7583333,2025-10-31,0.0,31240,경기도 화성시,경기BIS
GGB233002810,슬항1리.절골,37.1935,126.7640667,2025-10-31,0.0,31240,경기도 화성시,경기BIS
GGB233002811,슬항1리.절골,37.1935333,126.7642167,2025-10-31,0.0,31240,경기도 화성시,경기BIS
GGB233002812,세종슈퍼앞,37.1891833,126.7618333,2025-10-31,0.0,31240,경기도 화성시,경기BIS
GGB233002813,세종슈퍼앞,37.1892,126.76195,2025-10-31,0.0,31240,경기도 화성시,경기BIS
GGB233002814,청원1리마을회관,37.18595,126.7591667,2025-10-31,0.0,31240,경기도 화성시,경기BIS
GGB233002815,청원1리마을회관,37.186,126.75925,2025-10-31,0.0,31240,경기도 화성시,경기BIS
GGB233002816,마도소방서,37.20675,126.7730833,2025-10-31,0.0,31240,경기도 화성시,경기BIS
GGB233002817,신남3통,37.1763333,126.7978,2025-10-31,60100.0,31240,경기도 화성시,경기BIS
GGB233002818,신남3통,37.1763333,126.7979167,2025-10-31,60101.0,31240,경기도 화성시,경기BIS
GGB233002819,신남2통,37.1836,126.79955,2025-10-31,0.0,31240,경기도 화성시,경기BIS
GGB233002820,신남2통,37.1834833,126.79965,2025-10-31,0.0,31240,경기도 화성시,경기BIS
GGB233002821,신남3통마을회관,37.1731833,126.8012167,2025-10-31,60092.0,31240,경기도 화성시,경기BIS
GGB233002822,장덕1리.잡재기,37.1628833,126.80695,2025-10-31,60012.0,31240,경기도 화성시,경기BIS
GGB233002823,갈담,37.1761167,126.9363,2025-10-31,36634.0,31240,경기도 화성시,경기BIS
GGB233002824,신남4리.외만리,37.18255,126.81905,2025-10-31,55809.0,31240,경기도 화성시,경기BIS
GGB233002825,신남3통.돌문안,37.17475,126.8062333,2025-10-31,0.0,31240,경기도 화성시,경기BIS
GGB233002826,기산,37.1768333,126.9371,2025-10-31,36635.0,31240,경기도 화성시,경기BIS
GGB233002827,신남3통.돌문안,37.1746833,126.8063167,2025-10-31,0.0,31240,경기도 화성시,경기BIS
GGB233002828,안석2리동녘회관,37.1772,126.8185333,2025-10-31,60108.0,31240,경기도 화성시,경기BIS
GGB233002829,안석2리마을회관,37.1710833,126.8225333,2025-10-31,60106.0,31240,경기도 화성시,경기BIS
GGB233002830,안석1리,37.1701333,126.8251667,2025-10-31,60105.0,31240,경기도 화성시,경기BIS
GGB233002831,안석1리마을회관,37.1723,126.8274,2025-10-31,60104.0,31240,경기도 화성시,경기BIS
GGB233002832,활초삼거리,37.1786167,126.8294333,2025-10-31,60103.0,31240,경기도 화성시,경기BIS
GGB233002833,활초교회,37.1778167,126.8397,2025-10-31,60027.0,31240,경기도 화성시,경기BIS
GGB233002834,활초리마을회관,37.1763667,126.8340667,2025-10-31,60057.0,31240,경기도 화성시,경기BIS
GGB233002835,활초리마을회관,37.1762833,126.8343167,2025-10-31,0.0,31240,경기도 화성시,경기BIS
GGB233002836,온석2리,37.1705333,126.8468833,2025-10-31,55652.0,31240,경기도 화성시,경기BIS
GGB233002837,온석2리,37.1705833,126.8470667,2025-10-31,55653.0,31240,경기도 화성시,경기BIS
GGB233002838,살곶이,37.1679,126.8347167,2025-10-31,60058.0,31240,경기도 화성시,경기BIS
GGB233002839,노하산업단지,37.1551333,126.8473167,2025-10-31,55654.0,31240,경기도 화성시,경기BIS
GGB233002840,노하산업단지,37.15515,126.8472,2025-10-31,55655.0,31240,경기도 화성시,경기BIS
GGB233002841,노하할인마트,37.1578,126.8491667,2025-10-31,55656.0,31240,경기도 화성시,경기BIS
GGB233002842,노하할인마트,37.1578167,126.8490167,2025-10-31,55657.0,31240,경기도 화성시,경기BIS
GGB233002843,현대연구소입구,37.1624667,126.8462167,2025-10-31,55658.0,31240,경기도 화성시,경기BIS
GGB233002844,현대연구소입구,37.16295,126.8452333,2025-10-31,55659.0,31240,경기도 화성시,경기BIS
GGB233002845,기천1리,37.1775,126.9091667,2025-10-31,37065.0,31240,경기도 화성시,경기BIS
GGB233002846,선일화학.에디스,37.0999667,126.8869833,2025-10-31,0.0,31240,경기도 화성시,경기BIS
GGB233002847,기천1리,37.1774333,126.9092167,2025-10-31,37066.0,31240,경기도 화성시,경기BIS
GGB233002848,주유소앞,37.1660333,126.8495833,2025-10-31,55888.0,31240,경기도 화성시,경기BIS
GGB233002849,주유소앞,37.1663333,126.8500333,2025-10-31,55889.0,31240,경기도 화성시,경기BIS
GGB233002850,온석1동,37.1747333,126.8626833,2025-10-31,0.0,31240,경기도 화성시,경기BIS
GGB233002851,사창2리.주석골,37.10575,126.9647667,2025-10-31,36636.0,31240,경기도 화성시,경기BIS
GGB233002853,벧엘기도원,37.1597667,126.80535,2025-10-31,60014.0,31240,경기도 화성시,경기BIS
GGB233002854,장덕1리.잡재기,37.16275,126.8069833,2025-10-31,60013.0,31240,경기도 화성시,경기BIS
GGB233002855,장덕리,37.1583,126.8030167,2025-10-31,60016.0,31240,경기도 화성시,경기BIS
GGB233002856,장덕리,37.1582167,126.8030167,2025-10-31,60017.0,31240,경기도 화성시,경기BIS
GGB233002857,마도소방서,37.20665,126.7732833,2025-10-31,0.0,31240,경기도 화성시,경기BIS
GGB233002858,벧엘기도원,37.1597667,126.8054667,2025-10-31,60015.0,31240,경기도 화성시,경기BIS
GGB233002859,현대수산,37.1547333,126.8037333,2025-10-31,0.0,31240,경기도 화성시,경기BIS
GGB233002860,현대수산,37.15465,126.8040333,2025-10-31,0.0,31240,경기도 화성시,경기BIS
GGB233002861,장덕동수라청,37.1555667,126.7982333,2025-10-31,0.0,31240,경기도 화성시,경기BIS
GGB233002862,장덕동수라청,37.1555333,126.7983167,2025-10-31,0.0,31240,경기도 화성시,경기BIS
GGB233002863,석포6리(마파지),37.1431833,126.8164333,2025-10-31,55660.0,31240,경기도 화성시,경기BIS
GGB233002864,사창2리.주석골,37.1057667,126.9648333,2025-10-31,36637.0,31240,경기도 화성시,경기BIS
GGB233002865,주곡1리.박우물,37.1340833,126.81205,2025-10-31,37667.0,31240,경기도 화성시,경기BIS
GGB233002866,주곡리,37.1277833,126.8155333,2025-10-31,37580.0,31240,경기도 화성시,경기BIS
GGB233002868,매바위,37.1538833,126.7952833,2025-10-31,0.0,31240,경기도 화성시,경기BIS
GGB233002869,구장산업단지,37.1700667,126.9054333,2025-10-31,55940.0,31240,경기도 화성시,경기BIS
GGB233002870,마곡산업단지,37.1699833,126.9052,2025-10-31,55941.0,31240,경기도 화성시,경기BIS
GGB233002871,해문1리,37.2036,126.7446667,2025-10-31,55457.0,31240,경기도 화성시,경기BIS
GGB233002872,해문1리,37.2037167,126.7444833,2025-10-31,55458.0,31240,경기도 화성시,경기BIS
GGB233002873,해문1리.질고개,37.2051,126.7406333,2025-10-31,0.0,31240,경기도 화성시,경기BIS
GGB233002874,삼존2리마을회관,37.2158833,126.75225,2025-10-31,0.0,31240,경기도 화성시,경기BIS
GGB233002875,사강종점,37.2140333,126.7375667,2025-10-31,0.0,31240,경기도 화성시,경기BIS
GGB233002876,사강종점,37.2140833,126.7377333,2025-10-31,0.0,31240,경기도 화성시,경기BIS
GGB233002877,사강3리.양짓말,37.2227833,126.71815,2025-10-31,0.0,31240,경기도 화성시,경기BIS
GGB233002878,사강3리.양짓말,37.2229167,126.7181333,2025-10-31,0.0,31240,경기도 화성시,경기BIS
GGB233002879,인애농원앞,37.2248167,126.7152333,2025-10-31,0.0,31240,경기도 화성시,경기BIS
GGB233002880,인애농원앞,37.225,126.7151167,2025-10-31,0.0,31240,경기도 화성시,경기BIS
GGB233002881,각골입구,37.2276333,126.7098167,2025-10-31,60002.0,31240,경기도 화성시,경기BIS
GGB233000441,화당리,37.1216667,126.8652167,2025-10-31,36899.0,31240,경기도 화성시,경기BIS
GGB233000442,해창리,37.1124333,126.878,2025-10-31,36898.0,31240,경기도 화성시,경기BIS
GGB233000443,서근리,37.12615,126.8575,2025-10-31,37443.0,31240,경기도 화성시,경기BIS
GGB233000444,서근리,37.12745,126.85235,2025-10-31,36897.0,31240,경기도 화성시,경기BIS
GGB233000445,석포삼거리,37.1307167,126.8436167,2025-10-31,36896.0,31240,경기도 화성시,경기BIS
GGB233000446,석포초등학교,37.1300167,126.8401167,2025-10-31,37442.0,31240,경기도 화성시,경기BIS
GGB233000447,석포2리,37.1291167,126.8375167,2025-10-31,36895.0,31240,경기도 화성시,경기BIS
GGB233000448,석포2리,37.1264,126.8351333,2025-10-31,36894.0,31240,경기도 화성시,경기BIS
GGB233000449,석포3리,37.12125,126.83185,2025-10-31,37441.0,31240,경기도 화성시,경기BIS
GGB233000450,금의3리,37.11715,126.8278,2025-10-31,36893.0,31240,경기도 화성시,경기BIS
GGB233000451,주곡1리,37.1163167,126.8195333,2025-10-31,36892.0,31240,경기도 화성시,경기BIS
GGB233000452,화수사거리,37.1097667,126.8020667,2025-10-31,36891.0,31240,경기도 화성시,경기BIS
GGB233000453,만세길방문자센터.화수2리,37.1090833,126.7997,2025-10-31,37440.0,31240,경기도 화성시,경기BIS
GGB233000454,원안3리,37.1004,126.7910333,2025-10-31,36890.0,31240,경기도 화성시,경기BIS
GGB233000455,원안2리,37.1005667,126.7861833,2025-10-31,36889.0,31240,경기도 화성시,경기BIS
GGB233000456,금의2리,37.1166167,126.81645,2025-10-31,37439.0,31240,경기도 화성시,경기BIS
GGB233000457,주곡1리,37.11765,126.8249833,2025-10-31,36888.0,31240,경기도 화성시,경기BIS
GGB233000458,금의3리,37.11735,126.8277667,2025-10-31,36887.0,31240,경기도 화성시,경기BIS
GGB233000459,석포3리,37.1206167,126.8308833,2025-10-31,36886.0,31240,경기도 화성시,경기BIS
GGB233000460,석포2리,37.1292667,126.8372167,2025-10-31,37438.0,31240,경기도 화성시,경기BIS
GGB233000461,석포4리,37.13005,126.8395833,2025-10-31,36885.0,31240,경기도 화성시,경기BIS
GGB233000462,화당리,37.1220167,126.8648333,2025-10-31,36884.0,31240,경기도 화성시,경기BIS
GGB233000463,월문초등학교,37.1179,126.8715167,2025-10-31,37437.0,31240,경기도 화성시,경기BIS
GGB233000464,월문온천,37.1144333,126.87755,2025-10-31,36883.0,31240,경기도 화성시,경기BIS
GGB233000465,문학2리,37.1587833,126.96855,2025-10-31,36882.0,31240,경기도 화성시,경기BIS
GGB233000466,노진리종점,37.03425,126.8193,2025-10-31,36881.0,31240,경기도 화성시,경기BIS
GGB233000467,노진5리,37.0419167,126.8156,2025-10-31,37436.0,31240,경기도 화성시,경기BIS
GGB233000468,이화2리앞,37.0422167,126.7976833,2025-10-31,36880.0,31240,경기도 화성시,경기BIS
GGB233000469,이화3리입구,37.0404333,126.8002167,2025-10-31,36879.0,31240,경기도 화성시,경기BIS
GGB233000470,애덕가정,37.03285,126.8023667,2025-10-31,36462.0,31240,경기도 화성시,경기BIS
GGB233000471,슈마타운,37.0361,126.8035167,2025-10-31,36878.0,31240,경기도 화성시,경기BIS
GGB233000473,석천1리포도원,37.0580333,126.7937833,2025-10-31,36906.0,31240,경기도 화성시,경기BIS
GGB233000474,건농골교차로,37.2567167,126.8502667,2025-10-31,55830.0,31240,경기도 화성시,경기BIS
GGB233000475,매향4리,37.03945,126.7703,2025-10-31,36905.0,31240,경기도 화성시,경기BIS
GGB233000476,사곡1리,37.0689,126.80925,2025-10-31,37434.0,31240,경기도 화성시,경기BIS
GGB233000477,기아생활관,37.0643,126.7958833,2025-10-31,36904.0,31240,경기도 화성시,경기BIS
GGB233000478,석천2리입구,37.0563333,126.7812,2025-10-31,36903.0,31240,경기도 화성시,경기BIS
GGB233000479,매향2리,37.0502833,126.7683333,2025-10-31,36921.0,31240,경기도 화성시,경기BIS
GGB233000480,양지편,37.0484,126.7653167,2025-10-31,37433.0,31240,경기도 화성시,경기BIS
GGB233000481,고온리종점,37.0370833,126.7486833,2025-10-31,36920.0,31240,경기도 화성시,경기BIS
GGB233000482,매향,37.0403833,126.7515167,2025-10-31,36919.0,31240,경기도 화성시,경기BIS
GGB233000484,모즐저수지입구,37.2009833,126.7058333,2025-10-31,37604.0,31240,경기도 화성시,경기BIS
GGB233000485,기아생활관,37.06445,126.7957667,2025-10-31,36918.0,31240,경기도 화성시,경기BIS
GGB233000486,장안여자중학교,37.0786,126.8154333,2025-10-31,36917.0,31240,경기도 화성시,경기BIS
GGB233000487,사곡사거리,37.0749167,126.81535,2025-10-31,37431.0,31240,경기도 화성시,경기BIS
GGB233000488,사곡5리,37.0682333,126.8162333,2025-10-31,36916.0,31240,경기도 화성시,경기BIS
GGB233000489,사곡2리,37.0645333,126.8154,2025-10-31,36915.0,31240,경기도 화성시,경기BIS
GGB233000490,노진리,37.0534,126.8145333,2025-10-31,37430.0,31240,경기도 화성시,경기BIS
GGB233000491,노진초등학교,37.0524667,126.8096333,2025-10-31,36914.0,31240,경기도 화성시,경기BIS
GGB233000492,이화4리,37.0468,126.806,2025-10-31,36913.0,31240,경기도 화성시,경기BIS
GGB233000493,노진4리,37.0535333,126.81435,2025-10-31,36912.0,31240,경기도 화성시,경기BIS
GGB233000494,사곡2리,37.0645333,126.8152167,2025-10-31,37429.0,31240,경기도 화성시,경기BIS
GGB233000495,사곡5리,37.0681167,126.816,2025-10-31,36911.0,31240,경기도 화성시,경기BIS
GGB233000496,사곡사거리,37.0748333,126.8152167,2025-10-31,36910.0,31240,경기도 화성시,경기BIS
GGB233000497,어은4리,37.0818,126.8283667,2025-10-31,37125.0,31240,경기도 화성시,경기BIS
GGB233000498,장안면행정복지센터,37.0788167,126.8305667,2025-10-31,37127.0,31240,경기도 화성시,경기BIS
GGB233000499,사랑리,37.0734167,126.83425,2025-10-31,37130.0,31240,경기도 화성시,경기BIS
GGB233000500,덕다2리앞(구래),37.0694167,126.8377167,2025-10-31,36909.0,31240,경기도 화성시,경기BIS
GGB233000501,덕다리입구,37.0668333,126.8393833,2025-10-31,37132.0,31240,경기도 화성시,경기BIS
GGB233000502,독정1리,37.06685,126.8459667,2025-10-31,37137.0,31240,경기도 화성시,경기BIS
GGB233000503,독정삼거리,37.0703,126.8494667,2025-10-31,37139.0,31240,경기도 화성시,경기BIS
GGB233000504,독정2리,37.0719167,126.85365,2025-10-31,37142.0,31240,경기도 화성시,경기BIS
GGB233000505,감드러지.독정3리,37.0774833,126.8569167,2025-10-31,37148.0,31240,경기도 화성시,경기BIS
GGB233000506,독정3리.거묵골,37.07985,126.8590833,2025-10-31,37151.0,31240,경기도 화성시,경기BIS
GGB233000507,독정4리,37.0819667,126.8609833,2025-10-31,37155.0,31240,경기도 화성시,경기BIS
GGB233000508,용당골,37.0887167,126.8619,2025-10-31,37159.0,31240,경기도 화성시,경기BIS
GGB233000509,꽃밭.식염온천,37.0929667,126.8618833,2025-10-31,37158.0,31240,경기도 화성시,경기BIS
GGB233000510,꽃밭.식염온천,37.0931,126.8619,2025-10-31,37157.0,31240,경기도 화성시,경기BIS
GGB233000511,독정4리,37.0818833,126.8610833,2025-10-31,37156.0,31240,경기도 화성시,경기BIS
GGB233000512,독정3리,37.0798,126.8591667,2025-10-31,37152.0,31240,경기도 화성시,경기BIS
GGB233000513,독정삼거리,37.07015,126.8495,2025-10-31,37140.0,31240,경기도 화성시,경기BIS
GGB233000514,사랑리,37.0734333,126.834,2025-10-31,37129.0,31240,경기도 화성시,경기BIS
GGB233000515,어은4리,37.0817667,126.8282,2025-10-31,37124.0,31240,경기도 화성시,경기BIS
GGB233000516,팔탄면행정복지센터,37.1622667,126.9041833,2025-10-31,37254.0,31240,경기도 화성시,경기BIS
GGB233000517,팔탄초등학교,37.1596333,126.9031833,2025-10-31,37251.0,31240,경기도 화성시,경기BIS
GGB233000518,건농골교차로,37.2568667,126.85005,2025-10-31,55831.0,31240,경기도 화성시,경기BIS
GGB233000519,덕우저수지,37.1650333,126.9227833,2025-10-31,36061.0,31240,경기도 화성시,경기BIS
GGB233000520,소동촌,37.1607167,126.90795,2025-10-31,37257.0,31240,경기도 화성시,경기BIS
GGB233000521,팔탄초등학교,37.1594833,126.90325,2025-10-31,37252.0,31240,경기도 화성시,경기BIS
GGB233000522,우림아파트.화성노인회관,37.1281333,126.9021167,2025-10-31,37428.0,31240,경기도 화성시,경기BIS
GGB233001581,상기리입구,37.1998833,126.9409167,2025-10-31,36702.0,31240,경기도 화성시,경기BIS
GGB233001582,유앤아이.화성청소년수련관,37.2038833,127.03295,2025-10-31,36603.0,31240,경기도 화성시,경기BIS
GGB233001583,이화1리마을회관,37.0427667,126.7897667,2025-10-31,36464.0,31240,경기도 화성시,경기BIS
GGB233001584,이화1리,37.0469833,126.7951,2025-10-31,36444.0,31240,경기도 화성시,경기BIS
GGB233001586,공단입구,37.1038667,126.8444,2025-10-31,37631.0,31240,경기도 화성시,경기BIS
GGB233001587,금호어울림2차,37.16095,127.1006333,2025-10-31,37042.0,31240,경기도 화성시,경기BIS
GGB233001588,공단사거리,37.1068167,126.8419167,2025-10-31,37633.0,31240,경기도 화성시,경기BIS
GGB233001589,파카.3M,37.1100667,126.8395167,2025-10-31,37634.0,31240,경기도 화성시,경기BIS
GGB233001590,향남주공1단지,37.1195833,126.9135,2025-10-31,55728.0,31240,경기도 화성시,경기BIS
GGB233001591,존슨메티,37.1122,126.83775,2025-10-31,37636.0,31240,경기도 화성시,경기BIS
GGB233001592,노루오토코팅,37.11395,126.8399667,2025-10-31,37637.0,31240,경기도 화성시,경기BIS
GGB233001593,마하리,37.1755,126.9457833,2025-10-31,37639.0,31240,경기도 화성시,경기BIS
GGB233001594,마하리앞,37.1755833,126.94575,2025-10-31,37640.0,31240,경기도 화성시,경기BIS
GGB233001595,정승마을앞,37.1705667,126.9515167,2025-10-31,37641.0,31240,경기도 화성시,경기BIS
GGB233001596,정승마을앞,37.1707,126.9515333,2025-10-31,37642.0,31240,경기도 화성시,경기BIS
GGB233001597,백2리앞,37.1674167,126.9553667,2025-10-31,37643.0,31240,경기도 화성시,경기BIS
GGB233001598,백2리앞,37.1674833,126.9553833,2025-10-31,37644.0,31240,경기도 화성시,경기BIS
GGB233001599,백1리,37.1664333,126.95805,2025-10-31,37645.0,31240,경기도 화성시,경기BIS
GGB233001600,오일리,37.1665167,126.9682833,2025-10-31,37646.0,31240,경기도 화성시,경기BIS
GGB233001601,오일리,37.1664167,126.9682,2025-10-31,37647.0,31240,경기도 화성시,경기BIS
GGB233001602,금호어울림2차,37.1611333,127.1008,2025-10-31,37047.0,31240,경기도 화성시,경기BIS
GGB233001603,정남중학교,37.1664833,126.978,2025-10-31,36367.0,31240,경기도 화성시,경기BIS
GGB233001604,문학4리,37.1514833,126.9718,2025-10-31,37650.0,31240,경기도 화성시,경기BIS
GGB233001605,동오첨단산업단지,37.1455,126.9601667,2025-10-31,37652.0,31240,경기도 화성시,경기BIS
GGB233001606,동오첨단산업단지,37.1467667,126.9608,2025-10-31,37653.0,31240,경기도 화성시,경기BIS
GGB233001607,동오리종점,37.13195,126.9535167,2025-10-31,37651.0,31240,경기도 화성시,경기BIS
GGB233001608,서희스타힐스.단독주택,37.1734833,127.12,2025-10-31,37654.0,31240,경기도 화성시,경기BIS
GGB233001609,한백고등학교,37.2077833,127.1143333,2025-10-31,37674.0,31240,경기도 화성시,경기BIS
GGB233001610,상봉초등학교,37.2182333,126.9539667,2025-10-31,37675.0,31240,경기도 화성시,경기BIS
GGB233001611,장덕1리입구,37.1722167,126.79855,2025-10-31,60094.0,31240,경기도 화성시,경기BIS
GGB233001612,동화휴먼시아6단지,37.2151,126.9599833,2025-10-31,37677.0,31240,경기도 화성시,경기BIS
GGB233001613,동화중학교.동화초등학교,37.2143833,126.96165,2025-10-31,37678.0,31240,경기도 화성시,경기BIS
GGB233001614,한신더휴,37.1865167,127.1237833,2025-10-31,55489.0,31240,경기도 화성시,경기BIS
GGB233001615,동화휴먼시아2단지,37.2175833,126.9600833,2025-10-31,37679.0,31240,경기도 화성시,경기BIS
GGB233001616,동화마을1단지.화성고용센터,37.2177333,126.9585833,2025-10-31,37680.0,31240,경기도 화성시,경기BIS
GGB233001617,동문아파트.협성대학교.봉담중고교,37.2173833,126.9523833,2025-10-31,37681.0,31240,경기도 화성시,경기BIS
GGB233001618,동탄이마트.한림대병원,37.2140333,127.0779333,2025-10-31,37684.0,31240,경기도 화성시,경기BIS
GGB233001619,동탄이마트.한림대병원,37.2144833,127.0778333,2025-10-31,37692.0,31240,경기도 화성시,경기BIS
GGB233001620,힐스테이트.호반5차,37.1847833,127.1229667,2025-10-31,55490.0,31240,경기도 화성시,경기BIS
GGB233001621,구봉산근린공원,37.2036167,127.0442167,2025-10-31,37683.0,31240,경기도 화성시,경기BIS
GGB233001622,센트럴허브시티,37.2035167,127.04195,2025-10-31,37739.0,31240,경기도 화성시,경기BIS
GGB233001623,동원로얄듀크2차.목동초,37.18875,127.1233,2025-10-31,37682.0,31240,경기도 화성시,경기BIS
GGB233001624,동화초중교,37.2147,126.96215,2025-10-31,37686.0,31240,경기도 화성시,경기BIS
GGB233001625,반도5차.파라곤,37.1964167,127.0930167,2025-10-31,37687.0,31240,경기도 화성시,경기BIS
GGB233001626,석포6리(마파지),37.1432833,126.81655,2025-10-31,37419.0,31240,경기도 화성시,경기BIS
GGB233001627,구봉산근린공원,37.20365,127.04445,2025-10-31,37685.0,31240,경기도 화성시,경기BIS
GGB233001628,반도5차.파라곤,37.1964,127.0925167,2025-10-31,55491.0,31240,경기도 화성시,경기BIS
GGB233001629,반도유보라6차,37.2037167,127.0925333,2025-10-31,55492.0,31240,경기도 화성시,경기BIS
GGB233001630,수작이교차로,37.2134333,126.8164167,2025-10-31,55355.0,31240,경기도 화성시,경기BIS
GGB233001631,반도유보라6차,37.2039167,127.0930333,2025-10-31,55493.0,31240,경기도 화성시,경기BIS
GGB233001632,업무복합부지,37.1993333,127.0930167,2025-10-31,55494.0,31240,경기도 화성시,경기BIS
GGB233001633,미득골마을,37.2197833,127.0369,2025-10-31,55352.0,31240,경기도 화성시,경기BIS
GGB233001634,업무복합부지,37.1991667,127.0925167,2025-10-31,55495.0,31240,경기도 화성시,경기BIS
GGB233001635,치동초등학교,37.208,127.09255,2025-10-31,55496.0,31240,경기도 화성시,경기BIS
GGB233001636,치동초등학교,37.2079333,127.0930333,2025-10-31,37672.0,31240,경기도 화성시,경기BIS
GGB233001637,린스트라우스.한화,37.19625,127.0985667,2025-10-31,37658.0,31240,경기도 화성시,경기BIS
GGB233001638,반도5차,37.1944667,127.09145,2025-10-31,55484.0,31240,경기도 화성시,경기BIS
GGB233001639,동탄2동행정복지센터,37.1964167,127.0728833,2025-10-31,37671.0,31240,경기도 화성시,경기BIS
GGB233001640,동탄2동행정복지센터,37.19715,127.0726,2025-10-31,37662.0,31240,경기도 화성시,경기BIS
GGB233001641,반도5차,37.1941667,127.0908,2025-10-31,55485.0,31240,경기도 화성시,경기BIS
GGB233001642,포스코정문앞,37.1990167,127.0700667,2025-10-31,37673.0,31240,경기도 화성시,경기BIS
GGB233001643,거문들,37.0894667,126.8298833,2025-10-31,37757.0,31240,경기도 화성시,경기BIS
GGB233001644,센트럴파크뷰아파트(중),37.1995,127.06335,2025-10-31,37589.0,31240,경기도 화성시,경기BIS
GGB233001645,어은리,37.0864167,126.8373833,2025-10-31,55497.0,31240,경기도 화성시,경기BIS
GGB233001646,어은리,37.0865,126.8373833,2025-10-31,55498.0,31240,경기도 화성시,경기BIS
GGB233001648,신미주아파트,37.1928667,127.09255,2025-10-31,36993.0,31240,경기도 화성시,경기BIS
GGB233001649,신미주아파트,37.1929667,127.0929833,2025-10-31,37965.0,31240,경기도 화성시,경기BIS
GGB233001650,동탄1동행정복지센터.헌혈의집,37.20685,127.07235,2025-10-31,37749.0,31240,경기도 화성시,경기BIS
GGB233001651,현대아이파크,37.2057333,127.0706167,2025-10-31,37747.0,31240,경기도 화성시,경기BIS
GGB233001652,예당예원초,37.2107,127.0775833,2025-10-31,37758.0,31240,경기도 화성시,경기BIS
GGB233001653,롯데케슬정문,37.2092667,127.0749167,2025-10-31,37798.0,31240,경기도 화성시,경기BIS
GGB233001654,분천리,37.2091833,126.95985,2025-10-31,37972.0,31240,경기도 화성시,경기BIS
GGB233001655,분천리,37.2093833,126.9597167,2025-10-31,37966.0,31240,경기도 화성시,경기BIS
GGB233001656,동화중학교,37.2136,126.9612667,2025-10-31,37970.0,31240,경기도 화성시,경기BIS
GGB233001657,주공6단지,37.21365,126.9609333,2025-10-31,37882.0,31240,경기도 화성시,경기BIS
GGB233001658,동일하이빌.화성고용센터,37.2163333,126.9583167,2025-10-31,37881.0,31240,경기도 화성시,경기BIS
GGB233001659,중심상가.화성고용센터,37.2161,126.9591167,2025-10-31,37765.0,31240,경기도 화성시,경기BIS
GGB233002882,각골입구,37.2278333,126.7096833,2025-10-31,60001.0,31240,경기도 화성시,경기BIS
GGB233002883,천등1리.등굴,37.23335,126.7069167,2025-10-31,60003.0,31240,경기도 화성시,경기BIS
GGB233002884,천등3리.새말,37.2415167,126.702,2025-10-31,60005.0,31240,경기도 화성시,경기BIS
GGB233002885,독지1리.돌내입구,37.2461,126.6991667,2025-10-31,60065.0,31240,경기도 화성시,경기BIS
GGB233002886,독지2리.문지마을,37.25195,126.6939167,2025-10-31,60063.0,31240,경기도 화성시,경기BIS
GGB233002887,독지2리.문지마을,37.2520333,126.6940167,2025-10-31,60061.0,31240,경기도 화성시,경기BIS
GGB233002888,자안사거리,37.19735,126.8754833,2025-10-31,36638.0,31240,경기도 화성시,경기BIS
GGB233002889,남양현대2차,37.2009667,126.8239333,2025-10-31,36639.0,31240,경기도 화성시,경기BIS
GGB233002890,덕천리삼거리,37.1424,126.8714,2025-10-31,55942.0,31240,경기도 화성시,경기BIS
GGB233002891,(임시)자이라젠느.중흥S센트럴에듀,37.2211667,126.96605,2025-10-31,0.0,31240,경기도 화성시,경기BIS
GGB233002892,(임시)자이라젠느.중흥S센트럴에듀,37.2215833,126.9673667,2025-10-31,0.0,31240,경기도 화성시,경기BIS
GGB233002893,(임시)자이라피네.중흥S센트럴에듀,37.2212,126.9691667,2025-10-31,0.0,31240,경기도 화성시,경기BIS
GGB233002894,(임시)자이라피네.중흥S센트럴에듀,37.22175,126.969,2025-10-31,0.0,31240,경기도 화성시,경기BIS
GGB233002895,삼존3리,37.2194,126.7655667,2025-10-31,0.0,31240,경기도 화성시,경기BIS
GGB233002897,송정1리,37.2242,126.7959,2025-10-31,36562.0,31240,경기도 화성시,경기BIS
GGB233002902,지화1리마을회관,37.21935,126.6892,2025-10-31,0.0,31240,경기도 화성시,경기BIS
GGB233002903,파인웰,37.2155,126.68055,2025-10-31,0.0,31240,경기도 화성시,경기BIS
GGB233002904,파인웰,37.2153667,126.6805667,2025-10-31,0.0,31240,경기도 화성시,경기BIS
GGB233002905,화량교회,37.2137833,126.6791833,2025-10-31,0.0,31240,경기도 화성시,경기BIS
GGB233002906,화량교회,37.2131833,126.6791167,2025-10-31,0.0,31240,경기도 화성시,경기BIS
GGB233002908,보통3리입구,37.1894667,126.9778167,2025-10-31,36646.0,31240,경기도 화성시,경기BIS
GGB233002909,청원3리,37.1760333,126.7613,2025-10-31,60024.0,31240,경기도 화성시,경기BIS
GGB233002910,청원3리입구,37.1805667,126.7559333,2025-10-31,0.0,31240,경기도 화성시,경기BIS
GGB233002911,청원낚시터앞,37.1796,126.7533833,2025-10-31,0.0,31240,경기도 화성시,경기BIS
GGB233002912,사곳리마을회관,37.1562,126.7245333,2025-10-31,0.0,31240,경기도 화성시,경기BIS
GGB233002913,용두1리,37.1442,126.70815,2025-10-31,0.0,31240,경기도 화성시,경기BIS
GGB233002914,용포2리,37.2317833,126.7458667,2025-10-31,0.0,31240,경기도 화성시,경기BIS
GGB233002916,흥법리모래지,37.1665833,126.74015,2025-10-31,0.0,31240,경기도 화성시,경기BIS
GGB233002917,신남3통마을회관,37.1730167,126.8011667,2025-10-31,60093.0,31240,경기도 화성시,경기BIS
GGB233002918,해문1리.질고개,37.2051833,126.7406667,2025-10-31,0.0,31240,경기도 화성시,경기BIS
GGB233002919,쌍송2리마을회관,37.186,126.7827167,2025-10-31,0.0,31240,경기도 화성시,경기BIS
GGB233002920,송정리,37.2192667,126.7869333,2025-10-31,36566.0,31240,경기도 화성시,경기BIS
GGB233002921,금강아파트,37.2104167,126.80255,2025-10-31,60037.0,31240,경기도 화성시,경기BIS
GGB233002922,장덕2리.현대자동차연구소,37.1703667,126.8118,2025-10-31,55473.0,31240,경기도 화성시,경기BIS
GGB233002923,정원채고가,37.22335,126.8235833,2025-10-31,0.0,31240,경기도 화성시,경기BIS
GGB233002924,송림동,37.2215667,126.8220333,2025-10-31,0.0,31240,경기도 화성시,경기BIS
GGB233002925,송림동,37.2216,126.8221667,2025-10-31,0.0,31240,경기도 화성시,경기BIS
GGB233002926,당넘어앞,37.25055,126.81785,2025-10-31,36519.0,31240,경기도 화성시,경기BIS
GGB233002927,장전리마을회관,37.2647667,126.8226833,2025-10-31,36526.0,31240,경기도 화성시,경기BIS
GGB233002928,장전리입구,37.26355,126.817,2025-10-31,36524.0,31240,경기도 화성시,경기BIS
GGB233002929,수화리,37.2572833,126.8175833,2025-10-31,36523.0,31240,경기도 화성시,경기BIS
GGB233002930,당넘어앞,37.2505333,126.8179833,2025-10-31,36518.0,31240,경기도 화성시,경기BIS
GGB233002931,신외1리,37.27,126.8151167,2025-10-31,36528.0,31240,경기도 화성시,경기BIS
GGB233002932,신외1리,37.2701333,126.8151,2025-10-31,36527.0,31240,경기도 화성시,경기BIS
GGB233002933,신외1리마을회관,37.2711167,126.8135833,2025-10-31,36529.0,31240,경기도 화성시,경기BIS
GGB233002934,신외2리.고잔,37.27535,126.81035,2025-10-31,36532.0,31240,경기도 화성시,경기BIS
GGB233002935,신외2리.고잔,37.2753167,126.81025,2025-10-31,36533.0,31240,경기도 화성시,경기BIS
GGB233002936,송정리.큰말,37.2204,126.7888667,2025-10-31,36564.0,31240,경기도 화성시,경기BIS
GGB233002937,송정1리마을회관,37.2204667,126.7899,2025-10-31,36565.0,31240,경기도 화성시,경기BIS
GGB233002938,반정지하차도,37.22625,127.0241833,2025-10-31,36647.0,31240,경기도 화성시,경기BIS
GGB233002939,마도면행정복지센터,37.2050333,126.7706667,2025-10-31,60109.0,31240,경기도 화성시,경기BIS
GGB233002940,사강정형외과,37.2135333,126.73995,2025-10-31,0.0,31240,경기도 화성시,경기BIS
GGB233002941,화도중학교입구,37.2055667,126.7744833,2025-10-31,60082.0,31240,경기도 화성시,경기BIS
GGB233002942,송정1리,37.219,126.7868,2025-10-31,36567.0,31240,경기도 화성시,경기BIS
GGB233002943,마도초등학교,37.2038833,126.7739667,2025-10-31,0.0,31240,경기도 화성시,경기BIS
GGB233002944,마도초등학교,37.2039,126.7740667,2025-10-31,0.0,31240,경기도 화성시,경기BIS
GGB233002945,역말,37.2004,126.7729833,2025-10-31,0.0,31240,경기도 화성시,경기BIS
GGB233002946,역말,37.2005333,126.7732333,2025-10-31,0.0,31240,경기도 화성시,경기BIS
GGB233002947,마리실,37.1984333,126.7704333,2025-10-31,0.0,31240,경기도 화성시,경기BIS
GGB233002948,마리실,37.1984167,126.7706167,2025-10-31,0.0,31240,경기도 화성시,경기BIS
GGB233002949,해문2리마을회관,37.1978167,126.7464667,2025-10-31,0.0,31240,경기도 화성시,경기BIS
GGB233002950,동탄레이크자이더테라스,37.1696,127.0951167,2025-10-31,55721.0,31240,경기도 화성시,경기BIS
GGB233002952,서연중고등학교,37.1613667,127.1117167,2025-10-31,37004.0,31240,경기도 화성시,경기BIS
GGB233002953,서연중고등학교,37.1615333,127.1116833,2025-10-31,37005.0,31240,경기도 화성시,경기BIS
GGB233002954,동탄119안전센터,37.205,127.0727833,2025-10-31,0.0,31240,경기도 화성시,경기BIS
GGB233002955,호수마을,37.1981,126.9761167,2025-10-31,37135.0,31240,경기도 화성시,경기BIS
GGB233002956,와우2리,37.2155667,126.97635,2025-10-31,0.0,31240,경기도 화성시,경기BIS
GGB233002957,와우2리,37.2155833,126.9762667,2025-10-31,0.0,31240,경기도 화성시,경기BIS
GGB233002958,동철전자앞,37.23,126.9851667,2025-10-31,0.0,31240,경기도 화성시,경기BIS
GGB233002959,기안1통입구,37.2255833,126.9858333,2025-10-31,37354.0,31240,경기도 화성시,경기BIS
GGB233002960,나은병원,37.1146667,126.87465,2025-10-31,0.0,31240,경기도 화성시,경기BIS
GGB233002961,구종점,37.1329667,126.9057,2025-10-31,0.0,31240,경기도 화성시,경기BIS
GGB233002962,기천3리.키울,37.1915333,126.90945,2025-10-31,55765.0,31240,경기도 화성시,경기BIS
GGB233002963,하저교회앞,37.1849667,126.86685,2025-10-31,60043.0,31240,경기도 화성시,경기BIS
GGB233002964,비봉면행정복지센터,37.2354833,126.8731667,2025-10-31,55819.0,31240,경기도 화성시,경기BIS
GGB233002965,봉담초사거리,37.2245833,126.9481833,2025-10-31,55737.0,31240,경기도 화성시,경기BIS
GGB233002966,독립운동기념관,37.1247667,126.8914,2025-10-31,37358.0,31240,경기도 화성시,경기BIS
GGB233002967,한국폴리텍대학,37.1298,126.8877833,2025-10-31,37361.0,31240,경기도 화성시,경기BIS
GGB233002968,우림주공아파트,37.12985,126.9016333,2025-10-31,37184.0,31240,경기도 화성시,경기BIS
GGB233000523,발안마을주공아파트,37.1293833,126.9006833,2025-10-31,36908.0,31240,경기도 화성시,경기BIS
GGB233000524,주공아파트,37.1304833,126.8999667,2025-10-31,37245.0,31240,경기도 화성시,경기BIS
GGB233000525,우림아파트.화성노인회관,37.12785,126.9028167,2025-10-31,37250.0,31240,경기도 화성시,경기BIS
GGB233000526,화성중고등학교,37.1380667,126.90545,2025-10-31,37255.0,31240,경기도 화성시,경기BIS
GGB233000527,지월리입구,37.1438167,126.8973667,2025-10-31,37235.0,31240,경기도 화성시,경기BIS
GGB233000528,수목원,37.1484667,126.8991833,2025-10-31,37242.0,31240,경기도 화성시,경기BIS
GGB233000529,금산사입구,37.19,126.88315,2025-10-31,37208.0,31240,경기도 화성시,경기BIS
GGB233000530,자안리,37.2041,126.8736167,2025-10-31,37754.0,31240,경기도 화성시,경기BIS
GGB233000531,과학화예비군훈련장앞,37.2162667,126.8723,2025-10-31,37177.0,31240,경기도 화성시,경기BIS
GGB233000532,매송휴먼시아,37.26615,126.8781667,2025-10-31,37194.0,31240,경기도 화성시,경기BIS
GGB233000533,송라1리,37.2754333,126.88645,2025-10-31,37214.0,31240,경기도 화성시,경기BIS
GGB233000534,원리,37.27765,126.88495,2025-10-31,37210.0,31240,경기도 화성시,경기BIS
GGB233000535,원리,37.2775667,126.8851167,2025-10-31,37211.0,31240,경기도 화성시,경기BIS
GGB233000536,송라리,37.2749,126.8868,2025-10-31,37215.0,31240,경기도 화성시,경기BIS
GGB233000537,야목리,37.26525,126.8777667,2025-10-31,37193.0,31240,경기도 화성시,경기BIS
GGB233000538,비봉성당,37.2499833,126.8713333,2025-10-31,37176.0,31240,경기도 화성시,경기BIS
GGB233000539,양노리,37.23095,126.8739667,2025-10-31,37188.0,31240,경기도 화성시,경기BIS
GGB233000540,과학화예비군훈련장앞,37.2165333,126.8723,2025-10-31,37755.0,31240,경기도 화성시,경기BIS
GGB233000541,자안리,37.2042167,126.8737667,2025-10-31,37185.0,31240,경기도 화성시,경기BIS
GGB233000542,금산사입구,37.1899,126.88335,2025-10-31,37209.0,31240,경기도 화성시,경기BIS
GGB233000543,불이원.묘희원,37.2058333,126.8545833,2025-10-31,55826.0,31240,경기도 화성시,경기BIS
GGB233000544,불이원.묘희원,37.2056833,126.85465,2025-10-31,55827.0,31240,경기도 화성시,경기BIS
GGB233000545,구장1리,37.1555667,126.8991167,2025-10-31,36907.0,31240,경기도 화성시,경기BIS
GGB233000546,수목원,37.1479833,126.8992,2025-10-31,37240.0,31240,경기도 화성시,경기BIS
GGB233000547,노하3리.장나루,37.1550833,126.8495667,2025-10-31,37355.0,31240,경기도 화성시,경기BIS
GGB233000548,상기1리세거리,37.2030333,126.9309167,2025-10-31,36072.0,31240,경기도 화성시,경기BIS
GGB233000549,상기1리호현리,37.2028167,126.9277,2025-10-31,36066.0,31240,경기도 화성시,경기BIS
GGB233000550,상기1리즘곰마을,37.2005833,126.9244167,2025-10-31,36063.0,31240,경기도 화성시,경기BIS
GGB233000551,상기2리입구,37.1994,126.9191,2025-10-31,36059.0,31240,경기도 화성시,경기BIS
GGB233000552,상기2리,37.1981,126.916,2025-10-31,36057.0,31240,경기도 화성시,경기BIS
GGB233000553,기천저수지,37.1936833,126.90095,2025-10-31,37247.0,31240,경기도 화성시,경기BIS
GGB233000554,청요리,37.1995,126.8971167,2025-10-31,37232.0,31240,경기도 화성시,경기BIS
GGB233000555,청요사거리,37.1982,126.88055,2025-10-31,37199.0,31240,경기도 화성시,경기BIS
GGB233000556,북양2리,37.2178333,126.8361167,2025-10-31,36041.0,31240,경기도 화성시,경기BIS
GGB233000557,북양교차로,37.2111833,126.8559833,2025-10-31,36053.0,31240,경기도 화성시,경기BIS
GGB233000558,자안리,37.1980667,126.87625,2025-10-31,37192.0,31240,경기도 화성시,경기BIS
GGB233000559,청요사거리,37.1978833,126.8796,2025-10-31,37197.0,31240,경기도 화성시,경기BIS
GGB233000560,청요3리,37.2007833,126.8860833,2025-10-31,37212.0,31240,경기도 화성시,경기BIS
GGB233000561,청요1리,37.19955,126.8974333,2025-10-31,37233.0,31240,경기도 화성시,경기BIS
GGB233000562,초당골앞,37.1981167,126.91065,2025-10-31,36055.0,31240,경기도 화성시,경기BIS
GGB233000563,상기2리입구,37.1994833,126.9192333,2025-10-31,36060.0,31240,경기도 화성시,경기BIS
GGB233000564,호현리.상기1리,37.2028667,126.9276,2025-10-31,36067.0,31240,경기도 화성시,경기BIS
GGB233000565,수기리,37.1998333,126.97985,2025-10-31,36214.0,31240,경기도 화성시,경기BIS
GGB233000566,아랫말.수기리,37.1991167,126.9780833,2025-10-31,36200.0,31240,경기도 화성시,경기BIS
GGB233000567,수원신학교,37.2030333,126.9642833,2025-10-31,36752.0,31240,경기도 화성시,경기BIS
GGB233000569,한백고등학교,37.20775,127.11415,2025-10-31,55620.0,31240,경기도 화성시,경기BIS
GGB233000570,봉담한신아파트,37.2180667,126.9501167,2025-10-31,36124.0,31240,경기도 화성시,경기BIS
GGB233000571,정현초.청림중,37.1726,127.113,2025-10-31,55569.0,31240,경기도 화성시,경기BIS
GGB233000572,수원신학교,37.2030333,126.9644167,2025-10-31,36751.0,31240,경기도 화성시,경기BIS
GGB233000573,수기리아랫말,37.1993667,126.9782,2025-10-31,36197.0,31240,경기도 화성시,경기BIS
GGB233000574,흥법사입구,37.20005,126.98035,2025-10-31,36217.0,31240,경기도 화성시,경기BIS
GGB233000575,수원대학교,37.2138333,126.9797667,2025-10-31,36210.0,31240,경기도 화성시,경기BIS
GGB233000576,수원대학교,37.2141667,126.97915,2025-10-31,36204.0,31240,경기도 화성시,경기BIS
GGB233000577,대양3리입구,37.08855,126.9299333,2025-10-31,55836.0,31240,경기도 화성시,경기BIS
GGB233000578,대양3리입구,37.08845,126.92995,2025-10-31,55837.0,31240,경기도 화성시,경기BIS
GGB233000579,동양콘크리트입구,37.0888167,126.9325167,2025-10-31,55838.0,31240,경기도 화성시,경기BIS
GGB233000580,신한바이오캠,37.0885167,126.9379,2025-10-31,55839.0,31240,경기도 화성시,경기BIS
GGB233000581,안녕농협삼거리,37.2051833,127.0147167,2025-10-31,36314.0,31240,경기도 화성시,경기BIS
GGB233000582,남수원현대아파트,37.2071,127.0106,2025-10-31,36308.0,31240,경기도 화성시,경기BIS
GGB233000583,우남블루존.원광병원,37.2096667,127.0092,2025-10-31,36302.0,31240,경기도 화성시,경기BIS
GGB233000584,용주사,37.21055,127.0052,2025-10-31,36289.0,31240,경기도 화성시,경기BIS
GGB233000586,신일해피트리2차아파트,37.2166333,126.97845,2025-10-31,36662.0,31240,경기도 화성시,경기BIS
GGB233000587,북촌말입구,37.21955,126.9767,2025-10-31,36195.0,31240,경기도 화성시,경기BIS
GGB233000588,봉담이마트,37.2225333,126.9736,2025-10-31,36183.0,31240,경기도 화성시,경기BIS
GGB233000589,SK매직.우림그린빌리지,37.2247833,126.97205,2025-10-31,36174.0,31240,경기도 화성시,경기BIS
GGB233000590,신일우남아파트,37.2266,126.9716167,2025-10-31,36169.0,31240,경기도 화성시,경기BIS
GGB233000591,화성시민캠퍼스,37.2291167,126.97035,2025-10-31,36159.0,31240,경기도 화성시,경기BIS
GGB233000592,국립축산과학원,37.2361167,126.9658667,2025-10-31,36152.0,31240,경기도 화성시,경기BIS
GGB233000593,수영오거리.방송통신대입구,37.2375167,126.9625167,2025-10-31,36148.0,31240,경기도 화성시,경기BIS
GGB233000594,광도와이드빌,37.2265833,126.9718833,2025-10-31,36172.0,31240,경기도 화성시,경기BIS
GGB233000595,우림그린빌리지,37.22455,126.9724333,2025-10-31,36176.0,31240,경기도 화성시,경기BIS
GGB233000596,신일해피트리1차,37.2224667,126.9739333,2025-10-31,36186.0,31240,경기도 화성시,경기BIS
GGB233000597,화성의과학대학교입구,37.2045,126.8385167,2025-10-31,55675.0,31240,경기도 화성시,경기BIS
GGB233000598,북촌말앞,37.2200667,126.9765333,2025-10-31,37573.0,31240,경기도 화성시,경기BIS
GGB233000599,홍익대.홍익디자인고,37.2170667,126.9784833,2025-10-31,36663.0,31240,경기도 화성시,경기BIS
GGB233000601,용주사,37.2105333,127.0043167,2025-10-31,36288.0,31240,경기도 화성시,경기BIS
GGB233000602,우남블루존.원광병원,37.2098333,127.0092333,2025-10-31,36301.0,31240,경기도 화성시,경기BIS
GGB233000603,남수원현대아파트,37.2076667,127.0105167,2025-10-31,36307.0,31240,경기도 화성시,경기BIS
GGB233001660,상봉초등학교,37.21825,126.9537167,2025-10-31,37763.0,31240,경기도 화성시,경기BIS
GGB233001661,봉담중.고등학교,37.2193333,126.9538667,2025-10-31,37883.0,31240,경기도 화성시,경기BIS
GGB233001662,병점고등학교,37.2051167,127.0430833,2025-10-31,37704.0,31240,경기도 화성시,경기BIS
GGB233001663,병점고등학교,37.20515,127.0433667,2025-10-31,37728.0,31240,경기도 화성시,경기BIS
GGB233001664,리체더포레스트,37.2089333,127.0494667,2025-10-31,37727.0,31240,경기도 화성시,경기BIS
GGB233001665,리체더포레스트,37.20895,127.0501,2025-10-31,37705.0,31240,경기도 화성시,경기BIS
GGB233001666,모아미래도2단지,37.2086667,127.0512833,2025-10-31,37726.0,31240,경기도 화성시,경기BIS
GGB233001667,자연앤아너스빌.한마음초교,37.20825,127.0547333,2025-10-31,37740.0,31240,경기도 화성시,경기BIS
GGB233001668,모아미래도1단지,37.2069167,127.0586167,2025-10-31,37789.0,31240,경기도 화성시,경기BIS
GGB233001669,모아미래도1단지,37.2070833,127.0587,2025-10-31,37732.0,31240,경기도 화성시,경기BIS
GGB233001670,백리앞,37.1647833,126.96075,2025-10-31,37731.0,31240,경기도 화성시,경기BIS
GGB233001671,백리앞,37.1647,126.9607833,2025-10-31,37735.0,31240,경기도 화성시,경기BIS
GGB233001672,미즈파크병원,37.20945,127.0602333,2025-10-31,37730.0,31240,경기도 화성시,경기BIS
GGB233001673,미즈파크병원,37.2096333,127.0604667,2025-10-31,37736.0,31240,경기도 화성시,경기BIS
GGB233001674,센트럴파크,37.2078,127.0638167,2025-10-31,37742.0,31240,경기도 화성시,경기BIS
GGB233001675,센트럴파크,37.2080667,127.0639333,2025-10-31,37703.0,31240,경기도 화성시,경기BIS
GGB233001676,금호어울림,37.20655,127.0664833,2025-10-31,37741.0,31240,경기도 화성시,경기BIS
GGB233001677,한화꿈에그린아파트,37.2068167,127.06655,2025-10-31,37737.0,31240,경기도 화성시,경기BIS
GGB233001678,메타폴리스,37.2053667,127.0707333,2025-10-31,37733.0,31240,경기도 화성시,경기BIS
GGB233001679,동탄1동행정복지센터.헌혈의집,37.20665,127.0725667,2025-10-31,37694.0,31240,경기도 화성시,경기BIS
GGB233001680,예당마을,37.20755,127.0746167,2025-10-31,37743.0,31240,경기도 화성시,경기BIS
GGB233001681,신일유토빌정문,37.20915,127.07505,2025-10-31,37695.0,31240,경기도 화성시,경기BIS
GGB233001682,예당예원초,37.2105667,127.0776667,2025-10-31,37711.0,31240,경기도 화성시,경기BIS
GGB233001683,전하리교회.우미제일,37.21315,127.0792833,2025-10-31,37712.0,31240,경기도 화성시,경기BIS
GGB233001684,늘푸른식당,37.1994,126.8721667,2025-10-31,37713.0,31240,경기도 화성시,경기BIS
GGB233001685,주공5단지,37.2099833,127.04775,2025-10-31,37746.0,31240,경기도 화성시,경기BIS
GGB233001686,에듀포레,37.2084167,127.0445667,2025-10-31,37710.0,31240,경기도 화성시,경기BIS
GGB233001687,구포리입구,37.2542667,126.87155,2025-10-31,37729.0,31240,경기도 화성시,경기BIS
GGB233001688,유진레미콘,37.1391667,126.9563667,2025-10-31,37723.0,31240,경기도 화성시,경기BIS
GGB233001689,신일해피트리아파트,37.2001167,127.053,2025-10-31,37717.0,31240,경기도 화성시,경기BIS
GGB233001690,두산신일아파트,37.2015667,127.0542667,2025-10-31,37718.0,31240,경기도 화성시,경기BIS
GGB233001691,두산신일아파트,37.2014167,127.0543667,2025-10-31,37720.0,31240,경기도 화성시,경기BIS
GGB233001692,모아포스코아파트,37.2016333,127.05795,2025-10-31,37714.0,31240,경기도 화성시,경기BIS
GGB233001693,모아포스코아파트,37.2015,127.0577333,2025-10-31,37719.0,31240,경기도 화성시,경기BIS
GGB233001694,수리재,37.1133833,126.9348333,2025-10-31,37716.0,31240,경기도 화성시,경기BIS
GGB233001695,호수부영1차,37.1700333,127.1185667,2025-10-31,37724.0,31240,경기도 화성시,경기BIS
GGB233001696,호수부영1차,37.1699167,127.119,2025-10-31,37696.0,31240,경기도 화성시,경기BIS
GGB233001697,센트럴포레스트정문,37.1971167,127.06575,2025-10-31,37708.0,31240,경기도 화성시,경기BIS
GGB233001698,센트럴포레스트정문,37.1972,127.06605,2025-10-31,37706.0,31240,경기도 화성시,경기BIS
GGB233001699,호수부영6차.호수공원행복주택,37.1674,127.11705,2025-10-31,55500.0,31240,경기도 화성시,경기BIS
GGB233001700,육탄10용사기념공원,37.1926833,127.0673333,2025-10-31,37699.0,31240,경기도 화성시,경기BIS
GGB233001701,육탄10용사기념공원,37.1930333,127.0675167,2025-10-31,37701.0,31240,경기도 화성시,경기BIS
GGB233001702,새강주공휴먼시아,37.1917167,127.0705167,2025-10-31,37721.0,31240,경기도 화성시,경기BIS
GGB233001703,한화꿈에그린,37.1919333,127.0716667,2025-10-31,37707.0,31240,경기도 화성시,경기BIS
GGB233001704,관항2리,37.1769167,126.9795333,2025-10-31,55742.0,31240,경기도 화성시,경기BIS
GGB233001706,월드반도,37.1931,127.0804167,2025-10-31,37697.0,31240,경기도 화성시,경기BIS
GGB233001707,솔빛동탄경남아너스빌,37.1992333,127.0745667,2025-10-31,37698.0,31240,경기도 화성시,경기BIS
GGB233001709,봉담초,37.2237167,126.94525,2025-10-31,55673.0,31240,경기도 화성시,경기BIS
GGB233001710,호수공원행복주택.호수부영6차,37.1671333,127.1173667,2025-10-31,55501.0,31240,경기도 화성시,경기BIS
GGB233001711,백토리상공회의소,37.1305333,126.9304,2025-10-31,37689.0,31240,경기도 화성시,경기BIS
GGB233001712,중흥에듀포레.에듀시티,37.2317167,126.94185,2025-10-31,55759.0,31240,경기도 화성시,경기BIS
GGB233001713,나루마을.한화꿈에그린2차,37.1913167,127.07455,2025-10-31,37745.0,31240,경기도 화성시,경기BIS
GGB233001714,신도브레뉴아파트,37.1920333,127.07385,2025-10-31,37748.0,31240,경기도 화성시,경기BIS
GGB233001715,능동주공단지,37.2134667,127.0625,2025-10-31,37744.0,31240,경기도 화성시,경기BIS
GGB233001716,능동주공단지,37.2130167,127.0624,2025-10-31,37691.0,31240,경기도 화성시,경기BIS
GGB233001717,능동마을입구,37.2175667,127.0579333,2025-10-31,37787.0,31240,경기도 화성시,경기BIS
GGB233001718,능동마을입구,37.21685,127.0581333,2025-10-31,37920.0,31240,경기도 화성시,경기BIS
GGB233001719,대우푸르지오.예당고등학교,37.20895,127.0793,2025-10-31,37846.0,31240,경기도 화성시,경기BIS
GGB233001720,동탄보건지소.우체국,37.2071,127.07605,2025-10-31,37847.0,31240,경기도 화성시,경기BIS
GGB233001721,우림필유,37.2008333,127.0595833,2025-10-31,37848.0,31240,경기도 화성시,경기BIS
GGB233001722,동탄고.동탄청소년문화의집,37.2038,127.0594667,2025-10-31,37849.0,31240,경기도 화성시,경기BIS
GGB233001723,동탄고등학교,37.2039333,127.0591667,2025-10-31,37850.0,31240,경기도 화성시,경기BIS
GGB233001724,능동중학교,37.2112667,127.06,2025-10-31,37801.0,31240,경기도 화성시,경기BIS
GGB233001725,능동중학교,37.2111833,127.0597167,2025-10-31,37802.0,31240,경기도 화성시,경기BIS
GGB233001726,능동초등학교,37.2128333,127.0580333,2025-10-31,37803.0,31240,경기도 화성시,경기BIS
GGB233001727,능동초등학교,37.21295,127.0574,2025-10-31,37804.0,31240,경기도 화성시,경기BIS
GGB233001728,이지더원.밀알교회,37.21425,127.05595,2025-10-31,37805.0,31240,경기도 화성시,경기BIS
GGB233001729,이지더원.밀알교회,37.21425,127.05565,2025-10-31,37806.0,31240,경기도 화성시,경기BIS
GGB233001730,상록예가,37.21545,127.0570667,2025-10-31,37807.0,31240,경기도 화성시,경기BIS
GGB233001731,상록예가.동탄1호어린이공원,37.2158667,127.0572167,2025-10-31,37808.0,31240,경기도 화성시,경기BIS
GGB233001732,쌍용상록아파트,37.2167,127.0554833,2025-10-31,37709.0,31240,경기도 화성시,경기BIS
GGB233001733,서해그랑블아파트,37.1988,127.0702667,2025-10-31,37851.0,31240,경기도 화성시,경기BIS
GGB233001734,복합문화센터,37.2011167,127.0711,2025-10-31,37852.0,31240,경기도 화성시,경기BIS
GGB233001735,동탄보건지소.우체국,37.2071,127.0765667,2025-10-31,37853.0,31240,경기도 화성시,경기BIS
GGB233001736,대우푸르지오.예당고등학교,37.2085,127.07895,2025-10-31,37854.0,31240,경기도 화성시,경기BIS
GGB233001737,전곡산업단지,37.1854667,126.6720833,2025-10-31,37258.0,31240,경기도 화성시,경기BIS
GGB233002969,우림주공아파트,37.12975,126.9018167,2025-10-31,37138.0,31240,경기도 화성시,경기BIS
GGB233002970,화성시보건소앞,37.1296,126.9048,2025-10-31,55716.0,31240,경기도 화성시,경기BIS
GGB233002971,화성시보건소앞,37.1297833,126.9048833,2025-10-31,55735.0,31240,경기도 화성시,경기BIS
GGB233002972,한국폴리텍대학,37.1297667,126.8876833,2025-10-31,37360.0,31240,경기도 화성시,경기BIS
GGB233002973,봉담2.LH2단지,37.2218333,126.9447167,2025-10-31,55671.0,31240,경기도 화성시,경기BIS
GGB233002974,주공7단지,37.1331667,126.9243667,2025-10-31,55924.0,31240,경기도 화성시,경기BIS
GGB233002980,(임시)동탄파크릭스,37.1912,127.1416833,2025-10-31,0.0,31240,경기도 화성시,경기BIS
GGB233002981,(임시)행복주택,37.1881833,127.1415167,2025-10-31,0.0,31240,경기도 화성시,경기BIS
GGB233002984,화성그린환경센터,37.1507667,126.9362,2025-10-31,55025.0,31240,경기도 화성시,경기BIS
GGB233002986,괘랑리,37.1713833,126.98075,2025-10-31,55451.0,31240,경기도 화성시,경기BIS
GGB233002987,괘랑리,37.1721,126.9807,2025-10-31,55452.0,31240,경기도 화성시,경기BIS
GGB233002988,마하리입구,37.17665,126.9429667,2025-10-31,0.0,31240,경기도 화성시,경기BIS
GGB233002989,마하리입구,37.1767333,126.9429333,2025-10-31,0.0,31240,경기도 화성시,경기BIS
GGB233002991,상신5리.문화마을,37.0955833,126.88555,2025-10-31,0.0,31240,경기도 화성시,경기BIS
GGB233002992,소망슈퍼,37.0947,126.8869667,2025-10-31,0.0,31240,경기도 화성시,경기BIS
GGB233002993,구문천4리입구,37.08995,126.8912333,2025-10-31,0.0,31240,경기도 화성시,경기BIS
GGB233002994,구문천4리입구,37.09005,126.8912667,2025-10-31,0.0,31240,경기도 화성시,경기BIS
GGB233002995,구문천4리종점,37.0883167,126.8962333,2025-10-31,0.0,31240,경기도 화성시,경기BIS
GGB233002996,어도종점,37.2467333,126.6547,2025-10-31,60130.0,31240,경기도 화성시,경기BIS
GGB233002997,하길4리종점,37.0850333,126.9202333,2025-10-31,55367.0,31240,경기도 화성시,경기BIS
GGB233002998,정미소앞,37.10535,126.8940333,2025-10-31,0.0,31240,경기도 화성시,경기BIS
GGB233002999,신리주유소앞,37.1628167,126.9763167,2025-10-31,37198.0,31240,경기도 화성시,경기BIS
GGB233003000,상신3리.검정골,37.0989167,126.90275,2025-10-31,37172.0,31240,경기도 화성시,경기BIS
GGB233003002,지화2리,37.21165,126.67665,2025-10-31,36346.0,31240,경기도 화성시,경기BIS
GGB233003004,신남3통.은강교,37.1752667,126.8089,2025-10-31,0.0,31240,경기도 화성시,경기BIS
GGB233003005,신남3통.은강교,37.17535,126.8089,2025-10-31,0.0,31240,경기도 화성시,경기BIS
GGB233003006,마도파출소,37.2056667,126.7743667,2025-10-31,60041.0,31240,경기도 화성시,경기BIS
GGB233003007,매송면복지센터후문,37.2514667,126.9091833,2025-10-31,0.0,31240,경기도 화성시,경기BIS
GGB233003008,매송면복지센터후문,37.2514,126.9091167,2025-10-31,0.0,31240,경기도 화성시,경기BIS
GGB233003009,매송농협창고,37.2521167,126.9073833,2025-10-31,0.0,31240,경기도 화성시,경기BIS
GGB233003010,숙곡리삼거리,37.2532667,126.9045667,2025-10-31,60110.0,31240,경기도 화성시,경기BIS
GGB233003011,숙곡리삼거리,37.25305,126.9040167,2025-10-31,60111.0,31240,경기도 화성시,경기BIS
GGB233003012,송라리,37.2819167,126.9088833,2025-10-31,55453.0,31240,경기도 화성시,경기BIS
GGB233003013,송라2리낚시터,37.2843167,126.9047333,2025-10-31,0.0,31240,경기도 화성시,경기BIS
GGB233003014,송라리,37.2809333,126.8943,2025-10-31,0.0,31240,경기도 화성시,경기BIS
GGB233003015,원리다세대주택,37.2795333,126.8904667,2025-10-31,0.0,31240,경기도 화성시,경기BIS
GGB233003016,원리마을회관,37.2787333,126.8874667,2025-10-31,0.0,31240,경기도 화성시,경기BIS
GGB233003017,야목3리.당골마을,37.2666833,126.87775,2025-10-31,0.0,31240,경기도 화성시,경기BIS
GGB233003018,야목3리.당골마을,37.2666667,126.87765,2025-10-31,0.0,31240,경기도 화성시,경기BIS
GGB233003019,야목1리,37.2572333,126.8925833,2025-10-31,37178.0,31240,경기도 화성시,경기BIS
GGB233003020,수원대입구,37.2143833,126.9778833,2025-10-31,55743.0,31240,경기도 화성시,경기BIS
GGB233003021,수원대입구,37.2142833,126.9779833,2025-10-31,55744.0,31240,경기도 화성시,경기BIS
GGB233003022,쌍용아파트,37.2421167,126.9517667,2025-10-31,37113.0,31240,경기도 화성시,경기BIS
GGB233003023,남양뉴타운9단지,37.2093833,126.83505,2025-10-31,55682.0,31240,경기도 화성시,경기BIS
GGB233003024,남양뉴타운9단지,37.20955,126.8344167,2025-10-31,55683.0,31240,경기도 화성시,경기BIS
GGB233003025,상안리,37.1718167,126.7002833,2025-10-31,0.0,31240,경기도 화성시,경기BIS
GGB233003026,서해랑케이블카.제부초소,37.1747167,126.631,2025-10-31,0.0,31240,경기도 화성시,경기BIS
GGB233003027,통나무횟집,37.1754,126.62575,2025-10-31,0.0,31240,경기도 화성시,경기BIS
GGB233003028,선착장,37.1768833,126.6220167,2025-10-31,0.0,31240,경기도 화성시,경기BIS
GGB233003029,해안산책로,37.1726167,126.6180167,2025-10-31,0.0,31240,경기도 화성시,경기BIS
GGB233003030,그린팬션,37.1669667,126.6187667,2025-10-31,0.0,31240,경기도 화성시,경기BIS
GGB233003031,제부랜드놀이동산,37.1646833,126.6191167,2025-10-31,0.0,31240,경기도 화성시,경기BIS
GGB233003032,동미산입구,37.1635667,126.6192833,2025-10-31,60007.0,31240,경기도 화성시,경기BIS
GGB233003033,갯벌민박앞,37.1657833,126.6252333,2025-10-31,0.0,31240,경기도 화성시,경기BIS
GGB233003034,캠핑장입구,37.1692833,126.6283,2025-10-31,0.0,31240,경기도 화성시,경기BIS
GGB233003035,하와이앞,37.1723,126.6294333,2025-10-31,0.0,31240,경기도 화성시,경기BIS
GGB233003036,제부마을입구,37.1672333,126.6267833,2025-10-31,0.0,31240,경기도 화성시,경기BIS
GGB233003037,서해랑케이블카.제부초소,37.1744333,126.6313667,2025-10-31,0.0,31240,경기도 화성시,경기BIS
GGB233003038,쟁이골,37.1815333,126.68965,2025-10-31,0.0,31240,경기도 화성시,경기BIS
GGB233003039,한맥중공업,37.15035,126.69665,2025-10-31,0.0,31240,경기도 화성시,경기BIS
GGB233003042,백미리사랑방,37.1432667,126.6830167,2025-10-31,0.0,31240,경기도 화성시,경기BIS
GGB233003043,한맥중공업,37.1502833,126.6967833,2025-10-31,0.0,31240,경기도 화성시,경기BIS
GGB233003044,베라체.목동초,37.1902167,127.1245167,2025-10-31,55550.0,31240,경기도 화성시,경기BIS
GGB233003045,신리입구,37.18075,127.1243167,2025-10-31,55576.0,31240,경기도 화성시,경기BIS
GGB233003046,금강펜테리움2차,37.17685,127.1148833,2025-10-31,55577.0,31240,경기도 화성시,경기BIS
GGB233003047,금강펜테리움2차,37.1767,127.11475,2025-10-31,55578.0,31240,경기도 화성시,경기BIS
GGB233003048,반도유보라,37.1812333,127.1049667,2025-10-31,55411.0,31240,경기도 화성시,경기BIS
GGB233003049,반도유보라,37.1813,127.1052167,2025-10-31,55412.0,31240,경기도 화성시,경기BIS
GGB233003050,신리입구,37.1807333,127.1245333,2025-10-31,55579.0,31240,경기도 화성시,경기BIS
GGB233003051,향남시외터미널,37.1330167,126.9220667,2025-10-31,55328.0,31240,경기도 화성시,경기BIS
GGB233003052,향남시외터미널,37.13295,126.9220667,2025-10-31,55329.0,31240,경기도 화성시,경기BIS
GGB233003053,능동지성로사거리,37.2125333,127.0548,2025-10-31,37219.0,31240,경기도 화성시,경기BIS
GGB233003054,제부도교차로,37.1729167,126.6580167,2025-10-31,60067.0,31240,경기도 화성시,경기BIS
GGB233003055,제부소방서.보건소,37.16335,126.62225,2025-10-31,0.0,31240,경기도 화성시,경기BIS
GGB233003056,제부도교차로,37.1728,126.6578833,2025-10-31,60068.0,31240,경기도 화성시,경기BIS
GGB233003057,능동양우내안에아파트,37.20155,127.0518667,2025-10-31,55943.0,31240,경기도 화성시,경기BIS
GGB233003058,능동양우내안에아파트,37.20135,127.0519167,2025-10-31,55944.0,31240,경기도 화성시,경기BIS
GGB233003069,시2리,37.2423333,126.8023667,2025-10-31,36547.0,31240,경기도 화성시,경기BIS
GGB233003070,시2리,37.2422333,126.8022,2025-10-31,36546.0,31240,경기도 화성시,경기BIS
GGB233000604,안녕농협삼거리,37.2052833,127.01425,2025-10-31,36312.0,31240,경기도 화성시,경기BIS
GGB233000605,관항2리,37.1770167,126.9792,2025-10-31,36203.0,31240,경기도 화성시,경기BIS
GGB233000606,보통2리,37.1909833,126.9799333,2025-10-31,36196.0,31240,경기도 화성시,경기BIS
GGB233000607,남산공단입구,37.19885,126.9840333,2025-10-31,36246.0,31240,경기도 화성시,경기BIS
GGB233000608,그린피아호텔,37.2035167,126.9827,2025-10-31,36228.0,31240,경기도 화성시,경기BIS
GGB233000609,그린피아호텔,37.2035167,126.9828667,2025-10-31,36229.0,31240,경기도 화성시,경기BIS
GGB233000610,남산공단입구,37.1988333,126.98435,2025-10-31,36249.0,31240,경기도 화성시,경기BIS
GGB233000611,보통2리,37.1903667,126.9793833,2025-10-31,36206.0,31240,경기도 화성시,경기BIS
GGB233000612,문학1리,37.1525667,126.9632167,2025-10-31,36739.0,31240,경기도 화성시,경기BIS
GGB233000613,외골,37.1538333,126.96865,2025-10-31,37606.0,31240,경기도 화성시,경기BIS
GGB233000614,양노리입구,37.2157667,126.8579,2025-10-31,55840.0,31240,경기도 화성시,경기BIS
GGB233000615,양노리입구,37.2156167,126.8577,2025-10-31,55841.0,31240,경기도 화성시,경기BIS
GGB233000616,대양1리.포도원,37.1007167,126.9373667,2025-10-31,36087.0,31240,경기도 화성시,경기BIS
GGB233000617,향남주공2단지,37.1169833,126.9172667,2025-10-31,37283.0,31240,경기도 화성시,경기BIS
GGB233000618,방축리,37.1200333,126.9186667,2025-10-31,37281.0,31240,경기도 화성시,경기BIS
GGB233000620,대양1리.포도원,37.1008833,126.9374667,2025-10-31,36088.0,31240,경기도 화성시,경기BIS
GGB233000621,한미공조앞,37.1177,126.9560167,2025-10-31,36749.0,31240,경기도 화성시,경기BIS
GGB233000622,백토1리,37.1165667,126.9502667,2025-10-31,37383.0,31240,경기도 화성시,경기BIS
GGB233000623,백토리사거리,37.1176,126.9438167,2025-10-31,36748.0,31240,경기도 화성시,경기BIS
GGB233000624,향남초등학교,37.1186833,126.9424833,2025-10-31,36747.0,31240,경기도 화성시,경기BIS
GGB233000625,백토1리,37.1177,126.9438667,2025-10-31,37465.0,31240,경기도 화성시,경기BIS
GGB233000626,백토1리,37.1166833,126.95015,2025-10-31,37382.0,31240,경기도 화성시,경기BIS
GGB233000627,송곡리,37.1286667,126.9671167,2025-10-31,37330.0,31240,경기도 화성시,경기BIS
GGB233000628,동오리,37.1308167,126.9593833,2025-10-31,37327.0,31240,경기도 화성시,경기BIS
GGB233000629,동오사거리,37.1308,126.9509333,2025-10-31,37322.0,31240,경기도 화성시,경기BIS
GGB233000630,관리입구,37.1316,126.94755,2025-10-31,37317.0,31240,경기도 화성시,경기BIS
GGB233000631,봉담초,37.22395,126.9453167,2025-10-31,55672.0,31240,경기도 화성시,경기BIS
GGB233000632,발안초등학교,37.1310333,126.9121667,2025-10-31,37464.0,31240,경기도 화성시,경기BIS
GGB233000633,향남읍행정복지센터,37.13175,126.9191167,2025-10-31,37288.0,31240,경기도 화성시,경기BIS
GGB233000634,관리입구,37.1318,126.9476833,2025-10-31,37318.0,31240,경기도 화성시,경기BIS
GGB233000635,동오사거리,37.1311333,126.95155,2025-10-31,37323.0,31240,경기도 화성시,경기BIS
GGB233000636,용수리,37.1687333,126.9999667,2025-10-31,36280.0,31240,경기도 화성시,경기BIS
GGB233000637,용수리,37.1688833,126.9999333,2025-10-31,36279.0,31240,경기도 화성시,경기BIS
GGB233000638,양노공단,37.22095,126.8587333,2025-10-31,55842.0,31240,경기도 화성시,경기BIS
GGB233000639,양노공단,37.2208,126.8585333,2025-10-31,55843.0,31240,경기도 화성시,경기BIS
GGB233000640,진안동,37.2133,127.0405333,2025-10-31,36355.0,31240,경기도 화성시,경기BIS
GGB233000641,병점화남아파트,37.2119667,127.03755,2025-10-31,36347.0,31240,경기도 화성시,경기BIS
GGB233000642,동문아파트,37.2053667,127.0222333,2025-10-31,36327.0,31240,경기도 화성시,경기BIS
GGB233000643,송산동입구,37.2055667,127.0172,2025-10-31,36315.0,31240,경기도 화성시,경기BIS
GGB233000644,북촌말입구,37.2026833,127.0136,2025-10-31,36311.0,31240,경기도 화성시,경기BIS
GGB233000645,신한미지엔아파트앞,37.1999167,127.0086,2025-10-31,36304.0,31240,경기도 화성시,경기BIS
GGB233000646,돌고지,37.19415,127.0057167,2025-10-31,36293.0,31240,경기도 화성시,경기BIS
GGB233000647,뱅뱅이,37.1880667,127.006,2025-10-31,36292.0,31240,경기도 화성시,경기BIS
GGB233000648,앞말,37.18375,127.0020333,2025-10-31,36283.0,31240,경기도 화성시,경기BIS
GGB233000649,새터말,37.1831667,126.9971833,2025-10-31,36277.0,31240,경기도 화성시,경기BIS
GGB233000650,괘랑2리.차운혁충신정려문,37.18275,126.9933,2025-10-31,36275.0,31240,경기도 화성시,경기BIS
GGB233000651,빼골,37.1799833,126.98835,2025-10-31,36261.0,31240,경기도 화성시,경기BIS
GGB233000652,왕재고개,37.1762167,126.9863833,2025-10-31,36259.0,31240,경기도 화성시,경기BIS
GGB233000653,정남파출소,37.1732667,126.9840333,2025-10-31,36240.0,31240,경기도 화성시,경기BIS
GGB233000654,정남도서관,37.1688,126.98335,2025-10-31,36231.0,31240,경기도 화성시,경기BIS
GGB233000655,정남초등학교,37.1676167,126.9839,2025-10-31,36238.0,31240,경기도 화성시,경기BIS
GGB233000656,동남아파트,37.1635833,126.9835667,2025-10-31,36236.0,31240,경기도 화성시,경기BIS
GGB233000657,샘터교차로,37.2063667,126.8047167,2025-10-31,36394.0,31240,경기도 화성시,경기BIS
GGB233000658,발산리,37.1555333,126.9819167,2025-10-31,36225.0,31240,경기도 화성시,경기BIS
GGB233000659,계향2리,37.1523833,126.9813333,2025-10-31,37571.0,31240,경기도 화성시,경기BIS
GGB233000660,동남아파트,37.1632333,126.9833333,2025-10-31,36235.0,31240,경기도 화성시,경기BIS
GGB233000661,정남초등학교,37.1679,126.9835,2025-10-31,36237.0,31240,경기도 화성시,경기BIS
GGB233000662,양노공단입구,37.2242167,126.8590667,2025-10-31,55844.0,31240,경기도 화성시,경기BIS
GGB233000663,정남농협,37.1698167,126.9832833,2025-10-31,36234.0,31240,경기도 화성시,경기BIS
GGB233000664,왕재고개,37.1761833,126.9862333,2025-10-31,36254.0,31240,경기도 화성시,경기BIS
GGB233000665,새터말,37.1835333,126.9962,2025-10-31,36276.0,31240,경기도 화성시,경기BIS
GGB233000666,돌고지,37.1939333,127.0054,2025-10-31,36290.0,31240,경기도 화성시,경기BIS
GGB233000667,신한미지엔아파트앞,37.20035,127.00915,2025-10-31,36305.0,31240,경기도 화성시,경기BIS
GGB233000668,안녕동,37.2037,127.01425,2025-10-31,36313.0,31240,경기도 화성시,경기BIS
GGB233000669,송산동입구,37.20585,127.0177833,2025-10-31,36318.0,31240,경기도 화성시,경기BIS
GGB233000670,안용중학교.현충공원,37.2056,127.02205,2025-10-31,36328.0,31240,경기도 화성시,경기BIS
GGB233000671,진안동,37.2130167,127.0393,2025-10-31,36354.0,31240,경기도 화성시,경기BIS
GGB233000672,양노공단입구,37.22405,126.8588,2025-10-31,55845.0,31240,경기도 화성시,경기BIS
GGB233000673,덕우리마을입구,37.1350333,126.8636833,2025-10-31,55847.0,31240,경기도 화성시,경기BIS
GGB233000674,누락골,37.1313167,126.86285,2025-10-31,55848.0,31240,경기도 화성시,경기BIS
GGB233000675,누락골,37.13135,126.8633167,2025-10-31,55849.0,31240,경기도 화성시,경기BIS
GGB233000676,동부출장소앞,37.2080833,127.0361333,2025-10-31,36756.0,31240,경기도 화성시,경기BIS
GGB233000677,덕우리마을입구,37.1352167,126.8638333,2025-10-31,55850.0,31240,경기도 화성시,경기BIS
GGB233000678,상기2리,37.1975833,126.9152,2025-10-31,55851.0,31240,경기도 화성시,경기BIS
GGB233000679,활초리삼구정,37.1732333,126.83485,2025-10-31,60059.0,31240,경기도 화성시,경기BIS
GGB233000680,요리중말,37.11045,126.9656667,2025-10-31,36467.0,31240,경기도 화성시,경기BIS
GGB233000683,요리중말,37.11045,126.9659333,2025-10-31,36471.0,31240,경기도 화성시,경기BIS
GGB233000684,육일1리입구,37.2085833,126.7246667,2025-10-31,37195.0,31240,경기도 화성시,경기BIS
GGB233000685,신동탄푸르지오,37.2281333,127.0461,2025-10-31,36755.0,31240,경기도 화성시,경기BIS
GGB233000686,신동탄푸르지오,37.2289167,127.04605,2025-10-31,36754.0,31240,경기도 화성시,경기BIS
GGB233001738,주공6단지,37.21285,127.0509667,2025-10-31,37799.0,31240,경기도 화성시,경기BIS
GGB233001739,주공6단지입구,37.2117,127.05025,2025-10-31,37795.0,31240,경기도 화성시,경기BIS
GGB233001740,코스코밸리아파트,37.1987,126.7220667,2025-10-31,55356.0,31240,경기도 화성시,경기BIS
GGB233001741,호수부영5차.아이파크,37.1660167,127.1139333,2025-10-31,55502.0,31240,경기도 화성시,경기BIS
GGB233001742,마도산업단지,37.1813167,126.7862,2025-10-31,37768.0,31240,경기도 화성시,경기BIS
GGB233001743,마도산업단지,37.1811667,126.7857333,2025-10-31,37752.0,31240,경기도 화성시,경기BIS
GGB233001744,화남산단삼거리,37.1642667,126.6721,2025-10-31,37769.0,31240,경기도 화성시,경기BIS
GGB233001745,마도교차로,37.1909833,126.79315,2025-10-31,37753.0,31240,경기도 화성시,경기BIS
GGB233001746,현대아파트,37.1970667,126.8245167,2025-10-31,37771.0,31240,경기도 화성시,경기BIS
GGB233001747,현대아파트,37.19725,126.8242333,2025-10-31,37767.0,31240,경기도 화성시,경기BIS
GGB233001748,아이파크.호수부영5차,37.1657667,127.11435,2025-10-31,55503.0,31240,경기도 화성시,경기BIS
GGB233001749,남양중고입구.기아남양점,37.2058,126.8203333,2025-10-31,37774.0,31240,경기도 화성시,경기BIS
GGB233001750,창곡3리.독골,37.1781167,126.8896,2025-10-31,37766.0,31240,경기도 화성시,경기BIS
GGB233001751,창곡3리,37.1774,126.8897167,2025-10-31,37761.0,31240,경기도 화성시,경기BIS
GGB233001752,창곡2리교회앞,37.1855833,126.8846167,2025-10-31,37772.0,31240,경기도 화성시,경기BIS
GGB233001753,호수부영4차.아이파크,37.1658167,127.1091333,2025-10-31,55504.0,31240,경기도 화성시,경기BIS
GGB233001754,아이파크.호수부영4차,37.1655167,127.1092667,2025-10-31,55505.0,31240,경기도 화성시,경기BIS
GGB233001755,동문아파트.협성대학교.봉담중고교,37.2173167,126.9525667,2025-10-31,37764.0,31240,경기도 화성시,경기BIS
GGB233001756,하나로마트.화성고용센터,37.2178333,126.9589667,2025-10-31,37756.0,31240,경기도 화성시,경기BIS
GGB233001757,동화휴먼시아3.4단지.봉담우체국,37.2162333,126.9615167,2025-10-31,37773.0,31240,경기도 화성시,경기BIS
GGB233001758,동화휴먼시아6단지,37.2148333,126.9605833,2025-10-31,37762.0,31240,경기도 화성시,경기BIS
GGB233001760,외국인복지센터,37.0866833,126.90705,2025-10-31,37811.0,31240,경기도 화성시,경기BIS
GGB233001761,구문천공원,37.0866167,126.9048167,2025-10-31,37812.0,31240,경기도 화성시,경기BIS
GGB233001762,향남2교차로,37.1107167,126.9282833,2025-10-31,55740.0,31240,경기도 화성시,경기BIS
GGB233001763,현동목장앞,37.0771667,126.8982333,2025-10-31,37813.0,31240,경기도 화성시,경기BIS
GGB233001764,양지말입구,37.2052,126.7157833,2025-10-31,37815.0,31240,경기도 화성시,경기BIS
GGB233001765,현동목장앞,37.0773333,126.8988833,2025-10-31,37816.0,31240,경기도 화성시,경기BIS
GGB233001766,향남2교차로,37.111,126.9286333,2025-10-31,55741.0,31240,경기도 화성시,경기BIS
GGB233001767,구문천공원,37.0863167,126.9047,2025-10-31,37817.0,31240,경기도 화성시,경기BIS
GGB233001768,메탈산업단지,37.0864833,126.9096167,2025-10-31,37818.0,31240,경기도 화성시,경기BIS
GGB233001769,장짐교차로.축산농협,37.1355833,126.9109,2025-10-31,37809.0,31240,경기도 화성시,경기BIS
GGB233001770,장명초교입구,37.05585,126.8556167,2025-10-31,37823.0,31240,경기도 화성시,경기BIS
GGB233001771,삼주농장입구,37.0659667,126.8530833,2025-10-31,37796.0,31240,경기도 화성시,경기BIS
GGB233001772,위닉스,37.07475,126.8564,2025-10-31,37791.0,31240,경기도 화성시,경기BIS
GGB233001773,독정3리,37.0796667,126.86405,2025-10-31,37842.0,31240,경기도 화성시,경기BIS
GGB233001774,위닉스,37.0753167,126.8563333,2025-10-31,37793.0,31240,경기도 화성시,경기BIS
GGB233001775,어은1리한양빌라앞,37.0979333,126.8369167,2025-10-31,37800.0,31240,경기도 화성시,경기BIS
GGB233001776,장자터,37.0664833,126.8021667,2025-10-31,37834.0,31240,경기도 화성시,경기BIS
GGB233001777,매향3리입구,37.052,126.7649,2025-10-31,37835.0,31240,경기도 화성시,경기BIS
GGB233001778,매향3리회센터,37.05505,126.7572167,2025-10-31,37836.0,31240,경기도 화성시,경기BIS
GGB233001779,매향3리.가로지입구,37.0518167,126.7648,2025-10-31,37838.0,31240,경기도 화성시,경기BIS
GGB233001780,장자터,37.0664167,126.80225,2025-10-31,37839.0,31240,경기도 화성시,경기BIS
GGB233001781,자연앤데시앙,37.2080667,127.05475,2025-10-31,37863.0,31240,경기도 화성시,경기BIS
GGB233001782,한림대병원(중),37.2166333,127.0781167,2025-10-31,37864.0,31240,경기도 화성시,경기BIS
GGB233001784,한각1리,37.0955833,126.79765,2025-10-31,37797.0,31240,경기도 화성시,경기BIS
GGB233001785,의료복합,37.1833833,127.11545,2025-10-31,55506.0,31240,경기도 화성시,경기BIS
GGB233001786,봉래사,37.1053,126.7980333,2025-10-31,37825.0,31240,경기도 화성시,경기BIS
GGB233001787,한마음초교.광명메이루즈,37.2075833,127.05705,2025-10-31,37734.0,31240,경기도 화성시,경기BIS
GGB233001788,양감초등학교.중학교,37.0808167,126.9504833,2025-10-31,37856.0,31240,경기도 화성시,경기BIS
GGB233001789,신왕리,37.07495,126.9451167,2025-10-31,37857.0,31240,경기도 화성시,경기BIS
GGB233001790,신왕2리마을회관,37.0722333,126.9498,2025-10-31,37858.0,31240,경기도 화성시,경기BIS
GGB233001791,신왕리,37.0749,126.94515,2025-10-31,37855.0,31240,경기도 화성시,경기BIS
GGB233001792,양감초중교,37.0807167,126.9505,2025-10-31,37987.0,31240,경기도 화성시,경기BIS
GGB233001793,구문천5리(회차),37.0755333,126.8898,2025-10-31,37814.0,31240,경기도 화성시,경기BIS
GGB233001794,발안식염온천,37.0927333,126.8663833,2025-10-31,37840.0,31240,경기도 화성시,경기BIS
GGB233001795,독정4리,37.0793,126.8692,2025-10-31,37841.0,31240,경기도 화성시,경기BIS
GGB233001797,금의1리복지회관,37.1077833,126.823,2025-10-31,37844.0,31240,경기도 화성시,경기BIS
GGB233001798,신리천리베라마을,37.1862667,127.1016667,2025-10-31,55507.0,31240,경기도 화성시,경기BIS
GGB233001799,궁평항,37.1149833,126.6837833,2025-10-31,37837.0,31240,경기도 화성시,경기BIS
GGB233001800,화수농원,37.1099333,126.7984167,2025-10-31,37826.0,31240,경기도 화성시,경기BIS
GGB233001801,화수2리입구,37.1084833,126.7937167,2025-10-31,37827.0,31240,경기도 화성시,경기BIS
GGB233001802,화수3리입구,37.1089,126.7915333,2025-10-31,37828.0,31240,경기도 화성시,경기BIS
GGB233001803,화수3리노인회관,37.1062167,126.7890833,2025-10-31,37829.0,31240,경기도 화성시,경기BIS
GGB233001804,화수3리입구,37.1088667,126.7915667,2025-10-31,37830.0,31240,경기도 화성시,경기BIS
GGB233001805,화수2리입구,37.1084333,126.7937,2025-10-31,37831.0,31240,경기도 화성시,경기BIS
GGB233001806,화수농원앞,37.1098667,126.7984167,2025-10-31,37832.0,31240,경기도 화성시,경기BIS
GGB233001807,장안9리,37.05655,126.8689,2025-10-31,37819.0,31240,경기도 화성시,경기BIS
GGB233001808,장안7리,37.0499833,126.8669333,2025-10-31,37820.0,31240,경기도 화성시,경기BIS
GGB233001809,장안6리,37.0512667,126.8598333,2025-10-31,37821.0,31240,경기도 화성시,경기BIS
GGB233001810,장안6리노인회관,37.0513667,126.8575667,2025-10-31,37822.0,31240,경기도 화성시,경기BIS
GGB233001811,제부도유원지,37.1742167,126.65605,2025-10-31,60064.0,31240,경기도 화성시,경기BIS
GGB233001812,농심물류센터,37.1364333,126.9556833,2025-10-31,37833.0,31240,경기도 화성시,경기BIS
GGB233001813,신리천리베라마을,37.1858,127.10235,2025-10-31,55508.0,31240,경기도 화성시,경기BIS
GGB233001814,멱우2리회관앞,37.1025333,126.8211,2025-10-31,37845.0,31240,경기도 화성시,경기BIS
GGB233001816,어은삼거리,37.08555,126.8265667,2025-10-31,37792.0,31240,경기도 화성시,경기BIS
GGB233001817,이마트.한림대병원,37.2153167,127.0791333,2025-10-31,37879.0,31240,경기도 화성시,경기BIS
GGB233001818,신리앞,37.1631333,126.9774,2025-10-31,37859.0,31240,경기도 화성시,경기BIS
GGB233003071,가시리마을,37.24065,126.8025833,2025-10-31,36548.0,31240,경기도 화성시,경기BIS
GGB233003072,들고개,37.2322333,126.8043333,2025-10-31,36553.0,31240,경기도 화성시,경기BIS
GGB233003073,들고개,37.2322,126.8042167,2025-10-31,36552.0,31240,경기도 화성시,경기BIS
GGB233003074,문호1리,37.2629833,126.8034,2025-10-31,36538.0,31240,경기도 화성시,경기BIS
GGB233003075,문호1리,37.2628167,126.8035167,2025-10-31,36539.0,31240,경기도 화성시,경기BIS
GGB233003076,송림동입구,37.21745,126.81995,2025-10-31,0.0,31240,경기도 화성시,경기BIS
GGB233003077,송림동입구,37.2167333,126.8197167,2025-10-31,0.0,31240,경기도 화성시,경기BIS
GGB233003078,수화1리,37.2535,126.8164833,2025-10-31,36520.0,31240,경기도 화성시,경기BIS
GGB233003079,수화리,37.2572833,126.8177333,2025-10-31,36522.0,31240,경기도 화성시,경기BIS
GGB233003080,수화2리.양철이,37.2481833,126.8183167,2025-10-31,36516.0,31240,경기도 화성시,경기BIS
GGB233003081,음실골,37.20945,126.8040667,2025-10-31,60036.0,31240,경기도 화성시,경기BIS
GGB233003082,양노3리,37.2267667,126.8577167,2025-10-31,55393.0,31240,경기도 화성시,경기BIS
GGB233003084,동탄역(서측),37.1995833,127.0960833,2025-10-31,55398.0,31240,경기도 화성시,경기BIS
GGB233003085,동탄역(동측),37.19985,127.0962833,2025-10-31,55399.0,31240,경기도 화성시,경기BIS
GGB233003086,황구지천.송산교앞,37.2055167,127.0246167,2025-10-31,55413.0,31240,경기도 화성시,경기BIS
GGB233003087,황구지천.송산교앞,37.2057833,127.0246833,2025-10-31,55414.0,31240,경기도 화성시,경기BIS
GGB233003088,병점성호플레르빌,37.2007833,127.0234333,2025-10-31,55415.0,31240,경기도 화성시,경기BIS
GGB233003089,병점성호플레르빌,37.2009333,127.02365,2025-10-31,55416.0,31240,경기도 화성시,경기BIS
GGB233003090,대광빌라,37.1993,127.0233,2025-10-31,55417.0,31240,경기도 화성시,경기BIS
GGB233003091,대광빌라,37.1992,127.0234167,2025-10-31,55418.0,31240,경기도 화성시,경기BIS
GGB233003092,우미린2차.호수부영3차,37.1713,127.10645,2025-10-31,55419.0,31240,경기도 화성시,경기BIS
GGB233003093,호수부영3차.우미린2차,37.1716333,127.1069333,2025-10-31,55420.0,31240,경기도 화성시,경기BIS
GGB233003094,송라리,37.2818667,126.9083,2025-10-31,55421.0,31240,경기도 화성시,경기BIS
GGB233003095,추모공원,37.1991833,126.8825167,2025-10-31,55422.0,31240,경기도 화성시,경기BIS
GGB233003096,추모공원,37.1992833,126.8824833,2025-10-31,55423.0,31240,경기도 화성시,경기BIS
GGB233003097,효행초.한신더휴에듀파크,37.2157,126.9656333,2025-10-31,55424.0,31240,경기도 화성시,경기BIS
GGB233003098,효행초.한신더휴에듀파크,37.2161167,126.96705,2025-10-31,55425.0,31240,경기도 화성시,경기BIS
GGB233003099,바이오단지입구,37.1723,126.77375,2025-10-31,55426.0,31240,경기도 화성시,경기BIS
GGB233003104,송화초교.양우내안애,37.2012167,127.0400167,2025-10-31,55431.0,31240,경기도 화성시,경기BIS
GGB233003105,용수말,37.17165,126.9994333,2025-10-31,55432.0,31240,경기도 화성시,경기BIS
GGB233003106,남양뉴타운1단지,37.2084833,126.8331667,2025-10-31,55433.0,31240,경기도 화성시,경기BIS
GGB233003107,남양뉴타운4단지,37.2105833,126.8324833,2025-10-31,55434.0,31240,경기도 화성시,경기BIS
GGB233003108,남양동광뷰엘,37.2085,126.82995,2025-10-31,55435.0,31240,경기도 화성시,경기BIS
GGB233003109,남양동광뷰엘,37.20875,126.8300833,2025-10-31,55436.0,31240,경기도 화성시,경기BIS
GGB233003110,남양고,37.2057333,126.82565,2025-10-31,55437.0,31240,경기도 화성시,경기BIS
GGB233003112,삼지전자,37.1668333,127.07855,2025-10-31,55459.0,31240,경기도 화성시,경기BIS
GGB233003113,삼지전자,37.1669167,127.0786667,2025-10-31,55460.0,31240,경기도 화성시,경기BIS
GGB233003114,매향3리선착장,37.0742167,126.7332,2025-10-31,36991.0,31240,경기도 화성시,경기BIS
GGB233003115,매향3리선착장,37.0739833,126.7329,2025-10-31,36992.0,31240,경기도 화성시,경기BIS
GGB233003116,구름교차로,37.1940833,126.6709,2025-10-31,37893.0,31240,경기도 화성시,경기BIS
GGB233003117,구름교차로,37.19365,126.6723667,2025-10-31,37595.0,31240,경기도 화성시,경기BIS
GGB233003118,서신중학교후문,37.1699,126.70175,2025-10-31,55514.0,31240,경기도 화성시,경기BIS
GGB233003119,서신중학교후문,37.1699667,126.7018,2025-10-31,55515.0,31240,경기도 화성시,경기BIS
GGB233003120,반도유보라6차,37.2048667,127.09085,2025-10-31,55516.0,31240,경기도 화성시,경기BIS
GGB233003121,반도유보라6차,37.2045833,127.091,2025-10-31,55517.0,31240,경기도 화성시,경기BIS
GGB233003122,동탄2차고지,37.1554,127.10165,2025-10-31,55518.0,31240,경기도 화성시,경기BIS
GGB233003123,동탄2차고지,37.1555167,127.1012667,2025-10-31,55519.0,31240,경기도 화성시,경기BIS
GGB233003124,동탄테크노밸리,37.21245,127.0995167,2025-10-31,55520.0,31240,경기도 화성시,경기BIS
GGB233003125,동탄테크노밸리,37.2122833,127.0988333,2025-10-31,55521.0,31240,경기도 화성시,경기BIS
GGB233003126,아이원.호수자이파밀리에,37.1611167,127.10485,2025-10-31,55522.0,31240,경기도 화성시,경기BIS
GGB233003127,금호어울림.계룡리슈빌,37.1639,127.1068833,2025-10-31,55523.0,31240,경기도 화성시,경기BIS
GGB233003128,동탄호수공원.부영4차,37.1668,127.10695,2025-10-31,55524.0,31240,경기도 화성시,경기BIS
GGB233003129,호반6차,37.1572333,127.1125167,2025-10-31,55525.0,31240,경기도 화성시,경기BIS
GGB233003130,롯데캐슬.제일풍경채,37.1579167,127.1089,2025-10-31,55526.0,31240,경기도 화성시,경기BIS
GGB233003131,호수자이파밀리에,37.1592167,127.1060333,2025-10-31,55527.0,31240,경기도 화성시,경기BIS
GGB233003132,호수자이파밀리에.아이원,37.1607667,127.1051,2025-10-31,55528.0,31240,경기도 화성시,경기BIS
GGB233003133,레이크반도9차,37.1619,127.1161167,2025-10-31,55529.0,31240,경기도 화성시,경기BIS
GGB233003134,동탄2아이파크1단지,37.1613167,127.1194667,2025-10-31,55530.0,31240,경기도 화성시,경기BIS
GGB233003135,동탄2아이파크2단지,37.1600333,127.1200333,2025-10-31,55531.0,31240,경기도 화성시,경기BIS
GGB233003136,동탄호수공원,37.1672,127.1064667,2025-10-31,55532.0,31240,경기도 화성시,경기BIS
GGB233003137,계룡리슈빌.금호어울림,37.16465,127.1065333,2025-10-31,55533.0,31240,경기도 화성시,경기BIS
GGB233003138,금강팬테리움,37.2830667,126.8192167,2025-10-31,55534.0,31240,경기도 화성시,경기BIS
GGB233003139,금강팬트리움,37.2833167,126.8196,2025-10-31,55535.0,31240,경기도 화성시,경기BIS
GGB233003140,대방노블랜드3차,37.28685,126.8162667,2025-10-31,55536.0,31240,경기도 화성시,경기BIS
GGB233003141,반도유보라,37.28045,126.82265,2025-10-31,55537.0,31240,경기도 화성시,경기BIS
GGB233003142,반도유보라.아이비파크,37.2786,126.8221667,2025-10-31,55538.0,31240,경기도 화성시,경기BIS
GGB233003143,반도유보라.아이비파크,37.2783333,126.8219833,2025-10-31,55539.0,31240,경기도 화성시,경기BIS
GGB233003144,새솔고,37.2742333,126.8277833,2025-10-31,55540.0,31240,경기도 화성시,경기BIS
GGB233003145,새솔고,37.2745333,126.8279833,2025-10-31,55541.0,31240,경기도 화성시,경기BIS
GGB233003146,에코팜타운,37.2879333,126.8091167,2025-10-31,55542.0,31240,경기도 화성시,경기BIS
GGB233003147,이지더원,37.2838167,126.8221333,2025-10-31,55543.0,31240,경기도 화성시,경기BIS
GGB233003148,휴먼빌,37.2805833,126.8228,2025-10-31,55544.0,31240,경기도 화성시,경기BIS
GGB233003149,금강팬테리움,37.2838,126.8219167,2025-10-31,55545.0,31240,경기도 화성시,경기BIS
GGB233003150,대방노블랜드3차,37.28655,126.8161,2025-10-31,55546.0,31240,경기도 화성시,경기BIS
GGB233003151,에코팜타운,37.2877,126.807,2025-10-31,55547.0,31240,경기도 화성시,경기BIS
GGB233003152,대방노블랜드1차,37.2864333,126.82025,2025-10-31,55548.0,31240,경기도 화성시,경기BIS
GGB233003153,요진Y시티,37.2865667,126.8203833,2025-10-31,55549.0,31240,경기도 화성시,경기BIS
GGB233000687,태안119안전센터,37.2111167,127.0385333,2025-10-31,37462.0,31240,경기도 화성시,경기BIS
GGB233000688,육일1리입구,37.2084833,126.72445,2025-10-31,37196.0,31240,경기도 화성시,경기BIS
GGB233000689,용소교차로,37.0806333,126.98775,2025-10-31,36472.0,31240,경기도 화성시,경기BIS
GGB233000690,용소교차로,37.08075,126.9876,2025-10-31,36473.0,31240,경기도 화성시,경기BIS
GGB233000694,동탄테크노벨리(중),37.2109333,127.09885,2025-10-31,55852.0,31240,경기도 화성시,경기BIS
GGB233000695,병점역후문,37.20605,127.0320333,2025-10-31,36338.0,31240,경기도 화성시,경기BIS
GGB233000696,진안5통.병점육교,37.2086167,127.0304167,2025-10-31,36336.0,31240,경기도 화성시,경기BIS
GGB233000697,황계동,37.21795,127.0195833,2025-10-31,36321.0,31240,경기도 화성시,경기BIS
GGB233000698,현대트랜시스(중),37.2163,127.1036667,2025-10-31,55853.0,31240,경기도 화성시,경기BIS
GGB233000699,황계동입구,37.2226,127.0140667,2025-10-31,36323.0,31240,경기도 화성시,경기BIS
GGB233000700,황계동,37.2182167,127.01965,2025-10-31,36322.0,31240,경기도 화성시,경기BIS
GGB233000701,병점역후문,37.2068333,127.0319167,2025-10-31,36339.0,31240,경기도 화성시,경기BIS
GGB233000702,병점역사거리,37.2069833,127.0356333,2025-10-31,36345.0,31240,경기도 화성시,경기BIS
GGB233000703,병점사거리.병점역입구,37.2083833,127.0344333,2025-10-31,36753.0,31240,경기도 화성시,경기BIS
GGB233000704,병점입구.화남아파트.병점육교,37.2105833,127.0324833,2025-10-31,36340.0,31240,경기도 화성시,경기BIS
GGB233000705,대황교.활주로,37.2270167,127.0244667,2025-10-31,36332.0,31240,경기도 화성시,경기BIS
GGB233000706,대황교.활주로,37.22765,127.0246667,2025-10-31,36333.0,31240,경기도 화성시,경기BIS
GGB233000707,병점입구.병점육교.화남아파트,37.2106667,127.0328667,2025-10-31,36341.0,31240,경기도 화성시,경기BIS
GGB233000708,동부출장소.병점초등학교,37.2087167,127.0345,2025-10-31,36342.0,31240,경기도 화성시,경기BIS
GGB233000709,현대트랜시스(중),37.2172833,127.1038167,2025-10-31,55854.0,31240,경기도 화성시,경기BIS
GGB233000710,동탄테크노벨리(중),37.21195,127.0989167,2025-10-31,55855.0,31240,경기도 화성시,경기BIS
GGB233000711,삼미.쌍용아파트,37.2432,126.9533,2025-10-31,37324.0,31240,경기도 화성시,경기BIS
GGB233000712,천천리입구,37.2435167,126.9474667,2025-10-31,37316.0,31240,경기도 화성시,경기BIS
GGB233000713,천천리,37.2445833,126.9420167,2025-10-31,37312.0,31240,경기도 화성시,경기BIS
GGB233000714,일광사,37.2444,126.93945,2025-10-31,37308.0,31240,경기도 화성시,경기BIS
GGB233000715,전승아파트,37.2462833,126.93055,2025-10-31,37304.0,31240,경기도 화성시,경기BIS
GGB233000716,원평,37.25005,126.9236333,2025-10-31,37295.0,31240,경기도 화성시,경기BIS
GGB233000717,51사단,37.2508667,126.9209,2025-10-31,37290.0,31240,경기도 화성시,경기BIS
GGB233000718,숙곡리천불사,37.24805,126.8982167,2025-10-31,37237.0,31240,경기도 화성시,경기BIS
GGB233000719,쌍학리,37.24825,126.89245,2025-10-31,37620.0,31240,경기도 화성시,경기BIS
GGB233000720,구포리과수원,37.2394,126.8805167,2025-10-31,37200.0,31240,경기도 화성시,경기BIS
GGB233000721,비봉중고등학교,37.2368667,126.8739,2025-10-31,37186.0,31240,경기도 화성시,경기BIS
GGB233000722,비봉초등학교후문,37.2362167,126.8682333,2025-10-31,37171.0,31240,경기도 화성시,경기BIS
GGB233000723,천산아파트,37.2364667,126.8659833,2025-10-31,37169.0,31240,경기도 화성시,경기BIS
GGB233000724,삼화리,37.2362,126.8637167,2025-10-31,37162.0,31240,경기도 화성시,경기BIS
GGB233000725,양노3리,37.22685,126.8582167,2025-10-31,37153.0,31240,경기도 화성시,경기BIS
GGB233000726,북양1리.염티고개,37.2220833,126.8398333,2025-10-31,36043.0,31240,경기도 화성시,경기BIS
GGB233000727,북양1리.봉림사,37.21925,126.8321,2025-10-31,36035.0,31240,경기도 화성시,경기BIS
GGB233000728,루나포레아파트,37.2152,126.8308833,2025-10-31,36029.0,31240,경기도 화성시,경기BIS
GGB233000729,(구)남양읍행정복지센터,37.2115167,126.8228,2025-10-31,36025.0,31240,경기도 화성시,경기BIS
GGB233000730,남양사거리,37.2091333,126.81905,2025-10-31,36019.0,31240,경기도 화성시,경기BIS
GGB233000731,우림아파트,37.2054833,126.80585,2025-10-31,36009.0,31240,경기도 화성시,경기BIS
GGB233000732,남양6리.남양1리,37.2039,126.8015333,2025-10-31,36008.0,31240,경기도 화성시,경기BIS
GGB233000733,쌍송리입구.은장고개,37.2022,126.7890667,2025-10-31,37115.0,31240,경기도 화성시,경기BIS
GGB233000734,두곡리,37.2048,126.7841667,2025-10-31,37110.0,31240,경기도 화성시,경기BIS
GGB233000735,재래시장.마도삼거리,37.2063,126.7800667,2025-10-31,37107.0,31240,경기도 화성시,경기BIS
GGB233000736,마도사거리,37.2069,126.77425,2025-10-31,37106.0,31240,경기도 화성시,경기BIS
GGB233000737,외국인보호소,37.2079667,126.76655,2025-10-31,37103.0,31240,경기도 화성시,경기BIS
GGB233000738,구리섬휴게소,37.2084833,126.7647,2025-10-31,37102.0,31240,경기도 화성시,경기BIS
GGB233000739,삼존리,37.2111833,126.75905,2025-10-31,37099.0,31240,경기도 화성시,경기BIS
GGB233000740,돼지고개.삼존리물미,37.2114,126.7537667,2025-10-31,37098.0,31240,경기도 화성시,경기BIS
GGB233000741,신흥사,37.1898167,126.7135833,2025-10-31,37062.0,31240,경기도 화성시,경기BIS
GGB233000742,상안1리,37.1851,126.7098167,2025-10-31,37059.0,31240,경기도 화성시,경기BIS
GGB233000743,상안1.2리,37.18275,126.7066667,2025-10-31,37049.0,31240,경기도 화성시,경기BIS
GGB233000744,상안2리.SK주유소,37.1790167,126.7080333,2025-10-31,37057.0,31240,경기도 화성시,경기BIS
GGB233000745,장외리,37.1741833,126.6808333,2025-10-31,37021.0,31240,경기도 화성시,경기BIS
GGB233000746,장외리.지긋말,37.1684667,126.6785,2025-10-31,37017.0,31240,경기도 화성시,경기BIS
GGB233000747,큰말입구,37.1658667,126.675,2025-10-31,37014.0,31240,경기도 화성시,경기BIS
GGB233000748,송교1리,37.1635,126.669,2025-10-31,37013.0,31240,경기도 화성시,경기BIS
GGB233000749,개경촌,37.1647167,126.6642833,2025-10-31,37006.0,31240,경기도 화성시,경기BIS
GGB233000750,병점중학교,37.2106,127.0392,2025-10-31,36479.0,31240,경기도 화성시,경기BIS
GGB233000751,큰말,37.2496333,126.8483833,2025-10-31,55856.0,31240,경기도 화성시,경기BIS
GGB233000752,큰말,37.2497333,126.84815,2025-10-31,55857.0,31240,경기도 화성시,경기BIS
GGB233000753,제부해수탕,37.1671833,126.659,2025-10-31,36763.0,31240,경기도 화성시,경기BIS
GGB233000754,광평삼거리,37.1748167,126.6889167,2025-10-31,37564.0,31240,경기도 화성시,경기BIS
GGB233000755,목성머리,37.1731167,126.6972,2025-10-31,37578.0,31240,경기도 화성시,경기BIS
GGB233000756,상안1.2리,37.1825833,126.7065,2025-10-31,37048.0,31240,경기도 화성시,경기BIS
GGB233000757,상안1리,37.1851167,126.7097,2025-10-31,37058.0,31240,경기도 화성시,경기BIS
GGB233000758,상안리.한국발효,37.1930833,126.7167,2025-10-31,37471.0,31240,경기도 화성시,경기BIS
GGB233000759,삼존리자동차성능시험장,37.2108,126.7605167,2025-10-31,37100.0,31240,경기도 화성시,경기BIS
GGB233000760,구리섬휴게소,37.2094667,126.76305,2025-10-31,37101.0,31240,경기도 화성시,경기BIS
GGB233000761,외국인보호소,37.20805,126.7671167,2025-10-31,37104.0,31240,경기도 화성시,경기BIS
GGB233000762,마도사거리,37.20715,126.7746,2025-10-31,37105.0,31240,경기도 화성시,경기BIS
GGB233000763,재래시장.마도삼거리,37.20635,126.7807667,2025-10-31,37108.0,31240,경기도 화성시,경기BIS
GGB233000764,두곡리,37.2055333,126.7831667,2025-10-31,37109.0,31240,경기도 화성시,경기BIS
GGB233000765,남양6리.남양1리,37.2039833,126.8009667,2025-10-31,36007.0,31240,경기도 화성시,경기BIS
GGB233000766,우림아파트,37.20565,126.8061333,2025-10-31,36010.0,31240,경기도 화성시,경기BIS
GGB233000767,남양성지,37.2075333,126.8154333,2025-10-31,36014.0,31240,경기도 화성시,경기BIS
GGB233001819,효원납골공원,37.1421833,126.9583167,2025-10-31,37860.0,31240,경기도 화성시,경기BIS
GGB233001820,동오리종점,37.1319833,126.9532,2025-10-31,37861.0,31240,경기도 화성시,경기BIS
GGB233001821,신리천,37.1842333,127.1070833,2025-10-31,55509.0,31240,경기도 화성시,경기BIS
GGB233001822,신리주유소앞,37.1628,126.9767333,2025-10-31,37878.0,31240,경기도 화성시,경기BIS
GGB233001823,신리앞,37.1632833,126.9783,2025-10-31,37862.0,31240,경기도 화성시,경기BIS
GGB233001824,양감면행정복지센터,37.0818333,126.945,2025-10-31,37794.0,31240,경기도 화성시,경기BIS
GGB233001825,하길리,37.1080167,126.9078167,2025-10-31,55745.0,31240,경기도 화성시,경기BIS
GGB233001826,요당성지,37.06805,126.93075,2025-10-31,60030.0,31240,경기도 화성시,경기BIS
GGB233001827,제약단지.하길리입구,37.0905333,126.91545,2025-10-31,37344.0,31240,경기도 화성시,경기BIS
GGB233001828,남양뉴타운.현대2차,37.2007167,126.8255167,2025-10-31,36001.0,31240,경기도 화성시,경기BIS
GGB233001829,제약공단후문,37.0906833,126.9115167,2025-10-31,37869.0,31240,경기도 화성시,경기BIS
GGB233001830,충만주유소,37.0796167,126.9427167,2025-10-31,60033.0,31240,경기도 화성시,경기BIS
GGB233001831,동양콘크리트입구,37.0889333,126.9322167,2025-10-31,55834.0,31240,경기도 화성시,경기BIS
GGB233001832,야목역,37.26165,126.8842333,2025-10-31,37872.0,31240,경기도 화성시,경기BIS
GGB233001834,구포리입구,37.2540833,126.8713167,2025-10-31,37874.0,31240,경기도 화성시,경기BIS
GGB233001835,상신리,37.09465,126.8942167,2025-10-31,37875.0,31240,경기도 화성시,경기BIS
GGB233001836,상신리,37.0947167,126.89455,2025-10-31,37876.0,31240,경기도 화성시,경기BIS
GGB233001837,신한바이오캠,37.0881,126.9388167,2025-10-31,55835.0,31240,경기도 화성시,경기BIS
GGB233001838,마산포,37.23875,126.6631833,2025-10-31,55866.0,31240,경기도 화성시,경기BIS
GGB233001839,고포1리,37.2408,126.6673167,2025-10-31,37884.0,31240,경기도 화성시,경기BIS
GGB233001840,융건릉입구,37.2067667,126.9890167,2025-10-31,36996.0,31240,경기도 화성시,경기BIS
GGB233001841,융건릉입구,37.2070333,126.989,2025-10-31,36997.0,31240,경기도 화성시,경기BIS
GGB233001842,중외제약사거리,37.2015,127.0030667,2025-10-31,36998.0,31240,경기도 화성시,경기BIS
GGB233001843,중외제약사거리,37.2021,127.0021667,2025-10-31,36999.0,31240,경기도 화성시,경기BIS
GGB233001844,반송초중교,37.1899,127.06965,2025-10-31,37887.0,31240,경기도 화성시,경기BIS
GGB233001845,반송초중교,37.1902167,127.06965,2025-10-31,37888.0,31240,경기도 화성시,경기BIS
GGB233001846,나루고등학교,37.18795,127.0729333,2025-10-31,37889.0,31240,경기도 화성시,경기BIS
GGB233001847,나루고등학교,37.1881667,127.0730667,2025-10-31,37890.0,31240,경기도 화성시,경기BIS
GGB233001848,동양파라곤,37.18645,127.0773167,2025-10-31,37891.0,31240,경기도 화성시,경기BIS
GGB233001849,동양파라곤,37.1861167,127.0776,2025-10-31,37892.0,31240,경기도 화성시,경기BIS
GGB233001850,제부도입구,37.17285,126.6596833,2025-10-31,55347.0,31240,경기도 화성시,경기BIS
GGB233001851,신리천공원,37.1833333,127.1107,2025-10-31,55510.0,31240,경기도 화성시,경기BIS
GGB233001852,대방노블랜드.풍림아이원,37.1303167,126.9270833,2025-10-31,37895.0,31240,경기도 화성시,경기BIS
GGB233001853,향남중고등학교,37.1289333,126.9269167,2025-10-31,37896.0,31240,경기도 화성시,경기BIS
GGB233001854,한일베라체.행정초교,37.1260167,126.9242167,2025-10-31,37897.0,31240,경기도 화성시,경기BIS
GGB233001855,에일린의뜰.휴먼시아6단지,37.1261167,126.9198833,2025-10-31,37898.0,31240,경기도 화성시,경기BIS
GGB233001856,신명스카이뷰.휴먼시아5단지,37.1263167,126.9159,2025-10-31,37899.0,31240,경기도 화성시,경기BIS
GGB233001857,신명스카이뷰.우미린,37.1277,126.9151167,2025-10-31,37900.0,31240,경기도 화성시,경기BIS
GGB233001858,우미린아파트.향일고,37.1298333,126.9176333,2025-10-31,37901.0,31240,경기도 화성시,경기BIS
GGB233001859,향남지웰2차아파트,37.1297167,126.9195833,2025-10-31,37902.0,31240,경기도 화성시,경기BIS
GGB233001860,화성소방서.향남홈플러스,37.1305333,126.9213,2025-10-31,37903.0,31240,경기도 화성시,경기BIS
GGB233001861,의료복합,37.1836333,127.1133,2025-10-31,55511.0,31240,경기도 화성시,경기BIS
GGB233001862,가재4리,37.14095,126.91595,2025-10-31,37904.0,31240,경기도 화성시,경기BIS
GGB233001863,신성미소지움아파트,37.13875,126.9136333,2025-10-31,37905.0,31240,경기도 화성시,경기BIS
GGB233001864,발안삼거리,37.1347667,126.91145,2025-10-31,37912.0,31240,경기도 화성시,경기BIS
GGB233001865,신성미소지움아파트,37.13925,126.9145,2025-10-31,37906.0,31240,경기도 화성시,경기BIS
GGB233001866,수영오거리.수영지구,37.2374333,126.9607167,2025-10-31,37907.0,31240,경기도 화성시,경기BIS
GGB233001867,수영오거리.수영지구,37.2372667,126.9607833,2025-10-31,37908.0,31240,경기도 화성시,경기BIS
GGB233001868,수영초.우방아이유쉘1단지,37.2365667,126.9554667,2025-10-31,37909.0,31240,경기도 화성시,경기BIS
GGB233001869,수영초등학교,37.2363833,126.9544,2025-10-31,37910.0,31240,경기도 화성시,경기BIS
GGB233001870,신창아파트,37.23655,126.9533,2025-10-31,37911.0,31240,경기도 화성시,경기BIS
GGB233001871,장외리.오리골,37.1767833,126.6665833,2025-10-31,55348.0,31240,경기도 화성시,경기BIS
GGB233001872,제부해수탕,37.1669333,126.6592333,2025-10-31,37925.0,31240,경기도 화성시,경기BIS
GGB233001873,장외리,37.1700167,126.6791333,2025-10-31,37930.0,31240,경기도 화성시,경기BIS
GGB233001874,장외리,37.1700167,126.6790333,2025-10-31,37926.0,31240,경기도 화성시,경기BIS
GGB233001875,숲풀안앞,37.1742,126.68565,2025-10-31,37784.0,31240,경기도 화성시,경기BIS
GGB233001876,숲풀안앞,37.1742833,126.6856,2025-10-31,37783.0,31240,경기도 화성시,경기BIS
GGB233001877,하길1리,37.1116167,126.93145,2025-10-31,37785.0,31240,경기도 화성시,경기BIS
GGB233001878,하길1리,37.1112833,126.93065,2025-10-31,37779.0,31240,경기도 화성시,경기BIS
GGB233001879,호반5차.르파비스,37.1822667,127.1237333,2025-10-31,55512.0,31240,경기도 화성시,경기BIS
GGB233001880,호반5차.르파비스,37.1826,127.1236167,2025-10-31,55513.0,31240,경기도 화성시,경기BIS
GGB233001881,하내연수원,37.1844333,126.6897167,2025-10-31,37936.0,31240,경기도 화성시,경기BIS
GGB233001883,신수리,37.2265833,126.9356833,2025-10-31,36604.0,31240,경기도 화성시,경기BIS
GGB233001884,전곡삼거리,37.1871667,126.68925,2025-10-31,37924.0,31240,경기도 화성시,경기BIS
GGB233001885,전곡리.엠보트,37.1955667,126.6648667,2025-10-31,37781.0,31240,경기도 화성시,경기BIS
GGB233001886,전곡항.서해랑케이블카,37.1870667,126.6526667,2025-10-31,37921.0,31240,경기도 화성시,경기BIS
GGB233001887,느티나무앞,37.1743,126.69135,2025-10-31,37928.0,31240,경기도 화성시,경기BIS
GGB233001888,느티나무앞,37.1743667,126.6914,2025-10-31,37927.0,31240,경기도 화성시,경기BIS
GGB233001889,서신초등학교,37.1687167,126.7059,2025-10-31,37959.0,31240,경기도 화성시,경기BIS
GGB233001890,서신초등학교,37.1688167,126.7059667,2025-10-31,37960.0,31240,경기도 화성시,경기BIS
GGB233001891,화성시남부복지관,37.12785,126.9330667,2025-10-31,37023.0,31240,경기도 화성시,경기BIS
GGB233001892,향남역,37.12295,126.9133333,2025-10-31,55925.0,31240,경기도 화성시,경기BIS
GGB233001893,향남역,37.1227333,126.9136333,2025-10-31,55926.0,31240,경기도 화성시,경기BIS
GGB233001894,골재장,37.2003333,126.8690833,2025-10-31,37028.0,31240,경기도 화성시,경기BIS
GGB233001895,골재장,37.2005333,126.8691667,2025-10-31,37033.0,31240,경기도 화성시,경기BIS
GGB233001896,남양현대2차,37.2005,126.8234667,2025-10-31,37034.0,31240,경기도 화성시,경기BIS
GGB233001897,서화성역(셔틀버스전용),37.2481,126.7876833,2025-10-31,60095.0,31240,경기도 화성시,경기BIS
GGB233001898,북양3리,37.2085667,126.8595,2025-10-31,37035.0,31240,경기도 화성시,경기BIS
GGB233003154,목동초.베라체,37.1900833,127.1246,2025-10-31,55551.0,31240,경기도 화성시,경기BIS
GGB233003155,e편한세상동탄,37.1903833,127.1260833,2025-10-31,55552.0,31240,경기도 화성시,경기BIS
GGB233003156,e편한세상동탄,37.1902167,127.12605,2025-10-31,55553.0,31240,경기도 화성시,경기BIS
GGB233003157,목동중.금강4차,37.1891333,127.1271167,2025-10-31,55554.0,31240,경기도 화성시,경기BIS
GGB233003158,금강4차.목동중,37.1889333,127.1273,2025-10-31,55555.0,31240,경기도 화성시,경기BIS
GGB233003159,한신더휴,37.1865833,127.1264,2025-10-31,55556.0,31240,경기도 화성시,경기BIS
GGB233003160,경남아너스빌,37.1864667,127.1265167,2025-10-31,55557.0,31240,경기도 화성시,경기BIS
GGB233003161,호반베르디움5차,37.1838,127.12525,2025-10-31,55558.0,31240,경기도 화성시,경기BIS
GGB233003162,르파비스,37.1834667,127.1253167,2025-10-31,55559.0,31240,경기도 화성시,경기BIS
GGB233003163,호수자이파밀리에,37.1590667,127.1059167,2025-10-31,55560.0,31240,경기도 화성시,경기BIS
GGB233003164,롯데캐슬.제일풍경채,37.1574167,127.1090833,2025-10-31,55561.0,31240,경기도 화성시,경기BIS
GGB233003165,호반6차,37.1570667,127.1126833,2025-10-31,55562.0,31240,경기도 화성시,경기BIS
GGB233003166,레이크반도9차,37.1620167,127.1162333,2025-10-31,55563.0,31240,경기도 화성시,경기BIS
GGB233003167,동탄2아이파크1단지,37.1613667,127.1199167,2025-10-31,55564.0,31240,경기도 화성시,경기BIS
GGB233003168,동탄2아이파크2단지,37.16,127.1202667,2025-10-31,55565.0,31240,경기도 화성시,경기BIS
GGB233003169,파크자이2차,37.2011,127.0466833,2025-10-31,55580.0,31240,경기도 화성시,경기BIS
GGB233003170,파크자이2차,37.20125,127.0468333,2025-10-31,55581.0,31240,경기도 화성시,경기BIS
GGB233003171,파크자이1차,37.20095,127.0500333,2025-10-31,55582.0,31240,경기도 화성시,경기BIS
GGB233003172,파크자이1차,37.2010833,127.04965,2025-10-31,55583.0,31240,경기도 화성시,경기BIS
GGB233003173,협성대정문,37.2152,126.9520667,2025-10-31,55618.0,31240,경기도 화성시,경기BIS
GGB233003174,반도10차,37.1664167,127.1271667,2025-10-31,55701.0,31240,경기도 화성시,경기BIS
GGB233003175,갈담초교입구,37.173,126.9333,2025-10-31,55707.0,31240,경기도 화성시,경기BIS
GGB233003176,갈담초교입구,37.1728833,126.9335,2025-10-31,55708.0,31240,경기도 화성시,경기BIS
GGB233003177,기산아파트입구,37.1750333,126.93525,2025-10-31,55709.0,31240,경기도 화성시,경기BIS
GGB233003178,기산아파트입구,37.1755,126.9352333,2025-10-31,55710.0,31240,경기도 화성시,경기BIS
GGB233003179,덕우공단입구,37.1608,126.9158,2025-10-31,55711.0,31240,경기도 화성시,경기BIS
GGB233003180,덕우공단입구,37.16085,126.9156833,2025-10-31,55712.0,31240,경기도 화성시,경기BIS
GGB233003181,소동촌,37.1607667,126.90795,2025-10-31,55713.0,31240,경기도 화성시,경기BIS
GGB233003182,청호인재개발원,37.1614833,126.9119,2025-10-31,55714.0,31240,경기도 화성시,경기BIS
GGB233003183,청호인재개발원,37.1616,126.9119333,2025-10-31,55715.0,31240,경기도 화성시,경기BIS
GGB233003184,신미주SK뷰,37.21535,127.0523167,2025-10-31,55723.0,31240,경기도 화성시,경기BIS
GGB233003185,상신2리입구,37.09855,126.9024,2025-10-31,37810.0,31240,경기도 화성시,경기BIS
GGB233003186,우미제일.전하리교회,37.2121333,127.0793833,2025-10-31,37760.0,31240,경기도 화성시,경기BIS
GGB233531490,상신2리입구,37.09865,126.9023167,2025-10-31,0.0,31240,경기도 화성시,경기BIS
GGB233531550,(임시)서희스타힐스4차,37.1913,126.8333,2025-10-31,0.0,31240,경기도 화성시,경기BIS
GGB233531630,기배동주민센터,37.2238667,126.9839667,2025-10-31,0.0,31240,경기도 화성시,경기BIS
GGB233531820,기배동주민센터,37.2236833,126.9840333,2025-10-31,0.0,31240,경기도 화성시,경기BIS
GGB233532650,배양1동,37.2267833,126.9977,2025-10-31,0.0,31240,경기도 화성시,경기BIS
GGB233538020,소망의동산,37.1955167,126.9506667,2025-10-31,0.0,31240,경기도 화성시,경기BIS
GGB233539990,사강3리마을회관앞,37.2203167,126.7247167,2025-10-31,0.0,31240,경기도 화성시,경기BIS
GGB233540000,사강3리마을회관앞,37.2201333,126.72475,2025-10-31,0.0,31240,경기도 화성시,경기BIS
GGB233540130,(임시)동탄숨마데시앙,37.18185,127.1341333,2025-10-31,0.0,31240,경기도 화성시,경기BIS
GGB233540140,(임시)동탄아테라파밀리에,37.1835333,127.1329667,2025-10-31,0.0,31240,경기도 화성시,경기BIS
GGB233000768,남양사거리,37.2093667,126.81905,2025-10-31,36021.0,31240,경기도 화성시,경기BIS
GGB233000769,(구)남양읍행정복지센터,37.212,126.8235167,2025-10-31,36026.0,31240,경기도 화성시,경기BIS
GGB233000770,루나포레아파트,37.2156333,126.8312333,2025-10-31,36030.0,31240,경기도 화성시,경기BIS
GGB233000771,북양1리,37.2189833,126.8318,2025-10-31,37776.0,31240,경기도 화성시,경기BIS
GGB233000772,북양1리.염티고개,37.2221333,126.8390333,2025-10-31,36042.0,31240,경기도 화성시,경기BIS
GGB233000773,양노리,37.22875,126.8596333,2025-10-31,37154.0,31240,경기도 화성시,경기BIS
GGB233000774,삼화리.천산아파트,37.2361,126.8629333,2025-10-31,37161.0,31240,경기도 화성시,경기BIS
GGB233000775,잿말,37.2538333,126.84885,2025-10-31,55858.0,31240,경기도 화성시,경기BIS
GGB233000776,천산아파트,37.23655,126.8659667,2025-10-31,37168.0,31240,경기도 화성시,경기BIS
GGB233000777,비봉초등학교후문.삼화3리,37.2363167,126.86815,2025-10-31,37170.0,31240,경기도 화성시,경기BIS
GGB233000778,비봉중고등학교,37.2367167,126.8732167,2025-10-31,37183.0,31240,경기도 화성시,경기BIS
GGB233000779,구포리과수원,37.24005,126.8821,2025-10-31,37207.0,31240,경기도 화성시,경기BIS
GGB233000780,구포3리,37.24825,126.8920667,2025-10-31,37612.0,31240,경기도 화성시,경기BIS
GGB233000781,천천리입구,37.24385,126.94825,2025-10-31,37321.0,31240,경기도 화성시,경기BIS
GGB233000782,삼미.쌍용아파트,37.2434333,126.9534833,2025-10-31,37325.0,31240,경기도 화성시,경기BIS
GGB233000783,수영오거리.봉담입구,37.23695,126.962,2025-10-31,36147.0,31240,경기도 화성시,경기BIS
GGB233000784,대진아이엠.LH3단지,37.2249667,126.9537833,2025-10-31,36134.0,31240,경기도 화성시,경기BIS
GGB233000785,동화리.동남아파트,37.2231667,126.9523,2025-10-31,36131.0,31240,경기도 화성시,경기BIS
GGB233000786,봉담읍행정복지센터,37.2203333,126.94965,2025-10-31,36122.0,31240,경기도 화성시,경기BIS
GGB233000787,삼봉마을.신안인스빌,37.2178167,126.9459167,2025-10-31,36118.0,31240,경기도 화성시,경기BIS
GGB233000788,장안대학,37.21365,126.944,2025-10-31,36113.0,31240,경기도 화성시,경기BIS
GGB233000789,왕림휴게소,37.2039667,126.9428167,2025-10-31,36110.0,31240,경기도 화성시,경기BIS
GGB233000790,왕림리.상기리입구,37.1972,126.9399667,2025-10-31,36102.0,31240,경기도 화성시,경기BIS
GGB233000791,가톨릭대학교,37.1935833,126.9394167,2025-10-31,36097.0,31240,경기도 화성시,경기BIS
GGB233000792,왕림4리.세곡리,37.1889667,126.9384,2025-10-31,36092.0,31240,경기도 화성시,경기BIS
GGB233000793,당하리.흰돌산기도원입구,37.18515,126.9383833,2025-10-31,36091.0,31240,경기도 화성시,경기BIS
GGB233000794,해병대사령부,37.1776833,126.9363333,2025-10-31,36081.0,31240,경기도 화성시,경기BIS
GGB233000795,화성푸드통합지원센터(로컬푸드직매장),37.1726,126.9366167,2025-10-31,36086.0,31240,경기도 화성시,경기BIS
GGB233000796,덕리,37.1678833,126.93495,2025-10-31,36078.0,31240,경기도 화성시,경기BIS
GGB233000797,진우아파트,37.16185,126.9308833,2025-10-31,36068.0,31240,경기도 화성시,경기BIS
GGB233000798,가재3리.덕우공단입구,37.1567333,126.9281167,2025-10-31,37302.0,31240,경기도 화성시,경기BIS
GGB233000799,가재3리입구.가재4리,37.15295,126.92525,2025-10-31,37294.0,31240,경기도 화성시,경기BIS
GGB233000800,해병대보급중대,37.1429,126.9181167,2025-10-31,37285.0,31240,경기도 화성시,경기BIS
GGB233000801,제약공단사원아파트앞,37.1113833,126.9005167,2025-10-31,36762.0,31240,경기도 화성시,경기BIS
GGB233000802,상신1리마을앞,37.1073667,126.9011667,2025-10-31,36761.0,31240,경기도 화성시,경기BIS
GGB233000803,상신6리,37.1039833,126.90155,2025-10-31,37470.0,31240,경기도 화성시,경기BIS
GGB233000804,한양수자인후문,37.1008167,126.90195,2025-10-31,36760.0,31240,경기도 화성시,경기BIS
GGB233000805,제약공단후문.구문천1리입구,37.0901833,126.91075,2025-10-31,36759.0,31240,경기도 화성시,경기BIS
GGB233000806,구문천리,37.08815,126.9108,2025-10-31,37469.0,31240,경기도 화성시,경기BIS
GGB233000807,잿말,37.2539667,126.8486667,2025-10-31,55859.0,31240,경기도 화성시,경기BIS
GGB233000808,황터입구,37.1396167,127.0330833,2025-10-31,36481.0,31240,경기도 화성시,경기BIS
GGB233000809,사창1리,37.0908833,126.9708333,2025-10-31,55860.0,31240,경기도 화성시,경기BIS
GGB233000810,마도농협,37.2040667,126.77175,2025-10-31,60066.0,31240,경기도 화성시,경기BIS
GGB233000812,구문천리,37.0873833,126.91045,2025-10-31,36758.0,31240,경기도 화성시,경기BIS
GGB233000813,향남제약공단앞,37.09595,126.90695,2025-10-31,37468.0,31240,경기도 화성시,경기BIS
GGB233000814,상신8리마을앞,37.1072667,126.9006833,2025-10-31,36757.0,31240,경기도 화성시,경기BIS
GGB233000815,제약공단사원아파트앞,37.1124,126.9000833,2025-10-31,37467.0,31240,경기도 화성시,경기BIS
GGB233000816,발안농협,37.12945,126.9094167,2025-10-31,37265.0,31240,경기도 화성시,경기BIS
GGB233000817,발안사거리.평리,37.1315333,126.91025,2025-10-31,37268.0,31240,경기도 화성시,경기BIS
GGB233000818,호반6차.제일풍경채,37.1565333,127.1111667,2025-10-31,55684.0,31240,경기도 화성시,경기BIS
GGB233000819,가재4리.해병대보급중대,37.1427833,126.9177,2025-10-31,37282.0,31240,경기도 화성시,경기BIS
GGB233000820,가재1리입구.자연샘,37.1454,126.9194667,2025-10-31,36764.0,31240,경기도 화성시,경기BIS
GGB233000821,가재3리.가재3리입구,37.1535833,126.9255167,2025-10-31,37296.0,31240,경기도 화성시,경기BIS
GGB233000822,가재3리.덕우공단입구,37.15625,126.9275333,2025-10-31,37301.0,31240,경기도 화성시,경기BIS
GGB233000823,진우아파트,37.1625333,126.9308833,2025-10-31,36071.0,31240,경기도 화성시,경기BIS
GGB233000824,팔탄입구,37.1646667,126.93205,2025-10-31,36073.0,31240,경기도 화성시,경기BIS
GGB233000825,덕리,37.16795,126.9347,2025-10-31,36077.0,31240,경기도 화성시,경기BIS
GGB233000826,화성푸드통합지원센터(로컬푸드직매장),37.1723,126.9363167,2025-10-31,36082.0,31240,경기도 화성시,경기BIS
GGB233000827,해병대사령부,37.1786667,126.93635,2025-10-31,36083.0,31240,경기도 화성시,경기BIS
GGB233000828,당하리.흰돌산기도원입구,37.1854833,126.93815,2025-10-31,36089.0,31240,경기도 화성시,경기BIS
GGB233000829,왕림4리.세곡리,37.18935,126.9382167,2025-10-31,36090.0,31240,경기도 화성시,경기BIS
GGB233000830,가톨릭대학교,37.1935667,126.9391667,2025-10-31,36095.0,31240,경기도 화성시,경기BIS
GGB233000831,왕림리.상기리입구,37.1978833,126.93985,2025-10-31,36103.0,31240,경기도 화성시,경기BIS
GGB233000832,왕림휴게소,37.2044667,126.94275,2025-10-31,36109.0,31240,경기도 화성시,경기BIS
GGB233000833,장안대학,37.2136833,126.9436333,2025-10-31,36111.0,31240,경기도 화성시,경기BIS
GGB233000835,삼봉마을.신안인스빌,37.2179667,126.94565,2025-10-31,36119.0,31240,경기도 화성시,경기BIS
GGB233000836,봉담읍행정복지센터,37.2204,126.9492833,2025-10-31,36123.0,31240,경기도 화성시,경기BIS
GGB233000837,동화리.동남아파트,37.2233,126.9519667,2025-10-31,36128.0,31240,경기도 화성시,경기BIS
GGB233000838,대진아이엠.LH3단지,37.2255333,126.9538333,2025-10-31,36135.0,31240,경기도 화성시,경기BIS
GGB233000839,수영오거리.봉담입구,37.2370333,126.9615,2025-10-31,36146.0,31240,경기도 화성시,경기BIS
GGB233000840,행림마을.삼성래미안,37.2237667,127.0499,2025-10-31,37466.0,31240,경기도 화성시,경기BIS
GGB233000841,남양성지,37.20775,126.8171167,2025-10-31,36015.0,31240,경기도 화성시,경기BIS
GGB233000842,어천역,37.2492,126.9095167,2025-10-31,37565.0,31240,경기도 화성시,경기BIS
GGB233000843,숙곡리천불사,37.2481,126.8987,2025-10-31,37238.0,31240,경기도 화성시,경기BIS
GGB233000844,어천역,37.2493,126.9095167,2025-10-31,37566.0,31240,경기도 화성시,경기BIS
GGB233000845,51사단,37.2509667,126.9208667,2025-10-31,37291.0,31240,경기도 화성시,경기BIS
GGB233001899,북양3리,37.2087,126.8589833,2025-10-31,37036.0,31240,경기도 화성시,경기BIS
GGB233001900,금강1차.왕배초,37.1802667,127.1112667,2025-10-31,37072.0,31240,경기도 화성시,경기BIS
GGB233001901,세영리첼,37.2761667,126.82455,2025-10-31,55333.0,31240,경기도 화성시,경기BIS
GGB233001902,동원.다원중,37.2117833,127.1032667,2025-10-31,37073.0,31240,경기도 화성시,경기BIS
GGB233001903,장외리.오리골,37.1766833,126.66635,2025-10-31,37929.0,31240,경기도 화성시,경기BIS
GGB233001904,제부도입구,37.1735667,126.6609333,2025-10-31,55349.0,31240,경기도 화성시,경기BIS
GGB233001905,하내연수원,37.1844167,126.6898,2025-10-31,37938.0,31240,경기도 화성시,경기BIS
GGB233001906,화성시남부노인복지관입구,37.1285667,126.9360333,2025-10-31,36605.0,31240,경기도 화성시,경기BIS
GGB233001907,광평리.고래몰,37.1789833,126.68965,2025-10-31,37937.0,31240,경기도 화성시,경기BIS
GGB233001909,전곡삼거리,37.18715,126.6893667,2025-10-31,37782.0,31240,경기도 화성시,경기BIS
GGB233001910,세영리첼,37.27635,126.82485,2025-10-31,55334.0,31240,경기도 화성시,경기BIS
GGB233001911,유진레미콘,37.1398167,126.9564167,2025-10-31,37786.0,31240,경기도 화성시,경기BIS
GGB233001912,전곡항.서해랑케이블카,37.1869833,126.6526,2025-10-31,37932.0,31240,경기도 화성시,경기BIS
GGB233001913,전곡리.엠보트,37.1957333,126.6650333,2025-10-31,55063.0,31240,경기도 화성시,경기BIS
GGB233001914,서영정밀,37.11305,126.9894667,2025-10-31,36606.0,31240,경기도 화성시,경기BIS
GGB233001915,광평리.고래몰,37.1789667,126.68955,2025-10-31,37939.0,31240,경기도 화성시,경기BIS
GGB233001920,유앤아이.화성시청소년수련관,37.2031167,127.03435,2025-10-31,37935.0,31240,경기도 화성시,경기BIS
GGB233001921,유앤아이.화성시청소년수련관,37.2023167,127.0347167,2025-10-31,37933.0,31240,경기도 화성시,경기BIS
GGB233001922,반월체육센터,37.2305833,127.0523667,2025-10-31,36607.0,31240,경기도 화성시,경기BIS
GGB233001923,유포리,37.2462167,126.83965,2025-10-31,55363.0,31240,경기도 화성시,경기BIS
GGB233001924,동원로얄듀크,37.2095333,127.1025,2025-10-31,55927.0,31240,경기도 화성시,경기BIS
GGB233001925,전곡1리.당고지,37.1997167,126.7003333,2025-10-31,37922.0,31240,경기도 화성시,경기BIS
GGB233001926,전곡1리마을회관,37.1972,126.69685,2025-10-31,37923.0,31240,경기도 화성시,경기BIS
GGB233001927,전곡삼거리마트,37.1856333,126.6909167,2025-10-31,37780.0,31240,경기도 화성시,경기BIS
GGB233001928,돈말입구,37.17505,126.6638,2025-10-31,55350.0,31240,경기도 화성시,경기BIS
GGB233001929,서신성당,37.1634333,126.7011167,2025-10-31,60102.0,31240,경기도 화성시,경기BIS
GGB233001930,돈말입구,37.1748167,126.6637833,2025-10-31,55351.0,31240,경기도 화성시,경기BIS
GGB233001931,서울종묘앞,37.17395,126.8206,2025-10-31,60107.0,31240,경기도 화성시,경기BIS
GGB233001932,석포3리,37.1205333,126.8311333,2025-10-31,37947.0,31240,경기도 화성시,경기BIS
GGB233001933,화성시청역1번출구,37.18895,126.82065,2025-10-31,60118.0,31240,경기도 화성시,경기BIS
GGB233001934,KEB하나은행발안지점,37.1333667,126.9107833,2025-10-31,37940.0,31240,경기도 화성시,경기BIS
GGB233001935,발안주공아파트,37.1310667,126.8990833,2025-10-31,37941.0,31240,경기도 화성시,경기BIS
GGB233001936,발안기업은행,37.1302833,126.91015,2025-10-31,37277.0,31240,경기도 화성시,경기BIS
GGB233001937,숙곡리,37.2611167,126.9085833,2025-10-31,60112.0,31240,경기도 화성시,경기BIS
GGB233001938,신창아파트,37.2369833,126.9523167,2025-10-31,36608.0,31240,경기도 화성시,경기BIS
GGB233001939,자연앤아너스빌,37.2085667,127.0608,2025-10-31,37943.0,31240,경기도 화성시,경기BIS
GGB233001940,화성시남부복지관,37.1274333,126.9333667,2025-10-31,37018.0,31240,경기도 화성시,경기BIS
GGB233001943,남양뉴타운.상가단지,37.2009167,126.8258167,2025-10-31,36002.0,31240,경기도 화성시,경기BIS
GGB233001944,요당2리,37.0667667,126.91585,2025-10-31,37964.0,31240,경기도 화성시,경기BIS
GGB233001945,서봉마을19단지,37.1104833,126.9039167,2025-10-31,55173.0,31240,경기도 화성시,경기BIS
GGB233001946,화성남양시티프라디움4차,37.2125333,126.8322833,2025-10-31,55928.0,31240,경기도 화성시,경기BIS
GGB233001947,청요2리입구,37.2025,126.893,2025-10-31,37962.0,31240,경기도 화성시,경기BIS
GGB233001948,대양2리,37.0878,126.95035,2025-10-31,55219.0,31240,경기도 화성시,경기BIS
GGB233001949,e편한세상남양뉴타운아파트,37.21195,126.8362667,2025-10-31,55929.0,31240,경기도 화성시,경기BIS
GGB233001950,대양3리마을회관,37.0866667,126.9296,2025-10-31,55408.0,31240,경기도 화성시,경기BIS
GGB233001951,안골목장,37.1216167,126.93965,2025-10-31,37980.0,31240,경기도 화성시,경기BIS
GGB233001952,안골목장,37.1227667,126.9394833,2025-10-31,37981.0,31240,경기도 화성시,경기BIS
GGB233001953,정현초.청림중,37.1723167,127.1129833,2025-10-31,55566.0,31240,경기도 화성시,경기BIS
GGB233001954,호수부영3차,37.1723333,127.1081667,2025-10-31,55567.0,31240,경기도 화성시,경기BIS
GGB233001955,화성소방서.향남홈플러스,37.13045,126.9209167,2025-10-31,37991.0,31240,경기도 화성시,경기BIS
GGB233001956,상록하늘채,37.1311333,126.9252333,2025-10-31,37957.0,31240,경기도 화성시,경기BIS
GGB233001957,대방노블랜드,37.1309333,126.9251833,2025-10-31,37958.0,31240,경기도 화성시,경기BIS
GGB233001960,반석초등학교,37.1934,127.0774667,2025-10-31,37661.0,31240,경기도 화성시,경기BIS
GGB233001961,반송고등학교,37.1932167,127.0773833,2025-10-31,37669.0,31240,경기도 화성시,경기BIS
GGB233001962,사랑의교회,37.1935833,127.08085,2025-10-31,55130.0,31240,경기도 화성시,경기BIS
GGB233001963,반월e편한세상,37.2259833,127.0596667,2025-10-31,36136.0,31240,경기도 화성시,경기BIS
GGB233001964,수작이교차로,37.21305,126.8154833,2025-10-31,55359.0,31240,경기도 화성시,경기BIS
GGB233001965,반월e편한세상,37.2268333,127.0606333,2025-10-31,36137.0,31240,경기도 화성시,경기BIS
GGB233001966,KBS송신소입구,37.211,126.7791,2025-10-31,36609.0,31240,경기도 화성시,경기BIS
GGB233001967,아이들하우스입구,37.2108833,126.77925,2025-10-31,36610.0,31240,경기도 화성시,경기BIS
GGB233001968,롯데캐슬.복합문화센터,37.2012333,127.0707667,2025-10-31,37666.0,31240,경기도 화성시,경기BIS
GGB233001969,방교동일반산업단지,37.1723667,127.0879833,2025-10-31,36154.0,31240,경기도 화성시,경기BIS
GGB233001970,하기등리,37.1456833,126.9357,2025-10-31,37009.0,31240,경기도 화성시,경기BIS
GGB233001971,신일유토빌,37.2072,127.07435,2025-10-31,37988.0,31240,경기도 화성시,경기BIS
GGB233001972,잎새지하차도,37.2094333,127.0716,2025-10-31,55364.0,31240,경기도 화성시,경기BIS
GGB233001973,잎새지하차도,37.2090667,127.0713,2025-10-31,55088.0,31240,경기도 화성시,경기BIS
GGB233001975,남양뉴타운4단지,37.2101,126.8328667,2025-10-31,36742.0,31240,경기도 화성시,경기BIS
GGB233001976,농심물류센터,37.1367,126.9555167,2025-10-31,37955.0,31240,경기도 화성시,경기BIS
GGB233001977,상신3리.검정골(좌회전전용),37.0987833,126.9028833,2025-10-31,37956.0,31240,경기도 화성시,경기BIS
GGB233001978,IT단지(중),37.2247167,127.0741333,2025-10-31,37954.0,31240,경기도 화성시,경기BIS
GGB233001979,모아미래도.자연앤,37.2075833,127.0521,2025-10-31,37974.0,31240,경기도 화성시,경기BIS
GGB233001980,모아미래도.자연앤,37.2075167,127.0523667,2025-10-31,37975.0,31240,경기도 화성시,경기BIS
GGB233001981,푸른마을.두산위브,37.2029167,127.0533667,2025-10-31,37976.0,31240,경기도 화성시,경기BIS
GGB233001982,푸른마을.두산위브,37.2031833,127.0535833,2025-10-31,37977.0,31240,경기도 화성시,경기BIS
GGB233001983,숲속자연앤,37.20715,127.0600333,2025-10-31,37951.0,31240,경기도 화성시,경기BIS
GGB233001984,숲속자연앤,37.2072,127.0603833,2025-10-31,37952.0,31240,경기도 화성시,경기BIS
GGB233001985,모아미래도,37.2002667,127.0592667,2025-10-31,37953.0,31240,경기도 화성시,경기BIS
GGB233000846,원평,37.2503667,126.9232167,2025-10-31,37299.0,31240,경기도 화성시,경기BIS
GGB233000847,전승아파트,37.2463833,126.9306167,2025-10-31,37305.0,31240,경기도 화성시,경기BIS
GGB233000848,일광사,37.2445167,126.9402,2025-10-31,37309.0,31240,경기도 화성시,경기BIS
GGB233000849,천천리,37.2446667,126.9423833,2025-10-31,37313.0,31240,경기도 화성시,경기BIS
GGB233000850,광평삼거리,37.17475,126.6889,2025-10-31,37563.0,31240,경기도 화성시,경기BIS
GGB233000851,광평주유소,37.1728,126.6951,2025-10-31,37579.0,31240,경기도 화성시,경기BIS
GGB233000852,매화리,37.1686,126.7036333,2025-10-31,37040.0,31240,경기도 화성시,경기BIS
GGB233000853,서신터미널,37.1694,126.7052333,2025-10-31,37045.0,31240,경기도 화성시,경기BIS
GGB233000854,육일2리.코스코밸리,37.1995,126.72285,2025-10-31,37068.0,31240,경기도 화성시,경기BIS
GGB233000855,사강복지회관,37.2127,126.7327333,2025-10-31,37080.0,31240,경기도 화성시,경기BIS
GGB233000856,화성의과학대학교입구,37.2042833,126.83855,2025-10-31,55676.0,31240,경기도 화성시,경기BIS
GGB233000857,구리섬앞,37.2087167,126.7646,2025-10-31,37562.0,31240,경기도 화성시,경기BIS
GGB233000858,송산농협.사강정형외과,37.2135,126.7386167,2025-10-31,37089.0,31240,경기도 화성시,경기BIS
GGB233000859,사강시장,37.2131833,126.73645,2025-10-31,37085.0,31240,경기도 화성시,경기BIS
GGB233000860,육일2리.코스코밸리,37.2001667,126.7228833,2025-10-31,37069.0,31240,경기도 화성시,경기BIS
GGB233000861,신흥사,37.1898167,126.7134833,2025-10-31,37061.0,31240,경기도 화성시,경기BIS
GGB233000862,상안2리.SK주유소,37.1795833,126.70815,2025-10-31,37054.0,31240,경기도 화성시,경기BIS
GGB233000863,서신,37.1694333,126.7050833,2025-10-31,37043.0,31240,경기도 화성시,경기BIS
GGB233000864,광평리,37.1729833,126.6944167,2025-10-31,37031.0,31240,경기도 화성시,경기BIS
GGB233000865,장외리,37.17425,126.6807,2025-10-31,37020.0,31240,경기도 화성시,경기BIS
GGB233000866,장외리.지긋말,37.1684,126.6783167,2025-10-31,37016.0,31240,경기도 화성시,경기BIS
GGB233000867,큰말입구,37.1659167,126.6748,2025-10-31,37015.0,31240,경기도 화성시,경기BIS
GGB233000868,송교1리,37.1636833,126.66925,2025-10-31,37012.0,31240,경기도 화성시,경기BIS
GGB233000870,빈정마을입구,37.2705333,126.8622,2025-10-31,55868.0,31240,경기도 화성시,경기BIS
GGB233000871,개경촌,37.1648,126.6643333,2025-10-31,37007.0,31240,경기도 화성시,경기BIS
GGB233000872,제부도입구,37.1721167,126.65855,2025-10-31,37001.0,31240,경기도 화성시,경기BIS
GGB233000873,비봉성당,37.2497167,126.8712,2025-10-31,37175.0,31240,경기도 화성시,경기BIS
GGB233000875,건농골교차로,37.25605,126.84975,2025-10-31,55870.0,31240,경기도 화성시,경기BIS
GGB233000876,건농골교차로,37.2556667,126.8497333,2025-10-31,55871.0,31240,경기도 화성시,경기BIS
GGB233000877,돼지고개.삼존리물미,37.2116833,126.7553833,2025-10-31,37097.0,31240,경기도 화성시,경기BIS
GGB233000878,봉가1리,37.2122833,126.7453167,2025-10-31,37095.0,31240,경기도 화성시,경기BIS
GGB233000879,상안리.한국발효,37.1929833,126.7167167,2025-10-31,36767.0,31240,경기도 화성시,경기BIS
GGB233000881,용두2리,37.1474167,126.7009333,2025-10-31,36766.0,31240,경기도 화성시,경기BIS
GGB233000882,궁평2리.해운초등학교,37.13885,126.7022667,2025-10-31,36765.0,31240,경기도 화성시,경기BIS
GGB233000883,궁평교회,37.13555,126.6986,2025-10-31,37482.0,31240,경기도 화성시,경기BIS
GGB233000884,박고지,37.1298667,126.69345,2025-10-31,37029.0,31240,경기도 화성시,경기BIS
GGB233000885,온석1교차로,37.1643167,126.8446167,2025-10-31,55872.0,31240,경기도 화성시,경기BIS
GGB233000886,남양뉴타운입구,37.2137333,126.8326,2025-10-31,55677.0,31240,경기도 화성시,경기BIS
GGB233000887,장안초등학교,37.0848333,126.8239167,2025-10-31,37621.0,31240,경기도 화성시,경기BIS
GGB233000888,대장골,37.2537,126.8428333,2025-10-31,37610.0,31240,경기도 화성시,경기BIS
GGB233000889,온석1교차로,37.1643333,126.8448167,2025-10-31,55873.0,31240,경기도 화성시,경기BIS
GGB233000890,경찰특공대,37.1455667,127.0115,2025-10-31,36584.0,31240,경기도 화성시,경기BIS
GGB233000891,매송초등학교,37.2489,126.9272167,2025-10-31,37298.0,31240,경기도 화성시,경기BIS
GGB233000892,에듀시티파라곤,37.21785,126.9711333,2025-10-31,55874.0,31240,경기도 화성시,경기BIS
GGB233000893,에듀시티파라곤,37.2180333,126.971,2025-10-31,55875.0,31240,경기도 화성시,경기BIS
GGB233000894,수원대앞(마을),37.2139,126.9793667,2025-10-31,36426.0,31240,경기도 화성시,경기BIS
GGB233000895,청요사거리,37.1977,126.8801,2025-10-31,37576.0,31240,경기도 화성시,경기BIS
GGB233000896,(임시)행복주택,37.18815,127.1418333,2025-10-31,0.0,31240,경기도 화성시,경기BIS
GGB233000897,대한불교조계종앞,37.1744667,126.9065667,2025-10-31,55878.0,31240,경기도 화성시,경기BIS
GGB233000898,청요사거리,37.1982667,126.8800833,2025-10-31,37575.0,31240,경기도 화성시,경기BIS
GGB233000899,청요3리마을회관,37.20065,126.8860667,2025-10-31,37213.0,31240,경기도 화성시,경기BIS
GGB233000900,대한불교조계종앞,37.1746333,126.9064333,2025-10-31,55879.0,31240,경기도 화성시,경기BIS
GGB233000901,기천1리.청솔마을,37.1790667,126.9083833,2025-10-31,55881.0,31240,경기도 화성시,경기BIS
GGB233000902,상기리입구,37.1998,126.94115,2025-10-31,36729.0,31240,경기도 화성시,경기BIS
GGB233000903,아울렛패션몰,37.20005,126.9394833,2025-10-31,36099.0,31240,경기도 화성시,경기BIS
GGB233000904,기천1리.청솔마을,37.1792333,126.9082833,2025-10-31,55882.0,31240,경기도 화성시,경기BIS
GGB233000905,어은1리한양빌라앞,37.0979667,126.8368,2025-10-31,36427.0,31240,경기도 화성시,경기BIS
GGB233000906,세거리.상기1리,37.20315,126.9308667,2025-10-31,36069.0,31240,경기도 화성시,경기BIS
GGB233000907,즘곰마을.상기1리,37.2006667,126.9243833,2025-10-31,36064.0,31240,경기도 화성시,경기BIS
GGB233000908,상기2리,37.1982,126.9159167,2025-10-31,36056.0,31240,경기도 화성시,경기BIS
GGB233000909,초당골,37.19805,126.9107167,2025-10-31,36054.0,31240,경기도 화성시,경기BIS
GGB233000910,기천저수지,37.19375,126.9008667,2025-10-31,37249.0,31240,경기도 화성시,경기BIS
GGB233000911,숙곡1리,37.2638833,126.9119167,2025-10-31,60069.0,31240,경기도 화성시,경기BIS
GGB233000912,수원과학대학,37.1926,126.9798667,2025-10-31,36213.0,31240,경기도 화성시,경기BIS
GGB233000913,수원과학대학,37.1932167,126.9798167,2025-10-31,36212.0,31240,경기도 화성시,경기BIS
GGB233000914,보통리입구,37.1987,126.96925,2025-10-31,36158.0,31240,경기도 화성시,경기BIS
GGB233000915,보통리입구,37.1985667,126.96935,2025-10-31,36156.0,31240,경기도 화성시,경기BIS
GGB233000916,동탄제일병원,37.2167833,127.0784,2025-10-31,55619.0,31240,경기도 화성시,경기BIS
GGB233000917,한신아파트,37.2180833,126.9502667,2025-10-31,36125.0,31240,경기도 화성시,경기BIS
GGB233000918,숙곡1리,37.2637833,126.9122167,2025-10-31,60070.0,31240,경기도 화성시,경기BIS
GGB233000919,전곡산업단지,37.1856667,126.6728667,2025-10-31,37293.0,31240,경기도 화성시,경기BIS
GGB233000920,숙곡1리입구,37.2616333,126.9133167,2025-10-31,60071.0,31240,경기도 화성시,경기BIS
GGB233000921,팔탄입구,37.1645333,126.9322333,2025-10-31,36074.0,31240,경기도 화성시,경기BIS
GGB233000922,삼봉근린공원,37.2252667,126.94375,2025-10-31,55884.0,31240,경기도 화성시,경기BIS
GGB233000923,구장1리(새터말.율암리),37.1552167,126.8989,2025-10-31,36803.0,31240,경기도 화성시,경기BIS
GGB233000924,화성중고등학교,37.1379333,126.90605,2025-10-31,37256.0,31240,경기도 화성시,경기BIS
GGB233000925,지월리입구,37.1450667,126.89805,2025-10-31,37234.0,31240,경기도 화성시,경기BIS
GGB233000926,매곡리,37.1174333,126.8883833,2025-10-31,37216.0,31240,경기도 화성시,경기BIS
GGB233001986,수영리검사소,37.2326833,126.9686333,2025-10-31,55621.0,31240,경기도 화성시,경기BIS
GGB233001987,청요2리입구,37.2026333,126.8932333,2025-10-31,37949.0,31240,경기도 화성시,경기BIS
GGB233001988,신영지웰아파트,37.12605,126.9217,2025-10-31,37978.0,31240,경기도 화성시,경기BIS
GGB233001989,용소2리,37.0743667,126.9744,2025-10-31,36478.0,31240,경기도 화성시,경기BIS
GGB233001990,일마레앞,37.1621333,126.6198667,2025-10-31,60113.0,31240,경기도 화성시,경기BIS
GGB233001991,우림필유,37.20835,126.8312333,2025-10-31,55330.0,31240,경기도 화성시,경기BIS
GGB233001992,현대아이파크,37.2062167,126.8317,2025-10-31,55331.0,31240,경기도 화성시,경기BIS
GGB233001993,동탄행복마을푸르지오아파트,37.2095833,127.1189667,2025-10-31,55584.0,31240,경기도 화성시,경기BIS
GGB233001994,능동은행사거리.동탄시티병원,37.2091667,127.0618667,2025-10-31,55439.0,31240,경기도 화성시,경기BIS
GGB233001995,봉담읍행정복지센터.봉담도서관,37.2196,126.9494667,2025-10-31,37971.0,31240,경기도 화성시,경기BIS
GGB233001996,우방아이유쉘,37.2023667,127.0059,2025-10-31,55572.0,31240,경기도 화성시,경기BIS
GGB233001997,장안대후문,37.2164,126.9458667,2025-10-31,37967.0,31240,경기도 화성시,경기BIS
GGB233001998,협성대학교정문,37.2150667,126.9521333,2025-10-31,37969.0,31240,경기도 화성시,경기BIS
GGB233001999,현대기아연구소,37.1612,126.8182667,2025-10-31,37973.0,31240,경기도 화성시,경기BIS
GGB233002000,신동탄롯데캐슬,37.2281167,127.0674667,2025-10-31,36188.0,31240,경기도 화성시,경기BIS
GGB233002001,화남아파트,37.2130333,127.0371167,2025-10-31,37985.0,31240,경기도 화성시,경기BIS
GGB233002002,색종이어린이공원,37.21435,127.0369,2025-10-31,37725.0,31240,경기도 화성시,경기BIS
GGB233002003,진안중앙교회,37.2144333,127.03675,2025-10-31,37984.0,31240,경기도 화성시,경기BIS
GGB233002004,화리현리입구,37.1161,126.9426167,2025-10-31,37368.0,31240,경기도 화성시,경기BIS
GGB233002005,원룸단지앞,37.2157,127.0397167,2025-10-31,37986.0,31240,경기도 화성시,경기BIS
GGB233002006,호반3차.창의고,37.1797333,127.1197,2025-10-31,55445.0,31240,경기도 화성시,경기BIS
GGB233002007,주공12단지,37.21675,127.0419,2025-10-31,37983.0,31240,경기도 화성시,경기BIS
GGB233002008,신남3리,37.1762833,126.8146,2025-10-31,55058.0,31240,경기도 화성시,경기BIS
GGB233002009,신남3리,37.1759667,126.8145833,2025-10-31,55061.0,31240,경기도 화성시,경기BIS
GGB233002010,안석2리,37.1782667,126.81725,2025-10-31,37427.0,31240,경기도 화성시,경기BIS
GGB233002011,신남1리,37.1806,126.8180333,2025-10-31,55059.0,31240,경기도 화성시,경기BIS
GGB233002012,신남4리.외만리,37.1826167,126.8191833,2025-10-31,55810.0,31240,경기도 화성시,경기BIS
GGB233002013,향남부영11단지정문,37.1095,126.9177833,2025-10-31,55057.0,31240,경기도 화성시,경기BIS
GGB233002014,찬우물,37.25475,126.9143667,2025-10-31,60114.0,31240,경기도 화성시,경기BIS
GGB233002015,화성시청역,37.18865,126.8209833,2025-10-31,55056.0,31240,경기도 화성시,경기BIS
GGB233002016,동화휴먼시아2단지,37.2175,126.9598333,2025-10-31,55001.0,31240,경기도 화성시,경기BIS
GGB233002017,현대트랜시스,37.21615,127.1038333,2025-10-31,55585.0,31240,경기도 화성시,경기BIS
GGB233002018,향남지웰2차아파트,37.1299,126.9194833,2025-10-31,37992.0,31240,경기도 화성시,경기BIS
GGB233002019,우미린아파트.향일고,37.13,126.91785,2025-10-31,37995.0,31240,경기도 화성시,경기BIS
GGB233002020,신명스카이뷰,37.1281,126.9149,2025-10-31,37994.0,31240,경기도 화성시,경기BIS
GGB233002021,신명스카이뷰.휴먼시아5단지,37.1261333,126.9159167,2025-10-31,37996.0,31240,경기도 화성시,경기BIS
GGB233002022,에일린의뜰.휴먼시아6단지,37.12595,126.9193833,2025-10-31,37993.0,31240,경기도 화성시,경기BIS
GGB233002023,신영지웰아파트,37.1258667,126.9217167,2025-10-31,37999.0,31240,경기도 화성시,경기BIS
GGB233002024,한일베라채,37.1258333,126.9243833,2025-10-31,37998.0,31240,경기도 화성시,경기BIS
GGB233002025,향남중고등학교,37.1289667,126.9271833,2025-10-31,37990.0,31240,경기도 화성시,경기BIS
GGB233002027,서희스타힐스.호수부영1차,37.1719,127.1173833,2025-10-31,55586.0,31240,경기도 화성시,경기BIS
GGB233002028,동탄3동행정복지센터,37.2101333,127.0587,2025-10-31,55022.0,31240,경기도 화성시,경기BIS
GGB233002029,크리스찬교회,37.2103167,127.0588167,2025-10-31,55023.0,31240,경기도 화성시,경기BIS
GGB233002030,이지더원,37.2115833,127.0559167,2025-10-31,55021.0,31240,경기도 화성시,경기BIS
GGB233002031,경남아너스빌,37.2115,127.0555333,2025-10-31,55020.0,31240,경기도 화성시,경기BIS
GGB233002032,신미주,37.214,127.0526,2025-10-31,55014.0,31240,경기도 화성시,경기BIS
GGB233002033,밀알교회,37.2141667,127.0528,2025-10-31,55016.0,31240,경기도 화성시,경기BIS
GGB233002034,SK뷰2차아파트,37.2164,127.0516833,2025-10-31,55015.0,31240,경기도 화성시,경기BIS
GGB233002035,SK뷰2차아파트,37.217,127.05175,2025-10-31,55011.0,31240,경기도 화성시,경기BIS
GGB233002036,기산삼거리,37.2262333,127.0472333,2025-10-31,55010.0,31240,경기도 화성시,경기BIS
GGB233002037,기산삼거리,37.2263167,127.0474333,2025-10-31,55009.0,31240,경기도 화성시,경기BIS
GGB233002038,호수부영1차.서희스타힐스,37.1716333,127.1172833,2025-10-31,55587.0,31240,경기도 화성시,경기BIS
GGB233002039,비봉LH아파트,37.2431833,126.8753,2025-10-31,60018.0,31240,경기도 화성시,경기BIS
GGB233002040,비봉LH아파트,37.2429333,126.8752333,2025-10-31,60019.0,31240,경기도 화성시,경기BIS
GGB233002041,동화휴먼시아5단지,37.2148167,126.9634333,2025-10-31,55040.0,31240,경기도 화성시,경기BIS
GGB233002042,임광그대가3단지,37.2172667,126.9697667,2025-10-31,55042.0,31240,경기도 화성시,경기BIS
GGB233002043,임광그대가3단지,37.2172333,126.9692333,2025-10-31,55041.0,31240,경기도 화성시,경기BIS
GGB233002044,언창공단,37.1933333,126.8823,2025-10-31,55018.0,31240,경기도 화성시,경기BIS
GGB233002045,언창공단,37.1933667,126.8824,2025-10-31,55007.0,31240,경기도 화성시,경기BIS
GGB233002046,창곡2리교회앞,37.1847833,126.8849667,2025-10-31,55013.0,31240,경기도 화성시,경기BIS
GGB233002047,자재이골입구,37.1817,126.8872333,2025-10-31,55006.0,31240,경기도 화성시,경기BIS
GGB233002048,우렁골입구,37.1817667,126.8873167,2025-10-31,55005.0,31240,경기도 화성시,경기BIS
GGB233002049,창곡주유소앞,37.1746,126.8906833,2025-10-31,55004.0,31240,경기도 화성시,경기BIS
GGB233002050,창곡주유소앞,37.1746333,126.8907833,2025-10-31,55019.0,31240,경기도 화성시,경기BIS
GGB233002051,구장사거리앞,37.1698667,126.8930167,2025-10-31,55012.0,31240,경기도 화성시,경기BIS
GGB233002052,구장사거리앞,37.16975,126.89335,2025-10-31,55003.0,31240,경기도 화성시,경기BIS
GGB233002053,한신아파트,37.2163167,126.9508833,2025-10-31,55588.0,31240,경기도 화성시,경기BIS
GGB233002054,화수1리,37.1148667,126.7830667,2025-10-31,55024.0,31240,경기도 화성시,경기BIS
GGB233002056,전원마을,37.1841,126.90735,2025-10-31,55026.0,31240,경기도 화성시,경기BIS
GGB233002057,힐스테이트동탄,37.1831333,127.1207167,2025-10-31,55027.0,31240,경기도 화성시,경기BIS
GGB233002058,이편한세상신봉담,37.2295,126.9414333,2025-10-31,55028.0,31240,경기도 화성시,경기BIS
GGB233002059,늘봄초교.중흥더테라스,37.2162,127.1111,2025-10-31,55036.0,31240,경기도 화성시,경기BIS
GGB233002060,늘봄초교.파크푸르지오,37.2163667,127.1111833,2025-10-31,55030.0,31240,경기도 화성시,경기BIS
GGB233002061,효성해링턴플레이스,37.2044333,127.0353167,2025-10-31,55035.0,31240,경기도 화성시,경기BIS
GGB233002062,홈플러스,37.2030833,127.03585,2025-10-31,55037.0,31240,경기도 화성시,경기BIS
GGB233002063,병점역.화성청년지원센터,37.2068667,127.0340333,2025-10-31,55031.0,31240,경기도 화성시,경기BIS
GGB233000927,해창1리.우리꽃식물원,37.1131333,126.88195,2025-10-31,37205.0,31240,경기도 화성시,경기BIS
GGB233000928,조암시장.조암성당,37.0823167,126.8157333,2025-10-31,36013.0,31240,경기도 화성시,경기BIS
GGB233000929,북양교차로,37.21145,126.8566833,2025-10-31,55908.0,31240,경기도 화성시,경기BIS
GGB233000930,조암시장남쪽입구,37.0827833,126.8193667,2025-10-31,37481.0,31240,경기도 화성시,경기BIS
GGB233000931,어은삼거리,37.0855167,126.82645,2025-10-31,37122.0,31240,경기도 화성시,경기BIS
GGB233000932,장안면행정복지센터,37.0787333,126.8304167,2025-10-31,37126.0,31240,경기도 화성시,경기BIS
GGB233000933,덕다리입구,37.0667333,126.8392667,2025-10-31,37131.0,31240,경기도 화성시,경기BIS
GGB233000934,독정1리,37.0667,126.84605,2025-10-31,37136.0,31240,경기도 화성시,경기BIS
GGB233000935,독정2리,37.0718333,126.8536667,2025-10-31,37141.0,31240,경기도 화성시,경기BIS
GGB233000936,감드러지.독정3리,37.0775,126.8570667,2025-10-31,37147.0,31240,경기도 화성시,경기BIS
GGB233000937,수촌2리.용당골,37.08875,126.862,2025-10-31,37160.0,31240,경기도 화성시,경기BIS
GGB233000938,근형심포니아파트,37.1334167,127.0269,2025-10-31,37915.0,31240,경기도 화성시,경기BIS
GGB233000939,제기리.구주제약,37.1301667,127.0179333,2025-10-31,37916.0,31240,경기도 화성시,경기BIS
GGB233000940,온석교차로,37.1653667,126.84655,2025-10-31,55885.0,31240,경기도 화성시,경기BIS
GGB233000941,온석교차로,37.1655,126.8474667,2025-10-31,55886.0,31240,경기도 화성시,경기BIS
GGB233000942,와우농협앞,37.2180167,126.9744333,2025-10-31,36187.0,31240,경기도 화성시,경기BIS
GGB233000943,삼존1리,37.2229333,126.7299,2025-10-31,60072.0,31240,경기도 화성시,경기BIS
GGB233000944,와우지구,37.2159,126.9761833,2025-10-31,36193.0,31240,경기도 화성시,경기BIS
GGB233000945,와우지구,37.2159833,126.9763167,2025-10-31,36194.0,31240,경기도 화성시,경기BIS
GGB233000946,부처내,37.1227833,126.9967,2025-10-31,37351.0,31240,경기도 화성시,경기BIS
GGB233000947,갈천다리,37.1252333,126.9844667,2025-10-31,37343.0,31240,경기도 화성시,경기BIS
GGB233000948,아시아자동차,37.13155,126.96235,2025-10-31,37328.0,31240,경기도 화성시,경기BIS
GGB233000949,우남퍼스트빌3차아파트,37.1984333,127.0414333,2025-10-31,36358.0,31240,경기도 화성시,경기BIS
GGB233000950,진안5통.병점육교,37.2083833,127.0308833,2025-10-31,36337.0,31240,경기도 화성시,경기BIS
GGB233000951,동화초.동화휴먼시아3단지,37.2158333,126.9621,2025-10-31,36728.0,31240,경기도 화성시,경기BIS
GGB233000952,성문,37.1023,126.8649167,2025-10-31,36706.0,31240,경기도 화성시,경기BIS
GGB233000953,신동아파밀리에,37.2203667,126.9567667,2025-10-31,55378.0,31240,경기도 화성시,경기BIS
GGB233000954,시티프라디움1차,37.1997,126.8233833,2025-10-31,36189.0,31240,경기도 화성시,경기BIS
GGB233000955,한증막,37.1748833,127.0801,2025-10-31,36423.0,31240,경기도 화성시,경기BIS
GGB233000956,금곡2리,37.1836167,127.0780333,2025-10-31,36412.0,31240,경기도 화성시,경기BIS
GGB233000957,삼존1리,37.2228833,126.7297833,2025-10-31,60073.0,31240,경기도 화성시,경기BIS
GGB233000958,독지2리입구,37.2501833,126.6955667,2025-10-31,60077.0,31240,경기도 화성시,경기BIS
GGB233000959,동탄2LH4단지,37.2056333,127.12265,2025-10-31,36437.0,31240,경기도 화성시,경기BIS
GGB233000960,경남.반도1차,37.2035167,127.1108167,2025-10-31,36452.0,31240,경기도 화성시,경기BIS
GGB233000961,영천초.계룡,37.2042833,127.1049333,2025-10-31,36453.0,31240,경기도 화성시,경기BIS
GGB233000962,독지2리입구,37.2500167,126.69555,2025-10-31,60078.0,31240,경기도 화성시,경기BIS
GGB233000963,생태체육공원,37.2250667,126.9436333,2025-10-31,55887.0,31240,경기도 화성시,경기BIS
GGB233000964,우남퍼스트빌.예미지시그너스,37.20335,127.0990167,2025-10-31,36469.0,31240,경기도 화성시,경기BIS
GGB233000965,청목초.신안1차,37.1945833,127.1194,2025-10-31,36468.0,31240,경기도 화성시,경기BIS
GGB233000966,남양뉴타운입구,37.2147,126.83215,2025-10-31,55678.0,31240,경기도 화성시,경기BIS
GGB233000967,신수리,37.2263833,126.93555,2025-10-31,36585.0,31240,경기도 화성시,경기BIS
GGB233000968,사곳리,37.1579333,126.7282,2025-10-31,60079.0,31240,경기도 화성시,경기BIS
GGB233000969,신나는교회.상록골프장,37.2031333,127.1341,2025-10-31,36504.0,31240,경기도 화성시,경기BIS
GGB233000970,상록골프장.신나는교회,37.2032333,127.1340167,2025-10-31,36503.0,31240,경기도 화성시,경기BIS
GGB233000971,일진정공,37.2029667,127.1295333,2025-10-31,36500.0,31240,경기도 화성시,경기BIS
GGB233000972,일진정공,37.2030667,127.1290833,2025-10-31,36499.0,31240,경기도 화성시,경기BIS
GGB233000973,호반6차.제일풍경채,37.15635,127.1115667,2025-10-31,55685.0,31240,경기도 화성시,경기BIS
GGB233000978,한화.린스트라우스,37.19535,127.0990167,2025-10-31,36466.0,31240,경기도 화성시,경기BIS
GGB233000979,포스코더샵.롯데캐슬,37.1999,127.0990167,2025-10-31,36465.0,31240,경기도 화성시,경기BIS
GGB233000980,모아.반도1차아파트,37.20205,127.11455,2025-10-31,36459.0,31240,경기도 화성시,경기BIS
GGB233000981,포레너스아파트,37.2053667,127.1158667,2025-10-31,36434.0,31240,경기도 화성시,경기BIS
GGB233000982,(임시)55단지,37.1834167,127.1409667,2025-10-31,0.0,31240,경기도 화성시,경기BIS
GGB233000983,산수유,37.1809333,127.07815,2025-10-31,36411.0,31240,경기도 화성시,경기BIS
GGB233000984,산수유,37.1809,127.0780667,2025-10-31,36413.0,31240,경기도 화성시,경기BIS
GGB233000985,대영가든,37.1780167,127.07965,2025-10-31,36422.0,31240,경기도 화성시,경기BIS
GGB233000986,금곡1리,37.1714667,127.0790833,2025-10-31,36419.0,31240,경기도 화성시,경기BIS
GGB233000987,DS.LCD,37.1681833,127.0786167,2025-10-31,37598.0,31240,경기도 화성시,경기BIS
GGB233000988,장명초등학교,37.0571167,126.8554833,2025-10-31,36709.0,31240,경기도 화성시,경기BIS
GGB233000989,장명초등학교,37.0569833,126.8555833,2025-10-31,36708.0,31240,경기도 화성시,경기BIS
GGB233000990,장안6리,37.0499833,126.8546333,2025-10-31,37479.0,31240,경기도 화성시,경기BIS
GGB233000991,장안6리,37.04985,126.85465,2025-10-31,36798.0,31240,경기도 화성시,경기BIS
GGB233000992,장안여자중학교,37.07855,126.8152333,2025-10-31,36797.0,31240,경기도 화성시,경기BIS
GGB233000993,사곡1리,37.0690833,126.8092167,2025-10-31,37478.0,31240,경기도 화성시,경기BIS
GGB233000994,공공청사부지,37.18705,127.0999167,2025-10-31,36480.0,31240,경기도 화성시,경기BIS
GGB233000995,의료시설부지,37.1876,127.10015,2025-10-31,36477.0,31240,경기도 화성시,경기BIS
GGB233000996,반도3차.금강1차,37.1801833,127.1032,2025-10-31,36488.0,31240,경기도 화성시,경기BIS
GGB233000997,레이크빌.하우스디더레이크,37.1760167,127.1051833,2025-10-31,36494.0,31240,경기도 화성시,경기BIS
GGB233000998,헤리엇.리베라CC,37.1907333,127.0985667,2025-10-31,36502.0,31240,경기도 화성시,경기BIS
GGB233000999,리베라CC.헤리엇,37.1907333,127.0990167,2025-10-31,36501.0,31240,경기도 화성시,경기BIS
GGB233001000,화성시청후문,37.2001333,126.8288667,2025-10-31,36507.0,31240,경기도 화성시,경기BIS
GGB233001001,화성시청후문,37.1999667,126.8291167,2025-10-31,36510.0,31240,경기도 화성시,경기BIS
GGB233001002,송산교차로,37.1066833,126.9874167,2025-10-31,36509.0,31240,경기도 화성시,경기BIS
GGB233001003,석천2리입구,37.0573667,126.7820333,2025-10-31,37477.0,31240,경기도 화성시,경기BIS
GGB233001004,양지편,37.0484333,126.7650667,2025-10-31,36796.0,31240,경기도 화성시,경기BIS
GGB233001006,행복주택.동탄경찰서(좌회전전용),37.1865833,127.0916167,2025-10-31,55890.0,31240,경기도 화성시,경기BIS
GGB233001007,기아후문입구,37.0435,126.758,2025-10-31,37476.0,31240,경기도 화성시,경기BIS
GGB233001008,기아후문입구,37.04345,126.7583333,2025-10-31,36832.0,31240,경기도 화성시,경기BIS
GGB233002064,병점역.화성청년지원센터,37.2068333,127.0338333,2025-10-31,55034.0,31240,경기도 화성시,경기BIS
GGB233002065,찬우물,37.2541,126.9144167,2025-10-31,60115.0,31240,경기도 화성시,경기BIS
GGB233002066,화남초,37.16465,127.0955167,2025-10-31,55590.0,31240,경기도 화성시,경기BIS
GGB233002067,여울보건지소,37.1649833,127.0954,2025-10-31,55591.0,31240,경기도 화성시,경기BIS
GGB233002068,미득골마을,37.21995,127.03715,2025-10-31,55038.0,31240,경기도 화성시,경기BIS
GGB233002069,반정리,37.2285333,127.0343167,2025-10-31,55032.0,31240,경기도 화성시,경기BIS
GGB233002070,반정리,37.2284667,127.03425,2025-10-31,55029.0,31240,경기도 화성시,경기BIS
GGB233002071,기천1리입구,37.17655,126.9074167,2025-10-31,55039.0,31240,경기도 화성시,경기BIS
GGB233002072,레이크자연앤푸르지오,37.16495,127.1011667,2025-10-31,55592.0,31240,경기도 화성시,경기BIS
GGB233002073,화성파크드림.한일베라체,37.1272167,126.9270167,2025-10-31,55053.0,31240,경기도 화성시,경기BIS
GGB233002074,한일베라체.화성파크드림,37.1277167,126.9268167,2025-10-31,55051.0,31240,경기도 화성시,경기BIS
GGB233002076,도이초교.역사박물관,37.1322333,126.92725,2025-10-31,55045.0,31240,경기도 화성시,경기BIS
GGB233002083,화성그린환경센터,37.1508,126.9363833,2025-10-31,55049.0,31240,경기도 화성시,경기BIS
GGB233002084,봉담호수공원.신협앞,37.2186667,126.9504833,2025-10-31,55055.0,31240,경기도 화성시,경기BIS
GGB233002085,동화휴먼시아1단지.상봉초등학교,37.2177,126.95645,2025-10-31,55062.0,31240,경기도 화성시,경기BIS
GGB233002086,동일하이빌.상봉초등학교,37.2176667,126.9560833,2025-10-31,55054.0,31240,경기도 화성시,경기BIS
GGB233002087,봉담택지지구,37.2199,126.9535,2025-10-31,37688.0,31240,경기도 화성시,경기BIS
GGB233002088,삼괴중고교,37.0884,126.8213667,2025-10-31,55067.0,31240,경기도 화성시,경기BIS
GGB233002089,삼괴중고교,37.0882833,126.8205333,2025-10-31,55064.0,31240,경기도 화성시,경기BIS
GGB233002090,우정읍행정복지센터,37.0884833,126.8163667,2025-10-31,55065.0,31240,경기도 화성시,경기BIS
GGB233002091,우정읍행정복지센터,37.0883833,126.8165667,2025-10-31,55066.0,31240,경기도 화성시,경기BIS
GGB233002092,동탄파라곤,37.2040333,127.0709833,2025-10-31,36994.0,31240,경기도 화성시,경기BIS
GGB233002093,동탄파라곤,37.2040333,127.07135,2025-10-31,36995.0,31240,경기도 화성시,경기BIS
GGB233002094,보통3리,37.1815167,126.97695,2025-10-31,55365.0,31240,경기도 화성시,경기BIS
GGB233002095,보통3리,37.1808333,126.9773833,2025-10-31,55366.0,31240,경기도 화성시,경기BIS
GGB233002096,정남농촌체험학교,37.1516333,126.9781,2025-10-31,37690.0,31240,경기도 화성시,경기BIS
GGB233002097,정남농촌체험학교,37.1518,126.9766333,2025-10-31,55068.0,31240,경기도 화성시,경기BIS
GGB233002098,신한에스빌아파트앞,37.2089667,127.0395167,2025-10-31,55086.0,31240,경기도 화성시,경기BIS
GGB233002099,화성종합경기타운사거리,37.1341333,126.9212667,2025-10-31,55095.0,31240,경기도 화성시,경기BIS
GGB233002100,화성종합경기타운사거리,37.13415,126.9216833,2025-10-31,55079.0,31240,경기도 화성시,경기BIS
GGB233002101,화성문화원.향남환승터미널,37.132,126.9210833,2025-10-31,37286.0,31240,경기도 화성시,경기BIS
GGB233002102,향남환승터미널,37.1328,126.9215667,2025-10-31,37287.0,31240,경기도 화성시,경기BIS
GGB233002103,에일린의뜰,37.1278667,126.9206167,2025-10-31,55084.0,31240,경기도 화성시,경기BIS
GGB233002104,신영지웰,37.1278667,126.9209667,2025-10-31,55080.0,31240,경기도 화성시,경기BIS
GGB233002105,단독주택단지,37.1243333,126.9198667,2025-10-31,55085.0,31240,경기도 화성시,경기BIS
GGB233002106,단독주택단지,37.12425,126.9201833,2025-10-31,55081.0,31240,경기도 화성시,경기BIS
GGB233002108,향남역.휴먼시아5.6블럭,37.1235,126.9134167,2025-10-31,55082.0,31240,경기도 화성시,경기BIS
GGB233002109,화성종합운동장,37.1351333,126.9204333,2025-10-31,55083.0,31240,경기도 화성시,경기BIS
GGB233002110,어천2리마을회관앞,37.2501167,126.9130667,2025-10-31,60116.0,31240,경기도 화성시,경기BIS
GGB233002111,반달마을,37.2345333,127.0669833,2025-10-31,55131.0,31240,경기도 화성시,경기BIS
GGB233002112,반달마을,37.2344,127.0670667,2025-10-31,55132.0,31240,경기도 화성시,경기BIS
GGB233002113,산척리,37.1690667,127.0895167,2025-10-31,55089.0,31240,경기도 화성시,경기BIS
GGB233002114,산척리,37.1710167,127.09,2025-10-31,55090.0,31240,경기도 화성시,경기BIS
GGB233002115,DM디스플레이,37.16415,127.08765,2025-10-31,55091.0,31240,경기도 화성시,경기BIS
GGB233002116,DM디스플레이,37.16555,127.0877167,2025-10-31,55092.0,31240,경기도 화성시,경기BIS
GGB233002117,한마음초교.광명메이루즈,37.2075,127.0568,2025-10-31,55100.0,31240,경기도 화성시,경기BIS
GGB233002118,양노리,37.2286667,126.8599667,2025-10-31,55087.0,31240,경기도 화성시,경기BIS
GGB233002119,송곡리입구,37.1266167,126.9712167,2025-10-31,55127.0,31240,경기도 화성시,경기BIS
GGB233002120,화성서부경찰서,37.1914167,126.8217333,2025-10-31,37751.0,31240,경기도 화성시,경기BIS
GGB233002121,화성서부경찰서,37.1909167,126.8221167,2025-10-31,55093.0,31240,경기도 화성시,경기BIS
GGB233002122,정남행정복합센터,37.1611667,126.9716667,2025-10-31,55094.0,31240,경기도 화성시,경기BIS
GGB233002123,정남행정복합센터,37.16155,126.97275,2025-10-31,55097.0,31240,경기도 화성시,경기BIS
GGB233002124,경기도시공사동탄사업단,37.1654833,127.1018,2025-10-31,55593.0,31240,경기도 화성시,경기BIS
GGB233002127,대방노블랜드5차,37.2903167,126.8141,2025-10-31,55596.0,31240,경기도 화성시,경기BIS
GGB233002128,대방노블랜드6차,37.2901,126.8148,2025-10-31,55597.0,31240,경기도 화성시,경기BIS
GGB233002129,대방노블랜드2차,37.28915,126.8174667,2025-10-31,55598.0,31240,경기도 화성시,경기BIS
GGB233002130,그린빌라.롤링힐스,37.1899167,126.8413,2025-10-31,55104.0,31240,경기도 화성시,경기BIS
GGB233002131,그린빌라.롤링힐스,37.1895833,126.84205,2025-10-31,55105.0,31240,경기도 화성시,경기BIS
GGB233002132,롯데시네마,37.2144833,127.04245,2025-10-31,55279.0,31240,경기도 화성시,경기BIS
GGB233002133,대방노블랜드3차,37.2890333,126.8173333,2025-10-31,55599.0,31240,경기도 화성시,경기BIS
GGB233002134,거문들,37.0893667,126.8299333,2025-10-31,55160.0,31240,경기도 화성시,경기BIS
GGB233002135,남양타운,37.1983833,126.7974167,2025-10-31,55179.0,31240,경기도 화성시,경기BIS
GGB233002136,남양타운,37.19775,126.7970667,2025-10-31,55180.0,31240,경기도 화성시,경기BIS
GGB233002137,마도할인마트,37.1950167,126.7963333,2025-10-31,55123.0,31240,경기도 화성시,경기BIS
GGB233002138,마도할인마트,37.1950833,126.7965833,2025-10-31,55124.0,31240,경기도 화성시,경기BIS
GGB233002139,쌍송1리앞,37.1897833,126.7921833,2025-10-31,55181.0,31240,경기도 화성시,경기BIS
GGB233002140,쌍송1리앞,37.1905167,126.7930833,2025-10-31,55182.0,31240,경기도 화성시,경기BIS
GGB233002141,마도유통상가앞,37.1865333,126.7898667,2025-10-31,55183.0,31240,경기도 화성시,경기BIS
GGB233002142,마도유통상가앞,37.1867,126.7903333,2025-10-31,55184.0,31240,경기도 화성시,경기BIS
GGB233002143,쌍송2리앞,37.1844,126.7882333,2025-10-31,55185.0,31240,경기도 화성시,경기BIS
GGB233002144,쌍송2리.산업단지내,37.1846667,126.7887833,2025-10-31,55186.0,31240,경기도 화성시,경기BIS
GGB233002145,나래울,37.2052667,127.0524167,2025-10-31,55101.0,31240,경기도 화성시,경기BIS
GGB233002146,나래울,37.2052833,127.05265,2025-10-31,55102.0,31240,경기도 화성시,경기BIS
GGB233002147,진안초교,37.2170833,127.0393667,2025-10-31,55231.0,31240,경기도 화성시,경기BIS
GGB233002148,진안초교,37.2172167,127.0395833,2025-10-31,55353.0,31240,경기도 화성시,경기BIS
GGB233002149,어천저수지,37.2512333,126.9147833,2025-10-31,55106.0,31240,경기도 화성시,경기BIS
GGB233001009,매향삼거리,37.04055,126.7518167,2025-10-31,36831.0,31240,경기도 화성시,경기BIS
GGB233001010,화산1리입구,37.0608833,126.7878667,2025-10-31,37475.0,31240,경기도 화성시,경기BIS
GGB233001011,화산삼거리,37.0628667,126.79335,2025-10-31,37474.0,31240,경기도 화성시,경기BIS
GGB233001012,윗머드내.평화약국,37.1290667,127.0127667,2025-10-31,37917.0,31240,경기도 화성시,경기BIS
GGB233001013,음양1길,37.1418333,127.0295833,2025-10-31,36587.0,31240,경기도 화성시,경기BIS
GGB233001015,화성드림파크,37.0467167,126.76175,2025-10-31,36799.0,31240,경기도 화성시,경기BIS
GGB233001016,화성드림파크,37.0468833,126.7621167,2025-10-31,36830.0,31240,경기도 화성시,경기BIS
GGB233001017,동오리,37.1311,126.95695,2025-10-31,37326.0,31240,경기도 화성시,경기BIS
GGB233001018,아시아자동차,37.1313333,126.96285,2025-10-31,37329.0,31240,경기도 화성시,경기BIS
GGB233001019,갈천리,37.1248,126.9769667,2025-10-31,37334.0,31240,경기도 화성시,경기BIS
GGB233001020,관리고개,37.1341833,126.94055,2025-10-31,37310.0,31240,경기도 화성시,경기BIS
GGB233001021,관리고개,37.1338833,126.9404333,2025-10-31,37311.0,31240,경기도 화성시,경기BIS
GGB233001022,한국아델리움.풍림아이원,37.1308167,126.9280167,2025-10-31,37303.0,31240,경기도 화성시,경기BIS
GGB233001023,향남읍행정복지센터,37.1315,126.91975,2025-10-31,37289.0,31240,경기도 화성시,경기BIS
GGB233001024,만경폐차장,37.1657,126.9738167,2025-10-31,36084.0,31240,경기도 화성시,경기BIS
GGB233001025,만경폐차장,37.16565,126.9738333,2025-10-31,36112.0,31240,경기도 화성시,경기BIS
GGB233001026,화성중앙병원.발안초등학교,37.1311833,126.9115,2025-10-31,37269.0,31240,경기도 화성시,경기BIS
GGB233001027,중흥에듀파크,37.2326333,126.9463167,2025-10-31,55892.0,31240,경기도 화성시,경기BIS
GGB233001028,엘크루루엘리안.중흥에듀파크,37.2298833,126.9449667,2025-10-31,55893.0,31240,경기도 화성시,경기BIS
GGB233001029,팔탄면행정복지센터,37.1622667,126.9039667,2025-10-31,37253.0,31240,경기도 화성시,경기BIS
GGB233001030,구장삼거리,37.1680167,126.8960333,2025-10-31,37229.0,31240,경기도 화성시,경기BIS
GGB233001031,구장삼거리,37.1679833,126.8959167,2025-10-31,37228.0,31240,경기도 화성시,경기BIS
GGB233001032,구장사거리.공구상가,37.1690833,126.8924167,2025-10-31,37223.0,31240,경기도 화성시,경기BIS
GGB233001033,구장사거리.공구상가,37.16875,126.8926,2025-10-31,37473.0,31240,경기도 화성시,경기BIS
GGB233001034,율암삼거리,37.167,126.88135,2025-10-31,37204.0,31240,경기도 화성시,경기BIS
GGB233001035,팔탄공단앞,37.17065,126.8766333,2025-10-31,37190.0,31240,경기도 화성시,경기BIS
GGB233001036,문학보건소,37.15115,126.9733167,2025-10-31,55692.0,31240,경기도 화성시,경기BIS
GGB233001037,신수마을,37.2271,126.9416667,2025-10-31,55894.0,31240,경기도 화성시,경기BIS
GGB233001038,무송2통.술현,37.1810833,126.8493833,2025-10-31,37501.0,31240,경기도 화성시,경기BIS
GGB233001039,무송2통.술현,37.1810167,126.8495,2025-10-31,36784.0,31240,경기도 화성시,경기BIS
GGB233001040,무송교차로,37.1810333,126.84575,2025-10-31,36046.0,31240,경기도 화성시,경기BIS
GGB233001041,무송1리마을입구,37.188,126.8452167,2025-10-31,36045.0,31240,경기도 화성시,경기BIS
GGB233001042,무송1리마을입구,37.1877833,126.8448833,2025-10-31,36044.0,31240,경기도 화성시,경기BIS
GGB233001043,대광아파트,37.1942667,126.83365,2025-10-31,36039.0,31240,경기도 화성시,경기BIS
GGB233001044,신수마을,37.2268333,126.9417167,2025-10-31,55895.0,31240,경기도 화성시,경기BIS
GGB233001045,엘크루루엘리안.중흥에듀파크,37.2301167,126.9452833,2025-10-31,55896.0,31240,경기도 화성시,경기BIS
GGB233001046,기업은행,37.20835,126.81875,2025-10-31,36018.0,31240,경기도 화성시,경기BIS
GGB233001047,이화1리앞,37.0471333,126.7952167,2025-10-31,36829.0,31240,경기도 화성시,경기BIS
GGB233001048,이화2리앞(이화병원),37.0421333,126.79765,2025-10-31,36828.0,31240,경기도 화성시,경기BIS
GGB233001049,이화3리입구,37.0403667,126.8001333,2025-10-31,36461.0,31240,경기도 화성시,경기BIS
GGB233001050,슈마타운,37.0361833,126.80365,2025-10-31,36827.0,31240,경기도 화성시,경기BIS
GGB233001051,애덕의가정,37.0328167,126.8024833,2025-10-31,36826.0,31240,경기도 화성시,경기BIS
GGB233001052,이화리종점,37.0269167,126.7952833,2025-10-31,37499.0,31240,경기도 화성시,경기BIS
GGB233001053,이화리종점,37.0269333,126.7955167,2025-10-31,37498.0,31240,경기도 화성시,경기BIS
GGB233001054,석천1리포도원,37.0582333,126.7938167,2025-10-31,36825.0,31240,경기도 화성시,경기BIS
GGB233001055,송산교입구,37.2078,127.0265333,2025-10-31,36079.0,31240,경기도 화성시,경기BIS
GGB233001056,중흥에듀파크,37.2326167,126.9465667,2025-10-31,55897.0,31240,경기도 화성시,경기BIS
GGB233001057,기아2차아파트앞,37.0609667,126.7929,2025-10-31,36824.0,31240,경기도 화성시,경기BIS
GGB233001058,이곤선생효자문북단,37.2193,126.9353167,2025-10-31,36080.0,31240,경기도 화성시,경기BIS
GGB233001059,내리사거리,37.2270333,126.9318,2025-10-31,36070.0,31240,경기도 화성시,경기BIS
GGB233001061,야목리,37.2650333,126.8775,2025-10-31,37599.0,31240,경기도 화성시,경기BIS
GGB233001062,내리,37.23105,126.93405,2025-10-31,36085.0,31240,경기도 화성시,경기BIS
GGB233001063,내리교,37.2327333,126.9365167,2025-10-31,36745.0,31240,경기도 화성시,경기BIS
GGB233001064,경진여객차고지,37.07295,126.8164,2025-10-31,36104.0,31240,경기도 화성시,경기BIS
GGB233001065,문학2리,37.1589167,126.9685167,2025-10-31,36782.0,31240,경기도 화성시,경기BIS
GGB233001066,삼괴중고등학교,37.0867667,126.8189333,2025-10-31,37497.0,31240,경기도 화성시,경기BIS
GGB233001067,삼괴중고등학교,37.0870167,126.8189833,2025-10-31,36823.0,31240,경기도 화성시,경기BIS
GGB233001068,한각리입구,37.0918833,126.8164167,2025-10-31,36707.0,31240,경기도 화성시,경기BIS
GGB233001069,우정읍복지센터.청소년문화의집,37.0895667,126.8170667,2025-10-31,37496.0,31240,경기도 화성시,경기BIS
GGB233001070,청소년문화의집.우정읍복지센터,37.0896167,126.8172,2025-10-31,36822.0,31240,경기도 화성시,경기BIS
GGB233001071,한각리입구,37.09215,126.81645,2025-10-31,36821.0,31240,경기도 화성시,경기BIS
GGB233001072,삼거리.원슈퍼.원마트,37.1223167,126.99415,2025-10-31,37349.0,31240,경기도 화성시,경기BIS
GGB233001073,원슈퍼.삼거리,37.12245,126.9944833,2025-10-31,37350.0,31240,경기도 화성시,경기BIS
GGB233001074,멱우2리부대앞,37.0957667,126.8151,2025-10-31,37495.0,31240,경기도 화성시,경기BIS
GGB233001075,송산리입구.부처내고개,37.1190333,126.99065,2025-10-31,37345.0,31240,경기도 화성시,경기BIS
GGB233001076,송산리입구.부처내고개,37.11905,126.9909,2025-10-31,37346.0,31240,경기도 화성시,경기BIS
GGB233001077,멱우2리부대앞,37.0957667,126.8151833,2025-10-31,37494.0,31240,경기도 화성시,경기BIS
GGB233001078,조암조원마을,37.08515,126.8160333,2025-10-31,36820.0,31240,경기도 화성시,경기BIS
GGB233001079,배밭,37.1173167,126.9828,2025-10-31,37340.0,31240,경기도 화성시,경기BIS
GGB233001080,배밭,37.1169667,126.98255,2025-10-31,37341.0,31240,경기도 화성시,경기BIS
GGB233001081,멱우2리,37.1021,126.8138333,2025-10-31,36819.0,31240,경기도 화성시,경기BIS
GGB233001082,까치고개,37.1150833,126.9788,2025-10-31,36201.0,31240,경기도 화성시,경기BIS
GGB233001083,요꼴낚시터,37.1134333,126.9756833,2025-10-31,36781.0,31240,경기도 화성시,경기BIS
GGB233001084,요꼴낚시터,37.1132,126.9756167,2025-10-31,36780.0,31240,경기도 화성시,경기BIS
GGB233001085,사창2리.요꼴,37.1074333,126.9725667,2025-10-31,36178.0,31240,경기도 화성시,경기BIS
GGB233001086,삼풍전선,37.1007,126.9724,2025-10-31,36177.0,31240,경기도 화성시,경기BIS
GGB233001087,삼풍전선,37.1010667,126.9724667,2025-10-31,36181.0,31240,경기도 화성시,경기BIS
GGB233002150,어천저수지,37.25135,126.9147833,2025-10-31,55107.0,31240,경기도 화성시,경기BIS
GGB233002151,화성종합경기타운,37.1363167,126.9216167,2025-10-31,55098.0,31240,경기도 화성시,경기BIS
GGB233002152,화성종합경기타운,37.1362833,126.9212333,2025-10-31,55368.0,31240,경기도 화성시,경기BIS
GGB233002153,슬항3리,37.2093333,126.7628833,2025-10-31,55096.0,31240,경기도 화성시,경기BIS
GGB233002155,안녕성당앞,37.2042667,126.9962667,2025-10-31,55161.0,31240,경기도 화성시,경기BIS
GGB233002156,장짐삼거리앞,37.1387167,126.8993667,2025-10-31,55114.0,31240,경기도 화성시,경기BIS
GGB233002157,장짐삼거리앞,37.1392333,126.8996333,2025-10-31,55156.0,31240,경기도 화성시,경기BIS
GGB233002158,송곡리입구,37.12655,126.97115,2025-10-31,55128.0,31240,경기도 화성시,경기BIS
GGB233002159,양우내안애,37.2027833,126.8233833,2025-10-31,36024.0,31240,경기도 화성시,경기BIS
GGB233002160,하피랜드,37.16895,126.8882833,2025-10-31,55175.0,31240,경기도 화성시,경기BIS
GGB233002161,하피랜드,37.1691667,126.8878333,2025-10-31,55176.0,31240,경기도 화성시,경기BIS
GGB233002163,봉림사입구,37.2174833,126.841,2025-10-31,55254.0,31240,경기도 화성시,경기BIS
GGB233002164,봉림사입구,37.21765,126.8407667,2025-10-31,55255.0,31240,경기도 화성시,경기BIS
GGB233002165,현대트랜시스,37.2175667,127.1036333,2025-10-31,55602.0,31240,경기도 화성시,경기BIS
GGB233002166,롤링힐스,37.19285,126.8378167,2025-10-31,55603.0,31240,경기도 화성시,경기BIS
GGB233002167,창곡1리입구,37.1964667,126.8809167,2025-10-31,55125.0,31240,경기도 화성시,경기BIS
GGB233002168,창곡1리입구,37.1960667,126.8812833,2025-10-31,55126.0,31240,경기도 화성시,경기BIS
GGB233002169,LH1단지.한양수자인,37.2167667,127.11425,2025-10-31,55605.0,31240,경기도 화성시,경기BIS
GGB233002170,경기수협.보건소,37.2069167,126.8118833,2025-10-31,55115.0,31240,경기도 화성시,경기BIS
GGB233002171,경기수협.보건소,37.2070333,126.81185,2025-10-31,55116.0,31240,경기도 화성시,경기BIS
GGB233002172,동화휴먼시아1단지,37.2185667,126.9583333,2025-10-31,55135.0,31240,경기도 화성시,경기BIS
GGB233002173,LH1단지.한양수자인,37.2169,127.1148,2025-10-31,55606.0,31240,경기도 화성시,경기BIS
GGB233002174,매송초등학교,37.2485,126.9281167,2025-10-31,55188.0,31240,경기도 화성시,경기BIS
GGB233002175,기천3리,37.1884,126.9084167,2025-10-31,55275.0,31240,경기도 화성시,경기BIS
GGB233002176,다원초.파크자이,37.21235,127.1116167,2025-10-31,55774.0,31240,경기도 화성시,경기BIS
GGB233002177,기천3리.키울,37.19145,126.90955,2025-10-31,55276.0,31240,경기도 화성시,경기BIS
GGB233002178,다원초.파크자이,37.2123667,127.1118333,2025-10-31,55775.0,31240,경기도 화성시,경기BIS
GGB233002179,동탄파크이지더원.자이후문,37.2100667,127.11185,2025-10-31,55609.0,31240,경기도 화성시,경기BIS
GGB233002180,안덕우리,37.1364,126.8632833,2025-10-31,55017.0,31240,경기도 화성시,경기BIS
GGB233002181,동탄파크자이.이지더원후문,37.2101667,127.1120333,2025-10-31,55610.0,31240,경기도 화성시,경기BIS
GGB233002182,파크푸르지오,37.21665,127.1128333,2025-10-31,55611.0,31240,경기도 화성시,경기BIS
GGB233002183,덕절리,37.1340167,127.0289,2025-10-31,37568.0,31240,경기도 화성시,경기BIS
GGB233002184,주곡1리,37.1175,126.825,2025-10-31,55157.0,31240,경기도 화성시,경기BIS
GGB233002185,모아미래도2단지,37.2087167,127.0518,2025-10-31,55144.0,31240,경기도 화성시,경기BIS
GGB233002186,화성시청역,37.1890333,126.821,2025-10-31,55278.0,31240,경기도 화성시,경기BIS
GGB233002187,파크푸르지오,37.21675,127.1127167,2025-10-31,55612.0,31240,경기도 화성시,경기BIS
GGB233002188,신남1리,37.1807333,126.8182333,2025-10-31,55317.0,31240,경기도 화성시,경기BIS
GGB233002189,안석2리,37.17835,126.8171833,2025-10-31,55318.0,31240,경기도 화성시,경기BIS
GGB233002190,어천2리마을회관앞,37.25015,126.9128833,2025-10-31,60117.0,31240,경기도 화성시,경기BIS
GGB233002191,마산포종점,37.23845,126.66315,2025-10-31,55189.0,31240,경기도 화성시,경기BIS
GGB233002192,약방앞,37.2409167,126.6694833,2025-10-31,55190.0,31240,경기도 화성시,경기BIS
GGB233002193,약방앞,37.2408833,126.6692667,2025-10-31,55191.0,31240,경기도 화성시,경기BIS
GGB233002194,고포2리,37.2365167,126.6796333,2025-10-31,55192.0,31240,경기도 화성시,경기BIS
GGB233002195,마산2리,37.2328667,126.6858833,2025-10-31,55193.0,31240,경기도 화성시,경기BIS
GGB233002196,고포3리,37.235,126.6818667,2025-10-31,55194.0,31240,경기도 화성시,경기BIS
GGB233002197,고포3리,37.2349333,126.6818333,2025-10-31,55195.0,31240,경기도 화성시,경기BIS
GGB233002198,마산초교,37.2309833,126.6915,2025-10-31,55196.0,31240,경기도 화성시,경기BIS
GGB233002199,신흥유원지,37.23075,126.6952667,2025-10-31,55197.0,31240,경기도 화성시,경기BIS
GGB233002200,마산1리,37.2271,126.7010667,2025-10-31,55198.0,31240,경기도 화성시,경기BIS
GGB233002201,마산1리.청촌농원,37.2294833,126.6996,2025-10-31,55199.0,31240,경기도 화성시,경기BIS
GGB233002202,마산1리.청촌농원,37.2293833,126.6995833,2025-10-31,55200.0,31240,경기도 화성시,경기BIS
GGB233002203,마산1리마을회관,37.2299667,126.69785,2025-10-31,55201.0,31240,경기도 화성시,경기BIS
GGB233002204,마산1리마을회관,37.2298,126.6980333,2025-10-31,55202.0,31240,경기도 화성시,경기BIS
GGB233002205,중송1리,37.2239667,126.70625,2025-10-31,55203.0,31240,경기도 화성시,경기BIS
GGB233002206,은진화학,37.2175833,126.7160167,2025-10-31,55204.0,31240,경기도 화성시,경기BIS
GGB233002207,은진화학,37.2174667,126.71605,2025-10-31,55205.0,31240,경기도 화성시,경기BIS
GGB233002208,송산중학교,37.2151667,126.7299833,2025-10-31,55206.0,31240,경기도 화성시,경기BIS
GGB233002209,송산중학교,37.21505,126.7302167,2025-10-31,55207.0,31240,경기도 화성시,경기BIS
GGB233002210,한국지역난방공사,37.1738667,127.0908,2025-10-31,55103.0,31240,경기도 화성시,경기BIS
GGB233002211,한국지역난방공사,37.1734,127.09105,2025-10-31,36669.0,31240,경기도 화성시,경기BIS
GGB233002212,가재1리입구.자연샘,37.1452,126.9196667,2025-10-31,55133.0,31240,경기도 화성시,경기BIS
GGB233002213,현대기아연구소,37.1616833,126.8440667,2025-10-31,55108.0,31240,경기도 화성시,경기BIS
GGB233002214,온석2리앞,37.1674167,126.8468833,2025-10-31,55110.0,31240,경기도 화성시,경기BIS
GGB233002215,비봉교차로,37.23845,126.8783,2025-10-31,55930.0,31240,경기도 화성시,경기BIS
GGB233002216,안장골입구,37.1792333,126.8441667,2025-10-31,55117.0,31240,경기도 화성시,경기BIS
GGB233002217,국민체육센터,37.2210667,126.9522167,2025-10-31,55139.0,31240,경기도 화성시,경기BIS
GGB233002218,국민체육센터,37.2211833,126.9524333,2025-10-31,55140.0,31240,경기도 화성시,경기BIS
GGB233002219,창말입구.대주,37.13245,127.0233167,2025-10-31,37655.0,31240,경기도 화성시,경기BIS
GGB233002220,창말입구.대주,37.1322667,127.0230167,2025-10-31,37656.0,31240,경기도 화성시,경기BIS
GGB233002221,온석2리앞,37.1675167,126.8470667,2025-10-31,55111.0,31240,경기도 화성시,경기BIS
GGB233002222,조암하나로마트,37.086,126.8180167,2025-10-31,36611.0,31240,경기도 화성시,경기BIS
GGB233002223,온석리입구,37.1735833,126.8453167,2025-10-31,55112.0,31240,경기도 화성시,경기BIS
GGB233002224,온석리입구,37.1736667,126.8454,2025-10-31,55113.0,31240,경기도 화성시,경기BIS
GGB233002225,안장골입구,37.1792167,126.8442833,2025-10-31,55118.0,31240,경기도 화성시,경기BIS
GGB233002226,현대기아연구소,37.1620167,126.8443167,2025-10-31,55109.0,31240,경기도 화성시,경기BIS
GGB233002227,한마음초사거리,37.2092,127.0528833,2025-10-31,55145.0,31240,경기도 화성시,경기BIS
GGB233002228,한마음초사거리,37.2091333,127.0531,2025-10-31,55146.0,31240,경기도 화성시,경기BIS
GGB233002229,창곡1리,37.1866167,126.88415,2025-10-31,55119.0,31240,경기도 화성시,경기BIS
GGB233001088,동자골.사창3리,37.0964833,126.9716167,2025-10-31,36168.0,31240,경기도 화성시,경기BIS
GGB233001089,경기요양병원,37.1151,126.7973833,2025-10-31,36818.0,31240,경기도 화성시,경기BIS
GGB233001090,사창초등학교,37.09115,126.9722833,2025-10-31,36175.0,31240,경기도 화성시,경기BIS
GGB233001091,오가리,37.0856,126.9705333,2025-10-31,36779.0,31240,경기도 화성시,경기BIS
GGB233001092,용소3리,37.0793333,126.9703333,2025-10-31,36160.0,31240,경기도 화성시,경기BIS
GGB233001093,마도농협,37.2041333,126.7720667,2025-10-31,60081.0,31240,경기도 화성시,경기BIS
GGB233001094,솔안고개,37.07535,126.9637167,2025-10-31,36150.0,31240,경기도 화성시,경기BIS
GGB233001095,솔안고개,37.0754167,126.9637333,2025-10-31,36151.0,31240,경기도 화성시,경기BIS
GGB233001096,신왕공단,37.0768167,126.9607,2025-10-31,36145.0,31240,경기도 화성시,경기BIS
GGB233001097,신왕공단,37.0769,126.9607333,2025-10-31,36144.0,31240,경기도 화성시,경기BIS
GGB233001098,신왕2리.독줄입구,37.0776167,126.9540833,2025-10-31,36133.0,31240,경기도 화성시,경기BIS
GGB233001099,신왕3리.조리울,37.08005,126.9522667,2025-10-31,36126.0,31240,경기도 화성시,경기BIS
GGB233001100,신왕리,37.0833333,126.9442167,2025-10-31,36778.0,31240,경기도 화성시,경기BIS
GGB233001101,양감면행정복지센터,37.0817833,126.9451667,2025-10-31,36777.0,31240,경기도 화성시,경기BIS
GGB233001102,대양4리,37.0903,126.9421,2025-10-31,36106.0,31240,경기도 화성시,경기BIS
GGB233001103,대양1리,37.09545,126.9394167,2025-10-31,36096.0,31240,경기도 화성시,경기BIS
GGB233001104,상두리입구,37.0974833,126.9392,2025-10-31,36098.0,31240,경기도 화성시,경기BIS
GGB233001105,상두리입구,37.09745,126.9390667,2025-10-31,36094.0,31240,경기도 화성시,경기BIS
GGB233001106,양석골,37.1101833,126.9313833,2025-10-31,37307.0,31240,경기도 화성시,경기BIS
GGB233001107,양석골,37.1098333,126.9313833,2025-10-31,37306.0,31240,경기도 화성시,경기BIS
GGB233001108,향남주공2단지,37.1167333,126.9176167,2025-10-31,37284.0,31240,경기도 화성시,경기BIS
GGB233001109,방축리,37.12,126.9183667,2025-10-31,37280.0,31240,경기도 화성시,경기BIS
GGB233001110,효원납골공원,37.1426667,126.95895,2025-10-31,37266.0,31240,경기도 화성시,경기BIS
GGB233001111,엘크루아파트,37.16115,127.09365,2025-10-31,37037.0,31240,경기도 화성시,경기BIS
GGB233001112,사창1리,37.0937167,126.9714,2025-10-31,36166.0,31240,경기도 화성시,경기BIS
GGB233001113,화수1리입구,37.1189167,126.7872667,2025-10-31,36416.0,31240,경기도 화성시,경기BIS
GGB233001114,호곡1리,37.1198,126.7846667,2025-10-31,36817.0,31240,경기도 화성시,경기BIS
GGB233001115,호곡2리,37.1194,126.7798667,2025-10-31,36816.0,31240,경기도 화성시,경기BIS
GGB233001116,호곡2리,37.1192833,126.7798167,2025-10-31,37492.0,31240,경기도 화성시,경기BIS
GGB233001117,화수사거리,37.1096333,126.8018833,2025-10-31,37491.0,31240,경기도 화성시,경기BIS
GGB233001118,호수하우스디,37.16095,127.0970167,2025-10-31,37039.0,31240,경기도 화성시,경기BIS
GGB233001119,호곡3리입구,37.1194833,126.7763667,2025-10-31,36814.0,31240,경기도 화성시,경기BIS
GGB233001120,수산세보틱스,37.1145333,126.99115,2025-10-31,36271.0,31240,경기도 화성시,경기BIS
GGB233001121,문화마을,37.1240833,126.7954833,2025-10-31,36813.0,31240,경기도 화성시,경기BIS
GGB233001122,정남농협,37.1708667,126.9835,2025-10-31,36843.0,31240,경기도 화성시,경기BIS
GGB233001123,신남1리,37.1844667,126.813,2025-10-31,55693.0,31240,경기도 화성시,경기BIS
GGB233001124,정남파출소,37.1734167,126.9840167,2025-10-31,36243.0,31240,경기도 화성시,경기BIS
GGB233001125,빼골,37.1800333,126.98825,2025-10-31,36260.0,31240,경기도 화성시,경기BIS
GGB233001126,괘랑2리.차운혁충신정려문,37.1828333,126.99315,2025-10-31,36274.0,31240,경기도 화성시,경기BIS
GGB233001127,앞말,37.1835667,127.0014167,2025-10-31,36282.0,31240,경기도 화성시,경기BIS
GGB233001128,뱅뱅이,37.18675,127.00505,2025-10-31,36291.0,31240,경기도 화성시,경기BIS
GGB233001129,발산리,37.1553167,126.9817167,2025-10-31,36223.0,31240,경기도 화성시,경기BIS
GGB233001130,우미린센트포레1단지,37.2081667,127.0008167,2025-10-31,36281.0,31240,경기도 화성시,경기BIS
GGB233001132,독정4리마을회관,37.0790333,126.8671167,2025-10-31,36775.0,31240,경기도 화성시,경기BIS
GGB233001133,독정5리마을회관,37.0637,126.8701167,2025-10-31,36727.0,31240,경기도 화성시,경기BIS
GGB233001134,정남산업단지,37.1418,127.0266167,2025-10-31,36334.0,31240,경기도 화성시,경기BIS
GGB233001135,덕절3리,37.1402333,127.0220333,2025-10-31,36326.0,31240,경기도 화성시,경기BIS
GGB233001136,경찰특공대,37.1456667,127.0115167,2025-10-31,36508.0,31240,경기도 화성시,경기BIS
GGB233001137,금복리,37.1530667,127.00665,2025-10-31,36297.0,31240,경기도 화성시,경기BIS
GGB233001138,덕다3리.문화촌,37.0476167,126.8366,2025-10-31,36776.0,31240,경기도 화성시,경기BIS
GGB233001139,숙곡1리입구,37.2612833,126.9139,2025-10-31,60083.0,31240,경기도 화성시,경기BIS
GGB233001140,다우실란트산업앞,37.1882,126.8697833,2025-10-31,60084.0,31240,경기도 화성시,경기BIS
GGB233001141,덕다3리,37.05245,126.8348833,2025-10-31,36774.0,31240,경기도 화성시,경기BIS
GGB233001142,괘랑3리,37.1752333,126.9805667,2025-10-31,37572.0,31240,경기도 화성시,경기BIS
GGB233001143,덕다3리,37.0527833,126.8347167,2025-10-31,36773.0,31240,경기도 화성시,경기BIS
GGB233001144,사강2리,37.2120667,126.7305,2025-10-31,37490.0,31240,경기도 화성시,경기BIS
GGB233001146,노진초등학교,37.0526167,126.8095667,2025-10-31,36772.0,31240,경기도 화성시,경기BIS
GGB233001147,노진2리(노인정),37.0490167,126.8122667,2025-10-31,36771.0,31240,경기도 화성시,경기BIS
GGB233001148,노진2리(노인정),37.0491167,126.8123833,2025-10-31,36770.0,31240,경기도 화성시,경기BIS
GGB233001149,능동고등학교,37.2130833,127.05745,2025-10-31,37488.0,31240,경기도 화성시,경기BIS
GGB233001150,노진5,37.042,126.8156167,2025-10-31,36769.0,31240,경기도 화성시,경기BIS
GGB233001151,수면리,37.1619667,127.0222333,2025-10-31,36330.0,31240,경기도 화성시,경기BIS
GGB233001152,다우실란트산업앞,37.1882833,126.86975,2025-10-31,60085.0,31240,경기도 화성시,경기BIS
GGB233001153,내리교회,37.1621,127.0183,2025-10-31,36324.0,31240,경기도 화성시,경기BIS
GGB233001154,매향리복지회관,37.03895,126.75035,2025-10-31,36588.0,31240,경기도 화성시,경기BIS
GGB233001155,매향리복지회관,37.0388333,126.7503833,2025-10-31,36589.0,31240,경기도 화성시,경기BIS
GGB233001156,운평2리,37.0845833,126.7807333,2025-10-31,37487.0,31240,경기도 화성시,경기BIS
GGB233001157,운평사거리,37.0830333,126.7767,2025-10-31,36768.0,31240,경기도 화성시,경기BIS
GGB233001158,운평3리,37.0817,126.7753333,2025-10-31,36789.0,31240,경기도 화성시,경기BIS
GGB233001159,조암4리앞,37.0822,126.7963667,2025-10-31,37486.0,31240,경기도 화성시,경기BIS
GGB233001160,우정초등학교,37.0807,126.8016667,2025-10-31,36788.0,31240,경기도 화성시,경기BIS
GGB233001161,금광아파트,37.0811667,126.8105167,2025-10-31,36787.0,31240,경기도 화성시,경기BIS
GGB233001162,반도유보라정문,37.2083,127.1172,2025-10-31,36448.0,31240,경기도 화성시,경기BIS
GGB233001163,운평1리평밭,37.0871833,126.7718,2025-10-31,37485.0,31240,경기도 화성시,경기BIS
GGB233001164,보건지소앞,37.1688333,126.9856833,2025-10-31,55694.0,31240,경기도 화성시,경기BIS
GGB233001165,선납숲공원.퍼스트파크,37.2101667,127.1077333,2025-10-31,55756.0,31240,경기도 화성시,경기BIS
GGB233001166,동탄2파출소.농협,37.2091833,127.1049,2025-10-31,36470.0,31240,경기도 화성시,경기BIS
GGB233001167,센트럴푸르지오.반도유보라,37.1981333,127.1147,2025-10-31,37484.0,31240,경기도 화성시,경기BIS
GGB233001168,센트럴푸르지오.호반베르디움2차,37.1981333,127.1168167,2025-10-31,36458.0,31240,경기도 화성시,경기BIS
GGB233002230,창곡1리,37.1874,126.8838167,2025-10-31,55120.0,31240,경기도 화성시,경기BIS
GGB233002231,조암하나로마트,37.08575,126.8176,2025-10-31,36612.0,31240,경기도 화성시,경기BIS
GGB233002232,갤건너,37.2014833,126.7091167,2025-10-31,36613.0,31240,경기도 화성시,경기BIS
GGB233002233,안녕4통.고수문,37.2126333,126.98225,2025-10-31,55121.0,31240,경기도 화성시,경기BIS
GGB233002234,안녕4통.고수문,37.2126333,126.9827833,2025-10-31,55122.0,31240,경기도 화성시,경기BIS
GGB233002235,영지,37.1615,126.7069333,2025-10-31,55136.0,31240,경기도 화성시,경기BIS
GGB233002236,영지,37.1614333,126.7066167,2025-10-31,55208.0,31240,경기도 화성시,경기BIS
GGB233002237,백미리입구,37.1515667,126.7007,2025-10-31,55137.0,31240,경기도 화성시,경기BIS
GGB233002238,백미리입구,37.1523333,126.7005667,2025-10-31,55209.0,31240,경기도 화성시,경기BIS
GGB233002239,궁평보건지소,37.1425667,126.70215,2025-10-31,55210.0,31240,경기도 화성시,경기BIS
GGB233002240,궁평보건지소,37.1433167,126.70205,2025-10-31,55138.0,31240,경기도 화성시,경기BIS
GGB233002241,갤건너,37.2013833,126.7091,2025-10-31,36614.0,31240,경기도 화성시,경기BIS
GGB233002242,한국아델리움.풍림아이원,37.1306167,126.928,2025-10-31,55129.0,31240,경기도 화성시,경기BIS
GGB233002243,조암한라비발디,37.0879833,126.8237667,2025-10-31,37750.0,31240,경기도 화성시,경기BIS
GGB233002244,조암한라비발디,37.0882,126.82375,2025-10-31,37968.0,31240,경기도 화성시,경기BIS
GGB233002245,효행초등학교정문,37.21595,126.96905,2025-10-31,55244.0,31240,경기도 화성시,경기BIS
GGB233002246,임광그대가3단지,37.21605,126.96925,2025-10-31,55245.0,31240,경기도 화성시,경기BIS
GGB233002247,동탄2차고지,37.1554,127.1034667,2025-10-31,55998.0,31240,경기도 화성시,경기BIS
GGB233002248,동탄2차고지,37.1552833,127.10335,2025-10-31,55999.0,31240,경기도 화성시,경기BIS
GGB233002249,신동탄포레자이후문,37.2380167,127.06505,2025-10-31,36615.0,31240,경기도 화성시,경기BIS
GGB233002250,중심상가사거리,37.2145333,127.0417167,2025-10-31,55931.0,31240,경기도 화성시,경기BIS
GGB233002251,반월초등학교,37.2229,127.0618,2025-10-31,55442.0,31240,경기도 화성시,경기BIS
GGB233002252,중심상가사거리,37.2152833,127.0407333,2025-10-31,55932.0,31240,경기도 화성시,경기BIS
GGB233002253,우남퍼스트빌.V타운2,37.2063667,127.04215,2025-10-31,36616.0,31240,경기도 화성시,경기BIS
GGB233002254,남수원현대아파트정문,37.2069333,127.0095333,2025-10-31,55933.0,31240,경기도 화성시,경기BIS
GGB233002255,신명아파트,37.2136,126.9724,2025-10-31,55246.0,31240,경기도 화성시,경기BIS
GGB233002256,임광1.2단지입구,37.2137333,126.9732833,2025-10-31,55247.0,31240,경기도 화성시,경기BIS
GGB233002258,현대기아자동차연구소,37.1717333,126.8129667,2025-10-31,55471.0,31240,경기도 화성시,경기BIS
GGB233002259,현대기아자동차연구소,37.1718,126.8127833,2025-10-31,55472.0,31240,경기도 화성시,경기BIS
GGB233002260,우미린.하우스디더레이크,37.17235,127.10335,2025-10-31,55474.0,31240,경기도 화성시,경기BIS
GGB233002261,방교초.레이크자이더테라스,37.17265,127.10135,2025-10-31,55475.0,31240,경기도 화성시,경기BIS
GGB233002262,하우스디더레이크.우미린,37.1726167,127.1054833,2025-10-31,55476.0,31240,경기도 화성시,경기BIS
GGB233002264,동탄첨단산업지구,37.211,127.0926333,2025-10-31,55613.0,31240,경기도 화성시,경기BIS
GGB233002265,매향리,37.0445333,126.7678167,2025-10-31,55141.0,31240,경기도 화성시,경기BIS
GGB233002266,매향리,37.0444333,126.7676333,2025-10-31,55134.0,31240,경기도 화성시,경기BIS
GGB233002267,석천3리,37.043,126.7708667,2025-10-31,55142.0,31240,경기도 화성시,경기BIS
GGB233002268,기아2차아파트앞,37.0591667,126.79315,2025-10-31,55143.0,31240,경기도 화성시,경기BIS
GGB233002269,동탄첨단산업지구,37.2109833,127.0929167,2025-10-31,55614.0,31240,경기도 화성시,경기BIS
GGB233002270,정림보건진료소,37.1513667,127.0071833,2025-10-31,36486.0,31240,경기도 화성시,경기BIS
GGB233002271,능동지성로사거리,37.2128167,127.0547333,2025-10-31,55294.0,31240,경기도 화성시,경기BIS
GGB233002272,신일해피트리아파트,37.2003,127.0533,2025-10-31,55150.0,31240,경기도 화성시,경기BIS
GGB233002273,능동은행사거리.동탄시티병원,37.2089,127.0618167,2025-10-31,55147.0,31240,경기도 화성시,경기BIS
GGB233002274,향남부영6단지,37.11445,126.9093333,2025-10-31,55615.0,31240,경기도 화성시,경기BIS
GGB233002275,현대자동차출고센터,37.14655,126.8183833,2025-10-31,55616.0,31240,경기도 화성시,경기BIS
GGB233002276,현대자동차출고센터,37.14665,126.8181667,2025-10-31,55617.0,31240,경기도 화성시,경기BIS
GGB233002277,(임시)e편한세상동탄파크아너스,37.1761167,127.1462167,2025-10-31,55934.0,31240,경기도 화성시,경기BIS
GGB233002278,화산5리,37.0702333,126.8109,2025-10-31,36617.0,31240,경기도 화성시,경기BIS
GGB233002279,화산5리,37.0701167,126.81095,2025-10-31,36618.0,31240,경기도 화성시,경기BIS
GGB233002280,가재3리,37.1577833,126.9246,2025-10-31,36619.0,31240,경기도 화성시,경기BIS
GGB233002282,비봉체육공원,37.2666333,126.8415167,2025-10-31,55468.0,31240,경기도 화성시,경기BIS
GGB233002285,사강2리,37.21165,126.7299167,2025-10-31,37076.0,31240,경기도 화성시,경기BIS
GGB233002286,가재3리,37.1577333,126.9245333,2025-10-31,36620.0,31240,경기도 화성시,경기BIS
GGB233002287,서연초.제일풍경채,37.1593167,127.1132,2025-10-31,37082.0,31240,경기도 화성시,경기BIS
GGB233002288,세정초.하우스디,37.1676,127.1248,2025-10-31,37086.0,31240,경기도 화성시,경기BIS
GGB233002289,왕배초.금강1차,37.1804,127.1114167,2025-10-31,37112.0,31240,경기도 화성시,경기BIS
GGB233002290,제일풍경체.서연초,37.1591667,127.1131333,2025-10-31,37091.0,31240,경기도 화성시,경기BIS
GGB233002291,바이오밸리,37.1724833,126.7694,2025-10-31,37111.0,31240,경기도 화성시,경기BIS
GGB233002294,반도8차,37.2018667,127.0925167,2025-10-31,37134.0,31240,경기도 화성시,경기BIS
GGB233002295,무송그린빌리지,37.1858167,126.8457833,2025-10-31,55177.0,31240,경기도 화성시,경기BIS
GGB233002296,무송그린빌리지,37.1844333,126.84525,2025-10-31,55178.0,31240,경기도 화성시,경기BIS
GGB233002297,백석,37.1556,126.7034,2025-10-31,55211.0,31240,경기도 화성시,경기BIS
GGB233002298,사곳입구,37.1636833,126.7080333,2025-10-31,55212.0,31240,경기도 화성시,경기BIS
GGB233002299,백석로입구,37.1589,126.7060833,2025-10-31,55213.0,31240,경기도 화성시,경기BIS
GGB233002300,사곳입구,37.16355,126.70775,2025-10-31,55214.0,31240,경기도 화성시,경기BIS
GGB233002301,서신면행정복지센터,37.16575,126.7080333,2025-10-31,55215.0,31240,경기도 화성시,경기BIS
GGB233002302,우남퍼스트빌v2타운2,37.2064833,127.0423167,2025-10-31,36621.0,31240,경기도 화성시,경기BIS
GGB233002303,마루교차로,37.1332667,126.6968667,2025-10-31,55216.0,31240,경기도 화성시,경기BIS
GGB233002304,마루교차로,37.1334167,126.69675,2025-10-31,55217.0,31240,경기도 화성시,경기BIS
GGB233002305,해운경로당,37.1377,126.7014167,2025-10-31,55218.0,31240,경기도 화성시,경기BIS
GGB233002306,연화사입구,37.2582333,126.9077333,2025-10-31,60119.0,31240,경기도 화성시,경기BIS
GGB233002307,해운교차로,37.1404667,126.7023833,2025-10-31,55220.0,31240,경기도 화성시,경기BIS
GGB233002308,해운교차로,37.1402167,126.7022,2025-10-31,55221.0,31240,경기도 화성시,경기BIS
GGB233002309,백석,37.1555667,126.70365,2025-10-31,55222.0,31240,경기도 화성시,경기BIS
GGB233002310,백석로입구,37.1584167,126.70615,2025-10-31,55223.0,31240,경기도 화성시,경기BIS
GGB233002311,서신면행정복지센터,37.16565,126.7084,2025-10-31,55224.0,31240,경기도 화성시,경기BIS
GGB233002312,황계1통,37.2239,127.0200833,2025-10-31,36163.0,31240,경기도 화성시,경기BIS
GGB233002313,상안2리교차로,37.1812,126.7105833,2025-10-31,55360.0,31240,경기도 화성시,경기BIS
GGB233001169,반도유보라정문,37.2083667,127.1168,2025-10-31,36450.0,31240,경기도 화성시,경기BIS
GGB233001170,하길초등학교,37.1161167,126.9054667,2025-10-31,36435.0,31240,경기도 화성시,경기BIS
GGB233001171,귀래리,37.1387,126.9896167,2025-10-31,37483.0,31240,경기도 화성시,경기BIS
GGB233001172,반도유보라후문,37.2088333,127.1181833,2025-10-31,36785.0,31240,경기도 화성시,경기BIS
GGB233001173,LH4단지.치동천복지관,37.2060333,127.1231167,2025-10-31,55899.0,31240,경기도 화성시,경기BIS
GGB233001174,용소4리,37.08505,126.9812833,2025-10-31,36222.0,31240,경기도 화성시,경기BIS
GGB233001175,갈목,37.08645,126.9794167,2025-10-31,36208.0,31240,경기도 화성시,경기BIS
GGB233001176,LH4단지.치동천복지관,37.2060667,127.1233333,2025-10-31,55900.0,31240,경기도 화성시,경기BIS
GGB233001177,용소1리,37.0801167,126.9842833,2025-10-31,36248.0,31240,경기도 화성시,경기BIS
GGB233001178,무봉산자연휴양림,37.2085333,127.12705,2025-10-31,55901.0,31240,경기도 화성시,경기BIS
GGB233001179,무봉산자연휴양림,37.2085167,127.1271333,2025-10-31,55902.0,31240,경기도 화성시,경기BIS
GGB233001180,용소3리입구,37.0775833,126.9733333,2025-10-31,36185.0,31240,경기도 화성시,경기BIS
GGB233001181,용소3리입구,37.0775,126.9734167,2025-10-31,36184.0,31240,경기도 화성시,경기BIS
GGB233001182,솔안슈퍼,37.0768833,126.9694167,2025-10-31,36155.0,31240,경기도 화성시,경기BIS
GGB233001183,솔안,37.07655,126.9690833,2025-10-31,37596.0,31240,경기도 화성시,경기BIS
GGB233001184,용소2리,37.0790333,126.9782667,2025-10-31,36199.0,31240,경기도 화성시,경기BIS
GGB233001185,화산1리,37.062,126.7897667,2025-10-31,36786.0,31240,경기도 화성시,경기BIS
GGB233001186,길목,37.0864167,126.97935,2025-10-31,36207.0,31240,경기도 화성시,경기BIS
GGB233001187,서영정밀,37.11285,126.9895167,2025-10-31,36268.0,31240,경기도 화성시,경기BIS
GGB233001188,중흥S더테라스3차,37.18555,127.0846667,2025-10-31,55903.0,31240,경기도 화성시,경기BIS
GGB233001189,송산4리,37.1078333,126.9889833,2025-10-31,36267.0,31240,경기도 화성시,경기BIS
GGB233001190,송산4리,37.1076833,126.98905,2025-10-31,36266.0,31240,경기도 화성시,경기BIS
GGB233001191,송산1리,37.1054667,126.9860667,2025-10-31,36256.0,31240,경기도 화성시,경기BIS
GGB233001192,양계장,37.1009333,126.9838833,2025-10-31,36245.0,31240,경기도 화성시,경기BIS
GGB233001193,양계장,37.1012333,126.9841333,2025-10-31,36241.0,31240,경기도 화성시,경기BIS
GGB233001194,정문2리,37.0946833,126.9854667,2025-10-31,36252.0,31240,경기도 화성시,경기BIS
GGB233001195,정문1리,37.09315,126.9849,2025-10-31,36251.0,31240,경기도 화성시,경기BIS
GGB233001196,정문1리,37.09305,126.9848833,2025-10-31,36250.0,31240,경기도 화성시,경기BIS
GGB233001197,사창초등학교,37.0909,126.9725333,2025-10-31,36182.0,31240,경기도 화성시,경기BIS
GGB233001198,사창초등학교,37.0908167,126.9726,2025-10-31,36180.0,31240,경기도 화성시,경기BIS
GGB233001199,상두리입구,37.0972667,126.9400667,2025-10-31,36101.0,31240,경기도 화성시,경기BIS
GGB233001200,상두리입구,37.0970667,126.94,2025-10-31,36100.0,31240,경기도 화성시,경기BIS
GGB233001201,외딴집,37.09985,126.9436167,2025-10-31,36115.0,31240,경기도 화성시,경기BIS
GGB233001202,외딴집,37.0997833,126.9434333,2025-10-31,36114.0,31240,경기도 화성시,경기BIS
GGB233001203,상두2리,37.10135,126.9483333,2025-10-31,37319.0,31240,경기도 화성시,경기BIS
GGB233001204,상두1리,37.106,126.9447667,2025-10-31,37315.0,31240,경기도 화성시,경기BIS
GGB233001205,상두1리,37.10605,126.94475,2025-10-31,37314.0,31240,경기도 화성시,경기BIS
GGB233001206,(임시)55단지,37.18385,127.1407833,2025-10-31,0.0,31240,경기도 화성시,경기BIS
GGB233001207,백토2리,37.11945,126.9556,2025-10-31,37517.0,31240,경기도 화성시,경기BIS
GGB233001208,안녕초등학교,37.2062333,127.0078833,2025-10-31,55904.0,31240,경기도 화성시,경기BIS
GGB233001209,안녕초등학교,37.2062,127.0082333,2025-10-31,55905.0,31240,경기도 화성시,경기BIS
GGB233001210,요리공단,37.1166833,126.9614667,2025-10-31,37379.0,31240,경기도 화성시,경기BIS
GGB233001211,반월리큰고개,37.2325,127.0648167,2025-10-31,36396.0,31240,경기도 화성시,경기BIS
GGB233001212,삼성반도체후문,37.2274667,127.0708667,2025-10-31,36408.0,31240,경기도 화성시,경기BIS
GGB233001213,수원대학교,37.21375,126.9799667,2025-10-31,36215.0,31240,경기도 화성시,경기BIS
GGB233001214,수원대학교,37.21375,126.98015,2025-10-31,36216.0,31240,경기도 화성시,경기BIS
GGB233001215,상록예가아파트정문앞,37.2148167,127.0595667,2025-10-31,55906.0,31240,경기도 화성시,경기BIS
GGB233001216,한빛마을.석우중학교(중),37.2082167,127.0692667,2025-10-31,36841.0,31240,경기도 화성시,경기BIS
GGB233001217,보건지소앞,37.16875,126.9855833,2025-10-31,55695.0,31240,경기도 화성시,경기BIS
GGB233001218,메타폴리스(중),37.2042667,127.0674833,2025-10-31,36666.0,31240,경기도 화성시,경기BIS
GGB233001219,메타폴리스(중),37.2037333,127.0675167,2025-10-31,36667.0,31240,경기도 화성시,경기BIS
GGB233001220,다은마을(중),37.2003833,127.06735,2025-10-31,37693.0,31240,경기도 화성시,경기BIS
GGB233001221,문학리,37.1549333,126.96545,2025-10-31,36790.0,31240,경기도 화성시,경기BIS
GGB233001222,동탄차고지,37.18575,127.0788167,2025-10-31,36670.0,31240,경기도 화성시,경기BIS
GGB233001223,동탄차고지,37.1856167,127.0787,2025-10-31,36671.0,31240,경기도 화성시,경기BIS
GGB233001224,다은마을(중),37.1999833,127.0675833,2025-10-31,36664.0,31240,경기도 화성시,경기BIS
GGB233001225,한림대병원(중),37.2173167,127.07775,2025-10-31,36414.0,31240,경기도 화성시,경기BIS
GGB233001228,우미린센트포레1단지,37.2079833,127.0010833,2025-10-31,36660.0,31240,경기도 화성시,경기BIS
GGB233001229,우남퍼스트빌,37.1989167,127.04785,2025-10-31,37516.0,31240,경기도 화성시,경기BIS
GGB233001230,상록예가아파트정문앞,37.21475,127.0597333,2025-10-31,55907.0,31240,경기도 화성시,경기BIS
GGB233001231,북양2리,37.2176333,126.8360833,2025-10-31,36040.0,31240,경기도 화성시,경기BIS
GGB233001232,북양교차로,37.2113833,126.8552,2025-10-31,36052.0,31240,경기도 화성시,경기BIS
GGB233001233,자안리,37.1978167,126.8764333,2025-10-31,37189.0,31240,경기도 화성시,경기BIS
GGB233001235,관리마을회관,37.12795,126.9479667,2025-10-31,36802.0,31240,경기도 화성시,경기BIS
GGB233001236,관리마을회관,37.12795,126.9480167,2025-10-31,36801.0,31240,경기도 화성시,경기BIS
GGB233001237,호수하우스디,37.1611167,127.0970667,2025-10-31,37044.0,31240,경기도 화성시,경기BIS
GGB233001238,장전교차로,37.2686,126.8206333,2025-10-31,36433.0,31240,경기도 화성시,경기BIS
GGB233001239,향남초등학교,37.1187667,126.9422667,2025-10-31,36800.0,31240,경기도 화성시,경기BIS
GGB233001240,요리,37.1092,126.9674333,2025-10-31,37569.0,31240,경기도 화성시,경기BIS
GGB233001241,현대공조,37.1177667,126.9559167,2025-10-31,36833.0,31240,경기도 화성시,경기BIS
GGB233001242,장전교차로,37.26845,126.82075,2025-10-31,36590.0,31240,경기도 화성시,경기BIS
GGB233001243,남양아이파크(우회전전용),37.2061667,126.8333,2025-10-31,36153.0,31240,경기도 화성시,경기BIS
GGB233001244,수련개,37.1845,126.8605333,2025-10-31,37515.0,31240,경기도 화성시,경기BIS
GGB233001245,매향2리,37.05095,126.7694833,2025-10-31,36922.0,31240,경기도 화성시,경기BIS
GGB233001246,시장앞,37.0846667,126.8194833,2025-10-31,36937.0,31240,경기도 화성시,경기BIS
GGB233001247,시장앞,37.0849167,126.8193,2025-10-31,36936.0,31240,경기도 화성시,경기BIS
GGB233001248,덕다2리앞,37.0693833,126.8376,2025-10-31,37514.0,31240,경기도 화성시,경기BIS
GGB233001249,덕다1리,37.0577333,126.83965,2025-10-31,36935.0,31240,경기도 화성시,경기BIS
GGB233001250,덕다1리,37.0578333,126.8397667,2025-10-31,36942.0,31240,경기도 화성시,경기BIS
GGB233002314,상안2리교차로,37.1811,126.7103667,2025-10-31,55361.0,31240,경기도 화성시,경기BIS
GGB233002315,상안삼거리,37.1769667,126.7066833,2025-10-31,55232.0,31240,경기도 화성시,경기BIS
GGB233002316,상안삼거리,37.17495,126.7061167,2025-10-31,55225.0,31240,경기도 화성시,경기BIS
GGB233002317,(임시)청연초등학교,37.24595,126.8682333,2025-10-31,60120.0,31240,경기도 화성시,경기BIS
GGB233002318,(임시)비봉LH5단지,37.2480667,126.8656167,2025-10-31,60121.0,31240,경기도 화성시,경기BIS
GGB233002319,장안4리입구,37.03405,126.8398,2025-10-31,55148.0,31240,경기도 화성시,경기BIS
GGB233002320,장안4리입구,37.0341333,126.8399333,2025-10-31,55149.0,31240,경기도 화성시,경기BIS
GGB233002321,비봉교차로,37.2388333,126.8792,2025-10-31,55226.0,31240,경기도 화성시,경기BIS
GGB233002322,장수터마을,37.1978667,126.8520833,2025-10-31,55154.0,31240,경기도 화성시,경기BIS
GGB233002323,장수터마을,37.1979,126.8519333,2025-10-31,55155.0,31240,경기도 화성시,경기BIS
GGB233002324,무봉천,37.1933333,126.8465333,2025-10-31,55153.0,31240,경기도 화성시,경기BIS
GGB233002325,무봉천,37.1933,126.8466333,2025-10-31,55152.0,31240,경기도 화성시,경기BIS
GGB233002326,향남홈플러스,37.1313167,126.92235,2025-10-31,55151.0,31240,경기도 화성시,경기BIS
GGB233002327,운평리,37.0909667,126.78195,2025-10-31,55158.0,31240,경기도 화성시,경기BIS
GGB233002328,운평리,37.0909,126.7820167,2025-10-31,55159.0,31240,경기도 화성시,경기BIS
GGB233002329,자안공단,37.20655,126.87185,2025-10-31,55379.0,31240,경기도 화성시,경기BIS
GGB233002330,육일리마을회관,37.2082167,126.7258667,2025-10-31,55172.0,31240,경기도 화성시,경기BIS
GGB233002331,남산공단.힘펠,37.19835,126.9843667,2025-10-31,55162.0,31240,경기도 화성시,경기BIS
GGB233002332,힘펠.남산공단,37.1984667,126.9845,2025-10-31,55163.0,31240,경기도 화성시,경기BIS
GGB233002333,청광아파트,37.1981833,126.9858167,2025-10-31,55230.0,31240,경기도 화성시,경기BIS
GGB233002334,청광아파트,37.1983,126.9858833,2025-10-31,55164.0,31240,경기도 화성시,경기BIS
GGB233002335,안녕11통,37.1974167,126.9908833,2025-10-31,55165.0,31240,경기도 화성시,경기BIS
GGB233002336,안녕11통,37.1975167,126.9908667,2025-10-31,55166.0,31240,경기도 화성시,경기BIS
GGB233002337,월드마트,37.1977167,126.9942333,2025-10-31,55167.0,31240,경기도 화성시,경기BIS
GGB233002338,월드마트,37.1976167,126.9942833,2025-10-31,55168.0,31240,경기도 화성시,경기BIS
GGB233002339,일진산업단지,37.19585,126.9976833,2025-10-31,55169.0,31240,경기도 화성시,경기BIS
GGB233002340,일진산업단지,37.1959,126.9978,2025-10-31,55170.0,31240,경기도 화성시,경기BIS
GGB233002341,경기고속차고지,37.1976,126.9957,2025-10-31,55171.0,31240,경기도 화성시,경기BIS
GGB233002342,포레시아,37.1087667,126.8432167,2025-10-31,55229.0,31240,경기도 화성시,경기BIS
GGB233002343,(임시)호반써밋.금강펜테리움,37.2501833,126.86795,2025-10-31,60122.0,31240,경기도 화성시,경기BIS
GGB233002344,한신아파트,37.2033167,127.0420167,2025-10-31,37738.0,31240,경기도 화성시,경기BIS
GGB233002345,에듀포레.신창2차아파트,37.20735,127.0466167,2025-10-31,55233.0,31240,경기도 화성시,경기BIS
GGB233002346,야목역,37.2619167,126.8842,2025-10-31,37292.0,31240,경기도 화성시,경기BIS
GGB233002347,센트럴뷰.병점2동복지센터,37.2111167,127.0439833,2025-10-31,55234.0,31240,경기도 화성시,경기BIS
GGB233002348,(임시)호반써밋.금강펜테리움,37.25035,126.86785,2025-10-31,60123.0,31240,경기도 화성시,경기BIS
GGB233002349,주공9단지,37.2127,127.04275,2025-10-31,55235.0,31240,경기도 화성시,경기BIS
GGB233002350,(임시)비봉LH5단지,37.24815,126.8654167,2025-10-31,60124.0,31240,경기도 화성시,경기BIS
GGB233002351,구장리새터말입구,37.1534667,126.89905,2025-10-31,55256.0,31240,경기도 화성시,경기BIS
GGB233002352,하기등리,37.14575,126.9358167,2025-10-31,37011.0,31240,경기도 화성시,경기BIS
GGB233002353,삼성반도체후문,37.2284167,127.0712833,2025-10-31,55253.0,31240,경기도 화성시,경기BIS
GGB233002354,매송휴먼시아후문,37.2677,126.88085,2025-10-31,55236.0,31240,경기도 화성시,경기BIS
GGB233002355,매송휴먼시아후문,37.2678333,126.8808333,2025-10-31,55237.0,31240,경기도 화성시,경기BIS
GGB233002356,장짐삼거리,37.1396,126.90105,2025-10-31,55238.0,31240,경기도 화성시,경기BIS
GGB233002357,장짐삼거리,37.1395,126.9010833,2025-10-31,55239.0,31240,경기도 화성시,경기BIS
GGB233002358,서신사거리,37.1678167,126.70745,2025-10-31,55240.0,31240,경기도 화성시,경기BIS
GGB233002359,서신사거리,37.1677833,126.7073667,2025-10-31,55241.0,31240,경기도 화성시,경기BIS
GGB233002360,향남홈플러스,37.1315667,126.9223833,2025-10-31,55252.0,31240,경기도 화성시,경기BIS
GGB233002361,방교동,37.1790667,127.0915167,2025-10-31,36269.0,31240,경기도 화성시,경기BIS
GGB233002362,방교동,37.1803,127.0923833,2025-10-31,55257.0,31240,경기도 화성시,경기BIS
GGB233002363,방아다리마을,37.1818333,127.0925333,2025-10-31,55258.0,31240,경기도 화성시,경기BIS
GGB233002364,방아다리마을,37.1830333,127.0929,2025-10-31,36704.0,31240,경기도 화성시,경기BIS
GGB233002365,장지천,37.1631667,127.087,2025-10-31,55242.0,31240,경기도 화성시,경기BIS
GGB233002366,장지천,37.1615333,127.0869667,2025-10-31,55243.0,31240,경기도 화성시,경기BIS
GGB233002368,쌍송공단입구,37.1951667,126.79005,2025-10-31,55249.0,31240,경기도 화성시,경기BIS
GGB233002369,(임시)청연초등학교,37.246,126.8689,2025-10-31,60125.0,31240,경기도 화성시,경기BIS
GGB233002370,보통3리입구,37.18945,126.9776167,2025-10-31,36622.0,31240,경기도 화성시,경기BIS
GGB233002371,아이파크정문,37.21385,126.9705667,2025-10-31,55250.0,31240,경기도 화성시,경기BIS
GGB233002372,봉담휴먼빌아파트,37.2141,126.9699833,2025-10-31,55251.0,31240,경기도 화성시,경기BIS
GGB233002373,호반3차.창의고,37.1796167,127.1188833,2025-10-31,55444.0,31240,경기도 화성시,경기BIS
GGB233002374,서봉마을19단지,37.1103167,126.904,2025-10-31,55339.0,31240,경기도 화성시,경기BIS
GGB233002375,남양뉴타운10단지,37.2061,126.8350833,2025-10-31,55463.0,31240,경기도 화성시,경기BIS
GGB233002376,동탄홈플러스,37.2020167,127.0693167,2025-10-31,55277.0,31240,경기도 화성시,경기BIS
GGB233002377,동탄홈플러스.다은마을삼성래미안,37.2018,127.0689,2025-10-31,37664.0,31240,경기도 화성시,경기BIS
GGB233002378,상두리맹산,37.1059333,126.9348333,2025-10-31,55259.0,31240,경기도 화성시,경기BIS
GGB233002379,상두리맹산,37.1062667,126.9347,2025-10-31,55260.0,31240,경기도 화성시,경기BIS
GGB233002380,독정리.큰마을,37.0780833,126.8618333,2025-10-31,37934.0,31240,경기도 화성시,경기BIS
GGB233002381,독정리.큰마을,37.0779167,126.8620167,2025-10-31,37942.0,31240,경기도 화성시,경기BIS
GGB233002382,동탄2신도시홍보관,37.1944667,127.0845167,2025-10-31,37660.0,31240,경기도 화성시,경기BIS
GGB233002383,동탄2신도시홍보관,37.1942,127.0845,2025-10-31,37659.0,31240,경기도 화성시,경기BIS
GGB233002384,귀래산업단지,37.1332333,126.98185,2025-10-31,55261.0,31240,경기도 화성시,경기BIS
GGB233002385,귀래산업단지,37.13325,126.9821333,2025-10-31,55262.0,31240,경기도 화성시,경기BIS
GGB233002386,청원2리,37.17675,126.7782167,2025-10-31,55263.0,31240,경기도 화성시,경기BIS
GGB233002387,청원4리마을회관,37.18135,126.7666833,2025-10-31,55264.0,31240,경기도 화성시,경기BIS
GGB233002388,청원공단,37.1867167,126.764,2025-10-31,55265.0,31240,경기도 화성시,경기BIS
GGB233002389,청원초등학교,37.1884333,126.7608,2025-10-31,55266.0,31240,경기도 화성시,경기BIS
GGB233002390,청원4리.막상공원,37.1848667,126.7653167,2025-10-31,55267.0,31240,경기도 화성시,경기BIS
GGB233002391,청원4리마을회관,37.1812833,126.76655,2025-10-31,55268.0,31240,경기도 화성시,경기BIS
GGB233001251,화산1리마을회관,37.0654,126.7798833,2025-10-31,37513.0,31240,경기도 화성시,경기BIS
GGB233001252,화산1리종점,37.0655167,126.7774333,2025-10-31,36941.0,31240,경기도 화성시,경기BIS
GGB233001253,화산1리마을회관,37.0652833,126.7797333,2025-10-31,36940.0,31240,경기도 화성시,경기BIS
GGB233001254,엘크루아파트,37.1609667,127.09365,2025-10-31,37038.0,31240,경기도 화성시,경기BIS
GGB233001255,궁평해수욕장,37.1228167,126.6908333,2025-10-31,37025.0,31240,경기도 화성시,경기BIS
GGB233001256,궁평해수욕장,37.1238333,126.6913,2025-10-31,37026.0,31240,경기도 화성시,경기BIS
GGB233001257,전곡항입구,37.19115,126.6568,2025-10-31,36939.0,31240,경기도 화성시,경기BIS
GGB233001258,전곡2리.산업단지,37.1888,126.6831167,2025-10-31,37512.0,31240,경기도 화성시,경기BIS
GGB233001259,전곡삼거리마트,37.1856667,126.6910667,2025-10-31,37357.0,31240,경기도 화성시,경기BIS
GGB233001260,전곡2리마을회관.운천동,37.1913167,126.69215,2025-10-31,37371.0,31240,경기도 화성시,경기BIS
GGB233001261,칠곡리,37.2035667,126.7114833,2025-10-31,37364.0,31240,경기도 화성시,경기BIS
GGB233001262,제약공단공원,37.0893167,126.9006167,2025-10-31,60087.0,31240,경기도 화성시,경기BIS
GGB233001263,전곡2리,37.1892667,126.6824167,2025-10-31,37511.0,31240,경기도 화성시,경기BIS
GGB233001264,전곡항입구,37.19125,126.6564667,2025-10-31,36938.0,31240,경기도 화성시,경기BIS
GGB233001265,덕고개34,37.2340333,126.9229833,2025-10-31,37600.0,31240,경기도 화성시,경기BIS
GGB233001266,제약공단공원,37.0894667,126.9008167,2025-10-31,60088.0,31240,경기도 화성시,경기BIS
GGB233001268,신동탄롯데캐슬,37.2280667,127.06725,2025-10-31,36591.0,31240,경기도 화성시,경기BIS
GGB233001269,삼화1리,37.2514167,126.8560667,2025-10-31,37144.0,31240,경기도 화성시,경기BIS
GGB233001270,쌍학리,37.2361167,126.9011167,2025-10-31,37246.0,31240,경기도 화성시,경기BIS
GGB233001271,쌍학4리,37.2409333,126.8994833,2025-10-31,37243.0,31240,경기도 화성시,경기BIS
GGB233001272,야목1리,37.2548833,126.8975667,2025-10-31,37236.0,31240,경기도 화성시,경기BIS
GGB233001273,야목2리,37.2642167,126.8811833,2025-10-31,37581.0,31240,경기도 화성시,경기BIS
GGB233001274,야목2리,37.26395,126.8812833,2025-10-31,37202.0,31240,경기도 화성시,경기BIS
GGB233001275,야목1리,37.2571167,126.8925667,2025-10-31,37218.0,31240,경기도 화성시,경기BIS
GGB233001276,매송농협,37.2501167,126.9106167,2025-10-31,37275.0,31240,경기도 화성시,경기BIS
GGB233001277,리안비채,37.2759,126.8349167,2025-10-31,55909.0,31240,경기도 화성시,경기BIS
GGB233001278,발안공단로4길교차로,37.0845,126.8994333,2025-10-31,37759.0,31240,경기도 화성시,경기BIS
GGB233001279,신영통현대타운2단지,37.2322833,127.0577333,2025-10-31,55696.0,31240,경기도 화성시,경기BIS
GGB233001280,퍼스트파크.선납숲공원,37.2100333,127.1078667,2025-10-31,55664.0,31240,경기도 화성시,경기BIS
GGB233001281,예당마을.롯데캐슬(중),37.21095,127.0720667,2025-10-31,36672.0,31240,경기도 화성시,경기BIS
GGB233001282,예당마을.롯데캐슬(중),37.21175,127.073,2025-10-31,37587.0,31240,경기도 화성시,경기BIS
GGB233001283,센트럴파크뷰아파트(중),37.1994333,127.06415,2025-10-31,37590.0,31240,경기도 화성시,경기BIS
GGB233001284,신한미지엔정문,37.2010833,127.0059667,2025-10-31,55697.0,31240,경기도 화성시,경기BIS
GGB233001285,모아미래도.우림필유.평생학습관(중),37.1994833,127.0582667,2025-10-31,36686.0,31240,경기도 화성시,경기BIS
GGB233001286,모아미래도.우림필유.평생학습관(중),37.1992667,127.0575833,2025-10-31,36687.0,31240,경기도 화성시,경기BIS
GGB233001287,서동탄역.신일해피트리(중),37.1993667,127.0533333,2025-10-31,36688.0,31240,경기도 화성시,경기BIS
GGB233001288,서동탄역.신일해피트리(중),37.1995,127.0525,2025-10-31,36689.0,31240,경기도 화성시,경기BIS
GGB233001289,성호아파트,37.1996833,127.0428,2025-10-31,36362.0,31240,경기도 화성시,경기BIS
GGB233001290,성호아파트,37.1998833,127.0410667,2025-10-31,36364.0,31240,경기도 화성시,경기BIS
GGB233001291,노진3리,37.0363,126.8173333,2025-10-31,36717.0,31240,경기도 화성시,경기BIS
GGB233001292,노진3리,37.0363333,126.8173333,2025-10-31,36716.0,31240,경기도 화성시,경기BIS
GGB233001293,제부도입구,37.17215,126.65835,2025-10-31,37002.0,31240,경기도 화성시,경기BIS
GGB233001294,살고지입구,37.1627167,126.6671833,2025-10-31,37008.0,31240,경기도 화성시,경기BIS
GGB233001295,율암3리.밤뒤,37.1702667,126.8782167,2025-10-31,55910.0,31240,경기도 화성시,경기BIS
GGB233001296,나루마을상가,37.1931167,127.07315,2025-10-31,36948.0,31240,경기도 화성시,경기BIS
GGB233001297,솔빛마을상가,37.1934,127.073,2025-10-31,37510.0,31240,경기도 화성시,경기BIS
GGB233001298,은장고개,37.2026667,126.7882833,2025-10-31,37114.0,31240,경기도 화성시,경기BIS
GGB233001299,살고지입구,37.16295,126.6665833,2025-10-31,36947.0,31240,경기도 화성시,경기BIS
GGB233001300,신동탄롯데캐슬,37.2306333,127.0681167,2025-10-31,36406.0,31240,경기도 화성시,경기BIS
GGB233001301,율암교차로,37.1689167,126.8878333,2025-10-31,55911.0,31240,경기도 화성시,경기BIS
GGB233001302,향남언덕마을15단지,37.1017833,126.90745,2025-10-31,60090.0,31240,경기도 화성시,경기BIS
GGB233001303,수련개,37.1846167,126.8604333,2025-10-31,37393.0,31240,경기도 화성시,경기BIS
GGB233001304,상신3리입구,37.1016333,126.9077833,2025-10-31,60091.0,31240,경기도 화성시,경기BIS
GGB233001305,금강펜테리움.힐스테이트,37.1741333,127.13815,2025-10-31,55912.0,31240,경기도 화성시,경기BIS
GGB233001306,반도유보라후문,37.2087833,127.1183167,2025-10-31,36482.0,31240,경기도 화성시,경기BIS
GGB233001307,고지리,37.1607833,127.0039667,2025-10-31,36287.0,31240,경기도 화성시,경기BIS
GGB233001308,고지리,37.16305,127.0032833,2025-10-31,36284.0,31240,경기도 화성시,경기BIS
GGB233001309,샘터교차로,37.20615,126.8048333,2025-10-31,36978.0,31240,경기도 화성시,경기BIS
GGB233001310,IT단지(중),37.2251,127.0736667,2025-10-31,36683.0,31240,경기도 화성시,경기BIS
GGB233001311,수원여대혜란캠퍼스,37.2026167,126.9327333,2025-10-31,36076.0,31240,경기도 화성시,경기BIS
GGB233001312,수원여대혜란캠퍼스,37.2026,126.93305,2025-10-31,36075.0,31240,경기도 화성시,경기BIS
GGB233001313,청요리,37.2031333,126.8953,2025-10-31,37226.0,31240,경기도 화성시,경기BIS
GGB233001314,가골입구앞,37.2022333,126.8911167,2025-10-31,36712.0,31240,경기도 화성시,경기BIS
GGB233001315,청요2리,37.2030667,126.8948,2025-10-31,37227.0,31240,경기도 화성시,경기BIS
GGB233001316,힐스테이트.금강펜테리움,37.1744167,127.13795,2025-10-31,55913.0,31240,경기도 화성시,경기BIS
GGB233001317,C10,37.17975,127.1330333,2025-10-31,55914.0,31240,경기도 화성시,경기BIS
GGB233001318,남양중고교입구,37.2043667,126.82225,2025-10-31,36023.0,31240,경기도 화성시,경기BIS
GGB233001319,한국제지,37.15595,127.10855,2025-10-31,37509.0,31240,경기도 화성시,경기BIS
GGB233001320,장지동,37.1556333,127.11535,2025-10-31,37508.0,31240,경기도 화성시,경기BIS
GGB233001321,한원IC,37.1528167,127.1220833,2025-10-31,36945.0,31240,경기도 화성시,경기BIS
GGB233001322,한국제지,37.1556833,127.10855,2025-10-31,36944.0,31240,경기도 화성시,경기BIS
GGB233001323,꽃가마약수터,37.1586,127.1009333,2025-10-31,36943.0,31240,경기도 화성시,경기BIS
GGB233001324,길성리,37.1215667,126.9620833,2025-10-31,37376.0,31240,경기도 화성시,경기BIS
GGB233001325,사창2리.요골,37.1073333,126.9712,2025-10-31,37377.0,31240,경기도 화성시,경기BIS
GGB233001326,상두1리,37.1058667,126.9512,2025-10-31,36949.0,31240,경기도 화성시,경기BIS
GGB233001327,상두1리,37.1057,126.9513667,2025-10-31,37507.0,31240,경기도 화성시,경기BIS
GGB233001329,한강CM,37.1966833,127.0067167,2025-10-31,36294.0,31240,경기도 화성시,경기BIS
GGB233002392,정든공원.리체더포레스트,37.2097833,127.0487833,2025-10-31,55269.0,31240,경기도 화성시,경기BIS
GGB233002393,안화고등학교,37.2115,127.0472,2025-10-31,55280.0,31240,경기도 화성시,경기BIS
GGB233002394,안화고등학교,37.2114333,127.0475167,2025-10-31,55281.0,31240,경기도 화성시,경기BIS
GGB233002395,안녕4통입구,37.2054333,126.9854833,2025-10-31,55270.0,31240,경기도 화성시,경기BIS
GGB233002396,안녕3통입구,37.2050667,126.9851167,2025-10-31,55271.0,31240,경기도 화성시,경기BIS
GGB233002397,융건릉사거리,37.20785,126.9875333,2025-10-31,55343.0,31240,경기도 화성시,경기BIS
GGB233002398,융건릉사거리,37.2079667,126.9877833,2025-10-31,55344.0,31240,경기도 화성시,경기BIS
GGB233002399,안녕남로,37.1973167,126.9880167,2025-10-31,55690.0,31240,경기도 화성시,경기BIS
GGB233002400,안녕남로,37.1974,126.9880833,2025-10-31,55691.0,31240,경기도 화성시,경기BIS
GGB233002401,북양산업단지,37.2155667,126.8513667,2025-10-31,55345.0,31240,경기도 화성시,경기BIS
GGB233002402,북양산업단지,37.2148167,126.85215,2025-10-31,55346.0,31240,경기도 화성시,경기BIS
GGB233002403,롯데시네마,37.21425,127.0426333,2025-10-31,55291.0,31240,경기도 화성시,경기BIS
GGB233002404,태안교차로,37.2183833,127.03715,2025-10-31,36192.0,31240,경기도 화성시,경기BIS
GGB233002405,능리교차로,37.2191167,127.0572333,2025-10-31,37574.0,31240,경기도 화성시,경기BIS
GGB233002406,향남부영9단지,37.1137667,126.9192667,2025-10-31,55282.0,31240,경기도 화성시,경기BIS
GGB233002407,향남부영9단지,37.1133667,126.9190667,2025-10-31,55283.0,31240,경기도 화성시,경기BIS
GGB233002408,향남부영10.11단지,37.11055,126.9194833,2025-10-31,55284.0,31240,경기도 화성시,경기BIS
GGB233002409,향남부영10.11단지,37.1105167,126.9197167,2025-10-31,55332.0,31240,경기도 화성시,경기BIS
GGB233002410,향남주공1.2단지,37.1191,126.9145,2025-10-31,55285.0,31240,경기도 화성시,경기BIS
GGB233002411,향남주공1.2단지,37.11895,126.9159,2025-10-31,55286.0,31240,경기도 화성시,경기BIS
GGB233002412,향남부영3단지,37.1180167,126.9114167,2025-10-31,55287.0,31240,경기도 화성시,경기BIS
GGB233002413,향남부영3단지,37.11895,126.9115833,2025-10-31,55288.0,31240,경기도 화성시,경기BIS
GGB233002414,향남부영7.롯데씨네마,37.1144,126.9110667,2025-10-31,55289.0,31240,경기도 화성시,경기BIS
GGB233002415,향남모아8단지,37.1138333,126.9136833,2025-10-31,55290.0,31240,경기도 화성시,경기BIS
GGB233002416,하길중학교,37.1125833,126.9079833,2025-10-31,37274.0,31240,경기도 화성시,경기BIS
GGB233002417,하길중학교,37.1134,126.9088167,2025-10-31,36697.0,31240,경기도 화성시,경기BIS
GGB233002418,성호아파트후문,37.2012833,127.0444167,2025-10-31,55295.0,31240,경기도 화성시,경기BIS
GGB233002419,한화.호반.대원,37.1967333,127.1048667,2025-10-31,55296.0,31240,경기도 화성시,경기BIS
GGB233002420,롯데캐슬.호반베르디움,37.1968833,127.11105,2025-10-31,55297.0,31240,경기도 화성시,경기BIS
GGB233002421,예솔초.호반2차.대원2차,37.1962333,127.1187667,2025-10-31,55340.0,31240,경기도 화성시,경기BIS
GGB233002422,무봉초,37.20345,127.1172833,2025-10-31,55298.0,31240,경기도 화성시,경기BIS
GGB233002423,무봉초,37.2038333,127.115,2025-10-31,55299.0,31240,경기도 화성시,경기BIS
GGB233002424,단독주택,37.2027,127.12265,2025-10-31,55300.0,31240,경기도 화성시,경기BIS
GGB233002425,단독주택,37.2025,127.1222167,2025-10-31,55301.0,31240,경기도 화성시,경기BIS
GGB233002426,치동천힐링마을,37.2021833,127.1256667,2025-10-31,55302.0,31240,경기도 화성시,경기BIS
GGB233002427,KCC스위첸,37.2012,127.1189667,2025-10-31,55303.0,31240,경기도 화성시,경기BIS
GGB233002428,호반베르디움,37.1996,127.1176167,2025-10-31,55304.0,31240,경기도 화성시,경기BIS
GGB233002429,이주택지.상록.경남아파트,37.2071,127.1108667,2025-10-31,55305.0,31240,경기도 화성시,경기BIS
GGB233002430,퍼스트파크.이지더원,37.209,127.1085,2025-10-31,55306.0,31240,경기도 화성시,경기BIS
GGB233002431,동탄2파출소.농협,37.2095,127.1043833,2025-10-31,55307.0,31240,경기도 화성시,경기BIS
GGB233002432,대방디엠시티.센트럴상록,37.2095167,127.0996667,2025-10-31,55308.0,31240,경기도 화성시,경기BIS
GGB233002433,우남퍼스트빌.자이,37.2045667,127.1000833,2025-10-31,37663.0,31240,경기도 화성시,경기BIS
GGB233002434,시범예미지.영천유치원,37.2032333,127.1087667,2025-10-31,55292.0,31240,경기도 화성시,경기BIS
GGB233002435,영천유치원.시범예미지,37.2035167,127.1087833,2025-10-31,55293.0,31240,경기도 화성시,경기BIS
GGB233002436,상록.테크노밸리.GS자이,37.2065,127.0985667,2025-10-31,36842.0,31240,경기도 화성시,경기BIS
GGB233002437,한화꿈에그린,37.1947667,127.10035,2025-10-31,55309.0,31240,경기도 화성시,경기BIS
GGB233002438,한화꿈에그린,37.19445,127.1004667,2025-10-31,55310.0,31240,경기도 화성시,경기BIS
GGB233002439,예당고사거리,37.2099,127.0806667,2025-10-31,55311.0,31240,경기도 화성시,경기BIS
GGB233002440,예당고사거리,37.2091833,127.0818167,2025-10-31,55312.0,31240,경기도 화성시,경기BIS
GGB233002441,마루뜰,37.1280667,126.6923167,2025-10-31,37670.0,31240,경기도 화성시,경기BIS
GGB233002442,푸르지오.한미약품,37.2091833,127.0918333,2025-10-31,55314.0,31240,경기도 화성시,경기BIS
GGB233002443,한미약품.푸르지오,37.2095,127.0916167,2025-10-31,55315.0,31240,경기도 화성시,경기BIS
GGB233002444,한림대성심병원,37.2155,127.0802,2025-10-31,55316.0,31240,경기도 화성시,경기BIS
GGB233002445,금호어울림레이크.우남더테라스,37.1621833,127.1076667,2025-10-31,55661.0,31240,경기도 화성시,경기BIS
GGB233002446,양노리,37.2308333,126.87375,2025-10-31,55380.0,31240,경기도 화성시,경기BIS
GGB233002447,스마트밸리,37.0759833,126.8707833,2025-10-31,37918.0,31240,경기도 화성시,경기BIS
GGB233002448,그랑드비체.힐스테이트,37.2287833,126.9487667,2025-10-31,55336.0,31240,경기도 화성시,경기BIS
GGB233002449,청원초등학교,37.1885,126.7608167,2025-10-31,55371.0,31240,경기도 화성시,경기BIS
GGB233002450,청원공단,37.1866333,126.7638167,2025-10-31,55372.0,31240,경기도 화성시,경기BIS
GGB233002451,청원4리.막상공원,37.18495,126.76545,2025-10-31,55373.0,31240,경기도 화성시,경기BIS
GGB233002452,막산리,37.1825,126.76575,2025-10-31,55374.0,31240,경기도 화성시,경기BIS
GGB233002453,힐스테이트.그랑드비체,37.2285667,126.94895,2025-10-31,55335.0,31240,경기도 화성시,경기BIS
GGB233002454,청원2리.창고앞,37.1766333,126.77845,2025-10-31,55375.0,31240,경기도 화성시,경기BIS
GGB233002455,청원2리.수루지,37.17705,126.7794833,2025-10-31,55376.0,31240,경기도 화성시,경기BIS
GGB233002456,막산리,37.18235,126.7657,2025-10-31,55377.0,31240,경기도 화성시,경기BIS
GGB233002457,수현초.수현중,37.2273167,126.9516167,2025-10-31,55338.0,31240,경기도 화성시,경기BIS
GGB233002458,수현초.수현중,37.2271667,126.9514,2025-10-31,55337.0,31240,경기도 화성시,경기BIS
GGB233002459,대양초등학교,37.19895,126.8207167,2025-10-31,36157.0,31240,경기도 화성시,경기BIS
GGB233002460,청원산단로,37.1735667,126.77945,2025-10-31,37552.0,31240,경기도 화성시,경기BIS
GGB233002461,반정동,37.22285,127.0265667,2025-10-31,36391.0,31240,경기도 화성시,경기BIS
GGB233002462,반정동,37.22145,127.0278167,2025-10-31,37702.0,31240,경기도 화성시,경기BIS
GGB233002463,원평2리입구,37.2393833,126.9256333,2025-10-31,55324.0,31240,경기도 화성시,경기BIS
GGB233002464,원평2리입구.은혜교회,37.2390167,126.92535,2025-10-31,55325.0,31240,경기도 화성시,경기BIS
GGB233002465,덕고개길,37.2331833,126.9253167,2025-10-31,55326.0,31240,경기도 화성시,경기BIS
GGB233002466,향남주공1단지,37.1204833,126.91255,2025-10-31,55321.0,31240,경기도 화성시,경기BIS
GGB233002467,화성시치매안심센터,37.0959833,126.9011167,2025-10-31,60126.0,31240,경기도 화성시,경기BIS
GGB233001330,한강CM,37.1959167,127.0066167,2025-10-31,36295.0,31240,경기도 화성시,경기BIS
GGB233001331,상2리입구,37.2252667,126.9366833,2025-10-31,36976.0,31240,경기도 화성시,경기BIS
GGB233001332,상2리입구,37.2254167,126.9366333,2025-10-31,36586.0,31240,경기도 화성시,경기BIS
GGB233001333,C10,37.17945,127.1328333,2025-10-31,55915.0,31240,경기도 화성시,경기BIS
GGB233001335,봉화산입구,37.18865,126.6922,2025-10-31,37504.0,31240,경기도 화성시,경기BIS
GGB233001336,내리사거리,37.22685,126.9316167,2025-10-31,36783.0,31240,경기도 화성시,경기BIS
GGB233001337,내리,37.2311167,126.9340333,2025-10-31,36975.0,31240,경기도 화성시,경기BIS
GGB233001338,우신공업앞,37.1935333,126.8740333,2025-10-31,36974.0,31240,경기도 화성시,경기BIS
GGB233001339,우신공업앞,37.19345,126.8741,2025-10-31,36973.0,31240,경기도 화성시,경기BIS
GGB233001340,하저리마을회관,37.1897667,126.8711833,2025-10-31,37502.0,31240,경기도 화성시,경기BIS
GGB233001341,중흥S클래스더퍼스트,37.2194333,126.9459833,2025-10-31,55705.0,31240,경기도 화성시,경기BIS
GGB233001342,중흥S클래스더퍼스트,37.21965,126.9460333,2025-10-31,55706.0,31240,경기도 화성시,경기BIS
GGB233001343,봉담한신아파트후문,37.2155,126.9490667,2025-10-31,36221.0,31240,경기도 화성시,경기BIS
GGB233001344,계향리,37.1488333,126.9842,2025-10-31,36242.0,31240,경기도 화성시,경기BIS
GGB233001345,계향리,37.1488833,126.9842667,2025-10-31,36244.0,31240,경기도 화성시,경기BIS
GGB233001346,계양리(마을회관),37.1454167,126.9853167,2025-10-31,37528.0,31240,경기도 화성시,경기BIS
GGB233001347,계양리(마을회관),37.1453,126.9854,2025-10-31,36970.0,31240,경기도 화성시,경기BIS
GGB233001348,삼일화학,37.1419,126.9863333,2025-10-31,36257.0,31240,경기도 화성시,경기BIS
GGB233001349,삼일화학,37.1420667,126.9863667,2025-10-31,36258.0,31240,경기도 화성시,경기BIS
GGB233001351,멱우1리,37.10605,126.8078167,2025-10-31,37607.0,31240,경기도 화성시,경기BIS
GGB233001352,멱우1리,37.1060667,126.80795,2025-10-31,37527.0,31240,경기도 화성시,경기BIS
GGB233001353,월문리,37.1195167,126.8690167,2025-10-31,36934.0,31240,경기도 화성시,경기BIS
GGB233001354,서근리,37.12625,126.8575333,2025-10-31,36933.0,31240,경기도 화성시,경기BIS
GGB233001355,서근리(느락골),37.1278833,126.8510333,2025-10-31,36932.0,31240,경기도 화성시,경기BIS
GGB233001356,석포삼거리,37.1308333,126.8439167,2025-10-31,37526.0,31240,경기도 화성시,경기BIS
GGB233001357,석천3리,37.0429667,126.7707167,2025-10-31,36956.0,31240,경기도 화성시,경기BIS
GGB233001358,조암하수처리장,37.0774167,126.7901667,2025-10-31,37392.0,31240,경기도 화성시,경기BIS
GGB233001359,석천4리종점,37.0399,126.77095,2025-10-31,36955.0,31240,경기도 화성시,경기BIS
GGB233001360,화산2리마을회관,37.0713167,126.7909833,2025-10-31,37391.0,31240,경기도 화성시,경기BIS
GGB233001361,장포정원주택,37.06715,126.7902167,2025-10-31,37525.0,31240,경기도 화성시,경기BIS
GGB233001362,산호아파트,37.0749833,126.8168667,2025-10-31,37524.0,31240,경기도 화성시,경기BIS
GGB233001364,농장축산,37.0383333,126.7742833,2025-10-31,36582.0,31240,경기도 화성시,경기BIS
GGB233001365,석천리,37.0422833,126.77735,2025-10-31,36954.0,31240,경기도 화성시,경기BIS
GGB233001366,장안초등학교,37.0849167,126.8236167,2025-10-31,37389.0,31240,경기도 화성시,경기BIS
GGB233001367,돌담학습체험장,37.0462333,126.781,2025-10-31,36953.0,31240,경기도 화성시,경기BIS
GGB233001368,목조마을,37.0512667,126.7864167,2025-10-31,37522.0,31240,경기도 화성시,경기BIS
GGB233001369,석천1리마을회관,37.0534,126.7878,2025-10-31,37521.0,31240,경기도 화성시,경기BIS
GGB233001370,석천초등학교,37.0549667,126.7897833,2025-10-31,36952.0,31240,경기도 화성시,경기BIS
GGB233001371,장짐교차로,37.1356167,126.9113,2025-10-31,37273.0,31240,경기도 화성시,경기BIS
GGB233001372,제이마트앞,37.1627167,127.0136333,2025-10-31,36568.0,31240,경기도 화성시,경기BIS
GGB233001373,황새말앞,37.1492,126.9823833,2025-10-31,55699.0,31240,경기도 화성시,경기BIS
GGB233001374,황새말앞,37.1491333,126.9825833,2025-10-31,55700.0,31240,경기도 화성시,경기BIS
GGB233001376,와우중고교,37.21835,126.96735,2025-10-31,55916.0,31240,경기도 화성시,경기BIS
GGB233001377,노루물입구,37.0531333,126.7631167,2025-10-31,37388.0,31240,경기도 화성시,경기BIS
GGB233001378,매향3리회센터,37.0552167,126.7574,2025-10-31,37518.0,31240,경기도 화성시,경기BIS
GGB233001379,와우중고교,37.2185,126.9675167,2025-10-31,55917.0,31240,경기도 화성시,경기BIS
GGB233001380,노루물입구,37.053,126.7629667,2025-10-31,36990.0,31240,경기도 화성시,경기BIS
GGB233001381,석포5리마을회관,37.14525,126.8406833,2025-10-31,36928.0,31240,경기도 화성시,경기BIS
GGB233001382,석포5리.방농장,37.1432167,126.842,2025-10-31,36927.0,31240,경기도 화성시,경기BIS
GGB233001383,두레자연중고등학교,37.0562,126.7954,2025-10-31,36951.0,31240,경기도 화성시,경기BIS
GGB233001384,두레자연중고교,37.0561667,126.7956167,2025-10-31,36950.0,31240,경기도 화성시,경기BIS
GGB233001385,석포산업단지,37.1406833,126.8388833,2025-10-31,36926.0,31240,경기도 화성시,경기BIS
GGB233001387,어은삼거리,37.0863,126.8267667,2025-10-31,37593.0,31240,경기도 화성시,경기BIS
GGB233001388,제암리,37.1240333,126.8962833,2025-10-31,37231.0,31240,경기도 화성시,경기BIS
GGB233001389,백토리상공회의소,37.1306833,126.9302667,2025-10-31,37545.0,31240,경기도 화성시,경기BIS
GGB233001390,원안3리,37.0968333,126.7858667,2025-10-31,37544.0,31240,경기도 화성시,경기BIS
GGB233001391,원안2리,37.1006167,126.7862667,2025-10-31,37543.0,31240,경기도 화성시,경기BIS
GGB233001393,복지회관,37.1002333,126.7837167,2025-10-31,36724.0,31240,경기도 화성시,경기BIS
GGB233001394,발안만세시장,37.1325667,126.90845,2025-10-31,36925.0,31240,경기도 화성시,경기BIS
GGB233001395,제암리,37.1242,126.8962167,2025-10-31,37230.0,31240,경기도 화성시,경기BIS
GGB233001396,거물마을,37.1033167,126.779,2025-10-31,36968.0,31240,경기도 화성시,경기BIS
GGB233001397,원안1리종점,37.1056833,126.7768667,2025-10-31,36967.0,31240,경기도 화성시,경기BIS
GGB233001398,거물마을,37.1033667,126.7788833,2025-10-31,36966.0,31240,경기도 화성시,경기BIS
GGB233001399,복지회관,37.1002,126.7836667,2025-10-31,36723.0,31240,경기도 화성시,경기BIS
GGB233001400,관음사입구,37.1016833,126.79745,2025-10-31,36720.0,31240,경기도 화성시,경기BIS
GGB233001401,금의2리,37.11655,126.8164167,2025-10-31,36965.0,31240,경기도 화성시,경기BIS
GGB233001402,해창1리.우리꽃식물원,37.1130333,126.882,2025-10-31,37206.0,31240,경기도 화성시,경기BIS
GGB233001403,석포2리,37.1263333,126.8349667,2025-10-31,37542.0,31240,경기도 화성시,경기BIS
GGB233001404,유일병원,37.2172167,126.8323,2025-10-31,36719.0,31240,경기도 화성시,경기BIS
GGB233001405,만세길방문자센터.화수2리,37.1091667,126.7996333,2025-10-31,36964.0,31240,경기도 화성시,경기BIS
GGB233001406,관음사입구,37.1017,126.7973167,2025-10-31,36718.0,31240,경기도 화성시,경기BIS
GGB233001407,원안3리,37.1005,126.7909333,2025-10-31,37541.0,31240,경기도 화성시,경기BIS
GGB233001408,원안2리,37.1005333,126.7864667,2025-10-31,36963.0,31240,경기도 화성시,경기BIS
GGB233001409,멱우3리,37.0933333,126.8081833,2025-10-31,36989.0,31240,경기도 화성시,경기BIS
GGB233001410,저수지앞,37.0944,126.8028667,2025-10-31,36573.0,31240,경기도 화성시,경기BIS
GGB233001411,주곡1리입구,37.1168,126.8191667,2025-10-31,36962.0,31240,경기도 화성시,경기BIS
GGB233001412,화수3리,37.1042333,126.7920833,2025-10-31,36988.0,31240,경기도 화성시,경기BIS
GGB233001413,화수초등학교,37.1079167,126.7974333,2025-10-31,36987.0,31240,경기도 화성시,경기BIS
GGB233001414,석포3리,37.1213167,126.83165,2025-10-31,36924.0,31240,경기도 화성시,경기BIS
GGB233002468,향남주공5단지,37.1166,126.908,2025-10-31,55369.0,31240,경기도 화성시,경기BIS
GGB233002469,향남부영13단지,37.1092667,126.9078833,2025-10-31,55322.0,31240,경기도 화성시,경기BIS
GGB233002470,향남부영16단지,37.1039167,126.8975167,2025-10-31,55482.0,31240,경기도 화성시,경기BIS
GGB233002471,향남주공18단지,37.0991167,126.8971833,2025-10-31,55480.0,31240,경기도 화성시,경기BIS
GGB233002472,향남주공18단지,37.0988333,126.8976667,2025-10-31,55481.0,31240,경기도 화성시,경기BIS
GGB233002473,향남부영16단지,37.1039167,126.8977833,2025-10-31,55483.0,31240,경기도 화성시,경기BIS
GGB233002474,향남부영13단지,37.1095167,126.90815,2025-10-31,55323.0,31240,경기도 화성시,경기BIS
GGB233002475,봉담우방아이유쉘2단지,37.2363833,126.9570333,2025-10-31,37989.0,31240,경기도 화성시,경기BIS
GGB233002476,향남부영3단지,37.1169333,126.9123333,2025-10-31,55726.0,31240,경기도 화성시,경기BIS
GGB233002477,향남부영3단지,37.1171833,126.9121333,2025-10-31,55727.0,31240,경기도 화성시,경기BIS
GGB233002478,향남모아8단지,37.1134167,126.91445,2025-10-31,55319.0,31240,경기도 화성시,경기BIS
GGB233002479,하길중학교,37.1131667,126.90815,2025-10-31,55370.0,31240,경기도 화성시,경기BIS
GGB233002480,덕고개길,37.23295,126.9255833,2025-10-31,55327.0,31240,경기도 화성시,경기BIS
GGB233002481,향남부영11단지,37.1095667,126.91525,2025-10-31,55320.0,31240,경기도 화성시,경기BIS
GGB233002482,사창리,37.0912333,126.9758,2025-10-31,55341.0,31240,경기도 화성시,경기BIS
GGB233002483,사창리,37.0913,126.9757833,2025-10-31,55342.0,31240,경기도 화성시,경기BIS
GGB233002484,화성시치매안심센터,37.0958667,126.9014167,2025-10-31,60127.0,31240,경기도 화성시,경기BIS
GGB233002485,봉담한신아파트후문,37.2156667,126.9492,2025-10-31,55568.0,31240,경기도 화성시,경기BIS
GGB233002486,남양읍행정복지센터,37.1935833,126.8210667,2025-10-31,60128.0,31240,경기도 화성시,경기BIS
GGB233002487,남양읍행정복지센터,37.19375,126.8211333,2025-10-31,60129.0,31240,경기도 화성시,경기BIS
GGB233002488,유포교차로,37.2606833,126.8449,2025-10-31,55832.0,31240,경기도 화성시,경기BIS
GGB233002489,노하3리.장나루,37.1550833,126.8497,2025-10-31,37356.0,31240,경기도 화성시,경기BIS
GGB233002490,영천교삼거리,37.2167,127.0874667,2025-10-31,55935.0,31240,경기도 화성시,경기BIS
GGB233002491,유포교차로,37.2612833,126.8450333,2025-10-31,55833.0,31240,경기도 화성시,경기BIS
GGB233002492,정남YBM연수원,37.1964833,126.9817333,2025-10-31,36579.0,31240,경기도 화성시,경기BIS
GGB233002493,경기남부직업능력개발원,37.20955,127.08725,2025-10-31,55937.0,31240,경기도 화성시,경기BIS
GGB233002494,동탄초교,37.1881333,127.0929833,2025-10-31,37003.0,31240,경기도 화성시,경기BIS
GGB233002495,동탄초교,37.1874833,127.0925167,2025-10-31,55403.0,31240,경기도 화성시,경기BIS
GGB233002496,더샵센트럴시티2차.행복주택,37.1869,127.0914167,2025-10-31,55404.0,31240,경기도 화성시,경기BIS
GGB233002497,행복주택.동탄경찰서,37.1865667,127.0918,2025-10-31,55409.0,31240,경기도 화성시,경기BIS
GGB233002498,에일린의뜰.중흥S클래스에코밸리,37.1871833,127.0869333,2025-10-31,55405.0,31240,경기도 화성시,경기BIS
GGB233002499,에일린의뜰.중흥S클래스에코밸리,37.1868833,127.08675,2025-10-31,55410.0,31240,경기도 화성시,경기BIS
GGB233002500,LH4단지후문,37.2042667,127.1192,2025-10-31,55406.0,31240,경기도 화성시,경기BIS
GGB233002501,LH4단지후문,37.2041,127.1196167,2025-10-31,55407.0,31240,경기도 화성시,경기BIS
GGB233002502,반월중.고등학교앞,37.2239333,127.0556,2025-10-31,36726.0,31240,경기도 화성시,경기BIS
GGB233002503,에스케이뷰후문상가앞,37.2239667,127.0558,2025-10-31,36725.0,31240,경기도 화성시,경기BIS
GGB233002504,롯데씨네마.향남부영7,37.1146167,126.9109167,2025-10-31,55381.0,31240,경기도 화성시,경기BIS
GGB233002505,향남주공5단지입구,37.11415,126.9054167,2025-10-31,55382.0,31240,경기도 화성시,경기BIS
GGB233002506,하길리,37.1077167,126.9069833,2025-10-31,55383.0,31240,경기도 화성시,경기BIS
GGB233002507,신영통현대타운2단지,37.2324,127.0563667,2025-10-31,55384.0,31240,경기도 화성시,경기BIS
GGB233002508,화담고등학교,37.22845,126.94205,2025-10-31,55385.0,31240,경기도 화성시,경기BIS
GGB233002509,마곡마을입구,37.1639167,126.9006667,2025-10-31,55386.0,31240,경기도 화성시,경기BIS
GGB233002510,마곡마을입구,37.1641667,126.9005333,2025-10-31,55387.0,31240,경기도 화성시,경기BIS
GGB233002511,장안우체국,37.0721667,126.81385,2025-10-31,55388.0,31240,경기도 화성시,경기BIS
GGB233002512,장안우체국,37.0721167,126.81395,2025-10-31,55389.0,31240,경기도 화성시,경기BIS
GGB233002513,길성리입구,37.11815,126.95855,2025-10-31,55390.0,31240,경기도 화성시,경기BIS
GGB233002514,길성리입구,37.11825,126.9585833,2025-10-31,55391.0,31240,경기도 화성시,경기BIS
GGB233002515,반도8차,37.2018667,127.0930167,2025-10-31,37239.0,31240,경기도 화성시,경기BIS
GGB233002516,지산마을,37.2052167,127.1122333,2025-10-31,55070.0,31240,경기도 화성시,경기BIS
GGB233002517,구문천리.돌래,37.0791333,126.9134,2025-10-31,55071.0,31240,경기도 화성시,경기BIS
GGB233002518,구문천리.돌래,37.0797167,126.91315,2025-10-31,55072.0,31240,경기도 화성시,경기BIS
GGB233002519,하길4리입구,37.08355,126.9132167,2025-10-31,55073.0,31240,경기도 화성시,경기BIS
GGB233002520,하길4리입구,37.0839833,126.91255,2025-10-31,55074.0,31240,경기도 화성시,경기BIS
GGB233002521,영천교삼거리,37.2169,127.0876333,2025-10-31,55936.0,31240,경기도 화성시,경기BIS
GGB233002525,동탄레이크자이더테라스,37.1696333,127.09495,2025-10-31,55717.0,31240,경기도 화성시,경기BIS
GGB233002526,기안교차로,37.22775,126.9861833,2025-10-31,55820.0,31240,경기도 화성시,경기BIS
GGB233002528,사곳리.개내기,37.1527333,126.7177,2025-10-31,0.0,31240,경기도 화성시,경기BIS
GGB233002529,매송농협,37.2501667,126.9106333,2025-10-31,0.0,31240,경기도 화성시,경기BIS
GGB233002530,매송휴먼시아,37.2652833,126.87955,2025-10-31,37649.0,31240,경기도 화성시,경기BIS
GGB233002531,서연초,37.1588,127.1155,2025-10-31,55938.0,31240,경기도 화성시,경기BIS
GGB233002532,진안도서관.다람산공원,37.2172667,127.0345167,2025-10-31,55573.0,31240,경기도 화성시,경기BIS
GGB233002533,다람산공원.진안도서관,37.2172,127.0347333,2025-10-31,55574.0,31240,경기도 화성시,경기BIS
GGB233002535,정남YBM연수원,37.1966833,126.9818,2025-10-31,36578.0,31240,경기도 화성시,경기BIS
GGB233002536,남양뉴타운10단지,37.20605,126.8355167,2025-10-31,55427.0,31240,경기도 화성시,경기BIS
GGB233002537,동부출장소,37.2079167,127.0359167,2025-10-31,55395.0,31240,경기도 화성시,경기BIS
GGB233002538,역사공원,37.20445,126.9964167,2025-10-31,36483.0,31240,경기도 화성시,경기BIS
GGB233002539,반월체육센터,37.2299667,127.0524667,2025-10-31,36484.0,31240,경기도 화성시,경기BIS
GGB233002540,고잔마을,37.1253167,126.6900167,2025-10-31,36489.0,31240,경기도 화성시,경기BIS
GGB233002541,어도펜션,37.2444667,126.6534667,2025-10-31,55867.0,31240,경기도 화성시,경기BIS
GGB233002542,상안리,37.1718833,126.6998333,2025-10-31,36492.0,31240,경기도 화성시,경기BIS
GGB233002543,쟁이골,37.1819667,126.6897167,2025-10-31,36491.0,31240,경기도 화성시,경기BIS
GGB233002544,지화1리마을회관,37.2193167,126.68945,2025-10-31,36496.0,31240,경기도 화성시,경기BIS
GGB233002545,비우물,37.17195,126.7064167,2025-10-31,36495.0,31240,경기도 화성시,경기BIS
GGB233002546,지화1리,37.2188167,126.6874333,2025-10-31,36497.0,31240,경기도 화성시,경기BIS
GGB233002547,고잔마을,37.1252667,126.6900167,2025-10-31,36498.0,31240,경기도 화성시,경기BIS
GGB233002548,봉담2.LH2단지,37.22195,126.9449,2025-10-31,55670.0,31240,경기도 화성시,경기BIS
GGB233002549,지화리,37.2177667,126.6836333,2025-10-31,36490.0,31240,경기도 화성시,경기BIS
GGB233000196,팔탄공단앞,37.17045,126.8767833,2025-10-31,37191.0,31240,경기도 화성시,경기BIS
GGB233000197,고잔앞들,37.1206333,126.6905833,2025-10-31,37220.0,31240,경기도 화성시,경기BIS
GGB233000198,고잔앞들,37.1209,126.6904,2025-10-31,37221.0,31240,경기도 화성시,경기BIS
GGB233000199,병점아이파크캐슬.성호플레르빌,37.2014667,127.0246,2025-10-31,36209.0,31240,경기도 화성시,경기BIS
GGB233000200,병점아이파크캐슬.성호플레르빌,37.2016667,127.0247833,2025-10-31,36211.0,31240,경기도 화성시,경기BIS
GGB233000201,율암삼거리,37.1668,126.8807833,2025-10-31,37201.0,31240,경기도 화성시,경기BIS
GGB233000202,율암2리.쇄네,37.17355,126.87285,2025-10-31,37182.0,31240,경기도 화성시,경기BIS
GGB233000204,하저3리.한미약품,37.18105,126.8656,2025-10-31,37164.0,31240,경기도 화성시,경기BIS
GGB233000205,어울림공원,37.2335833,126.9433333,2025-10-31,55757.0,31240,경기도 화성시,경기BIS
GGB233000206,금광포란재아파트,37.1833333,126.8555833,2025-10-31,36051.0,31240,경기도 화성시,경기BIS
GGB233000207,무송교차로,37.1819,126.84485,2025-10-31,36047.0,31240,경기도 화성시,경기BIS
GGB233000208,공군부대입구,37.1957,126.8316833,2025-10-31,36034.0,31240,경기도 화성시,경기BIS
GGB233000209,창의고,37.1817,127.1220333,2025-10-31,55464.0,31240,경기도 화성시,경기BIS
GGB233000210,기업은행,37.2073,126.81965,2025-10-31,37567.0,31240,경기도 화성시,경기BIS
GGB233000211,어울림공원,37.2337,126.94365,2025-10-31,55758.0,31240,경기도 화성시,경기BIS
GGB233000212,백토2리,37.1229833,126.94775,2025-10-31,37222.0,31240,경기도 화성시,경기BIS
GGB233000213,백토2리,37.1230333,126.9476833,2025-10-31,37244.0,31240,경기도 화성시,경기BIS
GGB233000214,백토사거리,37.11795,126.94555,2025-10-31,37300.0,31240,경기도 화성시,경기BIS
GGB233000215,남전2리종점,37.2447167,126.8316167,2025-10-31,37128.0,31240,경기도 화성시,경기BIS
GGB233000216,백토사거리,37.1181333,126.9457333,2025-10-31,37338.0,31240,경기도 화성시,경기BIS
GGB233000217,새봄초등학교,37.2010167,127.0311833,2025-10-31,36679.0,31240,경기도 화성시,경기BIS
GGB233000218,병점역아이파크캐슬,37.20375,127.0296333,2025-10-31,36219.0,31240,경기도 화성시,경기BIS
GGB233000219,병점복합타운,37.20515,127.0288667,2025-10-31,36220.0,31240,경기도 화성시,경기BIS
GGB233000220,병점복합타운,37.2049667,127.0285167,2025-10-31,36230.0,31240,경기도 화성시,경기BIS
GGB233000221,병점역아이파크캐슬,37.20335,127.0294167,2025-10-31,36232.0,31240,경기도 화성시,경기BIS
GGB233000222,새봄초등학교,37.20125,127.0306,2025-10-31,36233.0,31240,경기도 화성시,경기BIS
GGB233000223,내리교회,37.1620833,127.0203167,2025-10-31,36270.0,31240,경기도 화성시,경기BIS
GGB233000224,이산고등학교,37.1916,127.0877833,2025-10-31,55761.0,31240,경기도 화성시,경기BIS
GGB233000225,이산고등학교,37.1915,127.0878333,2025-10-31,55762.0,31240,경기도 화성시,경기BIS
GGB233000226,한화포레나,37.1646833,127.0987333,2025-10-31,55763.0,31240,경기도 화성시,경기BIS
GGB233000227,한화포레나,37.1649667,127.0986833,2025-10-31,55764.0,31240,경기도 화성시,경기BIS
GGB233000228,망포고등학교,37.2350667,127.04565,2025-10-31,36298.0,31240,경기도 화성시,경기BIS
GGB233000229,망포고등학교,37.2340833,127.0460667,2025-10-31,36319.0,31240,경기도 화성시,경기BIS
GGB233000231,화리현리입구,37.11595,126.9424667,2025-10-31,37386.0,31240,경기도 화성시,경기BIS
GGB233000232,화리현리,37.1151333,126.9401167,2025-10-31,37463.0,31240,경기도 화성시,경기BIS
GGB233000233,화리현리,37.11525,126.9406667,2025-10-31,37546.0,31240,경기도 화성시,경기BIS
GGB233000234,송산테크노파크산업단지,37.2223333,126.6973,2025-10-31,36343.0,31240,경기도 화성시,경기BIS
GGB233000235,송산테크노파크산업단지,37.2228333,126.6981833,2025-10-31,36344.0,31240,경기도 화성시,경기BIS
GGB233000236,별솔공원,37.2744833,126.8313333,2025-10-31,55766.0,31240,경기도 화성시,경기BIS
GGB233000237,별솔공원,37.2742,126.8319833,2025-10-31,55767.0,31240,경기도 화성시,경기BIS
GGB233000238,화남초등학교,37.16395,127.0968667,2025-10-31,55768.0,31240,경기도 화성시,경기BIS
GGB233000239,새솔동행정복지센터,37.2806833,126.8194167,2025-10-31,55770.0,31240,경기도 화성시,경기BIS
GGB233000240,육리2리.창말,37.1967,126.7201667,2025-10-31,36357.0,31240,경기도 화성시,경기BIS
GGB233000242,동탄파크자이정문,37.2112833,127.1118333,2025-10-31,55608.0,31240,경기도 화성시,경기BIS
GGB233000243,동탄파크자이정문,37.2113,127.1116167,2025-10-31,55607.0,31240,경기도 화성시,경기BIS
GGB233000244,문호교차로,37.2675667,126.80935,2025-10-31,36058.0,31240,경기도 화성시,경기BIS
GGB233000245,문호교차로,37.2676667,126.80965,2025-10-31,36361.0,31240,경기도 화성시,경기BIS
GGB233000246,삼부실,37.2340833,126.8224667,2025-10-31,36363.0,31240,경기도 화성시,경기BIS
GGB233000247,남양석산,37.2029333,126.8645,2025-10-31,37648.0,31240,경기도 화성시,경기BIS
GGB233000248,남양석산,37.2030833,126.8641167,2025-10-31,37676.0,31240,경기도 화성시,경기BIS
GGB233000249,진우물류센터,37.1590667,127.0966167,2025-10-31,36368.0,31240,경기도 화성시,경기BIS
GGB233000250,송산그린시티EB2.3블록,37.2724667,126.8335333,2025-10-31,55777.0,31240,경기도 화성시,경기BIS
GGB233000251,장덕2리.전파연구소,37.1682667,126.81055,2025-10-31,60010.0,31240,경기도 화성시,경기BIS
GGB233000252,장덕2리.전파연구소,37.1683167,126.81065,2025-10-31,60011.0,31240,경기도 화성시,경기BIS
GGB233000253,요리윗말입구,37.1122667,126.9642,2025-10-31,37788.0,31240,경기도 화성시,경기BIS
GGB233000254,요리윗말입구,37.1123,126.9641,2025-10-31,37790.0,31240,경기도 화성시,경기BIS
GGB233000255,은장공단,37.1980833,126.7898833,2025-10-31,37116.0,31240,경기도 화성시,경기BIS
GGB233000258,화산생태.체육공원,37.2162,127.0246667,2025-10-31,36374.0,31240,경기도 화성시,경기BIS
GGB233000259,은장슈퍼,37.1924,126.7929833,2025-10-31,37120.0,31240,경기도 화성시,경기BIS
GGB233000260,쌍송공단,37.1931833,126.7901833,2025-10-31,37118.0,31240,경기도 화성시,경기BIS
GGB233000261,용포2리,37.2319,126.7480333,2025-10-31,37093.0,31240,경기도 화성시,경기BIS
GGB233000262,화산생태.체육공원,37.2161167,127.0245333,2025-10-31,36375.0,31240,경기도 화성시,경기BIS
GGB233000263,비봉상업지구,37.2465,126.8733167,2025-10-31,60020.0,31240,경기도 화성시,경기BIS
GGB233000264,비봉상업지구,37.2464333,126.8731667,2025-10-31,60021.0,31240,경기도 화성시,경기BIS
GGB233000265,매송휴먼시아,37.2654167,126.87945,2025-10-31,37472.0,31240,경기도 화성시,경기BIS
GGB233000266,새터말입구,37.2227167,127.0164333,2025-10-31,36378.0,31240,경기도 화성시,경기BIS
GGB233000267,사강정형외과,37.2133333,126.739,2025-10-31,37088.0,31240,경기도 화성시,경기BIS
GGB233000268,사강시장,37.213,126.7366667,2025-10-31,37084.0,31240,경기도 화성시,경기BIS
GGB233000269,육일리.육교동입구,37.2095833,126.7281167,2025-10-31,37369.0,31240,경기도 화성시,경기BIS
GGB233000270,육일리.육교동입구,37.2094167,126.7277833,2025-10-31,37370.0,31240,경기도 화성시,경기BIS
GGB233000271,사강복지회관,37.2129167,126.7325667,2025-10-31,37081.0,31240,경기도 화성시,경기BIS
GGB233000272,효성해링턴플레이스후문,37.2054667,127.0359,2025-10-31,36379.0,31240,경기도 화성시,경기BIS
GGB233000273,내리,37.2370167,126.9244,2025-10-31,55779.0,31240,경기도 화성시,경기BIS
GGB233000274,내리,37.2363667,126.9243833,2025-10-31,55780.0,31240,경기도 화성시,경기BIS
GGB233000275,화남초등학교,37.1633667,127.0966333,2025-10-31,55781.0,31240,경기도 화성시,경기BIS
GGB233000276,역사공원.LH1단지,37.2056833,126.9987167,2025-10-31,36377.0,31240,경기도 화성시,경기BIS
GGB233000277,LH1단지,37.2055833,126.9990333,2025-10-31,36382.0,31240,경기도 화성시,경기BIS
GGB233000278,사강3리,37.2270167,126.7273167,2025-10-31,37074.0,31240,경기도 화성시,경기BIS
GGB233000279,쌍정리,37.2308667,126.7240667,2025-10-31,37070.0,31240,경기도 화성시,경기BIS
GGB233000280,쌍정2리,37.2345667,126.7299667,2025-10-31,37079.0,31240,경기도 화성시,경기BIS
GGB233000281,쌍정1리.복우물,37.2353833,126.7341333,2025-10-31,37083.0,31240,경기도 화성시,경기BIS
GGB233000282,고정4리,37.2394167,126.7385,2025-10-31,37087.0,31240,경기도 화성시,경기BIS
GGB233000283,고정1리.큰한뿌리,37.2435167,126.7401833,2025-10-31,37401.0,31240,경기도 화성시,경기BIS
GGB233000284,정보화마을,37.2438667,126.7446667,2025-10-31,37090.0,31240,경기도 화성시,경기BIS
GGB233000285,고정2리,37.2485667,126.7458333,2025-10-31,37096.0,31240,경기도 화성시,경기BIS
GGB233000286,우미린.LH2단지,37.20475,127.0032667,2025-10-31,55782.0,31240,경기도 화성시,경기BIS
GGB233000287,LH2단지.우미린,37.2046667,127.0030167,2025-10-31,55783.0,31240,경기도 화성시,경기BIS
GGB233000288,우미린.LH1단지,37.2058333,127.0014167,2025-10-31,55784.0,31240,경기도 화성시,경기BIS
GGB233000289,봉가1리,37.2122833,126.7449167,2025-10-31,37094.0,31240,경기도 화성시,경기BIS
GGB233000290,LH1단지.우미린,37.20565,127.0012833,2025-10-31,55785.0,31240,경기도 화성시,경기BIS
GGB233000291,우방아이유쉘.우미린,37.2043667,127.0054833,2025-10-31,55786.0,31240,경기도 화성시,경기BIS
GGB233000292,신흥유원지,37.23085,126.6958167,2025-10-31,55861.0,31240,경기도 화성시,경기BIS
GGB233000293,우미린센트포레.우방,37.2044833,127.0050833,2025-10-31,55787.0,31240,경기도 화성시,경기BIS
GGB233000294,청원3리,37.1759333,126.76125,2025-10-31,60025.0,31240,경기도 화성시,경기BIS
GGB233000295,바이오단지종점,37.17265,126.7653333,2025-10-31,60022.0,31240,경기도 화성시,경기BIS
GGB233000296,마산초교,37.2310333,126.6916,2025-10-31,55862.0,31240,경기도 화성시,경기BIS
GGB233000297,바이오단지종점,37.17245,126.7652333,2025-10-31,60023.0,31240,경기도 화성시,경기BIS
GGB233000298,마산1리,37.2273,126.7009833,2025-10-31,37400.0,31240,경기도 화성시,경기BIS
GGB233000299,활초리입구,37.1808167,126.8426667,2025-10-31,60026.0,31240,경기도 화성시,경기BIS
GGB233000300,홍난파생가입구,37.1776,126.8359667,2025-10-31,60028.0,31240,경기도 화성시,경기BIS
GGB233000301,해병대사령부종점,37.17095,126.9256667,2025-10-31,55788.0,31240,경기도 화성시,경기BIS
GGB233000302,봉황마을,37.2366833,126.9417,2025-10-31,55789.0,31240,경기도 화성시,경기BIS
GGB233000303,봉황마을,37.2367667,126.9413833,2025-10-31,55790.0,31240,경기도 화성시,경기BIS
GGB233000304,안녕우방아이유쉘,37.2025167,127.0060667,2025-10-31,55791.0,31240,경기도 화성시,경기BIS
GGB233000305,그란비아스타,37.19335,127.0990167,2025-10-31,36384.0,31240,경기도 화성시,경기BIS
GGB233000306,모아미래도(마을),37.2012167,127.05925,2025-10-31,55792.0,31240,경기도 화성시,경기BIS
GGB233000307,요당1리,37.0687667,126.9347667,2025-10-31,60031.0,31240,경기도 화성시,경기BIS
GGB233000308,요당리입구,37.0706667,126.93745,2025-10-31,60032.0,31240,경기도 화성시,경기BIS
GGB233000309,샘터입구,37.2073167,126.8047,2025-10-31,60034.0,31240,경기도 화성시,경기BIS
GGB233000310,헤르만하우스남양,37.2084167,126.8043667,2025-10-31,60035.0,31240,경기도 화성시,경기BIS
GGB233000311,봉화산입구,37.1886333,126.6919833,2025-10-31,37870.0,31240,경기도 화성시,경기BIS
GGB233000312,화남산단삼거리,37.164,126.6717667,2025-10-31,37866.0,31240,경기도 화성시,경기BIS
GGB233000314,전곡산단삼거리,37.1825167,126.66535,2025-10-31,55793.0,31240,경기도 화성시,경기BIS
GGB233000315,융건로,37.21515,126.9836833,2025-10-31,55796.0,31240,경기도 화성시,경기BIS
GGB233000316,융건로,37.2153667,126.9836333,2025-10-31,55797.0,31240,경기도 화성시,경기BIS
GGB233000317,융건릉사거리앞,37.2066333,126.98755,2025-10-31,55798.0,31240,경기도 화성시,경기BIS
GGB233000320,우방아이유쉘1단지,37.2374667,126.9549,2025-10-31,36400.0,31240,경기도 화성시,경기BIS
GGB233000321,우방아이유쉘1단지,37.2374667,126.9550667,2025-10-31,36401.0,31240,경기도 화성시,경기BIS
GGB233000322,해운경로당,37.1379833,126.7015333,2025-10-31,37399.0,31240,경기도 화성시,경기BIS
GGB233000323,용두2리,37.1477,126.7006333,2025-10-31,36840.0,31240,경기도 화성시,경기BIS
GGB233000324,매화리,37.1687,126.7036333,2025-10-31,37041.0,31240,경기도 화성시,경기BIS
GGB233000325,궁평교회,37.1354667,126.6987667,2025-10-31,36839.0,31240,경기도 화성시,경기BIS
GGB233000326,박고지,37.1298167,126.6937167,2025-10-31,37030.0,31240,경기도 화성시,경기BIS
GGB233000327,쎈트럴써밋,37.1738167,127.1212667,2025-10-31,55799.0,31240,경기도 화성시,경기BIS
GGB233000328,쎈트럴써밋,37.1740667,127.12135,2025-10-31,55800.0,31240,경기도 화성시,경기BIS
GGB233000329,제일풍경채.행복주택40단지,37.1766333,127.1416,2025-10-31,55801.0,31240,경기도 화성시,경기BIS
GGB233000330,궁평항,37.1168333,126.6849333,2025-10-31,37022.0,31240,경기도 화성시,경기BIS
GGB233000331,제일풍경채.행복주택40단지,37.17715,127.1414,2025-10-31,55802.0,31240,경기도 화성시,경기BIS
GGB233000332,디루체,37.1738833,127.1258,2025-10-31,55803.0,31240,경기도 화성시,경기BIS
GGB233000333,디루체,37.1741333,127.1260167,2025-10-31,55804.0,31240,경기도 화성시,경기BIS
GGB233000334,봉담읍행정복지센터(좌회전전용),37.2209,126.9500333,2025-10-31,36407.0,31240,경기도 화성시,경기BIS
GGB233000335,함백산추모공원,37.2692833,126.9109833,2025-10-31,60038.0,31240,경기도 화성시,경기BIS
GGB233000336,전곡산단삼거리,37.1824333,126.6655167,2025-10-31,55805.0,31240,경기도 화성시,경기BIS
GGB233000337,봉담수정동남메리트,37.2222333,126.9488667,2025-10-31,55806.0,31240,경기도 화성시,경기BIS
GGB233000338,봉담수정동남메리트,37.2223833,126.9481667,2025-10-31,55807.0,31240,경기도 화성시,경기BIS
GGB233000339,남수원현대아파트정문앞,37.2073667,127.0101333,2025-10-31,55808.0,31240,경기도 화성시,경기BIS
GGB233000340,서희스타힐스3.1단지,37.1930167,126.8189167,2025-10-31,60039.0,31240,경기도 화성시,경기BIS
GGB233000341,서희스타힐스1.3단지,37.1926667,126.81815,2025-10-31,60040.0,31240,경기도 화성시,경기BIS
GGB233000342,남양읍행정복지센터.서희스타힐스,37.1927833,126.8215667,2025-10-31,55811.0,31240,경기도 화성시,경기BIS
GGB233000343,남양읍행정복지센터.서희스타힐스,37.19285,126.8218667,2025-10-31,55812.0,31240,경기도 화성시,경기BIS
GGB233000344,상안리삼거리,37.1739833,126.7066833,2025-10-31,37398.0,31240,경기도 화성시,경기BIS
GGB233000346,전곡2리마을회관.운천동,37.1912,126.6920167,2025-10-31,37372.0,31240,경기도 화성시,경기BIS
GGB233000347,육일1리.육도리,37.2077167,126.7193,2025-10-31,37366.0,31240,경기도 화성시,경기BIS
GGB233000348,육일1리.육도리,37.2076667,126.7194,2025-10-31,37365.0,31240,경기도 화성시,경기BIS
GGB233000349,칠곡리,37.2034,126.71145,2025-10-31,37363.0,31240,경기도 화성시,경기BIS
GGB233000350,전곡1리.당고지,37.1997833,126.7004333,2025-10-31,37362.0,31240,경기도 화성시,경기BIS
GGB233000351,전곡1리마을회관,37.1971167,126.6968333,2025-10-31,37359.0,31240,경기도 화성시,경기BIS
GGB233000352,단독주택,37.2042833,127.1245833,2025-10-31,55814.0,31240,경기도 화성시,경기BIS
GGB233000353,호반써밋동탄,37.1730167,127.13365,2025-10-31,55815.0,31240,경기도 화성시,경기BIS
GGB233000354,호반써밋동탄,37.1732333,127.1332333,2025-10-31,55816.0,31240,경기도 화성시,경기BIS
GGB233000355,동탄9동행정복지센터,37.1799833,127.1380833,2025-10-31,55817.0,31240,경기도 화성시,경기BIS
GGB233000356,동탄9동행정복지센터,37.18025,127.13775,2025-10-31,55818.0,31240,경기도 화성시,경기BIS
GGB233000357,은성정밀앞,37.1864667,126.8677833,2025-10-31,60044.0,31240,경기도 화성시,경기BIS
GGB233000358,은성정밀앞,37.1865333,126.8678,2025-10-31,60045.0,31240,경기도 화성시,경기BIS
GGB233000359,비봉면행정복지센터,37.2356833,126.8732833,2025-10-31,55637.0,31240,경기도 화성시,경기BIS
GGB233000360,단독주택,37.2041333,127.1246833,2025-10-31,55822.0,31240,경기도 화성시,경기BIS
GGB233000361,자안공단,37.20655,126.8719833,2025-10-31,55823.0,31240,경기도 화성시,경기BIS
GGB233000362,상신3리입구.한양수자인,37.0998833,126.90595,2025-10-31,60046.0,31240,경기도 화성시,경기BIS
GGB233000363,상신3리입구.한양수자인,37.1001,126.9056667,2025-10-31,60047.0,31240,경기도 화성시,경기BIS
GGB233000364,반정아이파크5단지후문,37.2344,127.04505,2025-10-31,36417.0,31240,경기도 화성시,경기BIS
GGB233000365,반정아이파크5단지정문,37.238,127.0423167,2025-10-31,36418.0,31240,경기도 화성시,경기BIS
GGB233000366,반정아이파크5단지후문,37.2342833,127.0442,2025-10-31,36425.0,31240,경기도 화성시,경기BIS
GGB233000367,반정아이파크4단지정문,37.2372333,127.04205,2025-10-31,36428.0,31240,경기도 화성시,경기BIS
GGB233000368,남양뉴타운20.19단지,37.2035167,126.8416,2025-10-31,55824.0,31240,경기도 화성시,경기BIS
GGB233000369,기산베스트빌,37.1956,126.8224,2025-10-31,36838.0,31240,경기도 화성시,경기BIS
GGB233000370,조암4리앞,37.0822667,126.7963667,2025-10-31,36837.0,31240,경기도 화성시,경기BIS
GGB233000371,우정초등학교,37.0808167,126.8017,2025-10-31,36836.0,31240,경기도 화성시,경기BIS
GGB233000372,조암8리,37.0812667,126.81045,2025-10-31,37397.0,31240,경기도 화성시,경기BIS
GGB233000373,조암시장남쪽입구,37.0829833,126.8192667,2025-10-31,36022.0,31240,경기도 화성시,경기BIS
GGB233000374,창의고,37.1818,127.1224667,2025-10-31,55465.0,31240,경기도 화성시,경기BIS
GGB233000375,신리사거리,37.1641,126.9804833,2025-10-31,55622.0,31240,경기도 화성시,경기BIS
GGB233000376,신리사거리,37.1639167,126.9803333,2025-10-31,55623.0,31240,경기도 화성시,경기BIS
GGB233000377,금의리,37.10315,126.8431167,2025-10-31,36847.0,31240,경기도 화성시,경기BIS
GGB233000378,소방서,37.1652833,127.0017833,2025-10-31,36485.0,31240,경기도 화성시,경기BIS
GGB233000379,방교초.레이크자이더테라스,37.1723667,127.10085,2025-10-31,55625.0,31240,경기도 화성시,경기BIS
GGB233000380,성문,37.10335,126.8657167,2025-10-31,37167.0,31240,경기도 화성시,경기BIS
GGB233000381,해창2리.능인대학원대학교,37.1082,126.8722333,2025-10-31,36845.0,31240,경기도 화성시,경기BIS
GGB233000382,신미주아파트.포스코2차,37.1898667,127.09035,2025-10-31,55626.0,31240,경기도 화성시,경기BIS
GGB233000383,남양뉴타운19.20단지,37.2034167,126.8413833,2025-10-31,55825.0,31240,경기도 화성시,경기BIS
GGB233000384,동양빌딩앞,37.1272167,126.9017833,2025-10-31,37248.0,31240,경기도 화성시,경기BIS
GGB233000385,화성시보건소앞,37.1290667,126.9049333,2025-10-31,36844.0,31240,경기도 화성시,경기BIS
GGB233000386,모즐저수지입구,37.2009833,126.7054667,2025-10-31,37455.0,31240,경기도 화성시,경기BIS
GGB233000387,발안만세시장,37.1333,126.9094167,2025-10-31,36876.0,31240,경기도 화성시,경기BIS
GGB233000388,화성시보건소앞,37.1287833,126.9049,2025-10-31,36875.0,31240,경기도 화성시,경기BIS
GGB233000389,동양빌딩앞,37.1270167,126.9017667,2025-10-31,36874.0,31240,경기도 화성시,경기BIS
GGB233000390,한국폴리텍대학,37.1217833,126.8929,2025-10-31,37225.0,31240,경기도 화성시,경기BIS
GGB233000391,매곡리,37.11725,126.8884667,2025-10-31,37217.0,31240,경기도 화성시,경기BIS
GGB233000392,해창리,37.1126,126.8791667,2025-10-31,36873.0,31240,경기도 화성시,경기BIS
GGB233000393,해창2리.능인대학원대학교,37.1081167,126.8725167,2025-10-31,37179.0,31240,경기도 화성시,경기BIS
GGB233000394,성문,37.1032333,126.8657333,2025-10-31,37166.0,31240,경기도 화성시,경기BIS
GGB233000395,수촌1리,37.1028333,126.8574833,2025-10-31,36872.0,31240,경기도 화성시,경기BIS
GGB233000396,수촌3리,37.1029333,126.8517,2025-10-31,36871.0,31240,경기도 화성시,경기BIS
GGB233000397,수촌3리,37.1029333,126.8430333,2025-10-31,37454.0,31240,경기도 화성시,경기BIS
GGB233000398,금의1리입구,37.1002167,126.8393167,2025-10-31,36870.0,31240,경기도 화성시,경기BIS
GGB233000399,화산리,37.0623667,126.7915,2025-10-31,36438.0,31240,경기도 화성시,경기BIS
GGB233000400,어은1리,37.0953833,126.8342,2025-10-31,37453.0,31240,경기도 화성시,경기BIS
GGB233000401,어은1정미소앞,37.0931333,126.8313167,2025-10-31,36869.0,31240,경기도 화성시,경기BIS
GGB233000402,어은삼거리,37.0861167,126.8269167,2025-10-31,37594.0,31240,경기도 화성시,경기BIS
GGB233000403,신동탄포레자이.율목초후문,37.2371833,127.0633333,2025-10-31,36442.0,31240,경기도 화성시,경기BIS
GGB233000404,운평2리,37.0845,126.7807,2025-10-31,37452.0,31240,경기도 화성시,경기BIS
GGB233000405,원안3리,37.0967333,126.7858,2025-10-31,36868.0,31240,경기도 화성시,경기BIS
GGB233000407,호곡1리,37.1197167,126.78455,2025-10-31,37451.0,31240,경기도 화성시,경기BIS
GGB233000408,호곡3리마을회관,37.1172,126.7720667,2025-10-31,36866.0,31240,경기도 화성시,경기BIS
GGB233000409,호곡3리입구,37.1196,126.7763,2025-10-31,36865.0,31240,경기도 화성시,경기BIS
GGB233000410,경기요양병원,37.11505,126.7972667,2025-10-31,36864.0,31240,경기도 화성시,경기BIS
GGB233000411,호곡리,37.1174667,126.79435,2025-10-31,37450.0,31240,경기도 화성시,경기BIS
GGB233000412,경진여객차고지,37.0729833,126.8163,2025-10-31,36863.0,31240,경기도 화성시,경기BIS
GGB233000413,선창포구종점,37.1281833,126.7963333,2025-10-31,36862.0,31240,경기도 화성시,경기BIS
GGB233000414,문화마을,37.1240333,126.7956667,2025-10-31,37449.0,31240,경기도 화성시,경기BIS
GGB233000415,호곡리,37.1174833,126.7946,2025-10-31,36861.0,31240,경기도 화성시,경기BIS
GGB233000416,신왕리,37.0834833,126.9443,2025-10-31,36443.0,31240,경기도 화성시,경기BIS
GGB233000417,운평사거리,37.0829667,126.7767167,2025-10-31,36860.0,31240,경기도 화성시,경기BIS
GGB233000419,뒷말,37.0772167,126.7708667,2025-10-31,37448.0,31240,경기도 화성시,경기BIS
GGB233000420,운평3리,37.08175,126.7753,2025-10-31,36858.0,31240,경기도 화성시,경기BIS
GGB233000421,주곡리,37.1277,126.8155167,2025-10-31,36857.0,31240,경기도 화성시,경기BIS
GGB233000422,주곡1리.박우물,37.1341167,126.81195,2025-10-31,36856.0,31240,경기도 화성시,경기BIS
GGB233000424,고정초등학교,37.2373333,126.7367333,2025-10-31,60052.0,31240,경기도 화성시,경기BIS
GGB233000425,주곡1리마을회관,37.1258167,126.8171833,2025-10-31,37447.0,31240,경기도 화성시,경기BIS
GGB233000427,삼화2리,37.2431167,126.8517667,2025-10-31,55828.0,31240,경기도 화성시,경기BIS
GGB233000428,금호어울림레이크.우남더테라스,37.1619,127.1088333,2025-10-31,55662.0,31240,경기도 화성시,경기BIS
GGB233000429,삼화2리,37.2427833,126.85145,2025-10-31,55829.0,31240,경기도 화성시,경기BIS
GGB233000430,반도4차.동탄4동복지센터,37.2001,127.1154,2025-10-31,55663.0,31240,경기도 화성시,경기BIS
GGB233000431,중흥클래스에듀,37.1731,127.1139167,2025-10-31,55665.0,31240,경기도 화성시,경기BIS
GGB233000432,중흥클래스에듀,37.1734,127.1141333,2025-10-31,55666.0,31240,경기도 화성시,경기BIS
GGB233000433,나루마을.한화우림,37.1950833,127.0753333,2025-10-31,55667.0,31240,경기도 화성시,경기BIS
GGB233000434,남양고,37.206,126.8257833,2025-10-31,55674.0,31240,경기도 화성시,경기BIS
GGB233000435,석포5리마을회관앞,37.1453833,126.8406167,2025-10-31,37445.0,31240,경기도 화성시,경기BIS
GGB233000436,석포5리,37.1429833,126.8419,2025-10-31,36849.0,31240,경기도 화성시,경기BIS
GGB233000437,석포리,37.1406833,126.839,2025-10-31,36902.0,31240,경기도 화성시,경기BIS
GGB233000438,월문리온천입구,37.1143167,126.8772333,2025-10-31,36901.0,31240,경기도 화성시,경기BIS
GGB233000439,월문초등학교,37.1178667,126.8714,2025-10-31,37444.0,31240,경기도 화성시,경기BIS
GGB233000440,월문리,37.1193167,126.8690667,2025-10-31,36900.0,31240,경기도 화성시,경기BIS
GGB233000002,화성시민캠퍼스,37.2293167,126.9704333,2025-10-31,36161.0,31240,경기도 화성시,경기BIS
GGB233000003,상두2리,37.1013667,126.9484,2025-10-31,37320.0,31240,경기도 화성시,경기BIS
GGB233000004,대양2리,37.0864167,126.9424833,2025-10-31,36108.0,31240,경기도 화성시,경기BIS
GGB233000005,대양4리,37.0902833,126.9419667,2025-10-31,36105.0,31240,경기도 화성시,경기BIS
GGB233000006,대양1리,37.0955667,126.9393167,2025-10-31,36093.0,31240,경기도 화성시,경기BIS
GGB233000007,대양2리,37.0868,126.9426167,2025-10-31,36107.0,31240,경기도 화성시,경기BIS
GGB233000008,용소4리,37.0848667,126.9818167,2025-10-31,36224.0,31240,경기도 화성시,경기BIS
GGB233000009,용소1리,37.08005,126.9845,2025-10-31,36247.0,31240,경기도 화성시,경기BIS
GGB233000010,용소2리,37.0791333,126.97815,2025-10-31,36198.0,31240,경기도 화성시,경기BIS
GGB233000011,요꼴마을회관,37.1093,126.9672833,2025-10-31,37380.0,31240,경기도 화성시,경기BIS
GGB233000012,요리공단,37.1166333,126.9613833,2025-10-31,37378.0,31240,경기도 화성시,경기BIS
GGB233000013,수산세보틱스,37.1147,126.9910167,2025-10-31,36272.0,31240,경기도 화성시,경기BIS
GGB233000014,송산1리,37.1055,126.9862,2025-10-31,36255.0,31240,경기도 화성시,경기BIS
GGB233000015,정문2리,37.0946667,126.9855833,2025-10-31,36253.0,31240,경기도 화성시,경기BIS
GGB233000016,까치고개,37.1149167,126.9784833,2025-10-31,36202.0,31240,경기도 화성시,경기BIS
GGB233000017,사창2리.요꼴,37.1069667,126.9725,2025-10-31,36179.0,31240,경기도 화성시,경기BIS
GGB233000018,사창3리,37.0964,126.9717,2025-10-31,36171.0,31240,경기도 화성시,경기BIS
GGB233000019,사창4리,37.0892167,126.9718667,2025-10-31,36170.0,31240,경기도 화성시,경기BIS
GGB233000020,용소3리,37.0792833,126.97045,2025-10-31,36162.0,31240,경기도 화성시,경기BIS
GGB233000021,동광뷰엘,37.2085333,126.8269667,2025-10-31,36012.0,31240,경기도 화성시,경기BIS
GGB233000022,독줄입구,37.0778833,126.95375,2025-10-31,36132.0,31240,경기도 화성시,경기BIS
GGB233000023,양감농협,37.0810167,126.9470333,2025-10-31,36121.0,31240,경기도 화성시,경기BIS
GGB233000024,양감농협,37.0811667,126.9467667,2025-10-31,36120.0,31240,경기도 화성시,경기BIS
GGB233000025,신왕3리.조리울,37.0801,126.9523667,2025-10-31,36127.0,31240,경기도 화성시,경기BIS
GGB233000026,오가리,37.0857167,126.9704167,2025-10-31,36791.0,31240,경기도 화성시,경기BIS
GGB233000027,사창4리,37.0890167,126.9716333,2025-10-31,36167.0,31240,경기도 화성시,경기BIS
GGB233000028,사창초등학교,37.0912833,126.9721667,2025-10-31,36173.0,31240,경기도 화성시,경기BIS
GGB233000029,동광뷰엘,37.20855,126.8272,2025-10-31,36016.0,31240,경기도 화성시,경기BIS
GGB233000030,사창1리,37.0937667,126.9712833,2025-10-31,36165.0,31240,경기도 화성시,경기BIS
GGB233000031,부처내,37.12265,126.9965667,2025-10-31,36278.0,31240,경기도 화성시,경기BIS
GGB233000032,수직리,37.1232167,126.9914667,2025-10-31,37348.0,31240,경기도 화성시,경기BIS
GGB233000033,갈천다리,37.1251333,126.9844667,2025-10-31,37342.0,31240,경기도 화성시,경기BIS
GGB233000034,갈천초등학교,37.1249167,126.9814833,2025-10-31,37339.0,31240,경기도 화성시,경기BIS
GGB233000035,길성리,37.1248167,126.9739667,2025-10-31,37332.0,31240,경기도 화성시,경기BIS
GGB233000036,송곡리,37.1285833,126.9675667,2025-10-31,37331.0,31240,경기도 화성시,경기BIS
GGB233000037,길성리,37.12485,126.97415,2025-10-31,37333.0,31240,경기도 화성시,경기BIS
GGB233000038,갈천리,37.1248667,126.9769667,2025-10-31,37335.0,31240,경기도 화성시,경기BIS
GGB233000039,갈천초등학교,37.1251,126.9799667,2025-10-31,36711.0,31240,경기도 화성시,경기BIS
GGB233000040,수직리,37.12335,126.9912,2025-10-31,37347.0,31240,경기도 화성시,경기BIS
GGB233000041,도투락입구,37.1328,127.0251,2025-10-31,37913.0,31240,경기도 화성시,경기BIS
GGB233000042,덕절리,37.13405,127.0286167,2025-10-31,37914.0,31240,경기도 화성시,경기BIS
GGB233000043,고지리,37.1629833,127.0034,2025-10-31,36285.0,31240,경기도 화성시,경기BIS
GGB233000044,망월리,37.1489667,127.0094667,2025-10-31,36306.0,31240,경기도 화성시,경기BIS
GGB233000045,제기리.양지말,37.1433333,127.01345,2025-10-31,36309.0,31240,경기도 화성시,경기BIS
GGB233000046,음양1리,37.1408833,127.0176167,2025-10-31,36317.0,31240,경기도 화성시,경기BIS
GGB233000047,덕절2리,37.1415167,127.0280333,2025-10-31,36335.0,31240,경기도 화성시,경기BIS
GGB233000048,덕절3리,37.14015,127.0220667,2025-10-31,36329.0,31240,경기도 화성시,경기BIS
GGB233000049,음양1리,37.1408167,127.0171833,2025-10-31,36316.0,31240,경기도 화성시,경기BIS
GGB233000050,제기리.양지말,37.1428333,127.0136833,2025-10-31,36310.0,31240,경기도 화성시,경기BIS
GGB233000051,망월리,37.1491833,127.0091667,2025-10-31,36303.0,31240,경기도 화성시,경기BIS
GGB233000052,금복리,37.15315,127.0065333,2025-10-31,36296.0,31240,경기도 화성시,경기BIS
GGB233000053,고지리,37.16075,127.0039,2025-10-31,36286.0,31240,경기도 화성시,경기BIS
GGB233000054,수면리,37.1618667,127.0224333,2025-10-31,36331.0,31240,경기도 화성시,경기BIS
GGB233000055,원평사거리,37.2496,126.9249,2025-10-31,36017.0,31240,경기도 화성시,경기BIS
GGB233000056,내리,37.16205,127.0186333,2025-10-31,36320.0,31240,경기도 화성시,경기BIS
GGB233000057,고지리,37.1638833,127.00745,2025-10-31,36300.0,31240,경기도 화성시,경기BIS
GGB233000058,고지리,37.1639667,127.0080833,2025-10-31,36299.0,31240,경기도 화성시,경기BIS
GGB233000059,원평사거리,37.2493667,126.9252167,2025-10-31,36020.0,31240,경기도 화성시,경기BIS
GGB233000060,전곡산업단지사거리,37.1861167,126.6712667,2025-10-31,36027.0,31240,경기도 화성시,경기BIS
GGB233000061,전곡산업단지사거리,37.1863667,126.6711167,2025-10-31,36032.0,31240,경기도 화성시,경기BIS
GGB233000062,신한에스빌아파트,37.2088167,127.0387833,2025-10-31,37352.0,31240,경기도 화성시,경기BIS
GGB233000063,동원.다원중,37.2121333,127.1035833,2025-10-31,36033.0,31240,경기도 화성시,경기BIS
GGB233000065,주공11단지.우남퍼스트빌2차,37.2155167,127.0451167,2025-10-31,36371.0,31240,경기도 화성시,경기BIS
GGB233000066,중심상가,37.21515,127.04375,2025-10-31,36795.0,31240,경기도 화성시,경기BIS
GGB233000067,주공10.11단지,37.2158833,127.0452667,2025-10-31,36370.0,31240,경기도 화성시,경기BIS
GGB233000068,우남퍼스트빌,37.1993667,127.0485333,2025-10-31,36381.0,31240,경기도 화성시,경기BIS
GGB233000069,동탄물류단지북측,37.1717833,127.1323667,2025-10-31,36048.0,31240,경기도 화성시,경기BIS
GGB233000070,솔빛동탄경남아너스빌,37.1991167,127.07425,2025-10-31,36049.0,31240,경기도 화성시,경기BIS
GGB233000071,안화초교.주공8.9단지,37.2133,127.0460833,2025-10-31,36372.0,31240,경기도 화성시,경기BIS
GGB233000072,안화초교.주공8.9단지,37.2132,127.0459,2025-10-31,36373.0,31240,경기도 화성시,경기BIS
GGB233000073,송린초교앞,37.2787,126.8234333,2025-10-31,55776.0,31240,경기도 화성시,경기BIS
GGB233000074,참누리아파트.기산중학교,37.2195667,127.0516333,2025-10-31,37548.0,31240,경기도 화성시,경기BIS
GGB233000075,행림마을.삼성래미안,37.2229,127.0501,2025-10-31,36794.0,31240,경기도 화성시,경기BIS
GGB233000076,참누리아파트.기산중학교,37.2196667,127.0519333,2025-10-31,36793.0,31240,경기도 화성시,경기BIS
GGB233000077,홈플러스병점점(좌회전전용),37.2042333,127.0375167,2025-10-31,36062.0,31240,경기도 화성시,경기BIS
GGB233000078,주공1.2단지,37.2079667,127.0409167,2025-10-31,36360.0,31240,경기도 화성시,경기BIS
GGB233000079,주공1.2단지,37.2081,127.0410667,2025-10-31,36356.0,31240,경기도 화성시,경기BIS
GGB233000080,우남퍼스트빌,37.2076167,127.0429333,2025-10-31,36366.0,31240,경기도 화성시,경기BIS
GGB233000081,덕우리,37.1644333,126.92095,2025-10-31,55729.0,31240,경기도 화성시,경기BIS
GGB233000082,정든공원,37.2097,127.0485833,2025-10-31,37591.0,31240,경기도 화성시,경기BIS
GGB233000083,반월리,37.2334833,127.06515,2025-10-31,36065.0,31240,경기도 화성시,경기BIS
GGB233000084,세정초남측,37.1667,127.1241167,2025-10-31,55730.0,31240,경기도 화성시,경기BIS
GGB233000085,호수공원행복주택,37.1678333,127.1185833,2025-10-31,55732.0,31240,경기도 화성시,경기BIS
GGB233000086,신창2차아파트,37.2096833,127.0475833,2025-10-31,36376.0,31240,경기도 화성시,경기BIS
GGB233000087,에듀포레,37.2081667,127.0445,2025-10-31,36369.0,31240,경기도 화성시,경기BIS
GGB233000088,장지지하차도,37.1574833,127.10425,2025-10-31,36116.0,31240,경기도 화성시,경기BIS
GGB233000089,장지지하차도,37.1574833,127.1051167,2025-10-31,36117.0,31240,경기도 화성시,경기BIS
GGB233000090,행복주택35단지,37.167,127.1211167,2025-10-31,55731.0,31240,경기도 화성시,경기BIS
GGB233000091,동탄그랑파사쥬,37.1658333,127.1047,2025-10-31,55733.0,31240,경기도 화성시,경기BIS
GGB233000092,계룡리슈빌,37.1655,127.1046333,2025-10-31,55734.0,31240,경기도 화성시,경기BIS
GGB233000093,일진전기앞,37.1910667,127.0053667,2025-10-31,36141.0,31240,경기도 화성시,경기BIS
GGB233000094,일진전기앞,37.1920167,127.0054333,2025-10-31,36142.0,31240,경기도 화성시,경기BIS
GGB233000095,천천IC교차로,37.2427,126.9494,2025-10-31,37384.0,31240,경기도 화성시,경기BIS
GGB233000096,천천IC교차로,37.2425,126.94955,2025-10-31,37385.0,31240,경기도 화성시,경기BIS
GGB233000097,한일타운아파트,37.2002333,127.03755,2025-10-31,36348.0,31240,경기도 화성시,경기BIS
GGB233000098,한일타운아파트,37.2003,127.0377333,2025-10-31,36349.0,31240,경기도 화성시,경기BIS
GGB233000099,우남퍼스트빌3차아파트,37.1980333,127.0413167,2025-10-31,36359.0,31240,경기도 화성시,경기BIS
GGB233000100,홈플러스.벌말초교,37.2032833,127.03815,2025-10-31,36351.0,31240,경기도 화성시,경기BIS
GGB233000101,센트럴허브시티.송화초교,37.2037833,127.0382167,2025-10-31,36350.0,31240,경기도 화성시,경기BIS
GGB233000102,반월1통.반월삼거리,37.2291833,127.0650667,2025-10-31,37592.0,31240,경기도 화성시,경기BIS
GGB233000103,삼성반도체,37.2250833,127.064,2025-10-31,36397.0,31240,경기도 화성시,경기BIS
GGB233000104,성지산업,37.2212667,127.0596667,2025-10-31,36392.0,31240,경기도 화성시,경기BIS
GGB233000105,SK뷰2차아파트,37.2162833,127.0551,2025-10-31,36388.0,31240,경기도 화성시,경기BIS
GGB233000106,신미주아파트.주공6단지,37.2144167,127.05175,2025-10-31,36386.0,31240,경기도 화성시,경기BIS
GGB233000107,주공7.8단지,37.2143833,127.04955,2025-10-31,36383.0,31240,경기도 화성시,경기BIS
GGB233000108,주공8단지,37.21515,127.0487833,2025-10-31,36380.0,31240,경기도 화성시,경기BIS
GGB233000109,신미주아파트앞,37.2146333,127.0517833,2025-10-31,36710.0,31240,경기도 화성시,경기BIS
GGB233000110,호수공원행복주택,37.1676167,127.1190333,2025-10-31,55747.0,31240,경기도 화성시,경기BIS
GGB233000111,비봉체육공원,37.2665667,126.8413833,2025-10-31,55461.0,31240,경기도 화성시,경기BIS
GGB233000112,삼성전자,37.2237333,127.0625833,2025-10-31,36395.0,31240,경기도 화성시,경기BIS
GGB233000113,반월1통.반월삼거리,37.22945,127.0649667,2025-10-31,36403.0,31240,경기도 화성시,경기BIS
GGB233000114,행복주택35단지,37.1668,127.1211833,2025-10-31,55748.0,31240,경기도 화성시,경기BIS
GGB233000115,신동탄롯데캐슬,37.2303833,127.0681,2025-10-31,36405.0,31240,경기도 화성시,경기BIS
GGB233000116,반월리큰고개,37.2329333,127.0648,2025-10-31,36399.0,31240,경기도 화성시,경기BIS
GGB233000117,신영통현대타운.두산위브,37.23535,127.0621,2025-10-31,36512.0,31240,경기도 화성시,경기BIS
GGB233000118,신영통현대타운.두산위브,37.2354833,127.0625,2025-10-31,36393.0,31240,경기도 화성시,경기BIS
GGB233000119,세정초남측,37.1664167,127.1245167,2025-10-31,55749.0,31240,경기도 화성시,경기BIS
GGB233000120,센트럴힐즈.금강1차,37.1814333,127.1096167,2025-10-31,36409.0,31240,경기도 화성시,경기BIS
GGB233000121,상록.테크노밸리.GS자이,37.2082833,127.0990667,2025-10-31,36463.0,31240,경기도 화성시,경기BIS
GGB233000122,센트럴상록.대방디엠시티,37.2091667,127.1000333,2025-10-31,36792.0,31240,경기도 화성시,경기BIS
GGB233000123,세정초.하우스디,37.16785,127.1244333,2025-10-31,55751.0,31240,경기도 화성시,경기BIS
GGB233000124,금강1차.센트럴힐즈,37.1814333,127.1089833,2025-10-31,55400.0,31240,경기도 화성시,경기BIS
GGB233000125,호반베르디움3차,37.1795667,127.11455,2025-10-31,55401.0,31240,경기도 화성시,경기BIS
GGB233000126,호반베르디움3차,37.1794,127.1141,2025-10-31,55402.0,31240,경기도 화성시,경기BIS
GGB233000127,자이.우남퍼스트빌,37.2048333,127.0998667,2025-10-31,36446.0,31240,경기도 화성시,경기BIS
GGB233000128,바이오밸리,37.1722667,126.7693667,2025-10-31,37203.0,31240,경기도 화성시,경기BIS
GGB233000129,신안2차.반도4차,37.1999833,127.11605,2025-10-31,36460.0,31240,경기도 화성시,경기BIS
GGB233000130,예미지시그너스.우남퍼스트빌,37.2031333,127.0985667,2025-10-31,36447.0,31240,경기도 화성시,경기BIS
GGB233000131,계룡.영천초,37.2039333,127.1048833,2025-10-31,36812.0,31240,경기도 화성시,경기BIS
GGB233000132,천산아파트,37.2354333,126.8648167,2025-10-31,37297.0,31240,경기도 화성시,경기BIS
GGB233000133,요골,37.10345,126.9631833,2025-10-31,36429.0,31240,경기도 화성시,경기BIS
GGB233000134,호반베르디움.롯데캐슬,37.1971833,127.1112333,2025-10-31,36511.0,31240,경기도 화성시,경기BIS
GGB233000135,한백초중교,37.20705,127.1146667,2025-10-31,36513.0,31240,경기도 화성시,경기BIS
GGB233000136,육일리마을회관,37.2072833,126.7249833,2025-10-31,36440.0,31240,경기도 화성시,경기BIS
GGB233000137,롯데캐슬.포스코더샵,37.1997333,127.0985,2025-10-31,36436.0,31240,경기도 화성시,경기BIS
GGB233000138,남양뉴타운1단지,37.20875,126.8328,2025-10-31,36431.0,31240,경기도 화성시,경기BIS
GGB233000139,한화.호반.대원,37.1971,127.1049833,2025-10-31,36445.0,31240,경기도 화성시,경기BIS
GGB233000140,봉담성당앞,37.2108667,126.95605,2025-10-31,36011.0,31240,경기도 화성시,경기BIS
GGB233000141,영천1동,37.2152333,127.0942333,2025-10-31,36454.0,31240,경기도 화성시,경기BIS
GGB233000142,동탄자동차검사소,37.2175833,127.0946,2025-10-31,36457.0,31240,경기도 화성시,경기BIS
GGB233000143,동탄자동차검사소,37.2175167,127.0948167,2025-10-31,36456.0,31240,경기도 화성시,경기BIS
GGB233000144,영천1동,37.2151833,127.0945167,2025-10-31,36455.0,31240,경기도 화성시,경기BIS
GGB233000145,봉담성당앞,37.2109833,126.9562167,2025-10-31,36449.0,31240,경기도 화성시,경기BIS
GGB233000146,반월자이더파크,37.2280333,127.0464667,2025-10-31,36439.0,31240,경기도 화성시,경기BIS
GGB233000147,에일린의뜰아파트,37.1901333,127.0862333,2025-10-31,36432.0,31240,경기도 화성시,경기BIS
GGB233000148,롤링힐스,37.19185,126.8395667,2025-10-31,36441.0,31240,경기도 화성시,경기BIS
GGB233000149,한백초중교,37.2072333,127.1147667,2025-10-31,36514.0,31240,경기도 화성시,경기BIS
GGB233000150,반도유보라.센트럴푸르지오,37.1987667,127.1152167,2025-10-31,36515.0,31240,경기도 화성시,경기BIS
GGB233000151,금강포란재아파트정문,37.18695,126.855,2025-10-31,36430.0,31240,경기도 화성시,경기BIS
GGB233000152,금곡동,37.1683833,127.07835,2025-10-31,37597.0,31240,경기도 화성시,경기BIS
GGB233000153,금곡1리,37.1714333,127.0789667,2025-10-31,36420.0,31240,경기도 화성시,경기BIS
GGB233000154,한증막,37.1748833,127.0800167,2025-10-31,36424.0,31240,경기도 화성시,경기BIS
GGB233000155,금곡2리,37.1835833,127.0781333,2025-10-31,36410.0,31240,경기도 화성시,경기BIS
GGB233000156,대영가든,37.1779667,127.0797833,2025-10-31,36421.0,31240,경기도 화성시,경기BIS
GGB233000157,천산아파트,37.23535,126.8647667,2025-10-31,37367.0,31240,경기도 화성시,경기BIS
GGB233000158,비봉우체국,37.23505,126.8695833,2025-10-31,37278.0,31240,경기도 화성시,경기BIS
GGB233000159,비봉우체국,37.2351,126.8698167,2025-10-31,37279.0,31240,경기도 화성시,경기BIS
GGB233000160,만의사.마을회관,37.2049167,127.13865,2025-10-31,36505.0,31240,경기도 화성시,경기BIS
GGB233000161,반도3차.금강1차,37.1823667,127.1026667,2025-10-31,36487.0,31240,경기도 화성시,경기BIS
GGB233000162,나래학교.더샵레이크,37.1759,127.1057,2025-10-31,36493.0,31240,경기도 화성시,경기BIS
GGB233000163,남양아이파크,37.2054167,126.8334667,2025-10-31,36506.0,31240,경기도 화성시,경기BIS
GGB233000164,반도1차.경남,37.2031667,127.1107667,2025-10-31,36811.0,31240,경기도 화성시,경기BIS
GGB233000165,남양상회,37.1623833,127.0767667,2025-10-31,36191.0,31240,경기도 화성시,경기BIS
GGB233000166,꽃가마약수터,37.1590833,127.09995,2025-10-31,36810.0,31240,경기도 화성시,경기BIS
GGB233000167,장지동,37.15575,127.1153667,2025-10-31,36809.0,31240,경기도 화성시,경기BIS
GGB233000168,장지동농협,37.15505,127.1179333,2025-10-31,36808.0,31240,경기도 화성시,경기BIS
GGB233000169,한원IC,37.15295,127.12245,2025-10-31,37403.0,31240,경기도 화성시,경기BIS
GGB233000170,반도10차,37.1663333,127.1273667,2025-10-31,55750.0,31240,경기도 화성시,경기BIS
GGB233000171,경기도종합사격장,37.0926,126.9570333,2025-10-31,55462.0,31240,경기도 화성시,경기BIS
GGB233000172,남양상회,37.1639333,127.0779,2025-10-31,36205.0,31240,경기도 화성시,경기BIS
GGB233000173,야목교차로,37.2651667,126.8786167,2025-10-31,37276.0,31240,경기도 화성시,경기BIS
GGB233000174,야목교차로,37.2653167,126.8787333,2025-10-31,37272.0,31240,경기도 화성시,경기BIS
GGB233000175,행복주택28단지,37.1638833,127.0934,2025-10-31,55752.0,31240,경기도 화성시,경기BIS
GGB233000176,행복주택28단지,37.1639667,127.0936333,2025-10-31,55753.0,31240,경기도 화성시,경기BIS
GGB233000177,매향2리입구,37.0521167,126.7725833,2025-10-31,36580.0,31240,경기도 화성시,경기BIS
GGB233000178,매향2리입구,37.0519333,126.7727667,2025-10-31,36581.0,31240,경기도 화성시,경기BIS
GGB233000179,매송면행정복지센터,37.2526833,126.90985,2025-10-31,37263.0,31240,경기도 화성시,경기BIS
GGB233000180,매송면행정복지센터,37.2525333,126.9100833,2025-10-31,37264.0,31240,경기도 화성시,경기BIS
GGB233000182,동원4차.현대트랜시스,37.2167,127.10605,2025-10-31,55754.0,31240,경기도 화성시,경기BIS
GGB233000183,현대트랜시스.동원4차,37.2168667,127.1055333,2025-10-31,55755.0,31240,경기도 화성시,경기BIS
GGB233000184,힐스테이트동탄,37.1829,127.1204833,2025-10-31,55704.0,31240,경기도 화성시,경기BIS
GGB233000185,영내사거리,37.2159333,127.0927667,2025-10-31,55486.0,31240,경기도 화성시,경기BIS
GGB233000186,영내사거리,37.2161167,127.0936667,2025-10-31,55487.0,31240,경기도 화성시,경기BIS
GGB233000187,기산베스트빌,37.19545,126.8226833,2025-10-31,36805.0,31240,경기도 화성시,경기BIS
GGB233000188,남양뉴타운.양우내안애,37.2022833,126.8243667,2025-10-31,36804.0,31240,경기도 화성시,경기BIS
GGB233000189,화성시청.모두누림센터,37.1983667,126.82845,2025-10-31,36028.0,31240,경기도 화성시,경기BIS
GGB233000190,공군부대입구,37.19625,126.8312667,2025-10-31,36036.0,31240,경기도 화성시,경기BIS
GGB233000191,대광아파트,37.19425,126.8340667,2025-10-31,36037.0,31240,경기도 화성시,경기BIS
GGB233000192,금광포란재아파트,37.1833667,126.85505,2025-10-31,36050.0,31240,경기도 화성시,경기BIS
GGB233000193,하저3리.한미약품,37.1810167,126.8658167,2025-10-31,37165.0,31240,경기도 화성시,경기BIS
GGB233000194,하저4리.안산동,37.17535,126.8714,2025-10-31,37173.0,31240,경기도 화성시,경기BIS
GGB233000195,율암2리.쇄네,37.1739667,126.8725667,2025-10-31,37181.0,31240,경기도 화성시,경기BIS
GGB277100614,남양로진입(미정차),37.1708,126.8125833,2025-10-31,0.0,31240,경기도 화성시,경기BIS
GGB277100615,동탄2차고지(미정차),37.1556333,127.1032167,2025-10-31,0.0,31240,경기도 화성시,경기BIS
GGB277102653,용건릉(미정차),37.2071833,126.9881333,2025-10-31,0.0,31240,경기도 화성시,경기BIS
GGB277102693,병점육교(미정차),37.2088833,127.0301333,2025-10-31,0.0,31240,경기도 화성시,경기BIS
GGB277102694,왕림교차로(미정차),37.19295,126.9390167,2025-10-31,0.0,31240,경기도 화성시,경기BIS
GGB277104331,차고지대기(미정차),37.2028833,126.8389,2025-10-31,0.0,31240,경기도 화성시,경기BIS
GGB277104332,고매1교(미정차),37.2193833,127.1183833,2025-10-31,0.0,31240,경기도 화성시,경기BIS
GGB277104335,수화교차로(미정차),37.2527,126.814,2025-10-31,0.0,31240,경기도 화성시,경기BIS
GGB277104336,수화교차로(미정차),37.2526833,126.8135833,2025-10-31,0.0,31240,경기도 화성시,경기BIS
GGB277104337,문호교차로(미정차),37.2672667,126.8100333,2025-10-31,0.0,31240,경기도 화성시,경기BIS
GGB277104338,문호교차로(미정차),37.26705,126.8095833,2025-10-31,0.0,31240,경기도 화성시,경기BIS
GGB277104346,반월삼거리(미정차),37.2268167,127.072,2025-10-31,0.0,31240,경기도 화성시,경기BIS
GGB277104372,기점진입전(미정차),37.1578333,127.1032667,2025-10-31,0.0,31240,경기도 화성시,경기BIS
GGB277104373,중리IC(미정차),37.2087167,127.12695,2025-10-31,0.0,31240,경기도 화성시,경기BIS
GGB277102825,송산마도TG(미정차),37.2093,126.7550333,2025-10-31,0.0,31240,경기도 화성시,경기BIS
GGB277102826,송산마도TG(미정차),37.2095167,126.7548833,2025-10-31,0.0,31240,경기도 화성시,경기BIS
GGB277102846,봉담IC(미정차),37.2292667,126.9563667,2025-10-31,0.0,31240,경기도 화성시,경기BIS
GGB277102847,봉담IC(미정차),37.2286833,126.9570833,2025-10-31,0.0,31240,경기도 화성시,경기BIS
GGB277104709,고매1교(미정차),37.2193833,127.1179333,2025-10-31,0.0,31240,경기도 화성시,경기BIS
GGB277104710,중리IC(미정차),37.2085833,127.1248667,2025-10-31,0.0,31240,경기도 화성시,경기BIS
GGB277102853,향남IC(미정차),37.12985,127.0003667,2025-10-31,0.0,31240,경기도 화성시,경기BIS
GGB277102854,향남IC(미정차),37.1293333,127.0005833,2025-10-31,0.0,31240,경기도 화성시,경기BIS
GGB277104772,신리IC(미정차),37.17075,127.1238667,2025-10-31,0.0,31240,경기도 화성시,경기BIS
GGB277104773,신리IC(미정차),37.1703167,127.1232667,2025-10-31,0.0,31240,경기도 화성시,경기BIS
GGB277104803,장지IC(미정차),37.1538333,127.1210833,2025-10-31,0.0,31240,경기도 화성시,경기BIS
GGB277104804,장지IC(미정차),37.1534667,127.1211667,2025-10-31,0.0,31240,경기도 화성시,경기BIS
GGB277104805,장지IC(미정차),37.1534333,127.1213333,2025-10-31,0.0,31240,경기도 화성시,경기BIS
GGB277104808,치동천5교교차로(미정차),37.2034167,127.11355,2025-10-31,0.0,31240,경기도 화성시,경기BIS
GGB277104809,청계교차로(미정차),37.1906667,127.12275,2025-10-31,0.0,31240,경기도 화성시,경기BIS
GGB277104810,치동천2교교차로(미정차),37.2049333,127.0990833,2025-10-31,0.0,31240,경기도 화성시,경기BIS
GGB277104811,현대트랜시스진입전(미정차),37.2137333,127.1007667,2025-10-31,0.0,31240,경기도 화성시,경기BIS
GGB277104812,현천교차로(미정차),37.2569333,126.8921333,2025-10-31,0.0,31240,경기도 화성시,경기BIS
GGB277104813,어천육교(미정차),37.2485167,126.9057833,2025-10-31,0.0,31240,경기도 화성시,경기BIS
GGB277104814,원평교차로(미정차),37.2438167,126.9233833,2025-10-31,0.0,31240,경기도 화성시,경기BIS
GGB277104815,원평교차로(미정차),37.2439167,126.9240333,2025-10-31,0.0,31240,경기도 화성시,경기BIS
GGB277104818,함백교차로(미정차),37.2737333,126.90795,2025-10-31,0.0,31240,경기도 화성시,경기BIS
GGB277101611,제암교차로(미정차),37.11885,126.9024167,2025-10-31,0.0,31240,경기도 화성시,경기BIS
GGB277101618,고온리종점(미정차),37.0384667,126.7499833,2025-10-31,0.0,31240,경기도 화성시,경기BIS
GGB277101619,호곡리(미정차),37.1183833,126.7739667,2025-10-31,0.0,31240,경기도 화성시,경기BIS
GGB277101636,기흥동탄IC(미정차),37.2166167,127.0969833,2025-10-31,0.0,31240,경기도 화성시,경기BIS
GGB277101677,원안1리(미정차),37.1047833,126.77745,2025-10-31,0.0,31240,경기도 화성시,경기BIS
GGB277101678,점촌교차로(미정차),37.1418,126.91685,2025-10-31,0.0,31240,경기도 화성시,경기BIS
GGB277101693,가재교차로(미정차),37.1491167,126.922,2025-10-31,0.0,31240,경기도 화성시,경기BIS
GGB277101700,숙곡교차로(미정차),37.2546667,126.8987333,2025-10-31,0.0,31240,경기도 화성시,경기BIS
GGB277101708,왕림교차로(미정차),37.1929,126.9393333,2025-10-31,0.0,31240,경기도 화성시,경기BIS
GGB277101732,가재교차로(미정차),37.149,126.9223,2025-10-31,0.0,31240,경기도 화성시,경기BIS
GGB277101750,팔탄입구삼거리(미정차),37.1635833,126.9315833,2025-10-31,0.0,31240,경기도 화성시,경기BIS
GGB277101757,뒷말(미정차),37.07975,126.7724167,2025-10-31,0.0,31240,경기도 화성시,경기BIS
GGB277101775,팔탄입구삼거리(미정차),37.1636,126.9317833,2025-10-31,0.0,31240,경기도 화성시,경기BIS
GGB277101785,서동탄역사거리(미정차),37.1989,127.05285,2025-10-31,0.0,31240,경기도 화성시,경기BIS
GGB277101809,장전도착(미정차),37.2650333,126.8356667,2025-10-31,0.0,31240,경기도 화성시,경기BIS
GGB277101822,서동탄역출발(미정차),37.1974167,127.0515,2025-10-31,0.0,31240,경기도 화성시,경기BIS
GGB277103444,동탄JC(미정차),37.1778833,127.0957833,2025-10-31,0.0,31240,경기도 화성시,경기BIS
GGB277103445,동탄JC(미정차),37.1774333,127.0962,2025-10-31,0.0,31240,경기도 화성시,경기BIS
GGB277101836,병점정형외과(미정차),37.20605,127.0366167,2025-10-31,0.0,31240,경기도 화성시,경기BIS
GGB277101841,매송지하차도(미정차),37.2806333,126.8849667,2025-10-31,0.0,31240,경기도 화성시,경기BIS
GGB277101878,숙곡교차로(미정차),37.2545833,126.8989167,2025-10-31,0.0,31240,경기도 화성시,경기BIS
GGB277101884,기흥동탄TG(미정차),37.2169833,127.0917,2025-10-31,0.0,31240,경기도 화성시,경기BIS
GGB277101890,쌍학리(미정차),37.2385333,126.9001,2025-10-31,0.0,31240,경기도 화성시,경기BIS
GGB277101908,기흥동탄TG(미정차),37.21655,127.0915667,2025-10-31,0.0,31240,경기도 화성시,경기BIS
GGB277101927,봉담IC교차로(미정차),37.22935,126.9572333,2025-10-31,0.0,31240,경기도 화성시,경기BIS
GGB277101941,장전출발(미정차),37.2648833,126.8357,2025-10-31,0.0,31240,경기도 화성시,경기BIS
GGB277103517,천천IC(미정차),37.24605,126.9501167,2025-10-31,0.0,31240,경기도 화성시,경기BIS
GGB277103518,천천IC(미정차),37.2459833,126.9505833,2025-10-31,0.0,31240,경기도 화성시,경기BIS
GGB277103582,팔곡JC(미정차),37.3095,126.8938333,2025-10-31,0.0,31240,경기도 화성시,경기BIS
GGB277103583,팔곡JC(미정차),37.30975,126.8941667,2025-10-31,0.0,31240,경기도 화성시,경기BIS
GGB277103584,비봉IC(미정차),37.2438,126.8821333,2025-10-31,0.0,31240,경기도 화성시,경기BIS
GGB277103585,비봉IC(미정차),37.24345,126.8824167,2025-10-31,0.0,31240,경기도 화성시,경기BIS
GGB277103586,발안IC(미정차),37.12375,126.8820167,2025-10-31,0.0,31240,경기도 화성시,경기BIS
GGB277103587,발안IC(미정차),37.1234833,126.8824333,2025-10-31,0.0,31240,경기도 화성시,경기BIS
GGB277103588,발안TG(미정차),37.1213667,126.8871667,2025-10-31,0.0,31240,경기도 화성시,경기BIS
GGB277103589,발안TG(미정차),37.1216667,126.8877667,2025-10-31,0.0,31240,경기도 화성시,경기BIS
GGB277101969,덕다리(미정차),37.04975,126.8332833,2025-10-31,0.0,31240,경기도 화성시,경기BIS
GGB277101972,양감IC(미정차),37.0981333,126.9947167,2025-10-31,0.0,31240,경기도 화성시,경기BIS
GGB277101997,궁평1교차로(미정차),37.1183333,126.6892167,2025-10-31,0.0,31240,경기도 화성시,경기BIS
GGB277102009,봉담IC진입(미정차),37.2272,126.957,2025-10-31,0.0,31240,경기도 화성시,경기BIS
GGB277102010,장짐삼거리(미정차),37.1394,126.9015667,2025-10-31,0.0,31240,경기도 화성시,경기BIS
GGB277102014,화성벌말초(미정차),37.2015333,127.0378333,2025-10-31,0.0,31240,경기도 화성시,경기BIS
GGB277102040,점촌교차로(미정차),37.1415833,126.9170167,2025-10-31,0.0,31240,경기도 화성시,경기BIS
GGB277103611,양노교차로(미정차),37.2235333,126.8757,2025-10-31,0.0,31240,경기도 화성시,경기BIS
GGB277103612,양노교차로(미정차),37.2230833,126.8757167,2025-10-31,0.0,31240,경기도 화성시,경기BIS
GGB277103617,정남IC(미정차),37.1850333,126.9705,2025-10-31,0.0,31240,경기도 화성시,경기BIS
GGB277103618,정남IC(미정차),37.1848667,126.9710333,2025-10-31,0.0,31240,경기도 화성시,경기BIS
GGB277102091,장덕동(미정차),37.1676667,126.8182,2025-10-31,0.0,31240,경기도 화성시,경기BIS
GGB277102247,기흥동탄IC(미정차),37.21625,127.0972833,2025-10-31,0.0,31240,경기도 화성시,경기BIS
GGB277103853,송산마도IC(미정차),37.2099,126.7596333,2025-10-31,0.0,31240,경기도 화성시,경기BIS
GGB277103854,송산마도IC(미정차),37.2093833,126.7599667,2025-10-31,0.0,31240,경기도 화성시,경기BIS
GGB277103887,조암IC(미정차),37.1186333,126.8182667,2025-10-31,0.0,31240,경기도 화성시,경기BIS
GGB277103888,조암IC(미정차),37.1184167,126.8188667,2025-10-31,0.0,31240,경기도 화성시,경기BIS
GGB277102349,궁평리(미정차),37.1090167,126.68825,2025-10-31,0.0,31240,경기도 화성시,경기BIS
GGB277102350,궁평리(미정차),37.0990333,126.70105,2025-10-31,0.0,31240,경기도 화성시,경기BIS
GGB277102351,매향리(미정차),37.0861,126.7175167,2025-10-31,0.0,31240,경기도 화성시,경기BIS
GGB277102383,덕리(미정차),37.16995,126.9358333,2025-10-31,0.0,31240,경기도 화성시,경기BIS
GGB277103991,호수공원아이파크(미정차),37.1655333,127.1069,2025-10-31,0.0,31240,경기도 화성시,경기BIS
GGB277103992,호수공원미래체험관(미정차),37.1683167,127.1069167,2025-10-31,0.0,31240,경기도 화성시,경기BIS
GGB277103993,A74블럭(미정차),37.1659,127.115,2025-10-31,0.0,31240,경기도 화성시,경기BIS
GGB277104031,향남TG(미정차),37.1264833,126.99555,2025-10-31,0.0,31240,경기도 화성시,경기BIS
GGB277104032,향남TG(미정차),37.12645,126.996,2025-10-31,0.0,31240,경기도 화성시,경기BIS
GGB277104151,양감교차로(미정차),37.0764667,126.9204167,2025-10-31,0.0,31240,경기도 화성시,경기BIS
GGB277104152,향남교차로(미정차),37.1116167,126.92655,2025-10-31,0.0,31240,경기도 화성시,경기BIS
GGB277104153,가재교차로(미정차),37.1488333,126.9225667,2025-10-31,0.0,31240,경기도 화성시,경기BIS
GGB277104154,가재교차로(미정차),37.1489333,126.9218167,2025-10-31,0.0,31240,경기도 화성시,경기BIS
GGB277104155,향남교차로(미정차),37.1117167,126.9262333,2025-10-31,0.0,31240,경기도 화성시,경기BIS
GGB277104156,양감교차로(미정차),37.0765667,126.9200167,2025-10-31,0.0,31240,경기도 화성시,경기BIS
GGB277102393,발안리(미정차),37.1313167,126.9063333,2025-10-31,0.0,31240,경기도 화성시,경기BIS
GGB277102431,가람아파트(미정차),37.13665,126.9085833,2025-10-31,0.0,31240,경기도 화성시,경기BIS
GGB277102459,현대기아연구소(미정차),37.1639667,126.8446833,2025-10-31,0.0,31240,경기도 화성시,경기BIS
GGB277102501,봉담IC교차로(미정차),37.2296333,126.9568833,2025-10-31,0.0,31240,경기도 화성시,경기BIS
GGB277104289,도이교차로(미정차),37.1347833,126.9304667,2025-10-31,0.0,31240,경기도 화성시,경기BIS
GGB277104291,도이교차로(미정차),37.1351333,126.93115,2025-10-31,0.0,31240,경기도 화성시,경기BIS
GGB277104304,수기교차로(미정차),37.1985667,126.9709167,2025-10-31,0.0,31240,경기도 화성시,경기BIS
GGB277104305,차고지도착(미정차),37.2030667,126.8388833,2025-10-31,0.0,31240,경기도 화성시,경기BIS
GGB277104306,양노IC(미정차),37.2326167,126.8612,2025-10-31,0.0,31240,경기도 화성시,경기BIS
GGB277104307,양노IC(미정차),37.2337167,126.8614667,2025-10-31,0.0,31240,경기도 화성시,경기BIS
GGB277104308,백학IC(미정차),37.2314833,126.87945,2025-10-31,0.0,31240,경기도 화성시,경기BIS
GGB277104309,백학IC(미정차),37.2317667,126.8800833,2025-10-31,0.0,31240,경기도 화성시,경기BIS
GGB277104310,화성비봉(미정차),37.2325833,126.9044333,2025-10-31,0.0,31240,경기도 화성시,경기BIS
GGB277104311,화성비봉(미정차),37.2328667,126.9042167,2025-10-31,0.0,31240,경기도 화성시,경기BIS
GGB277104312,샘내IC(미정차),37.2432833,126.9365667,2025-10-31,0.0,31240,경기도 화성시,경기BIS
GGB277104313,샘내IC(미정차),37.2438,126.9369,2025-10-31,0.0,31240,경기도 화성시,경기BIS
GGB277102522,새강마을사거리(미정차),37.1930333,127.0724167,2025-10-31,0.0,31240,경기도 화성시,경기BIS
GGB277102544,매송TG(미정차),37.2816,126.8898167,2025-10-31,0.0,31240,경기도 화성시,경기BIS
GGB277102546,매송TG(미정차),37.2809,126.8898167,2025-10-31,0.0,31240,경기도 화성시,경기BIS
GGB277102570,왕림휴게소(미정차),37.2073,126.9437667,2025-10-31,0.0,31240,경기도 화성시,경기BIS
GGB277102590,수원대학교(미정차),37.2115667,126.9838,2025-10-31,0.0,31240,경기도 화성시,경기BIS
GGB277102612,양감IC(미정차),37.0982,126.9943667,2025-10-31,0.0,31240,경기도 화성시,경기BIS
